PersonId,FirstName,LastName,EmailId,Title,Status,FederatedId,UserGuid,User Name,Created Date,LastLogin Date,UPN,User Alias,GenericProperty_Language,GenericProperty_LanguageOrigin,GenericProperty_Locale,GenericProperty_LocaleOrigin,GenericProperty_ApplicationTimezone,GenericProperty_Timezone,GenericProperty_TimezoneOrigin,SecurityRole1,SecurityRole2,SecurityRole3,SecurityRole4,SecurityRole5,SecurityRole6,SecurityRole7,SecurityRole8,SecurityRole9,SecurityRole10,SecurityRole11,SecurityRole12,SecurityRole13,SecurityRole14,SecurityRole15,SecurityRole16,SecurityRole17,SecurityRole18,SecurityRole19,SecurityRole20,SecurityRole21,SecurityRole22,SecurityRole23,SecurityRole24,SecurityRole25,SecurityRole26,SecurityRole27,SecurityRole28,SecurityRole29,SecurityRole30,SecurityRole31,SecurityRole32,SecurityRole33,SecurityRole34,SecurityRole35,SecurityRole36,SecurityRole37,SecurityRole38,SecurityRole39,SecurityRole40,SecurityRole41,SecurityRole42,SecurityRole43,SecurityRole44,SecurityRole45,SecurityRole46,SecurityRole47,SecurityRole48,SecurityRole49,SecurityRole50,SecurityRole51,SecurityRole52,SecurityRole53,SecurityRole54,SecurityRole55,SecurityRole56,SecurityRole57,SecurityRole58,SecurityRole59,SecurityRole60,SecurityRole61,SecurityRole62,SecurityRole63,SecurityRole64,SecurityRole65,SecurityRole66,SecurityRole67,SecurityRole68,SecurityRole69,SecurityRole70,SecurityRole71,SecurityRole72,SecurityRole73,SecurityRole74,SecurityRole75,SecurityRole76,SecurityRole77,SecurityRole78,SecurityRole79,SecurityRole80,SecurityRole81,SecurityRole82,SecurityRole83,SecurityRole84,SecurityRole85,SecurityRole86,SecurityRole87,SecurityRole88,SecurityRole89,SecurityRole90,SecurityRole91,SecurityRole92,SecurityRole93,SecurityRole94,SecurityRole95,SecurityRole96,SecurityRole97,SecurityRole98,SecurityRole99,SecurityRole100,SecurityRole101,SecurityRole102,SecurityRole103,SecurityRole104,SecurityRole105,SecurityRole106,SecurityRole107,SecurityRole108,SecurityRole109,SecurityRole110,SecurityRole111,SecurityRole112,SecurityRole113,SecurityRole114,SecurityRole115,SecurityRole116,SecurityRole117,SecurityRole118,SecurityRole119,SecurityRole120,SecurityRole121,SecurityRole122,SecurityRole123,SecurityRole124,SecurityRole125,SecurityRole126,SecurityRole127,SecurityRole128,SecurityRole129,SecurityRole130,SecurityRole131,SecurityRole132,SecurityRole133,SecurityRole134,SecurityRole135,SecurityRole136,SecurityRole137,SecurityRole138,SecurityRole139,SecurityRole140,SecurityRole141,SecurityRole142,SecurityRole143,SecurityRole144,SecurityRole145,SecurityRole146,SecurityRole147,SecurityRole148,SecurityRole149,SecurityRole150,SecurityRole151,SecurityRole152,SecurityRole153,SecurityRole154,SecurityRole155,SecurityRole156,SecurityRole157,SecurityRole158,SecurityRole159,SecurityRole160,SecurityRole161,SecurityRole162,SecurityRole163,SecurityRole164,SecurityRole165,SecurityRole166,SecurityRole167,SecurityRole168,SecurityRole169,SecurityRole170,SecurityRole171,SecurityRole172,SecurityRole173,SecurityRole174,SecurityRole175,SecurityRole176,SecurityRole177,SecurityRole178,SecurityRole179,SecurityRole180,SecurityRole181,SecurityRole182,SecurityRole183,SecurityRole184,SecurityRole185,SecurityRole186,SecurityRole187,SecurityRole188,SecurityRole189,SecurityRole190,SecurityRole191,SecurityRole192,SecurityRole193,SecurityRole194,SecurityRole195,SecurityRole196,SecurityRole197,SecurityRole198,SecurityRole199,SecurityRole200,SecurityRole201,SecurityRole202,SecurityRole203,SecurityRole204,SecurityRole205,SecurityRole206,SecurityRole207,SecurityRole208,SecurityRole209,SecurityRole210,SecurityRole211,SecurityRole212,SecurityRole213,SecurityRole214,SecurityRole215,SecurityRole216,SecurityRole217,SecurityRole218,SecurityRole219,SecurityRole220,SecurityRole221,SecurityRole222,SecurityRole223,SecurityRole224,SecurityRole225,SecurityRole226,SecurityRole227,SecurityRole228,SecurityRole229,SecurityRole230,SecurityRole231,SecurityRole232,SecurityRole233,SecurityRole234,SecurityRole235,SecurityRole236,SecurityRole237,SecurityRole238,SecurityRole239,SecurityRole240,SecurityRole241,SecurityRole242,SecurityRole243,SecurityRole244,SecurityRole245,SecurityRole246,SecurityRole247,SecurityRole248,SecurityRole249,SecurityRole250,SecurityRole251,SecurityRole252,SecurityRole253,SecurityRole254,SecurityRole255,SecurityRole256,SecurityRole257,SecurityRole258,SecurityRole259,SecurityRole260,SecurityRole261,SecurityRole262,SecurityRole263,SecurityRole264,SecurityRole265,SecurityRole266,SecurityRole267,SecurityRole268,SecurityRole269,SecurityRole270,SecurityRole271,SecurityRole272,SecurityRole273,SecurityRole274,SecurityRole275,SecurityRole276,SecurityRole277,SecurityRole278,SecurityRole279,SecurityRole280,SecurityRole281,SecurityRole282,SecurityRole283,SecurityRole284,SecurityRole285,SecurityRole286,SecurityRole287,SecurityRole288,SecurityRole289,SecurityRole290,SecurityRole291,SecurityRole292,SecurityRole293,SecurityRole294,SecurityRole295,SecurityRole296,SecurityRole297,SecurityRole298,SecurityRole299,SecurityRole300,SecurityRole301,SecurityRole302,SecurityRole303,SecurityRole304,SecurityRole305,SecurityRole306,SecurityRole307,SecurityRole308,SecurityRole309,SecurityRole310,SecurityRole311,SecurityRole312,SecurityRole313,SecurityRole314,SecurityRole315,SecurityRole316,SecurityRole317,SecurityRole318,SecurityRole319,SecurityRole320,SecurityRole321,SecurityRole322,SecurityRole323,SecurityRole324,SecurityRole325,SecurityRole326,SecurityRole327,SecurityRole328,SecurityRole329,SecurityRole330,SecurityRole331,SecurityRole332,SecurityRole333,SecurityRole334,SecurityRole335,SecurityRole336,SecurityRole337,SecurityRole338,SecurityRole339,SecurityRole340,SecurityRole341,SecurityRole342,SecurityRole343,SecurityRole344,SecurityRole345,SecurityRole346,SecurityRole347,SecurityRole348,SecurityRole349,SecurityRole350,SecurityRole351,SecurityRole352,SecurityRole353,SecurityRole354,SecurityRole355,SecurityRole356,SecurityRole357,SecurityRole358,SecurityRole359,SecurityRole360,SecurityRole361,SecurityRole362,SecurityRole363,SecurityRole364,SecurityRole365,SecurityRole366,SecurityRole367,SecurityRole368,SecurityRole369,SecurityRole370,SecurityRole371,SecurityRole372,SecurityRole373,SecurityRole374,SecurityRole375,SecurityRole376,SecurityRole377,SecurityRole378,SecurityRole379,SecurityRole380,SecurityRole381,SecurityRole382,SecurityRole383,SecurityRole384,SecurityRole385,SecurityRole386,SecurityRole387,SecurityRole388,SecurityRole389,SecurityRole390,SecurityRole391,SecurityRole392,SecurityRole393,SecurityRole394,SecurityRole395,SecurityRole396,SecurityRole397,SecurityRole398,SecurityRole399,SecurityRole400,SecurityRole401,SecurityRole402,SecurityRole403,SecurityRole404,SecurityRole405,SecurityRole406,SecurityRole407,SecurityRole408,SecurityRole409,SecurityRole410,SecurityRole411,SecurityRole412,SecurityRole413,SecurityRole414,SecurityRole415,SecurityRole416,SecurityRole417,SecurityRole418,SecurityRole419,SecurityRole420,SecurityRole421,SecurityRole422,SecurityRole423,SecurityRole424,SecurityRole425,SecurityRole426,SecurityRole427,SecurityRole428,SecurityRole429,SecurityRole430,SecurityRole431,SecurityRole432,SecurityRole433,SecurityRole434,SecurityRole435,SecurityRole436,SecurityRole437,SecurityRole438,SecurityRole439,SecurityRole440,SecurityRole441,SecurityRole442,SecurityRole443,SecurityRole444,SecurityRole445,SecurityRole446,SecurityRole447,SecurityRole448,SecurityRole449,SecurityRole450,SecurityRole451,SecurityRole452,SecurityRole453,SecurityRole454,SecurityRole455,SecurityRole456,SecurityRole457,SecurityRole458,SecurityRole459,SecurityRole460,SecurityRole461,SecurityRole462,SecurityRole463,SecurityRole464,SecurityRole465,SecurityRole466,SecurityRole467,SecurityRole468,SecurityRole469,SecurityRole470,SecurityRole471,SecurityRole472,SecurityRole473,SecurityRole474,SecurityRole475,SecurityRole476,SecurityRole477,SecurityRole478,SecurityRole479,SecurityRole480,SecurityRole481,SecurityRole482,SecurityRole483,SecurityRole484,SecurityRole485,SecurityRole486,SecurityRole487,SecurityRole488,SecurityRole489,SecurityRole490,SecurityRole491,SecurityRole492,SecurityRole493,SecurityRole494,SecurityRole495,SecurityRole496,SecurityRole497,SecurityRole498,SecurityRole499,SecurityRole500,SecurityRole501,SecurityRole502,SecurityRole503,SecurityRole504,SecurityRole505,SecurityRole506,SecurityRole507,SecurityRole508,SecurityRole509,SecurityRole510,SecurityRole511,SecurityRole512,SecurityRole513,SecurityRole514,SecurityRole515,SecurityRole516,SecurityRole517,SecurityRole518,SecurityRole519,SecurityRole520,SecurityRole521,SecurityRole522,SecurityRole523,SecurityRole524,SecurityRole525,SecurityRole526,SecurityRole527,SecurityRole528,SecurityRole529,SecurityRole530,SecurityRole531,SecurityRole532,SecurityRole533,SecurityRole534,SecurityRole535,SecurityRole536,SecurityRole537,SecurityRole538,SecurityRole539,SecurityRole540,SecurityRole541,SecurityRole542,SecurityRole543,SecurityRole544,SecurityRole545,SecurityRole546,SecurityRole547,SecurityRole548,SecurityRole549,SecurityRole550,SecurityRole551,SecurityRole552,SecurityRole553,SecurityRole554,SecurityRole555,SecurityRole556,SecurityRole557,SecurityRole558,SecurityRole559,SecurityRole560,SecurityRole561,SecurityRole562,SecurityRole563,SecurityRole564,SecurityRole565,SecurityRole566,SecurityRole567,SecurityRole568,SecurityRole569,SecurityRole570,SecurityRole571,SecurityRole572,SecurityRole573,SecurityRole574,SecurityRole575,SecurityRole576,SecurityRole577,SecurityRole578,SecurityRole579,SecurityRole580,SecurityRole581,SecurityRole582,SecurityRole583,SecurityRole584,SecurityRole585,SecurityRole586,SecurityRole587,SecurityRole588,SecurityRole589,SecurityRole590,SecurityRole591,SecurityRole592,SecurityRole593,SecurityRole594,SecurityRole595,SecurityRole596,SecurityRole597,SecurityRole598,SecurityRole599,SecurityRole600,SecurityRole601,SecurityRole602,SecurityRole603,SecurityRole604,SecurityRole605,SecurityRole606,SecurityRole607,SecurityRole608,SecurityRole609,SecurityRole610,SecurityRole611,SecurityRole612,SecurityRole613,SecurityRole614,SecurityRole615,SecurityRole616,SecurityRole617,SecurityRole618,SecurityRole619,SecurityRole620,SecurityRole621,SecurityRole622,SecurityRole623,SecurityRole624,SecurityRole625,SecurityRole626,SecurityRole627,SecurityRole628,SecurityRole629,SecurityRole630,SecurityRole631,SecurityRole632,SecurityRole633,SecurityRole634,SecurityRole635,SecurityRole636,SecurityRole637,SecurityRole638,SecurityRole639,SecurityRole640,SecurityRole641,FunctionalSecurityRole1,FunctionalSecurityRole2,FunctionalSecurityRole3,FunctionalSecurityRole4,FunctionalSecurityRole5,FunctionalSecurityRole6,FunctionalSecurityRole7,FunctionalSecurityRole8,FunctionalSecurityRole9,FunctionalSecurityRole10,FunctionalSecurityRole11,FunctionalSecurityRole12,FunctionalSecurityRole13,FunctionalSecurityRole14,FunctionalSecurityRole15,FunctionalSecurityRole16,FunctionalSecurityRole17,FunctionalSecurityRole18,FunctionalSecurityRole19,FunctionalSecurityRole20,FunctionalSecurityRole21,FunctionalSecurityRole22,FunctionalSecurityRole23,FunctionalSecurityRole24,FunctionalSecurityRole25,FunctionalSecurityRole26,FunctionalSecurityRole27,FunctionalSecurityRole28,FunctionalSecurityRole29,FunctionalSecurityRole30,FunctionalSecurityRole31,FunctionalSecurityRole32,FunctionalSecurityRole33,FunctionalSecurityRole34,FunctionalSecurityRole35,FunctionalSecurityRole36,FunctionalSecurityRole37,FunctionalSecurityRole38,SecurityAccessProfiles, UserIdentifier, Result
CSHARMA,Chetan,Sharma,chetan@doppiogroup.com,Mr,Active,,1b45bb7f-6ec1-40bf-8673-660f795f2533,chetan@doppiogroup.com,2023-08-24T10:22:07-07:00,2026-08-17T10:20:10-07:00,chetan@doppiogroup.com,CSHARMA,,,,,,,,UserAdmin,DataAdministrator,AttributeServiceCaller,Infor-SystemAdministrator,IFS-ExternalEntityAdmin,IFS-ReadOnlyUser,IFS-AuditReportUser,IFS-AuditAdministrator,IFS-MonitorReportUser,IFS-MonitorAdministrator,IFS-PasswordAdmin,MingleEnterprise,Infor-SuiteUser,MingleIONEnabled,MingleAdministrator,MingleDataAdministrator,PORTAL-User,PORTAL-ContentAdministrator,GRID-SystemAdministrator,GRID-Viewer,GRID-Administrator,HOMEPAGES-Administrator,HOMEPAGES-ContentAdministrator,HOMEPAGES-User,HOMEPAGES-ContentSupport,IONDeskSecurityAdmin,IONDeskAdmin,IONContentProvider,IONDeskOAuthGenerator,Mingle-LocatorView,IFSAdminContact,IONAPI-Tracing,IONAPI-User,IONAPI-Administrator,DATALAKE-User,DATALAKE-DataAdministrator,DATALAKE-SystemAdministrator,DECISIONSERVICE-Editor,DECISIONSERVICE-Approver,INBOX-PowerUser,SmartHelpUser,IDM-User,IDM-AdvancedUser,IDM-Administrator,IDM-SuperUser,IDM-RelatedInformationUser,IDM-SignatureUser,GDPR-Collaboration-ChiefDataProtectionOfficer,GDPR-Collaboration-DataProtectionOfficer,GDPR-App-Administrator,DATAFABRIC-SuperAdmin,DATAFABRIC-User,ENTERPRISESEARCH-Admin,ENTERPRISESEARCH-User,ENTERPRISESEARCH-PowerUser,M3EC-Administrator,M3EC-User,M3EC-ClientDesigntime,M3-DLSubscriptionAdmin,M3BE-FATAdmin-Exporter,M3UI-StartPageAdministrator,M3UI-DebugUser,M3UI-Administrator,M3UI-USER,M3UI-Designer,M3BDP-Administrator,M3BDP-USER,MASHUP-Administrator,MASHUP-User,IECEC-Administrator,IECEC-User,M3BE-FATAdmin,M3BE-FndAdmin,M3BE-FndUser,M3BE-ServicesAdmin,M3BE-CryptoAdmin,M3BE-ExtensionsAdmin,M3BE-ExtensionsViewer,M3BE-DBViewer,M3BE-DBAdmin,M3BE-FndFlagAdmin,M3BE-FileViewer,M3BE-FileAdmin,M3BE-ConfigAdmin,M3BE-ConfigUser,M3BE-LogEnabler,M3BE-SystemAdministrator,M3BE-DBAdmin-ReadToken,EVENTHUB-Administrator,EVENTHUB-User,M3MDP-USER,M3CE_About_Viewer,M3ENTERPRISESEARCH-Administrator,IPW-User,Birst-SystemAdministrator,Birst-User,MONGOOSE-UG-CoreFormsAdmin,MONGOOSE-UG-CoreFormsDeveloper,MONGOOSE-UG-CoreFormsEndUser,MONGOOSE-UG-CoreIDOs,MONGOOSE-LM-MGCoreAutomation,MONGOOSE-LM-MGCoreTrans,MONGOOSE-LM-MGDataViews,MONGOOSE-LM-MGDeveloper,MONGOOSE-LM-MGUserCreatedForms,MONGOOSE-LM-MGUserCreatedIDOs,MONGOOSE-LM-MGPAAS,MONGOOSE-LM-MGM3InterfaceForms,MONGOOSE-LM-MGM3InterfaceIDOs,MONGOOSE-LM-MGAppBuilder,APPBUILDER-Administrator,APPBUILDER-User,APPBUILDER-Designer,LCLLSP-User,LCLLSP-Admin,LCLLSP-PrivilegedUser,LCLLSP-ServiceAdmin,LCLLSP-AppAdmin,LCLLSP-SupAdmin,LCLLSP-StdAdmin,LCLLSP-StdUser,M3A Administrators,M3A Developers,M3A Procurement,M3A Finance,M3A Production,M3ADISBIRST-Model-Administrator,M3ADISBIRST-Extension-Administrator,M3ADISBIRST-Consumer-Administrator,M3ADISBIRST-User,M3A Warehouse,M3A Default Subject Area,IFSApplicationAdmin,IFS-ShowUserManagementUI,IFS-GroupsAdmin,IFS-GroupsUpdate,IFS-GroupsReadOnlyUser,IFS-ReadOnly,M3MDP-TESTAPI,INBOX-Admin,M3DMP-Contributor,M3UI-Approver,M3A Opportunity Management,IONAPI-Developer,FGR032_RW,FGR003_RW,FGR012_RW,FGR001_RW,FGR014_RW,FGR005_RW,FGR061_RW,FGR030_RW,FGR060_RW,FGR070_RW,FGR021_RW,FGR031_RW,FGR004_RW,FGR069_RW,FGR072_RW,FGR071_RW,FGR062_RW,FGR035_RW,FGR013_RW,FGR006_RW,FGR039_RW,FGR065_RW,FGR329_RW,FGR002_RW,FGR079_RW,FGR331_RW,FGR341_RW,FGR332_RW,FGR342_RW,FGR351_RW,FGR355_RW,FGR352_RW,FGR350_RW,FGR362_RW,FGR359_RW,FGR190_RW,FGR302_RW,FGR305_RW,FGR310_RW,FGR312_RW,FGR315_RW,FGR115_RW,FGR320_RW,FGR119_RW,FGR110_RW,FGR111_RW,FGR112_RW,FGR300_RW,FGR301_RW,FGR309_RW,FGR311_RW,FGR321_RW,FGR319_RW,FGR325_RW,FGR322_RW,FGR330_RW,FGR335_RW,FGR339_RW,FGR340_RW,FGR345_RW,FGR349_RW,FGR361_RW,FGR360_RW,FGR365_RW,FGR369_RW,FGR999_RW,FGR013_RO,,,,,,,,,,,,,,,,,,,,,,,,,,,,,,,,,,,,,,,,,,,,,,,,,,,,,,,,,,,,,,,,,,,,,,,,,,,,,,,,,,,,,,,,,,,,,,,,,,,,,,,,,,,,,,,,,,,,,,,,,,,,,,,,,,,,,,,,,,,,,,,,,,,,,,,,,,,,,,,,,,,,,,,,,,,,,,,,,,,,,,,,,,,,,,,,,,,,,,,,,,,,,,,,,,,,,,,,,,,,,,,,,,,,,,,,,,,,,,,,,,,,,,,,,,,,,,,,,,,,,,,,,,,,,,,,,,,,,,,,,,,,,,,,,,,,,,,,,,,,,,,,,,,,,,,,,,,,,,,,,,,,,,,,,,,,,,,,,,,,,,,,,,,,,,,,,,,,,,,,,,,,,,,,,,,,,,,,,,,,,,,,,,,,,,,,,,,,,,,,,,,,,,,,,,,,,,,,,,,,,,,,,,,,,,,,,,,,,,,,,,,,,,,,,,,,,,,,,,,,,,,,,,,,,, ,Updated
SDWADASI,Sravan,Dwadasi,sravan@doppiogroup.com,Sravan,Active,,38055641-2dc0-4e4a-8eec-eaf1755b3d6d,sravan@doppiogroup.com,2023-08-25T09:01:16-07:00,2023-10-05T09:45:44-07:00,sravan@doppiogroup.com,SDWADASI,,,,,,,,UserAdmin,DataAdministrator,Infor-SystemAdministrator,IFS-ExternalEntityAdmin,IFS-ReadOnlyUser,IFS-AuditReportUser,IFS-AuditAdministrator,IFS-MonitorReportUser,IFS-MonitorAdministrator,IFS-PasswordAdmin,MingleEnterprise,Infor-SuiteUser,MingleIONEnabled,MingleAdministrator,MingleDataAdministrator,PORTAL-User,PORTAL-ContentAdministrator,GRID-SystemAdministrator,GRID-Viewer,GRID-Administrator,HOMEPAGES-Administrator,HOMEPAGES-ContentAdministrator,HOMEPAGES-User,HOMEPAGES-ContentSupport,IONDeskSecurityAdmin,IONDeskAdmin,IONContentProvider,IONDeskOAuthGenerator,Mingle-LocatorView,IFSAdminContact,IONAPI-Tracing,IONAPI-User,IONAPI-Administrator,DATALAKE-User,DATALAKE-DataAdministrator,DATALAKE-SystemAdministrator,DECISIONSERVICE-Editor,DECISIONSERVICE-Approver,INBOX-PowerUser,SmartHelpUser,IDM-User,IDM-AdvancedUser,IDM-Administrator,IDM-SuperUser,IDM-RelatedInformationUser,IDM-SignatureUser,GDPR-Collaboration-ChiefDataProtectionOfficer,GDPR-Collaboration-DataProtectionOfficer,GDPR-App-Administrator,DATAFABRIC-SuperAdmin,DATAFABRIC-User,ENTERPRISESEARCH-Admin,ENTERPRISESEARCH-User,ENTERPRISESEARCH-PowerUser,M3EC-Administrator,M3EC-User,M3EC-ClientDesigntime,M3-DLSubscriptionAdmin,M3BE-FATAdmin-Exporter,M3UI-StartPageAdministrator,M3UI-DebugUser,M3UI-Administrator,M3UI-USER,M3UI-Designer,M3BDP-Administrator,M3BDP-USER,MASHUP-Administrator,MASHUP-User,IECEC-Administrator,IECEC-User,M3BE-FATAdmin,M3BE-FndAdmin,M3BE-FndUser,M3BE-ServicesAdmin,M3BE-CryptoAdmin,M3BE-ExtensionsAdmin,M3BE-ExtensionsViewer,M3BE-DBViewer,M3BE-DBAdmin,M3BE-FndFlagAdmin,M3BE-FileViewer,M3BE-FileAdmin,M3BE-ConfigAdmin,M3BE-ConfigUser,M3BE-LogEnabler,M3BE-SystemAdministrator,M3BE-DBAdmin-ReadToken,EVENTHUB-Administrator,EVENTHUB-User,M3MDP-USER,M3CE_About_Viewer,M3ENTERPRISESEARCH-Administrator,IPW-User,Birst-SystemAdministrator,Birst-User,MONGOOSE-UG-CoreFormsAdmin,MONGOOSE-UG-CoreFormsDeveloper,MONGOOSE-UG-CoreFormsEndUser,MONGOOSE-UG-CoreIDOs,MONGOOSE-LM-MGCoreAutomation,MONGOOSE-LM-MGCoreTrans,MONGOOSE-LM-MGDataViews,MONGOOSE-LM-MGDeveloper,MONGOOSE-LM-MGUserCreatedForms,MONGOOSE-LM-MGUserCreatedIDOs,MONGOOSE-LM-MGPAAS,MONGOOSE-LM-MGM3InterfaceForms,MONGOOSE-LM-MGM3InterfaceIDOs,MONGOOSE-LM-MGAppBuilder,APPBUILDER-Administrator,APPBUILDER-User,APPBUILDER-Designer,LCLLSP-User,LCLLSP-Admin,LCLLSP-PrivilegedUser,LCLLSP-ServiceAdmin,LCLLSP-AppAdmin,LCLLSP-SupAdmin,LCLLSP-StdAdmin,LCLLSP-StdUser,M3A Administrators,M3A Developers,M3A Procurement,M3A Finance,M3A Production,M3ADISBIRST-Model-Administrator,M3ADISBIRST-Extension-Administrator,M3ADISBIRST-Consumer-Administrator,M3ADISBIRST-User,M3A Warehouse,M3A Default Subject Area,IFSApplicationAdmin,IFS-ShowUserManagementUI,IFS-GroupsAdmin,IFS-GroupsUpdate,IFS-GroupsReadOnlyUser,IFS-ReadOnly,M3MDP-TESTAPI,INBOX-Admin,M3DMP-Contributor,M3UI-Approver,M3A Opportunity Management,IONAPI-Developer,M3CPW-User,IAD-DataMaintainer,IAD-Designer,IAD-Publisher,IAD-TemplateBuilder,FGR032_RW,FGR003_RW,FGR012_RW,FGR001_RW,FGR014_RW,FGR005_RW,FGR061_RW,FGR030_RW,FGR060_RW,FGR070_RW,FGR021_RW,FGR031_RW,FGR004_RW,FGR069_RW,FGR072_RW,FGR071_RW,FGR062_RW,FGR035_RW,FGR013_RW,FGR006_RW,FGR039_RW,FGR065_RW,FGR329_RW,FGR002_RW,FGR079_RW,FGR331_RW,FGR341_RW,FGR332_RW,FGR342_RW,FGR351_RW,FGR355_RW,FGR352_RW,FGR350_RW,FGR362_RW,FGR359_RW,FGR190_RW,FGR302_RW,FGR305_RW,FGR310_RW,FGR312_RW,FGR315_RW,FGR115_RW,FGR320_RW,FGR119_RW,FGR110_RW,FGR111_RW,FGR112_RW,FGR300_RW,FGR301_RW,FGR309_RW,FGR311_RW,FGR321_RW,FGR319_RW,FGR325_RW,FGR322_RW,FGR330_RW,FGR335_RW,FGR339_RW,FGR340_RW,FGR345_RW,FGR349_RW,FGR361_RW,FGR360_RW,FGR365_RW,FGR369_RW,FGR999_RW,FGR013_RO,,,,,,,,,,,,,,,,,,,,,,,,,,,,,,,,,,,,,,,,,,,,,,,,,,,,,,,,,,,,,,,,,,,,,,,,,,,,,,,,,,,,,,,,,,,,,,,,,,,,,,,,,,,,,,,,,,,,,,,,,,,,,,,,,,,,,,,,,,,,,,,,,,,,,,,,,,,,,,,,,,,,,,,,,,,,,,,,,,,,,,,,,,,,,,,,,,,,,,,,,,,,,,,,,,,,,,,,,,,,,,,,,,,,,,,,,,,,,,,,,,,,,,,,,,,,,,,,,,,,,,,,,,,,,,,,,,,,,,,,,,,,,,,,,,,,,,,,,,,,,,,,,,,,,,,,,,,,,,,,,,,,,,,,,,,,,,,,,,,,,,,,,,,,,,,,,,,,,,,,,,,,,,,,,,,,,,,,,,,,,,,,,,,,,,,,,,,,,,,,,,,,,,,,,,,,,,,,,,,,,,,,,,,,,,,,,,,,,,,,,,,,,,,,,,,,,,,,,,,,,,,,,, ,Updated
MDAMMANN,Morgan,Dammann,morgan@doppiogroup.com,Consultant,Active,,bcb18546-89d3-4793-aa78-897d96f93511,morgan@doppiogroup.com,2023-09-07T08:35:33-07:00,2023-09-07T09:07:57-07:00,morgan@doppiogroup.com,MDAMMANN,,,,,,,,UserAdmin,DataAdministrator,Infor-SystemAdministrator,IFS-ExternalEntityAdmin,IFS-ReadOnlyUser,IFS-AuditReportUser,IFS-AuditAdministrator,IFS-MonitorReportUser,IFS-MonitorAdministrator,IFS-PasswordAdmin,MingleEnterprise,Infor-SuiteUser,MingleIONEnabled,MingleAdministrator,MingleDataAdministrator,PORTAL-User,PORTAL-ContentAdministrator,GRID-SystemAdministrator,GRID-Viewer,GRID-Administrator,HOMEPAGES-Administrator,HOMEPAGES-ContentAdministrator,HOMEPAGES-User,HOMEPAGES-ContentSupport,IONDeskSecurityAdmin,IONDeskAdmin,IONContentProvider,IONDeskOAuthGenerator,Mingle-LocatorView,IFSAdminContact,IONAPI-Tracing,IONAPI-User,IONAPI-Administrator,DATALAKE-User,DATALAKE-DataAdministrator,DATALAKE-SystemAdministrator,DECISIONSERVICE-Editor,DECISIONSERVICE-Approver,INBOX-PowerUser,SmartHelpUser,IDM-User,IDM-AdvancedUser,IDM-Administrator,IDM-SuperUser,IDM-RelatedInformationUser,IDM-SignatureUser,GDPR-Collaboration-ChiefDataProtectionOfficer,GDPR-Collaboration-DataProtectionOfficer,GDPR-App-Administrator,DATAFABRIC-SuperAdmin,DATAFABRIC-User,ENTERPRISESEARCH-Admin,ENTERPRISESEARCH-User,ENTERPRISESEARCH-PowerUser,M3EC-Administrator,M3EC-User,M3EC-ClientDesigntime,M3-DLSubscriptionAdmin,M3BE-FATAdmin-Exporter,M3UI-StartPageAdministrator,M3UI-DebugUser,M3UI-Administrator,M3UI-USER,M3UI-Designer,M3BDP-Administrator,M3BDP-USER,MASHUP-Administrator,MASHUP-User,IECEC-Administrator,IECEC-User,M3BE-FATAdmin,M3BE-FndAdmin,M3BE-FndUser,M3BE-ServicesAdmin,M3BE-CryptoAdmin,M3BE-ExtensionsAdmin,M3BE-ExtensionsViewer,M3BE-DBViewer,M3BE-DBAdmin,M3BE-FndFlagAdmin,M3BE-FileViewer,M3BE-FileAdmin,M3BE-ConfigAdmin,M3BE-ConfigUser,M3BE-LogEnabler,M3BE-SystemAdministrator,M3BE-DBAdmin-ReadToken,EVENTHUB-Administrator,EVENTHUB-User,M3MDP-USER,M3CE_About_Viewer,M3ENTERPRISESEARCH-Administrator,IPW-User,Birst-SystemAdministrator,Birst-User,MONGOOSE-UG-CoreFormsAdmin,MONGOOSE-UG-CoreFormsDeveloper,MONGOOSE-UG-CoreFormsEndUser,MONGOOSE-UG-CoreIDOs,MONGOOSE-LM-MGCoreAutomation,MONGOOSE-LM-MGCoreTrans,MONGOOSE-LM-MGDataViews,MONGOOSE-LM-MGDeveloper,MONGOOSE-LM-MGUserCreatedForms,MONGOOSE-LM-MGUserCreatedIDOs,MONGOOSE-LM-MGPAAS,MONGOOSE-LM-MGM3InterfaceForms,MONGOOSE-LM-MGM3InterfaceIDOs,MONGOOSE-LM-MGAppBuilder,APPBUILDER-Administrator,APPBUILDER-User,APPBUILDER-Designer,LCLLSP-User,LCLLSP-Admin,LCLLSP-PrivilegedUser,LCLLSP-ServiceAdmin,LCLLSP-AppAdmin,LCLLSP-SupAdmin,LCLLSP-StdAdmin,LCLLSP-StdUser,M3A Administrators,M3A Developers,M3A Procurement,M3A Finance,M3A Production,M3ADISBIRST-Model-Administrator,M3ADISBIRST-Extension-Administrator,M3ADISBIRST-Consumer-Administrator,M3ADISBIRST-User,M3A Warehouse,M3A Default Subject Area,IFSApplicationAdmin,IFS-ShowUserManagementUI,IFS-GroupsAdmin,IFS-GroupsUpdate,IFS-GroupsReadOnlyUser,IFS-ReadOnly,M3MDP-TESTAPI,INBOX-Admin,M3DMP-Contributor,M3UI-Approver,M3A Opportunity Management,IONAPI-Developer,FGR032_RW,FGR003_RW,FGR012_RW,FGR001_RW,FGR014_RW,FGR005_RW,FGR061_RW,FGR030_RW,FGR060_RW,FGR070_RW,FGR021_RW,FGR031_RW,FGR004_RW,FGR069_RW,FGR072_RW,FGR071_RW,FGR062_RW,FGR035_RW,FGR013_RW,FGR006_RW,FGR039_RW,FGR065_RW,FGR329_RW,FGR002_RW,FGR079_RW,FGR331_RW,FGR341_RW,FGR332_RW,FGR342_RW,FGR351_RW,FGR355_RW,FGR352_RW,FGR350_RW,FGR362_RW,FGR359_RW,FGR190_RW,FGR302_RW,FGR305_RW,FGR310_RW,FGR312_RW,FGR315_RW,FGR115_RW,FGR320_RW,FGR119_RW,FGR110_RW,FGR111_RW,FGR112_RW,FGR300_RW,FGR301_RW,FGR309_RW,FGR311_RW,FGR321_RW,FGR319_RW,FGR325_RW,FGR322_RW,FGR330_RW,FGR335_RW,FGR339_RW,FGR340_RW,FGR345_RW,FGR349_RW,FGR361_RW,FGR360_RW,FGR365_RW,FGR369_RW,FGR999_RW,FGR013_RO,,,,,,,,,,,,,,,,,,,,,,,,,,,,,,,,,,,,,,,,,,,,,,,,,,,,,,,,,,,,,,,,,,,,,,,,,,,,,,,,,,,,,,,,,,,,,,,,,,,,,,,,,,,,,,,,,,,,,,,,,,,,,,,,,,,,,,,,,,,,,,,,,,,,,,,,,,,,,,,,,,,,,,,,,,,,,,,,,,,,,,,,,,,,,,,,,,,,,,,,,,,,,,,,,,,,,,,,,,,,,,,,,,,,,,,,,,,,,,,,,,,,,,,,,,,,,,,,,,,,,,,,,,,,,,,,,,,,,,,,,,,,,,,,,,,,,,,,,,,,,,,,,,,,,,,,,,,,,,,,,,,,,,,,,,,,,,,,,,,,,,,,,,,,,,,,,,,,,,,,,,,,,,,,,,,,,,,,,,,,,,,,,,,,,,,,,,,,,,,,,,,,,,,,,,,,,,,,,,,,,,,,,,,,,,,,,,,,,,,,,,,,,,,,,,,,,,,,,,,,,,,,,,,,,,, ,Updated
NSAFDARY,Naveed,Safdary,Naveed.safdary@chcheli.com,"System Engineer, IT",Active,,58963da7-649f-4100-9449-f6ef71266208,Naveed.safdary@chcheli.com,2023-09-19T11:13:11-07:00,2023-09-19T21:14:11-07:00,Naveed.safdary@chcheli.com,NSAFDARY,,,,,,,,UserAdmin,DataAdministrator,Infor-SystemAdministrator,IFS-ExternalEntityAdmin,IFS-AuditAdministrator,IFS-MonitorAdministrator,IFS-PasswordAdmin,MingleEnterprise,Infor-SuiteUser,MingleIONEnabled,MingleAdministrator,MingleDataAdministrator,PORTAL-ContentAdministrator,GRID-SystemAdministrator,GRID-Viewer,GRID-Administrator,HOMEPAGES-Administrator,HOMEPAGES-ContentAdministrator,HOMEPAGES-User,HOMEPAGES-ContentSupport,IONDeskSecurityAdmin,IONDeskAdmin,IFSAdminContact,IONAPI-Administrator,DATALAKE-DataAdministrator,DATALAKE-SystemAdministrator,IDM-User,IDM-Administrator,IDM-SuperUser,IDM-RelatedInformationUser,GDPR-App-Administrator,DATAFABRIC-SuperAdmin,ENTERPRISESEARCH-Admin,M3EC-Administrator,M3-DLSubscriptionAdmin,M3BE-FATAdmin-Exporter,M3UI-StartPageAdministrator,M3UI-Administrator,M3UI-USER,M3BDP-Administrator,MASHUP-Administrator,MASHUP-User,IECEC-Administrator,M3BE-FATAdmin,M3BE-FndAdmin,M3BE-ServicesAdmin,M3BE-CryptoAdmin,M3BE-ExtensionsAdmin,M3BE-DBViewer,M3BE-DBAdmin,M3BE-FndFlagAdmin,M3BE-FileAdmin,M3BE-ConfigAdmin,M3BE-SystemAdministrator,M3BE-DBAdmin-ReadToken,EVENTHUB-Administrator,M3ENTERPRISESEARCH-Administrator,Birst-SystemAdministrator,MONGOOSE-UG-CoreFormsAdmin,APPBUILDER-Administrator,LCLLSP-Admin,LCLLSP-ServiceAdmin,LCLLSP-AppAdmin,LCLLSP-SupAdmin,LCLLSP-StdAdmin,M3A Administrators,M3ADISBIRST-Model-Administrator,M3ADISBIRST-Extension-Administrator,M3ADISBIRST-Consumer-Administrator,IFSApplicationAdmin,IFS-GroupsAdmin,INBOX-Admin,,,,,,,,,,,,,,,,,,,,,,,,,,,,,,,,,,,,,,,,,,,,,,,,,,,,,,,,,,,,,,,,,,,,,,,,,,,,,,,,,,,,,,,,,,,,,,,,,,,,,,,,,,,,,,,,,,,,,,,,,,,,,,,,,,,,,,,,,,,,,,,,,,,,,,,,,,,,,,,,,,,,,,,,,,,,,,,,,,,,,,,,,,,,,,,,,,,,,,,,,,,,,,,,,,,,,,,,,,,,,,,,,,,,,,,,,,,,,,,,,,,,,,,,,,,,,,,,,,,,,,,,,,,,,,,,,,,,,,,,,,,,,,,,,,,,,,,,,,,,,,,,,,,,,,,,,,,,,,,,,,,,,,,,,,,,,,,,,,,,,,,,,,,,,,,,,,,,,,,,,,,,,,,,,,,,,,,,,,,,,,,,,,,,,,,,,,,,,,,,,,,,,,,,,,,,,,,,,,,,,,,,,,,,,,,,,,,,,,,,,,,,,,,,,,,,,,,,,,,,,,,,,,,,,,,,,,,,,,,,,,,,,,,,,,,,,,,,,,,,,,,,,,,,,,,,,,,,,,,,,,,,,,,,,,,,,,,,,,,,,,,,,,,,,,,,,,,,,,,,,,,,,,,,,,,,,,,,,,,,,,,,,,,,,,,,,,,,,,,,,,,,,,,,, ,Updated
MRAMOS,Marc,Ramos,marc@doppiogroup.com,Consultant,Active,,ce5877ab-af51-45ad-8022-8e46ab95ace4,marc@doppiogroup.com,2023-10-05T08:34:02-07:00,2026-03-06T13:11:24-08:00,marc@doppiogroup.com,MRAMOS,,,,,,,,UserAdmin,DataAdministrator,Infor-SystemAdministrator,IFS-ExternalEntityAdmin,IFS-ReadOnlyUser,IFS-AuditReportUser,IFS-AuditAdministrator,IFS-MonitorReportUser,IFS-MonitorAdministrator,IFS-PasswordAdmin,MingleEnterprise,Infor-SuiteUser,MingleIONEnabled,MingleAdministrator,MingleDataAdministrator,PORTAL-User,PORTAL-ContentAdministrator,GRID-SystemAdministrator,GRID-Viewer,GRID-Administrator,HOMEPAGES-Administrator,HOMEPAGES-ContentAdministrator,HOMEPAGES-User,HOMEPAGES-ContentSupport,IONDeskSecurityAdmin,IONDeskAdmin,IONContentProvider,IONDeskOAuthGenerator,Mingle-LocatorView,IFSAdminContact,IONAPI-Tracing,IONAPI-User,IONAPI-Administrator,DATALAKE-User,DATALAKE-DataAdministrator,DATALAKE-SystemAdministrator,DECISIONSERVICE-Editor,DECISIONSERVICE-Approver,INBOX-PowerUser,SmartHelpUser,IDM-User,IDM-AdvancedUser,IDM-Administrator,IDM-SuperUser,IDM-RelatedInformationUser,IDM-SignatureUser,GDPR-Collaboration-ChiefDataProtectionOfficer,GDPR-Collaboration-DataProtectionOfficer,GDPR-App-Administrator,DATAFABRIC-SuperAdmin,DATAFABRIC-User,ENTERPRISESEARCH-Admin,ENTERPRISESEARCH-User,ENTERPRISESEARCH-PowerUser,M3EC-Administrator,M3EC-User,M3EC-ClientDesigntime,M3-DLSubscriptionAdmin,M3BE-FATAdmin-Exporter,M3UI-StartPageAdministrator,M3UI-DebugUser,M3UI-Administrator,M3UI-USER,M3UI-Designer,M3BDP-Administrator,M3BDP-USER,MASHUP-Administrator,MASHUP-User,IECEC-Administrator,IECEC-User,M3BE-FATAdmin,M3BE-FndAdmin,M3BE-FndUser,M3BE-ServicesAdmin,M3BE-CryptoAdmin,M3BE-ExtensionsAdmin,M3BE-ExtensionsViewer,M3BE-DBViewer,M3BE-DBAdmin,M3BE-FndFlagAdmin,M3BE-FileViewer,M3BE-FileAdmin,M3BE-ConfigAdmin,M3BE-ConfigUser,M3BE-LogEnabler,M3BE-SystemAdministrator,M3BE-DBAdmin-ReadToken,EVENTHUB-Administrator,EVENTHUB-User,M3MDP-USER,M3CE_About_Viewer,M3ENTERPRISESEARCH-Administrator,IPW-User,Birst-SystemAdministrator,Birst-User,MONGOOSE-UG-CoreFormsAdmin,MONGOOSE-UG-CoreFormsDeveloper,MONGOOSE-UG-CoreFormsEndUser,MONGOOSE-UG-CoreIDOs,MONGOOSE-LM-MGCoreAutomation,MONGOOSE-LM-MGCoreTrans,MONGOOSE-LM-MGDataViews,MONGOOSE-LM-MGDeveloper,MONGOOSE-LM-MGUserCreatedForms,MONGOOSE-LM-MGUserCreatedIDOs,MONGOOSE-LM-MGPAAS,MONGOOSE-LM-MGM3InterfaceForms,MONGOOSE-LM-MGM3InterfaceIDOs,MONGOOSE-LM-MGAppBuilder,APPBUILDER-Administrator,APPBUILDER-User,APPBUILDER-Designer,LCLLSP-User,LCLLSP-Admin,LCLLSP-PrivilegedUser,LCLLSP-ServiceAdmin,LCLLSP-AppAdmin,LCLLSP-SupAdmin,LCLLSP-StdAdmin,LCLLSP-StdUser,M3A Administrators,M3A Developers,M3A Procurement,M3A Finance,M3A Production,M3ADISBIRST-Model-Administrator,M3ADISBIRST-Extension-Administrator,M3ADISBIRST-Consumer-Administrator,M3ADISBIRST-User,M3A Warehouse,M3A Default Subject Area,IFSApplicationAdmin,IFS-ShowUserManagementUI,IFS-GroupsAdmin,IFS-GroupsUpdate,IFS-GroupsReadOnlyUser,IFS-ReadOnly,M3MDP-TESTAPI,INBOX-Admin,M3DMP-Contributor,M3UI-Approver,M3A Opportunity Management,IONAPI-Developer,M3CPW-User,IAD-DataMaintainer,IAD-Designer,IAD-Publisher,IAD-TemplateBuilder,M3ACM-User,M3ACM-Viewer,IPI-ModelerAdmin,IPI-ModelerViewer,IPI-ModelerDesigner,PORTAL-ContentPublisher,M3BE-PowerUser,M3BE-LicenseType1,M3BE-LicenseType2,M3BE-LicenseType3,M3BE-LicenseType6-FT,M3BE-LicenseType6-SHUB,M3HealthService-Administrator,IONAPI-BaaS-Administrator,IONAPI-BaaS-DataAdministrator,IONAPI-BaaS-Developer,IONAPI-BaaS-User,M3BE-DBUpdater,DATAFABRIC-HealthServiceAdmin,PORTAL-AnnouncementAdministrator,M3BE-DBAdmin-PrdToken,M3BE-LicenseType4,SMARTHELP-Administrator,FGR032_RW,FGR003_RW,FGR012_RW,FGR001_RW,FGR014_RW,FGR005_RW,FGR061_RW,FGR030_RW,FGR060_RW,FGR070_RW,FGR021_RW,FGR031_RW,FGR004_RW,FGR069_RW,FGR072_RW,FGR071_RW,FGR062_RW,FGR035_RW,FGR013_RW,FGR006_RW,FGR039_RW,FGR065_RW,FGR329_RW,FGR002_RW,FGR079_RW,FGR331_RW,FGR341_RW,FGR332_RW,FGR342_RW,FGR351_RW,FGR355_RW,FGR352_RW,FGR350_RW,FGR362_RW,FGR359_RW,FGR190_RW,FGR302_RW,FGR305_RW,FGR310_RW,FGR312_RW,FGR315_RW,FGR115_RW,FGR320_RW,FGR119_RW,FGR110_RW,FGR111_RW,FGR112_RW,FGR300_RW,FGR301_RW,FGR309_RW,FGR311_RW,FGR321_RW,FGR319_RW,FGR325_RW,FGR322_RW,FGR330_RW,FGR335_RW,FGR339_RW,FGR340_RW,FGR345_RW,FGR349_RW,FGR361_RW,FGR360_RW,FGR365_RW,FGR369_RW,FGR999_RW,FGR013_RO,,,,,,,,,,,,,,,,,,,,,,,,,,,,,,,,,,,,,,,,,,,,,,,,,,,,,,,,,,,,,,,,,,,,,,,,,,,,,,,,,,,,,,,,,,,,,,,,,,,,,,,,,,,,,,,,,,,,,,,,,,,,,,,,,,,,,,,,,,,,,,,,,,,,,,,,,,,,,,,,,,,,,,,,,,,,,,,,,,,,,,,,,,,,,,,,,,,,,,,,,,,,,,,,,,,,,,,,,,,,,,,,,,,,,,,,,,,,,,,,,,,,,,,,,,,,,,,,,,,,,,,,,,,,,,,,,,,,,,,,,,,,,,,,,,,,,,,,,,,,,,,,,,,,,,,,,,,,,,,,,,,,,,,,,,,,,,,,,,,,,,,,,,,,,,,,,,,,,,,,,,,,,,,,,,,,,,,,,,,,,,,,,,,,,,,,,,,,,,,,,,,,,,,,,,,,,,,,,,,,,,,,,,,,,,,,,,,,,,,,,,, ,Updated
RHALILI,Romel,Halili,romel.halili@chcheli.com,Global SDM,Active,,9083fcca-a340-475f-967f-46b4703c47ff,romel.halili@chcheli.com,2023-10-19T13:22:36-07:00,2026-04-24T14:31:33-07:00,romel.halili@chcheli.com,RHALILI,,,,,,,,MingleEnterprise,Infor-SuiteUser,MingleIONEnabled,HOMEPAGES-User,IDM-User,IDM-RelatedInformationUser,M3UI-USER,MASHUP-User,GLADMRW,CRADMRO,CRADMRW,RGADMRW,MNADMRW,PPADMRW,SEADMRW,TXADMRW,RGADMRO,SRAPS111CLRW,,,,,,,,,,,,,,,,,,,,,,,,,,,,,,,,,,,,,,,,,,,,,,,,,,,,,,,,,,,,,,,,,,,,,,,,,,,,,,,,,,,,,,,,,,,,,,,,,,,,,,,,,,,,,,,,,,,,,,,,,,,,,,,,,,,,,,,,,,,,,,,,,,,,,,,,,,,,,,,,,,,,,,,,,,,,,,,,,,,,,,,,,,,,,,,,,,,,,,,,,,,,,,,,,,,,,,,,,,,,,,,,,,,,,,,,,,,,,,,,,,,,,,,,,,,,,,,,,,,,,,,,,,,,,,,,,,,,,,,,,,,,,,,,,,,,,,,,,,,,,,,,,,,,,,,,,,,,,,,,,,,,,,,,,,,,,,,,,,,,,,,,,,,,,,,,,,,,,,,,,,,,,,,,,,,,,,,,,,,,,,,,,,,,,,,,,,,,,,,,,,,,,,,,,,,,,,,,,,,,,,,,,,,,,,,,,,,,,,,,,,,,,,,,,,,,,,,,,,,,,,,,,,,,,,,,,,,,,,,,,,,,,,,,,,,,,,,,,,,,,,,,,,,,,,,,,,,,,,,,,,,,,,,,,,,,,,,,,,,,,,,,,,,,,,,,,,,,,,,,,,,,,,,,,,,,,,,,,,,,,,,,,,,,,,,,,,,,,,,,,,,,,,,,,,,,,,,,,,,,,,,,,,,,,,,,,,,,,,,,,,,,,,,,,,,,,,,,,,,,,,, ,Updated
JOLIN,Johnny,Lin,Johnny.Lin@chcheli.com,Director Corporate FP&A,Active,,de3e3ca0-997d-4f05-b8cc-0252e8538664,Johnny.Lin@chcheli.com,2023-11-13T14:57:03-08:00,2023-11-22T08:36:46-08:00,Johnny.Lin@chcheli.com,JOLIN,,,,,,,,MingleEnterprise,Infor-SuiteUser,MingleIONEnabled,HOMEPAGES-User,IDM-User,IDM-RelatedInformationUser,M3UI-USER,MASHUP-User,FGR032_RW,FGR003_RW,FGR012_RW,FGR001_RW,FGR014_RW,FGR005_RW,FGR061_RW,FGR030_RW,FGR060_RW,FGR070_RW,FGR021_RW,FGR031_RW,FGR004_RW,FGR069_RW,FGR072_RW,FGR071_RW,FGR062_RW,FGR035_RW,FGR013_RW,FGR006_RW,FGR039_RW,FGR065_RW,FGR329_RW,FGR002_RW,FGR079_RW,FGR331_RW,FGR341_RW,FGR332_RW,FGR342_RW,FGR351_RW,FGR355_RW,FGR352_RW,FGR350_RW,FGR362_RW,FGR359_RW,FGR190_RW,FGR302_RW,FGR305_RW,FGR310_RW,FGR312_RW,FGR315_RW,FGR115_RW,FGR320_RW,FGR119_RW,FGR110_RW,FGR111_RW,FGR112_RW,FGR300_RW,FGR301_RW,FGR309_RW,FGR311_RW,FGR321_RW,FGR319_RW,FGR325_RW,FGR322_RW,FGR330_RW,FGR335_RW,FGR339_RW,FGR340_RW,FGR345_RW,FGR349_RW,FGR361_RW,FGR360_RW,FGR365_RW,FGR369_RW,FGR999_RW,FGR013_RO,,,,,,,,,,,,,,,,,,,,,,,,,,,,,,,,,,,,,,,,,,,,,,,,,,,,,,,,,,,,,,,,,,,,,,,,,,,,,,,,,,,,,,,,,,,,,,,,,,,,,,,,,,,,,,,,,,,,,,,,,,,,,,,,,,,,,,,,,,,,,,,,,,,,,,,,,,,,,,,,,,,,,,,,,,,,,,,,,,,,,,,,,,,,,,,,,,,,,,,,,,,,,,,,,,,,,,,,,,,,,,,,,,,,,,,,,,,,,,,,,,,,,,,,,,,,,,,,,,,,,,,,,,,,,,,,,,,,,,,,,,,,,,,,,,,,,,,,,,,,,,,,,,,,,,,,,,,,,,,,,,,,,,,,,,,,,,,,,,,,,,,,,,,,,,,,,,,,,,,,,,,,,,,,,,,,,,,,,,,,,,,,,,,,,,,,,,,,,,,,,,,,,,,,,,,,,,,,,,,,,,,,,,,,,,,,,,,,,,,,,,,,,,,,,,,,,,,,,,,,,,,,,,,,,,,,,,,,,,,,,,,,,,,,,,,,,,,,,,,,,,,,,,,,,,,,,,,,,,,,,,,,,,,,,,,,,,,,,,,,,,,,,,,,,,,,,,,,,,,,,,,,,,,,,,,,,,,,,,,,,,,,,,,,,,,,,,,,,,,,,,,,,, ,Updated
EMITCHELL,Elaine,Mitchell,Elaine.Mitchell@chcheli.com,AP Manager,Active,,8e3295f8-5c7f-4213-8cd1-b3df4221e6c9,Elaine.Mitchell@chcheli.com,2023-11-13T14:57:03-08:00,2024-09-16T08:39:13-07:00,Elaine.Mitchell@chcheli.com,EMITCHELL,,,,,,,,MingleEnterprise,Infor-SuiteUser,MingleIONEnabled,HOMEPAGES-User,IDM-User,IDM-RelatedInformationUser,M3UI-USER,MASHUP-User,FGR003_RW,FGR001_RW,FGR005_RW,FGR004_RW,FGR002_RW,FGR014_RO,FGR021_RO,FGR300_RO,FGR301_RO,FGR302_RO,FGR311_RO,FGR352_RO,FGR350_RO,FGR359_RO,FGR006_RO,FGR013_RO,FGR309_RO,FGR305_RO,FGR310_RO,FGR319_RO,FGR351_RO,,,,,,,,,,,,,,,,,,,,,,,,,,,,,,,,,,,,,,,,,,,,,,,,,,,,,,,,,,,,,,,,,,,,,,,,,,,,,,,,,,,,,,,,,,,,,,,,,,,,,,,,,,,,,,,,,,,,,,,,,,,,,,,,,,,,,,,,,,,,,,,,,,,,,,,,,,,,,,,,,,,,,,,,,,,,,,,,,,,,,,,,,,,,,,,,,,,,,,,,,,,,,,,,,,,,,,,,,,,,,,,,,,,,,,,,,,,,,,,,,,,,,,,,,,,,,,,,,,,,,,,,,,,,,,,,,,,,,,,,,,,,,,,,,,,,,,,,,,,,,,,,,,,,,,,,,,,,,,,,,,,,,,,,,,,,,,,,,,,,,,,,,,,,,,,,,,,,,,,,,,,,,,,,,,,,,,,,,,,,,,,,,,,,,,,,,,,,,,,,,,,,,,,,,,,,,,,,,,,,,,,,,,,,,,,,,,,,,,,,,,,,,,,,,,,,,,,,,,,,,,,,,,,,,,,,,,,,,,,,,,,,,,,,,,,,,,,,,,,,,,,,,,,,,,,,,,,,,,,,,,,,,,,,,,,,,,,,,,,,,,,,,,,,,,,,,,,,,,,,,,,,,,,,,,,,,,,,,,,,,,,,,,,,,,,,,,,,,,,,,,,,,,,,,,,,,,,,,,,,,,,,,,,,,,,,,,,,,,,,,,,,,,,,,,,, ,Updated
DANMACLEAN,Daniel,Maclean,Daniel.MacLean@chcheli.com,Accountant,Active,,ddcbf991-a1d7-40f3-9000-074cb8edad2b,Daniel.MacLean@chcheli.com,2023-11-13T14:57:03-08:00,2026-06-05T07:25:40-07:00,Daniel.MacLean@chcheli.com,DANMACLEAN,,,,,,,,MingleEnterprise,Infor-SuiteUser,MingleIONEnabled,HOMEPAGES-User,IDM-User,IDM-RelatedInformationUser,M3UI-USER,MASHUP-User,FGR032_RW,FGR003_RW,FGR012_RW,FGR001_RW,FGR014_RW,FGR005_RW,FGR061_RW,FGR030_RW,FGR060_RW,FGR070_RW,FGR021_RW,FGR031_RW,FGR004_RW,FGR069_RW,FGR072_RW,FGR071_RW,FGR062_RW,FGR035_RW,FGR013_RW,FGR006_RW,FGR039_RW,FGR065_RW,FGR329_RW,FGR002_RW,FGR079_RW,FGR331_RW,FGR341_RW,FGR332_RW,FGR342_RW,FGR351_RW,FGR355_RW,FGR352_RW,FGR350_RW,FGR362_RW,FGR359_RW,FGR190_RW,FGR302_RW,FGR305_RW,FGR310_RW,FGR312_RW,FGR315_RW,FGR115_RW,FGR320_RW,FGR119_RW,FGR110_RW,FGR111_RW,FGR112_RW,FGR300_RW,FGR301_RW,FGR309_RW,FGR311_RW,FGR321_RW,FGR319_RW,FGR325_RW,FGR322_RW,FGR330_RW,FGR335_RW,FGR339_RW,FGR340_RW,FGR345_RW,FGR349_RW,FGR361_RW,FGR360_RW,FGR365_RW,FGR369_RW,FGR999_RW,FGR013_RO,,,,,,,,,,,,,,,,,,,,,,,,,,,,,,,,,,,,,,,,,,,,,,,,,,,,,,,,,,,,,,,,,,,,,,,,,,,,,,,,,,,,,,,,,,,,,,,,,,,,,,,,,,,,,,,,,,,,,,,,,,,,,,,,,,,,,,,,,,,,,,,,,,,,,,,,,,,,,,,,,,,,,,,,,,,,,,,,,,,,,,,,,,,,,,,,,,,,,,,,,,,,,,,,,,,,,,,,,,,,,,,,,,,,,,,,,,,,,,,,,,,,,,,,,,,,,,,,,,,,,,,,,,,,,,,,,,,,,,,,,,,,,,,,,,,,,,,,,,,,,,,,,,,,,,,,,,,,,,,,,,,,,,,,,,,,,,,,,,,,,,,,,,,,,,,,,,,,,,,,,,,,,,,,,,,,,,,,,,,,,,,,,,,,,,,,,,,,,,,,,,,,,,,,,,,,,,,,,,,,,,,,,,,,,,,,,,,,,,,,,,,,,,,,,,,,,,,,,,,,,,,,,,,,,,,,,,,,,,,,,,,,,,,,,,,,,,,,,,,,,,,,,,,,,,,,,,,,,,,,,,,,,,,,,,,,,,,,,,,,,,,,,,,,,,,,,,,,,,,,,,,,,,,,,,,,,,,,,,,,,,,,,,,,,,,,,,,,,,,,,,,,,, ,Updated
NPARK,NICOLA,WATSON,nicola.watson@chcheli.com,MRS,Active,,2385f62d-69c8-4c42-9132-8c2ce8979fe9,nicola.watson@chcheli.com,2024-03-12T06:47:40-07:00,2026-06-05T05:08:55-07:00,nicola.watson@chcheli.com,NPARK,,,,,,,,MingleEnterprise,Infor-SuiteUser,MingleIONEnabled,HOMEPAGES-User,IDM-User,IDM-RelatedInformationUser,M3UI-USER,MASHUP-User,FGR003_RW,FGR001_RW,FGR005_RW,FGR004_RW,FGR002_RW,FGR351_RW,FGR355_RW,FGR352_RW,FGR350_RW,FGR359_RW,FGR014_RO,FGR021_RO,FGR300_RO,FGR301_RO,FGR302_RO,FGR311_RO,FGR312_RO,FGR352_RO,FGR350_RO,FGR302_RW,FGR359_RO,FGR305_RW,FGR310_RW,FGR312_RW,FGR315_RW,FGR300_RW,FGR301_RW,FGR309_RW,FGR311_RW,FGR319_RW,FGR006_RO,FGR012_RO,FGR013_RO,FGR309_RO,FGR305_RO,FGR315_RO,FGR310_RO,FGR319_RO,FGR351_RO,FGR355_RO,,,,,,,,,,,,,,,,,,,,,,,,,,,,,,,,,,,,,,,,,,,,,,,,,,,,,,,,,,,,,,,,,,,,,,,,,,,,,,,,,,,,,,,,,,,,,,,,,,,,,,,,,,,,,,,,,,,,,,,,,,,,,,,,,,,,,,,,,,,,,,,,,,,,,,,,,,,,,,,,,,,,,,,,,,,,,,,,,,,,,,,,,,,,,,,,,,,,,,,,,,,,,,,,,,,,,,,,,,,,,,,,,,,,,,,,,,,,,,,,,,,,,,,,,,,,,,,,,,,,,,,,,,,,,,,,,,,,,,,,,,,,,,,,,,,,,,,,,,,,,,,,,,,,,,,,,,,,,,,,,,,,,,,,,,,,,,,,,,,,,,,,,,,,,,,,,,,,,,,,,,,,,,,,,,,,,,,,,,,,,,,,,,,,,,,,,,,,,,,,,,,,,,,,,,,,,,,,,,,,,,,,,,,,,,,,,,,,,,,,,,,,,,,,,,,,,,,,,,,,,,,,,,,,,,,,,,,,,,,,,,,,,,,,,,,,,,,,,,,,,,,,,,,,,,,,,,,,,,,,,,,,,,,,,,,,,,,,,,,,,,,,,,,,,,,,,,,,,,,,,,,,,,,,,,,,,,,,,,,,,,,,,,,,,,,,,,,,,,,,,,,,,,,,,,,,,,,,,,,,,,,,,,,,,,,,, ,Updated
f6ab46bc-470f-47e1-b566-92382052bb51,Aleksander,Sirnes,aleksander.sirnes@chcheli.com,,Active,,f6ab46bc-470f-47e1-b566-92382052bb51,aleksander.sirnes@chcheli.com,2024-03-12T06:47:40-07:00,,aleksander.sirnes@chcheli.com,ASIRNES,,,,,,,,MingleEnterprise,Infor-SuiteUser,MingleIONEnabled,HOMEPAGES-User,IDM-User,IDM-RelatedInformationUser,M3UI-USER,MASHUP-User,FGR003_RW,FGR001_RW,FGR005_RW,FGR004_RW,FGR002_RW,FGR351_RW,FGR355_RW,FGR352_RW,FGR350_RW,FGR359_RW,FGR014_RO,FGR021_RO,FGR300_RO,FGR301_RO,FGR302_RO,FGR311_RO,FGR312_RO,FGR352_RO,FGR350_RO,FGR302_RW,FGR359_RO,FGR305_RW,FGR310_RW,FGR312_RW,FGR315_RW,FGR300_RW,FGR301_RW,FGR309_RW,FGR311_RW,FGR319_RW,FGR006_RO,FGR012_RO,FGR013_RO,FGR309_RO,FGR305_RO,FGR315_RO,FGR310_RO,FGR319_RO,FGR351_RO,FGR355_RO,,,,,,,,,,,,,,,,,,,,,,,,,,,,,,,,,,,,,,,,,,,,,,,,,,,,,,,,,,,,,,,,,,,,,,,,,,,,,,,,,,,,,,,,,,,,,,,,,,,,,,,,,,,,,,,,,,,,,,,,,,,,,,,,,,,,,,,,,,,,,,,,,,,,,,,,,,,,,,,,,,,,,,,,,,,,,,,,,,,,,,,,,,,,,,,,,,,,,,,,,,,,,,,,,,,,,,,,,,,,,,,,,,,,,,,,,,,,,,,,,,,,,,,,,,,,,,,,,,,,,,,,,,,,,,,,,,,,,,,,,,,,,,,,,,,,,,,,,,,,,,,,,,,,,,,,,,,,,,,,,,,,,,,,,,,,,,,,,,,,,,,,,,,,,,,,,,,,,,,,,,,,,,,,,,,,,,,,,,,,,,,,,,,,,,,,,,,,,,,,,,,,,,,,,,,,,,,,,,,,,,,,,,,,,,,,,,,,,,,,,,,,,,,,,,,,,,,,,,,,,,,,,,,,,,,,,,,,,,,,,,,,,,,,,,,,,,,,,,,,,,,,,,,,,,,,,,,,,,,,,,,,,,,,,,,,,,,,,,,,,,,,,,,,,,,,,,,,,,,,,,,,,,,,,,,,,,,,,,,,,,,,,,,,,,,,,,,,,,,,,,,,,,,,,,,,,,,,,,,,,,,,,,,,,,,,, ,Updated
JGUDMESTAD,Jorunn,Gudmestad,jorunn.gudmestad@chcheli.com,Economy Accountant,Active,,90315e32-78d6-4ef3-8995-f74068a73bbd,jorunn.gudmestad@chcheli.com,2024-03-12T06:47:41-07:00,2024-03-13T00:58:43-07:00,jorunn.gudmestad@chcheli.com,JGUDMESTAD,,,,,,,,MingleEnterprise,Infor-SuiteUser,MingleIONEnabled,HOMEPAGES-User,IDM-User,IDM-RelatedInformationUser,M3UI-USER,MASHUP-User,FGR014_RO,FGR301_RO,FGR311_RO,FGR312_RO,FGR352_RO,FGR350_RO,FGR359_RO,FGR006_RO,FGR012_RO,FGR315_RO,FGR310_RO,FGR319_RO,FGR351_RO,FGR355_RO,,,,,,,,,,,,,,,,,,,,,,,,,,,,,,,,,,,,,,,,,,,,,,,,,,,,,,,,,,,,,,,,,,,,,,,,,,,,,,,,,,,,,,,,,,,,,,,,,,,,,,,,,,,,,,,,,,,,,,,,,,,,,,,,,,,,,,,,,,,,,,,,,,,,,,,,,,,,,,,,,,,,,,,,,,,,,,,,,,,,,,,,,,,,,,,,,,,,,,,,,,,,,,,,,,,,,,,,,,,,,,,,,,,,,,,,,,,,,,,,,,,,,,,,,,,,,,,,,,,,,,,,,,,,,,,,,,,,,,,,,,,,,,,,,,,,,,,,,,,,,,,,,,,,,,,,,,,,,,,,,,,,,,,,,,,,,,,,,,,,,,,,,,,,,,,,,,,,,,,,,,,,,,,,,,,,,,,,,,,,,,,,,,,,,,,,,,,,,,,,,,,,,,,,,,,,,,,,,,,,,,,,,,,,,,,,,,,,,,,,,,,,,,,,,,,,,,,,,,,,,,,,,,,,,,,,,,,,,,,,,,,,,,,,,,,,,,,,,,,,,,,,,,,,,,,,,,,,,,,,,,,,,,,,,,,,,,,,,,,,,,,,,,,,,,,,,,,,,,,,,,,,,,,,,,,,,,,,,,,,,,,,,,,,,,,,,,,,,,,,,,,,,,,,,,,,,,,,,,,,,,,,,,,,,,,,,,,,,,,,,,,,,,,,,,,,,,,,,,, ,Updated
EICAMPBE,Eilidh,Campbell,Eilidh.Campbell@chcheli.com,Miss,Active,,cdf073c1-56de-41b2-ac26-b1716434be7f,Eilidh.Campbell@chcheli.com,2024-03-12T06:48:09-07:00,2026-04-22T06:33:59-07:00,Eilidh.Campbell@chcheli.com,EICAMPBE,,,,,,,,MingleEnterprise,Infor-SuiteUser,MingleIONEnabled,HOMEPAGES-User,IDM-User,IDM-RelatedInformationUser,M3UI-USER,MASHUP-User,FGR003_RW,FGR001_RW,FGR005_RW,FGR004_RW,FGR002_RW,FGR351_RW,FGR355_RW,FGR352_RW,FGR350_RW,FGR359_RW,FGR014_RO,FGR021_RO,FGR300_RO,FGR301_RO,FGR302_RO,FGR311_RO,FGR312_RO,FGR352_RO,FGR350_RO,FGR302_RW,FGR359_RO,FGR305_RW,FGR310_RW,FGR312_RW,FGR315_RW,FGR300_RW,FGR301_RW,FGR309_RW,FGR311_RW,FGR319_RW,FGR006_RO,FGR012_RO,FGR013_RO,FGR309_RO,FGR305_RO,FGR315_RO,FGR310_RO,FGR319_RO,FGR351_RO,FGR355_RO,,,,,,,,,,,,,,,,,,,,,,,,,,,,,,,,,,,,,,,,,,,,,,,,,,,,,,,,,,,,,,,,,,,,,,,,,,,,,,,,,,,,,,,,,,,,,,,,,,,,,,,,,,,,,,,,,,,,,,,,,,,,,,,,,,,,,,,,,,,,,,,,,,,,,,,,,,,,,,,,,,,,,,,,,,,,,,,,,,,,,,,,,,,,,,,,,,,,,,,,,,,,,,,,,,,,,,,,,,,,,,,,,,,,,,,,,,,,,,,,,,,,,,,,,,,,,,,,,,,,,,,,,,,,,,,,,,,,,,,,,,,,,,,,,,,,,,,,,,,,,,,,,,,,,,,,,,,,,,,,,,,,,,,,,,,,,,,,,,,,,,,,,,,,,,,,,,,,,,,,,,,,,,,,,,,,,,,,,,,,,,,,,,,,,,,,,,,,,,,,,,,,,,,,,,,,,,,,,,,,,,,,,,,,,,,,,,,,,,,,,,,,,,,,,,,,,,,,,,,,,,,,,,,,,,,,,,,,,,,,,,,,,,,,,,,,,,,,,,,,,,,,,,,,,,,,,,,,,,,,,,,,,,,,,,,,,,,,,,,,,,,,,,,,,,,,,,,,,,,,,,,,,,,,,,,,,,,,,,,,,,,,,,,,,,,,,,,,,,,,,,,,,,,,,,,,,,,,,,,,,,,,,,,,,,,,, ,Updated
1ef54bf3-31a7-47d9-9db7-483fa870a7cc,Karen,Pahamtang,karen.pahamtang@chcheli.com,Ms,Active,,1ef54bf3-31a7-47d9-9db7-483fa870a7cc,karen.pahamtang@chcheli.com,2024-03-12T06:48:59-07:00,2024-07-22T02:13:18-07:00,karen.pahamtang@chcheli.com,KPAHAMTA,,,,,,,,MingleEnterprise,Infor-SuiteUser,MingleIONEnabled,HOMEPAGES-User,IONAPI-User,IDM-User,IDM-RelatedInformationUser,M3UI-USER,MASHUP-User,M3A Finance,FGR003_RW,FGR001_RW,FGR005_RW,FGR004_RW,FGR002_RW,FGR351_RW,FGR355_RW,FGR352_RW,FGR350_RW,FGR359_RW,FGR014_RO,FGR021_RO,FGR300_RO,FGR301_RO,FGR302_RO,FGR311_RO,FGR312_RO,FGR352_RO,FGR350_RO,FGR302_RW,FGR359_RO,FGR305_RW,FGR310_RW,FGR312_RW,FGR315_RW,FGR300_RW,FGR301_RW,FGR309_RW,FGR311_RW,FGR319_RW,FGR006_RO,FGR012_RO,FGR013_RO,FGR309_RO,FGR305_RO,FGR315_RO,FGR310_RO,FGR319_RO,FGR351_RO,FGR355_RO,,,,,,,,,,,,,,,,,,,,,,,,,,,,,,,,,,,,,,,,,,,,,,,,,,,,,,,,,,,,,,,,,,,,,,,,,,,,,,,,,,,,,,,,,,,,,,,,,,,,,,,,,,,,,,,,,,,,,,,,,,,,,,,,,,,,,,,,,,,,,,,,,,,,,,,,,,,,,,,,,,,,,,,,,,,,,,,,,,,,,,,,,,,,,,,,,,,,,,,,,,,,,,,,,,,,,,,,,,,,,,,,,,,,,,,,,,,,,,,,,,,,,,,,,,,,,,,,,,,,,,,,,,,,,,,,,,,,,,,,,,,,,,,,,,,,,,,,,,,,,,,,,,,,,,,,,,,,,,,,,,,,,,,,,,,,,,,,,,,,,,,,,,,,,,,,,,,,,,,,,,,,,,,,,,,,,,,,,,,,,,,,,,,,,,,,,,,,,,,,,,,,,,,,,,,,,,,,,,,,,,,,,,,,,,,,,,,,,,,,,,,,,,,,,,,,,,,,,,,,,,,,,,,,,,,,,,,,,,,,,,,,,,,,,,,,,,,,,,,,,,,,,,,,,,,,,,,,,,,,,,,,,,,,,,,,,,,,,,,,,,,,,,,,,,,,,,,,,,,,,,,,,,,,,,,,,,,,,,,,,,,,,,,,,,,,,,,,,,,,,,,,,,,,,,,,,,,,,,,,,,,,,,,,,,, ,Updated
MAJONES,Mariscia,Jones,mariscia.jones@chcheli.com,AP Manager,Active,,22645923-948a-4ca5-ab93-a60f66b40b89,mariscia.jones@chcheli.com,2024-03-12T06:52:54-07:00,2026-08-12T12:36:53-07:00,mariscia.jones@chcheli.com,MAJONES,,,,,,,,MingleEnterprise,Infor-SuiteUser,MingleIONEnabled,HOMEPAGES-User,IDM-User,IDM-RelatedInformationUser,M3UI-USER,MASHUP-User,DocBits-User,FGR003_RW,FGR001_RW,FGR005_RW,FGR004_RW,FGR002_RW,FGR014_RO,FGR021_RO,FGR300_RO,FGR301_RO,FGR302_RO,FGR311_RO,FGR352_RO,FGR350_RO,FGR359_RO,FGR006_RO,FGR013_RO,FGR309_RO,FGR305_RO,FGR310_RO,FGR319_RO,FGR351_RO,,,,,,,,,,,,,,,,,,,,,,,,,,,,,,,,,,,,,,,,,,,,,,,,,,,,,,,,,,,,,,,,,,,,,,,,,,,,,,,,,,,,,,,,,,,,,,,,,,,,,,,,,,,,,,,,,,,,,,,,,,,,,,,,,,,,,,,,,,,,,,,,,,,,,,,,,,,,,,,,,,,,,,,,,,,,,,,,,,,,,,,,,,,,,,,,,,,,,,,,,,,,,,,,,,,,,,,,,,,,,,,,,,,,,,,,,,,,,,,,,,,,,,,,,,,,,,,,,,,,,,,,,,,,,,,,,,,,,,,,,,,,,,,,,,,,,,,,,,,,,,,,,,,,,,,,,,,,,,,,,,,,,,,,,,,,,,,,,,,,,,,,,,,,,,,,,,,,,,,,,,,,,,,,,,,,,,,,,,,,,,,,,,,,,,,,,,,,,,,,,,,,,,,,,,,,,,,,,,,,,,,,,,,,,,,,,,,,,,,,,,,,,,,,,,,,,,,,,,,,,,,,,,,,,,,,,,,,,,,,,,,,,,,,,,,,,,,,,,,,,,,,,,,,,,,,,,,,,,,,,,,,,,,,,,,,,,,,,,,,,,,,,,,,,,,,,,,,,,,,,,,,,,,,,,,,,,,,,,,,,,,,,,,,,,,,,,,,,,,,,,,,,,,,,,,,,,,,,,,,,,,,,,,,,,,,,,,,,,,,,,,,,,,,,,, ,Updated
AKOT,Anna,Kot,anna.kot@heli-one.com,,Active,,a235484c-1195-4b09-900b-cf4907771273,anna.kot@heli-one.com,2024-03-19T11:23:53-07:00,2024-09-17T07:23:58-07:00,anna.kot@heli-one.com,AKOT,,,,,,,,MingleEnterprise,Infor-SuiteUser,MingleIONEnabled,HOMEPAGES-User,IDM-User,IDM-RelatedInformationUser,M3UI-USER,MASHUP-User,FGR003_RW,FGR001_RW,FGR005_RW,FGR004_RW,FGR002_RW,FGR014_RO,FGR021_RO,FGR300_RO,FGR301_RO,FGR302_RO,FGR311_RO,FGR352_RO,FGR350_RO,FGR359_RO,FGR006_RO,FGR013_RO,FGR309_RO,FGR305_RO,FGR310_RO,FGR319_RO,FGR351_RO,,,,,,,,,,,,,,,,,,,,,,,,,,,,,,,,,,,,,,,,,,,,,,,,,,,,,,,,,,,,,,,,,,,,,,,,,,,,,,,,,,,,,,,,,,,,,,,,,,,,,,,,,,,,,,,,,,,,,,,,,,,,,,,,,,,,,,,,,,,,,,,,,,,,,,,,,,,,,,,,,,,,,,,,,,,,,,,,,,,,,,,,,,,,,,,,,,,,,,,,,,,,,,,,,,,,,,,,,,,,,,,,,,,,,,,,,,,,,,,,,,,,,,,,,,,,,,,,,,,,,,,,,,,,,,,,,,,,,,,,,,,,,,,,,,,,,,,,,,,,,,,,,,,,,,,,,,,,,,,,,,,,,,,,,,,,,,,,,,,,,,,,,,,,,,,,,,,,,,,,,,,,,,,,,,,,,,,,,,,,,,,,,,,,,,,,,,,,,,,,,,,,,,,,,,,,,,,,,,,,,,,,,,,,,,,,,,,,,,,,,,,,,,,,,,,,,,,,,,,,,,,,,,,,,,,,,,,,,,,,,,,,,,,,,,,,,,,,,,,,,,,,,,,,,,,,,,,,,,,,,,,,,,,,,,,,,,,,,,,,,,,,,,,,,,,,,,,,,,,,,,,,,,,,,,,,,,,,,,,,,,,,,,,,,,,,,,,,,,,,,,,,,,,,,,,,,,,,,,,,,,,,,,,,,,,,,,,,,,,,,,,,,,,,,,,, ,Updated
NKB,Nataraj,KB,nataraj@doppiogroup.com,Senior Consultant,Active,,017845eb-455a-43c8-9a0a-05165b13c7f0,nataraj@doppiogroup.com,2024-04-09T09:22:38-07:00,2026-08-14T10:07:34-07:00,nataraj@doppiogroup.com,NKB,,,,,,,,UserAdmin,DataAdministrator,Infor-SystemAdministrator,IFS-ExternalEntityAdmin,IFS-ReadOnlyUser,IFS-AuditReportUser,IFS-AuditAdministrator,IFS-MonitorReportUser,IFS-MonitorAdministrator,IFS-PasswordAdmin,MingleEnterprise,Infor-SuiteUser,MingleIONEnabled,MingleAdministrator,MingleDataAdministrator,PORTAL-User,PORTAL-ContentAdministrator,GRID-SystemAdministrator,GRID-Viewer,GRID-Administrator,HOMEPAGES-Administrator,HOMEPAGES-ContentAdministrator,HOMEPAGES-User,HOMEPAGES-ContentSupport,IONDeskSecurityAdmin,IONDeskAdmin,IONContentProvider,IONDeskOAuthGenerator,Mingle-LocatorView,IFSAdminContact,IONAPI-Tracing,IONAPI-User,IONAPI-Administrator,DATALAKE-User,DATALAKE-DataAdministrator,DATALAKE-SystemAdministrator,DECISIONSERVICE-Editor,DECISIONSERVICE-Approver,INBOX-PowerUser,SmartHelpUser,IDM-User,IDM-AdvancedUser,IDM-Administrator,IDM-SuperUser,IDM-RelatedInformationUser,IDM-SignatureUser,GDPR-Collaboration-ChiefDataProtectionOfficer,GDPR-Collaboration-DataProtectionOfficer,GDPR-App-Administrator,DATAFABRIC-SuperAdmin,DATAFABRIC-User,ENTERPRISESEARCH-Admin,ENTERPRISESEARCH-User,ENTERPRISESEARCH-PowerUser,M3EC-Administrator,M3EC-User,M3EC-ClientDesigntime,M3-DLSubscriptionAdmin,M3BE-FATAdmin-Exporter,M3UI-StartPageAdministrator,M3UI-DebugUser,M3UI-Administrator,M3UI-USER,M3UI-Designer,M3BDP-Administrator,M3BDP-USER,MASHUP-Administrator,MASHUP-User,IECEC-Administrator,IECEC-User,M3BE-FATAdmin,M3BE-FndAdmin,M3BE-FndUser,M3BE-ServicesAdmin,M3BE-CryptoAdmin,M3BE-ExtensionsAdmin,M3BE-ExtensionsViewer,M3BE-DBViewer,M3BE-DBAdmin,M3BE-FndFlagAdmin,M3BE-FileViewer,M3BE-FileAdmin,M3BE-ConfigAdmin,M3BE-ConfigUser,M3BE-LogEnabler,M3BE-SystemAdministrator,M3BE-DBAdmin-ReadToken,EVENTHUB-Administrator,EVENTHUB-User,M3MDP-USER,M3CE_About_Viewer,M3ENTERPRISESEARCH-Administrator,IPW-User,Birst-SystemAdministrator,Birst-User,MONGOOSE-UG-CoreFormsAdmin,MONGOOSE-UG-CoreFormsDeveloper,MONGOOSE-UG-CoreFormsEndUser,MONGOOSE-UG-CoreIDOs,MONGOOSE-LM-MGCoreAutomation,MONGOOSE-LM-MGCoreTrans,MONGOOSE-LM-MGDataViews,MONGOOSE-LM-MGDeveloper,MONGOOSE-LM-MGUserCreatedForms,MONGOOSE-LM-MGUserCreatedIDOs,MONGOOSE-LM-MGPAAS,MONGOOSE-LM-MGM3InterfaceForms,MONGOOSE-LM-MGM3InterfaceIDOs,MONGOOSE-LM-MGAppBuilder,APPBUILDER-Administrator,APPBUILDER-User,APPBUILDER-Designer,LCLLSP-User,LCLLSP-Admin,LCLLSP-PrivilegedUser,LCLLSP-ServiceAdmin,LCLLSP-AppAdmin,LCLLSP-SupAdmin,LCLLSP-StdAdmin,LCLLSP-StdUser,M3A Administrators,M3A Developers,M3A Procurement,M3A Finance,M3A Production,M3ADISBIRST-Model-Administrator,M3ADISBIRST-Extension-Administrator,M3ADISBIRST-Consumer-Administrator,M3ADISBIRST-User,M3A Warehouse,M3A Default Subject Area,IFSApplicationAdmin,IFS-ShowUserManagementUI,IFS-GroupsAdmin,IFS-GroupsUpdate,IFS-GroupsReadOnlyUser,IFS-ReadOnly,M3MDP-TESTAPI,INBOX-Admin,M3DMP-Contributor,M3UI-Approver,M3A Opportunity Management,IONAPI-Developer,M3CPW-User,IAD-DataMaintainer,IAD-Designer,IAD-Publisher,IAD-TemplateBuilder,M3ACM-User,M3ACM-Viewer,IPI-ModelerAdmin,IPI-ModelerViewer,IPI-ModelerDesigner,PORTAL-ContentPublisher,M3BE-PowerUser,M3BE-LicenseType1,M3BE-LicenseType2,M3BE-LicenseType3,M3BE-LicenseType6-FT,M3BE-LicenseType6-SHUB,M3HealthService-Administrator,IONAPI-BaaS-Administrator,IONAPI-BaaS-DataAdministrator,IONAPI-BaaS-Developer,IONAPI-BaaS-User,M3BE-DBUpdater,DATAFABRIC-HealthServiceAdmin,PORTAL-AnnouncementAdministrator,M3BE-DBAdmin-PrdToken,M3BE-LicenseType4,SMARTHELP-Administrator,DocBits-User,FGR032_RW,FGR003_RW,FGR012_RW,FGR001_RW,FGR014_RW,FGR005_RW,FGR061_RW,FGR030_RW,FGR060_RW,FGR070_RW,FGR021_RW,FGR031_RW,FGR004_RW,FGR069_RW,FGR072_RW,FGR071_RW,FGR062_RW,FGR035_RW,FGR013_RW,FGR006_RW,FGR039_RW,FGR065_RW,FGR329_RW,FGR002_RW,FGR079_RW,FGR331_RW,FGR341_RW,FGR332_RW,FGR342_RW,FGR351_RW,FGR355_RW,FGR352_RW,FGR350_RW,FGR362_RW,FGR359_RW,FGR190_RW,FGR302_RW,FGR305_RW,FGR310_RW,FGR312_RW,FGR315_RW,FGR115_RW,FGR320_RW,FGR119_RW,FGR110_RW,FGR111_RW,FGR112_RW,FGR300_RW,FGR301_RW,FGR309_RW,FGR311_RW,FGR321_RW,FGR319_RW,FGR325_RW,FGR322_RW,FGR330_RW,FGR335_RW,FGR339_RW,FGR340_RW,FGR345_RW,FGR349_RW,FGR361_RW,FGR360_RW,FGR365_RW,FGR369_RW,FGR999_RW,FGR013_RO,,,,,,,,,,,,,,,,,,,,,,,,,,,,,,,,,,,,,,,,,,,,,,,,,,,,,,,,,,,,,,,,,,,,,,,,,,,,,,,,,,,,,,,,,,,,,,,,,,,,,,,,,,,,,,,,,,,,,,,,,,,,,,,,,,,,,,,,,,,,,,,,,,,,,,,,,,,,,,,,,,,,,,,,,,,,,,,,,,,,,,,,,,,,,,,,,,,,,,,,,,,,,,,,,,,,,,,,,,,,,,,,,,,,,,,,,,,,,,,,,,,,,,,,,,,,,,,,,,,,,,,,,,,,,,,,,,,,,,,,,,,,,,,,,,,,,,,,,,,,,,,,,,,,,,,,,,,,,,,,,,,,,,,,,,,,,,,,,,,,,,,,,,,,,,,,,,,,,,,,,,,,,,,,,,,,,,,,,,,,,,,,,,,,,,,,,,,,,,,,,,,,,,,,,,,,,,,,,,,,,,,,,,,,,,,,,,,,,,,,,, ,Updated
MCHOI,Michael,Choi,Michael.Choi@chcheli.com,Fixed Assets Manager,Active,,f50d7d59-acd1-41c8-8739-3796674baaae,Michael.Choi@chcheli.com,2024-07-12T10:06:17-07:00,2025-07-29T10:07:18-07:00,Michael.Choi@chcheli.com,MCHOI,,,,,,,,MingleEnterprise,Infor-SuiteUser,MingleIONEnabled,HOMEPAGES-User,IDM-User,IDM-RelatedInformationUser,M3UI-USER,MASHUP-User,FGR003_RW,FGR001_RW,FGR005_RW,FGR004_RW,FGR002_RW,FGR351_RW,FGR355_RW,FGR352_RW,FGR350_RW,FGR359_RW,FGR014_RO,FGR021_RO,FGR300_RO,FGR301_RO,FGR302_RO,FGR311_RO,FGR312_RO,FGR352_RO,FGR350_RO,FGR302_RW,FGR359_RO,FGR305_RW,FGR310_RW,FGR312_RW,FGR315_RW,FGR300_RW,FGR301_RW,FGR309_RW,FGR311_RW,FGR319_RW,FGR006_RO,FGR012_RO,FGR013_RO,FGR309_RO,FGR305_RO,FGR315_RO,FGR310_RO,FGR319_RO,FGR351_RO,FGR355_RO,,,,,,,,,,,,,,,,,,,,,,,,,,,,,,,,,,,,,,,,,,,,,,,,,,,,,,,,,,,,,,,,,,,,,,,,,,,,,,,,,,,,,,,,,,,,,,,,,,,,,,,,,,,,,,,,,,,,,,,,,,,,,,,,,,,,,,,,,,,,,,,,,,,,,,,,,,,,,,,,,,,,,,,,,,,,,,,,,,,,,,,,,,,,,,,,,,,,,,,,,,,,,,,,,,,,,,,,,,,,,,,,,,,,,,,,,,,,,,,,,,,,,,,,,,,,,,,,,,,,,,,,,,,,,,,,,,,,,,,,,,,,,,,,,,,,,,,,,,,,,,,,,,,,,,,,,,,,,,,,,,,,,,,,,,,,,,,,,,,,,,,,,,,,,,,,,,,,,,,,,,,,,,,,,,,,,,,,,,,,,,,,,,,,,,,,,,,,,,,,,,,,,,,,,,,,,,,,,,,,,,,,,,,,,,,,,,,,,,,,,,,,,,,,,,,,,,,,,,,,,,,,,,,,,,,,,,,,,,,,,,,,,,,,,,,,,,,,,,,,,,,,,,,,,,,,,,,,,,,,,,,,,,,,,,,,,,,,,,,,,,,,,,,,,,,,,,,,,,,,,,,,,,,,,,,,,,,,,,,,,,,,,,,,,,,,,,,,,,,,,,,,,,,,,,,,,,,,,,,,,,,,,,,,,,,,, ,Updated
AKHAKIMO,Adina,Khakimova,Adina.Khakimova@heli-one.com,Adina,Active,,db5ce5ef-b063-4dce-a5fd-6fde8bf2f17c,Adina.Khakimova@heli-one.com,2024-07-12T10:46:37-07:00,2025-08-25T06:27:35-07:00,Adina.Khakimova@heli-one.com,AKHAKIMO,,,,,,,,MingleEnterprise,Infor-SuiteUser,MingleIONEnabled,HOMEPAGES-User,IDM-User,IDM-RelatedInformationUser,M3UI-USER,MASHUP-User,FGR003_RW,FGR001_RW,FGR005_RW,FGR004_RW,FGR002_RW,FGR014_RO,FGR021_RO,FGR199_RO,FGR191_RO,FGR300_RO,FGR301_RO,FGR302_RO,FGR311_RO,FGR312_RO,FGR321_RO,FGR329_RO,FGR322_RO,FGR352_RO,FGR350_RO,FGR359_RO,FGR006_RO,FGR012_RO,FGR013_RO,FGR190_RO,FGR192_RO,FGR309_RO,FGR305_RO,FGR315_RO,FGR310_RO,FGR319_RO,FGR320_RO,FGR325_RO,FGR351_RO,FGR355_RO,,,,,,,,,,,,,,,,,,,,,,,,,,,,,,,,,,,,,,,,,,,,,,,,,,,,,,,,,,,,,,,,,,,,,,,,,,,,,,,,,,,,,,,,,,,,,,,,,,,,,,,,,,,,,,,,,,,,,,,,,,,,,,,,,,,,,,,,,,,,,,,,,,,,,,,,,,,,,,,,,,,,,,,,,,,,,,,,,,,,,,,,,,,,,,,,,,,,,,,,,,,,,,,,,,,,,,,,,,,,,,,,,,,,,,,,,,,,,,,,,,,,,,,,,,,,,,,,,,,,,,,,,,,,,,,,,,,,,,,,,,,,,,,,,,,,,,,,,,,,,,,,,,,,,,,,,,,,,,,,,,,,,,,,,,,,,,,,,,,,,,,,,,,,,,,,,,,,,,,,,,,,,,,,,,,,,,,,,,,,,,,,,,,,,,,,,,,,,,,,,,,,,,,,,,,,,,,,,,,,,,,,,,,,,,,,,,,,,,,,,,,,,,,,,,,,,,,,,,,,,,,,,,,,,,,,,,,,,,,,,,,,,,,,,,,,,,,,,,,,,,,,,,,,,,,,,,,,,,,,,,,,,,,,,,,,,,,,,,,,,,,,,,,,,,,,,,,,,,,,,,,,,,,,,,,,,,,,,,,,,,,,,,,,,,,,,,,,,,,,,,,,,,,,,,,,,,,,,,,,,,,,,,,,,,,,,,,,,,, ,Updated
PREN,Ping,Ren,Ping.Ren@chcheli.com,Senior accountant,Active,,2d30c0ba-8ea7-4f6f-88c3-82ae93631b3c,Ping.Ren@chcheli.com,2024-07-22T11:26:51-07:00,2026-01-16T17:22:17-08:00,Ping.Ren@chcheli.com,PREN,,,,,,,,MingleEnterprise,Infor-SuiteUser,MingleIONEnabled,HOMEPAGES-User,DATALAKE-User,IDM-User,IDM-RelatedInformationUser,M3UI-USER,MASHUP-User,M3A Finance,FGR003_RW,FGR001_RW,FGR005_RW,FGR004_RW,FGR002_RW,FGR351_RW,FGR355_RW,FGR352_RW,FGR350_RW,FGR359_RW,FGR014_RO,FGR021_RO,FGR300_RO,FGR301_RO,FGR302_RO,FGR311_RO,FGR312_RO,FGR352_RO,FGR350_RO,FGR302_RW,FGR359_RO,FGR305_RW,FGR310_RW,FGR312_RW,FGR315_RW,FGR300_RW,FGR301_RW,FGR309_RW,FGR311_RW,FGR319_RW,FGR006_RO,FGR012_RO,FGR013_RO,FGR309_RO,FGR305_RO,FGR315_RO,FGR310_RO,FGR319_RO,FGR351_RO,FGR355_RO,,,,,,,,,,,,,,,,,,,,,,,,,,,,,,,,,,,,,,,,,,,,,,,,,,,,,,,,,,,,,,,,,,,,,,,,,,,,,,,,,,,,,,,,,,,,,,,,,,,,,,,,,,,,,,,,,,,,,,,,,,,,,,,,,,,,,,,,,,,,,,,,,,,,,,,,,,,,,,,,,,,,,,,,,,,,,,,,,,,,,,,,,,,,,,,,,,,,,,,,,,,,,,,,,,,,,,,,,,,,,,,,,,,,,,,,,,,,,,,,,,,,,,,,,,,,,,,,,,,,,,,,,,,,,,,,,,,,,,,,,,,,,,,,,,,,,,,,,,,,,,,,,,,,,,,,,,,,,,,,,,,,,,,,,,,,,,,,,,,,,,,,,,,,,,,,,,,,,,,,,,,,,,,,,,,,,,,,,,,,,,,,,,,,,,,,,,,,,,,,,,,,,,,,,,,,,,,,,,,,,,,,,,,,,,,,,,,,,,,,,,,,,,,,,,,,,,,,,,,,,,,,,,,,,,,,,,,,,,,,,,,,,,,,,,,,,,,,,,,,,,,,,,,,,,,,,,,,,,,,,,,,,,,,,,,,,,,,,,,,,,,,,,,,,,,,,,,,,,,,,,,,,,,,,,,,,,,,,,,,,,,,,,,,,,,,,,,,,,,,,,,,,,,,,,,,,,,,,,,,,,,,,,,,,,, ,Updated
KWONG,Kenneth,Wong,kenneth.wong@chcheli.com,"Manager, Corporate Accounting",Active,,ca4b06c4-319d-44e4-9880-ff8525498c40,kenneth.wong@chcheli.com,2024-09-24T08:43:36-07:00,2024-09-24T08:53:31-07:00,kenneth.wong@chcheli.com,KWONG,,,,,,,,MingleEnterprise,Infor-SuiteUser,MingleIONEnabled,HOMEPAGES-User,IDM-User,IDM-RelatedInformationUser,M3UI-USER,MASHUP-User,FGR003_RW,FGR001_RW,FGR005_RW,FGR004_RW,FGR002_RW,FGR351_RW,FGR355_RW,FGR352_RW,FGR350_RW,FGR359_RW,FGR014_RO,FGR021_RO,FGR300_RO,FGR301_RO,FGR302_RO,FGR311_RO,FGR312_RO,FGR352_RO,FGR350_RO,FGR302_RW,FGR359_RO,FGR305_RW,FGR310_RW,FGR312_RW,FGR315_RW,FGR300_RW,FGR301_RW,FGR309_RW,FGR311_RW,FGR319_RW,FGR006_RO,FGR012_RO,FGR013_RO,FGR309_RO,FGR305_RO,FGR315_RO,FGR310_RO,FGR319_RO,FGR351_RO,FGR355_RO,,,,,,,,,,,,,,,,,,,,,,,,,,,,,,,,,,,,,,,,,,,,,,,,,,,,,,,,,,,,,,,,,,,,,,,,,,,,,,,,,,,,,,,,,,,,,,,,,,,,,,,,,,,,,,,,,,,,,,,,,,,,,,,,,,,,,,,,,,,,,,,,,,,,,,,,,,,,,,,,,,,,,,,,,,,,,,,,,,,,,,,,,,,,,,,,,,,,,,,,,,,,,,,,,,,,,,,,,,,,,,,,,,,,,,,,,,,,,,,,,,,,,,,,,,,,,,,,,,,,,,,,,,,,,,,,,,,,,,,,,,,,,,,,,,,,,,,,,,,,,,,,,,,,,,,,,,,,,,,,,,,,,,,,,,,,,,,,,,,,,,,,,,,,,,,,,,,,,,,,,,,,,,,,,,,,,,,,,,,,,,,,,,,,,,,,,,,,,,,,,,,,,,,,,,,,,,,,,,,,,,,,,,,,,,,,,,,,,,,,,,,,,,,,,,,,,,,,,,,,,,,,,,,,,,,,,,,,,,,,,,,,,,,,,,,,,,,,,,,,,,,,,,,,,,,,,,,,,,,,,,,,,,,,,,,,,,,,,,,,,,,,,,,,,,,,,,,,,,,,,,,,,,,,,,,,,,,,,,,,,,,,,,,,,,,,,,,,,,,,,,,,,,,,,,,,,,,,,,,,,,,,,,,,,,,,, ,Updated
NNUGRHA,Nadya,NUGRHA,nadya.nugrha@chcheli.com,Accounting Analyst,Active,,471af64b-7e19-47ef-8654-f41bf407db7b,nadya.nugrha@chcheli.com,2024-09-30T16:33:26-07:00,2024-09-30T18:33:43-07:00,nadya.nugrha@chcheli.com,NNUGRHA,,,,,,,,MingleEnterprise,Infor-SuiteUser,MingleIONEnabled,HOMEPAGES-User,DECISIONSERVICE-Approver,IDM-User,IDM-RelatedInformationUser,M3UI-USER,MASHUP-User,M3BE-FileViewer,M3UI-Approver,M3BE-LicenseType1,FGR003_RW,FGR001_RW,FGR005_RW,FGR004_RW,FGR002_RW,FGR014_RO,FGR021_RO,FGR199_RO,FGR191_RO,FGR300_RO,FGR301_RO,FGR302_RO,FGR311_RO,FGR312_RO,FGR321_RO,FGR329_RO,FGR322_RO,FGR352_RO,FGR350_RO,FGR359_RO,FGR006_RO,FGR012_RO,FGR013_RO,FGR190_RO,FGR192_RO,FGR309_RO,FGR305_RO,FGR315_RO,FGR310_RO,FGR319_RO,FGR320_RO,FGR325_RO,FGR351_RO,FGR355_RO,,,,,,,,,,,,,,,,,,,,,,,,,,,,,,,,,,,,,,,,,,,,,,,,,,,,,,,,,,,,,,,,,,,,,,,,,,,,,,,,,,,,,,,,,,,,,,,,,,,,,,,,,,,,,,,,,,,,,,,,,,,,,,,,,,,,,,,,,,,,,,,,,,,,,,,,,,,,,,,,,,,,,,,,,,,,,,,,,,,,,,,,,,,,,,,,,,,,,,,,,,,,,,,,,,,,,,,,,,,,,,,,,,,,,,,,,,,,,,,,,,,,,,,,,,,,,,,,,,,,,,,,,,,,,,,,,,,,,,,,,,,,,,,,,,,,,,,,,,,,,,,,,,,,,,,,,,,,,,,,,,,,,,,,,,,,,,,,,,,,,,,,,,,,,,,,,,,,,,,,,,,,,,,,,,,,,,,,,,,,,,,,,,,,,,,,,,,,,,,,,,,,,,,,,,,,,,,,,,,,,,,,,,,,,,,,,,,,,,,,,,,,,,,,,,,,,,,,,,,,,,,,,,,,,,,,,,,,,,,,,,,,,,,,,,,,,,,,,,,,,,,,,,,,,,,,,,,,,,,,,,,,,,,,,,,,,,,,,,,,,,,,,,,,,,,,,,,,,,,,,,,,,,,,,,,,,,,,,,,,,,,,,,,,,,,,,,,,,,,,,,,,,,,,,,,,,,,,,,,,,,,,,,,,,,,,,,, ,Updated
775b3b2e-bf88-4f4c-b4a6-fbc1f63b4c1e,Ayesha,Sumaiya,ayesha@doppiogroup.com,Senior Technical Consultant,Active,,775b3b2e-bf88-4f4c-b4a6-fbc1f63b4c1e,ayesha@doppiogroup.com,2024-10-04T08:47:18-07:00,2025-10-06T02:09:40-07:00,ayesha@doppiogroup.com,ASUMAIYA,,,,,,,,UserAdmin,DataAdministrator,Infor-SystemAdministrator,IFS-ExternalEntityAdmin,IFS-ReadOnlyUser,IFS-AuditReportUser,IFS-AuditAdministrator,IFS-MonitorReportUser,IFS-MonitorAdministrator,IFS-PasswordAdmin,MingleEnterprise,Infor-SuiteUser,MingleIONEnabled,MingleAdministrator,MingleDataAdministrator,PORTAL-User,PORTAL-ContentAdministrator,GRID-SystemAdministrator,GRID-Viewer,GRID-Administrator,HOMEPAGES-Administrator,HOMEPAGES-ContentAdministrator,HOMEPAGES-User,HOMEPAGES-ContentSupport,IONDeskSecurityAdmin,IONDeskAdmin,IONContentProvider,IONDeskOAuthGenerator,Mingle-LocatorView,IFSAdminContact,IONAPI-Tracing,IONAPI-User,IONAPI-Administrator,DATALAKE-User,DATALAKE-DataAdministrator,DATALAKE-SystemAdministrator,DECISIONSERVICE-Editor,DECISIONSERVICE-Approver,INBOX-PowerUser,SmartHelpUser,IDM-User,IDM-AdvancedUser,IDM-Administrator,IDM-SuperUser,IDM-RelatedInformationUser,IDM-SignatureUser,GDPR-Collaboration-ChiefDataProtectionOfficer,GDPR-Collaboration-DataProtectionOfficer,GDPR-App-Administrator,DATAFABRIC-SuperAdmin,DATAFABRIC-User,ENTERPRISESEARCH-Admin,ENTERPRISESEARCH-User,ENTERPRISESEARCH-PowerUser,M3EC-Administrator,M3EC-User,M3EC-ClientDesigntime,M3-DLSubscriptionAdmin,M3BE-FATAdmin-Exporter,M3UI-StartPageAdministrator,M3UI-DebugUser,M3UI-Administrator,M3UI-USER,M3UI-Designer,M3BDP-Administrator,M3BDP-USER,MASHUP-Administrator,MASHUP-User,IECEC-Administrator,IECEC-User,M3BE-FATAdmin,M3BE-FndAdmin,M3BE-FndUser,M3BE-ServicesAdmin,M3BE-CryptoAdmin,M3BE-ExtensionsAdmin,M3BE-ExtensionsViewer,M3BE-DBViewer,M3BE-DBAdmin,M3BE-FndFlagAdmin,M3BE-FileViewer,M3BE-FileAdmin,M3BE-ConfigAdmin,M3BE-ConfigUser,M3BE-LogEnabler,M3BE-SystemAdministrator,M3BE-DBAdmin-ReadToken,EVENTHUB-Administrator,EVENTHUB-User,M3MDP-USER,M3CE_About_Viewer,M3ENTERPRISESEARCH-Administrator,IPW-User,Birst-SystemAdministrator,Birst-User,MONGOOSE-UG-CoreFormsAdmin,MONGOOSE-UG-CoreFormsDeveloper,MONGOOSE-UG-CoreFormsEndUser,MONGOOSE-UG-CoreIDOs,MONGOOSE-LM-MGCoreAutomation,MONGOOSE-LM-MGCoreTrans,MONGOOSE-LM-MGDataViews,MONGOOSE-LM-MGDeveloper,MONGOOSE-LM-MGUserCreatedForms,MONGOOSE-LM-MGUserCreatedIDOs,MONGOOSE-LM-MGPAAS,MONGOOSE-LM-MGM3InterfaceForms,MONGOOSE-LM-MGM3InterfaceIDOs,MONGOOSE-LM-MGAppBuilder,APPBUILDER-Administrator,APPBUILDER-User,APPBUILDER-Designer,LCLLSP-User,LCLLSP-Admin,LCLLSP-PrivilegedUser,LCLLSP-ServiceAdmin,LCLLSP-AppAdmin,LCLLSP-SupAdmin,LCLLSP-StdAdmin,LCLLSP-StdUser,M3A Administrators,M3A Developers,M3A Procurement,M3A Finance,M3A Production,M3ADISBIRST-Model-Administrator,M3ADISBIRST-Extension-Administrator,M3ADISBIRST-Consumer-Administrator,M3ADISBIRST-User,M3A Warehouse,M3A Default Subject Area,IFSApplicationAdmin,IFS-ShowUserManagementUI,IFS-GroupsAdmin,IFS-GroupsUpdate,IFS-GroupsReadOnlyUser,IFS-ReadOnly,M3MDP-TESTAPI,INBOX-Admin,M3DMP-Contributor,M3UI-Approver,M3A Opportunity Management,IONAPI-Developer,M3CPW-User,IAD-DataMaintainer,IAD-Designer,IAD-Publisher,IAD-TemplateBuilder,M3ACM-User,M3ACM-Viewer,IPI-ModelerAdmin,IPI-ModelerViewer,IPI-ModelerDesigner,PORTAL-ContentPublisher,M3BE-PowerUser,M3BE-LicenseType1,M3BE-LicenseType2,M3BE-LicenseType3,M3BE-LicenseType6-FT,M3BE-LicenseType6-SHUB,M3HealthService-Administrator,IONAPI-BaaS-Administrator,IONAPI-BaaS-DataAdministrator,IONAPI-BaaS-Developer,IONAPI-BaaS-User,M3BE-DBUpdater,DATAFABRIC-HealthServiceAdmin,PORTAL-AnnouncementAdministrator,M3BE-DBAdmin-PrdToken,M3BE-LicenseType4,SMARTHELP-Administrator,FGR032_RW,FGR003_RW,FGR012_RW,FGR001_RW,FGR014_RW,FGR005_RW,FGR061_RW,FGR030_RW,FGR060_RW,FGR070_RW,FGR021_RW,FGR031_RW,FGR004_RW,FGR069_RW,FGR072_RW,FGR071_RW,FGR062_RW,FGR035_RW,FGR013_RW,FGR006_RW,FGR039_RW,FGR065_RW,FGR329_RW,FGR002_RW,FGR079_RW,FGR331_RW,FGR341_RW,FGR332_RW,FGR342_RW,FGR351_RW,FGR355_RW,FGR352_RW,FGR350_RW,FGR362_RW,FGR359_RW,FGR190_RW,FGR302_RW,FGR305_RW,FGR310_RW,FGR312_RW,FGR315_RW,FGR115_RW,FGR320_RW,FGR119_RW,FGR110_RW,FGR111_RW,FGR112_RW,FGR300_RW,FGR301_RW,FGR309_RW,FGR311_RW,FGR321_RW,FGR319_RW,FGR325_RW,FGR322_RW,FGR330_RW,FGR335_RW,FGR339_RW,FGR340_RW,FGR345_RW,FGR349_RW,FGR361_RW,FGR360_RW,FGR365_RW,FGR369_RW,FGR999_RW,FGR013_RO,,,,,,,,,,,,,,,,,,,,,,,,,,,,,,,,,,,,,,,,,,,,,,,,,,,,,,,,,,,,,,,,,,,,,,,,,,,,,,,,,,,,,,,,,,,,,,,,,,,,,,,,,,,,,,,,,,,,,,,,,,,,,,,,,,,,,,,,,,,,,,,,,,,,,,,,,,,,,,,,,,,,,,,,,,,,,,,,,,,,,,,,,,,,,,,,,,,,,,,,,,,,,,,,,,,,,,,,,,,,,,,,,,,,,,,,,,,,,,,,,,,,,,,,,,,,,,,,,,,,,,,,,,,,,,,,,,,,,,,,,,,,,,,,,,,,,,,,,,,,,,,,,,,,,,,,,,,,,,,,,,,,,,,,,,,,,,,,,,,,,,,,,,,,,,,,,,,,,,,,,,,,,,,,,,,,,,,,,,,,,,,,,,,,,,,,,,,,,,,,,,,,,,,,,,,,,,,,,,,,,,,,,,,,,,,,,,,,,,,,,,, ,Updated
ASOUZA,Aline,Souza,aline.souza@chcheli.com,Accountant,Active,,0fae10e7-d383-4036-8026-b8ed171e461e,aline.souza@chcheli.com,2024-10-08T06:27:55-07:00,2026-04-30T10:12:36-07:00,aline.souza@chcheli.com,ASOUZA,,,,,,,,MingleEnterprise,Infor-SuiteUser,MingleIONEnabled,HOMEPAGES-User,IDM-User,IDM-RelatedInformationUser,M3UI-USER,MASHUP-User,FGR003_RW,FGR001_RW,FGR005_RW,FGR004_RW,FGR021_RO,FGR300_RO,FGR301_RO,FGR302_RO,FGR311_RO,FGR352_RO,FGR350_RO,FGR359_RO,FGR006_RO,FGR013_RO,FGR309_RO,FGR305_RO,FGR310_RO,FGR319_RO,FGR351_RO,FGR355_RO,,,,,,,,,,,,,,,,,,,,,,,,,,,,,,,,,,,,,,,,,,,,,,,,,,,,,,,,,,,,,,,,,,,,,,,,,,,,,,,,,,,,,,,,,,,,,,,,,,,,,,,,,,,,,,,,,,,,,,,,,,,,,,,,,,,,,,,,,,,,,,,,,,,,,,,,,,,,,,,,,,,,,,,,,,,,,,,,,,,,,,,,,,,,,,,,,,,,,,,,,,,,,,,,,,,,,,,,,,,,,,,,,,,,,,,,,,,,,,,,,,,,,,,,,,,,,,,,,,,,,,,,,,,,,,,,,,,,,,,,,,,,,,,,,,,,,,,,,,,,,,,,,,,,,,,,,,,,,,,,,,,,,,,,,,,,,,,,,,,,,,,,,,,,,,,,,,,,,,,,,,,,,,,,,,,,,,,,,,,,,,,,,,,,,,,,,,,,,,,,,,,,,,,,,,,,,,,,,,,,,,,,,,,,,,,,,,,,,,,,,,,,,,,,,,,,,,,,,,,,,,,,,,,,,,,,,,,,,,,,,,,,,,,,,,,,,,,,,,,,,,,,,,,,,,,,,,,,,,,,,,,,,,,,,,,,,,,,,,,,,,,,,,,,,,,,,,,,,,,,,,,,,,,,,,,,,,,,,,,,,,,,,,,,,,,,,,,,,,,,,,,,,,,,,,,,,,,,,,,,,,,,,,,,,,,,,,,,,,,,,,,,,,,,,,,,, ,Updated
JSANTOS,JULIANA,SANTOS,juliana.santos@chcheli.com,Tax Specialist,Active,,636e6f11-17dd-4ba0-ad95-3bb5d4bd23c6,juliana.santos@chcheli.com,2024-10-08T06:27:56-07:00,2026-07-27T05:26:34-07:00,juliana.santos@chcheli.com,JSANTOS,,,,,,,,MingleEnterprise,Infor-SuiteUser,MingleIONEnabled,HOMEPAGES-User,IDM-User,IDM-RelatedInformationUser,M3UI-USER,MASHUP-User,FGR003_RW,FGR001_RW,FGR005_RW,FGR004_RW,FGR021_RO,FGR300_RO,FGR301_RO,FGR302_RO,FGR311_RO,FGR352_RO,FGR350_RO,FGR359_RO,FGR006_RO,FGR013_RO,FGR309_RO,FGR305_RO,FGR310_RO,FGR319_RO,FGR351_RO,FGR355_RO,,,,,,,,,,,,,,,,,,,,,,,,,,,,,,,,,,,,,,,,,,,,,,,,,,,,,,,,,,,,,,,,,,,,,,,,,,,,,,,,,,,,,,,,,,,,,,,,,,,,,,,,,,,,,,,,,,,,,,,,,,,,,,,,,,,,,,,,,,,,,,,,,,,,,,,,,,,,,,,,,,,,,,,,,,,,,,,,,,,,,,,,,,,,,,,,,,,,,,,,,,,,,,,,,,,,,,,,,,,,,,,,,,,,,,,,,,,,,,,,,,,,,,,,,,,,,,,,,,,,,,,,,,,,,,,,,,,,,,,,,,,,,,,,,,,,,,,,,,,,,,,,,,,,,,,,,,,,,,,,,,,,,,,,,,,,,,,,,,,,,,,,,,,,,,,,,,,,,,,,,,,,,,,,,,,,,,,,,,,,,,,,,,,,,,,,,,,,,,,,,,,,,,,,,,,,,,,,,,,,,,,,,,,,,,,,,,,,,,,,,,,,,,,,,,,,,,,,,,,,,,,,,,,,,,,,,,,,,,,,,,,,,,,,,,,,,,,,,,,,,,,,,,,,,,,,,,,,,,,,,,,,,,,,,,,,,,,,,,,,,,,,,,,,,,,,,,,,,,,,,,,,,,,,,,,,,,,,,,,,,,,,,,,,,,,,,,,,,,,,,,,,,,,,,,,,,,,,,,,,,,,,,,,,,,,,,,,,,,,,,,,,,,,,,,,,, ,Updated
WWHITE,William,White,will.white@chcheli.com,Global Director of Information Technology,Active,,495edf7f-4aa0-421f-82e9-de8511ab6403,will.white@chcheli.com,2025-07-02T11:03:41-07:00,2026-02-26T13:24:31-08:00,will.white@chcheli.com,WWHITE,,,,,,,,MingleEnterprise,Infor-SuiteUser,MingleIONEnabled,HOMEPAGES-User,IDM-User,IDM-RelatedInformationUser,M3UI-USER,MASHUP-User,,,,,,,,,,,,,,,,,,,,,,,,,,,,,,,,,,,,,,,,,,,,,,,,,,,,,,,,,,,,,,,,,,,,,,,,,,,,,,,,,,,,,,,,,,,,,,,,,,,,,,,,,,,,,,,,,,,,,,,,,,,,,,,,,,,,,,,,,,,,,,,,,,,,,,,,,,,,,,,,,,,,,,,,,,,,,,,,,,,,,,,,,,,,,,,,,,,,,,,,,,,,,,,,,,,,,,,,,,,,,,,,,,,,,,,,,,,,,,,,,,,,,,,,,,,,,,,,,,,,,,,,,,,,,,,,,,,,,,,,,,,,,,,,,,,,,,,,,,,,,,,,,,,,,,,,,,,,,,,,,,,,,,,,,,,,,,,,,,,,,,,,,,,,,,,,,,,,,,,,,,,,,,,,,,,,,,,,,,,,,,,,,,,,,,,,,,,,,,,,,,,,,,,,,,,,,,,,,,,,,,,,,,,,,,,,,,,,,,,,,,,,,,,,,,,,,,,,,,,,,,,,,,,,,,,,,,,,,,,,,,,,,,,,,,,,,,,,,,,,,,,,,,,,,,,,,,,,,,,,,,,,,,,,,,,,,,,,,,,,,,,,,,,,,,,,,,,,,,,,,,,,,,,,,,,,,,,,,,,,,,,,,,,,,,,,,,,,,,,,,,,,,,,,,,,,,,,,,,,,,,,,,,,,,,,,,,,,,,,,,,,,,,,,,,,,,,,,,,,,,,,,,,,,,,,,, ,Updated
SPAWAR,sandesh,pawar,sandesh.pawar@chcheli.com,Tech,Active,,6c2ee00b-637b-40bd-8e03-750a809991dc,sandesh.pawar@chcheli.com,2025-07-24T07:40:39-07:00,2026-07-09T05:11:10-07:00,sandesh.pawar@chcheli.com,SPAWAR,,,,,,,,UserAdmin,DataAdministrator,Infor-SystemAdministrator,IFS-ExternalEntityAdmin,IFS-ReadOnlyUser,IFS-AuditReportUser,IFS-AuditAdministrator,IFS-MonitorReportUser,IFS-MonitorAdministrator,IFS-PasswordAdmin,MingleEnterprise,Infor-SuiteUser,MingleIONEnabled,MingleAdministrator,MingleDataAdministrator,PORTAL-User,PORTAL-ContentAdministrator,GRID-SystemAdministrator,GRID-Viewer,GRID-Administrator,HOMEPAGES-Administrator,HOMEPAGES-ContentAdministrator,HOMEPAGES-User,HOMEPAGES-ContentSupport,IONDeskSecurityAdmin,IONDeskAdmin,IONContentProvider,IONDeskOAuthGenerator,Mingle-LocatorView,IFSAdminContact,IONAPI-Tracing,IONAPI-User,IONAPI-Administrator,DATALAKE-User,DATALAKE-DataAdministrator,DATALAKE-SystemAdministrator,DECISIONSERVICE-Editor,DECISIONSERVICE-Approver,INBOX-PowerUser,SmartHelpUser,IDM-User,IDM-AdvancedUser,IDM-Administrator,IDM-SuperUser,IDM-RelatedInformationUser,IDM-SignatureUser,GDPR-Collaboration-ChiefDataProtectionOfficer,GDPR-Collaboration-DataProtectionOfficer,GDPR-App-Administrator,DATAFABRIC-SuperAdmin,DATAFABRIC-User,ENTERPRISESEARCH-Admin,ENTERPRISESEARCH-User,ENTERPRISESEARCH-PowerUser,M3EC-Administrator,M3EC-User,M3EC-ClientDesigntime,M3-DLSubscriptionAdmin,M3BE-FATAdmin-Exporter,M3UI-StartPageAdministrator,M3UI-DebugUser,M3UI-Administrator,M3UI-USER,M3UI-Designer,M3BDP-Administrator,M3BDP-USER,MASHUP-Administrator,MASHUP-User,IECEC-Administrator,IECEC-User,M3BE-FATAdmin,M3BE-FndAdmin,M3BE-FndUser,M3BE-ServicesAdmin,M3BE-CryptoAdmin,M3BE-ExtensionsAdmin,M3BE-ExtensionsViewer,M3BE-DBViewer,M3BE-DBAdmin,M3BE-FndFlagAdmin,M3BE-FileViewer,M3BE-FileAdmin,M3BE-ConfigAdmin,M3BE-ConfigUser,M3BE-LogEnabler,M3BE-SystemAdministrator,M3BE-DBAdmin-ReadToken,EVENTHUB-Administrator,EVENTHUB-User,M3MDP-USER,M3CE_About_Viewer,M3ENTERPRISESEARCH-Administrator,IPW-User,Birst-SystemAdministrator,Birst-User,MONGOOSE-UG-CoreFormsAdmin,MONGOOSE-UG-CoreFormsDeveloper,MONGOOSE-UG-CoreFormsEndUser,MONGOOSE-UG-CoreIDOs,MONGOOSE-LM-MGCoreAutomation,MONGOOSE-LM-MGCoreTrans,MONGOOSE-LM-MGDataViews,MONGOOSE-LM-MGDeveloper,MONGOOSE-LM-MGUserCreatedForms,MONGOOSE-LM-MGUserCreatedIDOs,MONGOOSE-LM-MGPAAS,MONGOOSE-LM-MGM3InterfaceForms,MONGOOSE-LM-MGM3InterfaceIDOs,MONGOOSE-LM-MGAppBuilder,APPBUILDER-Administrator,APPBUILDER-User,APPBUILDER-Designer,LCLLSP-User,LCLLSP-Admin,LCLLSP-PrivilegedUser,LCLLSP-ServiceAdmin,LCLLSP-AppAdmin,LCLLSP-SupAdmin,LCLLSP-StdAdmin,LCLLSP-StdUser,M3A Administrators,M3A Developers,M3A Procurement,M3A Finance,M3A Production,M3ADISBIRST-Model-Administrator,M3ADISBIRST-Extension-Administrator,M3ADISBIRST-Consumer-Administrator,M3ADISBIRST-User,M3A Warehouse,M3A Default Subject Area,IFSApplicationAdmin,IFS-ShowUserManagementUI,IFS-GroupsAdmin,IFS-GroupsUpdate,IFS-GroupsReadOnlyUser,IFS-ReadOnly,M3MDP-TESTAPI,INBOX-Admin,M3DMP-Contributor,M3UI-Approver,M3A Opportunity Management,IONAPI-Developer,M3CPW-User,IAD-DataMaintainer,IAD-Designer,IAD-Publisher,IAD-TemplateBuilder,M3ACM-User,M3ACM-Viewer,IPI-ModelerAdmin,IPI-ModelerViewer,IPI-ModelerDesigner,PORTAL-ContentPublisher,M3BE-PowerUser,M3BE-LicenseType1,M3BE-LicenseType2,M3BE-LicenseType3,M3BE-LicenseType6-FT,M3BE-LicenseType6-SHUB,M3HealthService-Administrator,IONAPI-BaaS-Administrator,IONAPI-BaaS-DataAdministrator,IONAPI-BaaS-Developer,IONAPI-BaaS-User,M3BE-DBUpdater,DATAFABRIC-HealthServiceAdmin,PORTAL-AnnouncementAdministrator,M3BE-DBAdmin-PrdToken,M3BE-LicenseType4,SMARTHELP-Administrator,DocBits-User,M3BE-FATAdmin-PRD-UpperLimitRuleToken,M3BE-FATAdmin-DeleteData,M3BE-FATAdmin-PRD-DeleteDataToken,M3BE-FATAdmin-PRD-ConfigureUpperLimit,FGR032_RW,FGR003_RW,FGR012_RW,FGR001_RW,FGR014_RW,FGR005_RW,FGR061_RW,FGR030_RW,FGR060_RW,FGR070_RW,FGR021_RW,FGR031_RW,FGR004_RW,FGR069_RW,FGR072_RW,FGR071_RW,FGR062_RW,FGR035_RW,FGR013_RW,FGR006_RW,FGR039_RW,FGR065_RW,FGR329_RW,FGR002_RW,FGR079_RW,FGR331_RW,FGR341_RW,FGR332_RW,FGR342_RW,FGR351_RW,FGR355_RW,FGR352_RW,FGR350_RW,FGR362_RW,FGR359_RW,FGR190_RW,FGR302_RW,FGR305_RW,FGR310_RW,FGR312_RW,FGR315_RW,FGR115_RW,FGR320_RW,FGR119_RW,FGR110_RW,FGR111_RW,FGR112_RW,FGR300_RW,FGR301_RW,FGR309_RW,FGR311_RW,FGR321_RW,FGR319_RW,FGR325_RW,FGR322_RW,FGR330_RW,FGR335_RW,FGR339_RW,FGR340_RW,FGR345_RW,FGR349_RW,FGR361_RW,FGR360_RW,FGR365_RW,FGR369_RW,FGR999_RW,FGR013_RO,,,,,,,,,,,,,,,,,,,,,,,,,,,,,,,,,,,,,,,,,,,,,,,,,,,,,,,,,,,,,,,,,,,,,,,,,,,,,,,,,,,,,,,,,,,,,,,,,,,,,,,,,,,,,,,,,,,,,,,,,,,,,,,,,,,,,,,,,,,,,,,,,,,,,,,,,,,,,,,,,,,,,,,,,,,,,,,,,,,,,,,,,,,,,,,,,,,,,,,,,,,,,,,,,,,,,,,,,,,,,,,,,,,,,,,,,,,,,,,,,,,,,,,,,,,,,,,,,,,,,,,,,,,,,,,,,,,,,,,,,,,,,,,,,,,,,,,,,,,,,,,,,,,,,,,,,,,,,,,,,,,,,,,,,,,,,,,,,,,,,,,,,,,,,,,,,,,,,,,,,,,,,,,,,,,,,,,,,,,,,,,,,,,,,,,,,,,,,,,,,,,,,,,,,,,,,,,,,,,,,,,,,,,,,,,,,,,,,, ,Updated
34cee55f-9773-4180-b6d9-e90c46cc9626,Vidya,Venugopal,vidya@doppiogroup.com,Senior Consultant,Active,,34cee55f-9773-4180-b6d9-e90c46cc9626,vidya@doppiogroup.com,2025-07-30T12:26:08-07:00,2026-08-17T09:24:42-07:00,vidya@doppiogroup.com,VVENUGOP,,,,,,,,UserAdmin,DataAdministrator,Infor-SystemAdministrator,IFS-ExternalEntityAdmin,IFS-ReadOnlyUser,IFS-AuditReportUser,IFS-AuditAdministrator,IFS-MonitorReportUser,IFS-MonitorAdministrator,IFS-PasswordAdmin,MingleEnterprise,Infor-SuiteUser,MingleIONEnabled,MingleAdministrator,MingleDataAdministrator,PORTAL-User,PORTAL-ContentAdministrator,GRID-SystemAdministrator,GRID-Viewer,GRID-Administrator,HOMEPAGES-Administrator,HOMEPAGES-ContentAdministrator,HOMEPAGES-User,HOMEPAGES-ContentSupport,IONDeskSecurityAdmin,IONDeskAdmin,IONContentProvider,IONDeskOAuthGenerator,Mingle-LocatorView,IFSAdminContact,IONAPI-Tracing,IONAPI-User,IONAPI-Administrator,DATALAKE-User,DATALAKE-DataAdministrator,DATALAKE-SystemAdministrator,DECISIONSERVICE-Editor,DECISIONSERVICE-Approver,INBOX-PowerUser,SmartHelpUser,IDM-User,IDM-AdvancedUser,IDM-Administrator,IDM-SuperUser,IDM-RelatedInformationUser,IDM-SignatureUser,GDPR-Collaboration-ChiefDataProtectionOfficer,GDPR-Collaboration-DataProtectionOfficer,GDPR-App-Administrator,DATAFABRIC-SuperAdmin,DATAFABRIC-User,ENTERPRISESEARCH-Admin,ENTERPRISESEARCH-User,ENTERPRISESEARCH-PowerUser,M3EC-Administrator,M3EC-User,M3EC-ClientDesigntime,M3-DLSubscriptionAdmin,M3BE-FATAdmin-Exporter,M3UI-StartPageAdministrator,M3UI-DebugUser,M3UI-Administrator,M3UI-USER,M3UI-Designer,M3BDP-Administrator,M3BDP-USER,MASHUP-Administrator,MASHUP-User,IECEC-Administrator,IECEC-User,M3BE-FATAdmin,M3BE-FndAdmin,M3BE-FndUser,M3BE-ServicesAdmin,M3BE-CryptoAdmin,M3BE-ExtensionsAdmin,M3BE-ExtensionsViewer,M3BE-DBViewer,M3BE-DBAdmin,M3BE-FndFlagAdmin,M3BE-FileViewer,M3BE-FileAdmin,M3BE-ConfigAdmin,M3BE-ConfigUser,M3BE-LogEnabler,M3BE-SystemAdministrator,M3BE-DBAdmin-ReadToken,EVENTHUB-Administrator,EVENTHUB-User,M3MDP-USER,M3CE_About_Viewer,M3ENTERPRISESEARCH-Administrator,IPW-User,Birst-SystemAdministrator,Birst-User,MONGOOSE-UG-CoreFormsAdmin,MONGOOSE-UG-CoreFormsDeveloper,MONGOOSE-UG-CoreFormsEndUser,MONGOOSE-UG-CoreIDOs,MONGOOSE-LM-MGCoreAutomation,MONGOOSE-LM-MGCoreTrans,MONGOOSE-LM-MGDataViews,MONGOOSE-LM-MGDeveloper,MONGOOSE-LM-MGUserCreatedForms,MONGOOSE-LM-MGUserCreatedIDOs,MONGOOSE-LM-MGPAAS,MONGOOSE-LM-MGM3InterfaceForms,MONGOOSE-LM-MGM3InterfaceIDOs,MONGOOSE-LM-MGAppBuilder,APPBUILDER-Administrator,APPBUILDER-User,APPBUILDER-Designer,LCLLSP-User,LCLLSP-Admin,LCLLSP-PrivilegedUser,LCLLSP-ServiceAdmin,LCLLSP-AppAdmin,LCLLSP-SupAdmin,LCLLSP-StdAdmin,LCLLSP-StdUser,M3A Administrators,M3A Developers,M3A Procurement,M3A Finance,M3A Production,M3ADISBIRST-Model-Administrator,M3ADISBIRST-Extension-Administrator,M3ADISBIRST-Consumer-Administrator,M3ADISBIRST-User,M3A Warehouse,M3A Default Subject Area,IFSApplicationAdmin,IFS-ShowUserManagementUI,IFS-GroupsAdmin,IFS-GroupsUpdate,IFS-GroupsReadOnlyUser,IFS-ReadOnly,M3MDP-TESTAPI,INBOX-Admin,M3DMP-Contributor,M3UI-Approver,M3A Opportunity Management,IONAPI-Developer,M3CPW-User,IAD-DataMaintainer,IAD-Designer,IAD-Publisher,IAD-TemplateBuilder,M3ACM-User,M3ACM-Viewer,IPI-ModelerAdmin,IPI-ModelerViewer,IPI-ModelerDesigner,PORTAL-ContentPublisher,M3BE-PowerUser,M3BE-LicenseType1,M3BE-LicenseType2,M3BE-LicenseType3,M3BE-LicenseType6-FT,M3BE-LicenseType6-SHUB,M3HealthService-Administrator,IONAPI-BaaS-Administrator,IONAPI-BaaS-DataAdministrator,IONAPI-BaaS-Developer,IONAPI-BaaS-User,M3BE-DBUpdater,DATAFABRIC-HealthServiceAdmin,PORTAL-AnnouncementAdministrator,M3BE-DBAdmin-PrdToken,M3BE-LicenseType4,SMARTHELP-Administrator,FGR032_RW,FGR003_RW,FGR012_RW,FGR001_RW,FGR014_RW,FGR005_RW,FGR061_RW,FGR030_RW,FGR060_RW,FGR070_RW,FGR021_RW,FGR031_RW,FGR004_RW,FGR069_RW,FGR072_RW,FGR071_RW,FGR062_RW,FGR035_RW,FGR013_RW,FGR006_RW,FGR039_RW,FGR065_RW,FGR329_RW,FGR002_RW,FGR079_RW,FGR331_RW,FGR341_RW,FGR332_RW,FGR342_RW,FGR351_RW,FGR355_RW,FGR352_RW,FGR350_RW,FGR362_RW,FGR359_RW,FGR190_RW,FGR302_RW,FGR305_RW,FGR310_RW,FGR312_RW,FGR315_RW,FGR115_RW,FGR320_RW,FGR119_RW,FGR110_RW,FGR111_RW,FGR112_RW,FGR300_RW,FGR301_RW,FGR309_RW,FGR311_RW,FGR321_RW,FGR319_RW,FGR325_RW,FGR322_RW,FGR330_RW,FGR335_RW,FGR339_RW,FGR340_RW,FGR345_RW,FGR349_RW,FGR361_RW,FGR360_RW,FGR365_RW,FGR369_RW,FGR999_RW,FGR013_RO,,,,,,,,,,,,,,,,,,,,,,,,,,,,,,,,,,,,,,,,,,,,,,,,,,,,,,,,,,,,,,,,,,,,,,,,,,,,,,,,,,,,,,,,,,,,,,,,,,,,,,,,,,,,,,,,,,,,,,,,,,,,,,,,,,,,,,,,,,,,,,,,,,,,,,,,,,,,,,,,,,,,,,,,,,,,,,,,,,,,,,,,,,,,,,,,,,,,,,,,,,,,,,,,,,,,,,,,,,,,,,,,,,,,,,,,,,,,,,,,,,,,,,,,,,,,,,,,,,,,,,,,,,,,,,,,,,,,,,,,,,,,,,,,,,,,,,,,,,,,,,,,,,,,,,,,,,,,,,,,,,,,,,,,,,,,,,,,,,,,,,,,,,,,,,,,,,,,,,,,,,,,,,,,,,,,,,,,,,,,,,,,,,,,,,,,,,,,,,,,,,,,,,,,,,,,,,,,,,,,,,,,,,,,,,,,,,,,,,,,,,, ,Updated
GSCHREUD,Glen,Schreuder,glen.schreuder@chcheli.com,,Active,,af599217-31c7-4474-8758-a9de52f833c7,glen.schreuder@chcheli.com,2025-09-02T08:04:20-07:00,2026-06-09T08:07:56-07:00,glen.schreuder@chcheli.com,GSCHREUD,,,,,,,,MingleEnterprise,Infor-SuiteUser,MingleIONEnabled,HOMEPAGES-User,IDM-User,IDM-RelatedInformationUser,M3UI-USER,MASHUP-User,DocBits-User,FGR003_RW,FGR001_RW,FGR005_RW,FGR004_RW,FGR002_RW,FGR014_RO,FGR021_RO,FGR300_RO,FGR301_RO,FGR302_RO,FGR311_RO,FGR352_RO,FGR350_RO,FGR359_RO,FGR006_RO,FGR013_RO,FGR309_RO,FGR305_RO,FGR310_RO,FGR319_RO,FGR351_RO,,,,,,,,,,,,,,,,,,,,,,,,,,,,,,,,,,,,,,,,,,,,,,,,,,,,,,,,,,,,,,,,,,,,,,,,,,,,,,,,,,,,,,,,,,,,,,,,,,,,,,,,,,,,,,,,,,,,,,,,,,,,,,,,,,,,,,,,,,,,,,,,,,,,,,,,,,,,,,,,,,,,,,,,,,,,,,,,,,,,,,,,,,,,,,,,,,,,,,,,,,,,,,,,,,,,,,,,,,,,,,,,,,,,,,,,,,,,,,,,,,,,,,,,,,,,,,,,,,,,,,,,,,,,,,,,,,,,,,,,,,,,,,,,,,,,,,,,,,,,,,,,,,,,,,,,,,,,,,,,,,,,,,,,,,,,,,,,,,,,,,,,,,,,,,,,,,,,,,,,,,,,,,,,,,,,,,,,,,,,,,,,,,,,,,,,,,,,,,,,,,,,,,,,,,,,,,,,,,,,,,,,,,,,,,,,,,,,,,,,,,,,,,,,,,,,,,,,,,,,,,,,,,,,,,,,,,,,,,,,,,,,,,,,,,,,,,,,,,,,,,,,,,,,,,,,,,,,,,,,,,,,,,,,,,,,,,,,,,,,,,,,,,,,,,,,,,,,,,,,,,,,,,,,,,,,,,,,,,,,,,,,,,,,,,,,,,,,,,,,,,,,,,,,,,,,,,,,,,,,,,,,,,,,,,,,,,,,,,,,,,,,,,,,,,, ,Updated
2853f833-21f7-427f-ba5d-29e7ee84e4eb,David,Wu,david@doppiogroup.com,Consultant,Active,,2853f833-21f7-427f-ba5d-29e7ee84e4eb,david@doppiogroup.com,2025-12-04T15:58:55-08:00,2026-08-17T22:27:55-07:00,david@doppiogroup.com,DWU,,,,,,,,UserAdmin,DataAdministrator,Infor-SystemAdministrator,IFS-ExternalEntityAdmin,IFS-ReadOnlyUser,IFS-AuditReportUser,IFS-AuditAdministrator,IFS-MonitorReportUser,IFS-MonitorAdministrator,IFS-PasswordAdmin,MingleEnterprise,Infor-SuiteUser,MingleIONEnabled,MingleAdministrator,MingleDataAdministrator,PORTAL-User,PORTAL-ContentAdministrator,GRID-SystemAdministrator,GRID-Viewer,GRID-Administrator,HOMEPAGES-Administrator,HOMEPAGES-ContentAdministrator,HOMEPAGES-User,HOMEPAGES-ContentSupport,IONDeskSecurityAdmin,IONDeskAdmin,IONContentProvider,IONDeskOAuthGenerator,Mingle-LocatorView,IFSAdminContact,IONAPI-Tracing,IONAPI-User,IONAPI-Administrator,DATALAKE-User,DATALAKE-DataAdministrator,DATALAKE-SystemAdministrator,DECISIONSERVICE-Editor,DECISIONSERVICE-Approver,INBOX-PowerUser,SmartHelpUser,IDM-User,IDM-AdvancedUser,IDM-Administrator,IDM-SuperUser,IDM-RelatedInformationUser,IDM-SignatureUser,GDPR-Collaboration-ChiefDataProtectionOfficer,GDPR-Collaboration-DataProtectionOfficer,GDPR-App-Administrator,DATAFABRIC-SuperAdmin,DATAFABRIC-User,ENTERPRISESEARCH-Admin,ENTERPRISESEARCH-User,ENTERPRISESEARCH-PowerUser,M3EC-Administrator,M3EC-User,M3EC-ClientDesigntime,M3-DLSubscriptionAdmin,M3BE-FATAdmin-Exporter,M3UI-StartPageAdministrator,M3UI-DebugUser,M3UI-Administrator,M3UI-USER,M3UI-Designer,M3BDP-Administrator,M3BDP-USER,MASHUP-Administrator,MASHUP-User,IECEC-Administrator,IECEC-User,M3BE-FATAdmin,M3BE-FndAdmin,M3BE-FndUser,M3BE-ServicesAdmin,M3BE-CryptoAdmin,M3BE-ExtensionsAdmin,M3BE-ExtensionsViewer,M3BE-DBViewer,M3BE-DBAdmin,M3BE-FndFlagAdmin,M3BE-FileViewer,M3BE-FileAdmin,M3BE-ConfigAdmin,M3BE-ConfigUser,M3BE-LogEnabler,M3BE-SystemAdministrator,M3BE-DBAdmin-ReadToken,EVENTHUB-Administrator,EVENTHUB-User,M3MDP-USER,M3CE_About_Viewer,M3ENTERPRISESEARCH-Administrator,IPW-User,Birst-SystemAdministrator,Birst-User,MONGOOSE-UG-CoreFormsAdmin,MONGOOSE-UG-CoreFormsDeveloper,MONGOOSE-UG-CoreFormsEndUser,MONGOOSE-UG-CoreIDOs,MONGOOSE-LM-MGCoreAutomation,MONGOOSE-LM-MGCoreTrans,MONGOOSE-LM-MGDataViews,MONGOOSE-LM-MGDeveloper,MONGOOSE-LM-MGUserCreatedForms,MONGOOSE-LM-MGUserCreatedIDOs,MONGOOSE-LM-MGPAAS,MONGOOSE-LM-MGM3InterfaceForms,MONGOOSE-LM-MGM3InterfaceIDOs,MONGOOSE-LM-MGAppBuilder,APPBUILDER-Administrator,APPBUILDER-User,APPBUILDER-Designer,LCLLSP-User,LCLLSP-Admin,LCLLSP-PrivilegedUser,LCLLSP-ServiceAdmin,LCLLSP-AppAdmin,LCLLSP-SupAdmin,LCLLSP-StdAdmin,LCLLSP-StdUser,M3A Administrators,M3A Developers,M3A Procurement,M3A Finance,M3A Production,M3ADISBIRST-Model-Administrator,M3ADISBIRST-Extension-Administrator,M3ADISBIRST-Consumer-Administrator,M3ADISBIRST-User,M3A Warehouse,M3A Default Subject Area,IFSApplicationAdmin,IFS-ShowUserManagementUI,IFS-GroupsAdmin,IFS-GroupsUpdate,IFS-GroupsReadOnlyUser,IFS-ReadOnly,M3MDP-TESTAPI,INBOX-Admin,M3DMP-Contributor,M3UI-Approver,M3A Opportunity Management,IONAPI-Developer,M3CPW-User,IAD-DataMaintainer,IAD-Designer,IAD-Publisher,IAD-TemplateBuilder,M3ACM-User,M3ACM-Viewer,IPI-ModelerAdmin,IPI-ModelerViewer,IPI-ModelerDesigner,PORTAL-ContentPublisher,M3BE-PowerUser,M3BE-LicenseType1,M3BE-LicenseType2,M3BE-LicenseType3,M3BE-LicenseType6-FT,M3BE-LicenseType6-SHUB,M3HealthService-Administrator,IONAPI-BaaS-Administrator,IONAPI-BaaS-DataAdministrator,IONAPI-BaaS-Developer,IONAPI-BaaS-User,M3BE-DBUpdater,DATAFABRIC-HealthServiceAdmin,PORTAL-AnnouncementAdministrator,M3BE-DBAdmin-PrdToken,M3BE-LicenseType4,SMARTHELP-Administrator,FGR032_RW,FGR003_RW,FGR012_RW,FGR001_RW,FGR014_RW,FGR005_RW,FGR061_RW,FGR030_RW,FGR060_RW,FGR070_RW,FGR021_RW,FGR031_RW,FGR004_RW,FGR069_RW,FGR072_RW,FGR071_RW,FGR062_RW,FGR035_RW,FGR013_RW,FGR006_RW,FGR039_RW,FGR065_RW,FGR329_RW,FGR002_RW,FGR079_RW,FGR331_RW,FGR341_RW,FGR332_RW,FGR342_RW,FGR351_RW,FGR355_RW,FGR352_RW,FGR350_RW,FGR362_RW,FGR359_RW,FGR190_RW,FGR302_RW,FGR305_RW,FGR310_RW,FGR312_RW,FGR315_RW,FGR115_RW,FGR320_RW,FGR119_RW,FGR110_RW,FGR111_RW,FGR112_RW,FGR300_RW,FGR301_RW,FGR309_RW,FGR311_RW,FGR321_RW,FGR319_RW,FGR325_RW,FGR322_RW,FGR330_RW,FGR335_RW,FGR339_RW,FGR340_RW,FGR345_RW,FGR349_RW,FGR361_RW,FGR360_RW,FGR365_RW,FGR369_RW,FGR999_RW,FGR013_RO,,,,,,,,,,,,,,,,,,,,,,,,,,,,,,,,,,,,,,,,,,,,,,,,,,,,,,,,,,,,,,,,,,,,,,,,,,,,,,,,,,,,,,,,,,,,,,,,,,,,,,,,,,,,,,,,,,,,,,,,,,,,,,,,,,,,,,,,,,,,,,,,,,,,,,,,,,,,,,,,,,,,,,,,,,,,,,,,,,,,,,,,,,,,,,,,,,,,,,,,,,,,,,,,,,,,,,,,,,,,,,,,,,,,,,,,,,,,,,,,,,,,,,,,,,,,,,,,,,,,,,,,,,,,,,,,,,,,,,,,,,,,,,,,,,,,,,,,,,,,,,,,,,,,,,,,,,,,,,,,,,,,,,,,,,,,,,,,,,,,,,,,,,,,,,,,,,,,,,,,,,,,,,,,,,,,,,,,,,,,,,,,,,,,,,,,,,,,,,,,,,,,,,,,,,,,,,,,,,,,,,,,,,,,,,,,,,,,,,,,,,, ,Updated
55c62ae4-58a8-4b46-b34a-a6425800b70c,Anand,Sartape,anand@doppiogroup.com,Technical Consultant,Active,,55c62ae4-58a8-4b46-b34a-a6425800b70c,anand@doppiogroup.com,2025-12-18T08:19:06-08:00,2026-07-31T01:27:38-07:00,anand@doppiogroup.com,ASARTAPE,,,,,,,,UserAdmin,DataAdministrator,Infor-SystemAdministrator,IFS-ExternalEntityAdmin,IFS-ReadOnlyUser,IFS-AuditReportUser,IFS-AuditAdministrator,IFS-MonitorReportUser,IFS-MonitorAdministrator,IFS-PasswordAdmin,MingleEnterprise,Infor-SuiteUser,MingleIONEnabled,MingleAdministrator,MingleDataAdministrator,PORTAL-User,PORTAL-ContentAdministrator,GRID-SystemAdministrator,GRID-Viewer,GRID-Administrator,HOMEPAGES-Administrator,HOMEPAGES-ContentAdministrator,HOMEPAGES-User,HOMEPAGES-ContentSupport,IONDeskSecurityAdmin,IONDeskAdmin,IONContentProvider,IONDeskOAuthGenerator,Mingle-LocatorView,IFSAdminContact,IONAPI-Tracing,IONAPI-User,IONAPI-Administrator,DATALAKE-User,DATALAKE-DataAdministrator,DATALAKE-SystemAdministrator,DECISIONSERVICE-Editor,DECISIONSERVICE-Approver,INBOX-PowerUser,SmartHelpUser,IDM-User,IDM-AdvancedUser,IDM-Administrator,IDM-SuperUser,IDM-RelatedInformationUser,IDM-SignatureUser,GDPR-Collaboration-ChiefDataProtectionOfficer,GDPR-Collaboration-DataProtectionOfficer,GDPR-App-Administrator,DATAFABRIC-SuperAdmin,DATAFABRIC-User,ENTERPRISESEARCH-Admin,ENTERPRISESEARCH-User,ENTERPRISESEARCH-PowerUser,M3EC-Administrator,M3EC-User,M3EC-ClientDesigntime,M3-DLSubscriptionAdmin,M3BE-FATAdmin-Exporter,M3UI-StartPageAdministrator,M3UI-DebugUser,M3UI-Administrator,M3UI-USER,M3UI-Designer,M3BDP-Administrator,M3BDP-USER,MASHUP-Administrator,MASHUP-User,IECEC-Administrator,IECEC-User,M3BE-FATAdmin,M3BE-FndAdmin,M3BE-FndUser,M3BE-ServicesAdmin,M3BE-CryptoAdmin,M3BE-ExtensionsAdmin,M3BE-ExtensionsViewer,M3BE-DBViewer,M3BE-DBAdmin,M3BE-FndFlagAdmin,M3BE-FileViewer,M3BE-FileAdmin,M3BE-ConfigAdmin,M3BE-ConfigUser,M3BE-LogEnabler,M3BE-SystemAdministrator,M3BE-DBAdmin-ReadToken,EVENTHUB-Administrator,EVENTHUB-User,M3MDP-USER,M3CE_About_Viewer,M3ENTERPRISESEARCH-Administrator,IPW-User,Birst-SystemAdministrator,Birst-User,MONGOOSE-UG-CoreFormsAdmin,MONGOOSE-UG-CoreFormsDeveloper,MONGOOSE-UG-CoreFormsEndUser,MONGOOSE-UG-CoreIDOs,MONGOOSE-LM-MGCoreAutomation,MONGOOSE-LM-MGCoreTrans,MONGOOSE-LM-MGDataViews,MONGOOSE-LM-MGDeveloper,MONGOOSE-LM-MGUserCreatedForms,MONGOOSE-LM-MGUserCreatedIDOs,MONGOOSE-LM-MGPAAS,MONGOOSE-LM-MGM3InterfaceForms,MONGOOSE-LM-MGM3InterfaceIDOs,MONGOOSE-LM-MGAppBuilder,APPBUILDER-Administrator,APPBUILDER-User,APPBUILDER-Designer,LCLLSP-User,LCLLSP-Admin,LCLLSP-PrivilegedUser,LCLLSP-ServiceAdmin,LCLLSP-AppAdmin,LCLLSP-SupAdmin,LCLLSP-StdAdmin,LCLLSP-StdUser,M3A Administrators,M3A Developers,M3A Procurement,M3A Finance,M3A Production,M3ADISBIRST-Model-Administrator,M3ADISBIRST-Extension-Administrator,M3ADISBIRST-Consumer-Administrator,M3ADISBIRST-User,M3A Warehouse,M3A Default Subject Area,IFSApplicationAdmin,IFS-ShowUserManagementUI,IFS-GroupsAdmin,IFS-GroupsUpdate,IFS-GroupsReadOnlyUser,IFS-ReadOnly,M3MDP-TESTAPI,INBOX-Admin,M3DMP-Contributor,M3UI-Approver,M3A Opportunity Management,IONAPI-Developer,M3CPW-User,IAD-DataMaintainer,IAD-Designer,IAD-Publisher,IAD-TemplateBuilder,M3ACM-User,M3ACM-Viewer,IPI-ModelerAdmin,IPI-ModelerViewer,IPI-ModelerDesigner,PORTAL-ContentPublisher,M3BE-PowerUser,M3BE-LicenseType1,M3BE-LicenseType2,M3BE-LicenseType3,M3BE-LicenseType6-FT,M3BE-LicenseType6-SHUB,M3HealthService-Administrator,IONAPI-BaaS-Administrator,IONAPI-BaaS-DataAdministrator,IONAPI-BaaS-Developer,IONAPI-BaaS-User,M3BE-DBUpdater,DATAFABRIC-HealthServiceAdmin,PORTAL-AnnouncementAdministrator,M3BE-DBAdmin-PrdToken,M3BE-LicenseType4,SMARTHELP-Administrator,FGR032_RW,FGR003_RW,FGR012_RW,FGR001_RW,FGR014_RW,FGR005_RW,FGR061_RW,FGR030_RW,FGR060_RW,FGR070_RW,FGR021_RW,FGR031_RW,FGR004_RW,FGR069_RW,FGR072_RW,FGR071_RW,FGR062_RW,FGR035_RW,FGR013_RW,FGR006_RW,FGR039_RW,FGR065_RW,FGR329_RW,FGR002_RW,FGR079_RW,FGR331_RW,FGR341_RW,FGR332_RW,FGR342_RW,FGR351_RW,FGR355_RW,FGR352_RW,FGR350_RW,FGR362_RW,FGR359_RW,FGR190_RW,FGR302_RW,FGR305_RW,FGR310_RW,FGR312_RW,FGR315_RW,FGR115_RW,FGR320_RW,FGR119_RW,FGR110_RW,FGR111_RW,FGR112_RW,FGR300_RW,FGR301_RW,FGR309_RW,FGR311_RW,FGR321_RW,FGR319_RW,FGR325_RW,FGR322_RW,FGR330_RW,FGR335_RW,FGR339_RW,FGR340_RW,FGR345_RW,FGR349_RW,FGR361_RW,FGR360_RW,FGR365_RW,FGR369_RW,FGR999_RW,FGR013_RO,,,,,,,,,,,,,,,,,,,,,,,,,,,,,,,,,,,,,,,,,,,,,,,,,,,,,,,,,,,,,,,,,,,,,,,,,,,,,,,,,,,,,,,,,,,,,,,,,,,,,,,,,,,,,,,,,,,,,,,,,,,,,,,,,,,,,,,,,,,,,,,,,,,,,,,,,,,,,,,,,,,,,,,,,,,,,,,,,,,,,,,,,,,,,,,,,,,,,,,,,,,,,,,,,,,,,,,,,,,,,,,,,,,,,,,,,,,,,,,,,,,,,,,,,,,,,,,,,,,,,,,,,,,,,,,,,,,,,,,,,,,,,,,,,,,,,,,,,,,,,,,,,,,,,,,,,,,,,,,,,,,,,,,,,,,,,,,,,,,,,,,,,,,,,,,,,,,,,,,,,,,,,,,,,,,,,,,,,,,,,,,,,,,,,,,,,,,,,,,,,,,,,,,,,,,,,,,,,,,,,,,,,,,,,,,,,,,,,,,,,,, ,Updated
ca192afc-aee5-4a06-af77-cd3e8129f72c,Zohra,Hayath,zohra@doppiogroup.com,M3 Consultant,Active,,ca192afc-aee5-4a06-af77-cd3e8129f72c,zohra@doppiogroup.com,2025-12-18T15:23:37-08:00,,zohra@doppiogroup.com,ZHAYATH,,,,,,,,UserAdmin,DataAdministrator,Infor-SystemAdministrator,IFS-ExternalEntityAdmin,IFS-ReadOnlyUser,IFS-AuditReportUser,IFS-AuditAdministrator,IFS-MonitorReportUser,IFS-MonitorAdministrator,IFS-PasswordAdmin,MingleEnterprise,Infor-SuiteUser,MingleIONEnabled,MingleAdministrator,MingleDataAdministrator,PORTAL-User,PORTAL-ContentAdministrator,GRID-SystemAdministrator,GRID-Viewer,GRID-Administrator,HOMEPAGES-Administrator,HOMEPAGES-ContentAdministrator,HOMEPAGES-User,HOMEPAGES-ContentSupport,IONDeskSecurityAdmin,IONDeskAdmin,IONContentProvider,IONDeskOAuthGenerator,Mingle-LocatorView,IFSAdminContact,IONAPI-Tracing,IONAPI-User,IONAPI-Administrator,DATALAKE-User,DATALAKE-DataAdministrator,DATALAKE-SystemAdministrator,DECISIONSERVICE-Editor,DECISIONSERVICE-Approver,INBOX-PowerUser,SmartHelpUser,IDM-User,IDM-AdvancedUser,IDM-Administrator,IDM-SuperUser,IDM-RelatedInformationUser,IDM-SignatureUser,GDPR-Collaboration-ChiefDataProtectionOfficer,GDPR-Collaboration-DataProtectionOfficer,GDPR-App-Administrator,DATAFABRIC-SuperAdmin,DATAFABRIC-User,ENTERPRISESEARCH-Admin,ENTERPRISESEARCH-User,ENTERPRISESEARCH-PowerUser,M3EC-Administrator,M3EC-User,M3EC-ClientDesigntime,M3-DLSubscriptionAdmin,M3BE-FATAdmin-Exporter,M3UI-StartPageAdministrator,M3UI-DebugUser,M3UI-Administrator,M3UI-USER,M3UI-Designer,M3BDP-Administrator,M3BDP-USER,MASHUP-Administrator,MASHUP-User,IECEC-Administrator,IECEC-User,M3BE-FATAdmin,M3BE-FndAdmin,M3BE-FndUser,M3BE-ServicesAdmin,M3BE-CryptoAdmin,M3BE-ExtensionsAdmin,M3BE-ExtensionsViewer,M3BE-DBViewer,M3BE-DBAdmin,M3BE-FndFlagAdmin,M3BE-FileViewer,M3BE-FileAdmin,M3BE-ConfigAdmin,M3BE-ConfigUser,M3BE-LogEnabler,M3BE-SystemAdministrator,M3BE-DBAdmin-ReadToken,EVENTHUB-Administrator,EVENTHUB-User,M3MDP-USER,M3CE_About_Viewer,M3ENTERPRISESEARCH-Administrator,IPW-User,Birst-SystemAdministrator,Birst-User,MONGOOSE-UG-CoreFormsAdmin,MONGOOSE-UG-CoreFormsDeveloper,MONGOOSE-UG-CoreFormsEndUser,MONGOOSE-UG-CoreIDOs,MONGOOSE-LM-MGCoreAutomation,MONGOOSE-LM-MGCoreTrans,MONGOOSE-LM-MGDataViews,MONGOOSE-LM-MGDeveloper,MONGOOSE-LM-MGUserCreatedForms,MONGOOSE-LM-MGUserCreatedIDOs,MONGOOSE-LM-MGPAAS,MONGOOSE-LM-MGM3InterfaceForms,MONGOOSE-LM-MGM3InterfaceIDOs,MONGOOSE-LM-MGAppBuilder,APPBUILDER-Administrator,APPBUILDER-User,APPBUILDER-Designer,LCLLSP-User,LCLLSP-Admin,LCLLSP-PrivilegedUser,LCLLSP-ServiceAdmin,LCLLSP-AppAdmin,LCLLSP-SupAdmin,LCLLSP-StdAdmin,LCLLSP-StdUser,M3A Administrators,M3A Developers,M3A Procurement,M3A Finance,M3A Production,M3ADISBIRST-Model-Administrator,M3ADISBIRST-Extension-Administrator,M3ADISBIRST-Consumer-Administrator,M3ADISBIRST-User,M3A Warehouse,M3A Default Subject Area,IFSApplicationAdmin,IFS-ShowUserManagementUI,IFS-GroupsAdmin,IFS-GroupsUpdate,IFS-GroupsReadOnlyUser,IFS-ReadOnly,M3MDP-TESTAPI,INBOX-Admin,M3DMP-Contributor,M3UI-Approver,M3A Opportunity Management,IONAPI-Developer,M3CPW-User,IAD-DataMaintainer,IAD-Designer,IAD-Publisher,IAD-TemplateBuilder,M3ACM-User,M3ACM-Viewer,IPI-ModelerAdmin,IPI-ModelerViewer,IPI-ModelerDesigner,PORTAL-ContentPublisher,M3BE-PowerUser,M3BE-LicenseType1,M3BE-LicenseType2,M3BE-LicenseType3,M3BE-LicenseType6-FT,M3BE-LicenseType6-SHUB,M3HealthService-Administrator,IONAPI-BaaS-Administrator,IONAPI-BaaS-DataAdministrator,IONAPI-BaaS-Developer,IONAPI-BaaS-User,M3BE-DBUpdater,DATAFABRIC-HealthServiceAdmin,PORTAL-AnnouncementAdministrator,M3BE-DBAdmin-PrdToken,M3BE-LicenseType4,SMARTHELP-Administrator,FGR032_RW,FGR003_RW,FGR012_RW,FGR001_RW,FGR014_RW,FGR005_RW,FGR061_RW,FGR030_RW,FGR060_RW,FGR070_RW,FGR021_RW,FGR031_RW,FGR004_RW,FGR069_RW,FGR072_RW,FGR071_RW,FGR062_RW,FGR035_RW,FGR013_RW,FGR006_RW,FGR039_RW,FGR065_RW,FGR329_RW,FGR002_RW,FGR079_RW,FGR331_RW,FGR341_RW,FGR332_RW,FGR342_RW,FGR351_RW,FGR355_RW,FGR352_RW,FGR350_RW,FGR362_RW,FGR359_RW,FGR190_RW,FGR302_RW,FGR305_RW,FGR310_RW,FGR312_RW,FGR315_RW,FGR115_RW,FGR320_RW,FGR119_RW,FGR110_RW,FGR111_RW,FGR112_RW,FGR300_RW,FGR301_RW,FGR309_RW,FGR311_RW,FGR321_RW,FGR319_RW,FGR325_RW,FGR322_RW,FGR330_RW,FGR335_RW,FGR339_RW,FGR340_RW,FGR345_RW,FGR349_RW,FGR361_RW,FGR360_RW,FGR365_RW,FGR369_RW,FGR999_RW,FGR013_RO,,,,,,,,,,,,,,,,,,,,,,,,,,,,,,,,,,,,,,,,,,,,,,,,,,,,,,,,,,,,,,,,,,,,,,,,,,,,,,,,,,,,,,,,,,,,,,,,,,,,,,,,,,,,,,,,,,,,,,,,,,,,,,,,,,,,,,,,,,,,,,,,,,,,,,,,,,,,,,,,,,,,,,,,,,,,,,,,,,,,,,,,,,,,,,,,,,,,,,,,,,,,,,,,,,,,,,,,,,,,,,,,,,,,,,,,,,,,,,,,,,,,,,,,,,,,,,,,,,,,,,,,,,,,,,,,,,,,,,,,,,,,,,,,,,,,,,,,,,,,,,,,,,,,,,,,,,,,,,,,,,,,,,,,,,,,,,,,,,,,,,,,,,,,,,,,,,,,,,,,,,,,,,,,,,,,,,,,,,,,,,,,,,,,,,,,,,,,,,,,,,,,,,,,,,,,,,,,,,,,,,,,,,,,,,,,,,,,,,,,,,, ,Updated
ENIEMIEC,Edyta,Niemiec,Edyta.Niemiec@heli-one.com,Buyer,Active,,29c44b3d-3423-4075-90e4-13a49da67d8a,Edyta.Niemiec@heli-one.com,2026-02-12T08:51:47-08:00,,Edyta.Niemiec@heli-one.com,ENIEMIEC,,,,,,,,MingleEnterprise,Infor-SuiteUser,MingleIONEnabled,HOMEPAGES-User,IDM-User,IDM-RelatedInformationUser,M3UI-USER,MASHUP-User,PPEPRRO,,,,,,,,,,,,,,,,,,,,,,,,,,,,,,,,,,,,,,,,,,,,,,,,,,,,,,,,,,,,,,,,,,,,,,,,,,,,,,,,,,,,,,,,,,,,,,,,,,,,,,,,,,,,,,,,,,,,,,,,,,,,,,,,,,,,,,,,,,,,,,,,,,,,,,,,,,,,,,,,,,,,,,,,,,,,,,,,,,,,,,,,,,,,,,,,,,,,,,,,,,,,,,,,,,,,,,,,,,,,,,,,,,,,,,,,,,,,,,,,,,,,,,,,,,,,,,,,,,,,,,,,,,,,,,,,,,,,,,,,,,,,,,,,,,,,,,,,,,,,,,,,,,,,,,,,,,,,,,,,,,,,,,,,,,,,,,,,,,,,,,,,,,,,,,,,,,,,,,,,,,,,,,,,,,,,,,,,,,,,,,,,,,,,,,,,,,,,,,,,,,,,,,,,,,,,,,,,,,,,,,,,,,,,,,,,,,,,,,,,,,,,,,,,,,,,,,,,,,,,,,,,,,,,,,,,,,,,,,,,,,,,,,,,,,,,,,,,,,,,,,,,,,,,,,,,,,,,,,,,,,,,,,,,,,,,,,,,,,,,,,,,,,,,,,,,,,,,,,,,,,,,,,,,,,,,,,,,,,,,,,,,,,,,,,,,,,,,,,,,,,,,,,,,,,,,,,,,,,,,,,,,,,,,,,,,,,,,,,,,,,,,,,,,,,,,,,,,,,,,,,,,,,,,,,,, ,Updated
ANSOUZA,Andre,Souza,Andre.Souza@chcheli.com,,Active,,199d765a-c6f6-4f80-b1bc-af5716a70f53,Andre.Souza@chcheli.com,2026-02-12T09:31:32-08:00,,Andre.Souza@chcheli.com,ANSOUZA,,,,,,,,MingleEnterprise,Infor-SuiteUser,MingleIONEnabled,HOMEPAGES-User,IDM-User,IDM-RelatedInformationUser,M3UI-USER,MASHUP-User,FGR191_RW,FGR190_RW,FGR150_RO,FGR152_RO,FGR159_RO,FGR151_RO,FGR305_RW,FGR199_RW,FGR195_RW,FGR155_RO,,,,,,,,,,,,,,,,,,,,,,,,,,,,,,,,,,,,,,,,,,,,,,,,,,,,,,,,,,,,,,,,,,,,,,,,,,,,,,,,,,,,,,,,,,,,,,,,,,,,,,,,,,,,,,,,,,,,,,,,,,,,,,,,,,,,,,,,,,,,,,,,,,,,,,,,,,,,,,,,,,,,,,,,,,,,,,,,,,,,,,,,,,,,,,,,,,,,,,,,,,,,,,,,,,,,,,,,,,,,,,,,,,,,,,,,,,,,,,,,,,,,,,,,,,,,,,,,,,,,,,,,,,,,,,,,,,,,,,,,,,,,,,,,,,,,,,,,,,,,,,,,,,,,,,,,,,,,,,,,,,,,,,,,,,,,,,,,,,,,,,,,,,,,,,,,,,,,,,,,,,,,,,,,,,,,,,,,,,,,,,,,,,,,,,,,,,,,,,,,,,,,,,,,,,,,,,,,,,,,,,,,,,,,,,,,,,,,,,,,,,,,,,,,,,,,,,,,,,,,,,,,,,,,,,,,,,,,,,,,,,,,,,,,,,,,,,,,,,,,,,,,,,,,,,,,,,,,,,,,,,,,,,,,,,,,,,,,,,,,,,,,,,,,,,,,,,,,,,,,,,,,,,,,,,,,,,,,,,,,,,,,,,,,,,,,,,,,,,,,,,,,,,,,,,,,,,,,,,,,,,,,,,,,,,,,,,,,,,,,,,,,,,,,,,,,,,,,,,,,,,, ,Updated
e345ba8e-66b6-4208-abb6-7fe0fa74db45,Magdalena,Swieton,Magdalena.Swieton@heli-one.com,,Active,,e345ba8e-66b6-4208-abb6-7fe0fa74db45,Magdalena.Swieton@heli-one.com,2026-02-12T13:22:15-08:00,,Magdalena.Swieton@heli-one.com,MSWIETON,,,,,,,,MingleEnterprise,Infor-SuiteUser,MingleIONEnabled,HOMEPAGES-User,IDM-User,IDM-RelatedInformationUser,M3UI-USER,MASHUP-User,,,,,,,,,,,,,,,,,,,,,,,,,,,,,,,,,,,,,,,,,,,,,,,,,,,,,,,,,,,,,,,,,,,,,,,,,,,,,,,,,,,,,,,,,,,,,,,,,,,,,,,,,,,,,,,,,,,,,,,,,,,,,,,,,,,,,,,,,,,,,,,,,,,,,,,,,,,,,,,,,,,,,,,,,,,,,,,,,,,,,,,,,,,,,,,,,,,,,,,,,,,,,,,,,,,,,,,,,,,,,,,,,,,,,,,,,,,,,,,,,,,,,,,,,,,,,,,,,,,,,,,,,,,,,,,,,,,,,,,,,,,,,,,,,,,,,,,,,,,,,,,,,,,,,,,,,,,,,,,,,,,,,,,,,,,,,,,,,,,,,,,,,,,,,,,,,,,,,,,,,,,,,,,,,,,,,,,,,,,,,,,,,,,,,,,,,,,,,,,,,,,,,,,,,,,,,,,,,,,,,,,,,,,,,,,,,,,,,,,,,,,,,,,,,,,,,,,,,,,,,,,,,,,,,,,,,,,,,,,,,,,,,,,,,,,,,,,,,,,,,,,,,,,,,,,,,,,,,,,,,,,,,,,,,,,,,,,,,,,,,,,,,,,,,,,,,,,,,,,,,,,,,,,,,,,,,,,,,,,,,,,,,,,,,,,,,,,,,,,,,,,,,,,,,,,,,,,,,,,,,,,,,,,,,,,,,,,,,,,,,,,,,,,,,,,,,,,,,,,,,,,,,,,,,,,,, ,Updated
BGLIWA,Barbara,Buczek,barbara.buczek@heli-one.com,,Active,,450f9e5a-56b2-4f5a-9738-e295084afba7,barbara.buczek@heli-one.com,2026-02-12T15:14:54-08:00,,barbara.buczek@heli-one.com,BGLIWA,,,,,,,,MingleEnterprise,Infor-SuiteUser,MingleIONEnabled,HOMEPAGES-User,IDM-User,IDM-RelatedInformationUser,M3UI-USER,MASHUP-User,PPEPRRO,,,,,,,,,,,,,,,,,,,,,,,,,,,,,,,,,,,,,,,,,,,,,,,,,,,,,,,,,,,,,,,,,,,,,,,,,,,,,,,,,,,,,,,,,,,,,,,,,,,,,,,,,,,,,,,,,,,,,,,,,,,,,,,,,,,,,,,,,,,,,,,,,,,,,,,,,,,,,,,,,,,,,,,,,,,,,,,,,,,,,,,,,,,,,,,,,,,,,,,,,,,,,,,,,,,,,,,,,,,,,,,,,,,,,,,,,,,,,,,,,,,,,,,,,,,,,,,,,,,,,,,,,,,,,,,,,,,,,,,,,,,,,,,,,,,,,,,,,,,,,,,,,,,,,,,,,,,,,,,,,,,,,,,,,,,,,,,,,,,,,,,,,,,,,,,,,,,,,,,,,,,,,,,,,,,,,,,,,,,,,,,,,,,,,,,,,,,,,,,,,,,,,,,,,,,,,,,,,,,,,,,,,,,,,,,,,,,,,,,,,,,,,,,,,,,,,,,,,,,,,,,,,,,,,,,,,,,,,,,,,,,,,,,,,,,,,,,,,,,,,,,,,,,,,,,,,,,,,,,,,,,,,,,,,,,,,,,,,,,,,,,,,,,,,,,,,,,,,,,,,,,,,,,,,,,,,,,,,,,,,,,,,,,,,,,,,,,,,,,,,,,,,,,,,,,,,,,,,,,,,,,,,,,,,,,,,,,,,,,,,,,,,,,,,,,,,,,,,,,,,,,,,,,,,,,, ,Updated
BSILVA,Bruna,Silva,Bruna.Silva@chcheli.com,bsilva,Active,,379b4fbc-514b-4d92-8b76-34b2cf6ba6a6,bruna.silva@chcheli.com,2026-03-31T15:52:34-07:00,2026-04-28T10:28:25-07:00,bruna.silva@chcheli.com,BSILVA,,,,,,,,MingleEnterprise,Infor-SuiteUser,MingleIONEnabled,HOMEPAGES-User,IDM-User,IDM-RelatedInformationUser,M3UI-USER,MASHUP-User,FGR003_RW,FGR001_RW,FGR005_RW,FGR004_RW,FGR021_RO,FGR300_RO,FGR301_RO,FGR302_RO,FGR311_RO,FGR352_RO,FGR350_RO,FGR359_RO,FGR006_RO,FGR013_RO,FGR309_RO,FGR305_RO,FGR310_RO,FGR319_RO,FGR351_RO,FGR355_RO,,,,,,,,,,,,,,,,,,,,,,,,,,,,,,,,,,,,,,,,,,,,,,,,,,,,,,,,,,,,,,,,,,,,,,,,,,,,,,,,,,,,,,,,,,,,,,,,,,,,,,,,,,,,,,,,,,,,,,,,,,,,,,,,,,,,,,,,,,,,,,,,,,,,,,,,,,,,,,,,,,,,,,,,,,,,,,,,,,,,,,,,,,,,,,,,,,,,,,,,,,,,,,,,,,,,,,,,,,,,,,,,,,,,,,,,,,,,,,,,,,,,,,,,,,,,,,,,,,,,,,,,,,,,,,,,,,,,,,,,,,,,,,,,,,,,,,,,,,,,,,,,,,,,,,,,,,,,,,,,,,,,,,,,,,,,,,,,,,,,,,,,,,,,,,,,,,,,,,,,,,,,,,,,,,,,,,,,,,,,,,,,,,,,,,,,,,,,,,,,,,,,,,,,,,,,,,,,,,,,,,,,,,,,,,,,,,,,,,,,,,,,,,,,,,,,,,,,,,,,,,,,,,,,,,,,,,,,,,,,,,,,,,,,,,,,,,,,,,,,,,,,,,,,,,,,,,,,,,,,,,,,,,,,,,,,,,,,,,,,,,,,,,,,,,,,,,,,,,,,,,,,,,,,,,,,,,,,,,,,,,,,,,,,,,,,,,,,,,,,,,,,,,,,,,,,,,,,,,,,,,,,,,,,,,,,,,,,,,,,,,,,,,,,,,,,, ,Updated
DNEWLAND,Dean,Newlands,Dean.Newlands@chcheli.com,,Active,,9d34f43c-e284-442d-ad96-38e74c6f2261,Dean.Newlands@chcheli.com,2026-03-31T15:59:13-07:00,,Dean.Newlands@chcheli.com,DNEWLAND,,,,,,,,MingleEnterprise,Infor-SuiteUser,MingleIONEnabled,HOMEPAGES-User,IDM-User,IDM-RelatedInformationUser,M3UI-USER,MASHUP-User,FGR003_RW,FGR001_RW,FGR005_RW,FGR004_RW,FGR002_RW,FGR014_RO,FGR021_RO,FGR300_RO,FGR301_RO,FGR302_RO,FGR311_RO,FGR352_RO,FGR350_RO,FGR359_RO,FGR006_RO,FGR013_RO,FGR309_RO,FGR305_RO,FGR310_RO,FGR319_RO,FGR351_RO,,,,,,,,,,,,,,,,,,,,,,,,,,,,,,,,,,,,,,,,,,,,,,,,,,,,,,,,,,,,,,,,,,,,,,,,,,,,,,,,,,,,,,,,,,,,,,,,,,,,,,,,,,,,,,,,,,,,,,,,,,,,,,,,,,,,,,,,,,,,,,,,,,,,,,,,,,,,,,,,,,,,,,,,,,,,,,,,,,,,,,,,,,,,,,,,,,,,,,,,,,,,,,,,,,,,,,,,,,,,,,,,,,,,,,,,,,,,,,,,,,,,,,,,,,,,,,,,,,,,,,,,,,,,,,,,,,,,,,,,,,,,,,,,,,,,,,,,,,,,,,,,,,,,,,,,,,,,,,,,,,,,,,,,,,,,,,,,,,,,,,,,,,,,,,,,,,,,,,,,,,,,,,,,,,,,,,,,,,,,,,,,,,,,,,,,,,,,,,,,,,,,,,,,,,,,,,,,,,,,,,,,,,,,,,,,,,,,,,,,,,,,,,,,,,,,,,,,,,,,,,,,,,,,,,,,,,,,,,,,,,,,,,,,,,,,,,,,,,,,,,,,,,,,,,,,,,,,,,,,,,,,,,,,,,,,,,,,,,,,,,,,,,,,,,,,,,,,,,,,,,,,,,,,,,,,,,,,,,,,,,,,,,,,,,,,,,,,,,,,,,,,,,,,,,,,,,,,,,,,,,,,,,,,,,,,,,,,,,,,,,,,,,,,,,,, ,Updated
5a1a40b0-4fbc-48f7-95e8-4e806a733706,Kyra,MacDonald,Kyra.MacDonald@chcheli.com,,Active,,5a1a40b0-4fbc-48f7-95e8-4e806a733706,Kyra.MacDonald@chcheli.com,2026-03-31T16:05:07-07:00,,Kyra.MacDonald@chcheli.com,KMACDONA,,,,,,,,MingleEnterprise,Infor-SuiteUser,MingleIONEnabled,HOMEPAGES-User,IDM-User,IDM-RelatedInformationUser,M3UI-USER,MASHUP-User,FGR003_RW,FGR001_RW,FGR005_RW,FGR004_RW,FGR002_RW,FGR014_RO,FGR021_RO,FGR300_RO,FGR301_RO,FGR302_RO,FGR311_RO,FGR352_RO,FGR350_RO,FGR359_RO,FGR006_RO,FGR013_RO,FGR309_RO,FGR305_RO,FGR310_RO,FGR319_RO,FGR351_RO,,,,,,,,,,,,,,,,,,,,,,,,,,,,,,,,,,,,,,,,,,,,,,,,,,,,,,,,,,,,,,,,,,,,,,,,,,,,,,,,,,,,,,,,,,,,,,,,,,,,,,,,,,,,,,,,,,,,,,,,,,,,,,,,,,,,,,,,,,,,,,,,,,,,,,,,,,,,,,,,,,,,,,,,,,,,,,,,,,,,,,,,,,,,,,,,,,,,,,,,,,,,,,,,,,,,,,,,,,,,,,,,,,,,,,,,,,,,,,,,,,,,,,,,,,,,,,,,,,,,,,,,,,,,,,,,,,,,,,,,,,,,,,,,,,,,,,,,,,,,,,,,,,,,,,,,,,,,,,,,,,,,,,,,,,,,,,,,,,,,,,,,,,,,,,,,,,,,,,,,,,,,,,,,,,,,,,,,,,,,,,,,,,,,,,,,,,,,,,,,,,,,,,,,,,,,,,,,,,,,,,,,,,,,,,,,,,,,,,,,,,,,,,,,,,,,,,,,,,,,,,,,,,,,,,,,,,,,,,,,,,,,,,,,,,,,,,,,,,,,,,,,,,,,,,,,,,,,,,,,,,,,,,,,,,,,,,,,,,,,,,,,,,,,,,,,,,,,,,,,,,,,,,,,,,,,,,,,,,,,,,,,,,,,,,,,,,,,,,,,,,,,,,,,,,,,,,,,,,,,,,,,,,,,,,,,,,,,,,,,,,,,,,,,,,,, ,Updated
LDUNCAN,Luke,Duncan,Luke.Duncan@CHCHeli.com,,Active,,a10e11f0-c774-4f72-a9b0-0d625cc35509,Luke.Duncan@CHCHeli.com,2026-03-31T16:09:35-07:00,2026-08-12T05:44:49-07:00,Luke.Duncan@CHCHeli.com,LDUNCAN,,,,,,,,MingleEnterprise,Infor-SuiteUser,MingleIONEnabled,HOMEPAGES-User,IDM-User,IDM-RelatedInformationUser,M3UI-USER,MASHUP-User,FGR003_RW,FGR001_RW,FGR005_RW,FGR004_RW,FGR002_RW,FGR014_RO,FGR021_RO,FGR300_RO,FGR301_RO,FGR302_RO,FGR311_RO,FGR352_RO,FGR350_RO,FGR359_RO,FGR006_RO,FGR013_RO,FGR309_RO,FGR305_RO,FGR310_RO,FGR319_RO,FGR351_RO,,,,,,,,,,,,,,,,,,,,,,,,,,,,,,,,,,,,,,,,,,,,,,,,,,,,,,,,,,,,,,,,,,,,,,,,,,,,,,,,,,,,,,,,,,,,,,,,,,,,,,,,,,,,,,,,,,,,,,,,,,,,,,,,,,,,,,,,,,,,,,,,,,,,,,,,,,,,,,,,,,,,,,,,,,,,,,,,,,,,,,,,,,,,,,,,,,,,,,,,,,,,,,,,,,,,,,,,,,,,,,,,,,,,,,,,,,,,,,,,,,,,,,,,,,,,,,,,,,,,,,,,,,,,,,,,,,,,,,,,,,,,,,,,,,,,,,,,,,,,,,,,,,,,,,,,,,,,,,,,,,,,,,,,,,,,,,,,,,,,,,,,,,,,,,,,,,,,,,,,,,,,,,,,,,,,,,,,,,,,,,,,,,,,,,,,,,,,,,,,,,,,,,,,,,,,,,,,,,,,,,,,,,,,,,,,,,,,,,,,,,,,,,,,,,,,,,,,,,,,,,,,,,,,,,,,,,,,,,,,,,,,,,,,,,,,,,,,,,,,,,,,,,,,,,,,,,,,,,,,,,,,,,,,,,,,,,,,,,,,,,,,,,,,,,,,,,,,,,,,,,,,,,,,,,,,,,,,,,,,,,,,,,,,,,,,,,,,,,,,,,,,,,,,,,,,,,,,,,,,,,,,,,,,,,,,,,,,,,,,,,,,,,,,,,,, ,Updated
SJOHNY,Sojiya,Johny,Sojiya.Johny@chcheli.com,,Active,,ace9a3ab-7e9a-4d69-801e-fc8ac73debdb,Sojiya.Johny@chcheli.com,2026-03-31T16:13:28-07:00,2026-06-29T07:29:47-07:00,Sojiya.Johny@chcheli.com,SJOHNY,,,,,,,,MingleEnterprise,Infor-SuiteUser,MingleIONEnabled,HOMEPAGES-User,IDM-User,IDM-RelatedInformationUser,M3UI-USER,MASHUP-User,DocBits-User,FGR003_RW,FGR001_RW,FGR005_RW,FGR004_RW,FGR002_RW,FGR014_RO,FGR021_RO,FGR300_RO,FGR301_RO,FGR302_RO,FGR311_RO,FGR352_RO,FGR350_RO,FGR359_RO,FGR006_RO,FGR013_RO,FGR309_RO,FGR305_RO,FGR310_RO,FGR319_RO,FGR351_RO,,,,,,,,,,,,,,,,,,,,,,,,,,,,,,,,,,,,,,,,,,,,,,,,,,,,,,,,,,,,,,,,,,,,,,,,,,,,,,,,,,,,,,,,,,,,,,,,,,,,,,,,,,,,,,,,,,,,,,,,,,,,,,,,,,,,,,,,,,,,,,,,,,,,,,,,,,,,,,,,,,,,,,,,,,,,,,,,,,,,,,,,,,,,,,,,,,,,,,,,,,,,,,,,,,,,,,,,,,,,,,,,,,,,,,,,,,,,,,,,,,,,,,,,,,,,,,,,,,,,,,,,,,,,,,,,,,,,,,,,,,,,,,,,,,,,,,,,,,,,,,,,,,,,,,,,,,,,,,,,,,,,,,,,,,,,,,,,,,,,,,,,,,,,,,,,,,,,,,,,,,,,,,,,,,,,,,,,,,,,,,,,,,,,,,,,,,,,,,,,,,,,,,,,,,,,,,,,,,,,,,,,,,,,,,,,,,,,,,,,,,,,,,,,,,,,,,,,,,,,,,,,,,,,,,,,,,,,,,,,,,,,,,,,,,,,,,,,,,,,,,,,,,,,,,,,,,,,,,,,,,,,,,,,,,,,,,,,,,,,,,,,,,,,,,,,,,,,,,,,,,,,,,,,,,,,,,,,,,,,,,,,,,,,,,,,,,,,,,,,,,,,,,,,,,,,,,,,,,,,,,,,,,,,,,,,,,,,,,,,,,,,,,,,,,, ,Updated
RDURGADE,Rutuja,Durgade,Rutuja.Durgade@CHCHeli.com,,Active,,0e07e574-1aaa-422d-aa4b-5098c39db223,rutuja.durgade@chcheli.com,2026-04-08T18:08:34-07:00,2026-06-30T01:51:59-07:00,rutuja.durgade@chcheli.com,RDURGADE,,,,,,,,MingleEnterprise,Infor-SuiteUser,MingleIONEnabled,HOMEPAGES-User,IDM-User,IDM-RelatedInformationUser,M3UI-USER,MASHUP-User,DocBits-User,FGR003_RW,FGR001_RW,FGR005_RW,FGR004_RW,FGR002_RW,FGR014_RO,FGR021_RO,FGR300_RO,FGR301_RO,FGR302_RO,FGR311_RO,FGR352_RO,FGR350_RO,FGR359_RO,FGR006_RO,FGR013_RO,FGR309_RO,FGR305_RO,FGR310_RO,FGR319_RO,FGR351_RO,,,,,,,,,,,,,,,,,,,,,,,,,,,,,,,,,,,,,,,,,,,,,,,,,,,,,,,,,,,,,,,,,,,,,,,,,,,,,,,,,,,,,,,,,,,,,,,,,,,,,,,,,,,,,,,,,,,,,,,,,,,,,,,,,,,,,,,,,,,,,,,,,,,,,,,,,,,,,,,,,,,,,,,,,,,,,,,,,,,,,,,,,,,,,,,,,,,,,,,,,,,,,,,,,,,,,,,,,,,,,,,,,,,,,,,,,,,,,,,,,,,,,,,,,,,,,,,,,,,,,,,,,,,,,,,,,,,,,,,,,,,,,,,,,,,,,,,,,,,,,,,,,,,,,,,,,,,,,,,,,,,,,,,,,,,,,,,,,,,,,,,,,,,,,,,,,,,,,,,,,,,,,,,,,,,,,,,,,,,,,,,,,,,,,,,,,,,,,,,,,,,,,,,,,,,,,,,,,,,,,,,,,,,,,,,,,,,,,,,,,,,,,,,,,,,,,,,,,,,,,,,,,,,,,,,,,,,,,,,,,,,,,,,,,,,,,,,,,,,,,,,,,,,,,,,,,,,,,,,,,,,,,,,,,,,,,,,,,,,,,,,,,,,,,,,,,,,,,,,,,,,,,,,,,,,,,,,,,,,,,,,,,,,,,,,,,,,,,,,,,,,,,,,,,,,,,,,,,,,,,,,,,,,,,,,,,,,,,,,,,,,,,,,,,,, ,Updated
HPATIL,Harsha,Patil,Harsha.Patil@CHCHeli.com,,Active,,ed17928d-007c-4c2e-994d-46640b57fa7c,harsha.patil@chcheli.com,2026-04-08T18:11:44-07:00,2026-06-10T04:25:27-07:00,harsha.patil@chcheli.com,HPATIL,,,,,,,,MingleEnterprise,Infor-SuiteUser,MingleIONEnabled,HOMEPAGES-User,IDM-User,IDM-RelatedInformationUser,M3UI-USER,MASHUP-User,DocBits-User,FGR003_RW,FGR001_RW,FGR005_RW,FGR004_RW,FGR002_RW,FGR014_RO,FGR021_RO,FGR300_RO,FGR301_RO,FGR302_RO,FGR311_RO,FGR352_RO,FGR350_RO,FGR359_RO,FGR006_RO,FGR013_RO,FGR309_RO,FGR305_RO,FGR310_RO,FGR319_RO,FGR351_RO,,,,,,,,,,,,,,,,,,,,,,,,,,,,,,,,,,,,,,,,,,,,,,,,,,,,,,,,,,,,,,,,,,,,,,,,,,,,,,,,,,,,,,,,,,,,,,,,,,,,,,,,,,,,,,,,,,,,,,,,,,,,,,,,,,,,,,,,,,,,,,,,,,,,,,,,,,,,,,,,,,,,,,,,,,,,,,,,,,,,,,,,,,,,,,,,,,,,,,,,,,,,,,,,,,,,,,,,,,,,,,,,,,,,,,,,,,,,,,,,,,,,,,,,,,,,,,,,,,,,,,,,,,,,,,,,,,,,,,,,,,,,,,,,,,,,,,,,,,,,,,,,,,,,,,,,,,,,,,,,,,,,,,,,,,,,,,,,,,,,,,,,,,,,,,,,,,,,,,,,,,,,,,,,,,,,,,,,,,,,,,,,,,,,,,,,,,,,,,,,,,,,,,,,,,,,,,,,,,,,,,,,,,,,,,,,,,,,,,,,,,,,,,,,,,,,,,,,,,,,,,,,,,,,,,,,,,,,,,,,,,,,,,,,,,,,,,,,,,,,,,,,,,,,,,,,,,,,,,,,,,,,,,,,,,,,,,,,,,,,,,,,,,,,,,,,,,,,,,,,,,,,,,,,,,,,,,,,,,,,,,,,,,,,,,,,,,,,,,,,,,,,,,,,,,,,,,,,,,,,,,,,,,,,,,,,,,,,,,,,,,,,,,,,,,, ,Updated
AKORDE,Aniket,Korde,Aniket.Korde@chcheli.com,,Active,,e3d489b4-741d-47a8-b066-042ab282a136,aniket.korde@chcheli.com,2026-04-08T18:12:00-07:00,2026-04-17T07:27:40-07:00,aniket.korde@chcheli.com,AKORDE,,,,,,,,MingleEnterprise,Infor-SuiteUser,MingleIONEnabled,HOMEPAGES-User,IDM-User,IDM-RelatedInformationUser,M3UI-USER,MASHUP-User,DocBits-User,FGR003_RW,FGR001_RW,FGR005_RW,FGR004_RW,FGR002_RW,FGR014_RO,FGR021_RO,FGR300_RO,FGR301_RO,FGR302_RO,FGR311_RO,FGR352_RO,FGR350_RO,FGR359_RO,FGR006_RO,FGR013_RO,FGR309_RO,FGR305_RO,FGR310_RO,FGR319_RO,FGR351_RO,,,,,,,,,,,,,,,,,,,,,,,,,,,,,,,,,,,,,,,,,,,,,,,,,,,,,,,,,,,,,,,,,,,,,,,,,,,,,,,,,,,,,,,,,,,,,,,,,,,,,,,,,,,,,,,,,,,,,,,,,,,,,,,,,,,,,,,,,,,,,,,,,,,,,,,,,,,,,,,,,,,,,,,,,,,,,,,,,,,,,,,,,,,,,,,,,,,,,,,,,,,,,,,,,,,,,,,,,,,,,,,,,,,,,,,,,,,,,,,,,,,,,,,,,,,,,,,,,,,,,,,,,,,,,,,,,,,,,,,,,,,,,,,,,,,,,,,,,,,,,,,,,,,,,,,,,,,,,,,,,,,,,,,,,,,,,,,,,,,,,,,,,,,,,,,,,,,,,,,,,,,,,,,,,,,,,,,,,,,,,,,,,,,,,,,,,,,,,,,,,,,,,,,,,,,,,,,,,,,,,,,,,,,,,,,,,,,,,,,,,,,,,,,,,,,,,,,,,,,,,,,,,,,,,,,,,,,,,,,,,,,,,,,,,,,,,,,,,,,,,,,,,,,,,,,,,,,,,,,,,,,,,,,,,,,,,,,,,,,,,,,,,,,,,,,,,,,,,,,,,,,,,,,,,,,,,,,,,,,,,,,,,,,,,,,,,,,,,,,,,,,,,,,,,,,,,,,,,,,,,,,,,,,,,,,,,,,,,,,,,,,,,,,,,,, ,Updated
KULTRA,Kathleen,Ultra,Kathleen.Ultra@chcheli.com,,Active,,fee75d23-d431-4147-8367-a2839aba2ea7,Kathleen.Ultra@chcheli.com,2026-04-08T18:15:01-07:00,2026-06-22T13:57:33-07:00,Kathleen.Ultra@chcheli.com,KULTRA,,,,,,,,MingleEnterprise,Infor-SuiteUser,MingleIONEnabled,HOMEPAGES-User,IDM-User,IDM-RelatedInformationUser,M3UI-USER,MASHUP-User,DocBits-User,FGR003_RW,FGR001_RW,FGR005_RW,FGR004_RW,FGR002_RW,FGR014_RO,FGR021_RO,FGR300_RO,FGR301_RO,FGR302_RO,FGR311_RO,FGR352_RO,FGR350_RO,FGR359_RO,FGR006_RO,FGR013_RO,FGR309_RO,FGR305_RO,FGR310_RO,FGR319_RO,FGR351_RO,,,,,,,,,,,,,,,,,,,,,,,,,,,,,,,,,,,,,,,,,,,,,,,,,,,,,,,,,,,,,,,,,,,,,,,,,,,,,,,,,,,,,,,,,,,,,,,,,,,,,,,,,,,,,,,,,,,,,,,,,,,,,,,,,,,,,,,,,,,,,,,,,,,,,,,,,,,,,,,,,,,,,,,,,,,,,,,,,,,,,,,,,,,,,,,,,,,,,,,,,,,,,,,,,,,,,,,,,,,,,,,,,,,,,,,,,,,,,,,,,,,,,,,,,,,,,,,,,,,,,,,,,,,,,,,,,,,,,,,,,,,,,,,,,,,,,,,,,,,,,,,,,,,,,,,,,,,,,,,,,,,,,,,,,,,,,,,,,,,,,,,,,,,,,,,,,,,,,,,,,,,,,,,,,,,,,,,,,,,,,,,,,,,,,,,,,,,,,,,,,,,,,,,,,,,,,,,,,,,,,,,,,,,,,,,,,,,,,,,,,,,,,,,,,,,,,,,,,,,,,,,,,,,,,,,,,,,,,,,,,,,,,,,,,,,,,,,,,,,,,,,,,,,,,,,,,,,,,,,,,,,,,,,,,,,,,,,,,,,,,,,,,,,,,,,,,,,,,,,,,,,,,,,,,,,,,,,,,,,,,,,,,,,,,,,,,,,,,,,,,,,,,,,,,,,,,,,,,,,,,,,,,,,,,,,,,,,,,,,,,,,,,,,,,,, ,Updated
ACASTRO,Armida,Garcia,Armida.Garcia@chcheli.com,,Active,,51a9ff26-9848-4981-8b2e-9d2ef966d138,Armida.Garcia@chcheli.com,2026-04-20T07:11:31-07:00,,Armida.Garcia@chcheli.com,ACASTRO,,,,,,,,MingleEnterprise,Infor-SuiteUser,MingleIONEnabled,HOMEPAGES-User,IDM-User,IDM-RelatedInformationUser,M3UI-USER,MASHUP-User,,,,,,,,,,,,,,,,,,,,,,,,,,,,,,,,,,,,,,,,,,,,,,,,,,,,,,,,,,,,,,,,,,,,,,,,,,,,,,,,,,,,,,,,,,,,,,,,,,,,,,,,,,,,,,,,,,,,,,,,,,,,,,,,,,,,,,,,,,,,,,,,,,,,,,,,,,,,,,,,,,,,,,,,,,,,,,,,,,,,,,,,,,,,,,,,,,,,,,,,,,,,,,,,,,,,,,,,,,,,,,,,,,,,,,,,,,,,,,,,,,,,,,,,,,,,,,,,,,,,,,,,,,,,,,,,,,,,,,,,,,,,,,,,,,,,,,,,,,,,,,,,,,,,,,,,,,,,,,,,,,,,,,,,,,,,,,,,,,,,,,,,,,,,,,,,,,,,,,,,,,,,,,,,,,,,,,,,,,,,,,,,,,,,,,,,,,,,,,,,,,,,,,,,,,,,,,,,,,,,,,,,,,,,,,,,,,,,,,,,,,,,,,,,,,,,,,,,,,,,,,,,,,,,,,,,,,,,,,,,,,,,,,,,,,,,,,,,,,,,,,,,,,,,,,,,,,,,,,,,,,,,,,,,,,,,,,,,,,,,,,,,,,,,,,,,,,,,,,,,,,,,,,,,,,,,,,,,,,,,,,,,,,,,,,,,,,,,,,,,,,,,,,,,,,,,,,,,,,,,,,,,,,,,,,,,,,,,,,,,,,,,,,,,,,,,,,,,,,,,,,,,,,,,,,,,, ,Updated
54e3be85-3c6d-47d5-b9e7-70bb0360a719,Akash,Datkhile,Akash.Datkhile@chcheli.com,Mr,Active,,54e3be85-3c6d-47d5-b9e7-70bb0360a719,Akash.Datkhile@chcheli.com,2026-04-20T07:11:41-07:00,2026-08-18T07:08:38-07:00,Akash.Datkhile@chcheli.com,ADATKHIL,,,,,,,,UserAdmin,DataAdministrator,Infor-SystemAdministrator,IFS-ExternalEntityAdmin,IFS-ReadOnlyUser,IFS-AuditReportUser,IFS-AuditAdministrator,IFS-MonitorReportUser,IFS-MonitorAdministrator,IFS-PasswordAdmin,MingleEnterprise,Infor-SuiteUser,MingleIONEnabled,MingleAdministrator,MingleDataAdministrator,PORTAL-User,PORTAL-ContentAdministrator,GRID-SystemAdministrator,GRID-Viewer,GRID-Administrator,HOMEPAGES-Administrator,HOMEPAGES-ContentAdministrator,HOMEPAGES-User,HOMEPAGES-ContentSupport,IONDeskSecurityAdmin,IONDeskAdmin,IONContentProvider,IONDeskOAuthGenerator,Mingle-LocatorView,IFSAdminContact,IONAPI-Tracing,IONAPI-User,IONAPI-Administrator,DATALAKE-User,DATALAKE-DataAdministrator,DATALAKE-SystemAdministrator,DECISIONSERVICE-Editor,DECISIONSERVICE-Approver,INBOX-PowerUser,SmartHelpUser,IDM-User,IDM-AdvancedUser,IDM-Administrator,IDM-SuperUser,IDM-RelatedInformationUser,IDM-SignatureUser,GDPR-Collaboration-ChiefDataProtectionOfficer,GDPR-Collaboration-DataProtectionOfficer,GDPR-App-Administrator,DATAFABRIC-SuperAdmin,DATAFABRIC-User,ENTERPRISESEARCH-Admin,ENTERPRISESEARCH-User,ENTERPRISESEARCH-PowerUser,M3EC-Administrator,M3EC-User,M3EC-ClientDesigntime,M3-DLSubscriptionAdmin,M3BE-FATAdmin-Exporter,M3UI-StartPageAdministrator,M3UI-DebugUser,M3UI-Administrator,M3UI-USER,M3UI-Designer,M3BDP-Administrator,M3BDP-USER,MASHUP-Administrator,MASHUP-User,IECEC-Administrator,IECEC-User,M3BE-FATAdmin,M3BE-FndAdmin,M3BE-FndUser,M3BE-ServicesAdmin,M3BE-CryptoAdmin,M3BE-ExtensionsAdmin,M3BE-ExtensionsViewer,M3BE-DBViewer,M3BE-DBAdmin,M3BE-FndFlagAdmin,M3BE-FileViewer,M3BE-FileAdmin,M3BE-ConfigAdmin,M3BE-ConfigUser,M3BE-LogEnabler,M3BE-SystemAdministrator,M3BE-DBAdmin-ReadToken,EVENTHUB-Administrator,EVENTHUB-User,M3MDP-USER,M3CE_About_Viewer,M3ENTERPRISESEARCH-Administrator,IPW-User,Birst-SystemAdministrator,Birst-User,MONGOOSE-UG-CoreFormsAdmin,MONGOOSE-UG-CoreFormsDeveloper,MONGOOSE-UG-CoreFormsEndUser,MONGOOSE-UG-CoreIDOs,MONGOOSE-LM-MGCoreAutomation,MONGOOSE-LM-MGCoreTrans,MONGOOSE-LM-MGDataViews,MONGOOSE-LM-MGDeveloper,MONGOOSE-LM-MGUserCreatedForms,MONGOOSE-LM-MGUserCreatedIDOs,MONGOOSE-LM-MGPAAS,MONGOOSE-LM-MGM3InterfaceForms,MONGOOSE-LM-MGM3InterfaceIDOs,MONGOOSE-LM-MGAppBuilder,APPBUILDER-Administrator,APPBUILDER-User,APPBUILDER-Designer,LCLLSP-User,LCLLSP-Admin,LCLLSP-PrivilegedUser,LCLLSP-ServiceAdmin,LCLLSP-AppAdmin,LCLLSP-SupAdmin,LCLLSP-StdAdmin,LCLLSP-StdUser,M3A Administrators,M3A Developers,M3A Procurement,M3A Finance,M3A Production,M3ADISBIRST-Model-Administrator,M3ADISBIRST-Extension-Administrator,M3ADISBIRST-Consumer-Administrator,M3ADISBIRST-User,M3A Warehouse,M3A Default Subject Area,IFSApplicationAdmin,IFS-ShowUserManagementUI,IFS-GroupsAdmin,IFS-GroupsUpdate,IFS-GroupsReadOnlyUser,IFS-ReadOnly,M3MDP-TESTAPI,INBOX-Admin,M3DMP-Contributor,M3UI-Approver,M3A Opportunity Management,IONAPI-Developer,M3CPW-User,IAD-DataMaintainer,IAD-Designer,IAD-Publisher,IAD-TemplateBuilder,M3ACM-User,M3ACM-Viewer,IPI-ModelerAdmin,IPI-ModelerViewer,IPI-ModelerDesigner,PORTAL-ContentPublisher,M3BE-PowerUser,M3BE-LicenseType1,M3BE-LicenseType2,M3BE-LicenseType3,M3BE-LicenseType6-FT,M3BE-LicenseType6-SHUB,M3HealthService-Administrator,IONAPI-BaaS-Administrator,IONAPI-BaaS-DataAdministrator,IONAPI-BaaS-Developer,IONAPI-BaaS-User,M3BE-DBUpdater,DATAFABRIC-HealthServiceAdmin,PORTAL-AnnouncementAdministrator,M3BE-DBAdmin-PrdToken,M3BE-LicenseType4,SMARTHELP-Administrator,DocBits-User,M3BE-FATAdmin-PRD-UpperLimitRuleToken,M3BE-FATAdmin-DeleteData,M3BE-FATAdmin-PRD-DeleteDataToken,M3BE-FATAdmin-PRD-ConfigureUpperLimit,FGR032_RW,FGR003_RW,FGR012_RW,FGR001_RW,FGR014_RW,FGR005_RW,FGR061_RW,FGR030_RW,FGR060_RW,FGR070_RW,FGR021_RW,FGR031_RW,FGR004_RW,FGR069_RW,FGR072_RW,FGR071_RW,FGR062_RW,FGR035_RW,FGR013_RW,FGR006_RW,FGR039_RW,FGR065_RW,FGR329_RW,FGR002_RW,FGR079_RW,FGR331_RW,FGR341_RW,FGR332_RW,FGR342_RW,FGR351_RW,FGR355_RW,FGR352_RW,FGR350_RW,FGR362_RW,FGR359_RW,FGR190_RW,FGR302_RW,FGR305_RW,FGR310_RW,FGR312_RW,FGR315_RW,FGR115_RW,FGR320_RW,FGR119_RW,FGR110_RW,FGR111_RW,FGR112_RW,FGR300_RW,FGR301_RW,FGR309_RW,FGR311_RW,FGR321_RW,FGR319_RW,FGR325_RW,FGR322_RW,FGR330_RW,FGR335_RW,FGR339_RW,FGR340_RW,FGR345_RW,FGR349_RW,FGR361_RW,FGR360_RW,FGR365_RW,FGR369_RW,FGR999_RW,FGR013_RO,,,,,,,,,,,,,,,,,,,,,,,,,,,,,,,,,,,,,,,,,,,,,,,,,,,,,,,,,,,,,,,,,,,,,,,,,,,,,,,,,,,,,,,,,,,,,,,,,,,,,,,,,,,,,,,,,,,,,,,,,,,,,,,,,,,,,,,,,,,,,,,,,,,,,,,,,,,,,,,,,,,,,,,,,,,,,,,,,,,,,,,,,,,,,,,,,,,,,,,,,,,,,,,,,,,,,,,,,,,,,,,,,,,,,,,,,,,,,,,,,,,,,,,,,,,,,,,,,,,,,,,,,,,,,,,,,,,,,,,,,,,,,,,,,,,,,,,,,,,,,,,,,,,,,,,,,,,,,,,,,,,,,,,,,,,,,,,,,,,,,,,,,,,,,,,,,,,,,,,,,,,,,,,,,,,,,,,,,,,,,,,,,,,,,,,,,,,,,,,,,,,,,,,,,,,,,,,,,,,,,,,,,,,,,,,,,,,,,, ,Updated
ADUBEY,Anjali,Dubey,Anjali.Dubey@chcheli.com,,Active,,7d72086d-0db6-4e77-af9d-f66f301fb085,Anjali.Dubey@chcheli.com,2026-04-20T07:11:41-07:00,,Anjali.Dubey@chcheli.com,ADUBEY,,,,,,,,MingleEnterprise,Infor-SuiteUser,MingleIONEnabled,HOMEPAGES-User,IDM-User,IDM-RelatedInformationUser,M3UI-USER,MASHUP-User,FGR003_RW,FGR001_RW,FGR005_RW,FGR004_RW,FGR002_RW,FGR014_RO,FGR021_RO,FGR300_RO,FGR301_RO,FGR302_RO,FGR311_RO,FGR352_RO,FGR350_RO,FGR359_RO,FGR006_RO,FGR013_RO,FGR309_RO,FGR305_RO,FGR310_RO,FGR319_RO,FGR351_RO,,,,,,,,,,,,,,,,,,,,,,,,,,,,,,,,,,,,,,,,,,,,,,,,,,,,,,,,,,,,,,,,,,,,,,,,,,,,,,,,,,,,,,,,,,,,,,,,,,,,,,,,,,,,,,,,,,,,,,,,,,,,,,,,,,,,,,,,,,,,,,,,,,,,,,,,,,,,,,,,,,,,,,,,,,,,,,,,,,,,,,,,,,,,,,,,,,,,,,,,,,,,,,,,,,,,,,,,,,,,,,,,,,,,,,,,,,,,,,,,,,,,,,,,,,,,,,,,,,,,,,,,,,,,,,,,,,,,,,,,,,,,,,,,,,,,,,,,,,,,,,,,,,,,,,,,,,,,,,,,,,,,,,,,,,,,,,,,,,,,,,,,,,,,,,,,,,,,,,,,,,,,,,,,,,,,,,,,,,,,,,,,,,,,,,,,,,,,,,,,,,,,,,,,,,,,,,,,,,,,,,,,,,,,,,,,,,,,,,,,,,,,,,,,,,,,,,,,,,,,,,,,,,,,,,,,,,,,,,,,,,,,,,,,,,,,,,,,,,,,,,,,,,,,,,,,,,,,,,,,,,,,,,,,,,,,,,,,,,,,,,,,,,,,,,,,,,,,,,,,,,,,,,,,,,,,,,,,,,,,,,,,,,,,,,,,,,,,,,,,,,,,,,,,,,,,,,,,,,,,,,,,,,,,,,,,,,,,,,,,,,,,,,,,,,,, ,Updated
AJAKOBSSON,Arve,Jakobsson,Arve.Jakobsson@heli-one.com,,Active,,8e12c3f8-ef5f-4dc4-b6ae-fa43ebdb6406,Arve.Jakobsson@heli-one.com,2026-04-20T07:11:41-07:00,,Arve.Jakobsson@heli-one.com,AJAKOBSSON,,,,,,,,MingleEnterprise,Infor-SuiteUser,MingleIONEnabled,HOMEPAGES-User,IDM-User,IDM-RelatedInformationUser,M3UI-USER,MASHUP-User,,,,,,,,,,,,,,,,,,,,,,,,,,,,,,,,,,,,,,,,,,,,,,,,,,,,,,,,,,,,,,,,,,,,,,,,,,,,,,,,,,,,,,,,,,,,,,,,,,,,,,,,,,,,,,,,,,,,,,,,,,,,,,,,,,,,,,,,,,,,,,,,,,,,,,,,,,,,,,,,,,,,,,,,,,,,,,,,,,,,,,,,,,,,,,,,,,,,,,,,,,,,,,,,,,,,,,,,,,,,,,,,,,,,,,,,,,,,,,,,,,,,,,,,,,,,,,,,,,,,,,,,,,,,,,,,,,,,,,,,,,,,,,,,,,,,,,,,,,,,,,,,,,,,,,,,,,,,,,,,,,,,,,,,,,,,,,,,,,,,,,,,,,,,,,,,,,,,,,,,,,,,,,,,,,,,,,,,,,,,,,,,,,,,,,,,,,,,,,,,,,,,,,,,,,,,,,,,,,,,,,,,,,,,,,,,,,,,,,,,,,,,,,,,,,,,,,,,,,,,,,,,,,,,,,,,,,,,,,,,,,,,,,,,,,,,,,,,,,,,,,,,,,,,,,,,,,,,,,,,,,,,,,,,,,,,,,,,,,,,,,,,,,,,,,,,,,,,,,,,,,,,,,,,,,,,,,,,,,,,,,,,,,,,,,,,,,,,,,,,,,,,,,,,,,,,,,,,,,,,,,,,,,,,,,,,,,,,,,,,,,,,,,,,,,,,,,,,,,,,,,,,,,,,,,,,, ,Updated
3b8153b8-9073-4ba8-a6aa-9c6c9b80f5af,Akash,Kudekar,Akash.Kudekar@chcheli.com,,Active,,3b8153b8-9073-4ba8-a6aa-9c6c9b80f5af,Akash.Kudekar@chcheli.com,2026-04-20T07:15:27-07:00,,Akash.Kudekar@chcheli.com,AKUDEKAR,,,,,,,,MingleEnterprise,Infor-SuiteUser,MingleIONEnabled,HOMEPAGES-User,IDM-User,IDM-RelatedInformationUser,M3UI-USER,MASHUP-User,FGR003_RW,FGR001_RW,FGR005_RW,FGR004_RW,FGR002_RW,FGR014_RO,FGR021_RO,FGR300_RO,FGR301_RO,FGR302_RO,FGR311_RO,FGR352_RO,FGR350_RO,FGR359_RO,FGR006_RO,FGR013_RO,FGR309_RO,FGR305_RO,FGR310_RO,FGR319_RO,FGR351_RO,,,,,,,,,,,,,,,,,,,,,,,,,,,,,,,,,,,,,,,,,,,,,,,,,,,,,,,,,,,,,,,,,,,,,,,,,,,,,,,,,,,,,,,,,,,,,,,,,,,,,,,,,,,,,,,,,,,,,,,,,,,,,,,,,,,,,,,,,,,,,,,,,,,,,,,,,,,,,,,,,,,,,,,,,,,,,,,,,,,,,,,,,,,,,,,,,,,,,,,,,,,,,,,,,,,,,,,,,,,,,,,,,,,,,,,,,,,,,,,,,,,,,,,,,,,,,,,,,,,,,,,,,,,,,,,,,,,,,,,,,,,,,,,,,,,,,,,,,,,,,,,,,,,,,,,,,,,,,,,,,,,,,,,,,,,,,,,,,,,,,,,,,,,,,,,,,,,,,,,,,,,,,,,,,,,,,,,,,,,,,,,,,,,,,,,,,,,,,,,,,,,,,,,,,,,,,,,,,,,,,,,,,,,,,,,,,,,,,,,,,,,,,,,,,,,,,,,,,,,,,,,,,,,,,,,,,,,,,,,,,,,,,,,,,,,,,,,,,,,,,,,,,,,,,,,,,,,,,,,,,,,,,,,,,,,,,,,,,,,,,,,,,,,,,,,,,,,,,,,,,,,,,,,,,,,,,,,,,,,,,,,,,,,,,,,,,,,,,,,,,,,,,,,,,,,,,,,,,,,,,,,,,,,,,,,,,,,,,,,,,,,,,,,,,,,, ,Updated
ALARSEN,Arild,Larsen,Arild.Larsen@chcheli.com,,Active,,21806066-f49c-43c5-886e-3ecadb209488,Arild.Larsen@chcheli.com,2026-04-20T07:15:27-07:00,,Arild.Larsen@chcheli.com,ALARSEN,,,,,,,,MingleEnterprise,Infor-SuiteUser,MingleIONEnabled,HOMEPAGES-User,IDM-User,IDM-RelatedInformationUser,M3UI-USER,MASHUP-User,,,,,,,,,,,,,,,,,,,,,,,,,,,,,,,,,,,,,,,,,,,,,,,,,,,,,,,,,,,,,,,,,,,,,,,,,,,,,,,,,,,,,,,,,,,,,,,,,,,,,,,,,,,,,,,,,,,,,,,,,,,,,,,,,,,,,,,,,,,,,,,,,,,,,,,,,,,,,,,,,,,,,,,,,,,,,,,,,,,,,,,,,,,,,,,,,,,,,,,,,,,,,,,,,,,,,,,,,,,,,,,,,,,,,,,,,,,,,,,,,,,,,,,,,,,,,,,,,,,,,,,,,,,,,,,,,,,,,,,,,,,,,,,,,,,,,,,,,,,,,,,,,,,,,,,,,,,,,,,,,,,,,,,,,,,,,,,,,,,,,,,,,,,,,,,,,,,,,,,,,,,,,,,,,,,,,,,,,,,,,,,,,,,,,,,,,,,,,,,,,,,,,,,,,,,,,,,,,,,,,,,,,,,,,,,,,,,,,,,,,,,,,,,,,,,,,,,,,,,,,,,,,,,,,,,,,,,,,,,,,,,,,,,,,,,,,,,,,,,,,,,,,,,,,,,,,,,,,,,,,,,,,,,,,,,,,,,,,,,,,,,,,,,,,,,,,,,,,,,,,,,,,,,,,,,,,,,,,,,,,,,,,,,,,,,,,,,,,,,,,,,,,,,,,,,,,,,,,,,,,,,,,,,,,,,,,,,,,,,,,,,,,,,,,,,,,,,,,,,,,,,,,,,,,,,,, ,Updated
ALAU,Andy,Lau,Andy.Lau@chcheli.com,,Active,,422722f3-4838-49a2-a1df-f18b4d11dc8b,Andy.Lau@chcheli.com,2026-04-20T07:15:27-07:00,,Andy.Lau@chcheli.com,ALAU,,,,,,,,MingleEnterprise,Infor-SuiteUser,MingleIONEnabled,HOMEPAGES-User,IDM-User,IDM-RelatedInformationUser,M3UI-USER,MASHUP-User,,,,,,,,,,,,,,,,,,,,,,,,,,,,,,,,,,,,,,,,,,,,,,,,,,,,,,,,,,,,,,,,,,,,,,,,,,,,,,,,,,,,,,,,,,,,,,,,,,,,,,,,,,,,,,,,,,,,,,,,,,,,,,,,,,,,,,,,,,,,,,,,,,,,,,,,,,,,,,,,,,,,,,,,,,,,,,,,,,,,,,,,,,,,,,,,,,,,,,,,,,,,,,,,,,,,,,,,,,,,,,,,,,,,,,,,,,,,,,,,,,,,,,,,,,,,,,,,,,,,,,,,,,,,,,,,,,,,,,,,,,,,,,,,,,,,,,,,,,,,,,,,,,,,,,,,,,,,,,,,,,,,,,,,,,,,,,,,,,,,,,,,,,,,,,,,,,,,,,,,,,,,,,,,,,,,,,,,,,,,,,,,,,,,,,,,,,,,,,,,,,,,,,,,,,,,,,,,,,,,,,,,,,,,,,,,,,,,,,,,,,,,,,,,,,,,,,,,,,,,,,,,,,,,,,,,,,,,,,,,,,,,,,,,,,,,,,,,,,,,,,,,,,,,,,,,,,,,,,,,,,,,,,,,,,,,,,,,,,,,,,,,,,,,,,,,,,,,,,,,,,,,,,,,,,,,,,,,,,,,,,,,,,,,,,,,,,,,,,,,,,,,,,,,,,,,,,,,,,,,,,,,,,,,,,,,,,,,,,,,,,,,,,,,,,,,,,,,,,,,,,,,,,,,,,,,, ,Updated
AMORENO,aleymir,moreno,aleymir.moreno@chcheli.com,,Active,,33607ffa-3d53-424f-bb50-ed321b51d304,aleymir.moreno@chcheli.com,2026-04-20T07:15:28-07:00,,aleymir.moreno@chcheli.com,AMORENO,,,,,,,,MingleEnterprise,Infor-SuiteUser,MingleIONEnabled,HOMEPAGES-User,IDM-User,IDM-RelatedInformationUser,M3UI-USER,MASHUP-User,,,,,,,,,,,,,,,,,,,,,,,,,,,,,,,,,,,,,,,,,,,,,,,,,,,,,,,,,,,,,,,,,,,,,,,,,,,,,,,,,,,,,,,,,,,,,,,,,,,,,,,,,,,,,,,,,,,,,,,,,,,,,,,,,,,,,,,,,,,,,,,,,,,,,,,,,,,,,,,,,,,,,,,,,,,,,,,,,,,,,,,,,,,,,,,,,,,,,,,,,,,,,,,,,,,,,,,,,,,,,,,,,,,,,,,,,,,,,,,,,,,,,,,,,,,,,,,,,,,,,,,,,,,,,,,,,,,,,,,,,,,,,,,,,,,,,,,,,,,,,,,,,,,,,,,,,,,,,,,,,,,,,,,,,,,,,,,,,,,,,,,,,,,,,,,,,,,,,,,,,,,,,,,,,,,,,,,,,,,,,,,,,,,,,,,,,,,,,,,,,,,,,,,,,,,,,,,,,,,,,,,,,,,,,,,,,,,,,,,,,,,,,,,,,,,,,,,,,,,,,,,,,,,,,,,,,,,,,,,,,,,,,,,,,,,,,,,,,,,,,,,,,,,,,,,,,,,,,,,,,,,,,,,,,,,,,,,,,,,,,,,,,,,,,,,,,,,,,,,,,,,,,,,,,,,,,,,,,,,,,,,,,,,,,,,,,,,,,,,,,,,,,,,,,,,,,,,,,,,,,,,,,,,,,,,,,,,,,,,,,,,,,,,,,,,,,,,,,,,,,,,,,,,,,,,,, ,Updated
ANCOSTA,Anderson,Costa,Anderson.Costa@chcheli.com,,Active,,4869f790-81e2-4284-9631-ab21e607dbc4,Anderson.Costa@chcheli.com,2026-04-20T07:15:28-07:00,,Anderson.Costa@chcheli.com,ANCOSTA,,,,,,,,MingleEnterprise,Infor-SuiteUser,MingleIONEnabled,HOMEPAGES-User,IDM-User,IDM-RelatedInformationUser,M3UI-USER,MASHUP-User,FGR191_RW,FGR190_RW,FGR150_RO,FGR152_RO,FGR159_RO,FGR151_RO,FGR199_RW,FGR195_RW,FGR155_RO,,,,,,,,,,,,,,,,,,,,,,,,,,,,,,,,,,,,,,,,,,,,,,,,,,,,,,,,,,,,,,,,,,,,,,,,,,,,,,,,,,,,,,,,,,,,,,,,,,,,,,,,,,,,,,,,,,,,,,,,,,,,,,,,,,,,,,,,,,,,,,,,,,,,,,,,,,,,,,,,,,,,,,,,,,,,,,,,,,,,,,,,,,,,,,,,,,,,,,,,,,,,,,,,,,,,,,,,,,,,,,,,,,,,,,,,,,,,,,,,,,,,,,,,,,,,,,,,,,,,,,,,,,,,,,,,,,,,,,,,,,,,,,,,,,,,,,,,,,,,,,,,,,,,,,,,,,,,,,,,,,,,,,,,,,,,,,,,,,,,,,,,,,,,,,,,,,,,,,,,,,,,,,,,,,,,,,,,,,,,,,,,,,,,,,,,,,,,,,,,,,,,,,,,,,,,,,,,,,,,,,,,,,,,,,,,,,,,,,,,,,,,,,,,,,,,,,,,,,,,,,,,,,,,,,,,,,,,,,,,,,,,,,,,,,,,,,,,,,,,,,,,,,,,,,,,,,,,,,,,,,,,,,,,,,,,,,,,,,,,,,,,,,,,,,,,,,,,,,,,,,,,,,,,,,,,,,,,,,,,,,,,,,,,,,,,,,,,,,,,,,,,,,,,,,,,,,,,,,,,,,,,,,,,,,,,,,,,,,,,,,,,,,,,,,,,,,,,,,,,,,,, ,Updated
ANIEKERK,Andre,Niekerk,Andre.Niekerk@chcheli.com,,Active,,4753ec58-7263-42b0-9bb0-43cff51420de,Andre.Niekerk@chcheli.com,2026-04-20T07:15:28-07:00,,Andre.Niekerk@chcheli.com,ANIEKERK,,,,,,,,MingleEnterprise,Infor-SuiteUser,MingleIONEnabled,HOMEPAGES-User,IDM-User,IDM-RelatedInformationUser,M3UI-USER,MASHUP-User,,,,,,,,,,,,,,,,,,,,,,,,,,,,,,,,,,,,,,,,,,,,,,,,,,,,,,,,,,,,,,,,,,,,,,,,,,,,,,,,,,,,,,,,,,,,,,,,,,,,,,,,,,,,,,,,,,,,,,,,,,,,,,,,,,,,,,,,,,,,,,,,,,,,,,,,,,,,,,,,,,,,,,,,,,,,,,,,,,,,,,,,,,,,,,,,,,,,,,,,,,,,,,,,,,,,,,,,,,,,,,,,,,,,,,,,,,,,,,,,,,,,,,,,,,,,,,,,,,,,,,,,,,,,,,,,,,,,,,,,,,,,,,,,,,,,,,,,,,,,,,,,,,,,,,,,,,,,,,,,,,,,,,,,,,,,,,,,,,,,,,,,,,,,,,,,,,,,,,,,,,,,,,,,,,,,,,,,,,,,,,,,,,,,,,,,,,,,,,,,,,,,,,,,,,,,,,,,,,,,,,,,,,,,,,,,,,,,,,,,,,,,,,,,,,,,,,,,,,,,,,,,,,,,,,,,,,,,,,,,,,,,,,,,,,,,,,,,,,,,,,,,,,,,,,,,,,,,,,,,,,,,,,,,,,,,,,,,,,,,,,,,,,,,,,,,,,,,,,,,,,,,,,,,,,,,,,,,,,,,,,,,,,,,,,,,,,,,,,,,,,,,,,,,,,,,,,,,,,,,,,,,,,,,,,,,,,,,,,,,,,,,,,,,,,,,,,,,,,,,,,,,,,,,,,,,, ,Updated
AOLIVEIRA,Arthur,deOliveira,Arthur.deOliveira@chcheli.com,,Active,,5708faaf-4691-4a38-bbbe-565f6c125eb1,Arthur.deOliveira@chcheli.com,2026-04-20T07:15:28-07:00,,Arthur.deOliveira@chcheli.com,AOLIVEIRA,,,,,,,,MingleEnterprise,Infor-SuiteUser,MingleIONEnabled,HOMEPAGES-User,IDM-User,IDM-RelatedInformationUser,M3UI-USER,MASHUP-User,FGR191_RW,FGR190_RW,FGR150_RO,FGR152_RO,FGR159_RO,FGR151_RO,FGR199_RW,FGR195_RW,FGR155_RO,,,,,,,,,,,,,,,,,,,,,,,,,,,,,,,,,,,,,,,,,,,,,,,,,,,,,,,,,,,,,,,,,,,,,,,,,,,,,,,,,,,,,,,,,,,,,,,,,,,,,,,,,,,,,,,,,,,,,,,,,,,,,,,,,,,,,,,,,,,,,,,,,,,,,,,,,,,,,,,,,,,,,,,,,,,,,,,,,,,,,,,,,,,,,,,,,,,,,,,,,,,,,,,,,,,,,,,,,,,,,,,,,,,,,,,,,,,,,,,,,,,,,,,,,,,,,,,,,,,,,,,,,,,,,,,,,,,,,,,,,,,,,,,,,,,,,,,,,,,,,,,,,,,,,,,,,,,,,,,,,,,,,,,,,,,,,,,,,,,,,,,,,,,,,,,,,,,,,,,,,,,,,,,,,,,,,,,,,,,,,,,,,,,,,,,,,,,,,,,,,,,,,,,,,,,,,,,,,,,,,,,,,,,,,,,,,,,,,,,,,,,,,,,,,,,,,,,,,,,,,,,,,,,,,,,,,,,,,,,,,,,,,,,,,,,,,,,,,,,,,,,,,,,,,,,,,,,,,,,,,,,,,,,,,,,,,,,,,,,,,,,,,,,,,,,,,,,,,,,,,,,,,,,,,,,,,,,,,,,,,,,,,,,,,,,,,,,,,,,,,,,,,,,,,,,,,,,,,,,,,,,,,,,,,,,,,,,,,,,,,,,,,,,,,,,,,,,,,,,,,,,, ,Updated
AREWERA,Aleksandra,Rewera,Aleksandra.Rewera@heli-one.com,,Active,,199c3f92-c8f3-430b-a09c-751850773004,Aleksandra.Rewera@heli-one.com,2026-04-20T07:15:28-07:00,2026-07-30T06:44:27-07:00,Aleksandra.Rewera@heli-one.com,AREWERA,,,,,,,,MingleEnterprise,Infor-SuiteUser,MingleIONEnabled,HOMEPAGES-User,IDM-User,IDM-RelatedInformationUser,M3UI-USER,MASHUP-User,FGR003_RW,FGR001_RW,FGR005_RW,FGR004_RW,FGR002_RW,FGR014_RO,FGR021_RO,FGR300_RO,FGR301_RO,FGR302_RO,FGR311_RO,FGR352_RO,FGR350_RO,FGR359_RO,FGR006_RO,FGR013_RO,FGR309_RO,FGR305_RO,FGR310_RO,FGR319_RO,FGR351_RO,,,,,,,,,,,,,,,,,,,,,,,,,,,,,,,,,,,,,,,,,,,,,,,,,,,,,,,,,,,,,,,,,,,,,,,,,,,,,,,,,,,,,,,,,,,,,,,,,,,,,,,,,,,,,,,,,,,,,,,,,,,,,,,,,,,,,,,,,,,,,,,,,,,,,,,,,,,,,,,,,,,,,,,,,,,,,,,,,,,,,,,,,,,,,,,,,,,,,,,,,,,,,,,,,,,,,,,,,,,,,,,,,,,,,,,,,,,,,,,,,,,,,,,,,,,,,,,,,,,,,,,,,,,,,,,,,,,,,,,,,,,,,,,,,,,,,,,,,,,,,,,,,,,,,,,,,,,,,,,,,,,,,,,,,,,,,,,,,,,,,,,,,,,,,,,,,,,,,,,,,,,,,,,,,,,,,,,,,,,,,,,,,,,,,,,,,,,,,,,,,,,,,,,,,,,,,,,,,,,,,,,,,,,,,,,,,,,,,,,,,,,,,,,,,,,,,,,,,,,,,,,,,,,,,,,,,,,,,,,,,,,,,,,,,,,,,,,,,,,,,,,,,,,,,,,,,,,,,,,,,,,,,,,,,,,,,,,,,,,,,,,,,,,,,,,,,,,,,,,,,,,,,,,,,,,,,,,,,,,,,,,,,,,,,,,,,,,,,,,,,,,,,,,,,,,,,,,,,,,,,,,,,,,,,,,,,,,,,,,,,,,,,,,,,,,, ,Updated
ARICHARDS,Aaron,Richards,Aaron.Richards@heli-one.com,,Active,,8dcddb25-2185-4a9c-8576-77f824a8551a,Aaron.Richards@heli-one.com,2026-04-20T07:15:28-07:00,,Aaron.Richards@heli-one.com,ARICHARDS,,,,,,,,MingleEnterprise,Infor-SuiteUser,MingleIONEnabled,HOMEPAGES-User,IDM-User,IDM-RelatedInformationUser,M3UI-USER,MASHUP-User,,,,,,,,,,,,,,,,,,,,,,,,,,,,,,,,,,,,,,,,,,,,,,,,,,,,,,,,,,,,,,,,,,,,,,,,,,,,,,,,,,,,,,,,,,,,,,,,,,,,,,,,,,,,,,,,,,,,,,,,,,,,,,,,,,,,,,,,,,,,,,,,,,,,,,,,,,,,,,,,,,,,,,,,,,,,,,,,,,,,,,,,,,,,,,,,,,,,,,,,,,,,,,,,,,,,,,,,,,,,,,,,,,,,,,,,,,,,,,,,,,,,,,,,,,,,,,,,,,,,,,,,,,,,,,,,,,,,,,,,,,,,,,,,,,,,,,,,,,,,,,,,,,,,,,,,,,,,,,,,,,,,,,,,,,,,,,,,,,,,,,,,,,,,,,,,,,,,,,,,,,,,,,,,,,,,,,,,,,,,,,,,,,,,,,,,,,,,,,,,,,,,,,,,,,,,,,,,,,,,,,,,,,,,,,,,,,,,,,,,,,,,,,,,,,,,,,,,,,,,,,,,,,,,,,,,,,,,,,,,,,,,,,,,,,,,,,,,,,,,,,,,,,,,,,,,,,,,,,,,,,,,,,,,,,,,,,,,,,,,,,,,,,,,,,,,,,,,,,,,,,,,,,,,,,,,,,,,,,,,,,,,,,,,,,,,,,,,,,,,,,,,,,,,,,,,,,,,,,,,,,,,,,,,,,,,,,,,,,,,,,,,,,,,,,,,,,,,,,,,,,,,,,,,,,,,, ,Updated
ASELLARS,Amanda,Sellars,Amanda.Sellars@chcheli.com,,Active,,ab5e9013-26da-4642-a9e1-5d815119c12e,Amanda.Sellars@chcheli.com,2026-04-20T07:15:28-07:00,,Amanda.Sellars@chcheli.com,ASELLARS,,,,,,,,MingleEnterprise,Infor-SuiteUser,MingleIONEnabled,HOMEPAGES-User,IDM-User,IDM-RelatedInformationUser,M3UI-USER,MASHUP-User,,,,,,,,,,,,,,,,,,,,,,,,,,,,,,,,,,,,,,,,,,,,,,,,,,,,,,,,,,,,,,,,,,,,,,,,,,,,,,,,,,,,,,,,,,,,,,,,,,,,,,,,,,,,,,,,,,,,,,,,,,,,,,,,,,,,,,,,,,,,,,,,,,,,,,,,,,,,,,,,,,,,,,,,,,,,,,,,,,,,,,,,,,,,,,,,,,,,,,,,,,,,,,,,,,,,,,,,,,,,,,,,,,,,,,,,,,,,,,,,,,,,,,,,,,,,,,,,,,,,,,,,,,,,,,,,,,,,,,,,,,,,,,,,,,,,,,,,,,,,,,,,,,,,,,,,,,,,,,,,,,,,,,,,,,,,,,,,,,,,,,,,,,,,,,,,,,,,,,,,,,,,,,,,,,,,,,,,,,,,,,,,,,,,,,,,,,,,,,,,,,,,,,,,,,,,,,,,,,,,,,,,,,,,,,,,,,,,,,,,,,,,,,,,,,,,,,,,,,,,,,,,,,,,,,,,,,,,,,,,,,,,,,,,,,,,,,,,,,,,,,,,,,,,,,,,,,,,,,,,,,,,,,,,,,,,,,,,,,,,,,,,,,,,,,,,,,,,,,,,,,,,,,,,,,,,,,,,,,,,,,,,,,,,,,,,,,,,,,,,,,,,,,,,,,,,,,,,,,,,,,,,,,,,,,,,,,,,,,,,,,,,,,,,,,,,,,,,,,,,,,,,,,,,,,,,, ,Updated
ASZUBERL,Artur,Szuberla,Artur.Szuberla@chcheli.com,Enterprise Applications Analyst,Active,,d8b9742e-047f-4067-825d-bd3298f25970,Artur.Szuberla@chcheli.com,2026-04-20T07:15:29-07:00,2026-04-20T23:50:08-07:00,Artur.Szuberla@chcheli.com,ASZUBERL,,,,,,,,MingleEnterprise,Infor-SuiteUser,MingleIONEnabled,HOMEPAGES-User,IDM-User,IDM-RelatedInformationUser,M3UI-USER,MASHUP-User,FGR032_RW,FGR003_RW,FGR012_RW,FGR001_RW,FGR014_RW,FGR005_RW,FGR061_RW,FGR030_RW,FGR060_RW,FGR070_RW,FGR021_RW,FGR031_RW,FGR004_RW,FGR069_RW,FGR072_RW,FGR071_RW,FGR062_RW,FGR035_RW,FGR013_RW,FGR006_RW,FGR039_RW,FGR065_RW,FGR329_RW,FGR002_RW,FGR079_RW,FGR331_RW,FGR341_RW,FGR332_RW,FGR342_RW,FGR351_RW,FGR355_RW,FGR352_RW,FGR350_RW,FGR362_RW,FGR359_RW,FGR190_RW,FGR302_RW,FGR305_RW,FGR310_RW,FGR312_RW,FGR315_RW,FGR115_RW,FGR320_RW,FGR119_RW,FGR110_RW,FGR111_RW,FGR112_RW,FGR300_RW,FGR301_RW,FGR309_RW,FGR311_RW,FGR321_RW,FGR319_RW,FGR325_RW,FGR322_RW,FGR330_RW,FGR335_RW,FGR339_RW,FGR340_RW,FGR345_RW,FGR349_RW,FGR361_RW,FGR360_RW,FGR365_RW,FGR369_RW,FGR999_RW,FGR013_RO,,,,,,,,,,,,,,,,,,,,,,,,,,,,,,,,,,,,,,,,,,,,,,,,,,,,,,,,,,,,,,,,,,,,,,,,,,,,,,,,,,,,,,,,,,,,,,,,,,,,,,,,,,,,,,,,,,,,,,,,,,,,,,,,,,,,,,,,,,,,,,,,,,,,,,,,,,,,,,,,,,,,,,,,,,,,,,,,,,,,,,,,,,,,,,,,,,,,,,,,,,,,,,,,,,,,,,,,,,,,,,,,,,,,,,,,,,,,,,,,,,,,,,,,,,,,,,,,,,,,,,,,,,,,,,,,,,,,,,,,,,,,,,,,,,,,,,,,,,,,,,,,,,,,,,,,,,,,,,,,,,,,,,,,,,,,,,,,,,,,,,,,,,,,,,,,,,,,,,,,,,,,,,,,,,,,,,,,,,,,,,,,,,,,,,,,,,,,,,,,,,,,,,,,,,,,,,,,,,,,,,,,,,,,,,,,,,,,,,,,,,,,,,,,,,,,,,,,,,,,,,,,,,,,,,,,,,,,,,,,,,,,,,,,,,,,,,,,,,,,,,,,,,,,,,,,,,,,,,,,,,,,,,,,,,,,,,,,,,,,,,,,,,,,,,,,,,,,,,,,,,,,,,,,,,,,,,,,,,,,,,,,,,,,,,,,,,,,,,,,,,,,,, ,Updated
AVIEIRA,Alessandro,Vieira,Alessandro.Vieira@chcheli.com,,Active,,00d65338-1975-4a7f-b802-c4a11bf4211e,Alessandro.Vieira@chcheli.com,2026-04-20T07:15:29-07:00,,Alessandro.Vieira@chcheli.com,AVIEIRA,,,,,,,,MingleEnterprise,Infor-SuiteUser,MingleIONEnabled,HOMEPAGES-User,IDM-User,IDM-RelatedInformationUser,M3UI-USER,MASHUP-User,FGR191_RW,FGR190_RW,FGR150_RO,FGR152_RO,FGR159_RO,FGR151_RO,FGR199_RW,FGR195_RW,FGR155_RO,,,,,,,,,,,,,,,,,,,,,,,,,,,,,,,,,,,,,,,,,,,,,,,,,,,,,,,,,,,,,,,,,,,,,,,,,,,,,,,,,,,,,,,,,,,,,,,,,,,,,,,,,,,,,,,,,,,,,,,,,,,,,,,,,,,,,,,,,,,,,,,,,,,,,,,,,,,,,,,,,,,,,,,,,,,,,,,,,,,,,,,,,,,,,,,,,,,,,,,,,,,,,,,,,,,,,,,,,,,,,,,,,,,,,,,,,,,,,,,,,,,,,,,,,,,,,,,,,,,,,,,,,,,,,,,,,,,,,,,,,,,,,,,,,,,,,,,,,,,,,,,,,,,,,,,,,,,,,,,,,,,,,,,,,,,,,,,,,,,,,,,,,,,,,,,,,,,,,,,,,,,,,,,,,,,,,,,,,,,,,,,,,,,,,,,,,,,,,,,,,,,,,,,,,,,,,,,,,,,,,,,,,,,,,,,,,,,,,,,,,,,,,,,,,,,,,,,,,,,,,,,,,,,,,,,,,,,,,,,,,,,,,,,,,,,,,,,,,,,,,,,,,,,,,,,,,,,,,,,,,,,,,,,,,,,,,,,,,,,,,,,,,,,,,,,,,,,,,,,,,,,,,,,,,,,,,,,,,,,,,,,,,,,,,,,,,,,,,,,,,,,,,,,,,,,,,,,,,,,,,,,,,,,,,,,,,,,,,,,,,,,,,,,,,,,,,,,,,,,,,,,, ,Updated
BCLARK,Blair,Clark,Blair.Clark@chcheli.com,,Active,,707987fb-6be5-42e6-a48a-a66fb16f734d,Blair.Clark@chcheli.com,2026-04-20T07:15:30-07:00,,Blair.Clark@chcheli.com,BCLARK,,,,,,,,MingleEnterprise,Infor-SuiteUser,MingleIONEnabled,HOMEPAGES-User,IDM-User,IDM-RelatedInformationUser,M3UI-USER,MASHUP-User,,,,,,,,,,,,,,,,,,,,,,,,,,,,,,,,,,,,,,,,,,,,,,,,,,,,,,,,,,,,,,,,,,,,,,,,,,,,,,,,,,,,,,,,,,,,,,,,,,,,,,,,,,,,,,,,,,,,,,,,,,,,,,,,,,,,,,,,,,,,,,,,,,,,,,,,,,,,,,,,,,,,,,,,,,,,,,,,,,,,,,,,,,,,,,,,,,,,,,,,,,,,,,,,,,,,,,,,,,,,,,,,,,,,,,,,,,,,,,,,,,,,,,,,,,,,,,,,,,,,,,,,,,,,,,,,,,,,,,,,,,,,,,,,,,,,,,,,,,,,,,,,,,,,,,,,,,,,,,,,,,,,,,,,,,,,,,,,,,,,,,,,,,,,,,,,,,,,,,,,,,,,,,,,,,,,,,,,,,,,,,,,,,,,,,,,,,,,,,,,,,,,,,,,,,,,,,,,,,,,,,,,,,,,,,,,,,,,,,,,,,,,,,,,,,,,,,,,,,,,,,,,,,,,,,,,,,,,,,,,,,,,,,,,,,,,,,,,,,,,,,,,,,,,,,,,,,,,,,,,,,,,,,,,,,,,,,,,,,,,,,,,,,,,,,,,,,,,,,,,,,,,,,,,,,,,,,,,,,,,,,,,,,,,,,,,,,,,,,,,,,,,,,,,,,,,,,,,,,,,,,,,,,,,,,,,,,,,,,,,,,,,,,,,,,,,,,,,,,,,,,,,,,,,,,,,, ,Updated
BEHESS,Beat,Hess,Beat.Hess@chcheli.com,,Active,,a993af7c-d84c-4c21-9a31-a9e7cc10d0c3,Beat.Hess@chcheli.com,2026-04-20T07:15:30-07:00,,Beat.Hess@chcheli.com,BEHESS,,,,,,,,MingleEnterprise,Infor-SuiteUser,MingleIONEnabled,HOMEPAGES-User,IDM-User,IDM-RelatedInformationUser,M3UI-USER,MASHUP-User,FGR003_RW,FGR001_RW,FGR005_RW,FGR004_RW,FGR002_RW,FGR014_RO,FGR021_RO,FGR199_RO,FGR191_RO,FGR300_RO,FGR301_RO,FGR302_RO,FGR311_RO,FGR312_RO,FGR321_RO,FGR329_RO,FGR322_RO,FGR352_RO,FGR350_RO,FGR359_RO,FGR006_RO,FGR012_RO,FGR013_RO,FGR190_RO,FGR192_RO,FGR309_RO,FGR305_RO,FGR315_RO,FGR310_RO,FGR319_RO,FGR320_RO,FGR325_RO,FGR351_RO,FGR355_RO,,,,,,,,,,,,,,,,,,,,,,,,,,,,,,,,,,,,,,,,,,,,,,,,,,,,,,,,,,,,,,,,,,,,,,,,,,,,,,,,,,,,,,,,,,,,,,,,,,,,,,,,,,,,,,,,,,,,,,,,,,,,,,,,,,,,,,,,,,,,,,,,,,,,,,,,,,,,,,,,,,,,,,,,,,,,,,,,,,,,,,,,,,,,,,,,,,,,,,,,,,,,,,,,,,,,,,,,,,,,,,,,,,,,,,,,,,,,,,,,,,,,,,,,,,,,,,,,,,,,,,,,,,,,,,,,,,,,,,,,,,,,,,,,,,,,,,,,,,,,,,,,,,,,,,,,,,,,,,,,,,,,,,,,,,,,,,,,,,,,,,,,,,,,,,,,,,,,,,,,,,,,,,,,,,,,,,,,,,,,,,,,,,,,,,,,,,,,,,,,,,,,,,,,,,,,,,,,,,,,,,,,,,,,,,,,,,,,,,,,,,,,,,,,,,,,,,,,,,,,,,,,,,,,,,,,,,,,,,,,,,,,,,,,,,,,,,,,,,,,,,,,,,,,,,,,,,,,,,,,,,,,,,,,,,,,,,,,,,,,,,,,,,,,,,,,,,,,,,,,,,,,,,,,,,,,,,,,,,,,,,,,,,,,,,,,,,,,,,,,,,,,,,,,,,,,,,,,,,,,,,,,,,,,,,,,,,,,,,, ,Updated
BFERREIRA,Bruno,Ferreira,Bruno.Ferreira@chcheli.com,,Active,,65709ffa-5b71-4a4f-a1db-bb55bad9da45,Bruno.Ferreira@chcheli.com,2026-04-20T07:15:30-07:00,,Bruno.Ferreira@chcheli.com,BFERREIRA,,,,,,,,MingleEnterprise,Infor-SuiteUser,MingleIONEnabled,HOMEPAGES-User,IDM-User,IDM-RelatedInformationUser,M3UI-USER,MASHUP-User,,,,,,,,,,,,,,,,,,,,,,,,,,,,,,,,,,,,,,,,,,,,,,,,,,,,,,,,,,,,,,,,,,,,,,,,,,,,,,,,,,,,,,,,,,,,,,,,,,,,,,,,,,,,,,,,,,,,,,,,,,,,,,,,,,,,,,,,,,,,,,,,,,,,,,,,,,,,,,,,,,,,,,,,,,,,,,,,,,,,,,,,,,,,,,,,,,,,,,,,,,,,,,,,,,,,,,,,,,,,,,,,,,,,,,,,,,,,,,,,,,,,,,,,,,,,,,,,,,,,,,,,,,,,,,,,,,,,,,,,,,,,,,,,,,,,,,,,,,,,,,,,,,,,,,,,,,,,,,,,,,,,,,,,,,,,,,,,,,,,,,,,,,,,,,,,,,,,,,,,,,,,,,,,,,,,,,,,,,,,,,,,,,,,,,,,,,,,,,,,,,,,,,,,,,,,,,,,,,,,,,,,,,,,,,,,,,,,,,,,,,,,,,,,,,,,,,,,,,,,,,,,,,,,,,,,,,,,,,,,,,,,,,,,,,,,,,,,,,,,,,,,,,,,,,,,,,,,,,,,,,,,,,,,,,,,,,,,,,,,,,,,,,,,,,,,,,,,,,,,,,,,,,,,,,,,,,,,,,,,,,,,,,,,,,,,,,,,,,,,,,,,,,,,,,,,,,,,,,,,,,,,,,,,,,,,,,,,,,,,,,,,,,,,,,,,,,,,,,,,,,,,,,,,,,,,, ,Updated
BNICHOLL,Brady,Nicholls,Brady.Nicholls@chcheli.com,,Active,,72b3f899-822c-4391-aadf-698fbb84afb3,Brady.Nicholls@chcheli.com,2026-04-20T07:15:30-07:00,,Brady.Nicholls@chcheli.com,BNICHOLL,,,,,,,,MingleEnterprise,Infor-SuiteUser,MingleIONEnabled,HOMEPAGES-User,IDM-User,IDM-RelatedInformationUser,M3UI-USER,MASHUP-User,,,,,,,,,,,,,,,,,,,,,,,,,,,,,,,,,,,,,,,,,,,,,,,,,,,,,,,,,,,,,,,,,,,,,,,,,,,,,,,,,,,,,,,,,,,,,,,,,,,,,,,,,,,,,,,,,,,,,,,,,,,,,,,,,,,,,,,,,,,,,,,,,,,,,,,,,,,,,,,,,,,,,,,,,,,,,,,,,,,,,,,,,,,,,,,,,,,,,,,,,,,,,,,,,,,,,,,,,,,,,,,,,,,,,,,,,,,,,,,,,,,,,,,,,,,,,,,,,,,,,,,,,,,,,,,,,,,,,,,,,,,,,,,,,,,,,,,,,,,,,,,,,,,,,,,,,,,,,,,,,,,,,,,,,,,,,,,,,,,,,,,,,,,,,,,,,,,,,,,,,,,,,,,,,,,,,,,,,,,,,,,,,,,,,,,,,,,,,,,,,,,,,,,,,,,,,,,,,,,,,,,,,,,,,,,,,,,,,,,,,,,,,,,,,,,,,,,,,,,,,,,,,,,,,,,,,,,,,,,,,,,,,,,,,,,,,,,,,,,,,,,,,,,,,,,,,,,,,,,,,,,,,,,,,,,,,,,,,,,,,,,,,,,,,,,,,,,,,,,,,,,,,,,,,,,,,,,,,,,,,,,,,,,,,,,,,,,,,,,,,,,,,,,,,,,,,,,,,,,,,,,,,,,,,,,,,,,,,,,,,,,,,,,,,,,,,,,,,,,,,,,,,,,,,,,,, ,Updated
BPOST,Bradley,Post,Bradley.Post@chcheli.com,,Active,,3f75208d-f205-44ed-9366-8811018b3844,Bradley.Post@chcheli.com,2026-04-20T07:15:31-07:00,,Bradley.Post@chcheli.com,BPOST,,,,,,,,MingleEnterprise,Infor-SuiteUser,MingleIONEnabled,HOMEPAGES-User,IDM-User,IDM-RelatedInformationUser,M3UI-USER,MASHUP-User,,,,,,,,,,,,,,,,,,,,,,,,,,,,,,,,,,,,,,,,,,,,,,,,,,,,,,,,,,,,,,,,,,,,,,,,,,,,,,,,,,,,,,,,,,,,,,,,,,,,,,,,,,,,,,,,,,,,,,,,,,,,,,,,,,,,,,,,,,,,,,,,,,,,,,,,,,,,,,,,,,,,,,,,,,,,,,,,,,,,,,,,,,,,,,,,,,,,,,,,,,,,,,,,,,,,,,,,,,,,,,,,,,,,,,,,,,,,,,,,,,,,,,,,,,,,,,,,,,,,,,,,,,,,,,,,,,,,,,,,,,,,,,,,,,,,,,,,,,,,,,,,,,,,,,,,,,,,,,,,,,,,,,,,,,,,,,,,,,,,,,,,,,,,,,,,,,,,,,,,,,,,,,,,,,,,,,,,,,,,,,,,,,,,,,,,,,,,,,,,,,,,,,,,,,,,,,,,,,,,,,,,,,,,,,,,,,,,,,,,,,,,,,,,,,,,,,,,,,,,,,,,,,,,,,,,,,,,,,,,,,,,,,,,,,,,,,,,,,,,,,,,,,,,,,,,,,,,,,,,,,,,,,,,,,,,,,,,,,,,,,,,,,,,,,,,,,,,,,,,,,,,,,,,,,,,,,,,,,,,,,,,,,,,,,,,,,,,,,,,,,,,,,,,,,,,,,,,,,,,,,,,,,,,,,,,,,,,,,,,,,,,,,,,,,,,,,,,,,,,,,,,,,,,,,,,, ,Updated
BRWILSON,Brandon,Wilson,Brandon.Wilson@chcheli.com,,Active,,ac8b77ac-ee55-47f9-ae8a-0c06d8a56a18,Brandon.Wilson@chcheli.com,2026-04-20T07:15:31-07:00,,Brandon.Wilson@chcheli.com,BRWILSON,,,,,,,,MingleEnterprise,Infor-SuiteUser,MingleIONEnabled,HOMEPAGES-User,IDM-User,IDM-RelatedInformationUser,M3UI-USER,MASHUP-User,,,,,,,,,,,,,,,,,,,,,,,,,,,,,,,,,,,,,,,,,,,,,,,,,,,,,,,,,,,,,,,,,,,,,,,,,,,,,,,,,,,,,,,,,,,,,,,,,,,,,,,,,,,,,,,,,,,,,,,,,,,,,,,,,,,,,,,,,,,,,,,,,,,,,,,,,,,,,,,,,,,,,,,,,,,,,,,,,,,,,,,,,,,,,,,,,,,,,,,,,,,,,,,,,,,,,,,,,,,,,,,,,,,,,,,,,,,,,,,,,,,,,,,,,,,,,,,,,,,,,,,,,,,,,,,,,,,,,,,,,,,,,,,,,,,,,,,,,,,,,,,,,,,,,,,,,,,,,,,,,,,,,,,,,,,,,,,,,,,,,,,,,,,,,,,,,,,,,,,,,,,,,,,,,,,,,,,,,,,,,,,,,,,,,,,,,,,,,,,,,,,,,,,,,,,,,,,,,,,,,,,,,,,,,,,,,,,,,,,,,,,,,,,,,,,,,,,,,,,,,,,,,,,,,,,,,,,,,,,,,,,,,,,,,,,,,,,,,,,,,,,,,,,,,,,,,,,,,,,,,,,,,,,,,,,,,,,,,,,,,,,,,,,,,,,,,,,,,,,,,,,,,,,,,,,,,,,,,,,,,,,,,,,,,,,,,,,,,,,,,,,,,,,,,,,,,,,,,,,,,,,,,,,,,,,,,,,,,,,,,,,,,,,,,,,,,,,,,,,,,,,,,,,,,,,,, ,Updated
BSTEINSE,Bente,Steinset,Bente.Steinset@chcheli.com,,Active,,b1bb0ec9-678d-4c38-a6b9-6c26f543de7a,Bente.Steinset@chcheli.com,2026-04-20T07:15:32-07:00,,Bente.Steinset@chcheli.com,BSTEINSE,,,,,,,,MingleEnterprise,Infor-SuiteUser,MingleIONEnabled,HOMEPAGES-User,IDM-User,IDM-RelatedInformationUser,M3UI-USER,MASHUP-User,,,,,,,,,,,,,,,,,,,,,,,,,,,,,,,,,,,,,,,,,,,,,,,,,,,,,,,,,,,,,,,,,,,,,,,,,,,,,,,,,,,,,,,,,,,,,,,,,,,,,,,,,,,,,,,,,,,,,,,,,,,,,,,,,,,,,,,,,,,,,,,,,,,,,,,,,,,,,,,,,,,,,,,,,,,,,,,,,,,,,,,,,,,,,,,,,,,,,,,,,,,,,,,,,,,,,,,,,,,,,,,,,,,,,,,,,,,,,,,,,,,,,,,,,,,,,,,,,,,,,,,,,,,,,,,,,,,,,,,,,,,,,,,,,,,,,,,,,,,,,,,,,,,,,,,,,,,,,,,,,,,,,,,,,,,,,,,,,,,,,,,,,,,,,,,,,,,,,,,,,,,,,,,,,,,,,,,,,,,,,,,,,,,,,,,,,,,,,,,,,,,,,,,,,,,,,,,,,,,,,,,,,,,,,,,,,,,,,,,,,,,,,,,,,,,,,,,,,,,,,,,,,,,,,,,,,,,,,,,,,,,,,,,,,,,,,,,,,,,,,,,,,,,,,,,,,,,,,,,,,,,,,,,,,,,,,,,,,,,,,,,,,,,,,,,,,,,,,,,,,,,,,,,,,,,,,,,,,,,,,,,,,,,,,,,,,,,,,,,,,,,,,,,,,,,,,,,,,,,,,,,,,,,,,,,,,,,,,,,,,,,,,,,,,,,,,,,,,,,,,,,,,,,,,,,,, ,Updated
BSTUSIK,berenika,stusik,berenika.stusik@chcheli.com,,Active,,2c157ed3-f9ad-40c2-8970-1cc08bc3f2de,berenika.stusik@chcheli.com,2026-04-20T07:15:32-07:00,2026-04-21T02:25:07-07:00,berenika.stusik@chcheli.com,BSTUSIK,,,,,,,,MingleEnterprise,Infor-SuiteUser,MingleIONEnabled,HOMEPAGES-User,IDM-User,IDM-RelatedInformationUser,M3UI-USER,MASHUP-User,FGR003_RW,FGR001_RW,FGR005_RW,FGR004_RW,FGR002_RW,FGR014_RO,FGR021_RO,FGR300_RO,FGR301_RO,FGR302_RO,FGR311_RO,FGR352_RO,FGR350_RO,FGR359_RO,FGR006_RO,FGR013_RO,FGR309_RO,FGR305_RO,FGR310_RO,FGR319_RO,FGR351_RO,,,,,,,,,,,,,,,,,,,,,,,,,,,,,,,,,,,,,,,,,,,,,,,,,,,,,,,,,,,,,,,,,,,,,,,,,,,,,,,,,,,,,,,,,,,,,,,,,,,,,,,,,,,,,,,,,,,,,,,,,,,,,,,,,,,,,,,,,,,,,,,,,,,,,,,,,,,,,,,,,,,,,,,,,,,,,,,,,,,,,,,,,,,,,,,,,,,,,,,,,,,,,,,,,,,,,,,,,,,,,,,,,,,,,,,,,,,,,,,,,,,,,,,,,,,,,,,,,,,,,,,,,,,,,,,,,,,,,,,,,,,,,,,,,,,,,,,,,,,,,,,,,,,,,,,,,,,,,,,,,,,,,,,,,,,,,,,,,,,,,,,,,,,,,,,,,,,,,,,,,,,,,,,,,,,,,,,,,,,,,,,,,,,,,,,,,,,,,,,,,,,,,,,,,,,,,,,,,,,,,,,,,,,,,,,,,,,,,,,,,,,,,,,,,,,,,,,,,,,,,,,,,,,,,,,,,,,,,,,,,,,,,,,,,,,,,,,,,,,,,,,,,,,,,,,,,,,,,,,,,,,,,,,,,,,,,,,,,,,,,,,,,,,,,,,,,,,,,,,,,,,,,,,,,,,,,,,,,,,,,,,,,,,,,,,,,,,,,,,,,,,,,,,,,,,,,,,,,,,,,,,,,,,,,,,,,,,,,,,,,,,,,,,,,,,, ,Updated
CDIXON,Cameron,Dixon,Cameron.Dixon@chcheli.com,,Active,,1fc40ed9-6f7a-416f-aef2-7185c5155666,Cameron.Dixon@chcheli.com,2026-04-20T07:15:32-07:00,,Cameron.Dixon@chcheli.com,CDIXON,,,,,,,,MingleEnterprise,Infor-SuiteUser,MingleIONEnabled,HOMEPAGES-User,IDM-User,IDM-RelatedInformationUser,M3UI-USER,MASHUP-User,,,,,,,,,,,,,,,,,,,,,,,,,,,,,,,,,,,,,,,,,,,,,,,,,,,,,,,,,,,,,,,,,,,,,,,,,,,,,,,,,,,,,,,,,,,,,,,,,,,,,,,,,,,,,,,,,,,,,,,,,,,,,,,,,,,,,,,,,,,,,,,,,,,,,,,,,,,,,,,,,,,,,,,,,,,,,,,,,,,,,,,,,,,,,,,,,,,,,,,,,,,,,,,,,,,,,,,,,,,,,,,,,,,,,,,,,,,,,,,,,,,,,,,,,,,,,,,,,,,,,,,,,,,,,,,,,,,,,,,,,,,,,,,,,,,,,,,,,,,,,,,,,,,,,,,,,,,,,,,,,,,,,,,,,,,,,,,,,,,,,,,,,,,,,,,,,,,,,,,,,,,,,,,,,,,,,,,,,,,,,,,,,,,,,,,,,,,,,,,,,,,,,,,,,,,,,,,,,,,,,,,,,,,,,,,,,,,,,,,,,,,,,,,,,,,,,,,,,,,,,,,,,,,,,,,,,,,,,,,,,,,,,,,,,,,,,,,,,,,,,,,,,,,,,,,,,,,,,,,,,,,,,,,,,,,,,,,,,,,,,,,,,,,,,,,,,,,,,,,,,,,,,,,,,,,,,,,,,,,,,,,,,,,,,,,,,,,,,,,,,,,,,,,,,,,,,,,,,,,,,,,,,,,,,,,,,,,,,,,,,,,,,,,,,,,,,,,,,,,,,,,,,,,,,,,,, ,Updated
CFORSYTH,Carolyn,Forsyth,Carolyn.Forsyth@heli-one.com,,Active,,454e869f-bc60-4d15-b613-0481878655dc,Carolyn.Forsyth@heli-one.com,2026-04-20T07:15:33-07:00,,Carolyn.Forsyth@heli-one.com,CFORSYTH,,,,,,,,MingleEnterprise,Infor-SuiteUser,MingleIONEnabled,HOMEPAGES-User,IDM-User,IDM-RelatedInformationUser,M3UI-USER,MASHUP-User,,,,,,,,,,,,,,,,,,,,,,,,,,,,,,,,,,,,,,,,,,,,,,,,,,,,,,,,,,,,,,,,,,,,,,,,,,,,,,,,,,,,,,,,,,,,,,,,,,,,,,,,,,,,,,,,,,,,,,,,,,,,,,,,,,,,,,,,,,,,,,,,,,,,,,,,,,,,,,,,,,,,,,,,,,,,,,,,,,,,,,,,,,,,,,,,,,,,,,,,,,,,,,,,,,,,,,,,,,,,,,,,,,,,,,,,,,,,,,,,,,,,,,,,,,,,,,,,,,,,,,,,,,,,,,,,,,,,,,,,,,,,,,,,,,,,,,,,,,,,,,,,,,,,,,,,,,,,,,,,,,,,,,,,,,,,,,,,,,,,,,,,,,,,,,,,,,,,,,,,,,,,,,,,,,,,,,,,,,,,,,,,,,,,,,,,,,,,,,,,,,,,,,,,,,,,,,,,,,,,,,,,,,,,,,,,,,,,,,,,,,,,,,,,,,,,,,,,,,,,,,,,,,,,,,,,,,,,,,,,,,,,,,,,,,,,,,,,,,,,,,,,,,,,,,,,,,,,,,,,,,,,,,,,,,,,,,,,,,,,,,,,,,,,,,,,,,,,,,,,,,,,,,,,,,,,,,,,,,,,,,,,,,,,,,,,,,,,,,,,,,,,,,,,,,,,,,,,,,,,,,,,,,,,,,,,,,,,,,,,,,,,,,,,,,,,,,,,,,,,,,,,,,,,,,,,, ,Updated
CHARDERS,Carel,Harders,Carel.Harders@chcheli.com,,Active,,562e3cd0-92b4-4e91-80ee-a2daad1b9546,Carel.Harders@chcheli.com,2026-04-20T07:15:33-07:00,,Carel.Harders@chcheli.com,CHARDERS,,,,,,,,MingleEnterprise,Infor-SuiteUser,MingleIONEnabled,HOMEPAGES-User,IDM-User,IDM-RelatedInformationUser,M3UI-USER,MASHUP-User,,,,,,,,,,,,,,,,,,,,,,,,,,,,,,,,,,,,,,,,,,,,,,,,,,,,,,,,,,,,,,,,,,,,,,,,,,,,,,,,,,,,,,,,,,,,,,,,,,,,,,,,,,,,,,,,,,,,,,,,,,,,,,,,,,,,,,,,,,,,,,,,,,,,,,,,,,,,,,,,,,,,,,,,,,,,,,,,,,,,,,,,,,,,,,,,,,,,,,,,,,,,,,,,,,,,,,,,,,,,,,,,,,,,,,,,,,,,,,,,,,,,,,,,,,,,,,,,,,,,,,,,,,,,,,,,,,,,,,,,,,,,,,,,,,,,,,,,,,,,,,,,,,,,,,,,,,,,,,,,,,,,,,,,,,,,,,,,,,,,,,,,,,,,,,,,,,,,,,,,,,,,,,,,,,,,,,,,,,,,,,,,,,,,,,,,,,,,,,,,,,,,,,,,,,,,,,,,,,,,,,,,,,,,,,,,,,,,,,,,,,,,,,,,,,,,,,,,,,,,,,,,,,,,,,,,,,,,,,,,,,,,,,,,,,,,,,,,,,,,,,,,,,,,,,,,,,,,,,,,,,,,,,,,,,,,,,,,,,,,,,,,,,,,,,,,,,,,,,,,,,,,,,,,,,,,,,,,,,,,,,,,,,,,,,,,,,,,,,,,,,,,,,,,,,,,,,,,,,,,,,,,,,,,,,,,,,,,,,,,,,,,,,,,,,,,,,,,,,,,,,,,,,,,,,,,, ,Updated
CLAWSON,Careen,Lawson,Careen.Lawson@chcheli.com,,Active,,e48f6ee2-8994-45ec-bb9e-cfac044ea6e9,Careen.Lawson@chcheli.com,2026-04-20T07:15:33-07:00,,Careen.Lawson@chcheli.com,CLAWSON,,,,,,,,MingleEnterprise,Infor-SuiteUser,MingleIONEnabled,HOMEPAGES-User,IDM-User,IDM-RelatedInformationUser,M3UI-USER,MASHUP-User,,,,,,,,,,,,,,,,,,,,,,,,,,,,,,,,,,,,,,,,,,,,,,,,,,,,,,,,,,,,,,,,,,,,,,,,,,,,,,,,,,,,,,,,,,,,,,,,,,,,,,,,,,,,,,,,,,,,,,,,,,,,,,,,,,,,,,,,,,,,,,,,,,,,,,,,,,,,,,,,,,,,,,,,,,,,,,,,,,,,,,,,,,,,,,,,,,,,,,,,,,,,,,,,,,,,,,,,,,,,,,,,,,,,,,,,,,,,,,,,,,,,,,,,,,,,,,,,,,,,,,,,,,,,,,,,,,,,,,,,,,,,,,,,,,,,,,,,,,,,,,,,,,,,,,,,,,,,,,,,,,,,,,,,,,,,,,,,,,,,,,,,,,,,,,,,,,,,,,,,,,,,,,,,,,,,,,,,,,,,,,,,,,,,,,,,,,,,,,,,,,,,,,,,,,,,,,,,,,,,,,,,,,,,,,,,,,,,,,,,,,,,,,,,,,,,,,,,,,,,,,,,,,,,,,,,,,,,,,,,,,,,,,,,,,,,,,,,,,,,,,,,,,,,,,,,,,,,,,,,,,,,,,,,,,,,,,,,,,,,,,,,,,,,,,,,,,,,,,,,,,,,,,,,,,,,,,,,,,,,,,,,,,,,,,,,,,,,,,,,,,,,,,,,,,,,,,,,,,,,,,,,,,,,,,,,,,,,,,,,,,,,,,,,,,,,,,,,,,,,,,,,,,,,,,,,, ,Updated
CMCCULLOCH,Chris,McCulloch,Chris.McCulloch@heli-one.com,,Active,,8b6e8ee7-03e5-472b-a6e7-3e8a8df8202f,Chris.McCulloch@heli-one.com,2026-04-20T07:15:33-07:00,,Chris.McCulloch@heli-one.com,CMCCULLOCH,,,,,,,,MingleEnterprise,Infor-SuiteUser,MingleIONEnabled,HOMEPAGES-User,IDM-User,IDM-RelatedInformationUser,M3UI-USER,MASHUP-User,,,,,,,,,,,,,,,,,,,,,,,,,,,,,,,,,,,,,,,,,,,,,,,,,,,,,,,,,,,,,,,,,,,,,,,,,,,,,,,,,,,,,,,,,,,,,,,,,,,,,,,,,,,,,,,,,,,,,,,,,,,,,,,,,,,,,,,,,,,,,,,,,,,,,,,,,,,,,,,,,,,,,,,,,,,,,,,,,,,,,,,,,,,,,,,,,,,,,,,,,,,,,,,,,,,,,,,,,,,,,,,,,,,,,,,,,,,,,,,,,,,,,,,,,,,,,,,,,,,,,,,,,,,,,,,,,,,,,,,,,,,,,,,,,,,,,,,,,,,,,,,,,,,,,,,,,,,,,,,,,,,,,,,,,,,,,,,,,,,,,,,,,,,,,,,,,,,,,,,,,,,,,,,,,,,,,,,,,,,,,,,,,,,,,,,,,,,,,,,,,,,,,,,,,,,,,,,,,,,,,,,,,,,,,,,,,,,,,,,,,,,,,,,,,,,,,,,,,,,,,,,,,,,,,,,,,,,,,,,,,,,,,,,,,,,,,,,,,,,,,,,,,,,,,,,,,,,,,,,,,,,,,,,,,,,,,,,,,,,,,,,,,,,,,,,,,,,,,,,,,,,,,,,,,,,,,,,,,,,,,,,,,,,,,,,,,,,,,,,,,,,,,,,,,,,,,,,,,,,,,,,,,,,,,,,,,,,,,,,,,,,,,,,,,,,,,,,,,,,,,,,,,,,,,,,,, ,Updated
CMONTILL,Claudine,Montilla,Claudine.Montilla@chcheli.com,Accounting Analyst,Active,,d6e9fc4c-c86a-4e8b-80e4-50a4871ce855,Claudine.Montilla@chcheli.com,2026-04-20T07:15:33-07:00,2026-07-13T19:36:30-07:00,Claudine.Montilla@chcheli.com,CMONTILL,,,,,,,,MingleEnterprise,Infor-SuiteUser,MingleIONEnabled,HOMEPAGES-User,IDM-User,IDM-RelatedInformationUser,M3UI-USER,MASHUP-User,FGR003_RW,FGR001_RW,FGR005_RW,FGR004_RW,FGR002_RW,FGR014_RO,FGR021_RO,FGR199_RO,FGR191_RO,FGR300_RO,FGR301_RO,FGR302_RO,FGR311_RO,FGR312_RO,FGR321_RO,FGR329_RO,FGR322_RO,FGR352_RO,FGR350_RO,FGR359_RO,FGR006_RO,FGR012_RO,FGR013_RO,FGR190_RO,FGR192_RO,FGR309_RO,FGR305_RO,FGR315_RO,FGR310_RO,FGR319_RO,FGR320_RO,FGR325_RO,FGR351_RO,FGR355_RO,,,,,,,,,,,,,,,,,,,,,,,,,,,,,,,,,,,,,,,,,,,,,,,,,,,,,,,,,,,,,,,,,,,,,,,,,,,,,,,,,,,,,,,,,,,,,,,,,,,,,,,,,,,,,,,,,,,,,,,,,,,,,,,,,,,,,,,,,,,,,,,,,,,,,,,,,,,,,,,,,,,,,,,,,,,,,,,,,,,,,,,,,,,,,,,,,,,,,,,,,,,,,,,,,,,,,,,,,,,,,,,,,,,,,,,,,,,,,,,,,,,,,,,,,,,,,,,,,,,,,,,,,,,,,,,,,,,,,,,,,,,,,,,,,,,,,,,,,,,,,,,,,,,,,,,,,,,,,,,,,,,,,,,,,,,,,,,,,,,,,,,,,,,,,,,,,,,,,,,,,,,,,,,,,,,,,,,,,,,,,,,,,,,,,,,,,,,,,,,,,,,,,,,,,,,,,,,,,,,,,,,,,,,,,,,,,,,,,,,,,,,,,,,,,,,,,,,,,,,,,,,,,,,,,,,,,,,,,,,,,,,,,,,,,,,,,,,,,,,,,,,,,,,,,,,,,,,,,,,,,,,,,,,,,,,,,,,,,,,,,,,,,,,,,,,,,,,,,,,,,,,,,,,,,,,,,,,,,,,,,,,,,,,,,,,,,,,,,,,,,,,,,,,,,,,,,,,,,,,,,,,,,,,,,,,,,,,,,,, ,Updated
CNUNES,Carlos,Nunes,Carlos.Nunes@chcheli.com,,Active,,76895e8e-e773-4942-889f-b09c2bc0caf6,Carlos.Nunes@chcheli.com,2026-04-20T07:15:33-07:00,,Carlos.Nunes@chcheli.com,CNUNES,,,,,,,,MingleEnterprise,Infor-SuiteUser,MingleIONEnabled,HOMEPAGES-User,IDM-User,IDM-RelatedInformationUser,M3UI-USER,MASHUP-User,FGR191_RW,FGR190_RW,FGR150_RO,FGR152_RO,FGR159_RO,FGR151_RO,FGR199_RW,FGR195_RW,FGR155_RO,,,,,,,,,,,,,,,,,,,,,,,,,,,,,,,,,,,,,,,,,,,,,,,,,,,,,,,,,,,,,,,,,,,,,,,,,,,,,,,,,,,,,,,,,,,,,,,,,,,,,,,,,,,,,,,,,,,,,,,,,,,,,,,,,,,,,,,,,,,,,,,,,,,,,,,,,,,,,,,,,,,,,,,,,,,,,,,,,,,,,,,,,,,,,,,,,,,,,,,,,,,,,,,,,,,,,,,,,,,,,,,,,,,,,,,,,,,,,,,,,,,,,,,,,,,,,,,,,,,,,,,,,,,,,,,,,,,,,,,,,,,,,,,,,,,,,,,,,,,,,,,,,,,,,,,,,,,,,,,,,,,,,,,,,,,,,,,,,,,,,,,,,,,,,,,,,,,,,,,,,,,,,,,,,,,,,,,,,,,,,,,,,,,,,,,,,,,,,,,,,,,,,,,,,,,,,,,,,,,,,,,,,,,,,,,,,,,,,,,,,,,,,,,,,,,,,,,,,,,,,,,,,,,,,,,,,,,,,,,,,,,,,,,,,,,,,,,,,,,,,,,,,,,,,,,,,,,,,,,,,,,,,,,,,,,,,,,,,,,,,,,,,,,,,,,,,,,,,,,,,,,,,,,,,,,,,,,,,,,,,,,,,,,,,,,,,,,,,,,,,,,,,,,,,,,,,,,,,,,,,,,,,,,,,,,,,,,,,,,,,,,,,,,,,,,,,,,,,,,,,,,, ,Updated
COMITCHE,Courtney,Mitchell,Courtney.Mitchell@chcheli.com,,Active,,fbb6e9cb-9bad-424d-9b26-3ba4256db109,Courtney.Mitchell@chcheli.com,2026-04-20T07:15:33-07:00,,Courtney.Mitchell@chcheli.com,COMITCHE,,,,,,,,MingleEnterprise,Infor-SuiteUser,MingleIONEnabled,HOMEPAGES-User,IDM-User,IDM-RelatedInformationUser,M3UI-USER,MASHUP-User,,,,,,,,,,,,,,,,,,,,,,,,,,,,,,,,,,,,,,,,,,,,,,,,,,,,,,,,,,,,,,,,,,,,,,,,,,,,,,,,,,,,,,,,,,,,,,,,,,,,,,,,,,,,,,,,,,,,,,,,,,,,,,,,,,,,,,,,,,,,,,,,,,,,,,,,,,,,,,,,,,,,,,,,,,,,,,,,,,,,,,,,,,,,,,,,,,,,,,,,,,,,,,,,,,,,,,,,,,,,,,,,,,,,,,,,,,,,,,,,,,,,,,,,,,,,,,,,,,,,,,,,,,,,,,,,,,,,,,,,,,,,,,,,,,,,,,,,,,,,,,,,,,,,,,,,,,,,,,,,,,,,,,,,,,,,,,,,,,,,,,,,,,,,,,,,,,,,,,,,,,,,,,,,,,,,,,,,,,,,,,,,,,,,,,,,,,,,,,,,,,,,,,,,,,,,,,,,,,,,,,,,,,,,,,,,,,,,,,,,,,,,,,,,,,,,,,,,,,,,,,,,,,,,,,,,,,,,,,,,,,,,,,,,,,,,,,,,,,,,,,,,,,,,,,,,,,,,,,,,,,,,,,,,,,,,,,,,,,,,,,,,,,,,,,,,,,,,,,,,,,,,,,,,,,,,,,,,,,,,,,,,,,,,,,,,,,,,,,,,,,,,,,,,,,,,,,,,,,,,,,,,,,,,,,,,,,,,,,,,,,,,,,,,,,,,,,,,,,,,,,,,,,,,,,,,, ,Updated
CPEREIRA,Cleber,Pereira,Cleber.Pereira@chcheli.com,,Active,,6816e348-9560-4c6f-ad78-e95ff984f846,Cleber.Pereira@chcheli.com,2026-04-20T07:15:34-07:00,,Cleber.Pereira@chcheli.com,CPEREIRA,,,,,,,,MingleEnterprise,Infor-SuiteUser,MingleIONEnabled,HOMEPAGES-User,IDM-User,IDM-RelatedInformationUser,M3UI-USER,MASHUP-User,FGR191_RW,FGR190_RW,FGR150_RO,FGR152_RO,FGR159_RO,FGR151_RO,FGR199_RW,FGR195_RW,FGR155_RO,,,,,,,,,,,,,,,,,,,,,,,,,,,,,,,,,,,,,,,,,,,,,,,,,,,,,,,,,,,,,,,,,,,,,,,,,,,,,,,,,,,,,,,,,,,,,,,,,,,,,,,,,,,,,,,,,,,,,,,,,,,,,,,,,,,,,,,,,,,,,,,,,,,,,,,,,,,,,,,,,,,,,,,,,,,,,,,,,,,,,,,,,,,,,,,,,,,,,,,,,,,,,,,,,,,,,,,,,,,,,,,,,,,,,,,,,,,,,,,,,,,,,,,,,,,,,,,,,,,,,,,,,,,,,,,,,,,,,,,,,,,,,,,,,,,,,,,,,,,,,,,,,,,,,,,,,,,,,,,,,,,,,,,,,,,,,,,,,,,,,,,,,,,,,,,,,,,,,,,,,,,,,,,,,,,,,,,,,,,,,,,,,,,,,,,,,,,,,,,,,,,,,,,,,,,,,,,,,,,,,,,,,,,,,,,,,,,,,,,,,,,,,,,,,,,,,,,,,,,,,,,,,,,,,,,,,,,,,,,,,,,,,,,,,,,,,,,,,,,,,,,,,,,,,,,,,,,,,,,,,,,,,,,,,,,,,,,,,,,,,,,,,,,,,,,,,,,,,,,,,,,,,,,,,,,,,,,,,,,,,,,,,,,,,,,,,,,,,,,,,,,,,,,,,,,,,,,,,,,,,,,,,,,,,,,,,,,,,,,,,,,,,,,,,,,,,,,,,,,,,,,, ,Updated
CROBERTO,Caio,Roberto,Caio.Roberto@chcheli.com,,Active,,7af0b8c6-1bae-4413-8ab2-bccd8d457410,Caio.Roberto@chcheli.com,2026-04-20T07:15:34-07:00,,Caio.Roberto@chcheli.com,CROBERTO,,,,,,,,MingleEnterprise,Infor-SuiteUser,MingleIONEnabled,HOMEPAGES-User,IDM-User,IDM-RelatedInformationUser,M3UI-USER,MASHUP-User,FGR191_RW,FGR190_RW,FGR150_RO,FGR152_RO,FGR159_RO,FGR151_RO,FGR199_RW,FGR195_RW,FGR155_RO,,,,,,,,,,,,,,,,,,,,,,,,,,,,,,,,,,,,,,,,,,,,,,,,,,,,,,,,,,,,,,,,,,,,,,,,,,,,,,,,,,,,,,,,,,,,,,,,,,,,,,,,,,,,,,,,,,,,,,,,,,,,,,,,,,,,,,,,,,,,,,,,,,,,,,,,,,,,,,,,,,,,,,,,,,,,,,,,,,,,,,,,,,,,,,,,,,,,,,,,,,,,,,,,,,,,,,,,,,,,,,,,,,,,,,,,,,,,,,,,,,,,,,,,,,,,,,,,,,,,,,,,,,,,,,,,,,,,,,,,,,,,,,,,,,,,,,,,,,,,,,,,,,,,,,,,,,,,,,,,,,,,,,,,,,,,,,,,,,,,,,,,,,,,,,,,,,,,,,,,,,,,,,,,,,,,,,,,,,,,,,,,,,,,,,,,,,,,,,,,,,,,,,,,,,,,,,,,,,,,,,,,,,,,,,,,,,,,,,,,,,,,,,,,,,,,,,,,,,,,,,,,,,,,,,,,,,,,,,,,,,,,,,,,,,,,,,,,,,,,,,,,,,,,,,,,,,,,,,,,,,,,,,,,,,,,,,,,,,,,,,,,,,,,,,,,,,,,,,,,,,,,,,,,,,,,,,,,,,,,,,,,,,,,,,,,,,,,,,,,,,,,,,,,,,,,,,,,,,,,,,,,,,,,,,,,,,,,,,,,,,,,,,,,,,,,,,,,,,,,,,,, ,Updated
CROSA,cintya,rosa,cintya.rosa@chcheli.com,,Active,,d1622c60-9117-4c3f-a5ac-32554246b70d,cintya.rosa@chcheli.com,2026-04-20T07:15:34-07:00,,cintya.rosa@chcheli.com,CROSA,,,,,,,,MingleEnterprise,Infor-SuiteUser,MingleIONEnabled,HOMEPAGES-User,IDM-User,IDM-RelatedInformationUser,M3UI-USER,MASHUP-User,,,,,,,,,,,,,,,,,,,,,,,,,,,,,,,,,,,,,,,,,,,,,,,,,,,,,,,,,,,,,,,,,,,,,,,,,,,,,,,,,,,,,,,,,,,,,,,,,,,,,,,,,,,,,,,,,,,,,,,,,,,,,,,,,,,,,,,,,,,,,,,,,,,,,,,,,,,,,,,,,,,,,,,,,,,,,,,,,,,,,,,,,,,,,,,,,,,,,,,,,,,,,,,,,,,,,,,,,,,,,,,,,,,,,,,,,,,,,,,,,,,,,,,,,,,,,,,,,,,,,,,,,,,,,,,,,,,,,,,,,,,,,,,,,,,,,,,,,,,,,,,,,,,,,,,,,,,,,,,,,,,,,,,,,,,,,,,,,,,,,,,,,,,,,,,,,,,,,,,,,,,,,,,,,,,,,,,,,,,,,,,,,,,,,,,,,,,,,,,,,,,,,,,,,,,,,,,,,,,,,,,,,,,,,,,,,,,,,,,,,,,,,,,,,,,,,,,,,,,,,,,,,,,,,,,,,,,,,,,,,,,,,,,,,,,,,,,,,,,,,,,,,,,,,,,,,,,,,,,,,,,,,,,,,,,,,,,,,,,,,,,,,,,,,,,,,,,,,,,,,,,,,,,,,,,,,,,,,,,,,,,,,,,,,,,,,,,,,,,,,,,,,,,,,,,,,,,,,,,,,,,,,,,,,,,,,,,,,,,,,,,,,,,,,,,,,,,,,,,,,,,,,,,,,,,,, ,Updated
CTORKELSEN,Christoffer,Torkelsen,Christoffer.Torkelsen@heli-one.com,,Active,,6a809b69-a209-4fa6-83f2-96e45f62a0d7,Christoffer.Torkelsen@heli-one.com,2026-04-20T07:15:34-07:00,,Christoffer.Torkelsen@heli-one.com,CTORKELSEN,,,,,,,,MingleEnterprise,Infor-SuiteUser,MingleIONEnabled,HOMEPAGES-User,IDM-User,IDM-RelatedInformationUser,M3UI-USER,MASHUP-User,,,,,,,,,,,,,,,,,,,,,,,,,,,,,,,,,,,,,,,,,,,,,,,,,,,,,,,,,,,,,,,,,,,,,,,,,,,,,,,,,,,,,,,,,,,,,,,,,,,,,,,,,,,,,,,,,,,,,,,,,,,,,,,,,,,,,,,,,,,,,,,,,,,,,,,,,,,,,,,,,,,,,,,,,,,,,,,,,,,,,,,,,,,,,,,,,,,,,,,,,,,,,,,,,,,,,,,,,,,,,,,,,,,,,,,,,,,,,,,,,,,,,,,,,,,,,,,,,,,,,,,,,,,,,,,,,,,,,,,,,,,,,,,,,,,,,,,,,,,,,,,,,,,,,,,,,,,,,,,,,,,,,,,,,,,,,,,,,,,,,,,,,,,,,,,,,,,,,,,,,,,,,,,,,,,,,,,,,,,,,,,,,,,,,,,,,,,,,,,,,,,,,,,,,,,,,,,,,,,,,,,,,,,,,,,,,,,,,,,,,,,,,,,,,,,,,,,,,,,,,,,,,,,,,,,,,,,,,,,,,,,,,,,,,,,,,,,,,,,,,,,,,,,,,,,,,,,,,,,,,,,,,,,,,,,,,,,,,,,,,,,,,,,,,,,,,,,,,,,,,,,,,,,,,,,,,,,,,,,,,,,,,,,,,,,,,,,,,,,,,,,,,,,,,,,,,,,,,,,,,,,,,,,,,,,,,,,,,,,,,,,,,,,,,,,,,,,,,,,,,,,,,,,,,,,,, ,Updated
CVIRGENS,Cristiane,Virgens,Cristiane.Virgens@chcheli.com,,Active,,4c7982e6-ff38-43fd-ab5c-77d194a8f372,Cristiane.Virgens@chcheli.com,2026-04-20T07:15:34-07:00,,Cristiane.Virgens@chcheli.com,CVIRGENS,,,,,,,,MingleEnterprise,Infor-SuiteUser,MingleIONEnabled,HOMEPAGES-User,IDM-User,IDM-RelatedInformationUser,M3UI-USER,MASHUP-User,FGR191_RW,FGR190_RW,FGR150_RO,FGR152_RO,FGR159_RO,FGR151_RO,FGR305_RW,FGR199_RW,FGR195_RW,FGR155_RO,SRAPS111CLRW,,,,,,,,,,,,,,,,,,,,,,,,,,,,,,,,,,,,,,,,,,,,,,,,,,,,,,,,,,,,,,,,,,,,,,,,,,,,,,,,,,,,,,,,,,,,,,,,,,,,,,,,,,,,,,,,,,,,,,,,,,,,,,,,,,,,,,,,,,,,,,,,,,,,,,,,,,,,,,,,,,,,,,,,,,,,,,,,,,,,,,,,,,,,,,,,,,,,,,,,,,,,,,,,,,,,,,,,,,,,,,,,,,,,,,,,,,,,,,,,,,,,,,,,,,,,,,,,,,,,,,,,,,,,,,,,,,,,,,,,,,,,,,,,,,,,,,,,,,,,,,,,,,,,,,,,,,,,,,,,,,,,,,,,,,,,,,,,,,,,,,,,,,,,,,,,,,,,,,,,,,,,,,,,,,,,,,,,,,,,,,,,,,,,,,,,,,,,,,,,,,,,,,,,,,,,,,,,,,,,,,,,,,,,,,,,,,,,,,,,,,,,,,,,,,,,,,,,,,,,,,,,,,,,,,,,,,,,,,,,,,,,,,,,,,,,,,,,,,,,,,,,,,,,,,,,,,,,,,,,,,,,,,,,,,,,,,,,,,,,,,,,,,,,,,,,,,,,,,,,,,,,,,,,,,,,,,,,,,,,,,,,,,,,,,,,,,,,,,,,,,,,,,,,,,,,,,,,,,,,,,,,,,,,,,,,,,,,,,,,,,,,,,,,,,,,,,,,,,,,,, ,Updated
DDALVI,Diksha,Dalvi,Diksha.Dalvi@CHCHeli.com,,Active,,fbf30f95-9935-41a2-b9b3-2bb004ee2de3,Diksha.Dalvi@CHCHeli.com,2026-04-20T07:15:35-07:00,,Diksha.Dalvi@CHCHeli.com,DDALVI,,,,,,,,MingleEnterprise,Infor-SuiteUser,MingleIONEnabled,HOMEPAGES-User,IDM-User,IDM-RelatedInformationUser,M3UI-USER,MASHUP-User,FGR003_RW,FGR001_RW,FGR005_RW,FGR004_RW,FGR002_RW,FGR014_RO,FGR021_RO,FGR300_RO,FGR301_RO,FGR302_RO,FGR311_RO,FGR352_RO,FGR350_RO,FGR359_RO,FGR006_RO,FGR013_RO,FGR309_RO,FGR305_RO,FGR310_RO,FGR319_RO,FGR351_RO,,,,,,,,,,,,,,,,,,,,,,,,,,,,,,,,,,,,,,,,,,,,,,,,,,,,,,,,,,,,,,,,,,,,,,,,,,,,,,,,,,,,,,,,,,,,,,,,,,,,,,,,,,,,,,,,,,,,,,,,,,,,,,,,,,,,,,,,,,,,,,,,,,,,,,,,,,,,,,,,,,,,,,,,,,,,,,,,,,,,,,,,,,,,,,,,,,,,,,,,,,,,,,,,,,,,,,,,,,,,,,,,,,,,,,,,,,,,,,,,,,,,,,,,,,,,,,,,,,,,,,,,,,,,,,,,,,,,,,,,,,,,,,,,,,,,,,,,,,,,,,,,,,,,,,,,,,,,,,,,,,,,,,,,,,,,,,,,,,,,,,,,,,,,,,,,,,,,,,,,,,,,,,,,,,,,,,,,,,,,,,,,,,,,,,,,,,,,,,,,,,,,,,,,,,,,,,,,,,,,,,,,,,,,,,,,,,,,,,,,,,,,,,,,,,,,,,,,,,,,,,,,,,,,,,,,,,,,,,,,,,,,,,,,,,,,,,,,,,,,,,,,,,,,,,,,,,,,,,,,,,,,,,,,,,,,,,,,,,,,,,,,,,,,,,,,,,,,,,,,,,,,,,,,,,,,,,,,,,,,,,,,,,,,,,,,,,,,,,,,,,,,,,,,,,,,,,,,,,,,,,,,,,,,,,,,,,,,,,,,,,,,,,,,,,,, ,Updated
DFLAKEMO,Daphne,Flakemore,Daphne.Flakemore@chcheli.com,,Active,,33b68b43-5f38-4e16-96e9-95610e7d447e,Daphne.Flakemore@chcheli.com,2026-04-20T07:15:35-07:00,,Daphne.Flakemore@chcheli.com,DFLAKEMO,,,,,,,,MingleEnterprise,Infor-SuiteUser,MingleIONEnabled,HOMEPAGES-User,IDM-User,IDM-RelatedInformationUser,M3UI-USER,MASHUP-User,,,,,,,,,,,,,,,,,,,,,,,,,,,,,,,,,,,,,,,,,,,,,,,,,,,,,,,,,,,,,,,,,,,,,,,,,,,,,,,,,,,,,,,,,,,,,,,,,,,,,,,,,,,,,,,,,,,,,,,,,,,,,,,,,,,,,,,,,,,,,,,,,,,,,,,,,,,,,,,,,,,,,,,,,,,,,,,,,,,,,,,,,,,,,,,,,,,,,,,,,,,,,,,,,,,,,,,,,,,,,,,,,,,,,,,,,,,,,,,,,,,,,,,,,,,,,,,,,,,,,,,,,,,,,,,,,,,,,,,,,,,,,,,,,,,,,,,,,,,,,,,,,,,,,,,,,,,,,,,,,,,,,,,,,,,,,,,,,,,,,,,,,,,,,,,,,,,,,,,,,,,,,,,,,,,,,,,,,,,,,,,,,,,,,,,,,,,,,,,,,,,,,,,,,,,,,,,,,,,,,,,,,,,,,,,,,,,,,,,,,,,,,,,,,,,,,,,,,,,,,,,,,,,,,,,,,,,,,,,,,,,,,,,,,,,,,,,,,,,,,,,,,,,,,,,,,,,,,,,,,,,,,,,,,,,,,,,,,,,,,,,,,,,,,,,,,,,,,,,,,,,,,,,,,,,,,,,,,,,,,,,,,,,,,,,,,,,,,,,,,,,,,,,,,,,,,,,,,,,,,,,,,,,,,,,,,,,,,,,,,,,,,,,,,,,,,,,,,,,,,,,,,,,,,,,,, ,Updated
DGROENEV,Dennis,Groeneveld,Dennis.Groeneveld@chcheli.com,,Active,,794aeac3-9f10-40b5-afe1-575f66c4b331,Dennis.Groeneveld@chcheli.com,2026-04-20T07:15:35-07:00,,Dennis.Groeneveld@chcheli.com,DGROENEV,,,,,,,,MingleEnterprise,Infor-SuiteUser,MingleIONEnabled,HOMEPAGES-User,IDM-User,IDM-RelatedInformationUser,M3UI-USER,MASHUP-User,,,,,,,,,,,,,,,,,,,,,,,,,,,,,,,,,,,,,,,,,,,,,,,,,,,,,,,,,,,,,,,,,,,,,,,,,,,,,,,,,,,,,,,,,,,,,,,,,,,,,,,,,,,,,,,,,,,,,,,,,,,,,,,,,,,,,,,,,,,,,,,,,,,,,,,,,,,,,,,,,,,,,,,,,,,,,,,,,,,,,,,,,,,,,,,,,,,,,,,,,,,,,,,,,,,,,,,,,,,,,,,,,,,,,,,,,,,,,,,,,,,,,,,,,,,,,,,,,,,,,,,,,,,,,,,,,,,,,,,,,,,,,,,,,,,,,,,,,,,,,,,,,,,,,,,,,,,,,,,,,,,,,,,,,,,,,,,,,,,,,,,,,,,,,,,,,,,,,,,,,,,,,,,,,,,,,,,,,,,,,,,,,,,,,,,,,,,,,,,,,,,,,,,,,,,,,,,,,,,,,,,,,,,,,,,,,,,,,,,,,,,,,,,,,,,,,,,,,,,,,,,,,,,,,,,,,,,,,,,,,,,,,,,,,,,,,,,,,,,,,,,,,,,,,,,,,,,,,,,,,,,,,,,,,,,,,,,,,,,,,,,,,,,,,,,,,,,,,,,,,,,,,,,,,,,,,,,,,,,,,,,,,,,,,,,,,,,,,,,,,,,,,,,,,,,,,,,,,,,,,,,,,,,,,,,,,,,,,,,,,,,,,,,,,,,,,,,,,,,,,,,,,,,,,,,,, ,Updated
83e4ee5d-6ef0-4d82-be5c-b8ca50d328dd,Davide,Guastalli,Davide.Guastalli@chcheli.com,,Active,,83e4ee5d-6ef0-4d82-be5c-b8ca50d328dd,Davide.Guastalli@chcheli.com,2026-04-20T07:15:35-07:00,,Davide.Guastalli@chcheli.com,DGUASTAL,,,,,,,,MingleEnterprise,Infor-SuiteUser,MingleIONEnabled,HOMEPAGES-User,IDM-User,IDM-RelatedInformationUser,M3UI-USER,MASHUP-User,FGR032_RW,FGR003_RW,FGR012_RW,FGR001_RW,FGR014_RW,FGR005_RW,FGR061_RW,FGR030_RW,FGR060_RW,FGR070_RW,FGR021_RW,FGR031_RW,FGR004_RW,FGR069_RW,FGR072_RW,FGR071_RW,FGR062_RW,FGR035_RW,FGR013_RW,FGR006_RW,FGR039_RW,FGR065_RW,FGR329_RW,FGR002_RW,FGR079_RW,FGR331_RW,FGR341_RW,FGR332_RW,FGR342_RW,FGR351_RW,FGR355_RW,FGR352_RW,FGR350_RW,FGR362_RW,FGR359_RW,FGR190_RW,FGR302_RW,FGR305_RW,FGR310_RW,FGR312_RW,FGR315_RW,FGR115_RW,FGR320_RW,FGR119_RW,FGR110_RW,FGR111_RW,FGR112_RW,FGR300_RW,FGR301_RW,FGR309_RW,FGR311_RW,FGR321_RW,FGR319_RW,FGR325_RW,FGR322_RW,FGR330_RW,FGR335_RW,FGR339_RW,FGR340_RW,FGR345_RW,FGR349_RW,FGR361_RW,FGR360_RW,FGR365_RW,FGR369_RW,FGR999_RW,FGR013_RO,,,,,,,,,,,,,,,,,,,,,,,,,,,,,,,,,,,,,,,,,,,,,,,,,,,,,,,,,,,,,,,,,,,,,,,,,,,,,,,,,,,,,,,,,,,,,,,,,,,,,,,,,,,,,,,,,,,,,,,,,,,,,,,,,,,,,,,,,,,,,,,,,,,,,,,,,,,,,,,,,,,,,,,,,,,,,,,,,,,,,,,,,,,,,,,,,,,,,,,,,,,,,,,,,,,,,,,,,,,,,,,,,,,,,,,,,,,,,,,,,,,,,,,,,,,,,,,,,,,,,,,,,,,,,,,,,,,,,,,,,,,,,,,,,,,,,,,,,,,,,,,,,,,,,,,,,,,,,,,,,,,,,,,,,,,,,,,,,,,,,,,,,,,,,,,,,,,,,,,,,,,,,,,,,,,,,,,,,,,,,,,,,,,,,,,,,,,,,,,,,,,,,,,,,,,,,,,,,,,,,,,,,,,,,,,,,,,,,,,,,,,,,,,,,,,,,,,,,,,,,,,,,,,,,,,,,,,,,,,,,,,,,,,,,,,,,,,,,,,,,,,,,,,,,,,,,,,,,,,,,,,,,,,,,,,,,,,,,,,,,,,,,,,,,,,,,,,,,,,,,,,,,,,,,,,,,,,,,,,,,,,,,,,,,,,,,,,,,,,,,,,,,, ,Updated
DHADDEN,dorothy,reid,dorothy.reid@chcheli.com,,Active,,2ba86fcb-9536-4f86-a5e4-cebe001b71f3,dorothy.reid@chcheli.com,2026-04-20T07:15:35-07:00,,dorothy.reid@chcheli.com,DHADDEN,,,,,,,,MingleEnterprise,Infor-SuiteUser,MingleIONEnabled,HOMEPAGES-User,IDM-User,IDM-RelatedInformationUser,M3UI-USER,MASHUP-User,PPEPRRO,,,,,,,,,,,,,,,,,,,,,,,,,,,,,,,,,,,,,,,,,,,,,,,,,,,,,,,,,,,,,,,,,,,,,,,,,,,,,,,,,,,,,,,,,,,,,,,,,,,,,,,,,,,,,,,,,,,,,,,,,,,,,,,,,,,,,,,,,,,,,,,,,,,,,,,,,,,,,,,,,,,,,,,,,,,,,,,,,,,,,,,,,,,,,,,,,,,,,,,,,,,,,,,,,,,,,,,,,,,,,,,,,,,,,,,,,,,,,,,,,,,,,,,,,,,,,,,,,,,,,,,,,,,,,,,,,,,,,,,,,,,,,,,,,,,,,,,,,,,,,,,,,,,,,,,,,,,,,,,,,,,,,,,,,,,,,,,,,,,,,,,,,,,,,,,,,,,,,,,,,,,,,,,,,,,,,,,,,,,,,,,,,,,,,,,,,,,,,,,,,,,,,,,,,,,,,,,,,,,,,,,,,,,,,,,,,,,,,,,,,,,,,,,,,,,,,,,,,,,,,,,,,,,,,,,,,,,,,,,,,,,,,,,,,,,,,,,,,,,,,,,,,,,,,,,,,,,,,,,,,,,,,,,,,,,,,,,,,,,,,,,,,,,,,,,,,,,,,,,,,,,,,,,,,,,,,,,,,,,,,,,,,,,,,,,,,,,,,,,,,,,,,,,,,,,,,,,,,,,,,,,,,,,,,,,,,,,,,,,,,,,,,,,,,,,,,,,,,,,,,,,,,,,,,,,, ,Updated
DHALYS,Dominika,Halys,Dominika.Halys@chcheli.com,,Active,,c80491e3-2bfb-4cf7-a436-8965ab7610fc,Dominika.Halys@chcheli.com,2026-04-20T07:15:36-07:00,,Dominika.Halys@chcheli.com,DHALYS,,,,,,,,MingleEnterprise,Infor-SuiteUser,MingleIONEnabled,HOMEPAGES-User,IDM-User,IDM-RelatedInformationUser,M3UI-USER,MASHUP-User,FGR003_RW,FGR001_RW,FGR005_RW,FGR004_RW,FGR002_RW,FGR014_RO,FGR021_RO,FGR300_RO,FGR301_RO,FGR302_RO,FGR311_RO,FGR352_RO,FGR350_RO,FGR359_RO,FGR006_RO,FGR013_RO,FGR309_RO,FGR305_RO,FGR310_RO,FGR319_RO,FGR351_RO,,,,,,,,,,,,,,,,,,,,,,,,,,,,,,,,,,,,,,,,,,,,,,,,,,,,,,,,,,,,,,,,,,,,,,,,,,,,,,,,,,,,,,,,,,,,,,,,,,,,,,,,,,,,,,,,,,,,,,,,,,,,,,,,,,,,,,,,,,,,,,,,,,,,,,,,,,,,,,,,,,,,,,,,,,,,,,,,,,,,,,,,,,,,,,,,,,,,,,,,,,,,,,,,,,,,,,,,,,,,,,,,,,,,,,,,,,,,,,,,,,,,,,,,,,,,,,,,,,,,,,,,,,,,,,,,,,,,,,,,,,,,,,,,,,,,,,,,,,,,,,,,,,,,,,,,,,,,,,,,,,,,,,,,,,,,,,,,,,,,,,,,,,,,,,,,,,,,,,,,,,,,,,,,,,,,,,,,,,,,,,,,,,,,,,,,,,,,,,,,,,,,,,,,,,,,,,,,,,,,,,,,,,,,,,,,,,,,,,,,,,,,,,,,,,,,,,,,,,,,,,,,,,,,,,,,,,,,,,,,,,,,,,,,,,,,,,,,,,,,,,,,,,,,,,,,,,,,,,,,,,,,,,,,,,,,,,,,,,,,,,,,,,,,,,,,,,,,,,,,,,,,,,,,,,,,,,,,,,,,,,,,,,,,,,,,,,,,,,,,,,,,,,,,,,,,,,,,,,,,,,,,,,,,,,,,,,,,,,,,,,,,,,,,,,,, ,Updated
DKELLY,David,Kelly,David.Kelly@chcheli.com,,Active,,565f7703-8334-4bbc-bfe2-20bca1ba45aa,David.Kelly@chcheli.com,2026-04-20T07:15:36-07:00,,David.Kelly@chcheli.com,DKELLY,,,,,,,,MingleEnterprise,Infor-SuiteUser,MingleIONEnabled,HOMEPAGES-User,IDM-User,IDM-RelatedInformationUser,M3UI-USER,MASHUP-User,PPEPRRO,,,,,,,,,,,,,,,,,,,,,,,,,,,,,,,,,,,,,,,,,,,,,,,,,,,,,,,,,,,,,,,,,,,,,,,,,,,,,,,,,,,,,,,,,,,,,,,,,,,,,,,,,,,,,,,,,,,,,,,,,,,,,,,,,,,,,,,,,,,,,,,,,,,,,,,,,,,,,,,,,,,,,,,,,,,,,,,,,,,,,,,,,,,,,,,,,,,,,,,,,,,,,,,,,,,,,,,,,,,,,,,,,,,,,,,,,,,,,,,,,,,,,,,,,,,,,,,,,,,,,,,,,,,,,,,,,,,,,,,,,,,,,,,,,,,,,,,,,,,,,,,,,,,,,,,,,,,,,,,,,,,,,,,,,,,,,,,,,,,,,,,,,,,,,,,,,,,,,,,,,,,,,,,,,,,,,,,,,,,,,,,,,,,,,,,,,,,,,,,,,,,,,,,,,,,,,,,,,,,,,,,,,,,,,,,,,,,,,,,,,,,,,,,,,,,,,,,,,,,,,,,,,,,,,,,,,,,,,,,,,,,,,,,,,,,,,,,,,,,,,,,,,,,,,,,,,,,,,,,,,,,,,,,,,,,,,,,,,,,,,,,,,,,,,,,,,,,,,,,,,,,,,,,,,,,,,,,,,,,,,,,,,,,,,,,,,,,,,,,,,,,,,,,,,,,,,,,,,,,,,,,,,,,,,,,,,,,,,,,,,,,,,,,,,,,,,,,,,,,,,,,,,,,,,,,, ,Updated
DLOS,Dawid,Los,Dawid.Los@chcheli.com,,Active,,46dcafe9-fe98-4557-b8a3-c25f4b91abb6,Dawid.Los@chcheli.com,2026-04-20T07:15:36-07:00,,Dawid.Los@chcheli.com,DLOS,,,,,,,,MingleEnterprise,Infor-SuiteUser,MingleIONEnabled,HOMEPAGES-User,IDM-User,IDM-RelatedInformationUser,M3UI-USER,MASHUP-User,FGR003_RW,FGR001_RW,FGR005_RW,FGR004_RW,FGR002_RW,FGR014_RO,FGR021_RO,FGR300_RO,FGR301_RO,FGR302_RO,FGR311_RO,FGR352_RO,FGR350_RO,FGR359_RO,FGR006_RO,FGR013_RO,FGR309_RO,FGR305_RO,FGR310_RO,FGR319_RO,FGR351_RO,,,,,,,,,,,,,,,,,,,,,,,,,,,,,,,,,,,,,,,,,,,,,,,,,,,,,,,,,,,,,,,,,,,,,,,,,,,,,,,,,,,,,,,,,,,,,,,,,,,,,,,,,,,,,,,,,,,,,,,,,,,,,,,,,,,,,,,,,,,,,,,,,,,,,,,,,,,,,,,,,,,,,,,,,,,,,,,,,,,,,,,,,,,,,,,,,,,,,,,,,,,,,,,,,,,,,,,,,,,,,,,,,,,,,,,,,,,,,,,,,,,,,,,,,,,,,,,,,,,,,,,,,,,,,,,,,,,,,,,,,,,,,,,,,,,,,,,,,,,,,,,,,,,,,,,,,,,,,,,,,,,,,,,,,,,,,,,,,,,,,,,,,,,,,,,,,,,,,,,,,,,,,,,,,,,,,,,,,,,,,,,,,,,,,,,,,,,,,,,,,,,,,,,,,,,,,,,,,,,,,,,,,,,,,,,,,,,,,,,,,,,,,,,,,,,,,,,,,,,,,,,,,,,,,,,,,,,,,,,,,,,,,,,,,,,,,,,,,,,,,,,,,,,,,,,,,,,,,,,,,,,,,,,,,,,,,,,,,,,,,,,,,,,,,,,,,,,,,,,,,,,,,,,,,,,,,,,,,,,,,,,,,,,,,,,,,,,,,,,,,,,,,,,,,,,,,,,,,,,,,,,,,,,,,,,,,,,,,,,,,,,,,,,,,,,, ,Updated
DOSSANTO,Denis,dosSantos,Denis.dosSantos@chcheli.com,,Active,,a19fe391-4a5b-4152-b3b9-7bba5d49ec8a,Denis.dosSantos@chcheli.com,2026-04-20T07:15:37-07:00,,Denis.dosSantos@chcheli.com,DOSSANTO,,,,,,,,MingleEnterprise,Infor-SuiteUser,MingleIONEnabled,HOMEPAGES-User,IDM-User,IDM-RelatedInformationUser,M3UI-USER,MASHUP-User,FGR191_RW,FGR190_RW,FGR150_RO,FGR152_RO,FGR159_RO,FGR151_RO,FGR199_RW,FGR195_RW,FGR155_RO,,,,,,,,,,,,,,,,,,,,,,,,,,,,,,,,,,,,,,,,,,,,,,,,,,,,,,,,,,,,,,,,,,,,,,,,,,,,,,,,,,,,,,,,,,,,,,,,,,,,,,,,,,,,,,,,,,,,,,,,,,,,,,,,,,,,,,,,,,,,,,,,,,,,,,,,,,,,,,,,,,,,,,,,,,,,,,,,,,,,,,,,,,,,,,,,,,,,,,,,,,,,,,,,,,,,,,,,,,,,,,,,,,,,,,,,,,,,,,,,,,,,,,,,,,,,,,,,,,,,,,,,,,,,,,,,,,,,,,,,,,,,,,,,,,,,,,,,,,,,,,,,,,,,,,,,,,,,,,,,,,,,,,,,,,,,,,,,,,,,,,,,,,,,,,,,,,,,,,,,,,,,,,,,,,,,,,,,,,,,,,,,,,,,,,,,,,,,,,,,,,,,,,,,,,,,,,,,,,,,,,,,,,,,,,,,,,,,,,,,,,,,,,,,,,,,,,,,,,,,,,,,,,,,,,,,,,,,,,,,,,,,,,,,,,,,,,,,,,,,,,,,,,,,,,,,,,,,,,,,,,,,,,,,,,,,,,,,,,,,,,,,,,,,,,,,,,,,,,,,,,,,,,,,,,,,,,,,,,,,,,,,,,,,,,,,,,,,,,,,,,,,,,,,,,,,,,,,,,,,,,,,,,,,,,,,,,,,,,,,,,,,,,,,,,,,,,,,,,,,,,,, ,Updated
DRICHES,David,Riches,David.Riches@chcheli.com,,Active,,82e5543d-85ad-4d53-b5ac-c1733ad11b9a,David.Riches@chcheli.com,2026-04-20T07:15:37-07:00,,David.Riches@chcheli.com,DRICHES,,,,,,,,MingleEnterprise,Infor-SuiteUser,MingleIONEnabled,HOMEPAGES-User,IDM-User,IDM-RelatedInformationUser,M3UI-USER,MASHUP-User,,,,,,,,,,,,,,,,,,,,,,,,,,,,,,,,,,,,,,,,,,,,,,,,,,,,,,,,,,,,,,,,,,,,,,,,,,,,,,,,,,,,,,,,,,,,,,,,,,,,,,,,,,,,,,,,,,,,,,,,,,,,,,,,,,,,,,,,,,,,,,,,,,,,,,,,,,,,,,,,,,,,,,,,,,,,,,,,,,,,,,,,,,,,,,,,,,,,,,,,,,,,,,,,,,,,,,,,,,,,,,,,,,,,,,,,,,,,,,,,,,,,,,,,,,,,,,,,,,,,,,,,,,,,,,,,,,,,,,,,,,,,,,,,,,,,,,,,,,,,,,,,,,,,,,,,,,,,,,,,,,,,,,,,,,,,,,,,,,,,,,,,,,,,,,,,,,,,,,,,,,,,,,,,,,,,,,,,,,,,,,,,,,,,,,,,,,,,,,,,,,,,,,,,,,,,,,,,,,,,,,,,,,,,,,,,,,,,,,,,,,,,,,,,,,,,,,,,,,,,,,,,,,,,,,,,,,,,,,,,,,,,,,,,,,,,,,,,,,,,,,,,,,,,,,,,,,,,,,,,,,,,,,,,,,,,,,,,,,,,,,,,,,,,,,,,,,,,,,,,,,,,,,,,,,,,,,,,,,,,,,,,,,,,,,,,,,,,,,,,,,,,,,,,,,,,,,,,,,,,,,,,,,,,,,,,,,,,,,,,,,,,,,,,,,,,,,,,,,,,,,,,,,,,,,,,, ,Updated
DYYANG,Donglin,Yang,Donglin.Yang@chcheli.com,,Active,,0bde5eee-e30c-4809-835b-5fb5304ed170,Donglin.Yang@chcheli.com,2026-04-20T07:15:37-07:00,,Donglin.Yang@chcheli.com,DYYANG,,,,,,,,MingleEnterprise,Infor-SuiteUser,MingleIONEnabled,HOMEPAGES-User,IDM-User,IDM-RelatedInformationUser,M3UI-USER,MASHUP-User,FGR003_RW,FGR001_RW,FGR005_RW,FGR004_RW,FGR002_RW,FGR351_RW,FGR355_RW,FGR352_RW,FGR350_RW,FGR359_RW,FGR014_RO,FGR021_RO,FGR300_RO,FGR301_RO,FGR302_RO,FGR311_RO,FGR312_RO,FGR352_RO,FGR350_RO,FGR302_RW,FGR359_RO,FGR305_RW,FGR310_RW,FGR312_RW,FGR315_RW,FGR300_RW,FGR301_RW,FGR309_RW,FGR311_RW,FGR319_RW,FGR006_RO,FGR012_RO,FGR013_RO,FGR309_RO,FGR305_RO,FGR315_RO,FGR310_RO,FGR319_RO,FGR351_RO,FGR355_RO,,,,,,,,,,,,,,,,,,,,,,,,,,,,,,,,,,,,,,,,,,,,,,,,,,,,,,,,,,,,,,,,,,,,,,,,,,,,,,,,,,,,,,,,,,,,,,,,,,,,,,,,,,,,,,,,,,,,,,,,,,,,,,,,,,,,,,,,,,,,,,,,,,,,,,,,,,,,,,,,,,,,,,,,,,,,,,,,,,,,,,,,,,,,,,,,,,,,,,,,,,,,,,,,,,,,,,,,,,,,,,,,,,,,,,,,,,,,,,,,,,,,,,,,,,,,,,,,,,,,,,,,,,,,,,,,,,,,,,,,,,,,,,,,,,,,,,,,,,,,,,,,,,,,,,,,,,,,,,,,,,,,,,,,,,,,,,,,,,,,,,,,,,,,,,,,,,,,,,,,,,,,,,,,,,,,,,,,,,,,,,,,,,,,,,,,,,,,,,,,,,,,,,,,,,,,,,,,,,,,,,,,,,,,,,,,,,,,,,,,,,,,,,,,,,,,,,,,,,,,,,,,,,,,,,,,,,,,,,,,,,,,,,,,,,,,,,,,,,,,,,,,,,,,,,,,,,,,,,,,,,,,,,,,,,,,,,,,,,,,,,,,,,,,,,,,,,,,,,,,,,,,,,,,,,,,,,,,,,,,,,,,,,,,,,,,,,,,,,,,,,,,,,,,,,,,,,,,,,,,,,,,,,,,,,,,, ,Updated
4922fafe-3879-4d34-b6f1-2c7e3ac51121,Eurose,Fortus,Eurose.Fortus@chcheli.com,,Active,,4922fafe-3879-4d34-b6f1-2c7e3ac51121,Eurose.Fortus@chcheli.com,2026-04-20T07:15:38-07:00,,Eurose.Fortus@chcheli.com,EFORTUS,,,,,,,,MingleEnterprise,Infor-SuiteUser,MingleIONEnabled,HOMEPAGES-User,IDM-User,IDM-RelatedInformationUser,M3UI-USER,MASHUP-User,FGR003_RW,FGR001_RW,FGR005_RW,FGR004_RW,FGR002_RW,FGR351_RW,FGR355_RW,FGR352_RW,FGR350_RW,FGR359_RW,FGR014_RO,FGR021_RO,FGR300_RO,FGR301_RO,FGR302_RO,FGR311_RO,FGR312_RO,FGR352_RO,FGR350_RO,FGR302_RW,FGR359_RO,FGR305_RW,FGR310_RW,FGR312_RW,FGR315_RW,FGR300_RW,FGR301_RW,FGR309_RW,FGR311_RW,FGR319_RW,FGR006_RO,FGR012_RO,FGR013_RO,FGR309_RO,FGR305_RO,FGR315_RO,FGR310_RO,FGR319_RO,FGR351_RO,FGR355_RO,,,,,,,,,,,,,,,,,,,,,,,,,,,,,,,,,,,,,,,,,,,,,,,,,,,,,,,,,,,,,,,,,,,,,,,,,,,,,,,,,,,,,,,,,,,,,,,,,,,,,,,,,,,,,,,,,,,,,,,,,,,,,,,,,,,,,,,,,,,,,,,,,,,,,,,,,,,,,,,,,,,,,,,,,,,,,,,,,,,,,,,,,,,,,,,,,,,,,,,,,,,,,,,,,,,,,,,,,,,,,,,,,,,,,,,,,,,,,,,,,,,,,,,,,,,,,,,,,,,,,,,,,,,,,,,,,,,,,,,,,,,,,,,,,,,,,,,,,,,,,,,,,,,,,,,,,,,,,,,,,,,,,,,,,,,,,,,,,,,,,,,,,,,,,,,,,,,,,,,,,,,,,,,,,,,,,,,,,,,,,,,,,,,,,,,,,,,,,,,,,,,,,,,,,,,,,,,,,,,,,,,,,,,,,,,,,,,,,,,,,,,,,,,,,,,,,,,,,,,,,,,,,,,,,,,,,,,,,,,,,,,,,,,,,,,,,,,,,,,,,,,,,,,,,,,,,,,,,,,,,,,,,,,,,,,,,,,,,,,,,,,,,,,,,,,,,,,,,,,,,,,,,,,,,,,,,,,,,,,,,,,,,,,,,,,,,,,,,,,,,,,,,,,,,,,,,,,,,,,,,,,,,,,,,,,,, ,Updated
EGUILLOT,Emmanuel,Guillot,Emmanuel.Guillot@chcheli.com,,Active,,ec8af251-b37c-400a-aa56-f43dc190bb9e,Emmanuel.Guillot@chcheli.com,2026-04-20T07:15:38-07:00,,Emmanuel.Guillot@chcheli.com,EGUILLOT,,,,,,,,MingleEnterprise,Infor-SuiteUser,MingleIONEnabled,HOMEPAGES-User,IDM-User,IDM-RelatedInformationUser,M3UI-USER,MASHUP-User,,,,,,,,,,,,,,,,,,,,,,,,,,,,,,,,,,,,,,,,,,,,,,,,,,,,,,,,,,,,,,,,,,,,,,,,,,,,,,,,,,,,,,,,,,,,,,,,,,,,,,,,,,,,,,,,,,,,,,,,,,,,,,,,,,,,,,,,,,,,,,,,,,,,,,,,,,,,,,,,,,,,,,,,,,,,,,,,,,,,,,,,,,,,,,,,,,,,,,,,,,,,,,,,,,,,,,,,,,,,,,,,,,,,,,,,,,,,,,,,,,,,,,,,,,,,,,,,,,,,,,,,,,,,,,,,,,,,,,,,,,,,,,,,,,,,,,,,,,,,,,,,,,,,,,,,,,,,,,,,,,,,,,,,,,,,,,,,,,,,,,,,,,,,,,,,,,,,,,,,,,,,,,,,,,,,,,,,,,,,,,,,,,,,,,,,,,,,,,,,,,,,,,,,,,,,,,,,,,,,,,,,,,,,,,,,,,,,,,,,,,,,,,,,,,,,,,,,,,,,,,,,,,,,,,,,,,,,,,,,,,,,,,,,,,,,,,,,,,,,,,,,,,,,,,,,,,,,,,,,,,,,,,,,,,,,,,,,,,,,,,,,,,,,,,,,,,,,,,,,,,,,,,,,,,,,,,,,,,,,,,,,,,,,,,,,,,,,,,,,,,,,,,,,,,,,,,,,,,,,,,,,,,,,,,,,,,,,,,,,,,,,,,,,,,,,,,,,,,,,,,,,,,,,,,,,, ,Updated
EHERVIK,Elin,Hervik,Elin.Hervik@CHCHeli.com,AR Accountant,Active,,f3e84813-dd34-442e-b515-fe01b8200201,Elin.Hervik@CHCHeli.com,2026-04-20T07:15:38-07:00,2026-04-28T00:48:30-07:00,Elin.Hervik@CHCHeli.com,EHERVIK,,,,,,,,MingleEnterprise,Infor-SuiteUser,MingleIONEnabled,HOMEPAGES-User,IDM-User,IDM-RelatedInformationUser,M3UI-USER,MASHUP-User,FGR003_RW,FGR001_RW,FGR005_RW,FGR004_RW,FGR002_RW,FGR351_RW,FGR355_RW,FGR352_RW,FGR350_RW,FGR359_RW,FGR014_RO,FGR021_RO,FGR300_RO,FGR301_RO,FGR302_RO,FGR311_RO,FGR312_RO,FGR352_RO,FGR350_RO,FGR302_RW,FGR359_RO,FGR305_RW,FGR310_RW,FGR312_RW,FGR315_RW,FGR300_RW,FGR301_RW,FGR309_RW,FGR311_RW,FGR319_RW,FGR006_RO,FGR012_RO,FGR013_RO,FGR309_RO,FGR305_RO,FGR315_RO,FGR310_RO,FGR319_RO,FGR351_RO,FGR355_RO,,,,,,,,,,,,,,,,,,,,,,,,,,,,,,,,,,,,,,,,,,,,,,,,,,,,,,,,,,,,,,,,,,,,,,,,,,,,,,,,,,,,,,,,,,,,,,,,,,,,,,,,,,,,,,,,,,,,,,,,,,,,,,,,,,,,,,,,,,,,,,,,,,,,,,,,,,,,,,,,,,,,,,,,,,,,,,,,,,,,,,,,,,,,,,,,,,,,,,,,,,,,,,,,,,,,,,,,,,,,,,,,,,,,,,,,,,,,,,,,,,,,,,,,,,,,,,,,,,,,,,,,,,,,,,,,,,,,,,,,,,,,,,,,,,,,,,,,,,,,,,,,,,,,,,,,,,,,,,,,,,,,,,,,,,,,,,,,,,,,,,,,,,,,,,,,,,,,,,,,,,,,,,,,,,,,,,,,,,,,,,,,,,,,,,,,,,,,,,,,,,,,,,,,,,,,,,,,,,,,,,,,,,,,,,,,,,,,,,,,,,,,,,,,,,,,,,,,,,,,,,,,,,,,,,,,,,,,,,,,,,,,,,,,,,,,,,,,,,,,,,,,,,,,,,,,,,,,,,,,,,,,,,,,,,,,,,,,,,,,,,,,,,,,,,,,,,,,,,,,,,,,,,,,,,,,,,,,,,,,,,,,,,,,,,,,,,,,,,,,,,,,,,,,,,,,,,,,,,,,,,,,,,,,,,,,, ,Updated
EKLINGAN,Espen,Klingan,Espen.Klingan@chcheli.com,,Active,,3f55d25d-80d7-42c1-a804-3e7eb6490f31,Espen.Klingan@chcheli.com,2026-04-20T07:15:38-07:00,,Espen.Klingan@chcheli.com,EKLINGAN,,,,,,,,MingleEnterprise,Infor-SuiteUser,MingleIONEnabled,HOMEPAGES-User,IDM-User,IDM-RelatedInformationUser,M3UI-USER,MASHUP-User,,,,,,,,,,,,,,,,,,,,,,,,,,,,,,,,,,,,,,,,,,,,,,,,,,,,,,,,,,,,,,,,,,,,,,,,,,,,,,,,,,,,,,,,,,,,,,,,,,,,,,,,,,,,,,,,,,,,,,,,,,,,,,,,,,,,,,,,,,,,,,,,,,,,,,,,,,,,,,,,,,,,,,,,,,,,,,,,,,,,,,,,,,,,,,,,,,,,,,,,,,,,,,,,,,,,,,,,,,,,,,,,,,,,,,,,,,,,,,,,,,,,,,,,,,,,,,,,,,,,,,,,,,,,,,,,,,,,,,,,,,,,,,,,,,,,,,,,,,,,,,,,,,,,,,,,,,,,,,,,,,,,,,,,,,,,,,,,,,,,,,,,,,,,,,,,,,,,,,,,,,,,,,,,,,,,,,,,,,,,,,,,,,,,,,,,,,,,,,,,,,,,,,,,,,,,,,,,,,,,,,,,,,,,,,,,,,,,,,,,,,,,,,,,,,,,,,,,,,,,,,,,,,,,,,,,,,,,,,,,,,,,,,,,,,,,,,,,,,,,,,,,,,,,,,,,,,,,,,,,,,,,,,,,,,,,,,,,,,,,,,,,,,,,,,,,,,,,,,,,,,,,,,,,,,,,,,,,,,,,,,,,,,,,,,,,,,,,,,,,,,,,,,,,,,,,,,,,,,,,,,,,,,,,,,,,,,,,,,,,,,,,,,,,,,,,,,,,,,,,,,,,,,,,,,,,, ,Updated
EKOOLS,Edwin,Kools,Edwin.Kools@chcheli.com,,Active,,fb61c225-4069-48bc-86e0-0e5bf14c4133,Edwin.Kools@chcheli.com,2026-04-20T07:15:39-07:00,,Edwin.Kools@chcheli.com,EKOOLS,,,,,,,,MingleEnterprise,Infor-SuiteUser,MingleIONEnabled,HOMEPAGES-User,IDM-User,IDM-RelatedInformationUser,M3UI-USER,MASHUP-User,,,,,,,,,,,,,,,,,,,,,,,,,,,,,,,,,,,,,,,,,,,,,,,,,,,,,,,,,,,,,,,,,,,,,,,,,,,,,,,,,,,,,,,,,,,,,,,,,,,,,,,,,,,,,,,,,,,,,,,,,,,,,,,,,,,,,,,,,,,,,,,,,,,,,,,,,,,,,,,,,,,,,,,,,,,,,,,,,,,,,,,,,,,,,,,,,,,,,,,,,,,,,,,,,,,,,,,,,,,,,,,,,,,,,,,,,,,,,,,,,,,,,,,,,,,,,,,,,,,,,,,,,,,,,,,,,,,,,,,,,,,,,,,,,,,,,,,,,,,,,,,,,,,,,,,,,,,,,,,,,,,,,,,,,,,,,,,,,,,,,,,,,,,,,,,,,,,,,,,,,,,,,,,,,,,,,,,,,,,,,,,,,,,,,,,,,,,,,,,,,,,,,,,,,,,,,,,,,,,,,,,,,,,,,,,,,,,,,,,,,,,,,,,,,,,,,,,,,,,,,,,,,,,,,,,,,,,,,,,,,,,,,,,,,,,,,,,,,,,,,,,,,,,,,,,,,,,,,,,,,,,,,,,,,,,,,,,,,,,,,,,,,,,,,,,,,,,,,,,,,,,,,,,,,,,,,,,,,,,,,,,,,,,,,,,,,,,,,,,,,,,,,,,,,,,,,,,,,,,,,,,,,,,,,,,,,,,,,,,,,,,,,,,,,,,,,,,,,,,,,,,,,,,,,,,,, ,Updated
ELIOLIVE,Elizia,Oliveira,Elizia.Oliveira@CHCHeli.com,,Active,,6d02b777-ccca-4941-a5a6-e838e34c94ba,Elizia.Oliveira@CHCHeli.com,2026-04-20T07:15:39-07:00,,Elizia.Oliveira@CHCHeli.com,ELIOLIVE,,,,,,,,MingleEnterprise,Infor-SuiteUser,MingleIONEnabled,HOMEPAGES-User,IDM-User,IDM-RelatedInformationUser,M3UI-USER,MASHUP-User,FGR191_RW,FGR190_RW,FGR150_RO,FGR152_RO,FGR159_RO,FGR151_RO,FGR199_RW,FGR195_RW,FGR155_RO,,,,,,,,,,,,,,,,,,,,,,,,,,,,,,,,,,,,,,,,,,,,,,,,,,,,,,,,,,,,,,,,,,,,,,,,,,,,,,,,,,,,,,,,,,,,,,,,,,,,,,,,,,,,,,,,,,,,,,,,,,,,,,,,,,,,,,,,,,,,,,,,,,,,,,,,,,,,,,,,,,,,,,,,,,,,,,,,,,,,,,,,,,,,,,,,,,,,,,,,,,,,,,,,,,,,,,,,,,,,,,,,,,,,,,,,,,,,,,,,,,,,,,,,,,,,,,,,,,,,,,,,,,,,,,,,,,,,,,,,,,,,,,,,,,,,,,,,,,,,,,,,,,,,,,,,,,,,,,,,,,,,,,,,,,,,,,,,,,,,,,,,,,,,,,,,,,,,,,,,,,,,,,,,,,,,,,,,,,,,,,,,,,,,,,,,,,,,,,,,,,,,,,,,,,,,,,,,,,,,,,,,,,,,,,,,,,,,,,,,,,,,,,,,,,,,,,,,,,,,,,,,,,,,,,,,,,,,,,,,,,,,,,,,,,,,,,,,,,,,,,,,,,,,,,,,,,,,,,,,,,,,,,,,,,,,,,,,,,,,,,,,,,,,,,,,,,,,,,,,,,,,,,,,,,,,,,,,,,,,,,,,,,,,,,,,,,,,,,,,,,,,,,,,,,,,,,,,,,,,,,,,,,,,,,,,,,,,,,,,,,,,,,,,,,,,,,,,,,,,,,,, ,Updated
ENORDBY,Erik,Nordby,Erik.Nordby@CHCHeli.com,,Active,,a3e4db0f-8843-4f5b-9bca-23f9ae78d9bf,Erik.Nordby@CHCHeli.com,2026-04-20T07:15:39-07:00,,Erik.Nordby@CHCHeli.com,ENORDBY,,,,,,,,MingleEnterprise,Infor-SuiteUser,MingleIONEnabled,HOMEPAGES-User,IDM-User,IDM-RelatedInformationUser,M3UI-USER,MASHUP-User,,,,,,,,,,,,,,,,,,,,,,,,,,,,,,,,,,,,,,,,,,,,,,,,,,,,,,,,,,,,,,,,,,,,,,,,,,,,,,,,,,,,,,,,,,,,,,,,,,,,,,,,,,,,,,,,,,,,,,,,,,,,,,,,,,,,,,,,,,,,,,,,,,,,,,,,,,,,,,,,,,,,,,,,,,,,,,,,,,,,,,,,,,,,,,,,,,,,,,,,,,,,,,,,,,,,,,,,,,,,,,,,,,,,,,,,,,,,,,,,,,,,,,,,,,,,,,,,,,,,,,,,,,,,,,,,,,,,,,,,,,,,,,,,,,,,,,,,,,,,,,,,,,,,,,,,,,,,,,,,,,,,,,,,,,,,,,,,,,,,,,,,,,,,,,,,,,,,,,,,,,,,,,,,,,,,,,,,,,,,,,,,,,,,,,,,,,,,,,,,,,,,,,,,,,,,,,,,,,,,,,,,,,,,,,,,,,,,,,,,,,,,,,,,,,,,,,,,,,,,,,,,,,,,,,,,,,,,,,,,,,,,,,,,,,,,,,,,,,,,,,,,,,,,,,,,,,,,,,,,,,,,,,,,,,,,,,,,,,,,,,,,,,,,,,,,,,,,,,,,,,,,,,,,,,,,,,,,,,,,,,,,,,,,,,,,,,,,,,,,,,,,,,,,,,,,,,,,,,,,,,,,,,,,,,,,,,,,,,,,,,,,,,,,,,,,,,,,,,,,,,,,,,,,,,,,, ,Updated
FDATHEST,Faith,DaThesta,Faith.DaThesta@CHCHeli.com,,Active,,87475dd0-10f2-4ba8-9295-f80e328051d0,Faith.DaThesta@CHCHeli.com,2026-04-20T07:15:39-07:00,,Faith.DaThesta@CHCHeli.com,FDATHEST,,,,,,,,MingleEnterprise,Infor-SuiteUser,MingleIONEnabled,HOMEPAGES-User,IDM-User,IDM-RelatedInformationUser,M3UI-USER,MASHUP-User,,,,,,,,,,,,,,,,,,,,,,,,,,,,,,,,,,,,,,,,,,,,,,,,,,,,,,,,,,,,,,,,,,,,,,,,,,,,,,,,,,,,,,,,,,,,,,,,,,,,,,,,,,,,,,,,,,,,,,,,,,,,,,,,,,,,,,,,,,,,,,,,,,,,,,,,,,,,,,,,,,,,,,,,,,,,,,,,,,,,,,,,,,,,,,,,,,,,,,,,,,,,,,,,,,,,,,,,,,,,,,,,,,,,,,,,,,,,,,,,,,,,,,,,,,,,,,,,,,,,,,,,,,,,,,,,,,,,,,,,,,,,,,,,,,,,,,,,,,,,,,,,,,,,,,,,,,,,,,,,,,,,,,,,,,,,,,,,,,,,,,,,,,,,,,,,,,,,,,,,,,,,,,,,,,,,,,,,,,,,,,,,,,,,,,,,,,,,,,,,,,,,,,,,,,,,,,,,,,,,,,,,,,,,,,,,,,,,,,,,,,,,,,,,,,,,,,,,,,,,,,,,,,,,,,,,,,,,,,,,,,,,,,,,,,,,,,,,,,,,,,,,,,,,,,,,,,,,,,,,,,,,,,,,,,,,,,,,,,,,,,,,,,,,,,,,,,,,,,,,,,,,,,,,,,,,,,,,,,,,,,,,,,,,,,,,,,,,,,,,,,,,,,,,,,,,,,,,,,,,,,,,,,,,,,,,,,,,,,,,,,,,,,,,,,,,,,,,,,,,,,,,,,,,,,,,, ,Updated
FEDASILV,Fernando,VieiraMoraesdaSilva,Fernando.VieiraMoraesdaSilva@chcheli.com,,Active,,46bdcb7a-5099-4e68-9f78-e9aa0cffa82b,Fernando.VieiraMoraesdaSilva@chcheli.com,2026-04-20T07:15:40-07:00,,Fernando.VieiraMoraesdaSilva@chcheli.com,FEDASILV,,,,,,,,MingleEnterprise,Infor-SuiteUser,MingleIONEnabled,HOMEPAGES-User,IDM-User,IDM-RelatedInformationUser,M3UI-USER,MASHUP-User,FGR191_RW,FGR190_RW,FGR150_RO,FGR152_RO,FGR159_RO,FGR151_RO,FGR199_RW,FGR195_RW,FGR155_RO,,,,,,,,,,,,,,,,,,,,,,,,,,,,,,,,,,,,,,,,,,,,,,,,,,,,,,,,,,,,,,,,,,,,,,,,,,,,,,,,,,,,,,,,,,,,,,,,,,,,,,,,,,,,,,,,,,,,,,,,,,,,,,,,,,,,,,,,,,,,,,,,,,,,,,,,,,,,,,,,,,,,,,,,,,,,,,,,,,,,,,,,,,,,,,,,,,,,,,,,,,,,,,,,,,,,,,,,,,,,,,,,,,,,,,,,,,,,,,,,,,,,,,,,,,,,,,,,,,,,,,,,,,,,,,,,,,,,,,,,,,,,,,,,,,,,,,,,,,,,,,,,,,,,,,,,,,,,,,,,,,,,,,,,,,,,,,,,,,,,,,,,,,,,,,,,,,,,,,,,,,,,,,,,,,,,,,,,,,,,,,,,,,,,,,,,,,,,,,,,,,,,,,,,,,,,,,,,,,,,,,,,,,,,,,,,,,,,,,,,,,,,,,,,,,,,,,,,,,,,,,,,,,,,,,,,,,,,,,,,,,,,,,,,,,,,,,,,,,,,,,,,,,,,,,,,,,,,,,,,,,,,,,,,,,,,,,,,,,,,,,,,,,,,,,,,,,,,,,,,,,,,,,,,,,,,,,,,,,,,,,,,,,,,,,,,,,,,,,,,,,,,,,,,,,,,,,,,,,,,,,,,,,,,,,,,,,,,,,,,,,,,,,,,,,,,,,,,,,,,,,,, ,Updated
FNGAN,Frances,Ngan,Frances.Ngan@chcheli.com,,Active,,19718b90-0eab-4089-89c0-3226363f794e,Frances.Ngan@chcheli.com,2026-04-20T07:15:40-07:00,2026-05-29T07:41:54-07:00,Frances.Ngan@chcheli.com,FNGAN,en-US,setting,en-US,setting,America/Los_Angeles,Pacific Standard Time,setting,MingleEnterprise,Infor-SuiteUser,MingleIONEnabled,HOMEPAGES-User,IDM-User,IDM-RelatedInformationUser,M3UI-USER,MASHUP-User,FGR003_RW,FGR001_RW,FGR005_RW,FGR004_RW,FGR002_RW,FGR351_RW,FGR355_RW,FGR352_RW,FGR350_RW,FGR359_RW,FGR014_RO,FGR021_RO,FGR300_RO,FGR301_RO,FGR302_RO,FGR311_RO,FGR312_RO,FGR352_RO,FGR350_RO,FGR302_RW,FGR359_RO,FGR305_RW,FGR310_RW,FGR312_RW,FGR315_RW,FGR300_RW,FGR301_RW,FGR309_RW,FGR311_RW,FGR319_RW,FGR006_RO,FGR012_RO,FGR013_RO,FGR309_RO,FGR305_RO,FGR315_RO,FGR310_RO,FGR319_RO,FGR351_RO,FGR355_RO,SRAPS111CLRW,,,,,,,,,,,,,,,,,,,,,,,,,,,,,,,,,,,,,,,,,,,,,,,,,,,,,,,,,,,,,,,,,,,,,,,,,,,,,,,,,,,,,,,,,,,,,,,,,,,,,,,,,,,,,,,,,,,,,,,,,,,,,,,,,,,,,,,,,,,,,,,,,,,,,,,,,,,,,,,,,,,,,,,,,,,,,,,,,,,,,,,,,,,,,,,,,,,,,,,,,,,,,,,,,,,,,,,,,,,,,,,,,,,,,,,,,,,,,,,,,,,,,,,,,,,,,,,,,,,,,,,,,,,,,,,,,,,,,,,,,,,,,,,,,,,,,,,,,,,,,,,,,,,,,,,,,,,,,,,,,,,,,,,,,,,,,,,,,,,,,,,,,,,,,,,,,,,,,,,,,,,,,,,,,,,,,,,,,,,,,,,,,,,,,,,,,,,,,,,,,,,,,,,,,,,,,,,,,,,,,,,,,,,,,,,,,,,,,,,,,,,,,,,,,,,,,,,,,,,,,,,,,,,,,,,,,,,,,,,,,,,,,,,,,,,,,,,,,,,,,,,,,,,,,,,,,,,,,,,,,,,,,,,,,,,,,,,,,,,,,,,,,,,,,,,,,,,,,,,,,,,,,,,,,,,,,,,,,,,,,,,,,,,,,,,,,,,,,,,,,,,,,,,,,,,,,,,,,,,,,,,,,,,,,,,, ,Updated
FOTAVIANO,Francisco,Otaviano,Francisco.Otaviano@chcheli.com,,Active,,9be7a069-d0ee-40c2-8871-28b34e0ee83a,Francisco.Otaviano@chcheli.com,2026-04-20T07:15:40-07:00,,Francisco.Otaviano@chcheli.com,FOTAVIANO,,,,,,,,MingleEnterprise,Infor-SuiteUser,MingleIONEnabled,HOMEPAGES-User,IDM-User,IDM-RelatedInformationUser,M3UI-USER,MASHUP-User,FGR191_RW,FGR190_RW,FGR150_RO,FGR152_RO,FGR159_RO,FGR151_RO,FGR199_RW,FGR195_RW,FGR155_RO,,,,,,,,,,,,,,,,,,,,,,,,,,,,,,,,,,,,,,,,,,,,,,,,,,,,,,,,,,,,,,,,,,,,,,,,,,,,,,,,,,,,,,,,,,,,,,,,,,,,,,,,,,,,,,,,,,,,,,,,,,,,,,,,,,,,,,,,,,,,,,,,,,,,,,,,,,,,,,,,,,,,,,,,,,,,,,,,,,,,,,,,,,,,,,,,,,,,,,,,,,,,,,,,,,,,,,,,,,,,,,,,,,,,,,,,,,,,,,,,,,,,,,,,,,,,,,,,,,,,,,,,,,,,,,,,,,,,,,,,,,,,,,,,,,,,,,,,,,,,,,,,,,,,,,,,,,,,,,,,,,,,,,,,,,,,,,,,,,,,,,,,,,,,,,,,,,,,,,,,,,,,,,,,,,,,,,,,,,,,,,,,,,,,,,,,,,,,,,,,,,,,,,,,,,,,,,,,,,,,,,,,,,,,,,,,,,,,,,,,,,,,,,,,,,,,,,,,,,,,,,,,,,,,,,,,,,,,,,,,,,,,,,,,,,,,,,,,,,,,,,,,,,,,,,,,,,,,,,,,,,,,,,,,,,,,,,,,,,,,,,,,,,,,,,,,,,,,,,,,,,,,,,,,,,,,,,,,,,,,,,,,,,,,,,,,,,,,,,,,,,,,,,,,,,,,,,,,,,,,,,,,,,,,,,,,,,,,,,,,,,,,,,,,,,,,,,,,,,,,,,,, ,Updated
FRESILVA,Frederick,Silva,Frederick.Silva@chcheli.com,,Active,,117c1d13-0dc3-40a0-ace3-55fd62a0f2a7,Frederick.Silva@chcheli.com,2026-04-20T07:15:40-07:00,,Frederick.Silva@chcheli.com,FRESILVA,,,,,,,,MingleEnterprise,Infor-SuiteUser,MingleIONEnabled,HOMEPAGES-User,IDM-User,IDM-RelatedInformationUser,M3UI-USER,MASHUP-User,,,,,,,,,,,,,,,,,,,,,,,,,,,,,,,,,,,,,,,,,,,,,,,,,,,,,,,,,,,,,,,,,,,,,,,,,,,,,,,,,,,,,,,,,,,,,,,,,,,,,,,,,,,,,,,,,,,,,,,,,,,,,,,,,,,,,,,,,,,,,,,,,,,,,,,,,,,,,,,,,,,,,,,,,,,,,,,,,,,,,,,,,,,,,,,,,,,,,,,,,,,,,,,,,,,,,,,,,,,,,,,,,,,,,,,,,,,,,,,,,,,,,,,,,,,,,,,,,,,,,,,,,,,,,,,,,,,,,,,,,,,,,,,,,,,,,,,,,,,,,,,,,,,,,,,,,,,,,,,,,,,,,,,,,,,,,,,,,,,,,,,,,,,,,,,,,,,,,,,,,,,,,,,,,,,,,,,,,,,,,,,,,,,,,,,,,,,,,,,,,,,,,,,,,,,,,,,,,,,,,,,,,,,,,,,,,,,,,,,,,,,,,,,,,,,,,,,,,,,,,,,,,,,,,,,,,,,,,,,,,,,,,,,,,,,,,,,,,,,,,,,,,,,,,,,,,,,,,,,,,,,,,,,,,,,,,,,,,,,,,,,,,,,,,,,,,,,,,,,,,,,,,,,,,,,,,,,,,,,,,,,,,,,,,,,,,,,,,,,,,,,,,,,,,,,,,,,,,,,,,,,,,,,,,,,,,,,,,,,,,,,,,,,,,,,,,,,,,,,,,,,,,,,,,,,,, ,Updated
GAMONTEI,Gabriel,Monteiro,Gabriel.Monteiro@CHCHeli.com,,Active,,90d3db5d-da50-460a-be85-4e72078f1806,Gabriel.Monteiro@CHCHeli.com,2026-04-20T07:15:40-07:00,,Gabriel.Monteiro@CHCHeli.com,GAMONTEI,,,,,,,,MingleEnterprise,Infor-SuiteUser,MingleIONEnabled,HOMEPAGES-User,IDM-User,IDM-RelatedInformationUser,M3UI-USER,MASHUP-User,FGR191_RW,FGR190_RW,FGR150_RO,FGR152_RO,FGR159_RO,FGR151_RO,FGR199_RW,FGR195_RW,FGR155_RO,,,,,,,,,,,,,,,,,,,,,,,,,,,,,,,,,,,,,,,,,,,,,,,,,,,,,,,,,,,,,,,,,,,,,,,,,,,,,,,,,,,,,,,,,,,,,,,,,,,,,,,,,,,,,,,,,,,,,,,,,,,,,,,,,,,,,,,,,,,,,,,,,,,,,,,,,,,,,,,,,,,,,,,,,,,,,,,,,,,,,,,,,,,,,,,,,,,,,,,,,,,,,,,,,,,,,,,,,,,,,,,,,,,,,,,,,,,,,,,,,,,,,,,,,,,,,,,,,,,,,,,,,,,,,,,,,,,,,,,,,,,,,,,,,,,,,,,,,,,,,,,,,,,,,,,,,,,,,,,,,,,,,,,,,,,,,,,,,,,,,,,,,,,,,,,,,,,,,,,,,,,,,,,,,,,,,,,,,,,,,,,,,,,,,,,,,,,,,,,,,,,,,,,,,,,,,,,,,,,,,,,,,,,,,,,,,,,,,,,,,,,,,,,,,,,,,,,,,,,,,,,,,,,,,,,,,,,,,,,,,,,,,,,,,,,,,,,,,,,,,,,,,,,,,,,,,,,,,,,,,,,,,,,,,,,,,,,,,,,,,,,,,,,,,,,,,,,,,,,,,,,,,,,,,,,,,,,,,,,,,,,,,,,,,,,,,,,,,,,,,,,,,,,,,,,,,,,,,,,,,,,,,,,,,,,,,,,,,,,,,,,,,,,,,,,,,,,,,,,,,,,, ,Updated
GIJUNIOR,Gilson,Junior,Gilson.Junior@chcheli.com,,Active,,2021927f-4368-43e8-92dc-63d1bea8fa15,Gilson.Junior@chcheli.com,2026-04-20T07:15:41-07:00,,Gilson.Junior@chcheli.com,GIJUNIOR,,,,,,,,MingleEnterprise,Infor-SuiteUser,MingleIONEnabled,HOMEPAGES-User,IDM-User,IDM-RelatedInformationUser,M3UI-USER,MASHUP-User,FGR001_RW,FGR014_RO,FGR030_RO,FGR039_RO,FGR065_RO,FGR061_RO,FGR062_RO,FGR080_RO,FGR082_RO,FGR110_RO,FGR111_RO,FGR089_RO,FGR112_RO,FGR300_RO,FGR301_RO,FGR311_RO,FGR321_RO,FGR329_RO,FGR331_RO,FGR340_RO,FGR339_RO,FGR341_RO,FGR349_RO,FGR350_RO,FGR359_RO,FGR369_RO,FGR361_RO,FGR004_RO,FGR006_RO,FGR005_RO,FGR012_RO,FGR031_RO,FGR035_RO,FGR032_RO,FGR060_RO,FGR069_RO,FGR085_RO,FGR081_RO,FGR115_RO,FGR119_RO,FGR309_RO,FGR310_RO,FGR319_RO,FGR320_RO,FGR330_RO,FGR351_RO,FGR360_RO,FGR999_RO,,,,,,,,,,,,,,,,,,,,,,,,,,,,,,,,,,,,,,,,,,,,,,,,,,,,,,,,,,,,,,,,,,,,,,,,,,,,,,,,,,,,,,,,,,,,,,,,,,,,,,,,,,,,,,,,,,,,,,,,,,,,,,,,,,,,,,,,,,,,,,,,,,,,,,,,,,,,,,,,,,,,,,,,,,,,,,,,,,,,,,,,,,,,,,,,,,,,,,,,,,,,,,,,,,,,,,,,,,,,,,,,,,,,,,,,,,,,,,,,,,,,,,,,,,,,,,,,,,,,,,,,,,,,,,,,,,,,,,,,,,,,,,,,,,,,,,,,,,,,,,,,,,,,,,,,,,,,,,,,,,,,,,,,,,,,,,,,,,,,,,,,,,,,,,,,,,,,,,,,,,,,,,,,,,,,,,,,,,,,,,,,,,,,,,,,,,,,,,,,,,,,,,,,,,,,,,,,,,,,,,,,,,,,,,,,,,,,,,,,,,,,,,,,,,,,,,,,,,,,,,,,,,,,,,,,,,,,,,,,,,,,,,,,,,,,,,,,,,,,,,,,,,,,,,,,,,,,,,,,,,,,,,,,,,,,,,,,,,,,,,,,,,,,,,,,,,,,,,,,,,,,,,,,,,,,,,,,,,,,,,,,,,,,,,,,,,,,,,,,,,,,,,,,,,,,,,,,,,,,,,,,, ,Updated
GJACKSON,Guy,Jackson,Guy.Jackson@chcheli.com,,Active,,4012060f-23d6-4687-ac11-b4fb08192fe7,Guy.Jackson@chcheli.com,2026-04-20T07:15:41-07:00,,Guy.Jackson@chcheli.com,GJACKSON,,,,,,,,MingleEnterprise,Infor-SuiteUser,MingleIONEnabled,HOMEPAGES-User,IDM-User,IDM-RelatedInformationUser,M3UI-USER,MASHUP-User,,,,,,,,,,,,,,,,,,,,,,,,,,,,,,,,,,,,,,,,,,,,,,,,,,,,,,,,,,,,,,,,,,,,,,,,,,,,,,,,,,,,,,,,,,,,,,,,,,,,,,,,,,,,,,,,,,,,,,,,,,,,,,,,,,,,,,,,,,,,,,,,,,,,,,,,,,,,,,,,,,,,,,,,,,,,,,,,,,,,,,,,,,,,,,,,,,,,,,,,,,,,,,,,,,,,,,,,,,,,,,,,,,,,,,,,,,,,,,,,,,,,,,,,,,,,,,,,,,,,,,,,,,,,,,,,,,,,,,,,,,,,,,,,,,,,,,,,,,,,,,,,,,,,,,,,,,,,,,,,,,,,,,,,,,,,,,,,,,,,,,,,,,,,,,,,,,,,,,,,,,,,,,,,,,,,,,,,,,,,,,,,,,,,,,,,,,,,,,,,,,,,,,,,,,,,,,,,,,,,,,,,,,,,,,,,,,,,,,,,,,,,,,,,,,,,,,,,,,,,,,,,,,,,,,,,,,,,,,,,,,,,,,,,,,,,,,,,,,,,,,,,,,,,,,,,,,,,,,,,,,,,,,,,,,,,,,,,,,,,,,,,,,,,,,,,,,,,,,,,,,,,,,,,,,,,,,,,,,,,,,,,,,,,,,,,,,,,,,,,,,,,,,,,,,,,,,,,,,,,,,,,,,,,,,,,,,,,,,,,,,,,,,,,,,,,,,,,,,,,,,,,,,,,,,,,, ,Updated
GJOHNSEN,Grete,Johnsen,Grete.Johnsen@chcheli.com,,Active,,36ec3512-0af9-4a16-9fe5-ac71dcbcc019,Grete.Johnsen@chcheli.com,2026-04-20T07:15:41-07:00,,Grete.Johnsen@chcheli.com,GJOHNSEN,,,,,,,,MingleEnterprise,Infor-SuiteUser,MingleIONEnabled,HOMEPAGES-User,IDM-User,IDM-RelatedInformationUser,M3UI-USER,MASHUP-User,,,,,,,,,,,,,,,,,,,,,,,,,,,,,,,,,,,,,,,,,,,,,,,,,,,,,,,,,,,,,,,,,,,,,,,,,,,,,,,,,,,,,,,,,,,,,,,,,,,,,,,,,,,,,,,,,,,,,,,,,,,,,,,,,,,,,,,,,,,,,,,,,,,,,,,,,,,,,,,,,,,,,,,,,,,,,,,,,,,,,,,,,,,,,,,,,,,,,,,,,,,,,,,,,,,,,,,,,,,,,,,,,,,,,,,,,,,,,,,,,,,,,,,,,,,,,,,,,,,,,,,,,,,,,,,,,,,,,,,,,,,,,,,,,,,,,,,,,,,,,,,,,,,,,,,,,,,,,,,,,,,,,,,,,,,,,,,,,,,,,,,,,,,,,,,,,,,,,,,,,,,,,,,,,,,,,,,,,,,,,,,,,,,,,,,,,,,,,,,,,,,,,,,,,,,,,,,,,,,,,,,,,,,,,,,,,,,,,,,,,,,,,,,,,,,,,,,,,,,,,,,,,,,,,,,,,,,,,,,,,,,,,,,,,,,,,,,,,,,,,,,,,,,,,,,,,,,,,,,,,,,,,,,,,,,,,,,,,,,,,,,,,,,,,,,,,,,,,,,,,,,,,,,,,,,,,,,,,,,,,,,,,,,,,,,,,,,,,,,,,,,,,,,,,,,,,,,,,,,,,,,,,,,,,,,,,,,,,,,,,,,,,,,,,,,,,,,,,,,,,,,,,,,,,,,,, ,Updated
GSKJERSE,Greta,Skjerseth,Greta.Skjerseth@chcheli.com,,Active,,6620f095-2fa2-4460-b42b-c8469acc6786,Greta.Skjerseth@chcheli.com,2026-04-20T07:15:42-07:00,,Greta.Skjerseth@chcheli.com,GSKJERSE,,,,,,,,MingleEnterprise,Infor-SuiteUser,MingleIONEnabled,HOMEPAGES-User,IDM-User,IDM-RelatedInformationUser,M3UI-USER,MASHUP-User,,,,,,,,,,,,,,,,,,,,,,,,,,,,,,,,,,,,,,,,,,,,,,,,,,,,,,,,,,,,,,,,,,,,,,,,,,,,,,,,,,,,,,,,,,,,,,,,,,,,,,,,,,,,,,,,,,,,,,,,,,,,,,,,,,,,,,,,,,,,,,,,,,,,,,,,,,,,,,,,,,,,,,,,,,,,,,,,,,,,,,,,,,,,,,,,,,,,,,,,,,,,,,,,,,,,,,,,,,,,,,,,,,,,,,,,,,,,,,,,,,,,,,,,,,,,,,,,,,,,,,,,,,,,,,,,,,,,,,,,,,,,,,,,,,,,,,,,,,,,,,,,,,,,,,,,,,,,,,,,,,,,,,,,,,,,,,,,,,,,,,,,,,,,,,,,,,,,,,,,,,,,,,,,,,,,,,,,,,,,,,,,,,,,,,,,,,,,,,,,,,,,,,,,,,,,,,,,,,,,,,,,,,,,,,,,,,,,,,,,,,,,,,,,,,,,,,,,,,,,,,,,,,,,,,,,,,,,,,,,,,,,,,,,,,,,,,,,,,,,,,,,,,,,,,,,,,,,,,,,,,,,,,,,,,,,,,,,,,,,,,,,,,,,,,,,,,,,,,,,,,,,,,,,,,,,,,,,,,,,,,,,,,,,,,,,,,,,,,,,,,,,,,,,,,,,,,,,,,,,,,,,,,,,,,,,,,,,,,,,,,,,,,,,,,,,,,,,,,,,,,,,,,,,,,,,, ,Updated
GTORGERS,GroMette,Torgersen,GroMette.Torgersen@heli-one.com,,Active,,1991eadb-e117-4d3a-bbbe-bbb6aa58968f,GroMette.Torgersen@heli-one.com,2026-04-20T07:15:42-07:00,,GroMette.Torgersen@heli-one.com,GTORGERS,,,,,,,,MingleEnterprise,Infor-SuiteUser,MingleIONEnabled,HOMEPAGES-User,IDM-User,IDM-RelatedInformationUser,M3UI-USER,MASHUP-User,,,,,,,,,,,,,,,,,,,,,,,,,,,,,,,,,,,,,,,,,,,,,,,,,,,,,,,,,,,,,,,,,,,,,,,,,,,,,,,,,,,,,,,,,,,,,,,,,,,,,,,,,,,,,,,,,,,,,,,,,,,,,,,,,,,,,,,,,,,,,,,,,,,,,,,,,,,,,,,,,,,,,,,,,,,,,,,,,,,,,,,,,,,,,,,,,,,,,,,,,,,,,,,,,,,,,,,,,,,,,,,,,,,,,,,,,,,,,,,,,,,,,,,,,,,,,,,,,,,,,,,,,,,,,,,,,,,,,,,,,,,,,,,,,,,,,,,,,,,,,,,,,,,,,,,,,,,,,,,,,,,,,,,,,,,,,,,,,,,,,,,,,,,,,,,,,,,,,,,,,,,,,,,,,,,,,,,,,,,,,,,,,,,,,,,,,,,,,,,,,,,,,,,,,,,,,,,,,,,,,,,,,,,,,,,,,,,,,,,,,,,,,,,,,,,,,,,,,,,,,,,,,,,,,,,,,,,,,,,,,,,,,,,,,,,,,,,,,,,,,,,,,,,,,,,,,,,,,,,,,,,,,,,,,,,,,,,,,,,,,,,,,,,,,,,,,,,,,,,,,,,,,,,,,,,,,,,,,,,,,,,,,,,,,,,,,,,,,,,,,,,,,,,,,,,,,,,,,,,,,,,,,,,,,,,,,,,,,,,,,,,,,,,,,,,,,,,,,,,,,,,,,,,,,,,,, ,Updated
GTURNER,Graham,Turner,Graham.Turner@chcheli.com,,Active,,056c8126-d822-4b49-aa28-48055864c08c,Graham.Turner@chcheli.com,2026-04-20T07:15:42-07:00,,Graham.Turner@chcheli.com,GTURNER,,,,,,,,MingleEnterprise,Infor-SuiteUser,MingleIONEnabled,HOMEPAGES-User,IDM-User,IDM-RelatedInformationUser,M3UI-USER,MASHUP-User,,,,,,,,,,,,,,,,,,,,,,,,,,,,,,,,,,,,,,,,,,,,,,,,,,,,,,,,,,,,,,,,,,,,,,,,,,,,,,,,,,,,,,,,,,,,,,,,,,,,,,,,,,,,,,,,,,,,,,,,,,,,,,,,,,,,,,,,,,,,,,,,,,,,,,,,,,,,,,,,,,,,,,,,,,,,,,,,,,,,,,,,,,,,,,,,,,,,,,,,,,,,,,,,,,,,,,,,,,,,,,,,,,,,,,,,,,,,,,,,,,,,,,,,,,,,,,,,,,,,,,,,,,,,,,,,,,,,,,,,,,,,,,,,,,,,,,,,,,,,,,,,,,,,,,,,,,,,,,,,,,,,,,,,,,,,,,,,,,,,,,,,,,,,,,,,,,,,,,,,,,,,,,,,,,,,,,,,,,,,,,,,,,,,,,,,,,,,,,,,,,,,,,,,,,,,,,,,,,,,,,,,,,,,,,,,,,,,,,,,,,,,,,,,,,,,,,,,,,,,,,,,,,,,,,,,,,,,,,,,,,,,,,,,,,,,,,,,,,,,,,,,,,,,,,,,,,,,,,,,,,,,,,,,,,,,,,,,,,,,,,,,,,,,,,,,,,,,,,,,,,,,,,,,,,,,,,,,,,,,,,,,,,,,,,,,,,,,,,,,,,,,,,,,,,,,,,,,,,,,,,,,,,,,,,,,,,,,,,,,,,,,,,,,,,,,,,,,,,,,,,,,,,,,,,,,, ,Updated
HFJELD,hilde,fjeld,hilde.fjeld@chcheli.com,,Active,,60e7366b-b41e-4508-b7ef-b8c7ad0ac291,hilde.fjeld@chcheli.com,2026-04-20T07:15:43-07:00,,hilde.fjeld@chcheli.com,HFJELD,,,,,,,,MingleEnterprise,Infor-SuiteUser,MingleIONEnabled,HOMEPAGES-User,IDM-User,IDM-RelatedInformationUser,M3UI-USER,MASHUP-User,,,,,,,,,,,,,,,,,,,,,,,,,,,,,,,,,,,,,,,,,,,,,,,,,,,,,,,,,,,,,,,,,,,,,,,,,,,,,,,,,,,,,,,,,,,,,,,,,,,,,,,,,,,,,,,,,,,,,,,,,,,,,,,,,,,,,,,,,,,,,,,,,,,,,,,,,,,,,,,,,,,,,,,,,,,,,,,,,,,,,,,,,,,,,,,,,,,,,,,,,,,,,,,,,,,,,,,,,,,,,,,,,,,,,,,,,,,,,,,,,,,,,,,,,,,,,,,,,,,,,,,,,,,,,,,,,,,,,,,,,,,,,,,,,,,,,,,,,,,,,,,,,,,,,,,,,,,,,,,,,,,,,,,,,,,,,,,,,,,,,,,,,,,,,,,,,,,,,,,,,,,,,,,,,,,,,,,,,,,,,,,,,,,,,,,,,,,,,,,,,,,,,,,,,,,,,,,,,,,,,,,,,,,,,,,,,,,,,,,,,,,,,,,,,,,,,,,,,,,,,,,,,,,,,,,,,,,,,,,,,,,,,,,,,,,,,,,,,,,,,,,,,,,,,,,,,,,,,,,,,,,,,,,,,,,,,,,,,,,,,,,,,,,,,,,,,,,,,,,,,,,,,,,,,,,,,,,,,,,,,,,,,,,,,,,,,,,,,,,,,,,,,,,,,,,,,,,,,,,,,,,,,,,,,,,,,,,,,,,,,,,,,,,,,,,,,,,,,,,,,,,,,,,,,,,,, ,Updated
HKRANENB,Herman,van.Kranenburg,Herman.van.Kranenburg@chcheli.com,,Active,,01f96354-d61c-4f3b-8401-9fd8bb30f475,Herman.van.Kranenburg@chcheli.com,2026-04-20T07:15:43-07:00,,Herman.van.Kranenburg@chcheli.com,HKRANENB,,,,,,,,MingleEnterprise,Infor-SuiteUser,MingleIONEnabled,HOMEPAGES-User,IDM-User,IDM-RelatedInformationUser,M3UI-USER,MASHUP-User,,,,,,,,,,,,,,,,,,,,,,,,,,,,,,,,,,,,,,,,,,,,,,,,,,,,,,,,,,,,,,,,,,,,,,,,,,,,,,,,,,,,,,,,,,,,,,,,,,,,,,,,,,,,,,,,,,,,,,,,,,,,,,,,,,,,,,,,,,,,,,,,,,,,,,,,,,,,,,,,,,,,,,,,,,,,,,,,,,,,,,,,,,,,,,,,,,,,,,,,,,,,,,,,,,,,,,,,,,,,,,,,,,,,,,,,,,,,,,,,,,,,,,,,,,,,,,,,,,,,,,,,,,,,,,,,,,,,,,,,,,,,,,,,,,,,,,,,,,,,,,,,,,,,,,,,,,,,,,,,,,,,,,,,,,,,,,,,,,,,,,,,,,,,,,,,,,,,,,,,,,,,,,,,,,,,,,,,,,,,,,,,,,,,,,,,,,,,,,,,,,,,,,,,,,,,,,,,,,,,,,,,,,,,,,,,,,,,,,,,,,,,,,,,,,,,,,,,,,,,,,,,,,,,,,,,,,,,,,,,,,,,,,,,,,,,,,,,,,,,,,,,,,,,,,,,,,,,,,,,,,,,,,,,,,,,,,,,,,,,,,,,,,,,,,,,,,,,,,,,,,,,,,,,,,,,,,,,,,,,,,,,,,,,,,,,,,,,,,,,,,,,,,,,,,,,,,,,,,,,,,,,,,,,,,,,,,,,,,,,,,,,,,,,,,,,,,,,,,,,,,,,,,,,,,,,, ,Updated
INLOLAND,Inge,Loland,Inge.Loland@chcheli.com,,Active,,85e522b1-19ee-4fba-aab4-94353195bc2f,Inge.Loland@chcheli.com,2026-04-20T07:15:43-07:00,,Inge.Loland@chcheli.com,INLOLAND,,,,,,,,MingleEnterprise,Infor-SuiteUser,MingleIONEnabled,HOMEPAGES-User,IDM-User,IDM-RelatedInformationUser,M3UI-USER,MASHUP-User,,,,,,,,,,,,,,,,,,,,,,,,,,,,,,,,,,,,,,,,,,,,,,,,,,,,,,,,,,,,,,,,,,,,,,,,,,,,,,,,,,,,,,,,,,,,,,,,,,,,,,,,,,,,,,,,,,,,,,,,,,,,,,,,,,,,,,,,,,,,,,,,,,,,,,,,,,,,,,,,,,,,,,,,,,,,,,,,,,,,,,,,,,,,,,,,,,,,,,,,,,,,,,,,,,,,,,,,,,,,,,,,,,,,,,,,,,,,,,,,,,,,,,,,,,,,,,,,,,,,,,,,,,,,,,,,,,,,,,,,,,,,,,,,,,,,,,,,,,,,,,,,,,,,,,,,,,,,,,,,,,,,,,,,,,,,,,,,,,,,,,,,,,,,,,,,,,,,,,,,,,,,,,,,,,,,,,,,,,,,,,,,,,,,,,,,,,,,,,,,,,,,,,,,,,,,,,,,,,,,,,,,,,,,,,,,,,,,,,,,,,,,,,,,,,,,,,,,,,,,,,,,,,,,,,,,,,,,,,,,,,,,,,,,,,,,,,,,,,,,,,,,,,,,,,,,,,,,,,,,,,,,,,,,,,,,,,,,,,,,,,,,,,,,,,,,,,,,,,,,,,,,,,,,,,,,,,,,,,,,,,,,,,,,,,,,,,,,,,,,,,,,,,,,,,,,,,,,,,,,,,,,,,,,,,,,,,,,,,,,,,,,,,,,,,,,,,,,,,,,,,,,,,,,,,,,, ,Updated
IOVERLAND,Ingse,Overland,Ingse.Overland@heli-one.com,,Active,,31a076aa-fbd6-4b17-ba1a-46da8d8b612a,Ingse.Overland@heli-one.com,2026-04-20T07:15:43-07:00,,Ingse.Overland@heli-one.com,IOVERLAND,,,,,,,,MingleEnterprise,Infor-SuiteUser,MingleIONEnabled,HOMEPAGES-User,IDM-User,IDM-RelatedInformationUser,M3UI-USER,MASHUP-User,,,,,,,,,,,,,,,,,,,,,,,,,,,,,,,,,,,,,,,,,,,,,,,,,,,,,,,,,,,,,,,,,,,,,,,,,,,,,,,,,,,,,,,,,,,,,,,,,,,,,,,,,,,,,,,,,,,,,,,,,,,,,,,,,,,,,,,,,,,,,,,,,,,,,,,,,,,,,,,,,,,,,,,,,,,,,,,,,,,,,,,,,,,,,,,,,,,,,,,,,,,,,,,,,,,,,,,,,,,,,,,,,,,,,,,,,,,,,,,,,,,,,,,,,,,,,,,,,,,,,,,,,,,,,,,,,,,,,,,,,,,,,,,,,,,,,,,,,,,,,,,,,,,,,,,,,,,,,,,,,,,,,,,,,,,,,,,,,,,,,,,,,,,,,,,,,,,,,,,,,,,,,,,,,,,,,,,,,,,,,,,,,,,,,,,,,,,,,,,,,,,,,,,,,,,,,,,,,,,,,,,,,,,,,,,,,,,,,,,,,,,,,,,,,,,,,,,,,,,,,,,,,,,,,,,,,,,,,,,,,,,,,,,,,,,,,,,,,,,,,,,,,,,,,,,,,,,,,,,,,,,,,,,,,,,,,,,,,,,,,,,,,,,,,,,,,,,,,,,,,,,,,,,,,,,,,,,,,,,,,,,,,,,,,,,,,,,,,,,,,,,,,,,,,,,,,,,,,,,,,,,,,,,,,,,,,,,,,,,,,,,,,,,,,,,,,,,,,,,,,,,,,,,,,,,,, ,Updated
IVESELOVSK,Ianina,Veselovska,Ianina.Veselovska@chcheli.com,Intermediate Accountant,Active,,4902d23b-5172-4f1c-b964-d19a42436e0e,Ianina.Veselovska@chcheli.com,2026-04-20T07:15:44-07:00,2026-04-21T09:24:41-07:00,Ianina.Veselovska@chcheli.com,IVESELOVSK,,,,,,,,MingleEnterprise,Infor-SuiteUser,MingleIONEnabled,HOMEPAGES-User,IDM-User,IDM-RelatedInformationUser,M3UI-USER,MASHUP-User,FGR341_RW,FGR342_RW,FGR021_RO,FGR300_RO,FGR301_RO,FGR302_RO,FGR311_RO,FGR312_RO,FGR321_RO,FGR329_RO,FGR322_RO,FGR342_RO,FGR341_RO,FGR352_RO,FGR345_RO,FGR349_RO,FGR350_RO,FGR359_RO,FGR340_RW,FGR345_RW,FGR349_RW,FGR006_RO,FGR012_RO,FGR013_RO,FGR309_RO,FGR305_RO,FGR315_RO,FGR310_RO,FGR319_RO,FGR320_RO,FGR325_RO,FGR330_RO,FGR351_RO,FGR355_RO,,,,,,,,,,,,,,,,,,,,,,,,,,,,,,,,,,,,,,,,,,,,,,,,,,,,,,,,,,,,,,,,,,,,,,,,,,,,,,,,,,,,,,,,,,,,,,,,,,,,,,,,,,,,,,,,,,,,,,,,,,,,,,,,,,,,,,,,,,,,,,,,,,,,,,,,,,,,,,,,,,,,,,,,,,,,,,,,,,,,,,,,,,,,,,,,,,,,,,,,,,,,,,,,,,,,,,,,,,,,,,,,,,,,,,,,,,,,,,,,,,,,,,,,,,,,,,,,,,,,,,,,,,,,,,,,,,,,,,,,,,,,,,,,,,,,,,,,,,,,,,,,,,,,,,,,,,,,,,,,,,,,,,,,,,,,,,,,,,,,,,,,,,,,,,,,,,,,,,,,,,,,,,,,,,,,,,,,,,,,,,,,,,,,,,,,,,,,,,,,,,,,,,,,,,,,,,,,,,,,,,,,,,,,,,,,,,,,,,,,,,,,,,,,,,,,,,,,,,,,,,,,,,,,,,,,,,,,,,,,,,,,,,,,,,,,,,,,,,,,,,,,,,,,,,,,,,,,,,,,,,,,,,,,,,,,,,,,,,,,,,,,,,,,,,,,,,,,,,,,,,,,,,,,,,,,,,,,,,,,,,,,,,,,,,,,,,,,,,,,,,,,,,,,,,,,,,,,,,,,,,,,,,,,,,,,,,,,,,, ,Updated
52dc0197-41e1-42b3-88e0-b9fafbba2d07,Jay,Porter,Jay.Porter@chcheli.com,,Active,,52dc0197-41e1-42b3-88e0-b9fafbba2d07,Jay.Porter@chcheli.com,2026-04-20T07:15:44-07:00,,Jay.Porter@chcheli.com,JAYPORTE,,,,,,,,MingleEnterprise,Infor-SuiteUser,MingleIONEnabled,HOMEPAGES-User,IDM-User,IDM-RelatedInformationUser,M3UI-USER,MASHUP-User,,,,,,,,,,,,,,,,,,,,,,,,,,,,,,,,,,,,,,,,,,,,,,,,,,,,,,,,,,,,,,,,,,,,,,,,,,,,,,,,,,,,,,,,,,,,,,,,,,,,,,,,,,,,,,,,,,,,,,,,,,,,,,,,,,,,,,,,,,,,,,,,,,,,,,,,,,,,,,,,,,,,,,,,,,,,,,,,,,,,,,,,,,,,,,,,,,,,,,,,,,,,,,,,,,,,,,,,,,,,,,,,,,,,,,,,,,,,,,,,,,,,,,,,,,,,,,,,,,,,,,,,,,,,,,,,,,,,,,,,,,,,,,,,,,,,,,,,,,,,,,,,,,,,,,,,,,,,,,,,,,,,,,,,,,,,,,,,,,,,,,,,,,,,,,,,,,,,,,,,,,,,,,,,,,,,,,,,,,,,,,,,,,,,,,,,,,,,,,,,,,,,,,,,,,,,,,,,,,,,,,,,,,,,,,,,,,,,,,,,,,,,,,,,,,,,,,,,,,,,,,,,,,,,,,,,,,,,,,,,,,,,,,,,,,,,,,,,,,,,,,,,,,,,,,,,,,,,,,,,,,,,,,,,,,,,,,,,,,,,,,,,,,,,,,,,,,,,,,,,,,,,,,,,,,,,,,,,,,,,,,,,,,,,,,,,,,,,,,,,,,,,,,,,,,,,,,,,,,,,,,,,,,,,,,,,,,,,,,,,,,,,,,,,,,,,,,,,,,,,,,,,,,,,,,,,, ,Updated
JBURROWS,Jemma,Burrows,Jemma.Burrows@chcheli.com,,Active,,000c6e54-858d-4336-a8a1-064d756e1034,Jemma.Burrows@chcheli.com,2026-04-20T07:15:44-07:00,,Jemma.Burrows@chcheli.com,JBURROWS,,,,,,,,MingleEnterprise,Infor-SuiteUser,MingleIONEnabled,HOMEPAGES-User,IDM-User,IDM-RelatedInformationUser,M3UI-USER,MASHUP-User,,,,,,,,,,,,,,,,,,,,,,,,,,,,,,,,,,,,,,,,,,,,,,,,,,,,,,,,,,,,,,,,,,,,,,,,,,,,,,,,,,,,,,,,,,,,,,,,,,,,,,,,,,,,,,,,,,,,,,,,,,,,,,,,,,,,,,,,,,,,,,,,,,,,,,,,,,,,,,,,,,,,,,,,,,,,,,,,,,,,,,,,,,,,,,,,,,,,,,,,,,,,,,,,,,,,,,,,,,,,,,,,,,,,,,,,,,,,,,,,,,,,,,,,,,,,,,,,,,,,,,,,,,,,,,,,,,,,,,,,,,,,,,,,,,,,,,,,,,,,,,,,,,,,,,,,,,,,,,,,,,,,,,,,,,,,,,,,,,,,,,,,,,,,,,,,,,,,,,,,,,,,,,,,,,,,,,,,,,,,,,,,,,,,,,,,,,,,,,,,,,,,,,,,,,,,,,,,,,,,,,,,,,,,,,,,,,,,,,,,,,,,,,,,,,,,,,,,,,,,,,,,,,,,,,,,,,,,,,,,,,,,,,,,,,,,,,,,,,,,,,,,,,,,,,,,,,,,,,,,,,,,,,,,,,,,,,,,,,,,,,,,,,,,,,,,,,,,,,,,,,,,,,,,,,,,,,,,,,,,,,,,,,,,,,,,,,,,,,,,,,,,,,,,,,,,,,,,,,,,,,,,,,,,,,,,,,,,,,,,,,,,,,,,,,,,,,,,,,,,,,,,,,,,,,,,, ,Updated
JBUSTOS,Jaime,Bustos,Jaime.Bustos@chcheli.com,,Active,,c98e4eaa-5d65-4227-9eee-6a02e350de64,Jaime.Bustos@chcheli.com,2026-04-20T07:15:44-07:00,,Jaime.Bustos@chcheli.com,JBUSTOS,,,,,,,,MingleEnterprise,Infor-SuiteUser,MingleIONEnabled,HOMEPAGES-User,IDM-User,IDM-RelatedInformationUser,M3UI-USER,MASHUP-User,,,,,,,,,,,,,,,,,,,,,,,,,,,,,,,,,,,,,,,,,,,,,,,,,,,,,,,,,,,,,,,,,,,,,,,,,,,,,,,,,,,,,,,,,,,,,,,,,,,,,,,,,,,,,,,,,,,,,,,,,,,,,,,,,,,,,,,,,,,,,,,,,,,,,,,,,,,,,,,,,,,,,,,,,,,,,,,,,,,,,,,,,,,,,,,,,,,,,,,,,,,,,,,,,,,,,,,,,,,,,,,,,,,,,,,,,,,,,,,,,,,,,,,,,,,,,,,,,,,,,,,,,,,,,,,,,,,,,,,,,,,,,,,,,,,,,,,,,,,,,,,,,,,,,,,,,,,,,,,,,,,,,,,,,,,,,,,,,,,,,,,,,,,,,,,,,,,,,,,,,,,,,,,,,,,,,,,,,,,,,,,,,,,,,,,,,,,,,,,,,,,,,,,,,,,,,,,,,,,,,,,,,,,,,,,,,,,,,,,,,,,,,,,,,,,,,,,,,,,,,,,,,,,,,,,,,,,,,,,,,,,,,,,,,,,,,,,,,,,,,,,,,,,,,,,,,,,,,,,,,,,,,,,,,,,,,,,,,,,,,,,,,,,,,,,,,,,,,,,,,,,,,,,,,,,,,,,,,,,,,,,,,,,,,,,,,,,,,,,,,,,,,,,,,,,,,,,,,,,,,,,,,,,,,,,,,,,,,,,,,,,,,,,,,,,,,,,,,,,,,,,,,,,,,,,,, ,Updated
JCAETANO,Joaquim,Caetano,Joaquim.Caetano@chcheli.com,,Active,,a234e478-8646-4105-8c79-ff9d02573c6a,Joaquim.Caetano@chcheli.com,2026-04-20T07:15:44-07:00,,Joaquim.Caetano@chcheli.com,JCAETANO,,,,,,,,MingleEnterprise,Infor-SuiteUser,MingleIONEnabled,HOMEPAGES-User,IDM-User,IDM-RelatedInformationUser,M3UI-USER,MASHUP-User,FGR191_RW,FGR190_RW,FGR150_RO,FGR152_RO,FGR159_RO,FGR151_RO,FGR199_RW,FGR195_RW,FGR155_RO,,,,,,,,,,,,,,,,,,,,,,,,,,,,,,,,,,,,,,,,,,,,,,,,,,,,,,,,,,,,,,,,,,,,,,,,,,,,,,,,,,,,,,,,,,,,,,,,,,,,,,,,,,,,,,,,,,,,,,,,,,,,,,,,,,,,,,,,,,,,,,,,,,,,,,,,,,,,,,,,,,,,,,,,,,,,,,,,,,,,,,,,,,,,,,,,,,,,,,,,,,,,,,,,,,,,,,,,,,,,,,,,,,,,,,,,,,,,,,,,,,,,,,,,,,,,,,,,,,,,,,,,,,,,,,,,,,,,,,,,,,,,,,,,,,,,,,,,,,,,,,,,,,,,,,,,,,,,,,,,,,,,,,,,,,,,,,,,,,,,,,,,,,,,,,,,,,,,,,,,,,,,,,,,,,,,,,,,,,,,,,,,,,,,,,,,,,,,,,,,,,,,,,,,,,,,,,,,,,,,,,,,,,,,,,,,,,,,,,,,,,,,,,,,,,,,,,,,,,,,,,,,,,,,,,,,,,,,,,,,,,,,,,,,,,,,,,,,,,,,,,,,,,,,,,,,,,,,,,,,,,,,,,,,,,,,,,,,,,,,,,,,,,,,,,,,,,,,,,,,,,,,,,,,,,,,,,,,,,,,,,,,,,,,,,,,,,,,,,,,,,,,,,,,,,,,,,,,,,,,,,,,,,,,,,,,,,,,,,,,,,,,,,,,,,,,,,,,,,,,,,,, ,Updated
JECOOPER,Jessica,Cooper,Jessica.Cooper@chcheli.com,,Active,,9268efb1-6b61-41da-a6f6-314b77c92e8e,Jessica.Cooper@chcheli.com,2026-04-20T07:15:45-07:00,,Jessica.Cooper@chcheli.com,JECOOPER,,,,,,,,MingleEnterprise,Infor-SuiteUser,MingleIONEnabled,HOMEPAGES-User,IDM-User,IDM-RelatedInformationUser,M3UI-USER,MASHUP-User,FGR003_RW,FGR001_RW,FGR005_RW,FGR004_RW,FGR002_RW,FGR014_RO,FGR021_RO,FGR300_RO,FGR301_RO,FGR302_RO,FGR311_RO,FGR352_RO,FGR350_RO,FGR359_RO,FGR006_RO,FGR013_RO,FGR309_RO,FGR305_RO,FGR310_RO,FGR319_RO,FGR351_RO,,,,,,,,,,,,,,,,,,,,,,,,,,,,,,,,,,,,,,,,,,,,,,,,,,,,,,,,,,,,,,,,,,,,,,,,,,,,,,,,,,,,,,,,,,,,,,,,,,,,,,,,,,,,,,,,,,,,,,,,,,,,,,,,,,,,,,,,,,,,,,,,,,,,,,,,,,,,,,,,,,,,,,,,,,,,,,,,,,,,,,,,,,,,,,,,,,,,,,,,,,,,,,,,,,,,,,,,,,,,,,,,,,,,,,,,,,,,,,,,,,,,,,,,,,,,,,,,,,,,,,,,,,,,,,,,,,,,,,,,,,,,,,,,,,,,,,,,,,,,,,,,,,,,,,,,,,,,,,,,,,,,,,,,,,,,,,,,,,,,,,,,,,,,,,,,,,,,,,,,,,,,,,,,,,,,,,,,,,,,,,,,,,,,,,,,,,,,,,,,,,,,,,,,,,,,,,,,,,,,,,,,,,,,,,,,,,,,,,,,,,,,,,,,,,,,,,,,,,,,,,,,,,,,,,,,,,,,,,,,,,,,,,,,,,,,,,,,,,,,,,,,,,,,,,,,,,,,,,,,,,,,,,,,,,,,,,,,,,,,,,,,,,,,,,,,,,,,,,,,,,,,,,,,,,,,,,,,,,,,,,,,,,,,,,,,,,,,,,,,,,,,,,,,,,,,,,,,,,,,,,,,,,,,,,,,,,,,,,,,,,,,,,,,,,,, ,Updated
JEIKE,Janne,Eike,Janne.Eike@heli-one.com,,Active,,32aeb988-98c3-4a25-88e6-0b0c39e32b68,Janne.Eike@heli-one.com,2026-04-20T07:15:45-07:00,,Janne.Eike@heli-one.com,JEIKE,,,,,,,,MingleEnterprise,Infor-SuiteUser,MingleIONEnabled,HOMEPAGES-User,IDM-User,IDM-RelatedInformationUser,M3UI-USER,MASHUP-User,,,,,,,,,,,,,,,,,,,,,,,,,,,,,,,,,,,,,,,,,,,,,,,,,,,,,,,,,,,,,,,,,,,,,,,,,,,,,,,,,,,,,,,,,,,,,,,,,,,,,,,,,,,,,,,,,,,,,,,,,,,,,,,,,,,,,,,,,,,,,,,,,,,,,,,,,,,,,,,,,,,,,,,,,,,,,,,,,,,,,,,,,,,,,,,,,,,,,,,,,,,,,,,,,,,,,,,,,,,,,,,,,,,,,,,,,,,,,,,,,,,,,,,,,,,,,,,,,,,,,,,,,,,,,,,,,,,,,,,,,,,,,,,,,,,,,,,,,,,,,,,,,,,,,,,,,,,,,,,,,,,,,,,,,,,,,,,,,,,,,,,,,,,,,,,,,,,,,,,,,,,,,,,,,,,,,,,,,,,,,,,,,,,,,,,,,,,,,,,,,,,,,,,,,,,,,,,,,,,,,,,,,,,,,,,,,,,,,,,,,,,,,,,,,,,,,,,,,,,,,,,,,,,,,,,,,,,,,,,,,,,,,,,,,,,,,,,,,,,,,,,,,,,,,,,,,,,,,,,,,,,,,,,,,,,,,,,,,,,,,,,,,,,,,,,,,,,,,,,,,,,,,,,,,,,,,,,,,,,,,,,,,,,,,,,,,,,,,,,,,,,,,,,,,,,,,,,,,,,,,,,,,,,,,,,,,,,,,,,,,,,,,,,,,,,,,,,,,,,,,,,,,,,,,,,,, ,Updated
JFOK,Ying Choi,Fok,Johnathan.Fok@chcheli.com,Staff Accountant,Active,,feda449c-47ee-4d8a-82fc-3d9d93e21c40,Johnathan.Fok@chcheli.com,2026-04-20T07:15:45-07:00,2026-04-24T13:43:53-07:00,Johnathan.Fok@chcheli.com,JFOK,,,,,,,,MingleEnterprise,Infor-SuiteUser,MingleIONEnabled,HOMEPAGES-User,IDM-User,IDM-RelatedInformationUser,M3UI-USER,MASHUP-User,FGR032_RW,FGR003_RW,FGR012_RW,FGR001_RW,FGR029_RW,FGR014_RW,FGR005_RW,FGR061_RW,FGR030_RW,FGR052_RW,FGR041_RW,FGR060_RW,FGR070_RW,FGR021_RW,FGR031_RW,FGR025_RW,FGR050_RW,FGR069_RW,FGR072_RW,FGR049_RW,FGR020_RW,FGR042_RW,FGR071_RW,FGR062_RW,FGR040_RW,FGR035_RW,FGR006_RW,FGR039_RW,FGR045_RW,FGR065_RW,FGR023_RW,FGR329_RW,FGR059_RW,FGR051_RW,FGR002_RW,FGR079_RW,FGR055_RW,FGR022_RW,FGR331_RW,FGR102_RW,FGR332_RW,FGR351_RW,FGR355_RW,FGR352_RW,FGR350_RW,FGR362_RW,FGR359_RW,FGR014_RO,FGR101_RW,FGR075_RW,FGR081_RW,FGR199_RO,FGR191_RO,FGR140_RW,FGR340_RO,FGR342_RO,FGR341_RO,FGR345_RO,FGR349_RO,FGR302_RW,FGR100_RW,FGR082_RW,FGR305_RW,FGR310_RW,FGR312_RW,FGR315_RW,FGR080_RW,FGR089_RW,FGR115_RW,FGR320_RW,FGR095_RW,FGR092_RW,FGR085_RW,FGR119_RW,FGR141_RW,FGR110_RW,FGR151_RW,FGR152_RW,FGR109_RW,FGR159_RW,FGR090_RW,FGR099_RW,FGR091_RW,FGR111_RW,FGR105_RW,FGR112_RW,FGR142_RW,FGR145_RW,FGR150_RW,FGR149_RW,FGR155_RW,FGR300_RW,FGR301_RW,FGR309_RW,FGR311_RW,FGR321_RW,FGR319_RW,FGR325_RW,FGR322_RW,FGR330_RW,FGR335_RW,FGR339_RW,FGR361_RW,FGR360_RW,FGR365_RW,FGR369_RW,FGR006_RO,FGR012_RO,FGR013_RO,FGR190_RO,FGR192_RO,FGR195_RO,,,,,,,,,,,,,,,,,,,,,,,,,,,,,,,,,,,,,,,,,,,,,,,,,,,,,,,,,,,,,,,,,,,,,,,,,,,,,,,,,,,,,,,,,,,,,,,,,,,,,,,,,,,,,,,,,,,,,,,,,,,,,,,,,,,,,,,,,,,,,,,,,,,,,,,,,,,,,,,,,,,,,,,,,,,,,,,,,,,,,,,,,,,,,,,,,,,,,,,,,,,,,,,,,,,,,,,,,,,,,,,,,,,,,,,,,,,,,,,,,,,,,,,,,,,,,,,,,,,,,,,,,,,,,,,,,,,,,,,,,,,,,,,,,,,,,,,,,,,,,,,,,,,,,,,,,,,,,,,,,,,,,,,,,,,,,,,,,,,,,,,,,,,,,,,,,,,,,,,,,,,,,,,,,,,,,,,,,,,,,,,,,,,,,,,,,,,,,,,,,,,,,,,,,,,,,,,,,,,,,,,,,,,,,,,,,,,,,,,,,,,,,,,,,,,,,,,,,,,,,,,,,,,,,,,,,,,,,,,,,,,,,,,,,,,,,,,,,,,,,,,,,,,,,,,,,,,,,,,,,,,,,,,,,,,,,,,,,,,,,,,,,,,,,,,,,,,,,,,,, ,Updated
JHOPKINSON,Jon,Hopkinson,Jon.Hopkinson@chcheli.com,,Active,,1e81a2fa-b342-4b9d-8236-9f4ecafc4950,Jon.Hopkinson@chcheli.com,2026-04-20T07:15:45-07:00,,Jon.Hopkinson@chcheli.com,JHOPKINSON,,,,,,,,MingleEnterprise,Infor-SuiteUser,MingleIONEnabled,HOMEPAGES-User,IDM-User,IDM-RelatedInformationUser,M3UI-USER,MASHUP-User,,,,,,,,,,,,,,,,,,,,,,,,,,,,,,,,,,,,,,,,,,,,,,,,,,,,,,,,,,,,,,,,,,,,,,,,,,,,,,,,,,,,,,,,,,,,,,,,,,,,,,,,,,,,,,,,,,,,,,,,,,,,,,,,,,,,,,,,,,,,,,,,,,,,,,,,,,,,,,,,,,,,,,,,,,,,,,,,,,,,,,,,,,,,,,,,,,,,,,,,,,,,,,,,,,,,,,,,,,,,,,,,,,,,,,,,,,,,,,,,,,,,,,,,,,,,,,,,,,,,,,,,,,,,,,,,,,,,,,,,,,,,,,,,,,,,,,,,,,,,,,,,,,,,,,,,,,,,,,,,,,,,,,,,,,,,,,,,,,,,,,,,,,,,,,,,,,,,,,,,,,,,,,,,,,,,,,,,,,,,,,,,,,,,,,,,,,,,,,,,,,,,,,,,,,,,,,,,,,,,,,,,,,,,,,,,,,,,,,,,,,,,,,,,,,,,,,,,,,,,,,,,,,,,,,,,,,,,,,,,,,,,,,,,,,,,,,,,,,,,,,,,,,,,,,,,,,,,,,,,,,,,,,,,,,,,,,,,,,,,,,,,,,,,,,,,,,,,,,,,,,,,,,,,,,,,,,,,,,,,,,,,,,,,,,,,,,,,,,,,,,,,,,,,,,,,,,,,,,,,,,,,,,,,,,,,,,,,,,,,,,,,,,,,,,,,,,,,,,,,,,,,,,,,,,,,, ,Updated
JKANESTR,Jane,Kanestrom,Jane.Kanestrom@chcheli.com,,Active,,9b483bad-05d3-4fc8-86ef-d94463d4079e,Jane.Kanestrom@chcheli.com,2026-04-20T07:15:45-07:00,,Jane.Kanestrom@chcheli.com,JKANESTR,,,,,,,,MingleEnterprise,Infor-SuiteUser,MingleIONEnabled,HOMEPAGES-User,IDM-User,IDM-RelatedInformationUser,M3UI-USER,MASHUP-User,,,,,,,,,,,,,,,,,,,,,,,,,,,,,,,,,,,,,,,,,,,,,,,,,,,,,,,,,,,,,,,,,,,,,,,,,,,,,,,,,,,,,,,,,,,,,,,,,,,,,,,,,,,,,,,,,,,,,,,,,,,,,,,,,,,,,,,,,,,,,,,,,,,,,,,,,,,,,,,,,,,,,,,,,,,,,,,,,,,,,,,,,,,,,,,,,,,,,,,,,,,,,,,,,,,,,,,,,,,,,,,,,,,,,,,,,,,,,,,,,,,,,,,,,,,,,,,,,,,,,,,,,,,,,,,,,,,,,,,,,,,,,,,,,,,,,,,,,,,,,,,,,,,,,,,,,,,,,,,,,,,,,,,,,,,,,,,,,,,,,,,,,,,,,,,,,,,,,,,,,,,,,,,,,,,,,,,,,,,,,,,,,,,,,,,,,,,,,,,,,,,,,,,,,,,,,,,,,,,,,,,,,,,,,,,,,,,,,,,,,,,,,,,,,,,,,,,,,,,,,,,,,,,,,,,,,,,,,,,,,,,,,,,,,,,,,,,,,,,,,,,,,,,,,,,,,,,,,,,,,,,,,,,,,,,,,,,,,,,,,,,,,,,,,,,,,,,,,,,,,,,,,,,,,,,,,,,,,,,,,,,,,,,,,,,,,,,,,,,,,,,,,,,,,,,,,,,,,,,,,,,,,,,,,,,,,,,,,,,,,,,,,,,,,,,,,,,,,,,,,,,,,,,,,,,,, ,Updated
JKOBYLIN,Joanna,Kobylinska,Joanna.Kobylinska@heli-one.com,,Active,,e0001109-7ee6-44a9-a2e5-bca8e440c1b4,Joanna.Kobylinska@heli-one.com,2026-04-20T07:15:45-07:00,2026-06-22T22:14:52-07:00,Joanna.Kobylinska@heli-one.com,JKOBYLIN,,,,,,,,MingleEnterprise,Infor-SuiteUser,MingleIONEnabled,HOMEPAGES-User,IDM-User,IDM-RelatedInformationUser,M3UI-USER,MASHUP-User,FGR003_RW,FGR001_RW,FGR005_RW,FGR004_RW,FGR002_RW,FGR014_RO,FGR021_RO,FGR300_RO,FGR301_RO,FGR302_RO,FGR311_RO,FGR352_RO,FGR350_RO,FGR359_RO,FGR006_RO,FGR013_RO,FGR309_RO,FGR305_RO,FGR310_RO,FGR319_RO,FGR351_RO,,,,,,,,,,,,,,,,,,,,,,,,,,,,,,,,,,,,,,,,,,,,,,,,,,,,,,,,,,,,,,,,,,,,,,,,,,,,,,,,,,,,,,,,,,,,,,,,,,,,,,,,,,,,,,,,,,,,,,,,,,,,,,,,,,,,,,,,,,,,,,,,,,,,,,,,,,,,,,,,,,,,,,,,,,,,,,,,,,,,,,,,,,,,,,,,,,,,,,,,,,,,,,,,,,,,,,,,,,,,,,,,,,,,,,,,,,,,,,,,,,,,,,,,,,,,,,,,,,,,,,,,,,,,,,,,,,,,,,,,,,,,,,,,,,,,,,,,,,,,,,,,,,,,,,,,,,,,,,,,,,,,,,,,,,,,,,,,,,,,,,,,,,,,,,,,,,,,,,,,,,,,,,,,,,,,,,,,,,,,,,,,,,,,,,,,,,,,,,,,,,,,,,,,,,,,,,,,,,,,,,,,,,,,,,,,,,,,,,,,,,,,,,,,,,,,,,,,,,,,,,,,,,,,,,,,,,,,,,,,,,,,,,,,,,,,,,,,,,,,,,,,,,,,,,,,,,,,,,,,,,,,,,,,,,,,,,,,,,,,,,,,,,,,,,,,,,,,,,,,,,,,,,,,,,,,,,,,,,,,,,,,,,,,,,,,,,,,,,,,,,,,,,,,,,,,,,,,,,,,,,,,,,,,,,,,,,,,,,,,,,,,,,,,,,,, ,Updated
JKUPCZAK,Justyna,Kupczak,Justyna.Kupczak@chcheli.com,,Active,,381ab1e7-72b4-403b-93af-03a54431a839,Justyna.Kupczak@chcheli.com,2026-04-20T07:15:46-07:00,,Justyna.Kupczak@chcheli.com,JKUPCZAK,,,,,,,,MingleEnterprise,Infor-SuiteUser,MingleIONEnabled,HOMEPAGES-User,IDM-User,IDM-RelatedInformationUser,M3UI-USER,MASHUP-User,FGR003_RW,FGR001_RW,FGR005_RW,FGR004_RW,FGR002_RW,FGR014_RO,FGR021_RO,FGR300_RO,FGR301_RO,FGR302_RO,FGR311_RO,FGR352_RO,FGR350_RO,FGR359_RO,FGR006_RO,FGR013_RO,FGR309_RO,FGR305_RO,FGR310_RO,FGR319_RO,FGR351_RO,,,,,,,,,,,,,,,,,,,,,,,,,,,,,,,,,,,,,,,,,,,,,,,,,,,,,,,,,,,,,,,,,,,,,,,,,,,,,,,,,,,,,,,,,,,,,,,,,,,,,,,,,,,,,,,,,,,,,,,,,,,,,,,,,,,,,,,,,,,,,,,,,,,,,,,,,,,,,,,,,,,,,,,,,,,,,,,,,,,,,,,,,,,,,,,,,,,,,,,,,,,,,,,,,,,,,,,,,,,,,,,,,,,,,,,,,,,,,,,,,,,,,,,,,,,,,,,,,,,,,,,,,,,,,,,,,,,,,,,,,,,,,,,,,,,,,,,,,,,,,,,,,,,,,,,,,,,,,,,,,,,,,,,,,,,,,,,,,,,,,,,,,,,,,,,,,,,,,,,,,,,,,,,,,,,,,,,,,,,,,,,,,,,,,,,,,,,,,,,,,,,,,,,,,,,,,,,,,,,,,,,,,,,,,,,,,,,,,,,,,,,,,,,,,,,,,,,,,,,,,,,,,,,,,,,,,,,,,,,,,,,,,,,,,,,,,,,,,,,,,,,,,,,,,,,,,,,,,,,,,,,,,,,,,,,,,,,,,,,,,,,,,,,,,,,,,,,,,,,,,,,,,,,,,,,,,,,,,,,,,,,,,,,,,,,,,,,,,,,,,,,,,,,,,,,,,,,,,,,,,,,,,,,,,,,,,,,,,,,,,,,,,,,,,,,, ,Updated
JLOBODA,Jolanta,Loboda,Jolanta.Loboda@heli-one.com,,Active,,e1309d0a-f3d8-480e-ba27-81fb7d3e1968,Jolanta.Loboda@heli-one.com,2026-04-20T07:15:46-07:00,,Jolanta.Loboda@heli-one.com,JLOBODA,,,,,,,,MingleEnterprise,Infor-SuiteUser,MingleIONEnabled,HOMEPAGES-User,IDM-User,IDM-RelatedInformationUser,M3UI-USER,MASHUP-User,PPEPRRO,,,,,,,,,,,,,,,,,,,,,,,,,,,,,,,,,,,,,,,,,,,,,,,,,,,,,,,,,,,,,,,,,,,,,,,,,,,,,,,,,,,,,,,,,,,,,,,,,,,,,,,,,,,,,,,,,,,,,,,,,,,,,,,,,,,,,,,,,,,,,,,,,,,,,,,,,,,,,,,,,,,,,,,,,,,,,,,,,,,,,,,,,,,,,,,,,,,,,,,,,,,,,,,,,,,,,,,,,,,,,,,,,,,,,,,,,,,,,,,,,,,,,,,,,,,,,,,,,,,,,,,,,,,,,,,,,,,,,,,,,,,,,,,,,,,,,,,,,,,,,,,,,,,,,,,,,,,,,,,,,,,,,,,,,,,,,,,,,,,,,,,,,,,,,,,,,,,,,,,,,,,,,,,,,,,,,,,,,,,,,,,,,,,,,,,,,,,,,,,,,,,,,,,,,,,,,,,,,,,,,,,,,,,,,,,,,,,,,,,,,,,,,,,,,,,,,,,,,,,,,,,,,,,,,,,,,,,,,,,,,,,,,,,,,,,,,,,,,,,,,,,,,,,,,,,,,,,,,,,,,,,,,,,,,,,,,,,,,,,,,,,,,,,,,,,,,,,,,,,,,,,,,,,,,,,,,,,,,,,,,,,,,,,,,,,,,,,,,,,,,,,,,,,,,,,,,,,,,,,,,,,,,,,,,,,,,,,,,,,,,,,,,,,,,,,,,,,,,,,,,,,,,,,,,,,, ,Updated
JMEERSBE,Jessie,Meersbergen,Jessie.Meersbergen@chcheli.com,,Active,,0414efd4-35e6-41ff-a408-d9a67beeb738,Jessie.Meersbergen@chcheli.com,2026-04-20T07:15:46-07:00,,Jessie.Meersbergen@chcheli.com,JMEERSBE,,,,,,,,MingleEnterprise,Infor-SuiteUser,MingleIONEnabled,HOMEPAGES-User,IDM-User,IDM-RelatedInformationUser,M3UI-USER,MASHUP-User,,,,,,,,,,,,,,,,,,,,,,,,,,,,,,,,,,,,,,,,,,,,,,,,,,,,,,,,,,,,,,,,,,,,,,,,,,,,,,,,,,,,,,,,,,,,,,,,,,,,,,,,,,,,,,,,,,,,,,,,,,,,,,,,,,,,,,,,,,,,,,,,,,,,,,,,,,,,,,,,,,,,,,,,,,,,,,,,,,,,,,,,,,,,,,,,,,,,,,,,,,,,,,,,,,,,,,,,,,,,,,,,,,,,,,,,,,,,,,,,,,,,,,,,,,,,,,,,,,,,,,,,,,,,,,,,,,,,,,,,,,,,,,,,,,,,,,,,,,,,,,,,,,,,,,,,,,,,,,,,,,,,,,,,,,,,,,,,,,,,,,,,,,,,,,,,,,,,,,,,,,,,,,,,,,,,,,,,,,,,,,,,,,,,,,,,,,,,,,,,,,,,,,,,,,,,,,,,,,,,,,,,,,,,,,,,,,,,,,,,,,,,,,,,,,,,,,,,,,,,,,,,,,,,,,,,,,,,,,,,,,,,,,,,,,,,,,,,,,,,,,,,,,,,,,,,,,,,,,,,,,,,,,,,,,,,,,,,,,,,,,,,,,,,,,,,,,,,,,,,,,,,,,,,,,,,,,,,,,,,,,,,,,,,,,,,,,,,,,,,,,,,,,,,,,,,,,,,,,,,,,,,,,,,,,,,,,,,,,,,,,,,,,,,,,,,,,,,,,,,,,,,,,,,,,,,, ,Updated
JMORLAND,Jens,Morland,Jens.Morland@heli-one.com,,Active,,ecb5b757-20ef-4ddc-89ef-23460adb8a51,Jens.Morland@heli-one.com,2026-04-20T07:15:46-07:00,,Jens.Morland@heli-one.com,JMORLAND,,,,,,,,MingleEnterprise,Infor-SuiteUser,MingleIONEnabled,HOMEPAGES-User,IDM-User,IDM-RelatedInformationUser,M3UI-USER,MASHUP-User,,,,,,,,,,,,,,,,,,,,,,,,,,,,,,,,,,,,,,,,,,,,,,,,,,,,,,,,,,,,,,,,,,,,,,,,,,,,,,,,,,,,,,,,,,,,,,,,,,,,,,,,,,,,,,,,,,,,,,,,,,,,,,,,,,,,,,,,,,,,,,,,,,,,,,,,,,,,,,,,,,,,,,,,,,,,,,,,,,,,,,,,,,,,,,,,,,,,,,,,,,,,,,,,,,,,,,,,,,,,,,,,,,,,,,,,,,,,,,,,,,,,,,,,,,,,,,,,,,,,,,,,,,,,,,,,,,,,,,,,,,,,,,,,,,,,,,,,,,,,,,,,,,,,,,,,,,,,,,,,,,,,,,,,,,,,,,,,,,,,,,,,,,,,,,,,,,,,,,,,,,,,,,,,,,,,,,,,,,,,,,,,,,,,,,,,,,,,,,,,,,,,,,,,,,,,,,,,,,,,,,,,,,,,,,,,,,,,,,,,,,,,,,,,,,,,,,,,,,,,,,,,,,,,,,,,,,,,,,,,,,,,,,,,,,,,,,,,,,,,,,,,,,,,,,,,,,,,,,,,,,,,,,,,,,,,,,,,,,,,,,,,,,,,,,,,,,,,,,,,,,,,,,,,,,,,,,,,,,,,,,,,,,,,,,,,,,,,,,,,,,,,,,,,,,,,,,,,,,,,,,,,,,,,,,,,,,,,,,,,,,,,,,,,,,,,,,,,,,,,,,,,,,,,,,,,, ,Updated
JNIELSEN,Jim,Nielsen,Jim.Nielsen@chcheli.com,,Active,,8729ed8f-37d6-4f9b-92b4-bf9880333c9d,Jim.Nielsen@chcheli.com,2026-04-20T07:15:46-07:00,,Jim.Nielsen@chcheli.com,JNIELSEN,,,,,,,,MingleEnterprise,Infor-SuiteUser,MingleIONEnabled,HOMEPAGES-User,IDM-User,IDM-RelatedInformationUser,M3UI-USER,MASHUP-User,,,,,,,,,,,,,,,,,,,,,,,,,,,,,,,,,,,,,,,,,,,,,,,,,,,,,,,,,,,,,,,,,,,,,,,,,,,,,,,,,,,,,,,,,,,,,,,,,,,,,,,,,,,,,,,,,,,,,,,,,,,,,,,,,,,,,,,,,,,,,,,,,,,,,,,,,,,,,,,,,,,,,,,,,,,,,,,,,,,,,,,,,,,,,,,,,,,,,,,,,,,,,,,,,,,,,,,,,,,,,,,,,,,,,,,,,,,,,,,,,,,,,,,,,,,,,,,,,,,,,,,,,,,,,,,,,,,,,,,,,,,,,,,,,,,,,,,,,,,,,,,,,,,,,,,,,,,,,,,,,,,,,,,,,,,,,,,,,,,,,,,,,,,,,,,,,,,,,,,,,,,,,,,,,,,,,,,,,,,,,,,,,,,,,,,,,,,,,,,,,,,,,,,,,,,,,,,,,,,,,,,,,,,,,,,,,,,,,,,,,,,,,,,,,,,,,,,,,,,,,,,,,,,,,,,,,,,,,,,,,,,,,,,,,,,,,,,,,,,,,,,,,,,,,,,,,,,,,,,,,,,,,,,,,,,,,,,,,,,,,,,,,,,,,,,,,,,,,,,,,,,,,,,,,,,,,,,,,,,,,,,,,,,,,,,,,,,,,,,,,,,,,,,,,,,,,,,,,,,,,,,,,,,,,,,,,,,,,,,,,,,,,,,,,,,,,,,,,,,,,,,,,,,,,,,,, ,Updated
JOMARTIN,Jodie,Martin,Jodie.Martin@chcheli.com,,Active,,4f9b74d1-8434-476d-b8f7-8ced2f4fb462,Jodie.Martin@chcheli.com,2026-04-20T07:15:46-07:00,,Jodie.Martin@chcheli.com,JOMARTIN,,,,,,,,MingleEnterprise,Infor-SuiteUser,MingleIONEnabled,HOMEPAGES-User,IDM-User,IDM-RelatedInformationUser,M3UI-USER,MASHUP-User,,,,,,,,,,,,,,,,,,,,,,,,,,,,,,,,,,,,,,,,,,,,,,,,,,,,,,,,,,,,,,,,,,,,,,,,,,,,,,,,,,,,,,,,,,,,,,,,,,,,,,,,,,,,,,,,,,,,,,,,,,,,,,,,,,,,,,,,,,,,,,,,,,,,,,,,,,,,,,,,,,,,,,,,,,,,,,,,,,,,,,,,,,,,,,,,,,,,,,,,,,,,,,,,,,,,,,,,,,,,,,,,,,,,,,,,,,,,,,,,,,,,,,,,,,,,,,,,,,,,,,,,,,,,,,,,,,,,,,,,,,,,,,,,,,,,,,,,,,,,,,,,,,,,,,,,,,,,,,,,,,,,,,,,,,,,,,,,,,,,,,,,,,,,,,,,,,,,,,,,,,,,,,,,,,,,,,,,,,,,,,,,,,,,,,,,,,,,,,,,,,,,,,,,,,,,,,,,,,,,,,,,,,,,,,,,,,,,,,,,,,,,,,,,,,,,,,,,,,,,,,,,,,,,,,,,,,,,,,,,,,,,,,,,,,,,,,,,,,,,,,,,,,,,,,,,,,,,,,,,,,,,,,,,,,,,,,,,,,,,,,,,,,,,,,,,,,,,,,,,,,,,,,,,,,,,,,,,,,,,,,,,,,,,,,,,,,,,,,,,,,,,,,,,,,,,,,,,,,,,,,,,,,,,,,,,,,,,,,,,,,,,,,,,,,,,,,,,,,,,,,,,,,,,,,,,, ,Updated
JORRIBEI,Jorge,Ribeiro,Jorge.Ribeiro@CHCHeli.com,,Active,,e375ab9f-50b8-43bf-8713-a533ee24a46a,Jorge.Ribeiro@CHCHeli.com,2026-04-20T07:15:47-07:00,,Jorge.Ribeiro@CHCHeli.com,JORRIBEI,,,,,,,,MingleEnterprise,Infor-SuiteUser,MingleIONEnabled,HOMEPAGES-User,IDM-User,IDM-RelatedInformationUser,M3UI-USER,MASHUP-User,FGR191_RW,FGR190_RW,FGR150_RO,FGR152_RO,FGR159_RO,FGR151_RO,FGR199_RW,FGR195_RW,FGR155_RO,,,,,,,,,,,,,,,,,,,,,,,,,,,,,,,,,,,,,,,,,,,,,,,,,,,,,,,,,,,,,,,,,,,,,,,,,,,,,,,,,,,,,,,,,,,,,,,,,,,,,,,,,,,,,,,,,,,,,,,,,,,,,,,,,,,,,,,,,,,,,,,,,,,,,,,,,,,,,,,,,,,,,,,,,,,,,,,,,,,,,,,,,,,,,,,,,,,,,,,,,,,,,,,,,,,,,,,,,,,,,,,,,,,,,,,,,,,,,,,,,,,,,,,,,,,,,,,,,,,,,,,,,,,,,,,,,,,,,,,,,,,,,,,,,,,,,,,,,,,,,,,,,,,,,,,,,,,,,,,,,,,,,,,,,,,,,,,,,,,,,,,,,,,,,,,,,,,,,,,,,,,,,,,,,,,,,,,,,,,,,,,,,,,,,,,,,,,,,,,,,,,,,,,,,,,,,,,,,,,,,,,,,,,,,,,,,,,,,,,,,,,,,,,,,,,,,,,,,,,,,,,,,,,,,,,,,,,,,,,,,,,,,,,,,,,,,,,,,,,,,,,,,,,,,,,,,,,,,,,,,,,,,,,,,,,,,,,,,,,,,,,,,,,,,,,,,,,,,,,,,,,,,,,,,,,,,,,,,,,,,,,,,,,,,,,,,,,,,,,,,,,,,,,,,,,,,,,,,,,,,,,,,,,,,,,,,,,,,,,,,,,,,,,,,,,,,,,,,,,,,,,, ,Updated
JROZYCKA,Joanna,Rozycka,Joanna.Rozycka@chcheli.com,,Active,,26bf03b3-7a88-4b75-b0c3-0b9aa8c89da2,Joanna.Rozycka@chcheli.com,2026-04-20T07:15:47-07:00,,Joanna.Rozycka@chcheli.com,JROZYCKA,,,,,,,,MingleEnterprise,Infor-SuiteUser,MingleIONEnabled,HOMEPAGES-User,IDM-User,IDM-RelatedInformationUser,M3UI-USER,MASHUP-User,,,,,,,,,,,,,,,,,,,,,,,,,,,,,,,,,,,,,,,,,,,,,,,,,,,,,,,,,,,,,,,,,,,,,,,,,,,,,,,,,,,,,,,,,,,,,,,,,,,,,,,,,,,,,,,,,,,,,,,,,,,,,,,,,,,,,,,,,,,,,,,,,,,,,,,,,,,,,,,,,,,,,,,,,,,,,,,,,,,,,,,,,,,,,,,,,,,,,,,,,,,,,,,,,,,,,,,,,,,,,,,,,,,,,,,,,,,,,,,,,,,,,,,,,,,,,,,,,,,,,,,,,,,,,,,,,,,,,,,,,,,,,,,,,,,,,,,,,,,,,,,,,,,,,,,,,,,,,,,,,,,,,,,,,,,,,,,,,,,,,,,,,,,,,,,,,,,,,,,,,,,,,,,,,,,,,,,,,,,,,,,,,,,,,,,,,,,,,,,,,,,,,,,,,,,,,,,,,,,,,,,,,,,,,,,,,,,,,,,,,,,,,,,,,,,,,,,,,,,,,,,,,,,,,,,,,,,,,,,,,,,,,,,,,,,,,,,,,,,,,,,,,,,,,,,,,,,,,,,,,,,,,,,,,,,,,,,,,,,,,,,,,,,,,,,,,,,,,,,,,,,,,,,,,,,,,,,,,,,,,,,,,,,,,,,,,,,,,,,,,,,,,,,,,,,,,,,,,,,,,,,,,,,,,,,,,,,,,,,,,,,,,,,,,,,,,,,,,,,,,,,,,,,,,,,,, ,Updated
JSECKEL,Johan,Seckel,Johan.Seckel@chcheli.com,,Active,,05010405-0d95-42eb-b8dc-0cfebb5ddd60,Johan.Seckel@chcheli.com,2026-04-20T07:15:47-07:00,,Johan.Seckel@chcheli.com,JSECKEL,,,,,,,,MingleEnterprise,Infor-SuiteUser,MingleIONEnabled,HOMEPAGES-User,IDM-User,IDM-RelatedInformationUser,M3UI-USER,MASHUP-User,,,,,,,,,,,,,,,,,,,,,,,,,,,,,,,,,,,,,,,,,,,,,,,,,,,,,,,,,,,,,,,,,,,,,,,,,,,,,,,,,,,,,,,,,,,,,,,,,,,,,,,,,,,,,,,,,,,,,,,,,,,,,,,,,,,,,,,,,,,,,,,,,,,,,,,,,,,,,,,,,,,,,,,,,,,,,,,,,,,,,,,,,,,,,,,,,,,,,,,,,,,,,,,,,,,,,,,,,,,,,,,,,,,,,,,,,,,,,,,,,,,,,,,,,,,,,,,,,,,,,,,,,,,,,,,,,,,,,,,,,,,,,,,,,,,,,,,,,,,,,,,,,,,,,,,,,,,,,,,,,,,,,,,,,,,,,,,,,,,,,,,,,,,,,,,,,,,,,,,,,,,,,,,,,,,,,,,,,,,,,,,,,,,,,,,,,,,,,,,,,,,,,,,,,,,,,,,,,,,,,,,,,,,,,,,,,,,,,,,,,,,,,,,,,,,,,,,,,,,,,,,,,,,,,,,,,,,,,,,,,,,,,,,,,,,,,,,,,,,,,,,,,,,,,,,,,,,,,,,,,,,,,,,,,,,,,,,,,,,,,,,,,,,,,,,,,,,,,,,,,,,,,,,,,,,,,,,,,,,,,,,,,,,,,,,,,,,,,,,,,,,,,,,,,,,,,,,,,,,,,,,,,,,,,,,,,,,,,,,,,,,,,,,,,,,,,,,,,,,,,,,,,,,,,,,,, ,Updated
JSETSA,John,Setsa,John.Setsa@heli-one.com,,Active,,31bdc87a-97e4-46a9-849e-fa296d4bc805,John.Setsa@heli-one.com,2026-04-20T07:15:47-07:00,,John.Setsa@heli-one.com,JSETSA,,,,,,,,MingleEnterprise,Infor-SuiteUser,MingleIONEnabled,HOMEPAGES-User,IDM-User,IDM-RelatedInformationUser,M3UI-USER,MASHUP-User,,,,,,,,,,,,,,,,,,,,,,,,,,,,,,,,,,,,,,,,,,,,,,,,,,,,,,,,,,,,,,,,,,,,,,,,,,,,,,,,,,,,,,,,,,,,,,,,,,,,,,,,,,,,,,,,,,,,,,,,,,,,,,,,,,,,,,,,,,,,,,,,,,,,,,,,,,,,,,,,,,,,,,,,,,,,,,,,,,,,,,,,,,,,,,,,,,,,,,,,,,,,,,,,,,,,,,,,,,,,,,,,,,,,,,,,,,,,,,,,,,,,,,,,,,,,,,,,,,,,,,,,,,,,,,,,,,,,,,,,,,,,,,,,,,,,,,,,,,,,,,,,,,,,,,,,,,,,,,,,,,,,,,,,,,,,,,,,,,,,,,,,,,,,,,,,,,,,,,,,,,,,,,,,,,,,,,,,,,,,,,,,,,,,,,,,,,,,,,,,,,,,,,,,,,,,,,,,,,,,,,,,,,,,,,,,,,,,,,,,,,,,,,,,,,,,,,,,,,,,,,,,,,,,,,,,,,,,,,,,,,,,,,,,,,,,,,,,,,,,,,,,,,,,,,,,,,,,,,,,,,,,,,,,,,,,,,,,,,,,,,,,,,,,,,,,,,,,,,,,,,,,,,,,,,,,,,,,,,,,,,,,,,,,,,,,,,,,,,,,,,,,,,,,,,,,,,,,,,,,,,,,,,,,,,,,,,,,,,,,,,,,,,,,,,,,,,,,,,,,,,,,,,,,,,,,, ,Updated
783501db-5382-4f1f-ae0c-e58d40c3aafc,Jerry,Tengberg,Jerry.Tengberg@chcheli.com,,Active,,783501db-5382-4f1f-ae0c-e58d40c3aafc,Jerry.Tengberg@chcheli.com,2026-04-20T07:15:47-07:00,,Jerry.Tengberg@chcheli.com,JTENGBER,,,,,,,,MingleEnterprise,Infor-SuiteUser,MingleIONEnabled,HOMEPAGES-User,IDM-User,IDM-RelatedInformationUser,M3UI-USER,MASHUP-User,FGR032_RW,FGR003_RW,FGR012_RW,FGR001_RW,FGR014_RW,FGR005_RW,FGR061_RW,FGR030_RW,FGR060_RW,FGR070_RW,FGR021_RW,FGR031_RW,FGR004_RW,FGR069_RW,FGR072_RW,FGR071_RW,FGR062_RW,FGR035_RW,FGR013_RW,FGR006_RW,FGR039_RW,FGR065_RW,FGR329_RW,FGR002_RW,FGR079_RW,FGR331_RW,FGR341_RW,FGR332_RW,FGR342_RW,FGR351_RW,FGR355_RW,FGR352_RW,FGR350_RW,FGR362_RW,FGR359_RW,FGR190_RW,FGR302_RW,FGR305_RW,FGR310_RW,FGR312_RW,FGR315_RW,FGR115_RW,FGR320_RW,FGR119_RW,FGR110_RW,FGR111_RW,FGR112_RW,FGR300_RW,FGR301_RW,FGR309_RW,FGR311_RW,FGR321_RW,FGR319_RW,FGR325_RW,FGR322_RW,FGR330_RW,FGR335_RW,FGR339_RW,FGR340_RW,FGR345_RW,FGR349_RW,FGR361_RW,FGR360_RW,FGR365_RW,FGR369_RW,FGR999_RW,FGR013_RO,,,,,,,,,,,,,,,,,,,,,,,,,,,,,,,,,,,,,,,,,,,,,,,,,,,,,,,,,,,,,,,,,,,,,,,,,,,,,,,,,,,,,,,,,,,,,,,,,,,,,,,,,,,,,,,,,,,,,,,,,,,,,,,,,,,,,,,,,,,,,,,,,,,,,,,,,,,,,,,,,,,,,,,,,,,,,,,,,,,,,,,,,,,,,,,,,,,,,,,,,,,,,,,,,,,,,,,,,,,,,,,,,,,,,,,,,,,,,,,,,,,,,,,,,,,,,,,,,,,,,,,,,,,,,,,,,,,,,,,,,,,,,,,,,,,,,,,,,,,,,,,,,,,,,,,,,,,,,,,,,,,,,,,,,,,,,,,,,,,,,,,,,,,,,,,,,,,,,,,,,,,,,,,,,,,,,,,,,,,,,,,,,,,,,,,,,,,,,,,,,,,,,,,,,,,,,,,,,,,,,,,,,,,,,,,,,,,,,,,,,,,,,,,,,,,,,,,,,,,,,,,,,,,,,,,,,,,,,,,,,,,,,,,,,,,,,,,,,,,,,,,,,,,,,,,,,,,,,,,,,,,,,,,,,,,,,,,,,,,,,,,,,,,,,,,,,,,,,,,,,,,,,,,,,,,,,,,,,,,,,,,,,,,,,,,,,,,,,,,,,,,,,, ,Updated
KASANTOS,Katryn,Santos,Katryn.Santos@CHCHeli.com,,Active,,7b2e051b-5dec-431f-8307-93102297ee7a,Katryn.Santos@CHCHeli.com,2026-04-20T07:15:48-07:00,,Katryn.Santos@CHCHeli.com,KASANTOS,,,,,,,,MingleEnterprise,Infor-SuiteUser,MingleIONEnabled,HOMEPAGES-User,IDM-User,IDM-RelatedInformationUser,M3UI-USER,MASHUP-User,FGR003_RW,FGR001_RW,FGR005_RW,FGR004_RW,FGR021_RO,FGR300_RO,FGR301_RO,FGR302_RO,FGR311_RO,FGR352_RO,FGR350_RO,FGR359_RO,FGR006_RO,FGR013_RO,FGR309_RO,FGR305_RO,FGR310_RO,FGR319_RO,FGR351_RO,FGR355_RO,,,,,,,,,,,,,,,,,,,,,,,,,,,,,,,,,,,,,,,,,,,,,,,,,,,,,,,,,,,,,,,,,,,,,,,,,,,,,,,,,,,,,,,,,,,,,,,,,,,,,,,,,,,,,,,,,,,,,,,,,,,,,,,,,,,,,,,,,,,,,,,,,,,,,,,,,,,,,,,,,,,,,,,,,,,,,,,,,,,,,,,,,,,,,,,,,,,,,,,,,,,,,,,,,,,,,,,,,,,,,,,,,,,,,,,,,,,,,,,,,,,,,,,,,,,,,,,,,,,,,,,,,,,,,,,,,,,,,,,,,,,,,,,,,,,,,,,,,,,,,,,,,,,,,,,,,,,,,,,,,,,,,,,,,,,,,,,,,,,,,,,,,,,,,,,,,,,,,,,,,,,,,,,,,,,,,,,,,,,,,,,,,,,,,,,,,,,,,,,,,,,,,,,,,,,,,,,,,,,,,,,,,,,,,,,,,,,,,,,,,,,,,,,,,,,,,,,,,,,,,,,,,,,,,,,,,,,,,,,,,,,,,,,,,,,,,,,,,,,,,,,,,,,,,,,,,,,,,,,,,,,,,,,,,,,,,,,,,,,,,,,,,,,,,,,,,,,,,,,,,,,,,,,,,,,,,,,,,,,,,,,,,,,,,,,,,,,,,,,,,,,,,,,,,,,,,,,,,,,,,,,,,,,,,,,,,,,,,,,,,,,,,,,,,,,,, ,Updated
KASTEWAR,Kayleigh,Stewart,Kayleigh.Stewart@chcheli.com,,Active,,a97c9e03-aa27-4631-8f11-4509bafcbd06,Kayleigh.Stewart@chcheli.com,2026-04-20T07:15:48-07:00,,Kayleigh.Stewart@chcheli.com,KASTEWAR,,,,,,,,MingleEnterprise,Infor-SuiteUser,MingleIONEnabled,HOMEPAGES-User,IDM-User,IDM-RelatedInformationUser,M3UI-USER,MASHUP-User,FGR003_RW,FGR001_RW,FGR005_RW,FGR004_RW,FGR002_RW,FGR351_RW,FGR355_RW,FGR352_RW,FGR350_RW,FGR359_RW,FGR014_RO,FGR021_RO,FGR300_RO,FGR301_RO,FGR302_RO,FGR311_RO,FGR312_RO,FGR352_RO,FGR350_RO,FGR302_RW,FGR359_RO,FGR305_RW,FGR310_RW,FGR312_RW,FGR315_RW,FGR300_RW,FGR301_RW,FGR309_RW,FGR311_RW,FGR319_RW,FGR006_RO,FGR012_RO,FGR013_RO,FGR309_RO,FGR305_RO,FGR315_RO,FGR310_RO,FGR319_RO,FGR351_RO,FGR355_RO,,,,,,,,,,,,,,,,,,,,,,,,,,,,,,,,,,,,,,,,,,,,,,,,,,,,,,,,,,,,,,,,,,,,,,,,,,,,,,,,,,,,,,,,,,,,,,,,,,,,,,,,,,,,,,,,,,,,,,,,,,,,,,,,,,,,,,,,,,,,,,,,,,,,,,,,,,,,,,,,,,,,,,,,,,,,,,,,,,,,,,,,,,,,,,,,,,,,,,,,,,,,,,,,,,,,,,,,,,,,,,,,,,,,,,,,,,,,,,,,,,,,,,,,,,,,,,,,,,,,,,,,,,,,,,,,,,,,,,,,,,,,,,,,,,,,,,,,,,,,,,,,,,,,,,,,,,,,,,,,,,,,,,,,,,,,,,,,,,,,,,,,,,,,,,,,,,,,,,,,,,,,,,,,,,,,,,,,,,,,,,,,,,,,,,,,,,,,,,,,,,,,,,,,,,,,,,,,,,,,,,,,,,,,,,,,,,,,,,,,,,,,,,,,,,,,,,,,,,,,,,,,,,,,,,,,,,,,,,,,,,,,,,,,,,,,,,,,,,,,,,,,,,,,,,,,,,,,,,,,,,,,,,,,,,,,,,,,,,,,,,,,,,,,,,,,,,,,,,,,,,,,,,,,,,,,,,,,,,,,,,,,,,,,,,,,,,,,,,,,,,,,,,,,,,,,,,,,,,,,,,,,,,,,,,,,, ,Updated
KAWALSH,Karen,Walsh,Karen.Walsh@chcheli.com,,Active,,3e3c0e12-8232-4553-8f01-866e89a0fe19,Karen.Walsh@chcheli.com,2026-04-20T07:15:48-07:00,,Karen.Walsh@chcheli.com,KAWALSH,,,,,,,,MingleEnterprise,Infor-SuiteUser,MingleIONEnabled,HOMEPAGES-User,IDM-User,IDM-RelatedInformationUser,M3UI-USER,MASHUP-User,,,,,,,,,,,,,,,,,,,,,,,,,,,,,,,,,,,,,,,,,,,,,,,,,,,,,,,,,,,,,,,,,,,,,,,,,,,,,,,,,,,,,,,,,,,,,,,,,,,,,,,,,,,,,,,,,,,,,,,,,,,,,,,,,,,,,,,,,,,,,,,,,,,,,,,,,,,,,,,,,,,,,,,,,,,,,,,,,,,,,,,,,,,,,,,,,,,,,,,,,,,,,,,,,,,,,,,,,,,,,,,,,,,,,,,,,,,,,,,,,,,,,,,,,,,,,,,,,,,,,,,,,,,,,,,,,,,,,,,,,,,,,,,,,,,,,,,,,,,,,,,,,,,,,,,,,,,,,,,,,,,,,,,,,,,,,,,,,,,,,,,,,,,,,,,,,,,,,,,,,,,,,,,,,,,,,,,,,,,,,,,,,,,,,,,,,,,,,,,,,,,,,,,,,,,,,,,,,,,,,,,,,,,,,,,,,,,,,,,,,,,,,,,,,,,,,,,,,,,,,,,,,,,,,,,,,,,,,,,,,,,,,,,,,,,,,,,,,,,,,,,,,,,,,,,,,,,,,,,,,,,,,,,,,,,,,,,,,,,,,,,,,,,,,,,,,,,,,,,,,,,,,,,,,,,,,,,,,,,,,,,,,,,,,,,,,,,,,,,,,,,,,,,,,,,,,,,,,,,,,,,,,,,,,,,,,,,,,,,,,,,,,,,,,,,,,,,,,,,,,,,,,,,,,,,,, ,Updated
KCHOHAN,Kelly,Chohan,Kelly.Chohan@chcheli.com,,Active,,42ba59d1-1a7e-4f53-b8ff-389d5c9e12c7,Kelly.Chohan@chcheli.com,2026-04-20T07:15:48-07:00,,Kelly.Chohan@chcheli.com,KCHOHAN,,,,,,,,MingleEnterprise,Infor-SuiteUser,MingleIONEnabled,HOMEPAGES-User,IDM-User,IDM-RelatedInformationUser,M3UI-USER,MASHUP-User,,,,,,,,,,,,,,,,,,,,,,,,,,,,,,,,,,,,,,,,,,,,,,,,,,,,,,,,,,,,,,,,,,,,,,,,,,,,,,,,,,,,,,,,,,,,,,,,,,,,,,,,,,,,,,,,,,,,,,,,,,,,,,,,,,,,,,,,,,,,,,,,,,,,,,,,,,,,,,,,,,,,,,,,,,,,,,,,,,,,,,,,,,,,,,,,,,,,,,,,,,,,,,,,,,,,,,,,,,,,,,,,,,,,,,,,,,,,,,,,,,,,,,,,,,,,,,,,,,,,,,,,,,,,,,,,,,,,,,,,,,,,,,,,,,,,,,,,,,,,,,,,,,,,,,,,,,,,,,,,,,,,,,,,,,,,,,,,,,,,,,,,,,,,,,,,,,,,,,,,,,,,,,,,,,,,,,,,,,,,,,,,,,,,,,,,,,,,,,,,,,,,,,,,,,,,,,,,,,,,,,,,,,,,,,,,,,,,,,,,,,,,,,,,,,,,,,,,,,,,,,,,,,,,,,,,,,,,,,,,,,,,,,,,,,,,,,,,,,,,,,,,,,,,,,,,,,,,,,,,,,,,,,,,,,,,,,,,,,,,,,,,,,,,,,,,,,,,,,,,,,,,,,,,,,,,,,,,,,,,,,,,,,,,,,,,,,,,,,,,,,,,,,,,,,,,,,,,,,,,,,,,,,,,,,,,,,,,,,,,,,,,,,,,,,,,,,,,,,,,,,,,,,,,,,,,, ,Updated
KEWILLIAMS,Kelly,Williams,Kelly.Williams@chcheli.com,,Active,,f084cce4-4598-49ff-9f6d-2b0f062e53dc,Kelly.Williams@chcheli.com,2026-04-20T07:15:48-07:00,,Kelly.Williams@chcheli.com,KEWILLIAMS,,,,,,,,MingleEnterprise,Infor-SuiteUser,MingleIONEnabled,HOMEPAGES-User,IDM-User,IDM-RelatedInformationUser,M3UI-USER,MASHUP-User,,,,,,,,,,,,,,,,,,,,,,,,,,,,,,,,,,,,,,,,,,,,,,,,,,,,,,,,,,,,,,,,,,,,,,,,,,,,,,,,,,,,,,,,,,,,,,,,,,,,,,,,,,,,,,,,,,,,,,,,,,,,,,,,,,,,,,,,,,,,,,,,,,,,,,,,,,,,,,,,,,,,,,,,,,,,,,,,,,,,,,,,,,,,,,,,,,,,,,,,,,,,,,,,,,,,,,,,,,,,,,,,,,,,,,,,,,,,,,,,,,,,,,,,,,,,,,,,,,,,,,,,,,,,,,,,,,,,,,,,,,,,,,,,,,,,,,,,,,,,,,,,,,,,,,,,,,,,,,,,,,,,,,,,,,,,,,,,,,,,,,,,,,,,,,,,,,,,,,,,,,,,,,,,,,,,,,,,,,,,,,,,,,,,,,,,,,,,,,,,,,,,,,,,,,,,,,,,,,,,,,,,,,,,,,,,,,,,,,,,,,,,,,,,,,,,,,,,,,,,,,,,,,,,,,,,,,,,,,,,,,,,,,,,,,,,,,,,,,,,,,,,,,,,,,,,,,,,,,,,,,,,,,,,,,,,,,,,,,,,,,,,,,,,,,,,,,,,,,,,,,,,,,,,,,,,,,,,,,,,,,,,,,,,,,,,,,,,,,,,,,,,,,,,,,,,,,,,,,,,,,,,,,,,,,,,,,,,,,,,,,,,,,,,,,,,,,,,,,,,,,,,,,,,,,,,, ,Updated
KGAWANDE,Kadambari,Gawande,Kadambari.Gawande@chcheli.com,,Active,,771642a6-4bce-4987-990e-f844c855c1cf,Kadambari.Gawande@chcheli.com,2026-04-20T07:15:48-07:00,,Kadambari.Gawande@chcheli.com,KGAWANDE,,,,,,,,MingleEnterprise,Infor-SuiteUser,MingleIONEnabled,HOMEPAGES-User,IDM-User,IDM-RelatedInformationUser,M3UI-USER,MASHUP-User,FGR003_RW,FGR001_RW,FGR005_RW,FGR004_RW,FGR002_RW,FGR014_RO,FGR021_RO,FGR300_RO,FGR301_RO,FGR302_RO,FGR311_RO,FGR352_RO,FGR350_RO,FGR359_RO,FGR006_RO,FGR013_RO,FGR309_RO,FGR305_RO,FGR310_RO,FGR319_RO,FGR351_RO,,,,,,,,,,,,,,,,,,,,,,,,,,,,,,,,,,,,,,,,,,,,,,,,,,,,,,,,,,,,,,,,,,,,,,,,,,,,,,,,,,,,,,,,,,,,,,,,,,,,,,,,,,,,,,,,,,,,,,,,,,,,,,,,,,,,,,,,,,,,,,,,,,,,,,,,,,,,,,,,,,,,,,,,,,,,,,,,,,,,,,,,,,,,,,,,,,,,,,,,,,,,,,,,,,,,,,,,,,,,,,,,,,,,,,,,,,,,,,,,,,,,,,,,,,,,,,,,,,,,,,,,,,,,,,,,,,,,,,,,,,,,,,,,,,,,,,,,,,,,,,,,,,,,,,,,,,,,,,,,,,,,,,,,,,,,,,,,,,,,,,,,,,,,,,,,,,,,,,,,,,,,,,,,,,,,,,,,,,,,,,,,,,,,,,,,,,,,,,,,,,,,,,,,,,,,,,,,,,,,,,,,,,,,,,,,,,,,,,,,,,,,,,,,,,,,,,,,,,,,,,,,,,,,,,,,,,,,,,,,,,,,,,,,,,,,,,,,,,,,,,,,,,,,,,,,,,,,,,,,,,,,,,,,,,,,,,,,,,,,,,,,,,,,,,,,,,,,,,,,,,,,,,,,,,,,,,,,,,,,,,,,,,,,,,,,,,,,,,,,,,,,,,,,,,,,,,,,,,,,,,,,,,,,,,,,,,,,,,,,,,,,,,,,,,,, ,Updated
KGJELVIK,Karl,Gjelvik,Karl.Gjelvik@heli-one.com,,Active,,02899d86-124a-4e1e-aca3-a2a06f5aad8b,Karl.Gjelvik@heli-one.com,2026-04-20T07:15:49-07:00,,Karl.Gjelvik@heli-one.com,KGJELVIK,,,,,,,,MingleEnterprise,Infor-SuiteUser,MingleIONEnabled,HOMEPAGES-User,IDM-User,IDM-RelatedInformationUser,M3UI-USER,MASHUP-User,,,,,,,,,,,,,,,,,,,,,,,,,,,,,,,,,,,,,,,,,,,,,,,,,,,,,,,,,,,,,,,,,,,,,,,,,,,,,,,,,,,,,,,,,,,,,,,,,,,,,,,,,,,,,,,,,,,,,,,,,,,,,,,,,,,,,,,,,,,,,,,,,,,,,,,,,,,,,,,,,,,,,,,,,,,,,,,,,,,,,,,,,,,,,,,,,,,,,,,,,,,,,,,,,,,,,,,,,,,,,,,,,,,,,,,,,,,,,,,,,,,,,,,,,,,,,,,,,,,,,,,,,,,,,,,,,,,,,,,,,,,,,,,,,,,,,,,,,,,,,,,,,,,,,,,,,,,,,,,,,,,,,,,,,,,,,,,,,,,,,,,,,,,,,,,,,,,,,,,,,,,,,,,,,,,,,,,,,,,,,,,,,,,,,,,,,,,,,,,,,,,,,,,,,,,,,,,,,,,,,,,,,,,,,,,,,,,,,,,,,,,,,,,,,,,,,,,,,,,,,,,,,,,,,,,,,,,,,,,,,,,,,,,,,,,,,,,,,,,,,,,,,,,,,,,,,,,,,,,,,,,,,,,,,,,,,,,,,,,,,,,,,,,,,,,,,,,,,,,,,,,,,,,,,,,,,,,,,,,,,,,,,,,,,,,,,,,,,,,,,,,,,,,,,,,,,,,,,,,,,,,,,,,,,,,,,,,,,,,,,,,,,,,,,,,,,,,,,,,,,,,,,,,,,,,,, ,Updated
KHENDZEL,Katarzyna,Hendzel,Katarzyna.Hendzel@heli-one.com,,Active,,55ad74a5-45c7-44b3-90f5-a24db1194e43,Katarzyna.Hendzel@heli-one.com,2026-04-20T07:15:49-07:00,,Katarzyna.Hendzel@heli-one.com,KHENDZEL,,,,,,,,MingleEnterprise,Infor-SuiteUser,MingleIONEnabled,HOMEPAGES-User,IDM-User,IDM-RelatedInformationUser,M3UI-USER,MASHUP-User,FGR003_RW,FGR001_RW,FGR005_RW,FGR004_RW,FGR002_RW,FGR014_RO,FGR021_RO,FGR300_RO,FGR301_RO,FGR302_RO,FGR311_RO,FGR352_RO,FGR350_RO,FGR359_RO,FGR006_RO,FGR013_RO,FGR309_RO,FGR305_RO,FGR310_RO,FGR319_RO,FGR351_RO,,,,,,,,,,,,,,,,,,,,,,,,,,,,,,,,,,,,,,,,,,,,,,,,,,,,,,,,,,,,,,,,,,,,,,,,,,,,,,,,,,,,,,,,,,,,,,,,,,,,,,,,,,,,,,,,,,,,,,,,,,,,,,,,,,,,,,,,,,,,,,,,,,,,,,,,,,,,,,,,,,,,,,,,,,,,,,,,,,,,,,,,,,,,,,,,,,,,,,,,,,,,,,,,,,,,,,,,,,,,,,,,,,,,,,,,,,,,,,,,,,,,,,,,,,,,,,,,,,,,,,,,,,,,,,,,,,,,,,,,,,,,,,,,,,,,,,,,,,,,,,,,,,,,,,,,,,,,,,,,,,,,,,,,,,,,,,,,,,,,,,,,,,,,,,,,,,,,,,,,,,,,,,,,,,,,,,,,,,,,,,,,,,,,,,,,,,,,,,,,,,,,,,,,,,,,,,,,,,,,,,,,,,,,,,,,,,,,,,,,,,,,,,,,,,,,,,,,,,,,,,,,,,,,,,,,,,,,,,,,,,,,,,,,,,,,,,,,,,,,,,,,,,,,,,,,,,,,,,,,,,,,,,,,,,,,,,,,,,,,,,,,,,,,,,,,,,,,,,,,,,,,,,,,,,,,,,,,,,,,,,,,,,,,,,,,,,,,,,,,,,,,,,,,,,,,,,,,,,,,,,,,,,,,,,,,,,,,,,,,,,,,,,,,,,,, ,Updated
KJANTOSZ,Kinga,Jantosz,Kinga.Jantosz@heli-one.com,,Active,,b1c94488-baef-450a-945a-9d8782fe4251,Kinga.Jantosz@heli-one.com,2026-04-20T07:15:49-07:00,,Kinga.Jantosz@heli-one.com,KJANTOSZ,,,,,,,,MingleEnterprise,Infor-SuiteUser,MingleIONEnabled,HOMEPAGES-User,IDM-User,IDM-RelatedInformationUser,M3UI-USER,MASHUP-User,FGR003_RW,FGR001_RW,FGR005_RW,FGR004_RW,FGR002_RW,FGR014_RO,FGR021_RO,FGR300_RO,FGR301_RO,FGR302_RO,FGR311_RO,FGR352_RO,FGR350_RO,FGR359_RO,FGR006_RO,FGR013_RO,FGR309_RO,FGR305_RO,FGR310_RO,FGR319_RO,FGR351_RO,,,,,,,,,,,,,,,,,,,,,,,,,,,,,,,,,,,,,,,,,,,,,,,,,,,,,,,,,,,,,,,,,,,,,,,,,,,,,,,,,,,,,,,,,,,,,,,,,,,,,,,,,,,,,,,,,,,,,,,,,,,,,,,,,,,,,,,,,,,,,,,,,,,,,,,,,,,,,,,,,,,,,,,,,,,,,,,,,,,,,,,,,,,,,,,,,,,,,,,,,,,,,,,,,,,,,,,,,,,,,,,,,,,,,,,,,,,,,,,,,,,,,,,,,,,,,,,,,,,,,,,,,,,,,,,,,,,,,,,,,,,,,,,,,,,,,,,,,,,,,,,,,,,,,,,,,,,,,,,,,,,,,,,,,,,,,,,,,,,,,,,,,,,,,,,,,,,,,,,,,,,,,,,,,,,,,,,,,,,,,,,,,,,,,,,,,,,,,,,,,,,,,,,,,,,,,,,,,,,,,,,,,,,,,,,,,,,,,,,,,,,,,,,,,,,,,,,,,,,,,,,,,,,,,,,,,,,,,,,,,,,,,,,,,,,,,,,,,,,,,,,,,,,,,,,,,,,,,,,,,,,,,,,,,,,,,,,,,,,,,,,,,,,,,,,,,,,,,,,,,,,,,,,,,,,,,,,,,,,,,,,,,,,,,,,,,,,,,,,,,,,,,,,,,,,,,,,,,,,,,,,,,,,,,,,,,,,,,,,,,,,,,,,,,,,, ,Updated
KKINDEN,kirsti,kinden,kirsti.kinden@chcheli.com,,Active,,a25a46f3-e308-44bf-a7e9-2cd2aa9e25df,kirsti.kinden@chcheli.com,2026-04-20T07:15:49-07:00,,kirsti.kinden@chcheli.com,KKINDEN,,,,,,,,MingleEnterprise,Infor-SuiteUser,MingleIONEnabled,HOMEPAGES-User,IDM-User,IDM-RelatedInformationUser,M3UI-USER,MASHUP-User,,,,,,,,,,,,,,,,,,,,,,,,,,,,,,,,,,,,,,,,,,,,,,,,,,,,,,,,,,,,,,,,,,,,,,,,,,,,,,,,,,,,,,,,,,,,,,,,,,,,,,,,,,,,,,,,,,,,,,,,,,,,,,,,,,,,,,,,,,,,,,,,,,,,,,,,,,,,,,,,,,,,,,,,,,,,,,,,,,,,,,,,,,,,,,,,,,,,,,,,,,,,,,,,,,,,,,,,,,,,,,,,,,,,,,,,,,,,,,,,,,,,,,,,,,,,,,,,,,,,,,,,,,,,,,,,,,,,,,,,,,,,,,,,,,,,,,,,,,,,,,,,,,,,,,,,,,,,,,,,,,,,,,,,,,,,,,,,,,,,,,,,,,,,,,,,,,,,,,,,,,,,,,,,,,,,,,,,,,,,,,,,,,,,,,,,,,,,,,,,,,,,,,,,,,,,,,,,,,,,,,,,,,,,,,,,,,,,,,,,,,,,,,,,,,,,,,,,,,,,,,,,,,,,,,,,,,,,,,,,,,,,,,,,,,,,,,,,,,,,,,,,,,,,,,,,,,,,,,,,,,,,,,,,,,,,,,,,,,,,,,,,,,,,,,,,,,,,,,,,,,,,,,,,,,,,,,,,,,,,,,,,,,,,,,,,,,,,,,,,,,,,,,,,,,,,,,,,,,,,,,,,,,,,,,,,,,,,,,,,,,,,,,,,,,,,,,,,,,,,,,,,,,,,,,,,, ,Updated
KKORNEVA,ksenia,korneva,ksenia.korneva@chcheli.com,,Active,,36ae171f-b8a0-4fb1-b8db-30bfd3613661,ksenia.korneva@chcheli.com,2026-04-20T07:15:49-07:00,,ksenia.korneva@chcheli.com,KKORNEVA,,,,,,,,MingleEnterprise,Infor-SuiteUser,MingleIONEnabled,HOMEPAGES-User,IDM-User,IDM-RelatedInformationUser,M3UI-USER,MASHUP-User,,,,,,,,,,,,,,,,,,,,,,,,,,,,,,,,,,,,,,,,,,,,,,,,,,,,,,,,,,,,,,,,,,,,,,,,,,,,,,,,,,,,,,,,,,,,,,,,,,,,,,,,,,,,,,,,,,,,,,,,,,,,,,,,,,,,,,,,,,,,,,,,,,,,,,,,,,,,,,,,,,,,,,,,,,,,,,,,,,,,,,,,,,,,,,,,,,,,,,,,,,,,,,,,,,,,,,,,,,,,,,,,,,,,,,,,,,,,,,,,,,,,,,,,,,,,,,,,,,,,,,,,,,,,,,,,,,,,,,,,,,,,,,,,,,,,,,,,,,,,,,,,,,,,,,,,,,,,,,,,,,,,,,,,,,,,,,,,,,,,,,,,,,,,,,,,,,,,,,,,,,,,,,,,,,,,,,,,,,,,,,,,,,,,,,,,,,,,,,,,,,,,,,,,,,,,,,,,,,,,,,,,,,,,,,,,,,,,,,,,,,,,,,,,,,,,,,,,,,,,,,,,,,,,,,,,,,,,,,,,,,,,,,,,,,,,,,,,,,,,,,,,,,,,,,,,,,,,,,,,,,,,,,,,,,,,,,,,,,,,,,,,,,,,,,,,,,,,,,,,,,,,,,,,,,,,,,,,,,,,,,,,,,,,,,,,,,,,,,,,,,,,,,,,,,,,,,,,,,,,,,,,,,,,,,,,,,,,,,,,,,,,,,,,,,,,,,,,,,,,,,,,,,,,,,,,, ,Updated
KKRAWIEC,Karolina,Krawiec-Los,Karolina.Krawiec-Los@chcheli.com,,Active,,bf84acba-fbe4-41fc-a054-dd59a5c9d727,Karolina.Krawiec-Los@chcheli.com,2026-04-20T07:15:49-07:00,,Karolina.Krawiec-Los@chcheli.com,KKRAWIEC,,,,,,,,MingleEnterprise,Infor-SuiteUser,MingleIONEnabled,HOMEPAGES-User,IDM-User,IDM-RelatedInformationUser,M3UI-USER,MASHUP-User,PPEPRRO,,,,,,,,,,,,,,,,,,,,,,,,,,,,,,,,,,,,,,,,,,,,,,,,,,,,,,,,,,,,,,,,,,,,,,,,,,,,,,,,,,,,,,,,,,,,,,,,,,,,,,,,,,,,,,,,,,,,,,,,,,,,,,,,,,,,,,,,,,,,,,,,,,,,,,,,,,,,,,,,,,,,,,,,,,,,,,,,,,,,,,,,,,,,,,,,,,,,,,,,,,,,,,,,,,,,,,,,,,,,,,,,,,,,,,,,,,,,,,,,,,,,,,,,,,,,,,,,,,,,,,,,,,,,,,,,,,,,,,,,,,,,,,,,,,,,,,,,,,,,,,,,,,,,,,,,,,,,,,,,,,,,,,,,,,,,,,,,,,,,,,,,,,,,,,,,,,,,,,,,,,,,,,,,,,,,,,,,,,,,,,,,,,,,,,,,,,,,,,,,,,,,,,,,,,,,,,,,,,,,,,,,,,,,,,,,,,,,,,,,,,,,,,,,,,,,,,,,,,,,,,,,,,,,,,,,,,,,,,,,,,,,,,,,,,,,,,,,,,,,,,,,,,,,,,,,,,,,,,,,,,,,,,,,,,,,,,,,,,,,,,,,,,,,,,,,,,,,,,,,,,,,,,,,,,,,,,,,,,,,,,,,,,,,,,,,,,,,,,,,,,,,,,,,,,,,,,,,,,,,,,,,,,,,,,,,,,,,,,,,,,,,,,,,,,,,,,,,,,,,,,,,,,,,,,,, ,Updated
KLUNDIN,Kjell,Lundin,Kjell.Lundin@chcheli.com,,Active,,8841f4ab-150c-41a4-98d5-3eb140eabe9d,Kjell.Lundin@chcheli.com,2026-04-20T07:15:50-07:00,,Kjell.Lundin@chcheli.com,KLUNDIN,,,,,,,,MingleEnterprise,Infor-SuiteUser,MingleIONEnabled,HOMEPAGES-User,IDM-User,IDM-RelatedInformationUser,M3UI-USER,MASHUP-User,,,,,,,,,,,,,,,,,,,,,,,,,,,,,,,,,,,,,,,,,,,,,,,,,,,,,,,,,,,,,,,,,,,,,,,,,,,,,,,,,,,,,,,,,,,,,,,,,,,,,,,,,,,,,,,,,,,,,,,,,,,,,,,,,,,,,,,,,,,,,,,,,,,,,,,,,,,,,,,,,,,,,,,,,,,,,,,,,,,,,,,,,,,,,,,,,,,,,,,,,,,,,,,,,,,,,,,,,,,,,,,,,,,,,,,,,,,,,,,,,,,,,,,,,,,,,,,,,,,,,,,,,,,,,,,,,,,,,,,,,,,,,,,,,,,,,,,,,,,,,,,,,,,,,,,,,,,,,,,,,,,,,,,,,,,,,,,,,,,,,,,,,,,,,,,,,,,,,,,,,,,,,,,,,,,,,,,,,,,,,,,,,,,,,,,,,,,,,,,,,,,,,,,,,,,,,,,,,,,,,,,,,,,,,,,,,,,,,,,,,,,,,,,,,,,,,,,,,,,,,,,,,,,,,,,,,,,,,,,,,,,,,,,,,,,,,,,,,,,,,,,,,,,,,,,,,,,,,,,,,,,,,,,,,,,,,,,,,,,,,,,,,,,,,,,,,,,,,,,,,,,,,,,,,,,,,,,,,,,,,,,,,,,,,,,,,,,,,,,,,,,,,,,,,,,,,,,,,,,,,,,,,,,,,,,,,,,,,,,,,,,,,,,,,,,,,,,,,,,,,,,,,,,,,,,,, ,Updated
KMYKKELT,Kristine,Mykkeltvedt,Kristine.Mykkeltvedt@heli-one.com,,Active,,b94299d5-1f3d-4185-a17b-6fa9aa8fe5ef,Kristine.Mykkeltvedt@heli-one.com,2026-04-20T07:15:50-07:00,,Kristine.Mykkeltvedt@heli-one.com,KMYKKELT,,,,,,,,MingleEnterprise,Infor-SuiteUser,MingleIONEnabled,HOMEPAGES-User,IDM-User,IDM-RelatedInformationUser,M3UI-USER,MASHUP-User,,,,,,,,,,,,,,,,,,,,,,,,,,,,,,,,,,,,,,,,,,,,,,,,,,,,,,,,,,,,,,,,,,,,,,,,,,,,,,,,,,,,,,,,,,,,,,,,,,,,,,,,,,,,,,,,,,,,,,,,,,,,,,,,,,,,,,,,,,,,,,,,,,,,,,,,,,,,,,,,,,,,,,,,,,,,,,,,,,,,,,,,,,,,,,,,,,,,,,,,,,,,,,,,,,,,,,,,,,,,,,,,,,,,,,,,,,,,,,,,,,,,,,,,,,,,,,,,,,,,,,,,,,,,,,,,,,,,,,,,,,,,,,,,,,,,,,,,,,,,,,,,,,,,,,,,,,,,,,,,,,,,,,,,,,,,,,,,,,,,,,,,,,,,,,,,,,,,,,,,,,,,,,,,,,,,,,,,,,,,,,,,,,,,,,,,,,,,,,,,,,,,,,,,,,,,,,,,,,,,,,,,,,,,,,,,,,,,,,,,,,,,,,,,,,,,,,,,,,,,,,,,,,,,,,,,,,,,,,,,,,,,,,,,,,,,,,,,,,,,,,,,,,,,,,,,,,,,,,,,,,,,,,,,,,,,,,,,,,,,,,,,,,,,,,,,,,,,,,,,,,,,,,,,,,,,,,,,,,,,,,,,,,,,,,,,,,,,,,,,,,,,,,,,,,,,,,,,,,,,,,,,,,,,,,,,,,,,,,,,,,,,,,,,,,,,,,,,,,,,,,,,,,,,,,,,, ,Updated
KSPENGLE,Kevin,Spengler,Kevin.Spengler@chcheli.com,,Active,,aa76ef05-01a1-4f4f-aaeb-45d718f96527,Kevin.Spengler@chcheli.com,2026-04-20T07:15:51-07:00,,Kevin.Spengler@chcheli.com,KSPENGLE,,,,,,,,MingleEnterprise,Infor-SuiteUser,MingleIONEnabled,HOMEPAGES-User,IDM-User,IDM-RelatedInformationUser,M3UI-USER,MASHUP-User,,,,,,,,,,,,,,,,,,,,,,,,,,,,,,,,,,,,,,,,,,,,,,,,,,,,,,,,,,,,,,,,,,,,,,,,,,,,,,,,,,,,,,,,,,,,,,,,,,,,,,,,,,,,,,,,,,,,,,,,,,,,,,,,,,,,,,,,,,,,,,,,,,,,,,,,,,,,,,,,,,,,,,,,,,,,,,,,,,,,,,,,,,,,,,,,,,,,,,,,,,,,,,,,,,,,,,,,,,,,,,,,,,,,,,,,,,,,,,,,,,,,,,,,,,,,,,,,,,,,,,,,,,,,,,,,,,,,,,,,,,,,,,,,,,,,,,,,,,,,,,,,,,,,,,,,,,,,,,,,,,,,,,,,,,,,,,,,,,,,,,,,,,,,,,,,,,,,,,,,,,,,,,,,,,,,,,,,,,,,,,,,,,,,,,,,,,,,,,,,,,,,,,,,,,,,,,,,,,,,,,,,,,,,,,,,,,,,,,,,,,,,,,,,,,,,,,,,,,,,,,,,,,,,,,,,,,,,,,,,,,,,,,,,,,,,,,,,,,,,,,,,,,,,,,,,,,,,,,,,,,,,,,,,,,,,,,,,,,,,,,,,,,,,,,,,,,,,,,,,,,,,,,,,,,,,,,,,,,,,,,,,,,,,,,,,,,,,,,,,,,,,,,,,,,,,,,,,,,,,,,,,,,,,,,,,,,,,,,,,,,,,,,,,,,,,,,,,,,,,,,,,,,,,,,,,, ,Updated
KWILLIS,Keith,Willis,Keith.Willis@chcheli.com,,Active,,e7f3b5d6-d946-44dd-8513-7bc1b53beed8,Keith.Willis@chcheli.com,2026-04-20T07:15:51-07:00,,Keith.Willis@chcheli.com,KWILLIS,,,,,,,,MingleEnterprise,Infor-SuiteUser,MingleIONEnabled,HOMEPAGES-User,IDM-User,IDM-RelatedInformationUser,M3UI-USER,MASHUP-User,,,,,,,,,,,,,,,,,,,,,,,,,,,,,,,,,,,,,,,,,,,,,,,,,,,,,,,,,,,,,,,,,,,,,,,,,,,,,,,,,,,,,,,,,,,,,,,,,,,,,,,,,,,,,,,,,,,,,,,,,,,,,,,,,,,,,,,,,,,,,,,,,,,,,,,,,,,,,,,,,,,,,,,,,,,,,,,,,,,,,,,,,,,,,,,,,,,,,,,,,,,,,,,,,,,,,,,,,,,,,,,,,,,,,,,,,,,,,,,,,,,,,,,,,,,,,,,,,,,,,,,,,,,,,,,,,,,,,,,,,,,,,,,,,,,,,,,,,,,,,,,,,,,,,,,,,,,,,,,,,,,,,,,,,,,,,,,,,,,,,,,,,,,,,,,,,,,,,,,,,,,,,,,,,,,,,,,,,,,,,,,,,,,,,,,,,,,,,,,,,,,,,,,,,,,,,,,,,,,,,,,,,,,,,,,,,,,,,,,,,,,,,,,,,,,,,,,,,,,,,,,,,,,,,,,,,,,,,,,,,,,,,,,,,,,,,,,,,,,,,,,,,,,,,,,,,,,,,,,,,,,,,,,,,,,,,,,,,,,,,,,,,,,,,,,,,,,,,,,,,,,,,,,,,,,,,,,,,,,,,,,,,,,,,,,,,,,,,,,,,,,,,,,,,,,,,,,,,,,,,,,,,,,,,,,,,,,,,,,,,,,,,,,,,,,,,,,,,,,,,,,,,,,,,,,,, ,Updated
LCOOMAN,leroy,cooman,leroy.cooman@chcheli.com,,Active,,3f2eb9e3-e853-4004-8c56-297f17e559c8,leroy.cooman@chcheli.com,2026-04-20T07:15:52-07:00,,leroy.cooman@chcheli.com,LCOOMAN,,,,,,,,MingleEnterprise,Infor-SuiteUser,MingleIONEnabled,HOMEPAGES-User,IDM-User,IDM-RelatedInformationUser,M3UI-USER,MASHUP-User,,,,,,,,,,,,,,,,,,,,,,,,,,,,,,,,,,,,,,,,,,,,,,,,,,,,,,,,,,,,,,,,,,,,,,,,,,,,,,,,,,,,,,,,,,,,,,,,,,,,,,,,,,,,,,,,,,,,,,,,,,,,,,,,,,,,,,,,,,,,,,,,,,,,,,,,,,,,,,,,,,,,,,,,,,,,,,,,,,,,,,,,,,,,,,,,,,,,,,,,,,,,,,,,,,,,,,,,,,,,,,,,,,,,,,,,,,,,,,,,,,,,,,,,,,,,,,,,,,,,,,,,,,,,,,,,,,,,,,,,,,,,,,,,,,,,,,,,,,,,,,,,,,,,,,,,,,,,,,,,,,,,,,,,,,,,,,,,,,,,,,,,,,,,,,,,,,,,,,,,,,,,,,,,,,,,,,,,,,,,,,,,,,,,,,,,,,,,,,,,,,,,,,,,,,,,,,,,,,,,,,,,,,,,,,,,,,,,,,,,,,,,,,,,,,,,,,,,,,,,,,,,,,,,,,,,,,,,,,,,,,,,,,,,,,,,,,,,,,,,,,,,,,,,,,,,,,,,,,,,,,,,,,,,,,,,,,,,,,,,,,,,,,,,,,,,,,,,,,,,,,,,,,,,,,,,,,,,,,,,,,,,,,,,,,,,,,,,,,,,,,,,,,,,,,,,,,,,,,,,,,,,,,,,,,,,,,,,,,,,,,,,,,,,,,,,,,,,,,,,,,,,,,,,,,,,, ,Updated
LDEGREEF,Leon-Kees,de.Greef,Leon-Kees.de.Greef@chcheli.com,,Active,,552017d1-e980-40c0-b522-b78db08597a0,Leon-Kees.de.Greef@chcheli.com,2026-04-20T07:15:52-07:00,,Leon-Kees.de.Greef@chcheli.com,LDEGREEF,,,,,,,,MingleEnterprise,Infor-SuiteUser,MingleIONEnabled,HOMEPAGES-User,IDM-User,IDM-RelatedInformationUser,M3UI-USER,MASHUP-User,,,,,,,,,,,,,,,,,,,,,,,,,,,,,,,,,,,,,,,,,,,,,,,,,,,,,,,,,,,,,,,,,,,,,,,,,,,,,,,,,,,,,,,,,,,,,,,,,,,,,,,,,,,,,,,,,,,,,,,,,,,,,,,,,,,,,,,,,,,,,,,,,,,,,,,,,,,,,,,,,,,,,,,,,,,,,,,,,,,,,,,,,,,,,,,,,,,,,,,,,,,,,,,,,,,,,,,,,,,,,,,,,,,,,,,,,,,,,,,,,,,,,,,,,,,,,,,,,,,,,,,,,,,,,,,,,,,,,,,,,,,,,,,,,,,,,,,,,,,,,,,,,,,,,,,,,,,,,,,,,,,,,,,,,,,,,,,,,,,,,,,,,,,,,,,,,,,,,,,,,,,,,,,,,,,,,,,,,,,,,,,,,,,,,,,,,,,,,,,,,,,,,,,,,,,,,,,,,,,,,,,,,,,,,,,,,,,,,,,,,,,,,,,,,,,,,,,,,,,,,,,,,,,,,,,,,,,,,,,,,,,,,,,,,,,,,,,,,,,,,,,,,,,,,,,,,,,,,,,,,,,,,,,,,,,,,,,,,,,,,,,,,,,,,,,,,,,,,,,,,,,,,,,,,,,,,,,,,,,,,,,,,,,,,,,,,,,,,,,,,,,,,,,,,,,,,,,,,,,,,,,,,,,,,,,,,,,,,,,,,,,,,,,,,,,,,,,,,,,,,,,,,,,,,,,,, ,Updated
LDEVINE,Lauren,Devine,Lauren.Devine@chcheli.com,,Active,,b47098a3-8026-4032-881d-9adc05d017be,Lauren.Devine@chcheli.com,2026-04-20T07:15:53-07:00,,Lauren.Devine@chcheli.com,LDEVINE,,,,,,,,MingleEnterprise,Infor-SuiteUser,MingleIONEnabled,HOMEPAGES-User,IDM-User,IDM-RelatedInformationUser,M3UI-USER,MASHUP-User,,,,,,,,,,,,,,,,,,,,,,,,,,,,,,,,,,,,,,,,,,,,,,,,,,,,,,,,,,,,,,,,,,,,,,,,,,,,,,,,,,,,,,,,,,,,,,,,,,,,,,,,,,,,,,,,,,,,,,,,,,,,,,,,,,,,,,,,,,,,,,,,,,,,,,,,,,,,,,,,,,,,,,,,,,,,,,,,,,,,,,,,,,,,,,,,,,,,,,,,,,,,,,,,,,,,,,,,,,,,,,,,,,,,,,,,,,,,,,,,,,,,,,,,,,,,,,,,,,,,,,,,,,,,,,,,,,,,,,,,,,,,,,,,,,,,,,,,,,,,,,,,,,,,,,,,,,,,,,,,,,,,,,,,,,,,,,,,,,,,,,,,,,,,,,,,,,,,,,,,,,,,,,,,,,,,,,,,,,,,,,,,,,,,,,,,,,,,,,,,,,,,,,,,,,,,,,,,,,,,,,,,,,,,,,,,,,,,,,,,,,,,,,,,,,,,,,,,,,,,,,,,,,,,,,,,,,,,,,,,,,,,,,,,,,,,,,,,,,,,,,,,,,,,,,,,,,,,,,,,,,,,,,,,,,,,,,,,,,,,,,,,,,,,,,,,,,,,,,,,,,,,,,,,,,,,,,,,,,,,,,,,,,,,,,,,,,,,,,,,,,,,,,,,,,,,,,,,,,,,,,,,,,,,,,,,,,,,,,,,,,,,,,,,,,,,,,,,,,,,,,,,,,,,,,,,, ,Updated
LDICKSON,Linsday,Calderwood,Lindsay.Calderwood@chcheli.com,Ms,Active,,5d3796ef-e526-4858-a55f-afae955f13c0,Lindsay.Calderwood@chcheli.com,2026-04-20T07:15:53-07:00,2026-04-22T06:35:05-07:00,Lindsay.Calderwood@chcheli.com,LDICKSON,,,,,,,,MingleEnterprise,Infor-SuiteUser,MingleIONEnabled,HOMEPAGES-User,IDM-User,IDM-RelatedInformationUser,M3UI-USER,MASHUP-User,FGR003_RW,FGR001_RW,FGR005_RW,FGR004_RW,FGR002_RW,FGR351_RW,FGR355_RW,FGR352_RW,FGR350_RW,FGR359_RW,FGR014_RO,FGR021_RO,FGR300_RO,FGR301_RO,FGR302_RO,FGR311_RO,FGR312_RO,FGR352_RO,FGR350_RO,FGR302_RW,FGR359_RO,FGR305_RW,FGR310_RW,FGR312_RW,FGR315_RW,FGR300_RW,FGR301_RW,FGR309_RW,FGR311_RW,FGR319_RW,FGR006_RO,FGR012_RO,FGR013_RO,FGR309_RO,FGR305_RO,FGR315_RO,FGR310_RO,FGR319_RO,FGR351_RO,FGR355_RO,,,,,,,,,,,,,,,,,,,,,,,,,,,,,,,,,,,,,,,,,,,,,,,,,,,,,,,,,,,,,,,,,,,,,,,,,,,,,,,,,,,,,,,,,,,,,,,,,,,,,,,,,,,,,,,,,,,,,,,,,,,,,,,,,,,,,,,,,,,,,,,,,,,,,,,,,,,,,,,,,,,,,,,,,,,,,,,,,,,,,,,,,,,,,,,,,,,,,,,,,,,,,,,,,,,,,,,,,,,,,,,,,,,,,,,,,,,,,,,,,,,,,,,,,,,,,,,,,,,,,,,,,,,,,,,,,,,,,,,,,,,,,,,,,,,,,,,,,,,,,,,,,,,,,,,,,,,,,,,,,,,,,,,,,,,,,,,,,,,,,,,,,,,,,,,,,,,,,,,,,,,,,,,,,,,,,,,,,,,,,,,,,,,,,,,,,,,,,,,,,,,,,,,,,,,,,,,,,,,,,,,,,,,,,,,,,,,,,,,,,,,,,,,,,,,,,,,,,,,,,,,,,,,,,,,,,,,,,,,,,,,,,,,,,,,,,,,,,,,,,,,,,,,,,,,,,,,,,,,,,,,,,,,,,,,,,,,,,,,,,,,,,,,,,,,,,,,,,,,,,,,,,,,,,,,,,,,,,,,,,,,,,,,,,,,,,,,,,,,,,,,,,,,,,,,,,,,,,,,,,,,,,,,,,,,,, ,Updated
LERANGEL,Leticia,Rangel,Leticia.Rangel@chcheli.com,,Active,,8a4b1659-3b8a-4d51-a7c3-89c81cb3ce8c,Leticia.Rangel@chcheli.com,2026-04-20T07:15:54-07:00,,Leticia.Rangel@chcheli.com,LERANGEL,,,,,,,,MingleEnterprise,Infor-SuiteUser,MingleIONEnabled,HOMEPAGES-User,IDM-User,IDM-RelatedInformationUser,M3UI-USER,MASHUP-User,FGR191_RW,FGR190_RW,FGR150_RO,FGR152_RO,FGR159_RO,FGR151_RO,FGR199_RW,FGR195_RW,FGR155_RO,,,,,,,,,,,,,,,,,,,,,,,,,,,,,,,,,,,,,,,,,,,,,,,,,,,,,,,,,,,,,,,,,,,,,,,,,,,,,,,,,,,,,,,,,,,,,,,,,,,,,,,,,,,,,,,,,,,,,,,,,,,,,,,,,,,,,,,,,,,,,,,,,,,,,,,,,,,,,,,,,,,,,,,,,,,,,,,,,,,,,,,,,,,,,,,,,,,,,,,,,,,,,,,,,,,,,,,,,,,,,,,,,,,,,,,,,,,,,,,,,,,,,,,,,,,,,,,,,,,,,,,,,,,,,,,,,,,,,,,,,,,,,,,,,,,,,,,,,,,,,,,,,,,,,,,,,,,,,,,,,,,,,,,,,,,,,,,,,,,,,,,,,,,,,,,,,,,,,,,,,,,,,,,,,,,,,,,,,,,,,,,,,,,,,,,,,,,,,,,,,,,,,,,,,,,,,,,,,,,,,,,,,,,,,,,,,,,,,,,,,,,,,,,,,,,,,,,,,,,,,,,,,,,,,,,,,,,,,,,,,,,,,,,,,,,,,,,,,,,,,,,,,,,,,,,,,,,,,,,,,,,,,,,,,,,,,,,,,,,,,,,,,,,,,,,,,,,,,,,,,,,,,,,,,,,,,,,,,,,,,,,,,,,,,,,,,,,,,,,,,,,,,,,,,,,,,,,,,,,,,,,,,,,,,,,,,,,,,,,,,,,,,,,,,,,,,,,,,,,,,,,, ,Updated
LGRAVES,Lillie,Graves,Lillie.Graves@chcheli.com,,Active,,8d99e0bb-cead-4980-9f17-38f89f959441,Lillie.Graves@chcheli.com,2026-04-20T07:15:54-07:00,,Lillie.Graves@chcheli.com,LGRAVES,,,,,,,,MingleEnterprise,Infor-SuiteUser,MingleIONEnabled,HOMEPAGES-User,IDM-User,IDM-RelatedInformationUser,M3UI-USER,MASHUP-User,,,,,,,,,,,,,,,,,,,,,,,,,,,,,,,,,,,,,,,,,,,,,,,,,,,,,,,,,,,,,,,,,,,,,,,,,,,,,,,,,,,,,,,,,,,,,,,,,,,,,,,,,,,,,,,,,,,,,,,,,,,,,,,,,,,,,,,,,,,,,,,,,,,,,,,,,,,,,,,,,,,,,,,,,,,,,,,,,,,,,,,,,,,,,,,,,,,,,,,,,,,,,,,,,,,,,,,,,,,,,,,,,,,,,,,,,,,,,,,,,,,,,,,,,,,,,,,,,,,,,,,,,,,,,,,,,,,,,,,,,,,,,,,,,,,,,,,,,,,,,,,,,,,,,,,,,,,,,,,,,,,,,,,,,,,,,,,,,,,,,,,,,,,,,,,,,,,,,,,,,,,,,,,,,,,,,,,,,,,,,,,,,,,,,,,,,,,,,,,,,,,,,,,,,,,,,,,,,,,,,,,,,,,,,,,,,,,,,,,,,,,,,,,,,,,,,,,,,,,,,,,,,,,,,,,,,,,,,,,,,,,,,,,,,,,,,,,,,,,,,,,,,,,,,,,,,,,,,,,,,,,,,,,,,,,,,,,,,,,,,,,,,,,,,,,,,,,,,,,,,,,,,,,,,,,,,,,,,,,,,,,,,,,,,,,,,,,,,,,,,,,,,,,,,,,,,,,,,,,,,,,,,,,,,,,,,,,,,,,,,,,,,,,,,,,,,,,,,,,,,,,,,,,,,,,,, ,Updated
LHODGSON,Lorraine,Cameron,Lorraine.Cameron@chcheli.com,,Active,,e434246f-8bab-4ea4-b069-b8e5edfae40f,Lorraine.Cameron@chcheli.com,2026-04-20T07:15:54-07:00,,Lorraine.Cameron@chcheli.com,LHODGSON,,,,,,,,MingleEnterprise,Infor-SuiteUser,MingleIONEnabled,HOMEPAGES-User,IDM-User,IDM-RelatedInformationUser,M3UI-USER,MASHUP-User,,,,,,,,,,,,,,,,,,,,,,,,,,,,,,,,,,,,,,,,,,,,,,,,,,,,,,,,,,,,,,,,,,,,,,,,,,,,,,,,,,,,,,,,,,,,,,,,,,,,,,,,,,,,,,,,,,,,,,,,,,,,,,,,,,,,,,,,,,,,,,,,,,,,,,,,,,,,,,,,,,,,,,,,,,,,,,,,,,,,,,,,,,,,,,,,,,,,,,,,,,,,,,,,,,,,,,,,,,,,,,,,,,,,,,,,,,,,,,,,,,,,,,,,,,,,,,,,,,,,,,,,,,,,,,,,,,,,,,,,,,,,,,,,,,,,,,,,,,,,,,,,,,,,,,,,,,,,,,,,,,,,,,,,,,,,,,,,,,,,,,,,,,,,,,,,,,,,,,,,,,,,,,,,,,,,,,,,,,,,,,,,,,,,,,,,,,,,,,,,,,,,,,,,,,,,,,,,,,,,,,,,,,,,,,,,,,,,,,,,,,,,,,,,,,,,,,,,,,,,,,,,,,,,,,,,,,,,,,,,,,,,,,,,,,,,,,,,,,,,,,,,,,,,,,,,,,,,,,,,,,,,,,,,,,,,,,,,,,,,,,,,,,,,,,,,,,,,,,,,,,,,,,,,,,,,,,,,,,,,,,,,,,,,,,,,,,,,,,,,,,,,,,,,,,,,,,,,,,,,,,,,,,,,,,,,,,,,,,,,,,,,,,,,,,,,,,,,,,,,,,,,,,,,,,,,, ,Updated
LJAMES,Lee,James,Lee.James@chcheli.com,,Active,,de3c20a2-1266-4a1b-94a3-379ceedb8908,Lee.James@chcheli.com,2026-04-20T07:15:54-07:00,,Lee.James@chcheli.com,LJAMES,,,,,,,,MingleEnterprise,Infor-SuiteUser,MingleIONEnabled,HOMEPAGES-User,IDM-User,IDM-RelatedInformationUser,M3UI-USER,MASHUP-User,PPEPRRO,,,,,,,,,,,,,,,,,,,,,,,,,,,,,,,,,,,,,,,,,,,,,,,,,,,,,,,,,,,,,,,,,,,,,,,,,,,,,,,,,,,,,,,,,,,,,,,,,,,,,,,,,,,,,,,,,,,,,,,,,,,,,,,,,,,,,,,,,,,,,,,,,,,,,,,,,,,,,,,,,,,,,,,,,,,,,,,,,,,,,,,,,,,,,,,,,,,,,,,,,,,,,,,,,,,,,,,,,,,,,,,,,,,,,,,,,,,,,,,,,,,,,,,,,,,,,,,,,,,,,,,,,,,,,,,,,,,,,,,,,,,,,,,,,,,,,,,,,,,,,,,,,,,,,,,,,,,,,,,,,,,,,,,,,,,,,,,,,,,,,,,,,,,,,,,,,,,,,,,,,,,,,,,,,,,,,,,,,,,,,,,,,,,,,,,,,,,,,,,,,,,,,,,,,,,,,,,,,,,,,,,,,,,,,,,,,,,,,,,,,,,,,,,,,,,,,,,,,,,,,,,,,,,,,,,,,,,,,,,,,,,,,,,,,,,,,,,,,,,,,,,,,,,,,,,,,,,,,,,,,,,,,,,,,,,,,,,,,,,,,,,,,,,,,,,,,,,,,,,,,,,,,,,,,,,,,,,,,,,,,,,,,,,,,,,,,,,,,,,,,,,,,,,,,,,,,,,,,,,,,,,,,,,,,,,,,,,,,,,,,,,,,,,,,,,,,,,,,,,,,,,,,,,,,,,, ,Updated
LKOZIK,Lukasz,Kozik,Lukasz.Kozik@heli-one.com,,Active,,01d20ce7-7bfd-4ab5-8135-0f4b749666a0,Lukasz.Kozik@heli-one.com,2026-04-20T07:15:54-07:00,,Lukasz.Kozik@heli-one.com,LKOZIK,,,,,,,,MingleEnterprise,Infor-SuiteUser,MingleIONEnabled,HOMEPAGES-User,IDM-User,IDM-RelatedInformationUser,M3UI-USER,MASHUP-User,,,,,,,,,,,,,,,,,,,,,,,,,,,,,,,,,,,,,,,,,,,,,,,,,,,,,,,,,,,,,,,,,,,,,,,,,,,,,,,,,,,,,,,,,,,,,,,,,,,,,,,,,,,,,,,,,,,,,,,,,,,,,,,,,,,,,,,,,,,,,,,,,,,,,,,,,,,,,,,,,,,,,,,,,,,,,,,,,,,,,,,,,,,,,,,,,,,,,,,,,,,,,,,,,,,,,,,,,,,,,,,,,,,,,,,,,,,,,,,,,,,,,,,,,,,,,,,,,,,,,,,,,,,,,,,,,,,,,,,,,,,,,,,,,,,,,,,,,,,,,,,,,,,,,,,,,,,,,,,,,,,,,,,,,,,,,,,,,,,,,,,,,,,,,,,,,,,,,,,,,,,,,,,,,,,,,,,,,,,,,,,,,,,,,,,,,,,,,,,,,,,,,,,,,,,,,,,,,,,,,,,,,,,,,,,,,,,,,,,,,,,,,,,,,,,,,,,,,,,,,,,,,,,,,,,,,,,,,,,,,,,,,,,,,,,,,,,,,,,,,,,,,,,,,,,,,,,,,,,,,,,,,,,,,,,,,,,,,,,,,,,,,,,,,,,,,,,,,,,,,,,,,,,,,,,,,,,,,,,,,,,,,,,,,,,,,,,,,,,,,,,,,,,,,,,,,,,,,,,,,,,,,,,,,,,,,,,,,,,,,,,,,,,,,,,,,,,,,,,,,,,,,,,,,,,,, ,Updated
LORIBEIR,Lorena,Ribeiro,Lorena.Ribeiro@chcheli.com,,Active,,75bf02a0-e4ef-41aa-b04b-fbc1937b3c93,Lorena.Ribeiro@chcheli.com,2026-04-20T07:15:54-07:00,,Lorena.Ribeiro@chcheli.com,LORIBEIR,,,,,,,,MingleEnterprise,Infor-SuiteUser,MingleIONEnabled,HOMEPAGES-User,IDM-User,IDM-RelatedInformationUser,M3UI-USER,MASHUP-User,FGR191_RW,FGR190_RW,FGR150_RO,FGR152_RO,FGR159_RO,FGR151_RO,FGR199_RW,FGR195_RW,FGR155_RO,,,,,,,,,,,,,,,,,,,,,,,,,,,,,,,,,,,,,,,,,,,,,,,,,,,,,,,,,,,,,,,,,,,,,,,,,,,,,,,,,,,,,,,,,,,,,,,,,,,,,,,,,,,,,,,,,,,,,,,,,,,,,,,,,,,,,,,,,,,,,,,,,,,,,,,,,,,,,,,,,,,,,,,,,,,,,,,,,,,,,,,,,,,,,,,,,,,,,,,,,,,,,,,,,,,,,,,,,,,,,,,,,,,,,,,,,,,,,,,,,,,,,,,,,,,,,,,,,,,,,,,,,,,,,,,,,,,,,,,,,,,,,,,,,,,,,,,,,,,,,,,,,,,,,,,,,,,,,,,,,,,,,,,,,,,,,,,,,,,,,,,,,,,,,,,,,,,,,,,,,,,,,,,,,,,,,,,,,,,,,,,,,,,,,,,,,,,,,,,,,,,,,,,,,,,,,,,,,,,,,,,,,,,,,,,,,,,,,,,,,,,,,,,,,,,,,,,,,,,,,,,,,,,,,,,,,,,,,,,,,,,,,,,,,,,,,,,,,,,,,,,,,,,,,,,,,,,,,,,,,,,,,,,,,,,,,,,,,,,,,,,,,,,,,,,,,,,,,,,,,,,,,,,,,,,,,,,,,,,,,,,,,,,,,,,,,,,,,,,,,,,,,,,,,,,,,,,,,,,,,,,,,,,,,,,,,,,,,,,,,,,,,,,,,,,,,,,,,,,,,,,, ,Updated
LSANGSTER,Lorraine,Smith,Lorraine.Smith@chcheli.com,,Active,,29d5381d-2256-4c22-b384-21a0bba9d8e2,Lorraine.Smith@chcheli.com,2026-04-20T07:15:54-07:00,,Lorraine.Smith@chcheli.com,LSANGSTER,,,,,,,,MingleEnterprise,Infor-SuiteUser,MingleIONEnabled,HOMEPAGES-User,IDM-User,IDM-RelatedInformationUser,M3UI-USER,MASHUP-User,PPEPRRO,,,,,,,,,,,,,,,,,,,,,,,,,,,,,,,,,,,,,,,,,,,,,,,,,,,,,,,,,,,,,,,,,,,,,,,,,,,,,,,,,,,,,,,,,,,,,,,,,,,,,,,,,,,,,,,,,,,,,,,,,,,,,,,,,,,,,,,,,,,,,,,,,,,,,,,,,,,,,,,,,,,,,,,,,,,,,,,,,,,,,,,,,,,,,,,,,,,,,,,,,,,,,,,,,,,,,,,,,,,,,,,,,,,,,,,,,,,,,,,,,,,,,,,,,,,,,,,,,,,,,,,,,,,,,,,,,,,,,,,,,,,,,,,,,,,,,,,,,,,,,,,,,,,,,,,,,,,,,,,,,,,,,,,,,,,,,,,,,,,,,,,,,,,,,,,,,,,,,,,,,,,,,,,,,,,,,,,,,,,,,,,,,,,,,,,,,,,,,,,,,,,,,,,,,,,,,,,,,,,,,,,,,,,,,,,,,,,,,,,,,,,,,,,,,,,,,,,,,,,,,,,,,,,,,,,,,,,,,,,,,,,,,,,,,,,,,,,,,,,,,,,,,,,,,,,,,,,,,,,,,,,,,,,,,,,,,,,,,,,,,,,,,,,,,,,,,,,,,,,,,,,,,,,,,,,,,,,,,,,,,,,,,,,,,,,,,,,,,,,,,,,,,,,,,,,,,,,,,,,,,,,,,,,,,,,,,,,,,,,,,,,,,,,,,,,,,,,,,,,,,,,,,,,,,,,, ,Updated
LSEVERO,Luiz,Severo,Luiz.Severo@chcheli.com,,Active,,7aead7a8-1014-49d6-a608-61195067fdff,Luiz.Severo@chcheli.com,2026-04-20T07:15:55-07:00,,Luiz.Severo@chcheli.com,LSEVERO,,,,,,,,MingleEnterprise,Infor-SuiteUser,MingleIONEnabled,HOMEPAGES-User,IDM-User,IDM-RelatedInformationUser,M3UI-USER,MASHUP-User,FGR191_RW,FGR190_RW,FGR150_RO,FGR152_RO,FGR159_RO,FGR151_RO,FGR199_RW,FGR195_RW,FGR155_RO,,,,,,,,,,,,,,,,,,,,,,,,,,,,,,,,,,,,,,,,,,,,,,,,,,,,,,,,,,,,,,,,,,,,,,,,,,,,,,,,,,,,,,,,,,,,,,,,,,,,,,,,,,,,,,,,,,,,,,,,,,,,,,,,,,,,,,,,,,,,,,,,,,,,,,,,,,,,,,,,,,,,,,,,,,,,,,,,,,,,,,,,,,,,,,,,,,,,,,,,,,,,,,,,,,,,,,,,,,,,,,,,,,,,,,,,,,,,,,,,,,,,,,,,,,,,,,,,,,,,,,,,,,,,,,,,,,,,,,,,,,,,,,,,,,,,,,,,,,,,,,,,,,,,,,,,,,,,,,,,,,,,,,,,,,,,,,,,,,,,,,,,,,,,,,,,,,,,,,,,,,,,,,,,,,,,,,,,,,,,,,,,,,,,,,,,,,,,,,,,,,,,,,,,,,,,,,,,,,,,,,,,,,,,,,,,,,,,,,,,,,,,,,,,,,,,,,,,,,,,,,,,,,,,,,,,,,,,,,,,,,,,,,,,,,,,,,,,,,,,,,,,,,,,,,,,,,,,,,,,,,,,,,,,,,,,,,,,,,,,,,,,,,,,,,,,,,,,,,,,,,,,,,,,,,,,,,,,,,,,,,,,,,,,,,,,,,,,,,,,,,,,,,,,,,,,,,,,,,,,,,,,,,,,,,,,,,,,,,,,,,,,,,,,,,,,,,,,,,,,,,,, ,Updated
LSIM,Lesley,Sim,Lesley.Sim@chcheli.com,,Active,,657e57a3-2b22-442f-bfc0-2b67af89b406,Lesley.Sim@chcheli.com,2026-04-20T07:15:55-07:00,,Lesley.Sim@chcheli.com,LSIM,,,,,,,,MingleEnterprise,Infor-SuiteUser,MingleIONEnabled,HOMEPAGES-User,IDM-User,IDM-RelatedInformationUser,M3UI-USER,MASHUP-User,,,,,,,,,,,,,,,,,,,,,,,,,,,,,,,,,,,,,,,,,,,,,,,,,,,,,,,,,,,,,,,,,,,,,,,,,,,,,,,,,,,,,,,,,,,,,,,,,,,,,,,,,,,,,,,,,,,,,,,,,,,,,,,,,,,,,,,,,,,,,,,,,,,,,,,,,,,,,,,,,,,,,,,,,,,,,,,,,,,,,,,,,,,,,,,,,,,,,,,,,,,,,,,,,,,,,,,,,,,,,,,,,,,,,,,,,,,,,,,,,,,,,,,,,,,,,,,,,,,,,,,,,,,,,,,,,,,,,,,,,,,,,,,,,,,,,,,,,,,,,,,,,,,,,,,,,,,,,,,,,,,,,,,,,,,,,,,,,,,,,,,,,,,,,,,,,,,,,,,,,,,,,,,,,,,,,,,,,,,,,,,,,,,,,,,,,,,,,,,,,,,,,,,,,,,,,,,,,,,,,,,,,,,,,,,,,,,,,,,,,,,,,,,,,,,,,,,,,,,,,,,,,,,,,,,,,,,,,,,,,,,,,,,,,,,,,,,,,,,,,,,,,,,,,,,,,,,,,,,,,,,,,,,,,,,,,,,,,,,,,,,,,,,,,,,,,,,,,,,,,,,,,,,,,,,,,,,,,,,,,,,,,,,,,,,,,,,,,,,,,,,,,,,,,,,,,,,,,,,,,,,,,,,,,,,,,,,,,,,,,,,,,,,,,,,,,,,,,,,,,,,,,,,,,,,,, ,Updated
LTORKELS,Leif,Torkelsen,Leif.Torkelsen@heli-one.com,,Active,,b09ad4a8-5be2-4b3f-b08c-0f18c98b7630,Leif.Torkelsen@heli-one.com,2026-04-20T07:15:55-07:00,,Leif.Torkelsen@heli-one.com,LTORKELS,,,,,,,,MingleEnterprise,Infor-SuiteUser,MingleIONEnabled,HOMEPAGES-User,IDM-User,IDM-RelatedInformationUser,M3UI-USER,MASHUP-User,,,,,,,,,,,,,,,,,,,,,,,,,,,,,,,,,,,,,,,,,,,,,,,,,,,,,,,,,,,,,,,,,,,,,,,,,,,,,,,,,,,,,,,,,,,,,,,,,,,,,,,,,,,,,,,,,,,,,,,,,,,,,,,,,,,,,,,,,,,,,,,,,,,,,,,,,,,,,,,,,,,,,,,,,,,,,,,,,,,,,,,,,,,,,,,,,,,,,,,,,,,,,,,,,,,,,,,,,,,,,,,,,,,,,,,,,,,,,,,,,,,,,,,,,,,,,,,,,,,,,,,,,,,,,,,,,,,,,,,,,,,,,,,,,,,,,,,,,,,,,,,,,,,,,,,,,,,,,,,,,,,,,,,,,,,,,,,,,,,,,,,,,,,,,,,,,,,,,,,,,,,,,,,,,,,,,,,,,,,,,,,,,,,,,,,,,,,,,,,,,,,,,,,,,,,,,,,,,,,,,,,,,,,,,,,,,,,,,,,,,,,,,,,,,,,,,,,,,,,,,,,,,,,,,,,,,,,,,,,,,,,,,,,,,,,,,,,,,,,,,,,,,,,,,,,,,,,,,,,,,,,,,,,,,,,,,,,,,,,,,,,,,,,,,,,,,,,,,,,,,,,,,,,,,,,,,,,,,,,,,,,,,,,,,,,,,,,,,,,,,,,,,,,,,,,,,,,,,,,,,,,,,,,,,,,,,,,,,,,,,,,,,,,,,,,,,,,,,,,,,,,,,,,,,,,,, ,Updated
LUDASILV,Lucas,daSilva,Lucas.daSilva@chcheli.com,,Active,,6899437e-deba-4cca-8023-12b2624436db,Lucas.daSilva@chcheli.com,2026-04-20T07:15:55-07:00,,Lucas.daSilva@chcheli.com,LUDASILV,,,,,,,,MingleEnterprise,Infor-SuiteUser,MingleIONEnabled,HOMEPAGES-User,IDM-User,IDM-RelatedInformationUser,M3UI-USER,MASHUP-User,FGR191_RW,FGR190_RW,FGR150_RO,FGR152_RO,FGR159_RO,FGR151_RO,FGR199_RW,FGR195_RW,FGR155_RO,,,,,,,,,,,,,,,,,,,,,,,,,,,,,,,,,,,,,,,,,,,,,,,,,,,,,,,,,,,,,,,,,,,,,,,,,,,,,,,,,,,,,,,,,,,,,,,,,,,,,,,,,,,,,,,,,,,,,,,,,,,,,,,,,,,,,,,,,,,,,,,,,,,,,,,,,,,,,,,,,,,,,,,,,,,,,,,,,,,,,,,,,,,,,,,,,,,,,,,,,,,,,,,,,,,,,,,,,,,,,,,,,,,,,,,,,,,,,,,,,,,,,,,,,,,,,,,,,,,,,,,,,,,,,,,,,,,,,,,,,,,,,,,,,,,,,,,,,,,,,,,,,,,,,,,,,,,,,,,,,,,,,,,,,,,,,,,,,,,,,,,,,,,,,,,,,,,,,,,,,,,,,,,,,,,,,,,,,,,,,,,,,,,,,,,,,,,,,,,,,,,,,,,,,,,,,,,,,,,,,,,,,,,,,,,,,,,,,,,,,,,,,,,,,,,,,,,,,,,,,,,,,,,,,,,,,,,,,,,,,,,,,,,,,,,,,,,,,,,,,,,,,,,,,,,,,,,,,,,,,,,,,,,,,,,,,,,,,,,,,,,,,,,,,,,,,,,,,,,,,,,,,,,,,,,,,,,,,,,,,,,,,,,,,,,,,,,,,,,,,,,,,,,,,,,,,,,,,,,,,,,,,,,,,,,,,,,,,,,,,,,,,,,,,,,,,,,,,,,,,,,, ,Updated
LVALANI,Liza,Valani,Liza.Valani@chcheli.com,,Active,,efd2b40b-d489-441f-8e53-07cd2020b404,Liza.Valani@chcheli.com,2026-04-20T07:15:55-07:00,,Liza.Valani@chcheli.com,LVALANI,,,,,,,,MingleEnterprise,Infor-SuiteUser,MingleIONEnabled,HOMEPAGES-User,IDM-User,IDM-RelatedInformationUser,M3UI-USER,MASHUP-User,,,,,,,,,,,,,,,,,,,,,,,,,,,,,,,,,,,,,,,,,,,,,,,,,,,,,,,,,,,,,,,,,,,,,,,,,,,,,,,,,,,,,,,,,,,,,,,,,,,,,,,,,,,,,,,,,,,,,,,,,,,,,,,,,,,,,,,,,,,,,,,,,,,,,,,,,,,,,,,,,,,,,,,,,,,,,,,,,,,,,,,,,,,,,,,,,,,,,,,,,,,,,,,,,,,,,,,,,,,,,,,,,,,,,,,,,,,,,,,,,,,,,,,,,,,,,,,,,,,,,,,,,,,,,,,,,,,,,,,,,,,,,,,,,,,,,,,,,,,,,,,,,,,,,,,,,,,,,,,,,,,,,,,,,,,,,,,,,,,,,,,,,,,,,,,,,,,,,,,,,,,,,,,,,,,,,,,,,,,,,,,,,,,,,,,,,,,,,,,,,,,,,,,,,,,,,,,,,,,,,,,,,,,,,,,,,,,,,,,,,,,,,,,,,,,,,,,,,,,,,,,,,,,,,,,,,,,,,,,,,,,,,,,,,,,,,,,,,,,,,,,,,,,,,,,,,,,,,,,,,,,,,,,,,,,,,,,,,,,,,,,,,,,,,,,,,,,,,,,,,,,,,,,,,,,,,,,,,,,,,,,,,,,,,,,,,,,,,,,,,,,,,,,,,,,,,,,,,,,,,,,,,,,,,,,,,,,,,,,,,,,,,,,,,,,,,,,,,,,,,,,,,,,,,,,,, ,Updated
LVANSON,Luke,Vanson,Luke.Vanson@chcheli.com,,Active,,595bcf43-c2c9-4f76-8d7e-1c96cbf43540,Luke.Vanson@chcheli.com,2026-04-20T07:15:55-07:00,,Luke.Vanson@chcheli.com,LVANSON,,,,,,,,MingleEnterprise,Infor-SuiteUser,MingleIONEnabled,HOMEPAGES-User,IDM-User,IDM-RelatedInformationUser,M3UI-USER,MASHUP-User,,,,,,,,,,,,,,,,,,,,,,,,,,,,,,,,,,,,,,,,,,,,,,,,,,,,,,,,,,,,,,,,,,,,,,,,,,,,,,,,,,,,,,,,,,,,,,,,,,,,,,,,,,,,,,,,,,,,,,,,,,,,,,,,,,,,,,,,,,,,,,,,,,,,,,,,,,,,,,,,,,,,,,,,,,,,,,,,,,,,,,,,,,,,,,,,,,,,,,,,,,,,,,,,,,,,,,,,,,,,,,,,,,,,,,,,,,,,,,,,,,,,,,,,,,,,,,,,,,,,,,,,,,,,,,,,,,,,,,,,,,,,,,,,,,,,,,,,,,,,,,,,,,,,,,,,,,,,,,,,,,,,,,,,,,,,,,,,,,,,,,,,,,,,,,,,,,,,,,,,,,,,,,,,,,,,,,,,,,,,,,,,,,,,,,,,,,,,,,,,,,,,,,,,,,,,,,,,,,,,,,,,,,,,,,,,,,,,,,,,,,,,,,,,,,,,,,,,,,,,,,,,,,,,,,,,,,,,,,,,,,,,,,,,,,,,,,,,,,,,,,,,,,,,,,,,,,,,,,,,,,,,,,,,,,,,,,,,,,,,,,,,,,,,,,,,,,,,,,,,,,,,,,,,,,,,,,,,,,,,,,,,,,,,,,,,,,,,,,,,,,,,,,,,,,,,,,,,,,,,,,,,,,,,,,,,,,,,,,,,,,,,,,,,,,,,,,,,,,,,,,,,,,,,,,,,, ,Updated
LVELINCA,Leonardo,Velincas,Leonardo.Velincas@chcheli.com,,Active,,86d58b65-ffad-408e-a357-dc3271ac5668,Leonardo.Velincas@chcheli.com,2026-04-20T07:15:56-07:00,,Leonardo.Velincas@chcheli.com,LVELINCA,,,,,,,,MingleEnterprise,Infor-SuiteUser,MingleIONEnabled,HOMEPAGES-User,IDM-User,IDM-RelatedInformationUser,M3UI-USER,MASHUP-User,FGR001_RW,FGR014_RO,FGR030_RO,FGR039_RO,FGR065_RO,FGR061_RO,FGR062_RO,FGR080_RO,FGR082_RO,FGR110_RO,FGR111_RO,FGR089_RO,FGR112_RO,FGR300_RO,FGR301_RO,FGR311_RO,FGR321_RO,FGR329_RO,FGR331_RO,FGR340_RO,FGR339_RO,FGR341_RO,FGR349_RO,FGR350_RO,FGR359_RO,FGR369_RO,FGR361_RO,FGR004_RO,FGR006_RO,FGR005_RO,FGR012_RO,FGR031_RO,FGR035_RO,FGR032_RO,FGR060_RO,FGR069_RO,FGR085_RO,FGR081_RO,FGR115_RO,FGR119_RO,FGR309_RO,FGR310_RO,FGR319_RO,FGR320_RO,FGR330_RO,FGR351_RO,FGR360_RO,FGR999_RO,,,,,,,,,,,,,,,,,,,,,,,,,,,,,,,,,,,,,,,,,,,,,,,,,,,,,,,,,,,,,,,,,,,,,,,,,,,,,,,,,,,,,,,,,,,,,,,,,,,,,,,,,,,,,,,,,,,,,,,,,,,,,,,,,,,,,,,,,,,,,,,,,,,,,,,,,,,,,,,,,,,,,,,,,,,,,,,,,,,,,,,,,,,,,,,,,,,,,,,,,,,,,,,,,,,,,,,,,,,,,,,,,,,,,,,,,,,,,,,,,,,,,,,,,,,,,,,,,,,,,,,,,,,,,,,,,,,,,,,,,,,,,,,,,,,,,,,,,,,,,,,,,,,,,,,,,,,,,,,,,,,,,,,,,,,,,,,,,,,,,,,,,,,,,,,,,,,,,,,,,,,,,,,,,,,,,,,,,,,,,,,,,,,,,,,,,,,,,,,,,,,,,,,,,,,,,,,,,,,,,,,,,,,,,,,,,,,,,,,,,,,,,,,,,,,,,,,,,,,,,,,,,,,,,,,,,,,,,,,,,,,,,,,,,,,,,,,,,,,,,,,,,,,,,,,,,,,,,,,,,,,,,,,,,,,,,,,,,,,,,,,,,,,,,,,,,,,,,,,,,,,,,,,,,,,,,,,,,,,,,,,,,,,,,,,,,,,,,,,,,,,,,,,,,,,,,,,,,,,,,,,,, ,Updated
LWATT,leigh-ann,watt,leigh-ann.watt@chcheli.com,,Active,,a43b3b01-b032-4850-832d-47e835f8e7e6,leigh-ann.watt@chcheli.com,2026-04-20T07:15:56-07:00,,leigh-ann.watt@chcheli.com,LWATT,,,,,,,,MingleEnterprise,Infor-SuiteUser,MingleIONEnabled,HOMEPAGES-User,IDM-User,IDM-RelatedInformationUser,M3UI-USER,MASHUP-User,FGR191_RW,FGR190_RW,FGR150_RO,FGR152_RO,FGR159_RO,FGR151_RO,FGR305_RW,FGR199_RW,FGR195_RW,FGR155_RO,,,,,,,,,,,,,,,,,,,,,,,,,,,,,,,,,,,,,,,,,,,,,,,,,,,,,,,,,,,,,,,,,,,,,,,,,,,,,,,,,,,,,,,,,,,,,,,,,,,,,,,,,,,,,,,,,,,,,,,,,,,,,,,,,,,,,,,,,,,,,,,,,,,,,,,,,,,,,,,,,,,,,,,,,,,,,,,,,,,,,,,,,,,,,,,,,,,,,,,,,,,,,,,,,,,,,,,,,,,,,,,,,,,,,,,,,,,,,,,,,,,,,,,,,,,,,,,,,,,,,,,,,,,,,,,,,,,,,,,,,,,,,,,,,,,,,,,,,,,,,,,,,,,,,,,,,,,,,,,,,,,,,,,,,,,,,,,,,,,,,,,,,,,,,,,,,,,,,,,,,,,,,,,,,,,,,,,,,,,,,,,,,,,,,,,,,,,,,,,,,,,,,,,,,,,,,,,,,,,,,,,,,,,,,,,,,,,,,,,,,,,,,,,,,,,,,,,,,,,,,,,,,,,,,,,,,,,,,,,,,,,,,,,,,,,,,,,,,,,,,,,,,,,,,,,,,,,,,,,,,,,,,,,,,,,,,,,,,,,,,,,,,,,,,,,,,,,,,,,,,,,,,,,,,,,,,,,,,,,,,,,,,,,,,,,,,,,,,,,,,,,,,,,,,,,,,,,,,,,,,,,,,,,,,,,,,,,,,,,,,,,,,,,,,,,,,,,,,,,,,,, ,Updated
LWOOD,Laura,Wood,Laura.Wood@chcheli.com,,Active,,14624f11-9b39-4041-915b-66557fdf4041,Laura.Wood@chcheli.com,2026-04-20T07:15:56-07:00,,Laura.Wood@chcheli.com,LWOOD,,,,,,,,MingleEnterprise,Infor-SuiteUser,MingleIONEnabled,HOMEPAGES-User,IDM-User,IDM-RelatedInformationUser,M3UI-USER,MASHUP-User,,,,,,,,,,,,,,,,,,,,,,,,,,,,,,,,,,,,,,,,,,,,,,,,,,,,,,,,,,,,,,,,,,,,,,,,,,,,,,,,,,,,,,,,,,,,,,,,,,,,,,,,,,,,,,,,,,,,,,,,,,,,,,,,,,,,,,,,,,,,,,,,,,,,,,,,,,,,,,,,,,,,,,,,,,,,,,,,,,,,,,,,,,,,,,,,,,,,,,,,,,,,,,,,,,,,,,,,,,,,,,,,,,,,,,,,,,,,,,,,,,,,,,,,,,,,,,,,,,,,,,,,,,,,,,,,,,,,,,,,,,,,,,,,,,,,,,,,,,,,,,,,,,,,,,,,,,,,,,,,,,,,,,,,,,,,,,,,,,,,,,,,,,,,,,,,,,,,,,,,,,,,,,,,,,,,,,,,,,,,,,,,,,,,,,,,,,,,,,,,,,,,,,,,,,,,,,,,,,,,,,,,,,,,,,,,,,,,,,,,,,,,,,,,,,,,,,,,,,,,,,,,,,,,,,,,,,,,,,,,,,,,,,,,,,,,,,,,,,,,,,,,,,,,,,,,,,,,,,,,,,,,,,,,,,,,,,,,,,,,,,,,,,,,,,,,,,,,,,,,,,,,,,,,,,,,,,,,,,,,,,,,,,,,,,,,,,,,,,,,,,,,,,,,,,,,,,,,,,,,,,,,,,,,,,,,,,,,,,,,,,,,,,,,,,,,,,,,,,,,,,,,,,,,,,,,, ,Updated
LXIE,Lily,Xie,Lily.Xie@chcheli.com,Accountant,Active,,d6405b2a-33b7-4259-a279-3ba343c23cab,Lily.Xie@chcheli.com,2026-04-20T07:15:56-07:00,2026-06-26T16:58:07-07:00,Lily.Xie@chcheli.com,LXIE,,,,,,,,MingleEnterprise,Infor-SuiteUser,MingleIONEnabled,HOMEPAGES-User,IDM-User,IDM-RelatedInformationUser,M3UI-USER,MASHUP-User,FGR003_RW,FGR001_RW,FGR005_RW,FGR004_RW,FGR002_RW,FGR351_RW,FGR355_RW,FGR352_RW,FGR350_RW,FGR359_RW,FGR014_RO,FGR021_RO,FGR300_RO,FGR301_RO,FGR302_RO,FGR311_RO,FGR312_RO,FGR352_RO,FGR350_RO,FGR302_RW,FGR359_RO,FGR305_RW,FGR310_RW,FGR312_RW,FGR315_RW,FGR300_RW,FGR301_RW,FGR309_RW,FGR311_RW,FGR319_RW,FGR006_RO,FGR012_RO,FGR013_RO,FGR309_RO,FGR305_RO,FGR315_RO,FGR310_RO,FGR319_RO,FGR351_RO,FGR355_RO,,,,,,,,,,,,,,,,,,,,,,,,,,,,,,,,,,,,,,,,,,,,,,,,,,,,,,,,,,,,,,,,,,,,,,,,,,,,,,,,,,,,,,,,,,,,,,,,,,,,,,,,,,,,,,,,,,,,,,,,,,,,,,,,,,,,,,,,,,,,,,,,,,,,,,,,,,,,,,,,,,,,,,,,,,,,,,,,,,,,,,,,,,,,,,,,,,,,,,,,,,,,,,,,,,,,,,,,,,,,,,,,,,,,,,,,,,,,,,,,,,,,,,,,,,,,,,,,,,,,,,,,,,,,,,,,,,,,,,,,,,,,,,,,,,,,,,,,,,,,,,,,,,,,,,,,,,,,,,,,,,,,,,,,,,,,,,,,,,,,,,,,,,,,,,,,,,,,,,,,,,,,,,,,,,,,,,,,,,,,,,,,,,,,,,,,,,,,,,,,,,,,,,,,,,,,,,,,,,,,,,,,,,,,,,,,,,,,,,,,,,,,,,,,,,,,,,,,,,,,,,,,,,,,,,,,,,,,,,,,,,,,,,,,,,,,,,,,,,,,,,,,,,,,,,,,,,,,,,,,,,,,,,,,,,,,,,,,,,,,,,,,,,,,,,,,,,,,,,,,,,,,,,,,,,,,,,,,,,,,,,,,,,,,,,,,,,,,,,,,,,,,,,,,,,,,,,,,,,,,,,,,,,,,,,,,, ,Updated
MBATOR,Marzena,Pezda-Bator,Marzena.Pezda-Bator@heli-one.com,,Active,,4e54811b-22df-424b-912f-12446c8778c8,Marzena.Pezda-Bator@heli-one.com,2026-04-20T07:15:57-07:00,,Marzena.Pezda-Bator@heli-one.com,MBATOR,,,,,,,,MingleEnterprise,Infor-SuiteUser,MingleIONEnabled,HOMEPAGES-User,IDM-User,IDM-RelatedInformationUser,M3UI-USER,MASHUP-User,,,,,,,,,,,,,,,,,,,,,,,,,,,,,,,,,,,,,,,,,,,,,,,,,,,,,,,,,,,,,,,,,,,,,,,,,,,,,,,,,,,,,,,,,,,,,,,,,,,,,,,,,,,,,,,,,,,,,,,,,,,,,,,,,,,,,,,,,,,,,,,,,,,,,,,,,,,,,,,,,,,,,,,,,,,,,,,,,,,,,,,,,,,,,,,,,,,,,,,,,,,,,,,,,,,,,,,,,,,,,,,,,,,,,,,,,,,,,,,,,,,,,,,,,,,,,,,,,,,,,,,,,,,,,,,,,,,,,,,,,,,,,,,,,,,,,,,,,,,,,,,,,,,,,,,,,,,,,,,,,,,,,,,,,,,,,,,,,,,,,,,,,,,,,,,,,,,,,,,,,,,,,,,,,,,,,,,,,,,,,,,,,,,,,,,,,,,,,,,,,,,,,,,,,,,,,,,,,,,,,,,,,,,,,,,,,,,,,,,,,,,,,,,,,,,,,,,,,,,,,,,,,,,,,,,,,,,,,,,,,,,,,,,,,,,,,,,,,,,,,,,,,,,,,,,,,,,,,,,,,,,,,,,,,,,,,,,,,,,,,,,,,,,,,,,,,,,,,,,,,,,,,,,,,,,,,,,,,,,,,,,,,,,,,,,,,,,,,,,,,,,,,,,,,,,,,,,,,,,,,,,,,,,,,,,,,,,,,,,,,,,,,,,,,,,,,,,,,,,,,,,,,,,,,,,,, ,Updated
MCATLIN,Maretta,Catlin,Maretta.Catlin@chcheli.com,,Active,,d7cfbb99-aef0-42dc-b6a5-1824e343294c,Maretta.Catlin@chcheli.com,2026-04-20T07:15:57-07:00,,Maretta.Catlin@chcheli.com,MCATLIN,,,,,,,,MingleEnterprise,Infor-SuiteUser,MingleIONEnabled,HOMEPAGES-User,IDM-User,IDM-RelatedInformationUser,M3UI-USER,MASHUP-User,,,,,,,,,,,,,,,,,,,,,,,,,,,,,,,,,,,,,,,,,,,,,,,,,,,,,,,,,,,,,,,,,,,,,,,,,,,,,,,,,,,,,,,,,,,,,,,,,,,,,,,,,,,,,,,,,,,,,,,,,,,,,,,,,,,,,,,,,,,,,,,,,,,,,,,,,,,,,,,,,,,,,,,,,,,,,,,,,,,,,,,,,,,,,,,,,,,,,,,,,,,,,,,,,,,,,,,,,,,,,,,,,,,,,,,,,,,,,,,,,,,,,,,,,,,,,,,,,,,,,,,,,,,,,,,,,,,,,,,,,,,,,,,,,,,,,,,,,,,,,,,,,,,,,,,,,,,,,,,,,,,,,,,,,,,,,,,,,,,,,,,,,,,,,,,,,,,,,,,,,,,,,,,,,,,,,,,,,,,,,,,,,,,,,,,,,,,,,,,,,,,,,,,,,,,,,,,,,,,,,,,,,,,,,,,,,,,,,,,,,,,,,,,,,,,,,,,,,,,,,,,,,,,,,,,,,,,,,,,,,,,,,,,,,,,,,,,,,,,,,,,,,,,,,,,,,,,,,,,,,,,,,,,,,,,,,,,,,,,,,,,,,,,,,,,,,,,,,,,,,,,,,,,,,,,,,,,,,,,,,,,,,,,,,,,,,,,,,,,,,,,,,,,,,,,,,,,,,,,,,,,,,,,,,,,,,,,,,,,,,,,,,,,,,,,,,,,,,,,,,,,,,,,,,,,,, ,Updated
MCLAYDON,martin,claydon,martin.claydon@chcheli.com,,Active,,e0efea07-ab62-45d2-ae8a-28d33f33e77d,martin.claydon@chcheli.com,2026-04-20T07:15:57-07:00,,martin.claydon@chcheli.com,MCLAYDON,,,,,,,,MingleEnterprise,Infor-SuiteUser,MingleIONEnabled,HOMEPAGES-User,IDM-User,IDM-RelatedInformationUser,M3UI-USER,MASHUP-User,,,,,,,,,,,,,,,,,,,,,,,,,,,,,,,,,,,,,,,,,,,,,,,,,,,,,,,,,,,,,,,,,,,,,,,,,,,,,,,,,,,,,,,,,,,,,,,,,,,,,,,,,,,,,,,,,,,,,,,,,,,,,,,,,,,,,,,,,,,,,,,,,,,,,,,,,,,,,,,,,,,,,,,,,,,,,,,,,,,,,,,,,,,,,,,,,,,,,,,,,,,,,,,,,,,,,,,,,,,,,,,,,,,,,,,,,,,,,,,,,,,,,,,,,,,,,,,,,,,,,,,,,,,,,,,,,,,,,,,,,,,,,,,,,,,,,,,,,,,,,,,,,,,,,,,,,,,,,,,,,,,,,,,,,,,,,,,,,,,,,,,,,,,,,,,,,,,,,,,,,,,,,,,,,,,,,,,,,,,,,,,,,,,,,,,,,,,,,,,,,,,,,,,,,,,,,,,,,,,,,,,,,,,,,,,,,,,,,,,,,,,,,,,,,,,,,,,,,,,,,,,,,,,,,,,,,,,,,,,,,,,,,,,,,,,,,,,,,,,,,,,,,,,,,,,,,,,,,,,,,,,,,,,,,,,,,,,,,,,,,,,,,,,,,,,,,,,,,,,,,,,,,,,,,,,,,,,,,,,,,,,,,,,,,,,,,,,,,,,,,,,,,,,,,,,,,,,,,,,,,,,,,,,,,,,,,,,,,,,,,,,,,,,,,,,,,,,,,,,,,,,,,,,,,,,,, ,Updated
MCOUTINHO,Maria,Coutinho,Maria.Coutinho@chcheli.com,,Active,,3c81cc51-4acd-4429-980f-6cb27e6f9dea,Maria.Coutinho@chcheli.com,2026-04-20T07:15:57-07:00,,Maria.Coutinho@chcheli.com,MCOUTINHO,,,,,,,,MingleEnterprise,Infor-SuiteUser,MingleIONEnabled,HOMEPAGES-User,IDM-User,IDM-RelatedInformationUser,M3UI-USER,MASHUP-User,,,,,,,,,,,,,,,,,,,,,,,,,,,,,,,,,,,,,,,,,,,,,,,,,,,,,,,,,,,,,,,,,,,,,,,,,,,,,,,,,,,,,,,,,,,,,,,,,,,,,,,,,,,,,,,,,,,,,,,,,,,,,,,,,,,,,,,,,,,,,,,,,,,,,,,,,,,,,,,,,,,,,,,,,,,,,,,,,,,,,,,,,,,,,,,,,,,,,,,,,,,,,,,,,,,,,,,,,,,,,,,,,,,,,,,,,,,,,,,,,,,,,,,,,,,,,,,,,,,,,,,,,,,,,,,,,,,,,,,,,,,,,,,,,,,,,,,,,,,,,,,,,,,,,,,,,,,,,,,,,,,,,,,,,,,,,,,,,,,,,,,,,,,,,,,,,,,,,,,,,,,,,,,,,,,,,,,,,,,,,,,,,,,,,,,,,,,,,,,,,,,,,,,,,,,,,,,,,,,,,,,,,,,,,,,,,,,,,,,,,,,,,,,,,,,,,,,,,,,,,,,,,,,,,,,,,,,,,,,,,,,,,,,,,,,,,,,,,,,,,,,,,,,,,,,,,,,,,,,,,,,,,,,,,,,,,,,,,,,,,,,,,,,,,,,,,,,,,,,,,,,,,,,,,,,,,,,,,,,,,,,,,,,,,,,,,,,,,,,,,,,,,,,,,,,,,,,,,,,,,,,,,,,,,,,,,,,,,,,,,,,,,,,,,,,,,,,,,,,,,,,,,,,,,,,,, ,Updated
MCOUTO,Maria,Couto,Maria.Couto@CHCHeli.com,,Active,,702d53b4-92e2-4ab4-8b5c-005cd52fa89e,Maria.Couto@CHCHeli.com,2026-04-20T07:15:57-07:00,,Maria.Couto@CHCHeli.com,MCOUTO,,,,,,,,MingleEnterprise,Infor-SuiteUser,MingleIONEnabled,HOMEPAGES-User,IDM-User,IDM-RelatedInformationUser,M3UI-USER,MASHUP-User,FGR191_RW,FGR190_RW,FGR150_RO,FGR152_RO,FGR159_RO,FGR151_RO,FGR199_RW,FGR195_RW,FGR155_RO,,,,,,,,,,,,,,,,,,,,,,,,,,,,,,,,,,,,,,,,,,,,,,,,,,,,,,,,,,,,,,,,,,,,,,,,,,,,,,,,,,,,,,,,,,,,,,,,,,,,,,,,,,,,,,,,,,,,,,,,,,,,,,,,,,,,,,,,,,,,,,,,,,,,,,,,,,,,,,,,,,,,,,,,,,,,,,,,,,,,,,,,,,,,,,,,,,,,,,,,,,,,,,,,,,,,,,,,,,,,,,,,,,,,,,,,,,,,,,,,,,,,,,,,,,,,,,,,,,,,,,,,,,,,,,,,,,,,,,,,,,,,,,,,,,,,,,,,,,,,,,,,,,,,,,,,,,,,,,,,,,,,,,,,,,,,,,,,,,,,,,,,,,,,,,,,,,,,,,,,,,,,,,,,,,,,,,,,,,,,,,,,,,,,,,,,,,,,,,,,,,,,,,,,,,,,,,,,,,,,,,,,,,,,,,,,,,,,,,,,,,,,,,,,,,,,,,,,,,,,,,,,,,,,,,,,,,,,,,,,,,,,,,,,,,,,,,,,,,,,,,,,,,,,,,,,,,,,,,,,,,,,,,,,,,,,,,,,,,,,,,,,,,,,,,,,,,,,,,,,,,,,,,,,,,,,,,,,,,,,,,,,,,,,,,,,,,,,,,,,,,,,,,,,,,,,,,,,,,,,,,,,,,,,,,,,,,,,,,,,,,,,,,,,,,,,,,,,,,,,,,,, ,Updated
MDAGGER,Michael,Dagger,Michael.Dagger@chcheli.com,,Active,,8e30306a-64a3-4b7e-b797-86185537275d,Michael.Dagger@chcheli.com,2026-04-20T07:15:57-07:00,,Michael.Dagger@chcheli.com,MDAGGER,,,,,,,,MingleEnterprise,Infor-SuiteUser,MingleIONEnabled,HOMEPAGES-User,IDM-User,IDM-RelatedInformationUser,M3UI-USER,MASHUP-User,,,,,,,,,,,,,,,,,,,,,,,,,,,,,,,,,,,,,,,,,,,,,,,,,,,,,,,,,,,,,,,,,,,,,,,,,,,,,,,,,,,,,,,,,,,,,,,,,,,,,,,,,,,,,,,,,,,,,,,,,,,,,,,,,,,,,,,,,,,,,,,,,,,,,,,,,,,,,,,,,,,,,,,,,,,,,,,,,,,,,,,,,,,,,,,,,,,,,,,,,,,,,,,,,,,,,,,,,,,,,,,,,,,,,,,,,,,,,,,,,,,,,,,,,,,,,,,,,,,,,,,,,,,,,,,,,,,,,,,,,,,,,,,,,,,,,,,,,,,,,,,,,,,,,,,,,,,,,,,,,,,,,,,,,,,,,,,,,,,,,,,,,,,,,,,,,,,,,,,,,,,,,,,,,,,,,,,,,,,,,,,,,,,,,,,,,,,,,,,,,,,,,,,,,,,,,,,,,,,,,,,,,,,,,,,,,,,,,,,,,,,,,,,,,,,,,,,,,,,,,,,,,,,,,,,,,,,,,,,,,,,,,,,,,,,,,,,,,,,,,,,,,,,,,,,,,,,,,,,,,,,,,,,,,,,,,,,,,,,,,,,,,,,,,,,,,,,,,,,,,,,,,,,,,,,,,,,,,,,,,,,,,,,,,,,,,,,,,,,,,,,,,,,,,,,,,,,,,,,,,,,,,,,,,,,,,,,,,,,,,,,,,,,,,,,,,,,,,,,,,,,,,,,,,,,,, ,Updated
MDAYAPER,Mathew,Dayapera,Mathew.Dayapera@chcheli.com,,Active,,3a170273-d853-478a-bb3f-7f78cd233a42,Mathew.Dayapera@chcheli.com,2026-04-20T07:15:57-07:00,,Mathew.Dayapera@chcheli.com,MDAYAPER,,,,,,,,MingleEnterprise,Infor-SuiteUser,MingleIONEnabled,HOMEPAGES-User,IDM-User,IDM-RelatedInformationUser,M3UI-USER,MASHUP-User,FGR003_RW,FGR001_RW,FGR005_RW,FGR004_RW,FGR002_RW,FGR014_RO,FGR021_RO,FGR199_RO,FGR191_RO,FGR300_RO,FGR301_RO,FGR302_RO,FGR311_RO,FGR312_RO,FGR321_RO,FGR329_RO,FGR322_RO,FGR352_RO,FGR350_RO,FGR359_RO,FGR006_RO,FGR012_RO,FGR013_RO,FGR190_RO,FGR192_RO,FGR309_RO,FGR305_RO,FGR315_RO,FGR310_RO,FGR319_RO,FGR320_RO,FGR325_RO,FGR351_RO,FGR355_RO,,,,,,,,,,,,,,,,,,,,,,,,,,,,,,,,,,,,,,,,,,,,,,,,,,,,,,,,,,,,,,,,,,,,,,,,,,,,,,,,,,,,,,,,,,,,,,,,,,,,,,,,,,,,,,,,,,,,,,,,,,,,,,,,,,,,,,,,,,,,,,,,,,,,,,,,,,,,,,,,,,,,,,,,,,,,,,,,,,,,,,,,,,,,,,,,,,,,,,,,,,,,,,,,,,,,,,,,,,,,,,,,,,,,,,,,,,,,,,,,,,,,,,,,,,,,,,,,,,,,,,,,,,,,,,,,,,,,,,,,,,,,,,,,,,,,,,,,,,,,,,,,,,,,,,,,,,,,,,,,,,,,,,,,,,,,,,,,,,,,,,,,,,,,,,,,,,,,,,,,,,,,,,,,,,,,,,,,,,,,,,,,,,,,,,,,,,,,,,,,,,,,,,,,,,,,,,,,,,,,,,,,,,,,,,,,,,,,,,,,,,,,,,,,,,,,,,,,,,,,,,,,,,,,,,,,,,,,,,,,,,,,,,,,,,,,,,,,,,,,,,,,,,,,,,,,,,,,,,,,,,,,,,,,,,,,,,,,,,,,,,,,,,,,,,,,,,,,,,,,,,,,,,,,,,,,,,,,,,,,,,,,,,,,,,,,,,,,,,,,,,,,,,,,,,,,,,,,,,,,,,,,,,,,,,,,,,,,,,, ,Updated
MGARRING,Malcolm,Garrington,Malcolm.Garrington@chcheli.com,,Active,,19171b9d-4e34-41a4-9bce-b2d62ece2c1b,Malcolm.Garrington@chcheli.com,2026-04-20T07:15:58-07:00,,Malcolm.Garrington@chcheli.com,MGARRING,,,,,,,,MingleEnterprise,Infor-SuiteUser,MingleIONEnabled,HOMEPAGES-User,IDM-User,IDM-RelatedInformationUser,M3UI-USER,MASHUP-User,,,,,,,,,,,,,,,,,,,,,,,,,,,,,,,,,,,,,,,,,,,,,,,,,,,,,,,,,,,,,,,,,,,,,,,,,,,,,,,,,,,,,,,,,,,,,,,,,,,,,,,,,,,,,,,,,,,,,,,,,,,,,,,,,,,,,,,,,,,,,,,,,,,,,,,,,,,,,,,,,,,,,,,,,,,,,,,,,,,,,,,,,,,,,,,,,,,,,,,,,,,,,,,,,,,,,,,,,,,,,,,,,,,,,,,,,,,,,,,,,,,,,,,,,,,,,,,,,,,,,,,,,,,,,,,,,,,,,,,,,,,,,,,,,,,,,,,,,,,,,,,,,,,,,,,,,,,,,,,,,,,,,,,,,,,,,,,,,,,,,,,,,,,,,,,,,,,,,,,,,,,,,,,,,,,,,,,,,,,,,,,,,,,,,,,,,,,,,,,,,,,,,,,,,,,,,,,,,,,,,,,,,,,,,,,,,,,,,,,,,,,,,,,,,,,,,,,,,,,,,,,,,,,,,,,,,,,,,,,,,,,,,,,,,,,,,,,,,,,,,,,,,,,,,,,,,,,,,,,,,,,,,,,,,,,,,,,,,,,,,,,,,,,,,,,,,,,,,,,,,,,,,,,,,,,,,,,,,,,,,,,,,,,,,,,,,,,,,,,,,,,,,,,,,,,,,,,,,,,,,,,,,,,,,,,,,,,,,,,,,,,,,,,,,,,,,,,,,,,,,,,,,,,,,,,,, ,Updated
MGOTTSCH,Mads,Gottschalksen,Mads.Gottschalksen@chcheli.com,,Active,,f9fefc1c-0e76-47d8-b1d3-9a4227d0b5fe,Mads.Gottschalksen@chcheli.com,2026-04-20T07:15:58-07:00,,Mads.Gottschalksen@chcheli.com,MGOTTSCH,,,,,,,,MingleEnterprise,Infor-SuiteUser,MingleIONEnabled,HOMEPAGES-User,IDM-User,IDM-RelatedInformationUser,M3UI-USER,MASHUP-User,,,,,,,,,,,,,,,,,,,,,,,,,,,,,,,,,,,,,,,,,,,,,,,,,,,,,,,,,,,,,,,,,,,,,,,,,,,,,,,,,,,,,,,,,,,,,,,,,,,,,,,,,,,,,,,,,,,,,,,,,,,,,,,,,,,,,,,,,,,,,,,,,,,,,,,,,,,,,,,,,,,,,,,,,,,,,,,,,,,,,,,,,,,,,,,,,,,,,,,,,,,,,,,,,,,,,,,,,,,,,,,,,,,,,,,,,,,,,,,,,,,,,,,,,,,,,,,,,,,,,,,,,,,,,,,,,,,,,,,,,,,,,,,,,,,,,,,,,,,,,,,,,,,,,,,,,,,,,,,,,,,,,,,,,,,,,,,,,,,,,,,,,,,,,,,,,,,,,,,,,,,,,,,,,,,,,,,,,,,,,,,,,,,,,,,,,,,,,,,,,,,,,,,,,,,,,,,,,,,,,,,,,,,,,,,,,,,,,,,,,,,,,,,,,,,,,,,,,,,,,,,,,,,,,,,,,,,,,,,,,,,,,,,,,,,,,,,,,,,,,,,,,,,,,,,,,,,,,,,,,,,,,,,,,,,,,,,,,,,,,,,,,,,,,,,,,,,,,,,,,,,,,,,,,,,,,,,,,,,,,,,,,,,,,,,,,,,,,,,,,,,,,,,,,,,,,,,,,,,,,,,,,,,,,,,,,,,,,,,,,,,,,,,,,,,,,,,,,,,,,,,,,,,,,,,,, ,Updated
MHAGEMAN,Mark,Hageman,Mark.Hageman@heli-one.com,,Active,,da36dccc-3779-4de8-b4cd-3cf7e4ec9262,Mark.Hageman@heli-one.com,2026-04-20T07:15:58-07:00,,Mark.Hageman@heli-one.com,MHAGEMAN,,,,,,,,MingleEnterprise,Infor-SuiteUser,MingleIONEnabled,HOMEPAGES-User,IDM-User,IDM-RelatedInformationUser,M3UI-USER,MASHUP-User,,,,,,,,,,,,,,,,,,,,,,,,,,,,,,,,,,,,,,,,,,,,,,,,,,,,,,,,,,,,,,,,,,,,,,,,,,,,,,,,,,,,,,,,,,,,,,,,,,,,,,,,,,,,,,,,,,,,,,,,,,,,,,,,,,,,,,,,,,,,,,,,,,,,,,,,,,,,,,,,,,,,,,,,,,,,,,,,,,,,,,,,,,,,,,,,,,,,,,,,,,,,,,,,,,,,,,,,,,,,,,,,,,,,,,,,,,,,,,,,,,,,,,,,,,,,,,,,,,,,,,,,,,,,,,,,,,,,,,,,,,,,,,,,,,,,,,,,,,,,,,,,,,,,,,,,,,,,,,,,,,,,,,,,,,,,,,,,,,,,,,,,,,,,,,,,,,,,,,,,,,,,,,,,,,,,,,,,,,,,,,,,,,,,,,,,,,,,,,,,,,,,,,,,,,,,,,,,,,,,,,,,,,,,,,,,,,,,,,,,,,,,,,,,,,,,,,,,,,,,,,,,,,,,,,,,,,,,,,,,,,,,,,,,,,,,,,,,,,,,,,,,,,,,,,,,,,,,,,,,,,,,,,,,,,,,,,,,,,,,,,,,,,,,,,,,,,,,,,,,,,,,,,,,,,,,,,,,,,,,,,,,,,,,,,,,,,,,,,,,,,,,,,,,,,,,,,,,,,,,,,,,,,,,,,,,,,,,,,,,,,,,,,,,,,,,,,,,,,,,,,,,,,,,,,,,, ,Updated
MJOHANSEN,Marie,Johansen,Marie.Johansen@heli-one.com,,Active,,4c03342d-734d-4125-90d6-29501d89c5c5,Marie.Johansen@heli-one.com,2026-04-20T07:15:59-07:00,,Marie.Johansen@heli-one.com,MJOHANSEN,,,,,,,,MingleEnterprise,Infor-SuiteUser,MingleIONEnabled,HOMEPAGES-User,IDM-User,IDM-RelatedInformationUser,M3UI-USER,MASHUP-User,,,,,,,,,,,,,,,,,,,,,,,,,,,,,,,,,,,,,,,,,,,,,,,,,,,,,,,,,,,,,,,,,,,,,,,,,,,,,,,,,,,,,,,,,,,,,,,,,,,,,,,,,,,,,,,,,,,,,,,,,,,,,,,,,,,,,,,,,,,,,,,,,,,,,,,,,,,,,,,,,,,,,,,,,,,,,,,,,,,,,,,,,,,,,,,,,,,,,,,,,,,,,,,,,,,,,,,,,,,,,,,,,,,,,,,,,,,,,,,,,,,,,,,,,,,,,,,,,,,,,,,,,,,,,,,,,,,,,,,,,,,,,,,,,,,,,,,,,,,,,,,,,,,,,,,,,,,,,,,,,,,,,,,,,,,,,,,,,,,,,,,,,,,,,,,,,,,,,,,,,,,,,,,,,,,,,,,,,,,,,,,,,,,,,,,,,,,,,,,,,,,,,,,,,,,,,,,,,,,,,,,,,,,,,,,,,,,,,,,,,,,,,,,,,,,,,,,,,,,,,,,,,,,,,,,,,,,,,,,,,,,,,,,,,,,,,,,,,,,,,,,,,,,,,,,,,,,,,,,,,,,,,,,,,,,,,,,,,,,,,,,,,,,,,,,,,,,,,,,,,,,,,,,,,,,,,,,,,,,,,,,,,,,,,,,,,,,,,,,,,,,,,,,,,,,,,,,,,,,,,,,,,,,,,,,,,,,,,,,,,,,,,,,,,,,,,,,,,,,,,,,,,,,,,,,,, ,Updated
MJOPSON,Micah,Jopson,Micah.Jopson@heli-one.com,,Active,,ebd74afc-249b-4205-a5ff-687614550b96,Micah.Jopson@heli-one.com,2026-04-20T07:15:59-07:00,,Micah.Jopson@heli-one.com,MJOPSON,,,,,,,,MingleEnterprise,Infor-SuiteUser,MingleIONEnabled,HOMEPAGES-User,IDM-User,IDM-RelatedInformationUser,M3UI-USER,MASHUP-User,,,,,,,,,,,,,,,,,,,,,,,,,,,,,,,,,,,,,,,,,,,,,,,,,,,,,,,,,,,,,,,,,,,,,,,,,,,,,,,,,,,,,,,,,,,,,,,,,,,,,,,,,,,,,,,,,,,,,,,,,,,,,,,,,,,,,,,,,,,,,,,,,,,,,,,,,,,,,,,,,,,,,,,,,,,,,,,,,,,,,,,,,,,,,,,,,,,,,,,,,,,,,,,,,,,,,,,,,,,,,,,,,,,,,,,,,,,,,,,,,,,,,,,,,,,,,,,,,,,,,,,,,,,,,,,,,,,,,,,,,,,,,,,,,,,,,,,,,,,,,,,,,,,,,,,,,,,,,,,,,,,,,,,,,,,,,,,,,,,,,,,,,,,,,,,,,,,,,,,,,,,,,,,,,,,,,,,,,,,,,,,,,,,,,,,,,,,,,,,,,,,,,,,,,,,,,,,,,,,,,,,,,,,,,,,,,,,,,,,,,,,,,,,,,,,,,,,,,,,,,,,,,,,,,,,,,,,,,,,,,,,,,,,,,,,,,,,,,,,,,,,,,,,,,,,,,,,,,,,,,,,,,,,,,,,,,,,,,,,,,,,,,,,,,,,,,,,,,,,,,,,,,,,,,,,,,,,,,,,,,,,,,,,,,,,,,,,,,,,,,,,,,,,,,,,,,,,,,,,,,,,,,,,,,,,,,,,,,,,,,,,,,,,,,,,,,,,,,,,,,,,,,,,,,,,,, ,Updated
MJUBB,Matthew,Jubb,Matthew.Jubb@chcheli.com,,Active,,b2241928-7293-4b65-bcf5-60bc6d0dc3af,Matthew.Jubb@chcheli.com,2026-04-20T07:15:59-07:00,,Matthew.Jubb@chcheli.com,MJUBB,,,,,,,,MingleEnterprise,Infor-SuiteUser,MingleIONEnabled,HOMEPAGES-User,IDM-User,IDM-RelatedInformationUser,M3UI-USER,MASHUP-User,,,,,,,,,,,,,,,,,,,,,,,,,,,,,,,,,,,,,,,,,,,,,,,,,,,,,,,,,,,,,,,,,,,,,,,,,,,,,,,,,,,,,,,,,,,,,,,,,,,,,,,,,,,,,,,,,,,,,,,,,,,,,,,,,,,,,,,,,,,,,,,,,,,,,,,,,,,,,,,,,,,,,,,,,,,,,,,,,,,,,,,,,,,,,,,,,,,,,,,,,,,,,,,,,,,,,,,,,,,,,,,,,,,,,,,,,,,,,,,,,,,,,,,,,,,,,,,,,,,,,,,,,,,,,,,,,,,,,,,,,,,,,,,,,,,,,,,,,,,,,,,,,,,,,,,,,,,,,,,,,,,,,,,,,,,,,,,,,,,,,,,,,,,,,,,,,,,,,,,,,,,,,,,,,,,,,,,,,,,,,,,,,,,,,,,,,,,,,,,,,,,,,,,,,,,,,,,,,,,,,,,,,,,,,,,,,,,,,,,,,,,,,,,,,,,,,,,,,,,,,,,,,,,,,,,,,,,,,,,,,,,,,,,,,,,,,,,,,,,,,,,,,,,,,,,,,,,,,,,,,,,,,,,,,,,,,,,,,,,,,,,,,,,,,,,,,,,,,,,,,,,,,,,,,,,,,,,,,,,,,,,,,,,,,,,,,,,,,,,,,,,,,,,,,,,,,,,,,,,,,,,,,,,,,,,,,,,,,,,,,,,,,,,,,,,,,,,,,,,,,,,,,,,,,,,,, ,Updated
b2c64f88-6028-45ee-8f6b-f49398d27e9d,magdalena,kepa,magdalena.kepa@chcheli.com,,Active,,b2c64f88-6028-45ee-8f6b-f49398d27e9d,magdalena.kepa@chcheli.com,2026-04-20T07:15:59-07:00,,magdalena.kepa@chcheli.com,MKEPA,,,,,,,,MingleEnterprise,Infor-SuiteUser,MingleIONEnabled,HOMEPAGES-User,IDM-User,IDM-RelatedInformationUser,M3UI-USER,MASHUP-User,FGR003_RW,FGR001_RW,FGR005_RW,FGR004_RW,FGR002_RW,FGR014_RO,FGR021_RO,FGR300_RO,FGR301_RO,FGR302_RO,FGR311_RO,FGR352_RO,FGR350_RO,FGR359_RO,FGR006_RO,FGR013_RO,FGR309_RO,FGR305_RO,FGR310_RO,FGR319_RO,FGR351_RO,,,,,,,,,,,,,,,,,,,,,,,,,,,,,,,,,,,,,,,,,,,,,,,,,,,,,,,,,,,,,,,,,,,,,,,,,,,,,,,,,,,,,,,,,,,,,,,,,,,,,,,,,,,,,,,,,,,,,,,,,,,,,,,,,,,,,,,,,,,,,,,,,,,,,,,,,,,,,,,,,,,,,,,,,,,,,,,,,,,,,,,,,,,,,,,,,,,,,,,,,,,,,,,,,,,,,,,,,,,,,,,,,,,,,,,,,,,,,,,,,,,,,,,,,,,,,,,,,,,,,,,,,,,,,,,,,,,,,,,,,,,,,,,,,,,,,,,,,,,,,,,,,,,,,,,,,,,,,,,,,,,,,,,,,,,,,,,,,,,,,,,,,,,,,,,,,,,,,,,,,,,,,,,,,,,,,,,,,,,,,,,,,,,,,,,,,,,,,,,,,,,,,,,,,,,,,,,,,,,,,,,,,,,,,,,,,,,,,,,,,,,,,,,,,,,,,,,,,,,,,,,,,,,,,,,,,,,,,,,,,,,,,,,,,,,,,,,,,,,,,,,,,,,,,,,,,,,,,,,,,,,,,,,,,,,,,,,,,,,,,,,,,,,,,,,,,,,,,,,,,,,,,,,,,,,,,,,,,,,,,,,,,,,,,,,,,,,,,,,,,,,,,,,,,,,,,,,,,,,,,,,,,,,,,,,,,,,,,,,,,,,,,,,,,,,, ,Updated
MKOGUT,Marcin,Kogut,Marcin.Kogut@chcheli.com,,Active,,d2717267-4131-4c05-bc0f-dee0f49a3f90,Marcin.Kogut@chcheli.com,2026-04-20T07:15:59-07:00,,Marcin.Kogut@chcheli.com,MKOGUT,,,,,,,,MingleEnterprise,Infor-SuiteUser,MingleIONEnabled,HOMEPAGES-User,IDM-User,IDM-RelatedInformationUser,M3UI-USER,MASHUP-User,,,,,,,,,,,,,,,,,,,,,,,,,,,,,,,,,,,,,,,,,,,,,,,,,,,,,,,,,,,,,,,,,,,,,,,,,,,,,,,,,,,,,,,,,,,,,,,,,,,,,,,,,,,,,,,,,,,,,,,,,,,,,,,,,,,,,,,,,,,,,,,,,,,,,,,,,,,,,,,,,,,,,,,,,,,,,,,,,,,,,,,,,,,,,,,,,,,,,,,,,,,,,,,,,,,,,,,,,,,,,,,,,,,,,,,,,,,,,,,,,,,,,,,,,,,,,,,,,,,,,,,,,,,,,,,,,,,,,,,,,,,,,,,,,,,,,,,,,,,,,,,,,,,,,,,,,,,,,,,,,,,,,,,,,,,,,,,,,,,,,,,,,,,,,,,,,,,,,,,,,,,,,,,,,,,,,,,,,,,,,,,,,,,,,,,,,,,,,,,,,,,,,,,,,,,,,,,,,,,,,,,,,,,,,,,,,,,,,,,,,,,,,,,,,,,,,,,,,,,,,,,,,,,,,,,,,,,,,,,,,,,,,,,,,,,,,,,,,,,,,,,,,,,,,,,,,,,,,,,,,,,,,,,,,,,,,,,,,,,,,,,,,,,,,,,,,,,,,,,,,,,,,,,,,,,,,,,,,,,,,,,,,,,,,,,,,,,,,,,,,,,,,,,,,,,,,,,,,,,,,,,,,,,,,,,,,,,,,,,,,,,,,,,,,,,,,,,,,,,,,,,,,,,,,,,,, ,Updated
MLUDWINI,Marcin,Ludwiniak,Marcin.Ludwiniak@heli-one.com,,Active,,b22dc22c-a37b-4c13-a5c8-55a84c9adb25,Marcin.Ludwiniak@heli-one.com,2026-04-20T07:15:59-07:00,,Marcin.Ludwiniak@heli-one.com,MLUDWINI,,,,,,,,MingleEnterprise,Infor-SuiteUser,MingleIONEnabled,HOMEPAGES-User,IDM-User,IDM-RelatedInformationUser,M3UI-USER,MASHUP-User,,,,,,,,,,,,,,,,,,,,,,,,,,,,,,,,,,,,,,,,,,,,,,,,,,,,,,,,,,,,,,,,,,,,,,,,,,,,,,,,,,,,,,,,,,,,,,,,,,,,,,,,,,,,,,,,,,,,,,,,,,,,,,,,,,,,,,,,,,,,,,,,,,,,,,,,,,,,,,,,,,,,,,,,,,,,,,,,,,,,,,,,,,,,,,,,,,,,,,,,,,,,,,,,,,,,,,,,,,,,,,,,,,,,,,,,,,,,,,,,,,,,,,,,,,,,,,,,,,,,,,,,,,,,,,,,,,,,,,,,,,,,,,,,,,,,,,,,,,,,,,,,,,,,,,,,,,,,,,,,,,,,,,,,,,,,,,,,,,,,,,,,,,,,,,,,,,,,,,,,,,,,,,,,,,,,,,,,,,,,,,,,,,,,,,,,,,,,,,,,,,,,,,,,,,,,,,,,,,,,,,,,,,,,,,,,,,,,,,,,,,,,,,,,,,,,,,,,,,,,,,,,,,,,,,,,,,,,,,,,,,,,,,,,,,,,,,,,,,,,,,,,,,,,,,,,,,,,,,,,,,,,,,,,,,,,,,,,,,,,,,,,,,,,,,,,,,,,,,,,,,,,,,,,,,,,,,,,,,,,,,,,,,,,,,,,,,,,,,,,,,,,,,,,,,,,,,,,,,,,,,,,,,,,,,,,,,,,,,,,,,,,,,,,,,,,,,,,,,,,,,,,,,,,,,,,, ,Updated
MMAYNE,Matthew,Mayne,Matthew.Mayne@chcheli.com,,Active,,e68a41af-ad3d-4a0b-929e-ae90ed60275a,Matthew.Mayne@chcheli.com,2026-04-20T07:15:59-07:00,,Matthew.Mayne@chcheli.com,MMAYNE,,,,,,,,MingleEnterprise,Infor-SuiteUser,MingleIONEnabled,HOMEPAGES-User,IDM-User,IDM-RelatedInformationUser,M3UI-USER,MASHUP-User,,,,,,,,,,,,,,,,,,,,,,,,,,,,,,,,,,,,,,,,,,,,,,,,,,,,,,,,,,,,,,,,,,,,,,,,,,,,,,,,,,,,,,,,,,,,,,,,,,,,,,,,,,,,,,,,,,,,,,,,,,,,,,,,,,,,,,,,,,,,,,,,,,,,,,,,,,,,,,,,,,,,,,,,,,,,,,,,,,,,,,,,,,,,,,,,,,,,,,,,,,,,,,,,,,,,,,,,,,,,,,,,,,,,,,,,,,,,,,,,,,,,,,,,,,,,,,,,,,,,,,,,,,,,,,,,,,,,,,,,,,,,,,,,,,,,,,,,,,,,,,,,,,,,,,,,,,,,,,,,,,,,,,,,,,,,,,,,,,,,,,,,,,,,,,,,,,,,,,,,,,,,,,,,,,,,,,,,,,,,,,,,,,,,,,,,,,,,,,,,,,,,,,,,,,,,,,,,,,,,,,,,,,,,,,,,,,,,,,,,,,,,,,,,,,,,,,,,,,,,,,,,,,,,,,,,,,,,,,,,,,,,,,,,,,,,,,,,,,,,,,,,,,,,,,,,,,,,,,,,,,,,,,,,,,,,,,,,,,,,,,,,,,,,,,,,,,,,,,,,,,,,,,,,,,,,,,,,,,,,,,,,,,,,,,,,,,,,,,,,,,,,,,,,,,,,,,,,,,,,,,,,,,,,,,,,,,,,,,,,,,,,,,,,,,,,,,,,,,,,,,,,,,,,,,,,, ,Updated
MPERREN,Mick,Perren,Mick.Perren@chcheli.com,,Active,,b026a012-5989-4494-b075-0ca62ccbef85,Mick.Perren@chcheli.com,2026-04-20T07:16:00-07:00,,Mick.Perren@chcheli.com,MPERREN,,,,,,,,MingleEnterprise,Infor-SuiteUser,MingleIONEnabled,HOMEPAGES-User,IDM-User,IDM-RelatedInformationUser,M3UI-USER,MASHUP-User,,,,,,,,,,,,,,,,,,,,,,,,,,,,,,,,,,,,,,,,,,,,,,,,,,,,,,,,,,,,,,,,,,,,,,,,,,,,,,,,,,,,,,,,,,,,,,,,,,,,,,,,,,,,,,,,,,,,,,,,,,,,,,,,,,,,,,,,,,,,,,,,,,,,,,,,,,,,,,,,,,,,,,,,,,,,,,,,,,,,,,,,,,,,,,,,,,,,,,,,,,,,,,,,,,,,,,,,,,,,,,,,,,,,,,,,,,,,,,,,,,,,,,,,,,,,,,,,,,,,,,,,,,,,,,,,,,,,,,,,,,,,,,,,,,,,,,,,,,,,,,,,,,,,,,,,,,,,,,,,,,,,,,,,,,,,,,,,,,,,,,,,,,,,,,,,,,,,,,,,,,,,,,,,,,,,,,,,,,,,,,,,,,,,,,,,,,,,,,,,,,,,,,,,,,,,,,,,,,,,,,,,,,,,,,,,,,,,,,,,,,,,,,,,,,,,,,,,,,,,,,,,,,,,,,,,,,,,,,,,,,,,,,,,,,,,,,,,,,,,,,,,,,,,,,,,,,,,,,,,,,,,,,,,,,,,,,,,,,,,,,,,,,,,,,,,,,,,,,,,,,,,,,,,,,,,,,,,,,,,,,,,,,,,,,,,,,,,,,,,,,,,,,,,,,,,,,,,,,,,,,,,,,,,,,,,,,,,,,,,,,,,,,,,,,,,,,,,,,,,,,,,,,,,,,,,, ,Updated
MPRIESTL,Mark,Priestley,Mark.Priestley@chcheli.com,,Active,,3fab4722-807d-4aad-9ec2-52e8615acfda,Mark.Priestley@chcheli.com,2026-04-20T07:16:00-07:00,,Mark.Priestley@chcheli.com,MPRIESTL,,,,,,,,MingleEnterprise,Infor-SuiteUser,MingleIONEnabled,HOMEPAGES-User,IDM-User,IDM-RelatedInformationUser,M3UI-USER,MASHUP-User,,,,,,,,,,,,,,,,,,,,,,,,,,,,,,,,,,,,,,,,,,,,,,,,,,,,,,,,,,,,,,,,,,,,,,,,,,,,,,,,,,,,,,,,,,,,,,,,,,,,,,,,,,,,,,,,,,,,,,,,,,,,,,,,,,,,,,,,,,,,,,,,,,,,,,,,,,,,,,,,,,,,,,,,,,,,,,,,,,,,,,,,,,,,,,,,,,,,,,,,,,,,,,,,,,,,,,,,,,,,,,,,,,,,,,,,,,,,,,,,,,,,,,,,,,,,,,,,,,,,,,,,,,,,,,,,,,,,,,,,,,,,,,,,,,,,,,,,,,,,,,,,,,,,,,,,,,,,,,,,,,,,,,,,,,,,,,,,,,,,,,,,,,,,,,,,,,,,,,,,,,,,,,,,,,,,,,,,,,,,,,,,,,,,,,,,,,,,,,,,,,,,,,,,,,,,,,,,,,,,,,,,,,,,,,,,,,,,,,,,,,,,,,,,,,,,,,,,,,,,,,,,,,,,,,,,,,,,,,,,,,,,,,,,,,,,,,,,,,,,,,,,,,,,,,,,,,,,,,,,,,,,,,,,,,,,,,,,,,,,,,,,,,,,,,,,,,,,,,,,,,,,,,,,,,,,,,,,,,,,,,,,,,,,,,,,,,,,,,,,,,,,,,,,,,,,,,,,,,,,,,,,,,,,,,,,,,,,,,,,,,,,,,,,,,,,,,,,,,,,,,,,,,,,,,,,, ,Updated
MPRIVATTI,Mirtes,Privatti,Mirtes.Privatti@chcheli.com,,Active,,f5386d34-f75a-4677-a0b3-59e6fd00a967,Mirtes.Privatti@chcheli.com,2026-04-20T07:16:00-07:00,,Mirtes.Privatti@chcheli.com,MPRIVATTI,,,,,,,,MingleEnterprise,Infor-SuiteUser,MingleIONEnabled,HOMEPAGES-User,IDM-User,IDM-RelatedInformationUser,M3UI-USER,MASHUP-User,FGR191_RW,FGR190_RW,FGR150_RO,FGR152_RO,FGR159_RO,FGR151_RO,FGR305_RW,FGR199_RW,FGR195_RW,FGR155_RO,,,,,,,,,,,,,,,,,,,,,,,,,,,,,,,,,,,,,,,,,,,,,,,,,,,,,,,,,,,,,,,,,,,,,,,,,,,,,,,,,,,,,,,,,,,,,,,,,,,,,,,,,,,,,,,,,,,,,,,,,,,,,,,,,,,,,,,,,,,,,,,,,,,,,,,,,,,,,,,,,,,,,,,,,,,,,,,,,,,,,,,,,,,,,,,,,,,,,,,,,,,,,,,,,,,,,,,,,,,,,,,,,,,,,,,,,,,,,,,,,,,,,,,,,,,,,,,,,,,,,,,,,,,,,,,,,,,,,,,,,,,,,,,,,,,,,,,,,,,,,,,,,,,,,,,,,,,,,,,,,,,,,,,,,,,,,,,,,,,,,,,,,,,,,,,,,,,,,,,,,,,,,,,,,,,,,,,,,,,,,,,,,,,,,,,,,,,,,,,,,,,,,,,,,,,,,,,,,,,,,,,,,,,,,,,,,,,,,,,,,,,,,,,,,,,,,,,,,,,,,,,,,,,,,,,,,,,,,,,,,,,,,,,,,,,,,,,,,,,,,,,,,,,,,,,,,,,,,,,,,,,,,,,,,,,,,,,,,,,,,,,,,,,,,,,,,,,,,,,,,,,,,,,,,,,,,,,,,,,,,,,,,,,,,,,,,,,,,,,,,,,,,,,,,,,,,,,,,,,,,,,,,,,,,,,,,,,,,,,,,,,,,,,,,,,,,,,,,,,,,,, ,Updated
MQUIRKE,Michael,Quirke,Michael.Quirke@chcheli.com,,Active,,e953e069-7908-4202-b930-e90c07cfb435,Michael.Quirke@chcheli.com,2026-04-20T07:16:00-07:00,,Michael.Quirke@chcheli.com,MQUIRKE,,,,,,,,MingleEnterprise,Infor-SuiteUser,MingleIONEnabled,HOMEPAGES-User,IDM-User,IDM-RelatedInformationUser,M3UI-USER,MASHUP-User,,,,,,,,,,,,,,,,,,,,,,,,,,,,,,,,,,,,,,,,,,,,,,,,,,,,,,,,,,,,,,,,,,,,,,,,,,,,,,,,,,,,,,,,,,,,,,,,,,,,,,,,,,,,,,,,,,,,,,,,,,,,,,,,,,,,,,,,,,,,,,,,,,,,,,,,,,,,,,,,,,,,,,,,,,,,,,,,,,,,,,,,,,,,,,,,,,,,,,,,,,,,,,,,,,,,,,,,,,,,,,,,,,,,,,,,,,,,,,,,,,,,,,,,,,,,,,,,,,,,,,,,,,,,,,,,,,,,,,,,,,,,,,,,,,,,,,,,,,,,,,,,,,,,,,,,,,,,,,,,,,,,,,,,,,,,,,,,,,,,,,,,,,,,,,,,,,,,,,,,,,,,,,,,,,,,,,,,,,,,,,,,,,,,,,,,,,,,,,,,,,,,,,,,,,,,,,,,,,,,,,,,,,,,,,,,,,,,,,,,,,,,,,,,,,,,,,,,,,,,,,,,,,,,,,,,,,,,,,,,,,,,,,,,,,,,,,,,,,,,,,,,,,,,,,,,,,,,,,,,,,,,,,,,,,,,,,,,,,,,,,,,,,,,,,,,,,,,,,,,,,,,,,,,,,,,,,,,,,,,,,,,,,,,,,,,,,,,,,,,,,,,,,,,,,,,,,,,,,,,,,,,,,,,,,,,,,,,,,,,,,,,,,,,,,,,,,,,,,,,,,,,,,,,,,,,, ,Updated
NGILCHRI,Neil,Gilchrist,Neil.Gilchrist@CHCHeli.com,,Active,,19f83fd7-facd-4d97-bbde-1cc611722539,Neil.Gilchrist@CHCHeli.com,2026-04-20T07:16:01-07:00,,Neil.Gilchrist@CHCHeli.com,NGILCHRI,,,,,,,,MingleEnterprise,Infor-SuiteUser,MingleIONEnabled,HOMEPAGES-User,IDM-User,IDM-RelatedInformationUser,M3UI-USER,MASHUP-User,,,,,,,,,,,,,,,,,,,,,,,,,,,,,,,,,,,,,,,,,,,,,,,,,,,,,,,,,,,,,,,,,,,,,,,,,,,,,,,,,,,,,,,,,,,,,,,,,,,,,,,,,,,,,,,,,,,,,,,,,,,,,,,,,,,,,,,,,,,,,,,,,,,,,,,,,,,,,,,,,,,,,,,,,,,,,,,,,,,,,,,,,,,,,,,,,,,,,,,,,,,,,,,,,,,,,,,,,,,,,,,,,,,,,,,,,,,,,,,,,,,,,,,,,,,,,,,,,,,,,,,,,,,,,,,,,,,,,,,,,,,,,,,,,,,,,,,,,,,,,,,,,,,,,,,,,,,,,,,,,,,,,,,,,,,,,,,,,,,,,,,,,,,,,,,,,,,,,,,,,,,,,,,,,,,,,,,,,,,,,,,,,,,,,,,,,,,,,,,,,,,,,,,,,,,,,,,,,,,,,,,,,,,,,,,,,,,,,,,,,,,,,,,,,,,,,,,,,,,,,,,,,,,,,,,,,,,,,,,,,,,,,,,,,,,,,,,,,,,,,,,,,,,,,,,,,,,,,,,,,,,,,,,,,,,,,,,,,,,,,,,,,,,,,,,,,,,,,,,,,,,,,,,,,,,,,,,,,,,,,,,,,,,,,,,,,,,,,,,,,,,,,,,,,,,,,,,,,,,,,,,,,,,,,,,,,,,,,,,,,,,,,,,,,,,,,,,,,,,,,,,,,,,,,,,,, ,Updated
NKATHE,nikhil,kathe,nikhil.kathe@chcheli.com,,Active,,005df3e4-ce92-4c3b-9bf6-8d1b6ece955e,nikhil.kathe@chcheli.com,2026-04-20T07:16:01-07:00,2026-06-15T06:53:03-07:00,nikhil.kathe@chcheli.com,NKATHE,,,,,,,,MingleEnterprise,Infor-SuiteUser,MingleIONEnabled,HOMEPAGES-User,IDM-User,IDM-RelatedInformationUser,M3UI-USER,MASHUP-User,FGR003_RW,FGR001_RW,FGR005_RW,FGR004_RW,FGR002_RW,FGR014_RO,FGR021_RO,FGR300_RO,FGR301_RO,FGR302_RO,FGR311_RO,FGR352_RO,FGR350_RO,FGR359_RO,FGR006_RO,FGR013_RO,FGR309_RO,FGR305_RO,FGR310_RO,FGR319_RO,FGR351_RO,,,,,,,,,,,,,,,,,,,,,,,,,,,,,,,,,,,,,,,,,,,,,,,,,,,,,,,,,,,,,,,,,,,,,,,,,,,,,,,,,,,,,,,,,,,,,,,,,,,,,,,,,,,,,,,,,,,,,,,,,,,,,,,,,,,,,,,,,,,,,,,,,,,,,,,,,,,,,,,,,,,,,,,,,,,,,,,,,,,,,,,,,,,,,,,,,,,,,,,,,,,,,,,,,,,,,,,,,,,,,,,,,,,,,,,,,,,,,,,,,,,,,,,,,,,,,,,,,,,,,,,,,,,,,,,,,,,,,,,,,,,,,,,,,,,,,,,,,,,,,,,,,,,,,,,,,,,,,,,,,,,,,,,,,,,,,,,,,,,,,,,,,,,,,,,,,,,,,,,,,,,,,,,,,,,,,,,,,,,,,,,,,,,,,,,,,,,,,,,,,,,,,,,,,,,,,,,,,,,,,,,,,,,,,,,,,,,,,,,,,,,,,,,,,,,,,,,,,,,,,,,,,,,,,,,,,,,,,,,,,,,,,,,,,,,,,,,,,,,,,,,,,,,,,,,,,,,,,,,,,,,,,,,,,,,,,,,,,,,,,,,,,,,,,,,,,,,,,,,,,,,,,,,,,,,,,,,,,,,,,,,,,,,,,,,,,,,,,,,,,,,,,,,,,,,,,,,,,,,,,,,,,,,,,,,,,,,,,,,,,,,,,,,,,,,, ,Updated
NKOLNES,Nils-Rune,Kolnes,Nils-Rune.Kolnes@chcheli.com,,Active,,65eccbaf-c3aa-4868-8a78-3799f717309f,Nils-Rune.Kolnes@chcheli.com,2026-04-20T07:16:01-07:00,,Nils-Rune.Kolnes@chcheli.com,NKOLNES,,,,,,,,MingleEnterprise,Infor-SuiteUser,MingleIONEnabled,HOMEPAGES-User,IDM-User,IDM-RelatedInformationUser,M3UI-USER,MASHUP-User,,,,,,,,,,,,,,,,,,,,,,,,,,,,,,,,,,,,,,,,,,,,,,,,,,,,,,,,,,,,,,,,,,,,,,,,,,,,,,,,,,,,,,,,,,,,,,,,,,,,,,,,,,,,,,,,,,,,,,,,,,,,,,,,,,,,,,,,,,,,,,,,,,,,,,,,,,,,,,,,,,,,,,,,,,,,,,,,,,,,,,,,,,,,,,,,,,,,,,,,,,,,,,,,,,,,,,,,,,,,,,,,,,,,,,,,,,,,,,,,,,,,,,,,,,,,,,,,,,,,,,,,,,,,,,,,,,,,,,,,,,,,,,,,,,,,,,,,,,,,,,,,,,,,,,,,,,,,,,,,,,,,,,,,,,,,,,,,,,,,,,,,,,,,,,,,,,,,,,,,,,,,,,,,,,,,,,,,,,,,,,,,,,,,,,,,,,,,,,,,,,,,,,,,,,,,,,,,,,,,,,,,,,,,,,,,,,,,,,,,,,,,,,,,,,,,,,,,,,,,,,,,,,,,,,,,,,,,,,,,,,,,,,,,,,,,,,,,,,,,,,,,,,,,,,,,,,,,,,,,,,,,,,,,,,,,,,,,,,,,,,,,,,,,,,,,,,,,,,,,,,,,,,,,,,,,,,,,,,,,,,,,,,,,,,,,,,,,,,,,,,,,,,,,,,,,,,,,,,,,,,,,,,,,,,,,,,,,,,,,,,,,,,,,,,,,,,,,,,,,,,,,,,,,,,,,, ,Updated
NRACIC,Nik,Racic,Nik.Racic@heli-one.com,,Active,,60a20c5f-83ed-48b7-9b25-4227f210b653,Nik.Racic@heli-one.com,2026-04-20T07:16:01-07:00,,Nik.Racic@heli-one.com,NRACIC,,,,,,,,MingleEnterprise,Infor-SuiteUser,MingleIONEnabled,HOMEPAGES-User,IDM-User,IDM-RelatedInformationUser,M3UI-USER,MASHUP-User,,,,,,,,,,,,,,,,,,,,,,,,,,,,,,,,,,,,,,,,,,,,,,,,,,,,,,,,,,,,,,,,,,,,,,,,,,,,,,,,,,,,,,,,,,,,,,,,,,,,,,,,,,,,,,,,,,,,,,,,,,,,,,,,,,,,,,,,,,,,,,,,,,,,,,,,,,,,,,,,,,,,,,,,,,,,,,,,,,,,,,,,,,,,,,,,,,,,,,,,,,,,,,,,,,,,,,,,,,,,,,,,,,,,,,,,,,,,,,,,,,,,,,,,,,,,,,,,,,,,,,,,,,,,,,,,,,,,,,,,,,,,,,,,,,,,,,,,,,,,,,,,,,,,,,,,,,,,,,,,,,,,,,,,,,,,,,,,,,,,,,,,,,,,,,,,,,,,,,,,,,,,,,,,,,,,,,,,,,,,,,,,,,,,,,,,,,,,,,,,,,,,,,,,,,,,,,,,,,,,,,,,,,,,,,,,,,,,,,,,,,,,,,,,,,,,,,,,,,,,,,,,,,,,,,,,,,,,,,,,,,,,,,,,,,,,,,,,,,,,,,,,,,,,,,,,,,,,,,,,,,,,,,,,,,,,,,,,,,,,,,,,,,,,,,,,,,,,,,,,,,,,,,,,,,,,,,,,,,,,,,,,,,,,,,,,,,,,,,,,,,,,,,,,,,,,,,,,,,,,,,,,,,,,,,,,,,,,,,,,,,,,,,,,,,,,,,,,,,,,,,,,,,,,,,,,, ,Updated
NVROON,Niels,Van.Roon,Niels.Van.Roon@chcheli.com,,Active,,d99233a0-844b-42e0-bdf4-b0675ddad4d7,Niels.Van.Roon@chcheli.com,2026-04-20T07:16:02-07:00,,Niels.Van.Roon@chcheli.com,NVROON,,,,,,,,MingleEnterprise,Infor-SuiteUser,MingleIONEnabled,HOMEPAGES-User,IDM-User,IDM-RelatedInformationUser,M3UI-USER,MASHUP-User,FGR003_RW,FGR001_RW,FGR005_RW,FGR004_RW,FGR002_RW,FGR014_RO,FGR021_RO,FGR300_RO,FGR301_RO,FGR302_RO,FGR311_RO,FGR352_RO,FGR350_RO,FGR359_RO,FGR006_RO,FGR013_RO,FGR309_RO,FGR305_RO,FGR310_RO,FGR319_RO,FGR351_RO,,,,,,,,,,,,,,,,,,,,,,,,,,,,,,,,,,,,,,,,,,,,,,,,,,,,,,,,,,,,,,,,,,,,,,,,,,,,,,,,,,,,,,,,,,,,,,,,,,,,,,,,,,,,,,,,,,,,,,,,,,,,,,,,,,,,,,,,,,,,,,,,,,,,,,,,,,,,,,,,,,,,,,,,,,,,,,,,,,,,,,,,,,,,,,,,,,,,,,,,,,,,,,,,,,,,,,,,,,,,,,,,,,,,,,,,,,,,,,,,,,,,,,,,,,,,,,,,,,,,,,,,,,,,,,,,,,,,,,,,,,,,,,,,,,,,,,,,,,,,,,,,,,,,,,,,,,,,,,,,,,,,,,,,,,,,,,,,,,,,,,,,,,,,,,,,,,,,,,,,,,,,,,,,,,,,,,,,,,,,,,,,,,,,,,,,,,,,,,,,,,,,,,,,,,,,,,,,,,,,,,,,,,,,,,,,,,,,,,,,,,,,,,,,,,,,,,,,,,,,,,,,,,,,,,,,,,,,,,,,,,,,,,,,,,,,,,,,,,,,,,,,,,,,,,,,,,,,,,,,,,,,,,,,,,,,,,,,,,,,,,,,,,,,,,,,,,,,,,,,,,,,,,,,,,,,,,,,,,,,,,,,,,,,,,,,,,,,,,,,,,,,,,,,,,,,,,,,,,,,,,,,,,,,,,,,,,,,,,,,,,,,,,,,,,,, ,Updated
NWIATER,Natalia,Wiater,Natalia.Wiater@heli-one.com,,Active,,f6d97c87-64db-44a7-b06e-ff94596d89b3,Natalia.Wiater@heli-one.com,2026-04-20T07:16:02-07:00,,Natalia.Wiater@heli-one.com,NWIATER,,,,,,,,MingleEnterprise,Infor-SuiteUser,MingleIONEnabled,HOMEPAGES-User,IDM-User,IDM-RelatedInformationUser,M3UI-USER,MASHUP-User,PPEPRRO,,,,,,,,,,,,,,,,,,,,,,,,,,,,,,,,,,,,,,,,,,,,,,,,,,,,,,,,,,,,,,,,,,,,,,,,,,,,,,,,,,,,,,,,,,,,,,,,,,,,,,,,,,,,,,,,,,,,,,,,,,,,,,,,,,,,,,,,,,,,,,,,,,,,,,,,,,,,,,,,,,,,,,,,,,,,,,,,,,,,,,,,,,,,,,,,,,,,,,,,,,,,,,,,,,,,,,,,,,,,,,,,,,,,,,,,,,,,,,,,,,,,,,,,,,,,,,,,,,,,,,,,,,,,,,,,,,,,,,,,,,,,,,,,,,,,,,,,,,,,,,,,,,,,,,,,,,,,,,,,,,,,,,,,,,,,,,,,,,,,,,,,,,,,,,,,,,,,,,,,,,,,,,,,,,,,,,,,,,,,,,,,,,,,,,,,,,,,,,,,,,,,,,,,,,,,,,,,,,,,,,,,,,,,,,,,,,,,,,,,,,,,,,,,,,,,,,,,,,,,,,,,,,,,,,,,,,,,,,,,,,,,,,,,,,,,,,,,,,,,,,,,,,,,,,,,,,,,,,,,,,,,,,,,,,,,,,,,,,,,,,,,,,,,,,,,,,,,,,,,,,,,,,,,,,,,,,,,,,,,,,,,,,,,,,,,,,,,,,,,,,,,,,,,,,,,,,,,,,,,,,,,,,,,,,,,,,,,,,,,,,,,,,,,,,,,,,,,,,,,,,,,,,,,,,,, ,Updated
ODANGMAL,Omkar,Dangmal,Omkar.Dangmal@chcheli.com,,Active,,f6097836-5a4d-4b25-9169-f24c0e567019,Omkar.Dangmal@chcheli.com,2026-04-20T07:16:02-07:00,2026-06-10T01:49:36-07:00,Omkar.Dangmal@chcheli.com,ODANGMAL,,,,,,,,MingleEnterprise,Infor-SuiteUser,MingleIONEnabled,HOMEPAGES-User,IDM-User,IDM-RelatedInformationUser,M3UI-USER,MASHUP-User,FGR003_RW,FGR001_RW,FGR005_RW,FGR004_RW,FGR002_RW,FGR014_RO,FGR021_RO,FGR300_RO,FGR301_RO,FGR302_RO,FGR311_RO,FGR352_RO,FGR350_RO,FGR359_RO,FGR006_RO,FGR013_RO,FGR309_RO,FGR305_RO,FGR310_RO,FGR319_RO,FGR351_RO,,,,,,,,,,,,,,,,,,,,,,,,,,,,,,,,,,,,,,,,,,,,,,,,,,,,,,,,,,,,,,,,,,,,,,,,,,,,,,,,,,,,,,,,,,,,,,,,,,,,,,,,,,,,,,,,,,,,,,,,,,,,,,,,,,,,,,,,,,,,,,,,,,,,,,,,,,,,,,,,,,,,,,,,,,,,,,,,,,,,,,,,,,,,,,,,,,,,,,,,,,,,,,,,,,,,,,,,,,,,,,,,,,,,,,,,,,,,,,,,,,,,,,,,,,,,,,,,,,,,,,,,,,,,,,,,,,,,,,,,,,,,,,,,,,,,,,,,,,,,,,,,,,,,,,,,,,,,,,,,,,,,,,,,,,,,,,,,,,,,,,,,,,,,,,,,,,,,,,,,,,,,,,,,,,,,,,,,,,,,,,,,,,,,,,,,,,,,,,,,,,,,,,,,,,,,,,,,,,,,,,,,,,,,,,,,,,,,,,,,,,,,,,,,,,,,,,,,,,,,,,,,,,,,,,,,,,,,,,,,,,,,,,,,,,,,,,,,,,,,,,,,,,,,,,,,,,,,,,,,,,,,,,,,,,,,,,,,,,,,,,,,,,,,,,,,,,,,,,,,,,,,,,,,,,,,,,,,,,,,,,,,,,,,,,,,,,,,,,,,,,,,,,,,,,,,,,,,,,,,,,,,,,,,,,,,,,,,,,,,,,,,,,,,,,,, ,Updated
OGRABI,Olav,Grabi,Olav.Grabi@heli-one.com,,Active,,5435f0e5-bb56-480b-8770-b75afb4a2370,Olav.Grabi@heli-one.com,2026-04-20T07:16:02-07:00,,Olav.Grabi@heli-one.com,OGRABI,,,,,,,,MingleEnterprise,Infor-SuiteUser,MingleIONEnabled,HOMEPAGES-User,IDM-User,IDM-RelatedInformationUser,M3UI-USER,MASHUP-User,,,,,,,,,,,,,,,,,,,,,,,,,,,,,,,,,,,,,,,,,,,,,,,,,,,,,,,,,,,,,,,,,,,,,,,,,,,,,,,,,,,,,,,,,,,,,,,,,,,,,,,,,,,,,,,,,,,,,,,,,,,,,,,,,,,,,,,,,,,,,,,,,,,,,,,,,,,,,,,,,,,,,,,,,,,,,,,,,,,,,,,,,,,,,,,,,,,,,,,,,,,,,,,,,,,,,,,,,,,,,,,,,,,,,,,,,,,,,,,,,,,,,,,,,,,,,,,,,,,,,,,,,,,,,,,,,,,,,,,,,,,,,,,,,,,,,,,,,,,,,,,,,,,,,,,,,,,,,,,,,,,,,,,,,,,,,,,,,,,,,,,,,,,,,,,,,,,,,,,,,,,,,,,,,,,,,,,,,,,,,,,,,,,,,,,,,,,,,,,,,,,,,,,,,,,,,,,,,,,,,,,,,,,,,,,,,,,,,,,,,,,,,,,,,,,,,,,,,,,,,,,,,,,,,,,,,,,,,,,,,,,,,,,,,,,,,,,,,,,,,,,,,,,,,,,,,,,,,,,,,,,,,,,,,,,,,,,,,,,,,,,,,,,,,,,,,,,,,,,,,,,,,,,,,,,,,,,,,,,,,,,,,,,,,,,,,,,,,,,,,,,,,,,,,,,,,,,,,,,,,,,,,,,,,,,,,,,,,,,,,,,,,,,,,,,,,,,,,,,,,,,,,,,,,,,,, ,Updated
OMAGBANUA,Oliver,Magbanua,Oliver.Magbanua@heli-one.com,,Active,,69505df4-ddc9-46df-922b-2a881b5404cf,Oliver.Magbanua@heli-one.com,2026-04-20T07:16:02-07:00,,Oliver.Magbanua@heli-one.com,OMAGBANUA,,,,,,,,MingleEnterprise,Infor-SuiteUser,MingleIONEnabled,HOMEPAGES-User,IDM-User,IDM-RelatedInformationUser,M3UI-USER,MASHUP-User,,,,,,,,,,,,,,,,,,,,,,,,,,,,,,,,,,,,,,,,,,,,,,,,,,,,,,,,,,,,,,,,,,,,,,,,,,,,,,,,,,,,,,,,,,,,,,,,,,,,,,,,,,,,,,,,,,,,,,,,,,,,,,,,,,,,,,,,,,,,,,,,,,,,,,,,,,,,,,,,,,,,,,,,,,,,,,,,,,,,,,,,,,,,,,,,,,,,,,,,,,,,,,,,,,,,,,,,,,,,,,,,,,,,,,,,,,,,,,,,,,,,,,,,,,,,,,,,,,,,,,,,,,,,,,,,,,,,,,,,,,,,,,,,,,,,,,,,,,,,,,,,,,,,,,,,,,,,,,,,,,,,,,,,,,,,,,,,,,,,,,,,,,,,,,,,,,,,,,,,,,,,,,,,,,,,,,,,,,,,,,,,,,,,,,,,,,,,,,,,,,,,,,,,,,,,,,,,,,,,,,,,,,,,,,,,,,,,,,,,,,,,,,,,,,,,,,,,,,,,,,,,,,,,,,,,,,,,,,,,,,,,,,,,,,,,,,,,,,,,,,,,,,,,,,,,,,,,,,,,,,,,,,,,,,,,,,,,,,,,,,,,,,,,,,,,,,,,,,,,,,,,,,,,,,,,,,,,,,,,,,,,,,,,,,,,,,,,,,,,,,,,,,,,,,,,,,,,,,,,,,,,,,,,,,,,,,,,,,,,,,,,,,,,,,,,,,,,,,,,,,,,,,,,,,,,, ,Updated
5d157a90-40bf-4e99-ad9a-e2e78671018c,Omkar,Mulik,Omkar.Mulik@chcheli.com,,Active,,5d157a90-40bf-4e99-ad9a-e2e78671018c,Omkar.Mulik@chcheli.com,2026-04-20T07:16:02-07:00,,Omkar.Mulik@chcheli.com,OMULIK,,,,,,,,MingleEnterprise,Infor-SuiteUser,MingleIONEnabled,HOMEPAGES-User,IDM-User,IDM-RelatedInformationUser,M3UI-USER,MASHUP-User,FGR003_RW,FGR001_RW,FGR005_RW,FGR004_RW,FGR002_RW,FGR014_RO,FGR021_RO,FGR300_RO,FGR301_RO,FGR302_RO,FGR311_RO,FGR352_RO,FGR350_RO,FGR359_RO,FGR006_RO,FGR013_RO,FGR309_RO,FGR305_RO,FGR310_RO,FGR319_RO,FGR351_RO,,,,,,,,,,,,,,,,,,,,,,,,,,,,,,,,,,,,,,,,,,,,,,,,,,,,,,,,,,,,,,,,,,,,,,,,,,,,,,,,,,,,,,,,,,,,,,,,,,,,,,,,,,,,,,,,,,,,,,,,,,,,,,,,,,,,,,,,,,,,,,,,,,,,,,,,,,,,,,,,,,,,,,,,,,,,,,,,,,,,,,,,,,,,,,,,,,,,,,,,,,,,,,,,,,,,,,,,,,,,,,,,,,,,,,,,,,,,,,,,,,,,,,,,,,,,,,,,,,,,,,,,,,,,,,,,,,,,,,,,,,,,,,,,,,,,,,,,,,,,,,,,,,,,,,,,,,,,,,,,,,,,,,,,,,,,,,,,,,,,,,,,,,,,,,,,,,,,,,,,,,,,,,,,,,,,,,,,,,,,,,,,,,,,,,,,,,,,,,,,,,,,,,,,,,,,,,,,,,,,,,,,,,,,,,,,,,,,,,,,,,,,,,,,,,,,,,,,,,,,,,,,,,,,,,,,,,,,,,,,,,,,,,,,,,,,,,,,,,,,,,,,,,,,,,,,,,,,,,,,,,,,,,,,,,,,,,,,,,,,,,,,,,,,,,,,,,,,,,,,,,,,,,,,,,,,,,,,,,,,,,,,,,,,,,,,,,,,,,,,,,,,,,,,,,,,,,,,,,,,,,,,,,,,,,,,,,,,,,,,,,,,,,,,,,,, ,Updated
OOSTEBO,Orjan,Ostebo,Orjan.Ostebo@heli-one.com,,Active,,197ad26b-4a60-4e98-a024-268fde8b168f,Orjan.Ostebo@heli-one.com,2026-04-20T07:16:03-07:00,,Orjan.Ostebo@heli-one.com,OOSTEBO,,,,,,,,MingleEnterprise,Infor-SuiteUser,MingleIONEnabled,HOMEPAGES-User,IDM-User,IDM-RelatedInformationUser,M3UI-USER,MASHUP-User,,,,,,,,,,,,,,,,,,,,,,,,,,,,,,,,,,,,,,,,,,,,,,,,,,,,,,,,,,,,,,,,,,,,,,,,,,,,,,,,,,,,,,,,,,,,,,,,,,,,,,,,,,,,,,,,,,,,,,,,,,,,,,,,,,,,,,,,,,,,,,,,,,,,,,,,,,,,,,,,,,,,,,,,,,,,,,,,,,,,,,,,,,,,,,,,,,,,,,,,,,,,,,,,,,,,,,,,,,,,,,,,,,,,,,,,,,,,,,,,,,,,,,,,,,,,,,,,,,,,,,,,,,,,,,,,,,,,,,,,,,,,,,,,,,,,,,,,,,,,,,,,,,,,,,,,,,,,,,,,,,,,,,,,,,,,,,,,,,,,,,,,,,,,,,,,,,,,,,,,,,,,,,,,,,,,,,,,,,,,,,,,,,,,,,,,,,,,,,,,,,,,,,,,,,,,,,,,,,,,,,,,,,,,,,,,,,,,,,,,,,,,,,,,,,,,,,,,,,,,,,,,,,,,,,,,,,,,,,,,,,,,,,,,,,,,,,,,,,,,,,,,,,,,,,,,,,,,,,,,,,,,,,,,,,,,,,,,,,,,,,,,,,,,,,,,,,,,,,,,,,,,,,,,,,,,,,,,,,,,,,,,,,,,,,,,,,,,,,,,,,,,,,,,,,,,,,,,,,,,,,,,,,,,,,,,,,,,,,,,,,,,,,,,,,,,,,,,,,,,,,,,,,,,,,,,, ,Updated
ORJUNIOR,Orlando,Junior,Orlando.Junior@chcheli.com,,Active,,00b88796-2430-406e-a0ca-ff53ddb11435,Orlando.Junior@chcheli.com,2026-04-20T07:16:03-07:00,,Orlando.Junior@chcheli.com,ORJUNIOR,,,,,,,,MingleEnterprise,Infor-SuiteUser,MingleIONEnabled,HOMEPAGES-User,IDM-User,IDM-RelatedInformationUser,M3UI-USER,MASHUP-User,FGR191_RW,FGR190_RW,FGR150_RO,FGR152_RO,FGR159_RO,FGR151_RO,FGR199_RW,FGR195_RW,FGR155_RO,,,,,,,,,,,,,,,,,,,,,,,,,,,,,,,,,,,,,,,,,,,,,,,,,,,,,,,,,,,,,,,,,,,,,,,,,,,,,,,,,,,,,,,,,,,,,,,,,,,,,,,,,,,,,,,,,,,,,,,,,,,,,,,,,,,,,,,,,,,,,,,,,,,,,,,,,,,,,,,,,,,,,,,,,,,,,,,,,,,,,,,,,,,,,,,,,,,,,,,,,,,,,,,,,,,,,,,,,,,,,,,,,,,,,,,,,,,,,,,,,,,,,,,,,,,,,,,,,,,,,,,,,,,,,,,,,,,,,,,,,,,,,,,,,,,,,,,,,,,,,,,,,,,,,,,,,,,,,,,,,,,,,,,,,,,,,,,,,,,,,,,,,,,,,,,,,,,,,,,,,,,,,,,,,,,,,,,,,,,,,,,,,,,,,,,,,,,,,,,,,,,,,,,,,,,,,,,,,,,,,,,,,,,,,,,,,,,,,,,,,,,,,,,,,,,,,,,,,,,,,,,,,,,,,,,,,,,,,,,,,,,,,,,,,,,,,,,,,,,,,,,,,,,,,,,,,,,,,,,,,,,,,,,,,,,,,,,,,,,,,,,,,,,,,,,,,,,,,,,,,,,,,,,,,,,,,,,,,,,,,,,,,,,,,,,,,,,,,,,,,,,,,,,,,,,,,,,,,,,,,,,,,,,,,,,,,,,,,,,,,,,,,,,,,,,,,,,,,,,,,,,, ,Updated
PDENTON,Phil,Denton,Phil.Denton@heli-one.com,,Active,,38579f1c-65bc-4df8-925c-753e0b6c7103,Phil.Denton@heli-one.com,2026-04-20T07:16:03-07:00,,Phil.Denton@heli-one.com,PDENTON,,,,,,,,MingleEnterprise,Infor-SuiteUser,MingleIONEnabled,HOMEPAGES-User,IDM-User,IDM-RelatedInformationUser,M3UI-USER,MASHUP-User,,,,,,,,,,,,,,,,,,,,,,,,,,,,,,,,,,,,,,,,,,,,,,,,,,,,,,,,,,,,,,,,,,,,,,,,,,,,,,,,,,,,,,,,,,,,,,,,,,,,,,,,,,,,,,,,,,,,,,,,,,,,,,,,,,,,,,,,,,,,,,,,,,,,,,,,,,,,,,,,,,,,,,,,,,,,,,,,,,,,,,,,,,,,,,,,,,,,,,,,,,,,,,,,,,,,,,,,,,,,,,,,,,,,,,,,,,,,,,,,,,,,,,,,,,,,,,,,,,,,,,,,,,,,,,,,,,,,,,,,,,,,,,,,,,,,,,,,,,,,,,,,,,,,,,,,,,,,,,,,,,,,,,,,,,,,,,,,,,,,,,,,,,,,,,,,,,,,,,,,,,,,,,,,,,,,,,,,,,,,,,,,,,,,,,,,,,,,,,,,,,,,,,,,,,,,,,,,,,,,,,,,,,,,,,,,,,,,,,,,,,,,,,,,,,,,,,,,,,,,,,,,,,,,,,,,,,,,,,,,,,,,,,,,,,,,,,,,,,,,,,,,,,,,,,,,,,,,,,,,,,,,,,,,,,,,,,,,,,,,,,,,,,,,,,,,,,,,,,,,,,,,,,,,,,,,,,,,,,,,,,,,,,,,,,,,,,,,,,,,,,,,,,,,,,,,,,,,,,,,,,,,,,,,,,,,,,,,,,,,,,,,,,,,,,,,,,,,,,,,,,,,,,,,,,,,, ,Updated
PKHONGPAN,Pey-Wen,Khong-Pan,Pey-Wen.Khong-Pan@chcheli.com,,Active,,ef9b00c4-9cd5-459b-bba9-c71e8fe06ce7,Pey-Wen.Khong-Pan@chcheli.com,2026-04-20T07:16:03-07:00,2026-05-08T09:40:29-07:00,Pey-Wen.Khong-Pan@chcheli.com,PKHONGPAN,,,,,,,,MingleEnterprise,Infor-SuiteUser,MingleIONEnabled,HOMEPAGES-User,IDM-User,IDM-RelatedInformationUser,M3UI-USER,MASHUP-User,FGR003_RW,FGR001_RW,FGR005_RW,FGR004_RW,FGR002_RW,FGR351_RW,FGR355_RW,FGR352_RW,FGR350_RW,FGR359_RW,FGR014_RO,FGR021_RO,FGR300_RO,FGR301_RO,FGR302_RO,FGR311_RO,FGR312_RO,FGR352_RO,FGR350_RO,FGR302_RW,FGR359_RO,FGR305_RW,FGR310_RW,FGR312_RW,FGR315_RW,FGR300_RW,FGR301_RW,FGR309_RW,FGR311_RW,FGR319_RW,FGR006_RO,FGR012_RO,FGR013_RO,FGR309_RO,FGR305_RO,FGR315_RO,FGR310_RO,FGR319_RO,FGR351_RO,FGR355_RO,,,,,,,,,,,,,,,,,,,,,,,,,,,,,,,,,,,,,,,,,,,,,,,,,,,,,,,,,,,,,,,,,,,,,,,,,,,,,,,,,,,,,,,,,,,,,,,,,,,,,,,,,,,,,,,,,,,,,,,,,,,,,,,,,,,,,,,,,,,,,,,,,,,,,,,,,,,,,,,,,,,,,,,,,,,,,,,,,,,,,,,,,,,,,,,,,,,,,,,,,,,,,,,,,,,,,,,,,,,,,,,,,,,,,,,,,,,,,,,,,,,,,,,,,,,,,,,,,,,,,,,,,,,,,,,,,,,,,,,,,,,,,,,,,,,,,,,,,,,,,,,,,,,,,,,,,,,,,,,,,,,,,,,,,,,,,,,,,,,,,,,,,,,,,,,,,,,,,,,,,,,,,,,,,,,,,,,,,,,,,,,,,,,,,,,,,,,,,,,,,,,,,,,,,,,,,,,,,,,,,,,,,,,,,,,,,,,,,,,,,,,,,,,,,,,,,,,,,,,,,,,,,,,,,,,,,,,,,,,,,,,,,,,,,,,,,,,,,,,,,,,,,,,,,,,,,,,,,,,,,,,,,,,,,,,,,,,,,,,,,,,,,,,,,,,,,,,,,,,,,,,,,,,,,,,,,,,,,,,,,,,,,,,,,,,,,,,,,,,,,,,,,,,,,,,,,,,,,,,,,,,,,,,,,,,,, ,Updated
PLESLIE,Paula,Leslie,Paula.Leslie@chcheli.com,,Active,,fa334303-a374-4095-9a94-d50ef4605da4,Paula.Leslie@chcheli.com,2026-04-20T07:16:03-07:00,,Paula.Leslie@chcheli.com,PLESLIE,,,,,,,,MingleEnterprise,Infor-SuiteUser,MingleIONEnabled,HOMEPAGES-User,IDM-User,IDM-RelatedInformationUser,M3UI-USER,MASHUP-User,,,,,,,,,,,,,,,,,,,,,,,,,,,,,,,,,,,,,,,,,,,,,,,,,,,,,,,,,,,,,,,,,,,,,,,,,,,,,,,,,,,,,,,,,,,,,,,,,,,,,,,,,,,,,,,,,,,,,,,,,,,,,,,,,,,,,,,,,,,,,,,,,,,,,,,,,,,,,,,,,,,,,,,,,,,,,,,,,,,,,,,,,,,,,,,,,,,,,,,,,,,,,,,,,,,,,,,,,,,,,,,,,,,,,,,,,,,,,,,,,,,,,,,,,,,,,,,,,,,,,,,,,,,,,,,,,,,,,,,,,,,,,,,,,,,,,,,,,,,,,,,,,,,,,,,,,,,,,,,,,,,,,,,,,,,,,,,,,,,,,,,,,,,,,,,,,,,,,,,,,,,,,,,,,,,,,,,,,,,,,,,,,,,,,,,,,,,,,,,,,,,,,,,,,,,,,,,,,,,,,,,,,,,,,,,,,,,,,,,,,,,,,,,,,,,,,,,,,,,,,,,,,,,,,,,,,,,,,,,,,,,,,,,,,,,,,,,,,,,,,,,,,,,,,,,,,,,,,,,,,,,,,,,,,,,,,,,,,,,,,,,,,,,,,,,,,,,,,,,,,,,,,,,,,,,,,,,,,,,,,,,,,,,,,,,,,,,,,,,,,,,,,,,,,,,,,,,,,,,,,,,,,,,,,,,,,,,,,,,,,,,,,,,,,,,,,,,,,,,,,,,,,,,,,,,,, ,Updated
PMIRANDA,paula,miranda,paula.miranda@chcheli.com,,Active,,335ccd46-c696-484e-aa15-bcd19a29682f,paula.miranda@chcheli.com,2026-04-20T07:16:04-07:00,,paula.miranda@chcheli.com,PMIRANDA,,,,,,,,MingleEnterprise,Infor-SuiteUser,MingleIONEnabled,HOMEPAGES-User,IDM-User,IDM-RelatedInformationUser,M3UI-USER,MASHUP-User,FGR191_RW,FGR190_RW,FGR150_RO,FGR152_RO,FGR159_RO,FGR151_RO,FGR199_RW,FGR195_RW,FGR155_RO,,,,,,,,,,,,,,,,,,,,,,,,,,,,,,,,,,,,,,,,,,,,,,,,,,,,,,,,,,,,,,,,,,,,,,,,,,,,,,,,,,,,,,,,,,,,,,,,,,,,,,,,,,,,,,,,,,,,,,,,,,,,,,,,,,,,,,,,,,,,,,,,,,,,,,,,,,,,,,,,,,,,,,,,,,,,,,,,,,,,,,,,,,,,,,,,,,,,,,,,,,,,,,,,,,,,,,,,,,,,,,,,,,,,,,,,,,,,,,,,,,,,,,,,,,,,,,,,,,,,,,,,,,,,,,,,,,,,,,,,,,,,,,,,,,,,,,,,,,,,,,,,,,,,,,,,,,,,,,,,,,,,,,,,,,,,,,,,,,,,,,,,,,,,,,,,,,,,,,,,,,,,,,,,,,,,,,,,,,,,,,,,,,,,,,,,,,,,,,,,,,,,,,,,,,,,,,,,,,,,,,,,,,,,,,,,,,,,,,,,,,,,,,,,,,,,,,,,,,,,,,,,,,,,,,,,,,,,,,,,,,,,,,,,,,,,,,,,,,,,,,,,,,,,,,,,,,,,,,,,,,,,,,,,,,,,,,,,,,,,,,,,,,,,,,,,,,,,,,,,,,,,,,,,,,,,,,,,,,,,,,,,,,,,,,,,,,,,,,,,,,,,,,,,,,,,,,,,,,,,,,,,,,,,,,,,,,,,,,,,,,,,,,,,,,,,,,,,,,,,,,,, ,Updated
PSMITHERAM,Perry,Smitheram,Perry.Smitheram@chcheli.com,Leasing Manager,Active,,6ee452d8-e3dd-4a26-804a-a8bf3612fa86,Perry.Smitheram@chcheli.com,2026-04-20T07:16:04-07:00,2026-04-22T16:44:52-07:00,Perry.Smitheram@chcheli.com,PSMITHERAM,,,,,,,,MingleEnterprise,Infor-SuiteUser,MingleIONEnabled,HOMEPAGES-User,IDM-User,IDM-RelatedInformationUser,M3UI-USER,MASHUP-User,FGR341_RW,FGR342_RW,FGR021_RO,FGR300_RO,FGR301_RO,FGR302_RO,FGR311_RO,FGR312_RO,FGR321_RO,FGR329_RO,FGR322_RO,FGR342_RO,FGR341_RO,FGR352_RO,FGR345_RO,FGR349_RO,FGR350_RO,FGR359_RO,FGR340_RW,FGR345_RW,FGR349_RW,FGR006_RO,FGR012_RO,FGR013_RO,FGR309_RO,FGR305_RO,FGR315_RO,FGR310_RO,FGR319_RO,FGR320_RO,FGR325_RO,FGR330_RO,FGR351_RO,FGR355_RO,,,,,,,,,,,,,,,,,,,,,,,,,,,,,,,,,,,,,,,,,,,,,,,,,,,,,,,,,,,,,,,,,,,,,,,,,,,,,,,,,,,,,,,,,,,,,,,,,,,,,,,,,,,,,,,,,,,,,,,,,,,,,,,,,,,,,,,,,,,,,,,,,,,,,,,,,,,,,,,,,,,,,,,,,,,,,,,,,,,,,,,,,,,,,,,,,,,,,,,,,,,,,,,,,,,,,,,,,,,,,,,,,,,,,,,,,,,,,,,,,,,,,,,,,,,,,,,,,,,,,,,,,,,,,,,,,,,,,,,,,,,,,,,,,,,,,,,,,,,,,,,,,,,,,,,,,,,,,,,,,,,,,,,,,,,,,,,,,,,,,,,,,,,,,,,,,,,,,,,,,,,,,,,,,,,,,,,,,,,,,,,,,,,,,,,,,,,,,,,,,,,,,,,,,,,,,,,,,,,,,,,,,,,,,,,,,,,,,,,,,,,,,,,,,,,,,,,,,,,,,,,,,,,,,,,,,,,,,,,,,,,,,,,,,,,,,,,,,,,,,,,,,,,,,,,,,,,,,,,,,,,,,,,,,,,,,,,,,,,,,,,,,,,,,,,,,,,,,,,,,,,,,,,,,,,,,,,,,,,,,,,,,,,,,,,,,,,,,,,,,,,,,,,,,,,,,,,,,,,,,,,,,,,,,,,,,,,,,,, ,Updated
PVATTOY,Per,Stale.Vattoy,Per.Stale.Vattoy@chcheli.com,,Active,,f645ed5c-efa1-43f2-b3c4-dd69c11f0b69,Per.Stale.Vattoy@chcheli.com,2026-04-20T07:16:04-07:00,,Per.Stale.Vattoy@chcheli.com,PVATTOY,,,,,,,,MingleEnterprise,Infor-SuiteUser,MingleIONEnabled,HOMEPAGES-User,IDM-User,IDM-RelatedInformationUser,M3UI-USER,MASHUP-User,,,,,,,,,,,,,,,,,,,,,,,,,,,,,,,,,,,,,,,,,,,,,,,,,,,,,,,,,,,,,,,,,,,,,,,,,,,,,,,,,,,,,,,,,,,,,,,,,,,,,,,,,,,,,,,,,,,,,,,,,,,,,,,,,,,,,,,,,,,,,,,,,,,,,,,,,,,,,,,,,,,,,,,,,,,,,,,,,,,,,,,,,,,,,,,,,,,,,,,,,,,,,,,,,,,,,,,,,,,,,,,,,,,,,,,,,,,,,,,,,,,,,,,,,,,,,,,,,,,,,,,,,,,,,,,,,,,,,,,,,,,,,,,,,,,,,,,,,,,,,,,,,,,,,,,,,,,,,,,,,,,,,,,,,,,,,,,,,,,,,,,,,,,,,,,,,,,,,,,,,,,,,,,,,,,,,,,,,,,,,,,,,,,,,,,,,,,,,,,,,,,,,,,,,,,,,,,,,,,,,,,,,,,,,,,,,,,,,,,,,,,,,,,,,,,,,,,,,,,,,,,,,,,,,,,,,,,,,,,,,,,,,,,,,,,,,,,,,,,,,,,,,,,,,,,,,,,,,,,,,,,,,,,,,,,,,,,,,,,,,,,,,,,,,,,,,,,,,,,,,,,,,,,,,,,,,,,,,,,,,,,,,,,,,,,,,,,,,,,,,,,,,,,,,,,,,,,,,,,,,,,,,,,,,,,,,,,,,,,,,,,,,,,,,,,,,,,,,,,,,,,,,,,,,,,,, ,Updated
QHERGAAR,Quinten,hergaarden,Quinten.hergaarden@chcheli.com,,Active,,6b03f5ba-7e04-4a61-b998-c058cbbde299,Quinten.hergaarden@chcheli.com,2026-04-20T07:16:04-07:00,,Quinten.hergaarden@chcheli.com,QHERGAAR,,,,,,,,MingleEnterprise,Infor-SuiteUser,MingleIONEnabled,HOMEPAGES-User,IDM-User,IDM-RelatedInformationUser,M3UI-USER,MASHUP-User,,,,,,,,,,,,,,,,,,,,,,,,,,,,,,,,,,,,,,,,,,,,,,,,,,,,,,,,,,,,,,,,,,,,,,,,,,,,,,,,,,,,,,,,,,,,,,,,,,,,,,,,,,,,,,,,,,,,,,,,,,,,,,,,,,,,,,,,,,,,,,,,,,,,,,,,,,,,,,,,,,,,,,,,,,,,,,,,,,,,,,,,,,,,,,,,,,,,,,,,,,,,,,,,,,,,,,,,,,,,,,,,,,,,,,,,,,,,,,,,,,,,,,,,,,,,,,,,,,,,,,,,,,,,,,,,,,,,,,,,,,,,,,,,,,,,,,,,,,,,,,,,,,,,,,,,,,,,,,,,,,,,,,,,,,,,,,,,,,,,,,,,,,,,,,,,,,,,,,,,,,,,,,,,,,,,,,,,,,,,,,,,,,,,,,,,,,,,,,,,,,,,,,,,,,,,,,,,,,,,,,,,,,,,,,,,,,,,,,,,,,,,,,,,,,,,,,,,,,,,,,,,,,,,,,,,,,,,,,,,,,,,,,,,,,,,,,,,,,,,,,,,,,,,,,,,,,,,,,,,,,,,,,,,,,,,,,,,,,,,,,,,,,,,,,,,,,,,,,,,,,,,,,,,,,,,,,,,,,,,,,,,,,,,,,,,,,,,,,,,,,,,,,,,,,,,,,,,,,,,,,,,,,,,,,,,,,,,,,,,,,,,,,,,,,,,,,,,,,,,,,,,,,,,,,,,, ,Updated
2f6dbbd8-5865-449b-95c2-b56c8d680d12,Rakshita,Padad,Rakshita.Padad@chcheli.com,,Active,,2f6dbbd8-5865-449b-95c2-b56c8d680d12,Rakshita.Padad@chcheli.com,2026-04-20T07:16:05-07:00,,Rakshita.Padad@chcheli.com,RAKPADAD,,,,,,,,MingleEnterprise,Infor-SuiteUser,MingleIONEnabled,HOMEPAGES-User,IDM-User,IDM-RelatedInformationUser,M3UI-USER,MASHUP-User,FGR003_RW,FGR001_RW,FGR005_RW,FGR004_RW,FGR002_RW,FGR014_RO,FGR021_RO,FGR300_RO,FGR301_RO,FGR302_RO,FGR311_RO,FGR352_RO,FGR350_RO,FGR359_RO,FGR006_RO,FGR013_RO,FGR309_RO,FGR305_RO,FGR310_RO,FGR319_RO,FGR351_RO,,,,,,,,,,,,,,,,,,,,,,,,,,,,,,,,,,,,,,,,,,,,,,,,,,,,,,,,,,,,,,,,,,,,,,,,,,,,,,,,,,,,,,,,,,,,,,,,,,,,,,,,,,,,,,,,,,,,,,,,,,,,,,,,,,,,,,,,,,,,,,,,,,,,,,,,,,,,,,,,,,,,,,,,,,,,,,,,,,,,,,,,,,,,,,,,,,,,,,,,,,,,,,,,,,,,,,,,,,,,,,,,,,,,,,,,,,,,,,,,,,,,,,,,,,,,,,,,,,,,,,,,,,,,,,,,,,,,,,,,,,,,,,,,,,,,,,,,,,,,,,,,,,,,,,,,,,,,,,,,,,,,,,,,,,,,,,,,,,,,,,,,,,,,,,,,,,,,,,,,,,,,,,,,,,,,,,,,,,,,,,,,,,,,,,,,,,,,,,,,,,,,,,,,,,,,,,,,,,,,,,,,,,,,,,,,,,,,,,,,,,,,,,,,,,,,,,,,,,,,,,,,,,,,,,,,,,,,,,,,,,,,,,,,,,,,,,,,,,,,,,,,,,,,,,,,,,,,,,,,,,,,,,,,,,,,,,,,,,,,,,,,,,,,,,,,,,,,,,,,,,,,,,,,,,,,,,,,,,,,,,,,,,,,,,,,,,,,,,,,,,,,,,,,,,,,,,,,,,,,,,,,,,,,,,,,,,,,,,,,,,,,,,,,,,,, ,Updated
RCARAGOUNI,Rosanna,Caragounis,Rosanna.Caragounis@heli-one.com,,Active,,01d39476-5cb8-4f09-b513-25c05dbd9da2,Rosanna.Caragounis@heli-one.com,2026-04-20T07:16:05-07:00,,Rosanna.Caragounis@heli-one.com,RCARAGOUNI,,,,,,,,MingleEnterprise,Infor-SuiteUser,MingleIONEnabled,HOMEPAGES-User,IDM-User,IDM-RelatedInformationUser,M3UI-USER,MASHUP-User,,,,,,,,,,,,,,,,,,,,,,,,,,,,,,,,,,,,,,,,,,,,,,,,,,,,,,,,,,,,,,,,,,,,,,,,,,,,,,,,,,,,,,,,,,,,,,,,,,,,,,,,,,,,,,,,,,,,,,,,,,,,,,,,,,,,,,,,,,,,,,,,,,,,,,,,,,,,,,,,,,,,,,,,,,,,,,,,,,,,,,,,,,,,,,,,,,,,,,,,,,,,,,,,,,,,,,,,,,,,,,,,,,,,,,,,,,,,,,,,,,,,,,,,,,,,,,,,,,,,,,,,,,,,,,,,,,,,,,,,,,,,,,,,,,,,,,,,,,,,,,,,,,,,,,,,,,,,,,,,,,,,,,,,,,,,,,,,,,,,,,,,,,,,,,,,,,,,,,,,,,,,,,,,,,,,,,,,,,,,,,,,,,,,,,,,,,,,,,,,,,,,,,,,,,,,,,,,,,,,,,,,,,,,,,,,,,,,,,,,,,,,,,,,,,,,,,,,,,,,,,,,,,,,,,,,,,,,,,,,,,,,,,,,,,,,,,,,,,,,,,,,,,,,,,,,,,,,,,,,,,,,,,,,,,,,,,,,,,,,,,,,,,,,,,,,,,,,,,,,,,,,,,,,,,,,,,,,,,,,,,,,,,,,,,,,,,,,,,,,,,,,,,,,,,,,,,,,,,,,,,,,,,,,,,,,,,,,,,,,,,,,,,,,,,,,,,,,,,,,,,,,,,,,,,,,, ,Updated
3ba595c1-00c1-4745-8683-3160ff4de771,Rohit,Channa,Rohit.Channa@chcheli.com,,Active,,3ba595c1-00c1-4745-8683-3160ff4de771,Rohit.Channa@chcheli.com,2026-04-20T07:16:05-07:00,,Rohit.Channa@chcheli.com,RCHANNA,,,,,,,,MingleEnterprise,Infor-SuiteUser,MingleIONEnabled,HOMEPAGES-User,IDM-User,IDM-RelatedInformationUser,M3UI-USER,MASHUP-User,FGR003_RW,FGR001_RW,FGR005_RW,FGR004_RW,FGR002_RW,FGR014_RO,FGR021_RO,FGR300_RO,FGR301_RO,FGR302_RO,FGR311_RO,FGR352_RO,FGR350_RO,FGR359_RO,FGR006_RO,FGR013_RO,FGR309_RO,FGR305_RO,FGR310_RO,FGR319_RO,FGR351_RO,,,,,,,,,,,,,,,,,,,,,,,,,,,,,,,,,,,,,,,,,,,,,,,,,,,,,,,,,,,,,,,,,,,,,,,,,,,,,,,,,,,,,,,,,,,,,,,,,,,,,,,,,,,,,,,,,,,,,,,,,,,,,,,,,,,,,,,,,,,,,,,,,,,,,,,,,,,,,,,,,,,,,,,,,,,,,,,,,,,,,,,,,,,,,,,,,,,,,,,,,,,,,,,,,,,,,,,,,,,,,,,,,,,,,,,,,,,,,,,,,,,,,,,,,,,,,,,,,,,,,,,,,,,,,,,,,,,,,,,,,,,,,,,,,,,,,,,,,,,,,,,,,,,,,,,,,,,,,,,,,,,,,,,,,,,,,,,,,,,,,,,,,,,,,,,,,,,,,,,,,,,,,,,,,,,,,,,,,,,,,,,,,,,,,,,,,,,,,,,,,,,,,,,,,,,,,,,,,,,,,,,,,,,,,,,,,,,,,,,,,,,,,,,,,,,,,,,,,,,,,,,,,,,,,,,,,,,,,,,,,,,,,,,,,,,,,,,,,,,,,,,,,,,,,,,,,,,,,,,,,,,,,,,,,,,,,,,,,,,,,,,,,,,,,,,,,,,,,,,,,,,,,,,,,,,,,,,,,,,,,,,,,,,,,,,,,,,,,,,,,,,,,,,,,,,,,,,,,,,,,,,,,,,,,,,,,,,,,,,,,,,,,,,,,,,, ,Updated
RDESAY,Richard,Desay,Richard.Desay@chcheli.com,,Active,,0a0d5866-d644-4521-bb04-add32fe214f6,Richard.Desay@chcheli.com,2026-04-20T07:16:05-07:00,,Richard.Desay@chcheli.com,RDESAY,,,,,,,,MingleEnterprise,Infor-SuiteUser,MingleIONEnabled,HOMEPAGES-User,IDM-User,IDM-RelatedInformationUser,M3UI-USER,MASHUP-User,,,,,,,,,,,,,,,,,,,,,,,,,,,,,,,,,,,,,,,,,,,,,,,,,,,,,,,,,,,,,,,,,,,,,,,,,,,,,,,,,,,,,,,,,,,,,,,,,,,,,,,,,,,,,,,,,,,,,,,,,,,,,,,,,,,,,,,,,,,,,,,,,,,,,,,,,,,,,,,,,,,,,,,,,,,,,,,,,,,,,,,,,,,,,,,,,,,,,,,,,,,,,,,,,,,,,,,,,,,,,,,,,,,,,,,,,,,,,,,,,,,,,,,,,,,,,,,,,,,,,,,,,,,,,,,,,,,,,,,,,,,,,,,,,,,,,,,,,,,,,,,,,,,,,,,,,,,,,,,,,,,,,,,,,,,,,,,,,,,,,,,,,,,,,,,,,,,,,,,,,,,,,,,,,,,,,,,,,,,,,,,,,,,,,,,,,,,,,,,,,,,,,,,,,,,,,,,,,,,,,,,,,,,,,,,,,,,,,,,,,,,,,,,,,,,,,,,,,,,,,,,,,,,,,,,,,,,,,,,,,,,,,,,,,,,,,,,,,,,,,,,,,,,,,,,,,,,,,,,,,,,,,,,,,,,,,,,,,,,,,,,,,,,,,,,,,,,,,,,,,,,,,,,,,,,,,,,,,,,,,,,,,,,,,,,,,,,,,,,,,,,,,,,,,,,,,,,,,,,,,,,,,,,,,,,,,,,,,,,,,,,,,,,,,,,,,,,,,,,,,,,,,,,,,,,,, ,Updated
RDOCOUTO,Robson,doCouto,Robson.doCouto@CHCHeli.com,,Active,,00e7339b-73b0-4dad-9648-719bff232a6b,Robson.doCouto@CHCHeli.com,2026-04-20T07:16:06-07:00,,Robson.doCouto@CHCHeli.com,RDOCOUTO,,,,,,,,MingleEnterprise,Infor-SuiteUser,MingleIONEnabled,HOMEPAGES-User,IDM-User,IDM-RelatedInformationUser,M3UI-USER,MASHUP-User,FGR191_RW,FGR190_RW,FGR150_RO,FGR152_RO,FGR159_RO,FGR151_RO,FGR199_RW,FGR195_RW,FGR155_RO,,,,,,,,,,,,,,,,,,,,,,,,,,,,,,,,,,,,,,,,,,,,,,,,,,,,,,,,,,,,,,,,,,,,,,,,,,,,,,,,,,,,,,,,,,,,,,,,,,,,,,,,,,,,,,,,,,,,,,,,,,,,,,,,,,,,,,,,,,,,,,,,,,,,,,,,,,,,,,,,,,,,,,,,,,,,,,,,,,,,,,,,,,,,,,,,,,,,,,,,,,,,,,,,,,,,,,,,,,,,,,,,,,,,,,,,,,,,,,,,,,,,,,,,,,,,,,,,,,,,,,,,,,,,,,,,,,,,,,,,,,,,,,,,,,,,,,,,,,,,,,,,,,,,,,,,,,,,,,,,,,,,,,,,,,,,,,,,,,,,,,,,,,,,,,,,,,,,,,,,,,,,,,,,,,,,,,,,,,,,,,,,,,,,,,,,,,,,,,,,,,,,,,,,,,,,,,,,,,,,,,,,,,,,,,,,,,,,,,,,,,,,,,,,,,,,,,,,,,,,,,,,,,,,,,,,,,,,,,,,,,,,,,,,,,,,,,,,,,,,,,,,,,,,,,,,,,,,,,,,,,,,,,,,,,,,,,,,,,,,,,,,,,,,,,,,,,,,,,,,,,,,,,,,,,,,,,,,,,,,,,,,,,,,,,,,,,,,,,,,,,,,,,,,,,,,,,,,,,,,,,,,,,,,,,,,,,,,,,,,,,,,,,,,,,,,,,,,,,,,,,,, ,Updated
RFRANCES,Rafael,Francesconi,Rafael.Francesconi@chcheli.com,,Active,,eb5e1778-6aa0-4c3b-b904-af5dfe0a6f1b,Rafael.Francesconi@chcheli.com,2026-04-20T07:16:06-07:00,,Rafael.Francesconi@chcheli.com,RFRANCES,,,,,,,,MingleEnterprise,Infor-SuiteUser,MingleIONEnabled,HOMEPAGES-User,IDM-User,IDM-RelatedInformationUser,M3UI-USER,MASHUP-User,FGR191_RW,FGR190_RW,FGR150_RO,FGR152_RO,FGR159_RO,FGR151_RO,FGR199_RW,FGR195_RW,FGR155_RO,,,,,,,,,,,,,,,,,,,,,,,,,,,,,,,,,,,,,,,,,,,,,,,,,,,,,,,,,,,,,,,,,,,,,,,,,,,,,,,,,,,,,,,,,,,,,,,,,,,,,,,,,,,,,,,,,,,,,,,,,,,,,,,,,,,,,,,,,,,,,,,,,,,,,,,,,,,,,,,,,,,,,,,,,,,,,,,,,,,,,,,,,,,,,,,,,,,,,,,,,,,,,,,,,,,,,,,,,,,,,,,,,,,,,,,,,,,,,,,,,,,,,,,,,,,,,,,,,,,,,,,,,,,,,,,,,,,,,,,,,,,,,,,,,,,,,,,,,,,,,,,,,,,,,,,,,,,,,,,,,,,,,,,,,,,,,,,,,,,,,,,,,,,,,,,,,,,,,,,,,,,,,,,,,,,,,,,,,,,,,,,,,,,,,,,,,,,,,,,,,,,,,,,,,,,,,,,,,,,,,,,,,,,,,,,,,,,,,,,,,,,,,,,,,,,,,,,,,,,,,,,,,,,,,,,,,,,,,,,,,,,,,,,,,,,,,,,,,,,,,,,,,,,,,,,,,,,,,,,,,,,,,,,,,,,,,,,,,,,,,,,,,,,,,,,,,,,,,,,,,,,,,,,,,,,,,,,,,,,,,,,,,,,,,,,,,,,,,,,,,,,,,,,,,,,,,,,,,,,,,,,,,,,,,,,,,,,,,,,,,,,,,,,,,,,,,,,,,,,,,,,, ,Updated
RGURSLI,Ruben,Gursli,Ruben.Gursli@chcheli.com,,Active,,fc155cd8-8790-4d4b-ab2e-15582ae7c1de,Ruben.Gursli@chcheli.com,2026-04-20T07:16:06-07:00,,Ruben.Gursli@chcheli.com,RGURSLI,,,,,,,,MingleEnterprise,Infor-SuiteUser,MingleIONEnabled,HOMEPAGES-User,IDM-User,IDM-RelatedInformationUser,M3UI-USER,MASHUP-User,,,,,,,,,,,,,,,,,,,,,,,,,,,,,,,,,,,,,,,,,,,,,,,,,,,,,,,,,,,,,,,,,,,,,,,,,,,,,,,,,,,,,,,,,,,,,,,,,,,,,,,,,,,,,,,,,,,,,,,,,,,,,,,,,,,,,,,,,,,,,,,,,,,,,,,,,,,,,,,,,,,,,,,,,,,,,,,,,,,,,,,,,,,,,,,,,,,,,,,,,,,,,,,,,,,,,,,,,,,,,,,,,,,,,,,,,,,,,,,,,,,,,,,,,,,,,,,,,,,,,,,,,,,,,,,,,,,,,,,,,,,,,,,,,,,,,,,,,,,,,,,,,,,,,,,,,,,,,,,,,,,,,,,,,,,,,,,,,,,,,,,,,,,,,,,,,,,,,,,,,,,,,,,,,,,,,,,,,,,,,,,,,,,,,,,,,,,,,,,,,,,,,,,,,,,,,,,,,,,,,,,,,,,,,,,,,,,,,,,,,,,,,,,,,,,,,,,,,,,,,,,,,,,,,,,,,,,,,,,,,,,,,,,,,,,,,,,,,,,,,,,,,,,,,,,,,,,,,,,,,,,,,,,,,,,,,,,,,,,,,,,,,,,,,,,,,,,,,,,,,,,,,,,,,,,,,,,,,,,,,,,,,,,,,,,,,,,,,,,,,,,,,,,,,,,,,,,,,,,,,,,,,,,,,,,,,,,,,,,,,,,,,,,,,,,,,,,,,,,,,,,,,,,,,,,,, ,Updated
RJADHAV,Ritesh,Jadhav,Ritesh.Jadhav@chcheli.com,,Active,,b97614dc-6fca-4962-96ac-7c2791badb21,Ritesh.Jadhav@chcheli.com,2026-04-20T07:16:07-07:00,,Ritesh.Jadhav@chcheli.com,RJADHAV,,,,,,,,MingleEnterprise,Infor-SuiteUser,MingleIONEnabled,HOMEPAGES-User,IDM-User,IDM-RelatedInformationUser,M3UI-USER,MASHUP-User,FGR003_RW,FGR001_RW,FGR005_RW,FGR004_RW,FGR002_RW,FGR014_RO,FGR021_RO,FGR300_RO,FGR301_RO,FGR302_RO,FGR311_RO,FGR352_RO,FGR350_RO,FGR359_RO,FGR006_RO,FGR013_RO,FGR309_RO,FGR305_RO,FGR310_RO,FGR319_RO,FGR351_RO,,,,,,,,,,,,,,,,,,,,,,,,,,,,,,,,,,,,,,,,,,,,,,,,,,,,,,,,,,,,,,,,,,,,,,,,,,,,,,,,,,,,,,,,,,,,,,,,,,,,,,,,,,,,,,,,,,,,,,,,,,,,,,,,,,,,,,,,,,,,,,,,,,,,,,,,,,,,,,,,,,,,,,,,,,,,,,,,,,,,,,,,,,,,,,,,,,,,,,,,,,,,,,,,,,,,,,,,,,,,,,,,,,,,,,,,,,,,,,,,,,,,,,,,,,,,,,,,,,,,,,,,,,,,,,,,,,,,,,,,,,,,,,,,,,,,,,,,,,,,,,,,,,,,,,,,,,,,,,,,,,,,,,,,,,,,,,,,,,,,,,,,,,,,,,,,,,,,,,,,,,,,,,,,,,,,,,,,,,,,,,,,,,,,,,,,,,,,,,,,,,,,,,,,,,,,,,,,,,,,,,,,,,,,,,,,,,,,,,,,,,,,,,,,,,,,,,,,,,,,,,,,,,,,,,,,,,,,,,,,,,,,,,,,,,,,,,,,,,,,,,,,,,,,,,,,,,,,,,,,,,,,,,,,,,,,,,,,,,,,,,,,,,,,,,,,,,,,,,,,,,,,,,,,,,,,,,,,,,,,,,,,,,,,,,,,,,,,,,,,,,,,,,,,,,,,,,,,,,,,,,,,,,,,,,,,,,,,,,,,,,,,,,,,,,,, ,Updated
RJAMES,roy,james,roy.james@chcheli.com,,Active,,03a3e63f-f8ec-40fc-94df-fc8c62bab14a,roy.james@chcheli.com,2026-04-20T07:16:07-07:00,,roy.james@chcheli.com,RJAMES,,,,,,,,MingleEnterprise,Infor-SuiteUser,MingleIONEnabled,HOMEPAGES-User,IDM-User,IDM-RelatedInformationUser,M3UI-USER,MASHUP-User,FGR341_RW,FGR342_RW,FGR021_RO,FGR300_RO,FGR301_RO,FGR302_RO,FGR311_RO,FGR312_RO,FGR321_RO,FGR329_RO,FGR322_RO,FGR342_RO,FGR341_RO,FGR352_RO,FGR345_RO,FGR349_RO,FGR350_RO,FGR359_RO,FGR340_RW,FGR345_RW,FGR349_RW,FGR006_RO,FGR012_RO,FGR013_RO,FGR309_RO,FGR305_RO,FGR315_RO,FGR310_RO,FGR319_RO,FGR320_RO,FGR325_RO,FGR330_RO,FGR351_RO,FGR355_RO,,,,,,,,,,,,,,,,,,,,,,,,,,,,,,,,,,,,,,,,,,,,,,,,,,,,,,,,,,,,,,,,,,,,,,,,,,,,,,,,,,,,,,,,,,,,,,,,,,,,,,,,,,,,,,,,,,,,,,,,,,,,,,,,,,,,,,,,,,,,,,,,,,,,,,,,,,,,,,,,,,,,,,,,,,,,,,,,,,,,,,,,,,,,,,,,,,,,,,,,,,,,,,,,,,,,,,,,,,,,,,,,,,,,,,,,,,,,,,,,,,,,,,,,,,,,,,,,,,,,,,,,,,,,,,,,,,,,,,,,,,,,,,,,,,,,,,,,,,,,,,,,,,,,,,,,,,,,,,,,,,,,,,,,,,,,,,,,,,,,,,,,,,,,,,,,,,,,,,,,,,,,,,,,,,,,,,,,,,,,,,,,,,,,,,,,,,,,,,,,,,,,,,,,,,,,,,,,,,,,,,,,,,,,,,,,,,,,,,,,,,,,,,,,,,,,,,,,,,,,,,,,,,,,,,,,,,,,,,,,,,,,,,,,,,,,,,,,,,,,,,,,,,,,,,,,,,,,,,,,,,,,,,,,,,,,,,,,,,,,,,,,,,,,,,,,,,,,,,,,,,,,,,,,,,,,,,,,,,,,,,,,,,,,,,,,,,,,,,,,,,,,,,,,,,,,,,,,,,,,,,,,,,,,,,,,,,,,,,, ,Updated
RJARRETT,Richard,Jarrett,Richard.Jarrett@heli-one.com,,Active,,498bc82e-32b7-4260-adc3-8f89112f89c1,Richard.Jarrett@heli-one.com,2026-04-20T07:16:07-07:00,,Richard.Jarrett@heli-one.com,RJARRETT,,,,,,,,MingleEnterprise,Infor-SuiteUser,MingleIONEnabled,HOMEPAGES-User,IDM-User,IDM-RelatedInformationUser,M3UI-USER,MASHUP-User,,,,,,,,,,,,,,,,,,,,,,,,,,,,,,,,,,,,,,,,,,,,,,,,,,,,,,,,,,,,,,,,,,,,,,,,,,,,,,,,,,,,,,,,,,,,,,,,,,,,,,,,,,,,,,,,,,,,,,,,,,,,,,,,,,,,,,,,,,,,,,,,,,,,,,,,,,,,,,,,,,,,,,,,,,,,,,,,,,,,,,,,,,,,,,,,,,,,,,,,,,,,,,,,,,,,,,,,,,,,,,,,,,,,,,,,,,,,,,,,,,,,,,,,,,,,,,,,,,,,,,,,,,,,,,,,,,,,,,,,,,,,,,,,,,,,,,,,,,,,,,,,,,,,,,,,,,,,,,,,,,,,,,,,,,,,,,,,,,,,,,,,,,,,,,,,,,,,,,,,,,,,,,,,,,,,,,,,,,,,,,,,,,,,,,,,,,,,,,,,,,,,,,,,,,,,,,,,,,,,,,,,,,,,,,,,,,,,,,,,,,,,,,,,,,,,,,,,,,,,,,,,,,,,,,,,,,,,,,,,,,,,,,,,,,,,,,,,,,,,,,,,,,,,,,,,,,,,,,,,,,,,,,,,,,,,,,,,,,,,,,,,,,,,,,,,,,,,,,,,,,,,,,,,,,,,,,,,,,,,,,,,,,,,,,,,,,,,,,,,,,,,,,,,,,,,,,,,,,,,,,,,,,,,,,,,,,,,,,,,,,,,,,,,,,,,,,,,,,,,,,,,,,,,,,,,, ,Updated
RMONTES,Ricky,Montes,Ricky.Montes@chcheli.com,,Active,,90a18d11-6add-496b-a340-adbf0158b31a,Ricky.Montes@chcheli.com,2026-04-20T07:16:07-07:00,,Ricky.Montes@chcheli.com,RMONTES,,,,,,,,MingleEnterprise,Infor-SuiteUser,MingleIONEnabled,HOMEPAGES-User,IDM-User,IDM-RelatedInformationUser,M3UI-USER,MASHUP-User,,,,,,,,,,,,,,,,,,,,,,,,,,,,,,,,,,,,,,,,,,,,,,,,,,,,,,,,,,,,,,,,,,,,,,,,,,,,,,,,,,,,,,,,,,,,,,,,,,,,,,,,,,,,,,,,,,,,,,,,,,,,,,,,,,,,,,,,,,,,,,,,,,,,,,,,,,,,,,,,,,,,,,,,,,,,,,,,,,,,,,,,,,,,,,,,,,,,,,,,,,,,,,,,,,,,,,,,,,,,,,,,,,,,,,,,,,,,,,,,,,,,,,,,,,,,,,,,,,,,,,,,,,,,,,,,,,,,,,,,,,,,,,,,,,,,,,,,,,,,,,,,,,,,,,,,,,,,,,,,,,,,,,,,,,,,,,,,,,,,,,,,,,,,,,,,,,,,,,,,,,,,,,,,,,,,,,,,,,,,,,,,,,,,,,,,,,,,,,,,,,,,,,,,,,,,,,,,,,,,,,,,,,,,,,,,,,,,,,,,,,,,,,,,,,,,,,,,,,,,,,,,,,,,,,,,,,,,,,,,,,,,,,,,,,,,,,,,,,,,,,,,,,,,,,,,,,,,,,,,,,,,,,,,,,,,,,,,,,,,,,,,,,,,,,,,,,,,,,,,,,,,,,,,,,,,,,,,,,,,,,,,,,,,,,,,,,,,,,,,,,,,,,,,,,,,,,,,,,,,,,,,,,,,,,,,,,,,,,,,,,,,,,,,,,,,,,,,,,,,,,,,,,,,,,,,, ,Updated
RNANHEKHAN,Ravas,Nanhekhan,Ravas.Nanhekhan@heli-one.com,,Active,,238f1634-baae-4fa5-addd-69624aa4825e,Ravas.Nanhekhan@heli-one.com,2026-04-20T07:16:08-07:00,,Ravas.Nanhekhan@heli-one.com,RNANHEKHAN,,,,,,,,MingleEnterprise,Infor-SuiteUser,MingleIONEnabled,HOMEPAGES-User,IDM-User,IDM-RelatedInformationUser,M3UI-USER,MASHUP-User,,,,,,,,,,,,,,,,,,,,,,,,,,,,,,,,,,,,,,,,,,,,,,,,,,,,,,,,,,,,,,,,,,,,,,,,,,,,,,,,,,,,,,,,,,,,,,,,,,,,,,,,,,,,,,,,,,,,,,,,,,,,,,,,,,,,,,,,,,,,,,,,,,,,,,,,,,,,,,,,,,,,,,,,,,,,,,,,,,,,,,,,,,,,,,,,,,,,,,,,,,,,,,,,,,,,,,,,,,,,,,,,,,,,,,,,,,,,,,,,,,,,,,,,,,,,,,,,,,,,,,,,,,,,,,,,,,,,,,,,,,,,,,,,,,,,,,,,,,,,,,,,,,,,,,,,,,,,,,,,,,,,,,,,,,,,,,,,,,,,,,,,,,,,,,,,,,,,,,,,,,,,,,,,,,,,,,,,,,,,,,,,,,,,,,,,,,,,,,,,,,,,,,,,,,,,,,,,,,,,,,,,,,,,,,,,,,,,,,,,,,,,,,,,,,,,,,,,,,,,,,,,,,,,,,,,,,,,,,,,,,,,,,,,,,,,,,,,,,,,,,,,,,,,,,,,,,,,,,,,,,,,,,,,,,,,,,,,,,,,,,,,,,,,,,,,,,,,,,,,,,,,,,,,,,,,,,,,,,,,,,,,,,,,,,,,,,,,,,,,,,,,,,,,,,,,,,,,,,,,,,,,,,,,,,,,,,,,,,,,,,,,,,,,,,,,,,,,,,,,,,,,,,,,,,,,, ,Updated
ROBSILVA,Robson,Silva,Robson.Silva@chcheli.com,,Active,,6eb2bc6a-e833-4d24-8858-13a5d62451a6,Robson.Silva@chcheli.com,2026-04-20T07:16:08-07:00,,Robson.Silva@chcheli.com,ROBSILVA,,,,,,,,MingleEnterprise,Infor-SuiteUser,MingleIONEnabled,HOMEPAGES-User,IDM-User,IDM-RelatedInformationUser,M3UI-USER,MASHUP-User,FGR191_RW,FGR190_RW,FGR150_RO,FGR152_RO,FGR159_RO,FGR151_RO,FGR199_RW,FGR195_RW,FGR155_RO,,,,,,,,,,,,,,,,,,,,,,,,,,,,,,,,,,,,,,,,,,,,,,,,,,,,,,,,,,,,,,,,,,,,,,,,,,,,,,,,,,,,,,,,,,,,,,,,,,,,,,,,,,,,,,,,,,,,,,,,,,,,,,,,,,,,,,,,,,,,,,,,,,,,,,,,,,,,,,,,,,,,,,,,,,,,,,,,,,,,,,,,,,,,,,,,,,,,,,,,,,,,,,,,,,,,,,,,,,,,,,,,,,,,,,,,,,,,,,,,,,,,,,,,,,,,,,,,,,,,,,,,,,,,,,,,,,,,,,,,,,,,,,,,,,,,,,,,,,,,,,,,,,,,,,,,,,,,,,,,,,,,,,,,,,,,,,,,,,,,,,,,,,,,,,,,,,,,,,,,,,,,,,,,,,,,,,,,,,,,,,,,,,,,,,,,,,,,,,,,,,,,,,,,,,,,,,,,,,,,,,,,,,,,,,,,,,,,,,,,,,,,,,,,,,,,,,,,,,,,,,,,,,,,,,,,,,,,,,,,,,,,,,,,,,,,,,,,,,,,,,,,,,,,,,,,,,,,,,,,,,,,,,,,,,,,,,,,,,,,,,,,,,,,,,,,,,,,,,,,,,,,,,,,,,,,,,,,,,,,,,,,,,,,,,,,,,,,,,,,,,,,,,,,,,,,,,,,,,,,,,,,,,,,,,,,,,,,,,,,,,,,,,,,,,,,,,,,,,,,,,,, ,Updated
ROTTIE01,Peter,Rottier,Peter.Rottier@chcheli.com,,Active,,aca1f194-5c01-4e70-b0fb-a3a4c88a125d,Peter.Rottier@chcheli.com,2026-04-20T07:16:08-07:00,,Peter.Rottier@chcheli.com,ROTTIE01,,,,,,,,MingleEnterprise,Infor-SuiteUser,MingleIONEnabled,HOMEPAGES-User,IDM-User,IDM-RelatedInformationUser,M3UI-USER,MASHUP-User,PPEPRRO,,,,,,,,,,,,,,,,,,,,,,,,,,,,,,,,,,,,,,,,,,,,,,,,,,,,,,,,,,,,,,,,,,,,,,,,,,,,,,,,,,,,,,,,,,,,,,,,,,,,,,,,,,,,,,,,,,,,,,,,,,,,,,,,,,,,,,,,,,,,,,,,,,,,,,,,,,,,,,,,,,,,,,,,,,,,,,,,,,,,,,,,,,,,,,,,,,,,,,,,,,,,,,,,,,,,,,,,,,,,,,,,,,,,,,,,,,,,,,,,,,,,,,,,,,,,,,,,,,,,,,,,,,,,,,,,,,,,,,,,,,,,,,,,,,,,,,,,,,,,,,,,,,,,,,,,,,,,,,,,,,,,,,,,,,,,,,,,,,,,,,,,,,,,,,,,,,,,,,,,,,,,,,,,,,,,,,,,,,,,,,,,,,,,,,,,,,,,,,,,,,,,,,,,,,,,,,,,,,,,,,,,,,,,,,,,,,,,,,,,,,,,,,,,,,,,,,,,,,,,,,,,,,,,,,,,,,,,,,,,,,,,,,,,,,,,,,,,,,,,,,,,,,,,,,,,,,,,,,,,,,,,,,,,,,,,,,,,,,,,,,,,,,,,,,,,,,,,,,,,,,,,,,,,,,,,,,,,,,,,,,,,,,,,,,,,,,,,,,,,,,,,,,,,,,,,,,,,,,,,,,,,,,,,,,,,,,,,,,,,,,,,,,,,,,,,,,,,,,,,,,,,,,,,,,,, ,Updated
4234e531-281d-4c6f-a567-445bc3475343,Renan,Paiva,Renan.Paiva@chcheli.com,,Active,,4234e531-281d-4c6f-a567-445bc3475343,Renan.Paiva@chcheli.com,2026-04-20T07:16:08-07:00,,Renan.Paiva@chcheli.com,RPAIVA,,,,,,,,MingleEnterprise,Infor-SuiteUser,MingleIONEnabled,HOMEPAGES-User,IDM-User,IDM-RelatedInformationUser,M3UI-USER,MASHUP-User,,,,,,,,,,,,,,,,,,,,,,,,,,,,,,,,,,,,,,,,,,,,,,,,,,,,,,,,,,,,,,,,,,,,,,,,,,,,,,,,,,,,,,,,,,,,,,,,,,,,,,,,,,,,,,,,,,,,,,,,,,,,,,,,,,,,,,,,,,,,,,,,,,,,,,,,,,,,,,,,,,,,,,,,,,,,,,,,,,,,,,,,,,,,,,,,,,,,,,,,,,,,,,,,,,,,,,,,,,,,,,,,,,,,,,,,,,,,,,,,,,,,,,,,,,,,,,,,,,,,,,,,,,,,,,,,,,,,,,,,,,,,,,,,,,,,,,,,,,,,,,,,,,,,,,,,,,,,,,,,,,,,,,,,,,,,,,,,,,,,,,,,,,,,,,,,,,,,,,,,,,,,,,,,,,,,,,,,,,,,,,,,,,,,,,,,,,,,,,,,,,,,,,,,,,,,,,,,,,,,,,,,,,,,,,,,,,,,,,,,,,,,,,,,,,,,,,,,,,,,,,,,,,,,,,,,,,,,,,,,,,,,,,,,,,,,,,,,,,,,,,,,,,,,,,,,,,,,,,,,,,,,,,,,,,,,,,,,,,,,,,,,,,,,,,,,,,,,,,,,,,,,,,,,,,,,,,,,,,,,,,,,,,,,,,,,,,,,,,,,,,,,,,,,,,,,,,,,,,,,,,,,,,,,,,,,,,,,,,,,,,,,,,,,,,,,,,,,,,,,,,,,,,,,,,,,, ,Updated
RSANPEDRO,Ramon,SanPedro,Ramon.SanPedro@heli-one.com,,Active,,a5958d3b-cbf6-430b-a60d-7c8adf315071,Ramon.SanPedro@heli-one.com,2026-04-20T07:16:08-07:00,,Ramon.SanPedro@heli-one.com,RSANPEDRO,,,,,,,,MingleEnterprise,Infor-SuiteUser,MingleIONEnabled,HOMEPAGES-User,IDM-User,IDM-RelatedInformationUser,M3UI-USER,MASHUP-User,FGR032_RW,FGR003_RW,FGR012_RW,FGR001_RW,FGR029_RW,FGR014_RW,FGR005_RW,FGR061_RW,FGR030_RW,FGR052_RW,FGR041_RW,FGR060_RW,FGR070_RW,FGR021_RW,FGR031_RW,FGR025_RW,FGR050_RW,FGR069_RW,FGR072_RW,FGR049_RW,FGR020_RW,FGR042_RW,FGR071_RW,FGR062_RW,FGR040_RW,FGR035_RW,FGR006_RW,FGR039_RW,FGR045_RW,FGR065_RW,FGR023_RW,FGR329_RW,FGR059_RW,FGR051_RW,FGR002_RW,FGR079_RW,FGR055_RW,FGR022_RW,FGR331_RW,FGR102_RW,FGR332_RW,FGR351_RW,FGR355_RW,FGR352_RW,FGR350_RW,FGR362_RW,FGR359_RW,FGR014_RO,FGR101_RW,FGR075_RW,FGR081_RW,FGR199_RO,FGR191_RO,FGR140_RW,FGR340_RO,FGR342_RO,FGR341_RO,FGR345_RO,FGR349_RO,FGR302_RW,FGR100_RW,FGR082_RW,FGR305_RW,FGR310_RW,FGR312_RW,FGR315_RW,FGR080_RW,FGR089_RW,FGR115_RW,FGR320_RW,FGR095_RW,FGR092_RW,FGR085_RW,FGR119_RW,FGR141_RW,FGR110_RW,FGR151_RW,FGR152_RW,FGR109_RW,FGR159_RW,FGR090_RW,FGR099_RW,FGR091_RW,FGR111_RW,FGR105_RW,FGR112_RW,FGR142_RW,FGR145_RW,FGR150_RW,FGR149_RW,FGR155_RW,FGR300_RW,FGR301_RW,FGR309_RW,FGR311_RW,FGR321_RW,FGR319_RW,FGR325_RW,FGR322_RW,FGR330_RW,FGR335_RW,FGR339_RW,FGR361_RW,FGR360_RW,FGR365_RW,FGR369_RW,FGR006_RO,FGR012_RO,FGR013_RO,FGR190_RO,FGR192_RO,FGR195_RO,,,,,,,,,,,,,,,,,,,,,,,,,,,,,,,,,,,,,,,,,,,,,,,,,,,,,,,,,,,,,,,,,,,,,,,,,,,,,,,,,,,,,,,,,,,,,,,,,,,,,,,,,,,,,,,,,,,,,,,,,,,,,,,,,,,,,,,,,,,,,,,,,,,,,,,,,,,,,,,,,,,,,,,,,,,,,,,,,,,,,,,,,,,,,,,,,,,,,,,,,,,,,,,,,,,,,,,,,,,,,,,,,,,,,,,,,,,,,,,,,,,,,,,,,,,,,,,,,,,,,,,,,,,,,,,,,,,,,,,,,,,,,,,,,,,,,,,,,,,,,,,,,,,,,,,,,,,,,,,,,,,,,,,,,,,,,,,,,,,,,,,,,,,,,,,,,,,,,,,,,,,,,,,,,,,,,,,,,,,,,,,,,,,,,,,,,,,,,,,,,,,,,,,,,,,,,,,,,,,,,,,,,,,,,,,,,,,,,,,,,,,,,,,,,,,,,,,,,,,,,,,,,,,,,,,,,,,,,,,,,,,,,,,,,,,,,,,,,,,,,,,,,,,,,,,,,,,,,,,,,,,,,,,,,,,,,,,,,,,,,,,,,,,,,,,,,,,,,,,,, ,Updated
RSTURT,Richard,Sturt,Richard.Sturt@chcheli.com,,Active,,4eb280e3-ce26-4a9d-b4f5-391fd44935e5,Richard.Sturt@chcheli.com,2026-04-20T07:16:08-07:00,,Richard.Sturt@chcheli.com,RSTURT,,,,,,,,MingleEnterprise,Infor-SuiteUser,MingleIONEnabled,HOMEPAGES-User,IDM-User,IDM-RelatedInformationUser,M3UI-USER,MASHUP-User,,,,,,,,,,,,,,,,,,,,,,,,,,,,,,,,,,,,,,,,,,,,,,,,,,,,,,,,,,,,,,,,,,,,,,,,,,,,,,,,,,,,,,,,,,,,,,,,,,,,,,,,,,,,,,,,,,,,,,,,,,,,,,,,,,,,,,,,,,,,,,,,,,,,,,,,,,,,,,,,,,,,,,,,,,,,,,,,,,,,,,,,,,,,,,,,,,,,,,,,,,,,,,,,,,,,,,,,,,,,,,,,,,,,,,,,,,,,,,,,,,,,,,,,,,,,,,,,,,,,,,,,,,,,,,,,,,,,,,,,,,,,,,,,,,,,,,,,,,,,,,,,,,,,,,,,,,,,,,,,,,,,,,,,,,,,,,,,,,,,,,,,,,,,,,,,,,,,,,,,,,,,,,,,,,,,,,,,,,,,,,,,,,,,,,,,,,,,,,,,,,,,,,,,,,,,,,,,,,,,,,,,,,,,,,,,,,,,,,,,,,,,,,,,,,,,,,,,,,,,,,,,,,,,,,,,,,,,,,,,,,,,,,,,,,,,,,,,,,,,,,,,,,,,,,,,,,,,,,,,,,,,,,,,,,,,,,,,,,,,,,,,,,,,,,,,,,,,,,,,,,,,,,,,,,,,,,,,,,,,,,,,,,,,,,,,,,,,,,,,,,,,,,,,,,,,,,,,,,,,,,,,,,,,,,,,,,,,,,,,,,,,,,,,,,,,,,,,,,,,,,,,,,,,,,,,, ,Updated
RTALLAKS,Rune,Tallaksen,Rune.Tallaksen@chcheli.com,,Active,,fca99d17-14b9-450b-a478-a3b199a5ce4f,Rune.Tallaksen@chcheli.com,2026-04-20T07:16:09-07:00,,Rune.Tallaksen@chcheli.com,RTALLAKS,,,,,,,,MingleEnterprise,Infor-SuiteUser,MingleIONEnabled,HOMEPAGES-User,IDM-User,IDM-RelatedInformationUser,M3UI-USER,MASHUP-User,,,,,,,,,,,,,,,,,,,,,,,,,,,,,,,,,,,,,,,,,,,,,,,,,,,,,,,,,,,,,,,,,,,,,,,,,,,,,,,,,,,,,,,,,,,,,,,,,,,,,,,,,,,,,,,,,,,,,,,,,,,,,,,,,,,,,,,,,,,,,,,,,,,,,,,,,,,,,,,,,,,,,,,,,,,,,,,,,,,,,,,,,,,,,,,,,,,,,,,,,,,,,,,,,,,,,,,,,,,,,,,,,,,,,,,,,,,,,,,,,,,,,,,,,,,,,,,,,,,,,,,,,,,,,,,,,,,,,,,,,,,,,,,,,,,,,,,,,,,,,,,,,,,,,,,,,,,,,,,,,,,,,,,,,,,,,,,,,,,,,,,,,,,,,,,,,,,,,,,,,,,,,,,,,,,,,,,,,,,,,,,,,,,,,,,,,,,,,,,,,,,,,,,,,,,,,,,,,,,,,,,,,,,,,,,,,,,,,,,,,,,,,,,,,,,,,,,,,,,,,,,,,,,,,,,,,,,,,,,,,,,,,,,,,,,,,,,,,,,,,,,,,,,,,,,,,,,,,,,,,,,,,,,,,,,,,,,,,,,,,,,,,,,,,,,,,,,,,,,,,,,,,,,,,,,,,,,,,,,,,,,,,,,,,,,,,,,,,,,,,,,,,,,,,,,,,,,,,,,,,,,,,,,,,,,,,,,,,,,,,,,,,,,,,,,,,,,,,,,,,,,,,,,,,,,,, ,Updated
RTATTEN,rob,tatten,rob.tatten@chcheli.com,,Active,,cb99b1e5-1082-4a1e-9aae-2fceb15fae18,rob.tatten@chcheli.com,2026-04-20T07:16:09-07:00,,rob.tatten@chcheli.com,RTATTEN,,,,,,,,MingleEnterprise,Infor-SuiteUser,MingleIONEnabled,HOMEPAGES-User,IDM-User,IDM-RelatedInformationUser,M3UI-USER,MASHUP-User,,,,,,,,,,,,,,,,,,,,,,,,,,,,,,,,,,,,,,,,,,,,,,,,,,,,,,,,,,,,,,,,,,,,,,,,,,,,,,,,,,,,,,,,,,,,,,,,,,,,,,,,,,,,,,,,,,,,,,,,,,,,,,,,,,,,,,,,,,,,,,,,,,,,,,,,,,,,,,,,,,,,,,,,,,,,,,,,,,,,,,,,,,,,,,,,,,,,,,,,,,,,,,,,,,,,,,,,,,,,,,,,,,,,,,,,,,,,,,,,,,,,,,,,,,,,,,,,,,,,,,,,,,,,,,,,,,,,,,,,,,,,,,,,,,,,,,,,,,,,,,,,,,,,,,,,,,,,,,,,,,,,,,,,,,,,,,,,,,,,,,,,,,,,,,,,,,,,,,,,,,,,,,,,,,,,,,,,,,,,,,,,,,,,,,,,,,,,,,,,,,,,,,,,,,,,,,,,,,,,,,,,,,,,,,,,,,,,,,,,,,,,,,,,,,,,,,,,,,,,,,,,,,,,,,,,,,,,,,,,,,,,,,,,,,,,,,,,,,,,,,,,,,,,,,,,,,,,,,,,,,,,,,,,,,,,,,,,,,,,,,,,,,,,,,,,,,,,,,,,,,,,,,,,,,,,,,,,,,,,,,,,,,,,,,,,,,,,,,,,,,,,,,,,,,,,,,,,,,,,,,,,,,,,,,,,,,,,,,,,,,,,,,,,,,,,,,,,,,,,,,,,,,,,,,,,, ,Updated
RVANSCHIJN,Roger,van.Schijndel,Roger.van.Schijndel@chcheli.com,,Active,,d1eb5a2f-699a-46f9-b60e-87f85d324bfd,Roger.van.Schijndel@chcheli.com,2026-04-20T07:16:10-07:00,,Roger.van.Schijndel@chcheli.com,RVANSCHIJN,,,,,,,,MingleEnterprise,Infor-SuiteUser,MingleIONEnabled,HOMEPAGES-User,IDM-User,IDM-RelatedInformationUser,M3UI-USER,MASHUP-User,,,,,,,,,,,,,,,,,,,,,,,,,,,,,,,,,,,,,,,,,,,,,,,,,,,,,,,,,,,,,,,,,,,,,,,,,,,,,,,,,,,,,,,,,,,,,,,,,,,,,,,,,,,,,,,,,,,,,,,,,,,,,,,,,,,,,,,,,,,,,,,,,,,,,,,,,,,,,,,,,,,,,,,,,,,,,,,,,,,,,,,,,,,,,,,,,,,,,,,,,,,,,,,,,,,,,,,,,,,,,,,,,,,,,,,,,,,,,,,,,,,,,,,,,,,,,,,,,,,,,,,,,,,,,,,,,,,,,,,,,,,,,,,,,,,,,,,,,,,,,,,,,,,,,,,,,,,,,,,,,,,,,,,,,,,,,,,,,,,,,,,,,,,,,,,,,,,,,,,,,,,,,,,,,,,,,,,,,,,,,,,,,,,,,,,,,,,,,,,,,,,,,,,,,,,,,,,,,,,,,,,,,,,,,,,,,,,,,,,,,,,,,,,,,,,,,,,,,,,,,,,,,,,,,,,,,,,,,,,,,,,,,,,,,,,,,,,,,,,,,,,,,,,,,,,,,,,,,,,,,,,,,,,,,,,,,,,,,,,,,,,,,,,,,,,,,,,,,,,,,,,,,,,,,,,,,,,,,,,,,,,,,,,,,,,,,,,,,,,,,,,,,,,,,,,,,,,,,,,,,,,,,,,,,,,,,,,,,,,,,,,,,,,,,,,,,,,,,,,,,,,,,,,,,,,,, ,Updated
RVILLANU,Rozen,Villanueva,Rozen.Villanueva@heli-one.com,,Active,,ed5779c9-fc6d-4b8a-862a-1f43365082b7,Rozen.Villanueva@heli-one.com,2026-04-20T07:16:10-07:00,,Rozen.Villanueva@heli-one.com,RVILLANU,,,,,,,,MingleEnterprise,Infor-SuiteUser,MingleIONEnabled,HOMEPAGES-User,IDM-User,IDM-RelatedInformationUser,M3UI-USER,MASHUP-User,,,,,,,,,,,,,,,,,,,,,,,,,,,,,,,,,,,,,,,,,,,,,,,,,,,,,,,,,,,,,,,,,,,,,,,,,,,,,,,,,,,,,,,,,,,,,,,,,,,,,,,,,,,,,,,,,,,,,,,,,,,,,,,,,,,,,,,,,,,,,,,,,,,,,,,,,,,,,,,,,,,,,,,,,,,,,,,,,,,,,,,,,,,,,,,,,,,,,,,,,,,,,,,,,,,,,,,,,,,,,,,,,,,,,,,,,,,,,,,,,,,,,,,,,,,,,,,,,,,,,,,,,,,,,,,,,,,,,,,,,,,,,,,,,,,,,,,,,,,,,,,,,,,,,,,,,,,,,,,,,,,,,,,,,,,,,,,,,,,,,,,,,,,,,,,,,,,,,,,,,,,,,,,,,,,,,,,,,,,,,,,,,,,,,,,,,,,,,,,,,,,,,,,,,,,,,,,,,,,,,,,,,,,,,,,,,,,,,,,,,,,,,,,,,,,,,,,,,,,,,,,,,,,,,,,,,,,,,,,,,,,,,,,,,,,,,,,,,,,,,,,,,,,,,,,,,,,,,,,,,,,,,,,,,,,,,,,,,,,,,,,,,,,,,,,,,,,,,,,,,,,,,,,,,,,,,,,,,,,,,,,,,,,,,,,,,,,,,,,,,,,,,,,,,,,,,,,,,,,,,,,,,,,,,,,,,,,,,,,,,,,,,,,,,,,,,,,,,,,,,,,,,,,,,,,,, ,Updated
RWEENING,Ronald,Weening,Ronald.Weening@chcheli.com,,Active,,f8887ab6-89ee-4d91-a088-bfd6c12877f0,Ronald.Weening@chcheli.com,2026-04-20T07:16:10-07:00,,Ronald.Weening@chcheli.com,RWEENING,,,,,,,,MingleEnterprise,Infor-SuiteUser,MingleIONEnabled,HOMEPAGES-User,IDM-User,IDM-RelatedInformationUser,M3UI-USER,MASHUP-User,,,,,,,,,,,,,,,,,,,,,,,,,,,,,,,,,,,,,,,,,,,,,,,,,,,,,,,,,,,,,,,,,,,,,,,,,,,,,,,,,,,,,,,,,,,,,,,,,,,,,,,,,,,,,,,,,,,,,,,,,,,,,,,,,,,,,,,,,,,,,,,,,,,,,,,,,,,,,,,,,,,,,,,,,,,,,,,,,,,,,,,,,,,,,,,,,,,,,,,,,,,,,,,,,,,,,,,,,,,,,,,,,,,,,,,,,,,,,,,,,,,,,,,,,,,,,,,,,,,,,,,,,,,,,,,,,,,,,,,,,,,,,,,,,,,,,,,,,,,,,,,,,,,,,,,,,,,,,,,,,,,,,,,,,,,,,,,,,,,,,,,,,,,,,,,,,,,,,,,,,,,,,,,,,,,,,,,,,,,,,,,,,,,,,,,,,,,,,,,,,,,,,,,,,,,,,,,,,,,,,,,,,,,,,,,,,,,,,,,,,,,,,,,,,,,,,,,,,,,,,,,,,,,,,,,,,,,,,,,,,,,,,,,,,,,,,,,,,,,,,,,,,,,,,,,,,,,,,,,,,,,,,,,,,,,,,,,,,,,,,,,,,,,,,,,,,,,,,,,,,,,,,,,,,,,,,,,,,,,,,,,,,,,,,,,,,,,,,,,,,,,,,,,,,,,,,,,,,,,,,,,,,,,,,,,,,,,,,,,,,,,,,,,,,,,,,,,,,,,,,,,,,,,,,,,,, ,Updated
SCHAPPELL,Steve,Chappell,Steve.Chappell@chcheli.com,,Active,,c54b5ab6-b615-4776-aa10-104a4c20e847,Steve.Chappell@chcheli.com,2026-04-20T07:16:10-07:00,,Steve.Chappell@chcheli.com,SCHAPPELL,,,,,,,,MingleEnterprise,Infor-SuiteUser,MingleIONEnabled,HOMEPAGES-User,IDM-User,IDM-RelatedInformationUser,M3UI-USER,MASHUP-User,PPEPRRO,,,,,,,,,,,,,,,,,,,,,,,,,,,,,,,,,,,,,,,,,,,,,,,,,,,,,,,,,,,,,,,,,,,,,,,,,,,,,,,,,,,,,,,,,,,,,,,,,,,,,,,,,,,,,,,,,,,,,,,,,,,,,,,,,,,,,,,,,,,,,,,,,,,,,,,,,,,,,,,,,,,,,,,,,,,,,,,,,,,,,,,,,,,,,,,,,,,,,,,,,,,,,,,,,,,,,,,,,,,,,,,,,,,,,,,,,,,,,,,,,,,,,,,,,,,,,,,,,,,,,,,,,,,,,,,,,,,,,,,,,,,,,,,,,,,,,,,,,,,,,,,,,,,,,,,,,,,,,,,,,,,,,,,,,,,,,,,,,,,,,,,,,,,,,,,,,,,,,,,,,,,,,,,,,,,,,,,,,,,,,,,,,,,,,,,,,,,,,,,,,,,,,,,,,,,,,,,,,,,,,,,,,,,,,,,,,,,,,,,,,,,,,,,,,,,,,,,,,,,,,,,,,,,,,,,,,,,,,,,,,,,,,,,,,,,,,,,,,,,,,,,,,,,,,,,,,,,,,,,,,,,,,,,,,,,,,,,,,,,,,,,,,,,,,,,,,,,,,,,,,,,,,,,,,,,,,,,,,,,,,,,,,,,,,,,,,,,,,,,,,,,,,,,,,,,,,,,,,,,,,,,,,,,,,,,,,,,,,,,,,,,,,,,,,,,,,,,,,,,,,,,,,,,,,,,, ,Updated
SESPELAN,Signe,Espeland,Signe.Espeland@chcheli.com,,Active,,538711f5-a37f-4f22-8847-635748459fa8,Signe.Espeland@chcheli.com,2026-04-20T07:16:11-07:00,,Signe.Espeland@chcheli.com,SESPELAN,,,,,,,,MingleEnterprise,Infor-SuiteUser,MingleIONEnabled,HOMEPAGES-User,IDM-User,IDM-RelatedInformationUser,M3UI-USER,MASHUP-User,,,,,,,,,,,,,,,,,,,,,,,,,,,,,,,,,,,,,,,,,,,,,,,,,,,,,,,,,,,,,,,,,,,,,,,,,,,,,,,,,,,,,,,,,,,,,,,,,,,,,,,,,,,,,,,,,,,,,,,,,,,,,,,,,,,,,,,,,,,,,,,,,,,,,,,,,,,,,,,,,,,,,,,,,,,,,,,,,,,,,,,,,,,,,,,,,,,,,,,,,,,,,,,,,,,,,,,,,,,,,,,,,,,,,,,,,,,,,,,,,,,,,,,,,,,,,,,,,,,,,,,,,,,,,,,,,,,,,,,,,,,,,,,,,,,,,,,,,,,,,,,,,,,,,,,,,,,,,,,,,,,,,,,,,,,,,,,,,,,,,,,,,,,,,,,,,,,,,,,,,,,,,,,,,,,,,,,,,,,,,,,,,,,,,,,,,,,,,,,,,,,,,,,,,,,,,,,,,,,,,,,,,,,,,,,,,,,,,,,,,,,,,,,,,,,,,,,,,,,,,,,,,,,,,,,,,,,,,,,,,,,,,,,,,,,,,,,,,,,,,,,,,,,,,,,,,,,,,,,,,,,,,,,,,,,,,,,,,,,,,,,,,,,,,,,,,,,,,,,,,,,,,,,,,,,,,,,,,,,,,,,,,,,,,,,,,,,,,,,,,,,,,,,,,,,,,,,,,,,,,,,,,,,,,,,,,,,,,,,,,,,,,,,,,,,,,,,,,,,,,,,,,,,,,,,,, ,Updated
SGASKELL,Simon,Gaskell,Simon.Gaskell@chcheli.com,,Active,,09df573f-68c8-46bd-b4b6-25b40a5239af,Simon.Gaskell@chcheli.com,2026-04-20T07:16:11-07:00,,Simon.Gaskell@chcheli.com,SGASKELL,,,,,,,,MingleEnterprise,Infor-SuiteUser,MingleIONEnabled,HOMEPAGES-User,IDM-User,IDM-RelatedInformationUser,M3UI-USER,MASHUP-User,,,,,,,,,,,,,,,,,,,,,,,,,,,,,,,,,,,,,,,,,,,,,,,,,,,,,,,,,,,,,,,,,,,,,,,,,,,,,,,,,,,,,,,,,,,,,,,,,,,,,,,,,,,,,,,,,,,,,,,,,,,,,,,,,,,,,,,,,,,,,,,,,,,,,,,,,,,,,,,,,,,,,,,,,,,,,,,,,,,,,,,,,,,,,,,,,,,,,,,,,,,,,,,,,,,,,,,,,,,,,,,,,,,,,,,,,,,,,,,,,,,,,,,,,,,,,,,,,,,,,,,,,,,,,,,,,,,,,,,,,,,,,,,,,,,,,,,,,,,,,,,,,,,,,,,,,,,,,,,,,,,,,,,,,,,,,,,,,,,,,,,,,,,,,,,,,,,,,,,,,,,,,,,,,,,,,,,,,,,,,,,,,,,,,,,,,,,,,,,,,,,,,,,,,,,,,,,,,,,,,,,,,,,,,,,,,,,,,,,,,,,,,,,,,,,,,,,,,,,,,,,,,,,,,,,,,,,,,,,,,,,,,,,,,,,,,,,,,,,,,,,,,,,,,,,,,,,,,,,,,,,,,,,,,,,,,,,,,,,,,,,,,,,,,,,,,,,,,,,,,,,,,,,,,,,,,,,,,,,,,,,,,,,,,,,,,,,,,,,,,,,,,,,,,,,,,,,,,,,,,,,,,,,,,,,,,,,,,,,,,,,,,,,,,,,,,,,,,,,,,,,,,,,,,,,,, ,Updated
2c745a78-0c8c-4a14-b7f0-663e42575041,Suhas,Kalasapura,Suhas.Kalasapura@chcheli.com,,Active,,2c745a78-0c8c-4a14-b7f0-663e42575041,Suhas.Kalasapura@chcheli.com,2026-04-20T07:16:12-07:00,,Suhas.Kalasapura@chcheli.com,SKALASAP,,,,,,,,MingleEnterprise,Infor-SuiteUser,MingleIONEnabled,HOMEPAGES-User,IDM-User,IDM-RelatedInformationUser,M3UI-USER,MASHUP-User,FGR032_RW,FGR003_RW,FGR012_RW,FGR001_RW,FGR014_RW,FGR005_RW,FGR061_RW,FGR030_RW,FGR060_RW,FGR070_RW,FGR021_RW,FGR031_RW,FGR004_RW,FGR069_RW,FGR072_RW,FGR071_RW,FGR062_RW,FGR035_RW,FGR013_RW,FGR006_RW,FGR039_RW,FGR065_RW,FGR329_RW,FGR002_RW,FGR079_RW,FGR331_RW,FGR341_RW,FGR332_RW,FGR342_RW,FGR351_RW,FGR355_RW,FGR352_RW,FGR350_RW,FGR362_RW,FGR359_RW,FGR190_RW,FGR302_RW,FGR305_RW,FGR310_RW,FGR312_RW,FGR315_RW,FGR115_RW,FGR320_RW,FGR119_RW,FGR110_RW,FGR111_RW,FGR112_RW,FGR300_RW,FGR301_RW,FGR309_RW,FGR311_RW,FGR321_RW,FGR319_RW,FGR325_RW,FGR322_RW,FGR330_RW,FGR335_RW,FGR339_RW,FGR340_RW,FGR345_RW,FGR349_RW,FGR361_RW,FGR360_RW,FGR365_RW,FGR369_RW,FGR999_RW,FGR013_RO,,,,,,,,,,,,,,,,,,,,,,,,,,,,,,,,,,,,,,,,,,,,,,,,,,,,,,,,,,,,,,,,,,,,,,,,,,,,,,,,,,,,,,,,,,,,,,,,,,,,,,,,,,,,,,,,,,,,,,,,,,,,,,,,,,,,,,,,,,,,,,,,,,,,,,,,,,,,,,,,,,,,,,,,,,,,,,,,,,,,,,,,,,,,,,,,,,,,,,,,,,,,,,,,,,,,,,,,,,,,,,,,,,,,,,,,,,,,,,,,,,,,,,,,,,,,,,,,,,,,,,,,,,,,,,,,,,,,,,,,,,,,,,,,,,,,,,,,,,,,,,,,,,,,,,,,,,,,,,,,,,,,,,,,,,,,,,,,,,,,,,,,,,,,,,,,,,,,,,,,,,,,,,,,,,,,,,,,,,,,,,,,,,,,,,,,,,,,,,,,,,,,,,,,,,,,,,,,,,,,,,,,,,,,,,,,,,,,,,,,,,,,,,,,,,,,,,,,,,,,,,,,,,,,,,,,,,,,,,,,,,,,,,,,,,,,,,,,,,,,,,,,,,,,,,,,,,,,,,,,,,,,,,,,,,,,,,,,,,,,,,,,,,,,,,,,,,,,,,,,,,,,,,,,,,,,,,,,,,,,,,,,,,,,,,,,,,,,,,,,,,,,,, ,Updated
SKELLY,Sean,Kelly,Sean.Kelly@chcheli.com,,Active,,78748527-c904-4c36-a053-9496a809bd09,Sean.Kelly@chcheli.com,2026-04-20T07:16:12-07:00,,Sean.Kelly@chcheli.com,SKELLY,,,,,,,,MingleEnterprise,Infor-SuiteUser,MingleIONEnabled,HOMEPAGES-User,IDM-User,IDM-RelatedInformationUser,M3UI-USER,MASHUP-User,,,,,,,,,,,,,,,,,,,,,,,,,,,,,,,,,,,,,,,,,,,,,,,,,,,,,,,,,,,,,,,,,,,,,,,,,,,,,,,,,,,,,,,,,,,,,,,,,,,,,,,,,,,,,,,,,,,,,,,,,,,,,,,,,,,,,,,,,,,,,,,,,,,,,,,,,,,,,,,,,,,,,,,,,,,,,,,,,,,,,,,,,,,,,,,,,,,,,,,,,,,,,,,,,,,,,,,,,,,,,,,,,,,,,,,,,,,,,,,,,,,,,,,,,,,,,,,,,,,,,,,,,,,,,,,,,,,,,,,,,,,,,,,,,,,,,,,,,,,,,,,,,,,,,,,,,,,,,,,,,,,,,,,,,,,,,,,,,,,,,,,,,,,,,,,,,,,,,,,,,,,,,,,,,,,,,,,,,,,,,,,,,,,,,,,,,,,,,,,,,,,,,,,,,,,,,,,,,,,,,,,,,,,,,,,,,,,,,,,,,,,,,,,,,,,,,,,,,,,,,,,,,,,,,,,,,,,,,,,,,,,,,,,,,,,,,,,,,,,,,,,,,,,,,,,,,,,,,,,,,,,,,,,,,,,,,,,,,,,,,,,,,,,,,,,,,,,,,,,,,,,,,,,,,,,,,,,,,,,,,,,,,,,,,,,,,,,,,,,,,,,,,,,,,,,,,,,,,,,,,,,,,,,,,,,,,,,,,,,,,,,,,,,,,,,,,,,,,,,,,,,,,,,,,,,,, ,Updated
SKONING,Sandra,De.Koning,Sandra.De.Koning@chcheli.com,,Active,,4255c86b-6397-47db-87f1-018963d80592,Sandra.De.Koning@chcheli.com,2026-04-20T07:16:12-07:00,,Sandra.De.Koning@chcheli.com,SKONING,,,,,,,,MingleEnterprise,Infor-SuiteUser,MingleIONEnabled,HOMEPAGES-User,IDM-User,IDM-RelatedInformationUser,M3UI-USER,MASHUP-User,FGR003_RW,FGR001_RW,FGR005_RW,FGR004_RW,FGR002_RW,FGR014_RO,FGR021_RO,FGR300_RO,FGR301_RO,FGR302_RO,FGR311_RO,FGR352_RO,FGR350_RO,FGR359_RO,FGR006_RO,FGR013_RO,FGR309_RO,FGR305_RO,FGR310_RO,FGR319_RO,FGR351_RO,,,,,,,,,,,,,,,,,,,,,,,,,,,,,,,,,,,,,,,,,,,,,,,,,,,,,,,,,,,,,,,,,,,,,,,,,,,,,,,,,,,,,,,,,,,,,,,,,,,,,,,,,,,,,,,,,,,,,,,,,,,,,,,,,,,,,,,,,,,,,,,,,,,,,,,,,,,,,,,,,,,,,,,,,,,,,,,,,,,,,,,,,,,,,,,,,,,,,,,,,,,,,,,,,,,,,,,,,,,,,,,,,,,,,,,,,,,,,,,,,,,,,,,,,,,,,,,,,,,,,,,,,,,,,,,,,,,,,,,,,,,,,,,,,,,,,,,,,,,,,,,,,,,,,,,,,,,,,,,,,,,,,,,,,,,,,,,,,,,,,,,,,,,,,,,,,,,,,,,,,,,,,,,,,,,,,,,,,,,,,,,,,,,,,,,,,,,,,,,,,,,,,,,,,,,,,,,,,,,,,,,,,,,,,,,,,,,,,,,,,,,,,,,,,,,,,,,,,,,,,,,,,,,,,,,,,,,,,,,,,,,,,,,,,,,,,,,,,,,,,,,,,,,,,,,,,,,,,,,,,,,,,,,,,,,,,,,,,,,,,,,,,,,,,,,,,,,,,,,,,,,,,,,,,,,,,,,,,,,,,,,,,,,,,,,,,,,,,,,,,,,,,,,,,,,,,,,,,,,,,,,,,,,,,,,,,,,,,,,,,,,,,,,,,,,, ,Updated
SLOHR,Sara,Lohr,Sara.Lohr@chcheli.com,,Active,,8b4dce1a-03b0-48ed-abba-dc1025e1e7ca,Sara.Lohr@chcheli.com,2026-04-20T07:16:13-07:00,,Sara.Lohr@chcheli.com,SLOHR,,,,,,,,MingleEnterprise,Infor-SuiteUser,MingleIONEnabled,HOMEPAGES-User,IDM-User,IDM-RelatedInformationUser,M3UI-USER,MASHUP-User,,,,,,,,,,,,,,,,,,,,,,,,,,,,,,,,,,,,,,,,,,,,,,,,,,,,,,,,,,,,,,,,,,,,,,,,,,,,,,,,,,,,,,,,,,,,,,,,,,,,,,,,,,,,,,,,,,,,,,,,,,,,,,,,,,,,,,,,,,,,,,,,,,,,,,,,,,,,,,,,,,,,,,,,,,,,,,,,,,,,,,,,,,,,,,,,,,,,,,,,,,,,,,,,,,,,,,,,,,,,,,,,,,,,,,,,,,,,,,,,,,,,,,,,,,,,,,,,,,,,,,,,,,,,,,,,,,,,,,,,,,,,,,,,,,,,,,,,,,,,,,,,,,,,,,,,,,,,,,,,,,,,,,,,,,,,,,,,,,,,,,,,,,,,,,,,,,,,,,,,,,,,,,,,,,,,,,,,,,,,,,,,,,,,,,,,,,,,,,,,,,,,,,,,,,,,,,,,,,,,,,,,,,,,,,,,,,,,,,,,,,,,,,,,,,,,,,,,,,,,,,,,,,,,,,,,,,,,,,,,,,,,,,,,,,,,,,,,,,,,,,,,,,,,,,,,,,,,,,,,,,,,,,,,,,,,,,,,,,,,,,,,,,,,,,,,,,,,,,,,,,,,,,,,,,,,,,,,,,,,,,,,,,,,,,,,,,,,,,,,,,,,,,,,,,,,,,,,,,,,,,,,,,,,,,,,,,,,,,,,,,,,,,,,,,,,,,,,,,,,,,,,,,,,,,,,, ,Updated
SMACHLIK,Shelley,Machlik,Shelley.Machlik@chcheli.com,,Active,,7420101f-d338-4af2-8b73-dbc10b8cdd9d,Shelley.Machlik@chcheli.com,2026-04-20T07:16:13-07:00,,Shelley.Machlik@chcheli.com,SMACHLIK,,,,,,,,MingleEnterprise,Infor-SuiteUser,MingleIONEnabled,HOMEPAGES-User,IDM-User,IDM-RelatedInformationUser,M3UI-USER,MASHUP-User,FGR003_RW,FGR001_RW,FGR005_RW,FGR004_RW,FGR002_RW,FGR351_RW,FGR355_RW,FGR352_RW,FGR350_RW,FGR359_RW,FGR014_RO,FGR021_RO,FGR300_RO,FGR301_RO,FGR302_RO,FGR311_RO,FGR312_RO,FGR352_RO,FGR350_RO,FGR302_RW,FGR359_RO,FGR305_RW,FGR310_RW,FGR312_RW,FGR315_RW,FGR300_RW,FGR301_RW,FGR309_RW,FGR311_RW,FGR319_RW,FGR006_RO,FGR012_RO,FGR013_RO,FGR309_RO,FGR305_RO,FGR315_RO,FGR310_RO,FGR319_RO,FGR351_RO,FGR355_RO,,,,,,,,,,,,,,,,,,,,,,,,,,,,,,,,,,,,,,,,,,,,,,,,,,,,,,,,,,,,,,,,,,,,,,,,,,,,,,,,,,,,,,,,,,,,,,,,,,,,,,,,,,,,,,,,,,,,,,,,,,,,,,,,,,,,,,,,,,,,,,,,,,,,,,,,,,,,,,,,,,,,,,,,,,,,,,,,,,,,,,,,,,,,,,,,,,,,,,,,,,,,,,,,,,,,,,,,,,,,,,,,,,,,,,,,,,,,,,,,,,,,,,,,,,,,,,,,,,,,,,,,,,,,,,,,,,,,,,,,,,,,,,,,,,,,,,,,,,,,,,,,,,,,,,,,,,,,,,,,,,,,,,,,,,,,,,,,,,,,,,,,,,,,,,,,,,,,,,,,,,,,,,,,,,,,,,,,,,,,,,,,,,,,,,,,,,,,,,,,,,,,,,,,,,,,,,,,,,,,,,,,,,,,,,,,,,,,,,,,,,,,,,,,,,,,,,,,,,,,,,,,,,,,,,,,,,,,,,,,,,,,,,,,,,,,,,,,,,,,,,,,,,,,,,,,,,,,,,,,,,,,,,,,,,,,,,,,,,,,,,,,,,,,,,,,,,,,,,,,,,,,,,,,,,,,,,,,,,,,,,,,,,,,,,,,,,,,,,,,,,,,,,,,,,,,,,,,,,,,,,,,,,,,,,,,, ,Updated
SMARKWICK,Scott,Markwick,Scott.Markwick@heli-one.com,,Active,,9f41dabd-1387-4c4f-9d76-fd6fd5d4e2fc,Scott.Markwick@heli-one.com,2026-04-20T07:16:13-07:00,,Scott.Markwick@heli-one.com,SMARKWICK,,,,,,,,MingleEnterprise,Infor-SuiteUser,MingleIONEnabled,HOMEPAGES-User,IDM-User,IDM-RelatedInformationUser,M3UI-USER,MASHUP-User,,,,,,,,,,,,,,,,,,,,,,,,,,,,,,,,,,,,,,,,,,,,,,,,,,,,,,,,,,,,,,,,,,,,,,,,,,,,,,,,,,,,,,,,,,,,,,,,,,,,,,,,,,,,,,,,,,,,,,,,,,,,,,,,,,,,,,,,,,,,,,,,,,,,,,,,,,,,,,,,,,,,,,,,,,,,,,,,,,,,,,,,,,,,,,,,,,,,,,,,,,,,,,,,,,,,,,,,,,,,,,,,,,,,,,,,,,,,,,,,,,,,,,,,,,,,,,,,,,,,,,,,,,,,,,,,,,,,,,,,,,,,,,,,,,,,,,,,,,,,,,,,,,,,,,,,,,,,,,,,,,,,,,,,,,,,,,,,,,,,,,,,,,,,,,,,,,,,,,,,,,,,,,,,,,,,,,,,,,,,,,,,,,,,,,,,,,,,,,,,,,,,,,,,,,,,,,,,,,,,,,,,,,,,,,,,,,,,,,,,,,,,,,,,,,,,,,,,,,,,,,,,,,,,,,,,,,,,,,,,,,,,,,,,,,,,,,,,,,,,,,,,,,,,,,,,,,,,,,,,,,,,,,,,,,,,,,,,,,,,,,,,,,,,,,,,,,,,,,,,,,,,,,,,,,,,,,,,,,,,,,,,,,,,,,,,,,,,,,,,,,,,,,,,,,,,,,,,,,,,,,,,,,,,,,,,,,,,,,,,,,,,,,,,,,,,,,,,,,,,,,,,,,,,,,,,, ,Updated
SPATIL,Somesh,Patil,Somesh.Patil@chcheli.com,,Active,,e7a02959-22c1-4a53-afd1-01d2a2855d23,Somesh.Patil@chcheli.com,2026-04-20T07:16:14-07:00,,Somesh.Patil@chcheli.com,SPATIL,,,,,,,,MingleEnterprise,Infor-SuiteUser,MingleIONEnabled,HOMEPAGES-User,IDM-User,IDM-RelatedInformationUser,M3UI-USER,MASHUP-User,FGR003_RW,FGR001_RW,FGR005_RW,FGR004_RW,FGR002_RW,FGR014_RO,FGR021_RO,FGR300_RO,FGR301_RO,FGR302_RO,FGR311_RO,FGR352_RO,FGR350_RO,FGR359_RO,FGR006_RO,FGR013_RO,FGR309_RO,FGR305_RO,FGR310_RO,FGR319_RO,FGR351_RO,,,,,,,,,,,,,,,,,,,,,,,,,,,,,,,,,,,,,,,,,,,,,,,,,,,,,,,,,,,,,,,,,,,,,,,,,,,,,,,,,,,,,,,,,,,,,,,,,,,,,,,,,,,,,,,,,,,,,,,,,,,,,,,,,,,,,,,,,,,,,,,,,,,,,,,,,,,,,,,,,,,,,,,,,,,,,,,,,,,,,,,,,,,,,,,,,,,,,,,,,,,,,,,,,,,,,,,,,,,,,,,,,,,,,,,,,,,,,,,,,,,,,,,,,,,,,,,,,,,,,,,,,,,,,,,,,,,,,,,,,,,,,,,,,,,,,,,,,,,,,,,,,,,,,,,,,,,,,,,,,,,,,,,,,,,,,,,,,,,,,,,,,,,,,,,,,,,,,,,,,,,,,,,,,,,,,,,,,,,,,,,,,,,,,,,,,,,,,,,,,,,,,,,,,,,,,,,,,,,,,,,,,,,,,,,,,,,,,,,,,,,,,,,,,,,,,,,,,,,,,,,,,,,,,,,,,,,,,,,,,,,,,,,,,,,,,,,,,,,,,,,,,,,,,,,,,,,,,,,,,,,,,,,,,,,,,,,,,,,,,,,,,,,,,,,,,,,,,,,,,,,,,,,,,,,,,,,,,,,,,,,,,,,,,,,,,,,,,,,,,,,,,,,,,,,,,,,,,,,,,,,,,,,,,,,,,,,,,,,,,,,,,,,,,,,, ,Updated
SSEBULON,Stig,Sebulonsen,Stig.Sebulonsen@heli-one.com,,Active,,1efd8109-9f65-4366-8c9b-7789bf5ad1ca,Stig.Sebulonsen@heli-one.com,2026-04-20T07:16:14-07:00,,Stig.Sebulonsen@heli-one.com,SSEBULON,,,,,,,,MingleEnterprise,Infor-SuiteUser,MingleIONEnabled,HOMEPAGES-User,IDM-User,IDM-RelatedInformationUser,M3UI-USER,MASHUP-User,,,,,,,,,,,,,,,,,,,,,,,,,,,,,,,,,,,,,,,,,,,,,,,,,,,,,,,,,,,,,,,,,,,,,,,,,,,,,,,,,,,,,,,,,,,,,,,,,,,,,,,,,,,,,,,,,,,,,,,,,,,,,,,,,,,,,,,,,,,,,,,,,,,,,,,,,,,,,,,,,,,,,,,,,,,,,,,,,,,,,,,,,,,,,,,,,,,,,,,,,,,,,,,,,,,,,,,,,,,,,,,,,,,,,,,,,,,,,,,,,,,,,,,,,,,,,,,,,,,,,,,,,,,,,,,,,,,,,,,,,,,,,,,,,,,,,,,,,,,,,,,,,,,,,,,,,,,,,,,,,,,,,,,,,,,,,,,,,,,,,,,,,,,,,,,,,,,,,,,,,,,,,,,,,,,,,,,,,,,,,,,,,,,,,,,,,,,,,,,,,,,,,,,,,,,,,,,,,,,,,,,,,,,,,,,,,,,,,,,,,,,,,,,,,,,,,,,,,,,,,,,,,,,,,,,,,,,,,,,,,,,,,,,,,,,,,,,,,,,,,,,,,,,,,,,,,,,,,,,,,,,,,,,,,,,,,,,,,,,,,,,,,,,,,,,,,,,,,,,,,,,,,,,,,,,,,,,,,,,,,,,,,,,,,,,,,,,,,,,,,,,,,,,,,,,,,,,,,,,,,,,,,,,,,,,,,,,,,,,,,,,,,,,,,,,,,,,,,,,,,,,,,,,,,,,,, ,Updated
abe1d9ed-73d8-4a34-b908-83b38604a576,Shankar,Shinde,Shankar.Shinde@chcheli.com,M3 Technical Consultant,Active,,abe1d9ed-73d8-4a34-b908-83b38604a576,Shankar.Shinde@chcheli.com,2026-04-20T07:16:14-07:00,2026-08-18T03:27:27-07:00,Shankar.Shinde@chcheli.com,SSHINDE,,,,,,,,UserAdmin,DataAdministrator,Infor-SystemAdministrator,IFS-ExternalEntityAdmin,IFS-ReadOnlyUser,IFS-AuditReportUser,IFS-AuditAdministrator,IFS-MonitorReportUser,IFS-MonitorAdministrator,IFS-PasswordAdmin,MingleEnterprise,Infor-SuiteUser,MingleIONEnabled,MingleAdministrator,MingleDataAdministrator,PORTAL-User,PORTAL-ContentAdministrator,GRID-SystemAdministrator,GRID-Viewer,GRID-Administrator,HOMEPAGES-Administrator,HOMEPAGES-ContentAdministrator,HOMEPAGES-User,HOMEPAGES-ContentSupport,IONDeskSecurityAdmin,IONDeskAdmin,IONContentProvider,IONDeskOAuthGenerator,Mingle-LocatorView,IFSAdminContact,IONAPI-Tracing,IONAPI-User,IONAPI-Administrator,DATALAKE-User,DATALAKE-DataAdministrator,DATALAKE-SystemAdministrator,DECISIONSERVICE-Editor,DECISIONSERVICE-Approver,INBOX-PowerUser,SmartHelpUser,IDM-User,IDM-AdvancedUser,IDM-Administrator,IDM-SuperUser,IDM-RelatedInformationUser,IDM-SignatureUser,GDPR-Collaboration-ChiefDataProtectionOfficer,GDPR-Collaboration-DataProtectionOfficer,GDPR-App-Administrator,DATAFABRIC-SuperAdmin,DATAFABRIC-User,ENTERPRISESEARCH-Admin,ENTERPRISESEARCH-User,ENTERPRISESEARCH-PowerUser,M3EC-Administrator,M3EC-User,M3EC-ClientDesigntime,M3-DLSubscriptionAdmin,M3BE-FATAdmin-Exporter,M3UI-StartPageAdministrator,M3UI-DebugUser,M3UI-Administrator,M3UI-USER,M3UI-Designer,M3BDP-Administrator,M3BDP-USER,MASHUP-Administrator,MASHUP-User,IECEC-Administrator,IECEC-User,M3BE-FATAdmin,M3BE-FndAdmin,M3BE-FndUser,M3BE-ServicesAdmin,M3BE-CryptoAdmin,M3BE-ExtensionsAdmin,M3BE-ExtensionsViewer,M3BE-DBViewer,M3BE-DBAdmin,M3BE-FndFlagAdmin,M3BE-FileViewer,M3BE-FileAdmin,M3BE-ConfigAdmin,M3BE-ConfigUser,M3BE-LogEnabler,M3BE-SystemAdministrator,M3BE-DBAdmin-ReadToken,EVENTHUB-Administrator,EVENTHUB-User,M3MDP-USER,M3CE_About_Viewer,M3ENTERPRISESEARCH-Administrator,IPW-User,Birst-SystemAdministrator,Birst-User,MONGOOSE-UG-CoreFormsAdmin,MONGOOSE-UG-CoreFormsDeveloper,MONGOOSE-UG-CoreFormsEndUser,MONGOOSE-UG-CoreIDOs,MONGOOSE-LM-MGCoreAutomation,MONGOOSE-LM-MGCoreTrans,MONGOOSE-LM-MGDataViews,MONGOOSE-LM-MGDeveloper,MONGOOSE-LM-MGUserCreatedForms,MONGOOSE-LM-MGUserCreatedIDOs,MONGOOSE-LM-MGPAAS,MONGOOSE-LM-MGM3InterfaceForms,MONGOOSE-LM-MGM3InterfaceIDOs,MONGOOSE-LM-MGAppBuilder,APPBUILDER-Administrator,APPBUILDER-User,APPBUILDER-Designer,LCLLSP-User,LCLLSP-Admin,LCLLSP-PrivilegedUser,LCLLSP-ServiceAdmin,LCLLSP-AppAdmin,LCLLSP-SupAdmin,LCLLSP-StdAdmin,LCLLSP-StdUser,M3A Administrators,M3A Developers,M3A Procurement,M3A Finance,M3A Production,M3ADISBIRST-Model-Administrator,M3ADISBIRST-Extension-Administrator,M3ADISBIRST-Consumer-Administrator,M3ADISBIRST-User,M3A Warehouse,M3A Default Subject Area,IFSApplicationAdmin,IFS-ShowUserManagementUI,IFS-GroupsAdmin,IFS-GroupsUpdate,IFS-GroupsReadOnlyUser,IFS-ReadOnly,M3MDP-TESTAPI,INBOX-Admin,M3DMP-Contributor,M3UI-Approver,M3A Opportunity Management,IONAPI-Developer,M3CPW-User,IAD-DataMaintainer,IAD-Designer,IAD-Publisher,IAD-TemplateBuilder,M3ACM-User,M3ACM-Viewer,IPI-ModelerAdmin,IPI-ModelerViewer,IPI-ModelerDesigner,PORTAL-ContentPublisher,M3BE-PowerUser,M3BE-LicenseType1,M3BE-LicenseType2,M3BE-LicenseType3,M3BE-LicenseType6-FT,M3BE-LicenseType6-SHUB,M3HealthService-Administrator,IONAPI-BaaS-Administrator,IONAPI-BaaS-DataAdministrator,IONAPI-BaaS-Developer,IONAPI-BaaS-User,M3BE-DBUpdater,DATAFABRIC-HealthServiceAdmin,PORTAL-AnnouncementAdministrator,M3BE-DBAdmin-PrdToken,M3BE-LicenseType4,SMARTHELP-Administrator,DocBits-User,M3BE-FATAdmin-PRD-UpperLimitRuleToken,M3BE-FATAdmin-DeleteData,M3BE-FATAdmin-PRD-DeleteDataToken,M3BE-FATAdmin-PRD-ConfigureUpperLimit,FGR032_RW,FGR003_RW,FGR012_RW,FGR001_RW,FGR014_RW,FGR005_RW,FGR061_RW,FGR030_RW,FGR060_RW,FGR070_RW,FGR021_RW,FGR031_RW,FGR004_RW,FGR069_RW,FGR072_RW,FGR071_RW,FGR062_RW,FGR035_RW,FGR013_RW,FGR006_RW,FGR039_RW,FGR065_RW,FGR329_RW,FGR002_RW,FGR079_RW,FGR331_RW,FGR341_RW,FGR332_RW,FGR342_RW,FGR351_RW,FGR355_RW,FGR352_RW,FGR350_RW,FGR362_RW,FGR359_RW,FGR190_RW,FGR302_RW,FGR305_RW,FGR310_RW,FGR312_RW,FGR315_RW,FGR115_RW,FGR320_RW,FGR119_RW,FGR110_RW,FGR111_RW,FGR112_RW,FGR300_RW,FGR301_RW,FGR309_RW,FGR311_RW,FGR321_RW,FGR319_RW,FGR325_RW,FGR322_RW,FGR330_RW,FGR335_RW,FGR339_RW,FGR340_RW,FGR345_RW,FGR349_RW,FGR361_RW,FGR360_RW,FGR365_RW,FGR369_RW,FGR999_RW,FGR013_RO,,,,,,,,,,,,,,,,,,,,,,,,,,,,,,,,,,,,,,,,,,,,,,,,,,,,,,,,,,,,,,,,,,,,,,,,,,,,,,,,,,,,,,,,,,,,,,,,,,,,,,,,,,,,,,,,,,,,,,,,,,,,,,,,,,,,,,,,,,,,,,,,,,,,,,,,,,,,,,,,,,,,,,,,,,,,,,,,,,,,,,,,,,,,,,,,,,,,,,,,,,,,,,,,,,,,,,,,,,,,,,,,,,,,,,,,,,,,,,,,,,,,,,,,,,,,,,,,,,,,,,,,,,,,,,,,,,,,,,,,,,,,,,,,,,,,,,,,,,,,,,,,,,,,,,,,,,,,,,,,,,,,,,,,,,,,,,,,,,,,,,,,,,,,,,,,,,,,,,,,,,,,,,,,,,,,,,,,,,,,,,,,,,,,,,,,,,,,,,,,,,,,,,,,,,,,,,,,,,,,,,,,,,,,,,,,,,,,,, ,Updated
STHOMPSON,Steinar,Thompson,Steinar.Thompson@heli-one.com,,Active,,3dd57e61-b8d3-444e-bc6a-1b8af9651658,Steinar.Thompson@heli-one.com,2026-04-20T07:16:14-07:00,,Steinar.Thompson@heli-one.com,STHOMPSON,,,,,,,,MingleEnterprise,Infor-SuiteUser,MingleIONEnabled,HOMEPAGES-User,IDM-User,IDM-RelatedInformationUser,M3UI-USER,MASHUP-User,,,,,,,,,,,,,,,,,,,,,,,,,,,,,,,,,,,,,,,,,,,,,,,,,,,,,,,,,,,,,,,,,,,,,,,,,,,,,,,,,,,,,,,,,,,,,,,,,,,,,,,,,,,,,,,,,,,,,,,,,,,,,,,,,,,,,,,,,,,,,,,,,,,,,,,,,,,,,,,,,,,,,,,,,,,,,,,,,,,,,,,,,,,,,,,,,,,,,,,,,,,,,,,,,,,,,,,,,,,,,,,,,,,,,,,,,,,,,,,,,,,,,,,,,,,,,,,,,,,,,,,,,,,,,,,,,,,,,,,,,,,,,,,,,,,,,,,,,,,,,,,,,,,,,,,,,,,,,,,,,,,,,,,,,,,,,,,,,,,,,,,,,,,,,,,,,,,,,,,,,,,,,,,,,,,,,,,,,,,,,,,,,,,,,,,,,,,,,,,,,,,,,,,,,,,,,,,,,,,,,,,,,,,,,,,,,,,,,,,,,,,,,,,,,,,,,,,,,,,,,,,,,,,,,,,,,,,,,,,,,,,,,,,,,,,,,,,,,,,,,,,,,,,,,,,,,,,,,,,,,,,,,,,,,,,,,,,,,,,,,,,,,,,,,,,,,,,,,,,,,,,,,,,,,,,,,,,,,,,,,,,,,,,,,,,,,,,,,,,,,,,,,,,,,,,,,,,,,,,,,,,,,,,,,,,,,,,,,,,,,,,,,,,,,,,,,,,,,,,,,,,,,,,,,,,,, ,Updated
SUGREEN,Susie,Green,Susie.Green@chcheli.com,,Active,,ef5aa05f-829f-4fe8-beb4-893b4445b868,Susie.Green@chcheli.com,2026-04-20T07:16:15-07:00,,Susie.Green@chcheli.com,SUGREEN,,,,,,,,MingleEnterprise,Infor-SuiteUser,MingleIONEnabled,HOMEPAGES-User,IDM-User,IDM-RelatedInformationUser,M3UI-USER,MASHUP-User,,,,,,,,,,,,,,,,,,,,,,,,,,,,,,,,,,,,,,,,,,,,,,,,,,,,,,,,,,,,,,,,,,,,,,,,,,,,,,,,,,,,,,,,,,,,,,,,,,,,,,,,,,,,,,,,,,,,,,,,,,,,,,,,,,,,,,,,,,,,,,,,,,,,,,,,,,,,,,,,,,,,,,,,,,,,,,,,,,,,,,,,,,,,,,,,,,,,,,,,,,,,,,,,,,,,,,,,,,,,,,,,,,,,,,,,,,,,,,,,,,,,,,,,,,,,,,,,,,,,,,,,,,,,,,,,,,,,,,,,,,,,,,,,,,,,,,,,,,,,,,,,,,,,,,,,,,,,,,,,,,,,,,,,,,,,,,,,,,,,,,,,,,,,,,,,,,,,,,,,,,,,,,,,,,,,,,,,,,,,,,,,,,,,,,,,,,,,,,,,,,,,,,,,,,,,,,,,,,,,,,,,,,,,,,,,,,,,,,,,,,,,,,,,,,,,,,,,,,,,,,,,,,,,,,,,,,,,,,,,,,,,,,,,,,,,,,,,,,,,,,,,,,,,,,,,,,,,,,,,,,,,,,,,,,,,,,,,,,,,,,,,,,,,,,,,,,,,,,,,,,,,,,,,,,,,,,,,,,,,,,,,,,,,,,,,,,,,,,,,,,,,,,,,,,,,,,,,,,,,,,,,,,,,,,,,,,,,,,,,,,,,,,,,,,,,,,,,,,,,,,,,,,,,,,,,, ,Updated
SWATSON,Steven,Watson,Steven.Watson@heli-one.com,,Active,,6cb89f91-e824-4d2a-9f4b-78e1c4ca60aa,Steven.Watson@heli-one.com,2026-04-20T07:16:15-07:00,,Steven.Watson@heli-one.com,SWATSON,,,,,,,,MingleEnterprise,Infor-SuiteUser,MingleIONEnabled,HOMEPAGES-User,IDM-User,IDM-RelatedInformationUser,M3UI-USER,MASHUP-User,,,,,,,,,,,,,,,,,,,,,,,,,,,,,,,,,,,,,,,,,,,,,,,,,,,,,,,,,,,,,,,,,,,,,,,,,,,,,,,,,,,,,,,,,,,,,,,,,,,,,,,,,,,,,,,,,,,,,,,,,,,,,,,,,,,,,,,,,,,,,,,,,,,,,,,,,,,,,,,,,,,,,,,,,,,,,,,,,,,,,,,,,,,,,,,,,,,,,,,,,,,,,,,,,,,,,,,,,,,,,,,,,,,,,,,,,,,,,,,,,,,,,,,,,,,,,,,,,,,,,,,,,,,,,,,,,,,,,,,,,,,,,,,,,,,,,,,,,,,,,,,,,,,,,,,,,,,,,,,,,,,,,,,,,,,,,,,,,,,,,,,,,,,,,,,,,,,,,,,,,,,,,,,,,,,,,,,,,,,,,,,,,,,,,,,,,,,,,,,,,,,,,,,,,,,,,,,,,,,,,,,,,,,,,,,,,,,,,,,,,,,,,,,,,,,,,,,,,,,,,,,,,,,,,,,,,,,,,,,,,,,,,,,,,,,,,,,,,,,,,,,,,,,,,,,,,,,,,,,,,,,,,,,,,,,,,,,,,,,,,,,,,,,,,,,,,,,,,,,,,,,,,,,,,,,,,,,,,,,,,,,,,,,,,,,,,,,,,,,,,,,,,,,,,,,,,,,,,,,,,,,,,,,,,,,,,,,,,,,,,,,,,,,,,,,,,,,,,,,,,,,,,,,,,,,,, ,Updated
TCADGER,Tracy,Cadger,Tracy.Cadger@chcheli.com,Mrs,Active,,0573d5f1-60ed-4a41-b24d-84205198dc78,Tracy.Cadger@chcheli.com,2026-04-20T07:16:15-07:00,2026-04-22T04:58:10-07:00,Tracy.Cadger@chcheli.com,TCADGER,,,,,,,,MingleEnterprise,Infor-SuiteUser,MingleIONEnabled,HOMEPAGES-User,IDM-User,IDM-RelatedInformationUser,M3UI-USER,MASHUP-User,PPEPRRO,,,,,,,,,,,,,,,,,,,,,,,,,,,,,,,,,,,,,,,,,,,,,,,,,,,,,,,,,,,,,,,,,,,,,,,,,,,,,,,,,,,,,,,,,,,,,,,,,,,,,,,,,,,,,,,,,,,,,,,,,,,,,,,,,,,,,,,,,,,,,,,,,,,,,,,,,,,,,,,,,,,,,,,,,,,,,,,,,,,,,,,,,,,,,,,,,,,,,,,,,,,,,,,,,,,,,,,,,,,,,,,,,,,,,,,,,,,,,,,,,,,,,,,,,,,,,,,,,,,,,,,,,,,,,,,,,,,,,,,,,,,,,,,,,,,,,,,,,,,,,,,,,,,,,,,,,,,,,,,,,,,,,,,,,,,,,,,,,,,,,,,,,,,,,,,,,,,,,,,,,,,,,,,,,,,,,,,,,,,,,,,,,,,,,,,,,,,,,,,,,,,,,,,,,,,,,,,,,,,,,,,,,,,,,,,,,,,,,,,,,,,,,,,,,,,,,,,,,,,,,,,,,,,,,,,,,,,,,,,,,,,,,,,,,,,,,,,,,,,,,,,,,,,,,,,,,,,,,,,,,,,,,,,,,,,,,,,,,,,,,,,,,,,,,,,,,,,,,,,,,,,,,,,,,,,,,,,,,,,,,,,,,,,,,,,,,,,,,,,,,,,,,,,,,,,,,,,,,,,,,,,,,,,,,,,,,,,,,,,,,,,,,,,,,,,,,,,,,,,,,,,,,,,,,,,, ,Updated
TCOSTA,Thais,Costa,thais.costa@chcheli.com,Analista Contábil,Active,,8c8eb043-6853-4866-9d41-84fd5f067e33,thais.costa@chcheli.com,2026-04-20T07:16:15-07:00,2026-04-27T06:47:28-07:00,thais.costa@chcheli.com,TCOSTA,pt-BR,setting,pt-BR,setting,America/Sao_Paulo,E. South America Standard Time,system,MingleEnterprise,Infor-SuiteUser,MingleIONEnabled,HOMEPAGES-User,IDM-User,IDM-RelatedInformationUser,M3UI-USER,MASHUP-User,FGR341_RW,FGR342_RW,FGR021_RO,FGR300_RO,FGR301_RO,FGR302_RO,FGR311_RO,FGR312_RO,FGR321_RO,FGR329_RO,FGR322_RO,FGR342_RO,FGR341_RO,FGR352_RO,FGR345_RO,FGR349_RO,FGR350_RO,FGR359_RO,FGR340_RW,FGR345_RW,FGR349_RW,FGR006_RO,FGR012_RO,FGR013_RO,FGR309_RO,FGR305_RO,FGR315_RO,FGR310_RO,FGR319_RO,FGR320_RO,FGR325_RO,FGR330_RO,FGR351_RO,FGR355_RO,,,,,,,,,,,,,,,,,,,,,,,,,,,,,,,,,,,,,,,,,,,,,,,,,,,,,,,,,,,,,,,,,,,,,,,,,,,,,,,,,,,,,,,,,,,,,,,,,,,,,,,,,,,,,,,,,,,,,,,,,,,,,,,,,,,,,,,,,,,,,,,,,,,,,,,,,,,,,,,,,,,,,,,,,,,,,,,,,,,,,,,,,,,,,,,,,,,,,,,,,,,,,,,,,,,,,,,,,,,,,,,,,,,,,,,,,,,,,,,,,,,,,,,,,,,,,,,,,,,,,,,,,,,,,,,,,,,,,,,,,,,,,,,,,,,,,,,,,,,,,,,,,,,,,,,,,,,,,,,,,,,,,,,,,,,,,,,,,,,,,,,,,,,,,,,,,,,,,,,,,,,,,,,,,,,,,,,,,,,,,,,,,,,,,,,,,,,,,,,,,,,,,,,,,,,,,,,,,,,,,,,,,,,,,,,,,,,,,,,,,,,,,,,,,,,,,,,,,,,,,,,,,,,,,,,,,,,,,,,,,,,,,,,,,,,,,,,,,,,,,,,,,,,,,,,,,,,,,,,,,,,,,,,,,,,,,,,,,,,,,,,,,,,,,,,,,,,,,,,,,,,,,,,,,,,,,,,,,,,,,,,,,,,,,,,,,,,,,,,,,,,,,,,,,,,,,,,,,,,,,,,,,,,,,,,,,,,,,,, ,Updated
TFREDRIK,Trine,Fredriksen,Trine.Fredriksen@chcheli.com,,Active,,bc66c38b-0962-4968-95d1-b79b2db2f1b6,Trine.Fredriksen@chcheli.com,2026-04-20T07:16:15-07:00,,Trine.Fredriksen@chcheli.com,TFREDRIK,,,,,,,,MingleEnterprise,Infor-SuiteUser,MingleIONEnabled,HOMEPAGES-User,IDM-User,IDM-RelatedInformationUser,M3UI-USER,MASHUP-User,,,,,,,,,,,,,,,,,,,,,,,,,,,,,,,,,,,,,,,,,,,,,,,,,,,,,,,,,,,,,,,,,,,,,,,,,,,,,,,,,,,,,,,,,,,,,,,,,,,,,,,,,,,,,,,,,,,,,,,,,,,,,,,,,,,,,,,,,,,,,,,,,,,,,,,,,,,,,,,,,,,,,,,,,,,,,,,,,,,,,,,,,,,,,,,,,,,,,,,,,,,,,,,,,,,,,,,,,,,,,,,,,,,,,,,,,,,,,,,,,,,,,,,,,,,,,,,,,,,,,,,,,,,,,,,,,,,,,,,,,,,,,,,,,,,,,,,,,,,,,,,,,,,,,,,,,,,,,,,,,,,,,,,,,,,,,,,,,,,,,,,,,,,,,,,,,,,,,,,,,,,,,,,,,,,,,,,,,,,,,,,,,,,,,,,,,,,,,,,,,,,,,,,,,,,,,,,,,,,,,,,,,,,,,,,,,,,,,,,,,,,,,,,,,,,,,,,,,,,,,,,,,,,,,,,,,,,,,,,,,,,,,,,,,,,,,,,,,,,,,,,,,,,,,,,,,,,,,,,,,,,,,,,,,,,,,,,,,,,,,,,,,,,,,,,,,,,,,,,,,,,,,,,,,,,,,,,,,,,,,,,,,,,,,,,,,,,,,,,,,,,,,,,,,,,,,,,,,,,,,,,,,,,,,,,,,,,,,,,,,,,,,,,,,,,,,,,,,,,,,,,,,,,,,,,,, ,Updated
TJANSSEN,Tim,Janssen,Tim.Janssen@chcheli.com,,Active,,bed0fc1c-57d4-48ef-a336-e809ffad131a,Tim.Janssen@chcheli.com,2026-04-20T07:16:16-07:00,,Tim.Janssen@chcheli.com,TJANSSEN,,,,,,,,MingleEnterprise,Infor-SuiteUser,MingleIONEnabled,HOMEPAGES-User,IDM-User,IDM-RelatedInformationUser,M3UI-USER,MASHUP-User,,,,,,,,,,,,,,,,,,,,,,,,,,,,,,,,,,,,,,,,,,,,,,,,,,,,,,,,,,,,,,,,,,,,,,,,,,,,,,,,,,,,,,,,,,,,,,,,,,,,,,,,,,,,,,,,,,,,,,,,,,,,,,,,,,,,,,,,,,,,,,,,,,,,,,,,,,,,,,,,,,,,,,,,,,,,,,,,,,,,,,,,,,,,,,,,,,,,,,,,,,,,,,,,,,,,,,,,,,,,,,,,,,,,,,,,,,,,,,,,,,,,,,,,,,,,,,,,,,,,,,,,,,,,,,,,,,,,,,,,,,,,,,,,,,,,,,,,,,,,,,,,,,,,,,,,,,,,,,,,,,,,,,,,,,,,,,,,,,,,,,,,,,,,,,,,,,,,,,,,,,,,,,,,,,,,,,,,,,,,,,,,,,,,,,,,,,,,,,,,,,,,,,,,,,,,,,,,,,,,,,,,,,,,,,,,,,,,,,,,,,,,,,,,,,,,,,,,,,,,,,,,,,,,,,,,,,,,,,,,,,,,,,,,,,,,,,,,,,,,,,,,,,,,,,,,,,,,,,,,,,,,,,,,,,,,,,,,,,,,,,,,,,,,,,,,,,,,,,,,,,,,,,,,,,,,,,,,,,,,,,,,,,,,,,,,,,,,,,,,,,,,,,,,,,,,,,,,,,,,,,,,,,,,,,,,,,,,,,,,,,,,,,,,,,,,,,,,,,,,,,,,,,,,,,,,, ,Updated
TLAING,Tricia,Laing,Tricia.Laing@chcheli.com,,Active,,3d410a58-39ea-4b07-86d2-c78a35032aeb,Tricia.Laing@chcheli.com,2026-04-20T07:16:16-07:00,,Tricia.Laing@chcheli.com,TLAING,,,,,,,,MingleEnterprise,Infor-SuiteUser,MingleIONEnabled,HOMEPAGES-User,IDM-User,IDM-RelatedInformationUser,M3UI-USER,MASHUP-User,,,,,,,,,,,,,,,,,,,,,,,,,,,,,,,,,,,,,,,,,,,,,,,,,,,,,,,,,,,,,,,,,,,,,,,,,,,,,,,,,,,,,,,,,,,,,,,,,,,,,,,,,,,,,,,,,,,,,,,,,,,,,,,,,,,,,,,,,,,,,,,,,,,,,,,,,,,,,,,,,,,,,,,,,,,,,,,,,,,,,,,,,,,,,,,,,,,,,,,,,,,,,,,,,,,,,,,,,,,,,,,,,,,,,,,,,,,,,,,,,,,,,,,,,,,,,,,,,,,,,,,,,,,,,,,,,,,,,,,,,,,,,,,,,,,,,,,,,,,,,,,,,,,,,,,,,,,,,,,,,,,,,,,,,,,,,,,,,,,,,,,,,,,,,,,,,,,,,,,,,,,,,,,,,,,,,,,,,,,,,,,,,,,,,,,,,,,,,,,,,,,,,,,,,,,,,,,,,,,,,,,,,,,,,,,,,,,,,,,,,,,,,,,,,,,,,,,,,,,,,,,,,,,,,,,,,,,,,,,,,,,,,,,,,,,,,,,,,,,,,,,,,,,,,,,,,,,,,,,,,,,,,,,,,,,,,,,,,,,,,,,,,,,,,,,,,,,,,,,,,,,,,,,,,,,,,,,,,,,,,,,,,,,,,,,,,,,,,,,,,,,,,,,,,,,,,,,,,,,,,,,,,,,,,,,,,,,,,,,,,,,,,,,,,,,,,,,,,,,,,,,,,,,,,,,,, ,Updated
TMCCABE,Teresa,McCabe,Teresa.McCabe@chcheli.com,,Active,,d753f75b-7753-49a5-b72a-6194ac6b079b,Teresa.McCabe@chcheli.com,2026-04-20T07:16:16-07:00,,Teresa.McCabe@chcheli.com,TMCCABE,,,,,,,,MingleEnterprise,Infor-SuiteUser,MingleIONEnabled,HOMEPAGES-User,IDM-User,IDM-RelatedInformationUser,M3UI-USER,MASHUP-User,,,,,,,,,,,,,,,,,,,,,,,,,,,,,,,,,,,,,,,,,,,,,,,,,,,,,,,,,,,,,,,,,,,,,,,,,,,,,,,,,,,,,,,,,,,,,,,,,,,,,,,,,,,,,,,,,,,,,,,,,,,,,,,,,,,,,,,,,,,,,,,,,,,,,,,,,,,,,,,,,,,,,,,,,,,,,,,,,,,,,,,,,,,,,,,,,,,,,,,,,,,,,,,,,,,,,,,,,,,,,,,,,,,,,,,,,,,,,,,,,,,,,,,,,,,,,,,,,,,,,,,,,,,,,,,,,,,,,,,,,,,,,,,,,,,,,,,,,,,,,,,,,,,,,,,,,,,,,,,,,,,,,,,,,,,,,,,,,,,,,,,,,,,,,,,,,,,,,,,,,,,,,,,,,,,,,,,,,,,,,,,,,,,,,,,,,,,,,,,,,,,,,,,,,,,,,,,,,,,,,,,,,,,,,,,,,,,,,,,,,,,,,,,,,,,,,,,,,,,,,,,,,,,,,,,,,,,,,,,,,,,,,,,,,,,,,,,,,,,,,,,,,,,,,,,,,,,,,,,,,,,,,,,,,,,,,,,,,,,,,,,,,,,,,,,,,,,,,,,,,,,,,,,,,,,,,,,,,,,,,,,,,,,,,,,,,,,,,,,,,,,,,,,,,,,,,,,,,,,,,,,,,,,,,,,,,,,,,,,,,,,,,,,,,,,,,,,,,,,,,,,,,,,,,,,,, ,Updated
TOKING,tori,king,tori.king@chcheli.com,,Active,,559a45b2-4657-414b-b383-52198525499f,tori.king@chcheli.com,2026-04-20T07:16:16-07:00,,tori.king@chcheli.com,TOKING,,,,,,,,MingleEnterprise,Infor-SuiteUser,MingleIONEnabled,HOMEPAGES-User,IDM-User,IDM-RelatedInformationUser,M3UI-USER,MASHUP-User,,,,,,,,,,,,,,,,,,,,,,,,,,,,,,,,,,,,,,,,,,,,,,,,,,,,,,,,,,,,,,,,,,,,,,,,,,,,,,,,,,,,,,,,,,,,,,,,,,,,,,,,,,,,,,,,,,,,,,,,,,,,,,,,,,,,,,,,,,,,,,,,,,,,,,,,,,,,,,,,,,,,,,,,,,,,,,,,,,,,,,,,,,,,,,,,,,,,,,,,,,,,,,,,,,,,,,,,,,,,,,,,,,,,,,,,,,,,,,,,,,,,,,,,,,,,,,,,,,,,,,,,,,,,,,,,,,,,,,,,,,,,,,,,,,,,,,,,,,,,,,,,,,,,,,,,,,,,,,,,,,,,,,,,,,,,,,,,,,,,,,,,,,,,,,,,,,,,,,,,,,,,,,,,,,,,,,,,,,,,,,,,,,,,,,,,,,,,,,,,,,,,,,,,,,,,,,,,,,,,,,,,,,,,,,,,,,,,,,,,,,,,,,,,,,,,,,,,,,,,,,,,,,,,,,,,,,,,,,,,,,,,,,,,,,,,,,,,,,,,,,,,,,,,,,,,,,,,,,,,,,,,,,,,,,,,,,,,,,,,,,,,,,,,,,,,,,,,,,,,,,,,,,,,,,,,,,,,,,,,,,,,,,,,,,,,,,,,,,,,,,,,,,,,,,,,,,,,,,,,,,,,,,,,,,,,,,,,,,,,,,,,,,,,,,,,,,,,,,,,,,,,,,,,,,,,, ,Updated
TOLSON01,Piers,Tolson,Piers.Tolson@heli-one.com,,Active,,ad4e199c-e5db-4703-884a-69e86ca5bc2a,Piers.Tolson@heli-one.com,2026-04-20T07:16:16-07:00,,Piers.Tolson@heli-one.com,TOLSON01,,,,,,,,MingleEnterprise,Infor-SuiteUser,MingleIONEnabled,HOMEPAGES-User,IDM-User,IDM-RelatedInformationUser,M3UI-USER,MASHUP-User,,,,,,,,,,,,,,,,,,,,,,,,,,,,,,,,,,,,,,,,,,,,,,,,,,,,,,,,,,,,,,,,,,,,,,,,,,,,,,,,,,,,,,,,,,,,,,,,,,,,,,,,,,,,,,,,,,,,,,,,,,,,,,,,,,,,,,,,,,,,,,,,,,,,,,,,,,,,,,,,,,,,,,,,,,,,,,,,,,,,,,,,,,,,,,,,,,,,,,,,,,,,,,,,,,,,,,,,,,,,,,,,,,,,,,,,,,,,,,,,,,,,,,,,,,,,,,,,,,,,,,,,,,,,,,,,,,,,,,,,,,,,,,,,,,,,,,,,,,,,,,,,,,,,,,,,,,,,,,,,,,,,,,,,,,,,,,,,,,,,,,,,,,,,,,,,,,,,,,,,,,,,,,,,,,,,,,,,,,,,,,,,,,,,,,,,,,,,,,,,,,,,,,,,,,,,,,,,,,,,,,,,,,,,,,,,,,,,,,,,,,,,,,,,,,,,,,,,,,,,,,,,,,,,,,,,,,,,,,,,,,,,,,,,,,,,,,,,,,,,,,,,,,,,,,,,,,,,,,,,,,,,,,,,,,,,,,,,,,,,,,,,,,,,,,,,,,,,,,,,,,,,,,,,,,,,,,,,,,,,,,,,,,,,,,,,,,,,,,,,,,,,,,,,,,,,,,,,,,,,,,,,,,,,,,,,,,,,,,,,,,,,,,,,,,,,,,,,,,,,,,,,,,,,,,,,, ,Updated
TPRUE,Tim,Prue,Tim.Prue@chcheli.com,,Active,,e9185870-d274-41d9-955f-323562a27d37,Tim.Prue@chcheli.com,2026-04-20T07:16:16-07:00,,Tim.Prue@chcheli.com,TPRUE,,,,,,,,MingleEnterprise,Infor-SuiteUser,MingleIONEnabled,HOMEPAGES-User,IDM-User,IDM-RelatedInformationUser,M3UI-USER,MASHUP-User,PPEPRRO,,,,,,,,,,,,,,,,,,,,,,,,,,,,,,,,,,,,,,,,,,,,,,,,,,,,,,,,,,,,,,,,,,,,,,,,,,,,,,,,,,,,,,,,,,,,,,,,,,,,,,,,,,,,,,,,,,,,,,,,,,,,,,,,,,,,,,,,,,,,,,,,,,,,,,,,,,,,,,,,,,,,,,,,,,,,,,,,,,,,,,,,,,,,,,,,,,,,,,,,,,,,,,,,,,,,,,,,,,,,,,,,,,,,,,,,,,,,,,,,,,,,,,,,,,,,,,,,,,,,,,,,,,,,,,,,,,,,,,,,,,,,,,,,,,,,,,,,,,,,,,,,,,,,,,,,,,,,,,,,,,,,,,,,,,,,,,,,,,,,,,,,,,,,,,,,,,,,,,,,,,,,,,,,,,,,,,,,,,,,,,,,,,,,,,,,,,,,,,,,,,,,,,,,,,,,,,,,,,,,,,,,,,,,,,,,,,,,,,,,,,,,,,,,,,,,,,,,,,,,,,,,,,,,,,,,,,,,,,,,,,,,,,,,,,,,,,,,,,,,,,,,,,,,,,,,,,,,,,,,,,,,,,,,,,,,,,,,,,,,,,,,,,,,,,,,,,,,,,,,,,,,,,,,,,,,,,,,,,,,,,,,,,,,,,,,,,,,,,,,,,,,,,,,,,,,,,,,,,,,,,,,,,,,,,,,,,,,,,,,,,,,,,,,,,,,,,,,,,,,,,,,,,,,,,,, ,Updated
TRODRIGU,tuanny,rodrigues,tuanny.rodrigues@chcheli.com,,Active,,9bffe77c-06e1-4ef2-8b66-29171fd8a470,tuanny.rodrigues@chcheli.com,2026-04-20T07:16:17-07:00,,tuanny.rodrigues@chcheli.com,TRODRIGU,,,,,,,,MingleEnterprise,Infor-SuiteUser,MingleIONEnabled,HOMEPAGES-User,IDM-User,IDM-RelatedInformationUser,M3UI-USER,MASHUP-User,FGR191_RW,FGR190_RW,FGR150_RO,FGR152_RO,FGR159_RO,FGR151_RO,FGR199_RW,FGR195_RW,FGR155_RO,,,,,,,,,,,,,,,,,,,,,,,,,,,,,,,,,,,,,,,,,,,,,,,,,,,,,,,,,,,,,,,,,,,,,,,,,,,,,,,,,,,,,,,,,,,,,,,,,,,,,,,,,,,,,,,,,,,,,,,,,,,,,,,,,,,,,,,,,,,,,,,,,,,,,,,,,,,,,,,,,,,,,,,,,,,,,,,,,,,,,,,,,,,,,,,,,,,,,,,,,,,,,,,,,,,,,,,,,,,,,,,,,,,,,,,,,,,,,,,,,,,,,,,,,,,,,,,,,,,,,,,,,,,,,,,,,,,,,,,,,,,,,,,,,,,,,,,,,,,,,,,,,,,,,,,,,,,,,,,,,,,,,,,,,,,,,,,,,,,,,,,,,,,,,,,,,,,,,,,,,,,,,,,,,,,,,,,,,,,,,,,,,,,,,,,,,,,,,,,,,,,,,,,,,,,,,,,,,,,,,,,,,,,,,,,,,,,,,,,,,,,,,,,,,,,,,,,,,,,,,,,,,,,,,,,,,,,,,,,,,,,,,,,,,,,,,,,,,,,,,,,,,,,,,,,,,,,,,,,,,,,,,,,,,,,,,,,,,,,,,,,,,,,,,,,,,,,,,,,,,,,,,,,,,,,,,,,,,,,,,,,,,,,,,,,,,,,,,,,,,,,,,,,,,,,,,,,,,,,,,,,,,,,,,,,,,,,,,,,,,,,,,,,,,,,,,,,,,,,,,,,, ,Updated
TROSENBERG,Tone,Rosenberg,Tone.Rosenberg@heli-one.com,,Active,,1ba83936-4c65-4c81-8cea-7c8c1b1050b7,Tone.Rosenberg@heli-one.com,2026-04-20T07:16:17-07:00,,Tone.Rosenberg@heli-one.com,TROSENBERG,,,,,,,,MingleEnterprise,Infor-SuiteUser,MingleIONEnabled,HOMEPAGES-User,IDM-User,IDM-RelatedInformationUser,M3UI-USER,MASHUP-User,,,,,,,,,,,,,,,,,,,,,,,,,,,,,,,,,,,,,,,,,,,,,,,,,,,,,,,,,,,,,,,,,,,,,,,,,,,,,,,,,,,,,,,,,,,,,,,,,,,,,,,,,,,,,,,,,,,,,,,,,,,,,,,,,,,,,,,,,,,,,,,,,,,,,,,,,,,,,,,,,,,,,,,,,,,,,,,,,,,,,,,,,,,,,,,,,,,,,,,,,,,,,,,,,,,,,,,,,,,,,,,,,,,,,,,,,,,,,,,,,,,,,,,,,,,,,,,,,,,,,,,,,,,,,,,,,,,,,,,,,,,,,,,,,,,,,,,,,,,,,,,,,,,,,,,,,,,,,,,,,,,,,,,,,,,,,,,,,,,,,,,,,,,,,,,,,,,,,,,,,,,,,,,,,,,,,,,,,,,,,,,,,,,,,,,,,,,,,,,,,,,,,,,,,,,,,,,,,,,,,,,,,,,,,,,,,,,,,,,,,,,,,,,,,,,,,,,,,,,,,,,,,,,,,,,,,,,,,,,,,,,,,,,,,,,,,,,,,,,,,,,,,,,,,,,,,,,,,,,,,,,,,,,,,,,,,,,,,,,,,,,,,,,,,,,,,,,,,,,,,,,,,,,,,,,,,,,,,,,,,,,,,,,,,,,,,,,,,,,,,,,,,,,,,,,,,,,,,,,,,,,,,,,,,,,,,,,,,,,,,,,,,,,,,,,,,,,,,,,,,,,,,,,,,,,,, ,Updated
TTHOMASSEN,Terje,Thomassen,Terje.Thomassen@heli-one.com,,Active,,ba566909-b75e-4229-9b35-771b5ea26f01,Terje.Thomassen@heli-one.com,2026-04-20T07:16:17-07:00,,Terje.Thomassen@heli-one.com,TTHOMASSEN,,,,,,,,MingleEnterprise,Infor-SuiteUser,MingleIONEnabled,HOMEPAGES-User,IDM-User,IDM-RelatedInformationUser,M3UI-USER,MASHUP-User,,,,,,,,,,,,,,,,,,,,,,,,,,,,,,,,,,,,,,,,,,,,,,,,,,,,,,,,,,,,,,,,,,,,,,,,,,,,,,,,,,,,,,,,,,,,,,,,,,,,,,,,,,,,,,,,,,,,,,,,,,,,,,,,,,,,,,,,,,,,,,,,,,,,,,,,,,,,,,,,,,,,,,,,,,,,,,,,,,,,,,,,,,,,,,,,,,,,,,,,,,,,,,,,,,,,,,,,,,,,,,,,,,,,,,,,,,,,,,,,,,,,,,,,,,,,,,,,,,,,,,,,,,,,,,,,,,,,,,,,,,,,,,,,,,,,,,,,,,,,,,,,,,,,,,,,,,,,,,,,,,,,,,,,,,,,,,,,,,,,,,,,,,,,,,,,,,,,,,,,,,,,,,,,,,,,,,,,,,,,,,,,,,,,,,,,,,,,,,,,,,,,,,,,,,,,,,,,,,,,,,,,,,,,,,,,,,,,,,,,,,,,,,,,,,,,,,,,,,,,,,,,,,,,,,,,,,,,,,,,,,,,,,,,,,,,,,,,,,,,,,,,,,,,,,,,,,,,,,,,,,,,,,,,,,,,,,,,,,,,,,,,,,,,,,,,,,,,,,,,,,,,,,,,,,,,,,,,,,,,,,,,,,,,,,,,,,,,,,,,,,,,,,,,,,,,,,,,,,,,,,,,,,,,,,,,,,,,,,,,,,,,,,,,,,,,,,,,,,,,,,,,,,,,,,,,, ,Updated
0af59c45-054e-4b3d-b2ac-6e1017472954,Umesh,Patil,Umesh.Patil@chcheli.com,,Active,,0af59c45-054e-4b3d-b2ac-6e1017472954,Umesh.Patil@chcheli.com,2026-04-20T07:16:17-07:00,,Umesh.Patil@chcheli.com,UPATIL,,,,,,,,MingleEnterprise,Infor-SuiteUser,MingleIONEnabled,HOMEPAGES-User,IDM-User,IDM-RelatedInformationUser,M3UI-USER,MASHUP-User,FGR032_RW,FGR003_RW,FGR012_RW,FGR001_RW,FGR014_RW,FGR005_RW,FGR061_RW,FGR030_RW,FGR060_RW,FGR070_RW,FGR021_RW,FGR031_RW,FGR004_RW,FGR069_RW,FGR072_RW,FGR071_RW,FGR062_RW,FGR035_RW,FGR013_RW,FGR006_RW,FGR039_RW,FGR065_RW,FGR329_RW,FGR002_RW,FGR079_RW,FGR331_RW,FGR341_RW,FGR332_RW,FGR342_RW,FGR351_RW,FGR355_RW,FGR352_RW,FGR350_RW,FGR362_RW,FGR359_RW,FGR190_RW,FGR302_RW,FGR305_RW,FGR310_RW,FGR312_RW,FGR315_RW,FGR115_RW,FGR320_RW,FGR119_RW,FGR110_RW,FGR111_RW,FGR112_RW,FGR300_RW,FGR301_RW,FGR309_RW,FGR311_RW,FGR321_RW,FGR319_RW,FGR325_RW,FGR322_RW,FGR330_RW,FGR335_RW,FGR339_RW,FGR340_RW,FGR345_RW,FGR349_RW,FGR361_RW,FGR360_RW,FGR365_RW,FGR369_RW,FGR999_RW,FGR013_RO,,,,,,,,,,,,,,,,,,,,,,,,,,,,,,,,,,,,,,,,,,,,,,,,,,,,,,,,,,,,,,,,,,,,,,,,,,,,,,,,,,,,,,,,,,,,,,,,,,,,,,,,,,,,,,,,,,,,,,,,,,,,,,,,,,,,,,,,,,,,,,,,,,,,,,,,,,,,,,,,,,,,,,,,,,,,,,,,,,,,,,,,,,,,,,,,,,,,,,,,,,,,,,,,,,,,,,,,,,,,,,,,,,,,,,,,,,,,,,,,,,,,,,,,,,,,,,,,,,,,,,,,,,,,,,,,,,,,,,,,,,,,,,,,,,,,,,,,,,,,,,,,,,,,,,,,,,,,,,,,,,,,,,,,,,,,,,,,,,,,,,,,,,,,,,,,,,,,,,,,,,,,,,,,,,,,,,,,,,,,,,,,,,,,,,,,,,,,,,,,,,,,,,,,,,,,,,,,,,,,,,,,,,,,,,,,,,,,,,,,,,,,,,,,,,,,,,,,,,,,,,,,,,,,,,,,,,,,,,,,,,,,,,,,,,,,,,,,,,,,,,,,,,,,,,,,,,,,,,,,,,,,,,,,,,,,,,,,,,,,,,,,,,,,,,,,,,,,,,,,,,,,,,,,,,,,,,,,,,,,,,,,,,,,,,,,,,,,,,,,,,,,,, ,Updated
URITAB,Uri,Tabachnicov,Uri.Tabachnicov@heli-one.com,,Active,,84bb88f8-ab29-488f-9596-fae0d834edf8,Uri.Tabachnicov@heli-one.com,2026-04-20T07:16:17-07:00,,Uri.Tabachnicov@heli-one.com,URITAB,,,,,,,,MingleEnterprise,Infor-SuiteUser,MingleIONEnabled,HOMEPAGES-User,IDM-User,IDM-RelatedInformationUser,M3UI-USER,MASHUP-User,,,,,,,,,,,,,,,,,,,,,,,,,,,,,,,,,,,,,,,,,,,,,,,,,,,,,,,,,,,,,,,,,,,,,,,,,,,,,,,,,,,,,,,,,,,,,,,,,,,,,,,,,,,,,,,,,,,,,,,,,,,,,,,,,,,,,,,,,,,,,,,,,,,,,,,,,,,,,,,,,,,,,,,,,,,,,,,,,,,,,,,,,,,,,,,,,,,,,,,,,,,,,,,,,,,,,,,,,,,,,,,,,,,,,,,,,,,,,,,,,,,,,,,,,,,,,,,,,,,,,,,,,,,,,,,,,,,,,,,,,,,,,,,,,,,,,,,,,,,,,,,,,,,,,,,,,,,,,,,,,,,,,,,,,,,,,,,,,,,,,,,,,,,,,,,,,,,,,,,,,,,,,,,,,,,,,,,,,,,,,,,,,,,,,,,,,,,,,,,,,,,,,,,,,,,,,,,,,,,,,,,,,,,,,,,,,,,,,,,,,,,,,,,,,,,,,,,,,,,,,,,,,,,,,,,,,,,,,,,,,,,,,,,,,,,,,,,,,,,,,,,,,,,,,,,,,,,,,,,,,,,,,,,,,,,,,,,,,,,,,,,,,,,,,,,,,,,,,,,,,,,,,,,,,,,,,,,,,,,,,,,,,,,,,,,,,,,,,,,,,,,,,,,,,,,,,,,,,,,,,,,,,,,,,,,,,,,,,,,,,,,,,,,,,,,,,,,,,,,,,,,,,,,,,,,,, ,Updated
VISILVA,Victor,Silva,Victor.Silva@chcheli.com,,Active,,7d566314-d921-46e7-9918-7584f14192df,Victor.Silva@chcheli.com,2026-04-20T07:16:18-07:00,,Victor.Silva@chcheli.com,VISILVA,,,,,,,,MingleEnterprise,Infor-SuiteUser,MingleIONEnabled,HOMEPAGES-User,IDM-User,IDM-RelatedInformationUser,M3UI-USER,MASHUP-User,FGR003_RW,FGR001_RW,FGR005_RW,FGR004_RW,FGR021_RO,FGR300_RO,FGR301_RO,FGR302_RO,FGR311_RO,FGR352_RO,FGR350_RO,FGR359_RO,FGR006_RO,FGR013_RO,FGR309_RO,FGR305_RO,FGR310_RO,FGR319_RO,FGR351_RO,FGR355_RO,,,,,,,,,,,,,,,,,,,,,,,,,,,,,,,,,,,,,,,,,,,,,,,,,,,,,,,,,,,,,,,,,,,,,,,,,,,,,,,,,,,,,,,,,,,,,,,,,,,,,,,,,,,,,,,,,,,,,,,,,,,,,,,,,,,,,,,,,,,,,,,,,,,,,,,,,,,,,,,,,,,,,,,,,,,,,,,,,,,,,,,,,,,,,,,,,,,,,,,,,,,,,,,,,,,,,,,,,,,,,,,,,,,,,,,,,,,,,,,,,,,,,,,,,,,,,,,,,,,,,,,,,,,,,,,,,,,,,,,,,,,,,,,,,,,,,,,,,,,,,,,,,,,,,,,,,,,,,,,,,,,,,,,,,,,,,,,,,,,,,,,,,,,,,,,,,,,,,,,,,,,,,,,,,,,,,,,,,,,,,,,,,,,,,,,,,,,,,,,,,,,,,,,,,,,,,,,,,,,,,,,,,,,,,,,,,,,,,,,,,,,,,,,,,,,,,,,,,,,,,,,,,,,,,,,,,,,,,,,,,,,,,,,,,,,,,,,,,,,,,,,,,,,,,,,,,,,,,,,,,,,,,,,,,,,,,,,,,,,,,,,,,,,,,,,,,,,,,,,,,,,,,,,,,,,,,,,,,,,,,,,,,,,,,,,,,,,,,,,,,,,,,,,,,,,,,,,,,,,,,,,,,,,,,,,,,,,,,,,,,,,,,,,,,,,,, ,Updated
VJADHAV,vaibhav,jadhav,vaibhav.jadhav@chcheli.com,,Active,,0d632c2f-e20a-41a5-9af2-6658deef1b76,vaibhav.jadhav@chcheli.com,2026-04-20T07:16:18-07:00,,vaibhav.jadhav@chcheli.com,VJADHAV,,,,,,,,MingleEnterprise,Infor-SuiteUser,MingleIONEnabled,HOMEPAGES-User,IDM-User,IDM-RelatedInformationUser,M3UI-USER,MASHUP-User,FGR003_RW,FGR001_RW,FGR005_RW,FGR004_RW,FGR002_RW,FGR014_RO,FGR021_RO,FGR300_RO,FGR301_RO,FGR302_RO,FGR311_RO,FGR352_RO,FGR350_RO,FGR359_RO,FGR006_RO,FGR013_RO,FGR309_RO,FGR305_RO,FGR310_RO,FGR319_RO,FGR351_RO,,,,,,,,,,,,,,,,,,,,,,,,,,,,,,,,,,,,,,,,,,,,,,,,,,,,,,,,,,,,,,,,,,,,,,,,,,,,,,,,,,,,,,,,,,,,,,,,,,,,,,,,,,,,,,,,,,,,,,,,,,,,,,,,,,,,,,,,,,,,,,,,,,,,,,,,,,,,,,,,,,,,,,,,,,,,,,,,,,,,,,,,,,,,,,,,,,,,,,,,,,,,,,,,,,,,,,,,,,,,,,,,,,,,,,,,,,,,,,,,,,,,,,,,,,,,,,,,,,,,,,,,,,,,,,,,,,,,,,,,,,,,,,,,,,,,,,,,,,,,,,,,,,,,,,,,,,,,,,,,,,,,,,,,,,,,,,,,,,,,,,,,,,,,,,,,,,,,,,,,,,,,,,,,,,,,,,,,,,,,,,,,,,,,,,,,,,,,,,,,,,,,,,,,,,,,,,,,,,,,,,,,,,,,,,,,,,,,,,,,,,,,,,,,,,,,,,,,,,,,,,,,,,,,,,,,,,,,,,,,,,,,,,,,,,,,,,,,,,,,,,,,,,,,,,,,,,,,,,,,,,,,,,,,,,,,,,,,,,,,,,,,,,,,,,,,,,,,,,,,,,,,,,,,,,,,,,,,,,,,,,,,,,,,,,,,,,,,,,,,,,,,,,,,,,,,,,,,,,,,,,,,,,,,,,,,,,,,,,,,,,,,,,,,,,,, ,Updated
VMORAES,Vanessa,Moraes,Vanessa.Moraes@CHCHeli.com,Financial Analyst,Active,,62ed8de1-1e5a-4b7c-b846-7a3313952c2b,Vanessa.Moraes@CHCHeli.com,2026-04-20T07:16:18-07:00,2026-08-12T04:52:04-07:00,Vanessa.Moraes@CHCHeli.com,VMORAES,,,,,,,,MingleEnterprise,Infor-SuiteUser,MingleIONEnabled,HOMEPAGES-User,IDM-User,IDM-RelatedInformationUser,M3UI-USER,MASHUP-User,FGR341_RW,FGR342_RW,FGR021_RO,FGR300_RO,FGR301_RO,FGR302_RO,FGR311_RO,FGR312_RO,FGR321_RO,FGR329_RO,FGR322_RO,FGR342_RO,FGR341_RO,FGR352_RO,FGR345_RO,FGR349_RO,FGR350_RO,FGR359_RO,FGR340_RW,FGR345_RW,FGR349_RW,FGR006_RO,FGR012_RO,FGR013_RO,FGR309_RO,FGR305_RO,FGR315_RO,FGR310_RO,FGR319_RO,FGR320_RO,FGR325_RO,FGR330_RO,FGR351_RO,FGR355_RO,,,,,,,,,,,,,,,,,,,,,,,,,,,,,,,,,,,,,,,,,,,,,,,,,,,,,,,,,,,,,,,,,,,,,,,,,,,,,,,,,,,,,,,,,,,,,,,,,,,,,,,,,,,,,,,,,,,,,,,,,,,,,,,,,,,,,,,,,,,,,,,,,,,,,,,,,,,,,,,,,,,,,,,,,,,,,,,,,,,,,,,,,,,,,,,,,,,,,,,,,,,,,,,,,,,,,,,,,,,,,,,,,,,,,,,,,,,,,,,,,,,,,,,,,,,,,,,,,,,,,,,,,,,,,,,,,,,,,,,,,,,,,,,,,,,,,,,,,,,,,,,,,,,,,,,,,,,,,,,,,,,,,,,,,,,,,,,,,,,,,,,,,,,,,,,,,,,,,,,,,,,,,,,,,,,,,,,,,,,,,,,,,,,,,,,,,,,,,,,,,,,,,,,,,,,,,,,,,,,,,,,,,,,,,,,,,,,,,,,,,,,,,,,,,,,,,,,,,,,,,,,,,,,,,,,,,,,,,,,,,,,,,,,,,,,,,,,,,,,,,,,,,,,,,,,,,,,,,,,,,,,,,,,,,,,,,,,,,,,,,,,,,,,,,,,,,,,,,,,,,,,,,,,,,,,,,,,,,,,,,,,,,,,,,,,,,,,,,,,,,,,,,,,,,,,,,,,,,,,,,,,,,,,,,,,,,,,,,,, ,Updated
VMUDGAL,Varsha,Mudgal,Varsha.Mudgal@chcheli.com,,Active,,23b251c6-4302-4a4b-a0f7-628d12267c31,Varsha.Mudgal@chcheli.com,2026-04-20T07:16:18-07:00,,Varsha.Mudgal@chcheli.com,VMUDGAL,,,,,,,,MingleEnterprise,Infor-SuiteUser,MingleIONEnabled,HOMEPAGES-User,IDM-User,IDM-RelatedInformationUser,M3UI-USER,MASHUP-User,FGR003_RW,FGR001_RW,FGR005_RW,FGR004_RW,FGR002_RW,FGR014_RO,FGR021_RO,FGR300_RO,FGR301_RO,FGR302_RO,FGR311_RO,FGR352_RO,FGR350_RO,FGR359_RO,FGR006_RO,FGR013_RO,FGR309_RO,FGR305_RO,FGR310_RO,FGR319_RO,FGR351_RO,,,,,,,,,,,,,,,,,,,,,,,,,,,,,,,,,,,,,,,,,,,,,,,,,,,,,,,,,,,,,,,,,,,,,,,,,,,,,,,,,,,,,,,,,,,,,,,,,,,,,,,,,,,,,,,,,,,,,,,,,,,,,,,,,,,,,,,,,,,,,,,,,,,,,,,,,,,,,,,,,,,,,,,,,,,,,,,,,,,,,,,,,,,,,,,,,,,,,,,,,,,,,,,,,,,,,,,,,,,,,,,,,,,,,,,,,,,,,,,,,,,,,,,,,,,,,,,,,,,,,,,,,,,,,,,,,,,,,,,,,,,,,,,,,,,,,,,,,,,,,,,,,,,,,,,,,,,,,,,,,,,,,,,,,,,,,,,,,,,,,,,,,,,,,,,,,,,,,,,,,,,,,,,,,,,,,,,,,,,,,,,,,,,,,,,,,,,,,,,,,,,,,,,,,,,,,,,,,,,,,,,,,,,,,,,,,,,,,,,,,,,,,,,,,,,,,,,,,,,,,,,,,,,,,,,,,,,,,,,,,,,,,,,,,,,,,,,,,,,,,,,,,,,,,,,,,,,,,,,,,,,,,,,,,,,,,,,,,,,,,,,,,,,,,,,,,,,,,,,,,,,,,,,,,,,,,,,,,,,,,,,,,,,,,,,,,,,,,,,,,,,,,,,,,,,,,,,,,,,,,,,,,,,,,,,,,,,,,,,,,,,,,,,,,,,, ,Updated
VREITAN,Veronica,Reitan,Veronica.Reitan@chcheli.com,,Active,,159c0926-9c82-4231-b90d-7f5aa5fe9f0f,Veronica.Reitan@chcheli.com,2026-04-20T07:16:18-07:00,,Veronica.Reitan@chcheli.com,VREITAN,,,,,,,,MingleEnterprise,Infor-SuiteUser,MingleIONEnabled,HOMEPAGES-User,IDM-User,IDM-RelatedInformationUser,M3UI-USER,MASHUP-User,FGR014_RO,FGR301_RO,FGR311_RO,FGR312_RO,FGR352_RO,FGR350_RO,FGR359_RO,FGR006_RO,FGR012_RO,FGR315_RO,FGR310_RO,FGR319_RO,FGR351_RO,FGR355_RO,,,,,,,,,,,,,,,,,,,,,,,,,,,,,,,,,,,,,,,,,,,,,,,,,,,,,,,,,,,,,,,,,,,,,,,,,,,,,,,,,,,,,,,,,,,,,,,,,,,,,,,,,,,,,,,,,,,,,,,,,,,,,,,,,,,,,,,,,,,,,,,,,,,,,,,,,,,,,,,,,,,,,,,,,,,,,,,,,,,,,,,,,,,,,,,,,,,,,,,,,,,,,,,,,,,,,,,,,,,,,,,,,,,,,,,,,,,,,,,,,,,,,,,,,,,,,,,,,,,,,,,,,,,,,,,,,,,,,,,,,,,,,,,,,,,,,,,,,,,,,,,,,,,,,,,,,,,,,,,,,,,,,,,,,,,,,,,,,,,,,,,,,,,,,,,,,,,,,,,,,,,,,,,,,,,,,,,,,,,,,,,,,,,,,,,,,,,,,,,,,,,,,,,,,,,,,,,,,,,,,,,,,,,,,,,,,,,,,,,,,,,,,,,,,,,,,,,,,,,,,,,,,,,,,,,,,,,,,,,,,,,,,,,,,,,,,,,,,,,,,,,,,,,,,,,,,,,,,,,,,,,,,,,,,,,,,,,,,,,,,,,,,,,,,,,,,,,,,,,,,,,,,,,,,,,,,,,,,,,,,,,,,,,,,,,,,,,,,,,,,,,,,,,,,,,,,,,,,,,,,,,,,,,,,,,,,,,,,,,,,,,,,,,,,,,,,,,,,,, ,Updated
VSATPUTE,vaibhav,satpute,vaibhav.satpute@chcheli.com,,Active,,2b47b5f0-ab17-467a-ae09-8fcaf9f8d859,vaibhav.satpute@chcheli.com,2026-04-20T07:16:19-07:00,,vaibhav.satpute@chcheli.com,VSATPUTE,,,,,,,,MingleEnterprise,Infor-SuiteUser,MingleIONEnabled,HOMEPAGES-User,IDM-User,IDM-RelatedInformationUser,M3UI-USER,MASHUP-User,FGR003_RW,FGR001_RW,FGR005_RW,FGR004_RW,FGR002_RW,FGR014_RO,FGR021_RO,FGR300_RO,FGR301_RO,FGR302_RO,FGR311_RO,FGR352_RO,FGR350_RO,FGR359_RO,FGR006_RO,FGR013_RO,FGR309_RO,FGR305_RO,FGR310_RO,FGR319_RO,FGR351_RO,,,,,,,,,,,,,,,,,,,,,,,,,,,,,,,,,,,,,,,,,,,,,,,,,,,,,,,,,,,,,,,,,,,,,,,,,,,,,,,,,,,,,,,,,,,,,,,,,,,,,,,,,,,,,,,,,,,,,,,,,,,,,,,,,,,,,,,,,,,,,,,,,,,,,,,,,,,,,,,,,,,,,,,,,,,,,,,,,,,,,,,,,,,,,,,,,,,,,,,,,,,,,,,,,,,,,,,,,,,,,,,,,,,,,,,,,,,,,,,,,,,,,,,,,,,,,,,,,,,,,,,,,,,,,,,,,,,,,,,,,,,,,,,,,,,,,,,,,,,,,,,,,,,,,,,,,,,,,,,,,,,,,,,,,,,,,,,,,,,,,,,,,,,,,,,,,,,,,,,,,,,,,,,,,,,,,,,,,,,,,,,,,,,,,,,,,,,,,,,,,,,,,,,,,,,,,,,,,,,,,,,,,,,,,,,,,,,,,,,,,,,,,,,,,,,,,,,,,,,,,,,,,,,,,,,,,,,,,,,,,,,,,,,,,,,,,,,,,,,,,,,,,,,,,,,,,,,,,,,,,,,,,,,,,,,,,,,,,,,,,,,,,,,,,,,,,,,,,,,,,,,,,,,,,,,,,,,,,,,,,,,,,,,,,,,,,,,,,,,,,,,,,,,,,,,,,,,,,,,,,,,,,,,,,,,,,,,,,,,,,,,,,,,,,,,, ,Updated
WACARVEL,Wallace,Carvel,Wallace.Carvel@CHCHeli.com,,Active,,40d8b03b-f478-479c-a3cc-8ebf16098782,Wallace.Carvel@CHCHeli.com,2026-04-20T07:16:19-07:00,,Wallace.Carvel@CHCHeli.com,WACARVEL,,,,,,,,MingleEnterprise,Infor-SuiteUser,MingleIONEnabled,HOMEPAGES-User,IDM-User,IDM-RelatedInformationUser,M3UI-USER,MASHUP-User,FGR191_RW,FGR190_RW,FGR150_RO,FGR152_RO,FGR159_RO,FGR151_RO,FGR199_RW,FGR195_RW,FGR155_RO,,,,,,,,,,,,,,,,,,,,,,,,,,,,,,,,,,,,,,,,,,,,,,,,,,,,,,,,,,,,,,,,,,,,,,,,,,,,,,,,,,,,,,,,,,,,,,,,,,,,,,,,,,,,,,,,,,,,,,,,,,,,,,,,,,,,,,,,,,,,,,,,,,,,,,,,,,,,,,,,,,,,,,,,,,,,,,,,,,,,,,,,,,,,,,,,,,,,,,,,,,,,,,,,,,,,,,,,,,,,,,,,,,,,,,,,,,,,,,,,,,,,,,,,,,,,,,,,,,,,,,,,,,,,,,,,,,,,,,,,,,,,,,,,,,,,,,,,,,,,,,,,,,,,,,,,,,,,,,,,,,,,,,,,,,,,,,,,,,,,,,,,,,,,,,,,,,,,,,,,,,,,,,,,,,,,,,,,,,,,,,,,,,,,,,,,,,,,,,,,,,,,,,,,,,,,,,,,,,,,,,,,,,,,,,,,,,,,,,,,,,,,,,,,,,,,,,,,,,,,,,,,,,,,,,,,,,,,,,,,,,,,,,,,,,,,,,,,,,,,,,,,,,,,,,,,,,,,,,,,,,,,,,,,,,,,,,,,,,,,,,,,,,,,,,,,,,,,,,,,,,,,,,,,,,,,,,,,,,,,,,,,,,,,,,,,,,,,,,,,,,,,,,,,,,,,,,,,,,,,,,,,,,,,,,,,,,,,,,,,,,,,,,,,,,,,,,,,,,,,,,,, ,Updated
WCAMARGO,Wellington,Camargo,Wellington.Camargo@chcheli.com,,Active,,f0fb80b8-9ab1-46df-a7a4-d9dba6c20179,Wellington.Camargo@chcheli.com,2026-04-20T07:16:19-07:00,,Wellington.Camargo@chcheli.com,WCAMARGO,,,,,,,,MingleEnterprise,Infor-SuiteUser,MingleIONEnabled,HOMEPAGES-User,IDM-User,IDM-RelatedInformationUser,M3UI-USER,MASHUP-User,FGR191_RW,FGR190_RW,FGR150_RO,FGR152_RO,FGR159_RO,FGR151_RO,FGR199_RW,FGR195_RW,FGR155_RO,,,,,,,,,,,,,,,,,,,,,,,,,,,,,,,,,,,,,,,,,,,,,,,,,,,,,,,,,,,,,,,,,,,,,,,,,,,,,,,,,,,,,,,,,,,,,,,,,,,,,,,,,,,,,,,,,,,,,,,,,,,,,,,,,,,,,,,,,,,,,,,,,,,,,,,,,,,,,,,,,,,,,,,,,,,,,,,,,,,,,,,,,,,,,,,,,,,,,,,,,,,,,,,,,,,,,,,,,,,,,,,,,,,,,,,,,,,,,,,,,,,,,,,,,,,,,,,,,,,,,,,,,,,,,,,,,,,,,,,,,,,,,,,,,,,,,,,,,,,,,,,,,,,,,,,,,,,,,,,,,,,,,,,,,,,,,,,,,,,,,,,,,,,,,,,,,,,,,,,,,,,,,,,,,,,,,,,,,,,,,,,,,,,,,,,,,,,,,,,,,,,,,,,,,,,,,,,,,,,,,,,,,,,,,,,,,,,,,,,,,,,,,,,,,,,,,,,,,,,,,,,,,,,,,,,,,,,,,,,,,,,,,,,,,,,,,,,,,,,,,,,,,,,,,,,,,,,,,,,,,,,,,,,,,,,,,,,,,,,,,,,,,,,,,,,,,,,,,,,,,,,,,,,,,,,,,,,,,,,,,,,,,,,,,,,,,,,,,,,,,,,,,,,,,,,,,,,,,,,,,,,,,,,,,,,,,,,,,,,,,,,,,,,,,,,,,,,,,,,,,,,, ,Updated
WECAMARGO,Wemerson,Camargo,Wemerson.Camargo@heli-one.com,,Active,,51e59467-fce0-4bd7-9453-af02fc5d4813,Wemerson.Camargo@heli-one.com,2026-04-20T07:16:19-07:00,,Wemerson.Camargo@heli-one.com,WECAMARGO,,,,,,,,MingleEnterprise,Infor-SuiteUser,MingleIONEnabled,HOMEPAGES-User,IDM-User,IDM-RelatedInformationUser,M3UI-USER,MASHUP-User,FGR191_RW,FGR190_RW,FGR150_RO,FGR152_RO,FGR159_RO,FGR151_RO,FGR199_RW,FGR195_RW,FGR155_RO,,,,,,,,,,,,,,,,,,,,,,,,,,,,,,,,,,,,,,,,,,,,,,,,,,,,,,,,,,,,,,,,,,,,,,,,,,,,,,,,,,,,,,,,,,,,,,,,,,,,,,,,,,,,,,,,,,,,,,,,,,,,,,,,,,,,,,,,,,,,,,,,,,,,,,,,,,,,,,,,,,,,,,,,,,,,,,,,,,,,,,,,,,,,,,,,,,,,,,,,,,,,,,,,,,,,,,,,,,,,,,,,,,,,,,,,,,,,,,,,,,,,,,,,,,,,,,,,,,,,,,,,,,,,,,,,,,,,,,,,,,,,,,,,,,,,,,,,,,,,,,,,,,,,,,,,,,,,,,,,,,,,,,,,,,,,,,,,,,,,,,,,,,,,,,,,,,,,,,,,,,,,,,,,,,,,,,,,,,,,,,,,,,,,,,,,,,,,,,,,,,,,,,,,,,,,,,,,,,,,,,,,,,,,,,,,,,,,,,,,,,,,,,,,,,,,,,,,,,,,,,,,,,,,,,,,,,,,,,,,,,,,,,,,,,,,,,,,,,,,,,,,,,,,,,,,,,,,,,,,,,,,,,,,,,,,,,,,,,,,,,,,,,,,,,,,,,,,,,,,,,,,,,,,,,,,,,,,,,,,,,,,,,,,,,,,,,,,,,,,,,,,,,,,,,,,,,,,,,,,,,,,,,,,,,,,,,,,,,,,,,,,,,,,,,,,,,,,,,,,,,,, ,Updated
WESILVA,Wellington,Silva2,Wellington.Silva2@chcheli.com,,Active,,928f7199-ae84-4ef4-9d2e-8ab53e8c7bb8,Wellington.Silva2@chcheli.com,2026-04-20T07:16:19-07:00,,Wellington.Silva2@chcheli.com,WESILVA,,,,,,,,MingleEnterprise,Infor-SuiteUser,MingleIONEnabled,HOMEPAGES-User,IDM-User,IDM-RelatedInformationUser,M3UI-USER,MASHUP-User,FGR191_RW,FGR190_RW,FGR150_RO,FGR152_RO,FGR159_RO,FGR151_RO,FGR199_RW,FGR195_RW,FGR155_RO,,,,,,,,,,,,,,,,,,,,,,,,,,,,,,,,,,,,,,,,,,,,,,,,,,,,,,,,,,,,,,,,,,,,,,,,,,,,,,,,,,,,,,,,,,,,,,,,,,,,,,,,,,,,,,,,,,,,,,,,,,,,,,,,,,,,,,,,,,,,,,,,,,,,,,,,,,,,,,,,,,,,,,,,,,,,,,,,,,,,,,,,,,,,,,,,,,,,,,,,,,,,,,,,,,,,,,,,,,,,,,,,,,,,,,,,,,,,,,,,,,,,,,,,,,,,,,,,,,,,,,,,,,,,,,,,,,,,,,,,,,,,,,,,,,,,,,,,,,,,,,,,,,,,,,,,,,,,,,,,,,,,,,,,,,,,,,,,,,,,,,,,,,,,,,,,,,,,,,,,,,,,,,,,,,,,,,,,,,,,,,,,,,,,,,,,,,,,,,,,,,,,,,,,,,,,,,,,,,,,,,,,,,,,,,,,,,,,,,,,,,,,,,,,,,,,,,,,,,,,,,,,,,,,,,,,,,,,,,,,,,,,,,,,,,,,,,,,,,,,,,,,,,,,,,,,,,,,,,,,,,,,,,,,,,,,,,,,,,,,,,,,,,,,,,,,,,,,,,,,,,,,,,,,,,,,,,,,,,,,,,,,,,,,,,,,,,,,,,,,,,,,,,,,,,,,,,,,,,,,,,,,,,,,,,,,,,,,,,,,,,,,,,,,,,,,,,,,,,,,,,,, ,Updated
WESPEDAL,Wenche,Espedal,Wenche.Espedal@heli-one.com,,Active,,73d46df1-fec5-49be-a6d5-1a7bf0ebe63a,Wenche.Espedal@heli-one.com,2026-04-20T07:16:19-07:00,,Wenche.Espedal@heli-one.com,WESPEDAL,,,,,,,,MingleEnterprise,Infor-SuiteUser,MingleIONEnabled,HOMEPAGES-User,IDM-User,IDM-RelatedInformationUser,M3UI-USER,MASHUP-User,,,,,,,,,,,,,,,,,,,,,,,,,,,,,,,,,,,,,,,,,,,,,,,,,,,,,,,,,,,,,,,,,,,,,,,,,,,,,,,,,,,,,,,,,,,,,,,,,,,,,,,,,,,,,,,,,,,,,,,,,,,,,,,,,,,,,,,,,,,,,,,,,,,,,,,,,,,,,,,,,,,,,,,,,,,,,,,,,,,,,,,,,,,,,,,,,,,,,,,,,,,,,,,,,,,,,,,,,,,,,,,,,,,,,,,,,,,,,,,,,,,,,,,,,,,,,,,,,,,,,,,,,,,,,,,,,,,,,,,,,,,,,,,,,,,,,,,,,,,,,,,,,,,,,,,,,,,,,,,,,,,,,,,,,,,,,,,,,,,,,,,,,,,,,,,,,,,,,,,,,,,,,,,,,,,,,,,,,,,,,,,,,,,,,,,,,,,,,,,,,,,,,,,,,,,,,,,,,,,,,,,,,,,,,,,,,,,,,,,,,,,,,,,,,,,,,,,,,,,,,,,,,,,,,,,,,,,,,,,,,,,,,,,,,,,,,,,,,,,,,,,,,,,,,,,,,,,,,,,,,,,,,,,,,,,,,,,,,,,,,,,,,,,,,,,,,,,,,,,,,,,,,,,,,,,,,,,,,,,,,,,,,,,,,,,,,,,,,,,,,,,,,,,,,,,,,,,,,,,,,,,,,,,,,,,,,,,,,,,,,,,,,,,,,,,,,,,,,,,,,,,,,,,,,,,,, ,Updated
WIJGER01,Bert,van.de.Wijgerd,Bert.van.de.Wijgerd@chcheli.com,,Active,,e5b73b03-c7cf-4997-9b44-ba85227ef7c2,Bert.van.de.Wijgerd@chcheli.com,2026-04-20T07:16:19-07:00,,Bert.van.de.Wijgerd@chcheli.com,WIJGER01,,,,,,,,MingleEnterprise,Infor-SuiteUser,MingleIONEnabled,HOMEPAGES-User,IDM-User,IDM-RelatedInformationUser,M3UI-USER,MASHUP-User,PPEPRRO,,,,,,,,,,,,,,,,,,,,,,,,,,,,,,,,,,,,,,,,,,,,,,,,,,,,,,,,,,,,,,,,,,,,,,,,,,,,,,,,,,,,,,,,,,,,,,,,,,,,,,,,,,,,,,,,,,,,,,,,,,,,,,,,,,,,,,,,,,,,,,,,,,,,,,,,,,,,,,,,,,,,,,,,,,,,,,,,,,,,,,,,,,,,,,,,,,,,,,,,,,,,,,,,,,,,,,,,,,,,,,,,,,,,,,,,,,,,,,,,,,,,,,,,,,,,,,,,,,,,,,,,,,,,,,,,,,,,,,,,,,,,,,,,,,,,,,,,,,,,,,,,,,,,,,,,,,,,,,,,,,,,,,,,,,,,,,,,,,,,,,,,,,,,,,,,,,,,,,,,,,,,,,,,,,,,,,,,,,,,,,,,,,,,,,,,,,,,,,,,,,,,,,,,,,,,,,,,,,,,,,,,,,,,,,,,,,,,,,,,,,,,,,,,,,,,,,,,,,,,,,,,,,,,,,,,,,,,,,,,,,,,,,,,,,,,,,,,,,,,,,,,,,,,,,,,,,,,,,,,,,,,,,,,,,,,,,,,,,,,,,,,,,,,,,,,,,,,,,,,,,,,,,,,,,,,,,,,,,,,,,,,,,,,,,,,,,,,,,,,,,,,,,,,,,,,,,,,,,,,,,,,,,,,,,,,,,,,,,,,,,,,,,,,,,,,,,,,,,,,,,,,,,,,,,,, ,Updated
WMENDONC,Wallace,Mendonca,Wallace.Mendonca@chcheli.com,,Active,,e8ea4f9b-9212-432a-8a9b-7871524a68f3,Wallace.Mendonca@chcheli.com,2026-04-20T07:16:20-07:00,,Wallace.Mendonca@chcheli.com,WMENDONC,,,,,,,,MingleEnterprise,Infor-SuiteUser,MingleIONEnabled,HOMEPAGES-User,IDM-User,IDM-RelatedInformationUser,M3UI-USER,MASHUP-User,FGR191_RW,FGR190_RW,FGR150_RO,FGR152_RO,FGR159_RO,FGR151_RO,FGR199_RW,FGR195_RW,FGR155_RO,,,,,,,,,,,,,,,,,,,,,,,,,,,,,,,,,,,,,,,,,,,,,,,,,,,,,,,,,,,,,,,,,,,,,,,,,,,,,,,,,,,,,,,,,,,,,,,,,,,,,,,,,,,,,,,,,,,,,,,,,,,,,,,,,,,,,,,,,,,,,,,,,,,,,,,,,,,,,,,,,,,,,,,,,,,,,,,,,,,,,,,,,,,,,,,,,,,,,,,,,,,,,,,,,,,,,,,,,,,,,,,,,,,,,,,,,,,,,,,,,,,,,,,,,,,,,,,,,,,,,,,,,,,,,,,,,,,,,,,,,,,,,,,,,,,,,,,,,,,,,,,,,,,,,,,,,,,,,,,,,,,,,,,,,,,,,,,,,,,,,,,,,,,,,,,,,,,,,,,,,,,,,,,,,,,,,,,,,,,,,,,,,,,,,,,,,,,,,,,,,,,,,,,,,,,,,,,,,,,,,,,,,,,,,,,,,,,,,,,,,,,,,,,,,,,,,,,,,,,,,,,,,,,,,,,,,,,,,,,,,,,,,,,,,,,,,,,,,,,,,,,,,,,,,,,,,,,,,,,,,,,,,,,,,,,,,,,,,,,,,,,,,,,,,,,,,,,,,,,,,,,,,,,,,,,,,,,,,,,,,,,,,,,,,,,,,,,,,,,,,,,,,,,,,,,,,,,,,,,,,,,,,,,,,,,,,,,,,,,,,,,,,,,,,,,,,,,,,,,,,,,, ,Updated
WSTEWART,Will,Stewart,Will.Stewart@chcheli.com,,Active,,5dfa145f-ba26-47d0-87b5-a050dda8d61f,Will.Stewart@chcheli.com,2026-04-20T07:16:20-07:00,,Will.Stewart@chcheli.com,WSTEWART,,,,,,,,MingleEnterprise,Infor-SuiteUser,MingleIONEnabled,HOMEPAGES-User,IDM-User,IDM-RelatedInformationUser,M3UI-USER,MASHUP-User,,,,,,,,,,,,,,,,,,,,,,,,,,,,,,,,,,,,,,,,,,,,,,,,,,,,,,,,,,,,,,,,,,,,,,,,,,,,,,,,,,,,,,,,,,,,,,,,,,,,,,,,,,,,,,,,,,,,,,,,,,,,,,,,,,,,,,,,,,,,,,,,,,,,,,,,,,,,,,,,,,,,,,,,,,,,,,,,,,,,,,,,,,,,,,,,,,,,,,,,,,,,,,,,,,,,,,,,,,,,,,,,,,,,,,,,,,,,,,,,,,,,,,,,,,,,,,,,,,,,,,,,,,,,,,,,,,,,,,,,,,,,,,,,,,,,,,,,,,,,,,,,,,,,,,,,,,,,,,,,,,,,,,,,,,,,,,,,,,,,,,,,,,,,,,,,,,,,,,,,,,,,,,,,,,,,,,,,,,,,,,,,,,,,,,,,,,,,,,,,,,,,,,,,,,,,,,,,,,,,,,,,,,,,,,,,,,,,,,,,,,,,,,,,,,,,,,,,,,,,,,,,,,,,,,,,,,,,,,,,,,,,,,,,,,,,,,,,,,,,,,,,,,,,,,,,,,,,,,,,,,,,,,,,,,,,,,,,,,,,,,,,,,,,,,,,,,,,,,,,,,,,,,,,,,,,,,,,,,,,,,,,,,,,,,,,,,,,,,,,,,,,,,,,,,,,,,,,,,,,,,,,,,,,,,,,,,,,,,,,,,,,,,,,,,,,,,,,,,,,,,,,,,,,,,,,, ,Updated
WSZCZEPA,Witold,Szczepanski,Witold.Szczepanski@heli-one.com,,Active,,3e69d29a-4d2a-4bfa-86ef-18ebb43adc88,Witold.Szczepanski@heli-one.com,2026-04-20T07:16:20-07:00,,Witold.Szczepanski@heli-one.com,WSZCZEPA,,,,,,,,MingleEnterprise,Infor-SuiteUser,MingleIONEnabled,HOMEPAGES-User,IDM-User,IDM-RelatedInformationUser,M3UI-USER,MASHUP-User,,,,,,,,,,,,,,,,,,,,,,,,,,,,,,,,,,,,,,,,,,,,,,,,,,,,,,,,,,,,,,,,,,,,,,,,,,,,,,,,,,,,,,,,,,,,,,,,,,,,,,,,,,,,,,,,,,,,,,,,,,,,,,,,,,,,,,,,,,,,,,,,,,,,,,,,,,,,,,,,,,,,,,,,,,,,,,,,,,,,,,,,,,,,,,,,,,,,,,,,,,,,,,,,,,,,,,,,,,,,,,,,,,,,,,,,,,,,,,,,,,,,,,,,,,,,,,,,,,,,,,,,,,,,,,,,,,,,,,,,,,,,,,,,,,,,,,,,,,,,,,,,,,,,,,,,,,,,,,,,,,,,,,,,,,,,,,,,,,,,,,,,,,,,,,,,,,,,,,,,,,,,,,,,,,,,,,,,,,,,,,,,,,,,,,,,,,,,,,,,,,,,,,,,,,,,,,,,,,,,,,,,,,,,,,,,,,,,,,,,,,,,,,,,,,,,,,,,,,,,,,,,,,,,,,,,,,,,,,,,,,,,,,,,,,,,,,,,,,,,,,,,,,,,,,,,,,,,,,,,,,,,,,,,,,,,,,,,,,,,,,,,,,,,,,,,,,,,,,,,,,,,,,,,,,,,,,,,,,,,,,,,,,,,,,,,,,,,,,,,,,,,,,,,,,,,,,,,,,,,,,,,,,,,,,,,,,,,,,,,,,,,,,,,,,,,,,,,,,,,,,,,,,,,,,,,, ,Updated
XHU,Sam,Hu,Sam.Hu@chcheli.com,,Active,,202ae493-0cd8-42e2-ac17-9a59dbecc91c,Sam.Hu@chcheli.com,2026-04-20T07:16:20-07:00,,Sam.Hu@chcheli.com,XHU,,,,,,,,MingleEnterprise,Infor-SuiteUser,MingleIONEnabled,HOMEPAGES-User,IDM-User,IDM-RelatedInformationUser,M3UI-USER,MASHUP-User,,,,,,,,,,,,,,,,,,,,,,,,,,,,,,,,,,,,,,,,,,,,,,,,,,,,,,,,,,,,,,,,,,,,,,,,,,,,,,,,,,,,,,,,,,,,,,,,,,,,,,,,,,,,,,,,,,,,,,,,,,,,,,,,,,,,,,,,,,,,,,,,,,,,,,,,,,,,,,,,,,,,,,,,,,,,,,,,,,,,,,,,,,,,,,,,,,,,,,,,,,,,,,,,,,,,,,,,,,,,,,,,,,,,,,,,,,,,,,,,,,,,,,,,,,,,,,,,,,,,,,,,,,,,,,,,,,,,,,,,,,,,,,,,,,,,,,,,,,,,,,,,,,,,,,,,,,,,,,,,,,,,,,,,,,,,,,,,,,,,,,,,,,,,,,,,,,,,,,,,,,,,,,,,,,,,,,,,,,,,,,,,,,,,,,,,,,,,,,,,,,,,,,,,,,,,,,,,,,,,,,,,,,,,,,,,,,,,,,,,,,,,,,,,,,,,,,,,,,,,,,,,,,,,,,,,,,,,,,,,,,,,,,,,,,,,,,,,,,,,,,,,,,,,,,,,,,,,,,,,,,,,,,,,,,,,,,,,,,,,,,,,,,,,,,,,,,,,,,,,,,,,,,,,,,,,,,,,,,,,,,,,,,,,,,,,,,,,,,,,,,,,,,,,,,,,,,,,,,,,,,,,,,,,,,,,,,,,,,,,,,,,,,,,,,,,,,,,,,,,,,,,,,,,,,,,, ,Updated
YWAYKAR,Yukta,Waykar,Yukta.Waykar@CHCHeli.com,,Active,,1652216b-9cca-41c3-9811-0615ed637f3d,Yukta.Waykar@CHCHeli.com,2026-04-20T07:16:20-07:00,,Yukta.Waykar@CHCHeli.com,YWAYKAR,,,,,,,,MingleEnterprise,Infor-SuiteUser,MingleIONEnabled,HOMEPAGES-User,IDM-User,IDM-RelatedInformationUser,M3UI-USER,MASHUP-User,FGR003_RW,FGR001_RW,FGR005_RW,FGR004_RW,FGR002_RW,FGR014_RO,FGR021_RO,FGR300_RO,FGR301_RO,FGR302_RO,FGR311_RO,FGR352_RO,FGR350_RO,FGR359_RO,FGR006_RO,FGR013_RO,FGR309_RO,FGR305_RO,FGR310_RO,FGR319_RO,FGR351_RO,,,,,,,,,,,,,,,,,,,,,,,,,,,,,,,,,,,,,,,,,,,,,,,,,,,,,,,,,,,,,,,,,,,,,,,,,,,,,,,,,,,,,,,,,,,,,,,,,,,,,,,,,,,,,,,,,,,,,,,,,,,,,,,,,,,,,,,,,,,,,,,,,,,,,,,,,,,,,,,,,,,,,,,,,,,,,,,,,,,,,,,,,,,,,,,,,,,,,,,,,,,,,,,,,,,,,,,,,,,,,,,,,,,,,,,,,,,,,,,,,,,,,,,,,,,,,,,,,,,,,,,,,,,,,,,,,,,,,,,,,,,,,,,,,,,,,,,,,,,,,,,,,,,,,,,,,,,,,,,,,,,,,,,,,,,,,,,,,,,,,,,,,,,,,,,,,,,,,,,,,,,,,,,,,,,,,,,,,,,,,,,,,,,,,,,,,,,,,,,,,,,,,,,,,,,,,,,,,,,,,,,,,,,,,,,,,,,,,,,,,,,,,,,,,,,,,,,,,,,,,,,,,,,,,,,,,,,,,,,,,,,,,,,,,,,,,,,,,,,,,,,,,,,,,,,,,,,,,,,,,,,,,,,,,,,,,,,,,,,,,,,,,,,,,,,,,,,,,,,,,,,,,,,,,,,,,,,,,,,,,,,,,,,,,,,,,,,,,,,,,,,,,,,,,,,,,,,,,,,,,,,,,,,,,,,,,,,,,,,,,,,,,,,,,,,, ,Updated
