MMCONO|MMDIVI|MMITNO|MMCFIS|MMIIPI|MMCIPI|MMXPI1|MMCPIS|MMRPIS|MMCOFI|MMXCCO|MMRCOF|MMXIMP|MMIORI|MMXSAT|MMRGDT|MMRGTM|MMLMDT|MMCHID|MMCHNO|MMEXIP|MMBICM|MMBCST|MMVPIS|MMVCOF|MMFCIN|MMGTIN|MMIMPA|MMEXOA|MMIMPE|MMUNMS|MMCOPI|MMXIPF|MMXICS|MMXITT|MMXSTP|MMXRSC|MMXIIC|MMLMTS
1|801|0-16BAR|39199090|0|0|0|0|0|0|0|0|0|1|3|20260601|182736|20260715|ABENAVIDES|2||3|0|0|0|||0|0|0|PC|0|0|0|||0||1784122438511
1|801|0.020 7075 T6 1|90212900|0|0|0|0|0|0|0|0|0|1|3|20260601|182736|20260715|ABENAVIDES|2||3|0|0|0|||0|0|0|PC|0|0|0|||0||1784122438523
1|801|0000450530|73269090|0|0|0|0|0|0|0|0|0|1|3|20260601|182736|20260715|ABENAVIDES|2||3|0|0|0|||0|0|0|PC|0|0|0|||0||1784122438531
1|801|00031042|63072000|0|0|0|0|0|0|0|0|0|1|3|20260601|182736|20260715|ABENAVIDES|2||3|0|0|0|||0|0|0|UN|0|0|0|||0||1784122438541
1|801|00051312|89031900|0|0|0|0|0|0|0|0|0|1|3|20260601|182736|20260715|ABENAVIDES|2||3|0|0|0|||0|0|0|UN|0|0|0|||0||1784122438551
1|801|001104-200-02|85389090|0|0|0|0|0|0|0|0|0|1|3|20260601|182736|20260715|ABENAVIDES|2||3|0|0|0|||0|0|0|PC|0|0|0|||0||1784122438559
1|801|001105-202-02|85364100|0|0|0|0|0|0|0|0|0|1|3|20260601|182736|20260715|ABENAVIDES|2||3|0|0|0|||0|0|0|PC|0|0|0|||0||1784122438568
1|801|00375-2003-0000|85392110|0|0|0|0|0|0|0|0|0|1|3|20260601|182736|20260715|ABENAVIDES|2||3|0|0|0|||0|0|0|PC|0|0|0|||0||1784122438576
1|801|00462|40169300|0|0|0|0|0|0|0|0|0|1|3|20260601|182736|20260715|ABENAVIDES|2||3|0|0|0|||0|0|0|PC|0|0|0|||0||1784122438584
1|801|005-8414-010|34029039|0|0|0|0|0|0|0|0|0|1|3|20260601|182736|20260715|ABENAVIDES|2||3|0|0|0|||0|0|0|PC|0|0|0|||0||1784122438593
1|801|007923|90314990|0|0|0|0|0|0|0|0|0|1|3|20260601|182736|20260715|ABENAVIDES|2||3|0|0|0|||0|0|0|PC|0|0|0|||0||1784122438600
1|801|0090002574|88073000|0|0|0|0|0|0|0|0|0|1|3|20260601|182736|20260715|ABENAVIDES|2||3|0|0|0|||0|0|0|PC|0|0|0|||0||1784122438608
1|801|01-0770028-05|85044090|0|0|0|0|0|0|0|0|0|1|3|20260601|182736|20260715|ABENAVIDES|2||3|0|0|0|||0|0|0|UN|0|0|0|||0||1784122438616
1|801|01-1127-0000|73269090|0|0|0|0|0|0|0|0|0|1|3|20260601|182736|20260715|ABENAVIDES|2||3|0|0|0|||0|0|0|UN|0|0|0|||0||1784122438623
1|801|010032|88073000|0|0|0|0|0|0|0|0|0|1|3|20260601|182736|20260715|ABENAVIDES|2||3|0|0|0|||0|0|0|PC|0|0|0|||0||1784122438631
1|801|010094|48119011|0|0|0|0|0|0|0|0|0|1|3|20260601|182736|20260715|ABENAVIDES|2||3|0|0|0|||0|0|0|UN|0|0|0|||0||1784122438640
1|801|010101|83059000|0|0|0|0|0|0|0|0|0|1|3|20260601|182736|20260715|ABENAVIDES|2||3|0|0|0|||0|0|0|UN|0|0|0|||0||1784122438650
1|801|010141|90318040|0|0|0|0|0|0|0|0|0|1|3|20260601|182736|20260715|ABENAVIDES|2||3|0|0|0|||0|0|0|PC|0|0|0|||0||1784122438659
1|801|010155|94034000|0|0|0|0|0|0|0|0|0|1|3|20260601|182736|20260715|ABENAVIDES|2||3|0|0|0|||0|0|0|UN|0|0|0|||0||1784122438666
1|801|010197|48209000|0|0|0|0|0|0|0|0|0|1|3|20260601|182736|20260715|ABENAVIDES|2||3|0|0|0|||0|0|0|PC|0|0|0|||0||1784122438674
1|801|010200|63079090|0|0|0|0|0|0|0|0|0|1|3|20260601|182736|20260715|ABENAVIDES|2||3|0|0|0|||0|0|0|UN|0|0|0|||0||1784122438684
1|801|010207|84151090|0|0|0|0|0|0|0|0|0|1|3|20260601|182736|20260715|ABENAVIDES|2||3|0|0|0|||0|0|0|UN|0|0|0|||0||1784122438692
1|801|010208|40169300|0|0|0|0|0|0|0|0|0|1|3|20260601|182736|20260715|ABENAVIDES|2||3|0|0|0|||0|0|0|UN|0|0|0|||0||1784122438700
1|801|010209|40169300|0|0|0|0|0|0|0|0|0|1|3|20260601|182737|20260715|ABENAVIDES|2||3|0|0|0|||0|0|0|UN|0|0|0|||0||1784122438708
1|801|010210|90212900|0|0|0|0|0|0|0|0|0|1|3|20260601|182737|20260715|ABENAVIDES|2||3|0|0|0|||0|0|0|PC|0|0|0|||0||1784122438715
1|801|010212|39199090|0|0|0|0|0|0|0|0|0|1|3|20260601|182737|20260715|ABENAVIDES|2||3|0|0|0|||0|0|0|PC|0|0|0|||0||1784122438727
1|801|010235|90212900|0|0|0|0|0|0|0|0|0|1|3|20260601|182737|20260715|ABENAVIDES|2||3|0|0|0|||0|0|0|PC|0|0|0|||0||1784122438734
1|801|010250|48114190|0|0|0|0|0|0|0|0|0|1|3|20260601|182737|20260715|ABENAVIDES|2||3|0|0|0|||0|0|0|PC|0|0|0|||0||1784122438742
1|801|010272|40169300|0|0|0|0|0|0|0|0|0|1|3|20260601|182737|20260715|ABENAVIDES|2||3|0|0|0|||0|0|0|PC|0|0|0|||0||1784122438750
1|801|010287|39252000|0|0|0|0|0|0|0|0|0|1|3|20260601|182737|20260715|ABENAVIDES|2||3|0|0|0|||0|0|0|PC|0|0|0|||0||1784122438758
1|801|010289|40169300|0|0|0|0|0|0|0|0|0|1|3|20260601|182737|20260715|ABENAVIDES|2||3|0|0|0|||0|0|0|UN|0|0|0|||0||1784122438766
1|801|010304|90212900|0|0|0|0|0|0|0|0|0|1|3|20260601|182737|20260715|ABENAVIDES|2||3|0|0|0|||0|0|0|PC|0|0|0|||0||1784122438775
1|801|010390|85081100|0|0|0|0|0|0|0|0|0|1|3|20260601|182737|20260715|ABENAVIDES|2||3|0|0|0|||0|0|0|UN|0|0|0|||0||1784122438783
1|801|010436|27101911|0|0|0|0|0|0|0|0|0|1|3|20260601|182737|20260715|ABENAVIDES|2||3|0|0|0|||0|0|0|UN|0|0|0|||0||1784122438791
1|801|010621|48119011|0|0|0|0|0|0|0|0|0|1|3|20260601|182737|20260715|ABENAVIDES|2||3|0|0|0|||0|0|0|UN|0|0|0|||0||1784122438801
1|801|010692|34023990|0|0|0|0|0|0|0|0|0|1|3|20260601|182737|20260715|ABENAVIDES|2||3|0|0|0|||0|0|0|UN|0|0|0|||0||1784122438808
1|801|010930|34023990|0|0|0|0|0|0|0|0|0|1|3|20260601|182737|20260715|ABENAVIDES|2||3|0|0|0|||0|0|0|UN|0|0|0|||0||1784122438818
1|801|010953|84133030|0|0|0|0|0|0|0|0|0|1|3|20260601|182737|20260715|ABENAVIDES|2||3|0|0|0|||0|0|0|UN|0|0|0|||0||1784122438825
1|801|011-00504-00|85269100|0|0|0|0|0|0|0|0|0|1|3|20260601|182737|20260715|ABENAVIDES|2||3|0|0|0|||0|0|0|PC|0|0|0|||0||1784122438837
1|801|011-01064-00|85269100|0|0|0|0|0|0|0|0|0|1|3|20260601|182737|20260715|ABENAVIDES|2||3|0|0|0|||0|0|0|UN|0|0|0|||0||1784122438849
1|801|011-01064-40|85269100|0|0|0|0|0|0|0|0|0|1|3|20260601|182737|20260715|ABENAVIDES|2||3|0|0|0|||0|0|0|UN|0|0|0|||0||1784122438857
1|801|011072|84145990|0|0|0|0|0|0|0|0|0|1|3|20260601|182737|20260715|ABENAVIDES|2||3|0|0|0|||0|0|0|PC|0|0|0|||0||1784122438865
1|801|011074|34023990|0|0|0|0|0|0|0|0|0|1|3|20260601|182737|20260715|ABENAVIDES|2||3|0|0|0|||0|0|0|UN|0|0|0|||0||1784122438872
1|801|011225|88073000|0|0|0|0|0|0|0|0|0|1|3|20260601|182737|20260715|ABENAVIDES|2||3|0|0|0|||0|0|0|UN|0|0|0|||0||1784122438882
1|801|011603|48119011|0|0|0|0|0|0|0|0|0|1|3|20260601|182737|20260715|ABENAVIDES|2||3|0|0|0|||0|0|0|EA|0|0|0|||0||1784122438891
1|801|01174009.|30039099|0|0|0|0|0|0|0|0|0|1|3|20260601|182737|20260715|ABENAVIDES|2||3|0|0|0|||0|0|0|UN|0|0|0|||0||1784122438899
1|801|011952|19053100|0|0|0|0|0|0|0|0|0|1|3|20260601|182740|20260715|ABENAVIDES|2||3|0|0|0|||0|0|0|UN|0|0|0|||0||1784122442206
1|801|012031|39269090|0|0|0|0|0|0|0|0|0|1|3|20260601|182740|20260715|ABENAVIDES|2||3|0|0|0|||0|0|0|EA|0|0|0|||0||1784122442214
1|801|012242|34023990|0|0|0|0|0|0|0|0|0|1|3|20260601|182740|20260715|ABENAVIDES|2||3|0|0|0|||0|0|0|AL|0|0|0|||0||1784122442222
1|801|012340|48119011|0|0|0|0|0|0|0|0|0|1|3|20260601|182740|20260715|ABENAVIDES|2||3|0|0|0|||0|0|0|RL|0|0|0|||0||1784122442230
1|801|012342|90212900|0|0|0|0|0|0|0|0|0|1|3|20260601|182740|20260715|ABENAVIDES|2||3|0|0|0|||0|0|0|UN|0|0|0|||0||1784122442237
1|801|012382|34023990|0|0|0|0|0|0|0|0|0|1|3|20260601|182740|20260715|ABENAVIDES|2||3|0|0|0|||0|0|0|UN|0|0|0|||0||1784122442246
1|801|012486|34023990|0|0|0|0|0|0|0|0|0|1|3|20260601|182740|20260715|ABENAVIDES|2||3|0|0|0|||0|0|0|UN|0|0|0|||0||1784122442253
1|801|012540|34023990|0|0|0|0|0|0|0|0|0|1|3|20260601|182740|20260715|ABENAVIDES|2||3|0|0|0|||0|0|0|AL|0|0|0|||0||1784122442261
1|801|012702|34023990|0|0|0|0|0|0|0|0|0|1|3|20260601|182740|20260715|ABENAVIDES|2||3|0|0|0|||0|0|0|UN|0|0|0|||0||1784122442271
1|801|012881|82079000|0|0|0|0|0|0|0|0|0|1|3|20260601|182740|20260715|ABENAVIDES|2||3|0|0|0|||0|0|0|UN|0|0|0|||0||1784122442279
1|801|012906|94033000|0|0|0|0|0|0|0|0|0|1|3|20260601|182740|20260715|ABENAVIDES|2||3|0|0|0|||0|0|0|PC|0|0|0|||0||1784122442286
1|801|013025|84133030|0|0|0|0|0|0|0|0|0|1|3|20260601|182740|20260715|ABENAVIDES|2||3|0|0|0|||0|0|0|UN|0|0|0|||0||1784122442293
1|801|013035|34023990|0|0|0|0|0|0|0|0|0|1|3|20260601|182740|20260715|ABENAVIDES|2||3|0|0|0|||0|0|0|UN|0|0|0|||0||1784122442301
1|801|013070|76169900|0|0|0|0|0|0|0|0|0|1|3|20260601|182740|20260715|ABENAVIDES|2||3|0|0|0|||0|0|0|UN|0|0|0|||0||1784122442309
1|801|01388346|85183000|0|0|0|0|0|0|0|0|0|1|3|20260601|182740|20260715|ABENAVIDES|2||3|0|0|0|||0|0|0|PC|0|0|0|||0||1784122442318
1|801|01553-0200|85291090|0|0|0|0|0|0|0|0|0|1|3|20260601|182740|20260715|ABENAVIDES|2||3|0|0|0|||0|0|0|PC|0|0|0|||0||1784122442327
1|801|015602-000|72230000|0|0|0|0|0|0|0|0|0|1|3|20260601|182740|20260715|ABENAVIDES|2||3|0|0|0|||0|0|0|KG|0|0|0|||0||1784122442335
1|801|016MBX02|88073000|0|0|0|0|0|0|0|0|0|1|3|20260601|182740|20260715|ABENAVIDES|2||3|0|0|0|||0|0|0|PC|0|0|0|||0||1784122442346
1|801|0177807670|90329091|0|0|0|0|0|0|0|0|0|1|3|20260601|182740|20260715|ABENAVIDES|2||3|0|0|0|||0|0|0|KG|0|0|0|||0||1784122442357
1|801|0177987030|84119100|0|0|0|0|0|0|0|0|0|1|3|20260601|182740|20260715|ABENAVIDES|2||3|0|0|0|||0|0|0|UN|0|0|0|||0||1784122442369
1|801|0177987120|85232110|0|0|0|0|0|0|0|0|0|1|3|20260601|182740|20260715|ABENAVIDES|2||3|0|0|0|||0|0|0|UN|0|0|0|||0||1784122442378
1|801|02-0511-0132|84254200|0|0|0|0|0|0|0|0|0|1|3|20260601|182740|20260715|ABENAVIDES|2||3|0|0|0|||0|0|0|UN|0|0|0|||0||1784122442389
1|801|02-7813C0100|84254990|0|0|0|0|0|0|0|0|0|1|3|20260601|182740|20260715|ABENAVIDES|2||3|0|0|0|||0|0|0|UN|0|0|0|||0||1784122442397
1|801|020017-0133-000|84719090|0|0|0|0|0|0|0|0|0|1|3|20260601|182740|20260715|ABENAVIDES|2||3|0|0|0|||0|0|0|PC|0|0|0|||0||1784122442406
1|801|0205160620|73209000|0|0|0|0|0|0|0|0|0|1|3|20260601|182740|20260715|ABENAVIDES|2||3|0|0|0|||0|0|0|PC|0|0|0|||0||1784122442414
1|801|02076-20V100|40169300|0|0|0|0|0|0|0|0|0|1|3|20260601|182740|20260715|ABENAVIDES|2||3|0|0|0|||0|0|0|KG|0|0|0|||0||1784122442423
1|801|02076-20V101|40169300|0|0|0|0|0|0|0|0|0|1|3|20260601|182740|20260715|ABENAVIDES|2||3|0|0|0|||0|0|0|KG|0|0|0|||0||1784122442432
1|801|020P0015-1|40169300|0|0|0|0|0|0|0|0|0|1|3|20260601|182740|20260715|ABENAVIDES|2||3|0|0|0|||0|0|0|KG|0|0|0|||0||1784122442441
1|801|0230390-202|85391090|0|0|0|0|0|0|0|0|0|1|3|20260601|182740|20260715|ABENAVIDES|2||3|0|0|0|||0|0|0|UN|0|0|0|||0||1784122442448
1|801|02891009|40169300|0|0|0|0|0|0|0|0|0|1|3|20260601|182740|20260715|ABENAVIDES|2||3|0|0|0|||0|0|0|PC|0|0|0|||0||1784122442457
1|801|0292005310|84118100|0|0|0|0|0|0|0|0|0|1|3|20260601|182740|20260715|ABENAVIDES|2||3|0|0|0|||0|0|0|UN|0|0|0|||0||1784122442465
1|801|0292005400X|84111100|0|0|0|0|0|0|0|0|0|1|3|20260601|182740|20260715|ABENAVIDES|2||3|0|0|0|||0|0|0|PC|0|0|0|||0||1784122442473
1|801|0292005450|84118100|0|0|0|0|0|0|0|0|0|1|3|20260601|182740|20260715|ABENAVIDES|2||3|0|0|0|||0|0|0|UN|0|0|0|||0||1784122442481
1|801|0292510030|40169300|0|0|0|0|0|0|0|0|0|1|3|20260601|182740|20260715|ABENAVIDES|2||3|0|0|0|||0|0|0|KG|0|0|0|||0||1784122442490
1|801|0292680460|73269090|0|0|0|0|0|0|0|0|0|1|3|20260601|182740|20260715|ABENAVIDES|2||3|0|0|0|||0|0|0|PC|0|0|0|||0||1784122442498
1|801|0292687290|84119100|0|0|0|0|0|0|0|0|0|1|3|20260601|182740|20260715|ABENAVIDES|2||3|0|0|0|||0|0|0|PC|0|0|0|||0||1784122442506
1|801|0292697540|85444200|0|0|0|0|0|0|0|0|0|1|3|20260601|182740|20260715|ABENAVIDES|2||3|0|0|0|||0|0|0|KG|0|0|0|||0||1784122442514
1|801|0292697900|88073000|0|0|0|0|0|0|0|0|0|1|3|20260601|182740|20260715|ABENAVIDES|2||3|0|0|0|||0|0|0|KG|0|0|0|||0||1784122442522
1|801|0292720920|73269090|0|0|0|0|0|0|0|0|0|1|3|20260601|182740|20260715|ABENAVIDES|2||3|0|0|0|||0|0|0|KG|0|0|0|||0||1784122442530
1|801|0292720930|73269090|0|0|0|0|0|0|0|0|0|1|3|20260601|182740|20260715|ABENAVIDES|2||3|0|0|0|||0|0|0|KG|0|0|0|||0||1784122442538
1|801|0292737280|85444200|0|0|0|0|0|0|0|0|0|1|3|20260601|182740|20260715|ABENAVIDES|2||3|0|0|0|||0|0|0|KG|0|0|0|||0||1784122442546
1|801|0292810870|73030000|0|0|0|0|0|0|0|0|0|1|3|20260601|182740|20260715|ABENAVIDES|2||3|0|0|0|||0|0|0|KG|0|0|0|||0||1784122442553
1|801|0292860520|88073000|0|0|0|0|0|0|0|0|0|1|3|20260601|182741|20260715|ABENAVIDES|2||3|0|0|0|||0|0|0|EA|0|0|0|||0||1784122442561
1|801|0292861370|90268000|0|0|0|0|0|0|0|0|0|1|3|20260601|182741|20260715|ABENAVIDES|2||3|0|0|0|||0|0|0|PC|0|0|0|||0||1784122442569
1|801|0292868320|84133090|0|0|0|0|0|0|0|0|0|1|3|20260601|182741|20260715|ABENAVIDES|2||3|0|0|0|||0|0|0|PC|0|0|0|||0||1784122442576
1|801|0292917240|84119100|0|0|0|0|0|0|0|0|0|1|3|20260601|182741|20260715|ABENAVIDES|2||3|0|0|0|||0|0|0|UN|0|0|0|||0||1784122442584
1|801|0298005200|84118100|0|0|0|0|0|0|0|0|0|1|3|20260601|182741|20260715|ABENAVIDES|2||3|0|0|0|||0|0|0|PC|0|0|0|||0||1784122442592
1|801|0298117090|39269090|0|0|0|0|0|0|0|0|0|1|3|20260601|182741|20260715|ABENAVIDES|2||3|0|0|0|||0|0|0|PC|0|0|0|||0||1784122442600
1|801|0298182530|94011090|0|0|0|0|0|0|0|0|0|1|3|20260601|182741|20260715|ABENAVIDES|2||3|0|0|0|||0|0|0|PC|0|0|0|||0||1784122442608
1|801|0298307500|84119100|0|0|0|0|0|0|0|0|0|1|3|20260601|182741|20260715|ABENAVIDES|2||3|0|0|0|||0|0|0|KG|0|0|0|||0||1784122442615
1|801|0298561370|73030000|0|0|0|0|0|0|0|0|0|1|3|20260601|182741|20260715|ABENAVIDES|2||3|0|0|0|||0|0|0|KG|0|0|0|||0||1784122442623
1|801|0298561690|73030000|0|0|0|0|0|0|0|0|0|1|3|20260601|182741|20260715|ABENAVIDES|2||3|0|0|0|||0|0|0|KG|0|0|0|||0||1784122442630
1|801|0298700440|85311010|0|0|0|0|0|0|0|0|0|1|3|20260601|182741|20260715|ABENAVIDES|2||3|0|0|0|||0|0|0|UN|0|0|0|||0||1784122442638
1|801|0298737650|73269090|0|0|0|0|0|0|0|0|0|1|3|20260601|182741|20260715|ABENAVIDES|2||3|0|0|0|||0|0|0|PC|0|0|0|||0||1784122442646
1|801|0298750050|85443000|0|0|0|0|0|0|0|0|0|1|3|20260601|182741|20260715|ABENAVIDES|2||3|0|0|0|||0|0|0|PC|0|0|0|||0||1784122442654
1|801|0298910020|84831090|0|0|0|0|0|0|0|0|0|1|3|20260601|182741|20260715|ABENAVIDES|2||3|0|0|0|||0|0|0|UN|0|0|0|||0||1784122442661
1|801|030-21300|88071000|0|0|0|0|0|0|0|0|0|1|3|20260601|182741|20260715|ABENAVIDES|2||3|0|0|0|||0|0|0|KG|0|0|0|||0||1784122442672
1|801|0301510020|88071000|0|0|0|0|0|0|0|0|0|1|3|20260601|182741|20260715|ABENAVIDES|2||3|0|0|0|||0|0|0|PC|0|0|0|||0||1784122442680
1|801|0301530040|84119100|0|0|0|0|0|0|0|0|0|1|3|20260601|182741|20260715|ABENAVIDES|2||3|0|0|0|||0|0|0|KG|0|0|0|||0||1784122442688
1|801|0301540710|40169300|0|0|0|0|0|0|0|0|0|1|3|20260601|182741|20260715|ABENAVIDES|2||3|0|0|0|||0|0|0|PC|0|0|0|||0||1784122442696
1|801|030245|88073000|0|0|0|0|0|0|0|0|0|1|3|20260601|182741|20260715|ABENAVIDES|2||3|0|0|0|||0|0|0|PR|0|0|0|||0||1784122442704
1|801|031283|88073000|0|0|0|0|0|0|0|0|0|1|3|20260601|182741|20260715|ABENAVIDES|2||3|0|0|0|||0|0|0|KG|0|0|0|||0||1784122442711
1|801|032-0217-0022|85235190|0|0|0|0|0|0|0|0|0|1|3|20260601|182741|20260715|ABENAVIDES|2||3|0|0|0|||0|0|0|UN|0|0|0|||0||1784122442719
1|801|0333767010|90211099|0|0|0|0|0|0|0|0|0|1|3|20260601|182741|20260715|ABENAVIDES|2||3|0|0|0|||0|0|0|UN|0|0|0|||0||1784122442726
1|801|0390757360|85441990|0|0|0|0|0|0|0|0|0|1|3|20260601|182741|20260715|ABENAVIDES|2||3|0|0|0|||0|0|0|PC|0|0|0|||0||1784122442734
1|801|03B8S|40169300|0|0|0|0|0|0|0|0|0|1|3|20260601|182741|20260715|ABENAVIDES|2||3|0|0|0|||0|0|0|PC|0|0|0|||0||1784122442741
1|801|04-507-FB|82055900|0|0|0|0|0|0|0|0|0|1|3|20260601|182741|20260715|ABENAVIDES|2||3|0|0|0|||0|0|0|PC|0|0|0|||0||1784122442749
1|801|0401272420|59090000|0|0|0|0|0|0|0|0|0|1|3|20260601|182741|20260715|ABENAVIDES|2||3|0|0|0|||0|0|0|PC|0|0|0|||0||1784122442756
1|801|0401277530|76082090|0|0|0|0|0|0|0|0|0|1|3|20260601|182741|20260715|ABENAVIDES|2||3|0|0|0|||0|0|0|UN|0|0|0|||0||1784122442765
1|801|0401287460|84149020|0|0|0|0|0|0|0|0|0|1|3|20260601|182741|20260715|ABENAVIDES|2||3|0|0|0|||0|0|0|PC|0|0|0|||0||1784122442772
1|801|0401287650|88072000|0|0|0|0|0|0|0|0|0|1|3|20260601|182741|20260715|ABENAVIDES|2||3|0|0|0|||0|0|0|KG|0|0|0|||0||1784122442780
1|801|04299082|73269090|0|0|0|0|0|0|0|0|0|1|3|20260601|182741|20260715|ABENAVIDES|2||3|0|0|0|||0|0|0|PC|0|0|0|||0||1784122442787
1|801|04358009|88073000|0|0|0|0|0|0|0|0|0|1|3|20260601|182741|20260715|ABENAVIDES|2||3|0|0|0|||0|0|0|UN|0|0|0|||0||1784122442798
1|801|0443700010|90261019|0|0|0|0|0|0|0|0|0|1|3|20260601|182741|20260715|ABENAVIDES|2||3|0|0|0|||0|0|0|CJ|0|0|0|||0||1784122442807
1|801|0512AG6|90318099|0|0|0|0|0|0|0|0|0|1|3|20260601|182741|20260715|ABENAVIDES|2||3|0|0|0|||0|0|0|CJ|0|0|0|||0||1784122442814
1|801|052597870|86090000|0|0|0|0|0|0|0|0|0|1|3|20260601|182741|20260715|ABENAVIDES|2||3|0|0|0|||0|0|0|UN|0|0|0|||0||1784122442823
1|801|06-4005-0511|84132000|0|0|0|0|0|0|0|0|0|1|3|20260601|182741|20260715|ABENAVIDES|2||3|0|0|0|||0|0|0|EA|0|0|0|||0||1784122442831
1|801|06-4035-0500|87168000|0|0|0|0|0|0|0|0|0|1|3|20260601|182741|20260715|ABENAVIDES|2||3|0|0|0|||0|0|0|UN|0|0|0|||0||1784122442839
1|801|06-5042-0500|84133030|0|0|0|0|0|0|0|0|0|1|3|20260601|182741|20260715|ABENAVIDES|2||3|0|0|0|||0|0|0|PC|0|0|0|||0||1784122442846
1|801|06-5042-3600|90318099|0|0|0|0|0|0|0|0|0|1|3|20260601|182741|20260715|ABENAVIDES|2||3|0|0|0|||0|0|0|PC|0|0|0|||0||1784122442854
1|801|062-10800|88072000|0|0|0|0|0|0|0|0|0|1|3|20260601|182741|20260715|ABENAVIDES|2||3|0|0|0|||0|0|0|EA|0|0|0|||0||1784122442865
1|801|066-04031-1121|85269100|0|0|0|0|0|0|0|0|0|1|3|20260601|182741|20260715|ABENAVIDES|2||3|0|0|0|||0|0|0|PC|0|0|0|||0||1784122442872
1|801|066-1066-25|85269100|0|0|0|0|0|0|0|0|0|1|3|20260601|182741|20260715|ABENAVIDES|2||3|0|0|0|||0|0|0|PC|0|0|0|||0||1784122442880
1|801|07-3000-1921-A3|84135090|0|0|0|0|0|0|0|0|0|1|3|20260601|182741|20260715|ABENAVIDES|2||3|0|0|0|||0|0|0|EA|0|0|0|||0||1784122442890
1|801|07-3006-6900|82079000|0|0|0|0|0|0|0|0|0|1|3|20260601|182741|20260715|ABENAVIDES|2||3|0|0|0|||0|0|0|KG|0|0|0|||0||1784122442897
1|801|07-3015-0900|90318099|0|0|0|0|0|0|0|0|0|1|3|20260601|182741|20260715|ABENAVIDES|2||3|0|0|0|||0|0|0|EA|0|0|0|||0||1784122442905
1|801|070-0900-714|90308990|0|0|0|0|0|0|0|0|0|1|3|20260601|182741|20260715|ABENAVIDES|2||3|0|0|0|||0|0|0|UN|0|0|0|||0||1784122442912
1|801|071-00073-5000|85299019|0|0|0|0|0|0|0|0|0|1|3|20260601|182741|20260715|ABENAVIDES|2||3|0|0|0|||0|0|0|PC|0|0|0|||0||1784122442926
1|801|071-00112-0200|85299040|0|0|0|0|0|0|0|0|0|1|3|20260601|182741|20260715|ABENAVIDES|2||3|0|0|0|||0|0|0|KG|0|0|0|||0||1784122442938
1|801|07100|44219100|0|0|0|0|0|0|0|0|0|1|3|20260601|182741|20260715|ABENAVIDES|2||3|0|0|0|||0|0|0|PC|0|0|0|||0||1784122442946
1|801|07102|44151000|0|0|0|0|0|0|0|0|0|1|3|20260601|182741|20260715|ABENAVIDES|2||3|0|0|0|||0|0|0|PC|0|0|0|||0||1784122442960
1|801|0711311-825|84212300|0|0|0|0|0|0|0|0|0|1|3|20260601|182741|20260715|ABENAVIDES|2||3|0|0|0|||0|0|0|PC|0|0|0|||0||1784122442975
1|801|076-202-004|39269090|0|0|0|0|0|0|0|0|0|1|3|20260601|182741|20260715|ABENAVIDES|2||3|0|0|0|||0|0|0|EA|0|0|0|||0||1784122442989
1|801|088-003-01103|85073090|0|0|0|0|0|0|0|0|0|1|3|20260601|182741|20260715|ABENAVIDES|2||3|0|0|0|||0|0|0|PC|0|0|0|||0||1784122442997
1|801|08STHEA|90321090|0|0|0|0|0|0|0|0|0|1|3|20260601|182741|20260715|ABENAVIDES|2||3|0|0|0|||0|0|0|PC|0|0|0|||0||1784122443009
1|801|09168P18|85181090|0|0|0|0|0|0|0|0|0|1|3|20260601|182741|20260715|ABENAVIDES|2||3|0|0|0|||0|0|0|PC|0|0|0|||0||1784122443018
1|801|0DR106010ZI|40169990|0|0|0|0|0|0|0|0|0|1|3|20260601|182741|20260715|ABENAVIDES|2||3|0|0|0|||0|0|0|PC|0|0|0|||0||1784122443031
1|801|0E5669-139|82055900|0|0|0|0|0|0|0|0|0|1|3|20260601|182741|20260715|ABENAVIDES|2||3|0|0|0|||0|0|0|KG|0|0|0|||0||1784122443047
1|801|0FLUR823|27101931|0|0|0|0|0|0|0|0|0|1|3|20260601|182741|20260715|ABENAVIDES|2||3|0|0|0|||0|0|0|PC|0|0|0|||0||1784122443059
1|801|0ILSAMPLE|39233090|0|0|0|0|0|0|0|0|0|1|3|20260601|182741|20260715|ABENAVIDES|2||3|0|0|0|||0|0|0|PC|0|0|0|||0||1784122443070
1|801|0L3071AS15|73269090|0|0|0|0|0|0|0|0|0|1|3|20260601|182741|20260715|ABENAVIDES|2||3|0|0|0|||0|0|0|PC|0|0|0|||0||1784122443078
1|801|0M3114A5|90138000|0|0|0|0|0|0|0|0|0|1|3|20260601|182741|20260715|ABENAVIDES|2||3|0|0|0|||0|0|0|UN|0|0|0|||0||1784122443086
1|801|0SA120-010-043|73269090|0|0|0|0|0|0|0|0|0|1|3|20260601|182741|20260715|ABENAVIDES|2||3|0|0|0|||0|0|0|KG|0|0|0|||0||1784122443095
1|801|0SA120-010-059|73269090|0|0|0|0|0|0|0|0|0|1|3|20260601|182741|20260715|ABENAVIDES|2||3|0|0|0|||0|0|0|KG|0|0|0|||0||1784122443103
1|801|0SA210-010-059|73269090|0|0|0|0|0|0|0|0|0|1|3|20260601|182741|20260715|ABENAVIDES|2||3|0|0|0|||0|0|0|KG|0|0|0|||0||1784122443114
1|801|0SA210-020-069|73269090|0|0|0|0|0|0|0|0|0|1|3|20260601|182741|20260715|ABENAVIDES|2||3|0|0|0|||0|0|0|KG|0|0|0|||0||1784122443124
1|801|0SA210-030-115|90261019|0|0|0|0|0|0|0|0|0|1|3|20260601|182741|20260715|ABENAVIDES|2||3|0|0|0|||0|0|0|KG|0|0|0|||0||1784122443132
1|801|0SA210-030-117|73269090|0|0|0|0|0|0|0|0|0|1|3|20260601|182741|20260715|ABENAVIDES|2||3|0|0|0|||0|0|0|KG|0|0|0|||0||1784122443141
1|801|0X33943-05|85392110|0|0|0|0|0|0|0|0|0|1|3|20260601|182741|20260715|ABENAVIDES|2||3|0|0|0|||0|0|0|PC|0|0|0|||0||1784122443149
1|801|1-08-915201BCR|63072000|0|0|0|0|0|0|0|0|0|1|3|20260601|182741|20260715|ABENAVIDES|2||3|0|0|0|||0|0|0|KG|0|0|0|||0||1784122443159
1|801|1-5KE33CACT-ND|85369090|0|0|0|0|0|0|0|0|0|1|3|20260601|182741|20260715|ABENAVIDES|2||3|0|0|0|||0|0|0|PC|0|0|0|||0||1784122443170
1|801|1-8486-3|84313900|0|0|0|0|0|0|0|0|0|1|3|20260601|182741|20260715|ABENAVIDES|2||3|0|0|0|||0|0|0|KG|0|0|0|||0||1784122443179
1|801|100-410-162|73269090|0|0|0|0|0|0|0|0|0|1|3|20260601|182741|20260715|ABENAVIDES|2||3|0|0|0|||0|0|0|PC|0|0|0|||0||1784122443192
1|801|100-601944-312|85269100|0|0|0|0|0|0|0|0|0|1|3|20260601|182741|20260715|ABENAVIDES|2||3|0|0|0|||0|0|0|UN|0|0|0|||0||1784122443204
1|801|100-601951-503|84719090|0|0|0|0|0|0|0|0|0|1|3|20260601|182741|20260715|ABENAVIDES|2||3|0|0|0|||0|0|0|PC|0|0|0|||0||1784122443211
1|801|10024997|85235190|0|0|0|0|0|0|0|0|0|1|3|20260601|182741|20260715|ABENAVIDES|2||3|0|0|0|||0|0|0|PC|0|0|0|||0||1784122443220
1|801|10029-5|88071000|0|0|0|0|0|0|0|0|0|1|3|20260601|182741|20260715|ABENAVIDES|2||3|0|0|0|||0|0|0|PC|0|0|0|||0||1784122443228
1|801|101-00212|84249010|0|0|0|0|0|0|0|0|0|1|3|20260601|182741|20260715|ABENAVIDES|2||3|0|0|0|||0|0|0|PC|0|0|0|||0||1784122443237
1|801|101-105-16525|88073000|0|0|0|0|0|0|0|0|0|1|3|20260601|182741|20260715|ABENAVIDES|2||3|0|0|0|||0|0|0|UN|0|0|0|||0||1784122443249
1|801|101-111|90173010|0|0|0|0|0|0|0|0|0|1|3|20260601|182741|20260715|ABENAVIDES|2||3|0|0|0|||0|0|0|PC|0|0|0|||0||1784122443257
1|801|101-128TM|73269090|0|0|0|0|0|0|0|0|0|1|3|20260601|182741|20260715|ABENAVIDES|2||3|0|0|0|||0|0|0|PC|0|0|0|||0||1784122443266
1|801|101-200-07|85171449|0|0|0|0|0|0|0|0|0|1|3|20260601|182741|20260715|ABENAVIDES|2||3|0|0|0|||0|0|0|UN|0|0|0|||0||1784122443274
1|801|101635-11839|90142010|0|0|0|0|0|0|0|0|0|1|3|20260601|182741|20260715|ABENAVIDES|2||3|0|0|0|||0|0|0|UN|0|0|0|||0||1784122443284
1|801|10164-9|73269090|0|0|0|0|0|0|0|0|0|1|3|20260601|182741|20260715|ABENAVIDES|2||3|0|0|0|||0|0|0|PC|0|0|0|||0||1784122443295
1|801|101720-11810|90142010|0|0|0|0|0|0|0|0|0|1|3|20260601|182741|20260715|ABENAVIDES|2||3|0|0|0|||0|0|0|UN|0|0|0|||0||1784122443304
1|801|10191|90142090|0|0|0|0|0|0|0|0|0|1|3|20260601|182741|20260715|ABENAVIDES|2||3|0|0|0|||0|0|0|PC|0|0|0|||0||1784122443314
1|801|102149|91061000|0|0|0|0|0|0|0|0|0|1|3|20260601|182741|20260715|ABENAVIDES|2||3|0|0|0|||0|0|0|PC|0|0|0|||0||1784122443325
1|801|103003-1|85365090|0|0|0|0|0|0|0|0|0|1|3|20260601|182741|20260715|ABENAVIDES|2||3|0|0|0|||0|0|0|UN|0|0|0|||0||1784122443334
1|801|10328|73269090|0|0|0|0|0|0|0|0|0|1|3|20260601|182741|20260715|ABENAVIDES|2||3|0|0|0|||0|0|0|UN|0|0|0|||0||1784122443341
1|801|104-300-01|90142090|0|0|0|0|0|0|0|0|0|1|3|20260601|182741|20260715|ABENAVIDES|2||3|0|0|0|||0|0|0|UN|0|0|0|||0||1784122443350
1|801|104435|88073000|0|0|0|0|0|0|0|0|0|1|3|20260601|182741|20260715|ABENAVIDES|2||3|0|0|0|||0|0|0|UN|0|0|0|||0||1784122443364
1|801|104551|48119011|0|0|0|0|0|0|0|0|0|1|3|20260601|182741|20260715|ABENAVIDES|2||3|0|0|0|||0|0|0|PK|0|0|0|||0||1784122443378
1|801|104552|48209000|0|0|0|0|0|0|0|0|0|1|3|20260601|182741|20260715|ABENAVIDES|2||3|0|0|0|||0|0|0|PK|0|0|0|||0||1784122443387
1|801|104553|48119011|0|0|0|0|0|0|0|0|0|1|3|20260601|182741|20260715|ABENAVIDES|2||3|0|0|0|||0|0|0|PK|0|0|0|||0||1784122443397
1|801|104563|48209000|0|0|0|0|0|0|0|0|0|1|3|20260601|182741|20260715|ABENAVIDES|2||3|0|0|0|||0|0|0|PK|0|0|0|||0||1784122443412
1|801|104647|48119011|0|0|0|0|0|0|0|0|0|1|3|20260601|182741|20260715|ABENAVIDES|2||3|0|0|0|||0|0|0|UN|0|0|0|||0||1784122443424
1|801|104695|48119011|0|0|0|0|0|0|0|0|0|1|3|20260601|182741|20260715|ABENAVIDES|2||3|0|0|0|||0|0|0|UN|0|0|0|||0||1784122443432
1|801|104696|34023990|0|0|0|0|0|0|0|0|0|1|3|20260601|182741|20260715|ABENAVIDES|2||3|0|0|0|||0|0|0|UN|0|0|0|||0||1784122443440
1|801|104697|28289011|0|0|0|0|0|0|0|0|0|1|3|20260601|182741|20260715|ABENAVIDES|2||3|0|0|0|||0|0|0|UN|0|0|0|||0||1784122443448
1|801|104699|34023990|0|0|0|0|0|0|0|0|0|1|3|20260601|182741|20260715|ABENAVIDES|2||3|0|0|0|||0|0|0|UN|0|0|0|||0||1784122443457
1|801|104702|34023990|0|0|0|0|0|0|0|0|0|1|3|20260601|182741|20260715|ABENAVIDES|2||3|0|0|0|||0|0|0|UN|0|0|0|||0||1784122443465
1|801|104703|17019900|0|0|0|0|0|0|0|0|0|1|3|20260601|182741|20260715|ABENAVIDES|2||3|0|0|0|||0|0|0|UN|0|0|0|||0||1784122443478
1|801|104704|21011110|0|0|0|0|0|0|0|0|0|1|3|20260601|182741|20260715|ABENAVIDES|2||3|0|0|0|||0|0|0|UN|0|0|0|||0||1784122443491
1|801|104848|34023990|0|0|0|0|0|0|0|0|0|1|3|20260601|182741|20260715|ABENAVIDES|2||3|0|0|0|||0|0|0|UN|0|0|0|||0||1784122443500
1|801|104879|34023990|0|0|0|0|0|0|0|0|0|1|3|20260601|182741|20260715|ABENAVIDES|2||3|0|0|0|||0|0|0|UN|0|0|0|||0||1784122443508
1|801|105-300-01|82079000|0|0|0|0|0|0|0|0|0|1|3|20260601|182741|20260715|ABENAVIDES|2||3|0|0|0|||0|0|0|KG|0|0|0|||0||1784122443517
1|801|1053-92R4579|85340059|0|0|0|0|0|0|0|0|0|1|3|20260601|182741|20260715|ABENAVIDES|2||3|0|0|0|||0|0|0|UN|0|0|0|||0||1784122443525
1|801|105918|48119011|0|0|0|0|0|0|0|0|0|1|3|20260601|182741|20260715|ABENAVIDES|2||3|0|0|0|||0|0|0|AL|0|0|0|||0||1784122443534
1|801|106003|34023990|0|0|0|0|0|0|0|0|0|1|3|20260601|182742|20260715|ABENAVIDES|2||3|0|0|0|||0|0|0|AL|0|0|0|||0||1784122443542
1|801|106102|94021000|0|0|0|0|0|0|0|0|0|1|3|20260601|182742|20260715|ABENAVIDES|2||3|0|0|0|||0|0|0|AL|0|0|0|||0||1784122443550
1|801|106500-0100-600|85184000|0|0|0|0|0|0|0|0|0|1|3|20260601|182742|20260715|ABENAVIDES|2||3|0|0|0|||0|0|0|UN|0|0|0|||0||1784122443563
1|801|106C|90292010|0|0|0|0|0|0|0|0|0|1|3|20260601|182742|20260715|ABENAVIDES|2||3|0|0|0|||0|0|0|PC|0|0|0|||0||1784122443572
1|801|10705|85291020|0|0|0|0|0|0|0|0|0|1|3|20260601|182742|20260715|ABENAVIDES|2||3|0|0|0|||0|0|0|UN|0|0|0|||0||1784122443581
1|801|1076A-3|84219999|0|0|0|0|0|0|0|0|0|1|3|20260601|182742|20260715|ABENAVIDES|2||3|0|0|0|||0|0|0|PC|0|0|0|||0||1784122443589
1|801|108475|73182300|0|0|0|0|0|0|0|0|0|1|3|20260601|182742|20260715|ABENAVIDES|2||3|0|0|0|||0|0|0|KG|0|0|0|||0||1784122443597
1|801|10849A|73182300|0|0|0|0|0|0|0|0|0|1|3|20260601|182742|20260715|ABENAVIDES|2||3|0|0|0|||0|0|0|KG|0|0|0|||0||1784122443605
1|801|109-0740V01-139|85311090|0|0|0|0|0|0|0|0|0|1|3|20260601|182742|20260715|ABENAVIDES|2||3|0|0|0|||0|0|0|PC|0|0|0|||0||1784122443614
1|801|109-0812-17-103|82055900|0|0|0|0|0|0|0|0|0|1|3|20260601|182742|20260715|ABENAVIDES|2||3|0|0|0|||0|0|0|KG|0|0|0|||0||1784122443622
1|801|109-3101-58-2|82055900|0|0|0|0|0|0|0|0|0|1|3|20260601|182742|20260715|ABENAVIDES|2||3|0|0|0|||0|0|0|UN|0|0|0|||0||1784122443630
1|801|1096|48191000|0|0|0|0|0|0|0|0|0|1|3|20260601|182742|20260715|ABENAVIDES|2||3|0|0|0|||0|0|0|UN|0|0|0|||0||1784122443639
1|801|110-120-000-011|85311090|0|0|0|0|0|0|0|0|0|1|3|20260601|182742|20260715|ABENAVIDES|2||3|0|0|0|||0|0|0|UN|0|0|0|||0||1784122443647
1|801|1107-378|39199090|0|0|0|0|0|0|0|0|0|1|3|20260601|182742|20260715|ABENAVIDES|2||3|0|0|0|||0|0|0|PC|0|0|0|||0||1784122443655
1|801|111053|39199090|0|0|0|0|0|0|0|0|0|1|3|20260601|182742|20260715|ABENAVIDES|2||3|0|0|0|||0|0|0|PC|0|0|0|||0||1784122443663
1|801|11125009|88073000|0|0|0|0|0|0|0|0|0|1|3|20260601|182742|20260715|ABENAVIDES|2||3|0|0|0|||0|0|0|PC|0|0|0|||0||1784122443672
1|801|11134|90318099|0|0|0|0|0|0|0|0|0|1|3|20260601|182742|20260715|ABENAVIDES|2||3|0|0|0|||0|0|0|PC|0|0|0|||0||1784122443680
1|801|11147009|73262000|0|0|0|0|0|0|0|0|0|1|3|20260601|182742|20260715|ABENAVIDES|2||3|0|0|0|||0|0|0|PC|0|0|0|||0||1784122443694
1|801|1126000-13|73269090|0|0|0|0|0|0|0|0|0|1|3|20260601|182742|20260715|ABENAVIDES|2||3|0|0|0|||0|0|0|PC|0|0|0|||0||1784122443702
1|801|1127701|73269090|0|0|0|0|0|0|0|0|0|1|3|20260601|182742|20260715|ABENAVIDES|2||3|0|0|0|||0|0|0|PC|0|0|0|||0||1784122443711
1|801|112820C1T3|85115090|0|0|0|0|0|0|0|0|0|1|3|20260601|182742|20260715|ABENAVIDES|2||3|0|0|0|||0|0|0|PC|0|0|0|||0||1784122443718
1|801|1133740-102|90142090|0|0|0|0|0|0|0|0|0|1|3|20260601|182742|20260715|ABENAVIDES|2||3|0|0|0|||0|0|0|UN|0|0|0|||0||1784122443727
1|801|1134275-18|73209000|0|0|0|0|0|0|0|0|0|1|3|20260601|182742|20260715|ABENAVIDES|2||3|0|0|0|||0|0|0|KG|0|0|0|||0||1784122443735
1|801|11442009|85176199|0|0|0|0|0|0|0|0|0|1|3|20260601|182742|20260715|ABENAVIDES|2||3|0|0|0|||0|0|0|EA|0|0|0|||0||1784122443743
1|801|11453|90318099|0|0|0|0|0|0|0|0|0|1|3|20260601|182742|20260715|ABENAVIDES|2||3|0|0|0|||0|0|0|PC|0|0|0|||0||1784122443752
1|801|1152546-2|85115090|0|0|0|0|0|0|0|0|0|1|3|20260601|182742|20260715|ABENAVIDES|2||3|0|0|0|||0|0|0|UN|0|0|0|||0||1784122443762
1|801|1153426-1BM316|88073000|0|0|0|0|0|0|0|0|0|1|3|20260601|182742|20260715|ABENAVIDES|2||3|0|0|0|||0|0|0|PC|0|0|0|||0||1784122443774
1|801|11596009|85392110|0|0|0|0|0|0|0|0|0|1|3|20260601|182742|20260715|ABENAVIDES|2||3|0|0|0|||0|0|0|PC|0|0|0|||0||1784122443781
1|801|11597009|63079090|0|0|0|0|0|0|0|0|0|1|3|20260601|182742|20260715|ABENAVIDES|2||3|0|0|0|||0|0|0|KG|0|0|0|||0||1784122443792
1|801|116326ITL|27101999|0|0|0|0|0|0|0|0|0|1|3|20260601|182742|20260715|ABENAVIDES|2||3|0|0|0|||0|0|0|PC|0|0|0|||0||1784122443802
1|801|116SF2C502W253|85333910|0|0|0|0|0|0|0|0|0|1|3|20260601|182742|20260715|ABENAVIDES|2||3|0|0|0|||0|0|0|UN|0|0|0|||0||1784122443810
1|801|117-200-51|90212900|0|0|0|0|0|0|0|0|0|1|3|20260601|182742|20260715|ABENAVIDES|2||3|0|0|0|||0|0|0|KG|0|0|0|||0||1784122443820
1|801|1173397|73269090|0|0|0|0|0|0|0|0|0|1|3|20260601|182742|20260715|ABENAVIDES|2||3|0|0|0|||0|0|0|PC|0|0|0|||0||1784122443828
1|801|11767-16|90212900|0|0|0|0|0|0|0|0|0|1|3|20260601|182742|20260715|ABENAVIDES|2||3|0|0|0|||0|0|0|KG|0|0|0|||0||1784122443836
1|801|11900-001|85176199|0|0|0|0|0|0|0|0|0|1|3|20260601|182742|20260715|ABENAVIDES|2||3|0|0|0|||0|0|0|PC|0|0|0|||0||1784122443844
1|801|119144TL|32089029|0|0|0|0|0|0|0|0|0|1|3|20260601|182742|20260715|ABENAVIDES|2||3|0|0|0|||0|0|0|PC|0|0|0|||0||1784122443853
1|801|1191898|90212900|0|0|0|0|0|0|0|0|0|1|3|20260601|182742|20260715|ABENAVIDES|2||3|0|0|0|||0|0|0|PC|0|0|0|||0||1784122443862
1|801|11F100-76A|85011019|0|0|0|0|0|0|0|0|0|1|3|20260601|182742|20260715|ABENAVIDES|2||3|0|0|0|||0|0|0|PC|0|0|0|||0||1784122443873
1|801|12-503-16|88073000|0|0|0|0|0|0|0|0|0|1|3|20260601|182742|20260715|ABENAVIDES|2||3|0|0|0|||0|0|0|PC|0|0|0|||0||1784122443882
1|801|120-1DLP|90312010|0|0|0|0|0|0|0|0|0|1|3|20260601|182742|20260715|ABENAVIDES|2||3|0|0|0|||0|0|0|PC|0|0|0|||0||1784122443890
1|801|1202-100|88073000|0|0|0|0|0|0|0|0|0|1|3|20260601|182742|20260715|ABENAVIDES|2||3|0|0|0|||0|0|0|KG|0|0|0|||0||1784122443899
1|801|1202-200|85392110|0|0|0|0|0|0|0|0|0|1|3|20260601|182742|20260715|ABENAVIDES|2||3|0|0|0|||0|0|0|UN|0|0|0|||0||1784122443907
1|801|12070594|85118090|0|0|0|0|0|0|0|0|0|1|3|20260601|182742|20260715|ABENAVIDES|2||3|0|0|0|||0|0|0|PC|0|0|0|||0||1784122443916
1|801|12079-20E012|85419090|0|0|0|0|0|0|0|0|0|1|3|20260601|182742|20260715|ABENAVIDES|2||3|0|0|0|||0|0|0|PC|0|0|0|||0||1784122443924
1|801|12092-10G010-01|90303390|0|0|0|0|0|0|0|0|0|1|3|20260601|182742|20260715|ABENAVIDES|2||3|0|0|0|||0|0|0|UN|0|0|0|||0||1784122443932
1|801|1239|85118090|0|0|0|0|0|0|0|0|0|1|3|20260601|182742|20260715|ABENAVIDES|2||3|0|0|0|||0|0|0|PC|0|0|0|||0||1784122443941
1|801|124282|85311010|0|0|0|0|0|0|0|0|0|1|3|20260601|182742|20260715|ABENAVIDES|2||3|0|0|0|||0|0|0|PC|0|0|0|||0||1784122443949
1|801|124282-0000|88073000|0|0|0|0|0|0|0|0|0|1|3|20260601|182742|20260715|ABENAVIDES|2||3|0|0|0|||0|0|0|PC|0|0|0|||0||1784122443958
1|801|125-0033-01|84119100|0|0|0|0|0|0|0|0|0|1|3|20260601|182742|20260715|ABENAVIDES|2||3|0|0|0|||0|0|0|KG|0|0|0|||0||1784122443968
1|801|12610|84671110|0|0|0|0|0|0|0|0|0|1|3|20260601|182742|20260715|ABENAVIDES|2||3|0|0|0|||0|0|0|PC|0|0|0|||0||1784122443978
1|801|12611|84671110|0|0|0|0|0|0|0|0|0|1|3|20260601|182742|20260715|ABENAVIDES|2||3|0|0|0|||0|0|0|PC|0|0|0|||0||1784122443987
1|801|12619|84671110|0|0|0|0|0|0|0|0|0|1|3|20260601|182742|20260715|ABENAVIDES|2||3|0|0|0|||0|0|0|PC|0|0|0|||0||1784122443995
1|801|12635|84671110|0|0|0|0|0|0|0|0|0|1|3|20260601|182742|20260715|ABENAVIDES|2||3|0|0|0|||0|0|0|PC|0|0|0|||0||1784122444005
1|801|13092-16K001-02|85299040|0|0|0|0|0|0|0|0|0|1|3|20260601|182742|20260715|ABENAVIDES|2||3|0|0|0|||0|0|0|KG|0|0|0|||0||1784122444014
1|801|131223-1|85365090|0|0|0|0|0|0|0|0|0|1|3|20260601|182742|20260715|ABENAVIDES|2||3|0|0|0|||0|0|0|UN|0|0|0|||0||1784122444022
1|801|133640|88073000|0|0|0|0|0|0|0|0|0|1|3|20260601|182742|20260715|ABENAVIDES|2||3|0|0|0|||0|0|0|PC|0|0|0|||0||1784122444032
1|801|1353510-02|84812090|0|0|0|0|0|0|0|0|0|1|3|20260601|182742|20260715|ABENAVIDES|2||3|0|0|0|||0|0|0|PC|0|0|0|||0||1784122444045
1|801|1362A020001|88073000|0|0|0|0|0|0|0|0|0|1|3|20260601|182742|20260715|ABENAVIDES|2||3|0|0|0|||0|0|0|KG|0|0|0|||0||1784122444059
1|801|1385|90321090|0|0|0|0|0|0|0|0|0|1|3|20260601|182742|20260715|ABENAVIDES|2||3|0|0|0|||0|0|0|PC|0|0|0|||0||1784122444069
1|801|139G2100H009A69|73269090|0|0|0|0|0|0|0|0|0|1|3|20260601|182742|20260715|ABENAVIDES|2||3|0|0|0|||0|0|0|KG|0|0|0|||0||1784122444080
1|801|139PL0K|90318099|0|0|0|0|0|0|0|0|0|1|3|20260601|182742|20260715|ABENAVIDES|2||3|0|0|0|||0|0|0|UN|0|0|0|||0||1784122444091
1|801|14-55-2|88073000|0|0|0|0|0|0|0|0|0|1|3|20260601|182742|20260715|ABENAVIDES|2||3|0|0|0|||0|0|0|EA|0|0|0|||0||1784122444099
1|801|14-59-1|88073000|0|0|0|0|0|0|0|0|0|1|3|20260601|182742|20260715|ABENAVIDES|2||3|0|0|0|||0|0|0|KG|0|0|0|||0||1784122444109
1|801|14-592|82130000|0|0|0|0|0|0|0|0|0|1|3|20260601|182742|20260715|ABENAVIDES|2||3|0|0|0|||0|0|0|PC|0|0|0|||0||1784122444122
1|801|14-6806-6011|90262010|0|0|0|0|0|0|0|0|0|1|3|20260601|182742|20260715|ABENAVIDES|2||3|0|0|0|||0|0|0|PC|0|0|0|||0||1784122444132
1|801|14-6807-6011|90262090|0|0|0|0|0|0|0|0|0|1|3|20260601|182742|20260715|ABENAVIDES|2||3|0|0|0|||0|0|0|PC|0|0|0|||0||1784122444140
1|801|14096P09|85183000|0|0|0|0|0|0|0|0|0|1|3|20260601|182742|20260715|ABENAVIDES|2||3|0|0|0|||0|0|0|PC|0|0|0|||0||1784122444153
1|801|14108|40169300|0|0|0|0|0|0|0|0|0|1|3|20260601|182742|20260715|ABENAVIDES|2||3|0|0|0|||0|0|0|PC|0|0|0|||0||1784122444161
1|801|14250-10 OZ|39073029|0|0|0|0|0|0|0|0|0|1|3|20260601|182742|20260715|ABENAVIDES|2||3|0|0|0|||0|0|0|UN|0|0|0|||0||1784122444173
1|801|14321551|82055900|0|0|0|0|0|0|0|0|0|1|3|20260601|182742|20260715|ABENAVIDES|2||3|0|0|0|||0|0|0|PC|0|0|0|||0||1784122444182
1|801|145130-1002|90149000|0|0|0|0|0|0|0|0|0|1|3|20260601|182742|20260715|ABENAVIDES|2||3|0|0|0|||0|0|0|KG|0|0|0|||0||1784122444191
1|801|1490406-1-0|82041200|0|0|0|0|0|0|0|0|0|1|3|20260601|182742|20260715|ABENAVIDES|2||3|0|0|0|||0|0|0|PC|0|0|0|||0||1784122444201
1|801|1490598-1|84659390|0|0|0|0|0|0|0|0|0|1|3|20260601|182742|20260715|ABENAVIDES|2||3|0|0|0|||0|0|0|PC|0|0|0|||0||1784122444214
1|801|1490794-1-0406A|82032010|0|0|0|0|0|0|0|0|0|1|3|20260601|182742|20260715|ABENAVIDES|2||3|0|0|0|||0|0|0|PC|0|0|0|||0||1784122444226
1|801|1491161TL|34029039|0|0|0|0|0|0|0|0|0|1|3|20260601|182742|20260715|ABENAVIDES|2||3|0|0|0|||0|0|0|PC|0|0|0|||0||1784122444238
1|801|15-10260-07P00|73269090|0|0|0|0|0|0|0|0|0|1|3|20260601|182742|20260715|ABENAVIDES|2||3|0|0|0|||0|0|0|KG|0|0|0|||0||1784122444250
1|801|1500019|90318099|0|0|0|0|0|0|0|0|0|1|3|20260601|182742|20260715|ABENAVIDES|2||3|0|0|0|||0|0|0|PC|0|0|0|||0||1784122444262
1|801|150052-2|84159090|0|0|0|0|0|0|0|0|0|1|3|20260601|182742|20260715|ABENAVIDES|2||3|0|0|0|||0|0|0|KG|0|0|0|||0||1784122444270
1|801|15006756|85111000|0|0|0|0|0|0|0|0|0|1|3|20260601|182742|20260715|ABENAVIDES|2||3|0|0|0|||0|0|0|PC|0|0|0|||0||1784122444280
1|801|150515-1|84145990|0|0|0|0|0|0|0|0|0|1|3|20260601|182742|20260715|ABENAVIDES|2||3|0|0|0|||0|0|0|UN|0|0|0|||0||1784122444290
1|801|150SG1052-10|85115090|0|0|0|0|0|0|0|0|0|1|3|20260601|182742|20260715|ABENAVIDES|2||3|0|0|0|||0|0|0|PC|0|0|0|||0||1784122444300
1|801|153010-000130|40169300|0|0|0|0|0|0|0|0|0|1|3|20260601|182742|20260715|ABENAVIDES|2||3|0|0|0|||0|0|0|KG|0|0|0|||0||1784122444313
1|801|1530879-1|94019900|0|0|0|0|0|0|0|0|0|1|3|20260601|182742|20260715|ABENAVIDES|2||3|0|0|0|||0|0|0|PC|0|0|0|||0||1784122444325
1|801|1533|73269090|0|0|0|0|0|0|0|0|0|1|3|20260601|182742|20260715|ABENAVIDES|2||3|0|0|0|||0|0|0|PC|0|0|0|||0||1784122444333
1|801|153510-000170|40169300|0|0|0|0|0|0|0|0|0|1|3|20260601|182742|20260715|ABENAVIDES|2||3|0|0|0|||0|0|0|KG|0|0|0|||0||1784122444341
1|801|1536-001-25|40169300|0|0|0|0|0|0|0|0|0|1|3|20260601|182742|20260715|ABENAVIDES|2||3|0|0|0|||0|0|0|EA|0|0|0|||0||1784122444349
1|801|15501|40103900|0|0|0|0|0|0|0|0|0|1|3|20260601|182742|20260715|ABENAVIDES|2||3|0|0|0|||0|0|0|PC|0|0|0|||0||1784122444358
1|801|1560NF|42021210|0|0|0|0|0|0|0|0|0|1|3|20260601|182742|20260715|ABENAVIDES|2||3|0|0|0|||0|0|0|EA|0|0|0|||0||1784122444370
1|801|156800-1|84159090|0|0|0|0|0|0|0|0|0|1|3|20260601|182742|20260715|ABENAVIDES|2||3|0|0|0|||0|0|0|KG|0|0|0|||0||1784122444378
1|801|156S24|88073000|0|0|0|0|0|0|0|0|0|1|3|20260601|182742|20260715|ABENAVIDES|2||3|0|0|0|||0|0|0|EA|0|0|0|||0||1784122444387
1|801|164829|85332900|0|0|0|0|0|0|0|0|0|1|3|20260601|182742|20260715|ABENAVIDES|2||3|0|0|0|||0|0|0|PC|0|0|0|||0||1784122444399
1|801|1650A0400-02|90212900|0|0|0|0|0|0|0|0|0|1|3|20260601|182742|20260715|ABENAVIDES|2||3|0|0|0|||0|0|0|KG|0|0|0|||0||1784122444408
1|801|1656A2100-01|90212900|0|0|0|0|0|0|0|0|0|1|3|20260601|182742|20260715|ABENAVIDES|2||3|0|0|0|||0|0|0|KG|0|0|0|||0||1784122444420
1|801|17-903301-1|90212900|0|0|0|0|0|0|0|0|0|1|3|20260601|182742|20260715|ABENAVIDES|2||3|0|0|0|||0|0|0|PC|0|0|0|||0||1784122444432
1|801|1712202-5|73269090|0|0|0|0|0|0|0|0|0|1|3|20260601|182742|20260715|ABENAVIDES|2||3|0|0|0|||0|0|0|PC|0|0|0|||0||1784122444441
1|801|17700|90142090|0|0|0|0|0|0|0|0|0|1|3|20260601|182742|20260715|ABENAVIDES|2||3|0|0|0|||0|0|0|PC|0|0|0|||0||1784122444459
1|801|17A8791P01|39269090|0|0|0|0|0|0|0|0|0|1|3|20260601|182742|20260715|ABENAVIDES|2||3|0|0|0|||0|0|0|PC|0|0|0|||0||1784122444469
1|801|18-4208-0010|87168000|0|0|0|0|0|0|0|0|0|1|3|20260601|182742|20260715|ABENAVIDES|2||3|0|0|0|||0|0|0|PC|0|0|0|||0||1784122444482
1|801|18-90330-1|84159090|0|0|0|0|0|0|0|0|0|1|3|20260601|182743|20260715|ABENAVIDES|2||3|0|0|0|||0|0|0|PC|0|0|0|||0||1784122444493
1|801|18-947-1|85044090|0|0|0|0|0|0|0|0|0|1|3|20260601|182743|20260715|ABENAVIDES|2||3|0|0|0|||0|0|0|PC|0|0|0|||0||1784122444505
1|801|18028G26|85189090|0|0|0|0|0|0|0|0|0|1|3|20260601|182743|20260715|ABENAVIDES|2||3|0|0|0|||0|0|0|KG|0|0|0|||0||1784122444519
1|801|182300-303|40169300|0|0|0|0|0|0|0|0|0|1|3|20260601|182743|20260715|ABENAVIDES|2||3|0|0|0|||0|0|0|KG|0|0|0|||0||1784122444528
1|801|18253G05|85189090|0|0|0|0|0|0|0|0|0|1|3|20260601|182743|20260715|ABENAVIDES|2||3|0|0|0|||0|0|0|PC|0|0|0|||0||1784122444540
1|801|18316G02|40169300|0|0|0|0|0|0|0|0|0|1|3|20260601|182743|20260715|ABENAVIDES|2||3|0|0|0|||0|0|0|PC|0|0|0|||0||1784122444553
1|801|18335X|88073000|0|0|0|0|0|0|0|0|0|1|3|20260601|182743|20260715|ABENAVIDES|2||3|0|0|0|||0|0|0|PC|0|0|0|||0||1784122444564
1|801|1864-8|90321090|0|0|0|0|0|0|0|0|0|1|3|20260601|182743|20260715|ABENAVIDES|2||3|0|0|0|||0|0|0|UN|0|0|0|||0||1784122444579
1|801|18650-000-01|88071000|0|0|0|0|0|0|0|0|0|1|3|20260601|182743|20260715|ABENAVIDES|2||3|0|0|0|||0|0|0|PC|0|0|0|||0||1784122444587
1|801|1865GR85|88073000|0|0|0|0|0|0|0|0|0|1|3|20260601|182743|20260715|ABENAVIDES|2||3|0|0|0|||0|0|0|UN|0|0|0|||0||1784122444599
1|801|1944L200|88072000|0|0|0|0|0|0|0|0|0|1|3|20260601|182743|20260715|ABENAVIDES|2||3|0|0|0|||0|0|0|PC|0|0|0|||0||1784122444611
1|801|1945A70|90212900|0|0|0|0|0|0|0|0|0|1|3|20260601|182743|20260715|ABENAVIDES|2||3|0|0|0|||0|0|0|KG|0|0|0|||0||1784122444622
1|801|1945B64BJA|90212900|0|0|0|0|0|0|0|0|0|1|3|20260601|182743|20260715|ABENAVIDES|2||3|0|0|0|||0|0|0|KG|0|0|0|||0||1784122444630
1|801|196A1Z|90262090|0|0|0|0|0|0|0|0|0|1|3|20260601|182743|20260715|ABENAVIDES|2||3|0|0|0|||0|0|0|PC|0|0|0|||0||1784122444645
1|801|196B1|90173090|0|0|0|0|0|0|0|0|0|1|3|20260601|182743|20260715|ABENAVIDES|2||3|0|0|0|||0|0|0|UN|0|0|0|||0||1784122444661
1|801|1995B002DP654SK|39100090|0|0|0|0|0|0|0|0|0|1|3|20260601|182743|20260715|ABENAVIDES|2||3|0|0|0|||0|0|0|EA|0|0|0|||0||1784122444674
1|801|1999954|84182100|0|0|0|0|0|0|0|0|0|1|3|20260601|182743|20260715|ABENAVIDES|2||3|0|0|0|||0|0|0|PC|0|0|0|||0||1784122444683
1|801|1N1202A|85411099|0|0|0|0|0|0|0|0|0|1|3|20260601|182743|20260715|ABENAVIDES|2||3|0|0|0|||0|0|0|PC|0|0|0|||0||1784122444691
1|801|200-010-2100|85198120|0|0|0|0|0|0|0|0|0|1|3|20260601|182743|20260715|ABENAVIDES|2||3|0|0|0|||0|0|0|UN|0|0|0|||0||1784122444701
1|801|20027|38151900|0|0|0|0|0|0|0|0|0|1|3|20260601|182743|20260715|ABENAVIDES|2||3|0|0|0|||0|0|0|PC|0|0|0|||0||1784122444715
1|801|200333-1|73269090|0|0|0|0|0|0|0|0|0|1|3|20260601|182743|20260715|ABENAVIDES|2||3|0|0|0|||0|0|0|PC|0|0|0|||0||1784122444724
1|801|20050ML|90149000|0|0|0|0|0|0|0|0|0|1|3|20260601|182743|20260715|ABENAVIDES|2||3|0|0|0|||0|0|0|UN|0|0|0|||0||1784122444741
1|801|200A200|73269090|0|0|0|0|0|0|0|0|0|1|3|20260601|182743|20260715|ABENAVIDES|2||3|0|0|0|||0|0|0|UN|0|0|0|||0||1784122444751
1|801|2013-1A|85065090|0|0|0|0|0|0|0|0|0|1|3|20260601|182743|20260715|ABENAVIDES|2||3|0|0|0|||0|0|0|UN|0|0|0|||0||1784122444762
1|801|20214|34029039|0|0|0|0|0|0|0|0|0|1|3|20260601|182743|20260715|ABENAVIDES|2||3|0|0|0|||0|0|0|PC|0|0|0|||0||1784122444771
1|801|20230M1|90149000|0|0|0|0|0|0|0|0|0|1|3|20260601|182743|20260715|ABENAVIDES|2||3|0|0|0|||0|0|0|PC|0|0|0|||0||1784122444780
1|801|2024T3-0-020|76061190|0|0|0|0|0|0|0|0|0|1|3|20260601|182743|20260715|ABENAVIDES|2||3|0|0|0|||0|0|0|PC|0|0|0|||0||1784122444793
1|801|202689A|90212900|0|0|0|0|0|0|0|0|0|1|3|20260601|182743|20260715|ABENAVIDES|2||3|0|0|0|||0|0|0|KG|0|0|0|||0||1784122444808
1|801|204-070-907-11|84799010|0|0|0|0|0|0|0|0|0|1|3|20260601|182743|20260715|ABENAVIDES|2||3|0|0|0|||0|0|0|PC|0|0|0|||0||1784122444816
1|801|204527-1|73160000|0|0|0|0|0|0|0|0|0|1|3|20260601|182743|20260715|ABENAVIDES|2||3|0|0|0|||0|0|0|PC|0|0|0|||0||1784122444825
1|801|2047S|82055900|0|0|0|0|0|0|0|0|0|1|3|20260601|182743|20260715|ABENAVIDES|2||3|0|0|0|||0|0|0|PC|0|0|0|||0||1784122444833
1|801|20595-23-I-1683|70200090|0|0|0|0|0|0|0|0|0|1|3|20260601|182743|20260715|ABENAVIDES|2||3|0|0|0|||0|0|0|UN|0|0|0|||0||1784122444841
1|801|2070A100|88072000|0|0|0|0|0|0|0|0|0|1|3|20260601|182743|20260715|ABENAVIDES|2||3|0|0|0|||0|0|0|KG|0|0|0|||0||1784122444850
1|801|2071-47|88073000|0|0|0|0|0|0|0|0|0|1|3|20260601|182743|20260715|ABENAVIDES|2||3|0|0|0|||0|0|0|PC|0|0|0|||0||1784122444858
1|801|2071-85|73269090|0|0|0|0|0|0|0|0|0|1|3|20260601|182743|20260715|ABENAVIDES|2||3|0|0|0|||0|0|0|KG|0|0|0|||0||1784122444867
1|801|208663|90262090|0|0|0|0|0|0|0|0|0|1|3|20260601|182743|20260715|ABENAVIDES|2||3|0|0|0|||0|0|0|UN|0|0|0|||0||1784122444875
1|801|208A-32|88073000|0|0|0|0|0|0|0|0|0|1|3|20260601|182743|20260715|ABENAVIDES|2||3|0|0|0|||0|0|0|EA|0|0|0|||0||1784122444886
1|801|2098|30065000|0|0|0|0|0|0|0|0|0|1|3|20260601|182743|20260715|ABENAVIDES|2||3|0|0|0|||0|0|0|KG|0|0|0|||0||1784122444900
1|801|21-90330-3|88073000|0|0|0|0|0|0|0|0|0|1|3|20260601|182743|20260715|ABENAVIDES|2||3|0|0|0|||0|0|0|PC|0|0|0|||0||1784122444914
1|801|210CLNR140Z|34029039|0|0|0|0|0|0|0|0|0|1|3|20260601|182743|20260715|ABENAVIDES|2||3|0|0|0|||0|0|0|PC|0|0|0|||0||1784122444928
1|801|2115-01|88073000|0|0|0|0|0|0|0|0|0|1|3|20260601|182743|20260715|ABENAVIDES|2||3|0|0|0|||0|0|0|PC|0|0|0|||0||1784122444941
1|801|212-5|88073000|0|0|0|0|0|0|0|0|0|1|3|20260601|182743|20260715|ABENAVIDES|2||3|0|0|0|||0|0|0|EA|0|0|0|||0||1784122444955
1|801|212-6|90212900|0|0|0|0|0|0|0|0|0|1|3|20260601|182743|20260715|ABENAVIDES|2||3|0|0|0|||0|0|0|PC|0|0|0|||0||1784122444964
1|801|212029-1|85176199|0|0|0|0|0|0|0|0|0|1|3|20260601|182743|20260715|ABENAVIDES|2||3|0|0|0|||0|0|0|UN|0|0|0|||0||1784122444976
1|801|212598-0|84142000|0|0|0|0|0|0|0|0|0|1|3|20260601|182743|20260715|ABENAVIDES|2||3|0|0|0|||0|0|0|UN|0|0|0|||0||1784122444984
1|801|212684-0|84142000|0|0|0|0|0|0|0|0|0|1|3|20260601|182743|20260715|ABENAVIDES|2||3|0|0|0|||0|0|0|UN|0|0|0|||0||1784122444993
1|801|21311MI|90149000|0|0|0|0|0|0|0|0|0|1|3|20260601|182743|20260715|ABENAVIDES|2||3|0|0|0|||0|0|0|UN|0|0|0|||0||1784122445004
1|801|214J01N00475949|85318000|0|0|0|0|0|0|0|0|0|1|3|20260601|182743|20260715|ABENAVIDES|2||3|0|0|0|||0|0|0|UN|0|0|0|||0||1784122445013
1|801|216-0029-010|84119100|0|0|0|0|0|0|0|0|0|1|3|20260601|182743|20260715|ABENAVIDES|2||3|0|0|0|||0|0|0|EA|0|0|0|||0||1784122445022
1|801|217-167|73269090|0|0|0|0|0|0|0|0|0|1|3|20260601|182743|20260715|ABENAVIDES|2||3|0|0|0|||0|0|0|PC|0|0|0|||0||1784122445030
1|801|218-164|39219090|0|0|0|0|0|0|0|0|0|1|3|20260601|182743|20260715|ABENAVIDES|2||3|0|0|0|||0|0|0|PC|0|0|0|||0||1784122445039
1|801|21B3A008|82077090|0|0|0|0|0|0|0|0|0|1|3|20260601|182743|20260715|ABENAVIDES|2||3|0|0|0|||0|0|0|PC|0|0|0|||0||1784122445048
1|801|21C7239G02|82079000|0|0|0|0|0|0|0|0|0|1|3|20260601|182743|20260715|ABENAVIDES|2||3|0|0|0|||0|0|0|KG|0|0|0|||0||1784122445063
1|801|220063|39269090|0|0|0|0|0|0|0|0|0|1|3|20260601|182743|20260715|ABENAVIDES|2||3|0|0|0|||0|0|0|PC|0|0|0|||0||1784122445081
1|801|2231230-10A1|90142090|0|0|0|0|0|0|0|0|0|1|3|20260601|182743|20260715|ABENAVIDES|2||3|0|0|0|||0|0|0|UN|0|0|0|||0||1784122445094
1|801|2254K050|73269090|0|0|0|0|0|0|0|0|0|1|3|20260601|182743|20260715|ABENAVIDES|2||3|0|0|0|||0|0|0|UN|0|0|0|||0||1784122445102
1|801|2256|88073000|0|0|0|0|0|0|0|0|0|1|3|20260601|182743|20260715|ABENAVIDES|2||3|0|0|0|||0|0|0|PC|0|0|0|||0||1784122445110
1|801|226242|39269090|0|0|0|0|0|0|0|0|0|1|3|20260601|182743|20260715|ABENAVIDES|2||3|0|0|0|||0|0|0|PC|0|0|0|||0||1784122445118
1|801|22658G01|94019900|0|0|0|0|0|0|0|0|0|1|3|20260601|182743|20260715|ABENAVIDES|2||3|0|0|0|||0|0|0|PC|0|0|0|||0||1784122445127
1|801|22740-1|73269090|0|0|0|0|0|0|0|0|0|1|3|20260601|182743|20260715|ABENAVIDES|2||3|0|0|0|||0|0|0|PC|0|0|0|||0||1784122445135
1|801|23081-043|85115090|0|0|0|0|0|0|0|0|0|1|3|20260601|182743|20260715|ABENAVIDES|2||3|0|0|0|||0|0|0|UN|0|0|0|||0||1784122445143
1|801|23111323-1|73110000|0|0|0|0|0|0|0|0|0|1|3|20260601|182743|20260715|ABENAVIDES|2||3|0|0|0|||0|0|0|UN|0|0|0|||0||1784122445154
1|801|2311M306-2|84798931|0|0|0|0|0|0|0|0|0|1|3|20260601|182743|20260715|ABENAVIDES|2||3|0|0|0|||0|0|0|UN|0|0|0|||0||1784122445164
1|801|2312M108-1|84798931|0|0|0|0|0|0|0|0|0|1|3|20260601|182743|20260715|ABENAVIDES|2||3|0|0|0|||0|0|0|PC|0|0|0|||0||1784122445173
1|801|2315M24-12|84799010|0|0|0|0|0|0|0|0|0|1|3|20260601|182743|20260715|ABENAVIDES|2||3|0|0|0|||0|0|0|KG|0|0|0|||0||1784122445184
1|801|2315M24-5|40169990|0|0|0|0|0|0|0|0|0|1|3|20260601|182743|20260715|ABENAVIDES|2||3|0|0|0|||0|0|0|PC|0|0|0|||0||1784122445197
1|801|2392-2088-001|88072000|0|0|0|0|0|0|0|0|0|1|3|20260601|182743|20260715|ABENAVIDES|2||3|0|0|0|||0|0|0|PC|0|0|0|||0||1784122445216
1|801|2392-2317-003|82079000|0|0|0|0|0|0|0|0|0|1|3|20260601|182743|20260715|ABENAVIDES|2||3|0|0|0|||0|0|0|KG|0|0|0|||0||1784122445228
1|801|2392-2401-901|82055900|0|0|0|0|0|0|0|0|0|1|3|20260601|182743|20260715|ABENAVIDES|2||3|0|0|0|||0|0|0|PC|0|0|0|||0||1784122445241
1|801|25|88073000|0|0|0|0|0|0|0|0|0|1|3|20260601|182743|20260715|ABENAVIDES|2||3|0|0|0|||0|0|0|UN|0|0|0|||0||1784122445259
1|801|251|85184000|0|0|0|0|0|0|0|0|0|1|3|20260601|182743|20260715|ABENAVIDES|2||3|0|0|0|||0|0|0|UN|0|0|0|||0||1784122445274
1|801|251-006|88073000|0|0|0|0|0|0|0|0|0|1|3|20260601|182743|20260715|ABENAVIDES|2||3|0|0|0|||0|0|0|PC|0|0|0|||0||1784122445293
1|801|2562-638-00-10|90303311|0|0|0|0|0|0|0|0|0|1|3|20260601|182743|20260715|ABENAVIDES|2||3|0|0|0|||0|0|0|UN|0|0|0|||0||1784122445303
1|801|2587193-42|90142090|0|0|0|0|0|0|0|0|0|1|3|20260601|182743|20260715|ABENAVIDES|2||3|0|0|0|||0|0|0|PC|0|0|0|||0||1784122445313
1|801|2587193-43|90142090|0|0|0|0|0|0|0|0|0|1|3|20260601|182743|20260715|ABENAVIDES|2||3|0|0|0|||0|0|0|PC|0|0|0|||0||1784122445328
1|801|2597D020-302|73269090|0|0|0|0|0|0|0|0|0|1|3|20260601|182743|20260715|ABENAVIDES|2||3|0|0|0|||0|0|0|KG|0|0|0|||0||1784122445339
1|801|2604750-90|88073000|0|0|0|0|0|0|0|0|0|1|3|20260601|182743|20260715|ABENAVIDES|2||3|0|0|0|||0|0|0|PC|0|0|0|||0||1784122445356
1|801|2607389|90212900|0|0|0|0|0|0|0|0|0|1|3|20260601|182743|20260715|ABENAVIDES|2||3|0|0|0|||0|0|0|PC|0|0|0|||0||1784122445370
1|801|2681-15|39269090|0|0|0|0|0|0|0|0|0|1|3|20260601|182743|20260715|ABENAVIDES|2||3|0|0|0|||0|0|0|PC|0|0|0|||0||1784122445380
1|801|280501-0|84713090|0|0|0|0|0|0|0|0|0|1|3|20260601|182743|20260715|ABENAVIDES|2||3|0|0|0|||0|0|0|PC|0|0|0|||0||1784122445394
1|801|282-300|85044010|0|0|0|0|0|0|0|0|0|1|3|20260601|182743|20260715|ABENAVIDES|2||3|0|0|0|||0|0|0|PC|0|0|0|||0||1784122445404
1|801|2879-0016-1|90173090|0|0|0|0|0|0|0|0|0|1|3|20260601|182743|20260715|ABENAVIDES|2||3|0|0|0|||0|0|0|PC|0|0|0|||0||1784122445413
1|801|28E14-1|90321090|0|0|0|0|0|0|0|0|0|1|3|20260601|182743|20260715|ABENAVIDES|2||3|0|0|0|||0|0|0|PC|0|0|0|||0||1784122445421
1|801|2966A010000|73269090|0|0|0|0|0|0|0|0|0|1|3|20260601|182743|20260715|ABENAVIDES|2||3|0|0|0|||0|0|0|KG|0|0|0|||0||1784122445429
1|801|2978-0016-1|73269090|0|0|0|0|0|0|0|0|0|1|3|20260601|182743|20260715|ABENAVIDES|2||3|0|0|0|||0|0|0|KG|0|0|0|||0||1784122445437
1|801|2978-9001-2|84249010|0|0|0|0|0|0|0|0|0|1|3|20260601|182743|20260715|ABENAVIDES|2||3|0|0|0|||0|0|0|KG|0|0|0|||0||1784122445445
1|801|2KSS6050-5060|90303319|0|0|0|0|0|0|0|0|0|1|3|20260601|182743|20260715|ABENAVIDES|2||3|0|0|0|||0|0|0|PC|0|0|0|||0||1784122445453
1|801|2LA005638-00|85318000|0|0|0|0|0|0|0|0|0|1|3|20260601|182743|20260715|ABENAVIDES|2||3|0|0|0|||0|0|0|UN|0|0|0|||0||1784122445461
1|801|2YA0A004|73269090|0|0|0|0|0|0|0|0|0|1|3|20260601|182743|20260715|ABENAVIDES|2||3|0|0|0|||0|0|0|PC|0|0|0|||0||1784122445468
1|801|30-40KVA|85115010|0|0|0|0|0|0|0|0|0|1|3|20260601|182743|20260715|ABENAVIDES|2||3|0|0|0|||0|0|0|PC|0|0|0|||0||1784122445475
1|801|30006760-111|88071000|0|0|0|0|0|0|0|0|0|1|3|20260601|182743|20260715|ABENAVIDES|2||3|0|0|0|||0|0|0|PC|0|0|0|||0||1784122445483
1|801|3001-01-101|39219090|0|0|0|0|0|0|0|0|0|1|3|20260601|182743|20260715|ABENAVIDES|2||3|0|0|0|||0|0|0|KG|0|0|0|||0||1784122445492
1|801|300300|85241100|0|0|0|0|0|0|0|0|0|1|3|20260601|182743|20260715|ABENAVIDES|2||3|0|0|0|||0|0|0|PC|0|0|0|||0||1784122445506
1|801|300SSDRL2410|73269090|0|0|0|0|0|0|0|0|0|1|3|20260601|182743|20260715|ABENAVIDES|2||3|0|0|0|||0|0|0|PC|0|0|0|||0||1784122445514
1|801|3019-32-201|88052900|0|0|0|0|0|0|0|0|0|1|3|20260601|182743|20260715|ABENAVIDES|2||3|0|0|0|||0|0|0|KG|0|0|0|||0||1784122445522
1|801|30191|90149000|0|0|0|0|0|0|0|0|0|1|3|20260601|182743|20260715|ABENAVIDES|2||3|0|0|0|||0|0|0|PC|0|0|0|||0||1784122445530
1|801|30295SY2-13|85392110|0|0|0|0|0|0|0|0|0|1|3|20260601|182743|20260715|ABENAVIDES|2||3|0|0|0|||0|0|0|PC|0|0|0|||0||1784122445538
1|801|303|85392190|0|0|0|0|0|0|0|0|0|1|3|20260601|182743|20260715|ABENAVIDES|2||3|0|0|0|||0|0|0|PC|0|0|0|||0||1784122445549
1|801|3030AN|85319000|0|0|0|0|0|0|0|0|0|1|3|20260601|182743|20260715|ABENAVIDES|2||3|0|0|0|||0|0|0|KG|0|0|0|||0||1784122445557
1|801|303717A|90262090|0|0|0|0|0|0|0|0|0|1|3|20260601|182743|20260715|ABENAVIDES|2||3|0|0|0|||0|0|0|PC|0|0|0|||0||1784122445564
1|801|304012-05|35069900|0|0|0|0|0|0|0|0|0|1|3|20260601|182743|20260715|ABENAVIDES|2||3|0|0|0|||0|0|0|KG|0|0|0|||0||1784122445574
1|801|3043937-05|85118090|0|0|0|0|0|0|0|0|0|1|3|20260601|182743|20260715|ABENAVIDES|2||3|0|0|0|||0|0|0|UN|0|0|0|||0||1784122445581
1|801|3045379-01|84112200|0|0|0|0|0|0|0|0|0|1|3|20260601|182743|20260715|ABENAVIDES|2||3|0|0|0|||0|0|0|UN|0|0|0|||0||1784122445592
1|801|304760-1|90291010|0|0|0|0|0|0|0|0|0|1|3|20260601|182743|20260715|ABENAVIDES|2||3|0|0|0|||0|0|0|UN|0|0|0|||0||1784122445603
1|801|3048676-12|88073000|0|0|0|0|0|0|0|0|0|1|3|20260601|182743|20260715|ABENAVIDES|2||3|0|0|0|||0|0|0|KG|0|0|0|||0||1784122445614
1|801|3060T08P02|85443000|0|0|0|0|0|0|0|0|0|1|3|20260601|182743|20260715|ABENAVIDES|2||3|0|0|0|||0|0|0|KG|0|0|0|||0||1784122445624
1|801|3062T06P03|84145990|0|0|0|0|0|0|0|0|0|1|3|20260601|182743|20260715|ABENAVIDES|2||3|0|0|0|||0|0|0|PC|0|0|0|||0||1784122445632
1|801|3062T09G03|84133030|0|0|0|0|0|0|0|0|0|1|3|20260601|182743|20260715|ABENAVIDES|2||3|0|0|0|||0|0|0|UN|0|0|0|||0||1784122445645
1|801|3062T20G10|84111100|0|0|0|0|0|0|0|0|0|1|3|20260601|182743|20260715|ABENAVIDES|2||3|0|0|0|||0|0|0|UN|0|0|0|||0||1784122445653
1|801|3062T37P03|85444200|0|0|0|0|0|0|0|0|0|1|3|20260601|182743|20260715|ABENAVIDES|2||3|0|0|0|||0|0|0|KG|0|0|0|||0||1784122445661
1|801|3066T90G02|84112200|0|0|0|0|0|0|0|0|0|1|3|20260601|182743|20260715|ABENAVIDES|2||3|0|0|0|||0|0|0|UN|0|0|0|||0||1784122445668
1|801|3073974-01|88073000|0|0|0|0|0|0|0|0|0|1|3|20260601|182743|20260715|ABENAVIDES|2||3|0|0|0|||0|0|0|KG|0|0|0|||0||1784122445676
1|801|3073976-01|88073000|0|0|0|0|0|0|0|0|0|1|3|20260601|182743|20260715|ABENAVIDES|2||3|0|0|0|||0|0|0|KG|0|0|0|||0||1784122445685
1|801|3076214-01|40169300|0|0|0|0|0|0|0|0|0|1|3|20260601|182743|20260715|ABENAVIDES|2||3|0|0|0|||0|0|0|KG|0|0|0|||0||1784122445692
1|801|3076476-01|90261029|0|0|0|0|0|0|0|0|0|1|3|20260601|182743|20260715|ABENAVIDES|2||3|0|0|0|||0|0|0|PC|0|0|0|||0||1784122445700
1|801|31-4675-1|85392110|0|0|0|0|0|0|0|0|0|1|3|20260601|182743|20260715|ABENAVIDES|2||3|0|0|0|||0|0|0|PC|0|0|0|||0||1784122445708
1|801|311782|73269090|0|0|0|0|0|0|0|0|0|1|3|20260601|182744|20260715|ABENAVIDES|2||3|0|0|0|||0|0|0|PC|0|0|0|||0||1784122445715
1|801|31248|34029090|0|0|0|0|0|0|0|0|0|1|3|20260601|182744|20260715|ABENAVIDES|2||3|0|0|0|||0|0|0|LT|0|0|0|||0||1784122445725
1|801|3137LB61C|90142010|0|0|0|0|0|0|0|0|0|1|3|20260601|182744|20260715|ABENAVIDES|2||3|0|0|0|||0|0|0|PC|0|0|0|||0||1784122445734
1|801|320566|85366990|0|0|0|0|0|0|0|0|0|1|3|20260601|182744|20260715|ABENAVIDES|2||3|0|0|0|||0|0|0|PC|0|0|0|||0||1784122445741
1|801|321A110100|39269090|0|0|0|0|0|0|0|0|0|1|3|20260601|182744|20260715|ABENAVIDES|2||3|0|0|0|||0|0|0|PC|0|0|0|||0||1784122445749
1|801|322A22322821|81089000|0|0|0|0|0|0|0|0|0|1|3|20260601|182744|20260715|ABENAVIDES|2||3|0|0|0|||0|0|0|PC|0|0|0|||0||1784122445757
1|801|32446|85366990|0|0|0|0|0|0|0|0|0|1|3|20260601|182744|20260715|ABENAVIDES|2||3|0|0|0|||0|0|0|PC|0|0|0|||0||1784122445765
1|801|330A21-2224-21|73269090|0|0|0|0|0|0|0|0|0|1|3|20260601|182744|20260715|ABENAVIDES|2||3|0|0|0|||0|0|0|PC|0|0|0|||0||1784122445773
1|801|330A22-2054-46|73269090|0|0|0|0|0|0|0|0|0|1|3|20260601|182744|20260715|ABENAVIDES|2||3|0|0|0|||0|0|0|PC|0|0|0|||0||1784122445783
1|801|330A22205446|88073000|0|0|0|0|0|0|0|0|0|1|3|20260601|182744|20260715|ABENAVIDES|2||3|0|0|0|||0|0|0|PC|0|0|0|||0||1784122445795
1|801|330A25-2182-220|88073000|0|0|0|0|0|0|0|0|0|1|3|20260601|182744|20260715|ABENAVIDES|2||3|0|0|0|||0|0|0|PC|0|0|0|||0||1784122445804
1|801|330A25-2204-01|85319000|0|0|0|0|0|0|0|0|0|1|3|20260601|182744|20260715|ABENAVIDES|2||3|0|0|0|||0|0|0|PC|0|0|0|||0||1784122445813
1|801|330A25-2211-20|88073000|0|0|0|0|0|0|0|0|0|1|3|20260601|182744|20260715|ABENAVIDES|2||3|0|0|0|||0|0|0|PC|0|0|0|||0||1784122445820
1|801|330A25-2704-00|90212900|0|0|0|0|0|0|0|0|0|1|3|20260601|182744|20260715|ABENAVIDES|2||3|0|0|0|||0|0|0|KG|0|0|0|||0||1784122445828
1|801|330A31-3202-21|90212900|0|0|0|0|0|0|0|0|0|1|3|20260601|182744|20260715|ABENAVIDES|2||3|0|0|0|||0|0|0|KG|0|0|0|||0||1784122445836
1|801|330A33-0182-20|88073000|0|0|0|0|0|0|0|0|0|1|3|20260601|182744|20260715|ABENAVIDES|2||3|0|0|0|||0|0|0|PC|0|0|0|||0||1784122445844
1|801|330A34-9906-20|40169300|0|0|0|0|0|0|0|0|0|1|3|20260601|182744|20260715|ABENAVIDES|2||3|0|0|0|||0|0|0|KG|0|0|0|||0||1784122445853
1|801|330A58-1231-29|73269090|0|0|0|0|0|0|0|0|0|1|3|20260601|182744|20260715|ABENAVIDES|2||3|0|0|0|||0|0|0|PC|0|0|0|||0||1784122445860
1|801|330A58-3119-20|73269090|0|0|0|0|0|0|0|0|0|1|3|20260601|182744|20260715|ABENAVIDES|2||3|0|0|0|||0|0|0|KG|0|0|0|||0||1784122445868
1|801|330A58-4206-00|88073000|0|0|0|0|0|0|0|0|0|1|3|20260601|182744|20260715|ABENAVIDES|2||3|0|0|0|||0|0|0|PC|0|0|0|||0||1784122445876
1|801|330A58-4294-21|73269090|0|0|0|0|0|0|0|0|0|1|3|20260601|182744|20260715|ABENAVIDES|2||3|0|0|0|||0|0|0|KG|0|0|0|||0||1784122445884
1|801|330A58-4297-20|73209000|0|0|0|0|0|0|0|0|0|1|3|20260601|182744|20260715|ABENAVIDES|2||3|0|0|0|||0|0|0|KG|0|0|0|||0||1784122445892
1|801|330A76-3234-20|90212900|0|0|0|0|0|0|0|0|0|1|3|20260601|182744|20260715|ABENAVIDES|2||3|0|0|0|||0|0|0|PC|0|0|0|||0||1784122445903
1|801|330A91-0027-36|88072000|0|0|0|0|0|0|0|0|0|1|3|20260601|182744|20260715|ABENAVIDES|2||3|0|0|0|||0|0|0|PC|0|0|0|||0||1784122445911
1|801|330A91-2000-02|84311090|0|0|0|0|0|0|0|0|0|1|3|20260601|182744|20260715|ABENAVIDES|2||3|0|0|0|||0|0|0|PC|0|0|0|||0||1784122445919
1|801|3324-575|85073090|0|0|0|0|0|0|0|0|0|1|3|20260601|182744|20260715|ABENAVIDES|2||3|0|0|0|||0|0|0|EA|0|0|0|||0||1784122445927
1|801|33290838560071|85299019|0|0|0|0|0|0|0|0|0|1|3|20260601|182744|20260715|ABENAVIDES|2||3|0|0|0|||0|0|0|EA|0|0|0|||0||1784122445936
1|801|332A00-0050EL|35069190|0|0|0|0|0|0|0|0|0|1|3|20260601|182744|20260715|ABENAVIDES|2||3|0|0|0|||0|0|0|EA|0|0|0|||0||1784122445944
1|801|332A07-2658-707|88071000|0|0|0|0|0|0|0|0|0|1|3|20260601|182744|20260715|ABENAVIDES|2||3|0|0|0|||0|0|0|EA|0|0|0|||0||1784122445952
1|801|332A07-2666-007|84139190|0|0|0|0|0|0|0|0|0|1|3|20260601|182744|20260715|ABENAVIDES|2||3|0|0|0|||0|0|0|PC|0|0|0|||0||1784122445960
1|801|332A07-2680-207|84119100|0|0|0|0|0|0|0|0|0|1|3|20260601|182744|20260715|ABENAVIDES|2||3|0|0|0|||0|0|0|PC|0|0|0|||0||1784122445973
1|801|332A0726666071|88073000|0|0|0|0|0|0|0|0|0|1|3|20260601|182744|20260715|ABENAVIDES|2||3|0|0|0|||0|0|0|PC|0|0|0|||0||1784122445983
1|801|332A072666671Q|90212900|0|0|0|0|0|0|0|0|0|1|3|20260601|182744|20260715|ABENAVIDES|2||3|0|0|0|||0|0|0|PC|0|0|0|||0||1784122445993
1|801|332A0726746072|88073000|0|0|0|0|0|0|0|0|0|1|3|20260601|182744|20260715|ABENAVIDES|2||3|0|0|0|||0|0|0|PC|0|0|0|||0||1784122446011
1|801|332A08-8627-009|85442000|0|0|0|0|0|0|0|0|0|1|3|20260601|182744|20260715|ABENAVIDES|2||3|0|0|0|||0|0|0|PC|0|0|0|||0||1784122446021
1|801|332A08-8709-007|85392110|0|0|0|0|0|0|0|0|0|1|3|20260601|182744|20260715|ABENAVIDES|2||3|0|0|0|||0|0|0|PC|0|0|0|||0||1784122446031
1|801|332A081206|88073000|0|0|0|0|0|0|0|0|0|1|3|20260601|182744|20260715|ABENAVIDES|2||3|0|0|0|||0|0|0|PC|0|0|0|||0||1784122446045
1|801|332A08133420|88073000|0|0|0|0|0|0|0|0|0|1|3|20260601|182744|20260715|ABENAVIDES|2||3|0|0|0|||0|0|0|PC|0|0|0|||0||1784122446056
1|801|332A08133421|88073000|0|0|0|0|0|0|0|0|0|1|3|20260601|182744|20260715|ABENAVIDES|2||3|0|0|0|||0|0|0|PC|0|0|0|||0||1784122446069
1|801|332A11-0450-20|39219090|0|0|0|0|0|0|0|0|0|1|3|20260601|182744|20260715|ABENAVIDES|2||3|0|0|0|||0|0|0|PC|0|0|0|||0||1784122446085
1|801|332A11-0460-02|88073000|0|0|0|0|0|0|0|0|0|1|3|20260601|182744|20260715|ABENAVIDES|2||3|0|0|0|||0|0|0|PC|0|0|0|||0||1784122446093
1|801|332A1100566|39269090|0|0|0|0|0|0|0|0|0|1|3|20260601|182744|20260715|ABENAVIDES|2||3|0|0|0|||0|0|0|PC|0|0|0|||0||1784122446101
1|801|332A110568|88071000|0|0|0|0|0|0|0|0|0|1|3|20260601|182744|20260715|ABENAVIDES|2||3|0|0|0|||0|0|0|PC|0|0|0|||0||1784122446110
1|801|332A110594|88073000|0|0|0|0|0|0|0|0|0|1|3|20260601|182744|20260715|ABENAVIDES|2||3|0|0|0|||0|0|0|PC|0|0|0|||0||1784122446118
1|801|332A12-0495-20|39219090|0|0|0|0|0|0|0|0|0|1|3|20260601|182744|20260715|ABENAVIDES|2||3|0|0|0|||0|0|0|PC|0|0|0|||0||1784122446126
1|801|332A13-1045-00|84119100|0|0|0|0|0|0|0|0|0|1|3|20260601|182744|20260715|ABENAVIDES|2||3|0|0|0|||0|0|0|PC|0|0|0|||0||1784122446134
1|801|332A13-1052-01|88073000|0|0|0|0|0|0|0|0|0|1|3|20260601|182744|20260715|ABENAVIDES|2||3|0|0|0|||0|0|0|PC|0|0|0|||0||1784122446143
1|801|332A21-1101-250|84119100|0|0|0|0|0|0|0|0|0|1|3|20260601|182744|20260715|ABENAVIDES|2||3|0|0|0|||0|0|0|KG|0|0|0|||0||1784122446150
1|801|332A21-1101-530|88073000|0|0|0|0|0|0|0|0|0|1|3|20260601|182744|20260715|ABENAVIDES|2||3|0|0|0|||0|0|0|PC|0|0|0|||0||1784122446159
1|801|332A21-1400-20|90212900|0|0|0|0|0|0|0|0|0|1|3|20260601|182744|20260715|ABENAVIDES|2||3|0|0|0|||0|0|0|PC|0|0|0|||0||1784122446166
1|801|332A21-1416-03|73209000|0|0|0|0|0|0|0|0|0|1|3|20260601|182744|20260715|ABENAVIDES|2||3|0|0|0|||0|0|0|PC|0|0|0|||0||1784122446175
1|801|332A21-1516-22|40169300|0|0|0|0|0|0|0|0|0|1|3|20260601|182744|20260715|ABENAVIDES|2||3|0|0|0|||0|0|0|KG|0|0|0|||0||1784122446182
1|801|332A22-1124-00|40169990|0|0|0|0|0|0|0|0|0|1|3|20260601|182744|20260715|ABENAVIDES|2||3|0|0|0|||0|0|0|PC|0|0|0|||0||1784122446190
1|801|332A22-1412-28|88073000|0|0|0|0|0|0|0|0|0|1|3|20260601|182744|20260715|ABENAVIDES|2||3|0|0|0|||0|0|0|EA|0|0|0|||0||1784122446198
1|801|332A22-1485-26|88073000|0|0|0|0|0|0|0|0|0|1|3|20260601|182744|20260715|ABENAVIDES|2||3|0|0|0|||0|0|0|KG|0|0|0|||0||1784122446206
1|801|332A221124|88073000|0|0|0|0|0|0|0|0|0|1|3|20260601|182744|20260715|ABENAVIDES|2||3|0|0|0|||0|0|0|UN|0|0|0|||0||1784122446214
1|801|332A22112500|88073000|0|0|0|0|0|0|0|0|0|1|3|20260601|182744|20260715|ABENAVIDES|2||3|0|0|0|||0|0|0|UN|0|0|0|||0||1784122446222
1|801|332A2219642352|73269090|0|0|0|0|0|0|0|0|0|1|3|20260601|182744|20260715|ABENAVIDES|2||3|0|0|0|||0|0|0|UN|0|0|0|||0||1784122446232
1|801|332A23-0569-20|73269090|0|0|0|0|0|0|0|0|0|1|3|20260601|182744|20260715|ABENAVIDES|2||3|0|0|0|||0|0|0|UN|0|0|0|||0||1784122446242
1|801|332A24-0301-03|88073000|0|0|0|0|0|0|0|0|0|1|3|20260601|182744|20260715|ABENAVIDES|2||3|0|0|0|||0|0|0|PC|0|0|0|||0||1784122446249
1|801|332A24-0309-04|39269090|0|0|0|0|0|0|0|0|0|1|3|20260601|182744|20260715|ABENAVIDES|2||3|0|0|0|||0|0|0|PC|0|0|0|||0||1784122446261
1|801|332A24-0322-00|84821090|0|0|0|0|0|0|0|0|0|1|3|20260601|182744|20260715|ABENAVIDES|2||3|0|0|0|||0|0|0|UN|0|0|0|||0||1784122446275
1|801|332A24-0648-00|88073000|0|0|0|0|0|0|0|0|0|1|3|20260601|182744|20260715|ABENAVIDES|2||3|0|0|0|||0|0|0|KG|0|0|0|||0||1784122446284
1|801|332A25-1054-21|90212900|0|0|0|0|0|0|0|0|0|1|3|20260601|182744|20260715|ABENAVIDES|2||3|0|0|0|||0|0|0|PC|0|0|0|||0||1784122446293
1|801|332A25-1121-01|40169300|0|0|0|0|0|0|0|0|0|1|3|20260601|182744|20260715|ABENAVIDES|2||3|0|0|0|||0|0|0|KG|0|0|0|||0||1784122446302
1|801|332A25-1284-210|88071000|0|0|0|0|0|0|0|0|0|1|3|20260601|182744|20260715|ABENAVIDES|2||3|0|0|0|||0|0|0|PC|0|0|0|||0||1784122446312
1|801|332A27-2350-20|39269090|0|0|0|0|0|0|0|0|0|1|3|20260601|182744|20260715|ABENAVIDES|2||3|0|0|0|||0|0|0|KG|0|0|0|||0||1784122446322
1|801|332A31-1543-20|73269090|0|0|0|0|0|0|0|0|0|1|3|20260601|182744|20260715|ABENAVIDES|2||3|0|0|0|||0|0|0|KG|0|0|0|||0||1784122446331
1|801|332A31-1765-02|88071000|0|0|0|0|0|0|0|0|0|1|3|20260601|182744|20260715|ABENAVIDES|2||3|0|0|0|||0|0|0|KG|0|0|0|||0||1784122446339
1|801|332A31-1845-01|73269090|0|0|0|0|0|0|0|0|0|1|3|20260601|182744|20260715|ABENAVIDES|2||3|0|0|0|||0|0|0|KG|0|0|0|||0||1784122446348
1|801|332A31-3002-00M|88071000|0|0|0|0|0|0|0|0|0|1|3|20260601|182744|20260715|ABENAVIDES|2||3|0|0|0|||0|0|0|PC|0|0|0|||0||1784122446356
1|801|332A31-3032-01|88071000|0|0|0|0|0|0|0|0|0|1|3|20260601|182744|20260715|ABENAVIDES|2||3|0|0|0|||0|0|0|CJ|0|0|0|||0||1784122446363
1|801|332A31-3043-01|88071000|0|0|0|0|0|0|0|0|0|1|3|20260601|182744|20260715|ABENAVIDES|2||3|0|0|0|||0|0|0|PC|0|0|0|||0||1784122446374
1|801|332A31-3061-00|88071000|0|0|0|0|0|0|0|0|0|1|3|20260601|182744|20260715|ABENAVIDES|2||3|0|0|0|||0|0|0|KG|0|0|0|||0||1784122446382
1|801|332A31-3168-21|39269090|0|0|0|0|0|0|0|0|0|1|3|20260601|182744|20260715|ABENAVIDES|2||3|0|0|0|||0|0|0|KG|0|0|0|||0||1784122446390
1|801|332A31-3179-20|90212900|0|0|0|0|0|0|0|0|0|1|3|20260601|182744|20260715|ABENAVIDES|2||3|0|0|0|||0|0|0|KG|0|0|0|||0||1784122446397
1|801|332A31-3242-20|40169990|0|0|0|0|0|0|0|0|0|1|3|20260601|182744|20260715|ABENAVIDES|2||3|0|0|0|||0|0|0|PC|0|0|0|||0||1784122446406
1|801|332A31300201M|88071000|0|0|0|0|0|0|0|0|0|1|3|20260601|182744|20260715|ABENAVIDES|2||3|0|0|0|||0|0|0|EA|0|0|0|||0||1784122446415
1|801|332A32-2025-06M|84834090|0|0|0|0|0|0|0|0|0|1|3|20260601|182744|20260715|ABENAVIDES|2||3|0|0|0|||0|0|0|PC|0|0|0|||0||1784122446423
1|801|332A32-2218-20|90212900|0|0|0|0|0|0|0|0|0|1|3|20260601|182744|20260715|ABENAVIDES|2||3|0|0|0|||0|0|0|KG|0|0|0|||0||1784122446432
1|801|332A32-3356-20|84119100|0|0|0|0|0|0|0|0|0|1|3|20260601|182744|20260715|ABENAVIDES|2||3|0|0|0|||0|0|0|PC|0|0|0|||0||1784122446439
1|801|332A32-5002-01M|84834010|0|0|0|0|0|0|0|0|0|1|3|20260601|182744|20260715|ABENAVIDES|2||3|0|0|0|||0|0|0|PC|0|0|0|||0||1784122446447
1|801|332A32-5054-01|84139190|0|0|0|0|0|0|0|0|0|1|3|20260601|182744|20260715|ABENAVIDES|2||3|0|0|0|||0|0|0|PC|0|0|0|||0||1784122446460
1|801|332A32-5255-01|73030000|0|0|0|0|0|0|0|0|0|1|3|20260601|182744|20260715|ABENAVIDES|2||3|0|0|0|||0|0|0|PC|0|0|0|||0||1784122446469
1|801|332A33-1134-23|90212900|0|0|0|0|0|0|0|0|0|1|3|20260601|182744|20260715|ABENAVIDES|2||3|0|0|0|||0|0|0|KG|0|0|0|||0||1784122446477
1|801|332A34-1064-00|84839000|0|0|0|0|0|0|0|0|0|1|3|20260601|182744|20260715|ABENAVIDES|2||3|0|0|0|||0|0|0|PC|0|0|0|||0||1784122446487
1|801|332A41-0423-00|73269090|0|0|0|0|0|0|0|0|0|1|3|20260601|182744|20260715|ABENAVIDES|2||3|0|0|0|||0|0|0|KG|0|0|0|||0||1784122446495
1|801|332A41-4337-20|39269090|0|0|0|0|0|0|0|0|0|1|3|20260601|182744|20260715|ABENAVIDES|2||3|0|0|0|||0|0|0|PC|0|0|0|||0||1784122446507
1|801|332A41-4351-01|88073000|0|0|0|0|0|0|0|0|0|1|3|20260601|182744|20260715|ABENAVIDES|2||3|0|0|0|||0|0|0|PC|0|0|0|||0||1784122446517
1|801|332A52-0010-26|40091290|0|0|0|0|0|0|0|0|0|1|3|20260601|182744|20260715|ABENAVIDES|2||3|0|0|0|||0|0|0|PC|0|0|0|||0||1784122446525
1|801|332A52-1252-20|40169990|0|0|0|0|0|0|0|0|0|1|3|20260601|182744|20260715|ABENAVIDES|2||3|0|0|0|||0|0|0|KG|0|0|0|||0||1784122446533
1|801|332A52-1399-20|84139190|0|0|0|0|0|0|0|0|0|1|3|20260601|182744|20260715|ABENAVIDES|2||3|0|0|0|||0|0|0|PC|0|0|0|||0||1784122446540
1|801|332A54-0011-01|88071000|0|0|0|0|0|0|0|0|0|1|3|20260601|182744|20260715|ABENAVIDES|2||3|0|0|0|||0|0|0|PC|0|0|0|||0||1784122446548
1|801|332A55-1160-30|40169990|0|0|0|0|0|0|0|0|0|1|3|20260601|182744|20260715|ABENAVIDES|2||3|0|0|0|||0|0|0|PC|0|0|0|||0||1784122446558
1|801|332A58-0054-10|88073000|0|0|0|0|0|0|0|0|0|1|3|20260601|182744|20260715|ABENAVIDES|2||3|0|0|0|||0|0|0|PC|0|0|0|||0||1784122446566
1|801|332A58-1638-20|73181300|0|0|0|0|0|0|0|0|0|1|3|20260601|182744|20260715|ABENAVIDES|2||3|0|0|0|||0|0|0|PC|0|0|0|||0||1784122446573
1|801|332A58-2061-20|88073000|0|0|0|0|0|0|0|0|0|1|3|20260601|182744|20260715|ABENAVIDES|2||3|0|0|0|||0|0|0|PC|0|0|0|||0||1784122446581
1|801|332A58-4560-21|88073000|0|0|0|0|0|0|0|0|0|1|3|20260601|182744|20260715|ABENAVIDES|2||3|0|0|0|||0|0|0|PC|0|0|0|||0||1784122446589
1|801|332A58-4658-03|73269090|0|0|0|0|0|0|0|0|0|1|3|20260601|182744|20260715|ABENAVIDES|2||3|0|0|0|||0|0|0|PC|0|0|0|||0||1784122446596
1|801|332A58-5059-01|88073000|0|0|0|0|0|0|0|0|0|1|3|20260601|182744|20260715|ABENAVIDES|2||3|0|0|0|||0|0|0|KG|0|0|0|||0||1784122446604
1|801|332A58-5094-00|88073000|0|0|0|0|0|0|0|0|0|1|3|20260601|182744|20260715|ABENAVIDES|2||3|0|0|0|||0|0|0|PC|0|0|0|||0||1784122446611
1|801|332A58-5094-02|84091000|0|0|0|0|0|0|0|0|0|1|3|20260601|182744|20260715|ABENAVIDES|2||3|0|0|0|||0|0|0|KG|0|0|0|||0||1784122446619
1|801|332A60-1059-025|85444200|0|0|0|0|0|0|0|0|0|1|3|20260601|182744|20260715|ABENAVIDES|2||3|0|0|0|||0|0|0|KG|0|0|0|||0||1784122446626
1|801|332A60-1070-025|85444200|0|0|0|0|0|0|0|0|0|1|3|20260601|182744|20260715|ABENAVIDES|2||3|0|0|0|||0|0|0|PC|0|0|0|||0||1784122446634
1|801|332A60-1162-00A|85444200|0|0|0|0|0|0|0|0|0|1|3|20260601|182744|20260715|ABENAVIDES|2||3|0|0|0|||0|0|0|PC|0|0|0|||0||1784122446642
1|801|332A61-1243-21|59090000|0|0|0|0|0|0|0|0|0|1|3|20260601|182744|20260715|ABENAVIDES|2||3|0|0|0|||0|0|0|KG|0|0|0|||0||1784122446649
1|801|332A61-3373-01|84212100|0|0|0|0|0|0|0|0|0|1|3|20260601|182744|20260715|ABENAVIDES|2||3|0|0|0|||0|0|0|PC|0|0|0|||0||1784122446657
1|801|332A63-0121-027|90142090|0|0|0|0|0|0|0|0|0|1|3|20260601|182744|20260715|ABENAVIDES|2||3|0|0|0|||0|0|0|PC|0|0|0|||0||1784122446664
1|801|332A67-1213-01|88073000|0|0|0|0|0|0|0|0|0|1|3|20260601|182744|20260715|ABENAVIDES|2||3|0|0|0|||0|0|0|KG|0|0|0|||0||1784122446671
1|801|332A67-1215-61|76169900|0|0|0|0|0|0|0|0|0|1|3|20260601|182744|20260715|ABENAVIDES|2||3|0|0|0|||0|0|0|PC|0|0|0|||0||1784122446678
1|801|332A67-1222-01|85332900|0|0|0|0|0|0|0|0|0|1|3|20260601|182744|20260715|ABENAVIDES|2||3|0|0|0|||0|0|0|PC|0|0|0|||0||1784122446688
1|801|332A67-2950-000|85118090|0|0|0|0|0|0|0|0|0|1|3|20260601|182744|20260715|ABENAVIDES|2||3|0|0|0|||0|0|0|EA|0|0|0|||0||1784122446696
1|801|332A72-2875-20|73269090|0|0|0|0|0|0|0|0|0|1|3|20260601|182744|20260715|ABENAVIDES|2||3|0|0|0|||0|0|0|PC|0|0|0|||0||1784122446703
1|801|332A72-2880-35|39211390|0|0|0|0|0|0|0|0|0|1|3|20260601|182744|20260715|ABENAVIDES|2||3|0|0|0|||0|0|0|PC|0|0|0|||0||1784122446710
1|801|332A72-6942-007|84213100|0|0|0|0|0|0|0|0|0|1|3|20260601|182744|20260715|ABENAVIDES|2||3|0|0|0|||0|0|0|PC|0|0|0|||0||1784122446717
1|801|332A76-1070-00|39269090|0|0|0|0|0|0|0|0|0|1|3|20260601|182744|20260715|ABENAVIDES|2||3|0|0|0|||0|0|0|PC|0|0|0|||0||1784122446725
1|801|332A76-1077-20|88073000|0|0|0|0|0|0|0|0|0|1|3|20260601|182744|20260715|ABENAVIDES|2||3|0|0|0|||0|0|0|PC|0|0|0|||0||1784122446732
1|801|332A84-1238-20|39269090|0|0|0|0|0|0|0|0|0|1|3|20260601|182744|20260715|ABENAVIDES|2||3|0|0|0|||0|0|0|KG|0|0|0|||0||1784122446744
1|801|332A84-1327-27|88073000|0|0|0|0|0|0|0|0|0|1|3|20260601|182744|20260715|ABENAVIDES|2||3|0|0|0|||0|0|0|KG|0|0|0|||0||1784122446752
1|801|332A84-1442-20|88073000|0|0|0|0|0|0|0|0|0|1|3|20260601|182744|20260715|ABENAVIDES|2||3|0|0|0|||0|0|0|KG|0|0|0|||0||1784122446761
1|801|332A84143923|88073000|0|0|0|0|0|0|0|0|0|1|3|20260601|182744|20260715|ABENAVIDES|2||3|0|0|0|||0|0|0|PC|0|0|0|||0||1784122446772
1|801|332A87-0463-19|84311090|0|0|0|0|0|0|0|0|0|1|3|20260601|182744|20260715|ABENAVIDES|2||3|0|0|0|||0|0|0|KG|0|0|0|||0||1784122446780
1|801|332A91-0051-01|84311090|0|0|0|0|0|0|0|0|0|1|3|20260601|182744|20260715|ABENAVIDES|2||3|0|0|0|||0|0|0|PC|0|0|0|||0||1784122446787
1|801|332A91-3004-01|84311090|0|0|0|0|0|0|0|0|0|1|3|20260601|182744|20260715|ABENAVIDES|2||3|0|0|0|||0|0|0|PC|0|0|0|||0||1784122446795
1|801|332A91-3006-00|84311090|0|0|0|0|0|0|0|0|0|1|3|20260601|182744|20260715|ABENAVIDES|2||3|0|0|0|||0|0|0|PC|0|0|0|||0||1784122446802
1|801|332A91-3009-05|84311090|0|0|0|0|0|0|0|0|0|1|3|20260601|182744|20260715|ABENAVIDES|2||3|0|0|0|||0|0|0|PC|0|0|0|||0||1784122446810
1|801|332A91-3202-00|84839000|0|0|0|0|0|0|0|0|0|1|3|20260601|182744|20260715|ABENAVIDES|2||3|0|0|0|||0|0|0|EA|0|0|0|||0||1784122446819
1|801|332A91-3293-00|84251990|0|0|0|0|0|0|0|0|0|1|3|20260601|182744|20260715|ABENAVIDES|2||3|0|0|0|||0|0|0|PC|0|0|0|||0||1784122446826
1|801|332A91-4200-00|88072000|0|0|0|0|0|0|0|0|0|1|3|20260601|182745|20260715|ABENAVIDES|2||3|0|0|0|||0|0|0|PC|0|0|0|||0||1784122446833
1|801|332A91-5806-01|73262000|0|0|0|0|0|0|0|0|0|1|3|20260601|182745|20260715|ABENAVIDES|2||3|0|0|0|||0|0|0|PC|0|0|0|||0||1784122446840
1|801|332A92-1145-01|84311090|0|0|0|0|0|0|0|0|0|1|3|20260601|182745|20260715|ABENAVIDES|2||3|0|0|0|||0|0|0|PC|0|0|0|||0||1784122446849
1|801|332A93-3224-21|90212900|0|0|0|0|0|0|0|0|0|1|3|20260601|182745|20260715|ABENAVIDES|2||3|0|0|0|||0|0|0|EA|0|0|0|||0||1784122446859
1|801|332A93630001|84839000|0|0|0|0|0|0|0|0|0|1|3|20260601|182745|20260715|ABENAVIDES|2||3|0|0|0|||0|0|0|KG|0|0|0|||0||1784122446867
1|801|332A94-5800-00|40169990|0|0|0|0|0|0|0|0|0|1|3|20260601|182745|20260715|ABENAVIDES|2||3|0|0|0|||0|0|0|PC|0|0|0|||0||1784122446874
1|801|332A96-3680-00|73030000|0|0|0|0|0|0|0|0|0|1|3|20260601|182745|20260715|ABENAVIDES|2||3|0|0|0|||0|0|0|KG|0|0|0|||0||1784122446881
1|801|332A97-3404-00|90261019|0|0|0|0|0|0|0|0|0|1|3|20260601|182745|20260715|ABENAVIDES|2||3|0|0|0|||0|0|0|UN|0|0|0|||0||1784122446889
1|801|332A97-5205-05|90261019|0|0|0|0|0|0|0|0|0|1|3|20260601|182745|20260715|ABENAVIDES|2||3|0|0|0|||0|0|0|UN|0|0|0|||0||1784122446897
1|801|332A97-6706-00|90262090|0|0|0|0|0|0|0|0|0|1|3|20260601|182745|20260715|ABENAVIDES|2||3|0|0|0|||0|0|0|PC|0|0|0|||0||1784122446940
1|801|332A97-7671-00|40169990|0|0|0|0|0|0|0|0|0|1|3|20260601|182745|20260715|ABENAVIDES|2||3|0|0|0|||0|0|0|PC|0|0|0|||0||1784122446948
1|801|332AA91-3008-00|84311090|0|0|0|0|0|0|0|0|0|1|3|20260601|182745|20260715|ABENAVIDES|2||3|0|0|0|||0|0|0|PC|0|0|0|||0||1784122446956
1|801|332AMR0813-39|83100000|0|0|0|0|0|0|0|0|0|1|3|20260601|182745|20260715|ABENAVIDES|2||3|0|0|0|||0|0|0|KG|0|0|0|||0||1784122446964
1|801|332P04-1623-00|85389090|0|0|0|0|0|0|0|0|0|1|3|20260601|182745|20260715|ABENAVIDES|2||3|0|0|0|||0|0|0|PC|0|0|0|||0||1784122446971
1|801|332P6013780051|85444200|0|0|0|0|0|0|0|0|0|1|3|20260601|182745|20260715|ABENAVIDES|2||3|0|0|0|||0|0|0|PC|0|0|0|||0||1784122446979
1|801|332P64-1668-025|88071000|0|0|0|0|0|0|0|0|0|1|3|20260601|182745|20260715|ABENAVIDES|2||3|0|0|0|||0|0|0|PC|0|0|0|||0||1784122446986
1|801|332P64-4985-20|83100000|0|0|0|0|0|0|0|0|0|1|3|20260601|182745|20260715|ABENAVIDES|2||3|0|0|0|||0|0|0|PC|0|0|0|||0||1784122446997
1|801|332R08-5085-037|85444200|0|0|0|0|0|0|0|0|0|1|3|20260601|182745|20260715|ABENAVIDES|2||3|0|0|0|||0|0|0|PC|0|0|0|||0||1784122447007
1|801|332V21-1040-20|88073000|0|0|0|0|0|0|0|0|0|1|3|20260601|182745|20260715|ABENAVIDES|2||3|0|0|0|||0|0|0|PC|0|0|0|||0||1784122447015
1|801|332V87-0239-00|63031990|0|0|0|0|0|0|0|0|0|1|3|20260601|182745|20260715|ABENAVIDES|2||3|0|0|0|||0|0|0|PC|0|0|0|||0||1784122447022
1|801|332V87-0467-13|88073000|0|0|0|0|0|0|0|0|0|1|3|20260601|182745|20260715|ABENAVIDES|2||3|0|0|0|||0|0|0|KG|0|0|0|||0||1784122447030
1|801|3367-21|85365090|0|0|0|0|0|0|0|0|0|1|3|20260601|182745|20260715|ABENAVIDES|2||3|0|0|0|||0|0|0|UN|0|0|0|||0||1784122447038
1|801|33776-57593-101|85318000|0|0|0|0|0|0|0|0|0|1|3|20260601|182745|20260715|ABENAVIDES|2||3|0|0|0|||0|0|0|UN|0|0|0|||0||1784122447046
1|801|33776-64820-012|84311090|0|0|0|0|0|0|0|0|0|1|3|20260601|182745|20260715|ABENAVIDES|2||3|0|0|0|||0|0|0|PC|0|0|0|||0||1784122447056
1|801|33776-84256-058|88073000|0|0|0|0|0|0|0|0|0|1|3|20260601|182745|20260715|ABENAVIDES|2||3|0|0|0|||0|0|0|KG|0|0|0|||0||1784122447063
1|801|33776-84256-059|88073000|0|0|0|0|0|0|0|0|0|1|3|20260601|182745|20260715|ABENAVIDES|2||3|0|0|0|||0|0|0|KG|0|0|0|||0||1784122447071
1|801|33776-84674-105|90212900|0|0|0|0|0|0|0|0|0|1|3|20260601|182745|20260715|ABENAVIDES|2||3|0|0|0|||0|0|0|KG|0|0|0|||0||1784122447082
1|801|33776-84907-041|63031990|0|0|0|0|0|0|0|0|0|1|3|20260601|182745|20260715|ABENAVIDES|2||3|0|0|0|||0|0|0|EA|0|0|0|||0||1784122447089
1|801|34015|48182000|0|0|0|0|0|0|0|0|0|1|3|20260601|182745|20260715|ABENAVIDES|2||3|0|0|0|||0|0|0|PC|0|0|0|||0||1784122447096
1|801|3402|27101994|0|0|0|0|0|0|0|0|0|1|3|20260601|182745|20260715|ABENAVIDES|2||3|0|0|0|||0|0|0|PC|0|0|0|||0||1784122447109
1|801|34528H011-25|85392110|0|0|0|0|0|0|0|0|0|1|3|20260601|182745|20260715|ABENAVIDES|2||3|0|0|0|||0|0|0|PC|0|0|0|||0||1784122447118
1|801|352-001|85299019|0|0|0|0|0|0|0|0|0|1|3|20260601|182745|20260715|ABENAVIDES|2||3|0|0|0|||0|0|0|PC|0|0|0|||0||1784122447125
1|801|3601J95400|84219999|0|0|0|0|0|0|0|0|0|1|3|20260601|182745|20260715|ABENAVIDES|2||3|0|0|0|||0|0|0|UN|0|0|0|||0||1784122447133
1|801|3617992-2|73269090|0|0|0|0|0|0|0|0|0|1|3|20260601|182745|20260715|ABENAVIDES|2||3|0|0|0|||0|0|0|KG|0|0|0|||0||1784122447142
1|801|365A84-3117-010|73269090|0|0|0|0|0|0|0|0|0|1|3|20260601|182745|20260715|ABENAVIDES|2||3|0|0|0|||0|0|0|PC|0|0|0|||0||1784122447150
1|801|37D400260P101|73269090|0|0|0|0|0|0|0|0|0|1|3|20260601|182745|20260715|ABENAVIDES|2||3|0|0|0|||0|0|0|PC|0|0|0|||0||1784122447157
1|801|38-0130106-00|84799010|0|0|0|0|0|0|0|0|0|1|3|20260601|182745|20260715|ABENAVIDES|2||3|0|0|0|||0|0|0|PC|0|0|0|||0||1784122447165
1|801|380-005|85299019|0|0|0|0|0|0|0|0|0|1|3|20260601|182745|20260715|ABENAVIDES|2||3|0|0|0|||0|0|0|KG|0|0|0|||0||1784122447178
1|801|3800728-1|84119100|0|0|0|0|0|0|0|0|0|1|3|20260601|182745|20260715|ABENAVIDES|2||3|0|0|0|||0|0|0|PC|0|0|0|||0||1784122447186
1|801|38126|84159090|0|0|0|0|0|0|0|0|0|1|3|20260601|182745|20260715|ABENAVIDES|2||3|0|0|0|||0|0|0|UN|0|0|0|||0||1784122447194
1|801|38150-09451-101|84119100|0|0|0|0|0|0|0|0|0|1|3|20260601|182745|20260715|ABENAVIDES|2||3|0|0|0|||0|0|0|KG|0|0|0|||0||1784122447202
1|801|38400B20-11|90321090|0|0|0|0|0|0|0|0|0|1|3|20260601|182745|20260715|ABENAVIDES|2||3|0|0|0|||0|0|0|PC|0|0|0|||0||1784122447211
1|801|3860797-2|84119100|0|0|0|0|0|0|0|0|0|1|3|20260601|182745|20260715|ABENAVIDES|2||3|0|0|0|||0|0|0|KG|0|0|0|||0||1784122447218
1|801|3876006-1|88071000|0|0|0|0|0|0|0|0|0|1|3|20260601|182745|20260715|ABENAVIDES|2||3|0|0|0|||0|0|0|PC|0|0|0|||0||1784122447226
1|801|3876104-1|85319000|0|0|0|0|0|0|0|0|0|1|3|20260601|182745|20260715|ABENAVIDES|2||3|0|0|0|||0|0|0|KG|0|0|0|||0||1784122447235
1|801|3G0203R01853|88073000|0|0|0|0|0|0|0|0|0|1|3|20260601|182745|20260715|ABENAVIDES|2||3|0|0|0|||0|0|0|PC|0|0|0|||0||1784122447246
1|801|3G0203R01855|73269090|0|0|0|0|0|0|0|0|0|1|3|20260601|182745|20260715|ABENAVIDES|2||3|0|0|0|||0|0|0|PC|0|0|0|||0||1784122447253
1|801|3G0203R01857|88073000|0|0|0|0|0|0|0|0|0|1|3|20260601|182745|20260715|ABENAVIDES|2||3|0|0|0|||0|0|0|PC|0|0|0|||0||1784122447263
1|801|3G0203R01858|88073000|0|0|0|0|0|0|0|0|0|1|3|20260601|182745|20260715|ABENAVIDES|2||3|0|0|0|||0|0|0|PC|0|0|0|||0||1784122447271
1|801|3G0705G00131|73269090|0|0|0|0|0|0|0|0|0|1|3|20260601|182745|20260715|ABENAVIDES|2||3|0|0|0|||0|0|0|KG|0|0|0|||0||1784122447279
1|801|3G075G00532|88073000|0|0|0|0|0|0|0|0|0|1|3|20260601|182745|20260715|ABENAVIDES|2||3|0|0|0|||0|0|0|PC|0|0|0|||0||1784122447287
1|801|3G2141V10952|90318099|0|0|0|0|0|0|0|0|0|1|3|20260601|182745|20260715|ABENAVIDES|2||3|0|0|0|||0|0|0|UN|0|0|0|||0||1784122447294
1|801|3G2141V11053|90318099|0|0|0|0|0|0|0|0|0|1|3|20260601|182745|20260715|ABENAVIDES|2||3|0|0|0|||0|0|0|UN|0|0|0|||0||1784122447305
1|801|3G2405G00131|90303390|0|0|0|0|0|0|0|0|0|1|3|20260601|182745|20260715|ABENAVIDES|2||3|0|0|0|||0|0|0|PC|0|0|0|||0||1784122447312
1|801|3G2510L00151|88073000|0|0|0|0|0|0|0|0|0|1|3|20260601|182745|20260715|ABENAVIDES|2||3|0|0|0|||0|0|0|PC|0|0|0|||0||1784122447320
1|801|3G2560V00434|84289010|0|0|0|0|0|0|0|0|0|1|3|20260601|182745|20260715|ABENAVIDES|2||3|0|0|0|||0|0|0|UN|0|0|0|||0||1784122447329
1|801|3G2620V00251|84119100|0|0|0|0|0|0|0|0|0|1|3|20260601|182745|20260715|ABENAVIDES|2||3|0|0|0|||0|0|0|KG|0|0|0|||0||1784122447340
1|801|3G2910V00133|84828000|0|0|0|0|0|0|0|0|0|1|3|20260601|182745|20260715|ABENAVIDES|2||3|0|0|0|||0|0|0|UN|0|0|0|||0||1784122447348
1|801|3G3040V00352|90173090|0|0|0|0|0|0|0|0|0|1|3|20260601|182745|20260715|ABENAVIDES|2||3|0|0|0|||0|0|0|UN|0|0|0|||0||1784122447356
1|801|3G3120A00231|90173090|0|0|0|0|0|0|0|0|0|1|3|20260601|182745|20260715|ABENAVIDES|2||3|0|0|0|||0|0|0|UN|0|0|0|||0||1784122447364
1|801|3G3205G00731|90318099|0|0|0|0|0|0|0|0|0|1|3|20260601|182745|20260715|ABENAVIDES|2||3|0|0|0|||0|0|0|PC|0|0|0|||0||1784122447373
1|801|3G3210L00151|90149000|0|0|0|0|0|0|0|0|0|1|3|20260601|182745|20260715|ABENAVIDES|2||3|0|0|0|||0|0|0|KG|0|0|0|||0||1784122447381
1|801|3G3210V00137|88072000|0|0|0|0|0|0|0|0|0|1|3|20260601|182745|20260715|ABENAVIDES|2||3|0|0|0|||0|0|0|KG|0|0|0|||0||1784122447389
1|801|3G3230V00234|88073000|0|0|0|0|0|0|0|0|0|1|3|20260601|182745|20260715|ABENAVIDES|2||3|0|0|0|||0|0|0|KG|0|0|0|||0||1784122447397
1|801|3G3240V00332|88072000|0|0|0|0|0|0|0|0|0|1|3|20260601|182745|20260715|ABENAVIDES|2||3|0|0|0|||0|0|0|UN|0|0|0|||0||1784122447407
1|801|3G3350V00251|90212900|0|0|0|0|0|0|0|0|0|1|3|20260601|182745|20260715|ABENAVIDES|2||3|0|0|0|||0|0|0|KG|0|0|0|||0||1784122447415
1|801|3G5213A01851|84835090|0|0|0|0|0|0|0|0|0|1|3|20260601|182745|20260715|ABENAVIDES|2||3|0|0|0|||0|0|0|PC|0|0|0|||0||1784122447423
1|801|3G5351A01152|88073000|0|0|0|0|0|0|0|0|0|1|3|20260601|182745|20260715|ABENAVIDES|2||3|0|0|0|||0|0|0|KG|0|0|0|||0||1784122447431
1|801|3G5351A01533|73269090|0|0|0|0|0|0|0|0|0|1|3|20260601|182745|20260715|ABENAVIDES|2||3|0|0|0|||0|0|0|KG|0|0|0|||0||1784122447439
1|801|3G5510A04053|90212900|0|0|0|0|0|0|0|0|0|1|3|20260601|182745|20260715|ABENAVIDES|2||3|0|0|0|||0|0|0|KG|0|0|0|||0||1784122447447
1|801|3G6005G01531|90173090|0|0|0|0|0|0|0|0|0|1|3|20260601|182745|20260715|ABENAVIDES|2||3|0|0|0|||0|0|0|PC|0|0|0|||0||1784122447456
1|801|3G6205G00432|90318099|0|0|0|0|0|0|0|0|0|1|3|20260601|182745|20260715|ABENAVIDES|2||3|0|0|0|||0|0|0|PC|0|0|0|||0||1784122447471
1|801|3G6205G06032|82055900|0|0|0|0|0|0|0|0|0|1|3|20260601|182745|20260715|ABENAVIDES|2||3|0|0|0|||0|0|0|PC|0|0|0|||0||1784122447479
1|801|3G6205G09132|82055900|0|0|0|0|0|0|0|0|0|1|3|20260601|182745|20260715|ABENAVIDES|2||3|0|0|0|||0|0|0|PC|0|0|0|||0||1784122447487
1|801|3G6220A00732|88073000|0|0|0|0|0|0|0|0|0|1|3|20260601|182745|20260715|ABENAVIDES|2||3|0|0|0|||0|0|0|KG|0|0|0|||0||1784122447495
1|801|3G6220A05351AA|88073000|0|0|0|0|0|0|0|0|0|1|3|20260601|182745|20260715|ABENAVIDES|2||3|0|0|0|||0|0|0|PC|0|0|0|||0||1784122447503
1|801|3G6220V01353|88073000|0|0|0|0|0|0|0|0|0|1|3|20260601|182745|20260715|ABENAVIDES|2||3|0|0|0|||0|0|0|KG|0|0|0|||0||1784122447511
1|801|3G6230A00732|88071000|0|0|0|0|0|0|0|0|0|1|3|20260601|182745|20260715|ABENAVIDES|2||3|0|0|0|||0|0|0|KG|0|0|0|||0||1784122447523
1|801|3G6230A01033|88071000|0|0|0|0|0|0|0|0|0|1|3|20260601|182745|20260715|ABENAVIDES|2||3|0|0|0|||0|0|0|KG|0|0|0|||0||1784122447533
1|801|3G6230A02033|88071000|0|0|0|0|0|0|0|0|0|1|3|20260601|182745|20260715|ABENAVIDES|2||3|0|0|0|||0|0|0|KG|0|0|0|||0||1784122447551
1|801|3G6230A03633|88071000|0|0|0|0|0|0|0|0|0|1|3|20260601|182745|20260715|ABENAVIDES|2||3|0|0|0|||0|0|0|KG|0|0|0|||0||1784122447562
1|801|3G6230A2033|88071000|0|0|0|0|0|0|0|0|0|1|3|20260601|182745|20260715|ABENAVIDES|2||3|0|0|0|||0|0|0|PC|0|0|0|||0||1784122447572
1|801|3G6305G08731|39269090|0|0|0|0|0|0|0|0|0|1|3|20260601|182745|20260715|ABENAVIDES|2||3|0|0|0|||0|0|0|PC|0|0|0|||0||1784122447586
1|801|3G6320A00433|84145990|0|0|0|0|0|0|0|0|0|1|3|20260601|182745|20260715|ABENAVIDES|2||3|0|0|0|||0|0|0|UN|0|0|0|||0||1784122447597
1|801|3G6320V03853|84145990|0|0|0|0|0|0|0|0|0|1|3|20260601|182745|20260715|ABENAVIDES|2||3|0|0|0|||0|0|0|UN|0|0|0|||0||1784122447605
1|801|3G6340V00151|85369090|0|0|0|0|0|0|0|0|0|1|3|20260601|182745|20260715|ABENAVIDES|2||3|0|0|0|||0|0|0|PC|0|0|0|||0||1784122447613
1|801|3G6340V00451|85369090|0|0|0|0|0|0|0|0|0|1|3|20260601|182745|20260715|ABENAVIDES|2||3|0|0|0|||0|0|0|UN|0|0|0|||0||1784122447623
1|801|3G6340V01451|84839000|0|0|0|0|0|0|0|0|0|1|3|20260601|182745|20260715|ABENAVIDES|2||3|0|0|0|||0|0|0|KG|0|0|0|||0||1784122447631
1|801|3G6410A00133|88071000|0|0|0|0|0|0|0|0|0|1|3|20260601|182745|20260715|ABENAVIDES|2||3|0|0|0|||0|0|0|KG|0|0|0|||0||1784122447638
1|801|3G6410L00152|85441990|0|0|0|0|0|0|0|0|0|1|3|20260601|182745|20260715|ABENAVIDES|2||3|0|0|0|||0|0|0|KG|0|0|0|||0||1784122447650
1|801|3G6420A01152|73269090|0|0|0|0|0|0|0|0|0|1|3|20260601|182745|20260715|ABENAVIDES|2||3|0|0|0|||0|0|0|PC|0|0|0|||0||1784122447657
1|801|3G6420A02151|73269090|0|0|0|0|0|0|0|0|0|1|3|20260601|182745|20260715|ABENAVIDES|2||3|0|0|0|||0|0|0|PC|0|0|0|||0||1784122447664
1|801|3G6430A01453|90212900|0|0|0|0|0|0|0|0|0|1|3|20260601|182745|20260715|ABENAVIDES|2||3|0|0|0|||0|0|0|KG|0|0|0|||0||1784122447672
1|801|3G6430L00251|88071000|0|0|0|0|0|0|0|0|0|1|3|20260601|182745|20260715|ABENAVIDES|2||3|0|0|0|||0|0|0|PC|0|0|0|||0||1784122447679
1|801|3G6510A01132|88071000|0|0|0|0|0|0|0|0|0|1|3|20260601|182745|20260715|ABENAVIDES|2||3|0|0|0|||0|0|0|KG|0|0|0|||0||1784122447687
1|801|3G7105G01151|82055900|0|0|0|0|0|0|0|0|0|1|3|20260601|182745|20260715|ABENAVIDES|2||3|0|0|0|||0|0|0|PC|0|0|0|||0||1784122447696
1|801|3G7120V00131|85369090|0|0|0|0|0|0|0|0|0|1|3|20260601|182745|20260715|ABENAVIDES|2||3|0|0|0|||0|0|0|UN|0|0|0|||0||1784122447704
1|801|3G7610V00851|84119100|0|0|0|0|0|0|0|0|0|1|3|20260601|182745|20260715|ABENAVIDES|2||3|0|0|0|||0|0|0|KG|0|0|0|||0||1784122447714
1|801|3G7800L00132|88073000|0|0|0|0|0|0|0|0|0|1|3|20260601|182745|20260715|ABENAVIDES|2||3|0|0|0|||0|0|0|KG|0|0|0|||0||1784122447724
1|801|3G7800L00134|84119100|0|0|0|0|0|0|0|0|0|1|3|20260601|182745|20260715|ABENAVIDES|2||3|0|0|0|||0|0|0|PC|0|0|0|||0||1784122447731
1|801|3G9560V00231|84289010|0|0|0|0|0|0|0|0|0|1|3|20260601|182745|20260715|ABENAVIDES|2||3|0|0|0|||0|0|0|UN|0|0|0|||0||1784122447739
1|801|3P5330A13751|90142090|0|0|0|0|0|0|0|0|0|1|3|20260601|182745|20260715|ABENAVIDES|2||3|0|0|0|||0|0|0|PC|0|0|0|||0||1784122447747
1|801|3P7110A13751|73269090|0|0|0|0|0|0|0|0|0|1|3|20260601|182745|20260715|ABENAVIDES|2||3|0|0|0|||0|0|0|PC|0|0|0|||0||1784122447754
1|801|3P7110A13851|73269090|0|0|0|0|0|0|0|0|0|1|3|20260601|182745|20260715|ABENAVIDES|2||3|0|0|0|||0|0|0|PC|0|0|0|||0||1784122447762
1|801|3T6510V00152|84091000|0|0|0|0|0|0|0|0|0|1|3|20260601|182745|20260715|ABENAVIDES|2||3|0|0|0|||0|0|0|KG|0|0|0|||0||1784122447770
1|801|3T6521A00231|73269090|0|0|0|0|0|0|0|0|0|1|3|20260601|182745|20260715|ABENAVIDES|2||3|0|0|0|||0|0|0|KG|0|0|0|||0||1784122447777
1|801|40-412|88072000|0|0|0|0|0|0|0|0|0|1|3|20260601|182745|20260715|ABENAVIDES|2||3|0|0|0|||0|0|0|KG|0|0|0|||0||1784122447786
1|801|4000811025|82031010|0|0|0|0|0|0|0|0|0|1|3|20260601|182745|20260715|ABENAVIDES|2||3|0|0|0|||0|0|0|PC|0|0|0|||0||1784122447796
1|801|4000840266|82031010|0|0|0|0|0|0|0|0|0|1|3|20260601|182745|20260715|ABENAVIDES|2||3|0|0|0|||0|0|0|PC|0|0|0|||0||1784122447805
1|801|4000841191|96039000|0|0|0|0|0|0|0|0|0|1|3|20260601|182745|20260715|ABENAVIDES|2||3|0|0|0|||0|0|0|PC|0|0|0|||0||1784122447812
1|801|4000858560|90172000|0|0|0|0|0|0|0|0|0|1|3|20260601|182745|20260715|ABENAVIDES|2||3|0|0|0|||0|0|0|PC|0|0|0|||0||1784122447820
1|801|4000858760|90172000|0|0|0|0|0|0|0|0|0|1|3|20260601|182745|20260715|ABENAVIDES|2||3|0|0|0|||0|0|0|PC|0|0|0|||0||1784122447829
1|801|4000858911|90172000|0|0|0|0|0|0|0|0|0|1|3|20260601|182745|20260715|ABENAVIDES|2||3|0|0|0|||0|0|0|PC|0|0|0|||0||1784122447837
1|801|4001670-2513|85299030|0|0|0|0|0|0|0|0|0|1|3|20260601|182745|20260715|ABENAVIDES|2||3|0|0|0|||0|0|0|PC|0|0|0|||0||1784122447844
1|801|400851070|90173020|0|0|0|0|0|0|0|0|0|1|3|20260601|182745|20260715|ABENAVIDES|2||3|0|0|0|||0|0|0|EA|0|0|0|||0||1784122447852
1|801|400858437|90212900|0|0|0|0|0|0|0|0|0|1|3|20260601|182745|20260715|ABENAVIDES|2||3|0|0|0|||0|0|0|EA|0|0|0|||0||1784122447862
1|801|401-0036|85044090|0|0|0|0|0|0|0|0|0|1|3|20260601|182745|20260715|ABENAVIDES|2||3|0|0|0|||0|0|0|EA|0|0|0|||0||1784122447869
1|801|4020P25-5|84212990|0|0|0|0|0|0|0|0|0|1|3|20260601|182745|20260715|ABENAVIDES|2||3|0|0|0|||0|0|0|UN|0|0|0|||0||1784122447876
1|801|40243G02|85189090|0|0|0|0|0|0|0|0|0|1|3|20260601|182745|20260715|ABENAVIDES|2||3|0|0|0|||0|0|0|PC|0|0|0|||0||1784122447884
1|801|40266G01|85189090|0|0|0|0|0|0|0|0|0|1|3|20260601|182745|20260715|ABENAVIDES|2||3|0|0|0|||0|0|0|PC|0|0|0|||0||1784122447894
1|801|403GC01Y01|85340059|0|0|0|0|0|0|0|0|0|1|3|20260601|182745|20260715|ABENAVIDES|2||3|0|0|0|||0|0|0|UN|0|0|0|||0||1784122447902
1|801|4045T30G14|84119100|0|0|0|0|0|0|0|0|0|1|3|20260601|182745|20260715|ABENAVIDES|2||3|0|0|0|||0|0|0|KG|0|0|0|||0||1784122447910
1|801|4045T30G15|84119100|0|0|0|0|0|0|0|0|0|1|3|20260601|182745|20260715|ABENAVIDES|2||3|0|0|0|||0|0|0|KG|0|0|0|||0||1784122447919
1|801|4061501081|70200090|0|0|0|0|0|0|0|0|0|1|3|20260601|182745|20260715|ABENAVIDES|2||3|0|0|0|||0|0|0|UN|0|0|0|||0||1784122447927
1|801|40867G01|85189090|0|0|0|0|0|0|0|0|0|1|3|20260601|182745|20260715|ABENAVIDES|2||3|0|0|0|||0|0|0|PC|0|0|0|||0||1784122447935
1|801|4110T52P10|84119100|0|0|0|0|0|0|0|0|0|1|3|20260601|182745|20260715|ABENAVIDES|2||3|0|0|0|||0|0|0|KG|0|0|0|||0||1784122447943
1|801|4110T53P06|84119100|0|0|0|0|0|0|0|0|0|1|3|20260601|182745|20260715|ABENAVIDES|2||3|0|0|0|||0|0|0|KG|0|0|0|||0||1784122447950
1|801|4110T55P45|90308990|0|0|0|0|0|0|0|0|0|1|3|20260601|182745|20260715|ABENAVIDES|2||3|0|0|0|||0|0|0|UN|0|0|0|||0||1784122447957
1|801|4111T27G03|84119100|0|0|0|0|0|0|0|0|0|1|3|20260601|182746|20260715|ABENAVIDES|2||3|0|0|0|||0|0|0|KG|0|0|0|||0||1784122447964
1|801|4135T18G03|84219910|0|0|0|0|0|0|0|0|0|1|3|20260601|182746|20260715|ABENAVIDES|2||3|0|0|0|||0|0|0|KG|0|0|0|||0||1784122447972
1|801|41411540|90211099|0|0|0|0|0|0|0|0|0|1|3|20260601|182746|20260715|ABENAVIDES|2||3|0|0|0|||0|0|0|PC|0|0|0|||0||1784122447980
1|801|416-00297-302|90149000|0|0|0|0|0|0|0|0|0|1|3|20260601|182746|20260715|ABENAVIDES|2||3|0|0|0|||0|0|0|PC|0|0|0|||0||1784122447987
1|801|416-00297-310|90149000|0|0|0|0|0|0|0|0|0|1|3|20260601|182746|20260715|ABENAVIDES|2||3|0|0|0|||0|0|0|PC|0|0|0|||0||1784122447994
1|801|416-9|84119100|0|0|0|0|0|0|0|0|0|1|3|20260601|182746|20260715|ABENAVIDES|2||3|0|0|0|||0|0|0|UN|0|0|0|||0||1784122448002
1|801|419-40-2|39269090|0|0|0|0|0|0|0|0|0|1|3|20260601|182746|20260715|ABENAVIDES|2||3|0|0|0|||0|0|0|PC|0|0|0|||0||1784122448010
1|801|41938011|84818039|0|0|0|0|0|0|0|0|0|1|3|20260601|182746|20260715|ABENAVIDES|2||3|0|0|0|||0|0|0|UN|0|0|0|||0||1784122448030
1|801|42000332460|90142090|0|0|0|0|0|0|0|0|0|1|3|20260601|182746|20260715|ABENAVIDES|2||3|0|0|0|||0|0|0|PC|0|0|0|||0||1784122448038
1|801|420387|40169300|0|0|0|0|0|0|0|0|0|1|3|20260601|182746|20260715|ABENAVIDES|2||3|0|0|0|||0|0|0|KG|0|0|0|||0||1784122448046
1|801|4230020-50|90019010|0|0|0|0|0|0|0|0|0|1|3|20260601|182746|20260715|ABENAVIDES|2||3|0|0|0|||0|0|0|PC|0|0|0|||0||1784122448056
1|801|425-2-60ALU|76071110|0|0|0|0|0|0|0|0|0|1|3|20260601|182746|20260715|ABENAVIDES|2||3|0|0|0|||0|0|0|PC|0|0|0|||0||1784122448063
1|801|42A12D|82055900|0|0|0|0|0|0|0|0|0|1|3|20260601|182746|20260715|ABENAVIDES|2||3|0|0|0|||0|0|0|PC|0|0|0|||0||1784122448073
1|801|42D8331|82014000|0|0|0|0|0|0|0|0|0|1|3|20260601|182746|20260715|ABENAVIDES|2||3|0|0|0|||0|0|0|PC|0|0|0|||0||1784122448080
1|801|4323271436|39269090|0|0|0|0|0|0|0|0|0|1|3|20260601|182746|20260715|ABENAVIDES|2||3|0|0|0|||0|0|0|PC|0|0|0|||0||1784122448088
1|801|43838002|88073000|0|0|0|0|0|0|0|0|0|1|3|20260601|182746|20260715|ABENAVIDES|2||3|0|0|0|||0|0|0|UN|0|0|0|||0||1784122448096
1|801|4416|40169300|0|0|0|0|0|0|0|0|0|1|3|20260601|182746|20260715|ABENAVIDES|2||3|0|0|0|||0|0|0|KG|0|0|0|||0||1784122448103
1|801|444582000121|85391090|0|0|0|0|0|0|0|0|0|1|3|20260601|182746|20260715|ABENAVIDES|2||3|0|0|0|||0|0|0|PC|0|0|0|||0||1784122448111
1|801|45-0182-1|85391090|0|0|0|0|0|0|0|0|0|1|3|20260601|182746|20260715|ABENAVIDES|2||3|0|0|0|||0|0|0|PC|0|0|0|||0||1784122448119
1|801|453-5068|85299019|0|0|0|0|0|0|0|0|0|1|3|20260601|182746|20260715|ABENAVIDES|2||3|0|0|0|||0|0|0|KG|0|0|0|||0||1784122448126
1|801|4622929406|52122400|0|0|0|0|0|0|0|0|0|1|3|20260601|182746|20260715|ABENAVIDES|2||3|0|0|0|||0|0|0|PC|0|0|0|||0||1784122448140
1|801|4625995323|70199000|0|0|0|0|0|0|0|0|0|1|3|20260601|182746|20260715|ABENAVIDES|2||3|0|0|0|||0|0|0|PC|0|0|0|||0||1784122448148
1|801|4885K41|73269090|0|0|0|0|0|0|0|0|0|1|3|20260601|182746|20260715|ABENAVIDES|2||3|0|0|0|||0|0|0|PC|0|0|0|||0||1784122448156
1|801|4980804|35069900|0|0|0|0|0|0|0|0|0|1|3|20260601|182746|20260715|ABENAVIDES|2||3|0|0|0|||0|0|0|PC|0|0|0|||0||1784122448165
1|801|4X35|88073000|0|0|0|0|0|0|0|0|0|1|3|20260601|182746|20260715|ABENAVIDES|2||3|0|0|0|||0|0|0|EA|0|0|0|||0||1784122448173
1|801|500-12Y|85176199|0|0|0|0|0|0|0|0|0|1|3|20260601|182746|20260715|ABENAVIDES|2||3|0|0|0|||0|0|0|UN|0|0|0|||0||1784122448185
1|801|500-27|85176199|0|0|0|0|0|0|0|0|0|1|3|20260601|182746|20260715|ABENAVIDES|2||3|0|0|0|||0|0|0|UN|0|0|0|||0||1784122448195
1|801|501-1-712-01|85044090|0|0|0|0|0|0|0|0|0|1|3|20260601|182746|20260715|ABENAVIDES|2||3|0|0|0|||0|0|0|PC|0|0|0|||0||1784122448207
1|801|501-1228-04|85044090|0|0|0|0|0|0|0|0|0|1|3|20260601|182746|20260715|ABENAVIDES|2||3|0|0|0|||0|0|0|PC|0|0|0|||0||1784122448217
1|801|501-1453-01|90142090|0|0|0|0|0|0|0|0|0|1|3|20260601|182746|20260715|ABENAVIDES|2||3|0|0|0|||0|0|0|PC|0|0|0|||0||1784122448224
1|801|501-1712-03|85392110|0|0|0|0|0|0|0|0|0|1|3|20260601|182746|20260715|ABENAVIDES|2||3|0|0|0|||0|0|0|UN|0|0|0|||0||1784122448235
1|801|503-16LMD|88073000|0|0|0|0|0|0|0|0|0|1|3|20260601|182746|20260715|ABENAVIDES|2||3|0|0|0|||0|0|0|UN|0|0|0|||0||1784122448243
1|801|503-24-6A|85299019|0|0|0|0|0|0|0|0|0|1|3|20260601|182746|20260715|ABENAVIDES|2||3|0|0|0|||0|0|0|KG|0|0|0|||0||1784122448251
1|801|503-24-8G|85269100|0|0|0|0|0|0|0|0|0|1|3|20260601|182746|20260715|ABENAVIDES|2||3|0|0|0|||0|0|0|UN|0|0|0|||0||1784122448258
1|801|5034T91P06|84813000|0|0|0|0|0|0|0|0|0|1|3|20260601|182746|20260715|ABENAVIDES|2||3|0|0|0|||0|0|0|UN|0|0|0|||0||1784122448267
1|801|5036T25G01|84813000|0|0|0|0|0|0|0|0|0|1|3|20260601|182746|20260715|ABENAVIDES|2||3|0|0|0|||0|0|0|KG|0|0|0|||0||1784122448275
1|801|504-0017-901|90142090|0|0|0|0|0|0|0|0|0|1|3|20260601|182746|20260715|ABENAVIDES|2||3|0|0|0|||0|0|0|UN|0|0|0|||0||1784122448284
1|801|50459001|88073000|0|0|0|0|0|0|0|0|0|1|3|20260601|182746|20260715|ABENAVIDES|2||3|0|0|0|||0|0|0|KG|0|0|0|||0||1784122448292
1|801|505-626-50|90173090|0|0|0|0|0|0|0|0|0|1|3|20260601|182746|20260715|ABENAVIDES|2||3|0|0|0|||0|0|0|PC|0|0|0|||0||1784122448300
1|801|5062-0028|84811000|0|0|0|0|0|0|0|0|0|1|3|20260601|182746|20260715|ABENAVIDES|2||3|0|0|0|||0|0|0|PC|0|0|0|||0||1784122448308
1|801|5074T54G01|90261019|0|0|0|0|0|0|0|0|0|1|3|20260601|182746|20260715|ABENAVIDES|2||3|0|0|0|||0|0|0|UN|0|0|0|||0||1784122448315
1|801|508636|90261019|0|0|0|0|0|0|0|0|0|1|3|20260601|182746|20260715|ABENAVIDES|2||3|0|0|0|||0|0|0|UN|0|0|0|||0||1784122448327
1|801|509019-2|88073000|0|0|0|0|0|0|0|0|0|1|3|20260601|182746|20260715|ABENAVIDES|2||3|0|0|0|||0|0|0|EA|0|0|0|||0||1784122448335
1|801|510399|27101994|0|0|0|0|0|0|0|0|0|1|3|20260601|182746|20260715|ABENAVIDES|2||3|0|0|0|||0|0|0|KG|0|0|0|||0||1784122448343
1|801|510FLUID|27101994|0|0|0|0|0|0|0|0|0|1|3|20260601|182746|20260715|ABENAVIDES|2||3|0|0|0|||0|0|0|UN|0|0|0|||0||1784122448351
1|801|5128T49P01|85119000|0|0|0|0|0|0|0|0|0|1|3|20260601|182746|20260715|ABENAVIDES|2||3|0|0|0|||0|0|0|KG|0|0|0|||0||1784122448359
1|801|520VR01D1T36BNY|85365090|0|0|0|0|0|0|0|0|0|1|3|20260601|182746|20260715|ABENAVIDES|2||3|0|0|0|||0|0|0|PC|0|0|0|||0||1784122448367
1|801|521352|85044090|0|0|0|0|0|0|0|0|0|1|3|20260601|182746|20260715|ABENAVIDES|2||3|0|0|0|||0|0|0|PC|0|0|0|||0||1784122448374
1|801|540-1471-1|35069900|0|0|0|0|0|0|0|0|0|1|3|20260601|182746|20260715|ABENAVIDES|2||3|0|0|0|||0|0|0|UN|0|0|0|||0||1784122448383
1|801|5448-712-91-10|90262010|0|0|0|0|0|0|0|0|0|1|3|20260601|182746|20260715|ABENAVIDES|2||3|0|0|0|||0|0|0|UN|0|0|0|||0||1784122448390
1|801|5481-1|35069190|0|0|0|0|0|0|0|0|0|1|3|20260601|182746|20260715|ABENAVIDES|2||3|0|0|0|||0|0|0|PC|0|0|0|||0||1784122448402
1|801|54920702|73269090|0|0|0|0|0|0|0|0|0|1|3|20260601|182746|20260715|ABENAVIDES|2||3|0|0|0|||0|0|0|KG|0|0|0|||0||1784122448409
1|801|5499-02|90318099|0|0|0|0|0|0|0|0|0|1|3|20260601|182746|20260715|ABENAVIDES|2||3|0|0|0|||0|0|0|UN|0|0|0|||0||1784122448417
1|801|55-0834-641L2D2|85323090|0|0|0|0|0|0|0|0|0|1|3|20260601|182746|20260715|ABENAVIDES|2||3|0|0|0|||0|0|0|PC|0|0|0|||0||1784122448425
1|801|5501062005|39173900|0|0|0|0|0|0|0|0|0|1|3|20260601|182746|20260715|ABENAVIDES|2||3|0|0|0|||0|0|0|EA|0|0|0|||0||1784122448434
1|801|555-25-221-1|39269090|0|0|0|0|0|0|0|0|0|1|3|20260601|182746|20260715|ABENAVIDES|2||3|0|0|0|||0|0|0|EA|0|0|0|||0||1784122448442
1|801|555705|83100000|0|0|0|0|0|0|0|0|0|1|3|20260601|182746|20260715|ABENAVIDES|2||3|0|0|0|||0|0|0|PC|0|0|0|||0||1784122448450
1|801|55A1821-22-2-6-|88071000|0|0|0|0|0|0|0|0|0|1|3|20260601|182746|20260715|ABENAVIDES|2||3|0|0|0|||0|0|0|PC|0|0|0|||0||1784122448457
1|801|560|82014000|0|0|0|0|0|0|0|0|0|1|3|20260601|182746|20260715|ABENAVIDES|2||3|0|0|0|||0|0|0|PC|0|0|0|||0||1784122448475
1|801|57000154-001|85444200|0|0|0|0|0|0|0|0|0|1|3|20260601|182746|20260715|ABENAVIDES|2||3|0|0|0|||0|0|0|UN|0|0|0|||0||1784122448485
1|801|57303-250|39269090|0|0|0|0|0|0|0|0|0|1|3|20260601|182746|20260715|ABENAVIDES|2||3|0|0|0|||0|0|0|PC|0|0|0|||0||1784122448499
1|801|57420|84219910|0|0|0|0|0|0|0|0|0|1|3|20260601|182746|20260715|ABENAVIDES|2||3|0|0|0|||0|0|0|UN|0|0|0|||0||1784122448513
1|801|5G-PAIL-L-GND|73269090|0|0|0|0|0|0|0|0|0|1|3|20260601|182746|20260715|ABENAVIDES|2||3|0|0|0|||0|0|0|PC|0|0|0|||0||1784122448521
1|801|5J211EBWBBCEGMR|85118090|0|0|0|0|0|0|0|0|0|1|3|20260601|182746|20260715|ABENAVIDES|2||3|0|0|0|||0|0|0|PC|0|0|0|||0||1784122448529
1|801|60-346-7075T651|76042920|0|0|0|0|0|0|0|0|0|1|3|20260601|182746|20260715|ABENAVIDES|2||3|0|0|0|||0|0|0|PC|0|0|0|||0||1784122448540
1|801|60-93330|84159090|0|0|0|0|0|0|0|0|0|1|3|20260601|182746|20260715|ABENAVIDES|2||3|0|0|0|||0|0|0|PC|0|0|0|||0||1784122448548
1|801|6068T58G36|84119100|0|0|0|0|0|0|0|0|0|1|3|20260601|182746|20260715|ABENAVIDES|2||3|0|0|0|||0|0|0|KG|0|0|0|||0||1784122448556
1|801|6068T58G39|84119100|0|0|0|0|0|0|0|0|0|1|3|20260601|182746|20260715|ABENAVIDES|2||3|0|0|0|||0|0|0|KG|0|0|0|||0||1784122448564
1|801|60703005|88073000|0|0|0|0|0|0|0|0|0|1|3|20260601|182746|20260715|ABENAVIDES|2||3|0|0|0|||0|0|0|PC|0|0|0|||0||1784122448572
1|801|6080T13G08|84119100|0|0|0|0|0|0|0|0|0|1|3|20260601|182746|20260715|ABENAVIDES|2||3|0|0|0|||0|0|0|KG|0|0|0|||0||1784122448579
1|801|6082T16G46|84119100|0|0|0|0|0|0|0|0|0|1|3|20260601|182746|20260715|ABENAVIDES|2||3|0|0|0|||0|0|0|KG|0|0|0|||0||1784122448587
1|801|60SX200|84119100|0|0|0|0|0|0|0|0|0|1|3|20260601|182746|20260715|ABENAVIDES|2||3|0|0|0|||0|0|0|EA|0|0|0|||0||1784122448595
1|801|61170-20240-102|73269090|0|0|0|0|0|0|0|0|0|1|3|20260601|182746|20260715|ABENAVIDES|2||3|0|0|0|||0|0|0|PC|0|0|0|||0||1784122448606
1|801|61350-20435-101|73221900|0|0|0|0|0|0|0|0|0|1|3|20260601|182746|20260715|ABENAVIDES|2||3|0|0|0|||0|0|0|UN|0|0|0|||0||1784122448613
1|801|61650-20300-041|84834090|0|0|0|0|0|0|0|0|0|1|3|20260601|182746|20260715|ABENAVIDES|2||3|0|0|0|||0|0|0|PC|0|0|0|||0||1784122448622
1|801|617954004|85299019|0|0|0|0|0|0|0|0|0|1|3|20260601|182746|20260715|ABENAVIDES|2||3|0|0|0|||0|0|0|KG|0|0|0|||0||1784122448631
1|801|62013160S113003|88071000|0|0|0|0|0|0|0|0|0|1|3|20260601|182746|20260715|ABENAVIDES|2||3|0|0|0|||0|0|0|PC|0|0|0|||0||1784122448639
1|801|621-396-231|90262090|0|0|0|0|0|0|0|0|0|1|3|20260601|182746|20260715|ABENAVIDES|2||3|0|0|0|||0|0|0|UN|0|0|0|||0||1784122448646
1|801|622-1032-001|85299019|0|0|0|0|0|0|0|0|0|1|3|20260601|182746|20260715|ABENAVIDES|2||3|0|0|0|||0|0|0|KG|0|0|0|||0||1784122448655
1|801|622-1270-001|85269100|0|0|0|0|0|0|0|0|0|1|3|20260601|182746|20260715|ABENAVIDES|2||3|0|0|0|||0|0|0|UN|0|0|0|||0||1784122448662
1|801|622-2883-001|90149000|0|0|0|0|0|0|0|0|0|1|3|20260601|182746|20260715|ABENAVIDES|2||3|0|0|0|||0|0|0|PC|0|0|0|||0||1784122448672
1|801|622-4526-015|85299019|0|0|0|0|0|0|0|0|0|1|3|20260601|182746|20260715|ABENAVIDES|2||3|0|0|0|||0|0|0|PC|0|0|0|||0||1784122448680
1|801|622-5337-001|85171410|0|0|0|0|0|0|0|0|0|1|3|20260601|182746|20260715|ABENAVIDES|2||3|0|0|0|||0|0|0|PC|0|0|0|||0||1784122448687
1|801|622-6152-001|85176199|0|0|0|0|0|0|0|0|0|1|3|20260601|182746|20260715|ABENAVIDES|2||3|0|0|0|||0|0|0|PC|0|0|0|||0||1784122448695
1|801|622-6590-001|39199090|0|0|0|0|0|0|0|0|0|1|3|20260601|182746|20260715|ABENAVIDES|2||3|0|0|0|||0|0|0|PC|0|0|0|||0||1784122448703
1|801|622-7194-201|85176199|0|0|0|0|0|0|0|0|0|1|3|20260601|182746|20260715|ABENAVIDES|2||3|0|0|0|||0|0|0|UN|0|0|0|||0||1784122448711
1|801|622-7309-101|85176199|0|0|0|0|0|0|0|0|0|1|3|20260601|182746|20260715|ABENAVIDES|2||3|0|0|0|||0|0|0|UN|0|0|0|||0||1784122448718
1|801|622-9210-007|85269100|0|0|0|0|0|0|0|0|0|1|3|20260601|182746|20260715|ABENAVIDES|2||3|0|0|0|||0|0|0|PC|0|0|0|||0||1784122448726
1|801|630AA10 OZ|38249941|0|0|0|0|0|0|0|0|0|1|3|20260601|182746|20260715|ABENAVIDES|2||3|0|0|0|||0|0|0|PC|0|0|0|||0||1784122448736
1|801|630AA10OZ|27101999|0|0|0|0|0|0|0|0|0|1|3|20260601|182746|20260715|ABENAVIDES|2||3|0|0|0|||0|0|0|PC|0|0|0|||0||1784122448744
1|801|634|39100090|0|0|0|0|0|0|0|0|0|1|3|20260601|182746|20260715|ABENAVIDES|2||3|0|0|0|||0|0|0|EA|0|0|0|||0||1784122448752
1|801|636013450-170C1|88073000|0|0|0|0|0|0|0|0|0|1|3|20260601|182746|20260715|ABENAVIDES|2||3|0|0|0|||0|0|0|KG|0|0|0|||0||1784122448760
1|801|64279-516-2|85299019|0|0|0|0|0|0|0|0|0|1|3|20260601|182746|20260715|ABENAVIDES|2||3|0|0|0|||0|0|0|PC|0|0|0|||0||1784122448767
1|801|650173|88073000|0|0|0|0|0|0|0|0|0|1|3|20260601|182746|20260715|ABENAVIDES|2||3|0|0|0|||0|0|0|PC|0|0|0|||0||1784122448774
1|801|65550-01040-102|85311010|0|0|0|0|0|0|0|0|0|1|3|20260601|182746|20260715|ABENAVIDES|2||3|0|0|0|||0|0|0|PC|0|0|0|||0||1784122448785
1|801|65651-03011-103|73110000|0|0|0|0|0|0|0|0|0|1|3|20260601|182746|20260715|ABENAVIDES|2||3|0|0|0|||0|0|0|PC|0|0|0|||0||1784122448794
1|801|660-023Z109N98|73269090|0|0|0|0|0|0|0|0|0|1|3|20260601|182746|20260715|ABENAVIDES|2||3|0|0|0|||0|0|0|PC|0|0|0|||0||1784122448803
1|801|661439-001|85361000|0|0|0|0|0|0|0|0|0|1|3|20260601|182746|20260715|ABENAVIDES|2||3|0|0|0|||0|0|0|PC|0|0|0|||0||1784122448811
1|801|670D50|88073000|0|0|0|0|0|0|0|0|0|1|3|20260601|182746|20260715|ABENAVIDES|2||3|0|0|0|||0|0|0|PC|0|0|0|||0||1784122448819
1|801|68-S|82055900|0|0|0|0|0|0|0|0|0|1|3|20260601|182746|20260715|ABENAVIDES|2||3|0|0|0|||0|0|0|PC|0|0|0|||0||1784122448827
1|801|684-1009-200|85043111|0|0|0|0|0|0|0|0|0|1|3|20260601|182746|20260715|ABENAVIDES|2||3|0|0|0|||0|0|0|UN|0|0|0|||0||1784122448835
1|801|68802|84159090|0|0|0|0|0|0|0|0|0|1|3|20260601|182746|20260715|ABENAVIDES|2||3|0|0|0|||0|0|0|PC|0|0|0|||0||1784122448843
1|801|68849|84159090|0|0|0|0|0|0|0|0|0|1|3|20260601|182746|20260715|ABENAVIDES|2||3|0|0|0|||0|0|0|PC|0|0|0|||0||1784122448850
1|801|69000999-009|90149000|0|0|0|0|0|0|0|0|0|1|3|20260601|182746|20260715|ABENAVIDES|2||3|0|0|0|||0|0|0|PC|0|0|0|||0||1784122448858
1|801|69390|84839000|0|0|0|0|0|0|0|0|0|1|3|20260601|182746|20260715|ABENAVIDES|2||3|0|0|0|||0|0|0|PC|0|0|0|||0||1784122448865
1|801|6958-8|84733011|0|0|0|0|0|0|0|0|0|1|3|20260601|182746|20260715|ABENAVIDES|2||3|0|0|0|||0|0|0|UN|0|0|0|||0||1784122448873
1|801|7000300-901|90269010|0|0|0|0|0|0|0|0|0|1|3|20260601|182746|20260715|ABENAVIDES|2||3|0|0|0|||0|0|0|PC|0|0|0|||0||1784122448881
1|801|7001433-901|85299019|0|0|0|0|0|0|0|0|0|1|3|20260601|182746|20260715|ABENAVIDES|2||3|0|0|0|||0|0|0|PC|0|0|0|||0||1784122448888
1|801|7001840-934|85256001|0|0|0|0|0|0|0|0|0|1|3|20260601|182746|20260715|ABENAVIDES|2||3|0|0|0|||0|0|0|UN|0|0|0|||0||1784122448895
1|801|7002353-902|90142090|0|0|0|0|0|0|0|0|0|1|3|20260601|182746|20260715|ABENAVIDES|2||3|0|0|0|||0|0|0|PC|0|0|0|||0||1784122448903
1|801|7009330-911|85261000|0|0|0|0|0|0|0|0|0|1|3|20260601|182746|20260715|ABENAVIDES|2||3|0|0|0|||0|0|0|UN|0|0|0|||0||1784122448911
1|801|70150-09161-049|84719090|0|0|0|0|0|0|0|0|0|1|3|20260601|182746|20260715|ABENAVIDES|2||3|0|0|0|||0|0|0|UN|0|0|0|||0||1784122448919
1|801|70219-01045-101|88073000|0|0|0|0|0|0|0|0|0|1|3|20260601|182746|20260715|ABENAVIDES|2||3|0|0|0|||0|0|0|EA|0|0|0|||0||1784122448926
1|801|7024440-1901|90149000|0|0|0|0|0|0|0|0|0|1|3|20260601|182747|20260715|ABENAVIDES|2||3|0|0|0|||0|0|0|KG|0|0|0|||0||1784122448934
1|801|7025410-1901|90149000|0|0|0|0|0|0|0|0|0|1|3|20260601|182747|20260715|ABENAVIDES|2||3|0|0|0|||0|0|0|KG|0|0|0|||0||1784122448943
1|801|7026531-1902|88073000|0|0|0|0|0|0|0|0|0|1|3|20260601|182747|20260715|ABENAVIDES|2||3|0|0|0|||0|0|0|KG|0|0|0|||0||1784122448950
1|801|7026883-902|84716053|0|0|0|0|0|0|0|0|0|1|3|20260601|182747|20260715|ABENAVIDES|2||3|0|0|0|||0|0|0|KG|0|0|0|||0||1784122448958
1|801|7029194-1801|85371090|0|0|0|0|0|0|0|0|0|1|3|20260601|182747|20260715|ABENAVIDES|2||3|0|0|0|||0|0|0|KG|0|0|0|||0||1784122448967
1|801|703-A-KAGS.00|88073000|0|0|0|0|0|0|0|0|0|1|3|20260601|182747|20260715|ABENAVIDES|2||3|0|0|0|||0|0|0|PC|0|0|0|||0||1784122448974
1|801|70351-08049-104|39172900|0|0|0|0|0|0|0|0|0|1|3|20260601|182747|20260715|ABENAVIDES|2||3|0|0|0|||0|0|0|PC|0|0|0|||0||1784122448982
1|801|7036340-802|85241100|0|0|0|0|0|0|0|0|0|1|3|20260601|182747|20260715|ABENAVIDES|2||3|0|0|0|||0|0|0|UN|0|0|0|||0||1784122448989
1|801|7038231-1904|84311090|0|0|0|0|0|0|0|0|0|1|3|20260601|182747|20260715|ABENAVIDES|2||3|0|0|0|||0|0|0|KG|0|0|0|||0||1784122448997
1|801|703A91-0040-00|84311090|0|0|0|0|0|0|0|0|0|1|3|20260601|182747|20260715|ABENAVIDES|2||3|0|0|0|||0|0|0|PC|0|0|0|||0||1784122449005
1|801|703A91-0203-00|84311090|0|0|0|0|0|0|0|0|0|1|3|20260601|182747|20260715|ABENAVIDES|2||3|0|0|0|||0|0|0|PC|0|0|0|||0||1784122449043
1|801|703A92-0020-00|73262000|0|0|0|0|0|0|0|0|0|1|3|20260601|182747|20260715|ABENAVIDES|2||3|0|0|0|||0|0|0|PC|0|0|0|||0||1784122449050
1|801|703A92-2100-21|84311090|0|0|0|0|0|0|0|0|0|1|3|20260601|182747|20260715|ABENAVIDES|2||3|0|0|0|||0|0|0|PC|0|0|0|||0||1784122449058
1|801|703A94-0000-21|90261029|0|0|0|0|0|0|0|0|0|1|3|20260601|182747|20260715|ABENAVIDES|2||3|0|0|0|||0|0|0|PC|0|0|0|||0||1784122449067
1|801|703A94-6807-00|90318099|0|0|0|0|0|0|0|0|0|1|3|20260601|182747|20260715|ABENAVIDES|2||3|0|0|0|||0|0|0|PC|0|0|0|||0||1784122449099
1|801|703A94680700|90318099|0|0|0|0|0|0|0|0|0|1|3|20260601|182747|20260715|ABENAVIDES|2||3|0|0|0|||0|0|0|PC|0|0|0|||0||1784122449107
1|801|70400-06660-048|40169300|0|0|0|0|0|0|0|0|0|1|3|20260601|182747|20260715|ABENAVIDES|2||3|0|0|0|||0|0|0|KG|0|0|0|||0||1784122449115
1|801|70400-06695-102|40169300|0|0|0|0|0|0|0|0|0|1|3|20260601|182747|20260715|ABENAVIDES|2||3|0|0|0|||0|0|0|KG|0|0|0|||0||1784122449123
1|801|70437-721-110|85043111|0|0|0|0|0|0|0|0|0|1|3|20260601|182747|20260715|ABENAVIDES|2||3|0|0|0|||0|0|0|EA|0|0|0|||0||1784122449131
1|801|704A31-2110-20|40169990|0|0|0|0|0|0|0|0|0|1|3|20260601|182747|20260715|ABENAVIDES|2||3|0|0|0|||0|0|0|EA|0|0|0|||0||1784122449138
1|801|704A33-220-033|88073000|0|0|0|0|0|0|0|0|0|1|3|20260601|182747|20260715|ABENAVIDES|2||3|0|0|0|||0|0|0|EA|0|0|0|||0||1784122449146
1|801|704A33-633-198|90212900|0|0|0|0|0|0|0|0|0|1|3|20260601|182747|20260715|ABENAVIDES|2||3|0|0|0|||0|0|0|PC|0|0|0|||0||1784122449156
1|801|704A34-121-011|73269090|0|0|0|0|0|0|0|0|0|1|3|20260601|182747|20260715|ABENAVIDES|2||3|0|0|0|||0|0|0|KG|0|0|0|||0||1784122449163
1|801|704A34-240-012|84798932|0|0|0|0|0|0|0|0|0|1|3|20260601|182747|20260715|ABENAVIDES|2||3|0|0|0|||0|0|0|PC|0|0|0|||0||1784122449171
1|801|704A34-543-023|90212900|0|0|0|0|0|0|0|0|0|1|3|20260601|182747|20260715|ABENAVIDES|2||3|0|0|0|||0|0|0|KG|0|0|0|||0||1784122449179
1|801|704A34-612-004|90212900|0|0|0|0|0|0|0|0|0|1|3|20260601|182747|20260715|ABENAVIDES|2||3|0|0|0|||0|0|0|KG|0|0|0|||0||1784122449187
1|801|704A34-629-024|84219999|0|0|0|0|0|0|0|0|0|1|3|20260601|182747|20260715|ABENAVIDES|2||3|0|0|0|||0|0|0|PC|0|0|0|||0||1784122449196
1|801|704A34629024|84212990|0|0|0|0|0|0|0|0|0|1|3|20260601|182747|20260715|ABENAVIDES|2||3|0|0|0|||0|0|0|PC|0|0|0|||0||1784122449203
1|801|704A36-5220-27|73269090|0|0|0|0|0|0|0|0|0|1|3|20260601|182747|20260715|ABENAVIDES|2||3|0|0|0|||0|0|0|PC|0|0|0|||0||1784122449211
1|801|704A37-721-110|90262090|0|0|0|0|0|0|0|0|0|1|3|20260601|182747|20260715|ABENAVIDES|2||3|0|0|0|||0|0|0|PC|0|0|0|||0||1784122449219
1|801|704A37-721-119|90328981|0|0|0|0|0|0|0|0|0|1|3|20260601|182747|20260715|ABENAVIDES|2||3|0|0|0|||0|0|0|PC|0|0|0|||0||1784122449226
1|801|704A43-210-009|85299019|0|0|0|0|0|0|0|0|0|1|3|20260601|182747|20260715|ABENAVIDES|2||3|0|0|0|||0|0|0|KG|0|0|0|||0||1784122449234
1|801|704A43-210-013|85176199|0|0|0|0|0|0|0|0|0|1|3|20260601|182747|20260715|ABENAVIDES|2||3|0|0|0|||0|0|0|UN|0|0|0|||0||1784122449241
1|801|704A43210009|90142090|0|0|0|0|0|0|0|0|0|1|3|20260601|182747|20260715|ABENAVIDES|2||3|0|0|0|||0|0|0|PC|0|0|0|||0||1784122449249
1|801|704A46-851-023|90292020|0|0|0|0|0|0|0|0|0|1|3|20260601|182747|20260715|ABENAVIDES|2||3|0|0|0|||0|0|0|PC|0|0|0|||0||1784122449256
1|801|704A46570102|85119000|0|0|0|0|0|0|0|0|0|1|3|20260601|182747|20260715|ABENAVIDES|2||3|0|0|0|||0|0|0|PC|0|0|0|||0||1784122449267
1|801|704A47-1332-34|90149000|0|0|0|0|0|0|0|0|0|1|3|20260601|182747|20260715|ABENAVIDES|2||3|0|0|0|||0|0|0|KG|0|0|0|||0||1784122449275
1|801|704A47315013|90149000|0|0|0|0|0|0|0|0|0|1|3|20260601|182747|20260715|ABENAVIDES|2||3|0|0|0|||0|0|0|PC|0|0|0|||0||1784122449283
1|801|706A31-350-019|39219090|0|0|0|0|0|0|0|0|0|1|3|20260601|182747|20260715|ABENAVIDES|2||3|0|0|0|||0|0|0|PC|0|0|0|||0||1784122449290
1|801|706A31-690-006|73262000|0|0|0|0|0|0|0|0|0|1|3|20260601|182747|20260715|ABENAVIDES|2||3|0|0|0|||0|0|0|PC|0|0|0|||0||1784122449298
1|801|706A33-999-007|39269090|0|0|0|0|0|0|0|0|0|1|3|20260601|182747|20260715|ABENAVIDES|2||3|0|0|0|||0|0|0|KG|0|0|0|||0||1784122449306
1|801|706A34-542-007|73269090|0|0|0|0|0|0|0|0|0|1|3|20260601|182747|20260715|ABENAVIDES|2||3|0|0|0|||0|0|0|PC|0|0|0|||0||1784122449313
1|801|706A34424016|88073000|0|0|0|0|0|0|0|0|0|1|3|20260601|182747|20260715|ABENAVIDES|2||3|0|0|0|||0|0|0|PC|0|0|0|||0||1784122449321
1|801|706A36-241-002|85299019|0|0|0|0|0|0|0|0|0|1|3|20260601|182747|20260715|ABENAVIDES|2||3|0|0|0|||0|0|0|PC|0|0|0|||0||1784122449328
1|801|706A36-428-014|39269090|0|0|0|0|0|0|0|0|0|1|3|20260601|182747|20260715|ABENAVIDES|2||3|0|0|0|||0|0|0|PC|0|0|0|||0||1784122449336
1|801|706A37-721-000|88073000|0|0|0|0|0|0|0|0|0|1|3|20260601|182747|20260715|ABENAVIDES|2||3|0|0|0|||0|0|0|PC|0|0|0|||0||1784122449343
1|801|706A39-821-002|40169300|0|0|0|0|0|0|0|0|0|1|3|20260601|182747|20260715|ABENAVIDES|2||3|0|0|0|||0|0|0|KG|0|0|0|||0||1784122449351
1|801|706A44-6750-00|40113000|0|0|0|0|0|0|0|0|0|1|3|20260601|182747|20260715|ABENAVIDES|2||3|0|0|0|||0|0|0|UN|0|0|0|||0||1784122449358
1|801|706A6-850-260|90149000|0|0|0|0|0|0|0|0|0|1|3|20260601|182747|20260715|ABENAVIDES|2||3|0|0|0|||0|0|0|PC|0|0|0|||0||1784122449366
1|801|706T01-1|40113000|0|0|0|0|0|0|0|0|0|1|3|20260601|182747|20260715|ABENAVIDES|2||3|0|0|0|||0|0|0|UN|0|0|0|||0||1784122449374
1|801|7075-T6|76061290|0|0|0|0|0|0|0|0|0|1|3|20260601|182747|20260715|ABENAVIDES|2||3|0|0|0|||0|0|0|EA|0|0|0|||0||1784122449381
1|801|7075T6|76061190|0|0|0|0|0|0|0|0|0|1|3|20260601|182747|20260715|ABENAVIDES|2||3|0|0|0|||0|0|0|PC|0|0|0|||0||1784122449389
1|801|7075T6511|76042920|0|0|0|0|0|0|0|0|0|1|3|20260601|182747|20260715|ABENAVIDES|2||3|0|0|0|||0|0|0|PC|0|0|0|||0||1784122449396
1|801|7099810-001|84253110|0|0|0|0|0|0|0|0|0|1|3|20260601|182747|20260715|ABENAVIDES|2||3|0|0|0|||0|0|0|UN|0|0|0|||0||1784122449404
1|801|70BM021700X|84119100|0|0|0|0|0|0|0|0|0|1|3|20260601|182747|20260715|ABENAVIDES|2||3|0|0|0|||0|0|0|PC|0|0|0|||0||1784122449411
1|801|70BM027210|84119100|0|0|0|0|0|0|0|0|0|1|3|20260601|182747|20260715|ABENAVIDES|2||3|0|0|0|||0|0|0|PC|0|0|0|||0||1784122449419
1|801|70BM027800|84119100|0|0|0|0|0|0|0|0|0|1|3|20260601|182747|20260715|ABENAVIDES|2||3|0|0|0|||0|0|0|KG|0|0|0|||0||1784122449427
1|801|70BM03770|84119100|0|0|0|0|0|0|0|0|0|1|3|20260601|182747|20260715|ABENAVIDES|2||3|0|0|0|||0|0|0|PC|0|0|0|||0||1784122449435
1|801|70BM037710|84119100|0|0|0|0|0|0|0|0|0|1|3|20260601|182747|20260715|ABENAVIDES|2||3|0|0|0|||0|0|0|KG|0|0|0|||0||1784122449442
1|801|70BM037810|84119100|0|0|0|0|0|0|0|0|0|1|3|20260601|182747|20260715|ABENAVIDES|2||3|0|0|0|||0|0|0|KG|0|0|0|||0||1784122449450
1|801|70BM041750|84119100|0|0|0|0|0|0|0|0|0|1|3|20260601|182747|20260715|ABENAVIDES|2||3|0|0|0|||0|0|0|KG|0|0|0|||0||1784122449458
1|801|70BM057800X|84119100|0|0|0|0|0|0|0|0|0|1|3|20260601|182747|20260715|ABENAVIDES|2||3|0|0|0|||0|0|0|PC|0|0|0|||0||1784122449466
1|801|70BM21700|84119100|0|0|0|0|0|0|0|0|0|1|3|20260601|182747|20260715|ABENAVIDES|2||3|0|0|0|||0|0|0|PC|0|0|0|||0||1784122449473
1|801|70CM012010|84119100|0|0|0|0|0|0|0|0|0|1|3|20260601|182747|20260715|ABENAVIDES|2||3|0|0|0|||0|0|0|PC|0|0|0|||0||1784122449480
1|801|70CMG01170|88073000|0|0|0|0|0|0|0|0|0|1|3|20260601|182747|20260715|ABENAVIDES|2||3|0|0|0|||0|0|0|EA|0|0|0|||0||1784122449488
1|801|70CMG01180|84119100|0|0|0|0|0|0|0|0|0|1|3|20260601|182747|20260715|ABENAVIDES|2||3|0|0|0|||0|0|0|EA|0|0|0|||0||1784122449495
1|801|70MG01120|90261019|0|0|0|0|0|0|0|0|0|1|3|20260601|182747|20260715|ABENAVIDES|2||3|0|0|0|||0|0|0|PC|0|0|0|||0||1784122449503
1|801|718-1462-017|85234920|0|0|0|0|0|0|0|0|0|1|3|20260601|182747|20260715|ABENAVIDES|2||3|0|0|0|||0|0|0|PC|0|0|0|||0||1784122449510
1|801|72|88073000|0|0|0|0|0|0|0|0|0|1|3|20260601|182747|20260715|ABENAVIDES|2||3|0|0|0|||0|0|0|PC|0|0|0|||0||1784122449518
1|801|72303-02301-043|73030000|0|0|0|0|0|0|0|0|0|1|3|20260601|182747|20260715|ABENAVIDES|2||3|0|0|0|||0|0|0|PC|0|0|0|||0||1784122449525
1|801|726589|94054900|0|0|0|0|0|0|0|0|0|1|3|20260601|182747|20260715|ABENAVIDES|2||3|0|0|0|||0|0|0|KG|0|0|0|||0||1784122449532
1|801|732|39100090|0|0|0|0|0|0|0|0|0|1|3|20260601|182747|20260715|ABENAVIDES|2||3|0|0|0|||0|0|0|PC|0|0|0|||0||1784122449540
1|801|73201-05002-128|76169900|0|0|0|0|0|0|0|0|0|1|3|20260601|182747|20260715|ABENAVIDES|2||3|0|0|0|||0|0|0|PC|0|0|0|||0||1784122449548
1|801|7361-04007-042|84829990|0|0|0|0|0|0|0|0|0|1|3|20260601|182747|20260715|ABENAVIDES|2||3|0|0|0|||0|0|0|KG|0|0|0|||0||1784122449555
1|801|749823|90261019|0|0|0|0|0|0|0|0|0|1|3|20260601|182747|20260715|ABENAVIDES|2||3|0|0|0|||0|0|0|PC|0|0|0|||0||1784122449563
1|801|7511900-99001|88073000|0|0|0|0|0|0|0|0|0|1|3|20260601|182747|20260715|ABENAVIDES|2||3|0|0|0|||0|0|0|KG|0|0|0|||0||1784122449571
1|801|76000-24000-042|88073000|0|0|0|0|0|0|0|0|0|1|3|20260601|182747|20260715|ABENAVIDES|2||3|0|0|0|||0|0|0|UN|0|0|0|||0||1784122449578
1|801|76070-035012-01|88071000|0|0|0|0|0|0|0|0|0|1|3|20260601|182747|20260715|ABENAVIDES|2||3|0|0|0|||0|0|0|PC|0|0|0|||0||1784122449586
1|801|76070-20005-105|76169900|0|0|0|0|0|0|0|0|0|1|3|20260601|182747|20260715|ABENAVIDES|2||3|0|0|0|||0|0|0|KG|0|0|0|||0||1784122449594
1|801|76070-20101-049|39199010|0|0|0|0|0|0|0|0|0|1|3|20260601|182747|20260715|ABENAVIDES|2||3|0|0|0|||0|0|0|KG|0|0|0|||0||1784122449602
1|801|76070-20532-103|73269090|0|0|0|0|0|0|0|0|0|1|3|20260601|182747|20260715|ABENAVIDES|2||3|0|0|0|||0|0|0|PC|0|0|0|||0||1784122449610
1|801|76070-30035-011|84829990|0|0|0|0|0|0|0|0|0|1|3|20260601|182747|20260715|ABENAVIDES|2||3|0|0|0|||0|0|0|PC|0|0|0|||0||1784122449617
1|801|76070-35012-011|76169900|0|0|0|0|0|0|0|0|0|1|3|20260601|182747|20260715|ABENAVIDES|2||3|0|0|0|||0|0|0|PC|0|0|0|||0||1784122449625
1|801|76070-55207-073|73269090|0|0|0|0|0|0|0|0|0|1|3|20260601|182747|20260715|ABENAVIDES|2||3|0|0|0|||0|0|0|PC|0|0|0|||0||1784122449632
1|801|76080-20047-111|73269090|0|0|0|0|0|0|0|0|0|1|3|20260601|182747|20260715|ABENAVIDES|2||3|0|0|0|||0|0|0|PC|0|0|0|||0||1784122449643
1|801|76080-20059-543|73269090|0|0|0|0|0|0|0|0|0|1|3|20260601|182747|20260715|ABENAVIDES|2||3|0|0|0|||0|0|0|PC|0|0|0|||0||1784122449651
1|801|7610-2|39219090|0|0|0|0|0|0|0|0|0|1|3|20260601|182747|20260715|ABENAVIDES|2||3|0|0|0|||0|0|0|PC|0|0|0|||0||1784122449661
1|801|76101-05101-041|88071000|0|0|0|0|0|0|0|0|0|1|3|20260601|182747|20260715|ABENAVIDES|2||3|0|0|0|||0|0|0|KG|0|0|0|||0||1784122449668
1|801|76101-08000-042|88071000|0|0|0|0|0|0|0|0|0|1|3|20260601|182747|20260715|ABENAVIDES|2||3|0|0|0|||0|0|0|PC|0|0|0|||0||1784122449676
1|801|76102-08011-046|88071000|0|0|0|0|0|0|0|0|0|1|3|20260601|182747|20260715|ABENAVIDES|2||3|0|0|0|||0|0|0|KG|0|0|0|||0||1784122449684
1|801|76104-08004-101|73269090|0|0|0|0|0|0|0|0|0|1|3|20260601|182747|20260715|ABENAVIDES|2||3|0|0|0|||0|0|0|KG|0|0|0|||0||1784122449692
1|801|76104-08020-047|88071000|0|0|0|0|0|0|0|0|0|1|3|20260601|182747|20260715|ABENAVIDES|2||3|0|0|0|||0|0|0|PC|0|0|0|||0||1784122449699
1|801|76104-08520-041|88071000|0|0|0|0|0|0|0|0|0|1|3|20260601|182747|20260715|ABENAVIDES|2||3|0|0|0|||0|0|0|KG|0|0|0|||0||1784122449707
1|801|76106-08050-041|88071000|0|0|0|0|0|0|0|0|0|1|3|20260601|182747|20260715|ABENAVIDES|2||3|0|0|0|||0|0|0|PC|0|0|0|||0||1784122449715
1|801|76150-09038-113|85366990|0|0|0|0|0|0|0|0|0|1|3|20260601|182747|20260715|ABENAVIDES|2||3|0|0|0|||0|0|0|PC|0|0|0|||0||1784122449724
1|801|76150-09043-050|76169900|0|0|0|0|0|0|0|0|0|1|3|20260601|182747|20260715|ABENAVIDES|2||3|0|0|0|||0|0|0|KG|0|0|0|||0||1784122449732
1|801|76150-09043-054|88071000|0|0|0|0|0|0|0|0|0|1|3|20260601|182747|20260715|ABENAVIDES|2||3|0|0|0|||0|0|0|KG|0|0|0|||0||1784122449740
1|801|76150-09100-049|88071000|0|0|0|0|0|0|0|0|0|1|3|20260601|182747|20260715|ABENAVIDES|2||3|0|0|0|||0|0|0|PC|0|0|0|||0||1784122449747
1|801|76201-02001-102|88073000|0|0|0|0|0|0|0|0|0|1|3|20260601|182747|20260715|ABENAVIDES|2||3|0|0|0|||0|0|0|EA|0|0|0|||0||1784122449755
1|801|76201-02004-127|88071000|0|0|0|0|0|0|0|0|0|1|3|20260601|182747|20260715|ABENAVIDES|2||3|0|0|0|||0|0|0|EA|0|0|0|||0||1784122449762
1|801|76203-03014-108|59070000|0|0|0|0|0|0|0|0|0|1|3|20260601|182747|20260715|ABENAVIDES|2||3|0|0|0|||0|0|0|EA|0|0|0|||0||1784122449770
1|801|76204-02008-120|73269090|0|0|0|0|0|0|0|0|0|1|3|20260601|182747|20260715|ABENAVIDES|2||3|0|0|0|||0|0|0|PC|0|0|0|||0||1784122449777
1|801|76204-02021-044|39219090|0|0|0|0|0|0|0|0|0|1|3|20260601|182747|20260715|ABENAVIDES|2||3|0|0|0|||0|0|0|KG|0|0|0|||0||1784122449784
1|801|76204-23003-106|73269090|0|0|0|0|0|0|0|0|0|1|3|20260601|182747|20260715|ABENAVIDES|2||3|0|0|0|||0|0|0|PC|0|0|0|||0||1784122449791
1|801|76207-02002-042|88073000|0|0|0|0|0|0|0|0|0|1|3|20260601|182747|20260715|ABENAVIDES|2||3|0|0|0|||0|0|0|PC|0|0|0|||0||1784122449802
1|801|76207-03033-175|73269090|0|0|0|0|0|0|0|0|0|1|3|20260601|182747|20260715|ABENAVIDES|2||3|0|0|0|||0|0|0|PC|0|0|0|||0||1784122449810
1|801|76207-03100-044|88073000|0|0|0|0|0|0|0|0|0|1|3|20260601|182747|20260715|ABENAVIDES|2||3|0|0|0|||0|0|0|PC|0|0|0|||0||1784122449818
1|801|76207-10005-045|88073000|0|0|0|0|0|0|0|0|0|1|3|20260601|182747|20260715|ABENAVIDES|2||3|0|0|0|||0|0|0|EA|0|0|0|||0||1784122449825
1|801|76207-10009-061|40169300|0|0|0|0|0|0|0|0|0|1|3|20260601|182747|20260715|ABENAVIDES|2||3|0|0|0|||0|0|0|KG|0|0|0|||0||1784122449836
1|801|76207-10106-042|88072000|0|0|0|0|0|0|0|0|0|1|3|20260601|182747|20260715|ABENAVIDES|2||3|0|0|0|||0|0|0|PC|0|0|0|||0||1784122449844
1|801|76209-03024-109|39269090|0|0|0|0|0|0|0|0|0|1|3|20260601|182747|20260715|ABENAVIDES|2||3|0|0|0|||0|0|0|PK|0|0|0|||0||1784122449852
1|801|76209-03802-101|73269090|0|0|0|0|0|0|0|0|0|1|3|20260601|182747|20260715|ABENAVIDES|2||3|0|0|0|||0|0|0|PC|0|0|0|||0||1784122449889
1|801|76212-03027-101|88073000|0|0|0|0|0|0|0|0|0|1|3|20260601|182747|20260715|ABENAVIDES|2||3|0|0|0|||0|0|0|EA|0|0|0|||0||1784122449899
1|801|76250-02104-101|82079000|0|0|0|0|0|0|0|0|0|1|3|20260601|182747|20260715|ABENAVIDES|2||3|0|0|0|||0|0|0|KG|0|0|0|||0||1784122449913
1|801|76251-01103-102|76169900|0|0|0|0|0|0|0|0|0|1|3|20260601|182747|20260715|ABENAVIDES|2||3|0|0|0|||0|0|0|KG|0|0|0|||0||1784122449924
1|801|76302-07028-066|84119100|0|0|0|0|0|0|0|0|0|1|3|20260601|182747|20260715|ABENAVIDES|2||3|0|0|0|||0|0|0|PC|0|0|0|||0||1784122449935
1|801|76302-07039-050|84119100|0|0|0|0|0|0|0|0|0|1|3|20260601|182747|20260715|ABENAVIDES|2||3|0|0|0|||0|0|0|PC|0|0|0|||0||1784122449942
1|801|76302-07607-052|84149020|0|0|0|0|0|0|0|0|0|1|3|20260601|182747|20260715|ABENAVIDES|2||3|0|0|0|||0|0|0|PC|0|0|0|||0||1784122449950
1|801|76302-07619-042|88073000|0|0|0|0|0|0|0|0|0|1|3|20260601|182747|20260715|ABENAVIDES|2||3|0|0|0|||0|0|0|PC|0|0|0|||0||1784122449959
1|801|76302-07800-109|84212300|0|0|0|0|0|0|0|0|0|1|3|20260601|182747|20260715|ABENAVIDES|2||3|0|0|0|||0|0|0|UN|0|0|0|||0||1784122449966
1|801|76304-07008-127|84119100|0|0|0|0|0|0|0|0|0|1|3|20260601|182747|20260715|ABENAVIDES|2||3|0|0|0|||0|0|0|KG|0|0|0|||0||1784122449974
1|801|76306-07901-101|84241000|0|0|0|0|0|0|0|0|0|1|3|20260601|182747|20260715|ABENAVIDES|2||3|0|0|0|||0|0|0|PC|0|0|0|||0||1784122449986
1|801|76358-05124-042|84839000|0|0|0|0|0|0|0|0|0|1|3|20260601|182747|20260715|ABENAVIDES|2||3|0|0|0|||0|0|0|PC|0|0|0|||0||1784122449993
1|801|76361-05601-041|90318099|0|0|0|0|0|0|0|0|0|1|3|20260601|182747|20260715|ABENAVIDES|2||3|0|0|0|||0|0|0|UN|0|0|0|||0||1784122450001
1|801|76400-03191-043|85444200|0|0|0|0|0|0|0|0|0|1|3|20260601|182747|20260715|ABENAVIDES|2||3|0|0|0|||0|0|0|EA|0|0|0|||0||1784122450009
1|801|76400-03310-057|73269090|0|0|0|0|0|0|0|0|0|1|3|20260601|182748|20260715|ABENAVIDES|2||3|0|0|0|||0|0|0|PC|0|0|0|||0||1784122450016
1|801|76400-23514-044|90212900|0|0|0|0|0|0|0|0|0|1|3|20260601|182748|20260715|ABENAVIDES|2||3|0|0|0|||0|0|0|PC|0|0|0|||0||1784122450024
1|801|76401-01126-045|73269090|0|0|0|0|0|0|0|0|0|1|3|20260601|182748|20260715|ABENAVIDES|2||3|0|0|0|||0|0|0|KG|0|0|0|||0||1784122450033
1|801|76402-01101-053|73269090|0|0|0|0|0|0|0|0|0|1|3|20260601|182748|20260715|ABENAVIDES|2||3|0|0|0|||0|0|0|CJ|0|0|0|||0||1784122450040
1|801|76403-25125-043|88073000|0|0|0|0|0|0|0|0|0|1|3|20260601|182748|20260715|ABENAVIDES|2||3|0|0|0|||0|0|0|PC|0|0|0|||0||1784122450048
1|801|76450-01078-118|90292010|0|0|0|0|0|0|0|0|0|1|3|20260601|182748|20260715|ABENAVIDES|2||3|0|0|0|||0|0|0|PC|0|0|0|||0||1784122450056
1|801|76450-01078-127|90262090|0|0|0|0|0|0|0|0|0|1|3|20260601|182748|20260715|ABENAVIDES|2||3|0|0|0|||0|0|0|PC|0|0|0|||0||1784122450066
1|801|76450-01098-107|90142090|0|0|0|0|0|0|0|0|0|1|3|20260601|182748|20260715|ABENAVIDES|2||3|0|0|0|||0|0|0|UN|0|0|0|||0||1784122450074
1|801|76450-01098-109|90142090|0|0|0|0|0|0|0|0|0|1|3|20260601|182748|20260715|ABENAVIDES|2||3|0|0|0|||0|0|0|UN|0|0|0|||0||1784122450083
1|801|76450-01098-112|90142090|0|0|0|0|0|0|0|0|0|1|3|20260601|182748|20260715|ABENAVIDES|2||3|0|0|0|||0|0|0|UN|0|0|0|||0||1784122450091
1|801|76450-01098-113|90142090|0|0|0|0|0|0|0|0|0|1|3|20260601|182748|20260715|ABENAVIDES|2||3|0|0|0|||0|0|0|UN|0|0|0|||0||1784122450098
1|801|76450-22032-044|94054900|0|0|0|0|0|0|0|0|0|1|3|20260601|182748|20260715|ABENAVIDES|2||3|0|0|0|||0|0|0|PC|0|0|0|||0||1784122450109
1|801|76500-07905-103|39269090|0|0|0|0|0|0|0|0|0|1|3|20260601|182748|20260715|ABENAVIDES|2||3|0|0|0|||0|0|0|KG|0|0|0|||0||1784122450123
1|801|76550-00915-108|85318000|0|0|0|0|0|0|0|0|0|1|3|20260601|182748|20260715|ABENAVIDES|2||3|0|0|0|||0|0|0|UN|0|0|0|||0||1784122450133
1|801|76550-01010-101|84799010|0|0|0|0|0|0|0|0|0|1|3|20260601|182748|20260715|ABENAVIDES|2||3|0|0|0|||0|0|0|LT|0|0|0|||0||1784122450140
1|801|76550-02001-110|73269090|0|0|0|0|0|0|0|0|0|1|3|20260601|182748|20260715|ABENAVIDES|2||3|0|0|0|||0|0|0|PC|0|0|0|||0||1784122450149
1|801|76550-03030-042|90261019|0|0|0|0|0|0|0|0|0|1|3|20260601|182748|20260715|ABENAVIDES|2||3|0|0|0|||0|0|0|PC|0|0|0|||0||1784122450158
1|801|76550-03508-041|85119000|0|0|0|0|0|0|0|0|0|1|3|20260601|182748|20260715|ABENAVIDES|2||3|0|0|0|||0|0|0|KG|0|0|0|||0||1784122450165
1|801|76550-70823-101|90149000|0|0|0|0|0|0|0|0|0|1|3|20260601|182748|20260715|ABENAVIDES|2||3|0|0|0|||0|0|0|KG|0|0|0|||0||1784122450175
1|801|76550-70824-102|90328989|0|0|0|0|0|0|0|0|0|1|3|20260601|182748|20260715|ABENAVIDES|2||3|0|0|0|||0|0|0|KG|0|0|0|||0||1784122450183
1|801|76552-04110-041|85444200|0|0|0|0|0|0|0|0|0|1|3|20260601|182748|20260715|ABENAVIDES|2||3|0|0|0|||0|0|0|PC|0|0|0|||0||1784122450192
1|801|76600-02110-102|88073000|0|0|0|0|0|0|0|0|0|1|3|20260601|182748|20260715|ABENAVIDES|2||3|0|0|0|||0|0|0|PC|0|0|0|||0||1784122450200
1|801|76650-02003-109|88072000|0|0|0|0|0|0|0|0|0|1|3|20260601|182748|20260715|ABENAVIDES|2||3|0|0|0|||0|0|0|PC|0|0|0|||0||1784122450208
1|801|76700-20019-041|82055900|0|0|0|0|0|0|0|0|0|1|3|20260601|182748|20260715|ABENAVIDES|2||3|0|0|0|||0|0|0|KG|0|0|0|||0||1784122450218
1|801|76700-20022-101|88073000|0|0|0|0|0|0|0|0|0|1|3|20260601|182748|20260715|ABENAVIDES|2||3|0|0|0|||0|0|0|KG|0|0|0|||0||1784122450225
1|801|76700-20084-041|82041200|0|0|0|0|0|0|0|0|0|1|3|20260601|182748|20260715|ABENAVIDES|2||3|0|0|0|||0|0|0|KG|0|0|0|||0||1784122450233
1|801|76700-20102-107|82055900|0|0|0|0|0|0|0|0|0|1|3|20260601|182748|20260715|ABENAVIDES|2||3|0|0|0|||0|0|0|KG|0|0|0|||0||1784122450243
1|801|76700-201020-04|82055900|0|0|0|0|0|0|0|0|0|1|3|20260601|182748|20260715|ABENAVIDES|2||3|0|0|0|||0|0|0|PC|0|0|0|||0||1784122450250
1|801|76700-20120-042|82079000|0|0|0|0|0|0|0|0|0|1|3|20260601|182748|20260715|ABENAVIDES|2||3|0|0|0|||0|0|0|KG|0|0|0|||0||1784122450259
1|801|76700-20260-041|90318099|0|0|0|0|0|0|0|0|0|1|3|20260601|182748|20260715|ABENAVIDES|2||3|0|0|0|||0|0|0|UN|0|0|0|||0||1784122450269
1|801|769358-05600-04|84834090|0|0|0|0|0|0|0|0|0|1|3|20260601|182748|20260715|ABENAVIDES|2||3|0|0|0|||0|0|0|PC|0|0|0|||0||1784122450279
1|801|77539-1|82041200|0|0|0|0|0|0|0|0|0|1|3|20260601|182748|20260715|ABENAVIDES|2||3|0|0|0|||0|0|0|PC|0|0|0|||0||1784122450286
1|801|7775|32099019|0|0|0|0|0|0|0|0|0|1|3|20260601|182748|20260715|ABENAVIDES|2||3|0|0|0|||0|0|0|EA|0|0|0|||0||1784122450293
1|801|77E0750|88073000|0|0|0|0|0|0|0|0|0|1|3|20260601|182748|20260715|ABENAVIDES|2||3|0|0|0|||0|0|0|EA|0|0|0|||0||1784122450302
1|801|780-804|32099019|0|0|0|0|0|0|0|0|0|1|3|20260601|182748|20260715|ABENAVIDES|2||3|0|0|0|||0|0|0|EA|0|0|0|||0||1784122450310
1|801|780804|32099019|0|0|0|0|0|0|0|0|0|1|3|20260601|182748|20260715|ABENAVIDES|2||3|0|0|0|||0|0|0|PC|0|0|0|||0||1784122450320
1|801|794-325-1|90261019|0|0|0|0|0|0|0|0|0|1|3|20260601|182748|20260715|ABENAVIDES|2||3|0|0|0|||0|0|0|PC|0|0|0|||0||1784122450327
1|801|794-614-1|90269010|0|0|0|0|0|0|0|0|0|1|3|20260601|182748|20260715|ABENAVIDES|2||3|0|0|0|||0|0|0|PC|0|0|0|||0||1784122450336
1|801|795B1|38200000|0|0|0|0|0|0|0|0|0|1|3|20260601|182748|20260715|ABENAVIDES|2||3|0|0|0|||0|0|0|PC|0|0|0|||0||1784122450346
1|801|80202315|38249941|0|0|0|0|0|0|0|0|0|1|3|20260601|182748|20260715|ABENAVIDES|2||3|0|0|0|||0|0|0|LT|0|0|0|||0||1784122450356
1|801|80202380|38249974|0|0|0|0|0|0|0|0|0|1|3|20260601|182748|20260715|ABENAVIDES|2||3|0|0|0|||0|0|0|KG|0|0|0|||0||1784122450364
1|801|803-5V|91040000|0|0|0|0|0|0|0|0|0|1|3|20260601|182748|20260715|ABENAVIDES|2||3|0|0|0|||0|0|0|PC|0|0|0|||0||1784122450373
1|801|80300215|38159099|0|0|0|0|0|0|0|0|0|1|3|20260601|182748|20260715|ABENAVIDES|2||3|0|0|0|||0|0|0|LT|0|0|0|||0||1784122450381
1|801|804|73269090|0|0|0|0|0|0|0|0|0|1|3|20260601|182748|20260715|ABENAVIDES|2||3|0|0|0|||0|0|0|UN|0|0|0|||0||1784122450389
1|801|8059501577|59112090|0|0|0|0|0|0|0|0|0|1|3|20260601|182748|20260715|ABENAVIDES|2||3|0|0|0|||0|0|0|PC|0|0|0|||0||1784122450396
1|801|8080-2|90149000|0|0|0|0|0|0|0|0|0|1|3|20260601|182748|20260715|ABENAVIDES|2||3|0|0|0|||0|0|0|KG|0|0|0|||0||1784122450404
1|801|811-3959-003|85234920|0|0|0|0|0|0|0|0|0|1|3|20260601|182748|20260715|ABENAVIDES|2||3|0|0|0|||0|0|0|PC|0|0|0|||0||1784122450412
1|801|8140B-S20LW-MB5|90149000|0|0|0|0|0|0|0|0|0|1|3|20260601|182748|20260715|ABENAVIDES|2||3|0|0|0|||0|0|0|PC|0|0|0|||0||1784122450420
1|801|81709008|88073000|0|0|0|0|0|0|0|0|0|1|3|20260601|182748|20260715|ABENAVIDES|2||3|0|0|0|||0|0|0|PC|0|0|0|||0||1784122450428
1|801|82055900|84112100|0|0|0|0|0|0|0|0|0|1|3|20260601|182748|20260715|ABENAVIDES|2||3|0|0|0|||0|0|0|EA|0|0|0|||0||1784122450436
1|801|821970706|40151200|0|0|0|0|0|0|0|0|0|1|3|20260601|182748|20260715|ABENAVIDES|2||3|0|0|0|||0|0|0|PC|0|0|0|||0||1784122450445
1|801|822-0668-011|85299019|0|0|0|0|0|0|0|0|0|1|3|20260601|182748|20260715|ABENAVIDES|2||3|0|0|0|||0|0|0|PC|0|0|0|||0||1784122450454
1|801|822-0836-035|85176199|0|0|0|0|0|0|0|0|0|1|3|20260601|182748|20260715|ABENAVIDES|2||3|0|0|0|||0|0|0|UN|0|0|0|||0||1784122450462
1|801|822-1116-001|85176199|0|0|0|0|0|0|0|0|0|1|3|20260601|182748|20260715|ABENAVIDES|2||3|0|0|0|||0|0|0|UN|0|0|0|||0||1784122450470
1|801|822-1465-001|85176199|0|0|0|0|0|0|0|0|0|1|3|20260601|182748|20260715|ABENAVIDES|2||3|0|0|0|||0|0|0|LT|0|0|0|||0||1784122450477
1|801|822-1846-012|84719090|0|0|0|0|0|0|0|0|0|1|3|20260601|182748|20260715|ABENAVIDES|2||3|0|0|0|||0|0|0|UN|0|0|0|||0||1784122450488
1|801|822-1846-313|85176199|0|0|0|0|0|0|0|0|0|1|3|20260601|182748|20260715|ABENAVIDES|2||3|0|0|0|||0|0|0|UN|0|0|0|||0||1784122450499
1|801|8246723009|68052000|0|0|0|0|0|0|0|0|0|1|3|20260601|182748|20260715|ABENAVIDES|2||3|0|0|0|||0|0|0|PC|0|0|0|||0||1784122450510
1|801|830CE03Y13|39269090|0|0|0|0|0|0|0|0|0|1|3|20260601|182748|20260715|ABENAVIDES|2||3|0|0|0|||0|0|0|PC|0|0|0|||0||1784122450520
1|801|8323010800|73102190|0|0|0|0|0|0|0|0|0|1|3|20260601|182748|20260715|ABENAVIDES|2||3|0|0|0|||0|0|0|PC|0|0|0|||0||1784122450530
1|801|8327730313|48194000|0|0|0|0|0|0|0|0|0|1|3|20260601|182748|20260715|ABENAVIDES|2||3|0|0|0|||0|0|0|PC|0|0|0|||0||1784122450540
1|801|8364|48119011|0|0|0|0|0|0|0|0|0|1|3|20260601|182748|20260715|ABENAVIDES|2||3|0|0|0|||0|0|0|EA|0|0|0|||0||1784122450554
1|801|84-44-1174-5012|76169900|0|0|0|0|0|0|0|0|0|1|3|20260601|182748|20260715|ABENAVIDES|2||3|0|0|0|||0|0|0|PC|0|0|0|||0||1784122450563
1|801|84100-03-0306|85444200|0|0|0|0|0|0|0|0|0|1|3|20260601|182748|20260715|ABENAVIDES|2||3|0|0|0|||0|0|0|KG|0|0|0|||0||1784122450571
1|801|8444-1174-3320|84119100|0|0|0|0|0|0|0|0|0|1|3|20260601|182748|20260715|ABENAVIDES|2||3|0|0|0|||0|0|0|KG|0|0|0|||0||1784122450580
1|801|85-02-101-3|84158290|0|0|0|0|0|0|0|0|0|1|3|20260601|182748|20260715|ABENAVIDES|2||3|0|0|0|||0|0|0|UN|0|0|0|||0||1784122450587
1|801|85-02-203-1|84159090|0|0|0|0|0|0|0|0|0|1|3|20260601|182748|20260715|ABENAVIDES|2||3|0|0|0|||0|0|0|KG|0|0|0|||0||1784122450596
1|801|850000420602|84141000|0|0|0|0|0|0|0|0|0|1|3|20260601|182748|20260715|ABENAVIDES|2||3|0|0|0|||0|0|0|PC|0|0|0|||0||1784122450605
1|801|8561-15|39219090|0|0|0|0|0|0|0|0|0|1|3|20260601|182748|20260715|ABENAVIDES|2||3|0|0|0|||0|0|0|KG|0|0|0|||0||1784122450612
1|801|861019|34029090|0|0|0|0|0|0|0|0|0|1|3|20260601|182748|20260715|ABENAVIDES|2||3|0|0|0|||0|0|0|AL|0|0|0|||0||1784122450620
1|801|861048|48119011|0|0|0|0|0|0|0|0|0|1|3|20260601|182748|20260715|ABENAVIDES|2||3|0|0|0|||0|0|0|AL|0|0|0|||0||1784122450629
1|801|861092|49111010|0|0|0|0|0|0|0|0|0|1|3|20260601|182748|20260715|ABENAVIDES|2||3|0|0|0|||0|0|0|PC|0|0|0|||0||1784122450636
1|801|861116|27101999|0|0|0|0|0|0|0|0|0|1|3|20260601|182748|20260715|ABENAVIDES|2||3|0|0|0|||0|0|0|PC|0|0|0|||0||1784122450645
1|801|861193|84283990|0|0|0|0|0|0|0|0|0|1|3|20260601|182748|20260715|ABENAVIDES|2||3|0|0|0|||0|0|0|PC|0|0|0|||0||1784122450662
1|801|861196|49111010|0|0|0|0|0|0|0|0|0|1|3|20260601|182748|20260715|ABENAVIDES|2||3|0|0|0|||0|0|0|PC|0|0|0|||0||1784122450670
1|801|861266|49111010|0|0|0|0|0|0|0|0|0|1|3|20260601|182748|20260715|ABENAVIDES|2||3|0|0|0|||0|0|0|PC|0|0|0|||0||1784122450677
1|801|861335|88073000|0|0|0|0|0|0|0|0|0|1|3|20260601|182748|20260715|ABENAVIDES|2||3|0|0|0|||0|0|0|UN|0|0|0|||0||1784122450685
1|801|861342|90149000|0|0|0|0|0|0|0|0|0|1|3|20260601|182748|20260715|ABENAVIDES|2||3|0|0|0|||0|0|0|PC|0|0|0|||0||1784122450692
1|801|861351|49111010|0|0|0|0|0|0|0|0|0|1|3|20260601|182748|20260715|ABENAVIDES|2||3|0|0|0|||0|0|0|PC|0|0|0|||0||1784122450699
1|801|861355|84249010|0|0|0|0|0|0|0|0|0|1|3|20260601|182748|20260715|ABENAVIDES|2||3|0|0|0|||0|0|0|PC|0|0|0|||0||1784122450707
1|801|861362|58011000|0|0|0|0|0|0|0|0|0|1|3|20260601|182748|20260715|ABENAVIDES|2||3|0|0|0|||0|0|0|PC|0|0|0|||0||1784122450714
1|801|861435|34023990|0|0|0|0|0|0|0|0|0|1|3|20260601|182748|20260715|ABENAVIDES|2||3|0|0|0|||0|0|0|AL|0|0|0|||0||1784122450722
1|801|861474|84733090|0|0|0|0|0|0|0|0|0|1|3|20260601|182748|20260715|ABENAVIDES|2||3|0|0|0|||0|0|0|PC|0|0|0|||0||1784122450732
1|801|861556|70189000|0|0|0|0|0|0|0|0|0|1|3|20260601|182748|20260715|ABENAVIDES|2||3|0|0|0|||0|0|0|PC|0|0|0|||0||1784122450740
1|801|861558|70189000|0|0|0|0|0|0|0|0|0|1|3|20260601|182748|20260715|ABENAVIDES|2||3|0|0|0|||0|0|0|PC|0|0|0|||0||1784122450748
1|801|861608|49111010|0|0|0|0|0|0|0|0|0|1|3|20260601|182748|20260715|ABENAVIDES|2||3|0|0|0|||0|0|0|PC|0|0|0|||0||1784122450756
1|801|861612|88073000|0|0|0|0|0|0|0|0|0|1|3|20260601|182748|20260715|ABENAVIDES|2||3|0|0|0|||0|0|0|PC|0|0|0|||0||1784122450765
1|801|861669|88021210|0|0|0|0|0|0|0|0|0|1|3|20260601|182748|20260715|ABENAVIDES|2||3|0|0|0|||0|0|0|PC|0|0|0|||0||1784122450773
1|801|861675|39262000|0|0|0|0|0|0|0|0|0|1|3|20260601|182748|20260715|ABENAVIDES|2||3|0|0|0|||0|0|0|PC|0|0|0|||0||1784122450781
1|801|861677|82119290|0|0|0|0|0|0|0|0|0|1|3|20260601|182748|20260715|ABENAVIDES|2||3|0|0|0|||0|0|0|PC|0|0|0|||0||1784122450789
1|801|861686|70099200|0|0|0|0|0|0|0|0|0|1|3|20260601|182748|20260715|ABENAVIDES|2||3|0|0|0|||0|0|0|AL|0|0|0|||0||1784122450797
1|801|861687|70099200|0|0|0|0|0|0|0|0|0|1|3|20260601|182748|20260715|ABENAVIDES|2||3|0|0|0|||0|0|0|AL|0|0|0|||0||1784122450806
1|801|861739|85177900|0|0|0|0|0|0|0|0|0|1|3|20260601|182748|20260715|ABENAVIDES|2||3|0|0|0|||0|0|0|PC|0|0|0|||0||1784122450814
1|801|861761|90212900|0|0|0|0|0|0|0|0|0|1|3|20260601|182748|20260715|ABENAVIDES|2||3|0|0|0|||0|0|0|AL|0|0|0|||0||1784122450824
1|801|863085-00|84249010|0|0|0|0|0|0|0|0|0|1|3|20260601|182748|20260715|ABENAVIDES|2||3|0|0|0|||0|0|0|PC|0|0|0|||0||1784122450834
1|801|8721011516|27129000|0|0|0|0|0|0|0|0|0|1|3|20260601|182748|20260715|ABENAVIDES|2||3|0|0|0|||0|0|0|PC|0|0|0|||0||1784122450843
1|801|87232342V02|73269090|0|0|0|0|0|0|0|0|0|1|3|20260601|182748|20260715|ABENAVIDES|2||3|0|0|0|||0|0|0|KG|0|0|0|||0||1784122450857
1|801|876-220|73269090|0|0|0|0|0|0|0|0|0|1|3|20260601|182748|20260715|ABENAVIDES|2||3|0|0|0|||0|0|0|PC|0|0|0|||0||1784122450867
1|801|8800-02|88072000|0|0|0|0|0|0|0|0|0|1|3|20260601|182748|20260715|ABENAVIDES|2||3|0|0|0|||0|0|0|KG|0|0|0|||0||1784122450877
1|801|8811936000|85361000|0|0|0|0|0|0|0|0|0|1|3|20260601|182748|20260715|ABENAVIDES|2||3|0|0|0|||0|0|0|LT|0|0|0|||0||1784122450894
1|801|8812288000|82055900|0|0|0|0|0|0|0|0|0|1|3|20260601|182748|20260715|ABENAVIDES|2||3|0|0|0|||0|0|0|LT|0|0|0|||0||1784122450906
1|801|8813150000|73269090|0|0|0|0|0|0|0|0|0|1|3|20260601|182748|20260715|ABENAVIDES|2||3|0|0|0|||0|0|0|PC|0|0|0|||0||1784122450915
1|801|8813368000|82055900|0|0|0|0|0|0|0|0|0|1|3|20260601|182748|20260715|ABENAVIDES|2||3|0|0|0|||0|0|0|PC|0|0|0|||0||1784122450923
1|801|881352100|39269090|0|0|0|0|0|0|0|0|0|1|3|20260601|182748|20260715|ABENAVIDES|2||3|0|0|0|||0|0|0|PC|0|0|0|||0||1784122450931
1|801|8814282201|82032010|0|0|0|0|0|0|0|0|0|1|3|20260601|182748|20260715|ABENAVIDES|2||3|0|0|0|||0|0|0|EA|0|0|0|||0||1784122450938
1|801|8814386000|85366990|0|0|0|0|0|0|0|0|0|1|3|20260601|182748|20260715|ABENAVIDES|2||3|0|0|0|||0|0|0|EA|0|0|0|||0||1784122450946
1|801|8814487000|83017000|0|0|0|0|0|0|0|0|0|1|3|20260601|182748|20260715|ABENAVIDES|2||3|0|0|0|||0|0|0|UN|0|0|0|||0||1784122450957
1|801|8819571000|90309090|0|0|0|0|0|0|0|0|0|1|3|20260601|182748|20260715|ABENAVIDES|2||3|0|0|0|||0|0|0|KG|0|0|0|||0||1784122450965
1|801|8844|90262090|0|0|0|0|0|0|0|0|0|1|3|20260601|182748|20260715|ABENAVIDES|2||3|0|0|0|||0|0|0|PC|0|0|0|||0||1784122450972
1|801|897776-01|84249010|0|0|0|0|0|0|0|0|0|1|3|20260601|182748|20260715|ABENAVIDES|2||3|0|0|0|||0|0|0|PC|0|0|0|||0||1784122450980
1|801|8G6220G03431|90318099|0|0|0|0|0|0|0|0|0|1|3|20260601|182748|20260715|ABENAVIDES|2||3|0|0|0|||0|0|0|KG|0|0|0|||0||1784122450990
1|801|8GH409570-28|85392110|0|0|0|0|0|0|0|0|0|1|3|20260601|182748|20260715|ABENAVIDES|2||3|0|0|0|||0|0|0|UN|0|0|0|||0||1784122450999
1|801|90-0163-1|84799010|0|0|0|0|0|0|0|0|0|1|3|20260601|182748|20260715|ABENAVIDES|2||3|0|0|0|||0|0|0|KG|0|0|0|||0||1784122451009
1|801|900003986|39209990|0|0|0|0|0|0|0|0|0|1|3|20260601|182748|20260715|ABENAVIDES|2||3|0|0|0|||0|0|0|PC|0|0|0|||0||1784122451019
1|801|9003001|85392110|0|0|0|0|0|0|0|0|0|1|3|20260601|182748|20260715|ABENAVIDES|2||3|0|0|0|||0|0|0|UN|0|0|0|||0||1784122451026
1|801|901-8866-1|40169300|0|0|0|0|0|0|0|0|0|1|3|20260601|182748|20260715|ABENAVIDES|2||3|0|0|0|||0|0|0|PC|0|0|0|||0||1784122451034
1|801|901100400|40169300|0|0|0|0|0|0|0|0|0|1|3|20260601|182748|20260715|ABENAVIDES|2||3|0|0|0|||0|0|0|KG|0|0|0|||0||1784122451041
1|801|904A34-635-037|84813000|0|0|0|0|0|0|0|0|0|1|3|20260601|182748|20260715|ABENAVIDES|2||3|0|0|0|||0|0|0|UN|0|0|0|||0||1784122451050
1|801|9070-55064-041|85444200|0|0|0|0|0|0|0|0|0|1|3|20260601|182748|20260715|ABENAVIDES|2||3|0|0|0|||0|0|0|AL|0|0|0|||0||1784122451057
1|801|908TS3|90328990|0|0|0|0|0|0|0|0|0|1|3|20260601|182748|20260715|ABENAVIDES|2||3|0|0|0|||0|0|0|PC|0|0|0|||0||1784122451077
1|801|918939|88073000|0|0|0|0|0|0|0|0|0|1|3|20260601|182748|20260715|ABENAVIDES|2||3|0|0|0|||0|0|0|KG|0|0|0|||0||1784122451086
1|801|919009|56079090|0|0|0|0|0|0|0|0|0|1|3|20260601|182748|20260715|ABENAVIDES|2||3|0|0|0|||0|0|0|MT|0|0|0|||0||1784122451097
1|801|919010|39269090|0|0|0|0|0|0|0|0|0|1|3|20260601|182748|20260715|ABENAVIDES|2||3|0|0|0|||0|0|0|MT|0|0|0|||0||1784122451105
1|801|92000-06102-041|88073000|0|0|0|0|0|0|0|0|0|1|3|20260601|182748|20260715|ABENAVIDES|2||3|0|0|0|||0|0|0|PC|0|0|0|||0||1784122451113
1|801|92000-06102-042|88071000|0|0|0|0|0|0|0|0|0|1|3|20260601|182749|20260715|ABENAVIDES|2||3|0|0|0|||0|0|0|PC|0|0|0|||0||1784122451122
1|801|9203|35069110|0|0|0|0|0|0|0|0|0|1|3|20260601|182749|20260715|ABENAVIDES|2||3|0|0|0|||0|0|0|PC|0|0|0|||0||1784122451130
1|801|92070-20105-101|82079000|0|0|0|0|0|0|0|0|0|1|3|20260601|182749|20260715|ABENAVIDES|2||3|0|0|0|||0|0|0|KG|0|0|0|||0||1784122451138
1|801|92070-20123-101|90212900|0|0|0|0|0|0|0|0|0|1|3|20260601|182749|20260715|ABENAVIDES|2||3|0|0|0|||0|0|0|KG|0|0|0|||0||1784122451146
1|801|92070-20139-011|85311010|0|0|0|0|0|0|0|0|0|1|3|20260601|182749|20260715|ABENAVIDES|2||3|0|0|0|||0|0|0|PC|0|0|0|||0||1784122451154
1|801|92070-20141-012|85319000|0|0|0|0|0|0|0|0|0|1|3|20260601|182749|20260715|ABENAVIDES|2||3|0|0|0|||0|0|0|KG|0|0|0|||0||1784122451162
1|801|92070-35013-020|82055900|0|0|0|0|0|0|0|0|0|1|3|20260601|182749|20260715|ABENAVIDES|2||3|0|0|0|||0|0|0|KG|0|0|0|||0||1784122451170
1|801|92070-35019-012|85169000|0|0|0|0|0|0|0|0|0|1|3|20260601|182749|20260715|ABENAVIDES|2||3|0|0|0|||0|0|0|EA|0|0|0|||0||1784122451178
1|801|92070-55095-011|84139190|0|0|0|0|0|0|0|0|0|1|3|20260601|182749|20260715|ABENAVIDES|2||3|0|0|0|||0|0|0|KG|0|0|0|||0||1784122451186
1|801|92080-20248-125|73269090|0|0|0|0|0|0|0|0|0|1|3|20260601|182749|20260715|ABENAVIDES|2||3|0|0|0|||0|0|0|KG|0|0|0|||0||1784122451197
1|801|92080-20302-122|85365090|0|0|0|0|0|0|0|0|0|1|3|20260601|182749|20260715|ABENAVIDES|2||3|0|0|0|||0|0|0|UN|0|0|0|||0||1784122451205
1|801|92080-20309-106|73269090|0|0|0|0|0|0|0|0|0|1|3|20260601|182749|20260715|ABENAVIDES|2||3|0|0|0|||0|0|0|PC|0|0|0|||0||1784122451213
1|801|92080-20319-111|90261029|0|0|0|0|0|0|0|0|0|1|3|20260601|182749|20260715|ABENAVIDES|2||3|0|0|0|||0|0|0|UN|0|0|0|||0||1784122451221
1|801|92080-20319-123|88073000|0|0|0|0|0|0|0|0|0|1|3|20260601|182749|20260715|ABENAVIDES|2||3|0|0|0|||0|0|0|PC|0|0|0|||0||1784122451228
1|801|92080-20319-143|73209000|0|0|0|0|0|0|0|0|0|1|3|20260601|182749|20260715|ABENAVIDES|2||3|0|0|0|||0|0|0|KG|0|0|0|||0||1784122451236
1|801|92080-20910-019|73269090|0|0|0|0|0|0|0|0|0|1|3|20260601|182749|20260715|ABENAVIDES|2||3|0|0|0|||0|0|0|KG|0|0|0|||0||1784122451243
1|801|920V04AB1AAXZCF|85318000|0|0|0|0|0|0|0|0|0|1|3|20260601|182749|20260715|ABENAVIDES|2||3|0|0|0|||0|0|0|PC|0|0|0|||0||1784122451251
1|801|92101-15005-101|39199090|0|0|0|0|0|0|0|0|0|1|3|20260601|182749|20260715|ABENAVIDES|2||3|0|0|0|||0|0|0|KG|0|0|0|||0||1784122451259
1|801|92102-15001-042|40169300|0|0|0|0|0|0|0|0|0|1|3|20260601|182749|20260715|ABENAVIDES|2||3|0|0|0|||0|0|0|KG|0|0|0|||0||1784122451267
1|801|92103-11010-101|88071000|0|0|0|0|0|0|0|0|0|1|3|20260601|182749|20260715|ABENAVIDES|2||3|0|0|0|||0|0|0|PC|0|0|0|||0||1784122451275
1|801|92103-15005-042|85389090|0|0|0|0|0|0|0|0|0|1|3|20260601|182749|20260715|ABENAVIDES|2||3|0|0|0|||0|0|0|PC|0|0|0|||0||1784122451283
1|801|92103-15024-042|81089000|0|0|0|0|0|0|0|0|0|1|3|20260601|182749|20260715|ABENAVIDES|2||3|0|0|0|||0|0|0|KG|0|0|0|||0||1784122451291
1|801|92104-11030-043|90149000|0|0|0|0|0|0|0|0|0|1|3|20260601|182749|20260715|ABENAVIDES|2||3|0|0|0|||0|0|0|KG|0|0|0|||0||1784122451299
1|801|92104-15000-042|88071000|0|0|0|0|0|0|0|0|0|1|3|20260601|182749|20260715|ABENAVIDES|2||3|0|0|0|||0|0|0|KG|0|0|0|||0||1784122451312
1|801|92104-15016-101|40169990|0|0|0|0|0|0|0|0|0|1|3|20260601|182749|20260715|ABENAVIDES|2||3|0|0|0|||0|0|0|KG|0|0|0|||0||1784122451322
1|801|92105-15007-041|88071000|0|0|0|0|0|0|0|0|0|1|3|20260601|182749|20260715|ABENAVIDES|2||3|0|0|0|||0|0|0|PC|0|0|0|||0||1784122451332
1|801|92110A030000|90328989|0|0|0|0|0|0|0|0|0|1|3|20260601|182749|20260715|ABENAVIDES|2||3|0|0|0|||0|0|0|UN|0|0|0|||0||1784122451342
1|801|92150-09000-043|88071000|0|0|0|0|0|0|0|0|0|1|3|20260601|182749|20260715|ABENAVIDES|2||3|0|0|0|||0|0|0|KG|0|0|0|||0||1784122451352
1|801|92170-11006-101|73269090|0|0|0|0|0|0|0|0|0|1|3|20260601|182749|20260715|ABENAVIDES|2||3|0|0|0|||0|0|0|PC|0|0|0|||0||1784122451362
1|801|92200-08208-105|88073000|0|0|0|0|0|0|0|0|0|1|3|20260601|182749|20260715|ABENAVIDES|2||3|0|0|0|||0|0|0|KG|0|0|0|||0||1784122451377
1|801|92202-02253-107|90211099|0|0|0|0|0|0|0|0|0|1|3|20260601|182749|20260715|ABENAVIDES|2||3|0|0|0|||0|0|0|KG|0|0|0|||0||1784122451392
1|801|92203-02111-118|88073000|0|0|0|0|0|0|0|0|0|1|3|20260601|182749|20260715|ABENAVIDES|2||3|0|0|0|||0|0|0|PC|0|0|0|||0||1784122451402
1|801|92203-02222-122|84819090|0|0|0|0|0|0|0|0|0|1|3|20260601|182749|20260715|ABENAVIDES|2||3|0|0|0|||0|0|0|KG|0|0|0|||0||1784122451410
1|801|92204-02441-044|35069900|0|0|0|0|0|0|0|0|0|1|3|20260601|182749|20260715|ABENAVIDES|2||3|0|0|0|||0|0|0|KG|0|0|0|||0||1784122451420
1|801|92205-02202-103|35069900|0|0|0|0|0|0|0|0|0|1|3|20260601|182749|20260715|ABENAVIDES|2||3|0|0|0|||0|0|0|KG|0|0|0|||0||1784122451431
1|801|92205-03918-102|73269090|0|0|0|0|0|0|0|0|0|1|3|20260601|182749|20260715|ABENAVIDES|2||3|0|0|0|||0|0|0|KG|0|0|0|||0||1784122451440
1|801|92205-04107-101|73269090|0|0|0|0|0|0|0|0|0|1|3|20260601|182749|20260715|ABENAVIDES|2||3|0|0|0|||0|0|0|KG|0|0|0|||0||1784122451447
1|801|92205-04115-105|73269090|0|0|0|0|0|0|0|0|0|1|3|20260601|182749|20260715|ABENAVIDES|2||3|0|0|0|||0|0|0|KG|0|0|0|||0||1784122451456
1|801|92205-04901-107|84839000|0|0|0|0|0|0|0|0|0|1|3|20260601|182749|20260715|ABENAVIDES|2||3|0|0|0|||0|0|0|KG|0|0|0|||0||1784122451464
1|801|92205-05100-043|84839000|0|0|0|0|0|0|0|0|0|1|3|20260601|182749|20260715|ABENAVIDES|2||3|0|0|0|||0|0|0|PC|0|0|0|||0||1784122451471
1|801|92205-06310-042|73269090|0|0|0|0|0|0|0|0|0|1|3|20260601|182749|20260715|ABENAVIDES|2||3|0|0|0|||0|0|0|KG|0|0|0|||0||1784122451479
1|801|92205-08123-048|84159090|0|0|0|0|0|0|0|0|0|1|3|20260601|182749|20260715|ABENAVIDES|2||3|0|0|0|||0|0|0|PC|0|0|0|||0||1784122451486
1|801|92206-02522-041|39173900|0|0|0|0|0|0|0|0|0|1|3|20260601|182749|20260715|ABENAVIDES|2||3|0|0|0|||0|0|0|KG|0|0|0|||0||1784122451494
1|801|92207-01108-115|39173900|0|0|0|0|0|0|0|0|0|1|3|20260601|182749|20260715|ABENAVIDES|2||3|0|0|0|||0|0|0|PC|0|0|0|||0||1784122451504
1|801|92207-01110-045|88073000|0|0|0|0|0|0|0|0|0|1|3|20260601|182749|20260715|ABENAVIDES|2||3|0|0|0|||0|0|0|KG|0|0|0|||0||1784122451512
1|801|92207-01110-104|76169900|0|0|0|0|0|0|0|0|0|1|3|20260601|182749|20260715|ABENAVIDES|2||3|0|0|0|||0|0|0|PC|0|0|0|||0||1784122451520
1|801|92207-02134-118|73269090|0|0|0|0|0|0|0|0|0|1|3|20260601|182749|20260715|ABENAVIDES|2||3|0|0|0|||0|0|0|KG|0|0|0|||0||1784122451528
1|801|92207-02651-103|90212900|0|0|0|0|0|0|0|0|0|1|3|20260601|182749|20260715|ABENAVIDES|2||3|0|0|0|||0|0|0|KG|0|0|0|||0||1784122451541
1|801|92207-02655-105|90212900|0|0|0|0|0|0|0|0|0|1|3|20260601|182749|20260715|ABENAVIDES|2||3|0|0|0|||0|0|0|KG|0|0|0|||0||1784122451549
1|801|92207-02664-101|73269090|0|0|0|0|0|0|0|0|0|1|3|20260601|182749|20260715|ABENAVIDES|2||3|0|0|0|||0|0|0|KG|0|0|0|||0||1784122451556
1|801|92207-03113-104|88073000|0|0|0|0|0|0|0|0|0|1|3|20260601|182749|20260715|ABENAVIDES|2||3|0|0|0|||0|0|0|PC|0|0|0|||0||1784122451566
1|801|92207-03214-043|76061190|0|0|0|0|0|0|0|0|0|1|3|20260601|182749|20260715|ABENAVIDES|2||3|0|0|0|||0|0|0|KG|0|0|0|||0||1784122451580
1|801|92207-03919-105|73269090|0|0|0|0|0|0|0|0|0|1|3|20260601|182749|20260715|ABENAVIDES|2||3|0|0|0|||0|0|0|PC|0|0|0|||0||1784122451587
1|801|92207-04101-041|73181500|0|0|0|0|0|0|0|0|0|1|3|20260601|182749|20260715|ABENAVIDES|2||3|0|0|0|||0|0|0|PC|0|0|0|||0||1784122451595
1|801|92209-02006-101|73269090|0|0|0|0|0|0|0|0|0|1|3|20260601|182749|20260715|ABENAVIDES|2||3|0|0|0|||0|0|0|PC|0|0|0|||0||1784122451602
1|801|92209-02041-041|73269090|0|0|0|0|0|0|0|0|0|1|3|20260601|182749|20260715|ABENAVIDES|2||3|0|0|0|||0|0|0|KG|0|0|0|||0||1784122451611
1|801|92209-02606-048|73269090|0|0|0|0|0|0|0|0|0|1|3|20260601|182749|20260715|ABENAVIDES|2||3|0|0|0|||0|0|0|PC|0|0|0|||0||1784122451624
1|801|92209-02617-101|90212900|0|0|0|0|0|0|0|0|0|1|3|20260601|182749|20260715|ABENAVIDES|2||3|0|0|0|||0|0|0|KG|0|0|0|||0||1784122451631
1|801|92209-02631-103|73269090|0|0|0|0|0|0|0|0|0|1|3|20260601|182749|20260715|ABENAVIDES|2||3|0|0|0|||0|0|0|PC|0|0|0|||0||1784122451639
1|801|92209-02636-043|73269090|0|0|0|0|0|0|0|0|0|1|3|20260601|182749|20260715|ABENAVIDES|2||3|0|0|0|||0|0|0|KG|0|0|0|||0||1784122451646
1|801|92209-04502-101|84119100|0|0|0|0|0|0|0|0|0|1|3|20260601|182749|20260715|ABENAVIDES|2||3|0|0|0|||0|0|0|PC|0|0|0|||0||1784122451657
1|801|92250-00800-103|90149000|0|0|0|0|0|0|0|0|0|1|3|20260601|182749|20260715|ABENAVIDES|2||3|0|0|0|||0|0|0|KG|0|0|0|||0||1784122451664
1|801|92250-00801-102|90149000|0|0|0|0|0|0|0|0|0|1|3|20260601|182749|20260715|ABENAVIDES|2||3|0|0|0|||0|0|0|KG|0|0|0|||0||1784122451672
1|801|92250-12281-101|73269090|0|0|0|0|0|0|0|0|0|1|3|20260601|182749|20260715|ABENAVIDES|2||3|0|0|0|||0|0|0|UN|0|0|0|||0||1784122451680
1|801|92250-12801-111|84289010|0|0|0|0|0|0|0|0|0|1|3|20260601|182749|20260715|ABENAVIDES|2||3|0|0|0|||0|0|0|KG|0|0|0|||0||1784122451687
1|801|92250-12803-102|90308990|0|0|0|0|0|0|0|0|0|1|3|20260601|182749|20260715|ABENAVIDES|2||3|0|0|0|||0|0|0|UN|0|0|0|||0||1784122451694
1|801|92250-12805-10|88072000|0|0|0|0|0|0|0|0|0|1|3|20260601|182749|20260715|ABENAVIDES|2||3|0|0|0|||0|0|0|PC|0|0|0|||0||1784122451702
1|801|92250-12805-109|88072000|0|0|0|0|0|0|0|0|0|1|3|20260601|182749|20260715|ABENAVIDES|2||3|0|0|0|||0|0|0|KG|0|0|0|||0||1784122451709
1|801|92250-14801-101|84289010|0|0|0|0|0|0|0|0|0|1|3|20260601|182749|20260715|ABENAVIDES|2||3|0|0|0|||0|0|0|KG|0|0|0|||0||1784122451717
1|801|92250-14803-103|84289010|0|0|0|0|0|0|0|0|0|1|3|20260601|182749|20260715|ABENAVIDES|2||3|0|0|0|||0|0|0|KG|0|0|0|||0||1784122451724
1|801|92302-04213-049|39269090|0|0|0|0|0|0|0|0|0|1|3|20260601|182749|20260715|ABENAVIDES|2||3|0|0|0|||0|0|0|KG|0|0|0|||0||1784122451731
1|801|92302-30800-113|84119100|0|0|0|0|0|0|0|0|0|1|3|20260601|182749|20260715|ABENAVIDES|2||3|0|0|0|||0|0|0|KG|0|0|0|||0||1784122451739
1|801|92302-30801-041|84119100|0|0|0|0|0|0|0|0|0|1|3|20260601|182749|20260715|ABENAVIDES|2||3|0|0|0|||0|0|0|KG|0|0|0|||0||1784122451746
1|801|92302-30801-042|84119900|0|0|0|0|0|0|0|0|0|1|3|20260601|182749|20260715|ABENAVIDES|2||3|0|0|0|||0|0|0|KG|0|0|0|||0||1784122451754
1|801|92303-04800-042|84119100|0|0|0|0|0|0|0|0|0|1|3|20260601|182749|20260715|ABENAVIDES|2||3|0|0|0|||0|0|0|PC|0|0|0|||0||1784122451762
1|801|92304-04120-104|63031990|0|0|0|0|0|0|0|0|0|1|3|20260601|182749|20260715|ABENAVIDES|2||3|0|0|0|||0|0|0|KG|0|0|0|||0||1784122451770
1|801|92304-04231-101|88073000|0|0|0|0|0|0|0|0|0|1|3|20260601|182749|20260715|ABENAVIDES|2||3|0|0|0|||0|0|0|KG|0|0|0|||0||1784122451779
1|801|92304-04233-109|39269090|0|0|0|0|0|0|0|0|0|1|3|20260601|182749|20260715|ABENAVIDES|2||3|0|0|0|||0|0|0|KG|0|0|0|||0||1784122451789
1|801|92304-04427-047|88073000|0|0|0|0|0|0|0|0|0|1|3|20260601|182749|20260715|ABENAVIDES|2||3|0|0|0|||0|0|0|KG|0|0|0|||0||1784122451798
1|801|92304-04479-045|88073000|0|0|0|0|0|0|0|0|0|1|3|20260601|182749|20260715|ABENAVIDES|2||3|0|0|0|||0|0|0|KG|0|0|0|||0||1784122451805
1|801|92304-04502-043|84119100|0|0|0|0|0|0|0|0|0|1|3|20260601|182749|20260715|ABENAVIDES|2||3|0|0|0|||0|0|0|KG|0|0|0|||0||1784122451812
1|801|92304-04612-103|88073000|0|0|0|0|0|0|0|0|0|1|3|20260601|182749|20260715|ABENAVIDES|2||3|0|0|0|||0|0|0|KG|0|0|0|||0||1784122451820
1|801|92305-02130-103|73269090|0|0|0|0|0|0|0|0|0|1|3|20260601|182749|20260715|ABENAVIDES|2||3|0|0|0|||0|0|0|KG|0|0|0|||0||1784122451836
1|801|92305-02201-044|40169300|0|0|0|0|0|0|0|0|0|1|3|20260601|182749|20260715|ABENAVIDES|2||3|0|0|0|||0|0|0|KG|0|0|0|||0||1784122451847
1|801|92306-10800-101|88073000|0|0|0|0|0|0|0|0|0|1|3|20260601|182749|20260715|ABENAVIDES|2||3|0|0|0|||0|0|0|KG|0|0|0|||0||1784122451855
1|801|92306-10800-102|88073000|0|0|0|0|0|0|0|0|0|1|3|20260601|182749|20260715|ABENAVIDES|2||3|0|0|0|||0|0|0|KG|0|0|0|||0||1784122451863
1|801|92307-08034-041|84119100|0|0|0|0|0|0|0|0|0|1|3|20260601|182749|20260715|ABENAVIDES|2||3|0|0|0|||0|0|0|PC|0|0|0|||0||1784122451870
1|801|92307-08835-101|84119100|0|0|0|0|0|0|0|0|0|1|3|20260601|182749|20260715|ABENAVIDES|2||3|0|0|0|||0|0|0|KG|0|0|0|||0||1784122451878
1|801|92308-02117-103|73269090|0|0|0|0|0|0|0|0|0|1|3|20260601|182749|20260715|ABENAVIDES|2||3|0|0|0|||0|0|0|PC|0|0|0|||0||1784122451886
1|801|92308-04802-104|35069900|0|0|0|0|0|0|0|0|0|1|3|20260601|182749|20260715|ABENAVIDES|2||3|0|0|0|||0|0|0|KG|0|0|0|||0||1784122451894
1|801|92309-01803-104|84145990|0|0|0|0|0|0|0|0|0|1|3|20260601|182749|20260715|ABENAVIDES|2||3|0|0|0|||0|0|0|PC|0|0|0|||0||1784122451902
1|801|92310-04800-101|84241000|0|0|0|0|0|0|0|0|0|1|3|20260601|182749|20260715|ABENAVIDES|2||3|0|0|0|||0|0|0|PC|0|0|0|||0||1784122451911
1|801|92310-04800-108|84241000|0|0|0|0|0|0|0|0|0|1|3|20260601|182749|20260715|ABENAVIDES|2||3|0|0|0|||0|0|0|UN|0|0|0|||0||1784122451920
1|801|92351-15001-044|84839000|0|0|0|0|0|0|0|0|0|1|3|20260601|182749|20260715|ABENAVIDES|2||3|0|0|0|||0|0|0|KG|0|0|0|||0||1784122451927
1|801|92351-15228-043|40169300|0|0|0|0|0|0|0|0|0|1|3|20260601|182749|20260715|ABENAVIDES|2||3|0|0|0|||0|0|0|KG|0|0|0|||0||1784122451944
1|801|92351-15278-101|39269090|0|0|0|0|0|0|0|0|0|1|3|20260601|182749|20260715|ABENAVIDES|2||3|0|0|0|||0|0|0|KG|0|0|0|||0||1784122451952
1|801|92351-15303-101|76169900|0|0|0|0|0|0|0|0|0|1|3|20260601|182749|20260715|ABENAVIDES|2||3|0|0|0|||0|0|0|PC|0|0|0|||0||1784122451959
1|801|92351-15801-105|84212300|0|0|0|0|0|0|0|0|0|1|3|20260601|182749|20260715|ABENAVIDES|2||3|0|0|0|||0|0|0|UN|0|0|0|||0||1784122451967
1|801|92351-15802-106|90268000|0|0|0|0|0|0|0|0|0|1|3|20260601|182749|20260715|ABENAVIDES|2||3|0|0|0|||0|0|0|UN|0|0|0|||0||1784122451978
1|801|92357-06300-042|84839000|0|0|0|0|0|0|0|0|0|1|3|20260601|182749|20260715|ABENAVIDES|2||3|0|0|0|||0|0|0|KG|0|0|0|||0||1784122451990
1|801|92358-06100-043|73030000|0|0|0|0|0|0|0|0|0|1|3|20260601|182749|20260715|ABENAVIDES|2||3|0|0|0|||0|0|0|KG|0|0|0|||0||1784122451997
1|801|92358-06134-042|85318000|0|0|0|0|0|0|0|0|0|1|3|20260601|182749|20260715|ABENAVIDES|2||3|0|0|0|||0|0|0|UN|0|0|0|||0||1784122452008
1|801|92358-06303-041|84831020|0|0|0|0|0|0|0|0|0|1|3|20260601|182749|20260715|ABENAVIDES|2||3|0|0|0|||0|0|0|PC|0|0|0|||0||1784122452020
1|801|92361-03804-107|73141200|0|0|0|0|0|0|0|0|0|1|3|20260601|182749|20260715|ABENAVIDES|2||3|0|0|0|||0|0|0|UN|0|0|0|||0||1784122452028
1|801|92361-05801-115|40169300|0|0|0|0|0|0|0|0|0|1|3|20260601|182749|20260715|ABENAVIDES|2||3|0|0|0|||0|0|0|KG|0|0|0|||0||1784122452036
1|801|92366-02|88073000|0|0|0|0|0|0|0|0|0|1|3|20260601|182749|20260715|ABENAVIDES|2||3|0|0|0|||0|0|0|KG|0|0|0|||0||1784122452047
1|801|92400-02203-041|73269090|0|0|0|0|0|0|0|0|0|1|3|20260601|182749|20260715|ABENAVIDES|2||3|0|0|0|||0|0|0|KG|0|0|0|||0||1784122452054
1|801|92400-02800-108|90142090|0|0|0|0|0|0|0|0|0|1|3|20260601|182749|20260715|ABENAVIDES|2||3|0|0|0|||0|0|0|UN|0|0|0|||0||1784122452062
1|801|92400-02800-109|90142090|0|0|0|0|0|0|0|0|0|1|3|20260601|182749|20260715|ABENAVIDES|2||3|0|0|0|||0|0|0|KG|0|0|0|||0||1784122452070
1|801|92400-04400-047|88071000|0|0|0|0|0|0|0|0|0|1|3|20260601|182749|20260715|ABENAVIDES|2||3|0|0|0|||0|0|0|KG|0|0|0|||0||1784122452078
1|801|92400-04801-112|35069900|0|0|0|0|0|0|0|0|0|1|3|20260601|182749|20260715|ABENAVIDES|2||3|0|0|0|||0|0|0|PC|0|0|0|||0||1784122452085
1|801|92400-04821-101|88071000|0|0|0|0|0|0|0|0|0|1|3|20260601|182749|20260715|ABENAVIDES|2||3|0|0|0|||0|0|0|KG|0|0|0|||0||1784122452093
1|801|92410-06810-106|84122190|0|0|0|0|0|0|0|0|0|1|3|20260601|182749|20260715|ABENAVIDES|2||3|0|0|0|||0|0|0|KG|0|0|0|||0||1784122452101
1|801|92410-15800-114|84122190|0|0|0|0|0|0|0|0|0|1|3|20260601|182749|20260715|ABENAVIDES|2||3|0|0|0|||0|0|0|UN|0|0|0|||0||1784122452109
1|801|92450-01087-042|88073000|0|0|0|0|0|0|0|0|0|1|3|20260601|182749|20260715|ABENAVIDES|2||3|0|0|0|||0|0|0|PC|0|0|0|||0||1784122452118
1|801|92500-01213-042|84841000|0|0|0|0|0|0|0|0|0|1|3|20260601|182749|20260715|ABENAVIDES|2||3|0|0|0|||0|0|0|KG|0|0|0|||0||1784122452126
1|801|92500-02113-107|84829910|0|0|0|0|0|0|0|0|0|1|3|20260601|182749|20260715|ABENAVIDES|2||3|0|0|0|||0|0|0|KG|0|0|0|||0||1784122452134
1|801|92500-02820-041|88073000|0|0|0|0|0|0|0|0|0|1|3|20260601|182749|20260715|ABENAVIDES|2||3|0|0|0|||0|0|0|KG|0|0|0|||0||1784122452142
1|801|92500-02900-103|85366990|0|0|0|0|0|0|0|0|0|1|3|20260601|182749|20260715|ABENAVIDES|2||3|0|0|0|||0|0|0|PC|0|0|0|||0||1784122452150
1|801|92500-03414-101|73209000|0|0|0|0|0|0|0|0|0|1|3|20260601|182749|20260715|ABENAVIDES|2||3|0|0|0|||0|0|0|KG|0|0|0|||0||1784122452157
1|801|92500-03430-101|88073000|0|0|0|0|0|0|0|0|0|1|3|20260601|182749|20260715|ABENAVIDES|2||3|0|0|0|||0|0|0|KG|0|0|0|||0||1784122452166
1|801|92500-03431-102|88073000|0|0|0|0|0|0|0|0|0|1|3|20260601|182749|20260715|ABENAVIDES|2||3|0|0|0|||0|0|0|KG|0|0|0|||0||1784122452174
1|801|92500-03435-044|88073000|0|0|0|0|0|0|0|0|0|1|3|20260601|182749|20260715|ABENAVIDES|2||3|0|0|0|||0|0|0|PC|0|0|0|||0||1784122452182
1|801|92550-01806-102|85065090|0|0|0|0|0|0|0|0|0|1|3|20260601|182749|20260715|ABENAVIDES|2||3|0|0|0|||0|0|0|UN|0|0|0|||0||1784122452190
1|801|92550-01807-101|85044030|0|0|0|0|0|0|0|0|0|1|3|20260601|182749|20260715|ABENAVIDES|2||3|0|0|0|||0|0|0|UN|0|0|0|||0||1784122452201
1|801|92550-01901-101|85392110|0|0|0|0|0|0|0|0|0|1|3|20260601|182749|20260715|ABENAVIDES|2||3|0|0|0|||0|0|0|UN|0|0|0|||0||1784122452210
1|801|92550-01901-103|85392190|0|0|0|0|0|0|0|0|0|1|3|20260601|182749|20260715|ABENAVIDES|2||3|0|0|0|||0|0|0|UN|0|0|0|||0||1784122452218
1|801|92550-02017-050|85392190|0|0|0|0|0|0|0|0|0|1|3|20260601|182749|20260715|ABENAVIDES|2||3|0|0|0|||0|0|0|UN|0|0|0|||0||1784122452227
1|801|92550-02301-044|85044090|0|0|0|0|0|0|0|0|0|1|3|20260601|182749|20260715|ABENAVIDES|2||3|0|0|0|||0|0|0|UN|0|0|0|||0||1784122452235
1|801|92550-02814-105|85044090|0|0|0|0|0|0|0|0|0|1|3|20260601|182749|20260715|ABENAVIDES|2||3|0|0|0|||0|0|0|PC|0|0|0|||0||1784122452243
1|801|92550-02815-102|85389090|0|0|0|0|0|0|0|0|0|1|3|20260601|182749|20260715|ABENAVIDES|2||3|0|0|0|||0|0|0|KG|0|0|0|||0||1784122452252
1|801|92550-03830-101|85392110|0|0|0|0|0|0|0|0|0|1|3|20260601|182749|20260715|ABENAVIDES|2||3|0|0|0|||0|0|0|UN|0|0|0|||0||1784122452263
1|801|92550-11801-104|84159090|0|0|0|0|0|0|0|0|0|1|3|20260601|182750|20260715|ABENAVIDES|2||3|0|0|0|||0|0|0|KG|0|0|0|||0||1784122452271
1|801|92599A010000|90268000|0|0|0|0|0|0|0|0|0|1|3|20260601|182750|20260715|ABENAVIDES|2||3|0|0|0|||0|0|0|PC|0|0|0|||0||1784122452280
1|801|92600-01808-102|90142090|0|0|0|0|0|0|0|0|0|1|3|20260601|182750|20260715|ABENAVIDES|2||3|0|0|0|||0|0|0|UN|0|0|0|||0||1784122452290
1|801|92600-01810-112|90318099|0|0|0|0|0|0|0|0|0|1|3|20260601|182750|20260715|ABENAVIDES|2||3|0|0|0|||0|0|0|UN|0|0|0|||0||1784122452299
1|801|92650-00810-101|73269090|0|0|0|0|0|0|0|0|0|1|3|20260601|182750|20260715|ABENAVIDES|2||3|0|0|0|||0|0|0|PC|0|0|0|||0||1784122452307
1|801|92650-00811-102|73269090|0|0|0|0|0|0|0|0|0|1|3|20260601|182750|20260715|ABENAVIDES|2||3|0|0|0|||0|0|0|KG|0|0|0|||0||1784122452316
1|801|92650-00811-104|84841000|0|0|0|0|0|0|0|0|0|1|3|20260601|182750|20260715|ABENAVIDES|2||3|0|0|0|||0|0|0|KG|0|0|0|||0||1784122452324
1|801|92650-00840-101|90262090|0|0|0|0|0|0|0|0|0|1|3|20260601|182750|20260715|ABENAVIDES|2||3|0|0|0|||0|0|0|UN|0|0|0|||0||1784122452331
1|801|92650-02101-154|39172900|0|0|0|0|0|0|0|0|0|1|3|20260601|182750|20260715|ABENAVIDES|2||3|0|0|0|||0|0|0|PC|0|0|0|||0||1784122452342
1|801|92650-02800-105|84119100|0|0|0|0|0|0|0|0|0|1|3|20260601|182750|20260715|ABENAVIDES|2||3|0|0|0|||0|0|0|KG|0|0|0|||0||1784122452350
1|801|92650-02802-102|84122900|0|0|0|0|0|0|0|0|0|1|3|20260601|182750|20260715|ABENAVIDES|2||3|0|0|0|||0|0|0|UN|0|0|0|||0||1784122452359
1|801|92650-04801-102|84119100|0|0|0|0|0|0|0|0|0|1|3|20260601|182750|20260715|ABENAVIDES|2||3|0|0|0|||0|0|0|KG|0|0|0|||0||1784122452367
1|801|92650-04830-105|84119100|0|0|0|0|0|0|0|0|0|1|3|20260601|182750|20260715|ABENAVIDES|2||3|0|0|0|||0|0|0|KG|0|0|0|||0||1784122452375
1|801|92650-04900-101|84195090|0|0|0|0|0|0|0|0|0|1|3|20260601|182750|20260715|ABENAVIDES|2||3|0|0|0|||0|0|0|UN|0|0|0|||0||1784122452386
1|801|92650-15811-101|84119100|0|0|0|0|0|0|0|0|0|1|3|20260601|182750|20260715|ABENAVIDES|2||3|0|0|0|||0|0|0|UN|0|0|0|||0||1784122452396
1|801|92650-15811-102|84133030|0|0|0|0|0|0|0|0|0|1|3|20260601|182750|20260715|ABENAVIDES|2||3|0|0|0|||0|0|0|UN|0|0|0|||0||1784122452411
1|801|92650-15820-102|84139190|0|0|0|0|0|0|0|0|0|1|3|20260601|182750|20260715|ABENAVIDES|2||3|0|0|0|||0|0|0|UN|0|0|0|||0||1784122452419
1|801|92700-10302-041|82055900|0|0|0|0|0|0|0|0|0|1|3|20260601|182750|20260715|ABENAVIDES|2||3|0|0|0|||0|0|0|KG|0|0|0|||0||1784122452427
1|801|92700-10303-041|82055900|0|0|0|0|0|0|0|0|0|1|3|20260601|182750|20260715|ABENAVIDES|2||3|0|0|0|||0|0|0|KG|0|0|0|||0||1784122452437
1|801|92700-10310-041|82079000|0|0|0|0|0|0|0|0|0|1|3|20260601|182750|20260715|ABENAVIDES|2||3|0|0|0|||0|0|0|KG|0|0|0|||0||1784122452445
1|801|92700-10313-041|82079000|0|0|0|0|0|0|0|0|0|1|3|20260601|182750|20260715|ABENAVIDES|2||3|0|0|0|||0|0|0|KG|0|0|0|||0||1784122452455
1|801|92700-10325-041|82079000|0|0|0|0|0|0|0|0|0|1|3|20260601|182750|20260715|ABENAVIDES|2||3|0|0|0|||0|0|0|KG|0|0|0|||0||1784122452464
1|801|92700-10342-041|40091290|0|0|0|0|0|0|0|0|0|1|3|20260601|182750|20260715|ABENAVIDES|2||3|0|0|0|||0|0|0|KG|0|0|0|||0||1784122452472
1|801|92700-10358-043|84159090|0|0|0|0|0|0|0|0|0|1|3|20260601|182750|20260715|ABENAVIDES|2||3|0|0|0|||0|0|0|PC|0|0|0|||0||1784122452480
1|801|92700-10370-012|84671110|0|0|0|0|0|0|0|0|0|1|3|20260601|182750|20260715|ABENAVIDES|2||3|0|0|0|||0|0|0|UN|0|0|0|||0||1784122452492
1|801|92700-10370-014|84678900|0|0|0|0|0|0|0|0|0|1|3|20260601|182750|20260715|ABENAVIDES|2||3|0|0|0|||0|0|0|UN|0|0|0|||0||1784122452500
1|801|92700-10371-011|82075090|0|0|0|0|0|0|0|0|0|1|3|20260601|182750|20260715|ABENAVIDES|2||3|0|0|0|||0|0|0|KG|0|0|0|||0||1784122452508
1|801|92850-08801-106|86090000|0|0|0|0|0|0|0|0|0|1|3|20260601|182750|20260715|ABENAVIDES|2||3|0|0|0|||0|0|0|UN|0|0|0|||0||1784122452518
1|801|92850-08801-113|84289010|0|0|0|0|0|0|0|0|0|1|3|20260601|182750|20260715|ABENAVIDES|2||3|0|0|0|||0|0|0|UN|0|0|0|||0||1784122452526
1|801|92850-08801-114|84289010|0|0|0|0|0|0|0|0|0|1|3|20260601|182750|20260715|ABENAVIDES|2||3|0|0|0|||0|0|0|UN|0|0|0|||0||1784122452534
1|801|92900045019900|90262090|0|0|0|0|0|0|0|0|0|1|3|20260601|182750|20260715|ABENAVIDES|2||3|0|0|0|||0|0|0|PC|0|0|0|||0||1784122452542
1|801|9303159|90262090|0|0|0|0|0|0|0|0|0|1|3|20260601|182750|20260715|ABENAVIDES|2||3|0|0|0|||0|0|0|PC|0|0|0|||0||1784122452549
1|801|931000410901|84198999|0|0|0|0|0|0|0|0|0|1|3|20260601|182750|20260715|ABENAVIDES|2||3|0|0|0|||0|0|0|PC|0|0|0|||0||1784122452557
1|801|9340001623|82089000|0|0|0|0|0|0|0|0|0|1|3|20260601|182750|20260715|ABENAVIDES|2||3|0|0|0|||0|0|0|PC|0|0|0|||0||1784122452566
1|801|9379353525|28030090|0|0|0|0|0|0|0|0|0|1|3|20260601|182750|20260715|ABENAVIDES|2||3|0|0|0|||0|0|0|PC|0|0|0|||0||1784122452573
1|801|940-0451-001|90268000|0|0|0|0|0|0|0|0|0|1|3|20260601|182750|20260715|ABENAVIDES|2||3|0|0|0|||0|0|0|KG|0|0|0|||0||1784122452586
1|801|94316|88073000|0|0|0|0|0|0|0|0|0|1|3|20260601|182750|20260715|ABENAVIDES|2||3|0|0|0|||0|0|0|PC|0|0|0|||0||1784122452594
1|801|9520010438|40169300|0|0|0|0|0|0|0|0|0|1|3|20260601|182750|20260715|ABENAVIDES|2||3|0|0|0|||0|0|0|EA|0|0|0|||0||1784122452604
1|801|9550002200|84812090|0|0|0|0|0|0|0|0|0|1|3|20260601|182750|20260715|ABENAVIDES|2||3|0|0|0|||0|0|0|UN|0|0|0|||0||1784122452612
1|801|9550163882|39269090|0|0|0|0|0|0|0|0|0|1|3|20260601|182750|20260715|ABENAVIDES|2||3|0|0|0|||0|0|0|PC|0|0|0|||0||1784122452619
1|801|9550173480|90321090|0|0|0|0|0|0|0|0|0|1|3|20260601|182750|20260715|ABENAVIDES|2||3|0|0|0|||0|0|0|UN|0|0|0|||0||1784122452627
1|801|9560166240|40169300|0|0|0|0|0|0|0|0|0|1|3|20260601|182750|20260715|ABENAVIDES|2||3|0|0|0|||0|0|0|KG|0|0|0|||0||1784122452635
1|801|9560166910|84119100|0|0|0|0|0|0|0|0|0|1|3|20260601|182750|20260715|ABENAVIDES|2||3|0|0|0|||0|0|0|KG|0|0|0|||0||1784122452644
1|801|9560169680|73269090|0|0|0|0|0|0|0|0|0|1|3|20260601|182750|20260715|ABENAVIDES|2||3|0|0|0|||0|0|0|PC|0|0|0|||0||1784122452652
1|801|9560171170|88073000|0|0|0|0|0|0|0|0|0|1|3|20260601|182750|20260715|ABENAVIDES|2||3|0|0|0|||0|0|0|EA|0|0|0|||0||1784122452662
1|801|9560176570|88073000|0|0|0|0|0|0|0|0|0|1|3|20260601|182750|20260715|ABENAVIDES|2||3|0|0|0|||0|0|0|KG|0|0|0|||0||1784122452669
1|801|9580114790|90142090|0|0|0|0|0|0|0|0|0|1|3|20260601|182750|20260715|ABENAVIDES|2||3|0|0|0|||0|0|0|PC|0|0|0|||0||1784122452678
1|801|9580116440|90292010|0|0|0|0|0|0|0|0|0|1|3|20260601|182750|20260715|ABENAVIDES|2||3|0|0|0|||0|0|0|PC|0|0|0|||0||1784122452686
1|801|9599-607-18503|85176199|0|0|0|0|0|0|0|0|0|1|3|20260601|182750|20260715|ABENAVIDES|2||3|0|0|0|||0|0|0|PC|0|0|0|||0||1784122452696
1|801|96-027-7942-4|90212900|0|0|0|0|0|0|0|0|0|1|3|20260601|182750|20260715|ABENAVIDES|2||3|0|0|0|||0|0|0|PC|0|0|0|||0||1784122452704
1|801|96076-10A100|73269090|0|0|0|0|0|0|0|0|0|1|3|20260601|182750|20260715|ABENAVIDES|2||3|0|0|0|||0|0|0|KG|0|0|0|||0||1784122452711
1|801|9649508005|83113000|0|0|0|0|0|0|0|0|0|1|3|20260601|182750|20260715|ABENAVIDES|2||3|0|0|0|||0|0|0|PC|0|0|0|||0||1784122452719
1|801|96960|90142090|0|0|0|0|0|0|0|0|0|1|3|20260601|182750|20260715|ABENAVIDES|2||3|0|0|0|||0|0|0|PC|0|0|0|||0||1784122452727
1|801|96978|85065090|0|0|0|0|0|0|0|0|0|1|3|20260601|182750|20260715|ABENAVIDES|2||3|0|0|0|||0|0|0|PC|0|0|0|||0||1784122452735
1|801|971083-1-5V|85176199|0|0|0|0|0|0|0|0|0|1|3|20260601|182750|20260715|ABENAVIDES|2||3|0|0|0|||0|0|0|UN|0|0|0|||0||1784122452743
1|801|97154-120|88072000|0|0|0|0|0|0|0|0|0|1|3|20260601|182750|20260715|ABENAVIDES|2||3|0|0|0|||0|0|0|PC|0|0|0|||0||1784122452750
1|801|97154-121|88072000|0|0|0|0|0|0|0|0|0|1|3|20260601|182750|20260715|ABENAVIDES|2||3|0|0|0|||0|0|0|PC|0|0|0|||0||1784122452759
1|801|984-5320-001|90212900|0|0|0|0|0|0|0|0|0|1|3|20260601|182750|20260715|ABENAVIDES|2||3|0|0|0|||0|0|0|KG|0|0|0|||0||1784122452766
1|801|985-0048-003|83100000|0|0|0|0|0|0|0|0|0|1|3|20260601|182750|20260715|ABENAVIDES|2||3|0|0|0|||0|0|0|KG|0|0|0|||0||1784122452774
1|801|99-9028-600|40169990|0|0|0|0|0|0|0|0|0|1|3|20260601|182750|20260715|ABENAVIDES|2||3|0|0|0|||0|0|0|PC|0|0|0|||0||1784122452782
1|801|9913|90200010|0|0|0|0|0|0|0|0|0|1|3|20260601|182750|20260715|ABENAVIDES|2||3|0|0|0|||0|0|0|PC|0|0|0|||0||1784122452790
1|801|993503-008|88073000|0|0|0|0|0|0|0|0|0|1|3|20260601|182750|20260715|ABENAVIDES|2||3|0|0|0|||0|0|0|PC|0|0|0|||0||1784122452798
1|801|993503-056|40169300|0|0|0|0|0|0|0|0|0|1|3|20260601|182750|20260715|ABENAVIDES|2||3|0|0|0|||0|0|0|KG|0|0|0|||0||1784122452805
1|801|993503-354|73269090|0|0|0|0|0|0|0|0|0|1|3|20260601|182750|20260715|ABENAVIDES|2||3|0|0|0|||0|0|0|PC|0|0|0|||0||1784122452815
1|801|99537|88071000|0|0|0|0|0|0|0|0|0|1|3|20260601|182750|20260715|ABENAVIDES|2||3|0|0|0|||0|0|0|KG|0|0|0|||0||1784122452826
1|801|99T26720-14B18|90019010|0|0|0|0|0|0|0|0|0|1|3|20260601|182750|20260715|ABENAVIDES|2||3|0|0|0|||0|0|0|KG|0|0|0|||0||1784122452834
1|801|9D1B|38159099|0|0|0|0|0|0|0|0|0|1|3|20260601|182750|20260715|ABENAVIDES|2||3|0|0|0|||0|0|0|PC|0|0|0|||0||1784122452843
1|801|A-A59163|39100090|0|0|0|0|0|0|0|0|0|1|3|20260601|182750|20260715|ABENAVIDES|2||3|0|0|0|||0|0|0|PC|0|0|0|||0||1784122452851
1|801|A0339|85323090|0|0|0|0|0|0|0|0|0|1|3|20260601|182750|20260715|ABENAVIDES|2||3|0|0|0|||0|0|0|PC|0|0|0|||0||1784122452859
1|801|A1077F|85364100|0|0|0|0|0|0|0|0|0|1|3|20260601|182750|20260715|ABENAVIDES|2||3|0|0|0|||0|0|0|UN|0|0|0|||0||1784122452867
1|801|A15418-7372I-D|82077090|0|0|0|0|0|0|0|0|0|1|3|20260601|182750|20260715|ABENAVIDES|2||3|0|0|0|||0|0|0|PC|0|0|0|||0||1784122452875
1|801|A1600|84241000|0|0|0|0|0|0|0|0|0|1|3|20260601|182750|20260715|ABENAVIDES|2||3|0|0|0|||0|0|0|PC|0|0|0|||0||1784122452883
1|801|A2-100|84145990|0|0|0|0|0|0|0|0|0|1|3|20260601|182750|20260715|ABENAVIDES|2||3|0|0|0|||0|0|0|PC|0|0|0|||0||1784122452891
1|801|A24112066|88072000|0|0|0|0|0|0|0|0|0|1|3|20260601|182750|20260715|ABENAVIDES|2||3|0|0|0|||0|0|0|PC|0|0|0|||0||1784122452899
1|801|A301-61ACR|85229000|0|0|0|0|0|0|0|0|0|1|3|20260601|182750|20260715|ABENAVIDES|2||3|0|0|0|||0|0|0|PC|0|0|0|||0||1784122452907
1|801|A32909|63072000|0|0|0|0|0|0|0|0|0|1|3|20260601|182750|20260715|ABENAVIDES|2||3|0|0|0|||0|0|0|KG|0|0|0|||0||1784122452915
1|801|A33506|63072000|0|0|0|0|0|0|0|0|0|1|3|20260601|182750|20260715|ABENAVIDES|2||3|0|0|0|||0|0|0|KG|0|0|0|||0||1784122452927
1|801|A33540|63072000|0|0|0|0|0|0|0|0|0|1|3|20260601|182750|20260715|ABENAVIDES|2||3|0|0|0|||0|0|0|KG|0|0|0|||0||1784122452935
1|801|A353A04|40169300|0|0|0|0|0|0|0|0|0|1|3|20260601|182750|20260715|ABENAVIDES|2||3|0|0|0|||0|0|0|KG|0|0|0|||0||1784122452943
1|801|A35628|85365090|0|0|0|0|0|0|0|0|0|1|3|20260601|182750|20260715|ABENAVIDES|2||3|0|0|0|||0|0|0|UN|0|0|0|||0||1784122452951
1|801|A35981|39073029|0|0|0|0|0|0|0|0|0|1|3|20260601|182750|20260715|ABENAVIDES|2||3|0|0|0|||0|0|0|PC|0|0|0|||0||1784122452959
1|801|A574A01-01|85469000|0|0|0|0|0|0|0|0|0|1|3|20260601|182750|20260715|ABENAVIDES|2||3|0|0|0|||0|0|0|PC|0|0|0|||0||1784122452969
1|801|A590-1|90328981|0|0|0|0|0|0|0|0|0|1|3|20260601|182750|20260715|ABENAVIDES|2||3|0|0|0|||0|0|0|UN|0|0|0|||0||1784122452977
1|801|A596A07|85369090|0|0|0|0|0|0|0|0|0|1|3|20260601|182750|20260715|ABENAVIDES|2||3|0|0|0|||0|0|0|PC|0|0|0|||0||1784122452985
1|801|A702|38249941|0|0|0|0|0|0|0|0|0|1|3|20260601|182750|20260715|ABENAVIDES|2||3|0|0|0|||0|0|0|UN|0|0|0|||0||1784122452993
1|801|A864A0991E018T|76069200|0|0|0|0|0|0|0|0|0|1|3|20260601|182750|20260715|ABENAVIDES|2||3|0|0|0|||0|0|0|PC|0|0|0|||0||1784122453001
1|801|A927C|85364100|0|0|0|0|0|0|0|0|0|1|3|20260601|182750|20260715|ABENAVIDES|2||3|0|0|0|||0|0|0|EA|0|0|0|||0||1784122453010
1|801|AA52080B3BLK|56075011|0|0|0|0|0|0|0|0|0|1|3|20260601|182750|20260715|ABENAVIDES|2||3|0|0|0|||0|0|0|PC|0|0|0|||0||1784122453018
1|801|ABRAÇADEIRA COP|39174090|0|0|0|0|0|0|0|0|0|1|3|20260601|182750|20260715|ABENAVIDES|2||3|0|0|0|||0|0|0|UN|0|0|0|||0||1784122453026
1|801|AC70404|84212990|0|0|0|0|0|0|0|0|0|1|3|20260601|182750|20260715|ABENAVIDES|2||3|0|0|0|||0|0|0|UN|0|0|0|||0||1784122453034
1|801|AC9985F30Y2|84212301|0|0|0|0|0|0|0|0|0|1|3|20260601|182750|20260715|ABENAVIDES|2||3|0|0|0|||0|0|0|UN|0|0|0|||0||1784122453049
1|801|ACF-50|34039900|0|0|0|0|0|0|0|0|0|1|3|20260601|182750|20260715|ABENAVIDES|2||3|0|0|0|||0|0|0|EA|0|0|0|||0||1784122453060
1|801|ACIDBRUSHI1-2|88073000|0|0|0|0|0|0|0|0|0|1|3|20260601|182750|20260715|ABENAVIDES|2||3|0|0|0|||0|0|0|PC|0|0|0|||0||1784122453068
1|801|ACR1916|85318000|0|0|0|0|0|0|0|0|0|1|3|20260601|182750|20260715|ABENAVIDES|2||3|0|0|0|||0|0|0|PC|0|0|0|||0||1784122453076
1|801|ADAPTENERG|85366990|0|0|0|0|0|0|0|0|0|1|3|20260601|182750|20260715|ABENAVIDES|2||3|0|0|0|||0|0|0|LT|0|0|0|||0||1784122453084
1|801|AE1010727G0153|39173900|0|0|0|0|0|0|0|0|0|1|3|20260601|182750|20260715|ABENAVIDES|2||3|0|0|0|||0|0|0|PC|0|0|0|||0||1784122453092
1|801|AE71293H|84139190|0|0|0|0|0|0|0|0|0|1|3|20260601|182750|20260715|ABENAVIDES|2||3|0|0|0|||0|0|0|PC|0|0|0|||0||1784122453099
1|801|AER0600|34029039|0|0|0|0|0|0|0|0|0|1|3|20260601|182750|20260715|ABENAVIDES|2||3|0|0|0|||0|0|0|PC|0|0|0|||0||1784122453109
1|801|AG282000-03|40169300|0|0|0|0|0|0|0|0|0|1|3|20260601|182750|20260715|ABENAVIDES|2||3|0|0|0|||0|0|0|KG|0|0|0|||0||1784122453117
1|801|AHSE51610-101|73269090|0|0|0|0|0|0|0|0|0|1|3|20260601|182750|20260715|ABENAVIDES|2||3|0|0|0|||0|0|0|KG|0|0|0|||0||1784122453124
1|801|AHSE52728-009|88073000|0|0|0|0|0|0|0|0|0|1|3|20260601|182750|20260715|ABENAVIDES|2||3|0|0|0|||0|0|0|UN|0|0|0|||0||1784122453133
1|801|AHSE53848-001|39269090|0|0|0|0|0|0|0|0|0|1|3|20260601|182750|20260715|ABENAVIDES|2||3|0|0|0|||0|0|0|PC|0|0|0|||0||1784122453143
1|801|AI5150CX4|88073000|0|0|0|0|0|0|0|0|0|1|3|20260601|182750|20260715|ABENAVIDES|2||3|0|0|0|||0|0|0|KG|0|0|0|||0||1784122453151
1|801|AIR-PWRRINJ4|63079090|0|0|0|0|0|0|0|0|0|1|3|20260601|182750|20260715|ABENAVIDES|2||3|0|0|0|||0|0|0|EA|0|0|0|||0||1784122453158
1|801|AJW3-35|39269090|0|0|0|0|0|0|0|0|0|1|3|20260601|182750|20260715|ABENAVIDES|2||3|0|0|0|||0|0|0|KG|0|0|0|||0||1784122453166
1|801|AKM30150BLUE|39269090|0|0|0|0|0|0|0|0|0|1|3|20260601|182750|20260715|ABENAVIDES|2||3|0|0|0|||0|0|0|PK|0|0|0|||0||1784122453181
1|801|ALDRAVES|73269090|0|0|0|0|0|0|0|0|0|1|3|20260601|182750|20260715|ABENAVIDES|2||3|0|0|0|||0|0|0|PK|0|0|0|||0||1784122453191
1|801|ALG 981-9|42032900|0|0|0|0|0|0|0|0|0|1|3|20260601|182750|20260715|ABENAVIDES|2||3|0|0|0|||0|0|0|EA|0|0|0|||0||1784122453208
1|801|ALODINE1200S|76169900|0|0|0|0|0|0|0|0|0|1|3|20260601|182750|20260715|ABENAVIDES|2||3|0|0|0|||0|0|0|UN|0|0|0|||0||1784122453218
1|801|ALT 15F25|85131010|0|0|0|0|0|0|0|0|0|1|3|20260601|182750|20260715|ABENAVIDES|2||3|0|0|0|||0|0|0|UN|0|0|0|||0||1784122453225
1|801|ALTUFIXP10-1L|35061090|0|0|0|0|0|0|0|0|0|1|3|20260601|182750|20260715|ABENAVIDES|2||3|0|0|0|||0|0|0|UN|0|0|0|||0||1784122453234
1|801|AMBERCLENS|34029039|0|0|0|0|0|0|0|0|0|1|3|20260601|182750|20260715|ABENAVIDES|2||3|0|0|0|||0|0|0|UN|0|0|0|||0||1784122453242
1|801|AMM0101-1|28142000|0|0|0|0|0|0|0|0|0|1|3|20260601|182750|20260715|ABENAVIDES|2||3|0|0|0|||0|0|0|UN|0|0|0|||0||1784122453250
1|801|AMOSTRA DE LIMA|90212900|0|0|0|0|0|0|0|0|0|1|3|20260601|182750|20260715|ABENAVIDES|2||3|0|0|0|||0|0|0|KG|0|0|0|||0||1784122453259
1|801|AMOSTRA DE OLEO|27101932|0|0|0|0|0|0|0|0|0|1|3|20260601|182750|20260715|ABENAVIDES|2||3|0|0|0|||0|0|0|KG|0|0|0|||0||1784122453266
1|801|AMS5517-020|73269090|0|0|0|0|0|0|0|0|0|1|3|20260601|182750|20260715|ABENAVIDES|2||3|0|0|0|||0|0|0|PC|0|0|0|||0||1784122453274
1|801|AN821-4D|73269090|0|0|0|0|0|0|0|0|0|1|3|20260601|182750|20260715|ABENAVIDES|2||3|0|0|0|||0|0|0|PC|0|0|0|||0||1784122453282
1|801|AN919-3J|73269090|0|0|0|0|0|0|0|0|0|1|3|20260601|182750|20260715|ABENAVIDES|2||3|0|0|0|||0|0|0|PC|0|0|0|||0||1784122453293
1|801|ANAYLSIS|39269090|0|0|0|0|0|0|0|0|0|1|3|20260601|182750|20260715|ABENAVIDES|2||3|0|0|0|||0|0|0|UN|0|0|0|||0||1784122453304
1|801|ANS5320CM100E|90212900|0|0|0|0|0|0|0|0|0|1|3|20260601|182750|20260715|ABENAVIDES|2||3|0|0|0|||0|0|0|PC|0|0|0|||0||1784122453314
1|801|AQ5|73269090|0|0|0|0|0|0|0|0|0|1|3|20260601|182750|20260715|ABENAVIDES|2||3|0|0|0|||0|0|0|PC|0|0|0|||0||1784122453321
1|801|AR1599|90278999|0|0|0|0|0|0|0|0|0|1|3|20260601|182750|20260715|ABENAVIDES|2||3|0|0|0|||0|0|0|PC|0|0|0|||0||1784122453332
1|801|ARDR0X3961|38249941|0|0|0|0|0|0|0|0|0|1|3|20260601|182750|20260715|ABENAVIDES|2||3|0|0|0|||0|0|0|LT|0|0|0|||0||1784122453347
1|801|ARMARIO DE MET|94032010|0|0|0|0|0|0|0|0|0|1|3|20260601|182750|20260715|ABENAVIDES|2||3|0|0|0|||0|0|0|PC|0|0|0|||0||1784122453356
1|801|ARMAÇÃO TIPO R|90212900|0|0|0|0|0|0|0|0|0|1|3|20260601|182750|20260715|ABENAVIDES|2||3|0|0|0|||0|0|0|UN|0|0|0|||0||1784122453365
1|801|ART2-4-100|90308990|0|0|0|0|0|0|0|0|0|1|3|20260601|182750|20260715|ABENAVIDES|2||3|0|0|0|||0|0|0|EA|0|0|0|||0||1784122453373
1|801|AS1097-12|40169300|0|0|0|0|0|0|0|0|0|1|3|20260601|182750|20260715|ABENAVIDES|2||3|0|0|0|||0|0|0|PC|0|0|0|||0||1784122453383
1|801|AS16408|94019900|0|0|0|0|0|0|0|0|0|1|3|20260601|182750|20260715|ABENAVIDES|2||3|0|0|0|||0|0|0|PC|0|0|0|||0||1784122453390
1|801|AS3209-015|39269090|0|0|0|0|0|0|0|0|0|1|3|20260601|182751|20260715|ABENAVIDES|2||3|0|0|0|||0|0|0|PC|0|0|0|||0||1784122453398
1|801|AS92100-103|35069900|0|0|0|0|0|0|0|0|0|1|3|20260601|182751|20260715|ABENAVIDES|2||3|0|0|0|||0|0|0|KG|0|0|0|||0||1784122453406
1|801|ASH33CTG|27101931|0|0|0|0|0|0|0|0|0|1|3|20260601|182751|20260715|ABENAVIDES|2||3|0|0|0|||0|0|0|PC|0|0|0|||0||1784122453414
1|801|ASN52320CM060E|90212900|0|0|0|0|0|0|0|0|0|1|3|20260601|182751|20260715|ABENAVIDES|2||3|0|0|0|||0|0|0|KG|0|0|0|||0||1784122453422
1|801|ASNA3104-8652|76169900|0|0|0|0|0|0|0|0|0|1|3|20260601|182751|20260715|ABENAVIDES|2||3|0|0|0|||0|0|0|KG|0|0|0|||0||1784122453430
1|801|AT420000|88073000|0|0|0|0|0|0|0|0|0|1|3|20260601|182751|20260715|ABENAVIDES|2||3|0|0|0|||0|0|0|PC|0|0|0|||0||1784122453438
1|801|ATADURA|30051020|0|0|0|0|0|0|0|0|0|1|3|20260601|182751|20260715|ABENAVIDES|2||3|0|0|0|||0|0|0|UN|0|0|0|||0||1784122453446
1|801|ATG 53124|96039000|0|0|0|0|0|0|0|0|0|1|3|20260601|182751|20260715|ABENAVIDES|2||3|0|0|0|||0|0|0|PC|0|0|0|||0||1784122453454
1|801|AUTOMÁTICO|90261029|0|0|0|0|0|0|0|0|0|1|3|20260601|182751|20260715|ABENAVIDES|2||3|0|0|0|||0|0|0|PC|0|0|0|||0||1784122453461
1|801|AW001SHB09020T|88071000|0|0|0|0|0|0|0|0|0|1|3|20260601|182751|20260715|ABENAVIDES|2||3|0|0|0|||0|0|0|UN|0|0|0|||0||1784122453470
1|801|AW007TE30-113|88071000|0|0|0|0|0|0|0|0|0|1|3|20260601|182751|20260715|ABENAVIDES|2||3|0|0|0|||0|0|0|KG|0|0|0|||0||1784122453477
1|801|AWN76060|56031410|0|0|0|0|0|0|0|0|0|1|3|20260601|182751|20260715|ABENAVIDES|2||3|0|0|0|||0|0|0|UN|0|0|0|||0||1784122453485
1|801|B13269-1|73110000|0|0|0|0|0|0|0|0|0|1|3|20260601|182751|20260715|ABENAVIDES|2||3|0|0|0|||0|0|0|KG|0|0|0|||0||1784122453493
1|801|B18-945-32-28-1|88071000|0|0|0|0|0|0|0|0|0|1|3|20260601|182751|20260715|ABENAVIDES|2||3|0|0|0|||0|0|0|KG|0|0|0|||0||1784122453501
1|801|B1894522284DN|91069000|0|0|0|0|0|0|0|0|0|1|3|20260601|182751|20260715|ABENAVIDES|2||3|0|0|0|||0|0|0|UN|0|0|0|||0||1784122453512
1|801|B360-00362SAC|88073000|0|0|0|0|0|0|0|0|0|1|3|20260601|182751|20260715|ABENAVIDES|2||3|0|0|0|||0|0|0|PC|0|0|0|||0||1784122453522
1|801|B376-00134|84119100|0|0|0|0|0|0|0|0|0|1|3|20260601|182751|20260715|ABENAVIDES|2||3|0|0|0|||0|0|0|PC|0|0|0|||0||1784122453532
1|801|B444-00111|88071000|0|0|0|0|0|0|0|0|0|1|3|20260601|182751|20260715|ABENAVIDES|2||3|0|0|0|||0|0|0|PC|0|0|0|||0||1784122453546
1|801|BA51012GR3|84241000|0|0|0|0|0|0|0|0|0|1|3|20260601|182751|20260715|ABENAVIDES|2||3|0|0|0|||0|0|0|UN|0|0|0|||0||1784122453556
1|801|BA76A1|84145990|0|0|0|0|0|0|0|0|0|1|3|20260601|182751|20260715|ABENAVIDES|2||3|0|0|0|||0|0|0|EA|0|0|0|||0||1784122453566
1|801|BACKPACK|42022900|0|0|0|0|0|0|0|0|0|1|3|20260601|182751|20260715|ABENAVIDES|2||3|0|0|0|||0|0|0|EA|0|0|0|||0||1784122453573
1|801|BAGGAGECART|94032090|0|0|0|0|0|0|0|0|0|1|3|20260601|182751|20260715|ABENAVIDES|2||3|0|0|0|||0|0|0|UN|0|0|0|||0||1784122453581
1|801|BALANÇA DIGITAL|84233090|0|0|0|0|0|0|0|0|0|1|3|20260601|182751|20260715|ABENAVIDES|2||3|0|0|0|||0|0|0|UN|0|0|0|||0||1784122453590
1|801|BALCÃO|90212900|0|0|0|0|0|0|0|0|0|1|3|20260601|182751|20260715|ABENAVIDES|2||3|0|0|0|||0|0|0|UN|0|0|0|||0||1784122453597
1|801|BARNA|88073000|0|0|0|0|0|0|0|0|0|1|3|20260601|182751|20260715|ABENAVIDES|2||3|0|0|0|||0|0|0|UN|0|0|0|||0||1784122453604
1|801|BAS76-200G|84148019|0|0|0|0|0|0|0|0|0|1|3|20260601|182751|20260715|ABENAVIDES|2||3|0|0|0|||0|0|0|PC|0|0|0|||0||1784122453613
1|801|BB32EZ06US|38089299|0|0|0|0|0|0|0|0|0|1|3|20260601|182751|20260715|ABENAVIDES|2||3|0|0|0|||0|0|0|PC|0|0|0|||0||1784122453620
1|801|BDS200|82041200|0|0|0|0|0|0|0|0|0|1|3|20260601|182751|20260715|ABENAVIDES|2||3|0|0|0|||0|0|0|PC|0|0|0|||0||1784122453628
1|801|BDS3115-010C|40169300|0|0|0|0|0|0|0|0|0|1|3|20260601|182751|20260715|ABENAVIDES|2||3|0|0|0|||0|0|0|PC|0|0|0|||0||1784122453636
1|801|BHC1181|88071000|0|0|0|0|0|0|0|0|0|1|3|20260601|182751|20260715|ABENAVIDES|2||3|0|0|0|||0|0|0|PC|0|0|0|||0||1784122453643
1|801|BHL-COMP1637-00|88071000|0|0|0|0|0|0|0|0|0|1|3|20260601|182751|20260715|ABENAVIDES|2||3|0|0|0|||0|0|0|PC|0|0|0|||0||1784122453651
1|801|BK5600|90268000|0|0|0|0|0|0|0|0|0|1|3|20260601|182751|20260715|ABENAVIDES|2||3|0|0|0|||0|0|0|UN|0|0|0|||0||1784122453659
1|801|BKH-300|84233090|0|0|0|0|0|0|0|0|0|1|3|20260601|182751|20260715|ABENAVIDES|2||3|0|0|0|||0|0|0|EA|0|0|0|||0||1784122453667
1|801|BLB60100|54071029|0|0|0|0|0|0|0|0|0|1|3|20260601|182751|20260715|ABENAVIDES|2||3|0|0|0|||0|0|0|UN|0|0|0|||0||1784122453674
1|801|BML185|85131090|0|0|0|0|0|0|0|0|0|1|3|20260601|182751|20260715|ABENAVIDES|2||3|0|0|0|||0|0|0|EA|0|0|0|||0||1784122453681
1|801|BOLSA MALOTE|94032090|0|0|0|0|0|0|0|0|0|1|3|20260601|182751|20260715|ABENAVIDES|2||3|0|0|0|||0|0|0|UN|0|0|0|||0||1784122453689
1|801|BONÉ DE SEGURAN|84133090|0|0|0|0|0|0|0|0|0|1|3|20260601|182751|20260715|ABENAVIDES|2||3|0|0|0|||0|0|0|UN|0|0|0|||0||1784122453697
1|801|BP394|85365090|0|0|0|0|0|0|0|0|0|1|3|20260601|182751|20260715|ABENAVIDES|2||3|0|0|0|||0|0|0|UN|0|0|0|||0||1784122453704
1|801|BR1072|88073000|0|0|0|0|0|0|0|0|0|1|3|20260601|182751|20260715|ABENAVIDES|2||3|0|0|0|||0|0|0|PC|0|0|0|||0||1784122453712
1|801|BRUSHACID5-3-4I|96034090|0|0|0|0|0|0|0|0|0|1|3|20260601|182751|20260715|ABENAVIDES|2||3|0|0|0|||0|0|0|PC|0|0|0|||0||1784122453719
1|801|BTM400PLUS|90303990|0|0|0|0|0|0|0|0|0|1|3|20260601|182751|20260715|ABENAVIDES|2||3|0|0|0|||0|0|0|PC|0|0|0|||0||1784122453727
1|801|BWT10-3160070D|73269090|0|0|0|0|0|0|0|0|0|1|3|20260601|182751|20260715|ABENAVIDES|2||3|0|0|0|||0|0|0|PC|0|0|0|||0||1784122453735
1|801|C10|40161090|0|0|0|0|0|0|0|0|0|1|3|20260601|182751|20260715|ABENAVIDES|2||3|0|0|0|||0|0|0|PC|0|0|0|||0||1784122453742
1|801|C147-00902|88073000|0|0|0|0|0|0|0|0|0|1|3|20260601|182751|20260715|ABENAVIDES|2||3|0|0|0|||0|0|0|PC|0|0|0|||0||1784122453750
1|801|C149366-2-003|84159090|0|0|0|0|0|0|0|0|0|1|3|20260601|182751|20260715|ABENAVIDES|2||3|0|0|0|||0|0|0|PC|0|0|0|||0||1784122453757
1|801|C156805-1|90142090|0|0|0|0|0|0|0|0|0|1|3|20260601|182751|20260715|ABENAVIDES|2||3|0|0|0|||0|0|0|UN|0|0|0|||0||1784122453765
1|801|C16196AB|90321090|0|0|0|0|0|0|0|0|0|1|3|20260601|182751|20260715|ABENAVIDES|2||3|0|0|0|||0|0|0|UN|0|0|0|||0||1784122453772
1|801|C17027CA01|90142090|0|0|0|0|0|0|0|0|0|1|3|20260601|182751|20260715|ABENAVIDES|2||3|0|0|0|||0|0|0|UN|0|0|0|||0||1784122453781
1|801|C23954-106|84839000|0|0|0|0|0|0|0|0|0|1|3|20260601|182751|20260715|ABENAVIDES|2||3|0|0|0|||0|0|0|PC|0|0|0|||0||1784122453789
1|801|C3BE4817A31|85318000|0|0|0|0|0|0|0|0|0|1|3|20260601|182751|20260715|ABENAVIDES|2||3|0|0|0|||0|0|0|UN|0|0|0|||0||1784122453797
1|801|CA4398|40151200|0|0|0|0|0|0|0|0|0|1|3|20260601|182751|20260715|ABENAVIDES|2||3|0|0|0|||0|0|0|PC|0|0|0|||0||1784122453806
1|801|CA8110A-B|39199090|0|0|0|0|0|0|0|0|0|1|3|20260601|182751|20260715|ABENAVIDES|2||3|0|0|0|||0|0|0|UN|0|0|0|||0||1784122453814
1|801|CADEIRA IGNITIO|90212900|0|0|0|0|0|0|0|0|0|1|3|20260601|182751|20260715|ABENAVIDES|2||3|0|0|0|||0|0|0|PC|0|0|0|||0||1784122453824
1|801|CAIXA HIDRANTE|73269090|0|0|0|0|0|0|0|0|0|1|3|20260601|182751|20260715|ABENAVIDES|2||3|0|0|0|||0|0|0|PR|0|0|0|||0||1784122453832
1|801|CAIXINHA IMPRES|48191000|0|0|0|0|0|0|0|0|0|1|3|20260601|182751|20260715|ABENAVIDES|2||3|0|0|0|||0|0|0|UN|0|0|0|||0||1784122453845
1|801|CAMISA POLO|62052000|0|0|0|0|0|0|0|0|0|1|3|20260601|182751|20260715|ABENAVIDES|2||3|0|0|0|||0|0|0|UN|0|0|0|||0||1784122453854
1|801|CAPACETE|65061000|0|0|0|0|0|0|0|0|0|1|3|20260601|182751|20260715|ABENAVIDES|2||3|0|0|0|||0|0|0|UN|0|0|0|||0||1784122453862
1|801|CAPIPAD2|39269090|0|0|0|0|0|0|0|0|0|1|3|20260601|182751|20260715|ABENAVIDES|2||3|0|0|0|||0|0|0|UN|0|0|0|||0||1784122453871
1|801|CATTEC|49111010|0|0|0|0|0|0|0|0|0|1|3|20260601|182751|20260715|ABENAVIDES|2||3|0|0|0|||0|0|0|PC|0|0|0|||0||1784122453881
1|801|CCY42HP|85361000|0|0|0|0|0|0|0|0|0|1|3|20260601|182751|20260715|ABENAVIDES|2||3|0|0|0|||0|0|0|PC|0|0|0|||0||1784122453889
1|801|CD6|39269090|0|0|0|0|0|0|0|0|0|1|3|20260601|182751|20260715|ABENAVIDES|2||3|0|0|0|||0|0|0|PC|0|0|0|||0||1784122453898
1|801|CDR BHC2NY|65061000|0|0|0|0|0|0|0|0|0|1|3|20260601|182751|20260715|ABENAVIDES|2||3|0|0|0|||0|0|0|PC|0|0|0|||0||1784122453905
1|801|CDR CA11178-CHC|63072000|0|0|0|0|0|0|0|0|0|1|3|20260601|182751|20260715|ABENAVIDES|2||3|0|0|0|||0|0|0|PC|0|0|0|||0||1784122453913
1|801|CDR FPL6E4|65061000|0|0|0|0|0|0|0|0|0|1|3|20260601|182751|20260715|ABENAVIDES|2||3|0|0|0|||0|0|0|PC|0|0|0|||0||1784122453920
1|801|CDR HBC2RD|65061000|0|0|0|0|0|0|0|0|0|1|3|20260601|182751|20260715|ABENAVIDES|2||3|0|0|0|||0|0|0|PC|0|0|0|||0||1784122453931
1|801|CDRHB2NY|65061000|0|0|0|0|0|0|0|0|0|1|3|20260601|182751|20260715|ABENAVIDES|2||3|0|0|0|||0|0|0|PC|0|0|0|||0||1784122453938
1|801|CDRHBC2NY|88073000|0|0|0|0|0|0|0|0|0|1|3|20260601|182751|20260715|ABENAVIDES|2||3|0|0|0|||0|0|0|EA|0|0|0|||0||1784122453945
1|801|CE1|88073000|0|0|0|0|0|0|0|0|0|1|3|20260601|182751|20260715|ABENAVIDES|2||3|0|0|0|||0|0|0|EA|0|0|0|||0||1784122453955
1|801|CE11|88073000|0|0|0|0|0|0|0|0|0|1|3|20260601|182751|20260715|ABENAVIDES|2||3|0|0|0|||0|0|0|EA|0|0|0|||0||1784122453963
1|801|CE831|84159090|0|0|0|0|0|0|0|0|0|1|3|20260601|182751|20260715|ABENAVIDES|2||3|0|0|0|||0|0|0|EA|0|0|0|||0||1784122453973
1|801|CEL2100100|90318099|0|0|0|0|0|0|0|0|0|1|3|20260601|182751|20260715|ABENAVIDES|2||3|0|0|0|||0|0|0|CJ|0|0|0|||0||1784122453980
1|801|CEL99221000|82055900|0|0|0|0|0|0|0|0|0|1|3|20260601|182751|20260715|ABENAVIDES|2||3|0|0|0|||0|0|0|EA|0|0|0|||0||1784122453989
1|801|CEL99221011|90318099|0|0|0|0|0|0|0|0|0|1|3|20260601|182751|20260715|ABENAVIDES|2||3|0|0|0|||0|0|0|PC|0|0|0|||0||1784122454000
1|801|CF19|84713019|0|0|0|0|0|0|0|0|0|1|3|20260601|182751|20260715|ABENAVIDES|2||3|0|0|0|||0|0|0|UN|0|0|0|||0||1784122454014
1|801|CH34758-3|73182300|0|0|0|0|0|0|0|0|0|1|3|20260601|182751|20260715|ABENAVIDES|2||3|0|0|0|||0|0|0|KG|0|0|0|||0||1784122454022
1|801|CHUKING 0 1280|82055900|0|0|0|0|0|0|0|0|0|1|3|20260601|182751|20260715|ABENAVIDES|2||3|0|0|0|||0|0|0|PC|0|0|0|||0||1784122454036
1|801|CINTA LOMBAR|90212900|0|0|0|0|0|0|0|0|0|1|3|20260601|182751|20260715|ABENAVIDES|2||3|0|0|0|||0|0|0|UN|0|0|0|||0||1784122454044
1|801|CLAVICULÁRIO|88073000|0|0|0|0|0|0|0|0|0|1|3|20260601|182751|20260715|ABENAVIDES|2||3|0|0|0|||0|0|0|UN|0|0|0|||0||1784122454052
1|801|CM0571081|38151900|0|0|0|0|0|0|0|0|0|1|3|20260601|182751|20260715|ABENAVIDES|2||3|0|0|0|||0|0|0|PC|0|0|0|||0||1784122454063
1|801|CN0528|85234920|0|0|0|0|0|0|0|0|0|1|3|20260601|182751|20260715|ABENAVIDES|2||3|0|0|0|||0|0|0|PC|0|0|0|||0||1784122454072
1|801|COBERTURA|88073000|0|0|0|0|0|0|0|0|0|1|3|20260601|182751|20260715|ABENAVIDES|2||3|0|0|0|||0|0|0|PC|0|0|0|||0||1784122454080
1|801|CONE SINALIZAÇÃ|90212900|0|0|0|0|0|0|0|0|0|1|3|20260601|182751|20260715|ABENAVIDES|2||3|0|0|0|||0|0|0|UN|0|0|0|||0||1784122454089
1|801|CORDÃO PERSONAL|85073090|0|0|0|0|0|0|0|0|0|1|3|20260601|182751|20260715|ABENAVIDES|2||3|0|0|0|||0|0|0|UN|0|0|0|||0||1784122454098
1|801|CPG KRP6048|48239099|0|0|0|0|0|0|0|0|0|1|3|20260601|182751|20260715|ABENAVIDES|2||3|0|0|0|||0|0|0|KG|0|0|0|||0||1784122454106
1|801|CPN952-218|84248990|0|0|0|0|0|0|0|0|0|1|3|20260601|182751|20260715|ABENAVIDES|2||3|0|0|0|||0|0|0|PC|0|0|0|||0||1784122454118
1|801|CPN952-238|84798991|0|0|0|0|0|0|0|0|0|1|3|20260601|182751|20260715|ABENAVIDES|2||3|0|0|0|||0|0|0|PC|0|0|0|||0||1784122454126
1|801|CR1976A1|85299019|0|0|0|0|0|0|0|0|0|1|3|20260601|182751|20260715|ABENAVIDES|2||3|0|0|0|||0|0|0|PC|0|0|0|||0||1784122454139
1|801|D51615-142-090|85437099|0|0|0|0|0|0|0|0|0|1|3|20260601|182751|20260715|ABENAVIDES|2||3|0|0|0|||0|0|0|KG|0|0|0|||0||1784122454149
1|801|DD300|90142090|0|0|0|0|0|0|0|0|0|1|3|20260601|182751|20260715|ABENAVIDES|2||3|0|0|0|||0|0|0|PC|0|0|0|||0||1784122454158
1|801|G5027|35069190|0|0|0|0|0|0|0|0|0|1|3|20260601|182751|20260715|ABENAVIDES|2||3|0|0|0|||0|0|0|KG|0|0|0|||0||1784122454173
1|801|HT3000-100|39191010|0|0|0|0|0|0|0|0|0|1|3|20260601|182751|20260715|ABENAVIDES|2||3|0|0|0|||0|0|0|PC|0|0|0|||0||1784122454181
1|801|HT3935-7FR050|39191010|0|0|0|0|0|0|0|0|0|1|3|20260601|182751|20260715|ABENAVIDES|2||3|0|0|0|||0|0|0|UN|0|0|0|||0||1784122454191
1|801|M83485-1-010|40169300|0|0|0|0|0|0|0|0|0|1|3|20260601|182751|20260715|ABENAVIDES|2||3|0|0|0|||0|0|0|PC|0|0|0|||0||1784122454204
1|801|MS18098-300|84119100|0|0|0|0|0|0|0|0|0|1|3|20260601|182751|20260715|ABENAVIDES|2||3|0|0|0|||0|0|0|PC|0|0|0|||0||1784122454212
1|801|MS24586C219|73202090|0|0|0|0|0|0|0|0|0|1|3|20260601|182751|20260715|ABENAVIDES|2||3|0|0|0|||0|0|0|KG|0|0|0|||0||1784122454222
1|801|PV9366|63072000|0|0|0|0|0|0|0|0|0|1|3|20260601|182751|20260715|ABENAVIDES|2||3|0|0|0|||0|0|0|KG|0|0|0|||0||1784122454233
1|801|QD1R200|90173090|0|0|0|0|0|0|0|0|0|1|3|20260601|182751|20260715|ABENAVIDES|2||3|0|0|0|||0|0|0|KG|0|0|0|||0||1784122454245
1|801|QD2R1000|90173090|0|0|0|0|0|0|0|0|0|1|3|20260601|182751|20260715|ABENAVIDES|2||3|0|0|0|||0|0|0|PC|0|0|0|||0||1784122454253
1|801|RAWMA12-942-002|39269003|0|0|0|0|0|0|0|0|0|1|3|20260601|182751|20260715|ABENAVIDES|2||3|0|0|0|||0|0|0|PC|0|0|0|||0||1784122454263
1|801|SB7114-101|87089990|0|0|0|0|0|0|0|0|0|1|3|20260601|182751|20260715|ABENAVIDES|2||3|0|0|0|||0|0|0|KG|0|0|0|||0||1784122454277
1|801|SB7305-102|88071000|0|0|0|0|0|0|0|0|0|1|3|20260601|182751|20260715|ABENAVIDES|2||3|0|0|0|||0|0|0|UN|0|0|0|||0||1784122454284
1|801|SS5300C4-14|40169990|0|0|0|0|0|0|0|0|0|1|3|20260601|182751|20260715|ABENAVIDES|2||3|0|0|0|||0|0|0|PC|0|0|0|||0||1784122454298
1|801|SS76E12402SS000|39173900|0|0|0|0|0|0|0|0|0|1|3|20260601|182751|20260715|ABENAVIDES|2||3|0|0|0|||0|0|0|EA|0|0|0|||0||1784122454308
1|801|T155504S92-01|39172900|0|0|0|0|0|0|0|0|0|1|3|20260601|182751|20260715|ABENAVIDES|2||3|0|0|0|||0|0|0|PC|0|0|0|||0||1784122454317
