2026-05-06 08:34:00  INFO      ============================================================
2026-05-06 08:34:00  INFO      HJ_Syndigo_Organization  —  starting
2026-05-06 08:34:00  INFO      ============================================================
2026-05-06 08:34:00  INFO      Found 1 CSV file(s) in /Users/ericpronovost/Doppio/input
2026-05-06 08:34:00  INFO      Target database : /Users/ericpronovost/sqlite/doppio.db
2026-05-06 08:34:00  INFO      Target table    : SyndigoOrg
2026-05-06 08:34:00  INFO      Reading: /Users/ericpronovost/Doppio/input/0 to 50000_Syndigo_Data_Migration_Organization.csv
2026-05-06 08:34:01  INFO        → 50,000 rows, 216 columns
2026-05-06 08:34:01  INFO      Creating table SyndigoOrg
2026-05-06 08:34:02  INFO        ✓ 0 to 50000_Syndigo_Data_Migration_Organization.csv: 50,000 new rows, 0 updated
2026-05-06 08:34:02  INFO      ────────────────────────────────────────────────────────────
2026-05-06 08:34:02  INFO      Done. Total new: 50,000  |  Total updated: 0
2026-05-06 08:38:26  INFO      ============================================================
2026-05-06 08:38:26  INFO      HJ_Syndigo_Organization  —  starting
2026-05-06 08:38:26  INFO      ============================================================
2026-05-06 08:38:26  INFO      Found 10 CSV file(s) in /Users/ericpronovost/Doppio/input
2026-05-06 08:38:26  INFO      Target database : /Users/ericpronovost/sqlite/doppio.db
2026-05-06 08:38:26  INFO      Target table    : SyndigoOrg
2026-05-06 08:38:26  INFO      Reading: /Users/ericpronovost/Doppio/input/100000 to 150000_Syndigo_Data_Migration_Organization.csv
2026-05-06 08:38:27  INFO        → 50,000 rows, 216 columns
2026-05-06 08:38:28  INFO        ✓ 100000 to 150000_Syndigo_Data_Migration_Organization.csv: 50,000 new rows, 0 updated
2026-05-06 08:38:28  INFO      Reading: /Users/ericpronovost/Doppio/input/150000 to 200000_Syndigo_Data_Migration_Organization.csv
2026-05-06 08:38:29  INFO        → 50,000 rows, 216 columns
2026-05-06 08:38:30  INFO        ✓ 150000 to 200000_Syndigo_Data_Migration_Organization.csv: 50,000 new rows, 0 updated
2026-05-06 08:38:30  INFO      Reading: /Users/ericpronovost/Doppio/input/200000 to 250000_Syndigo_Data_Migration_Organization.csv
2026-05-06 08:38:30  INFO        → 50,000 rows, 216 columns
2026-05-06 08:38:31  INFO        ✓ 200000 to 250000_Syndigo_Data_Migration_Organization.csv: 50,000 new rows, 0 updated
2026-05-06 08:38:31  INFO      Reading: /Users/ericpronovost/Doppio/input/250000 to 300000_Syndigo_Data_Migration_Organization.csv
2026-05-06 08:38:32  INFO        → 50,000 rows, 216 columns
2026-05-06 08:38:33  INFO        ✓ 250000 to 300000_Syndigo_Data_Migration_Organization.csv: 50,000 new rows, 0 updated
2026-05-06 08:38:33  INFO      Reading: /Users/ericpronovost/Doppio/input/300000 to 350000_Syndigo_Data_Migration_Organization.csv
2026-05-06 08:38:34  INFO        → 50,000 rows, 216 columns
2026-05-06 08:38:34  INFO        ✓ 300000 to 350000_Syndigo_Data_Migration_Organization.csv: 50,000 new rows, 0 updated
2026-05-06 08:38:34  INFO      Reading: /Users/ericpronovost/Doppio/input/350000 to 400000_Syndigo_Data_Migration_Organization.csv
2026-05-06 08:38:35  INFO        → 50,000 rows, 216 columns
2026-05-06 08:38:36  INFO        ✓ 350000 to 400000_Syndigo_Data_Migration_Organization.csv: 50,000 new rows, 0 updated
2026-05-06 08:38:36  INFO      Reading: /Users/ericpronovost/Doppio/input/400000 to 450000_Syndigo_Data_Migration_Organization.csv
2026-05-06 08:38:37  INFO        → 50,000 rows, 216 columns
2026-05-06 08:38:38  INFO        ✓ 400000 to 450000_Syndigo_Data_Migration_Organization.csv: 50,000 new rows, 0 updated
2026-05-06 08:38:38  INFO      Reading: /Users/ericpronovost/Doppio/input/450000 to 500000_Syndigo_Data_Migration_Organization.csv
2026-05-06 08:38:39  INFO        → 50,000 rows, 216 columns
2026-05-06 08:38:40  INFO        ✓ 450000 to 500000_Syndigo_Data_Migration_Organization.csv: 50,000 new rows, 0 updated
2026-05-06 08:38:40  INFO      Reading: /Users/ericpronovost/Doppio/input/50000 to 100000_Syndigo_Data_Migration_Organization.csv
2026-05-06 08:38:41  INFO        → 50,000 rows, 216 columns
2026-05-06 08:38:42  INFO        ✓ 50000 to 100000_Syndigo_Data_Migration_Organization.csv: 50,000 new rows, 0 updated
2026-05-06 08:38:42  INFO      Reading: /Users/ericpronovost/Doppio/input/500000 to 550000_Syndigo_Data_Migration_Organization.csv
2026-05-06 08:38:43  INFO        → 50,000 rows, 216 columns
2026-05-06 08:38:44  INFO        ✓ 500000 to 550000_Syndigo_Data_Migration_Organization.csv: 50,000 new rows, 0 updated
2026-05-06 08:38:44  INFO      ────────────────────────────────────────────────────────────
2026-05-06 08:38:44  INFO      Done. Total new: 500,000  |  Total updated: 0
2026-05-06 10:27:10  INFO      ============================================================
2026-05-06 10:27:10  INFO      HJ_Syndigo_Organization  —  starting
2026-05-06 10:27:10  INFO      ============================================================
2026-05-06 10:27:10  INFO      Found 11 CSV file(s) in /Users/ericpronovost/Doppio/input
2026-05-06 10:27:10  INFO      Target database : /Users/ericpronovost/sqlite/doppio.db
2026-05-06 10:27:10  INFO      Target table    : SyndigoOrg
2026-05-06 10:27:10  INFO      Reading: /Users/ericpronovost/Doppio/input/0 to 50000_Syndigo_Data_Migration_Organization.csv
2026-05-06 10:27:11  INFO        → 50,000 rows, 216 columns
2026-05-06 10:27:11  INFO        Resolving 3,159 Canadian province code(s) from postal codes …
2026-05-06 10:27:11  WARNING       ptyorgid='A0005612': could not resolve province from postal '00000' — left as 'CN'
2026-05-06 10:27:11  WARNING       ptyorgid='A0005701': could not resolve province from postal '00000' — left as 'CN'
2026-05-06 10:27:11  WARNING       ptyorgid='A0006628': could not resolve province from postal '00000' — left as 'CN'
2026-05-06 10:27:11  WARNING       ptyorgid='A0020215': could not resolve province from postal '00000' — left as 'CN'
2026-05-06 10:27:11  WARNING       ptyorgid='A0021257': could not resolve province from postal '00000' — left as 'CN'
2026-05-06 10:27:11  WARNING       ptyorgid='A0021576': could not resolve province from postal '00000' — left as 'CN'
2026-05-06 10:27:11  WARNING       ptyorgid='A0023598': could not resolve province from postal '00000' — left as 'CN'
2026-05-06 10:27:11  WARNING       ptyorgid='A0024145': could not resolve province from postal '00000' — left as 'CN'
2026-05-06 10:27:11  WARNING       ptyorgid='A0025565': could not resolve province from postal '00000' — left as 'CN'
2026-05-06 10:27:11  WARNING       ptyorgid='A0026864': could not resolve province from postal '00000' — left as 'CN'
2026-05-06 10:27:11  WARNING       ptyorgid='A0027952': could not resolve province from postal '00000' — left as 'CN'
2026-05-06 10:27:11  WARNING       ptyorgid='A0028701': could not resolve province from postal '00000' — left as 'CN'
2026-05-06 10:27:11  WARNING       ptyorgid='A0029939': could not resolve province from postal '00000' — left as 'CN'
2026-05-06 10:27:11  WARNING       ptyorgid='A0031395': could not resolve province from postal '00000' — left as 'CN'
2026-05-06 10:27:11  WARNING       ptyorgid='A0031860': could not resolve province from postal '00000' — left as 'CN'
2026-05-06 10:27:11  WARNING       ptyorgid='A0032176': could not resolve province from postal '00000' — left as 'CN'
2026-05-06 10:27:11  WARNING       ptyorgid='A0034120': could not resolve province from postal '00000' — left as 'CN'
2026-05-06 10:27:11  WARNING       ptyorgid='A0035007': could not resolve province from postal '00000' — left as 'CN'
2026-05-06 10:27:11  WARNING       ptyorgid='A0035355': could not resolve province from postal '00000' — left as 'CN'
2026-05-06 10:27:11  WARNING       ptyorgid='A0036372': could not resolve province from postal '00000' — left as 'CN'
2026-05-06 10:27:11  WARNING       ptyorgid='A0036912': could not resolve province from postal '00000' — left as 'CN'
2026-05-06 10:27:11  WARNING       ptyorgid='A0037582': could not resolve province from postal '00000' — left as 'CN'
2026-05-06 10:27:11  WARNING       ptyorgid='A0038061': could not resolve province from postal '00000' — left as 'CN'
2026-05-06 10:27:11  WARNING       ptyorgid='A0038249': could not resolve province from postal '00000' — left as 'CN'
2026-05-06 10:27:11  WARNING       ptyorgid='A0038354': could not resolve province from postal '00000' — left as 'CN'
2026-05-06 10:27:11  WARNING       ptyorgid='A0038895': could not resolve province from postal '00000' — left as 'CN'
2026-05-06 10:27:11  WARNING       ptyorgid='A0040111': could not resolve province from postal '00000' — left as 'CN'
2026-05-06 10:27:11  WARNING       ptyorgid='A0045250': could not resolve province from postal '00000' — left as 'CN'
2026-05-06 10:27:11  WARNING       ptyorgid='A0045348': could not resolve province from postal '00000' — left as 'CN'
2026-05-06 10:27:11  WARNING       ptyorgid='A0045369': could not resolve province from postal '00000' — left as 'CN'
2026-05-06 10:27:11  WARNING       ptyorgid='A0046089': could not resolve province from postal '00000' — left as 'CN'
2026-05-06 10:27:11  INFO          → 3,128 resolved, 31 unresolved (kept as CN)
2026-05-06 10:27:12  INFO        ✓ 0 to 50000_Syndigo_Data_Migration_Organization.csv: 0 new rows, 50,000 updated
2026-05-06 10:27:12  INFO      Reading: /Users/ericpronovost/Doppio/input/100000 to 150000_Syndigo_Data_Migration_Organization.csv
2026-05-06 10:27:13  INFO        → 50,000 rows, 216 columns
2026-05-06 10:27:13  INFO        Resolving 5,120 Canadian province code(s) from postal codes …
2026-05-06 10:27:13  WARNING       ptyorgid='A0100816': could not resolve province from postal '00000' — left as 'CN'
2026-05-06 10:27:13  WARNING       ptyorgid='A0101278': could not resolve province from postal '00000' — left as 'CN'
2026-05-06 10:27:13  WARNING       ptyorgid='A0101927': could not resolve province from postal '00000' — left as 'CN'
2026-05-06 10:27:13  WARNING       ptyorgid='A0101949': could not resolve province from postal '00000' — left as 'CN'
2026-05-06 10:27:13  WARNING       ptyorgid='A0106951': could not resolve province from postal '00000' — left as 'CN'
2026-05-06 10:27:13  WARNING       ptyorgid='A0107409': could not resolve province from postal '00000' — left as 'CN'
2026-05-06 10:27:13  WARNING       ptyorgid='A0107715': could not resolve province from postal '00000' — left as 'CN'
2026-05-06 10:27:13  WARNING       ptyorgid='A0108888': could not resolve province from postal '00000' — left as 'CN'
2026-05-06 10:27:13  WARNING       ptyorgid='A0109462': could not resolve province from postal '00000' — left as 'CN'
2026-05-06 10:27:13  WARNING       ptyorgid='A0109478': could not resolve province from postal '00000' — left as 'CN'
2026-05-06 10:27:13  WARNING       ptyorgid='A0109994': could not resolve province from postal '00000' — left as 'CN'
2026-05-06 10:27:13  WARNING       ptyorgid='A0116824': could not resolve province from postal '00000' — left as 'CN'
2026-05-06 10:27:13  WARNING       ptyorgid='A0117359': could not resolve province from postal '00000' — left as 'CN'
2026-05-06 10:27:13  WARNING       ptyorgid='A0118633': could not resolve province from postal '00000' — left as 'CN'
2026-05-06 10:27:13  WARNING       ptyorgid='A0119221': could not resolve province from postal '00000' — left as 'CN'
2026-05-06 10:27:13  WARNING       ptyorgid='A0122620': could not resolve province from postal '00000' — left as 'CN'
2026-05-06 10:27:13  WARNING       ptyorgid='A0123570': could not resolve province from postal '00000' — left as 'CN'
2026-05-06 10:27:13  WARNING       ptyorgid='A0123826': could not resolve province from postal '00000' — left as 'CN'
2026-05-06 10:27:13  WARNING       ptyorgid='A0125600': could not resolve province from postal '00000' — left as 'CN'
2026-05-06 10:27:13  WARNING       ptyorgid='A0125833': could not resolve province from postal '00000' — left as 'CN'
2026-05-06 10:27:13  WARNING       ptyorgid='A0126018': could not resolve province from postal '00000' — left as 'CN'
2026-05-06 10:27:13  WARNING       ptyorgid='A0131508': could not resolve province from postal '00000' — left as 'CN'
2026-05-06 10:27:13  WARNING       ptyorgid='A0131658': could not resolve province from postal '00000' — left as 'CN'
2026-05-06 10:27:13  WARNING       ptyorgid='A0131754': could not resolve province from postal '00000' — left as 'CN'
2026-05-06 10:27:13  WARNING       ptyorgid='A0131778': could not resolve province from postal '00000' — left as 'CN'
2026-05-06 10:27:13  WARNING       ptyorgid='A0133802': could not resolve province from postal '00000' — left as 'CN'
2026-05-06 10:27:13  WARNING       ptyorgid='A0134551': could not resolve province from postal '00000' — left as 'CN'
2026-05-06 10:27:13  WARNING       ptyorgid='A0135067': could not resolve province from postal '00000' — left as 'CN'
2026-05-06 10:27:13  WARNING       ptyorgid='A0142457': could not resolve province from postal '00000' — left as 'CN'
2026-05-06 10:27:13  WARNING       ptyorgid='A0142919': could not resolve province from postal '00000' — left as 'CN'
2026-05-06 10:27:13  WARNING       ptyorgid='A0143249': could not resolve province from postal '00000' — left as 'CN'
2026-05-06 10:27:13  WARNING       ptyorgid='A0143833': could not resolve province from postal '00000' — left as 'CN'
2026-05-06 10:27:13  WARNING       ptyorgid='A0145813': could not resolve province from postal '00000' — left as 'CN'
2026-05-06 10:27:13  WARNING       ptyorgid='A0146301': could not resolve province from postal '00000' — left as 'CN'
2026-05-06 10:27:13  WARNING       ptyorgid='A0146891': could not resolve province from postal '00000' — left as 'CN'
2026-05-06 10:27:13  WARNING       ptyorgid='A0146904': could not resolve province from postal '00000' — left as 'CN'
2026-05-06 10:27:13  WARNING       ptyorgid='A0147205': could not resolve province from postal '00000' — left as 'CN'
2026-05-06 10:27:13  WARNING       ptyorgid='A0147342': could not resolve province from postal '00000' — left as 'CN'
2026-05-06 10:27:13  WARNING       ptyorgid='A0147675': could not resolve province from postal '0E 2A0' — left as 'CN'
2026-05-06 10:27:13  WARNING       ptyorgid='A0147875': could not resolve province from postal '2H 6J7' — left as 'CN'
2026-05-06 10:27:13  WARNING       ptyorgid='A0148491': could not resolve province from postal '00000' — left as 'CN'
2026-05-06 10:27:13  INFO          → 5,079 resolved, 41 unresolved (kept as CN)
2026-05-06 10:27:14  INFO        ✓ 100000 to 150000_Syndigo_Data_Migration_Organization.csv: 0 new rows, 50,000 updated
2026-05-06 10:27:14  INFO      Reading: /Users/ericpronovost/Doppio/input/150000 to 200000_Syndigo_Data_Migration_Organization.csv
2026-05-06 10:27:15  INFO        → 50,000 rows, 216 columns
2026-05-06 10:27:15  INFO        Resolving 2,261 Canadian province code(s) from postal codes …
2026-05-06 10:27:15  WARNING       ptyorgid='A0150957': could not resolve province from postal '00000' — left as 'CN'
2026-05-06 10:27:15  WARNING       ptyorgid='A0151139': could not resolve province from postal '00000' — left as 'CN'
2026-05-06 10:27:15  WARNING       ptyorgid='A0151380': could not resolve province from postal '00000' — left as 'CN'
2026-05-06 10:27:15  WARNING       ptyorgid='A0151523': could not resolve province from postal '00000' — left as 'CN'
2026-05-06 10:27:15  WARNING       ptyorgid='A0151617': could not resolve province from postal '00000' — left as 'CN'
2026-05-06 10:27:15  WARNING       ptyorgid='A0151886': could not resolve province from postal '00000' — left as 'CN'
2026-05-06 10:27:15  WARNING       ptyorgid='A0152091': could not resolve province from postal '00000' — left as 'CN'
2026-05-06 10:27:15  WARNING       ptyorgid='A0152997': could not resolve province from postal '00000' — left as 'CN'
2026-05-06 10:27:15  WARNING       ptyorgid='A0153062': could not resolve province from postal '00058' — left as 'CN'
2026-05-06 10:27:15  WARNING       ptyorgid='A0153201': could not resolve province from postal '00000' — left as 'CN'
2026-05-06 10:27:15  WARNING       ptyorgid='A0153937': could not resolve province from postal '00000' — left as 'CN'
2026-05-06 10:27:15  WARNING       ptyorgid='A0155417': could not resolve province from postal '00000' — left as 'CN'
2026-05-06 10:27:15  WARNING       ptyorgid='A0156033': could not resolve province from postal '00000' — left as 'CN'
2026-05-06 10:27:15  WARNING       ptyorgid='A0156225': could not resolve province from postal '00000' — left as 'CN'
2026-05-06 10:27:15  WARNING       ptyorgid='A0156390': could not resolve province from postal '00000' — left as 'CN'
2026-05-06 10:27:15  WARNING       ptyorgid='A0156436': could not resolve province from postal '00000' — left as 'CN'
2026-05-06 10:27:15  WARNING       ptyorgid='A0156945': could not resolve province from postal '00000' — left as 'CN'
2026-05-06 10:27:15  WARNING       ptyorgid='A0156978': could not resolve province from postal '00000' — left as 'CN'
2026-05-06 10:27:15  WARNING       ptyorgid='A0157021': could not resolve province from postal '00000' — left as 'CN'
2026-05-06 10:27:15  WARNING       ptyorgid='A0157656': could not resolve province from postal '00000' — left as 'CN'
2026-05-06 10:27:15  WARNING       ptyorgid='A0157729': could not resolve province from postal '00000' — left as 'CN'
2026-05-06 10:27:15  WARNING       ptyorgid='A0157786': could not resolve province from postal '00000' — left as 'CN'
2026-05-06 10:27:15  WARNING       ptyorgid='A0157951': could not resolve province from postal '00000' — left as 'CN'
2026-05-06 10:27:15  WARNING       ptyorgid='A0158120': could not resolve province from postal '00000' — left as 'CN'
2026-05-06 10:27:15  WARNING       ptyorgid='A0158622': could not resolve province from postal '00000' — left as 'CN'
2026-05-06 10:27:15  WARNING       ptyorgid='A0158874': could not resolve province from postal '00058' — left as 'CN'
2026-05-06 10:27:15  WARNING       ptyorgid='A0159120': could not resolve province from postal '00000' — left as 'CN'
2026-05-06 10:27:15  WARNING       ptyorgid='A0159416': could not resolve province from postal '00000' — left as 'CN'
2026-05-06 10:27:15  WARNING       ptyorgid='A0159791': could not resolve province from postal '00061' — left as 'CN'
2026-05-06 10:27:15  WARNING       ptyorgid='A0159808': could not resolve province from postal '00000' — left as 'CN'
2026-05-06 10:27:15  WARNING       ptyorgid='A0159832': could not resolve province from postal '00000' — left as 'CN'
2026-05-06 10:27:15  WARNING       ptyorgid='A0159910': could not resolve province from postal '00000' — left as 'CN'
2026-05-06 10:27:15  WARNING       ptyorgid='A0160104': could not resolve province from postal '00000' — left as 'CN'
2026-05-06 10:27:15  WARNING       ptyorgid='A0160445': could not resolve province from postal '00000' — left as 'CN'
2026-05-06 10:27:15  WARNING       ptyorgid='A0161972': could not resolve province from postal '00000' — left as 'CN'
2026-05-06 10:27:15  WARNING       ptyorgid='A0162102': could not resolve province from postal '00000' — left as 'CN'
2026-05-06 10:27:15  WARNING       ptyorgid='A0162150': could not resolve province from postal '' — left as 'CN'
2026-05-06 10:27:15  WARNING       ptyorgid='A0162419': could not resolve province from postal '00000' — left as 'CN'
2026-05-06 10:27:15  WARNING       ptyorgid='A0162448': could not resolve province from postal '00000' — left as 'CN'
2026-05-06 10:27:15  WARNING       ptyorgid='A0162778': could not resolve province from postal '00000' — left as 'CN'
2026-05-06 10:27:15  WARNING       ptyorgid='A0163091': could not resolve province from postal '00000' — left as 'CN'
2026-05-06 10:27:15  WARNING       ptyorgid='A0163625': could not resolve province from postal '00000' — left as 'CN'
2026-05-06 10:27:15  WARNING       ptyorgid='A0163838': could not resolve province from postal '00000' — left as 'CN'
2026-05-06 10:27:15  WARNING       ptyorgid='A0165027': could not resolve province from postal '00000' — left as 'CN'
2026-05-06 10:27:15  WARNING       ptyorgid='A0165329': could not resolve province from postal '00000' — left as 'CN'
2026-05-06 10:27:15  WARNING       ptyorgid='A0165480': could not resolve province from postal '' — left as 'CN'
2026-05-06 10:27:15  WARNING       ptyorgid='A0165514': could not resolve province from postal '00000' — left as 'CN'
2026-05-06 10:27:15  WARNING       ptyorgid='A0165650': could not resolve province from postal '00000' — left as 'CN'
2026-05-06 10:27:15  WARNING       ptyorgid='A0166473': could not resolve province from postal '00000' — left as 'CN'
2026-05-06 10:27:15  WARNING       ptyorgid='A0166677': could not resolve province from postal '00000' — left as 'CN'
2026-05-06 10:27:15  WARNING       ptyorgid='A0167767': could not resolve province from postal '00000' — left as 'CN'
2026-05-06 10:27:15  WARNING       ptyorgid='A0168141': could not resolve province from postal '15  CN' — left as 'CN'
2026-05-06 10:27:15  WARNING       ptyorgid='A0168179': could not resolve province from postal '00000' — left as 'CN'
2026-05-06 10:27:15  WARNING       ptyorgid='A0168413': could not resolve province from postal '00000' — left as 'CN'
2026-05-06 10:27:15  WARNING       ptyorgid='A0168871': could not resolve province from postal '00000' — left as 'CN'
2026-05-06 10:27:15  WARNING       ptyorgid='A0169112': could not resolve province from postal '00000' — left as 'CN'
2026-05-06 10:27:15  WARNING       ptyorgid='A0169262': could not resolve province from postal '00000' — left as 'CN'
2026-05-06 10:27:15  WARNING       ptyorgid='A0169687': could not resolve province from postal '00000' — left as 'CN'
2026-05-06 10:27:15  WARNING       ptyorgid='A0169833': could not resolve province from postal '00000' — left as 'CN'
2026-05-06 10:27:15  WARNING       ptyorgid='A0169976': could not resolve province from postal '00000' — left as 'CN'
2026-05-06 10:27:15  WARNING       ptyorgid='A0170080': could not resolve province from postal '00000' — left as 'CN'
2026-05-06 10:27:15  WARNING       ptyorgid='A0170461': could not resolve province from postal '00000' — left as 'CN'
2026-05-06 10:27:15  WARNING       ptyorgid='A0170966': could not resolve province from postal '00000' — left as 'CN'
2026-05-06 10:27:15  WARNING       ptyorgid='A0171033': could not resolve province from postal '00000' — left as 'CN'
2026-05-06 10:27:15  WARNING       ptyorgid='A0171082': could not resolve province from postal '00000' — left as 'CN'
2026-05-06 10:27:15  WARNING       ptyorgid='A0171476': could not resolve province from postal '00000' — left as 'CN'
2026-05-06 10:27:15  WARNING       ptyorgid='A0171757': could not resolve province from postal '00000' — left as 'CN'
2026-05-06 10:27:15  WARNING       ptyorgid='A0171763': could not resolve province from postal '00000' — left as 'CN'
2026-05-06 10:27:15  WARNING       ptyorgid='A0171960': could not resolve province from postal '00 000' — left as 'CN'
2026-05-06 10:27:15  WARNING       ptyorgid='A0172678': could not resolve province from postal '00000' — left as 'CN'
2026-05-06 10:27:15  WARNING       ptyorgid='A0172816': could not resolve province from postal '00000' — left as 'CN'
2026-05-06 10:27:15  WARNING       ptyorgid='A0172936': could not resolve province from postal '7G 2B6' — left as 'CN'
2026-05-06 10:27:15  WARNING       ptyorgid='A0173513': could not resolve province from postal '00000' — left as 'CN'
2026-05-06 10:27:15  WARNING       ptyorgid='A0173796': could not resolve province from postal '00000' — left as 'CN'
2026-05-06 10:27:15  WARNING       ptyorgid='A0174698': could not resolve province from postal '00000' — left as 'CN'
2026-05-06 10:27:15  WARNING       ptyorgid='A0175436': could not resolve province from postal '00000' — left as 'CN'
2026-05-06 10:27:15  WARNING       ptyorgid='A0175630': could not resolve province from postal '00000' — left as 'CN'
2026-05-06 10:27:15  WARNING       ptyorgid='A0176258': could not resolve province from postal '00000' — left as 'CN'
2026-05-06 10:27:15  WARNING       ptyorgid='A0177069': could not resolve province from postal '00000' — left as 'CN'
2026-05-06 10:27:15  WARNING       ptyorgid='A0177224': could not resolve province from postal '00000' — left as 'CN'
2026-05-06 10:27:15  WARNING       ptyorgid='A0177465': could not resolve province from postal '00000' — left as 'CN'
2026-05-06 10:27:15  WARNING       ptyorgid='A0178830': could not resolve province from postal '00000' — left as 'CN'
2026-05-06 10:27:15  WARNING       ptyorgid='A0178918': could not resolve province from postal '00000' — left as 'CN'
2026-05-06 10:27:15  WARNING       ptyorgid='A0179231': could not resolve province from postal '00000' — left as 'CN'
2026-05-06 10:27:15  WARNING       ptyorgid='A0179298': could not resolve province from postal '8' — left as 'CN'
2026-05-06 10:27:15  WARNING       ptyorgid='A0179402': could not resolve province from postal '00000' — left as 'CN'
2026-05-06 10:27:15  WARNING       ptyorgid='A0180201': could not resolve province from postal '00000' — left as 'CN'
2026-05-06 10:27:15  WARNING       ptyorgid='A0180226': could not resolve province from postal '00000' — left as 'CN'
2026-05-06 10:27:15  WARNING       ptyorgid='A0180770': could not resolve province from postal '00000' — left as 'CN'
2026-05-06 10:27:15  WARNING       ptyorgid='A0180940': could not resolve province from postal '00000' — left as 'CN'
2026-05-06 10:27:15  WARNING       ptyorgid='A0181224': could not resolve province from postal '00000' — left as 'CN'
2026-05-06 10:27:15  WARNING       ptyorgid='A0181295': could not resolve province from postal '00000' — left as 'CN'
2026-05-06 10:27:15  WARNING       ptyorgid='A0181383': could not resolve province from postal '00000' — left as 'CN'
2026-05-06 10:27:15  WARNING       ptyorgid='A0181411': could not resolve province from postal '000000' — left as 'CN'
2026-05-06 10:27:15  WARNING       ptyorgid='A0182002': could not resolve province from postal '00000' — left as 'CN'
2026-05-06 10:27:15  WARNING       ptyorgid='A0182255': could not resolve province from postal '00000' — left as 'CN'
2026-05-06 10:27:15  WARNING       ptyorgid='A0182565': could not resolve province from postal '00000' — left as 'CN'
2026-05-06 10:27:15  WARNING       ptyorgid='A0183336': could not resolve province from postal '00000' — left as 'CN'
2026-05-06 10:27:15  WARNING       ptyorgid='A0183338': could not resolve province from postal '00000' — left as 'CN'
2026-05-06 10:27:15  WARNING       ptyorgid='A0183785': could not resolve province from postal '00000' — left as 'CN'
2026-05-06 10:27:15  WARNING       ptyorgid='A0184234': could not resolve province from postal '00000' — left as 'CN'
2026-05-06 10:27:15  WARNING       ptyorgid='A0184743': could not resolve province from postal '00000' — left as 'CN'
2026-05-06 10:27:15  WARNING       ptyorgid='A0184778': could not resolve province from postal '00000' — left as 'CN'
2026-05-06 10:27:15  WARNING       ptyorgid='A0184881': could not resolve province from postal '00000' — left as 'CN'
2026-05-06 10:27:15  WARNING       ptyorgid='A0185322': could not resolve province from postal '00000' — left as 'CN'
2026-05-06 10:27:15  WARNING       ptyorgid='A0185443': could not resolve province from postal '00000' — left as 'CN'
2026-05-06 10:27:15  WARNING       ptyorgid='A0185946': could not resolve province from postal '00000' — left as 'CN'
2026-05-06 10:27:15  WARNING       ptyorgid='A0186990': could not resolve province from postal '00000' — left as 'CN'
2026-05-06 10:27:15  WARNING       ptyorgid='A0187030': could not resolve province from postal '00000' — left as 'CN'
2026-05-06 10:27:15  WARNING       ptyorgid='A0187448': could not resolve province from postal '00000' — left as 'CN'
2026-05-06 10:27:15  WARNING       ptyorgid='A0187607': could not resolve province from postal '00000' — left as 'CN'
2026-05-06 10:27:15  WARNING       ptyorgid='A0193484': could not resolve province from postal '00000' — left as 'CN'
2026-05-06 10:27:15  WARNING       ptyorgid='A0195209': could not resolve province from postal '00000' — left as 'CN'
2026-05-06 10:27:15  WARNING       ptyorgid='A0197483': could not resolve province from postal '00000' — left as 'CN'
2026-05-06 10:27:15  WARNING       ptyorgid='A0199676': could not resolve province from postal '00000' — left as 'CN'
2026-05-06 10:27:15  INFO          → 2,146 resolved, 115 unresolved (kept as CN)
2026-05-06 10:27:16  INFO        ✓ 150000 to 200000_Syndigo_Data_Migration_Organization.csv: 0 new rows, 50,000 updated
2026-05-06 10:27:16  INFO      Reading: /Users/ericpronovost/Doppio/input/200000 to 250000_Syndigo_Data_Migration_Organization.csv
2026-05-06 10:27:17  INFO        → 50,000 rows, 216 columns
2026-05-06 10:27:17  INFO        Resolving 1,213 Canadian province code(s) from postal codes …
2026-05-06 10:27:17  WARNING       ptyorgid='A0200495': could not resolve province from postal '00000' — left as 'CN'
2026-05-06 10:27:17  WARNING       ptyorgid='A0200651': could not resolve province from postal '00000' — left as 'CN'
2026-05-06 10:27:17  WARNING       ptyorgid='A0201187': could not resolve province from postal '00000' — left as 'CN'
2026-05-06 10:27:17  WARNING       ptyorgid='A0201192': could not resolve province from postal '00000' — left as 'CN'
2026-05-06 10:27:17  WARNING       ptyorgid='A0201214': could not resolve province from postal '00000' — left as 'CN'
2026-05-06 10:27:17  WARNING       ptyorgid='A0201261': could not resolve province from postal '00000' — left as 'CN'
2026-05-06 10:27:17  WARNING       ptyorgid='A0201397': could not resolve province from postal '00000' — left as 'CN'
2026-05-06 10:27:17  WARNING       ptyorgid='A0201490': could not resolve province from postal '2H 7C5' — left as 'CN'
2026-05-06 10:27:17  WARNING       ptyorgid='A0201811': could not resolve province from postal '00000' — left as 'CN'
2026-05-06 10:27:17  WARNING       ptyorgid='A0201856': could not resolve province from postal '00000' — left as 'CN'
2026-05-06 10:27:17  WARNING       ptyorgid='A0201912': could not resolve province from postal '00000' — left as 'CN'
2026-05-06 10:27:17  WARNING       ptyorgid='A0202325': could not resolve province from postal '00000' — left as 'CN'
2026-05-06 10:27:17  WARNING       ptyorgid='A0202369': could not resolve province from postal '00000' — left as 'CN'
2026-05-06 10:27:17  WARNING       ptyorgid='A0202811': could not resolve province from postal '00000' — left as 'CN'
2026-05-06 10:27:17  WARNING       ptyorgid='A0203137': could not resolve province from postal '00000' — left as 'CN'
2026-05-06 10:27:17  WARNING       ptyorgid='A0203189': could not resolve province from postal '00000' — left as 'CN'
2026-05-06 10:27:17  WARNING       ptyorgid='A0203194': could not resolve province from postal '00000' — left as 'CN'
2026-05-06 10:27:17  WARNING       ptyorgid='A0203533': could not resolve province from postal '00000' — left as 'CN'
2026-05-06 10:27:17  WARNING       ptyorgid='A0203695': could not resolve province from postal '00000' — left as 'CN'
2026-05-06 10:27:17  WARNING       ptyorgid='A0203744': could not resolve province from postal '00000' — left as 'CN'
2026-05-06 10:27:17  WARNING       ptyorgid='A0203839': could not resolve province from postal '00000' — left as 'CN'
2026-05-06 10:27:17  WARNING       ptyorgid='A0204029': could not resolve province from postal '00000' — left as 'CN'
2026-05-06 10:27:17  WARNING       ptyorgid='A0204081': could not resolve province from postal '00000' — left as 'CN'
2026-05-06 10:27:17  WARNING       ptyorgid='A0204082': could not resolve province from postal '00000' — left as 'CN'
2026-05-06 10:27:17  WARNING       ptyorgid='A0204083': could not resolve province from postal '00000' — left as 'CN'
2026-05-06 10:27:17  WARNING       ptyorgid='A0204093': could not resolve province from postal '00000' — left as 'CN'
2026-05-06 10:27:17  WARNING       ptyorgid='A0204266': could not resolve province from postal '00000' — left as 'CN'
2026-05-06 10:27:17  WARNING       ptyorgid='A0204296': could not resolve province from postal '00000' — left as 'CN'
2026-05-06 10:27:17  WARNING       ptyorgid='A0204482': could not resolve province from postal '00000' — left as 'CN'
2026-05-06 10:27:17  WARNING       ptyorgid='A0204591': could not resolve province from postal '1N 3W4' — left as 'CN'
2026-05-06 10:27:17  WARNING       ptyorgid='A0204600': could not resolve province from postal '00000' — left as 'CN'
2026-05-06 10:27:17  WARNING       ptyorgid='A0204993': could not resolve province from postal '00000' — left as 'CN'
2026-05-06 10:27:17  WARNING       ptyorgid='A0205198': could not resolve province from postal '00000' — left as 'CN'
2026-05-06 10:27:17  WARNING       ptyorgid='A0205464': could not resolve province from postal '00000' — left as 'CN'
2026-05-06 10:27:17  WARNING       ptyorgid='A0206159': could not resolve province from postal '00000' — left as 'CN'
2026-05-06 10:27:17  WARNING       ptyorgid='A0206695': could not resolve province from postal '00000' — left as 'CN'
2026-05-06 10:27:17  WARNING       ptyorgid='A0206753': could not resolve province from postal '00000' — left as 'CN'
2026-05-06 10:27:17  WARNING       ptyorgid='A0206758': could not resolve province from postal '00000' — left as 'CN'
2026-05-06 10:27:17  WARNING       ptyorgid='A0206762': could not resolve province from postal '00000' — left as 'CN'
2026-05-06 10:27:17  WARNING       ptyorgid='A0206771': could not resolve province from postal '00000' — left as 'CN'
2026-05-06 10:27:17  WARNING       ptyorgid='A0206903': could not resolve province from postal '00000' — left as 'CN'
2026-05-06 10:27:17  WARNING       ptyorgid='A0207134': could not resolve province from postal '00000' — left as 'CN'
2026-05-06 10:27:17  WARNING       ptyorgid='A0207402': could not resolve province from postal '00000' — left as 'CN'
2026-05-06 10:27:17  WARNING       ptyorgid='A0207558': could not resolve province from postal '00000' — left as 'CN'
2026-05-06 10:27:17  WARNING       ptyorgid='A0207576': could not resolve province from postal 'IL 3Z5' — left as 'CN'
2026-05-06 10:27:17  WARNING       ptyorgid='A0207760': could not resolve province from postal '00000' — left as 'CN'
2026-05-06 10:27:17  WARNING       ptyorgid='A0208036': could not resolve province from postal '00000' — left as 'CN'
2026-05-06 10:27:17  WARNING       ptyorgid='A0208094': could not resolve province from postal '00000' — left as 'CN'
2026-05-06 10:27:17  WARNING       ptyorgid='A0208641': could not resolve province from postal '00000' — left as 'CN'
2026-05-06 10:27:17  WARNING       ptyorgid='A0208784': could not resolve province from postal '00000' — left as 'CN'
2026-05-06 10:27:17  WARNING       ptyorgid='A0208956': could not resolve province from postal '4L 1A5' — left as 'CN'
2026-05-06 10:27:17  WARNING       ptyorgid='A0208960': could not resolve province from postal '8N 0C5' — left as 'CN'
2026-05-06 10:27:17  WARNING       ptyorgid='A0209205': could not resolve province from postal '00000' — left as 'CN'
2026-05-06 10:27:17  WARNING       ptyorgid='A0209259': could not resolve province from postal '00000' — left as 'CN'
2026-05-06 10:27:17  WARNING       ptyorgid='A0209332': could not resolve province from postal '00000' — left as 'CN'
2026-05-06 10:27:17  WARNING       ptyorgid='A0209334': could not resolve province from postal '00000' — left as 'CN'
2026-05-06 10:27:17  WARNING       ptyorgid='A0209396': could not resolve province from postal '00000' — left as 'CN'
2026-05-06 10:27:17  WARNING       ptyorgid='A0209444': could not resolve province from postal '7A 2Y6' — left as 'CN'
2026-05-06 10:27:17  WARNING       ptyorgid='A0209445': could not resolve province from postal '4L 2E5' — left as 'CN'
2026-05-06 10:27:17  WARNING       ptyorgid='A0209450': could not resolve province from postal '4R 1H7' — left as 'CN'
2026-05-06 10:27:17  WARNING       ptyorgid='A0209451': could not resolve province from postal '0J 2A0' — left as 'CN'
2026-05-06 10:27:17  WARNING       ptyorgid='A0209541': could not resolve province from postal '0C 2J0' — left as 'CN'
2026-05-06 10:27:17  WARNING       ptyorgid='A0209550': could not resolve province from postal '0A 0Y0' — left as 'CN'
2026-05-06 10:27:17  WARNING       ptyorgid='A0209551': could not resolve province from postal '2A 5T8' — left as 'CN'
2026-05-06 10:27:17  WARNING       ptyorgid='A0209982': could not resolve province from postal '00000' — left as 'CN'
2026-05-06 10:27:17  WARNING       ptyorgid='A0210042': could not resolve province from postal '00000' — left as 'CN'
2026-05-06 10:27:17  WARNING       ptyorgid='A0210052': could not resolve province from postal '0K 0M0' — left as 'CN'
2026-05-06 10:27:17  WARNING       ptyorgid='A0210393': could not resolve province from postal '00000' — left as 'CN'
2026-05-06 10:27:17  WARNING       ptyorgid='A0210415': could not resolve province from postal '00000' — left as 'CN'
2026-05-06 10:27:17  WARNING       ptyorgid='A0210802': could not resolve province from postal '00000' — left as 'CN'
2026-05-06 10:27:17  WARNING       ptyorgid='A0210837': could not resolve province from postal '00000' — left as 'CN'
2026-05-06 10:27:17  WARNING       ptyorgid='A0210921': could not resolve province from postal '00000' — left as 'CN'
2026-05-06 10:27:17  WARNING       ptyorgid='A0211362': could not resolve province from postal '00000' — left as 'CN'
2026-05-06 10:27:17  WARNING       ptyorgid='A0211452': could not resolve province from postal '00000' — left as 'CN'
2026-05-06 10:27:17  WARNING       ptyorgid='A0211475': could not resolve province from postal '00000' — left as 'CN'
2026-05-06 10:27:17  WARNING       ptyorgid='A0211688': could not resolve province from postal '00000' — left as 'CN'
2026-05-06 10:27:17  WARNING       ptyorgid='A0212202': could not resolve province from postal '00000' — left as 'CN'
2026-05-06 10:27:17  WARNING       ptyorgid='A0212212': could not resolve province from postal '00000' — left as 'CN'
2026-05-06 10:27:17  WARNING       ptyorgid='A0212854': could not resolve province from postal '00000' — left as 'CN'
2026-05-06 10:27:17  WARNING       ptyorgid='A0214043': could not resolve province from postal '00000' — left as 'CN'
2026-05-06 10:27:17  WARNING       ptyorgid='A0214774': could not resolve province from postal '00000' — left as 'CN'
2026-05-06 10:27:17  WARNING       ptyorgid='A0215446': could not resolve province from postal '73B1N5' — left as 'CN'
2026-05-06 10:27:17  WARNING       ptyorgid='A0215508': could not resolve province from postal '00000' — left as 'CN'
2026-05-06 10:27:17  WARNING       ptyorgid='A0216033': could not resolve province from postal '00000' — left as 'CN'
2026-05-06 10:27:17  WARNING       ptyorgid='A0216584': could not resolve province from postal '00000' — left as 'CN'
2026-05-06 10:27:17  WARNING       ptyorgid='A0216867': could not resolve province from postal '00000' — left as 'CN'
2026-05-06 10:27:17  WARNING       ptyorgid='A0217132': could not resolve province from postal '00000' — left as 'CN'
2026-05-06 10:27:17  WARNING       ptyorgid='A0218413': could not resolve province from postal '00000' — left as 'CN'
2026-05-06 10:27:17  WARNING       ptyorgid='A0218662': could not resolve province from postal '00000' — left as 'CN'
2026-05-06 10:27:17  WARNING       ptyorgid='A0218976': could not resolve province from postal '00000' — left as 'CN'
2026-05-06 10:27:17  WARNING       ptyorgid='A0219380': could not resolve province from postal '00000' — left as 'CN'
2026-05-06 10:27:17  WARNING       ptyorgid='A0219480': could not resolve province from postal '00000' — left as 'CN'
2026-05-06 10:27:17  WARNING       ptyorgid='A0220253': could not resolve province from postal '00000' — left as 'CN'
2026-05-06 10:27:17  WARNING       ptyorgid='A0222586': could not resolve province from postal '00000' — left as 'CN'
2026-05-06 10:27:17  WARNING       ptyorgid='A0222816': could not resolve province from postal '00000' — left as 'CN'
2026-05-06 10:27:17  WARNING       ptyorgid='A0223909': could not resolve province from postal '94P3V7' — left as 'CN'
2026-05-06 10:27:17  WARNING       ptyorgid='A0224963': could not resolve province from postal '00000' — left as 'CN'
2026-05-06 10:27:17  WARNING       ptyorgid='A0233496': could not resolve province from postal '00000' — left as 'CN'
2026-05-06 10:27:17  WARNING       ptyorgid='A0233658': could not resolve province from postal '00000' — left as 'CN'
2026-05-06 10:27:17  WARNING       ptyorgid='A0234041': could not resolve province from postal '00000' — left as 'CN'
2026-05-06 10:27:17  WARNING       ptyorgid='A0235578': could not resolve province from postal '' — left as 'CN'
2026-05-06 10:27:17  INFO          → 1,112 resolved, 101 unresolved (kept as CN)
2026-05-06 10:27:18  INFO        ✓ 200000 to 250000_Syndigo_Data_Migration_Organization.csv: 0 new rows, 50,000 updated
2026-05-06 10:27:18  INFO      Reading: /Users/ericpronovost/Doppio/input/250000 to 300000_Syndigo_Data_Migration_Organization.csv
2026-05-06 10:27:19  INFO        → 50,000 rows, 216 columns
2026-05-06 10:27:19  INFO        Resolving 857 Canadian province code(s) from postal codes …
2026-05-06 10:27:19  INFO          → 857 resolved, 0 unresolved (kept as CN)
2026-05-06 10:27:20  INFO        ✓ 250000 to 300000_Syndigo_Data_Migration_Organization.csv: 0 new rows, 50,000 updated
2026-05-06 10:27:20  INFO      Reading: /Users/ericpronovost/Doppio/input/300000 to 350000_Syndigo_Data_Migration_Organization.csv
2026-05-06 10:27:20  INFO        → 50,000 rows, 216 columns
2026-05-06 10:27:20  INFO        Resolving 1,576 Canadian province code(s) from postal codes …
2026-05-06 10:27:20  WARNING       ptyorgid='A0348451': could not resolve province from postal '00000' — left as 'CN'
2026-05-06 10:27:20  WARNING       ptyorgid='A0348691': could not resolve province from postal '3Y 1S4' — left as 'CN'
2026-05-06 10:27:20  WARNING       ptyorgid='A0348970': could not resolve province from postal '00000' — left as 'CN'
2026-05-06 10:27:20  WARNING       ptyorgid='A0348971': could not resolve province from postal '00000' — left as 'CN'
2026-05-06 10:27:20  WARNING       ptyorgid='A0349208': could not resolve province from postal '' — left as 'CN'
2026-05-06 10:27:20  WARNING       ptyorgid='A0349974': could not resolve province from postal '00000' — left as 'CN'
2026-05-06 10:27:20  INFO          → 1,570 resolved, 6 unresolved (kept as CN)
2026-05-06 10:27:21  INFO        ✓ 300000 to 350000_Syndigo_Data_Migration_Organization.csv: 0 new rows, 50,000 updated
2026-05-06 10:27:21  INFO      Reading: /Users/ericpronovost/Doppio/input/350000 to 400000_Syndigo_Data_Migration_Organization.csv
2026-05-06 10:27:22  INFO        → 50,000 rows, 216 columns
2026-05-06 10:27:22  INFO        Resolving 2,700 Canadian province code(s) from postal codes …
2026-05-06 10:27:22  WARNING       ptyorgid='A0350406': could not resolve province from postal '00000' — left as 'CN'
2026-05-06 10:27:22  WARNING       ptyorgid='A0350469': could not resolve province from postal '00000' — left as 'CN'
2026-05-06 10:27:22  WARNING       ptyorgid='A0350849': could not resolve province from postal '00000' — left as 'CN'
2026-05-06 10:27:22  WARNING       ptyorgid='A0350865': could not resolve province from postal '00000' — left as 'CN'
2026-05-06 10:27:22  WARNING       ptyorgid='A0351105': could not resolve province from postal '00000' — left as 'CN'
2026-05-06 10:27:22  WARNING       ptyorgid='A0351159': could not resolve province from postal '00000' — left as 'CN'
2026-05-06 10:27:22  WARNING       ptyorgid='A0351349': could not resolve province from postal '00000' — left as 'CN'
2026-05-06 10:27:22  WARNING       ptyorgid='A0351393': could not resolve province from postal '00000' — left as 'CN'
2026-05-06 10:27:22  WARNING       ptyorgid='A0364328': could not resolve province from postal '00000' — left as 'CN'
2026-05-06 10:27:22  WARNING       ptyorgid='A0364783': could not resolve province from postal '00000' — left as 'CN'
2026-05-06 10:27:22  WARNING       ptyorgid='A0365209': could not resolve province from postal '00000' — left as 'CN'
2026-05-06 10:27:22  WARNING       ptyorgid='A0365210': could not resolve province from postal '00000' — left as 'CN'
2026-05-06 10:27:22  WARNING       ptyorgid='A0365269': could not resolve province from postal '00000' — left as 'CN'
2026-05-06 10:27:22  WARNING       ptyorgid='A0365737': could not resolve province from postal '00000' — left as 'CN'
2026-05-06 10:27:22  WARNING       ptyorgid='A0366011': could not resolve province from postal '00000' — left as 'CN'
2026-05-06 10:27:22  WARNING       ptyorgid='A0366013': could not resolve province from postal '00000' — left as 'CN'
2026-05-06 10:27:22  WARNING       ptyorgid='A0366023': could not resolve province from postal '00000' — left as 'CN'
2026-05-06 10:27:22  WARNING       ptyorgid='A0366037': could not resolve province from postal '9X 1G2' — left as 'CN'
2026-05-06 10:27:22  WARNING       ptyorgid='A0366453': could not resolve province from postal '3A 8B8' — left as 'CN'
2026-05-06 10:27:22  WARNING       ptyorgid='A0366455': could not resolve province from postal '3C 3T2' — left as 'CN'
2026-05-06 10:27:22  WARNING       ptyorgid='A0366734': could not resolve province from postal '00000' — left as 'CN'
2026-05-06 10:27:22  WARNING       ptyorgid='A0366902': could not resolve province from postal '00000' — left as 'CN'
2026-05-06 10:27:22  WARNING       ptyorgid='A0367294': could not resolve province from postal '00000' — left as 'CN'
2026-05-06 10:27:22  WARNING       ptyorgid='A0367336': could not resolve province from postal '00000' — left as 'CN'
2026-05-06 10:27:22  WARNING       ptyorgid='A0367341': could not resolve province from postal '00000' — left as 'CN'
2026-05-06 10:27:22  WARNING       ptyorgid='A0367348': could not resolve province from postal '00000' — left as 'CN'
2026-05-06 10:27:22  WARNING       ptyorgid='A0367771': could not resolve province from postal '00000' — left as 'CN'
2026-05-06 10:27:22  WARNING       ptyorgid='A0367780': could not resolve province from postal '00000' — left as 'CN'
2026-05-06 10:27:22  WARNING       ptyorgid='A0367837': could not resolve province from postal '00000' — left as 'CN'
2026-05-06 10:27:22  WARNING       ptyorgid='A0368220': could not resolve province from postal '00000' — left as 'CN'
2026-05-06 10:27:22  INFO          → 2,670 resolved, 30 unresolved (kept as CN)
2026-05-06 10:27:23  INFO        ✓ 350000 to 400000_Syndigo_Data_Migration_Organization.csv: 0 new rows, 50,000 updated
2026-05-06 10:27:23  INFO      Reading: /Users/ericpronovost/Doppio/input/400000 to 450000_Syndigo_Data_Migration_Organization.csv
2026-05-06 10:27:24  INFO        → 50,000 rows, 216 columns
2026-05-06 10:27:25  INFO        ✓ 400000 to 450000_Syndigo_Data_Migration_Organization.csv: 0 new rows, 50,000 updated
2026-05-06 10:27:25  INFO      Reading: /Users/ericpronovost/Doppio/input/450000 to 500000_Syndigo_Data_Migration_Organization.csv
2026-05-06 10:27:26  INFO        → 50,000 rows, 216 columns
2026-05-06 10:27:27  INFO        ✓ 450000 to 500000_Syndigo_Data_Migration_Organization.csv: 0 new rows, 50,000 updated
2026-05-06 10:27:27  INFO      Reading: /Users/ericpronovost/Doppio/input/50000 to 100000_Syndigo_Data_Migration_Organization.csv
2026-05-06 10:27:28  INFO        → 50,000 rows, 216 columns
2026-05-06 10:27:28  INFO        Resolving 5,316 Canadian province code(s) from postal codes …
2026-05-06 10:27:28  WARNING       ptyorgid='A0051213': could not resolve province from postal '00000' — left as 'CN'
2026-05-06 10:27:28  WARNING       ptyorgid='A0051414': could not resolve province from postal '00000' — left as 'CN'
2026-05-06 10:27:28  WARNING       ptyorgid='A0053067': could not resolve province from postal '00000' — left as 'CN'
2026-05-06 10:27:28  WARNING       ptyorgid='A0053321': could not resolve province from postal '00000' — left as 'CN'
2026-05-06 10:27:28  WARNING       ptyorgid='A0053424': could not resolve province from postal '00000' — left as 'CN'
2026-05-06 10:27:28  WARNING       ptyorgid='A0053860': could not resolve province from postal '00000' — left as 'CN'
2026-05-06 10:27:28  WARNING       ptyorgid='A0058775': could not resolve province from postal '00000' — left as 'CN'
2026-05-06 10:27:28  WARNING       ptyorgid='A0058868': could not resolve province from postal '00000' — left as 'CN'
2026-05-06 10:27:28  WARNING       ptyorgid='A0058968': could not resolve province from postal '00000' — left as 'CN'
2026-05-06 10:27:28  WARNING       ptyorgid='A0059128': could not resolve province from postal '00000' — left as 'CN'
2026-05-06 10:27:28  WARNING       ptyorgid='A0059381': could not resolve province from postal '00000' — left as 'CN'
2026-05-06 10:27:28  WARNING       ptyorgid='A0061607': could not resolve province from postal '00000' — left as 'CN'
2026-05-06 10:27:28  WARNING       ptyorgid='A0062380': could not resolve province from postal '00000' — left as 'CN'
2026-05-06 10:27:28  WARNING       ptyorgid='A0064350': could not resolve province from postal '00000' — left as 'CN'
2026-05-06 10:27:28  WARNING       ptyorgid='A0064454': could not resolve province from postal '00000' — left as 'CN'
2026-05-06 10:27:28  WARNING       ptyorgid='A0068626': could not resolve province from postal '00000' — left as 'CN'
2026-05-06 10:27:28  WARNING       ptyorgid='A0069236': could not resolve province from postal '00000' — left as 'CN'
2026-05-06 10:27:28  WARNING       ptyorgid='A0069337': could not resolve province from postal '00000' — left as 'CN'
2026-05-06 10:27:28  WARNING       ptyorgid='A0072166': could not resolve province from postal '00000' — left as 'CN'
2026-05-06 10:27:28  WARNING       ptyorgid='A0072954': could not resolve province from postal '00000' — left as 'CN'
2026-05-06 10:27:28  WARNING       ptyorgid='A0073448': could not resolve province from postal '00000' — left as 'CN'
2026-05-06 10:27:28  WARNING       ptyorgid='A0074715': could not resolve province from postal '00000' — left as 'CN'
2026-05-06 10:27:28  WARNING       ptyorgid='A0075096': could not resolve province from postal '00000' — left as 'CN'
2026-05-06 10:27:28  WARNING       ptyorgid='A0075383': could not resolve province from postal '00000' — left as 'CN'
2026-05-06 10:27:28  WARNING       ptyorgid='A0076233': could not resolve province from postal '00000' — left as 'CN'
2026-05-06 10:27:28  WARNING       ptyorgid='A0077816': could not resolve province from postal '00000' — left as 'CN'
2026-05-06 10:27:28  WARNING       ptyorgid='A0077905': could not resolve province from postal '00000' — left as 'CN'
2026-05-06 10:27:28  WARNING       ptyorgid='A0078335': could not resolve province from postal '00000' — left as 'CN'
2026-05-06 10:27:28  WARNING       ptyorgid='A0079443': could not resolve province from postal '00000' — left as 'CN'
2026-05-06 10:27:28  WARNING       ptyorgid='A0079652': could not resolve province from postal '00000' — left as 'CN'
2026-05-06 10:27:28  WARNING       ptyorgid='A0084155': could not resolve province from postal '00000' — left as 'CN'
2026-05-06 10:27:28  WARNING       ptyorgid='A0084187': could not resolve province from postal '00000' — left as 'CN'
2026-05-06 10:27:28  WARNING       ptyorgid='A0084657': could not resolve province from postal '00000' — left as 'CN'
2026-05-06 10:27:28  WARNING       ptyorgid='A0084674': could not resolve province from postal '00000' — left as 'CN'
2026-05-06 10:27:28  WARNING       ptyorgid='A0085749': could not resolve province from postal '00000' — left as 'CN'
2026-05-06 10:27:28  WARNING       ptyorgid='A0087699': could not resolve province from postal '00000' — left as 'CN'
2026-05-06 10:27:28  WARNING       ptyorgid='A0087738': could not resolve province from postal '00000' — left as 'CN'
2026-05-06 10:27:28  WARNING       ptyorgid='A0087795': could not resolve province from postal '00000' — left as 'CN'
2026-05-06 10:27:28  WARNING       ptyorgid='A0087939': could not resolve province from postal '57N1N5' — left as 'CN'
2026-05-06 10:27:28  WARNING       ptyorgid='A0088043': could not resolve province from postal '00000' — left as 'CN'
2026-05-06 10:27:28  WARNING       ptyorgid='A0088810': could not resolve province from postal '00000' — left as 'CN'
2026-05-06 10:27:28  WARNING       ptyorgid='A0090408': could not resolve province from postal '00000' — left as 'CN'
2026-05-06 10:27:28  WARNING       ptyorgid='A0090831': could not resolve province from postal '00000' — left as 'CN'
2026-05-06 10:27:28  WARNING       ptyorgid='A0091304': could not resolve province from postal '00000' — left as 'CN'
2026-05-06 10:27:28  WARNING       ptyorgid='A0091415': could not resolve province from postal '00000' — left as 'CN'
2026-05-06 10:27:28  WARNING       ptyorgid='A0091611': could not resolve province from postal '00000' — left as 'CN'
2026-05-06 10:27:28  WARNING       ptyorgid='A0091784': could not resolve province from postal '00000' — left as 'CN'
2026-05-06 10:27:28  WARNING       ptyorgid='A0094784': could not resolve province from postal '00000' — left as 'CN'
2026-05-06 10:27:28  WARNING       ptyorgid='A0094813': could not resolve province from postal '00000' — left as 'CN'
2026-05-06 10:27:28  WARNING       ptyorgid='A0095341': could not resolve province from postal '00000' — left as 'CN'
2026-05-06 10:27:28  WARNING       ptyorgid='A0096874': could not resolve province from postal '00000' — left as 'CN'
2026-05-06 10:27:28  WARNING       ptyorgid='A0098533': could not resolve province from postal '00000' — left as 'CN'
2026-05-06 10:27:28  WARNING       ptyorgid='A0098686': could not resolve province from postal '00000' — left as 'CN'
2026-05-06 10:27:28  WARNING       ptyorgid='A0099247': could not resolve province from postal '00000' — left as 'CN'
2026-05-06 10:27:28  WARNING       ptyorgid='A0099543': could not resolve province from postal '00000' — left as 'CN'
2026-05-06 10:27:28  WARNING       ptyorgid='A0099631': could not resolve province from postal '00000' — left as 'CN'
2026-05-06 10:27:28  INFO          → 5,260 resolved, 56 unresolved (kept as CN)
2026-05-06 10:27:29  INFO        ✓ 50000 to 100000_Syndigo_Data_Migration_Organization.csv: 0 new rows, 50,000 updated
2026-05-06 10:27:29  INFO      Reading: /Users/ericpronovost/Doppio/input/500000 to 550000_Syndigo_Data_Migration_Organization.csv
2026-05-06 10:27:30  INFO        → 50,000 rows, 216 columns
2026-05-06 10:27:31  INFO        ✓ 500000 to 550000_Syndigo_Data_Migration_Organization.csv: 0 new rows, 50,000 updated
2026-05-06 10:27:31  INFO      ────────────────────────────────────────────────────────────
2026-05-06 10:27:31  INFO      Done. Total new: 0  |  Total updated: 550,000
2026-05-06 10:36:53  INFO      ============================================================
2026-05-06 10:36:53  INFO      HJ_Syndigo_Organization  —  starting
2026-05-06 10:36:53  INFO      ============================================================
2026-05-06 10:36:53  INFO      Found 11 CSV file(s) in /Users/ericpronovost/Doppio/input
2026-05-06 10:36:53  INFO      Target database : /Users/ericpronovost/sqlite/doppio.db
2026-05-06 10:36:53  INFO      Target table    : SyndigoOrg
2026-05-06 10:36:53  INFO      Reading: /Users/ericpronovost/Doppio/input/0 to 50000_Syndigo_Data_Migration_Organization.csv
2026-05-06 10:36:54  INFO        → 50,000 rows, 216 columns
2026-05-06 10:36:54  INFO        Resolving 3,159 Canadian province code(s) from postal codes …
2026-05-06 10:36:54  WARNING       ptyorgid='A0005612': could not resolve province from postal '00000' — left as 'CN'
2026-05-06 10:36:54  WARNING       ptyorgid='A0005701': could not resolve province from postal '00000' — left as 'CN'
2026-05-06 10:36:54  WARNING       ptyorgid='A0006628': could not resolve province from postal '00000' — left as 'CN'
2026-05-06 10:36:54  WARNING       ptyorgid='A0020215': could not resolve province from postal '00000' — left as 'CN'
2026-05-06 10:36:54  WARNING       ptyorgid='A0021257': could not resolve province from postal '00000' — left as 'CN'
2026-05-06 10:36:54  WARNING       ptyorgid='A0021576': could not resolve province from postal '00000' — left as 'CN'
2026-05-06 10:36:54  WARNING       ptyorgid='A0023598': could not resolve province from postal '00000' — left as 'CN'
2026-05-06 10:36:54  WARNING       ptyorgid='A0024145': could not resolve province from postal '00000' — left as 'CN'
2026-05-06 10:36:54  WARNING       ptyorgid='A0025565': could not resolve province from postal '00000' — left as 'CN'
2026-05-06 10:36:54  WARNING       ptyorgid='A0026864': could not resolve province from postal '00000' — left as 'CN'
2026-05-06 10:36:54  WARNING       ptyorgid='A0027952': could not resolve province from postal '00000' — left as 'CN'
2026-05-06 10:36:54  WARNING       ptyorgid='A0028701': could not resolve province from postal '00000' — left as 'CN'
2026-05-06 10:36:54  WARNING       ptyorgid='A0029939': could not resolve province from postal '00000' — left as 'CN'
2026-05-06 10:36:54  WARNING       ptyorgid='A0031395': could not resolve province from postal '00000' — left as 'CN'
2026-05-06 10:36:54  WARNING       ptyorgid='A0031860': could not resolve province from postal '00000' — left as 'CN'
2026-05-06 10:36:54  WARNING       ptyorgid='A0032176': could not resolve province from postal '00000' — left as 'CN'
2026-05-06 10:36:54  WARNING       ptyorgid='A0034120': could not resolve province from postal '00000' — left as 'CN'
2026-05-06 10:36:54  WARNING       ptyorgid='A0035007': could not resolve province from postal '00000' — left as 'CN'
2026-05-06 10:36:54  WARNING       ptyorgid='A0035355': could not resolve province from postal '00000' — left as 'CN'
2026-05-06 10:36:54  WARNING       ptyorgid='A0036372': could not resolve province from postal '00000' — left as 'CN'
2026-05-06 10:36:54  WARNING       ptyorgid='A0036912': could not resolve province from postal '00000' — left as 'CN'
2026-05-06 10:36:54  WARNING       ptyorgid='A0037582': could not resolve province from postal '00000' — left as 'CN'
2026-05-06 10:36:54  WARNING       ptyorgid='A0038061': could not resolve province from postal '00000' — left as 'CN'
2026-05-06 10:36:54  WARNING       ptyorgid='A0038249': could not resolve province from postal '00000' — left as 'CN'
2026-05-06 10:36:54  WARNING       ptyorgid='A0038354': could not resolve province from postal '00000' — left as 'CN'
2026-05-06 10:36:54  WARNING       ptyorgid='A0038895': could not resolve province from postal '00000' — left as 'CN'
2026-05-06 10:36:54  WARNING       ptyorgid='A0040111': could not resolve province from postal '00000' — left as 'CN'
2026-05-06 10:36:54  WARNING       ptyorgid='A0045250': could not resolve province from postal '00000' — left as 'CN'
2026-05-06 10:36:54  WARNING       ptyorgid='A0045348': could not resolve province from postal '00000' — left as 'CN'
2026-05-06 10:36:54  WARNING       ptyorgid='A0045369': could not resolve province from postal '00000' — left as 'CN'
2026-05-06 10:36:54  WARNING       ptyorgid='A0046089': could not resolve province from postal '00000' — left as 'CN'
2026-05-06 10:36:54  INFO          → 3,128 resolved, 31 unresolved (kept as CN)
2026-05-06 10:36:55  INFO        Tagged ptyorgmdrrectype → CA: 3,128  US: 46,872
2026-05-06 10:36:56  INFO        ✓ 0 to 50000_Syndigo_Data_Migration_Organization.csv: 0 new rows, 50,000 updated
2026-05-06 10:36:56  INFO      Reading: /Users/ericpronovost/Doppio/input/100000 to 150000_Syndigo_Data_Migration_Organization.csv
2026-05-06 10:36:57  INFO        → 50,000 rows, 216 columns
2026-05-06 10:36:57  INFO        Resolving 5,120 Canadian province code(s) from postal codes …
2026-05-06 10:36:57  WARNING       ptyorgid='A0100816': could not resolve province from postal '00000' — left as 'CN'
2026-05-06 10:36:57  WARNING       ptyorgid='A0101278': could not resolve province from postal '00000' — left as 'CN'
2026-05-06 10:36:57  WARNING       ptyorgid='A0101927': could not resolve province from postal '00000' — left as 'CN'
2026-05-06 10:36:57  WARNING       ptyorgid='A0101949': could not resolve province from postal '00000' — left as 'CN'
2026-05-06 10:36:57  WARNING       ptyorgid='A0106951': could not resolve province from postal '00000' — left as 'CN'
2026-05-06 10:36:57  WARNING       ptyorgid='A0107409': could not resolve province from postal '00000' — left as 'CN'
2026-05-06 10:36:57  WARNING       ptyorgid='A0107715': could not resolve province from postal '00000' — left as 'CN'
2026-05-06 10:36:57  WARNING       ptyorgid='A0108888': could not resolve province from postal '00000' — left as 'CN'
2026-05-06 10:36:57  WARNING       ptyorgid='A0109462': could not resolve province from postal '00000' — left as 'CN'
2026-05-06 10:36:57  WARNING       ptyorgid='A0109478': could not resolve province from postal '00000' — left as 'CN'
2026-05-06 10:36:57  WARNING       ptyorgid='A0109994': could not resolve province from postal '00000' — left as 'CN'
2026-05-06 10:36:57  WARNING       ptyorgid='A0116824': could not resolve province from postal '00000' — left as 'CN'
2026-05-06 10:36:57  WARNING       ptyorgid='A0117359': could not resolve province from postal '00000' — left as 'CN'
2026-05-06 10:36:57  WARNING       ptyorgid='A0118633': could not resolve province from postal '00000' — left as 'CN'
2026-05-06 10:36:57  WARNING       ptyorgid='A0119221': could not resolve province from postal '00000' — left as 'CN'
2026-05-06 10:36:57  WARNING       ptyorgid='A0122620': could not resolve province from postal '00000' — left as 'CN'
2026-05-06 10:36:57  WARNING       ptyorgid='A0123570': could not resolve province from postal '00000' — left as 'CN'
2026-05-06 10:36:57  WARNING       ptyorgid='A0123826': could not resolve province from postal '00000' — left as 'CN'
2026-05-06 10:36:57  WARNING       ptyorgid='A0125600': could not resolve province from postal '00000' — left as 'CN'
2026-05-06 10:36:57  WARNING       ptyorgid='A0125833': could not resolve province from postal '00000' — left as 'CN'
2026-05-06 10:36:57  WARNING       ptyorgid='A0126018': could not resolve province from postal '00000' — left as 'CN'
2026-05-06 10:36:57  WARNING       ptyorgid='A0131508': could not resolve province from postal '00000' — left as 'CN'
2026-05-06 10:36:57  WARNING       ptyorgid='A0131658': could not resolve province from postal '00000' — left as 'CN'
2026-05-06 10:36:57  WARNING       ptyorgid='A0131754': could not resolve province from postal '00000' — left as 'CN'
2026-05-06 10:36:57  WARNING       ptyorgid='A0131778': could not resolve province from postal '00000' — left as 'CN'
2026-05-06 10:36:57  WARNING       ptyorgid='A0133802': could not resolve province from postal '00000' — left as 'CN'
2026-05-06 10:36:57  WARNING       ptyorgid='A0134551': could not resolve province from postal '00000' — left as 'CN'
2026-05-06 10:36:57  WARNING       ptyorgid='A0135067': could not resolve province from postal '00000' — left as 'CN'
2026-05-06 10:36:57  WARNING       ptyorgid='A0142457': could not resolve province from postal '00000' — left as 'CN'
2026-05-06 10:36:57  WARNING       ptyorgid='A0142919': could not resolve province from postal '00000' — left as 'CN'
2026-05-06 10:36:57  WARNING       ptyorgid='A0143249': could not resolve province from postal '00000' — left as 'CN'
2026-05-06 10:36:57  WARNING       ptyorgid='A0143833': could not resolve province from postal '00000' — left as 'CN'
2026-05-06 10:36:57  WARNING       ptyorgid='A0145813': could not resolve province from postal '00000' — left as 'CN'
2026-05-06 10:36:57  WARNING       ptyorgid='A0146301': could not resolve province from postal '00000' — left as 'CN'
2026-05-06 10:36:57  WARNING       ptyorgid='A0146891': could not resolve province from postal '00000' — left as 'CN'
2026-05-06 10:36:57  WARNING       ptyorgid='A0146904': could not resolve province from postal '00000' — left as 'CN'
2026-05-06 10:36:57  WARNING       ptyorgid='A0147205': could not resolve province from postal '00000' — left as 'CN'
2026-05-06 10:36:57  WARNING       ptyorgid='A0147342': could not resolve province from postal '00000' — left as 'CN'
2026-05-06 10:36:57  WARNING       ptyorgid='A0147675': could not resolve province from postal '0E 2A0' — left as 'CN'
2026-05-06 10:36:57  WARNING       ptyorgid='A0147875': could not resolve province from postal '2H 6J7' — left as 'CN'
2026-05-06 10:36:57  WARNING       ptyorgid='A0148491': could not resolve province from postal '00000' — left as 'CN'
2026-05-06 10:36:57  INFO          → 5,079 resolved, 41 unresolved (kept as CN)
2026-05-06 10:36:58  INFO        Tagged ptyorgmdrrectype → CA: 5,079  US: 44,921
2026-05-06 10:36:59  INFO        ✓ 100000 to 150000_Syndigo_Data_Migration_Organization.csv: 0 new rows, 50,000 updated
2026-05-06 10:36:59  INFO      Reading: /Users/ericpronovost/Doppio/input/150000 to 200000_Syndigo_Data_Migration_Organization.csv
2026-05-06 10:36:59  INFO        → 50,000 rows, 216 columns
2026-05-06 10:36:59  INFO        Resolving 2,261 Canadian province code(s) from postal codes …
2026-05-06 10:36:59  WARNING       ptyorgid='A0150957': could not resolve province from postal '00000' — left as 'CN'
2026-05-06 10:36:59  WARNING       ptyorgid='A0151139': could not resolve province from postal '00000' — left as 'CN'
2026-05-06 10:36:59  WARNING       ptyorgid='A0151380': could not resolve province from postal '00000' — left as 'CN'
2026-05-06 10:36:59  WARNING       ptyorgid='A0151523': could not resolve province from postal '00000' — left as 'CN'
2026-05-06 10:36:59  WARNING       ptyorgid='A0151617': could not resolve province from postal '00000' — left as 'CN'
2026-05-06 10:36:59  WARNING       ptyorgid='A0151886': could not resolve province from postal '00000' — left as 'CN'
2026-05-06 10:36:59  WARNING       ptyorgid='A0152091': could not resolve province from postal '00000' — left as 'CN'
2026-05-06 10:36:59  WARNING       ptyorgid='A0152997': could not resolve province from postal '00000' — left as 'CN'
2026-05-06 10:36:59  WARNING       ptyorgid='A0153062': could not resolve province from postal '00058' — left as 'CN'
2026-05-06 10:36:59  WARNING       ptyorgid='A0153201': could not resolve province from postal '00000' — left as 'CN'
2026-05-06 10:36:59  WARNING       ptyorgid='A0153937': could not resolve province from postal '00000' — left as 'CN'
2026-05-06 10:36:59  WARNING       ptyorgid='A0155417': could not resolve province from postal '00000' — left as 'CN'
2026-05-06 10:36:59  WARNING       ptyorgid='A0156033': could not resolve province from postal '00000' — left as 'CN'
2026-05-06 10:36:59  WARNING       ptyorgid='A0156225': could not resolve province from postal '00000' — left as 'CN'
2026-05-06 10:36:59  WARNING       ptyorgid='A0156390': could not resolve province from postal '00000' — left as 'CN'
2026-05-06 10:36:59  WARNING       ptyorgid='A0156436': could not resolve province from postal '00000' — left as 'CN'
2026-05-06 10:36:59  WARNING       ptyorgid='A0156945': could not resolve province from postal '00000' — left as 'CN'
2026-05-06 10:36:59  WARNING       ptyorgid='A0156978': could not resolve province from postal '00000' — left as 'CN'
2026-05-06 10:36:59  WARNING       ptyorgid='A0157021': could not resolve province from postal '00000' — left as 'CN'
2026-05-06 10:36:59  WARNING       ptyorgid='A0157656': could not resolve province from postal '00000' — left as 'CN'
2026-05-06 10:36:59  WARNING       ptyorgid='A0157729': could not resolve province from postal '00000' — left as 'CN'
2026-05-06 10:36:59  WARNING       ptyorgid='A0157786': could not resolve province from postal '00000' — left as 'CN'
2026-05-06 10:36:59  WARNING       ptyorgid='A0157951': could not resolve province from postal '00000' — left as 'CN'
2026-05-06 10:36:59  WARNING       ptyorgid='A0158120': could not resolve province from postal '00000' — left as 'CN'
2026-05-06 10:36:59  WARNING       ptyorgid='A0158622': could not resolve province from postal '00000' — left as 'CN'
2026-05-06 10:36:59  WARNING       ptyorgid='A0158874': could not resolve province from postal '00058' — left as 'CN'
2026-05-06 10:36:59  WARNING       ptyorgid='A0159120': could not resolve province from postal '00000' — left as 'CN'
2026-05-06 10:36:59  WARNING       ptyorgid='A0159416': could not resolve province from postal '00000' — left as 'CN'
2026-05-06 10:36:59  WARNING       ptyorgid='A0159791': could not resolve province from postal '00061' — left as 'CN'
2026-05-06 10:36:59  WARNING       ptyorgid='A0159808': could not resolve province from postal '00000' — left as 'CN'
2026-05-06 10:36:59  WARNING       ptyorgid='A0159832': could not resolve province from postal '00000' — left as 'CN'
2026-05-06 10:36:59  WARNING       ptyorgid='A0159910': could not resolve province from postal '00000' — left as 'CN'
2026-05-06 10:36:59  WARNING       ptyorgid='A0160104': could not resolve province from postal '00000' — left as 'CN'
2026-05-06 10:36:59  WARNING       ptyorgid='A0160445': could not resolve province from postal '00000' — left as 'CN'
2026-05-06 10:36:59  WARNING       ptyorgid='A0161972': could not resolve province from postal '00000' — left as 'CN'
2026-05-06 10:36:59  WARNING       ptyorgid='A0162102': could not resolve province from postal '00000' — left as 'CN'
2026-05-06 10:36:59  WARNING       ptyorgid='A0162150': could not resolve province from postal '' — left as 'CN'
2026-05-06 10:36:59  WARNING       ptyorgid='A0162419': could not resolve province from postal '00000' — left as 'CN'
2026-05-06 10:36:59  WARNING       ptyorgid='A0162448': could not resolve province from postal '00000' — left as 'CN'
2026-05-06 10:36:59  WARNING       ptyorgid='A0162778': could not resolve province from postal '00000' — left as 'CN'
2026-05-06 10:36:59  WARNING       ptyorgid='A0163091': could not resolve province from postal '00000' — left as 'CN'
2026-05-06 10:36:59  WARNING       ptyorgid='A0163625': could not resolve province from postal '00000' — left as 'CN'
2026-05-06 10:36:59  WARNING       ptyorgid='A0163838': could not resolve province from postal '00000' — left as 'CN'
2026-05-06 10:36:59  WARNING       ptyorgid='A0165027': could not resolve province from postal '00000' — left as 'CN'
2026-05-06 10:36:59  WARNING       ptyorgid='A0165329': could not resolve province from postal '00000' — left as 'CN'
2026-05-06 10:36:59  WARNING       ptyorgid='A0165480': could not resolve province from postal '' — left as 'CN'
2026-05-06 10:36:59  WARNING       ptyorgid='A0165514': could not resolve province from postal '00000' — left as 'CN'
2026-05-06 10:36:59  WARNING       ptyorgid='A0165650': could not resolve province from postal '00000' — left as 'CN'
2026-05-06 10:36:59  WARNING       ptyorgid='A0166473': could not resolve province from postal '00000' — left as 'CN'
2026-05-06 10:36:59  WARNING       ptyorgid='A0166677': could not resolve province from postal '00000' — left as 'CN'
2026-05-06 10:36:59  WARNING       ptyorgid='A0167767': could not resolve province from postal '00000' — left as 'CN'
2026-05-06 10:36:59  WARNING       ptyorgid='A0168141': could not resolve province from postal '15  CN' — left as 'CN'
2026-05-06 10:36:59  WARNING       ptyorgid='A0168179': could not resolve province from postal '00000' — left as 'CN'
2026-05-06 10:36:59  WARNING       ptyorgid='A0168413': could not resolve province from postal '00000' — left as 'CN'
2026-05-06 10:36:59  WARNING       ptyorgid='A0168871': could not resolve province from postal '00000' — left as 'CN'
2026-05-06 10:36:59  WARNING       ptyorgid='A0169112': could not resolve province from postal '00000' — left as 'CN'
2026-05-06 10:36:59  WARNING       ptyorgid='A0169262': could not resolve province from postal '00000' — left as 'CN'
2026-05-06 10:36:59  WARNING       ptyorgid='A0169687': could not resolve province from postal '00000' — left as 'CN'
2026-05-06 10:36:59  WARNING       ptyorgid='A0169833': could not resolve province from postal '00000' — left as 'CN'
2026-05-06 10:36:59  WARNING       ptyorgid='A0169976': could not resolve province from postal '00000' — left as 'CN'
2026-05-06 10:36:59  WARNING       ptyorgid='A0170080': could not resolve province from postal '00000' — left as 'CN'
2026-05-06 10:36:59  WARNING       ptyorgid='A0170461': could not resolve province from postal '00000' — left as 'CN'
2026-05-06 10:36:59  WARNING       ptyorgid='A0170966': could not resolve province from postal '00000' — left as 'CN'
2026-05-06 10:36:59  WARNING       ptyorgid='A0171033': could not resolve province from postal '00000' — left as 'CN'
2026-05-06 10:36:59  WARNING       ptyorgid='A0171082': could not resolve province from postal '00000' — left as 'CN'
2026-05-06 10:36:59  WARNING       ptyorgid='A0171476': could not resolve province from postal '00000' — left as 'CN'
2026-05-06 10:36:59  WARNING       ptyorgid='A0171757': could not resolve province from postal '00000' — left as 'CN'
2026-05-06 10:36:59  WARNING       ptyorgid='A0171763': could not resolve province from postal '00000' — left as 'CN'
2026-05-06 10:36:59  WARNING       ptyorgid='A0171960': could not resolve province from postal '00 000' — left as 'CN'
2026-05-06 10:36:59  WARNING       ptyorgid='A0172678': could not resolve province from postal '00000' — left as 'CN'
2026-05-06 10:36:59  WARNING       ptyorgid='A0172816': could not resolve province from postal '00000' — left as 'CN'
2026-05-06 10:36:59  WARNING       ptyorgid='A0172936': could not resolve province from postal '7G 2B6' — left as 'CN'
2026-05-06 10:36:59  WARNING       ptyorgid='A0173513': could not resolve province from postal '00000' — left as 'CN'
2026-05-06 10:36:59  WARNING       ptyorgid='A0173796': could not resolve province from postal '00000' — left as 'CN'
2026-05-06 10:36:59  WARNING       ptyorgid='A0174698': could not resolve province from postal '00000' — left as 'CN'
2026-05-06 10:36:59  WARNING       ptyorgid='A0175436': could not resolve province from postal '00000' — left as 'CN'
2026-05-06 10:36:59  WARNING       ptyorgid='A0175630': could not resolve province from postal '00000' — left as 'CN'
2026-05-06 10:36:59  WARNING       ptyorgid='A0176258': could not resolve province from postal '00000' — left as 'CN'
2026-05-06 10:36:59  WARNING       ptyorgid='A0177069': could not resolve province from postal '00000' — left as 'CN'
2026-05-06 10:36:59  WARNING       ptyorgid='A0177224': could not resolve province from postal '00000' — left as 'CN'
2026-05-06 10:36:59  WARNING       ptyorgid='A0177465': could not resolve province from postal '00000' — left as 'CN'
2026-05-06 10:36:59  WARNING       ptyorgid='A0178830': could not resolve province from postal '00000' — left as 'CN'
2026-05-06 10:36:59  WARNING       ptyorgid='A0178918': could not resolve province from postal '00000' — left as 'CN'
2026-05-06 10:36:59  WARNING       ptyorgid='A0179231': could not resolve province from postal '00000' — left as 'CN'
2026-05-06 10:36:59  WARNING       ptyorgid='A0179298': could not resolve province from postal '8' — left as 'CN'
2026-05-06 10:36:59  WARNING       ptyorgid='A0179402': could not resolve province from postal '00000' — left as 'CN'
2026-05-06 10:36:59  WARNING       ptyorgid='A0180201': could not resolve province from postal '00000' — left as 'CN'
2026-05-06 10:36:59  WARNING       ptyorgid='A0180226': could not resolve province from postal '00000' — left as 'CN'
2026-05-06 10:36:59  WARNING       ptyorgid='A0180770': could not resolve province from postal '00000' — left as 'CN'
2026-05-06 10:36:59  WARNING       ptyorgid='A0180940': could not resolve province from postal '00000' — left as 'CN'
2026-05-06 10:36:59  WARNING       ptyorgid='A0181224': could not resolve province from postal '00000' — left as 'CN'
2026-05-06 10:36:59  WARNING       ptyorgid='A0181295': could not resolve province from postal '00000' — left as 'CN'
2026-05-06 10:36:59  WARNING       ptyorgid='A0181383': could not resolve province from postal '00000' — left as 'CN'
2026-05-06 10:36:59  WARNING       ptyorgid='A0181411': could not resolve province from postal '000000' — left as 'CN'
2026-05-06 10:36:59  WARNING       ptyorgid='A0182002': could not resolve province from postal '00000' — left as 'CN'
2026-05-06 10:36:59  WARNING       ptyorgid='A0182255': could not resolve province from postal '00000' — left as 'CN'
2026-05-06 10:36:59  WARNING       ptyorgid='A0182565': could not resolve province from postal '00000' — left as 'CN'
2026-05-06 10:36:59  WARNING       ptyorgid='A0183336': could not resolve province from postal '00000' — left as 'CN'
2026-05-06 10:36:59  WARNING       ptyorgid='A0183338': could not resolve province from postal '00000' — left as 'CN'
2026-05-06 10:36:59  WARNING       ptyorgid='A0183785': could not resolve province from postal '00000' — left as 'CN'
2026-05-06 10:36:59  WARNING       ptyorgid='A0184234': could not resolve province from postal '00000' — left as 'CN'
2026-05-06 10:36:59  WARNING       ptyorgid='A0184743': could not resolve province from postal '00000' — left as 'CN'
2026-05-06 10:36:59  WARNING       ptyorgid='A0184778': could not resolve province from postal '00000' — left as 'CN'
2026-05-06 10:36:59  WARNING       ptyorgid='A0184881': could not resolve province from postal '00000' — left as 'CN'
2026-05-06 10:36:59  WARNING       ptyorgid='A0185322': could not resolve province from postal '00000' — left as 'CN'
2026-05-06 10:36:59  WARNING       ptyorgid='A0185443': could not resolve province from postal '00000' — left as 'CN'
2026-05-06 10:36:59  WARNING       ptyorgid='A0185946': could not resolve province from postal '00000' — left as 'CN'
2026-05-06 10:36:59  WARNING       ptyorgid='A0186990': could not resolve province from postal '00000' — left as 'CN'
2026-05-06 10:36:59  WARNING       ptyorgid='A0187030': could not resolve province from postal '00000' — left as 'CN'
2026-05-06 10:36:59  WARNING       ptyorgid='A0187448': could not resolve province from postal '00000' — left as 'CN'
2026-05-06 10:36:59  WARNING       ptyorgid='A0187607': could not resolve province from postal '00000' — left as 'CN'
2026-05-06 10:36:59  WARNING       ptyorgid='A0193484': could not resolve province from postal '00000' — left as 'CN'
2026-05-06 10:36:59  WARNING       ptyorgid='A0195209': could not resolve province from postal '00000' — left as 'CN'
2026-05-06 10:36:59  WARNING       ptyorgid='A0197483': could not resolve province from postal '00000' — left as 'CN'
2026-05-06 10:36:59  WARNING       ptyorgid='A0199676': could not resolve province from postal '00000' — left as 'CN'
2026-05-06 10:36:59  INFO          → 2,146 resolved, 115 unresolved (kept as CN)
2026-05-06 10:37:00  INFO        Tagged ptyorgmdrrectype → CA: 2,146  US: 47,854
2026-05-06 10:37:01  INFO        ✓ 150000 to 200000_Syndigo_Data_Migration_Organization.csv: 0 new rows, 50,000 updated
2026-05-06 10:37:01  INFO      Reading: /Users/ericpronovost/Doppio/input/200000 to 250000_Syndigo_Data_Migration_Organization.csv
2026-05-06 10:37:02  INFO        → 50,000 rows, 216 columns
2026-05-06 10:37:02  INFO        Resolving 1,213 Canadian province code(s) from postal codes …
2026-05-06 10:37:02  WARNING       ptyorgid='A0200495': could not resolve province from postal '00000' — left as 'CN'
2026-05-06 10:37:02  WARNING       ptyorgid='A0200651': could not resolve province from postal '00000' — left as 'CN'
2026-05-06 10:37:02  WARNING       ptyorgid='A0201187': could not resolve province from postal '00000' — left as 'CN'
2026-05-06 10:37:02  WARNING       ptyorgid='A0201192': could not resolve province from postal '00000' — left as 'CN'
2026-05-06 10:37:02  WARNING       ptyorgid='A0201214': could not resolve province from postal '00000' — left as 'CN'
2026-05-06 10:37:02  WARNING       ptyorgid='A0201261': could not resolve province from postal '00000' — left as 'CN'
2026-05-06 10:37:02  WARNING       ptyorgid='A0201397': could not resolve province from postal '00000' — left as 'CN'
2026-05-06 10:37:02  WARNING       ptyorgid='A0201490': could not resolve province from postal '2H 7C5' — left as 'CN'
2026-05-06 10:37:02  WARNING       ptyorgid='A0201811': could not resolve province from postal '00000' — left as 'CN'
2026-05-06 10:37:02  WARNING       ptyorgid='A0201856': could not resolve province from postal '00000' — left as 'CN'
2026-05-06 10:37:02  WARNING       ptyorgid='A0201912': could not resolve province from postal '00000' — left as 'CN'
2026-05-06 10:37:02  WARNING       ptyorgid='A0202325': could not resolve province from postal '00000' — left as 'CN'
2026-05-06 10:37:02  WARNING       ptyorgid='A0202369': could not resolve province from postal '00000' — left as 'CN'
2026-05-06 10:37:02  WARNING       ptyorgid='A0202811': could not resolve province from postal '00000' — left as 'CN'
2026-05-06 10:37:02  WARNING       ptyorgid='A0203137': could not resolve province from postal '00000' — left as 'CN'
2026-05-06 10:37:02  WARNING       ptyorgid='A0203189': could not resolve province from postal '00000' — left as 'CN'
2026-05-06 10:37:02  WARNING       ptyorgid='A0203194': could not resolve province from postal '00000' — left as 'CN'
2026-05-06 10:37:02  WARNING       ptyorgid='A0203533': could not resolve province from postal '00000' — left as 'CN'
2026-05-06 10:37:02  WARNING       ptyorgid='A0203695': could not resolve province from postal '00000' — left as 'CN'
2026-05-06 10:37:02  WARNING       ptyorgid='A0203744': could not resolve province from postal '00000' — left as 'CN'
2026-05-06 10:37:02  WARNING       ptyorgid='A0203839': could not resolve province from postal '00000' — left as 'CN'
2026-05-06 10:37:02  WARNING       ptyorgid='A0204029': could not resolve province from postal '00000' — left as 'CN'
2026-05-06 10:37:02  WARNING       ptyorgid='A0204081': could not resolve province from postal '00000' — left as 'CN'
2026-05-06 10:37:02  WARNING       ptyorgid='A0204082': could not resolve province from postal '00000' — left as 'CN'
2026-05-06 10:37:02  WARNING       ptyorgid='A0204083': could not resolve province from postal '00000' — left as 'CN'
2026-05-06 10:37:02  WARNING       ptyorgid='A0204093': could not resolve province from postal '00000' — left as 'CN'
2026-05-06 10:37:02  WARNING       ptyorgid='A0204266': could not resolve province from postal '00000' — left as 'CN'
2026-05-06 10:37:02  WARNING       ptyorgid='A0204296': could not resolve province from postal '00000' — left as 'CN'
2026-05-06 10:37:02  WARNING       ptyorgid='A0204482': could not resolve province from postal '00000' — left as 'CN'
2026-05-06 10:37:02  WARNING       ptyorgid='A0204591': could not resolve province from postal '1N 3W4' — left as 'CN'
2026-05-06 10:37:02  WARNING       ptyorgid='A0204600': could not resolve province from postal '00000' — left as 'CN'
2026-05-06 10:37:02  WARNING       ptyorgid='A0204993': could not resolve province from postal '00000' — left as 'CN'
2026-05-06 10:37:02  WARNING       ptyorgid='A0205198': could not resolve province from postal '00000' — left as 'CN'
2026-05-06 10:37:02  WARNING       ptyorgid='A0205464': could not resolve province from postal '00000' — left as 'CN'
2026-05-06 10:37:02  WARNING       ptyorgid='A0206159': could not resolve province from postal '00000' — left as 'CN'
2026-05-06 10:37:02  WARNING       ptyorgid='A0206695': could not resolve province from postal '00000' — left as 'CN'
2026-05-06 10:37:02  WARNING       ptyorgid='A0206753': could not resolve province from postal '00000' — left as 'CN'
2026-05-06 10:37:02  WARNING       ptyorgid='A0206758': could not resolve province from postal '00000' — left as 'CN'
2026-05-06 10:37:02  WARNING       ptyorgid='A0206762': could not resolve province from postal '00000' — left as 'CN'
2026-05-06 10:37:02  WARNING       ptyorgid='A0206771': could not resolve province from postal '00000' — left as 'CN'
2026-05-06 10:37:02  WARNING       ptyorgid='A0206903': could not resolve province from postal '00000' — left as 'CN'
2026-05-06 10:37:02  WARNING       ptyorgid='A0207134': could not resolve province from postal '00000' — left as 'CN'
2026-05-06 10:37:02  WARNING       ptyorgid='A0207402': could not resolve province from postal '00000' — left as 'CN'
2026-05-06 10:37:02  WARNING       ptyorgid='A0207558': could not resolve province from postal '00000' — left as 'CN'
2026-05-06 10:37:02  WARNING       ptyorgid='A0207576': could not resolve province from postal 'IL 3Z5' — left as 'CN'
2026-05-06 10:37:02  WARNING       ptyorgid='A0207760': could not resolve province from postal '00000' — left as 'CN'
2026-05-06 10:37:02  WARNING       ptyorgid='A0208036': could not resolve province from postal '00000' — left as 'CN'
2026-05-06 10:37:02  WARNING       ptyorgid='A0208094': could not resolve province from postal '00000' — left as 'CN'
2026-05-06 10:37:02  WARNING       ptyorgid='A0208641': could not resolve province from postal '00000' — left as 'CN'
2026-05-06 10:37:02  WARNING       ptyorgid='A0208784': could not resolve province from postal '00000' — left as 'CN'
2026-05-06 10:37:02  WARNING       ptyorgid='A0208956': could not resolve province from postal '4L 1A5' — left as 'CN'
2026-05-06 10:37:02  WARNING       ptyorgid='A0208960': could not resolve province from postal '8N 0C5' — left as 'CN'
2026-05-06 10:37:02  WARNING       ptyorgid='A0209205': could not resolve province from postal '00000' — left as 'CN'
2026-05-06 10:37:02  WARNING       ptyorgid='A0209259': could not resolve province from postal '00000' — left as 'CN'
2026-05-06 10:37:02  WARNING       ptyorgid='A0209332': could not resolve province from postal '00000' — left as 'CN'
2026-05-06 10:37:02  WARNING       ptyorgid='A0209334': could not resolve province from postal '00000' — left as 'CN'
2026-05-06 10:37:02  WARNING       ptyorgid='A0209396': could not resolve province from postal '00000' — left as 'CN'
2026-05-06 10:37:02  WARNING       ptyorgid='A0209444': could not resolve province from postal '7A 2Y6' — left as 'CN'
2026-05-06 10:37:02  WARNING       ptyorgid='A0209445': could not resolve province from postal '4L 2E5' — left as 'CN'
2026-05-06 10:37:02  WARNING       ptyorgid='A0209450': could not resolve province from postal '4R 1H7' — left as 'CN'
2026-05-06 10:37:02  WARNING       ptyorgid='A0209451': could not resolve province from postal '0J 2A0' — left as 'CN'
2026-05-06 10:37:02  WARNING       ptyorgid='A0209541': could not resolve province from postal '0C 2J0' — left as 'CN'
2026-05-06 10:37:02  WARNING       ptyorgid='A0209550': could not resolve province from postal '0A 0Y0' — left as 'CN'
2026-05-06 10:37:02  WARNING       ptyorgid='A0209551': could not resolve province from postal '2A 5T8' — left as 'CN'
2026-05-06 10:37:02  WARNING       ptyorgid='A0209982': could not resolve province from postal '00000' — left as 'CN'
2026-05-06 10:37:02  WARNING       ptyorgid='A0210042': could not resolve province from postal '00000' — left as 'CN'
2026-05-06 10:37:02  WARNING       ptyorgid='A0210052': could not resolve province from postal '0K 0M0' — left as 'CN'
2026-05-06 10:37:02  WARNING       ptyorgid='A0210393': could not resolve province from postal '00000' — left as 'CN'
2026-05-06 10:37:02  WARNING       ptyorgid='A0210415': could not resolve province from postal '00000' — left as 'CN'
2026-05-06 10:37:02  WARNING       ptyorgid='A0210802': could not resolve province from postal '00000' — left as 'CN'
2026-05-06 10:37:02  WARNING       ptyorgid='A0210837': could not resolve province from postal '00000' — left as 'CN'
2026-05-06 10:37:02  WARNING       ptyorgid='A0210921': could not resolve province from postal '00000' — left as 'CN'
2026-05-06 10:37:02  WARNING       ptyorgid='A0211362': could not resolve province from postal '00000' — left as 'CN'
2026-05-06 10:37:02  WARNING       ptyorgid='A0211452': could not resolve province from postal '00000' — left as 'CN'
2026-05-06 10:37:02  WARNING       ptyorgid='A0211475': could not resolve province from postal '00000' — left as 'CN'
2026-05-06 10:37:02  WARNING       ptyorgid='A0211688': could not resolve province from postal '00000' — left as 'CN'
2026-05-06 10:37:02  WARNING       ptyorgid='A0212202': could not resolve province from postal '00000' — left as 'CN'
2026-05-06 10:37:02  WARNING       ptyorgid='A0212212': could not resolve province from postal '00000' — left as 'CN'
2026-05-06 10:37:02  WARNING       ptyorgid='A0212854': could not resolve province from postal '00000' — left as 'CN'
2026-05-06 10:37:02  WARNING       ptyorgid='A0214043': could not resolve province from postal '00000' — left as 'CN'
2026-05-06 10:37:02  WARNING       ptyorgid='A0214774': could not resolve province from postal '00000' — left as 'CN'
2026-05-06 10:37:02  WARNING       ptyorgid='A0215446': could not resolve province from postal '73B1N5' — left as 'CN'
2026-05-06 10:37:02  WARNING       ptyorgid='A0215508': could not resolve province from postal '00000' — left as 'CN'
2026-05-06 10:37:02  WARNING       ptyorgid='A0216033': could not resolve province from postal '00000' — left as 'CN'
2026-05-06 10:37:02  WARNING       ptyorgid='A0216584': could not resolve province from postal '00000' — left as 'CN'
2026-05-06 10:37:02  WARNING       ptyorgid='A0216867': could not resolve province from postal '00000' — left as 'CN'
2026-05-06 10:37:02  WARNING       ptyorgid='A0217132': could not resolve province from postal '00000' — left as 'CN'
2026-05-06 10:37:02  WARNING       ptyorgid='A0218413': could not resolve province from postal '00000' — left as 'CN'
2026-05-06 10:37:02  WARNING       ptyorgid='A0218662': could not resolve province from postal '00000' — left as 'CN'
2026-05-06 10:37:02  WARNING       ptyorgid='A0218976': could not resolve province from postal '00000' — left as 'CN'
2026-05-06 10:37:02  WARNING       ptyorgid='A0219380': could not resolve province from postal '00000' — left as 'CN'
2026-05-06 10:37:02  WARNING       ptyorgid='A0219480': could not resolve province from postal '00000' — left as 'CN'
2026-05-06 10:37:02  WARNING       ptyorgid='A0220253': could not resolve province from postal '00000' — left as 'CN'
2026-05-06 10:37:02  WARNING       ptyorgid='A0222586': could not resolve province from postal '00000' — left as 'CN'
2026-05-06 10:37:02  WARNING       ptyorgid='A0222816': could not resolve province from postal '00000' — left as 'CN'
2026-05-06 10:37:02  WARNING       ptyorgid='A0223909': could not resolve province from postal '94P3V7' — left as 'CN'
2026-05-06 10:37:02  WARNING       ptyorgid='A0224963': could not resolve province from postal '00000' — left as 'CN'
2026-05-06 10:37:02  WARNING       ptyorgid='A0233496': could not resolve province from postal '00000' — left as 'CN'
2026-05-06 10:37:02  WARNING       ptyorgid='A0233658': could not resolve province from postal '00000' — left as 'CN'
2026-05-06 10:37:02  WARNING       ptyorgid='A0234041': could not resolve province from postal '00000' — left as 'CN'
2026-05-06 10:37:02  WARNING       ptyorgid='A0235578': could not resolve province from postal '' — left as 'CN'
2026-05-06 10:37:02  INFO          → 1,112 resolved, 101 unresolved (kept as CN)
2026-05-06 10:37:03  INFO        Tagged ptyorgmdrrectype → CA: 1,112  US: 48,888
2026-05-06 10:37:04  INFO        ✓ 200000 to 250000_Syndigo_Data_Migration_Organization.csv: 0 new rows, 50,000 updated
2026-05-06 10:37:04  INFO      Reading: /Users/ericpronovost/Doppio/input/250000 to 300000_Syndigo_Data_Migration_Organization.csv
2026-05-06 10:37:04  INFO        → 50,000 rows, 216 columns
2026-05-06 10:37:05  INFO        Resolving 857 Canadian province code(s) from postal codes …
2026-05-06 10:37:05  INFO          → 857 resolved, 0 unresolved (kept as CN)
2026-05-06 10:37:05  INFO        Tagged ptyorgmdrrectype → CA: 860  US: 49,140
2026-05-06 10:37:06  INFO        ✓ 250000 to 300000_Syndigo_Data_Migration_Organization.csv: 0 new rows, 50,000 updated
2026-05-06 10:37:06  INFO      Reading: /Users/ericpronovost/Doppio/input/300000 to 350000_Syndigo_Data_Migration_Organization.csv
2026-05-06 10:37:07  INFO        → 50,000 rows, 216 columns
2026-05-06 10:37:07  INFO        Resolving 1,576 Canadian province code(s) from postal codes …
2026-05-06 10:37:07  WARNING       ptyorgid='A0348451': could not resolve province from postal '00000' — left as 'CN'
2026-05-06 10:37:07  WARNING       ptyorgid='A0348691': could not resolve province from postal '3Y 1S4' — left as 'CN'
2026-05-06 10:37:07  WARNING       ptyorgid='A0348970': could not resolve province from postal '00000' — left as 'CN'
2026-05-06 10:37:07  WARNING       ptyorgid='A0348971': could not resolve province from postal '00000' — left as 'CN'
2026-05-06 10:37:07  WARNING       ptyorgid='A0349208': could not resolve province from postal '' — left as 'CN'
2026-05-06 10:37:07  WARNING       ptyorgid='A0349974': could not resolve province from postal '00000' — left as 'CN'
2026-05-06 10:37:07  INFO          → 1,570 resolved, 6 unresolved (kept as CN)
2026-05-06 10:37:08  INFO        Tagged ptyorgmdrrectype → CA: 1,572  US: 48,428
2026-05-06 10:37:09  INFO        ✓ 300000 to 350000_Syndigo_Data_Migration_Organization.csv: 0 new rows, 50,000 updated
2026-05-06 10:37:09  INFO      Reading: /Users/ericpronovost/Doppio/input/350000 to 400000_Syndigo_Data_Migration_Organization.csv
2026-05-06 10:37:09  INFO        → 50,000 rows, 216 columns
2026-05-06 10:37:09  INFO        Resolving 2,700 Canadian province code(s) from postal codes …
2026-05-06 10:37:09  WARNING       ptyorgid='A0350406': could not resolve province from postal '00000' — left as 'CN'
2026-05-06 10:37:09  WARNING       ptyorgid='A0350469': could not resolve province from postal '00000' — left as 'CN'
2026-05-06 10:37:09  WARNING       ptyorgid='A0350849': could not resolve province from postal '00000' — left as 'CN'
2026-05-06 10:37:09  WARNING       ptyorgid='A0350865': could not resolve province from postal '00000' — left as 'CN'
2026-05-06 10:37:09  WARNING       ptyorgid='A0351105': could not resolve province from postal '00000' — left as 'CN'
2026-05-06 10:37:09  WARNING       ptyorgid='A0351159': could not resolve province from postal '00000' — left as 'CN'
2026-05-06 10:37:09  WARNING       ptyorgid='A0351349': could not resolve province from postal '00000' — left as 'CN'
2026-05-06 10:37:09  WARNING       ptyorgid='A0351393': could not resolve province from postal '00000' — left as 'CN'
2026-05-06 10:37:09  WARNING       ptyorgid='A0364328': could not resolve province from postal '00000' — left as 'CN'
2026-05-06 10:37:09  WARNING       ptyorgid='A0364783': could not resolve province from postal '00000' — left as 'CN'
2026-05-06 10:37:09  WARNING       ptyorgid='A0365209': could not resolve province from postal '00000' — left as 'CN'
2026-05-06 10:37:09  WARNING       ptyorgid='A0365210': could not resolve province from postal '00000' — left as 'CN'
2026-05-06 10:37:09  WARNING       ptyorgid='A0365269': could not resolve province from postal '00000' — left as 'CN'
2026-05-06 10:37:09  WARNING       ptyorgid='A0365737': could not resolve province from postal '00000' — left as 'CN'
2026-05-06 10:37:09  WARNING       ptyorgid='A0366011': could not resolve province from postal '00000' — left as 'CN'
2026-05-06 10:37:09  WARNING       ptyorgid='A0366013': could not resolve province from postal '00000' — left as 'CN'
2026-05-06 10:37:09  WARNING       ptyorgid='A0366023': could not resolve province from postal '00000' — left as 'CN'
2026-05-06 10:37:09  WARNING       ptyorgid='A0366037': could not resolve province from postal '9X 1G2' — left as 'CN'
2026-05-06 10:37:09  WARNING       ptyorgid='A0366453': could not resolve province from postal '3A 8B8' — left as 'CN'
2026-05-06 10:37:09  WARNING       ptyorgid='A0366455': could not resolve province from postal '3C 3T2' — left as 'CN'
2026-05-06 10:37:09  WARNING       ptyorgid='A0366734': could not resolve province from postal '00000' — left as 'CN'
2026-05-06 10:37:10  WARNING       ptyorgid='A0366902': could not resolve province from postal '00000' — left as 'CN'
2026-05-06 10:37:10  WARNING       ptyorgid='A0367294': could not resolve province from postal '00000' — left as 'CN'
2026-05-06 10:37:10  WARNING       ptyorgid='A0367336': could not resolve province from postal '00000' — left as 'CN'
2026-05-06 10:37:10  WARNING       ptyorgid='A0367341': could not resolve province from postal '00000' — left as 'CN'
2026-05-06 10:37:10  WARNING       ptyorgid='A0367348': could not resolve province from postal '00000' — left as 'CN'
2026-05-06 10:37:10  WARNING       ptyorgid='A0367771': could not resolve province from postal '00000' — left as 'CN'
2026-05-06 10:37:10  WARNING       ptyorgid='A0367780': could not resolve province from postal '00000' — left as 'CN'
2026-05-06 10:37:10  WARNING       ptyorgid='A0367837': could not resolve province from postal '00000' — left as 'CN'
2026-05-06 10:37:10  WARNING       ptyorgid='A0368220': could not resolve province from postal '00000' — left as 'CN'
2026-05-06 10:37:10  INFO          → 2,670 resolved, 30 unresolved (kept as CN)
2026-05-06 10:37:10  INFO        Tagged ptyorgmdrrectype → CA: 2,670  US: 47,330
2026-05-06 10:37:11  INFO        ✓ 350000 to 400000_Syndigo_Data_Migration_Organization.csv: 0 new rows, 50,000 updated
2026-05-06 10:37:11  INFO      Reading: /Users/ericpronovost/Doppio/input/400000 to 450000_Syndigo_Data_Migration_Organization.csv
2026-05-06 10:37:12  INFO        → 50,000 rows, 216 columns
2026-05-06 10:37:13  INFO        Tagged ptyorgmdrrectype → CA: 0  US: 50,000
2026-05-06 10:37:14  INFO        ✓ 400000 to 450000_Syndigo_Data_Migration_Organization.csv: 0 new rows, 50,000 updated
2026-05-06 10:37:14  INFO      Reading: /Users/ericpronovost/Doppio/input/450000 to 500000_Syndigo_Data_Migration_Organization.csv
2026-05-06 10:37:15  INFO        → 50,000 rows, 216 columns
2026-05-06 10:37:16  INFO        Tagged ptyorgmdrrectype → CA: 0  US: 50,000
2026-05-06 10:37:17  INFO        ✓ 450000 to 500000_Syndigo_Data_Migration_Organization.csv: 0 new rows, 50,000 updated
2026-05-06 10:37:17  INFO      Reading: /Users/ericpronovost/Doppio/input/50000 to 100000_Syndigo_Data_Migration_Organization.csv
2026-05-06 10:37:18  INFO        → 50,000 rows, 216 columns
2026-05-06 10:37:18  INFO        Resolving 5,316 Canadian province code(s) from postal codes …
2026-05-06 10:37:18  WARNING       ptyorgid='A0051213': could not resolve province from postal '00000' — left as 'CN'
2026-05-06 10:37:18  WARNING       ptyorgid='A0051414': could not resolve province from postal '00000' — left as 'CN'
2026-05-06 10:37:18  WARNING       ptyorgid='A0053067': could not resolve province from postal '00000' — left as 'CN'
2026-05-06 10:37:18  WARNING       ptyorgid='A0053321': could not resolve province from postal '00000' — left as 'CN'
2026-05-06 10:37:18  WARNING       ptyorgid='A0053424': could not resolve province from postal '00000' — left as 'CN'
2026-05-06 10:37:18  WARNING       ptyorgid='A0053860': could not resolve province from postal '00000' — left as 'CN'
2026-05-06 10:37:18  WARNING       ptyorgid='A0058775': could not resolve province from postal '00000' — left as 'CN'
2026-05-06 10:37:18  WARNING       ptyorgid='A0058868': could not resolve province from postal '00000' — left as 'CN'
2026-05-06 10:37:18  WARNING       ptyorgid='A0058968': could not resolve province from postal '00000' — left as 'CN'
2026-05-06 10:37:18  WARNING       ptyorgid='A0059128': could not resolve province from postal '00000' — left as 'CN'
2026-05-06 10:37:18  WARNING       ptyorgid='A0059381': could not resolve province from postal '00000' — left as 'CN'
2026-05-06 10:37:18  WARNING       ptyorgid='A0061607': could not resolve province from postal '00000' — left as 'CN'
2026-05-06 10:37:18  WARNING       ptyorgid='A0062380': could not resolve province from postal '00000' — left as 'CN'
2026-05-06 10:37:18  WARNING       ptyorgid='A0064350': could not resolve province from postal '00000' — left as 'CN'
2026-05-06 10:37:18  WARNING       ptyorgid='A0064454': could not resolve province from postal '00000' — left as 'CN'
2026-05-06 10:37:18  WARNING       ptyorgid='A0068626': could not resolve province from postal '00000' — left as 'CN'
2026-05-06 10:37:18  WARNING       ptyorgid='A0069236': could not resolve province from postal '00000' — left as 'CN'
2026-05-06 10:37:18  WARNING       ptyorgid='A0069337': could not resolve province from postal '00000' — left as 'CN'
2026-05-06 10:37:18  WARNING       ptyorgid='A0072166': could not resolve province from postal '00000' — left as 'CN'
2026-05-06 10:37:18  WARNING       ptyorgid='A0072954': could not resolve province from postal '00000' — left as 'CN'
2026-05-06 10:37:18  WARNING       ptyorgid='A0073448': could not resolve province from postal '00000' — left as 'CN'
2026-05-06 10:37:18  WARNING       ptyorgid='A0074715': could not resolve province from postal '00000' — left as 'CN'
2026-05-06 10:37:18  WARNING       ptyorgid='A0075096': could not resolve province from postal '00000' — left as 'CN'
2026-05-06 10:37:18  WARNING       ptyorgid='A0075383': could not resolve province from postal '00000' — left as 'CN'
2026-05-06 10:37:18  WARNING       ptyorgid='A0076233': could not resolve province from postal '00000' — left as 'CN'
2026-05-06 10:37:18  WARNING       ptyorgid='A0077816': could not resolve province from postal '00000' — left as 'CN'
2026-05-06 10:37:18  WARNING       ptyorgid='A0077905': could not resolve province from postal '00000' — left as 'CN'
2026-05-06 10:37:18  WARNING       ptyorgid='A0078335': could not resolve province from postal '00000' — left as 'CN'
2026-05-06 10:37:18  WARNING       ptyorgid='A0079443': could not resolve province from postal '00000' — left as 'CN'
2026-05-06 10:37:18  WARNING       ptyorgid='A0079652': could not resolve province from postal '00000' — left as 'CN'
2026-05-06 10:37:18  WARNING       ptyorgid='A0084155': could not resolve province from postal '00000' — left as 'CN'
2026-05-06 10:37:18  WARNING       ptyorgid='A0084187': could not resolve province from postal '00000' — left as 'CN'
2026-05-06 10:37:18  WARNING       ptyorgid='A0084657': could not resolve province from postal '00000' — left as 'CN'
2026-05-06 10:37:18  WARNING       ptyorgid='A0084674': could not resolve province from postal '00000' — left as 'CN'
2026-05-06 10:37:18  WARNING       ptyorgid='A0085749': could not resolve province from postal '00000' — left as 'CN'
2026-05-06 10:37:18  WARNING       ptyorgid='A0087699': could not resolve province from postal '00000' — left as 'CN'
2026-05-06 10:37:18  WARNING       ptyorgid='A0087738': could not resolve province from postal '00000' — left as 'CN'
2026-05-06 10:37:18  WARNING       ptyorgid='A0087795': could not resolve province from postal '00000' — left as 'CN'
2026-05-06 10:37:18  WARNING       ptyorgid='A0087939': could not resolve province from postal '57N1N5' — left as 'CN'
2026-05-06 10:37:18  WARNING       ptyorgid='A0088043': could not resolve province from postal '00000' — left as 'CN'
2026-05-06 10:37:18  WARNING       ptyorgid='A0088810': could not resolve province from postal '00000' — left as 'CN'
2026-05-06 10:37:18  WARNING       ptyorgid='A0090408': could not resolve province from postal '00000' — left as 'CN'
2026-05-06 10:37:18  WARNING       ptyorgid='A0090831': could not resolve province from postal '00000' — left as 'CN'
2026-05-06 10:37:18  WARNING       ptyorgid='A0091304': could not resolve province from postal '00000' — left as 'CN'
2026-05-06 10:37:18  WARNING       ptyorgid='A0091415': could not resolve province from postal '00000' — left as 'CN'
2026-05-06 10:37:18  WARNING       ptyorgid='A0091611': could not resolve province from postal '00000' — left as 'CN'
2026-05-06 10:37:18  WARNING       ptyorgid='A0091784': could not resolve province from postal '00000' — left as 'CN'
2026-05-06 10:37:18  WARNING       ptyorgid='A0094784': could not resolve province from postal '00000' — left as 'CN'
2026-05-06 10:37:18  WARNING       ptyorgid='A0094813': could not resolve province from postal '00000' — left as 'CN'
2026-05-06 10:37:18  WARNING       ptyorgid='A0095341': could not resolve province from postal '00000' — left as 'CN'
2026-05-06 10:37:18  WARNING       ptyorgid='A0096874': could not resolve province from postal '00000' — left as 'CN'
2026-05-06 10:37:18  WARNING       ptyorgid='A0098533': could not resolve province from postal '00000' — left as 'CN'
2026-05-06 10:37:18  WARNING       ptyorgid='A0098686': could not resolve province from postal '00000' — left as 'CN'
2026-05-06 10:37:18  WARNING       ptyorgid='A0099247': could not resolve province from postal '00000' — left as 'CN'
2026-05-06 10:37:18  WARNING       ptyorgid='A0099543': could not resolve province from postal '00000' — left as 'CN'
2026-05-06 10:37:18  WARNING       ptyorgid='A0099631': could not resolve province from postal '00000' — left as 'CN'
2026-05-06 10:37:18  INFO          → 5,260 resolved, 56 unresolved (kept as CN)
2026-05-06 10:37:18  INFO        Tagged ptyorgmdrrectype → CA: 5,260  US: 44,740
2026-05-06 10:37:19  INFO        ✓ 50000 to 100000_Syndigo_Data_Migration_Organization.csv: 0 new rows, 50,000 updated
2026-05-06 10:37:19  INFO      Reading: /Users/ericpronovost/Doppio/input/500000 to 550000_Syndigo_Data_Migration_Organization.csv
2026-05-06 10:37:20  INFO        → 50,000 rows, 216 columns
2026-05-06 10:37:21  INFO        Tagged ptyorgmdrrectype → CA: 0  US: 50,000
2026-05-06 10:37:22  INFO        ✓ 500000 to 550000_Syndigo_Data_Migration_Organization.csv: 0 new rows, 50,000 updated
2026-05-06 10:37:22  INFO      ────────────────────────────────────────────────────────────
2026-05-06 10:37:22  INFO      Done. Total new: 0  |  Total updated: 550,000
2026-05-06 10:51:57  INFO      ============================================================
2026-05-06 10:51:57  INFO      HJ_Syndigo_Organization  —  starting
2026-05-06 10:51:57  INFO      ============================================================
2026-05-06 10:51:57  INFO      Found 11 CSV file(s) in /Users/ericpronovost/Doppio/input
2026-05-06 10:51:57  INFO      Target database : /Users/ericpronovost/sqlite/doppio.db
2026-05-06 10:51:57  INFO      Target table    : SyndigoOrg
2026-05-06 10:51:57  INFO      Reading: /Users/ericpronovost/Doppio/input/0 to 50000_Syndigo_Data_Migration_Organization.csv
2026-05-06 10:51:57  INFO        → 50,000 rows, 216 columns
2026-05-06 10:51:57  INFO        Resolving 3,159 Canadian province code(s) from postal codes …
2026-05-06 10:51:57  WARNING       ptyorgid='A0005612': could not resolve province from postal '00000' — left as 'CN'
2026-05-06 10:51:57  WARNING       ptyorgid='A0005701': could not resolve province from postal '00000' — left as 'CN'
2026-05-06 10:51:57  WARNING       ptyorgid='A0006628': could not resolve province from postal '00000' — left as 'CN'
2026-05-06 10:51:57  WARNING       ptyorgid='A0020215': could not resolve province from postal '00000' — left as 'CN'
2026-05-06 10:51:57  WARNING       ptyorgid='A0021257': could not resolve province from postal '00000' — left as 'CN'
2026-05-06 10:51:57  WARNING       ptyorgid='A0021576': could not resolve province from postal '00000' — left as 'CN'
2026-05-06 10:51:57  WARNING       ptyorgid='A0023598': could not resolve province from postal '00000' — left as 'CN'
2026-05-06 10:51:57  WARNING       ptyorgid='A0024145': could not resolve province from postal '00000' — left as 'CN'
2026-05-06 10:51:57  WARNING       ptyorgid='A0025565': could not resolve province from postal '00000' — left as 'CN'
2026-05-06 10:51:57  WARNING       ptyorgid='A0026864': could not resolve province from postal '00000' — left as 'CN'
2026-05-06 10:51:57  WARNING       ptyorgid='A0027952': could not resolve province from postal '00000' — left as 'CN'
2026-05-06 10:51:57  WARNING       ptyorgid='A0028701': could not resolve province from postal '00000' — left as 'CN'
2026-05-06 10:51:57  WARNING       ptyorgid='A0029939': could not resolve province from postal '00000' — left as 'CN'
2026-05-06 10:51:57  WARNING       ptyorgid='A0031395': could not resolve province from postal '00000' — left as 'CN'
2026-05-06 10:51:57  WARNING       ptyorgid='A0031860': could not resolve province from postal '00000' — left as 'CN'
2026-05-06 10:51:57  WARNING       ptyorgid='A0032176': could not resolve province from postal '00000' — left as 'CN'
2026-05-06 10:51:57  WARNING       ptyorgid='A0034120': could not resolve province from postal '00000' — left as 'CN'
2026-05-06 10:51:57  WARNING       ptyorgid='A0035007': could not resolve province from postal '00000' — left as 'CN'
2026-05-06 10:51:57  WARNING       ptyorgid='A0035355': could not resolve province from postal '00000' — left as 'CN'
2026-05-06 10:51:57  WARNING       ptyorgid='A0036372': could not resolve province from postal '00000' — left as 'CN'
2026-05-06 10:51:57  WARNING       ptyorgid='A0036912': could not resolve province from postal '00000' — left as 'CN'
2026-05-06 10:51:57  WARNING       ptyorgid='A0037582': could not resolve province from postal '00000' — left as 'CN'
2026-05-06 10:51:57  WARNING       ptyorgid='A0038061': could not resolve province from postal '00000' — left as 'CN'
2026-05-06 10:51:57  WARNING       ptyorgid='A0038249': could not resolve province from postal '00000' — left as 'CN'
2026-05-06 10:51:57  WARNING       ptyorgid='A0038354': could not resolve province from postal '00000' — left as 'CN'
2026-05-06 10:51:57  WARNING       ptyorgid='A0038895': could not resolve province from postal '00000' — left as 'CN'
2026-05-06 10:51:57  WARNING       ptyorgid='A0040111': could not resolve province from postal '00000' — left as 'CN'
2026-05-06 10:51:57  WARNING       ptyorgid='A0045250': could not resolve province from postal '00000' — left as 'CN'
2026-05-06 10:51:57  WARNING       ptyorgid='A0045348': could not resolve province from postal '00000' — left as 'CN'
2026-05-06 10:51:57  WARNING       ptyorgid='A0045369': could not resolve province from postal '00000' — left as 'CN'
2026-05-06 10:51:57  WARNING       ptyorgid='A0046089': could not resolve province from postal '00000' — left as 'CN'
2026-05-06 10:51:57  INFO          → 3,128 resolved, 31 unresolved (kept as CN)
2026-05-06 10:51:58  INFO        Tagged CSCD → CA: 3,128  US: 46,872
2026-05-06 10:51:58  INFO      Creating table SyndigoOrg
2026-05-06 10:51:59  INFO        ✓ 0 to 50000_Syndigo_Data_Migration_Organization.csv: 50,000 new rows, 0 updated
2026-05-06 10:51:59  INFO      Reading: /Users/ericpronovost/Doppio/input/100000 to 150000_Syndigo_Data_Migration_Organization.csv
2026-05-06 10:51:59  INFO        → 50,000 rows, 216 columns
2026-05-06 10:51:59  INFO        Resolving 5,120 Canadian province code(s) from postal codes …
2026-05-06 10:51:59  WARNING       ptyorgid='A0100816': could not resolve province from postal '00000' — left as 'CN'
2026-05-06 10:51:59  WARNING       ptyorgid='A0101278': could not resolve province from postal '00000' — left as 'CN'
2026-05-06 10:51:59  WARNING       ptyorgid='A0101927': could not resolve province from postal '00000' — left as 'CN'
2026-05-06 10:51:59  WARNING       ptyorgid='A0101949': could not resolve province from postal '00000' — left as 'CN'
2026-05-06 10:51:59  WARNING       ptyorgid='A0106951': could not resolve province from postal '00000' — left as 'CN'
2026-05-06 10:51:59  WARNING       ptyorgid='A0107409': could not resolve province from postal '00000' — left as 'CN'
2026-05-06 10:51:59  WARNING       ptyorgid='A0107715': could not resolve province from postal '00000' — left as 'CN'
2026-05-06 10:51:59  WARNING       ptyorgid='A0108888': could not resolve province from postal '00000' — left as 'CN'
2026-05-06 10:51:59  WARNING       ptyorgid='A0109462': could not resolve province from postal '00000' — left as 'CN'
2026-05-06 10:51:59  WARNING       ptyorgid='A0109478': could not resolve province from postal '00000' — left as 'CN'
2026-05-06 10:51:59  WARNING       ptyorgid='A0109994': could not resolve province from postal '00000' — left as 'CN'
2026-05-06 10:52:00  WARNING       ptyorgid='A0116824': could not resolve province from postal '00000' — left as 'CN'
2026-05-06 10:52:00  WARNING       ptyorgid='A0117359': could not resolve province from postal '00000' — left as 'CN'
2026-05-06 10:52:00  WARNING       ptyorgid='A0118633': could not resolve province from postal '00000' — left as 'CN'
2026-05-06 10:52:00  WARNING       ptyorgid='A0119221': could not resolve province from postal '00000' — left as 'CN'
2026-05-06 10:52:00  WARNING       ptyorgid='A0122620': could not resolve province from postal '00000' — left as 'CN'
2026-05-06 10:52:00  WARNING       ptyorgid='A0123570': could not resolve province from postal '00000' — left as 'CN'
2026-05-06 10:52:00  WARNING       ptyorgid='A0123826': could not resolve province from postal '00000' — left as 'CN'
2026-05-06 10:52:00  WARNING       ptyorgid='A0125600': could not resolve province from postal '00000' — left as 'CN'
2026-05-06 10:52:00  WARNING       ptyorgid='A0125833': could not resolve province from postal '00000' — left as 'CN'
2026-05-06 10:52:00  WARNING       ptyorgid='A0126018': could not resolve province from postal '00000' — left as 'CN'
2026-05-06 10:52:00  WARNING       ptyorgid='A0131508': could not resolve province from postal '00000' — left as 'CN'
2026-05-06 10:52:00  WARNING       ptyorgid='A0131658': could not resolve province from postal '00000' — left as 'CN'
2026-05-06 10:52:00  WARNING       ptyorgid='A0131754': could not resolve province from postal '00000' — left as 'CN'
2026-05-06 10:52:00  WARNING       ptyorgid='A0131778': could not resolve province from postal '00000' — left as 'CN'
2026-05-06 10:52:00  WARNING       ptyorgid='A0133802': could not resolve province from postal '00000' — left as 'CN'
2026-05-06 10:52:00  WARNING       ptyorgid='A0134551': could not resolve province from postal '00000' — left as 'CN'
2026-05-06 10:52:00  WARNING       ptyorgid='A0135067': could not resolve province from postal '00000' — left as 'CN'
2026-05-06 10:52:00  WARNING       ptyorgid='A0142457': could not resolve province from postal '00000' — left as 'CN'
2026-05-06 10:52:00  WARNING       ptyorgid='A0142919': could not resolve province from postal '00000' — left as 'CN'
2026-05-06 10:52:00  WARNING       ptyorgid='A0143249': could not resolve province from postal '00000' — left as 'CN'
2026-05-06 10:52:00  WARNING       ptyorgid='A0143833': could not resolve province from postal '00000' — left as 'CN'
2026-05-06 10:52:00  WARNING       ptyorgid='A0145813': could not resolve province from postal '00000' — left as 'CN'
2026-05-06 10:52:00  WARNING       ptyorgid='A0146301': could not resolve province from postal '00000' — left as 'CN'
2026-05-06 10:52:00  WARNING       ptyorgid='A0146891': could not resolve province from postal '00000' — left as 'CN'
2026-05-06 10:52:00  WARNING       ptyorgid='A0146904': could not resolve province from postal '00000' — left as 'CN'
2026-05-06 10:52:00  WARNING       ptyorgid='A0147205': could not resolve province from postal '00000' — left as 'CN'
2026-05-06 10:52:00  WARNING       ptyorgid='A0147342': could not resolve province from postal '00000' — left as 'CN'
2026-05-06 10:52:00  WARNING       ptyorgid='A0147675': could not resolve province from postal '0E 2A0' — left as 'CN'
2026-05-06 10:52:00  WARNING       ptyorgid='A0147875': could not resolve province from postal '2H 6J7' — left as 'CN'
2026-05-06 10:52:00  WARNING       ptyorgid='A0148491': could not resolve province from postal '00000' — left as 'CN'
2026-05-06 10:52:00  INFO          → 5,079 resolved, 41 unresolved (kept as CN)
2026-05-06 10:52:00  INFO        Tagged CSCD → CA: 5,079  US: 44,921
2026-05-06 10:52:01  INFO        ✓ 100000 to 150000_Syndigo_Data_Migration_Organization.csv: 50,000 new rows, 0 updated
2026-05-06 10:52:01  INFO      Reading: /Users/ericpronovost/Doppio/input/150000 to 200000_Syndigo_Data_Migration_Organization.csv
2026-05-06 10:52:02  INFO        → 50,000 rows, 216 columns
2026-05-06 10:52:02  INFO        Resolving 2,261 Canadian province code(s) from postal codes …
2026-05-06 10:52:02  WARNING       ptyorgid='A0150957': could not resolve province from postal '00000' — left as 'CN'
2026-05-06 10:52:02  WARNING       ptyorgid='A0151139': could not resolve province from postal '00000' — left as 'CN'
2026-05-06 10:52:02  WARNING       ptyorgid='A0151380': could not resolve province from postal '00000' — left as 'CN'
2026-05-06 10:52:02  WARNING       ptyorgid='A0151523': could not resolve province from postal '00000' — left as 'CN'
2026-05-06 10:52:02  WARNING       ptyorgid='A0151617': could not resolve province from postal '00000' — left as 'CN'
2026-05-06 10:52:02  WARNING       ptyorgid='A0151886': could not resolve province from postal '00000' — left as 'CN'
2026-05-06 10:52:02  WARNING       ptyorgid='A0152091': could not resolve province from postal '00000' — left as 'CN'
2026-05-06 10:52:02  WARNING       ptyorgid='A0152997': could not resolve province from postal '00000' — left as 'CN'
2026-05-06 10:52:02  WARNING       ptyorgid='A0153062': could not resolve province from postal '00058' — left as 'CN'
2026-05-06 10:52:02  WARNING       ptyorgid='A0153201': could not resolve province from postal '00000' — left as 'CN'
2026-05-06 10:52:02  WARNING       ptyorgid='A0153937': could not resolve province from postal '00000' — left as 'CN'
2026-05-06 10:52:02  WARNING       ptyorgid='A0155417': could not resolve province from postal '00000' — left as 'CN'
2026-05-06 10:52:02  WARNING       ptyorgid='A0156033': could not resolve province from postal '00000' — left as 'CN'
2026-05-06 10:52:02  WARNING       ptyorgid='A0156225': could not resolve province from postal '00000' — left as 'CN'
2026-05-06 10:52:02  WARNING       ptyorgid='A0156390': could not resolve province from postal '00000' — left as 'CN'
2026-05-06 10:52:02  WARNING       ptyorgid='A0156436': could not resolve province from postal '00000' — left as 'CN'
2026-05-06 10:52:02  WARNING       ptyorgid='A0156945': could not resolve province from postal '00000' — left as 'CN'
2026-05-06 10:52:02  WARNING       ptyorgid='A0156978': could not resolve province from postal '00000' — left as 'CN'
2026-05-06 10:52:02  WARNING       ptyorgid='A0157021': could not resolve province from postal '00000' — left as 'CN'
2026-05-06 10:52:02  WARNING       ptyorgid='A0157656': could not resolve province from postal '00000' — left as 'CN'
2026-05-06 10:52:02  WARNING       ptyorgid='A0157729': could not resolve province from postal '00000' — left as 'CN'
2026-05-06 10:52:02  WARNING       ptyorgid='A0157786': could not resolve province from postal '00000' — left as 'CN'
2026-05-06 10:52:02  WARNING       ptyorgid='A0157951': could not resolve province from postal '00000' — left as 'CN'
2026-05-06 10:52:02  WARNING       ptyorgid='A0158120': could not resolve province from postal '00000' — left as 'CN'
2026-05-06 10:52:02  WARNING       ptyorgid='A0158622': could not resolve province from postal '00000' — left as 'CN'
2026-05-06 10:52:02  WARNING       ptyorgid='A0158874': could not resolve province from postal '00058' — left as 'CN'
2026-05-06 10:52:02  WARNING       ptyorgid='A0159120': could not resolve province from postal '00000' — left as 'CN'
2026-05-06 10:52:02  WARNING       ptyorgid='A0159416': could not resolve province from postal '00000' — left as 'CN'
2026-05-06 10:52:02  WARNING       ptyorgid='A0159791': could not resolve province from postal '00061' — left as 'CN'
2026-05-06 10:52:02  WARNING       ptyorgid='A0159808': could not resolve province from postal '00000' — left as 'CN'
2026-05-06 10:52:02  WARNING       ptyorgid='A0159832': could not resolve province from postal '00000' — left as 'CN'
2026-05-06 10:52:02  WARNING       ptyorgid='A0159910': could not resolve province from postal '00000' — left as 'CN'
2026-05-06 10:52:02  WARNING       ptyorgid='A0160104': could not resolve province from postal '00000' — left as 'CN'
2026-05-06 10:52:02  WARNING       ptyorgid='A0160445': could not resolve province from postal '00000' — left as 'CN'
2026-05-06 10:52:02  WARNING       ptyorgid='A0161972': could not resolve province from postal '00000' — left as 'CN'
2026-05-06 10:52:02  WARNING       ptyorgid='A0162102': could not resolve province from postal '00000' — left as 'CN'
2026-05-06 10:52:02  WARNING       ptyorgid='A0162150': could not resolve province from postal '' — left as 'CN'
2026-05-06 10:52:02  WARNING       ptyorgid='A0162419': could not resolve province from postal '00000' — left as 'CN'
2026-05-06 10:52:02  WARNING       ptyorgid='A0162448': could not resolve province from postal '00000' — left as 'CN'
2026-05-06 10:52:02  WARNING       ptyorgid='A0162778': could not resolve province from postal '00000' — left as 'CN'
2026-05-06 10:52:02  WARNING       ptyorgid='A0163091': could not resolve province from postal '00000' — left as 'CN'
2026-05-06 10:52:02  WARNING       ptyorgid='A0163625': could not resolve province from postal '00000' — left as 'CN'
2026-05-06 10:52:02  WARNING       ptyorgid='A0163838': could not resolve province from postal '00000' — left as 'CN'
2026-05-06 10:52:02  WARNING       ptyorgid='A0165027': could not resolve province from postal '00000' — left as 'CN'
2026-05-06 10:52:02  WARNING       ptyorgid='A0165329': could not resolve province from postal '00000' — left as 'CN'
2026-05-06 10:52:02  WARNING       ptyorgid='A0165480': could not resolve province from postal '' — left as 'CN'
2026-05-06 10:52:02  WARNING       ptyorgid='A0165514': could not resolve province from postal '00000' — left as 'CN'
2026-05-06 10:52:02  WARNING       ptyorgid='A0165650': could not resolve province from postal '00000' — left as 'CN'
2026-05-06 10:52:02  WARNING       ptyorgid='A0166473': could not resolve province from postal '00000' — left as 'CN'
2026-05-06 10:52:02  WARNING       ptyorgid='A0166677': could not resolve province from postal '00000' — left as 'CN'
2026-05-06 10:52:02  WARNING       ptyorgid='A0167767': could not resolve province from postal '00000' — left as 'CN'
2026-05-06 10:52:02  WARNING       ptyorgid='A0168141': could not resolve province from postal '15  CN' — left as 'CN'
2026-05-06 10:52:02  WARNING       ptyorgid='A0168179': could not resolve province from postal '00000' — left as 'CN'
2026-05-06 10:52:02  WARNING       ptyorgid='A0168413': could not resolve province from postal '00000' — left as 'CN'
2026-05-06 10:52:02  WARNING       ptyorgid='A0168871': could not resolve province from postal '00000' — left as 'CN'
2026-05-06 10:52:02  WARNING       ptyorgid='A0169112': could not resolve province from postal '00000' — left as 'CN'
2026-05-06 10:52:02  WARNING       ptyorgid='A0169262': could not resolve province from postal '00000' — left as 'CN'
2026-05-06 10:52:02  WARNING       ptyorgid='A0169687': could not resolve province from postal '00000' — left as 'CN'
2026-05-06 10:52:02  WARNING       ptyorgid='A0169833': could not resolve province from postal '00000' — left as 'CN'
2026-05-06 10:52:02  WARNING       ptyorgid='A0169976': could not resolve province from postal '00000' — left as 'CN'
2026-05-06 10:52:02  WARNING       ptyorgid='A0170080': could not resolve province from postal '00000' — left as 'CN'
2026-05-06 10:52:02  WARNING       ptyorgid='A0170461': could not resolve province from postal '00000' — left as 'CN'
2026-05-06 10:52:02  WARNING       ptyorgid='A0170966': could not resolve province from postal '00000' — left as 'CN'
2026-05-06 10:52:02  WARNING       ptyorgid='A0171033': could not resolve province from postal '00000' — left as 'CN'
2026-05-06 10:52:02  WARNING       ptyorgid='A0171082': could not resolve province from postal '00000' — left as 'CN'
2026-05-06 10:52:02  WARNING       ptyorgid='A0171476': could not resolve province from postal '00000' — left as 'CN'
2026-05-06 10:52:02  WARNING       ptyorgid='A0171757': could not resolve province from postal '00000' — left as 'CN'
2026-05-06 10:52:02  WARNING       ptyorgid='A0171763': could not resolve province from postal '00000' — left as 'CN'
2026-05-06 10:52:02  WARNING       ptyorgid='A0171960': could not resolve province from postal '00 000' — left as 'CN'
2026-05-06 10:52:02  WARNING       ptyorgid='A0172678': could not resolve province from postal '00000' — left as 'CN'
2026-05-06 10:52:02  WARNING       ptyorgid='A0172816': could not resolve province from postal '00000' — left as 'CN'
2026-05-06 10:52:02  WARNING       ptyorgid='A0172936': could not resolve province from postal '7G 2B6' — left as 'CN'
2026-05-06 10:52:02  WARNING       ptyorgid='A0173513': could not resolve province from postal '00000' — left as 'CN'
2026-05-06 10:52:02  WARNING       ptyorgid='A0173796': could not resolve province from postal '00000' — left as 'CN'
2026-05-06 10:52:02  WARNING       ptyorgid='A0174698': could not resolve province from postal '00000' — left as 'CN'
2026-05-06 10:52:02  WARNING       ptyorgid='A0175436': could not resolve province from postal '00000' — left as 'CN'
2026-05-06 10:52:02  WARNING       ptyorgid='A0175630': could not resolve province from postal '00000' — left as 'CN'
2026-05-06 10:52:02  WARNING       ptyorgid='A0176258': could not resolve province from postal '00000' — left as 'CN'
2026-05-06 10:52:02  WARNING       ptyorgid='A0177069': could not resolve province from postal '00000' — left as 'CN'
2026-05-06 10:52:02  WARNING       ptyorgid='A0177224': could not resolve province from postal '00000' — left as 'CN'
2026-05-06 10:52:02  WARNING       ptyorgid='A0177465': could not resolve province from postal '00000' — left as 'CN'
2026-05-06 10:52:02  WARNING       ptyorgid='A0178830': could not resolve province from postal '00000' — left as 'CN'
2026-05-06 10:52:02  WARNING       ptyorgid='A0178918': could not resolve province from postal '00000' — left as 'CN'
2026-05-06 10:52:02  WARNING       ptyorgid='A0179231': could not resolve province from postal '00000' — left as 'CN'
2026-05-06 10:52:02  WARNING       ptyorgid='A0179298': could not resolve province from postal '8' — left as 'CN'
2026-05-06 10:52:02  WARNING       ptyorgid='A0179402': could not resolve province from postal '00000' — left as 'CN'
2026-05-06 10:52:02  WARNING       ptyorgid='A0180201': could not resolve province from postal '00000' — left as 'CN'
2026-05-06 10:52:02  WARNING       ptyorgid='A0180226': could not resolve province from postal '00000' — left as 'CN'
2026-05-06 10:52:02  WARNING       ptyorgid='A0180770': could not resolve province from postal '00000' — left as 'CN'
2026-05-06 10:52:02  WARNING       ptyorgid='A0180940': could not resolve province from postal '00000' — left as 'CN'
2026-05-06 10:52:02  WARNING       ptyorgid='A0181224': could not resolve province from postal '00000' — left as 'CN'
2026-05-06 10:52:02  WARNING       ptyorgid='A0181295': could not resolve province from postal '00000' — left as 'CN'
2026-05-06 10:52:02  WARNING       ptyorgid='A0181383': could not resolve province from postal '00000' — left as 'CN'
2026-05-06 10:52:02  WARNING       ptyorgid='A0181411': could not resolve province from postal '000000' — left as 'CN'
2026-05-06 10:52:02  WARNING       ptyorgid='A0182002': could not resolve province from postal '00000' — left as 'CN'
2026-05-06 10:52:02  WARNING       ptyorgid='A0182255': could not resolve province from postal '00000' — left as 'CN'
2026-05-06 10:52:02  WARNING       ptyorgid='A0182565': could not resolve province from postal '00000' — left as 'CN'
2026-05-06 10:52:02  WARNING       ptyorgid='A0183336': could not resolve province from postal '00000' — left as 'CN'
2026-05-06 10:52:02  WARNING       ptyorgid='A0183338': could not resolve province from postal '00000' — left as 'CN'
2026-05-06 10:52:02  WARNING       ptyorgid='A0183785': could not resolve province from postal '00000' — left as 'CN'
2026-05-06 10:52:02  WARNING       ptyorgid='A0184234': could not resolve province from postal '00000' — left as 'CN'
2026-05-06 10:52:02  WARNING       ptyorgid='A0184743': could not resolve province from postal '00000' — left as 'CN'
2026-05-06 10:52:02  WARNING       ptyorgid='A0184778': could not resolve province from postal '00000' — left as 'CN'
2026-05-06 10:52:02  WARNING       ptyorgid='A0184881': could not resolve province from postal '00000' — left as 'CN'
2026-05-06 10:52:02  WARNING       ptyorgid='A0185322': could not resolve province from postal '00000' — left as 'CN'
2026-05-06 10:52:02  WARNING       ptyorgid='A0185443': could not resolve province from postal '00000' — left as 'CN'
2026-05-06 10:52:02  WARNING       ptyorgid='A0185946': could not resolve province from postal '00000' — left as 'CN'
2026-05-06 10:52:02  WARNING       ptyorgid='A0186990': could not resolve province from postal '00000' — left as 'CN'
2026-05-06 10:52:02  WARNING       ptyorgid='A0187030': could not resolve province from postal '00000' — left as 'CN'
2026-05-06 10:52:02  WARNING       ptyorgid='A0187448': could not resolve province from postal '00000' — left as 'CN'
2026-05-06 10:52:02  WARNING       ptyorgid='A0187607': could not resolve province from postal '00000' — left as 'CN'
2026-05-06 10:52:02  WARNING       ptyorgid='A0193484': could not resolve province from postal '00000' — left as 'CN'
2026-05-06 10:52:02  WARNING       ptyorgid='A0195209': could not resolve province from postal '00000' — left as 'CN'
2026-05-06 10:52:02  WARNING       ptyorgid='A0197483': could not resolve province from postal '00000' — left as 'CN'
2026-05-06 10:52:02  WARNING       ptyorgid='A0199676': could not resolve province from postal '00000' — left as 'CN'
2026-05-06 10:52:02  INFO          → 2,146 resolved, 115 unresolved (kept as CN)
2026-05-06 10:52:02  INFO        Tagged CSCD → CA: 2,146  US: 47,854
2026-05-06 10:52:03  INFO        ✓ 150000 to 200000_Syndigo_Data_Migration_Organization.csv: 50,000 new rows, 0 updated
2026-05-06 10:52:03  INFO      Reading: /Users/ericpronovost/Doppio/input/200000 to 250000_Syndigo_Data_Migration_Organization.csv
2026-05-06 10:52:03  INFO        → 50,000 rows, 216 columns
2026-05-06 10:52:03  INFO        Resolving 1,213 Canadian province code(s) from postal codes …
2026-05-06 10:52:04  WARNING       ptyorgid='A0200495': could not resolve province from postal '00000' — left as 'CN'
2026-05-06 10:52:04  WARNING       ptyorgid='A0200651': could not resolve province from postal '00000' — left as 'CN'
2026-05-06 10:52:04  WARNING       ptyorgid='A0201187': could not resolve province from postal '00000' — left as 'CN'
2026-05-06 10:52:04  WARNING       ptyorgid='A0201192': could not resolve province from postal '00000' — left as 'CN'
2026-05-06 10:52:04  WARNING       ptyorgid='A0201214': could not resolve province from postal '00000' — left as 'CN'
2026-05-06 10:52:04  WARNING       ptyorgid='A0201261': could not resolve province from postal '00000' — left as 'CN'
2026-05-06 10:52:04  WARNING       ptyorgid='A0201397': could not resolve province from postal '00000' — left as 'CN'
2026-05-06 10:52:04  WARNING       ptyorgid='A0201490': could not resolve province from postal '2H 7C5' — left as 'CN'
2026-05-06 10:52:04  WARNING       ptyorgid='A0201811': could not resolve province from postal '00000' — left as 'CN'
2026-05-06 10:52:04  WARNING       ptyorgid='A0201856': could not resolve province from postal '00000' — left as 'CN'
2026-05-06 10:52:04  WARNING       ptyorgid='A0201912': could not resolve province from postal '00000' — left as 'CN'
2026-05-06 10:52:04  WARNING       ptyorgid='A0202325': could not resolve province from postal '00000' — left as 'CN'
2026-05-06 10:52:04  WARNING       ptyorgid='A0202369': could not resolve province from postal '00000' — left as 'CN'
2026-05-06 10:52:04  WARNING       ptyorgid='A0202811': could not resolve province from postal '00000' — left as 'CN'
2026-05-06 10:52:04  WARNING       ptyorgid='A0203137': could not resolve province from postal '00000' — left as 'CN'
2026-05-06 10:52:04  WARNING       ptyorgid='A0203189': could not resolve province from postal '00000' — left as 'CN'
2026-05-06 10:52:04  WARNING       ptyorgid='A0203194': could not resolve province from postal '00000' — left as 'CN'
2026-05-06 10:52:04  WARNING       ptyorgid='A0203533': could not resolve province from postal '00000' — left as 'CN'
2026-05-06 10:52:04  WARNING       ptyorgid='A0203695': could not resolve province from postal '00000' — left as 'CN'
2026-05-06 10:52:04  WARNING       ptyorgid='A0203744': could not resolve province from postal '00000' — left as 'CN'
2026-05-06 10:52:04  WARNING       ptyorgid='A0203839': could not resolve province from postal '00000' — left as 'CN'
2026-05-06 10:52:04  WARNING       ptyorgid='A0204029': could not resolve province from postal '00000' — left as 'CN'
2026-05-06 10:52:04  WARNING       ptyorgid='A0204081': could not resolve province from postal '00000' — left as 'CN'
2026-05-06 10:52:04  WARNING       ptyorgid='A0204082': could not resolve province from postal '00000' — left as 'CN'
2026-05-06 10:52:04  WARNING       ptyorgid='A0204083': could not resolve province from postal '00000' — left as 'CN'
2026-05-06 10:52:04  WARNING       ptyorgid='A0204093': could not resolve province from postal '00000' — left as 'CN'
2026-05-06 10:52:04  WARNING       ptyorgid='A0204266': could not resolve province from postal '00000' — left as 'CN'
2026-05-06 10:52:04  WARNING       ptyorgid='A0204296': could not resolve province from postal '00000' — left as 'CN'
2026-05-06 10:52:04  WARNING       ptyorgid='A0204482': could not resolve province from postal '00000' — left as 'CN'
2026-05-06 10:52:04  WARNING       ptyorgid='A0204591': could not resolve province from postal '1N 3W4' — left as 'CN'
2026-05-06 10:52:04  WARNING       ptyorgid='A0204600': could not resolve province from postal '00000' — left as 'CN'
2026-05-06 10:52:04  WARNING       ptyorgid='A0204993': could not resolve province from postal '00000' — left as 'CN'
2026-05-06 10:52:04  WARNING       ptyorgid='A0205198': could not resolve province from postal '00000' — left as 'CN'
2026-05-06 10:52:04  WARNING       ptyorgid='A0205464': could not resolve province from postal '00000' — left as 'CN'
2026-05-06 10:52:04  WARNING       ptyorgid='A0206159': could not resolve province from postal '00000' — left as 'CN'
2026-05-06 10:52:04  WARNING       ptyorgid='A0206695': could not resolve province from postal '00000' — left as 'CN'
2026-05-06 10:52:04  WARNING       ptyorgid='A0206753': could not resolve province from postal '00000' — left as 'CN'
2026-05-06 10:52:04  WARNING       ptyorgid='A0206758': could not resolve province from postal '00000' — left as 'CN'
2026-05-06 10:52:04  WARNING       ptyorgid='A0206762': could not resolve province from postal '00000' — left as 'CN'
2026-05-06 10:52:04  WARNING       ptyorgid='A0206771': could not resolve province from postal '00000' — left as 'CN'
2026-05-06 10:52:04  WARNING       ptyorgid='A0206903': could not resolve province from postal '00000' — left as 'CN'
2026-05-06 10:52:04  WARNING       ptyorgid='A0207134': could not resolve province from postal '00000' — left as 'CN'
2026-05-06 10:52:04  WARNING       ptyorgid='A0207402': could not resolve province from postal '00000' — left as 'CN'
2026-05-06 10:52:04  WARNING       ptyorgid='A0207558': could not resolve province from postal '00000' — left as 'CN'
2026-05-06 10:52:04  WARNING       ptyorgid='A0207576': could not resolve province from postal 'IL 3Z5' — left as 'CN'
2026-05-06 10:52:04  WARNING       ptyorgid='A0207760': could not resolve province from postal '00000' — left as 'CN'
2026-05-06 10:52:04  WARNING       ptyorgid='A0208036': could not resolve province from postal '00000' — left as 'CN'
2026-05-06 10:52:04  WARNING       ptyorgid='A0208094': could not resolve province from postal '00000' — left as 'CN'
2026-05-06 10:52:04  WARNING       ptyorgid='A0208641': could not resolve province from postal '00000' — left as 'CN'
2026-05-06 10:52:04  WARNING       ptyorgid='A0208784': could not resolve province from postal '00000' — left as 'CN'
2026-05-06 10:52:04  WARNING       ptyorgid='A0208956': could not resolve province from postal '4L 1A5' — left as 'CN'
2026-05-06 10:52:04  WARNING       ptyorgid='A0208960': could not resolve province from postal '8N 0C5' — left as 'CN'
2026-05-06 10:52:04  WARNING       ptyorgid='A0209205': could not resolve province from postal '00000' — left as 'CN'
2026-05-06 10:52:04  WARNING       ptyorgid='A0209259': could not resolve province from postal '00000' — left as 'CN'
2026-05-06 10:52:04  WARNING       ptyorgid='A0209332': could not resolve province from postal '00000' — left as 'CN'
2026-05-06 10:52:04  WARNING       ptyorgid='A0209334': could not resolve province from postal '00000' — left as 'CN'
2026-05-06 10:52:04  WARNING       ptyorgid='A0209396': could not resolve province from postal '00000' — left as 'CN'
2026-05-06 10:52:04  WARNING       ptyorgid='A0209444': could not resolve province from postal '7A 2Y6' — left as 'CN'
2026-05-06 10:52:04  WARNING       ptyorgid='A0209445': could not resolve province from postal '4L 2E5' — left as 'CN'
2026-05-06 10:52:04  WARNING       ptyorgid='A0209450': could not resolve province from postal '4R 1H7' — left as 'CN'
2026-05-06 10:52:04  WARNING       ptyorgid='A0209451': could not resolve province from postal '0J 2A0' — left as 'CN'
2026-05-06 10:52:04  WARNING       ptyorgid='A0209541': could not resolve province from postal '0C 2J0' — left as 'CN'
2026-05-06 10:52:04  WARNING       ptyorgid='A0209550': could not resolve province from postal '0A 0Y0' — left as 'CN'
2026-05-06 10:52:04  WARNING       ptyorgid='A0209551': could not resolve province from postal '2A 5T8' — left as 'CN'
2026-05-06 10:52:04  WARNING       ptyorgid='A0209982': could not resolve province from postal '00000' — left as 'CN'
2026-05-06 10:52:04  WARNING       ptyorgid='A0210042': could not resolve province from postal '00000' — left as 'CN'
2026-05-06 10:52:04  WARNING       ptyorgid='A0210052': could not resolve province from postal '0K 0M0' — left as 'CN'
2026-05-06 10:52:04  WARNING       ptyorgid='A0210393': could not resolve province from postal '00000' — left as 'CN'
2026-05-06 10:52:04  WARNING       ptyorgid='A0210415': could not resolve province from postal '00000' — left as 'CN'
2026-05-06 10:52:04  WARNING       ptyorgid='A0210802': could not resolve province from postal '00000' — left as 'CN'
2026-05-06 10:52:04  WARNING       ptyorgid='A0210837': could not resolve province from postal '00000' — left as 'CN'
2026-05-06 10:52:04  WARNING       ptyorgid='A0210921': could not resolve province from postal '00000' — left as 'CN'
2026-05-06 10:52:04  WARNING       ptyorgid='A0211362': could not resolve province from postal '00000' — left as 'CN'
2026-05-06 10:52:04  WARNING       ptyorgid='A0211452': could not resolve province from postal '00000' — left as 'CN'
2026-05-06 10:52:04  WARNING       ptyorgid='A0211475': could not resolve province from postal '00000' — left as 'CN'
2026-05-06 10:52:04  WARNING       ptyorgid='A0211688': could not resolve province from postal '00000' — left as 'CN'
2026-05-06 10:52:04  WARNING       ptyorgid='A0212202': could not resolve province from postal '00000' — left as 'CN'
2026-05-06 10:52:04  WARNING       ptyorgid='A0212212': could not resolve province from postal '00000' — left as 'CN'
2026-05-06 10:52:04  WARNING       ptyorgid='A0212854': could not resolve province from postal '00000' — left as 'CN'
2026-05-06 10:52:04  WARNING       ptyorgid='A0214043': could not resolve province from postal '00000' — left as 'CN'
2026-05-06 10:52:04  WARNING       ptyorgid='A0214774': could not resolve province from postal '00000' — left as 'CN'
2026-05-06 10:52:04  WARNING       ptyorgid='A0215446': could not resolve province from postal '73B1N5' — left as 'CN'
2026-05-06 10:52:04  WARNING       ptyorgid='A0215508': could not resolve province from postal '00000' — left as 'CN'
2026-05-06 10:52:04  WARNING       ptyorgid='A0216033': could not resolve province from postal '00000' — left as 'CN'
2026-05-06 10:52:04  WARNING       ptyorgid='A0216584': could not resolve province from postal '00000' — left as 'CN'
2026-05-06 10:52:04  WARNING       ptyorgid='A0216867': could not resolve province from postal '00000' — left as 'CN'
2026-05-06 10:52:04  WARNING       ptyorgid='A0217132': could not resolve province from postal '00000' — left as 'CN'
2026-05-06 10:52:04  WARNING       ptyorgid='A0218413': could not resolve province from postal '00000' — left as 'CN'
2026-05-06 10:52:04  WARNING       ptyorgid='A0218662': could not resolve province from postal '00000' — left as 'CN'
2026-05-06 10:52:04  WARNING       ptyorgid='A0218976': could not resolve province from postal '00000' — left as 'CN'
2026-05-06 10:52:04  WARNING       ptyorgid='A0219380': could not resolve province from postal '00000' — left as 'CN'
2026-05-06 10:52:04  WARNING       ptyorgid='A0219480': could not resolve province from postal '00000' — left as 'CN'
2026-05-06 10:52:04  WARNING       ptyorgid='A0220253': could not resolve province from postal '00000' — left as 'CN'
2026-05-06 10:52:04  WARNING       ptyorgid='A0222586': could not resolve province from postal '00000' — left as 'CN'
2026-05-06 10:52:04  WARNING       ptyorgid='A0222816': could not resolve province from postal '00000' — left as 'CN'
2026-05-06 10:52:04  WARNING       ptyorgid='A0223909': could not resolve province from postal '94P3V7' — left as 'CN'
2026-05-06 10:52:04  WARNING       ptyorgid='A0224963': could not resolve province from postal '00000' — left as 'CN'
2026-05-06 10:52:04  WARNING       ptyorgid='A0233496': could not resolve province from postal '00000' — left as 'CN'
2026-05-06 10:52:04  WARNING       ptyorgid='A0233658': could not resolve province from postal '00000' — left as 'CN'
2026-05-06 10:52:04  WARNING       ptyorgid='A0234041': could not resolve province from postal '00000' — left as 'CN'
2026-05-06 10:52:04  WARNING       ptyorgid='A0235578': could not resolve province from postal '' — left as 'CN'
2026-05-06 10:52:04  INFO          → 1,112 resolved, 101 unresolved (kept as CN)
2026-05-06 10:52:04  INFO        Tagged CSCD → CA: 1,112  US: 48,888
2026-05-06 10:52:05  INFO        ✓ 200000 to 250000_Syndigo_Data_Migration_Organization.csv: 50,000 new rows, 0 updated
2026-05-06 10:52:05  INFO      Reading: /Users/ericpronovost/Doppio/input/250000 to 300000_Syndigo_Data_Migration_Organization.csv
2026-05-06 10:52:05  INFO        → 50,000 rows, 216 columns
2026-05-06 10:52:05  INFO        Resolving 857 Canadian province code(s) from postal codes …
2026-05-06 10:52:05  INFO          → 857 resolved, 0 unresolved (kept as CN)
2026-05-06 10:52:06  INFO        Tagged CSCD → CA: 860  US: 49,140
2026-05-06 10:52:07  INFO        ✓ 250000 to 300000_Syndigo_Data_Migration_Organization.csv: 50,000 new rows, 0 updated
2026-05-06 10:52:07  INFO      Reading: /Users/ericpronovost/Doppio/input/300000 to 350000_Syndigo_Data_Migration_Organization.csv
2026-05-06 10:52:07  INFO        → 50,000 rows, 216 columns
2026-05-06 10:52:07  INFO        Resolving 1,576 Canadian province code(s) from postal codes …
2026-05-06 10:52:08  WARNING       ptyorgid='A0348451': could not resolve province from postal '00000' — left as 'CN'
2026-05-06 10:52:08  WARNING       ptyorgid='A0348691': could not resolve province from postal '3Y 1S4' — left as 'CN'
2026-05-06 10:52:08  WARNING       ptyorgid='A0348970': could not resolve province from postal '00000' — left as 'CN'
2026-05-06 10:52:08  WARNING       ptyorgid='A0348971': could not resolve province from postal '00000' — left as 'CN'
2026-05-06 10:52:08  WARNING       ptyorgid='A0349208': could not resolve province from postal '' — left as 'CN'
2026-05-06 10:52:08  WARNING       ptyorgid='A0349974': could not resolve province from postal '00000' — left as 'CN'
2026-05-06 10:52:08  INFO          → 1,570 resolved, 6 unresolved (kept as CN)
2026-05-06 10:52:08  INFO        Tagged CSCD → CA: 1,572  US: 48,428
2026-05-06 10:52:09  INFO        ✓ 300000 to 350000_Syndigo_Data_Migration_Organization.csv: 50,000 new rows, 0 updated
2026-05-06 10:52:09  INFO      Reading: /Users/ericpronovost/Doppio/input/350000 to 400000_Syndigo_Data_Migration_Organization.csv
2026-05-06 10:52:10  INFO        → 50,000 rows, 216 columns
2026-05-06 10:52:10  INFO        Resolving 2,700 Canadian province code(s) from postal codes …
2026-05-06 10:52:10  WARNING       ptyorgid='A0350406': could not resolve province from postal '00000' — left as 'CN'
2026-05-06 10:52:10  WARNING       ptyorgid='A0350469': could not resolve province from postal '00000' — left as 'CN'
2026-05-06 10:52:10  WARNING       ptyorgid='A0350849': could not resolve province from postal '00000' — left as 'CN'
2026-05-06 10:52:10  WARNING       ptyorgid='A0350865': could not resolve province from postal '00000' — left as 'CN'
2026-05-06 10:52:10  WARNING       ptyorgid='A0351105': could not resolve province from postal '00000' — left as 'CN'
2026-05-06 10:52:10  WARNING       ptyorgid='A0351159': could not resolve province from postal '00000' — left as 'CN'
2026-05-06 10:52:10  WARNING       ptyorgid='A0351349': could not resolve province from postal '00000' — left as 'CN'
2026-05-06 10:52:10  WARNING       ptyorgid='A0351393': could not resolve province from postal '00000' — left as 'CN'
2026-05-06 10:52:10  WARNING       ptyorgid='A0364328': could not resolve province from postal '00000' — left as 'CN'
2026-05-06 10:52:10  WARNING       ptyorgid='A0364783': could not resolve province from postal '00000' — left as 'CN'
2026-05-06 10:52:10  WARNING       ptyorgid='A0365209': could not resolve province from postal '00000' — left as 'CN'
2026-05-06 10:52:10  WARNING       ptyorgid='A0365210': could not resolve province from postal '00000' — left as 'CN'
2026-05-06 10:52:10  WARNING       ptyorgid='A0365269': could not resolve province from postal '00000' — left as 'CN'
2026-05-06 10:52:10  WARNING       ptyorgid='A0365737': could not resolve province from postal '00000' — left as 'CN'
2026-05-06 10:52:10  WARNING       ptyorgid='A0366011': could not resolve province from postal '00000' — left as 'CN'
2026-05-06 10:52:10  WARNING       ptyorgid='A0366013': could not resolve province from postal '00000' — left as 'CN'
2026-05-06 10:52:10  WARNING       ptyorgid='A0366023': could not resolve province from postal '00000' — left as 'CN'
2026-05-06 10:52:10  WARNING       ptyorgid='A0366037': could not resolve province from postal '9X 1G2' — left as 'CN'
2026-05-06 10:52:10  WARNING       ptyorgid='A0366453': could not resolve province from postal '3A 8B8' — left as 'CN'
2026-05-06 10:52:10  WARNING       ptyorgid='A0366455': could not resolve province from postal '3C 3T2' — left as 'CN'
2026-05-06 10:52:10  WARNING       ptyorgid='A0366734': could not resolve province from postal '00000' — left as 'CN'
2026-05-06 10:52:10  WARNING       ptyorgid='A0366902': could not resolve province from postal '00000' — left as 'CN'
2026-05-06 10:52:10  WARNING       ptyorgid='A0367294': could not resolve province from postal '00000' — left as 'CN'
2026-05-06 10:52:10  WARNING       ptyorgid='A0367336': could not resolve province from postal '00000' — left as 'CN'
2026-05-06 10:52:10  WARNING       ptyorgid='A0367341': could not resolve province from postal '00000' — left as 'CN'
2026-05-06 10:52:10  WARNING       ptyorgid='A0367348': could not resolve province from postal '00000' — left as 'CN'
2026-05-06 10:52:10  WARNING       ptyorgid='A0367771': could not resolve province from postal '00000' — left as 'CN'
2026-05-06 10:52:10  WARNING       ptyorgid='A0367780': could not resolve province from postal '00000' — left as 'CN'
2026-05-06 10:52:10  WARNING       ptyorgid='A0367837': could not resolve province from postal '00000' — left as 'CN'
2026-05-06 10:52:10  WARNING       ptyorgid='A0368220': could not resolve province from postal '00000' — left as 'CN'
2026-05-06 10:52:10  INFO          → 2,670 resolved, 30 unresolved (kept as CN)
2026-05-06 10:52:10  INFO        Tagged CSCD → CA: 2,670  US: 47,330
2026-05-06 10:52:11  INFO        ✓ 350000 to 400000_Syndigo_Data_Migration_Organization.csv: 50,000 new rows, 0 updated
2026-05-06 10:52:11  INFO      Reading: /Users/ericpronovost/Doppio/input/400000 to 450000_Syndigo_Data_Migration_Organization.csv
2026-05-06 10:52:12  INFO        → 50,000 rows, 216 columns
2026-05-06 10:52:12  INFO        Tagged CSCD → CA: 0  US: 50,000
2026-05-06 10:52:13  INFO        ✓ 400000 to 450000_Syndigo_Data_Migration_Organization.csv: 50,000 new rows, 0 updated
2026-05-06 10:52:13  INFO      Reading: /Users/ericpronovost/Doppio/input/450000 to 500000_Syndigo_Data_Migration_Organization.csv
2026-05-06 10:52:14  INFO        → 50,000 rows, 216 columns
2026-05-06 10:52:14  INFO        Tagged CSCD → CA: 0  US: 50,000
2026-05-06 10:52:16  INFO        ✓ 450000 to 500000_Syndigo_Data_Migration_Organization.csv: 50,000 new rows, 0 updated
2026-05-06 10:52:16  INFO      Reading: /Users/ericpronovost/Doppio/input/50000 to 100000_Syndigo_Data_Migration_Organization.csv
2026-05-06 10:52:16  INFO        → 50,000 rows, 216 columns
2026-05-06 10:52:16  INFO        Resolving 5,316 Canadian province code(s) from postal codes …
2026-05-06 10:52:16  WARNING       ptyorgid='A0051213': could not resolve province from postal '00000' — left as 'CN'
2026-05-06 10:52:16  WARNING       ptyorgid='A0051414': could not resolve province from postal '00000' — left as 'CN'
2026-05-06 10:52:16  WARNING       ptyorgid='A0053067': could not resolve province from postal '00000' — left as 'CN'
2026-05-06 10:52:16  WARNING       ptyorgid='A0053321': could not resolve province from postal '00000' — left as 'CN'
2026-05-06 10:52:16  WARNING       ptyorgid='A0053424': could not resolve province from postal '00000' — left as 'CN'
2026-05-06 10:52:16  WARNING       ptyorgid='A0053860': could not resolve province from postal '00000' — left as 'CN'
2026-05-06 10:52:16  WARNING       ptyorgid='A0058775': could not resolve province from postal '00000' — left as 'CN'
2026-05-06 10:52:16  WARNING       ptyorgid='A0058868': could not resolve province from postal '00000' — left as 'CN'
2026-05-06 10:52:16  WARNING       ptyorgid='A0058968': could not resolve province from postal '00000' — left as 'CN'
2026-05-06 10:52:16  WARNING       ptyorgid='A0059128': could not resolve province from postal '00000' — left as 'CN'
2026-05-06 10:52:16  WARNING       ptyorgid='A0059381': could not resolve province from postal '00000' — left as 'CN'
2026-05-06 10:52:16  WARNING       ptyorgid='A0061607': could not resolve province from postal '00000' — left as 'CN'
2026-05-06 10:52:16  WARNING       ptyorgid='A0062380': could not resolve province from postal '00000' — left as 'CN'
2026-05-06 10:52:16  WARNING       ptyorgid='A0064350': could not resolve province from postal '00000' — left as 'CN'
2026-05-06 10:52:16  WARNING       ptyorgid='A0064454': could not resolve province from postal '00000' — left as 'CN'
2026-05-06 10:52:16  WARNING       ptyorgid='A0068626': could not resolve province from postal '00000' — left as 'CN'
2026-05-06 10:52:16  WARNING       ptyorgid='A0069236': could not resolve province from postal '00000' — left as 'CN'
2026-05-06 10:52:16  WARNING       ptyorgid='A0069337': could not resolve province from postal '00000' — left as 'CN'
2026-05-06 10:52:16  WARNING       ptyorgid='A0072166': could not resolve province from postal '00000' — left as 'CN'
2026-05-06 10:52:16  WARNING       ptyorgid='A0072954': could not resolve province from postal '00000' — left as 'CN'
2026-05-06 10:52:16  WARNING       ptyorgid='A0073448': could not resolve province from postal '00000' — left as 'CN'
2026-05-06 10:52:16  WARNING       ptyorgid='A0074715': could not resolve province from postal '00000' — left as 'CN'
2026-05-06 10:52:16  WARNING       ptyorgid='A0075096': could not resolve province from postal '00000' — left as 'CN'
2026-05-06 10:52:16  WARNING       ptyorgid='A0075383': could not resolve province from postal '00000' — left as 'CN'
2026-05-06 10:52:16  WARNING       ptyorgid='A0076233': could not resolve province from postal '00000' — left as 'CN'
2026-05-06 10:52:16  WARNING       ptyorgid='A0077816': could not resolve province from postal '00000' — left as 'CN'
2026-05-06 10:52:16  WARNING       ptyorgid='A0077905': could not resolve province from postal '00000' — left as 'CN'
2026-05-06 10:52:16  WARNING       ptyorgid='A0078335': could not resolve province from postal '00000' — left as 'CN'
2026-05-06 10:52:16  WARNING       ptyorgid='A0079443': could not resolve province from postal '00000' — left as 'CN'
2026-05-06 10:52:16  WARNING       ptyorgid='A0079652': could not resolve province from postal '00000' — left as 'CN'
2026-05-06 10:52:16  WARNING       ptyorgid='A0084155': could not resolve province from postal '00000' — left as 'CN'
2026-05-06 10:52:16  WARNING       ptyorgid='A0084187': could not resolve province from postal '00000' — left as 'CN'
2026-05-06 10:52:16  WARNING       ptyorgid='A0084657': could not resolve province from postal '00000' — left as 'CN'
2026-05-06 10:52:16  WARNING       ptyorgid='A0084674': could not resolve province from postal '00000' — left as 'CN'
2026-05-06 10:52:16  WARNING       ptyorgid='A0085749': could not resolve province from postal '00000' — left as 'CN'
2026-05-06 10:52:16  WARNING       ptyorgid='A0087699': could not resolve province from postal '00000' — left as 'CN'
2026-05-06 10:52:16  WARNING       ptyorgid='A0087738': could not resolve province from postal '00000' — left as 'CN'
2026-05-06 10:52:16  WARNING       ptyorgid='A0087795': could not resolve province from postal '00000' — left as 'CN'
2026-05-06 10:52:16  WARNING       ptyorgid='A0087939': could not resolve province from postal '57N1N5' — left as 'CN'
2026-05-06 10:52:16  WARNING       ptyorgid='A0088043': could not resolve province from postal '00000' — left as 'CN'
2026-05-06 10:52:16  WARNING       ptyorgid='A0088810': could not resolve province from postal '00000' — left as 'CN'
2026-05-06 10:52:16  WARNING       ptyorgid='A0090408': could not resolve province from postal '00000' — left as 'CN'
2026-05-06 10:52:16  WARNING       ptyorgid='A0090831': could not resolve province from postal '00000' — left as 'CN'
2026-05-06 10:52:16  WARNING       ptyorgid='A0091304': could not resolve province from postal '00000' — left as 'CN'
2026-05-06 10:52:16  WARNING       ptyorgid='A0091415': could not resolve province from postal '00000' — left as 'CN'
2026-05-06 10:52:16  WARNING       ptyorgid='A0091611': could not resolve province from postal '00000' — left as 'CN'
2026-05-06 10:52:16  WARNING       ptyorgid='A0091784': could not resolve province from postal '00000' — left as 'CN'
2026-05-06 10:52:16  WARNING       ptyorgid='A0094784': could not resolve province from postal '00000' — left as 'CN'
2026-05-06 10:52:16  WARNING       ptyorgid='A0094813': could not resolve province from postal '00000' — left as 'CN'
2026-05-06 10:52:16  WARNING       ptyorgid='A0095341': could not resolve province from postal '00000' — left as 'CN'
2026-05-06 10:52:16  WARNING       ptyorgid='A0096874': could not resolve province from postal '00000' — left as 'CN'
2026-05-06 10:52:16  WARNING       ptyorgid='A0098533': could not resolve province from postal '00000' — left as 'CN'
2026-05-06 10:52:16  WARNING       ptyorgid='A0098686': could not resolve province from postal '00000' — left as 'CN'
2026-05-06 10:52:16  WARNING       ptyorgid='A0099247': could not resolve province from postal '00000' — left as 'CN'
2026-05-06 10:52:16  WARNING       ptyorgid='A0099543': could not resolve province from postal '00000' — left as 'CN'
2026-05-06 10:52:16  WARNING       ptyorgid='A0099631': could not resolve province from postal '00000' — left as 'CN'
2026-05-06 10:52:16  INFO          → 5,260 resolved, 56 unresolved (kept as CN)
2026-05-06 10:52:17  INFO        Tagged CSCD → CA: 5,260  US: 44,740
2026-05-06 10:52:18  INFO        ✓ 50000 to 100000_Syndigo_Data_Migration_Organization.csv: 50,000 new rows, 0 updated
2026-05-06 10:52:18  INFO      Reading: /Users/ericpronovost/Doppio/input/500000 to 550000_Syndigo_Data_Migration_Organization.csv
2026-05-06 10:52:19  INFO        → 50,000 rows, 216 columns
2026-05-06 10:52:19  INFO        Tagged CSCD → CA: 0  US: 50,000
2026-05-06 10:52:20  INFO        ✓ 500000 to 550000_Syndigo_Data_Migration_Organization.csv: 50,000 new rows, 0 updated
2026-05-06 10:52:20  INFO      ────────────────────────────────────────────────────────────
2026-05-06 10:52:20  INFO      Done. Total new: 550,000  |  Total updated: 0
2026-05-22 10:03:42  INFO      ============================================================
2026-05-22 10:03:42  INFO      HJ_Syndigo_Organization  —  CRS610MI.Add + ChgFinancial + ChgOrderInfo
2026-05-22 10:03:42  INFO      ============================================================
2026-05-22 10:03:42  INFO      Found 11 CSV file(s)
2026-05-22 10:03:42  INFO      Target database : /Users/ericpronovost/sqlite/doppio.db
2026-05-22 10:03:42  INFO      Target table    : SyndigoOrg
2026-05-22 10:03:42  INFO      Reading: /Users/ericpronovost/Doppio/input/0 to 50000_Syndigo_Data_Migration_Organization.csv
2026-05-22 10:03:42  INFO        → 50,000 rows, 216 columns
2026-05-22 10:03:42  INFO        Resolving 3,159 Canadian province code(s) from postal codes …
2026-05-22 10:03:42  WARNING       ptyorgid='A0005612': could not resolve province from postal '00000' — left as 'CN'
2026-05-22 10:03:42  WARNING       ptyorgid='A0005701': could not resolve province from postal '00000' — left as 'CN'
2026-05-22 10:03:42  WARNING       ptyorgid='A0006628': could not resolve province from postal '00000' — left as 'CN'
2026-05-22 10:03:42  WARNING       ptyorgid='A0020215': could not resolve province from postal '00000' — left as 'CN'
2026-05-22 10:03:42  WARNING       ptyorgid='A0021257': could not resolve province from postal '00000' — left as 'CN'
2026-05-22 10:03:42  WARNING       ptyorgid='A0021576': could not resolve province from postal '00000' — left as 'CN'
2026-05-22 10:03:42  WARNING       ptyorgid='A0023598': could not resolve province from postal '00000' — left as 'CN'
2026-05-22 10:03:42  WARNING       ptyorgid='A0024145': could not resolve province from postal '00000' — left as 'CN'
2026-05-22 10:03:42  WARNING       ptyorgid='A0025565': could not resolve province from postal '00000' — left as 'CN'
2026-05-22 10:03:42  WARNING       ptyorgid='A0026864': could not resolve province from postal '00000' — left as 'CN'
2026-05-22 10:03:42  WARNING       ptyorgid='A0027952': could not resolve province from postal '00000' — left as 'CN'
2026-05-22 10:03:42  WARNING       ptyorgid='A0028701': could not resolve province from postal '00000' — left as 'CN'
2026-05-22 10:03:42  WARNING       ptyorgid='A0029939': could not resolve province from postal '00000' — left as 'CN'
2026-05-22 10:03:42  WARNING       ptyorgid='A0031395': could not resolve province from postal '00000' — left as 'CN'
2026-05-22 10:03:42  WARNING       ptyorgid='A0031860': could not resolve province from postal '00000' — left as 'CN'
2026-05-22 10:03:42  WARNING       ptyorgid='A0032176': could not resolve province from postal '00000' — left as 'CN'
2026-05-22 10:03:42  WARNING       ptyorgid='A0034120': could not resolve province from postal '00000' — left as 'CN'
2026-05-22 10:03:42  WARNING       ptyorgid='A0035007': could not resolve province from postal '00000' — left as 'CN'
2026-05-22 10:03:42  WARNING       ptyorgid='A0035355': could not resolve province from postal '00000' — left as 'CN'
2026-05-22 10:03:42  WARNING       ptyorgid='A0036372': could not resolve province from postal '00000' — left as 'CN'
2026-05-22 10:03:42  WARNING       ptyorgid='A0036912': could not resolve province from postal '00000' — left as 'CN'
2026-05-22 10:03:42  WARNING       ptyorgid='A0037582': could not resolve province from postal '00000' — left as 'CN'
2026-05-22 10:03:42  WARNING       ptyorgid='A0038061': could not resolve province from postal '00000' — left as 'CN'
2026-05-22 10:03:42  WARNING       ptyorgid='A0038249': could not resolve province from postal '00000' — left as 'CN'
2026-05-22 10:03:42  WARNING       ptyorgid='A0038354': could not resolve province from postal '00000' — left as 'CN'
2026-05-22 10:03:42  WARNING       ptyorgid='A0038895': could not resolve province from postal '00000' — left as 'CN'
2026-05-22 10:03:42  WARNING       ptyorgid='A0040111': could not resolve province from postal '00000' — left as 'CN'
2026-05-22 10:03:42  WARNING       ptyorgid='A0045250': could not resolve province from postal '00000' — left as 'CN'
2026-05-22 10:03:42  WARNING       ptyorgid='A0045348': could not resolve province from postal '00000' — left as 'CN'
2026-05-22 10:03:42  WARNING       ptyorgid='A0045369': could not resolve province from postal '00000' — left as 'CN'
2026-05-22 10:03:42  WARNING       ptyorgid='A0046089': could not resolve province from postal '00000' — left as 'CN'
2026-05-22 10:03:42  INFO          → 3,128 resolved, 31 unresolved (kept as CN)
2026-05-22 10:03:43  INFO        Tagged CSCD → CA: 3,128  US: 46,872
2026-05-22 10:03:44  INFO        ✓ 0 to 50000_Syndigo_Data_Migration_Organization.csv: 0 new rows, 50,000 updated
2026-05-22 10:03:44  INFO      Reading: /Users/ericpronovost/Doppio/input/100000 to 150000_Syndigo_Data_Migration_Organization.csv
2026-05-22 10:03:45  INFO        → 50,000 rows, 216 columns
2026-05-22 10:03:45  INFO        Resolving 5,120 Canadian province code(s) from postal codes …
2026-05-22 10:03:45  WARNING       ptyorgid='A0100816': could not resolve province from postal '00000' — left as 'CN'
2026-05-22 10:03:45  WARNING       ptyorgid='A0101278': could not resolve province from postal '00000' — left as 'CN'
2026-05-22 10:03:45  WARNING       ptyorgid='A0101927': could not resolve province from postal '00000' — left as 'CN'
2026-05-22 10:03:45  WARNING       ptyorgid='A0101949': could not resolve province from postal '00000' — left as 'CN'
2026-05-22 10:03:45  WARNING       ptyorgid='A0106951': could not resolve province from postal '00000' — left as 'CN'
2026-05-22 10:03:45  WARNING       ptyorgid='A0107409': could not resolve province from postal '00000' — left as 'CN'
2026-05-22 10:03:45  WARNING       ptyorgid='A0107715': could not resolve province from postal '00000' — left as 'CN'
2026-05-22 10:03:45  WARNING       ptyorgid='A0108888': could not resolve province from postal '00000' — left as 'CN'
2026-05-22 10:03:45  WARNING       ptyorgid='A0109462': could not resolve province from postal '00000' — left as 'CN'
2026-05-22 10:03:45  WARNING       ptyorgid='A0109478': could not resolve province from postal '00000' — left as 'CN'
2026-05-22 10:03:45  WARNING       ptyorgid='A0109994': could not resolve province from postal '00000' — left as 'CN'
2026-05-22 10:03:45  WARNING       ptyorgid='A0116824': could not resolve province from postal '00000' — left as 'CN'
2026-05-22 10:03:45  WARNING       ptyorgid='A0117359': could not resolve province from postal '00000' — left as 'CN'
2026-05-22 10:03:45  WARNING       ptyorgid='A0118633': could not resolve province from postal '00000' — left as 'CN'
2026-05-22 10:03:45  WARNING       ptyorgid='A0119221': could not resolve province from postal '00000' — left as 'CN'
2026-05-22 10:03:45  WARNING       ptyorgid='A0122620': could not resolve province from postal '00000' — left as 'CN'
2026-05-22 10:03:45  WARNING       ptyorgid='A0123570': could not resolve province from postal '00000' — left as 'CN'
2026-05-22 10:03:45  WARNING       ptyorgid='A0123826': could not resolve province from postal '00000' — left as 'CN'
2026-05-22 10:03:45  WARNING       ptyorgid='A0125600': could not resolve province from postal '00000' — left as 'CN'
2026-05-22 10:03:45  WARNING       ptyorgid='A0125833': could not resolve province from postal '00000' — left as 'CN'
2026-05-22 10:03:45  WARNING       ptyorgid='A0126018': could not resolve province from postal '00000' — left as 'CN'
2026-05-22 10:03:45  WARNING       ptyorgid='A0131508': could not resolve province from postal '00000' — left as 'CN'
2026-05-22 10:03:45  WARNING       ptyorgid='A0131658': could not resolve province from postal '00000' — left as 'CN'
2026-05-22 10:03:45  WARNING       ptyorgid='A0131754': could not resolve province from postal '00000' — left as 'CN'
2026-05-22 10:03:45  WARNING       ptyorgid='A0131778': could not resolve province from postal '00000' — left as 'CN'
2026-05-22 10:03:45  WARNING       ptyorgid='A0133802': could not resolve province from postal '00000' — left as 'CN'
2026-05-22 10:03:45  WARNING       ptyorgid='A0134551': could not resolve province from postal '00000' — left as 'CN'
2026-05-22 10:03:45  WARNING       ptyorgid='A0135067': could not resolve province from postal '00000' — left as 'CN'
2026-05-22 10:03:45  WARNING       ptyorgid='A0142457': could not resolve province from postal '00000' — left as 'CN'
2026-05-22 10:03:45  WARNING       ptyorgid='A0142919': could not resolve province from postal '00000' — left as 'CN'
2026-05-22 10:03:45  WARNING       ptyorgid='A0143249': could not resolve province from postal '00000' — left as 'CN'
2026-05-22 10:03:45  WARNING       ptyorgid='A0143833': could not resolve province from postal '00000' — left as 'CN'
2026-05-22 10:03:45  WARNING       ptyorgid='A0145813': could not resolve province from postal '00000' — left as 'CN'
2026-05-22 10:03:45  WARNING       ptyorgid='A0146301': could not resolve province from postal '00000' — left as 'CN'
2026-05-22 10:03:45  WARNING       ptyorgid='A0146891': could not resolve province from postal '00000' — left as 'CN'
2026-05-22 10:03:45  WARNING       ptyorgid='A0146904': could not resolve province from postal '00000' — left as 'CN'
2026-05-22 10:03:45  WARNING       ptyorgid='A0147205': could not resolve province from postal '00000' — left as 'CN'
2026-05-22 10:03:45  WARNING       ptyorgid='A0147342': could not resolve province from postal '00000' — left as 'CN'
2026-05-22 10:03:45  WARNING       ptyorgid='A0147675': could not resolve province from postal '0E 2A0' — left as 'CN'
2026-05-22 10:03:45  WARNING       ptyorgid='A0147875': could not resolve province from postal '2H 6J7' — left as 'CN'
2026-05-22 10:03:45  WARNING       ptyorgid='A0148491': could not resolve province from postal '00000' — left as 'CN'
2026-05-22 10:03:45  INFO          → 5,079 resolved, 41 unresolved (kept as CN)
2026-05-22 10:03:45  INFO        Tagged CSCD → CA: 5,079  US: 44,921
2026-05-22 10:03:46  INFO        ✓ 100000 to 150000_Syndigo_Data_Migration_Organization.csv: 0 new rows, 50,000 updated
2026-05-22 10:03:46  INFO      Reading: /Users/ericpronovost/Doppio/input/150000 to 200000_Syndigo_Data_Migration_Organization.csv
2026-05-22 10:03:47  INFO        → 50,000 rows, 216 columns
2026-05-22 10:03:47  INFO        Resolving 2,261 Canadian province code(s) from postal codes …
2026-05-22 10:03:47  WARNING       ptyorgid='A0150957': could not resolve province from postal '00000' — left as 'CN'
2026-05-22 10:03:47  WARNING       ptyorgid='A0151139': could not resolve province from postal '00000' — left as 'CN'
2026-05-22 10:03:47  WARNING       ptyorgid='A0151380': could not resolve province from postal '00000' — left as 'CN'
2026-05-22 10:03:47  WARNING       ptyorgid='A0151523': could not resolve province from postal '00000' — left as 'CN'
2026-05-22 10:03:47  WARNING       ptyorgid='A0151617': could not resolve province from postal '00000' — left as 'CN'
2026-05-22 10:03:47  WARNING       ptyorgid='A0151886': could not resolve province from postal '00000' — left as 'CN'
2026-05-22 10:03:47  WARNING       ptyorgid='A0152091': could not resolve province from postal '00000' — left as 'CN'
2026-05-22 10:03:47  WARNING       ptyorgid='A0152997': could not resolve province from postal '00000' — left as 'CN'
2026-05-22 10:03:47  WARNING       ptyorgid='A0153062': could not resolve province from postal '00058' — left as 'CN'
2026-05-22 10:03:47  WARNING       ptyorgid='A0153201': could not resolve province from postal '00000' — left as 'CN'
2026-05-22 10:03:47  WARNING       ptyorgid='A0153937': could not resolve province from postal '00000' — left as 'CN'
2026-05-22 10:03:47  WARNING       ptyorgid='A0155417': could not resolve province from postal '00000' — left as 'CN'
2026-05-22 10:03:47  WARNING       ptyorgid='A0156033': could not resolve province from postal '00000' — left as 'CN'
2026-05-22 10:03:47  WARNING       ptyorgid='A0156225': could not resolve province from postal '00000' — left as 'CN'
2026-05-22 10:03:47  WARNING       ptyorgid='A0156390': could not resolve province from postal '00000' — left as 'CN'
2026-05-22 10:03:47  WARNING       ptyorgid='A0156436': could not resolve province from postal '00000' — left as 'CN'
2026-05-22 10:03:47  WARNING       ptyorgid='A0156945': could not resolve province from postal '00000' — left as 'CN'
2026-05-22 10:03:47  WARNING       ptyorgid='A0156978': could not resolve province from postal '00000' — left as 'CN'
2026-05-22 10:03:47  WARNING       ptyorgid='A0157021': could not resolve province from postal '00000' — left as 'CN'
2026-05-22 10:03:47  WARNING       ptyorgid='A0157656': could not resolve province from postal '00000' — left as 'CN'
2026-05-22 10:03:47  WARNING       ptyorgid='A0157729': could not resolve province from postal '00000' — left as 'CN'
2026-05-22 10:03:47  WARNING       ptyorgid='A0157786': could not resolve province from postal '00000' — left as 'CN'
2026-05-22 10:03:47  WARNING       ptyorgid='A0157951': could not resolve province from postal '00000' — left as 'CN'
2026-05-22 10:03:47  WARNING       ptyorgid='A0158120': could not resolve province from postal '00000' — left as 'CN'
2026-05-22 10:03:47  WARNING       ptyorgid='A0158622': could not resolve province from postal '00000' — left as 'CN'
2026-05-22 10:03:47  WARNING       ptyorgid='A0158874': could not resolve province from postal '00058' — left as 'CN'
2026-05-22 10:03:47  WARNING       ptyorgid='A0159120': could not resolve province from postal '00000' — left as 'CN'
2026-05-22 10:03:47  WARNING       ptyorgid='A0159416': could not resolve province from postal '00000' — left as 'CN'
2026-05-22 10:03:47  WARNING       ptyorgid='A0159791': could not resolve province from postal '00061' — left as 'CN'
2026-05-22 10:03:47  WARNING       ptyorgid='A0159808': could not resolve province from postal '00000' — left as 'CN'
2026-05-22 10:03:47  WARNING       ptyorgid='A0159832': could not resolve province from postal '00000' — left as 'CN'
2026-05-22 10:03:47  WARNING       ptyorgid='A0159910': could not resolve province from postal '00000' — left as 'CN'
2026-05-22 10:03:47  WARNING       ptyorgid='A0160104': could not resolve province from postal '00000' — left as 'CN'
2026-05-22 10:03:47  WARNING       ptyorgid='A0160445': could not resolve province from postal '00000' — left as 'CN'
2026-05-22 10:03:47  WARNING       ptyorgid='A0161972': could not resolve province from postal '00000' — left as 'CN'
2026-05-22 10:03:47  WARNING       ptyorgid='A0162102': could not resolve province from postal '00000' — left as 'CN'
2026-05-22 10:03:47  WARNING       ptyorgid='A0162150': could not resolve province from postal '' — left as 'CN'
2026-05-22 10:03:47  WARNING       ptyorgid='A0162419': could not resolve province from postal '00000' — left as 'CN'
2026-05-22 10:03:47  WARNING       ptyorgid='A0162448': could not resolve province from postal '00000' — left as 'CN'
2026-05-22 10:03:47  WARNING       ptyorgid='A0162778': could not resolve province from postal '00000' — left as 'CN'
2026-05-22 10:03:47  WARNING       ptyorgid='A0163091': could not resolve province from postal '00000' — left as 'CN'
2026-05-22 10:03:47  WARNING       ptyorgid='A0163625': could not resolve province from postal '00000' — left as 'CN'
2026-05-22 10:03:47  WARNING       ptyorgid='A0163838': could not resolve province from postal '00000' — left as 'CN'
2026-05-22 10:03:47  WARNING       ptyorgid='A0165027': could not resolve province from postal '00000' — left as 'CN'
2026-05-22 10:03:47  WARNING       ptyorgid='A0165329': could not resolve province from postal '00000' — left as 'CN'
2026-05-22 10:03:47  WARNING       ptyorgid='A0165480': could not resolve province from postal '' — left as 'CN'
2026-05-22 10:03:47  WARNING       ptyorgid='A0165514': could not resolve province from postal '00000' — left as 'CN'
2026-05-22 10:03:47  WARNING       ptyorgid='A0165650': could not resolve province from postal '00000' — left as 'CN'
2026-05-22 10:03:47  WARNING       ptyorgid='A0166473': could not resolve province from postal '00000' — left as 'CN'
2026-05-22 10:03:47  WARNING       ptyorgid='A0166677': could not resolve province from postal '00000' — left as 'CN'
2026-05-22 10:03:47  WARNING       ptyorgid='A0167767': could not resolve province from postal '00000' — left as 'CN'
2026-05-22 10:03:47  WARNING       ptyorgid='A0168141': could not resolve province from postal '15  CN' — left as 'CN'
2026-05-22 10:03:47  WARNING       ptyorgid='A0168179': could not resolve province from postal '00000' — left as 'CN'
2026-05-22 10:03:47  WARNING       ptyorgid='A0168413': could not resolve province from postal '00000' — left as 'CN'
2026-05-22 10:03:47  WARNING       ptyorgid='A0168871': could not resolve province from postal '00000' — left as 'CN'
2026-05-22 10:03:47  WARNING       ptyorgid='A0169112': could not resolve province from postal '00000' — left as 'CN'
2026-05-22 10:03:47  WARNING       ptyorgid='A0169262': could not resolve province from postal '00000' — left as 'CN'
2026-05-22 10:03:47  WARNING       ptyorgid='A0169687': could not resolve province from postal '00000' — left as 'CN'
2026-05-22 10:03:47  WARNING       ptyorgid='A0169833': could not resolve province from postal '00000' — left as 'CN'
2026-05-22 10:03:47  WARNING       ptyorgid='A0169976': could not resolve province from postal '00000' — left as 'CN'
2026-05-22 10:03:47  WARNING       ptyorgid='A0170080': could not resolve province from postal '00000' — left as 'CN'
2026-05-22 10:03:47  WARNING       ptyorgid='A0170461': could not resolve province from postal '00000' — left as 'CN'
2026-05-22 10:03:47  WARNING       ptyorgid='A0170966': could not resolve province from postal '00000' — left as 'CN'
2026-05-22 10:03:47  WARNING       ptyorgid='A0171033': could not resolve province from postal '00000' — left as 'CN'
2026-05-22 10:03:47  WARNING       ptyorgid='A0171082': could not resolve province from postal '00000' — left as 'CN'
2026-05-22 10:03:47  WARNING       ptyorgid='A0171476': could not resolve province from postal '00000' — left as 'CN'
2026-05-22 10:03:47  WARNING       ptyorgid='A0171757': could not resolve province from postal '00000' — left as 'CN'
2026-05-22 10:03:47  WARNING       ptyorgid='A0171763': could not resolve province from postal '00000' — left as 'CN'
2026-05-22 10:03:47  WARNING       ptyorgid='A0171960': could not resolve province from postal '00 000' — left as 'CN'
2026-05-22 10:03:47  WARNING       ptyorgid='A0172678': could not resolve province from postal '00000' — left as 'CN'
2026-05-22 10:03:47  WARNING       ptyorgid='A0172816': could not resolve province from postal '00000' — left as 'CN'
2026-05-22 10:03:47  WARNING       ptyorgid='A0172936': could not resolve province from postal '7G 2B6' — left as 'CN'
2026-05-22 10:03:47  WARNING       ptyorgid='A0173513': could not resolve province from postal '00000' — left as 'CN'
2026-05-22 10:03:47  WARNING       ptyorgid='A0173796': could not resolve province from postal '00000' — left as 'CN'
2026-05-22 10:03:47  WARNING       ptyorgid='A0174698': could not resolve province from postal '00000' — left as 'CN'
2026-05-22 10:03:47  WARNING       ptyorgid='A0175436': could not resolve province from postal '00000' — left as 'CN'
2026-05-22 10:03:47  WARNING       ptyorgid='A0175630': could not resolve province from postal '00000' — left as 'CN'
2026-05-22 10:03:47  WARNING       ptyorgid='A0176258': could not resolve province from postal '00000' — left as 'CN'
2026-05-22 10:03:47  WARNING       ptyorgid='A0177069': could not resolve province from postal '00000' — left as 'CN'
2026-05-22 10:03:47  WARNING       ptyorgid='A0177224': could not resolve province from postal '00000' — left as 'CN'
2026-05-22 10:03:47  WARNING       ptyorgid='A0177465': could not resolve province from postal '00000' — left as 'CN'
2026-05-22 10:03:47  WARNING       ptyorgid='A0178830': could not resolve province from postal '00000' — left as 'CN'
2026-05-22 10:03:47  WARNING       ptyorgid='A0178918': could not resolve province from postal '00000' — left as 'CN'
2026-05-22 10:03:47  WARNING       ptyorgid='A0179231': could not resolve province from postal '00000' — left as 'CN'
2026-05-22 10:03:47  WARNING       ptyorgid='A0179298': could not resolve province from postal '8' — left as 'CN'
2026-05-22 10:03:47  WARNING       ptyorgid='A0179402': could not resolve province from postal '00000' — left as 'CN'
2026-05-22 10:03:47  WARNING       ptyorgid='A0180201': could not resolve province from postal '00000' — left as 'CN'
2026-05-22 10:03:47  WARNING       ptyorgid='A0180226': could not resolve province from postal '00000' — left as 'CN'
2026-05-22 10:03:47  WARNING       ptyorgid='A0180770': could not resolve province from postal '00000' — left as 'CN'
2026-05-22 10:03:47  WARNING       ptyorgid='A0180940': could not resolve province from postal '00000' — left as 'CN'
2026-05-22 10:03:47  WARNING       ptyorgid='A0181224': could not resolve province from postal '00000' — left as 'CN'
2026-05-22 10:03:47  WARNING       ptyorgid='A0181295': could not resolve province from postal '00000' — left as 'CN'
2026-05-22 10:03:47  WARNING       ptyorgid='A0181383': could not resolve province from postal '00000' — left as 'CN'
2026-05-22 10:03:47  WARNING       ptyorgid='A0181411': could not resolve province from postal '000000' — left as 'CN'
2026-05-22 10:03:47  WARNING       ptyorgid='A0182002': could not resolve province from postal '00000' — left as 'CN'
2026-05-22 10:03:47  WARNING       ptyorgid='A0182255': could not resolve province from postal '00000' — left as 'CN'
2026-05-22 10:03:47  WARNING       ptyorgid='A0182565': could not resolve province from postal '00000' — left as 'CN'
2026-05-22 10:03:47  WARNING       ptyorgid='A0183336': could not resolve province from postal '00000' — left as 'CN'
2026-05-22 10:03:47  WARNING       ptyorgid='A0183338': could not resolve province from postal '00000' — left as 'CN'
2026-05-22 10:03:47  WARNING       ptyorgid='A0183785': could not resolve province from postal '00000' — left as 'CN'
2026-05-22 10:03:47  WARNING       ptyorgid='A0184234': could not resolve province from postal '00000' — left as 'CN'
2026-05-22 10:03:47  WARNING       ptyorgid='A0184743': could not resolve province from postal '00000' — left as 'CN'
2026-05-22 10:03:47  WARNING       ptyorgid='A0184778': could not resolve province from postal '00000' — left as 'CN'
2026-05-22 10:03:47  WARNING       ptyorgid='A0184881': could not resolve province from postal '00000' — left as 'CN'
2026-05-22 10:03:47  WARNING       ptyorgid='A0185322': could not resolve province from postal '00000' — left as 'CN'
2026-05-22 10:03:47  WARNING       ptyorgid='A0185443': could not resolve province from postal '00000' — left as 'CN'
2026-05-22 10:03:47  WARNING       ptyorgid='A0185946': could not resolve province from postal '00000' — left as 'CN'
2026-05-22 10:03:47  WARNING       ptyorgid='A0186990': could not resolve province from postal '00000' — left as 'CN'
2026-05-22 10:03:47  WARNING       ptyorgid='A0187030': could not resolve province from postal '00000' — left as 'CN'
2026-05-22 10:03:47  WARNING       ptyorgid='A0187448': could not resolve province from postal '00000' — left as 'CN'
2026-05-22 10:03:47  WARNING       ptyorgid='A0187607': could not resolve province from postal '00000' — left as 'CN'
2026-05-22 10:03:47  WARNING       ptyorgid='A0193484': could not resolve province from postal '00000' — left as 'CN'
2026-05-22 10:03:47  WARNING       ptyorgid='A0195209': could not resolve province from postal '00000' — left as 'CN'
2026-05-22 10:03:47  WARNING       ptyorgid='A0197483': could not resolve province from postal '00000' — left as 'CN'
2026-05-22 10:03:47  WARNING       ptyorgid='A0199676': could not resolve province from postal '00000' — left as 'CN'
2026-05-22 10:03:47  INFO          → 2,146 resolved, 115 unresolved (kept as CN)
2026-05-22 10:03:47  INFO        Tagged CSCD → CA: 2,146  US: 47,854
2026-05-22 10:03:49  INFO        ✓ 150000 to 200000_Syndigo_Data_Migration_Organization.csv: 0 new rows, 50,000 updated
2026-05-22 10:03:49  INFO      Reading: /Users/ericpronovost/Doppio/input/200000 to 250000_Syndigo_Data_Migration_Organization.csv
2026-05-22 10:03:49  INFO        → 50,000 rows, 216 columns
2026-05-22 10:03:49  INFO        Resolving 1,213 Canadian province code(s) from postal codes …
2026-05-22 10:03:49  WARNING       ptyorgid='A0200495': could not resolve province from postal '00000' — left as 'CN'
2026-05-22 10:03:49  WARNING       ptyorgid='A0200651': could not resolve province from postal '00000' — left as 'CN'
2026-05-22 10:03:49  WARNING       ptyorgid='A0201187': could not resolve province from postal '00000' — left as 'CN'
2026-05-22 10:03:49  WARNING       ptyorgid='A0201192': could not resolve province from postal '00000' — left as 'CN'
2026-05-22 10:03:49  WARNING       ptyorgid='A0201214': could not resolve province from postal '00000' — left as 'CN'
2026-05-22 10:03:49  WARNING       ptyorgid='A0201261': could not resolve province from postal '00000' — left as 'CN'
2026-05-22 10:03:49  WARNING       ptyorgid='A0201397': could not resolve province from postal '00000' — left as 'CN'
2026-05-22 10:03:49  WARNING       ptyorgid='A0201490': could not resolve province from postal '2H 7C5' — left as 'CN'
2026-05-22 10:03:49  WARNING       ptyorgid='A0201811': could not resolve province from postal '00000' — left as 'CN'
2026-05-22 10:03:49  WARNING       ptyorgid='A0201856': could not resolve province from postal '00000' — left as 'CN'
2026-05-22 10:03:49  WARNING       ptyorgid='A0201912': could not resolve province from postal '00000' — left as 'CN'
2026-05-22 10:03:49  WARNING       ptyorgid='A0202325': could not resolve province from postal '00000' — left as 'CN'
2026-05-22 10:03:49  WARNING       ptyorgid='A0202369': could not resolve province from postal '00000' — left as 'CN'
2026-05-22 10:03:49  WARNING       ptyorgid='A0202811': could not resolve province from postal '00000' — left as 'CN'
2026-05-22 10:03:49  WARNING       ptyorgid='A0203137': could not resolve province from postal '00000' — left as 'CN'
2026-05-22 10:03:49  WARNING       ptyorgid='A0203189': could not resolve province from postal '00000' — left as 'CN'
2026-05-22 10:03:49  WARNING       ptyorgid='A0203194': could not resolve province from postal '00000' — left as 'CN'
2026-05-22 10:03:49  WARNING       ptyorgid='A0203533': could not resolve province from postal '00000' — left as 'CN'
2026-05-22 10:03:49  WARNING       ptyorgid='A0203695': could not resolve province from postal '00000' — left as 'CN'
2026-05-22 10:03:49  WARNING       ptyorgid='A0203744': could not resolve province from postal '00000' — left as 'CN'
2026-05-22 10:03:49  WARNING       ptyorgid='A0203839': could not resolve province from postal '00000' — left as 'CN'
2026-05-22 10:03:49  WARNING       ptyorgid='A0204029': could not resolve province from postal '00000' — left as 'CN'
2026-05-22 10:03:49  WARNING       ptyorgid='A0204081': could not resolve province from postal '00000' — left as 'CN'
2026-05-22 10:03:49  WARNING       ptyorgid='A0204082': could not resolve province from postal '00000' — left as 'CN'
2026-05-22 10:03:49  WARNING       ptyorgid='A0204083': could not resolve province from postal '00000' — left as 'CN'
2026-05-22 10:03:49  WARNING       ptyorgid='A0204093': could not resolve province from postal '00000' — left as 'CN'
2026-05-22 10:03:49  WARNING       ptyorgid='A0204266': could not resolve province from postal '00000' — left as 'CN'
2026-05-22 10:03:49  WARNING       ptyorgid='A0204296': could not resolve province from postal '00000' — left as 'CN'
2026-05-22 10:03:49  WARNING       ptyorgid='A0204482': could not resolve province from postal '00000' — left as 'CN'
2026-05-22 10:03:49  WARNING       ptyorgid='A0204591': could not resolve province from postal '1N 3W4' — left as 'CN'
2026-05-22 10:03:49  WARNING       ptyorgid='A0204600': could not resolve province from postal '00000' — left as 'CN'
2026-05-22 10:03:49  WARNING       ptyorgid='A0204993': could not resolve province from postal '00000' — left as 'CN'
2026-05-22 10:03:49  WARNING       ptyorgid='A0205198': could not resolve province from postal '00000' — left as 'CN'
2026-05-22 10:03:49  WARNING       ptyorgid='A0205464': could not resolve province from postal '00000' — left as 'CN'
2026-05-22 10:03:49  WARNING       ptyorgid='A0206159': could not resolve province from postal '00000' — left as 'CN'
2026-05-22 10:03:49  WARNING       ptyorgid='A0206695': could not resolve province from postal '00000' — left as 'CN'
2026-05-22 10:03:49  WARNING       ptyorgid='A0206753': could not resolve province from postal '00000' — left as 'CN'
2026-05-22 10:03:49  WARNING       ptyorgid='A0206758': could not resolve province from postal '00000' — left as 'CN'
2026-05-22 10:03:49  WARNING       ptyorgid='A0206762': could not resolve province from postal '00000' — left as 'CN'
2026-05-22 10:03:49  WARNING       ptyorgid='A0206771': could not resolve province from postal '00000' — left as 'CN'
2026-05-22 10:03:49  WARNING       ptyorgid='A0206903': could not resolve province from postal '00000' — left as 'CN'
2026-05-22 10:03:49  WARNING       ptyorgid='A0207134': could not resolve province from postal '00000' — left as 'CN'
2026-05-22 10:03:49  WARNING       ptyorgid='A0207402': could not resolve province from postal '00000' — left as 'CN'
2026-05-22 10:03:49  WARNING       ptyorgid='A0207558': could not resolve province from postal '00000' — left as 'CN'
2026-05-22 10:03:49  WARNING       ptyorgid='A0207576': could not resolve province from postal 'IL 3Z5' — left as 'CN'
2026-05-22 10:03:49  WARNING       ptyorgid='A0207760': could not resolve province from postal '00000' — left as 'CN'
2026-05-22 10:03:49  WARNING       ptyorgid='A0208036': could not resolve province from postal '00000' — left as 'CN'
2026-05-22 10:03:49  WARNING       ptyorgid='A0208094': could not resolve province from postal '00000' — left as 'CN'
2026-05-22 10:03:49  WARNING       ptyorgid='A0208641': could not resolve province from postal '00000' — left as 'CN'
2026-05-22 10:03:49  WARNING       ptyorgid='A0208784': could not resolve province from postal '00000' — left as 'CN'
2026-05-22 10:03:49  WARNING       ptyorgid='A0208956': could not resolve province from postal '4L 1A5' — left as 'CN'
2026-05-22 10:03:49  WARNING       ptyorgid='A0208960': could not resolve province from postal '8N 0C5' — left as 'CN'
2026-05-22 10:03:49  WARNING       ptyorgid='A0209205': could not resolve province from postal '00000' — left as 'CN'
2026-05-22 10:03:49  WARNING       ptyorgid='A0209259': could not resolve province from postal '00000' — left as 'CN'
2026-05-22 10:03:49  WARNING       ptyorgid='A0209332': could not resolve province from postal '00000' — left as 'CN'
2026-05-22 10:03:49  WARNING       ptyorgid='A0209334': could not resolve province from postal '00000' — left as 'CN'
2026-05-22 10:03:49  WARNING       ptyorgid='A0209396': could not resolve province from postal '00000' — left as 'CN'
2026-05-22 10:03:49  WARNING       ptyorgid='A0209444': could not resolve province from postal '7A 2Y6' — left as 'CN'
2026-05-22 10:03:49  WARNING       ptyorgid='A0209445': could not resolve province from postal '4L 2E5' — left as 'CN'
2026-05-22 10:03:49  WARNING       ptyorgid='A0209450': could not resolve province from postal '4R 1H7' — left as 'CN'
2026-05-22 10:03:49  WARNING       ptyorgid='A0209451': could not resolve province from postal '0J 2A0' — left as 'CN'
2026-05-22 10:03:49  WARNING       ptyorgid='A0209541': could not resolve province from postal '0C 2J0' — left as 'CN'
2026-05-22 10:03:49  WARNING       ptyorgid='A0209550': could not resolve province from postal '0A 0Y0' — left as 'CN'
2026-05-22 10:03:49  WARNING       ptyorgid='A0209551': could not resolve province from postal '2A 5T8' — left as 'CN'
2026-05-22 10:03:49  WARNING       ptyorgid='A0209982': could not resolve province from postal '00000' — left as 'CN'
2026-05-22 10:03:49  WARNING       ptyorgid='A0210042': could not resolve province from postal '00000' — left as 'CN'
2026-05-22 10:03:49  WARNING       ptyorgid='A0210052': could not resolve province from postal '0K 0M0' — left as 'CN'
2026-05-22 10:03:49  WARNING       ptyorgid='A0210393': could not resolve province from postal '00000' — left as 'CN'
2026-05-22 10:03:49  WARNING       ptyorgid='A0210415': could not resolve province from postal '00000' — left as 'CN'
2026-05-22 10:03:49  WARNING       ptyorgid='A0210802': could not resolve province from postal '00000' — left as 'CN'
2026-05-22 10:03:49  WARNING       ptyorgid='A0210837': could not resolve province from postal '00000' — left as 'CN'
2026-05-22 10:03:49  WARNING       ptyorgid='A0210921': could not resolve province from postal '00000' — left as 'CN'
2026-05-22 10:03:49  WARNING       ptyorgid='A0211362': could not resolve province from postal '00000' — left as 'CN'
2026-05-22 10:03:49  WARNING       ptyorgid='A0211452': could not resolve province from postal '00000' — left as 'CN'
2026-05-22 10:03:49  WARNING       ptyorgid='A0211475': could not resolve province from postal '00000' — left as 'CN'
2026-05-22 10:03:49  WARNING       ptyorgid='A0211688': could not resolve province from postal '00000' — left as 'CN'
2026-05-22 10:03:49  WARNING       ptyorgid='A0212202': could not resolve province from postal '00000' — left as 'CN'
2026-05-22 10:03:49  WARNING       ptyorgid='A0212212': could not resolve province from postal '00000' — left as 'CN'
2026-05-22 10:03:49  WARNING       ptyorgid='A0212854': could not resolve province from postal '00000' — left as 'CN'
2026-05-22 10:03:49  WARNING       ptyorgid='A0214043': could not resolve province from postal '00000' — left as 'CN'
2026-05-22 10:03:49  WARNING       ptyorgid='A0214774': could not resolve province from postal '00000' — left as 'CN'
2026-05-22 10:03:49  WARNING       ptyorgid='A0215446': could not resolve province from postal '73B1N5' — left as 'CN'
2026-05-22 10:03:49  WARNING       ptyorgid='A0215508': could not resolve province from postal '00000' — left as 'CN'
2026-05-22 10:03:49  WARNING       ptyorgid='A0216033': could not resolve province from postal '00000' — left as 'CN'
2026-05-22 10:03:49  WARNING       ptyorgid='A0216584': could not resolve province from postal '00000' — left as 'CN'
2026-05-22 10:03:49  WARNING       ptyorgid='A0216867': could not resolve province from postal '00000' — left as 'CN'
2026-05-22 10:03:49  WARNING       ptyorgid='A0217132': could not resolve province from postal '00000' — left as 'CN'
2026-05-22 10:03:49  WARNING       ptyorgid='A0218413': could not resolve province from postal '00000' — left as 'CN'
2026-05-22 10:03:49  WARNING       ptyorgid='A0218662': could not resolve province from postal '00000' — left as 'CN'
2026-05-22 10:03:49  WARNING       ptyorgid='A0218976': could not resolve province from postal '00000' — left as 'CN'
2026-05-22 10:03:49  WARNING       ptyorgid='A0219380': could not resolve province from postal '00000' — left as 'CN'
2026-05-22 10:03:49  WARNING       ptyorgid='A0219480': could not resolve province from postal '00000' — left as 'CN'
2026-05-22 10:03:49  WARNING       ptyorgid='A0220253': could not resolve province from postal '00000' — left as 'CN'
2026-05-22 10:03:49  WARNING       ptyorgid='A0222586': could not resolve province from postal '00000' — left as 'CN'
2026-05-22 10:03:49  WARNING       ptyorgid='A0222816': could not resolve province from postal '00000' — left as 'CN'
2026-05-22 10:03:49  WARNING       ptyorgid='A0223909': could not resolve province from postal '94P3V7' — left as 'CN'
2026-05-22 10:03:49  WARNING       ptyorgid='A0224963': could not resolve province from postal '00000' — left as 'CN'
2026-05-22 10:03:49  WARNING       ptyorgid='A0233496': could not resolve province from postal '00000' — left as 'CN'
2026-05-22 10:03:49  WARNING       ptyorgid='A0233658': could not resolve province from postal '00000' — left as 'CN'
2026-05-22 10:03:49  WARNING       ptyorgid='A0234041': could not resolve province from postal '00000' — left as 'CN'
2026-05-22 10:03:49  WARNING       ptyorgid='A0235578': could not resolve province from postal '' — left as 'CN'
2026-05-22 10:03:49  INFO          → 1,112 resolved, 101 unresolved (kept as CN)
2026-05-22 10:03:50  INFO        Tagged CSCD → CA: 1,112  US: 48,888
2026-05-22 10:03:51  INFO        ✓ 200000 to 250000_Syndigo_Data_Migration_Organization.csv: 0 new rows, 50,000 updated
2026-05-22 10:03:51  INFO      Reading: /Users/ericpronovost/Doppio/input/250000 to 300000_Syndigo_Data_Migration_Organization.csv
2026-05-22 10:03:51  INFO        → 50,000 rows, 216 columns
2026-05-22 10:03:51  INFO        Resolving 857 Canadian province code(s) from postal codes …
2026-05-22 10:03:51  INFO          → 857 resolved, 0 unresolved (kept as CN)
2026-05-22 10:03:52  INFO        Tagged CSCD → CA: 860  US: 49,140
2026-05-22 10:03:53  INFO        ✓ 250000 to 300000_Syndigo_Data_Migration_Organization.csv: 0 new rows, 50,000 updated
2026-05-22 10:03:53  INFO      Reading: /Users/ericpronovost/Doppio/input/300000 to 350000_Syndigo_Data_Migration_Organization.csv
2026-05-22 10:03:53  INFO        → 50,000 rows, 216 columns
2026-05-22 10:03:53  INFO        Resolving 1,576 Canadian province code(s) from postal codes …
2026-05-22 10:03:53  WARNING       ptyorgid='A0348451': could not resolve province from postal '00000' — left as 'CN'
2026-05-22 10:03:53  WARNING       ptyorgid='A0348691': could not resolve province from postal '3Y 1S4' — left as 'CN'
2026-05-22 10:03:53  WARNING       ptyorgid='A0348970': could not resolve province from postal '00000' — left as 'CN'
2026-05-22 10:03:53  WARNING       ptyorgid='A0348971': could not resolve province from postal '00000' — left as 'CN'
2026-05-22 10:03:53  WARNING       ptyorgid='A0349208': could not resolve province from postal '' — left as 'CN'
2026-05-22 10:03:53  WARNING       ptyorgid='A0349974': could not resolve province from postal '00000' — left as 'CN'
2026-05-22 10:03:53  INFO          → 1,570 resolved, 6 unresolved (kept as CN)
2026-05-22 10:03:54  INFO        Tagged CSCD → CA: 1,572  US: 48,428
2026-05-22 10:03:55  INFO        ✓ 300000 to 350000_Syndigo_Data_Migration_Organization.csv: 0 new rows, 50,000 updated
2026-05-22 10:03:55  INFO      Reading: /Users/ericpronovost/Doppio/input/350000 to 400000_Syndigo_Data_Migration_Organization.csv
2026-05-22 10:03:56  INFO        → 50,000 rows, 216 columns
2026-05-22 10:03:56  INFO        Resolving 2,700 Canadian province code(s) from postal codes …
2026-05-22 10:03:56  WARNING       ptyorgid='A0350406': could not resolve province from postal '00000' — left as 'CN'
2026-05-22 10:03:56  WARNING       ptyorgid='A0350469': could not resolve province from postal '00000' — left as 'CN'
2026-05-22 10:03:56  WARNING       ptyorgid='A0350849': could not resolve province from postal '00000' — left as 'CN'
2026-05-22 10:03:56  WARNING       ptyorgid='A0350865': could not resolve province from postal '00000' — left as 'CN'
2026-05-22 10:03:56  WARNING       ptyorgid='A0351105': could not resolve province from postal '00000' — left as 'CN'
2026-05-22 10:03:56  WARNING       ptyorgid='A0351159': could not resolve province from postal '00000' — left as 'CN'
2026-05-22 10:03:56  WARNING       ptyorgid='A0351349': could not resolve province from postal '00000' — left as 'CN'
2026-05-22 10:03:56  WARNING       ptyorgid='A0351393': could not resolve province from postal '00000' — left as 'CN'
2026-05-22 10:03:56  WARNING       ptyorgid='A0364328': could not resolve province from postal '00000' — left as 'CN'
2026-05-22 10:03:56  WARNING       ptyorgid='A0364783': could not resolve province from postal '00000' — left as 'CN'
2026-05-22 10:03:56  WARNING       ptyorgid='A0365209': could not resolve province from postal '00000' — left as 'CN'
2026-05-22 10:03:56  WARNING       ptyorgid='A0365210': could not resolve province from postal '00000' — left as 'CN'
2026-05-22 10:03:56  WARNING       ptyorgid='A0365269': could not resolve province from postal '00000' — left as 'CN'
2026-05-22 10:03:56  WARNING       ptyorgid='A0365737': could not resolve province from postal '00000' — left as 'CN'
2026-05-22 10:03:56  WARNING       ptyorgid='A0366011': could not resolve province from postal '00000' — left as 'CN'
2026-05-22 10:03:56  WARNING       ptyorgid='A0366013': could not resolve province from postal '00000' — left as 'CN'
2026-05-22 10:03:56  WARNING       ptyorgid='A0366023': could not resolve province from postal '00000' — left as 'CN'
2026-05-22 10:03:56  WARNING       ptyorgid='A0366037': could not resolve province from postal '9X 1G2' — left as 'CN'
2026-05-22 10:03:56  WARNING       ptyorgid='A0366453': could not resolve province from postal '3A 8B8' — left as 'CN'
2026-05-22 10:03:56  WARNING       ptyorgid='A0366455': could not resolve province from postal '3C 3T2' — left as 'CN'
2026-05-22 10:03:56  WARNING       ptyorgid='A0366734': could not resolve province from postal '00000' — left as 'CN'
2026-05-22 10:03:56  WARNING       ptyorgid='A0366902': could not resolve province from postal '00000' — left as 'CN'
2026-05-22 10:03:56  WARNING       ptyorgid='A0367294': could not resolve province from postal '00000' — left as 'CN'
2026-05-22 10:03:56  WARNING       ptyorgid='A0367336': could not resolve province from postal '00000' — left as 'CN'
2026-05-22 10:03:56  WARNING       ptyorgid='A0367341': could not resolve province from postal '00000' — left as 'CN'
2026-05-22 10:03:56  WARNING       ptyorgid='A0367348': could not resolve province from postal '00000' — left as 'CN'
2026-05-22 10:03:56  WARNING       ptyorgid='A0367771': could not resolve province from postal '00000' — left as 'CN'
2026-05-22 10:03:56  WARNING       ptyorgid='A0367780': could not resolve province from postal '00000' — left as 'CN'
2026-05-22 10:03:56  WARNING       ptyorgid='A0367837': could not resolve province from postal '00000' — left as 'CN'
2026-05-22 10:03:56  WARNING       ptyorgid='A0368220': could not resolve province from postal '00000' — left as 'CN'
2026-05-22 10:03:56  INFO          → 2,670 resolved, 30 unresolved (kept as CN)
2026-05-22 10:03:56  INFO        Tagged CSCD → CA: 2,670  US: 47,330
2026-05-22 10:03:57  INFO        ✓ 350000 to 400000_Syndigo_Data_Migration_Organization.csv: 0 new rows, 50,000 updated
2026-05-22 10:03:57  INFO      Reading: /Users/ericpronovost/Doppio/input/400000 to 450000_Syndigo_Data_Migration_Organization.csv
2026-05-22 10:03:58  INFO        → 50,000 rows, 216 columns
2026-05-22 10:03:58  INFO        Tagged CSCD → CA: 0  US: 50,000
2026-05-22 10:03:59  INFO        ✓ 400000 to 450000_Syndigo_Data_Migration_Organization.csv: 0 new rows, 50,000 updated
2026-05-22 10:03:59  INFO      Reading: /Users/ericpronovost/Doppio/input/450000 to 500000_Syndigo_Data_Migration_Organization.csv
2026-05-22 10:04:00  INFO        → 50,000 rows, 216 columns
2026-05-22 10:04:00  INFO        Tagged CSCD → CA: 0  US: 50,000
2026-05-22 10:04:02  INFO        ✓ 450000 to 500000_Syndigo_Data_Migration_Organization.csv: 0 new rows, 50,000 updated
2026-05-22 10:04:02  INFO      Reading: /Users/ericpronovost/Doppio/input/50000 to 100000_Syndigo_Data_Migration_Organization.csv
2026-05-22 10:04:02  INFO        → 50,000 rows, 216 columns
2026-05-22 10:04:02  INFO        Resolving 5,316 Canadian province code(s) from postal codes …
2026-05-22 10:04:02  WARNING       ptyorgid='A0051213': could not resolve province from postal '00000' — left as 'CN'
2026-05-22 10:04:02  WARNING       ptyorgid='A0051414': could not resolve province from postal '00000' — left as 'CN'
2026-05-22 10:04:02  WARNING       ptyorgid='A0053067': could not resolve province from postal '00000' — left as 'CN'
2026-05-22 10:04:02  WARNING       ptyorgid='A0053321': could not resolve province from postal '00000' — left as 'CN'
2026-05-22 10:04:02  WARNING       ptyorgid='A0053424': could not resolve province from postal '00000' — left as 'CN'
2026-05-22 10:04:02  WARNING       ptyorgid='A0053860': could not resolve province from postal '00000' — left as 'CN'
2026-05-22 10:04:02  WARNING       ptyorgid='A0058775': could not resolve province from postal '00000' — left as 'CN'
2026-05-22 10:04:02  WARNING       ptyorgid='A0058868': could not resolve province from postal '00000' — left as 'CN'
2026-05-22 10:04:02  WARNING       ptyorgid='A0058968': could not resolve province from postal '00000' — left as 'CN'
2026-05-22 10:04:02  WARNING       ptyorgid='A0059128': could not resolve province from postal '00000' — left as 'CN'
2026-05-22 10:04:02  WARNING       ptyorgid='A0059381': could not resolve province from postal '00000' — left as 'CN'
2026-05-22 10:04:02  WARNING       ptyorgid='A0061607': could not resolve province from postal '00000' — left as 'CN'
2026-05-22 10:04:02  WARNING       ptyorgid='A0062380': could not resolve province from postal '00000' — left as 'CN'
2026-05-22 10:04:02  WARNING       ptyorgid='A0064350': could not resolve province from postal '00000' — left as 'CN'
2026-05-22 10:04:02  WARNING       ptyorgid='A0064454': could not resolve province from postal '00000' — left as 'CN'
2026-05-22 10:04:02  WARNING       ptyorgid='A0068626': could not resolve province from postal '00000' — left as 'CN'
2026-05-22 10:04:02  WARNING       ptyorgid='A0069236': could not resolve province from postal '00000' — left as 'CN'
2026-05-22 10:04:02  WARNING       ptyorgid='A0069337': could not resolve province from postal '00000' — left as 'CN'
2026-05-22 10:04:02  WARNING       ptyorgid='A0072166': could not resolve province from postal '00000' — left as 'CN'
2026-05-22 10:04:02  WARNING       ptyorgid='A0072954': could not resolve province from postal '00000' — left as 'CN'
2026-05-22 10:04:02  WARNING       ptyorgid='A0073448': could not resolve province from postal '00000' — left as 'CN'
2026-05-22 10:04:02  WARNING       ptyorgid='A0074715': could not resolve province from postal '00000' — left as 'CN'
2026-05-22 10:04:02  WARNING       ptyorgid='A0075096': could not resolve province from postal '00000' — left as 'CN'
2026-05-22 10:04:02  WARNING       ptyorgid='A0075383': could not resolve province from postal '00000' — left as 'CN'
2026-05-22 10:04:02  WARNING       ptyorgid='A0076233': could not resolve province from postal '00000' — left as 'CN'
2026-05-22 10:04:02  WARNING       ptyorgid='A0077816': could not resolve province from postal '00000' — left as 'CN'
2026-05-22 10:04:02  WARNING       ptyorgid='A0077905': could not resolve province from postal '00000' — left as 'CN'
2026-05-22 10:04:02  WARNING       ptyorgid='A0078335': could not resolve province from postal '00000' — left as 'CN'
2026-05-22 10:04:02  WARNING       ptyorgid='A0079443': could not resolve province from postal '00000' — left as 'CN'
2026-05-22 10:04:02  WARNING       ptyorgid='A0079652': could not resolve province from postal '00000' — left as 'CN'
2026-05-22 10:04:02  WARNING       ptyorgid='A0084155': could not resolve province from postal '00000' — left as 'CN'
2026-05-22 10:04:02  WARNING       ptyorgid='A0084187': could not resolve province from postal '00000' — left as 'CN'
2026-05-22 10:04:02  WARNING       ptyorgid='A0084657': could not resolve province from postal '00000' — left as 'CN'
2026-05-22 10:04:02  WARNING       ptyorgid='A0084674': could not resolve province from postal '00000' — left as 'CN'
2026-05-22 10:04:02  WARNING       ptyorgid='A0085749': could not resolve province from postal '00000' — left as 'CN'
2026-05-22 10:04:02  WARNING       ptyorgid='A0087699': could not resolve province from postal '00000' — left as 'CN'
2026-05-22 10:04:02  WARNING       ptyorgid='A0087738': could not resolve province from postal '00000' — left as 'CN'
2026-05-22 10:04:02  WARNING       ptyorgid='A0087795': could not resolve province from postal '00000' — left as 'CN'
2026-05-22 10:04:02  WARNING       ptyorgid='A0087939': could not resolve province from postal '57N1N5' — left as 'CN'
2026-05-22 10:04:02  WARNING       ptyorgid='A0088043': could not resolve province from postal '00000' — left as 'CN'
2026-05-22 10:04:02  WARNING       ptyorgid='A0088810': could not resolve province from postal '00000' — left as 'CN'
2026-05-22 10:04:02  WARNING       ptyorgid='A0090408': could not resolve province from postal '00000' — left as 'CN'
2026-05-22 10:04:02  WARNING       ptyorgid='A0090831': could not resolve province from postal '00000' — left as 'CN'
2026-05-22 10:04:02  WARNING       ptyorgid='A0091304': could not resolve province from postal '00000' — left as 'CN'
2026-05-22 10:04:02  WARNING       ptyorgid='A0091415': could not resolve province from postal '00000' — left as 'CN'
2026-05-22 10:04:02  WARNING       ptyorgid='A0091611': could not resolve province from postal '00000' — left as 'CN'
2026-05-22 10:04:02  WARNING       ptyorgid='A0091784': could not resolve province from postal '00000' — left as 'CN'
2026-05-22 10:04:02  WARNING       ptyorgid='A0094784': could not resolve province from postal '00000' — left as 'CN'
2026-05-22 10:04:02  WARNING       ptyorgid='A0094813': could not resolve province from postal '00000' — left as 'CN'
2026-05-22 10:04:02  WARNING       ptyorgid='A0095341': could not resolve province from postal '00000' — left as 'CN'
2026-05-22 10:04:02  WARNING       ptyorgid='A0096874': could not resolve province from postal '00000' — left as 'CN'
2026-05-22 10:04:02  WARNING       ptyorgid='A0098533': could not resolve province from postal '00000' — left as 'CN'
2026-05-22 10:04:02  WARNING       ptyorgid='A0098686': could not resolve province from postal '00000' — left as 'CN'
2026-05-22 10:04:02  WARNING       ptyorgid='A0099247': could not resolve province from postal '00000' — left as 'CN'
2026-05-22 10:04:02  WARNING       ptyorgid='A0099543': could not resolve province from postal '00000' — left as 'CN'
2026-05-22 10:04:02  WARNING       ptyorgid='A0099631': could not resolve province from postal '00000' — left as 'CN'
2026-05-22 10:04:02  INFO          → 5,260 resolved, 56 unresolved (kept as CN)
2026-05-22 10:04:03  INFO        Tagged CSCD → CA: 5,260  US: 44,740
2026-05-22 10:04:04  INFO        ✓ 50000 to 100000_Syndigo_Data_Migration_Organization.csv: 0 new rows, 50,000 updated
2026-05-22 10:04:04  INFO      Reading: /Users/ericpronovost/Doppio/input/500000 to 550000_Syndigo_Data_Migration_Organization.csv
2026-05-22 10:04:04  INFO        → 50,000 rows, 216 columns
2026-05-22 10:04:05  INFO        Tagged CSCD → CA: 0  US: 50,000
2026-05-22 10:04:06  INFO        ✓ 500000 to 550000_Syndigo_Data_Migration_Organization.csv: 0 new rows, 50,000 updated
2026-05-22 10:04:06  INFO      ────────────────────────────────────────────────────────────
2026-05-22 10:04:06  INFO      DB load done. Total new: 0  |  Total updated: 550,000
2026-05-22 10:04:06  INFO      Total rows for Excel mapping: 550,000
2026-05-22 10:04:24  INFO        Mapped 390,775 records → CRS610MI.Add
2026-05-22 10:04:24  INFO        Mapped 21,286 records → CRS610MI.ChgFinancial
2026-05-22 10:04:24  INFO        Mapped 390,775 records → CRS610MI.ChgOrderInfo
2026-05-22 10:10:39  INFO        Saved: /Users/ericpronovost/Doppio/output/HJ_Customers_20260522_100956.xlsx
2026-05-22 10:10:39  INFO        Wrote: Customers_API_CRS610MI_Add.sql
2026-05-22 10:10:39  INFO        Wrote: Customers_API_CRS610MI_ChgFinancial.sql
2026-05-22 10:10:39  INFO        Wrote: Customers_API_CRS610MI_ChgOrderInfo.sql
2026-05-22 10:10:39  INFO        SQL files written to: /Users/ericpronovost/Doppio
2026-05-22 10:10:40  INFO      Done.
2026-06-04 15:30:48  INFO      ============================================================
2026-06-04 15:30:48  INFO      HJ_Syndigo_Organization  —  CRS610MI.Add + ChgFinancial + ChgOrderInfo
2026-06-04 15:30:48  INFO      ============================================================
2026-06-04 15:30:48  ERROR     No CSV files found in: /Users/ericpronovost/Doppio/input
2026-06-04 15:33:49  INFO      ============================================================
2026-06-04 15:33:49  INFO      HJ_Syndigo_Organization  —  CRS610MI.Add + ChgFinancial + ChgOrderInfo
2026-06-04 15:33:49  INFO      ============================================================
2026-06-04 15:33:49  INFO      Found 11 CSV file(s)
2026-06-04 15:33:49  INFO      Target database : /Users/ericpronovost/sqlite/doppio.db
2026-06-04 15:33:49  INFO      Target table    : SyndigoOrg
2026-06-04 15:33:49  INFO      Reading: /Users/ericpronovost/Doppio/input/0 to 50000_Syndigo_Data_Migration_Organization.csv
2026-06-04 15:33:50  INFO        → 50,000 rows, 216 columns
2026-06-04 15:33:50  INFO        Resolving 3,159 Canadian province code(s) from postal codes …
2026-06-04 15:33:50  WARNING       ptyorgid='A0005612': could not resolve province from postal '00000' — left as 'CN'
2026-06-04 15:33:50  WARNING       ptyorgid='A0005701': could not resolve province from postal '00000' — left as 'CN'
2026-06-04 15:33:50  WARNING       ptyorgid='A0006628': could not resolve province from postal '00000' — left as 'CN'
2026-06-04 15:33:50  WARNING       ptyorgid='A0020215': could not resolve province from postal '00000' — left as 'CN'
2026-06-04 15:33:50  WARNING       ptyorgid='A0021257': could not resolve province from postal '00000' — left as 'CN'
2026-06-04 15:33:50  WARNING       ptyorgid='A0021576': could not resolve province from postal '00000' — left as 'CN'
2026-06-04 15:33:50  WARNING       ptyorgid='A0023598': could not resolve province from postal '00000' — left as 'CN'
2026-06-04 15:33:50  WARNING       ptyorgid='A0024145': could not resolve province from postal '00000' — left as 'CN'
2026-06-04 15:33:50  WARNING       ptyorgid='A0025565': could not resolve province from postal '00000' — left as 'CN'
2026-06-04 15:33:50  WARNING       ptyorgid='A0026864': could not resolve province from postal '00000' — left as 'CN'
2026-06-04 15:33:50  WARNING       ptyorgid='A0027952': could not resolve province from postal '00000' — left as 'CN'
2026-06-04 15:33:50  WARNING       ptyorgid='A0028701': could not resolve province from postal '00000' — left as 'CN'
2026-06-04 15:33:50  WARNING       ptyorgid='A0029939': could not resolve province from postal '00000' — left as 'CN'
2026-06-04 15:33:50  WARNING       ptyorgid='A0031395': could not resolve province from postal '00000' — left as 'CN'
2026-06-04 15:33:50  WARNING       ptyorgid='A0031860': could not resolve province from postal '00000' — left as 'CN'
2026-06-04 15:33:50  WARNING       ptyorgid='A0032176': could not resolve province from postal '00000' — left as 'CN'
2026-06-04 15:33:50  WARNING       ptyorgid='A0034120': could not resolve province from postal '00000' — left as 'CN'
2026-06-04 15:33:50  WARNING       ptyorgid='A0035007': could not resolve province from postal '00000' — left as 'CN'
2026-06-04 15:33:50  WARNING       ptyorgid='A0035355': could not resolve province from postal '00000' — left as 'CN'
2026-06-04 15:33:50  WARNING       ptyorgid='A0036372': could not resolve province from postal '00000' — left as 'CN'
2026-06-04 15:33:50  WARNING       ptyorgid='A0036912': could not resolve province from postal '00000' — left as 'CN'
2026-06-04 15:33:50  WARNING       ptyorgid='A0037582': could not resolve province from postal '00000' — left as 'CN'
2026-06-04 15:33:50  WARNING       ptyorgid='A0038061': could not resolve province from postal '00000' — left as 'CN'
2026-06-04 15:33:50  WARNING       ptyorgid='A0038249': could not resolve province from postal '00000' — left as 'CN'
2026-06-04 15:33:50  WARNING       ptyorgid='A0038354': could not resolve province from postal '00000' — left as 'CN'
2026-06-04 15:33:50  WARNING       ptyorgid='A0038895': could not resolve province from postal '00000' — left as 'CN'
2026-06-04 15:33:50  WARNING       ptyorgid='A0040111': could not resolve province from postal '00000' — left as 'CN'
2026-06-04 15:33:50  WARNING       ptyorgid='A0045250': could not resolve province from postal '00000' — left as 'CN'
2026-06-04 15:33:50  WARNING       ptyorgid='A0045348': could not resolve province from postal '00000' — left as 'CN'
2026-06-04 15:33:50  WARNING       ptyorgid='A0045369': could not resolve province from postal '00000' — left as 'CN'
2026-06-04 15:33:50  WARNING       ptyorgid='A0046089': could not resolve province from postal '00000' — left as 'CN'
2026-06-04 15:33:50  INFO          → 3,128 resolved, 31 unresolved (kept as CN)
2026-06-04 15:33:50  INFO        Tagged CSCD → CA: 3,128  US: 46,872
2026-06-04 15:33:50  INFO      Creating table SyndigoOrg
2026-06-04 15:33:51  INFO        ✓ 0 to 50000_Syndigo_Data_Migration_Organization.csv: 50,000 new rows, 0 updated
2026-06-04 15:33:51  INFO      Reading: /Users/ericpronovost/Doppio/input/100000 to 150000_Syndigo_Data_Migration_Organization.csv
2026-06-04 15:33:52  INFO        → 50,000 rows, 216 columns
2026-06-04 15:33:52  INFO        Resolving 5,120 Canadian province code(s) from postal codes …
2026-06-04 15:33:52  WARNING       ptyorgid='A0100816': could not resolve province from postal '00000' — left as 'CN'
2026-06-04 15:33:52  WARNING       ptyorgid='A0101278': could not resolve province from postal '00000' — left as 'CN'
2026-06-04 15:33:52  WARNING       ptyorgid='A0101927': could not resolve province from postal '00000' — left as 'CN'
2026-06-04 15:33:52  WARNING       ptyorgid='A0101949': could not resolve province from postal '00000' — left as 'CN'
2026-06-04 15:33:52  WARNING       ptyorgid='A0106951': could not resolve province from postal '00000' — left as 'CN'
2026-06-04 15:33:52  WARNING       ptyorgid='A0107409': could not resolve province from postal '00000' — left as 'CN'
2026-06-04 15:33:52  WARNING       ptyorgid='A0107715': could not resolve province from postal '00000' — left as 'CN'
2026-06-04 15:33:52  WARNING       ptyorgid='A0108888': could not resolve province from postal '00000' — left as 'CN'
2026-06-04 15:33:52  WARNING       ptyorgid='A0109462': could not resolve province from postal '00000' — left as 'CN'
2026-06-04 15:33:52  WARNING       ptyorgid='A0109478': could not resolve province from postal '00000' — left as 'CN'
2026-06-04 15:33:52  WARNING       ptyorgid='A0109994': could not resolve province from postal '00000' — left as 'CN'
2026-06-04 15:33:52  WARNING       ptyorgid='A0116824': could not resolve province from postal '00000' — left as 'CN'
2026-06-04 15:33:52  WARNING       ptyorgid='A0117359': could not resolve province from postal '00000' — left as 'CN'
2026-06-04 15:33:52  WARNING       ptyorgid='A0118633': could not resolve province from postal '00000' — left as 'CN'
2026-06-04 15:33:52  WARNING       ptyorgid='A0119221': could not resolve province from postal '00000' — left as 'CN'
2026-06-04 15:33:52  WARNING       ptyorgid='A0122620': could not resolve province from postal '00000' — left as 'CN'
2026-06-04 15:33:52  WARNING       ptyorgid='A0123570': could not resolve province from postal '00000' — left as 'CN'
2026-06-04 15:33:52  WARNING       ptyorgid='A0123826': could not resolve province from postal '00000' — left as 'CN'
2026-06-04 15:33:52  WARNING       ptyorgid='A0125600': could not resolve province from postal '00000' — left as 'CN'
2026-06-04 15:33:52  WARNING       ptyorgid='A0125833': could not resolve province from postal '00000' — left as 'CN'
2026-06-04 15:33:52  WARNING       ptyorgid='A0126018': could not resolve province from postal '00000' — left as 'CN'
2026-06-04 15:33:52  WARNING       ptyorgid='A0131508': could not resolve province from postal '00000' — left as 'CN'
2026-06-04 15:33:52  WARNING       ptyorgid='A0131658': could not resolve province from postal '00000' — left as 'CN'
2026-06-04 15:33:52  WARNING       ptyorgid='A0131754': could not resolve province from postal '00000' — left as 'CN'
2026-06-04 15:33:52  WARNING       ptyorgid='A0131778': could not resolve province from postal '00000' — left as 'CN'
2026-06-04 15:33:52  WARNING       ptyorgid='A0133802': could not resolve province from postal '00000' — left as 'CN'
2026-06-04 15:33:52  WARNING       ptyorgid='A0134551': could not resolve province from postal '00000' — left as 'CN'
2026-06-04 15:33:52  WARNING       ptyorgid='A0135067': could not resolve province from postal '00000' — left as 'CN'
2026-06-04 15:33:52  WARNING       ptyorgid='A0142457': could not resolve province from postal '00000' — left as 'CN'
2026-06-04 15:33:52  WARNING       ptyorgid='A0142919': could not resolve province from postal '00000' — left as 'CN'
2026-06-04 15:33:52  WARNING       ptyorgid='A0143249': could not resolve province from postal '00000' — left as 'CN'
2026-06-04 15:33:52  WARNING       ptyorgid='A0143833': could not resolve province from postal '00000' — left as 'CN'
2026-06-04 15:33:52  WARNING       ptyorgid='A0145813': could not resolve province from postal '00000' — left as 'CN'
2026-06-04 15:33:52  WARNING       ptyorgid='A0146301': could not resolve province from postal '00000' — left as 'CN'
2026-06-04 15:33:52  WARNING       ptyorgid='A0146891': could not resolve province from postal '00000' — left as 'CN'
2026-06-04 15:33:52  WARNING       ptyorgid='A0146904': could not resolve province from postal '00000' — left as 'CN'
2026-06-04 15:33:52  WARNING       ptyorgid='A0147205': could not resolve province from postal '00000' — left as 'CN'
2026-06-04 15:33:52  WARNING       ptyorgid='A0147342': could not resolve province from postal '00000' — left as 'CN'
2026-06-04 15:33:52  WARNING       ptyorgid='A0147675': could not resolve province from postal '0E 2A0' — left as 'CN'
2026-06-04 15:33:52  WARNING       ptyorgid='A0147875': could not resolve province from postal '2H 6J7' — left as 'CN'
2026-06-04 15:33:52  WARNING       ptyorgid='A0148491': could not resolve province from postal '00000' — left as 'CN'
2026-06-04 15:33:52  INFO          → 5,079 resolved, 41 unresolved (kept as CN)
2026-06-04 15:33:52  INFO        Tagged CSCD → CA: 5,079  US: 44,921
2026-06-04 15:33:53  INFO        ✓ 100000 to 150000_Syndigo_Data_Migration_Organization.csv: 50,000 new rows, 0 updated
2026-06-04 15:33:53  INFO      Reading: /Users/ericpronovost/Doppio/input/150000 to 200000_Syndigo_Data_Migration_Organization.csv
2026-06-04 15:33:54  INFO        → 50,000 rows, 216 columns
2026-06-04 15:33:54  INFO        Resolving 2,261 Canadian province code(s) from postal codes …
2026-06-04 15:33:54  WARNING       ptyorgid='A0150957': could not resolve province from postal '00000' — left as 'CN'
2026-06-04 15:33:54  WARNING       ptyorgid='A0151139': could not resolve province from postal '00000' — left as 'CN'
2026-06-04 15:33:54  WARNING       ptyorgid='A0151380': could not resolve province from postal '00000' — left as 'CN'
2026-06-04 15:33:54  WARNING       ptyorgid='A0151523': could not resolve province from postal '00000' — left as 'CN'
2026-06-04 15:33:54  WARNING       ptyorgid='A0151617': could not resolve province from postal '00000' — left as 'CN'
2026-06-04 15:33:54  WARNING       ptyorgid='A0151886': could not resolve province from postal '00000' — left as 'CN'
2026-06-04 15:33:54  WARNING       ptyorgid='A0152091': could not resolve province from postal '00000' — left as 'CN'
2026-06-04 15:33:54  WARNING       ptyorgid='A0152997': could not resolve province from postal '00000' — left as 'CN'
2026-06-04 15:33:54  WARNING       ptyorgid='A0153062': could not resolve province from postal '00058' — left as 'CN'
2026-06-04 15:33:54  WARNING       ptyorgid='A0153201': could not resolve province from postal '00000' — left as 'CN'
2026-06-04 15:33:54  WARNING       ptyorgid='A0153937': could not resolve province from postal '00000' — left as 'CN'
2026-06-04 15:33:54  WARNING       ptyorgid='A0155417': could not resolve province from postal '00000' — left as 'CN'
2026-06-04 15:33:54  WARNING       ptyorgid='A0156033': could not resolve province from postal '00000' — left as 'CN'
2026-06-04 15:33:54  WARNING       ptyorgid='A0156225': could not resolve province from postal '00000' — left as 'CN'
2026-06-04 15:33:54  WARNING       ptyorgid='A0156390': could not resolve province from postal '00000' — left as 'CN'
2026-06-04 15:33:54  WARNING       ptyorgid='A0156436': could not resolve province from postal '00000' — left as 'CN'
2026-06-04 15:33:54  WARNING       ptyorgid='A0156945': could not resolve province from postal '00000' — left as 'CN'
2026-06-04 15:33:54  WARNING       ptyorgid='A0156978': could not resolve province from postal '00000' — left as 'CN'
2026-06-04 15:33:54  WARNING       ptyorgid='A0157021': could not resolve province from postal '00000' — left as 'CN'
2026-06-04 15:33:54  WARNING       ptyorgid='A0157656': could not resolve province from postal '00000' — left as 'CN'
2026-06-04 15:33:54  WARNING       ptyorgid='A0157729': could not resolve province from postal '00000' — left as 'CN'
2026-06-04 15:33:54  WARNING       ptyorgid='A0157786': could not resolve province from postal '00000' — left as 'CN'
2026-06-04 15:33:54  WARNING       ptyorgid='A0157951': could not resolve province from postal '00000' — left as 'CN'
2026-06-04 15:33:54  WARNING       ptyorgid='A0158120': could not resolve province from postal '00000' — left as 'CN'
2026-06-04 15:33:54  WARNING       ptyorgid='A0158622': could not resolve province from postal '00000' — left as 'CN'
2026-06-04 15:33:54  WARNING       ptyorgid='A0158874': could not resolve province from postal '00058' — left as 'CN'
2026-06-04 15:33:54  WARNING       ptyorgid='A0159120': could not resolve province from postal '00000' — left as 'CN'
2026-06-04 15:33:54  WARNING       ptyorgid='A0159416': could not resolve province from postal '00000' — left as 'CN'
2026-06-04 15:33:54  WARNING       ptyorgid='A0159791': could not resolve province from postal '00061' — left as 'CN'
2026-06-04 15:33:54  WARNING       ptyorgid='A0159808': could not resolve province from postal '00000' — left as 'CN'
2026-06-04 15:33:54  WARNING       ptyorgid='A0159832': could not resolve province from postal '00000' — left as 'CN'
2026-06-04 15:33:54  WARNING       ptyorgid='A0159910': could not resolve province from postal '00000' — left as 'CN'
2026-06-04 15:33:54  WARNING       ptyorgid='A0160104': could not resolve province from postal '00000' — left as 'CN'
2026-06-04 15:33:54  WARNING       ptyorgid='A0160445': could not resolve province from postal '00000' — left as 'CN'
2026-06-04 15:33:54  WARNING       ptyorgid='A0161972': could not resolve province from postal '00000' — left as 'CN'
2026-06-04 15:33:54  WARNING       ptyorgid='A0162102': could not resolve province from postal '00000' — left as 'CN'
2026-06-04 15:33:54  WARNING       ptyorgid='A0162150': could not resolve province from postal '' — left as 'CN'
2026-06-04 15:33:54  WARNING       ptyorgid='A0162419': could not resolve province from postal '00000' — left as 'CN'
2026-06-04 15:33:54  WARNING       ptyorgid='A0162448': could not resolve province from postal '00000' — left as 'CN'
2026-06-04 15:33:54  WARNING       ptyorgid='A0162778': could not resolve province from postal '00000' — left as 'CN'
2026-06-04 15:33:54  WARNING       ptyorgid='A0163091': could not resolve province from postal '00000' — left as 'CN'
2026-06-04 15:33:54  WARNING       ptyorgid='A0163625': could not resolve province from postal '00000' — left as 'CN'
2026-06-04 15:33:54  WARNING       ptyorgid='A0163838': could not resolve province from postal '00000' — left as 'CN'
2026-06-04 15:33:54  WARNING       ptyorgid='A0165027': could not resolve province from postal '00000' — left as 'CN'
2026-06-04 15:33:54  WARNING       ptyorgid='A0165329': could not resolve province from postal '00000' — left as 'CN'
2026-06-04 15:33:54  WARNING       ptyorgid='A0165480': could not resolve province from postal '' — left as 'CN'
2026-06-04 15:33:54  WARNING       ptyorgid='A0165514': could not resolve province from postal '00000' — left as 'CN'
2026-06-04 15:33:54  WARNING       ptyorgid='A0165650': could not resolve province from postal '00000' — left as 'CN'
2026-06-04 15:33:54  WARNING       ptyorgid='A0166473': could not resolve province from postal '00000' — left as 'CN'
2026-06-04 15:33:54  WARNING       ptyorgid='A0166677': could not resolve province from postal '00000' — left as 'CN'
2026-06-04 15:33:54  WARNING       ptyorgid='A0167767': could not resolve province from postal '00000' — left as 'CN'
2026-06-04 15:33:54  WARNING       ptyorgid='A0168141': could not resolve province from postal '15  CN' — left as 'CN'
2026-06-04 15:33:54  WARNING       ptyorgid='A0168179': could not resolve province from postal '00000' — left as 'CN'
2026-06-04 15:33:54  WARNING       ptyorgid='A0168413': could not resolve province from postal '00000' — left as 'CN'
2026-06-04 15:33:54  WARNING       ptyorgid='A0168871': could not resolve province from postal '00000' — left as 'CN'
2026-06-04 15:33:54  WARNING       ptyorgid='A0169112': could not resolve province from postal '00000' — left as 'CN'
2026-06-04 15:33:54  WARNING       ptyorgid='A0169262': could not resolve province from postal '00000' — left as 'CN'
2026-06-04 15:33:54  WARNING       ptyorgid='A0169687': could not resolve province from postal '00000' — left as 'CN'
2026-06-04 15:33:54  WARNING       ptyorgid='A0169833': could not resolve province from postal '00000' — left as 'CN'
2026-06-04 15:33:54  WARNING       ptyorgid='A0169976': could not resolve province from postal '00000' — left as 'CN'
2026-06-04 15:33:54  WARNING       ptyorgid='A0170080': could not resolve province from postal '00000' — left as 'CN'
2026-06-04 15:33:54  WARNING       ptyorgid='A0170461': could not resolve province from postal '00000' — left as 'CN'
2026-06-04 15:33:54  WARNING       ptyorgid='A0170966': could not resolve province from postal '00000' — left as 'CN'
2026-06-04 15:33:54  WARNING       ptyorgid='A0171033': could not resolve province from postal '00000' — left as 'CN'
2026-06-04 15:33:54  WARNING       ptyorgid='A0171082': could not resolve province from postal '00000' — left as 'CN'
2026-06-04 15:33:54  WARNING       ptyorgid='A0171476': could not resolve province from postal '00000' — left as 'CN'
2026-06-04 15:33:54  WARNING       ptyorgid='A0171757': could not resolve province from postal '00000' — left as 'CN'
2026-06-04 15:33:54  WARNING       ptyorgid='A0171763': could not resolve province from postal '00000' — left as 'CN'
2026-06-04 15:33:54  WARNING       ptyorgid='A0171960': could not resolve province from postal '00 000' — left as 'CN'
2026-06-04 15:33:54  WARNING       ptyorgid='A0172678': could not resolve province from postal '00000' — left as 'CN'
2026-06-04 15:33:54  WARNING       ptyorgid='A0172816': could not resolve province from postal '00000' — left as 'CN'
2026-06-04 15:33:54  WARNING       ptyorgid='A0172936': could not resolve province from postal '7G 2B6' — left as 'CN'
2026-06-04 15:33:54  WARNING       ptyorgid='A0173513': could not resolve province from postal '00000' — left as 'CN'
2026-06-04 15:33:54  WARNING       ptyorgid='A0173796': could not resolve province from postal '00000' — left as 'CN'
2026-06-04 15:33:54  WARNING       ptyorgid='A0174698': could not resolve province from postal '00000' — left as 'CN'
2026-06-04 15:33:54  WARNING       ptyorgid='A0175436': could not resolve province from postal '00000' — left as 'CN'
2026-06-04 15:33:54  WARNING       ptyorgid='A0175630': could not resolve province from postal '00000' — left as 'CN'
2026-06-04 15:33:54  WARNING       ptyorgid='A0176258': could not resolve province from postal '00000' — left as 'CN'
2026-06-04 15:33:54  WARNING       ptyorgid='A0177069': could not resolve province from postal '00000' — left as 'CN'
2026-06-04 15:33:54  WARNING       ptyorgid='A0177224': could not resolve province from postal '00000' — left as 'CN'
2026-06-04 15:33:54  WARNING       ptyorgid='A0177465': could not resolve province from postal '00000' — left as 'CN'
2026-06-04 15:33:54  WARNING       ptyorgid='A0178830': could not resolve province from postal '00000' — left as 'CN'
2026-06-04 15:33:54  WARNING       ptyorgid='A0178918': could not resolve province from postal '00000' — left as 'CN'
2026-06-04 15:33:54  WARNING       ptyorgid='A0179231': could not resolve province from postal '00000' — left as 'CN'
2026-06-04 15:33:54  WARNING       ptyorgid='A0179298': could not resolve province from postal '8' — left as 'CN'
2026-06-04 15:33:54  WARNING       ptyorgid='A0179402': could not resolve province from postal '00000' — left as 'CN'
2026-06-04 15:33:54  WARNING       ptyorgid='A0180201': could not resolve province from postal '00000' — left as 'CN'
2026-06-04 15:33:54  WARNING       ptyorgid='A0180226': could not resolve province from postal '00000' — left as 'CN'
2026-06-04 15:33:54  WARNING       ptyorgid='A0180770': could not resolve province from postal '00000' — left as 'CN'
2026-06-04 15:33:54  WARNING       ptyorgid='A0180940': could not resolve province from postal '00000' — left as 'CN'
2026-06-04 15:33:54  WARNING       ptyorgid='A0181224': could not resolve province from postal '00000' — left as 'CN'
2026-06-04 15:33:54  WARNING       ptyorgid='A0181295': could not resolve province from postal '00000' — left as 'CN'
2026-06-04 15:33:54  WARNING       ptyorgid='A0181383': could not resolve province from postal '00000' — left as 'CN'
2026-06-04 15:33:54  WARNING       ptyorgid='A0181411': could not resolve province from postal '000000' — left as 'CN'
2026-06-04 15:33:54  WARNING       ptyorgid='A0182002': could not resolve province from postal '00000' — left as 'CN'
2026-06-04 15:33:54  WARNING       ptyorgid='A0182255': could not resolve province from postal '00000' — left as 'CN'
2026-06-04 15:33:54  WARNING       ptyorgid='A0182565': could not resolve province from postal '00000' — left as 'CN'
2026-06-04 15:33:54  WARNING       ptyorgid='A0183336': could not resolve province from postal '00000' — left as 'CN'
2026-06-04 15:33:54  WARNING       ptyorgid='A0183338': could not resolve province from postal '00000' — left as 'CN'
2026-06-04 15:33:54  WARNING       ptyorgid='A0183785': could not resolve province from postal '00000' — left as 'CN'
2026-06-04 15:33:54  WARNING       ptyorgid='A0184234': could not resolve province from postal '00000' — left as 'CN'
2026-06-04 15:33:54  WARNING       ptyorgid='A0184743': could not resolve province from postal '00000' — left as 'CN'
2026-06-04 15:33:54  WARNING       ptyorgid='A0184778': could not resolve province from postal '00000' — left as 'CN'
2026-06-04 15:33:54  WARNING       ptyorgid='A0184881': could not resolve province from postal '00000' — left as 'CN'
2026-06-04 15:33:54  WARNING       ptyorgid='A0185322': could not resolve province from postal '00000' — left as 'CN'
2026-06-04 15:33:54  WARNING       ptyorgid='A0185443': could not resolve province from postal '00000' — left as 'CN'
2026-06-04 15:33:54  WARNING       ptyorgid='A0185946': could not resolve province from postal '00000' — left as 'CN'
2026-06-04 15:33:54  WARNING       ptyorgid='A0186990': could not resolve province from postal '00000' — left as 'CN'
2026-06-04 15:33:54  WARNING       ptyorgid='A0187030': could not resolve province from postal '00000' — left as 'CN'
2026-06-04 15:33:54  WARNING       ptyorgid='A0187448': could not resolve province from postal '00000' — left as 'CN'
2026-06-04 15:33:54  WARNING       ptyorgid='A0187607': could not resolve province from postal '00000' — left as 'CN'
2026-06-04 15:33:54  WARNING       ptyorgid='A0193484': could not resolve province from postal '00000' — left as 'CN'
2026-06-04 15:33:54  WARNING       ptyorgid='A0195209': could not resolve province from postal '00000' — left as 'CN'
2026-06-04 15:33:54  WARNING       ptyorgid='A0197483': could not resolve province from postal '00000' — left as 'CN'
2026-06-04 15:33:54  WARNING       ptyorgid='A0199676': could not resolve province from postal '00000' — left as 'CN'
2026-06-04 15:33:54  INFO          → 2,146 resolved, 115 unresolved (kept as CN)
2026-06-04 15:33:54  INFO        Tagged CSCD → CA: 2,146  US: 47,854
2026-06-04 15:33:55  INFO        ✓ 150000 to 200000_Syndigo_Data_Migration_Organization.csv: 50,000 new rows, 0 updated
2026-06-04 15:33:55  INFO      Reading: /Users/ericpronovost/Doppio/input/200000 to 250000_Syndigo_Data_Migration_Organization.csv
2026-06-04 15:33:55  INFO        → 50,000 rows, 216 columns
2026-06-04 15:33:55  INFO        Resolving 1,213 Canadian province code(s) from postal codes …
2026-06-04 15:33:55  WARNING       ptyorgid='A0200495': could not resolve province from postal '00000' — left as 'CN'
2026-06-04 15:33:55  WARNING       ptyorgid='A0200651': could not resolve province from postal '00000' — left as 'CN'
2026-06-04 15:33:55  WARNING       ptyorgid='A0201187': could not resolve province from postal '00000' — left as 'CN'
2026-06-04 15:33:55  WARNING       ptyorgid='A0201192': could not resolve province from postal '00000' — left as 'CN'
2026-06-04 15:33:55  WARNING       ptyorgid='A0201214': could not resolve province from postal '00000' — left as 'CN'
2026-06-04 15:33:55  WARNING       ptyorgid='A0201261': could not resolve province from postal '00000' — left as 'CN'
2026-06-04 15:33:55  WARNING       ptyorgid='A0201397': could not resolve province from postal '00000' — left as 'CN'
2026-06-04 15:33:55  WARNING       ptyorgid='A0201490': could not resolve province from postal '2H 7C5' — left as 'CN'
2026-06-04 15:33:55  WARNING       ptyorgid='A0201811': could not resolve province from postal '00000' — left as 'CN'
2026-06-04 15:33:55  WARNING       ptyorgid='A0201856': could not resolve province from postal '00000' — left as 'CN'
2026-06-04 15:33:55  WARNING       ptyorgid='A0201912': could not resolve province from postal '00000' — left as 'CN'
2026-06-04 15:33:55  WARNING       ptyorgid='A0202325': could not resolve province from postal '00000' — left as 'CN'
2026-06-04 15:33:55  WARNING       ptyorgid='A0202369': could not resolve province from postal '00000' — left as 'CN'
2026-06-04 15:33:55  WARNING       ptyorgid='A0202811': could not resolve province from postal '00000' — left as 'CN'
2026-06-04 15:33:55  WARNING       ptyorgid='A0203137': could not resolve province from postal '00000' — left as 'CN'
2026-06-04 15:33:55  WARNING       ptyorgid='A0203189': could not resolve province from postal '00000' — left as 'CN'
2026-06-04 15:33:55  WARNING       ptyorgid='A0203194': could not resolve province from postal '00000' — left as 'CN'
2026-06-04 15:33:55  WARNING       ptyorgid='A0203533': could not resolve province from postal '00000' — left as 'CN'
2026-06-04 15:33:55  WARNING       ptyorgid='A0203695': could not resolve province from postal '00000' — left as 'CN'
2026-06-04 15:33:55  WARNING       ptyorgid='A0203744': could not resolve province from postal '00000' — left as 'CN'
2026-06-04 15:33:55  WARNING       ptyorgid='A0203839': could not resolve province from postal '00000' — left as 'CN'
2026-06-04 15:33:55  WARNING       ptyorgid='A0204029': could not resolve province from postal '00000' — left as 'CN'
2026-06-04 15:33:55  WARNING       ptyorgid='A0204081': could not resolve province from postal '00000' — left as 'CN'
2026-06-04 15:33:55  WARNING       ptyorgid='A0204082': could not resolve province from postal '00000' — left as 'CN'
2026-06-04 15:33:55  WARNING       ptyorgid='A0204083': could not resolve province from postal '00000' — left as 'CN'
2026-06-04 15:33:55  WARNING       ptyorgid='A0204093': could not resolve province from postal '00000' — left as 'CN'
2026-06-04 15:33:55  WARNING       ptyorgid='A0204266': could not resolve province from postal '00000' — left as 'CN'
2026-06-04 15:33:55  WARNING       ptyorgid='A0204296': could not resolve province from postal '00000' — left as 'CN'
2026-06-04 15:33:55  WARNING       ptyorgid='A0204482': could not resolve province from postal '00000' — left as 'CN'
2026-06-04 15:33:55  WARNING       ptyorgid='A0204591': could not resolve province from postal '1N 3W4' — left as 'CN'
2026-06-04 15:33:55  WARNING       ptyorgid='A0204600': could not resolve province from postal '00000' — left as 'CN'
2026-06-04 15:33:55  WARNING       ptyorgid='A0204993': could not resolve province from postal '00000' — left as 'CN'
2026-06-04 15:33:55  WARNING       ptyorgid='A0205198': could not resolve province from postal '00000' — left as 'CN'
2026-06-04 15:33:55  WARNING       ptyorgid='A0205464': could not resolve province from postal '00000' — left as 'CN'
2026-06-04 15:33:55  WARNING       ptyorgid='A0206159': could not resolve province from postal '00000' — left as 'CN'
2026-06-04 15:33:55  WARNING       ptyorgid='A0206695': could not resolve province from postal '00000' — left as 'CN'
2026-06-04 15:33:55  WARNING       ptyorgid='A0206753': could not resolve province from postal '00000' — left as 'CN'
2026-06-04 15:33:55  WARNING       ptyorgid='A0206758': could not resolve province from postal '00000' — left as 'CN'
2026-06-04 15:33:55  WARNING       ptyorgid='A0206762': could not resolve province from postal '00000' — left as 'CN'
2026-06-04 15:33:55  WARNING       ptyorgid='A0206771': could not resolve province from postal '00000' — left as 'CN'
2026-06-04 15:33:55  WARNING       ptyorgid='A0206903': could not resolve province from postal '00000' — left as 'CN'
2026-06-04 15:33:55  WARNING       ptyorgid='A0207134': could not resolve province from postal '00000' — left as 'CN'
2026-06-04 15:33:55  WARNING       ptyorgid='A0207402': could not resolve province from postal '00000' — left as 'CN'
2026-06-04 15:33:55  WARNING       ptyorgid='A0207558': could not resolve province from postal '00000' — left as 'CN'
2026-06-04 15:33:55  WARNING       ptyorgid='A0207576': could not resolve province from postal 'IL 3Z5' — left as 'CN'
2026-06-04 15:33:55  WARNING       ptyorgid='A0207760': could not resolve province from postal '00000' — left as 'CN'
2026-06-04 15:33:55  WARNING       ptyorgid='A0208036': could not resolve province from postal '00000' — left as 'CN'
2026-06-04 15:33:55  WARNING       ptyorgid='A0208094': could not resolve province from postal '00000' — left as 'CN'
2026-06-04 15:33:55  WARNING       ptyorgid='A0208641': could not resolve province from postal '00000' — left as 'CN'
2026-06-04 15:33:55  WARNING       ptyorgid='A0208784': could not resolve province from postal '00000' — left as 'CN'
2026-06-04 15:33:55  WARNING       ptyorgid='A0208956': could not resolve province from postal '4L 1A5' — left as 'CN'
2026-06-04 15:33:55  WARNING       ptyorgid='A0208960': could not resolve province from postal '8N 0C5' — left as 'CN'
2026-06-04 15:33:55  WARNING       ptyorgid='A0209205': could not resolve province from postal '00000' — left as 'CN'
2026-06-04 15:33:55  WARNING       ptyorgid='A0209259': could not resolve province from postal '00000' — left as 'CN'
2026-06-04 15:33:55  WARNING       ptyorgid='A0209332': could not resolve province from postal '00000' — left as 'CN'
2026-06-04 15:33:55  WARNING       ptyorgid='A0209334': could not resolve province from postal '00000' — left as 'CN'
2026-06-04 15:33:55  WARNING       ptyorgid='A0209396': could not resolve province from postal '00000' — left as 'CN'
2026-06-04 15:33:55  WARNING       ptyorgid='A0209444': could not resolve province from postal '7A 2Y6' — left as 'CN'
2026-06-04 15:33:55  WARNING       ptyorgid='A0209445': could not resolve province from postal '4L 2E5' — left as 'CN'
2026-06-04 15:33:55  WARNING       ptyorgid='A0209450': could not resolve province from postal '4R 1H7' — left as 'CN'
2026-06-04 15:33:55  WARNING       ptyorgid='A0209451': could not resolve province from postal '0J 2A0' — left as 'CN'
2026-06-04 15:33:55  WARNING       ptyorgid='A0209541': could not resolve province from postal '0C 2J0' — left as 'CN'
2026-06-04 15:33:55  WARNING       ptyorgid='A0209550': could not resolve province from postal '0A 0Y0' — left as 'CN'
2026-06-04 15:33:55  WARNING       ptyorgid='A0209551': could not resolve province from postal '2A 5T8' — left as 'CN'
2026-06-04 15:33:55  WARNING       ptyorgid='A0209982': could not resolve province from postal '00000' — left as 'CN'
2026-06-04 15:33:55  WARNING       ptyorgid='A0210042': could not resolve province from postal '00000' — left as 'CN'
2026-06-04 15:33:55  WARNING       ptyorgid='A0210052': could not resolve province from postal '0K 0M0' — left as 'CN'
2026-06-04 15:33:55  WARNING       ptyorgid='A0210393': could not resolve province from postal '00000' — left as 'CN'
2026-06-04 15:33:55  WARNING       ptyorgid='A0210415': could not resolve province from postal '00000' — left as 'CN'
2026-06-04 15:33:55  WARNING       ptyorgid='A0210802': could not resolve province from postal '00000' — left as 'CN'
2026-06-04 15:33:55  WARNING       ptyorgid='A0210837': could not resolve province from postal '00000' — left as 'CN'
2026-06-04 15:33:55  WARNING       ptyorgid='A0210921': could not resolve province from postal '00000' — left as 'CN'
2026-06-04 15:33:55  WARNING       ptyorgid='A0211362': could not resolve province from postal '00000' — left as 'CN'
2026-06-04 15:33:55  WARNING       ptyorgid='A0211452': could not resolve province from postal '00000' — left as 'CN'
2026-06-04 15:33:55  WARNING       ptyorgid='A0211475': could not resolve province from postal '00000' — left as 'CN'
2026-06-04 15:33:55  WARNING       ptyorgid='A0211688': could not resolve province from postal '00000' — left as 'CN'
2026-06-04 15:33:55  WARNING       ptyorgid='A0212202': could not resolve province from postal '00000' — left as 'CN'
2026-06-04 15:33:55  WARNING       ptyorgid='A0212212': could not resolve province from postal '00000' — left as 'CN'
2026-06-04 15:33:55  WARNING       ptyorgid='A0212854': could not resolve province from postal '00000' — left as 'CN'
2026-06-04 15:33:55  WARNING       ptyorgid='A0214043': could not resolve province from postal '00000' — left as 'CN'
2026-06-04 15:33:55  WARNING       ptyorgid='A0214774': could not resolve province from postal '00000' — left as 'CN'
2026-06-04 15:33:55  WARNING       ptyorgid='A0215446': could not resolve province from postal '73B1N5' — left as 'CN'
2026-06-04 15:33:55  WARNING       ptyorgid='A0215508': could not resolve province from postal '00000' — left as 'CN'
2026-06-04 15:33:55  WARNING       ptyorgid='A0216033': could not resolve province from postal '00000' — left as 'CN'
2026-06-04 15:33:55  WARNING       ptyorgid='A0216584': could not resolve province from postal '00000' — left as 'CN'
2026-06-04 15:33:55  WARNING       ptyorgid='A0216867': could not resolve province from postal '00000' — left as 'CN'
2026-06-04 15:33:55  WARNING       ptyorgid='A0217132': could not resolve province from postal '00000' — left as 'CN'
2026-06-04 15:33:55  WARNING       ptyorgid='A0218413': could not resolve province from postal '00000' — left as 'CN'
2026-06-04 15:33:55  WARNING       ptyorgid='A0218662': could not resolve province from postal '00000' — left as 'CN'
2026-06-04 15:33:55  WARNING       ptyorgid='A0218976': could not resolve province from postal '00000' — left as 'CN'
2026-06-04 15:33:55  WARNING       ptyorgid='A0219380': could not resolve province from postal '00000' — left as 'CN'
2026-06-04 15:33:55  WARNING       ptyorgid='A0219480': could not resolve province from postal '00000' — left as 'CN'
2026-06-04 15:33:55  WARNING       ptyorgid='A0220253': could not resolve province from postal '00000' — left as 'CN'
2026-06-04 15:33:55  WARNING       ptyorgid='A0222586': could not resolve province from postal '00000' — left as 'CN'
2026-06-04 15:33:55  WARNING       ptyorgid='A0222816': could not resolve province from postal '00000' — left as 'CN'
2026-06-04 15:33:55  WARNING       ptyorgid='A0223909': could not resolve province from postal '94P3V7' — left as 'CN'
2026-06-04 15:33:55  WARNING       ptyorgid='A0224963': could not resolve province from postal '00000' — left as 'CN'
2026-06-04 15:33:55  WARNING       ptyorgid='A0233496': could not resolve province from postal '00000' — left as 'CN'
2026-06-04 15:33:55  WARNING       ptyorgid='A0233658': could not resolve province from postal '00000' — left as 'CN'
2026-06-04 15:33:55  WARNING       ptyorgid='A0234041': could not resolve province from postal '00000' — left as 'CN'
2026-06-04 15:33:55  WARNING       ptyorgid='A0235578': could not resolve province from postal '' — left as 'CN'
2026-06-04 15:33:55  INFO          → 1,112 resolved, 101 unresolved (kept as CN)
2026-06-04 15:33:56  INFO        Tagged CSCD → CA: 1,112  US: 48,888
2026-06-04 15:33:57  INFO        ✓ 200000 to 250000_Syndigo_Data_Migration_Organization.csv: 50,000 new rows, 0 updated
2026-06-04 15:33:57  INFO      Reading: /Users/ericpronovost/Doppio/input/250000 to 300000_Syndigo_Data_Migration_Organization.csv
2026-06-04 15:33:57  INFO        → 50,000 rows, 216 columns
2026-06-04 15:33:57  INFO        Resolving 857 Canadian province code(s) from postal codes …
2026-06-04 15:33:57  INFO          → 857 resolved, 0 unresolved (kept as CN)
2026-06-04 15:33:57  INFO        Tagged CSCD → CA: 860  US: 49,140
2026-06-04 15:33:58  INFO        ✓ 250000 to 300000_Syndigo_Data_Migration_Organization.csv: 50,000 new rows, 0 updated
2026-06-04 15:33:58  INFO      Reading: /Users/ericpronovost/Doppio/input/300000 to 350000_Syndigo_Data_Migration_Organization.csv
2026-06-04 15:33:59  INFO        → 50,000 rows, 216 columns
2026-06-04 15:33:59  INFO        Resolving 1,576 Canadian province code(s) from postal codes …
2026-06-04 15:33:59  WARNING       ptyorgid='A0348451': could not resolve province from postal '00000' — left as 'CN'
2026-06-04 15:33:59  WARNING       ptyorgid='A0348691': could not resolve province from postal '3Y 1S4' — left as 'CN'
2026-06-04 15:33:59  WARNING       ptyorgid='A0348970': could not resolve province from postal '00000' — left as 'CN'
2026-06-04 15:33:59  WARNING       ptyorgid='A0348971': could not resolve province from postal '00000' — left as 'CN'
2026-06-04 15:33:59  WARNING       ptyorgid='A0349208': could not resolve province from postal '' — left as 'CN'
2026-06-04 15:33:59  WARNING       ptyorgid='A0349974': could not resolve province from postal '00000' — left as 'CN'
2026-06-04 15:33:59  INFO          → 1,570 resolved, 6 unresolved (kept as CN)
2026-06-04 15:33:59  INFO        Tagged CSCD → CA: 1,572  US: 48,428
2026-06-04 15:34:00  INFO        ✓ 300000 to 350000_Syndigo_Data_Migration_Organization.csv: 50,000 new rows, 0 updated
2026-06-04 15:34:00  INFO      Reading: /Users/ericpronovost/Doppio/input/350000 to 400000_Syndigo_Data_Migration_Organization.csv
2026-06-04 15:34:01  INFO        → 50,000 rows, 216 columns
2026-06-04 15:34:01  INFO        Resolving 2,700 Canadian province code(s) from postal codes …
2026-06-04 15:34:01  WARNING       ptyorgid='A0350406': could not resolve province from postal '00000' — left as 'CN'
2026-06-04 15:34:01  WARNING       ptyorgid='A0350469': could not resolve province from postal '00000' — left as 'CN'
2026-06-04 15:34:01  WARNING       ptyorgid='A0350849': could not resolve province from postal '00000' — left as 'CN'
2026-06-04 15:34:01  WARNING       ptyorgid='A0350865': could not resolve province from postal '00000' — left as 'CN'
2026-06-04 15:34:01  WARNING       ptyorgid='A0351105': could not resolve province from postal '00000' — left as 'CN'
2026-06-04 15:34:01  WARNING       ptyorgid='A0351159': could not resolve province from postal '00000' — left as 'CN'
2026-06-04 15:34:01  WARNING       ptyorgid='A0351349': could not resolve province from postal '00000' — left as 'CN'
2026-06-04 15:34:01  WARNING       ptyorgid='A0351393': could not resolve province from postal '00000' — left as 'CN'
2026-06-04 15:34:01  WARNING       ptyorgid='A0364328': could not resolve province from postal '00000' — left as 'CN'
2026-06-04 15:34:01  WARNING       ptyorgid='A0364783': could not resolve province from postal '00000' — left as 'CN'
2026-06-04 15:34:01  WARNING       ptyorgid='A0365209': could not resolve province from postal '00000' — left as 'CN'
2026-06-04 15:34:01  WARNING       ptyorgid='A0365210': could not resolve province from postal '00000' — left as 'CN'
2026-06-04 15:34:01  WARNING       ptyorgid='A0365269': could not resolve province from postal '00000' — left as 'CN'
2026-06-04 15:34:01  WARNING       ptyorgid='A0365737': could not resolve province from postal '00000' — left as 'CN'
2026-06-04 15:34:01  WARNING       ptyorgid='A0366011': could not resolve province from postal '00000' — left as 'CN'
2026-06-04 15:34:01  WARNING       ptyorgid='A0366013': could not resolve province from postal '00000' — left as 'CN'
2026-06-04 15:34:01  WARNING       ptyorgid='A0366023': could not resolve province from postal '00000' — left as 'CN'
2026-06-04 15:34:01  WARNING       ptyorgid='A0366037': could not resolve province from postal '9X 1G2' — left as 'CN'
2026-06-04 15:34:01  WARNING       ptyorgid='A0366453': could not resolve province from postal '3A 8B8' — left as 'CN'
2026-06-04 15:34:01  WARNING       ptyorgid='A0366455': could not resolve province from postal '3C 3T2' — left as 'CN'
2026-06-04 15:34:01  WARNING       ptyorgid='A0366734': could not resolve province from postal '00000' — left as 'CN'
2026-06-04 15:34:01  WARNING       ptyorgid='A0366902': could not resolve province from postal '00000' — left as 'CN'
2026-06-04 15:34:01  WARNING       ptyorgid='A0367294': could not resolve province from postal '00000' — left as 'CN'
2026-06-04 15:34:01  WARNING       ptyorgid='A0367336': could not resolve province from postal '00000' — left as 'CN'
2026-06-04 15:34:01  WARNING       ptyorgid='A0367341': could not resolve province from postal '00000' — left as 'CN'
2026-06-04 15:34:01  WARNING       ptyorgid='A0367348': could not resolve province from postal '00000' — left as 'CN'
2026-06-04 15:34:01  WARNING       ptyorgid='A0367771': could not resolve province from postal '00000' — left as 'CN'
2026-06-04 15:34:01  WARNING       ptyorgid='A0367780': could not resolve province from postal '00000' — left as 'CN'
2026-06-04 15:34:01  WARNING       ptyorgid='A0367837': could not resolve province from postal '00000' — left as 'CN'
2026-06-04 15:34:01  WARNING       ptyorgid='A0368220': could not resolve province from postal '00000' — left as 'CN'
2026-06-04 15:34:01  INFO          → 2,670 resolved, 30 unresolved (kept as CN)
2026-06-04 15:34:01  INFO        Tagged CSCD → CA: 2,670  US: 47,330
2026-06-04 15:34:02  INFO        ✓ 350000 to 400000_Syndigo_Data_Migration_Organization.csv: 50,000 new rows, 0 updated
2026-06-04 15:34:02  INFO      Reading: /Users/ericpronovost/Doppio/input/400000 to 450000_Syndigo_Data_Migration_Organization.csv
2026-06-04 15:34:03  INFO        → 50,000 rows, 216 columns
2026-06-04 15:34:03  INFO        Tagged CSCD → CA: 0  US: 50,000
2026-06-04 15:34:04  INFO        ✓ 400000 to 450000_Syndigo_Data_Migration_Organization.csv: 50,000 new rows, 0 updated
2026-06-04 15:34:04  INFO      Reading: /Users/ericpronovost/Doppio/input/450000 to 500000_Syndigo_Data_Migration_Organization.csv
2026-06-04 15:34:05  INFO        → 50,000 rows, 216 columns
2026-06-04 15:34:05  INFO        Tagged CSCD → CA: 0  US: 50,000
2026-06-04 15:34:06  INFO        ✓ 450000 to 500000_Syndigo_Data_Migration_Organization.csv: 50,000 new rows, 0 updated
2026-06-04 15:34:06  INFO      Reading: /Users/ericpronovost/Doppio/input/50000 to 100000_Syndigo_Data_Migration_Organization.csv
2026-06-04 15:34:07  INFO        → 50,000 rows, 216 columns
2026-06-04 15:34:07  INFO        Resolving 5,316 Canadian province code(s) from postal codes …
2026-06-04 15:34:07  WARNING       ptyorgid='A0051213': could not resolve province from postal '00000' — left as 'CN'
2026-06-04 15:34:07  WARNING       ptyorgid='A0051414': could not resolve province from postal '00000' — left as 'CN'
2026-06-04 15:34:07  WARNING       ptyorgid='A0053067': could not resolve province from postal '00000' — left as 'CN'
2026-06-04 15:34:07  WARNING       ptyorgid='A0053321': could not resolve province from postal '00000' — left as 'CN'
2026-06-04 15:34:07  WARNING       ptyorgid='A0053424': could not resolve province from postal '00000' — left as 'CN'
2026-06-04 15:34:07  WARNING       ptyorgid='A0053860': could not resolve province from postal '00000' — left as 'CN'
2026-06-04 15:34:07  WARNING       ptyorgid='A0058775': could not resolve province from postal '00000' — left as 'CN'
2026-06-04 15:34:07  WARNING       ptyorgid='A0058868': could not resolve province from postal '00000' — left as 'CN'
2026-06-04 15:34:07  WARNING       ptyorgid='A0058968': could not resolve province from postal '00000' — left as 'CN'
2026-06-04 15:34:07  WARNING       ptyorgid='A0059128': could not resolve province from postal '00000' — left as 'CN'
2026-06-04 15:34:07  WARNING       ptyorgid='A0059381': could not resolve province from postal '00000' — left as 'CN'
2026-06-04 15:34:07  WARNING       ptyorgid='A0061607': could not resolve province from postal '00000' — left as 'CN'
2026-06-04 15:34:07  WARNING       ptyorgid='A0062380': could not resolve province from postal '00000' — left as 'CN'
2026-06-04 15:34:07  WARNING       ptyorgid='A0064350': could not resolve province from postal '00000' — left as 'CN'
2026-06-04 15:34:07  WARNING       ptyorgid='A0064454': could not resolve province from postal '00000' — left as 'CN'
2026-06-04 15:34:07  WARNING       ptyorgid='A0068626': could not resolve province from postal '00000' — left as 'CN'
2026-06-04 15:34:07  WARNING       ptyorgid='A0069236': could not resolve province from postal '00000' — left as 'CN'
2026-06-04 15:34:07  WARNING       ptyorgid='A0069337': could not resolve province from postal '00000' — left as 'CN'
2026-06-04 15:34:07  WARNING       ptyorgid='A0072166': could not resolve province from postal '00000' — left as 'CN'
2026-06-04 15:34:07  WARNING       ptyorgid='A0072954': could not resolve province from postal '00000' — left as 'CN'
2026-06-04 15:34:07  WARNING       ptyorgid='A0073448': could not resolve province from postal '00000' — left as 'CN'
2026-06-04 15:34:07  WARNING       ptyorgid='A0074715': could not resolve province from postal '00000' — left as 'CN'
2026-06-04 15:34:07  WARNING       ptyorgid='A0075096': could not resolve province from postal '00000' — left as 'CN'
2026-06-04 15:34:07  WARNING       ptyorgid='A0075383': could not resolve province from postal '00000' — left as 'CN'
2026-06-04 15:34:07  WARNING       ptyorgid='A0076233': could not resolve province from postal '00000' — left as 'CN'
2026-06-04 15:34:07  WARNING       ptyorgid='A0077816': could not resolve province from postal '00000' — left as 'CN'
2026-06-04 15:34:07  WARNING       ptyorgid='A0077905': could not resolve province from postal '00000' — left as 'CN'
2026-06-04 15:34:07  WARNING       ptyorgid='A0078335': could not resolve province from postal '00000' — left as 'CN'
2026-06-04 15:34:07  WARNING       ptyorgid='A0079443': could not resolve province from postal '00000' — left as 'CN'
2026-06-04 15:34:07  WARNING       ptyorgid='A0079652': could not resolve province from postal '00000' — left as 'CN'
2026-06-04 15:34:07  WARNING       ptyorgid='A0084155': could not resolve province from postal '00000' — left as 'CN'
2026-06-04 15:34:07  WARNING       ptyorgid='A0084187': could not resolve province from postal '00000' — left as 'CN'
2026-06-04 15:34:07  WARNING       ptyorgid='A0084657': could not resolve province from postal '00000' — left as 'CN'
2026-06-04 15:34:07  WARNING       ptyorgid='A0084674': could not resolve province from postal '00000' — left as 'CN'
2026-06-04 15:34:07  WARNING       ptyorgid='A0085749': could not resolve province from postal '00000' — left as 'CN'
2026-06-04 15:34:07  WARNING       ptyorgid='A0087699': could not resolve province from postal '00000' — left as 'CN'
2026-06-04 15:34:07  WARNING       ptyorgid='A0087738': could not resolve province from postal '00000' — left as 'CN'
2026-06-04 15:34:07  WARNING       ptyorgid='A0087795': could not resolve province from postal '00000' — left as 'CN'
2026-06-04 15:34:07  WARNING       ptyorgid='A0087939': could not resolve province from postal '57N1N5' — left as 'CN'
2026-06-04 15:34:07  WARNING       ptyorgid='A0088043': could not resolve province from postal '00000' — left as 'CN'
2026-06-04 15:34:07  WARNING       ptyorgid='A0088810': could not resolve province from postal '00000' — left as 'CN'
2026-06-04 15:34:07  WARNING       ptyorgid='A0090408': could not resolve province from postal '00000' — left as 'CN'
2026-06-04 15:34:07  WARNING       ptyorgid='A0090831': could not resolve province from postal '00000' — left as 'CN'
2026-06-04 15:34:07  WARNING       ptyorgid='A0091304': could not resolve province from postal '00000' — left as 'CN'
2026-06-04 15:34:07  WARNING       ptyorgid='A0091415': could not resolve province from postal '00000' — left as 'CN'
2026-06-04 15:34:07  WARNING       ptyorgid='A0091611': could not resolve province from postal '00000' — left as 'CN'
2026-06-04 15:34:07  WARNING       ptyorgid='A0091784': could not resolve province from postal '00000' — left as 'CN'
2026-06-04 15:34:07  WARNING       ptyorgid='A0094784': could not resolve province from postal '00000' — left as 'CN'
2026-06-04 15:34:07  WARNING       ptyorgid='A0094813': could not resolve province from postal '00000' — left as 'CN'
2026-06-04 15:34:07  WARNING       ptyorgid='A0095341': could not resolve province from postal '00000' — left as 'CN'
2026-06-04 15:34:07  WARNING       ptyorgid='A0096874': could not resolve province from postal '00000' — left as 'CN'
2026-06-04 15:34:07  WARNING       ptyorgid='A0098533': could not resolve province from postal '00000' — left as 'CN'
2026-06-04 15:34:07  WARNING       ptyorgid='A0098686': could not resolve province from postal '00000' — left as 'CN'
2026-06-04 15:34:07  WARNING       ptyorgid='A0099247': could not resolve province from postal '00000' — left as 'CN'
2026-06-04 15:34:07  WARNING       ptyorgid='A0099543': could not resolve province from postal '00000' — left as 'CN'
2026-06-04 15:34:07  WARNING       ptyorgid='A0099631': could not resolve province from postal '00000' — left as 'CN'
2026-06-04 15:34:07  INFO          → 5,260 resolved, 56 unresolved (kept as CN)
2026-06-04 15:34:07  INFO        Tagged CSCD → CA: 5,260  US: 44,740
2026-06-04 15:34:08  INFO        ✓ 50000 to 100000_Syndigo_Data_Migration_Organization.csv: 50,000 new rows, 0 updated
2026-06-04 15:34:08  INFO      Reading: /Users/ericpronovost/Doppio/input/500000 to 550000_Syndigo_Data_Migration_Organization.csv
2026-06-04 15:34:09  INFO        → 50,000 rows, 216 columns
2026-06-04 15:34:10  INFO        Tagged CSCD → CA: 0  US: 50,000
2026-06-04 15:34:11  INFO        ✓ 500000 to 550000_Syndigo_Data_Migration_Organization.csv: 50,000 new rows, 0 updated
2026-06-04 15:34:11  INFO      ────────────────────────────────────────────────────────────
2026-06-04 15:34:11  INFO      DB load done. Total new: 550,000  |  Total updated: 0
2026-06-04 15:34:11  INFO      Total rows for Excel mapping: 550,000
2026-06-04 15:34:28  INFO        Mapped 390,775 records → CRS610MI.Add
2026-06-04 15:34:28  INFO        Mapped 21,286 records → CRS610MI.ChgFinancial
2026-06-04 15:34:28  INFO        Mapped 390,775 records → CRS610MI.ChgOrderInfo
2026-06-04 15:40:43  INFO        Saved: /Users/ericpronovost/Doppio/output/HJ_Customers_20260604_153955.xlsx
2026-06-04 15:40:43  INFO        Wrote: Customers_API_CRS610MI_Add.sql
2026-06-04 15:40:43  INFO        Wrote: Customers_API_CRS610MI_ChgFinancial.sql
2026-06-04 15:40:43  INFO        Wrote: Customers_API_CRS610MI_ChgOrderInfo.sql
2026-06-04 15:40:43  INFO        SQL files written to: /Users/ericpronovost/Doppio
2026-06-04 15:40:44  INFO      Done.
