MMCONO|MMDIVI|MMITNO|MMCFIS|MMIIPI|MMCIPI|MMXPI1|MMCPIS|MMRPIS|MMCOFI|MMXCCO|MMRCOF|MMXIMP|MMIORI|MMXSAT|MMRGDT|MMRGTM|MMLMDT|MMCHID|MMCHNO|MMEXIP|MMBICM|MMBCST|MMVPIS|MMVCOF|MMFCIN|MMGTIN|MMIMPA|MMEXOA|MMIMPE|MMUNMS|MMCOPI|MMXIPF|MMXICS|MMXITT|MMXSTP|MMXRSC|MMXIIC|MMLMTS
1|801|0-16BAR|39199090|\N|\N|\N|0|\N|\N|0|\N|1.44|1|3|20260323|212037|20260715|ABENAVIDES|4|\N|3|\N|\N|\N|\N|\N|\N|\N|\N|PC|\N|\N|\N|\N|\N|\N|\N|1784122535044
1||0.020 7075 T6 1|90212900|\N|\N|\N||\N|\N||\N|\N|||20260323|212037|20260715||2|\N|3|\N|\N|\N|\N|\N|\N|\N|\N||\N|\N|\N|\N|\N|\N|\N|1784122535052
1||0000450530|73269090|\N|\N|\N||\N|\N||\N|\N|||20260323|212037|20260715||2|\N|3|\N|\N|\N|\N|\N|\N|\N|\N||\N|\N|\N|\N|\N|\N|\N|1784122535059
1||00031042|63072000|\N|\N|\N||\N|\N||\N|\N|||20260323|212037|20260715||2|\N|3|\N|\N|\N|\N|\N|\N|\N|\N|UN|\N|\N|\N|\N|\N|\N|\N|1784122535066
1||00051312|89031900|\N|\N|\N||\N|\N||\N|\N|||20260323|212037|20260715||2|\N|3|\N|\N|\N|\N|\N|\N|\N|\N||\N|\N|\N|\N|\N|\N|\N|1784122535072
1||001104-200-02|85389090|\N|\N|\N||\N|\N||\N|\N|||20260323|212037|20260715||2|\N|3|\N|\N|\N|\N|\N|\N|\N|\N|PC|\N|\N|\N|\N|\N|\N|\N|1784122535080
1||001105-202-02|85364100|\N|\N|\N||\N|\N||\N|\N|||20260323|212037|20260715||2|\N|3|\N|\N|\N|\N|\N|\N|\N|\N||\N|\N|\N|\N|\N|\N|\N|1784122535086
1||00375-2003-0000|85392110|\N|\N|\N||\N|\N||\N|\N|||20260323|212037|20260715||2|\N|3|\N|\N|\N|\N|\N|\N|\N|\N||\N|\N|\N|\N|\N|\N|\N|1784122535092
1||00462|40169300|\N|\N|\N||\N|\N||\N|\N|||20260323|212037|20260715||2|\N|3|\N|\N|\N|\N|\N|\N|\N|\N||\N|\N|\N|\N|\N|\N|\N|1784122535098
1||005-8414-010|34029039|\N|\N|\N||\N|\N||\N|\N|||20260323|212037|20260715||2|\N|3|\N|\N|\N|\N|\N|\N|\N|\N||\N|\N|\N|\N|\N|\N|\N|1784122535105
1||007923|90314990|\N|\N|\N||\N|\N||\N|\N|||20260323|212037|20260715||2|\N|3|\N|\N|\N|\N|\N|\N|\N|\N||\N|\N|\N|\N|\N|\N|\N|1784122535111
1||0090002574|88073000|\N|\N|\N||\N|\N||\N|\N|||20260323|212037|20260715||2|\N|3|\N|\N|\N|\N|\N|\N|\N|\N||\N|\N|\N|\N|\N|\N|\N|1784122535117
1||01-0770028-05|85044090|\N|\N|\N||\N|\N||\N|\N|||20260323|212037|20260715||2|\N|3|\N|\N|\N|\N|\N|\N|\N|\N|UN|\N|\N|\N|\N|\N|\N|\N|1784122535123
1||01-1127-0000|73269090|\N|\N|\N||\N|\N||\N|\N|||20260323|212037|20260715||2|\N|3|\N|\N|\N|\N|\N|\N|\N|\N||\N|\N|\N|\N|\N|\N|\N|1784122535129
1||010032|88073000|\N|\N|\N||\N|\N||\N|\N|||20260323|212037|20260715||2|\N|3|\N|\N|\N|\N|\N|\N|\N|\N|PC|\N|\N|\N|\N|\N|\N|\N|1784122535136
1||010094|48119011|\N|\N|\N||\N|\N||\N|\N|||20260323|212037|20260715||2|\N|3|\N|\N|\N|\N|\N|\N|\N|\N|UN|\N|\N|\N|\N|\N|\N|\N|1784122535142
1||010101|83059000|\N|\N|\N||\N|\N||\N|\N|||20260323|212037|20260715||2|\N|3|\N|\N|\N|\N|\N|\N|\N|\N||\N|\N|\N|\N|\N|\N|\N|1784122535148
1||010141|90318040|\N|\N|\N||\N|\N||\N|\N|||20260323|212037|20260715||2|\N|3|\N|\N|\N|\N|\N|\N|\N|\N|PC|\N|\N|\N|\N|\N|\N|\N|1784122535154
1||010155|94034000|\N|\N|\N||\N|\N||\N|\N|||20260323|212037|20260715||2|\N|3|\N|\N|\N|\N|\N|\N|\N|\N|UN|\N|\N|\N|\N|\N|\N|\N|1784122535161
1||010197|48209000|\N|\N|\N||\N|\N||\N|\N|||20260323|212037|20260715||2|\N|3|\N|\N|\N|\N|\N|\N|\N|\N|PC|\N|\N|\N|\N|\N|\N|\N|1784122535167
1||010200|63079090|\N|\N|\N||\N|\N||\N|\N|||20260323|212037|20260715||2|\N|3|\N|\N|\N|\N|\N|\N|\N|\N|UN|\N|\N|\N|\N|\N|\N|\N|1784122535173
1||010207|84151090|\N|\N|\N||\N|\N||\N|\N|||20260323|212037|20260715||2|\N|3|\N|\N|\N|\N|\N|\N|\N|\N||\N|\N|\N|\N|\N|\N|\N|1784122535179
1||010208|40169300|\N|\N|\N||\N|\N||\N|\N|||20260323|212037|20260715||2|\N|3|\N|\N|\N|\N|\N|\N|\N|\N||\N|\N|\N|\N|\N|\N|\N|1784122535185
1||010209||\N|\N|\N||\N|\N||\N|\N|||20260323|212037|20260715||2|\N|3|\N|\N|\N|\N|\N|\N|\N|\N||\N|\N|\N|\N|\N|\N|\N|1784122535192
1||010210|90212900|\N|\N|\N||\N|\N||\N|\N|||20260323|212037|20260715||2|\N|3|\N|\N|\N|\N|\N|\N|\N|\N|PC|\N|\N|\N|\N|\N|\N|\N|1784122535198
1||010212|39199090|\N|\N|\N||\N|\N||\N|\N|||20260323|212037|20260715||2|\N|3|\N|\N|\N|\N|\N|\N|\N|\N||\N|\N|\N|\N|\N|\N|\N|1784122535204
1||010235|90212900|\N|\N|\N||\N|\N||\N|\N|||20260323|212037|20260715||2|\N|3|\N|\N|\N|\N|\N|\N|\N|\N||\N|\N|\N|\N|\N|\N|\N|1784122535211
1||010250|48114190|\N|\N|\N||\N|\N||\N|\N|||20260323|212037|20260715||2|\N|3|\N|\N|\N|\N|\N|\N|\N|\N||\N|\N|\N|\N|\N|\N|\N|1784122535217
1||010272|40169300|\N|\N|\N||\N|\N||\N|\N|||20260323|212037|20260715||2|\N|3|\N|\N|\N|\N|\N|\N|\N|\N||\N|\N|\N|\N|\N|\N|\N|1784122535224
1||010287|39252000|\N|\N|\N||\N|\N||\N|\N|||20260323|212037|20260715||2|\N|3|\N|\N|\N|\N|\N|\N|\N|\N||\N|\N|\N|\N|\N|\N|\N|1784122535230
1||010289|40169300|\N|\N|\N||\N|\N||\N|\N|||20260323|212037|20260715||2|\N|3|\N|\N|\N|\N|\N|\N|\N|\N|UN|\N|\N|\N|\N|\N|\N|\N|1784122535237
1||010304|90212900|\N|\N|\N||\N|\N||\N|\N|||20260323|212037|20260715||2|\N|3|\N|\N|\N|\N|\N|\N|\N|\N|PC|\N|\N|\N|\N|\N|\N|\N|1784122535243
1||010390|85081100|\N|\N|\N||\N|\N||\N|\N|||20260323|212037|20260715||2|\N|3|\N|\N|\N|\N|\N|\N|\N|\N|UN|\N|\N|\N|\N|\N|\N|\N|1784122535249
1||010436|27101911|\N|\N|\N||\N|\N||\N|\N|||20260323|212037|20260715||2|\N|3|\N|\N|\N|\N|\N|\N|\N|\N||\N|\N|\N|\N|\N|\N|\N|1784122535255
1||010621|48119011|\N|\N|\N||\N|\N||\N|\N|||20260323|212037|20260715||2|\N|3|\N|\N|\N|\N|\N|\N|\N|\N||\N|\N|\N|\N|\N|\N|\N|1784122535262
1||010692|34023990|\N|\N|\N||\N|\N||\N|\N|||20260323|212037|20260715||2|\N|3|\N|\N|\N|\N|\N|\N|\N|\N||\N|\N|\N|\N|\N|\N|\N|1784122535268
1||010930||\N|\N|\N||\N|\N||\N|\N|||20260323|212037|20260715||2|\N|3|\N|\N|\N|\N|\N|\N|\N|\N||\N|\N|\N|\N|\N|\N|\N|1784122535274
1||010953|84133030|\N|\N|\N||\N|\N||\N|\N|||20260323|212037|20260715||2|\N|3|\N|\N|\N|\N|\N|\N|\N|\N||\N|\N|\N|\N|\N|\N|\N|1784122535280
1||011-00504-00|85269100|\N|\N|\N||\N|\N||\N|\N|||20260323|212037|20260715||2|\N|3|\N|\N|\N|\N|\N|\N|\N|\N|PC|\N|\N|\N|\N|\N|\N|\N|1784122535286
1||011-01064-00||\N|\N|\N||\N|\N||\N|\N|||20260323|212037|20260715||2|\N|3|\N|\N|\N|\N|\N|\N|\N|\N|UN|\N|\N|\N|\N|\N|\N|\N|1784122535292
1||011-01064-40||\N|\N|\N||\N|\N||\N|\N|||20260323|212037|20260715||2|\N|3|\N|\N|\N|\N|\N|\N|\N|\N||\N|\N|\N|\N|\N|\N|\N|1784122535298
1||011072|84145990|\N|\N|\N||\N|\N||\N|\N|||20260323|212037|20260715||2|\N|3|\N|\N|\N|\N|\N|\N|\N|\N|PC|\N|\N|\N|\N|\N|\N|\N|1784122535304
1||011074|34023990|\N|\N|\N||\N|\N||\N|\N|||20260323|212037|20260715||2|\N|3|\N|\N|\N|\N|\N|\N|\N|\N|UN|\N|\N|\N|\N|\N|\N|\N|1784122535310
1||011225|88073000|\N|\N|\N||\N|\N||\N|\N|||20260323|212037|20260715||2|\N|3|\N|\N|\N|\N|\N|\N|\N|\N||\N|\N|\N|\N|\N|\N|\N|1784122535316
1||011603|48119011|\N|\N|\N||\N|\N||\N|\N|||20260323|212037|20260715||2|\N|3|\N|\N|\N|\N|\N|\N|\N|\N|EA|\N|\N|\N|\N|\N|\N|\N|1784122535323
1||01174009.|30039099|\N|\N|\N||\N|\N||\N|\N|||20260323|212037|20260715||2|\N|3|\N|\N|\N|\N|\N|\N|\N|\N|UN|\N|\N|\N|\N|\N|\N|\N|1784122535329
1||011952|19053100|\N|\N|\N||\N|\N||\N|\N|||20260323|212044|20260715||2|\N|3|\N|\N|\N|\N|\N|\N|\N|\N||\N|\N|\N|\N|\N|\N|\N|1784122541836
1||012031|39269090|\N|\N|\N||\N|\N||\N|\N|||20260323|212044|20260715||2|\N|3|\N|\N|\N|\N|\N|\N|\N|\N|EA|\N|\N|\N|\N|\N|\N|\N|1784122541843
1||012242|34023990|\N|\N|\N||\N|\N||\N|\N|||20260323|212044|20260715||2|\N|3|\N|\N|\N|\N|\N|\N|\N|\N|AL|\N|\N|\N|\N|\N|\N|\N|1784122541850
1||012340|48119011|\N|\N|\N||\N|\N||\N|\N|||20260323|212044|20260715||2|\N|3|\N|\N|\N|\N|\N|\N|\N|\N|RL|\N|\N|\N|\N|\N|\N|\N|1784122541856
1||012342|90212900|\N|\N|\N||\N|\N||\N|\N|||20260323|212044|20260715||2|\N|3|\N|\N|\N|\N|\N|\N|\N|\N|UN|\N|\N|\N|\N|\N|\N|\N|1784122541863
1||012382|34023990|\N|\N|\N||\N|\N||\N|\N|||20260323|212044|20260715||2|\N|3|\N|\N|\N|\N|\N|\N|\N|\N||\N|\N|\N|\N|\N|\N|\N|1784122541869
1||012486||\N|\N|\N||\N|\N||\N|\N|||20260323|212044|20260715||2|\N|3|\N|\N|\N|\N|\N|\N|\N|\N||\N|\N|\N|\N|\N|\N|\N|1784122541876
1||012540||\N|\N|\N||\N|\N||\N|\N|||20260323|212044|20260715||2|\N|3|\N|\N|\N|\N|\N|\N|\N|\N|AL|\N|\N|\N|\N|\N|\N|\N|1784122541882
1||012702||\N|\N|\N||\N|\N||\N|\N|||20260323|212044|20260715||2|\N|3|\N|\N|\N|\N|\N|\N|\N|\N|UN|\N|\N|\N|\N|\N|\N|\N|1784122541888
1||012881|82079000|\N|\N|\N||\N|\N||\N|\N|||20260323|212044|20260715||2|\N|3|\N|\N|\N|\N|\N|\N|\N|\N||\N|\N|\N|\N|\N|\N|\N|1784122541894
1||012906|94033000|\N|\N|\N||\N|\N||\N|\N|||20260323|212044|20260715||2|\N|3|\N|\N|\N|\N|\N|\N|\N|\N|PC|\N|\N|\N|\N|\N|\N|\N|1784122541900
1||013025|84133030|\N|\N|\N||\N|\N||\N|\N|||20260323|212044|20260715||2|\N|3|\N|\N|\N|\N|\N|\N|\N|\N|UN|\N|\N|\N|\N|\N|\N|\N|1784122541906
1||013035|34023990|\N|\N|\N||\N|\N||\N|\N|||20260323|212044|20260715||2|\N|3|\N|\N|\N|\N|\N|\N|\N|\N||\N|\N|\N|\N|\N|\N|\N|1784122541913
1||013070|76169900|\N|\N|\N||\N|\N||\N|\N|||20260323|212044|20260715||2|\N|3|\N|\N|\N|\N|\N|\N|\N|\N||\N|\N|\N|\N|\N|\N|\N|1784122541919
1||01388346|85183000|\N|\N|\N||\N|\N||\N|\N|||20260323|212044|20260715||2|\N|3|\N|\N|\N|\N|\N|\N|\N|\N|PC|\N|\N|\N|\N|\N|\N|\N|1784122541925
1||01553-0200|85291090|\N|\N|\N||\N|\N||\N|\N|||20260323|212044|20260715||2|\N|3|\N|\N|\N|\N|\N|\N|\N|\N||\N|\N|\N|\N|\N|\N|\N|1784122541931
1||015602-000|72230000|\N|\N|\N||\N|\N||\N|\N|||20260323|212044|20260715||2|\N|3|\N|\N|\N|\N|\N|\N|\N|\N|KG|\N|\N|\N|\N|\N|\N|\N|1784122541938
1||016MBX02|88073000|\N|\N|\N||\N|\N||\N|\N|||20260323|212044|20260715||2|\N|3|\N|\N|\N|\N|\N|\N|\N|\N|PC|\N|\N|\N|\N|\N|\N|\N|1784122541944
1||0177807670|90329091|\N|\N|\N||\N|\N||\N|\N|||20260323|212044|20260715||2|\N|3|\N|\N|\N|\N|\N|\N|\N|\N|KG|\N|\N|\N|\N|\N|\N|\N|1784122541950
1||0177987030|84119100|\N|\N|\N||\N|\N||\N|\N|||20260323|212044|20260715||2|\N|3|\N|\N|\N|\N|\N|\N|\N|\N|UN|\N|\N|\N|\N|\N|\N|\N|1784122541956
1||0177987120|85232110|\N|\N|\N||\N|\N||\N|\N|||20260323|212044|20260715||2|\N|3|\N|\N|\N|\N|\N|\N|\N|\N||\N|\N|\N|\N|\N|\N|\N|1784122541962
1||02-0511-0132|84254200|\N|\N|\N||\N|\N||\N|\N|||20260323|212044|20260715||2|\N|3|\N|\N|\N|\N|\N|\N|\N|\N||\N|\N|\N|\N|\N|\N|\N|1784122541968
1||02-7813C0100|84254990|\N|\N|\N||\N|\N||\N|\N|||20260323|212044|20260715||2|\N|3|\N|\N|\N|\N|\N|\N|\N|\N||\N|\N|\N|\N|\N|\N|\N|1784122541974
1||020017-0133-000|84719090|\N|\N|\N||\N|\N||\N|\N|||20260323|212044|20260715||2|\N|3|\N|\N|\N|\N|\N|\N|\N|\N|PC|\N|\N|\N|\N|\N|\N|\N|1784122541980
1||0205160620|73209000|\N|\N|\N||\N|\N||\N|\N|||20260323|212044|20260715||2|\N|3|\N|\N|\N|\N|\N|\N|\N|\N||\N|\N|\N|\N|\N|\N|\N|1784122541986
1||02076-20V100|40169300|\N|\N|\N||\N|\N||\N|\N|||20260323|212044|20260715||2|\N|3|\N|\N|\N|\N|\N|\N|\N|\N|KG|\N|\N|\N|\N|\N|\N|\N|1784122541992
1||02076-20V101||\N|\N|\N||\N|\N||\N|\N|||20260323|212044|20260715||2|\N|3|\N|\N|\N|\N|\N|\N|\N|\N||\N|\N|\N|\N|\N|\N|\N|1784122541998
1||020P0015-1||\N|\N|\N||\N|\N||\N|\N|||20260323|212044|20260715||2|\N|3|\N|\N|\N|\N|\N|\N|\N|\N||\N|\N|\N|\N|\N|\N|\N|1784122542005
1||0230390-202|85391090|\N|\N|\N||\N|\N||\N|\N|||20260323|212044|20260715||2|\N|3|\N|\N|\N|\N|\N|\N|\N|\N|UN|\N|\N|\N|\N|\N|\N|\N|1784122542011
1||02891009|40169300|\N|\N|\N||\N|\N||\N|\N|||20260323|212044|20260715||2|\N|3|\N|\N|\N|\N|\N|\N|\N|\N|PC|\N|\N|\N|\N|\N|\N|\N|1784122542017
1||0292005310|84118100|\N|\N|\N||\N|\N||\N|\N|||20260323|212044|20260715||2|\N|3|\N|\N|\N|\N|\N|\N|\N|\N|UN|\N|\N|\N|\N|\N|\N|\N|1784122542070
1||0292005400X|84111100|\N|\N|\N||\N|\N||\N|\N|||20260323|212044|20260715||2|\N|3|\N|\N|\N|\N|\N|\N|\N|\N|PC|\N|\N|\N|\N|\N|\N|\N|1784122542076
1||0292005450|84118100|\N|\N|\N||\N|\N||\N|\N|||20260323|212044|20260715||2|\N|3|\N|\N|\N|\N|\N|\N|\N|\N|UN|\N|\N|\N|\N|\N|\N|\N|1784122542083
1||0292510030|40169300|\N|\N|\N||\N|\N||\N|\N|||20260323|212044|20260715||2|\N|3|\N|\N|\N|\N|\N|\N|\N|\N|KG|\N|\N|\N|\N|\N|\N|\N|1784122542089
1||0292680460|73269090|\N|\N|\N||\N|\N||\N|\N|||20260323|212044|20260715||2|\N|3|\N|\N|\N|\N|\N|\N|\N|\N|PC|\N|\N|\N|\N|\N|\N|\N|1784122542095
1||0292687290|84119100|\N|\N|\N||\N|\N||\N|\N|||20260323|212044|20260715||2|\N|3|\N|\N|\N|\N|\N|\N|\N|\N||\N|\N|\N|\N|\N|\N|\N|1784122542102
1||0292697540|85444200|\N|\N|\N||\N|\N||\N|\N|||20260323|212044|20260715||2|\N|3|\N|\N|\N|\N|\N|\N|\N|\N|KG|\N|\N|\N|\N|\N|\N|\N|1784122542108
1||0292697900|88073000|\N|\N|\N||\N|\N||\N|\N|||20260323|212044|20260715||2|\N|3|\N|\N|\N|\N|\N|\N|\N|\N||\N|\N|\N|\N|\N|\N|\N|1784122542114
1||0292720920|73269090|\N|\N|\N||\N|\N||\N|\N|||20260323|212044|20260715||2|\N|3|\N|\N|\N|\N|\N|\N|\N|\N||\N|\N|\N|\N|\N|\N|\N|1784122542120
1||0292720930||\N|\N|\N||\N|\N||\N|\N|||20260323|212044|20260715||2|\N|3|\N|\N|\N|\N|\N|\N|\N|\N||\N|\N|\N|\N|\N|\N|\N|1784122542127
1||0292737280|85444200|\N|\N|\N||\N|\N||\N|\N|||20260323|212044|20260715||2|\N|3|\N|\N|\N|\N|\N|\N|\N|\N||\N|\N|\N|\N|\N|\N|\N|1784122542133
1||0292810870|73030000|\N|\N|\N||\N|\N||\N|\N|||20260323|212044|20260715||2|\N|3|\N|\N|\N|\N|\N|\N|\N|\N||\N|\N|\N|\N|\N|\N|\N|1784122542139
1||0292860520|88073000|\N|\N|\N||\N|\N||\N|\N|||20260323|212044|20260715||2|\N|3|\N|\N|\N|\N|\N|\N|\N|\N|EA|\N|\N|\N|\N|\N|\N|\N|1784122542146
1||0292861370|90268000|\N|\N|\N||\N|\N||\N|\N|||20260323|212044|20260715||2|\N|3|\N|\N|\N|\N|\N|\N|\N|\N|PC|\N|\N|\N|\N|\N|\N|\N|1784122542152
1||0292868320|84133090|\N|\N|\N||\N|\N||\N|\N|||20260323|212044|20260715||2|\N|3|\N|\N|\N|\N|\N|\N|\N|\N||\N|\N|\N|\N|\N|\N|\N|1784122542158
1||0292917240|84119100|\N|\N|\N||\N|\N||\N|\N|||20260323|212044|20260715||2|\N|3|\N|\N|\N|\N|\N|\N|\N|\N|UN|\N|\N|\N|\N|\N|\N|\N|1784122542164
1||0298005200|84118100|\N|\N|\N||\N|\N||\N|\N|||20260323|212044|20260715||2|\N|3|\N|\N|\N|\N|\N|\N|\N|\N|PC|\N|\N|\N|\N|\N|\N|\N|1784122542170
1||0298117090|39269090|\N|\N|\N||\N|\N||\N|\N|||20260323|212044|20260715||2|\N|3|\N|\N|\N|\N|\N|\N|\N|\N||\N|\N|\N|\N|\N|\N|\N|1784122542176
1||0298182530|94011090|\N|\N|\N||\N|\N||\N|\N|||20260323|212044|20260715||2|\N|3|\N|\N|\N|\N|\N|\N|\N|\N||\N|\N|\N|\N|\N|\N|\N|1784122542183
1||0298307500|84119100|\N|\N|\N||\N|\N||\N|\N|||20260323|212044|20260715||2|\N|3|\N|\N|\N|\N|\N|\N|\N|\N|KG|\N|\N|\N|\N|\N|\N|\N|1784122542188
1||0298561370|73030000|\N|\N|\N||\N|\N||\N|\N|||20260323|212044|20260715||2|\N|3|\N|\N|\N|\N|\N|\N|\N|\N||\N|\N|\N|\N|\N|\N|\N|1784122542194
1||0298561690||\N|\N|\N||\N|\N||\N|\N|||20260323|212044|20260715||2|\N|3|\N|\N|\N|\N|\N|\N|\N|\N||\N|\N|\N|\N|\N|\N|\N|1784122542200
1||0298700440|85311010|\N|\N|\N||\N|\N||\N|\N|||20260323|212044|20260715||2|\N|3|\N|\N|\N|\N|\N|\N|\N|\N|UN|\N|\N|\N|\N|\N|\N|\N|1784122542206
1||0298737650|73269090|\N|\N|\N||\N|\N||\N|\N|||20260323|212044|20260715||2|\N|3|\N|\N|\N|\N|\N|\N|\N|\N|PC|\N|\N|\N|\N|\N|\N|\N|1784122542212
1||0298750050|85443000|\N|\N|\N||\N|\N||\N|\N|||20260323|212044|20260715||2|\N|3|\N|\N|\N|\N|\N|\N|\N|\N||\N|\N|\N|\N|\N|\N|\N|1784122542219
1||0298910020|84831090|\N|\N|\N||\N|\N||\N|\N|||20260323|212044|20260715||2|\N|3|\N|\N|\N|\N|\N|\N|\N|\N|UN|\N|\N|\N|\N|\N|\N|\N|1784122542225
1||030-21300|88071000|\N|\N|\N||\N|\N||\N|\N|||20260323|212044|20260715||2|\N|3|\N|\N|\N|\N|\N|\N|\N|\N|KG|\N|\N|\N|\N|\N|\N|\N|1784122542231
1||0301510020||\N|\N|\N||\N|\N||\N|\N|||20260323|212044|20260715||2|\N|3|\N|\N|\N|\N|\N|\N|\N|\N|PC|\N|\N|\N|\N|\N|\N|\N|1784122542237
1||0301530040|84119100|\N|\N|\N||\N|\N||\N|\N|||20260323|212044|20260715||2|\N|3|\N|\N|\N|\N|\N|\N|\N|\N|KG|\N|\N|\N|\N|\N|\N|\N|1784122542243
1||0301540710|40169300|\N|\N|\N||\N|\N||\N|\N|||20260323|212044|20260715||2|\N|3|\N|\N|\N|\N|\N|\N|\N|\N|PC|\N|\N|\N|\N|\N|\N|\N|1784122542249
1||030245|88073000|\N|\N|\N||\N|\N||\N|\N|||20260323|212044|20260715||2|\N|3|\N|\N|\N|\N|\N|\N|\N|\N|PR|\N|\N|\N|\N|\N|\N|\N|1784122542256
1||031283||\N|\N|\N||\N|\N||\N|\N|||20260323|212044|20260715||2|\N|3|\N|\N|\N|\N|\N|\N|\N|\N|KG|\N|\N|\N|\N|\N|\N|\N|1784122542262
1||032-0217-0022|85235190|\N|\N|\N||\N|\N||\N|\N|||20260323|212044|20260715||2|\N|3|\N|\N|\N|\N|\N|\N|\N|\N|UN|\N|\N|\N|\N|\N|\N|\N|1784122542268
1||0333767010|90211099|\N|\N|\N||\N|\N||\N|\N|||20260323|212044|20260715||2|\N|3|\N|\N|\N|\N|\N|\N|\N|\N||\N|\N|\N|\N|\N|\N|\N|1784122542274
1||0390757360|85441990|\N|\N|\N||\N|\N||\N|\N|||20260323|212044|20260715||2|\N|3|\N|\N|\N|\N|\N|\N|\N|\N|PC|\N|\N|\N|\N|\N|\N|\N|1784122542281
1||03B8S|40169300|\N|\N|\N||\N|\N||\N|\N|||20260323|212044|20260715||2|\N|3|\N|\N|\N|\N|\N|\N|\N|\N||\N|\N|\N|\N|\N|\N|\N|1784122542288
1||04-507-FB|82055900|\N|\N|\N||\N|\N||\N|\N|||20260323|212044|20260715||2|\N|3|\N|\N|\N|\N|\N|\N|\N|\N||\N|\N|\N|\N|\N|\N|\N|1784122542294
1||0401272420|59090000|\N|\N|\N||\N|\N||\N|\N|||20260323|212044|20260715||2|\N|3|\N|\N|\N|\N|\N|\N|\N|\N||\N|\N|\N|\N|\N|\N|\N|1784122542300
1||0401277530|76082090|\N|\N|\N||\N|\N||\N|\N|||20260323|212044|20260715||2|\N|3|\N|\N|\N|\N|\N|\N|\N|\N|UN|\N|\N|\N|\N|\N|\N|\N|1784122542306
1||0401287460|84149020|\N|\N|\N||\N|\N||\N|\N|||20260323|212044|20260715||2|\N|3|\N|\N|\N|\N|\N|\N|\N|\N|PC|\N|\N|\N|\N|\N|\N|\N|1784122542312
1||0401287650|88072000|\N|\N|\N||\N|\N||\N|\N|||20260323|212044|20260715||2|\N|3|\N|\N|\N|\N|\N|\N|\N|\N|KG|\N|\N|\N|\N|\N|\N|\N|1784122542318
1||04299082|73269090|\N|\N|\N||\N|\N||\N|\N|||20260323|212044|20260715||2|\N|3|\N|\N|\N|\N|\N|\N|\N|\N|PC|\N|\N|\N|\N|\N|\N|\N|1784122542324
1||04358009|88073000|\N|\N|\N||\N|\N||\N|\N|||20260323|212044|20260715||2|\N|3|\N|\N|\N|\N|\N|\N|\N|\N|UN|\N|\N|\N|\N|\N|\N|\N|1784122542330
1||0443700010|90261019|\N|\N|\N||\N|\N||\N|\N|||20260323|212044|20260715||2|\N|3|\N|\N|\N|\N|\N|\N|\N|\N|CJ|\N|\N|\N|\N|\N|\N|\N|1784122542336
1||0512AG6|90318099|\N|\N|\N||\N|\N||\N|\N|||20260323|212044|20260715||2|\N|3|\N|\N|\N|\N|\N|\N|\N|\N||\N|\N|\N|\N|\N|\N|\N|1784122542342
1||052597870|86090000|\N|\N|\N||\N|\N||\N|\N|||20260323|212044|20260715||2|\N|3|\N|\N|\N|\N|\N|\N|\N|\N|UN|\N|\N|\N|\N|\N|\N|\N|1784122542348
1||06-4005-0511|84132000|\N|\N|\N||\N|\N||\N|\N|||20260323|212044|20260715||2|\N|3|\N|\N|\N|\N|\N|\N|\N|\N|EA|\N|\N|\N|\N|\N|\N|\N|1784122542354
1||06-4035-0500|87168000|\N|\N|\N||\N|\N||\N|\N|||20260323|212044|20260715||2|\N|3|\N|\N|\N|\N|\N|\N|\N|\N|UN|\N|\N|\N|\N|\N|\N|\N|1784122542360
1||06-5042-0500|84133030|\N|\N|\N||\N|\N||\N|\N|||20260323|212044|20260715||2|\N|3|\N|\N|\N|\N|\N|\N|\N|\N|PC|\N|\N|\N|\N|\N|\N|\N|1784122542365
1||06-5042-3600|90318099|\N|\N|\N||\N|\N||\N|\N|||20260323|212044|20260715||2|\N|3|\N|\N|\N|\N|\N|\N|\N|\N||\N|\N|\N|\N|\N|\N|\N|1784122542371
1||06092-30J202-1|73261900|\N|\N|\N||\N|\N||\N|\N|6||20260721|110411|20260721||2|\N|3|\N|\N|\N|\N|\N|\N|\N|\N|KG|\N|\N|\N|\N|\N|\N|\N|1784631852695
1||062-10800|88072000|\N|\N|\N||\N|\N||\N|\N|1||20260323|212044|20260715||2|\N|3|\N|\N|\N|\N|\N|\N|\N|\N|EA|\N|\N|\N|\N|\N|\N|\N|1784122542377
1||066-04031-1121|85269100|\N|\N|\N||\N|\N||\N|\N|||20260323|212044|20260715||2|\N|3|\N|\N|\N|\N|\N|\N|\N|\N|PC|\N|\N|\N|\N|\N|\N|\N|1784122542383
1||066-1066-25||\N|\N|\N||\N|\N||\N|\N|||20260323|212044|20260715||2|\N|3|\N|\N|\N|\N|\N|\N|\N|\N||\N|\N|\N|\N|\N|\N|\N|1784122542389
1||07-3000-1921-A3|84135090|\N|\N|\N||\N|\N||\N|\N|||20260323|212044|20260715||2|\N|3|\N|\N|\N|\N|\N|\N|\N|\N|EA|\N|\N|\N|\N|\N|\N|\N|1784122542395
1||07-3006-6900|82079000|\N|\N|\N||\N|\N||\N|\N|||20260323|212044|20260715||2|\N|3|\N|\N|\N|\N|\N|\N|\N|\N|KG|\N|\N|\N|\N|\N|\N|\N|1784122542401
1||07-3015-0900|90318099|\N|\N|\N||\N|\N||\N|\N|||20260323|212044|20260715||2|\N|3|\N|\N|\N|\N|\N|\N|\N|\N|EA|\N|\N|\N|\N|\N|\N|\N|1784122542407
1||070-0900-714|90308990|\N|\N|\N||\N|\N||\N|\N|||20260323|212044|20260715||2|\N|3|\N|\N|\N|\N|\N|\N|\N|\N|UN|\N|\N|\N|\N|\N|\N|\N|1784122542413
1||071-00073-5000|85299019|\N|\N|\N||\N|\N||\N|\N|||20260323|212044|20260715||2|\N|3|\N|\N|\N|\N|\N|\N|\N|\N|PC|\N|\N|\N|\N|\N|\N|\N|1784122542419
1||071-00112-0200|85299040|\N|\N|\N||\N|\N||\N|\N|||20260323|212044|20260715||2|\N|3|\N|\N|\N|\N|\N|\N|\N|\N|KG|\N|\N|\N|\N|\N|\N|\N|1784122542425
1||07100|44219100|\N|\N|\N||\N|\N||\N|\N|||20260323|212044|20260715||2|\N|3|\N|\N|\N|\N|\N|\N|\N|\N|PC|\N|\N|\N|\N|\N|\N|\N|1784122542430
1||07102|44151000|\N|\N|\N||\N|\N||\N|\N|||20260323|212044|20260715||2|\N|3|\N|\N|\N|\N|\N|\N|\N|\N||\N|\N|\N|\N|\N|\N|\N|1784122542436
1||0711311-825|84212300|\N|\N|\N||\N|\N||\N|\N|||20260323|212044|20260715||2|\N|3|\N|\N|\N|\N|\N|\N|\N|\N||\N|\N|\N|\N|\N|\N|\N|1784122542442
1||076-202-004|39269090|\N|\N|\N||\N|\N||\N|\N|||20260323|212044|20260715||2|\N|3|\N|\N|\N|\N|\N|\N|\N|\N|EA|\N|\N|\N|\N|\N|\N|\N|1784122542448
1||088-003-01103|85073090|\N|\N|\N||\N|\N||\N|\N|||20260323|212044|20260715||2|\N|3|\N|\N|\N|\N|\N|\N|\N|\N|PC|\N|\N|\N|\N|\N|\N|\N|1784122542454
1||08STHEA|90321090|\N|\N|\N||\N|\N||\N|\N|||20260323|212044|20260715||2|\N|3|\N|\N|\N|\N|\N|\N|\N|\N||\N|\N|\N|\N|\N|\N|\N|1784122542460
1||09168P18|85181090|\N|\N|\N||\N|\N||\N|\N|||20260323|212044|20260715||2|\N|3|\N|\N|\N|\N|\N|\N|\N|\N||\N|\N|\N|\N|\N|\N|\N|1784122542466
1||0DR106010ZI|40169990|\N|\N|\N||\N|\N||\N|\N|||20260323|212044|20260715||2|\N|3|\N|\N|\N|\N|\N|\N|\N|\N||\N|\N|\N|\N|\N|\N|\N|1784122542474
1||0E5669-139|82055900|\N|\N|\N||\N|\N||\N|\N|||20260323|212044|20260715||2|\N|3|\N|\N|\N|\N|\N|\N|\N|\N|KG|\N|\N|\N|\N|\N|\N|\N|1784122542482
1||0FLUR823|27101931|\N|\N|\N||\N|\N||\N|\N|||20260323|212044|20260715||2|\N|3|\N|\N|\N|\N|\N|\N|\N|\N|PC|\N|\N|\N|\N|\N|\N|\N|1784122542491
1||0ILSAMPLE|39233090|\N|\N|\N||\N|\N||\N|\N|||20260323|212044|20260715||2|\N|3|\N|\N|\N|\N|\N|\N|\N|\N||\N|\N|\N|\N|\N|\N|\N|1784122542499
1||0L3071AS15|73269090|\N|\N|\N||\N|\N||\N|\N|||20260323|212044|20260715||2|\N|3|\N|\N|\N|\N|\N|\N|\N|\N||\N|\N|\N|\N|\N|\N|\N|1784122542507
1||0M3114A5|90138000|\N|\N|\N||\N|\N||\N|\N|||20260323|212044|20260715||2|\N|3|\N|\N|\N|\N|\N|\N|\N|\N|UN|\N|\N|\N|\N|\N|\N|\N|1784122542515
1||0SA120-010-043|73269090|\N|\N|\N||\N|\N||\N|\N|||20260323|212044|20260715||2|\N|3|\N|\N|\N|\N|\N|\N|\N|\N|KG|\N|\N|\N|\N|\N|\N|\N|1784122542524
1||0SA120-010-059||\N|\N|\N||\N|\N||\N|\N|||20260323|212044|20260715||2|\N|3|\N|\N|\N|\N|\N|\N|\N|\N||\N|\N|\N|\N|\N|\N|\N|1784122542532
1||0SA210-010-059||\N|\N|\N||\N|\N||\N|\N|||20260323|212044|20260715||2|\N|3|\N|\N|\N|\N|\N|\N|\N|\N||\N|\N|\N|\N|\N|\N|\N|1784122542538
1||0SA210-020-069||\N|\N|\N||\N|\N||\N|\N|||20260323|212044|20260715||2|\N|3|\N|\N|\N|\N|\N|\N|\N|\N||\N|\N|\N|\N|\N|\N|\N|1784122542544
1||0SA210-030-115|90261019|\N|\N|\N||\N|\N||\N|\N|||20260323|212044|20260715||2|\N|3|\N|\N|\N|\N|\N|\N|\N|\N||\N|\N|\N|\N|\N|\N|\N|1784122542550
1||0SA210-030-117|73269090|\N|\N|\N||\N|\N||\N|\N|||20260323|212044|20260715||2|\N|3|\N|\N|\N|\N|\N|\N|\N|\N||\N|\N|\N|\N|\N|\N|\N|1784122542556
1||0X33943-05|85392110|\N|\N|\N||\N|\N||\N|\N|||20260323|212044|20260715||2|\N|3|\N|\N|\N|\N|\N|\N|\N|\N|PC|\N|\N|\N|\N|\N|\N|\N|1784122542562
1||1-08-915201BCR|63072000|\N|\N|\N||\N|\N||\N|\N|||20260323|212044|20260715||2|\N|3|\N|\N|\N|\N|\N|\N|\N|\N|KG|\N|\N|\N|\N|\N|\N|\N|1784122542569
1||1-5KE33CACT-ND|85369090|\N|\N|\N||\N|\N||\N|\N|||20260323|212044|20260715||2|\N|3|\N|\N|\N|\N|\N|\N|\N|\N|PC|\N|\N|\N|\N|\N|\N|\N|1784122542575
1||1-8486-3|84313900|\N|\N|\N||\N|\N||\N|\N|||20260323|212044|20260715||2|\N|3|\N|\N|\N|\N|\N|\N|\N|\N|KG|\N|\N|\N|\N|\N|\N|\N|1784122542585
1||100-410-162|73269090|\N|\N|\N||\N|\N||\N|\N|||20260323|212044|20260715||2|\N|3|\N|\N|\N|\N|\N|\N|\N|\N|PC|\N|\N|\N|\N|\N|\N|\N|1784122542594
1||100-601944-312|85269100|\N|\N|\N||\N|\N||\N|\N|||20260323|212044|20260715||2|\N|3|\N|\N|\N|\N|\N|\N|\N|\N|UN|\N|\N|\N|\N|\N|\N|\N|1784122542600
1||100-601951-503|84719090|\N|\N|\N||\N|\N||\N|\N|||20260323|212044|20260715||2|\N|3|\N|\N|\N|\N|\N|\N|\N|\N|PC|\N|\N|\N|\N|\N|\N|\N|1784122542606
1||10024997|85235190|\N|\N|\N||\N|\N||\N|\N|||20260323|212044|20260715||2|\N|3|\N|\N|\N|\N|\N|\N|\N|\N||\N|\N|\N|\N|\N|\N|\N|1784122542613
1||10029-5|88071000|\N|\N|\N||\N|\N||\N|\N|||20260323|212044|20260715||2|\N|3|\N|\N|\N|\N|\N|\N|\N|\N||\N|\N|\N|\N|\N|\N|\N|1784122542619
1||101-00212|84249010|\N|\N|\N||\N|\N||\N|\N|||20260323|212044|20260715||2|\N|3|\N|\N|\N|\N|\N|\N|\N|\N||\N|\N|\N|\N|\N|\N|\N|1784122542625
1||101-105-16525|88073000|\N|\N|\N||\N|\N||\N|\N|||20260323|212045|20260715||2|\N|3|\N|\N|\N|\N|\N|\N|\N|\N|UN|\N|\N|\N|\N|\N|\N|\N|1784122542630
1||101-111|90173010|\N|\N|\N||\N|\N||\N|\N|||20260323|212045|20260715||2|\N|3|\N|\N|\N|\N|\N|\N|\N|\N|PC|\N|\N|\N|\N|\N|\N|\N|1784122542636
1||101-128TM|73269090|\N|\N|\N||\N|\N||\N|\N|||20260323|212045|20260715||2|\N|3|\N|\N|\N|\N|\N|\N|\N|\N||\N|\N|\N|\N|\N|\N|\N|1784122542643
1||101-200-07|85171449|\N|\N|\N||\N|\N||\N|\N|||20260323|212045|20260715||2|\N|3|\N|\N|\N|\N|\N|\N|\N|\N|UN|\N|\N|\N|\N|\N|\N|\N|1784122542648
1||101635-11839|90142010|\N|\N|\N||\N|\N||\N|\N|||20260323|212045|20260715||2|\N|3|\N|\N|\N|\N|\N|\N|\N|\N||\N|\N|\N|\N|\N|\N|\N|1784122542655
1||10164-9|73269090|\N|\N|\N||\N|\N||\N|\N|||20260323|212045|20260715||2|\N|3|\N|\N|\N|\N|\N|\N|\N|\N|PC|\N|\N|\N|\N|\N|\N|\N|1784122542668
1||101720-11810|90142010|\N|\N|\N||\N|\N||\N|\N|||20260323|212045|20260715||2|\N|3|\N|\N|\N|\N|\N|\N|\N|\N|UN|\N|\N|\N|\N|\N|\N|\N|1784122542675
1||10191|90142090|\N|\N|\N||\N|\N||\N|\N|||20260323|212045|20260715||2|\N|3|\N|\N|\N|\N|\N|\N|\N|\N|PC|\N|\N|\N|\N|\N|\N|\N|1784122542683
1||102149|91061000|\N|\N|\N||\N|\N||\N|\N|||20260323|212045|20260715||2|\N|3|\N|\N|\N|\N|\N|\N|\N|\N||\N|\N|\N|\N|\N|\N|\N|1784122542692
1||103003-1|85365090|\N|\N|\N||\N|\N||\N|\N|||20260323|212045|20260715||2|\N|3|\N|\N|\N|\N|\N|\N|\N|\N|UN|\N|\N|\N|\N|\N|\N|\N|1784122542698
1||10328|73269090|\N|\N|\N||\N|\N||\N|\N|||20260323|212045|20260715||2|\N|3|\N|\N|\N|\N|\N|\N|\N|\N||\N|\N|\N|\N|\N|\N|\N|1784122542704
1||104-300-01|90142090|\N|\N|\N||\N|\N||\N|\N|||20260323|212045|20260715||2|\N|3|\N|\N|\N|\N|\N|\N|\N|\N||\N|\N|\N|\N|\N|\N|\N|1784122542710
1||104014200|104014200|\N|\N|\N||\N|\N||\N|\N|\N|\N|20260724|125827|20260724||4|\N|\N|\N|\N|\N|\N|\N|\N|\N|\N||\N|\N|\N|\N|\N|\N|\N|1784897910346
1||104435|88073000|\N|\N|\N||\N|\N||\N|\N|1|3|20260323|212045|20260715||2|\N|3|\N|\N|\N|\N|\N|\N|\N|\N||\N|\N|\N|\N|\N|\N|\N|1784122542716
1||104551|48119011|\N|\N|\N||\N|\N||\N|\N|||20260323|212045|20260715||2|\N|3|\N|\N|\N|\N|\N|\N|\N|\N|PK|\N|\N|\N|\N|\N|\N|\N|1784122542723
1||104552|48209000|\N|\N|\N||\N|\N||\N|\N|||20260323|212045|20260715||2|\N|3|\N|\N|\N|\N|\N|\N|\N|\N||\N|\N|\N|\N|\N|\N|\N|1784122542733
1||104553|48119011|\N|\N|\N||\N|\N||\N|\N|||20260323|212045|20260715||2|\N|3|\N|\N|\N|\N|\N|\N|\N|\N||\N|\N|\N|\N|\N|\N|\N|1784122542741
1||104563|48209000|\N|\N|\N||\N|\N||\N|\N|||20260323|212045|20260715||2|\N|3|\N|\N|\N|\N|\N|\N|\N|\N||\N|\N|\N|\N|\N|\N|\N|1784122542749
1||104647|48119011|\N|\N|\N||\N|\N||\N|\N|||20260323|212045|20260715||2|\N|3|\N|\N|\N|\N|\N|\N|\N|\N|UN|\N|\N|\N|\N|\N|\N|\N|1784122542755
1||104695||\N|\N|\N||\N|\N||\N|\N|||20260323|212045|20260715||2|\N|3|\N|\N|\N|\N|\N|\N|\N|\N||\N|\N|\N|\N|\N|\N|\N|1784122542761
1||104696|34023990|\N|\N|\N||\N|\N||\N|\N|||20260323|212045|20260715||2|\N|3|\N|\N|\N|\N|\N|\N|\N|\N||\N|\N|\N|\N|\N|\N|\N|1784122542767
1||104697|28289011|\N|\N|\N||\N|\N||\N|\N|||20260323|212045|20260715||2|\N|3|\N|\N|\N|\N|\N|\N|\N|\N||\N|\N|\N|\N|\N|\N|\N|1784122542773
1||104699|34023990|\N|\N|\N||\N|\N||\N|\N|||20260323|212045|20260715||2|\N|3|\N|\N|\N|\N|\N|\N|\N|\N||\N|\N|\N|\N|\N|\N|\N|1784122542779
1||104702||\N|\N|\N||\N|\N||\N|\N|||20260323|212045|20260715||2|\N|3|\N|\N|\N|\N|\N|\N|\N|\N||\N|\N|\N|\N|\N|\N|\N|1784122542785
1||104703|17019900|\N|\N|\N||\N|\N||\N|\N|||20260323|212045|20260715||2|\N|3|\N|\N|\N|\N|\N|\N|\N|\N||\N|\N|\N|\N|\N|\N|\N|1784122542791
1||104704|21011110|\N|\N|\N||\N|\N||\N|\N|||20260323|212045|20260715||2|\N|3|\N|\N|\N|\N|\N|\N|\N|\N||\N|\N|\N|\N|\N|\N|\N|1784122542797
1||104848|34023990|\N|\N|\N||\N|\N||\N|\N|||20260323|212045|20260715||2|\N|3|\N|\N|\N|\N|\N|\N|\N|\N||\N|\N|\N|\N|\N|\N|\N|1784122542807
1||104879||\N|\N|\N||\N|\N||\N|\N|||20260323|212045|20260715||2|\N|3|\N|\N|\N|\N|\N|\N|\N|\N||\N|\N|\N|\N|\N|\N|\N|1784122542815
1||105-300-01|82079000|\N|\N|\N||\N|\N||\N|\N|||20260323|212045|20260715||2|\N|3|\N|\N|\N|\N|\N|\N|\N|\N|KG|\N|\N|\N|\N|\N|\N|\N|1784122542824
1||1053-92R4579|85340059|\N|\N|\N||\N|\N||\N|\N|||20260323|212045|20260715||2|\N|3|\N|\N|\N|\N|\N|\N|\N|\N|UN|\N|\N|\N|\N|\N|\N|\N|1784122542832
1||105918|48119011|\N|\N|\N||\N|\N||\N|\N|||20260323|212045|20260715||2|\N|3|\N|\N|\N|\N|\N|\N|\N|\N|AL|\N|\N|\N|\N|\N|\N|\N|1784122542840
1||106003|34023990|\N|\N|\N||\N|\N||\N|\N|||20260323|212045|20260715||2|\N|3|\N|\N|\N|\N|\N|\N|\N|\N||\N|\N|\N|\N|\N|\N|\N|1784122542849
1||106102|94021000|\N|\N|\N||\N|\N||\N|\N|||20260323|212045|20260715||2|\N|3|\N|\N|\N|\N|\N|\N|\N|\N||\N|\N|\N|\N|\N|\N|\N|1784122542857
1||106500-0100-600|85184000|\N|\N|\N||\N|\N||\N|\N|||20260323|212045|20260715||2|\N|3|\N|\N|\N|\N|\N|\N|\N|\N|UN|\N|\N|\N|\N|\N|\N|\N|1784122542863
1||106C|90292010|\N|\N|\N||\N|\N||\N|\N|||20260323|212045|20260715||2|\N|3|\N|\N|\N|\N|\N|\N|\N|\N|PC|\N|\N|\N|\N|\N|\N|\N|1784122542869
1||10705|85291020|\N|\N|\N||\N|\N||\N|\N|||20260323|212045|20260715||2|\N|3|\N|\N|\N|\N|\N|\N|\N|\N|UN|\N|\N|\N|\N|\N|\N|\N|1784122542875
1||1076A-3|84219999|\N|\N|\N||\N|\N||\N|\N|||20260323|212045|20260715||2|\N|3|\N|\N|\N|\N|\N|\N|\N|\N|PC|\N|\N|\N|\N|\N|\N|\N|1784122542881
1||108475|73182300|\N|\N|\N||\N|\N||\N|\N|||20260323|212045|20260715||2|\N|3|\N|\N|\N|\N|\N|\N|\N|\N|KG|\N|\N|\N|\N|\N|\N|\N|1784122542887
1||10849A||\N|\N|\N||\N|\N||\N|\N|||20260323|212045|20260715||2|\N|3|\N|\N|\N|\N|\N|\N|\N|\N||\N|\N|\N|\N|\N|\N|\N|1784122542893
1||109-0740V01-139|85311090|\N|\N|\N||\N|\N||\N|\N|||20260323|212045|20260715||2|\N|3|\N|\N|\N|\N|\N|\N|\N|\N|PC|\N|\N|\N|\N|\N|\N|\N|1784122542899
1||109-0812-17-103|82055900|\N|\N|\N||\N|\N||\N|\N|||20260323|212045|20260715||2|\N|3|\N|\N|\N|\N|\N|\N|\N|\N|KG|\N|\N|\N|\N|\N|\N|\N|1784122542905
1||109-3101-58-2||\N|\N|\N||\N|\N||\N|\N|||20260323|212045|20260715||2|\N|3|\N|\N|\N|\N|\N|\N|\N|\N|UN|\N|\N|\N|\N|\N|\N|\N|1784122542911
1||1096|48191000|\N|\N|\N||\N|\N||\N|\N|||20260323|212045|20260715||2|\N|3|\N|\N|\N|\N|\N|\N|\N|\N||\N|\N|\N|\N|\N|\N|\N|1784122542917
1||110-120-000-011|85311090|\N|\N|\N||\N|\N||\N|\N|||20260323|212045|20260715||2|\N|3|\N|\N|\N|\N|\N|\N|\N|\N||\N|\N|\N|\N|\N|\N|\N|1784122542923
1||1107-378|39199090|\N|\N|\N||\N|\N||\N|\N|||20260323|212045|20260715||2|\N|3|\N|\N|\N|\N|\N|\N|\N|\N|PC|\N|\N|\N|\N|\N|\N|\N|1784122542929
1||111053||\N|\N|\N||\N|\N||\N|\N|||20260323|212045|20260715||2|\N|3|\N|\N|\N|\N|\N|\N|\N|\N||\N|\N|\N|\N|\N|\N|\N|1784122542936
1||11125009|88073000|\N|\N|\N||\N|\N||\N|\N|||20260323|212045|20260715||2|\N|3|\N|\N|\N|\N|\N|\N|\N|\N||\N|\N|\N|\N|\N|\N|\N|1784122542942
1||11134|90318099|\N|\N|\N||\N|\N||\N|\N|||20260323|212045|20260715||2|\N|3|\N|\N|\N|\N|\N|\N|\N|\N||\N|\N|\N|\N|\N|\N|\N|1784122542952
1||11147009|73262000|\N|\N|\N||\N|\N||\N|\N|||20260323|212045|20260715||2|\N|3|\N|\N|\N|\N|\N|\N|\N|\N||\N|\N|\N|\N|\N|\N|\N|1784122542961
1||1126000-13|73269090|\N|\N|\N||\N|\N||\N|\N|||20260323|212045|20260715||2|\N|3|\N|\N|\N|\N|\N|\N|\N|\N||\N|\N|\N|\N|\N|\N|\N|1784122542967
1||1127701||\N|\N|\N||\N|\N||\N|\N|||20260323|212045|20260715||2|\N|3|\N|\N|\N|\N|\N|\N|\N|\N||\N|\N|\N|\N|\N|\N|\N|1784122542973
1||112820C1T3|85115090|\N|\N|\N||\N|\N||\N|\N|||20260323|212045|20260715||2|\N|3|\N|\N|\N|\N|\N|\N|\N|\N||\N|\N|\N|\N|\N|\N|\N|1784122542981
1||1133740-102|90142090|\N|\N|\N||\N|\N||\N|\N|||20260323|212045|20260715||2|\N|3|\N|\N|\N|\N|\N|\N|\N|\N|UN|\N|\N|\N|\N|\N|\N|\N|1784122542989
1||1134275-18|73209000|\N|\N|\N||\N|\N||\N|\N|||20260323|212045|20260715||2|\N|3|\N|\N|\N|\N|\N|\N|\N|\N|KG|\N|\N|\N|\N|\N|\N|\N|1784122542997
1||11442009|85176199|\N|\N|\N||\N|\N||\N|\N|||20260323|212045|20260715||2|\N|3|\N|\N|\N|\N|\N|\N|\N|\N|EA|\N|\N|\N|\N|\N|\N|\N|1784122543003
1||11453|90318099|\N|\N|\N||\N|\N||\N|\N|||20260323|212045|20260715||2|\N|3|\N|\N|\N|\N|\N|\N|\N|\N|PC|\N|\N|\N|\N|\N|\N|\N|1784122543010
1||1152546-2|85115090|\N|\N|\N||\N|\N||\N|\N|||20260323|212045|20260715||2|\N|3|\N|\N|\N|\N|\N|\N|\N|\N|UN|\N|\N|\N|\N|\N|\N|\N|1784122543018
1||1153426-1BM316|88073000|\N|\N|\N||\N|\N||\N|\N|||20260323|212045|20260715||2|\N|3|\N|\N|\N|\N|\N|\N|\N|\N|PC|\N|\N|\N|\N|\N|\N|\N|1784122543025
1||11596009|85392110|\N|\N|\N||\N|\N||\N|\N|||20260323|212045|20260715||2|\N|3|\N|\N|\N|\N|\N|\N|\N|\N||\N|\N|\N|\N|\N|\N|\N|1784122543030
1||11597009|63079090|\N|\N|\N||\N|\N||\N|\N|||20260323|212045|20260715||2|\N|3|\N|\N|\N|\N|\N|\N|\N|\N|KG|\N|\N|\N|\N|\N|\N|\N|1784122543036
1||116326ITL|27101999|\N|\N|\N||\N|\N||\N|\N|||20260323|212045|20260715||2|\N|3|\N|\N|\N|\N|\N|\N|\N|\N|PC|\N|\N|\N|\N|\N|\N|\N|1784122543046
1||116SF2C502W253|85333910|\N|\N|\N||\N|\N||\N|\N|||20260323|212045|20260715||2|\N|3|\N|\N|\N|\N|\N|\N|\N|\N|UN|\N|\N|\N|\N|\N|\N|\N|1784122543052
1||117-200-51|90212900|\N|\N|\N||\N|\N||\N|\N|||20260323|212045|20260715||2|\N|3|\N|\N|\N|\N|\N|\N|\N|\N|KG|\N|\N|\N|\N|\N|\N|\N|1784122543058
1||1173397|73269090|\N|\N|\N||\N|\N||\N|\N|||20260323|212045|20260715||2|\N|3|\N|\N|\N|\N|\N|\N|\N|\N|PC|\N|\N|\N|\N|\N|\N|\N|1784122543064
1||11767-16|90212900|\N|\N|\N||\N|\N||\N|\N|||20260323|212045|20260715||2|\N|3|\N|\N|\N|\N|\N|\N|\N|\N|KG|\N|\N|\N|\N|\N|\N|\N|1784122543070
1||11900-001|85176199|\N|\N|\N||\N|\N||\N|\N|||20260323|212045|20260715||2|\N|3|\N|\N|\N|\N|\N|\N|\N|\N|PC|\N|\N|\N|\N|\N|\N|\N|1784122543076
1||119144TL|32089029|\N|\N|\N||\N|\N||\N|\N|||20260323|212045|20260715||2|\N|3|\N|\N|\N|\N|\N|\N|\N|\N||\N|\N|\N|\N|\N|\N|\N|1784122543082
1||1191898|90212900|\N|\N|\N||\N|\N||\N|\N|||20260323|212045|20260715||2|\N|3|\N|\N|\N|\N|\N|\N|\N|\N||\N|\N|\N|\N|\N|\N|\N|1784122543088
1||11F100-76A|85011019|\N|\N|\N||\N|\N||\N|\N|||20260323|212045|20260715||2|\N|3|\N|\N|\N|\N|\N|\N|\N|\N||\N|\N|\N|\N|\N|\N|\N|1784122543095
1||12-503-16|88073000|\N|\N|\N||\N|\N||\N|\N|||20260323|212045|20260715||2|\N|3|\N|\N|\N|\N|\N|\N|\N|\N||\N|\N|\N|\N|\N|\N|\N|1784122543101
1||120-1DLP|90312010|\N|\N|\N||\N|\N||\N|\N|||20260323|212045|20260715||2|\N|3|\N|\N|\N|\N|\N|\N|\N|\N||\N|\N|\N|\N|\N|\N|\N|1784122543107
1||1202-100|88073000|\N|\N|\N||\N|\N||\N|\N|||20260323|212045|20260715||2|\N|3|\N|\N|\N|\N|\N|\N|\N|\N|KG|\N|\N|\N|\N|\N|\N|\N|1784122543112
1||1202-200|85392110|\N|\N|\N||\N|\N||\N|\N|||20260323|212045|20260715||2|\N|3|\N|\N|\N|\N|\N|\N|\N|\N|UN|\N|\N|\N|\N|\N|\N|\N|1784122543119
1||12070594|85118090|\N|\N|\N||\N|\N||\N|\N|||20260323|212045|20260715||2|\N|3|\N|\N|\N|\N|\N|\N|\N|\N|PC|\N|\N|\N|\N|\N|\N|\N|1784122543125
1||12079-20E012|85419090|\N|\N|\N||\N|\N||\N|\N|||20260323|212045|20260715||2|\N|3|\N|\N|\N|\N|\N|\N|\N|\N||\N|\N|\N|\N|\N|\N|\N|1784122543131
1||12092-10G010-01|90303390|\N|\N|\N||\N|\N||\N|\N|||20260323|212045|20260715||2|\N|3|\N|\N|\N|\N|\N|\N|\N|\N|UN|\N|\N|\N|\N|\N|\N|\N|1784122543137
1||1239|85118090|\N|\N|\N||\N|\N||\N|\N|||20260323|212045|20260715||2|\N|3|\N|\N|\N|\N|\N|\N|\N|\N|PC|\N|\N|\N|\N|\N|\N|\N|1784122543143
1||124282|85311010|\N|\N|\N||\N|\N||\N|\N|||20260323|212045|20260715||2|\N|3|\N|\N|\N|\N|\N|\N|\N|\N||\N|\N|\N|\N|\N|\N|\N|1784122543149
1||124282-0000|88073000|\N|\N|\N||\N|\N||\N|\N|||20260323|212045|20260715||2|\N|3|\N|\N|\N|\N|\N|\N|\N|\N||\N|\N|\N|\N|\N|\N|\N|1784122543155
1||125-0033-01|84119100|\N|\N|\N||\N|\N||\N|\N|||20260323|212045|20260715||2|\N|3|\N|\N|\N|\N|\N|\N|\N|\N|KG|\N|\N|\N|\N|\N|\N|\N|1784122543161
1||12610|84671110|\N|\N|\N||\N|\N||\N|\N|||20260323|212045|20260715||2|\N|3|\N|\N|\N|\N|\N|\N|\N|\N|PC|\N|\N|\N|\N|\N|\N|\N|1784122543167
1||12611||\N|\N|\N||\N|\N||\N|\N|||20260323|212045|20260715||2|\N|3|\N|\N|\N|\N|\N|\N|\N|\N||\N|\N|\N|\N|\N|\N|\N|1784122543173
1||12619||\N|\N|\N||\N|\N||\N|\N|||20260323|212045|20260715||2|\N|3|\N|\N|\N|\N|\N|\N|\N|\N||\N|\N|\N|\N|\N|\N|\N|1784122543179
1||12635||\N|\N|\N||\N|\N||\N|\N|||20260323|212045|20260715||2|\N|3|\N|\N|\N|\N|\N|\N|\N|\N||\N|\N|\N|\N|\N|\N|\N|1784122543186
1||13092-16K001-02|85299040|\N|\N|\N||\N|\N||\N|\N|||20260323|212045|20260715||2|\N|3|\N|\N|\N|\N|\N|\N|\N|\N|KG|\N|\N|\N|\N|\N|\N|\N|1784122543192
1||131223-1|85365090|\N|\N|\N||\N|\N||\N|\N|||20260323|212045|20260715||2|\N|3|\N|\N|\N|\N|\N|\N|\N|\N|UN|\N|\N|\N|\N|\N|\N|\N|1784122543198
1||133640|88073000|\N|\N|\N||\N|\N||\N|\N|||20260323|212045|20260715||2|\N|3|\N|\N|\N|\N|\N|\N|\N|\N|PC|\N|\N|\N|\N|\N|\N|\N|1784122543204
1||1353510-02|84812090|\N|\N|\N||\N|\N||\N|\N|||20260323|212045|20260715||2|\N|3|\N|\N|\N|\N|\N|\N|\N|\N||\N|\N|\N|\N|\N|\N|\N|1784122543211
1||1362A020001|88073000|\N|\N|\N||\N|\N||\N|\N|||20260323|212045|20260715||2|\N|3|\N|\N|\N|\N|\N|\N|\N|\N|KG|\N|\N|\N|\N|\N|\N|\N|1784122543217
1||1385|90321090|\N|\N|\N||\N|\N||\N|\N|||20260323|212045|20260715||2|\N|3|\N|\N|\N|\N|\N|\N|\N|\N|PC|\N|\N|\N|\N|\N|\N|\N|1784122543223
1||139G2100H009A69|73269090|\N|\N|\N||\N|\N||\N|\N|||20260323|212045|20260715||2|\N|3|\N|\N|\N|\N|\N|\N|\N|\N|KG|\N|\N|\N|\N|\N|\N|\N|1784122543229
1||139PL0K|90318099|\N|\N|\N||\N|\N||\N|\N|||20260323|212045|20260715||2|\N|3|\N|\N|\N|\N|\N|\N|\N|\N|UN|\N|\N|\N|\N|\N|\N|\N|1784122543235
1||14-55-2|88073000|\N|\N|\N||\N|\N||\N|\N|||20260323|212045|20260715||2|\N|3|\N|\N|\N|\N|\N|\N|\N|\N|EA|\N|\N|\N|\N|\N|\N|\N|1784122543241
1||14-59-1||\N|\N|\N||\N|\N||\N|\N|||20260323|212045|20260715||2|\N|3|\N|\N|\N|\N|\N|\N|\N|\N|KG|\N|\N|\N|\N|\N|\N|\N|1784122543247
1||14-592|82130000|\N|\N|\N||\N|\N||\N|\N|||20260323|212045|20260715||2|\N|3|\N|\N|\N|\N|\N|\N|\N|\N|PC|\N|\N|\N|\N|\N|\N|\N|1784122543253
1||14-6806-6011|90262010|\N|\N|\N||\N|\N||\N|\N|||20260323|212045|20260715||2|\N|3|\N|\N|\N|\N|\N|\N|\N|\N||\N|\N|\N|\N|\N|\N|\N|1784122543260
1||14-6807-6011|90262090|\N|\N|\N||\N|\N||\N|\N|||20260323|212045|20260715||2|\N|3|\N|\N|\N|\N|\N|\N|\N|\N||\N|\N|\N|\N|\N|\N|\N|1784122543265
1||14096P09|85183000|\N|\N|\N||\N|\N||\N|\N|||20260323|212045|20260715||2|\N|3|\N|\N|\N|\N|\N|\N|\N|\N||\N|\N|\N|\N|\N|\N|\N|1784122543272
1||14108|40169300|\N|\N|\N||\N|\N||\N|\N|||20260323|212045|20260715||2|\N|3|\N|\N|\N|\N|\N|\N|\N|\N||\N|\N|\N|\N|\N|\N|\N|1784122543278
1||14250-10 OZ|39073029|\N|\N|\N||\N|\N||\N|\N|||20260323|212045|20260715||2|\N|3|\N|\N|\N|\N|\N|\N|\N|\N|UN|\N|\N|\N|\N|\N|\N|\N|1784122543284
1||14321551|82055900|\N|\N|\N||\N|\N||\N|\N|||20260323|212045|20260715||2|\N|3|\N|\N|\N|\N|\N|\N|\N|\N|PC|\N|\N|\N|\N|\N|\N|\N|1784122543289
1||145130-1002|90149000|\N|\N|\N||\N|\N||\N|\N|||20260323|212045|20260715||2|\N|3|\N|\N|\N|\N|\N|\N|\N|\N|KG|\N|\N|\N|\N|\N|\N|\N|1784122543295
1||1490406-1-0|82041200|\N|\N|\N||\N|\N||\N|\N|||20260323|212045|20260715||2|\N|3|\N|\N|\N|\N|\N|\N|\N|\N|PC|\N|\N|\N|\N|\N|\N|\N|1784122543301
1||1490598-1|84659390|\N|\N|\N||\N|\N||\N|\N|||20260323|212045|20260715||2|\N|3|\N|\N|\N|\N|\N|\N|\N|\N||\N|\N|\N|\N|\N|\N|\N|1784122543307
1||1490794-1-0406A|82032010|\N|\N|\N||\N|\N||\N|\N|||20260323|212045|20260715||2|\N|3|\N|\N|\N|\N|\N|\N|\N|\N||\N|\N|\N|\N|\N|\N|\N|1784122543313
1||1491161TL|34029039|\N|\N|\N||\N|\N||\N|\N|||20260323|212045|20260715||2|\N|3|\N|\N|\N|\N|\N|\N|\N|\N||\N|\N|\N|\N|\N|\N|\N|1784122543319
1||15-10260-07P00|73269090|\N|\N|\N||\N|\N||\N|\N|||20260323|212045|20260715||2|\N|3|\N|\N|\N|\N|\N|\N|\N|\N|KG|\N|\N|\N|\N|\N|\N|\N|1784122543325
1||1500019|90318099|\N|\N|\N||\N|\N||\N|\N|||20260323|212045|20260715||2|\N|3|\N|\N|\N|\N|\N|\N|\N|\N|PC|\N|\N|\N|\N|\N|\N|\N|1784122543331
1||150052-2|84159090|\N|\N|\N||\N|\N||\N|\N|||20260323|212045|20260715||2|\N|3|\N|\N|\N|\N|\N|\N|\N|\N|KG|\N|\N|\N|\N|\N|\N|\N|1784122543337
1||15006756|85111000|\N|\N|\N||\N|\N||\N|\N|||20260323|212045|20260715||2|\N|3|\N|\N|\N|\N|\N|\N|\N|\N|PC|\N|\N|\N|\N|\N|\N|\N|1784122543343
1||150515-1|84145990|\N|\N|\N||\N|\N||\N|\N|||20260323|212045|20260715||2|\N|3|\N|\N|\N|\N|\N|\N|\N|\N|UN|\N|\N|\N|\N|\N|\N|\N|1784122543349
1||150SG1052-10|85115090|\N|\N|\N||\N|\N||\N|\N|||20260323|212045|20260715||2|\N|3|\N|\N|\N|\N|\N|\N|\N|\N|PC|\N|\N|\N|\N|\N|\N|\N|1784122543355
1||153010-000130|40169300|\N|\N|\N||\N|\N||\N|\N|||20260323|212045|20260715||2|\N|3|\N|\N|\N|\N|\N|\N|\N|\N|KG|\N|\N|\N|\N|\N|\N|\N|1784122543362
1||1530879-1|94019900|\N|\N|\N||\N|\N||\N|\N|||20260323|212045|20260715||2|\N|3|\N|\N|\N|\N|\N|\N|\N|\N|PC|\N|\N|\N|\N|\N|\N|\N|1784122543368
1||1533|73269090|\N|\N|\N||\N|\N||\N|\N|||20260323|212045|20260715||2|\N|3|\N|\N|\N|\N|\N|\N|\N|\N||\N|\N|\N|\N|\N|\N|\N|1784122543374
1||153510-000170|40169300|\N|\N|\N||\N|\N||\N|\N|||20260323|212045|20260715||2|\N|3|\N|\N|\N|\N|\N|\N|\N|\N|KG|\N|\N|\N|\N|\N|\N|\N|1784122543380
1||1536-001-25||\N|\N|\N||\N|\N||\N|\N|||20260323|212045|20260715||2|\N|3|\N|\N|\N|\N|\N|\N|\N|\N|EA|\N|\N|\N|\N|\N|\N|\N|1784122543386
1||15501|40103900|\N|\N|\N||\N|\N||\N|\N|||20260323|212045|20260715||2|\N|3|\N|\N|\N|\N|\N|\N|\N|\N|PC|\N|\N|\N|\N|\N|\N|\N|1784122543392
1||1560NF|42021210|\N|\N|\N||\N|\N||\N|\N|||20260323|212045|20260715||2|\N|3|\N|\N|\N|\N|\N|\N|\N|\N|EA|\N|\N|\N|\N|\N|\N|\N|1784122543398
1||156800-1|84159090|\N|\N|\N||\N|\N||\N|\N|||20260323|212045|20260715||2|\N|3|\N|\N|\N|\N|\N|\N|\N|\N|KG|\N|\N|\N|\N|\N|\N|\N|1784122543404
1||156S24|88073000|\N|\N|\N||\N|\N||\N|\N|||20260323|212045|20260715||2|\N|3|\N|\N|\N|\N|\N|\N|\N|\N|EA|\N|\N|\N|\N|\N|\N|\N|1784122543409
1||164829|85332900|\N|\N|\N||\N|\N||\N|\N|||20260323|212045|20260715||2|\N|3|\N|\N|\N|\N|\N|\N|\N|\N|PC|\N|\N|\N|\N|\N|\N|\N|1784122543415
1||1650A0400-02|90212900|\N|\N|\N||\N|\N||\N|\N|||20260323|212045|20260715||2|\N|3|\N|\N|\N|\N|\N|\N|\N|\N|KG|\N|\N|\N|\N|\N|\N|\N|1784122543421
1||1656A2100-01||\N|\N|\N||\N|\N||\N|\N|||20260323|212045|20260715||2|\N|3|\N|\N|\N|\N|\N|\N|\N|\N||\N|\N|\N|\N|\N|\N|\N|1784122543427
1||17-903301-1||\N|\N|\N||\N|\N||\N|\N|||20260323|212045|20260715||2|\N|3|\N|\N|\N|\N|\N|\N|\N|\N|PC|\N|\N|\N|\N|\N|\N|\N|1784122543433
1||1712202-5|73269090|\N|\N|\N||\N|\N||\N|\N|||20260323|212045|20260715||2|\N|3|\N|\N|\N|\N|\N|\N|\N|\N||\N|\N|\N|\N|\N|\N|\N|1784122543439
1||17700|90142090|\N|\N|\N||\N|\N||\N|\N|||20260323|212045|20260715||2|\N|3|\N|\N|\N|\N|\N|\N|\N|\N||\N|\N|\N|\N|\N|\N|\N|1784122543445
1||17A8791P01|39269090|\N|\N|\N||\N|\N||\N|\N|||20260323|212045|20260715||2|\N|3|\N|\N|\N|\N|\N|\N|\N|\N||\N|\N|\N|\N|\N|\N|\N|1784122543451
1||18-4208-0010|87168000|\N|\N|\N||\N|\N||\N|\N|||20260323|212045|20260715||2|\N|3|\N|\N|\N|\N|\N|\N|\N|\N||\N|\N|\N|\N|\N|\N|\N|1784122543457
1||18-90330-1|84159090|\N|\N|\N||\N|\N||\N|\N|||20260323|212045|20260715||2|\N|3|\N|\N|\N|\N|\N|\N|\N|\N||\N|\N|\N|\N|\N|\N|\N|1784122543464
1||18-947-1|85044090|\N|\N|\N||\N|\N||\N|\N|||20260323|212045|20260715||2|\N|3|\N|\N|\N|\N|\N|\N|\N|\N||\N|\N|\N|\N|\N|\N|\N|1784122543470
1||18028G26|85189090|\N|\N|\N||\N|\N||\N|\N|||20260323|212045|20260715||2|\N|3|\N|\N|\N|\N|\N|\N|\N|\N|KG|\N|\N|\N|\N|\N|\N|\N|1784122543476
1||182300-303|40169300|\N|\N|\N||\N|\N||\N|\N|||20260323|212045|20260715||2|\N|3|\N|\N|\N|\N|\N|\N|\N|\N||\N|\N|\N|\N|\N|\N|\N|1784122543482
1||18253G05|85189090|\N|\N|\N||\N|\N||\N|\N|||20260323|212045|20260715||2|\N|3|\N|\N|\N|\N|\N|\N|\N|\N|PC|\N|\N|\N|\N|\N|\N|\N|1784122543488
1||18316G02|40169300|\N|\N|\N||\N|\N||\N|\N|||20260323|212045|20260715||2|\N|3|\N|\N|\N|\N|\N|\N|\N|\N||\N|\N|\N|\N|\N|\N|\N|1784122543494
1||18335X|88073000|\N|\N|\N||\N|\N||\N|\N|||20260323|212045|20260715||2|\N|3|\N|\N|\N|\N|\N|\N|\N|\N||\N|\N|\N|\N|\N|\N|\N|1784122543500
1||1864-8|90321090|\N|\N|\N||\N|\N||\N|\N|||20260323|212045|20260715||2|\N|3|\N|\N|\N|\N|\N|\N|\N|\N|UN|\N|\N|\N|\N|\N|\N|\N|1784122543506
1||18650-000-01|88071000|\N|\N|\N||\N|\N||\N|\N|||20260323|212045|20260715||2|\N|3|\N|\N|\N|\N|\N|\N|\N|\N|PC|\N|\N|\N|\N|\N|\N|\N|1784122543513
1||1865GR85|88073000|\N|\N|\N||\N|\N||\N|\N|||20260323|212045|20260715||2|\N|3|\N|\N|\N|\N|\N|\N|\N|\N|UN|\N|\N|\N|\N|\N|\N|\N|1784122543519
1||1944L200|88072000|\N|\N|\N||\N|\N||\N|\N|||20260323|212045|20260715||2|\N|3|\N|\N|\N|\N|\N|\N|\N|\N|PC|\N|\N|\N|\N|\N|\N|\N|1784122543525
1||1945A70|90212900|\N|\N|\N||\N|\N||\N|\N|||20260323|212045|20260715||2|\N|3|\N|\N|\N|\N|\N|\N|\N|\N|KG|\N|\N|\N|\N|\N|\N|\N|1784122543531
1||1945B64BJA||\N|\N|\N||\N|\N||\N|\N|||20260323|212045|20260715||2|\N|3|\N|\N|\N|\N|\N|\N|\N|\N||\N|\N|\N|\N|\N|\N|\N|1784122543536
1||196A1Z|90262090|\N|\N|\N||\N|\N||\N|\N|||20260323|212045|20260715||2|\N|3|\N|\N|\N|\N|\N|\N|\N|\N|PC|\N|\N|\N|\N|\N|\N|\N|1784122543542
1||196B1|90173090|\N|\N|\N||\N|\N||\N|\N|||20260323|212045|20260715||2|\N|3|\N|\N|\N|\N|\N|\N|\N|\N|UN|\N|\N|\N|\N|\N|\N|\N|1784122543549
1||1995B002DP654SK|39100090|\N|\N|\N||\N|\N||\N|\N|||20260323|212045|20260715||2|\N|3|\N|\N|\N|\N|\N|\N|\N|\N|EA|\N|\N|\N|\N|\N|\N|\N|1784122543555
1||1999954|84182100|\N|\N|\N||\N|\N||\N|\N|||20260323|212045|20260715||2|\N|3|\N|\N|\N|\N|\N|\N|\N|\N|PC|\N|\N|\N|\N|\N|\N|\N|1784122543561
1||1N1202A|85411099|\N|\N|\N||\N|\N||\N|\N|||20260323|212045|20260715||2|\N|3|\N|\N|\N|\N|\N|\N|\N|\N||\N|\N|\N|\N|\N|\N|\N|1784122543566
1||200-010-2100|85198120|\N|\N|\N||\N|\N||\N|\N|||20260323|212045|20260715||2|\N|3|\N|\N|\N|\N|\N|\N|\N|\N|UN|\N|\N|\N|\N|\N|\N|\N|1784122543573
1||20027|38151900|\N|\N|\N||\N|\N||\N|\N|||20260323|212045|20260715||2|\N|3|\N|\N|\N|\N|\N|\N|\N|\N|PC|\N|\N|\N|\N|\N|\N|\N|1784122543579
1||200333-1|73269090|\N|\N|\N||\N|\N||\N|\N|||20260323|212045|20260715||2|\N|3|\N|\N|\N|\N|\N|\N|\N|\N||\N|\N|\N|\N|\N|\N|\N|1784122543585
1||20050ML|90149000|\N|\N|\N||\N|\N||\N|\N|||20260323|212045|20260715||2|\N|3|\N|\N|\N|\N|\N|\N|\N|\N|UN|\N|\N|\N|\N|\N|\N|\N|1784122543592
1||200A200|73269090|\N|\N|\N||\N|\N||\N|\N|||20260323|212045|20260715||2|\N|3|\N|\N|\N|\N|\N|\N|\N|\N||\N|\N|\N|\N|\N|\N|\N|1784122543597
1||2013-1A|85065090|\N|\N|\N||\N|\N||\N|\N|||20260323|212045|20260715||2|\N|3|\N|\N|\N|\N|\N|\N|\N|\N||\N|\N|\N|\N|\N|\N|\N|1784122543603
1||20214|34029039|\N|\N|\N||\N|\N||\N|\N|||20260323|212045|20260715||2|\N|3|\N|\N|\N|\N|\N|\N|\N|\N|PC|\N|\N|\N|\N|\N|\N|\N|1784122543609
1||20230M1|90149000|\N|\N|\N||\N|\N||\N|\N|||20260323|212045|20260715||2|\N|3|\N|\N|\N|\N|\N|\N|\N|\N||\N|\N|\N|\N|\N|\N|\N|1784122543615
1||2024T3-0-020|76061190|\N|\N|\N||\N|\N||\N|\N|||20260323|212045|20260715||2|\N|3|\N|\N|\N|\N|\N|\N|\N|\N||\N|\N|\N|\N|\N|\N|\N|1784122543621
1||202689A|90212900|\N|\N|\N||\N|\N||\N|\N|||20260323|212045|20260715||2|\N|3|\N|\N|\N|\N|\N|\N|\N|\N|KG|\N|\N|\N|\N|\N|\N|\N|1784122543627
1||204-070-907-11|84799010|\N|\N|\N||\N|\N||\N|\N|||20260323|212045|20260715||2|\N|3|\N|\N|\N|\N|\N|\N|\N|\N|PC|\N|\N|\N|\N|\N|\N|\N|1784122543633
1||204527-1|73160000|\N|\N|\N||\N|\N||\N|\N|||20260323|212045|20260715||2|\N|3|\N|\N|\N|\N|\N|\N|\N|\N||\N|\N|\N|\N|\N|\N|\N|1784122543639
1||2047S|82055900|\N|\N|\N||\N|\N||\N|\N|||20260323|212045|20260715||2|\N|3|\N|\N|\N|\N|\N|\N|\N|\N||\N|\N|\N|\N|\N|\N|\N|1784122543645
1||20595-23-I-1683|70200090|\N|\N|\N||\N|\N||\N|\N|||20260323|212045|20260715||2|\N|3|\N|\N|\N|\N|\N|\N|\N|\N|UN|\N|\N|\N|\N|\N|\N|\N|1784122543650
1||2070A100|88072000|\N|\N|\N||\N|\N||\N|\N|||20260323|212045|20260715||2|\N|3|\N|\N|\N|\N|\N|\N|\N|\N|KG|\N|\N|\N|\N|\N|\N|\N|1784122543656
1||2071-47|88073000|\N|\N|\N||\N|\N||\N|\N|||20260323|212045|20260715||2|\N|3|\N|\N|\N|\N|\N|\N|\N|\N|PC|\N|\N|\N|\N|\N|\N|\N|1784122543662
1||2071-85|73269090|\N|\N|\N||\N|\N||\N|\N|||20260323|212046|20260715||2|\N|3|\N|\N|\N|\N|\N|\N|\N|\N|KG|\N|\N|\N|\N|\N|\N|\N|1784122543668
1||208663|90262090|\N|\N|\N||\N|\N||\N|\N|||20260323|212046|20260715||2|\N|3|\N|\N|\N|\N|\N|\N|\N|\N|UN|\N|\N|\N|\N|\N|\N|\N|1784122543674
1||208A-32|88073000|\N|\N|\N||\N|\N||\N|\N|||20260323|212046|20260715||2|\N|3|\N|\N|\N|\N|\N|\N|\N|\N|EA|\N|\N|\N|\N|\N|\N|\N|1784122543680
1||2098|30065000|\N|\N|\N||\N|\N||\N|\N|||20260323|212046|20260715||2|\N|3|\N|\N|\N|\N|\N|\N|\N|\N|KG|\N|\N|\N|\N|\N|\N|\N|1784122543686
1||21-90330-3|88073000|\N|\N|\N||\N|\N||\N|\N|||20260323|212046|20260715||2|\N|3|\N|\N|\N|\N|\N|\N|\N|\N|PC|\N|\N|\N|\N|\N|\N|\N|1784122543692
1||210CLNR140Z|34029039|\N|\N|\N||\N|\N||\N|\N|||20260323|212046|20260715||2|\N|3|\N|\N|\N|\N|\N|\N|\N|\N||\N|\N|\N|\N|\N|\N|\N|1784122543698
1||2115-01|88073000|\N|\N|\N||\N|\N||\N|\N|||20260323|212046|20260715||2|\N|3|\N|\N|\N|\N|\N|\N|\N|\N||\N|\N|\N|\N|\N|\N|\N|1784122543704
1||212-5||\N|\N|\N||\N|\N||\N|\N|||20260323|212046|20260715||2|\N|3|\N|\N|\N|\N|\N|\N|\N|\N|EA|\N|\N|\N|\N|\N|\N|\N|1784122543709
1||212-6|90212900|\N|\N|\N||\N|\N||\N|\N|||20260323|212046|20260715||2|\N|3|\N|\N|\N|\N|\N|\N|\N|\N|PC|\N|\N|\N|\N|\N|\N|\N|1784122543715
1||212029-1|85176199|\N|\N|\N||\N|\N||\N|\N|||20260323|212046|20260715||2|\N|3|\N|\N|\N|\N|\N|\N|\N|\N|UN|\N|\N|\N|\N|\N|\N|\N|1784122543722
1||212598-0|84142000|\N|\N|\N||\N|\N||\N|\N|||20260323|212046|20260715||2|\N|3|\N|\N|\N|\N|\N|\N|\N|\N||\N|\N|\N|\N|\N|\N|\N|1784122543728
1||212684-0||\N|\N|\N||\N|\N||\N|\N|||20260323|212046|20260715||2|\N|3|\N|\N|\N|\N|\N|\N|\N|\N||\N|\N|\N|\N|\N|\N|\N|1784122543734
1||21311MI|90149000|\N|\N|\N||\N|\N||\N|\N|||20260323|212046|20260715||2|\N|3|\N|\N|\N|\N|\N|\N|\N|\N||\N|\N|\N|\N|\N|\N|\N|1784122543740
1||214J01N00475949|85318000|\N|\N|\N||\N|\N||\N|\N|||20260323|212046|20260715||2|\N|3|\N|\N|\N|\N|\N|\N|\N|\N||\N|\N|\N|\N|\N|\N|\N|1784122543747
1||216-0029-010|84119100|\N|\N|\N||\N|\N||\N|\N|||20260323|212046|20260715||2|\N|3|\N|\N|\N|\N|\N|\N|\N|\N|EA|\N|\N|\N|\N|\N|\N|\N|1784122543753
1||217-167|73269090|\N|\N|\N||\N|\N||\N|\N|||20260323|212046|20260715||2|\N|3|\N|\N|\N|\N|\N|\N|\N|\N|PC|\N|\N|\N|\N|\N|\N|\N|1784122543759
1||218-164|39219090|\N|\N|\N||\N|\N||\N|\N|||20260323|212046|20260715||2|\N|3|\N|\N|\N|\N|\N|\N|\N|\N||\N|\N|\N|\N|\N|\N|\N|1784122543765
1||21B3A008|82077090|\N|\N|\N||\N|\N||\N|\N|||20260323|212046|20260715||2|\N|3|\N|\N|\N|\N|\N|\N|\N|\N||\N|\N|\N|\N|\N|\N|\N|1784122543771
1||21C7239G02|82079000|\N|\N|\N||\N|\N||\N|\N|||20260323|212046|20260715||2|\N|3|\N|\N|\N|\N|\N|\N|\N|\N|KG|\N|\N|\N|\N|\N|\N|\N|1784122543777
1||220063|39269090|\N|\N|\N||\N|\N||\N|\N|||20260323|212046|20260715||2|\N|3|\N|\N|\N|\N|\N|\N|\N|\N|PC|\N|\N|\N|\N|\N|\N|\N|1784122543784
1||2231230-10A1|90142090|\N|\N|\N||\N|\N||\N|\N|||20260323|212046|20260715||2|\N|3|\N|\N|\N|\N|\N|\N|\N|\N|UN|\N|\N|\N|\N|\N|\N|\N|1784122543790
1||2254K050|73269090|\N|\N|\N||\N|\N||\N|\N|||20260323|212046|20260715||2|\N|3|\N|\N|\N|\N|\N|\N|\N|\N||\N|\N|\N|\N|\N|\N|\N|1784122543796
1||2256|88073000|\N|\N|\N||\N|\N||\N|\N|||20260323|212046|20260715||2|\N|3|\N|\N|\N|\N|\N|\N|\N|\N|PC|\N|\N|\N|\N|\N|\N|\N|1784122543802
1||226242|39269090|\N|\N|\N||\N|\N||\N|\N|||20260323|212046|20260715||2|\N|3|\N|\N|\N|\N|\N|\N|\N|\N||\N|\N|\N|\N|\N|\N|\N|1784122543808
1||22658G01|94019900|\N|\N|\N||\N|\N||\N|\N|||20260323|212046|20260715||2|\N|3|\N|\N|\N|\N|\N|\N|\N|\N||\N|\N|\N|\N|\N|\N|\N|1784122543815
1||22740-1|73269090|\N|\N|\N||\N|\N||\N|\N|||20260323|212046|20260715||2|\N|3|\N|\N|\N|\N|\N|\N|\N|\N||\N|\N|\N|\N|\N|\N|\N|1784122543821
1||23081-043|85115090|\N|\N|\N||\N|\N||\N|\N|||20260323|212046|20260715||2|\N|3|\N|\N|\N|\N|\N|\N|\N|\N|UN|\N|\N|\N|\N|\N|\N|\N|1784122543827
1||23111323-1|73110000|\N|\N|\N||\N|\N||\N|\N|||20260323|212046|20260715||2|\N|3|\N|\N|\N|\N|\N|\N|\N|\N||\N|\N|\N|\N|\N|\N|\N|1784122543832
1||2311M306-2|84798931|\N|\N|\N||\N|\N||\N|\N|||20260323|212046|20260715||2|\N|3|\N|\N|\N|\N|\N|\N|\N|\N||\N|\N|\N|\N|\N|\N|\N|1784122543838
1||2312M108-1||\N|\N|\N||\N|\N||\N|\N|||20260323|212046|20260715||2|\N|3|\N|\N|\N|\N|\N|\N|\N|\N|PC|\N|\N|\N|\N|\N|\N|\N|1784122543844
1||2315M24-12|84799010|\N|\N|\N||\N|\N||\N|\N|||20260323|212046|20260715||2|\N|3|\N|\N|\N|\N|\N|\N|\N|\N|KG|\N|\N|\N|\N|\N|\N|\N|1784122543850
1||2315M24-5|40169990|\N|\N|\N||\N|\N||\N|\N|||20260323|212046|20260715||2|\N|3|\N|\N|\N|\N|\N|\N|\N|\N|PC|\N|\N|\N|\N|\N|\N|\N|1784122543856
1||2392-2088-001|88072000|\N|\N|\N||\N|\N||\N|\N|||20260323|212046|20260715||2|\N|3|\N|\N|\N|\N|\N|\N|\N|\N||\N|\N|\N|\N|\N|\N|\N|1784122543862
1||2392-2317-003|82079000|\N|\N|\N||\N|\N||\N|\N|||20260323|212046|20260715||2|\N|3|\N|\N|\N|\N|\N|\N|\N|\N|KG|\N|\N|\N|\N|\N|\N|\N|1784122543868
1||2392-2401-901|82055900|\N|\N|\N||\N|\N||\N|\N|||20260323|212046|20260715||2|\N|3|\N|\N|\N|\N|\N|\N|\N|\N|PC|\N|\N|\N|\N|\N|\N|\N|1784122543874
1||25|88073000|\N|\N|\N||\N|\N||\N|\N|||20260323|212046|20260715||2|\N|3|\N|\N|\N|\N|\N|\N|\N|\N|UN|\N|\N|\N|\N|\N|\N|\N|1784122543880
1||251|85184000|\N|\N|\N||\N|\N||\N|\N|||20260323|212046|20260715||2|\N|3|\N|\N|\N|\N|\N|\N|\N|\N||\N|\N|\N|\N|\N|\N|\N|1784122543886
1||251-006|88073000|\N|\N|\N||\N|\N||\N|\N|||20260323|212046|20260715||2|\N|3|\N|\N|\N|\N|\N|\N|\N|\N|PC|\N|\N|\N|\N|\N|\N|\N|1784122543892
1||2562-638-00-10|90303311|\N|\N|\N||\N|\N||\N|\N|||20260323|212046|20260715||2|\N|3|\N|\N|\N|\N|\N|\N|\N|\N|UN|\N|\N|\N|\N|\N|\N|\N|1784122543897
1||2587193-42|90142090|\N|\N|\N||\N|\N||\N|\N|||20260323|212046|20260715||2|\N|3|\N|\N|\N|\N|\N|\N|\N|\N|PC|\N|\N|\N|\N|\N|\N|\N|1784122543903
1||2587193-43||\N|\N|\N||\N|\N||\N|\N|||20260323|212046|20260715||2|\N|3|\N|\N|\N|\N|\N|\N|\N|\N||\N|\N|\N|\N|\N|\N|\N|1784122543909
1||2597D020-302|73269090|\N|\N|\N||\N|\N||\N|\N|||20260323|212046|20260715||2|\N|3|\N|\N|\N|\N|\N|\N|\N|\N|KG|\N|\N|\N|\N|\N|\N|\N|1784122543915
1||2604750-90|88073000|\N|\N|\N||\N|\N||\N|\N|||20260323|212046|20260715||2|\N|3|\N|\N|\N|\N|\N|\N|\N|\N|PC|\N|\N|\N|\N|\N|\N|\N|1784122543921
1||2607389|90212900|\N|\N|\N||\N|\N||\N|\N|||20260323|212046|20260715||2|\N|3|\N|\N|\N|\N|\N|\N|\N|\N||\N|\N|\N|\N|\N|\N|\N|1784122543927
1||2681-15|39269090|\N|\N|\N||\N|\N||\N|\N|||20260323|212046|20260715||2|\N|3|\N|\N|\N|\N|\N|\N|\N|\N||\N|\N|\N|\N|\N|\N|\N|1784122543933
1||2778-1|85065090|\N|\N|\N||\N|\N||\N|\N|0||20260710|143955|20260710||2|\N|\N|\N|\N|\N|\N|\N|\N|\N|\N|UN|\N|\N|\N|\N|\N|\N|\N|1783694396606
1||280501-0|84713090|\N|\N|\N||\N|\N||\N|\N|1||20260323|212046|20260715||2|\N|3|\N|\N|\N|\N|\N|\N|\N|\N|PC|\N|\N|\N|\N|\N|\N|\N|1784122543939
1||282-300|85044010|\N|\N|\N||\N|\N||\N|\N|||20260323|212046|20260715||2|\N|3|\N|\N|\N|\N|\N|\N|\N|\N||\N|\N|\N|\N|\N|\N|\N|1784122543945
1||2879-0016-1|90173090|\N|\N|\N||\N|\N||\N|\N|||20260323|212046|20260715||2|\N|3|\N|\N|\N|\N|\N|\N|\N|\N||\N|\N|\N|\N|\N|\N|\N|1784122543951
1||28E14-1|90321090|\N|\N|\N||\N|\N||\N|\N|||20260323|212046|20260715||2|\N|3|\N|\N|\N|\N|\N|\N|\N|\N||\N|\N|\N|\N|\N|\N|\N|1784122543957
1||2966A010000|73269090|\N|\N|\N||\N|\N||\N|\N|||20260323|212046|20260715||2|\N|3|\N|\N|\N|\N|\N|\N|\N|\N|KG|\N|\N|\N|\N|\N|\N|\N|1784122543963
1||2978-0016-1||\N|\N|\N||\N|\N||\N|\N|||20260323|212046|20260715||2|\N|3|\N|\N|\N|\N|\N|\N|\N|\N||\N|\N|\N|\N|\N|\N|\N|1784122543969
1||2978-9001-2|84249010|\N|\N|\N||\N|\N||\N|\N|||20260323|212046|20260715||2|\N|3|\N|\N|\N|\N|\N|\N|\N|\N||\N|\N|\N|\N|\N|\N|\N|1784122543974
1||2KSS6050-5060|90303319|\N|\N|\N||\N|\N||\N|\N|||20260323|212046|20260715||2|\N|3|\N|\N|\N|\N|\N|\N|\N|\N|PC|\N|\N|\N|\N|\N|\N|\N|1784122543980
1||2LA005638-00|85318000|\N|\N|\N||\N|\N||\N|\N|||20260323|212046|20260715||2|\N|3|\N|\N|\N|\N|\N|\N|\N|\N|UN|\N|\N|\N|\N|\N|\N|\N|1784122543986
1||2YA0A004|73269090|\N|\N|\N||\N|\N||\N|\N|||20260323|212046|20260715||2|\N|3|\N|\N|\N|\N|\N|\N|\N|\N|PC|\N|\N|\N|\N|\N|\N|\N|1784122543993
1||30-40KVA|85115010|\N|\N|\N||\N|\N||\N|\N|||20260323|212046|20260715||2|\N|3|\N|\N|\N|\N|\N|\N|\N|\N||\N|\N|\N|\N|\N|\N|\N|1784122543999
1||30006760-111|88071000|\N|\N|\N||\N|\N||\N|\N|||20260323|212046|20260715||2|\N|3|\N|\N|\N|\N|\N|\N|\N|\N||\N|\N|\N|\N|\N|\N|\N|1784122544005
1||3001-01-101|39219090|\N|\N|\N||\N|\N||\N|\N|||20260323|212046|20260715||2|\N|3|\N|\N|\N|\N|\N|\N|\N|\N|KG|\N|\N|\N|\N|\N|\N|\N|1784122544011
1||300300|85241100|\N|\N|\N||\N|\N||\N|\N|||20260323|212046|20260715||2|\N|3|\N|\N|\N|\N|\N|\N|\N|\N|PC|\N|\N|\N|\N|\N|\N|\N|1784122544017
1||300SSDRL2410|73269090|\N|\N|\N||\N|\N||\N|\N|||20260323|212046|20260715||2|\N|3|\N|\N|\N|\N|\N|\N|\N|\N||\N|\N|\N|\N|\N|\N|\N|1784122544023
1||3019-32-201|88052900|\N|\N|\N||\N|\N||\N|\N|||20260323|212046|20260715||2|\N|3|\N|\N|\N|\N|\N|\N|\N|\N|KG|\N|\N|\N|\N|\N|\N|\N|1784122544029
1||30191|90149000|\N|\N|\N||\N|\N||\N|\N|||20260323|212046|20260715||2|\N|3|\N|\N|\N|\N|\N|\N|\N|\N|PC|\N|\N|\N|\N|\N|\N|\N|1784122544038
1||30295SY2-13|85392110|\N|\N|\N||\N|\N||\N|\N|||20260323|212046|20260715||2|\N|3|\N|\N|\N|\N|\N|\N|\N|\N||\N|\N|\N|\N|\N|\N|\N|1784122544044
1||303|85392190|\N|\N|\N||\N|\N||\N|\N|||20260323|212046|20260715||2|\N|3|\N|\N|\N|\N|\N|\N|\N|\N||\N|\N|\N|\N|\N|\N|\N|1784122544049
1||3030AN|85319000|\N|\N|\N||\N|\N||\N|\N|||20260323|212046|20260715||2|\N|3|\N|\N|\N|\N|\N|\N|\N|\N|KG|\N|\N|\N|\N|\N|\N|\N|1784122544055
1||303717A|90262090|\N|\N|\N||\N|\N||\N|\N|||20260323|212046|20260715||2|\N|3|\N|\N|\N|\N|\N|\N|\N|\N|PC|\N|\N|\N|\N|\N|\N|\N|1784122544062
1||304012-05|35069900|\N|\N|\N||\N|\N||\N|\N|||20260323|212046|20260715||2|\N|3|\N|\N|\N|\N|\N|\N|\N|\N|KG|\N|\N|\N|\N|\N|\N|\N|1784122544068
1||3043937-05|85118090|\N|\N|\N||\N|\N||\N|\N|||20260323|212046|20260715||2|\N|3|\N|\N|\N|\N|\N|\N|\N|\N|UN|\N|\N|\N|\N|\N|\N|\N|1784122544074
1||3045379-01|84112200|\N|\N|\N||\N|\N||\N|\N|||20260323|212046|20260715||2|\N|3|\N|\N|\N|\N|\N|\N|\N|\N||\N|\N|\N|\N|\N|\N|\N|1784122544080
1||304760-1|90291010|\N|\N|\N||\N|\N||\N|\N|||20260323|212046|20260715||2|\N|3|\N|\N|\N|\N|\N|\N|\N|\N||\N|\N|\N|\N|\N|\N|\N|1784122544086
1||3048676-12|88073000|\N|\N|\N||\N|\N||\N|\N|||20260323|212046|20260715||2|\N|3|\N|\N|\N|\N|\N|\N|\N|\N|KG|\N|\N|\N|\N|\N|\N|\N|1784122544092
1||3060T08P02|85443000|\N|\N|\N||\N|\N||\N|\N|||20260323|212046|20260715||2|\N|3|\N|\N|\N|\N|\N|\N|\N|\N||\N|\N|\N|\N|\N|\N|\N|1784122544098
1||3062T06P03|84145990|\N|\N|\N||\N|\N||\N|\N|||20260323|212046|20260715||2|\N|3|\N|\N|\N|\N|\N|\N|\N|\N|PC|\N|\N|\N|\N|\N|\N|\N|1784122544104
1||3062T09G03|84133030|\N|\N|\N||\N|\N||\N|\N|||20260323|212046|20260715||2|\N|3|\N|\N|\N|\N|\N|\N|\N|\N|UN|\N|\N|\N|\N|\N|\N|\N|1784122544110
1||3062T20G10|84111100|\N|\N|\N||\N|\N||\N|\N|||20260323|212046|20260715||2|\N|3|\N|\N|\N|\N|\N|\N|\N|\N||\N|\N|\N|\N|\N|\N|\N|1784122544116
1||3062T37P03|85444200|\N|\N|\N||\N|\N||\N|\N|||20260323|212046|20260715||2|\N|3|\N|\N|\N|\N|\N|\N|\N|\N|KG|\N|\N|\N|\N|\N|\N|\N|1784122544121
1||3066T90G02|84112200|\N|\N|\N||\N|\N||\N|\N|||20260323|212046|20260715||2|\N|3|\N|\N|\N|\N|\N|\N|\N|\N|UN|\N|\N|\N|\N|\N|\N|\N|1784122544127
1||3073974-01|88073000|\N|\N|\N||\N|\N||\N|\N|||20260323|212046|20260715||2|\N|3|\N|\N|\N|\N|\N|\N|\N|\N|KG|\N|\N|\N|\N|\N|\N|\N|1784122544133
1||3073976-01||\N|\N|\N||\N|\N||\N|\N|||20260323|212046|20260715||2|\N|3|\N|\N|\N|\N|\N|\N|\N|\N||\N|\N|\N|\N|\N|\N|\N|1784122544140
1||3076214-01|40169300|\N|\N|\N||\N|\N||\N|\N|||20260323|212046|20260715||2|\N|3|\N|\N|\N|\N|\N|\N|\N|\N||\N|\N|\N|\N|\N|\N|\N|1784122544146
1||3076476-01|90261029|\N|\N|\N||\N|\N||\N|\N|||20260323|212046|20260715||2|\N|3|\N|\N|\N|\N|\N|\N|\N|\N|PC|\N|\N|\N|\N|\N|\N|\N|1784122544151
1||31-4675-1|85392110|\N|\N|\N||\N|\N||\N|\N|||20260323|212046|20260715||2|\N|3|\N|\N|\N|\N|\N|\N|\N|\N||\N|\N|\N|\N|\N|\N|\N|1784122544157
1||311782|73269090|\N|\N|\N||\N|\N||\N|\N|||20260323|212046|20260715||2|\N|3|\N|\N|\N|\N|\N|\N|\N|\N||\N|\N|\N|\N|\N|\N|\N|1784122544164
1||31248|34029090|\N|\N|\N||\N|\N||\N|\N|||20260323|212046|20260715||2|\N|3|\N|\N|\N|\N|\N|\N|\N|\N|LT|\N|\N|\N|\N|\N|\N|\N|1784122544170
1||3137LB61C|90142010|\N|\N|\N||\N|\N||\N|\N|||20260323|212046|20260715||2|\N|3|\N|\N|\N|\N|\N|\N|\N|\N|PC|\N|\N|\N|\N|\N|\N|\N|1784122544176
1||320566|85366990|\N|\N|\N||\N|\N||\N|\N|||20260323|212046|20260715||2|\N|3|\N|\N|\N|\N|\N|\N|\N|\N||\N|\N|\N|\N|\N|\N|\N|1784122544182
1||321A110100|39269090|\N|\N|\N||\N|\N||\N|\N|||20260323|212046|20260715||2|\N|3|\N|\N|\N|\N|\N|\N|\N|\N||\N|\N|\N|\N|\N|\N|\N|1784122544190
1||322A22322821|81089000|\N|\N|\N||\N|\N||\N|\N|||20260323|212046|20260715||2|\N|3|\N|\N|\N|\N|\N|\N|\N|\N||\N|\N|\N|\N|\N|\N|\N|1784122544196
1||32446|85366990|\N|\N|\N||\N|\N||\N|\N|||20260323|212046|20260715||2|\N|3|\N|\N|\N|\N|\N|\N|\N|\N||\N|\N|\N|\N|\N|\N|\N|1784122544202
1||330A21-2224-21|73269090|\N|\N|\N||\N|\N||\N|\N|||20260323|212046|20260715||2|\N|3|\N|\N|\N|\N|\N|\N|\N|\N||\N|\N|\N|\N|\N|\N|\N|1784122544208
1||330A22-2054-46||\N|\N|\N||\N|\N||\N|\N|||20260323|212046|20260715||2|\N|3|\N|\N|\N|\N|\N|\N|\N|\N||\N|\N|\N|\N|\N|\N|\N|1784122544214
1||330A22205446|88073000|\N|\N|\N||\N|\N||\N|\N|||20260323|212046|20260715||2|\N|3|\N|\N|\N|\N|\N|\N|\N|\N||\N|\N|\N|\N|\N|\N|\N|1784122544220
1||330A25-2182-220||\N|\N|\N||\N|\N||\N|\N|||20260323|212046|20260715||2|\N|3|\N|\N|\N|\N|\N|\N|\N|\N||\N|\N|\N|\N|\N|\N|\N|1784122544226
1||330A25-2204-01|85319000|\N|\N|\N||\N|\N||\N|\N|||20260323|212046|20260715||2|\N|3|\N|\N|\N|\N|\N|\N|\N|\N||\N|\N|\N|\N|\N|\N|\N|1784122544232
1||330A25-2211-20|88073000|\N|\N|\N||\N|\N||\N|\N|||20260323|212046|20260715||2|\N|3|\N|\N|\N|\N|\N|\N|\N|\N||\N|\N|\N|\N|\N|\N|\N|1784122544238
1||330A25-2704-00|90212900|\N|\N|\N||\N|\N||\N|\N|||20260323|212046|20260715||2|\N|3|\N|\N|\N|\N|\N|\N|\N|\N|KG|\N|\N|\N|\N|\N|\N|\N|1784122544244
1||330A31-3202-21||\N|\N|\N||\N|\N||\N|\N|||20260323|212046|20260715||2|\N|3|\N|\N|\N|\N|\N|\N|\N|\N||\N|\N|\N|\N|\N|\N|\N|1784122544250
1||330A33-0182-20|88073000|\N|\N|\N||\N|\N||\N|\N|||20260323|212046|20260715||2|\N|3|\N|\N|\N|\N|\N|\N|\N|\N|PC|\N|\N|\N|\N|\N|\N|\N|1784122544257
1||330A34-9906-20|40169300|\N|\N|\N||\N|\N||\N|\N|||20260323|212046|20260715||2|\N|3|\N|\N|\N|\N|\N|\N|\N|\N|KG|\N|\N|\N|\N|\N|\N|\N|1784122544263
1||330A58-1231-29|73269090|\N|\N|\N||\N|\N||\N|\N|||20260323|212046|20260715||2|\N|3|\N|\N|\N|\N|\N|\N|\N|\N|PC|\N|\N|\N|\N|\N|\N|\N|1784122544269
1||330A58-3119-20||\N|\N|\N||\N|\N||\N|\N|||20260323|212046|20260715||2|\N|3|\N|\N|\N|\N|\N|\N|\N|\N|KG|\N|\N|\N|\N|\N|\N|\N|1784122544275
1||330A58-4206-00|88073000|\N|\N|\N||\N|\N||\N|\N|||20260323|212046|20260715||2|\N|3|\N|\N|\N|\N|\N|\N|\N|\N|PC|\N|\N|\N|\N|\N|\N|\N|1784122544282
1||330A58-4294-21|73269090|\N|\N|\N||\N|\N||\N|\N|||20260323|212046|20260715||2|\N|3|\N|\N|\N|\N|\N|\N|\N|\N|KG|\N|\N|\N|\N|\N|\N|\N|1784122544288
1||330A58-4297-20|73209000|\N|\N|\N||\N|\N||\N|\N|||20260323|212046|20260715||2|\N|3|\N|\N|\N|\N|\N|\N|\N|\N||\N|\N|\N|\N|\N|\N|\N|1784122544293
1||330A76-3234-20|90212900|\N|\N|\N||\N|\N||\N|\N|||20260323|212046|20260715||2|\N|3|\N|\N|\N|\N|\N|\N|\N|\N|PC|\N|\N|\N|\N|\N|\N|\N|1784122544299
1||330A91-0027-36|88072000|\N|\N|\N||\N|\N||\N|\N|||20260323|212046|20260715||2|\N|3|\N|\N|\N|\N|\N|\N|\N|\N||\N|\N|\N|\N|\N|\N|\N|1784122544305
1||330A91-2000-02|84311090|\N|\N|\N||\N|\N||\N|\N|||20260323|212046|20260715||2|\N|3|\N|\N|\N|\N|\N|\N|\N|\N||\N|\N|\N|\N|\N|\N|\N|1784122544311
1||3324-575|85073090|\N|\N|\N||\N|\N||\N|\N|||20260323|212046|20260715||2|\N|3|\N|\N|\N|\N|\N|\N|\N|\N|EA|\N|\N|\N|\N|\N|\N|\N|1784122544317
1||33290838560071|85299019|\N|\N|\N||\N|\N||\N|\N|||20260323|212046|20260715||2|\N|3|\N|\N|\N|\N|\N|\N|\N|\N||\N|\N|\N|\N|\N|\N|\N|1784122544323
1||332A00-0050EL|35069190|\N|\N|\N||\N|\N||\N|\N|||20260323|212046|20260715||2|\N|3|\N|\N|\N|\N|\N|\N|\N|\N||\N|\N|\N|\N|\N|\N|\N|1784122544329
1||332A07-2658-707|88071000|\N|\N|\N||\N|\N||\N|\N|||20260323|212046|20260715||2|\N|3|\N|\N|\N|\N|\N|\N|\N|\N||\N|\N|\N|\N|\N|\N|\N|1784122544335
1||332A07-2666-007|84139190|\N|\N|\N||\N|\N||\N|\N|||20260323|212046|20260715||2|\N|3|\N|\N|\N|\N|\N|\N|\N|\N|PC|\N|\N|\N|\N|\N|\N|\N|1784122544342
1||332A07-2680-207|84119100|\N|\N|\N||\N|\N||\N|\N|||20260323|212046|20260715||2|\N|3|\N|\N|\N|\N|\N|\N|\N|\N||\N|\N|\N|\N|\N|\N|\N|1784122544348
1||332A0726666071|88073000|\N|\N|\N||\N|\N||\N|\N|||20260323|212046|20260715||2|\N|3|\N|\N|\N|\N|\N|\N|\N|\N||\N|\N|\N|\N|\N|\N|\N|1784122544354
1||332A072666671Q|90212900|\N|\N|\N||\N|\N||\N|\N|||20260323|212046|20260715||2|\N|3|\N|\N|\N|\N|\N|\N|\N|\N||\N|\N|\N|\N|\N|\N|\N|1784122544361
1||332A0726746072|88073000|\N|\N|\N||\N|\N||\N|\N|||20260323|212046|20260715||2|\N|3|\N|\N|\N|\N|\N|\N|\N|\N||\N|\N|\N|\N|\N|\N|\N|1784122544367
1||332A08-8627-009|85442000|\N|\N|\N||\N|\N||\N|\N|||20260323|212046|20260715||2|\N|3|\N|\N|\N|\N|\N|\N|\N|\N||\N|\N|\N|\N|\N|\N|\N|1784122544373
1||332A08-8709-007|85392110|\N|\N|\N||\N|\N||\N|\N|||20260323|212046|20260715||2|\N|3|\N|\N|\N|\N|\N|\N|\N|\N||\N|\N|\N|\N|\N|\N|\N|1784122544379
1||332A081206|88073000|\N|\N|\N||\N|\N||\N|\N|||20260323|212046|20260715||2|\N|3|\N|\N|\N|\N|\N|\N|\N|\N||\N|\N|\N|\N|\N|\N|\N|1784122544385
1||332A08133420||\N|\N|\N||\N|\N||\N|\N|||20260323|212046|20260715||2|\N|3|\N|\N|\N|\N|\N|\N|\N|\N||\N|\N|\N|\N|\N|\N|\N|1784122544391
1||332A08133421||\N|\N|\N||\N|\N||\N|\N|||20260323|212046|20260715||2|\N|3|\N|\N|\N|\N|\N|\N|\N|\N||\N|\N|\N|\N|\N|\N|\N|1784122544397
1||332A11-0450-20|39219090|\N|\N|\N||\N|\N||\N|\N|||20260323|212046|20260715||2|\N|3|\N|\N|\N|\N|\N|\N|\N|\N||\N|\N|\N|\N|\N|\N|\N|1784122544403
1||332A11-0460-02|88073000|\N|\N|\N||\N|\N||\N|\N|||20260323|212046|20260715||2|\N|3|\N|\N|\N|\N|\N|\N|\N|\N||\N|\N|\N|\N|\N|\N|\N|1784122544409
1||332A1100566|39269090|\N|\N|\N||\N|\N||\N|\N|||20260323|212046|20260715||2|\N|3|\N|\N|\N|\N|\N|\N|\N|\N||\N|\N|\N|\N|\N|\N|\N|1784122544414
1||332A110568|88071000|\N|\N|\N||\N|\N||\N|\N|||20260323|212046|20260715||2|\N|3|\N|\N|\N|\N|\N|\N|\N|\N||\N|\N|\N|\N|\N|\N|\N|1784122544420
1||332A110594|88073000|\N|\N|\N||\N|\N||\N|\N|||20260323|212046|20260715||2|\N|3|\N|\N|\N|\N|\N|\N|\N|\N||\N|\N|\N|\N|\N|\N|\N|1784122544426
1||332A12-0495-20|39219090|\N|\N|\N||\N|\N||\N|\N|||20260323|212046|20260715||2|\N|3|\N|\N|\N|\N|\N|\N|\N|\N||\N|\N|\N|\N|\N|\N|\N|1784122544432
1||332A13-1045-00|84119100|\N|\N|\N||\N|\N||\N|\N|||20260323|212046|20260715||2|\N|3|\N|\N|\N|\N|\N|\N|\N|\N||\N|\N|\N|\N|\N|\N|\N|1784122544438
1||332A13-1052-01|88073000|\N|\N|\N||\N|\N||\N|\N|||20260323|212046|20260715||2|\N|3|\N|\N|\N|\N|\N|\N|\N|\N||\N|\N|\N|\N|\N|\N|\N|1784122544444
1||332A21-1101-250|84119100|\N|\N|\N||\N|\N||\N|\N|||20260323|212046|20260715||2|\N|3|\N|\N|\N|\N|\N|\N|\N|\N|KG|\N|\N|\N|\N|\N|\N|\N|1784122544450
1||332A21-1101-530|88073000|\N|\N|\N||\N|\N||\N|\N|||20260323|212046|20260715||2|\N|3|\N|\N|\N|\N|\N|\N|\N|\N|PC|\N|\N|\N|\N|\N|\N|\N|1784122544456
1||332A21-1400-20|90212900|\N|\N|\N||\N|\N||\N|\N|||20260323|212046|20260715||2|\N|3|\N|\N|\N|\N|\N|\N|\N|\N||\N|\N|\N|\N|\N|\N|\N|1784122544461
1||332A21-1416-03|73209000|\N|\N|\N||\N|\N||\N|\N|||20260323|212046|20260715||2|\N|3|\N|\N|\N|\N|\N|\N|\N|\N||\N|\N|\N|\N|\N|\N|\N|1784122544467
1||332A21-1516-22|40169300|\N|\N|\N||\N|\N||\N|\N|||20260323|212046|20260715||2|\N|3|\N|\N|\N|\N|\N|\N|\N|\N|KG|\N|\N|\N|\N|\N|\N|\N|1784122544473
1||332A22-1124-00|40169990|\N|\N|\N||\N|\N||\N|\N|||20260323|212046|20260715||2|\N|3|\N|\N|\N|\N|\N|\N|\N|\N|PC|\N|\N|\N|\N|\N|\N|\N|1784122544479
1||332A22-1412-28|88073000|\N|\N|\N||\N|\N||\N|\N|||20260323|212046|20260715||2|\N|3|\N|\N|\N|\N|\N|\N|\N|\N|EA|\N|\N|\N|\N|\N|\N|\N|1784122544485
1||332A22-1485-26||\N|\N|\N||\N|\N||\N|\N|||20260323|212046|20260715||2|\N|3|\N|\N|\N|\N|\N|\N|\N|\N|KG|\N|\N|\N|\N|\N|\N|\N|1784122544491
1||332A221124||\N|\N|\N||\N|\N||\N|\N|||20260323|212046|20260715||2|\N|3|\N|\N|\N|\N|\N|\N|\N|\N|UN|\N|\N|\N|\N|\N|\N|\N|1784122544497
1||332A22112500||\N|\N|\N||\N|\N||\N|\N|||20260323|212046|20260715||2|\N|3|\N|\N|\N|\N|\N|\N|\N|\N||\N|\N|\N|\N|\N|\N|\N|1784122544503
1||332A2219642352|73269090|\N|\N|\N||\N|\N||\N|\N|||20260323|212046|20260715||2|\N|3|\N|\N|\N|\N|\N|\N|\N|\N||\N|\N|\N|\N|\N|\N|\N|1784122544509
1||332A23-0569-20||\N|\N|\N||\N|\N||\N|\N|||20260323|212046|20260715||2|\N|3|\N|\N|\N|\N|\N|\N|\N|\N||\N|\N|\N|\N|\N|\N|\N|1784122544515
1||332A24-0301-03|88073000|\N|\N|\N||\N|\N||\N|\N|||20260323|212046|20260715||2|\N|3|\N|\N|\N|\N|\N|\N|\N|\N|PC|\N|\N|\N|\N|\N|\N|\N|1784122544521
1||332A24-0309-04|39269090|\N|\N|\N||\N|\N||\N|\N|||20260323|212046|20260715||2|\N|3|\N|\N|\N|\N|\N|\N|\N|\N||\N|\N|\N|\N|\N|\N|\N|1784122544527
1||332A24-0322-00|84821090|\N|\N|\N||\N|\N||\N|\N|||20260323|212046|20260715||2|\N|3|\N|\N|\N|\N|\N|\N|\N|\N|UN|\N|\N|\N|\N|\N|\N|\N|1784122544533
1||332A24-0648-00|88073000|\N|\N|\N||\N|\N||\N|\N|||20260323|212046|20260715||2|\N|3|\N|\N|\N|\N|\N|\N|\N|\N|KG|\N|\N|\N|\N|\N|\N|\N|1784122544539
1||332A25-1054-21|90212900|\N|\N|\N||\N|\N||\N|\N|||20260323|212046|20260715||2|\N|3|\N|\N|\N|\N|\N|\N|\N|\N|PC|\N|\N|\N|\N|\N|\N|\N|1784122544545
1||332A25-1121-01|40169300|\N|\N|\N||\N|\N||\N|\N|||20260323|212046|20260715||2|\N|3|\N|\N|\N|\N|\N|\N|\N|\N|KG|\N|\N|\N|\N|\N|\N|\N|1784122544552
1||332A25-1284-210|88071000|\N|\N|\N||\N|\N||\N|\N|||20260323|212046|20260715||2|\N|3|\N|\N|\N|\N|\N|\N|\N|\N|PC|\N|\N|\N|\N|\N|\N|\N|1784122544558
1||332A27-2350-20|39269090|\N|\N|\N||\N|\N||\N|\N|||20260323|212046|20260715||2|\N|3|\N|\N|\N|\N|\N|\N|\N|\N|KG|\N|\N|\N|\N|\N|\N|\N|1784122544564
1||332A31-1543-20|73269090|\N|\N|\N||\N|\N||\N|\N|||20260323|212046|20260715||2|\N|3|\N|\N|\N|\N|\N|\N|\N|\N||\N|\N|\N|\N|\N|\N|\N|1784122544570
1||332A31-1765-02|88071000|\N|\N|\N||\N|\N||\N|\N|||20260323|212047|20260715||2|\N|3|\N|\N|\N|\N|\N|\N|\N|\N||\N|\N|\N|\N|\N|\N|\N|1784122544576
1||332A31-1845-01|73269090|\N|\N|\N||\N|\N||\N|\N|||20260323|212047|20260715||2|\N|3|\N|\N|\N|\N|\N|\N|\N|\N||\N|\N|\N|\N|\N|\N|\N|1784122544582
1||332A31-3002-00M|88071000|\N|\N|\N||\N|\N||\N|\N|||20260323|212047|20260715||2|\N|3|\N|\N|\N|\N|\N|\N|\N|\N|PC|\N|\N|\N|\N|\N|\N|\N|1784122544588
1||332A31-3032-01||\N|\N|\N||\N|\N||\N|\N|||20260323|212047|20260715||2|\N|3|\N|\N|\N|\N|\N|\N|\N|\N|CJ|\N|\N|\N|\N|\N|\N|\N|1784122544594
1||332A31-3043-01||\N|\N|\N||\N|\N||\N|\N|||20260323|212047|20260715||2|\N|3|\N|\N|\N|\N|\N|\N|\N|\N|PC|\N|\N|\N|\N|\N|\N|\N|1784122544600
1||332A31-3061-00||\N|\N|\N||\N|\N||\N|\N|||20260323|212047|20260715||2|\N|3|\N|\N|\N|\N|\N|\N|\N|\N|KG|\N|\N|\N|\N|\N|\N|\N|1784122544606
1||332A31-3168-21|39269090|\N|\N|\N||\N|\N||\N|\N|||20260323|212047|20260715||2|\N|3|\N|\N|\N|\N|\N|\N|\N|\N||\N|\N|\N|\N|\N|\N|\N|1784122544611
1||332A31-3179-20|90212900|\N|\N|\N||\N|\N||\N|\N|||20260323|212047|20260715||2|\N|3|\N|\N|\N|\N|\N|\N|\N|\N||\N|\N|\N|\N|\N|\N|\N|1784122544617
1||332A31-3242-20|40169990|\N|\N|\N||\N|\N||\N|\N|||20260323|212047|20260715||2|\N|3|\N|\N|\N|\N|\N|\N|\N|\N|PC|\N|\N|\N|\N|\N|\N|\N|1784122544623
1||332A31300201M|88071000|\N|\N|\N||\N|\N||\N|\N|||20260323|212047|20260715||2|\N|3|\N|\N|\N|\N|\N|\N|\N|\N|EA|\N|\N|\N|\N|\N|\N|\N|1784122544629
1||332A32-2025-06M|84834090|\N|\N|\N||\N|\N||\N|\N|||20260323|212047|20260715||2|\N|3|\N|\N|\N|\N|\N|\N|\N|\N|PC|\N|\N|\N|\N|\N|\N|\N|1784122544635
1||332A32-2218-20|90212900|\N|\N|\N||\N|\N||\N|\N|||20260323|212047|20260715||2|\N|3|\N|\N|\N|\N|\N|\N|\N|\N|KG|\N|\N|\N|\N|\N|\N|\N|1784122544641
1||332A32-3356-20|84119100|\N|\N|\N||\N|\N||\N|\N|||20260323|212047|20260715||2|\N|3|\N|\N|\N|\N|\N|\N|\N|\N|PC|\N|\N|\N|\N|\N|\N|\N|1784122544647
1||332A32-5002-01M|84834010|\N|\N|\N||\N|\N||\N|\N|||20260323|212047|20260715||2|\N|3|\N|\N|\N|\N|\N|\N|\N|\N||\N|\N|\N|\N|\N|\N|\N|1784122544652
1||332A32-5054-01|84139190|\N|\N|\N||\N|\N||\N|\N|||20260323|212047|20260715||2|\N|3|\N|\N|\N|\N|\N|\N|\N|\N||\N|\N|\N|\N|\N|\N|\N|1784122544658
1||332A32-5255-01|73030000|\N|\N|\N||\N|\N||\N|\N|||20260323|212047|20260715||2|\N|3|\N|\N|\N|\N|\N|\N|\N|\N||\N|\N|\N|\N|\N|\N|\N|1784122544665
1||332A33-1134-23|90212900|\N|\N|\N||\N|\N||\N|\N|||20260323|212047|20260715||2|\N|3|\N|\N|\N|\N|\N|\N|\N|\N|KG|\N|\N|\N|\N|\N|\N|\N|1784122544671
1||332A34-1064-00|84839000|\N|\N|\N||\N|\N||\N|\N|||20260323|212047|20260715||2|\N|3|\N|\N|\N|\N|\N|\N|\N|\N|PC|\N|\N|\N|\N|\N|\N|\N|1784122544677
1||332A41-0423-00|73269090|\N|\N|\N||\N|\N||\N|\N|||20260323|212047|20260715||2|\N|3|\N|\N|\N|\N|\N|\N|\N|\N|KG|\N|\N|\N|\N|\N|\N|\N|1784122544683
1||332A41-4337-20|39269090|\N|\N|\N||\N|\N||\N|\N|||20260323|212047|20260715||2|\N|3|\N|\N|\N|\N|\N|\N|\N|\N|PC|\N|\N|\N|\N|\N|\N|\N|1784122544689
1||332A41-4351-01|88073000|\N|\N|\N||\N|\N||\N|\N|||20260323|212047|20260715||2|\N|3|\N|\N|\N|\N|\N|\N|\N|\N||\N|\N|\N|\N|\N|\N|\N|1784122544695
1||332A52-0010-26|40091290|\N|\N|\N||\N|\N||\N|\N|||20260323|212047|20260715||2|\N|3|\N|\N|\N|\N|\N|\N|\N|\N||\N|\N|\N|\N|\N|\N|\N|1784122544701
1||332A52-1252-20|40169990|\N|\N|\N||\N|\N||\N|\N|||20260323|212047|20260715||2|\N|3|\N|\N|\N|\N|\N|\N|\N|\N|KG|\N|\N|\N|\N|\N|\N|\N|1784122544707
1||332A52-1399-20|84139190|\N|\N|\N||\N|\N||\N|\N|||20260323|212047|20260715||2|\N|3|\N|\N|\N|\N|\N|\N|\N|\N|PC|\N|\N|\N|\N|\N|\N|\N|1784122544713
1||332A54-0011-01|88071000|\N|\N|\N||\N|\N||\N|\N|||20260323|212047|20260715||2|\N|3|\N|\N|\N|\N|\N|\N|\N|\N||\N|\N|\N|\N|\N|\N|\N|1784122544719
1||332A55-1160-30|40169990|\N|\N|\N||\N|\N||\N|\N|||20260323|212047|20260715||2|\N|3|\N|\N|\N|\N|\N|\N|\N|\N||\N|\N|\N|\N|\N|\N|\N|1784122544725
1||332A58-0054-10|88073000|\N|\N|\N||\N|\N||\N|\N|||20260323|212047|20260715||2|\N|3|\N|\N|\N|\N|\N|\N|\N|\N||\N|\N|\N|\N|\N|\N|\N|1784122544730
1||332A58-1638-20|73181300|\N|\N|\N||\N|\N||\N|\N|||20260323|212047|20260715||2|\N|3|\N|\N|\N|\N|\N|\N|\N|\N||\N|\N|\N|\N|\N|\N|\N|1784122544736
1||332A58-2061-20|88073000|\N|\N|\N||\N|\N||\N|\N|||20260323|212047|20260715||2|\N|3|\N|\N|\N|\N|\N|\N|\N|\N||\N|\N|\N|\N|\N|\N|\N|1784122544742
1||332A58-4560-21||\N|\N|\N||\N|\N||\N|\N|||20260323|212047|20260715||2|\N|3|\N|\N|\N|\N|\N|\N|\N|\N||\N|\N|\N|\N|\N|\N|\N|1784122544748
1||332A58-4658-03|73269090|\N|\N|\N||\N|\N||\N|\N|||20260323|212047|20260715||2|\N|3|\N|\N|\N|\N|\N|\N|\N|\N||\N|\N|\N|\N|\N|\N|\N|1784122544754
1||332A58-5059-01|88073000|\N|\N|\N||\N|\N||\N|\N|||20260323|212047|20260715||2|\N|3|\N|\N|\N|\N|\N|\N|\N|\N|KG|\N|\N|\N|\N|\N|\N|\N|1784122544781
1||332A58-5094-00||\N|\N|\N||\N|\N||\N|\N|||20260323|212047|20260715||2|\N|3|\N|\N|\N|\N|\N|\N|\N|\N|PC|\N|\N|\N|\N|\N|\N|\N|1784122544787
1||332A58-5094-02|84091000|\N|\N|\N||\N|\N||\N|\N|||20260323|212047|20260715||2|\N|3|\N|\N|\N|\N|\N|\N|\N|\N|KG|\N|\N|\N|\N|\N|\N|\N|1784122544793
1||332A60-1059-025|85444200|\N|\N|\N||\N|\N||\N|\N|||20260323|212047|20260715||2|\N|3|\N|\N|\N|\N|\N|\N|\N|\N||\N|\N|\N|\N|\N|\N|\N|1784122544799
1||332A60-1070-025||\N|\N|\N||\N|\N||\N|\N|||20260323|212047|20260715||2|\N|3|\N|\N|\N|\N|\N|\N|\N|\N|PC|\N|\N|\N|\N|\N|\N|\N|1784122544806
1||332A60-1162-00A||\N|\N|\N||\N|\N||\N|\N|||20260323|212047|20260715||2|\N|3|\N|\N|\N|\N|\N|\N|\N|\N||\N|\N|\N|\N|\N|\N|\N|1784122544815
1||332A61-1243-21|59090000|\N|\N|\N||\N|\N||\N|\N|||20260323|212047|20260715||2|\N|3|\N|\N|\N|\N|\N|\N|\N|\N|KG|\N|\N|\N|\N|\N|\N|\N|1784122544821
1||332A61-3373-01|84212100|\N|\N|\N||\N|\N||\N|\N|||20260323|212047|20260715||2|\N|3|\N|\N|\N|\N|\N|\N|\N|\N|PC|\N|\N|\N|\N|\N|\N|\N|1784122544827
1||332A63-0121-027|90142090|\N|\N|\N||\N|\N||\N|\N|||20260323|212047|20260715||2|\N|3|\N|\N|\N|\N|\N|\N|\N|\N||\N|\N|\N|\N|\N|\N|\N|1784122544833
1||332A67-1213-01|88073000|\N|\N|\N||\N|\N||\N|\N|||20260323|212047|20260715||2|\N|3|\N|\N|\N|\N|\N|\N|\N|\N|KG|\N|\N|\N|\N|\N|\N|\N|1784122544839
1||332A67-1215-61|76169900|\N|\N|\N||\N|\N||\N|\N|||20260323|212047|20260715||2|\N|3|\N|\N|\N|\N|\N|\N|\N|\N|PC|\N|\N|\N|\N|\N|\N|\N|1784122544845
1||332A67-1222-01|85332900|\N|\N|\N||\N|\N||\N|\N|||20260323|212047|20260715||2|\N|3|\N|\N|\N|\N|\N|\N|\N|\N||\N|\N|\N|\N|\N|\N|\N|1784122544851
1||332A67-2950-000|85118090|\N|\N|\N||\N|\N||\N|\N|||20260323|212047|20260715||2|\N|3|\N|\N|\N|\N|\N|\N|\N|\N|EA|\N|\N|\N|\N|\N|\N|\N|1784122544857
1||332A72-2875-20|73269090|\N|\N|\N||\N|\N||\N|\N|||20260323|212047|20260715||2|\N|3|\N|\N|\N|\N|\N|\N|\N|\N|PC|\N|\N|\N|\N|\N|\N|\N|1784122544863
1||332A72-2880-35|39211390|\N|\N|\N||\N|\N||\N|\N|||20260323|212047|20260715||2|\N|3|\N|\N|\N|\N|\N|\N|\N|\N||\N|\N|\N|\N|\N|\N|\N|1784122544869
1||332A72-6942-007|84213100|\N|\N|\N||\N|\N||\N|\N|||20260323|212047|20260715||2|\N|3|\N|\N|\N|\N|\N|\N|\N|\N||\N|\N|\N|\N|\N|\N|\N|1784122544875
1||332A76-1070-00|39269090|\N|\N|\N||\N|\N||\N|\N|||20260323|212047|20260715||2|\N|3|\N|\N|\N|\N|\N|\N|\N|\N||\N|\N|\N|\N|\N|\N|\N|1784122544881
1||332A76-1077-20|88073000|\N|\N|\N||\N|\N||\N|\N|||20260323|212047|20260715||2|\N|3|\N|\N|\N|\N|\N|\N|\N|\N||\N|\N|\N|\N|\N|\N|\N|1784122544887
1||332A84-1238-20|39269090|\N|\N|\N||\N|\N||\N|\N|||20260323|212047|20260715||2|\N|3|\N|\N|\N|\N|\N|\N|\N|\N|KG|\N|\N|\N|\N|\N|\N|\N|1784122544894
1||332A84-1327-27|88073000|\N|\N|\N||\N|\N||\N|\N|||20260323|212047|20260715||2|\N|3|\N|\N|\N|\N|\N|\N|\N|\N||\N|\N|\N|\N|\N|\N|\N|1784122544900
1||332A84-1442-20||\N|\N|\N||\N|\N||\N|\N|||20260323|212047|20260715||2|\N|3|\N|\N|\N|\N|\N|\N|\N|\N||\N|\N|\N|\N|\N|\N|\N|1784122544906
1||332A84143923||\N|\N|\N||\N|\N||\N|\N|||20260323|212047|20260715||2|\N|3|\N|\N|\N|\N|\N|\N|\N|\N|PC|\N|\N|\N|\N|\N|\N|\N|1784122544912
1||332A87-0463-19|84311090|\N|\N|\N||\N|\N||\N|\N|||20260323|212047|20260715||2|\N|3|\N|\N|\N|\N|\N|\N|\N|\N|KG|\N|\N|\N|\N|\N|\N|\N|1784122544918
1||332A91-0051-01||\N|\N|\N||\N|\N||\N|\N|||20260323|212047|20260715||2|\N|3|\N|\N|\N|\N|\N|\N|\N|\N|PC|\N|\N|\N|\N|\N|\N|\N|1784122544924
1||332A91-3004-01||\N|\N|\N||\N|\N||\N|\N|||20260323|212047|20260715||2|\N|3|\N|\N|\N|\N|\N|\N|\N|\N||\N|\N|\N|\N|\N|\N|\N|1784122544930
1||332A91-3006-00||\N|\N|\N||\N|\N||\N|\N|||20260323|212047|20260715||2|\N|3|\N|\N|\N|\N|\N|\N|\N|\N||\N|\N|\N|\N|\N|\N|\N|1784122544936
1||332A91-3009-05||\N|\N|\N||\N|\N||\N|\N|||20260323|212047|20260715||2|\N|3|\N|\N|\N|\N|\N|\N|\N|\N||\N|\N|\N|\N|\N|\N|\N|1784122544942
1||332A91-3202-00|84839000|\N|\N|\N||\N|\N||\N|\N|||20260323|212047|20260715||2|\N|3|\N|\N|\N|\N|\N|\N|\N|\N|EA|\N|\N|\N|\N|\N|\N|\N|1784122544949
1||332A91-3293-00|84251990|\N|\N|\N||\N|\N||\N|\N|||20260323|212047|20260715||2|\N|3|\N|\N|\N|\N|\N|\N|\N|\N|PC|\N|\N|\N|\N|\N|\N|\N|1784122544955
1||332A91-4200-00|88072000|\N|\N|\N||\N|\N||\N|\N|||20260323|212047|20260715||2|\N|3|\N|\N|\N|\N|\N|\N|\N|\N||\N|\N|\N|\N|\N|\N|\N|1784122544962
1||332A91-5806-01|73262000|\N|\N|\N||\N|\N||\N|\N|||20260323|212047|20260715||2|\N|3|\N|\N|\N|\N|\N|\N|\N|\N||\N|\N|\N|\N|\N|\N|\N|1784122544969
1||332A92-1145-01|84311090|\N|\N|\N||\N|\N||\N|\N|||20260323|212047|20260715||2|\N|3|\N|\N|\N|\N|\N|\N|\N|\N||\N|\N|\N|\N|\N|\N|\N|1784122544976
1||332A93-3224-21|90212900|\N|\N|\N||\N|\N||\N|\N|||20260323|212047|20260715||2|\N|3|\N|\N|\N|\N|\N|\N|\N|\N|EA|\N|\N|\N|\N|\N|\N|\N|1784122544982
1||332A93630001|84839000|\N|\N|\N||\N|\N||\N|\N|||20260323|212047|20260715||2|\N|3|\N|\N|\N|\N|\N|\N|\N|\N|KG|\N|\N|\N|\N|\N|\N|\N|1784122544988
1||332A94-5800-00|40169990|\N|\N|\N||\N|\N||\N|\N|||20260323|212047|20260715||2|\N|3|\N|\N|\N|\N|\N|\N|\N|\N|PC|\N|\N|\N|\N|\N|\N|\N|1784122544994
1||332A96-3680-00|73030000|\N|\N|\N||\N|\N||\N|\N|||20260323|212047|20260715||2|\N|3|\N|\N|\N|\N|\N|\N|\N|\N|KG|\N|\N|\N|\N|\N|\N|\N|1784122545000
1||332A97-3404-00|90261019|\N|\N|\N||\N|\N||\N|\N|||20260323|212047|20260715||2|\N|3|\N|\N|\N|\N|\N|\N|\N|\N|UN|\N|\N|\N|\N|\N|\N|\N|1784122545006
1||332A97-5205-05||\N|\N|\N||\N|\N||\N|\N|||20260323|212047|20260715||2|\N|3|\N|\N|\N|\N|\N|\N|\N|\N||\N|\N|\N|\N|\N|\N|\N|1784122545012
1||332A97-6706-00|90262090|\N|\N|\N||\N|\N||\N|\N|||20260323|212047|20260715||2|\N|3|\N|\N|\N|\N|\N|\N|\N|\N|PC|\N|\N|\N|\N|\N|\N|\N|1784122545018
1||332A97-7671-00|40169990|\N|\N|\N||\N|\N||\N|\N|||20260323|212047|20260715||2|\N|3|\N|\N|\N|\N|\N|\N|\N|\N||\N|\N|\N|\N|\N|\N|\N|1784122545024
1||332AA91-3008-00|84311090|\N|\N|\N||\N|\N||\N|\N|||20260323|212047|20260715||2|\N|3|\N|\N|\N|\N|\N|\N|\N|\N||\N|\N|\N|\N|\N|\N|\N|1784122545030
1||332AMR0813-39|83100000|\N|\N|\N||\N|\N||\N|\N|||20260323|212047|20260715||2|\N|3|\N|\N|\N|\N|\N|\N|\N|\N|KG|\N|\N|\N|\N|\N|\N|\N|1784122545036
1||332P04-1623-00|85389090|\N|\N|\N||\N|\N||\N|\N|||20260323|212047|20260715||2|\N|3|\N|\N|\N|\N|\N|\N|\N|\N|PC|\N|\N|\N|\N|\N|\N|\N|1784122545042
1||332P6013780051|85444200|\N|\N|\N||\N|\N||\N|\N|||20260323|212047|20260715||2|\N|3|\N|\N|\N|\N|\N|\N|\N|\N||\N|\N|\N|\N|\N|\N|\N|1784122545048
1||332P64-1668-025|88071000|\N|\N|\N||\N|\N||\N|\N|||20260323|212047|20260715||2|\N|3|\N|\N|\N|\N|\N|\N|\N|\N||\N|\N|\N|\N|\N|\N|\N|1784122545054
1||332P64-4985-20|83100000|\N|\N|\N||\N|\N||\N|\N|||20260323|212047|20260715||2|\N|3|\N|\N|\N|\N|\N|\N|\N|\N||\N|\N|\N|\N|\N|\N|\N|1784122545060
1||332R08-5085-037|85444200|\N|\N|\N||\N|\N||\N|\N|||20260323|212047|20260715||2|\N|3|\N|\N|\N|\N|\N|\N|\N|\N||\N|\N|\N|\N|\N|\N|\N|1784122545066
1||332V21-1040-20|88073000|\N|\N|\N||\N|\N||\N|\N|||20260323|212047|20260715||2|\N|3|\N|\N|\N|\N|\N|\N|\N|\N||\N|\N|\N|\N|\N|\N|\N|1784122545072
1||332V87-0239-00|63031990|\N|\N|\N||\N|\N||\N|\N|||20260323|212047|20260715||2|\N|3|\N|\N|\N|\N|\N|\N|\N|\N||\N|\N|\N|\N|\N|\N|\N|1784122545078
1||332V87-0467-13|88073000|\N|\N|\N||\N|\N||\N|\N|||20260323|212047|20260715||2|\N|3|\N|\N|\N|\N|\N|\N|\N|\N|KG|\N|\N|\N|\N|\N|\N|\N|1784122545084
1||3367-21|85365090|\N|\N|\N||\N|\N||\N|\N|||20260323|212047|20260715||2|\N|3|\N|\N|\N|\N|\N|\N|\N|\N|UN|\N|\N|\N|\N|\N|\N|\N|1784122545090
1||33776-57593-101|85318000|\N|\N|\N||\N|\N||\N|\N|||20260323|212047|20260715||2|\N|3|\N|\N|\N|\N|\N|\N|\N|\N||\N|\N|\N|\N|\N|\N|\N|1784122545096
1||33776-64820-012|84311090|\N|\N|\N||\N|\N||\N|\N|||20260323|212047|20260715||2|\N|3|\N|\N|\N|\N|\N|\N|\N|\N|PC|\N|\N|\N|\N|\N|\N|\N|1784122545101
1||33776-84256-058|88073000|\N|\N|\N||\N|\N||\N|\N|||20260323|212047|20260715||2|\N|3|\N|\N|\N|\N|\N|\N|\N|\N|KG|\N|\N|\N|\N|\N|\N|\N|1784122545108
1||33776-84256-059||\N|\N|\N||\N|\N||\N|\N|||20260323|212047|20260715||2|\N|3|\N|\N|\N|\N|\N|\N|\N|\N||\N|\N|\N|\N|\N|\N|\N|1784122545113
1||33776-84674-105|90212900|\N|\N|\N||\N|\N||\N|\N|||20260323|212047|20260715||2|\N|3|\N|\N|\N|\N|\N|\N|\N|\N||\N|\N|\N|\N|\N|\N|\N|1784122545119
1||33776-84907-041|63031990|\N|\N|\N||\N|\N||\N|\N|||20260323|212047|20260715||2|\N|3|\N|\N|\N|\N|\N|\N|\N|\N|EA|\N|\N|\N|\N|\N|\N|\N|1784122545125
1||34015|48182000|\N|\N|\N||\N|\N||\N|\N|||20260323|212047|20260715||2|\N|3|\N|\N|\N|\N|\N|\N|\N|\N|PC|\N|\N|\N|\N|\N|\N|\N|1784122545132
1||3402|27101994|\N|\N|\N||\N|\N||\N|\N|||20260323|212047|20260715||2|\N|3|\N|\N|\N|\N|\N|\N|\N|\N||\N|\N|\N|\N|\N|\N|\N|1784122545138
1||34528H011-25|85392110|\N|\N|\N||\N|\N||\N|\N|||20260323|212047|20260715||2|\N|3|\N|\N|\N|\N|\N|\N|\N|\N||\N|\N|\N|\N|\N|\N|\N|1784122545144
1||352-001|85299019|\N|\N|\N||\N|\N||\N|\N|||20260323|212047|20260715||2|\N|3|\N|\N|\N|\N|\N|\N|\N|\N||\N|\N|\N|\N|\N|\N|\N|1784122545150
1||3601J95400|84219999|\N|\N|\N||\N|\N||\N|\N|||20260323|212047|20260715||2|\N|3|\N|\N|\N|\N|\N|\N|\N|\N|UN|\N|\N|\N|\N|\N|\N|\N|1784122545156
1||3617992-2|73269090|\N|\N|\N||\N|\N||\N|\N|||20260323|212047|20260715||2|\N|3|\N|\N|\N|\N|\N|\N|\N|\N|KG|\N|\N|\N|\N|\N|\N|\N|1784122545162
1||365A84-3117-010||\N|\N|\N||\N|\N||\N|\N|||20260323|212047|20260715||2|\N|3|\N|\N|\N|\N|\N|\N|\N|\N|PC|\N|\N|\N|\N|\N|\N|\N|1784122545168
1||37D400260P101||\N|\N|\N||\N|\N||\N|\N|||20260323|212047|20260715||2|\N|3|\N|\N|\N|\N|\N|\N|\N|\N||\N|\N|\N|\N|\N|\N|\N|1784122545174
1||38-0130106-00|84799010|\N|\N|\N||\N|\N||\N|\N|||20260323|212047|20260715||2|\N|3|\N|\N|\N|\N|\N|\N|\N|\N||\N|\N|\N|\N|\N|\N|\N|1784122545180
1||380-005|85299019|\N|\N|\N||\N|\N||\N|\N|||20260323|212047|20260715||2|\N|3|\N|\N|\N|\N|\N|\N|\N|\N|KG|\N|\N|\N|\N|\N|\N|\N|1784122545185
1||3800728-1|84119100|\N|\N|\N||\N|\N||\N|\N|||20260323|212047|20260715||2|\N|3|\N|\N|\N|\N|\N|\N|\N|\N|PC|\N|\N|\N|\N|\N|\N|\N|1784122545192
1||38126|84159090|\N|\N|\N||\N|\N||\N|\N|||20260323|212047|20260715||2|\N|3|\N|\N|\N|\N|\N|\N|\N|\N|UN|\N|\N|\N|\N|\N|\N|\N|1784122545198
1||38150-09451-101|84119100|\N|\N|\N||\N|\N||\N|\N|||20260323|212047|20260715||2|\N|3|\N|\N|\N|\N|\N|\N|\N|\N|KG|\N|\N|\N|\N|\N|\N|\N|1784122545204
1||38400B20-11|90321090|\N|\N|\N||\N|\N||\N|\N|||20260323|212047|20260715||2|\N|3|\N|\N|\N|\N|\N|\N|\N|\N|PC|\N|\N|\N|\N|\N|\N|\N|1784122545210
1||3860797-2|84119100|\N|\N|\N||\N|\N||\N|\N|||20260323|212047|20260715||2|\N|3|\N|\N|\N|\N|\N|\N|\N|\N|KG|\N|\N|\N|\N|\N|\N|\N|1784122545216
1||3876006-1|88071000|\N|\N|\N||\N|\N||\N|\N|||20260323|212047|20260715||2|\N|3|\N|\N|\N|\N|\N|\N|\N|\N|PC|\N|\N|\N|\N|\N|\N|\N|1784122545222
1||3876104-1|85319000|\N|\N|\N||\N|\N||\N|\N|||20260323|212047|20260715||2|\N|3|\N|\N|\N|\N|\N|\N|\N|\N|KG|\N|\N|\N|\N|\N|\N|\N|1784122545228
1||3G0203R01853|88073000|\N|\N|\N||\N|\N||\N|\N|||20260323|212047|20260715||2|\N|3|\N|\N|\N|\N|\N|\N|\N|\N|PC|\N|\N|\N|\N|\N|\N|\N|1784122545234
1||3G0203R01855|73269090|\N|\N|\N||\N|\N||\N|\N|||20260323|212047|20260715||2|\N|3|\N|\N|\N|\N|\N|\N|\N|\N||\N|\N|\N|\N|\N|\N|\N|1784122545240
1||3G0203R01857|88073000|\N|\N|\N||\N|\N||\N|\N|||20260323|212047|20260715||2|\N|3|\N|\N|\N|\N|\N|\N|\N|\N||\N|\N|\N|\N|\N|\N|\N|1784122545246
1||3G0203R01858||\N|\N|\N||\N|\N||\N|\N|||20260323|212047|20260715||2|\N|3|\N|\N|\N|\N|\N|\N|\N|\N||\N|\N|\N|\N|\N|\N|\N|1784122545252
1||3G0705G00131|73269090|\N|\N|\N||\N|\N||\N|\N|||20260323|212047|20260715||2|\N|3|\N|\N|\N|\N|\N|\N|\N|\N|KG|\N|\N|\N|\N|\N|\N|\N|1784122545258
1||3G075G00532|88073000|\N|\N|\N||\N|\N||\N|\N|||20260323|212047|20260715||2|\N|3|\N|\N|\N|\N|\N|\N|\N|\N|PC|\N|\N|\N|\N|\N|\N|\N|1784122545264
1||3G2141V10952|90318099|\N|\N|\N||\N|\N||\N|\N|||20260323|212047|20260715||2|\N|3|\N|\N|\N|\N|\N|\N|\N|\N|UN|\N|\N|\N|\N|\N|\N|\N|1784122545270
1||3G2141V11053||\N|\N|\N||\N|\N||\N|\N|||20260323|212047|20260715||2|\N|3|\N|\N|\N|\N|\N|\N|\N|\N||\N|\N|\N|\N|\N|\N|\N|1784122545276
1||3G2405G00131|90303390|\N|\N|\N||\N|\N||\N|\N|||20260323|212047|20260715||2|\N|3|\N|\N|\N|\N|\N|\N|\N|\N|PC|\N|\N|\N|\N|\N|\N|\N|1784122545282
1||3G2510L00151|88073000|\N|\N|\N||\N|\N||\N|\N|||20260323|212047|20260715||2|\N|3|\N|\N|\N|\N|\N|\N|\N|\N||\N|\N|\N|\N|\N|\N|\N|1784122545288
1||3G2560V00434|84289010|\N|\N|\N||\N|\N||\N|\N|||20260323|212047|20260715||2|\N|3|\N|\N|\N|\N|\N|\N|\N|\N|UN|\N|\N|\N|\N|\N|\N|\N|1784122545294
1||3G2620V00251|84119100|\N|\N|\N||\N|\N||\N|\N|||20260323|212047|20260715||2|\N|3|\N|\N|\N|\N|\N|\N|\N|\N|KG|\N|\N|\N|\N|\N|\N|\N|1784122545302
1||3G2910V00133|84828000|\N|\N|\N||\N|\N||\N|\N|||20260323|212047|20260715||2|\N|3|\N|\N|\N|\N|\N|\N|\N|\N|UN|\N|\N|\N|\N|\N|\N|\N|1784122545308
1||3G3040V00352|90173090|\N|\N|\N||\N|\N||\N|\N|||20260323|212047|20260715||2|\N|3|\N|\N|\N|\N|\N|\N|\N|\N||\N|\N|\N|\N|\N|\N|\N|1784122545313
1||3G3120A00231||\N|\N|\N||\N|\N||\N|\N|||20260323|212047|20260715||2|\N|3|\N|\N|\N|\N|\N|\N|\N|\N||\N|\N|\N|\N|\N|\N|\N|1784122545320
1||3G3205G00731|90318099|\N|\N|\N||\N|\N||\N|\N|||20260323|212047|20260715||2|\N|3|\N|\N|\N|\N|\N|\N|\N|\N|PC|\N|\N|\N|\N|\N|\N|\N|1784122545326
1||3G3210L00151|90149000|\N|\N|\N||\N|\N||\N|\N|||20260323|212047|20260715||2|\N|3|\N|\N|\N|\N|\N|\N|\N|\N|KG|\N|\N|\N|\N|\N|\N|\N|1784122545332
1||3G3210V00137|88072000|\N|\N|\N||\N|\N||\N|\N|||20260323|212047|20260715||2|\N|3|\N|\N|\N|\N|\N|\N|\N|\N||\N|\N|\N|\N|\N|\N|\N|1784122545338
1||3G3230V00234|88073000|\N|\N|\N||\N|\N||\N|\N|||20260323|212047|20260715||2|\N|3|\N|\N|\N|\N|\N|\N|\N|\N||\N|\N|\N|\N|\N|\N|\N|1784122545344
1||3G3240V00332|88072000|\N|\N|\N||\N|\N||\N|\N|||20260323|212047|20260715||2|\N|3|\N|\N|\N|\N|\N|\N|\N|\N|UN|\N|\N|\N|\N|\N|\N|\N|1784122545350
1||3G3350V00251|90212900|\N|\N|\N||\N|\N||\N|\N|||20260323|212047|20260715||2|\N|3|\N|\N|\N|\N|\N|\N|\N|\N|KG|\N|\N|\N|\N|\N|\N|\N|1784122545356
1||3G5213A01851|84835090|\N|\N|\N||\N|\N||\N|\N|||20260323|212047|20260715||2|\N|3|\N|\N|\N|\N|\N|\N|\N|\N|PC|\N|\N|\N|\N|\N|\N|\N|1784122545362
1||3G5351A01152|88073000|\N|\N|\N||\N|\N||\N|\N|||20260323|212047|20260715||2|\N|3|\N|\N|\N|\N|\N|\N|\N|\N|KG|\N|\N|\N|\N|\N|\N|\N|1784122545368
1||3G5351A01533|73269090|\N|\N|\N||\N|\N||\N|\N|||20260323|212047|20260715||2|\N|3|\N|\N|\N|\N|\N|\N|\N|\N||\N|\N|\N|\N|\N|\N|\N|1784122545374
1||3G5510A04053|90212900|\N|\N|\N||\N|\N||\N|\N|||20260323|212047|20260715||2|\N|3|\N|\N|\N|\N|\N|\N|\N|\N||\N|\N|\N|\N|\N|\N|\N|1784122545380
1||3G6005G01531|90173090|\N|\N|\N||\N|\N||\N|\N|||20260323|212047|20260715||2|\N|3|\N|\N|\N|\N|\N|\N|\N|\N|PC|\N|\N|\N|\N|\N|\N|\N|1784122545387
1||3G6205G00432|90318099|\N|\N|\N||\N|\N||\N|\N|||20260323|212047|20260715||2|\N|3|\N|\N|\N|\N|\N|\N|\N|\N||\N|\N|\N|\N|\N|\N|\N|1784122545393
1||3G6205G06032|82055900|\N|\N|\N||\N|\N||\N|\N|||20260323|212047|20260715||2|\N|3|\N|\N|\N|\N|\N|\N|\N|\N||\N|\N|\N|\N|\N|\N|\N|1784122545398
1||3G6205G09132||\N|\N|\N||\N|\N||\N|\N|||20260323|212047|20260715||2|\N|3|\N|\N|\N|\N|\N|\N|\N|\N||\N|\N|\N|\N|\N|\N|\N|1784122545404
1||3G6220A00732|88073000|\N|\N|\N||\N|\N||\N|\N|||20260323|212047|20260715||2|\N|3|\N|\N|\N|\N|\N|\N|\N|\N|KG|\N|\N|\N|\N|\N|\N|\N|1784122545410
1||3G6220A05351AA||\N|\N|\N||\N|\N||\N|\N|||20260323|212047|20260715||2|\N|3|\N|\N|\N|\N|\N|\N|\N|\N|PC|\N|\N|\N|\N|\N|\N|\N|1784122545416
1||3G6220V01353||\N|\N|\N||\N|\N||\N|\N|||20260323|212047|20260715||2|\N|3|\N|\N|\N|\N|\N|\N|\N|\N|KG|\N|\N|\N|\N|\N|\N|\N|1784122545422
1||3G6230A00732|88071000|\N|\N|\N||\N|\N||\N|\N|||20260323|212047|20260715||2|\N|3|\N|\N|\N|\N|\N|\N|\N|\N||\N|\N|\N|\N|\N|\N|\N|1784122545428
1||3G6230A01033||\N|\N|\N||\N|\N||\N|\N|||20260323|212047|20260715||2|\N|3|\N|\N|\N|\N|\N|\N|\N|\N||\N|\N|\N|\N|\N|\N|\N|1784122545434
1||3G6230A02033||\N|\N|\N||\N|\N||\N|\N|||20260323|212047|20260715||2|\N|3|\N|\N|\N|\N|\N|\N|\N|\N||\N|\N|\N|\N|\N|\N|\N|1784122545440
1||3G6230A03633||\N|\N|\N||\N|\N||\N|\N|||20260323|212047|20260715||2|\N|3|\N|\N|\N|\N|\N|\N|\N|\N||\N|\N|\N|\N|\N|\N|\N|1784122545446
1||3G6230A2033||\N|\N|\N||\N|\N||\N|\N|||20260323|212047|20260715||2|\N|3|\N|\N|\N|\N|\N|\N|\N|\N|PC|\N|\N|\N|\N|\N|\N|\N|1784122545452
1||3G6305G08731|39269090|\N|\N|\N||\N|\N||\N|\N|||20260323|212047|20260715||2|\N|3|\N|\N|\N|\N|\N|\N|\N|\N||\N|\N|\N|\N|\N|\N|\N|1784122545458
1||3G6320A00433|84145990|\N|\N|\N||\N|\N||\N|\N|||20260323|212047|20260715||2|\N|3|\N|\N|\N|\N|\N|\N|\N|\N|UN|\N|\N|\N|\N|\N|\N|\N|1784122545464
1||3G6320V03853||\N|\N|\N||\N|\N||\N|\N|||20260323|212047|20260715||2|\N|3|\N|\N|\N|\N|\N|\N|\N|\N||\N|\N|\N|\N|\N|\N|\N|1784122545470
1||3G6340V00151|85369090|\N|\N|\N||\N|\N||\N|\N|||20260323|212047|20260715||2|\N|3|\N|\N|\N|\N|\N|\N|\N|\N|PC|\N|\N|\N|\N|\N|\N|\N|1784122545476
1||3G6340V00451||\N|\N|\N||\N|\N||\N|\N|||20260323|212047|20260715||2|\N|3|\N|\N|\N|\N|\N|\N|\N|\N|UN|\N|\N|\N|\N|\N|\N|\N|1784122545482
1||3G6340V01451|84839000|\N|\N|\N||\N|\N||\N|\N|||20260323|212047|20260715||2|\N|3|\N|\N|\N|\N|\N|\N|\N|\N|KG|\N|\N|\N|\N|\N|\N|\N|1784122545488
1||3G6410A00133|88071000|\N|\N|\N||\N|\N||\N|\N|||20260323|212047|20260715||2|\N|3|\N|\N|\N|\N|\N|\N|\N|\N||\N|\N|\N|\N|\N|\N|\N|1784122545494
1||3G6410L00152|85441990|\N|\N|\N||\N|\N||\N|\N|||20260323|212047|20260715||2|\N|3|\N|\N|\N|\N|\N|\N|\N|\N||\N|\N|\N|\N|\N|\N|\N|1784122545500
1||3G6420A01152|73269090|\N|\N|\N||\N|\N||\N|\N|||20260323|212047|20260715||2|\N|3|\N|\N|\N|\N|\N|\N|\N|\N|PC|\N|\N|\N|\N|\N|\N|\N|1784122545506
1||3G6420A02151||\N|\N|\N||\N|\N||\N|\N|||20260323|212047|20260715||2|\N|3|\N|\N|\N|\N|\N|\N|\N|\N||\N|\N|\N|\N|\N|\N|\N|1784122545512
1||3G6430A01453|90212900|\N|\N|\N||\N|\N||\N|\N|||20260323|212047|20260715||2|\N|3|\N|\N|\N|\N|\N|\N|\N|\N|KG|\N|\N|\N|\N|\N|\N|\N|1784122545518
1||3G6430L00251|88071000|\N|\N|\N||\N|\N||\N|\N|||20260323|212047|20260715||2|\N|3|\N|\N|\N|\N|\N|\N|\N|\N|PC|\N|\N|\N|\N|\N|\N|\N|1784122545523
1||3G6510A01132||\N|\N|\N||\N|\N||\N|\N|||20260323|212047|20260715||2|\N|3|\N|\N|\N|\N|\N|\N|\N|\N|KG|\N|\N|\N|\N|\N|\N|\N|1784122545530
1||3G7105G01151|82055900|\N|\N|\N||\N|\N||\N|\N|||20260323|212047|20260715||2|\N|3|\N|\N|\N|\N|\N|\N|\N|\N|PC|\N|\N|\N|\N|\N|\N|\N|1784122545536
1||3G7120V00131|85369090|\N|\N|\N||\N|\N||\N|\N|||20260323|212047|20260715||2|\N|3|\N|\N|\N|\N|\N|\N|\N|\N|UN|\N|\N|\N|\N|\N|\N|\N|1784122545542
1||3G7610V00851|84119100|\N|\N|\N||\N|\N||\N|\N|||20260323|212047|20260715||2|\N|3|\N|\N|\N|\N|\N|\N|\N|\N|KG|\N|\N|\N|\N|\N|\N|\N|1784122545547
1||3G7800L00132|88073000|\N|\N|\N||\N|\N||\N|\N|||20260323|212047|20260715||2|\N|3|\N|\N|\N|\N|\N|\N|\N|\N||\N|\N|\N|\N|\N|\N|\N|1784122545553
1||3G7800L00134|84119100|\N|\N|\N||\N|\N||\N|\N|||20260323|212047|20260715||2|\N|3|\N|\N|\N|\N|\N|\N|\N|\N|PC|\N|\N|\N|\N|\N|\N|\N|1784122545559
1||3G9560V00231|84289010|\N|\N|\N||\N|\N||\N|\N|||20260323|212047|20260715||2|\N|3|\N|\N|\N|\N|\N|\N|\N|\N|UN|\N|\N|\N|\N|\N|\N|\N|1784122545565
1||3P5330A13751|90142090|\N|\N|\N||\N|\N||\N|\N|||20260323|212047|20260715||2|\N|3|\N|\N|\N|\N|\N|\N|\N|\N|PC|\N|\N|\N|\N|\N|\N|\N|1784122545570
1||3P7110A13751|73269090|\N|\N|\N||\N|\N||\N|\N|||20260323|212047|20260715||2|\N|3|\N|\N|\N|\N|\N|\N|\N|\N||\N|\N|\N|\N|\N|\N|\N|1784122545576
1||3P7110A13851||\N|\N|\N||\N|\N||\N|\N|||20260323|212047|20260715||2|\N|3|\N|\N|\N|\N|\N|\N|\N|\N||\N|\N|\N|\N|\N|\N|\N|1784122545582
1||3T6510V00152|84091000|\N|\N|\N||\N|\N||\N|\N|||20260323|212047|20260715||2|\N|3|\N|\N|\N|\N|\N|\N|\N|\N|KG|\N|\N|\N|\N|\N|\N|\N|1784122545588
1||3T6521A00231|73269090|\N|\N|\N||\N|\N||\N|\N|||20260323|212047|20260715||2|\N|3|\N|\N|\N|\N|\N|\N|\N|\N||\N|\N|\N|\N|\N|\N|\N|1784122545594
1||40-412|88072000|\N|\N|\N||\N|\N||\N|\N|||20260323|212047|20260715||2|\N|3|\N|\N|\N|\N|\N|\N|\N|\N||\N|\N|\N|\N|\N|\N|\N|1784122545600
1||4000811025|82031010|\N|\N|\N||\N|\N||\N|\N|||20260323|212047|20260715||2|\N|3|\N|\N|\N|\N|\N|\N|\N|\N|PC|\N|\N|\N|\N|\N|\N|\N|1784122545606
1||4000840266||\N|\N|\N||\N|\N||\N|\N|||20260323|212047|20260715||2|\N|3|\N|\N|\N|\N|\N|\N|\N|\N||\N|\N|\N|\N|\N|\N|\N|1784122545612
1||4000841191|96039000|\N|\N|\N||\N|\N||\N|\N|||20260323|212047|20260715||2|\N|3|\N|\N|\N|\N|\N|\N|\N|\N||\N|\N|\N|\N|\N|\N|\N|1784122545617
1||4000858560|90172000|\N|\N|\N||\N|\N||\N|\N|||20260323|212047|20260715||2|\N|3|\N|\N|\N|\N|\N|\N|\N|\N||\N|\N|\N|\N|\N|\N|\N|1784122545623
1||4000858760||\N|\N|\N||\N|\N||\N|\N|||20260323|212048|20260715||2|\N|3|\N|\N|\N|\N|\N|\N|\N|\N||\N|\N|\N|\N|\N|\N|\N|1784122545630
1||4000858911||\N|\N|\N||\N|\N||\N|\N|||20260323|212048|20260715||2|\N|3|\N|\N|\N|\N|\N|\N|\N|\N||\N|\N|\N|\N|\N|\N|\N|1784122545636
1||4001670-2513|85299030|\N|\N|\N||\N|\N||\N|\N|||20260323|212048|20260715||2|\N|3|\N|\N|\N|\N|\N|\N|\N|\N||\N|\N|\N|\N|\N|\N|\N|1784122545642
1||400851070|90173020|\N|\N|\N||\N|\N||\N|\N|||20260323|212048|20260715||2|\N|3|\N|\N|\N|\N|\N|\N|\N|\N|EA|\N|\N|\N|\N|\N|\N|\N|1784122545648
1||400858437|90212900|\N|\N|\N||\N|\N||\N|\N|||20260323|212048|20260715||2|\N|3|\N|\N|\N|\N|\N|\N|\N|\N||\N|\N|\N|\N|\N|\N|\N|1784122545653
1||401-0036|85044090|\N|\N|\N||\N|\N||\N|\N|||20260323|212048|20260715||2|\N|3|\N|\N|\N|\N|\N|\N|\N|\N||\N|\N|\N|\N|\N|\N|\N|1784122545661
1||4020P25-5|84212990|\N|\N|\N||\N|\N||\N|\N|||20260323|212048|20260715||2|\N|3|\N|\N|\N|\N|\N|\N|\N|\N|UN|\N|\N|\N|\N|\N|\N|\N|1784122545667
1||40243G02|85189090|\N|\N|\N||\N|\N||\N|\N|||20260323|212048|20260715||2|\N|3|\N|\N|\N|\N|\N|\N|\N|\N|PC|\N|\N|\N|\N|\N|\N|\N|1784122545673
1||40266G01||\N|\N|\N||\N|\N||\N|\N|||20260323|212048|20260715||2|\N|3|\N|\N|\N|\N|\N|\N|\N|\N||\N|\N|\N|\N|\N|\N|\N|1784122545679
1||403GC01Y01|85340059|\N|\N|\N||\N|\N||\N|\N|||20260323|212048|20260715||2|\N|3|\N|\N|\N|\N|\N|\N|\N|\N|UN|\N|\N|\N|\N|\N|\N|\N|1784122545685
1||4045T30G14|84119100|\N|\N|\N||\N|\N||\N|\N|||20260323|212048|20260715||2|\N|3|\N|\N|\N|\N|\N|\N|\N|\N|KG|\N|\N|\N|\N|\N|\N|\N|1784122545691
1||4045T30G15||\N|\N|\N||\N|\N||\N|\N|||20260323|212048|20260715||2|\N|3|\N|\N|\N|\N|\N|\N|\N|\N||\N|\N|\N|\N|\N|\N|\N|1784122545696
1||4061501081|70200090|\N|\N|\N||\N|\N||\N|\N|||20260323|212048|20260715||2|\N|3|\N|\N|\N|\N|\N|\N|\N|\N|UN|\N|\N|\N|\N|\N|\N|\N|1784122545702
1||40867G01|85189090|\N|\N|\N||\N|\N||\N|\N|||20260323|212048|20260715||2|\N|3|\N|\N|\N|\N|\N|\N|\N|\N|PC|\N|\N|\N|\N|\N|\N|\N|1784122545708
1||4110T52P10|84119100|\N|\N|\N||\N|\N||\N|\N|||20260323|212048|20260715||2|\N|3|\N|\N|\N|\N|\N|\N|\N|\N|KG|\N|\N|\N|\N|\N|\N|\N|1784122545714
1||4110T53P06||\N|\N|\N||\N|\N||\N|\N|||20260323|212048|20260715||2|\N|3|\N|\N|\N|\N|\N|\N|\N|\N||\N|\N|\N|\N|\N|\N|\N|1784122545720
1||4110T55P45|90308990|\N|\N|\N||\N|\N||\N|\N|||20260323|212048|20260715||2|\N|3|\N|\N|\N|\N|\N|\N|\N|\N|UN|\N|\N|\N|\N|\N|\N|\N|1784122545726
1||4111T27G03|84119100|\N|\N|\N||\N|\N||\N|\N|||20260323|212048|20260715||2|\N|3|\N|\N|\N|\N|\N|\N|\N|\N|KG|\N|\N|\N|\N|\N|\N|\N|1784122545731
1||4135T18G03|84219910|\N|\N|\N||\N|\N||\N|\N|||20260323|212048|20260715||2|\N|3|\N|\N|\N|\N|\N|\N|\N|\N||\N|\N|\N|\N|\N|\N|\N|1784122545737
1||41411540|90211099|\N|\N|\N||\N|\N||\N|\N|||20260323|212048|20260715||2|\N|3|\N|\N|\N|\N|\N|\N|\N|\N|PC|\N|\N|\N|\N|\N|\N|\N|1784122545743
1||416-00297-302|90149000|\N|\N|\N||\N|\N||\N|\N|||20260323|212048|20260715||2|\N|3|\N|\N|\N|\N|\N|\N|\N|\N||\N|\N|\N|\N|\N|\N|\N|1784122545749
1||416-00297-310||\N|\N|\N||\N|\N||\N|\N|||20260323|212048|20260715||2|\N|3|\N|\N|\N|\N|\N|\N|\N|\N||\N|\N|\N|\N|\N|\N|\N|1784122545756
1||416-9|84119100|\N|\N|\N||\N|\N||\N|\N|||20260323|212048|20260715||2|\N|3|\N|\N|\N|\N|\N|\N|\N|\N|UN|\N|\N|\N|\N|\N|\N|\N|1784122545762
1||419-40-2|39269090|\N|\N|\N||\N|\N||\N|\N|||20260323|212048|20260715||2|\N|3|\N|\N|\N|\N|\N|\N|\N|\N|PC|\N|\N|\N|\N|\N|\N|\N|1784122545768
1||41938011|84818039|\N|\N|\N||\N|\N||\N|\N|||20260323|212048|20260715||2|\N|3|\N|\N|\N|\N|\N|\N|\N|\N|UN|\N|\N|\N|\N|\N|\N|\N|1784122545774
1||42000332460|90142090|\N|\N|\N||\N|\N||\N|\N|||20260323|212048|20260715||2|\N|3|\N|\N|\N|\N|\N|\N|\N|\N|PC|\N|\N|\N|\N|\N|\N|\N|1784122545780
1||420387|40169300|\N|\N|\N||\N|\N||\N|\N|||20260323|212048|20260715||2|\N|3|\N|\N|\N|\N|\N|\N|\N|\N|KG|\N|\N|\N|\N|\N|\N|\N|1784122545786
1||4230020-50|90019010|\N|\N|\N||\N|\N||\N|\N|||20260323|212048|20260715||2|\N|3|\N|\N|\N|\N|\N|\N|\N|\N|PC|\N|\N|\N|\N|\N|\N|\N|1784122545793
1||425-2-60ALU|76071110|\N|\N|\N||\N|\N||\N|\N|||20260323|212048|20260715||2|\N|3|\N|\N|\N|\N|\N|\N|\N|\N||\N|\N|\N|\N|\N|\N|\N|1784122545798
1||42A12D|82055900|\N|\N|\N||\N|\N||\N|\N|||20260323|212048|20260715||2|\N|3|\N|\N|\N|\N|\N|\N|\N|\N||\N|\N|\N|\N|\N|\N|\N|1784122545805
1||42D8331|82014000|\N|\N|\N||\N|\N||\N|\N|||20260323|212048|20260715||2|\N|3|\N|\N|\N|\N|\N|\N|\N|\N||\N|\N|\N|\N|\N|\N|\N|1784122545810
1||4323271436|39269090|\N|\N|\N||\N|\N||\N|\N|||20260323|212048|20260715||2|\N|3|\N|\N|\N|\N|\N|\N|\N|\N||\N|\N|\N|\N|\N|\N|\N|1784122545817
1||43838002|88073000|\N|\N|\N||\N|\N||\N|\N|||20260323|212048|20260715||2|\N|3|\N|\N|\N|\N|\N|\N|\N|\N|UN|\N|\N|\N|\N|\N|\N|\N|1784122545823
1||4416|40169300|\N|\N|\N||\N|\N||\N|\N|||20260323|212048|20260715||2|\N|3|\N|\N|\N|\N|\N|\N|\N|\N|KG|\N|\N|\N|\N|\N|\N|\N|1784122545829
1||444582000121|85391090|\N|\N|\N||\N|\N||\N|\N|||20260323|212048|20260715||2|\N|3|\N|\N|\N|\N|\N|\N|\N|\N|PC|\N|\N|\N|\N|\N|\N|\N|1784122545835
1||45-0182-1||\N|\N|\N||\N|\N||\N|\N|||20260323|212048|20260715||2|\N|3|\N|\N|\N|\N|\N|\N|\N|\N||\N|\N|\N|\N|\N|\N|\N|1784122545841
1||453-5068|85299019|\N|\N|\N||\N|\N||\N|\N|||20260323|212048|20260715||2|\N|3|\N|\N|\N|\N|\N|\N|\N|\N|KG|\N|\N|\N|\N|\N|\N|\N|1784122545847
1||4622929406|52122400|\N|\N|\N||\N|\N||\N|\N|||20260323|212048|20260715||2|\N|3|\N|\N|\N|\N|\N|\N|\N|\N|PC|\N|\N|\N|\N|\N|\N|\N|1784122545853
1||4625995323|70199000|\N|\N|\N||\N|\N||\N|\N|||20260323|212048|20260715||2|\N|3|\N|\N|\N|\N|\N|\N|\N|\N||\N|\N|\N|\N|\N|\N|\N|1784122545859
1||4885K41|73269090|\N|\N|\N||\N|\N||\N|\N|||20260323|212048|20260715||2|\N|3|\N|\N|\N|\N|\N|\N|\N|\N||\N|\N|\N|\N|\N|\N|\N|1784122545865
1||4980804|35069900|\N|\N|\N||\N|\N||\N|\N|||20260323|212048|20260715||2|\N|3|\N|\N|\N|\N|\N|\N|\N|\N||\N|\N|\N|\N|\N|\N|\N|1784122545871
1||4X35|88073000|\N|\N|\N||\N|\N||\N|\N|||20260323|212048|20260715||2|\N|3|\N|\N|\N|\N|\N|\N|\N|\N|EA|\N|\N|\N|\N|\N|\N|\N|1784122545877
1||500-12Y|85176199|\N|\N|\N||\N|\N||\N|\N|||20260323|212048|20260715||2|\N|3|\N|\N|\N|\N|\N|\N|\N|\N|UN|\N|\N|\N|\N|\N|\N|\N|1784122545883
1||500-27||\N|\N|\N||\N|\N||\N|\N|||20260323|212048|20260715||2|\N|3|\N|\N|\N|\N|\N|\N|\N|\N||\N|\N|\N|\N|\N|\N|\N|1784122545889
1||501-1-712-01|85044090|\N|\N|\N||\N|\N||\N|\N|||20260323|212048|20260715||2|\N|3|\N|\N|\N|\N|\N|\N|\N|\N|PC|\N|\N|\N|\N|\N|\N|\N|1784122545895
1||501-1228-04||\N|\N|\N||\N|\N||\N|\N|||20260323|212048|20260715||2|\N|3|\N|\N|\N|\N|\N|\N|\N|\N||\N|\N|\N|\N|\N|\N|\N|1784122545901
1||501-1453-01|90142090|\N|\N|\N||\N|\N||\N|\N|||20260323|212048|20260715||2|\N|3|\N|\N|\N|\N|\N|\N|\N|\N||\N|\N|\N|\N|\N|\N|\N|1784122545907
1||501-1712-03|85392110|\N|\N|\N||\N|\N||\N|\N|||20260323|212048|20260715||2|\N|3|\N|\N|\N|\N|\N|\N|\N|\N|UN|\N|\N|\N|\N|\N|\N|\N|1784122545913
1||503-16LMD|88073000|\N|\N|\N||\N|\N||\N|\N|||20260323|212048|20260715||2|\N|3|\N|\N|\N|\N|\N|\N|\N|\N||\N|\N|\N|\N|\N|\N|\N|1784122545919
1||503-24-6A|85299019|\N|\N|\N||\N|\N||\N|\N|||20260323|212048|20260715||2|\N|3|\N|\N|\N|\N|\N|\N|\N|\N|KG|\N|\N|\N|\N|\N|\N|\N|1784122545925
1||503-24-8G|85269100|\N|\N|\N||\N|\N||\N|\N|||20260323|212048|20260715||2|\N|3|\N|\N|\N|\N|\N|\N|\N|\N|UN|\N|\N|\N|\N|\N|\N|\N|1784122545931
1||5034T91P06|84813000|\N|\N|\N||\N|\N||\N|\N|||20260323|212048|20260715||2|\N|3|\N|\N|\N|\N|\N|\N|\N|\N||\N|\N|\N|\N|\N|\N|\N|1784122545937
1||5036T25G01||\N|\N|\N||\N|\N||\N|\N|||20260323|212048|20260715||2|\N|3|\N|\N|\N|\N|\N|\N|\N|\N|KG|\N|\N|\N|\N|\N|\N|\N|1784122545943
1||504-0017-901|90142090|\N|\N|\N||\N|\N||\N|\N|||20260323|212048|20260715||2|\N|3|\N|\N|\N|\N|\N|\N|\N|\N|UN|\N|\N|\N|\N|\N|\N|\N|1784122545949
1||50459001|88073000|\N|\N|\N||\N|\N||\N|\N|||20260323|212048|20260715||2|\N|3|\N|\N|\N|\N|\N|\N|\N|\N|KG|\N|\N|\N|\N|\N|\N|\N|1784122545955
1||505-626-50|90173090|\N|\N|\N||\N|\N||\N|\N|||20260323|212048|20260715||2|\N|3|\N|\N|\N|\N|\N|\N|\N|\N|PC|\N|\N|\N|\N|\N|\N|\N|1784122545961
1||5062-0028|84811000|\N|\N|\N||\N|\N||\N|\N|||20260323|212048|20260715||2|\N|3|\N|\N|\N|\N|\N|\N|\N|\N||\N|\N|\N|\N|\N|\N|\N|1784122545967
1||5074T54G01|90261019|\N|\N|\N||\N|\N||\N|\N|||20260323|212048|20260715||2|\N|3|\N|\N|\N|\N|\N|\N|\N|\N|UN|\N|\N|\N|\N|\N|\N|\N|1784122545973
1||508636||\N|\N|\N||\N|\N||\N|\N|||20260323|212048|20260715||2|\N|3|\N|\N|\N|\N|\N|\N|\N|\N||\N|\N|\N|\N|\N|\N|\N|1784122545979
1||509019-2|88073000|\N|\N|\N||\N|\N||\N|\N|||20260323|212048|20260715||2|\N|3|\N|\N|\N|\N|\N|\N|\N|\N|EA|\N|\N|\N|\N|\N|\N|\N|1784122545985
1||510399|27101994|\N|\N|\N||\N|\N||\N|\N|||20260323|212048|20260715||2|\N|3|\N|\N|\N|\N|\N|\N|\N|\N|KG|\N|\N|\N|\N|\N|\N|\N|1784122545991
1||510FLUID||\N|\N|\N||\N|\N||\N|\N|||20260323|212048|20260715||2|\N|3|\N|\N|\N|\N|\N|\N|\N|\N|UN|\N|\N|\N|\N|\N|\N|\N|1784122545997
1||5128T49P01|85119000|\N|\N|\N||\N|\N||\N|\N|||20260323|212048|20260715||2|\N|3|\N|\N|\N|\N|\N|\N|\N|\N|KG|\N|\N|\N|\N|\N|\N|\N|1784122546003
1||520VR01D1T36BNY|85365090|\N|\N|\N||\N|\N||\N|\N|||20260323|212048|20260715||2|\N|3|\N|\N|\N|\N|\N|\N|\N|\N|PC|\N|\N|\N|\N|\N|\N|\N|1784122546009
1||521352|85044090|\N|\N|\N||\N|\N||\N|\N|||20260323|212048|20260715||2|\N|3|\N|\N|\N|\N|\N|\N|\N|\N||\N|\N|\N|\N|\N|\N|\N|1784122546015
1||540-1471-1|35069900|\N|\N|\N||\N|\N||\N|\N|||20260323|212048|20260715||2|\N|3|\N|\N|\N|\N|\N|\N|\N|\N|UN|\N|\N|\N|\N|\N|\N|\N|1784122546021
1||5448-712-91-10|90262010|\N|\N|\N||\N|\N||\N|\N|||20260323|212048|20260715||2|\N|3|\N|\N|\N|\N|\N|\N|\N|\N||\N|\N|\N|\N|\N|\N|\N|1784122546027
1||5481-1|35069190|\N|\N|\N||\N|\N||\N|\N|||20260323|212048|20260715||2|\N|3|\N|\N|\N|\N|\N|\N|\N|\N|PC|\N|\N|\N|\N|\N|\N|\N|1784122546033
1||54920702|73269090|\N|\N|\N||\N|\N||\N|\N|||20260323|212048|20260715||2|\N|3|\N|\N|\N|\N|\N|\N|\N|\N|KG|\N|\N|\N|\N|\N|\N|\N|1784122546039
1||5499-02|90318099|\N|\N|\N||\N|\N||\N|\N|||20260323|212048|20260715||2|\N|3|\N|\N|\N|\N|\N|\N|\N|\N|UN|\N|\N|\N|\N|\N|\N|\N|1784122546045
1||55-0834-641L2D2|85323090|\N|\N|\N||\N|\N||\N|\N|||20260323|212048|20260715||2|\N|3|\N|\N|\N|\N|\N|\N|\N|\N|PC|\N|\N|\N|\N|\N|\N|\N|1784122546051
1||5501062005|39173900|\N|\N|\N||\N|\N||\N|\N|||20260323|212048|20260715||2|\N|3|\N|\N|\N|\N|\N|\N|\N|\N|EA|\N|\N|\N|\N|\N|\N|\N|1784122546057
1||555-25-221-1|39269090|\N|\N|\N||\N|\N||\N|\N|||20260323|212048|20260715||2|\N|3|\N|\N|\N|\N|\N|\N|\N|\N||\N|\N|\N|\N|\N|\N|\N|1784122546063
1||555705|83100000|\N|\N|\N||\N|\N||\N|\N|||20260323|212048|20260715||2|\N|3|\N|\N|\N|\N|\N|\N|\N|\N|PC|\N|\N|\N|\N|\N|\N|\N|1784122546068
1||55A1821-22-2-6-|88071000|\N|\N|\N||\N|\N||\N|\N|||20260323|212048|20260715||2|\N|3|\N|\N|\N|\N|\N|\N|\N|\N||\N|\N|\N|\N|\N|\N|\N|1784122546074
1||560|82014000|\N|\N|\N||\N|\N||\N|\N|||20260323|212048|20260715||2|\N|3|\N|\N|\N|\N|\N|\N|\N|\N||\N|\N|\N|\N|\N|\N|\N|1784122546081
1||57000154-001|85444200|\N|\N|\N||\N|\N||\N|\N|||20260323|212048|20260715||2|\N|3|\N|\N|\N|\N|\N|\N|\N|\N|UN|\N|\N|\N|\N|\N|\N|\N|1784122546087
1||57303-250|39269090|\N|\N|\N||\N|\N||\N|\N|||20260323|212048|20260715||2|\N|3|\N|\N|\N|\N|\N|\N|\N|\N|PC|\N|\N|\N|\N|\N|\N|\N|1784122546093
1||57420|84219910|\N|\N|\N||\N|\N||\N|\N|||20260323|212048|20260715||2|\N|3|\N|\N|\N|\N|\N|\N|\N|\N|UN|\N|\N|\N|\N|\N|\N|\N|1784122546099
1||5G-PAIL-L-GND|73269090|\N|\N|\N||\N|\N||\N|\N|||20260323|212048|20260715||2|\N|3|\N|\N|\N|\N|\N|\N|\N|\N|PC|\N|\N|\N|\N|\N|\N|\N|1784122546105
1||5J211EBWBBCEGMR|85118090|\N|\N|\N||\N|\N||\N|\N|||20260323|212048|20260715||2|\N|3|\N|\N|\N|\N|\N|\N|\N|\N||\N|\N|\N|\N|\N|\N|\N|1784122546114
1||60-346-7075T651|76042920|\N|\N|\N||\N|\N||\N|\N|||20260323|212048|20260715||2|\N|3|\N|\N|\N|\N|\N|\N|\N|\N||\N|\N|\N|\N|\N|\N|\N|1784122546120
1||60-93330|84159090|\N|\N|\N||\N|\N||\N|\N|||20260323|212048|20260715||2|\N|3|\N|\N|\N|\N|\N|\N|\N|\N||\N|\N|\N|\N|\N|\N|\N|1784122546126
1||6068T58G36|84119100|\N|\N|\N||\N|\N||\N|\N|||20260323|212048|20260715||2|\N|3|\N|\N|\N|\N|\N|\N|\N|\N|KG|\N|\N|\N|\N|\N|\N|\N|1784122546135
1||6068T58G39||\N|\N|\N||\N|\N||\N|\N|||20260323|212048|20260715||2|\N|3|\N|\N|\N|\N|\N|\N|\N|\N||\N|\N|\N|\N|\N|\N|\N|1784122546143
1||60703005|88073000|\N|\N|\N||\N|\N||\N|\N|||20260323|212048|20260715||2|\N|3|\N|\N|\N|\N|\N|\N|\N|\N|PC|\N|\N|\N|\N|\N|\N|\N|1784122546149
1||6080T13G08|84119100|\N|\N|\N||\N|\N||\N|\N|||20260323|212048|20260715||2|\N|3|\N|\N|\N|\N|\N|\N|\N|\N|KG|\N|\N|\N|\N|\N|\N|\N|1784122546155
1||6082T16G46||\N|\N|\N||\N|\N||\N|\N|||20260323|212048|20260715||2|\N|3|\N|\N|\N|\N|\N|\N|\N|\N||\N|\N|\N|\N|\N|\N|\N|1784122546161
1||60SX200||\N|\N|\N||\N|\N||\N|\N|||20260323|212048|20260715||2|\N|3|\N|\N|\N|\N|\N|\N|\N|\N|EA|\N|\N|\N|\N|\N|\N|\N|1784122546166
1||61170-20240-102|73269090|\N|\N|\N||\N|\N||\N|\N|||20260323|212048|20260715||2|\N|3|\N|\N|\N|\N|\N|\N|\N|\N|PC|\N|\N|\N|\N|\N|\N|\N|1784122546172
1||61350-20435-101|73221900|\N|\N|\N||\N|\N||\N|\N|||20260323|212048|20260715||2|\N|3|\N|\N|\N|\N|\N|\N|\N|\N|UN|\N|\N|\N|\N|\N|\N|\N|1784122546178
1||61650-20300-041|84834090|\N|\N|\N||\N|\N||\N|\N|||20260323|212048|20260715||2|\N|3|\N|\N|\N|\N|\N|\N|\N|\N|PC|\N|\N|\N|\N|\N|\N|\N|1784122546184
1||617954004|85299019|\N|\N|\N||\N|\N||\N|\N|||20260323|212048|20260715||2|\N|3|\N|\N|\N|\N|\N|\N|\N|\N|KG|\N|\N|\N|\N|\N|\N|\N|1784122546190
1||62013160S113003|88071000|\N|\N|\N||\N|\N||\N|\N|||20260323|212048|20260715||2|\N|3|\N|\N|\N|\N|\N|\N|\N|\N|PC|\N|\N|\N|\N|\N|\N|\N|1784122546196
1||621-396-231|90262090|\N|\N|\N||\N|\N||\N|\N|||20260323|212048|20260715||2|\N|3|\N|\N|\N|\N|\N|\N|\N|\N|UN|\N|\N|\N|\N|\N|\N|\N|1784122546202
1||622-1032-001|85299019|\N|\N|\N||\N|\N||\N|1.44|||20260323|212048|20260715||4|\N|3|\N|\N|\N|\N|\N|\N|\N|\N|KG|\N|\N|\N|\N|\N|\N|\N|1784127093816
1||622-1270-001|85269100|\N|\N|\N||\N|\N||\N|\N|||20260323|212048|20260715||2|\N|3|\N|\N|\N|\N|\N|\N|\N|\N|UN|\N|\N|\N|\N|\N|\N|\N|1784122546212
1||622-2883-001|90149000|\N|\N|\N||\N|\N||\N|\N|||20260323|212048|20260715||2|\N|3|\N|\N|\N|\N|\N|\N|\N|\N|PC|\N|\N|\N|\N|\N|\N|\N|1784122546219
1||622-4526-015|85299019|\N|\N|\N||\N|\N||\N|\N|||20260323|212048|20260715||2|\N|3|\N|\N|\N|\N|\N|\N|\N|\N||\N|\N|\N|\N|\N|\N|\N|1784122546225
1||622-5337-001|85171410|\N|\N|\N||\N|\N||\N|\N|||20260323|212048|20260715||2|\N|3|\N|\N|\N|\N|\N|\N|\N|\N||\N|\N|\N|\N|\N|\N|\N|1784122546231
1||622-6152-001|85176199|\N|\N|\N||\N|\N||\N|\N|||20260323|212048|20260715||2|\N|3|\N|\N|\N|\N|\N|\N|\N|\N||\N|\N|\N|\N|\N|\N|\N|1784122546237
1||622-6590-001|39199090|\N|\N|\N||\N|\N||\N|\N|||20260323|212048|20260715||2|\N|3|\N|\N|\N|\N|\N|\N|\N|\N||\N|\N|\N|\N|\N|\N|\N|1784122546243
1||622-7194-201|85176199|\N|\N|\N||\N|\N||\N|\N|||20260323|212048|20260715||2|\N|3|\N|\N|\N|\N|\N|\N|\N|\N|UN|\N|\N|\N|\N|\N|\N|\N|1784122546249
1||622-7309-101||\N|\N|\N||\N|\N||\N|\N|||20260323|212048|20260715||2|\N|3|\N|\N|\N|\N|\N|\N|\N|\N||\N|\N|\N|\N|\N|\N|\N|1784122546255
1||622-9210-007|85269100|\N|\N|\N||\N|\N||\N|\N|||20260323|212048|20260715||2|\N|3|\N|\N|\N|\N|\N|\N|\N|\N|PC|\N|\N|\N|\N|\N|\N|\N|1784122546261
1||630AA10 OZ|38249941|\N|\N|\N||\N|\N||\N|\N|||20260323|212048|20260715||2|\N|3|\N|\N|\N|\N|\N|\N|\N|\N||\N|\N|\N|\N|\N|\N|\N|1784122546267
1||630AA10OZ|27101999|\N|\N|\N||\N|\N||\N|\N|||20260323|212048|20260715||2|\N|3|\N|\N|\N|\N|\N|\N|\N|\N||\N|\N|\N|\N|\N|\N|\N|1784122546273
1||634|39100090|\N|\N|\N||\N|\N||\N|\N|||20260323|212048|20260715||2|\N|3|\N|\N|\N|\N|\N|\N|\N|\N|EA|\N|\N|\N|\N|\N|\N|\N|1784122546279
1||636013450-170C1|88073000|\N|\N|\N||\N|\N||\N|\N|||20260323|212048|20260715||2|\N|3|\N|\N|\N|\N|\N|\N|\N|\N|KG|\N|\N|\N|\N|\N|\N|\N|1784122546284
1||64279-508-2|88072000|\N|\N|\N||\N|\N||\N|\N|||20260720|124212|20260720|JSANTOS|4|\N|3|\N|\N|\N|\N|\N|\N|\N|\N||\N|\N|\N|\N|\N|\N|\N|1784551336698
1||64279-516-2|85299019|\N|\N|\N||\N|\N||\N|\N|||20260323|212048|20260715|ABENAVIDES|2|\N|3|\N|\N|\N|\N|\N|\N|\N|\N|PC|\N|\N|\N|\N|\N|\N|\N|1784122546290
1||650173|88073000|\N|\N|\N||\N|\N||\N|\N|||20260323|212048|20260715||2|\N|3|\N|\N|\N|\N|\N|\N|\N|\N||\N|\N|\N|\N|\N|\N|\N|1784122546296
1||65550-01040-102|85311010|\N|\N|\N||\N|\N||\N|\N|||20260323|212048|20260715||2|\N|3|\N|\N|\N|\N|\N|\N|\N|\N||\N|\N|\N|\N|\N|\N|\N|1784122546302
1||65651-03011-103|73110000|\N|\N|\N||\N|\N||\N|\N|||20260323|212048|20260715||2|\N|3|\N|\N|\N|\N|\N|\N|\N|\N||\N|\N|\N|\N|\N|\N|\N|1784122546308
1||660-023Z109N98|73269090|\N|\N|\N||\N|\N||\N|\N|||20260323|212048|20260715||2|\N|3|\N|\N|\N|\N|\N|\N|\N|\N||\N|\N|\N|\N|\N|\N|\N|1784122546314
1||661439-001|85361000|\N|\N|\N||\N|\N||\N|\N|||20260323|212048|20260715||2|\N|3|\N|\N|\N|\N|\N|\N|\N|\N||\N|\N|\N|\N|\N|\N|\N|1784122546319
1||670D50|88073000|\N|\N|\N||\N|\N||\N|\N|||20260323|212048|20260715||2|\N|3|\N|\N|\N|\N|\N|\N|\N|\N||\N|\N|\N|\N|\N|\N|\N|1784122546325
1||68-S|82055900|\N|\N|\N||\N|\N||\N|\N|||20260323|212048|20260715||2|\N|3|\N|\N|\N|\N|\N|\N|\N|\N||\N|\N|\N|\N|\N|\N|\N|1784122546331
1||684-1009-200|85043111|\N|\N|\N||\N|\N||\N|\N|||20260323|212048|20260715||2|\N|3|\N|\N|\N|\N|\N|\N|\N|\N|UN|\N|\N|\N|\N|\N|\N|\N|1784122546337
1||68802|84159090|\N|\N|\N||\N|\N||\N|\N|||20260323|212048|20260715||2|\N|3|\N|\N|\N|\N|\N|\N|\N|\N|PC|\N|\N|\N|\N|\N|\N|\N|1784122546343
1||68849||\N|\N|\N||\N|\N||\N|\N|||20260323|212048|20260715||2|\N|3|\N|\N|\N|\N|\N|\N|\N|\N||\N|\N|\N|\N|\N|\N|\N|1784122546349
1||69000999-009|90149000|\N|\N|\N||\N|\N||\N|\N|||20260323|212048|20260715||2|\N|3|\N|\N|\N|\N|\N|\N|\N|\N||\N|\N|\N|\N|\N|\N|\N|1784122546355
1||69390|84839000|\N|\N|\N||\N|\N||\N|\N|||20260323|212048|20260715||2|\N|3|\N|\N|\N|\N|\N|\N|\N|\N||\N|\N|\N|\N|\N|\N|\N|1784122546360
1||6958-8|84733011|\N|\N|\N||\N|\N||\N|\N|||20260323|212048|20260715||2|\N|3|\N|\N|\N|\N|\N|\N|\N|\N|UN|\N|\N|\N|\N|\N|\N|\N|1784122546366
1||7000300-901|90269010|\N|\N|\N||\N|\N||\N|\N|||20260323|212048|20260715||2|\N|3|\N|\N|\N|\N|\N|\N|\N|\N|PC|\N|\N|\N|\N|\N|\N|\N|1784122546372
1||7001433-901|85299019|\N|\N|\N||\N|\N||\N|\N|||20260323|212048|20260715||2|\N|3|\N|\N|\N|\N|\N|\N|\N|\N||\N|\N|\N|\N|\N|\N|\N|1784122546378
1||7001840-934|85256001|\N|\N|\N||\N|\N||\N|\N|||20260323|212048|20260715||2|\N|3|\N|\N|\N|\N|\N|\N|\N|\N|UN|\N|\N|\N|\N|\N|\N|\N|1784122546384
1||7002353-902|90142090|\N|\N|\N||\N|\N||\N|\N|||20260323|212048|20260715||2|\N|3|\N|\N|\N|\N|\N|\N|\N|\N|PC|\N|\N|\N|\N|\N|\N|\N|1784122546390
1||7009330-911|85261000|\N|\N|\N||\N|\N||\N|\N|||20260323|212048|20260715||2|\N|3|\N|\N|\N|\N|\N|\N|\N|\N|UN|\N|\N|\N|\N|\N|\N|\N|1784122546396
1||70150-09161-049|84719090|\N|\N|\N||\N|\N||\N|\N|||20260323|212048|20260715||2|\N|3|\N|\N|\N|\N|\N|\N|\N|\N||\N|\N|\N|\N|\N|\N|\N|1784122546402
1||70219-01045-101|88073000|\N|\N|\N||\N|\N||\N|\N|||20260323|212048|20260715||2|\N|3|\N|\N|\N|\N|\N|\N|\N|\N|EA|\N|\N|\N|\N|\N|\N|\N|1784122546408
1||7024440-1901|90149000|\N|\N|\N||\N|\N||\N|\N|||20260323|212048|20260715||2|\N|3|\N|\N|\N|\N|\N|\N|\N|\N|KG|\N|\N|\N|\N|\N|\N|\N|1784122546413
1||7025410-1901||\N|\N|\N||\N|\N||\N|\N|||20260323|212048|20260715||2|\N|3|\N|\N|\N|\N|\N|\N|\N|\N||\N|\N|\N|\N|\N|\N|\N|1784122546420
1||7026531-1902|88073000|\N|\N|\N||\N|\N||\N|\N|||20260323|212048|20260715||2|\N|3|\N|\N|\N|\N|\N|\N|\N|\N||\N|\N|\N|\N|\N|\N|\N|1784122546426
1||7026883-902|84716053|\N|\N|\N||\N|\N||\N|\N|||20260323|212048|20260715||2|\N|3|\N|\N|\N|\N|\N|\N|\N|\N||\N|\N|\N|\N|\N|\N|\N|1784122546432
1||7029194-1801|85371090|\N|\N|\N||\N|\N||\N|\N|||20260323|212048|20260715||2|\N|3|\N|\N|\N|\N|\N|\N|\N|\N||\N|\N|\N|\N|\N|\N|\N|1784122546439
1||703-A-KAGS.00|88073000|\N|\N|\N||\N|\N||\N|\N|||20260323|212048|20260715||2|\N|3|\N|\N|\N|\N|\N|\N|\N|\N|PC|\N|\N|\N|\N|\N|\N|\N|1784122546444
1||70351-08049-104|39172900|\N|\N|\N||\N|\N||\N|\N|||20260323|212048|20260715||2|\N|3|\N|\N|\N|\N|\N|\N|\N|\N||\N|\N|\N|\N|\N|\N|\N|1784122546450
1||7036340-802|85241100|\N|\N|\N||\N|\N||\N|\N|||20260323|212048|20260715||2|\N|3|\N|\N|\N|\N|\N|\N|\N|\N|UN|\N|\N|\N|\N|\N|\N|\N|1784122546456
1||7038231-1904|84311090|\N|\N|\N||\N|\N||\N|\N|||20260323|212048|20260715||2|\N|3|\N|\N|\N|\N|\N|\N|\N|\N|KG|\N|\N|\N|\N|\N|\N|\N|1784122546462
1||703A91-0040-00||\N|\N|\N||\N|\N||\N|\N|||20260323|212048|20260715||2|\N|3|\N|\N|\N|\N|\N|\N|\N|\N|PC|\N|\N|\N|\N|\N|\N|\N|1784122546468
1||703A91-0203-00||\N|\N|\N||\N|\N||\N|\N|||20260323|212048|20260715||2|\N|3|\N|\N|\N|\N|\N|\N|\N|\N||\N|\N|\N|\N|\N|\N|\N|1784122546474
1||703A92-0020-00|73262000|\N|\N|\N||\N|\N||\N|\N|||20260323|212048|20260715||2|\N|3|\N|\N|\N|\N|\N|\N|\N|\N||\N|\N|\N|\N|\N|\N|\N|1784122546480
1||703A92-2100-21|84311090|\N|\N|\N||\N|\N||\N|\N|||20260323|212048|20260715||2|\N|3|\N|\N|\N|\N|\N|\N|\N|\N||\N|\N|\N|\N|\N|\N|\N|1784122546486
1||703A94-0000-21|90261029|\N|\N|\N||\N|\N||\N|\N|||20260323|212048|20260715||2|\N|3|\N|\N|\N|\N|\N|\N|\N|\N||\N|\N|\N|\N|\N|\N|\N|1784122546493
1||703A94-6807-00|90318099|\N|\N|\N||\N|\N||\N|\N|||20260323|212048|20260715||2|\N|3|\N|\N|\N|\N|\N|\N|\N|\N||\N|\N|\N|\N|\N|\N|\N|1784122546499
1||703A94680700||\N|\N|\N||\N|\N||\N|\N|||20260323|212048|20260715||2|\N|3|\N|\N|\N|\N|\N|\N|\N|\N||\N|\N|\N|\N|\N|\N|\N|1784122546505
1||70400-06660-048|40169300|\N|\N|\N||\N|\N||\N|\N|||20260323|212048|20260715||2|\N|3|\N|\N|\N|\N|\N|\N|\N|\N|KG|\N|\N|\N|\N|\N|\N|\N|1784122546511
1||70400-06695-102||\N|\N|\N||\N|\N||\N|\N|||20260323|212048|20260715||2|\N|3|\N|\N|\N|\N|\N|\N|\N|\N||\N|\N|\N|\N|\N|\N|\N|1784122546517
1||70437-721-110|85043111|\N|\N|\N||\N|\N||\N|\N|||20260323|212048|20260715||2|\N|3|\N|\N|\N|\N|\N|\N|\N|\N|EA|\N|\N|\N|\N|\N|\N|\N|1784122546523
1||704A31-2110-20|40169990|\N|\N|\N||\N|\N||\N|\N|||20260323|212048|20260715||2|\N|3|\N|\N|\N|\N|\N|\N|\N|\N||\N|\N|\N|\N|\N|\N|\N|1784122546529
1||704A33-220-033|88073000|\N|\N|\N||\N|\N||\N|\N|||20260323|212048|20260715||2|\N|3|\N|\N|\N|\N|\N|\N|\N|\N||\N|\N|\N|\N|\N|\N|\N|1784122546535
1||704A33-633-198|90212900|\N|\N|\N||\N|\N||\N|\N|||20260323|212048|20260715||2|\N|3|\N|\N|\N|\N|\N|\N|\N|\N|PC|\N|\N|\N|\N|\N|\N|\N|1784122546541
1||704A34-121-011|73269090|\N|\N|\N||\N|\N||\N|\N|||20260323|212048|20260715||2|\N|3|\N|\N|\N|\N|\N|\N|\N|\N|KG|\N|\N|\N|\N|\N|\N|\N|1784122546547
1||704A34-240-012|84798932|\N|\N|\N||\N|\N||\N|\N|||20260323|212048|20260715||2|\N|3|\N|\N|\N|\N|\N|\N|\N|\N|PC|\N|\N|\N|\N|\N|\N|\N|1784122546553
1||704A34-543-023|90212900|\N|\N|\N||\N|\N||\N|\N|||20260323|212048|20260715||2|\N|3|\N|\N|\N|\N|\N|\N|\N|\N|KG|\N|\N|\N|\N|\N|\N|\N|1784122546558
1||704A34-612-004||\N|\N|\N||\N|\N||\N|\N|||20260323|212048|20260715||2|\N|3|\N|\N|\N|\N|\N|\N|\N|\N||\N|\N|\N|\N|\N|\N|\N|1784122546564
1||704A34-629-024|84219999|\N|\N|\N||\N|\N||\N|\N|||20260323|212048|20260715||2|\N|3|\N|\N|\N|\N|\N|\N|\N|\N|PC|\N|\N|\N|\N|\N|\N|\N|1784122546570
1||704A34629024|84212990|\N|\N|\N||\N|\N||\N|\N|||20260323|212048|20260715||2|\N|3|\N|\N|\N|\N|\N|\N|\N|\N||\N|\N|\N|\N|\N|\N|\N|1784122546577
1||704A36-5220-27|73269090|\N|\N|\N||\N|\N||\N|\N|||20260323|212048|20260715||2|\N|3|\N|\N|\N|\N|\N|\N|\N|\N||\N|\N|\N|\N|\N|\N|\N|1784122546583
1||704A37-721-110|90262090|\N|\N|\N||\N|\N||\N|\N|||20260323|212048|20260715||2|\N|3|\N|\N|\N|\N|\N|\N|\N|\N||\N|\N|\N|\N|\N|\N|\N|1784122546589
1||704A37-721-119|90328981|\N|\N|\N||\N|\N||\N|\N|||20260323|212048|20260715||2|\N|3|\N|\N|\N|\N|\N|\N|\N|\N||\N|\N|\N|\N|\N|\N|\N|1784122546595
1||704A43-210-009|85299019|\N|\N|\N||\N|\N||\N|\N|||20260323|212048|20260715||2|\N|3|\N|\N|\N|\N|\N|\N|\N|\N|KG|\N|\N|\N|\N|\N|\N|\N|1784122546601
1||704A43-210-013|85176199|\N|\N|\N||\N|\N||\N|\N|||20260323|212048|20260715||2|\N|3|\N|\N|\N|\N|\N|\N|\N|\N|UN|\N|\N|\N|\N|\N|\N|\N|1784122546607
1||704A43210009|90142090|\N|\N|\N||\N|\N||\N|\N|||20260323|212048|20260715||2|\N|3|\N|\N|\N|\N|\N|\N|\N|\N|PC|\N|\N|\N|\N|\N|\N|\N|1784122546613
1||704A46-851-023|90292020|\N|\N|\N||\N|\N||\N|\N|||20260323|212048|20260715||2|\N|3|\N|\N|\N|\N|\N|\N|\N|\N||\N|\N|\N|\N|\N|\N|\N|1784122546619
1||704A46570102|85119000|\N|\N|\N||\N|\N||\N|\N|||20260323|212048|20260715||2|\N|3|\N|\N|\N|\N|\N|\N|\N|\N||\N|\N|\N|\N|\N|\N|\N|1784122546625
1||704A47-1332-34|90149000|\N|\N|\N||\N|\N||\N|\N|||20260323|212048|20260715||2|\N|3|\N|\N|\N|\N|\N|\N|\N|\N|KG|\N|\N|\N|\N|\N|\N|\N|1784122546631
1||704A47315013||\N|\N|\N||\N|\N||\N|\N|||20260323|212048|20260715||2|\N|3|\N|\N|\N|\N|\N|\N|\N|\N|PC|\N|\N|\N|\N|\N|\N|\N|1784122546637
1||706A31-350-019|39219090|\N|\N|\N||\N|\N||\N|\N|||20260323|212048|20260715||2|\N|3|\N|\N|\N|\N|\N|\N|\N|\N||\N|\N|\N|\N|\N|\N|\N|1784122546643
1||706A31-690-006|73262000|\N|\N|\N||\N|\N||\N|\N|||20260323|212048|20260715||2|\N|3|\N|\N|\N|\N|\N|\N|\N|\N||\N|\N|\N|\N|\N|\N|\N|1784122546649
1||706A33-999-007|39269090|\N|\N|\N||\N|\N||\N|\N|||20260323|212048|20260715||2|\N|3|\N|\N|\N|\N|\N|\N|\N|\N|KG|\N|\N|\N|\N|\N|\N|\N|1784122546655
1||706A34-542-007|73269090|\N|\N|\N||\N|\N||\N|\N|||20260323|212048|20260715||2|\N|3|\N|\N|\N|\N|\N|\N|\N|\N|PC|\N|\N|\N|\N|\N|\N|\N|1784122546661
1||706A34424016|88073000|\N|\N|\N||\N|\N||\N|\N|||20260323|212048|20260715||2|\N|3|\N|\N|\N|\N|\N|\N|\N|\N||\N|\N|\N|\N|\N|\N|\N|1784122546667
1||706A36-241-002|85299019|\N|\N|\N||\N|\N||\N|\N|||20260323|212048|20260715||2|\N|3|\N|\N|\N|\N|\N|\N|\N|\N||\N|\N|\N|\N|\N|\N|\N|1784122546673
1||706A36-428-014|39269090|\N|\N|\N||\N|\N||\N|\N|||20260323|212049|20260715||2|\N|3|\N|\N|\N|\N|\N|\N|\N|\N||\N|\N|\N|\N|\N|\N|\N|1784122546679
1||706A37-721-000|88073000|\N|\N|\N||\N|\N||\N|\N|||20260323|212049|20260715||2|\N|3|\N|\N|\N|\N|\N|\N|\N|\N||\N|\N|\N|\N|\N|\N|\N|1784122546684
1||706A39-821-002|40169300|\N|\N|\N||\N|\N||\N|\N|||20260323|212049|20260715||2|\N|3|\N|\N|\N|\N|\N|\N|\N|\N|KG|\N|\N|\N|\N|\N|\N|\N|1784122546690
1||706A44-6750-00|40113000|\N|\N|\N||\N|\N||\N|\N|||20260323|212049|20260715||2|\N|3|\N|\N|\N|\N|\N|\N|\N|\N|UN|\N|\N|\N|\N|\N|\N|\N|1784122546696
1||706A6-850-260|90149000|\N|\N|\N||\N|\N||\N|\N|||20260323|212049|20260715||2|\N|3|\N|\N|\N|\N|\N|\N|\N|\N|PC|\N|\N|\N|\N|\N|\N|\N|1784122546702
1||706T01-1|40113000|\N|\N|\N||\N|\N||\N|\N|||20260323|212049|20260715||2|\N|3|\N|\N|\N|\N|\N|\N|\N|\N|UN|\N|\N|\N|\N|\N|\N|\N|1784122546708
1||7075-T6|76061290|\N|\N|\N||\N|\N||\N|\N|||20260323|212049|20260715||2|\N|3|\N|\N|\N|\N|\N|\N|\N|\N|EA|\N|\N|\N|\N|\N|\N|\N|1784122546714
1||7075T6|76061190|\N|\N|\N||\N|\N||\N|\N|||20260323|212049|20260715||2|\N|3|\N|\N|\N|\N|\N|\N|\N|\N|PC|\N|\N|\N|\N|\N|\N|\N|1784122546719
1||7075T6511|76042920|\N|\N|\N||\N|\N||\N|\N|||20260323|212049|20260715||2|\N|3|\N|\N|\N|\N|\N|\N|\N|\N||\N|\N|\N|\N|\N|\N|\N|1784122546725
1||7099810-001|84253110|\N|\N|\N||\N|\N||\N|\N|||20260323|212049|20260715||2|\N|3|\N|\N|\N|\N|\N|\N|\N|\N|UN|\N|\N|\N|\N|\N|\N|\N|1784122546731
1||70BM021700X|84119100|\N|\N|\N||\N|\N||\N|\N|||20260323|212049|20260715||2|\N|3|\N|\N|\N|\N|\N|\N|\N|\N|PC|\N|\N|\N|\N|\N|\N|\N|1784122546737
1||70BM027210||\N|\N|\N||\N|\N||\N|\N|||20260323|212049|20260715||2|\N|3|\N|\N|\N|\N|\N|\N|\N|\N||\N|\N|\N|\N|\N|\N|\N|1784122546742
1||70BM027800||\N|\N|\N||\N|\N||\N|\N|||20260323|212049|20260715||2|\N|3|\N|\N|\N|\N|\N|\N|\N|\N|KG|\N|\N|\N|\N|\N|\N|\N|1784122546748
1||70BM03770||\N|\N|\N||\N|\N||\N|\N|||20260323|212049|20260715||2|\N|3|\N|\N|\N|\N|\N|\N|\N|\N|PC|\N|\N|\N|\N|\N|\N|\N|1784122546754
1||70BM037710||\N|\N|\N||\N|\N||\N|\N|||20260323|212049|20260715||2|\N|3|\N|\N|\N|\N|\N|\N|\N|\N|KG|\N|\N|\N|\N|\N|\N|\N|1784122546760
1||70BM037810||\N|\N|\N||\N|\N||\N|\N|||20260323|212049|20260715||2|\N|3|\N|\N|\N|\N|\N|\N|\N|\N||\N|\N|\N|\N|\N|\N|\N|1784122546766
1||70BM041750||\N|\N|\N||\N|\N||\N|\N|||20260323|212049|20260715||2|\N|3|\N|\N|\N|\N|\N|\N|\N|\N||\N|\N|\N|\N|\N|\N|\N|1784122546771
1||70BM057800X||\N|\N|\N||\N|\N||\N|\N|||20260323|212049|20260715||2|\N|3|\N|\N|\N|\N|\N|\N|\N|\N|PC|\N|\N|\N|\N|\N|\N|\N|1784122546777
1||70BM21700||\N|\N|\N||\N|\N||\N|\N|||20260323|212049|20260715||2|\N|3|\N|\N|\N|\N|\N|\N|\N|\N||\N|\N|\N|\N|\N|\N|\N|1784122546783
1||70CM012010||\N|\N|\N||\N|\N||\N|\N|||20260323|212049|20260715||2|\N|3|\N|\N|\N|\N|\N|\N|\N|\N||\N|\N|\N|\N|\N|\N|\N|1784122546789
1||70CMG01170|88073000|\N|\N|\N||\N|\N||\N|\N|||20260323|212049|20260715||2|\N|3|\N|\N|\N|\N|\N|\N|\N|\N|EA|\N|\N|\N|\N|\N|\N|\N|1784122546795
1||70CMG01180|84119100|\N|\N|\N||\N|\N||\N|\N|||20260323|212049|20260715||2|\N|3|\N|\N|\N|\N|\N|\N|\N|\N||\N|\N|\N|\N|\N|\N|\N|1784122546800
1||70MG01120|90261019|\N|\N|\N||\N|\N||\N|\N|||20260323|212049|20260715||2|\N|3|\N|\N|\N|\N|\N|\N|\N|\N|PC|\N|\N|\N|\N|\N|\N|\N|1784122546806
1||718-1462-017|85234920|\N|\N|\N||\N|\N||\N|\N|||20260323|212049|20260715||2|\N|3|\N|\N|\N|\N|\N|\N|\N|\N||\N|\N|\N|\N|\N|\N|\N|1784122546812
1||72|88073000|\N|\N|\N||\N|\N||\N|\N|||20260323|212049|20260715||2|\N|3|\N|\N|\N|\N|\N|\N|\N|\N||\N|\N|\N|\N|\N|\N|\N|1784122546818
1||72303-02301-043|73030000|\N|\N|\N||\N|\N||\N|\N|||20260323|212049|20260715||2|\N|3|\N|\N|\N|\N|\N|\N|\N|\N||\N|\N|\N|\N|\N|\N|\N|1784122546824
1||726589|94054900|\N|\N|\N||\N|\N||\N|\N|||20260323|212049|20260715||2|\N|3|\N|\N|\N|\N|\N|\N|\N|\N|KG|\N|\N|\N|\N|\N|\N|\N|1784122546830
1||732|39100090|\N|\N|\N||\N|\N||\N|\N|||20260323|212049|20260715||2|\N|3|\N|\N|\N|\N|\N|\N|\N|\N|PC|\N|\N|\N|\N|\N|\N|\N|1784122546836
1||73201-05002-128|76169900|\N|\N|\N||\N|\N||\N|\N|||20260323|212049|20260715||2|\N|3|\N|\N|\N|\N|\N|\N|\N|\N||\N|\N|\N|\N|\N|\N|\N|1784122546842
1||7361-04007-042|84829990|\N|\N|\N||\N|\N||\N|\N|||20260323|212049|20260715||2|\N|3|\N|\N|\N|\N|\N|\N|\N|\N|KG|\N|\N|\N|\N|\N|\N|\N|1784122546848
1||749823|90261019|\N|\N|\N||\N|\N||\N|\N|||20260323|212049|20260715||2|\N|3|\N|\N|\N|\N|\N|\N|\N|\N|PC|\N|\N|\N|\N|\N|\N|\N|1784122546854
1||7511900-99001|88073000|\N|\N|\N||\N|\N||\N|\N|||20260323|212049|20260715||2|\N|3|\N|\N|\N|\N|\N|\N|\N|\N|KG|\N|\N|\N|\N|\N|\N|\N|1784122546860
1||76000-24000-042||\N|\N|\N||\N|\N||\N|\N|||20260323|212049|20260715||2|\N|3|\N|\N|\N|\N|\N|\N|\N|\N|UN|\N|\N|\N|\N|\N|\N|\N|1784122546866
1||76070-035012-01|88071000|\N|\N|\N||\N|\N||\N|\N|||20260323|212049|20260715||2|\N|3|\N|\N|\N|\N|\N|\N|\N|\N|PC|\N|\N|\N|\N|\N|\N|\N|1784122546871
1||76070-20005-105|76169900|\N|\N|\N||\N|\N||\N|\N|||20260323|212049|20260715||2|\N|3|\N|\N|\N|\N|\N|\N|\N|\N|KG|\N|\N|\N|\N|\N|\N|\N|1784122546878
1||76070-20101-049|39199010|\N|\N|\N||\N|\N||\N|\N|||20260323|212049|20260715||2|\N|3|\N|\N|\N|\N|\N|\N|\N|\N||\N|\N|\N|\N|\N|\N|\N|1784122546884
1||76070-20532-103|73269090|\N|\N|\N||\N|\N||\N|\N|||20260323|212049|20260715||2|\N|3|\N|\N|\N|\N|\N|\N|\N|\N|PC|\N|\N|\N|\N|\N|\N|\N|1784122546889
1||76070-30035-011|84829990|\N|\N|\N||\N|\N||\N|\N|||20260323|212049|20260715||2|\N|3|\N|\N|\N|\N|\N|\N|\N|\N||\N|\N|\N|\N|\N|\N|\N|1784122546895
1||76070-35012-011|76169900|\N|\N|\N||\N|\N||\N|\N|||20260323|212049|20260715||2|\N|3|\N|\N|\N|\N|\N|\N|\N|\N||\N|\N|\N|\N|\N|\N|\N|1784122546901
1||76070-55207-073|73269090|\N|\N|\N||\N|\N||\N|\N|||20260323|212049|20260715||2|\N|3|\N|\N|\N|\N|\N|\N|\N|\N||\N|\N|\N|\N|\N|\N|\N|1784122546907
1||76080-20047-111||\N|\N|\N||\N|\N||\N|\N|||20260323|212049|20260715||2|\N|3|\N|\N|\N|\N|\N|\N|\N|\N||\N|\N|\N|\N|\N|\N|\N|1784122546912
1||76080-20059-543||\N|\N|\N||\N|\N||\N|\N|||20260323|212049|20260715||2|\N|3|\N|\N|\N|\N|\N|\N|\N|\N||\N|\N|\N|\N|\N|\N|\N|1784122546918
1||7610-2|39219090|\N|\N|\N||\N|\N||\N|\N|||20260323|212049|20260715||2|\N|3|\N|\N|\N|\N|\N|\N|\N|\N||\N|\N|\N|\N|\N|\N|\N|1784122546924
1||76101-05101-041|88071000|\N|\N|\N||\N|\N||\N|\N|||20260323|212049|20260715||2|\N|3|\N|\N|\N|\N|\N|\N|\N|\N|KG|\N|\N|\N|\N|\N|\N|\N|1784122546930
1||76101-08000-042||\N|\N|\N||\N|\N||\N|\N|||20260323|212049|20260715||2|\N|3|\N|\N|\N|\N|\N|\N|\N|\N|PC|\N|\N|\N|\N|\N|\N|\N|1784122546936
1||76102-08011-046||\N|\N|\N||\N|\N||\N|\N|||20260323|212049|20260715||2|\N|3|\N|\N|\N|\N|\N|\N|\N|\N|KG|\N|\N|\N|\N|\N|\N|\N|1784122546942
1||76104-08004-101|73269090|\N|\N|\N||\N|\N||\N|\N|||20260323|212049|20260715||2|\N|3|\N|\N|\N|\N|\N|\N|\N|\N||\N|\N|\N|\N|\N|\N|\N|1784122546947
1||76104-08020-047|88071000|\N|\N|\N||\N|\N||\N|\N|||20260323|212049|20260715||2|\N|3|\N|\N|\N|\N|\N|\N|\N|\N|PC|\N|\N|\N|\N|\N|\N|\N|1784122546953
1||76104-08520-041||\N|\N|\N||\N|\N||\N|\N|||20260323|212049|20260715||2|\N|3|\N|\N|\N|\N|\N|\N|\N|\N|KG|\N|\N|\N|\N|\N|\N|\N|1784122546959
1||76106-08050-041||\N|\N|\N||\N|\N||\N|\N|||20260323|212049|20260715||2|\N|3|\N|\N|\N|\N|\N|\N|\N|\N|PC|\N|\N|\N|\N|\N|\N|\N|1784122546965
1||76150-09038-113|85366990|\N|\N|\N||\N|\N||\N|\N|||20260323|212049|20260715||2|\N|3|\N|\N|\N|\N|\N|\N|\N|\N||\N|\N|\N|\N|\N|\N|\N|1784122546976
1||76150-09043-050|76169900|\N|\N|\N||\N|\N||\N|\N|||20260323|212049|20260715||2|\N|3|\N|\N|\N|\N|\N|\N|\N|\N|KG|\N|\N|\N|\N|\N|\N|\N|1784122546981
1||76150-09043-054|88071000|\N|\N|\N||\N|\N||\N|\N|||20260323|212049|20260715||2|\N|3|\N|\N|\N|\N|\N|\N|\N|\N||\N|\N|\N|\N|\N|\N|\N|1784122546987
1||76150-09100-049||\N|\N|\N||\N|\N||\N|\N|||20260323|212049|20260715||2|\N|3|\N|\N|\N|\N|\N|\N|\N|\N|PC|\N|\N|\N|\N|\N|\N|\N|1784122546993
1||76201-02001-102|88073000|\N|\N|\N||\N|\N||\N|\N|||20260323|212049|20260715||2|\N|3|\N|\N|\N|\N|\N|\N|\N|\N|EA|\N|\N|\N|\N|\N|\N|\N|1784122546999
1||76201-02004-127|88071000|\N|\N|\N||\N|\N||\N|\N|||20260323|212049|20260715||2|\N|3|\N|\N|\N|\N|\N|\N|\N|\N||\N|\N|\N|\N|\N|\N|\N|1784122547005
1||76203-03014-108|59070000|\N|\N|\N||\N|\N||\N|\N|||20260323|212049|20260715||2|\N|3|\N|\N|\N|\N|\N|\N|\N|\N||\N|\N|\N|\N|\N|\N|\N|1784122547011
1||76204-02008-120|73269090|\N|\N|\N||\N|\N||\N|\N|||20260323|212049|20260715||2|\N|3|\N|\N|\N|\N|\N|\N|\N|\N|PC|\N|\N|\N|\N|\N|\N|\N|1784122547017
1||76204-02021-044|39219090|\N|\N|\N||\N|\N||\N|\N|||20260323|212049|20260715||2|\N|3|\N|\N|\N|\N|\N|\N|\N|\N|KG|\N|\N|\N|\N|\N|\N|\N|1784122547024
1||76204-23003-106|73269090|\N|\N|\N||\N|\N||\N|\N|||20260323|212049|20260715||2|\N|3|\N|\N|\N|\N|\N|\N|\N|\N|PC|\N|\N|\N|\N|\N|\N|\N|1784122547030
1||76207-02002-042|88073000|\N|\N|\N||\N|\N||\N|\N|||20260323|212049|20260715||2|\N|3|\N|\N|\N|\N|\N|\N|\N|\N||\N|\N|\N|\N|\N|\N|\N|1784122547036
1||76207-03033-175|73269090|\N|\N|\N||\N|\N||\N|\N|||20260323|212049|20260715||2|\N|3|\N|\N|\N|\N|\N|\N|\N|\N||\N|\N|\N|\N|\N|\N|\N|1784122547041
1||76207-03100-044|88073000|\N|\N|\N||\N|\N||\N|\N|||20260323|212049|20260715||2|\N|3|\N|\N|\N|\N|\N|\N|\N|\N||\N|\N|\N|\N|\N|\N|\N|1784122547047
1||76207-10005-045||\N|\N|\N||\N|\N||\N|\N|||20260323|212049|20260715||2|\N|3|\N|\N|\N|\N|\N|\N|\N|\N|EA|\N|\N|\N|\N|\N|\N|\N|1784122547053
1||76207-10009-061|40169300|\N|\N|\N||\N|\N||\N|\N|||20260323|212049|20260715||2|\N|3|\N|\N|\N|\N|\N|\N|\N|\N|KG|\N|\N|\N|\N|\N|\N|\N|1784122547059
1||76207-10106-042|88072000|\N|\N|\N||\N|\N||\N|\N|||20260323|212049|20260715||2|\N|3|\N|\N|\N|\N|\N|\N|\N|\N|PC|\N|\N|\N|\N|\N|\N|\N|1784122547065
1||76209-03024-109|39269090|\N|\N|\N||\N|\N||\N|\N|||20260323|212049|20260715||2|\N|3|\N|\N|\N|\N|\N|\N|\N|\N|PK|\N|\N|\N|\N|\N|\N|\N|1784122547071
1||76209-03802-101|73269090|\N|\N|\N||\N|\N||\N|\N|||20260323|212049|20260715||2|\N|3|\N|\N|\N|\N|\N|\N|\N|\N|PC|\N|\N|\N|\N|\N|\N|\N|1784122547077
1||76212-03027-101|88073000|\N|\N|\N||\N|\N||\N|\N|||20260323|212049|20260715||2|\N|3|\N|\N|\N|\N|\N|\N|\N|\N|EA|\N|\N|\N|\N|\N|\N|\N|1784122547083
1||76250-02104-101|82079000|\N|\N|\N||\N|\N||\N|\N|||20260323|212049|20260715||2|\N|3|\N|\N|\N|\N|\N|\N|\N|\N|KG|\N|\N|\N|\N|\N|\N|\N|1784122547089
1||76251-01103-102|76169900|\N|\N|\N||\N|\N||\N|\N|||20260323|212049|20260715||2|\N|3|\N|\N|\N|\N|\N|\N|\N|\N||\N|\N|\N|\N|\N|\N|\N|1784122547094
1||76302-07028-066|84119100|\N|\N|\N||\N|\N||\N|\N|||20260323|212049|20260715||2|\N|3|\N|\N|\N|\N|\N|\N|\N|\N|PC|\N|\N|\N|\N|\N|\N|\N|1784122547100
1||76302-07039-050||\N|\N|\N||\N|\N||\N|\N|||20260323|212049|20260715||2|\N|3|\N|\N|\N|\N|\N|\N|\N|\N||\N|\N|\N|\N|\N|\N|\N|1784122547106
1||76302-07607-052|84149020|\N|\N|\N||\N|\N||\N|\N|||20260323|212049|20260715||2|\N|3|\N|\N|\N|\N|\N|\N|\N|\N||\N|\N|\N|\N|\N|\N|\N|1784122547112
1||76302-07619-042|88073000|\N|\N|\N||\N|\N||\N|\N|||20260323|212049|20260715||2|\N|3|\N|\N|\N|\N|\N|\N|\N|\N||\N|\N|\N|\N|\N|\N|\N|1784122547118
1||76302-07800-109|84212300|\N|\N|\N||\N|\N||\N|\N|||20260323|212049|20260715||2|\N|3|\N|\N|\N|\N|\N|\N|\N|\N|UN|\N|\N|\N|\N|\N|\N|\N|1784122547124
1||76304-07008-127|84119100|\N|\N|\N||\N|\N||\N|\N|||20260323|212049|20260715||2|\N|3|\N|\N|\N|\N|\N|\N|\N|\N|KG|\N|\N|\N|\N|\N|\N|\N|1784122547130
1||76306-07901-101|84241000|\N|\N|\N||\N|\N||\N|\N|||20260323|212049|20260715||2|\N|3|\N|\N|\N|\N|\N|\N|\N|\N|PC|\N|\N|\N|\N|\N|\N|\N|1784122547136
1||76358-05124-042|84839000|\N|\N|\N||\N|\N||\N|\N|||20260323|212049|20260715||2|\N|3|\N|\N|\N|\N|\N|\N|\N|\N||\N|\N|\N|\N|\N|\N|\N|1784122547141
1||76361-05601-041|90318099|\N|\N|\N||\N|\N||\N|\N|||20260323|212049|20260715||2|\N|3|\N|\N|\N|\N|\N|\N|\N|\N|UN|\N|\N|\N|\N|\N|\N|\N|1784122547147
1||76400-03191-043|85444200|\N|\N|\N||\N|\N||\N|\N|||20260323|212049|20260715||2|\N|3|\N|\N|\N|\N|\N|\N|\N|\N|EA|\N|\N|\N|\N|\N|\N|\N|1784122547153
1||76400-03310-057|73269090|\N|\N|\N||\N|\N||\N|\N|||20260323|212049|20260715||2|\N|3|\N|\N|\N|\N|\N|\N|\N|\N|PC|\N|\N|\N|\N|\N|\N|\N|1784122547158
1||76400-23514-044|90212900|\N|\N|\N||\N|\N||\N|\N|||20260323|212049|20260715||2|\N|3|\N|\N|\N|\N|\N|\N|\N|\N||\N|\N|\N|\N|\N|\N|\N|1784122547164
1||76401-01126-045|73269090|\N|\N|\N||\N|\N||\N|\N|||20260323|212049|20260715||2|\N|3|\N|\N|\N|\N|\N|\N|\N|\N|KG|\N|\N|\N|\N|\N|\N|\N|1784122547170
1||76402-01101-053||\N|\N|\N||\N|\N||\N|\N|||20260323|212049|20260715||2|\N|3|\N|\N|\N|\N|\N|\N|\N|\N|CJ|\N|\N|\N|\N|\N|\N|\N|1784122547176
1||76403-25125-043|88073000|\N|\N|\N||\N|\N||\N|\N|||20260323|212049|20260715||2|\N|3|\N|\N|\N|\N|\N|\N|\N|\N|PC|\N|\N|\N|\N|\N|\N|\N|1784122547182
1||76450-01078-118|90292010|\N|\N|\N||\N|\N||\N|\N|||20260323|212049|20260715||2|\N|3|\N|\N|\N|\N|\N|\N|\N|\N||\N|\N|\N|\N|\N|\N|\N|1784122547188
1||76450-01078-127|90262090|\N|\N|\N||\N|\N||\N|\N|||20260323|212049|20260715||2|\N|3|\N|\N|\N|\N|\N|\N|\N|\N||\N|\N|\N|\N|\N|\N|\N|1784122547194
1||76450-01098-107|90142090|\N|\N|\N||\N|\N||\N|\N|||20260323|212049|20260715||2|\N|3|\N|\N|\N|\N|\N|\N|\N|\N|UN|\N|\N|\N|\N|\N|\N|\N|1784122547199
1||76450-01098-109||\N|\N|\N||\N|\N||\N|\N|||20260323|212049|20260715||2|\N|3|\N|\N|\N|\N|\N|\N|\N|\N||\N|\N|\N|\N|\N|\N|\N|1784122547205
1||76450-01098-112||\N|\N|\N||\N|\N||\N|\N|||20260323|212049|20260715||2|\N|3|\N|\N|\N|\N|\N|\N|\N|\N||\N|\N|\N|\N|\N|\N|\N|1784122547211
1||76450-01098-113||\N|\N|\N||\N|\N||\N|\N|||20260323|212049|20260715||2|\N|3|\N|\N|\N|\N|\N|\N|\N|\N||\N|\N|\N|\N|\N|\N|\N|1784122547217
1||76450-22032-044|94054900|\N|\N|\N||\N|\N||\N|\N|||20260323|212049|20260715||2|\N|3|\N|\N|\N|\N|\N|\N|\N|\N|PC|\N|\N|\N|\N|\N|\N|\N|1784122547223
1||76500-07905-103|39269090|\N|\N|\N||\N|\N||\N|\N|||20260323|212049|20260715||2|\N|3|\N|\N|\N|\N|\N|\N|\N|\N|KG|\N|\N|\N|\N|\N|\N|\N|1784122547229
1||76550-00915-108|85318000|\N|\N|\N||\N|\N||\N|\N|||20260323|212049|20260715||2|\N|3|\N|\N|\N|\N|\N|\N|\N|\N|UN|\N|\N|\N|\N|\N|\N|\N|1784122547234
1||76550-01010-101|84799010|\N|\N|\N||\N|\N||\N|\N|||20260323|212049|20260715||2|\N|3|\N|\N|\N|\N|\N|\N|\N|\N|LT|\N|\N|\N|\N|\N|\N|\N|1784122547240
1||76550-02001-110|73269090|\N|\N|\N||\N|\N||\N|\N|||20260323|212049|20260715||2|\N|3|\N|\N|\N|\N|\N|\N|\N|\N|PC|\N|\N|\N|\N|\N|\N|\N|1784122547246
1||76550-03030-042|90261019|\N|\N|\N||\N|\N||\N|\N|||20260323|212049|20260715||2|\N|3|\N|\N|\N|\N|\N|\N|\N|\N||\N|\N|\N|\N|\N|\N|\N|1784122547252
1||76550-03508-041|85119000|\N|\N|\N||\N|\N||\N|\N|||20260323|212049|20260715||2|\N|3|\N|\N|\N|\N|\N|\N|\N|\N|KG|\N|\N|\N|\N|\N|\N|\N|1784122547257
1||76550-70823-101|90149000|\N|\N|\N||\N|\N||\N|\N|||20260323|212049|20260715||2|\N|3|\N|\N|\N|\N|\N|\N|\N|\N||\N|\N|\N|\N|\N|\N|\N|1784122547263
1||76550-70824-102|90328989|\N|\N|\N||\N|\N||\N|\N|||20260323|212049|20260715||2|\N|3|\N|\N|\N|\N|\N|\N|\N|\N||\N|\N|\N|\N|\N|\N|\N|1784122547269
1||76552-04110-041|85444200|\N|\N|\N||\N|\N||\N|\N|||20260323|212049|20260715||2|\N|3|\N|\N|\N|\N|\N|\N|\N|\N|PC|\N|\N|\N|\N|\N|\N|\N|1784122547275
1||76600-02110-102|88073000|\N|\N|\N||\N|\N||\N|\N|||20260323|212049|20260715||2|\N|3|\N|\N|\N|\N|\N|\N|\N|\N||\N|\N|\N|\N|\N|\N|\N|1784122547280
1||76650-02003-109|88072000|\N|\N|\N||\N|\N||\N|\N|||20260323|212049|20260715||2|\N|3|\N|\N|\N|\N|\N|\N|\N|\N||\N|\N|\N|\N|\N|\N|\N|1784122547286
1||76700-20019-041|82055900|\N|\N|\N||\N|\N||\N|\N|||20260323|212049|20260715||2|\N|3|\N|\N|\N|\N|\N|\N|\N|\N|KG|\N|\N|\N|\N|\N|\N|\N|1784122547293
1||76700-20022-101|88073000|\N|\N|\N||\N|\N||\N|\N|||20260323|212049|20260715||2|\N|3|\N|\N|\N|\N|\N|\N|\N|\N||\N|\N|\N|\N|\N|\N|\N|1784122547298
1||76700-20084-041|82041200|\N|\N|\N||\N|\N||\N|\N|||20260323|212049|20260715||2|\N|3|\N|\N|\N|\N|\N|\N|\N|\N||\N|\N|\N|\N|\N|\N|\N|1784122547304
1||76700-20102-107|82055900|\N|\N|\N||\N|\N||\N|\N|||20260323|212049|20260715||2|\N|3|\N|\N|\N|\N|\N|\N|\N|\N||\N|\N|\N|\N|\N|\N|\N|1784122547310
1||76700-201020-04||\N|\N|\N||\N|\N||\N|\N|||20260323|212049|20260715||2|\N|3|\N|\N|\N|\N|\N|\N|\N|\N|PC|\N|\N|\N|\N|\N|\N|\N|1784122547316
1||76700-20120-042|82079000|\N|\N|\N||\N|\N||\N|\N|||20260323|212049|20260715||2|\N|3|\N|\N|\N|\N|\N|\N|\N|\N|KG|\N|\N|\N|\N|\N|\N|\N|1784122547322
1||76700-20260-041|90318099|\N|\N|\N||\N|\N||\N|\N|||20260323|212049|20260715||2|\N|3|\N|\N|\N|\N|\N|\N|\N|\N|UN|\N|\N|\N|\N|\N|\N|\N|1784122547327
1||769358-05600-04|84834090|\N|\N|\N||\N|\N||\N|\N|||20260323|212049|20260715||2|\N|3|\N|\N|\N|\N|\N|\N|\N|\N|PC|\N|\N|\N|\N|\N|\N|\N|1784122547333
1||77539-1|82041200|\N|\N|\N||\N|\N||\N|\N|||20260323|212049|20260715||2|\N|3|\N|\N|\N|\N|\N|\N|\N|\N||\N|\N|\N|\N|\N|\N|\N|1784122547339
1||7775|32099019|\N|\N|\N||\N|\N||\N|\N|||20260323|212049|20260715||2|\N|3|\N|\N|\N|\N|\N|\N|\N|\N|EA|\N|\N|\N|\N|\N|\N|\N|1784122547345
1||77E0750|88073000|\N|\N|\N||\N|\N||\N|\N|||20260323|212049|20260715||2|\N|3|\N|\N|\N|\N|\N|\N|\N|\N||\N|\N|\N|\N|\N|\N|\N|1784122547351
1||780-804|32099019|\N|\N|\N||\N|\N||\N|\N|||20260323|212049|20260715||2|\N|3|\N|\N|\N|\N|\N|\N|\N|\N||\N|\N|\N|\N|\N|\N|\N|1784122547357
1||780804||\N|\N|\N||\N|\N||\N|\N|||20260323|212049|20260715||2|\N|3|\N|\N|\N|\N|\N|\N|\N|\N|PC|\N|\N|\N|\N|\N|\N|\N|1784122547363
1||794-325-1|90261019|\N|\N|\N||\N|\N||\N|\N|||20260323|212049|20260715||2|\N|3|\N|\N|\N|\N|\N|\N|\N|\N||\N|\N|\N|\N|\N|\N|\N|1784122547369
1||794-614-1|90269010|\N|\N|\N||\N|\N||\N|\N|||20260323|212049|20260715||2|\N|3|\N|\N|\N|\N|\N|\N|\N|\N||\N|\N|\N|\N|\N|\N|\N|1784122547375
1||795B1|38200000|\N|\N|\N||\N|\N||\N|\N|||20260323|212049|20260715||2|\N|3|\N|\N|\N|\N|\N|\N|\N|\N||\N|\N|\N|\N|\N|\N|\N|1784122547380
1||80202315|38249941|\N|\N|\N||\N|\N||\N|\N|||20260323|212049|20260715||2|\N|3|\N|\N|\N|\N|\N|\N|\N|\N|LT|\N|\N|\N|\N|\N|\N|\N|1784122547387
1||80202380|38249974|\N|\N|\N||\N|\N||\N|\N|||20260323|212049|20260715||2|\N|3|\N|\N|\N|\N|\N|\N|\N|\N|KG|\N|\N|\N|\N|\N|\N|\N|1784122547392
1||803-5V|91040000|\N|\N|\N||\N|\N||\N|\N|||20260323|212049|20260715||2|\N|3|\N|\N|\N|\N|\N|\N|\N|\N|PC|\N|\N|\N|\N|\N|\N|\N|1784122547398
1||80300215|38159099|\N|\N|\N||\N|\N||\N|\N|||20260323|212049|20260715||2|\N|3|\N|\N|\N|\N|\N|\N|\N|\N|LT|\N|\N|\N|\N|\N|\N|\N|1784122547404
1||804|73269090|\N|\N|\N||\N|\N||\N|\N|||20260323|212049|20260715||2|\N|3|\N|\N|\N|\N|\N|\N|\N|\N|UN|\N|\N|\N|\N|\N|\N|\N|1784122547410
1||8059501577|59112090|\N|\N|\N||\N|\N||\N|\N|||20260323|212049|20260715||2|\N|3|\N|\N|\N|\N|\N|\N|\N|\N|PC|\N|\N|\N|\N|\N|\N|\N|1784122547416
1||8080-2|90149000|\N|\N|\N||\N|\N||\N|\N|||20260323|212049|20260715||2|\N|3|\N|\N|\N|\N|\N|\N|\N|\N|KG|\N|\N|\N|\N|\N|\N|\N|1784122547421
1||811-3959-003|85234920|\N|\N|\N||\N|\N||\N|\N|||20260323|212049|20260715||2|\N|3|\N|\N|\N|\N|\N|\N|\N|\N|PC|\N|\N|\N|\N|\N|\N|\N|1784122547427
1||8140B-S20LW-MB5|90149000|\N|\N|\N||\N|\N||\N|\N|||20260323|212049|20260715||2|\N|3|\N|\N|\N|\N|\N|\N|\N|\N||\N|\N|\N|\N|\N|\N|\N|1784122547433
1||81709008|88073000|\N|\N|\N||\N|\N||\N|\N|||20260323|212049|20260715||2|\N|3|\N|\N|\N|\N|\N|\N|\N|\N||\N|\N|\N|\N|\N|\N|\N|1784122547438
1||82055900|84112100|\N|\N|\N||\N|\N||\N|\N|||20260323|212049|20260715||2|\N|3|\N|\N|\N|\N|\N|\N|\N|\N|EA|\N|\N|\N|\N|\N|\N|\N|1784122547444
1||821970706|40151200|\N|\N|\N||\N|\N||\N|\N|||20260323|212049|20260715||2|\N|3|\N|\N|\N|\N|\N|\N|\N|\N|PC|\N|\N|\N|\N|\N|\N|\N|1784122547450
1||822-0668-011|85299019|\N|\N|\N||\N|\N||\N|\N|||20260323|212049|20260715||2|\N|3|\N|\N|\N|\N|\N|\N|\N|\N||\N|\N|\N|\N|\N|\N|\N|1784122547456
1||822-0836-035|85176199|\N|\N|\N||\N|\N||\N|\N|||20260323|212049|20260715||2|\N|3|\N|\N|\N|\N|\N|\N|\N|\N|UN|\N|\N|\N|\N|\N|\N|\N|1784122547461
1||822-1116-001||\N|\N|\N||\N|\N||\N|\N|||20260323|212049|20260715||2|\N|3|\N|\N|\N|\N|\N|\N|\N|\N||\N|\N|\N|\N|\N|\N|\N|1784122547467
1||822-1465-001||\N|\N|\N||\N|\N||\N|\N|||20260323|212049|20260715||2|\N|3|\N|\N|\N|\N|\N|\N|\N|\N|LT|\N|\N|\N|\N|\N|\N|\N|1784122547473
1||822-1846-012|84719090|\N|\N|\N||\N|\N||\N|\N|||20260323|212049|20260715||2|\N|3|\N|\N|\N|\N|\N|\N|\N|\N|UN|\N|\N|\N|\N|\N|\N|\N|1784122547479
1||822-1846-313|85176199|\N|\N|\N||\N|\N||\N|\N|||20260323|212049|20260715||2|\N|3|\N|\N|\N|\N|\N|\N|\N|\N||\N|\N|\N|\N|\N|\N|\N|1784122547485
1||8246723009|68052000|\N|\N|\N||\N|\N||\N|\N|||20260323|212049|20260715||2|\N|3|\N|\N|\N|\N|\N|\N|\N|\N|PC|\N|\N|\N|\N|\N|\N|\N|1784122547491
1||830CE03Y13|39269090|\N|\N|\N||\N|\N||\N|\N|||20260323|212049|20260715||2|\N|3|\N|\N|\N|\N|\N|\N|\N|\N||\N|\N|\N|\N|\N|\N|\N|1784122547496
1||8323010800|73102190|\N|\N|\N||\N|\N||\N|\N|||20260323|212049|20260715||2|\N|3|\N|\N|\N|\N|\N|\N|\N|\N||\N|\N|\N|\N|\N|\N|\N|1784122547502
1||8327730313|48194000|\N|\N|\N||\N|\N||\N|\N|||20260323|212049|20260715||2|\N|3|\N|\N|\N|\N|\N|\N|\N|\N||\N|\N|\N|\N|\N|\N|\N|1784122547508
1||8364|48119011|\N|\N|\N||\N|\N||\N|\N|||20260323|212049|20260715||2|\N|3|\N|\N|\N|\N|\N|\N|\N|\N|EA|\N|\N|\N|\N|\N|\N|\N|1784122547514
1||84-44-1174-5012|76169900|\N|\N|\N||\N|\N||\N|\N|||20260323|212049|20260715||2|\N|3|\N|\N|\N|\N|\N|\N|\N|\N|PC|\N|\N|\N|\N|\N|\N|\N|1784122547520
1||84100-03-0306|85444200|\N|\N|\N||\N|\N||\N|\N|||20260323|212049|20260715||2|\N|3|\N|\N|\N|\N|\N|\N|\N|\N|KG|\N|\N|\N|\N|\N|\N|\N|1784122547526
1||8444-1174-3320|84119100|\N|\N|\N||\N|\N||\N|\N|||20260323|212049|20260715||2|\N|3|\N|\N|\N|\N|\N|\N|\N|\N||\N|\N|\N|\N|\N|\N|\N|1784122547531
1||85-02-101-3|84158290|\N|\N|\N||\N|\N||\N|\N|||20260323|212049|20260715||2|\N|3|\N|\N|\N|\N|\N|\N|\N|\N|UN|\N|\N|\N|\N|\N|\N|\N|1784122547537
1||85-02-203-1|84159090|\N|\N|\N||\N|\N||\N|\N|||20260323|212049|20260715||2|\N|3|\N|\N|\N|\N|\N|\N|\N|\N|KG|\N|\N|\N|\N|\N|\N|\N|1784122547543
1||850000420602|84141000|\N|\N|\N||\N|\N||\N|\N|||20260323|212049|20260715||2|\N|3|\N|\N|\N|\N|\N|\N|\N|\N|PC|\N|\N|\N|\N|\N|\N|\N|1784122547549
1||8561-15|39219090|\N|\N|\N||\N|\N||\N|\N|||20260323|212049|20260715||2|\N|3|\N|\N|\N|\N|\N|\N|\N|\N|KG|\N|\N|\N|\N|\N|\N|\N|1784122547555
1||861019|34029090|\N|\N|\N||\N|\N||\N|\N|||20260323|212049|20260715||2|\N|3|\N|\N|\N|\N|\N|\N|\N|\N|AL|\N|\N|\N|\N|\N|\N|\N|1784122547561
1||861048|48119011|\N|\N|\N||\N|\N||\N|\N|||20260323|212049|20260715||2|\N|3|\N|\N|\N|\N|\N|\N|\N|\N||\N|\N|\N|\N|\N|\N|\N|1784122547567
1||861092|49111010|\N|\N|\N||\N|\N||\N|\N|||20260323|212049|20260715||2|\N|3|\N|\N|\N|\N|\N|\N|\N|\N|PC|\N|\N|\N|\N|\N|\N|\N|1784122547572
1||861116|27101999|\N|\N|\N||\N|\N||\N|\N|||20260323|212049|20260715||2|\N|3|\N|\N|\N|\N|\N|\N|\N|\N||\N|\N|\N|\N|\N|\N|\N|1784122547579
1||861193|84283990|\N|\N|\N||\N|\N||\N|\N|||20260323|212049|20260715||2|\N|3|\N|\N|\N|\N|\N|\N|\N|\N||\N|\N|\N|\N|\N|\N|\N|1784122547585
1||861196|49111010|\N|\N|\N||\N|\N||\N|\N|||20260323|212049|20260715||2|\N|3|\N|\N|\N|\N|\N|\N|\N|\N||\N|\N|\N|\N|\N|\N|\N|1784122547590
1||861266||\N|\N|\N||\N|\N||\N|\N|||20260323|212049|20260715||2|\N|3|\N|\N|\N|\N|\N|\N|\N|\N||\N|\N|\N|\N|\N|\N|\N|1784122547597
1||861335|88073000|\N|\N|\N||\N|\N||\N|\N|||20260323|212049|20260715||2|\N|3|\N|\N|\N|\N|\N|\N|\N|\N|UN|\N|\N|\N|\N|\N|\N|\N|1784122547603
1||861342|90149000|\N|\N|\N||\N|\N||\N|\N|||20260323|212049|20260715||2|\N|3|\N|\N|\N|\N|\N|\N|\N|\N|PC|\N|\N|\N|\N|\N|\N|\N|1784122547608
1||861351|49111010|\N|\N|\N||\N|\N||\N|\N|||20260323|212049|20260715||2|\N|3|\N|\N|\N|\N|\N|\N|\N|\N||\N|\N|\N|\N|\N|\N|\N|1784122547614
1||861355|84249010|\N|\N|\N||\N|\N||\N|\N|||20260323|212049|20260715||2|\N|3|\N|\N|\N|\N|\N|\N|\N|\N||\N|\N|\N|\N|\N|\N|\N|1784122547620
1||861362|58011000|\N|\N|\N||\N|\N||\N|\N|||20260323|212049|20260715||2|\N|3|\N|\N|\N|\N|\N|\N|\N|\N||\N|\N|\N|\N|\N|\N|\N|1784122547625
1||861435|34023990|\N|\N|\N||\N|\N||\N|\N|||20260323|212049|20260715||2|\N|3|\N|\N|\N|\N|\N|\N|\N|\N|AL|\N|\N|\N|\N|\N|\N|\N|1784122547631
1||861474|84733090|\N|\N|\N||\N|\N||\N|\N|||20260323|212049|20260715||2|\N|3|\N|\N|\N|\N|\N|\N|\N|\N|PC|\N|\N|\N|\N|\N|\N|\N|1784122547637
1||861556|70189000|\N|\N|\N||\N|\N||\N|\N|||20260323|212049|20260715||2|\N|3|\N|\N|\N|\N|\N|\N|\N|\N||\N|\N|\N|\N|\N|\N|\N|1784122547643
1||861558||\N|\N|\N||\N|\N||\N|\N|||20260323|212049|20260715||2|\N|3|\N|\N|\N|\N|\N|\N|\N|\N||\N|\N|\N|\N|\N|\N|\N|1784122547648
1||861608|49111010|\N|\N|\N||\N|\N||\N|\N|||20260323|212049|20260715||2|\N|3|\N|\N|\N|\N|\N|\N|\N|\N||\N|\N|\N|\N|\N|\N|\N|1784122547654
1||861612|88073000|\N|\N|\N||\N|\N||\N|\N|||20260323|212049|20260715||2|\N|3|\N|\N|\N|\N|\N|\N|\N|\N||\N|\N|\N|\N|\N|\N|\N|1784122547660
1||861669|88021210|\N|\N|\N||\N|\N||\N|\N|||20260323|212049|20260715||2|\N|3|\N|\N|\N|\N|\N|\N|\N|\N||\N|\N|\N|\N|\N|\N|\N|1784122547666
1||861675|39262000|\N|\N|\N||\N|\N||\N|\N|||20260323|212049|20260715||2|\N|3|\N|\N|\N|\N|\N|\N|\N|\N||\N|\N|\N|\N|\N|\N|\N|1784122547671
1||861677|82119290|\N|\N|\N||\N|\N||\N|\N|||20260323|212049|20260715||2|\N|3|\N|\N|\N|\N|\N|\N|\N|\N||\N|\N|\N|\N|\N|\N|\N|1784122547677
1||861686|70099200|\N|\N|\N||\N|\N||\N|\N|||20260323|212049|20260715||2|\N|3|\N|\N|\N|\N|\N|\N|\N|\N|AL|\N|\N|\N|\N|\N|\N|\N|1784122547683
1||861687||\N|\N|\N||\N|\N||\N|\N|||20260323|212049|20260715||2|\N|3|\N|\N|\N|\N|\N|\N|\N|\N||\N|\N|\N|\N|\N|\N|\N|1784122547689
1||861739|85177900|\N|\N|\N||\N|\N||\N|\N|||20260323|212049|20260715||2|\N|3|\N|\N|\N|\N|\N|\N|\N|\N|PC|\N|\N|\N|\N|\N|\N|\N|1784122547694
1||861761|90212900|\N|\N|\N||\N|\N||\N|\N|||20260323|212050|20260715||2|\N|3|\N|\N|\N|\N|\N|\N|\N|\N|AL|\N|\N|\N|\N|\N|\N|\N|1784122547700
1||863085-00|84249010|\N|\N|\N||\N|\N||\N|\N|||20260323|212050|20260715||2|\N|3|\N|\N|\N|\N|\N|\N|\N|\N|PC|\N|\N|\N|\N|\N|\N|\N|1784122547706
1||8721011516|27129000|\N|\N|\N||\N|\N||\N|\N|||20260323|212050|20260715||2|\N|3|\N|\N|\N|\N|\N|\N|\N|\N||\N|\N|\N|\N|\N|\N|\N|1784122547711
1||87232342V02|73269090|\N|\N|\N||\N|\N||\N|\N|||20260323|212050|20260715||2|\N|3|\N|\N|\N|\N|\N|\N|\N|\N|KG|\N|\N|\N|\N|\N|\N|\N|1784122547717
1||876-220||\N|\N|\N||\N|\N||\N|\N|||20260323|212050|20260715||2|\N|3|\N|\N|\N|\N|\N|\N|\N|\N|PC|\N|\N|\N|\N|\N|\N|\N|1784122547723
1||8800-02|88072000|\N|\N|\N||\N|\N||\N|\N|||20260323|212050|20260715||2|\N|3|\N|\N|\N|\N|\N|\N|\N|\N|KG|\N|\N|\N|\N|\N|\N|\N|1784122547728
1||8811936000|85361000|\N|\N|\N||\N|\N||\N|\N|||20260323|212050|20260715||2|\N|3|\N|\N|\N|\N|\N|\N|\N|\N|LT|\N|\N|\N|\N|\N|\N|\N|1784122547734
1||8812288000|82055900|\N|\N|\N||\N|\N||\N|\N|||20260323|212050|20260715||2|\N|3|\N|\N|\N|\N|\N|\N|\N|\N||\N|\N|\N|\N|\N|\N|\N|1784122547740
1||8813150000|73269090|\N|\N|\N||\N|\N||\N|\N|||20260323|212050|20260715||2|\N|3|\N|\N|\N|\N|\N|\N|\N|\N|PC|\N|\N|\N|\N|\N|\N|\N|1784122547745
1||8813368000|82055900|\N|\N|\N||\N|\N||\N|\N|||20260323|212050|20260715||2|\N|3|\N|\N|\N|\N|\N|\N|\N|\N||\N|\N|\N|\N|\N|\N|\N|1784122547751
1||881352100|39269090|\N|\N|\N||\N|\N||\N|\N|||20260323|212050|20260715||2|\N|3|\N|\N|\N|\N|\N|\N|\N|\N||\N|\N|\N|\N|\N|\N|\N|1784122547757
1||8814282201|82032010|\N|\N|\N||\N|\N||\N|\N|||20260323|212050|20260715||2|\N|3|\N|\N|\N|\N|\N|\N|\N|\N|EA|\N|\N|\N|\N|\N|\N|\N|1784122547762
1||8814386000|85366990|\N|\N|\N||\N|\N||\N|\N|||20260323|212050|20260715||2|\N|3|\N|\N|\N|\N|\N|\N|\N|\N||\N|\N|\N|\N|\N|\N|\N|1784122547768
1||8814487000|83017000|\N|\N|\N||\N|\N||\N|\N|||20260323|212050|20260715||2|\N|3|\N|\N|\N|\N|\N|\N|\N|\N|UN|\N|\N|\N|\N|\N|\N|\N|1784122547774
1||8819571000|90309090|\N|\N|\N||\N|\N||\N|\N|||20260323|212050|20260715||2|\N|3|\N|\N|\N|\N|\N|\N|\N|\N|KG|\N|\N|\N|\N|\N|\N|\N|1784122547780
1||8844|90262090|\N|\N|\N||\N|\N||\N|\N|||20260323|212050|20260715||2|\N|3|\N|\N|\N|\N|\N|\N|\N|\N|PC|\N|\N|\N|\N|\N|\N|\N|1784122547786
1||897776-01|84249010|\N|\N|\N||\N|\N||\N|\N|||20260323|212050|20260715||2|\N|3|\N|\N|\N|\N|\N|\N|\N|\N||\N|\N|\N|\N|\N|\N|\N|1784122547792
1||8G6220G03431|90318099|\N|\N|\N||\N|\N||\N|\N|||20260323|212050|20260715||2|\N|3|\N|\N|\N|\N|\N|\N|\N|\N|KG|\N|\N|\N|\N|\N|\N|\N|1784122547798
1||8GH409570-28|85392110|\N|\N|\N||\N|\N||\N|\N|||20260323|212050|20260715||2|\N|3|\N|\N|\N|\N|\N|\N|\N|\N|UN|\N|\N|\N|\N|\N|\N|\N|1784122547804
1||90-0163-1|84799010|\N|\N|\N||\N|\N||\N|\N|||20260323|212050|20260715||2|\N|3|\N|\N|\N|\N|\N|\N|\N|\N|KG|\N|\N|\N|\N|\N|\N|\N|1784122547810
1||900003986|39209990|\N|\N|\N||\N|\N||\N|\N|||20260323|212050|20260715||2|\N|3|\N|\N|\N|\N|\N|\N|\N|\N|PC|\N|\N|\N|\N|\N|\N|\N|1784122547816
1||9003001|85392110|\N|\N|\N||\N|\N||\N|\N|||20260323|212050|20260715||2|\N|3|\N|\N|\N|\N|\N|\N|\N|\N|UN|\N|\N|\N|\N|\N|\N|\N|1784122547822
1||901-8866-1|40169300|\N|\N|\N||\N|\N||\N|\N|||20260323|212050|20260715||2|\N|3|\N|\N|\N|\N|\N|\N|\N|\N|PC|\N|\N|\N|\N|\N|\N|\N|1784122547827
1||901100400||\N|\N|\N||\N|\N||\N|\N|||20260323|212050|20260715||2|\N|3|\N|\N|\N|\N|\N|\N|\N|\N|KG|\N|\N|\N|\N|\N|\N|\N|1784122547833
1||904A34-635-037|84813000|\N|\N|\N||\N|\N||\N|\N|||20260323|212050|20260715||2|\N|3|\N|\N|\N|\N|\N|\N|\N|\N|UN|\N|\N|\N|\N|\N|\N|\N|1784122547839
1||9070-55064-041|85444200|\N|\N|\N||\N|\N||\N|\N|||20260323|212050|20260715||2|\N|3|\N|\N|\N|\N|\N|\N|\N|\N|AL|\N|\N|\N|\N|\N|\N|\N|1784122547845
1||908TS3|90328990|\N|\N|\N||\N|\N||\N|\N|||20260323|212050|20260715||2|\N|3|\N|\N|\N|\N|\N|\N|\N|\N|PC|\N|\N|\N|\N|\N|\N|\N|1784122547851
1||918939|88073000|\N|\N|\N||\N|\N||\N|\N|||20260323|212050|20260715||2|\N|3|\N|\N|\N|\N|\N|\N|\N|\N|KG|\N|\N|\N|\N|\N|\N|\N|1784122547857
1||919009|56079090|\N|\N|\N||\N|\N||\N|\N|||20260323|212050|20260715||2|\N|3|\N|\N|\N|\N|\N|\N|\N|\N|MT|\N|\N|\N|\N|\N|\N|\N|1784122547863
1||919010|39269090|\N|\N|\N||\N|\N||\N|\N|||20260323|212050|20260715||2|\N|3|\N|\N|\N|\N|\N|\N|\N|\N||\N|\N|\N|\N|\N|\N|\N|1784122547872
1||92000-06102-041|88073000|\N|\N|\N||\N|\N||\N|\N|||20260323|212050|20260715||2|\N|3|\N|\N|\N|\N|\N|\N|\N|\N|PC|\N|\N|\N|\N|\N|\N|\N|1784122547881
1||92000-06102-042|88071000|\N|\N|\N||\N|\N||\N|\N|||20260323|212050|20260715||2|\N|3|\N|\N|\N|\N|\N|\N|\N|\N||\N|\N|\N|\N|\N|\N|\N|1784122547889
1||9203|35069110|\N|\N|\N||\N|\N||\N|\N|||20260323|212050|20260715||2|\N|3|\N|\N|\N|\N|\N|\N|\N|\N||\N|\N|\N|\N|\N|\N|\N|1784122547895
1||92070-20105-101|82079000|\N|\N|\N||\N|\N||\N|\N|||20260323|212050|20260715||2|\N|3|\N|\N|\N|\N|\N|\N|\N|\N|KG|\N|\N|\N|\N|\N|\N|\N|1784122547901
1||92070-20123-101|90212900|\N|\N|\N||\N|\N||\N|\N|||20260323|212050|20260715||2|\N|3|\N|\N|\N|\N|\N|\N|\N|\N||\N|\N|\N|\N|\N|\N|\N|1784122547907
1||92070-20139-011|85311010|\N|\N|\N||\N|\N||\N|\N|||20260323|212050|20260715||2|\N|3|\N|\N|\N|\N|\N|\N|\N|\N|PC|\N|\N|\N|\N|\N|\N|\N|1784122547913
1||92070-20141-012|85319000|\N|\N|\N||\N|\N||\N|\N|||20260323|212050|20260715||2|\N|3|\N|\N|\N|\N|\N|\N|\N|\N|KG|\N|\N|\N|\N|\N|\N|\N|1784122547919
1||92070-35013-020|82055900|\N|\N|\N||\N|\N||\N|\N|||20260323|212050|20260715||2|\N|3|\N|\N|\N|\N|\N|\N|\N|\N||\N|\N|\N|\N|\N|\N|\N|1784122547925
1||92070-35019-012|85169000|\N|\N|\N||\N|\N||\N|\N|||20260323|212050|20260715||2|\N|3|\N|\N|\N|\N|\N|\N|\N|\N|EA|\N|\N|\N|\N|\N|\N|\N|1784122547931
1||92070-55095-011|84139190|\N|\N|\N||\N|\N||\N|\N|||20260323|212050|20260715||2|\N|3|\N|\N|\N|\N|\N|\N|\N|\N|KG|\N|\N|\N|\N|\N|\N|\N|1784122547937
1||92080-20248-125|73269090|\N|\N|\N||\N|\N||\N|\N|||20260323|212050|20260715||2|\N|3|\N|\N|\N|\N|\N|\N|\N|\N||\N|\N|\N|\N|\N|\N|\N|1784122547944
1||92080-20302-122|85365090|\N|\N|\N||\N|\N||\N|\N|||20260323|212050|20260715||2|\N|3|\N|\N|\N|\N|\N|\N|\N|\N|UN|\N|\N|\N|\N|\N|\N|\N|1784122547950
1||92080-20309-106|73269090|\N|\N|\N||\N|\N||\N|\N|||20260323|212050|20260715||2|\N|3|\N|\N|\N|\N|\N|\N|\N|\N|PC|\N|\N|\N|\N|\N|\N|\N|1784122547956
1||92080-20319-111|90261029|\N|\N|\N||\N|\N||\N|\N|||20260323|212050|20260715||2|\N|3|\N|\N|\N|\N|\N|\N|\N|\N|UN|\N|\N|\N|\N|\N|\N|\N|1784122547962
1||92080-20319-123|88073000|\N|\N|\N||\N|\N||\N|\N|||20260323|212050|20260715||2|\N|3|\N|\N|\N|\N|\N|\N|\N|\N|PC|\N|\N|\N|\N|\N|\N|\N|1784122547968
1||92080-20319-143|73209000|\N|\N|\N||\N|\N||\N|\N|||20260323|212050|20260715||2|\N|3|\N|\N|\N|\N|\N|\N|\N|\N|KG|\N|\N|\N|\N|\N|\N|\N|1784122547974
1||92080-20910-019|73269090|\N|\N|\N||\N|\N||\N|\N|||20260323|212050|20260715||2|\N|3|\N|\N|\N|\N|\N|\N|\N|\N||\N|\N|\N|\N|\N|\N|\N|1784122547979
1||920V04AB1AAXZCF|85318000|\N|\N|\N||\N|\N||\N|\N|||20260323|212050|20260715||2|\N|3|\N|\N|\N|\N|\N|\N|\N|\N|PC|\N|\N|\N|\N|\N|\N|\N|1784122547986
1||92101-15005-101|39199090|\N|\N|\N||\N|\N||\N|\N|||20260601|182749|20260715||2|\N|3|\N|\N|\N|\N|\N|\N|\N|\N|KG|\N|\N|\N|\N|\N|\N|\N|1784122451259
1||92102-15001-042|40169300|\N|\N|\N||\N|\N||\N|\N|||20260323|212050|20260715||2|\N|3|\N|\N|\N|\N|\N|\N|\N|\N||\N|\N|\N|\N|\N|\N|\N|1784122547992
1||92103-11010-101|88071000|\N|\N|\N||\N|\N||\N|\N|||20260323|212050|20260715||2|\N|3|\N|\N|\N|\N|\N|\N|\N|\N|PC|\N|\N|\N|\N|\N|\N|\N|1784122548002
1||92103-15005-042|85389090|\N|\N|\N||\N|\N||\N|\N|||20260323|212050|20260715||2|\N|3|\N|\N|\N|\N|\N|\N|\N|\N||\N|\N|\N|\N|\N|\N|\N|1784122548008
1||92103-15024-042|81089000|\N|\N|\N||\N|\N||\N|\N|||20260323|212050|20260715||2|\N|3|\N|\N|\N|\N|\N|\N|\N|\N|KG|\N|\N|\N|\N|\N|\N|\N|1784122548014
1||92104-11030-043|90149000|\N|\N|\N||\N|\N||\N|\N|||20260323|212050|20260715||2|\N|3|\N|\N|\N|\N|\N|\N|\N|\N||\N|\N|\N|\N|\N|\N|\N|1784122548020
1||92104-15000-042|88071000|\N|\N|\N||\N|\N||\N|\N|||20260323|212050|20260715||2|\N|3|\N|\N|\N|\N|\N|\N|\N|\N||\N|\N|\N|\N|\N|\N|\N|1784122548026
1||92104-15016-101|40169990|\N|\N|\N||\N|\N||\N|\N|||20260323|212050|20260715||2|\N|3|\N|\N|\N|\N|\N|\N|\N|\N||\N|\N|\N|\N|\N|\N|\N|1784122548031
1||92105-15007-041|88071000|\N|\N|\N||\N|\N||\N|\N|||20260323|212050|20260715||2|\N|3|\N|\N|\N|\N|\N|\N|\N|\N|PC|\N|\N|\N|\N|\N|\N|\N|1784122548037
1||92110A030000|90328989|\N|\N|\N||\N|\N||\N|\N|||20260323|212050|20260715||2|\N|3|\N|\N|\N|\N|\N|\N|\N|\N|UN|\N|\N|\N|\N|\N|\N|\N|1784122548043
1||92150-09000-043|88071000|\N|\N|\N||\N|\N||\N|\N|||20260323|212050|20260715||2|\N|3|\N|\N|\N|\N|\N|\N|\N|\N|KG|\N|\N|\N|\N|\N|\N|\N|1784122548050
1||92170-11006-101|73269090|\N|\N|\N||\N|\N||\N|\N|||20260323|212050|20260715||2|\N|3|\N|\N|\N|\N|\N|\N|\N|\N|PC|\N|\N|\N|\N|\N|\N|\N|1784122548056
1||92200-08208-105|88073000|\N|\N|\N||\N|\N||\N|\N|||20260323|212050|20260715||2|\N|3|\N|\N|\N|\N|\N|\N|\N|\N|KG|\N|\N|\N|\N|\N|\N|\N|1784122548062
1||92202-02253-107|90211099|\N|\N|\N||\N|\N||\N|\N|||20260323|212050|20260715||2|\N|3|\N|\N|\N|\N|\N|\N|\N|\N||\N|\N|\N|\N|\N|\N|\N|1784122548069
1||92203-02111-118|88073000|\N|\N|\N||\N|\N||\N|\N|||20260323|212050|20260715||2|\N|3|\N|\N|\N|\N|\N|\N|\N|\N|PC|\N|\N|\N|\N|\N|\N|\N|1784122548076
1||92203-02222-122|84819090|\N|\N|\N||\N|\N||\N|\N|||20260323|212050|20260715||2|\N|3|\N|\N|\N|\N|\N|\N|\N|\N|KG|\N|\N|\N|\N|\N|\N|\N|1784122548082
1||92204-02441-044|35069900|\N|\N|\N||\N|\N||\N|\N|||20260323|212050|20260715||2|\N|3|\N|\N|\N|\N|\N|\N|\N|\N||\N|\N|\N|\N|\N|\N|\N|1784122548088
1||92205-02202-103||\N|\N|\N||\N|\N||\N|\N|||20260323|212050|20260715||2|\N|3|\N|\N|\N|\N|\N|\N|\N|\N||\N|\N|\N|\N|\N|\N|\N|1784122548094
1||92205-03918-102|73269090|\N|\N|\N||\N|\N||\N|\N|||20260323|212050|20260715||2|\N|3|\N|\N|\N|\N|\N|\N|\N|\N||\N|\N|\N|\N|\N|\N|\N|1784122548100
1||92205-04107-101||\N|\N|\N||\N|\N||\N|\N|||20260323|212050|20260715||2|\N|3|\N|\N|\N|\N|\N|\N|\N|\N||\N|\N|\N|\N|\N|\N|\N|1784122548106
1||92205-04115-105||\N|\N|\N||\N|\N||\N|\N|||20260323|212050|20260715||2|\N|3|\N|\N|\N|\N|\N|\N|\N|\N||\N|\N|\N|\N|\N|\N|\N|1784122548112
1||92205-04901-107|84839000|\N|\N|\N||\N|\N||\N|\N|||20260323|212050|20260715||2|\N|3|\N|\N|\N|\N|\N|\N|\N|\N||\N|\N|\N|\N|\N|\N|\N|1784122548118
1||92205-05100-043||\N|\N|\N||\N|\N||\N|\N|||20260323|212050|20260715||2|\N|3|\N|\N|\N|\N|\N|\N|\N|\N|PC|\N|\N|\N|\N|\N|\N|\N|1784122548124
1||92205-06310-042|73269090|\N|\N|\N||\N|\N||\N|\N|||20260323|212050|20260715||2|\N|3|\N|\N|\N|\N|\N|\N|\N|\N|KG|\N|\N|\N|\N|\N|\N|\N|1784122548130
1||92205-08123-048|84159090|\N|\N|\N||\N|\N||\N|\N|||20260323|212050|20260715||2|\N|3|\N|\N|\N|\N|\N|\N|\N|\N|PC|\N|\N|\N|\N|\N|\N|\N|1784122548136
1||92206-02522-041|39173900|\N|\N|\N||\N|\N||\N|\N|||20260323|212050|20260715||2|\N|3|\N|\N|\N|\N|\N|\N|\N|\N|KG|\N|\N|\N|\N|\N|\N|\N|1784122548142
1||92207-01108-115||\N|\N|\N||\N|\N||\N|\N|||20260323|212050|20260715||2|\N|3|\N|\N|\N|\N|\N|\N|\N|\N|PC|\N|\N|\N|\N|\N|\N|\N|1784122548148
1||92207-01110-045|88073000|\N|\N|\N||\N|\N||\N|\N|||20260323|212050|20260715||2|\N|3|\N|\N|\N|\N|\N|\N|\N|\N|KG|\N|\N|\N|\N|\N|\N|\N|1784122548153
1||92207-01110-104|76169900|\N|\N|\N||\N|\N||\N|\N|||20260323|212050|20260715||2|\N|3|\N|\N|\N|\N|\N|\N|\N|\N|PC|\N|\N|\N|\N|\N|\N|\N|1784122548159
1||92207-02134-118|73269090|\N|\N|\N||\N|\N||\N|\N|||20260323|212050|20260715||2|\N|3|\N|\N|\N|\N|\N|\N|\N|\N|KG|\N|\N|\N|\N|\N|\N|\N|1784122548165
1||92207-02651-103|90212900|\N|\N|\N||\N|\N||\N|\N|||20260323|212050|20260715||2|\N|3|\N|\N|\N|\N|\N|\N|\N|\N||\N|\N|\N|\N|\N|\N|\N|1784122548171
1||92207-02655-105||\N|\N|\N||\N|\N||\N|\N|||20260323|212050|20260715||2|\N|3|\N|\N|\N|\N|\N|\N|\N|\N||\N|\N|\N|\N|\N|\N|\N|1784122548177
1||92207-02664-101|73269090|\N|\N|\N||\N|\N||\N|\N|||20260323|212050|20260715||2|\N|3|\N|\N|\N|\N|\N|\N|\N|\N||\N|\N|\N|\N|\N|\N|\N|1784122548183
1||92207-03113-104|88073000|\N|\N|\N||\N|\N||\N|\N|||20260323|212050|20260715||2|\N|3|\N|\N|\N|\N|\N|\N|\N|\N|PC|\N|\N|\N|\N|\N|\N|\N|1784122548189
1||92207-03214-043|76061190|\N|\N|\N||\N|\N||\N|\N|||20260323|212050|20260715||2|\N|3|\N|\N|\N|\N|\N|\N|\N|\N|KG|\N|\N|\N|\N|\N|\N|\N|1784122548195
1||92207-03919-105|73269090|\N|\N|\N||\N|\N||\N|\N|||20260323|212050|20260715||2|\N|3|\N|\N|\N|\N|\N|\N|\N|\N|PC|\N|\N|\N|\N|\N|\N|\N|1784122548201
1||92207-04101-041|73181500|\N|\N|\N||\N|\N||\N|\N|||20260323|212050|20260715||2|\N|3|\N|\N|\N|\N|\N|\N|\N|\N||\N|\N|\N|\N|\N|\N|\N|1784122548207
1||92209-02006-101|73269090|\N|\N|\N||\N|\N||\N|\N|||20260323|212050|20260715||2|\N|3|\N|\N|\N|\N|\N|\N|\N|\N||\N|\N|\N|\N|\N|\N|\N|1784122548213
1||92209-02041-041||\N|\N|\N||\N|\N||\N|\N|||20260323|212050|20260715||2|\N|3|\N|\N|\N|\N|\N|\N|\N|\N|KG|\N|\N|\N|\N|\N|\N|\N|1784122548220
1||92209-02606-048||\N|\N|\N||\N|\N||\N|\N|||20260323|212050|20260715||2|\N|3|\N|\N|\N|\N|\N|\N|\N|\N|PC|\N|\N|\N|\N|\N|\N|\N|1784122548226
1||92209-02617-101|90212900|\N|\N|\N||\N|\N||\N|\N|||20260323|212050|20260715||2|\N|3|\N|\N|\N|\N|\N|\N|\N|\N|KG|\N|\N|\N|\N|\N|\N|\N|1784122548232
1||92209-02631-103|73269090|\N|\N|\N||\N|\N||\N|\N|||20260323|212050|20260715||2|\N|3|\N|\N|\N|\N|\N|\N|\N|\N|PC|\N|\N|\N|\N|\N|\N|\N|1784122548238
1||92209-02636-043||\N|\N|\N||\N|\N||\N|\N|||20260323|212050|20260715||2|\N|3|\N|\N|\N|\N|\N|\N|\N|\N|KG|\N|\N|\N|\N|\N|\N|\N|1784122548244
1||92209-04502-101|84119100|\N|\N|\N||\N|\N||\N|\N|||20260323|212050|20260715||2|\N|3|\N|\N|\N|\N|\N|\N|\N|\N|PC|\N|\N|\N|\N|\N|\N|\N|1784122548249
1||92250-00800-103|90149000|\N|\N|\N||\N|\N||\N|\N|||20260323|212050|20260715||2|\N|3|\N|\N|\N|\N|\N|\N|\N|\N|KG|\N|\N|\N|\N|\N|\N|\N|1784122548255
1||92250-00801-102||\N|\N|\N||\N|\N||\N|\N|||20260323|212050|20260715||2|\N|3|\N|\N|\N|\N|\N|\N|\N|\N||\N|\N|\N|\N|\N|\N|\N|1784122548262
1||92250-12281-101|73269090|\N|\N|\N||\N|\N||\N|\N|||20260323|212050|20260715||2|\N|3|\N|\N|\N|\N|\N|\N|\N|\N|UN|\N|\N|\N|\N|\N|\N|\N|1784122548270
1||92250-12801-111|84289010|\N|\N|\N||\N|\N||\N|\N|||20260323|212050|20260715||2|\N|3|\N|\N|\N|\N|\N|\N|\N|\N|KG|\N|\N|\N|\N|\N|\N|\N|1784122548276
1||92250-12803-102|90308990|\N|\N|\N||\N|\N||\N|\N|||20260323|212050|20260715||2|\N|3|\N|\N|\N|\N|\N|\N|\N|\N|UN|\N|\N|\N|\N|\N|\N|\N|1784122548282
1||92250-12805-10|88072000|\N|\N|\N||\N|\N||\N|\N|||20260323|212050|20260715||2|\N|3|\N|\N|\N|\N|\N|\N|\N|\N|PC|\N|\N|\N|\N|\N|\N|\N|1784122548287
1||92250-12805-109||\N|\N|\N||\N|\N||\N|\N|||20260323|212050|20260715||2|\N|3|\N|\N|\N|\N|\N|\N|\N|\N|KG|\N|\N|\N|\N|\N|\N|\N|1784122548293
1||92250-14801-101|84289010|\N|\N|\N||\N|\N||\N|\N|||20260323|212050|20260715||2|\N|3|\N|\N|\N|\N|\N|\N|\N|\N||\N|\N|\N|\N|\N|\N|\N|1784122548299
1||92250-14803-103||\N|\N|\N||\N|\N||\N|\N|||20260323|212050|20260715||2|\N|3|\N|\N|\N|\N|\N|\N|\N|\N||\N|\N|\N|\N|\N|\N|\N|1784122548306
1||92250-14805-103|88072000|\N|\N|\N||\N|\N||\N|\N|||20260710|174229|20260710||2|\N|\N|\N|\N|\N|\N|\N|\N|\N|\N||\N|\N|\N|\N|\N|\N|\N|1783705350590
1||92302-04213-049|39269090|\N|\N|\N||\N|\N||\N|\N|||20260323|212050|20260715||2|\N|3|\N|\N|\N|\N|\N|\N|\N|\N||\N|\N|\N|\N|\N|\N|\N|1784122548312
1||92302-30800-113|84119100|\N|\N|\N||\N|\N||\N|\N|||20260323|212050|20260715||2|\N|3|\N|\N|\N|\N|\N|\N|\N|\N||\N|\N|\N|\N|\N|\N|\N|1784122548318
1||92302-30801-041||\N|\N|\N||\N|\N||\N|\N|||20260323|212050|20260715||2|\N|3|\N|\N|\N|\N|\N|\N|\N|\N||\N|\N|\N|\N|\N|\N|\N|1784122548324
1||92302-30801-042|84119900|\N|\N|\N||\N|\N||\N|\N|||20260323|212050|20260715||2|\N|3|\N|\N|\N|\N|\N|\N|\N|\N||\N|\N|\N|\N|\N|\N|\N|1784122548330
1||92303-04800-042|84119100|\N|\N|\N||\N|\N||\N|\N|||20260323|212050|20260715||2|\N|3|\N|\N|\N|\N|\N|\N|\N|\N|PC|\N|\N|\N|\N|\N|\N|\N|1784122548336
1||92304-04120-104|63031990|\N|\N|\N||\N|\N||\N|\N|||20260323|212050|20260715||2|\N|3|\N|\N|\N|\N|\N|\N|\N|\N|KG|\N|\N|\N|\N|\N|\N|\N|1784122548342
1||92304-04231-101|88073000|\N|\N|\N||\N|\N||\N|\N|||20260323|212050|20260715||2|\N|3|\N|\N|\N|\N|\N|\N|\N|\N|PC|\N|\N|\N|\N|\N|\N|\N|1784122548348
1||92304-04233-109|39269090|\N|\N|\N||\N|\N||\N|\N|||20260323|212050|20260715||2|\N|3|\N|\N|\N|\N|\N|\N|\N|\N|KG|\N|\N|\N|\N|\N|\N|\N|1784122548355
1||92304-04427-047|88073000|\N|\N|\N||\N|\N||\N|\N|||20260323|212050|20260715||2|\N|3|\N|\N|\N|\N|\N|\N|\N|\N||\N|\N|\N|\N|\N|\N|\N|1784122548361
1||92304-04479-045||\N|\N|\N||\N|\N||\N|\N|||20260323|212050|20260715||2|\N|3|\N|\N|\N|\N|\N|\N|\N|\N||\N|\N|\N|\N|\N|\N|\N|1784122548366
1||92304-04502-043|84119100|\N|\N|\N||\N|\N||\N|\N|||20260323|212050|20260715||2|\N|3|\N|\N|\N|\N|\N|\N|\N|\N||\N|\N|\N|\N|\N|\N|\N|1784122548372
1||92304-04612-103|88073000|\N|\N|\N||\N|\N||\N|\N|||20260323|212050|20260715||2|\N|3|\N|\N|\N|\N|\N|\N|\N|\N||\N|\N|\N|\N|\N|\N|\N|1784122548378
1||92305-02130-103|73269090|\N|\N|\N||\N|\N||\N|\N|||20260323|212050|20260715||2|\N|3|\N|\N|\N|\N|\N|\N|\N|\N||\N|\N|\N|\N|\N|\N|\N|1784122548384
1||92305-02201-044|40169300|\N|\N|\N||\N|\N||\N|\N|||20260323|212050|20260715||2|\N|3|\N|\N|\N|\N|\N|\N|\N|\N||\N|\N|\N|\N|\N|\N|\N|1784122548390
1||92306-10800-101|88073000|\N|\N|\N||\N|\N||\N|\N|||20260323|212050|20260715||2|\N|3|\N|\N|\N|\N|\N|\N|\N|\N||\N|\N|\N|\N|\N|\N|\N|1784122548396
1||92306-10800-102||\N|\N|\N||\N|\N||\N|\N|||20260323|212050|20260715||2|\N|3|\N|\N|\N|\N|\N|\N|\N|\N||\N|\N|\N|\N|\N|\N|\N|1784122548402
1||92307-08034-041|84119100|\N|\N|\N||\N|\N||\N|\N|||20260323|212050|20260715||2|\N|3|\N|\N|\N|\N|\N|\N|\N|\N|PC|\N|\N|\N|\N|\N|\N|\N|1784122548408
1||92307-08835-101||\N|\N|\N||\N|\N||\N|\N|||20260323|212050|20260715||2|\N|3|\N|\N|\N|\N|\N|\N|\N|\N|KG|\N|\N|\N|\N|\N|\N|\N|1784122548414
1||92308-02117-103|73269090|\N|\N|\N||\N|\N||\N|\N|||20260323|212050|20260715||2|\N|3|\N|\N|\N|\N|\N|\N|\N|\N|PC|\N|\N|\N|\N|\N|\N|\N|1784122548420
1||92308-04802-104|35069900|\N|\N|\N||\N|\N||\N|\N|||20260323|212050|20260715||2|\N|3|\N|\N|\N|\N|\N|\N|\N|\N|KG|\N|\N|\N|\N|\N|\N|\N|1784122548426
1||92309-01803-104|84145990|\N|\N|\N||\N|\N||\N|\N|||20260323|212050|20260715||2|\N|3|\N|\N|\N|\N|\N|\N|\N|\N|PC|\N|\N|\N|\N|\N|\N|\N|1784122548432
1||92310-04800-101|84241000|\N|\N|\N||\N|\N||\N|\N|||20260323|212050|20260715||2|\N|3|\N|\N|\N|\N|\N|\N|\N|\N||\N|\N|\N|\N|\N|\N|\N|1784122548437
1||92310-04800-108||\N|\N|\N||\N|\N||\N|\N|||20260323|212050|20260715||2|\N|3|\N|\N|\N|\N|\N|\N|\N|\N|UN|\N|\N|\N|\N|\N|\N|\N|1784122548443
1||92351-15001-044|84839000|\N|\N|\N||\N|\N||\N|\N|||20260323|212050|20260715||2|\N|3|\N|\N|\N|\N|\N|\N|\N|\N|KG|\N|\N|\N|\N|\N|\N|\N|1784122548449
1||92351-15228-043|40169300|\N|\N|\N||\N|\N||\N|\N|||20260323|212050|20260715||2|\N|3|\N|\N|\N|\N|\N|\N|\N|\N||\N|\N|\N|\N|\N|\N|\N|1784122548455
1||92351-15278-101|39269090|\N|\N|\N||\N|\N||\N|\N|||20260323|212050|20260715||2|\N|3|\N|\N|\N|\N|\N|\N|\N|\N||\N|\N|\N|\N|\N|\N|\N|1784122548461
1||92351-15303-101|76169900|\N|\N|\N||\N|\N||\N|\N|||20260323|212050|20260715||2|\N|3|\N|\N|\N|\N|\N|\N|\N|\N|PC|\N|\N|\N|\N|\N|\N|\N|1784122548467
1||92351-15801-105|84212300|\N|\N|\N||\N|\N||\N|\N|||20260323|212050|20260715||2|\N|3|\N|\N|\N|\N|\N|\N|\N|\N|UN|\N|\N|\N|\N|\N|\N|\N|1784122548473
1||92351-15802-106|90268000|\N|\N|\N||\N|\N||\N|\N|||20260323|212050|20260715||2|\N|3|\N|\N|\N|\N|\N|\N|\N|\N||\N|\N|\N|\N|\N|\N|\N|1784122548479
1||92357-06300-042|84839000|\N|\N|\N||\N|\N||\N|\N|||20260323|212050|20260715||2|\N|3|\N|\N|\N|\N|\N|\N|\N|\N|KG|\N|\N|\N|\N|\N|\N|\N|1784122548485
1||92358-06100-043|73030000|\N|\N|\N||\N|\N||\N|\N|||20260323|212050|20260715||2|\N|3|\N|\N|\N|\N|\N|\N|\N|\N||\N|\N|\N|\N|\N|\N|\N|1784122548491
1||92358-06134-042|85318000|\N|\N|\N||\N|\N||\N|\N|||20260323|212050|20260715||2|\N|3|\N|\N|\N|\N|\N|\N|\N|\N|UN|\N|\N|\N|\N|\N|\N|\N|1784122548498
1||92358-06303-041|84831020|\N|\N|\N||\N|\N||\N|\N|||20260323|212050|20260715||2|\N|3|\N|\N|\N|\N|\N|\N|\N|\N|PC|\N|\N|\N|\N|\N|\N|\N|1784122548504
1||92361-03804-107|73141200|\N|\N|\N||\N|\N||\N|\N|||20260323|212050|20260715||2|\N|3|\N|\N|\N|\N|\N|\N|\N|\N|UN|\N|\N|\N|\N|\N|\N|\N|1784122548510
1||92361-05801-115|40169300|\N|\N|\N||\N|\N||\N|\N|||20260323|212050|20260715||2|\N|3|\N|\N|\N|\N|\N|\N|\N|\N|KG|\N|\N|\N|\N|\N|\N|\N|1784122548515
1||92366-02|88073000|\N|\N|\N||\N|\N||\N|\N|||20260323|212050|20260715||2|\N|3|\N|\N|\N|\N|\N|\N|\N|\N||\N|\N|\N|\N|\N|\N|\N|1784122548521
1||92400-02203-041|73269090|\N|\N|\N||\N|\N||\N|\N|||20260323|212050|20260715||2|\N|3|\N|\N|\N|\N|\N|\N|\N|\N||\N|\N|\N|\N|\N|\N|\N|1784122548527
1||92400-02800-108|90142090|\N|\N|\N||\N|\N||\N|\N|||20260323|212050|20260715||2|\N|3|\N|\N|\N|\N|\N|\N|\N|\N|UN|\N|\N|\N|\N|\N|\N|\N|1784122548534
1||92400-02800-109||\N|\N|\N||\N|\N||\N|\N|||20260323|212050|20260715||2|\N|3|\N|\N|\N|\N|\N|\N|\N|\N|KG|\N|\N|\N|\N|\N|\N|\N|1784122548539
1||92400-04400-047|88071000|\N|\N|\N||\N|\N||\N|\N|||20260323|212050|20260715||2|\N|3|\N|\N|\N|\N|\N|\N|\N|\N||\N|\N|\N|\N|\N|\N|\N|1784122548546
1||92400-04801-112|35069900|\N|\N|\N||\N|\N||\N|\N|||20260323|212050|20260715||2|\N|3|\N|\N|\N|\N|\N|\N|\N|\N|PC|\N|\N|\N|\N|\N|\N|\N|1784122548551
1||92400-04821-101|88071000|\N|\N|\N||\N|\N||\N|\N|||20260323|212050|20260715||2|\N|3|\N|\N|\N|\N|\N|\N|\N|\N|KG|\N|\N|\N|\N|\N|\N|\N|1784122548558
1||92410-06810-106|84122190|\N|\N|\N||\N|\N||\N|\N|||20260323|212050|20260715||2|\N|3|\N|\N|\N|\N|\N|\N|\N|\N||\N|\N|\N|\N|\N|\N|\N|1784122548563
1||92410-15800-114||\N|\N|\N||\N|\N||\N|\N|||20260323|212050|20260715||2|\N|3|\N|\N|\N|\N|\N|\N|\N|\N|UN|\N|\N|\N|\N|\N|\N|\N|1784122548569
1||92450-01087-042|88073000|\N|\N|\N||\N|\N||\N|\N|||20260323|212050|20260715||2|\N|3|\N|\N|\N|\N|\N|\N|\N|\N|PC|\N|\N|\N|\N|\N|\N|\N|1784122548576
1||92500-01213-042|84841000|\N|\N|\N||\N|\N||\N|\N|||20260323|212050|20260715||2|\N|3|\N|\N|\N|\N|\N|\N|\N|\N|KG|\N|\N|\N|\N|\N|\N|\N|1784122548581
1||92500-02113-107|84829910|\N|\N|\N||\N|\N||\N|\N|||20260323|212050|20260715||2|\N|3|\N|\N|\N|\N|\N|\N|\N|\N||\N|\N|\N|\N|\N|\N|\N|1784122548587
1||92500-02820-041|88073000|\N|\N|\N||\N|\N||\N|\N|||20260323|212050|20260715||2|\N|3|\N|\N|\N|\N|\N|\N|\N|\N||\N|\N|\N|\N|\N|\N|\N|1784122548593
1||92500-02900-103|85366990|\N|\N|\N||\N|\N||\N|\N|||20260323|212050|20260715||2|\N|3|\N|\N|\N|\N|\N|\N|\N|\N|PC|\N|\N|\N|\N|\N|\N|\N|1784122548599
1||92500-03414-101|73209000|\N|\N|\N||\N|\N||\N|\N|||20260323|212050|20260715||2|\N|3|\N|\N|\N|\N|\N|\N|\N|\N|KG|\N|\N|\N|\N|\N|\N|\N|1784122548605
1||92500-03430-101|88073000|\N|\N|\N||\N|\N||\N|\N|||20260323|212050|20260715||2|\N|3|\N|\N|\N|\N|\N|\N|\N|\N||\N|\N|\N|\N|\N|\N|\N|1784122548611
1||92500-03431-102||\N|\N|\N||\N|\N||\N|\N|||20260323|212050|20260715||2|\N|3|\N|\N|\N|\N|\N|\N|\N|\N||\N|\N|\N|\N|\N|\N|\N|1784122548617
1||92500-03435-044||\N|\N|\N||\N|\N||\N|\N|||20260323|212050|20260715||2|\N|3|\N|\N|\N|\N|\N|\N|\N|\N|PC|\N|\N|\N|\N|\N|\N|\N|1784122548623
1||92550-01806-102|85065090|\N|\N|\N||\N|\N||\N|\N|||20260323|212050|20260715||2|\N|3|\N|\N|\N|\N|\N|\N|\N|\N|UN|\N|\N|\N|\N|\N|\N|\N|1784122548628
1||92550-01807-101|85044030|\N|\N|\N||\N|\N||\N|\N|||20260323|212050|20260715||2|\N|3|\N|\N|\N|\N|\N|\N|\N|\N||\N|\N|\N|\N|\N|\N|\N|1784122548634
1||92550-01901-101|85392110|\N|\N|\N||\N|\N||\N|\N|||20260323|212050|20260715||2|\N|3|\N|\N|\N|\N|\N|\N|\N|\N||\N|\N|\N|\N|\N|\N|\N|1784122548640
1||92550-01901-103|85392190|\N|\N|\N||\N|\N||\N|\N|||20260323|212050|20260715||2|\N|3|\N|\N|\N|\N|\N|\N|\N|\N||\N|\N|\N|\N|\N|\N|\N|1784122548646
1||92550-02017-050||\N|\N|\N||\N|\N||\N|\N|||20260323|212050|20260715||2|\N|3|\N|\N|\N|\N|\N|\N|\N|\N||\N|\N|\N|\N|\N|\N|\N|1784122548651
1||92550-02301-044|85044090|\N|\N|\N||\N|\N||\N|\N|||20260323|212050|20260715||2|\N|3|\N|\N|\N|\N|\N|\N|\N|\N||\N|\N|\N|\N|\N|\N|\N|1784122548657
1||92550-02814-105||\N|\N|\N||\N|\N||\N|\N|||20260323|212050|20260715||2|\N|3|\N|\N|\N|\N|\N|\N|\N|\N|PC|\N|\N|\N|\N|\N|\N|\N|1784122548663
1||92550-02815-102|85389090|\N|\N|\N||\N|\N||\N|\N|||20260323|212050|20260715||2|\N|3|\N|\N|\N|\N|\N|\N|\N|\N|KG|\N|\N|\N|\N|\N|\N|\N|1784122548669
1||92550-03830-101|85392110|\N|\N|\N||\N|\N||\N|\N|||20260323|212050|20260715||2|\N|3|\N|\N|\N|\N|\N|\N|\N|\N|UN|\N|\N|\N|\N|\N|\N|\N|1784122548675
1||92550-11801-104|84159090|\N|\N|\N||\N|\N||\N|\N|||20260323|212050|20260715||2|\N|3|\N|\N|\N|\N|\N|\N|\N|\N|KG|\N|\N|\N|\N|\N|\N|\N|1784122548681
1||92599A010000|90268000|\N|\N|\N||\N|\N||\N|\N|||20260323|212050|20260715||2|\N|3|\N|\N|\N|\N|\N|\N|\N|\N|PC|\N|\N|\N|\N|\N|\N|\N|1784122548686
1||92600-01808-102|90142090|\N|\N|\N||\N|\N||\N|\N|||20260323|212050|20260715||2|\N|3|\N|\N|\N|\N|\N|\N|\N|\N|UN|\N|\N|\N|\N|\N|\N|\N|1784122548692
1||92600-01810-112|90318099|\N|\N|\N||\N|\N||\N|\N|||20260323|212050|20260715||2|\N|3|\N|\N|\N|\N|\N|\N|\N|\N||\N|\N|\N|\N|\N|\N|\N|1784122548698
1||92650-00810-101|73269090|\N|\N|\N||\N|\N||\N|\N|||20260323|212050|20260715||2|\N|3|\N|\N|\N|\N|\N|\N|\N|\N|PC|\N|\N|\N|\N|\N|\N|\N|1784122548703
1||92650-00811-102||\N|\N|\N||\N|\N||\N|\N|||20260323|212050|20260715||2|\N|3|\N|\N|\N|\N|\N|\N|\N|\N|KG|\N|\N|\N|\N|\N|\N|\N|1784122548709
1||92650-00811-104|84841000|\N|\N|\N||\N|\N||\N|\N|||20260323|212050|20260715||2|\N|3|\N|\N|\N|\N|\N|\N|\N|\N||\N|\N|\N|\N|\N|\N|\N|1784122548715
1||92650-00840-101|90262090|\N|\N|\N||\N|\N||\N|\N|||20260323|212050|20260715||2|\N|3|\N|\N|\N|\N|\N|\N|\N|\N|UN|\N|\N|\N|\N|\N|\N|\N|1784122548720
1||92650-02101-154|39172900|\N|\N|\N||\N|\N||\N|\N|||20260323|212050|20260715||2|\N|3|\N|\N|\N|\N|\N|\N|\N|\N|PC|\N|\N|\N|\N|\N|\N|\N|1784122548726
1||92650-02800-105|84119100|\N|\N|\N||\N|\N||\N|\N|||20260323|212050|20260715||2|\N|3|\N|\N|\N|\N|\N|\N|\N|\N|KG|\N|\N|\N|\N|\N|\N|\N|1784122548732
1||92650-02802-102|84122900|\N|\N|\N||\N|\N||\N|\N|||20260323|212050|20260715||2|\N|3|\N|\N|\N|\N|\N|\N|\N|\N|UN|\N|\N|\N|\N|\N|\N|\N|1784122548738
1||92650-04801-102|84119100|\N|\N|\N||\N|\N||\N|\N|||20260323|212050|20260715||2|\N|3|\N|\N|\N|\N|\N|\N|\N|\N|KG|\N|\N|\N|\N|\N|\N|\N|1784122548743
1||92650-04830-105||\N|\N|\N||\N|\N||\N|\N|||20260323|212051|20260715||2|\N|3|\N|\N|\N|\N|\N|\N|\N|\N||\N|\N|\N|\N|\N|\N|\N|1784122548749
1||92650-04900-101|84195090|\N|\N|\N||\N|\N||\N|\N|||20260323|212051|20260715||2|\N|3|\N|\N|\N|\N|\N|\N|\N|\N|UN|\N|\N|\N|\N|\N|\N|\N|1784122548755
1||92650-15811-101|84119100|\N|\N|\N||\N|\N||\N|\N|||20260323|212051|20260715||2|\N|3|\N|\N|\N|\N|\N|\N|\N|\N||\N|\N|\N|\N|\N|\N|\N|1784122548761
1||92650-15811-102|84133030|\N|\N|\N||\N|\N||\N|\N|||20260323|212051|20260715||2|\N|3|\N|\N|\N|\N|\N|\N|\N|\N||\N|\N|\N|\N|\N|\N|\N|1784122548767
1||92650-15820-102|84139190|\N|\N|\N||\N|\N||\N|\N|||20260323|212051|20260715||2|\N|3|\N|\N|\N|\N|\N|\N|\N|\N||\N|\N|\N|\N|\N|\N|\N|1784122548772
1||92700-10302-041|82055900|\N|\N|\N||\N|\N||\N|\N|||20260323|212051|20260715||2|\N|3|\N|\N|\N|\N|\N|\N|\N|\N|KG|\N|\N|\N|\N|\N|\N|\N|1784122548778
1||92700-10303-041||\N|\N|\N||\N|\N||\N|\N|||20260323|212051|20260715||2|\N|3|\N|\N|\N|\N|\N|\N|\N|\N||\N|\N|\N|\N|\N|\N|\N|1784122548788
1||92700-10310-041|82079000|\N|\N|\N||\N|\N||\N|\N|||20260323|212051|20260715||2|\N|3|\N|\N|\N|\N|\N|\N|\N|\N||\N|\N|\N|\N|\N|\N|\N|1784122548793
1||92700-10313-041||\N|\N|\N||\N|\N||\N|\N|||20260323|212051|20260715||2|\N|3|\N|\N|\N|\N|\N|\N|\N|\N||\N|\N|\N|\N|\N|\N|\N|1784122548799
1||92700-10325-041||\N|\N|\N||\N|\N||\N|\N|||20260323|212051|20260715||2|\N|3|\N|\N|\N|\N|\N|\N|\N|\N||\N|\N|\N|\N|\N|\N|\N|1784122548805
1||92700-10342-041|40091290|\N|\N|\N||\N|\N||\N|\N|||20260323|212051|20260715||2|\N|3|\N|\N|\N|\N|\N|\N|\N|\N||\N|\N|\N|\N|\N|\N|\N|1784122548811
1||92700-10358-043|84159090|\N|\N|\N||\N|\N||\N|\N|||20260323|212051|20260715||2|\N|3|\N|\N|\N|\N|\N|\N|\N|\N|PC|\N|\N|\N|\N|\N|\N|\N|1784122548820
1||92700-10370-012|84671110|\N|\N|\N||\N|\N||\N|\N|||20260323|212051|20260715||2|\N|3|\N|\N|\N|\N|\N|\N|\N|\N|UN|\N|\N|\N|\N|\N|\N|\N|1784122548828
1||92700-10370-014|84678900|\N|\N|\N||\N|\N||\N|\N|||20260323|212051|20260715||2|\N|3|\N|\N|\N|\N|\N|\N|\N|\N||\N|\N|\N|\N|\N|\N|\N|1784122548834
1||92700-10371-011|82075090|\N|\N|\N||\N|\N||\N|\N|||20260323|212051|20260715||2|\N|3|\N|\N|\N|\N|\N|\N|\N|\N|KG|\N|\N|\N|\N|\N|\N|\N|1784122548840
1||92850-08801-106|86090000|\N|\N|\N||\N|\N||\N|\N|||20260323|212051|20260715||2|\N|3|\N|\N|\N|\N|\N|\N|\N|\N|UN|\N|\N|\N|\N|\N|\N|\N|1784122548846
1||92850-08801-113|84289010|\N|\N|\N||\N|\N||\N|\N|||20260323|212051|20260715||2|\N|3|\N|\N|\N|\N|\N|\N|\N|\N||\N|\N|\N|\N|\N|\N|\N|1784122548851
1||92850-08801-114||\N|\N|\N||\N|\N||\N|\N|||20260323|212051|20260715||2|\N|3|\N|\N|\N|\N|\N|\N|\N|\N||\N|\N|\N|\N|\N|\N|\N|1784122548857
1||92900045019900|90262090|\N|\N|\N||\N|\N||\N|\N|||20260323|212051|20260715||2|\N|3|\N|\N|\N|\N|\N|\N|\N|\N|PC|\N|\N|\N|\N|\N|\N|\N|1784122548863
1||9303159||\N|\N|\N||\N|\N||\N|\N|||20260323|212051|20260715||2|\N|3|\N|\N|\N|\N|\N|\N|\N|\N||\N|\N|\N|\N|\N|\N|\N|1784122548869
1||931000410901|84198999|\N|\N|\N||\N|\N||\N|\N|||20260323|212051|20260715||2|\N|3|\N|\N|\N|\N|\N|\N|\N|\N||\N|\N|\N|\N|\N|\N|\N|1784122548874
1||9340001623|82089000|\N|\N|\N||\N|\N||\N|\N|||20260323|212051|20260715||2|\N|3|\N|\N|\N|\N|\N|\N|\N|\N||\N|\N|\N|\N|\N|\N|\N|1784122548880
1||9379353525|28030090|\N|\N|\N||\N|\N||\N|\N|||20260323|212051|20260715||2|\N|3|\N|\N|\N|\N|\N|\N|\N|\N||\N|\N|\N|\N|\N|\N|\N|1784122548886
1||940-0451-001|90268000|\N|\N|\N||\N|\N||\N|\N|||20260323|212051|20260715||2|\N|3|\N|\N|\N|\N|\N|\N|\N|\N|KG|\N|\N|\N|\N|\N|\N|\N|1784122548892
1||94316|88073000|\N|\N|\N||\N|\N||\N|\N|||20260323|212051|20260715||2|\N|3|\N|\N|\N|\N|\N|\N|\N|\N|PC|\N|\N|\N|\N|\N|\N|\N|1784122548898
1||9520010438|40169300|\N|\N|\N||\N|\N||\N|\N|||20260323|212051|20260715||2|\N|3|\N|\N|\N|\N|\N|\N|\N|\N|EA|\N|\N|\N|\N|\N|\N|\N|1784122548904
1||9550002200|84812090|\N|\N|\N||\N|\N||\N|\N|||20260323|212051|20260715||2|\N|3|\N|\N|\N|\N|\N|\N|\N|\N|UN|\N|\N|\N|\N|\N|\N|\N|1784122548909
1||9550163882|39269090|\N|\N|\N||\N|\N||\N|\N|||20260323|212051|20260715||2|\N|3|\N|\N|\N|\N|\N|\N|\N|\N|PC|\N|\N|\N|\N|\N|\N|\N|1784122548915
1||9550173480|90321090|\N|\N|\N||\N|\N||\N|\N|||20260323|212051|20260715||2|\N|3|\N|\N|\N|\N|\N|\N|\N|\N|UN|\N|\N|\N|\N|\N|\N|\N|1784122548921
1||9560166240|40169300|\N|\N|\N||\N|\N||\N|\N|||20260323|212051|20260715||2|\N|3|\N|\N|\N|\N|\N|\N|\N|\N|KG|\N|\N|\N|\N|\N|\N|\N|1784122548927
1||9560166910|84119100|\N|\N|\N||\N|\N||\N|\N|||20260323|212051|20260715||2|\N|3|\N|\N|\N|\N|\N|\N|\N|\N||\N|\N|\N|\N|\N|\N|\N|1784122548933
1||9560169680|73269090|\N|\N|\N||\N|\N||\N|\N|||20260323|212051|20260715||2|\N|3|\N|\N|\N|\N|\N|\N|\N|\N|PC|\N|\N|\N|\N|\N|\N|\N|1784122548938
1||9560171170|88073000|\N|\N|\N||\N|\N||\N|\N|||20260323|212051|20260715||2|\N|3|\N|\N|\N|\N|\N|\N|\N|\N|EA|\N|\N|\N|\N|\N|\N|\N|1784122548944
1||9560176570||\N|\N|\N||\N|\N||\N|\N|||20260323|212051|20260715||2|\N|3|\N|\N|\N|\N|\N|\N|\N|\N|KG|\N|\N|\N|\N|\N|\N|\N|1784122548950
1||9580114790|90142090|\N|\N|\N||\N|\N||\N|\N|||20260323|212051|20260715||2|\N|3|\N|\N|\N|\N|\N|\N|\N|\N|PC|\N|\N|\N|\N|\N|\N|\N|1784122548956
1||9580116440|90292010|\N|\N|\N||\N|\N||\N|\N|||20260323|212051|20260715||2|\N|3|\N|\N|\N|\N|\N|\N|\N|\N||\N|\N|\N|\N|\N|\N|\N|1784122548961
1||9599-607-18503|85176199|\N|\N|\N||\N|\N||\N|\N|||20260323|212051|20260715||2|\N|3|\N|\N|\N|\N|\N|\N|\N|\N||\N|\N|\N|\N|\N|\N|\N|1784122548967
1||96-027-7942-4|90212900|\N|\N|\N||\N|\N||\N|\N|||20260323|212051|20260715||2|\N|3|\N|\N|\N|\N|\N|\N|\N|\N||\N|\N|\N|\N|\N|\N|\N|1784122548973
1||96076-10A100|73269090|\N|\N|\N||\N|\N||\N|\N|||20260323|212051|20260715||2|\N|3|\N|\N|\N|\N|\N|\N|\N|\N|KG|\N|\N|\N|\N|\N|\N|\N|1784122548978
1||9649508005|83113000|\N|\N|\N||\N|\N||\N|\N|||20260323|212051|20260715||2|\N|3|\N|\N|\N|\N|\N|\N|\N|\N|PC|\N|\N|\N|\N|\N|\N|\N|1784122548984
1||96960|90142090|\N|\N|\N||\N|\N||\N|\N|||20260323|212051|20260715||2|\N|3|\N|\N|\N|\N|\N|\N|\N|\N||\N|\N|\N|\N|\N|\N|\N|1784122548990
1||96978|85065090|\N|\N|\N||\N|\N||\N|\N|||20260323|212051|20260715||2|\N|3|\N|\N|\N|\N|\N|\N|\N|\N||\N|\N|\N|\N|\N|\N|\N|1784122548996
1||971083-1-5V|85176199|\N|\N|\N||\N|\N||\N|\N|||20260323|212051|20260715||2|\N|3|\N|\N|\N|\N|\N|\N|\N|\N|UN|\N|\N|\N|\N|\N|\N|\N|1784122549002
1||97154-120|88072000|\N|\N|\N||\N|\N||\N|\N|||20260323|212051|20260715||2|\N|3|\N|\N|\N|\N|\N|\N|\N|\N|PC|\N|\N|\N|\N|\N|\N|\N|1784122549008
1||97154-121||\N|\N|\N||\N|\N||\N|\N|||20260323|212051|20260715||2|\N|3|\N|\N|\N|\N|\N|\N|\N|\N||\N|\N|\N|\N|\N|\N|\N|1784122549015
1||984-5320-001|90212900|\N|\N|\N||\N|\N||\N|\N|||20260323|212051|20260715||2|\N|3|\N|\N|\N|\N|\N|\N|\N|\N|KG|\N|\N|\N|\N|\N|\N|\N|1784122549021
1||985-0048-003|83100000|\N|\N|\N||\N|\N||\N|\N|||20260323|212051|20260715||2|\N|3|\N|\N|\N|\N|\N|\N|\N|\N||\N|\N|\N|\N|\N|\N|\N|1784122549027
1||99-9028-600|40169990|\N|\N|\N||\N|\N||\N|\N|||20260323|212051|20260715||2|\N|3|\N|\N|\N|\N|\N|\N|\N|\N|PC|\N|\N|\N|\N|\N|\N|\N|1784122549032
1||9913|90200010|\N|\N|\N||\N|\N||\N|\N|||20260323|212051|20260715||2|\N|3|\N|\N|\N|\N|\N|\N|\N|\N||\N|\N|\N|\N|\N|\N|\N|1784122549038
1||993503-008|88073000|\N|\N|\N||\N|\N||\N|\N|||20260323|212051|20260715||2|\N|3|\N|\N|\N|\N|\N|\N|\N|\N||\N|\N|\N|\N|\N|\N|\N|1784122549044
1||993503-056|40169300|\N|\N|\N||\N|\N||\N|\N|||20260323|212051|20260715||2|\N|3|\N|\N|\N|\N|\N|\N|\N|\N|KG|\N|\N|\N|\N|\N|\N|\N|1784122549050
1||993503-354|73269090|\N|\N|\N||\N|\N||\N|\N|||20260323|212051|20260715||2|\N|3|\N|\N|\N|\N|\N|\N|\N|\N|PC|\N|\N|\N|\N|\N|\N|\N|1784122549056
1||99537|88071000|\N|\N|\N||\N|\N||\N|\N|||20260323|212051|20260715||2|\N|3|\N|\N|\N|\N|\N|\N|\N|\N|KG|\N|\N|\N|\N|\N|\N|\N|1784122549061
1||99T26720-14B18|90019010|\N|\N|\N||\N|\N||\N|\N|||20260323|212051|20260715||2|\N|3|\N|\N|\N|\N|\N|\N|\N|\N||\N|\N|\N|\N|\N|\N|\N|1784122549067
1||9D1B|38159099|\N|\N|\N||\N|\N||\N|\N|||20260323|212051|20260715||2|\N|3|\N|\N|\N|\N|\N|\N|\N|\N|PC|\N|\N|\N|\N|\N|\N|\N|1784122549073
1||A-A59163|39100090|\N|\N|\N||\N|\N||\N|\N|||20260323|212051|20260715||2|\N|3|\N|\N|\N|\N|\N|\N|\N|\N||\N|\N|\N|\N|\N|\N|\N|1784122549079
1||A0339|85323090|\N|\N|\N||\N|\N||\N|\N|||20260323|212051|20260715||2|\N|3|\N|\N|\N|\N|\N|\N|\N|\N||\N|\N|\N|\N|\N|\N|\N|1784122549085
1||A1077F|85364100|\N|\N|\N||\N|\N||\N|\N|||20260323|212051|20260715||2|\N|3|\N|\N|\N|\N|\N|\N|\N|\N|UN|\N|\N|\N|\N|\N|\N|\N|1784122549091
1||A15418-7372I-D|82077090|\N|\N|\N||\N|\N||\N|\N|||20260323|212051|20260715||2|\N|3|\N|\N|\N|\N|\N|\N|\N|\N|PC|\N|\N|\N|\N|\N|\N|\N|1784122549097
1||A1600|84241000|\N|\N|\N||\N|\N||\N|\N|||20260323|212051|20260715||2|\N|3|\N|\N|\N|\N|\N|\N|\N|\N||\N|\N|\N|\N|\N|\N|\N|1784122549103
1||A2-100|84145990|\N|\N|\N||\N|\N||\N|\N|||20260323|212051|20260715||2|\N|3|\N|\N|\N|\N|\N|\N|\N|\N||\N|\N|\N|\N|\N|\N|\N|1784122549109
1||A24112066|88072000|\N|\N|\N||\N|\N||\N|\N|||20260323|212051|20260715||2|\N|3|\N|\N|\N|\N|\N|\N|\N|\N||\N|\N|\N|\N|\N|\N|\N|1784122549115
1||A301-61ACR|85229000|\N|\N|\N||\N|\N||\N|\N|||20260323|212051|20260715||2|\N|3|\N|\N|\N|\N|\N|\N|\N|\N||\N|\N|\N|\N|\N|\N|\N|1784122549121
1||A32909|63072000|\N|\N|\N||\N|\N||\N|\N|||20260323|212051|20260715||2|\N|3|\N|\N|\N|\N|\N|\N|\N|\N|KG|\N|\N|\N|\N|\N|\N|\N|1784122549127
1||A33506||\N|\N|\N||\N|\N||\N|\N|||20260323|212051|20260715||2|\N|3|\N|\N|\N|\N|\N|\N|\N|\N||\N|\N|\N|\N|\N|\N|\N|1784122549133
1||A33540||\N|\N|\N||\N|\N||\N|\N|||20260323|212051|20260715||2|\N|3|\N|\N|\N|\N|\N|\N|\N|\N||\N|\N|\N|\N|\N|\N|\N|1784122549139
1||A353A04|40169300|\N|\N|\N||\N|\N||\N|\N|||20260323|212051|20260715||2|\N|3|\N|\N|\N|\N|\N|\N|\N|\N||\N|\N|\N|\N|\N|\N|\N|1784122549144
1||A35628|85365090|\N|\N|\N||\N|\N||\N|\N|||20260323|212051|20260715||2|\N|3|\N|\N|\N|\N|\N|\N|\N|\N|UN|\N|\N|\N|\N|\N|\N|\N|1784122549150
1||A35981|39073029|\N|\N|\N||\N|\N||\N|\N|||20260323|212051|20260715||2|\N|3|\N|\N|\N|\N|\N|\N|\N|\N|PC|\N|\N|\N|\N|\N|\N|\N|1784122549156
1||A574A01-01|85469000|\N|\N|\N||\N|\N||\N|\N|||20260323|212051|20260715||2|\N|3|\N|\N|\N|\N|\N|\N|\N|\N||\N|\N|\N|\N|\N|\N|\N|1784122549163
1||A590-1|90328981|\N|\N|\N||\N|\N||\N|\N|||20260323|212051|20260715||2|\N|3|\N|\N|\N|\N|\N|\N|\N|\N|UN|\N|\N|\N|\N|\N|\N|\N|1784122549168
1||A596A07|85369090|\N|\N|\N||\N|\N||\N|\N|||20260323|212051|20260715||2|\N|3|\N|\N|\N|\N|\N|\N|\N|\N|PC|\N|\N|\N|\N|\N|\N|\N|1784122549174
1||A702|38249941|\N|\N|\N||\N|\N||\N|\N|||20260323|212051|20260715||2|\N|3|\N|\N|\N|\N|\N|\N|\N|\N|UN|\N|\N|\N|\N|\N|\N|\N|1784122549180
1||A864A0991E018T|76069200|\N|\N|\N||\N|\N||\N|\N|||20260323|212051|20260715||2|\N|3|\N|\N|\N|\N|\N|\N|\N|\N|PC|\N|\N|\N|\N|\N|\N|\N|1784122549186
1||A927C|85364100|\N|\N|\N||\N|\N||\N|\N|||20260323|212051|20260715||2|\N|3|\N|\N|\N|\N|\N|\N|\N|\N|EA|\N|\N|\N|\N|\N|\N|\N|1784122549192
1||AA52080B3BLK|56075011|\N|\N|\N||\N|\N||\N|\N|||20260323|212051|20260715||2|\N|3|\N|\N|\N|\N|\N|\N|\N|\N|PC|\N|\N|\N|\N|\N|\N|\N|1784122549198
1||ABRAÇADEIRA COP|39174090|\N|\N|\N||\N|\N||\N|\N|||20260323|212051|20260715||2|\N|3|\N|\N|\N|\N|\N|\N|\N|\N|UN|\N|\N|\N|\N|\N|\N|\N|1784122549203
1||AC70404|84212990|\N|\N|\N||\N|\N||\N|\N|||20260323|212051|20260715||2|\N|3|\N|\N|\N|\N|\N|\N|\N|\N||\N|\N|\N|\N|\N|\N|\N|1784122549209
1||AC9985F30Y2|84212301|\N|\N|\N||\N|\N||\N|\N|||20260323|212051|20260715||2|\N|3|\N|\N|\N|\N|\N|\N|\N|\N||\N|\N|\N|\N|\N|\N|\N|1784122549215
1||ACF-50|34039900|\N|\N|\N||\N|\N||\N|\N|||20260323|212051|20260715||2|\N|3|\N|\N|\N|\N|\N|\N|\N|\N|EA|\N|\N|\N|\N|\N|\N|\N|1784122549221
1||ACIDBRUSHI1-2|88073000|\N|\N|\N||\N|\N||\N|\N|||20260323|212051|20260715||2|\N|3|\N|\N|\N|\N|\N|\N|\N|\N|PC|\N|\N|\N|\N|\N|\N|\N|1784122549226
1||ACR1916|85318000|\N|\N|\N||\N|\N||\N|\N|||20260323|212051|20260715||2|\N|3|\N|\N|\N|\N|\N|\N|\N|\N||\N|\N|\N|\N|\N|\N|\N|1784122549232
1||ADAPTENERG|85366990|\N|\N|\N||\N|\N||\N|\N|||20260323|212051|20260715||2|\N|3|\N|\N|\N|\N|\N|\N|\N|\N|LT|\N|\N|\N|\N|\N|\N|\N|1784122549238
1||AE1010727G0153|39173900|\N|\N|\N||\N|\N||\N|\N|||20260323|212051|20260715||2|\N|3|\N|\N|\N|\N|\N|\N|\N|\N|PC|\N|\N|\N|\N|\N|\N|\N|1784122549244
1||AE71293H|84139190|\N|\N|\N||\N|\N||\N|\N|||20260323|212051|20260715||2|\N|3|\N|\N|\N|\N|\N|\N|\N|\N||\N|\N|\N|\N|\N|\N|\N|1784122549250
1||AER0600|34029039|\N|\N|\N||\N|\N||\N|\N|||20260323|212051|20260715||2|\N|3|\N|\N|\N|\N|\N|\N|\N|\N||\N|\N|\N|\N|\N|\N|\N|1784122549255
1||AG282000-03|40169300|\N|\N|\N||\N|\N||\N|\N|||20260323|212051|20260715||2|\N|3|\N|\N|\N|\N|\N|\N|\N|\N|KG|\N|\N|\N|\N|\N|\N|\N|1784122549261
1||AHSE51610-101|73269090|\N|\N|\N||\N|\N||\N|\N|||20260323|212051|20260715||2|\N|3|\N|\N|\N|\N|\N|\N|\N|\N||\N|\N|\N|\N|\N|\N|\N|1784122549267
1||AHSE52728-009|88073000|\N|\N|\N||\N|\N||\N|\N|||20260323|212051|20260715||2|\N|3|\N|\N|\N|\N|\N|\N|\N|\N|UN|\N|\N|\N|\N|\N|\N|\N|1784122549274
1||AHSE53848-001|39269090|\N|\N|\N||\N|\N||\N|\N|||20260323|212051|20260715||2|\N|3|\N|\N|\N|\N|\N|\N|\N|\N|PC|\N|\N|\N|\N|\N|\N|\N|1784122549280
1||AI5150CX4|88073000|\N|\N|\N||\N|\N||\N|\N|||20260323|212051|20260715||2|\N|3|\N|\N|\N|\N|\N|\N|\N|\N|KG|\N|\N|\N|\N|\N|\N|\N|1784122549285
1||AIR-PWRRINJ4|63079090|\N|\N|\N||\N|\N||\N|\N|||20260323|212051|20260715||2|\N|3|\N|\N|\N|\N|\N|\N|\N|\N|EA|\N|\N|\N|\N|\N|\N|\N|1784122549291
1||AJW3-35|39269090|\N|\N|\N||\N|\N||\N|\N|||20260323|212051|20260715||2|\N|3|\N|\N|\N|\N|\N|\N|\N|\N|KG|\N|\N|\N|\N|\N|\N|\N|1784122549297
1||AKM30150BLUE||\N|\N|\N||\N|\N||\N|\N|||20260323|212051|20260715||2|\N|3|\N|\N|\N|\N|\N|\N|\N|\N|PK|\N|\N|\N|\N|\N|\N|\N|1784122549303
1||ALDRAVES|73269090|\N|\N|\N||\N|\N||\N|\N|||20260323|212051|20260715||2|\N|3|\N|\N|\N|\N|\N|\N|\N|\N||\N|\N|\N|\N|\N|\N|\N|1784122549309
1||ALG 981-9|42032900|\N|\N|\N||\N|\N||\N|\N|||20260323|212051|20260715||2|\N|3|\N|\N|\N|\N|\N|\N|\N|\N|EA|\N|\N|\N|\N|\N|\N|\N|1784122549315
1||ALODINE1200S|76169900|\N|\N|\N||\N|\N||\N|\N|||20260323|212051|20260715||2|\N|3|\N|\N|\N|\N|\N|\N|\N|\N|UN|\N|\N|\N|\N|\N|\N|\N|1784122549320
1||ALT 15F25|85131010|\N|\N|\N||\N|\N||\N|\N|||20260323|212051|20260715||2|\N|3|\N|\N|\N|\N|\N|\N|\N|\N||\N|\N|\N|\N|\N|\N|\N|1784122549326
1||ALTUFIXP10-1L|35061090|\N|\N|\N||\N|\N||\N|\N|||20260323|212051|20260715||2|\N|3|\N|\N|\N|\N|\N|\N|\N|\N||\N|\N|\N|\N|\N|\N|\N|1784122549332
1||AMBERCLENS|34029039|\N|\N|\N||\N|\N||\N|\N|||20260323|212051|20260715||2|\N|3|\N|\N|\N|\N|\N|\N|\N|\N||\N|\N|\N|\N|\N|\N|\N|1784122549338
1||AMM0101-1|28142000|\N|\N|\N||\N|\N||\N|\N|||20260323|212051|20260715||2|\N|3|\N|\N|\N|\N|\N|\N|\N|\N||\N|\N|\N|\N|\N|\N|\N|1784122549344
1||AMOSTRA DE LIMA|90212900|\N|\N|\N||\N|\N||\N|\N|||20260323|212051|20260715||2|\N|3|\N|\N|\N|\N|\N|\N|\N|\N|KG|\N|\N|\N|\N|\N|\N|\N|1784122549350
1||AMOSTRA DE OLEO|27101932|\N|\N|\N||\N|\N||\N|\N|||20260323|212051|20260715||2|\N|3|\N|\N|\N|\N|\N|\N|\N|\N||\N|\N|\N|\N|\N|\N|\N|1784122549356
1||AMS5517-020|73269090|\N|\N|\N||\N|\N||\N|\N|||20260323|212051|20260715||2|\N|3|\N|\N|\N|\N|\N|\N|\N|\N|PC|\N|\N|\N|\N|\N|\N|\N|1784122549361
1||AN821-4D||\N|\N|\N||\N|\N||\N|\N|||20260323|212051|20260715||2|\N|3|\N|\N|\N|\N|\N|\N|\N|\N||\N|\N|\N|\N|\N|\N|\N|1784122549367
1||AN919-3J||\N|\N|\N||\N|\N||\N|\N|||20260323|212051|20260715||2|\N|3|\N|\N|\N|\N|\N|\N|\N|\N||\N|\N|\N|\N|\N|\N|\N|1784122549373
1||ANAYLSIS|39269090|\N|\N|\N||\N|\N||\N|\N|||20260323|212051|20260715||2|\N|3|\N|\N|\N|\N|\N|\N|\N|\N|UN|\N|\N|\N|\N|\N|\N|\N|1784122549379
1||ANS5320CM100E|90212900|\N|\N|\N||\N|\N||\N|\N|||20260323|212051|20260715||2|\N|3|\N|\N|\N|\N|\N|\N|\N|\N|PC|\N|\N|\N|\N|\N|\N|\N|1784122549386
1||AQ5|73269090|\N|\N|\N||\N|\N||\N|\N|||20260323|212051|20260715||2|\N|3|\N|\N|\N|\N|\N|\N|\N|\N||\N|\N|\N|\N|\N|\N|\N|1784122549391
1||AR1599|90278999|\N|\N|\N||\N|\N||\N|\N|||20260323|212051|20260715||2|\N|3|\N|\N|\N|\N|\N|\N|\N|\N||\N|\N|\N|\N|\N|\N|\N|1784122549397
1||ARDR0X3961|38249941|\N|\N|\N||\N|\N||\N|\N|||20260323|212051|20260715||2|\N|3|\N|\N|\N|\N|\N|\N|\N|\N|LT|\N|\N|\N|\N|\N|\N|\N|1784122549403
1||ARMARIO DE MET|94032010|\N|\N|\N||\N|\N||\N|\N|||20260323|212051|20260715||2|\N|3|\N|\N|\N|\N|\N|\N|\N|\N|PC|\N|\N|\N|\N|\N|\N|\N|1784122549409
1||ARMAÇÃO TIPO R|90212900|\N|\N|\N||\N|\N||\N|\N|||20260323|212051|20260715||2|\N|3|\N|\N|\N|\N|\N|\N|\N|\N|UN|\N|\N|\N|\N|\N|\N|\N|1784122549415
1||ART2-4-100|90308990|\N|\N|\N||\N|\N||\N|\N|||20260323|212051|20260715||2|\N|3|\N|\N|\N|\N|\N|\N|\N|\N|EA|\N|\N|\N|\N|\N|\N|\N|1784122549420
1||AS1097-12|40169300|\N|\N|\N||\N|\N||\N|\N|||20260323|212051|20260715||2|\N|3|\N|\N|\N|\N|\N|\N|\N|\N|PC|\N|\N|\N|\N|\N|\N|\N|1784122549426
1||AS16408|94019900|\N|\N|\N||\N|\N||\N|\N|||20260323|212051|20260715||2|\N|3|\N|\N|\N|\N|\N|\N|\N|\N||\N|\N|\N|\N|\N|\N|\N|1784122549432
1||AS3209-015|39269090|\N|\N|\N||\N|\N||\N|\N|||20260323|212051|20260715||2|\N|3|\N|\N|\N|\N|\N|\N|\N|\N||\N|\N|\N|\N|\N|\N|\N|1784122549437
1||AS92100-103|35069900|\N|\N|\N||\N|\N||\N|\N|||20260323|212051|20260715||2|\N|3|\N|\N|\N|\N|\N|\N|\N|\N|KG|\N|\N|\N|\N|\N|\N|\N|1784122549443
1||ASH33CTG|27101931|\N|\N|\N||\N|\N||\N|\N|||20260323|212051|20260715||2|\N|3|\N|\N|\N|\N|\N|\N|\N|\N|PC|\N|\N|\N|\N|\N|\N|\N|1784122549449
1||ASN52320CM060E|90212900|\N|\N|\N||\N|\N||\N|\N|||20260323|212051|20260715||2|\N|3|\N|\N|\N|\N|\N|\N|\N|\N|KG|\N|\N|\N|\N|\N|\N|\N|1784122549455
1||ASNA3104-8652|76169900|\N|\N|\N||\N|\N||\N|\N|||20260323|212051|20260715||2|\N|3|\N|\N|\N|\N|\N|\N|\N|\N||\N|\N|\N|\N|\N|\N|\N|1784122549460
1||AT420000|88073000|\N|\N|\N||\N|\N||\N|\N|||20260323|212051|20260715||2|\N|3|\N|\N|\N|\N|\N|\N|\N|\N|PC|\N|\N|\N|\N|\N|\N|\N|1784122549466
1||ATADURA|30051020|\N|\N|\N||\N|\N||\N|\N|||20260323|212051|20260715||2|\N|3|\N|\N|\N|\N|\N|\N|\N|\N|UN|\N|\N|\N|\N|\N|\N|\N|1784122549472
1||ATG 53124|96039000|\N|\N|\N||\N|\N||\N|\N|||20260323|212051|20260715||2|\N|3|\N|\N|\N|\N|\N|\N|\N|\N|PC|\N|\N|\N|\N|\N|\N|\N|1784122549478
1||AUTOMÁTICO|90261029|\N|\N|\N||\N|\N||\N|\N|||20260323|212051|20260715||2|\N|3|\N|\N|\N|\N|\N|\N|\N|\N||\N|\N|\N|\N|\N|\N|\N|1784122549483
1||AW001SHB09020T|88071000|\N|\N|\N||\N|\N||\N|\N|||20260323|212051|20260715||2|\N|3|\N|\N|\N|\N|\N|\N|\N|\N|UN|\N|\N|\N|\N|\N|\N|\N|1784122549489
1||AW007TE30-113||\N|\N|\N||\N|\N||\N|\N|||20260323|212051|20260715||2|\N|3|\N|\N|\N|\N|\N|\N|\N|\N|KG|\N|\N|\N|\N|\N|\N|\N|1784122549495
1||AWN76060|56031410|\N|\N|\N||\N|\N||\N|\N|||20260323|212051|20260715||2|\N|3|\N|\N|\N|\N|\N|\N|\N|\N|UN|\N|\N|\N|\N|\N|\N|\N|1784122549502
1||B13269-1|73110000|\N|\N|\N||\N|\N||\N|\N|||20260323|212051|20260715||2|\N|3|\N|\N|\N|\N|\N|\N|\N|\N|KG|\N|\N|\N|\N|\N|\N|\N|1784122549507
1||B18-945-32-28-1|88071000|\N|\N|\N||\N|\N||\N|\N|||20260323|212051|20260715||2|\N|3|\N|\N|\N|\N|\N|\N|\N|\N||\N|\N|\N|\N|\N|\N|\N|1784122549513
1||B1894522284DN|91069000|\N|\N|\N||\N|\N||\N|\N|||20260323|212051|20260715||2|\N|3|\N|\N|\N|\N|\N|\N|\N|\N|UN|\N|\N|\N|\N|\N|\N|\N|1784122549522
1||B360-00362SAC|88073000|\N|\N|\N||\N|\N||\N|\N|||20260323|212051|20260715||2|\N|3|\N|\N|\N|\N|\N|\N|\N|\N|PC|\N|\N|\N|\N|\N|\N|\N|1784122549528
1||B376-00134|84119100|\N|\N|\N||\N|\N||\N|\N|||20260323|212051|20260715||2|\N|3|\N|\N|\N|\N|\N|\N|\N|\N||\N|\N|\N|\N|\N|\N|\N|1784122549535
1||B444-00111|88071000|\N|\N|\N||\N|\N||\N|\N|||20260323|212051|20260715||2|\N|3|\N|\N|\N|\N|\N|\N|\N|\N||\N|\N|\N|\N|\N|\N|\N|1784122549545
1||BA51012GR3|84241000|\N|\N|\N||\N|\N||\N|\N|||20260323|212051|20260715||2|\N|3|\N|\N|\N|\N|\N|\N|\N|\N|UN|\N|\N|\N|\N|\N|\N|\N|1784122549551
1||BA76A1|84145990|\N|\N|\N||\N|\N||\N|\N|||20260323|212051|20260715||2|\N|3|\N|\N|\N|\N|\N|\N|\N|\N|EA|\N|\N|\N|\N|\N|\N|\N|1784122549559
1||BACKPACK|42022900|\N|\N|\N||\N|\N||\N|\N|||20260323|212051|20260715||2|\N|3|\N|\N|\N|\N|\N|\N|\N|\N||\N|\N|\N|\N|\N|\N|\N|1784122549565
1||BAGGAGECART|94032090|\N|\N|\N||\N|\N||\N|\N|||20260323|212051|20260715||2|\N|3|\N|\N|\N|\N|\N|\N|\N|\N|UN|\N|\N|\N|\N|\N|\N|\N|1784122549570
1||BALANÇA DIGITAL|84233090|\N|\N|\N||\N|\N||\N|\N|||20260323|212051|20260715||2|\N|3|\N|\N|\N|\N|\N|\N|\N|\N||\N|\N|\N|\N|\N|\N|\N|1784122549576
1||BALCÃO|90212900|\N|\N|\N||\N|\N||\N|\N|||20260323|212051|20260715||2|\N|3|\N|\N|\N|\N|\N|\N|\N|\N||\N|\N|\N|\N|\N|\N|\N|1784122549582
1||BARNA|88073000|\N|\N|\N||\N|\N||\N|\N|||20260323|212051|20260715||2|\N|3|\N|\N|\N|\N|\N|\N|\N|\N||\N|\N|\N|\N|\N|\N|\N|1784122549588
1||BAS76-200G|84148019|\N|\N|\N||\N|\N||\N|\N|||20260323|212051|20260715||2|\N|3|\N|\N|\N|\N|\N|\N|\N|\N|PC|\N|\N|\N|\N|\N|\N|\N|1784122549595
1||BB32EZ06US|38089299|\N|\N|\N||\N|\N||\N|\N|||20260323|212051|20260715||2|\N|3|\N|\N|\N|\N|\N|\N|\N|\N||\N|\N|\N|\N|\N|\N|\N|1784122549600
1||BDS200|82041200|\N|\N|\N||\N|\N||\N|\N|||20260323|212051|20260715||2|\N|3|\N|\N|\N|\N|\N|\N|\N|\N||\N|\N|\N|\N|\N|\N|\N|1784122549606
1||BDS3115-010C|40169300|\N|\N|\N||\N|\N||\N|\N|||20260323|212051|20260715||2|\N|3|\N|\N|\N|\N|\N|\N|\N|\N||\N|\N|\N|\N|\N|\N|\N|1784122549612
1||BHC1181|88071000|\N|\N|\N||\N|\N||\N|\N|||20260323|212051|20260715||2|\N|3|\N|\N|\N|\N|\N|\N|\N|\N||\N|\N|\N|\N|\N|\N|\N|1784122549620
1||BHL-COMP1637-00||\N|\N|\N||\N|\N||\N|\N|||20260323|212051|20260715||2|\N|3|\N|\N|\N|\N|\N|\N|\N|\N||\N|\N|\N|\N|\N|\N|\N|1784122549625
1||BK5600|90268000|\N|\N|\N||\N|\N||\N|\N|||20260323|212051|20260715||2|\N|3|\N|\N|\N|\N|\N|\N|\N|\N|UN|\N|\N|\N|\N|\N|\N|\N|1784122549631
1||BKH-300|84233090|\N|\N|\N||\N|\N||\N|\N|||20260323|212051|20260715||2|\N|3|\N|\N|\N|\N|\N|\N|\N|\N|EA|\N|\N|\N|\N|\N|\N|\N|1784122549637
1||BLB60100|54071029|\N|\N|\N||\N|\N||\N|\N|||20260323|212051|20260715||2|\N|3|\N|\N|\N|\N|\N|\N|\N|\N|UN|\N|\N|\N|\N|\N|\N|\N|1784122549643
1||BML185|85131090|\N|\N|\N||\N|\N||\N|\N|||20260323|212051|20260715||2|\N|3|\N|\N|\N|\N|\N|\N|\N|\N|EA|\N|\N|\N|\N|\N|\N|\N|1784122549649
1||BOLSA MALOTE|94032090|\N|\N|\N||\N|\N||\N|\N|||20260323|212051|20260715||2|\N|3|\N|\N|\N|\N|\N|\N|\N|\N|UN|\N|\N|\N|\N|\N|\N|\N|1784122549655
1||BONÉ DE SEGURAN|84133090|\N|\N|\N||\N|\N||\N|\N|||20260323|212051|20260715||2|\N|3|\N|\N|\N|\N|\N|\N|\N|\N||\N|\N|\N|\N|\N|\N|\N|1784122549661
1||BP394|85365090|\N|\N|\N||\N|\N||\N|\N|||20260323|212051|20260715||2|\N|3|\N|\N|\N|\N|\N|\N|\N|\N||\N|\N|\N|\N|\N|\N|\N|1784122549667
1||BR1072|88073000|\N|\N|\N||\N|\N||\N|\N|||20260323|212051|20260715||2|\N|3|\N|\N|\N|\N|\N|\N|\N|\N|PC|\N|\N|\N|\N|\N|\N|\N|1784122549673
1||BRUSHACID5-3-4I|96034090|\N|\N|\N||\N|\N||\N|\N|||20260323|212051|20260715||2|\N|3|\N|\N|\N|\N|\N|\N|\N|\N||\N|\N|\N|\N|\N|\N|\N|1784122549679
1||BTM400PLUS|90303990|\N|\N|\N||\N|\N||\N|\N|||20260323|212051|20260715||2|\N|3|\N|\N|\N|\N|\N|\N|\N|\N||\N|\N|\N|\N|\N|\N|\N|1784122549684
1||BWT10-3160070D|73269090|\N|\N|\N||\N|\N||\N|\N|||20260323|212051|20260715||2|\N|3|\N|\N|\N|\N|\N|\N|\N|\N||\N|\N|\N|\N|\N|\N|\N|1784122549690
1||C10|40161090|\N|\N|\N||\N|\N||\N|\N|||20260323|212051|20260715||2|\N|3|\N|\N|\N|\N|\N|\N|\N|\N||\N|\N|\N|\N|\N|\N|\N|1784122549696
1||C147-00902|88073000|\N|\N|\N||\N|\N||\N|\N|||20260323|212051|20260715||2|\N|3|\N|\N|\N|\N|\N|\N|\N|\N||\N|\N|\N|\N|\N|\N|\N|1784122549702
1||C149366-2-003|84159090|\N|\N|\N||\N|\N||\N|\N|||20260323|212051|20260715||2|\N|3|\N|\N|\N|\N|\N|\N|\N|\N||\N|\N|\N|\N|\N|\N|\N|1784122549707
1||C156805-1|90142090|\N|\N|\N||\N|\N||\N|\N|||20260323|212051|20260715||2|\N|3|\N|\N|\N|\N|\N|\N|\N|\N|UN|\N|\N|\N|\N|\N|\N|\N|1784122549713
1||C16196AB|90321090|\N|\N|\N||\N|\N||\N|\N|||20260323|212051|20260715||2|\N|3|\N|\N|\N|\N|\N|\N|\N|\N||\N|\N|\N|\N|\N|\N|\N|1784122549719
1||C17027CA01|90142090|\N|\N|\N||\N|\N||\N|\N|||20260323|212051|20260715||2|\N|3|\N|\N|\N|\N|\N|\N|\N|\N||\N|\N|\N|\N|\N|\N|\N|1784122549728
1||C23954-106|84839000|\N|\N|\N||\N|\N||\N|\N|||20260323|212051|20260715||2|\N|3|\N|\N|\N|\N|\N|\N|\N|\N|PC|\N|\N|\N|\N|\N|\N|\N|1784122549734
1||C3BE4817A31|85318000|\N|\N|\N||\N|\N||\N|\N|||20260323|212051|20260715||2|\N|3|\N|\N|\N|\N|\N|\N|\N|\N|UN|\N|\N|\N|\N|\N|\N|\N|1784122549740
1||CA4398|40151200|\N|\N|\N||\N|\N||\N|\N|||20260323|212051|20260715||2|\N|3|\N|\N|\N|\N|\N|\N|\N|\N|PC|\N|\N|\N|\N|\N|\N|\N|1784122549746
1||CA8110A-B|39199090|\N|\N|\N||\N|\N||\N|\N|||20260323|212051|20260715||2|\N|3|\N|\N|\N|\N|\N|\N|\N|\N|UN|\N|\N|\N|\N|\N|\N|\N|1784122549752
1||CADEIRA IGNITIO|90212900|\N|\N|\N||\N|\N||\N|\N|||20260323|212051|20260715||2|\N|3|\N|\N|\N|\N|\N|\N|\N|\N|PC|\N|\N|\N|\N|\N|\N|\N|1784122549758
1||CAIXA HIDRANTE|73269090|\N|\N|\N||\N|\N||\N|\N|||20260323|212051|20260715||2|\N|3|\N|\N|\N|\N|\N|\N|\N|\N|PR|\N|\N|\N|\N|\N|\N|\N|1784122549764
1||CAIXINHA IMPRES|48191000|\N|\N|\N||\N|\N||\N|\N|||20260323|212051|20260715||2|\N|3|\N|\N|\N|\N|\N|\N|\N|\N|UN|\N|\N|\N|\N|\N|\N|\N|1784122549769
1||CAMISA POLO|62052000|\N|\N|\N||\N|\N||\N|\N|||20260323|212051|20260715||2|\N|3|\N|\N|\N|\N|\N|\N|\N|\N||\N|\N|\N|\N|\N|\N|\N|1784122549775
1||CAPACETE|65061000|\N|\N|\N||\N|\N||\N|\N|||20260323|212051|20260715||2|\N|3|\N|\N|\N|\N|\N|\N|\N|\N||\N|\N|\N|\N|\N|\N|\N|1784122549781
1||CAPIPAD2|39269090|\N|\N|\N||\N|\N||\N|\N|||20260323|212051|20260715||2|\N|3|\N|\N|\N|\N|\N|\N|\N|\N||\N|\N|\N|\N|\N|\N|\N|1784122549787
1||CATTEC|49111010|\N|\N|\N||\N|\N||\N|\N|||20260323|212051|20260715||2|\N|3|\N|\N|\N|\N|\N|\N|\N|\N|PC|\N|\N|\N|\N|\N|\N|\N|1784122549792
1||CCY42HP|85361000|\N|\N|\N||\N|\N||\N|\N|||20260323|212051|20260715||2|\N|3|\N|\N|\N|\N|\N|\N|\N|\N||\N|\N|\N|\N|\N|\N|\N|1784122549798
1||CD6|39269090|\N|\N|\N||\N|\N||\N|\N|||20260323|212051|20260715||2|\N|3|\N|\N|\N|\N|\N|\N|\N|\N||\N|\N|\N|\N|\N|\N|\N|1784122549804
1||CDR BHC2NY|65061000|\N|\N|\N||\N|\N||\N|\N|||20260323|212051|20260715||2|\N|3|\N|\N|\N|\N|\N|\N|\N|\N||\N|\N|\N|\N|\N|\N|\N|1784122549810
1||CDR CA11178-CHC|63072000|\N|\N|\N||\N|\N||\N|\N|||20260323|212051|20260715||2|\N|3|\N|\N|\N|\N|\N|\N|\N|\N||\N|\N|\N|\N|\N|\N|\N|1784122549817
1||CDR FPL6E4|65061000|\N|\N|\N||\N|\N||\N|\N|||20260323|212051|20260715||2|\N|3|\N|\N|\N|\N|\N|\N|\N|\N||\N|\N|\N|\N|\N|\N|\N|1784122549823
1||CDR HBC2RD||\N|\N|\N||\N|\N||\N|\N|||20260323|212052|20260715||2|\N|3|\N|\N|\N|\N|\N|\N|\N|\N||\N|\N|\N|\N|\N|\N|\N|1784122549829
1||CDRHB2NY||\N|\N|\N||\N|\N||\N|\N|||20260323|212052|20260715||2|\N|3|\N|\N|\N|\N|\N|\N|\N|\N||\N|\N|\N|\N|\N|\N|\N|1784122549835
1||CDRHBC2NY|88073000|\N|\N|\N||\N|\N||\N|\N|||20260323|212052|20260715||2|\N|3|\N|\N|\N|\N|\N|\N|\N|\N|EA|\N|\N|\N|\N|\N|\N|\N|1784122549842
1||CE1||\N|\N|\N||\N|\N||\N|\N|||20260323|212052|20260715||2|\N|3|\N|\N|\N|\N|\N|\N|\N|\N||\N|\N|\N|\N|\N|\N|\N|1784122549848
1||CE11||\N|\N|\N||\N|\N||\N|\N|||20260323|212052|20260715||2|\N|3|\N|\N|\N|\N|\N|\N|\N|\N||\N|\N|\N|\N|\N|\N|\N|1784122549854
1||CE831|84159090|\N|\N|\N||\N|\N||\N|\N|||20260323|212052|20260715||2|\N|3|\N|\N|\N|\N|\N|\N|\N|\N||\N|\N|\N|\N|\N|\N|\N|1784122549860
1||CEL2100100|90318099|\N|\N|\N||\N|\N||\N|\N|||20260323|212052|20260715||2|\N|3|\N|\N|\N|\N|\N|\N|\N|\N|CJ|\N|\N|\N|\N|\N|\N|\N|1784122549865
1||CEL99221000|82055900|\N|\N|\N||\N|\N||\N|\N|||20260323|212052|20260715||2|\N|3|\N|\N|\N|\N|\N|\N|\N|\N|EA|\N|\N|\N|\N|\N|\N|\N|1784122549871
1||CEL99221011|90318099|\N|\N|\N||\N|\N||\N|\N|||20260323|212052|20260715||2|\N|3|\N|\N|\N|\N|\N|\N|\N|\N|PC|\N|\N|\N|\N|\N|\N|\N|1784122549877
1||CF19|84713019|\N|\N|\N||\N|\N||\N|\N|||20260323|212052|20260715||2|\N|3|\N|\N|\N|\N|\N|\N|\N|\N|UN|\N|\N|\N|\N|\N|\N|\N|1784122549883
1||CH34758-3|73182300|\N|\N|\N||\N|\N||\N|\N|||20260323|212052|20260715||2|\N|3|\N|\N|\N|\N|\N|\N|\N|\N|KG|\N|\N|\N|\N|\N|\N|\N|1784122549889
1||CHUKING 0 1280|82055900|\N|\N|\N||\N|\N||\N|\N|||20260323|212052|20260715||2|\N|3|\N|\N|\N|\N|\N|\N|\N|\N|PC|\N|\N|\N|\N|\N|\N|\N|1784122549895
1||CINTA LOMBAR|90212900|\N|\N|\N||\N|\N||\N|\N|||20260323|212052|20260715||2|\N|3|\N|\N|\N|\N|\N|\N|\N|\N|UN|\N|\N|\N|\N|\N|\N|\N|1784122549901
1||CLAVICULÁRIO|88073000|\N|\N|\N||\N|\N||\N|\N|||20260323|212052|20260715||2|\N|3|\N|\N|\N|\N|\N|\N|\N|\N||\N|\N|\N|\N|\N|\N|\N|1784122549907
1||CM0571081|38151900|\N|\N|\N||\N|\N||\N|\N|||20260323|212052|20260715||2|\N|3|\N|\N|\N|\N|\N|\N|\N|\N|PC|\N|\N|\N|\N|\N|\N|\N|1784122549913
1||CN0528|85234920|\N|\N|\N||\N|\N||\N|\N|||20260323|212052|20260715||2|\N|3|\N|\N|\N|\N|\N|\N|\N|\N||\N|\N|\N|\N|\N|\N|\N|1784122549919
1||COBERTURA|88073000|\N|\N|\N||\N|\N||\N|\N|||20260323|212052|20260715||2|\N|3|\N|\N|\N|\N|\N|\N|\N|\N||\N|\N|\N|\N|\N|\N|\N|1784122549925
1||CONE SINALIZAÇÃ|90212900|\N|\N|\N||\N|\N||\N|\N|||20260323|212052|20260715||2|\N|3|\N|\N|\N|\N|\N|\N|\N|\N|UN|\N|\N|\N|\N|\N|\N|\N|1784122549931
1||CORDÃO PERSONAL|85073090|\N|\N|\N||\N|\N||\N|\N|||20260323|212052|20260715||2|\N|3|\N|\N|\N|\N|\N|\N|\N|\N||\N|\N|\N|\N|\N|\N|\N|1784122549937
1||CPG KRP6048|48239099|\N|\N|\N||\N|\N||\N|\N|||20260323|212052|20260715||2|\N|3|\N|\N|\N|\N|\N|\N|\N|\N|KG|\N|\N|\N|\N|\N|\N|\N|1784122549944
1||CPN952-218|84248990|\N|\N|\N||\N|\N||\N|\N|||20260323|212052|20260715||2|\N|3|\N|\N|\N|\N|\N|\N|\N|\N|PC|\N|\N|\N|\N|\N|\N|\N|1784122549950
1||CPN952-238|84798991|\N|\N|\N||\N|\N||\N|\N|||20260323|212052|20260715||2|\N|3|\N|\N|\N|\N|\N|\N|\N|\N||\N|\N|\N|\N|\N|\N|\N|1784122549956
1||CR1976A1|85299019|\N|\N|\N||\N|\N||\N|\N|||20260323|212052|20260715||2|\N|3|\N|\N|\N|\N|\N|\N|\N|\N||\N|\N|\N|\N|\N|\N|\N|1784122549962
1||D51615-142-090|85437099|\N|\N|\N||\N|\N||\N|\N|||20260323|212052|20260715||2|\N|3|\N|\N|\N|\N|\N|\N|\N|\N|KG|\N|\N|\N|\N|\N|\N|\N|1784122549968
1||DD300|90142090|\N|\N|\N||\N|\N||\N|\N|||20260323|212052|20260715||2|\N|3|\N|\N|\N|\N|\N|\N|\N|\N|PC|\N|\N|\N|\N|\N|\N|\N|1784122549974
1||FRETAMENTO|104014200|\N|\N|\N||\N|\N||\N|\N|\N|\N|20260724|125658|20260724||2|\N|\N|\N|\N|\N|\N|\N|\N|\N|\N|UN|\N|\N|\N|\N|\N|\N|\N|1784897819187
1||FT25866-1ZZ|40169990|5|\N|\N||\N|\N||\N|\N|1|3|20260722|130259|20260723||12|\N|3|\N|\N|\N|\N|\N|\N|\N|\N||\N|\N|\N|\N|\N|\N|\N|1784821406067
1||G5027|35069190|\N|\N|\N||\N|\N||\N|\N|||20260323|212052|20260715||2|\N|3|\N|\N|\N|\N|\N|\N|\N|\N|KG|\N|\N|\N|\N|\N|\N|\N|1784122549980
1||HT3000-100|39191010|\N|\N|\N||\N|\N||\N|\N|||20260323|212052|20260715||2|\N|3|\N|\N|\N|\N|\N|\N|\N|\N|PC|\N|\N|\N|\N|\N|\N|\N|1784122549986
1||HT3935-7FR050||\N|\N|\N||\N|\N||\N|\N|||20260323|212052|20260715||2|\N|3|\N|\N|\N|\N|\N|\N|\N|\N|UN|\N|\N|\N|\N|\N|\N|\N|1784122549993
1||M83485-1-010|40169300|\N|\N|\N||\N|\N||\N|\N|||20260323|212052|20260715||2|\N|3|\N|\N|\N|\N|\N|\N|\N|\N|PC|\N|\N|\N|\N|\N|\N|\N|1784122550002
1||MS18098-300|84119100|\N|\N|\N||\N|\N||\N|\N|||20260323|212052|20260715||2|\N|3|\N|\N|\N|\N|\N|\N|\N|\N||\N|\N|\N|\N|\N|\N|\N|1784122550007
1||MS24586C219|73202090|\N|\N|\N||\N|\N||\N|\N|||20260323|212052|20260715||2|\N|3|\N|\N|\N|\N|\N|\N|\N|\N|KG|\N|\N|\N|\N|\N|\N|\N|1784122550014
1||PV9366|63072000|\N|\N|\N||\N|\N||\N|\N|||20260323|212052|20260715||2|\N|3|\N|\N|\N|\N|\N|\N|\N|\N||\N|\N|\N|\N|\N|\N|\N|1784122550020
1||QD1R200|90173090|\N|\N|\N||\N|\N||\N|\N|||20260323|212052|20260715||2|\N|3|\N|\N|\N|\N|\N|\N|\N|\N||\N|\N|\N|\N|\N|\N|\N|1784122550026
1||QD2R1000||\N|\N|\N||\N|\N||\N|\N|||20260323|212052|20260715||2|\N|3|\N|\N|\N|\N|\N|\N|\N|\N|PC|\N|\N|\N|\N|\N|\N|\N|1784122550032
1||RAWMA12-942-002|39269003|\N|\N|\N||\N|\N||\N|\N|||20260323|212052|20260715||2|\N|3|\N|\N|\N|\N|\N|\N|\N|\N||\N|\N|\N|\N|\N|\N|\N|1784122550039
1||S9450-14|63072000|\N|\N|\N||\N|\N||\N|\N|0||20260721|112807|20260721||2|\N|3|\N|\N|\N|\N|\N|\N|\N|\N|KG|\N|\N|\N|\N|\N|\N|\N|1784633289235
1||SB7114-101|87089990|\N|\N|\N||\N|\N||\N|\N|1||20260323|212052|20260715||2|\N|3|\N|\N|\N|\N|\N|\N|\N|\N||\N|\N|\N|\N|\N|\N|\N|1784122550045
1||SB7305-102|88071000|\N|\N|\N||\N|\N||\N|\N|||20260323|212052|20260715||2|\N|3|\N|\N|\N|\N|\N|\N|\N|\N|UN|\N|\N|\N|\N|\N|\N|\N|1784122550051
1||SERVICE|104014200|\N|\N|\N||\N|\N||\N|\N|\N|\N|20260713|173253|20260713||2|\N|\N|\N|\N|\N|\N|\N|\N|\N|\N|HR|\N|\N|\N|\N|\N|\N|\N|1783963974342
1||SS5300C4-14|40169990|\N|\N|\N||\N|\N||\N|\N|1|3|20260323|212052|20260715||2|\N|3|\N|\N|\N|\N|\N|\N|\N|\N|PC|\N|\N|\N|\N|\N|\N|\N|1784122550057
1||SS76E12402SS000|39173900|\N|\N|\N||\N|\N||\N|\N|||20260323|212052|20260715||2|\N|3|\N|\N|\N|\N|\N|\N|\N|\N|EA|\N|\N|\N|\N|\N|\N|\N|1784122550063
1||T155504S92-01|39172900|\N|\N|\N||\N|\N||\N|\N|||20260323|212052|20260715||2|\N|3|\N|\N|\N|\N|\N|\N|\N|\N|PC|\N|\N|\N|\N|\N|\N|\N|1784122550069
