Export data
Component: MVX
All companies: false
Company: 001
Filter on division: false
2026-04-23 13:28:54,685 +0000Z  INFO  =======
2026-04-23 13:28:54,685 +0000Z  INFO  Jcpydta
2026-04-23 13:28:54,685 +0000Z  INFO  =======
2026-04-23 13:28:54,685 +0000Z  INFO  -------------------------------------
2026-04-23 13:28:54,685 +0000Z  INFO  Copy Tables
2026-04-23 13:28:54,685 +0000Z  INFO  
2026-04-23 13:28:54,685 +0000Z  INFO    db -> stream.stream
2026-04-23 13:28:54,685 +0000Z  INFO  -------------------------------------
2026-04-23 13:28:54,685 +0000Z  INFO  source
2026-04-23 13:28:54,685 +0000Z  INFO    Type db
2026-04-23 13:28:54,685 +0000Z  INFO    Schema MVXJDTA
2026-04-23 13:28:54,685 +0000Z  INFO  target
2026-04-23 13:28:54,685 +0000Z  INFO    Type stream.stream
2026-04-23 13:28:54,686 +0000Z  INFO    conditions default WHERE:[[CONO(mandatory) = 1]] Illegal Fields:[]

2026-04-23 13:28:54,686 +0000Z  INFO    clearTable false
2026-04-23 13:28:54,686 +0000Z  INFO    table-selection (?!(CMI(FLD|PGM|TRN|TXH|TXL)|CSY(FTL|FTH|MMC|FRF)|CMN(USR|COC|LNG|SYC|EDO)|OSSSET|OSSELE|OSSSEE|OSSSEL|OSSTRT|OSBUID|O[0-9]{6,6}|BULKMI))[A-Z][A-Z0-9]{3,5}
2026-04-23 13:28:54,686 +0000Z  INFO  all tables
2026-04-23 13:28:54,716 +0000Z  INFO  -------------------------------------
2026-04-23 13:28:54,717 +0000Z  INFO  Source settings Postgres:
2026-04-23 13:28:54,717 +0000Z  INFO    dataSource=DataSourceInfo [sourceType=db, getSettings()={}, getName()=NUTRACORP_TST, getUrl()=null]
2026-04-23 13:28:54,717 +0000Z  INFO    fetch.size=2000
2026-04-23 13:28:54,717 +0000Z  INFO  -------------------------------------
2026-04-23 13:28:54,717 +0000Z  INFO  Target settings stream:
2026-04-23 13:28:54,717 +0000Z  INFO    dataSource=DataSourceInfo [sourceType=stream.stream, getSettings()={noofthreads=5}, getName()=null, getUrl()=null]
2026-04-23 13:28:54,717 +0000Z  INFO    noofthreads=5
2026-04-23 13:28:54,717 +0000Z  INFO  -------------------------------------
2026-04-23 13:28:54,811 +0000Z  INFO  {CSYKEY} Copy CSYKEY
2026-04-23 13:28:54,835 +0000Z  INFO  {CMNFNL} Copy CMNFNL
2026-04-23 13:28:54,842 +0000Z  INFO  {CSYRPL} Copy CSYRPL
2026-04-23 13:28:54,878 +0000Z  INFO  {MPDCAD} Copy MPDCAD
2026-04-23 13:28:54,880 +0000Z  INFO  {CMNFNL} CMNFNL: Copied 0 rows.
2026-04-23 13:28:54,887 +0000Z  INFO  {CSYCAL} Copy CSYCAL
2026-04-23 13:28:54,913 +0000Z  INFO  {MPDCAD} MPDCAD: Copied 0 rows.
2026-04-23 13:28:54,919 +0000Z  INFO  {CSYRPA} Copy CSYRPA
2026-04-23 13:28:54,928 +0000Z  INFO  {MRPDTL} Copy MRPDTL
2026-04-23 13:28:54,973 +0000Z  INFO  {MRPDTL} MRPDTL: Copied 0 rows.
2026-04-23 13:28:54,973 +0000Z  INFO  {FFRPCI} Copy FFRPCI
2026-04-23 13:28:54,978 +0000Z  INFO  {CSYCAL} CSYCAL: Copied 1096 rows.
2026-04-23 13:28:54,978 +0000Z  INFO  {CSYSTR} Copy CSYSTR
2026-04-23 13:28:54,988 +0000Z  INFO  {FFRPCI} FFRPCI: Copied 0 rows.
2026-04-23 13:28:54,988 +0000Z  INFO  {CSYSPV} Copy CSYSPV
2026-04-23 13:28:55,002 +0000Z  INFO  {CSYSTR} CSYSTR: Copied 4 rows.
2026-04-23 13:28:55,008 +0000Z  INFO  {CSYTAB} Copy CSYTAB
2026-04-23 13:28:55,041 +0000Z  INFO  {CSYSPV} CSYSPV: Copied 213 rows.
2026-04-23 13:28:55,041 +0000Z  INFO  {CSYVIU} Copy CSYVIU
2026-04-23 13:28:55,068 +0000Z  INFO  {CSYTAB} CSYTAB: Copied 736 rows.
2026-04-23 13:28:55,068 +0000Z  INFO  {CSYRPB} Copy CSYRPB
2026-04-23 13:28:55,096 +0000Z  INFO  {CSYVIU} CSYVIU: Copied 195 rows.
2026-04-23 13:28:55,096 +0000Z  INFO  {CSYPER} Copy CSYPER
2026-04-23 13:28:55,114 +0000Z  INFO  {CSYPER} CSYPER: Copied 39 rows.
2026-04-23 13:28:55,115 +0000Z  INFO  {CBANMA} Copy CBANMA
2026-04-23 13:28:55,127 +0000Z  INFO  {CBANMA} CBANMA: Copied 0 rows.
2026-04-23 13:28:55,127 +0000Z  INFO  {MCPSUM} Copy MCPSUM
2026-04-23 13:28:55,141 +0000Z  INFO  {MCPSUM} MCPSUM: Copied 0 rows.
2026-04-23 13:28:55,142 +0000Z  INFO  {FBAVAL} Copy FBAVAL
2026-04-23 13:28:55,151 +0000Z  INFO  {FBAVAL} FBAVAL: Copied 0 rows.
2026-04-23 13:28:55,151 +0000Z  INFO  {CSYDOL} Copy CSYDOL
2026-04-23 13:28:55,161 +0000Z  INFO  {CSYDOL} CSYDOL: Copied 0 rows.
2026-04-23 13:28:55,161 +0000Z  INFO  {CSYRPT} Copy CSYRPT
2026-04-23 13:28:55,183 +0000Z  INFO  {CSYRPB} CSYRPB: Copied 2269 rows.
2026-04-23 13:28:55,183 +0000Z  INFO  {CSYRPC} Copy CSYRPC
2026-04-23 13:28:55,189 +0000Z  INFO  {CSYRPT} CSYRPT: Copied 687 rows.
2026-04-23 13:28:55,189 +0000Z  INFO  {ARCTLO} Copy ARCTLO
2026-04-23 13:28:55,206 +0000Z  INFO  {ARCTLO} ARCTLO: Copied 0 rows.
2026-04-23 13:28:55,206 +0000Z  INFO  {CSYDOF} Copy CSYDOF
2026-04-23 13:28:55,219 +0000Z  INFO  {CSYRPC} CSYRPC: Copied 272 rows.
2026-04-23 13:28:55,219 +0000Z  INFO  {CMNMNU} Copy CMNMNU
2026-04-23 13:28:55,220 +0000Z  INFO  {CSYDOF} CSYDOF: Copied 0 rows.
2026-04-23 13:28:55,220 +0000Z  INFO  {CASTDV} Copy CASTDV
2026-04-23 13:28:55,220 +0000Z  INFO  {CSYRPA} CSYRPA: Copied 9013 rows.
2026-04-23 13:28:55,221 +0000Z  INFO  {CSYSTF} Copy CSYSTF
2026-04-23 13:28:55,235 +0000Z  INFO  {CSYSTF} CSYSTF: Copied 0 rows.
2026-04-23 13:28:55,235 +0000Z  INFO  {FFRPCL} Copy FFRPCL
2026-04-23 13:28:55,235 +0000Z  INFO  {CMNMNU} CMNMNU: Copied 0 rows.
2026-04-23 13:28:55,235 +0000Z  INFO  {CSYIBC} Copy CSYIBC
2026-04-23 13:28:55,242 +0000Z  INFO  {CASTDV} CASTDV: Copied 0 rows.
2026-04-23 13:28:55,242 +0000Z  INFO  {FGLEDX} Copy FGLEDX
2026-04-23 13:28:55,255 +0000Z  INFO  {FGLEDX} FGLEDX: Copied 0 rows.
2026-04-23 13:28:55,255 +0000Z  INFO  {CSYRES} Copy CSYRES
2026-04-23 13:28:55,256 +0000Z  INFO  {CSYIBC} CSYIBC: Copied 157 rows.
2026-04-23 13:28:55,256 +0000Z  INFO  {MITTRA} Copy MITTRA
2026-04-23 13:28:55,259 +0000Z  INFO  {FFRPCL} FFRPCL: Copied 0 rows.
2026-04-23 13:28:55,262 +0000Z  INFO  {CMNFNG} Copy CMNFNG
2026-04-23 13:28:55,270 +0000Z  INFO  {CSYRES} CSYRES: Copied 0 rows.
2026-04-23 13:28:55,270 +0000Z  INFO  {CINACC} Copy CINACC
2026-04-23 13:28:55,282 +0000Z  INFO  {CMNFNG} CMNFNG: Copied 0 rows.
2026-04-23 13:28:55,282 +0000Z  INFO  {MSYTXL} Copy MSYTXL
2026-04-23 13:28:55,284 +0000Z  INFO  {CINACC} CINACC: Copied 0 rows.
2026-04-23 13:28:55,290 +0000Z  INFO  {FGLEDB} Copy FGLEDB
2026-04-23 13:28:55,297 +0000Z  INFO  {MSYTXL} MSYTXL: Copied 0 rows.
2026-04-23 13:28:55,300 +0000Z  INFO  {MITTRA} MITTRA: Copied 0 rows.
2026-04-23 13:28:55,302 +0000Z  INFO  {FGLEDG} Copy FGLEDG
2026-04-23 13:28:55,303 +0000Z  INFO  {FGLEDB} FGLEDB: Copied 0 rows.
2026-04-23 13:28:55,307 +0000Z  INFO  {MOOPPL} Copy MOOPPL
2026-04-23 13:28:55,314 +0000Z  INFO  {FBAKEY} Copy FBAKEY
2026-04-23 13:28:55,319 +0000Z  INFO  {MOOPPL} MOOPPL: Copied 0 rows.
2026-04-23 13:28:55,321 +0000Z  INFO  {FCHACC} Copy FCHACC
2026-04-23 13:28:55,330 +0000Z  INFO  {FGLEDG} FGLEDG: Copied 0 rows.
2026-04-23 13:28:55,330 +0000Z  INFO  {CSYUTX} Copy CSYUTX
2026-04-23 13:28:55,331 +0000Z  INFO  {FBAKEY} FBAKEY: Copied 0 rows.
2026-04-23 13:28:55,337 +0000Z  INFO  {CSYSTP} Copy CSYSTP
2026-04-23 13:28:55,338 +0000Z  INFO  {FCHACC} FCHACC: Copied 0 rows.
2026-04-23 13:28:55,342 +0000Z  INFO  {CSYUTX} CSYUTX: Copied 0 rows.
2026-04-23 13:28:55,343 +0000Z  INFO  {FFIORD} Copy FFIORD
2026-04-23 13:28:55,351 +0000Z  INFO  {CSYSTP} CSYSTP: Copied 0 rows.
2026-04-23 13:28:55,352 +0000Z  INFO  {ARCHLO} Copy ARCHLO
2026-04-23 13:28:55,359 +0000Z  INFO  {CSYREP} Copy CSYREP
2026-04-23 13:28:55,364 +0000Z  INFO  {ARCHLO} ARCHLO: Copied 0 rows.
2026-04-23 13:28:55,365 +0000Z  INFO  {FFIORD} FFIORD: Copied 0 rows.
2026-04-23 13:28:55,372 +0000Z  INFO  {CSYREP} CSYREP: Copied 0 rows.
2026-04-23 13:28:55,373 +0000Z  INFO  {CSYIBR} Copy CSYIBR
2026-04-23 13:28:55,379 +0000Z  INFO  {CJBCMD} Copy CJBCMD
2026-04-23 13:28:55,389 +0000Z  INFO  {CJBCMD} CJBCMD: Copied 0 rows.
2026-04-23 13:28:55,392 +0000Z  INFO  {MCCSDF} Copy MCCSDF
2026-04-23 13:28:55,398 +0000Z  INFO  {CSYIBR} CSYIBR: Copied 115 rows.
2026-04-23 13:28:55,400 +0000Z  INFO  {CSYPXV} Copy CSYPXV
2026-04-23 13:28:55,407 +0000Z  INFO  {CSYRLY} Copy CSYRLY
2026-04-23 13:28:55,414 +0000Z  INFO  {MCCSDF} MCCSDF: Copied 0 rows.
2026-04-23 13:28:55,415 +0000Z  INFO  {CSYPXV} CSYPXV: Copied 97 rows.
2026-04-23 13:28:55,416 +0000Z  INFO  {CSYRPH} Copy CSYRPH
2026-04-23 13:28:55,423 +0000Z  INFO  {CSYVIS} Copy CSYVIS
2026-04-23 13:28:55,441 +0000Z  INFO  {CSYVIS} CSYVIS: Copied 0 rows.
2026-04-23 13:28:55,441 +0000Z  INFO  {CSYRLS} Copy CSYRLS
2026-04-23 13:28:55,448 +0000Z  INFO  {CSYRLY} CSYRLY: Copied 97 rows.
2026-04-23 13:28:55,448 +0000Z  INFO  {OTPRAC} Copy OTPRAC
2026-04-23 13:28:55,453 +0000Z  INFO  {CSYRPH} CSYRPH: Copied 97 rows.
2026-04-23 13:28:55,459 +0000Z  INFO  {MCCOPE} Copy MCCOPE
2026-04-23 13:28:55,460 +0000Z  INFO  {CSYRLS} CSYRLS: Copied 96 rows.
2026-04-23 13:28:55,466 +0000Z  INFO  {MITSTA} Copy MITSTA
2026-04-23 13:28:55,470 +0000Z  INFO  {OTPRAC} OTPRAC: Copied 0 rows.
2026-04-23 13:28:55,473 +0000Z  INFO  {CAEXEL} Copy CAEXEL
2026-04-23 13:28:55,484 +0000Z  INFO  {CAEXEL} CAEXEL: Copied 0 rows.
2026-04-23 13:28:55,485 +0000Z  INFO  {CSLGHN} Copy CSLGHN
2026-04-23 13:28:55,487 +0000Z  INFO  {MCCOPE} MCCOPE: Copied 0 rows.
2026-04-23 13:28:55,487 +0000Z  INFO  {MITSTA} MITSTA: Copied 0 rows.
2026-04-23 13:28:55,493 +0000Z  INFO  {CRINPP} Copy CRINPP
2026-04-23 13:28:55,505 +0000Z  INFO  {CSLGHN} CSLGHN: Copied 20 rows.
2026-04-23 13:28:55,505 +0000Z  INFO  {OINACC} Copy OINACC
2026-04-23 13:28:55,512 +0000Z  INFO  {OODOCU} Copy OODOCU
2026-04-23 13:28:55,514 +0000Z  INFO  {CRINPP} CRINPP: Copied 4 rows.
2026-04-23 13:28:55,520 +0000Z  INFO  {OINACC} OINACC: Copied 0 rows.
2026-04-23 13:28:55,523 +0000Z  INFO  {OODOCU} OODOCU: Copied 0 rows.
2026-04-23 13:28:55,535 +0000Z  INFO  {OSASTD} Copy OSASTD
2026-04-23 13:28:55,542 +0000Z  INFO  {OTRSMS} Copy OTRSMS
2026-04-23 13:28:55,549 +0000Z  INFO  {OINVOL} Copy OINVOL
2026-04-23 13:28:55,558 +0000Z  INFO  {OTRSMS} OTRSMS: Copied 0 rows.
2026-04-23 13:28:55,559 +0000Z  INFO  {OSASTD} OSASTD: Copied 0 rows.
2026-04-23 13:28:55,562 +0000Z  INFO  {CSYSCU} Copy CSYSCU
2026-04-23 13:28:55,568 +0000Z  INFO  {FCHCHK} Copy FCHCHK
2026-04-23 13:28:55,576 +0000Z  INFO  {OINVOL} OINVOL: Copied 0 rows.
2026-04-23 13:28:55,577 +0000Z  INFO  {CMAILP} Copy CMAILP
2026-04-23 13:28:55,577 +0000Z  INFO  {CSYSCU} CSYSCU: Copied 0 rows.
2026-04-23 13:28:55,579 +0000Z  INFO  {FCHCHK} FCHCHK: Copied 0 rows.
2026-04-23 13:28:55,589 +0000Z  INFO  {CINVTD} Copy CINVTD
2026-04-23 13:28:55,590 +0000Z  INFO  {CMAILP} CMAILP: Copied 0 rows.
2026-04-23 13:28:55,599 +0000Z  INFO  {MOSEDT} Copy MOSEDT
2026-04-23 13:28:55,600 +0000Z  INFO  {CINVTD} CINVTD: Copied 0 rows.
2026-04-23 13:28:55,609 +0000Z  INFO  {MITPCC} Copy MITPCC
2026-04-23 13:28:55,610 +0000Z  INFO  {MOSEDT} MOSEDT: Copied 0 rows.
2026-04-23 13:28:55,615 +0000Z  INFO  {ARCVWI} Copy ARCVWI
2026-04-23 13:28:55,621 +0000Z  INFO  {MITPCC} MITPCC: Copied 0 rows.
2026-04-23 13:28:55,624 +0000Z  INFO  {CMNFNP} Copy CMNFNP
2026-04-23 13:28:55,625 +0000Z  INFO  {ARCVWI} ARCVWI: Copied 0 rows.
2026-04-23 13:28:55,631 +0000Z  INFO  {CSYPRS} Copy CSYPRS
2026-04-23 13:28:55,638 +0000Z  INFO  {CMNFNP} CMNFNP: Copied 0 rows.
2026-04-23 13:28:55,642 +0000Z  INFO  {CSYPRS} CSYPRS: Copied 0 rows.
2026-04-23 13:28:55,643 +0000Z  INFO  {MWOMAT} Copy MWOMAT
2026-04-23 13:28:55,664 +0000Z  INFO  {FFRLDF} Copy FFRLDF
2026-04-23 13:28:55,672 +0000Z  INFO  {MWOMAT} MWOMAT: Copied 0 rows.
2026-04-23 13:28:55,677 +0000Z  INFO  {MPPOAD} Copy MPPOAD
2026-04-23 13:28:55,685 +0000Z  INFO  {FFRLDF} FFRLDF: Copied 0 rows.
2026-04-23 13:28:55,690 +0000Z  INFO  {FCAIDL} Copy FCAIDL
2026-04-23 13:28:55,692 +0000Z  INFO  {MPPOAD} MPPOAD: Copied 0 rows.
2026-04-23 13:28:55,708 +0000Z  INFO  {FCAIDL} FCAIDL: Copied 0 rows.
2026-04-23 13:28:55,709 +0000Z  INFO  {CSYRPL} CSYRPL: Copied 12126 rows.
2026-04-23 13:28:55,710 +0000Z  INFO  {CSYSTS} Copy CSYSTS
2026-04-23 13:28:55,725 +0000Z  INFO  {FNUMTX} Copy FNUMTX
2026-04-23 13:28:55,735 +0000Z  INFO  {FCAAVP} Copy FCAAVP
2026-04-23 13:28:55,741 +0000Z  INFO  {FNUMTX} FNUMTX: Copied 0 rows.
2026-04-23 13:28:55,741 +0000Z  INFO  {CSYSTS} CSYSTS: Copied 0 rows.
2026-04-23 13:28:55,746 +0000Z  INFO  {FCAAVP} FCAAVP: Copied 0 rows.
2026-04-23 13:28:55,746 +0000Z  INFO  {MITPLO} Copy MITPLO
2026-04-23 13:28:55,753 +0000Z  INFO  {MCPAPD} Copy MCPAPD
2026-04-23 13:28:55,759 +0000Z  INFO  {MCWCCO} Copy MCWCCO
2026-04-23 13:28:55,766 +0000Z  INFO  {MITPLO} MITPLO: Copied 0 rows.
2026-04-23 13:28:55,767 +0000Z  INFO  {CMAILM} Copy CMAILM
2026-04-23 13:28:55,772 +0000Z  INFO  {CSYDME} Copy CSYDME
2026-04-23 13:28:55,785 +0000Z  INFO  {MCWCCO} MCWCCO: Copied 0 rows.
2026-04-23 13:28:55,787 +0000Z  INFO  {FFSVVT} Copy FFSVVT
2026-04-23 13:28:55,789 +0000Z  INFO  {MCPAPD} MCPAPD: Copied 0 rows.
2026-04-23 13:28:55,793 +0000Z  INFO  {CMAILM} CMAILM: Copied 0 rows.
2026-04-23 13:28:55,803 +0000Z  INFO  {MTRSUB} Copy MTRSUB
2026-04-23 13:28:55,804 +0000Z  INFO  {CSYDME} CSYDME: Copied 0 rows.
2026-04-23 13:28:55,805 +0000Z  INFO  {FFSVVT} FFSVVT: Copied 0 rows.
2026-04-23 13:28:55,811 +0000Z  INFO  {CCURRA} Copy CCURRA
2026-04-23 13:28:55,823 +0000Z  INFO  {MTRSUB} MTRSUB: Copied 0 rows.
2026-04-23 13:28:55,826 +0000Z  INFO  {CSYIEM} Copy CSYIEM
2026-04-23 13:28:55,834 +0000Z  INFO  {CCURRA} CCURRA: Copied 0 rows.
2026-04-23 13:28:55,841 +0000Z  INFO  {MPLIND} Copy MPLIND
2026-04-23 13:28:55,847 +0000Z  INFO  {CSYIEM} CSYIEM: Copied 220 rows.
2026-04-23 13:28:55,859 +0000Z  INFO  {MPLIND} MPLIND: Copied 0 rows.
2026-04-23 13:28:55,859 +0000Z  INFO  {FSLEDX} Copy FSLEDX
2026-04-23 13:28:55,887 +0000Z  INFO  {FSLEDX} FSLEDX: Copied 0 rows.
2026-04-23 13:28:55,902 +0000Z  INFO  {CSYVIP} Copy CSYVIP
2026-04-23 13:28:55,921 +0000Z  INFO  {FFRLCL} Copy FFRLCL
2026-04-23 13:28:55,922 +0000Z  INFO  {CSYVIP} CSYVIP: Copied 11 rows.
2026-04-23 13:28:55,934 +0000Z  INFO  {FFRLCL} FFRLCL: Copied 0 rows.
2026-04-23 13:28:55,941 +0000Z  INFO  {MDPRED} Copy MDPRED
2026-04-23 13:28:55,951 +0000Z  INFO  {MMSVAT} Copy MMSVAT
2026-04-23 13:28:55,972 +0000Z  INFO  {MDPRED} MDPRED: Copied 0 rows.
2026-04-23 13:28:55,981 +0000Z  INFO  {MMSVAT} MMSVAT: Copied 0 rows.
2026-04-23 13:28:55,988 +0000Z  INFO  {MITBAL} Copy MITBAL
2026-04-23 13:28:56,026 +0000Z  INFO  {MILOMA} Copy MILOMA
2026-04-23 13:28:56,036 +0000Z  INFO  {CJBCTL} Copy CJBCTL
2026-04-23 13:28:56,045 +0000Z  INFO  {MILOMA} MILOMA: Copied 0 rows.
2026-04-23 13:28:56,049 +0000Z  INFO  {MITBAL} MITBAL: Copied 0 rows.
2026-04-23 13:28:56,050 +0000Z  INFO  {OSYTXL} Copy OSYTXL
2026-04-23 13:28:56,057 +0000Z  INFO  {CJBCTL} CJBCTL: Copied 0 rows.
2026-04-23 13:28:56,059 +0000Z  INFO  {CSYNBR} Copy CSYNBR
2026-04-23 13:28:56,061 +0000Z  INFO  {OSYTXL} OSYTXL: Copied 0 rows.
2026-04-23 13:28:56,074 +0000Z  INFO  {CSYNBR} CSYNBR: Copied 0 rows.
2026-04-23 13:28:56,075 +0000Z  INFO  {ODDOCU} Copy ODDOCU
2026-04-23 13:28:56,086 +0000Z  INFO  {MCFMEC} Copy MCFMEC
2026-04-23 13:28:56,089 +0000Z  INFO  {ODDOCU} ODDOCU: Copied 0 rows.
2026-04-23 13:28:56,091 +0000Z  INFO  {CDPSRF} Copy CDPSRF
2026-04-23 13:28:56,099 +0000Z  INFO  {CDPSRF} CDPSRF: Copied 0 rows.
2026-04-23 13:28:56,101 +0000Z  INFO  {MITLOC} Copy MITLOC
2026-04-23 13:28:56,102 +0000Z  INFO  {MCFMEC} MCFMEC: Copied 0 rows.
2026-04-23 13:28:56,119 +0000Z  INFO  {CSYDOH} Copy CSYDOH
2026-04-23 13:28:56,123 +0000Z  INFO  {MITLOC} MITLOC: Copied 0 rows.
2026-04-23 13:28:56,128 +0000Z  INFO  {CSYDOH} CSYDOH: Copied 0 rows.
2026-04-23 13:28:56,134 +0000Z  INFO  {MSYTXH} Copy MSYTXH
2026-04-23 13:28:56,147 +0000Z  INFO  {DDOCUX} Copy DDOCUX
2026-04-23 13:28:56,152 +0000Z  INFO  {MSYTXH} MSYTXH: Copied 0 rows.
2026-04-23 13:28:56,155 +0000Z  INFO  {CSYNBI} Copy CSYNBI
2026-04-23 13:28:56,164 +0000Z  INFO  {CSYNBI} CSYNBI: Copied 0 rows.
2026-04-23 13:28:56,167 +0000Z  INFO  {DDOCUX} DDOCUX: Copied 0 rows.
2026-04-23 13:28:56,168 +0000Z  INFO  {CSYMIG} Copy CSYMIG
2026-04-23 13:28:56,174 +0000Z  INFO  {CATYPE} Copy CATYPE
2026-04-23 13:28:56,184 +0000Z  INFO  {CSYMIG} CSYMIG: Copied 0 rows.
2026-04-23 13:28:56,187 +0000Z  INFO  {CSHFLD} Copy CSHFLD
2026-04-23 13:28:56,190 +0000Z  INFO  {CATYPE} CATYPE: Copied 0 rows.
2026-04-23 13:28:56,198 +0000Z  INFO  {MPTRNS} Copy MPTRNS
2026-04-23 13:28:56,198 +0000Z  INFO  {CSHFLD} CSHFLD: Copied 0 rows.
2026-04-23 13:28:56,215 +0000Z  INFO  {MPOEXP} Copy MPOEXP
2026-04-23 13:28:56,223 +0000Z  INFO  {MPTRNS} MPTRNS: Copied 0 rows.
2026-04-23 13:28:56,237 +0000Z  INFO  {MPOEXP} MPOEXP: Copied 0 rows.
2026-04-23 13:28:56,239 +0000Z  INFO  {CTAXLN} Copy CTAXLN
2026-04-23 13:28:56,245 +0000Z  INFO  {FFASVL} Copy FFASVL
2026-04-23 13:28:56,252 +0000Z  INFO  {CFUNID} Copy CFUNID
2026-04-23 13:28:56,252 +0000Z  INFO  {CTAXLN} CTAXLN: Copied 0 rows.
2026-04-23 13:28:56,254 +0000Z  INFO  {FFASVL} FFASVL: Copied 0 rows.
2026-04-23 13:28:56,259 +0000Z  INFO  {MFTRNS} Copy MFTRNS
2026-04-23 13:28:56,264 +0000Z  INFO  {CFUNID} CFUNID: Copied 0 rows.
2026-04-23 13:28:56,266 +0000Z  INFO  {ODEDOC} Copy ODEDOC
2026-04-23 13:28:56,272 +0000Z  INFO  {CDPSDF} Copy CDPSDF
2026-04-23 13:28:56,281 +0000Z  INFO  {ODEDOC} ODEDOC: Copied 0 rows.
2026-04-23 13:28:56,289 +0000Z  INFO  {CDPSDF} CDPSDF: Copied 0 rows.
2026-04-23 13:28:56,293 +0000Z  INFO  {FSLEDG} Copy FSLEDG
2026-04-23 13:28:56,293 +0000Z  INFO  {MFTRNS} MFTRNS: Copied 0 rows.
2026-04-23 13:28:56,299 +0000Z  INFO  {MITPCS} Copy MITPCS
2026-04-23 13:28:56,305 +0000Z  INFO  {MPDSML} Copy MPDSML
2026-04-23 13:28:56,313 +0000Z  INFO  {FSLEDG} FSLEDG: Copied 0 rows.
2026-04-23 13:28:56,317 +0000Z  INFO  {MITPCS} MITPCS: Copied 0 rows.
2026-04-23 13:28:56,319 +0000Z  INFO  {MPDSML} MPDSML: Copied 0 rows.
2026-04-23 13:28:56,369 +0000Z  INFO  {OSBSTD} Copy OSBSTD
2026-04-23 13:28:56,380 +0000Z  INFO  {QMSRQT} Copy QMSRQT
2026-04-23 13:28:56,388 +0000Z  INFO  {MHDISL} Copy MHDISL
2026-04-23 13:28:56,408 +0000Z  INFO  {QMSRQT} QMSRQT: Copied 0 rows.
2026-04-23 13:28:56,412 +0000Z  INFO  {FFAHIS} Copy FFAHIS
2026-04-23 13:28:56,425 +0000Z  INFO  {MHDISL} MHDISL: Copied 0 rows.
2026-04-23 13:28:56,446 +0000Z  INFO  {FFAHIS} FFAHIS: Copied 0 rows.
2026-04-23 13:28:56,455 +0000Z  INFO  {MITFAC} Copy MITFAC
2026-04-23 13:28:56,461 +0000Z  INFO  {OSBSTD} OSBSTD: Copied 0 rows.
2026-04-23 13:28:56,468 +0000Z  INFO  {MWOOPE} Copy MWOOPE
2026-04-23 13:28:56,469 +0000Z  INFO  {MITFAC} MITFAC: Copied 0 rows.
2026-04-23 13:28:56,473 +0000Z  INFO  {MFTRND} Copy MFTRND
2026-04-23 13:28:56,481 +0000Z  INFO  {QMSTRS} Copy QMSTRS
2026-04-23 13:28:56,487 +0000Z  INFO  {CMNBDK} Copy CMNBDK
2026-04-23 13:28:56,494 +0000Z  INFO  {MFTRND} MFTRND: Copied 0 rows.
2026-04-23 13:28:56,495 +0000Z  INFO  {CRINPA} Copy CRINPA
2026-04-23 13:28:56,513 +0000Z  INFO  {QMSTRS} QMSTRS: Copied 0 rows.
2026-04-23 13:28:56,513 +0000Z  INFO  {CSYPAR} Copy CSYPAR
2026-04-23 13:28:56,518 +0000Z  INFO  {CMNBDK} CMNBDK: Copied 0 rows.
2026-04-23 13:28:56,525 +0000Z  INFO  {CSYPAR} CSYPAR: Copied 0 rows.
2026-04-23 13:28:56,530 +0000Z  INFO  {MWOOPE} MWOOPE: Copied 0 rows.
2026-04-23 13:28:56,541 +0000Z  INFO  {MPLINE} Copy MPLINE
2026-04-23 13:28:56,543 +0000Z  INFO  {CRINPA} CRINPA: Copied 13 rows.
2026-04-23 13:28:56,551 +0000Z  INFO  {FGRECL} Copy FGRECL
2026-04-23 13:28:56,567 +0000Z  INFO  {FSTMT3} Copy FSTMT3
2026-04-23 13:28:56,581 +0000Z  INFO  {MPDMAT} Copy MPDMAT
2026-04-23 13:28:56,586 +0000Z  INFO  {FGRECL} FGRECL: Copied 0 rows.
2026-04-23 13:28:56,590 +0000Z  INFO  {DRCLFC} Copy DRCLFC
2026-04-23 13:28:56,607 +0000Z  INFO  {FSTMT3} FSTMT3: Copied 0 rows.
2026-04-23 13:28:56,609 +0000Z  INFO  {CSYUSR} Copy CSYUSR
2026-04-23 13:28:56,612 +0000Z  INFO  {MPLINE} MPLINE: Copied 0 rows.
2026-04-23 13:28:56,622 +0000Z  INFO  {MPDMAT} MPDMAT: Copied 0 rows.
2026-04-23 13:28:56,623 +0000Z  INFO  {DRCLFC} DRCLFC: Copied 0 rows.
2026-04-23 13:28:56,641 +0000Z  INFO  {CSYUSR} CSYUSR: Copied 13 rows.
2026-04-23 13:28:56,669 +0000Z  INFO  {MHDISH} Copy MHDISH
2026-04-23 13:28:56,686 +0000Z  INFO  {CMNBDC} Copy CMNBDC
2026-04-23 13:28:56,712 +0000Z  INFO  {MCBOMS} Copy MCBOMS
2026-04-23 13:28:56,712 +0000Z  INFO  {CMNBDC} CMNBDC: Copied 0 rows.
2026-04-23 13:28:56,746 +0000Z  INFO  {MCBOMS} MCBOMS: Copied 0 rows.
2026-04-23 13:28:56,752 +0000Z  INFO  {MMCINQ} Copy MMCINQ
2026-04-23 13:28:56,761 +0000Z  INFO  {MHDISH} MHDISH: Copied 0 rows.
2026-04-23 13:28:56,784 +0000Z  INFO  {MMCINQ} MMCINQ: Copied 0 rows.
2026-04-23 13:28:56,793 +0000Z  INFO  {OOHEAD} Copy OOHEAD
2026-04-23 13:28:56,801 +0000Z  INFO  {MITPCE} Copy MITPCE
2026-04-23 13:28:56,809 +0000Z  INFO  {OOTYDO} Copy OOTYDO
2026-04-23 13:28:56,816 +0000Z  INFO  {MHPICH} Copy MHPICH
2026-04-23 13:28:56,817 +0000Z  INFO  {MITPCE} MITPCE: Copied 0 rows.
2026-04-23 13:28:56,825 +0000Z  INFO  {OOTYDO} OOTYDO: Copied 0 rows.
2026-04-23 13:28:56,827 +0000Z  INFO  {MWOPTR} Copy MWOPTR
2026-04-23 13:28:56,838 +0000Z  INFO  {MVENST} Copy MVENST
2026-04-23 13:28:56,849 +0000Z  INFO  {MHPICH} MHPICH: Copied 0 rows.
2026-04-23 13:28:56,851 +0000Z  INFO  {OOHEAD} OOHEAD: Copied 0 rows.
2026-04-23 13:28:56,855 +0000Z  INFO  {CRACTR} Copy CRACTR
2026-04-23 13:28:56,858 +0000Z  INFO  {MWOPTR} MWOPTR: Copied 0 rows.
2026-04-23 13:28:56,868 +0000Z  INFO  {MVENST} MVENST: Copied 0 rows.
2026-04-23 13:28:56,874 +0000Z  INFO  {FGLHED} Copy FGLHED
2026-04-23 13:28:56,879 +0000Z  INFO  {CRACTR} CRACTR: Copied 0 rows.
2026-04-23 13:28:56,883 +0000Z  INFO  {CMAILB} Copy CMAILB
2026-04-23 13:28:56,891 +0000Z  INFO  {FGLHED} FGLHED: Copied 0 rows.
2026-04-23 13:28:56,895 +0000Z  INFO  {CMAILB} CMAILB: Copied 0 rows.
2026-04-23 13:28:56,903 +0000Z  INFO  {MMSVAD} Copy MMSVAD
2026-04-23 13:28:56,944 +0000Z  INFO  {FSLBAL} Copy FSLBAL
2026-04-23 13:28:56,950 +0000Z  INFO  {CSYMON} Copy CSYMON
2026-04-23 13:28:56,957 +0000Z  INFO  {MMSVAD} MMSVAD: Copied 0 rows.
2026-04-23 13:28:56,960 +0000Z  INFO  {FSLBAL} FSLBAL: Copied 0 rows.
2026-04-23 13:28:56,977 +0000Z  INFO  {CSYMON} CSYMON: Copied 0 rows.
2026-04-23 13:28:57,078 +0000Z  INFO  {OOLINE} Copy OOLINE
2026-04-23 13:28:57,084 +0000Z  INFO  {CAEVEN} Copy CAEVEN
2026-04-23 13:28:57,092 +0000Z  INFO  {CAEVEN} CAEVEN: Copied 0 rows.
2026-04-23 13:28:57,097 +0000Z  INFO  {CUDFLD} Copy CUDFLD
2026-04-23 13:28:57,108 +0000Z  INFO  {CUDFLD} CUDFLD: Copied 0 rows.
2026-04-23 13:28:57,112 +0000Z  INFO  {FBNKFO} Copy FBNKFO
2026-04-23 13:28:57,148 +0000Z  INFO  {FBNKFO} FBNKFO: Copied 0 rows.
2026-04-23 13:28:57,161 +0000Z  INFO  {MPHEAD} Copy MPHEAD
2026-04-23 13:28:57,172 +0000Z  INFO  {FGRPCL} Copy FGRPCL
2026-04-23 13:28:57,185 +0000Z  INFO  {FGRPCL} FGRPCL: Copied 0 rows.
2026-04-23 13:28:57,203 +0000Z  INFO  {OOHEAC} Copy OOHEAC
2026-04-23 13:28:57,212 +0000Z  INFO  {MPHEAD} MPHEAD: Copied 0 rows.
2026-04-23 13:28:57,214 +0000Z  INFO  {OOHEAC} OOHEAC: Copied 0 rows.
2026-04-23 13:28:57,240 +0000Z  INFO  {CSYKEY} CSYKEY: Copied 16744 rows.
2026-04-23 13:28:57,246 +0000Z  INFO  {MWOHED} Copy MWOHED
2026-04-23 13:28:57,257 +0000Z  INFO  {FFRLSL} Copy FFRLSL
2026-04-23 13:28:57,270 +0000Z  INFO  {ODLINE} Copy ODLINE
2026-04-23 13:28:57,274 +0000Z  INFO  {CSYFTU} Copy CSYFTU
2026-04-23 13:28:57,330 +0000Z  INFO  {ODLINE} ODLINE: Copied 0 rows.
2026-04-23 13:28:57,330 +0000Z  INFO  {CSYFOC} Copy CSYFOC
2026-04-23 13:28:57,330 +0000Z  INFO  {CSYFTU} CSYFTU: Copied 0 rows.
2026-04-23 13:28:57,330 +0000Z  INFO  {MCHEAD} Copy MCHEAD
2026-04-23 13:28:57,330 +0000Z  INFO  {FFRLSL} FFRLSL: Copied 0 rows.
2026-04-23 13:28:57,330 +0000Z  INFO  {OOLINE} OOLINE: Copied 0 rows.
2026-04-23 13:28:57,331 +0000Z  INFO  {MWOHES} Copy MWOHES
2026-04-23 13:28:57,331 +0000Z  INFO  {CINDRE} Copy CINDRE
2026-04-23 13:28:57,331 +0000Z  INFO  {MWOHED} MWOHED: Copied 0 rows.
2026-04-23 13:28:57,331 +0000Z  INFO  {FFIIRD} Copy FFIIRD
2026-04-23 13:28:57,344 +0000Z  INFO  {MCHEAD} MCHEAD: Copied 0 rows.
2026-04-23 13:28:57,344 +0000Z  INFO  {FSTLIN} Copy FSTLIN
2026-04-23 13:28:57,345 +0000Z  INFO  {CINDRE} CINDRE: Copied 0 rows.
2026-04-23 13:28:57,345 +0000Z  INFO  {MWOPTS} Copy MWOPTS
2026-04-23 13:28:57,350 +0000Z  INFO  {CSYFOC} CSYFOC: Copied 0 rows.
2026-04-23 13:28:57,350 +0000Z  INFO  {FFRXCL} Copy FFRXCL
2026-04-23 13:28:57,355 +0000Z  INFO  {FFIIRD} FFIIRD: Copied 0 rows.
2026-04-23 13:28:57,355 +0000Z  INFO  {SAGITM} Copy SAGITM
2026-04-23 13:28:57,358 +0000Z  INFO  {FSTLIN} FSTLIN: Copied 0 rows.
2026-04-23 13:28:57,359 +0000Z  INFO  {MWOHES} MWOHES: Copied 0 rows.
2026-04-23 13:28:57,366 +0000Z  INFO  {MWOPTS} MWOPTS: Copied 0 rows.
2026-04-23 13:28:57,367 +0000Z  INFO  {SAGITM} SAGITM: Copied 0 rows.
2026-04-23 13:28:57,367 +0000Z  INFO  {FFRXCL} FFRXCL: Copied 0 rows.
2026-04-23 13:28:57,378 +0000Z  INFO  {MITMAS} Copy MITMAS
2026-04-23 13:28:57,395 +0000Z  INFO  {MMALAD} Copy MMALAD
2026-04-23 13:28:57,407 +0000Z  INFO  {CSYDOC} Copy CSYDOC
2026-04-23 13:28:57,409 +0000Z  INFO  {MMALAD} MMALAD: Copied 0 rows.
2026-04-23 13:28:57,423 +0000Z  INFO  {CSYDOC} CSYDOC: Copied 0 rows.
2026-04-23 13:28:57,423 +0000Z  INFO  {ODHEAD} Copy ODHEAD
2026-04-23 13:28:57,430 +0000Z  INFO  {MMOPMA} Copy MMOPMA
2026-04-23 13:28:57,437 +0000Z  INFO  {ODHEAD} ODHEAD: Copied 0 rows.
2026-04-23 13:28:57,441 +0000Z  INFO  {MMOPMA} MMOPMA: Copied 0 rows.
2026-04-23 13:28:57,444 +0000Z  INFO  {CSYTXL} Copy CSYTXL
2026-04-23 13:28:57,451 +0000Z  INFO  {MITMAS} MITMAS: Copied 0 rows.
2026-04-23 13:28:57,452 +0000Z  INFO  {DCONSI} Copy DCONSI
2026-04-23 13:28:57,456 +0000Z  INFO  {QMSRQS} Copy QMSRQS
2026-04-23 13:28:57,457 +0000Z  INFO  {CSYTXL} CSYTXL: Copied 0 rows.
2026-04-23 13:28:57,463 +0000Z  INFO  {CINLND} Copy CINLND
2026-04-23 13:28:57,463 +0000Z  INFO  {DCONSI} DCONSI: Copied 0 rows.
2026-04-23 13:28:57,466 +0000Z  INFO  {QMSRQS} QMSRQS: Copied 0 rows.
2026-04-23 13:28:57,471 +0000Z  INFO  {MHIPAC} Copy MHIPAC
2026-04-23 13:28:57,472 +0000Z  INFO  {CINLND} CINLND: Copied 0 rows.
2026-04-23 13:28:57,476 +0000Z  INFO  {MPPOEX} Copy MPPOEX
2026-04-23 13:28:57,483 +0000Z  INFO  {MHIPAC} MHIPAC: Copied 0 rows.
2026-04-23 13:28:57,485 +0000Z  INFO  {MPPOEX} MPPOEX: Copied 0 rows.
2026-04-23 13:28:57,486 +0000Z  INFO  {FVATRL} Copy FVATRL
2026-04-23 13:28:57,490 +0000Z  INFO  {MCPAPS} Copy MCPAPS
2026-04-23 13:28:57,496 +0000Z  INFO  {FVATRL} FVATRL: Copied 0 rows.
2026-04-23 13:28:57,499 +0000Z  INFO  {MCPAPS} MCPAPS: Copied 0 rows.
2026-04-23 13:28:57,501 +0000Z  INFO  {MHILIN} Copy MHILIN
2026-04-23 13:28:57,505 +0000Z  INFO  {CSYDOB} Copy CSYDOB
2026-04-23 13:28:57,509 +0000Z  INFO  {CINBUA} Copy CINBUA
2026-04-23 13:28:57,518 +0000Z  INFO  {CPOCOA} Copy CPOCOA
2026-04-23 13:28:57,519 +0000Z  INFO  {MHILIN} MHILIN: Copied 0 rows.
2026-04-23 13:28:57,525 +0000Z  INFO  {MCCMAT} Copy MCCMAT
2026-04-23 13:28:57,526 +0000Z  INFO  {CSYDOB} CSYDOB: Copied 0 rows.
2026-04-23 13:28:57,533 +0000Z  INFO  {CINBUA} CINBUA: Copied 0 rows.
2026-04-23 13:28:57,535 +0000Z  INFO  {MCCMAT} MCCMAT: Copied 0 rows.
2026-04-23 13:28:57,536 +0000Z  INFO  {CPOCOA} CPOCOA: Copied 0 rows.
2026-04-23 13:28:57,676 +0000Z  INFO  {MPDCAP} Copy MPDCAP
2026-04-23 13:28:57,688 +0000Z  INFO  {CINHEA} Copy CINHEA
2026-04-23 13:28:57,699 +0000Z  INFO  {CINHEA} CINHEA: Copied 0 rows.
2026-04-23 13:28:57,701 +0000Z  INFO  {CPMKEY} Copy CPMKEY
2026-04-23 13:28:57,707 +0000Z  INFO  {OSSREC} Copy OSSREC
2026-04-23 13:28:57,722 +0000Z  INFO  {OSSREC} OSSREC: Copied 0 rows.
2026-04-23 13:28:57,722 +0000Z  INFO  {OPRLRP} Copy OPRLRP
2026-04-23 13:28:57,724 +0000Z  INFO  {CPMKEY} CPMKEY: Copied 0 rows.
2026-04-23 13:28:57,732 +0000Z  INFO  {CINXRF} Copy CINXRF
2026-04-23 13:28:57,747 +0000Z  INFO  {OPRLRP} OPRLRP: Copied 0 rows.
2026-04-23 13:28:57,755 +0000Z  INFO  {MIATTR} Copy MIATTR
2026-04-23 13:28:57,755 +0000Z  INFO  {CINXRF} CINXRF: Copied 0 rows.
2026-04-23 13:28:57,769 +0000Z  INFO  {MIATTR} MIATTR: Copied 0 rows.
2026-04-23 13:28:57,770 +0000Z  INFO  {FFRLTX} Copy FFRLTX
2026-04-23 13:28:57,777 +0000Z  INFO  {FPLEDX} Copy FPLEDX
2026-04-23 13:28:57,786 +0000Z  INFO  {FFRLTX} FFRLTX: Copied 0 rows.
2026-04-23 13:28:57,787 +0000Z  INFO  {BPSTEL} Copy BPSTEL
2026-04-23 13:28:57,788 +0000Z  INFO  {FPLEDX} FPLEDX: Copied 0 rows.
2026-04-23 13:28:57,796 +0000Z  INFO  {CPOMAT} Copy CPOMAT
2026-04-23 13:28:57,803 +0000Z  INFO  {BPSTEL} BPSTEL: Copied 0 rows.
2026-04-23 13:28:57,803 +0000Z  INFO  {MMPOPS} Copy MMPOPS
2026-04-23 13:28:57,810 +0000Z  INFO  {CPOMAT} CPOMAT: Copied 0 rows.
2026-04-23 13:28:57,811 +0000Z  INFO  {CSYNBJ} Copy CSYNBJ
2026-04-23 13:28:57,815 +0000Z  INFO  {MTEINF} Copy MTEINF
2026-04-23 13:28:57,821 +0000Z  INFO  {CSYNBJ} CSYNBJ: Copied 0 rows.
2026-04-23 13:28:57,824 +0000Z  INFO  {MMPOPS} MMPOPS: Copied 0 rows.
2026-04-23 13:28:57,824 +0000Z  INFO  {CUGEX1} Copy CUGEX1
2026-04-23 13:28:57,830 +0000Z  INFO  {MTEINF} MTEINF: Copied 0 rows.
2026-04-23 13:28:57,840 +0000Z  INFO  {OINVOH} Copy OINVOH
2026-04-23 13:28:57,846 +0000Z  INFO  {CUGEX1} CUGEX1: Copied 0 rows.
2026-04-23 13:28:57,850 +0000Z  INFO  {FARSAI} Copy FARSAI
2026-04-23 13:28:57,851 +0000Z  INFO  {OINVOH} OINVOH: Copied 0 rows.
2026-04-23 13:28:57,870 +0000Z  INFO  {MPDCAP} MPDCAP: Copied 0 rows.
2026-04-23 13:28:57,871 +0000Z  INFO  {FARSAI} FARSAI: Copied 0 rows.
2026-04-23 13:28:57,895 +0000Z  INFO  {MPOPLP} Copy MPOPLP
2026-04-23 13:28:57,899 +0000Z  INFO  {CSYADF} Copy CSYADF
2026-04-23 13:28:57,922 +0000Z  INFO  {MCROUS} Copy MCROUS
2026-04-23 13:28:57,923 +0000Z  INFO  {CSYADF} CSYADF: Copied 0 rows.
2026-04-23 13:28:57,932 +0000Z  INFO  {MPQFUH} Copy MPQFUH
2026-04-23 13:28:57,934 +0000Z  INFO  {MCROUS} MCROUS: Copied 0 rows.
2026-04-23 13:28:57,938 +0000Z  INFO  {MPOPLP} MPOPLP: Copied 0 rows.
2026-04-23 13:28:57,941 +0000Z  INFO  {FCACCV} Copy FCACCV
2026-04-23 13:28:57,943 +0000Z  INFO  {MPQFUH} MPQFUH: Copied 0 rows.
2026-04-23 13:28:57,947 +0000Z  INFO  {FPLLOG} Copy FPLLOG
2026-04-23 13:28:57,952 +0000Z  INFO  {MPAGRP} Copy MPAGRP
2026-04-23 13:28:57,960 +0000Z  INFO  {FCACCV} FCACCV: Copied 0 rows.
2026-04-23 13:28:57,963 +0000Z  INFO  {MPDOPE} Copy MPDOPE
2026-04-23 13:28:57,964 +0000Z  INFO  {FPLLOG} FPLLOG: Copied 0 rows.
2026-04-23 13:28:57,967 +0000Z  INFO  {MPAGRP} MPAGRP: Copied 0 rows.
2026-04-23 13:28:57,970 +0000Z  INFO  {CITZON} Copy CITZON
2026-04-23 13:28:57,975 +0000Z  INFO  {FCRMIN} Copy FCRMIN
2026-04-23 13:28:57,982 +0000Z  INFO  {MPDOPE} MPDOPE: Copied 0 rows.
2026-04-23 13:28:57,982 +0000Z  INFO  {MPAGRL} Copy MPAGRL
2026-04-23 13:28:57,983 +0000Z  INFO  {CITZON} CITZON: Copied 0 rows.
2026-04-23 13:28:57,988 +0000Z  INFO  {MSPLMX} Copy MSPLMX
2026-04-23 13:28:57,991 +0000Z  INFO  {FCRMIN} FCRMIN: Copied 0 rows.
2026-04-23 13:28:57,993 +0000Z  INFO  {MITDFO} Copy MITDFO
2026-04-23 13:28:57,997 +0000Z  INFO  {CESILD} Copy CESILD
2026-04-23 13:28:57,998 +0000Z  INFO  {MSPLMX} MSPLMX: Copied 0 rows.
2026-04-23 13:28:58,000 +0000Z  INFO  {MPAGRL} MPAGRL: Copied 0 rows.
2026-04-23 13:28:58,013 +0000Z  INFO  {MITDFO} MITDFO: Copied 0 rows.
2026-04-23 13:28:58,014 +0000Z  INFO  {FREMD3} Copy FREMD3
2026-04-23 13:28:58,027 +0000Z  INFO  {CGEEX1} Copy CGEEX1
2026-04-23 13:28:58,038 +0000Z  INFO  {CGEEX1} CGEEX1: Copied 0 rows.
2026-04-23 13:28:58,040 +0000Z  INFO  {CESILD} CESILD: Copied 0 rows.
2026-04-23 13:28:58,040 +0000Z  INFO  {FFRCDF} Copy FFRCDF
2026-04-23 13:28:58,050 +0000Z  INFO  {FFRCDF} FFRCDF: Copied 0 rows.
2026-04-23 13:28:58,050 +0000Z  INFO  {CMNJOB} Copy CMNJOB
2026-04-23 13:28:58,059 +0000Z  INFO  {CSYOBT} Copy CSYOBT
2026-04-23 13:28:58,060 +0000Z  INFO  {CMNJOB} CMNJOB: Copied 0 rows.
2026-04-23 13:28:58,061 +0000Z  INFO  {FREMD3} FREMD3: Copied 0 rows.
2026-04-23 13:28:58,063 +0000Z  INFO  {ARCFNC} Copy ARCFNC
2026-04-23 13:28:58,077 +0000Z  INFO  {MHIHED} Copy MHIHED
2026-04-23 13:28:58,078 +0000Z  INFO  {ARCFNC} ARCFNC: Copied 0 rows.
2026-04-23 13:28:58,084 +0000Z  INFO  {CSYOBT} CSYOBT: Copied 0 rows.
2026-04-23 13:28:58,087 +0000Z  INFO  {QMSRQH} Copy QMSRQH
2026-04-23 13:28:58,094 +0000Z  INFO  {MCCOMA} Copy MCCOMA
2026-04-23 13:28:58,095 +0000Z  INFO  {MHIHED} MHIHED: Copied 0 rows.
2026-04-23 13:28:58,099 +0000Z  INFO  {MCCOML} Copy MCCOML
2026-04-23 13:28:58,104 +0000Z  INFO  {MCCOMA} MCCOMA: Copied 0 rows.
2026-04-23 13:28:58,105 +0000Z  INFO  {FPLEDG} Copy FPLEDG
2026-04-23 13:28:58,114 +0000Z  INFO  {QMSRQH} QMSRQH: Copied 0 rows.
2026-04-23 13:28:58,116 +0000Z  INFO  {MCCOML} MCCOML: Copied 0 rows.
2026-04-23 13:28:58,118 +0000Z  INFO  {CSYIBV} Copy CSYIBV
2026-04-23 13:28:58,124 +0000Z  INFO  {OPRBAS} Copy OPRBAS
2026-04-23 13:28:58,128 +0000Z  INFO  {FPLEDG} FPLEDG: Copied 0 rows.
2026-04-23 13:28:58,134 +0000Z  INFO  {OPRBAS} OPRBAS: Copied 0 rows.
2026-04-23 13:28:58,138 +0000Z  INFO  {CSYIBV} CSYIBV: Copied 5 rows.
2026-04-23 13:28:58,139 +0000Z  INFO  {OPRICL} Copy OPRICL
2026-04-23 13:28:58,147 +0000Z  INFO  {OSYTXH} Copy OSYTXH
2026-04-23 13:28:58,151 +0000Z  INFO  {OPRICL} OPRICL: Copied 0 rows.
2026-04-23 13:28:58,155 +0000Z  INFO  {MITBAM} Copy MITBAM
2026-04-23 13:28:58,159 +0000Z  INFO  {OSYTXH} OSYTXH: Copied 0 rows.
2026-04-23 13:28:58,161 +0000Z  INFO  {MITTCD} Copy MITTCD
2026-04-23 13:28:58,167 +0000Z  INFO  {MPDHED} Copy MPDHED
2026-04-23 13:28:58,170 +0000Z  INFO  {MITBAM} MITBAM: Copied 0 rows.
2026-04-23 13:28:58,172 +0000Z  INFO  {MITTCD} MITTCD: Copied 0 rows.
2026-04-23 13:28:58,177 +0000Z  INFO  {MPM060} Copy MPM060
2026-04-23 13:28:58,182 +0000Z  INFO  {SMECOD} Copy SMECOD
2026-04-23 13:28:58,184 +0000Z  INFO  {MPDHED} MPDHED: Copied 0 rows.
2026-04-23 13:28:58,190 +0000Z  INFO  {MPCELE} Copy MPCELE
2026-04-23 13:28:58,195 +0000Z  INFO  {MPM060} MPM060: Copied 0 rows.
2026-04-23 13:28:58,195 +0000Z  INFO  {MITARE} Copy MITARE
2026-04-23 13:28:58,197 +0000Z  INFO  {SMECOD} SMECOD: Copied 0 rows.
2026-04-23 13:28:58,200 +0000Z  INFO  {MPOEXT} Copy MPOEXT
2026-04-23 13:28:58,205 +0000Z  INFO  {OOCHRG} Copy OOCHRG
2026-04-23 13:28:58,207 +0000Z  INFO  {MPCELE} MPCELE: Copied 0 rows.
2026-04-23 13:28:58,209 +0000Z  INFO  {MITSUB} Copy MITSUB
2026-04-23 13:28:58,214 +0000Z  INFO  {MITARE} MITARE: Copied 0 rows.
2026-04-23 13:28:58,215 +0000Z  INFO  {CSYIBA} Copy CSYIBA
2026-04-23 13:28:58,219 +0000Z  INFO  {MPOEXT} MPOEXT: Copied 0 rows.
2026-04-23 13:28:58,224 +0000Z  INFO  {MCCOPU} Copy MCCOPU
2026-04-23 13:28:58,228 +0000Z  INFO  {OOCHRG} OOCHRG: Copied 0 rows.
2026-04-23 13:28:58,229 +0000Z  INFO  {MWIPLT} Copy MWIPLT
2026-04-23 13:28:58,234 +0000Z  INFO  {CSYIBA} CSYIBA: Copied 30 rows.
2026-04-23 13:28:58,239 +0000Z  INFO  {MITSUB} MITSUB: Copied 0 rows.
2026-04-23 13:28:58,251 +0000Z  INFO  {MCCOPU} MCCOPU: Copied 0 rows.
2026-04-23 13:28:58,251 +0000Z  INFO  {MCHEAS} Copy MCHEAS
2026-04-23 13:28:58,253 +0000Z  INFO  {MWIPLT} MWIPLT: Copied 0 rows.
2026-04-23 13:28:58,259 +0000Z  INFO  {FTXEXT} Copy FTXEXT
2026-04-23 13:28:58,271 +0000Z  INFO  {MCHEAS} MCHEAS: Copied 0 rows.
2026-04-23 13:28:58,278 +0000Z  INFO  {MCELEM} Copy MCELEM
2026-04-23 13:28:58,287 +0000Z  INFO  {FTXEXT} FTXEXT: Copied 0 rows.
2026-04-23 13:28:58,287 +0000Z  INFO  {MITSGR} Copy MITSGR
2026-04-23 13:28:58,298 +0000Z  INFO  {MCELEM} MCELEM: Copied 0 rows.
2026-04-23 13:28:58,304 +0000Z  INFO  {FAMTDE} Copy FAMTDE
2026-04-23 13:28:58,309 +0000Z  INFO  {MITSGR} MITSGR: Copied 0 rows.
2026-04-23 13:28:58,312 +0000Z  INFO  {MPCOVE} Copy MPCOVE
2026-04-23 13:28:58,317 +0000Z  INFO  {FAMTDE} FAMTDE: Copied 0 rows.
2026-04-23 13:28:58,318 +0000Z  INFO  {FSTVOD} Copy FSTVOD
2026-04-23 13:28:58,328 +0000Z  INFO  {MPCOVE} MPCOVE: Copied 0 rows.
2026-04-23 13:28:58,332 +0000Z  INFO  {FSTVOD} FSTVOD: Copied 0 rows.
2026-04-23 13:28:58,333 +0000Z  INFO  {MGLINE} Copy MGLINE
2026-04-23 13:28:58,346 +0000Z  INFO  {MWOOPS} Copy MWOOPS
2026-04-23 13:28:58,351 +0000Z  INFO  {FGINAE} Copy FGINAE
2026-04-23 13:28:58,355 +0000Z  INFO  {MWOOPS} MWOOPS: Copied 0 rows.
2026-04-23 13:28:58,360 +0000Z  INFO  {CMNBDF} Copy CMNBDF
2026-04-23 13:28:58,367 +0000Z  INFO  {FGINAE} FGINAE: Copied 0 rows.
2026-04-23 13:28:58,372 +0000Z  INFO  {CMNBDF} CMNBDF: Copied 0 rows.
2026-04-23 13:28:58,373 +0000Z  INFO  {CESPGM} Copy CESPGM
2026-04-23 13:28:58,381 +0000Z  INFO  {MGLINE} MGLINE: Copied 0 rows.
2026-04-23 13:28:58,383 +0000Z  INFO  {CMNPUS} Copy CMNPUS
2026-04-23 13:28:58,390 +0000Z  INFO  {CESPGM} CESPGM: Copied 0 rows.
2026-04-23 13:28:58,392 +0000Z  INFO  {CMNPUS} CMNPUS: Copied 0 rows.
2026-04-23 13:28:58,394 +0000Z  INFO  {CPOCOM} Copy CPOCOM
2026-04-23 13:28:58,411 +0000Z  INFO  {MGHEAD} Copy MGHEAD
2026-04-23 13:28:58,416 +0000Z  INFO  {MPOEXX} Copy MPOEXX
2026-04-23 13:28:58,416 +0000Z  INFO  {CPOCOM} CPOCOM: Copied 0 rows.
2026-04-23 13:28:58,425 +0000Z  INFO  {MRPDTP} Copy MRPDTP
2026-04-23 13:28:58,429 +0000Z  INFO  {MGHEAD} MGHEAD: Copied 0 rows.
2026-04-23 13:28:58,439 +0000Z  INFO  {MRPDTP} MRPDTP: Copied 0 rows.
2026-04-23 13:28:58,440 +0000Z  INFO  {MPOEXX} MPOEXX: Copied 0 rows.
2026-04-23 13:28:58,443 +0000Z  INFO  {CROBJC} Copy CROBJC
2026-04-23 13:28:58,457 +0000Z  INFO  {FBUDET} Copy FBUDET
2026-04-23 13:28:58,467 +0000Z  INFO  {OPROMC} Copy OPROMC
2026-04-23 13:28:58,472 +0000Z  INFO  {FBUDET} FBUDET: Copied 0 rows.
2026-04-23 13:28:58,479 +0000Z  INFO  {CROBJC} CROBJC: Copied 0 rows.
2026-04-23 13:28:58,480 +0000Z  INFO  {OPROMC} OPROMC: Copied 0 rows.
2026-04-23 13:28:58,552 +0000Z  INFO  {MPDWCT} Copy MPDWCT
2026-04-23 13:28:58,560 +0000Z  INFO  {MWOPHA} Copy MWOPHA
2026-04-23 13:28:58,569 +0000Z  INFO  {MWOPHA} MWOPHA: Copied 0 rows.
2026-04-23 13:28:58,569 +0000Z  INFO  {MITPOP} Copy MITPOP
2026-04-23 13:28:58,577 +0000Z  INFO  {MITYWC} Copy MITYWC
2026-04-23 13:28:58,594 +0000Z  INFO  {MITPOP} MITPOP: Copied 0 rows.
2026-04-23 13:28:58,602 +0000Z  INFO  {MPTAWY} Copy MPTAWY
2026-04-23 13:28:58,609 +0000Z  INFO  {SMETXT} Copy SMETXT
2026-04-23 13:28:58,615 +0000Z  INFO  {MITYWC} MITYWC: Copied 0 rows.
2026-04-23 13:28:58,621 +0000Z  INFO  {MPDWCT} MPDWCT: Copied 0 rows.
2026-04-23 13:28:58,622 +0000Z  INFO  {MPTAWY} MPTAWY: Copied 0 rows.
2026-04-23 13:28:58,629 +0000Z  INFO  {SMETXT} SMETXT: Copied 0 rows.
2026-04-23 13:28:58,632 +0000Z  INFO  {CINLIN} Copy CINLIN
2026-04-23 13:28:58,639 +0000Z  INFO  {MHDIAC} Copy MHDIAC
2026-04-23 13:28:58,661 +0000Z  INFO  {MITSNM} Copy MITSNM
2026-04-23 13:28:58,661 +0000Z  INFO  {MHDIAC} MHDIAC: Copied 0 rows.
2026-04-23 13:28:58,666 +0000Z  INFO  {CINLIN} CINLIN: Copied 0 rows.
2026-04-23 13:28:58,671 +0000Z  INFO  {FCA536} Copy FCA536
2026-04-23 13:28:58,675 +0000Z  INFO  {MITSNM} MITSNM: Copied 0 rows.
2026-04-23 13:28:58,682 +0000Z  INFO  {FGINLC} Copy FGINLC
2026-04-23 13:28:58,684 +0000Z  INFO  {FCA536} FCA536: Copied 0 rows.
2026-04-23 13:28:58,701 +0000Z  INFO  {CSYFOB} Copy CSYFOB
2026-04-23 13:28:58,707 +0000Z  INFO  {FGINLC} FGINLC: Copied 0 rows.
2026-04-23 13:28:58,708 +0000Z  INFO  {CVATPC} Copy CVATPC
2026-04-23 13:28:58,726 +0000Z  INFO  {CSYFOB} CSYFOB: Copied 0 rows.
2026-04-23 13:28:58,733 +0000Z  INFO  {FPLEDH} Copy FPLEDH
2026-04-23 13:28:58,738 +0000Z  INFO  {CVATPC} CVATPC: Copied 0 rows.
2026-04-23 13:28:58,758 +0000Z  INFO  {FPLEDH} FPLEDH: Copied 0 rows.
2026-04-23 13:28:58,768 +0000Z  INFO  {MMOPPO} Copy MMOPPO
2026-04-23 13:28:58,784 +0000Z  INFO  {CREVND} Copy CREVND
2026-04-23 13:28:58,797 +0000Z  INFO  {MMOPPO} MMOPPO: Copied 0 rows.
2026-04-23 13:28:58,798 +0000Z  INFO  {CREVND} CREVND: Copied 0 rows.
2026-04-23 13:28:58,803 +0000Z  INFO  {FSTLEV} Copy FSTLEV
2026-04-23 13:28:58,810 +0000Z  INFO  {MITDCU} Copy MITDCU
2026-04-23 13:28:58,822 +0000Z  INFO  {FSTLEV} FSTLEV: Copied 0 rows.
2026-04-23 13:28:58,824 +0000Z  INFO  {PFTRNS} Copy PFTRNS
2026-04-23 13:28:58,832 +0000Z  INFO  {MITDCU} MITDCU: Copied 0 rows.
2026-04-23 13:28:58,843 +0000Z  INFO  {PPTRNS} Copy PPTRNS
2026-04-23 13:28:58,844 +0000Z  INFO  {PFTRNS} PFTRNS: Copied 0 rows.
2026-04-23 13:28:58,857 +0000Z  INFO  {MAELEM} Copy MAELEM
2026-04-23 13:28:58,865 +0000Z  INFO  {PPTRNS} PPTRNS: Copied 0 rows.
2026-04-23 13:28:58,866 +0000Z  INFO  {MAELEM} MAELEM: Copied 0 rows.
2026-04-23 13:28:58,870 +0000Z  INFO  {MMOOPS} Copy MMOOPS
2026-04-23 13:28:58,877 +0000Z  INFO  {FQRADF} Copy FQRADF
2026-04-23 13:28:58,885 +0000Z  INFO  {MMOOPS} MMOOPS: Copied 0 rows.
2026-04-23 13:28:58,898 +0000Z  INFO  {DRDRFC} Copy DRDRFC
2026-04-23 13:28:58,907 +0000Z  INFO  {FQRADF} FQRADF: Copied 0 rows.
2026-04-23 13:28:58,909 +0000Z  INFO  {MHIQLF} Copy MHIQLF
2026-04-23 13:28:58,913 +0000Z  INFO  {DRDRFC} DRDRFC: Copied 0 rows.
2026-04-23 13:28:58,922 +0000Z  INFO  {MPMXVA} Copy MPMXVA
2026-04-23 13:28:58,929 +0000Z  INFO  {MHIQLF} MHIQLF: Copied 1 rows.
2026-04-23 13:28:58,932 +0000Z  INFO  {FDISCU} Copy FDISCU
2026-04-23 13:28:58,939 +0000Z  INFO  {MPMXVA} MPMXVA: Copied 0 rows.
2026-04-23 13:28:58,942 +0000Z  INFO  {FPLBAL} Copy FPLBAL
2026-04-23 13:28:58,942 +0000Z  INFO  {FDISCU} FDISCU: Copied 0 rows.
2026-04-23 13:28:58,950 +0000Z  INFO  {MPD001} Copy MPD001
2026-04-23 13:28:58,958 +0000Z  INFO  {OPRCEL} Copy OPRCEL
2026-04-23 13:28:58,963 +0000Z  INFO  {MPD001} MPD001: Copied 0 rows.
2026-04-23 13:28:58,969 +0000Z  INFO  {FFRXDF} Copy FFRXDF
2026-04-23 13:28:58,973 +0000Z  INFO  {OPRCEL} OPRCEL: Copied 0 rows.
2026-04-23 13:28:58,977 +0000Z  INFO  {CSYNBV} Copy CSYNBV
2026-04-23 13:28:58,978 +0000Z  INFO  {FPLBAL} FPLBAL: Copied 0 rows.
2026-04-23 13:28:58,985 +0000Z  INFO  {FFRXDF} FFRXDF: Copied 0 rows.
2026-04-23 13:28:58,991 +0000Z  INFO  {DROUDI} Copy DROUDI
2026-04-23 13:28:58,994 +0000Z  INFO  {CSYNBV} CSYNBV: Copied 0 rows.
2026-04-23 13:28:58,999 +0000Z  INFO  {FFSVDM} Copy FFSVDM
2026-04-23 13:28:59,001 +0000Z  INFO  {DROUDI} DROUDI: Copied 0 rows.
2026-04-23 13:28:59,031 +0000Z  INFO  {FFSVDM} FFSVDM: Copied 0 rows.
2026-04-23 13:28:59,033 +0000Z  INFO  {FFRPCH} Copy FFRPCH
2026-04-23 13:28:59,046 +0000Z  INFO  {FFRPCH} FFRPCH: Copied 0 rows.
2026-04-23 13:28:59,049 +0000Z  INFO  {DRODPR} Copy DRODPR
2026-04-23 13:28:59,054 +0000Z  INFO  {DROUTE} Copy DROUTE
2026-04-23 13:28:59,058 +0000Z  INFO  {DRODPR} DRODPR: Copied 0 rows.
2026-04-23 13:28:59,062 +0000Z  INFO  {DROUTE} DROUTE: Copied 0 rows.
2026-04-23 13:28:59,070 +0000Z  INFO  {MHDIPO} Copy MHDIPO
2026-04-23 13:28:59,086 +0000Z  INFO  {MHDIPO} MHDIPO: Copied 0 rows.
2026-04-23 13:28:59,091 +0000Z  INFO  {CINHED} Copy CINHED
2026-04-23 13:28:59,097 +0000Z  INFO  {CINPTE} Copy CINPTE
2026-04-23 13:28:59,107 +0000Z  INFO  {OSSREK} Copy OSSREK
2026-04-23 13:28:59,111 +0000Z  INFO  {CINHED} CINHED: Copied 0 rows.
2026-04-23 13:28:59,113 +0000Z  INFO  {CINPTE} CINPTE: Copied 0 rows.
2026-04-23 13:28:59,135 +0000Z  INFO  {OSSREK} OSSREK: Copied 0 rows.
2026-04-23 13:28:59,136 +0000Z  INFO  {BPROJS} Copy BPROJS
2026-04-23 13:28:59,142 +0000Z  INFO  {BSETST} Copy BSETST
2026-04-23 13:28:59,151 +0000Z  INFO  {CSYFEX} Copy CSYFEX
2026-04-23 13:28:59,155 +0000Z  INFO  {BSETST} BSETST: Copied 0 rows.
2026-04-23 13:28:59,161 +0000Z  INFO  {CSYFEX} CSYFEX: Copied 0 rows.
2026-04-23 13:28:59,163 +0000Z  INFO  {BPROJS} BPROJS: Copied 0 rows.
2026-04-23 13:28:59,168 +0000Z  INFO  {CSYFLN} Copy CSYFLN
2026-04-23 13:28:59,177 +0000Z  INFO  {FAALOD} Copy FAALOD
2026-04-23 13:28:59,185 +0000Z  INFO  {CSYFLN} CSYFLN: Copied 0 rows.
2026-04-23 13:28:59,185 +0000Z  INFO  {MOATTR} Copy MOATTR
2026-04-23 13:28:59,195 +0000Z  INFO  {STPQUA} Copy STPQUA
2026-04-23 13:28:59,199 +0000Z  INFO  {FAALOD} FAALOD: Copied 0 rows.
2026-04-23 13:28:59,206 +0000Z  INFO  {MGDADR} Copy MGDADR
2026-04-23 13:28:59,211 +0000Z  INFO  {MOATTR} MOATTR: Copied 0 rows.
2026-04-23 13:28:59,217 +0000Z  INFO  {MCCOMP} Copy MCCOMP
2026-04-23 13:28:59,218 +0000Z  INFO  {STPQUA} STPQUA: Copied 0 rows.
2026-04-23 13:28:59,219 +0000Z  INFO  {MGDADR} MGDADR: Copied 0 rows.
2026-04-23 13:28:59,224 +0000Z  INFO  {MPCOPE} Copy MPCOPE
2026-04-23 13:28:59,229 +0000Z  INFO  {MCCOMP} MCCOMP: Copied 0 rows.
2026-04-23 13:28:59,234 +0000Z  INFO  {MPCOPE} MPCOPE: Copied 0 rows.
2026-04-23 13:28:59,235 +0000Z  INFO  {CBANAC} Copy CBANAC
2026-04-23 13:28:59,241 +0000Z  INFO  {CEMAIL} Copy CEMAIL
2026-04-23 13:28:59,247 +0000Z  INFO  {DDRPRO} Copy DDRPRO
2026-04-23 13:28:59,252 +0000Z  INFO  {MITAUN} Copy MITAUN
2026-04-23 13:28:59,257 +0000Z  INFO  {DDRPRO} DDRPRO: Copied 0 rows.
2026-04-23 13:28:59,259 +0000Z  INFO  {CEMAIL} CEMAIL: Copied 0 rows.
2026-04-23 13:28:59,261 +0000Z  INFO  {DRCLFH} Copy DRCLFH
2026-04-23 13:28:59,269 +0000Z  INFO  {FVATLS} Copy FVATLS
2026-04-23 13:28:59,276 +0000Z  INFO  {MITAUN} MITAUN: Copied 0 rows.
2026-04-23 13:28:59,277 +0000Z  INFO  {CBANAC} CBANAC: Copied 0 rows.
2026-04-23 13:28:59,278 +0000Z  INFO  {MCCSEM} Copy MCCSEM
2026-04-23 13:28:59,282 +0000Z  INFO  {MILOMN} Copy MILOMN
2026-04-23 13:28:59,285 +0000Z  INFO  {DRCLFH} DRCLFH: Copied 0 rows.
2026-04-23 13:28:59,286 +0000Z  INFO  {FVATLS} FVATLS: Copied 0 rows.
2026-04-23 13:28:59,292 +0000Z  INFO  {MILOMN} MILOMN: Copied 0 rows.
2026-04-23 13:28:59,301 +0000Z  INFO  {MCCSEM} MCCSEM: Copied 0 rows.
2026-04-23 13:28:59,425 +0000Z  INFO  {MWLOAD} Copy MWLOAD
2026-04-23 13:28:59,441 +0000Z  INFO  {CSYPRF} Copy CSYPRF
2026-04-23 13:28:59,455 +0000Z  INFO  {CSYPRF} CSYPRF: Copied 0 rows.
2026-04-23 13:28:59,466 +0000Z  INFO  {FGINLI} Copy FGINLI
2026-04-23 13:28:59,477 +0000Z  INFO  {FMINTL} Copy FMINTL
2026-04-23 13:28:59,481 +0000Z  INFO  {MMIPPM} Copy MMIPPM
2026-04-23 13:28:59,491 +0000Z  INFO  {DWCLFC} Copy DWCLFC
2026-04-23 13:28:59,512 +0000Z  INFO  {MMIPPM} MMIPPM: Copied 0 rows.
2026-04-23 13:28:59,519 +0000Z  INFO  {MMOPLP} Copy MMOPLP
2026-04-23 13:28:59,534 +0000Z  INFO  {FMINTL} FMINTL: Copied 0 rows.
2026-04-23 13:28:59,543 +0000Z  INFO  {DWCLFC} DWCLFC: Copied 0 rows.
2026-04-23 13:28:59,544 +0000Z  INFO  {FGINLI} FGINLI: Copied 0 rows.
2026-04-23 13:28:59,546 +0000Z  INFO  {BELEME} Copy BELEME
2026-04-23 13:28:59,571 +0000Z  INFO  {MMOPLP} MMOPLP: Copied 0 rows.
2026-04-23 13:28:59,577 +0000Z  INFO  {CINHVT} Copy CINHVT
2026-04-23 13:28:59,583 +0000Z  INFO  {BELEME} BELEME: Copied 0 rows.
2026-04-23 13:28:59,589 +0000Z  INFO  {CPOOPE} Copy CPOOPE
2026-04-23 13:28:59,594 +0000Z  INFO  {CINHVT} CINHVT: Copied 0 rows.
2026-04-23 13:28:59,595 +0000Z  INFO  {FTXVVP} Copy FTXVVP
2026-04-23 13:28:59,609 +0000Z  INFO  {MACMAT} Copy MACMAT
2026-04-23 13:28:59,610 +0000Z  INFO  {FTXVVP} FTXVVP: Copied 0 rows.
2026-04-23 13:28:59,615 +0000Z  INFO  {CPOOPE} CPOOPE: Copied 0 rows.
2026-04-23 13:28:59,617 +0000Z  INFO  {MITNUC} Copy MITNUC
2026-04-23 13:28:59,621 +0000Z  INFO  {MPDSHT} Copy MPDSHT
2026-04-23 13:28:59,627 +0000Z  INFO  {MSCHED} Copy MSCHED
2026-04-23 13:28:59,628 +0000Z  INFO  {MACMAT} MACMAT: Copied 0 rows.
2026-04-23 13:28:59,638 +0000Z  INFO  {MPDSHT} MPDSHT: Copied 0 rows.
2026-04-23 13:28:59,641 +0000Z  INFO  {CPOCOS} Copy CPOCOS
2026-04-23 13:28:59,651 +0000Z  INFO  {MSCHED} MSCHED: Copied 0 rows.
2026-04-23 13:28:59,651 +0000Z  INFO  {FDOCFO} Copy FDOCFO
2026-04-23 13:28:59,652 +0000Z  INFO  {MITNUC} MITNUC: Copied 0 rows.
2026-04-23 13:28:59,662 +0000Z  INFO  {MPDRER} Copy MPDRER
2026-04-23 13:28:59,665 +0000Z  INFO  {CPOCOS} CPOCOS: Copied 0 rows.
2026-04-23 13:28:59,666 +0000Z  INFO  {MWLOAD} MWLOAD: Copied 0 rows.
2026-04-23 13:28:59,671 +0000Z  INFO  {FDOCFO} FDOCFO: Copied 0 rows.
2026-04-23 13:28:59,672 +0000Z  INFO  {MPFRPT} Copy MPFRPT
2026-04-23 13:28:59,677 +0000Z  INFO  {MRPDTH} Copy MRPDTH
2026-04-23 13:28:59,678 +0000Z  INFO  {MPDRER} MPDRER: Copied 0 rows.
2026-04-23 13:28:59,683 +0000Z  INFO  {MPFRPT} MPFRPT: Copied 0 rows.
2026-04-23 13:28:59,685 +0000Z  INFO  {MXBETR} Copy MXBETR
2026-04-23 13:28:59,694 +0000Z  INFO  {MRPDTH} MRPDTH: Copied 0 rows.
2026-04-23 13:28:59,695 +0000Z  INFO  {MXBETR} MXBETR: Copied 0 rows.
2026-04-23 13:28:59,704 +0000Z  INFO  {MPDOPS} Copy MPDOPS
2026-04-23 13:28:59,721 +0000Z  INFO  {OODFLT} Copy OODFLT
2026-04-23 13:28:59,723 +0000Z  INFO  {MPDOPS} MPDOPS: Copied 0 rows.
2026-04-23 13:28:59,736 +0000Z  INFO  {OOTYPE} Copy OOTYPE
2026-04-23 13:28:59,745 +0000Z  INFO  {QMSTRE} Copy QMSTRE
2026-04-23 13:28:59,746 +0000Z  INFO  {OODFLT} OODFLT: Copied 0 rows.
2026-04-23 13:28:59,757 +0000Z  INFO  {OOTYPE} OOTYPE: Copied 0 rows.
2026-04-23 13:28:59,759 +0000Z  INFO  {CMNPSU} Copy CMNPSU
2026-04-23 13:28:59,775 +0000Z  INFO  {QMSTRE} QMSTRE: Copied 0 rows.
2026-04-23 13:28:59,781 +0000Z  INFO  {MPDSHM} Copy MPDSHM
2026-04-23 13:28:59,796 +0000Z  INFO  {CMNPSU} CMNPSU: Copied 0 rows.
2026-04-23 13:28:59,797 +0000Z  INFO  {CIMAAI} Copy CIMAAI
2026-04-23 13:28:59,804 +0000Z  INFO  {MPDSHM} MPDSHM: Copied 0 rows.
2026-04-23 13:28:59,812 +0000Z  INFO  {FFRDIR} Copy FFRDIR
2026-04-23 13:28:59,817 +0000Z  INFO  {FGINHE} Copy FGINHE
2026-04-23 13:28:59,826 +0000Z  INFO  {CIMAAI} CIMAAI: Copied 0 rows.
2026-04-23 13:28:59,829 +0000Z  INFO  {FGINHE} FGINHE: Copied 0 rows.
2026-04-23 13:28:59,838 +0000Z  INFO  {FFRDIR} FFRDIR: Copied 0 rows.
2026-04-23 13:28:59,838 +0000Z  INFO  {MWASHI} Copy MWASHI
2026-04-23 13:28:59,860 +0000Z  INFO  {QMSTST} Copy QMSTST
2026-04-23 13:28:59,867 +0000Z  INFO  {MWASHI} MWASHI: Copied 0 rows.
2026-04-23 13:28:59,877 +0000Z  INFO  {FBANID} Copy FBANID
2026-04-23 13:28:59,882 +0000Z  INFO  {CPOHED} Copy CPOHED
2026-04-23 13:28:59,887 +0000Z  INFO  {MCCCDF} Copy MCCCDF
2026-04-23 13:28:59,900 +0000Z  INFO  {CSYTXH} Copy CSYTXH
2026-04-23 13:28:59,903 +0000Z  INFO  {MCCCDF} MCCCDF: Copied 0 rows.
2026-04-23 13:28:59,904 +0000Z  INFO  {FBANID} FBANID: Copied 0 rows.
2026-04-23 13:28:59,907 +0000Z  INFO  {FSTMT2} Copy FSTMT2
2026-04-23 13:28:59,908 +0000Z  INFO  {CPOHED} CPOHED: Copied 0 rows.
2026-04-23 13:28:59,910 +0000Z  INFO  {QMSTST} QMSTST: Copied 0 rows.
2026-04-23 13:28:59,915 +0000Z  INFO  {MACMAA} Copy MACMAA
2026-04-23 13:28:59,918 +0000Z  INFO  {CSYTXH} CSYTXH: Copied 0 rows.
2026-04-23 13:28:59,924 +0000Z  INFO  {FSTMT2} FSTMT2: Copied 0 rows.
2026-04-23 13:28:59,928 +0000Z  INFO  {MGTYPE} Copy MGTYPE
2026-04-23 13:28:59,930 +0000Z  INFO  {MACMAA} MACMAA: Copied 0 rows.
2026-04-23 13:28:59,938 +0000Z  INFO  {MQM621} Copy MQM621
2026-04-23 13:28:59,939 +0000Z  INFO  {MGTYPE} MGTYPE: Copied 0 rows.
2026-04-23 13:28:59,942 +0000Z  INFO  {CREVNT} Copy CREVNT
2026-04-23 13:28:59,951 +0000Z  INFO  {CREVNT} CREVNT: Copied 0 rows.
2026-04-23 13:28:59,951 +0000Z  INFO  {MCCSID} Copy MCCSID
2026-04-23 13:28:59,952 +0000Z  INFO  {MQM621} MQM621: Copied 0 rows.
2026-04-23 13:28:59,957 +0000Z  INFO  {MPDIRV} Copy MPDIRV
2026-04-23 13:28:59,962 +0000Z  INFO  {MCCSID} MCCSID: Copied 0 rows.
2026-04-23 13:28:59,974 +0000Z  INFO  {FAPIBL} Copy FAPIBL
2026-04-23 13:28:59,975 +0000Z  INFO  {MPDIRV} MPDIRV: Copied 0 rows.
2026-04-23 13:28:59,990 +0000Z  INFO  {MBREDI} Copy MBREDI
2026-04-23 13:28:59,991 +0000Z  INFO  {FAPIBL} FAPIBL: Copied 0 rows.
2026-04-23 13:28:59,998 +0000Z  INFO  {MCDMTX} Copy MCDMTX
2026-04-23 13:29:00,003 +0000Z  INFO  {MBREDI} MBREDI: Copied 0 rows.
2026-04-23 13:29:00,038 +0000Z  INFO  {CSYDPM} Copy CSYDPM
2026-04-23 13:29:00,041 +0000Z  INFO  {MCDMTX} MCDMTX: Copied 0 rows.
2026-04-23 13:29:00,062 +0000Z  INFO  {MPGRDO} Copy MPGRDO
2026-04-23 13:29:00,065 +0000Z  INFO  {CSYDPM} CSYDPM: Copied 0 rows.
2026-04-23 13:29:00,075 +0000Z  INFO  {MPRENT} Copy MPRENT
2026-04-23 13:29:00,081 +0000Z  INFO  {MPGRDO} MPGRDO: Copied 0 rows.
2026-04-23 13:29:00,082 +0000Z  INFO  {MXHEAD} Copy MXHEAD
2026-04-23 13:29:00,086 +0000Z  INFO  {MPRENT} MPRENT: Copied 0 rows.
2026-04-23 13:29:00,098 +0000Z  INFO  {MXLINE} Copy MXLINE
2026-04-23 13:29:00,100 +0000Z  INFO  {MXHEAD} MXHEAD: Copied 0 rows.
2026-04-23 13:29:00,103 +0000Z  INFO  {OCUSXX} Copy OCUSXX
2026-04-23 13:29:00,117 +0000Z  INFO  {PDNLIN} Copy PDNLIN
2026-04-23 13:29:00,119 +0000Z  INFO  {MXLINE} MXLINE: Copied 0 rows.
2026-04-23 13:29:00,122 +0000Z  INFO  {OCUSXX} OCUSXX: Copied 0 rows.
2026-04-23 13:29:00,126 +0000Z  INFO  {SQUAPO} Copy SQUAPO
2026-04-23 13:29:00,132 +0000Z  INFO  {PDNLIN} PDNLIN: Copied 0 rows.
2026-04-23 13:29:00,132 +0000Z  INFO  {CGEOJU} Copy CGEOJU
2026-04-23 13:29:00,137 +0000Z  INFO  {CRRCRC} Copy CRRCRC
2026-04-23 13:29:00,138 +0000Z  INFO  {SQUAPO} SQUAPO: Copied 0 rows.
2026-04-23 13:29:00,142 +0000Z  INFO  {MIADSL} Copy MIADSL
2026-04-23 13:29:00,144 +0000Z  INFO  {CGEOJU} CGEOJU: Copied 0 rows.
2026-04-23 13:29:00,147 +0000Z  INFO  {MPCCDF} Copy MPCCDF
2026-04-23 13:29:00,153 +0000Z  INFO  {MIADSL} MIADSL: Copied 0 rows.
2026-04-23 13:29:00,155 +0000Z  INFO  {CRRCRC} CRRCRC: Copied 0 rows.
2026-04-23 13:29:00,161 +0000Z  INFO  {MPCCDF} MPCCDF: Copied 0 rows.
2026-04-23 13:29:00,162 +0000Z  INFO  {CPOPRO} Copy CPOPRO
2026-04-23 13:29:00,166 +0000Z  INFO  {FCAVDF} Copy FCAVDF
2026-04-23 13:29:00,173 +0000Z  INFO  {MPURST} Copy MPURST
2026-04-23 13:29:00,181 +0000Z  INFO  {MTEFLA} Copy MTEFLA
2026-04-23 13:29:00,182 +0000Z  INFO  {CPOPRO} CPOPRO: Copied 0 rows.
2026-04-23 13:29:00,185 +0000Z  INFO  {FCAVDF} FCAVDF: Copied 0 rows.
2026-04-23 13:29:00,187 +0000Z  INFO  {CCUCRL} Copy CCUCRL
2026-04-23 13:29:00,189 +0000Z  INFO  {MPURST} MPURST: Copied 0 rows.
2026-04-23 13:29:00,191 +0000Z  INFO  {MTEFLA} MTEFLA: Copied 0 rows.
2026-04-23 13:29:00,201 +0000Z  INFO  {CCUCRL} CCUCRL: Copied 0 rows.
2026-04-23 13:29:00,204 +0000Z  INFO  {FPSUGD} Copy FPSUGD
2026-04-23 13:29:00,217 +0000Z  INFO  {FPSUGD} FPSUGD: Copied 0 rows.
2026-04-23 13:29:00,254 +0000Z  INFO  {OCUSMA} Copy OCUSMA
2026-04-23 13:29:00,286 +0000Z  INFO  {CMF610} Copy CMF610
2026-04-23 13:29:00,291 +0000Z  INFO  {FFIHSD} Copy FFIHSD
2026-04-23 13:29:00,297 +0000Z  INFO  {FSTDEF} Copy FSTDEF
2026-04-23 13:29:00,305 +0000Z  INFO  {FFIHSD} FFIHSD: Copied 0 rows.
2026-04-23 13:29:00,308 +0000Z  INFO  {MACOPE} Copy MACOPE
2026-04-23 13:29:00,311 +0000Z  INFO  {FSTDEF} FSTDEF: Copied 0 rows.
2026-04-23 13:29:00,316 +0000Z  INFO  {OCUSMA} OCUSMA: Copied 0 rows.
2026-04-23 13:29:00,317 +0000Z  INFO  {MSUPFC} Copy MSUPFC
2026-04-23 13:29:00,322 +0000Z  INFO  {MACOPE} MACOPE: Copied 0 rows.
2026-04-23 13:29:00,329 +0000Z  INFO  {MTEFLD} Copy MTEFLD
2026-04-23 13:29:00,332 +0000Z  INFO  {MSUPFC} MSUPFC: Copied 0 rows.
2026-04-23 13:29:00,340 +0000Z  INFO  {MTEFLG} Copy MTEFLG
2026-04-23 13:29:00,348 +0000Z  INFO  {CMF610} CMF610: Copied 0 rows.
2026-04-23 13:29:00,349 +0000Z  INFO  {MTEFLD} MTEFLD: Copied 0 rows.
2026-04-23 13:29:00,352 +0000Z  INFO  {STTYDO} Copy STTYDO
2026-04-23 13:29:00,357 +0000Z  INFO  {CGEORT} Copy CGEORT
2026-04-23 13:29:00,358 +0000Z  INFO  {MTEFLG} MTEFLG: Copied 0 rows.
2026-04-23 13:29:00,362 +0000Z  INFO  {STTYDO} STTYDO: Copied 0 rows.
2026-04-23 13:29:00,367 +0000Z  INFO  {CGEORT} CGEORT: Copied 0 rows.
2026-04-23 13:29:00,367 +0000Z  INFO  {MHISUB} Copy MHISUB
2026-04-23 13:29:00,381 +0000Z  INFO  {MHISUB} MHISUB: Copied 0 rows.
2026-04-23 13:29:00,382 +0000Z  INFO  {CSYSET} Copy CSYSET
2026-04-23 13:29:00,386 +0000Z  INFO  {MITFCH} Copy MITFCH
2026-04-23 13:29:00,393 +0000Z  INFO  {CSYSET} CSYSET: Copied 0 rows.
2026-04-23 13:29:00,394 +0000Z  INFO  {MITTTY} Copy MITTTY
2026-04-23 13:29:00,396 +0000Z  INFO  {MITFCH} MITFCH: Copied 0 rows.
2026-04-23 13:29:00,399 +0000Z  INFO  {MMCINO} Copy MMCINO
2026-04-23 13:29:00,403 +0000Z  INFO  {MSLWFH} Copy MSLWFH
2026-04-23 13:29:00,406 +0000Z  INFO  {MITTTY} MITTTY: Copied 0 rows.
2026-04-23 13:29:00,411 +0000Z  INFO  {MMCINO} MMCINO: Copied 0 rows.
2026-04-23 13:29:00,416 +0000Z  INFO  {MSLWFH} MSLWFH: Copied 0 rows.
2026-04-23 13:29:00,416 +0000Z  INFO  {FABTAB} Copy FABTAB
2026-04-23 13:29:00,424 +0000Z  INFO  {MACOPU} Copy MACOPU
2026-04-23 13:29:00,426 +0000Z  INFO  {FABTAB} FABTAB: Copied 0 rows.
2026-04-23 13:29:00,431 +0000Z  INFO  {MAHEAD} Copy MAHEAD
2026-04-23 13:29:00,442 +0000Z  INFO  {MACOPU} MACOPU: Copied 0 rows.
2026-04-23 13:29:00,443 +0000Z  INFO  {MAHEAD} MAHEAD: Copied 0 rows.
2026-04-23 13:29:00,444 +0000Z  INFO  {MITATP} Copy MITATP
2026-04-23 13:29:00,449 +0000Z  INFO  {PDNHEA} Copy PDNHEA
2026-04-23 13:29:00,455 +0000Z  INFO  {CCR610} Copy CCR610
2026-04-23 13:29:00,460 +0000Z  INFO  {PDNHEA} PDNHEA: Copied 0 rows.
2026-04-23 13:29:00,460 +0000Z  INFO  {CSYSEL} Copy CSYSEL
2026-04-23 13:29:00,465 +0000Z  INFO  {FVATCS} Copy FVATCS
2026-04-23 13:29:00,466 +0000Z  INFO  {MITATP} MITATP: Copied 0 rows.
2026-04-23 13:29:00,469 +0000Z  INFO  {CCR610} CCR610: Copied 0 rows.
2026-04-23 13:29:00,473 +0000Z  INFO  {MMIQLF} Copy MMIQLF
2026-04-23 13:29:00,475 +0000Z  INFO  {CSYSEL} CSYSEL: Copied 0 rows.
2026-04-23 13:29:00,482 +0000Z  INFO  {FVATCS} FVATCS: Copied 0 rows.
2026-04-23 13:29:00,483 +0000Z  INFO  {MPDSHP} Copy MPDSHP
2026-04-23 13:29:00,487 +0000Z  INFO  {MMIQLF} MMIQLF: Copied 0 rows.
2026-04-23 13:29:00,491 +0000Z  INFO  {MPDSPL} Copy MPDSPL
2026-04-23 13:29:00,496 +0000Z  INFO  {OPROPE} Copy OPROPE
2026-04-23 13:29:00,496 +0000Z  INFO  {MPDSHP} MPDSHP: Copied 0 rows.
2026-04-23 13:29:00,504 +0000Z  INFO  {MPDSPL} MPDSPL: Copied 0 rows.
2026-04-23 13:29:00,505 +0000Z  INFO  {CSYSCH} Copy CSYSCH
2026-04-23 13:29:00,505 +0000Z  INFO  {OPROPE} OPROPE: Copied 0 rows.
2026-04-23 13:29:00,509 +0000Z  INFO  {MILOMC} Copy MILOMC
2026-04-23 13:29:00,513 +0000Z  INFO  {CSYSCH} CSYSCH: Copied 0 rows.
2026-04-23 13:29:00,514 +0000Z  INFO  {CRFNCN} Copy CRFNCN
2026-04-23 13:29:00,519 +0000Z  INFO  {MILOMC} MILOMC: Copied 0 rows.
2026-04-23 13:29:00,520 +0000Z  INFO  {DDOCSE} Copy DDOCSE
2026-04-23 13:29:00,524 +0000Z  INFO  {CRFNCN} CRFNCN: Copied 0 rows.
2026-04-23 13:29:00,525 +0000Z  INFO  {MDOCST} Copy MDOCST
2026-04-23 13:29:00,529 +0000Z  INFO  {DDOCSE} DDOCSE: Copied 0 rows.
2026-04-23 13:29:00,535 +0000Z  INFO  {MDOCST} MDOCST: Copied 0 rows.
2026-04-23 13:29:00,535 +0000Z  INFO  {MPORDT} Copy MPORDT
2026-04-23 13:29:00,540 +0000Z  INFO  {SSVAID} Copy SSVAID
2026-04-23 13:29:00,552 +0000Z  INFO  {MPORDT} MPORDT: Copied 0 rows.
2026-04-23 13:29:00,553 +0000Z  INFO  {SSVAID} SSVAID: Copied 0 rows.
2026-04-23 13:29:00,589 +0000Z  INFO  {CMNUQL} Copy CMNUQL
2026-04-23 13:29:00,602 +0000Z  INFO  {CPOBAL} Copy CPOBAL
2026-04-23 13:29:00,610 +0000Z  INFO  {CPOKEY} Copy CPOKEY
2026-04-23 13:29:00,621 +0000Z  INFO  {AFLMET} Copy AFLMET
2026-04-23 13:29:00,624 +0000Z  INFO  {CPOKEY} CPOKEY: Copied 0 rows.
2026-04-23 13:29:00,627 +0000Z  INFO  {CPOBAL} CPOBAL: Copied 0 rows.
2026-04-23 13:29:00,637 +0000Z  INFO  {AFLMET} AFLMET: Copied 0 rows.
2026-04-23 13:29:00,644 +0000Z  INFO  {CESILH} Copy CESILH
2026-04-23 13:29:00,645 +0000Z  INFO  {CMNUQL} CMNUQL: Copied 0 rows.
2026-04-23 13:29:00,649 +0000Z  INFO  {FCA17T} Copy FCA17T
2026-04-23 13:29:00,660 +0000Z  INFO  {MCPAPE} Copy MCPAPE
2026-04-23 13:29:00,665 +0000Z  INFO  {CESILH} CESILH: Copied 0 rows.
2026-04-23 13:29:00,671 +0000Z  INFO  {FCA17T} FCA17T: Copied 0 rows.
2026-04-23 13:29:00,672 +0000Z  INFO  {MDPREL} Copy MDPREL
2026-04-23 13:29:00,677 +0000Z  INFO  {MCPAPE} MCPAPE: Copied 0 rows.
2026-04-23 13:29:00,689 +0000Z  INFO  {MDPREL} MDPREL: Copied 0 rows.
2026-04-23 13:29:00,690 +0000Z  INFO  {MITTKV} Copy MITTKV
2026-04-23 13:29:00,694 +0000Z  INFO  {MPAGRE} Copy MPAGRE
2026-04-23 13:29:00,701 +0000Z  INFO  {MPGSET} Copy MPGSET
2026-04-23 13:29:00,712 +0000Z  INFO  {OPROMT} Copy OPROMT
2026-04-23 13:29:00,717 +0000Z  INFO  {MPAGRE} MPAGRE: Copied 0 rows.
2026-04-23 13:29:00,723 +0000Z  INFO  {MPGSET} MPGSET: Copied 0 rows.
2026-04-23 13:29:00,724 +0000Z  INFO  {MITTKV} MITTKV: Copied 0 rows.
2026-04-23 13:29:00,731 +0000Z  INFO  {OPROMT} OPROMT: Copied 0 rows.
2026-04-23 13:29:00,813 +0000Z  INFO  {OXLINE} Copy OXLINE
2026-04-23 13:29:00,819 +0000Z  INFO  {FFASDM} Copy FFASDM
2026-04-23 13:29:00,827 +0000Z  INFO  {FFSVFA} Copy FFSVFA
2026-04-23 13:29:00,834 +0000Z  INFO  {FREMD2} Copy FREMD2
2026-04-23 13:29:00,835 +0000Z  INFO  {FFASDM} FFASDM: Copied 0 rows.
2026-04-23 13:29:00,847 +0000Z  INFO  {MWPREL} Copy MWPREL
2026-04-23 13:29:00,850 +0000Z  INFO  {FFSVFA} FFSVFA: Copied 0 rows.
2026-04-23 13:29:00,857 +0000Z  INFO  {FREMD2} FREMD2: Copied 0 rows.
2026-04-23 13:29:00,877 +0000Z  INFO  {MWPREL} MWPREL: Copied 0 rows.
2026-04-23 13:29:00,888 +0000Z  INFO  {MBCFGL} Copy MBCFGL
2026-04-23 13:29:00,903 +0000Z  INFO  {MRCBOM} Copy MRCBOM
2026-04-23 13:29:00,926 +0000Z  INFO  {OXLINE} OXLINE: Copied 0 rows.
2026-04-23 13:29:00,927 +0000Z  INFO  {MBCFGL} MBCFGL: Copied 0 rows.
2026-04-23 13:29:00,930 +0000Z  INFO  {MRCBOM} MRCBOM: Copied 0 rows.
2026-04-23 13:29:00,930 +0000Z  INFO  {MWORDT} Copy MWORDT
2026-04-23 13:29:00,948 +0000Z  INFO  {MWORDT} MWORDT: Copied 0 rows.
2026-04-23 13:29:00,960 +0000Z  INFO  {OPRREC} Copy OPRREC
2026-04-23 13:29:00,998 +0000Z  INFO  {CIDMAS} Copy CIDMAS
2026-04-23 13:29:01,000 +0000Z  INFO  {OPRREC} OPRREC: Copied 0 rows.
2026-04-23 13:29:01,019 +0000Z  INFO  {CIDMAS} CIDMAS: Copied 0 rows.
2026-04-23 13:29:01,021 +0000Z  INFO  {FVATRC} Copy FVATRC
2026-04-23 13:29:01,036 +0000Z  INFO  {FVATRC} FVATRC: Copied 0 rows.
2026-04-23 13:29:01,039 +0000Z  INFO  {MITVEN} Copy MITVEN
2026-04-23 13:29:01,046 +0000Z  INFO  {OCUSAD} Copy OCUSAD
2026-04-23 13:29:01,058 +0000Z  INFO  {OCUSAD} OCUSAD: Copied 0 rows.
2026-04-23 13:29:01,059 +0000Z  INFO  {CACCST} Copy CACCST
2026-04-23 13:29:01,067 +0000Z  INFO  {MITVEN} MITVEN: Copied 0 rows.
2026-04-23 13:29:01,074 +0000Z  INFO  {CACCST} CACCST: Copied 0 rows.
2026-04-23 13:29:01,075 +0000Z  INFO  {CQLICP} Copy CQLICP
2026-04-23 13:29:01,090 +0000Z  INFO  {CQLICP} CQLICP: Copied 0 rows.
2026-04-23 13:29:01,092 +0000Z  INFO  {CSYREV} Copy CSYREV
2026-04-23 13:29:01,099 +0000Z  INFO  {MDOPLA} Copy MDOPLA
2026-04-23 13:29:01,107 +0000Z  INFO  {CSYREV} CSYREV: Copied 0 rows.
2026-04-23 13:29:01,107 +0000Z  INFO  {MPDOAL} Copy MPDOAL
2026-04-23 13:29:01,114 +0000Z  INFO  {MDOPLA} MDOPLA: Copied 0 rows.
2026-04-23 13:29:01,115 +0000Z  INFO  {OGDIPO} Copy OGDIPO
2026-04-23 13:29:01,117 +0000Z  INFO  {MPDOAL} MPDOAL: Copied 0 rows.
2026-04-23 13:29:01,128 +0000Z  INFO  {CIDVEN} Copy CIDVEN
2026-04-23 13:29:01,138 +0000Z  INFO  {CSYVFA} Copy CSYVFA
2026-04-23 13:29:01,145 +0000Z  INFO  {OGDIPO} OGDIPO: Copied 0 rows.
2026-04-23 13:29:01,147 +0000Z  INFO  {CIDVEN} CIDVEN: Copied 0 rows.
2026-04-23 13:29:01,153 +0000Z  INFO  {MACOPA} Copy MACOPA
2026-04-23 13:29:01,155 +0000Z  INFO  {CSYVFA} CSYVFA: Copied 0 rows.
2026-04-23 13:29:01,167 +0000Z  INFO  {MDOPLP} Copy MDOPLP
2026-04-23 13:29:01,169 +0000Z  INFO  {MACOPA} MACOPA: Copied 0 rows.
2026-04-23 13:29:01,179 +0000Z  INFO  {MITWHG} Copy MITWHG
2026-04-23 13:29:01,184 +0000Z  INFO  {MDOPLP} MDOPLP: Copied 0 rows.
2026-04-23 13:29:01,189 +0000Z  INFO  {MITWHG} MITWHG: Copied 0 rows.
2026-04-23 13:29:01,194 +0000Z  INFO  {OXCNTR} Copy OXCNTR
2026-04-23 13:29:01,213 +0000Z  INFO  {OXCNTR} OXCNTR: Copied 0 rows.
2026-04-23 13:29:01,215 +0000Z  INFO  {OXHEAD} Copy OXHEAD
2026-04-23 13:29:01,224 +0000Z  INFO  {QMSSPE} Copy QMSSPE
2026-04-23 13:29:01,234 +0000Z  INFO  {CIDADR} Copy CIDADR
2026-04-23 13:29:01,243 +0000Z  INFO  {CSYMOD} Copy CSYMOD
2026-04-23 13:29:01,249 +0000Z  INFO  {CIDADR} CIDADR: Copied 0 rows.
2026-04-23 13:29:01,250 +0000Z  INFO  {QMSSPE} QMSSPE: Copied 0 rows.
2026-04-23 13:29:01,251 +0000Z  INFO  {FAPRCD} Copy FAPRCD
2026-04-23 13:29:01,260 +0000Z  INFO  {CSYMOD} CSYMOD: Copied 0 rows.
2026-04-23 13:29:01,279 +0000Z  INFO  {FBKDEF} Copy FBKDEF
2026-04-23 13:29:01,279 +0000Z  INFO  {FAPRCD} FAPRCD: Copied 0 rows.
2026-04-23 13:29:01,288 +0000Z  INFO  {FFIORH} Copy FFIORH
2026-04-23 13:29:01,289 +0000Z  INFO  {OXHEAD} OXHEAD: Copied 0 rows.
2026-04-23 13:29:01,301 +0000Z  INFO  {FFIORH} FFIORH: Copied 0 rows.
2026-04-23 13:29:01,312 +0000Z  INFO  {FVATMI} Copy FVATMI
2026-04-23 13:29:01,319 +0000Z  INFO  {FBKDEF} FBKDEF: Copied 0 rows.
2026-04-23 13:29:01,320 +0000Z  INFO  {MITWHL} Copy MITWHL
2026-04-23 13:29:01,328 +0000Z  INFO  {OAGRLN} Copy OAGRLN
2026-04-23 13:29:01,332 +0000Z  INFO  {FVATMI} FVATMI: Copied 0 rows.
2026-04-23 13:29:01,334 +0000Z  INFO  {CSYNUM} Copy CSYNUM
2026-04-23 13:29:01,340 +0000Z  INFO  {MITWHL} MITWHL: Copied 0 rows.
2026-04-23 13:29:01,346 +0000Z  INFO  {OAGRLN} OAGRLN: Copied 0 rows.
2026-04-23 13:29:01,348 +0000Z  INFO  {FSLOPT} Copy FSLOPT
2026-04-23 13:29:01,350 +0000Z  INFO  {CSYNUM} CSYNUM: Copied 1 rows.
2026-04-23 13:29:01,355 +0000Z  INFO  {MCPRCO} Copy MCPRCO
2026-04-23 13:29:01,362 +0000Z  INFO  {MPACIT} Copy MPACIT
2026-04-23 13:29:01,367 +0000Z  INFO  {FSLOPT} FSLOPT: Copied 0 rows.
2026-04-23 13:29:01,368 +0000Z  INFO  {QMSTTP} Copy QMSTTP
2026-04-23 13:29:01,369 +0000Z  INFO  {MCPRCO} MCPRCO: Copied 0 rows.
2026-04-23 13:29:01,384 +0000Z  INFO  {MPACIT} MPACIT: Copied 0 rows.
2026-04-23 13:29:01,384 +0000Z  INFO  {CGEOEX} Copy CGEOEX
2026-04-23 13:29:01,385 +0000Z  INFO  {QMSTTP} QMSTTP: Copied 0 rows.
2026-04-23 13:29:01,394 +0000Z  INFO  {CGETXL} Copy CGETXL
2026-04-23 13:29:01,405 +0000Z  INFO  {CGEOEX} CGEOEX: Copied 0 rows.
2026-04-23 13:29:01,405 +0000Z  INFO  {CIDALL} Copy CIDALL
2026-04-23 13:29:01,406 +0000Z  INFO  {CGETXL} CGETXL: Copied 0 rows.
2026-04-23 13:29:01,410 +0000Z  INFO  {CIDREF} Copy CIDREF
2026-04-23 13:29:01,418 +0000Z  INFO  {CIDALL} CIDALL: Copied 0 rows.
2026-04-23 13:29:01,421 +0000Z  INFO  {CIDREF} CIDREF: Copied 0 rows.
2026-04-23 13:29:01,422 +0000Z  INFO  {MALATD} Copy MALATD
2026-04-23 13:29:01,428 +0000Z  INFO  {MILOME} Copy MILOME
2026-04-23 13:29:01,437 +0000Z  INFO  {MITNUM} Copy MITNUM
2026-04-23 13:29:01,441 +0000Z  INFO  {MILOME} MILOME: Copied 0 rows.
2026-04-23 13:29:01,441 +0000Z  INFO  {MALATD} MALATD: Copied 0 rows.
2026-04-23 13:29:01,443 +0000Z  INFO  {MITWLT} Copy MITWLT
2026-04-23 13:29:01,450 +0000Z  INFO  {MITYAL} Copy MITYAL
2026-04-23 13:29:01,456 +0000Z  INFO  {MITNUM} MITNUM: Copied 0 rows.
2026-04-23 13:29:01,460 +0000Z  INFO  {MMETER} Copy MMETER
2026-04-23 13:29:01,466 +0000Z  INFO  {MITWLT} MITWLT: Copied 0 rows.
2026-04-23 13:29:01,467 +0000Z  INFO  {MITYAL} MITYAL: Copied 0 rows.
2026-04-23 13:29:01,469 +0000Z  INFO  {MPAGRH} Copy MPAGRH
2026-04-23 13:29:01,475 +0000Z  INFO  {MMETER} MMETER: Copied 0 rows.
2026-04-23 13:29:01,477 +0000Z  INFO  {MRCDET} Copy MRCDET
2026-04-23 13:29:01,487 +0000Z  INFO  {MRCHED} Copy MRCHED
2026-04-23 13:29:01,492 +0000Z  INFO  {MRPSIM} Copy MRPSIM
2026-04-23 13:29:01,499 +0000Z  INFO  {MPAGRH} MPAGRH: Copied 0 rows.
2026-04-23 13:29:01,500 +0000Z  INFO  {MSUPHI} Copy MSUPHI
2026-04-23 13:29:01,507 +0000Z  INFO  {MRCHED} MRCHED: Copied 0 rows.
2026-04-23 13:29:01,507 +0000Z  INFO  {OAGRPR} Copy OAGRPR
2026-04-23 13:29:01,507 +0000Z  INFO  {MRCDET} MRCDET: Copied 0 rows.
2026-04-23 13:29:01,508 +0000Z  INFO  {MRPSIM} MRPSIM: Copied 0 rows.
2026-04-23 13:29:01,514 +0000Z  INFO  {OBOACP} Copy OBOACP
2026-04-23 13:29:01,514 +0000Z  INFO  {MSUPHI} MSUPHI: Copied 0 rows.
2026-04-23 13:29:01,518 +0000Z  INFO  {OAGRPR} OAGRPR: Copied 0 rows.
2026-04-23 13:29:01,522 +0000Z  INFO  {OBONAG} Copy OBONAG
2026-04-23 13:29:01,529 +0000Z  INFO  {OBONSR} Copy OBONSR
2026-04-23 13:29:01,536 +0000Z  INFO  {OBONAG} OBONAG: Copied 0 rows.
2026-04-23 13:29:01,542 +0000Z  INFO  {OBONSR} OBONSR: Copied 0 rows.
2026-04-23 13:29:01,544 +0000Z  INFO  {OBOACP} OBOACP: Copied 0 rows.
2026-04-23 13:29:01,546 +0000Z  INFO  {OPROML} Copy OPROML
2026-04-23 13:29:01,558 +0000Z  INFO  {OPROMS} Copy OPROMS
2026-04-23 13:29:01,565 +0000Z  INFO  {OPROML} OPROML: Copied 0 rows.
2026-04-23 13:29:01,568 +0000Z  INFO  {CIMADV} Copy CIMADV
2026-04-23 13:29:01,575 +0000Z  INFO  {OPROMS} OPROMS: Copied 0 rows.
2026-04-23 13:29:01,576 +0000Z  INFO  {CMNVER} Copy CMNVER
2026-04-23 13:29:01,581 +0000Z  INFO  {FCA17D} Copy FCA17D
2026-04-23 13:29:01,587 +0000Z  INFO  {CIMADV} CIMADV: Copied 0 rows.
2026-04-23 13:29:01,590 +0000Z  INFO  {CMNVER} CMNVER: Copied 0 rows.
2026-04-23 13:29:01,592 +0000Z  INFO  {FCA17D} FCA17D: Copied 0 rows.
2026-04-23 13:29:01,593 +0000Z  INFO  {FFRDEF} Copy FFRDEF
2026-04-23 13:29:01,610 +0000Z  INFO  {OBOTRA} Copy OBOTRA
2026-04-23 13:29:01,615 +0000Z  INFO  {CESREC} Copy CESREC
2026-04-23 13:29:01,618 +0000Z  INFO  {FFRDEF} FFRDEF: Copied 0 rows.
2026-04-23 13:29:01,621 +0000Z  INFO  {CESSGN} Copy CESSGN
2026-04-23 13:29:01,629 +0000Z  INFO  {CESSGN} CESSGN: Copied 0 rows.
2026-04-23 13:29:01,638 +0000Z  INFO  {CESREC} CESREC: Copied 0 rows.
2026-04-23 13:29:01,638 +0000Z  INFO  {OBOTRA} OBOTRA: Copied 0 rows.
2026-04-23 13:29:01,639 +0000Z  INFO  {CGEEX3} Copy CGEEX3
2026-04-23 13:29:01,650 +0000Z  INFO  {CSYDMP} Copy CSYDMP
2026-04-23 13:29:01,658 +0000Z  INFO  {CGEEX3} CGEEX3: Copied 0 rows.
2026-04-23 13:29:01,659 +0000Z  INFO  {FCUSCR} Copy FCUSCR
2026-04-23 13:29:01,664 +0000Z  INFO  {FFDTSC} Copy FFDTSC
2026-04-23 13:29:01,668 +0000Z  INFO  {CSYDMP} CSYDMP: Copied 0 rows.
2026-04-23 13:29:01,675 +0000Z  INFO  {FCUSCR} FCUSCR: Copied 0 rows.
2026-04-23 13:29:01,678 +0000Z  INFO  {FFDTSC} FFDTSC: Copied 0 rows.
2026-04-23 13:29:01,678 +0000Z  INFO  {FFDTSL} Copy FFDTSL
2026-04-23 13:29:01,690 +0000Z  INFO  {FFIHST} Copy FFIHST
2026-04-23 13:29:01,695 +0000Z  INFO  {FSYTXL} Copy FSYTXL
2026-04-23 13:29:01,702 +0000Z  INFO  {FFDTSL} FFDTSL: Copied 0 rows.
2026-04-23 13:29:01,704 +0000Z  INFO  {FFIHST} FFIHST: Copied 0 rows.
2026-04-23 13:29:01,710 +0000Z  INFO  {LTRPCA} Copy LTRPCA
2026-04-23 13:29:01,712 +0000Z  INFO  {FSYTXL} FSYTXL: Copied 0 rows.
2026-04-23 13:29:01,717 +0000Z  INFO  {MATRMA} Copy MATRMA
2026-04-23 13:29:01,723 +0000Z  INFO  {LTRPCA} LTRPCA: Copied 0 rows.
2026-04-23 13:29:01,743 +0000Z  INFO  {MATRMA} MATRMA: Copied 0 rows.
2026-04-23 13:29:01,749 +0000Z  INFO  {OBTYPE} Copy OBTYPE
2026-04-23 13:29:01,772 +0000Z  INFO  {OSSRED} Copy OSSRED
2026-04-23 13:29:01,784 +0000Z  INFO  {OBTYPE} OBTYPE: Copied 0 rows.
2026-04-23 13:29:01,789 +0000Z  INFO  {OSSRED} OSSRED: Copied 0 rows.
2026-04-23 13:29:01,789 +0000Z  INFO  {QMSOTS} Copy QMSOTS
2026-04-23 13:29:01,795 +0000Z  INFO  {STAXLN} Copy STAXLN
2026-04-23 13:29:01,802 +0000Z  INFO  {CIMACD} Copy CIMACD
2026-04-23 13:29:01,807 +0000Z  INFO  {QMSOTS} QMSOTS: Copied 0 rows.
2026-04-23 13:29:01,809 +0000Z  INFO  {CREVET} Copy CREVET
2026-04-23 13:29:01,809 +0000Z  INFO  {STAXLN} STAXLN: Copied 0 rows.
2026-04-23 13:29:01,817 +0000Z  INFO  {CIMACD} CIMACD: Copied 0 rows.
2026-04-23 13:29:01,822 +0000Z  INFO  {CSYVIC} Copy CSYVIC
2026-04-23 13:29:01,826 +0000Z  INFO  {CREVET} CREVET: Copied 0 rows.
2026-04-23 13:29:01,834 +0000Z  INFO  {FPSUGS} Copy FPSUGS
2026-04-23 13:29:01,840 +0000Z  INFO  {CSYDIA} Copy CSYDIA
2026-04-23 13:29:01,845 +0000Z  INFO  {CSYFID} Copy CSYFID
2026-04-23 13:29:01,857 +0000Z  INFO  {FPSUGS} FPSUGS: Copied 0 rows.
2026-04-23 13:29:01,859 +0000Z  INFO  {CSYVIC} CSYVIC: Copied 0 rows.
2026-04-23 13:29:01,861 +0000Z  INFO  {FCRMCD} Copy FCRMCD
2026-04-23 13:29:01,871 +0000Z  INFO  {CSYDIA} CSYDIA: Copied 0 rows.
2026-04-23 13:29:01,875 +0000Z  INFO  {CSYFID} CSYFID: Copied 0 rows.
2026-04-23 13:29:01,886 +0000Z  INFO  {FFASMA} Copy FFASMA
2026-04-23 13:29:01,893 +0000Z  INFO  {FCRMCD} FCRMCD: Copied 0 rows.
2026-04-23 13:29:01,898 +0000Z  INFO  {FFDTED} Copy FFDTED
2026-04-23 13:29:01,918 +0000Z  INFO  {MATDAM} Copy MATDAM
2026-04-23 13:29:01,919 +0000Z  INFO  {FFDTED} FFDTED: Copied 0 rows.
2026-04-23 13:29:01,932 +0000Z  INFO  {FFASMA} FFASMA: Copied 0 rows.
2026-04-23 13:29:01,934 +0000Z  INFO  {MITDAY} Copy MITDAY
2026-04-23 13:29:01,946 +0000Z  INFO  {MITDAY} MITDAY: Copied 0 rows.
2026-04-23 13:29:01,951 +0000Z  INFO  {MITWHP} Copy MITWHP
2026-04-23 13:29:01,960 +0000Z  INFO  {MMODFE} Copy MMODFE
2026-04-23 13:29:01,970 +0000Z  INFO  {MATDAM} MATDAM: Copied 0 rows.
2026-04-23 13:29:01,971 +0000Z  INFO  {MITWHP} MITWHP: Copied 0 rows.
2026-04-23 13:29:01,974 +0000Z  INFO  {MMPOPL} Copy MMPOPL
2026-04-23 13:29:01,976 +0000Z  INFO  {MMODFE} MMODFE: Copied 0 rows.
2026-04-23 13:29:01,980 +0000Z  INFO  {MPGRMT} Copy MPGRMT
2026-04-23 13:29:01,985 +0000Z  INFO  {MMPOPL} MMPOPL: Copied 0 rows.
2026-04-23 13:29:01,992 +0000Z  INFO  {MPGRMT} MPGRMT: Copied 0 rows.
2026-04-23 13:29:01,993 +0000Z  INFO  {OCUSEP} Copy OCUSEP
2026-04-23 13:29:01,998 +0000Z  INFO  {COUTSV} Copy COUTSV
2026-04-23 13:29:02,000 +0000Z  INFO  {OCUSEP} OCUSEP: Copied 0 rows.
2026-04-23 13:29:02,007 +0000Z  INFO  {FMINHD} Copy FMINHD
2026-04-23 13:29:02,014 +0000Z  INFO  {MACHED} Copy MACHED
2026-04-23 13:29:02,019 +0000Z  INFO  {MCFSTR} Copy MCFSTR
2026-04-23 13:29:02,025 +0000Z  INFO  {MACHED} MACHED: Copied 0 rows.
2026-04-23 13:29:02,025 +0000Z  INFO  {MMIPPT} Copy MMIPPT
2026-04-23 13:29:02,026 +0000Z  INFO  {COUTSV} COUTSV: Copied 0 rows.
2026-04-23 13:29:02,030 +0000Z  INFO  {MCFSTR} MCFSTR: Copied 0 rows.
2026-04-23 13:29:02,031 +0000Z  INFO  {FMINHD} FMINHD: Copied 0 rows.
2026-04-23 13:29:02,034 +0000Z  INFO  {PAYWSS} Copy PAYWSS
2026-04-23 13:29:02,035 +0000Z  INFO  {MMIPPT} MMIPPT: Copied 0 rows.
2026-04-23 13:29:02,041 +0000Z  INFO  {QMSOSP} Copy QMSOSP
2026-04-23 13:29:02,042 +0000Z  INFO  {PAYWSS} PAYWSS: Copied 0 rows.
2026-04-23 13:29:02,045 +0000Z  INFO  {CIADDR} Copy CIADDR
2026-04-23 13:29:02,050 +0000Z  INFO  {CINCRG} Copy CINCRG
2026-04-23 13:29:02,053 +0000Z  INFO  {QMSOSP} QMSOSP: Copied 0 rows.
2026-04-23 13:29:02,054 +0000Z  INFO  {CIADDR} CIADDR: Copied 0 rows.
2026-04-23 13:29:02,057 +0000Z  INFO  {COSIME} Copy COSIME
2026-04-23 13:29:02,062 +0000Z  INFO  {FABIDE} Copy FABIDE
2026-04-23 13:29:02,063 +0000Z  INFO  {CINCRG} CINCRG: Copied 0 rows.
2026-04-23 13:29:02,064 +0000Z  INFO  {COSIME} COSIME: Copied 0 rows.
2026-04-23 13:29:02,071 +0000Z  INFO  {FABIDE} FABIDE: Copied 0 rows.
2026-04-23 13:29:02,085 +0000Z  INFO  {FAPIBH} Copy FAPIBH
2026-04-23 13:29:02,089 +0000Z  INFO  {MCOSTM} Copy MCOSTM
2026-04-23 13:29:02,094 +0000Z  INFO  {MILOMR} Copy MILOMR
2026-04-23 13:29:02,101 +0000Z  INFO  {FAPIBH} FAPIBH: Copied 0 rows.
2026-04-23 13:29:02,102 +0000Z  INFO  {MCOSTM} MCOSTM: Copied 0 rows.
2026-04-23 13:29:02,102 +0000Z  INFO  {MITPAC} Copy MITPAC
2026-04-23 13:29:02,103 +0000Z  INFO  {MILOMR} MILOMR: Copied 0 rows.
2026-04-23 13:29:02,107 +0000Z  INFO  {MITVEQ} Copy MITVEQ
2026-04-23 13:29:02,111 +0000Z  INFO  {MITPAC} MITPAC: Copied 0 rows.
2026-04-23 13:29:02,114 +0000Z  INFO  {MPCLAH} Copy MPCLAH
2026-04-23 13:29:02,116 +0000Z  INFO  {MITVEQ} MITVEQ: Copied 0 rows.
2026-04-23 13:29:02,118 +0000Z  INFO  {MPDIID} Copy MPDIID
2026-04-23 13:29:02,123 +0000Z  INFO  {MPDIIL} Copy MPDIIL
2026-04-23 13:29:02,129 +0000Z  INFO  {MPQCTA} Copy MPQCTA
2026-04-23 13:29:02,129 +0000Z  INFO  {MPCLAH} MPCLAH: Copied 0 rows.
2026-04-23 13:29:02,133 +0000Z  INFO  {MPDIID} MPDIID: Copied 0 rows.
2026-04-23 13:29:02,133 +0000Z  INFO  {OCASHA} Copy OCASHA
2026-04-23 13:29:02,137 +0000Z  INFO  {MPDIIL} MPDIIL: Copied 0 rows.
2026-04-23 13:29:02,138 +0000Z  INFO  {MPQCTA} MPQCTA: Copied 0 rows.
2026-04-23 13:29:02,142 +0000Z  INFO  {OCLINE} Copy OCLINE
2026-04-23 13:29:02,145 +0000Z  INFO  {OCASHA} OCASHA: Copied 0 rows.
2026-04-23 13:29:02,147 +0000Z  INFO  {QMSQLC} Copy QMSQLC
2026-04-23 13:29:02,157 +0000Z  INFO  {OCLINE} OCLINE: Copied 0 rows.
2026-04-23 13:29:02,157 +0000Z  INFO  {QMSTCL} Copy QMSTCL
2026-04-23 13:29:02,158 +0000Z  INFO  {QMSQLC} QMSQLC: Copied 0 rows.
2026-04-23 13:29:02,163 +0000Z  INFO  {SGDIPO} Copy SGDIPO
2026-04-23 13:29:02,166 +0000Z  INFO  {QMSTCL} QMSTCL: Copied 0 rows.
2026-04-23 13:29:02,171 +0000Z  INFO  {CSFDEF} Copy CSFDEF
2026-04-23 13:29:02,176 +0000Z  INFO  {SGDIPO} SGDIPO: Copied 0 rows.
2026-04-23 13:29:02,178 +0000Z  INFO  {FAPCHK} Copy FAPCHK
2026-04-23 13:29:02,183 +0000Z  INFO  {FGINTX} Copy FGINTX
2026-04-23 13:29:02,188 +0000Z  INFO  {MITENC} Copy MITENC
2026-04-23 13:29:02,193 +0000Z  INFO  {CSFDEF} CSFDEF: Copied 0 rows.
2026-04-23 13:29:02,194 +0000Z  INFO  {FAPCHK} FAPCHK: Copied 0 rows.
2026-04-23 13:29:02,195 +0000Z  INFO  {MITPTY} Copy MITPTY
2026-04-23 13:29:02,201 +0000Z  INFO  {FGINTX} FGINTX: Copied 0 rows.
2026-04-23 13:29:02,203 +0000Z  INFO  {MITENC} MITENC: Copied 0 rows.
2026-04-23 13:29:02,204 +0000Z  INFO  {MPAGRF} Copy MPAGRF
2026-04-23 13:29:02,208 +0000Z  INFO  {MITPTY} MITPTY: Copied 0 rows.
2026-04-23 13:29:02,212 +0000Z  INFO  {OPRMTX} Copy OPRMTX
2026-04-23 13:29:02,217 +0000Z  INFO  {ORINSP} Copy ORINSP
2026-04-23 13:29:02,223 +0000Z  INFO  {CINPRI} Copy CINPRI
2026-04-23 13:29:02,223 +0000Z  INFO  {MPAGRF} MPAGRF: Copied 0 rows.
2026-04-23 13:29:02,228 +0000Z  INFO  {OPRMTX} OPRMTX: Copied 0 rows.
2026-04-23 13:29:02,233 +0000Z  INFO  {CINPRI} CINPRI: Copied 0 rows.
2026-04-23 13:29:02,234 +0000Z  INFO  {CMUFTR} Copy CMUFTR
2026-04-23 13:29:02,238 +0000Z  INFO  {ORINSP} ORINSP: Copied 0 rows.
2026-04-23 13:29:02,238 +0000Z  INFO  {CREVDE} Copy CREVDE
2026-04-23 13:29:02,243 +0000Z  INFO  {CSYRSE} Copy CSYRSE
2026-04-23 13:29:02,249 +0000Z  INFO  {CREVDE} CREVDE: Copied 0 rows.
2026-04-23 13:29:02,252 +0000Z  INFO  {CMUFTR} CMUFTR: Copied 0 rows.
2026-04-23 13:29:02,253 +0000Z  INFO  {CSYRSE} CSYRSE: Copied 0 rows.
2026-04-23 13:29:02,255 +0000Z  INFO  {DPACKT} Copy DPACKT
2026-04-23 13:29:02,260 +0000Z  INFO  {FARSAD} Copy FARSAD
2026-04-23 13:29:02,266 +0000Z  INFO  {DPACKT} DPACKT: Copied 0 rows.
2026-04-23 13:29:02,267 +0000Z  INFO  {FBU121} Copy FBU121
2026-04-23 13:29:02,271 +0000Z  INFO  {FBUDEF} Copy FBUDEF
2026-04-23 13:29:02,275 +0000Z  INFO  {FARSAD} FARSAD: Copied 0 rows.
2026-04-23 13:29:02,278 +0000Z  INFO  {FCRMHD} Copy FCRMHD
2026-04-23 13:29:02,281 +0000Z  INFO  {FBUDEF} FBUDEF: Copied 0 rows.
2026-04-23 13:29:02,283 +0000Z  INFO  {FGDITD} Copy FGDITD
2026-04-23 13:29:02,292 +0000Z  INFO  {FBU121} FBU121: Copied 0 rows.
2026-04-23 13:29:02,294 +0000Z  INFO  {FCRMHD} FCRMHD: Copied 0 rows.
2026-04-23 13:29:02,296 +0000Z  INFO  {FGLEID} Copy FGLEID
2026-04-23 13:29:02,297 +0000Z  INFO  {FGDITD} FGDITD: Copied 0 rows.
2026-04-23 13:29:02,302 +0000Z  INFO  {FPLOPT} Copy FPLOPT
2026-04-23 13:29:02,306 +0000Z  INFO  {FGLEID} FGLEID: Copied 0 rows.
2026-04-23 13:29:02,307 +0000Z  INFO  {FSYTXH} Copy FSYTXH
2026-04-23 13:29:02,312 +0000Z  INFO  {FPLOPT} FPLOPT: Copied 0 rows.
2026-04-23 13:29:02,318 +0000Z  INFO  {MACHEA} Copy MACHEA
2026-04-23 13:29:02,323 +0000Z  INFO  {FSYTXH} FSYTXH: Copied 0 rows.
2026-04-23 13:29:02,329 +0000Z  INFO  {MACWCT} Copy MACWCT
2026-04-23 13:29:02,333 +0000Z  INFO  {MACHEA} MACHEA: Copied 0 rows.
2026-04-23 13:29:02,337 +0000Z  INFO  {MMPRRU} Copy MMPRRU
2026-04-23 13:29:02,345 +0000Z  INFO  {MPCLAL} Copy MPCLAL
2026-04-23 13:29:02,351 +0000Z  INFO  {MACWCT} MACWCT: Copied 0 rows.
2026-04-23 13:29:02,354 +0000Z  INFO  {MMPRRU} MMPRRU: Copied 0 rows.
2026-04-23 13:29:02,358 +0000Z  INFO  {MPDIRE} Copy MPDIRE
2026-04-23 13:29:02,364 +0000Z  INFO  {MPFUPC} Copy MPFUPC
2026-04-23 13:29:02,365 +0000Z  INFO  {MPCLAL} MPCLAL: Copied 0 rows.
2026-04-23 13:29:02,371 +0000Z  INFO  {MWGRET} Copy MWGRET
2026-04-23 13:29:02,383 +0000Z  INFO  {PAIWSC} Copy PAIWSC
2026-04-23 13:29:02,384 +0000Z  INFO  {MWGRET} MWGRET: Copied 0 rows.
2026-04-23 13:29:02,385 +0000Z  INFO  {MPDIRE} MPDIRE: Copied 0 rows.
2026-04-23 13:29:02,387 +0000Z  INFO  {MPFUPC} MPFUPC: Copied 0 rows.
2026-04-23 13:29:02,388 +0000Z  INFO  {CMFSE4} Copy CMFSE4
2026-04-23 13:29:02,407 +0000Z  INFO  {CMFSE4} CMFSE4: Copied 0 rows.
2026-04-23 13:29:02,407 +0000Z  INFO  {PAIWSC} PAIWSC: Copied 0 rows.
2026-04-23 13:29:02,411 +0000Z  INFO  {CMNDIV} Copy CMNDIV
2026-04-23 13:29:02,416 +0000Z  INFO  {CSYCDJ} Copy CSYCDJ
2026-04-23 13:29:02,421 +0000Z  INFO  {FAR116} Copy FAR116
2026-04-23 13:29:02,426 +0000Z  INFO  {FGRECH} Copy FGRECH
2026-04-23 13:29:02,432 +0000Z  INFO  {CMNDIV} CMNDIV: Copied 1 rows.
2026-04-23 13:29:02,432 +0000Z  INFO  {MITAFO} Copy MITAFO
2026-04-23 13:29:02,433 +0000Z  INFO  {FAR116} FAR116: Copied 0 rows.
2026-04-23 13:29:02,436 +0000Z  INFO  {MITDAH} Copy MITDAH
2026-04-23 13:29:02,441 +0000Z  INFO  {FGRECH} FGRECH: Copied 0 rows.
2026-04-23 13:29:02,441 +0000Z  INFO  {CSYCDJ} CSYCDJ: Copied 0 rows.
2026-04-23 13:29:02,446 +0000Z  INFO  {MITDAH} MITDAH: Copied 0 rows.
2026-04-23 13:29:02,448 +0000Z  INFO  {MPAGRT} Copy MPAGRT
2026-04-23 13:29:02,450 +0000Z  INFO  {MITAFO} MITAFO: Copied 0 rows.
2026-04-23 13:29:02,453 +0000Z  INFO  {MPDPSC} Copy MPDPSC
2026-04-23 13:29:02,460 +0000Z  INFO  {OAGRHE} Copy OAGRHE
2026-04-23 13:29:02,461 +0000Z  INFO  {MPAGRT} MPAGRT: Copied 0 rows.
2026-04-23 13:29:02,464 +0000Z  INFO  {OSSCTD} Copy OSSCTD
2026-04-23 13:29:02,468 +0000Z  INFO  {MPDPSC} MPDPSC: Copied 0 rows.
2026-04-23 13:29:02,470 +0000Z  INFO  {QMSSET} Copy QMSSET
2026-04-23 13:29:02,471 +0000Z  INFO  {OAGRHE} OAGRHE: Copied 0 rows.
2026-04-23 13:29:02,477 +0000Z  INFO  {AFAFLN} Copy AFAFLN
2026-04-23 13:29:02,478 +0000Z  INFO  {OSSCTD} OSSCTD: Copied 0 rows.
2026-04-23 13:29:02,480 +0000Z  INFO  {QMSSET} QMSSET: Copied 0 rows.
2026-04-23 13:29:02,482 +0000Z  INFO  {BBUTEL} Copy BBUTEL
2026-04-23 13:29:02,486 +0000Z  INFO  {AFAFLN} AFAFLN: Copied 0 rows.
2026-04-23 13:29:02,491 +0000Z  INFO  {BPBUEL} Copy BPBUEL
2026-04-23 13:29:02,495 +0000Z  INFO  {BPCTEL} Copy BPCTEL
2026-04-23 13:29:02,496 +0000Z  INFO  {BBUTEL} BBUTEL: Copied 0 rows.
2026-04-23 13:29:02,500 +0000Z  INFO  {BSETAI} Copy BSETAI
2026-04-23 13:29:02,503 +0000Z  INFO  {BPBUEL} BPBUEL: Copied 0 rows.
2026-04-23 13:29:02,507 +0000Z  INFO  {CFACIL} Copy CFACIL
2026-04-23 13:29:02,509 +0000Z  INFO  {BSETAI} BSETAI: Copied 0 rows.
2026-04-23 13:29:02,511 +0000Z  INFO  {BPCTEL} BPCTEL: Copied 0 rows.
2026-04-23 13:29:02,512 +0000Z  INFO  {CMNDI1} Copy CMNDI1
2026-04-23 13:29:02,518 +0000Z  INFO  {CFACIL} CFACIL: Copied 0 rows.
2026-04-23 13:29:02,520 +0000Z  INFO  {CMNDI1} CMNDI1: Copied 0 rows.
2026-04-23 13:29:02,523 +0000Z  INFO  {CPOCAW} Copy CPOCAW
2026-04-23 13:29:02,528 +0000Z  INFO  {CSYREJ} Copy CSYREJ
2026-04-23 13:29:02,535 +0000Z  INFO  {CSYSPP} Copy CSYSPP
2026-04-23 13:29:02,538 +0000Z  INFO  {CSYREJ} CSYREJ: Copied 0 rows.
2026-04-23 13:29:02,540 +0000Z  INFO  {FSCASH} Copy FSCASH
2026-04-23 13:29:02,546 +0000Z  INFO  {FSTVOH} Copy FSTVOH
2026-04-23 13:29:02,547 +0000Z  INFO  {CPOCAW} CPOCAW: Copied 0 rows.
2026-04-23 13:29:02,552 +0000Z  INFO  {MAMOLI} Copy MAMOLI
2026-04-23 13:29:02,555 +0000Z  INFO  {CSYSPP} CSYSPP: Copied 0 rows.
2026-04-23 13:29:02,556 +0000Z  INFO  {FSTVOH} FSTVOH: Copied 0 rows.
2026-04-23 13:29:02,558 +0000Z  INFO  {MCCELE} Copy MCCELE
2026-04-23 13:29:02,559 +0000Z  INFO  {FSCASH} FSCASH: Copied 0 rows.
2026-04-23 13:29:02,564 +0000Z  INFO  {MCFLOC} Copy MCFLOC
2026-04-23 13:29:02,569 +0000Z  INFO  {MCFMSL} Copy MCFMSL
2026-04-23 13:29:02,569 +0000Z  INFO  {MAMOLI} MAMOLI: Copied 0 rows.
2026-04-23 13:29:02,571 +0000Z  INFO  {MCCELE} MCCELE: Copied 0 rows.
2026-04-23 13:29:02,576 +0000Z  INFO  {MCFLOC} MCFLOC: Copied 0 rows.
2026-04-23 13:29:02,578 +0000Z  INFO  {MILOIP} Copy MILOIP
2026-04-23 13:29:02,579 +0000Z  INFO  {MCFMSL} MCFMSL: Copied 0 rows.
2026-04-23 13:29:02,582 +0000Z  INFO  {MOAPPS} Copy MOAPPS
2026-04-23 13:29:02,586 +0000Z  INFO  {MILOIP} MILOIP: Copied 0 rows.
2026-04-23 13:29:02,587 +0000Z  INFO  {MPCCID} Copy MPCCID
2026-04-23 13:29:02,591 +0000Z  INFO  {MPCKCH} Copy MPCKCH
2026-04-23 13:29:02,592 +0000Z  INFO  {MOAPPS} MOAPPS: Copied 0 rows.
2026-04-23 13:29:02,600 +0000Z  INFO  {MPCCID} MPCCID: Copied 0 rows.
2026-04-23 13:29:02,603 +0000Z  INFO  {MPCSDF} Copy MPCSDF
2026-04-23 13:29:02,605 +0000Z  INFO  {MPCKCH} MPCKCH: Copied 0 rows.
2026-04-23 13:29:02,611 +0000Z  INFO  {OBACSC} Copy OBACSC
2026-04-23 13:29:02,617 +0000Z  INFO  {OCHEAD} Copy OCHEAD
2026-04-23 13:29:02,621 +0000Z  INFO  {OGDMTX} Copy OGDMTX
2026-04-23 13:29:02,623 +0000Z  INFO  {OBACSC} OBACSC: Copied 0 rows.
2026-04-23 13:29:02,627 +0000Z  INFO  {OCHEAD} OCHEAD: Copied 0 rows.
2026-04-23 13:29:02,628 +0000Z  INFO  {OGTAGY} Copy OGTAGY
2026-04-23 13:29:02,635 +0000Z  INFO  {OGDMTX} OGDMTX: Copied 0 rows.
2026-04-23 13:29:02,636 +0000Z  INFO  {MPCSDF} MPCSDF: Copied 0 rows.
2026-04-23 13:29:02,640 +0000Z  INFO  {OGTAPO} Copy OGTAPO
2026-04-23 13:29:02,644 +0000Z  INFO  {OGTAGY} OGTAGY: Copied 0 rows.
2026-04-23 13:29:02,651 +0000Z  INFO  {ORSDPA} Copy ORSDPA
2026-04-23 13:29:02,659 +0000Z  INFO  {OSBUYE} Copy OSBUYE
2026-04-23 13:29:02,669 +0000Z  INFO  {OGTAPO} OGTAPO: Copied 0 rows.
2026-04-23 13:29:02,671 +0000Z  INFO  {ORSDPA} ORSDPA: Copied 0 rows.
2026-04-23 13:29:02,671 +0000Z  INFO  {OSPFRM} Copy OSPFRM
2026-04-23 13:29:02,676 +0000Z  INFO  {OTAGMA} Copy OTAGMA
2026-04-23 13:29:02,682 +0000Z  INFO  {QMSENT} Copy QMSENT
2026-04-23 13:29:02,684 +0000Z  INFO  {OSBUYE} OSBUYE: Copied 0 rows.
2026-04-23 13:29:02,687 +0000Z  INFO  {OTAGMA} OTAGMA: Copied 0 rows.
2026-04-23 13:29:02,703 +0000Z  INFO  {SGDMTX} Copy SGDMTX
2026-04-23 13:29:02,705 +0000Z  INFO  {OSPFRM} OSPFRM: Copied 0 rows.
2026-04-23 13:29:02,705 +0000Z  INFO  {QMSENT} QMSENT: Copied 0 rows.
2026-04-23 13:29:02,737 +0000Z  INFO  {SGDMTX} SGDMTX: Copied 0 rows.
2026-04-23 13:29:02,739 +0000Z  INFO  {CSYVIR} Copy CSYVIR
2026-04-23 13:29:02,750 +0000Z  INFO  {CSYVIR} CSYVIR: Copied 0 rows.
2026-04-23 13:29:02,760 +0000Z  INFO  {MGLLOG} Copy MGLLOG
2026-04-23 13:29:02,779 +0000Z  INFO  {MILOIN} Copy MILOIN
2026-04-23 13:29:02,788 +0000Z  INFO  {MGLLOG} MGLLOG: Copied 0 rows.
2026-04-23 13:29:02,794 +0000Z  INFO  {MPQFUT} Copy MPQFUT
2026-04-23 13:29:02,799 +0000Z  INFO  {MWOISI} Copy MWOISI
2026-04-23 13:29:02,803 +0000Z  INFO  {OOLIAR} Copy OOLIAR
2026-04-23 13:29:02,808 +0000Z  INFO  {AREMOT} Copy AREMOT
2026-04-23 13:29:02,823 +0000Z  INFO  {AREMOT} AREMOT: Copied 0 rows.
2026-04-23 13:29:02,835 +0000Z  INFO  {MILOIN} MILOIN: Copied 0 rows.
2026-04-23 13:29:02,837 +0000Z  INFO  {MPQFUT} MPQFUT: Copied 0 rows.
2026-04-23 13:29:02,838 +0000Z  INFO  {BPOTYP} Copy BPOTYP
2026-04-23 13:29:02,838 +0000Z  INFO  {MWOISI} MWOISI: Copied 0 rows.
2026-04-23 13:29:02,842 +0000Z  INFO  {OOLIAR} OOLIAR: Copied 0 rows.
2026-04-23 13:29:02,842 +0000Z  INFO  {CIMTYP} Copy CIMTYP
2026-04-23 13:29:02,847 +0000Z  INFO  {CMFADV} Copy CMFADV
2026-04-23 13:29:02,851 +0000Z  INFO  {CPOKDF} Copy CPOKDF
2026-04-23 13:29:02,855 +0000Z  INFO  {BPOTYP} BPOTYP: Copied 0 rows.
2026-04-23 13:29:02,860 +0000Z  INFO  {CIMTYP} CIMTYP: Copied 0 rows.
2026-04-23 13:29:02,864 +0000Z  INFO  {CRRNCY} Copy CRRNCY
2026-04-23 13:29:02,869 +0000Z  INFO  {CMFADV} CMFADV: Copied 0 rows.
2026-04-23 13:29:02,870 +0000Z  INFO  {CSYRED} Copy CSYRED
2026-04-23 13:29:02,877 +0000Z  INFO  {FAMTHE} Copy FAMTHE
2026-04-23 13:29:02,885 +0000Z  INFO  {CRRNCY} CRRNCY: Copied 0 rows.
2026-04-23 13:29:02,886 +0000Z  INFO  {CPOKDF} CPOKDF: Copied 0 rows.
2026-04-23 13:29:02,889 +0000Z  INFO  {CSYRED} CSYRED: Copied 0 rows.
2026-04-23 13:29:02,893 +0000Z  INFO  {FCA17H} Copy FCA17H
2026-04-23 13:29:02,901 +0000Z  INFO  {FFIIRH} Copy FFIIRH
2026-04-23 13:29:02,902 +0000Z  INFO  {FAMTHE} FAMTHE: Copied 0 rows.
2026-04-23 13:29:02,905 +0000Z  INFO  {FCA17H} FCA17H: Copied 0 rows.
2026-04-23 13:29:02,910 +0000Z  INFO  {FFIIRH} FFIIRH: Copied 0 rows.
2026-04-23 13:29:02,915 +0000Z  INFO  {FFRDIU} Copy FFRDIU
2026-04-23 13:29:02,922 +0000Z  INFO  {FGINPA} Copy FGINPA
2026-04-23 13:29:02,932 +0000Z  INFO  {FFRDIU} FFRDIU: Copied 0 rows.
2026-04-23 13:29:02,933 +0000Z  INFO  {FVATRT} Copy FVATRT
2026-04-23 13:29:02,938 +0000Z  INFO  {FGINPA} FGINPA: Copied 0 rows.
2026-04-23 13:29:02,939 +0000Z  INFO  {FWIPAC} Copy FWIPAC
2026-04-23 13:29:02,943 +0000Z  INFO  {FVATRT} FVATRT: Copied 0 rows.
2026-04-23 13:29:02,945 +0000Z  INFO  {MITPRN} Copy MITPRN
2026-04-23 13:29:02,950 +0000Z  INFO  {FWIPAC} FWIPAC: Copied 0 rows.
2026-04-23 13:29:02,952 +0000Z  INFO  {MITUCV} Copy MITUCV
2026-04-23 13:29:02,954 +0000Z  INFO  {MITPRN} MITPRN: Copied 0 rows.
2026-04-23 13:29:02,956 +0000Z  INFO  {MMODAC} Copy MMODAC
2026-04-23 13:29:02,962 +0000Z  INFO  {MITUCV} MITUCV: Copied 0 rows.
2026-04-23 13:29:02,963 +0000Z  INFO  {MMTTAB} Copy MMTTAB
2026-04-23 13:29:02,969 +0000Z  INFO  {MPDEND} Copy MPDEND
2026-04-23 13:29:02,974 +0000Z  INFO  {MMODAC} MMODAC: Copied 0 rows.
2026-04-23 13:29:02,977 +0000Z  INFO  {MPDMFD} Copy MPDMFD
2026-04-23 13:29:02,982 +0000Z  INFO  {MPDEND} MPDEND: Copied 0 rows.
2026-04-23 13:29:02,982 +0000Z  INFO  {MPDOPT} Copy MPDOPT
2026-04-23 13:29:02,991 +0000Z  INFO  {MMTTAB} MMTTAB: Copied 0 rows.
2026-04-23 13:29:02,994 +0000Z  INFO  {MROUHI} Copy MROUHI
2026-04-23 13:29:02,995 +0000Z  INFO  {MPDOPT} MPDOPT: Copied 0 rows.
2026-04-23 13:29:03,001 +0000Z  INFO  {MWASHE} Copy MWASHE
2026-04-23 13:29:03,007 +0000Z  INFO  {MPDMFD} MPDMFD: Copied 0 rows.
2026-04-23 13:29:03,020 +0000Z  INFO  {MROUHI} MROUHI: Copied 0 rows.
2026-04-23 13:29:03,021 +0000Z  INFO  {OBOPAY} Copy OBOPAY
2026-04-23 13:29:03,027 +0000Z  INFO  {MWASHE} MWASHE: Copied 0 rows.
2026-04-23 13:29:03,027 +0000Z  INFO  {OBTPAL} Copy OBTPAL
2026-04-23 13:29:03,032 +0000Z  INFO  {OCHSTR} Copy OCHSTR
2026-04-23 13:29:03,036 +0000Z  INFO  {OBOPAY} OBOPAY: Copied 0 rows.
2026-04-23 13:29:03,038 +0000Z  INFO  {OPRCRA} Copy OPRCRA
2026-04-23 13:29:03,042 +0000Z  INFO  {OCHSTR} OCHSTR: Copied 0 rows.
2026-04-23 13:29:03,047 +0000Z  INFO  {OBTPAL} OBTPAL: Copied 0 rows.
2026-04-23 13:29:03,047 +0000Z  INFO  {OPRICH} Copy OPRICH
2026-04-23 13:29:03,052 +0000Z  INFO  {OPRCRA} OPRCRA: Copied 0 rows.
2026-04-23 13:29:03,064 +0000Z  INFO  {OPROMH} Copy OPROMH
2026-04-23 13:29:03,069 +0000Z  INFO  {OPRSTT} Copy OPRSTT
2026-04-23 13:29:03,079 +0000Z  INFO  {OTPCON} Copy OTPCON
2026-04-23 13:29:03,081 +0000Z  INFO  {OPRICH} OPRICH: Copied 0 rows.
2026-04-23 13:29:03,084 +0000Z  INFO  {PAJWCD} Copy PAJWCD
2026-04-23 13:29:03,085 +0000Z  INFO  {OPRSTT} OPRSTT: Copied 0 rows.
2026-04-23 13:29:03,090 +0000Z  INFO  {QMSQPL} Copy QMSQPL
2026-04-23 13:29:03,093 +0000Z  INFO  {OTPCON} OTPCON: Copied 0 rows.
2026-04-23 13:29:03,094 +0000Z  INFO  {OPROMH} OPROMH: Copied 0 rows.
2026-04-23 13:29:03,095 +0000Z  INFO  {SCOMPE} Copy SCOMPE
2026-04-23 13:29:03,101 +0000Z  INFO  {SMESCU} Copy SMESCU
2026-04-23 13:29:03,107 +0000Z  INFO  {CINPTY} Copy CINPTY
2026-04-23 13:29:03,108 +0000Z  INFO  {PAJWCD} PAJWCD: Copied 0 rows.
2026-04-23 13:29:03,112 +0000Z  INFO  {QMSQPL} QMSQPL: Copied 0 rows.
2026-04-23 13:29:03,113 +0000Z  INFO  {CMAILE} Copy CMAILE
2026-04-23 13:29:03,116 +0000Z  INFO  {SMESCU} SMESCU: Copied 0 rows.
2026-04-23 13:29:03,116 +0000Z  INFO  {SCOMPE} SCOMPE: Copied 0 rows.
2026-04-23 13:29:03,117 +0000Z  INFO  {CINPTY} CINPTY: Copied 0 rows.
2026-04-23 13:29:03,121 +0000Z  INFO  {CSYVST} Copy CSYVST
2026-04-23 13:29:03,126 +0000Z  INFO  {FBUSUM} Copy FBUSUM
2026-04-23 13:29:03,127 +0000Z  INFO  {CMAILE} CMAILE: Copied 0 rows.
2026-04-23 13:29:03,133 +0000Z  INFO  {CSYVST} CSYVST: Copied 0 rows.
2026-04-23 13:29:03,133 +0000Z  INFO  {FPSUGH} Copy FPSUGH
2026-04-23 13:29:03,138 +0000Z  INFO  {FRECNO} Copy FRECNO
2026-04-23 13:29:03,139 +0000Z  INFO  {FBUSUM} FBUSUM: Copied 0 rows.
2026-04-23 13:29:03,146 +0000Z  INFO  {FPSUGH} FPSUGH: Copied 0 rows.
2026-04-23 13:29:03,146 +0000Z  INFO  {MBCHED} Copy MBCHED
2026-04-23 13:29:03,147 +0000Z  INFO  {FRECNO} FRECNO: Copied 0 rows.
2026-04-23 13:29:03,155 +0000Z  INFO  {MBCOPE} Copy MBCOPE
2026-04-23 13:29:03,161 +0000Z  INFO  {MITALO} Copy MITALO
2026-04-23 13:29:03,168 +0000Z  INFO  {MITTKH} Copy MITTKH
2026-04-23 13:29:03,172 +0000Z  INFO  {MBCHED} MBCHED: Copied 0 rows.
2026-04-23 13:29:03,179 +0000Z  INFO  {MITTKH} MITTKH: Copied 0 rows.
2026-04-23 13:29:03,185 +0000Z  INFO  {MBCOPE} MBCOPE: Copied 0 rows.
2026-04-23 13:29:03,186 +0000Z  INFO  {MITALO} MITALO: Copied 0 rows.
2026-04-23 13:29:03,224 +0000Z  INFO  {MMOHED} Copy MMOHED
2026-04-23 13:29:03,245 +0000Z  INFO  {MMOOPE} Copy MMOOPE
2026-04-23 13:29:03,265 +0000Z  INFO  {MMOPTR} Copy MMOPTR
2026-04-23 13:29:03,287 +0000Z  INFO  {MPRETT} Copy MPRETT
2026-04-23 13:29:03,297 +0000Z  INFO  {MMOPTR} MMOPTR: Copied 0 rows.
2026-04-23 13:29:03,312 +0000Z  INFO  {MMOHED} MMOHED: Copied 0 rows.
2026-04-23 13:29:03,314 +0000Z  INFO  {MPRETT} MPRETT: Copied 0 rows.
2026-04-23 13:29:03,317 +0000Z  INFO  {MWOPLA} Copy MWOPLA
2026-04-23 13:29:03,323 +0000Z  INFO  {OADDTX} Copy OADDTX
2026-04-23 13:29:03,328 +0000Z  INFO  {OBOPER} Copy OBOPER
2026-04-23 13:29:03,332 +0000Z  INFO  {MMOOPE} MMOOPE: Copied 0 rows.
2026-04-23 13:29:03,338 +0000Z  INFO  {OBTTRA} Copy OBTTRA
2026-04-23 13:29:03,339 +0000Z  INFO  {OADDTX} OADDTX: Copied 0 rows.
2026-04-23 13:29:03,341 +0000Z  INFO  {OBOPER} OBOPER: Copied 0 rows.
2026-04-23 13:29:03,342 +0000Z  INFO  {OCUSPL} Copy OCUSPL
2026-04-23 13:29:03,362 +0000Z  INFO  {OBTTRA} OBTTRA: Copied 0 rows.
2026-04-23 13:29:03,366 +0000Z  INFO  {OOI311} Copy OOI311
2026-04-23 13:29:03,367 +0000Z  INFO  {OCUSPL} OCUSPL: Copied 0 rows.
2026-04-23 13:29:03,386 +0000Z  INFO  {ORLINE} Copy ORLINE
2026-04-23 13:29:03,386 +0000Z  INFO  {MWOPLA} MWOPLA: Copied 0 rows.
2026-04-23 13:29:03,387 +0000Z  INFO  {OOI311} OOI311: Copied 0 rows.
2026-04-23 13:29:03,390 +0000Z  INFO  {OXBORE} Copy OXBORE
2026-04-23 13:29:03,394 +0000Z  INFO  {ORLINE} ORLINE: Copied 0 rows.
2026-04-23 13:29:03,403 +0000Z  INFO  {ACUAGK} Copy ACUAGK
2026-04-23 13:29:03,408 +0000Z  INFO  {ADEATT} Copy ADEATT
2026-04-23 13:29:03,409 +0000Z  INFO  {OXBORE} OXBORE: Copied 0 rows.
2026-04-23 13:29:03,412 +0000Z  INFO  {ACUAGK} ACUAGK: Copied 0 rows.
2026-04-23 13:29:03,414 +0000Z  INFO  {BBUTEH} Copy BBUTEH
2026-04-23 13:29:03,418 +0000Z  INFO  {BCHKLI} Copy BCHKLI
2026-04-23 13:29:03,430 +0000Z  INFO  {BCHKLI} BCHKLI: Copied 0 rows.
2026-04-23 13:29:03,430 +0000Z  INFO  {BPCTEH} Copy BPCTEH
2026-04-23 13:29:03,431 +0000Z  INFO  {BBUTEH} BBUTEH: Copied 0 rows.
2026-04-23 13:29:03,433 +0000Z  INFO  {ADEATT} ADEATT: Copied 0 rows.
2026-04-23 13:29:03,444 +0000Z  INFO  {BPTYDO} Copy BPTYDO
2026-04-23 13:29:03,453 +0000Z  INFO  {BPCTEH} BPCTEH: Copied 0 rows.
2026-04-23 13:29:03,456 +0000Z  INFO  {BPTYDO} BPTYDO: Copied 0 rows.
2026-04-23 13:29:03,457 +0000Z  INFO  {CAORDT} Copy CAORDT
2026-04-23 13:29:03,462 +0000Z  INFO  {CMFSE1} Copy CMFSE1
2026-04-23 13:29:03,467 +0000Z  INFO  {CMNRSC} Copy CMNRSC
2026-04-23 13:29:03,471 +0000Z  INFO  {CMFSE1} CMFSE1: Copied 0 rows.
2026-04-23 13:29:03,471 +0000Z  INFO  {COWNID} Copy COWNID
2026-04-23 13:29:03,475 +0000Z  INFO  {CAORDT} CAORDT: Copied 0 rows.
2026-04-23 13:29:03,478 +0000Z  INFO  {CMNRSC} CMNRSC: Copied 0 rows.
2026-04-23 13:29:03,478 +0000Z  INFO  {COWNMI} Copy COWNMI
2026-04-23 13:29:03,479 +0000Z  INFO  {COWNID} COWNID: Copied 0 rows.
2026-04-23 13:29:03,483 +0000Z  INFO  {CRBDET} Copy CRBDET
2026-04-23 13:29:03,488 +0000Z  INFO  {COWNMI} COWNMI: Copied 0 rows.
2026-04-23 13:29:03,492 +0000Z  INFO  {CRBHEA} Copy CRBHEA
2026-04-23 13:29:03,493 +0000Z  INFO  {CRBDET} CRBDET: Copied 0 rows.
2026-04-23 13:29:03,499 +0000Z  INFO  {CRRCFN} Copy CRRCFN
2026-04-23 13:29:03,500 +0000Z  INFO  {CRBHEA} CRBHEA: Copied 0 rows.
2026-04-23 13:29:03,503 +0000Z  INFO  {CSAFPR} Copy CSAFPR
2026-04-23 13:29:03,507 +0000Z  INFO  {CSHCAT} Copy CSHCAT
2026-04-23 13:29:03,513 +0000Z  INFO  {CSIAGR} Copy CSIAGR
2026-04-23 13:29:03,516 +0000Z  INFO  {CRRCFN} CRRCFN: Copied 0 rows.
2026-04-23 13:29:03,525 +0000Z  INFO  {CSAFPR} CSAFPR: Copied 0 rows.
2026-04-23 13:29:03,528 +0000Z  INFO  {CSIARP} Copy CSIARP
2026-04-23 13:29:03,529 +0000Z  INFO  {CSIAGR} CSIAGR: Copied 0 rows.
2026-04-23 13:29:03,530 +0000Z  INFO  {CSHCAT} CSHCAT: Copied 0 rows.
2026-04-23 13:29:03,532 +0000Z  INFO  {CSYPRT} Copy CSYPRT
2026-04-23 13:29:03,535 +0000Z  INFO  {CSIARP} CSIARP: Copied 0 rows.
2026-04-23 13:29:03,539 +0000Z  INFO  {CSYUFL} Copy CSYUFL
2026-04-23 13:29:03,553 +0000Z  INFO  {CSYPRT} CSYPRT: Copied 0 rows.
2026-04-23 13:29:03,557 +0000Z  INFO  {DCARRI} Copy DCARRI
2026-04-23 13:29:03,557 +0000Z  INFO  {CSYUFL} CSYUFL: Copied 2 rows.
2026-04-23 13:29:03,561 +0000Z  INFO  {FADTSL} Copy FADTSL
2026-04-23 13:29:03,566 +0000Z  INFO  {FALPER} Copy FALPER
2026-04-23 13:29:03,570 +0000Z  INFO  {FAPARL} Copy FAPARL
2026-04-23 13:29:03,584 +0000Z  INFO  {FAPRED} Copy FAPRED
2026-04-23 13:29:03,585 +0000Z  INFO  {FADTSL} FADTSL: Copied 0 rows.
2026-04-23 13:29:03,588 +0000Z  INFO  {DCARRI} DCARRI: Copied 0 rows.
2026-04-23 13:29:03,597 +0000Z  INFO  {FAPARL} FAPARL: Copied 0 rows.
2026-04-23 13:29:03,601 +0000Z  INFO  {FAPSET} Copy FAPSET
2026-04-23 13:29:03,602 +0000Z  INFO  {FAPRED} FAPRED: Copied 0 rows.
2026-04-23 13:29:03,603 +0000Z  INFO  {FALPER} FALPER: Copied 0 rows.
2026-04-23 13:29:03,619 +0000Z  INFO  {FARSET} Copy FARSET
2026-04-23 13:29:03,628 +0000Z  INFO  {FBCTDF} Copy FBCTDF
2026-04-23 13:29:03,630 +0000Z  INFO  {FAPSET} FAPSET: Copied 0 rows.
2026-04-23 13:29:03,634 +0000Z  INFO  {FBCTEL} Copy FBCTEL
2026-04-23 13:29:03,642 +0000Z  INFO  {FARSET} FARSET: Copied 0 rows.
2026-04-23 13:29:03,642 +0000Z  INFO  {FBCTLN} Copy FBCTLN
2026-04-23 13:29:03,646 +0000Z  INFO  {FBCTDF} FBCTDF: Copied 0 rows.
2026-04-23 13:29:03,647 +0000Z  INFO  {FCURTX} Copy FCURTX
2026-04-23 13:29:03,651 +0000Z  INFO  {FBCTEL} FBCTEL: Copied 0 rows.
2026-04-23 13:29:03,668 +0000Z  INFO  {FBCTLN} FBCTLN: Copied 0 rows.
2026-04-23 13:29:03,669 +0000Z  INFO  {FCURTX} FCURTX: Copied 0 rows.
2026-04-23 13:29:03,670 +0000Z  INFO  {FREMD1} Copy FREMD1
2026-04-23 13:29:03,679 +0000Z  INFO  {FVATRH} Copy FVATRH
2026-04-23 13:29:03,685 +0000Z  INFO  {MADMTX} Copy MADMTX
2026-04-23 13:29:03,698 +0000Z  INFO  {MCCOTY} Copy MCCOTY
2026-04-23 13:29:03,700 +0000Z  INFO  {FREMD1} FREMD1: Copied 0 rows.
2026-04-23 13:29:03,703 +0000Z  INFO  {MADMTX} MADMTX: Copied 0 rows.
2026-04-23 13:29:03,713 +0000Z  INFO  {FVATRH} FVATRH: Copied 0 rows.
2026-04-23 13:29:03,718 +0000Z  INFO  {MDNCNT} Copy MDNCNT
2026-04-23 13:29:03,722 +0000Z  INFO  {MCCOTY} MCCOTY: Copied 0 rows.
2026-04-23 13:29:03,732 +0000Z  INFO  {MDNCNT} MDNCNT: Copied 0 rows.
2026-04-23 13:29:03,736 +0000Z  INFO  {MITBLA} Copy MITBLA
2026-04-23 13:29:03,742 +0000Z  INFO  {MITCOD} Copy MITCOD
2026-04-23 13:29:03,747 +0000Z  INFO  {MITDCH} Copy MITDCH
2026-04-23 13:29:03,748 +0000Z  INFO  {MITBLA} MITBLA: Copied 0 rows.
2026-04-23 13:29:03,751 +0000Z  INFO  {MITCOD} MITCOD: Copied 0 rows.
2026-04-23 13:29:03,759 +0000Z  INFO  {MITEQU} Copy MITEQU
2026-04-23 13:29:03,766 +0000Z  INFO  {MLIDET} Copy MLIDET
2026-04-23 13:29:03,768 +0000Z  INFO  {MITDCH} MITDCH: Copied 0 rows.
2026-04-23 13:29:03,772 +0000Z  INFO  {MMODAT} Copy MMODAT
2026-04-23 13:29:03,779 +0000Z  INFO  {MITEQU} MITEQU: Copied 0 rows.
2026-04-23 13:29:03,783 +0000Z  INFO  {MLIDET} MLIDET: Copied 0 rows.
2026-04-23 13:29:03,787 +0000Z  INFO  {MMODAT} MMODAT: Copied 0 rows.
2026-04-23 13:29:03,789 +0000Z  INFO  {MMORDT} Copy MMORDT
2026-04-23 13:29:03,803 +0000Z  INFO  {MMPFRL} Copy MMPFRL
2026-04-23 13:29:03,808 +0000Z  INFO  {MMORDT} MMORDT: Copied 0 rows.
2026-04-23 13:29:03,809 +0000Z  INFO  {MMSTVA} Copy MMSTVA
2026-04-23 13:29:03,813 +0000Z  INFO  {MMPFRL} MMPFRL: Copied 0 rows.
2026-04-23 13:29:03,817 +0000Z  INFO  {MOISOL} Copy MOISOL
2026-04-23 13:29:03,817 +0000Z  INFO  {MMSTVA} MMSTVA: Copied 0 rows.
2026-04-23 13:29:03,822 +0000Z  INFO  {MPCGRP} Copy MPCGRP
2026-04-23 13:29:03,827 +0000Z  INFO  {MPDDAA} Copy MPDDAA
2026-04-23 13:29:03,833 +0000Z  INFO  {MPFAMF} Copy MPFAMF
2026-04-23 13:29:03,838 +0000Z  INFO  {MOISOL} MOISOL: Copied 0 rows.
2026-04-23 13:29:03,839 +0000Z  INFO  {MPDDAA} MPDDAA: Copied 0 rows.
2026-04-23 13:29:03,842 +0000Z  INFO  {MPMXID} Copy MPMXID
2026-04-23 13:29:03,843 +0000Z  INFO  {MPCGRP} MPCGRP: Copied 0 rows.
2026-04-23 13:29:03,847 +0000Z  INFO  {MPOREF} Copy MPOREF
2026-04-23 13:29:03,848 +0000Z  INFO  {MPFAMF} MPFAMF: Copied 0 rows.
2026-04-23 13:29:03,857 +0000Z  INFO  {MPMXID} MPMXID: Copied 0 rows.
2026-04-23 13:29:03,861 +0000Z  INFO  {MPOREF} MPOREF: Copied 0 rows.
2026-04-23 13:29:03,867 +0000Z  INFO  {MSCPHE} Copy MSCPHE
2026-04-23 13:29:03,882 +0000Z  INFO  {MTEGCN} Copy MTEGCN
2026-04-23 13:29:03,882 +0000Z  INFO  {MSCPHE} MSCPHE: Copied 0 rows.
2026-04-23 13:29:03,889 +0000Z  INFO  {OCASHP} Copy OCASHP
2026-04-23 13:29:03,896 +0000Z  INFO  {MTEGCN} MTEGCN: Copied 0 rows.
2026-04-23 13:29:03,898 +0000Z  INFO  {OCHCUS} Copy OCHCUS
2026-04-23 13:29:03,903 +0000Z  INFO  {OCASHP} OCASHP: Copied 0 rows.
2026-04-23 13:29:03,906 +0000Z  INFO  {OICORR} Copy OICORR
2026-04-23 13:29:03,910 +0000Z  INFO  {OCHCUS} OCHCUS: Copied 0 rows.
2026-04-23 13:29:03,911 +0000Z  INFO  {OLICHA} Copy OLICHA
2026-04-23 13:29:03,921 +0000Z  INFO  {OOADRE} Copy OOADRE
2026-04-23 13:29:03,923 +0000Z  INFO  {OLICHA} OLICHA: Copied 0 rows.
2026-04-23 13:29:03,926 +0000Z  INFO  {OORESC} Copy OORESC
2026-04-23 13:29:03,932 +0000Z  INFO  {OOADRE} OOADRE: Copied 0 rows.
2026-04-23 13:29:03,933 +0000Z  INFO  {OPRELE} Copy OPRELE
2026-04-23 13:29:03,935 +0000Z  INFO  {OICORR} OICORR: Copied 0 rows.
2026-04-23 13:29:03,939 +0000Z  INFO  {OORESC} OORESC: Copied 0 rows.
2026-04-23 13:29:03,942 +0000Z  INFO  {OPRRED} Copy OPRRED
2026-04-23 13:29:03,944 +0000Z  INFO  {OPRELE} OPRELE: Copied 0 rows.
2026-04-23 13:29:03,947 +0000Z  INFO  {OPRSTF} Copy OPRSTF
2026-04-23 13:29:03,953 +0000Z  INFO  {OXADRE} Copy OXADRE
2026-04-23 13:29:03,957 +0000Z  INFO  {OPRRED} OPRRED: Copied 0 rows.
2026-04-23 13:29:03,958 +0000Z  INFO  {OPRSTF} OPRSTF: Copied 0 rows.
2026-04-23 13:29:03,958 +0000Z  INFO  {PAPBRK} Copy PAPBRK
2026-04-23 13:29:03,963 +0000Z  INFO  {QMSQGP} Copy QMSQGP
2026-04-23 13:29:03,968 +0000Z  INFO  {OXADRE} OXADRE: Copied 0 rows.
2026-04-23 13:29:03,970 +0000Z  INFO  {QMSSMT} Copy QMSSMT
2026-04-23 13:29:03,972 +0000Z  INFO  {QMSQGP} QMSQGP: Copied 0 rows.
2026-04-23 13:29:03,974 +0000Z  INFO  {PAPBRK} PAPBRK: Copied 0 rows.
2026-04-23 13:29:03,977 +0000Z  INFO  {QMSSMT} QMSSMT: Copied 0 rows.
2026-04-23 13:29:03,977 +0000Z  INFO  {SPRICH} Copy SPRICH
2026-04-23 13:29:03,983 +0000Z  INFO  {STPRIH} Copy STPRIH
2026-04-23 13:29:03,995 +0000Z  INFO  {SPRICH} SPRICH: Copied 0 rows.
2026-04-23 13:29:03,996 +0000Z  INFO  {STPRIH} STPRIH: Copied 0 rows.
2026-04-23 13:29:04,000 +0000Z  INFO  {AINUPD} Copy AINUPD
2026-04-23 13:29:04,007 +0000Z  INFO  {CIMACA} Copy CIMACA
2026-04-23 13:29:04,020 +0000Z  INFO  {CIMRCD} Copy CIMRCD
2026-04-23 13:29:04,035 +0000Z  INFO  {CIMACA} CIMACA: Copied 0 rows.
2026-04-23 13:29:04,038 +0000Z  INFO  {CIMRCD} CIMRCD: Copied 0 rows.
2026-04-23 13:29:04,040 +0000Z  INFO  {COSDOC} Copy COSDOC
2026-04-23 13:29:04,050 +0000Z  INFO  {AINUPD} AINUPD: Copied 0 rows.
2026-04-23 13:29:04,057 +0000Z  INFO  {COSRVI} Copy COSRVI
2026-04-23 13:29:04,075 +0000Z  INFO  {CSYECT} Copy CSYECT
2026-04-23 13:29:04,075 +0000Z  INFO  {COSDOC} COSDOC: Copied 0 rows.
2026-04-23 13:29:04,082 +0000Z  INFO  {FAALOC} Copy FAALOC
2026-04-23 13:29:04,091 +0000Z  INFO  {FAPSER} Copy FAPSER
2026-04-23 13:29:04,096 +0000Z  INFO  {FSTMT1} Copy FSTMT1
2026-04-23 13:29:04,096 +0000Z  INFO  {COSRVI} COSRVI: Copied 0 rows.
2026-04-23 13:29:04,097 +0000Z  INFO  {FAALOC} FAALOC: Copied 0 rows.
2026-04-23 13:29:04,103 +0000Z  INFO  {MDDADV} Copy MDDADV
2026-04-23 13:29:04,106 +0000Z  INFO  {CSYECT} CSYECT: Copied 0 rows.
2026-04-23 13:29:04,109 +0000Z  INFO  {FAPSER} FAPSER: Copied 0 rows.
2026-04-23 13:29:04,110 +0000Z  INFO  {MITHRY} Copy MITHRY
2026-04-23 13:29:04,111 +0000Z  INFO  {FSTMT1} FSTMT1: Copied 0 rows.
2026-04-23 13:29:04,114 +0000Z  INFO  {MDDADV} MDDADV: Copied 0 rows.
2026-04-23 13:29:04,116 +0000Z  INFO  {MITSCH} Copy MITSCH
2026-04-23 13:29:04,126 +0000Z  INFO  {MITHRY} MITHRY: Copied 0 rows.
2026-04-23 13:29:04,139 +0000Z  INFO  {MITSCH} MITSCH: Copied 0 rows.
2026-04-23 13:29:04,169 +0000Z  INFO  {MMPOPE} Copy MMPOPE
2026-04-23 13:29:04,184 +0000Z  INFO  {MPAGRB} Copy MPAGRB
2026-04-23 13:29:04,198 +0000Z  INFO  {MPDOUT} Copy MPDOUT
2026-04-23 13:29:04,206 +0000Z  INFO  {MPAGRB} MPAGRB: Copied 0 rows.
2026-04-23 13:29:04,209 +0000Z  INFO  {MPFUPT} Copy MPFUPT
2026-04-23 13:29:04,219 +0000Z  INFO  {MPDOUT} MPDOUT: Copied 0 rows.
2026-04-23 13:29:04,220 +0000Z  INFO  {MMPOPE} MMPOPE: Copied 0 rows.
2026-04-23 13:29:04,223 +0000Z  INFO  {MPFUPT} MPFUPT: Copied 0 rows.
2026-04-23 13:29:04,229 +0000Z  INFO  {MROABL} Copy MROABL
2026-04-23 13:29:04,234 +0000Z  INFO  {MROABS} Copy MROABS
2026-04-23 13:29:04,245 +0000Z  INFO  {MROABL} MROABL: Copied 0 rows.
2026-04-23 13:29:04,257 +0000Z  INFO  {MROABS} MROABS: Copied 0 rows.
2026-04-23 13:29:04,268 +0000Z  INFO  {MWOPLP} Copy MWOPLP
2026-04-23 13:29:04,277 +0000Z  INFO  {ODCHRG} Copy ODCHRG
2026-04-23 13:29:04,281 +0000Z  INFO  {OINREF} Copy OINREF
2026-04-23 13:29:04,288 +0000Z  INFO  {QMSQPW} Copy QMSQPW
2026-04-23 13:29:04,293 +0000Z  INFO  {AFLLOG} Copy AFLLOG
2026-04-23 13:29:04,294 +0000Z  INFO  {ODCHRG} ODCHRG: Copied 0 rows.
2026-04-23 13:29:04,302 +0000Z  INFO  {AFLLOG} AFLLOG: Copied 0 rows.
2026-04-23 13:29:04,306 +0000Z  INFO  {OINREF} OINREF: Copied 0 rows.
2026-04-23 13:29:04,306 +0000Z  INFO  {CCATYP} Copy CCATYP
2026-04-23 13:29:04,315 +0000Z  INFO  {CCATYP} CCATYP: Copied 0 rows.
2026-04-23 13:29:04,330 +0000Z  INFO  {QMSQPW} QMSQPW: Copied 0 rows.
2026-04-23 13:29:04,331 +0000Z  INFO  {MWOPLP} MWOPLP: Copied 0 rows.
2026-04-23 13:29:04,334 +0000Z  INFO  {CERECD} Copy CERECD
2026-04-23 13:29:04,346 +0000Z  INFO  {CESSIG} Copy CESSIG
2026-04-23 13:29:04,354 +0000Z  INFO  {CERECD} CERECD: Copied 0 rows.
2026-04-23 13:29:04,356 +0000Z  INFO  {CESTRG} Copy CESTRG
2026-04-23 13:29:04,364 +0000Z  INFO  {CESSIG} CESSIG: Copied 0 rows.
2026-04-23 13:29:04,368 +0000Z  INFO  {CGETXH} Copy CGETXH
2026-04-23 13:29:04,378 +0000Z  INFO  {CESTRG} CESTRG: Copied 0 rows.
2026-04-23 13:29:04,384 +0000Z  INFO  {CGETXH} CGETXH: Copied 0 rows.
2026-04-23 13:29:04,387 +0000Z  INFO  {CIMADI} Copy CIMADI
2026-04-23 13:29:04,392 +0000Z  INFO  {CMFSE2} Copy CMFSE2
2026-04-23 13:29:04,397 +0000Z  INFO  {CMNTBS} Copy CMNTBS
2026-04-23 13:29:04,400 +0000Z  INFO  {CIMADI} CIMADI: Copied 0 rows.
2026-04-23 13:29:04,408 +0000Z  INFO  {COSITY} Copy COSITY
2026-04-23 13:29:04,413 +0000Z  INFO  {CMNTBS} CMNTBS: Copied 0 rows.
2026-04-23 13:29:04,416 +0000Z  INFO  {CRODET} Copy CRODET
2026-04-23 13:29:04,417 +0000Z  INFO  {CMFSE2} CMFSE2: Copied 0 rows.
2026-04-23 13:29:04,419 +0000Z  INFO  {COSITY} COSITY: Copied 0 rows.
2026-04-23 13:29:04,427 +0000Z  INFO  {CRODET} CRODET: Copied 0 rows.
2026-04-23 13:29:04,427 +0000Z  INFO  {CSESEC} Copy CSESEC
2026-04-23 13:29:04,433 +0000Z  INFO  {CSIARG} Copy CSIARG
2026-04-23 13:29:04,435 +0000Z  INFO  {CSESEC} CSESEC: Copied 0 rows.
2026-04-23 13:29:04,438 +0000Z  INFO  {CSIAUU} Copy CSIAUU
2026-04-23 13:29:04,446 +0000Z  INFO  {CSIARG} CSIARG: Copied 0 rows.
2026-04-23 13:29:04,446 +0000Z  INFO  {CSMCDX} Copy CSMCDX
2026-04-23 13:29:04,465 +0000Z  INFO  {CSYCSN} Copy CSYCSN
2026-04-23 13:29:04,474 +0000Z  INFO  {CSIAUU} CSIAUU: Copied 0 rows.
2026-04-23 13:29:04,475 +0000Z  INFO  {CSMCDX} CSMCDX: Copied 0 rows.
2026-04-23 13:29:04,481 +0000Z  INFO  {CSYCSN} CSYCSN: Copied 0 rows.
2026-04-23 13:29:04,488 +0000Z  INFO  {FARREP} Copy FARREP
2026-04-23 13:29:04,494 +0000Z  INFO  {FCRMTN} Copy FCRMTN
2026-04-23 13:29:04,496 +0000Z  INFO  {FARREP} FARREP: Copied 0 rows.
2026-04-23 13:29:04,501 +0000Z  INFO  {FFARAT} Copy FFARAT
2026-04-23 13:29:04,506 +0000Z  INFO  {FCRMTN} FCRMTN: Copied 0 rows.
2026-04-23 13:29:04,509 +0000Z  INFO  {FFIDXD} Copy FFIDXD
2026-04-23 13:29:04,512 +0000Z  INFO  {FFARAT} FFARAT: Copied 0 rows.
2026-04-23 13:29:04,518 +0000Z  INFO  {FFIHEA} Copy FFIHEA
2026-04-23 13:29:04,519 +0000Z  INFO  {FFIDXD} FFIDXD: Copied 0 rows.
2026-04-23 13:29:04,527 +0000Z  INFO  {FGDIBD} Copy FGDIBD
2026-04-23 13:29:04,529 +0000Z  INFO  {FFIHEA} FFIHEA: Copied 0 rows.
2026-04-23 13:29:04,533 +0000Z  INFO  {FGDIBH} Copy FGDIBH
2026-04-23 13:29:04,538 +0000Z  INFO  {FGDISE} Copy FGDISE
2026-04-23 13:29:04,541 +0000Z  INFO  {FGDIBD} FGDIBD: Copied 0 rows.
2026-04-23 13:29:04,549 +0000Z  INFO  {FGDIST} Copy FGDIST
2026-04-23 13:29:04,557 +0000Z  INFO  {FGDITH} Copy FGDITH
2026-04-23 13:29:04,559 +0000Z  INFO  {FGDIBH} FGDIBH: Copied 0 rows.
2026-04-23 13:29:04,562 +0000Z  INFO  {FGDIST} FGDIST: Copied 0 rows.
2026-04-23 13:29:04,572 +0000Z  INFO  {FGDITH} FGDITH: Copied 0 rows.
2026-04-23 13:29:04,572 +0000Z  INFO  {FPLPCT} Copy FPLPCT
2026-04-23 13:29:04,574 +0000Z  INFO  {FGDISE} FGDISE: Copied 0 rows.
2026-04-23 13:29:04,584 +0000Z  INFO  {FPLPCT} FPLPCT: Copied 0 rows.
2026-04-23 13:29:04,584 +0000Z  INFO  {FSLPCT} Copy FSLPCT
2026-04-23 13:29:04,590 +0000Z  INFO  {LTSPCA} Copy LTSPCA
2026-04-23 13:29:04,596 +0000Z  INFO  {FSLPCT} FSLPCT: Copied 0 rows.
2026-04-23 13:29:04,598 +0000Z  INFO  {MADJNT} Copy MADJNT
2026-04-23 13:29:04,608 +0000Z  INFO  {LTSPCA} LTSPCA: Copied 0 rows.
2026-04-23 13:29:04,613 +0000Z  INFO  {MAMOHE} Copy MAMOHE
2026-04-23 13:29:04,622 +0000Z  INFO  {MAMOHE} MAMOHE: Copied 0 rows.
2026-04-23 13:29:04,624 +0000Z  INFO  {MADJNT} MADJNT: Copied 0 rows.
2026-04-23 13:29:04,624 +0000Z  INFO  {MCCCID} Copy MCCCID
2026-04-23 13:29:04,635 +0000Z  INFO  {MITACS} Copy MITACS
2026-04-23 13:29:04,643 +0000Z  INFO  {MCCCID} MCCCID: Copied 0 rows.
2026-04-23 13:29:04,645 +0000Z  INFO  {MITATY} Copy MITATY
2026-04-23 13:29:04,658 +0000Z  INFO  {MITACS} MITACS: Copied 0 rows.
2026-04-23 13:29:04,659 +0000Z  INFO  {MITATY} MITATY: Copied 0 rows.
2026-04-23 13:29:04,661 +0000Z  INFO  {MMIHED} Copy MMIHED
2026-04-23 13:29:04,672 +0000Z  INFO  {MMIIDE} Copy MMIIDE
2026-04-23 13:29:04,679 +0000Z  INFO  {MMIINS} Copy MMIINS
2026-04-23 13:29:04,685 +0000Z  INFO  {MMLPSC} Copy MMLPSC
2026-04-23 13:29:04,690 +0000Z  INFO  {MMIHED} MMIHED: Copied 0 rows.
2026-04-23 13:29:04,691 +0000Z  INFO  {MMIINS} MMIINS: Copied 0 rows.
2026-04-23 13:29:04,696 +0000Z  INFO  {MMOOPP} Copy MMOOPP
2026-04-23 13:29:04,698 +0000Z  INFO  {MMIIDE} MMIIDE: Copied 0 rows.
2026-04-23 13:29:04,703 +0000Z  INFO  {MMLPSC} MMLPSC: Copied 0 rows.
2026-04-23 13:29:04,704 +0000Z  INFO  {MMOWSC} Copy MMOWSC
2026-04-23 13:29:04,711 +0000Z  INFO  {MPAGRI} Copy MPAGRI
2026-04-23 13:29:04,717 +0000Z  INFO  {MMOWSC} MMOWSC: Copied 0 rows.
2026-04-23 13:29:04,718 +0000Z  INFO  {MMOOPP} MMOOPP: Copied 0 rows.
2026-04-23 13:29:04,721 +0000Z  INFO  {MPAGRI} MPAGRI: Copied 0 rows.
2026-04-23 13:29:04,723 +0000Z  INFO  {MPDALT} Copy MPDALT
2026-04-23 13:29:04,727 +0000Z  INFO  {MPDFDS} Copy MPDFDS
2026-04-23 13:29:04,732 +0000Z  INFO  {MPDRCO} Copy MPDRCO
2026-04-23 13:29:04,733 +0000Z  INFO  {MPDALT} MPDALT: Copied 0 rows.
2026-04-23 13:29:04,739 +0000Z  INFO  {MPDFDS} MPDFDS: Copied 0 rows.
2026-04-23 13:29:04,741 +0000Z  INFO  {MPDSCF} Copy MPDSCF
2026-04-23 13:29:04,743 +0000Z  INFO  {MPDRCO} MPDRCO: Copied 0 rows.
2026-04-23 13:29:04,747 +0000Z  INFO  {MPDSRC} Copy MPDSRC
2026-04-23 13:29:04,754 +0000Z  INFO  {MPDSRD} Copy MPDSRD
2026-04-23 13:29:04,759 +0000Z  INFO  {MPDSCF} MPDSCF: Copied 0 rows.
2026-04-23 13:29:04,760 +0000Z  INFO  {MPDSRF} Copy MPDSRF
2026-04-23 13:29:04,770 +0000Z  INFO  {MPDTRT} Copy MPDTRT
2026-04-23 13:29:04,772 +0000Z  INFO  {MPDSRC} MPDSRC: Copied 0 rows.
2026-04-23 13:29:04,773 +0000Z  INFO  {MPDSRD} MPDSRD: Copied 0 rows.
2026-04-23 13:29:04,776 +0000Z  INFO  {MPDSRF} MPDSRF: Copied 0 rows.
2026-04-23 13:29:04,778 +0000Z  INFO  {MPDVER} Copy MPDVER
2026-04-23 13:29:04,787 +0000Z  INFO  {MPDTRT} MPDTRT: Copied 0 rows.
2026-04-23 13:29:04,799 +0000Z  INFO  {MPDVER} MPDVER: Copied 0 rows.
2026-04-23 13:29:04,800 +0000Z  INFO  {MROCUM} Copy MROCUM
2026-04-23 13:29:04,817 +0000Z  INFO  {MTMTTY} Copy MTMTTY
2026-04-23 13:29:04,818 +0000Z  INFO  {MROCUM} MROCUM: Copied 0 rows.
2026-04-23 13:29:04,824 +0000Z  INFO  {OAGMXH} Copy OAGMXH
2026-04-23 13:29:04,836 +0000Z  INFO  {OAGMXL} Copy OAGMXL
2026-04-23 13:29:04,838 +0000Z  INFO  {MTMTTY} MTMTTY: Copied 0 rows.
2026-04-23 13:29:04,839 +0000Z  INFO  {OAGMXH} OAGMXH: Copied 0 rows.
2026-04-23 13:29:04,852 +0000Z  INFO  {OASITN} Copy OASITN
2026-04-23 13:29:04,871 +0000Z  INFO  {OAGMXL} OAGMXL: Copied 0 rows.
2026-04-23 13:29:04,872 +0000Z  INFO  {OASITN} OASITN: Copied 0 rows.
2026-04-23 13:29:04,879 +0000Z  INFO  {OBONST} Copy OBONST
2026-04-23 13:29:04,897 +0000Z  INFO  {OCUSIT} Copy OCUSIT
2026-04-23 13:29:04,898 +0000Z  INFO  {OBONST} OBONST: Copied 0 rows.
2026-04-23 13:29:04,901 +0000Z  INFO  {ODTXTH} Copy ODTXTH
2026-04-23 13:29:04,909 +0000Z  INFO  {OGDISY} Copy OGDISY
2026-04-23 13:29:04,918 +0000Z  INFO  {OGTATP} Copy OGTATP
2026-04-23 13:29:04,926 +0000Z  INFO  {OCUSIT} OCUSIT: Copied 0 rows.
2026-04-23 13:29:04,928 +0000Z  INFO  {OGTATP} OGTATP: Copied 0 rows.
2026-04-23 13:29:04,943 +0000Z  INFO  {OICHKL} Copy OICHKL
2026-04-23 13:29:04,952 +0000Z  INFO  {OICHKL} OICHKL: Copied 0 rows.
2026-04-23 13:29:04,957 +0000Z  INFO  {ODTXTH} ODTXTH: Copied 0 rows.
2026-04-23 13:29:04,958 +0000Z  INFO  {OPAYMH} Copy OPAYMH
2026-04-23 13:29:04,958 +0000Z  INFO  {OGDISY} OGDISY: Copied 0 rows.
2026-04-23 13:29:04,981 +0000Z  INFO  {OREPAR} Copy OREPAR
2026-04-23 13:29:04,990 +0000Z  INFO  {OPAYMH} OPAYMH: Copied 0 rows.
2026-04-23 13:29:04,991 +0000Z  INFO  {ORHEAD} Copy ORHEAD
2026-04-23 13:29:04,995 +0000Z  INFO  {OTPRID} Copy OTPRID
2026-04-23 13:29:05,007 +0000Z  INFO  {OREPAR} OREPAR: Copied 0 rows.
2026-04-23 13:29:05,008 +0000Z  INFO  {ORHEAD} ORHEAD: Copied 0 rows.
2026-04-23 13:29:05,012 +0000Z  INFO  {OTPROJ} Copy OTPROJ
2026-04-23 13:29:05,019 +0000Z  INFO  {OTWRCD} Copy OTWRCD
2026-04-23 13:29:05,032 +0000Z  INFO  {OTPRID} OTPRID: Copied 0 rows.
2026-04-23 13:29:05,038 +0000Z  INFO  {OTPROJ} OTPROJ: Copied 0 rows.
2026-04-23 13:29:05,043 +0000Z  INFO  {OTWRLN} Copy OTWRLN
2026-04-23 13:29:05,044 +0000Z  INFO  {OTWRCD} OTWRCD: Copied 0 rows.
2026-04-23 13:29:05,051 +0000Z  INFO  {PEECAL} Copy PEECAL
2026-04-23 13:29:05,056 +0000Z  INFO  {SGDISY} Copy SGDISY
2026-04-23 13:29:05,062 +0000Z  INFO  {SPRICE} Copy SPRICE
2026-04-23 13:29:05,074 +0000Z  INFO  {OTWRLN} OTWRLN: Copied 0 rows.
2026-04-23 13:29:05,081 +0000Z  INFO  {AMREIN} Copy AMREIN
2026-04-23 13:29:05,082 +0000Z  INFO  {PEECAL} PEECAL: Copied 0 rows.
2026-04-23 13:29:05,082 +0000Z  INFO  {SGDISY} SGDISY: Copied 0 rows.
2026-04-23 13:29:05,083 +0000Z  INFO  {SPRICE} SPRICE: Copied 0 rows.
2026-04-23 13:29:05,098 +0000Z  INFO  {CMNCMP} Copy CMNCMP
2026-04-23 13:29:05,101 +0000Z  INFO  {AMREIN} AMREIN: Copied 0 rows.
2026-04-23 13:29:05,106 +0000Z  INFO  {CSYGTX} Copy CSYGTX
2026-04-23 13:29:05,121 +0000Z  INFO  {CMNCMP} CMNCMP: Copied 1 rows.
2026-04-23 13:29:05,121 +0000Z  INFO  {FARRED} Copy FARRED
2026-04-23 13:29:05,126 +0000Z  INFO  {CSYGTX} CSYGTX: Copied 0 rows.
2026-04-23 13:29:05,135 +0000Z  INFO  {FARREM} Copy FARREM
2026-04-23 13:29:05,151 +0000Z  INFO  {FBUCNB} Copy FBUCNB
2026-04-23 13:29:05,152 +0000Z  INFO  {FARRED} FARRED: Copied 0 rows.
2026-04-23 13:29:05,160 +0000Z  INFO  {FDDAID} Copy FDDAID
2026-04-23 13:29:05,160 +0000Z  INFO  {FARREM} FARREM: Copied 0 rows.
2026-04-23 13:29:05,169 +0000Z  INFO  {FBUCNB} FBUCNB: Copied 0 rows.
2026-04-23 13:29:05,172 +0000Z  INFO  {FFA101} Copy FFA101
2026-04-23 13:29:05,176 +0000Z  INFO  {FDDAID} FDDAID: Copied 0 rows.
2026-04-23 13:29:05,178 +0000Z  INFO  {FPCOEX} Copy FPCOEX
2026-04-23 13:29:05,187 +0000Z  INFO  {FFA101} FFA101: Copied 0 rows.
2026-04-23 13:29:05,189 +0000Z  INFO  {FPRTDF} Copy FPRTDF
2026-04-23 13:29:05,197 +0000Z  INFO  {MBCWCT} Copy MBCWCT
2026-04-23 13:29:05,198 +0000Z  INFO  {FPCOEX} FPCOEX: Copied 0 rows.
2026-04-23 13:29:05,201 +0000Z  INFO  {MCPSPE} Copy MCPSPE
2026-04-23 13:29:05,209 +0000Z  INFO  {FPRTDF} FPRTDF: Copied 0 rows.
2026-04-23 13:29:05,210 +0000Z  INFO  {MDEOHE} Copy MDEOHE
2026-04-23 13:29:05,215 +0000Z  INFO  {MDEORE} Copy MDEORE
2026-04-23 13:29:05,224 +0000Z  INFO  {MITPAK} Copy MITPAK
2026-04-23 13:29:05,224 +0000Z  INFO  {MBCWCT} MBCWCT: Copied 0 rows.
2026-04-23 13:29:05,230 +0000Z  INFO  {MDEORE} MDEORE: Copied 0 rows.
2026-04-23 13:29:05,232 +0000Z  INFO  {MMSVAH} Copy MMSVAH
2026-04-23 13:29:05,233 +0000Z  INFO  {MDEOHE} MDEOHE: Copied 0 rows.
2026-04-23 13:29:05,233 +0000Z  INFO  {MITPAK} MITPAK: Copied 0 rows.
2026-04-23 13:29:05,234 +0000Z  INFO  {MCPSPE} MCPSPE: Copied 0 rows.
2026-04-23 13:29:05,237 +0000Z  INFO  {MPPIAD} Copy MPPIAD
2026-04-23 13:29:05,244 +0000Z  INFO  {MPSURL} Copy MPSURL
2026-04-23 13:29:05,248 +0000Z  INFO  {MSUPBO} Copy MSUPBO
2026-04-23 13:29:05,248 +0000Z  INFO  {MPPIAD} MPPIAD: Copied 0 rows.
2026-04-23 13:29:05,251 +0000Z  INFO  {MMSVAH} MMSVAH: Copied 0 rows.
2026-04-23 13:29:05,255 +0000Z  INFO  {OAGMCL} Copy OAGMCL
2026-04-23 13:29:05,261 +0000Z  INFO  {OOSREB} Copy OOSREB
2026-04-23 13:29:05,262 +0000Z  INFO  {MPSURL} MPSURL: Copied 0 rows.
2026-04-23 13:29:05,266 +0000Z  INFO  {OAGMCL} OAGMCL: Copied 0 rows.
2026-04-23 13:29:05,268 +0000Z  INFO  {MSUPBO} MSUPBO: Copied 0 rows.
2026-04-23 13:29:05,269 +0000Z  INFO  {OPLTMA} Copy OPLTMA
2026-04-23 13:29:05,275 +0000Z  INFO  {QMSDOC} Copy QMSDOC
2026-04-23 13:29:05,276 +0000Z  INFO  {OOSREB} OOSREB: Copied 0 rows.
2026-04-23 13:29:05,281 +0000Z  INFO  {QMSLAB} Copy QMSLAB
2026-04-23 13:29:05,291 +0000Z  INFO  {QMSRNS} Copy QMSRNS
2026-04-23 13:29:05,293 +0000Z  INFO  {OPLTMA} OPLTMA: Copied 0 rows.
2026-04-23 13:29:05,295 +0000Z  INFO  {QMSLAB} QMSLAB: Copied 0 rows.
2026-04-23 13:29:05,296 +0000Z  INFO  {ACUAGE} Copy ACUAGE
2026-04-23 13:29:05,296 +0000Z  INFO  {QMSDOC} QMSDOC: Copied 0 rows.
2026-04-23 13:29:05,305 +0000Z  INFO  {QMSRNS} QMSRNS: Copied 0 rows.
2026-04-23 13:29:05,307 +0000Z  INFO  {ADALVL} Copy ADALVL
2026-04-23 13:29:05,313 +0000Z  INFO  {ADCALM} Copy ADCALM
2026-04-23 13:29:05,313 +0000Z  INFO  {ACUAGE} ACUAGE: Copied 0 rows.
2026-04-23 13:29:05,324 +0000Z  INFO  {ADALVL} ADALVL: Copied 0 rows.
2026-04-23 13:29:05,325 +0000Z  INFO  {ADCALM} ADCALM: Copied 0 rows.
2026-04-23 13:29:05,326 +0000Z  INFO  {ADEDDI} Copy ADEDDI
2026-04-23 13:29:05,335 +0000Z  INFO  {ADEDII} Copy ADEDII
2026-04-23 13:29:05,340 +0000Z  INFO  {ADELRE} Copy ADELRE
2026-04-23 13:29:05,343 +0000Z  INFO  {ADEDDI} ADEDDI: Copied 0 rows.
2026-04-23 13:29:05,346 +0000Z  INFO  {AMULVL} Copy AMULVL
2026-04-23 13:29:05,348 +0000Z  INFO  {ADELRE} ADELRE: Copied 0 rows.
2026-04-23 13:29:05,350 +0000Z  INFO  {ADEDII} ADEDII: Copied 0 rows.
2026-04-23 13:29:05,357 +0000Z  INFO  {AMULVL} AMULVL: Copied 0 rows.
2026-04-23 13:29:05,366 +0000Z  INFO  {BCHKHE} Copy BCHKHE
2026-04-23 13:29:05,375 +0000Z  INFO  {BCHKHE} BCHKHE: Copied 0 rows.
2026-04-23 13:29:05,378 +0000Z  INFO  {BPLEAD} Copy BPLEAD
2026-04-23 13:29:05,390 +0000Z  INFO  {BPLEAD} BPLEAD: Copied 0 rows.
2026-04-23 13:29:05,395 +0000Z  INFO  {BQUSEC} Copy BQUSEC
2026-04-23 13:29:05,401 +0000Z  INFO  {BSETAC} Copy BSETAC
2026-04-23 13:29:05,407 +0000Z  INFO  {CAREPL} Copy CAREPL
2026-04-23 13:29:05,407 +0000Z  INFO  {BQUSEC} BQUSEC: Copied 0 rows.
2026-04-23 13:29:05,409 +0000Z  INFO  {BSETAC} BSETAC: Copied 0 rows.
2026-04-23 13:29:05,412 +0000Z  INFO  {CBANBR} Copy CBANBR
2026-04-23 13:29:05,416 +0000Z  INFO  {CAREPL} CAREPL: Copied 0 rows.
2026-04-23 13:29:05,417 +0000Z  INFO  {CCACAP} Copy CCACAP
2026-04-23 13:29:05,421 +0000Z  INFO  {CCADEF} Copy CCADEF
2026-04-23 13:29:05,425 +0000Z  INFO  {CCAOBJ} Copy CCAOBJ
2026-04-23 13:29:05,430 +0000Z  INFO  {CFUNLV} Copy CFUNLV
2026-04-23 13:29:05,430 +0000Z  INFO  {CBANBR} CBANBR: Copied 0 rows.
2026-04-23 13:29:05,431 +0000Z  INFO  {CCACAP} CCACAP: Copied 0 rows.
2026-04-23 13:29:05,432 +0000Z  INFO  {CCADEF} CCADEF: Copied 0 rows.
2026-04-23 13:29:05,437 +0000Z  INFO  {CIDALH} Copy CIDALH
2026-04-23 13:29:05,439 +0000Z  INFO  {CCAOBJ} CCAOBJ: Copied 0 rows.
2026-04-23 13:29:05,441 +0000Z  INFO  {CIDVCN} Copy CIDVCN
2026-04-23 13:29:05,443 +0000Z  INFO  {CFUNLV} CFUNLV: Copied 0 rows.
2026-04-23 13:29:05,449 +0000Z  INFO  {CIDALH} CIDALH: Copied 0 rows.
2026-04-23 13:29:05,451 +0000Z  INFO  {CIMWTC} Copy CIMWTC
2026-04-23 13:29:05,457 +0000Z  INFO  {CMDSET} Copy CMDSET
2026-04-23 13:29:05,463 +0000Z  INFO  {CIDVCN} CIDVCN: Copied 0 rows.
2026-04-23 13:29:05,464 +0000Z  INFO  {CIMWTC} CIMWTC: Copied 0 rows.
2026-04-23 13:29:05,465 +0000Z  INFO  {CMNTBD} Copy CMNTBD
2026-04-23 13:29:05,467 +0000Z  INFO  {CMDSET} CMDSET: Copied 0 rows.
2026-04-23 13:29:05,473 +0000Z  INFO  {CMOSET} Copy CMOSET
2026-04-23 13:29:05,481 +0000Z  INFO  {CMNTBD} CMNTBD: Copied 0 rows.
2026-04-23 13:29:05,483 +0000Z  INFO  {COSRVR} Copy COSRVR
2026-04-23 13:29:05,484 +0000Z  INFO  {CMOSET} CMOSET: Copied 0 rows.
2026-04-23 13:29:05,487 +0000Z  INFO  {CSHPGM} Copy CSHPGM
2026-04-23 13:29:05,491 +0000Z  INFO  {COSRVR} COSRVR: Copied 0 rows.
2026-04-23 13:29:05,492 +0000Z  INFO  {CSIACO} Copy CSIACO
2026-04-23 13:29:05,497 +0000Z  INFO  {CSIAFG} Copy CSIAFG
2026-04-23 13:29:05,498 +0000Z  INFO  {CSHPGM} CSHPGM: Copied 0 rows.
2026-04-23 13:29:05,501 +0000Z  INFO  {CSIACO} CSIACO: Copied 0 rows.
2026-04-23 13:29:05,503 +0000Z  INFO  {CSIARF} Copy CSIARF
2026-04-23 13:29:05,512 +0000Z  INFO  {CSIAFG} CSIAFG: Copied 0 rows.
2026-04-23 13:29:05,512 +0000Z  INFO  {CSTDNC} Copy CSTDNC
2026-04-23 13:29:05,518 +0000Z  INFO  {CSIARF} CSIARF: Copied 0 rows.
2026-04-23 13:29:05,520 +0000Z  INFO  {CSYSTJ} Copy CSYSTJ
2026-04-23 13:29:05,522 +0000Z  INFO  {CSTDNC} CSTDNC: Copied 0 rows.
2026-04-23 13:29:05,525 +0000Z  INFO  {CTAXCE} Copy CTAXCE
2026-04-23 13:29:05,530 +0000Z  INFO  {CUGEEA} Copy CUGEEA
2026-04-23 13:29:05,537 +0000Z  INFO  {CSYSTJ} CSYSTJ: Copied 0 rows.
2026-04-23 13:29:05,538 +0000Z  INFO  {CUGEES} Copy CUGEES
2026-04-23 13:29:05,544 +0000Z  INFO  {DFRCOZ} Copy DFRCOZ
2026-04-23 13:29:05,544 +0000Z  INFO  {CTAXCE} CTAXCE: Copied 0 rows.
2026-04-23 13:29:05,549 +0000Z  INFO  {CUGEEA} CUGEEA: Copied 0 rows.
2026-04-23 13:29:05,558 +0000Z  INFO  {DFRCOZ} DFRCOZ: Copied 0 rows.
2026-04-23 13:29:05,558 +0000Z  INFO  {DRSSET} Copy DRSSET
2026-04-23 13:29:05,561 +0000Z  INFO  {CUGEES} CUGEES: Copied 0 rows.
2026-04-23 13:29:05,566 +0000Z  INFO  {DRTRSR} Copy DRTRSR
2026-04-23 13:29:05,573 +0000Z  INFO  {DRSSET} DRSSET: Copied 0 rows.
2026-04-23 13:29:05,573 +0000Z  INFO  {FDDAGR} Copy FDDAGR
2026-04-23 13:29:05,577 +0000Z  INFO  {DRTRSR} DRTRSR: Copied 0 rows.
2026-04-23 13:29:05,578 +0000Z  INFO  {FERECD} Copy FERECD
2026-04-23 13:29:05,587 +0000Z  INFO  {FERECH} Copy FERECH
2026-04-23 13:29:05,588 +0000Z  INFO  {FDDAGR} FDDAGR: Copied 0 rows.
2026-04-23 13:29:05,591 +0000Z  INFO  {FFACTR} Copy FFACTR
2026-04-23 13:29:05,595 +0000Z  INFO  {FFDTBD} Copy FFDTBD
2026-04-23 13:29:05,598 +0000Z  INFO  {FERECD} FERECD: Copied 0 rows.
2026-04-23 13:29:05,601 +0000Z  INFO  {FFACTR} FFACTR: Copied 0 rows.
2026-04-23 13:29:05,603 +0000Z  INFO  {FFDTBH} Copy FFDTBH
2026-04-23 13:29:05,605 +0000Z  INFO  {FERECH} FERECH: Copied 0 rows.
2026-04-23 13:29:05,606 +0000Z  INFO  {FFDTBD} FFDTBD: Copied 0 rows.
2026-04-23 13:29:05,613 +0000Z  INFO  {FFDTBH} FFDTBH: Copied 0 rows.
2026-04-23 13:29:05,616 +0000Z  INFO  {FFIDXH} Copy FFIDXH
2026-04-23 13:29:05,620 +0000Z  INFO  {FGDISD} Copy FGDISD
2026-04-23 13:29:05,624 +0000Z  INFO  {FFIDXH} FFIDXH: Copied 0 rows.
2026-04-23 13:29:05,624 +0000Z  INFO  {FGDISH} Copy FGDISH
2026-04-23 13:29:05,629 +0000Z  INFO  {FQRDET} Copy FQRDET
2026-04-23 13:29:05,633 +0000Z  INFO  {FGDISD} FGDISD: Copied 0 rows.
2026-04-23 13:29:05,639 +0000Z  INFO  {FGDISH} FGDISH: Copied 0 rows.
2026-04-23 13:29:05,640 +0000Z  INFO  {FQRHEA} Copy FQRHEA
2026-04-23 13:29:05,646 +0000Z  INFO  {FQRLIN} Copy FQRLIN
2026-04-23 13:29:05,650 +0000Z  INFO  {FQRHEA} FQRHEA: Copied 0 rows.
2026-04-23 13:29:05,651 +0000Z  INFO  {FQRSUG} Copy FQRSUG
2026-04-23 13:29:05,655 +0000Z  INFO  {FRRRCB} Copy FRRRCB
2026-04-23 13:29:05,660 +0000Z  INFO  {FQRLIN} FQRLIN: Copied 0 rows.
2026-04-23 13:29:05,661 +0000Z  INFO  {FQRSUG} FQRSUG: Copied 0 rows.
2026-04-23 13:29:05,662 +0000Z  INFO  {FTVTNO} Copy FTVTNO
2026-04-23 13:29:05,667 +0000Z  INFO  {FRRRCB} FRRRCB: Copied 0 rows.
2026-04-23 13:29:05,668 +0000Z  INFO  {FVATRD} Copy FVATRD
2026-04-23 13:29:05,670 +0000Z  INFO  {FQRDET} FQRDET: Copied 0 rows.
2026-04-23 13:29:05,673 +0000Z  INFO  {LT1350} Copy LT1350
2026-04-23 13:29:05,674 +0000Z  INFO  {FTVTNO} FTVTNO: Copied 0 rows.
2026-04-23 13:29:05,681 +0000Z  INFO  {LTIXTP} Copy LTIXTP
2026-04-23 13:29:05,684 +0000Z  INFO  {FVATRD} FVATRD: Copied 0 rows.
2026-04-23 13:29:05,685 +0000Z  INFO  {LT1350} LT1350: Copied 0 rows.
2026-04-23 13:29:05,687 +0000Z  INFO  {LTIXVD} Copy LTIXVD
2026-04-23 13:29:05,690 +0000Z  INFO  {LTIXTP} LTIXTP: Copied 0 rows.
2026-04-23 13:29:05,694 +0000Z  INFO  {LTIXVD} LTIXVD: Copied 0 rows.
2026-04-23 13:29:05,697 +0000Z  INFO  {MADSET} Copy MADSET
2026-04-23 13:29:05,702 +0000Z  INFO  {MCCWAR} Copy MCCWAR
2026-04-23 13:29:05,706 +0000Z  INFO  {MADSET} MADSET: Copied 0 rows.
2026-04-23 13:29:05,707 +0000Z  INFO  {MCFCOH} Copy MCFCOH
2026-04-23 13:29:05,712 +0000Z  INFO  {MCFCTY} Copy MCFCTY
2026-04-23 13:29:05,714 +0000Z  INFO  {MCCWAR} MCCWAR: Copied 0 rows.
2026-04-23 13:29:05,717 +0000Z  INFO  {MCFCOH} MCFCOH: Copied 0 rows.
2026-04-23 13:29:05,719 +0000Z  INFO  {MCFCVA} Copy MCFCVA
2026-04-23 13:29:05,724 +0000Z  INFO  {MCFCVX} Copy MCFCVX
2026-04-23 13:29:05,731 +0000Z  INFO  {MCFLOP} Copy MCFLOP
2026-04-23 13:29:05,733 +0000Z  INFO  {MCFCTY} MCFCTY: Copied 0 rows.
2026-04-23 13:29:05,735 +0000Z  INFO  {MCFMOA} Copy MCFMOA
2026-04-23 13:29:05,737 +0000Z  INFO  {MCFCVA} MCFCVA: Copied 0 rows.
2026-04-23 13:29:05,737 +0000Z  INFO  {MCFCVX} MCFCVX: Copied 0 rows.
2026-04-23 13:29:05,741 +0000Z  INFO  {MCFLOP} MCFLOP: Copied 0 rows.
2026-04-23 13:29:05,745 +0000Z  INFO  {MCFMOA} MCFMOA: Copied 0 rows.
2026-04-23 13:29:05,746 +0000Z  INFO  {MCFMOD} Copy MCFMOD
2026-04-23 13:29:05,753 +0000Z  INFO  {MCFPOC} Copy MCFPOC
2026-04-23 13:29:05,759 +0000Z  INFO  {MCFSBT} Copy MCFSBT
2026-04-23 13:29:05,762 +0000Z  INFO  {MCFMOD} MCFMOD: Copied 0 rows.
2026-04-23 13:29:05,767 +0000Z  INFO  {MCFVER} Copy MCFVER
2026-04-23 13:29:05,769 +0000Z  INFO  {MCFSBT} MCFSBT: Copied 0 rows.
2026-04-23 13:29:05,771 +0000Z  INFO  {MGITTR} Copy MGITTR
2026-04-23 13:29:05,773 +0000Z  INFO  {MCFPOC} MCFPOC: Copied 0 rows.
2026-04-23 13:29:05,781 +0000Z  INFO  {MGITTR} MGITTR: Copied 0 rows.
2026-04-23 13:29:05,783 +0000Z  INFO  {MCFVER} MCFVER: Copied 0 rows.
2026-04-23 13:29:05,785 +0000Z  INFO  {MHIIPA} Copy MHIIPA
2026-04-23 13:29:05,792 +0000Z  INFO  {MISBST} Copy MISBST
2026-04-23 13:29:05,795 +0000Z  INFO  {MHIIPA} MHIIPA: Copied 0 rows.
2026-04-23 13:29:05,797 +0000Z  INFO  {MITCOH} Copy MITCOH
2026-04-23 13:29:05,804 +0000Z  INFO  {MISBST} MISBST: Copied 0 rows.
2026-04-23 13:29:05,804 +0000Z  INFO  {MITDNR} Copy MITDNR
2026-04-23 13:29:05,808 +0000Z  INFO  {MITETR} Copy MITETR
2026-04-23 13:29:05,809 +0000Z  INFO  {MITCOH} MITCOH: Copied 0 rows.
2026-04-23 13:29:05,813 +0000Z  INFO  {MITITR} Copy MITITR
2026-04-23 13:29:05,816 +0000Z  INFO  {MITETR} MITETR: Copied 0 rows.
2026-04-23 13:29:05,819 +0000Z  INFO  {MITMCV} Copy MITMCV
2026-04-23 13:29:05,823 +0000Z  INFO  {MITTKS} Copy MITTKS
2026-04-23 13:29:05,824 +0000Z  INFO  {MITDNR} MITDNR: Copied 0 rows.
2026-04-23 13:29:05,830 +0000Z  INFO  {MITMCV} MITMCV: Copied 0 rows.
2026-04-23 13:29:05,831 +0000Z  INFO  {MITVEM} Copy MITVEM
2026-04-23 13:29:05,832 +0000Z  INFO  {MITITR} MITITR: Copied 0 rows.
2026-04-23 13:29:05,837 +0000Z  INFO  {MITTKS} MITTKS: Copied 0 rows.
2026-04-23 13:29:05,839 +0000Z  INFO  {MLIHED} Copy MLIHED
2026-04-23 13:29:05,844 +0000Z  INFO  {MLIHEL} Copy MLIHEL
2026-04-23 13:29:05,846 +0000Z  INFO  {MITVEM} MITVEM: Copied 0 rows.
2026-04-23 13:29:05,851 +0000Z  INFO  {MMAHED} Copy MMAHED
2026-04-23 13:29:05,855 +0000Z  INFO  {MLIHED} MLIHED: Copied 0 rows.
2026-04-23 13:29:05,860 +0000Z  INFO  {MLIHEL} MLIHEL: Copied 0 rows.
2026-04-23 13:29:05,865 +0000Z  INFO  {MMAIDE} Copy MMAIDE
2026-04-23 13:29:05,876 +0000Z  INFO  {MMAINS} Copy MMAINS
2026-04-23 13:29:05,877 +0000Z  INFO  {MMAHED} MMAHED: Copied 0 rows.
2026-04-23 13:29:05,881 +0000Z  INFO  {MMAIDE} MMAIDE: Copied 0 rows.
2026-04-23 13:29:05,882 +0000Z  INFO  {MMALAH} Copy MMALAH
2026-04-23 13:29:05,894 +0000Z  INFO  {MMALAN} Copy MMALAN
2026-04-23 13:29:05,895 +0000Z  INFO  {MMALAH} MMALAH: Copied 0 rows.
2026-04-23 13:29:05,897 +0000Z  INFO  {MMAINS} MMAINS: Copied 0 rows.
2026-04-23 13:29:05,901 +0000Z  INFO  {MMAPGM} Copy MMAPGM
2026-04-23 13:29:05,908 +0000Z  INFO  {MMALAN} MMALAN: Copied 0 rows.
2026-04-23 13:29:05,912 +0000Z  INFO  {MMFADA} Copy MMFADA
2026-04-23 13:29:05,914 +0000Z  INFO  {MMAPGM} MMAPGM: Copied 0 rows.
2026-04-23 13:29:05,918 +0000Z  INFO  {MMFADD} Copy MMFADD
2026-04-23 13:29:05,923 +0000Z  INFO  {MMFADA} MMFADA: Copied 0 rows.
2026-04-23 13:29:05,926 +0000Z  INFO  {MMFADD} MMFADD: Copied 0 rows.
2026-04-23 13:29:05,929 +0000Z  INFO  {MMFADS} Copy MMFADS
2026-04-23 13:29:05,937 +0000Z  INFO  {MMLVLP} Copy MMLVLP
2026-04-23 13:29:05,943 +0000Z  INFO  {MMLVLS} Copy MMLVLS
2026-04-23 13:29:05,947 +0000Z  INFO  {MMFADS} MMFADS: Copied 0 rows.
2026-04-23 13:29:05,948 +0000Z  INFO  {MMOOEE} Copy MMOOEE
2026-04-23 13:29:05,948 +0000Z  INFO  {MMLVLP} MMLVLP: Copied 0 rows.
2026-04-23 13:29:05,955 +0000Z  INFO  {MMLVLS} MMLVLS: Copied 0 rows.
2026-04-23 13:29:05,957 +0000Z  INFO  {MMPLTE} Copy MMPLTE
2026-04-23 13:29:05,961 +0000Z  INFO  {MMOOEE} MMOOEE: Copied 0 rows.
2026-04-23 13:29:05,963 +0000Z  INFO  {MMPTRL} Copy MMPTRL
2026-04-23 13:29:05,967 +0000Z  INFO  {MMPLTE} MMPLTE: Copied 0 rows.
2026-04-23 13:29:05,969 +0000Z  INFO  {MOCEAU} Copy MOCEAU
2026-04-23 13:29:05,974 +0000Z  INFO  {MMPTRL} MMPTRL: Copied 0 rows.
2026-04-23 13:29:05,974 +0000Z  INFO  {MOMPGL} Copy MOMPGL
2026-04-23 13:29:05,979 +0000Z  INFO  {MOOPPD} Copy MOOPPD
2026-04-23 13:29:05,981 +0000Z  INFO  {MOCEAU} MOCEAU: Copied 0 rows.
2026-04-23 13:29:05,986 +0000Z  INFO  {MPACIL} Copy MPACIL
2026-04-23 13:29:05,987 +0000Z  INFO  {MOMPGL} MOMPGL: Copied 0 rows.
2026-04-23 13:29:05,991 +0000Z  INFO  {MPAGRS} Copy MPAGRS
2026-04-23 13:29:05,992 +0000Z  INFO  {MOOPPD} MOOPPD: Copied 0 rows.
2026-04-23 13:29:05,995 +0000Z  INFO  {MPCSID} Copy MPCSID
2026-04-23 13:29:05,996 +0000Z  INFO  {MPACIL} MPACIL: Copied 0 rows.
2026-04-23 13:29:05,999 +0000Z  INFO  {MPAGRS} MPAGRS: Copied 0 rows.
2026-04-23 13:29:06,001 +0000Z  INFO  {MPDCPN} Copy MPDCPN
2026-04-23 13:29:06,005 +0000Z  INFO  {MPCSID} MPCSID: Copied 0 rows.
2026-04-23 13:29:06,007 +0000Z  INFO  {MPDEF3} Copy MPDEF3
2026-04-23 13:29:06,013 +0000Z  INFO  {MPDGDH} Copy MPDGDH
2026-04-23 13:29:06,014 +0000Z  INFO  {MPDCPN} MPDCPN: Copied 0 rows.
2026-04-23 13:29:06,018 +0000Z  INFO  {MPDEF3} MPDEF3: Copied 0 rows.
2026-04-23 13:29:06,020 +0000Z  INFO  {MPDGDL} Copy MPDGDL
2026-04-23 13:29:06,024 +0000Z  INFO  {MPDMAA} Copy MPDMAA
2026-04-23 13:29:06,029 +0000Z  INFO  {MPDGDH} MPDGDH: Copied 0 rows.
2026-04-23 13:29:06,031 +0000Z  INFO  {MPDMED} Copy MPDMED
2026-04-23 13:29:06,033 +0000Z  INFO  {MPDGDL} MPDGDL: Copied 0 rows.
2026-04-23 13:29:06,035 +0000Z  INFO  {MPDMAA} MPDMAA: Copied 0 rows.
2026-04-23 13:29:06,037 +0000Z  INFO  {MPDPMM} Copy MPDPMM
2026-04-23 13:29:06,042 +0000Z  INFO  {MPDREQ} Copy MPDREQ
2026-04-23 13:29:06,046 +0000Z  INFO  {MPINVF} Copy MPINVF
2026-04-23 13:29:06,047 +0000Z  INFO  {MPDPMM} MPDPMM: Copied 0 rows.
2026-04-23 13:29:06,051 +0000Z  INFO  {MPDREQ} MPDREQ: Copied 0 rows.
2026-04-23 13:29:06,052 +0000Z  INFO  {MPPBOR} Copy MPPBOR
2026-04-23 13:29:06,053 +0000Z  INFO  {MPDMED} MPDMED: Copied 0 rows.
2026-04-23 13:29:06,057 +0000Z  INFO  {MPINVF} MPINVF: Copied 0 rows.
2026-04-23 13:29:06,058 +0000Z  INFO  {MPSUPR} Copy MPSUPR
2026-04-23 13:29:06,062 +0000Z  INFO  {MPPBOR} MPPBOR: Copied 0 rows.
2026-04-23 13:29:06,067 +0000Z  INFO  {MPSUPS} Copy MPSUPS
2026-04-23 13:29:06,075 +0000Z  INFO  {MSCHMA} Copy MSCHMA
2026-04-23 13:29:06,079 +0000Z  INFO  {MPSUPR} MPSUPR: Copied 0 rows.
2026-04-23 13:29:06,080 +0000Z  INFO  {MSCPOL} Copy MSCPOL
2026-04-23 13:29:06,081 +0000Z  INFO  {MPSUPS} MPSUPS: Copied 0 rows.
2026-04-23 13:29:06,084 +0000Z  INFO  {MSPLMO} Copy MSPLMO
2026-04-23 13:29:06,088 +0000Z  INFO  {MSCHMA} MSCHMA: Copied 0 rows.
2026-04-23 13:29:06,090 +0000Z  INFO  {MTMAIT} Copy MTMAIT
2026-04-23 13:29:06,094 +0000Z  INFO  {MSPLMO} MSPLMO: Copied 0 rows.
2026-04-23 13:29:06,094 +0000Z  INFO  {MUPSTR} Copy MUPSTR
2026-04-23 13:29:06,095 +0000Z  INFO  {MSCPOL} MSCPOL: Copied 0 rows.
2026-04-23 13:29:06,100 +0000Z  INFO  {MWPLIT} Copy MWPLIT
2026-04-23 13:29:06,103 +0000Z  INFO  {MUPSTR} MUPSTR: Copied 0 rows.
2026-04-23 13:29:06,104 +0000Z  INFO  {MTMAIT} MTMAIT: Copied 0 rows.
2026-04-23 13:29:06,107 +0000Z  INFO  {MWXUSR} Copy MWXUSR
2026-04-23 13:29:06,111 +0000Z  INFO  {OACREA} Copy OACREA
2026-04-23 13:29:06,112 +0000Z  INFO  {MWPLIT} MWPLIT: Copied 0 rows.
2026-04-23 13:29:06,114 +0000Z  INFO  {MWXUSR} MWXUSR: Copied 0 rows.
2026-04-23 13:29:06,117 +0000Z  INFO  {OAGMCH} Copy OAGMCH
2026-04-23 13:29:06,124 +0000Z  INFO  {OAGRTP} Copy OAGRTP
2026-04-23 13:29:06,130 +0000Z  INFO  {OACREA} OACREA: Copied 0 rows.
2026-04-23 13:29:06,134 +0000Z  INFO  {OAGSET} Copy OAGSET
2026-04-23 13:29:06,136 +0000Z  INFO  {OAGMCH} OAGMCH: Copied 0 rows.
2026-04-23 13:29:06,140 +0000Z  INFO  {OASCUS} Copy OASCUS
2026-04-23 13:29:06,141 +0000Z  INFO  {OAGRTP} OAGRTP: Copied 0 rows.
2026-04-23 13:29:06,145 +0000Z  INFO  {OAGSET} OAGSET: Copied 0 rows.
2026-04-23 13:29:06,146 +0000Z  INFO  {OBTPAH} Copy OBTPAH
2026-04-23 13:29:06,151 +0000Z  INFO  {OCASHB} Copy OCASHB
2026-04-23 13:29:06,153 +0000Z  INFO  {OASCUS} OASCUS: Copied 0 rows.
2026-04-23 13:29:06,157 +0000Z  INFO  {OCASHD} Copy OCASHD
2026-04-23 13:29:06,157 +0000Z  INFO  {OBTPAH} OBTPAH: Copied 0 rows.
2026-04-23 13:29:06,162 +0000Z  INFO  {OCHAMO} Copy OCHAMO
2026-04-23 13:29:06,165 +0000Z  INFO  {OCASHB} OCASHB: Copied 0 rows.
2026-04-23 13:29:06,167 +0000Z  INFO  {OCASHD} OCASHD: Copied 0 rows.
2026-04-23 13:29:06,168 +0000Z  INFO  {OCUSAC} Copy OCUSAC
2026-04-23 13:29:06,173 +0000Z  INFO  {OCUSCP} Copy OCUSCP
2026-04-23 13:29:06,174 +0000Z  INFO  {OCHAMO} OCHAMO: Copied 0 rows.
2026-04-23 13:29:06,178 +0000Z  INFO  {OCUTAB} Copy OCUTAB
2026-04-23 13:29:06,181 +0000Z  INFO  {OCUSAC} OCUSAC: Copied 0 rows.
2026-04-23 13:29:06,183 +0000Z  INFO  {OCUSCP} OCUSCP: Copied 0 rows.
2026-04-23 13:29:06,189 +0000Z  INFO  {OMAANE} Copy OMAANE
2026-04-23 13:29:06,191 +0000Z  INFO  {OCUTAB} OCUTAB: Copied 0 rows.
2026-04-23 13:29:06,195 +0000Z  INFO  {OOEMSG} Copy OOEMSG
2026-04-23 13:29:06,200 +0000Z  INFO  {OOOREF} Copy OOOREF
2026-04-23 13:29:06,200 +0000Z  INFO  {OMAANE} OMAANE: Copied 0 rows.
2026-04-23 13:29:06,205 +0000Z  INFO  {OOS425} Copy OOS425
2026-04-23 13:29:06,208 +0000Z  INFO  {OOOREF} OOOREF: Copied 0 rows.
2026-04-23 13:29:06,210 +0000Z  INFO  {OOEMSG} OOEMSG: Copied 0 rows.
2026-04-23 13:29:06,212 +0000Z  INFO  {OPAYMD} Copy OPAYMD
2026-04-23 13:29:06,212 +0000Z  INFO  {OOS425} OOS425: Copied 0 rows.
2026-04-23 13:29:06,219 +0000Z  INFO  {OPRCMO} Copy OPRCMO
2026-04-23 13:29:06,223 +0000Z  INFO  {OPAYMD} OPAYMD: Copied 0 rows.
2026-04-23 13:29:06,224 +0000Z  INFO  {OPRCPM} Copy OPRCPM
2026-04-23 13:29:06,226 +0000Z  INFO  {OPRCMO} OPRCMO: Copied 0 rows.
2026-04-23 13:29:06,229 +0000Z  INFO  {OPRSEE} Copy OPRSEE
2026-04-23 13:29:06,234 +0000Z  INFO  {OPRCPM} OPRCPM: Copied 0 rows.
2026-04-23 13:29:06,234 +0000Z  INFO  {OPRSET} Copy OPRSET
2026-04-23 13:29:06,236 +0000Z  INFO  {OPRSEE} OPRSEE: Copied 0 rows.
2026-04-23 13:29:06,239 +0000Z  INFO  {OPRSTM} Copy OPRSTM
2026-04-23 13:29:06,243 +0000Z  INFO  {ORETUR} Copy ORETUR
2026-04-23 13:29:06,248 +0000Z  INFO  {OPRSET} OPRSET: Copied 0 rows.
2026-04-23 13:29:06,248 +0000Z  INFO  {ORHIST} Copy ORHIST
2026-04-23 13:29:06,253 +0000Z  INFO  {ORETUR} ORETUR: Copied 0 rows.
2026-04-23 13:29:06,254 +0000Z  INFO  {OPRSTM} OPRSTM: Copied 0 rows.
2026-04-23 13:29:06,256 +0000Z  INFO  {ORSPPS} Copy ORSPPS
2026-04-23 13:29:06,260 +0000Z  INFO  {ORHIST} ORHIST: Copied 0 rows.
2026-04-23 13:29:06,264 +0000Z  INFO  {ORSPPS} ORSPPS: Copied 0 rows.
2026-04-23 13:29:06,265 +0000Z  INFO  {ORSSPP} Copy ORSSPP
2026-04-23 13:29:06,269 +0000Z  INFO  {OSSCTL} Copy OSSCTL
2026-04-23 13:29:06,273 +0000Z  INFO  {OTPRIH} Copy OTPRIH
2026-04-23 13:29:06,278 +0000Z  INFO  {OSSCTL} OSSCTL: Copied 0 rows.
2026-04-23 13:29:06,279 +0000Z  INFO  {ORSSPP} ORSSPP: Copied 0 rows.
2026-04-23 13:29:06,281 +0000Z  INFO  {QMSISD} Copy QMSISD
2026-04-23 13:29:06,286 +0000Z  INFO  {QMSMIN} Copy QMSMIN
2026-04-23 13:29:06,286 +0000Z  INFO  {OTPRIH} OTPRIH: Copied 0 rows.
2026-04-23 13:29:06,291 +0000Z  INFO  {QMSMUR} Copy QMSMUR
2026-04-23 13:29:06,299 +0000Z  INFO  {QMSMIN} QMSMIN: Copied 0 rows.
2026-04-23 13:29:06,302 +0000Z  INFO  {QMSRSN} Copy QMSRSN
2026-04-23 13:29:06,307 +0000Z  INFO  {QMSISD} QMSISD: Copied 0 rows.
2026-04-23 13:29:06,308 +0000Z  INFO  {QMSMUR} QMSMUR: Copied 0 rows.
2026-04-23 13:29:06,309 +0000Z  INFO  {SCIXTP} Copy SCIXTP
2026-04-23 13:29:06,309 +0000Z  INFO  {QMSRSN} QMSRSN: Copied 0 rows.
2026-04-23 13:29:06,315 +0000Z  INFO  {SEQUIP} Copy SEQUIP
2026-04-23 13:29:06,321 +0000Z  INFO  {SITCOM} Copy SITCOM
2026-04-23 13:29:06,327 +0000Z  INFO  {SPMACT} Copy SPMACT
2026-04-23 13:29:06,330 +0000Z  INFO  {SCIXTP} SCIXTP: Copied 0 rows.
2026-04-23 13:29:06,334 +0000Z  INFO  {SITCOM} SITCOM: Copied 0 rows.
2026-04-23 13:29:06,335 +0000Z  INFO  {SQUTEM} Copy SQUTEM
2026-04-23 13:29:06,339 +0000Z  INFO  {SEQUIP} SEQUIP: Copied 0 rows.
2026-04-23 13:29:06,340 +0000Z  INFO  {SSADEQ} Copy SSADEQ
2026-04-23 13:29:06,341 +0000Z  INFO  {SPMACT} SPMACT: Copied 0 rows.
2026-04-23 13:29:06,346 +0000Z  INFO  {SQUTEM} SQUTEM: Copied 0 rows.
2026-04-23 13:29:06,346 +0000Z  INFO  {SSAEQ1} Copy SSAEQ1
2026-04-23 13:29:06,350 +0000Z  INFO  {SSADEQ} SSADEQ: Copied 0 rows.
2026-04-23 13:29:06,350 +0000Z  INFO  {SSRETM} Copy SSRETM
2026-04-23 13:29:06,358 +0000Z  INFO  {CCUCON} Copy CCUCON
2026-04-23 13:29:06,359 +0000Z  INFO  {SSRETM} SSRETM: Copied 0 rows.
2026-04-23 13:29:06,363 +0000Z  INFO  {CDPRUN} Copy CDPRUN
2026-04-23 13:29:06,370 +0000Z  INFO  {SSAEQ1} SSAEQ1: Copied 0 rows.
2026-04-23 13:29:06,372 +0000Z  INFO  {CEAEMP} Copy CEAEMP
2026-04-23 13:29:06,373 +0000Z  INFO  {CDPRUN} CDPRUN: Copied 0 rows.
2026-04-23 13:29:06,375 +0000Z  INFO  {CCUCON} CCUCON: Copied 0 rows.
2026-04-23 13:29:06,383 +0000Z  INFO  {CESCEV} Copy CESCEV
2026-04-23 13:29:06,384 +0000Z  INFO  {CEAEMP} CEAEMP: Copied 0 rows.
2026-04-23 13:29:06,395 +0000Z  INFO  {CIMACT} Copy CIMACT
2026-04-23 13:29:06,403 +0000Z  INFO  {CESCEV} CESCEV: Copied 0 rows.
2026-04-23 13:29:06,407 +0000Z  INFO  {CIMAGS} Copy CIMAGS
2026-04-23 13:29:06,411 +0000Z  INFO  {CIMACT} CIMACT: Copied 0 rows.
2026-04-23 13:29:06,413 +0000Z  INFO  {CIMHEA} Copy CIMHEA
2026-04-23 13:29:06,422 +0000Z  INFO  {CIMLIN} Copy CIMLIN
2026-04-23 13:29:06,423 +0000Z  INFO  {CIMAGS} CIMAGS: Copied 0 rows.
2026-04-23 13:29:06,429 +0000Z  INFO  {CINTXT} Copy CINTXT
2026-04-23 13:29:06,434 +0000Z  INFO  {CIMHEA} CIMHEA: Copied 0 rows.
2026-04-23 13:29:06,439 +0000Z  INFO  {CINTXT} CINTXT: Copied 0 rows.
2026-04-23 13:29:06,440 +0000Z  INFO  {CLOMAS} Copy CLOMAS
2026-04-23 13:29:06,443 +0000Z  INFO  {CIMLIN} CIMLIN: Copied 0 rows.
2026-04-23 13:29:06,446 +0000Z  INFO  {CLOORD} Copy CLOORD
2026-04-23 13:29:06,457 +0000Z  INFO  {CMAILA} Copy CMAILA
2026-04-23 13:29:06,458 +0000Z  INFO  {CLOORD} CLOORD: Copied 0 rows.
2026-04-23 13:29:06,470 +0000Z  INFO  {CLOMAS} CLOMAS: Copied 0 rows.
2026-04-23 13:29:06,482 +0000Z  INFO  {CMAILA} CMAILA: Copied 0 rows.
2026-04-23 13:29:06,482 +0000Z  INFO  {CMNPGM} Copy CMNPGM
2026-04-23 13:29:06,498 +0000Z  INFO  {CMNPGM} CMNPGM: Copied 0 rows.
2026-04-23 13:29:06,502 +0000Z  INFO  {CSHCAL} Copy CSHCAL
2026-04-23 13:29:06,510 +0000Z  INFO  {CSHFNC} Copy CSHFNC
2026-04-23 13:29:06,519 +0000Z  INFO  {CSINLO} Copy CSINLO
2026-04-23 13:29:06,520 +0000Z  INFO  {CSHCAL} CSHCAL: Copied 0 rows.
2026-04-23 13:29:06,530 +0000Z  INFO  {CSUDIV} Copy CSUDIV
2026-04-23 13:29:06,541 +0000Z  INFO  {CSHFNC} CSHFNC: Copied 0 rows.
2026-04-23 13:29:06,542 +0000Z  INFO  {CSUDIV} CSUDIV: Copied 0 rows.
2026-04-23 13:29:06,543 +0000Z  INFO  {CSINLO} CSINLO: Copied 0 rows.
2026-04-23 13:29:06,546 +0000Z  INFO  {DFWFCZ} Copy DFWFCZ
2026-04-23 13:29:06,552 +0000Z  INFO  {DSPACK} Copy DSPACK
2026-04-23 13:29:06,557 +0000Z  INFO  {DUNFCZ} Copy DUNFCZ
2026-04-23 13:29:06,557 +0000Z  INFO  {DFWFCZ} DFWFCZ: Copied 0 rows.
2026-04-23 13:29:06,567 +0000Z  INFO  {DUNFCZ} DUNFCZ: Copied 0 rows.
2026-04-23 13:29:06,568 +0000Z  INFO  {DSPACK} DSPACK: Copied 0 rows.
2026-04-23 13:29:06,573 +0000Z  INFO  {FAPBAC} Copy FAPBAC
2026-04-23 13:29:06,579 +0000Z  INFO  {FAPREH} Copy FAPREH
2026-04-23 13:29:06,583 +0000Z  INFO  {FAPBAC} FAPBAC: Copied 0 rows.
2026-04-23 13:29:06,585 +0000Z  INFO  {FAPRES} Copy FAPRES
2026-04-23 13:29:06,597 +0000Z  INFO  {FARRES} Copy FARRES
2026-04-23 13:29:06,616 +0000Z  INFO  {FAPREH} FAPREH: Copied 0 rows.
2026-04-23 13:29:06,621 +0000Z  INFO  {FARRES} FARRES: Copied 0 rows.
2026-04-23 13:29:06,623 +0000Z  INFO  {FARSAH} Copy FARSAH
2026-04-23 13:29:06,629 +0000Z  INFO  {FAPRES} FAPRES: Copied 0 rows.
2026-04-23 13:29:06,640 +0000Z  INFO  {FBSREO} Copy FBSREO
2026-04-23 13:29:06,641 +0000Z  INFO  {FARSAH} FARSAH: Copied 0 rows.
2026-04-23 13:29:06,647 +0000Z  INFO  {FBSRET} Copy FBSRET
2026-04-23 13:29:06,656 +0000Z  INFO  {FBSRET} FBSRET: Copied 0 rows.
2026-04-23 13:29:06,660 +0000Z  INFO  {FCAAVC} Copy FCAAVC
2026-04-23 13:29:06,665 +0000Z  INFO  {FBSREO} FBSREO: Copied 0 rows.
2026-04-23 13:29:06,671 +0000Z  INFO  {FCOLL1} Copy FCOLL1
2026-04-23 13:29:06,679 +0000Z  INFO  {FCAAVC} FCAAVC: Copied 0 rows.
2026-04-23 13:29:06,681 +0000Z  INFO  {FCOLL2} Copy FCOLL2
2026-04-23 13:29:06,691 +0000Z  INFO  {FCOLL3} Copy FCOLL3
2026-04-23 13:29:06,707 +0000Z  INFO  {FCOLL2} FCOLL2: Copied 0 rows.
2026-04-23 13:29:06,708 +0000Z  INFO  {FCOLL3} FCOLL3: Copied 0 rows.
2026-04-23 13:29:06,708 +0000Z  INFO  {FCOLL1} FCOLL1: Copied 0 rows.
2026-04-23 13:29:06,723 +0000Z  INFO  {FCR040} Copy FCR040
2026-04-23 13:29:06,740 +0000Z  INFO  {FPAPRW} Copy FPAPRW
2026-04-23 13:29:06,745 +0000Z  INFO  {FQRBAL} Copy FQRBAL
2026-04-23 13:29:06,752 +0000Z  INFO  {FPAPRW} FPAPRW: Copied 0 rows.
2026-04-23 13:29:06,761 +0000Z  INFO  {FCR040} FCR040: Copied 0 rows.
2026-04-23 13:29:06,761 +0000Z  INFO  {FTAXR1} Copy FTAXR1
2026-04-23 13:29:06,762 +0000Z  INFO  {FQRBAL} FQRBAL: Copied 0 rows.
2026-04-23 13:29:06,775 +0000Z  INFO  {FTAXR1} FTAXR1: Copied 0 rows.
2026-04-23 13:29:06,775 +0000Z  INFO  {FTAXR2} Copy FTAXR2
2026-04-23 13:29:06,786 +0000Z  INFO  {FTAXR3} Copy FTAXR3
2026-04-23 13:29:06,792 +0000Z  INFO  {FTAXR2} FTAXR2: Copied 0 rows.
2026-04-23 13:29:06,795 +0000Z  INFO  {FVATHE} Copy FVATHE
2026-04-23 13:29:06,810 +0000Z  INFO  {FVATHE} FVATHE: Copied 0 rows.
2026-04-23 13:29:06,811 +0000Z  INFO  {FTAXR3} FTAXR3: Copied 0 rows.
2026-04-23 13:29:06,811 +0000Z  INFO  {MBCMAT} Copy MBCMAT
2026-04-23 13:29:06,821 +0000Z  INFO  {MCFCOE} Copy MCFCOE
2026-04-23 13:29:06,829 +0000Z  INFO  {MCFCOF} Copy MCFCOF
2026-04-23 13:29:06,831 +0000Z  INFO  {MBCMAT} MBCMAT: Copied 0 rows.
2026-04-23 13:29:06,841 +0000Z  INFO  {MCFCOF} MCFCOF: Copied 0 rows.
2026-04-23 13:29:06,841 +0000Z  INFO  {MDORDT} Copy MDORDT
2026-04-23 13:29:06,848 +0000Z  INFO  {MCFCOE} MCFCOE: Copied 0 rows.
2026-04-23 13:29:06,848 +0000Z  INFO  {MIDTLE} Copy MIDTLE
2026-04-23 13:29:06,858 +0000Z  INFO  {MDORDT} MDORDT: Copied 0 rows.
2026-04-23 13:29:06,877 +0000Z  INFO  {MIDTLE} MIDTLE: Copied 0 rows.
2026-04-23 13:29:06,878 +0000Z  INFO  {MIEQTP} Copy MIEQTP
2026-04-23 13:29:06,887 +0000Z  INFO  {MIEQTP} MIEQTP: Copied 0 rows.
2026-04-23 13:29:06,891 +0000Z  INFO  {MITACH} Copy MITACH
2026-04-23 13:29:06,899 +0000Z  INFO  {MITBIL} Copy MITBIL
2026-04-23 13:29:06,906 +0000Z  INFO  {MITACH} MITACH: Copied 0 rows.
2026-04-23 13:29:06,913 +0000Z  INFO  {MITDDS} Copy MITDDS
2026-04-23 13:29:06,915 +0000Z  INFO  {MITBIL} MITBIL: Copied 0 rows.
2026-04-23 13:29:06,924 +0000Z  INFO  {MITILS} Copy MITILS
2026-04-23 13:29:06,934 +0000Z  INFO  {MITLOW} Copy MITLOW
2026-04-23 13:29:06,939 +0000Z  INFO  {MITDDS} MITDDS: Copied 0 rows.
2026-04-23 13:29:06,942 +0000Z  INFO  {MITMDS} Copy MITMDS
2026-04-23 13:29:06,946 +0000Z  INFO  {MITILS} MITILS: Copied 0 rows.
2026-04-23 13:29:06,947 +0000Z  INFO  {MITPGR} Copy MITPGR
2026-04-23 13:29:06,957 +0000Z  INFO  {MITPLG} Copy MITPLG
2026-04-23 13:29:06,958 +0000Z  INFO  {MITLOW} MITLOW: Copied 0 rows.
2026-04-23 13:29:06,960 +0000Z  INFO  {MITMDS} MITMDS: Copied 0 rows.
2026-04-23 13:29:06,961 +0000Z  INFO  {MITPGR} MITPGR: Copied 0 rows.
2026-04-23 13:29:06,962 +0000Z  INFO  {MITTKD} Copy MITTKD
2026-04-23 13:29:06,967 +0000Z  INFO  {MIWLAL} Copy MIWLAL
2026-04-23 13:29:06,968 +0000Z  INFO  {MITPLG} MITPLG: Copied 0 rows.
2026-04-23 13:29:06,972 +0000Z  INFO  {MMNSEQ} Copy MMNSEQ
2026-04-23 13:29:06,978 +0000Z  INFO  {MITTKD} MITTKD: Copied 0 rows.
2026-04-23 13:29:06,982 +0000Z  INFO  {MIWLAL} MIWLAL: Copied 0 rows.
2026-04-23 13:29:06,984 +0000Z  INFO  {MMNSEQ} MMNSEQ: Copied 0 rows.
2026-04-23 13:29:06,993 +0000Z  INFO  {MMOMAT} Copy MMOMAT
2026-04-23 13:29:07,013 +0000Z  INFO  {MMOOEM} Copy MMOOEM
2026-04-23 13:29:07,020 +0000Z  INFO  {MMOPLS} Copy MMOPLS
2026-04-23 13:29:07,025 +0000Z  INFO  {MMOMAT} MMOMAT: Copied 0 rows.
2026-04-23 13:29:07,029 +0000Z  INFO  {MMQIRS} Copy MMQIRS
2026-04-23 13:29:07,032 +0000Z  INFO  {MMOPLS} MMOPLS: Copied 0 rows.
2026-04-23 13:29:07,033 +0000Z  INFO  {MOMPGS} Copy MOMPGS
2026-04-23 13:29:07,035 +0000Z  INFO  {MMOOEM} MMOOEM: Copied 0 rows.
2026-04-23 13:29:07,041 +0000Z  INFO  {MOSETT} Copy MOSETT
2026-04-23 13:29:07,046 +0000Z  INFO  {MPACIP} Copy MPACIP
2026-04-23 13:29:07,052 +0000Z  INFO  {MMQIRS} MMQIRS: Copied 0 rows.
2026-04-23 13:29:07,053 +0000Z  INFO  {MOMPGS} MOMPGS: Copied 0 rows.
2026-04-23 13:29:07,054 +0000Z  INFO  {MPACIP} MPACIP: Copied 0 rows.
2026-04-23 13:29:07,057 +0000Z  INFO  {MPAUTD} Copy MPAUTD
2026-04-23 13:29:07,058 +0000Z  INFO  {MOSETT} MOSETT: Copied 0 rows.
2026-04-23 13:29:07,063 +0000Z  INFO  {MPDNOC} Copy MPDNOC
2026-04-23 13:29:07,068 +0000Z  INFO  {MPAUTD} MPAUTD: Copied 0 rows.
2026-04-23 13:29:07,072 +0000Z  INFO  {MPDWCS} Copy MPDWCS
2026-04-23 13:29:07,072 +0000Z  INFO  {MPDNOC} MPDNOC: Copied 0 rows.
2026-04-23 13:29:07,082 +0000Z  INFO  {MPDWCS} MPDWCS: Copied 0 rows.
2026-04-23 13:29:07,095 +0000Z  INFO  {MPREAT} Copy MPREAT
2026-04-23 13:29:07,100 +0000Z  INFO  {MROMIN} Copy MROMIN
2026-04-23 13:29:07,104 +0000Z  INFO  {MWASLN} Copy MWASLN
2026-04-23 13:29:07,105 +0000Z  INFO  {MPREAT} MPREAT: Copied 0 rows.
2026-04-23 13:29:07,111 +0000Z  INFO  {MROMIN} MROMIN: Copied 0 rows.
2026-04-23 13:29:07,111 +0000Z  INFO  {MWASMG} Copy MWASMG
2026-04-23 13:29:07,114 +0000Z  INFO  {MWASLN} MWASLN: Copied 0 rows.
2026-04-23 13:29:07,116 +0000Z  INFO  {OBTAST} Copy OBTAST
2026-04-23 13:29:07,120 +0000Z  INFO  {OBTMTX} Copy OBTMTX
2026-04-23 13:29:07,124 +0000Z  INFO  {OBTNST} Copy OBTNST
2026-04-23 13:29:07,132 +0000Z  INFO  {OBTAST} OBTAST: Copied 0 rows.
2026-04-23 13:29:07,133 +0000Z  INFO  {OBTMTX} OBTMTX: Copied 0 rows.
2026-04-23 13:29:07,135 +0000Z  INFO  {OBTPER} Copy OBTPER
2026-04-23 13:29:07,135 +0000Z  INFO  {OBTNST} OBTNST: Copied 0 rows.
2026-04-23 13:29:07,142 +0000Z  INFO  {MWASMG} MWASMG: Copied 0 rows.
2026-04-23 13:29:07,144 +0000Z  INFO  {OBTRAG} Copy OBTRAG
2026-04-23 13:29:07,144 +0000Z  INFO  {OBTPER} OBTPER: Copied 0 rows.
2026-04-23 13:29:07,149 +0000Z  INFO  {OBTREC} Copy OBTREC
2026-04-23 13:29:07,169 +0000Z  INFO  {OBTREC} OBTREC: Copied 0 rows.
2026-04-23 13:29:07,170 +0000Z  INFO  {OBTWRK} Copy OBTWRK
2026-04-23 13:29:07,171 +0000Z  INFO  {OBTRAG} OBTRAG: Copied 0 rows.
2026-04-23 13:29:07,175 +0000Z  INFO  {OCITAD} Copy OCITAD
2026-04-23 13:29:07,180 +0000Z  INFO  {OCLCVT} Copy OCLCVT
2026-04-23 13:29:07,187 +0000Z  INFO  {OCITAD} OCITAD: Copied 0 rows.
2026-04-23 13:29:07,187 +0000Z  INFO  {OCUSCH} Copy OCUSCH
2026-04-23 13:29:07,197 +0000Z  INFO  {OCLCVT} OCLCVT: Copied 0 rows.
2026-04-23 13:29:07,197 +0000Z  INFO  {OCUSCO} Copy OCUSCO
2026-04-23 13:29:07,199 +0000Z  INFO  {OCUSCH} OCUSCH: Copied 0 rows.
2026-04-23 13:29:07,203 +0000Z  INFO  {OCUSEX} Copy OCUSEX
2026-04-23 13:29:07,207 +0000Z  INFO  {OBTWRK} OBTWRK: Copied 0 rows.
2026-04-23 13:29:07,207 +0000Z  INFO  {OGCMPN} Copy OGCMPN
2026-04-23 13:29:07,218 +0000Z  INFO  {OCUSCO} OCUSCO: Copied 0 rows.
2026-04-23 13:29:07,222 +0000Z  INFO  {OGCMTX} Copy OGCMTX
2026-04-23 13:29:07,228 +0000Z  INFO  {OGCMPN} OGCMPN: Copied 0 rows.
2026-04-23 13:29:07,228 +0000Z  INFO  {OCUSEX} OCUSEX: Copied 0 rows.
2026-04-23 13:29:07,229 +0000Z  INFO  {OOI150} Copy OOI150
2026-04-23 13:29:07,240 +0000Z  INFO  {OGCMTX} OGCMTX: Copied 0 rows.
2026-04-23 13:29:07,243 +0000Z  INFO  {OOQUOH} Copy OOQUOH
2026-04-23 13:29:07,253 +0000Z  INFO  {OOI150} OOI150: Copied 0 rows.
2026-04-23 13:29:07,254 +0000Z  INFO  {OXSREB} Copy OXSREB
2026-04-23 13:29:07,265 +0000Z  INFO  {OOQUOH} OOQUOH: Copied 0 rows.
2026-04-23 13:29:07,278 +0000Z  INFO  {OXSREB} OXSREB: Copied 0 rows.
2026-04-23 13:29:07,284 +0000Z  INFO  {SINDIV} Copy SINDIV
2026-04-23 13:29:07,312 +0000Z  INFO  {AACFLY} Copy AACFLY
2026-04-23 13:29:07,322 +0000Z  INFO  {ACERTH} Copy ACERTH
2026-04-23 13:29:07,336 +0000Z  INFO  {SINDIV} SINDIV: Copied 0 rows.
2026-04-23 13:29:07,337 +0000Z  INFO  {ACLCHR} Copy ACLCHR
2026-04-23 13:29:07,345 +0000Z  INFO  {AACFLY} AACFLY: Copied 0 rows.
2026-04-23 13:29:07,346 +0000Z  INFO  {ACERTH} ACERTH: Copied 0 rows.
2026-04-23 13:29:07,354 +0000Z  INFO  {ACLCHR} ACLCHR: Copied 0 rows.
2026-04-23 13:29:07,367 +0000Z  INFO  {ACLHED} Copy ACLHED
2026-04-23 13:29:07,387 +0000Z  INFO  {ACLSPC} Copy ACLSPC
2026-04-23 13:29:07,393 +0000Z  INFO  {ACLTYP} Copy ACLTYP
2026-04-23 13:29:07,410 +0000Z  INFO  {ACLVER} Copy ACLVER
2026-04-23 13:29:07,420 +0000Z  INFO  {ACLTYP} ACLTYP: Copied 0 rows.
2026-04-23 13:29:07,420 +0000Z  INFO  {ACLVER} ACLVER: Copied 0 rows.
2026-04-23 13:29:07,423 +0000Z  INFO  {ACLHED} ACLHED: Copied 0 rows.
2026-04-23 13:29:07,427 +0000Z  INFO  {ACO670} Copy ACO670
2026-04-23 13:29:07,439 +0000Z  INFO  {ACLSPC} ACLSPC: Copied 0 rows.
2026-04-23 13:29:07,441 +0000Z  INFO  {ACREWI} Copy ACREWI
2026-04-23 13:29:07,448 +0000Z  INFO  {ACSALS} Copy ACSALS
2026-04-23 13:29:07,451 +0000Z  INFO  {ACO670} ACO670: Copied 0 rows.
2026-04-23 13:29:07,459 +0000Z  INFO  {ACREWI} ACREWI: Copied 0 rows.
2026-04-23 13:29:07,460 +0000Z  INFO  {ACUAAV} Copy ACUAAV
2026-04-23 13:29:07,460 +0000Z  INFO  {ACSALS} ACSALS: Copied 0 rows.
2026-04-23 13:29:07,468 +0000Z  INFO  {ACUACC} Copy ACUACC
2026-04-23 13:29:07,472 +0000Z  INFO  {ACUAAV} ACUAAV: Copied 0 rows.
2026-04-23 13:29:07,477 +0000Z  INFO  {ACUACL} Copy ACUACL
2026-04-23 13:29:07,478 +0000Z  INFO  {ACUACC} ACUACC: Copied 0 rows.
2026-04-23 13:29:07,484 +0000Z  INFO  {ACUAEX} Copy ACUAEX
2026-04-23 13:29:07,491 +0000Z  INFO  {ACUACL} ACUACL: Copied 0 rows.
2026-04-23 13:29:07,495 +0000Z  INFO  {ACUAEX} ACUAEX: Copied 0 rows.
2026-04-23 13:29:07,496 +0000Z  INFO  {ACUAGA} Copy ACUAGA
2026-04-23 13:29:07,505 +0000Z  INFO  {ACUAGB} Copy ACUAGB
2026-04-23 13:29:07,511 +0000Z  INFO  {ACUAGA} ACUAGA: Copied 0 rows.
2026-04-23 13:29:07,512 +0000Z  INFO  {ACUAGC} Copy ACUAGC
2026-04-23 13:29:07,519 +0000Z  INFO  {ACUAGD} Copy ACUAGD
2026-04-23 13:29:07,520 +0000Z  INFO  {ACUAGB} ACUAGB: Copied 0 rows.
2026-04-23 13:29:07,529 +0000Z  INFO  {ACUAGC} ACUAGC: Copied 0 rows.
2026-04-23 13:29:07,536 +0000Z  INFO  {ACUAGH} Copy ACUAGH
2026-04-23 13:29:07,541 +0000Z  INFO  {ACUAGI} Copy ACUAGI
2026-04-23 13:29:07,546 +0000Z  INFO  {ACUAGD} ACUAGD: Copied 0 rows.
2026-04-23 13:29:07,550 +0000Z  INFO  {ACUAGL} Copy ACUAGL
2026-04-23 13:29:07,553 +0000Z  INFO  {ACUAGI} ACUAGI: Copied 0 rows.
2026-04-23 13:29:07,569 +0000Z  INFO  {ACUAGH} ACUAGH: Copied 0 rows.
2026-04-23 13:29:07,573 +0000Z  INFO  {ACUAGM} Copy ACUAGM
2026-04-23 13:29:07,580 +0000Z  INFO  {ACUAGN} Copy ACUAGN
2026-04-23 13:29:07,584 +0000Z  INFO  {ACUAGL} ACUAGL: Copied 0 rows.
2026-04-23 13:29:07,587 +0000Z  INFO  {ACUAGO} Copy ACUAGO
2026-04-23 13:29:07,589 +0000Z  INFO  {ACUAGM} ACUAGM: Copied 0 rows.
2026-04-23 13:29:07,592 +0000Z  INFO  {ACUAGP} Copy ACUAGP
2026-04-23 13:29:07,596 +0000Z  INFO  {ACUAGR} Copy ACUAGR
2026-04-23 13:29:07,597 +0000Z  INFO  {ACUAGN} ACUAGN: Copied 0 rows.
2026-04-23 13:29:07,607 +0000Z  INFO  {ACUAGO} ACUAGO: Copied 0 rows.
2026-04-23 13:29:07,608 +0000Z  INFO  {ACUAGS} Copy ACUAGS
2026-04-23 13:29:07,608 +0000Z  INFO  {ACUAGR} ACUAGR: Copied 0 rows.
2026-04-23 13:29:07,609 +0000Z  INFO  {ACUAGP} ACUAGP: Copied 0 rows.
2026-04-23 13:29:07,619 +0000Z  INFO  {ACUAGT} Copy ACUAGT
2026-04-23 13:29:07,624 +0000Z  INFO  {ACUAGS} ACUAGS: Copied 0 rows.
2026-04-23 13:29:07,625 +0000Z  INFO  {ACUAGU} Copy ACUAGU
2026-04-23 13:29:07,630 +0000Z  INFO  {ACUAGW} Copy ACUAGW
2026-04-23 13:29:07,640 +0000Z  INFO  {ACUAGU} ACUAGU: Copied 0 rows.
2026-04-23 13:29:07,647 +0000Z  INFO  {ACUAGW} ACUAGW: Copied 0 rows.
2026-04-23 13:29:07,660 +0000Z  INFO  {ACUAGT} ACUAGT: Copied 0 rows.
2026-04-23 13:29:07,662 +0000Z  INFO  {ACUAGY} Copy ACUAGY
2026-04-23 13:29:07,671 +0000Z  INFO  {ACUALS} Copy ACUALS
2026-04-23 13:29:07,683 +0000Z  INFO  {ACUALS} ACUALS: Copied 0 rows.
2026-04-23 13:29:07,688 +0000Z  INFO  {ACUAPS} Copy ACUAPS
2026-04-23 13:29:07,697 +0000Z  INFO  {ACUAGY} ACUAGY: Copied 0 rows.
2026-04-23 13:29:07,716 +0000Z  INFO  {ACUASA} Copy ACUASA
2026-04-23 13:29:07,717 +0000Z  INFO  {ACUAPS} ACUAPS: Copied 0 rows.
2026-04-23 13:29:07,738 +0000Z  INFO  {ACUASB} Copy ACUASB
2026-04-23 13:29:07,749 +0000Z  INFO  {ACUAWS} Copy ACUAWS
2026-04-23 13:29:07,750 +0000Z  INFO  {ACUASA} ACUASA: Copied 0 rows.
2026-04-23 13:29:07,759 +0000Z  INFO  {ACUAWS} ACUAWS: Copied 0 rows.
2026-04-23 13:29:07,761 +0000Z  INFO  {ACUBUD} Copy ACUBUD
2026-04-23 13:29:07,766 +0000Z  INFO  {ACUCPD} Copy ACUCPD
2026-04-23 13:29:07,771 +0000Z  INFO  {ACUBUD} ACUBUD: Copied 0 rows.
2026-04-23 13:29:07,772 +0000Z  INFO  {ACUASB} ACUASB: Copied 0 rows.
2026-04-23 13:29:07,774 +0000Z  INFO  {ACUDTW} Copy ACUDTW
2026-04-23 13:29:07,775 +0000Z  INFO  {ACUCPD} ACUCPD: Copied 0 rows.
2026-04-23 13:29:07,781 +0000Z  INFO  {ACUDTX} Copy ACUDTX
2026-04-23 13:29:07,784 +0000Z  INFO  {ACUDTW} ACUDTW: Copied 0 rows.
2026-04-23 13:29:07,789 +0000Z  INFO  {ACUEXP} Copy ACUEXP
2026-04-23 13:29:07,789 +0000Z  INFO  {ACUDTX} ACUDTX: Copied 0 rows.
2026-04-23 13:29:07,795 +0000Z  INFO  {ACUHIT} Copy ACUHIT
2026-04-23 13:29:07,799 +0000Z  INFO  {ACUEXP} ACUEXP: Copied 0 rows.
2026-04-23 13:29:07,800 +0000Z  INFO  {ACUICH} Copy ACUICH
2026-04-23 13:29:07,805 +0000Z  INFO  {ACUHIT} ACUHIT: Copied 0 rows.
2026-04-23 13:29:07,806 +0000Z  INFO  {ACUICT} Copy ACUICT
2026-04-23 13:29:07,812 +0000Z  INFO  {ACUICH} ACUICH: Copied 0 rows.
2026-04-23 13:29:07,812 +0000Z  INFO  {ACUIHW} Copy ACUIHW
2026-04-23 13:29:07,815 +0000Z  INFO  {ACUICT} ACUICT: Copied 0 rows.
2026-04-23 13:29:07,820 +0000Z  INFO  {ACUILW} Copy ACUILW
2026-04-23 13:29:07,822 +0000Z  INFO  {ACUIHW} ACUIHW: Copied 0 rows.
2026-04-23 13:29:07,830 +0000Z  INFO  {ACUILW} ACUILW: Copied 0 rows.
2026-04-23 13:29:07,851 +0000Z  INFO  {ACUINV} Copy ACUINV
2026-04-23 13:29:07,861 +0000Z  INFO  {ACUIRW} Copy ACUIRW
2026-04-23 13:29:07,873 +0000Z  INFO  {ACUIRW} ACUIRW: Copied 0 rows.
2026-04-23 13:29:07,876 +0000Z  INFO  {ACUIVH} Copy ACUIVH
2026-04-23 13:29:07,882 +0000Z  INFO  {ACUIVL} Copy ACUIVL
2026-04-23 13:29:07,892 +0000Z  INFO  {ACUIVR} Copy ACUIVR
2026-04-23 13:29:07,899 +0000Z  INFO  {ACUINV} ACUINV: Copied 0 rows.
2026-04-23 13:29:07,902 +0000Z  INFO  {ACUIVH} ACUIVH: Copied 0 rows.
2026-04-23 13:29:07,907 +0000Z  INFO  {ACUIVL} ACUIVL: Copied 0 rows.
2026-04-23 13:29:07,909 +0000Z  INFO  {ACULSR} Copy ACULSR
2026-04-23 13:29:07,911 +0000Z  INFO  {ACUIVR} ACUIVR: Copied 0 rows.
2026-04-23 13:29:07,917 +0000Z  INFO  {ACUMAC} Copy ACUMAC
2026-04-23 13:29:07,921 +0000Z  INFO  {ACUMAT} Copy ACUMAT
2026-04-23 13:29:07,928 +0000Z  INFO  {ACUMEP} Copy ACUMEP
2026-04-23 13:29:07,928 +0000Z  INFO  {ACUMAC} ACUMAC: Copied 0 rows.
2026-04-23 13:29:07,929 +0000Z  INFO  {ACUMAT} ACUMAT: Copied 0 rows.
2026-04-23 13:29:07,929 +0000Z  INFO  {ACULSR} ACULSR: Copied 0 rows.
2026-04-23 13:29:07,933 +0000Z  INFO  {ACUMIS} Copy ACUMIS
2026-04-23 13:29:07,935 +0000Z  INFO  {ACUMEP} ACUMEP: Copied 0 rows.
2026-04-23 13:29:07,940 +0000Z  INFO  {ACUMOC} Copy ACUMOC
2026-04-23 13:29:07,947 +0000Z  INFO  {ACUMOT} Copy ACUMOT
2026-04-23 13:29:07,951 +0000Z  INFO  {ACUMIS} ACUMIS: Copied 0 rows.
2026-04-23 13:29:07,951 +0000Z  INFO  {ACUOEX} Copy ACUOEX
2026-04-23 13:29:07,953 +0000Z  INFO  {ACUMOC} ACUMOC: Copied 0 rows.
2026-04-23 13:29:07,958 +0000Z  INFO  {ACUMOT} ACUMOT: Copied 0 rows.
2026-04-23 13:29:07,959 +0000Z  INFO  {ACUOLC} Copy ACUOLC
2026-04-23 13:29:07,964 +0000Z  INFO  {ACUOEX} ACUOEX: Copied 0 rows.
2026-04-23 13:29:07,969 +0000Z  INFO  {ACUOLC} ACUOLC: Copied 0 rows.
2026-04-23 13:29:07,970 +0000Z  INFO  {ACUOLD} Copy ACUOLD
2026-04-23 13:29:07,976 +0000Z  INFO  {ACUOLP} Copy ACUOLP
2026-04-23 13:29:07,981 +0000Z  INFO  {ACUOLS} Copy ACUOLS
2026-04-23 13:29:07,988 +0000Z  INFO  {ACUOLD} ACUOLD: Copied 0 rows.
2026-04-23 13:29:07,990 +0000Z  INFO  {ACUOOS} Copy ACUOOS
2026-04-23 13:29:07,991 +0000Z  INFO  {ACUOLP} ACUOLP: Copied 0 rows.
2026-04-23 13:29:07,995 +0000Z  INFO  {ACUOQH} Copy ACUOQH
2026-04-23 13:29:08,002 +0000Z  INFO  {ACUOOS} ACUOOS: Copied 0 rows.
2026-04-23 13:29:08,003 +0000Z  INFO  {ACUOLS} ACUOLS: Copied 0 rows.
2026-04-23 13:29:08,004 +0000Z  INFO  {ACUORA} Copy ACUORA
2026-04-23 13:29:08,013 +0000Z  INFO  {ACUOQH} ACUOQH: Copied 0 rows.
2026-04-23 13:29:08,013 +0000Z  INFO  {ACUORC} Copy ACUORC
2026-04-23 13:29:08,022 +0000Z  INFO  {ACUORA} ACUORA: Copied 0 rows.
2026-04-23 13:29:08,027 +0000Z  INFO  {ACUORD} Copy ACUORD
2026-04-23 13:29:08,033 +0000Z  INFO  {ACUORC} ACUORC: Copied 0 rows.
2026-04-23 13:29:08,042 +0000Z  INFO  {ACUORD} ACUORD: Copied 0 rows.
2026-04-23 13:29:08,043 +0000Z  INFO  {ACUORH} Copy ACUORH
2026-04-23 13:29:08,070 +0000Z  INFO  {ACUORH} ACUORH: Copied 0 rows.
2026-04-23 13:29:08,090 +0000Z  INFO  {ACUORL} Copy ACUORL
2026-04-23 13:29:08,104 +0000Z  INFO  {ACUORM} Copy ACUORM
2026-04-23 13:29:08,116 +0000Z  INFO  {ACUORN} Copy ACUORN
2026-04-23 13:29:08,120 +0000Z  INFO  {ACUORM} ACUORM: Copied 0 rows.
2026-04-23 13:29:08,122 +0000Z  INFO  {ACUORP} Copy ACUORP
2026-04-23 13:29:08,128 +0000Z  INFO  {ACUORS} Copy ACUORS
2026-04-23 13:29:08,128 +0000Z  INFO  {ACUORN} ACUORN: Copied 0 rows.
2026-04-23 13:29:08,130 +0000Z  INFO  {ACUORL} ACUORL: Copied 0 rows.
2026-04-23 13:29:08,134 +0000Z  INFO  {ACUORX} Copy ACUORX
2026-04-23 13:29:08,136 +0000Z  INFO  {ACUORS} ACUORS: Copied 0 rows.
2026-04-23 13:29:08,137 +0000Z  INFO  {ACUORP} ACUORP: Copied 0 rows.
2026-04-23 13:29:08,141 +0000Z  INFO  {ACUOTD} Copy ACUOTD
2026-04-23 13:29:08,145 +0000Z  INFO  {ACUOTX} Copy ACUOTX
2026-04-23 13:29:08,150 +0000Z  INFO  {ACUORX} ACUORX: Copied 0 rows.
2026-04-23 13:29:08,155 +0000Z  INFO  {ACUOTD} ACUOTD: Copied 0 rows.
2026-04-23 13:29:08,163 +0000Z  INFO  {ACUOTY} Copy ACUOTY
2026-04-23 13:29:08,164 +0000Z  INFO  {ACUOTX} ACUOTX: Copied 0 rows.
2026-04-23 13:29:08,171 +0000Z  INFO  {ACUPBH} Copy ACUPBH
2026-04-23 13:29:08,179 +0000Z  INFO  {ACUOTY} ACUOTY: Copied 0 rows.
2026-04-23 13:29:08,179 +0000Z  INFO  {ACUPER} Copy ACUPER
2026-04-23 13:29:08,180 +0000Z  INFO  {ACUPBH} ACUPBH: Copied 0 rows.
2026-04-23 13:29:08,184 +0000Z  INFO  {ACUPPP} Copy ACUPPP
2026-04-23 13:29:08,189 +0000Z  INFO  {ACUPRT} Copy ACUPRT
2026-04-23 13:29:08,192 +0000Z  INFO  {ACUPPP} ACUPPP: Copied 0 rows.
2026-04-23 13:29:08,194 +0000Z  INFO  {ACURRL} Copy ACURRL
2026-04-23 13:29:08,198 +0000Z  INFO  {ACUSCA} Copy ACUSCA
2026-04-23 13:29:08,203 +0000Z  INFO  {ACUPRT} ACUPRT: Copied 0 rows.
2026-04-23 13:29:08,204 +0000Z  INFO  {ACURRL} ACURRL: Copied 0 rows.
2026-04-23 13:29:08,205 +0000Z  INFO  {ACUPER} ACUPER: Copied 0 rows.
2026-04-23 13:29:08,205 +0000Z  INFO  {ACUSCO} Copy ACUSCO
2026-04-23 13:29:08,207 +0000Z  INFO  {ACUSCA} ACUSCA: Copied 0 rows.
2026-04-23 13:29:08,212 +0000Z  INFO  {ACUSTE} Copy ACUSTE
2026-04-23 13:29:08,217 +0000Z  INFO  {ACUVIP} Copy ACUVIP
2026-04-23 13:29:08,222 +0000Z  INFO  {ACUWCP} Copy ACUWCP
2026-04-23 13:29:08,226 +0000Z  INFO  {ACUVIP} ACUVIP: Copied 0 rows.
2026-04-23 13:29:08,228 +0000Z  INFO  {ACUXTP} Copy ACUXTP
2026-04-23 13:29:08,230 +0000Z  INFO  {ACUSCO} ACUSCO: Copied 0 rows.
2026-04-23 13:29:08,232 +0000Z  INFO  {ACUWCP} ACUWCP: Copied 0 rows.
2026-04-23 13:29:08,234 +0000Z  INFO  {ACUXVD} Copy ACUXVD
2026-04-23 13:29:08,241 +0000Z  INFO  {ACUXTP} ACUXTP: Copied 0 rows.
2026-04-23 13:29:08,245 +0000Z  INFO  {ACUSTE} ACUSTE: Copied 0 rows.
2026-04-23 13:29:08,247 +0000Z  INFO  {ADCOPO} Copy ADCOPO
2026-04-23 13:29:08,247 +0000Z  INFO  {ACUXVD} ACUXVD: Copied 0 rows.
2026-04-23 13:29:08,251 +0000Z  INFO  {ADEACT} Copy ADEACT
2026-04-23 13:29:08,256 +0000Z  INFO  {ADECAU} Copy ADECAU
2026-04-23 13:29:08,261 +0000Z  INFO  {ADCOPO} ADCOPO: Copied 0 rows.
2026-04-23 13:29:08,262 +0000Z  INFO  {ADEACT} ADEACT: Copied 0 rows.
2026-04-23 13:29:08,262 +0000Z  INFO  {ADECPL} Copy ADECPL
2026-04-23 13:29:08,268 +0000Z  INFO  {ADECPS} Copy ADECPS
2026-04-23 13:29:08,270 +0000Z  INFO  {ADECAU} ADECAU: Copied 0 rows.
2026-04-23 13:29:08,276 +0000Z  INFO  {ADEDIC} Copy ADEDIC
2026-04-23 13:29:08,276 +0000Z  INFO  {ADECPL} ADECPL: Copied 0 rows.
2026-04-23 13:29:08,280 +0000Z  INFO  {ADECPS} ADECPS: Copied 0 rows.
2026-04-23 13:29:08,284 +0000Z  INFO  {ADEERR} Copy ADEERR
2026-04-23 13:29:08,289 +0000Z  INFO  {ADEISO} Copy ADEISO
2026-04-23 13:29:08,292 +0000Z  INFO  {ADEDIC} ADEDIC: Copied 0 rows.
2026-04-23 13:29:08,293 +0000Z  INFO  {ADEERR} ADEERR: Copied 0 rows.
2026-04-23 13:29:08,294 +0000Z  INFO  {ADESDI} Copy ADESDI
2026-04-23 13:29:08,298 +0000Z  INFO  {ADEISO} ADEISO: Copied 0 rows.
2026-04-23 13:29:08,299 +0000Z  INFO  {AEMEQI} Copy AEMEQI
2026-04-23 13:29:08,304 +0000Z  INFO  {ADESDI} ADESDI: Copied 0 rows.
2026-04-23 13:29:08,306 +0000Z  INFO  {AEMERR} Copy AEMERR
2026-04-23 13:29:08,312 +0000Z  INFO  {AEMLOC} Copy AEMLOC
2026-04-23 13:29:08,313 +0000Z  INFO  {AEMEQI} AEMEQI: Copied 0 rows.
2026-04-23 13:29:08,315 +0000Z  INFO  {AEMERR} AEMERR: Copied 0 rows.
2026-04-23 13:29:08,317 +0000Z  INFO  {AEMMES} Copy AEMMES
2026-04-23 13:29:08,321 +0000Z  INFO  {AEMLOC} AEMLOC: Copied 0 rows.
2026-04-23 13:29:08,322 +0000Z  INFO  {AEMSWI} Copy AEMSWI
2026-04-23 13:29:08,325 +0000Z  INFO  {AEMMES} AEMMES: Copied 0 rows.
2026-04-23 13:29:08,327 +0000Z  INFO  {AEXCHI} Copy AEXCHI
2026-04-23 13:29:08,331 +0000Z  INFO  {AEMSWI} AEMSWI: Copied 0 rows.
2026-04-23 13:29:08,332 +0000Z  INFO  {AFLCRW} Copy AFLCRW
2026-04-23 13:29:08,337 +0000Z  INFO  {AFLEXM} Copy AFLEXM
2026-04-23 13:29:08,337 +0000Z  INFO  {AEXCHI} AEXCHI: Copied 0 rows.
2026-04-23 13:29:08,339 +0000Z  INFO  {AFLCRW} AFLCRW: Copied 0 rows.
2026-04-23 13:29:08,342 +0000Z  INFO  {AFLFLI} Copy AFLFLI
2026-04-23 13:29:08,345 +0000Z  INFO  {AFLEXM} AFLEXM: Copied 0 rows.
2026-04-23 13:29:08,346 +0000Z  INFO  {AFLLOD} Copy AFLLOD
2026-04-23 13:29:08,351 +0000Z  INFO  {AFLMIS} Copy AFLMIS
2026-04-23 13:29:08,353 +0000Z  INFO  {AFLFLI} AFLFLI: Copied 0 rows.
2026-04-23 13:29:08,355 +0000Z  INFO  {AINVRO} Copy AINVRO
2026-04-23 13:29:08,357 +0000Z  INFO  {AFLLOD} AFLLOD: Copied 0 rows.
2026-04-23 13:29:08,358 +0000Z  INFO  {AFLMIS} AFLMIS: Copied 0 rows.
2026-04-23 13:29:08,359 +0000Z  INFO  {AIPALT} Copy AIPALT
2026-04-23 13:29:08,364 +0000Z  INFO  {AINVRO} AINVRO: Copied 0 rows.
2026-04-23 13:29:08,366 +0000Z  INFO  {AIPBAI} Copy AIPBAI
2026-04-23 13:29:08,370 +0000Z  INFO  {AIPBAS} Copy AIPBAS
2026-04-23 13:29:08,371 +0000Z  INFO  {AIPALT} AIPALT: Copied 0 rows.
2026-04-23 13:29:08,375 +0000Z  INFO  {AIPBOI} Copy AIPBOI
2026-04-23 13:29:08,375 +0000Z  INFO  {AIPBAI} AIPBAI: Copied 0 rows.
2026-04-23 13:29:08,380 +0000Z  INFO  {AIPBRI} Copy AIPBRI
2026-04-23 13:29:08,381 +0000Z  INFO  {AIPBAS} AIPBAS: Copied 0 rows.
2026-04-23 13:29:08,384 +0000Z  INFO  {AIPCBD} Copy AIPCBD
2026-04-23 13:29:08,385 +0000Z  INFO  {AIPBOI} AIPBOI: Copied 0 rows.
2026-04-23 13:29:08,389 +0000Z  INFO  {AIPCOM} Copy AIPCOM
2026-04-23 13:29:08,390 +0000Z  INFO  {AIPBRI} AIPBRI: Copied 0 rows.
2026-04-23 13:29:08,393 +0000Z  INFO  {AIPDIS} Copy AIPDIS
2026-04-23 13:29:08,395 +0000Z  INFO  {AIPCBD} AIPCBD: Copied 0 rows.
2026-04-23 13:29:08,398 +0000Z  INFO  {AIPCOM} AIPCOM: Copied 0 rows.
2026-04-23 13:29:08,399 +0000Z  INFO  {AIPEAL} Copy AIPEAL
2026-04-23 13:29:08,402 +0000Z  INFO  {AIPDIS} AIPDIS: Copied 0 rows.
2026-04-23 13:29:08,403 +0000Z  INFO  {AIPECO} Copy AIPECO
2026-04-23 13:29:08,407 +0000Z  INFO  {AIPEAL} AIPEAL: Copied 0 rows.
2026-04-23 13:29:08,408 +0000Z  INFO  {AIPEFF} Copy AIPEFF
2026-04-23 13:29:08,416 +0000Z  INFO  {AIPEIT} Copy AIPEIT
2026-04-23 13:29:08,421 +0000Z  INFO  {AIPECO} AIPECO: Copied 0 rows.
2026-04-23 13:29:08,422 +0000Z  INFO  {AIPEFF} AIPEFF: Copied 0 rows.
2026-04-23 13:29:08,422 +0000Z  INFO  {AIPEOP} Copy AIPEOP
2026-04-23 13:29:08,426 +0000Z  INFO  {AIPEIT} AIPEIT: Copied 0 rows.
2026-04-23 13:29:08,431 +0000Z  INFO  {AIPEOP} AIPEOP: Copied 0 rows.
2026-04-23 13:29:08,434 +0000Z  INFO  {AIPERM} Copy AIPERM
2026-04-23 13:29:08,441 +0000Z  INFO  {AIPESC} Copy AIPESC
2026-04-23 13:29:08,449 +0000Z  INFO  {AIPERM} AIPERM: Copied 0 rows.
2026-04-23 13:29:08,450 +0000Z  INFO  {AIPHAN} Copy AIPHAN
2026-04-23 13:29:08,458 +0000Z  INFO  {AIPESC} AIPESC: Copied 0 rows.
2026-04-23 13:29:08,458 +0000Z  INFO  {AIPHAS} Copy AIPHAS
2026-04-23 13:29:08,469 +0000Z  INFO  {AIPHAN} AIPHAN: Copied 0 rows.
2026-04-23 13:29:08,470 +0000Z  INFO  {AIPHAS} AIPHAS: Copied 0 rows.
2026-04-23 13:29:08,477 +0000Z  INFO  {AIPITN} Copy AIPITN
2026-04-23 13:29:08,483 +0000Z  INFO  {AIPLAN} Copy AIPLAN
2026-04-23 13:29:08,491 +0000Z  INFO  {AIPITN} AIPITN: Copied 0 rows.
2026-04-23 13:29:08,491 +0000Z  INFO  {AIPLIN} Copy AIPLIN
2026-04-23 13:29:08,498 +0000Z  INFO  {AIPLAN} AIPLAN: Copied 0 rows.
2026-04-23 13:29:08,498 +0000Z  INFO  {AIPLOI} Copy AIPLOI
2026-04-23 13:29:08,503 +0000Z  INFO  {AIPLOS} Copy AIPLOS
2026-04-23 13:29:08,503 +0000Z  INFO  {AIPLIN} AIPLIN: Copied 0 rows.
2026-04-23 13:29:08,509 +0000Z  INFO  {AIPLOI} AIPLOI: Copied 0 rows.
2026-04-23 13:29:08,512 +0000Z  INFO  {AIPLRI} Copy AIPLRI
2026-04-23 13:29:08,516 +0000Z  INFO  {AIPOIS} Copy AIPOIS
2026-04-23 13:29:08,517 +0000Z  INFO  {AIPLOS} AIPLOS: Copied 0 rows.
2026-04-23 13:29:08,521 +0000Z  INFO  {AIPLRI} AIPLRI: Copied 0 rows.
2026-04-23 13:29:08,527 +0000Z  INFO  {AIPOPT} Copy AIPOPT
2026-04-23 13:29:08,528 +0000Z  INFO  {AIPOIS} AIPOIS: Copied 0 rows.
2026-04-23 13:29:08,532 +0000Z  INFO  {AIPPOS} Copy AIPPOS
2026-04-23 13:29:08,537 +0000Z  INFO  {AIPPRO} Copy AIPPRO
2026-04-23 13:29:08,542 +0000Z  INFO  {AIPQTY} Copy AIPQTY
2026-04-23 13:29:08,542 +0000Z  INFO  {AIPPOS} AIPPOS: Copied 0 rows.
2026-04-23 13:29:08,543 +0000Z  INFO  {AIPOPT} AIPOPT: Copied 0 rows.
2026-04-23 13:29:08,546 +0000Z  INFO  {AIPPRO} AIPPRO: Copied 0 rows.
2026-04-23 13:29:08,548 +0000Z  INFO  {AIPRAP} Copy AIPRAP
2026-04-23 13:29:08,552 +0000Z  INFO  {AIPQTY} AIPQTY: Copied 0 rows.
2026-04-23 13:29:08,553 +0000Z  INFO  {AIPVER} Copy AIPVER
2026-04-23 13:29:08,555 +0000Z  INFO  {AIPRAP} AIPRAP: Copied 0 rows.
2026-04-23 13:29:08,562 +0000Z  INFO  {AIRRCL} Copy AIRRCL
2026-04-23 13:29:08,567 +0000Z  INFO  {AISELE} Copy AISELE
2026-04-23 13:29:08,569 +0000Z  INFO  {AIPVER} AIPVER: Copied 0 rows.
2026-04-23 13:29:08,572 +0000Z  INFO  {AITATA} Copy AITATA
2026-04-23 13:29:08,574 +0000Z  INFO  {AIRRCL} AIRRCL: Copied 0 rows.
2026-04-23 13:29:08,576 +0000Z  INFO  {AISELE} AISELE: Copied 0 rows.
2026-04-23 13:29:08,577 +0000Z  INFO  {AITLSP} Copy AITLSP
2026-04-23 13:29:08,583 +0000Z  INFO  {ALOANI} Copy ALOANI
2026-04-23 13:29:08,586 +0000Z  INFO  {AITATA} AITATA: Copied 0 rows.
2026-04-23 13:29:08,589 +0000Z  INFO  {AITLSP} AITLSP: Copied 0 rows.
2026-04-23 13:29:08,589 +0000Z  INFO  {ALOPOS} Copy ALOPOS
2026-04-23 13:29:08,594 +0000Z  INFO  {AMCMTP} Copy AMCMTP
2026-04-23 13:29:08,595 +0000Z  INFO  {ALOANI} ALOANI: Copied 0 rows.
2026-04-23 13:29:08,601 +0000Z  INFO  {ALOPOS} ALOPOS: Copied 0 rows.
2026-04-23 13:29:08,601 +0000Z  INFO  {AMODAA} Copy AMODAA
2026-04-23 13:29:08,602 +0000Z  INFO  {AMCMTP} AMCMTP: Copied 0 rows.
2026-04-23 13:29:08,606 +0000Z  INFO  {AMODAL} Copy AMODAL
2026-04-23 13:29:08,609 +0000Z  INFO  {AMODAA} AMODAA: Copied 0 rows.
2026-04-23 13:29:08,612 +0000Z  INFO  {AMOINF} Copy AMOINF
2026-04-23 13:29:08,616 +0000Z  INFO  {AMODAL} AMODAL: Copied 0 rows.
2026-04-23 13:29:08,617 +0000Z  INFO  {AMREPT} Copy AMREPT
2026-04-23 13:29:08,621 +0000Z  INFO  {AMOINF} AMOINF: Copied 0 rows.
2026-04-23 13:29:08,623 +0000Z  INFO  {AMUTRA} Copy AMUTRA
2026-04-23 13:29:08,626 +0000Z  INFO  {AMREPT} AMREPT: Copied 0 rows.
2026-04-23 13:29:08,628 +0000Z  INFO  {AOAATA} Copy AOAATA
2026-04-23 13:29:08,633 +0000Z  INFO  {AOANHE} Copy AOANHE
2026-04-23 13:29:08,633 +0000Z  INFO  {AMUTRA} AMUTRA: Copied 0 rows.
2026-04-23 13:29:08,638 +0000Z  INFO  {AOAATA} AOAATA: Copied 0 rows.
2026-04-23 13:29:08,639 +0000Z  INFO  {AOANLI} Copy AOANLI
2026-04-23 13:29:08,643 +0000Z  INFO  {AOAPPS} Copy AOAPPS
2026-04-23 13:29:08,650 +0000Z  INFO  {AOANHE} AOANHE: Copied 0 rows.
2026-04-23 13:29:08,652 +0000Z  INFO  {AOARCO} Copy AOARCO
2026-04-23 13:29:08,653 +0000Z  INFO  {AOANLI} AOANLI: Copied 0 rows.
2026-04-23 13:29:08,660 +0000Z  INFO  {AOCESE} Copy AOCESE
2026-04-23 13:29:08,661 +0000Z  INFO  {AOARCO} AOARCO: Copied 0 rows.
2026-04-23 13:29:08,665 +0000Z  INFO  {AOCHPN} Copy AOCHPN
2026-04-23 13:29:08,665 +0000Z  INFO  {AOAPPS} AOAPPS: Copied 0 rows.
2026-04-23 13:29:08,669 +0000Z  INFO  {AOCESE} AOCESE: Copied 0 rows.
2026-04-23 13:29:08,669 +0000Z  INFO  {AODACT} Copy AODACT
2026-04-23 13:29:08,676 +0000Z  INFO  {AOCHPN} AOCHPN: Copied 0 rows.
2026-04-23 13:29:08,677 +0000Z  INFO  {AODORE} Copy AODORE
2026-04-23 13:29:08,681 +0000Z  INFO  {AOEFAC} Copy AOEFAC
2026-04-23 13:29:08,683 +0000Z  INFO  {AODACT} AODACT: Copied 0 rows.
2026-04-23 13:29:08,689 +0000Z  INFO  {AODORE} AODORE: Copied 0 rows.
2026-04-23 13:29:08,690 +0000Z  INFO  {AOEFAC} AOEFAC: Copied 0 rows.
2026-04-23 13:29:08,690 +0000Z  INFO  {AOHEAD} Copy AOHEAD
2026-04-23 13:29:08,694 +0000Z  INFO  {AOLINE} Copy AOLINE
2026-04-23 13:29:08,700 +0000Z  INFO  {AOMPGE} Copy AOMPGE
2026-04-23 13:29:08,704 +0000Z  INFO  {AOHEAD} AOHEAD: Copied 0 rows.
2026-04-23 13:29:08,706 +0000Z  INFO  {AOMPGL} Copy AOMPGL
2026-04-23 13:29:08,709 +0000Z  INFO  {AOLINE} AOLINE: Copied 0 rows.
2026-04-23 13:29:08,711 +0000Z  INFO  {AOMPGE} AOMPGE: Copied 0 rows.
2026-04-23 13:29:08,717 +0000Z  INFO  {AOMPGM} Copy AOMPGM
2026-04-23 13:29:08,719 +0000Z  INFO  {AOMPGL} AOMPGL: Copied 0 rows.
2026-04-23 13:29:08,723 +0000Z  INFO  {AOMPGR} Copy AOMPGR
2026-04-23 13:29:08,727 +0000Z  INFO  {AOMPGM} AOMPGM: Copied 0 rows.
2026-04-23 13:29:08,728 +0000Z  INFO  {AOOPGM} Copy AOOPGM
2026-04-23 13:29:08,732 +0000Z  INFO  {AOMPGR} AOMPGR: Copied 0 rows.
2026-04-23 13:29:08,734 +0000Z  INFO  {AOOPPL} Copy AOOPPL
2026-04-23 13:29:08,741 +0000Z  INFO  {AOOPGM} AOOPGM: Copied 0 rows.
2026-04-23 13:29:08,743 +0000Z  INFO  {AOOPPW} Copy AOOPPW
2026-04-23 13:29:08,746 +0000Z  INFO  {AOOPPL} AOOPPL: Copied 0 rows.
2026-04-23 13:29:08,749 +0000Z  INFO  {AOSCRQ} Copy AOSCRQ
2026-04-23 13:29:08,754 +0000Z  INFO  {AOOPPW} AOOPPW: Copied 0 rows.
2026-04-23 13:29:08,757 +0000Z  INFO  {APDMAT} Copy APDMAT
2026-04-23 13:29:08,769 +0000Z  INFO  {APDMED} Copy APDMED
2026-04-23 13:29:08,772 +0000Z  INFO  {AOSCRQ} AOSCRQ: Copied 0 rows.
2026-04-23 13:29:08,781 +0000Z  INFO  {APDMEO} Copy APDMEO
2026-04-23 13:29:08,782 +0000Z  INFO  {APDMAT} APDMAT: Copied 0 rows.
2026-04-23 13:29:08,783 +0000Z  INFO  {APDMED} APDMED: Copied 0 rows.
2026-04-23 13:29:08,786 +0000Z  INFO  {APDOMA} Copy APDOMA
2026-04-23 13:29:08,794 +0000Z  INFO  {APDMEO} APDMEO: Copied 0 rows.
2026-04-23 13:29:08,799 +0000Z  INFO  {APDOMA} APDOMA: Copied 0 rows.
2026-04-23 13:29:08,802 +0000Z  INFO  {APDOPE} Copy APDOPE
2026-04-23 13:29:08,815 +0000Z  INFO  {APDOPS} Copy APDOPS
2026-04-23 13:29:08,827 +0000Z  INFO  {APDPMM} Copy APDPMM
2026-04-23 13:29:08,839 +0000Z  INFO  {APDOPS} APDOPS: Copied 0 rows.
2026-04-23 13:29:08,840 +0000Z  INFO  {APDOPE} APDOPE: Copied 0 rows.
2026-04-23 13:29:08,841 +0000Z  INFO  {APDRMA} Copy APDRMA
2026-04-23 13:29:08,848 +0000Z  INFO  {APDPMM} APDPMM: Copied 0 rows.
2026-04-23 13:29:08,852 +0000Z  INFO  {APDSCF} Copy APDSCF
2026-04-23 13:29:08,856 +0000Z  INFO  {APDRMA} APDRMA: Copied 0 rows.
2026-04-23 13:29:08,876 +0000Z  INFO  {APDSRC} Copy APDSRC
2026-04-23 13:29:08,881 +0000Z  INFO  {APDSCF} APDSCF: Copied 0 rows.
2026-04-23 13:29:08,883 +0000Z  INFO  {APFEHE} Copy APFEHE
2026-04-23 13:29:08,894 +0000Z  INFO  {APDSRC} APDSRC: Copied 0 rows.
2026-04-23 13:29:08,895 +0000Z  INFO  {APRMAT} Copy APRMAT
2026-04-23 13:29:08,902 +0000Z  INFO  {APFEHE} APFEHE: Copied 0 rows.
2026-04-23 13:29:08,906 +0000Z  INFO  {APROPE} Copy APROPE
2026-04-23 13:29:08,907 +0000Z  INFO  {APRMAT} APRMAT: Copied 0 rows.
2026-04-23 13:29:08,926 +0000Z  INFO  {APROPS} Copy APROPS
2026-04-23 13:29:08,931 +0000Z  INFO  {APSMHE} Copy APSMHE
2026-04-23 13:29:08,937 +0000Z  INFO  {APROPE} APROPE: Copied 0 rows.
2026-04-23 13:29:08,945 +0000Z  INFO  {APSMLI} Copy APSMLI
2026-04-23 13:29:08,953 +0000Z  INFO  {APSMTP} Copy APSMTP
2026-04-23 13:29:08,958 +0000Z  INFO  {APROPS} APROPS: Copied 0 rows.
2026-04-23 13:29:08,960 +0000Z  INFO  {APSMHE} APSMHE: Copied 0 rows.
2026-04-23 13:29:08,960 +0000Z  INFO  {APSMVF} Copy APSMVF
2026-04-23 13:29:08,964 +0000Z  INFO  {APSMLI} APSMLI: Copied 0 rows.
2026-04-23 13:29:08,968 +0000Z  INFO  {APSOSD} Copy APSOSD
2026-04-23 13:29:08,975 +0000Z  INFO  {APSOSH} Copy APSOSH
2026-04-23 13:29:08,979 +0000Z  INFO  {APSOSD} APSOSD: Copied 0 rows.
2026-04-23 13:29:08,980 +0000Z  INFO  {APSMVF} APSMVF: Copied 0 rows.
2026-04-23 13:29:08,980 +0000Z  INFO  {APSMTP} APSMTP: Copied 0 rows.
2026-04-23 13:29:08,982 +0000Z  INFO  {APSOSO} Copy APSOSO
2026-04-23 13:29:08,987 +0000Z  INFO  {APSOUT} Copy APSOUT
2026-04-23 13:29:08,994 +0000Z  INFO  {APSOSH} APSOSH: Copied 0 rows.
2026-04-23 13:29:09,006 +0000Z  INFO  {APSOSO} APSOSO: Copied 0 rows.
2026-04-23 13:29:09,007 +0000Z  INFO  {APSOUT} APSOUT: Copied 0 rows.
2026-04-23 13:29:09,014 +0000Z  INFO  {APSPOR} Copy APSPOR
2026-04-23 13:29:09,023 +0000Z  INFO  {APSPOS} Copy APSPOS
2026-04-23 13:29:09,040 +0000Z  INFO  {APSPOR} APSPOR: Copied 0 rows.
2026-04-23 13:29:09,043 +0000Z  INFO  {APSPOS} APSPOS: Copied 0 rows.
2026-04-23 13:29:09,044 +0000Z  INFO  {APSPQO} Copy APSPQO
2026-04-23 13:29:09,065 +0000Z  INFO  {APSPQO} APSPQO: Copied 0 rows.
2026-04-23 13:29:09,095 +0000Z  INFO  {AQQVER} Copy AQQVER
2026-04-23 13:29:09,107 +0000Z  INFO  {AQQVER} AQQVER: Copied 0 rows.
2026-04-23 13:29:09,107 +0000Z  INFO  {AQSDRE} Copy AQSDRE
2026-04-23 13:29:09,116 +0000Z  INFO  {ARCDLR} Copy ARCDLR
2026-04-23 13:29:09,121 +0000Z  INFO  {ARCELO} Copy ARCELO
2026-04-23 13:29:09,126 +0000Z  INFO  {AQSDRE} AQSDRE: Copied 0 rows.
2026-04-23 13:29:09,127 +0000Z  INFO  {ARCDLR} ARCDLR: Copied 0 rows.
2026-04-23 13:29:09,129 +0000Z  INFO  {ARCSCH} Copy ARCSCH
2026-04-23 13:29:09,132 +0000Z  INFO  {ARCELO} ARCELO: Copied 0 rows.
2026-04-23 13:29:09,133 +0000Z  INFO  {ARCSEL} Copy ARCSEL
2026-04-23 13:29:09,140 +0000Z  INFO  {ARCTAB} Copy ARCTAB
2026-04-23 13:29:09,146 +0000Z  INFO  {ASUBCS} Copy ASUBCS
2026-04-23 13:29:09,147 +0000Z  INFO  {ARCSCH} ARCSCH: Copied 0 rows.
2026-04-23 13:29:09,151 +0000Z  INFO  {ATDIGR} Copy ATDIGR
2026-04-23 13:29:09,176 +0000Z  INFO  {ATMMTX} Copy ATMMTX
2026-04-23 13:29:09,180 +0000Z  INFO  {ARCSEL} ARCSEL: Copied 0 rows.
2026-04-23 13:29:09,181 +0000Z  INFO  {ARCTAB} ARCTAB: Copied 0 rows.
2026-04-23 13:29:09,189 +0000Z  INFO  {ATDIGR} ATDIGR: Copied 0 rows.
2026-04-23 13:29:09,190 +0000Z  INFO  {ASUBCS} ASUBCS: Copied 0 rows.
2026-04-23 13:29:09,192 +0000Z  INFO  {ATMOTA} Copy ATMOTA
2026-04-23 13:29:09,198 +0000Z  INFO  {AURESU} Copy AURESU
2026-04-23 13:29:09,210 +0000Z  INFO  {ATMMTX} ATMMTX: Copied 0 rows.
2026-04-23 13:29:09,214 +0000Z  INFO  {AXCNTR} Copy AXCNTR
2026-04-23 13:29:09,215 +0000Z  INFO  {ATMOTA} ATMOTA: Copied 0 rows.
2026-04-23 13:29:09,220 +0000Z  INFO  {AXCOPY} Copy AXCOPY
2026-04-23 13:29:09,223 +0000Z  INFO  {AURESU} AURESU: Copied 0 rows.
2026-04-23 13:29:09,229 +0000Z  INFO  {AXTEMP} Copy AXTEMP
2026-04-23 13:29:09,236 +0000Z  INFO  {AXUOQH} Copy AXUOQH
2026-04-23 13:29:09,238 +0000Z  INFO  {AXCNTR} AXCNTR: Copied 0 rows.
2026-04-23 13:29:09,241 +0000Z  INFO  {AXUORA} Copy AXUORA
2026-04-23 13:29:09,243 +0000Z  INFO  {AXTEMP} AXTEMP: Copied 0 rows.
2026-04-23 13:29:09,247 +0000Z  INFO  {AXCOPY} AXCOPY: Copied 0 rows.
2026-04-23 13:29:09,250 +0000Z  INFO  {AXUOQH} AXUOQH: Copied 0 rows.
2026-04-23 13:29:09,253 +0000Z  INFO  {AXUORH} Copy AXUORH
2026-04-23 13:29:09,264 +0000Z  INFO  {AXUORA} AXUORA: Copied 0 rows.
2026-04-23 13:29:09,265 +0000Z  INFO  {AXUORL} Copy AXUORL
2026-04-23 13:29:09,276 +0000Z  INFO  {AXUORL} AXUORL: Copied 0 rows.
2026-04-23 13:29:09,276 +0000Z  INFO  {BARCPR} Copy BARCPR
2026-04-23 13:29:09,287 +0000Z  INFO  {BARCPR} BARCPR: Copied 0 rows.
2026-04-23 13:29:09,289 +0000Z  INFO  {BCUPRJ} Copy BCUPRJ
2026-04-23 13:29:09,290 +0000Z  INFO  {AXUORH} AXUORH: Copied 0 rows.
2026-04-23 13:29:09,298 +0000Z  INFO  {BELLAD} Copy BELLAD
2026-04-23 13:29:09,307 +0000Z  INFO  {BELLAD} BELLAD: Copied 0 rows.
2026-04-23 13:29:09,307 +0000Z  INFO  {BINACC} Copy BINACC
2026-04-23 13:29:09,309 +0000Z  INFO  {BCUPRJ} BCUPRJ: Copied 0 rows.
2026-04-23 13:29:09,313 +0000Z  INFO  {BKMSTA} Copy BKMSTA
2026-04-23 13:29:09,320 +0000Z  INFO  {BMAILE} Copy BMAILE
2026-04-23 13:29:09,320 +0000Z  INFO  {BINACC} BINACC: Copied 0 rows.
2026-04-23 13:29:09,324 +0000Z  INFO  {BKMSTA} BKMSTA: Copied 0 rows.
2026-04-23 13:29:09,325 +0000Z  INFO  {BMOOPO} Copy BMOOPO
2026-04-23 13:29:09,329 +0000Z  INFO  {BMOSIM} Copy BMOSIM
2026-04-23 13:29:09,342 +0000Z  INFO  {BMAILE} BMAILE: Copied 0 rows.
2026-04-23 13:29:09,343 +0000Z  INFO  {BMOOPO} BMOOPO: Copied 0 rows.
2026-04-23 13:29:09,344 +0000Z  INFO  {BMPLAN} Copy BMPLAN
2026-04-23 13:29:09,344 +0000Z  INFO  {BMOSIM} BMOSIM: Copied 0 rows.
2026-04-23 13:29:09,354 +0000Z  INFO  {BMPLAX} Copy BMPLAX
2026-04-23 13:29:09,362 +0000Z  INFO  {BMTPHE} Copy BMTPHE
2026-04-23 13:29:09,363 +0000Z  INFO  {BMPLAN} BMPLAN: Copied 0 rows.
2026-04-23 13:29:09,366 +0000Z  INFO  {BMPLAX} BMPLAX: Copied 0 rows.
2026-04-23 13:29:09,370 +0000Z  INFO  {BMTPLN} Copy BMTPLN
2026-04-23 13:29:09,375 +0000Z  INFO  {BPACTO} Copy BPACTO
2026-04-23 13:29:09,376 +0000Z  INFO  {BMTPHE} BMTPHE: Copied 0 rows.
2026-04-23 13:29:09,382 +0000Z  INFO  {BMTPLN} BMTPLN: Copied 0 rows.
2026-04-23 13:29:09,384 +0000Z  INFO  {BPADTX} Copy BPADTX
2026-04-23 13:29:09,388 +0000Z  INFO  {BPACTO} BPACTO: Copied 0 rows.
2026-04-23 13:29:09,391 +0000Z  INFO  {BPARIV} Copy BPARIV
2026-04-23 13:29:09,396 +0000Z  INFO  {BPBFTY} Copy BPBFTY
2026-04-23 13:29:09,397 +0000Z  INFO  {BPADTX} BPADTX: Copied 0 rows.
2026-04-23 13:29:09,406 +0000Z  INFO  {BPBFTY} BPBFTY: Copied 0 rows.
2026-04-23 13:29:09,406 +0000Z  INFO  {BPARIV} BPARIV: Copied 0 rows.
2026-04-23 13:29:09,407 +0000Z  INFO  {BPBUAC} Copy BPBUAC
2026-04-23 13:29:09,414 +0000Z  INFO  {BPBUAD} Copy BPBUAD
2026-04-23 13:29:09,420 +0000Z  INFO  {BPBUBC} Copy BPBUBC
2026-04-23 13:29:09,421 +0000Z  INFO  {BPBUAC} BPBUAC: Copied 0 rows.
2026-04-23 13:29:09,428 +0000Z  INFO  {BPBUFO} Copy BPBUFO
2026-04-23 13:29:09,429 +0000Z  INFO  {BPBUAD} BPBUAD: Copied 0 rows.
2026-04-23 13:29:09,437 +0000Z  INFO  {BPBUBC} BPBUBC: Copied 0 rows.
2026-04-23 13:29:09,441 +0000Z  INFO  {BPBUTY} Copy BPBUTY
2026-04-23 13:29:09,447 +0000Z  INFO  {BPBUFO} BPBUFO: Copied 0 rows.
2026-04-23 13:29:09,448 +0000Z  INFO  {BPBUVE} Copy BPBUVE
2026-04-23 13:29:09,455 +0000Z  INFO  {BPBUTY} BPBUTY: Copied 0 rows.
2026-04-23 13:29:09,455 +0000Z  INFO  {BPCAPA} Copy BPCAPA
2026-04-23 13:29:09,464 +0000Z  INFO  {BPBUVE} BPBUVE: Copied 0 rows.
2026-04-23 13:29:09,467 +0000Z  INFO  {BPCHBU} Copy BPCHBU
2026-04-23 13:29:09,473 +0000Z  INFO  {BPCAPA} BPCAPA: Copied 0 rows.
2026-04-23 13:29:09,473 +0000Z  INFO  {BPCHGO} Copy BPCHGO
2026-04-23 13:29:09,480 +0000Z  INFO  {BPCHRC} Copy BPCHRC
2026-04-23 13:29:09,480 +0000Z  INFO  {BPCHBU} BPCHBU: Copied 0 rows.
2026-04-23 13:29:09,499 +0000Z  INFO  {BPCHGO} BPCHGO: Copied 0 rows.
2026-04-23 13:29:09,502 +0000Z  INFO  {BPCHRG} Copy BPCHRG
2026-04-23 13:29:09,510 +0000Z  INFO  {BPCHRC} BPCHRC: Copied 0 rows.
2026-04-23 13:29:09,512 +0000Z  INFO  {BPCRPC} Copy BPCRPC
2026-04-23 13:29:09,520 +0000Z  INFO  {BPCRPE} Copy BPCRPE
2026-04-23 13:29:09,523 +0000Z  INFO  {BPCHRG} BPCHRG: Copied 0 rows.
2026-04-23 13:29:09,525 +0000Z  INFO  {BPCRPC} BPCRPC: Copied 0 rows.
2026-04-23 13:29:09,531 +0000Z  INFO  {BPCRTO} Copy BPCRTO
2026-04-23 13:29:09,533 +0000Z  INFO  {BPCRPE} BPCRPE: Copied 0 rows.
2026-04-23 13:29:09,542 +0000Z  INFO  {BPCRTO} BPCRTO: Copied 0 rows.
2026-04-23 13:29:09,550 +0000Z  INFO  {BPCUOR} Copy BPCUOR
2026-04-23 13:29:09,556 +0000Z  INFO  {BPCUPV} Copy BPCUPV
2026-04-23 13:29:09,560 +0000Z  INFO  {BPCUOR} BPCUOR: Copied 0 rows.
2026-04-23 13:29:09,570 +0000Z  INFO  {BPCUPY} Copy BPCUPY
2026-04-23 13:29:09,574 +0000Z  INFO  {BPCUPV} BPCUPV: Copied 0 rows.
2026-04-23 13:29:09,582 +0000Z  INFO  {BPDOCU} Copy BPDOCU
2026-04-23 13:29:09,585 +0000Z  INFO  {BPCUPY} BPCUPY: Copied 0 rows.
2026-04-23 13:29:09,590 +0000Z  INFO  {BPELAD} Copy BPELAD
2026-04-23 13:29:09,593 +0000Z  INFO  {BPDOCU} BPDOCU: Copied 0 rows.
2026-04-23 13:29:09,599 +0000Z  INFO  {BPELCO} Copy BPELCO
2026-04-23 13:29:09,604 +0000Z  INFO  {BPELAD} BPELAD: Copied 0 rows.
2026-04-23 13:29:09,609 +0000Z  INFO  {BPELST} Copy BPELST
2026-04-23 13:29:09,614 +0000Z  INFO  {BPELCO} BPELCO: Copied 0 rows.
2026-04-23 13:29:09,623 +0000Z  INFO  {BPERAC} Copy BPERAC
2026-04-23 13:29:09,629 +0000Z  INFO  {BPEROU} Copy BPEROU
2026-04-23 13:29:09,634 +0000Z  INFO  {BPELST} BPELST: Copied 0 rows.
2026-04-23 13:29:09,635 +0000Z  INFO  {BPESER} Copy BPESER
2026-04-23 13:29:09,640 +0000Z  INFO  {BPEROU} BPEROU: Copied 0 rows.
2026-04-23 13:29:09,649 +0000Z  INFO  {BPERAC} BPERAC: Copied 0 rows.
2026-04-23 13:29:09,649 +0000Z  INFO  {BPESER} BPESER: Copied 0 rows.
2026-04-23 13:29:09,668 +0000Z  INFO  {BPFOVE} Copy BPFOVE
2026-04-23 13:29:09,677 +0000Z  INFO  {BPFOVE} BPFOVE: Copied 0 rows.
2026-04-23 13:29:09,683 +0000Z  INFO  {BPGSTR} Copy BPGSTR
2026-04-23 13:29:09,694 +0000Z  INFO  {BPGSTR} BPGSTR: Copied 0 rows.
2026-04-23 13:29:09,698 +0000Z  INFO  {BPIDDS} Copy BPIDDS
2026-04-23 13:29:09,706 +0000Z  INFO  {BPIDIG} Copy BPIDIG
2026-04-23 13:29:09,713 +0000Z  INFO  {BPIDPC} Copy BPIDPC
2026-04-23 13:29:09,721 +0000Z  INFO  {BPIDDS} BPIDDS: Copied 0 rows.
2026-04-23 13:29:09,725 +0000Z  INFO  {BPIDPC} BPIDPC: Copied 0 rows.
2026-04-23 13:29:09,727 +0000Z  INFO  {BPIDPE} Copy BPIDPE
2026-04-23 13:29:09,735 +0000Z  INFO  {BPIDPR} Copy BPIDPR
2026-04-23 13:29:09,741 +0000Z  INFO  {BPIDTO} Copy BPIDTO
2026-04-23 13:29:09,748 +0000Z  INFO  {BPIGDS} Copy BPIGDS
2026-04-23 13:29:09,749 +0000Z  INFO  {BPIDIG} BPIDIG: Copied 0 rows.
2026-04-23 13:29:09,751 +0000Z  INFO  {BPIDPE} BPIDPE: Copied 0 rows.
2026-04-23 13:29:09,759 +0000Z  INFO  {BPIDPR} BPIDPR: Copied 0 rows.
2026-04-23 13:29:09,764 +0000Z  INFO  {BPIGIB} Copy BPIGIB
2026-04-23 13:29:09,770 +0000Z  INFO  {BPINDE} Copy BPINDE
2026-04-23 13:29:09,771 +0000Z  INFO  {BPIDTO} BPIDTO: Copied 0 rows.
2026-04-23 13:29:09,773 +0000Z  INFO  {BPIGIB} BPIGIB: Copied 0 rows.
2026-04-23 13:29:09,777 +0000Z  INFO  {BPIGDS} BPIGDS: Copied 0 rows.
2026-04-23 13:29:09,781 +0000Z  INFO  {BPINDH} Copy BPINDH
2026-04-23 13:29:09,782 +0000Z  INFO  {BPINDE} BPINDE: Copied 0 rows.
2026-04-23 13:29:09,790 +0000Z  INFO  {BPINDH} BPINDH: Copied 0 rows.
2026-04-23 13:29:09,791 +0000Z  INFO  {BPINHE} Copy BPINHE
2026-04-23 13:29:09,801 +0000Z  INFO  {BPINHI} Copy BPINHI
2026-04-23 13:29:09,817 +0000Z  INFO  {BPINHE} BPINHE: Copied 0 rows.
2026-04-23 13:29:09,820 +0000Z  INFO  {BPINID} Copy BPINID
2026-04-23 13:29:09,828 +0000Z  INFO  {BPINHI} BPINHI: Copied 0 rows.
2026-04-23 13:29:09,835 +0000Z  INFO  {BPINID} BPINID: Copied 0 rows.
2026-04-23 13:29:09,835 +0000Z  INFO  {BPINLC} Copy BPINLC
2026-04-23 13:29:09,844 +0000Z  INFO  {BPINLN} Copy BPINLN
2026-04-23 13:29:09,852 +0000Z  INFO  {BPINLC} BPINLC: Copied 0 rows.
2026-04-23 13:29:09,853 +0000Z  INFO  {BPINVA} Copy BPINVA
2026-04-23 13:29:09,860 +0000Z  INFO  {BPITEM} Copy BPITEM
2026-04-23 13:29:09,867 +0000Z  INFO  {BPINVA} BPINVA: Copied 0 rows.
2026-04-23 13:29:09,871 +0000Z  INFO  {BPINLN} BPINLN: Copied 0 rows.
2026-04-23 13:29:09,872 +0000Z  INFO  {BPLEDG} Copy BPLEDG
2026-04-23 13:29:09,879 +0000Z  INFO  {BPMOPO} Copy BPMOPO
2026-04-23 13:29:09,881 +0000Z  INFO  {BPITEM} BPITEM: Copied 0 rows.
2026-04-23 13:29:09,885 +0000Z  INFO  {BPMPID} Copy BPMPID
2026-04-23 13:29:09,887 +0000Z  INFO  {BPLEDG} BPLEDG: Copied 0 rows.
2026-04-23 13:29:09,888 +0000Z  INFO  {BPMOPO} BPMOPO: Copied 0 rows.
2026-04-23 13:29:09,890 +0000Z  INFO  {BPMPTH} Copy BPMPTH
2026-04-23 13:29:09,902 +0000Z  INFO  {BPMPTH} BPMPTH: Copied 0 rows.
2026-04-23 13:29:09,906 +0000Z  INFO  {BPMPTL} Copy BPMPTL
2026-04-23 13:29:09,906 +0000Z  INFO  {BPMPID} BPMPID: Copied 0 rows.
2026-04-23 13:29:09,910 +0000Z  INFO  {BPMPTY} Copy BPMPTY
2026-04-23 13:29:09,915 +0000Z  INFO  {BPMPTL} BPMPTL: Copied 0 rows.
2026-04-23 13:29:09,916 +0000Z  INFO  {BPO150} Copy BPO150
2026-04-23 13:29:09,923 +0000Z  INFO  {BPO651} Copy BPO651
2026-04-23 13:29:09,928 +0000Z  INFO  {BPO652} Copy BPO652
2026-04-23 13:29:09,937 +0000Z  INFO  {BPMPTY} BPMPTY: Copied 0 rows.
2026-04-23 13:29:09,941 +0000Z  INFO  {BPO150} BPO150: Copied 0 rows.
2026-04-23 13:29:09,942 +0000Z  INFO  {BPO652} BPO652: Copied 0 rows.
2026-04-23 13:29:09,952 +0000Z  INFO  {BPO651} BPO651: Copied 0 rows.
2026-04-23 13:29:09,969 +0000Z  INFO  {BPO91P} Copy BPO91P
2026-04-23 13:29:09,978 +0000Z  INFO  {BPO950} Copy BPO950
2026-04-23 13:29:09,984 +0000Z  INFO  {BPO91P} BPO91P: Copied 0 rows.
2026-04-23 13:29:09,988 +0000Z  INFO  {BPO997} Copy BPO997
2026-04-23 13:29:09,996 +0000Z  INFO  {BPOCHK} Copy BPOCHK
2026-04-23 13:29:09,997 +0000Z  INFO  {BPO950} BPO950: Copied 0 rows.
2026-04-23 13:29:10,022 +0000Z  INFO  {BPOCHK} BPOCHK: Copied 0 rows.
2026-04-23 13:29:10,023 +0000Z  INFO  {BPO997} BPO997: Copied 0 rows.
2026-04-23 13:29:10,023 +0000Z  INFO  {BPOHEL} Copy BPOHEL
2026-04-23 13:29:10,033 +0000Z  INFO  {BPPCLI} Copy BPPCLI
2026-04-23 13:29:10,039 +0000Z  INFO  {BPPCTO} Copy BPPCTO
2026-04-23 13:29:10,044 +0000Z  INFO  {BPOHEL} BPOHEL: Copied 0 rows.
2026-04-23 13:29:10,047 +0000Z  INFO  {BPPCVE} Copy BPPCVE
2026-04-23 13:29:10,050 +0000Z  INFO  {BPPCTO} BPPCTO: Copied 0 rows.
2026-04-23 13:29:10,051 +0000Z  INFO  {BPPCLI} BPPCLI: Copied 0 rows.
2026-04-23 13:29:10,060 +0000Z  INFO  {BPPCVE} BPPCVE: Copied 0 rows.
2026-04-23 13:29:10,066 +0000Z  INFO  {BPPEBU} Copy BPPEBU
2026-04-23 13:29:10,075 +0000Z  INFO  {BPPETC} Copy BPPETC
2026-04-23 13:29:10,080 +0000Z  INFO  {BPPETE} Copy BPPETE
2026-04-23 13:29:10,084 +0000Z  INFO  {BPPEBU} BPPEBU: Copied 0 rows.
2026-04-23 13:29:10,085 +0000Z  INFO  {BPPETO} Copy BPPETO
2026-04-23 13:29:10,089 +0000Z  INFO  {BPPMPD} Copy BPPMPD
2026-04-23 13:29:10,090 +0000Z  INFO  {BPPETC} BPPETC: Copied 0 rows.
2026-04-23 13:29:10,091 +0000Z  INFO  {BPPETE} BPPETE: Copied 0 rows.
2026-04-23 13:29:10,094 +0000Z  INFO  {BPPETO} BPPETO: Copied 0 rows.
2026-04-23 13:29:10,095 +0000Z  INFO  {BPPMPH} Copy BPPMPH
2026-04-23 13:29:10,103 +0000Z  INFO  {BPPRHI} Copy BPPRHI
2026-04-23 13:29:10,104 +0000Z  INFO  {BPPMPD} BPPMPD: Copied 0 rows.
2026-04-23 13:29:10,109 +0000Z  INFO  {BPPMPH} BPPMPH: Copied 0 rows.
2026-04-23 13:29:10,110 +0000Z  INFO  {BPPRPR} Copy BPPRPR
2026-04-23 13:29:10,113 +0000Z  INFO  {BPPRHI} BPPRHI: Copied 0 rows.
2026-04-23 13:29:10,114 +0000Z  INFO  {BPPUOR} Copy BPPUOR
2026-04-23 13:29:10,118 +0000Z  INFO  {BPPRPR} BPPRPR: Copied 0 rows.
2026-04-23 13:29:10,124 +0000Z  INFO  {BPPUOR} BPPUOR: Copied 0 rows.
2026-04-23 13:29:10,124 +0000Z  INFO  {BPREDE} Copy BPREDE
2026-04-23 13:29:10,129 +0000Z  INFO  {BPROJH} Copy BPROJH
2026-04-23 13:29:10,134 +0000Z  INFO  {BPROJI} Copy BPROJI
2026-04-23 13:29:10,135 +0000Z  INFO  {BPREDE} BPREDE: Copied 0 rows.
2026-04-23 13:29:10,139 +0000Z  INFO  {BPROJH} BPROJH: Copied 0 rows.
2026-04-23 13:29:10,140 +0000Z  INFO  {BPRPRD} Copy BPRPRD
2026-04-23 13:29:10,144 +0000Z  INFO  {BPROJI} BPROJI: Copied 0 rows.
2026-04-23 13:29:10,145 +0000Z  INFO  {BPRPRE} Copy BPRPRE
2026-04-23 13:29:10,149 +0000Z  INFO  {BPSETH} Copy BPSETH
2026-04-23 13:29:10,154 +0000Z  INFO  {BPRPRD} BPRPRD: Copied 0 rows.
2026-04-23 13:29:10,154 +0000Z  INFO  {BPSETL} Copy BPSETL
2026-04-23 13:29:10,155 +0000Z  INFO  {BPRPRE} BPRPRE: Copied 0 rows.
2026-04-23 13:29:10,156 +0000Z  INFO  {BPSETH} BPSETH: Copied 0 rows.
2026-04-23 13:29:10,163 +0000Z  INFO  {BPSETP} Copy BPSETP
2026-04-23 13:29:10,164 +0000Z  INFO  {BPSETL} BPSETL: Copied 0 rows.
2026-04-23 13:29:10,168 +0000Z  INFO  {BPSETT} Copy BPSETT
2026-04-23 13:29:10,175 +0000Z  INFO  {BPTASK} Copy BPTASK
2026-04-23 13:29:10,177 +0000Z  INFO  {BPSETP} BPSETP: Copied 0 rows.
2026-04-23 13:29:10,178 +0000Z  INFO  {BPSETT} BPSETT: Copied 0 rows.
2026-04-23 13:29:10,189 +0000Z  INFO  {BPTIME} Copy BPTIME
2026-04-23 13:29:10,190 +0000Z  INFO  {BPTASK} BPTASK: Copied 0 rows.
2026-04-23 13:29:10,195 +0000Z  INFO  {BPTOPS} Copy BPTOPS
2026-04-23 13:29:10,204 +0000Z  INFO  {BPTOPS} BPTOPS: Copied 0 rows.
2026-04-23 13:29:10,206 +0000Z  INFO  {BPTPLI} Copy BPTPLI
2026-04-23 13:29:10,207 +0000Z  INFO  {BPTIME} BPTIME: Copied 0 rows.
2026-04-23 13:29:10,212 +0000Z  INFO  {BPTPVE} Copy BPTPVE
2026-04-23 13:29:10,217 +0000Z  INFO  {BPVAID} Copy BPVAID
2026-04-23 13:29:10,222 +0000Z  INFO  {BPTPLI} BPTPLI: Copied 0 rows.
2026-04-23 13:29:10,223 +0000Z  INFO  {BPTPVE} BPTPVE: Copied 0 rows.
2026-04-23 13:29:10,225 +0000Z  INFO  {BQUREP} Copy BQUREP
2026-04-23 13:29:10,228 +0000Z  INFO  {BPVAID} BPVAID: Copied 0 rows.
2026-04-23 13:29:10,237 +0000Z  INFO  {BQUREP} BQUREP: Copied 0 rows.
2026-04-23 13:29:10,240 +0000Z  INFO  {BSASTD} Copy BSASTD
2026-04-23 13:29:10,244 +0000Z  INFO  {BSETAD} Copy BSETAD
2026-04-23 13:29:10,252 +0000Z  INFO  {BSETGL} Copy BSETGL
2026-04-23 13:29:10,256 +0000Z  INFO  {BSASTD} BSASTD: Copied 0 rows.
2026-04-23 13:29:10,257 +0000Z  INFO  {BSETAD} BSETAD: Copied 0 rows.
2026-04-23 13:29:10,258 +0000Z  INFO  {BSETHI} Copy BSETHI
2026-04-23 13:29:10,260 +0000Z  INFO  {BSETGL} BSETGL: Copied 0 rows.
2026-04-23 13:29:10,262 +0000Z  INFO  {BSQNUM} Copy BSQNUM
2026-04-23 13:29:10,267 +0000Z  INFO  {CAAAGG} Copy CAAAGG
2026-04-23 13:29:10,274 +0000Z  INFO  {BSQNUM} BSQNUM: Copied 0 rows.
2026-04-23 13:29:10,274 +0000Z  INFO  {CAABAG} Copy CAABAG
2026-04-23 13:29:10,275 +0000Z  INFO  {CAAAGG} CAAAGG: Copied 0 rows.
2026-04-23 13:29:10,277 +0000Z  INFO  {BSETHI} BSETHI: Copied 0 rows.
2026-04-23 13:29:10,279 +0000Z  INFO  {CAABAL} Copy CAABAL
2026-04-23 13:29:10,283 +0000Z  INFO  {CAABAG} CAABAG: Copied 0 rows.
2026-04-23 13:29:10,287 +0000Z  INFO  {CAACTL} Copy CAACTL
2026-04-23 13:29:10,293 +0000Z  INFO  {CAABAL} CAABAL: Copied 0 rows.
2026-04-23 13:29:10,298 +0000Z  INFO  {CAACTL} CAACTL: Copied 0 rows.
2026-04-23 13:29:10,299 +0000Z  INFO  {CAAKDF} Copy CAAKDF
2026-04-23 13:29:10,305 +0000Z  INFO  {CAAKEY} Copy CAAKEY
2026-04-23 13:29:10,311 +0000Z  INFO  {CAAKDF} CAAKDF: Copied 0 rows.
2026-04-23 13:29:10,312 +0000Z  INFO  {CAAMAN} Copy CAAMAN
2026-04-23 13:29:10,315 +0000Z  INFO  {CAAKEY} CAAKEY: Copied 0 rows.
2026-04-23 13:29:10,321 +0000Z  INFO  {CAATRA} Copy CAATRA
2026-04-23 13:29:10,325 +0000Z  INFO  {CAAMAN} CAAMAN: Copied 0 rows.
2026-04-23 13:29:10,326 +0000Z  INFO  {CAAWFA} Copy CAAWFA
2026-04-23 13:29:10,332 +0000Z  INFO  {CAAWFD} Copy CAAWFD
2026-04-23 13:29:10,332 +0000Z  INFO  {CAATRA} CAATRA: Copied 0 rows.
2026-04-23 13:29:10,333 +0000Z  INFO  {CAAWFA} CAAWFA: Copied 0 rows.
2026-04-23 13:29:10,337 +0000Z  INFO  {CAAWFH} Copy CAAWFH
2026-04-23 13:29:10,341 +0000Z  INFO  {CAAWFD} CAAWFD: Copied 0 rows.
2026-04-23 13:29:10,342 +0000Z  INFO  {CAAWFR} Copy CAAWFR
2026-04-23 13:29:10,344 +0000Z  INFO  {CAAWFH} CAAWFH: Copied 0 rows.
2026-04-23 13:29:10,347 +0000Z  INFO  {CAAWFV} Copy CAAWFV
2026-04-23 13:29:10,352 +0000Z  INFO  {CAAWFR} CAAWFR: Copied 0 rows.
2026-04-23 13:29:10,355 +0000Z  INFO  {CAAWFV} CAAWFV: Copied 0 rows.
2026-04-23 13:29:10,356 +0000Z  INFO  {CACSCD} Copy CACSCD
2026-04-23 13:29:10,360 +0000Z  INFO  {CAEMPD} Copy CAEMPD
2026-04-23 13:29:10,365 +0000Z  INFO  {CAEMPS} Copy CAEMPS
2026-04-23 13:29:10,369 +0000Z  INFO  {CAFFNC} Copy CAFFNC
2026-04-23 13:29:10,372 +0000Z  INFO  {CAEMPD} CAEMPD: Copied 0 rows.
2026-04-23 13:29:10,373 +0000Z  INFO  {CACSCD} CACSCD: Copied 0 rows.
2026-04-23 13:29:10,374 +0000Z  INFO  {CAMCON} Copy CAMCON
2026-04-23 13:29:10,376 +0000Z  INFO  {CAEMPS} CAEMPS: Copied 0 rows.
2026-04-23 13:29:10,378 +0000Z  INFO  {CAMEXE} Copy CAMEXE
2026-04-23 13:29:10,384 +0000Z  INFO  {CAMHEA} Copy CAMHEA
2026-04-23 13:29:10,386 +0000Z  INFO  {CAMEXE} CAMEXE: Copied 0 rows.
2026-04-23 13:29:10,389 +0000Z  INFO  {CAMLIN} Copy CAMLIN
2026-04-23 13:29:10,390 +0000Z  INFO  {CAFFNC} CAFFNC: Copied 0 rows.
2026-04-23 13:29:10,391 +0000Z  INFO  {CAMCON} CAMCON: Copied 0 rows.
2026-04-23 13:29:10,395 +0000Z  INFO  {CAMRUL} Copy CAMRUL
2026-04-23 13:29:10,395 +0000Z  INFO  {CAMLIN} CAMLIN: Copied 0 rows.
2026-04-23 13:29:10,397 +0000Z  INFO  {CAMHEA} CAMHEA: Copied 0 rows.
2026-04-23 13:29:10,399 +0000Z  INFO  {CBANAL} Copy CBANAL
2026-04-23 13:29:10,404 +0000Z  INFO  {CBANAM} Copy CBANAM
2026-04-23 13:29:10,409 +0000Z  INFO  {CBANVA} Copy CBANVA
2026-04-23 13:29:10,409 +0000Z  INFO  {CAMRUL} CAMRUL: Copied 0 rows.
2026-04-23 13:29:10,410 +0000Z  INFO  {CBANAL} CBANAL: Copied 0 rows.
2026-04-23 13:29:10,417 +0000Z  INFO  {CBMINH} Copy CBMINH
2026-04-23 13:29:10,418 +0000Z  INFO  {CBANVA} CBANVA: Copied 0 rows.
2026-04-23 13:29:10,420 +0000Z  INFO  {CBANAM} CBANAM: Copied 0 rows.
2026-04-23 13:29:10,426 +0000Z  INFO  {CBUSTP} Copy CBUSTP
2026-04-23 13:29:10,427 +0000Z  INFO  {CBMINH} CBMINH: Copied 0 rows.
2026-04-23 13:29:10,430 +0000Z  INFO  {CCAHIS} Copy CCAHIS
2026-04-23 13:29:10,435 +0000Z  INFO  {CCALVL} Copy CCALVL
2026-04-23 13:29:10,435 +0000Z  INFO  {CBUSTP} CBUSTP: Copied 0 rows.
2026-04-23 13:29:10,439 +0000Z  INFO  {CCAHIS} CCAHIS: Copied 0 rows.
2026-04-23 13:29:10,441 +0000Z  INFO  {CCALVR} Copy CCALVR
2026-04-23 13:29:10,446 +0000Z  INFO  {CCAOBC} Copy CCAOBC
2026-04-23 13:29:10,451 +0000Z  INFO  {CCALVL} CCALVL: Copied 0 rows.
2026-04-23 13:29:10,452 +0000Z  INFO  {CCARNG} Copy CCARNG
2026-04-23 13:29:10,457 +0000Z  INFO  {CCCSET} Copy CCCSET
2026-04-23 13:29:10,458 +0000Z  INFO  {CCALVR} CCALVR: Copied 0 rows.
2026-04-23 13:29:10,463 +0000Z  INFO  {CCIDIH} Copy CCIDIH
2026-04-23 13:29:10,464 +0000Z  INFO  {CCARNG} CCARNG: Copied 0 rows.
2026-04-23 13:29:10,465 +0000Z  INFO  {CCAOBC} CCAOBC: Copied 0 rows.
2026-04-23 13:29:10,468 +0000Z  INFO  {CCIDIL} Copy CCIDIL
2026-04-23 13:29:10,471 +0000Z  INFO  {CCCSET} CCCSET: Copied 0 rows.
2026-04-23 13:29:10,473 +0000Z  INFO  {CCIITE} Copy CCIITE
2026-04-23 13:29:10,477 +0000Z  INFO  {CCIDIH} CCIDIH: Copied 0 rows.
2026-04-23 13:29:10,480 +0000Z  INFO  {CCIDIL} CCIDIL: Copied 0 rows.
2026-04-23 13:29:10,482 +0000Z  INFO  {CCIITE} CCIITE: Copied 0 rows.
2026-04-23 13:29:10,507 +0000Z  INFO  {CCM100} Copy CCM100
2026-04-23 13:29:10,517 +0000Z  INFO  {CCM101} Copy CCM101
2026-04-23 13:29:10,525 +0000Z  INFO  {CCM102} Copy CCM102
2026-04-23 13:29:10,525 +0000Z  INFO  {CCM100} CCM100: Copied 0 rows.
2026-04-23 13:29:10,534 +0000Z  INFO  {CCM102} CCM102: Copied 0 rows.
2026-04-23 13:29:10,536 +0000Z  INFO  {CCM103} Copy CCM103
2026-04-23 13:29:10,543 +0000Z  INFO  {CCM105} Copy CCM105
2026-04-23 13:29:10,547 +0000Z  INFO  {CCM101} CCM101: Copied 0 rows.
2026-04-23 13:29:10,551 +0000Z  INFO  {CCM105} CCM105: Copied 0 rows.
2026-04-23 13:29:10,552 +0000Z  INFO  {CCM106} Copy CCM106
2026-04-23 13:29:10,552 +0000Z  INFO  {CCM103} CCM103: Copied 0 rows.
2026-04-23 13:29:10,557 +0000Z  INFO  {CCM107} Copy CCM107
2026-04-23 13:29:10,566 +0000Z  INFO  {CCM107} CCM107: Copied 0 rows.
2026-04-23 13:29:10,569 +0000Z  INFO  {CCM106} CCM106: Copied 0 rows.
2026-04-23 13:29:10,571 +0000Z  INFO  {CCM108} Copy CCM108
2026-04-23 13:29:10,577 +0000Z  INFO  {CCM109} Copy CCM109
2026-04-23 13:29:10,589 +0000Z  INFO  {CCM109} CCM109: Copied 0 rows.
2026-04-23 13:29:10,590 +0000Z  INFO  {CCM111} Copy CCM111
2026-04-23 13:29:10,591 +0000Z  INFO  {CCM108} CCM108: Copied 0 rows.
2026-04-23 13:29:10,601 +0000Z  INFO  {CCM111} CCM111: Copied 0 rows.
2026-04-23 13:29:10,602 +0000Z  INFO  {CCM112} Copy CCM112
2026-04-23 13:29:10,607 +0000Z  INFO  {CCM113} Copy CCM113
2026-04-23 13:29:10,613 +0000Z  INFO  {CCM500} Copy CCM500
2026-04-23 13:29:10,615 +0000Z  INFO  {CCM113} CCM113: Copied 0 rows.
2026-04-23 13:29:10,617 +0000Z  INFO  {CCM112} CCM112: Copied 0 rows.
2026-04-23 13:29:10,622 +0000Z  INFO  {CCM500} CCM500: Copied 0 rows.
2026-04-23 13:29:10,622 +0000Z  INFO  {CCMCOD} Copy CCMCOD
2026-04-23 13:29:10,629 +0000Z  INFO  {CCMCOD} CCMCOD: Copied 0 rows.
2026-04-23 13:29:10,633 +0000Z  INFO  {CCR016} Copy CCR016
2026-04-23 13:29:10,639 +0000Z  INFO  {CCR020} Copy CCR020
2026-04-23 13:29:10,647 +0000Z  INFO  {CCR016} CCR016: Copied 0 rows.
2026-04-23 13:29:10,649 +0000Z  INFO  {CCR206} Copy CCR206
2026-04-23 13:29:10,658 +0000Z  INFO  {CCR206} CCR206: Copied 0 rows.
2026-04-23 13:29:10,660 +0000Z  INFO  {CCR020} CCR020: Copied 0 rows.
2026-04-23 13:29:10,666 +0000Z  INFO  {CCR500} Copy CCR500
2026-04-23 13:29:10,671 +0000Z  INFO  {CCR575} Copy CCR575
2026-04-23 13:29:10,678 +0000Z  INFO  {CCR500} CCR500: Copied 0 rows.
2026-04-23 13:29:10,680 +0000Z  INFO  {CCR575} CCR575: Copied 0 rows.
2026-04-23 13:29:10,686 +0000Z  INFO  {CCR649} Copy CCR649
2026-04-23 13:29:10,697 +0000Z  INFO  {CCR862} Copy CCR862
2026-04-23 13:29:10,699 +0000Z  INFO  {CCR649} CCR649: Copied 0 rows.
2026-04-23 13:29:10,701 +0000Z  INFO  {CCREFE} Copy CCREFE
2026-04-23 13:29:10,708 +0000Z  INFO  {CCR862} CCR862: Copied 0 rows.
2026-04-23 13:29:10,717 +0000Z  INFO  {CCREFE} CCREFE: Copied 0 rows.
2026-04-23 13:29:10,729 +0000Z  INFO  {CCRFMI} Copy CCRFMI
2026-04-23 13:29:10,743 +0000Z  INFO  {CCS092} Copy CCS092
2026-04-23 13:29:10,748 +0000Z  INFO  {CCTKEF} Copy CCTKEF
2026-04-23 13:29:10,752 +0000Z  INFO  {CCTKEG} Copy CCTKEG
2026-04-23 13:29:10,765 +0000Z  INFO  {CCTKEG} CCTKEG: Copied 0 rows.
2026-04-23 13:29:10,766 +0000Z  INFO  {CCS092} CCS092: Copied 0 rows.
2026-04-23 13:29:10,768 +0000Z  INFO  {CCTKEF} CCTKEF: Copied 0 rows.
2026-04-23 13:29:10,782 +0000Z  INFO  {CCRFMI} CCRFMI: Copied 0 rows.
2026-04-23 13:29:10,786 +0000Z  INFO  {CCTXKG} Copy CCTXKG
2026-04-23 13:29:10,790 +0000Z  INFO  {CCUACT} Copy CCUACT
2026-04-23 13:29:10,794 +0000Z  INFO  {CCTXKG} CCTXKG: Copied 0 rows.
2026-04-23 13:29:10,794 +0000Z  INFO  {CCUCHA} Copy CCUCHA
2026-04-23 13:29:10,799 +0000Z  INFO  {CCUACT} CCUACT: Copied 0 rows.
2026-04-23 13:29:10,803 +0000Z  INFO  {CCUCHA} CCUCHA: Copied 0 rows.
2026-04-23 13:29:10,803 +0000Z  INFO  {CCUCID} Copy CCUCID
2026-04-23 13:29:10,807 +0000Z  INFO  {CCUCRG} Copy CCUCRG
2026-04-23 13:29:10,814 +0000Z  INFO  {CCUCRG} CCUCRG: Copied 0 rows.
2026-04-23 13:29:10,818 +0000Z  INFO  {CCUCID} CCUCID: Copied 0 rows.
2026-04-23 13:29:10,819 +0000Z  INFO  {CCUDIV} Copy CCUDIV
2026-04-23 13:29:10,824 +0000Z  INFO  {CCUSPA} Copy CCUSPA
2026-04-23 13:29:10,830 +0000Z  INFO  {CCUSTP} Copy CCUSTP
2026-04-23 13:29:10,838 +0000Z  INFO  {CCUSTX} Copy CCUSTX
2026-04-23 13:29:10,838 +0000Z  INFO  {CCUSPA} CCUSPA: Copied 0 rows.
2026-04-23 13:29:10,839 +0000Z  INFO  {CCUSTP} CCUSTP: Copied 0 rows.
2026-04-23 13:29:10,843 +0000Z  INFO  {CCUTXS} Copy CCUTXS
2026-04-23 13:29:10,846 +0000Z  INFO  {CCUDIV} CCUDIV: Copied 0 rows.
2026-04-23 13:29:10,848 +0000Z  INFO  {CCXTKG} Copy CCXTKG
2026-04-23 13:29:10,852 +0000Z  INFO  {CCUTXS} CCUTXS: Copied 0 rows.
2026-04-23 13:29:10,854 +0000Z  INFO  {CCUSTX} CCUSTX: Copied 0 rows.
2026-04-23 13:29:10,854 +0000Z  INFO  {CDARKY} Copy CDARKY
2026-04-23 13:29:10,855 +0000Z  INFO  {CCXTKG} CCXTKG: Copied 0 rows.
2026-04-23 13:29:10,858 +0000Z  INFO  {CDARUN} Copy CDARUN
2026-04-23 13:29:10,865 +0000Z  INFO  {CDARKY} CDARKY: Copied 0 rows.
2026-04-23 13:29:10,869 +0000Z  INFO  {CDBJBA} Copy CDBJBA
2026-04-23 13:29:10,875 +0000Z  INFO  {CDARUN} CDARUN: Copied 0 rows.
2026-04-23 13:29:10,879 +0000Z  INFO  {CDBJBA} CDBJBA: Copied 0 rows.
2026-04-23 13:29:10,891 +0000Z  INFO  {CDBJBQ} Copy CDBJBQ
2026-04-23 13:29:10,896 +0000Z  INFO  {CDPELG} Copy CDPELG
2026-04-23 13:29:10,901 +0000Z  INFO  {CDPFIL} Copy CDPFIL
2026-04-23 13:29:10,908 +0000Z  INFO  {CDPKEY} Copy CDPKEY
2026-04-23 13:29:10,919 +0000Z  INFO  {CDPKEY} CDPKEY: Copied 0 rows.
2026-04-23 13:29:10,926 +0000Z  INFO  {CDPLOG} Copy CDPLOG
2026-04-23 13:29:10,927 +0000Z  INFO  {CDPELG} CDPELG: Copied 0 rows.
2026-04-23 13:29:10,927 +0000Z  INFO  {CDPFIL} CDPFIL: Copied 0 rows.
2026-04-23 13:29:10,932 +0000Z  INFO  {CDPRLN} Copy CDPRLN
2026-04-23 13:29:10,938 +0000Z  INFO  {CDPRSH} Copy CDPRSH
2026-04-23 13:29:10,941 +0000Z  INFO  {CDPLOG} CDPLOG: Copied 0 rows.
2026-04-23 13:29:10,947 +0000Z  INFO  {CDPRSH} CDPRSH: Copied 0 rows.
2026-04-23 13:29:10,948 +0000Z  INFO  {CDPRLN} CDPRLN: Copied 0 rows.
2026-04-23 13:29:10,954 +0000Z  INFO  {CDPRSL} Copy CDPRSL
2026-04-23 13:29:10,968 +0000Z  INFO  {CDBJBQ} CDBJBQ: Copied 0 rows.
2026-04-23 13:29:10,968 +0000Z  INFO  {CDPRTP} Copy CDPRTP
2026-04-23 13:29:10,980 +0000Z  INFO  {CDPSDA} Copy CDPSDA
2026-04-23 13:29:10,980 +0000Z  INFO  {CDPRSL} CDPRSL: Copied 0 rows.
2026-04-23 13:29:10,985 +0000Z  INFO  {CDPRTP} CDPRTP: Copied 0 rows.
2026-04-23 13:29:10,986 +0000Z  INFO  {CDWIMA} Copy CDWIMA
2026-04-23 13:29:10,990 +0000Z  INFO  {CDYSHE} Copy CDYSHE
2026-04-23 13:29:10,997 +0000Z  INFO  {CDYSLN} Copy CDYSLN
2026-04-23 13:29:10,998 +0000Z  INFO  {CDPSDA} CDPSDA: Copied 0 rows.
2026-04-23 13:29:11,002 +0000Z  INFO  {CEACOS} Copy CEACOS
2026-04-23 13:29:11,008 +0000Z  INFO  {CDYSHE} CDYSHE: Copied 0 rows.
2026-04-23 13:29:11,020 +0000Z  INFO  {CDWIMA} CDWIMA: Copied 0 rows.
2026-04-23 13:29:11,025 +0000Z  INFO  {CEAPPL} Copy CEAPPL
2026-04-23 13:29:11,031 +0000Z  INFO  {CEACOS} CEACOS: Copied 0 rows.
2026-04-23 13:29:11,032 +0000Z  INFO  {CDYSLN} CDYSLN: Copied 0 rows.
2026-04-23 13:29:11,046 +0000Z  INFO  {CEAPPL} CEAPPL: Copied 0 rows.
2026-04-23 13:29:11,060 +0000Z  INFO  {CECOCC} Copy CECOCC
2026-04-23 13:29:11,067 +0000Z  INFO  {CECOCI} Copy CECOCI
2026-04-23 13:29:11,072 +0000Z  INFO  {CECOCC} CECOCC: Copied 0 rows.
2026-04-23 13:29:11,074 +0000Z  INFO  {CECOCR} Copy CECOCR
2026-04-23 13:29:11,080 +0000Z  INFO  {CECOPC} Copy CECOPC
2026-04-23 13:29:11,085 +0000Z  INFO  {CECOCR} CECOCR: Copied 0 rows.
2026-04-23 13:29:11,086 +0000Z  INFO  {CECORG} Copy CECORG
2026-04-23 13:29:11,090 +0000Z  INFO  {CECOST} Copy CECOST
2026-04-23 13:29:11,091 +0000Z  INFO  {CECOCI} CECOCI: Copied 0 rows.
2026-04-23 13:29:11,100 +0000Z  INFO  {CECOTR} Copy CECOTR
2026-04-23 13:29:11,103 +0000Z  INFO  {CECOST} CECOST: Copied 0 rows.
2026-04-23 13:29:11,107 +0000Z  INFO  {CECOPC} CECOPC: Copied 0 rows.
2026-04-23 13:29:11,108 +0000Z  INFO  {CECORG} CECORG: Copied 0 rows.
2026-04-23 13:29:11,122 +0000Z  INFO  {CECRID} Copy CECRID
2026-04-23 13:29:11,122 +0000Z  INFO  {CECOTR} CECOTR: Copied 0 rows.
2026-04-23 13:29:11,127 +0000Z  INFO  {CEDIIN} Copy CEDIIN
2026-04-23 13:29:11,132 +0000Z  INFO  {CECRID} CECRID: Copied 0 rows.
2026-04-23 13:29:11,135 +0000Z  INFO  {CEDIIN} CEDIIN: Copied 0 rows.
2026-04-23 13:29:11,135 +0000Z  INFO  {CEDIOU} Copy CEDIOU
2026-04-23 13:29:11,143 +0000Z  INFO  {CELOCK} Copy CELOCK
2026-04-23 13:29:11,149 +0000Z  INFO  {CEMAGH} Copy CEMAGH
2026-04-23 13:29:11,156 +0000Z  INFO  {CEDIOU} CEDIOU: Copied 0 rows.
2026-04-23 13:29:11,156 +0000Z  INFO  {CELOCK} CELOCK: Copied 0 rows.
2026-04-23 13:29:11,157 +0000Z  INFO  {CEMAGL} Copy CEMAGL
2026-04-23 13:29:11,162 +0000Z  INFO  {CEMFIL} Copy CEMFIL
2026-04-23 13:29:11,172 +0000Z  INFO  {CEMAGH} CEMAGH: Copied 0 rows.
2026-04-23 13:29:11,175 +0000Z  INFO  {CEMFLD} Copy CEMFLD
2026-04-23 13:29:11,190 +0000Z  INFO  {CEMFIL} CEMFIL: Copied 0 rows.
2026-04-23 13:29:11,191 +0000Z  INFO  {CEMLOG} Copy CEMLOG
2026-04-23 13:29:11,191 +0000Z  INFO  {CEMAGL} CEMAGL: Copied 0 rows.
2026-04-23 13:29:11,191 +0000Z  INFO  {CEMFLD} CEMFLD: Copied 0 rows.
2026-04-23 13:29:11,197 +0000Z  INFO  {CERQST} Copy CERQST
2026-04-23 13:29:11,205 +0000Z  INFO  {CESAPI} Copy CESAPI
2026-04-23 13:29:11,205 +0000Z  INFO  {CEMLOG} CEMLOG: Copied 0 rows.
2026-04-23 13:29:11,213 +0000Z  INFO  {CESAPL} Copy CESAPL
2026-04-23 13:29:11,221 +0000Z  INFO  {CESBIZ} Copy CESBIZ
2026-04-23 13:29:11,226 +0000Z  INFO  {CERQST} CERQST: Copied 0 rows.
2026-04-23 13:29:11,229 +0000Z  INFO  {CESELG} Copy CESELG
2026-04-23 13:29:11,236 +0000Z  INFO  {CESAPI} CESAPI: Copied 0 rows.
2026-04-23 13:29:11,238 +0000Z  INFO  {CESBIZ} CESBIZ: Copied 0 rows.
2026-04-23 13:29:11,238 +0000Z  INFO  {CESEXC} Copy CESEXC
2026-04-23 13:29:11,247 +0000Z  INFO  {CESAPL} CESAPL: Copied 0 rows.
2026-04-23 13:29:11,248 +0000Z  INFO  {CESELG} CESELG: Copied 0 rows.
2026-04-23 13:29:11,248 +0000Z  INFO  {CESGTR} Copy CESGTR
2026-04-23 13:29:11,257 +0000Z  INFO  {CESEXC} CESEXC: Copied 0 rows.
2026-04-23 13:29:11,257 +0000Z  INFO  {CESGTR} CESGTR: Copied 0 rows.
2026-04-23 13:29:11,260 +0000Z  INFO  {CESILE} Copy CESILE
2026-04-23 13:29:11,278 +0000Z  INFO  {CESILJ} Copy CESILJ
2026-04-23 13:29:11,280 +0000Z  INFO  {CESILE} CESILE: Copied 0 rows.
2026-04-23 13:29:11,283 +0000Z  INFO  {CESLOG} Copy CESLOG
2026-04-23 13:29:11,287 +0000Z  INFO  {CESRCD} Copy CESRCD
2026-04-23 13:29:11,292 +0000Z  INFO  {CESTAB} Copy CESTAB
2026-04-23 13:29:11,301 +0000Z  INFO  {CESRCD} CESRCD: Copied 0 rows.
2026-04-23 13:29:11,304 +0000Z  INFO  {CESVIF} Copy CESVIF
2026-04-23 13:29:11,304 +0000Z  INFO  {CESILJ} CESILJ: Copied 0 rows.
2026-04-23 13:29:11,307 +0000Z  INFO  {CESLOG} CESLOG: Copied 0 rows.
2026-04-23 13:29:11,321 +0000Z  INFO  {CESTAB} CESTAB: Copied 0 rows.
2026-04-23 13:29:11,330 +0000Z  INFO  {CESVIF} CESVIF: Copied 0 rows.
2026-04-23 13:29:11,331 +0000Z  INFO  {CEVSUB} Copy CEVSUB
2026-04-23 13:29:11,351 +0000Z  INFO  {CFIFFX} Copy CFIFFX
2026-04-23 13:29:11,361 +0000Z  INFO  {CFIMBX} Copy CFIMBX
2026-04-23 13:29:11,362 +0000Z  INFO  {CFIFFX} CFIFFX: Copied 0 rows.
2026-04-23 13:29:11,363 +0000Z  INFO  {CEVSUB} CEVSUB: Copied 0 rows.
2026-04-23 13:29:11,369 +0000Z  INFO  {CFLFLX} Copy CFLFLX
2026-04-23 13:29:11,373 +0000Z  INFO  {CFIMBX} CFIMBX: Copied 0 rows.
2026-04-23 13:29:11,375 +0000Z  INFO  {CFTTRG} Copy CFTTRG
2026-04-23 13:29:11,380 +0000Z  INFO  {CFUEXC} Copy CFUEXC
2026-04-23 13:29:11,382 +0000Z  INFO  {CFLFLX} CFLFLX: Copied 0 rows.
2026-04-23 13:29:11,387 +0000Z  INFO  {CGEEX2} Copy CGEEX2
2026-04-23 13:29:11,388 +0000Z  INFO  {CFUEXC} CFUEXC: Copied 0 rows.
2026-04-23 13:29:11,395 +0000Z  INFO  {CFTTRG} CFTTRG: Copied 0 rows.
2026-04-23 13:29:11,395 +0000Z  INFO  {CGEEX4} Copy CGEEX4
2026-04-23 13:29:11,406 +0000Z  INFO  {CGEEX2} CGEEX2: Copied 0 rows.
2026-04-23 13:29:11,407 +0000Z  INFO  {CGEEX4} CGEEX4: Copied 0 rows.
2026-04-23 13:29:11,408 +0000Z  INFO  {CGEEX5} Copy CGEEX5
2026-04-23 13:29:11,415 +0000Z  INFO  {CGEEX6} Copy CGEEX6
2026-04-23 13:29:11,420 +0000Z  INFO  {CGEEX7} Copy CGEEX7
2026-04-23 13:29:11,427 +0000Z  INFO  {CGEEX8} Copy CGEEX8
2026-04-23 13:29:11,429 +0000Z  INFO  {CGEEX7} CGEEX7: Copied 0 rows.
2026-04-23 13:29:11,438 +0000Z  INFO  {CGEEX6} CGEEX6: Copied 0 rows.
2026-04-23 13:29:11,439 +0000Z  INFO  {CGEEX5} CGEEX5: Copied 0 rows.
2026-04-23 13:29:11,446 +0000Z  INFO  {CGEEX8} CGEEX8: Copied 0 rows.
2026-04-23 13:29:11,447 +0000Z  INFO  {CIARBO} Copy CIARBO
2026-04-23 13:29:11,452 +0000Z  INFO  {CIDSUB} Copy CIDSUB
2026-04-23 13:29:11,462 +0000Z  INFO  {CIARBO} CIARBO: Copied 0 rows.
2026-04-23 13:29:11,482 +0000Z  INFO  {CIDVAT} Copy CIDVAT
2026-04-23 13:29:11,488 +0000Z  INFO  {CIMACL} Copy CIMACL
2026-04-23 13:29:11,489 +0000Z  INFO  {CIDSUB} CIDSUB: Copied 0 rows.
2026-04-23 13:29:11,493 +0000Z  INFO  {CIDVAT} CIDVAT: Copied 0 rows.
2026-04-23 13:29:11,494 +0000Z  INFO  {CIMRCL} Copy CIMRCL
2026-04-23 13:29:11,505 +0000Z  INFO  {CIMACL} CIMACL: Copied 0 rows.
2026-04-23 13:29:11,514 +0000Z  INFO  {CIMRDV} Copy CIMRDV
2026-04-23 13:29:11,521 +0000Z  INFO  {CIMRCL} CIMRCL: Copied 0 rows.
2026-04-23 13:29:11,524 +0000Z  INFO  {CIMRLN} Copy CIMRLN
2026-04-23 13:29:11,534 +0000Z  INFO  {CIMTPL} Copy CIMTPL
2026-04-23 13:29:11,544 +0000Z  INFO  {CIMRLN} CIMRLN: Copied 0 rows.
2026-04-23 13:29:11,544 +0000Z  INFO  {CIMRDV} CIMRDV: Copied 0 rows.
2026-04-23 13:29:11,548 +0000Z  INFO  {CINAIN} Copy CINAIN
2026-04-23 13:29:11,554 +0000Z  INFO  {CINCAL} Copy CINCAL
2026-04-23 13:29:11,554 +0000Z  INFO  {CIMTPL} CIMTPL: Copied 0 rows.
2026-04-23 13:29:11,571 +0000Z  INFO  {CINDFN} Copy CINDFN
2026-04-23 13:29:11,575 +0000Z  INFO  {CINAIN} CINAIN: Copied 0 rows.
2026-04-23 13:29:11,576 +0000Z  INFO  {CINCAL} CINCAL: Copied 0 rows.
2026-04-23 13:29:11,583 +0000Z  INFO  {CINDFN} CINDFN: Copied 0 rows.
2026-04-23 13:29:11,584 +0000Z  INFO  {CINDIS} Copy CINDIS
2026-04-23 13:29:11,594 +0000Z  INFO  {CINDVT} Copy CINDVT
2026-04-23 13:29:11,595 +0000Z  INFO  {CINDIS} CINDIS: Copied 0 rows.
2026-04-23 13:29:11,598 +0000Z  INFO  {CINEIF} Copy CINEIF
2026-04-23 13:29:11,603 +0000Z  INFO  {CINERL} Copy CINERL
2026-04-23 13:29:11,607 +0000Z  INFO  {CINDVT} CINDVT: Copied 0 rows.
2026-04-23 13:29:11,609 +0000Z  INFO  {CINEIF} CINEIF: Copied 0 rows.
2026-04-23 13:29:11,609 +0000Z  INFO  {CINGOV} Copy CINGOV
2026-04-23 13:29:11,616 +0000Z  INFO  {CININD} Copy CININD
2026-04-23 13:29:11,619 +0000Z  INFO  {CINERL} CINERL: Copied 0 rows.
2026-04-23 13:29:11,620 +0000Z  INFO  {CINPRE} Copy CINPRE
2026-04-23 13:29:11,623 +0000Z  INFO  {CINGOV} CINGOV: Copied 0 rows.
2026-04-23 13:29:11,624 +0000Z  INFO  {CINSID} Copy CINSID
2026-04-23 13:29:11,624 +0000Z  INFO  {CININD} CININD: Copied 0 rows.
2026-04-23 13:29:11,628 +0000Z  INFO  {CINPRE} CINPRE: Copied 0 rows.
2026-04-23 13:29:11,629 +0000Z  INFO  {CINTAC} Copy CINTAC
2026-04-23 13:29:11,634 +0000Z  INFO  {CINTAS} Copy CINTAS
2026-04-23 13:29:11,634 +0000Z  INFO  {CINSID} CINSID: Copied 0 rows.
2026-04-23 13:29:11,638 +0000Z  INFO  {CINTDT} Copy CINTDT
2026-04-23 13:29:11,639 +0000Z  INFO  {CINTAC} CINTAC: Copied 0 rows.
2026-04-23 13:29:11,641 +0000Z  INFO  {CINTAS} CINTAS: Copied 0 rows.
2026-04-23 13:29:11,646 +0000Z  INFO  {CINTDT} CINTDT: Copied 0 rows.
2026-04-23 13:29:11,656 +0000Z  INFO  {CINTEG} Copy CINTEG
2026-04-23 13:29:11,679 +0000Z  INFO  {CINTEG} CINTEG: Copied 0 rows.
2026-04-23 13:29:11,681 +0000Z  INFO  {CINTSO} Copy CINTSO
2026-04-23 13:29:11,686 +0000Z  INFO  {CIOPAR} Copy CIOPAR
2026-04-23 13:29:11,690 +0000Z  INFO  {CINTSO} CINTSO: Copied 0 rows.
2026-04-23 13:29:11,693 +0000Z  INFO  {CISHVI} Copy CISHVI
2026-04-23 13:29:11,694 +0000Z  INFO  {CIOPAR} CIOPAR: Copied 0 rows.
2026-04-23 13:29:11,700 +0000Z  INFO  {CISHVI} CISHVI: Copied 0 rows.
2026-04-23 13:29:11,703 +0000Z  INFO  {CJBDEF} Copy CJBDEF
2026-04-23 13:29:11,712 +0000Z  INFO  {CJBDEF} CJBDEF: Copied 0 rows.
2026-04-23 13:29:11,712 +0000Z  INFO  {CJBLOG} Copy CJBLOG
2026-04-23 13:29:11,718 +0000Z  INFO  {CJBTRN} Copy CJBTRN
2026-04-23 13:29:11,726 +0000Z  INFO  {CJBLOG} CJBLOG: Copied 0 rows.
2026-04-23 13:29:11,726 +0000Z  INFO  {CKEYST} Copy CKEYST
2026-04-23 13:29:11,729 +0000Z  INFO  {CJBTRN} CJBTRN: Copied 0 rows.
2026-04-23 13:29:11,734 +0000Z  INFO  {CKEYST} CKEYST: Copied 0 rows.
2026-04-23 13:29:11,748 +0000Z  INFO  {CLODHF} Copy CLODHF
2026-04-23 13:29:11,755 +0000Z  INFO  {CLODOC} Copy CLODOC
2026-04-23 13:29:11,760 +0000Z  INFO  {CLOMHF} Copy CLOMHF
2026-04-23 13:29:11,760 +0000Z  INFO  {CLODHF} CLODHF: Copied 0 rows.
2026-04-23 13:29:11,762 +0000Z  INFO  {CLODOC} CLODOC: Copied 0 rows.
2026-04-23 13:29:11,766 +0000Z  INFO  {CLOOHF} Copy CLOOHF
2026-04-23 13:29:11,770 +0000Z  INFO  {CLOMHF} CLOMHF: Copied 0 rows.
2026-04-23 13:29:11,770 +0000Z  INFO  {CLOTMP} Copy CLOTMP
2026-04-23 13:29:11,776 +0000Z  INFO  {CLOOHF} CLOOHF: Copied 0 rows.
2026-04-23 13:29:11,783 +0000Z  INFO  {CLOTMP} CLOTMP: Copied 0 rows.
2026-04-23 13:29:11,788 +0000Z  INFO  {CMAILC} Copy CMAILC
2026-04-23 13:29:11,795 +0000Z  INFO  {CMAILD} Copy CMAILD
2026-04-23 13:29:11,801 +0000Z  INFO  {CMAILC} CMAILC: Copied 0 rows.
2026-04-23 13:29:11,802 +0000Z  INFO  {CMAPDT} Copy CMAPDT
2026-04-23 13:29:11,806 +0000Z  INFO  {CMAPHE} Copy CMAPHE
2026-04-23 13:29:11,807 +0000Z  INFO  {CMAILD} CMAILD: Copied 0 rows.
2026-04-23 13:29:11,812 +0000Z  INFO  {CMARAU} Copy CMARAU
2026-04-23 13:29:11,813 +0000Z  INFO  {CMAPDT} CMAPDT: Copied 0 rows.
2026-04-23 13:29:11,816 +0000Z  INFO  {CMARIT} Copy CMARIT
2026-04-23 13:29:11,816 +0000Z  INFO  {CMAPHE} CMAPHE: Copied 0 rows.
2026-04-23 13:29:11,819 +0000Z  INFO  {CMARAU} CMARAU: Copied 0 rows.
2026-04-23 13:29:11,821 +0000Z  INFO  {CMDMTX} Copy CMDMTX
2026-04-23 13:29:11,824 +0000Z  INFO  {CMARIT} CMARIT: Copied 0 rows.
2026-04-23 13:29:11,836 +0000Z  INFO  {CMF611} Copy CMF611
2026-04-23 13:29:11,837 +0000Z  INFO  {CMDMTX} CMDMTX: Copied 0 rows.
2026-04-23 13:29:11,841 +0000Z  INFO  {CMFSE3} Copy CMFSE3
2026-04-23 13:29:11,846 +0000Z  INFO  {CMFSE5} Copy CMFSE5
2026-04-23 13:29:11,850 +0000Z  INFO  {CMFSE3} CMFSE3: Copied 0 rows.
2026-04-23 13:29:11,857 +0000Z  INFO  {CMF611} CMF611: Copied 0 rows.
2026-04-23 13:29:11,860 +0000Z  INFO  {CMFSE5} CMFSE5: Copied 0 rows.
2026-04-23 13:29:11,867 +0000Z  INFO  {CMIWFL} Copy CMIWFL
2026-04-23 13:29:11,880 +0000Z  INFO  {CMIWFL} CMIWFL: Copied 0 rows.
2026-04-23 13:29:11,884 +0000Z  INFO  {CMNAUD} Copy CMNAUD
2026-04-23 13:29:11,889 +0000Z  INFO  {CMNAUT} Copy CMNAUT
2026-04-23 13:29:11,893 +0000Z  INFO  {CMNCLC} Copy CMNCLC
2026-04-23 13:29:11,894 +0000Z  INFO  {CMNAUD} CMNAUD: Copied 0 rows.
2026-04-23 13:29:11,898 +0000Z  INFO  {CMNAUT} CMNAUT: Copied 0 rows.
2026-04-23 13:29:11,899 +0000Z  INFO  {CMNCLD} Copy CMNCLD
2026-04-23 13:29:11,906 +0000Z  INFO  {CMNCLC} CMNCLC: Copied 0 rows.
2026-04-23 13:29:11,910 +0000Z  INFO  {CMNCLD} CMNCLD: Copied 0 rows.
2026-04-23 13:29:11,934 +0000Z  INFO  {CMNFBD} Copy CMNFBD
2026-04-23 13:29:11,938 +0000Z  INFO  {CMNFBP} Copy CMNFBP
2026-04-23 13:29:11,944 +0000Z  INFO  {CMNFBX} Copy CMNFBX
2026-04-23 13:29:11,944 +0000Z  INFO  {CMNFBD} CMNFBD: Copied 0 rows.
2026-04-23 13:29:11,946 +0000Z  INFO  {CMNFBP} CMNFBP: Copied 0 rows.
2026-04-23 13:29:11,957 +0000Z  INFO  {CMNLBL} Copy CMNLBL
2026-04-23 13:29:11,962 +0000Z  INFO  {CMNFBX} CMNFBX: Copied 0 rows.
2026-04-23 13:29:11,967 +0000Z  INFO  {CMNLOG} Copy CMNLOG
2026-04-23 13:29:11,972 +0000Z  INFO  {CMNLBL} CMNLBL: Copied 0 rows.
2026-04-23 13:29:11,973 +0000Z  INFO  {CMNMRH} Copy CMNMRH
2026-04-23 13:29:11,974 +0000Z  INFO  {CMNLOG} CMNLOG: Copied 0 rows.
2026-04-23 13:29:11,977 +0000Z  INFO  {CMNOPT} Copy CMNOPT
2026-04-23 13:29:11,982 +0000Z  INFO  {CMNPAL} Copy CMNPAL
2026-04-23 13:29:11,986 +0000Z  INFO  {CMNOPT} CMNOPT: Copied 0 rows.
2026-04-23 13:29:11,988 +0000Z  INFO  {CMNPAP} Copy CMNPAP
2026-04-23 13:29:11,991 +0000Z  INFO  {CMNMRH} CMNMRH: Copied 0 rows.
2026-04-23 13:29:11,992 +0000Z  INFO  {CMNPAL} CMNPAL: Copied 0 rows.
2026-04-23 13:29:11,995 +0000Z  INFO  {CMNPAP} CMNPAP: Copied 0 rows.
2026-04-23 13:29:12,007 +0000Z  INFO  {CMNRST} Copy CMNRST
2026-04-23 13:29:12,017 +0000Z  INFO  {CMNSAU} Copy CMNSAU
2026-04-23 13:29:12,023 +0000Z  INFO  {CMNSEC} Copy CMNSEC
2026-04-23 13:29:12,030 +0000Z  INFO  {CMNSFH} Copy CMNSFH
2026-04-23 13:29:12,031 +0000Z  INFO  {CMNRST} CMNRST: Copied 0 rows.
2026-04-23 13:29:12,032 +0000Z  INFO  {CMNSEC} CMNSEC: Copied 0 rows.
2026-04-23 13:29:12,032 +0000Z  INFO  {CMNSAU} CMNSAU: Copied 0 rows.
2026-04-23 13:29:12,034 +0000Z  INFO  {CMNSFL} Copy CMNSFL
2026-04-23 13:29:12,041 +0000Z  INFO  {CMNSFH} CMNSFH: Copied 0 rows.
2026-04-23 13:29:12,046 +0000Z  INFO  {CMNSFL} CMNSFL: Copied 0 rows.
2026-04-23 13:29:12,048 +0000Z  INFO  {CMNUCL} Copy CMNUCL
2026-04-23 13:29:12,053 +0000Z  INFO  {CMNUFK} Copy CMNUFK
2026-04-23 13:29:12,059 +0000Z  INFO  {CMNULO} Copy CMNULO
2026-04-23 13:29:12,067 +0000Z  INFO  {CMNUCL} CMNUCL: Copied 0 rows.
2026-04-23 13:29:12,067 +0000Z  INFO  {CMNUOH} Copy CMNUOH
2026-04-23 13:29:12,068 +0000Z  INFO  {CMNULO} CMNULO: Copied 0 rows.
2026-04-23 13:29:12,069 +0000Z  INFO  {CMNUFK} CMNUFK: Copied 0 rows.
2026-04-23 13:29:12,072 +0000Z  INFO  {CMNUOL} Copy CMNUOL
2026-04-23 13:29:12,077 +0000Z  INFO  {CMNUOH} CMNUOH: Copied 0 rows.
2026-04-23 13:29:12,087 +0000Z  INFO  {CMNUPC} Copy CMNUPC
2026-04-23 13:29:12,087 +0000Z  INFO  {CMNUOL} CMNUOL: Copied 0 rows.
2026-04-23 13:29:12,096 +0000Z  INFO  {CMNUPC} CMNUPC: Copied 0 rows.
2026-04-23 13:29:12,097 +0000Z  INFO  {CMNUPP} Copy CMNUPP
2026-04-23 13:29:12,107 +0000Z  INFO  {CMOMTX} Copy CMOMTX
2026-04-23 13:29:12,111 +0000Z  INFO  {CMNUPP} CMNUPP: Copied 0 rows.
2026-04-23 13:29:12,116 +0000Z  INFO  {CMOMTX} CMOMTX: Copied 0 rows.
2026-04-23 13:29:12,121 +0000Z  INFO  {CMRFIL} Copy CMRFIL
2026-04-23 13:29:12,126 +0000Z  INFO  {CMRMSG} Copy CMRMSG
2026-04-23 13:29:12,130 +0000Z  INFO  {CMRFIL} CMRFIL: Copied 0 rows.
2026-04-23 13:29:12,133 +0000Z  INFO  {CMUCPR} Copy CMUCPR
2026-04-23 13:29:12,137 +0000Z  INFO  {CMRMSG} CMRMSG: Copied 0 rows.
2026-04-23 13:29:12,138 +0000Z  INFO  {COI038} Copy COI038
2026-04-23 13:29:12,144 +0000Z  INFO  {COPSHA} Copy COPSHA
2026-04-23 13:29:12,150 +0000Z  INFO  {CMUCPR} CMUCPR: Copied 0 rows.
2026-04-23 13:29:12,152 +0000Z  INFO  {CORECR} Copy CORECR
2026-04-23 13:29:12,152 +0000Z  INFO  {COI038} COI038: Copied 0 rows.
2026-04-23 13:29:12,158 +0000Z  INFO  {COPSHA} COPSHA: Copied 0 rows.
2026-04-23 13:29:12,159 +0000Z  INFO  {CORETR} Copy CORETR
2026-04-23 13:29:12,164 +0000Z  INFO  {CORECR} CORECR: Copied 0 rows.
2026-04-23 13:29:12,169 +0000Z  INFO  {CPAALI} Copy CPAALI
2026-04-23 13:29:12,172 +0000Z  INFO  {CORETR} CORETR: Copied 0 rows.
2026-04-23 13:29:12,173 +0000Z  INFO  {CPAALT} Copy CPAALT
2026-04-23 13:29:12,181 +0000Z  INFO  {CPAALI} CPAALI: Copied 0 rows.
2026-04-23 13:29:12,181 +0000Z  INFO  {CPARTN} Copy CPARTN
2026-04-23 13:29:12,186 +0000Z  INFO  {CPAALT} CPAALT: Copied 0 rows.
2026-04-23 13:29:12,187 +0000Z  INFO  {CPATYP} Copy CPATYP
2026-04-23 13:29:12,193 +0000Z  INFO  {CPEACC} Copy CPEACC
2026-04-23 13:29:12,194 +0000Z  INFO  {CPARTN} CPARTN: Copied 0 rows.
2026-04-23 13:29:12,199 +0000Z  INFO  {CPATYP} CPATYP: Copied 0 rows.
2026-04-23 13:29:12,202 +0000Z  INFO  {CPEACC} CPEACC: Copied 0 rows.
2026-04-23 13:29:12,203 +0000Z  INFO  {CPGEX1} Copy CPGEX1
2026-04-23 13:29:12,208 +0000Z  INFO  {CPMTVA} Copy CPMTVA
2026-04-23 13:29:12,212 +0000Z  INFO  {CPNMAS} Copy CPNMAS
2026-04-23 13:29:12,217 +0000Z  INFO  {CPGEX1} CPGEX1: Copied 0 rows.
2026-04-23 13:29:12,218 +0000Z  INFO  {CPNREL} Copy CPNREL
2026-04-23 13:29:12,222 +0000Z  INFO  {CPMTVA} CPMTVA: Copied 0 rows.
2026-04-23 13:29:12,224 +0000Z  INFO  {CPNMAS} CPNMAS: Copied 0 rows.
2026-04-23 13:29:12,225 +0000Z  INFO  {CPOTRA} Copy CPOTRA
2026-04-23 13:29:12,230 +0000Z  INFO  {CPNREL} CPNREL: Copied 0 rows.
2026-04-23 13:29:12,235 +0000Z  INFO  {CPOTRA} CPOTRA: Copied 0 rows.
2026-04-23 13:29:12,240 +0000Z  INFO  {CPRDEF} Copy CPRDEF
2026-04-23 13:29:12,244 +0000Z  INFO  {CPRNAT} Copy CPRNAT
2026-04-23 13:29:12,251 +0000Z  INFO  {CPRTAX} Copy CPRTAX
2026-04-23 13:29:12,252 +0000Z  INFO  {CPRDEF} CPRDEF: Copied 0 rows.
2026-04-23 13:29:12,256 +0000Z  INFO  {CRCCAP} Copy CRCCAP
2026-04-23 13:29:12,256 +0000Z  INFO  {CPRNAT} CPRNAT: Copied 0 rows.
2026-04-23 13:29:12,260 +0000Z  INFO  {CRCCAT} Copy CRCCAT
2026-04-23 13:29:12,261 +0000Z  INFO  {CPRTAX} CPRTAX: Copied 0 rows.
2026-04-23 13:29:12,266 +0000Z  INFO  {CRCCCR} Copy CRCCCR
2026-04-23 13:29:12,268 +0000Z  INFO  {CRCCAP} CRCCAP: Copied 0 rows.
2026-04-23 13:29:12,270 +0000Z  INFO  {CRCCAT} CRCCAT: Copied 0 rows.
2026-04-23 13:29:12,274 +0000Z  INFO  {CRCCCT} Copy CRCCCT
2026-04-23 13:29:12,279 +0000Z  INFO  {CRCCHH} Copy CRCCHH
2026-04-23 13:29:12,280 +0000Z  INFO  {CRCCCR} CRCCCR: Copied 0 rows.
2026-04-23 13:29:12,283 +0000Z  INFO  {CRCCCT} CRCCCT: Copied 0 rows.
2026-04-23 13:29:12,284 +0000Z  INFO  {CRCCID} Copy CRCCID
2026-04-23 13:29:12,289 +0000Z  INFO  {CRCCIN} Copy CRCCIN
2026-04-23 13:29:12,290 +0000Z  INFO  {CRCCHH} CRCCHH: Copied 0 rows.
2026-04-23 13:29:12,293 +0000Z  INFO  {CRCCLH} Copy CRCCLH
2026-04-23 13:29:12,294 +0000Z  INFO  {CRCCID} CRCCID: Copied 0 rows.
2026-04-23 13:29:12,298 +0000Z  INFO  {CRCCIN} CRCCIN: Copied 0 rows.
2026-04-23 13:29:12,299 +0000Z  INFO  {CRCCLL} Copy CRCCLL
2026-04-23 13:29:12,301 +0000Z  INFO  {CRCCLH} CRCCLH: Copied 0 rows.
2026-04-23 13:29:12,307 +0000Z  INFO  {CRCCTR} Copy CRCCTR
2026-04-23 13:29:12,309 +0000Z  INFO  {CRCCLL} CRCCLL: Copied 0 rows.
2026-04-23 13:29:12,315 +0000Z  INFO  {CREASO} Copy CREASO
2026-04-23 13:29:12,319 +0000Z  INFO  {CRCCTR} CRCCTR: Copied 0 rows.
2026-04-23 13:29:12,325 +0000Z  INFO  {CRETYP} Copy CRETYP
2026-04-23 13:29:12,337 +0000Z  INFO  {CREASO} CREASO: Copied 0 rows.
2026-04-23 13:29:12,337 +0000Z  INFO  {CREVTB} Copy CREVTB
2026-04-23 13:29:12,340 +0000Z  INFO  {CRETYP} CRETYP: Copied 0 rows.
2026-04-23 13:29:12,347 +0000Z  INFO  {CRISEG} Copy CRISEG
2026-04-23 13:29:12,347 +0000Z  INFO  {CREVTB} CREVTB: Copied 0 rows.
2026-04-23 13:29:12,355 +0000Z  INFO  {CRISEG} CRISEG: Copied 0 rows.
2026-04-23 13:29:12,356 +0000Z  INFO  {CROCAP} Copy CROCAP
2026-04-23 13:29:12,360 +0000Z  INFO  {CRODEF} Copy CRODEF
2026-04-23 13:29:12,366 +0000Z  INFO  {CROEMP} Copy CROEMP
2026-04-23 13:29:12,372 +0000Z  INFO  {CROCAP} CROCAP: Copied 0 rows.
2026-04-23 13:29:12,378 +0000Z  INFO  {CRODEF} CRODEF: Copied 0 rows.
2026-04-23 13:29:12,379 +0000Z  INFO  {CROHEA} Copy CROHEA
2026-04-23 13:29:12,388 +0000Z  INFO  {CROHEA} CROHEA: Copied 0 rows.
2026-04-23 13:29:12,391 +0000Z  INFO  {CROEMP} CROEMP: Copied 0 rows.
2026-04-23 13:29:12,395 +0000Z  INFO  {CRPDLN} Copy CRPDLN
2026-04-23 13:29:12,402 +0000Z  INFO  {CRPIAC} Copy CRPIAC
2026-04-23 13:29:12,408 +0000Z  INFO  {CRPTNB} Copy CRPTNB
2026-04-23 13:29:12,409 +0000Z  INFO  {CRPDLN} CRPDLN: Copied 0 rows.
2026-04-23 13:29:12,412 +0000Z  INFO  {CRSMCD} Copy CRSMCD
2026-04-23 13:29:12,417 +0000Z  INFO  {CRPIAC} CRPIAC: Copied 0 rows.
2026-04-23 13:29:12,419 +0000Z  INFO  {CRSSET} Copy CRSSET
2026-04-23 13:29:12,421 +0000Z  INFO  {CRPTNB} CRPTNB: Copied 0 rows.
2026-04-23 13:29:12,424 +0000Z  INFO  {CRSSUB} Copy CRSSUB
2026-04-23 13:29:12,428 +0000Z  INFO  {CRSMCD} CRSMCD: Copied 0 rows.
2026-04-23 13:29:12,429 +0000Z  INFO  {CRSYNO} Copy CRSYNO
2026-04-23 13:29:12,435 +0000Z  INFO  {CRSYSR} Copy CRSYSR
2026-04-23 13:29:12,440 +0000Z  INFO  {CSAPRO} Copy CSAPRO
2026-04-23 13:29:12,445 +0000Z  INFO  {CRSSUB} CRSSUB: Copied 0 rows.
2026-04-23 13:29:12,445 +0000Z  INFO  {CRSYSR} CRSYSR: Copied 0 rows.
2026-04-23 13:29:12,451 +0000Z  INFO  {CSCCND} Copy CSCCND
2026-04-23 13:29:12,451 +0000Z  INFO  {CRSSET} CRSSET: Copied 0 rows.
2026-04-23 13:29:12,461 +0000Z  INFO  {CRSYNO} CRSYNO: Copied 0 rows.
2026-04-23 13:29:12,467 +0000Z  INFO  {CSCCND} CSCCND: Copied 0 rows.
2026-04-23 13:29:12,469 +0000Z  INFO  {CSAPRO} CSAPRO: Copied 0 rows.
2026-04-23 13:29:12,470 +0000Z  INFO  {CSDTID} Copy CSDTID
2026-04-23 13:29:12,475 +0000Z  INFO  {CSDTIN} Copy CSDTIN
2026-04-23 13:29:12,480 +0000Z  INFO  {CSE981} Copy CSE981
2026-04-23 13:29:12,488 +0000Z  INFO  {CSEAMA} Copy CSEAMA
2026-04-23 13:29:12,492 +0000Z  INFO  {CSEFFG} Copy CSEFFG
2026-04-23 13:29:12,497 +0000Z  INFO  {CSDTID} CSDTID: Copied 0 rows.
2026-04-23 13:29:12,498 +0000Z  INFO  {CSEFLG} Copy CSEFLG
2026-04-23 13:29:12,499 +0000Z  INFO  {CSDTIN} CSDTIN: Copied 0 rows.
2026-04-23 13:29:12,506 +0000Z  INFO  {CSE981} CSE981: Copied 0 rows.
2026-04-23 13:29:12,508 +0000Z  INFO  {CSEFPX} Copy CSEFPX
2026-04-23 13:29:12,510 +0000Z  INFO  {CSEFFG} CSEFFG: Copied 0 rows.
2026-04-23 13:29:12,511 +0000Z  INFO  {CSEAMA} CSEAMA: Copied 0 rows.
2026-04-23 13:29:12,520 +0000Z  INFO  {CSELTC} Copy CSELTC
2026-04-23 13:29:12,520 +0000Z  INFO  {CSEFPX} CSEFPX: Copied 0 rows.
2026-04-23 13:29:12,521 +0000Z  INFO  {CSEFLG} CSEFLG: Copied 0 rows.
2026-04-23 13:29:12,527 +0000Z  INFO  {CSESFG} Copy CSESFG
2026-04-23 13:29:12,534 +0000Z  INFO  {CSELTC} CSELTC: Copied 0 rows.
2026-04-23 13:29:12,536 +0000Z  INFO  {CSESTO} Copy CSESTO
2026-04-23 13:29:12,538 +0000Z  INFO  {CSESFG} CSESFG: Copied 0 rows.
2026-04-23 13:29:12,541 +0000Z  INFO  {CSESTR} Copy CSESTR
2026-04-23 13:29:12,553 +0000Z  INFO  {CSESTO} CSESTO: Copied 0 rows.
2026-04-23 13:29:12,553 +0000Z  INFO  {CSHCAD} Copy CSHCAD
2026-04-23 13:29:12,554 +0000Z  INFO  {CSESTR} CSESTR: Copied 0 rows.
2026-04-23 13:29:12,558 +0000Z  INFO  {CSHCLD} Copy CSHCLD
2026-04-23 13:29:12,564 +0000Z  INFO  {CSHCAD} CSHCAD: Copied 0 rows.
2026-04-23 13:29:12,568 +0000Z  INFO  {CSHCLH} Copy CSHCLH
2026-04-23 13:29:12,574 +0000Z  INFO  {CSHCTL} Copy CSHCTL
2026-04-23 13:29:12,578 +0000Z  INFO  {CSHCLH} CSHCLH: Copied 0 rows.
2026-04-23 13:29:12,583 +0000Z  INFO  {CSHCLD} CSHCLD: Copied 0 rows.
2026-04-23 13:29:12,585 +0000Z  INFO  {CSHDAT} Copy CSHDAT
2026-04-23 13:29:12,585 +0000Z  INFO  {CSHCTL} CSHCTL: Copied 0 rows.
2026-04-23 13:29:12,590 +0000Z  INFO  {CSHHED} Copy CSHHED
2026-04-23 13:29:12,599 +0000Z  INFO  {CSHLIN} Copy CSHLIN
2026-04-23 13:29:12,600 +0000Z  INFO  {CSHDAT} CSHDAT: Copied 0 rows.
2026-04-23 13:29:12,605 +0000Z  INFO  {CSIAAG} Copy CSIAAG
2026-04-23 13:29:12,606 +0000Z  INFO  {CSHHED} CSHHED: Copied 0 rows.
2026-04-23 13:29:12,609 +0000Z  INFO  {CSHLIN} CSHLIN: Copied 0 rows.
2026-04-23 13:29:12,610 +0000Z  INFO  {CSIAAU} Copy CSIAAU
2026-04-23 13:29:12,615 +0000Z  INFO  {CSIACA} Copy CSIACA
2026-04-23 13:29:12,620 +0000Z  INFO  {CSIAFP} Copy CSIAFP
2026-04-23 13:29:12,623 +0000Z  INFO  {CSIACA} CSIACA: Copied 0 rows.
2026-04-23 13:29:12,624 +0000Z  INFO  {CSIAAG} CSIAAG: Copied 0 rows.
2026-04-23 13:29:12,624 +0000Z  INFO  {CSIAFR} Copy CSIAFR
2026-04-23 13:29:12,625 +0000Z  INFO  {CSIAAU} CSIAAU: Copied 0 rows.
2026-04-23 13:29:12,629 +0000Z  INFO  {CSIAGA} Copy CSIAGA
2026-04-23 13:29:12,630 +0000Z  INFO  {CSIAFP} CSIAFP: Copied 0 rows.
2026-04-23 13:29:12,658 +0000Z  INFO  {CSIAGA} CSIAGA: Copied 0 rows.
2026-04-23 13:29:12,658 +0000Z  INFO  {CSIAFR} CSIAFR: Copied 0 rows.
2026-04-23 13:29:12,699 +0000Z  INFO  {CSRENP} Copy CSRENP
2026-04-23 13:29:12,710 +0000Z  INFO  {CSRENR} Copy CSRENR
2026-04-23 13:29:12,712 +0000Z  INFO  {CSRENP} CSRENP: Copied 0 rows.
2026-04-23 13:29:12,718 +0000Z  INFO  {CSROPU} Copy CSROPU
2026-04-23 13:29:12,719 +0000Z  INFO  {CSRENR} CSRENR: Copied 0 rows.
2026-04-23 13:29:12,723 +0000Z  INFO  {CSSEII} Copy CSSEII
2026-04-23 13:29:12,727 +0000Z  INFO  {CSSEIN} Copy CSSEIN
2026-04-23 13:29:12,729 +0000Z  INFO  {CSROPU} CSROPU: Copied 0 rows.
2026-04-23 13:29:12,734 +0000Z  INFO  {CSSEIT} Copy CSSEIT
2026-04-23 13:29:12,744 +0000Z  INFO  {CSSEIT} CSSEIT: Copied 0 rows.
2026-04-23 13:29:12,747 +0000Z  INFO  {CSSEIX} Copy CSSEIX
2026-04-23 13:29:12,748 +0000Z  INFO  {CSSEII} CSSEII: Copied 0 rows.
2026-04-23 13:29:12,752 +0000Z  INFO  {CSSEIN} CSSEIN: Copied 0 rows.
2026-04-23 13:29:12,752 +0000Z  INFO  {CSSOPA} Copy CSSOPA
2026-04-23 13:29:12,757 +0000Z  INFO  {CSSEIX} CSSEIX: Copied 0 rows.
2026-04-23 13:29:12,758 +0000Z  INFO  {CSSPIN} Copy CSSPIN
2026-04-23 13:29:12,767 +0000Z  INFO  {CSSOPA} CSSOPA: Copied 0 rows.
2026-04-23 13:29:12,768 +0000Z  INFO  {CSSPIP} Copy CSSPIP
2026-04-23 13:29:12,768 +0000Z  INFO  {CSSPIN} CSSPIN: Copied 0 rows.
2026-04-23 13:29:12,773 +0000Z  INFO  {CSSPIR} Copy CSSPIR
2026-04-23 13:29:12,777 +0000Z  INFO  {CSSPIP} CSSPIP: Copied 0 rows.
2026-04-23 13:29:12,778 +0000Z  INFO  {CSSPIS} Copy CSSPIS
2026-04-23 13:29:12,781 +0000Z  INFO  {CSSPIR} CSSPIR: Copied 0 rows.
2026-04-23 13:29:12,783 +0000Z  INFO  {CSSPIT} Copy CSSPIT
2026-04-23 13:29:12,787 +0000Z  INFO  {CSSPIS} CSSPIS: Copied 0 rows.
2026-04-23 13:29:12,790 +0000Z  INFO  {CSSPIU} Copy CSSPIU
2026-04-23 13:29:12,791 +0000Z  INFO  {CSSPIT} CSSPIT: Copied 0 rows.
2026-04-23 13:29:12,794 +0000Z  INFO  {CSSPSR} Copy CSSPSR
2026-04-23 13:29:12,799 +0000Z  INFO  {CSSPUL} Copy CSSPUL
2026-04-23 13:29:12,804 +0000Z  INFO  {CSSPIU} CSSPIU: Copied 0 rows.
2026-04-23 13:29:12,804 +0000Z  INFO  {CSSPUO} Copy CSSPUO
2026-04-23 13:29:12,805 +0000Z  INFO  {CSSPSR} CSSPSR: Copied 0 rows.
2026-04-23 13:29:12,811 +0000Z  INFO  {CSSPUL} CSSPUL: Copied 0 rows.
2026-04-23 13:29:12,812 +0000Z  INFO  {CSSPUS} Copy CSSPUS
2026-04-23 13:29:12,818 +0000Z  INFO  {CSSSRP} Copy CSSSRP
2026-04-23 13:29:12,822 +0000Z  INFO  {CSSPUO} CSSPUO: Copied 0 rows.
2026-04-23 13:29:12,825 +0000Z  INFO  {CSYAUT} Copy CSYAUT
2026-04-23 13:29:12,826 +0000Z  INFO  {CSSPUS} CSSPUS: Copied 0 rows.
2026-04-23 13:29:12,828 +0000Z  INFO  {CSSSRP} CSSSRP: Copied 0 rows.
2026-04-23 13:29:12,830 +0000Z  INFO  {CSYBPR} Copy CSYBPR
2026-04-23 13:29:12,834 +0000Z  INFO  {CSYCRD} Copy CSYCRD
2026-04-23 13:29:12,841 +0000Z  INFO  {CSYCSE} Copy CSYCSE
2026-04-23 13:29:12,845 +0000Z  INFO  {CSYDEC} Copy CSYDEC
2026-04-23 13:29:12,847 +0000Z  INFO  {CSYBPR} CSYBPR: Copied 0 rows.
2026-04-23 13:29:12,848 +0000Z  INFO  {CSYCRD} CSYCRD: Copied 0 rows.
2026-04-23 13:29:12,849 +0000Z  INFO  {CSYAUT} CSYAUT: Copied 0 rows.
2026-04-23 13:29:12,858 +0000Z  INFO  {CSYCSE} CSYCSE: Copied 0 rows.
2026-04-23 13:29:12,859 +0000Z  INFO  {CSYDEC} CSYDEC: Copied 0 rows.
2026-04-23 13:29:12,861 +0000Z  INFO  {CSYDEI} Copy CSYDEI
2026-04-23 13:29:12,873 +0000Z  INFO  {CSYDHI} Copy CSYDHI
2026-04-23 13:29:12,884 +0000Z  INFO  {CSYEFR} Copy CSYEFR
2026-04-23 13:29:12,892 +0000Z  INFO  {CSYDEI} CSYDEI: Copied 0 rows.
2026-04-23 13:29:12,897 +0000Z  INFO  {CSYDHI} CSYDHI: Copied 0 rows.
2026-04-23 13:29:12,902 +0000Z  INFO  {CSYEFR} CSYEFR: Copied 0 rows.
2026-04-23 13:29:12,910 +0000Z  INFO  {CSYEIK} Copy CSYEIK
2026-04-23 13:29:12,920 +0000Z  INFO  {CSYEPR} Copy CSYEPR
2026-04-23 13:29:12,922 +0000Z  INFO  {CSYEIK} CSYEIK: Copied 0 rows.
2026-04-23 13:29:12,931 +0000Z  INFO  {CSYEVF} Copy CSYEVF
2026-04-23 13:29:12,942 +0000Z  INFO  {CSYEPR} CSYEPR: Copied 0 rows.
2026-04-23 13:29:12,943 +0000Z  INFO  {CSYEVS} Copy CSYEVS
2026-04-23 13:29:12,950 +0000Z  INFO  {CSYEVF} CSYEVF: Copied 0 rows.
2026-04-23 13:29:12,956 +0000Z  INFO  {CSYFAD} Copy CSYFAD
2026-04-23 13:29:12,957 +0000Z  INFO  {CSYEVS} CSYEVS: Copied 0 rows.
2026-04-23 13:29:12,963 +0000Z  INFO  {CSYFFR} Copy CSYFFR
2026-04-23 13:29:12,974 +0000Z  INFO  {CSYFAD} CSYFAD: Copied 0 rows.
2026-04-23 13:29:12,981 +0000Z  INFO  {CSYFFR} CSYFFR: Copied 0 rows.
2026-04-23 13:29:12,987 +0000Z  INFO  {CSYFUG} Copy CSYFUG
2026-04-23 13:29:12,998 +0000Z  INFO  {CSYFUG} CSYFUG: Copied 0 rows.
2026-04-23 13:29:13,029 +0000Z  INFO  {CSYIBO} Copy CSYIBO
2026-04-23 13:29:13,044 +0000Z  INFO  {CSYIDM} Copy CSYIDM
2026-04-23 13:29:13,058 +0000Z  INFO  {CSYIER} Copy CSYIER
2026-04-23 13:29:13,059 +0000Z  INFO  {CSYIBO} CSYIBO: Copied 0 rows.
2026-04-23 13:29:13,070 +0000Z  INFO  {CSYIFR} Copy CSYIFR
2026-04-23 13:29:13,071 +0000Z  INFO  {CSYIER} CSYIER: Copied 0 rows.
2026-04-23 13:29:13,098 +0000Z  INFO  {CSYIDM} CSYIDM: Copied 0 rows.
2026-04-23 13:29:13,121 +0000Z  INFO  {CSYIFR} CSYIFR: Copied 0 rows.
2026-04-23 13:29:13,121 +0000Z  INFO  {CSYITN} Copy CSYITN
2026-04-23 13:29:13,136 +0000Z  INFO  {CSYLOG} Copy CSYLOG
2026-04-23 13:29:13,138 +0000Z  INFO  {CSYITN} CSYITN: Copied 0 rows.
2026-04-23 13:29:13,143 +0000Z  INFO  {CSYNBF} Copy CSYNBF
2026-04-23 13:29:13,152 +0000Z  INFO  {CSYLOG} CSYLOG: Copied 0 rows.
2026-04-23 13:29:13,153 +0000Z  INFO  {CSYNBF} CSYNBF: Copied 0 rows.
2026-04-23 13:29:13,154 +0000Z  INFO  {CSYNBM} Copy CSYNBM
2026-04-23 13:29:13,175 +0000Z  INFO  {CSYNBP} Copy CSYNBP
2026-04-23 13:29:13,177 +0000Z  INFO  {CSYNBM} CSYNBM: Copied 0 rows.
2026-04-23 13:29:13,180 +0000Z  INFO  {CSYOCS} Copy CSYOCS
2026-04-23 13:29:13,191 +0000Z  INFO  {CSYOCS} CSYOCS: Copied 0 rows.
2026-04-23 13:29:13,192 +0000Z  INFO  {CSYNBP} CSYNBP: Copied 0 rows.
2026-04-23 13:29:13,192 +0000Z  INFO  {CSYPDO} Copy CSYPDO
2026-04-23 13:29:13,197 +0000Z  INFO  {CSYPDS} Copy CSYPDS
2026-04-23 13:29:13,201 +0000Z  INFO  {CSYREA} Copy CSYREA
2026-04-23 13:29:13,206 +0000Z  INFO  {CSYREC} Copy CSYREC
2026-04-23 13:29:13,210 +0000Z  INFO  {CSYPDS} CSYPDS: Copied 0 rows.
2026-04-23 13:29:13,211 +0000Z  INFO  {CSYPDO} CSYPDO: Copied 0 rows.
2026-04-23 13:29:13,214 +0000Z  INFO  {CSYREC} CSYREC: Copied 0 rows.
2026-04-23 13:29:13,215 +0000Z  INFO  {CSYREI} Copy CSYREI
2026-04-23 13:29:13,217 +0000Z  INFO  {CSYREA} CSYREA: Copied 0 rows.
2026-04-23 13:29:13,225 +0000Z  INFO  {CSYREI} CSYREI: Copied 0 rows.
2026-04-23 13:29:13,226 +0000Z  INFO  {CSYREM} Copy CSYREM
2026-04-23 13:29:13,236 +0000Z  INFO  {CSYREU} Copy CSYREU
2026-04-23 13:29:13,239 +0000Z  INFO  {CSYREM} CSYREM: Copied 0 rows.
2026-04-23 13:29:13,244 +0000Z  INFO  {CSYSCV} Copy CSYSCV
2026-04-23 13:29:13,250 +0000Z  INFO  {CSYREU} CSYREU: Copied 0 rows.
2026-04-23 13:29:13,262 +0000Z  INFO  {CSYSUB} Copy CSYSUB
2026-04-23 13:29:13,266 +0000Z  INFO  {CSYTCH} Copy CSYTCH
2026-04-23 13:29:13,267 +0000Z  INFO  {CSYSCV} CSYSCV: Copied 0 rows.
2026-04-23 13:29:13,274 +0000Z  INFO  {CSYSUB} CSYSUB: Copied 0 rows.
2026-04-23 13:29:13,280 +0000Z  INFO  {CSYTCU} Copy CSYTCU
2026-04-23 13:29:13,284 +0000Z  INFO  {CSYTGH} Copy CSYTGH
2026-04-23 13:29:13,289 +0000Z  INFO  {CSYTCU} CSYTCU: Copied 0 rows.
2026-04-23 13:29:13,291 +0000Z  INFO  {CSYTCH} CSYTCH: Copied 0 rows.
2026-04-23 13:29:13,293 +0000Z  INFO  {CSYTGH} CSYTGH: Copied 0 rows.
2026-04-23 13:29:13,297 +0000Z  INFO  {CSYTGL} Copy CSYTGL
2026-04-23 13:29:13,302 +0000Z  INFO  {CSYTXC} Copy CSYTXC
2026-04-23 13:29:13,308 +0000Z  INFO  {CSYTGL} CSYTGL: Copied 0 rows.
2026-04-23 13:29:13,309 +0000Z  INFO  {CSYTXC} CSYTXC: Copied 0 rows.
2026-04-23 13:29:13,311 +0000Z  INFO  {CSYUNL} Copy CSYUNL
2026-04-23 13:29:13,317 +0000Z  INFO  {CSYWEB} Copy CSYWEB
2026-04-23 13:29:13,320 +0000Z  INFO  {CSYUNL} CSYUNL: Copied 0 rows.
2026-04-23 13:29:13,322 +0000Z  INFO  {CTARCD} Copy CTARCD
2026-04-23 13:29:13,326 +0000Z  INFO  {CTAREQ} Copy CTAREQ
2026-04-23 13:29:13,331 +0000Z  INFO  {CSYWEB} CSYWEB: Copied 0 rows.
2026-04-23 13:29:13,332 +0000Z  INFO  {CTARCD} CTARCD: Copied 0 rows.
2026-04-23 13:29:13,332 +0000Z  INFO  {CTARGR} Copy CTARGR
2026-04-23 13:29:13,342 +0000Z  INFO  {CTAROC} Copy CTAROC
2026-04-23 13:29:13,342 +0000Z  INFO  {CTARGR} CTARGR: Copied 0 rows.
2026-04-23 13:29:13,343 +0000Z  INFO  {CTAREQ} CTAREQ: Copied 0 rows.
2026-04-23 13:29:13,353 +0000Z  INFO  {CTARSE} Copy CTARSE
2026-04-23 13:29:13,363 +0000Z  INFO  {CTAROC} CTAROC: Copied 0 rows.
2026-04-23 13:29:13,368 +0000Z  INFO  {CTARTX} Copy CTARTX
2026-04-23 13:29:13,369 +0000Z  INFO  {CTARSE} CTARSE: Copied 0 rows.
2026-04-23 13:29:13,378 +0000Z  INFO  {CTARTX} CTARTX: Copied 0 rows.
2026-04-23 13:29:13,378 +0000Z  INFO  {CTAXBH} Copy CTAXBH
2026-04-23 13:29:13,387 +0000Z  INFO  {CTAXBM} Copy CTAXBM
2026-04-23 13:29:13,397 +0000Z  INFO  {CTAXBH} CTAXBH: Copied 0 rows.
2026-04-23 13:29:13,401 +0000Z  INFO  {CTAXET} Copy CTAXET
2026-04-23 13:29:13,406 +0000Z  INFO  {CTDSCL} Copy CTDSCL
2026-04-23 13:29:13,419 +0000Z  INFO  {CTAXBM} CTAXBM: Copied 0 rows.
2026-04-23 13:29:13,426 +0000Z  INFO  {CTAXET} CTAXET: Copied 0 rows.
2026-04-23 13:29:13,433 +0000Z  INFO  {CTRFI2} Copy CTRFI2
2026-04-23 13:29:13,434 +0000Z  INFO  {CTDSCL} CTDSCL: Copied 0 rows.
2026-04-23 13:29:13,447 +0000Z  INFO  {CTRFI2} CTRFI2: Copied 0 rows.
2026-04-23 13:29:13,450 +0000Z  INFO  {CTRFL2} Copy CTRFL2
2026-04-23 13:29:13,462 +0000Z  INFO  {CTRFL2} CTRFL2: Copied 0 rows.
2026-04-23 13:29:13,463 +0000Z  INFO  {CTRMSG} Copy CTRMSG
2026-04-23 13:29:13,472 +0000Z  INFO  {CTSUPC} Copy CTSUPC
2026-04-23 13:29:13,480 +0000Z  INFO  {CTRMSG} CTRMSG: Copied 0 rows.
2026-04-23 13:29:13,481 +0000Z  INFO  {CTSUPD} Copy CTSUPD
2026-04-23 13:29:13,490 +0000Z  INFO  {CTSUPH} Copy CTSUPH
2026-04-23 13:29:13,492 +0000Z  INFO  {CTSUPC} CTSUPC: Copied 0 rows.
2026-04-23 13:29:13,502 +0000Z  INFO  {CTSUPK} Copy CTSUPK
2026-04-23 13:29:13,505 +0000Z  INFO  {CTSUPD} CTSUPD: Copied 0 rows.
2026-04-23 13:29:13,514 +0000Z  INFO  {CTSUPK} CTSUPK: Copied 0 rows.
2026-04-23 13:29:13,514 +0000Z  INFO  {CTSUPL} Copy CTSUPL
2026-04-23 13:29:13,515 +0000Z  INFO  {CTSUPH} CTSUPH: Copied 0 rows.
2026-04-23 13:29:13,520 +0000Z  INFO  {CTSUPT} Copy CTSUPT
2026-04-23 13:29:13,531 +0000Z  INFO  {CTW200} Copy CTW200
2026-04-23 13:29:13,538 +0000Z  INFO  {CTSUPL} CTSUPL: Copied 0 rows.
2026-04-23 13:29:13,538 +0000Z  INFO  {CTXTSD} Copy CTXTSD
2026-04-23 13:29:13,539 +0000Z  INFO  {CTSUPT} CTSUPT: Copied 0 rows.
2026-04-23 13:29:13,545 +0000Z  INFO  {CTW200} CTW200: Copied 0 rows.
2026-04-23 13:29:13,547 +0000Z  INFO  {CTXTSH} Copy CTXTSH
2026-04-23 13:29:13,550 +0000Z  INFO  {CTXTSD} CTXTSD: Copied 0 rows.
2026-04-23 13:29:13,555 +0000Z  INFO  {CUDFLV} Copy CUDFLV
2026-04-23 13:29:13,555 +0000Z  INFO  {CTXTSH} CTXTSH: Copied 0 rows.
2026-04-23 13:29:13,563 +0000Z  INFO  {CUDFVM} Copy CUDFVM
2026-04-23 13:29:13,564 +0000Z  INFO  {CUDFLV} CUDFLV: Copied 0 rows.
2026-04-23 13:29:13,571 +0000Z  INFO  {CUDFVM} CUDFVM: Copied 0 rows.
2026-04-23 13:29:13,573 +0000Z  INFO  {CUGEEK} Copy CUGEEK
2026-04-23 13:29:13,582 +0000Z  INFO  {CUGEEK} CUGEEK: Copied 0 rows.
2026-04-23 13:29:13,584 +0000Z  INFO  {CUGEEM} Copy CUGEEM
2026-04-23 13:29:13,590 +0000Z  INFO  {CUGEEP} Copy CUGEEP
2026-04-23 13:29:13,595 +0000Z  INFO  {CUGEEM} CUGEEM: Copied 0 rows.
2026-04-23 13:29:13,598 +0000Z  INFO  {CUGEFA} Copy CUGEFA
2026-04-23 13:29:13,600 +0000Z  INFO  {CUGEEP} CUGEEP: Copied 0 rows.
2026-04-23 13:29:13,606 +0000Z  INFO  {CUGEVM} Copy CUGEVM
2026-04-23 13:29:13,610 +0000Z  INFO  {CUGEFA} CUGEFA: Copied 0 rows.
2026-04-23 13:29:13,613 +0000Z  INFO  {CUGEX2} Copy CUGEX2
2026-04-23 13:29:13,619 +0000Z  INFO  {CUGEVM} CUGEVM: Copied 0 rows.
2026-04-23 13:29:13,621 +0000Z  INFO  {CUGEX3} Copy CUGEX3
2026-04-23 13:29:13,626 +0000Z  INFO  {CUGEX2} CUGEX2: Copied 0 rows.
2026-04-23 13:29:13,632 +0000Z  INFO  {CVATET} Copy CVATET
2026-04-23 13:29:13,632 +0000Z  INFO  {CUGEX3} CUGEX3: Copied 0 rows.
2026-04-23 13:29:13,640 +0000Z  INFO  {CVERTX} Copy CVERTX
2026-04-23 13:29:13,642 +0000Z  INFO  {CVATET} CVATET: Copied 0 rows.
2026-04-23 13:29:13,649 +0000Z  INFO  {CWFTRG} Copy CWFTRG
2026-04-23 13:29:13,650 +0000Z  INFO  {CVERTX} CVERTX: Copied 0 rows.
2026-04-23 13:29:13,658 +0000Z  INFO  {CWKFLK} Copy CWKFLK
2026-04-23 13:29:13,662 +0000Z  INFO  {CWFTRG} CWFTRG: Copied 0 rows.
2026-04-23 13:29:13,672 +0000Z  INFO  {CXCCST} Copy CXCCST
2026-04-23 13:29:13,679 +0000Z  INFO  {CXNAIN} Copy CXNAIN
2026-04-23 13:29:13,688 +0000Z  INFO  {CXCCST} CXCCST: Copied 0 rows.
2026-04-23 13:29:13,689 +0000Z  INFO  {CXNAIN} CXNAIN: Copied 0 rows.
2026-04-23 13:29:13,689 +0000Z  INFO  {DCARRT} Copy DCARRT
2026-04-23 13:29:13,689 +0000Z  INFO  {CWKFLK} CWKFLK: Copied 0 rows.
2026-04-23 13:29:13,700 +0000Z  INFO  {DCMRHE} Copy DCMRHE
2026-04-23 13:29:13,701 +0000Z  INFO  {DCARRT} DCARRT: Copied 0 rows.
2026-04-23 13:29:13,705 +0000Z  INFO  {DCRESC} Copy DCRESC
2026-04-23 13:29:13,716 +0000Z  INFO  {DCMRHE} DCMRHE: Copied 0 rows.
2026-04-23 13:29:13,717 +0000Z  INFO  {DCRESS} Copy DCRESS
2026-04-23 13:29:13,724 +0000Z  INFO  {DDR672} Copy DDR672
2026-04-23 13:29:13,725 +0000Z  INFO  {DCRESC} DCRESC: Copied 0 rows.
2026-04-23 13:29:13,726 +0000Z  INFO  {DCRESS} DCRESS: Copied 0 rows.
2026-04-23 13:29:13,729 +0000Z  INFO  {DDR676} Copy DDR676
2026-04-23 13:29:13,734 +0000Z  INFO  {DDR681} Copy DDR681
2026-04-23 13:29:13,740 +0000Z  INFO  {DDR672} DDR672: Copied 0 rows.
2026-04-23 13:29:13,743 +0000Z  INFO  {DDR681} DDR681: Copied 0 rows.
2026-04-23 13:29:13,748 +0000Z  INFO  {DDRPCO} Copy DDRPCO
2026-04-23 13:29:13,752 +0000Z  INFO  {DDRPDE} Copy DDRPDE
2026-04-23 13:29:13,757 +0000Z  INFO  {DDRPRR} Copy DDRPRR
2026-04-23 13:29:13,758 +0000Z  INFO  {DDR676} DDR676: Copied 0 rows.
2026-04-23 13:29:13,759 +0000Z  INFO  {DDRPCO} DDRPCO: Copied 0 rows.
2026-04-23 13:29:13,764 +0000Z  INFO  {DELINS} Copy DELINS
2026-04-23 13:29:13,764 +0000Z  INFO  {DDRPDE} DDRPDE: Copied 0 rows.
2026-04-23 13:29:13,765 +0000Z  INFO  {DDRPRR} DDRPRR: Copied 0 rows.
2026-04-23 13:29:13,782 +0000Z  INFO  {DESADV} Copy DESADV
2026-04-23 13:29:13,790 +0000Z  INFO  {DEURHE} Copy DEURHE
2026-04-23 13:29:13,793 +0000Z  INFO  {DELINS} DELINS: Copied 0 rows.
2026-04-23 13:29:13,797 +0000Z  INFO  {DEURLI} Copy DEURLI
2026-04-23 13:29:13,797 +0000Z  INFO  {DESADV} DESADV: Copied 0 rows.
2026-04-23 13:29:13,801 +0000Z  INFO  {DEURHE} DEURHE: Copied 0 rows.
2026-04-23 13:29:13,803 +0000Z  INFO  {DLIDEX} Copy DLIDEX
2026-04-23 13:29:13,807 +0000Z  INFO  {DPACKH} Copy DPACKH
2026-04-23 13:29:13,813 +0000Z  INFO  {DLIDEX} DLIDEX: Copied 0 rows.
2026-04-23 13:29:13,814 +0000Z  INFO  {DRADTR} Copy DRADTR
2026-04-23 13:29:13,815 +0000Z  INFO  {DEURLI} DEURLI: Copied 0 rows.
2026-04-23 13:29:13,821 +0000Z  INFO  {DRD901} Copy DRD901
2026-04-23 13:29:13,825 +0000Z  INFO  {DRADTR} DRADTR: Copied 0 rows.
2026-04-23 13:29:13,827 +0000Z  INFO  {DRFORL} Copy DRFORL
2026-04-23 13:29:13,830 +0000Z  INFO  {DPACKH} DPACKH: Copied 0 rows.
2026-04-23 13:29:13,834 +0000Z  INFO  {DRD901} DRD901: Copied 0 rows.
2026-04-23 13:29:13,835 +0000Z  INFO  {DRFRRL} Copy DRFRRL
2026-04-23 13:29:13,835 +0000Z  INFO  {DRFORL} DRFORL: Copied 0 rows.
2026-04-23 13:29:13,841 +0000Z  INFO  {DRPDCL} Copy DRPDCL
2026-04-23 13:29:13,845 +0000Z  INFO  {DRFRRL} DRFRRL: Copied 0 rows.
2026-04-23 13:29:13,846 +0000Z  INFO  {DRROPR} Copy DRROPR
2026-04-23 13:29:13,853 +0000Z  INFO  {DRSPAC} Copy DRSPAC
2026-04-23 13:29:13,854 +0000Z  INFO  {DRPDCL} DRPDCL: Copied 0 rows.
2026-04-23 13:29:13,859 +0000Z  INFO  {DRROPR} DRROPR: Copied 0 rows.
2026-04-23 13:29:13,859 +0000Z  INFO  {DRTIFI} Copy DRTIFI
2026-04-23 13:29:13,868 +0000Z  INFO  {DRSPAC} DRSPAC: Copied 0 rows.
2026-04-23 13:29:13,869 +0000Z  INFO  {DRTRCN} Copy DRTRCN
2026-04-23 13:29:13,877 +0000Z  INFO  {DRTIFI} DRTIFI: Copied 0 rows.
2026-04-23 13:29:13,881 +0000Z  INFO  {DSCMRH} Copy DSCMRH
2026-04-23 13:29:13,883 +0000Z  INFO  {DRTRCN} DRTRCN: Copied 0 rows.
2026-04-23 13:29:13,886 +0000Z  INFO  {DSCMRL} Copy DSCMRL
2026-04-23 13:29:13,897 +0000Z  INFO  {DSCMRL} DSCMRL: Copied 0 rows.
2026-04-23 13:29:13,898 +0000Z  INFO  {DSCMRH} DSCMRH: Copied 0 rows.
2026-04-23 13:29:13,905 +0000Z  INFO  {DUDHEA} Copy DUDHEA
2026-04-23 13:29:13,917 +0000Z  INFO  {DUDLIN} Copy DUDLIN
2026-04-23 13:29:13,921 +0000Z  INFO  {DWFCCC} Copy DWFCCC
2026-04-23 13:29:13,932 +0000Z  INFO  {EAADDR} Copy EAADDR
2026-04-23 13:29:13,933 +0000Z  INFO  {DUDHEA} DUDHEA: Copied 0 rows.
2026-04-23 13:29:13,936 +0000Z  INFO  {DUDLIN} DUDLIN: Copied 0 rows.
2026-04-23 13:29:13,938 +0000Z  INFO  {DWFCCC} DWFCCC: Copied 0 rows.
2026-04-23 13:29:13,940 +0000Z  INFO  {EDITMX} Copy EDITMX
2026-04-23 13:29:13,948 +0000Z  INFO  {EAADDR} EAADDR: Copied 0 rows.
2026-04-23 13:29:13,952 +0000Z  INFO  {EDITMX} EDITMX: Copied 0 rows.
2026-04-23 13:29:13,957 +0000Z  INFO  {EDU001} Copy EDU001
2026-04-23 13:29:13,964 +0000Z  INFO  {EDURM1} Copy EDURM1
2026-04-23 13:29:13,971 +0000Z  INFO  {EDURM2} Copy EDURM2
2026-04-23 13:29:13,975 +0000Z  INFO  {EDU001} EDU001: Copied 0 rows.
2026-04-23 13:29:13,980 +0000Z  INFO  {EDUTOO} Copy EDUTOO
2026-04-23 13:29:13,982 +0000Z  INFO  {EDURM1} EDURM1: Copied 0 rows.
2026-04-23 13:29:13,985 +0000Z  INFO  {EDURM2} EDURM2: Copied 0 rows.
2026-04-23 13:29:13,991 +0000Z  INFO  {EEV100} Copy EEV100
2026-04-23 13:29:13,991 +0000Z  INFO  {EDUTOO} EDUTOO: Copied 0 rows.
2026-04-23 13:29:13,998 +0000Z  INFO  {EIMLOG} Copy EIMLOG
2026-04-23 13:29:13,999 +0000Z  INFO  {EEV100} EEV100: Copied 0 rows.
2026-04-23 13:29:14,021 +0000Z  INFO  {FAAAC1} Copy FAAAC1
2026-04-23 13:29:14,036 +0000Z  INFO  {EIMLOG} EIMLOG: Copied 0 rows.
2026-04-23 13:29:14,043 +0000Z  INFO  {FAACCB} Copy FAACCB
2026-04-23 13:29:14,054 +0000Z  INFO  {FAAAC1} FAAAC1: Copied 0 rows.
2026-04-23 13:29:14,064 +0000Z  INFO  {FAACCH} Copy FAACCH
2026-04-23 13:29:14,081 +0000Z  INFO  {FAALOB} Copy FAALOB
2026-04-23 13:29:14,082 +0000Z  INFO  {FAACCB} FAACCB: Copied 0 rows.
2026-04-23 13:29:14,091 +0000Z  INFO  {FAACCH} FAACCH: Copied 0 rows.
2026-04-23 13:29:14,096 +0000Z  INFO  {FAB180} Copy FAB180
2026-04-23 13:29:14,102 +0000Z  INFO  {FAALOB} FAALOB: Copied 0 rows.
2026-04-23 13:29:14,104 +0000Z  INFO  {FAB18B} Copy FAB18B
2026-04-23 13:29:14,125 +0000Z  INFO  {FAB180} FAB180: Copied 0 rows.
2026-04-23 13:29:14,125 +0000Z  INFO  {FAB18B} FAB18B: Copied 0 rows.
2026-04-23 13:29:14,128 +0000Z  INFO  {FABDET} Copy FABDET
2026-04-23 13:29:14,132 +0000Z  INFO  {FABERR} Copy FABERR
2026-04-23 13:29:14,144 +0000Z  INFO  {FABERR} FABERR: Copied 0 rows.
2026-04-23 13:29:14,145 +0000Z  INFO  {FABHED} Copy FABHED
2026-04-23 13:29:14,151 +0000Z  INFO  {FABLIN} Copy FABLIN
2026-04-23 13:29:14,156 +0000Z  INFO  {FABDET} FABDET: Copied 0 rows.
2026-04-23 13:29:14,163 +0000Z  INFO  {FABLIX} Copy FABLIX
2026-04-23 13:29:14,177 +0000Z  INFO  {FABLIX} FABLIX: Copied 0 rows.
2026-04-23 13:29:14,179 +0000Z  INFO  {FABHED} FABHED: Copied 0 rows.
2026-04-23 13:29:14,188 +0000Z  INFO  {FABLOG} Copy FABLOG
2026-04-23 13:29:14,188 +0000Z  INFO  {FABLIN} FABLIN: Copied 0 rows.
2026-04-23 13:29:14,193 +0000Z  INFO  {FACCES} Copy FACCES
2026-04-23 13:29:14,200 +0000Z  INFO  {FABLOG} FABLOG: Copied 0 rows.
2026-04-23 13:29:14,204 +0000Z  INFO  {FACGRC} Copy FACGRC
2026-04-23 13:29:14,209 +0000Z  INFO  {FACCES} FACCES: Copied 0 rows.
2026-04-23 13:29:14,212 +0000Z  INFO  {FACGRP} Copy FACGRP
2026-04-23 13:29:14,228 +0000Z  INFO  {FADVI1} Copy FADVI1
2026-04-23 13:29:14,237 +0000Z  INFO  {FACGRC} FACGRC: Copied 0 rows.
2026-04-23 13:29:14,238 +0000Z  INFO  {FACGRP} FACGRP: Copied 0 rows.
2026-04-23 13:29:14,250 +0000Z  INFO  {FADVI2} Copy FADVI2
2026-04-23 13:29:14,255 +0000Z  INFO  {FADVI1} FADVI1: Copied 0 rows.
2026-04-23 13:29:14,257 +0000Z  INFO  {FADVI3} Copy FADVI3
2026-04-23 13:29:14,262 +0000Z  INFO  {FANDE1} Copy FANDE1
2026-04-23 13:29:14,276 +0000Z  INFO  {FANDE1} FANDE1: Copied 0 rows.
2026-04-23 13:29:14,277 +0000Z  INFO  {FADVI2} FADVI2: Copied 0 rows.
2026-04-23 13:29:14,280 +0000Z  INFO  {FANDET} Copy FANDET
2026-04-23 13:29:14,285 +0000Z  INFO  {FANHEA} Copy FANHEA
2026-04-23 13:29:14,286 +0000Z  INFO  {FADVI3} FADVI3: Copied 0 rows.
2026-04-23 13:29:14,289 +0000Z  INFO  {FANLI1} Copy FANLI1
2026-04-23 13:29:14,296 +0000Z  INFO  {FANHEA} FANHEA: Copied 0 rows.
2026-04-23 13:29:14,297 +0000Z  INFO  {FANDET} FANDET: Copied 0 rows.
2026-04-23 13:29:14,299 +0000Z  INFO  {FANLI3} Copy FANLI3
2026-04-23 13:29:14,301 +0000Z  INFO  {FANLI1} FANLI1: Copied 0 rows.
2026-04-23 13:29:14,309 +0000Z  INFO  {FANRVD} Copy FANRVD
2026-04-23 13:29:14,316 +0000Z  INFO  {FANLI3} FANLI3: Copied 0 rows.
2026-04-23 13:29:14,319 +0000Z  INFO  {FANSUG} Copy FANSUG
2026-04-23 13:29:14,320 +0000Z  INFO  {FANRVD} FANRVD: Copied 0 rows.
2026-04-23 13:29:14,326 +0000Z  INFO  {FAP040} Copy FAP040
2026-04-23 13:29:14,331 +0000Z  INFO  {FAP04X} Copy FAP04X
2026-04-23 13:29:14,336 +0000Z  INFO  {FAP091} Copy FAP091
2026-04-23 13:29:14,350 +0000Z  INFO  {FAP10K} Copy FAP10K
2026-04-23 13:29:14,358 +0000Z  INFO  {FANSUG} FANSUG: Copied 0 rows.
2026-04-23 13:29:14,359 +0000Z  INFO  {FAP04X} FAP04X: Copied 0 rows.
2026-04-23 13:29:14,362 +0000Z  INFO  {FAP091} FAP091: Copied 0 rows.
2026-04-23 13:29:14,366 +0000Z  INFO  {FAP112} Copy FAP112
2026-04-23 13:29:14,370 +0000Z  INFO  {FAP040} FAP040: Copied 0 rows.
2026-04-23 13:29:14,373 +0000Z  INFO  {FAP10K} FAP10K: Copied 0 rows.
2026-04-23 13:29:14,380 +0000Z  INFO  {FAP112} FAP112: Copied 0 rows.
2026-04-23 13:29:14,381 +0000Z  INFO  {FAP117} Copy FAP117
2026-04-23 13:29:14,390 +0000Z  INFO  {FAP127} Copy FAP127
2026-04-23 13:29:14,400 +0000Z  INFO  {FAP131} Copy FAP131
2026-04-23 13:29:14,404 +0000Z  INFO  {FAP117} FAP117: Copied 0 rows.
2026-04-23 13:29:14,406 +0000Z  INFO  {FAP127} FAP127: Copied 0 rows.
2026-04-23 13:29:14,410 +0000Z  INFO  {FAP132} Copy FAP132
2026-04-23 13:29:14,418 +0000Z  INFO  {FAP133} Copy FAP133
2026-04-23 13:29:14,436 +0000Z  INFO  {FAP132} FAP132: Copied 0 rows.
2026-04-23 13:29:14,437 +0000Z  INFO  {FAP134} Copy FAP134
2026-04-23 13:29:14,438 +0000Z  INFO  {FAP131} FAP131: Copied 0 rows.
2026-04-23 13:29:14,439 +0000Z  INFO  {FAP133} FAP133: Copied 0 rows.
2026-04-23 13:29:14,448 +0000Z  INFO  {FAP141} Copy FAP141
2026-04-23 13:29:14,453 +0000Z  INFO  {FAP151} Copy FAP151
2026-04-23 13:29:14,461 +0000Z  INFO  {FAP161} Copy FAP161
2026-04-23 13:29:14,463 +0000Z  INFO  {FAP134} FAP134: Copied 0 rows.
2026-04-23 13:29:14,469 +0000Z  INFO  {FAP151} FAP151: Copied 0 rows.
2026-04-23 13:29:14,469 +0000Z  INFO  {FAP202} Copy FAP202
2026-04-23 13:29:14,476 +0000Z  INFO  {FAP161} FAP161: Copied 0 rows.
2026-04-23 13:29:14,478 +0000Z  INFO  {FAP290} Copy FAP290
2026-04-23 13:29:14,479 +0000Z  INFO  {FAP141} FAP141: Copied 0 rows.
2026-04-23 13:29:14,489 +0000Z  INFO  {FAP202} FAP202: Copied 0 rows.
2026-04-23 13:29:14,490 +0000Z  INFO  {FAP290} FAP290: Copied 0 rows.
2026-04-23 13:29:14,491 +0000Z  INFO  {FAP305} Copy FAP305
2026-04-23 13:29:14,496 +0000Z  INFO  {FAP306} Copy FAP306
2026-04-23 13:29:14,513 +0000Z  INFO  {FAP360} Copy FAP360
2026-04-23 13:29:14,514 +0000Z  INFO  {FAP306} FAP306: Copied 0 rows.
2026-04-23 13:29:14,515 +0000Z  INFO  {FAP305} FAP305: Copied 0 rows.
2026-04-23 13:29:14,523 +0000Z  INFO  {FAP428} Copy FAP428
2026-04-23 13:29:14,529 +0000Z  INFO  {FAP360} FAP360: Copied 0 rows.
2026-04-23 13:29:14,534 +0000Z  INFO  {FAP501} Copy FAP501
2026-04-23 13:29:14,544 +0000Z  INFO  {FAP428} FAP428: Copied 0 rows.
2026-04-23 13:29:14,550 +0000Z  INFO  {FAP502} Copy FAP502
2026-04-23 13:29:14,556 +0000Z  INFO  {FAP501} FAP501: Copied 0 rows.
2026-04-23 13:29:14,573 +0000Z  INFO  {FAP502} FAP502: Copied 0 rows.
2026-04-23 13:29:14,573 +0000Z  INFO  {FAP504} Copy FAP504
2026-04-23 13:29:14,579 +0000Z  INFO  {FAP516} Copy FAP516
2026-04-23 13:29:14,594 +0000Z  INFO  {FAP51A} Copy FAP51A
2026-04-23 13:29:14,601 +0000Z  INFO  {FAP516} FAP516: Copied 0 rows.
2026-04-23 13:29:14,602 +0000Z  INFO  {FAP545} Copy FAP545
2026-04-23 13:29:14,607 +0000Z  INFO  {FAP504} FAP504: Copied 0 rows.
2026-04-23 13:29:14,607 +0000Z  INFO  {FAP556} Copy FAP556
2026-04-23 13:29:14,608 +0000Z  INFO  {FAP51A} FAP51A: Copied 0 rows.
2026-04-23 13:29:14,611 +0000Z  INFO  {FAP586} Copy FAP586
2026-04-23 13:29:14,617 +0000Z  INFO  {FAP556} FAP556: Copied 0 rows.
2026-04-23 13:29:14,618 +0000Z  INFO  {FAP591} Copy FAP591
2026-04-23 13:29:14,620 +0000Z  INFO  {FAP545} FAP545: Copied 0 rows.
2026-04-23 13:29:14,621 +0000Z  INFO  {FAP586} FAP586: Copied 0 rows.
2026-04-23 13:29:14,623 +0000Z  INFO  {FAP606} Copy FAP606
2026-04-23 13:29:14,628 +0000Z  INFO  {FAP611} Copy FAP611
2026-04-23 13:29:14,633 +0000Z  INFO  {FAP606} FAP606: Copied 0 rows.
2026-04-23 13:29:14,634 +0000Z  INFO  {FAP612} Copy FAP612
2026-04-23 13:29:14,643 +0000Z  INFO  {FAP591} FAP591: Copied 0 rows.
2026-04-23 13:29:14,647 +0000Z  INFO  {FAP999} Copy FAP999
2026-04-23 13:29:14,655 +0000Z  INFO  {FAP611} FAP611: Copied 0 rows.
2026-04-23 13:29:14,655 +0000Z  INFO  {FAPAUV} Copy FAPAUV
2026-04-23 13:29:14,656 +0000Z  INFO  {FAP612} FAP612: Copied 0 rows.
2026-04-23 13:29:14,661 +0000Z  INFO  {FAP999} FAP999: Copied 0 rows.
2026-04-23 13:29:14,661 +0000Z  INFO  {FAPBIA} Copy FAPBIA
2026-04-23 13:29:14,668 +0000Z  INFO  {FAPAUV} FAPAUV: Copied 0 rows.
2026-04-23 13:29:14,670 +0000Z  INFO  {FAPBIH} Copy FAPBIH
2026-04-23 13:29:14,677 +0000Z  INFO  {FAPBIL} Copy FAPBIL
2026-04-23 13:29:14,681 +0000Z  INFO  {FAPBIA} FAPBIA: Copied 0 rows.
2026-04-23 13:29:14,686 +0000Z  INFO  {FAPBKQ} Copy FAPBKQ
2026-04-23 13:29:14,695 +0000Z  INFO  {FAPCCD} Copy FAPCCD
2026-04-23 13:29:14,699 +0000Z  INFO  {FAPBKQ} FAPBKQ: Copied 0 rows.
2026-04-23 13:29:14,701 +0000Z  INFO  {FAPBIL} FAPBIL: Copied 0 rows.
2026-04-23 13:29:14,702 +0000Z  INFO  {FAPCCH} Copy FAPCCH
2026-04-23 13:29:14,702 +0000Z  INFO  {FAPBIH} FAPBIH: Copied 0 rows.
2026-04-23 13:29:14,706 +0000Z  INFO  {FAPCCD} FAPCCD: Copied 0 rows.
2026-04-23 13:29:14,712 +0000Z  INFO  {FAPDAC} Copy FAPDAC
2026-04-23 13:29:14,715 +0000Z  INFO  {FAPCCH} FAPCCH: Copied 0 rows.
2026-04-23 13:29:14,718 +0000Z  INFO  {FAPDAG} Copy FAPDAG
2026-04-23 13:29:14,722 +0000Z  INFO  {FAPDAC} FAPDAC: Copied 0 rows.
2026-04-23 13:29:14,723 +0000Z  INFO  {FAPDAL} Copy FAPDAL
2026-04-23 13:29:14,728 +0000Z  INFO  {FAPDAT} Copy FAPDAT
2026-04-23 13:29:14,729 +0000Z  INFO  {FAPDAG} FAPDAG: Copied 0 rows.
2026-04-23 13:29:14,732 +0000Z  INFO  {FAPDCM} Copy FAPDCM
2026-04-23 13:29:14,734 +0000Z  INFO  {FAPDAL} FAPDAL: Copied 0 rows.
2026-04-23 13:29:14,743 +0000Z  INFO  {FAPDAT} FAPDAT: Copied 0 rows.
2026-04-23 13:29:14,744 +0000Z  INFO  {FAPDRF} Copy FAPDRF
2026-04-23 13:29:14,744 +0000Z  INFO  {FAPDCM} FAPDCM: Copied 0 rows.
2026-04-23 13:29:14,755 +0000Z  INFO  {FAPDRF} FAPDRF: Copied 0 rows.
2026-04-23 13:29:14,759 +0000Z  INFO  {FAPIBA} Copy FAPIBA
2026-04-23 13:29:14,767 +0000Z  INFO  {FAPIBA} FAPIBA: Copied 0 rows.
2026-04-23 13:29:14,771 +0000Z  INFO  {FAPIBR} Copy FAPIBR
2026-04-23 13:29:14,779 +0000Z  INFO  {FAPPBS} Copy FAPPBS
2026-04-23 13:29:14,783 +0000Z  INFO  {FAPPER} Copy FAPPER
2026-04-23 13:29:14,793 +0000Z  INFO  {FAPIBR} FAPIBR: Copied 0 rows.
2026-04-23 13:29:14,803 +0000Z  INFO  {FAPPTL} Copy FAPPTL
2026-04-23 13:29:14,807 +0000Z  INFO  {FAPPER} FAPPER: Copied 0 rows.
2026-04-23 13:29:14,811 +0000Z  INFO  {FAPPBS} FAPPBS: Copied 0 rows.
2026-04-23 13:29:14,815 +0000Z  INFO  {FAPPYM} Copy FAPPYM
2026-04-23 13:29:14,820 +0000Z  INFO  {FAPPTL} FAPPTL: Copied 0 rows.
2026-04-23 13:29:14,824 +0000Z  INFO  {FAPREC} Copy FAPREC
2026-04-23 13:29:14,825 +0000Z  INFO  {FAPPYM} FAPPYM: Copied 0 rows.
2026-04-23 13:29:14,833 +0000Z  INFO  {FAPREC} FAPREC: Copied 0 rows.
2026-04-23 13:29:14,833 +0000Z  INFO  {FAPREL} Copy FAPREL
2026-04-23 13:29:14,840 +0000Z  INFO  {FAPRET} Copy FAPRET
2026-04-23 13:29:14,843 +0000Z  INFO  {FAPREL} FAPREL: Copied 0 rows.
2026-04-23 13:29:14,847 +0000Z  INFO  {FAPRET} FAPRET: Copied 0 rows.
2026-04-23 13:29:14,857 +0000Z  INFO  {FAPSED} Copy FAPSED
2026-04-23 13:29:14,873 +0000Z  INFO  {FAPSPD} Copy FAPSPD
2026-04-23 13:29:14,873 +0000Z  INFO  {FAPSED} FAPSED: Copied 0 rows.
2026-04-23 13:29:14,879 +0000Z  INFO  {FAPSPH} Copy FAPSPH
2026-04-23 13:29:14,909 +0000Z  INFO  {FAPSSE} Copy FAPSSE
2026-04-23 13:29:14,910 +0000Z  INFO  {FAPSPD} FAPSPD: Copied 0 rows.
2026-04-23 13:29:14,915 +0000Z  INFO  {FAPSSH} Copy FAPSSH
2026-04-23 13:29:14,916 +0000Z  INFO  {FAPSPH} FAPSPH: Copied 0 rows.
2026-04-23 13:29:14,917 +0000Z  INFO  {FAPSSE} FAPSSE: Copied 0 rows.
2026-04-23 13:29:14,919 +0000Z  INFO  {FAPSSI} Copy FAPSSI
2026-04-23 13:29:14,924 +0000Z  INFO  {FAPSSH} FAPSSH: Copied 0 rows.
2026-04-23 13:29:14,928 +0000Z  INFO  {FAPSSL} Copy FAPSSL
2026-04-23 13:29:14,932 +0000Z  INFO  {FAPSSP} Copy FAPSSP
2026-04-23 13:29:14,933 +0000Z  INFO  {FAPSSI} FAPSSI: Copied 0 rows.
2026-04-23 13:29:14,937 +0000Z  INFO  {FAPSSL} FAPSSL: Copied 0 rows.
2026-04-23 13:29:14,940 +0000Z  INFO  {FAPSSP} FAPSSP: Copied 0 rows.
2026-04-23 13:29:14,941 +0000Z  INFO  {FAPWH1} Copy FAPWH1
2026-04-23 13:29:14,946 +0000Z  INFO  {FAPWHE} Copy FAPWHE
2026-04-23 13:29:14,950 +0000Z  INFO  {FAPWHP} Copy FAPWHP
2026-04-23 13:29:14,953 +0000Z  INFO  {FAPWH1} FAPWH1: Copied 0 rows.
2026-04-23 13:29:14,962 +0000Z  INFO  {FAPWHT} Copy FAPWHT
2026-04-23 13:29:14,964 +0000Z  INFO  {FAPWHE} FAPWHE: Copied 0 rows.
2026-04-23 13:29:14,968 +0000Z  INFO  {FAPWHP} FAPWHP: Copied 0 rows.
2026-04-23 13:29:14,970 +0000Z  INFO  {FAR106} Copy FAR106
2026-04-23 13:29:14,975 +0000Z  INFO  {FAPWHT} FAPWHT: Copied 0 rows.
2026-04-23 13:29:14,976 +0000Z  INFO  {FAR117} Copy FAR117
2026-04-23 13:29:14,981 +0000Z  INFO  {FAR121} Copy FAR121
2026-04-23 13:29:14,984 +0000Z  INFO  {FAR117} FAR117: Copied 0 rows.
2026-04-23 13:29:14,985 +0000Z  INFO  {FAR131} Copy FAR131
2026-04-23 13:29:14,992 +0000Z  INFO  {FAR202} Copy FAR202
2026-04-23 13:29:14,996 +0000Z  INFO  {FAR106} FAR106: Copied 0 rows.
2026-04-23 13:29:14,997 +0000Z  INFO  {FAR203} Copy FAR203
2026-04-23 13:29:15,001 +0000Z  INFO  {FAR131} FAR131: Copied 0 rows.
2026-04-23 13:29:15,002 +0000Z  INFO  {FAR322} Copy FAR322
2026-04-23 13:29:15,011 +0000Z  INFO  {FAR121} FAR121: Copied 0 rows.
2026-04-23 13:29:15,025 +0000Z  INFO  {FAR400} Copy FAR400
2026-04-23 13:29:15,026 +0000Z  INFO  {FAR202} FAR202: Copied 0 rows.
2026-04-23 13:29:15,035 +0000Z  INFO  {FAR410} Copy FAR410
2026-04-23 13:29:15,043 +0000Z  INFO  {FAR203} FAR203: Copied 0 rows.
2026-04-23 13:29:15,045 +0000Z  INFO  {FAR322} FAR322: Copied 0 rows.
2026-04-23 13:29:15,061 +0000Z  INFO  {FAR501} Copy FAR501
2026-04-23 13:29:15,070 +0000Z  INFO  {FAR400} FAR400: Copied 0 rows.
2026-04-23 13:29:15,074 +0000Z  INFO  {FAR501} FAR501: Copied 0 rows.
2026-04-23 13:29:15,087 +0000Z  INFO  {FAR410} FAR410: Copied 0 rows.
2026-04-23 13:29:15,165 +0000Z  INFO  {FAR504} Copy FAR504
2026-04-23 13:29:15,169 +0000Z  INFO  {FAR516} Copy FAR516
2026-04-23 13:29:15,173 +0000Z  INFO  {FAR51S} Copy FAR51S
2026-04-23 13:29:15,178 +0000Z  INFO  {FAR521} Copy FAR521
2026-04-23 13:29:15,183 +0000Z  INFO  {FAR545} Copy FAR545
2026-04-23 13:29:15,187 +0000Z  INFO  {FAR521} FAR521: Copied 0 rows.
2026-04-23 13:29:15,193 +0000Z  INFO  {FAR51S} FAR51S: Copied 0 rows.
2026-04-23 13:29:15,199 +0000Z  INFO  {FAR516} FAR516: Copied 0 rows.
2026-04-23 13:29:15,200 +0000Z  INFO  {FAR591} Copy FAR591
2026-04-23 13:29:15,200 +0000Z  INFO  {FAR545} FAR545: Copied 0 rows.
2026-04-23 13:29:15,224 +0000Z  INFO  {FAR606} Copy FAR606
2026-04-23 13:29:15,228 +0000Z  INFO  {FAR591} FAR591: Copied 0 rows.
2026-04-23 13:29:15,230 +0000Z  INFO  {FAR611} Copy FAR611
2026-04-23 13:29:15,235 +0000Z  INFO  {FAR612} Copy FAR612
2026-04-23 13:29:15,239 +0000Z  INFO  {FAR999} Copy FAR999
2026-04-23 13:29:15,241 +0000Z  INFO  {FAR606} FAR606: Copied 0 rows.
2026-04-23 13:29:15,244 +0000Z  INFO  {FARBKQ} Copy FARBKQ
2026-04-23 13:29:15,255 +0000Z  INFO  {FAR999} FAR999: Copied 0 rows.
2026-04-23 13:29:15,255 +0000Z  INFO  {FARBPB} Copy FARBPB
2026-04-23 13:29:15,259 +0000Z  INFO  {FAR611} FAR611: Copied 0 rows.
2026-04-23 13:29:15,263 +0000Z  INFO  {FAR612} FAR612: Copied 0 rows.
2026-04-23 13:29:15,263 +0000Z  INFO  {FARBPC} Copy FARBPC
2026-04-23 13:29:15,264 +0000Z  INFO  {FARBKQ} FARBKQ: Copied 0 rows.
2026-04-23 13:29:15,269 +0000Z  INFO  {FARBPB} FARBPB: Copied 0 rows.
2026-04-23 13:29:15,271 +0000Z  INFO  {FARBPI} Copy FARBPI
2026-04-23 13:29:15,281 +0000Z  INFO  {FARBPC} FARBPC: Copied 0 rows.
2026-04-23 13:29:15,284 +0000Z  INFO  {FARBPI} FARBPI: Copied 0 rows.
2026-04-23 13:29:15,285 +0000Z  INFO  {FARBPT} Copy FARBPT
2026-04-23 13:29:15,290 +0000Z  INFO  {FAR504} FAR504: Copied 0 rows.
2026-04-23 13:29:15,297 +0000Z  INFO  {FARBPT} FARBPT: Copied 0 rows.
2026-04-23 13:29:15,297 +0000Z  INFO  {FARCOD} Copy FARCOD
2026-04-23 13:29:15,304 +0000Z  INFO  {FARCOH} Copy FARCOH
2026-04-23 13:29:15,309 +0000Z  INFO  {FARCOD} FARCOD: Copied 0 rows.
2026-04-23 13:29:15,309 +0000Z  INFO  {FARCOI} Copy FARCOI
2026-04-23 13:29:15,317 +0000Z  INFO  {FARDAD} Copy FARDAD
2026-04-23 13:29:15,318 +0000Z  INFO  {FARCOH} FARCOH: Copied 0 rows.
2026-04-23 13:29:15,324 +0000Z  INFO  {FARCOI} FARCOI: Copied 0 rows.
2026-04-23 13:29:15,326 +0000Z  INFO  {FARDAH} Copy FARDAH
2026-04-23 13:29:15,330 +0000Z  INFO  {FARDAD} FARDAD: Copied 0 rows.
2026-04-23 13:29:15,331 +0000Z  INFO  {FARDAI} Copy FARDAI
2026-04-23 13:29:15,335 +0000Z  INFO  {FARDDP} Copy FARDDP
2026-04-23 13:29:15,337 +0000Z  INFO  {FARDAH} FARDAH: Copied 0 rows.
2026-04-23 13:29:15,339 +0000Z  INFO  {FARDAI} FARDAI: Copied 0 rows.
2026-04-23 13:29:15,340 +0000Z  INFO  {FARDDR} Copy FARDDR
2026-04-23 13:29:15,346 +0000Z  INFO  {FARDDT} Copy FARDDT
2026-04-23 13:29:15,346 +0000Z  INFO  {FARDDP} FARDDP: Copied 0 rows.
2026-04-23 13:29:15,353 +0000Z  INFO  {FARDDR} FARDDR: Copied 0 rows.
2026-04-23 13:29:15,354 +0000Z  INFO  {FARHED} Copy FARHED
2026-04-23 13:29:15,356 +0000Z  INFO  {FARDDT} FARDDT: Copied 0 rows.
2026-04-23 13:29:15,360 +0000Z  INFO  {FARIID} Copy FARIID
2026-04-23 13:29:15,364 +0000Z  INFO  {FARIIH} Copy FARIIH
2026-04-23 13:29:15,371 +0000Z  INFO  {FARIII} Copy FARIII
2026-04-23 13:29:15,375 +0000Z  INFO  {FARHED} FARHED: Copied 0 rows.
2026-04-23 13:29:15,377 +0000Z  INFO  {FARIIH} FARIIH: Copied 0 rows.
2026-04-23 13:29:15,379 +0000Z  INFO  {FARIIV} Copy FARIIV
2026-04-23 13:29:15,379 +0000Z  INFO  {FARIII} FARIII: Copied 0 rows.
2026-04-23 13:29:15,384 +0000Z  INFO  {FARINT} Copy FARINT
2026-04-23 13:29:15,389 +0000Z  INFO  {FARIIV} FARIIV: Copied 0 rows.
2026-04-23 13:29:15,390 +0000Z  INFO  {FARIRT} Copy FARIRT
2026-04-23 13:29:15,393 +0000Z  INFO  {FARINT} FARINT: Copied 0 rows.
2026-04-23 13:29:15,399 +0000Z  INFO  {FARIRT} FARIRT: Copied 0 rows.
2026-04-23 13:29:15,400 +0000Z  INFO  {FARIID} FARIID: Copied 0 rows.
2026-04-23 13:29:15,402 +0000Z  INFO  {FARMDF} Copy FARMDF
2026-04-23 13:29:15,412 +0000Z  INFO  {FARMLN} Copy FARMLN
2026-04-23 13:29:15,417 +0000Z  INFO  {FARMDF} FARMDF: Copied 0 rows.
2026-04-23 13:29:15,420 +0000Z  INFO  {FARMLN} FARMLN: Copied 0 rows.
2026-04-23 13:29:15,424 +0000Z  INFO  {FARP40} Copy FARP40
2026-04-23 13:29:15,428 +0000Z  INFO  {FARPCR} Copy FARPCR
2026-04-23 13:29:15,433 +0000Z  INFO  {FARPIN} Copy FARPIN
2026-04-23 13:29:15,438 +0000Z  INFO  {FARPPD} Copy FARPPD
2026-04-23 13:29:15,444 +0000Z  INFO  {FARPCR} FARPCR: Copied 0 rows.
2026-04-23 13:29:15,446 +0000Z  INFO  {FARPIN} FARPIN: Copied 0 rows.
2026-04-23 13:29:15,448 +0000Z  INFO  {FARPPH} Copy FARPPH
2026-04-23 13:29:15,452 +0000Z  INFO  {FARP40} FARP40: Copied 0 rows.
2026-04-23 13:29:15,453 +0000Z  INFO  {FARPPD} FARPPD: Copied 0 rows.
2026-04-23 13:29:15,458 +0000Z  INFO  {FARPRD} Copy FARPRD
2026-04-23 13:29:15,463 +0000Z  INFO  {FARPRH} Copy FARPRH
2026-04-23 13:29:15,464 +0000Z  INFO  {FARPPH} FARPPH: Copied 0 rows.
2026-04-23 13:29:15,468 +0000Z  INFO  {FARPRL} Copy FARPRL
2026-04-23 13:29:15,474 +0000Z  INFO  {FARPRD} FARPRD: Copied 0 rows.
2026-04-23 13:29:15,474 +0000Z  INFO  {FARPTL} Copy FARPTL
2026-04-23 13:29:15,475 +0000Z  INFO  {FARPRH} FARPRH: Copied 0 rows.
2026-04-23 13:29:15,478 +0000Z  INFO  {FARPRL} FARPRL: Copied 0 rows.
2026-04-23 13:29:15,480 +0000Z  INFO  {FARREC} Copy FARREC
2026-04-23 13:29:15,486 +0000Z  INFO  {FARPTL} FARPTL: Copied 0 rows.
2026-04-23 13:29:15,487 +0000Z  INFO  {FARREI} Copy FARREI
2026-04-23 13:29:15,492 +0000Z  INFO  {FARREX} Copy FARREX
2026-04-23 13:29:15,493 +0000Z  INFO  {FARREC} FARREC: Copied 0 rows.
2026-04-23 13:29:15,499 +0000Z  INFO  {FARREI} FARREI: Copied 0 rows.
2026-04-23 13:29:15,500 +0000Z  INFO  {FARREX} FARREX: Copied 0 rows.
2026-04-23 13:29:15,501 +0000Z  INFO  {FARRMD} Copy FARRMD
2026-04-23 13:29:15,507 +0000Z  INFO  {FARRMH} Copy FARRMH
2026-04-23 13:29:15,516 +0000Z  INFO  {FARRMD} FARRMD: Copied 0 rows.
2026-04-23 13:29:15,516 +0000Z  INFO  {FARRMI} Copy FARRMI
2026-04-23 13:29:15,521 +0000Z  INFO  {FARRMH} FARRMH: Copied 0 rows.
2026-04-23 13:29:15,521 +0000Z  INFO  {FARRPD} Copy FARRPD
2026-04-23 13:29:15,529 +0000Z  INFO  {FARRMI} FARRMI: Copied 0 rows.
2026-04-23 13:29:15,532 +0000Z  INFO  {FARRPH} Copy FARRPH
2026-04-23 13:29:15,539 +0000Z  INFO  {FARRPD} FARRPD: Copied 0 rows.
2026-04-23 13:29:15,542 +0000Z  INFO  {FARRPI} Copy FARRPI
2026-04-23 13:29:15,549 +0000Z  INFO  {FARRPH} FARRPH: Copied 0 rows.
2026-04-23 13:29:15,550 +0000Z  INFO  {FARRPP} Copy FARRPP
2026-04-23 13:29:15,554 +0000Z  INFO  {FARRPI} FARRPI: Copied 0 rows.
2026-04-23 13:29:15,558 +0000Z  INFO  {FARRPT} Copy FARRPT
2026-04-23 13:29:15,558 +0000Z  INFO  {FARRPP} FARRPP: Copied 0 rows.
2026-04-23 13:29:15,562 +0000Z  INFO  {FARWTI} Copy FARWTI
2026-04-23 13:29:15,568 +0000Z  INFO  {FARRPT} FARRPT: Copied 0 rows.
2026-04-23 13:29:15,568 +0000Z  INFO  {FARWTS} Copy FARWTS
2026-04-23 13:29:15,575 +0000Z  INFO  {FBAAER} Copy FBAAER
2026-04-23 13:29:15,577 +0000Z  INFO  {FARWTS} FARWTS: Copied 0 rows.
2026-04-23 13:29:15,580 +0000Z  INFO  {FARWTI} FARWTI: Copied 0 rows.
2026-04-23 13:29:15,582 +0000Z  INFO  {FBAAHE} Copy FBAAHE
2026-04-23 13:29:15,588 +0000Z  INFO  {FBAAER} FBAAER: Copied 0 rows.
2026-04-23 13:29:15,588 +0000Z  INFO  {FBAALN} Copy FBAALN
2026-04-23 13:29:15,595 +0000Z  INFO  {FBAAHE} FBAAHE: Copied 0 rows.
2026-04-23 13:29:15,595 +0000Z  INFO  {FBACDF} Copy FBACDF
2026-04-23 13:29:15,603 +0000Z  INFO  {FBAALN} FBAALN: Copied 0 rows.
2026-04-23 13:29:15,604 +0000Z  INFO  {FBAPLD} Copy FBAPLD
2026-04-23 13:29:15,607 +0000Z  INFO  {FBACDF} FBACDF: Copied 0 rows.
2026-04-23 13:29:15,616 +0000Z  INFO  {FBAPLD} FBAPLD: Copied 0 rows.
2026-04-23 13:29:15,616 +0000Z  INFO  {FBAPLH} Copy FBAPLH
2026-04-23 13:29:15,621 +0000Z  INFO  {FBARES} Copy FBARES
2026-04-23 13:29:15,626 +0000Z  INFO  {FBAPLH} FBAPLH: Copied 0 rows.
2026-04-23 13:29:15,626 +0000Z  INFO  {FBDCTD} Copy FBDCTD
2026-04-23 13:29:15,631 +0000Z  INFO  {FBARES} FBARES: Copied 0 rows.
2026-04-23 13:29:15,632 +0000Z  INFO  {FBDCTH} Copy FBDCTH
2026-04-23 13:29:15,636 +0000Z  INFO  {FBDISE} Copy FBDISE
2026-04-23 13:29:15,644 +0000Z  INFO  {FBDCTD} FBDCTD: Copied 0 rows.
2026-04-23 13:29:15,648 +0000Z  INFO  {FBDIST} Copy FBDIST
2026-04-23 13:29:15,649 +0000Z  INFO  {FBDCTH} FBDCTH: Copied 0 rows.
2026-04-23 13:29:15,657 +0000Z  INFO  {FBREAV} Copy FBREAV
2026-04-23 13:29:15,657 +0000Z  INFO  {FBDIST} FBDIST: Copied 0 rows.
2026-04-23 13:29:15,665 +0000Z  INFO  {FBRECC} Copy FBRECC
2026-04-23 13:29:15,666 +0000Z  INFO  {FBREAV} FBREAV: Copied 0 rows.
2026-04-23 13:29:15,670 +0000Z  INFO  {FBDISE} FBDISE: Copied 0 rows.
2026-04-23 13:29:15,671 +0000Z  INFO  {FBREDF} Copy FBREDF
2026-04-23 13:29:15,677 +0000Z  INFO  {FBRECC} FBRECC: Copied 0 rows.
2026-04-23 13:29:15,677 +0000Z  INFO  {FBRESP} Copy FBRESP
2026-04-23 13:29:15,682 +0000Z  INFO  {FBREDF} FBREDF: Copied 0 rows.
2026-04-23 13:29:15,688 +0000Z  INFO  {FBRESP} FBRESP: Copied 0 rows.
2026-04-23 13:29:15,689 +0000Z  INFO  {FBRPLD} Copy FBRPLD
2026-04-23 13:29:15,694 +0000Z  INFO  {FBRPLH} Copy FBRPLH
2026-04-23 13:29:15,699 +0000Z  INFO  {FBSREC} Copy FBSREC
2026-04-23 13:29:15,699 +0000Z  INFO  {FBRPLD} FBRPLD: Copied 0 rows.
2026-04-23 13:29:15,704 +0000Z  INFO  {FBSREH} Copy FBSREH
2026-04-23 13:29:15,707 +0000Z  INFO  {FBSREC} FBSREC: Copied 0 rows.
2026-04-23 13:29:15,709 +0000Z  INFO  {FBSREL} Copy FBSREL
2026-04-23 13:29:15,712 +0000Z  INFO  {FBSREH} FBSREH: Copied 0 rows.
2026-04-23 13:29:15,714 +0000Z  INFO  {FBRPLH} FBRPLH: Copied 0 rows.
2026-04-23 13:29:15,716 +0000Z  INFO  {FBSREM} Copy FBSREM
2026-04-23 13:29:15,721 +0000Z  INFO  {FBTMPD} Copy FBTMPD
2026-04-23 13:29:15,722 +0000Z  INFO  {FBSREL} FBSREL: Copied 0 rows.
2026-04-23 13:29:15,726 +0000Z  INFO  {FBTMPH} Copy FBTMPH
2026-04-23 13:29:15,728 +0000Z  INFO  {FBSREM} FBSREM: Copied 0 rows.
2026-04-23 13:29:15,732 +0000Z  INFO  {FBU040} Copy FBU040
2026-04-23 13:29:15,735 +0000Z  INFO  {FBTMPH} FBTMPH: Copied 0 rows.
2026-04-23 13:29:15,736 +0000Z  INFO  {FBTMPD} FBTMPD: Copied 0 rows.
2026-04-23 13:29:15,737 +0000Z  INFO  {FBU141} Copy FBU141
2026-04-23 13:29:15,742 +0000Z  INFO  {FBU040} FBU040: Copied 0 rows.
2026-04-23 13:29:15,745 +0000Z  INFO  {FBU141} FBU141: Copied 0 rows.
2026-04-23 13:29:15,751 +0000Z  INFO  {FBU181} Copy FBU181
2026-04-23 13:29:15,758 +0000Z  INFO  {FBU182} Copy FBU182
2026-04-23 13:29:15,767 +0000Z  INFO  {FBU181} FBU181: Copied 0 rows.
2026-04-23 13:29:15,771 +0000Z  INFO  {FBUCUS} Copy FBUCUS
2026-04-23 13:29:15,773 +0000Z  INFO  {FBU182} FBU182: Copied 0 rows.
2026-04-23 13:29:15,777 +0000Z  INFO  {FBUDAY} Copy FBUDAY
2026-04-23 13:29:15,785 +0000Z  INFO  {FBUCUS} FBUCUS: Copied 0 rows.
2026-04-23 13:29:15,785 +0000Z  INFO  {FBUDIH} Copy FBUDIH
2026-04-23 13:29:15,787 +0000Z  INFO  {FBUDAY} FBUDAY: Copied 0 rows.
2026-04-23 13:29:15,791 +0000Z  INFO  {FBUDIS} Copy FBUDIS
2026-04-23 13:29:15,798 +0000Z  INFO  {FBUDIH} FBUDIH: Copied 0 rows.
2026-04-23 13:29:15,800 +0000Z  INFO  {FBUPCD} Copy FBUPCD
2026-04-23 13:29:15,802 +0000Z  INFO  {FBUDIS} FBUDIS: Copied 0 rows.
2026-04-23 13:29:15,806 +0000Z  INFO  {FBUPCH} Copy FBUPCH
2026-04-23 13:29:15,815 +0000Z  INFO  {FBUPCD} FBUPCD: Copied 0 rows.
2026-04-23 13:29:15,824 +0000Z  INFO  {FCA050} Copy FCA050
2026-04-23 13:29:15,825 +0000Z  INFO  {FBUPCH} FBUPCH: Copied 0 rows.
2026-04-23 13:29:15,829 +0000Z  INFO  {FCA202} Copy FCA202
2026-04-23 13:29:15,832 +0000Z  INFO  {FCA050} FCA050: Copied 0 rows.
2026-04-23 13:29:15,833 +0000Z  INFO  {FCA251} Copy FCA251
2026-04-23 13:29:15,837 +0000Z  INFO  {FCA261} Copy FCA261
2026-04-23 13:29:15,846 +0000Z  INFO  {FCA202} FCA202: Copied 0 rows.
2026-04-23 13:29:15,847 +0000Z  INFO  {FCA251} FCA251: Copied 0 rows.
2026-04-23 13:29:15,850 +0000Z  INFO  {FCA261} FCA261: Copied 0 rows.
2026-04-23 13:29:15,855 +0000Z  INFO  {FCA511} Copy FCA511
2026-04-23 13:29:15,861 +0000Z  INFO  {FCA516} Copy FCA516
2026-04-23 13:29:15,869 +0000Z  INFO  {FCA511} FCA511: Copied 0 rows.
2026-04-23 13:29:15,871 +0000Z  INFO  {FCA516} FCA516: Copied 0 rows.
2026-04-23 13:29:15,873 +0000Z  INFO  {FCA531} Copy FCA531
2026-04-23 13:29:15,880 +0000Z  INFO  {FCA541} Copy FCA541
2026-04-23 13:29:15,888 +0000Z  INFO  {FCA951} Copy FCA951
2026-04-23 13:29:15,899 +0000Z  INFO  {FCA531} FCA531: Copied 0 rows.
2026-04-23 13:29:15,900 +0000Z  INFO  {FCA541} FCA541: Copied 0 rows.
2026-04-23 13:29:15,900 +0000Z  INFO  {FCA95P} Copy FCA95P
2026-04-23 13:29:15,907 +0000Z  INFO  {FCA951} FCA951: Copied 0 rows.
2026-04-23 13:29:15,907 +0000Z  INFO  {FCA969} Copy FCA969
2026-04-23 13:29:15,912 +0000Z  INFO  {FCA95P} FCA95P: Copied 0 rows.
2026-04-23 13:29:15,913 +0000Z  INFO  {FCAANC} Copy FCAANC
2026-04-23 13:29:15,920 +0000Z  INFO  {FCA969} FCA969: Copied 0 rows.
2026-04-23 13:29:15,922 +0000Z  INFO  {FCAANH} Copy FCAANH
2026-04-23 13:29:15,927 +0000Z  INFO  {FCAANC} FCAANC: Copied 0 rows.
2026-04-23 13:29:15,928 +0000Z  INFO  {FCAANL} Copy FCAANL
2026-04-23 13:29:15,931 +0000Z  INFO  {FCAANH} FCAANH: Copied 0 rows.
2026-04-23 13:29:15,932 +0000Z  INFO  {FCAANS} Copy FCAANS
2026-04-23 13:29:15,937 +0000Z  INFO  {FCARRD} Copy FCARRD
2026-04-23 13:29:15,946 +0000Z  INFO  {FCARRD} FCARRD: Copied 0 rows.
2026-04-23 13:29:15,949 +0000Z  INFO  {FCARRH} Copy FCARRH
2026-04-23 13:29:15,951 +0000Z  INFO  {FCAANL} FCAANL: Copied 0 rows.
2026-04-23 13:29:15,952 +0000Z  INFO  {FCAANS} FCAANS: Copied 0 rows.
2026-04-23 13:29:15,963 +0000Z  INFO  {FCARRH} FCARRH: Copied 0 rows.
2026-04-23 13:29:15,964 +0000Z  INFO  {FCARUD} Copy FCARUD
2026-04-23 13:29:15,970 +0000Z  INFO  {FCF100} Copy FCF100
2026-04-23 13:29:15,977 +0000Z  INFO  {FCF101} Copy FCF101
2026-04-23 13:29:15,978 +0000Z  INFO  {FCARUD} FCARUD: Copied 0 rows.
2026-04-23 13:29:15,989 +0000Z  INFO  {FCF100} FCF100: Copied 0 rows.
2026-04-23 13:29:15,992 +0000Z  INFO  {FCF303} Copy FCF303
2026-04-23 13:29:15,998 +0000Z  INFO  {FCF306} Copy FCF306
2026-04-23 13:29:15,999 +0000Z  INFO  {FCF101} FCF101: Copied 0 rows.
2026-04-23 13:29:16,001 +0000Z  INFO  {FCF303} FCF303: Copied 0 rows.
2026-04-23 13:29:16,002 +0000Z  INFO  {FCFACV} Copy FCFACV
2026-04-23 13:29:16,011 +0000Z  INFO  {FCF306} FCF306: Copied 0 rows.
2026-04-23 13:29:16,017 +0000Z  INFO  {FCFACV} FCFACV: Copied 0 rows.
2026-04-23 13:29:16,017 +0000Z  INFO  {FCFBIN} Copy FCFBIN
2026-04-23 13:29:16,024 +0000Z  INFO  {FCFBKN} Copy FCFBKN
2026-04-23 13:29:16,029 +0000Z  INFO  {FCFCDD} Copy FCFCDD
2026-04-23 13:29:16,033 +0000Z  INFO  {FCFBIN} FCFBIN: Copied 0 rows.
2026-04-23 13:29:16,036 +0000Z  INFO  {FCFCDH} Copy FCFCDH
2026-04-23 13:29:16,037 +0000Z  INFO  {FCFBKN} FCFBKN: Copied 0 rows.
2026-04-23 13:29:16,038 +0000Z  INFO  {FCFCDD} FCFCDD: Copied 0 rows.
2026-04-23 13:29:16,040 +0000Z  INFO  {FCFCED} Copy FCFCED
2026-04-23 13:29:16,046 +0000Z  INFO  {FCFCFR} Copy FCFCFR
2026-04-23 13:29:16,050 +0000Z  INFO  {FCFCDH} FCFCDH: Copied 0 rows.
2026-04-23 13:29:16,051 +0000Z  INFO  {FCFCED} FCFCED: Copied 0 rows.
2026-04-23 13:29:16,053 +0000Z  INFO  {FCFCHE} Copy FCFCHE
2026-04-23 13:29:16,056 +0000Z  INFO  {FCFCFR} FCFCFR: Copied 0 rows.
2026-04-23 13:29:16,058 +0000Z  INFO  {FCFDAT} Copy FCFDAT
2026-04-23 13:29:16,065 +0000Z  INFO  {FCFDET} Copy FCFDET
2026-04-23 13:29:16,069 +0000Z  INFO  {FCFCHE} FCFCHE: Copied 0 rows.
2026-04-23 13:29:16,070 +0000Z  INFO  {FCFELV} Copy FCFELV
2026-04-23 13:29:16,076 +0000Z  INFO  {FCFMDE} Copy FCFMDE
2026-04-23 13:29:16,077 +0000Z  INFO  {FCFDAT} FCFDAT: Copied 0 rows.
2026-04-23 13:29:16,081 +0000Z  INFO  {FCFDET} FCFDET: Copied 0 rows.
2026-04-23 13:29:16,081 +0000Z  INFO  {FCFMDH} Copy FCFMDH
2026-04-23 13:29:16,086 +0000Z  INFO  {FCFMDI} Copy FCFMDI
2026-04-23 13:29:16,090 +0000Z  INFO  {FCFMDL} Copy FCFMDL
2026-04-23 13:29:16,095 +0000Z  INFO  {FCFMDE} FCFMDE: Copied 0 rows.
2026-04-23 13:29:16,097 +0000Z  INFO  {FCFELV} FCFELV: Copied 0 rows.
2026-04-23 13:29:16,098 +0000Z  INFO  {FCFOIN} Copy FCFOIN
2026-04-23 13:29:16,099 +0000Z  INFO  {FCFMDL} FCFMDL: Copied 0 rows.
2026-04-23 13:29:16,100 +0000Z  INFO  {FCFMDI} FCFMDI: Copied 0 rows.
2026-04-23 13:29:16,103 +0000Z  INFO  {FCFVER} Copy FCFVER
2026-04-23 13:29:16,106 +0000Z  INFO  {FCFMDH} FCFMDH: Copied 0 rows.
2026-04-23 13:29:16,110 +0000Z  INFO  {FCGCRL} Copy FCGCRL
2026-04-23 13:29:16,118 +0000Z  INFO  {FCHACW} Copy FCHACW
2026-04-23 13:29:16,121 +0000Z  INFO  {FCFOIN} FCFOIN: Copied 0 rows.
2026-04-23 13:29:16,123 +0000Z  INFO  {FCFVER} FCFVER: Copied 0 rows.
2026-04-23 13:29:16,123 +0000Z  INFO  {FCGCRL} FCGCRL: Copied 0 rows.
2026-04-23 13:29:16,124 +0000Z  INFO  {FCHKMA} Copy FCHKMA
2026-04-23 13:29:16,129 +0000Z  INFO  {FCHACW} FCHACW: Copied 0 rows.
2026-04-23 13:29:16,130 +0000Z  INFO  {FCHREC} Copy FCHREC
2026-04-23 13:29:16,134 +0000Z  INFO  {FCHSEC} Copy FCHSEC
2026-04-23 13:29:16,138 +0000Z  INFO  {FCHREC} FCHREC: Copied 0 rows.
2026-04-23 13:29:16,139 +0000Z  INFO  {FCINAP} Copy FCINAP
2026-04-23 13:29:16,141 +0000Z  INFO  {FCHKMA} FCHKMA: Copied 0 rows.
2026-04-23 13:29:16,145 +0000Z  INFO  {FCITAB} Copy FCITAB
2026-04-23 13:29:16,149 +0000Z  INFO  {FCHSEC} FCHSEC: Copied 0 rows.
2026-04-23 13:29:16,152 +0000Z  INFO  {FCITAB} FCITAB: Copied 0 rows.
2026-04-23 13:29:16,153 +0000Z  INFO  {FCINAP} FCINAP: Copied 0 rows.
2026-04-23 13:29:16,154 +0000Z  INFO  {FCLCTG} Copy FCLCTG
2026-04-23 13:29:16,168 +0000Z  INFO  {FCLRPD} Copy FCLRPD
2026-04-23 13:29:16,169 +0000Z  INFO  {FCLCTG} FCLCTG: Copied 0 rows.
2026-04-23 13:29:16,174 +0000Z  INFO  {FCLRPH} Copy FCLRPH
2026-04-23 13:29:16,179 +0000Z  INFO  {FCLRPL} Copy FCLRPL
2026-04-23 13:29:16,180 +0000Z  INFO  {FCLRPD} FCLRPD: Copied 0 rows.
2026-04-23 13:29:16,185 +0000Z  INFO  {FCM712} Copy FCM712
2026-04-23 13:29:16,185 +0000Z  INFO  {FCLRPH} FCLRPH: Copied 0 rows.
2026-04-23 13:29:16,189 +0000Z  INFO  {FCLRPL} FCLRPL: Copied 0 rows.
2026-04-23 13:29:16,193 +0000Z  INFO  {FCM712} FCM712: Copied 0 rows.
2026-04-23 13:29:16,197 +0000Z  INFO  {FCR04W} Copy FCR04W
2026-04-23 13:29:16,207 +0000Z  INFO  {FCR050} Copy FCR050
2026-04-23 13:29:16,215 +0000Z  INFO  {FCR642} Copy FCR642
2026-04-23 13:29:16,220 +0000Z  INFO  {FCR04W} FCR04W: Copied 0 rows.
2026-04-23 13:29:16,220 +0000Z  INFO  {FCRLIV} Copy FCRLIV
2026-04-23 13:29:16,223 +0000Z  INFO  {FCR050} FCR050: Copied 0 rows.
2026-04-23 13:29:16,227 +0000Z  INFO  {FCR642} FCR642: Copied 0 rows.
2026-04-23 13:29:16,227 +0000Z  INFO  {FCRMTD} Copy FCRMTD
2026-04-23 13:29:16,233 +0000Z  INFO  {FCRLIV} FCRLIV: Copied 0 rows.
2026-04-23 13:29:16,234 +0000Z  INFO  {FCURIN} Copy FCURIN
2026-04-23 13:29:16,238 +0000Z  INFO  {FCRMTD} FCRMTD: Copied 0 rows.
2026-04-23 13:29:16,239 +0000Z  INFO  {FCURPY} Copy FCURPY
2026-04-23 13:29:16,246 +0000Z  INFO  {FCURVT} Copy FCURVT
2026-04-23 13:29:16,249 +0000Z  INFO  {FCURPY} FCURPY: Copied 0 rows.
2026-04-23 13:29:16,250 +0000Z  INFO  {FDA460} Copy FDA460
2026-04-23 13:29:16,251 +0000Z  INFO  {FCURIN} FCURIN: Copied 0 rows.
2026-04-23 13:29:16,254 +0000Z  INFO  {FCURVT} FCURVT: Copied 0 rows.
2026-04-23 13:29:16,262 +0000Z  INFO  {FDA460} FDA460: Copied 0 rows.
2026-04-23 13:29:16,263 +0000Z  INFO  {FDDAGD} Copy FDDAGD
2026-04-23 13:29:16,269 +0000Z  INFO  {FDDAGH} Copy FDDAGH
2026-04-23 13:29:16,276 +0000Z  INFO  {FDDAGL} Copy FDDAGL
2026-04-23 13:29:16,276 +0000Z  INFO  {FDDAGD} FDDAGD: Copied 0 rows.
2026-04-23 13:29:16,277 +0000Z  INFO  {FDDAGH} FDDAGH: Copied 0 rows.
2026-04-23 13:29:16,280 +0000Z  INFO  {FDDREM} Copy FDDREM
2026-04-23 13:29:16,285 +0000Z  INFO  {FDDTRN} Copy FDDTRN
2026-04-23 13:29:16,293 +0000Z  INFO  {FDDAGL} FDDAGL: Copied 0 rows.
2026-04-23 13:29:16,297 +0000Z  INFO  {FDPINV} Copy FDPINV
2026-04-23 13:29:16,299 +0000Z  INFO  {FDDTRN} FDDTRN: Copied 0 rows.
2026-04-23 13:29:16,304 +0000Z  INFO  {FDDREM} FDDREM: Copied 0 rows.
2026-04-23 13:29:16,305 +0000Z  INFO  {FDRFMA} Copy FDRFMA
2026-04-23 13:29:16,311 +0000Z  INFO  {FDRTRA} Copy FDRTRA
2026-04-23 13:29:16,316 +0000Z  INFO  {FDPINV} FDPINV: Copied 0 rows.
2026-04-23 13:29:16,319 +0000Z  INFO  {FDRTRB} Copy FDRTRB
2026-04-23 13:29:16,323 +0000Z  INFO  {FDRTRA} FDRTRA: Copied 0 rows.
2026-04-23 13:29:16,324 +0000Z  INFO  {FEINVS} Copy FEINVS
2026-04-23 13:29:16,327 +0000Z  INFO  {FDRFMA} FDRFMA: Copied 0 rows.
2026-04-23 13:29:16,334 +0000Z  INFO  {FEN100} Copy FEN100
2026-04-23 13:29:16,335 +0000Z  INFO  {FDRTRB} FDRTRB: Copied 0 rows.
2026-04-23 13:29:16,338 +0000Z  INFO  {FEINVS} FEINVS: Copied 0 rows.
2026-04-23 13:29:16,339 +0000Z  INFO  {FFA001} Copy FFA001
2026-04-23 13:29:16,342 +0000Z  INFO  {FEN100} FEN100: Copied 0 rows.
2026-04-23 13:29:16,343 +0000Z  INFO  {FFA010} Copy FFA010
2026-04-23 13:29:16,349 +0000Z  INFO  {FFA102} Copy FFA102
2026-04-23 13:29:16,353 +0000Z  INFO  {FFA001} FFA001: Copied 0 rows.
2026-04-23 13:29:16,353 +0000Z  INFO  {FFA106} Copy FFA106
2026-04-23 13:29:16,354 +0000Z  INFO  {FFA010} FFA010: Copied 0 rows.
2026-04-23 13:29:16,357 +0000Z  INFO  {FFA102} FFA102: Copied 0 rows.
2026-04-23 13:29:16,363 +0000Z  INFO  {FFA116} Copy FFA116
2026-04-23 13:29:16,368 +0000Z  INFO  {FFA106} FFA106: Copied 0 rows.
2026-04-23 13:29:16,372 +0000Z  INFO  {FFA121} Copy FFA121
2026-04-23 13:29:16,373 +0000Z  INFO  {FFA116} FFA116: Copied 0 rows.
2026-04-23 13:29:16,377 +0000Z  INFO  {FFA130} Copy FFA130
2026-04-23 13:29:16,381 +0000Z  INFO  {FFA132} Copy FFA132
2026-04-23 13:29:16,382 +0000Z  INFO  {FFA121} FFA121: Copied 0 rows.
2026-04-23 13:29:16,387 +0000Z  INFO  {FFA130} FFA130: Copied 0 rows.
2026-04-23 13:29:16,391 +0000Z  INFO  {FFA161} Copy FFA161
2026-04-23 13:29:16,391 +0000Z  INFO  {FFA132} FFA132: Copied 0 rows.
2026-04-23 13:29:16,395 +0000Z  INFO  {FFA171} Copy FFA171
2026-04-23 13:29:16,403 +0000Z  INFO  {FFA161} FFA161: Copied 0 rows.
2026-04-23 13:29:16,403 +0000Z  INFO  {FFA176} Copy FFA176
2026-04-23 13:29:16,405 +0000Z  INFO  {FFA171} FFA171: Copied 0 rows.
2026-04-23 13:29:16,407 +0000Z  INFO  {FFA180} Copy FFA180
2026-04-23 13:29:16,412 +0000Z  INFO  {FFA510} Copy FFA510
2026-04-23 13:29:16,413 +0000Z  INFO  {FFA176} FFA176: Copied 0 rows.
2026-04-23 13:29:16,414 +0000Z  INFO  {FFA180} FFA180: Copied 0 rows.
2026-04-23 13:29:16,419 +0000Z  INFO  {FFA513} Copy FFA513
2026-04-23 13:29:16,424 +0000Z  INFO  {FFA520} Copy FFA520
2026-04-23 13:29:16,427 +0000Z  INFO  {FFA510} FFA510: Copied 0 rows.
2026-04-23 13:29:16,428 +0000Z  INFO  {FFA513} FFA513: Copied 0 rows.
2026-04-23 13:29:16,429 +0000Z  INFO  {FFA531} Copy FFA531
2026-04-23 13:29:16,432 +0000Z  INFO  {FFA520} FFA520: Copied 0 rows.
2026-04-23 13:29:16,433 +0000Z  INFO  {FFA533} Copy FFA533
2026-04-23 13:29:16,438 +0000Z  INFO  {FFA531} FFA531: Copied 0 rows.
2026-04-23 13:29:16,441 +0000Z  INFO  {FFA533} FFA533: Copied 0 rows.
2026-04-23 13:29:16,443 +0000Z  INFO  {FFA566} Copy FFA566
2026-04-23 13:29:16,448 +0000Z  INFO  {FFAACC} Copy FFAACC
2026-04-23 13:29:16,452 +0000Z  INFO  {FFAAMT} Copy FFAAMT
2026-04-23 13:29:16,453 +0000Z  INFO  {FFA566} FFA566: Copied 0 rows.
2026-04-23 13:29:16,457 +0000Z  INFO  {FFACAD} Copy FFACAD
2026-04-23 13:29:16,458 +0000Z  INFO  {FFAACC} FFAACC: Copied 0 rows.
2026-04-23 13:29:16,462 +0000Z  INFO  {FFAAMT} FFAAMT: Copied 0 rows.
2026-04-23 13:29:16,462 +0000Z  INFO  {FFACAH} Copy FFACAH
2026-04-23 13:29:16,467 +0000Z  INFO  {FFACAD} FFACAD: Copied 0 rows.
2026-04-23 13:29:16,467 +0000Z  INFO  {FFADSH} Copy FFADSH
2026-04-23 13:29:16,472 +0000Z  INFO  {FFADSP} Copy FFADSP
2026-04-23 13:29:16,477 +0000Z  INFO  {FFADUS} Copy FFADUS
2026-04-23 13:29:16,478 +0000Z  INFO  {FFACAH} FFACAH: Copied 0 rows.
2026-04-23 13:29:16,480 +0000Z  INFO  {FFADSH} FFADSH: Copied 0 rows.
2026-04-23 13:29:16,481 +0000Z  INFO  {FFAINS} Copy FFAINS
2026-04-23 13:29:16,482 +0000Z  INFO  {FFADSP} FFADSP: Copied 0 rows.
2026-04-23 13:29:16,487 +0000Z  INFO  {FFALIN} Copy FFALIN
2026-04-23 13:29:16,488 +0000Z  INFO  {FFADUS} FFADUS: Copied 0 rows.
2026-04-23 13:29:16,491 +0000Z  INFO  {FFAINS} FFAINS: Copied 0 rows.
2026-04-23 13:29:16,492 +0000Z  INFO  {FFAMAS} Copy FFAMAS
2026-04-23 13:29:16,497 +0000Z  INFO  {FFANIP} Copy FFANIP
2026-04-23 13:29:16,498 +0000Z  INFO  {FFALIN} FFALIN: Copied 0 rows.
2026-04-23 13:29:16,501 +0000Z  INFO  {FFAMAS} FFAMAS: Copied 0 rows.
2026-04-23 13:29:16,501 +0000Z  INFO  {FFAPAY} Copy FFAPAY
2026-04-23 13:29:16,507 +0000Z  INFO  {FFAPLD} Copy FFAPLD
2026-04-23 13:29:16,511 +0000Z  INFO  {FFANIP} FFANIP: Copied 0 rows.
2026-04-23 13:29:16,511 +0000Z  INFO  {FFASIN} Copy FFASIN
2026-04-23 13:29:16,513 +0000Z  INFO  {FFAPAY} FFAPAY: Copied 0 rows.
2026-04-23 13:29:16,515 +0000Z  INFO  {FFATBF} Copy FFATBF
2026-04-23 13:29:16,516 +0000Z  INFO  {FFAPLD} FFAPLD: Copied 0 rows.
2026-04-23 13:29:16,519 +0000Z  INFO  {FFATDD} Copy FFATDD
2026-04-23 13:29:16,524 +0000Z  INFO  {FFASIN} FFASIN: Copied 0 rows.
2026-04-23 13:29:16,525 +0000Z  INFO  {FFATDH} Copy FFATDH
2026-04-23 13:29:16,529 +0000Z  INFO  {FFATBF} FFATBF: Copied 0 rows.
2026-04-23 13:29:16,529 +0000Z  INFO  {FFATXG} Copy FFATXG
2026-04-23 13:29:16,530 +0000Z  INFO  {FFATDD} FFATDD: Copied 0 rows.
2026-04-23 13:29:16,533 +0000Z  INFO  {FFCHKF} Copy FFCHKF
2026-04-23 13:29:16,534 +0000Z  INFO  {FFATDH} FFATDH: Copied 0 rows.
2026-04-23 13:29:16,538 +0000Z  INFO  {FFATXG} FFATXG: Copied 0 rows.
2026-04-23 13:29:16,547 +0000Z  INFO  {FFDTBP} Copy FFDTBP
2026-04-23 13:29:16,548 +0000Z  INFO  {FFCHKF} FFCHKF: Copied 0 rows.
2026-04-23 13:29:16,553 +0000Z  INFO  {FFPHCD} Copy FFPHCD
2026-04-23 13:29:16,563 +0000Z  INFO  {FFDTBP} FFDTBP: Copied 0 rows.
2026-04-23 13:29:16,563 +0000Z  INFO  {FFPHCH} Copy FFPHCH
2026-04-23 13:29:16,570 +0000Z  INFO  {FFPHCD} FFPHCD: Copied 0 rows.
2026-04-23 13:29:16,574 +0000Z  INFO  {FFPHCH} FFPHCH: Copied 0 rows.
2026-04-23 13:29:16,575 +0000Z  INFO  {FFRCCL} Copy FFRCCL
2026-04-23 13:29:16,581 +0000Z  INFO  {FFRCSL} Copy FFRCSL
2026-04-23 13:29:16,584 +0000Z  INFO  {FFRCCL} FFRCCL: Copied 0 rows.
2026-04-23 13:29:16,588 +0000Z  INFO  {FFRNOT} Copy FFRNOT
2026-04-23 13:29:16,592 +0000Z  INFO  {FFS305} Copy FFS305
2026-04-23 13:29:16,593 +0000Z  INFO  {FFRCSL} FFRCSL: Copied 0 rows.
2026-04-23 13:29:16,596 +0000Z  INFO  {FGDISW} Copy FGDISW
2026-04-23 13:29:16,600 +0000Z  INFO  {FFRNOT} FFRNOT: Copied 0 rows.
2026-04-23 13:29:16,601 +0000Z  INFO  {FFS305} FFS305: Copied 0 rows.
2026-04-23 13:29:16,603 +0000Z  INFO  {FGDNIH} Copy FGDNIH
2026-04-23 13:29:16,609 +0000Z  INFO  {FGDISW} FGDISW: Copied 0 rows.
2026-04-23 13:29:16,610 +0000Z  INFO  {FGDNIL} Copy FGDNIL
2026-04-23 13:29:16,617 +0000Z  INFO  {FGDNIH} FGDNIH: Copied 0 rows.
2026-04-23 13:29:16,623 +0000Z  INFO  {FGDNIL} FGDNIL: Copied 0 rows.
2026-04-23 13:29:16,626 +0000Z  INFO  {FGI350} Copy FGI350
2026-04-23 13:29:16,638 +0000Z  INFO  {FGI360} Copy FGI360
2026-04-23 13:29:16,649 +0000Z  INFO  {FGINDH} Copy FGINDH
2026-04-23 13:29:16,650 +0000Z  INFO  {FGI350} FGI350: Copied 0 rows.
2026-04-23 13:29:16,657 +0000Z  INFO  {FGINHC} Copy FGINHC
2026-04-23 13:29:16,662 +0000Z  INFO  {FGITHC} Copy FGITHC
2026-04-23 13:29:16,666 +0000Z  INFO  {FGINDH} FGINDH: Copied 0 rows.
2026-04-23 13:29:16,667 +0000Z  INFO  {FGI360} FGI360: Copied 0 rows.
2026-04-23 13:29:16,667 +0000Z  INFO  {FGINHC} FGINHC: Copied 0 rows.
2026-04-23 13:29:16,668 +0000Z  INFO  {FGITLC} Copy FGITLC
2026-04-23 13:29:16,674 +0000Z  INFO  {FGITLI} Copy FGITLI
2026-04-23 13:29:16,675 +0000Z  INFO  {FGITHC} FGITHC: Copied 0 rows.
2026-04-23 13:29:16,680 +0000Z  INFO  {FGL131} Copy FGL131
2026-04-23 13:29:16,688 +0000Z  INFO  {FGL132} Copy FGL132
2026-04-23 13:29:16,689 +0000Z  INFO  {FGITLC} FGITLC: Copied 0 rows.
2026-04-23 13:29:16,690 +0000Z  INFO  {FGL131} FGL131: Copied 0 rows.
2026-04-23 13:29:16,697 +0000Z  INFO  {FGL151} Copy FGL151
2026-04-23 13:29:16,699 +0000Z  INFO  {FGITLI} FGITLI: Copied 0 rows.
2026-04-23 13:29:16,701 +0000Z  INFO  {FGL132} FGL132: Copied 0 rows.
2026-04-23 13:29:16,705 +0000Z  INFO  {FGL183} Copy FGL183
2026-04-23 13:29:16,706 +0000Z  INFO  {FGL151} FGL151: Copied 0 rows.
2026-04-23 13:29:16,709 +0000Z  INFO  {FGL184} Copy FGL184
2026-04-23 13:29:16,718 +0000Z  INFO  {FGL380} Copy FGL380
2026-04-23 13:29:16,720 +0000Z  INFO  {FGL184} FGL184: Copied 0 rows.
2026-04-23 13:29:16,722 +0000Z  INFO  {FGL38B} Copy FGL38B
2026-04-23 13:29:16,725 +0000Z  INFO  {FGL183} FGL183: Copied 0 rows.
2026-04-23 13:29:16,729 +0000Z  INFO  {FGL380} FGL380: Copied 0 rows.
2026-04-23 13:29:16,732 +0000Z  INFO  {FGL470} Copy FGL470
2026-04-23 13:29:16,737 +0000Z  INFO  {FGL38B} FGL38B: Copied 0 rows.
2026-04-23 13:29:16,738 +0000Z  INFO  {FGL506} Copy FGL506
2026-04-23 13:29:16,740 +0000Z  INFO  {FGL470} FGL470: Copied 0 rows.
2026-04-23 13:29:16,743 +0000Z  INFO  {FGL511} Copy FGL511
2026-04-23 13:29:16,750 +0000Z  INFO  {FGL506} FGL506: Copied 0 rows.
2026-04-23 13:29:16,752 +0000Z  INFO  {FGL515} Copy FGL515
2026-04-23 13:29:16,754 +0000Z  INFO  {FGL511} FGL511: Copied 0 rows.
2026-04-23 13:29:16,760 +0000Z  INFO  {FGL516} Copy FGL516
2026-04-23 13:29:16,766 +0000Z  INFO  {FGL517} Copy FGL517
2026-04-23 13:29:16,766 +0000Z  INFO  {FGL515} FGL515: Copied 0 rows.
2026-04-23 13:29:16,770 +0000Z  INFO  {FGL521} Copy FGL521
2026-04-23 13:29:16,778 +0000Z  INFO  {FGL516} FGL516: Copied 0 rows.
2026-04-23 13:29:16,779 +0000Z  INFO  {FGL527} Copy FGL527
2026-04-23 13:29:16,780 +0000Z  INFO  {FGL517} FGL517: Copied 0 rows.
2026-04-23 13:29:16,784 +0000Z  INFO  {FGL535} Copy FGL535
2026-04-23 13:29:16,788 +0000Z  INFO  {FGL521} FGL521: Copied 0 rows.
2026-04-23 13:29:16,791 +0000Z  INFO  {FGL539} Copy FGL539
2026-04-23 13:29:16,792 +0000Z  INFO  {FGL527} FGL527: Copied 0 rows.
2026-04-23 13:29:16,796 +0000Z  INFO  {FGL606} Copy FGL606
2026-04-23 13:29:16,801 +0000Z  INFO  {FGL535} FGL535: Copied 0 rows.
2026-04-23 13:29:16,801 +0000Z  INFO  {FGL616} Copy FGL616
2026-04-23 13:29:16,802 +0000Z  INFO  {FGL539} FGL539: Copied 0 rows.
2026-04-23 13:29:16,807 +0000Z  INFO  {FGL606} FGL606: Copied 0 rows.
2026-04-23 13:29:16,812 +0000Z  INFO  {FGL617} Copy FGL617
2026-04-23 13:29:16,813 +0000Z  INFO  {FGL616} FGL616: Copied 0 rows.
2026-04-23 13:29:16,819 +0000Z  INFO  {FGL621} Copy FGL621
2026-04-23 13:29:16,820 +0000Z  INFO  {FGL617} FGL617: Copied 0 rows.
2026-04-23 13:29:16,826 +0000Z  INFO  {FGL631} Copy FGL631
2026-04-23 13:29:16,833 +0000Z  INFO  {FGL621} FGL621: Copied 0 rows.
2026-04-23 13:29:16,836 +0000Z  INFO  {FGL636} Copy FGL636
2026-04-23 13:29:16,839 +0000Z  INFO  {FGL631} FGL631: Copied 0 rows.
2026-04-23 13:29:16,843 +0000Z  INFO  {FGL641} Copy FGL641
2026-04-23 13:29:16,852 +0000Z  INFO  {FGL681} Copy FGL681
2026-04-23 13:29:16,853 +0000Z  INFO  {FGL636} FGL636: Copied 0 rows.
2026-04-23 13:29:16,858 +0000Z  INFO  {FGL800} Copy FGL800
2026-04-23 13:29:16,868 +0000Z  INFO  {FGL681} FGL681: Copied 0 rows.
2026-04-23 13:29:16,869 +0000Z  INFO  {FGL641} FGL641: Copied 0 rows.
2026-04-23 13:29:16,870 +0000Z  INFO  {FGL801} Copy FGL801
2026-04-23 13:29:16,872 +0000Z  INFO  {FGL800} FGL800: Copied 0 rows.
2026-04-23 13:29:16,876 +0000Z  INFO  {FGL805} Copy FGL805
2026-04-23 13:29:16,881 +0000Z  INFO  {FGL806} Copy FGL806
2026-04-23 13:29:16,882 +0000Z  INFO  {FGL801} FGL801: Copied 0 rows.
2026-04-23 13:29:16,886 +0000Z  INFO  {FGL807} Copy FGL807
2026-04-23 13:29:16,887 +0000Z  INFO  {FGL805} FGL805: Copied 0 rows.
2026-04-23 13:29:16,895 +0000Z  INFO  {FGL808} Copy FGL808
2026-04-23 13:29:16,903 +0000Z  INFO  {FGL806} FGL806: Copied 0 rows.
2026-04-23 13:29:16,904 +0000Z  INFO  {FGL807} FGL807: Copied 0 rows.
2026-04-23 13:29:16,906 +0000Z  INFO  {FGL809} Copy FGL809
2026-04-23 13:29:16,911 +0000Z  INFO  {FGL808} FGL808: Copied 0 rows.
2026-04-23 13:29:16,918 +0000Z  INFO  {FGL809} FGL809: Copied 0 rows.
2026-04-23 13:29:16,921 +0000Z  INFO  {FGL810} Copy FGL810
2026-04-23 13:29:16,931 +0000Z  INFO  {FGL812} Copy FGL812
2026-04-23 13:29:16,932 +0000Z  INFO  {FGL810} FGL810: Copied 0 rows.
2026-04-23 13:29:16,935 +0000Z  INFO  {FGL813} Copy FGL813
2026-04-23 13:29:16,943 +0000Z  INFO  {FGL981} Copy FGL981
2026-04-23 13:29:16,946 +0000Z  INFO  {FGL812} FGL812: Copied 0 rows.
2026-04-23 13:29:16,947 +0000Z  INFO  {FGL813} FGL813: Copied 0 rows.
2026-04-23 13:29:16,948 +0000Z  INFO  {FGLCLS} Copy FGLCLS
2026-04-23 13:29:16,958 +0000Z  INFO  {FGL981} FGL981: Copied 0 rows.
2026-04-23 13:29:16,960 +0000Z  INFO  {FGLCLS} FGLCLS: Copied 0 rows.
2026-04-23 13:29:16,960 +0000Z  INFO  {FGLDIH} Copy FGLDIH
2026-04-23 13:29:16,968 +0000Z  INFO  {FGLDIS} Copy FGLDIS
2026-04-23 13:29:16,975 +0000Z  INFO  {FGLDIH} FGLDIH: Copied 0 rows.
2026-04-23 13:29:16,977 +0000Z  INFO  {FGLEDD} Copy FGLEDD
2026-04-23 13:29:16,987 +0000Z  INFO  {FGLHST} Copy FGLHST
2026-04-23 13:29:16,992 +0000Z  INFO  {FGLHSX} Copy FGLHSX
2026-04-23 13:29:17,000 +0000Z  INFO  {FGLHSX} FGLHSX: Copied 0 rows.
2026-04-23 13:29:17,002 +0000Z  INFO  {FGLINF} Copy FGLINF
2026-04-23 13:29:17,005 +0000Z  INFO  {FGLDIS} FGLDIS: Copied 0 rows.
2026-04-23 13:29:17,007 +0000Z  INFO  {FGLHST} FGLHST: Copied 0 rows.
2026-04-23 13:29:17,018 +0000Z  INFO  {FGLEDD} FGLEDD: Copied 0 rows.
2026-04-23 13:29:17,023 +0000Z  INFO  {FGLINH} Copy FGLINH
2026-04-23 13:29:17,024 +0000Z  INFO  {FGLINF} FGLINF: Copied 0 rows.
2026-04-23 13:29:17,031 +0000Z  INFO  {FGLINL} Copy FGLINL
2026-04-23 13:29:17,036 +0000Z  INFO  {FGLINH} FGLINH: Copied 0 rows.
2026-04-23 13:29:17,047 +0000Z  INFO  {FGLSAV} Copy FGLSAV
2026-04-23 13:29:17,052 +0000Z  INFO  {FGLSCA} Copy FGLSCA
2026-04-23 13:29:17,061 +0000Z  INFO  {FGLSAV} FGLSAV: Copied 0 rows.
2026-04-23 13:29:17,064 +0000Z  INFO  {FGLINL} FGLINL: Copied 0 rows.
2026-04-23 13:29:17,065 +0000Z  INFO  {FGLSVN} Copy FGLSVN
2026-04-23 13:29:17,071 +0000Z  INFO  {FGLVDC} Copy FGLVDC
2026-04-23 13:29:17,077 +0000Z  INFO  {FGLVRN} Copy FGLVRN
2026-04-23 13:29:17,079 +0000Z  INFO  {FGLSCA} FGLSCA: Copied 0 rows.
2026-04-23 13:29:17,081 +0000Z  INFO  {FGLZMA} Copy FGLZMA
2026-04-23 13:29:17,087 +0000Z  INFO  {FGPADT} Copy FGPADT
2026-04-23 13:29:17,087 +0000Z  INFO  {FGLVRN} FGLVRN: Copied 0 rows.
2026-04-23 13:29:17,092 +0000Z  INFO  {FGPAPD} Copy FGPAPD
2026-04-23 13:29:17,096 +0000Z  INFO  {FGLZMA} FGLZMA: Copied 0 rows.
2026-04-23 13:29:17,097 +0000Z  INFO  {FGPAPH} Copy FGPAPH
2026-04-23 13:29:17,097 +0000Z  INFO  {FGLSVN} FGLSVN: Copied 0 rows.
2026-04-23 13:29:17,097 +0000Z  INFO  {FGLVDC} FGLVDC: Copied 0 rows.
2026-04-23 13:29:17,104 +0000Z  INFO  {FGPADT} FGPADT: Copied 0 rows.
2026-04-23 13:29:17,104 +0000Z  INFO  {FGR521} Copy FGR521
2026-04-23 13:29:17,105 +0000Z  INFO  {FGPAPD} FGPAPD: Copied 0 rows.
2026-04-23 13:29:17,111 +0000Z  INFO  {FGPAPH} FGPAPH: Copied 0 rows.
2026-04-23 13:29:17,112 +0000Z  INFO  {FGR581} Copy FGR581
2026-04-23 13:29:17,117 +0000Z  INFO  {FGR521} FGR521: Copied 0 rows.
2026-04-23 13:29:17,120 +0000Z  INFO  {FGR581} FGR581: Copied 0 rows.
2026-04-23 13:29:17,124 +0000Z  INFO  {FGRNIH} Copy FGRNIH
2026-04-23 13:29:17,129 +0000Z  INFO  {FGRNIL} Copy FGRNIL
2026-04-23 13:29:17,134 +0000Z  INFO  {FIRCON} Copy FIRCON
2026-04-23 13:29:17,139 +0000Z  INFO  {FGRNIH} FGRNIH: Copied 0 rows.
2026-04-23 13:29:17,139 +0000Z  INFO  {FITIHE} Copy FITIHE
2026-04-23 13:29:17,148 +0000Z  INFO  {FITILI} Copy FITILI
2026-04-23 13:29:17,156 +0000Z  INFO  {FIRCON} FIRCON: Copied 0 rows.
2026-04-23 13:29:17,157 +0000Z  INFO  {FITISE} Copy FITISE
2026-04-23 13:29:17,157 +0000Z  INFO  {FGRNIL} FGRNIL: Copied 0 rows.
2026-04-23 13:29:17,160 +0000Z  INFO  {FITIHE} FITIHE: Copied 0 rows.
2026-04-23 13:29:17,164 +0000Z  INFO  {FITILI} FITILI: Copied 0 rows.
2026-04-23 13:29:17,167 +0000Z  INFO  {FITISE} FITISE: Copied 0 rows.
2026-04-23 13:29:17,167 +0000Z  INFO  {FLO041} Copy FLO041
2026-04-23 13:29:17,174 +0000Z  INFO  {FLO950} Copy FLO950
2026-04-23 13:29:17,174 +0000Z  INFO  {FLO041} FLO041: Copied 0 rows.
2026-04-23 13:29:17,179 +0000Z  INFO  {FMFIRD} Copy FMFIRD
2026-04-23 13:29:17,184 +0000Z  INFO  {FMFIRH} Copy FMFIRH
2026-04-23 13:29:17,186 +0000Z  INFO  {FLO950} FLO950: Copied 0 rows.
2026-04-23 13:29:17,187 +0000Z  INFO  {FMFIRD} FMFIRD: Copied 0 rows.
2026-04-23 13:29:17,188 +0000Z  INFO  {FMFPID} Copy FMFPID
2026-04-23 13:29:17,192 +0000Z  INFO  {FMFIRH} FMFIRH: Copied 0 rows.
2026-04-23 13:29:17,195 +0000Z  INFO  {FMFPPD} Copy FMFPPD
2026-04-23 13:29:17,199 +0000Z  INFO  {FMFPID} FMFPID: Copied 0 rows.
2026-04-23 13:29:17,202 +0000Z  INFO  {FMFPPH} Copy FMFPPH
2026-04-23 13:29:17,204 +0000Z  INFO  {FMFPPD} FMFPPD: Copied 0 rows.
2026-04-23 13:29:17,207 +0000Z  INFO  {FMFPPI} Copy FMFPPI
2026-04-23 13:29:17,212 +0000Z  INFO  {FMFPPH} FMFPPH: Copied 0 rows.
2026-04-23 13:29:17,214 +0000Z  INFO  {FMFPPP} Copy FMFPPP
2026-04-23 13:29:17,219 +0000Z  INFO  {FMINTX} Copy FMINTX
2026-04-23 13:29:17,223 +0000Z  INFO  {FMFPPI} FMFPPI: Copied 0 rows.
2026-04-23 13:29:17,225 +0000Z  INFO  {FNADP1} Copy FNADP1
2026-04-23 13:29:17,232 +0000Z  INFO  {FNADP2} Copy FNADP2
2026-04-23 13:29:17,236 +0000Z  INFO  {FNADP1} FNADP1: Copied 0 rows.
2026-04-23 13:29:17,240 +0000Z  INFO  {FMFPPP} FMFPPP: Copied 0 rows.
2026-04-23 13:29:17,242 +0000Z  INFO  {FMINTX} FMINTX: Copied 0 rows.
2026-04-23 13:29:17,246 +0000Z  INFO  {FNADP3} Copy FNADP3
2026-04-23 13:29:17,254 +0000Z  INFO  {FNADP2} FNADP2: Copied 0 rows.
2026-04-23 13:29:17,258 +0000Z  INFO  {FNADT1} Copy FNADT1
2026-04-23 13:29:17,267 +0000Z  INFO  {FNADT2} Copy FNADT2
2026-04-23 13:29:17,267 +0000Z  INFO  {FNADP3} FNADP3: Copied 0 rows.
2026-04-23 13:29:17,272 +0000Z  INFO  {FNADT3} Copy FNADT3
2026-04-23 13:29:17,277 +0000Z  INFO  {FNADT1} FNADT1: Copied 0 rows.
2026-04-23 13:29:17,278 +0000Z  INFO  {FNADT2} FNADT2: Copied 0 rows.
2026-04-23 13:29:17,279 +0000Z  INFO  {FNBTRC} Copy FNBTRC
2026-04-23 13:29:17,285 +0000Z  INFO  {FNADT3} FNADT3: Copied 0 rows.
2026-04-23 13:29:17,287 +0000Z  INFO  {FNBTRH} Copy FNBTRH
2026-04-23 13:29:17,296 +0000Z  INFO  {FNBTRC} FNBTRC: Copied 0 rows.
2026-04-23 13:29:17,301 +0000Z  INFO  {FNBTRI} Copy FNBTRI
2026-04-23 13:29:17,302 +0000Z  INFO  {FNBTRH} FNBTRH: Copied 0 rows.
2026-04-23 13:29:17,306 +0000Z  INFO  {FNBTRP} Copy FNBTRP
2026-04-23 13:29:17,311 +0000Z  INFO  {FNBTRV} Copy FNBTRV
2026-04-23 13:29:17,312 +0000Z  INFO  {FNBTRI} FNBTRI: Copied 0 rows.
2026-04-23 13:29:17,316 +0000Z  INFO  {FNBTRP} FNBTRP: Copied 0 rows.
2026-04-23 13:29:17,317 +0000Z  INFO  {FNPBAC} Copy FNPBAC
2026-04-23 13:29:17,325 +0000Z  INFO  {FNPBPP} Copy FNPBPP
2026-04-23 13:29:17,325 +0000Z  INFO  {FNBTRV} FNBTRV: Copied 0 rows.
2026-04-23 13:29:17,329 +0000Z  INFO  {FNPBAC} FNPBAC: Copied 0 rows.
2026-04-23 13:29:17,338 +0000Z  INFO  {FONINS} Copy FONINS
2026-04-23 13:29:17,347 +0000Z  INFO  {FONINT} Copy FONINT
2026-04-23 13:29:17,351 +0000Z  INFO  {FONINS} FONINS: Copied 0 rows.
2026-04-23 13:29:17,352 +0000Z  INFO  {FNPBPP} FNPBPP: Copied 0 rows.
2026-04-23 13:29:17,352 +0000Z  INFO  {FONINW} Copy FONINW
2026-04-23 13:29:17,357 +0000Z  INFO  {FPAPCD} Copy FPAPCD
2026-04-23 13:29:17,358 +0000Z  INFO  {FONINT} FONINT: Copied 0 rows.
2026-04-23 13:29:17,367 +0000Z  INFO  {FPAPCD} FPAPCD: Copied 0 rows.
2026-04-23 13:29:17,368 +0000Z  INFO  {FONINW} FONINW: Copied 0 rows.
2026-04-23 13:29:17,368 +0000Z  INFO  {FPAPRN} Copy FPAPRN
2026-04-23 13:29:17,374 +0000Z  INFO  {FPCASH} Copy FPCASH
2026-04-23 13:29:17,382 +0000Z  INFO  {FPAPRN} FPAPRN: Copied 0 rows.
2026-04-23 13:29:17,382 +0000Z  INFO  {FPDCP1} Copy FPDCP1
2026-04-23 13:29:17,385 +0000Z  INFO  {FPCASH} FPCASH: Copied 0 rows.
2026-04-23 13:29:17,389 +0000Z  INFO  {FPDCP2} Copy FPDCP2
2026-04-23 13:29:17,393 +0000Z  INFO  {FPDCP3} Copy FPDCP3
2026-04-23 13:29:17,394 +0000Z  INFO  {FPDCP1} FPDCP1: Copied 0 rows.
2026-04-23 13:29:17,399 +0000Z  INFO  {FPDCP2} FPDCP2: Copied 0 rows.
2026-04-23 13:29:17,403 +0000Z  INFO  {FPECAS} Copy FPECAS
2026-04-23 13:29:17,404 +0000Z  INFO  {FPDCP3} FPDCP3: Copied 0 rows.
2026-04-23 13:29:17,411 +0000Z  INFO  {FPINGV} Copy FPINGV
2026-04-23 13:29:17,416 +0000Z  INFO  {FPINHD} Copy FPINHD
2026-04-23 13:29:17,418 +0000Z  INFO  {FPECAS} FPECAS: Copied 0 rows.
2026-04-23 13:29:17,421 +0000Z  INFO  {FPINT1} Copy FPINT1
2026-04-23 13:29:17,425 +0000Z  INFO  {FPINHD} FPINHD: Copied 0 rows.
2026-04-23 13:29:17,426 +0000Z  INFO  {FPINT2} Copy FPINT2
2026-04-23 13:29:17,432 +0000Z  INFO  {FPINT3} Copy FPINT3
2026-04-23 13:29:17,434 +0000Z  INFO  {FPINGV} FPINGV: Copied 0 rows.
2026-04-23 13:29:17,438 +0000Z  INFO  {FPIOIN} Copy FPIOIN
2026-04-23 13:29:17,438 +0000Z  INFO  {FPINT1} FPINT1: Copied 0 rows.
2026-04-23 13:29:17,442 +0000Z  INFO  {FPINT2} FPINT2: Copied 0 rows.
2026-04-23 13:29:17,442 +0000Z  INFO  {FPL531} Copy FPL531
2026-04-23 13:29:17,447 +0000Z  INFO  {FPINT3} FPINT3: Copied 0 rows.
2026-04-23 13:29:17,449 +0000Z  INFO  {FPIOIN} FPIOIN: Copied 0 rows.
2026-04-23 13:29:17,449 +0000Z  INFO  {FPL551} Copy FPL551
2026-04-23 13:29:17,450 +0000Z  INFO  {FPL531} FPL531: Copied 0 rows.
2026-04-23 13:29:17,457 +0000Z  INFO  {FPLHST} Copy FPLHST
2026-04-23 13:29:17,457 +0000Z  INFO  {FPL551} FPL551: Copied 0 rows.
2026-04-23 13:29:17,463 +0000Z  INFO  {FPLHSX} Copy FPLHSX
2026-04-23 13:29:17,468 +0000Z  INFO  {FPLHST} FPLHST: Copied 0 rows.
2026-04-23 13:29:17,471 +0000Z  INFO  {FPLHSX} FPLHSX: Copied 0 rows.
2026-04-23 13:29:17,471 +0000Z  INFO  {FPLREC} Copy FPLREC
2026-04-23 13:29:17,476 +0000Z  INFO  {FPPIN1} Copy FPPIN1
2026-04-23 13:29:17,481 +0000Z  INFO  {FPLREC} FPLREC: Copied 0 rows.
2026-04-23 13:29:17,482 +0000Z  INFO  {FPPIN2} Copy FPPIN2
2026-04-23 13:29:17,487 +0000Z  INFO  {FPPIN1} FPPIN1: Copied 0 rows.
2026-04-23 13:29:17,489 +0000Z  INFO  {FPPIN3} Copy FPPIN3
2026-04-23 13:29:17,495 +0000Z  INFO  {FPPIN2} FPPIN2: Copied 0 rows.
2026-04-23 13:29:17,497 +0000Z  INFO  {FPPPAY} Copy FPPPAY
2026-04-23 13:29:17,505 +0000Z  INFO  {FPPPIN} Copy FPPPIN
2026-04-23 13:29:17,506 +0000Z  INFO  {FPPIN3} FPPIN3: Copied 0 rows.
2026-04-23 13:29:17,511 +0000Z  INFO  {FPSEUD} Copy FPSEUD
2026-04-23 13:29:17,514 +0000Z  INFO  {FPPPIN} FPPPIN: Copied 0 rows.
2026-04-23 13:29:17,516 +0000Z  INFO  {FPPPAY} FPPPAY: Copied 0 rows.
2026-04-23 13:29:17,517 +0000Z  INFO  {FPSPPA} Copy FPSPPA
2026-04-23 13:29:17,522 +0000Z  INFO  {FPSUGI} Copy FPSUGI
2026-04-23 13:29:17,523 +0000Z  INFO  {FPSEUD} FPSEUD: Copied 0 rows.
2026-04-23 13:29:17,528 +0000Z  INFO  {FPT500} Copy FPT500
2026-04-23 13:29:17,530 +0000Z  INFO  {FPSPPA} FPSPPA: Copied 0 rows.
2026-04-23 13:29:17,535 +0000Z  INFO  {FPSUGI} FPSUGI: Copied 0 rows.
2026-04-23 13:29:17,541 +0000Z  INFO  {FRCALA} Copy FRCALA
2026-04-23 13:29:17,542 +0000Z  INFO  {FPT500} FPT500: Copied 0 rows.
2026-04-23 13:29:17,545 +0000Z  INFO  {FRCALB} Copy FRCALB
2026-04-23 13:29:17,552 +0000Z  INFO  {FRCALC} Copy FRCALC
2026-04-23 13:29:17,558 +0000Z  INFO  {FRCALA} FRCALA: Copied 0 rows.
2026-04-23 13:29:17,559 +0000Z  INFO  {FRCALO} Copy FRCALO
2026-04-23 13:29:17,563 +0000Z  INFO  {FRCALB} FRCALB: Copied 0 rows.
2026-04-23 13:29:17,564 +0000Z  INFO  {FRCALC} FRCALC: Copied 0 rows.
2026-04-23 13:29:17,566 +0000Z  INFO  {FRCALP} Copy FRCALP
2026-04-23 13:29:17,569 +0000Z  INFO  {FRCALO} FRCALO: Copied 0 rows.
2026-04-23 13:29:17,571 +0000Z  INFO  {FRCALQ} Copy FRCALQ
2026-04-23 13:29:17,575 +0000Z  INFO  {FRCALP} FRCALP: Copied 0 rows.
2026-04-23 13:29:17,575 +0000Z  INFO  {FRCALR} Copy FRCALR
2026-04-23 13:29:17,580 +0000Z  INFO  {FRCALT} Copy FRCALT
2026-04-23 13:29:17,584 +0000Z  INFO  {FRCALQ} FRCALQ: Copied 0 rows.
2026-04-23 13:29:17,585 +0000Z  INFO  {FREBNK} Copy FREBNK
2026-04-23 13:29:17,589 +0000Z  INFO  {FRECDT} Copy FRECDT
2026-04-23 13:29:17,591 +0000Z  INFO  {FRCALT} FRCALT: Copied 0 rows.
2026-04-23 13:29:17,594 +0000Z  INFO  {FREBNK} FREBNK: Copied 0 rows.
2026-04-23 13:29:17,595 +0000Z  INFO  {FRCALR} FRCALR: Copied 0 rows.
2026-04-23 13:29:17,596 +0000Z  INFO  {FRECHE} Copy FRECHE
2026-04-23 13:29:17,602 +0000Z  INFO  {FRECDT} FRECDT: Copied 0 rows.
2026-04-23 13:29:17,603 +0000Z  INFO  {FRECOA} Copy FRECOA
2026-04-23 13:29:17,611 +0000Z  INFO  {FRECHE} FRECHE: Copied 0 rows.
2026-04-23 13:29:17,614 +0000Z  INFO  {FRECOD} Copy FRECOD
2026-04-23 13:29:17,618 +0000Z  INFO  {FRECOA} FRECOA: Copied 0 rows.
2026-04-23 13:29:17,621 +0000Z  INFO  {FRECOH} Copy FRECOH
2026-04-23 13:29:17,628 +0000Z  INFO  {FRECUS} Copy FRECUS
2026-04-23 13:29:17,636 +0000Z  INFO  {FRECOD} FRECOD: Copied 0 rows.
2026-04-23 13:29:17,639 +0000Z  INFO  {FRECOH} FRECOH: Copied 0 rows.
2026-04-23 13:29:17,650 +0000Z  INFO  {FRECUS} FRECUS: Copied 0 rows.
2026-04-23 13:29:17,656 +0000Z  INFO  {FREDHE} Copy FREDHE
2026-04-23 13:29:17,692 +0000Z  INFO  {FREDHE} FREDHE: Copied 0 rows.
2026-04-23 13:29:17,707 +0000Z  INFO  {FREDSE} Copy FREDSE
2026-04-23 13:29:17,720 +0000Z  INFO  {FREFAH} Copy FREFAH
2026-04-23 13:29:17,731 +0000Z  INFO  {FREDSE} FREDSE: Copied 0 rows.
2026-04-23 13:29:17,733 +0000Z  INFO  {FREFAH} FREFAH: Copied 0 rows.
2026-04-23 13:29:17,735 +0000Z  INFO  {FREFAM} Copy FREFAM
2026-04-23 13:29:17,747 +0000Z  INFO  {FREGLD} Copy FREGLD
2026-04-23 13:29:17,756 +0000Z  INFO  {FREFAM} FREFAM: Copied 0 rows.
2026-04-23 13:29:17,758 +0000Z  INFO  {FREGPD} Copy FREGPD
2026-04-23 13:29:17,770 +0000Z  INFO  {FREGLD} FREGLD: Copied 0 rows.
2026-04-23 13:29:17,772 +0000Z  INFO  {FREGPH} Copy FREGPH
2026-04-23 13:29:17,777 +0000Z  INFO  {FREGPD} FREGPD: Copied 0 rows.
2026-04-23 13:29:17,780 +0000Z  INFO  {FREGRD} Copy FREGRD
2026-04-23 13:29:17,781 +0000Z  INFO  {FREGPH} FREGPH: Copied 0 rows.
2026-04-23 13:29:17,788 +0000Z  INFO  {FREGRH} Copy FREGRH
2026-04-23 13:29:17,791 +0000Z  INFO  {FREGRD} FREGRD: Copied 0 rows.
2026-04-23 13:29:17,797 +0000Z  INFO  {FREHED} Copy FREHED
2026-04-23 13:29:17,798 +0000Z  INFO  {FREGRH} FREGRH: Copied 0 rows.
2026-04-23 13:29:17,802 +0000Z  INFO  {FREITM} Copy FREITM
2026-04-23 13:29:17,818 +0000Z  INFO  {FREITM} FREITM: Copied 0 rows.
2026-04-23 13:29:17,822 +0000Z  INFO  {FREIVA} Copy FREIVA
2026-04-23 13:29:17,830 +0000Z  INFO  {FREHED} FREHED: Copied 0 rows.
2026-04-23 13:29:17,836 +0000Z  INFO  {FREIVA} FREIVA: Copied 0 rows.
2026-04-23 13:29:17,838 +0000Z  INFO  {FREPAY} Copy FREPAY
2026-04-23 13:29:17,844 +0000Z  INFO  {FREPIH} Copy FREPIH
2026-04-23 13:29:17,871 +0000Z  INFO  {FREPIL} Copy FREPIL
2026-04-23 13:29:17,888 +0000Z  INFO  {FREPAY} FREPAY: Copied 0 rows.
2026-04-23 13:29:17,894 +0000Z  INFO  {FREPRD} Copy FREPRD
2026-04-23 13:29:17,899 +0000Z  INFO  {FREPIL} FREPIL: Copied 0 rows.
2026-04-23 13:29:17,904 +0000Z  INFO  {FREPIH} FREPIH: Copied 0 rows.
2026-04-23 13:29:17,909 +0000Z  INFO  {FREPRH} Copy FREPRH
2026-04-23 13:29:17,924 +0000Z  INFO  {FRESEC} Copy FRESEC
2026-04-23 13:29:17,928 +0000Z  INFO  {FREPRD} FREPRD: Copied 0 rows.
2026-04-23 13:29:17,932 +0000Z  INFO  {FRESIC} Copy FRESIC
2026-04-23 13:29:17,940 +0000Z  INFO  {FRESEC} FRESEC: Copied 0 rows.
2026-04-23 13:29:17,947 +0000Z  INFO  {FREPRH} FREPRH: Copied 0 rows.
2026-04-23 13:29:17,950 +0000Z  INFO  {FRESIH} Copy FRESIH
2026-04-23 13:29:17,961 +0000Z  INFO  {FRESIC} FRESIC: Copied 0 rows.
2026-04-23 13:29:17,971 +0000Z  INFO  {FRESIL} Copy FRESIL
2026-04-23 13:29:17,984 +0000Z  INFO  {FRESIL} FRESIL: Copied 0 rows.
2026-04-23 13:29:17,986 +0000Z  INFO  {FRESIH} FRESIH: Copied 0 rows.
2026-04-23 13:29:17,987 +0000Z  INFO  {FRESTK} Copy FRESTK
2026-04-23 13:29:18,000 +0000Z  INFO  {FRESTK} FRESTK: Copied 0 rows.
2026-04-23 13:29:18,005 +0000Z  INFO  {FRESUP} Copy FRESUP
2026-04-23 13:29:18,018 +0000Z  INFO  {FREUOM} Copy FREUOM
2026-04-23 13:29:18,024 +0000Z  INFO  {FRESUP} FRESUP: Copied 0 rows.
2026-04-23 13:29:18,025 +0000Z  INFO  {FREVTP} Copy FREVTP
2026-04-23 13:29:18,036 +0000Z  INFO  {FREUOM} FREUOM: Copied 0 rows.
2026-04-23 13:29:18,041 +0000Z  INFO  {FREWHT} Copy FREWHT
2026-04-23 13:29:18,042 +0000Z  INFO  {FREVTP} FREVTP: Copied 0 rows.
2026-04-23 13:29:18,046 +0000Z  INFO  {FRG224} Copy FRG224
2026-04-23 13:29:18,051 +0000Z  INFO  {FREWHT} FREWHT: Copied 0 rows.
2026-04-23 13:29:18,054 +0000Z  INFO  {FRG651} Copy FRG651
2026-04-23 13:29:18,057 +0000Z  INFO  {FRG224} FRG224: Copied 0 rows.
2026-04-23 13:29:18,062 +0000Z  INFO  {FRJPER} Copy FRJPER
2026-04-23 13:29:18,080 +0000Z  INFO  {FRG651} FRG651: Copied 0 rows.
2026-04-23 13:29:18,083 +0000Z  INFO  {FRJVOD} Copy FRJVOD
2026-04-23 13:29:18,087 +0000Z  INFO  {FRJVOH} Copy FRJVOH
2026-04-23 13:29:18,088 +0000Z  INFO  {FRJPER} FRJPER: Copied 0 rows.
2026-04-23 13:29:18,091 +0000Z  INFO  {FRM210} Copy FRM210
2026-04-23 13:29:18,092 +0000Z  INFO  {FRJVOD} FRJVOD: Copied 0 rows.
2026-04-23 13:29:18,096 +0000Z  INFO  {FRM401} Copy FRM401
2026-04-23 13:29:18,097 +0000Z  INFO  {FRJVOH} FRJVOH: Copied 0 rows.
2026-04-23 13:29:18,101 +0000Z  INFO  {FRM210} FRM210: Copied 0 rows.
2026-04-23 13:29:18,102 +0000Z  INFO  {FRM563} Copy FRM563
2026-04-23 13:29:18,107 +0000Z  INFO  {FRM401} FRM401: Copied 0 rows.
2026-04-23 13:29:18,108 +0000Z  INFO  {FRM566} Copy FRM566
2026-04-23 13:29:18,112 +0000Z  INFO  {FRM563} FRM563: Copied 0 rows.
2026-04-23 13:29:18,114 +0000Z  INFO  {FRRPDH} Copy FRRPDH
2026-04-23 13:29:18,117 +0000Z  INFO  {FRM566} FRM566: Copied 0 rows.
2026-04-23 13:29:18,120 +0000Z  INFO  {FRRPDL} Copy FRRPDL
2026-04-23 13:29:18,124 +0000Z  INFO  {FRRPDH} FRRPDH: Copied 0 rows.
2026-04-23 13:29:18,125 +0000Z  INFO  {FSA170} Copy FSA170
2026-04-23 13:29:18,128 +0000Z  INFO  {FRRPDL} FRRPDL: Copied 0 rows.
2026-04-23 13:29:18,131 +0000Z  INFO  {FSAPRN} Copy FSAPRN
2026-04-23 13:29:18,135 +0000Z  INFO  {FSA170} FSA170: Copied 0 rows.
2026-04-23 13:29:18,143 +0000Z  INFO  {FSL551} Copy FSL551
2026-04-23 13:29:18,144 +0000Z  INFO  {FSAPRN} FSAPRN: Copied 0 rows.
2026-04-23 13:29:18,162 +0000Z  INFO  {FSLGP1} Copy FSLGP1
2026-04-23 13:29:18,163 +0000Z  INFO  {FSL551} FSL551: Copied 0 rows.
2026-04-23 13:29:18,185 +0000Z  INFO  {FSLGP2} Copy FSLGP2
2026-04-23 13:29:18,185 +0000Z  INFO  {FSLGP1} FSLGP1: Copied 0 rows.
2026-04-23 13:29:18,197 +0000Z  INFO  {FSLGP3} Copy FSLGP3
2026-04-23 13:29:18,206 +0000Z  INFO  {FSLHST} Copy FSLHST
2026-04-23 13:29:18,209 +0000Z  INFO  {FSLGP2} FSLGP2: Copied 0 rows.
2026-04-23 13:29:18,210 +0000Z  INFO  {FSLHSX} Copy FSLHSX
2026-04-23 13:29:18,212 +0000Z  INFO  {FSLGP3} FSLGP3: Copied 0 rows.
2026-04-23 13:29:18,214 +0000Z  INFO  {FSLHST} FSLHST: Copied 0 rows.
2026-04-23 13:29:18,215 +0000Z  INFO  {FSLREC} Copy FSLREC
2026-04-23 13:29:18,220 +0000Z  INFO  {FSLHSX} FSLHSX: Copied 0 rows.
2026-04-23 13:29:18,220 +0000Z  INFO  {FSLREF} Copy FSLREF
2026-04-23 13:29:18,223 +0000Z  INFO  {FSLREC} FSLREC: Copied 0 rows.
2026-04-23 13:29:18,225 +0000Z  INFO  {FSSMT1} Copy FSSMT1
2026-04-23 13:29:18,229 +0000Z  INFO  {FSSMT2} Copy FSSMT2
2026-04-23 13:29:18,233 +0000Z  INFO  {FSLREF} FSLREF: Copied 0 rows.
2026-04-23 13:29:18,234 +0000Z  INFO  {FSSMT3} Copy FSSMT3
2026-04-23 13:29:18,235 +0000Z  INFO  {FSSMT1} FSSMT1: Copied 0 rows.
2026-04-23 13:29:18,238 +0000Z  INFO  {FSTATX} Copy FSTATX
2026-04-23 13:29:18,240 +0000Z  INFO  {FSSMT2} FSSMT2: Copied 0 rows.
2026-04-23 13:29:18,242 +0000Z  INFO  {FSTMT4} Copy FSTMT4
2026-04-23 13:29:18,254 +0000Z  INFO  {FSTMT4} FSTMT4: Copied 0 rows.
2026-04-23 13:29:18,255 +0000Z  INFO  {FSTATX} FSTATX: Copied 0 rows.
2026-04-23 13:29:18,257 +0000Z  INFO  {FSSMT3} FSSMT3: Copied 0 rows.
2026-04-23 13:29:18,293 +0000Z  INFO  {FTAFDM} Copy FTAFDM
2026-04-23 13:29:18,298 +0000Z  INFO  {FTAFHS} Copy FTAFHS
2026-04-23 13:29:18,305 +0000Z  INFO  {FTAFDM} FTAFDM: Copied 0 rows.
2026-04-23 13:29:18,310 +0000Z  INFO  {FTAFSM} Copy FTAFSM
2026-04-23 13:29:18,323 +0000Z  INFO  {FTAFHS} FTAFHS: Copied 0 rows.
2026-04-23 13:29:18,323 +0000Z  INFO  {FTAFSX} Copy FTAFSX
2026-04-23 13:29:18,331 +0000Z  INFO  {FTAFSM} FTAFSM: Copied 0 rows.
2026-04-23 13:29:18,341 +0000Z  INFO  {FTAMGL} Copy FTAMGL
2026-04-23 13:29:18,341 +0000Z  INFO  {FTAFSX} FTAFSX: Copied 0 rows.
2026-04-23 13:29:18,356 +0000Z  INFO  {FTAMGL} FTAMGL: Copied 0 rows.
2026-04-23 13:29:18,433 +0000Z  INFO  {FTAXAD} Copy FTAXAD
2026-04-23 13:29:18,442 +0000Z  INFO  {FTAXR4} Copy FTAXR4
2026-04-23 13:29:18,445 +0000Z  INFO  {FTAXAD} FTAXAD: Copied 0 rows.
2026-04-23 13:29:18,448 +0000Z  INFO  {FTAXR5} Copy FTAXR5
2026-04-23 13:29:18,454 +0000Z  INFO  {FTAXR4} FTAXR4: Copied 0 rows.
2026-04-23 13:29:18,454 +0000Z  INFO  {FTAXTR} Copy FTAXTR
2026-04-23 13:29:18,460 +0000Z  INFO  {FTAXR5} FTAXR5: Copied 0 rows.
2026-04-23 13:29:18,473 +0000Z  INFO  {FTBANK} Copy FTBANK
2026-04-23 13:29:18,476 +0000Z  INFO  {FTAXTR} FTAXTR: Copied 0 rows.
2026-04-23 13:29:18,482 +0000Z  INFO  {FTRSCD} Copy FTRSCD
2026-04-23 13:29:18,486 +0000Z  INFO  {FTBANK} FTBANK: Copied 0 rows.
2026-04-23 13:29:18,487 +0000Z  INFO  {FTRSCG} Copy FTRSCG
2026-04-23 13:29:18,493 +0000Z  INFO  {FTRSCH} Copy FTRSCH
2026-04-23 13:29:18,501 +0000Z  INFO  {FTRSCG} FTRSCG: Copied 0 rows.
2026-04-23 13:29:18,502 +0000Z  INFO  {FTRSCD} FTRSCD: Copied 0 rows.
2026-04-23 13:29:18,512 +0000Z  INFO  {FTX101} Copy FTX101
2026-04-23 13:29:18,516 +0000Z  INFO  {FTRSCH} FTRSCH: Copied 0 rows.
2026-04-23 13:29:18,519 +0000Z  INFO  {FTX102} Copy FTX102
2026-04-23 13:29:18,530 +0000Z  INFO  {FTX104} Copy FTX104
2026-04-23 13:29:18,531 +0000Z  INFO  {FTX101} FTX101: Copied 0 rows.
2026-04-23 13:29:18,533 +0000Z  INFO  {FTX102} FTX102: Copied 0 rows.
2026-04-23 13:29:18,535 +0000Z  INFO  {FTX107} Copy FTX107
2026-04-23 13:29:18,544 +0000Z  INFO  {FTX107} FTX107: Copied 0 rows.
2026-04-23 13:29:18,546 +0000Z  INFO  {FTX108} Copy FTX108
2026-04-23 13:29:18,553 +0000Z  INFO  {FTX109} Copy FTX109
2026-04-23 13:29:18,557 +0000Z  INFO  {FTX104} FTX104: Copied 0 rows.
2026-04-23 13:29:18,557 +0000Z  INFO  {FTX110} Copy FTX110
2026-04-23 13:29:18,558 +0000Z  INFO  {FTX108} FTX108: Copied 0 rows.
2026-04-23 13:29:18,562 +0000Z  INFO  {FTX111} Copy FTX111
2026-04-23 13:29:18,568 +0000Z  INFO  {FTX110} FTX110: Copied 0 rows.
2026-04-23 13:29:18,571 +0000Z  INFO  {FTX116} Copy FTX116
2026-04-23 13:29:18,572 +0000Z  INFO  {FTX109} FTX109: Copied 0 rows.
2026-04-23 13:29:18,579 +0000Z  INFO  {FTX117} Copy FTX117
2026-04-23 13:29:18,587 +0000Z  INFO  {FTX131} Copy FTX131
2026-04-23 13:29:18,593 +0000Z  INFO  {FTX111} FTX111: Copied 0 rows.
2026-04-23 13:29:18,593 +0000Z  INFO  {FTX141} Copy FTX141
2026-04-23 13:29:18,594 +0000Z  INFO  {FTX117} FTX117: Copied 0 rows.
2026-04-23 13:29:18,595 +0000Z  INFO  {FTX116} FTX116: Copied 0 rows.
2026-04-23 13:29:18,599 +0000Z  INFO  {FTX131} FTX131: Copied 0 rows.
2026-04-23 13:29:18,603 +0000Z  INFO  {FTX900} Copy FTX900
2026-04-23 13:29:18,616 +0000Z  INFO  {FTX141} FTX141: Copied 0 rows.
2026-04-23 13:29:18,616 +0000Z  INFO  {FTX900} FTX900: Copied 0 rows.
2026-04-23 13:29:18,618 +0000Z  INFO  {FTXADJ} Copy FTXADJ
2026-04-23 13:29:18,626 +0000Z  INFO  {FTXAGS} Copy FTXAGS
2026-04-23 13:29:18,634 +0000Z  INFO  {FTXADJ} FTXADJ: Copied 0 rows.
2026-04-23 13:29:18,646 +0000Z  INFO  {FTXAGS} FTXAGS: Copied 0 rows.
2026-04-23 13:29:18,696 +0000Z  INFO  {FTXGLL} Copy FTXGLL
2026-04-23 13:29:18,704 +0000Z  INFO  {FTXGLR} Copy FTXGLR
2026-04-23 13:29:18,706 +0000Z  INFO  {FTXGLL} FTXGLL: Copied 0 rows.
2026-04-23 13:29:18,714 +0000Z  INFO  {FTXGLV} Copy FTXGLV
2026-04-23 13:29:18,727 +0000Z  INFO  {FTXGLW} Copy FTXGLW
2026-04-23 13:29:18,728 +0000Z  INFO  {FTXGLR} FTXGLR: Copied 0 rows.
2026-04-23 13:29:18,740 +0000Z  INFO  {FTXGLV} FTXGLV: Copied 0 rows.
2026-04-23 13:29:18,749 +0000Z  INFO  {FTXGLW} FTXGLW: Copied 0 rows.
2026-04-23 13:29:18,752 +0000Z  INFO  {FTXIAC} Copy FTXIAC
2026-04-23 13:29:18,758 +0000Z  INFO  {FTXIAP} Copy FTXIAP
2026-04-23 13:29:18,769 +0000Z  INFO  {FTXIAC} FTXIAC: Copied 0 rows.
2026-04-23 13:29:18,775 +0000Z  INFO  {FTXIAR} Copy FTXIAR
2026-04-23 13:29:18,784 +0000Z  INFO  {FTXIAP} FTXIAP: Copied 0 rows.
2026-04-23 13:29:18,788 +0000Z  INFO  {FTXILL} Copy FTXILL
2026-04-23 13:29:18,793 +0000Z  INFO  {FTXIAR} FTXIAR: Copied 0 rows.
2026-04-23 13:29:18,797 +0000Z  INFO  {FTXINC} Copy FTXINC
2026-04-23 13:29:18,801 +0000Z  INFO  {FTXILL} FTXILL: Copied 0 rows.
2026-04-23 13:29:18,807 +0000Z  INFO  {FTXINC} FTXINC: Copied 0 rows.
2026-04-23 13:29:18,811 +0000Z  INFO  {FTXINS} Copy FTXINS
2026-04-23 13:29:18,824 +0000Z  INFO  {FTXIRD} Copy FTXIRD
2026-04-23 13:29:18,835 +0000Z  INFO  {FTXINS} FTXINS: Copied 0 rows.
2026-04-23 13:29:18,836 +0000Z  INFO  {FTXIRD} FTXIRD: Copied 0 rows.
2026-04-23 13:29:18,840 +0000Z  INFO  {FTXIRH} Copy FTXIRH
2026-04-23 13:29:18,851 +0000Z  INFO  {FTXIRL} Copy FTXIRL
2026-04-23 13:29:18,854 +0000Z  INFO  {FTXIRH} FTXIRH: Copied 0 rows.
2026-04-23 13:29:18,867 +0000Z  INFO  {FTXITC} Copy FTXITC
2026-04-23 13:29:18,869 +0000Z  INFO  {FTXIRL} FTXIRL: Copied 0 rows.
2026-04-23 13:29:18,875 +0000Z  INFO  {FTXITH} Copy FTXITH
2026-04-23 13:29:18,888 +0000Z  INFO  {FTXITC} FTXITC: Copied 0 rows.
2026-04-23 13:29:18,900 +0000Z  INFO  {FTXITI} Copy FTXITI
2026-04-23 13:29:18,907 +0000Z  INFO  {FTXITH} FTXITH: Copied 0 rows.
2026-04-23 13:29:18,916 +0000Z  INFO  {FTXITI} FTXITI: Copied 0 rows.
2026-04-23 13:29:18,919 +0000Z  INFO  {FTXITL} Copy FTXITL
2026-04-23 13:29:18,936 +0000Z  INFO  {FTXITR} Copy FTXITR
2026-04-23 13:29:18,943 +0000Z  INFO  {FTXITL} FTXITL: Copied 0 rows.
2026-04-23 13:29:18,944 +0000Z  INFO  {FTXITW} Copy FTXITW
2026-04-23 13:29:18,951 +0000Z  INFO  {FTXITR} FTXITR: Copied 0 rows.
2026-04-23 13:29:18,952 +0000Z  INFO  {FTXJOB} Copy FTXJOB
2026-04-23 13:29:18,955 +0000Z  INFO  {FTXITW} FTXITW: Copied 0 rows.
2026-04-23 13:29:18,975 +0000Z  INFO  {FTXJOB} FTXJOB: Copied 0 rows.
2026-04-23 13:29:18,986 +0000Z  INFO  {FTXNEX} Copy FTXNEX
2026-04-23 13:29:19,016 +0000Z  INFO  {FTXNEX} FTXNEX: Copied 0 rows.
2026-04-23 13:29:19,039 +0000Z  INFO  {FTXTXC} Copy FTXTXC
2026-04-23 13:29:19,055 +0000Z  INFO  {FTXTXC} FTXTXC: Copied 0 rows.
2026-04-23 13:29:19,058 +0000Z  INFO  {FTXVCT} Copy FTXVCT
2026-04-23 13:29:19,074 +0000Z  INFO  {FTXVOP} Copy FTXVOP
2026-04-23 13:29:19,080 +0000Z  INFO  {FTXVCT} FTXVCT: Copied 0 rows.
2026-04-23 13:29:19,080 +0000Z  INFO  {FTXVPD} Copy FTXVPD
2026-04-23 13:29:19,088 +0000Z  INFO  {FTXVPR} Copy FTXVPR
2026-04-23 13:29:19,096 +0000Z  INFO  {FTXVPR} FTXVPR: Copied 0 rows.
2026-04-23 13:29:19,103 +0000Z  INFO  {FTXVOP} FTXVOP: Copied 0 rows.
2026-04-23 13:29:19,105 +0000Z  INFO  {FTXVPD} FTXVPD: Copied 0 rows.
2026-04-23 13:29:19,109 +0000Z  INFO  {FTXVPW} Copy FTXVPW
2026-04-23 13:29:19,117 +0000Z  INFO  {FTXVRN} Copy FTXVRN
2026-04-23 13:29:19,118 +0000Z  INFO  {FTXVPW} FTXVPW: Copied 0 rows.
2026-04-23 13:29:19,137 +0000Z  INFO  {FTXVVD} Copy FTXVVD
2026-04-23 13:29:19,138 +0000Z  INFO  {FTXVRN} FTXVRN: Copied 0 rows.
2026-04-23 13:29:19,153 +0000Z  INFO  {FTXVVL} Copy FTXVVL
2026-04-23 13:29:19,158 +0000Z  INFO  {FTXVVD} FTXVVD: Copied 0 rows.
2026-04-23 13:29:19,162 +0000Z  INFO  {FURGLS} Copy FURGLS
2026-04-23 13:29:19,163 +0000Z  INFO  {FTXVVL} FTXVVL: Copied 0 rows.
2026-04-23 13:29:19,172 +0000Z  INFO  {FURGSM} Copy FURGSM
2026-04-23 13:29:19,181 +0000Z  INFO  {FURGLS} FURGLS: Copied 0 rows.
2026-04-23 13:29:19,188 +0000Z  INFO  {FURPLS} Copy FURPLS
2026-04-23 13:29:19,192 +0000Z  INFO  {FURGSM} FURGSM: Copied 0 rows.
2026-04-23 13:29:19,196 +0000Z  INFO  {FURPSM} Copy FURPSM
2026-04-23 13:29:19,201 +0000Z  INFO  {FURSLS} Copy FURSLS
2026-04-23 13:29:19,207 +0000Z  INFO  {FURPLS} FURPLS: Copied 0 rows.
2026-04-23 13:29:19,209 +0000Z  INFO  {FURSSM} Copy FURSSM
2026-04-23 13:29:19,209 +0000Z  INFO  {FURPSM} FURPSM: Copied 0 rows.
2026-04-23 13:29:19,218 +0000Z  INFO  {FVATDT} Copy FVATDT
2026-04-23 13:29:19,219 +0000Z  INFO  {FURSLS} FURSLS: Copied 0 rows.
2026-04-23 13:29:19,226 +0000Z  INFO  {FURSSM} FURSSM: Copied 0 rows.
2026-04-23 13:29:19,236 +0000Z  INFO  {FVATGL} Copy FVATGL
2026-04-23 13:29:19,241 +0000Z  INFO  {FVATGR} Copy FVATGR
2026-04-23 13:29:19,249 +0000Z  INFO  {FVATGL} FVATGL: Copied 0 rows.
2026-04-23 13:29:19,251 +0000Z  INFO  {FVATDT} FVATDT: Copied 0 rows.
2026-04-23 13:29:19,252 +0000Z  INFO  {FVATIN} Copy FVATIN
2026-04-23 13:29:19,252 +0000Z  INFO  {FVATGR} FVATGR: Copied 0 rows.
2026-04-23 13:29:19,258 +0000Z  INFO  {FVATLI} Copy FVATLI
2026-04-23 13:29:19,267 +0000Z  INFO  {FVATLI} FVATLI: Copied 0 rows.
2026-04-23 13:29:19,268 +0000Z  INFO  {FVATRS} Copy FVATRS
2026-04-23 13:29:19,270 +0000Z  INFO  {FVATIN} FVATIN: Copied 0 rows.
2026-04-23 13:29:19,277 +0000Z  INFO  {FVATRX} Copy FVATRX
2026-04-23 13:29:19,278 +0000Z  INFO  {FVATRS} FVATRS: Copied 0 rows.
2026-04-23 13:29:19,284 +0000Z  INFO  {FVATTX} Copy FVATTX
2026-04-23 13:29:19,291 +0000Z  INFO  {FVEASA} Copy FVEASA
2026-04-23 13:29:19,297 +0000Z  INFO  {FVATTX} FVATTX: Copied 0 rows.
2026-04-23 13:29:19,298 +0000Z  INFO  {FVEASL} Copy FVEASL
2026-04-23 13:29:19,301 +0000Z  INFO  {FVATRX} FVATRX: Copied 0 rows.
2026-04-23 13:29:19,303 +0000Z  INFO  {FVEASA} FVEASA: Copied 0 rows.
2026-04-23 13:29:19,306 +0000Z  INFO  {FVEATA} Copy FVEATA
2026-04-23 13:29:19,312 +0000Z  INFO  {FVEATL} Copy FVEATL
2026-04-23 13:29:19,323 +0000Z  INFO  {FVEATL} FVEATL: Copied 0 rows.
2026-04-23 13:29:19,324 +0000Z  INFO  {FVEASL} FVEASL: Copied 0 rows.
2026-04-23 13:29:19,325 +0000Z  INFO  {FVTRUL} Copy FVTRUL
2026-04-23 13:29:19,333 +0000Z  INFO  {FVTUDH} Copy FVTUDH
2026-04-23 13:29:19,334 +0000Z  INFO  {FVEATA} FVEATA: Copied 0 rows.
2026-04-23 13:29:19,346 +0000Z  INFO  {FVTRUL} FVTRUL: Copied 0 rows.
2026-04-23 13:29:19,357 +0000Z  INFO  {FVTUDH} FVTUDH: Copied 0 rows.
2026-04-23 13:29:19,360 +0000Z  INFO  {FVTUDL} Copy FVTUDL
2026-04-23 13:29:19,389 +0000Z  INFO  {FVTUDL} FVTUDL: Copied 0 rows.
2026-04-23 13:29:19,406 +0000Z  INFO  {FVTUDO} Copy FVTUDO
2026-04-23 13:29:19,416 +0000Z  INFO  {FVTUDT} Copy FVTUDT
2026-04-23 13:29:19,427 +0000Z  INFO  {FVTUDW} Copy FVTUDW
2026-04-23 13:29:19,440 +0000Z  INFO  {FVTUDT} FVTUDT: Copied 0 rows.
2026-04-23 13:29:19,445 +0000Z  INFO  {FVTUDW} FVTUDW: Copied 0 rows.
2026-04-23 13:29:19,446 +0000Z  INFO  {FWCDFJ} Copy FWCDFJ
2026-04-23 13:29:19,453 +0000Z  INFO  {FWDCNI} Copy FWDCNI
2026-04-23 13:29:19,453 +0000Z  INFO  {FVTUDO} FVTUDO: Copied 0 rows.
2026-04-23 13:29:19,460 +0000Z  INFO  {FWTCTD} Copy FWTCTD
2026-04-23 13:29:19,463 +0000Z  INFO  {FWCDFJ} FWCDFJ: Copied 0 rows.
2026-04-23 13:29:19,467 +0000Z  INFO  {FWDCNI} FWDCNI: Copied 0 rows.
2026-04-23 13:29:19,474 +0000Z  INFO  {FWTCTD} FWTCTD: Copied 0 rows.
2026-04-23 13:29:19,476 +0000Z  INFO  {GMCHAD} Copy GMCHAD
2026-04-23 13:29:19,490 +0000Z  INFO  {GMCHAH} Copy GMCHAH
2026-04-23 13:29:19,502 +0000Z  INFO  {GMCOMP} Copy GMCOMP
2026-04-23 13:29:19,506 +0000Z  INFO  {GMCHAD} GMCHAD: Copied 0 rows.
2026-04-23 13:29:19,509 +0000Z  INFO  {GMCHAH} GMCHAH: Copied 0 rows.
2026-04-23 13:29:19,511 +0000Z  INFO  {GMCOPR} Copy GMCOPR
2026-04-23 13:29:19,519 +0000Z  INFO  {GMCOMP} GMCOMP: Copied 0 rows.
2026-04-23 13:29:19,522 +0000Z  INFO  {GMCOPR} GMCOPR: Copied 0 rows.
2026-04-23 13:29:19,525 +0000Z  INFO  {GMMCEL} Copy GMMCEL
2026-04-23 13:29:19,531 +0000Z  INFO  {GMMCFC} Copy GMMCFC
2026-04-23 13:29:19,534 +0000Z  INFO  {GMMCEL} GMMCEL: Copied 0 rows.
2026-04-23 13:29:19,536 +0000Z  INFO  {GMMCGL} Copy GMMCGL
2026-04-23 13:29:19,545 +0000Z  INFO  {GMMCST} Copy GMMCST
2026-04-23 13:29:19,557 +0000Z  INFO  {GMSUBU} Copy GMSUBU
2026-04-23 13:29:19,558 +0000Z  INFO  {GMMCFC} GMMCFC: Copied 0 rows.
2026-04-23 13:29:19,574 +0000Z  INFO  {GMMCST} GMMCST: Copied 0 rows.
2026-04-23 13:29:19,575 +0000Z  INFO  {GMSUGL} Copy GMSUGL
2026-04-23 13:29:19,580 +0000Z  INFO  {GMMCGL} GMMCGL: Copied 0 rows.
2026-04-23 13:29:19,583 +0000Z  INFO  {GMSUGL} GMSUGL: Copied 0 rows.
2026-04-23 13:29:19,588 +0000Z  INFO  {HCLASS} Copy HCLASS
2026-04-23 13:29:19,590 +0000Z  INFO  {GMSUBU} GMSUBU: Copied 0 rows.
2026-04-23 13:29:19,599 +0000Z  INFO  {HCLSOP} Copy HCLSOP
2026-04-23 13:29:19,603 +0000Z  INFO  {HCLASS} HCLASS: Copied 0 rows.
2026-04-23 13:29:19,603 +0000Z  INFO  {HCLSSC} Copy HCLSSC
2026-04-23 13:29:19,614 +0000Z  INFO  {HCLSSG} Copy HCLSSG
2026-04-23 13:29:19,618 +0000Z  INFO  {HCLSOP} HCLSOP: Copied 0 rows.
2026-04-23 13:29:19,630 +0000Z  INFO  {HCLSSC} HCLSSC: Copied 0 rows.
2026-04-23 13:29:19,645 +0000Z  INFO  {HCLSSG} HCLSSG: Copied 0 rows.
2026-04-23 13:29:19,659 +0000Z  INFO  {HKYCON} Copy HKYCON
2026-04-23 13:29:19,664 +0000Z  INFO  {HMSMHI} Copy HMSMHI
2026-04-23 13:29:19,675 +0000Z  INFO  {HMSMOP} Copy HMSMOP
2026-04-23 13:29:19,675 +0000Z  INFO  {HKYCON} HKYCON: Copied 0 rows.
2026-04-23 13:29:19,680 +0000Z  INFO  {HMSMSC} Copy HMSMSC
2026-04-23 13:29:19,680 +0000Z  INFO  {HMSMHI} HMSMHI: Copied 0 rows.
2026-04-23 13:29:19,689 +0000Z  INFO  {HMSMOP} HMSMOP: Copied 0 rows.
2026-04-23 13:29:19,695 +0000Z  INFO  {HMSMSG} Copy HMSMSG
2026-04-23 13:29:19,701 +0000Z  INFO  {HMSMSC} HMSMSC: Copied 0 rows.
2026-04-23 13:29:19,709 +0000Z  INFO  {HMSMTP} Copy HMSMTP
2026-04-23 13:29:19,716 +0000Z  INFO  {HMSMSG} HMSMSG: Copied 0 rows.
2026-04-23 13:29:19,720 +0000Z  INFO  {HMSMVA} Copy HMSMVA
2026-04-23 13:29:19,724 +0000Z  INFO  {HMSMTP} HMSMTP: Copied 0 rows.
2026-04-23 13:29:19,734 +0000Z  INFO  {HMSMVA} HMSMVA: Copied 0 rows.
2026-04-23 13:29:19,745 +0000Z  INFO  {HSCFAM} Copy HSCFAM
2026-04-23 13:29:19,765 +0000Z  INFO  {HSCFID} Copy HSCFID
2026-04-23 13:29:19,774 +0000Z  INFO  {HSCPGM} Copy HSCPGM
2026-04-23 13:29:19,775 +0000Z  INFO  {HSCFAM} HSCFAM: Copied 0 rows.
2026-04-23 13:29:19,789 +0000Z  INFO  {HSELCL} Copy HSELCL
2026-04-23 13:29:19,792 +0000Z  INFO  {HSCPGM} HSCPGM: Copied 0 rows.
2026-04-23 13:29:19,794 +0000Z  INFO  {HSCFID} HSCFID: Copied 0 rows.
2026-04-23 13:29:19,803 +0000Z  INFO  {HSELCL} HSELCL: Copied 0 rows.
2026-04-23 13:29:19,805 +0000Z  INFO  {HSYTXH} Copy HSYTXH
2026-04-23 13:29:19,813 +0000Z  INFO  {HSYTXH} HSYTXH: Copied 0 rows.
2026-04-23 13:29:19,815 +0000Z  INFO  {HSYTXL} Copy HSYTXL
2026-04-23 13:29:19,821 +0000Z  INFO  {HTPFLD} Copy HTPFLD
2026-04-23 13:29:19,823 +0000Z  INFO  {HSYTXL} HSYTXL: Copied 0 rows.
2026-04-23 13:29:19,826 +0000Z  INFO  {HTPFVA} Copy HTPFVA
2026-04-23 13:29:19,839 +0000Z  INFO  {HTPFVA} HTPFVA: Copied 0 rows.
2026-04-23 13:29:19,841 +0000Z  INFO  {HTPFLD} HTPFLD: Copied 0 rows.
2026-04-23 13:29:19,844 +0000Z  INFO  {HTPHEA} Copy HTPHEA
2026-04-23 13:29:19,868 +0000Z  INFO  {HTPHEA} HTPHEA: Copied 0 rows.
2026-04-23 13:29:19,898 +0000Z  INFO  {ICUSMA} Copy ICUSMA
2026-04-23 13:29:19,903 +0000Z  INFO  {IEMPGM} Copy IEMPGM
2026-04-23 13:29:19,911 +0000Z  INFO  {IEWPGM} Copy IEWPGM
2026-04-23 13:29:19,927 +0000Z  INFO  {IEWPGM} IEWPGM: Copied 0 rows.
2026-04-23 13:29:19,930 +0000Z  INFO  {IEMPGM} IEMPGM: Copied 0 rows.
2026-04-23 13:29:19,932 +0000Z  INFO  {IITBAL} Copy IITBAL
2026-04-23 13:29:19,951 +0000Z  INFO  {ICUSMA} ICUSMA: Copied 0 rows.
2026-04-23 13:29:19,956 +0000Z  INFO  {IITFAC} Copy IITFAC
2026-04-23 13:29:19,968 +0000Z  INFO  {IITBAL} IITBAL: Copied 0 rows.
2026-04-23 13:29:19,970 +0000Z  INFO  {IITMAS} Copy IITMAS
2026-04-23 13:29:19,989 +0000Z  INFO  {IITPOP} Copy IITPOP
2026-04-23 13:29:19,997 +0000Z  INFO  {IITFAC} IITFAC: Copied 0 rows.
2026-04-23 13:29:19,998 +0000Z  INFO  {IITPOP} IITPOP: Copied 0 rows.
2026-04-23 13:29:20,000 +0000Z  INFO  {IITMAS} IITMAS: Copied 0 rows.
2026-04-23 13:29:20,014 +0000Z  INFO  {IMNDIV} Copy IMNDIV
2026-04-23 13:29:20,028 +0000Z  INFO  {INVOIC} Copy INVOIC
2026-04-23 13:29:20,038 +0000Z  INFO  {INVOIC} INVOIC: Copied 0 rows.
2026-04-23 13:29:20,039 +0000Z  INFO  {IMNDIV} IMNDIV: Copied 0 rows.
2026-04-23 13:29:20,042 +0000Z  INFO  {IPPASL} Copy IPPASL
2026-04-23 13:29:20,047 +0000Z  INFO  {IPPITE} Copy IPPITE
2026-04-23 13:29:20,055 +0000Z  INFO  {IPPPQA} Copy IPPPQA
2026-04-23 13:29:20,060 +0000Z  INFO  {IPPASL} IPPASL: Copied 0 rows.
2026-04-23 13:29:20,062 +0000Z  INFO  {IPPRIT} Copy IPPRIT
2026-04-23 13:29:20,063 +0000Z  INFO  {IPPITE} IPPITE: Copied 0 rows.
2026-04-23 13:29:20,068 +0000Z  INFO  {IPPPQA} IPPPQA: Copied 0 rows.
2026-04-23 13:29:20,071 +0000Z  INFO  {IPPRSS} Copy IPPRSS
2026-04-23 13:29:20,072 +0000Z  INFO  {IPPRIT} IPPRIT: Copied 0 rows.
2026-04-23 13:29:20,077 +0000Z  INFO  {IPPVER} Copy IPPVER
2026-04-23 13:29:20,086 +0000Z  INFO  {IPPVER} IPPVER: Copied 0 rows.
2026-04-23 13:29:20,087 +0000Z  INFO  {IPRLRP} Copy IPRLRP
2026-04-23 13:29:20,087 +0000Z  INFO  {IPPRSS} IPPRSS: Copied 0 rows.
2026-04-23 13:29:20,095 +0000Z  INFO  {IPRRED} Copy IPRRED
2026-04-23 13:29:20,098 +0000Z  INFO  {IPRLRP} IPRLRP: Copied 0 rows.
2026-04-23 13:29:20,099 +0000Z  INFO  {ISYTXH} Copy ISYTXH
2026-04-23 13:29:20,105 +0000Z  INFO  {ISYTXL} Copy ISYTXL
2026-04-23 13:29:20,108 +0000Z  INFO  {IPRRED} IPRRED: Copied 0 rows.
2026-04-23 13:29:20,111 +0000Z  INFO  {ITRCMD} Copy ITRCMD
2026-04-23 13:29:20,116 +0000Z  INFO  {ITRCON} Copy ITRCON
2026-04-23 13:29:20,117 +0000Z  INFO  {ISYTXH} ISYTXH: Copied 0 rows.
2026-04-23 13:29:20,119 +0000Z  INFO  {ISYTXL} ISYTXL: Copied 0 rows.
2026-04-23 13:29:20,120 +0000Z  INFO  {ITREVT} Copy ITREVT
2026-04-23 13:29:20,120 +0000Z  INFO  {ITRCMD} ITRCMD: Copied 0 rows.
2026-04-23 13:29:20,130 +0000Z  INFO  {ITREVT} ITREVT: Copied 0 rows.
2026-04-23 13:29:20,131 +0000Z  INFO  {ITRCON} ITRCON: Copied 0 rows.
2026-04-23 13:29:20,133 +0000Z  INFO  {ITRPGM} Copy ITRPGM
2026-04-23 13:29:20,139 +0000Z  INFO  {ITRSUB} Copy ITRSUB
2026-04-23 13:29:20,145 +0000Z  INFO  {IVATPC} Copy IVATPC
2026-04-23 13:29:20,146 +0000Z  INFO  {ITRPGM} ITRPGM: Copied 0 rows.
2026-04-23 13:29:20,151 +0000Z  INFO  {ITRSUB} ITRSUB: Copied 0 rows.
2026-04-23 13:29:20,151 +0000Z  INFO  {LT1100} Copy LT1100
2026-04-23 13:29:20,154 +0000Z  INFO  {IVATPC} IVATPC: Copied 0 rows.
2026-04-23 13:29:20,160 +0000Z  INFO  {LT1105} Copy LT1105
2026-04-23 13:29:20,167 +0000Z  INFO  {LT1108} Copy LT1108
2026-04-23 13:29:20,168 +0000Z  INFO  {LT1100} LT1100: Copied 0 rows.
2026-04-23 13:29:20,173 +0000Z  INFO  {LT1105} LT1105: Copied 0 rows.
2026-04-23 13:29:20,175 +0000Z  INFO  {LT1108} LT1108: Copied 0 rows.
2026-04-23 13:29:20,181 +0000Z  INFO  {LT1610} Copy LT1610
2026-04-23 13:29:20,186 +0000Z  INFO  {LT1670} Copy LT1670
2026-04-23 13:29:20,194 +0000Z  INFO  {LT1677} Copy LT1677
2026-04-23 13:29:20,195 +0000Z  INFO  {LT1610} LT1610: Copied 0 rows.
2026-04-23 13:29:20,198 +0000Z  INFO  {LT1670} LT1670: Copied 0 rows.
2026-04-23 13:29:20,201 +0000Z  INFO  {LT8201} Copy LT8201
2026-04-23 13:29:20,202 +0000Z  INFO  {LT1677} LT1677: Copied 0 rows.
2026-04-23 13:29:20,209 +0000Z  INFO  {LTADCH} Copy LTADCH
2026-04-23 13:29:20,213 +0000Z  INFO  {LTADHI} Copy LTADHI
2026-04-23 13:29:20,217 +0000Z  INFO  {LT8201} LT8201: Copied 0 rows.
2026-04-23 13:29:20,222 +0000Z  INFO  {LTADCH} LTADCH: Copied 0 rows.
2026-04-23 13:29:20,222 +0000Z  INFO  {LTAGHD} Copy LTAGHD
2026-04-23 13:29:20,226 +0000Z  INFO  {LTADHI} LTADHI: Copied 0 rows.
2026-04-23 13:29:20,227 +0000Z  INFO  {LTAGHE} Copy LTAGHE
2026-04-23 13:29:20,233 +0000Z  INFO  {LTAGHH} Copy LTAGHH
2026-04-23 13:29:20,235 +0000Z  INFO  {LTAGHD} LTAGHD: Copied 0 rows.
2026-04-23 13:29:20,246 +0000Z  INFO  {LTAGHI} Copy LTAGHI
2026-04-23 13:29:20,252 +0000Z  INFO  {LTAGHL} Copy LTAGHL
2026-04-23 13:29:20,253 +0000Z  INFO  {LTAGHH} LTAGHH: Copied 0 rows.
2026-04-23 13:29:20,256 +0000Z  INFO  {LTAGHE} LTAGHE: Copied 0 rows.
2026-04-23 13:29:20,257 +0000Z  INFO  {LTAGHT} Copy LTAGHT
2026-04-23 13:29:20,260 +0000Z  INFO  {LTAGHI} LTAGHI: Copied 0 rows.
2026-04-23 13:29:20,260 +0000Z  INFO  {LTAGHL} LTAGHL: Copied 0 rows.
2026-04-23 13:29:20,266 +0000Z  INFO  {LTAGHT} LTAGHT: Copied 0 rows.
2026-04-23 13:29:20,269 +0000Z  INFO  {LTAGLI} Copy LTAGLI
2026-04-23 13:29:20,274 +0000Z  INFO  {LTAGPD} Copy LTAGPD
2026-04-23 13:29:20,279 +0000Z  INFO  {LTAGPH} Copy LTAGPH
2026-04-23 13:29:20,283 +0000Z  INFO  {LTAGPL} Copy LTAGPL
2026-04-23 13:29:20,287 +0000Z  INFO  {LTAGPH} LTAGPH: Copied 0 rows.
2026-04-23 13:29:20,289 +0000Z  INFO  {LTAOTP} Copy LTAOTP
2026-04-23 13:29:20,290 +0000Z  INFO  {LTAGPD} LTAGPD: Copied 0 rows.
2026-04-23 13:29:20,291 +0000Z  INFO  {LTAGLI} LTAGLI: Copied 0 rows.
2026-04-23 13:29:20,293 +0000Z  INFO  {LTAGPL} LTAGPL: Copied 0 rows.
2026-04-23 13:29:20,293 +0000Z  INFO  {LTCURV} Copy LTCURV
2026-04-23 13:29:20,297 +0000Z  INFO  {LTAOTP} LTAOTP: Copied 0 rows.
2026-04-23 13:29:20,298 +0000Z  INFO  {LTERSE} Copy LTERSE
2026-04-23 13:29:20,302 +0000Z  INFO  {LTEXTE} Copy LTEXTE
2026-04-23 13:29:20,303 +0000Z  INFO  {LTCURV} LTCURV: Copied 0 rows.
2026-04-23 13:29:20,305 +0000Z  INFO  {LTERSE} LTERSE: Copied 0 rows.
2026-04-23 13:29:20,309 +0000Z  INFO  {LTEXTE} LTEXTE: Copied 0 rows.
2026-04-23 13:29:20,316 +0000Z  INFO  {LTFICH} Copy LTFICH
2026-04-23 13:29:20,321 +0000Z  INFO  {LTFUCO} Copy LTFUCO
2026-04-23 13:29:20,325 +0000Z  INFO  {LTFICH} LTFICH: Copied 0 rows.
2026-04-23 13:29:20,326 +0000Z  INFO  {LTFUND} Copy LTFUND
2026-04-23 13:29:20,331 +0000Z  INFO  {LTFUCO} LTFUCO: Copied 0 rows.
2026-04-23 13:29:20,332 +0000Z  INFO  {LTINTT} Copy LTINTT
2026-04-23 13:29:20,336 +0000Z  INFO  {LTINVD} Copy LTINVD
2026-04-23 13:29:20,339 +0000Z  INFO  {LTFUND} LTFUND: Copied 0 rows.
2026-04-23 13:29:20,340 +0000Z  INFO  {LTINTT} LTINTT: Copied 0 rows.
2026-04-23 13:29:20,341 +0000Z  INFO  {LTKITC} Copy LTKITC
2026-04-23 13:29:20,345 +0000Z  INFO  {LTKITD} Copy LTKITD
2026-04-23 13:29:20,347 +0000Z  INFO  {LTINVD} LTINVD: Copied 0 rows.
2026-04-23 13:29:20,349 +0000Z  INFO  {LTKITH} Copy LTKITH
2026-04-23 13:29:20,352 +0000Z  INFO  {LTKITC} LTKITC: Copied 0 rows.
2026-04-23 13:29:20,354 +0000Z  INFO  {LTKITL} Copy LTKITL
2026-04-23 13:29:20,358 +0000Z  INFO  {LTKITH} LTKITH: Copied 0 rows.
2026-04-23 13:29:20,359 +0000Z  INFO  {LTKITV} Copy LTKITV
2026-04-23 13:29:20,359 +0000Z  INFO  {LTKITD} LTKITD: Copied 0 rows.
2026-04-23 13:29:20,366 +0000Z  INFO  {LTKITV} LTKITV: Copied 0 rows.
2026-04-23 13:29:20,367 +0000Z  INFO  {LTLEAS} Copy LTLEAS
2026-04-23 13:29:20,367 +0000Z  INFO  {LTKITL} LTKITL: Copied 0 rows.
2026-04-23 13:29:20,372 +0000Z  INFO  {LTLEPR} Copy LTLEPR
2026-04-23 13:29:20,376 +0000Z  INFO  {LTLEAS} LTLEAS: Copied 0 rows.
2026-04-23 13:29:20,377 +0000Z  INFO  {LTLIDO} Copy LTLIDO
2026-04-23 13:29:20,381 +0000Z  INFO  {LTLEPR} LTLEPR: Copied 0 rows.
2026-04-23 13:29:20,383 +0000Z  INFO  {LTLIIN} Copy LTLIIN
2026-04-23 13:29:20,387 +0000Z  INFO  {LTLIDO} LTLIDO: Copied 0 rows.
2026-04-23 13:29:20,387 +0000Z  INFO  {LTLINK} Copy LTLINK
2026-04-23 13:29:20,391 +0000Z  INFO  {LTPOCA} Copy LTPOCA
2026-04-23 13:29:20,395 +0000Z  INFO  {LTLIIN} LTLIIN: Copied 0 rows.
2026-04-23 13:29:20,396 +0000Z  INFO  {LTPRCA} Copy LTPRCA
2026-04-23 13:29:20,401 +0000Z  INFO  {LTLINK} LTLINK: Copied 0 rows.
2026-04-23 13:29:20,402 +0000Z  INFO  {LTSINF} Copy LTSINF
2026-04-23 13:29:20,402 +0000Z  INFO  {LTPOCA} LTPOCA: Copied 0 rows.
2026-04-23 13:29:20,405 +0000Z  INFO  {LTPRCA} LTPRCA: Copied 0 rows.
2026-04-23 13:29:20,408 +0000Z  INFO  {LTTYDO} Copy LTTYDO
2026-04-23 13:29:20,412 +0000Z  INFO  {LTUPCO} Copy LTUPCO
2026-04-23 13:29:20,413 +0000Z  INFO  {LTSINF} LTSINF: Copied 0 rows.
2026-04-23 13:29:20,417 +0000Z  INFO  {MACOMA} Copy MACOMA
2026-04-23 13:29:20,422 +0000Z  INFO  {LTTYDO} LTTYDO: Copied 0 rows.
2026-04-23 13:29:20,422 +0000Z  INFO  {MACOML} Copy MACOML
2026-04-23 13:29:20,424 +0000Z  INFO  {LTUPCO} LTUPCO: Copied 0 rows.
2026-04-23 13:29:20,426 +0000Z  INFO  {MACOMA} MACOMA: Copied 0 rows.
2026-04-23 13:29:20,427 +0000Z  INFO  {MADDIN} Copy MADDIN
2026-04-23 13:29:20,430 +0000Z  INFO  {MACOML} MACOML: Copied 0 rows.
2026-04-23 13:29:20,431 +0000Z  INFO  {MALACD} Copy MALACD
2026-04-23 13:29:20,438 +0000Z  INFO  {MADDIN} MADDIN: Copied 0 rows.
2026-04-23 13:29:20,438 +0000Z  INFO  {MALACT} Copy MALACT
2026-04-23 13:29:20,439 +0000Z  INFO  {MALACD} MALACD: Copied 0 rows.
2026-04-23 13:29:20,445 +0000Z  INFO  {MALHED} Copy MALHED
2026-04-23 13:29:20,452 +0000Z  INFO  {MALACT} MALACT: Copied 0 rows.
2026-04-23 13:29:20,454 +0000Z  INFO  {MALIAL} Copy MALIAL
2026-04-23 13:29:20,457 +0000Z  INFO  {MALHED} MALHED: Copied 0 rows.
2026-04-23 13:29:20,458 +0000Z  INFO  {MAMODS} Copy MAMODS
2026-04-23 13:29:20,462 +0000Z  INFO  {MALIAL} MALIAL: Copied 0 rows.
2026-04-23 13:29:20,463 +0000Z  INFO  {MAPRCP} Copy MAPRCP
2026-04-23 13:29:20,468 +0000Z  INFO  {MAPRHE} Copy MAPRHE
2026-04-23 13:29:20,470 +0000Z  INFO  {MAPRCP} MAPRCP: Copied 0 rows.
2026-04-23 13:29:20,471 +0000Z  INFO  {MAMODS} MAMODS: Copied 0 rows.
2026-04-23 13:29:20,472 +0000Z  INFO  {MAPRVA} Copy MAPRVA
2026-04-23 13:29:20,477 +0000Z  INFO  {MAPRHE} MAPRHE: Copied 0 rows.
2026-04-23 13:29:20,478 +0000Z  INFO  {MAT101} Copy MAT101
2026-04-23 13:29:20,480 +0000Z  INFO  {MAPRVA} MAPRVA: Copied 0 rows.
2026-04-23 13:29:20,484 +0000Z  INFO  {MAT102} Copy MAT102
2026-04-23 13:29:20,488 +0000Z  INFO  {MAT101} MAT101: Copied 0 rows.
2026-04-23 13:29:20,489 +0000Z  INFO  {MAT110} Copy MAT110
2026-04-23 13:29:20,492 +0000Z  INFO  {MAT102} MAT102: Copied 0 rows.
2026-04-23 13:29:20,494 +0000Z  INFO  {MAT120} Copy MAT120
2026-04-23 13:29:20,496 +0000Z  INFO  {MAT110} MAT110: Copied 0 rows.
2026-04-23 13:29:20,502 +0000Z  INFO  {MAT120} MAT120: Copied 0 rows.
2026-04-23 13:29:20,502 +0000Z  INFO  {MAT642} Copy MAT642
2026-04-23 13:29:20,507 +0000Z  INFO  {MATDPI} Copy MATDPI
2026-04-23 13:29:20,509 +0000Z  INFO  {MAT642} MAT642: Copied 0 rows.
2026-04-23 13:29:20,511 +0000Z  INFO  {MATDPO} Copy MATDPO
2026-04-23 13:29:20,514 +0000Z  INFO  {MATDPI} MATDPI: Copied 0 rows.
2026-04-23 13:29:20,520 +0000Z  INFO  {MATDPV} Copy MATDPV
2026-04-23 13:29:20,523 +0000Z  INFO  {MATDPO} MATDPO: Copied 0 rows.
2026-04-23 13:29:20,524 +0000Z  INFO  {MATORL} Copy MATORL
2026-04-23 13:29:20,528 +0000Z  INFO  {MATORV} Copy MATORV
2026-04-23 13:29:20,531 +0000Z  INFO  {MATDPV} MATDPV: Copied 0 rows.
2026-04-23 13:29:20,532 +0000Z  INFO  {MATORL} MATORL: Copied 0 rows.
2026-04-23 13:29:20,532 +0000Z  INFO  {MATPMT} Copy MATPMT
2026-04-23 13:29:20,536 +0000Z  INFO  {MATRDS} Copy MATRDS
2026-04-23 13:29:20,539 +0000Z  INFO  {MATPMT} MATPMT: Copied 0 rows.
2026-04-23 13:29:20,541 +0000Z  INFO  {MATVAL} Copy MATVAL
2026-04-23 13:29:20,541 +0000Z  INFO  {MATORV} MATORV: Copied 0 rows.
2026-04-23 13:29:20,545 +0000Z  INFO  {MATRDS} MATRDS: Copied 0 rows.
2026-04-23 13:29:20,545 +0000Z  INFO  {MATVAM} Copy MATVAM
2026-04-23 13:29:20,548 +0000Z  INFO  {MATVAL} MATVAL: Copied 0 rows.
2026-04-23 13:29:20,550 +0000Z  INFO  {MATVAV} Copy MATVAV
2026-04-23 13:29:20,554 +0000Z  INFO  {MATVAM} MATVAM: Copied 0 rows.
2026-04-23 13:29:20,555 +0000Z  INFO  {MBCHEA} Copy MBCHEA
2026-04-23 13:29:20,559 +0000Z  INFO  {MBCHEP} Copy MBCHEP
2026-04-23 13:29:20,564 +0000Z  INFO  {MATVAV} MATVAV: Copied 0 rows.
2026-04-23 13:29:20,565 +0000Z  INFO  {MBCMAA} Copy MBCMAA
2026-04-23 13:29:20,565 +0000Z  INFO  {MBCHEA} MBCHEA: Copied 0 rows.
2026-04-23 13:29:20,568 +0000Z  INFO  {MBCHEP} MBCHEP: Copied 0 rows.
2026-04-23 13:29:20,572 +0000Z  INFO  {MBCMAP} Copy MBCMAP
2026-04-23 13:29:20,572 +0000Z  INFO  {MBCMAA} MBCMAA: Copied 0 rows.
2026-04-23 13:29:20,577 +0000Z  INFO  {MBCOPA} Copy MBCOPA
2026-04-23 13:29:20,581 +0000Z  INFO  {MBCOPP} Copy MBCOPP
2026-04-23 13:29:20,581 +0000Z  INFO  {MBCMAP} MBCMAP: Copied 0 rows.
2026-04-23 13:29:20,587 +0000Z  INFO  {MBCOPU} Copy MBCOPU
2026-04-23 13:29:20,588 +0000Z  INFO  {MBCOPA} MBCOPA: Copied 0 rows.
2026-04-23 13:29:20,590 +0000Z  INFO  {MBCOPP} MBCOPP: Copied 0 rows.
2026-04-23 13:29:20,591 +0000Z  INFO  {MBCVER} Copy MBCVER
2026-04-23 13:29:20,594 +0000Z  INFO  {MBCOPU} MBCOPU: Copied 0 rows.
2026-04-23 13:29:20,596 +0000Z  INFO  {MBMTRD} Copy MBMTRD
2026-04-23 13:29:20,600 +0000Z  INFO  {MBCVER} MBCVER: Copied 0 rows.
2026-04-23 13:29:20,601 +0000Z  INFO  {MCATTR} Copy MCATTR
2026-04-23 13:29:20,604 +0000Z  INFO  {MBMTRD} MBMTRD: Copied 0 rows.
2026-04-23 13:29:20,605 +0000Z  INFO  {MCBOEL} Copy MCBOEL
2026-04-23 13:29:20,609 +0000Z  INFO  {MCATTR} MCATTR: Copied 0 rows.
2026-04-23 13:29:20,610 +0000Z  INFO  {MCCODA} Copy MCCODA
2026-04-23 13:29:20,612 +0000Z  INFO  {MCBOEL} MCBOEL: Copied 0 rows.
2026-04-23 13:29:20,614 +0000Z  INFO  {MCCOSA} Copy MCCOSA
2026-04-23 13:29:20,617 +0000Z  INFO  {MCCODA} MCCODA: Copied 0 rows.
2026-04-23 13:29:20,618 +0000Z  INFO  {MCCOWE} Copy MCCOWE
2026-04-23 13:29:20,622 +0000Z  INFO  {MCCOSA} MCCOSA: Copied 0 rows.
2026-04-23 13:29:20,622 +0000Z  INFO  {MCCWRN} Copy MCCWRN
2026-04-23 13:29:20,627 +0000Z  INFO  {MCCOWE} MCCOWE: Copied 0 rows.
2026-04-23 13:29:20,628 +0000Z  INFO  {MCFCOG} Copy MCFCOG
2026-04-23 13:29:20,631 +0000Z  INFO  {MCCWRN} MCCWRN: Copied 0 rows.
2026-04-23 13:29:20,633 +0000Z  INFO  {MCFCOM} Copy MCFCOM
2026-04-23 13:29:20,640 +0000Z  INFO  {MCFCON} Copy MCFCON
2026-04-23 13:29:20,646 +0000Z  INFO  {MCFCOG} MCFCOG: Copied 0 rows.
2026-04-23 13:29:20,647 +0000Z  INFO  {MCFCOO} Copy MCFCOO
2026-04-23 13:29:20,651 +0000Z  INFO  {MCFCON} MCFCON: Copied 0 rows.
2026-04-23 13:29:20,652 +0000Z  INFO  {MCFCOM} MCFCOM: Copied 0 rows.
2026-04-23 13:29:20,655 +0000Z  INFO  {MCFCOP} Copy MCFCOP
2026-04-23 13:29:20,658 +0000Z  INFO  {MCFCOO} MCFCOO: Copied 0 rows.
2026-04-23 13:29:20,660 +0000Z  INFO  {MCFCRE} Copy MCFCRE
2026-04-23 13:29:20,664 +0000Z  INFO  {MCFICD} Copy MCFICD
2026-04-23 13:29:20,665 +0000Z  INFO  {MCFCOP} MCFCOP: Copied 0 rows.
2026-04-23 13:29:20,668 +0000Z  INFO  {MCFCRE} MCFCRE: Copied 0 rows.
2026-04-23 13:29:20,670 +0000Z  INFO  {MCFICR} Copy MCFICR
2026-04-23 13:29:20,672 +0000Z  INFO  {MCFICD} MCFICD: Copied 0 rows.
2026-04-23 13:29:20,674 +0000Z  INFO  {MCFICT} Copy MCFICT
2026-04-23 13:29:20,679 +0000Z  INFO  {MCFITE} Copy MCFITE
2026-04-23 13:29:20,679 +0000Z  INFO  {MCFICR} MCFICR: Copied 0 rows.
2026-04-23 13:29:20,684 +0000Z  INFO  {MCFITF} Copy MCFITF
2026-04-23 13:29:20,687 +0000Z  INFO  {MCFICT} MCFICT: Copied 0 rows.
2026-04-23 13:29:20,688 +0000Z  INFO  {MCFITE} MCFITE: Copied 0 rows.
2026-04-23 13:29:20,689 +0000Z  INFO  {MCFITG} Copy MCFITG
2026-04-23 13:29:20,692 +0000Z  INFO  {MCFITF} MCFITF: Copied 0 rows.
2026-04-23 13:29:20,694 +0000Z  INFO  {MCFITH} Copy MCFITH
2026-04-23 13:29:20,696 +0000Z  INFO  {MCFITG} MCFITG: Copied 0 rows.
2026-04-23 13:29:20,699 +0000Z  INFO  {MCFLOD} Copy MCFLOD
2026-04-23 13:29:20,702 +0000Z  INFO  {MCFITH} MCFITH: Copied 0 rows.
2026-04-23 13:29:20,703 +0000Z  INFO  {MCFLVA} Copy MCFLVA
2026-04-23 13:29:20,707 +0000Z  INFO  {MCFMEL} Copy MCFMEL
2026-04-23 13:29:20,708 +0000Z  INFO  {MCFLOD} MCFLOD: Copied 0 rows.
2026-04-23 13:29:20,712 +0000Z  INFO  {MCFLVA} MCFLVA: Copied 0 rows.
2026-04-23 13:29:20,712 +0000Z  INFO  {MCFMET} Copy MCFMET
2026-04-23 13:29:20,715 +0000Z  INFO  {MCFMEL} MCFMEL: Copied 0 rows.
2026-04-23 13:29:20,716 +0000Z  INFO  {MCFMIW} Copy MCFMIW
2026-04-23 13:29:20,723 +0000Z  INFO  {MCFMIW} MCFMIW: Copied 0 rows.
2026-04-23 13:29:20,725 +0000Z  INFO  {MCFMET} MCFMET: Copied 0 rows.
2026-04-23 13:29:20,728 +0000Z  INFO  {MCFMOC} Copy MCFMOC
2026-04-23 13:29:20,735 +0000Z  INFO  {MCFMOW} Copy MCFMOW
2026-04-23 13:29:20,737 +0000Z  INFO  {MCFMOC} MCFMOC: Copied 0 rows.
2026-04-23 13:29:20,739 +0000Z  INFO  {MCFMPO} Copy MCFMPO
2026-04-23 13:29:20,744 +0000Z  INFO  {MCFMTE} Copy MCFMTE
2026-04-23 13:29:20,748 +0000Z  INFO  {MCFMOW} MCFMOW: Copied 0 rows.
2026-04-23 13:29:20,750 +0000Z  INFO  {MCFMVL} Copy MCFMVL
2026-04-23 13:29:20,751 +0000Z  INFO  {MCFMPO} MCFMPO: Copied 0 rows.
2026-04-23 13:29:20,755 +0000Z  INFO  {MCFPNQ} Copy MCFPNQ
2026-04-23 13:29:20,755 +0000Z  INFO  {MCFMTE} MCFMTE: Copied 0 rows.
2026-04-23 13:29:20,759 +0000Z  INFO  {MCFPOP} Copy MCFPOP
2026-04-23 13:29:20,764 +0000Z  INFO  {MCFREL} Copy MCFREL
2026-04-23 13:29:20,767 +0000Z  INFO  {MCFPOP} MCFPOP: Copied 0 rows.
2026-04-23 13:29:20,768 +0000Z  INFO  {MCFPNQ} MCFPNQ: Copied 0 rows.
2026-04-23 13:29:20,768 +0000Z  INFO  {MCFSMR} Copy MCFSMR
2026-04-23 13:29:20,768 +0000Z  INFO  {MCFMVL} MCFMVL: Copied 0 rows.
2026-04-23 13:29:20,771 +0000Z  INFO  {MCFREL} MCFREL: Copied 0 rows.
2026-04-23 13:29:20,773 +0000Z  INFO  {MCFSTE} Copy MCFSTE
2026-04-23 13:29:20,778 +0000Z  INFO  {MCFVMR} Copy MCFVMR
2026-04-23 13:29:20,787 +0000Z  INFO  {MCFVMR} MCFVMR: Copied 0 rows.
2026-04-23 13:29:20,788 +0000Z  INFO  {MCFSMR} MCFSMR: Copied 0 rows.
2026-04-23 13:29:20,795 +0000Z  INFO  {MCFSTE} MCFSTE: Copied 0 rows.
2026-04-23 13:29:20,797 +0000Z  INFO  {MCHHED} Copy MCHHED
2026-04-23 13:29:20,819 +0000Z  INFO  {MCHMOH} Copy MCHMOH
2026-04-23 13:29:20,830 +0000Z  INFO  {MCHHED} MCHHED: Copied 0 rows.
2026-04-23 13:29:20,831 +0000Z  INFO  {MCHMOP} Copy MCHMOP
2026-04-23 13:29:20,842 +0000Z  INFO  {MCHMOP} MCHMOP: Copied 0 rows.
2026-04-23 13:29:20,842 +0000Z  INFO  {MCHMPH} Copy MCHMPH
2026-04-23 13:29:20,846 +0000Z  INFO  {MCHMOH} MCHMOH: Copied 0 rows.
2026-04-23 13:29:20,846 +0000Z  INFO  {MCIHED} Copy MCIHED
2026-04-23 13:29:20,852 +0000Z  INFO  {MCIMAT} Copy MCIMAT
2026-04-23 13:29:20,853 +0000Z  INFO  {MCIHED} MCIHED: Copied 0 rows.
2026-04-23 13:29:20,858 +0000Z  INFO  {MCISHI} Copy MCISHI
2026-04-23 13:29:20,859 +0000Z  INFO  {MCHMPH} MCHMPH: Copied 0 rows.
2026-04-23 13:29:20,861 +0000Z  INFO  {MCIMAT} MCIMAT: Copied 0 rows.
2026-04-23 13:29:20,865 +0000Z  INFO  {MCISHL} Copy MCISHL
2026-04-23 13:29:20,870 +0000Z  INFO  {MCISHI} MCISHI: Copied 0 rows.
2026-04-23 13:29:20,873 +0000Z  INFO  {MCISHO} Copy MCISHO
2026-04-23 13:29:20,877 +0000Z  INFO  {MCISHL} MCISHL: Copied 0 rows.
2026-04-23 13:29:20,881 +0000Z  INFO  {MCISTR} Copy MCISTR
2026-04-23 13:29:20,881 +0000Z  INFO  {MCISHO} MCISHO: Copied 0 rows.
2026-04-23 13:29:20,886 +0000Z  INFO  {MCISUF} Copy MCISUF
2026-04-23 13:29:20,890 +0000Z  INFO  {MCISUM} Copy MCISUM
2026-04-23 13:29:20,892 +0000Z  INFO  {MCISTR} MCISTR: Copied 0 rows.
2026-04-23 13:29:20,895 +0000Z  INFO  {MCISUO} Copy MCISUO
2026-04-23 13:29:20,899 +0000Z  INFO  {MCISUM} MCISUM: Copied 0 rows.
2026-04-23 13:29:20,900 +0000Z  INFO  {MCISUF} MCISUF: Copied 0 rows.
2026-04-23 13:29:20,901 +0000Z  INFO  {MCMACO} Copy MCMACO
2026-04-23 13:29:20,904 +0000Z  INFO  {MCISUO} MCISUO: Copied 0 rows.
2026-04-23 13:29:20,905 +0000Z  INFO  {MCODET} Copy MCODET
2026-04-23 13:29:20,910 +0000Z  INFO  {MCMACO} MCMACO: Copied 0 rows.
2026-04-23 13:29:20,910 +0000Z  INFO  {MCOHED} Copy MCOHED
2026-04-23 13:29:20,912 +0000Z  INFO  {MCODET} MCODET: Copied 0 rows.
2026-04-23 13:29:20,918 +0000Z  INFO  {MCOHED} MCOHED: Copied 0 rows.
2026-04-23 13:29:20,927 +0000Z  INFO  {MCOMBL} Copy MCOMBL
2026-04-23 13:29:20,932 +0000Z  INFO  {MCONMA} Copy MCONMA
2026-04-23 13:29:20,940 +0000Z  INFO  {MCONMA} MCONMA: Copied 0 rows.
2026-04-23 13:29:20,942 +0000Z  INFO  {MCOPOL} Copy MCOPOL
2026-04-23 13:29:20,953 +0000Z  INFO  {MCP110} Copy MCP110
2026-04-23 13:29:20,953 +0000Z  INFO  {MCOPOL} MCOPOL: Copied 0 rows.
2026-04-23 13:29:20,958 +0000Z  INFO  {MCOMBL} MCOMBL: Copied 0 rows.
2026-04-23 13:29:20,959 +0000Z  INFO  {MCP601} Copy MCP601
2026-04-23 13:29:20,964 +0000Z  INFO  {MCP611} Copy MCP611
2026-04-23 13:29:20,969 +0000Z  INFO  {MCP110} MCP110: Copied 0 rows.
2026-04-23 13:29:20,975 +0000Z  INFO  {MCP611} MCP611: Copied 0 rows.
2026-04-23 13:29:20,978 +0000Z  INFO  {MCP616} Copy MCP616
2026-04-23 13:29:20,982 +0000Z  INFO  {MCP601} MCP601: Copied 0 rows.
2026-04-23 13:29:20,986 +0000Z  INFO  {MCP616} MCP616: Copied 0 rows.
2026-04-23 13:29:20,986 +0000Z  INFO  {MCPWSH} Copy MCPWSH
2026-04-23 13:29:20,991 +0000Z  INFO  {MCPWSL} Copy MCPWSL
2026-04-23 13:29:20,993 +0000Z  INFO  {MCPWSH} MCPWSH: Copied 0 rows.
2026-04-23 13:29:20,996 +0000Z  INFO  {MCTARG} Copy MCTARG
2026-04-23 13:29:21,002 +0000Z  INFO  {MCTEXT} Copy MCTEXT
2026-04-23 13:29:21,007 +0000Z  INFO  {MCTARG} MCTARG: Copied 0 rows.
2026-04-23 13:29:21,008 +0000Z  INFO  {MCPWSL} MCPWSL: Copied 0 rows.
2026-04-23 13:29:21,012 +0000Z  INFO  {MCTEXT} MCTEXT: Copied 0 rows.
2026-04-23 13:29:21,017 +0000Z  INFO  {MCTOCO} Copy MCTOCO
2026-04-23 13:29:21,022 +0000Z  INFO  {MCTPRE} Copy MCTPRE
2026-04-23 13:29:21,027 +0000Z  INFO  {MCTOCO} MCTOCO: Copied 0 rows.
2026-04-23 13:29:21,028 +0000Z  INFO  {MDCACC} Copy MDCACC
2026-04-23 13:29:21,030 +0000Z  INFO  {MCTPRE} MCTPRE: Copied 0 rows.
2026-04-23 13:29:21,032 +0000Z  INFO  {MDCEAC} Copy MDCEAC
2026-04-23 13:29:21,039 +0000Z  INFO  {MDCACC} MDCACC: Copied 0 rows.
2026-04-23 13:29:21,041 +0000Z  INFO  {MDCEAC} MDCEAC: Copied 0 rows.
2026-04-23 13:29:21,053 +0000Z  INFO  {MDCTBL} Copy MDCTBL
2026-04-23 13:29:21,058 +0000Z  INFO  {MDEOST} Copy MDEOST
2026-04-23 13:29:21,063 +0000Z  INFO  {MDCTBL} MDCTBL: Copied 0 rows.
2026-04-23 13:29:21,064 +0000Z  INFO  {MDIAFA} Copy MDIAFA
2026-04-23 13:29:21,066 +0000Z  INFO  {MDEOST} MDEOST: Copied 0 rows.
2026-04-23 13:29:21,069 +0000Z  INFO  {MDIAFL} Copy MDIAFL
2026-04-23 13:29:21,072 +0000Z  INFO  {MDIAFA} MDIAFA: Copied 0 rows.
2026-04-23 13:29:21,074 +0000Z  INFO  {MDICFA} Copy MDICFA
2026-04-23 13:29:21,076 +0000Z  INFO  {MDIAFL} MDIAFL: Copied 0 rows.
2026-04-23 13:29:21,078 +0000Z  INFO  {MDICFL} Copy MDICFL
2026-04-23 13:29:21,085 +0000Z  INFO  {MDICFA} MDICFA: Copied 0 rows.
2026-04-23 13:29:21,086 +0000Z  INFO  {MDICFL} MDICFL: Copied 0 rows.
2026-04-23 13:29:21,086 +0000Z  INFO  {MDICOA} Copy MDICOA
2026-04-23 13:29:21,090 +0000Z  INFO  {MDNASN} Copy MDNASN
2026-04-23 13:29:21,093 +0000Z  INFO  {MDICOA} MDICOA: Copied 0 rows.
2026-04-23 13:29:21,095 +0000Z  INFO  {MDOCEO} Copy MDOCEO
2026-04-23 13:29:21,098 +0000Z  INFO  {MDNASN} MDNASN: Copied 0 rows.
2026-04-23 13:29:21,101 +0000Z  INFO  {MDOCEV} Copy MDOCEV
2026-04-23 13:29:21,105 +0000Z  INFO  {MDOCEO} MDOCEO: Copied 0 rows.
2026-04-23 13:29:21,106 +0000Z  INFO  {MDOCOC} Copy MDOCOC
2026-04-23 13:29:21,110 +0000Z  INFO  {MDOCTI} Copy MDOCTI
2026-04-23 13:29:21,113 +0000Z  INFO  {MDOCEV} MDOCEV: Copied 0 rows.
2026-04-23 13:29:21,117 +0000Z  INFO  {MDP611} Copy MDP611
2026-04-23 13:29:21,120 +0000Z  INFO  {MDOCTI} MDOCTI: Copied 0 rows.
2026-04-23 13:29:21,123 +0000Z  INFO  {MDP911} Copy MDP911
2026-04-23 13:29:21,124 +0000Z  INFO  {MDP611} MDP611: Copied 0 rows.
2026-04-23 13:29:21,125 +0000Z  INFO  {MDOCOC} MDOCOC: Copied 0 rows.
2026-04-23 13:29:21,128 +0000Z  INFO  {MDXDPL} Copy MDXDPL
2026-04-23 13:29:21,132 +0000Z  INFO  {MDP911} MDP911: Copied 0 rows.
2026-04-23 13:29:21,133 +0000Z  INFO  {MEC319} Copy MEC319
2026-04-23 13:29:21,137 +0000Z  INFO  {MEC426} Copy MEC426
2026-04-23 13:29:21,138 +0000Z  INFO  {MDXDPL} MDXDPL: Copied 0 rows.
2026-04-23 13:29:21,140 +0000Z  INFO  {MEC319} MEC319: Copied 0 rows.
2026-04-23 13:29:21,143 +0000Z  INFO  {MECECM} Copy MECECM
2026-04-23 13:29:21,145 +0000Z  INFO  {MEC426} MEC426: Copied 0 rows.
2026-04-23 13:29:21,148 +0000Z  INFO  {MECHED} Copy MECHED
2026-04-23 13:29:21,153 +0000Z  INFO  {MECECM} MECECM: Copied 0 rows.
2026-04-23 13:29:21,154 +0000Z  INFO  {MECMAT} Copy MECMAT
2026-04-23 13:29:21,156 +0000Z  INFO  {MECHED} MECHED: Copied 0 rows.
2026-04-23 13:29:21,159 +0000Z  INFO  {MECMHI} Copy MECMHI
2026-04-23 13:29:21,162 +0000Z  INFO  {MECMAT} MECMAT: Copied 0 rows.
2026-04-23 13:29:21,164 +0000Z  INFO  {MEQSEA} Copy MEQSEA
2026-04-23 13:29:21,169 +0000Z  INFO  {METRTR} Copy METRTR
2026-04-23 13:29:21,169 +0000Z  INFO  {MECMHI} MECMHI: Copied 0 rows.
2026-04-23 13:29:21,171 +0000Z  INFO  {MEQSEA} MEQSEA: Copied 0 rows.
2026-04-23 13:29:21,173 +0000Z  INFO  {MFC105} Copy MFC105
2026-04-23 13:29:21,176 +0000Z  INFO  {METRTR} METRTR: Copied 0 rows.
2026-04-23 13:29:21,177 +0000Z  INFO  {MFC426} Copy MFC426
2026-04-23 13:29:21,180 +0000Z  INFO  {MFC105} MFC105: Copied 0 rows.
2026-04-23 13:29:21,181 +0000Z  INFO  {MFCBDT} Copy MFCBDT
2026-04-23 13:29:21,185 +0000Z  INFO  {MFC426} MFC426: Copied 0 rows.
2026-04-23 13:29:21,185 +0000Z  INFO  {MFCBID} Copy MFCBID
2026-04-23 13:29:21,188 +0000Z  INFO  {MFCBDT} MFCBDT: Copied 0 rows.
2026-04-23 13:29:21,190 +0000Z  INFO  {MFIREM} Copy MFIREM
2026-04-23 13:29:21,192 +0000Z  INFO  {MFCBID} MFCBID: Copied 0 rows.
2026-04-23 13:29:21,194 +0000Z  INFO  {MGAUTH} Copy MGAUTH
2026-04-23 13:29:21,197 +0000Z  INFO  {MFIREM} MFIREM: Copied 0 rows.
2026-04-23 13:29:21,198 +0000Z  INFO  {MHAATR} Copy MHAATR
2026-04-23 13:29:21,201 +0000Z  INFO  {MGAUTH} MGAUTH: Copied 0 rows.
2026-04-23 13:29:21,204 +0000Z  INFO  {MHAHED} Copy MHAHED
2026-04-23 13:29:21,205 +0000Z  INFO  {MHAATR} MHAATR: Copied 0 rows.
2026-04-23 13:29:21,214 +0000Z  INFO  {MHAHED} MHAHED: Copied 0 rows.
2026-04-23 13:29:21,215 +0000Z  INFO  {MHALIN} Copy MHALIN
2026-04-23 13:29:21,225 +0000Z  INFO  {MHAPAC} Copy MHAPAC
2026-04-23 13:29:21,229 +0000Z  INFO  {MHALIN} MHALIN: Copied 0 rows.
2026-04-23 13:29:21,230 +0000Z  INFO  {MHASUB} Copy MHASUB
2026-04-23 13:29:21,237 +0000Z  INFO  {MHCRAT} Copy MHCRAT
2026-04-23 13:29:21,238 +0000Z  INFO  {MHAPAC} MHAPAC: Copied 0 rows.
2026-04-23 13:29:21,242 +0000Z  INFO  {MHDADR} Copy MHDADR
2026-04-23 13:29:21,243 +0000Z  INFO  {MHASUB} MHASUB: Copied 0 rows.
2026-04-23 13:29:21,247 +0000Z  INFO  {MHDIGL} Copy MHDIGL
2026-04-23 13:29:21,252 +0000Z  INFO  {MHDIGV} Copy MHDIGV
2026-04-23 13:29:21,253 +0000Z  INFO  {MHCRAT} MHCRAT: Copied 0 rows.
2026-04-23 13:29:21,254 +0000Z  INFO  {MHDADR} MHDADR: Copied 0 rows.
2026-04-23 13:29:21,258 +0000Z  INFO  {MHDIPM} Copy MHDIPM
2026-04-23 13:29:21,261 +0000Z  INFO  {MHDIGV} MHDIGV: Copied 0 rows.
2026-04-23 13:29:21,262 +0000Z  INFO  {MHDIGL} MHDIGL: Copied 0 rows.
2026-04-23 13:29:21,267 +0000Z  INFO  {MHDISA} Copy MHDISA
2026-04-23 13:29:21,270 +0000Z  INFO  {MHDIPM} MHDIPM: Copied 0 rows.
2026-04-23 13:29:21,272 +0000Z  INFO  {MHDMAS} Copy MHDMAS
2026-04-23 13:29:21,277 +0000Z  INFO  {MHDISA} MHDISA: Copied 0 rows.
2026-04-23 13:29:21,279 +0000Z  INFO  {MHDVEN} Copy MHDVEN
2026-04-23 13:29:21,280 +0000Z  INFO  {MHDMAS} MHDMAS: Copied 0 rows.
2026-04-23 13:29:21,285 +0000Z  INFO  {MHEXRD} Copy MHEXRD
2026-04-23 13:29:21,288 +0000Z  INFO  {MHDVEN} MHDVEN: Copied 0 rows.
2026-04-23 13:29:21,290 +0000Z  INFO  {MHEXRH} Copy MHEXRH
2026-04-23 13:29:21,297 +0000Z  INFO  {MHFRNS} Copy MHFRNS
2026-04-23 13:29:21,298 +0000Z  INFO  {MHEXRD} MHEXRD: Copied 0 rows.
2026-04-23 13:29:21,299 +0000Z  INFO  {MHEXRH} MHEXRH: Copied 0 rows.
2026-04-23 13:29:21,302 +0000Z  INFO  {MHIALI} Copy MHIALI
2026-04-23 13:29:21,309 +0000Z  INFO  {MHFRNS} MHFRNS: Copied 0 rows.
2026-04-23 13:29:21,310 +0000Z  INFO  {MHIALI} MHIALI: Copied 0 rows.
2026-04-23 13:29:21,312 +0000Z  INFO  {MHIALT} Copy MHIALT
2026-04-23 13:29:21,320 +0000Z  INFO  {MHIATR} Copy MHIATR
2026-04-23 13:29:21,324 +0000Z  INFO  {MHIALT} MHIALT: Copied 0 rows.
2026-04-23 13:29:21,324 +0000Z  INFO  {MHIAUN} Copy MHIAUN
2026-04-23 13:29:21,329 +0000Z  INFO  {MHIATR} MHIATR: Copied 0 rows.
2026-04-23 13:29:21,332 +0000Z  INFO  {MHIBAL} Copy MHIBAL
2026-04-23 13:29:21,333 +0000Z  INFO  {MHIAUN} MHIAUN: Copied 0 rows.
2026-04-23 13:29:21,337 +0000Z  INFO  {MHICON} Copy MHICON
2026-04-23 13:29:21,342 +0000Z  INFO  {MHICUS} Copy MHICUS
2026-04-23 13:29:21,344 +0000Z  INFO  {MHIBAL} MHIBAL: Copied 0 rows.
2026-04-23 13:29:21,345 +0000Z  INFO  {MHICON} MHICON: Copied 0 rows.
2026-04-23 13:29:21,348 +0000Z  INFO  {MHIFAC} Copy MHIFAC
2026-04-23 13:29:21,350 +0000Z  INFO  {MHICUS} MHICUS: Copied 0 rows.
2026-04-23 13:29:21,358 +0000Z  INFO  {MHIIPC} Copy MHIIPC
2026-04-23 13:29:21,364 +0000Z  INFO  {MHIFAC} MHIFAC: Copied 0 rows.
2026-04-23 13:29:21,365 +0000Z  INFO  {MHILOG} Copy MHILOG
2026-04-23 13:29:21,371 +0000Z  INFO  {MHIIPC} MHIIPC: Copied 0 rows.
2026-04-23 13:29:21,371 +0000Z  INFO  {MHIMAH} Copy MHIMAH
2026-04-23 13:29:21,381 +0000Z  INFO  {MHIMAH} MHIMAH: Copied 0 rows.
2026-04-23 13:29:21,382 +0000Z  INFO  {MHILOG} MHILOG: Copied 0 rows.
2026-04-23 13:29:21,394 +0000Z  INFO  {MHIMAS} Copy MHIMAS
2026-04-23 13:29:21,405 +0000Z  INFO  {MHIPMT} Copy MHIPMT
2026-04-23 13:29:21,409 +0000Z  INFO  {MHIPOP} Copy MHIPOP
2026-04-23 13:29:21,417 +0000Z  INFO  {MHIPMT} MHIPMT: Copied 0 rows.
2026-04-23 13:29:21,418 +0000Z  INFO  {MHIMAS} MHIMAS: Copied 0 rows.
2026-04-23 13:29:21,421 +0000Z  INFO  {MHIPOP} MHIPOP: Copied 0 rows.
2026-04-23 13:29:21,424 +0000Z  INFO  {MHITMA} Copy MHITMA
2026-04-23 13:29:21,429 +0000Z  INFO  {MHIVEN} Copy MHIVEN
2026-04-23 13:29:21,435 +0000Z  INFO  {MHIWHL} Copy MHIWHL
2026-04-23 13:29:21,437 +0000Z  INFO  {MHITMA} MHITMA: Copied 0 rows.
2026-04-23 13:29:21,439 +0000Z  INFO  {MHM250} Copy MHM250
2026-04-23 13:29:21,440 +0000Z  INFO  {MHIVEN} MHIVEN: Copied 0 rows.
2026-04-23 13:29:21,443 +0000Z  INFO  {MHM855} Copy MHM855
2026-04-23 13:29:21,443 +0000Z  INFO  {MHIWHL} MHIWHL: Copied 0 rows.
2026-04-23 13:29:21,447 +0000Z  INFO  {MHMT01} Copy MHMT01
2026-04-23 13:29:21,447 +0000Z  INFO  {MHM250} MHM250: Copied 0 rows.
2026-04-23 13:29:21,450 +0000Z  INFO  {MHM855} MHM855: Copied 0 rows.
2026-04-23 13:29:21,452 +0000Z  INFO  {MHMT02} Copy MHMT02
2026-04-23 13:29:21,454 +0000Z  INFO  {MHMT01} MHMT01: Copied 0 rows.
2026-04-23 13:29:21,456 +0000Z  INFO  {MHMT03} Copy MHMT03
2026-04-23 13:29:21,459 +0000Z  INFO  {MHMT02} MHMT02: Copied 0 rows.
2026-04-23 13:29:21,463 +0000Z  INFO  {MHMT04} Copy MHMT04
2026-04-23 13:29:21,467 +0000Z  INFO  {MHMT03} MHMT03: Copied 0 rows.
2026-04-23 13:29:21,470 +0000Z  INFO  {MHMT05} Copy MHMT05
2026-04-23 13:29:21,471 +0000Z  INFO  {MHMT04} MHMT04: Copied 0 rows.
2026-04-23 13:29:21,477 +0000Z  INFO  {MHMT06} Copy MHMT06
2026-04-23 13:29:21,480 +0000Z  INFO  {MHMT05} MHMT05: Copied 0 rows.
2026-04-23 13:29:21,481 +0000Z  INFO  {MHMT07} Copy MHMT07
2026-04-23 13:29:21,484 +0000Z  INFO  {MHMT06} MHMT06: Copied 0 rows.
2026-04-23 13:29:21,485 +0000Z  INFO  {MHMT08} Copy MHMT08
2026-04-23 13:29:21,488 +0000Z  INFO  {MHMT07} MHMT07: Copied 0 rows.
2026-04-23 13:29:21,491 +0000Z  INFO  {MHMT09} Copy MHMT09
2026-04-23 13:29:21,494 +0000Z  INFO  {MHMT08} MHMT08: Copied 0 rows.
2026-04-23 13:29:21,496 +0000Z  INFO  {MHMT0A} Copy MHMT0A
2026-04-23 13:29:21,501 +0000Z  INFO  {MHMT0B} Copy MHMT0B
2026-04-23 13:29:21,501 +0000Z  INFO  {MHMT09} MHMT09: Copied 0 rows.
2026-04-23 13:29:21,505 +0000Z  INFO  {MHOTID} Copy MHOTID
2026-04-23 13:29:21,505 +0000Z  INFO  {MHMT0A} MHMT0A: Copied 0 rows.
2026-04-23 13:29:21,507 +0000Z  INFO  {MHMT0B} MHMT0B: Copied 0 rows.
2026-04-23 13:29:21,511 +0000Z  INFO  {MHOTRP} Copy MHOTRP
2026-04-23 13:29:21,514 +0000Z  INFO  {MHOTID} MHOTID: Copied 0 rows.
2026-04-23 13:29:21,515 +0000Z  INFO  {MHPICA} Copy MHPICA
2026-04-23 13:29:21,518 +0000Z  INFO  {MHOTRP} MHOTRP: Copied 0 rows.
2026-04-23 13:29:21,521 +0000Z  INFO  {MHPICD} Copy MHPICD
2026-04-23 13:29:21,527 +0000Z  INFO  {MHPICA} MHPICA: Copied 0 rows.
2026-04-23 13:29:21,530 +0000Z  INFO  {MHPICL} Copy MHPICL
2026-04-23 13:29:21,535 +0000Z  INFO  {MHPICT} Copy MHPICT
2026-04-23 13:29:21,535 +0000Z  INFO  {MHPICD} MHPICD: Copied 0 rows.
2026-04-23 13:29:21,540 +0000Z  INFO  {MHPREA} Copy MHPREA
2026-04-23 13:29:21,541 +0000Z  INFO  {MHPICL} MHPICL: Copied 0 rows.
2026-04-23 13:29:21,545 +0000Z  INFO  {MHPICT} MHPICT: Copied 0 rows.
2026-04-23 13:29:21,548 +0000Z  INFO  {MHPRNS} Copy MHPRNS
2026-04-23 13:29:21,548 +0000Z  INFO  {MHPREA} MHPREA: Copied 0 rows.
2026-04-23 13:29:21,552 +0000Z  INFO  {MHSEST} Copy MHSEST
2026-04-23 13:29:21,557 +0000Z  INFO  {MHTASK} Copy MHTASK
2026-04-23 13:29:21,557 +0000Z  INFO  {MHPRNS} MHPRNS: Copied 0 rows.
2026-04-23 13:29:21,560 +0000Z  INFO  {MHSEST} MHSEST: Copied 0 rows.
2026-04-23 13:29:21,562 +0000Z  INFO  {MIDAAT} Copy MIDAAT
2026-04-23 13:29:21,566 +0000Z  INFO  {MIDDET} Copy MIDDET
2026-04-23 13:29:21,569 +0000Z  INFO  {MIDAAT} MIDAAT: Copied 0 rows.
2026-04-23 13:29:21,570 +0000Z  INFO  {MHTASK} MHTASK: Copied 0 rows.
2026-04-23 13:29:21,570 +0000Z  INFO  {MIDDSC} Copy MIDDSC
2026-04-23 13:29:21,573 +0000Z  INFO  {MIDDET} MIDDET: Copied 0 rows.
2026-04-23 13:29:21,577 +0000Z  INFO  {MIDDST} Copy MIDDST
2026-04-23 13:29:21,578 +0000Z  INFO  {MIDDSC} MIDDSC: Copied 0 rows.
2026-04-23 13:29:21,582 +0000Z  INFO  {MIDLRX} Copy MIDLRX
2026-04-23 13:29:21,586 +0000Z  INFO  {MIDOTY} Copy MIDOTY
2026-04-23 13:29:21,586 +0000Z  INFO  {MIDDST} MIDDST: Copied 0 rows.
2026-04-23 13:29:21,589 +0000Z  INFO  {MIDLRX} MIDLRX: Copied 0 rows.
2026-04-23 13:29:21,590 +0000Z  INFO  {MIDQCG} Copy MIDQCG
2026-04-23 13:29:21,593 +0000Z  INFO  {MIDOTY} MIDOTY: Copied 0 rows.
2026-04-23 13:29:21,596 +0000Z  INFO  {MIDSCH} Copy MIDSCH
2026-04-23 13:29:21,598 +0000Z  INFO  {MIDQCG} MIDQCG: Copied 0 rows.
2026-04-23 13:29:21,601 +0000Z  INFO  {MIDSCP} Copy MIDSCP
2026-04-23 13:29:21,605 +0000Z  INFO  {MIDSSE} Copy MIDSSE
2026-04-23 13:29:21,608 +0000Z  INFO  {MIDSCH} MIDSCH: Copied 0 rows.
2026-04-23 13:29:21,608 +0000Z  INFO  {MIDSCP} MIDSCP: Copied 0 rows.
2026-04-23 13:29:21,609 +0000Z  INFO  {MIDSST} Copy MIDSST
2026-04-23 13:29:21,614 +0000Z  INFO  {MIEPGM} Copy MIEPGM
2026-04-23 13:29:21,615 +0000Z  INFO  {MIDSSE} MIDSSE: Copied 0 rows.
2026-04-23 13:29:21,618 +0000Z  INFO  {MIEQCL} Copy MIEQCL
2026-04-23 13:29:21,620 +0000Z  INFO  {MIDSST} MIDSST: Copied 0 rows.
2026-04-23 13:29:21,622 +0000Z  INFO  {MIEPGM} MIEPGM: Copied 0 rows.
2026-04-23 13:29:21,624 +0000Z  INFO  {MIEQGR} Copy MIEQGR
2026-04-23 13:29:21,628 +0000Z  INFO  {MIEQCL} MIEQCL: Copied 0 rows.
2026-04-23 13:29:21,628 +0000Z  INFO  {MIEQWH} Copy MIEQWH
2026-04-23 13:29:21,631 +0000Z  INFO  {MIEQGR} MIEQGR: Copied 0 rows.
2026-04-23 13:29:21,632 +0000Z  INFO  {MIGRIF} Copy MIGRIF
2026-04-23 13:29:21,635 +0000Z  INFO  {MIEQWH} MIEQWH: Copied 0 rows.
2026-04-23 13:29:21,637 +0000Z  INFO  {MILIFE} Copy MILIFE
2026-04-23 13:29:21,641 +0000Z  INFO  {MILOGR} Copy MILOGR
2026-04-23 13:29:21,641 +0000Z  INFO  {MIGRIF} MIGRIF: Copied 0 rows.
2026-04-23 13:29:21,645 +0000Z  INFO  {MILIFE} MILIFE: Copied 0 rows.
2026-04-23 13:29:21,646 +0000Z  INFO  {MILOID} Copy MILOID
2026-04-23 13:29:21,651 +0000Z  INFO  {MILOSP} Copy MILOSP
2026-04-23 13:29:21,652 +0000Z  INFO  {MILOGR} MILOGR: Copied 0 rows.
2026-04-23 13:29:21,653 +0000Z  INFO  {MILOID} MILOID: Copied 0 rows.
2026-04-23 13:29:21,656 +0000Z  INFO  {MILOSQ} Copy MILOSQ
2026-04-23 13:29:21,658 +0000Z  INFO  {MILOSP} MILOSP: Copied 0 rows.
2026-04-23 13:29:21,660 +0000Z  INFO  {MILOSW} Copy MILOSW
2026-04-23 13:29:21,667 +0000Z  INFO  {MILOSQ} MILOSQ: Copied 0 rows.
2026-04-23 13:29:21,668 +0000Z  INFO  {MILOTW} Copy MILOTW
2026-04-23 13:29:21,675 +0000Z  INFO  {MILWRT} Copy MILWRT
2026-04-23 13:29:21,676 +0000Z  INFO  {MILOSW} MILOSW: Copied 0 rows.
2026-04-23 13:29:21,681 +0000Z  INFO  {MINPLA} Copy MINPLA
2026-04-23 13:29:21,681 +0000Z  INFO  {MILOTW} MILOTW: Copied 0 rows.
2026-04-23 13:29:21,687 +0000Z  INFO  {MILWRT} MILWRT: Copied 0 rows.
2026-04-23 13:29:21,689 +0000Z  INFO  {MINVSH} Copy MINVSH
2026-04-23 13:29:21,695 +0000Z  INFO  {MINVSS} Copy MINVSS
2026-04-23 13:29:21,698 +0000Z  INFO  {MINPLA} MINPLA: Copied 0 rows.
2026-04-23 13:29:21,701 +0000Z  INFO  {MINVSH} MINVSH: Copied 0 rows.
2026-04-23 13:29:21,702 +0000Z  INFO  {MINVST} Copy MINVST
2026-04-23 13:29:21,706 +0000Z  INFO  {MINVSS} MINVSS: Copied 0 rows.
2026-04-23 13:29:21,717 +0000Z  INFO  {MINVST} MINVST: Copied 0 rows.
2026-04-23 13:29:21,739 +0000Z  INFO  {MIOHED} Copy MIOHED
2026-04-23 13:29:21,757 +0000Z  INFO  {MIOMAT} Copy MIOMAT
2026-04-23 13:29:21,775 +0000Z  INFO  {MIOMAT} MIOMAT: Copied 0 rows.
2026-04-23 13:29:21,776 +0000Z  INFO  {MIOOPE} Copy MIOOPE
2026-04-23 13:29:21,787 +0000Z  INFO  {MIOPTR} Copy MIOPTR
2026-04-23 13:29:21,796 +0000Z  INFO  {MIOTRA} Copy MIOTRA
2026-04-23 13:29:21,797 +0000Z  INFO  {MIOHED} MIOHED: Copied 0 rows.
2026-04-23 13:29:21,821 +0000Z  INFO  {MIPWSH} Copy MIPWSH
2026-04-23 13:29:21,822 +0000Z  INFO  {MIOOPE} MIOOPE: Copied 0 rows.
2026-04-23 13:29:21,825 +0000Z  INFO  {MIOPTR} MIOPTR: Copied 0 rows.
2026-04-23 13:29:21,829 +0000Z  INFO  {MIOTRA} MIOTRA: Copied 0 rows.
2026-04-23 13:29:21,829 +0000Z  INFO  {MIPWSL} Copy MIPWSL
2026-04-23 13:29:21,830 +0000Z  INFO  {MIPWSH} MIPWSH: Copied 0 rows.
2026-04-23 13:29:21,840 +0000Z  INFO  {MISCOR} Copy MISCOR
2026-04-23 13:29:21,846 +0000Z  INFO  {MITAFS} Copy MITAFS
2026-04-23 13:29:21,854 +0000Z  INFO  {MIPWSL} MIPWSL: Copied 0 rows.
2026-04-23 13:29:21,856 +0000Z  INFO  {MISCOR} MISCOR: Copied 0 rows.
2026-04-23 13:29:21,856 +0000Z  INFO  {MITAFW} Copy MITAFW
2026-04-23 13:29:21,861 +0000Z  INFO  {MITAFS} MITAFS: Copied 0 rows.
2026-04-23 13:29:21,862 +0000Z  INFO  {MITALD} Copy MITALD
2026-04-23 13:29:21,864 +0000Z  INFO  {MITAFW} MITAFW: Copied 0 rows.
2026-04-23 13:29:21,867 +0000Z  INFO  {MITALG} Copy MITALG
2026-04-23 13:29:21,874 +0000Z  INFO  {MITALT} Copy MITALT
2026-04-23 13:29:21,877 +0000Z  INFO  {MITALD} MITALD: Copied 0 rows.
2026-04-23 13:29:21,879 +0000Z  INFO  {MITALG} MITALG: Copied 0 rows.
2026-04-23 13:29:21,880 +0000Z  INFO  {MITALW} Copy MITALW
2026-04-23 13:29:21,882 +0000Z  INFO  {MITALT} MITALT: Copied 0 rows.
2026-04-23 13:29:21,885 +0000Z  INFO  {MITAMO} Copy MITAMO
2026-04-23 13:29:21,889 +0000Z  INFO  {MITALW} MITALW: Copied 0 rows.
2026-04-23 13:29:21,891 +0000Z  INFO  {MITAPD} Copy MITAPD
2026-04-23 13:29:21,894 +0000Z  INFO  {MITAMO} MITAMO: Copied 0 rows.
2026-04-23 13:29:21,895 +0000Z  INFO  {MITASO} Copy MITASO
2026-04-23 13:29:21,899 +0000Z  INFO  {MITAPD} MITAPD: Copied 0 rows.
2026-04-23 13:29:21,917 +0000Z  INFO  {MITASO} MITASO: Copied 0 rows.
2026-04-23 13:29:21,917 +0000Z  INFO  {MITATA} Copy MITATA
2026-04-23 13:29:21,922 +0000Z  INFO  {MITATO} Copy MITATO
2026-04-23 13:29:21,927 +0000Z  INFO  {MITATA} MITATA: Copied 0 rows.
2026-04-23 13:29:21,928 +0000Z  INFO  {MITATW} Copy MITATW
2026-04-23 13:29:21,933 +0000Z  INFO  {MITBAC} Copy MITBAC
2026-04-23 13:29:21,934 +0000Z  INFO  {MITATO} MITATO: Copied 0 rows.
2026-04-23 13:29:21,935 +0000Z  INFO  {MITATW} MITATW: Copied 0 rows.
2026-04-23 13:29:21,938 +0000Z  INFO  {MITBIW} Copy MITBIW
2026-04-23 13:29:21,942 +0000Z  INFO  {MITBAC} MITBAC: Copied 0 rows.
2026-04-23 13:29:21,944 +0000Z  INFO  {MITBSS} Copy MITBSS
2026-04-23 13:29:21,946 +0000Z  INFO  {MITBIW} MITBIW: Copied 0 rows.
2026-04-23 13:29:21,949 +0000Z  INFO  {MITCAT} Copy MITCAT
2026-04-23 13:29:21,952 +0000Z  INFO  {MITBSS} MITBSS: Copied 0 rows.
2026-04-23 13:29:21,956 +0000Z  INFO  {MITCCD} Copy MITCCD
2026-04-23 13:29:21,958 +0000Z  INFO  {MITCAT} MITCAT: Copied 0 rows.
2026-04-23 13:29:21,960 +0000Z  INFO  {MITCCL} Copy MITCCL
2026-04-23 13:29:21,965 +0000Z  INFO  {MITCEN} Copy MITCEN
2026-04-23 13:29:21,967 +0000Z  INFO  {MITCCD} MITCCD: Copied 0 rows.
2026-04-23 13:29:21,970 +0000Z  INFO  {MITCCL} MITCCL: Copied 0 rows.
2026-04-23 13:29:21,971 +0000Z  INFO  {MITCFO} Copy MITCFO
2026-04-23 13:29:21,976 +0000Z  INFO  {MITCOC} Copy MITCOC
2026-04-23 13:29:21,979 +0000Z  INFO  {MITCFO} MITCFO: Copied 0 rows.
2026-04-23 13:29:21,980 +0000Z  INFO  {MITCEN} MITCEN: Copied 0 rows.
2026-04-23 13:29:21,980 +0000Z  INFO  {MITCOF} Copy MITCOF
2026-04-23 13:29:21,986 +0000Z  INFO  {MITCOM} Copy MITCOM
2026-04-23 13:29:21,988 +0000Z  INFO  {MITCOC} MITCOC: Copied 0 rows.
2026-04-23 13:29:21,990 +0000Z  INFO  {MITCPD} Copy MITCPD
2026-04-23 13:29:21,994 +0000Z  INFO  {MITCPG} Copy MITCPG
2026-04-23 13:29:21,995 +0000Z  INFO  {MITCOF} MITCOF: Copied 0 rows.
2026-04-23 13:29:21,998 +0000Z  INFO  {MITCOM} MITCOM: Copied 0 rows.
2026-04-23 13:29:22,000 +0000Z  INFO  {MITCPS} Copy MITCPS
2026-04-23 13:29:22,003 +0000Z  INFO  {MITCPD} MITCPD: Copied 0 rows.
2026-04-23 13:29:22,004 +0000Z  INFO  {MITCPG} MITCPG: Copied 0 rows.
2026-04-23 13:29:22,008 +0000Z  INFO  {MITCRZ} Copy MITCRZ
2026-04-23 13:29:22,012 +0000Z  INFO  {MITCPS} MITCPS: Copied 0 rows.
2026-04-23 13:29:22,015 +0000Z  INFO  {MITCSE} Copy MITCSE
2026-04-23 13:29:22,018 +0000Z  INFO  {MITCRZ} MITCRZ: Copied 0 rows.
2026-04-23 13:29:22,022 +0000Z  INFO  {MITCUH} Copy MITCUH
2026-04-23 13:29:22,023 +0000Z  INFO  {MITCSE} MITCSE: Copied 0 rows.
2026-04-23 13:29:22,027 +0000Z  INFO  {MITCUM} Copy MITCUM
2026-04-23 13:29:22,031 +0000Z  INFO  {MITDES} Copy MITDES
2026-04-23 13:29:22,032 +0000Z  INFO  {MITCUH} MITCUH: Copied 0 rows.
2026-04-23 13:29:22,036 +0000Z  INFO  {MITDPK} Copy MITDPK
2026-04-23 13:29:22,038 +0000Z  INFO  {MITCUM} MITCUM: Copied 0 rows.
2026-04-23 13:29:22,039 +0000Z  INFO  {MITDES} MITDES: Copied 0 rows.
2026-04-23 13:29:22,040 +0000Z  INFO  {MITDPR} Copy MITDPR
2026-04-23 13:29:22,043 +0000Z  INFO  {MITDPK} MITDPK: Copied 0 rows.
2026-04-23 13:29:22,045 +0000Z  INFO  {MITEQO} Copy MITEQO
2026-04-23 13:29:22,050 +0000Z  INFO  {MITDPR} MITDPR: Copied 0 rows.
2026-04-23 13:29:22,050 +0000Z  INFO  {MITEXI} Copy MITEXI
2026-04-23 13:29:22,053 +0000Z  INFO  {MITEQO} MITEQO: Copied 0 rows.
2026-04-23 13:29:22,058 +0000Z  INFO  {MITEXO} Copy MITEXO
2026-04-23 13:29:22,059 +0000Z  INFO  {MITEXI} MITEXI: Copied 0 rows.
2026-04-23 13:29:22,063 +0000Z  INFO  {MITFAG} Copy MITFAG
2026-04-23 13:29:22,066 +0000Z  INFO  {MITEXO} MITEXO: Copied 0 rows.
2026-04-23 13:29:22,067 +0000Z  INFO  {MITFAM} Copy MITFAM
2026-04-23 13:29:22,071 +0000Z  INFO  {MITFAG} MITFAG: Copied 0 rows.
2026-04-23 13:29:22,071 +0000Z  INFO  {MITFFO} Copy MITFFO
2026-04-23 13:29:22,074 +0000Z  INFO  {MITFAM} MITFAM: Copied 0 rows.
2026-04-23 13:29:22,076 +0000Z  INFO  {MITFIR} Copy MITFIR
2026-04-23 13:29:22,079 +0000Z  INFO  {MITFFO} MITFFO: Copied 0 rows.
2026-04-23 13:29:22,080 +0000Z  INFO  {MITFIT} Copy MITFIT
2026-04-23 13:29:22,084 +0000Z  INFO  {MITFPD} Copy MITFPD
2026-04-23 13:29:22,084 +0000Z  INFO  {MITFIR} MITFIR: Copied 0 rows.
2026-04-23 13:29:22,088 +0000Z  INFO  {MITFIT} MITFIT: Copied 0 rows.
2026-04-23 13:29:22,088 +0000Z  INFO  {MITFPH} Copy MITFPH
2026-04-23 13:29:22,091 +0000Z  INFO  {MITFPD} MITFPD: Copied 0 rows.
2026-04-23 13:29:22,093 +0000Z  INFO  {MITFPL} Copy MITFPL
2026-04-23 13:29:22,096 +0000Z  INFO  {MITFPH} MITFPH: Copied 0 rows.
2026-04-23 13:29:22,097 +0000Z  INFO  {MITHAZ} Copy MITHAZ
2026-04-23 13:29:22,101 +0000Z  INFO  {MITITP} Copy MITITP
2026-04-23 13:29:22,102 +0000Z  INFO  {MITFPL} MITFPL: Copied 0 rows.
2026-04-23 13:29:22,104 +0000Z  INFO  {MITHAZ} MITHAZ: Copied 0 rows.
2026-04-23 13:29:22,106 +0000Z  INFO  {MITLAD} Copy MITLAD
2026-04-23 13:29:22,111 +0000Z  INFO  {MITMAH} Copy MITMAH
2026-04-23 13:29:22,112 +0000Z  INFO  {MITITP} MITITP: Copied 0 rows.
2026-04-23 13:29:22,113 +0000Z  INFO  {MITLAD} MITLAD: Copied 0 rows.
2026-04-23 13:29:22,117 +0000Z  INFO  {MITMSD} Copy MITMSD
2026-04-23 13:29:22,120 +0000Z  INFO  {MITMAH} MITMAH: Copied 0 rows.
2026-04-23 13:29:22,121 +0000Z  INFO  {MITNWH} Copy MITNWH
2026-04-23 13:29:22,126 +0000Z  INFO  {MITNXT} Copy MITNXT
2026-04-23 13:29:22,126 +0000Z  INFO  {MITMSD} MITMSD: Copied 0 rows.
2026-04-23 13:29:22,130 +0000Z  INFO  {MITNWH} MITNWH: Copied 0 rows.
2026-04-23 13:29:22,130 +0000Z  INFO  {MITOCC} Copy MITOCC
2026-04-23 13:29:22,133 +0000Z  INFO  {MITNXT} MITNXT: Copied 0 rows.
2026-04-23 13:29:22,134 +0000Z  INFO  {MITPCL} Copy MITPCL
2026-04-23 13:29:22,137 +0000Z  INFO  {MITOCC} MITOCC: Copied 0 rows.
2026-04-23 13:29:22,138 +0000Z  INFO  {MITPHR} Copy MITPHR
2026-04-23 13:29:22,143 +0000Z  INFO  {MITPHY} Copy MITPHY
2026-04-23 13:29:22,144 +0000Z  INFO  {MITPCL} MITPCL: Copied 0 rows.
2026-04-23 13:29:22,145 +0000Z  INFO  {MITPHR} MITPHR: Copied 0 rows.
2026-04-23 13:29:22,147 +0000Z  INFO  {MITPIC} Copy MITPIC
2026-04-23 13:29:22,152 +0000Z  INFO  {MITPLS} Copy MITPLS
2026-04-23 13:29:22,153 +0000Z  INFO  {MITPHY} MITPHY: Copied 0 rows.
2026-04-23 13:29:22,154 +0000Z  INFO  {MITPIC} MITPIC: Copied 0 rows.
2026-04-23 13:29:22,157 +0000Z  INFO  {MITPSN} Copy MITPSN
2026-04-23 13:29:22,162 +0000Z  INFO  {MITPTI} Copy MITPTI
2026-04-23 13:29:22,162 +0000Z  INFO  {MITPLS} MITPLS: Copied 0 rows.
2026-04-23 13:29:22,166 +0000Z  INFO  {MITPSN} MITPSN: Copied 0 rows.
2026-04-23 13:29:22,167 +0000Z  INFO  {MITPWL} Copy MITPWL
2026-04-23 13:29:22,170 +0000Z  INFO  {MITPTI} MITPTI: Copied 0 rows.
2026-04-23 13:29:22,171 +0000Z  INFO  {MITRES} Copy MITRES
2026-04-23 13:29:22,174 +0000Z  INFO  {MITPWL} MITPWL: Copied 0 rows.
2026-04-23 13:29:22,176 +0000Z  INFO  {MITSEA} Copy MITSEA
2026-04-23 13:29:22,181 +0000Z  INFO  {MITSOR} Copy MITSOR
2026-04-23 13:29:22,182 +0000Z  INFO  {MITRES} MITRES: Copied 0 rows.
2026-04-23 13:29:22,184 +0000Z  INFO  {MITSEA} MITSEA: Copied 0 rows.
2026-04-23 13:29:22,186 +0000Z  INFO  {MITSTP} Copy MITSTP
2026-04-23 13:29:22,189 +0000Z  INFO  {MITSOR} MITSOR: Copied 0 rows.
2026-04-23 13:29:22,190 +0000Z  INFO  {MITSTR} Copy MITSTR
2026-04-23 13:29:22,195 +0000Z  INFO  {MITSTP} MITSTP: Copied 0 rows.
2026-04-23 13:29:22,197 +0000Z  INFO  {MITSTR} MITSTR: Copied 0 rows.
2026-04-23 13:29:22,197 +0000Z  INFO  {MITSTS} Copy MITSTS
2026-04-23 13:29:22,202 +0000Z  INFO  {MITSUG} Copy MITSUG
2026-04-23 13:29:22,207 +0000Z  INFO  {MITTEM} Copy MITTEM
2026-04-23 13:29:22,208 +0000Z  INFO  {MITSTS} MITSTS: Copied 0 rows.
2026-04-23 13:29:22,210 +0000Z  INFO  {MITSUG} MITSUG: Copied 0 rows.
2026-04-23 13:29:22,213 +0000Z  INFO  {MITTKL} Copy MITTKL
2026-04-23 13:29:22,216 +0000Z  INFO  {MITTEM} MITTEM: Copied 0 rows.
2026-04-23 13:29:22,218 +0000Z  INFO  {MITTKP} Copy MITTKP
2026-04-23 13:29:22,220 +0000Z  INFO  {MITTKL} MITTKL: Copied 0 rows.
2026-04-23 13:29:22,223 +0000Z  INFO  {MITTRF} Copy MITTRF
2026-04-23 13:29:22,228 +0000Z  INFO  {MITTKP} MITTKP: Copied 0 rows.
2026-04-23 13:29:22,230 +0000Z  INFO  {MITTRN} Copy MITTRN
2026-04-23 13:29:22,235 +0000Z  INFO  {MITTRS} Copy MITTRS
2026-04-23 13:29:22,236 +0000Z  INFO  {MITTRF} MITTRF: Copied 0 rows.
2026-04-23 13:29:22,239 +0000Z  INFO  {MITVEX} Copy MITVEX
2026-04-23 13:29:22,245 +0000Z  INFO  {MITTRN} MITTRN: Copied 0 rows.
2026-04-23 13:29:22,248 +0000Z  INFO  {MITWAR} Copy MITWAR
2026-04-23 13:29:22,248 +0000Z  INFO  {MITVEX} MITVEX: Copied 0 rows.
2026-04-23 13:29:22,252 +0000Z  INFO  {MITTRS} MITTRS: Copied 0 rows.
2026-04-23 13:29:22,253 +0000Z  INFO  {MIWRRT} Copy MIWRRT
2026-04-23 13:29:22,256 +0000Z  INFO  {MITWAR} MITWAR: Copied 0 rows.
2026-04-23 13:29:22,258 +0000Z  INFO  {MLATTR} Copy MLATTR
2026-04-23 13:29:22,262 +0000Z  INFO  {MLECID} Copy MLECID
2026-04-23 13:29:22,267 +0000Z  INFO  {MLATTR} MLATTR: Copied 0 rows.
2026-04-23 13:29:22,268 +0000Z  INFO  {MIWRRT} MIWRRT: Copied 0 rows.
2026-04-23 13:29:22,271 +0000Z  INFO  {MLECID} MLECID: Copied 0 rows.
2026-04-23 13:29:22,379 +0000Z  INFO  {MLESUM} Copy MLESUM
2026-04-23 13:29:22,389 +0000Z  INFO  {MLIADE} Copy MLIADE
2026-04-23 13:29:22,397 +0000Z  INFO  {MLIAHE} Copy MLIAHE
2026-04-23 13:29:22,401 +0000Z  INFO  {MLIAHL} Copy MLIAHL
2026-04-23 13:29:22,406 +0000Z  INFO  {MLLIFE} Copy MLLIFE
2026-04-23 13:29:22,406 +0000Z  INFO  {MLIADE} MLIADE: Copied 0 rows.
2026-04-23 13:29:22,413 +0000Z  INFO  {MLIAHL} MLIAHL: Copied 0 rows.
2026-04-23 13:29:22,414 +0000Z  INFO  {MLIAHE} MLIAHE: Copied 0 rows.
2026-04-23 13:29:22,415 +0000Z  INFO  {MLPMTX} Copy MLPMTX
2026-04-23 13:29:22,416 +0000Z  INFO  {MLLIFE} MLLIFE: Copied 0 rows.
2026-04-23 13:29:22,420 +0000Z  INFO  {MMAODE} Copy MMAODE
2026-04-23 13:29:22,426 +0000Z  INFO  {MLPMTX} MLPMTX: Copied 0 rows.
2026-04-23 13:29:22,434 +0000Z  INFO  {MMAODE} MMAODE: Copied 0 rows.
2026-04-23 13:29:22,436 +0000Z  INFO  {MMAODM} Copy MMAODM
2026-04-23 13:29:22,443 +0000Z  INFO  {MMAODO} Copy MMAODO
2026-04-23 13:29:22,444 +0000Z  INFO  {MMAODM} MMAODM: Copied 0 rows.
2026-04-23 13:29:22,448 +0000Z  INFO  {MMAODR} Copy MMAODR
2026-04-23 13:29:22,456 +0000Z  INFO  {MMAODO} MMAODO: Copied 0 rows.
2026-04-23 13:29:22,457 +0000Z  INFO  {MMAODS} Copy MMAODS
2026-04-23 13:29:22,457 +0000Z  INFO  {MMAODR} MMAODR: Copied 0 rows.
2026-04-23 13:29:22,462 +0000Z  INFO  {MMAOHE} Copy MMAOHE
2026-04-23 13:29:22,465 +0000Z  INFO  {MMAODS} MMAODS: Copied 0 rows.
2026-04-23 13:29:22,467 +0000Z  INFO  {MMARDN} Copy MMARDN
2026-04-23 13:29:22,471 +0000Z  INFO  {MMARDO} Copy MMARDO
2026-04-23 13:29:22,472 +0000Z  INFO  {MMAOHE} MMAOHE: Copied 0 rows.
2026-04-23 13:29:22,478 +0000Z  INFO  {MMARPA} Copy MMARPA
2026-04-23 13:29:22,479 +0000Z  INFO  {MMARDO} MMARDO: Copied 0 rows.
2026-04-23 13:29:22,480 +0000Z  INFO  {MMARDN} MMARDN: Copied 0 rows.
2026-04-23 13:29:22,482 +0000Z  INFO  {MMASER} Copy MMASER
2026-04-23 13:29:22,491 +0000Z  INFO  {MMASER} MMASER: Copied 0 rows.
2026-04-23 13:29:22,494 +0000Z  INFO  {MMARPA} MMARPA: Copied 0 rows.
2026-04-23 13:29:22,494 +0000Z  INFO  {MMASUB} Copy MMASUB
2026-04-23 13:29:22,502 +0000Z  INFO  {MMAUTH} Copy MMAUTH
2026-04-23 13:29:22,504 +0000Z  INFO  {MMASUB} MMASUB: Copied 0 rows.
2026-04-23 13:29:22,506 +0000Z  INFO  {MMC303} Copy MMC303
2026-04-23 13:29:22,519 +0000Z  INFO  {MMAUTH} MMAUTH: Copied 0 rows.
2026-04-23 13:29:22,520 +0000Z  INFO  {MLESUM} MLESUM: Copied 0 rows.
2026-04-23 13:29:22,522 +0000Z  INFO  {MMC303} MMC303: Copied 0 rows.
2026-04-23 13:29:22,531 +0000Z  INFO  {MMC312} Copy MMC312
2026-04-23 13:29:22,538 +0000Z  INFO  {MMC312} MMC312: Copied 0 rows.
2026-04-23 13:29:22,541 +0000Z  INFO  {MMC317} Copy MMC317
2026-04-23 13:29:22,547 +0000Z  INFO  {MMC317} MMC317: Copied 0 rows.
2026-04-23 13:29:22,564 +0000Z  INFO  {MMC335} Copy MMC335
2026-04-23 13:29:22,571 +0000Z  INFO  {MMC335} MMC335: Copied 0 rows.
2026-04-23 13:29:22,582 +0000Z  INFO  {MMC338} Copy MMC338
2026-04-23 13:29:22,601 +0000Z  INFO  {MMC338} MMC338: Copied 0 rows.
2026-04-23 13:29:22,602 +0000Z  INFO  {MMC345} Copy MMC345
2026-04-23 13:29:22,609 +0000Z  INFO  {MMC345} MMC345: Copied 0 rows.
2026-04-23 13:29:22,611 +0000Z  INFO  {MMC348} Copy MMC348
2026-04-23 13:29:22,618 +0000Z  INFO  {MMC348} MMC348: Copied 0 rows.
2026-04-23 13:29:22,626 +0000Z  INFO  {MMC352} Copy MMC352
2026-04-23 13:29:22,630 +0000Z  INFO  {MMC600} Copy MMC600
2026-04-23 13:29:22,634 +0000Z  INFO  {MMC352} MMC352: Copied 0 rows.
2026-04-23 13:29:22,635 +0000Z  INFO  {MMC611} Copy MMC611
2026-04-23 13:29:22,640 +0000Z  INFO  {MMC600} MMC600: Copied 0 rows.
2026-04-23 13:29:22,640 +0000Z  INFO  {MMDFAD} Copy MMDFAD
2026-04-23 13:29:22,644 +0000Z  INFO  {MMDFAH} Copy MMDFAH
2026-04-23 13:29:22,646 +0000Z  INFO  {MMC611} MMC611: Copied 0 rows.
2026-04-23 13:29:22,650 +0000Z  INFO  {MMERPL} Copy MMERPL
2026-04-23 13:29:22,654 +0000Z  INFO  {MMGPKA} Copy MMGPKA
2026-04-23 13:29:22,655 +0000Z  INFO  {MMDFAH} MMDFAH: Copied 0 rows.
2026-04-23 13:29:22,657 +0000Z  INFO  {MMDFAD} MMDFAD: Copied 0 rows.
2026-04-23 13:29:22,658 +0000Z  INFO  {MMERPL} MMERPL: Copied 0 rows.
2026-04-23 13:29:22,662 +0000Z  INFO  {MMIPPD} Copy MMIPPD
2026-04-23 13:29:22,664 +0000Z  INFO  {MMGPKA} MMGPKA: Copied 0 rows.
2026-04-23 13:29:22,669 +0000Z  INFO  {MMISUB} Copy MMISUB
2026-04-23 13:29:22,674 +0000Z  INFO  {MMIPPD} MMIPPD: Copied 0 rows.
2026-04-23 13:29:22,676 +0000Z  INFO  {MMLFAD} Copy MMLFAD
2026-04-23 13:29:22,679 +0000Z  INFO  {MMISUB} MMISUB: Copied 0 rows.
2026-04-23 13:29:22,681 +0000Z  INFO  {MMLFAH} Copy MMLFAH
2026-04-23 13:29:22,685 +0000Z  INFO  {MMLFAD} MMLFAD: Copied 0 rows.
2026-04-23 13:29:22,686 +0000Z  INFO  {MMLPRC} Copy MMLPRC
2026-04-23 13:29:22,692 +0000Z  INFO  {MMLFAH} MMLFAH: Copied 0 rows.
2026-04-23 13:29:22,693 +0000Z  INFO  {MMM020} Copy MMM020
2026-04-23 13:29:22,695 +0000Z  INFO  {MMLPRC} MMLPRC: Copied 0 rows.
2026-04-23 13:29:22,699 +0000Z  INFO  {MMM076} Copy MMM076
2026-04-23 13:29:22,702 +0000Z  INFO  {MMM020} MMM020: Copied 0 rows.
2026-04-23 13:29:22,704 +0000Z  INFO  {MMM080} Copy MMM080
2026-04-23 13:29:22,708 +0000Z  INFO  {MMM076} MMM076: Copied 0 rows.
2026-04-23 13:29:22,709 +0000Z  INFO  {MMM085} Copy MMM085
2026-04-23 13:29:22,712 +0000Z  INFO  {MMM080} MMM080: Copied 0 rows.
2026-04-23 13:29:22,716 +0000Z  INFO  {MMM101} Copy MMM101
2026-04-23 13:29:22,717 +0000Z  INFO  {MMM085} MMM085: Copied 0 rows.
2026-04-23 13:29:22,722 +0000Z  INFO  {MMM103} Copy MMM103
2026-04-23 13:29:22,724 +0000Z  INFO  {MMM101} MMM101: Copied 0 rows.
2026-04-23 13:29:22,731 +0000Z  INFO  {MMM103} MMM103: Copied 0 rows.
2026-04-23 13:29:22,737 +0000Z  INFO  {MMM190} Copy MMM190
2026-04-23 13:29:22,742 +0000Z  INFO  {MMM191} Copy MMM191
2026-04-23 13:29:22,747 +0000Z  INFO  {MMM190} MMM190: Copied 0 rows.
2026-04-23 13:29:22,749 +0000Z  INFO  {MMM191} MMM191: Copied 0 rows.
2026-04-23 13:29:22,766 +0000Z  INFO  {MMM290} Copy MMM290
2026-04-23 13:29:22,772 +0000Z  INFO  {MMM428} Copy MMM428
2026-04-23 13:29:22,775 +0000Z  INFO  {MMM290} MMM290: Copied 0 rows.
2026-04-23 13:29:22,777 +0000Z  INFO  {MMM429} Copy MMM429
2026-04-23 13:29:22,780 +0000Z  INFO  {MMM428} MMM428: Copied 0 rows.
2026-04-23 13:29:22,781 +0000Z  INFO  {MMM452} Copy MMM452
2026-04-23 13:29:22,785 +0000Z  INFO  {MMM429} MMM429: Copied 0 rows.
2026-04-23 13:29:22,785 +0000Z  INFO  {MMM470} Copy MMM470
2026-04-23 13:29:22,788 +0000Z  INFO  {MMM452} MMM452: Copied 0 rows.
2026-04-23 13:29:22,790 +0000Z  INFO  {MMM472} Copy MMM472
2026-04-23 13:29:22,793 +0000Z  INFO  {MMM470} MMM470: Copied 0 rows.
2026-04-23 13:29:22,794 +0000Z  INFO  {MMM475} Copy MMM475
2026-04-23 13:29:22,797 +0000Z  INFO  {MMM472} MMM472: Copied 0 rows.
2026-04-23 13:29:22,798 +0000Z  INFO  {MMM476} Copy MMM476
2026-04-23 13:29:22,801 +0000Z  INFO  {MMM475} MMM475: Copied 0 rows.
2026-04-23 13:29:22,803 +0000Z  INFO  {MMM480} Copy MMM480
2026-04-23 13:29:22,806 +0000Z  INFO  {MMM476} MMM476: Copied 0 rows.
2026-04-23 13:29:22,807 +0000Z  INFO  {MMM481} Copy MMM481
2026-04-23 13:29:22,810 +0000Z  INFO  {MMM480} MMM480: Copied 0 rows.
2026-04-23 13:29:22,811 +0000Z  INFO  {MMM482} Copy MMM482
2026-04-23 13:29:22,814 +0000Z  INFO  {MMM481} MMM481: Copied 0 rows.
2026-04-23 13:29:22,816 +0000Z  INFO  {MMM483} Copy MMM483
2026-04-23 13:29:22,819 +0000Z  INFO  {MMM482} MMM482: Copied 0 rows.
2026-04-23 13:29:22,821 +0000Z  INFO  {MMM485} Copy MMM485
2026-04-23 13:29:22,823 +0000Z  INFO  {MMM483} MMM483: Copied 0 rows.
2026-04-23 13:29:22,825 +0000Z  INFO  {MMM491} Copy MMM491
2026-04-23 13:29:22,829 +0000Z  INFO  {MMM485} MMM485: Copied 0 rows.
2026-04-23 13:29:22,830 +0000Z  INFO  {MMM492} Copy MMM492
2026-04-23 13:29:22,833 +0000Z  INFO  {MMM491} MMM491: Copied 0 rows.
2026-04-23 13:29:22,835 +0000Z  INFO  {MMM494} Copy MMM494
2026-04-23 13:29:22,837 +0000Z  INFO  {MMM492} MMM492: Copied 0 rows.
2026-04-23 13:29:22,839 +0000Z  INFO  {MMM501} Copy MMM501
2026-04-23 13:29:22,842 +0000Z  INFO  {MMM494} MMM494: Copied 0 rows.
2026-04-23 13:29:22,843 +0000Z  INFO  {MMM601} Copy MMM601
2026-04-23 13:29:22,846 +0000Z  INFO  {MMM501} MMM501: Copied 0 rows.
2026-04-23 13:29:22,847 +0000Z  INFO  {MMM611} Copy MMM611
2026-04-23 13:29:22,852 +0000Z  INFO  {MMM620} Copy MMM620
2026-04-23 13:29:22,853 +0000Z  INFO  {MMM601} MMM601: Copied 0 rows.
2026-04-23 13:29:22,857 +0000Z  INFO  {MMM611} MMM611: Copied 0 rows.
2026-04-23 13:29:22,857 +0000Z  INFO  {MMM651} Copy MMM651
2026-04-23 13:29:22,859 +0000Z  INFO  {MMM620} MMM620: Copied 0 rows.
2026-04-23 13:29:22,861 +0000Z  INFO  {MMM671} Copy MMM671
2026-04-23 13:29:22,865 +0000Z  INFO  {MMM651} MMM651: Copied 0 rows.
2026-04-23 13:29:22,865 +0000Z  INFO  {MMM676} Copy MMM676
2026-04-23 13:29:22,868 +0000Z  INFO  {MMM671} MMM671: Copied 0 rows.
2026-04-23 13:29:22,869 +0000Z  INFO  {MMM855} Copy MMM855
2026-04-23 13:29:22,874 +0000Z  INFO  {MMM676} MMM676: Copied 0 rows.
2026-04-23 13:29:22,877 +0000Z  INFO  {MMM901} Copy MMM901
2026-04-23 13:29:22,878 +0000Z  INFO  {MMM855} MMM855: Copied 0 rows.
2026-04-23 13:29:22,881 +0000Z  INFO  {MMM902} Copy MMM902
2026-04-23 13:29:22,885 +0000Z  INFO  {MMM910} Copy MMM910
2026-04-23 13:29:22,887 +0000Z  INFO  {MMM901} MMM901: Copied 0 rows.
2026-04-23 13:29:22,890 +0000Z  INFO  {MMM911} Copy MMM911
2026-04-23 13:29:22,890 +0000Z  INFO  {MMM902} MMM902: Copied 0 rows.
2026-04-23 13:29:22,892 +0000Z  INFO  {MMM910} MMM910: Copied 0 rows.
2026-04-23 13:29:22,894 +0000Z  INFO  {MMM912} Copy MMM912
2026-04-23 13:29:22,896 +0000Z  INFO  {MMM911} MMM911: Copied 0 rows.
2026-04-23 13:29:22,898 +0000Z  INFO  {MMM913} Copy MMM913
2026-04-23 13:29:22,901 +0000Z  INFO  {MMM912} MMM912: Copied 0 rows.
2026-04-23 13:29:22,902 +0000Z  INFO  {MMM914} Copy MMM914
2026-04-23 13:29:22,905 +0000Z  INFO  {MMM913} MMM913: Copied 0 rows.
2026-04-23 13:29:22,906 +0000Z  INFO  {MMM920} Copy MMM920
2026-04-23 13:29:22,909 +0000Z  INFO  {MMM914} MMM914: Copied 0 rows.
2026-04-23 13:29:22,910 +0000Z  INFO  {MMM925} Copy MMM925
2026-04-23 13:29:22,913 +0000Z  INFO  {MMM920} MMM920: Copied 0 rows.
2026-04-23 13:29:22,914 +0000Z  INFO  {MMM930} Copy MMM930
2026-04-23 13:29:22,917 +0000Z  INFO  {MMM925} MMM925: Copied 0 rows.
2026-04-23 13:29:22,919 +0000Z  INFO  {MMM937} Copy MMM937
2026-04-23 13:29:22,922 +0000Z  INFO  {MMM930} MMM930: Copied 0 rows.
2026-04-23 13:29:22,923 +0000Z  INFO  {MMMATR} Copy MMMATR
2026-04-23 13:29:22,926 +0000Z  INFO  {MMM937} MMM937: Copied 0 rows.
2026-04-23 13:29:22,927 +0000Z  INFO  {MMMHMS} Copy MMMHMS
2026-04-23 13:29:22,930 +0000Z  INFO  {MMMATR} MMMATR: Copied 0 rows.
2026-04-23 13:29:22,931 +0000Z  INFO  {MMMPCD} Copy MMMPCD
2026-04-23 13:29:22,934 +0000Z  INFO  {MMMHMS} MMMHMS: Copied 0 rows.
2026-04-23 13:29:22,936 +0000Z  INFO  {MMMPCS} Copy MMMPCS
2026-04-23 13:29:22,939 +0000Z  INFO  {MMMPCD} MMMPCD: Copied 0 rows.
2026-04-23 13:29:22,940 +0000Z  INFO  {MMMRCD} Copy MMMRCD
2026-04-23 13:29:22,943 +0000Z  INFO  {MMMPCS} MMMPCS: Copied 0 rows.
2026-04-23 13:29:22,948 +0000Z  INFO  {MMMRCD} MMMRCD: Copied 0 rows.
2026-04-23 13:29:22,951 +0000Z  INFO  {MMO001} Copy MMO001
2026-04-23 13:29:22,966 +0000Z  INFO  {MMO002} Copy MMO002
2026-04-23 13:29:22,966 +0000Z  INFO  {MMO001} MMO001: Copied 0 rows.
2026-04-23 13:29:22,974 +0000Z  INFO  {MMO003} Copy MMO003
2026-04-23 13:29:22,978 +0000Z  INFO  {MMO004} Copy MMO004
2026-04-23 13:29:22,983 +0000Z  INFO  {MMO005} Copy MMO005
2026-04-23 13:29:22,984 +0000Z  INFO  {MMO002} MMO002: Copied 0 rows.
2026-04-23 13:29:22,985 +0000Z  INFO  {MMO003} MMO003: Copied 0 rows.
2026-04-23 13:29:22,985 +0000Z  INFO  {MMO004} MMO004: Copied 0 rows.
2026-04-23 13:29:22,990 +0000Z  INFO  {MMO005} MMO005: Copied 0 rows.
2026-04-23 13:29:22,992 +0000Z  INFO  {MMO011} Copy MMO011
2026-04-23 13:29:22,996 +0000Z  INFO  {MMO015} Copy MMO015
2026-04-23 13:29:22,999 +0000Z  INFO  {MMO011} MMO011: Copied 0 rows.
2026-04-23 13:29:23,000 +0000Z  INFO  {MMO035} Copy MMO035
2026-04-23 13:29:23,003 +0000Z  INFO  {MMO015} MMO015: Copied 0 rows.
2026-04-23 13:29:23,005 +0000Z  INFO  {MMO055} Copy MMO055
2026-04-23 13:29:23,008 +0000Z  INFO  {MMO035} MMO035: Copied 0 rows.
2026-04-23 13:29:23,010 +0000Z  INFO  {MMO05P} Copy MMO05P
2026-04-23 13:29:23,013 +0000Z  INFO  {MMO055} MMO055: Copied 0 rows.
2026-04-23 13:29:23,015 +0000Z  INFO  {MMO065} Copy MMO065
2026-04-23 13:29:23,018 +0000Z  INFO  {MMO05P} MMO05P: Copied 0 rows.
2026-04-23 13:29:23,023 +0000Z  INFO  {MMO065} MMO065: Copied 0 rows.
2026-04-23 13:29:23,085 +0000Z  INFO  {MMO130} Copy MMO130
2026-04-23 13:29:23,090 +0000Z  INFO  {MMO132} Copy MMO132
2026-04-23 13:29:23,097 +0000Z  INFO  {MMO132} MMO132: Copied 0 rows.
2026-04-23 13:29:23,138 +0000Z  INFO  {MMO137} Copy MMO137
2026-04-23 13:29:23,142 +0000Z  INFO  {MMO139} Copy MMO139
2026-04-23 13:29:23,146 +0000Z  INFO  {MMO141} Copy MMO141
2026-04-23 13:29:23,147 +0000Z  INFO  {MMO130} MMO130: Copied 0 rows.
2026-04-23 13:29:23,148 +0000Z  INFO  {MMO139} MMO139: Copied 0 rows.
2026-04-23 13:29:23,150 +0000Z  INFO  {MMO144} Copy MMO144
2026-04-23 13:29:23,153 +0000Z  INFO  {MMO141} MMO141: Copied 0 rows.
2026-04-23 13:29:23,154 +0000Z  INFO  {MMO150} Copy MMO150
2026-04-23 13:29:23,157 +0000Z  INFO  {MMO144} MMO144: Copied 0 rows.
2026-04-23 13:29:23,159 +0000Z  INFO  {MMO196} Copy MMO196
2026-04-23 13:29:23,162 +0000Z  INFO  {MMO150} MMO150: Copied 0 rows.
2026-04-23 13:29:23,167 +0000Z  INFO  {MMO196} MMO196: Copied 0 rows.
2026-04-23 13:29:23,172 +0000Z  INFO  {MMO318} Copy MMO318
2026-04-23 13:29:23,176 +0000Z  INFO  {MMO319} Copy MMO319
2026-04-23 13:29:23,179 +0000Z  INFO  {MMO318} MMO318: Copied 0 rows.
2026-04-23 13:29:23,181 +0000Z  INFO  {MMO328} Copy MMO328
2026-04-23 13:29:23,183 +0000Z  INFO  {MMO319} MMO319: Copied 0 rows.
2026-04-23 13:29:23,188 +0000Z  INFO  {MMO328} MMO328: Copied 0 rows.
2026-04-23 13:29:23,189 +0000Z  INFO  {MMO137} MMO137: Copied 0 rows.
2026-04-23 13:29:23,195 +0000Z  INFO  {MMO446} Copy MMO446
2026-04-23 13:29:23,204 +0000Z  INFO  {MMO446} MMO446: Copied 0 rows.
2026-04-23 13:29:23,227 +0000Z  INFO  {MMO620} Copy MMO620
2026-04-23 13:29:23,232 +0000Z  INFO  {MMO665} Copy MMO665
2026-04-23 13:29:23,234 +0000Z  INFO  {MMO620} MMO620: Copied 0 rows.
2026-04-23 13:29:23,236 +0000Z  INFO  {MMO753} Copy MMO753
2026-04-23 13:29:23,239 +0000Z  INFO  {MMO665} MMO665: Copied 0 rows.
2026-04-23 13:29:23,243 +0000Z  INFO  {MMO753} MMO753: Copied 0 rows.
2026-04-23 13:29:23,244 +0000Z  INFO  {MMO930} Copy MMO930
2026-04-23 13:29:23,248 +0000Z  INFO  {MMO932} Copy MMO932
2026-04-23 13:29:23,252 +0000Z  INFO  {MMO930} MMO930: Copied 0 rows.
2026-04-23 13:29:23,252 +0000Z  INFO  {MMO960} Copy MMO960
2026-04-23 13:29:23,255 +0000Z  INFO  {MMO932} MMO932: Copied 0 rows.
2026-04-23 13:29:23,257 +0000Z  INFO  {MMOAME} Copy MMOAME
2026-04-23 13:29:23,260 +0000Z  INFO  {MMO960} MMO960: Copied 0 rows.
2026-04-23 13:29:23,261 +0000Z  INFO  {MMOAPP} Copy MMOAPP
2026-04-23 13:29:23,264 +0000Z  INFO  {MMOAME} MMOAME: Copied 0 rows.
2026-04-23 13:29:23,265 +0000Z  INFO  {MMOAPQ} Copy MMOAPQ
2026-04-23 13:29:23,268 +0000Z  INFO  {MMOAPP} MMOAPP: Copied 0 rows.
2026-04-23 13:29:23,270 +0000Z  INFO  {MMOBRK} Copy MMOBRK
2026-04-23 13:29:23,273 +0000Z  INFO  {MMOAPQ} MMOAPQ: Copied 0 rows.
2026-04-23 13:29:23,275 +0000Z  INFO  {MMOCTP} Copy MMOCTP
2026-04-23 13:29:23,277 +0000Z  INFO  {MMOBRK} MMOBRK: Copied 0 rows.
2026-04-23 13:29:23,279 +0000Z  INFO  {MMODAA} Copy MMODAA
2026-04-23 13:29:23,282 +0000Z  INFO  {MMOCTP} MMOCTP: Copied 0 rows.
2026-04-23 13:29:23,283 +0000Z  INFO  {MMODAL} Copy MMODAL
2026-04-23 13:29:23,286 +0000Z  INFO  {MMODAA} MMODAA: Copied 0 rows.
2026-04-23 13:29:23,288 +0000Z  INFO  {MMODAY} Copy MMODAY
2026-04-23 13:29:23,291 +0000Z  INFO  {MMODAL} MMODAL: Copied 0 rows.
2026-04-23 13:29:23,292 +0000Z  INFO  {MMODCO} Copy MMODCO
2026-04-23 13:29:23,296 +0000Z  INFO  {MMODAY} MMODAY: Copied 0 rows.
2026-04-23 13:29:23,297 +0000Z  INFO  {MMODDI} Copy MMODDI
2026-04-23 13:29:23,299 +0000Z  INFO  {MMODCO} MMODCO: Copied 0 rows.
2026-04-23 13:29:23,301 +0000Z  INFO  {MMODMA} Copy MMODMA
2026-04-23 13:29:23,304 +0000Z  INFO  {MMODDI} MMODDI: Copied 0 rows.
2026-04-23 13:29:23,306 +0000Z  INFO  {MMOEMT} Copy MMOEMT
2026-04-23 13:29:23,309 +0000Z  INFO  {MMODMA} MMODMA: Copied 0 rows.
2026-04-23 13:29:23,310 +0000Z  INFO  {MMOLGE} Copy MMOLGE
2026-04-23 13:29:23,313 +0000Z  INFO  {MMOEMT} MMOEMT: Copied 0 rows.
2026-04-23 13:29:23,316 +0000Z  INFO  {MMOLOG} Copy MMOLOG
2026-04-23 13:29:23,317 +0000Z  INFO  {MMOLGE} MMOLGE: Copied 0 rows.
2026-04-23 13:29:23,322 +0000Z  INFO  {MMOMAA} Copy MMOMAA
2026-04-23 13:29:23,326 +0000Z  INFO  {MMOLOG} MMOLOG: Copied 0 rows.
2026-04-23 13:29:23,326 +0000Z  INFO  {MMONET} Copy MMONET
2026-04-23 13:29:23,329 +0000Z  INFO  {MMOMAA} MMOMAA: Copied 0 rows.
2026-04-23 13:29:23,331 +0000Z  INFO  {MMOOPL} Copy MMOOPL
2026-04-23 13:29:23,334 +0000Z  INFO  {MMONET} MMONET: Copied 0 rows.
2026-04-23 13:29:23,337 +0000Z  INFO  {MMOPLT} Copy MMOPLT
2026-04-23 13:29:23,338 +0000Z  INFO  {MMOOPL} MMOOPL: Copied 0 rows.
2026-04-23 13:29:23,344 +0000Z  INFO  {MMOPLX} Copy MMOPLX
2026-04-23 13:29:23,346 +0000Z  INFO  {MMOPLT} MMOPLT: Copied 0 rows.
2026-04-23 13:29:23,348 +0000Z  INFO  {MMOPMS} Copy MMOPMS
2026-04-23 13:29:23,353 +0000Z  INFO  {MMOPOL} Copy MMOPOL
2026-04-23 13:29:23,353 +0000Z  INFO  {MMOPLX} MMOPLX: Copied 0 rows.
2026-04-23 13:29:23,356 +0000Z  INFO  {MMOPMS} MMOPMS: Copied 0 rows.
2026-04-23 13:29:23,360 +0000Z  INFO  {MMOPPS} Copy MMOPPS
2026-04-23 13:29:23,361 +0000Z  INFO  {MMOPOL} MMOPOL: Copied 0 rows.
2026-04-23 13:29:23,365 +0000Z  INFO  {MMORDN} Copy MMORDN
2026-04-23 13:29:23,370 +0000Z  INFO  {MMORID} Copy MMORID
2026-04-23 13:29:23,370 +0000Z  INFO  {MMOPPS} MMOPPS: Copied 0 rows.
2026-04-23 13:29:23,372 +0000Z  INFO  {MMORDN} MMORDN: Copied 0 rows.
2026-04-23 13:29:23,376 +0000Z  INFO  {MMOSER} Copy MMOSER
2026-04-23 13:29:23,377 +0000Z  INFO  {MMORID} MMORID: Copied 0 rows.
2026-04-23 13:29:23,380 +0000Z  INFO  {MMOSPE} Copy MMOSPE
2026-04-23 13:29:23,385 +0000Z  INFO  {MMOTOP} Copy MMOTOP
2026-04-23 13:29:23,386 +0000Z  INFO  {MMOSER} MMOSER: Copied 0 rows.
2026-04-23 13:29:23,387 +0000Z  INFO  {MMOSPE} MMOSPE: Copied 0 rows.
2026-04-23 13:29:23,389 +0000Z  INFO  {MMOTTT} Copy MMOTTT
2026-04-23 13:29:23,392 +0000Z  INFO  {MMOTOP} MMOTOP: Copied 0 rows.
2026-04-23 13:29:23,396 +0000Z  INFO  {MMOTTT} MMOTTT: Copied 0 rows.
2026-04-23 13:29:23,396 +0000Z  INFO  {MMOWSO} Copy MMOWSO
2026-04-23 13:29:23,400 +0000Z  INFO  {MMOWST} Copy MMOWST
2026-04-23 13:29:23,405 +0000Z  INFO  {MMOWSV} Copy MMOWSV
2026-04-23 13:29:23,406 +0000Z  INFO  {MMOWSO} MMOWSO: Copied 0 rows.
2026-04-23 13:29:23,408 +0000Z  INFO  {MMOWST} MMOWST: Copied 0 rows.
2026-04-23 13:29:23,409 +0000Z  INFO  {MMP411} Copy MMP411
2026-04-23 13:29:23,412 +0000Z  INFO  {MMOWSV} MMOWSV: Copied 0 rows.
2026-04-23 13:29:23,414 +0000Z  INFO  {MMPDRA} Copy MMPDRA
2026-04-23 13:29:23,416 +0000Z  INFO  {MMP411} MMP411: Copied 0 rows.
2026-04-23 13:29:23,418 +0000Z  INFO  {MMPLTS} Copy MMPLTS
2026-04-23 13:29:23,421 +0000Z  INFO  {MMPDRA} MMPDRA: Copied 0 rows.
2026-04-23 13:29:23,423 +0000Z  INFO  {MMPMAA} Copy MMPMAA
2026-04-23 13:29:23,426 +0000Z  INFO  {MMPLTS} MMPLTS: Copied 0 rows.
2026-04-23 13:29:23,431 +0000Z  INFO  {MMPMAA} MMPMAA: Copied 0 rows.
2026-04-23 13:29:23,435 +0000Z  INFO  {MMPMAT} Copy MMPMAT
2026-04-23 13:29:23,440 +0000Z  INFO  {MMPOEM} Copy MMPOEM
2026-04-23 13:29:23,444 +0000Z  INFO  {MMPSPE} Copy MMPSPE
2026-04-23 13:29:23,447 +0000Z  INFO  {MMPOEM} MMPOEM: Copied 0 rows.
2026-04-23 13:29:23,449 +0000Z  INFO  {MMRREM} Copy MMRREM
2026-04-23 13:29:23,451 +0000Z  INFO  {MMPSPE} MMPSPE: Copied 0 rows.
2026-04-23 13:29:23,452 +0000Z  INFO  {MMPMAT} MMPMAT: Copied 0 rows.
2026-04-23 13:29:23,453 +0000Z  INFO  {MMSISF} Copy MMSISF
2026-04-23 13:29:23,456 +0000Z  INFO  {MMRREM} MMRREM: Copied 0 rows.
2026-04-23 13:29:23,458 +0000Z  INFO  {MMSNPR} Copy MMSNPR
2026-04-23 13:29:23,460 +0000Z  INFO  {MMSISF} MMSISF: Copied 0 rows.
2026-04-23 13:29:23,463 +0000Z  INFO  {MMSTDE} Copy MMSTDE
2026-04-23 13:29:23,466 +0000Z  INFO  {MMSNPR} MMSNPR: Copied 0 rows.
2026-04-23 13:29:23,467 +0000Z  INFO  {MMSTFI} Copy MMSTFI
2026-04-23 13:29:23,470 +0000Z  INFO  {MMSTDE} MMSTDE: Copied 0 rows.
2026-04-23 13:29:23,471 +0000Z  INFO  {MMTOTR} Copy MMTOTR
2026-04-23 13:29:23,474 +0000Z  INFO  {MMSTFI} MMSTFI: Copied 0 rows.
2026-04-23 13:29:23,479 +0000Z  INFO  {MMTOTR} MMTOTR: Copied 0 rows.
2026-04-23 13:29:23,483 +0000Z  INFO  {MMTPLP} Copy MMTPLP
2026-04-23 13:29:23,487 +0000Z  INFO  {MMTPLT} Copy MMTPLT
2026-04-23 13:29:23,491 +0000Z  INFO  {MMW061} Copy MMW061
2026-04-23 13:29:23,494 +0000Z  INFO  {MMTPLT} MMTPLT: Copied 0 rows.
2026-04-23 13:29:23,496 +0000Z  INFO  {MMW071} Copy MMW071
2026-04-23 13:29:23,498 +0000Z  INFO  {MMW061} MMW061: Copied 0 rows.
2026-04-23 13:29:23,499 +0000Z  INFO  {MMTPLP} MMTPLP: Copied 0 rows.
2026-04-23 13:29:23,500 +0000Z  INFO  {MMW150} Copy MMW150
2026-04-23 13:29:23,502 +0000Z  INFO  {MMW071} MMW071: Copied 0 rows.
2026-04-23 13:29:23,508 +0000Z  INFO  {MMW150} MMW150: Copied 0 rows.
2026-04-23 13:29:23,566 +0000Z  INFO  {MMW200} Copy MMW200
2026-04-23 13:29:23,594 +0000Z  INFO  {MMW410} Copy MMW410
2026-04-23 13:29:23,611 +0000Z  INFO  {MMW411} Copy MMW411
2026-04-23 13:29:23,620 +0000Z  INFO  {MMW423} Copy MMW423
2026-04-23 13:29:23,623 +0000Z  INFO  {MMW410} MMW410: Copied 0 rows.
2026-04-23 13:29:23,625 +0000Z  INFO  {MMW428} Copy MMW428
2026-04-23 13:29:23,630 +0000Z  INFO  {MMW429} Copy MMW429
2026-04-23 13:29:23,631 +0000Z  INFO  {MMW423} MMW423: Copied 0 rows.
2026-04-23 13:29:23,633 +0000Z  INFO  {MMW411} MMW411: Copied 0 rows.
2026-04-23 13:29:23,636 +0000Z  INFO  {MMW428} MMW428: Copied 0 rows.
2026-04-23 13:29:23,636 +0000Z  INFO  {MMW442} Copy MMW442
2026-04-23 13:29:23,638 +0000Z  INFO  {MMW200} MMW200: Copied 0 rows.
2026-04-23 13:29:23,639 +0000Z  INFO  {MMW429} MMW429: Copied 0 rows.
2026-04-23 13:29:23,641 +0000Z  INFO  {MMW450} Copy MMW450
2026-04-23 13:29:23,645 +0000Z  INFO  {MMW442} MMW442: Copied 0 rows.
2026-04-23 13:29:23,646 +0000Z  INFO  {MMW485} Copy MMW485
2026-04-23 13:29:23,649 +0000Z  INFO  {MMW450} MMW450: Copied 0 rows.
2026-04-23 13:29:23,650 +0000Z  INFO  {MMW640} Copy MMW640
2026-04-23 13:29:23,655 +0000Z  INFO  {MMW485} MMW485: Copied 0 rows.
2026-04-23 13:29:23,655 +0000Z  INFO  {MMW641} Copy MMW641
2026-04-23 13:29:23,657 +0000Z  INFO  {MMW640} MMW640: Copied 0 rows.
2026-04-23 13:29:23,659 +0000Z  INFO  {MMW642} Copy MMW642
2026-04-23 13:29:23,662 +0000Z  INFO  {MMW641} MMW641: Copied 0 rows.
2026-04-23 13:29:23,664 +0000Z  INFO  {MMW643} Copy MMW643
2026-04-23 13:29:23,667 +0000Z  INFO  {MMW642} MMW642: Copied 0 rows.
2026-04-23 13:29:23,668 +0000Z  INFO  {MMW806} Copy MMW806
2026-04-23 13:29:23,673 +0000Z  INFO  {MMW910} Copy MMW910
2026-04-23 13:29:23,673 +0000Z  INFO  {MMW643} MMW643: Copied 0 rows.
2026-04-23 13:29:23,676 +0000Z  INFO  {MMW806} MMW806: Copied 0 rows.
2026-04-23 13:29:23,677 +0000Z  INFO  {MMW971} Copy MMW971
2026-04-23 13:29:23,680 +0000Z  INFO  {MMW910} MMW910: Copied 0 rows.
2026-04-23 13:29:23,682 +0000Z  INFO  {MMW972} Copy MMW972
2026-04-23 13:29:23,684 +0000Z  INFO  {MMW971} MMW971: Copied 0 rows.
2026-04-23 13:29:23,686 +0000Z  INFO  {MMW973} Copy MMW973
2026-04-23 13:29:23,689 +0000Z  INFO  {MMW972} MMW972: Copied 0 rows.
2026-04-23 13:29:23,691 +0000Z  INFO  {MMW974} Copy MMW974
2026-04-23 13:29:23,693 +0000Z  INFO  {MMW973} MMW973: Copied 0 rows.
2026-04-23 13:29:23,695 +0000Z  INFO  {MMW975} Copy MMW975
2026-04-23 13:29:23,698 +0000Z  INFO  {MMW974} MMW974: Copied 0 rows.
2026-04-23 13:29:23,699 +0000Z  INFO  {MMW976} Copy MMW976
2026-04-23 13:29:23,702 +0000Z  INFO  {MMW975} MMW975: Copied 0 rows.
2026-04-23 13:29:23,703 +0000Z  INFO  {MMWCRZ} Copy MMWCRZ
2026-04-23 13:29:23,706 +0000Z  INFO  {MMW976} MMW976: Copied 0 rows.
2026-04-23 13:29:23,708 +0000Z  INFO  {MMWPCS} Copy MMWPCS
2026-04-23 13:29:23,710 +0000Z  INFO  {MMWCRZ} MMWCRZ: Copied 0 rows.
2026-04-23 13:29:23,715 +0000Z  INFO  {MMWPCS} MMWPCS: Copied 0 rows.
2026-04-23 13:29:23,719 +0000Z  INFO  {MMXBAL} Copy MMXBAL
2026-04-23 13:29:23,724 +0000Z  INFO  {MMXFAC} Copy MMXFAC
2026-04-23 13:29:23,729 +0000Z  INFO  {MMXHED} Copy MMXHED
2026-04-23 13:29:23,732 +0000Z  INFO  {MMXFAC} MMXFAC: Copied 0 rows.
2026-04-23 13:29:23,733 +0000Z  INFO  {MMXBAL} MMXBAL: Copied 0 rows.
2026-04-23 13:29:23,738 +0000Z  INFO  {MMXHED} MMXHED: Copied 0 rows.
2026-04-23 13:29:23,752 +0000Z  INFO  {MMXMAS} Copy MMXMAS
2026-04-23 13:29:23,756 +0000Z  INFO  {MMXNET} Copy MMXNET
2026-04-23 13:29:23,761 +0000Z  INFO  {MMXOPE} Copy MMXOPE
2026-04-23 13:29:23,763 +0000Z  INFO  {MMXNET} MMXNET: Copied 0 rows.
2026-04-23 13:29:23,765 +0000Z  INFO  {MMXUSR} Copy MMXUSR
2026-04-23 13:29:23,769 +0000Z  INFO  {MNOMAS} Copy MNOMAS
2026-04-23 13:29:23,769 +0000Z  INFO  {MMXOPE} MMXOPE: Copied 0 rows.
2026-04-23 13:29:23,771 +0000Z  INFO  {MMXUSR} MMXUSR: Copied 0 rows.
2026-04-23 13:29:23,775 +0000Z  INFO  {MNSTDH} Copy MNSTDH
2026-04-23 13:29:23,776 +0000Z  INFO  {MMXMAS} MMXMAS: Copied 0 rows.
2026-04-23 13:29:23,777 +0000Z  INFO  {MNOMAS} MNOMAS: Copied 0 rows.
2026-04-23 13:29:23,780 +0000Z  INFO  {MOAATA} Copy MOAATA
2026-04-23 13:29:23,784 +0000Z  INFO  {MNSTDH} MNSTDH: Copied 0 rows.
2026-04-23 13:29:23,784 +0000Z  INFO  {MOACMC} Copy MOACMC
2026-04-23 13:29:23,787 +0000Z  INFO  {MOAATA} MOAATA: Copied 0 rows.
2026-04-23 13:29:23,789 +0000Z  INFO  {MOADDR} Copy MOADDR
2026-04-23 13:29:23,792 +0000Z  INFO  {MOACMC} MOACMC: Copied 0 rows.
2026-04-23 13:29:23,793 +0000Z  INFO  {MOADLM} Copy MOADLM
2026-04-23 13:29:23,797 +0000Z  INFO  {MOADDR} MOADDR: Copied 0 rows.
2026-04-23 13:29:23,798 +0000Z  INFO  {MOANHE} Copy MOANHE
2026-04-23 13:29:23,800 +0000Z  INFO  {MOADLM} MOADLM: Copied 0 rows.
2026-04-23 13:29:23,803 +0000Z  INFO  {MOANLI} Copy MOANLI
2026-04-23 13:29:23,806 +0000Z  INFO  {MOANHE} MOANHE: Copied 0 rows.
2026-04-23 13:29:23,807 +0000Z  INFO  {MOAPRM} Copy MOAPRM
2026-04-23 13:29:23,810 +0000Z  INFO  {MOANLI} MOANLI: Copied 0 rows.
2026-04-23 13:29:23,812 +0000Z  INFO  {MOARCO} Copy MOARCO
2026-04-23 13:29:23,814 +0000Z  INFO  {MOAPRM} MOAPRM: Copied 0 rows.
2026-04-23 13:29:23,816 +0000Z  INFO  {MOASCO} Copy MOASCO
2026-04-23 13:29:23,819 +0000Z  INFO  {MOARCO} MOARCO: Copied 0 rows.
2026-04-23 13:29:23,821 +0000Z  INFO  {MOASLM} Copy MOASLM
2026-04-23 13:29:23,824 +0000Z  INFO  {MOASCO} MOASCO: Copied 0 rows.
2026-04-23 13:29:23,825 +0000Z  INFO  {MOATTH} Copy MOATTH
2026-04-23 13:29:23,828 +0000Z  INFO  {MOASLM} MOASLM: Copied 0 rows.
2026-04-23 13:29:23,830 +0000Z  INFO  {MOCESE} Copy MOCESE
2026-04-23 13:29:23,833 +0000Z  INFO  {MOATTH} MOATTH: Copied 0 rows.
2026-04-23 13:29:23,834 +0000Z  INFO  {MOCHPN} Copy MOCHPN
2026-04-23 13:29:23,837 +0000Z  INFO  {MOCESE} MOCESE: Copied 0 rows.
2026-04-23 13:29:23,839 +0000Z  INFO  {MODACT} Copy MODACT
2026-04-23 13:29:23,842 +0000Z  INFO  {MOCHPN} MOCHPN: Copied 0 rows.
2026-04-23 13:29:23,844 +0000Z  INFO  {MODCFA} Copy MODCFA
2026-04-23 13:29:23,846 +0000Z  INFO  {MODACT} MODACT: Copied 0 rows.
2026-04-23 13:29:23,848 +0000Z  INFO  {MODORE} Copy MODORE
2026-04-23 13:29:23,853 +0000Z  INFO  {MODCFA} MODCFA: Copied 0 rows.
2026-04-23 13:29:23,853 +0000Z  INFO  {MOEFAC} Copy MOEFAC
2026-04-23 13:29:23,856 +0000Z  INFO  {MODORE} MODORE: Copied 0 rows.
2026-04-23 13:29:23,857 +0000Z  INFO  {MOENVI} Copy MOENVI
2026-04-23 13:29:23,860 +0000Z  INFO  {MOEFAC} MOEFAC: Copied 0 rows.
2026-04-23 13:29:23,862 +0000Z  INFO  {MOFACI} Copy MOFACI
2026-04-23 13:29:23,865 +0000Z  INFO  {MOENVI} MOENVI: Copied 0 rows.
2026-04-23 13:29:23,867 +0000Z  INFO  {MOFLEE} Copy MOFLEE
2026-04-23 13:29:23,869 +0000Z  INFO  {MOFACI} MOFACI: Copied 0 rows.
2026-04-23 13:29:23,871 +0000Z  INFO  {MOHEAD} Copy MOHEAD
2026-04-23 13:29:23,875 +0000Z  INFO  {MOFLEE} MOFLEE: Copied 0 rows.
2026-04-23 13:29:23,876 +0000Z  INFO  {MOHEAR} Copy MOHEAR
2026-04-23 13:29:23,879 +0000Z  INFO  {MOHEAD} MOHEAD: Copied 0 rows.
2026-04-23 13:29:23,880 +0000Z  INFO  {MOIAPP} Copy MOIAPP
2026-04-23 13:29:23,883 +0000Z  INFO  {MOHEAR} MOHEAR: Copied 0 rows.
2026-04-23 13:29:23,884 +0000Z  INFO  {MOLINE} Copy MOLINE
2026-04-23 13:29:23,887 +0000Z  INFO  {MOIAPP} MOIAPP: Copied 0 rows.
2026-04-23 13:29:23,889 +0000Z  INFO  {MOLOCK} Copy MOLOCK
2026-04-23 13:29:23,891 +0000Z  INFO  {MOLINE} MOLINE: Copied 0 rows.
2026-04-23 13:29:23,893 +0000Z  INFO  {MOMPGE} Copy MOMPGE
2026-04-23 13:29:23,896 +0000Z  INFO  {MOLOCK} MOLOCK: Copied 0 rows.
2026-04-23 13:29:23,899 +0000Z  INFO  {MOMPGM} Copy MOMPGM
2026-04-23 13:29:23,901 +0000Z  INFO  {MOMPGE} MOMPGE: Copied 0 rows.
2026-04-23 13:29:23,903 +0000Z  INFO  {MOMPGR} Copy MOMPGR
2026-04-23 13:29:23,906 +0000Z  INFO  {MOMPGM} MOMPGM: Copied 0 rows.
2026-04-23 13:29:23,908 +0000Z  INFO  {MOMWHL} Copy MOMWHL
2026-04-23 13:29:23,911 +0000Z  INFO  {MOMPGR} MOMPGR: Copied 0 rows.
2026-04-23 13:29:23,912 +0000Z  INFO  {MOOACS} Copy MOOACS
2026-04-23 13:29:23,915 +0000Z  INFO  {MOMWHL} MOMWHL: Copied 0 rows.
2026-04-23 13:29:23,916 +0000Z  INFO  {MOOEOT} Copy MOOEOT
2026-04-23 13:29:23,919 +0000Z  INFO  {MOOACS} MOOACS: Copied 0 rows.
2026-04-23 13:29:23,921 +0000Z  INFO  {MOOPGM} Copy MOOPGM
2026-04-23 13:29:23,924 +0000Z  INFO  {MOOEOT} MOOEOT: Copied 0 rows.
2026-04-23 13:29:23,926 +0000Z  INFO  {MOOPPS} Copy MOOPPS
2026-04-23 13:29:23,928 +0000Z  INFO  {MOOPGM} MOOPGM: Copied 0 rows.
2026-04-23 13:29:23,931 +0000Z  INFO  {MOOPPW} Copy MOOPPW
2026-04-23 13:29:23,933 +0000Z  INFO  {MOOPPS} MOOPPS: Copied 0 rows.
2026-04-23 13:29:23,935 +0000Z  INFO  {MOORDO} Copy MOORDO
2026-04-23 13:29:23,938 +0000Z  INFO  {MOOPPW} MOOPPW: Copied 0 rows.
2026-04-23 13:29:23,940 +0000Z  INFO  {MOORDS} Copy MOORDS
2026-04-23 13:29:23,942 +0000Z  INFO  {MOORDO} MOORDO: Copied 0 rows.
2026-04-23 13:29:23,944 +0000Z  INFO  {MOORRS} Copy MOORRS
2026-04-23 13:29:23,947 +0000Z  INFO  {MOORDS} MOORDS: Copied 0 rows.
2026-04-23 13:29:23,949 +0000Z  INFO  {MOPERM} Copy MOPERM
2026-04-23 13:29:23,951 +0000Z  INFO  {MOORRS} MOORRS: Copied 0 rows.
2026-04-23 13:29:23,953 +0000Z  INFO  {MOSCRQ} Copy MOSCRQ
2026-04-23 13:29:23,957 +0000Z  INFO  {MOPERM} MOPERM: Copied 0 rows.
2026-04-23 13:29:23,958 +0000Z  INFO  {MOSCRR} Copy MOSCRR
2026-04-23 13:29:23,961 +0000Z  INFO  {MOSCRQ} MOSCRQ: Copied 0 rows.
2026-04-23 13:29:23,963 +0000Z  INFO  {MOSEPH} Copy MOSEPH
2026-04-23 13:29:23,967 +0000Z  INFO  {MOSCRR} MOSCRR: Copied 0 rows.
2026-04-23 13:29:23,969 +0000Z  INFO  {MOSEPR} Copy MOSEPR
2026-04-23 13:29:23,970 +0000Z  INFO  {MOSEPH} MOSEPH: Copied 0 rows.
2026-04-23 13:29:23,973 +0000Z  INFO  {MOSMCD} Copy MOSMCD
2026-04-23 13:29:23,976 +0000Z  INFO  {MOSEPR} MOSEPR: Copied 0 rows.
2026-04-23 13:29:23,981 +0000Z  INFO  {MOSMCD} MOSMCD: Copied 0 rows.
2026-04-23 13:29:24,052 +0000Z  INFO  {MOSRPA} Copy MOSRPA
2026-04-23 13:29:24,057 +0000Z  INFO  {MOTOOL} Copy MOTOOL
2026-04-23 13:29:24,061 +0000Z  INFO  {MPAGRX} Copy MPAGRX
2026-04-23 13:29:24,065 +0000Z  INFO  {MOTOOL} MOTOOL: Copied 0 rows.
2026-04-23 13:29:24,066 +0000Z  INFO  {MPAPMA} Copy MPAPMA
2026-04-23 13:29:24,069 +0000Z  INFO  {MPAGRX} MPAGRX: Copied 0 rows.
2026-04-23 13:29:24,070 +0000Z  INFO  {MPAPST} Copy MPAPST
2026-04-23 13:29:24,074 +0000Z  INFO  {MPAPMA} MPAPMA: Copied 0 rows.
2026-04-23 13:29:24,075 +0000Z  INFO  {MPARCL} Copy MPARCL
2026-04-23 13:29:24,077 +0000Z  INFO  {MPAPST} MPAPST: Copied 0 rows.
2026-04-23 13:29:24,079 +0000Z  INFO  {MPARDN} Copy MPARDN
2026-04-23 13:29:24,082 +0000Z  INFO  {MPARCL} MPARCL: Copied 0 rows.
2026-04-23 13:29:24,083 +0000Z  INFO  {MPARPB} Copy MPARPB
2026-04-23 13:29:24,086 +0000Z  INFO  {MPARDN} MPARDN: Copied 0 rows.
2026-04-23 13:29:24,087 +0000Z  INFO  {MPARPL} Copy MPARPL
2026-04-23 13:29:24,091 +0000Z  INFO  {MPARPB} MPARPB: Copied 0 rows.
2026-04-23 13:29:24,092 +0000Z  INFO  {MPARPO} Copy MPARPO
2026-04-23 13:29:24,094 +0000Z  INFO  {MPARPL} MPARPL: Copied 0 rows.
2026-04-23 13:29:24,096 +0000Z  INFO  {MPARQI} Copy MPARQI
2026-04-23 13:29:24,099 +0000Z  INFO  {MPARPO} MPARPO: Copied 0 rows.
2026-04-23 13:29:24,100 +0000Z  INFO  {MPARSC} Copy MPARSC
2026-04-23 13:29:24,103 +0000Z  INFO  {MPARQI} MPARQI: Copied 0 rows.
2026-04-23 13:29:24,105 +0000Z  INFO  {MPAUHA} Copy MPAUHA
2026-04-23 13:29:24,107 +0000Z  INFO  {MPARSC} MPARSC: Copied 0 rows.
2026-04-23 13:29:24,110 +0000Z  INFO  {MPAUTW} Copy MPAUTW
2026-04-23 13:29:24,111 +0000Z  INFO  {MPAUHA} MPAUHA: Copied 0 rows.
2026-04-23 13:29:24,114 +0000Z  INFO  {MPAVST} Copy MPAVST
2026-04-23 13:29:24,118 +0000Z  INFO  {MPAUTW} MPAUTW: Copied 0 rows.
2026-04-23 13:29:24,118 +0000Z  INFO  {MPBONH} Copy MPBONH
2026-04-23 13:29:24,121 +0000Z  INFO  {MPAVST} MPAVST: Copied 0 rows.
2026-04-23 13:29:24,122 +0000Z  INFO  {MPBONL} Copy MPBONL
2026-04-23 13:29:24,125 +0000Z  INFO  {MPBONH} MPBONH: Copied 0 rows.
2026-04-23 13:29:24,129 +0000Z  INFO  {MPBONL} MPBONL: Copied 0 rows.
2026-04-23 13:29:24,133 +0000Z  INFO  {MPC25A} Copy MPC25A
2026-04-23 13:29:24,137 +0000Z  INFO  {MPC25H} Copy MPC25H
2026-04-23 13:29:24,139 +0000Z  INFO  {MOSRPA} MOSRPA: Copied 0 rows.
2026-04-23 13:29:24,142 +0000Z  INFO  {MPC25A} MPC25A: Copied 0 rows.
2026-04-23 13:29:24,143 +0000Z  INFO  {MPC25L} Copy MPC25L
2026-04-23 13:29:24,152 +0000Z  INFO  {MPC25L} MPC25L: Copied 0 rows.
2026-04-23 13:29:24,185 +0000Z  INFO  {MPC481} Copy MPC481
2026-04-23 13:29:24,190 +0000Z  INFO  {MPC491} Copy MPC491
2026-04-23 13:29:24,192 +0000Z  INFO  {MPC481} MPC481: Copied 0 rows.
2026-04-23 13:29:24,195 +0000Z  INFO  {MPC496} Copy MPC496
2026-04-23 13:29:24,197 +0000Z  INFO  {MPC491} MPC491: Copied 0 rows.
2026-04-23 13:29:24,199 +0000Z  INFO  {MPCCDR} Copy MPCCDR
2026-04-23 13:29:24,203 +0000Z  INFO  {MPC496} MPC496: Copied 0 rows.
2026-04-23 13:29:24,203 +0000Z  INFO  {MPCCIR} Copy MPCCIR
2026-04-23 13:29:24,205 +0000Z  INFO  {MPCCDR} MPCCDR: Copied 0 rows.
2026-04-23 13:29:24,207 +0000Z  INFO  {MPCELN} Copy MPCELN
2026-04-23 13:29:24,209 +0000Z  INFO  {MPCCIR} MPCCIR: Copied 0 rows.
2026-04-23 13:29:24,211 +0000Z  INFO  {MPCKLG} Copy MPCKLG
2026-04-23 13:29:24,214 +0000Z  INFO  {MPCELN} MPCELN: Copied 0 rows.
2026-04-23 13:29:24,216 +0000Z  INFO  {MPCKLT} Copy MPCKLT
2026-04-23 13:29:24,218 +0000Z  INFO  {MPCKLG} MPCKLG: Copied 0 rows.
2026-04-23 13:29:24,221 +0000Z  INFO  {MPCMFO} Copy MPCMFO
2026-04-23 13:29:24,223 +0000Z  INFO  {MPCKLT} MPCKLT: Copied 0 rows.
2026-04-23 13:29:24,225 +0000Z  INFO  {MPCMFT} Copy MPCMFT
2026-04-23 13:29:24,228 +0000Z  INFO  {MPCMFO} MPCMFO: Copied 0 rows.
2026-04-23 13:29:24,230 +0000Z  INFO  {MPCMIF} Copy MPCMIF
2026-04-23 13:29:24,232 +0000Z  INFO  {MPCMFT} MPCMFT: Copied 0 rows.
2026-04-23 13:29:24,234 +0000Z  INFO  {MPCMOD} Copy MPCMOD
2026-04-23 13:29:24,237 +0000Z  INFO  {MPCMIF} MPCMIF: Copied 0 rows.
2026-04-23 13:29:24,242 +0000Z  INFO  {MPCMOD} MPCMOD: Copied 0 rows.
2026-04-23 13:29:24,243 +0000Z  INFO  {MPCMPA} Copy MPCMPA
2026-04-23 13:29:24,247 +0000Z  INFO  {MPCMSP} Copy MPCMSP
2026-04-23 13:29:24,254 +0000Z  INFO  {MPCMSP} MPCMSP: Copied 0 rows.
2026-04-23 13:29:24,255 +0000Z  INFO  {MPCMPA} MPCMPA: Copied 0 rows.
2026-04-23 13:29:24,260 +0000Z  INFO  {MPD061} Copy MPD061
2026-04-23 13:29:24,265 +0000Z  INFO  {MPD100} Copy MPD100
2026-04-23 13:29:24,267 +0000Z  INFO  {MPD061} MPD061: Copied 0 rows.
2026-04-23 13:29:24,269 +0000Z  INFO  {MPD110} Copy MPD110
2026-04-23 13:29:24,272 +0000Z  INFO  {MPD100} MPD100: Copied 0 rows.
2026-04-23 13:29:24,276 +0000Z  INFO  {MPD110} MPD110: Copied 0 rows.
2026-04-23 13:29:24,286 +0000Z  INFO  {MPD526} Copy MPD526
2026-04-23 13:29:24,293 +0000Z  INFO  {MPD526} MPD526: Copied 0 rows.
2026-04-23 13:29:24,295 +0000Z  INFO  {MPD60A} Copy MPD60A
2026-04-23 13:29:24,299 +0000Z  INFO  {MPD60B} Copy MPD60B
2026-04-23 13:29:24,302 +0000Z  INFO  {MPD60A} MPD60A: Copied 0 rows.
2026-04-23 13:29:24,303 +0000Z  INFO  {MPD60C} Copy MPD60C
2026-04-23 13:29:24,307 +0000Z  INFO  {MPD60B} MPD60B: Copied 0 rows.
2026-04-23 13:29:24,307 +0000Z  INFO  {MPD60D} Copy MPD60D
2026-04-23 13:29:24,310 +0000Z  INFO  {MPD60C} MPD60C: Copied 0 rows.
2026-04-23 13:29:24,312 +0000Z  INFO  {MPD60E} Copy MPD60E
2026-04-23 13:29:24,314 +0000Z  INFO  {MPD60D} MPD60D: Copied 0 rows.
2026-04-23 13:29:24,316 +0000Z  INFO  {MPD60F} Copy MPD60F
2026-04-23 13:29:24,319 +0000Z  INFO  {MPD60E} MPD60E: Copied 0 rows.
2026-04-23 13:29:24,321 +0000Z  INFO  {MPD60O} Copy MPD60O
2026-04-23 13:29:24,323 +0000Z  INFO  {MPD60F} MPD60F: Copied 0 rows.
2026-04-23 13:29:24,329 +0000Z  INFO  {MPD60O} MPD60O: Copied 0 rows.
2026-04-23 13:29:24,330 +0000Z  INFO  {MPD61L} Copy MPD61L
2026-04-23 13:29:24,335 +0000Z  INFO  {MPD61O} Copy MPD61O
2026-04-23 13:29:24,338 +0000Z  INFO  {MPD61L} MPD61L: Copied 0 rows.
2026-04-23 13:29:24,340 +0000Z  INFO  {MPD61P} Copy MPD61P
2026-04-23 13:29:24,342 +0000Z  INFO  {MPD61O} MPD61O: Copied 0 rows.
2026-04-23 13:29:24,344 +0000Z  INFO  {MPD620} Copy MPD620
2026-04-23 13:29:24,347 +0000Z  INFO  {MPD61P} MPD61P: Copied 0 rows.
2026-04-23 13:29:24,349 +0000Z  INFO  {MPD625} Copy MPD625
2026-04-23 13:29:24,353 +0000Z  INFO  {MPD620} MPD620: Copied 0 rows.
2026-04-23 13:29:24,354 +0000Z  INFO  {MPD642} Copy MPD642
2026-04-23 13:29:24,356 +0000Z  INFO  {MPD625} MPD625: Copied 0 rows.
2026-04-23 13:29:24,358 +0000Z  INFO  {MPD911} Copy MPD911
2026-04-23 13:29:24,361 +0000Z  INFO  {MPD642} MPD642: Copied 0 rows.
2026-04-23 13:29:24,362 +0000Z  INFO  {MPDACS} Copy MPDACS
2026-04-23 13:29:24,363 +0000Z  INFO  {MPC25H} MPC25H: Copied 0 rows.
2026-04-23 13:29:24,365 +0000Z  INFO  {MPD911} MPD911: Copied 0 rows.
2026-04-23 13:29:24,367 +0000Z  INFO  {MPDACT} Copy MPDACT
2026-04-23 13:29:24,370 +0000Z  INFO  {MPDACS} MPDACS: Copied 0 rows.
2026-04-23 13:29:24,371 +0000Z  INFO  {MPDALI} Copy MPDALI
2026-04-23 13:29:24,373 +0000Z  INFO  {MPDACT} MPDACT: Copied 0 rows.
2026-04-23 13:29:24,375 +0000Z  INFO  {MPDAUN} Copy MPDAUN
2026-04-23 13:29:24,378 +0000Z  INFO  {MPDALI} MPDALI: Copied 0 rows.
2026-04-23 13:29:24,380 +0000Z  INFO  {MPDCAL} Copy MPDCAL
2026-04-23 13:29:24,382 +0000Z  INFO  {MPDAUN} MPDAUN: Copied 0 rows.
2026-04-23 13:29:24,384 +0000Z  INFO  {MPDCD1} Copy MPDCD1
2026-04-23 13:29:24,387 +0000Z  INFO  {MPDCAL} MPDCAL: Copied 0 rows.
2026-04-23 13:29:24,389 +0000Z  INFO  {MPDCDF} Copy MPDCDF
2026-04-23 13:29:24,392 +0000Z  INFO  {MPDCD1} MPDCD1: Copied 0 rows.
2026-04-23 13:29:24,393 +0000Z  INFO  {MPDCDL} Copy MPDCDL
2026-04-23 13:29:24,396 +0000Z  INFO  {MPDCDF} MPDCDF: Copied 0 rows.
2026-04-23 13:29:24,398 +0000Z  INFO  {MPDCDM} Copy MPDCDM
2026-04-23 13:29:24,401 +0000Z  INFO  {MPDCDL} MPDCDL: Copied 0 rows.
2026-04-23 13:29:24,402 +0000Z  INFO  {MPDCDX} Copy MPDCDX
2026-04-23 13:29:24,405 +0000Z  INFO  {MPDCDM} MPDCDM: Copied 0 rows.
2026-04-23 13:29:24,408 +0000Z  INFO  {MPDCHF} Copy MPDCHF
2026-04-23 13:29:24,410 +0000Z  INFO  {MPDCDX} MPDCDX: Copied 0 rows.
2026-04-23 13:29:24,413 +0000Z  INFO  {MPDCHG} Copy MPDCHG
2026-04-23 13:29:24,417 +0000Z  INFO  {MPDCHF} MPDCHF: Copied 0 rows.
2026-04-23 13:29:24,417 +0000Z  INFO  {MPDCOP} Copy MPDCOP
2026-04-23 13:29:24,421 +0000Z  INFO  {MPDCHG} MPDCHG: Copied 0 rows.
2026-04-23 13:29:24,422 +0000Z  INFO  {MPDCPA} Copy MPDCPA
2026-04-23 13:29:24,424 +0000Z  INFO  {MPDCOP} MPDCOP: Copied 0 rows.
2026-04-23 13:29:24,426 +0000Z  INFO  {MPDCPR} Copy MPDCPR
2026-04-23 13:29:24,429 +0000Z  INFO  {MPDCPA} MPDCPA: Copied 0 rows.
2026-04-23 13:29:24,431 +0000Z  INFO  {MPDDAC} Copy MPDDAC
2026-04-23 13:29:24,433 +0000Z  INFO  {MPDCPR} MPDCPR: Copied 0 rows.
2026-04-23 13:29:24,435 +0000Z  INFO  {MPDDAL} Copy MPDDAL
2026-04-23 13:29:24,438 +0000Z  INFO  {MPDDAC} MPDDAC: Copied 0 rows.
2026-04-23 13:29:24,440 +0000Z  INFO  {MPDDIS} Copy MPDDIS
2026-04-23 13:29:24,443 +0000Z  INFO  {MPDDAL} MPDDAL: Copied 0 rows.
2026-04-23 13:29:24,444 +0000Z  INFO  {MPDDOC} Copy MPDDOC
2026-04-23 13:29:24,447 +0000Z  INFO  {MPDDIS} MPDDIS: Copied 0 rows.
2026-04-23 13:29:24,450 +0000Z  INFO  {MPDDOH} Copy MPDDOH
2026-04-23 13:29:24,454 +0000Z  INFO  {MPDDOC} MPDDOC: Copied 0 rows.
2026-04-23 13:29:24,455 +0000Z  INFO  {MPDDOL} Copy MPDDOL
2026-04-23 13:29:24,458 +0000Z  INFO  {MPDDOH} MPDDOH: Copied 0 rows.
2026-04-23 13:29:24,459 +0000Z  INFO  {MPDDST} Copy MPDDST
2026-04-23 13:29:24,462 +0000Z  INFO  {MPDDOL} MPDDOL: Copied 0 rows.
2026-04-23 13:29:24,464 +0000Z  INFO  {MPDDTY} Copy MPDDTY
2026-04-23 13:29:24,467 +0000Z  INFO  {MPDDST} MPDDST: Copied 0 rows.
2026-04-23 13:29:24,469 +0000Z  INFO  {MPDECD} Copy MPDECD
2026-04-23 13:29:24,472 +0000Z  INFO  {MPDDTY} MPDDTY: Copied 0 rows.
2026-04-23 13:29:24,473 +0000Z  INFO  {MPDECH} Copy MPDECH
2026-04-23 13:29:24,476 +0000Z  INFO  {MPDECD} MPDECD: Copied 0 rows.
2026-04-23 13:29:24,478 +0000Z  INFO  {MPDECL} Copy MPDECL
2026-04-23 13:29:24,481 +0000Z  INFO  {MPDECH} MPDECH: Copied 0 rows.
2026-04-23 13:29:24,483 +0000Z  INFO  {MPDEPR} Copy MPDEPR
2026-04-23 13:29:24,486 +0000Z  INFO  {MPDECL} MPDECL: Copied 0 rows.
2026-04-23 13:29:24,487 +0000Z  INFO  {MPDFDF} Copy MPDFDF
2026-04-23 13:29:24,490 +0000Z  INFO  {MPDEPR} MPDEPR: Copied 0 rows.
2026-04-23 13:29:24,492 +0000Z  INFO  {MPDFHE} Copy MPDFHE
2026-04-23 13:29:24,494 +0000Z  INFO  {MPDFDF} MPDFDF: Copied 0 rows.
2026-04-23 13:29:24,496 +0000Z  INFO  {MPDFHL} Copy MPDFHL
2026-04-23 13:29:24,499 +0000Z  INFO  {MPDFHE} MPDFHE: Copied 0 rows.
2026-04-23 13:29:24,500 +0000Z  INFO  {MPDILV} Copy MPDILV
2026-04-23 13:29:24,503 +0000Z  INFO  {MPDFHL} MPDFHL: Copied 0 rows.
2026-04-23 13:29:24,504 +0000Z  INFO  {MPDLLI} Copy MPDLLI
2026-04-23 13:29:24,507 +0000Z  INFO  {MPDILV} MPDILV: Copied 0 rows.
2026-04-23 13:29:24,509 +0000Z  INFO  {MPDLVC} Copy MPDLVC
2026-04-23 13:29:24,511 +0000Z  INFO  {MPDLLI} MPDLLI: Copied 0 rows.
2026-04-23 13:29:24,514 +0000Z  INFO  {MPDMAP} Copy MPDMAP
2026-04-23 13:29:24,516 +0000Z  INFO  {MPDLVC} MPDLVC: Copied 0 rows.
2026-04-23 13:29:24,518 +0000Z  INFO  {MPDMCO} Copy MPDMCO
2026-04-23 13:29:24,523 +0000Z  INFO  {MPDMAP} MPDMAP: Copied 0 rows.
2026-04-23 13:29:24,523 +0000Z  INFO  {MPDMDS} Copy MPDMDS
2026-04-23 13:29:24,528 +0000Z  INFO  {MPDMCO} MPDMCO: Copied 0 rows.
2026-04-23 13:29:24,529 +0000Z  INFO  {MPDMEA} Copy MPDMEA
2026-04-23 13:29:24,531 +0000Z  INFO  {MPDMDS} MPDMDS: Copied 0 rows.
2026-04-23 13:29:24,534 +0000Z  INFO  {MPDMEO} Copy MPDMEO
2026-04-23 13:29:24,536 +0000Z  INFO  {MPDMEA} MPDMEA: Copied 0 rows.
2026-04-23 13:29:24,539 +0000Z  INFO  {MPDMHI} Copy MPDMHI
2026-04-23 13:29:24,541 +0000Z  INFO  {MPDMEO} MPDMEO: Copied 0 rows.
2026-04-23 13:29:24,543 +0000Z  INFO  {MPDMOD} Copy MPDMOD
2026-04-23 13:29:24,547 +0000Z  INFO  {MPDMHI} MPDMHI: Copied 0 rows.
2026-04-23 13:29:24,548 +0000Z  INFO  {MPDMOV} Copy MPDMOV
2026-04-23 13:29:24,551 +0000Z  INFO  {MPDMOD} MPDMOD: Copied 0 rows.
2026-04-23 13:29:24,552 +0000Z  INFO  {MPDMSL} Copy MPDMSL
2026-04-23 13:29:24,555 +0000Z  INFO  {MPDMOV} MPDMOV: Copied 0 rows.
2026-04-23 13:29:24,557 +0000Z  INFO  {MPDMXL} Copy MPDMXL
2026-04-23 13:29:24,559 +0000Z  INFO  {MPDMSL} MPDMSL: Copied 0 rows.
2026-04-23 13:29:24,561 +0000Z  INFO  {MPDNAO} Copy MPDNAO
2026-04-23 13:29:24,563 +0000Z  INFO  {MPDMXL} MPDMXL: Copied 0 rows.
2026-04-23 13:29:24,566 +0000Z  INFO  {MPDODS} Copy MPDODS
2026-04-23 13:29:24,568 +0000Z  INFO  {MPDNAO} MPDNAO: Copied 0 rows.
2026-04-23 13:29:24,570 +0000Z  INFO  {MPDOEM} Copy MPDOEM
2026-04-23 13:29:24,573 +0000Z  INFO  {MPDODS} MPDODS: Copied 0 rows.
2026-04-23 13:29:24,575 +0000Z  INFO  {MPDOMA} Copy MPDOMA
2026-04-23 13:29:24,578 +0000Z  INFO  {MPDOEM} MPDOEM: Copied 0 rows.
2026-04-23 13:29:24,580 +0000Z  INFO  {MPDOPA} Copy MPDOPA
2026-04-23 13:29:24,583 +0000Z  INFO  {MPDOMA} MPDOMA: Copied 0 rows.
2026-04-23 13:29:24,586 +0000Z  INFO  {MPDOPP} Copy MPDOPP
2026-04-23 13:29:24,587 +0000Z  INFO  {MPDOPA} MPDOPA: Copied 0 rows.
2026-04-23 13:29:24,591 +0000Z  INFO  {MPDPAL} Copy MPDPAL
2026-04-23 13:29:24,595 +0000Z  INFO  {MPDPAP} Copy MPDPAP
2026-04-23 13:29:24,596 +0000Z  INFO  {MPDOPP} MPDOPP: Copied 0 rows.
2026-04-23 13:29:24,598 +0000Z  INFO  {MPDPAL} MPDPAL: Copied 0 rows.
2026-04-23 13:29:24,599 +0000Z  INFO  {MPDPRH} Copy MPDPRH
2026-04-23 13:29:24,602 +0000Z  INFO  {MPDPAP} MPDPAP: Copied 0 rows.
2026-04-23 13:29:24,604 +0000Z  INFO  {MPDPRL} Copy MPDPRL
2026-04-23 13:29:24,606 +0000Z  INFO  {MPDPRH} MPDPRH: Copied 0 rows.
2026-04-23 13:29:24,608 +0000Z  INFO  {MPDREL} Copy MPDREL
2026-04-23 13:29:24,611 +0000Z  INFO  {MPDPRL} MPDPRL: Copied 0 rows.
2026-04-23 13:29:24,613 +0000Z  INFO  {MPDREV} Copy MPDREV
2026-04-23 13:29:24,615 +0000Z  INFO  {MPDREL} MPDREL: Copied 0 rows.
2026-04-23 13:29:24,617 +0000Z  INFO  {MPDSCA} Copy MPDSCA
2026-04-23 13:29:24,620 +0000Z  INFO  {MPDREV} MPDREV: Copied 0 rows.
2026-04-23 13:29:24,622 +0000Z  INFO  {MPDSDM} Copy MPDSDM
2026-04-23 13:29:24,625 +0000Z  INFO  {MPDSCA} MPDSCA: Copied 0 rows.
2026-04-23 13:29:24,627 +0000Z  INFO  {MPDSIH} Copy MPDSIH
2026-04-23 13:29:24,630 +0000Z  INFO  {MPDSDM} MPDSDM: Copied 0 rows.
2026-04-23 13:29:24,631 +0000Z  INFO  {MPDSIM} Copy MPDSIM
2026-04-23 13:29:24,636 +0000Z  INFO  {MPDSIH} MPDSIH: Copied 0 rows.
2026-04-23 13:29:24,637 +0000Z  INFO  {MPDSIO} Copy MPDSIO
2026-04-23 13:29:24,641 +0000Z  INFO  {MPDSIS} Copy MPDSIS
2026-04-23 13:29:24,641 +0000Z  INFO  {MPDSIM} MPDSIM: Copied 0 rows.
2026-04-23 13:29:24,645 +0000Z  INFO  {MPDSIO} MPDSIO: Copied 0 rows.
2026-04-23 13:29:24,645 +0000Z  INFO  {MPDSOP} Copy MPDSOP
2026-04-23 13:29:24,650 +0000Z  INFO  {MPDSQC} Copy MPDSQC
2026-04-23 13:29:24,650 +0000Z  INFO  {MPDSIS} MPDSIS: Copied 0 rows.
2026-04-23 13:29:24,654 +0000Z  INFO  {MPDSOP} MPDSOP: Copied 0 rows.
2026-04-23 13:29:24,654 +0000Z  INFO  {MPDSRE} Copy MPDSRE
2026-04-23 13:29:24,657 +0000Z  INFO  {MPDSQC} MPDSQC: Copied 0 rows.
2026-04-23 13:29:24,659 +0000Z  INFO  {MPDSST} Copy MPDSST
2026-04-23 13:29:24,661 +0000Z  INFO  {MPDSRE} MPDSRE: Copied 0 rows.
2026-04-23 13:29:24,663 +0000Z  INFO  {MPDSUM} Copy MPDSUM
2026-04-23 13:29:24,666 +0000Z  INFO  {MPDSST} MPDSST: Copied 0 rows.
2026-04-23 13:29:24,668 +0000Z  INFO  {MPDVAN} Copy MPDVAN
2026-04-23 13:29:24,671 +0000Z  INFO  {MPDSUM} MPDSUM: Copied 0 rows.
2026-04-23 13:29:24,673 +0000Z  INFO  {MPDVOF} Copy MPDVOF
2026-04-23 13:29:24,676 +0000Z  INFO  {MPDVAN} MPDVAN: Copied 0 rows.
2026-04-23 13:29:24,677 +0000Z  INFO  {MPDWAG} Copy MPDWAG
2026-04-23 13:29:24,680 +0000Z  INFO  {MPDVOF} MPDVOF: Copied 0 rows.
2026-04-23 13:29:24,681 +0000Z  INFO  {MPDWCM} Copy MPDWCM
2026-04-23 13:29:24,684 +0000Z  INFO  {MPDWAG} MPDWAG: Copied 0 rows.
2026-04-23 13:29:24,686 +0000Z  INFO  {MPEPRR} Copy MPEPRR
2026-04-23 13:29:24,689 +0000Z  INFO  {MPDWCM} MPDWCM: Copied 0 rows.
2026-04-23 13:29:24,691 +0000Z  INFO  {MPEXOR} Copy MPEXOR
2026-04-23 13:29:24,694 +0000Z  INFO  {MPEPRR} MPEPRR: Copied 0 rows.
2026-04-23 13:29:24,695 +0000Z  INFO  {MPFEHE} Copy MPFEHE
2026-04-23 13:29:24,698 +0000Z  INFO  {MPEXOR} MPEXOR: Copied 0 rows.
2026-04-23 13:29:24,699 +0000Z  INFO  {MPFORM} Copy MPFORM
2026-04-23 13:29:24,703 +0000Z  INFO  {MPFEHE} MPFEHE: Copied 0 rows.
2026-04-23 13:29:24,704 +0000Z  INFO  {MPHRAS} Copy MPHRAS
2026-04-23 13:29:24,706 +0000Z  INFO  {MPFORM} MPFORM: Copied 0 rows.
2026-04-23 13:29:24,708 +0000Z  INFO  {MPICAP} Copy MPICAP
2026-04-23 13:29:24,711 +0000Z  INFO  {MPHRAS} MPHRAS: Copied 0 rows.
2026-04-23 13:29:24,713 +0000Z  INFO  {MPIGLD} Copy MPIGLD
2026-04-23 13:29:24,716 +0000Z  INFO  {MPICAP} MPICAP: Copied 0 rows.
2026-04-23 13:29:24,717 +0000Z  INFO  {MPKPOL} Copy MPKPOL
2026-04-23 13:29:24,720 +0000Z  INFO  {MPIGLD} MPIGLD: Copied 0 rows.
2026-04-23 13:29:24,724 +0000Z  INFO  {MPKPOL} MPKPOL: Copied 0 rows.
2026-04-23 13:29:24,727 +0000Z  INFO  {MPLINC} Copy MPLINC
2026-04-23 13:29:24,734 +0000Z  INFO  {MPLINC} MPLINC: Copied 0 rows.
2026-04-23 13:29:24,737 +0000Z  INFO  {MPLINT} Copy MPLINT
2026-04-23 13:29:24,741 +0000Z  INFO  {MPLIRE} Copy MPLIRE
2026-04-23 13:29:24,749 +0000Z  INFO  {MPM001} Copy MPM001
2026-04-23 13:29:24,749 +0000Z  INFO  {MPLIRE} MPLIRE: Copied 0 rows.
2026-04-23 13:29:24,751 +0000Z  INFO  {MPLINT} MPLINT: Copied 0 rows.
2026-04-23 13:29:24,753 +0000Z  INFO  {MPM005} Copy MPM005
2026-04-23 13:29:24,759 +0000Z  INFO  {MPM001} MPM001: Copied 0 rows.
2026-04-23 13:29:24,760 +0000Z  INFO  {MPM005} MPM005: Copied 0 rows.
2026-04-23 13:29:24,765 +0000Z  INFO  {MPM012} Copy MPM012
2026-04-23 13:29:24,775 +0000Z  INFO  {MPM012} MPM012: Copied 0 rows.
2026-04-23 13:29:24,778 +0000Z  INFO  {MPM014} Copy MPM014
2026-04-23 13:29:24,783 +0000Z  INFO  {MPM015} Copy MPM015
2026-04-23 13:29:24,787 +0000Z  INFO  {MPM035} Copy MPM035
2026-04-23 13:29:24,790 +0000Z  INFO  {MPM015} MPM015: Copied 0 rows.
2026-04-23 13:29:24,791 +0000Z  INFO  {MPM014} MPM014: Copied 0 rows.
2026-04-23 13:29:24,794 +0000Z  INFO  {MPM035} MPM035: Copied 0 rows.
2026-04-23 13:29:24,796 +0000Z  INFO  {MPM055} Copy MPM055
2026-04-23 13:29:24,801 +0000Z  INFO  {MPM05P} Copy MPM05P
2026-04-23 13:29:24,803 +0000Z  INFO  {MPM055} MPM055: Copied 0 rows.
2026-04-23 13:29:24,805 +0000Z  INFO  {MPM065} Copy MPM065
2026-04-23 13:29:24,808 +0000Z  INFO  {MPM05P} MPM05P: Copied 0 rows.
2026-04-23 13:29:24,810 +0000Z  INFO  {MPM066} Copy MPM066
2026-04-23 13:29:24,813 +0000Z  INFO  {MPM065} MPM065: Copied 0 rows.
2026-04-23 13:29:24,817 +0000Z  INFO  {MPM066} MPM066: Copied 0 rows.
2026-04-23 13:29:24,818 +0000Z  INFO  {MPM070} Copy MPM070
2026-04-23 13:29:24,827 +0000Z  INFO  {MPM14W} Copy MPM14W
2026-04-23 13:29:24,830 +0000Z  INFO  {MPM070} MPM070: Copied 0 rows.
2026-04-23 13:29:24,831 +0000Z  INFO  {MPM155} Copy MPM155
2026-04-23 13:29:24,836 +0000Z  INFO  {MPM160} Copy MPM160
2026-04-23 13:29:24,838 +0000Z  INFO  {MPM14W} MPM14W: Copied 0 rows.
2026-04-23 13:29:24,839 +0000Z  INFO  {MPM155} MPM155: Copied 0 rows.
2026-04-23 13:29:24,840 +0000Z  INFO  {MPM172} Copy MPM172
2026-04-23 13:29:24,843 +0000Z  INFO  {MPM160} MPM160: Copied 0 rows.
2026-04-23 13:29:24,848 +0000Z  INFO  {MPM172} MPM172: Copied 0 rows.
2026-04-23 13:29:24,899 +0000Z  INFO  {MPM232} Copy MPM232
2026-04-23 13:29:24,903 +0000Z  INFO  {MPM250} Copy MPM250
2026-04-23 13:29:24,906 +0000Z  INFO  {MPM232} MPM232: Copied 0 rows.
2026-04-23 13:29:24,910 +0000Z  INFO  {MPM260} Copy MPM260
2026-04-23 13:29:24,911 +0000Z  INFO  {MPM250} MPM250: Copied 0 rows.
2026-04-23 13:29:24,914 +0000Z  INFO  {MPM261} Copy MPM261
2026-04-23 13:29:24,918 +0000Z  INFO  {MPM260} MPM260: Copied 0 rows.
2026-04-23 13:29:24,921 +0000Z  INFO  {MPM261} MPM261: Copied 0 rows.
2026-04-23 13:29:24,923 +0000Z  INFO  {MPM303} Copy MPM303
2026-04-23 13:29:24,930 +0000Z  INFO  {MPM303} MPM303: Copied 0 rows.
2026-04-23 13:29:24,953 +0000Z  INFO  {MPM605} Copy MPM605
2026-04-23 13:29:24,960 +0000Z  INFO  {MPM605} MPM605: Copied 0 rows.
2026-04-23 13:29:24,962 +0000Z  INFO  {MPM682} Copy MPM682
2026-04-23 13:29:24,970 +0000Z  INFO  {MPM682} MPM682: Copied 0 rows.
2026-04-23 13:29:24,973 +0000Z  INFO  {MPM91P} Copy MPM91P
2026-04-23 13:29:24,978 +0000Z  INFO  {MPM930} Copy MPM930
2026-04-23 13:29:24,981 +0000Z  INFO  {MPM91P} MPM91P: Copied 0 rows.
2026-04-23 13:29:24,983 +0000Z  INFO  {MPM960} Copy MPM960
2026-04-23 13:29:24,985 +0000Z  INFO  {MPM930} MPM930: Copied 0 rows.
2026-04-23 13:29:24,987 +0000Z  INFO  {MPMACR} Copy MPMACR
2026-04-23 13:29:24,990 +0000Z  INFO  {MPM960} MPM960: Copied 0 rows.
2026-04-23 13:29:24,992 +0000Z  INFO  {MPMREQ} Copy MPMREQ
2026-04-23 13:29:24,994 +0000Z  INFO  {MPMACR} MPMACR: Copied 0 rows.
2026-04-23 13:29:24,996 +0000Z  INFO  {MPODOH} Copy MPODOH
2026-04-23 13:29:25,001 +0000Z  INFO  {MPODOL} Copy MPODOL
2026-04-23 13:29:25,002 +0000Z  INFO  {MPMREQ} MPMREQ: Copied 0 rows.
2026-04-23 13:29:25,005 +0000Z  INFO  {MPODOH} MPODOH: Copied 0 rows.
2026-04-23 13:29:25,008 +0000Z  INFO  {MPOISS} Copy MPOISS
2026-04-23 13:29:25,015 +0000Z  INFO  {MPODOL} MPODOL: Copied 0 rows.
2026-04-23 13:29:25,020 +0000Z  INFO  {MPOISS} MPOISS: Copied 0 rows.
2026-04-23 13:29:25,025 +0000Z  INFO  {MPOPLA} Copy MPOPLA
2026-04-23 13:29:25,030 +0000Z  INFO  {MPOPLB} Copy MPOPLB
2026-04-23 13:29:25,034 +0000Z  INFO  {MPORDN} Copy MPORDN
2026-04-23 13:29:25,037 +0000Z  INFO  {MPOPLB} MPOPLB: Copied 0 rows.
2026-04-23 13:29:25,038 +0000Z  INFO  {MPP106} Copy MPP106
2026-04-23 13:29:25,041 +0000Z  INFO  {MPORDN} MPORDN: Copied 0 rows.
2026-04-23 13:29:25,043 +0000Z  INFO  {MPOPLA} MPOPLA: Copied 0 rows.
2026-04-23 13:29:25,043 +0000Z  INFO  {MPP145} Copy MPP145
2026-04-23 13:29:25,046 +0000Z  INFO  {MPP106} MPP106: Copied 0 rows.
2026-04-23 13:29:25,050 +0000Z  INFO  {MPP145} MPP145: Copied 0 rows.
2026-04-23 13:29:25,056 +0000Z  INFO  {MPP246} Copy MPP246
2026-04-23 13:29:25,061 +0000Z  INFO  {MPP251} Copy MPP251
2026-04-23 13:29:25,063 +0000Z  INFO  {MPP246} MPP246: Copied 0 rows.
2026-04-23 13:29:25,065 +0000Z  INFO  {MPP261} Copy MPP261
2026-04-23 13:29:25,068 +0000Z  INFO  {MPP251} MPP251: Copied 0 rows.
2026-04-23 13:29:25,069 +0000Z  INFO  {MPP271} Copy MPP271
2026-04-23 13:29:25,072 +0000Z  INFO  {MPP261} MPP261: Copied 0 rows.
2026-04-23 13:29:25,074 +0000Z  INFO  {MPP295} Copy MPP295
2026-04-23 13:29:25,076 +0000Z  INFO  {MPP271} MPP271: Copied 0 rows.
2026-04-23 13:29:25,082 +0000Z  INFO  {MPP295} MPP295: Copied 0 rows.
2026-04-23 13:29:25,092 +0000Z  INFO  {MPP436} Copy MPP436
2026-04-23 13:29:25,096 +0000Z  INFO  {MPP446} Copy MPP446
2026-04-23 13:29:25,099 +0000Z  INFO  {MPP436} MPP436: Copied 0 rows.
2026-04-23 13:29:25,100 +0000Z  INFO  {MPP477} Copy MPP477
2026-04-23 13:29:25,103 +0000Z  INFO  {MPP446} MPP446: Copied 0 rows.
2026-04-23 13:29:25,105 +0000Z  INFO  {MPP541} Copy MPP541
2026-04-23 13:29:25,108 +0000Z  INFO  {MPP477} MPP477: Copied 0 rows.
2026-04-23 13:29:25,112 +0000Z  INFO  {MPP541} MPP541: Copied 0 rows.
2026-04-23 13:29:25,119 +0000Z  INFO  {MPP608} Copy MPP608
2026-04-23 13:29:25,126 +0000Z  INFO  {MPP608} MPP608: Copied 0 rows.
2026-04-23 13:29:25,127 +0000Z  INFO  {MPP617} Copy MPP617
2026-04-23 13:29:25,134 +0000Z  INFO  {MPP617} MPP617: Copied 0 rows.
2026-04-23 13:29:25,150 +0000Z  INFO  {MPP641} Copy MPP641
2026-04-23 13:29:25,168 +0000Z  INFO  {MPP641} MPP641: Copied 0 rows.
2026-04-23 13:29:25,168 +0000Z  INFO  {MPP960} Copy MPP960
2026-04-23 13:29:25,175 +0000Z  INFO  {MPP960} MPP960: Copied 0 rows.
2026-04-23 13:29:25,179 +0000Z  INFO  {MPP971} Copy MPP971
2026-04-23 13:29:25,184 +0000Z  INFO  {MPPAC1} Copy MPPAC1
2026-04-23 13:29:25,189 +0000Z  INFO  {MPPACH} Copy MPPACH
2026-04-23 13:29:25,192 +0000Z  INFO  {MPPAC1} MPPAC1: Copied 0 rows.
2026-04-23 13:29:25,193 +0000Z  INFO  {MPPACL} Copy MPPACL
2026-04-23 13:29:25,195 +0000Z  INFO  {MPP971} MPP971: Copied 0 rows.
2026-04-23 13:29:25,196 +0000Z  INFO  {MPPACH} MPPACH: Copied 0 rows.
2026-04-23 13:29:25,198 +0000Z  INFO  {MPPBOX} Copy MPPBOX
2026-04-23 13:29:25,201 +0000Z  INFO  {MPPACL} MPPACL: Copied 0 rows.
2026-04-23 13:29:25,202 +0000Z  INFO  {MPPEXP} Copy MPPEXP
2026-04-23 13:29:25,205 +0000Z  INFO  {MPPBOX} MPPBOX: Copied 0 rows.
2026-04-23 13:29:25,207 +0000Z  INFO  {MPPEXX} Copy MPPEXX
2026-04-23 13:29:25,210 +0000Z  INFO  {MPPEXP} MPPEXP: Copied 0 rows.
2026-04-23 13:29:25,212 +0000Z  INFO  {MPPLSD} Copy MPPLSD
2026-04-23 13:29:25,215 +0000Z  INFO  {MPPEXX} MPPEXX: Copied 0 rows.
2026-04-23 13:29:25,216 +0000Z  INFO  {MPPOPA} Copy MPPOPA
2026-04-23 13:29:25,219 +0000Z  INFO  {MPPLSD} MPPLSD: Copied 0 rows.
2026-04-23 13:29:25,220 +0000Z  INFO  {MPPQTC} Copy MPPQTC
2026-04-23 13:29:25,223 +0000Z  INFO  {MPPOPA} MPPOPA: Copied 0 rows.
2026-04-23 13:29:25,225 +0000Z  INFO  {MPPQTH} Copy MPPQTH
2026-04-23 13:29:25,228 +0000Z  INFO  {MPPQTC} MPPQTC: Copied 0 rows.
2026-04-23 13:29:25,229 +0000Z  INFO  {MPPQTL} Copy MPPQTL
2026-04-23 13:29:25,232 +0000Z  INFO  {MPPQTH} MPPQTH: Copied 0 rows.
2026-04-23 13:29:25,234 +0000Z  INFO  {MPPQTN} Copy MPPQTN
2026-04-23 13:29:25,236 +0000Z  INFO  {MPPQTL} MPPQTL: Copied 0 rows.
2026-04-23 13:29:25,238 +0000Z  INFO  {MPPQTS} Copy MPPQTS
2026-04-23 13:29:25,241 +0000Z  INFO  {MPPQTN} MPPQTN: Copied 0 rows.
2026-04-23 13:29:25,242 +0000Z  INFO  {MPPTTT} Copy MPPTTT
2026-04-23 13:29:25,245 +0000Z  INFO  {MPPQTS} MPPQTS: Copied 0 rows.
2026-04-23 13:29:25,247 +0000Z  INFO  {MPQDCA} Copy MPQDCA
2026-04-23 13:29:25,249 +0000Z  INFO  {MPPTTT} MPPTTT: Copied 0 rows.
2026-04-23 13:29:25,252 +0000Z  INFO  {MPRCPN} Copy MPRCPN
2026-04-23 13:29:25,254 +0000Z  INFO  {MPQDCA} MPQDCA: Copied 0 rows.
2026-04-23 13:29:25,256 +0000Z  INFO  {MPREAL} Copy MPREAL
2026-04-23 13:29:25,259 +0000Z  INFO  {MPRCPN} MPRCPN: Copied 0 rows.
2026-04-23 13:29:25,261 +0000Z  INFO  {MPRELO} Copy MPRELO
2026-04-23 13:29:25,265 +0000Z  INFO  {MPREAL} MPREAL: Copied 0 rows.
2026-04-23 13:29:25,265 +0000Z  INFO  {MPRFLD} Copy MPRFLD
2026-04-23 13:29:25,268 +0000Z  INFO  {MPRELO} MPRELO: Copied 0 rows.
2026-04-23 13:29:25,271 +0000Z  INFO  {MPRMAT} Copy MPRMAT
2026-04-23 13:29:25,273 +0000Z  INFO  {MPRFLD} MPRFLD: Copied 0 rows.
2026-04-23 13:29:25,276 +0000Z  INFO  {MPRMED} Copy MPRMED
2026-04-23 13:29:25,280 +0000Z  INFO  {MPRMAT} MPRMAT: Copied 0 rows.
2026-04-23 13:29:25,280 +0000Z  INFO  {MPRMEO} Copy MPRMEO
2026-04-23 13:29:25,283 +0000Z  INFO  {MPRMED} MPRMED: Copied 0 rows.
2026-04-23 13:29:25,285 +0000Z  INFO  {MPROAL} Copy MPROAL
2026-04-23 13:29:25,287 +0000Z  INFO  {MPRMEO} MPRMEO: Copied 0 rows.
2026-04-23 13:29:25,290 +0000Z  INFO  {MPROMA} Copy MPROMA
2026-04-23 13:29:25,292 +0000Z  INFO  {MPROAL} MPROAL: Copied 0 rows.
2026-04-23 13:29:25,296 +0000Z  INFO  {MPROPE} Copy MPROPE
2026-04-23 13:29:25,297 +0000Z  INFO  {MPROMA} MPROMA: Copied 0 rows.
2026-04-23 13:29:25,301 +0000Z  INFO  {MPROPS} Copy MPROPS
2026-04-23 13:29:25,305 +0000Z  INFO  {MPRRCO} Copy MPRRCO
2026-04-23 13:29:25,306 +0000Z  INFO  {MPROPE} MPROPE: Copied 0 rows.
2026-04-23 13:29:25,308 +0000Z  INFO  {MPROPS} MPROPS: Copied 0 rows.
2026-04-23 13:29:25,310 +0000Z  INFO  {MPRSRF} Copy MPRSRF
2026-04-23 13:29:25,313 +0000Z  INFO  {MPRRCO} MPRRCO: Copied 0 rows.
2026-04-23 13:29:25,314 +0000Z  INFO  {MPRULE} Copy MPRULE
2026-04-23 13:29:25,317 +0000Z  INFO  {MPRSRF} MPRSRF: Copied 0 rows.
2026-04-23 13:29:25,319 +0000Z  INFO  {MPRULR} Copy MPRULR
2026-04-23 13:29:25,321 +0000Z  INFO  {MPRULE} MPRULE: Copied 0 rows.
2026-04-23 13:29:25,323 +0000Z  INFO  {MPSATY} Copy MPSATY
2026-04-23 13:29:25,325 +0000Z  INFO  {MPRULR} MPRULR: Copied 0 rows.
2026-04-23 13:29:25,327 +0000Z  INFO  {MPSPER} Copy MPSPER
2026-04-23 13:29:25,330 +0000Z  INFO  {MPSATY} MPSATY: Copied 0 rows.
2026-04-23 13:29:25,332 +0000Z  INFO  {MPSPTC} Copy MPSPTC
2026-04-23 13:29:25,335 +0000Z  INFO  {MPSPER} MPSPER: Copied 0 rows.
2026-04-23 13:29:25,336 +0000Z  INFO  {MPSPTT} Copy MPSPTT
2026-04-23 13:29:25,339 +0000Z  INFO  {MPSPTC} MPSPTC: Copied 0 rows.
2026-04-23 13:29:25,341 +0000Z  INFO  {MPSUAG} Copy MPSUAG
2026-04-23 13:29:25,344 +0000Z  INFO  {MPSPTT} MPSPTT: Copied 0 rows.
2026-04-23 13:29:25,346 +0000Z  INFO  {MPSUAH} Copy MPSUAH
2026-04-23 13:29:25,351 +0000Z  INFO  {MPSUAG} MPSUAG: Copied 0 rows.
2026-04-23 13:29:25,351 +0000Z  INFO  {MPSUAL} Copy MPSUAL
2026-04-23 13:29:25,354 +0000Z  INFO  {MPSUAH} MPSUAH: Copied 0 rows.
2026-04-23 13:29:25,356 +0000Z  INFO  {MPSUAP} Copy MPSUAP
2026-04-23 13:29:25,359 +0000Z  INFO  {MPSUAL} MPSUAL: Copied 0 rows.
2026-04-23 13:29:25,361 +0000Z  INFO  {MPSUAS} Copy MPSUAS
2026-04-23 13:29:25,363 +0000Z  INFO  {MPSUAP} MPSUAP: Copied 0 rows.
2026-04-23 13:29:25,365 +0000Z  INFO  {MPSUAT} Copy MPSUAT
2026-04-23 13:29:25,368 +0000Z  INFO  {MPSUAS} MPSUAS: Copied 0 rows.
2026-04-23 13:29:25,370 +0000Z  INFO  {MPSUCE} Copy MPSUCE
2026-04-23 13:29:25,372 +0000Z  INFO  {MPSUAT} MPSUAT: Copied 0 rows.
2026-04-23 13:29:25,374 +0000Z  INFO  {MPSUCL} Copy MPSUCL
2026-04-23 13:29:25,377 +0000Z  INFO  {MPSUCE} MPSUCE: Copied 0 rows.
2026-04-23 13:29:25,379 +0000Z  INFO  {MPSUGP} Copy MPSUGP
2026-04-23 13:29:25,382 +0000Z  INFO  {MPSUCL} MPSUCL: Copied 0 rows.
2026-04-23 13:29:25,383 +0000Z  INFO  {MPSUMH} Copy MPSUMH
2026-04-23 13:29:25,386 +0000Z  INFO  {MPSUGP} MPSUGP: Copied 0 rows.
2026-04-23 13:29:25,388 +0000Z  INFO  {MPSUML} Copy MPSUML
2026-04-23 13:29:25,390 +0000Z  INFO  {MPSUMH} MPSUMH: Copied 0 rows.
2026-04-23 13:29:25,392 +0000Z  INFO  {MPSUMX} Copy MPSUMX
2026-04-23 13:29:25,395 +0000Z  INFO  {MPSUML} MPSUML: Copied 0 rows.
2026-04-23 13:29:25,397 +0000Z  INFO  {MPSURE} Copy MPSURE
2026-04-23 13:29:25,400 +0000Z  INFO  {MPSUMX} MPSUMX: Copied 0 rows.
2026-04-23 13:29:25,401 +0000Z  INFO  {MPSUSC} Copy MPSUSC
2026-04-23 13:29:25,404 +0000Z  INFO  {MPSURE} MPSURE: Copied 0 rows.
2026-04-23 13:29:25,406 +0000Z  INFO  {MPSUTB} Copy MPSUTB
2026-04-23 13:29:25,409 +0000Z  INFO  {MPSUSC} MPSUSC: Copied 0 rows.
2026-04-23 13:29:25,411 +0000Z  INFO  {MPSUTR} Copy MPSUTR
2026-04-23 13:29:25,413 +0000Z  INFO  {MPSUTB} MPSUTB: Copied 0 rows.
2026-04-23 13:29:25,415 +0000Z  INFO  {MPSVAT} Copy MPSVAT
2026-04-23 13:29:25,419 +0000Z  INFO  {MPSWSH} Copy MPSWSH
2026-04-23 13:29:25,420 +0000Z  INFO  {MPSUTR} MPSUTR: Copied 0 rows.
2026-04-23 13:29:25,422 +0000Z  INFO  {MPSVAT} MPSVAT: Copied 0 rows.
2026-04-23 13:29:25,424 +0000Z  INFO  {MPSWSL} Copy MPSWSL
2026-04-23 13:29:25,426 +0000Z  INFO  {MPSWSH} MPSWSH: Copied 0 rows.
2026-04-23 13:29:25,429 +0000Z  INFO  {MPWORE} Copy MPWORE
2026-04-23 13:29:25,431 +0000Z  INFO  {MPSWSL} MPSWSL: Copied 0 rows.
2026-04-23 13:29:25,433 +0000Z  INFO  {MPX295} Copy MPX295
2026-04-23 13:29:25,436 +0000Z  INFO  {MPWORE} MPWORE: Copied 0 rows.
2026-04-23 13:29:25,440 +0000Z  INFO  {MPXPLP} Copy MPXPLP
2026-04-23 13:29:25,441 +0000Z  INFO  {MPX295} MPX295: Copied 0 rows.
2026-04-23 13:29:25,445 +0000Z  INFO  {MQM400} Copy MQM400
2026-04-23 13:29:25,449 +0000Z  INFO  {MPXPLP} MPXPLP: Copied 0 rows.
2026-04-23 13:29:25,452 +0000Z  INFO  {MQM400} MQM400: Copied 0 rows.
2026-04-23 13:29:25,455 +0000Z  INFO  {MQM602} Copy MQM602
2026-04-23 13:29:25,459 +0000Z  INFO  {MRC601} Copy MRC601
2026-04-23 13:29:25,463 +0000Z  INFO  {MRC950} Copy MRC950
2026-04-23 13:29:25,466 +0000Z  INFO  {MRC601} MRC601: Copied 0 rows.
2026-04-23 13:29:25,468 +0000Z  INFO  {MRCSPE} Copy MRCSPE
2026-04-23 13:29:25,469 +0000Z  INFO  {MQM602} MQM602: Copied 0 rows.
2026-04-23 13:29:25,471 +0000Z  INFO  {MRC950} MRC950: Copied 0 rows.
2026-04-23 13:29:25,472 +0000Z  INFO  {MRCSUM} Copy MRCSUM
2026-04-23 13:29:25,476 +0000Z  INFO  {MRCSPE} MRCSPE: Copied 0 rows.
2026-04-23 13:29:25,477 +0000Z  INFO  {MREALO} Copy MREALO
2026-04-23 13:29:25,480 +0000Z  INFO  {MRCSUM} MRCSUM: Copied 0 rows.
2026-04-23 13:29:25,482 +0000Z  INFO  {MREREL} Copy MREREL
2026-04-23 13:29:25,486 +0000Z  INFO  {MRERET} Copy MRERET
2026-04-23 13:29:25,487 +0000Z  INFO  {MREALO} MREALO: Copied 0 rows.
2026-04-23 13:29:25,489 +0000Z  INFO  {MREREL} MREREL: Copied 0 rows.
2026-04-23 13:29:25,493 +0000Z  INFO  {MRERET} MRERET: Copied 0 rows.
2026-04-23 13:29:25,596 +0000Z  INFO  {MRLOAD} Copy MRLOAD
2026-04-23 13:29:25,601 +0000Z  INFO  {MROICL} Copy MROICL
2026-04-23 13:29:25,605 +0000Z  INFO  {MROICX} Copy MROICX
2026-04-23 13:29:25,608 +0000Z  INFO  {MROICL} MROICL: Copied 0 rows.
2026-04-23 13:29:25,612 +0000Z  INFO  {MROLOC} Copy MROLOC
2026-04-23 13:29:25,613 +0000Z  INFO  {MROICX} MROICX: Copied 0 rows.
2026-04-23 13:29:25,617 +0000Z  INFO  {MROMOS} Copy MROMOS
2026-04-23 13:29:25,622 +0000Z  INFO  {MROOPC} Copy MROOPC
2026-04-23 13:29:25,622 +0000Z  INFO  {MROLOC} MROLOC: Copied 0 rows.
2026-04-23 13:29:25,625 +0000Z  INFO  {MROMOS} MROMOS: Copied 0 rows.
2026-04-23 13:29:25,626 +0000Z  INFO  {MROOPM} Copy MROOPM
2026-04-23 13:29:25,629 +0000Z  INFO  {MROOPC} MROOPC: Copied 0 rows.
2026-04-23 13:29:25,631 +0000Z  INFO  {MROOPS} Copy MROOPS
2026-04-23 13:29:25,633 +0000Z  INFO  {MROOPM} MROOPM: Copied 0 rows.
2026-04-23 13:29:25,635 +0000Z  INFO  {MROPRC} Copy MROPRC
2026-04-23 13:29:25,638 +0000Z  INFO  {MROOPS} MROOPS: Copied 0 rows.
2026-04-23 13:29:25,640 +0000Z  INFO  {MRP001} Copy MRP001
2026-04-23 13:29:25,643 +0000Z  INFO  {MROPRC} MROPRC: Copied 0 rows.
2026-04-23 13:29:25,648 +0000Z  INFO  {MRP001} MRP001: Copied 0 rows.
2026-04-23 13:29:25,710 +0000Z  INFO  {MRLOAD} MRLOAD: Copied 0 rows.
2026-04-23 13:29:25,953 +0000Z  INFO  {MRP651} Copy MRP651
2026-04-23 13:29:25,958 +0000Z  INFO  {MRP911} Copy MRP911
2026-04-23 13:29:25,962 +0000Z  INFO  {MRP999} Copy MRP999
2026-04-23 13:29:25,967 +0000Z  INFO  {MRP911} MRP911: Copied 0 rows.
2026-04-23 13:29:25,968 +0000Z  INFO  {MRPAME} Copy MRPAME
2026-04-23 13:29:25,972 +0000Z  INFO  {MRP999} MRP999: Copied 0 rows.
2026-04-23 13:29:25,972 +0000Z  INFO  {MRPRAT} Copy MRPRAT
2026-04-23 13:29:25,977 +0000Z  INFO  {MRPSTA} Copy MRPSTA
2026-04-23 13:29:25,978 +0000Z  INFO  {MRPAME} MRPAME: Copied 0 rows.
2026-04-23 13:29:25,982 +0000Z  INFO  {MRPVER} Copy MRPVER
2026-04-23 13:29:25,983 +0000Z  INFO  {MRPRAT} MRPRAT: Copied 0 rows.
2026-04-23 13:29:25,986 +0000Z  INFO  {MRTVPR} Copy MRTVPR
2026-04-23 13:29:25,986 +0000Z  INFO  {MRPSTA} MRPSTA: Copied 0 rows.
2026-04-23 13:29:25,990 +0000Z  INFO  {MRPVER} MRPVER: Copied 0 rows.
2026-04-23 13:29:25,991 +0000Z  INFO  {MRUBTF} Copy MRUBTF
2026-04-23 13:29:25,993 +0000Z  INFO  {MRTVPR} MRTVPR: Copied 0 rows.
2026-04-23 13:29:25,995 +0000Z  INFO  {MRUBTO} Copy MRUBTO
2026-04-23 13:29:25,998 +0000Z  INFO  {MRUBTF} MRUBTF: Copied 0 rows.
2026-04-23 13:29:25,999 +0000Z  INFO  {MSAFTA} Copy MSAFTA
2026-04-23 13:29:26,002 +0000Z  INFO  {MRUBTO} MRUBTO: Copied 0 rows.
2026-04-23 13:29:26,007 +0000Z  INFO  {MSAFTA} MSAFTA: Copied 0 rows.
2026-04-23 13:29:26,011 +0000Z  INFO  {MSATTR} Copy MSATTR
2026-04-23 13:29:26,015 +0000Z  INFO  {MSCBSS} Copy MSCBSS
2026-04-23 13:29:26,020 +0000Z  INFO  {MSATTR} MSATTR: Copied 0 rows.
2026-04-23 13:29:26,020 +0000Z  INFO  {MSCDAT} Copy MSCDAT
2026-04-23 13:29:26,024 +0000Z  INFO  {MSCBSS} MSCBSS: Copied 0 rows.
2026-04-23 13:29:26,024 +0000Z  INFO  {MSCITC} Copy MSCITC
2026-04-23 13:29:26,027 +0000Z  INFO  {MSCDAT} MSCDAT: Copied 0 rows.
2026-04-23 13:29:26,029 +0000Z  INFO  {MSCITG} Copy MSCITG
2026-04-23 13:29:26,032 +0000Z  INFO  {MSCITC} MSCITC: Copied 0 rows.
2026-04-23 13:29:26,034 +0000Z  INFO  {MSCMDS} Copy MSCMDS
2026-04-23 13:29:26,037 +0000Z  INFO  {MSCITG} MSCITG: Copied 0 rows.
2026-04-23 13:29:26,038 +0000Z  INFO  {MSCNOC} Copy MSCNOC
2026-04-23 13:29:26,043 +0000Z  INFO  {MSCNOV} Copy MSCNOV
2026-04-23 13:29:26,044 +0000Z  INFO  {MSCMDS} MSCMDS: Copied 0 rows.
2026-04-23 13:29:26,046 +0000Z  INFO  {MSCNOC} MSCNOC: Copied 0 rows.
2026-04-23 13:29:26,047 +0000Z  INFO  {MSCORX} Copy MSCORX
2026-04-23 13:29:26,050 +0000Z  INFO  {MSCNOV} MSCNOV: Copied 0 rows.
2026-04-23 13:29:26,052 +0000Z  INFO  {MSCPCW} Copy MSCPCW
2026-04-23 13:29:26,055 +0000Z  INFO  {MSCORX} MSCORX: Copied 0 rows.
2026-04-23 13:29:26,056 +0000Z  INFO  {MSCPDF} Copy MSCPDF
2026-04-23 13:29:26,059 +0000Z  INFO  {MSCPCW} MSCPCW: Copied 0 rows.
2026-04-23 13:29:26,061 +0000Z  INFO  {MSCPFS} Copy MSCPFS
2026-04-23 13:29:26,063 +0000Z  INFO  {MSCPDF} MSCPDF: Copied 0 rows.
2026-04-23 13:29:26,065 +0000Z  INFO  {MSCQTY} Copy MSCQTY
2026-04-23 13:29:26,069 +0000Z  INFO  {MSCPFS} MSCPFS: Copied 0 rows.
2026-04-23 13:29:26,069 +0000Z  INFO  {MSCREE} Copy MSCREE
2026-04-23 13:29:26,072 +0000Z  INFO  {MSCQTY} MSCQTY: Copied 0 rows.
2026-04-23 13:29:26,074 +0000Z  INFO  {MSCREL} Copy MSCREL
2026-04-23 13:29:26,076 +0000Z  INFO  {MSCREE} MSCREE: Copied 0 rows.
2026-04-23 13:29:26,078 +0000Z  INFO  {MSCSAL} Copy MSCSAL
2026-04-23 13:29:26,081 +0000Z  INFO  {MSCREL} MSCREL: Copied 0 rows.
2026-04-23 13:29:26,082 +0000Z  INFO  {MSCSOR} Copy MSCSOR
2026-04-23 13:29:26,085 +0000Z  INFO  {MSCSAL} MSCSAL: Copied 0 rows.
2026-04-23 13:29:26,087 +0000Z  INFO  {MSCTRA} Copy MSCTRA
2026-04-23 13:29:26,091 +0000Z  INFO  {MSCVER} Copy MSCVER
2026-04-23 13:29:26,092 +0000Z  INFO  {MSCSOR} MSCSOR: Copied 0 rows.
2026-04-23 13:29:26,094 +0000Z  INFO  {MSCTRA} MSCTRA: Copied 0 rows.
2026-04-23 13:29:26,095 +0000Z  INFO  {MSCYOP} Copy MSCYOP
2026-04-23 13:29:26,098 +0000Z  INFO  {MSCVER} MSCVER: Copied 0 rows.
2026-04-23 13:29:26,100 +0000Z  INFO  {MSD010} Copy MSD010
2026-04-23 13:29:26,102 +0000Z  INFO  {MSCYOP} MSCYOP: Copied 0 rows.
2026-04-23 13:29:26,104 +0000Z  INFO  {MSD011} Copy MSD011
2026-04-23 13:29:26,107 +0000Z  INFO  {MSD010} MSD010: Copied 0 rows.
2026-04-23 13:29:26,109 +0000Z  INFO  {MSD012} Copy MSD012
2026-04-23 13:29:26,111 +0000Z  INFO  {MSD011} MSD011: Copied 0 rows.
2026-04-23 13:29:26,113 +0000Z  INFO  {MSD020} Copy MSD020
2026-04-23 13:29:26,117 +0000Z  INFO  {MSD012} MSD012: Copied 0 rows.
2026-04-23 13:29:26,117 +0000Z  INFO  {MSD021} Copy MSD021
2026-04-23 13:29:26,120 +0000Z  INFO  {MSD020} MSD020: Copied 0 rows.
2026-04-23 13:29:26,122 +0000Z  INFO  {MSD022} Copy MSD022
2026-04-23 13:29:26,125 +0000Z  INFO  {MSD021} MSD021: Copied 0 rows.
2026-04-23 13:29:26,126 +0000Z  INFO  {MSD023} Copy MSD023
2026-04-23 13:29:26,129 +0000Z  INFO  {MSD022} MSD022: Copied 0 rows.
2026-04-23 13:29:26,131 +0000Z  INFO  {MSD024} Copy MSD024
2026-04-23 13:29:26,134 +0000Z  INFO  {MSD023} MSD023: Copied 0 rows.
2026-04-23 13:29:26,135 +0000Z  INFO  {MRP651} MRP651: Copied 0 rows.
2026-04-23 13:29:26,135 +0000Z  INFO  {MSD050} Copy MSD050
2026-04-23 13:29:26,138 +0000Z  INFO  {MSD024} MSD024: Copied 0 rows.
2026-04-23 13:29:26,140 +0000Z  INFO  {MSD080} Copy MSD080
2026-04-23 13:29:26,143 +0000Z  INFO  {MSD050} MSD050: Copied 0 rows.
2026-04-23 13:29:26,144 +0000Z  INFO  {MSD081} Copy MSD081
2026-04-23 13:29:26,147 +0000Z  INFO  {MSD080} MSD080: Copied 0 rows.
2026-04-23 13:29:26,149 +0000Z  INFO  {MSD082} Copy MSD082
2026-04-23 13:29:26,151 +0000Z  INFO  {MSD081} MSD081: Copied 0 rows.
2026-04-23 13:29:26,154 +0000Z  INFO  {MSD090} Copy MSD090
2026-04-23 13:29:26,156 +0000Z  INFO  {MSD082} MSD082: Copied 0 rows.
2026-04-23 13:29:26,158 +0000Z  INFO  {MSD130} Copy MSD130
2026-04-23 13:29:26,161 +0000Z  INFO  {MSD090} MSD090: Copied 0 rows.
2026-04-23 13:29:26,163 +0000Z  INFO  {MSD140} Copy MSD140
2026-04-23 13:29:26,166 +0000Z  INFO  {MSD130} MSD130: Copied 0 rows.
2026-04-23 13:29:26,167 +0000Z  INFO  {MSD150} Copy MSD150
2026-04-23 13:29:26,170 +0000Z  INFO  {MSD140} MSD140: Copied 0 rows.
2026-04-23 13:29:26,172 +0000Z  INFO  {MSD999} Copy MSD999
2026-04-23 13:29:26,175 +0000Z  INFO  {MSD150} MSD150: Copied 0 rows.
2026-04-23 13:29:26,177 +0000Z  INFO  {MSDCHK} Copy MSDCHK
2026-04-23 13:29:26,179 +0000Z  INFO  {MSD999} MSD999: Copied 0 rows.
2026-04-23 13:29:26,181 +0000Z  INFO  {MSDCUS} Copy MSDCUS
2026-04-23 13:29:26,184 +0000Z  INFO  {MSDCHK} MSDCHK: Copied 0 rows.
2026-04-23 13:29:26,186 +0000Z  INFO  {MSDPRT} Copy MSDPRT
2026-04-23 13:29:26,188 +0000Z  INFO  {MSDCUS} MSDCUS: Copied 0 rows.
2026-04-23 13:29:26,190 +0000Z  INFO  {MSDPRW} Copy MSDPRW
2026-04-23 13:29:26,193 +0000Z  INFO  {MSDPRT} MSDPRT: Copied 0 rows.
2026-04-23 13:29:26,194 +0000Z  INFO  {MSDSBU} Copy MSDSBU
2026-04-23 13:29:26,198 +0000Z  INFO  {MSDPRW} MSDPRW: Copied 0 rows.
2026-04-23 13:29:26,198 +0000Z  INFO  {MSDSDE} Copy MSDSDE
2026-04-23 13:29:26,201 +0000Z  INFO  {MSDSBU} MSDSBU: Copied 0 rows.
2026-04-23 13:29:26,203 +0000Z  INFO  {MSDSHE} Copy MSDSHE
2026-04-23 13:29:26,205 +0000Z  INFO  {MSDSDE} MSDSDE: Copied 0 rows.
2026-04-23 13:29:26,207 +0000Z  INFO  {MSDSTH} Copy MSDSTH
2026-04-23 13:29:26,210 +0000Z  INFO  {MSDSHE} MSDSHE: Copied 0 rows.
2026-04-23 13:29:26,211 +0000Z  INFO  {MSDSTL} Copy MSDSTL
2026-04-23 13:29:26,214 +0000Z  INFO  {MSDSTH} MSDSTH: Copied 0 rows.
2026-04-23 13:29:26,215 +0000Z  INFO  {MSDTXH} Copy MSDTXH
2026-04-23 13:29:26,218 +0000Z  INFO  {MSDSTL} MSDSTL: Copied 0 rows.
2026-04-23 13:29:26,220 +0000Z  INFO  {MSDTXL} Copy MSDTXL
2026-04-23 13:29:26,223 +0000Z  INFO  {MSDTXH} MSDTXH: Copied 0 rows.
2026-04-23 13:29:26,224 +0000Z  INFO  {MSE900} Copy MSE900
2026-04-23 13:29:26,227 +0000Z  INFO  {MSDTXL} MSDTXL: Copied 0 rows.
2026-04-23 13:29:26,229 +0000Z  INFO  {MSELCP} Copy MSELCP
2026-04-23 13:29:26,231 +0000Z  INFO  {MSE900} MSE900: Copied 0 rows.
2026-04-23 13:29:26,233 +0000Z  INFO  {MSELCT} Copy MSELCT
2026-04-23 13:29:26,236 +0000Z  INFO  {MSELCP} MSELCP: Copied 0 rows.
2026-04-23 13:29:26,238 +0000Z  INFO  {MSELLC} Copy MSELLC
2026-04-23 13:29:26,240 +0000Z  INFO  {MSELCT} MSELCT: Copied 0 rows.
2026-04-23 13:29:26,242 +0000Z  INFO  {MSELMP} Copy MSELMP
2026-04-23 13:29:26,245 +0000Z  INFO  {MSELLC} MSELLC: Copied 0 rows.
2026-04-23 13:29:26,247 +0000Z  INFO  {MSELOC} Copy MSELOC
2026-04-23 13:29:26,249 +0000Z  INFO  {MSELMP} MSELMP: Copied 0 rows.
2026-04-23 13:29:26,252 +0000Z  INFO  {MSELSM} Copy MSELSM
2026-04-23 13:29:26,256 +0000Z  INFO  {MSELOC} MSELOC: Copied 0 rows.
2026-04-23 13:29:26,256 +0000Z  INFO  {MSHDAT} Copy MSHDAT
2026-04-23 13:29:26,259 +0000Z  INFO  {MSELSM} MSELSM: Copied 0 rows.
2026-04-23 13:29:26,260 +0000Z  INFO  {MSP426} Copy MSP426
2026-04-23 13:29:26,263 +0000Z  INFO  {MSHDAT} MSHDAT: Copied 0 rows.
2026-04-23 13:29:26,265 +0000Z  INFO  {MSPLMI} Copy MSPLMI
2026-04-23 13:29:26,267 +0000Z  INFO  {MSP426} MSP426: Copied 0 rows.
2026-04-23 13:29:26,269 +0000Z  INFO  {MSSREA} Copy MSSREA
2026-04-23 13:29:26,272 +0000Z  INFO  {MSPLMI} MSPLMI: Copied 0 rows.
2026-04-23 13:29:26,274 +0000Z  INFO  {MSTEDE} Copy MSTEDE
2026-04-23 13:29:26,276 +0000Z  INFO  {MSSREA} MSSREA: Copied 0 rows.
2026-04-23 13:29:26,278 +0000Z  INFO  {MSTEDL} Copy MSTEDL
2026-04-23 13:29:26,281 +0000Z  INFO  {MSTEDE} MSTEDE: Copied 0 rows.
2026-04-23 13:29:26,282 +0000Z  INFO  {MSTEHE} Copy MSTEHE
2026-04-23 13:29:26,285 +0000Z  INFO  {MSTEDL} MSTEDL: Copied 0 rows.
2026-04-23 13:29:26,286 +0000Z  INFO  {MSTEHL} Copy MSTEHL
2026-04-23 13:29:26,289 +0000Z  INFO  {MSTEHE} MSTEHE: Copied 0 rows.
2026-04-23 13:29:26,291 +0000Z  INFO  {MSTXGE} Copy MSTXGE
2026-04-23 13:29:26,293 +0000Z  INFO  {MSTEHL} MSTEHL: Copied 0 rows.
2026-04-23 13:29:26,295 +0000Z  INFO  {MSUBCS} Copy MSUBCS
2026-04-23 13:29:26,298 +0000Z  INFO  {MSTXGE} MSTXGE: Copied 0 rows.
2026-04-23 13:29:26,299 +0000Z  INFO  {MSUBDD} Copy MSUBDD
2026-04-23 13:29:26,302 +0000Z  INFO  {MSUBCS} MSUBCS: Copied 0 rows.
2026-04-23 13:29:26,303 +0000Z  INFO  {MSUBDH} Copy MSUBDH
2026-04-23 13:29:26,306 +0000Z  INFO  {MSUBDD} MSUBDD: Copied 0 rows.
2026-04-23 13:29:26,308 +0000Z  INFO  {MSUBTF} Copy MSUBTF
2026-04-23 13:29:26,310 +0000Z  INFO  {MSUBDH} MSUBDH: Copied 0 rows.
2026-04-23 13:29:26,312 +0000Z  INFO  {MSUBTO} Copy MSUBTO
2026-04-23 13:29:26,315 +0000Z  INFO  {MSUBTF} MSUBTF: Copied 0 rows.
2026-04-23 13:29:26,316 +0000Z  INFO  {MSUIRF} Copy MSUIRF
2026-04-23 13:29:26,319 +0000Z  INFO  {MSUBTO} MSUBTO: Copied 0 rows.
2026-04-23 13:29:26,321 +0000Z  INFO  {MSUIRH} Copy MSUIRH
2026-04-23 13:29:26,324 +0000Z  INFO  {MSUIRF} MSUIRF: Copied 0 rows.
2026-04-23 13:29:26,325 +0000Z  INFO  {MSUIRW} Copy MSUIRW
2026-04-23 13:29:26,328 +0000Z  INFO  {MSUIRH} MSUIRH: Copied 0 rows.
2026-04-23 13:29:26,330 +0000Z  INFO  {MSVIAC} Copy MSVIAC
2026-04-23 13:29:26,333 +0000Z  INFO  {MSUIRW} MSUIRW: Copied 0 rows.
2026-04-23 13:29:26,334 +0000Z  INFO  {MTATTR} Copy MTATTR
2026-04-23 13:29:26,337 +0000Z  INFO  {MSVIAC} MSVIAC: Copied 0 rows.
2026-04-23 13:29:26,339 +0000Z  INFO  {MTEFHS} Copy MTEFHS
2026-04-23 13:29:26,344 +0000Z  INFO  {MTATTR} MTATTR: Copied 0 rows.
2026-04-23 13:29:26,344 +0000Z  INFO  {MTEXTN} Copy MTEXTN
2026-04-23 13:29:26,347 +0000Z  INFO  {MTEFHS} MTEFHS: Copied 0 rows.
2026-04-23 13:29:26,349 +0000Z  INFO  {MTIPPR} Copy MTIPPR
2026-04-23 13:29:26,352 +0000Z  INFO  {MTEXTN} MTEXTN: Copied 0 rows.
2026-04-23 13:29:26,353 +0000Z  INFO  {MTITDE} Copy MTITDE
2026-04-23 13:29:26,356 +0000Z  INFO  {MTIPPR} MTIPPR: Copied 0 rows.
2026-04-23 13:29:26,360 +0000Z  INFO  {MTITHE} Copy MTITHE
2026-04-23 13:29:26,361 +0000Z  INFO  {MTITDE} MTITDE: Copied 0 rows.
2026-04-23 13:29:26,364 +0000Z  INFO  {MTITRP} Copy MTITRP
2026-04-23 13:29:26,368 +0000Z  INFO  {MTMABS} Copy MTMABS
2026-04-23 13:29:26,369 +0000Z  INFO  {MTITHE} MTITHE: Copied 0 rows.
2026-04-23 13:29:26,371 +0000Z  INFO  {MTITRP} MTITRP: Copied 0 rows.
2026-04-23 13:29:26,373 +0000Z  INFO  {MTMABT} Copy MTMABT
2026-04-23 13:29:26,376 +0000Z  INFO  {MTMABS} MTMABS: Copied 0 rows.
2026-04-23 13:29:26,378 +0000Z  INFO  {MTMACD} Copy MTMACD
2026-04-23 13:29:26,380 +0000Z  INFO  {MTMABT} MTMABT: Copied 0 rows.
2026-04-23 13:29:26,382 +0000Z  INFO  {MTMDAB} Copy MTMDAB
2026-04-23 13:29:26,385 +0000Z  INFO  {MTMACD} MTMACD: Copied 0 rows.
2026-04-23 13:29:26,387 +0000Z  INFO  {MTMHS1} Copy MTMHS1
2026-04-23 13:29:26,390 +0000Z  INFO  {MTMDAB} MTMDAB: Copied 0 rows.
2026-04-23 13:29:26,391 +0000Z  INFO  {MTMHS2} Copy MTMHS2
2026-04-23 13:29:26,394 +0000Z  INFO  {MTMHS1} MTMHS1: Copied 0 rows.
2026-04-23 13:29:26,396 +0000Z  INFO  {MTMHS3} Copy MTMHS3
2026-04-23 13:29:26,398 +0000Z  INFO  {MTMHS2} MTMHS2: Copied 0 rows.
2026-04-23 13:29:26,400 +0000Z  INFO  {MTMOVP} Copy MTMOVP
2026-04-23 13:29:26,403 +0000Z  INFO  {MTMHS3} MTMHS3: Copied 0 rows.
2026-04-23 13:29:26,404 +0000Z  INFO  {MTMPBL} Copy MTMPBL
2026-04-23 13:29:26,407 +0000Z  INFO  {MTMOVP} MTMOVP: Copied 0 rows.
2026-04-23 13:29:26,408 +0000Z  INFO  {MTMPRD} Copy MTMPRD
2026-04-23 13:29:26,411 +0000Z  INFO  {MTMPBL} MTMPBL: Copied 0 rows.
2026-04-23 13:29:26,413 +0000Z  INFO  {MTMPRE} Copy MTMPRE
2026-04-23 13:29:26,416 +0000Z  INFO  {MTMPRD} MTMPRD: Copied 0 rows.
2026-04-23 13:29:26,417 +0000Z  INFO  {MTMPRI} Copy MTMPRI
2026-04-23 13:29:26,420 +0000Z  INFO  {MTMPRE} MTMPRE: Copied 0 rows.
2026-04-23 13:29:26,422 +0000Z  INFO  {MTMSEM} Copy MTMSEM
2026-04-23 13:29:26,424 +0000Z  INFO  {MTMPRI} MTMPRI: Copied 0 rows.
2026-04-23 13:29:26,426 +0000Z  INFO  {MTMSFD} Copy MTMSFD
2026-04-23 13:29:26,429 +0000Z  INFO  {MTMSEM} MTMSEM: Copied 0 rows.
2026-04-23 13:29:26,431 +0000Z  INFO  {MTMTEM} Copy MTMTEM
2026-04-23 13:29:26,433 +0000Z  INFO  {MTMSFD} MTMSFD: Copied 0 rows.
2026-04-23 13:29:26,435 +0000Z  INFO  {MTMTMP} Copy MTMTMP
2026-04-23 13:29:26,438 +0000Z  INFO  {MTMTEM} MTMTEM: Copied 0 rows.
2026-04-23 13:29:26,440 +0000Z  INFO  {MTMTPR} Copy MTMTPR
2026-04-23 13:29:26,443 +0000Z  INFO  {MTMTMP} MTMTMP: Copied 0 rows.
2026-04-23 13:29:26,444 +0000Z  INFO  {MTMTPS} Copy MTMTPS
2026-04-23 13:29:26,447 +0000Z  INFO  {MTMTPR} MTMTPR: Copied 0 rows.
2026-04-23 13:29:26,449 +0000Z  INFO  {MTMTR1} Copy MTMTR1
2026-04-23 13:29:26,452 +0000Z  INFO  {MTMTPS} MTMTPS: Copied 0 rows.
2026-04-23 13:29:26,453 +0000Z  INFO  {MTMTR2} Copy MTMTR2
2026-04-23 13:29:26,457 +0000Z  INFO  {MTMTR1} MTMTR1: Copied 0 rows.
2026-04-23 13:29:26,458 +0000Z  INFO  {MTMTTR} Copy MTMTTR
2026-04-23 13:29:26,460 +0000Z  INFO  {MTMTR2} MTMTR2: Copied 0 rows.
2026-04-23 13:29:26,462 +0000Z  INFO  {MTMWTR} Copy MTMWTR
2026-04-23 13:29:26,465 +0000Z  INFO  {MTMTTR} MTMTTR: Copied 0 rows.
2026-04-23 13:29:26,467 +0000Z  INFO  {MTOSPE} Copy MTOSPE
2026-04-23 13:29:26,470 +0000Z  INFO  {MTMWTR} MTMWTR: Copied 0 rows.
2026-04-23 13:29:26,471 +0000Z  INFO  {MTROLU} Copy MTROLU
2026-04-23 13:29:26,474 +0000Z  INFO  {MTOSPE} MTOSPE: Copied 0 rows.
2026-04-23 13:29:26,476 +0000Z  INFO  {MTSREF} Copy MTSREF
2026-04-23 13:29:26,479 +0000Z  INFO  {MTROLU} MTROLU: Copied 0 rows.
2026-04-23 13:29:26,480 +0000Z  INFO  {MTSRSP} Copy MTSRSP
2026-04-23 13:29:26,483 +0000Z  INFO  {MTSREF} MTSREF: Copied 0 rows.
2026-04-23 13:29:26,485 +0000Z  INFO  {MTUNNA} Copy MTUNNA
2026-04-23 13:29:26,487 +0000Z  INFO  {MTSRSP} MTSRSP: Copied 0 rows.
2026-04-23 13:29:26,489 +0000Z  INFO  {MVARDS} Copy MVARDS
2026-04-23 13:29:26,492 +0000Z  INFO  {MTUNNA} MTUNNA: Copied 0 rows.
2026-04-23 13:29:26,493 +0000Z  INFO  {MWARDT} Copy MWARDT
2026-04-23 13:29:26,496 +0000Z  INFO  {MVARDS} MVARDS: Copied 0 rows.
2026-04-23 13:29:26,498 +0000Z  INFO  {MWAROP} Copy MWAROP
2026-04-23 13:29:26,500 +0000Z  INFO  {MWARDT} MWARDT: Copied 0 rows.
2026-04-23 13:29:26,502 +0000Z  INFO  {MWASRO} Copy MWASRO
2026-04-23 13:29:26,505 +0000Z  INFO  {MWAROP} MWAROP: Copied 0 rows.
2026-04-23 13:29:26,506 +0000Z  INFO  {MWDEOP} Copy MWDEOP
2026-04-23 13:29:26,509 +0000Z  INFO  {MWASRO} MWASRO: Copied 0 rows.
2026-04-23 13:29:26,511 +0000Z  INFO  {MWDSTC} Copy MWDSTC
2026-04-23 13:29:26,513 +0000Z  INFO  {MWDEOP} MWDEOP: Copied 0 rows.
2026-04-23 13:29:26,515 +0000Z  INFO  {MWDSTP} Copy MWDSTP
2026-04-23 13:29:26,518 +0000Z  INFO  {MWDSTC} MWDSTC: Copied 0 rows.
2026-04-23 13:29:26,519 +0000Z  INFO  {MWFDLY} Copy MWFDLY
2026-04-23 13:29:26,522 +0000Z  INFO  {MWDSTP} MWDSTP: Copied 0 rows.
2026-04-23 13:29:26,524 +0000Z  INFO  {MWFRDE} Copy MWFRDE
2026-04-23 13:29:26,526 +0000Z  INFO  {MWFDLY} MWFDLY: Copied 0 rows.
2026-04-23 13:29:26,528 +0000Z  INFO  {MWFRDO} Copy MWFRDO
2026-04-23 13:29:26,531 +0000Z  INFO  {MWFRDE} MWFRDE: Copied 0 rows.
2026-04-23 13:29:26,532 +0000Z  INFO  {MWFRSH} Copy MWFRSH
2026-04-23 13:29:26,535 +0000Z  INFO  {MWFRDO} MWFRDO: Copied 0 rows.
2026-04-23 13:29:26,537 +0000Z  INFO  {MWHTAB} Copy MWHTAB
2026-04-23 13:29:26,540 +0000Z  INFO  {MWFRSH} MWFRSH: Copied 0 rows.
2026-04-23 13:29:26,542 +0000Z  INFO  {MWINS1} Copy MWINS1
2026-04-23 13:29:26,544 +0000Z  INFO  {MWHTAB} MWHTAB: Copied 0 rows.
2026-04-23 13:29:26,546 +0000Z  INFO  {MWINSC} Copy MWINSC
2026-04-23 13:29:26,550 +0000Z  INFO  {MWINS1} MWINS1: Copied 0 rows.
2026-04-23 13:29:26,551 +0000Z  INFO  {MWINSH} Copy MWINSH
2026-04-23 13:29:26,555 +0000Z  INFO  {MWINSC} MWINSC: Copied 0 rows.
2026-04-23 13:29:26,556 +0000Z  INFO  {MWINSL} Copy MWINSL
2026-04-23 13:29:26,562 +0000Z  INFO  {MWINSH} MWINSH: Copied 0 rows.
2026-04-23 13:29:26,564 +0000Z  INFO  {MWINSL} MWINSL: Copied 0 rows.
2026-04-23 13:29:26,565 +0000Z  INFO  {MWINSP} Copy MWINSP
2026-04-23 13:29:26,571 +0000Z  INFO  {MWINSQ} Copy MWINSQ
2026-04-23 13:29:26,573 +0000Z  INFO  {MWINSP} MWINSP: Copied 0 rows.
2026-04-23 13:29:26,576 +0000Z  INFO  {MWINST} Copy MWINST
2026-04-23 13:29:26,578 +0000Z  INFO  {MWINSQ} MWINSQ: Copied 0 rows.
2026-04-23 13:29:26,580 +0000Z  INFO  {MWLEVL} Copy MWLEVL
2026-04-23 13:29:26,583 +0000Z  INFO  {MWINST} MWINST: Copied 0 rows.
2026-04-23 13:29:26,585 +0000Z  INFO  {MWM120} Copy MWM120
2026-04-23 13:29:26,588 +0000Z  INFO  {MWLEVL} MWLEVL: Copied 0 rows.
2026-04-23 13:29:26,590 +0000Z  INFO  {MWM181} Copy MWM181
2026-04-23 13:29:26,594 +0000Z  INFO  {MWM410} Copy MWM410
2026-04-23 13:29:26,595 +0000Z  INFO  {MWM120} MWM120: Copied 0 rows.
2026-04-23 13:29:26,599 +0000Z  INFO  {MWM420} Copy MWM420
2026-04-23 13:29:26,599 +0000Z  INFO  {MWM181} MWM181: Copied 0 rows.
2026-04-23 13:29:26,602 +0000Z  INFO  {MWM410} MWM410: Copied 0 rows.
2026-04-23 13:29:26,603 +0000Z  INFO  {MWM421} Copy MWM421
2026-04-23 13:29:26,606 +0000Z  INFO  {MWM420} MWM420: Copied 0 rows.
2026-04-23 13:29:26,608 +0000Z  INFO  {MWM422} Copy MWM422
2026-04-23 13:29:26,612 +0000Z  INFO  {MWM421} MWM421: Copied 0 rows.
2026-04-23 13:29:26,613 +0000Z  INFO  {MWM424} Copy MWM424
2026-04-23 13:29:26,617 +0000Z  INFO  {MWM422} MWM422: Copied 0 rows.
2026-04-23 13:29:26,618 +0000Z  INFO  {MWM436} Copy MWM436
2026-04-23 13:29:26,624 +0000Z  INFO  {MWM424} MWM424: Copied 0 rows.
2026-04-23 13:29:26,625 +0000Z  INFO  {MWM444} Copy MWM444
2026-04-23 13:29:26,628 +0000Z  INFO  {MWM436} MWM436: Copied 0 rows.
2026-04-23 13:29:26,629 +0000Z  INFO  {MWMCRE} Copy MWMCRE
2026-04-23 13:29:26,633 +0000Z  INFO  {MWM444} MWM444: Copied 0 rows.
2026-04-23 13:29:26,634 +0000Z  INFO  {MWMCSN} Copy MWMCSN
2026-04-23 13:29:26,639 +0000Z  INFO  {MWMCRE} MWMCRE: Copied 0 rows.
2026-04-23 13:29:26,642 +0000Z  INFO  {MWMCSN} MWMCSN: Copied 0 rows.
2026-04-23 13:29:26,642 +0000Z  INFO  {MWMPAG} Copy MWMPAG
2026-04-23 13:29:26,649 +0000Z  INFO  {MWMTDG} Copy MWMTDG
2026-04-23 13:29:26,652 +0000Z  INFO  {MWMPAG} MWMPAG: Copied 0 rows.
2026-04-23 13:29:26,654 +0000Z  INFO  {MWOAPP} Copy MWOAPP
2026-04-23 13:29:26,659 +0000Z  INFO  {MWMTDG} MWMTDG: Copied 0 rows.
2026-04-23 13:29:26,659 +0000Z  INFO  {MWOCPN} Copy MWOCPN
2026-04-23 13:29:26,661 +0000Z  INFO  {MWOAPP} MWOAPP: Copied 0 rows.
2026-04-23 13:29:26,664 +0000Z  INFO  {MWODAY} Copy MWODAY
2026-04-23 13:29:26,667 +0000Z  INFO  {MWOCPN} MWOCPN: Copied 0 rows.
2026-04-23 13:29:26,669 +0000Z  INFO  {MWOEMT} Copy MWOEMT
2026-04-23 13:29:26,673 +0000Z  INFO  {MWODAY} MWODAY: Copied 0 rows.
2026-04-23 13:29:26,673 +0000Z  INFO  {MWOHEH} Copy MWOHEH
2026-04-23 13:29:26,677 +0000Z  INFO  {MWOEMT} MWOEMT: Copied 0 rows.
2026-04-23 13:29:26,680 +0000Z  INFO  {MWOLCC} Copy MWOLCC
2026-04-23 13:29:26,684 +0000Z  INFO  {MWOHEH} MWOHEH: Copied 0 rows.
2026-04-23 13:29:26,685 +0000Z  INFO  {MWOMAA} Copy MWOMAA
2026-04-23 13:29:26,687 +0000Z  INFO  {MWOLCC} MWOLCC: Copied 0 rows.
2026-04-23 13:29:26,689 +0000Z  INFO  {MWOOP1} Copy MWOOP1
2026-04-23 13:29:26,693 +0000Z  INFO  {MWOMAA} MWOMAA: Copied 0 rows.
2026-04-23 13:29:26,694 +0000Z  INFO  {MWOOPA} Copy MWOOPA
2026-04-23 13:29:26,698 +0000Z  INFO  {MWOOP1} MWOOP1: Copied 0 rows.
2026-04-23 13:29:26,698 +0000Z  INFO  {MWOOPL} Copy MWOOPL
2026-04-23 13:29:26,701 +0000Z  INFO  {MWOOPA} MWOOPA: Copied 0 rows.
2026-04-23 13:29:26,702 +0000Z  INFO  {MWOPLD} Copy MWOPLD
2026-04-23 13:29:26,707 +0000Z  INFO  {MWOOPL} MWOOPL: Copied 0 rows.
2026-04-23 13:29:26,707 +0000Z  INFO  {MWOPLW} Copy MWOPLW
2026-04-23 13:29:26,709 +0000Z  INFO  {MWOPLD} MWOPLD: Copied 0 rows.
2026-04-23 13:29:26,712 +0000Z  INFO  {MWOPOL} Copy MWOPOL
2026-04-23 13:29:26,715 +0000Z  INFO  {MWOPLW} MWOPLW: Copied 0 rows.
2026-04-23 13:29:26,717 +0000Z  INFO  {MWOPTH} Copy MWOPTH
2026-04-23 13:29:26,719 +0000Z  INFO  {MWOPOL} MWOPOL: Copied 0 rows.
2026-04-23 13:29:26,722 +0000Z  INFO  {MWOPTP} Copy MWOPTP
2026-04-23 13:29:26,727 +0000Z  INFO  {MWORCO} Copy MWORCO
2026-04-23 13:29:26,728 +0000Z  INFO  {MWOPTH} MWOPTH: Copied 0 rows.
2026-04-23 13:29:26,730 +0000Z  INFO  {MWOPTP} MWOPTP: Copied 0 rows.
2026-04-23 13:29:26,731 +0000Z  INFO  {MWORID} Copy MWORID
2026-04-23 13:29:26,734 +0000Z  INFO  {MWORCO} MWORCO: Copied 0 rows.
2026-04-23 13:29:26,736 +0000Z  INFO  {MWOROU} Copy MWOROU
2026-04-23 13:29:26,739 +0000Z  INFO  {MWORID} MWORID: Copied 0 rows.
2026-04-23 13:29:26,741 +0000Z  INFO  {MWOSPL} Copy MWOSPL
2026-04-23 13:29:26,745 +0000Z  INFO  {MWOTEA} Copy MWOTEA
2026-04-23 13:29:26,746 +0000Z  INFO  {MWOROU} MWOROU: Copied 0 rows.
2026-04-23 13:29:26,748 +0000Z  INFO  {MWOSPL} MWOSPL: Copied 0 rows.
2026-04-23 13:29:26,750 +0000Z  INFO  {MWOTOP} Copy MWOTOP
2026-04-23 13:29:26,753 +0000Z  INFO  {MWOTEA} MWOTEA: Copied 0 rows.
2026-04-23 13:29:26,754 +0000Z  INFO  {MWPROP} Copy MWPROP
2026-04-23 13:29:26,757 +0000Z  INFO  {MWOTOP} MWOTOP: Copied 0 rows.
2026-04-23 13:29:26,764 +0000Z  INFO  {MWQIRS} Copy MWQIRS
2026-04-23 13:29:26,767 +0000Z  INFO  {MWPROP} MWPROP: Copied 0 rows.
2026-04-23 13:29:26,769 +0000Z  INFO  {MWROLU} Copy MWROLU
2026-04-23 13:29:26,774 +0000Z  INFO  {MWRREM} Copy MWRREM
2026-04-23 13:29:26,774 +0000Z  INFO  {MWQIRS} MWQIRS: Copied 0 rows.
2026-04-23 13:29:26,778 +0000Z  INFO  {MWROLU} MWROLU: Copied 0 rows.
2026-04-23 13:29:26,779 +0000Z  INFO  {MWSCRE} Copy MWSCRE
2026-04-23 13:29:26,783 +0000Z  INFO  {MWRREM} MWRREM: Copied 0 rows.
2026-04-23 13:29:26,784 +0000Z  INFO  {MWSEEQ} Copy MWSEEQ
2026-04-23 13:29:26,788 +0000Z  INFO  {MWSCRE} MWSCRE: Copied 0 rows.
2026-04-23 13:29:26,789 +0000Z  INFO  {MWTDIV} Copy MWTDIV
2026-04-23 13:29:26,793 +0000Z  INFO  {MWTOTR} Copy MWTOTR
2026-04-23 13:29:26,794 +0000Z  INFO  {MWSEEQ} MWSEEQ: Copied 0 rows.
2026-04-23 13:29:26,797 +0000Z  INFO  {MWTDIV} MWTDIV: Copied 0 rows.
2026-04-23 13:29:26,798 +0000Z  INFO  {MWW428} Copy MWW428
2026-04-23 13:29:26,801 +0000Z  INFO  {MWTOTR} MWTOTR: Copied 0 rows.
2026-04-23 13:29:26,802 +0000Z  INFO  {MWWCSP} Copy MWWCSP
2026-04-23 13:29:26,807 +0000Z  INFO  {MWXAPP} Copy MWXAPP
2026-04-23 13:29:26,808 +0000Z  INFO  {MWW428} MWW428: Copied 0 rows.
2026-04-23 13:29:26,810 +0000Z  INFO  {MWWCSP} MWWCSP: Copied 0 rows.
2026-04-23 13:29:26,811 +0000Z  INFO  {MWXHED} Copy MWXHED
2026-04-23 13:29:26,814 +0000Z  INFO  {MWXAPP} MWXAPP: Copied 0 rows.
2026-04-23 13:29:26,816 +0000Z  INFO  {MWXOPE} Copy MWXOPE
2026-04-23 13:29:26,821 +0000Z  INFO  {MXCCST} Copy MXCCST
2026-04-23 13:29:26,822 +0000Z  INFO  {MWXHED} MWXHED: Copied 0 rows.
2026-04-23 13:29:26,825 +0000Z  INFO  {MWXOPE} MWXOPE: Copied 0 rows.
2026-04-23 13:29:26,826 +0000Z  INFO  {MXOEXP} Copy MXOEXP
2026-04-23 13:29:26,831 +0000Z  INFO  {MXCCST} MXCCST: Copied 0 rows.
2026-04-23 13:29:26,832 +0000Z  INFO  {MXPOAD} Copy MXPOAD
2026-04-23 13:29:26,834 +0000Z  INFO  {MXOEXP} MXOEXP: Copied 0 rows.
2026-04-23 13:29:26,837 +0000Z  INFO  {MXREAL} Copy MXREAL
2026-04-23 13:29:26,840 +0000Z  INFO  {MXPOAD} MXPOAD: Copied 0 rows.
2026-04-23 13:29:26,842 +0000Z  INFO  {MXTEXT} Copy MXTEXT
2026-04-23 13:29:26,847 +0000Z  INFO  {MXREAL} MXREAL: Copied 0 rows.
2026-04-23 13:29:26,848 +0000Z  INFO  {MYOPAD} Copy MYOPAD
2026-04-23 13:29:26,851 +0000Z  INFO  {MXTEXT} MXTEXT: Copied 0 rows.
2026-04-23 13:29:26,857 +0000Z  INFO  {MYOPID} Copy MYOPID
2026-04-23 13:29:26,860 +0000Z  INFO  {MYOPAD} MYOPAD: Copied 0 rows.
2026-04-23 13:29:26,861 +0000Z  INFO  {MYOPIH} Copy MYOPIH
2026-04-23 13:29:26,868 +0000Z  INFO  {MYOPIU} Copy MYOPIU
2026-04-23 13:29:26,870 +0000Z  INFO  {MYOPID} MYOPID: Copied 0 rows.
2026-04-23 13:29:26,874 +0000Z  INFO  {MYOPIH} MYOPIH: Copied 0 rows.
2026-04-23 13:29:26,874 +0000Z  INFO  {MYSELS} Copy MYSELS
2026-04-23 13:29:26,879 +0000Z  INFO  {OAARBB} Copy OAARBB
2026-04-23 13:29:26,880 +0000Z  INFO  {MYOPIU} MYOPIU: Copied 0 rows.
2026-04-23 13:29:26,883 +0000Z  INFO  {MYSELS} MYSELS: Copied 0 rows.
2026-04-23 13:29:26,884 +0000Z  INFO  {OAEXOR} Copy OAEXOR
2026-04-23 13:29:26,887 +0000Z  INFO  {OAARBB} OAARBB: Copied 0 rows.
2026-04-23 13:29:26,889 +0000Z  INFO  {OAINTY} Copy OAINTY
2026-04-23 13:29:26,893 +0000Z  INFO  {OAEXOR} OAEXOR: Copied 0 rows.
2026-04-23 13:29:26,894 +0000Z  INFO  {OASCOL} Copy OASCOL
2026-04-23 13:29:26,897 +0000Z  INFO  {OAINTY} OAINTY: Copied 0 rows.
2026-04-23 13:29:26,899 +0000Z  INFO  {OBCISD} Copy OBCISD
2026-04-23 13:29:26,902 +0000Z  INFO  {OASCOL} OASCOL: Copied 0 rows.
2026-04-23 13:29:26,903 +0000Z  INFO  {OBCISH} Copy OBCISH
2026-04-23 13:29:26,907 +0000Z  INFO  {OBCOPY} Copy OBCOPY
2026-04-23 13:29:26,908 +0000Z  INFO  {OBCISD} OBCISD: Copied 0 rows.
2026-04-23 13:29:26,913 +0000Z  INFO  {OBCISH} OBCISH: Copied 0 rows.
2026-04-23 13:29:26,913 +0000Z  INFO  {OBONSU} Copy OBONSU
2026-04-23 13:29:26,915 +0000Z  INFO  {OBCOPY} OBCOPY: Copied 0 rows.
2026-04-23 13:29:26,918 +0000Z  INFO  {OBOWRK} Copy OBOWRK
2026-04-23 13:29:26,921 +0000Z  INFO  {OBONSU} OBONSU: Copied 0 rows.
2026-04-23 13:29:26,923 +0000Z  INFO  {OBPSCH} Copy OBPSCH
2026-04-23 13:29:26,929 +0000Z  INFO  {OBYPAT} Copy OBYPAT
2026-04-23 13:29:26,929 +0000Z  INFO  {OBOWRK} OBOWRK: Copied 0 rows.
2026-04-23 13:29:26,931 +0000Z  INFO  {OBPSCH} OBPSCH: Copied 0 rows.
2026-04-23 13:29:26,933 +0000Z  INFO  {OBYPER} Copy OBYPER
2026-04-23 13:29:26,939 +0000Z  INFO  {OCARCR} Copy OCARCR
2026-04-23 13:29:26,940 +0000Z  INFO  {OBYPAT} OBYPAT: Copied 0 rows.
2026-04-23 13:29:26,943 +0000Z  INFO  {OBYPER} OBYPER: Copied 0 rows.
2026-04-23 13:29:26,944 +0000Z  INFO  {OCASHL} Copy OCASHL
2026-04-23 13:29:26,947 +0000Z  INFO  {OCARCR} OCARCR: Copied 0 rows.
2026-04-23 13:29:26,949 +0000Z  INFO  {OCASHR} Copy OCASHR
2026-04-23 13:29:26,952 +0000Z  INFO  {OCASHL} OCASHL: Copied 0 rows.
2026-04-23 13:29:26,954 +0000Z  INFO  {OCASMS} Copy OCASMS
2026-04-23 13:29:26,958 +0000Z  INFO  {OCCMRS} Copy OCCMRS
2026-04-23 13:29:26,961 +0000Z  INFO  {OCASHR} OCASHR: Copied 0 rows.
2026-04-23 13:29:26,962 +0000Z  INFO  {OCASMS} OCASMS: Copied 0 rows.
2026-04-23 13:29:26,963 +0000Z  INFO  {OCSREF} Copy OCSREF
2026-04-23 13:29:26,966 +0000Z  INFO  {OCCMRS} OCCMRS: Copied 0 rows.
2026-04-23 13:29:26,969 +0000Z  INFO  {OCSRET} Copy OCSRET
2026-04-23 13:29:26,970 +0000Z  INFO  {OCSREF} OCSREF: Copied 0 rows.
2026-04-23 13:29:26,973 +0000Z  INFO  {OCUINS} Copy OCUINS
2026-04-23 13:29:26,976 +0000Z  INFO  {OCSRET} OCSRET: Copied 0 rows.
2026-04-23 13:29:26,978 +0000Z  INFO  {OCUIPG} Copy OCUIPG
2026-04-23 13:29:26,982 +0000Z  INFO  {OCUMOT} Copy OCUMOT
2026-04-23 13:29:26,983 +0000Z  INFO  {OCUINS} OCUINS: Copied 0 rows.
2026-04-23 13:29:26,985 +0000Z  INFO  {OCUIPG} OCUIPG: Copied 0 rows.
2026-04-23 13:29:26,987 +0000Z  INFO  {OCUSAS} Copy OCUSAS
2026-04-23 13:29:26,991 +0000Z  INFO  {OCUSIN} Copy OCUSIN
2026-04-23 13:29:26,992 +0000Z  INFO  {OCUMOT} OCUMOT: Copied 0 rows.
2026-04-23 13:29:26,994 +0000Z  INFO  {OCUSAS} OCUSAS: Copied 0 rows.
2026-04-23 13:29:26,995 +0000Z  INFO  {OCUSMS} Copy OCUSMS
2026-04-23 13:29:26,998 +0000Z  INFO  {OCUSIN} OCUSIN: Copied 0 rows.
2026-04-23 13:29:27,000 +0000Z  INFO  {ODCHRL} Copy ODCHRL
2026-04-23 13:29:27,005 +0000Z  INFO  {ODCIDN} Copy ODCIDN
2026-04-23 13:29:27,005 +0000Z  INFO  {OCUSMS} OCUSMS: Copied 0 rows.
2026-04-23 13:29:27,012 +0000Z  INFO  {ODDELC} Copy ODDELC
2026-04-23 13:29:27,014 +0000Z  INFO  {ODCIDN} ODCIDN: Copied 0 rows.
2026-04-23 13:29:27,017 +0000Z  INFO  {ODCHRL} ODCHRL: Copied 0 rows.
2026-04-23 13:29:27,018 +0000Z  INFO  {ODEPER} Copy ODEPER
2026-04-23 13:29:27,021 +0000Z  INFO  {ODDELC} ODDELC: Copied 0 rows.
2026-04-23 13:29:27,023 +0000Z  INFO  {ODOUTQ} Copy ODOUTQ
2026-04-23 13:29:27,026 +0000Z  INFO  {ODEPER} ODEPER: Copied 0 rows.
2026-04-23 13:29:27,028 +0000Z  INFO  {OEXFEE} Copy OEXFEE
2026-04-23 13:29:27,030 +0000Z  INFO  {ODOUTQ} ODOUTQ: Copied 0 rows.
2026-04-23 13:29:27,032 +0000Z  INFO  {OEXFEL} Copy OEXFEL
2026-04-23 13:29:27,036 +0000Z  INFO  {OEXFEE} OEXFEE: Copied 0 rows.
2026-04-23 13:29:27,037 +0000Z  INFO  {OEXLIN} Copy OEXLIN
2026-04-23 13:29:27,041 +0000Z  INFO  {OEXPRI} Copy OEXPRI
2026-04-23 13:29:27,041 +0000Z  INFO  {OEXFEL} OEXFEL: Copied 0 rows.
2026-04-23 13:29:27,043 +0000Z  INFO  {OEXLIN} OEXLIN: Copied 0 rows.
2026-04-23 13:29:27,046 +0000Z  INFO  {OEXS30} Copy OEXS30
2026-04-23 13:29:27,048 +0000Z  INFO  {OEXPRI} OEXPRI: Copied 0 rows.
2026-04-23 13:29:27,050 +0000Z  INFO  {OEXSMS} Copy OEXSMS
2026-04-23 13:29:27,054 +0000Z  INFO  {OEXS30} OEXS30: Copied 0 rows.
2026-04-23 13:29:27,054 +0000Z  INFO  {OFREEF} Copy OFREEF
2026-04-23 13:29:27,057 +0000Z  INFO  {OEXSMS} OEXSMS: Copied 0 rows.
2026-04-23 13:29:27,059 +0000Z  INFO  {OGCLNG} Copy OGCLNG
2026-04-23 13:29:27,062 +0000Z  INFO  {OFREEF} OFREEF: Copied 0 rows.
2026-04-23 13:29:27,064 +0000Z  INFO  {OGDLNG} Copy OGDLNG
2026-04-23 13:29:27,068 +0000Z  INFO  {OGCLNG} OGCLNG: Copied 0 rows.
2026-04-23 13:29:27,068 +0000Z  INFO  {OHI175} Copy OHI175
2026-04-23 13:29:27,071 +0000Z  INFO  {OGDLNG} OGDLNG: Copied 0 rows.
2026-04-23 13:29:27,072 +0000Z  INFO  {OIBBOR} Copy OIBBOR
2026-04-23 13:29:27,075 +0000Z  INFO  {OHI175} OHI175: Copied 0 rows.
2026-04-23 13:29:27,077 +0000Z  INFO  {OIBBOX} Copy OIBBOX
2026-04-23 13:29:27,080 +0000Z  INFO  {OIBBOR} OIBBOR: Copied 0 rows.
2026-04-23 13:29:27,081 +0000Z  INFO  {OIDCMH} Copy OIDCMH
2026-04-23 13:29:27,086 +0000Z  INFO  {OIBBOX} OIBBOX: Copied 0 rows.
2026-04-23 13:29:27,086 +0000Z  INFO  {OIDCML} Copy OIDCML
2026-04-23 13:29:27,089 +0000Z  INFO  {OIDCMH} OIDCMH: Copied 0 rows.
2026-04-23 13:29:27,090 +0000Z  INFO  {OIDEHE} Copy OIDEHE
2026-04-23 13:29:27,095 +0000Z  INFO  {OIDELN} Copy OIDELN
2026-04-23 13:29:27,095 +0000Z  INFO  {OIDCML} OIDCML: Copied 0 rows.
2026-04-23 13:29:27,097 +0000Z  INFO  {OIDEHE} OIDEHE: Copied 0 rows.
2026-04-23 13:29:27,099 +0000Z  INFO  {OIDPRE} Copy OIDPRE
2026-04-23 13:29:27,102 +0000Z  INFO  {OIDELN} OIDELN: Copied 0 rows.
2026-04-23 13:29:27,105 +0000Z  INFO  {OIDTRL} Copy OIDTRL
2026-04-23 13:29:27,109 +0000Z  INFO  {OIDTRS} Copy OIDTRS
2026-04-23 13:29:27,110 +0000Z  INFO  {OIDPRE} OIDPRE: Copied 0 rows.
2026-04-23 13:29:27,114 +0000Z  INFO  {OIIRPT} Copy OIIRPT
2026-04-23 13:29:27,114 +0000Z  INFO  {OIDTRL} OIDTRL: Copied 0 rows.
2026-04-23 13:29:27,117 +0000Z  INFO  {OIDTRS} OIDTRS: Copied 0 rows.
2026-04-23 13:29:27,121 +0000Z  INFO  {OIIRPT} OIIRPT: Copied 0 rows.
2026-04-23 13:29:27,124 +0000Z  INFO  {OINVIP} Copy OINVIP
2026-04-23 13:29:27,129 +0000Z  INFO  {OINVLL} Copy OINVLL
2026-04-23 13:29:27,132 +0000Z  INFO  {OINVIP} OINVIP: Copied 0 rows.
2026-04-23 13:29:27,133 +0000Z  INFO  {OINVSJ} Copy OINVSJ
2026-04-23 13:29:27,136 +0000Z  INFO  {OINVLL} OINVLL: Copied 0 rows.
2026-04-23 13:29:27,138 +0000Z  INFO  {OINVTX} Copy OINVTX
2026-04-23 13:29:27,142 +0000Z  INFO  {OINVSJ} OINVSJ: Copied 0 rows.
2026-04-23 13:29:27,142 +0000Z  INFO  {OIPROD} Copy OIPROD
2026-04-23 13:29:27,146 +0000Z  INFO  {OINVTX} OINVTX: Copied 0 rows.
2026-04-23 13:29:27,147 +0000Z  INFO  {OIPROI} Copy OIPROI
2026-04-23 13:29:27,152 +0000Z  INFO  {OIPRTD} Copy OIPRTD
2026-04-23 13:29:27,152 +0000Z  INFO  {OIPROD} OIPROD: Copied 0 rows.
2026-04-23 13:29:27,157 +0000Z  INFO  {OIPROI} OIPROI: Copied 0 rows.
2026-04-23 13:29:27,157 +0000Z  INFO  {OISIPP} Copy OISIPP
2026-04-23 13:29:27,161 +0000Z  INFO  {OIPRTD} OIPRTD: Copied 0 rows.
2026-04-23 13:29:27,165 +0000Z  INFO  {OISIPP} OISIPP: Copied 0 rows.
2026-04-23 13:29:27,166 +0000Z  INFO  {OITTAB} Copy OITTAB
2026-04-23 13:29:27,171 +0000Z  INFO  {OIVCLA} Copy OIVCLA
2026-04-23 13:29:27,173 +0000Z  INFO  {OITTAB} OITTAB: Copied 0 rows.
2026-04-23 13:29:27,175 +0000Z  INFO  {OKITDI} Copy OKITDI
2026-04-23 13:29:27,178 +0000Z  INFO  {OIVCLA} OIVCLA: Copied 0 rows.
2026-04-23 13:29:27,180 +0000Z  INFO  {OKITXP} Copy OKITXP
2026-04-23 13:29:27,184 +0000Z  INFO  {OLICHK} Copy OLICHK
2026-04-23 13:29:27,185 +0000Z  INFO  {OKITDI} OKITDI: Copied 0 rows.
2026-04-23 13:29:27,187 +0000Z  INFO  {OKITXP} OKITXP: Copied 0 rows.
2026-04-23 13:29:27,188 +0000Z  INFO  {OLICHL} Copy OLICHL
2026-04-23 13:29:27,192 +0000Z  INFO  {OLICHK} OLICHK: Copied 0 rows.
2026-04-23 13:29:27,192 +0000Z  INFO  {OLICHM} Copy OLICHM
2026-04-23 13:29:27,197 +0000Z  INFO  {OLICHR} Copy OLICHR
2026-04-23 13:29:27,198 +0000Z  INFO  {OLICHL} OLICHL: Copied 0 rows.
2026-04-23 13:29:27,202 +0000Z  INFO  {OOACKH} Copy OOACKH
2026-04-23 13:29:27,202 +0000Z  INFO  {OLICHM} OLICHM: Copied 0 rows.
2026-04-23 13:29:27,206 +0000Z  INFO  {OLICHR} OLICHR: Copied 0 rows.
2026-04-23 13:29:27,206 +0000Z  INFO  {OOACKL} Copy OOACKL
2026-04-23 13:29:27,209 +0000Z  INFO  {OOACKH} OOACKH: Copied 0 rows.
2026-04-23 13:29:27,210 +0000Z  INFO  {OOAHED} Copy OOAHED
2026-04-23 13:29:27,214 +0000Z  INFO  {OOALIN} Copy OOALIN
2026-04-23 13:29:27,219 +0000Z  INFO  {OOAHED} OOAHED: Copied 0 rows.
2026-04-23 13:29:27,219 +0000Z  INFO  {OOAPMT} Copy OOAPMT
2026-04-23 13:29:27,222 +0000Z  INFO  {OOACKL} OOACKL: Copied 0 rows.
2026-04-23 13:29:27,224 +0000Z  INFO  {OOALIN} OOALIN: Copied 0 rows.
2026-04-23 13:29:27,225 +0000Z  INFO  {OOAPRO} Copy OOAPRO
2026-04-23 13:29:27,228 +0000Z  INFO  {OOAPMT} OOAPMT: Copied 0 rows.
2026-04-23 13:29:27,230 +0000Z  INFO  {OOARBO} Copy OOARBO
2026-04-23 13:29:27,234 +0000Z  INFO  {OOARCO} Copy OOARCO
2026-04-23 13:29:27,234 +0000Z  INFO  {OOAPRO} OOAPRO: Copied 0 rows.
2026-04-23 13:29:27,238 +0000Z  INFO  {OOARBO} OOARBO: Copied 0 rows.
2026-04-23 13:29:27,239 +0000Z  INFO  {OOARDO} Copy OOARDO
2026-04-23 13:29:27,242 +0000Z  INFO  {OOARCO} OOARCO: Copied 0 rows.
2026-04-23 13:29:27,243 +0000Z  INFO  {OOARIV} Copy OOARIV
2026-04-23 13:29:27,246 +0000Z  INFO  {OOARDO} OOARDO: Copied 0 rows.
2026-04-23 13:29:27,247 +0000Z  INFO  {OOARPA} Copy OOARPA
2026-04-23 13:29:27,252 +0000Z  INFO  {OOASPR} Copy OOASPR
2026-04-23 13:29:27,256 +0000Z  INFO  {OOARIV} OOARIV: Copied 0 rows.
2026-04-23 13:29:27,260 +0000Z  INFO  {OOC345} Copy OOC345
2026-04-23 13:29:27,260 +0000Z  INFO  {OOASPR} OOASPR: Copied 0 rows.
2026-04-23 13:29:27,264 +0000Z  INFO  {OOARPA} OOARPA: Copied 0 rows.
2026-04-23 13:29:27,264 +0000Z  INFO  {OOCCFI} Copy OOCCFI
2026-04-23 13:29:27,268 +0000Z  INFO  {OOCOLI} Copy OOCOLI
2026-04-23 13:29:27,269 +0000Z  INFO  {OOC345} OOC345: Copied 0 rows.
2026-04-23 13:29:27,271 +0000Z  INFO  {OOCCFI} OOCCFI: Copied 0 rows.
2026-04-23 13:29:27,273 +0000Z  INFO  {OODISH} Copy OODISH
2026-04-23 13:29:27,276 +0000Z  INFO  {OOCOLI} OOCOLI: Copied 0 rows.
2026-04-23 13:29:27,277 +0000Z  INFO  {OODTBU} Copy OODTBU
2026-04-23 13:29:27,280 +0000Z  INFO  {OODISH} OODISH: Copied 0 rows.
2026-04-23 13:29:27,282 +0000Z  INFO  {OOEIGM} Copy OOEIGM
2026-04-23 13:29:27,286 +0000Z  INFO  {OODTBU} OODTBU: Copied 0 rows.
2026-04-23 13:29:27,287 +0000Z  INFO  {OOFPRD} Copy OOFPRD
2026-04-23 13:29:27,289 +0000Z  INFO  {OOEIGM} OOEIGM: Copied 0 rows.
2026-04-23 13:29:27,291 +0000Z  INFO  {OOHDCG} Copy OOHDCG
2026-04-23 13:29:27,295 +0000Z  INFO  {OOFPRD} OOFPRD: Copied 0 rows.
2026-04-23 13:29:27,299 +0000Z  INFO  {OOHDCG} OOHDCG: Copied 0 rows.
2026-04-23 13:29:27,301 +0000Z  INFO  {OOI193} Copy OOI193
2026-04-23 13:29:27,306 +0000Z  INFO  {OOI199} Copy OOI199
2026-04-23 13:29:27,309 +0000Z  INFO  {OOI193} OOI193: Copied 0 rows.
2026-04-23 13:29:27,311 +0000Z  INFO  {OOI19A} Copy OOI19A
2026-04-23 13:29:27,313 +0000Z  INFO  {OOI199} OOI199: Copied 0 rows.
2026-04-23 13:29:27,315 +0000Z  INFO  {OOI204} Copy OOI204
2026-04-23 13:29:27,319 +0000Z  INFO  {OOI19A} OOI19A: Copied 0 rows.
2026-04-23 13:29:27,323 +0000Z  INFO  {OOI204} OOI204: Copied 0 rows.
2026-04-23 13:29:27,326 +0000Z  INFO  {OOI228} Copy OOI228
2026-04-23 13:29:27,330 +0000Z  INFO  {OOI280} Copy OOI280
2026-04-23 13:29:27,335 +0000Z  INFO  {OOI228} OOI228: Copied 0 rows.
2026-04-23 13:29:27,338 +0000Z  INFO  {OOI280} OOI280: Copied 0 rows.
2026-04-23 13:29:27,354 +0000Z  INFO  {OOI307} Copy OOI307
2026-04-23 13:29:27,362 +0000Z  INFO  {OOI307} OOI307: Copied 0 rows.
2026-04-23 13:29:27,415 +0000Z  INFO  {OOI315} Copy OOI315
2026-04-23 13:29:27,424 +0000Z  INFO  {OOI320} Copy OOI320
2026-04-23 13:29:27,429 +0000Z  INFO  {OOI325} Copy OOI325
2026-04-23 13:29:27,433 +0000Z  INFO  {OOI337} Copy OOI337
2026-04-23 13:29:27,438 +0000Z  INFO  {OOI340} Copy OOI340
2026-04-23 13:29:27,441 +0000Z  INFO  {OOI320} OOI320: Copied 0 rows.
2026-04-23 13:29:27,442 +0000Z  INFO  {OOI345} Copy OOI345
2026-04-23 13:29:27,446 +0000Z  INFO  {OOI325} OOI325: Copied 0 rows.
2026-04-23 13:29:27,447 +0000Z  INFO  {OOI337} OOI337: Copied 0 rows.
2026-04-23 13:29:27,450 +0000Z  INFO  {OOI380} Copy OOI380
2026-04-23 13:29:27,451 +0000Z  INFO  {OOI340} OOI340: Copied 0 rows.
2026-04-23 13:29:27,453 +0000Z  INFO  {OOI345} OOI345: Copied 0 rows.
2026-04-23 13:29:27,460 +0000Z  INFO  {OOI380} OOI380: Copied 0 rows.
2026-04-23 13:29:27,463 +0000Z  INFO  {OOI607} Copy OOI607
2026-04-23 13:29:27,467 +0000Z  INFO  {OOI608} Copy OOI608
2026-04-23 13:29:27,471 +0000Z  INFO  {OOI607} OOI607: Copied 0 rows.
2026-04-23 13:29:27,472 +0000Z  INFO  {OOI623} Copy OOI623
2026-04-23 13:29:27,476 +0000Z  INFO  {OOI642} Copy OOI642
2026-04-23 13:29:27,481 +0000Z  INFO  {OOI623} OOI623: Copied 0 rows.
2026-04-23 13:29:27,482 +0000Z  INFO  {OOI608} OOI608: Copied 0 rows.
2026-04-23 13:29:27,482 +0000Z  INFO  {OOI643} Copy OOI643
2026-04-23 13:29:27,484 +0000Z  INFO  {OOI642} OOI642: Copied 0 rows.
2026-04-23 13:29:27,485 +0000Z  INFO  {OOI315} OOI315: Copied 0 rows.
2026-04-23 13:29:27,488 +0000Z  INFO  {OOI64A} Copy OOI64A
2026-04-23 13:29:27,490 +0000Z  INFO  {OOI643} OOI643: Copied 0 rows.
2026-04-23 13:29:27,492 +0000Z  INFO  {OOI869} Copy OOI869
2026-04-23 13:29:27,498 +0000Z  INFO  {OOI950} Copy OOI950
2026-04-23 13:29:27,498 +0000Z  INFO  {OOI64A} OOI64A: Copied 0 rows.
2026-04-23 13:29:27,499 +0000Z  INFO  {OOI869} OOI869: Copied 0 rows.
2026-04-23 13:29:27,502 +0000Z  INFO  {OOI960} Copy OOI960
2026-04-23 13:29:27,506 +0000Z  INFO  {OOI950} OOI950: Copied 0 rows.
2026-04-23 13:29:27,507 +0000Z  INFO  {OOIAGR} Copy OOIAGR
2026-04-23 13:29:27,510 +0000Z  INFO  {OOI960} OOI960: Copied 0 rows.
2026-04-23 13:29:27,512 +0000Z  INFO  {OOIPOL} Copy OOIPOL
2026-04-23 13:29:27,513 +0000Z  INFO  {OOIAGR} OOIAGR: Copied 0 rows.
2026-04-23 13:29:27,518 +0000Z  INFO  {OOIPOS} Copy OOIPOS
2026-04-23 13:29:27,520 +0000Z  INFO  {OOIPOL} OOIPOL: Copied 0 rows.
2026-04-23 13:29:27,522 +0000Z  INFO  {OOIVAT} Copy OOIVAT
2026-04-23 13:29:27,528 +0000Z  INFO  {OOIPOS} OOIPOS: Copied 0 rows.
2026-04-23 13:29:27,528 +0000Z  INFO  {OOLICH} Copy OOLICH
2026-04-23 13:29:27,533 +0000Z  INFO  {OOIVAT} OOIVAT: Copied 0 rows.
2026-04-23 13:29:27,533 +0000Z  INFO  {OOLICT} Copy OOLICT
2026-04-23 13:29:27,538 +0000Z  INFO  {OOLIPI} Copy OOLIPI
2026-04-23 13:29:27,539 +0000Z  INFO  {OOLICH} OOLICH: Copied 0 rows.
2026-04-23 13:29:27,541 +0000Z  INFO  {OOLICT} OOLICT: Copied 0 rows.
2026-04-23 13:29:27,543 +0000Z  INFO  {OOLIUD} Copy OOLIUD
2026-04-23 13:29:27,547 +0000Z  INFO  {OOPAYD} Copy OOPAYD
2026-04-23 13:29:27,548 +0000Z  INFO  {OOLIPI} OOLIPI: Copied 0 rows.
2026-04-23 13:29:27,550 +0000Z  INFO  {OOLIUD} OOLIUD: Copied 0 rows.
2026-04-23 13:29:27,552 +0000Z  INFO  {OOPAYH} Copy OOPAYH
2026-04-23 13:29:27,556 +0000Z  INFO  {OOPAYD} OOPAYD: Copied 0 rows.
2026-04-23 13:29:27,557 +0000Z  INFO  {OOPAYL} Copy OOPAYL
2026-04-23 13:29:27,560 +0000Z  INFO  {OOPAYH} OOPAYH: Copied 0 rows.
2026-04-23 13:29:27,561 +0000Z  INFO  {OOPAYP} Copy OOPAYP
2026-04-23 13:29:27,566 +0000Z  INFO  {OOPAYT} Copy OOPAYT
2026-04-23 13:29:27,567 +0000Z  INFO  {OOPAYL} OOPAYL: Copied 0 rows.
2026-04-23 13:29:27,568 +0000Z  INFO  {OOPAYP} OOPAYP: Copied 0 rows.
2026-04-23 13:29:27,570 +0000Z  INFO  {OOPDCH} Copy OOPDCH
2026-04-23 13:29:27,573 +0000Z  INFO  {OOPAYT} OOPAYT: Copied 0 rows.
2026-04-23 13:29:27,575 +0000Z  INFO  {OOPGMH} Copy OOPGMH
2026-04-23 13:29:27,578 +0000Z  INFO  {OOPDCH} OOPDCH: Copied 0 rows.
2026-04-23 13:29:27,579 +0000Z  INFO  {OOPGML} Copy OOPGML
2026-04-23 13:29:27,582 +0000Z  INFO  {OOPGMH} OOPGMH: Copied 0 rows.
2026-04-23 13:29:27,584 +0000Z  INFO  {OOPGRP} Copy OOPGRP
2026-04-23 13:29:27,586 +0000Z  INFO  {OOPGML} OOPGML: Copied 0 rows.
2026-04-23 13:29:27,589 +0000Z  INFO  {OOPINH} Copy OOPINH
2026-04-23 13:29:27,591 +0000Z  INFO  {OOPGRP} OOPGRP: Copied 0 rows.
2026-04-23 13:29:27,595 +0000Z  INFO  {OOPINV} Copy OOPINV
2026-04-23 13:29:27,599 +0000Z  INFO  {OOPINH} OOPINH: Copied 0 rows.
2026-04-23 13:29:27,600 +0000Z  INFO  {OOPRED} Copy OOPRED
2026-04-23 13:29:27,604 +0000Z  INFO  {OOPINV} OOPINV: Copied 0 rows.
2026-04-23 13:29:27,608 +0000Z  INFO  {OOPRED} OOPRED: Copied 0 rows.
2026-04-23 13:29:27,609 +0000Z  INFO  {OORSOR} Copy OORSOR
2026-04-23 13:29:27,614 +0000Z  INFO  {OOS271} Copy OOS271
2026-04-23 13:29:27,616 +0000Z  INFO  {OORSOR} OORSOR: Copied 0 rows.
2026-04-23 13:29:27,621 +0000Z  INFO  {OOS271} OOS271: Copied 0 rows.
2026-04-23 13:29:27,622 +0000Z  INFO  {OOS654} Copy OOS654
2026-04-23 13:29:27,627 +0000Z  INFO  {OOS900} Copy OOS900
2026-04-23 13:29:27,630 +0000Z  INFO  {OOS654} OOS654: Copied 0 rows.
2026-04-23 13:29:27,631 +0000Z  INFO  {OOS931} Copy OOS931
2026-04-23 13:29:27,635 +0000Z  INFO  {OOS900} OOS900: Copied 0 rows.
2026-04-23 13:29:27,637 +0000Z  INFO  {OOS980} Copy OOS980
2026-04-23 13:29:27,639 +0000Z  INFO  {OOS931} OOS931: Copied 0 rows.
2026-04-23 13:29:27,642 +0000Z  INFO  {OOSAEQ} Copy OOSAEQ
2026-04-23 13:29:27,649 +0000Z  INFO  {OOSPLT} Copy OOSPLT
2026-04-23 13:29:27,653 +0000Z  INFO  {OOS980} OOS980: Copied 0 rows.
2026-04-23 13:29:27,653 +0000Z  INFO  {OOSPSE} Copy OOSPSE
2026-04-23 13:29:27,656 +0000Z  INFO  {OOSPLT} OOSPLT: Copied 0 rows.
2026-04-23 13:29:27,658 +0000Z  INFO  {OOTYCH} Copy OOTYCH
2026-04-23 13:29:27,660 +0000Z  INFO  {OOSPSE} OOSPSE: Copied 0 rows.
2026-04-23 13:29:27,661 +0000Z  INFO  {OOSAEQ} OOSAEQ: Copied 0 rows.
2026-04-23 13:29:27,662 +0000Z  INFO  {OOTYPG} Copy OOTYPG
2026-04-23 13:29:27,665 +0000Z  INFO  {OOTYCH} OOTYCH: Copied 0 rows.
2026-04-23 13:29:27,667 +0000Z  INFO  {OPACLH} Copy OPACLH
2026-04-23 13:29:27,669 +0000Z  INFO  {OOTYPG} OOTYPG: Copied 0 rows.
2026-04-23 13:29:27,671 +0000Z  INFO  {OPACLL} Copy OPACLL
2026-04-23 13:29:27,675 +0000Z  INFO  {OPACLH} OPACLH: Copied 0 rows.
2026-04-23 13:29:27,676 +0000Z  INFO  {OPARFI} Copy OPARFI
2026-04-23 13:29:27,679 +0000Z  INFO  {OPACLL} OPACLL: Copied 0 rows.
2026-04-23 13:29:27,681 +0000Z  INFO  {OPARST} Copy OPARST
2026-04-23 13:29:27,685 +0000Z  INFO  {OPARFI} OPARFI: Copied 0 rows.
2026-04-23 13:29:27,686 +0000Z  INFO  {OPARTI} Copy OPARTI
2026-04-23 13:29:27,691 +0000Z  INFO  {OPAYML} Copy OPAYML
2026-04-23 13:29:27,692 +0000Z  INFO  {OPARST} OPARST: Copied 0 rows.
2026-04-23 13:29:27,693 +0000Z  INFO  {OPARTI} OPARTI: Copied 0 rows.
2026-04-23 13:29:27,696 +0000Z  INFO  {OPAYMR} Copy OPAYMR
2026-04-23 13:29:27,699 +0000Z  INFO  {OPAYML} OPAYML: Copied 0 rows.
2026-04-23 13:29:27,701 +0000Z  INFO  {OPAYMT} Copy OPAYMT
2026-04-23 13:29:27,704 +0000Z  INFO  {OPAYMR} OPAYMR: Copied 0 rows.
2026-04-23 13:29:27,705 +0000Z  INFO  {OPCARD} Copy OPCARD
2026-04-23 13:29:27,709 +0000Z  INFO  {OPAYMT} OPAYMT: Copied 0 rows.
2026-04-23 13:29:27,710 +0000Z  INFO  {OPEXTI} Copy OPEXTI
2026-04-23 13:29:27,713 +0000Z  INFO  {OPCARD} OPCARD: Copied 0 rows.
2026-04-23 13:29:27,714 +0000Z  INFO  {OPINVH} Copy OPINVH
2026-04-23 13:29:27,718 +0000Z  INFO  {OPEXTI} OPEXTI: Copied 0 rows.
2026-04-23 13:29:27,719 +0000Z  INFO  {OPINVL} Copy OPINVL
2026-04-23 13:29:27,721 +0000Z  INFO  {OPINVH} OPINVH: Copied 0 rows.
2026-04-23 13:29:27,723 +0000Z  INFO  {OPLABL} Copy OPLABL
2026-04-23 13:29:27,726 +0000Z  INFO  {OPINVL} OPINVL: Copied 0 rows.
2026-04-23 13:29:27,728 +0000Z  INFO  {OPLAMA} Copy OPLAMA
2026-04-23 13:29:27,730 +0000Z  INFO  {OPLABL} OPLABL: Copied 0 rows.
2026-04-23 13:29:27,732 +0000Z  INFO  {OPMMHD} Copy OPMMHD
2026-04-23 13:29:27,735 +0000Z  INFO  {OPLAMA} OPLAMA: Copied 0 rows.
2026-04-23 13:29:27,737 +0000Z  INFO  {OPMMLN} Copy OPMMLN
2026-04-23 13:29:27,739 +0000Z  INFO  {OPMMHD} OPMMHD: Copied 0 rows.
2026-04-23 13:29:27,743 +0000Z  INFO  {OPOSTR} Copy OPOSTR
2026-04-23 13:29:27,744 +0000Z  INFO  {OPMMLN} OPMMLN: Copied 0 rows.
2026-04-23 13:29:27,747 +0000Z  INFO  {OPOTAB} Copy OPOTAB
2026-04-23 13:29:27,752 +0000Z  INFO  {OPRCLI} Copy OPRCLI
2026-04-23 13:29:27,752 +0000Z  INFO  {OPOSTR} OPOSTR: Copied 0 rows.
2026-04-23 13:29:27,754 +0000Z  INFO  {OPOTAB} OPOTAB: Copied 0 rows.
2026-04-23 13:29:27,758 +0000Z  INFO  {OPRCLN} Copy OPRCLN
2026-04-23 13:29:27,761 +0000Z  INFO  {OPRCLI} OPRCLI: Copied 0 rows.
2026-04-23 13:29:27,762 +0000Z  INFO  {OPRCLR} Copy OPRCLR
2026-04-23 13:29:27,765 +0000Z  INFO  {OPRCLN} OPRCLN: Copied 0 rows.
2026-04-23 13:29:27,767 +0000Z  INFO  {OPREXL} Copy OPREXL
2026-04-23 13:29:27,770 +0000Z  INFO  {OPRCLR} OPRCLR: Copied 0 rows.
2026-04-23 13:29:27,771 +0000Z  INFO  {OPRKVS} Copy OPRKVS
2026-04-23 13:29:27,775 +0000Z  INFO  {OPREXL} OPREXL: Copied 0 rows.
2026-04-23 13:29:27,776 +0000Z  INFO  {OPROMW} Copy OPROMW
2026-04-23 13:29:27,779 +0000Z  INFO  {OPRKVS} OPRKVS: Copied 0 rows.
2026-04-23 13:29:27,780 +0000Z  INFO  {OPRPLN} Copy OPRPLN
2026-04-23 13:29:27,783 +0000Z  INFO  {OPROMW} OPROMW: Copied 0 rows.
2026-04-23 13:29:27,784 +0000Z  INFO  {OPRSEL} Copy OPRSEL
2026-04-23 13:29:27,787 +0000Z  INFO  {OPRPLN} OPRPLN: Copied 0 rows.
2026-04-23 13:29:27,792 +0000Z  INFO  {OPRSEL} OPRSEL: Copied 0 rows.
2026-04-23 13:29:27,795 +0000Z  INFO  {OPSALE} Copy OPSALE
2026-04-23 13:29:27,799 +0000Z  INFO  {OPSCUS} Copy OPSCUS
2026-04-23 13:29:27,804 +0000Z  INFO  {OPSDMO} Copy OPSDMO
2026-04-23 13:29:27,806 +0000Z  INFO  {OPSCUS} OPSCUS: Copied 0 rows.
2026-04-23 13:29:27,808 +0000Z  INFO  {OPSFAC} Copy OPSFAC
2026-04-23 13:29:27,810 +0000Z  INFO  {OPSDMO} OPSDMO: Copied 0 rows.
2026-04-23 13:29:27,812 +0000Z  INFO  {OPSALE} OPSALE: Copied 0 rows.
2026-04-23 13:29:27,812 +0000Z  INFO  {OPSITY} Copy OPSITY
2026-04-23 13:29:27,815 +0000Z  INFO  {OPSFAC} OPSFAC: Copied 0 rows.
2026-04-23 13:29:27,817 +0000Z  INFO  {OPSPTY} Copy OPSPTY
2026-04-23 13:29:27,819 +0000Z  INFO  {OPSITY} OPSITY: Copied 0 rows.
2026-04-23 13:29:27,823 +0000Z  INFO  {OPSPTY} OPSPTY: Copied 0 rows.
2026-04-23 13:29:27,824 +0000Z  INFO  {OPSTAT} Copy OPSTAT
2026-04-23 13:29:27,828 +0000Z  INFO  {OPSTED} Copy OPSTED
2026-04-23 13:29:27,832 +0000Z  INFO  {OPTMFI} Copy OPTMFI
2026-04-23 13:29:27,834 +0000Z  INFO  {OPSTAT} OPSTAT: Copied 0 rows.
2026-04-23 13:29:27,835 +0000Z  INFO  {OPSTED} OPSTED: Copied 0 rows.
2026-04-23 13:29:27,837 +0000Z  INFO  {OPTMML} Copy OPTMML
2026-04-23 13:29:27,840 +0000Z  INFO  {OPTMFI} OPTMFI: Copied 0 rows.
2026-04-23 13:29:27,842 +0000Z  INFO  {OPTRFI} Copy OPTRFI
2026-04-23 13:29:27,844 +0000Z  INFO  {OPTMML} OPTMML: Copied 0 rows.
2026-04-23 13:29:27,846 +0000Z  INFO  {OPTRML} Copy OPTRML
2026-04-23 13:29:27,849 +0000Z  INFO  {OPTRFI} OPTRFI: Copied 0 rows.
2026-04-23 13:29:27,851 +0000Z  INFO  {OPVCHD} Copy OPVCHD
2026-04-23 13:29:27,853 +0000Z  INFO  {OPTRML} OPTRML: Copied 0 rows.
2026-04-23 13:29:27,855 +0000Z  INFO  {OPVCLN} Copy OPVCLN
2026-04-23 13:29:27,858 +0000Z  INFO  {OPVCHD} OPVCHD: Copied 0 rows.
2026-04-23 13:29:27,861 +0000Z  INFO  {OPWFIN} Copy OPWFIN
2026-04-23 13:29:27,864 +0000Z  INFO  {OPVCLN} OPVCLN: Copied 0 rows.
2026-04-23 13:29:27,865 +0000Z  INFO  {ORAADR} Copy ORAADR
2026-04-23 13:29:27,869 +0000Z  INFO  {ORACUM} Copy ORACUM
2026-04-23 13:29:27,870 +0000Z  INFO  {OPWFIN} OPWFIN: Copied 0 rows.
2026-04-23 13:29:27,872 +0000Z  INFO  {ORAADR} ORAADR: Copied 0 rows.
2026-04-23 13:29:27,875 +0000Z  INFO  {ORADNR} Copy ORADNR
2026-04-23 13:29:27,877 +0000Z  INFO  {ORACUM} ORACUM: Copied 0 rows.
2026-04-23 13:29:27,881 +0000Z  INFO  {ORAHED} Copy ORAHED
2026-04-23 13:29:27,886 +0000Z  INFO  {ORADNR} ORADNR: Copied 0 rows.
2026-04-23 13:29:27,887 +0000Z  INFO  {ORAINS} Copy ORAINS
2026-04-23 13:29:27,891 +0000Z  INFO  {ORAHED} ORAHED: Copied 0 rows.
2026-04-23 13:29:27,896 +0000Z  INFO  {ORAINS} ORAINS: Copied 0 rows.
2026-04-23 13:29:27,899 +0000Z  INFO  {ORAITM} Copy ORAITM
2026-04-23 13:29:27,904 +0000Z  INFO  {ORARCS} Copy ORARCS
2026-04-23 13:29:27,908 +0000Z  INFO  {ORDELD} Copy ORDELD
2026-04-23 13:29:27,911 +0000Z  INFO  {ORARCS} ORARCS: Copied 0 rows.
2026-04-23 13:29:27,912 +0000Z  INFO  {ORDRSP} Copy ORDRSP
2026-04-23 13:29:27,915 +0000Z  INFO  {ORAITM} ORAITM: Copied 0 rows.
2026-04-23 13:29:27,915 +0000Z  INFO  {ORDELD} ORDELD: Copied 0 rows.
2026-04-23 13:29:27,917 +0000Z  INFO  {OREPAD} Copy OREPAD
2026-04-23 13:29:27,920 +0000Z  INFO  {ORDRSP} ORDRSP: Copied 0 rows.
2026-04-23 13:29:27,921 +0000Z  INFO  {ORJDCD} Copy ORJDCD
2026-04-23 13:29:27,924 +0000Z  INFO  {OREPAD} OREPAD: Copied 0 rows.
2026-04-23 13:29:27,926 +0000Z  INFO  {ORSADR} Copy ORSADR
2026-04-23 13:29:27,928 +0000Z  INFO  {ORJDCD} ORJDCD: Copied 0 rows.
2026-04-23 13:29:27,933 +0000Z  INFO  {ORSADR} ORSADR: Copied 0 rows.
2026-04-23 13:29:27,934 +0000Z  INFO  {ORSCCO} Copy ORSCCO
2026-04-23 13:29:27,939 +0000Z  INFO  {ORSCCQ} Copy ORSCCQ
2026-04-23 13:29:27,944 +0000Z  INFO  {ORSCIA} Copy ORSCIA
2026-04-23 13:29:27,947 +0000Z  INFO  {ORSCCQ} ORSCCQ: Copied 0 rows.
2026-04-23 13:29:27,948 +0000Z  INFO  {ORSCCO} ORSCCO: Copied 0 rows.
2026-04-23 13:29:27,948 +0000Z  INFO  {ORSCRA} Copy ORSCRA
2026-04-23 13:29:27,952 +0000Z  INFO  {ORSCIA} ORSCIA: Copied 0 rows.
2026-04-23 13:29:27,953 +0000Z  INFO  {ORSCUM} Copy ORSCUM
2026-04-23 13:29:27,956 +0000Z  INFO  {ORSCRA} ORSCRA: Copied 0 rows.
2026-04-23 13:29:27,958 +0000Z  INFO  {ORSDMO} Copy ORSDMO
2026-04-23 13:29:27,960 +0000Z  INFO  {ORSCUM} ORSCUM: Copied 0 rows.
2026-04-23 13:29:27,962 +0000Z  INFO  {ORSDMP} Copy ORSDMP
2026-04-23 13:29:27,966 +0000Z  INFO  {ORSDMO} ORSDMO: Copied 0 rows.
2026-04-23 13:29:27,967 +0000Z  INFO  {ORSDNR} Copy ORSDNR
2026-04-23 13:29:27,971 +0000Z  INFO  {ORSDOC} Copy ORSDOC
2026-04-23 13:29:27,972 +0000Z  INFO  {ORSDMP} ORSDMP: Copied 0 rows.
2026-04-23 13:29:27,976 +0000Z  INFO  {ORSDNR} ORSDNR: Copied 0 rows.
2026-04-23 13:29:27,977 +0000Z  INFO  {ORSFAC} Copy ORSFAC
2026-04-23 13:29:27,979 +0000Z  INFO  {ORSDOC} ORSDOC: Copied 0 rows.
2026-04-23 13:29:27,981 +0000Z  INFO  {ORSFSD} Copy ORSFSD
2026-04-23 13:29:27,985 +0000Z  INFO  {ORSFAC} ORSFAC: Copied 0 rows.
2026-04-23 13:29:27,988 +0000Z  INFO  {ORSHED} Copy ORSHED
2026-04-23 13:29:27,993 +0000Z  INFO  {ORSFSD} ORSFSD: Copied 0 rows.
2026-04-23 13:29:27,994 +0000Z  INFO  {ORSINS} Copy ORSINS
2026-04-23 13:29:27,998 +0000Z  INFO  {ORSHED} ORSHED: Copied 0 rows.
2026-04-23 13:29:28,004 +0000Z  INFO  {ORSINS} ORSINS: Copied 0 rows.
2026-04-23 13:29:28,005 +0000Z  INFO  {ORSITM} Copy ORSITM
2026-04-23 13:29:28,010 +0000Z  INFO  {ORSJIT} Copy ORSJIT
2026-04-23 13:29:28,016 +0000Z  INFO  {ORSNET} Copy ORSNET
2026-04-23 13:29:28,019 +0000Z  INFO  {ORSJIT} ORSJIT: Copied 0 rows.
2026-04-23 13:29:28,021 +0000Z  INFO  {ORSITM} ORSITM: Copied 0 rows.
2026-04-23 13:29:28,025 +0000Z  INFO  {ORSNTN} Copy ORSNTN
2026-04-23 13:29:28,031 +0000Z  INFO  {ORSORD} Copy ORSORD
2026-04-23 13:29:28,033 +0000Z  INFO  {ORSNET} ORSNET: Copied 0 rows.
2026-04-23 13:29:28,036 +0000Z  INFO  {ORSPAC} Copy ORSPAC
2026-04-23 13:29:28,038 +0000Z  INFO  {ORSNTN} ORSNTN: Copied 0 rows.
2026-04-23 13:29:28,040 +0000Z  INFO  {ORSORD} ORSORD: Copied 0 rows.
2026-04-23 13:29:28,044 +0000Z  INFO  {ORSPAC} ORSPAC: Copied 0 rows.
2026-04-23 13:29:28,060 +0000Z  INFO  {ORSPCO} Copy ORSPCO
2026-04-23 13:29:28,064 +0000Z  INFO  {ORSPPD} Copy ORSPPD
2026-04-23 13:29:28,069 +0000Z  INFO  {ORSPPM} Copy ORSPPM
2026-04-23 13:29:28,071 +0000Z  INFO  {ORSPPD} ORSPPD: Copied 0 rows.
2026-04-23 13:29:28,076 +0000Z  INFO  {ORSPPM} ORSPPM: Copied 0 rows.
2026-04-23 13:29:28,077 +0000Z  INFO  {ORSPPT} Copy ORSPPT
2026-04-23 13:29:28,083 +0000Z  INFO  {ORSTRH} Copy ORSTRH
2026-04-23 13:29:28,087 +0000Z  INFO  {ORSTYP} Copy ORSTYP
2026-04-23 13:29:28,088 +0000Z  INFO  {ORSPCO} ORSPCO: Copied 0 rows.
2026-04-23 13:29:28,089 +0000Z  INFO  {ORSPPT} ORSPPT: Copied 0 rows.
2026-04-23 13:29:28,091 +0000Z  INFO  {ORWITM} Copy ORWITM
2026-04-23 13:29:28,091 +0000Z  INFO  {ORSTRH} ORSTRH: Copied 0 rows.
2026-04-23 13:29:28,094 +0000Z  INFO  {ORSTYP} ORSTYP: Copied 0 rows.
2026-04-23 13:29:28,095 +0000Z  INFO  {OSARBS} Copy OSARBS
2026-04-23 13:29:28,097 +0000Z  INFO  {ORWITM} ORWITM: Copied 0 rows.
2026-04-23 13:29:28,099 +0000Z  INFO  {OSARTD} Copy OSARTD
2026-04-23 13:29:28,102 +0000Z  INFO  {OSARBS} OSARBS: Copied 0 rows.
2026-04-23 13:29:28,104 +0000Z  INFO  {OSBDIS} Copy OSBDIS
2026-04-23 13:29:28,107 +0000Z  INFO  {OSARTD} OSARTD: Copied 0 rows.
2026-04-23 13:29:28,108 +0000Z  INFO  {OSBDKP} Copy OSBDKP
2026-04-23 13:29:28,111 +0000Z  INFO  {OSBDIS} OSBDIS: Copied 0 rows.
2026-04-23 13:29:28,113 +0000Z  INFO  {OSBDKY} Copy OSBDKY
2026-04-23 13:29:28,116 +0000Z  INFO  {OSBDKP} OSBDKP: Copied 0 rows.
2026-04-23 13:29:28,117 +0000Z  INFO  {OSELAI} Copy OSELAI
2026-04-23 13:29:28,120 +0000Z  INFO  {OSBDKY} OSBDKY: Copied 0 rows.
2026-04-23 13:29:28,122 +0000Z  INFO  {OSELPA} Copy OSELPA
2026-04-23 13:29:28,125 +0000Z  INFO  {OSELAI} OSELAI: Copied 0 rows.
2026-04-23 13:29:28,126 +0000Z  INFO  {OSELPG} Copy OSELPG
2026-04-23 13:29:28,129 +0000Z  INFO  {OSELPA} OSELPA: Copied 0 rows.
2026-04-23 13:29:28,132 +0000Z  INFO  {OSLOST} Copy OSLOST
2026-04-23 13:29:28,133 +0000Z  INFO  {OSELPG} OSELPG: Copied 0 rows.
2026-04-23 13:29:28,137 +0000Z  INFO  {OSLTDM} Copy OSLTDM
2026-04-23 13:29:28,140 +0000Z  INFO  {OSLOST} OSLOST: Copied 0 rows.
2026-04-23 13:29:28,141 +0000Z  INFO  {OSLTIR} Copy OSLTIR
2026-04-23 13:29:28,144 +0000Z  INFO  {OSLTDM} OSLTDM: Copied 0 rows.
2026-04-23 13:29:28,145 +0000Z  INFO  {OSLTPG} Copy OSLTPG
2026-04-23 13:29:28,148 +0000Z  INFO  {OSLTIR} OSLTIR: Copied 0 rows.
2026-04-23 13:29:28,150 +0000Z  INFO  {OSLTPT} Copy OSLTPT
2026-04-23 13:29:28,152 +0000Z  INFO  {OSLTPG} OSLTPG: Copied 0 rows.
2026-04-23 13:29:28,154 +0000Z  INFO  {OSRACC} Copy OSRACC
2026-04-23 13:29:28,157 +0000Z  INFO  {OSLTPT} OSLTPT: Copied 0 rows.
2026-04-23 13:29:28,159 +0000Z  INFO  {OSRASC} Copy OSRASC
2026-04-23 13:29:28,162 +0000Z  INFO  {OSRACC} OSRACC: Copied 0 rows.
2026-04-23 13:29:28,164 +0000Z  INFO  {OSRASH} Copy OSRASH
2026-04-23 13:29:28,166 +0000Z  INFO  {OSRASC} OSRASC: Copied 0 rows.
2026-04-23 13:29:28,169 +0000Z  INFO  {OSRASK} Copy OSRASK
2026-04-23 13:29:28,173 +0000Z  INFO  {OSRASH} OSRASH: Copied 0 rows.
2026-04-23 13:29:28,174 +0000Z  INFO  {OSRASL} Copy OSRASL
2026-04-23 13:29:28,176 +0000Z  INFO  {OSRASK} OSRASK: Copied 0 rows.
2026-04-23 13:29:28,179 +0000Z  INFO  {OSRAST} Copy OSRAST
2026-04-23 13:29:28,182 +0000Z  INFO  {OSRASL} OSRASL: Copied 0 rows.
2026-04-23 13:29:28,183 +0000Z  INFO  {OSRASV} Copy OSRASV
2026-04-23 13:29:28,186 +0000Z  INFO  {OSRAST} OSRAST: Copied 0 rows.
2026-04-23 13:29:28,188 +0000Z  INFO  {OSRESH} Copy OSRESH
2026-04-23 13:29:28,191 +0000Z  INFO  {OSRASV} OSRASV: Copied 0 rows.
2026-04-23 13:29:28,192 +0000Z  INFO  {OSRESL} Copy OSRESL
2026-04-23 13:29:28,195 +0000Z  INFO  {OSRESH} OSRESH: Copied 0 rows.
2026-04-23 13:29:28,196 +0000Z  INFO  {OSSCFO} Copy OSSCFO
2026-04-23 13:29:28,199 +0000Z  INFO  {OSRESL} OSRESL: Copied 0 rows.
2026-04-23 13:29:28,204 +0000Z  INFO  {OSSCFO} OSSCFO: Copied 0 rows.
2026-04-23 13:29:28,208 +0000Z  INFO  {OSSRES} Copy OSSRES
2026-04-23 13:29:28,215 +0000Z  INFO  {OSSRES} OSSRES: Copied 0 rows.
2026-04-23 13:29:28,225 +0000Z  INFO  {OSTORE} Copy OSTORE
2026-04-23 13:29:28,229 +0000Z  INFO  {OSTORW} Copy OSTORW
2026-04-23 13:29:28,233 +0000Z  INFO  {OTA105} Copy OTA105
2026-04-23 13:29:28,236 +0000Z  INFO  {OSTORW} OSTORW: Copied 0 rows.
2026-04-23 13:29:28,237 +0000Z  INFO  {OSTORE} OSTORE: Copied 0 rows.
2026-04-23 13:29:28,238 +0000Z  INFO  {OTA123} Copy OTA123
2026-04-23 13:29:28,241 +0000Z  INFO  {OTA105} OTA105: Copied 0 rows.
2026-04-23 13:29:28,243 +0000Z  INFO  {OTA131} Copy OTA131
2026-04-23 13:29:28,245 +0000Z  INFO  {OTA123} OTA123: Copied 0 rows.
2026-04-23 13:29:28,247 +0000Z  INFO  {OTA132} Copy OTA132
2026-04-23 13:29:28,250 +0000Z  INFO  {OTA131} OTA131: Copied 0 rows.
2026-04-23 13:29:28,252 +0000Z  INFO  {OTA133} Copy OTA133
2026-04-23 13:29:28,254 +0000Z  INFO  {OTA132} OTA132: Copied 0 rows.
2026-04-23 13:29:28,256 +0000Z  INFO  {OTA141} Copy OTA141
2026-04-23 13:29:28,259 +0000Z  INFO  {OTA133} OTA133: Copied 0 rows.
2026-04-23 13:29:28,262 +0000Z  INFO  {OTA510} Copy OTA510
2026-04-23 13:29:28,267 +0000Z  INFO  {OTA141} OTA141: Copied 0 rows.
2026-04-23 13:29:28,267 +0000Z  INFO  {OTA520} Copy OTA520
2026-04-23 13:29:28,270 +0000Z  INFO  {OTA510} OTA510: Copied 0 rows.
2026-04-23 13:29:28,271 +0000Z  INFO  {OTA525} Copy OTA525
2026-04-23 13:29:28,274 +0000Z  INFO  {OTA520} OTA520: Copied 0 rows.
2026-04-23 13:29:28,276 +0000Z  INFO  {OTA950} Copy OTA950
2026-04-23 13:29:28,280 +0000Z  INFO  {OTA525} OTA525: Copied 0 rows.
2026-04-23 13:29:28,283 +0000Z  INFO  {OTA950} OTA950: Copied 0 rows.
2026-04-23 13:29:28,289 +0000Z  INFO  {OTBSTD} Copy OTBSTD
2026-04-23 13:29:28,293 +0000Z  INFO  {OTHEAD} Copy OTHEAD
2026-04-23 13:29:28,298 +0000Z  INFO  {OTHEAX} Copy OTHEAX
2026-04-23 13:29:28,301 +0000Z  INFO  {OTHEAD} OTHEAD: Copied 0 rows.
2026-04-23 13:29:28,303 +0000Z  INFO  {OTHISD} Copy OTHISD
2026-04-23 13:29:28,305 +0000Z  INFO  {OTHEAX} OTHEAX: Copied 0 rows.
2026-04-23 13:29:28,306 +0000Z  INFO  {OTBSTD} OTBSTD: Copied 0 rows.
2026-04-23 13:29:28,307 +0000Z  INFO  {OTHISH} Copy OTHISH
2026-04-23 13:29:28,311 +0000Z  INFO  {OTHISD} OTHISD: Copied 0 rows.
2026-04-23 13:29:28,313 +0000Z  INFO  {OTICPY} Copy OTICPY
2026-04-23 13:29:28,316 +0000Z  INFO  {OTHISH} OTHISH: Copied 0 rows.
2026-04-23 13:29:28,317 +0000Z  INFO  {OTOPLP} Copy OTOPLP
2026-04-23 13:29:28,321 +0000Z  INFO  {OTICPY} OTICPY: Copied 0 rows.
2026-04-23 13:29:28,322 +0000Z  INFO  {OTSALD} Copy OTSALD
2026-04-23 13:29:28,324 +0000Z  INFO  {OTOPLP} OTOPLP: Copied 0 rows.
2026-04-23 13:29:28,327 +0000Z  INFO  {OTTRAN} Copy OTTRAN
2026-04-23 13:29:28,330 +0000Z  INFO  {OTSALD} OTSALD: Copied 0 rows.
2026-04-23 13:29:28,331 +0000Z  INFO  {OTWTMD} Copy OTWTMD
2026-04-23 13:29:28,335 +0000Z  INFO  {OTWTMH} Copy OTWTMH
2026-04-23 13:29:28,336 +0000Z  INFO  {OTTRAN} OTTRAN: Copied 0 rows.
2026-04-23 13:29:28,338 +0000Z  INFO  {OTWTMD} OTWTMD: Copied 0 rows.
2026-04-23 13:29:28,340 +0000Z  INFO  {OWRKSU} Copy OWRKSU
2026-04-23 13:29:28,343 +0000Z  INFO  {OTWTMH} OTWTMH: Copied 0 rows.
2026-04-23 13:29:28,344 +0000Z  INFO  {OXARTI} Copy OXARTI
2026-04-23 13:29:28,346 +0000Z  INFO  {OWRKSU} OWRKSU: Copied 0 rows.
2026-04-23 13:29:28,348 +0000Z  INFO  {OXBETR} Copy OXBETR
2026-04-23 13:29:28,351 +0000Z  INFO  {OXARTI} OXARTI: Copied 0 rows.
2026-04-23 13:29:28,353 +0000Z  INFO  {OXCHRG} Copy OXCHRG
2026-04-23 13:29:28,355 +0000Z  INFO  {OXBETR} OXBETR: Copied 0 rows.
2026-04-23 13:29:28,357 +0000Z  INFO  {OXCOLI} Copy OXCOLI
2026-04-23 13:29:28,361 +0000Z  INFO  {OXCHRG} OXCHRG: Copied 0 rows.
2026-04-23 13:29:28,362 +0000Z  INFO  {OXCOPY} Copy OXCOPY
2026-04-23 13:29:28,364 +0000Z  INFO  {OXCOLI} OXCOLI: Copied 0 rows.
2026-04-23 13:29:28,368 +0000Z  INFO  {OXGRHE} Copy OXGRHE
2026-04-23 13:29:28,369 +0000Z  INFO  {OXCOPY} OXCOPY: Copied 0 rows.
2026-04-23 13:29:28,374 +0000Z  INFO  {OXGRLN} Copy OXGRLN
2026-04-23 13:29:28,377 +0000Z  INFO  {OXGRHE} OXGRHE: Copied 0 rows.
2026-04-23 13:29:28,378 +0000Z  INFO  {OXGRPR} Copy OXGRPR
2026-04-23 13:29:28,382 +0000Z  INFO  {OXGRLN} OXGRLN: Copied 0 rows.
2026-04-23 13:29:28,383 +0000Z  INFO  {OXLICH} Copy OXLICH
2026-04-23 13:29:28,386 +0000Z  INFO  {OXGRPR} OXGRPR: Copied 0 rows.
2026-04-23 13:29:28,388 +0000Z  INFO  {OXQUOH} Copy OXQUOH
2026-04-23 13:29:28,391 +0000Z  INFO  {OXLICH} OXLICH: Copied 0 rows.
2026-04-23 13:29:28,392 +0000Z  INFO  {OXSAEQ} Copy OXSAEQ
2026-04-23 13:29:28,395 +0000Z  INFO  {OXQUOH} OXQUOH: Copied 0 rows.
2026-04-23 13:29:28,400 +0000Z  INFO  {OXSAEQ} OXSAEQ: Copied 0 rows.
2026-04-23 13:29:28,403 +0000Z  INFO  {OXSALE} Copy OXSALE
2026-04-23 13:29:28,408 +0000Z  INFO  {OXSCTR} Copy OXSCTR
2026-04-23 13:29:28,412 +0000Z  INFO  {OXSERR} Copy OXSERR
2026-04-23 13:29:28,415 +0000Z  INFO  {OXSCTR} OXSCTR: Copied 0 rows.
2026-04-23 13:29:28,416 +0000Z  INFO  {OXSMCD} Copy OXSMCD
2026-04-23 13:29:28,417 +0000Z  INFO  {OXSALE} OXSALE: Copied 0 rows.
2026-04-23 13:29:28,419 +0000Z  INFO  {OXSERR} OXSERR: Copied 0 rows.
2026-04-23 13:29:28,421 +0000Z  INFO  {OXTEMP} Copy OXTEMP
2026-04-23 13:29:28,423 +0000Z  INFO  {OXSMCD} OXSMCD: Copied 0 rows.
2026-04-23 13:29:28,425 +0000Z  INFO  {OXXINF} Copy OXXINF
2026-04-23 13:29:28,428 +0000Z  INFO  {OXTEMP} OXTEMP: Copied 0 rows.
2026-04-23 13:29:28,430 +0000Z  INFO  {OXXLIN} Copy OXXLIN
2026-04-23 13:29:28,433 +0000Z  INFO  {OXXINF} OXXINF: Copied 0 rows.
2026-04-23 13:29:28,434 +0000Z  INFO  {PAZSTI} Copy PAZSTI
2026-04-23 13:29:28,437 +0000Z  INFO  {OXXLIN} OXXLIN: Copied 0 rows.
2026-04-23 13:29:28,439 +0000Z  INFO  {PDIROL} Copy PDIROL
2026-04-23 13:29:28,441 +0000Z  INFO  {PAZSTI} PAZSTI: Copied 0 rows.
2026-04-23 13:29:28,443 +0000Z  INFO  {PDNSUB} Copy PDNSUB
2026-04-23 13:29:28,446 +0000Z  INFO  {PDIROL} PDIROL: Copied 0 rows.
2026-04-23 13:29:28,451 +0000Z  INFO  {PDNSUB} PDNSUB: Copied 0 rows.
2026-04-23 13:29:28,452 +0000Z  INFO  {PMARCO} Copy PMARCO
2026-04-23 13:29:28,457 +0000Z  INFO  {PMS91P} Copy PMS91P
2026-04-23 13:29:28,459 +0000Z  INFO  {PMARCO} PMARCO: Copied 0 rows.
2026-04-23 13:29:28,464 +0000Z  INFO  {PMS91P} PMS91P: Copied 0 rows.
2026-04-23 13:29:28,470 +0000Z  INFO  {PPP365} Copy PPP365
2026-04-23 13:29:28,474 +0000Z  INFO  {PPP900} Copy PPP900
2026-04-23 13:29:28,477 +0000Z  INFO  {PPP365} PPP365: Copied 0 rows.
2026-04-23 13:29:28,479 +0000Z  INFO  {PPPORG} Copy PPPORG
2026-04-23 13:29:28,481 +0000Z  INFO  {PPP900} PPP900: Copied 0 rows.
2026-04-23 13:29:28,483 +0000Z  INFO  {PPPOSL} Copy PPPOSL
2026-04-23 13:29:28,486 +0000Z  INFO  {PPPORG} PPPORG: Copied 0 rows.
2026-04-23 13:29:28,488 +0000Z  INFO  {PPPSUB} Copy PPPSUB
2026-04-23 13:29:28,490 +0000Z  INFO  {PPPOSL} PPPOSL: Copied 0 rows.
2026-04-23 13:29:28,492 +0000Z  INFO  {PPPWHL} Copy PPPWHL
2026-04-23 13:29:28,495 +0000Z  INFO  {PPPSUB} PPPSUB: Copied 0 rows.
2026-04-23 13:29:28,496 +0000Z  INFO  {PPW190} Copy PPW190
2026-04-23 13:29:28,499 +0000Z  INFO  {PPPWHL} PPPWHL: Copied 0 rows.
2026-04-23 13:29:28,501 +0000Z  INFO  {PPW191} Copy PPW191
2026-04-23 13:29:28,504 +0000Z  INFO  {PPW190} PPW190: Copied 0 rows.
2026-04-23 13:29:28,506 +0000Z  INFO  {PPW192} Copy PPW192
2026-04-23 13:29:28,509 +0000Z  INFO  {PPW191} PPW191: Copied 0 rows.
2026-04-23 13:29:28,510 +0000Z  INFO  {PPW193} Copy PPW193
2026-04-23 13:29:28,514 +0000Z  INFO  {PPW192} PPW192: Copied 0 rows.
2026-04-23 13:29:28,514 +0000Z  INFO  {PPW953} Copy PPW953
2026-04-23 13:29:28,517 +0000Z  INFO  {PPW193} PPW193: Copied 0 rows.
2026-04-23 13:29:28,518 +0000Z  INFO  {PRICAT} Copy PRICAT
2026-04-23 13:29:28,521 +0000Z  INFO  {PPW953} PPW953: Copied 0 rows.
2026-04-23 13:29:28,523 +0000Z  INFO  {PWQWSC} Copy PWQWSC
2026-04-23 13:29:28,525 +0000Z  INFO  {PRICAT} PRICAT: Copied 0 rows.
2026-04-23 13:29:28,527 +0000Z  INFO  {QMSDLE} Copy QMSDLE
2026-04-23 13:29:28,530 +0000Z  INFO  {PWQWSC} PWQWSC: Copied 0 rows.
2026-04-23 13:29:28,531 +0000Z  INFO  {QMSNQD} Copy QMSNQD
2026-04-23 13:29:28,534 +0000Z  INFO  {QMSDLE} QMSDLE: Copied 0 rows.
2026-04-23 13:29:28,536 +0000Z  INFO  {QMSNQH} Copy QMSNQH
2026-04-23 13:29:28,538 +0000Z  INFO  {QMSNQD} QMSNQD: Copied 0 rows.
2026-04-23 13:29:28,540 +0000Z  INFO  {QMSSAP} Copy QMSSAP
2026-04-23 13:29:28,543 +0000Z  INFO  {QMSNQH} QMSNQH: Copied 0 rows.
2026-04-23 13:29:28,544 +0000Z  INFO  {QQARTI} Copy QQARTI
2026-04-23 13:29:28,547 +0000Z  INFO  {QMSSAP} QMSSAP: Copied 0 rows.
2026-04-23 13:29:28,549 +0000Z  INFO  {QQTMIT} Copy QQTMIT
2026-04-23 13:29:28,551 +0000Z  INFO  {QQARTI} QQARTI: Copied 0 rows.
2026-04-23 13:29:28,553 +0000Z  INFO  {QQTOOL} Copy QQTOOL
2026-04-23 13:29:28,556 +0000Z  INFO  {QQTMIT} QQTMIT: Copied 0 rows.
2026-04-23 13:29:28,557 +0000Z  INFO  {QQTOTI} Copy QQTOTI
2026-04-23 13:29:28,560 +0000Z  INFO  {QQTOOL} QQTOOL: Copied 0 rows.
2026-04-23 13:29:28,562 +0000Z  INFO  {QTAXLN} Copy QTAXLN
2026-04-23 13:29:28,564 +0000Z  INFO  {QQTOTI} QQTOTI: Copied 0 rows.
2026-04-23 13:29:28,567 +0000Z  INFO  {QUADDI} Copy QUADDI
2026-04-23 13:29:28,571 +0000Z  INFO  {QTAXLN} QTAXLN: Copied 0 rows.
2026-04-23 13:29:28,572 +0000Z  INFO  {QUADRE} Copy QUADRE
2026-04-23 13:29:28,575 +0000Z  INFO  {QUADDI} QUADDI: Copied 0 rows.
2026-04-23 13:29:28,578 +0000Z  INFO  {QUAKIT} Copy QUAKIT
2026-04-23 13:29:28,581 +0000Z  INFO  {QUADRE} QUADRE: Copied 0 rows.
2026-04-23 13:29:28,583 +0000Z  INFO  {QUARBO} Copy QUARBO
2026-04-23 13:29:28,586 +0000Z  INFO  {QUAKIT} QUAKIT: Copied 0 rows.
2026-04-23 13:29:28,587 +0000Z  INFO  {QUATTE} Copy QUATTE
2026-04-23 13:29:28,589 +0000Z  INFO  {QUARBO} QUARBO: Copied 0 rows.
2026-04-23 13:29:28,592 +0000Z  INFO  {QUCADD} Copy QUCADD
2026-04-23 13:29:28,594 +0000Z  INFO  {QUATTE} QUATTE: Copied 0 rows.
2026-04-23 13:29:28,597 +0000Z  INFO  {QUCAMP} Copy QUCAMP
2026-04-23 13:29:28,600 +0000Z  INFO  {QUCADD} QUCADD: Copied 0 rows.
2026-04-23 13:29:28,602 +0000Z  INFO  {QUCCAM} Copy QUCCAM
2026-04-23 13:29:28,604 +0000Z  INFO  {QUCAMP} QUCAMP: Copied 0 rows.
2026-04-23 13:29:28,607 +0000Z  INFO  {QUCFIN} Copy QUCFIN
2026-04-23 13:29:28,610 +0000Z  INFO  {QUCCAM} QUCCAM: Copied 0 rows.
2026-04-23 13:29:28,612 +0000Z  INFO  {QUCHRG} Copy QUCHRG
2026-04-23 13:29:28,614 +0000Z  INFO  {QUCFIN} QUCFIN: Copied 0 rows.
2026-04-23 13:29:28,616 +0000Z  INFO  {QUCMAI} Copy QUCMAI
2026-04-23 13:29:28,619 +0000Z  INFO  {QUCHRG} QUCHRG: Copied 0 rows.
2026-04-23 13:29:28,622 +0000Z  INFO  {QUCONF} Copy QUCONF
2026-04-23 13:29:28,624 +0000Z  INFO  {QUCMAI} QUCMAI: Copied 0 rows.
2026-04-23 13:29:28,626 +0000Z  INFO  {QUCONS} Copy QUCONS
2026-04-23 13:29:28,631 +0000Z  INFO  {QUCONF} QUCONF: Copied 0 rows.
2026-04-23 13:29:28,631 +0000Z  INFO  {QUCONT} Copy QUCONT
2026-04-23 13:29:28,633 +0000Z  INFO  {QUCONS} QUCONS: Copied 0 rows.
2026-04-23 13:29:28,637 +0000Z  INFO  {QUCSER} Copy QUCSER
2026-04-23 13:29:28,639 +0000Z  INFO  {QUCONT} QUCONT: Copied 0 rows.
2026-04-23 13:29:28,641 +0000Z  INFO  {QUCUSE} Copy QUCUSE
2026-04-23 13:29:28,644 +0000Z  INFO  {QUCSER} QUCSER: Copied 0 rows.
2026-04-23 13:29:28,646 +0000Z  INFO  {QUCWAR} Copy QUCWAR
2026-04-23 13:29:28,649 +0000Z  INFO  {QUCUSE} QUCUSE: Copied 0 rows.
2026-04-23 13:29:28,651 +0000Z  INFO  {QUFINA} Copy QUFINA
2026-04-23 13:29:28,655 +0000Z  INFO  {QUCWAR} QUCWAR: Copied 0 rows.
2026-04-23 13:29:28,655 +0000Z  INFO  {QUGROP} Copy QUGROP
2026-04-23 13:29:28,659 +0000Z  INFO  {QUFINA} QUFINA: Copied 0 rows.
2026-04-23 13:29:28,662 +0000Z  INFO  {QUHEAD} Copy QUHEAD
2026-04-23 13:29:28,663 +0000Z  INFO  {QUGROP} QUGROP: Copied 0 rows.
2026-04-23 13:29:28,667 +0000Z  INFO  {QULAUS} Copy QULAUS
2026-04-23 13:29:28,672 +0000Z  INFO  {QUHEAD} QUHEAD: Copied 0 rows.
2026-04-23 13:29:28,674 +0000Z  INFO  {QULAUS} QULAUS: Copied 0 rows.
2026-04-23 13:29:28,675 +0000Z  INFO  {QULINE} Copy QULINE
2026-04-23 13:29:28,679 +0000Z  INFO  {QUMAIA} Copy QUMAIA
2026-04-23 13:29:28,684 +0000Z  INFO  {QUPRCO} Copy QUPRCO
2026-04-23 13:29:28,687 +0000Z  INFO  {QULINE} QULINE: Copied 0 rows.
2026-04-23 13:29:28,688 +0000Z  INFO  {QUPROS} Copy QUPROS
2026-04-23 13:29:28,688 +0000Z  INFO  {QUMAIA} QUMAIA: Copied 0 rows.
2026-04-23 13:29:28,690 +0000Z  INFO  {QUPRCO} QUPRCO: Copied 0 rows.
2026-04-23 13:29:28,693 +0000Z  INFO  {QUQUTY} Copy QUQUTY
2026-04-23 13:29:28,695 +0000Z  INFO  {QUPROS} QUPROS: Copied 0 rows.
2026-04-23 13:29:28,698 +0000Z  INFO  {QURELA} Copy QURELA
2026-04-23 13:29:28,701 +0000Z  INFO  {QUQUTY} QUQUTY: Copied 0 rows.
2026-04-23 13:29:28,702 +0000Z  INFO  {QUSERV} Copy QUSERV
2026-04-23 13:29:28,705 +0000Z  INFO  {QURELA} QURELA: Copied 0 rows.
2026-04-23 13:29:28,707 +0000Z  INFO  {QUSMNG} Copy QUSMNG
2026-04-23 13:29:28,712 +0000Z  INFO  {QUSERV} QUSERV: Copied 0 rows.
2026-04-23 13:29:28,712 +0000Z  INFO  {QUSMPS} Copy QUSMPS
2026-04-23 13:29:28,715 +0000Z  INFO  {QUSMNG} QUSMNG: Copied 0 rows.
2026-04-23 13:29:28,717 +0000Z  INFO  {QUTAMA} Copy QUTAMA
2026-04-23 13:29:28,719 +0000Z  INFO  {QUSMPS} QUSMPS: Copied 0 rows.
2026-04-23 13:29:28,722 +0000Z  INFO  {QUTRAD} Copy QUTRAD
2026-04-23 13:29:28,724 +0000Z  INFO  {QUTAMA} QUTAMA: Copied 0 rows.
2026-04-23 13:29:28,727 +0000Z  INFO  {QUWARR} Copy QUWARR
2026-04-23 13:29:28,731 +0000Z  INFO  {QUTRAD} QUTRAD: Copied 0 rows.
2026-04-23 13:29:28,731 +0000Z  INFO  {QWHEAD} Copy QWHEAD
2026-04-23 13:29:28,734 +0000Z  INFO  {QUWARR} QUWARR: Copied 0 rows.
2026-04-23 13:29:28,736 +0000Z  INFO  {RSYTXH} Copy RSYTXH
2026-04-23 13:29:28,738 +0000Z  INFO  {QWHEAD} QWHEAD: Copied 0 rows.
2026-04-23 13:29:28,740 +0000Z  INFO  {RSYTXL} Copy RSYTXL
2026-04-23 13:29:28,743 +0000Z  INFO  {RSYTXH} RSYTXH: Copied 0 rows.
2026-04-23 13:29:28,747 +0000Z  INFO  {RSYTXL} RSYTXL: Copied 0 rows.
2026-04-23 13:29:28,749 +0000Z  INFO  {SAADJT} Copy SAADJT
2026-04-23 13:29:28,753 +0000Z  INFO  {SAADRE} Copy SAADRE
2026-04-23 13:29:28,756 +0000Z  INFO  {SAADJT} SAADJT: Copied 0 rows.
2026-04-23 13:29:28,758 +0000Z  INFO  {SAAGPR} Copy SAAGPR
2026-04-23 13:29:28,761 +0000Z  INFO  {SAADRE} SAADRE: Copied 0 rows.
2026-04-23 13:29:28,762 +0000Z  INFO  {SAARCO} Copy SAARCO
2026-04-23 13:29:28,765 +0000Z  INFO  {SAAGPR} SAAGPR: Copied 0 rows.
2026-04-23 13:29:28,767 +0000Z  INFO  {SADDEQ} Copy SADDEQ
2026-04-23 13:29:28,769 +0000Z  INFO  {SAARCO} SAARCO: Copied 0 rows.
2026-04-23 13:29:28,771 +0000Z  INFO  {SADOCU} Copy SADOCU
2026-04-23 13:29:28,774 +0000Z  INFO  {SADDEQ} SADDEQ: Copied 0 rows.
2026-04-23 13:29:28,775 +0000Z  INFO  {SAGADJ} Copy SAGADJ
2026-04-23 13:29:28,778 +0000Z  INFO  {SADOCU} SADOCU: Copied 0 rows.
2026-04-23 13:29:28,780 +0000Z  INFO  {SAGCON} Copy SAGCON
2026-04-23 13:29:28,782 +0000Z  INFO  {SAGADJ} SAGADJ: Copied 0 rows.
2026-04-23 13:29:28,784 +0000Z  INFO  {SAGOTP} Copy SAGOTP
2026-04-23 13:29:28,788 +0000Z  INFO  {SAGCON} SAGCON: Copied 0 rows.
2026-04-23 13:29:28,789 +0000Z  INFO  {SAGSTP} Copy SAGSTP
2026-04-23 13:29:28,792 +0000Z  INFO  {SAGOTP} SAGOTP: Copied 0 rows.
2026-04-23 13:29:28,793 +0000Z  INFO  {SAGTYP} Copy SAGTYP
2026-04-23 13:29:28,796 +0000Z  INFO  {SAGSTP} SAGSTP: Copied 0 rows.
2026-04-23 13:29:28,798 +0000Z  INFO  {SAHCHR} Copy SAHCHR
2026-04-23 13:29:28,801 +0000Z  INFO  {SAGTYP} SAGTYP: Copied 0 rows.
2026-04-23 13:29:28,805 +0000Z  INFO  {SAHCHR} SAHCHR: Copied 0 rows.
2026-04-23 13:29:28,812 +0000Z  INFO  {SAHEAD} Copy SAHEAD
2026-04-23 13:29:28,816 +0000Z  INFO  {SALCHR} Copy SALCHR
2026-04-23 13:29:28,824 +0000Z  INFO  {SALCHR} SALCHR: Copied 0 rows.
2026-04-23 13:29:28,829 +0000Z  INFO  {SAHEAD} SAHEAD: Copied 0 rows.
2026-04-23 13:29:28,832 +0000Z  INFO  {SALINE} Copy SALINE
2026-04-23 13:29:28,838 +0000Z  INFO  {SALOCA} Copy SALOCA
2026-04-23 13:29:28,842 +0000Z  INFO  {SAMPSD} Copy SAMPSD
2026-04-23 13:29:28,847 +0000Z  INFO  {SALOCA} SALOCA: Copied 0 rows.
2026-04-23 13:29:28,848 +0000Z  INFO  {SAMPSH} Copy SAMPSH
2026-04-23 13:29:28,851 +0000Z  INFO  {SAMPSD} SAMPSD: Copied 0 rows.
2026-04-23 13:29:28,852 +0000Z  INFO  {SALINE} SALINE: Copied 0 rows.
2026-04-23 13:29:28,852 +0000Z  INFO  {SAPRIL} Copy SAPRIL
2026-04-23 13:29:28,856 +0000Z  INFO  {SAMPSH} SAMPSH: Copied 0 rows.
2026-04-23 13:29:28,857 +0000Z  INFO  {SAQUOH} Copy SAQUOH
2026-04-23 13:29:28,860 +0000Z  INFO  {SAPRIL} SAPRIL: Copied 0 rows.
2026-04-23 13:29:28,862 +0000Z  INFO  {SARENA} Copy SARENA
2026-04-23 13:29:28,866 +0000Z  INFO  {SAQUOH} SAQUOH: Copied 0 rows.
2026-04-23 13:29:28,868 +0000Z  INFO  {SARLAD} Copy SARLAD
2026-04-23 13:29:28,869 +0000Z  INFO  {SARENA} SARENA: Copied 0 rows.
2026-04-23 13:29:28,873 +0000Z  INFO  {SARPIT} Copy SARPIT
2026-04-23 13:29:28,876 +0000Z  INFO  {SARLAD} SARLAD: Copied 0 rows.
2026-04-23 13:29:28,877 +0000Z  INFO  {SARTEC} Copy SARTEC
2026-04-23 13:29:28,880 +0000Z  INFO  {SARPIT} SARPIT: Copied 0 rows.
2026-04-23 13:29:28,882 +0000Z  INFO  {SASSTP} Copy SASSTP
2026-04-23 13:29:28,885 +0000Z  INFO  {SARTEC} SARTEC: Copied 0 rows.
2026-04-23 13:29:28,887 +0000Z  INFO  {SATLAD} Copy SATLAD
2026-04-23 13:29:28,889 +0000Z  INFO  {SASSTP} SASSTP: Copied 0 rows.
2026-04-23 13:29:28,891 +0000Z  INFO  {SATYDO} Copy SATYDO
2026-04-23 13:29:28,894 +0000Z  INFO  {SATLAD} SATLAD: Copied 0 rows.
2026-04-23 13:29:28,896 +0000Z  INFO  {SAVLCD} Copy SAVLCD
2026-04-23 13:29:28,899 +0000Z  INFO  {SATYDO} SATYDO: Copied 0 rows.
2026-04-23 13:29:28,900 +0000Z  INFO  {SBTYPE} Copy SBTYPE
2026-04-23 13:29:28,903 +0000Z  INFO  {SAVLCD} SAVLCD: Copied 0 rows.
2026-04-23 13:29:28,905 +0000Z  INFO  {SCMPSD} Copy SCMPSD
2026-04-23 13:29:28,908 +0000Z  INFO  {SBTYPE} SBTYPE: Copied 0 rows.
2026-04-23 13:29:28,909 +0000Z  INFO  {SCMPSH} Copy SCMPSH
2026-04-23 13:29:28,912 +0000Z  INFO  {SCMPSD} SCMPSD: Copied 0 rows.
2026-04-23 13:29:28,915 +0000Z  INFO  {SDHEAD} Copy SDHEAD
2026-04-23 13:29:28,917 +0000Z  INFO  {SCMPSH} SCMPSH: Copied 0 rows.
2026-04-23 13:29:28,922 +0000Z  INFO  {SDLINE} Copy SDLINE
2026-04-23 13:29:28,925 +0000Z  INFO  {SDHEAD} SDHEAD: Copied 0 rows.
2026-04-23 13:29:28,929 +0000Z  INFO  {SDLOCA} Copy SDLOCA
2026-04-23 13:29:28,932 +0000Z  INFO  {SDLINE} SDLINE: Copied 0 rows.
2026-04-23 13:29:28,933 +0000Z  INFO  {SDOADR} Copy SDOADR
2026-04-23 13:29:28,936 +0000Z  INFO  {SDLOCA} SDLOCA: Copied 0 rows.
2026-04-23 13:29:28,938 +0000Z  INFO  {SERACT} Copy SERACT
2026-04-23 13:29:28,941 +0000Z  INFO  {SDOADR} SDOADR: Copied 0 rows.
2026-04-23 13:29:28,943 +0000Z  INFO  {SERCOD} Copy SERCOD
2026-04-23 13:29:28,947 +0000Z  INFO  {SERSYM} Copy SERSYM
2026-04-23 13:29:28,947 +0000Z  INFO  {SERACT} SERACT: Copied 0 rows.
2026-04-23 13:29:28,950 +0000Z  INFO  {SERCOD} SERCOD: Copied 0 rows.
2026-04-23 13:29:28,951 +0000Z  INFO  {SESLAD} Copy SESLAD
2026-04-23 13:29:28,955 +0000Z  INFO  {SERSYM} SERSYM: Copied 0 rows.
2026-04-23 13:29:28,956 +0000Z  INFO  {SESTRG} Copy SESTRG
2026-04-23 13:29:28,961 +0000Z  INFO  {SESLAD} SESLAD: Copied 0 rows.
2026-04-23 13:29:28,961 +0000Z  INFO  {SEXCHG} Copy SEXCHG
2026-04-23 13:29:28,963 +0000Z  INFO  {SESTRG} SESTRG: Copied 0 rows.
2026-04-23 13:29:28,966 +0000Z  INFO  {SFALOC} Copy SFALOC
2026-04-23 13:29:28,969 +0000Z  INFO  {SEXCHG} SEXCHG: Copied 0 rows.
2026-04-23 13:29:28,971 +0000Z  INFO  {SFALOD} Copy SFALOD
2026-04-23 13:29:28,974 +0000Z  INFO  {SFALOC} SFALOC: Copied 0 rows.
2026-04-23 13:29:28,975 +0000Z  INFO  {SGCMPN} Copy SGCMPN
2026-04-23 13:29:28,979 +0000Z  INFO  {SFALOD} SFALOD: Copied 0 rows.
2026-04-23 13:29:28,979 +0000Z  INFO  {SGDLNG} Copy SGDLNG
2026-04-23 13:29:28,982 +0000Z  INFO  {SGCMPN} SGCMPN: Copied 0 rows.
2026-04-23 13:29:28,984 +0000Z  INFO  {SIDHED} Copy SIDHED
2026-04-23 13:29:28,986 +0000Z  INFO  {SGDLNG} SGDLNG: Copied 0 rows.
2026-04-23 13:29:28,988 +0000Z  INFO  {SIDMAT} Copy SIDMAT
2026-04-23 13:29:28,991 +0000Z  INFO  {SIDHED} SIDHED: Copied 0 rows.
2026-04-23 13:29:28,994 +0000Z  INFO  {SIIRPT} Copy SIIRPT
2026-04-23 13:29:28,996 +0000Z  INFO  {SIDMAT} SIDMAT: Copied 0 rows.
2026-04-23 13:29:28,999 +0000Z  INFO  {SINACC} Copy SINACC
2026-04-23 13:29:29,001 +0000Z  INFO  {SIIRPT} SIIRPT: Copied 0 rows.
2026-04-23 13:29:29,004 +0000Z  INFO  {SINDDO} Copy SINDDO
2026-04-23 13:29:29,008 +0000Z  INFO  {SINACC} SINACC: Copied 0 rows.
2026-04-23 13:29:29,009 +0000Z  INFO  {SINDIA} Copy SINDIA
2026-04-23 13:29:29,012 +0000Z  INFO  {SINDDO} SINDDO: Copied 0 rows.
2026-04-23 13:29:29,014 +0000Z  INFO  {SINDII} Copy SINDII
2026-04-23 13:29:29,017 +0000Z  INFO  {SINDIA} SINDIA: Copied 0 rows.
2026-04-23 13:29:29,019 +0000Z  INFO  {SINDMD} Copy SINDMD
2026-04-23 13:29:29,021 +0000Z  INFO  {SINDII} SINDII: Copied 0 rows.
2026-04-23 13:29:29,024 +0000Z  INFO  {SINDME} Copy SINDME
2026-04-23 13:29:29,027 +0000Z  INFO  {SINDMD} SINDMD: Copied 0 rows.
2026-04-23 13:29:29,029 +0000Z  INFO  {SINMEV} Copy SINMEV
2026-04-23 13:29:29,032 +0000Z  INFO  {SINDME} SINDME: Copied 0 rows.
2026-04-23 13:29:29,033 +0000Z  INFO  {SINMOD} Copy SINMOD
2026-04-23 13:29:29,036 +0000Z  INFO  {SINMEV} SINMEV: Copied 0 rows.
2026-04-23 13:29:29,038 +0000Z  INFO  {SINMRD} Copy SINMRD
2026-04-23 13:29:29,040 +0000Z  INFO  {SINMOD} SINMOD: Copied 0 rows.
2026-04-23 13:29:29,042 +0000Z  INFO  {SINMRH} Copy SINMRH
2026-04-23 13:29:29,045 +0000Z  INFO  {SINMRD} SINMRD: Copied 0 rows.
2026-04-23 13:29:29,049 +0000Z  INFO  {SINMTR} Copy SINMTR
2026-04-23 13:29:29,050 +0000Z  INFO  {SINMRH} SINMRH: Copied 0 rows.
2026-04-23 13:29:29,053 +0000Z  INFO  {SINROR} Copy SINROR
2026-04-23 13:29:29,058 +0000Z  INFO  {SINSLD} Copy SINSLD
2026-04-23 13:29:29,059 +0000Z  INFO  {SINMTR} SINMTR: Copied 0 rows.
2026-04-23 13:29:29,060 +0000Z  INFO  {SINROR} SINROR: Copied 0 rows.
2026-04-23 13:29:29,064 +0000Z  INFO  {SINTRA} Copy SINTRA
2026-04-23 13:29:29,065 +0000Z  INFO  {SINSLD} SINSLD: Copied 0 rows.
2026-04-23 13:29:29,068 +0000Z  INFO  {SINTRE} Copy SINTRE
2026-04-23 13:29:29,073 +0000Z  INFO  {SINVER} Copy SINVER
2026-04-23 13:29:29,075 +0000Z  INFO  {SINTRA} SINTRA: Copied 0 rows.
2026-04-23 13:29:29,076 +0000Z  INFO  {SINTRE} SINTRE: Copied 0 rows.
2026-04-23 13:29:29,077 +0000Z  INFO  {SINVME} Copy SINVME
2026-04-23 13:29:29,080 +0000Z  INFO  {SINVER} SINVER: Copied 0 rows.
2026-04-23 13:29:29,082 +0000Z  INFO  {SINVMT} Copy SINVMT
2026-04-23 13:29:29,084 +0000Z  INFO  {SINVME} SINVME: Copied 0 rows.
2026-04-23 13:29:29,087 +0000Z  INFO  {SIPRIL} Copy SIPRIL
2026-04-23 13:29:29,090 +0000Z  INFO  {SINVMT} SINVMT: Copied 0 rows.
2026-04-23 13:29:29,092 +0000Z  INFO  {SITCMD} Copy SITCMD
2026-04-23 13:29:29,095 +0000Z  INFO  {SIPRIL} SIPRIL: Copied 0 rows.
2026-04-23 13:29:29,096 +0000Z  INFO  {SITCME} Copy SITCME
2026-04-23 13:29:29,100 +0000Z  INFO  {SITCMD} SITCMD: Copied 0 rows.
2026-04-23 13:29:29,101 +0000Z  INFO  {SITLAD} Copy SITLAD
2026-04-23 13:29:29,103 +0000Z  INFO  {SITCME} SITCME: Copied 0 rows.
2026-04-23 13:29:29,105 +0000Z  INFO  {SITMOD} Copy SITMOD
2026-04-23 13:29:29,108 +0000Z  INFO  {SITLAD} SITLAD: Copied 0 rows.
2026-04-23 13:29:29,109 +0000Z  INFO  {SITPOP} Copy SITPOP
2026-04-23 13:29:29,112 +0000Z  INFO  {SITMOD} SITMOD: Copied 0 rows.
2026-04-23 13:29:29,114 +0000Z  INFO  {SITWHC} Copy SITWHC
2026-04-23 13:29:29,116 +0000Z  INFO  {SITPOP} SITPOP: Copied 0 rows.
2026-04-23 13:29:29,118 +0000Z  INFO  {SJDOCU} Copy SJDOCU
2026-04-23 13:29:29,121 +0000Z  INFO  {SITWHC} SITWHC: Copied 0 rows.
2026-04-23 13:29:29,123 +0000Z  INFO  {SJOCHR} Copy SJOCHR
2026-04-23 13:29:29,125 +0000Z  INFO  {SJDOCU} SJDOCU: Copied 0 rows.
2026-04-23 13:29:29,127 +0000Z  INFO  {SKITCH} Copy SKITCH
2026-04-23 13:29:29,130 +0000Z  INFO  {SJOCHR} SJOCHR: Copied 0 rows.
2026-04-23 13:29:29,132 +0000Z  INFO  {SKITDO} Copy SKITDO
2026-04-23 13:29:29,135 +0000Z  INFO  {SKITCH} SKITCH: Copied 0 rows.
2026-04-23 13:29:29,136 +0000Z  INFO  {SKITHE} Copy SKITHE
2026-04-23 13:29:29,139 +0000Z  INFO  {SKITDO} SKITDO: Copied 0 rows.
2026-04-23 13:29:29,141 +0000Z  INFO  {SKITLN} Copy SKITLN
2026-04-23 13:29:29,144 +0000Z  INFO  {SKITHE} SKITHE: Copied 0 rows.
2026-04-23 13:29:29,146 +0000Z  INFO  {SKITVA} Copy SKITVA
2026-04-23 13:29:29,149 +0000Z  INFO  {SKITLN} SKITLN: Copied 0 rows.
2026-04-23 13:29:29,150 +0000Z  INFO  {SKTCVA} Copy SKTCVA
2026-04-23 13:29:29,153 +0000Z  INFO  {SKITVA} SKITVA: Copied 0 rows.
2026-04-23 13:29:29,155 +0000Z  INFO  {SLICHW} Copy SLICHW
2026-04-23 13:29:29,158 +0000Z  INFO  {SKTCVA} SKTCVA: Copied 0 rows.
2026-04-23 13:29:29,159 +0000Z  INFO  {SMWCON} Copy SMWCON
2026-04-23 13:29:29,162 +0000Z  INFO  {SLICHW} SLICHW: Copied 0 rows.
2026-04-23 13:29:29,164 +0000Z  INFO  {SOARCO} Copy SOARCO
2026-04-23 13:29:29,168 +0000Z  INFO  {SMWCON} SMWCON: Copied 0 rows.
2026-04-23 13:29:29,171 +0000Z  INFO  {SOATAC} Copy SOATAC
2026-04-23 13:29:29,174 +0000Z  INFO  {SOARCO} SOARCO: Copied 0 rows.
2026-04-23 13:29:29,177 +0000Z  INFO  {SOMAIL} Copy SOMAIL
2026-04-23 13:29:29,182 +0000Z  INFO  {SOQUOH} Copy SOQUOH
2026-04-23 13:29:29,183 +0000Z  INFO  {SOATAC} SOATAC: Copied 0 rows.
2026-04-23 13:29:29,186 +0000Z  INFO  {SOSTME} Copy SOSTME
2026-04-23 13:29:29,191 +0000Z  INFO  {SOWAST} Copy SOWAST
2026-04-23 13:29:29,191 +0000Z  INFO  {SOMAIL} SOMAIL: Copied 0 rows.
2026-04-23 13:29:29,193 +0000Z  INFO  {SOQUOH} SOQUOH: Copied 0 rows.
2026-04-23 13:29:29,194 +0000Z  INFO  {SOSTME} SOSTME: Copied 0 rows.
2026-04-23 13:29:29,195 +0000Z  INFO  {SPADJA} Copy SPADJA
2026-04-23 13:29:29,199 +0000Z  INFO  {SPADJT} Copy SPADJT
2026-04-23 13:29:29,203 +0000Z  INFO  {SOWAST} SOWAST: Copied 0 rows.
2026-04-23 13:29:29,204 +0000Z  INFO  {SPADJA} SPADJA: Copied 0 rows.
2026-04-23 13:29:29,204 +0000Z  INFO  {SPICLI} Copy SPICLI
2026-04-23 13:29:29,206 +0000Z  INFO  {SPADJT} SPADJT: Copied 0 rows.
2026-04-23 13:29:29,208 +0000Z  INFO  {SPITTP} Copy SPITTP
2026-04-23 13:29:29,211 +0000Z  INFO  {SPICLI} SPICLI: Copied 0 rows.
2026-04-23 13:29:29,213 +0000Z  INFO  {SPMINF} Copy SPMINF
2026-04-23 13:29:29,215 +0000Z  INFO  {SPITTP} SPITTP: Copied 0 rows.
2026-04-23 13:29:29,218 +0000Z  INFO  {SPRICL} Copy SPRICL
2026-04-23 13:29:29,221 +0000Z  INFO  {SPMINF} SPMINF: Copied 0 rows.
2026-04-23 13:29:29,222 +0000Z  INFO  {SPWCON} Copy SPWCON
2026-04-23 13:29:29,226 +0000Z  INFO  {SPRICL} SPRICL: Copied 0 rows.
2026-04-23 13:29:29,227 +0000Z  INFO  {SREMOD} Copy SREMOD
2026-04-23 13:29:29,230 +0000Z  INFO  {SPWCON} SPWCON: Copied 0 rows.
2026-04-23 13:29:29,231 +0000Z  INFO  {SSA631} Copy SSA631
2026-04-23 13:29:29,233 +0000Z  INFO  {SREMOD} SREMOD: Copied 0 rows.
2026-04-23 13:29:29,235 +0000Z  INFO  {SSADRE} Copy SSADRE
2026-04-23 13:29:29,238 +0000Z  INFO  {SSA631} SSA631: Copied 0 rows.
2026-04-23 13:29:29,240 +0000Z  INFO  {SSADTX} Copy SSADTX
2026-04-23 13:29:29,243 +0000Z  INFO  {SSADRE} SSADRE: Copied 0 rows.
2026-04-23 13:29:29,244 +0000Z  INFO  {SSARIV} Copy SSARIV
2026-04-23 13:29:29,247 +0000Z  INFO  {SSADTX} SSADTX: Copied 0 rows.
2026-04-23 13:29:29,249 +0000Z  INFO  {SSCUAD} Copy SSCUAD
2026-04-23 13:29:29,252 +0000Z  INFO  {SSARIV} SSARIV: Copied 0 rows.
2026-04-23 13:29:29,254 +0000Z  INFO  {SSCURP} Copy SSCURP
2026-04-23 13:29:29,257 +0000Z  INFO  {SSCUAD} SSCUAD: Copied 0 rows.
2026-04-23 13:29:29,259 +0000Z  INFO  {SSDVID} Copy SSDVID
2026-04-23 13:29:29,262 +0000Z  INFO  {SSCURP} SSCURP: Copied 0 rows.
2026-04-23 13:29:29,263 +0000Z  INFO  {SSE445} Copy SSE445
2026-04-23 13:29:29,266 +0000Z  INFO  {SSDVID} SSDVID: Copied 0 rows.
2026-04-23 13:29:29,269 +0000Z  INFO  {SSEITM} Copy SSEITM
2026-04-23 13:29:29,271 +0000Z  INFO  {SSE445} SSE445: Copied 0 rows.
2026-04-23 13:29:29,277 +0000Z  INFO  {SSEITM} SSEITM: Copied 0 rows.
2026-04-23 13:29:29,289 +0000Z  INFO  {SSHEAD} Copy SSHEAD
2026-04-23 13:29:29,294 +0000Z  INFO  {SSIBDS} Copy SSIBDS
2026-04-23 13:29:29,298 +0000Z  INFO  {SSIBIS} Copy SSIBIS
2026-04-23 13:29:29,301 +0000Z  INFO  {SSIBDS} SSIBDS: Copied 0 rows.
2026-04-23 13:29:29,302 +0000Z  INFO  {SSIDDS} Copy SSIDDS
2026-04-23 13:29:29,305 +0000Z  INFO  {SSIBIS} SSIBIS: Copied 0 rows.
2026-04-23 13:29:29,306 +0000Z  INFO  {SSIDIB} Copy SSIDIB
2026-04-23 13:29:29,309 +0000Z  INFO  {SSIDDS} SSIDDS: Copied 0 rows.
2026-04-23 13:29:29,311 +0000Z  INFO  {SSILAD} Copy SSILAD
2026-04-23 13:29:29,313 +0000Z  INFO  {SSIDIB} SSIDIB: Copied 0 rows.
2026-04-23 13:29:29,315 +0000Z  INFO  {SSINID} Copy SSINID
2026-04-23 13:29:29,315 +0000Z  INFO  {SSHEAD} SSHEAD: Copied 0 rows.
2026-04-23 13:29:29,318 +0000Z  INFO  {SSILAD} SSILAD: Copied 0 rows.
2026-04-23 13:29:29,319 +0000Z  INFO  {SSINVA} Copy SSINVA
2026-04-23 13:29:29,322 +0000Z  INFO  {SSINID} SSINID: Copied 0 rows.
2026-04-23 13:29:29,324 +0000Z  INFO  {SSISID} Copy SSISID
2026-04-23 13:29:29,326 +0000Z  INFO  {SSINVA} SSINVA: Copied 0 rows.
2026-04-23 13:29:29,331 +0000Z  INFO  {SSISID} SSISID: Copied 0 rows.
2026-04-23 13:29:29,342 +0000Z  INFO  {SSJOBH} Copy SSJOBH
2026-04-23 13:29:29,347 +0000Z  INFO  {SSLICH} Copy SSLICH
2026-04-23 13:29:29,352 +0000Z  INFO  {SSLICT} Copy SSLICT
2026-04-23 13:29:29,354 +0000Z  INFO  {SSLICH} SSLICH: Copied 0 rows.
2026-04-23 13:29:29,356 +0000Z  INFO  {SSLIND} Copy SSLIND
2026-04-23 13:29:29,359 +0000Z  INFO  {SSLICT} SSLICT: Copied 0 rows.
2026-04-23 13:29:29,364 +0000Z  INFO  {SSLIND} SSLIND: Copied 0 rows.
2026-04-23 13:29:29,367 +0000Z  INFO  {SSJOBH} SSJOBH: Copied 0 rows.
2026-04-23 13:29:29,378 +0000Z  INFO  {SSLINE} Copy SSLINE
2026-04-23 13:29:29,383 +0000Z  INFO  {SSLIXX} Copy SSLIXX
2026-04-23 13:29:29,387 +0000Z  INFO  {SSMAIL} Copy SSMAIL
2026-04-23 13:29:29,390 +0000Z  INFO  {SSLIXX} SSLIXX: Copied 0 rows.
2026-04-23 13:29:29,392 +0000Z  INFO  {SSO180} Copy SSO180
2026-04-23 13:29:29,395 +0000Z  INFO  {SSMAIL} SSMAIL: Copied 0 rows.
2026-04-23 13:29:29,396 +0000Z  INFO  {SSO181} Copy SSO181
2026-04-23 13:29:29,399 +0000Z  INFO  {SSO180} SSO180: Copied 0 rows.
2026-04-23 13:29:29,401 +0000Z  INFO  {SSO182} Copy SSO182
2026-04-23 13:29:29,404 +0000Z  INFO  {SSO181} SSO181: Copied 0 rows.
2026-04-23 13:29:29,405 +0000Z  INFO  {SSLINE} SSLINE: Copied 0 rows.
2026-04-23 13:29:29,405 +0000Z  INFO  {SSO189} Copy SSO189
2026-04-23 13:29:29,408 +0000Z  INFO  {SSO182} SSO182: Copied 0 rows.
2026-04-23 13:29:29,410 +0000Z  INFO  {SSO191} Copy SSO191
2026-04-23 13:29:29,413 +0000Z  INFO  {SSO189} SSO189: Copied 0 rows.
2026-04-23 13:29:29,415 +0000Z  INFO  {SSO332} Copy SSO332
2026-04-23 13:29:29,417 +0000Z  INFO  {SSO191} SSO191: Copied 0 rows.
2026-04-23 13:29:29,419 +0000Z  INFO  {SSO340} Copy SSO340
2026-04-23 13:29:29,422 +0000Z  INFO  {SSO332} SSO332: Copied 0 rows.
2026-04-23 13:29:29,425 +0000Z  INFO  {SSO346} Copy SSO346
2026-04-23 13:29:29,427 +0000Z  INFO  {SSO340} SSO340: Copied 0 rows.
2026-04-23 13:29:29,429 +0000Z  INFO  {SSOCHR} Copy SSOCHR
2026-04-23 13:29:29,433 +0000Z  INFO  {SSO346} SSO346: Copied 0 rows.
2026-04-23 13:29:29,435 +0000Z  INFO  {SSPRPH} Copy SSPRPH
2026-04-23 13:29:29,437 +0000Z  INFO  {SSOCHR} SSOCHR: Copied 0 rows.
2026-04-23 13:29:29,439 +0000Z  INFO  {SSRESP} Copy SSRESP
2026-04-23 13:29:29,444 +0000Z  INFO  {SSPRPH} SSPRPH: Copied 0 rows.
2026-04-23 13:29:29,444 +0000Z  INFO  {SST081} Copy SST081
2026-04-23 13:29:29,447 +0000Z  INFO  {SSRESP} SSRESP: Copied 0 rows.
2026-04-23 13:29:29,449 +0000Z  INFO  {SST300} Copy SST300
2026-04-23 13:29:29,451 +0000Z  INFO  {SST081} SST081: Copied 0 rows.
2026-04-23 13:29:29,456 +0000Z  INFO  {SST300} SST300: Copied 0 rows.
2026-04-23 13:29:29,463 +0000Z  INFO  {SST495} Copy SST495
2026-04-23 13:29:29,467 +0000Z  INFO  {SST811} Copy SST811
2026-04-23 13:29:29,471 +0000Z  INFO  {SST495} SST495: Copied 0 rows.
2026-04-23 13:29:29,472 +0000Z  INFO  {SSTECH} Copy SSTECH
2026-04-23 13:29:29,475 +0000Z  INFO  {SST811} SST811: Copied 0 rows.
2026-04-23 13:29:29,477 +0000Z  INFO  {SSTRAL} Copy SSTRAL
2026-04-23 13:29:29,479 +0000Z  INFO  {SSTECH} SSTECH: Copied 0 rows.
2026-04-23 13:29:29,481 +0000Z  INFO  {SSTYCH} Copy SSTYCH
2026-04-23 13:29:29,484 +0000Z  INFO  {SSTRAL} SSTRAL: Copied 0 rows.
2026-04-23 13:29:29,485 +0000Z  INFO  {SSTYDO} Copy SSTYDO
2026-04-23 13:29:29,488 +0000Z  INFO  {SSTYCH} SSTYCH: Copied 0 rows.
2026-04-23 13:29:29,493 +0000Z  INFO  {SSTYDO} SSTYDO: Copied 0 rows.
2026-04-23 13:29:29,493 +0000Z  INFO  {SSTYPE} Copy SSTYPE
2026-04-23 13:29:29,498 +0000Z  INFO  {SSYTXH} Copy SSYTXH
2026-04-23 13:29:29,502 +0000Z  INFO  {SSYTXL} Copy SSYTXL
2026-04-23 13:29:29,505 +0000Z  INFO  {SSTYPE} SSTYPE: Copied 0 rows.
2026-04-23 13:29:29,506 +0000Z  INFO  {SSYTXH} SSYTXH: Copied 0 rows.
2026-04-23 13:29:29,507 +0000Z  INFO  {SSZONE} Copy SSZONE
2026-04-23 13:29:29,509 +0000Z  INFO  {SSYTXL} SSYTXL: Copied 0 rows.
2026-04-23 13:29:29,511 +0000Z  INFO  {ST1350} Copy ST1350
2026-04-23 13:29:29,514 +0000Z  INFO  {SSZONE} SSZONE: Copied 0 rows.
2026-04-23 13:29:29,516 +0000Z  INFO  {ST6502} Copy ST6502
2026-04-23 13:29:29,518 +0000Z  INFO  {ST1350} ST1350: Copied 0 rows.
2026-04-23 13:29:29,520 +0000Z  INFO  {ST8201} Copy ST8201
2026-04-23 13:29:29,524 +0000Z  INFO  {ST6502} ST6502: Copied 0 rows.
2026-04-23 13:29:29,524 +0000Z  INFO  {STACHR} Copy STACHR
2026-04-23 13:29:29,527 +0000Z  INFO  {ST8201} ST8201: Copied 0 rows.
2026-04-23 13:29:29,529 +0000Z  INFO  {STACON} Copy STACON
2026-04-23 13:29:29,532 +0000Z  INFO  {STACHR} STACHR: Copied 0 rows.
2026-04-23 13:29:29,534 +0000Z  INFO  {STADCH} Copy STADCH
2026-04-23 13:29:29,536 +0000Z  INFO  {STACON} STACON: Copied 0 rows.
2026-04-23 13:29:29,539 +0000Z  INFO  {STADCM} Copy STADCM
2026-04-23 13:29:29,543 +0000Z  INFO  {STADCH} STADCH: Copied 0 rows.
2026-04-23 13:29:29,543 +0000Z  INFO  {STAGDN} Copy STAGDN
2026-04-23 13:29:29,546 +0000Z  INFO  {STADCM} STADCM: Copied 0 rows.
2026-04-23 13:29:29,548 +0000Z  INFO  {STAGHD} Copy STAGHD
2026-04-23 13:29:29,551 +0000Z  INFO  {STAGDN} STAGDN: Copied 0 rows.
2026-04-23 13:29:29,557 +0000Z  INFO  {STAGHD} STAGHD: Copied 0 rows.
2026-04-23 13:29:29,558 +0000Z  INFO  {STAGHE} Copy STAGHE
2026-04-23 13:29:29,563 +0000Z  INFO  {STAGHH} Copy STAGHH
2026-04-23 13:29:29,568 +0000Z  INFO  {STAGHL} Copy STAGHL
2026-04-23 13:29:29,571 +0000Z  INFO  {STAGHH} STAGHH: Copied 0 rows.
2026-04-23 13:29:29,572 +0000Z  INFO  {STAGHE} STAGHE: Copied 0 rows.
2026-04-23 13:29:29,572 +0000Z  INFO  {STAGHT} Copy STAGHT
2026-04-23 13:29:29,576 +0000Z  INFO  {STAGHL} STAGHL: Copied 0 rows.
2026-04-23 13:29:29,580 +0000Z  INFO  {STAGHT} STAGHT: Copied 0 rows.
2026-04-23 13:29:29,632 +0000Z  INFO  {STAGLI} Copy STAGLI
2026-04-23 13:29:29,640 +0000Z  INFO  {STAGLW} Copy STAGLW
2026-04-23 13:29:29,646 +0000Z  INFO  {STAGPD} Copy STAGPD
2026-04-23 13:29:29,652 +0000Z  INFO  {STAGPH} Copy STAGPH
2026-04-23 13:29:29,656 +0000Z  INFO  {STAGLW} STAGLW: Copied 0 rows.
2026-04-23 13:29:29,657 +0000Z  INFO  {STAGPD} STAGPD: Copied 0 rows.
2026-04-23 13:29:29,658 +0000Z  INFO  {STAGPL} Copy STAGPL
2026-04-23 13:29:29,662 +0000Z  INFO  {STALIA} Copy STALIA
2026-04-23 13:29:29,663 +0000Z  INFO  {STAGPH} STAGPH: Copied 0 rows.
2026-04-23 13:29:29,669 +0000Z  INFO  {STALIN} Copy STALIN
2026-04-23 13:29:29,673 +0000Z  INFO  {STAGPL} STAGPL: Copied 0 rows.
2026-04-23 13:29:29,675 +0000Z  INFO  {STALIA} STALIA: Copied 0 rows.
2026-04-23 13:29:29,675 +0000Z  INFO  {STALRC} Copy STALRC
2026-04-23 13:29:29,680 +0000Z  INFO  {STALIN} STALIN: Copied 0 rows.
2026-04-23 13:29:29,690 +0000Z  INFO  {STALRC} STALRC: Copied 0 rows.
2026-04-23 13:29:29,691 +0000Z  INFO  {STAOTP} Copy STAOTP
2026-04-23 13:29:29,696 +0000Z  INFO  {STARCH} Copy STARCH
2026-04-23 13:29:29,700 +0000Z  INFO  {STARUT} Copy STARUT
2026-04-23 13:29:29,701 +0000Z  INFO  {STAGLI} STAGLI: Copied 0 rows.
2026-04-23 13:29:29,702 +0000Z  INFO  {STARCH} STARCH: Copied 0 rows.
2026-04-23 13:29:29,704 +0000Z  INFO  {STBOIN} Copy STBOIN
2026-04-23 13:29:29,707 +0000Z  INFO  {STARUT} STARUT: Copied 0 rows.
2026-04-23 13:29:29,709 +0000Z  INFO  {STBOUT} Copy STBOUT
2026-04-23 13:29:29,711 +0000Z  INFO  {STAOTP} STAOTP: Copied 0 rows.
2026-04-23 13:29:29,712 +0000Z  INFO  {STBOIN} STBOIN: Copied 0 rows.
2026-04-23 13:29:29,713 +0000Z  INFO  {STCALI} Copy STCALI
2026-04-23 13:29:29,716 +0000Z  INFO  {STBOUT} STBOUT: Copied 0 rows.
2026-04-23 13:29:29,718 +0000Z  INFO  {STCFCU} Copy STCFCU
2026-04-23 13:29:29,721 +0000Z  INFO  {STCALI} STCALI: Copied 0 rows.
2026-04-23 13:29:29,722 +0000Z  INFO  {STCFLO} Copy STCFLO
2026-04-23 13:29:29,725 +0000Z  INFO  {STCFCU} STCFCU: Copied 0 rows.
2026-04-23 13:29:29,727 +0000Z  INFO  {STCFPL} Copy STCFPL
2026-04-23 13:29:29,730 +0000Z  INFO  {STCFLO} STCFLO: Copied 0 rows.
2026-04-23 13:29:29,733 +0000Z  INFO  {STCHCU} Copy STCHCU
2026-04-23 13:29:29,736 +0000Z  INFO  {STCFPL} STCFPL: Copied 0 rows.
2026-04-23 13:29:29,737 +0000Z  INFO  {STCONT} Copy STCONT
2026-04-23 13:29:29,740 +0000Z  INFO  {STCHCU} STCHCU: Copied 0 rows.
2026-04-23 13:29:29,742 +0000Z  INFO  {STCRPO} Copy STCRPO
2026-04-23 13:29:29,744 +0000Z  INFO  {STCONT} STCONT: Copied 0 rows.
2026-04-23 13:29:29,747 +0000Z  INFO  {STCURV} Copy STCURV
2026-04-23 13:29:29,750 +0000Z  INFO  {STCRPO} STCRPO: Copied 0 rows.
2026-04-23 13:29:29,752 +0000Z  INFO  {STDEPO} Copy STDEPO
2026-04-23 13:29:29,754 +0000Z  INFO  {STCURV} STCURV: Copied 0 rows.
2026-04-23 13:29:29,757 +0000Z  INFO  {STDFCH} Copy STDFCH
2026-04-23 13:29:29,761 +0000Z  INFO  {STDIAR} Copy STDIAR
2026-04-23 13:29:29,762 +0000Z  INFO  {STDEPO} STDEPO: Copied 0 rows.
2026-04-23 13:29:29,764 +0000Z  INFO  {STDFCH} STDFCH: Copied 0 rows.
2026-04-23 13:29:29,766 +0000Z  INFO  {STDPOT} Copy STDPOT
2026-04-23 13:29:29,771 +0000Z  INFO  {STEXCH} Copy STEXCH
2026-04-23 13:29:29,771 +0000Z  INFO  {STDIAR} STDIAR: Copied 0 rows.
2026-04-23 13:29:29,774 +0000Z  INFO  {STDPOT} STDPOT: Copied 0 rows.
2026-04-23 13:29:29,776 +0000Z  INFO  {STGECO} Copy STGECO
2026-04-23 13:29:29,779 +0000Z  INFO  {STEXCH} STEXCH: Copied 0 rows.
2026-04-23 13:29:29,781 +0000Z  INFO  {STGEIT} Copy STGEIT
2026-04-23 13:29:29,784 +0000Z  INFO  {STGECO} STGECO: Copied 0 rows.
2026-04-23 13:29:29,789 +0000Z  INFO  {STHCHR} Copy STHCHR
2026-04-23 13:29:29,789 +0000Z  INFO  {STGEIT} STGEIT: Copied 0 rows.
2026-04-23 13:29:29,794 +0000Z  INFO  {STHLCH} Copy STHLCH
2026-04-23 13:29:29,796 +0000Z  INFO  {STHCHR} STHCHR: Copied 0 rows.
2026-04-23 13:29:29,800 +0000Z  INFO  {STINDE} Copy STINDE
2026-04-23 13:29:29,805 +0000Z  INFO  {STINHE} Copy STINHE
2026-04-23 13:29:29,805 +0000Z  INFO  {STHLCH} STHLCH: Copied 0 rows.
2026-04-23 13:29:29,807 +0000Z  INFO  {STINDE} STINDE: Copied 0 rows.
2026-04-23 13:29:29,810 +0000Z  INFO  {STINHS} Copy STINHS
2026-04-23 13:29:29,813 +0000Z  INFO  {STINHE} STINHE: Copied 0 rows.
2026-04-23 13:29:29,815 +0000Z  INFO  {STINSH} Copy STINSH
2026-04-23 13:29:29,819 +0000Z  INFO  {STINHS} STINHS: Copied 0 rows.
2026-04-23 13:29:29,821 +0000Z  INFO  {STINTH} Copy STINTH
2026-04-23 13:29:29,822 +0000Z  INFO  {STINSH} STINSH: Copied 0 rows.
2026-04-23 13:29:29,826 +0000Z  INFO  {STLICH} Copy STLICH
2026-04-23 13:29:29,829 +0000Z  INFO  {STINTH} STINTH: Copied 0 rows.
2026-04-23 13:29:29,831 +0000Z  INFO  {STLICP} Copy STLICP
2026-04-23 13:29:29,835 +0000Z  INFO  {STLICH} STLICH: Copied 0 rows.
2026-04-23 13:29:29,835 +0000Z  INFO  {STLICT} Copy STLICT
2026-04-23 13:29:29,840 +0000Z  INFO  {STLICP} STLICP: Copied 0 rows.
2026-04-23 13:29:29,840 +0000Z  INFO  {STLID1} Copy STLID1
2026-04-23 13:29:29,845 +0000Z  INFO  {STLICT} STLICT: Copied 0 rows.
2026-04-23 13:29:29,845 +0000Z  INFO  {STLIDE} Copy STLIDE
2026-04-23 13:29:29,848 +0000Z  INFO  {STLID1} STLID1: Copied 0 rows.
2026-04-23 13:29:29,849 +0000Z  INFO  {STLIDO} Copy STLIDO
2026-04-23 13:29:29,854 +0000Z  INFO  {STLIDE} STLIDE: Copied 0 rows.
2026-04-23 13:29:29,855 +0000Z  INFO  {STLIND} Copy STLIND
2026-04-23 13:29:29,859 +0000Z  INFO  {STLINK} Copy STLINK
2026-04-23 13:29:29,860 +0000Z  INFO  {STLIDO} STLIDO: Copied 0 rows.
2026-04-23 13:29:29,864 +0000Z  INFO  {STLITR} Copy STLITR
2026-04-23 13:29:29,867 +0000Z  INFO  {STLIND} STLIND: Copied 0 rows.
2026-04-23 13:29:29,868 +0000Z  INFO  {STLTMA} Copy STLTMA
2026-04-23 13:29:29,869 +0000Z  INFO  {STLINK} STLINK: Copied 0 rows.
2026-04-23 13:29:29,873 +0000Z  INFO  {STMETR} Copy STMETR
2026-04-23 13:29:29,874 +0000Z  INFO  {STLITR} STLITR: Copied 0 rows.
2026-04-23 13:29:29,875 +0000Z  INFO  {STLTMA} STLTMA: Copied 0 rows.
2026-04-23 13:29:29,879 +0000Z  INFO  {STMPSH} Copy STMPSH
2026-04-23 13:29:29,879 +0000Z  INFO  {STMETR} STMETR: Copied 0 rows.
2026-04-23 13:29:29,884 +0000Z  INFO  {STOCHR} Copy STOCHR
2026-04-23 13:29:29,888 +0000Z  INFO  {STMPSH} STMPSH: Copied 0 rows.
2026-04-23 13:29:29,888 +0000Z  INFO  {STOREX} Copy STOREX
2026-04-23 13:29:29,891 +0000Z  INFO  {STOCHR} STOCHR: Copied 0 rows.
2026-04-23 13:29:29,893 +0000Z  INFO  {STPINV} Copy STPINV
2026-04-23 13:29:29,896 +0000Z  INFO  {STOREX} STOREX: Copied 0 rows.
2026-04-23 13:29:29,897 +0000Z  INFO  {STPMOW} Copy STPMOW
2026-04-23 13:29:29,901 +0000Z  INFO  {STPINV} STPINV: Copied 0 rows.
2026-04-23 13:29:29,901 +0000Z  INFO  {STPMTR} Copy STPMTR
2026-04-23 13:29:29,904 +0000Z  INFO  {STPMOW} STPMOW: Copied 0 rows.
2026-04-23 13:29:29,908 +0000Z  INFO  {STPRIL} Copy STPRIL
2026-04-23 13:29:29,908 +0000Z  INFO  {STPMTR} STPMTR: Copied 0 rows.
2026-04-23 13:29:29,913 +0000Z  INFO  {STPRMM} Copy STPRMM
2026-04-23 13:29:29,917 +0000Z  INFO  {STPRIL} STPRIL: Copied 0 rows.
2026-04-23 13:29:29,919 +0000Z  INFO  {STPRMT} Copy STPRMT
2026-04-23 13:29:29,921 +0000Z  INFO  {STPRMM} STPRMM: Copied 0 rows.
2026-04-23 13:29:29,923 +0000Z  INFO  {STPRSP} Copy STPRSP
2026-04-23 13:29:29,926 +0000Z  INFO  {STPRMT} STPRMT: Copied 0 rows.
2026-04-23 13:29:29,928 +0000Z  INFO  {STPRSV} Copy STPRSV
2026-04-23 13:29:29,930 +0000Z  INFO  {STPRSP} STPRSP: Copied 0 rows.
2026-04-23 13:29:29,932 +0000Z  INFO  {STPSDH} Copy STPSDH
2026-04-23 13:29:29,936 +0000Z  INFO  {STPRSV} STPRSV: Copied 0 rows.
2026-04-23 13:29:29,937 +0000Z  INFO  {STPSDL} Copy STPSDL
2026-04-23 13:29:29,939 +0000Z  INFO  {STPSDH} STPSDH: Copied 0 rows.
2026-04-23 13:29:29,941 +0000Z  INFO  {STPSHE} Copy STPSHE
2026-04-23 13:29:29,943 +0000Z  INFO  {STPSDL} STPSDL: Copied 0 rows.
2026-04-23 13:29:29,945 +0000Z  INFO  {STPSLI} Copy STPSLI
2026-04-23 13:29:29,948 +0000Z  INFO  {STPSHE} STPSHE: Copied 0 rows.
2026-04-23 13:29:29,950 +0000Z  INFO  {STPSLN} Copy STPSLN
2026-04-23 13:29:29,952 +0000Z  INFO  {STPSLI} STPSLI: Copied 0 rows.
2026-04-23 13:29:29,955 +0000Z  INFO  {STPSPR} Copy STPSPR
2026-04-23 13:29:29,957 +0000Z  INFO  {STPSLN} STPSLN: Copied 0 rows.
2026-04-23 13:29:29,960 +0000Z  INFO  {STRDRY} Copy STRDRY
2026-04-23 13:29:29,963 +0000Z  INFO  {STPSPR} STPSPR: Copied 0 rows.
2026-04-23 13:29:29,964 +0000Z  INFO  {STRECO} Copy STRECO
2026-04-23 13:29:29,968 +0000Z  INFO  {STRDRY} STRDRY: Copied 0 rows.
2026-04-23 13:29:29,970 +0000Z  INFO  {STRERE} Copy STRERE
2026-04-23 13:29:29,971 +0000Z  INFO  {STRECO} STRECO: Copied 0 rows.
2026-04-23 13:29:29,974 +0000Z  INFO  {STRHIS} Copy STRHIS
2026-04-23 13:29:29,979 +0000Z  INFO  {STRIMD} Copy STRIMD
2026-04-23 13:29:29,980 +0000Z  INFO  {STRERE} STRERE: Copied 0 rows.
2026-04-23 13:29:29,982 +0000Z  INFO  {STRHIS} STRHIS: Copied 0 rows.
2026-04-23 13:29:29,984 +0000Z  INFO  {STRMTR} Copy STRMTR
2026-04-23 13:29:29,986 +0000Z  INFO  {STRIMD} STRIMD: Copied 0 rows.
2026-04-23 13:29:29,988 +0000Z  INFO  {STRMTX} Copy STRMTX
2026-04-23 13:29:29,991 +0000Z  INFO  {STRMTR} STRMTR: Copied 0 rows.
2026-04-23 13:29:29,992 +0000Z  INFO  {STRPLN} Copy STRPLN
2026-04-23 13:29:29,995 +0000Z  INFO  {STRMTX} STRMTX: Copied 0 rows.
2026-04-23 13:29:29,997 +0000Z  INFO  {STRVCD} Copy STRVCD
2026-04-23 13:29:29,999 +0000Z  INFO  {STRPLN} STRPLN: Copied 0 rows.
2026-04-23 13:29:30,001 +0000Z  INFO  {STSHIS} Copy STSHIS
2026-04-23 13:29:30,011 +0000Z  INFO  {STRVCD} STRVCD: Copied 0 rows.
2026-04-23 13:29:30,020 +0000Z  INFO  {STSHIS} STSHIS: Copied 0 rows.
2026-04-23 13:29:30,024 +0000Z  INFO  {STSIMV} Copy STSIMV
2026-04-23 13:29:30,032 +0000Z  INFO  {STSIMV} STSIMV: Copied 0 rows.
2026-04-23 13:29:30,032 +0000Z  INFO  {STSPLN} Copy STSPLN
2026-04-23 13:29:30,040 +0000Z  INFO  {STSPLN} STSPLN: Copied 0 rows.
2026-04-23 13:29:30,044 +0000Z  INFO  {STTRAN} Copy STTRAN
2026-04-23 13:29:30,049 +0000Z  INFO  {STUFVA} Copy STUFVA
2026-04-23 13:29:30,054 +0000Z  INFO  {STTRAN} STTRAN: Copied 0 rows.
2026-04-23 13:29:30,054 +0000Z  INFO  {STUPCO} Copy STUPCO
2026-04-23 13:29:30,058 +0000Z  INFO  {STUFVA} STUFVA: Copied 0 rows.
2026-04-23 13:29:30,061 +0000Z  INFO  {STUTIL} Copy STUTIL
2026-04-23 13:29:30,062 +0000Z  INFO  {STUPCO} STUPCO: Copied 0 rows.
2026-04-23 13:29:30,066 +0000Z  INFO  {STUTIS} Copy STUTIS
2026-04-23 13:29:30,071 +0000Z  INFO  {STWHCU} Copy STWHCU
2026-04-23 13:29:30,072 +0000Z  INFO  {STUTIL} STUTIL: Copied 0 rows.
2026-04-23 13:29:30,074 +0000Z  INFO  {STUTIS} STUTIS: Copied 0 rows.
2026-04-23 13:29:30,075 +0000Z  INFO  {STWINS} Copy STWINS
2026-04-23 13:29:30,078 +0000Z  INFO  {STWHCU} STWHCU: Copied 0 rows.
2026-04-23 13:29:30,080 +0000Z  INFO  {SWCHCU} Copy SWCHCU
2026-04-23 13:29:30,082 +0000Z  INFO  {STWINS} STWINS: Copied 0 rows.
2026-04-23 13:29:30,085 +0000Z  INFO  {SXADRE} Copy SXADRE
2026-04-23 13:29:30,087 +0000Z  INFO  {SWCHCU} SWCHCU: Copied 0 rows.
2026-04-23 13:29:30,090 +0000Z  INFO  {SXCNTR} Copy SXCNTR
2026-04-23 13:29:30,092 +0000Z  INFO  {SXADRE} SXADRE: Copied 0 rows.
2026-04-23 13:29:30,098 +0000Z  INFO  {SXCNTR} SXCNTR: Copied 0 rows.
2026-04-23 13:29:30,110 +0000Z  INFO  {SXHEAD} Copy SXHEAD
2026-04-23 13:29:30,128 +0000Z  INFO  {SXJOBH} Copy SXJOBH
2026-04-23 13:29:30,134 +0000Z  INFO  {SXHEAD} SXHEAD: Copied 0 rows.
2026-04-23 13:29:30,149 +0000Z  INFO  {SXLINE} Copy SXLINE
2026-04-23 13:29:30,151 +0000Z  INFO  {SXJOBH} SXJOBH: Copied 0 rows.
2026-04-23 13:29:30,153 +0000Z  INFO  {SXLIXX} Copy SXLIXX
2026-04-23 13:29:30,158 +0000Z  INFO  {TCADTP} Copy TCADTP
2026-04-23 13:29:30,161 +0000Z  INFO  {SXLIXX} SXLIXX: Copied 0 rows.
2026-04-23 13:29:30,162 +0000Z  INFO  {TCCCRS} Copy TCCCRS
2026-04-23 13:29:30,165 +0000Z  INFO  {TCADTP} TCADTP: Copied 0 rows.
2026-04-23 13:29:30,167 +0000Z  INFO  {TCCHKD} Copy TCCHKD
2026-04-23 13:29:30,170 +0000Z  INFO  {TCCCRS} TCCCRS: Copied 0 rows.
2026-04-23 13:29:30,171 +0000Z  INFO  {TCCHKH} Copy TCCHKH
2026-04-23 13:29:30,173 +0000Z  INFO  {SXLINE} SXLINE: Copied 0 rows.
2026-04-23 13:29:30,174 +0000Z  INFO  {TCCHKD} TCCHKD: Copied 0 rows.
2026-04-23 13:29:30,176 +0000Z  INFO  {TCCSIN} Copy TCCSIN
2026-04-23 13:29:30,180 +0000Z  INFO  {TCCHKH} TCCHKH: Copied 0 rows.
2026-04-23 13:29:30,181 +0000Z  INFO  {TCDOCI} Copy TCDOCI
2026-04-23 13:29:30,184 +0000Z  INFO  {TCCSIN} TCCSIN: Copied 0 rows.
2026-04-23 13:29:30,185 +0000Z  INFO  {TCERRM} Copy TCERRM
2026-04-23 13:29:30,188 +0000Z  INFO  {TCDOCI} TCDOCI: Copied 0 rows.
2026-04-23 13:29:30,193 +0000Z  INFO  {TCERRM} TCERRM: Copied 0 rows.
2026-04-23 13:29:30,195 +0000Z  INFO  {TCMSGT} Copy TCMSGT
2026-04-23 13:29:30,199 +0000Z  INFO  {TCPAID} Copy TCPAID
2026-04-23 13:29:30,203 +0000Z  INFO  {TCMSGT} TCMSGT: Copied 0 rows.
2026-04-23 13:29:30,204 +0000Z  INFO  {TCPARM} Copy TCPARM
2026-04-23 13:29:30,207 +0000Z  INFO  {TCPAID} TCPAID: Copied 0 rows.
2026-04-23 13:29:30,211 +0000Z  INFO  {TCPARM} TCPARM: Copied 0 rows.
2026-04-23 13:29:30,212 +0000Z  INFO  {USCNTY} Copy USCNTY
2026-04-23 13:29:30,217 +0000Z  INFO  {USRWSN} Copy USRWSN
2026-04-23 13:29:30,219 +0000Z  INFO  {USCNTY} USCNTY: Copied 0 rows.
2026-04-23 13:29:30,224 +0000Z  INFO  {USRWSN} USRWSN: Copied 0 rows.
2026-04-23 13:29:30,225 +0000Z  INFO  {X31401} Copy X31401
2026-04-23 13:29:30,230 +0000Z  INFO  {X31402} Copy X31402
2026-04-23 13:29:30,233 +0000Z  INFO  {X31401} X31401: Copied 0 rows.
2026-04-23 13:29:30,234 +0000Z  INFO  {X31403} Copy X31403
2026-04-23 13:29:30,237 +0000Z  INFO  {X31402} X31402: Copied 0 rows.
2026-04-23 13:29:30,239 +0000Z  INFO  {X31404} Copy X31404
2026-04-23 13:29:30,242 +0000Z  INFO  {X31403} X31403: Copied 0 rows.
2026-04-23 13:29:30,252 +0000Z  INFO  {X31404} X31404: Copied 0 rows.
2026-04-23 13:29:30,253 +0000Z  INFO  {X31406} Copy X31406
2026-04-23 13:29:30,257 +0000Z  INFO  {X31407} Copy X31407
2026-04-23 13:29:30,262 +0000Z  INFO  {X31406} X31406: Copied 0 rows.
2026-04-23 13:29:30,262 +0000Z  INFO  {X31410} Copy X31410
2026-04-23 13:29:30,265 +0000Z  INFO  {X31407} X31407: Copied 0 rows.
2026-04-23 13:29:30,269 +0000Z  INFO  {X31411} Copy X31411
2026-04-23 13:29:30,270 +0000Z  INFO  {X31410} X31410: Copied 0 rows.
2026-04-23 13:29:30,275 +0000Z  INFO  {X31412} Copy X31412
2026-04-23 13:29:30,279 +0000Z  INFO  {X31411} X31411: Copied 0 rows.
2026-04-23 13:29:30,280 +0000Z  INFO  {X31413} Copy X31413
2026-04-23 13:29:30,284 +0000Z  INFO  {X31412} X31412: Copied 0 rows.
2026-04-23 13:29:30,285 +0000Z  INFO  {X31420} Copy X31420
2026-04-23 13:29:30,288 +0000Z  INFO  {X31413} X31413: Copied 0 rows.
2026-04-23 13:29:30,292 +0000Z  INFO  {X31420} X31420: Copied 0 rows.
2026-04-23 13:29:30,292 +0000Z  INFO  {X31421} Copy X31421
2026-04-23 13:29:30,299 +0000Z  INFO  {X31422} Copy X31422
2026-04-23 13:29:30,303 +0000Z  INFO  {X31421} X31421: Copied 0 rows.
2026-04-23 13:29:30,305 +0000Z  INFO  {X31423} Copy X31423
2026-04-23 13:29:30,309 +0000Z  INFO  {X31424} Copy X31424
2026-04-23 13:29:30,310 +0000Z  INFO  {X31422} X31422: Copied 0 rows.
2026-04-23 13:29:30,313 +0000Z  INFO  {X31423} X31423: Copied 0 rows.
2026-04-23 13:29:30,314 +0000Z  INFO  {XI2HEA} Copy XI2HEA
2026-04-23 13:29:30,316 +0000Z  INFO  {X31424} X31424: Copied 0 rows.
2026-04-23 13:29:30,318 +0000Z  INFO  {XI2HED} Copy XI2HED
2026-04-23 13:29:30,321 +0000Z  INFO  {XI2HEA} XI2HEA: Copied 0 rows.
2026-04-23 13:29:30,323 +0000Z  INFO  {XI2OPA} Copy XI2OPA
2026-04-23 13:29:30,325 +0000Z  INFO  {XI2HED} XI2HED: Copied 0 rows.
2026-04-23 13:29:30,327 +0000Z  INFO  {XI2OPE} Copy XI2OPE
2026-04-23 13:29:30,330 +0000Z  INFO  {XI2OPA} XI2OPA: Copied 0 rows.
2026-04-23 13:29:30,332 +0000Z  INFO  {XPRBAS} Copy XPRBAS
2026-04-23 13:29:30,335 +0000Z  INFO  {XI2OPE} XI2OPE: Copied 0 rows.
2026-04-23 13:29:30,337 +0000Z  INFO  {XPRICL} Copy XPRICL
2026-04-23 13:29:30,340 +0000Z  INFO  {XPRBAS} XPRBAS: Copied 0 rows.
2026-04-23 13:29:30,341 +0000Z  INFO  {XSYDO2} Copy XSYDO2
2026-04-23 13:29:30,345 +0000Z  INFO  {XPRICL} XPRICL: Copied 0 rows.
2026-04-23 13:29:30,346 +0000Z  INFO  {XSYDOF} Copy XSYDOF
2026-04-23 13:29:30,348 +0000Z  INFO  {XSYDO2} XSYDO2: Copied 0 rows.
2026-04-23 13:29:30,350 +0000Z  INFO  {XSYDOH} Copy XSYDOH
2026-04-23 13:29:30,353 +0000Z  INFO  {XSYDOF} XSYDOF: Copied 0 rows.
2026-04-23 13:29:30,354 +0000Z  INFO  {XSYDOL} Copy XSYDOL
2026-04-23 13:29:30,357 +0000Z  INFO  {XSYDOH} XSYDOH: Copied 0 rows.
2026-04-23 13:29:30,359 +0000Z  INFO  {ZQYTXH} Copy ZQYTXH
2026-04-23 13:29:30,361 +0000Z  INFO  {XSYDOL} XSYDOL: Copied 0 rows.
2026-04-23 13:29:30,363 +0000Z  INFO  {ZWLPSC} Copy ZWLPSC
2026-04-23 13:29:30,366 +0000Z  INFO  {ZQYTXH} ZQYTXH: Copied 0 rows.
2026-04-23 13:29:30,368 +0000Z  INFO  {ZWMPIS} Copy ZWMPIS
2026-04-23 13:29:30,371 +0000Z  INFO  {ZWLPSC} ZWLPSC: Copied 0 rows.
2026-04-23 13:29:30,375 +0000Z  INFO  {ZWMPIS} ZWMPIS: Copied 0 rows.
2026-04-23 13:29:30,378 +0000Z  INFO       Table         : AACFLY (0 records)
2026-04-23 13:29:30,378 +0000Z  INFO       Table         : ACERTH (0 records)
2026-04-23 13:29:30,378 +0000Z  INFO       Table         : ACLCHR (0 records)
2026-04-23 13:29:30,378 +0000Z  INFO       Table         : ACLHED (0 records)
2026-04-23 13:29:30,378 +0000Z  INFO       Table         : ACLSPC (0 records)
2026-04-23 13:29:30,378 +0000Z  INFO       Table         : ACLTYP (0 records)
2026-04-23 13:29:30,378 +0000Z  INFO       Table         : ACLVER (0 records)
2026-04-23 13:29:30,378 +0000Z  INFO       Table         : ACO670 (0 records)
2026-04-23 13:29:30,378 +0000Z  INFO       Table         : ACREWI (0 records)
2026-04-23 13:29:30,378 +0000Z  INFO       Table         : ACSALS (0 records)
2026-04-23 13:29:30,378 +0000Z  INFO       Table         : ACUAAV (0 records)
2026-04-23 13:29:30,378 +0000Z  INFO       Table         : ACUACC (0 records)
2026-04-23 13:29:30,378 +0000Z  INFO       Table         : ACUACL (0 records)
2026-04-23 13:29:30,378 +0000Z  INFO       Table         : ACUAEX (0 records)
2026-04-23 13:29:30,378 +0000Z  INFO       Table         : ACUAGA (0 records)
2026-04-23 13:29:30,378 +0000Z  INFO       Table         : ACUAGB (0 records)
2026-04-23 13:29:30,378 +0000Z  INFO       Table         : ACUAGC (0 records)
2026-04-23 13:29:30,378 +0000Z  INFO       Table         : ACUAGD (0 records)
2026-04-23 13:29:30,378 +0000Z  INFO       Table         : ACUAGE (0 records)
2026-04-23 13:29:30,378 +0000Z  INFO       Table         : ACUAGH (0 records)
2026-04-23 13:29:30,378 +0000Z  INFO       Table         : ACUAGI (0 records)
2026-04-23 13:29:30,378 +0000Z  INFO       Table         : ACUAGK (0 records)
2026-04-23 13:29:30,378 +0000Z  INFO       Table         : ACUAGL (0 records)
2026-04-23 13:29:30,378 +0000Z  INFO       Table         : ACUAGM (0 records)
2026-04-23 13:29:30,378 +0000Z  INFO       Table         : ACUAGN (0 records)
2026-04-23 13:29:30,378 +0000Z  INFO       Table         : ACUAGO (0 records)
2026-04-23 13:29:30,378 +0000Z  INFO       Table         : ACUAGP (0 records)
2026-04-23 13:29:30,378 +0000Z  INFO       Table         : ACUAGR (0 records)
2026-04-23 13:29:30,378 +0000Z  INFO       Table         : ACUAGS (0 records)
2026-04-23 13:29:30,378 +0000Z  INFO       Table         : ACUAGT (0 records)
2026-04-23 13:29:30,378 +0000Z  INFO       Table         : ACUAGU (0 records)
2026-04-23 13:29:30,378 +0000Z  INFO       Table         : ACUAGW (0 records)
2026-04-23 13:29:30,378 +0000Z  INFO       Table         : ACUAGY (0 records)
2026-04-23 13:29:30,378 +0000Z  INFO       Table         : ACUALS (0 records)
2026-04-23 13:29:30,378 +0000Z  INFO       Table         : ACUAPS (0 records)
2026-04-23 13:29:30,378 +0000Z  INFO       Table         : ACUASA (0 records)
2026-04-23 13:29:30,378 +0000Z  INFO       Table         : ACUASB (0 records)
2026-04-23 13:29:30,378 +0000Z  INFO       Table         : ACUAWS (0 records)
2026-04-23 13:29:30,378 +0000Z  INFO       Table         : ACUBUD (0 records)
2026-04-23 13:29:30,378 +0000Z  INFO       Table         : ACUCPD (0 records)
2026-04-23 13:29:30,378 +0000Z  INFO       Table         : ACUDTW (0 records)
2026-04-23 13:29:30,378 +0000Z  INFO       Table         : ACUDTX (0 records)
2026-04-23 13:29:30,378 +0000Z  INFO       Table         : ACUEXP (0 records)
2026-04-23 13:29:30,378 +0000Z  INFO       Table         : ACUHIT (0 records)
2026-04-23 13:29:30,378 +0000Z  INFO       Table         : ACUICH (0 records)
2026-04-23 13:29:30,378 +0000Z  INFO       Table         : ACUICT (0 records)
2026-04-23 13:29:30,378 +0000Z  INFO       Table         : ACUIHW (0 records)
2026-04-23 13:29:30,378 +0000Z  INFO       Table         : ACUILW (0 records)
2026-04-23 13:29:30,378 +0000Z  INFO       Table         : ACUINV (0 records)
2026-04-23 13:29:30,378 +0000Z  INFO       Table         : ACUIRW (0 records)
2026-04-23 13:29:30,378 +0000Z  INFO       Table         : ACUIVH (0 records)
2026-04-23 13:29:30,378 +0000Z  INFO       Table         : ACUIVL (0 records)
2026-04-23 13:29:30,378 +0000Z  INFO       Table         : ACUIVR (0 records)
2026-04-23 13:29:30,378 +0000Z  INFO       Table         : ACULSR (0 records)
2026-04-23 13:29:30,378 +0000Z  INFO       Table         : ACUMAC (0 records)
2026-04-23 13:29:30,378 +0000Z  INFO       Table         : ACUMAT (0 records)
2026-04-23 13:29:30,378 +0000Z  INFO       Table         : ACUMEP (0 records)
2026-04-23 13:29:30,378 +0000Z  INFO       Table         : ACUMIS (0 records)
2026-04-23 13:29:30,378 +0000Z  INFO       Table         : ACUMOC (0 records)
2026-04-23 13:29:30,378 +0000Z  INFO       Table         : ACUMOT (0 records)
2026-04-23 13:29:30,378 +0000Z  INFO       Table         : ACUOEX (0 records)
2026-04-23 13:29:30,378 +0000Z  INFO       Table         : ACUOLC (0 records)
2026-04-23 13:29:30,378 +0000Z  INFO       Table         : ACUOLD (0 records)
2026-04-23 13:29:30,378 +0000Z  INFO       Table         : ACUOLP (0 records)
2026-04-23 13:29:30,378 +0000Z  INFO       Table         : ACUOLS (0 records)
2026-04-23 13:29:30,378 +0000Z  INFO       Table         : ACUOOS (0 records)
2026-04-23 13:29:30,378 +0000Z  INFO       Table         : ACUOQH (0 records)
2026-04-23 13:29:30,378 +0000Z  INFO       Table         : ACUORA (0 records)
2026-04-23 13:29:30,378 +0000Z  INFO       Table         : ACUORC (0 records)
2026-04-23 13:29:30,378 +0000Z  INFO       Table         : ACUORD (0 records)
2026-04-23 13:29:30,378 +0000Z  INFO       Table         : ACUORH (0 records)
2026-04-23 13:29:30,378 +0000Z  INFO       Table         : ACUORL (0 records)
2026-04-23 13:29:30,378 +0000Z  INFO       Table         : ACUORM (0 records)
2026-04-23 13:29:30,378 +0000Z  INFO       Table         : ACUORN (0 records)
2026-04-23 13:29:30,378 +0000Z  INFO       Table         : ACUORP (0 records)
2026-04-23 13:29:30,378 +0000Z  INFO       Table         : ACUORS (0 records)
2026-04-23 13:29:30,378 +0000Z  INFO       Table         : ACUORX (0 records)
2026-04-23 13:29:30,378 +0000Z  INFO       Table         : ACUOTD (0 records)
2026-04-23 13:29:30,378 +0000Z  INFO       Table         : ACUOTX (0 records)
2026-04-23 13:29:30,378 +0000Z  INFO       Table         : ACUOTY (0 records)
2026-04-23 13:29:30,378 +0000Z  INFO       Table         : ACUPBH (0 records)
2026-04-23 13:29:30,378 +0000Z  INFO       Table         : ACUPER (0 records)
2026-04-23 13:29:30,378 +0000Z  INFO       Table         : ACUPPP (0 records)
2026-04-23 13:29:30,378 +0000Z  INFO       Table         : ACUPRT (0 records)
2026-04-23 13:29:30,378 +0000Z  INFO       Table         : ACURRL (0 records)
2026-04-23 13:29:30,378 +0000Z  INFO       Table         : ACUSCA (0 records)
2026-04-23 13:29:30,378 +0000Z  INFO       Table         : ACUSCO (0 records)
2026-04-23 13:29:30,378 +0000Z  INFO       Table         : ACUSTE (0 records)
2026-04-23 13:29:30,378 +0000Z  INFO       Table         : ACUVIP (0 records)
2026-04-23 13:29:30,378 +0000Z  INFO       Table         : ACUWCP (0 records)
2026-04-23 13:29:30,378 +0000Z  INFO       Table         : ACUXTP (0 records)
2026-04-23 13:29:30,378 +0000Z  INFO       Table         : ACUXVD (0 records)
2026-04-23 13:29:30,378 +0000Z  INFO       Table         : ADALVL (0 records)
2026-04-23 13:29:30,378 +0000Z  INFO       Table         : ADCALM (0 records)
2026-04-23 13:29:30,378 +0000Z  INFO       Table         : ADCOPO (0 records)
2026-04-23 13:29:30,378 +0000Z  INFO       Table         : ADEACT (0 records)
2026-04-23 13:29:30,378 +0000Z  INFO       Table         : ADEATT (0 records)
2026-04-23 13:29:30,378 +0000Z  INFO       Table         : ADECAU (0 records)
2026-04-23 13:29:30,378 +0000Z  INFO       Table         : ADECPL (0 records)
2026-04-23 13:29:30,378 +0000Z  INFO       Table         : ADECPS (0 records)
2026-04-23 13:29:30,378 +0000Z  INFO       Table         : ADEDDI (0 records)
2026-04-23 13:29:30,378 +0000Z  INFO       Table         : ADEDIC (0 records)
2026-04-23 13:29:30,378 +0000Z  INFO       Table         : ADEDII (0 records)
2026-04-23 13:29:30,378 +0000Z  INFO       Table         : ADEERR (0 records)
2026-04-23 13:29:30,378 +0000Z  INFO       Table         : ADEISO (0 records)
2026-04-23 13:29:30,378 +0000Z  INFO       Table         : ADELRE (0 records)
2026-04-23 13:29:30,378 +0000Z  INFO       Table         : ADESDI (0 records)
2026-04-23 13:29:30,378 +0000Z  INFO       Table         : AEMEQI (0 records)
2026-04-23 13:29:30,379 +0000Z  INFO       Table         : AEMERR (0 records)
2026-04-23 13:29:30,379 +0000Z  INFO       Table         : AEMLOC (0 records)
2026-04-23 13:29:30,379 +0000Z  INFO       Table         : AEMMES (0 records)
2026-04-23 13:29:30,379 +0000Z  INFO       Table         : AEMSWI (0 records)
2026-04-23 13:29:30,379 +0000Z  INFO       Table         : AEXCHI (0 records)
2026-04-23 13:29:30,379 +0000Z  INFO       Table         : AFAFLN (0 records)
2026-04-23 13:29:30,379 +0000Z  INFO       Table         : AFLCRW (0 records)
2026-04-23 13:29:30,379 +0000Z  INFO       Table         : AFLEXM (0 records)
2026-04-23 13:29:30,379 +0000Z  INFO       Table         : AFLFLI (0 records)
2026-04-23 13:29:30,379 +0000Z  INFO       Table         : AFLLOD (0 records)
2026-04-23 13:29:30,379 +0000Z  INFO       Table         : AFLLOG (0 records)
2026-04-23 13:29:30,379 +0000Z  INFO       Table         : AFLMET (0 records)
2026-04-23 13:29:30,379 +0000Z  INFO       Table         : AFLMIS (0 records)
2026-04-23 13:29:30,379 +0000Z  INFO       Table         : AINUPD (0 records)
2026-04-23 13:29:30,379 +0000Z  INFO       Table         : AINVRO (0 records)
2026-04-23 13:29:30,379 +0000Z  INFO       Table         : AIPALT (0 records)
2026-04-23 13:29:30,379 +0000Z  INFO       Table         : AIPBAI (0 records)
2026-04-23 13:29:30,379 +0000Z  INFO       Table         : AIPBAS (0 records)
2026-04-23 13:29:30,379 +0000Z  INFO       Table         : AIPBOI (0 records)
2026-04-23 13:29:30,379 +0000Z  INFO       Table         : AIPBRI (0 records)
2026-04-23 13:29:30,379 +0000Z  INFO       Table         : AIPCBD (0 records)
2026-04-23 13:29:30,379 +0000Z  INFO       Table         : AIPCOM (0 records)
2026-04-23 13:29:30,379 +0000Z  INFO       Table         : AIPDIS (0 records)
2026-04-23 13:29:30,379 +0000Z  INFO       Table         : AIPEAL (0 records)
2026-04-23 13:29:30,379 +0000Z  INFO       Table         : AIPECO (0 records)
2026-04-23 13:29:30,379 +0000Z  INFO       Table         : AIPEFF (0 records)
2026-04-23 13:29:30,379 +0000Z  INFO       Table         : AIPEIT (0 records)
2026-04-23 13:29:30,379 +0000Z  INFO       Table         : AIPEOP (0 records)
2026-04-23 13:29:30,379 +0000Z  INFO       Table         : AIPERM (0 records)
2026-04-23 13:29:30,379 +0000Z  INFO       Table         : AIPESC (0 records)
2026-04-23 13:29:30,379 +0000Z  INFO       Table         : AIPHAN (0 records)
2026-04-23 13:29:30,379 +0000Z  INFO       Table         : AIPHAS (0 records)
2026-04-23 13:29:30,379 +0000Z  INFO       Table         : AIPITN (0 records)
2026-04-23 13:29:30,379 +0000Z  INFO       Table         : AIPLAN (0 records)
2026-04-23 13:29:30,379 +0000Z  INFO       Table         : AIPLIN (0 records)
2026-04-23 13:29:30,379 +0000Z  INFO       Table         : AIPLOI (0 records)
2026-04-23 13:29:30,379 +0000Z  INFO       Table         : AIPLOS (0 records)
2026-04-23 13:29:30,379 +0000Z  INFO       Table         : AIPLRI (0 records)
2026-04-23 13:29:30,379 +0000Z  INFO       Table         : AIPOIS (0 records)
2026-04-23 13:29:30,379 +0000Z  INFO       Table         : AIPOPT (0 records)
2026-04-23 13:29:30,379 +0000Z  INFO       Table         : AIPPOS (0 records)
2026-04-23 13:29:30,379 +0000Z  INFO       Table         : AIPPRO (0 records)
2026-04-23 13:29:30,379 +0000Z  INFO       Table         : AIPQTY (0 records)
2026-04-23 13:29:30,379 +0000Z  INFO       Table         : AIPRAP (0 records)
2026-04-23 13:29:30,379 +0000Z  INFO       Table         : AIPVER (0 records)
2026-04-23 13:29:30,379 +0000Z  INFO       Table         : AIRRCL (0 records)
2026-04-23 13:29:30,379 +0000Z  INFO       Table         : AISELE (0 records)
2026-04-23 13:29:30,379 +0000Z  INFO       Table         : AITATA (0 records)
2026-04-23 13:29:30,379 +0000Z  INFO       Table         : AITLSP (0 records)
2026-04-23 13:29:30,379 +0000Z  INFO       Table         : ALOANI (0 records)
2026-04-23 13:29:30,379 +0000Z  INFO       Table         : ALOPOS (0 records)
2026-04-23 13:29:30,379 +0000Z  INFO       Table         : AMCMTP (0 records)
2026-04-23 13:29:30,379 +0000Z  INFO       Table         : AMODAA (0 records)
2026-04-23 13:29:30,379 +0000Z  INFO       Table         : AMODAL (0 records)
2026-04-23 13:29:30,379 +0000Z  INFO       Table         : AMOINF (0 records)
2026-04-23 13:29:30,379 +0000Z  INFO       Table         : AMREIN (0 records)
2026-04-23 13:29:30,379 +0000Z  INFO       Table         : AMREPT (0 records)
2026-04-23 13:29:30,379 +0000Z  INFO       Table         : AMULVL (0 records)
2026-04-23 13:29:30,379 +0000Z  INFO       Table         : AMUTRA (0 records)
2026-04-23 13:29:30,379 +0000Z  INFO       Table         : AOAATA (0 records)
2026-04-23 13:29:30,379 +0000Z  INFO       Table         : AOANHE (0 records)
2026-04-23 13:29:30,379 +0000Z  INFO       Table         : AOANLI (0 records)
2026-04-23 13:29:30,379 +0000Z  INFO       Table         : AOAPPS (0 records)
2026-04-23 13:29:30,379 +0000Z  INFO       Table         : AOARCO (0 records)
2026-04-23 13:29:30,379 +0000Z  INFO       Table         : AOCESE (0 records)
2026-04-23 13:29:30,379 +0000Z  INFO       Table         : AOCHPN (0 records)
2026-04-23 13:29:30,379 +0000Z  INFO       Table         : AODACT (0 records)
2026-04-23 13:29:30,379 +0000Z  INFO       Table         : AODORE (0 records)
2026-04-23 13:29:30,379 +0000Z  INFO       Table         : AOEFAC (0 records)
2026-04-23 13:29:30,379 +0000Z  INFO       Table         : AOHEAD (0 records)
2026-04-23 13:29:30,379 +0000Z  INFO       Table         : AOLINE (0 records)
2026-04-23 13:29:30,379 +0000Z  INFO       Table         : AOMPGE (0 records)
2026-04-23 13:29:30,379 +0000Z  INFO       Table         : AOMPGL (0 records)
2026-04-23 13:29:30,379 +0000Z  INFO       Table         : AOMPGM (0 records)
2026-04-23 13:29:30,379 +0000Z  INFO       Table         : AOMPGR (0 records)
2026-04-23 13:29:30,379 +0000Z  INFO       Table         : AOOPGM (0 records)
2026-04-23 13:29:30,379 +0000Z  INFO       Table         : AOOPPL (0 records)
2026-04-23 13:29:30,379 +0000Z  INFO       Table         : AOOPPW (0 records)
2026-04-23 13:29:30,379 +0000Z  INFO       Table         : AOSCRQ (0 records)
2026-04-23 13:29:30,379 +0000Z  INFO       Table         : APDMAT (0 records)
2026-04-23 13:29:30,379 +0000Z  INFO       Table         : APDMED (0 records)
2026-04-23 13:29:30,379 +0000Z  INFO       Table         : APDMEO (0 records)
2026-04-23 13:29:30,379 +0000Z  INFO       Table         : APDOMA (0 records)
2026-04-23 13:29:30,379 +0000Z  INFO       Table         : APDOPE (0 records)
2026-04-23 13:29:30,379 +0000Z  INFO       Table         : APDOPS (0 records)
2026-04-23 13:29:30,379 +0000Z  INFO       Table         : APDPMM (0 records)
2026-04-23 13:29:30,379 +0000Z  INFO       Table         : APDRMA (0 records)
2026-04-23 13:29:30,379 +0000Z  INFO       Table         : APDSCF (0 records)
2026-04-23 13:29:30,379 +0000Z  INFO       Table         : APDSRC (0 records)
2026-04-23 13:29:30,379 +0000Z  INFO       Table         : APFEHE (0 records)
2026-04-23 13:29:30,379 +0000Z  INFO       Table         : APRMAT (0 records)
2026-04-23 13:29:30,379 +0000Z  INFO       Table         : APROPE (0 records)
2026-04-23 13:29:30,379 +0000Z  INFO       Table         : APROPS (0 records)
2026-04-23 13:29:30,379 +0000Z  INFO       Table         : APSMHE (0 records)
2026-04-23 13:29:30,379 +0000Z  INFO       Table         : APSMLI (0 records)
2026-04-23 13:29:30,379 +0000Z  INFO       Table         : APSMTP (0 records)
2026-04-23 13:29:30,379 +0000Z  INFO       Table         : APSMVF (0 records)
2026-04-23 13:29:30,379 +0000Z  INFO       Table         : APSOSD (0 records)
2026-04-23 13:29:30,379 +0000Z  INFO       Table         : APSOSH (0 records)
2026-04-23 13:29:30,379 +0000Z  INFO       Table         : APSOSO (0 records)
2026-04-23 13:29:30,379 +0000Z  INFO       Table         : APSOUT (0 records)
2026-04-23 13:29:30,379 +0000Z  INFO       Table         : APSPOR (0 records)
2026-04-23 13:29:30,379 +0000Z  INFO       Table         : APSPOS (0 records)
2026-04-23 13:29:30,379 +0000Z  INFO       Table         : APSPQO (0 records)
2026-04-23 13:29:30,379 +0000Z  INFO       Table         : AQQVER (0 records)
2026-04-23 13:29:30,379 +0000Z  INFO       Table         : AQSDRE (0 records)
2026-04-23 13:29:30,379 +0000Z  INFO       Table         : ARCDLR (0 records)
2026-04-23 13:29:30,379 +0000Z  INFO       Table         : ARCELO (0 records)
2026-04-23 13:29:30,379 +0000Z  INFO       Table         : ARCFNC (0 records)
2026-04-23 13:29:30,379 +0000Z  INFO       Table         : ARCHLO (0 records)
2026-04-23 13:29:30,379 +0000Z  INFO       Table         : ARCSCH (0 records)
2026-04-23 13:29:30,379 +0000Z  INFO       Table         : ARCSEL (0 records)
2026-04-23 13:29:30,379 +0000Z  INFO       Table         : ARCTAB (0 records)
2026-04-23 13:29:30,379 +0000Z  INFO       Table         : ARCTLO (0 records)
2026-04-23 13:29:30,379 +0000Z  INFO       Table         : ARCVWI (0 records)
2026-04-23 13:29:30,379 +0000Z  INFO       Table         : AREMOT (0 records)
2026-04-23 13:29:30,379 +0000Z  INFO       Table         : ASUBCS (0 records)
2026-04-23 13:29:30,379 +0000Z  INFO       Table         : ATDIGR (0 records)
2026-04-23 13:29:30,379 +0000Z  INFO       Table         : ATMMTX (0 records)
2026-04-23 13:29:30,379 +0000Z  INFO       Table         : ATMOTA (0 records)
2026-04-23 13:29:30,379 +0000Z  INFO       Table         : AURESU (0 records)
2026-04-23 13:29:30,379 +0000Z  INFO       Table         : AXCNTR (0 records)
2026-04-23 13:29:30,379 +0000Z  INFO       Table         : AXCOPY (0 records)
2026-04-23 13:29:30,379 +0000Z  INFO       Table         : AXTEMP (0 records)
2026-04-23 13:29:30,379 +0000Z  INFO       Table         : AXUOQH (0 records)
2026-04-23 13:29:30,379 +0000Z  INFO       Table         : AXUORA (0 records)
2026-04-23 13:29:30,379 +0000Z  INFO       Table         : AXUORH (0 records)
2026-04-23 13:29:30,379 +0000Z  INFO       Table         : AXUORL (0 records)
2026-04-23 13:29:30,379 +0000Z  INFO       Table         : BARCPR (0 records)
2026-04-23 13:29:30,379 +0000Z  INFO       Table         : BBUTEH (0 records)
2026-04-23 13:29:30,379 +0000Z  INFO       Table         : BBUTEL (0 records)
2026-04-23 13:29:30,379 +0000Z  INFO       Table         : BCHKHE (0 records)
2026-04-23 13:29:30,379 +0000Z  INFO       Table         : BCHKLI (0 records)
2026-04-23 13:29:30,379 +0000Z  INFO       Table         : BCUPRJ (0 records)
2026-04-23 13:29:30,380 +0000Z  INFO       Table         : BELEME (0 records)
2026-04-23 13:29:30,380 +0000Z  INFO       Table         : BELLAD (0 records)
2026-04-23 13:29:30,380 +0000Z  INFO       Table         : BINACC (0 records)
2026-04-23 13:29:30,380 +0000Z  INFO       Table         : BKMSTA (0 records)
2026-04-23 13:29:30,380 +0000Z  INFO       Table         : BMAILE (0 records)
2026-04-23 13:29:30,380 +0000Z  INFO       Table         : BMOOPO (0 records)
2026-04-23 13:29:30,380 +0000Z  INFO       Table         : BMOSIM (0 records)
2026-04-23 13:29:30,380 +0000Z  INFO       Table         : BMPLAN (0 records)
2026-04-23 13:29:30,380 +0000Z  INFO       Table         : BMPLAX (0 records)
2026-04-23 13:29:30,380 +0000Z  INFO       Table         : BMTPHE (0 records)
2026-04-23 13:29:30,380 +0000Z  INFO       Table         : BMTPLN (0 records)
2026-04-23 13:29:30,380 +0000Z  INFO       Table         : BPACTO (0 records)
2026-04-23 13:29:30,380 +0000Z  INFO       Table         : BPADTX (0 records)
2026-04-23 13:29:30,380 +0000Z  INFO       Table         : BPARIV (0 records)
2026-04-23 13:29:30,380 +0000Z  INFO       Table         : BPBFTY (0 records)
2026-04-23 13:29:30,380 +0000Z  INFO       Table         : BPBUAC (0 records)
2026-04-23 13:29:30,380 +0000Z  INFO       Table         : BPBUAD (0 records)
2026-04-23 13:29:30,380 +0000Z  INFO       Table         : BPBUBC (0 records)
2026-04-23 13:29:30,380 +0000Z  INFO       Table         : BPBUEL (0 records)
2026-04-23 13:29:30,380 +0000Z  INFO       Table         : BPBUFO (0 records)
2026-04-23 13:29:30,380 +0000Z  INFO       Table         : BPBUTY (0 records)
2026-04-23 13:29:30,380 +0000Z  INFO       Table         : BPBUVE (0 records)
2026-04-23 13:29:30,380 +0000Z  INFO       Table         : BPCAPA (0 records)
2026-04-23 13:29:30,380 +0000Z  INFO       Table         : BPCHBU (0 records)
2026-04-23 13:29:30,380 +0000Z  INFO       Table         : BPCHGO (0 records)
2026-04-23 13:29:30,380 +0000Z  INFO       Table         : BPCHRC (0 records)
2026-04-23 13:29:30,380 +0000Z  INFO       Table         : BPCHRG (0 records)
2026-04-23 13:29:30,380 +0000Z  INFO       Table         : BPCRPC (0 records)
2026-04-23 13:29:30,380 +0000Z  INFO       Table         : BPCRPE (0 records)
2026-04-23 13:29:30,380 +0000Z  INFO       Table         : BPCRTO (0 records)
2026-04-23 13:29:30,380 +0000Z  INFO       Table         : BPCTEH (0 records)
2026-04-23 13:29:30,380 +0000Z  INFO       Table         : BPCTEL (0 records)
2026-04-23 13:29:30,380 +0000Z  INFO       Table         : BPCUOR (0 records)
2026-04-23 13:29:30,380 +0000Z  INFO       Table         : BPCUPV (0 records)
2026-04-23 13:29:30,380 +0000Z  INFO       Table         : BPCUPY (0 records)
2026-04-23 13:29:30,380 +0000Z  INFO       Table         : BPDOCU (0 records)
2026-04-23 13:29:30,380 +0000Z  INFO       Table         : BPELAD (0 records)
2026-04-23 13:29:30,380 +0000Z  INFO       Table         : BPELCO (0 records)
2026-04-23 13:29:30,380 +0000Z  INFO       Table         : BPELST (0 records)
2026-04-23 13:29:30,380 +0000Z  INFO       Table         : BPERAC (0 records)
2026-04-23 13:29:30,380 +0000Z  INFO       Table         : BPEROU (0 records)
2026-04-23 13:29:30,380 +0000Z  INFO       Table         : BPESER (0 records)
2026-04-23 13:29:30,380 +0000Z  INFO       Table         : BPFOVE (0 records)
2026-04-23 13:29:30,380 +0000Z  INFO       Table         : BPGSTR (0 records)
2026-04-23 13:29:30,380 +0000Z  INFO       Table         : BPIDDS (0 records)
2026-04-23 13:29:30,380 +0000Z  INFO       Table         : BPIDIG (0 records)
2026-04-23 13:29:30,380 +0000Z  INFO       Table         : BPIDPC (0 records)
2026-04-23 13:29:30,380 +0000Z  INFO       Table         : BPIDPE (0 records)
2026-04-23 13:29:30,380 +0000Z  INFO       Table         : BPIDPR (0 records)
2026-04-23 13:29:30,380 +0000Z  INFO       Table         : BPIDTO (0 records)
2026-04-23 13:29:30,380 +0000Z  INFO       Table         : BPIGDS (0 records)
2026-04-23 13:29:30,380 +0000Z  INFO       Table         : BPIGIB (0 records)
2026-04-23 13:29:30,380 +0000Z  INFO       Table         : BPINDE (0 records)
2026-04-23 13:29:30,380 +0000Z  INFO       Table         : BPINDH (0 records)
2026-04-23 13:29:30,380 +0000Z  INFO       Table         : BPINHE (0 records)
2026-04-23 13:29:30,380 +0000Z  INFO       Table         : BPINHI (0 records)
2026-04-23 13:29:30,380 +0000Z  INFO       Table         : BPINID (0 records)
2026-04-23 13:29:30,380 +0000Z  INFO       Table         : BPINLC (0 records)
2026-04-23 13:29:30,380 +0000Z  INFO       Table         : BPINLN (0 records)
2026-04-23 13:29:30,380 +0000Z  INFO       Table         : BPINVA (0 records)
2026-04-23 13:29:30,380 +0000Z  INFO       Table         : BPITEM (0 records)
2026-04-23 13:29:30,380 +0000Z  INFO       Table         : BPLEAD (0 records)
2026-04-23 13:29:30,380 +0000Z  INFO       Table         : BPLEDG (0 records)
2026-04-23 13:29:30,380 +0000Z  INFO       Table         : BPMOPO (0 records)
2026-04-23 13:29:30,380 +0000Z  INFO       Table         : BPMPID (0 records)
2026-04-23 13:29:30,380 +0000Z  INFO       Table         : BPMPTH (0 records)
2026-04-23 13:29:30,380 +0000Z  INFO       Table         : BPMPTL (0 records)
2026-04-23 13:29:30,380 +0000Z  INFO       Table         : BPMPTY (0 records)
2026-04-23 13:29:30,380 +0000Z  INFO       Table         : BPO150 (0 records)
2026-04-23 13:29:30,380 +0000Z  INFO       Table         : BPO651 (0 records)
2026-04-23 13:29:30,380 +0000Z  INFO       Table         : BPO652 (0 records)
2026-04-23 13:29:30,380 +0000Z  INFO       Table         : BPO91P (0 records)
2026-04-23 13:29:30,380 +0000Z  INFO       Table         : BPO950 (0 records)
2026-04-23 13:29:30,380 +0000Z  INFO       Table         : BPO997 (0 records)
2026-04-23 13:29:30,380 +0000Z  INFO       Table         : BPOCHK (0 records)
2026-04-23 13:29:30,380 +0000Z  INFO       Table         : BPOHEL (0 records)
2026-04-23 13:29:30,380 +0000Z  INFO       Table         : BPOTYP (0 records)
2026-04-23 13:29:30,380 +0000Z  INFO       Table         : BPPCLI (0 records)
2026-04-23 13:29:30,380 +0000Z  INFO       Table         : BPPCTO (0 records)
2026-04-23 13:29:30,380 +0000Z  INFO       Table         : BPPCVE (0 records)
2026-04-23 13:29:30,380 +0000Z  INFO       Table         : BPPEBU (0 records)
2026-04-23 13:29:30,380 +0000Z  INFO       Table         : BPPETC (0 records)
2026-04-23 13:29:30,380 +0000Z  INFO       Table         : BPPETE (0 records)
2026-04-23 13:29:30,380 +0000Z  INFO       Table         : BPPETO (0 records)
2026-04-23 13:29:30,380 +0000Z  INFO       Table         : BPPMPD (0 records)
2026-04-23 13:29:30,380 +0000Z  INFO       Table         : BPPMPH (0 records)
2026-04-23 13:29:30,380 +0000Z  INFO       Table         : BPPRHI (0 records)
2026-04-23 13:29:30,380 +0000Z  INFO       Table         : BPPRPR (0 records)
2026-04-23 13:29:30,380 +0000Z  INFO       Table         : BPPUOR (0 records)
2026-04-23 13:29:30,380 +0000Z  INFO       Table         : BPREDE (0 records)
2026-04-23 13:29:30,380 +0000Z  INFO       Table         : BPROJH (0 records)
2026-04-23 13:29:30,380 +0000Z  INFO       Table         : BPROJI (0 records)
2026-04-23 13:29:30,380 +0000Z  INFO       Table         : BPROJS (0 records)
2026-04-23 13:29:30,380 +0000Z  INFO       Table         : BPRPRD (0 records)
2026-04-23 13:29:30,380 +0000Z  INFO       Table         : BPRPRE (0 records)
2026-04-23 13:29:30,380 +0000Z  INFO       Table         : BPSETH (0 records)
2026-04-23 13:29:30,380 +0000Z  INFO       Table         : BPSETL (0 records)
2026-04-23 13:29:30,380 +0000Z  INFO       Table         : BPSETP (0 records)
2026-04-23 13:29:30,380 +0000Z  INFO       Table         : BPSETT (0 records)
2026-04-23 13:29:30,380 +0000Z  INFO       Table         : BPSTEL (0 records)
2026-04-23 13:29:30,380 +0000Z  INFO       Table         : BPTASK (0 records)
2026-04-23 13:29:30,380 +0000Z  INFO       Table         : BPTIME (0 records)
2026-04-23 13:29:30,380 +0000Z  INFO       Table         : BPTOPS (0 records)
2026-04-23 13:29:30,380 +0000Z  INFO       Table         : BPTPLI (0 records)
2026-04-23 13:29:30,380 +0000Z  INFO       Table         : BPTPVE (0 records)
2026-04-23 13:29:30,380 +0000Z  INFO       Table         : BPTYDO (0 records)
2026-04-23 13:29:30,380 +0000Z  INFO       Table         : BPVAID (0 records)
2026-04-23 13:29:30,380 +0000Z  INFO       Table         : BQUREP (0 records)
2026-04-23 13:29:30,380 +0000Z  INFO       Table         : BQUSEC (0 records)
2026-04-23 13:29:30,380 +0000Z  INFO       Table         : BSASTD (0 records)
2026-04-23 13:29:30,380 +0000Z  INFO       Table         : BSETAC (0 records)
2026-04-23 13:29:30,380 +0000Z  INFO       Table         : BSETAD (0 records)
2026-04-23 13:29:30,380 +0000Z  INFO       Table         : BSETAI (0 records)
2026-04-23 13:29:30,380 +0000Z  INFO       Table         : BSETGL (0 records)
2026-04-23 13:29:30,380 +0000Z  INFO       Table         : BSETHI (0 records)
2026-04-23 13:29:30,380 +0000Z  INFO       Table         : BSETST (0 records)
2026-04-23 13:29:30,380 +0000Z  INFO       Table         : BSQNUM (0 records)
2026-04-23 13:29:30,380 +0000Z  INFO       Table         : CAAAGG (0 records)
2026-04-23 13:29:30,380 +0000Z  INFO       Table         : CAABAG (0 records)
2026-04-23 13:29:30,380 +0000Z  INFO       Table         : CAABAL (0 records)
2026-04-23 13:29:30,380 +0000Z  INFO       Table         : CAACTL (0 records)
2026-04-23 13:29:30,380 +0000Z  INFO       Table         : CAAKDF (0 records)
2026-04-23 13:29:30,380 +0000Z  INFO       Table         : CAAKEY (0 records)
2026-04-23 13:29:30,380 +0000Z  INFO       Table         : CAAMAN (0 records)
2026-04-23 13:29:30,380 +0000Z  INFO       Table         : CAATRA (0 records)
2026-04-23 13:29:30,380 +0000Z  INFO       Table         : CAAWFA (0 records)
2026-04-23 13:29:30,380 +0000Z  INFO       Table         : CAAWFD (0 records)
2026-04-23 13:29:30,380 +0000Z  INFO       Table         : CAAWFH (0 records)
2026-04-23 13:29:30,380 +0000Z  INFO       Table         : CAAWFR (0 records)
2026-04-23 13:29:30,380 +0000Z  INFO       Table         : CAAWFV (0 records)
2026-04-23 13:29:30,380 +0000Z  INFO       Table         : CACCST (0 records)
2026-04-23 13:29:30,380 +0000Z  INFO       Table         : CACSCD (0 records)
2026-04-23 13:29:30,380 +0000Z  INFO       Table         : CAEMPD (0 records)
2026-04-23 13:29:30,380 +0000Z  INFO       Table         : CAEMPS (0 records)
2026-04-23 13:29:30,380 +0000Z  INFO       Table         : CAEVEN (0 records)
2026-04-23 13:29:30,380 +0000Z  INFO       Table         : CAEXEL (0 records)
2026-04-23 13:29:30,380 +0000Z  INFO       Table         : CAFFNC (0 records)
2026-04-23 13:29:30,380 +0000Z  INFO       Table         : CAMCON (0 records)
2026-04-23 13:29:30,380 +0000Z  INFO       Table         : CAMEXE (0 records)
2026-04-23 13:29:30,380 +0000Z  INFO       Table         : CAMHEA (0 records)
2026-04-23 13:29:30,380 +0000Z  INFO       Table         : CAMLIN (0 records)
2026-04-23 13:29:30,380 +0000Z  INFO       Table         : CAMRUL (0 records)
2026-04-23 13:29:30,381 +0000Z  INFO       Table         : CAORDT (0 records)
2026-04-23 13:29:30,381 +0000Z  INFO       Table         : CAREPL (0 records)
2026-04-23 13:29:30,381 +0000Z  INFO       Table         : CASTDV (0 records)
2026-04-23 13:29:30,381 +0000Z  INFO       Table         : CATYPE (0 records)
2026-04-23 13:29:30,381 +0000Z  INFO       Table         : CBANAC (0 records)
2026-04-23 13:29:30,381 +0000Z  INFO       Table         : CBANAL (0 records)
2026-04-23 13:29:30,381 +0000Z  INFO       Table         : CBANAM (0 records)
2026-04-23 13:29:30,381 +0000Z  INFO       Table         : CBANBR (0 records)
2026-04-23 13:29:30,381 +0000Z  INFO       Table         : CBANMA (0 records)
2026-04-23 13:29:30,381 +0000Z  INFO       Table         : CBANVA (0 records)
2026-04-23 13:29:30,381 +0000Z  INFO       Table         : CBMINH (0 records)
2026-04-23 13:29:30,381 +0000Z  INFO       Table         : CBUSTP (0 records)
2026-04-23 13:29:30,381 +0000Z  INFO       Table         : CCACAP (0 records)
2026-04-23 13:29:30,381 +0000Z  INFO       Table         : CCADEF (0 records)
2026-04-23 13:29:30,381 +0000Z  INFO       Table         : CCAHIS (0 records)
2026-04-23 13:29:30,381 +0000Z  INFO       Table         : CCALVL (0 records)
2026-04-23 13:29:30,381 +0000Z  INFO       Table         : CCALVR (0 records)
2026-04-23 13:29:30,381 +0000Z  INFO       Table         : CCAOBC (0 records)
2026-04-23 13:29:30,381 +0000Z  INFO       Table         : CCAOBJ (0 records)
2026-04-23 13:29:30,381 +0000Z  INFO       Table         : CCARNG (0 records)
2026-04-23 13:29:30,381 +0000Z  INFO       Table         : CCATYP (0 records)
2026-04-23 13:29:30,381 +0000Z  INFO       Table         : CCCSET (0 records)
2026-04-23 13:29:30,381 +0000Z  INFO       Table         : CCIDIH (0 records)
2026-04-23 13:29:30,381 +0000Z  INFO       Table         : CCIDIL (0 records)
2026-04-23 13:29:30,381 +0000Z  INFO       Table         : CCIITE (0 records)
2026-04-23 13:29:30,381 +0000Z  INFO       Table         : CCM100 (0 records)
2026-04-23 13:29:30,381 +0000Z  INFO       Table         : CCM101 (0 records)
2026-04-23 13:29:30,381 +0000Z  INFO       Table         : CCM102 (0 records)
2026-04-23 13:29:30,381 +0000Z  INFO       Table         : CCM103 (0 records)
2026-04-23 13:29:30,381 +0000Z  INFO       Table         : CCM105 (0 records)
2026-04-23 13:29:30,381 +0000Z  INFO       Table         : CCM106 (0 records)
2026-04-23 13:29:30,381 +0000Z  INFO       Table         : CCM107 (0 records)
2026-04-23 13:29:30,381 +0000Z  INFO       Table         : CCM108 (0 records)
2026-04-23 13:29:30,381 +0000Z  INFO       Table         : CCM109 (0 records)
2026-04-23 13:29:30,381 +0000Z  INFO       Table         : CCM111 (0 records)
2026-04-23 13:29:30,381 +0000Z  INFO       Table         : CCM112 (0 records)
2026-04-23 13:29:30,381 +0000Z  INFO       Table         : CCM113 (0 records)
2026-04-23 13:29:30,381 +0000Z  INFO       Table         : CCM500 (0 records)
2026-04-23 13:29:30,381 +0000Z  INFO       Table         : CCMCOD (0 records)
2026-04-23 13:29:30,381 +0000Z  INFO       Table         : CCR016 (0 records)
2026-04-23 13:29:30,381 +0000Z  INFO       Table         : CCR020 (0 records)
2026-04-23 13:29:30,381 +0000Z  INFO       Table         : CCR206 (0 records)
2026-04-23 13:29:30,381 +0000Z  INFO       Table         : CCR500 (0 records)
2026-04-23 13:29:30,381 +0000Z  INFO       Table         : CCR575 (0 records)
2026-04-23 13:29:30,381 +0000Z  INFO       Table         : CCR610 (0 records)
2026-04-23 13:29:30,381 +0000Z  INFO       Table         : CCR649 (0 records)
2026-04-23 13:29:30,381 +0000Z  INFO       Table         : CCR862 (0 records)
2026-04-23 13:29:30,381 +0000Z  INFO       Table         : CCREFE (0 records)
2026-04-23 13:29:30,381 +0000Z  INFO       Table         : CCRFMI (0 records)
2026-04-23 13:29:30,381 +0000Z  INFO       Table         : CCS092 (0 records)
2026-04-23 13:29:30,381 +0000Z  INFO       Table         : CCTKEF (0 records)
2026-04-23 13:29:30,381 +0000Z  INFO       Table         : CCTKEG (0 records)
2026-04-23 13:29:30,381 +0000Z  INFO       Table         : CCTXKG (0 records)
2026-04-23 13:29:30,381 +0000Z  INFO       Table         : CCUACT (0 records)
2026-04-23 13:29:30,381 +0000Z  INFO       Table         : CCUCHA (0 records)
2026-04-23 13:29:30,381 +0000Z  INFO       Table         : CCUCID (0 records)
2026-04-23 13:29:30,381 +0000Z  INFO       Table         : CCUCON (0 records)
2026-04-23 13:29:30,381 +0000Z  INFO       Table         : CCUCRG (0 records)
2026-04-23 13:29:30,381 +0000Z  INFO       Table         : CCUCRL (0 records)
2026-04-23 13:29:30,381 +0000Z  INFO       Table         : CCUDIV (0 records)
2026-04-23 13:29:30,381 +0000Z  INFO       Table         : CCURRA (0 records)
2026-04-23 13:29:30,381 +0000Z  INFO       Table         : CCUSPA (0 records)
2026-04-23 13:29:30,381 +0000Z  INFO       Table         : CCUSTP (0 records)
2026-04-23 13:29:30,381 +0000Z  INFO       Table         : CCUSTX (0 records)
2026-04-23 13:29:30,381 +0000Z  INFO       Table         : CCUTXS (0 records)
2026-04-23 13:29:30,381 +0000Z  INFO       Table         : CCXTKG (0 records)
2026-04-23 13:29:30,381 +0000Z  INFO       Table         : CDARKY (0 records)
2026-04-23 13:29:30,381 +0000Z  INFO       Table         : CDARUN (0 records)
2026-04-23 13:29:30,381 +0000Z  INFO       Table         : CDBJBA (0 records)
2026-04-23 13:29:30,381 +0000Z  INFO       Table         : CDBJBQ (0 records)
2026-04-23 13:29:30,381 +0000Z  INFO       Table         : CDPELG (0 records)
2026-04-23 13:29:30,381 +0000Z  INFO       Table         : CDPFIL (0 records)
2026-04-23 13:29:30,381 +0000Z  INFO       Table         : CDPKEY (0 records)
2026-04-23 13:29:30,381 +0000Z  INFO       Table         : CDPLOG (0 records)
2026-04-23 13:29:30,381 +0000Z  INFO       Table         : CDPRLN (0 records)
2026-04-23 13:29:30,381 +0000Z  INFO       Table         : CDPRSH (0 records)
2026-04-23 13:29:30,381 +0000Z  INFO       Table         : CDPRSL (0 records)
2026-04-23 13:29:30,381 +0000Z  INFO       Table         : CDPRTP (0 records)
2026-04-23 13:29:30,381 +0000Z  INFO       Table         : CDPRUN (0 records)
2026-04-23 13:29:30,381 +0000Z  INFO       Table         : CDPSDA (0 records)
2026-04-23 13:29:30,381 +0000Z  INFO       Table         : CDPSDF (0 records)
2026-04-23 13:29:30,381 +0000Z  INFO       Table         : CDPSRF (0 records)
2026-04-23 13:29:30,381 +0000Z  INFO       Table         : CDWIMA (0 records)
2026-04-23 13:29:30,381 +0000Z  INFO       Table         : CDYSHE (0 records)
2026-04-23 13:29:30,381 +0000Z  INFO       Table         : CDYSLN (0 records)
2026-04-23 13:29:30,381 +0000Z  INFO       Table         : CEACOS (0 records)
2026-04-23 13:29:30,381 +0000Z  INFO       Table         : CEAEMP (0 records)
2026-04-23 13:29:30,381 +0000Z  INFO       Table         : CEAPPL (0 records)
2026-04-23 13:29:30,381 +0000Z  INFO       Table         : CECOCC (0 records)
2026-04-23 13:29:30,381 +0000Z  INFO       Table         : CECOCI (0 records)
2026-04-23 13:29:30,381 +0000Z  INFO       Table         : CECOCR (0 records)
2026-04-23 13:29:30,381 +0000Z  INFO       Table         : CECOPC (0 records)
2026-04-23 13:29:30,381 +0000Z  INFO       Table         : CECORG (0 records)
2026-04-23 13:29:30,381 +0000Z  INFO       Table         : CECOST (0 records)
2026-04-23 13:29:30,381 +0000Z  INFO       Table         : CECOTR (0 records)
2026-04-23 13:29:30,381 +0000Z  INFO       Table         : CECRID (0 records)
2026-04-23 13:29:30,381 +0000Z  INFO       Table         : CEDIIN (0 records)
2026-04-23 13:29:30,381 +0000Z  INFO       Table         : CEDIOU (0 records)
2026-04-23 13:29:30,381 +0000Z  INFO       Table         : CELOCK (0 records)
2026-04-23 13:29:30,381 +0000Z  INFO       Table         : CEMAGH (0 records)
2026-04-23 13:29:30,381 +0000Z  INFO       Table         : CEMAGL (0 records)
2026-04-23 13:29:30,381 +0000Z  INFO       Table         : CEMAIL (0 records)
2026-04-23 13:29:30,381 +0000Z  INFO       Table         : CEMFIL (0 records)
2026-04-23 13:29:30,381 +0000Z  INFO       Table         : CEMFLD (0 records)
2026-04-23 13:29:30,381 +0000Z  INFO       Table         : CEMLOG (0 records)
2026-04-23 13:29:30,381 +0000Z  INFO       Table         : CERECD (0 records)
2026-04-23 13:29:30,381 +0000Z  INFO       Table         : CERQST (0 records)
2026-04-23 13:29:30,381 +0000Z  INFO       Table         : CESAPI (0 records)
2026-04-23 13:29:30,381 +0000Z  INFO       Table         : CESAPL (0 records)
2026-04-23 13:29:30,381 +0000Z  INFO       Table         : CESBIZ (0 records)
2026-04-23 13:29:30,381 +0000Z  INFO       Table         : CESCEV (0 records)
2026-04-23 13:29:30,381 +0000Z  INFO       Table         : CESELG (0 records)
2026-04-23 13:29:30,381 +0000Z  INFO       Table         : CESEXC (0 records)
2026-04-23 13:29:30,381 +0000Z  INFO       Table         : CESGTR (0 records)
2026-04-23 13:29:30,381 +0000Z  INFO       Table         : CESILD (0 records)
2026-04-23 13:29:30,381 +0000Z  INFO       Table         : CESILE (0 records)
2026-04-23 13:29:30,381 +0000Z  INFO       Table         : CESILH (0 records)
2026-04-23 13:29:30,381 +0000Z  INFO       Table         : CESILJ (0 records)
2026-04-23 13:29:30,381 +0000Z  INFO       Table         : CESLOG (0 records)
2026-04-23 13:29:30,381 +0000Z  INFO       Table         : CESPGM (0 records)
2026-04-23 13:29:30,381 +0000Z  INFO       Table         : CESRCD (0 records)
2026-04-23 13:29:30,381 +0000Z  INFO       Table         : CESREC (0 records)
2026-04-23 13:29:30,381 +0000Z  INFO       Table         : CESSGN (0 records)
2026-04-23 13:29:30,381 +0000Z  INFO       Table         : CESSIG (0 records)
2026-04-23 13:29:30,381 +0000Z  INFO       Table         : CESTAB (0 records)
2026-04-23 13:29:30,381 +0000Z  INFO       Table         : CESTRG (0 records)
2026-04-23 13:29:30,381 +0000Z  INFO       Table         : CESVIF (0 records)
2026-04-23 13:29:30,381 +0000Z  INFO       Table         : CEVSUB (0 records)
2026-04-23 13:29:30,381 +0000Z  INFO       Table         : CFACIL (0 records)
2026-04-23 13:29:30,381 +0000Z  INFO       Table         : CFIFFX (0 records)
2026-04-23 13:29:30,381 +0000Z  INFO       Table         : CFIMBX (0 records)
2026-04-23 13:29:30,382 +0000Z  INFO       Table         : CFLFLX (0 records)
2026-04-23 13:29:30,382 +0000Z  INFO       Table         : CFTTRG (0 records)
2026-04-23 13:29:30,382 +0000Z  INFO       Table         : CFUEXC (0 records)
2026-04-23 13:29:30,382 +0000Z  INFO       Table         : CFUNID (0 records)
2026-04-23 13:29:30,382 +0000Z  INFO       Table         : CFUNLV (0 records)
2026-04-23 13:29:30,382 +0000Z  INFO       Table         : CGEEX1 (0 records)
2026-04-23 13:29:30,382 +0000Z  INFO       Table         : CGEEX2 (0 records)
2026-04-23 13:29:30,382 +0000Z  INFO       Table         : CGEEX3 (0 records)
2026-04-23 13:29:30,382 +0000Z  INFO       Table         : CGEEX4 (0 records)
2026-04-23 13:29:30,382 +0000Z  INFO       Table         : CGEEX5 (0 records)
2026-04-23 13:29:30,382 +0000Z  INFO       Table         : CGEEX6 (0 records)
2026-04-23 13:29:30,382 +0000Z  INFO       Table         : CGEEX7 (0 records)
2026-04-23 13:29:30,382 +0000Z  INFO       Table         : CGEEX8 (0 records)
2026-04-23 13:29:30,382 +0000Z  INFO       Table         : CGEOEX (0 records)
2026-04-23 13:29:30,382 +0000Z  INFO       Table         : CGEOJU (0 records)
2026-04-23 13:29:30,382 +0000Z  INFO       Table         : CGEORT (0 records)
2026-04-23 13:29:30,382 +0000Z  INFO       Table         : CGETXH (0 records)
2026-04-23 13:29:30,382 +0000Z  INFO       Table         : CGETXL (0 records)
2026-04-23 13:29:30,382 +0000Z  INFO       Table         : CIADDR (0 records)
2026-04-23 13:29:30,382 +0000Z  INFO       Table         : CIARBO (0 records)
2026-04-23 13:29:30,382 +0000Z  INFO       Table         : CIDADR (0 records)
2026-04-23 13:29:30,382 +0000Z  INFO       Table         : CIDALH (0 records)
2026-04-23 13:29:30,382 +0000Z  INFO       Table         : CIDALL (0 records)
2026-04-23 13:29:30,382 +0000Z  INFO       Table         : CIDMAS (0 records)
2026-04-23 13:29:30,382 +0000Z  INFO       Table         : CIDREF (0 records)
2026-04-23 13:29:30,382 +0000Z  INFO       Table         : CIDSUB (0 records)
2026-04-23 13:29:30,382 +0000Z  INFO       Table         : CIDVAT (0 records)
2026-04-23 13:29:30,382 +0000Z  INFO       Table         : CIDVCN (0 records)
2026-04-23 13:29:30,382 +0000Z  INFO       Table         : CIDVEN (0 records)
2026-04-23 13:29:30,382 +0000Z  INFO       Table         : CIMAAI (0 records)
2026-04-23 13:29:30,382 +0000Z  INFO       Table         : CIMACA (0 records)
2026-04-23 13:29:30,382 +0000Z  INFO       Table         : CIMACD (0 records)
2026-04-23 13:29:30,382 +0000Z  INFO       Table         : CIMACL (0 records)
2026-04-23 13:29:30,382 +0000Z  INFO       Table         : CIMACT (0 records)
2026-04-23 13:29:30,382 +0000Z  INFO       Table         : CIMADI (0 records)
2026-04-23 13:29:30,382 +0000Z  INFO       Table         : CIMADV (0 records)
2026-04-23 13:29:30,382 +0000Z  INFO       Table         : CIMAGS (0 records)
2026-04-23 13:29:30,382 +0000Z  INFO       Table         : CIMHEA (0 records)
2026-04-23 13:29:30,382 +0000Z  INFO       Table         : CIMLIN (0 records)
2026-04-23 13:29:30,382 +0000Z  INFO       Table         : CIMRCD (0 records)
2026-04-23 13:29:30,382 +0000Z  INFO       Table         : CIMRCL (0 records)
2026-04-23 13:29:30,382 +0000Z  INFO       Table         : CIMRDV (0 records)
2026-04-23 13:29:30,382 +0000Z  INFO       Table         : CIMRLN (0 records)
2026-04-23 13:29:30,382 +0000Z  INFO       Table         : CIMTPL (0 records)
2026-04-23 13:29:30,382 +0000Z  INFO       Table         : CIMTYP (0 records)
2026-04-23 13:29:30,382 +0000Z  INFO       Table         : CIMWTC (0 records)
2026-04-23 13:29:30,382 +0000Z  INFO       Table         : CINACC (0 records)
2026-04-23 13:29:30,382 +0000Z  INFO       Table         : CINAIN (0 records)
2026-04-23 13:29:30,382 +0000Z  INFO       Table         : CINBUA (0 records)
2026-04-23 13:29:30,382 +0000Z  INFO       Table         : CINCAL (0 records)
2026-04-23 13:29:30,382 +0000Z  INFO       Table         : CINCRG (0 records)
2026-04-23 13:29:30,382 +0000Z  INFO       Table         : CINDFN (0 records)
2026-04-23 13:29:30,382 +0000Z  INFO       Table         : CINDIS (0 records)
2026-04-23 13:29:30,382 +0000Z  INFO       Table         : CINDRE (0 records)
2026-04-23 13:29:30,382 +0000Z  INFO       Table         : CINDVT (0 records)
2026-04-23 13:29:30,382 +0000Z  INFO       Table         : CINEIF (0 records)
2026-04-23 13:29:30,382 +0000Z  INFO       Table         : CINERL (0 records)
2026-04-23 13:29:30,382 +0000Z  INFO       Table         : CINGOV (0 records)
2026-04-23 13:29:30,382 +0000Z  INFO       Table         : CINHEA (0 records)
2026-04-23 13:29:30,382 +0000Z  INFO       Table         : CINHED (0 records)
2026-04-23 13:29:30,382 +0000Z  INFO       Table         : CINHVT (0 records)
2026-04-23 13:29:30,382 +0000Z  INFO       Table         : CININD (0 records)
2026-04-23 13:29:30,382 +0000Z  INFO       Table         : CINLIN (0 records)
2026-04-23 13:29:30,382 +0000Z  INFO       Table         : CINLND (0 records)
2026-04-23 13:29:30,382 +0000Z  INFO       Table         : CINPRE (0 records)
2026-04-23 13:29:30,382 +0000Z  INFO       Table         : CINPRI (0 records)
2026-04-23 13:29:30,382 +0000Z  INFO       Table         : CINPTE (0 records)
2026-04-23 13:29:30,382 +0000Z  INFO       Table         : CINPTY (0 records)
2026-04-23 13:29:30,382 +0000Z  INFO       Table         : CINSID (0 records)
2026-04-23 13:29:30,382 +0000Z  INFO       Table         : CINTAC (0 records)
2026-04-23 13:29:30,382 +0000Z  INFO       Table         : CINTAS (0 records)
2026-04-23 13:29:30,382 +0000Z  INFO       Table         : CINTDT (0 records)
2026-04-23 13:29:30,382 +0000Z  INFO       Table         : CINTEG (0 records)
2026-04-23 13:29:30,382 +0000Z  INFO       Table         : CINTSO (0 records)
2026-04-23 13:29:30,382 +0000Z  INFO       Table         : CINTXT (0 records)
2026-04-23 13:29:30,382 +0000Z  INFO       Table         : CINVTD (0 records)
2026-04-23 13:29:30,382 +0000Z  INFO       Table         : CINXRF (0 records)
2026-04-23 13:29:30,382 +0000Z  INFO       Table         : CIOPAR (0 records)
2026-04-23 13:29:30,382 +0000Z  INFO       Table         : CISHVI (0 records)
2026-04-23 13:29:30,382 +0000Z  INFO       Table         : CITZON (0 records)
2026-04-23 13:29:30,382 +0000Z  INFO       Table         : CJBCMD (0 records)
2026-04-23 13:29:30,382 +0000Z  INFO       Table         : CJBCTL (0 records)
2026-04-23 13:29:30,382 +0000Z  INFO       Table         : CJBDEF (0 records)
2026-04-23 13:29:30,382 +0000Z  INFO       Table         : CJBLOG (0 records)
2026-04-23 13:29:30,382 +0000Z  INFO       Table         : CJBTRN (0 records)
2026-04-23 13:29:30,382 +0000Z  INFO       Table         : CKEYST (0 records)
2026-04-23 13:29:30,382 +0000Z  INFO       Table         : CLODHF (0 records)
2026-04-23 13:29:30,382 +0000Z  INFO       Table         : CLODOC (0 records)
2026-04-23 13:29:30,382 +0000Z  INFO       Table         : CLOMAS (0 records)
2026-04-23 13:29:30,382 +0000Z  INFO       Table         : CLOMHF (0 records)
2026-04-23 13:29:30,382 +0000Z  INFO       Table         : CLOOHF (0 records)
2026-04-23 13:29:30,382 +0000Z  INFO       Table         : CLOORD (0 records)
2026-04-23 13:29:30,382 +0000Z  INFO       Table         : CLOTMP (0 records)
2026-04-23 13:29:30,382 +0000Z  INFO       Table         : CMAILA (0 records)
2026-04-23 13:29:30,382 +0000Z  INFO       Table         : CMAILB (0 records)
2026-04-23 13:29:30,382 +0000Z  INFO       Table         : CMAILC (0 records)
2026-04-23 13:29:30,382 +0000Z  INFO       Table         : CMAILD (0 records)
2026-04-23 13:29:30,382 +0000Z  INFO       Table         : CMAILE (0 records)
2026-04-23 13:29:30,382 +0000Z  INFO       Table         : CMAILM (0 records)
2026-04-23 13:29:30,382 +0000Z  INFO       Table         : CMAILP (0 records)
2026-04-23 13:29:30,382 +0000Z  INFO       Table         : CMAPDT (0 records)
2026-04-23 13:29:30,382 +0000Z  INFO       Table         : CMAPHE (0 records)
2026-04-23 13:29:30,382 +0000Z  INFO       Table         : CMARAU (0 records)
2026-04-23 13:29:30,382 +0000Z  INFO       Table         : CMARIT (0 records)
2026-04-23 13:29:30,382 +0000Z  INFO       Table         : CMDMTX (0 records)
2026-04-23 13:29:30,382 +0000Z  INFO       Table         : CMDSET (0 records)
2026-04-23 13:29:30,382 +0000Z  INFO       Table         : CMF610 (0 records)
2026-04-23 13:29:30,382 +0000Z  INFO       Table         : CMF611 (0 records)
2026-04-23 13:29:30,382 +0000Z  INFO       Table         : CMFADV (0 records)
2026-04-23 13:29:30,382 +0000Z  INFO       Table         : CMFSE1 (0 records)
2026-04-23 13:29:30,382 +0000Z  INFO       Table         : CMFSE2 (0 records)
2026-04-23 13:29:30,382 +0000Z  INFO       Table         : CMFSE3 (0 records)
2026-04-23 13:29:30,382 +0000Z  INFO       Table         : CMFSE4 (0 records)
2026-04-23 13:29:30,382 +0000Z  INFO       Table         : CMFSE5 (0 records)
2026-04-23 13:29:30,382 +0000Z  INFO       Table         : CMIWFL (0 records)
2026-04-23 13:29:30,382 +0000Z  INFO       Table         : CMNAUD (0 records)
2026-04-23 13:29:30,382 +0000Z  INFO       Table         : CMNAUT (0 records)
2026-04-23 13:29:30,382 +0000Z  INFO       Table         : CMNBDC (0 records)
2026-04-23 13:29:30,382 +0000Z  INFO       Table         : CMNBDF (0 records)
2026-04-23 13:29:30,382 +0000Z  INFO       Table         : CMNBDK (0 records)
2026-04-23 13:29:30,383 +0000Z  INFO       Table         : CMNCLC (0 records)
2026-04-23 13:29:30,383 +0000Z  INFO       Table         : CMNCLD (0 records)
2026-04-23 13:29:30,383 +0000Z  INFO       Table         : CMNCMP (1 records, 0s)
2026-04-23 13:29:30,383 +0000Z  INFO       Table         : CMNDI1 (0 records)
2026-04-23 13:29:30,383 +0000Z  INFO       Table         : CMNDIV (1 records, 0s)
2026-04-23 13:29:30,383 +0000Z  INFO       Table         : CMNFBD (0 records)
2026-04-23 13:29:30,383 +0000Z  INFO       Table         : CMNFBP (0 records)
2026-04-23 13:29:30,383 +0000Z  INFO       Table         : CMNFBX (0 records)
2026-04-23 13:29:30,383 +0000Z  INFO       Table         : CMNFNG (0 records)
2026-04-23 13:29:30,383 +0000Z  INFO       Table         : CMNFNL (0 records)
2026-04-23 13:29:30,383 +0000Z  INFO       Table         : CMNFNP (0 records)
2026-04-23 13:29:30,383 +0000Z  INFO       Table         : CMNJOB (0 records)
2026-04-23 13:29:30,383 +0000Z  INFO       Table         : CMNLBL (0 records)
2026-04-23 13:29:30,383 +0000Z  INFO       Table         : CMNLOG (0 records)
2026-04-23 13:29:30,383 +0000Z  INFO       Table         : CMNMNU (0 records)
2026-04-23 13:29:30,383 +0000Z  INFO       Table         : CMNMRH (0 records)
2026-04-23 13:29:30,383 +0000Z  INFO       Table         : CMNOPT (0 records)
2026-04-23 13:29:30,383 +0000Z  INFO       Table         : CMNPAL (0 records)
2026-04-23 13:29:30,383 +0000Z  INFO       Table         : CMNPAP (0 records)
2026-04-23 13:29:30,383 +0000Z  INFO       Table         : CMNPGM (0 records)
2026-04-23 13:29:30,383 +0000Z  INFO       Table         : CMNPSU (0 records)
2026-04-23 13:29:30,383 +0000Z  INFO       Table         : CMNPUS (0 records)
2026-04-23 13:29:30,383 +0000Z  INFO       Table         : CMNRSC (0 records)
2026-04-23 13:29:30,383 +0000Z  INFO       Table         : CMNRST (0 records)
2026-04-23 13:29:30,383 +0000Z  INFO       Table         : CMNSAU (0 records)
2026-04-23 13:29:30,383 +0000Z  INFO       Table         : CMNSEC (0 records)
2026-04-23 13:29:30,383 +0000Z  INFO       Table         : CMNSFH (0 records)
2026-04-23 13:29:30,383 +0000Z  INFO       Table         : CMNSFL (0 records)
2026-04-23 13:29:30,383 +0000Z  INFO       Table         : CMNTBD (0 records)
2026-04-23 13:29:30,383 +0000Z  INFO       Table         : CMNTBS (0 records)
2026-04-23 13:29:30,383 +0000Z  INFO       Table         : CMNUCL (0 records)
2026-04-23 13:29:30,383 +0000Z  INFO       Table         : CMNUFK (0 records)
2026-04-23 13:29:30,383 +0000Z  INFO       Table         : CMNULO (0 records)
2026-04-23 13:29:30,383 +0000Z  INFO       Table         : CMNUOH (0 records)
2026-04-23 13:29:30,383 +0000Z  INFO       Table         : CMNUOL (0 records)
2026-04-23 13:29:30,383 +0000Z  INFO       Table         : CMNUPC (0 records)
2026-04-23 13:29:30,383 +0000Z  INFO       Table         : CMNUPP (0 records)
2026-04-23 13:29:30,383 +0000Z  INFO       Table         : CMNUQL (0 records)
2026-04-23 13:29:30,383 +0000Z  INFO       Table         : CMNVER (0 records)
2026-04-23 13:29:30,383 +0000Z  INFO       Table         : CMOMTX (0 records)
2026-04-23 13:29:30,383 +0000Z  INFO       Table         : CMOSET (0 records)
2026-04-23 13:29:30,383 +0000Z  INFO       Table         : CMRFIL (0 records)
2026-04-23 13:29:30,383 +0000Z  INFO       Table         : CMRMSG (0 records)
2026-04-23 13:29:30,383 +0000Z  INFO       Table         : CMUCPR (0 records)
2026-04-23 13:29:30,383 +0000Z  INFO       Table         : CMUFTR (0 records)
2026-04-23 13:29:30,383 +0000Z  INFO       Table         : COI038 (0 records)
2026-04-23 13:29:30,383 +0000Z  INFO       Table         : COPSHA (0 records)
2026-04-23 13:29:30,383 +0000Z  INFO       Table         : CORECR (0 records)
2026-04-23 13:29:30,383 +0000Z  INFO       Table         : CORETR (0 records)
2026-04-23 13:29:30,383 +0000Z  INFO       Table         : COSDOC (0 records)
2026-04-23 13:29:30,383 +0000Z  INFO       Table         : COSIME (0 records)
2026-04-23 13:29:30,383 +0000Z  INFO       Table         : COSITY (0 records)
2026-04-23 13:29:30,383 +0000Z  INFO       Table         : COSRVI (0 records)
2026-04-23 13:29:30,383 +0000Z  INFO       Table         : COSRVR (0 records)
2026-04-23 13:29:30,383 +0000Z  INFO       Table         : COUTSV (0 records)
2026-04-23 13:29:30,383 +0000Z  INFO       Table         : COWNID (0 records)
2026-04-23 13:29:30,383 +0000Z  INFO       Table         : COWNMI (0 records)
2026-04-23 13:29:30,383 +0000Z  INFO       Table         : CPAALI (0 records)
2026-04-23 13:29:30,383 +0000Z  INFO       Table         : CPAALT (0 records)
2026-04-23 13:29:30,383 +0000Z  INFO       Table         : CPARTN (0 records)
2026-04-23 13:29:30,383 +0000Z  INFO       Table         : CPATYP (0 records)
2026-04-23 13:29:30,383 +0000Z  INFO       Table         : CPEACC (0 records)
2026-04-23 13:29:30,383 +0000Z  INFO       Table         : CPGEX1 (0 records)
2026-04-23 13:29:30,383 +0000Z  INFO       Table         : CPMKEY (0 records)
2026-04-23 13:29:30,383 +0000Z  INFO       Table         : CPMTVA (0 records)
2026-04-23 13:29:30,383 +0000Z  INFO       Table         : CPNMAS (0 records)
2026-04-23 13:29:30,383 +0000Z  INFO       Table         : CPNREL (0 records)
2026-04-23 13:29:30,383 +0000Z  INFO       Table         : CPOBAL (0 records)
2026-04-23 13:29:30,383 +0000Z  INFO       Table         : CPOCAW (0 records)
2026-04-23 13:29:30,383 +0000Z  INFO       Table         : CPOCOA (0 records)
2026-04-23 13:29:30,383 +0000Z  INFO       Table         : CPOCOM (0 records)
2026-04-23 13:29:30,383 +0000Z  INFO       Table         : CPOCOS (0 records)
2026-04-23 13:29:30,383 +0000Z  INFO       Table         : CPOHED (0 records)
2026-04-23 13:29:30,383 +0000Z  INFO       Table         : CPOKDF (0 records)
2026-04-23 13:29:30,383 +0000Z  INFO       Table         : CPOKEY (0 records)
2026-04-23 13:29:30,383 +0000Z  INFO       Table         : CPOMAT (0 records)
2026-04-23 13:29:30,383 +0000Z  INFO       Table         : CPOOPE (0 records)
2026-04-23 13:29:30,383 +0000Z  INFO       Table         : CPOPRO (0 records)
2026-04-23 13:29:30,383 +0000Z  INFO       Table         : CPOTRA (0 records)
2026-04-23 13:29:30,383 +0000Z  INFO       Table         : CPRDEF (0 records)
2026-04-23 13:29:30,383 +0000Z  INFO       Table         : CPRNAT (0 records)
2026-04-23 13:29:30,383 +0000Z  INFO       Table         : CPRTAX (0 records)
2026-04-23 13:29:30,383 +0000Z  INFO       Table         : CQLICP (0 records)
2026-04-23 13:29:30,383 +0000Z  INFO       Table         : CRACTR (0 records)
2026-04-23 13:29:30,383 +0000Z  INFO       Table         : CRBDET (0 records)
2026-04-23 13:29:30,383 +0000Z  INFO       Table         : CRBHEA (0 records)
2026-04-23 13:29:30,383 +0000Z  INFO       Table         : CRCCAP (0 records)
2026-04-23 13:29:30,383 +0000Z  INFO       Table         : CRCCAT (0 records)
2026-04-23 13:29:30,383 +0000Z  INFO       Table         : CRCCCR (0 records)
2026-04-23 13:29:30,383 +0000Z  INFO       Table         : CRCCCT (0 records)
2026-04-23 13:29:30,383 +0000Z  INFO       Table         : CRCCHH (0 records)
2026-04-23 13:29:30,383 +0000Z  INFO       Table         : CRCCID (0 records)
2026-04-23 13:29:30,383 +0000Z  INFO       Table         : CRCCIN (0 records)
2026-04-23 13:29:30,383 +0000Z  INFO       Table         : CRCCLH (0 records)
2026-04-23 13:29:30,383 +0000Z  INFO       Table         : CRCCLL (0 records)
2026-04-23 13:29:30,383 +0000Z  INFO       Table         : CRCCTR (0 records)
2026-04-23 13:29:30,383 +0000Z  INFO       Table         : CREASO (0 records)
2026-04-23 13:29:30,383 +0000Z  INFO       Table         : CRETYP (0 records)
2026-04-23 13:29:30,383 +0000Z  INFO       Table         : CREVDE (0 records)
2026-04-23 13:29:30,383 +0000Z  INFO       Table         : CREVET (0 records)
2026-04-23 13:29:30,383 +0000Z  INFO       Table         : CREVND (0 records)
2026-04-23 13:29:30,383 +0000Z  INFO       Table         : CREVNT (0 records)
2026-04-23 13:29:30,383 +0000Z  INFO       Table         : CREVTB (0 records)
2026-04-23 13:29:30,383 +0000Z  INFO       Table         : CRFNCN (0 records)
2026-04-23 13:29:30,383 +0000Z  INFO       Table         : CRINPA (13 records, 0s)
2026-04-23 13:29:30,383 +0000Z  INFO       Table         : CRINPP (4 records, 0s)
2026-04-23 13:29:30,383 +0000Z  INFO       Table         : CRISEG (0 records)
2026-04-23 13:29:30,383 +0000Z  INFO       Table         : CROBJC (0 records)
2026-04-23 13:29:30,383 +0000Z  INFO       Table         : CROCAP (0 records)
2026-04-23 13:29:30,383 +0000Z  INFO       Table         : CRODEF (0 records)
2026-04-23 13:29:30,383 +0000Z  INFO       Table         : CRODET (0 records)
2026-04-23 13:29:30,383 +0000Z  INFO       Table         : CROEMP (0 records)
2026-04-23 13:29:30,383 +0000Z  INFO       Table         : CROHEA (0 records)
2026-04-23 13:29:30,383 +0000Z  INFO       Table         : CRPDLN (0 records)
2026-04-23 13:29:30,383 +0000Z  INFO       Table         : CRPIAC (0 records)
2026-04-23 13:29:30,383 +0000Z  INFO       Table         : CRPTNB (0 records)
2026-04-23 13:29:30,383 +0000Z  INFO       Table         : CRRCFN (0 records)
2026-04-23 13:29:30,383 +0000Z  INFO       Table         : CRRCRC (0 records)
2026-04-23 13:29:30,383 +0000Z  INFO       Table         : CRRNCY (0 records)
2026-04-23 13:29:30,383 +0000Z  INFO       Table         : CRSMCD (0 records)
2026-04-23 13:29:30,383 +0000Z  INFO       Table         : CRSSET (0 records)
2026-04-23 13:29:30,383 +0000Z  INFO       Table         : CRSSUB (0 records)
2026-04-23 13:29:30,383 +0000Z  INFO       Table         : CRSYNO (0 records)
2026-04-23 13:29:30,383 +0000Z  INFO       Table         : CRSYSR (0 records)
2026-04-23 13:29:30,383 +0000Z  INFO       Table         : CSAFPR (0 records)
2026-04-23 13:29:30,383 +0000Z  INFO       Table         : CSAPRO (0 records)
2026-04-23 13:29:30,383 +0000Z  INFO       Table         : CSCCND (0 records)
2026-04-23 13:29:30,383 +0000Z  INFO       Table         : CSDTID (0 records)
2026-04-23 13:29:30,383 +0000Z  INFO       Table         : CSDTIN (0 records)
2026-04-23 13:29:30,383 +0000Z  INFO       Table         : CSE981 (0 records)
2026-04-23 13:29:30,384 +0000Z  INFO       Table         : CSEAMA (0 records)
2026-04-23 13:29:30,384 +0000Z  INFO       Table         : CSEFFG (0 records)
2026-04-23 13:29:30,384 +0000Z  INFO       Table         : CSEFLG (0 records)
2026-04-23 13:29:30,384 +0000Z  INFO       Table         : CSEFPX (0 records)
2026-04-23 13:29:30,384 +0000Z  INFO       Table         : CSELTC (0 records)
2026-04-23 13:29:30,384 +0000Z  INFO       Table         : CSESEC (0 records)
2026-04-23 13:29:30,384 +0000Z  INFO       Table         : CSESFG (0 records)
2026-04-23 13:29:30,384 +0000Z  INFO       Table         : CSESTO (0 records)
2026-04-23 13:29:30,384 +0000Z  INFO       Table         : CSESTR (0 records)
2026-04-23 13:29:30,384 +0000Z  INFO       Table         : CSFDEF (0 records)
2026-04-23 13:29:30,384 +0000Z  INFO       Table         : CSHCAD (0 records)
2026-04-23 13:29:30,384 +0000Z  INFO       Table         : CSHCAL (0 records)
2026-04-23 13:29:30,384 +0000Z  INFO       Table         : CSHCAT (0 records)
2026-04-23 13:29:30,384 +0000Z  INFO       Table         : CSHCLD (0 records)
2026-04-23 13:29:30,384 +0000Z  INFO       Table         : CSHCLH (0 records)
2026-04-23 13:29:30,384 +0000Z  INFO       Table         : CSHCTL (0 records)
2026-04-23 13:29:30,384 +0000Z  INFO       Table         : CSHDAT (0 records)
2026-04-23 13:29:30,384 +0000Z  INFO       Table         : CSHFLD (0 records)
2026-04-23 13:29:30,384 +0000Z  INFO       Table         : CSHFNC (0 records)
2026-04-23 13:29:30,384 +0000Z  INFO       Table         : CSHHED (0 records)
2026-04-23 13:29:30,384 +0000Z  INFO       Table         : CSHLIN (0 records)
2026-04-23 13:29:30,384 +0000Z  INFO       Table         : CSHPGM (0 records)
2026-04-23 13:29:30,384 +0000Z  INFO       Table         : CSIAAG (0 records)
2026-04-23 13:29:30,384 +0000Z  INFO       Table         : CSIAAU (0 records)
2026-04-23 13:29:30,384 +0000Z  INFO       Table         : CSIACA (0 records)
2026-04-23 13:29:30,384 +0000Z  INFO       Table         : CSIACO (0 records)
2026-04-23 13:29:30,384 +0000Z  INFO       Table         : CSIAFG (0 records)
2026-04-23 13:29:30,384 +0000Z  INFO       Table         : CSIAFP (0 records)
2026-04-23 13:29:30,384 +0000Z  INFO       Table         : CSIAFR (0 records)
2026-04-23 13:29:30,384 +0000Z  INFO       Table         : CSIAGA (0 records)
2026-04-23 13:29:30,384 +0000Z  INFO       Table         : CSIAGR (0 records)
2026-04-23 13:29:30,384 +0000Z  INFO       Table         : CSIARF (0 records)
2026-04-23 13:29:30,384 +0000Z  INFO       Table         : CSIARG (0 records)
2026-04-23 13:29:30,384 +0000Z  INFO       Table         : CSIARP (0 records)
2026-04-23 13:29:30,384 +0000Z  INFO       Table         : CSIAUU (0 records)
2026-04-23 13:29:30,384 +0000Z  INFO       Table         : CSINLO (0 records)
2026-04-23 13:29:30,384 +0000Z  INFO       Table         : CSLGHN (20 records, 0s)
2026-04-23 13:29:30,384 +0000Z  INFO       Table         : CSMCDX (0 records)
2026-04-23 13:29:30,384 +0000Z  INFO       Table         : CSRENP (0 records)
2026-04-23 13:29:30,384 +0000Z  INFO       Table         : CSRENR (0 records)
2026-04-23 13:29:30,384 +0000Z  INFO       Table         : CSROPU (0 records)
2026-04-23 13:29:30,384 +0000Z  INFO       Table         : CSSEII (0 records)
2026-04-23 13:29:30,384 +0000Z  INFO       Table         : CSSEIN (0 records)
2026-04-23 13:29:30,384 +0000Z  INFO       Table         : CSSEIT (0 records)
2026-04-23 13:29:30,384 +0000Z  INFO       Table         : CSSEIX (0 records)
2026-04-23 13:29:30,384 +0000Z  INFO       Table         : CSSOPA (0 records)
2026-04-23 13:29:30,384 +0000Z  INFO       Table         : CSSPIN (0 records)
2026-04-23 13:29:30,384 +0000Z  INFO       Table         : CSSPIP (0 records)
2026-04-23 13:29:30,384 +0000Z  INFO       Table         : CSSPIR (0 records)
2026-04-23 13:29:30,384 +0000Z  INFO       Table         : CSSPIS (0 records)
2026-04-23 13:29:30,384 +0000Z  INFO       Table         : CSSPIT (0 records)
2026-04-23 13:29:30,384 +0000Z  INFO       Table         : CSSPIU (0 records)
2026-04-23 13:29:30,384 +0000Z  INFO       Table         : CSSPSR (0 records)
2026-04-23 13:29:30,384 +0000Z  INFO       Table         : CSSPUL (0 records)
2026-04-23 13:29:30,384 +0000Z  INFO       Table         : CSSPUO (0 records)
2026-04-23 13:29:30,384 +0000Z  INFO       Table         : CSSPUS (0 records)
2026-04-23 13:29:30,384 +0000Z  INFO       Table         : CSSSRP (0 records)
2026-04-23 13:29:30,384 +0000Z  INFO       Table         : CSTDNC (0 records)
2026-04-23 13:29:30,384 +0000Z  INFO       Table         : CSUDIV (0 records)
2026-04-23 13:29:30,384 +0000Z  INFO       Table         : CSYADF (0 records)
2026-04-23 13:29:30,384 +0000Z  INFO       Table         : CSYAUT (0 records)
2026-04-23 13:29:30,384 +0000Z  INFO       Table         : CSYBPR (0 records)
2026-04-23 13:29:30,384 +0000Z  INFO       Table         : CSYCAL (1,096 records, 0s)
2026-04-23 13:29:30,384 +0000Z  INFO       Table         : CSYCDJ (0 records)
2026-04-23 13:29:30,384 +0000Z  INFO       Table         : CSYCRD (0 records)
2026-04-23 13:29:30,384 +0000Z  INFO       Table         : CSYCSE (0 records)
2026-04-23 13:29:30,384 +0000Z  INFO       Table         : CSYCSN (0 records)
2026-04-23 13:29:30,384 +0000Z  INFO       Table         : CSYDEC (0 records)
2026-04-23 13:29:30,384 +0000Z  INFO       Table         : CSYDEI (0 records)
2026-04-23 13:29:30,384 +0000Z  INFO       Table         : CSYDHI (0 records)
2026-04-23 13:29:30,384 +0000Z  INFO       Table         : CSYDIA (0 records)
2026-04-23 13:29:30,384 +0000Z  INFO       Table         : CSYDME (0 records)
2026-04-23 13:29:30,384 +0000Z  INFO       Table         : CSYDMP (0 records)
2026-04-23 13:29:30,384 +0000Z  INFO       Table         : CSYDOB (0 records)
2026-04-23 13:29:30,384 +0000Z  INFO       Table         : CSYDOC (0 records)
2026-04-23 13:29:30,384 +0000Z  INFO       Table         : CSYDOF (0 records)
2026-04-23 13:29:30,384 +0000Z  INFO       Table         : CSYDOH (0 records)
2026-04-23 13:29:30,384 +0000Z  INFO       Table         : CSYDOL (0 records)
2026-04-23 13:29:30,384 +0000Z  INFO       Table         : CSYDPM (0 records)
2026-04-23 13:29:30,384 +0000Z  INFO       Table         : CSYECT (0 records)
2026-04-23 13:29:30,384 +0000Z  INFO       Table         : CSYEFR (0 records)
2026-04-23 13:29:30,384 +0000Z  INFO       Table         : CSYEIK (0 records)
2026-04-23 13:29:30,384 +0000Z  INFO       Table         : CSYEPR (0 records)
2026-04-23 13:29:30,384 +0000Z  INFO       Table         : CSYEVF (0 records)
2026-04-23 13:29:30,384 +0000Z  INFO       Table         : CSYEVS (0 records)
2026-04-23 13:29:30,384 +0000Z  INFO       Table         : CSYFAD (0 records)
2026-04-23 13:29:30,384 +0000Z  INFO       Table         : CSYFEX (0 records)
2026-04-23 13:29:30,384 +0000Z  INFO       Table         : CSYFFR (0 records)
2026-04-23 13:29:30,384 +0000Z  INFO       Table         : CSYFID (0 records)
2026-04-23 13:29:30,384 +0000Z  INFO       Table         : CSYFLN (0 records)
2026-04-23 13:29:30,384 +0000Z  INFO       Table         : CSYFOB (0 records)
2026-04-23 13:29:30,384 +0000Z  INFO       Table         : CSYFOC (0 records)
2026-04-23 13:29:30,384 +0000Z  INFO       Table         : CSYFTU (0 records)
2026-04-23 13:29:30,384 +0000Z  INFO       Table         : CSYFUG (0 records)
2026-04-23 13:29:30,384 +0000Z  INFO       Table         : CSYGTX (0 records)
2026-04-23 13:29:30,384 +0000Z  INFO       Table         : CSYIBA (30 records, 0s)
2026-04-23 13:29:30,384 +0000Z  INFO       Table         : CSYIBC (157 records, 0s)
2026-04-23 13:29:30,384 +0000Z  INFO       Table         : CSYIBO (0 records)
2026-04-23 13:29:30,384 +0000Z  INFO       Table         : CSYIBR (115 records, 0s)
2026-04-23 13:29:30,384 +0000Z  INFO       Table         : CSYIBV (5 records, 0s)
2026-04-23 13:29:30,384 +0000Z  INFO       Table         : CSYIDM (0 records)
2026-04-23 13:29:30,384 +0000Z  INFO       Table         : CSYIEM (220 records, 0s)
2026-04-23 13:29:30,384 +0000Z  INFO       Table         : CSYIER (0 records)
2026-04-23 13:29:30,384 +0000Z  INFO       Table         : CSYIFR (0 records)
2026-04-23 13:29:30,384 +0000Z  INFO       Table         : CSYITN (0 records)
2026-04-23 13:29:30,384 +0000Z  INFO       Table         : CSYKEY (16,744 records, 2s)
2026-04-23 13:29:30,384 +0000Z  INFO       Table         : CSYLOG (0 records)
2026-04-23 13:29:30,384 +0000Z  INFO       Table         : CSYMIG (0 records)
2026-04-23 13:29:30,384 +0000Z  INFO       Table         : CSYMOD (0 records)
2026-04-23 13:29:30,384 +0000Z  INFO       Table         : CSYMON (0 records)
2026-04-23 13:29:30,384 +0000Z  INFO       Table         : CSYNBF (0 records)
2026-04-23 13:29:30,384 +0000Z  INFO       Table         : CSYNBI (0 records)
2026-04-23 13:29:30,384 +0000Z  INFO       Table         : CSYNBJ (0 records)
2026-04-23 13:29:30,384 +0000Z  INFO       Table         : CSYNBM (0 records)
2026-04-23 13:29:30,384 +0000Z  INFO       Table         : CSYNBP (0 records)
2026-04-23 13:29:30,384 +0000Z  INFO       Table         : CSYNBR (0 records)
2026-04-23 13:29:30,384 +0000Z  INFO       Table         : CSYNBV (0 records)
2026-04-23 13:29:30,384 +0000Z  INFO       Table         : CSYNUM (1 records, 0s)
2026-04-23 13:29:30,384 +0000Z  INFO       Table         : CSYOBT (0 records)
2026-04-23 13:29:30,384 +0000Z  INFO       Table         : CSYOCS (0 records)
2026-04-23 13:29:30,384 +0000Z  INFO       Table         : CSYPAR (0 records)
2026-04-23 13:29:30,384 +0000Z  INFO       Table         : CSYPDO (0 records)
2026-04-23 13:29:30,384 +0000Z  INFO       Table         : CSYPDS (0 records)
2026-04-23 13:29:30,384 +0000Z  INFO       Table         : CSYPER (39 records, 0s)
2026-04-23 13:29:30,384 +0000Z  INFO       Table         : CSYPRF (0 records)
2026-04-23 13:29:30,384 +0000Z  INFO       Table         : CSYPRS (0 records)
2026-04-23 13:29:30,384 +0000Z  INFO       Table         : CSYPRT (0 records)
2026-04-23 13:29:30,384 +0000Z  INFO       Table         : CSYPXV (97 records, 0s)
2026-04-23 13:29:30,384 +0000Z  INFO       Table         : CSYREA (0 records)
2026-04-23 13:29:30,384 +0000Z  INFO       Table         : CSYREC (0 records)
2026-04-23 13:29:30,384 +0000Z  INFO       Table         : CSYRED (0 records)
2026-04-23 13:29:30,384 +0000Z  INFO       Table         : CSYREI (0 records)
2026-04-23 13:29:30,384 +0000Z  INFO       Table         : CSYREJ (0 records)
2026-04-23 13:29:30,384 +0000Z  INFO       Table         : CSYREM (0 records)
2026-04-23 13:29:30,384 +0000Z  INFO       Table         : CSYREP (0 records)
2026-04-23 13:29:30,384 +0000Z  INFO       Table         : CSYRES (0 records)
2026-04-23 13:29:30,384 +0000Z  INFO       Table         : CSYREU (0 records)
2026-04-23 13:29:30,384 +0000Z  INFO       Table         : CSYREV (0 records)
2026-04-23 13:29:30,384 +0000Z  INFO       Table         : CSYRLS (96 records, 0s)
2026-04-23 13:29:30,384 +0000Z  INFO       Table         : CSYRLY (97 records, 0s)
2026-04-23 13:29:30,384 +0000Z  INFO       Table         : CSYRPA (9,013 records, 0s)
2026-04-23 13:29:30,384 +0000Z  INFO       Table         : CSYRPB (2,269 records, 0s)
2026-04-23 13:29:30,385 +0000Z  INFO       Table         : CSYRPC (272 records, 0s)
2026-04-23 13:29:30,385 +0000Z  INFO       Table         : CSYRPH (97 records, 0s)
2026-04-23 13:29:30,385 +0000Z  INFO       Table         : CSYRPL (12,126 records, 0s)
2026-04-23 13:29:30,385 +0000Z  INFO       Table         : CSYRPT (687 records, 0s)
2026-04-23 13:29:30,385 +0000Z  INFO       Table         : CSYRSE (0 records)
2026-04-23 13:29:30,385 +0000Z  INFO       Table         : CSYSCH (0 records)
2026-04-23 13:29:30,385 +0000Z  INFO       Table         : CSYSCU (0 records)
2026-04-23 13:29:30,385 +0000Z  INFO       Table         : CSYSCV (0 records)
2026-04-23 13:29:30,385 +0000Z  INFO       Table         : CSYSEL (0 records)
2026-04-23 13:29:30,385 +0000Z  INFO       Table         : CSYSET (0 records)
2026-04-23 13:29:30,385 +0000Z  INFO       Table         : CSYSPP (0 records)
2026-04-23 13:29:30,385 +0000Z  INFO       Table         : CSYSPV (213 records, 0s)
2026-04-23 13:29:30,385 +0000Z  INFO       Table         : CSYSTF (0 records)
2026-04-23 13:29:30,385 +0000Z  INFO       Table         : CSYSTJ (0 records)
2026-04-23 13:29:30,385 +0000Z  INFO       Table         : CSYSTP (0 records)
2026-04-23 13:29:30,385 +0000Z  INFO       Table         : CSYSTR (4 records, 0s)
2026-04-23 13:29:30,385 +0000Z  INFO       Table         : CSYSTS (0 records)
2026-04-23 13:29:30,385 +0000Z  INFO       Table         : CSYSUB (0 records)
2026-04-23 13:29:30,385 +0000Z  INFO       Table         : CSYTAB (736 records, 0s)
2026-04-23 13:29:30,385 +0000Z  INFO       Table         : CSYTCH (0 records)
2026-04-23 13:29:30,385 +0000Z  INFO       Table         : CSYTCU (0 records)
2026-04-23 13:29:30,385 +0000Z  INFO       Table         : CSYTGH (0 records)
2026-04-23 13:29:30,385 +0000Z  INFO       Table         : CSYTGL (0 records)
2026-04-23 13:29:30,385 +0000Z  INFO       Table         : CSYTXC (0 records)
2026-04-23 13:29:30,385 +0000Z  INFO       Table         : CSYTXH (0 records)
2026-04-23 13:29:30,385 +0000Z  INFO       Table         : CSYTXL (0 records)
2026-04-23 13:29:30,385 +0000Z  INFO       Table         : CSYUFL (2 records, 0s)
2026-04-23 13:29:30,385 +0000Z  INFO       Table         : CSYUNL (0 records)
2026-04-23 13:29:30,385 +0000Z  INFO       Table         : CSYUSR (13 records, 0s)
2026-04-23 13:29:30,385 +0000Z  INFO       Table         : CSYUTX (0 records)
2026-04-23 13:29:30,385 +0000Z  INFO       Table         : CSYVFA (0 records)
2026-04-23 13:29:30,385 +0000Z  INFO       Table         : CSYVIC (0 records)
2026-04-23 13:29:30,385 +0000Z  INFO       Table         : CSYVIP (11 records, 0s)
2026-04-23 13:29:30,385 +0000Z  INFO       Table         : CSYVIR (0 records)
2026-04-23 13:29:30,385 +0000Z  INFO       Table         : CSYVIS (0 records)
2026-04-23 13:29:30,385 +0000Z  INFO       Table         : CSYVIU (195 records, 0s)
2026-04-23 13:29:30,385 +0000Z  INFO       Table         : CSYVST (0 records)
2026-04-23 13:29:30,385 +0000Z  INFO       Table         : CSYWEB (0 records)
2026-04-23 13:29:30,385 +0000Z  INFO       Table         : CTARCD (0 records)
2026-04-23 13:29:30,385 +0000Z  INFO       Table         : CTAREQ (0 records)
2026-04-23 13:29:30,385 +0000Z  INFO       Table         : CTARGR (0 records)
2026-04-23 13:29:30,385 +0000Z  INFO       Table         : CTAROC (0 records)
2026-04-23 13:29:30,385 +0000Z  INFO       Table         : CTARSE (0 records)
2026-04-23 13:29:30,385 +0000Z  INFO       Table         : CTARTX (0 records)
2026-04-23 13:29:30,385 +0000Z  INFO       Table         : CTAXBH (0 records)
2026-04-23 13:29:30,385 +0000Z  INFO       Table         : CTAXBM (0 records)
2026-04-23 13:29:30,385 +0000Z  INFO       Table         : CTAXCE (0 records)
2026-04-23 13:29:30,385 +0000Z  INFO       Table         : CTAXET (0 records)
2026-04-23 13:29:30,385 +0000Z  INFO       Table         : CTAXLN (0 records)
2026-04-23 13:29:30,385 +0000Z  INFO       Table         : CTDSCL (0 records)
2026-04-23 13:29:30,385 +0000Z  INFO       Table         : CTRFI2 (0 records)
2026-04-23 13:29:30,385 +0000Z  INFO       Table         : CTRFL2 (0 records)
2026-04-23 13:29:30,385 +0000Z  INFO       Table         : CTRMSG (0 records)
2026-04-23 13:29:30,385 +0000Z  INFO       Table         : CTSUPC (0 records)
2026-04-23 13:29:30,385 +0000Z  INFO       Table         : CTSUPD (0 records)
2026-04-23 13:29:30,385 +0000Z  INFO       Table         : CTSUPH (0 records)
2026-04-23 13:29:30,385 +0000Z  INFO       Table         : CTSUPK (0 records)
2026-04-23 13:29:30,385 +0000Z  INFO       Table         : CTSUPL (0 records)
2026-04-23 13:29:30,385 +0000Z  INFO       Table         : CTSUPT (0 records)
2026-04-23 13:29:30,385 +0000Z  INFO       Table         : CTW200 (0 records)
2026-04-23 13:29:30,385 +0000Z  INFO       Table         : CTXTSD (0 records)
2026-04-23 13:29:30,385 +0000Z  INFO       Table         : CTXTSH (0 records)
2026-04-23 13:29:30,385 +0000Z  INFO       Table         : CUDFLD (0 records)
2026-04-23 13:29:30,385 +0000Z  INFO       Table         : CUDFLV (0 records)
2026-04-23 13:29:30,385 +0000Z  INFO       Table         : CUDFVM (0 records)
2026-04-23 13:29:30,385 +0000Z  INFO       Table         : CUGEEA (0 records)
2026-04-23 13:29:30,385 +0000Z  INFO       Table         : CUGEEK (0 records)
2026-04-23 13:29:30,385 +0000Z  INFO       Table         : CUGEEM (0 records)
2026-04-23 13:29:30,385 +0000Z  INFO       Table         : CUGEEP (0 records)
2026-04-23 13:29:30,385 +0000Z  INFO       Table         : CUGEES (0 records)
2026-04-23 13:29:30,385 +0000Z  INFO       Table         : CUGEFA (0 records)
2026-04-23 13:29:30,385 +0000Z  INFO       Table         : CUGEVM (0 records)
2026-04-23 13:29:30,385 +0000Z  INFO       Table         : CUGEX1 (0 records)
2026-04-23 13:29:30,385 +0000Z  INFO       Table         : CUGEX2 (0 records)
2026-04-23 13:29:30,385 +0000Z  INFO       Table         : CUGEX3 (0 records)
2026-04-23 13:29:30,385 +0000Z  INFO       Table         : CVATET (0 records)
2026-04-23 13:29:30,385 +0000Z  INFO       Table         : CVATPC (0 records)
2026-04-23 13:29:30,385 +0000Z  INFO       Table         : CVERTX (0 records)
2026-04-23 13:29:30,385 +0000Z  INFO       Table         : CWFTRG (0 records)
2026-04-23 13:29:30,385 +0000Z  INFO       Table         : CWKFLK (0 records)
2026-04-23 13:29:30,385 +0000Z  INFO       Table         : CXCCST (0 records)
2026-04-23 13:29:30,385 +0000Z  INFO       Table         : CXNAIN (0 records)
2026-04-23 13:29:30,385 +0000Z  INFO       Table         : DCARRI (0 records)
2026-04-23 13:29:30,385 +0000Z  INFO       Table         : DCARRT (0 records)
2026-04-23 13:29:30,385 +0000Z  INFO       Table         : DCMRHE (0 records)
2026-04-23 13:29:30,385 +0000Z  INFO       Table         : DCONSI (0 records)
2026-04-23 13:29:30,385 +0000Z  INFO       Table         : DCRESC (0 records)
2026-04-23 13:29:30,385 +0000Z  INFO       Table         : DCRESS (0 records)
2026-04-23 13:29:30,385 +0000Z  INFO       Table         : DDOCSE (0 records)
2026-04-23 13:29:30,385 +0000Z  INFO       Table         : DDOCUX (0 records)
2026-04-23 13:29:30,385 +0000Z  INFO       Table         : DDR672 (0 records)
2026-04-23 13:29:30,385 +0000Z  INFO       Table         : DDR676 (0 records)
2026-04-23 13:29:30,385 +0000Z  INFO       Table         : DDR681 (0 records)
2026-04-23 13:29:30,385 +0000Z  INFO       Table         : DDRPCO (0 records)
2026-04-23 13:29:30,385 +0000Z  INFO       Table         : DDRPDE (0 records)
2026-04-23 13:29:30,385 +0000Z  INFO       Table         : DDRPRO (0 records)
2026-04-23 13:29:30,385 +0000Z  INFO       Table         : DDRPRR (0 records)
2026-04-23 13:29:30,385 +0000Z  INFO       Table         : DELINS (0 records)
2026-04-23 13:29:30,385 +0000Z  INFO       Table         : DESADV (0 records)
2026-04-23 13:29:30,385 +0000Z  INFO       Table         : DEURHE (0 records)
2026-04-23 13:29:30,385 +0000Z  INFO       Table         : DEURLI (0 records)
2026-04-23 13:29:30,385 +0000Z  INFO       Table         : DFRCOZ (0 records)
2026-04-23 13:29:30,385 +0000Z  INFO       Table         : DFWFCZ (0 records)
2026-04-23 13:29:30,385 +0000Z  INFO       Table         : DLIDEX (0 records)
2026-04-23 13:29:30,385 +0000Z  INFO       Table         : DPACKH (0 records)
2026-04-23 13:29:30,385 +0000Z  INFO       Table         : DPACKT (0 records)
2026-04-23 13:29:30,385 +0000Z  INFO       Table         : DRADTR (0 records)
2026-04-23 13:29:30,385 +0000Z  INFO       Table         : DRCLFC (0 records)
2026-04-23 13:29:30,385 +0000Z  INFO       Table         : DRCLFH (0 records)
2026-04-23 13:29:30,385 +0000Z  INFO       Table         : DRD901 (0 records)
2026-04-23 13:29:30,385 +0000Z  INFO       Table         : DRDRFC (0 records)
2026-04-23 13:29:30,385 +0000Z  INFO       Table         : DRFORL (0 records)
2026-04-23 13:29:30,385 +0000Z  INFO       Table         : DRFRRL (0 records)
2026-04-23 13:29:30,385 +0000Z  INFO       Table         : DRODPR (0 records)
2026-04-23 13:29:30,385 +0000Z  INFO       Table         : DROUDI (0 records)
2026-04-23 13:29:30,385 +0000Z  INFO       Table         : DROUTE (0 records)
2026-04-23 13:29:30,385 +0000Z  INFO       Table         : DRPDCL (0 records)
2026-04-23 13:29:30,385 +0000Z  INFO       Table         : DRROPR (0 records)
2026-04-23 13:29:30,385 +0000Z  INFO       Table         : DRSPAC (0 records)
2026-04-23 13:29:30,385 +0000Z  INFO       Table         : DRSSET (0 records)
2026-04-23 13:29:30,385 +0000Z  INFO       Table         : DRTIFI (0 records)
2026-04-23 13:29:30,385 +0000Z  INFO       Table         : DRTRCN (0 records)
2026-04-23 13:29:30,385 +0000Z  INFO       Table         : DRTRSR (0 records)
2026-04-23 13:29:30,385 +0000Z  INFO       Table         : DSCMRH (0 records)
2026-04-23 13:29:30,385 +0000Z  INFO       Table         : DSCMRL (0 records)
2026-04-23 13:29:30,385 +0000Z  INFO       Table         : DSPACK (0 records)
2026-04-23 13:29:30,385 +0000Z  INFO       Table         : DUDHEA (0 records)
2026-04-23 13:29:30,385 +0000Z  INFO       Table         : DUDLIN (0 records)
2026-04-23 13:29:30,385 +0000Z  INFO       Table         : DUNFCZ (0 records)
2026-04-23 13:29:30,386 +0000Z  INFO       Table         : DWCLFC (0 records)
2026-04-23 13:29:30,386 +0000Z  INFO       Table         : DWFCCC (0 records)
2026-04-23 13:29:30,386 +0000Z  INFO       Table         : EAADDR (0 records)
2026-04-23 13:29:30,386 +0000Z  INFO       Table         : EDITMX (0 records)
2026-04-23 13:29:30,386 +0000Z  INFO       Table         : EDU001 (0 records)
2026-04-23 13:29:30,386 +0000Z  INFO       Table         : EDURM1 (0 records)
2026-04-23 13:29:30,386 +0000Z  INFO       Table         : EDURM2 (0 records)
2026-04-23 13:29:30,386 +0000Z  INFO       Table         : EDUTOO (0 records)
2026-04-23 13:29:30,386 +0000Z  INFO       Table         : EEV100 (0 records)
2026-04-23 13:29:30,386 +0000Z  INFO       Table         : EIMLOG (0 records)
2026-04-23 13:29:30,386 +0000Z  INFO       Table         : FAAAC1 (0 records)
2026-04-23 13:29:30,386 +0000Z  INFO       Table         : FAACCB (0 records)
2026-04-23 13:29:30,386 +0000Z  INFO       Table         : FAACCH (0 records)
2026-04-23 13:29:30,386 +0000Z  INFO       Table         : FAALOB (0 records)
2026-04-23 13:29:30,386 +0000Z  INFO       Table         : FAALOC (0 records)
2026-04-23 13:29:30,386 +0000Z  INFO       Table         : FAALOD (0 records)
2026-04-23 13:29:30,386 +0000Z  INFO       Table         : FAB180 (0 records)
2026-04-23 13:29:30,386 +0000Z  INFO       Table         : FAB18B (0 records)
2026-04-23 13:29:30,386 +0000Z  INFO       Table         : FABDET (0 records)
2026-04-23 13:29:30,386 +0000Z  INFO       Table         : FABERR (0 records)
2026-04-23 13:29:30,386 +0000Z  INFO       Table         : FABHED (0 records)
2026-04-23 13:29:30,386 +0000Z  INFO       Table         : FABIDE (0 records)
2026-04-23 13:29:30,386 +0000Z  INFO       Table         : FABLIN (0 records)
2026-04-23 13:29:30,386 +0000Z  INFO       Table         : FABLIX (0 records)
2026-04-23 13:29:30,386 +0000Z  INFO       Table         : FABLOG (0 records)
2026-04-23 13:29:30,386 +0000Z  INFO       Table         : FABTAB (0 records)
2026-04-23 13:29:30,386 +0000Z  INFO       Table         : FACCES (0 records)
2026-04-23 13:29:30,386 +0000Z  INFO       Table         : FACGRC (0 records)
2026-04-23 13:29:30,386 +0000Z  INFO       Table         : FACGRP (0 records)
2026-04-23 13:29:30,386 +0000Z  INFO       Table         : FADTSL (0 records)
2026-04-23 13:29:30,386 +0000Z  INFO       Table         : FADVI1 (0 records)
2026-04-23 13:29:30,386 +0000Z  INFO       Table         : FADVI2 (0 records)
2026-04-23 13:29:30,386 +0000Z  INFO       Table         : FADVI3 (0 records)
2026-04-23 13:29:30,386 +0000Z  INFO       Table         : FALPER (0 records)
2026-04-23 13:29:30,386 +0000Z  INFO       Table         : FAMTDE (0 records)
2026-04-23 13:29:30,386 +0000Z  INFO       Table         : FAMTHE (0 records)
2026-04-23 13:29:30,386 +0000Z  INFO       Table         : FANDE1 (0 records)
2026-04-23 13:29:30,386 +0000Z  INFO       Table         : FANDET (0 records)
2026-04-23 13:29:30,386 +0000Z  INFO       Table         : FANHEA (0 records)
2026-04-23 13:29:30,386 +0000Z  INFO       Table         : FANLI1 (0 records)
2026-04-23 13:29:30,386 +0000Z  INFO       Table         : FANLI3 (0 records)
2026-04-23 13:29:30,386 +0000Z  INFO       Table         : FANRVD (0 records)
2026-04-23 13:29:30,386 +0000Z  INFO       Table         : FANSUG (0 records)
2026-04-23 13:29:30,386 +0000Z  INFO       Table         : FAP040 (0 records)
2026-04-23 13:29:30,386 +0000Z  INFO       Table         : FAP04X (0 records)
2026-04-23 13:29:30,386 +0000Z  INFO       Table         : FAP091 (0 records)
2026-04-23 13:29:30,386 +0000Z  INFO       Table         : FAP10K (0 records)
2026-04-23 13:29:30,386 +0000Z  INFO       Table         : FAP112 (0 records)
2026-04-23 13:29:30,386 +0000Z  INFO       Table         : FAP117 (0 records)
2026-04-23 13:29:30,386 +0000Z  INFO       Table         : FAP127 (0 records)
2026-04-23 13:29:30,386 +0000Z  INFO       Table         : FAP131 (0 records)
2026-04-23 13:29:30,386 +0000Z  INFO       Table         : FAP132 (0 records)
2026-04-23 13:29:30,386 +0000Z  INFO       Table         : FAP133 (0 records)
2026-04-23 13:29:30,386 +0000Z  INFO       Table         : FAP134 (0 records)
2026-04-23 13:29:30,386 +0000Z  INFO       Table         : FAP141 (0 records)
2026-04-23 13:29:30,386 +0000Z  INFO       Table         : FAP151 (0 records)
2026-04-23 13:29:30,386 +0000Z  INFO       Table         : FAP161 (0 records)
2026-04-23 13:29:30,386 +0000Z  INFO       Table         : FAP202 (0 records)
2026-04-23 13:29:30,386 +0000Z  INFO       Table         : FAP290 (0 records)
2026-04-23 13:29:30,386 +0000Z  INFO       Table         : FAP305 (0 records)
2026-04-23 13:29:30,386 +0000Z  INFO       Table         : FAP306 (0 records)
2026-04-23 13:29:30,386 +0000Z  INFO       Table         : FAP360 (0 records)
2026-04-23 13:29:30,386 +0000Z  INFO       Table         : FAP428 (0 records)
2026-04-23 13:29:30,386 +0000Z  INFO       Table         : FAP501 (0 records)
2026-04-23 13:29:30,386 +0000Z  INFO       Table         : FAP502 (0 records)
2026-04-23 13:29:30,386 +0000Z  INFO       Table         : FAP504 (0 records)
2026-04-23 13:29:30,386 +0000Z  INFO       Table         : FAP516 (0 records)
2026-04-23 13:29:30,386 +0000Z  INFO       Table         : FAP51A (0 records)
2026-04-23 13:29:30,386 +0000Z  INFO       Table         : FAP545 (0 records)
2026-04-23 13:29:30,386 +0000Z  INFO       Table         : FAP556 (0 records)
2026-04-23 13:29:30,386 +0000Z  INFO       Table         : FAP586 (0 records)
2026-04-23 13:29:30,386 +0000Z  INFO       Table         : FAP591 (0 records)
2026-04-23 13:29:30,386 +0000Z  INFO       Table         : FAP606 (0 records)
2026-04-23 13:29:30,386 +0000Z  INFO       Table         : FAP611 (0 records)
2026-04-23 13:29:30,386 +0000Z  INFO       Table         : FAP612 (0 records)
2026-04-23 13:29:30,386 +0000Z  INFO       Table         : FAP999 (0 records)
2026-04-23 13:29:30,386 +0000Z  INFO       Table         : FAPARL (0 records)
2026-04-23 13:29:30,386 +0000Z  INFO       Table         : FAPAUV (0 records)
2026-04-23 13:29:30,386 +0000Z  INFO       Table         : FAPBAC (0 records)
2026-04-23 13:29:30,386 +0000Z  INFO       Table         : FAPBIA (0 records)
2026-04-23 13:29:30,386 +0000Z  INFO       Table         : FAPBIH (0 records)
2026-04-23 13:29:30,386 +0000Z  INFO       Table         : FAPBIL (0 records)
2026-04-23 13:29:30,386 +0000Z  INFO       Table         : FAPBKQ (0 records)
2026-04-23 13:29:30,386 +0000Z  INFO       Table         : FAPCCD (0 records)
2026-04-23 13:29:30,386 +0000Z  INFO       Table         : FAPCCH (0 records)
2026-04-23 13:29:30,386 +0000Z  INFO       Table         : FAPCHK (0 records)
2026-04-23 13:29:30,386 +0000Z  INFO       Table         : FAPDAC (0 records)
2026-04-23 13:29:30,386 +0000Z  INFO       Table         : FAPDAG (0 records)
2026-04-23 13:29:30,386 +0000Z  INFO       Table         : FAPDAL (0 records)
2026-04-23 13:29:30,386 +0000Z  INFO       Table         : FAPDAT (0 records)
2026-04-23 13:29:30,386 +0000Z  INFO       Table         : FAPDCM (0 records)
2026-04-23 13:29:30,386 +0000Z  INFO       Table         : FAPDRF (0 records)
2026-04-23 13:29:30,386 +0000Z  INFO       Table         : FAPIBA (0 records)
2026-04-23 13:29:30,386 +0000Z  INFO       Table         : FAPIBH (0 records)
2026-04-23 13:29:30,386 +0000Z  INFO       Table         : FAPIBL (0 records)
2026-04-23 13:29:30,386 +0000Z  INFO       Table         : FAPIBR (0 records)
2026-04-23 13:29:30,386 +0000Z  INFO       Table         : FAPPBS (0 records)
2026-04-23 13:29:30,386 +0000Z  INFO       Table         : FAPPER (0 records)
2026-04-23 13:29:30,386 +0000Z  INFO       Table         : FAPPTL (0 records)
2026-04-23 13:29:30,386 +0000Z  INFO       Table         : FAPPYM (0 records)
2026-04-23 13:29:30,386 +0000Z  INFO       Table         : FAPRCD (0 records)
2026-04-23 13:29:30,386 +0000Z  INFO       Table         : FAPREC (0 records)
2026-04-23 13:29:30,386 +0000Z  INFO       Table         : FAPRED (0 records)
2026-04-23 13:29:30,386 +0000Z  INFO       Table         : FAPREH (0 records)
2026-04-23 13:29:30,386 +0000Z  INFO       Table         : FAPREL (0 records)
2026-04-23 13:29:30,386 +0000Z  INFO       Table         : FAPRES (0 records)
2026-04-23 13:29:30,386 +0000Z  INFO       Table         : FAPRET (0 records)
2026-04-23 13:29:30,386 +0000Z  INFO       Table         : FAPSED (0 records)
2026-04-23 13:29:30,386 +0000Z  INFO       Table         : FAPSER (0 records)
2026-04-23 13:29:30,386 +0000Z  INFO       Table         : FAPSET (0 records)
2026-04-23 13:29:30,386 +0000Z  INFO       Table         : FAPSPD (0 records)
2026-04-23 13:29:30,386 +0000Z  INFO       Table         : FAPSPH (0 records)
2026-04-23 13:29:30,386 +0000Z  INFO       Table         : FAPSSE (0 records)
2026-04-23 13:29:30,386 +0000Z  INFO       Table         : FAPSSH (0 records)
2026-04-23 13:29:30,386 +0000Z  INFO       Table         : FAPSSI (0 records)
2026-04-23 13:29:30,386 +0000Z  INFO       Table         : FAPSSL (0 records)
2026-04-23 13:29:30,386 +0000Z  INFO       Table         : FAPSSP (0 records)
2026-04-23 13:29:30,386 +0000Z  INFO       Table         : FAPWH1 (0 records)
2026-04-23 13:29:30,386 +0000Z  INFO       Table         : FAPWHE (0 records)
2026-04-23 13:29:30,386 +0000Z  INFO       Table         : FAPWHP (0 records)
2026-04-23 13:29:30,386 +0000Z  INFO       Table         : FAPWHT (0 records)
2026-04-23 13:29:30,386 +0000Z  INFO       Table         : FAR106 (0 records)
2026-04-23 13:29:30,386 +0000Z  INFO       Table         : FAR116 (0 records)
2026-04-23 13:29:30,386 +0000Z  INFO       Table         : FAR117 (0 records)
2026-04-23 13:29:30,386 +0000Z  INFO       Table         : FAR121 (0 records)
2026-04-23 13:29:30,386 +0000Z  INFO       Table         : FAR131 (0 records)
2026-04-23 13:29:30,386 +0000Z  INFO       Table         : FAR202 (0 records)
2026-04-23 13:29:30,386 +0000Z  INFO       Table         : FAR203 (0 records)
2026-04-23 13:29:30,386 +0000Z  INFO       Table         : FAR322 (0 records)
2026-04-23 13:29:30,386 +0000Z  INFO       Table         : FAR400 (0 records)
2026-04-23 13:29:30,386 +0000Z  INFO       Table         : FAR410 (0 records)
2026-04-23 13:29:30,386 +0000Z  INFO       Table         : FAR501 (0 records)
2026-04-23 13:29:30,387 +0000Z  INFO       Table         : FAR504 (0 records)
2026-04-23 13:29:30,387 +0000Z  INFO       Table         : FAR516 (0 records)
2026-04-23 13:29:30,387 +0000Z  INFO       Table         : FAR51S (0 records)
2026-04-23 13:29:30,387 +0000Z  INFO       Table         : FAR521 (0 records)
2026-04-23 13:29:30,387 +0000Z  INFO       Table         : FAR545 (0 records)
2026-04-23 13:29:30,387 +0000Z  INFO       Table         : FAR591 (0 records)
2026-04-23 13:29:30,387 +0000Z  INFO       Table         : FAR606 (0 records)
2026-04-23 13:29:30,387 +0000Z  INFO       Table         : FAR611 (0 records)
2026-04-23 13:29:30,387 +0000Z  INFO       Table         : FAR612 (0 records)
2026-04-23 13:29:30,387 +0000Z  INFO       Table         : FAR999 (0 records)
2026-04-23 13:29:30,387 +0000Z  INFO       Table         : FARBKQ (0 records)
2026-04-23 13:29:30,387 +0000Z  INFO       Table         : FARBPB (0 records)
2026-04-23 13:29:30,387 +0000Z  INFO       Table         : FARBPC (0 records)
2026-04-23 13:29:30,387 +0000Z  INFO       Table         : FARBPI (0 records)
2026-04-23 13:29:30,387 +0000Z  INFO       Table         : FARBPT (0 records)
2026-04-23 13:29:30,387 +0000Z  INFO       Table         : FARCOD (0 records)
2026-04-23 13:29:30,387 +0000Z  INFO       Table         : FARCOH (0 records)
2026-04-23 13:29:30,387 +0000Z  INFO       Table         : FARCOI (0 records)
2026-04-23 13:29:30,387 +0000Z  INFO       Table         : FARDAD (0 records)
2026-04-23 13:29:30,387 +0000Z  INFO       Table         : FARDAH (0 records)
2026-04-23 13:29:30,387 +0000Z  INFO       Table         : FARDAI (0 records)
2026-04-23 13:29:30,387 +0000Z  INFO       Table         : FARDDP (0 records)
2026-04-23 13:29:30,387 +0000Z  INFO       Table         : FARDDR (0 records)
2026-04-23 13:29:30,387 +0000Z  INFO       Table         : FARDDT (0 records)
2026-04-23 13:29:30,387 +0000Z  INFO       Table         : FARHED (0 records)
2026-04-23 13:29:30,387 +0000Z  INFO       Table         : FARIID (0 records)
2026-04-23 13:29:30,387 +0000Z  INFO       Table         : FARIIH (0 records)
2026-04-23 13:29:30,387 +0000Z  INFO       Table         : FARIII (0 records)
2026-04-23 13:29:30,387 +0000Z  INFO       Table         : FARIIV (0 records)
2026-04-23 13:29:30,387 +0000Z  INFO       Table         : FARINT (0 records)
2026-04-23 13:29:30,387 +0000Z  INFO       Table         : FARIRT (0 records)
2026-04-23 13:29:30,387 +0000Z  INFO       Table         : FARMDF (0 records)
2026-04-23 13:29:30,387 +0000Z  INFO       Table         : FARMLN (0 records)
2026-04-23 13:29:30,387 +0000Z  INFO       Table         : FARP40 (0 records)
2026-04-23 13:29:30,387 +0000Z  INFO       Table         : FARPCR (0 records)
2026-04-23 13:29:30,387 +0000Z  INFO       Table         : FARPIN (0 records)
2026-04-23 13:29:30,387 +0000Z  INFO       Table         : FARPPD (0 records)
2026-04-23 13:29:30,387 +0000Z  INFO       Table         : FARPPH (0 records)
2026-04-23 13:29:30,387 +0000Z  INFO       Table         : FARPRD (0 records)
2026-04-23 13:29:30,387 +0000Z  INFO       Table         : FARPRH (0 records)
2026-04-23 13:29:30,387 +0000Z  INFO       Table         : FARPRL (0 records)
2026-04-23 13:29:30,387 +0000Z  INFO       Table         : FARPTL (0 records)
2026-04-23 13:29:30,387 +0000Z  INFO       Table         : FARREC (0 records)
2026-04-23 13:29:30,387 +0000Z  INFO       Table         : FARRED (0 records)
2026-04-23 13:29:30,387 +0000Z  INFO       Table         : FARREI (0 records)
2026-04-23 13:29:30,387 +0000Z  INFO       Table         : FARREM (0 records)
2026-04-23 13:29:30,387 +0000Z  INFO       Table         : FARREP (0 records)
2026-04-23 13:29:30,387 +0000Z  INFO       Table         : FARRES (0 records)
2026-04-23 13:29:30,387 +0000Z  INFO       Table         : FARREX (0 records)
2026-04-23 13:29:30,387 +0000Z  INFO       Table         : FARRMD (0 records)
2026-04-23 13:29:30,387 +0000Z  INFO       Table         : FARRMH (0 records)
2026-04-23 13:29:30,387 +0000Z  INFO       Table         : FARRMI (0 records)
2026-04-23 13:29:30,387 +0000Z  INFO       Table         : FARRPD (0 records)
2026-04-23 13:29:30,387 +0000Z  INFO       Table         : FARRPH (0 records)
2026-04-23 13:29:30,387 +0000Z  INFO       Table         : FARRPI (0 records)
2026-04-23 13:29:30,387 +0000Z  INFO       Table         : FARRPP (0 records)
2026-04-23 13:29:30,387 +0000Z  INFO       Table         : FARRPT (0 records)
2026-04-23 13:29:30,387 +0000Z  INFO       Table         : FARSAD (0 records)
2026-04-23 13:29:30,387 +0000Z  INFO       Table         : FARSAH (0 records)
2026-04-23 13:29:30,387 +0000Z  INFO       Table         : FARSAI (0 records)
2026-04-23 13:29:30,387 +0000Z  INFO       Table         : FARSET (0 records)
2026-04-23 13:29:30,387 +0000Z  INFO       Table         : FARWTI (0 records)
2026-04-23 13:29:30,387 +0000Z  INFO       Table         : FARWTS (0 records)
2026-04-23 13:29:30,387 +0000Z  INFO       Table         : FBAAER (0 records)
2026-04-23 13:29:30,387 +0000Z  INFO       Table         : FBAAHE (0 records)
2026-04-23 13:29:30,387 +0000Z  INFO       Table         : FBAALN (0 records)
2026-04-23 13:29:30,387 +0000Z  INFO       Table         : FBACDF (0 records)
2026-04-23 13:29:30,387 +0000Z  INFO       Table         : FBAKEY (0 records)
2026-04-23 13:29:30,387 +0000Z  INFO       Table         : FBANID (0 records)
2026-04-23 13:29:30,387 +0000Z  INFO       Table         : FBAPLD (0 records)
2026-04-23 13:29:30,387 +0000Z  INFO       Table         : FBAPLH (0 records)
2026-04-23 13:29:30,387 +0000Z  INFO       Table         : FBARES (0 records)
2026-04-23 13:29:30,387 +0000Z  INFO       Table         : FBAVAL (0 records)
2026-04-23 13:29:30,387 +0000Z  INFO       Table         : FBCTDF (0 records)
2026-04-23 13:29:30,387 +0000Z  INFO       Table         : FBCTEL (0 records)
2026-04-23 13:29:30,387 +0000Z  INFO       Table         : FBCTLN (0 records)
2026-04-23 13:29:30,387 +0000Z  INFO       Table         : FBDCTD (0 records)
2026-04-23 13:29:30,387 +0000Z  INFO       Table         : FBDCTH (0 records)
2026-04-23 13:29:30,387 +0000Z  INFO       Table         : FBDISE (0 records)
2026-04-23 13:29:30,387 +0000Z  INFO       Table         : FBDIST (0 records)
2026-04-23 13:29:30,387 +0000Z  INFO       Table         : FBKDEF (0 records)
2026-04-23 13:29:30,387 +0000Z  INFO       Table         : FBNKFO (0 records)
2026-04-23 13:29:30,387 +0000Z  INFO       Table         : FBREAV (0 records)
2026-04-23 13:29:30,387 +0000Z  INFO       Table         : FBRECC (0 records)
2026-04-23 13:29:30,387 +0000Z  INFO       Table         : FBREDF (0 records)
2026-04-23 13:29:30,387 +0000Z  INFO       Table         : FBRESP (0 records)
2026-04-23 13:29:30,387 +0000Z  INFO       Table         : FBRPLD (0 records)
2026-04-23 13:29:30,387 +0000Z  INFO       Table         : FBRPLH (0 records)
2026-04-23 13:29:30,387 +0000Z  INFO       Table         : FBSREC (0 records)
2026-04-23 13:29:30,387 +0000Z  INFO       Table         : FBSREH (0 records)
2026-04-23 13:29:30,387 +0000Z  INFO       Table         : FBSREL (0 records)
2026-04-23 13:29:30,387 +0000Z  INFO       Table         : FBSREM (0 records)
2026-04-23 13:29:30,387 +0000Z  INFO       Table         : FBSREO (0 records)
2026-04-23 13:29:30,387 +0000Z  INFO       Table         : FBSRET (0 records)
2026-04-23 13:29:30,387 +0000Z  INFO       Table         : FBTMPD (0 records)
2026-04-23 13:29:30,387 +0000Z  INFO       Table         : FBTMPH (0 records)
2026-04-23 13:29:30,387 +0000Z  INFO       Table         : FBU040 (0 records)
2026-04-23 13:29:30,387 +0000Z  INFO       Table         : FBU121 (0 records)
2026-04-23 13:29:30,387 +0000Z  INFO       Table         : FBU141 (0 records)
2026-04-23 13:29:30,387 +0000Z  INFO       Table         : FBU181 (0 records)
2026-04-23 13:29:30,387 +0000Z  INFO       Table         : FBU182 (0 records)
2026-04-23 13:29:30,387 +0000Z  INFO       Table         : FBUCNB (0 records)
2026-04-23 13:29:30,387 +0000Z  INFO       Table         : FBUCUS (0 records)
2026-04-23 13:29:30,387 +0000Z  INFO       Table         : FBUDAY (0 records)
2026-04-23 13:29:30,387 +0000Z  INFO       Table         : FBUDEF (0 records)
2026-04-23 13:29:30,387 +0000Z  INFO       Table         : FBUDET (0 records)
2026-04-23 13:29:30,387 +0000Z  INFO       Table         : FBUDIH (0 records)
2026-04-23 13:29:30,387 +0000Z  INFO       Table         : FBUDIS (0 records)
2026-04-23 13:29:30,387 +0000Z  INFO       Table         : FBUPCD (0 records)
2026-04-23 13:29:30,387 +0000Z  INFO       Table         : FBUPCH (0 records)
2026-04-23 13:29:30,387 +0000Z  INFO       Table         : FBUSUM (0 records)
2026-04-23 13:29:30,387 +0000Z  INFO       Table         : FCA050 (0 records)
2026-04-23 13:29:30,387 +0000Z  INFO       Table         : FCA17D (0 records)
2026-04-23 13:29:30,387 +0000Z  INFO       Table         : FCA17H (0 records)
2026-04-23 13:29:30,387 +0000Z  INFO       Table         : FCA17T (0 records)
2026-04-23 13:29:30,387 +0000Z  INFO       Table         : FCA202 (0 records)
2026-04-23 13:29:30,387 +0000Z  INFO       Table         : FCA251 (0 records)
2026-04-23 13:29:30,387 +0000Z  INFO       Table         : FCA261 (0 records)
2026-04-23 13:29:30,387 +0000Z  INFO       Table         : FCA511 (0 records)
2026-04-23 13:29:30,387 +0000Z  INFO       Table         : FCA516 (0 records)
2026-04-23 13:29:30,387 +0000Z  INFO       Table         : FCA531 (0 records)
2026-04-23 13:29:30,387 +0000Z  INFO       Table         : FCA536 (0 records)
2026-04-23 13:29:30,387 +0000Z  INFO       Table         : FCA541 (0 records)
2026-04-23 13:29:30,387 +0000Z  INFO       Table         : FCA951 (0 records)
2026-04-23 13:29:30,387 +0000Z  INFO       Table         : FCA95P (0 records)
2026-04-23 13:29:30,387 +0000Z  INFO       Table         : FCA969 (0 records)
2026-04-23 13:29:30,387 +0000Z  INFO       Table         : FCAANC (0 records)
2026-04-23 13:29:30,388 +0000Z  INFO       Table         : FCAANH (0 records)
2026-04-23 13:29:30,388 +0000Z  INFO       Table         : FCAANL (0 records)
2026-04-23 13:29:30,388 +0000Z  INFO       Table         : FCAANS (0 records)
2026-04-23 13:29:30,388 +0000Z  INFO       Table         : FCAAVC (0 records)
2026-04-23 13:29:30,388 +0000Z  INFO       Table         : FCAAVP (0 records)
2026-04-23 13:29:30,388 +0000Z  INFO       Table         : FCACCV (0 records)
2026-04-23 13:29:30,388 +0000Z  INFO       Table         : FCAIDL (0 records)
2026-04-23 13:29:30,388 +0000Z  INFO       Table         : FCARRD (0 records)
2026-04-23 13:29:30,388 +0000Z  INFO       Table         : FCARRH (0 records)
2026-04-23 13:29:30,388 +0000Z  INFO       Table         : FCARUD (0 records)
2026-04-23 13:29:30,388 +0000Z  INFO       Table         : FCAVDF (0 records)
2026-04-23 13:29:30,388 +0000Z  INFO       Table         : FCF100 (0 records)
2026-04-23 13:29:30,388 +0000Z  INFO       Table         : FCF101 (0 records)
2026-04-23 13:29:30,388 +0000Z  INFO       Table         : FCF303 (0 records)
2026-04-23 13:29:30,388 +0000Z  INFO       Table         : FCF306 (0 records)
2026-04-23 13:29:30,388 +0000Z  INFO       Table         : FCFACV (0 records)
2026-04-23 13:29:30,388 +0000Z  INFO       Table         : FCFBIN (0 records)
2026-04-23 13:29:30,388 +0000Z  INFO       Table         : FCFBKN (0 records)
2026-04-23 13:29:30,388 +0000Z  INFO       Table         : FCFCDD (0 records)
2026-04-23 13:29:30,388 +0000Z  INFO       Table         : FCFCDH (0 records)
2026-04-23 13:29:30,388 +0000Z  INFO       Table         : FCFCED (0 records)
2026-04-23 13:29:30,388 +0000Z  INFO       Table         : FCFCFR (0 records)
2026-04-23 13:29:30,388 +0000Z  INFO       Table         : FCFCHE (0 records)
2026-04-23 13:29:30,388 +0000Z  INFO       Table         : FCFDAT (0 records)
2026-04-23 13:29:30,388 +0000Z  INFO       Table         : FCFDET (0 records)
2026-04-23 13:29:30,388 +0000Z  INFO       Table         : FCFELV (0 records)
2026-04-23 13:29:30,388 +0000Z  INFO       Table         : FCFMDE (0 records)
2026-04-23 13:29:30,388 +0000Z  INFO       Table         : FCFMDH (0 records)
2026-04-23 13:29:30,388 +0000Z  INFO       Table         : FCFMDI (0 records)
2026-04-23 13:29:30,388 +0000Z  INFO       Table         : FCFMDL (0 records)
2026-04-23 13:29:30,388 +0000Z  INFO       Table         : FCFOIN (0 records)
2026-04-23 13:29:30,388 +0000Z  INFO       Table         : FCFVER (0 records)
2026-04-23 13:29:30,388 +0000Z  INFO       Table         : FCGCRL (0 records)
2026-04-23 13:29:30,388 +0000Z  INFO       Table         : FCHACC (0 records)
2026-04-23 13:29:30,388 +0000Z  INFO       Table         : FCHACW (0 records)
2026-04-23 13:29:30,388 +0000Z  INFO       Table         : FCHCHK (0 records)
2026-04-23 13:29:30,388 +0000Z  INFO       Table         : FCHKMA (0 records)
2026-04-23 13:29:30,388 +0000Z  INFO       Table         : FCHREC (0 records)
2026-04-23 13:29:30,388 +0000Z  INFO       Table         : FCHSEC (0 records)
2026-04-23 13:29:30,388 +0000Z  INFO       Table         : FCINAP (0 records)
2026-04-23 13:29:30,388 +0000Z  INFO       Table         : FCITAB (0 records)
2026-04-23 13:29:30,388 +0000Z  INFO       Table         : FCLCTG (0 records)
2026-04-23 13:29:30,388 +0000Z  INFO       Table         : FCLRPD (0 records)
2026-04-23 13:29:30,388 +0000Z  INFO       Table         : FCLRPH (0 records)
2026-04-23 13:29:30,388 +0000Z  INFO       Table         : FCLRPL (0 records)
2026-04-23 13:29:30,388 +0000Z  INFO       Table         : FCM712 (0 records)
2026-04-23 13:29:30,388 +0000Z  INFO       Table         : FCOLL1 (0 records)
2026-04-23 13:29:30,388 +0000Z  INFO       Table         : FCOLL2 (0 records)
2026-04-23 13:29:30,388 +0000Z  INFO       Table         : FCOLL3 (0 records)
2026-04-23 13:29:30,388 +0000Z  INFO       Table         : FCR040 (0 records)
2026-04-23 13:29:30,388 +0000Z  INFO       Table         : FCR04W (0 records)
2026-04-23 13:29:30,388 +0000Z  INFO       Table         : FCR050 (0 records)
2026-04-23 13:29:30,388 +0000Z  INFO       Table         : FCR642 (0 records)
2026-04-23 13:29:30,388 +0000Z  INFO       Table         : FCRLIV (0 records)
2026-04-23 13:29:30,388 +0000Z  INFO       Table         : FCRMCD (0 records)
2026-04-23 13:29:30,388 +0000Z  INFO       Table         : FCRMHD (0 records)
2026-04-23 13:29:30,388 +0000Z  INFO       Table         : FCRMIN (0 records)
2026-04-23 13:29:30,388 +0000Z  INFO       Table         : FCRMTD (0 records)
2026-04-23 13:29:30,388 +0000Z  INFO       Table         : FCRMTN (0 records)
2026-04-23 13:29:30,388 +0000Z  INFO       Table         : FCURIN (0 records)
2026-04-23 13:29:30,388 +0000Z  INFO       Table         : FCURPY (0 records)
2026-04-23 13:29:30,388 +0000Z  INFO       Table         : FCURTX (0 records)
2026-04-23 13:29:30,388 +0000Z  INFO       Table         : FCURVT (0 records)
2026-04-23 13:29:30,388 +0000Z  INFO       Table         : FCUSCR (0 records)
2026-04-23 13:29:30,388 +0000Z  INFO       Table         : FDA460 (0 records)
2026-04-23 13:29:30,388 +0000Z  INFO       Table         : FDDAGD (0 records)
2026-04-23 13:29:30,388 +0000Z  INFO       Table         : FDDAGH (0 records)
2026-04-23 13:29:30,388 +0000Z  INFO       Table         : FDDAGL (0 records)
2026-04-23 13:29:30,388 +0000Z  INFO       Table         : FDDAGR (0 records)
2026-04-23 13:29:30,388 +0000Z  INFO       Table         : FDDAID (0 records)
2026-04-23 13:29:30,388 +0000Z  INFO       Table         : FDDREM (0 records)
2026-04-23 13:29:30,388 +0000Z  INFO       Table         : FDDTRN (0 records)
2026-04-23 13:29:30,388 +0000Z  INFO       Table         : FDISCU (0 records)
2026-04-23 13:29:30,388 +0000Z  INFO       Table         : FDOCFO (0 records)
2026-04-23 13:29:30,388 +0000Z  INFO       Table         : FDPINV (0 records)
2026-04-23 13:29:30,388 +0000Z  INFO       Table         : FDRFMA (0 records)
2026-04-23 13:29:30,388 +0000Z  INFO       Table         : FDRTRA (0 records)
2026-04-23 13:29:30,388 +0000Z  INFO       Table         : FDRTRB (0 records)
2026-04-23 13:29:30,388 +0000Z  INFO       Table         : FEINVS (0 records)
2026-04-23 13:29:30,388 +0000Z  INFO       Table         : FEN100 (0 records)
2026-04-23 13:29:30,388 +0000Z  INFO       Table         : FERECD (0 records)
2026-04-23 13:29:30,388 +0000Z  INFO       Table         : FERECH (0 records)
2026-04-23 13:29:30,388 +0000Z  INFO       Table         : FFA001 (0 records)
2026-04-23 13:29:30,388 +0000Z  INFO       Table         : FFA010 (0 records)
2026-04-23 13:29:30,388 +0000Z  INFO       Table         : FFA101 (0 records)
2026-04-23 13:29:30,388 +0000Z  INFO       Table         : FFA102 (0 records)
2026-04-23 13:29:30,388 +0000Z  INFO       Table         : FFA106 (0 records)
2026-04-23 13:29:30,388 +0000Z  INFO       Table         : FFA116 (0 records)
2026-04-23 13:29:30,388 +0000Z  INFO       Table         : FFA121 (0 records)
2026-04-23 13:29:30,388 +0000Z  INFO       Table         : FFA130 (0 records)
2026-04-23 13:29:30,388 +0000Z  INFO       Table         : FFA132 (0 records)
2026-04-23 13:29:30,388 +0000Z  INFO       Table         : FFA161 (0 records)
2026-04-23 13:29:30,388 +0000Z  INFO       Table         : FFA171 (0 records)
2026-04-23 13:29:30,388 +0000Z  INFO       Table         : FFA176 (0 records)
2026-04-23 13:29:30,388 +0000Z  INFO       Table         : FFA180 (0 records)
2026-04-23 13:29:30,388 +0000Z  INFO       Table         : FFA510 (0 records)
2026-04-23 13:29:30,388 +0000Z  INFO       Table         : FFA513 (0 records)
2026-04-23 13:29:30,388 +0000Z  INFO       Table         : FFA520 (0 records)
2026-04-23 13:29:30,388 +0000Z  INFO       Table         : FFA531 (0 records)
2026-04-23 13:29:30,388 +0000Z  INFO       Table         : FFA533 (0 records)
2026-04-23 13:29:30,388 +0000Z  INFO       Table         : FFA566 (0 records)
2026-04-23 13:29:30,388 +0000Z  INFO       Table         : FFAACC (0 records)
2026-04-23 13:29:30,388 +0000Z  INFO       Table         : FFAAMT (0 records)
2026-04-23 13:29:30,388 +0000Z  INFO       Table         : FFACAD (0 records)
2026-04-23 13:29:30,388 +0000Z  INFO       Table         : FFACAH (0 records)
2026-04-23 13:29:30,388 +0000Z  INFO       Table         : FFACTR (0 records)
2026-04-23 13:29:30,388 +0000Z  INFO       Table         : FFADSH (0 records)
2026-04-23 13:29:30,388 +0000Z  INFO       Table         : FFADSP (0 records)
2026-04-23 13:29:30,388 +0000Z  INFO       Table         : FFADUS (0 records)
2026-04-23 13:29:30,388 +0000Z  INFO       Table         : FFAHIS (0 records)
2026-04-23 13:29:30,388 +0000Z  INFO       Table         : FFAINS (0 records)
2026-04-23 13:29:30,388 +0000Z  INFO       Table         : FFALIN (0 records)
2026-04-23 13:29:30,388 +0000Z  INFO       Table         : FFAMAS (0 records)
2026-04-23 13:29:30,388 +0000Z  INFO       Table         : FFANIP (0 records)
2026-04-23 13:29:30,388 +0000Z  INFO       Table         : FFAPAY (0 records)
2026-04-23 13:29:30,388 +0000Z  INFO       Table         : FFAPLD (0 records)
2026-04-23 13:29:30,388 +0000Z  INFO       Table         : FFARAT (0 records)
2026-04-23 13:29:30,388 +0000Z  INFO       Table         : FFASDM (0 records)
2026-04-23 13:29:30,388 +0000Z  INFO       Table         : FFASIN (0 records)
2026-04-23 13:29:30,388 +0000Z  INFO       Table         : FFASMA (0 records)
2026-04-23 13:29:30,388 +0000Z  INFO       Table         : FFASVL (0 records)
2026-04-23 13:29:30,388 +0000Z  INFO       Table         : FFATBF (0 records)
2026-04-23 13:29:30,388 +0000Z  INFO       Table         : FFATDD (0 records)
2026-04-23 13:29:30,388 +0000Z  INFO       Table         : FFATDH (0 records)
2026-04-23 13:29:30,388 +0000Z  INFO       Table         : FFATXG (0 records)
2026-04-23 13:29:30,388 +0000Z  INFO       Table         : FFCHKF (0 records)
2026-04-23 13:29:30,388 +0000Z  INFO       Table         : FFDTBD (0 records)
2026-04-23 13:29:30,388 +0000Z  INFO       Table         : FFDTBH (0 records)
2026-04-23 13:29:30,388 +0000Z  INFO       Table         : FFDTBP (0 records)
2026-04-23 13:29:30,388 +0000Z  INFO       Table         : FFDTED (0 records)
2026-04-23 13:29:30,388 +0000Z  INFO       Table         : FFDTSC (0 records)
2026-04-23 13:29:30,388 +0000Z  INFO       Table         : FFDTSL (0 records)
2026-04-23 13:29:30,388 +0000Z  INFO       Table         : FFIDXD (0 records)
2026-04-23 13:29:30,388 +0000Z  INFO       Table         : FFIDXH (0 records)
2026-04-23 13:29:30,388 +0000Z  INFO       Table         : FFIHEA (0 records)
2026-04-23 13:29:30,388 +0000Z  INFO       Table         : FFIHSD (0 records)
2026-04-23 13:29:30,388 +0000Z  INFO       Table         : FFIHST (0 records)
2026-04-23 13:29:30,388 +0000Z  INFO       Table         : FFIIRD (0 records)
2026-04-23 13:29:30,388 +0000Z  INFO       Table         : FFIIRH (0 records)
2026-04-23 13:29:30,388 +0000Z  INFO       Table         : FFIORD (0 records)
2026-04-23 13:29:30,388 +0000Z  INFO       Table         : FFIORH (0 records)
2026-04-23 13:29:30,388 +0000Z  INFO       Table         : FFPHCD (0 records)
2026-04-23 13:29:30,388 +0000Z  INFO       Table         : FFPHCH (0 records)
2026-04-23 13:29:30,388 +0000Z  INFO       Table         : FFRCCL (0 records)
2026-04-23 13:29:30,388 +0000Z  INFO       Table         : FFRCDF (0 records)
2026-04-23 13:29:30,388 +0000Z  INFO       Table         : FFRCSL (0 records)
2026-04-23 13:29:30,389 +0000Z  INFO       Table         : FFRDEF (0 records)
2026-04-23 13:29:30,389 +0000Z  INFO       Table         : FFRDIR (0 records)
2026-04-23 13:29:30,389 +0000Z  INFO       Table         : FFRDIU (0 records)
2026-04-23 13:29:30,389 +0000Z  INFO       Table         : FFRLCL (0 records)
2026-04-23 13:29:30,389 +0000Z  INFO       Table         : FFRLDF (0 records)
2026-04-23 13:29:30,389 +0000Z  INFO       Table         : FFRLSL (0 records)
2026-04-23 13:29:30,389 +0000Z  INFO       Table         : FFRLTX (0 records)
2026-04-23 13:29:30,389 +0000Z  INFO       Table         : FFRNOT (0 records)
2026-04-23 13:29:30,389 +0000Z  INFO       Table         : FFRPCH (0 records)
2026-04-23 13:29:30,389 +0000Z  INFO       Table         : FFRPCI (0 records)
2026-04-23 13:29:30,389 +0000Z  INFO       Table         : FFRPCL (0 records)
2026-04-23 13:29:30,389 +0000Z  INFO       Table         : FFRXCL (0 records)
2026-04-23 13:29:30,389 +0000Z  INFO       Table         : FFRXDF (0 records)
2026-04-23 13:29:30,389 +0000Z  INFO       Table         : FFS305 (0 records)
2026-04-23 13:29:30,389 +0000Z  INFO       Table         : FFSVDM (0 records)
2026-04-23 13:29:30,389 +0000Z  INFO       Table         : FFSVFA (0 records)
2026-04-23 13:29:30,389 +0000Z  INFO       Table         : FFSVVT (0 records)
2026-04-23 13:29:30,389 +0000Z  INFO       Table         : FGDIBD (0 records)
2026-04-23 13:29:30,389 +0000Z  INFO       Table         : FGDIBH (0 records)
2026-04-23 13:29:30,389 +0000Z  INFO       Table         : FGDISD (0 records)
2026-04-23 13:29:30,389 +0000Z  INFO       Table         : FGDISE (0 records)
2026-04-23 13:29:30,389 +0000Z  INFO       Table         : FGDISH (0 records)
2026-04-23 13:29:30,389 +0000Z  INFO       Table         : FGDIST (0 records)
2026-04-23 13:29:30,389 +0000Z  INFO       Table         : FGDISW (0 records)
2026-04-23 13:29:30,389 +0000Z  INFO       Table         : FGDITD (0 records)
2026-04-23 13:29:30,389 +0000Z  INFO       Table         : FGDITH (0 records)
2026-04-23 13:29:30,389 +0000Z  INFO       Table         : FGDNIH (0 records)
2026-04-23 13:29:30,389 +0000Z  INFO       Table         : FGDNIL (0 records)
2026-04-23 13:29:30,389 +0000Z  INFO       Table         : FGI350 (0 records)
2026-04-23 13:29:30,389 +0000Z  INFO       Table         : FGI360 (0 records)
2026-04-23 13:29:30,389 +0000Z  INFO       Table         : FGINAE (0 records)
2026-04-23 13:29:30,389 +0000Z  INFO       Table         : FGINDH (0 records)
2026-04-23 13:29:30,389 +0000Z  INFO       Table         : FGINHC (0 records)
2026-04-23 13:29:30,389 +0000Z  INFO       Table         : FGINHE (0 records)
2026-04-23 13:29:30,389 +0000Z  INFO       Table         : FGINLC (0 records)
2026-04-23 13:29:30,389 +0000Z  INFO       Table         : FGINLI (0 records)
2026-04-23 13:29:30,389 +0000Z  INFO       Table         : FGINPA (0 records)
2026-04-23 13:29:30,389 +0000Z  INFO       Table         : FGINTX (0 records)
2026-04-23 13:29:30,389 +0000Z  INFO       Table         : FGITHC (0 records)
2026-04-23 13:29:30,389 +0000Z  INFO       Table         : FGITLC (0 records)
2026-04-23 13:29:30,389 +0000Z  INFO       Table         : FGITLI (0 records)
2026-04-23 13:29:30,389 +0000Z  INFO       Table         : FGL131 (0 records)
2026-04-23 13:29:30,389 +0000Z  INFO       Table         : FGL132 (0 records)
2026-04-23 13:29:30,389 +0000Z  INFO       Table         : FGL151 (0 records)
2026-04-23 13:29:30,389 +0000Z  INFO       Table         : FGL183 (0 records)
2026-04-23 13:29:30,389 +0000Z  INFO       Table         : FGL184 (0 records)
2026-04-23 13:29:30,389 +0000Z  INFO       Table         : FGL380 (0 records)
2026-04-23 13:29:30,389 +0000Z  INFO       Table         : FGL38B (0 records)
2026-04-23 13:29:30,389 +0000Z  INFO       Table         : FGL470 (0 records)
2026-04-23 13:29:30,389 +0000Z  INFO       Table         : FGL506 (0 records)
2026-04-23 13:29:30,389 +0000Z  INFO       Table         : FGL511 (0 records)
2026-04-23 13:29:30,389 +0000Z  INFO       Table         : FGL515 (0 records)
2026-04-23 13:29:30,389 +0000Z  INFO       Table         : FGL516 (0 records)
2026-04-23 13:29:30,389 +0000Z  INFO       Table         : FGL517 (0 records)
2026-04-23 13:29:30,389 +0000Z  INFO       Table         : FGL521 (0 records)
2026-04-23 13:29:30,389 +0000Z  INFO       Table         : FGL527 (0 records)
2026-04-23 13:29:30,389 +0000Z  INFO       Table         : FGL535 (0 records)
2026-04-23 13:29:30,389 +0000Z  INFO       Table         : FGL539 (0 records)
2026-04-23 13:29:30,389 +0000Z  INFO       Table         : FGL606 (0 records)
2026-04-23 13:29:30,389 +0000Z  INFO       Table         : FGL616 (0 records)
2026-04-23 13:29:30,389 +0000Z  INFO       Table         : FGL617 (0 records)
2026-04-23 13:29:30,389 +0000Z  INFO       Table         : FGL621 (0 records)
2026-04-23 13:29:30,389 +0000Z  INFO       Table         : FGL631 (0 records)
2026-04-23 13:29:30,389 +0000Z  INFO       Table         : FGL636 (0 records)
2026-04-23 13:29:30,389 +0000Z  INFO       Table         : FGL641 (0 records)
2026-04-23 13:29:30,389 +0000Z  INFO       Table         : FGL681 (0 records)
2026-04-23 13:29:30,389 +0000Z  INFO       Table         : FGL800 (0 records)
2026-04-23 13:29:30,389 +0000Z  INFO       Table         : FGL801 (0 records)
2026-04-23 13:29:30,389 +0000Z  INFO       Table         : FGL805 (0 records)
2026-04-23 13:29:30,389 +0000Z  INFO       Table         : FGL806 (0 records)
2026-04-23 13:29:30,389 +0000Z  INFO       Table         : FGL807 (0 records)
2026-04-23 13:29:30,389 +0000Z  INFO       Table         : FGL808 (0 records)
2026-04-23 13:29:30,389 +0000Z  INFO       Table         : FGL809 (0 records)
2026-04-23 13:29:30,389 +0000Z  INFO       Table         : FGL810 (0 records)
2026-04-23 13:29:30,389 +0000Z  INFO       Table         : FGL812 (0 records)
2026-04-23 13:29:30,389 +0000Z  INFO       Table         : FGL813 (0 records)
2026-04-23 13:29:30,389 +0000Z  INFO       Table         : FGL981 (0 records)
2026-04-23 13:29:30,389 +0000Z  INFO       Table         : FGLCLS (0 records)
2026-04-23 13:29:30,389 +0000Z  INFO       Table         : FGLDIH (0 records)
2026-04-23 13:29:30,389 +0000Z  INFO       Table         : FGLDIS (0 records)
2026-04-23 13:29:30,389 +0000Z  INFO       Table         : FGLEDB (0 records)
2026-04-23 13:29:30,389 +0000Z  INFO       Table         : FGLEDD (0 records)
2026-04-23 13:29:30,389 +0000Z  INFO       Table         : FGLEDG (0 records)
2026-04-23 13:29:30,389 +0000Z  INFO       Table         : FGLEDX (0 records)
2026-04-23 13:29:30,389 +0000Z  INFO       Table         : FGLEID (0 records)
2026-04-23 13:29:30,389 +0000Z  INFO       Table         : FGLHED (0 records)
2026-04-23 13:29:30,389 +0000Z  INFO       Table         : FGLHST (0 records)
2026-04-23 13:29:30,389 +0000Z  INFO       Table         : FGLHSX (0 records)
2026-04-23 13:29:30,389 +0000Z  INFO       Table         : FGLINF (0 records)
2026-04-23 13:29:30,389 +0000Z  INFO       Table         : FGLINH (0 records)
2026-04-23 13:29:30,389 +0000Z  INFO       Table         : FGLINL (0 records)
2026-04-23 13:29:30,389 +0000Z  INFO       Table         : FGLSAV (0 records)
2026-04-23 13:29:30,389 +0000Z  INFO       Table         : FGLSCA (0 records)
2026-04-23 13:29:30,389 +0000Z  INFO       Table         : FGLSVN (0 records)
2026-04-23 13:29:30,389 +0000Z  INFO       Table         : FGLVDC (0 records)
2026-04-23 13:29:30,389 +0000Z  INFO       Table         : FGLVRN (0 records)
2026-04-23 13:29:30,389 +0000Z  INFO       Table         : FGLZMA (0 records)
2026-04-23 13:29:30,389 +0000Z  INFO       Table         : FGPADT (0 records)
2026-04-23 13:29:30,389 +0000Z  INFO       Table         : FGPAPD (0 records)
2026-04-23 13:29:30,389 +0000Z  INFO       Table         : FGPAPH (0 records)
2026-04-23 13:29:30,389 +0000Z  INFO       Table         : FGR521 (0 records)
2026-04-23 13:29:30,389 +0000Z  INFO       Table         : FGR581 (0 records)
2026-04-23 13:29:30,389 +0000Z  INFO       Table         : FGRECH (0 records)
2026-04-23 13:29:30,389 +0000Z  INFO       Table         : FGRECL (0 records)
2026-04-23 13:29:30,389 +0000Z  INFO       Table         : FGRNIH (0 records)
2026-04-23 13:29:30,389 +0000Z  INFO       Table         : FGRNIL (0 records)
2026-04-23 13:29:30,389 +0000Z  INFO       Table         : FGRPCL (0 records)
2026-04-23 13:29:30,389 +0000Z  INFO       Table         : FIRCON (0 records)
2026-04-23 13:29:30,389 +0000Z  INFO       Table         : FITIHE (0 records)
2026-04-23 13:29:30,389 +0000Z  INFO       Table         : FITILI (0 records)
2026-04-23 13:29:30,389 +0000Z  INFO       Table         : FITISE (0 records)
2026-04-23 13:29:30,389 +0000Z  INFO       Table         : FLO041 (0 records)
2026-04-23 13:29:30,389 +0000Z  INFO       Table         : FLO950 (0 records)
2026-04-23 13:29:30,389 +0000Z  INFO       Table         : FMFIRD (0 records)
2026-04-23 13:29:30,389 +0000Z  INFO       Table         : FMFIRH (0 records)
2026-04-23 13:29:30,389 +0000Z  INFO       Table         : FMFPID (0 records)
2026-04-23 13:29:30,389 +0000Z  INFO       Table         : FMFPPD (0 records)
2026-04-23 13:29:30,389 +0000Z  INFO       Table         : FMFPPH (0 records)
2026-04-23 13:29:30,389 +0000Z  INFO       Table         : FMFPPI (0 records)
2026-04-23 13:29:30,389 +0000Z  INFO       Table         : FMFPPP (0 records)
2026-04-23 13:29:30,389 +0000Z  INFO       Table         : FMINHD (0 records)
2026-04-23 13:29:30,389 +0000Z  INFO       Table         : FMINTL (0 records)
2026-04-23 13:29:30,389 +0000Z  INFO       Table         : FMINTX (0 records)
2026-04-23 13:29:30,389 +0000Z  INFO       Table         : FNADP1 (0 records)
2026-04-23 13:29:30,389 +0000Z  INFO       Table         : FNADP2 (0 records)
2026-04-23 13:29:30,389 +0000Z  INFO       Table         : FNADP3 (0 records)
2026-04-23 13:29:30,389 +0000Z  INFO       Table         : FNADT1 (0 records)
2026-04-23 13:29:30,389 +0000Z  INFO       Table         : FNADT2 (0 records)
2026-04-23 13:29:30,389 +0000Z  INFO       Table         : FNADT3 (0 records)
2026-04-23 13:29:30,389 +0000Z  INFO       Table         : FNBTRC (0 records)
2026-04-23 13:29:30,389 +0000Z  INFO       Table         : FNBTRH (0 records)
2026-04-23 13:29:30,389 +0000Z  INFO       Table         : FNBTRI (0 records)
2026-04-23 13:29:30,389 +0000Z  INFO       Table         : FNBTRP (0 records)
2026-04-23 13:29:30,389 +0000Z  INFO       Table         : FNBTRV (0 records)
2026-04-23 13:29:30,389 +0000Z  INFO       Table         : FNPBAC (0 records)
2026-04-23 13:29:30,389 +0000Z  INFO       Table         : FNPBPP (0 records)
2026-04-23 13:29:30,389 +0000Z  INFO       Table         : FNUMTX (0 records)
2026-04-23 13:29:30,389 +0000Z  INFO       Table         : FONINS (0 records)
2026-04-23 13:29:30,389 +0000Z  INFO       Table         : FONINT (0 records)
2026-04-23 13:29:30,390 +0000Z  INFO       Table         : FONINW (0 records)
2026-04-23 13:29:30,390 +0000Z  INFO       Table         : FPAPCD (0 records)
2026-04-23 13:29:30,390 +0000Z  INFO       Table         : FPAPRN (0 records)
2026-04-23 13:29:30,390 +0000Z  INFO       Table         : FPAPRW (0 records)
2026-04-23 13:29:30,390 +0000Z  INFO       Table         : FPCASH (0 records)
2026-04-23 13:29:30,390 +0000Z  INFO       Table         : FPCOEX (0 records)
2026-04-23 13:29:30,390 +0000Z  INFO       Table         : FPDCP1 (0 records)
2026-04-23 13:29:30,390 +0000Z  INFO       Table         : FPDCP2 (0 records)
2026-04-23 13:29:30,390 +0000Z  INFO       Table         : FPDCP3 (0 records)
2026-04-23 13:29:30,390 +0000Z  INFO       Table         : FPECAS (0 records)
2026-04-23 13:29:30,390 +0000Z  INFO       Table         : FPINGV (0 records)
2026-04-23 13:29:30,390 +0000Z  INFO       Table         : FPINHD (0 records)
2026-04-23 13:29:30,390 +0000Z  INFO       Table         : FPINT1 (0 records)
2026-04-23 13:29:30,390 +0000Z  INFO       Table         : FPINT2 (0 records)
2026-04-23 13:29:30,390 +0000Z  INFO       Table         : FPINT3 (0 records)
2026-04-23 13:29:30,390 +0000Z  INFO       Table         : FPIOIN (0 records)
2026-04-23 13:29:30,390 +0000Z  INFO       Table         : FPL531 (0 records)
2026-04-23 13:29:30,390 +0000Z  INFO       Table         : FPL551 (0 records)
2026-04-23 13:29:30,390 +0000Z  INFO       Table         : FPLBAL (0 records)
2026-04-23 13:29:30,390 +0000Z  INFO       Table         : FPLEDG (0 records)
2026-04-23 13:29:30,390 +0000Z  INFO       Table         : FPLEDH (0 records)
2026-04-23 13:29:30,390 +0000Z  INFO       Table         : FPLEDX (0 records)
2026-04-23 13:29:30,390 +0000Z  INFO       Table         : FPLHST (0 records)
2026-04-23 13:29:30,390 +0000Z  INFO       Table         : FPLHSX (0 records)
2026-04-23 13:29:30,390 +0000Z  INFO       Table         : FPLLOG (0 records)
2026-04-23 13:29:30,390 +0000Z  INFO       Table         : FPLOPT (0 records)
2026-04-23 13:29:30,390 +0000Z  INFO       Table         : FPLPCT (0 records)
2026-04-23 13:29:30,390 +0000Z  INFO       Table         : FPLREC (0 records)
2026-04-23 13:29:30,390 +0000Z  INFO       Table         : FPPIN1 (0 records)
2026-04-23 13:29:30,390 +0000Z  INFO       Table         : FPPIN2 (0 records)
2026-04-23 13:29:30,390 +0000Z  INFO       Table         : FPPIN3 (0 records)
2026-04-23 13:29:30,390 +0000Z  INFO       Table         : FPPPAY (0 records)
2026-04-23 13:29:30,390 +0000Z  INFO       Table         : FPPPIN (0 records)
2026-04-23 13:29:30,390 +0000Z  INFO       Table         : FPRTDF (0 records)
2026-04-23 13:29:30,390 +0000Z  INFO       Table         : FPSEUD (0 records)
2026-04-23 13:29:30,390 +0000Z  INFO       Table         : FPSPPA (0 records)
2026-04-23 13:29:30,390 +0000Z  INFO       Table         : FPSUGD (0 records)
2026-04-23 13:29:30,390 +0000Z  INFO       Table         : FPSUGH (0 records)
2026-04-23 13:29:30,390 +0000Z  INFO       Table         : FPSUGI (0 records)
2026-04-23 13:29:30,390 +0000Z  INFO       Table         : FPSUGS (0 records)
2026-04-23 13:29:30,390 +0000Z  INFO       Table         : FPT500 (0 records)
2026-04-23 13:29:30,390 +0000Z  INFO       Table         : FQRADF (0 records)
2026-04-23 13:29:30,390 +0000Z  INFO       Table         : FQRBAL (0 records)
2026-04-23 13:29:30,390 +0000Z  INFO       Table         : FQRDET (0 records)
2026-04-23 13:29:30,390 +0000Z  INFO       Table         : FQRHEA (0 records)
2026-04-23 13:29:30,390 +0000Z  INFO       Table         : FQRLIN (0 records)
2026-04-23 13:29:30,390 +0000Z  INFO       Table         : FQRSUG (0 records)
2026-04-23 13:29:30,390 +0000Z  INFO       Table         : FRCALA (0 records)
2026-04-23 13:29:30,390 +0000Z  INFO       Table         : FRCALB (0 records)
2026-04-23 13:29:30,390 +0000Z  INFO       Table         : FRCALC (0 records)
2026-04-23 13:29:30,390 +0000Z  INFO       Table         : FRCALO (0 records)
2026-04-23 13:29:30,390 +0000Z  INFO       Table         : FRCALP (0 records)
2026-04-23 13:29:30,390 +0000Z  INFO       Table         : FRCALQ (0 records)
2026-04-23 13:29:30,390 +0000Z  INFO       Table         : FRCALR (0 records)
2026-04-23 13:29:30,390 +0000Z  INFO       Table         : FRCALT (0 records)
2026-04-23 13:29:30,390 +0000Z  INFO       Table         : FREBNK (0 records)
2026-04-23 13:29:30,390 +0000Z  INFO       Table         : FRECDT (0 records)
2026-04-23 13:29:30,390 +0000Z  INFO       Table         : FRECHE (0 records)
2026-04-23 13:29:30,390 +0000Z  INFO       Table         : FRECNO (0 records)
2026-04-23 13:29:30,390 +0000Z  INFO       Table         : FRECOA (0 records)
2026-04-23 13:29:30,390 +0000Z  INFO       Table         : FRECOD (0 records)
2026-04-23 13:29:30,390 +0000Z  INFO       Table         : FRECOH (0 records)
2026-04-23 13:29:30,390 +0000Z  INFO       Table         : FRECUS (0 records)
2026-04-23 13:29:30,390 +0000Z  INFO       Table         : FREDHE (0 records)
2026-04-23 13:29:30,390 +0000Z  INFO       Table         : FREDSE (0 records)
2026-04-23 13:29:30,390 +0000Z  INFO       Table         : FREFAH (0 records)
2026-04-23 13:29:30,390 +0000Z  INFO       Table         : FREFAM (0 records)
2026-04-23 13:29:30,390 +0000Z  INFO       Table         : FREGLD (0 records)
2026-04-23 13:29:30,390 +0000Z  INFO       Table         : FREGPD (0 records)
2026-04-23 13:29:30,390 +0000Z  INFO       Table         : FREGPH (0 records)
2026-04-23 13:29:30,390 +0000Z  INFO       Table         : FREGRD (0 records)
2026-04-23 13:29:30,390 +0000Z  INFO       Table         : FREGRH (0 records)
2026-04-23 13:29:30,390 +0000Z  INFO       Table         : FREHED (0 records)
2026-04-23 13:29:30,390 +0000Z  INFO       Table         : FREITM (0 records)
2026-04-23 13:29:30,390 +0000Z  INFO       Table         : FREIVA (0 records)
2026-04-23 13:29:30,390 +0000Z  INFO       Table         : FREMD1 (0 records)
2026-04-23 13:29:30,390 +0000Z  INFO       Table         : FREMD2 (0 records)
2026-04-23 13:29:30,390 +0000Z  INFO       Table         : FREMD3 (0 records)
2026-04-23 13:29:30,390 +0000Z  INFO       Table         : FREPAY (0 records)
2026-04-23 13:29:30,390 +0000Z  INFO       Table         : FREPIH (0 records)
2026-04-23 13:29:30,390 +0000Z  INFO       Table         : FREPIL (0 records)
2026-04-23 13:29:30,390 +0000Z  INFO       Table         : FREPRD (0 records)
2026-04-23 13:29:30,390 +0000Z  INFO       Table         : FREPRH (0 records)
2026-04-23 13:29:30,390 +0000Z  INFO       Table         : FRESEC (0 records)
2026-04-23 13:29:30,390 +0000Z  INFO       Table         : FRESIC (0 records)
2026-04-23 13:29:30,390 +0000Z  INFO       Table         : FRESIH (0 records)
2026-04-23 13:29:30,390 +0000Z  INFO       Table         : FRESIL (0 records)
2026-04-23 13:29:30,390 +0000Z  INFO       Table         : FRESTK (0 records)
2026-04-23 13:29:30,390 +0000Z  INFO       Table         : FRESUP (0 records)
2026-04-23 13:29:30,390 +0000Z  INFO       Table         : FREUOM (0 records)
2026-04-23 13:29:30,390 +0000Z  INFO       Table         : FREVTP (0 records)
2026-04-23 13:29:30,390 +0000Z  INFO       Table         : FREWHT (0 records)
2026-04-23 13:29:30,390 +0000Z  INFO       Table         : FRG224 (0 records)
2026-04-23 13:29:30,390 +0000Z  INFO       Table         : FRG651 (0 records)
2026-04-23 13:29:30,390 +0000Z  INFO       Table         : FRJPER (0 records)
2026-04-23 13:29:30,390 +0000Z  INFO       Table         : FRJVOD (0 records)
2026-04-23 13:29:30,390 +0000Z  INFO       Table         : FRJVOH (0 records)
2026-04-23 13:29:30,390 +0000Z  INFO       Table         : FRM210 (0 records)
2026-04-23 13:29:30,390 +0000Z  INFO       Table         : FRM401 (0 records)
2026-04-23 13:29:30,390 +0000Z  INFO       Table         : FRM563 (0 records)
2026-04-23 13:29:30,390 +0000Z  INFO       Table         : FRM566 (0 records)
2026-04-23 13:29:30,390 +0000Z  INFO       Table         : FRRPDH (0 records)
2026-04-23 13:29:30,390 +0000Z  INFO       Table         : FRRPDL (0 records)
2026-04-23 13:29:30,390 +0000Z  INFO       Table         : FRRRCB (0 records)
2026-04-23 13:29:30,390 +0000Z  INFO       Table         : FSA170 (0 records)
2026-04-23 13:29:30,390 +0000Z  INFO       Table         : FSAPRN (0 records)
2026-04-23 13:29:30,390 +0000Z  INFO       Table         : FSCASH (0 records)
2026-04-23 13:29:30,390 +0000Z  INFO       Table         : FSL551 (0 records)
2026-04-23 13:29:30,390 +0000Z  INFO       Table         : FSLBAL (0 records)
2026-04-23 13:29:30,390 +0000Z  INFO       Table         : FSLEDG (0 records)
2026-04-23 13:29:30,390 +0000Z  INFO       Table         : FSLEDX (0 records)
2026-04-23 13:29:30,390 +0000Z  INFO       Table         : FSLGP1 (0 records)
2026-04-23 13:29:30,390 +0000Z  INFO       Table         : FSLGP2 (0 records)
2026-04-23 13:29:30,390 +0000Z  INFO       Table         : FSLGP3 (0 records)
2026-04-23 13:29:30,390 +0000Z  INFO       Table         : FSLHST (0 records)
2026-04-23 13:29:30,390 +0000Z  INFO       Table         : FSLHSX (0 records)
2026-04-23 13:29:30,390 +0000Z  INFO       Table         : FSLOPT (0 records)
2026-04-23 13:29:30,390 +0000Z  INFO       Table         : FSLPCT (0 records)
2026-04-23 13:29:30,390 +0000Z  INFO       Table         : FSLREC (0 records)
2026-04-23 13:29:30,390 +0000Z  INFO       Table         : FSLREF (0 records)
2026-04-23 13:29:30,390 +0000Z  INFO       Table         : FSSMT1 (0 records)
2026-04-23 13:29:30,390 +0000Z  INFO       Table         : FSSMT2 (0 records)
2026-04-23 13:29:30,390 +0000Z  INFO       Table         : FSSMT3 (0 records)
2026-04-23 13:29:30,390 +0000Z  INFO       Table         : FSTATX (0 records)
2026-04-23 13:29:30,390 +0000Z  INFO       Table         : FSTDEF (0 records)
2026-04-23 13:29:30,390 +0000Z  INFO       Table         : FSTLEV (0 records)
2026-04-23 13:29:30,390 +0000Z  INFO       Table         : FSTLIN (0 records)
2026-04-23 13:29:30,390 +0000Z  INFO       Table         : FSTMT1 (0 records)
2026-04-23 13:29:30,390 +0000Z  INFO       Table         : FSTMT2 (0 records)
2026-04-23 13:29:30,390 +0000Z  INFO       Table         : FSTMT3 (0 records)
2026-04-23 13:29:30,390 +0000Z  INFO       Table         : FSTMT4 (0 records)
2026-04-23 13:29:30,390 +0000Z  INFO       Table         : FSTVOD (0 records)
2026-04-23 13:29:30,390 +0000Z  INFO       Table         : FSTVOH (0 records)
2026-04-23 13:29:30,390 +0000Z  INFO       Table         : FSYTXH (0 records)
2026-04-23 13:29:30,390 +0000Z  INFO       Table         : FSYTXL (0 records)
2026-04-23 13:29:30,390 +0000Z  INFO       Table         : FTAFDM (0 records)
2026-04-23 13:29:30,390 +0000Z  INFO       Table         : FTAFHS (0 records)
2026-04-23 13:29:30,390 +0000Z  INFO       Table         : FTAFSM (0 records)
2026-04-23 13:29:30,390 +0000Z  INFO       Table         : FTAFSX (0 records)
2026-04-23 13:29:30,390 +0000Z  INFO       Table         : FTAMGL (0 records)
2026-04-23 13:29:30,390 +0000Z  INFO       Table         : FTAXAD (0 records)
2026-04-23 13:29:30,390 +0000Z  INFO       Table         : FTAXR1 (0 records)
2026-04-23 13:29:30,391 +0000Z  INFO       Table         : FTAXR2 (0 records)
2026-04-23 13:29:30,391 +0000Z  INFO       Table         : FTAXR3 (0 records)
2026-04-23 13:29:30,391 +0000Z  INFO       Table         : FTAXR4 (0 records)
2026-04-23 13:29:30,391 +0000Z  INFO       Table         : FTAXR5 (0 records)
2026-04-23 13:29:30,391 +0000Z  INFO       Table         : FTAXTR (0 records)
2026-04-23 13:29:30,391 +0000Z  INFO       Table         : FTBANK (0 records)
2026-04-23 13:29:30,391 +0000Z  INFO       Table         : FTRSCD (0 records)
2026-04-23 13:29:30,391 +0000Z  INFO       Table         : FTRSCG (0 records)
2026-04-23 13:29:30,391 +0000Z  INFO       Table         : FTRSCH (0 records)
2026-04-23 13:29:30,391 +0000Z  INFO       Table         : FTVTNO (0 records)
2026-04-23 13:29:30,391 +0000Z  INFO       Table         : FTX101 (0 records)
2026-04-23 13:29:30,391 +0000Z  INFO       Table         : FTX102 (0 records)
2026-04-23 13:29:30,391 +0000Z  INFO       Table         : FTX104 (0 records)
2026-04-23 13:29:30,391 +0000Z  INFO       Table         : FTX107 (0 records)
2026-04-23 13:29:30,391 +0000Z  INFO       Table         : FTX108 (0 records)
2026-04-23 13:29:30,391 +0000Z  INFO       Table         : FTX109 (0 records)
2026-04-23 13:29:30,391 +0000Z  INFO       Table         : FTX110 (0 records)
2026-04-23 13:29:30,391 +0000Z  INFO       Table         : FTX111 (0 records)
2026-04-23 13:29:30,391 +0000Z  INFO       Table         : FTX116 (0 records)
2026-04-23 13:29:30,391 +0000Z  INFO       Table         : FTX117 (0 records)
2026-04-23 13:29:30,391 +0000Z  INFO       Table         : FTX131 (0 records)
2026-04-23 13:29:30,391 +0000Z  INFO       Table         : FTX141 (0 records)
2026-04-23 13:29:30,391 +0000Z  INFO       Table         : FTX900 (0 records)
2026-04-23 13:29:30,391 +0000Z  INFO       Table         : FTXADJ (0 records)
2026-04-23 13:29:30,391 +0000Z  INFO       Table         : FTXAGS (0 records)
2026-04-23 13:29:30,391 +0000Z  INFO       Table         : FTXEXT (0 records)
2026-04-23 13:29:30,391 +0000Z  INFO       Table         : FTXGLL (0 records)
2026-04-23 13:29:30,391 +0000Z  INFO       Table         : FTXGLR (0 records)
2026-04-23 13:29:30,391 +0000Z  INFO       Table         : FTXGLV (0 records)
2026-04-23 13:29:30,391 +0000Z  INFO       Table         : FTXGLW (0 records)
2026-04-23 13:29:30,391 +0000Z  INFO       Table         : FTXIAC (0 records)
2026-04-23 13:29:30,391 +0000Z  INFO       Table         : FTXIAP (0 records)
2026-04-23 13:29:30,391 +0000Z  INFO       Table         : FTXIAR (0 records)
2026-04-23 13:29:30,391 +0000Z  INFO       Table         : FTXILL (0 records)
2026-04-23 13:29:30,391 +0000Z  INFO       Table         : FTXINC (0 records)
2026-04-23 13:29:30,391 +0000Z  INFO       Table         : FTXINS (0 records)
2026-04-23 13:29:30,391 +0000Z  INFO       Table         : FTXIRD (0 records)
2026-04-23 13:29:30,391 +0000Z  INFO       Table         : FTXIRH (0 records)
2026-04-23 13:29:30,391 +0000Z  INFO       Table         : FTXIRL (0 records)
2026-04-23 13:29:30,391 +0000Z  INFO       Table         : FTXITC (0 records)
2026-04-23 13:29:30,391 +0000Z  INFO       Table         : FTXITH (0 records)
2026-04-23 13:29:30,391 +0000Z  INFO       Table         : FTXITI (0 records)
2026-04-23 13:29:30,391 +0000Z  INFO       Table         : FTXITL (0 records)
2026-04-23 13:29:30,391 +0000Z  INFO       Table         : FTXITR (0 records)
2026-04-23 13:29:30,391 +0000Z  INFO       Table         : FTXITW (0 records)
2026-04-23 13:29:30,391 +0000Z  INFO       Table         : FTXJOB (0 records)
2026-04-23 13:29:30,391 +0000Z  INFO       Table         : FTXNEX (0 records)
2026-04-23 13:29:30,391 +0000Z  INFO       Table         : FTXTXC (0 records)
2026-04-23 13:29:30,391 +0000Z  INFO       Table         : FTXVCT (0 records)
2026-04-23 13:29:30,391 +0000Z  INFO       Table         : FTXVOP (0 records)
2026-04-23 13:29:30,391 +0000Z  INFO       Table         : FTXVPD (0 records)
2026-04-23 13:29:30,391 +0000Z  INFO       Table         : FTXVPR (0 records)
2026-04-23 13:29:30,391 +0000Z  INFO       Table         : FTXVPW (0 records)
2026-04-23 13:29:30,391 +0000Z  INFO       Table         : FTXVRN (0 records)
2026-04-23 13:29:30,391 +0000Z  INFO       Table         : FTXVVD (0 records)
2026-04-23 13:29:30,391 +0000Z  INFO       Table         : FTXVVL (0 records)
2026-04-23 13:29:30,391 +0000Z  INFO       Table         : FTXVVP (0 records)
2026-04-23 13:29:30,391 +0000Z  INFO       Table         : FURGLS (0 records)
2026-04-23 13:29:30,391 +0000Z  INFO       Table         : FURGSM (0 records)
2026-04-23 13:29:30,391 +0000Z  INFO       Table         : FURPLS (0 records)
2026-04-23 13:29:30,391 +0000Z  INFO       Table         : FURPSM (0 records)
2026-04-23 13:29:30,391 +0000Z  INFO       Table         : FURSLS (0 records)
2026-04-23 13:29:30,391 +0000Z  INFO       Table         : FURSSM (0 records)
2026-04-23 13:29:30,391 +0000Z  INFO       Table         : FVATCS (0 records)
2026-04-23 13:29:30,391 +0000Z  INFO       Table         : FVATDT (0 records)
2026-04-23 13:29:30,391 +0000Z  INFO       Table         : FVATGL (0 records)
2026-04-23 13:29:30,391 +0000Z  INFO       Table         : FVATGR (0 records)
2026-04-23 13:29:30,391 +0000Z  INFO       Table         : FVATHE (0 records)
2026-04-23 13:29:30,391 +0000Z  INFO       Table         : FVATIN (0 records)
2026-04-23 13:29:30,391 +0000Z  INFO       Table         : FVATLI (0 records)
2026-04-23 13:29:30,391 +0000Z  INFO       Table         : FVATLS (0 records)
2026-04-23 13:29:30,391 +0000Z  INFO       Table         : FVATMI (0 records)
2026-04-23 13:29:30,391 +0000Z  INFO       Table         : FVATRC (0 records)
2026-04-23 13:29:30,391 +0000Z  INFO       Table         : FVATRD (0 records)
2026-04-23 13:29:30,391 +0000Z  INFO       Table         : FVATRH (0 records)
2026-04-23 13:29:30,391 +0000Z  INFO       Table         : FVATRL (0 records)
2026-04-23 13:29:30,391 +0000Z  INFO       Table         : FVATRS (0 records)
2026-04-23 13:29:30,391 +0000Z  INFO       Table         : FVATRT (0 records)
2026-04-23 13:29:30,391 +0000Z  INFO       Table         : FVATRX (0 records)
2026-04-23 13:29:30,391 +0000Z  INFO       Table         : FVATTX (0 records)
2026-04-23 13:29:30,391 +0000Z  INFO       Table         : FVEASA (0 records)
2026-04-23 13:29:30,391 +0000Z  INFO       Table         : FVEASL (0 records)
2026-04-23 13:29:30,391 +0000Z  INFO       Table         : FVEATA (0 records)
2026-04-23 13:29:30,391 +0000Z  INFO       Table         : FVEATL (0 records)
2026-04-23 13:29:30,391 +0000Z  INFO       Table         : FVTRUL (0 records)
2026-04-23 13:29:30,391 +0000Z  INFO       Table         : FVTUDH (0 records)
2026-04-23 13:29:30,391 +0000Z  INFO       Table         : FVTUDL (0 records)
2026-04-23 13:29:30,391 +0000Z  INFO       Table         : FVTUDO (0 records)
2026-04-23 13:29:30,391 +0000Z  INFO       Table         : FVTUDT (0 records)
2026-04-23 13:29:30,391 +0000Z  INFO       Table         : FVTUDW (0 records)
2026-04-23 13:29:30,391 +0000Z  INFO       Table         : FWCDFJ (0 records)
2026-04-23 13:29:30,391 +0000Z  INFO       Table         : FWDCNI (0 records)
2026-04-23 13:29:30,391 +0000Z  INFO       Table         : FWIPAC (0 records)
2026-04-23 13:29:30,391 +0000Z  INFO       Table         : FWTCTD (0 records)
2026-04-23 13:29:30,391 +0000Z  INFO       Table         : GMCHAD (0 records)
2026-04-23 13:29:30,391 +0000Z  INFO       Table         : GMCHAH (0 records)
2026-04-23 13:29:30,391 +0000Z  INFO       Table         : GMCOMP (0 records)
2026-04-23 13:29:30,391 +0000Z  INFO       Table         : GMCOPR (0 records)
2026-04-23 13:29:30,391 +0000Z  INFO       Table         : GMMCEL (0 records)
2026-04-23 13:29:30,391 +0000Z  INFO       Table         : GMMCFC (0 records)
2026-04-23 13:29:30,391 +0000Z  INFO       Table         : GMMCGL (0 records)
2026-04-23 13:29:30,391 +0000Z  INFO       Table         : GMMCST (0 records)
2026-04-23 13:29:30,391 +0000Z  INFO       Table         : GMSUBU (0 records)
2026-04-23 13:29:30,391 +0000Z  INFO       Table         : GMSUGL (0 records)
2026-04-23 13:29:30,391 +0000Z  INFO       Table         : HCLASS (0 records)
2026-04-23 13:29:30,391 +0000Z  INFO       Table         : HCLSOP (0 records)
2026-04-23 13:29:30,391 +0000Z  INFO       Table         : HCLSSC (0 records)
2026-04-23 13:29:30,391 +0000Z  INFO       Table         : HCLSSG (0 records)
2026-04-23 13:29:30,391 +0000Z  INFO       Table         : HKYCON (0 records)
2026-04-23 13:29:30,391 +0000Z  INFO       Table         : HMSMHI (0 records)
2026-04-23 13:29:30,391 +0000Z  INFO       Table         : HMSMOP (0 records)
2026-04-23 13:29:30,391 +0000Z  INFO       Table         : HMSMSC (0 records)
2026-04-23 13:29:30,391 +0000Z  INFO       Table         : HMSMSG (0 records)
2026-04-23 13:29:30,391 +0000Z  INFO       Table         : HMSMTP (0 records)
2026-04-23 13:29:30,391 +0000Z  INFO       Table         : HMSMVA (0 records)
2026-04-23 13:29:30,391 +0000Z  INFO       Table         : HSCFAM (0 records)
2026-04-23 13:29:30,391 +0000Z  INFO       Table         : HSCFID (0 records)
2026-04-23 13:29:30,391 +0000Z  INFO       Table         : HSCPGM (0 records)
2026-04-23 13:29:30,391 +0000Z  INFO       Table         : HSELCL (0 records)
2026-04-23 13:29:30,391 +0000Z  INFO       Table         : HSYTXH (0 records)
2026-04-23 13:29:30,391 +0000Z  INFO       Table         : HSYTXL (0 records)
2026-04-23 13:29:30,391 +0000Z  INFO       Table         : HTPFLD (0 records)
2026-04-23 13:29:30,391 +0000Z  INFO       Table         : HTPFVA (0 records)
2026-04-23 13:29:30,391 +0000Z  INFO       Table         : HTPHEA (0 records)
2026-04-23 13:29:30,391 +0000Z  INFO       Table         : ICUSMA (0 records)
2026-04-23 13:29:30,391 +0000Z  INFO       Table         : IEMPGM (0 records)
2026-04-23 13:29:30,391 +0000Z  INFO       Table         : IEWPGM (0 records)
2026-04-23 13:29:30,391 +0000Z  INFO       Table         : IITBAL (0 records)
2026-04-23 13:29:30,391 +0000Z  INFO       Table         : IITFAC (0 records)
2026-04-23 13:29:30,391 +0000Z  INFO       Table         : IITMAS (0 records)
2026-04-23 13:29:30,391 +0000Z  INFO       Table         : IITPOP (0 records)
2026-04-23 13:29:30,391 +0000Z  INFO       Table         : IMNDIV (0 records)
2026-04-23 13:29:30,391 +0000Z  INFO       Table         : INVOIC (0 records)
2026-04-23 13:29:30,391 +0000Z  INFO       Table         : IPPASL (0 records)
2026-04-23 13:29:30,391 +0000Z  INFO       Table         : IPPITE (0 records)
2026-04-23 13:29:30,391 +0000Z  INFO       Table         : IPPPQA (0 records)
2026-04-23 13:29:30,391 +0000Z  INFO       Table         : IPPRIT (0 records)
2026-04-23 13:29:30,391 +0000Z  INFO       Table         : IPPRSS (0 records)
2026-04-23 13:29:30,391 +0000Z  INFO       Table         : IPPVER (0 records)
2026-04-23 13:29:30,391 +0000Z  INFO       Table         : IPRLRP (0 records)
2026-04-23 13:29:30,391 +0000Z  INFO       Table         : IPRRED (0 records)
2026-04-23 13:29:30,391 +0000Z  INFO       Table         : ISYTXH (0 records)
2026-04-23 13:29:30,391 +0000Z  INFO       Table         : ISYTXL (0 records)
2026-04-23 13:29:30,391 +0000Z  INFO       Table         : ITRCMD (0 records)
2026-04-23 13:29:30,391 +0000Z  INFO       Table         : ITRCON (0 records)
2026-04-23 13:29:30,392 +0000Z  INFO       Table         : ITREVT (0 records)
2026-04-23 13:29:30,392 +0000Z  INFO       Table         : ITRPGM (0 records)
2026-04-23 13:29:30,392 +0000Z  INFO       Table         : ITRSUB (0 records)
2026-04-23 13:29:30,392 +0000Z  INFO       Table         : IVATPC (0 records)
2026-04-23 13:29:30,392 +0000Z  INFO       Table         : LT1100 (0 records)
2026-04-23 13:29:30,392 +0000Z  INFO       Table         : LT1105 (0 records)
2026-04-23 13:29:30,392 +0000Z  INFO       Table         : LT1108 (0 records)
2026-04-23 13:29:30,392 +0000Z  INFO       Table         : LT1350 (0 records)
2026-04-23 13:29:30,392 +0000Z  INFO       Table         : LT1610 (0 records)
2026-04-23 13:29:30,392 +0000Z  INFO       Table         : LT1670 (0 records)
2026-04-23 13:29:30,392 +0000Z  INFO       Table         : LT1677 (0 records)
2026-04-23 13:29:30,392 +0000Z  INFO       Table         : LT8201 (0 records)
2026-04-23 13:29:30,392 +0000Z  INFO       Table         : LTADCH (0 records)
2026-04-23 13:29:30,392 +0000Z  INFO       Table         : LTADHI (0 records)
2026-04-23 13:29:30,392 +0000Z  INFO       Table         : LTAGHD (0 records)
2026-04-23 13:29:30,392 +0000Z  INFO       Table         : LTAGHE (0 records)
2026-04-23 13:29:30,392 +0000Z  INFO       Table         : LTAGHH (0 records)
2026-04-23 13:29:30,392 +0000Z  INFO       Table         : LTAGHI (0 records)
2026-04-23 13:29:30,392 +0000Z  INFO       Table         : LTAGHL (0 records)
2026-04-23 13:29:30,392 +0000Z  INFO       Table         : LTAGHT (0 records)
2026-04-23 13:29:30,392 +0000Z  INFO       Table         : LTAGLI (0 records)
2026-04-23 13:29:30,392 +0000Z  INFO       Table         : LTAGPD (0 records)
2026-04-23 13:29:30,392 +0000Z  INFO       Table         : LTAGPH (0 records)
2026-04-23 13:29:30,392 +0000Z  INFO       Table         : LTAGPL (0 records)
2026-04-23 13:29:30,392 +0000Z  INFO       Table         : LTAOTP (0 records)
2026-04-23 13:29:30,392 +0000Z  INFO       Table         : LTCURV (0 records)
2026-04-23 13:29:30,392 +0000Z  INFO       Table         : LTERSE (0 records)
2026-04-23 13:29:30,392 +0000Z  INFO       Table         : LTEXTE (0 records)
2026-04-23 13:29:30,392 +0000Z  INFO       Table         : LTFICH (0 records)
2026-04-23 13:29:30,392 +0000Z  INFO       Table         : LTFUCO (0 records)
2026-04-23 13:29:30,392 +0000Z  INFO       Table         : LTFUND (0 records)
2026-04-23 13:29:30,392 +0000Z  INFO       Table         : LTINTT (0 records)
2026-04-23 13:29:30,392 +0000Z  INFO       Table         : LTINVD (0 records)
2026-04-23 13:29:30,392 +0000Z  INFO       Table         : LTIXTP (0 records)
2026-04-23 13:29:30,392 +0000Z  INFO       Table         : LTIXVD (0 records)
2026-04-23 13:29:30,392 +0000Z  INFO       Table         : LTKITC (0 records)
2026-04-23 13:29:30,392 +0000Z  INFO       Table         : LTKITD (0 records)
2026-04-23 13:29:30,392 +0000Z  INFO       Table         : LTKITH (0 records)
2026-04-23 13:29:30,392 +0000Z  INFO       Table         : LTKITL (0 records)
2026-04-23 13:29:30,392 +0000Z  INFO       Table         : LTKITV (0 records)
2026-04-23 13:29:30,392 +0000Z  INFO       Table         : LTLEAS (0 records)
2026-04-23 13:29:30,392 +0000Z  INFO       Table         : LTLEPR (0 records)
2026-04-23 13:29:30,392 +0000Z  INFO       Table         : LTLIDO (0 records)
2026-04-23 13:29:30,392 +0000Z  INFO       Table         : LTLIIN (0 records)
2026-04-23 13:29:30,392 +0000Z  INFO       Table         : LTLINK (0 records)
2026-04-23 13:29:30,392 +0000Z  INFO       Table         : LTPOCA (0 records)
2026-04-23 13:29:30,392 +0000Z  INFO       Table         : LTPRCA (0 records)
2026-04-23 13:29:30,392 +0000Z  INFO       Table         : LTRPCA (0 records)
2026-04-23 13:29:30,392 +0000Z  INFO       Table         : LTSINF (0 records)
2026-04-23 13:29:30,392 +0000Z  INFO       Table         : LTSPCA (0 records)
2026-04-23 13:29:30,392 +0000Z  INFO       Table         : LTTYDO (0 records)
2026-04-23 13:29:30,392 +0000Z  INFO       Table         : LTUPCO (0 records)
2026-04-23 13:29:30,392 +0000Z  INFO       Table         : MACHEA (0 records)
2026-04-23 13:29:30,392 +0000Z  INFO       Table         : MACHED (0 records)
2026-04-23 13:29:30,392 +0000Z  INFO       Table         : MACMAA (0 records)
2026-04-23 13:29:30,392 +0000Z  INFO       Table         : MACMAT (0 records)
2026-04-23 13:29:30,392 +0000Z  INFO       Table         : MACOMA (0 records)
2026-04-23 13:29:30,392 +0000Z  INFO       Table         : MACOML (0 records)
2026-04-23 13:29:30,392 +0000Z  INFO       Table         : MACOPA (0 records)
2026-04-23 13:29:30,392 +0000Z  INFO       Table         : MACOPE (0 records)
2026-04-23 13:29:30,392 +0000Z  INFO       Table         : MACOPU (0 records)
2026-04-23 13:29:30,392 +0000Z  INFO       Table         : MACWCT (0 records)
2026-04-23 13:29:30,392 +0000Z  INFO       Table         : MADDIN (0 records)
2026-04-23 13:29:30,392 +0000Z  INFO       Table         : MADJNT (0 records)
2026-04-23 13:29:30,392 +0000Z  INFO       Table         : MADMTX (0 records)
2026-04-23 13:29:30,392 +0000Z  INFO       Table         : MADSET (0 records)
2026-04-23 13:29:30,392 +0000Z  INFO       Table         : MAELEM (0 records)
2026-04-23 13:29:30,392 +0000Z  INFO       Table         : MAHEAD (0 records)
2026-04-23 13:29:30,392 +0000Z  INFO       Table         : MALACD (0 records)
2026-04-23 13:29:30,392 +0000Z  INFO       Table         : MALACT (0 records)
2026-04-23 13:29:30,392 +0000Z  INFO       Table         : MALATD (0 records)
2026-04-23 13:29:30,392 +0000Z  INFO       Table         : MALHED (0 records)
2026-04-23 13:29:30,392 +0000Z  INFO       Table         : MALIAL (0 records)
2026-04-23 13:29:30,392 +0000Z  INFO       Table         : MAMODS (0 records)
2026-04-23 13:29:30,392 +0000Z  INFO       Table         : MAMOHE (0 records)
2026-04-23 13:29:30,392 +0000Z  INFO       Table         : MAMOLI (0 records)
2026-04-23 13:29:30,392 +0000Z  INFO       Table         : MAPRCP (0 records)
2026-04-23 13:29:30,392 +0000Z  INFO       Table         : MAPRHE (0 records)
2026-04-23 13:29:30,392 +0000Z  INFO       Table         : MAPRVA (0 records)
2026-04-23 13:29:30,392 +0000Z  INFO       Table         : MAT101 (0 records)
2026-04-23 13:29:30,392 +0000Z  INFO       Table         : MAT102 (0 records)
2026-04-23 13:29:30,392 +0000Z  INFO       Table         : MAT110 (0 records)
2026-04-23 13:29:30,392 +0000Z  INFO       Table         : MAT120 (0 records)
2026-04-23 13:29:30,392 +0000Z  INFO       Table         : MAT642 (0 records)
2026-04-23 13:29:30,392 +0000Z  INFO       Table         : MATDAM (0 records)
2026-04-23 13:29:30,392 +0000Z  INFO       Table         : MATDPI (0 records)
2026-04-23 13:29:30,392 +0000Z  INFO       Table         : MATDPO (0 records)
2026-04-23 13:29:30,392 +0000Z  INFO       Table         : MATDPV (0 records)
2026-04-23 13:29:30,392 +0000Z  INFO       Table         : MATORL (0 records)
2026-04-23 13:29:30,392 +0000Z  INFO       Table         : MATORV (0 records)
2026-04-23 13:29:30,392 +0000Z  INFO       Table         : MATPMT (0 records)
2026-04-23 13:29:30,392 +0000Z  INFO       Table         : MATRDS (0 records)
2026-04-23 13:29:30,392 +0000Z  INFO       Table         : MATRMA (0 records)
2026-04-23 13:29:30,392 +0000Z  INFO       Table         : MATVAL (0 records)
2026-04-23 13:29:30,392 +0000Z  INFO       Table         : MATVAM (0 records)
2026-04-23 13:29:30,392 +0000Z  INFO       Table         : MATVAV (0 records)
2026-04-23 13:29:30,392 +0000Z  INFO       Table         : MBCFGL (0 records)
2026-04-23 13:29:30,392 +0000Z  INFO       Table         : MBCHEA (0 records)
2026-04-23 13:29:30,392 +0000Z  INFO       Table         : MBCHED (0 records)
2026-04-23 13:29:30,392 +0000Z  INFO       Table         : MBCHEP (0 records)
2026-04-23 13:29:30,392 +0000Z  INFO       Table         : MBCMAA (0 records)
2026-04-23 13:29:30,392 +0000Z  INFO       Table         : MBCMAP (0 records)
2026-04-23 13:29:30,392 +0000Z  INFO       Table         : MBCMAT (0 records)
2026-04-23 13:29:30,392 +0000Z  INFO       Table         : MBCOPA (0 records)
2026-04-23 13:29:30,392 +0000Z  INFO       Table         : MBCOPE (0 records)
2026-04-23 13:29:30,392 +0000Z  INFO       Table         : MBCOPP (0 records)
2026-04-23 13:29:30,392 +0000Z  INFO       Table         : MBCOPU (0 records)
2026-04-23 13:29:30,392 +0000Z  INFO       Table         : MBCVER (0 records)
2026-04-23 13:29:30,392 +0000Z  INFO       Table         : MBCWCT (0 records)
2026-04-23 13:29:30,392 +0000Z  INFO       Table         : MBMTRD (0 records)
2026-04-23 13:29:30,392 +0000Z  INFO       Table         : MBREDI (0 records)
2026-04-23 13:29:30,392 +0000Z  INFO       Table         : MCATTR (0 records)
2026-04-23 13:29:30,392 +0000Z  INFO       Table         : MCBOEL (0 records)
2026-04-23 13:29:30,392 +0000Z  INFO       Table         : MCBOMS (0 records)
2026-04-23 13:29:30,392 +0000Z  INFO       Table         : MCCCDF (0 records)
2026-04-23 13:29:30,392 +0000Z  INFO       Table         : MCCCID (0 records)
2026-04-23 13:29:30,392 +0000Z  INFO       Table         : MCCELE (0 records)
2026-04-23 13:29:30,392 +0000Z  INFO       Table         : MCCMAT (0 records)
2026-04-23 13:29:30,392 +0000Z  INFO       Table         : MCCODA (0 records)
2026-04-23 13:29:30,392 +0000Z  INFO       Table         : MCCOMA (0 records)
2026-04-23 13:29:30,392 +0000Z  INFO       Table         : MCCOML (0 records)
2026-04-23 13:29:30,392 +0000Z  INFO       Table         : MCCOMP (0 records)
2026-04-23 13:29:30,392 +0000Z  INFO       Table         : MCCOPE (0 records)
2026-04-23 13:29:30,392 +0000Z  INFO       Table         : MCCOPU (0 records)
2026-04-23 13:29:30,392 +0000Z  INFO       Table         : MCCOSA (0 records)
2026-04-23 13:29:30,392 +0000Z  INFO       Table         : MCCOTY (0 records)
2026-04-23 13:29:30,392 +0000Z  INFO       Table         : MCCOWE (0 records)
2026-04-23 13:29:30,392 +0000Z  INFO       Table         : MCCSDF (0 records)
2026-04-23 13:29:30,392 +0000Z  INFO       Table         : MCCSEM (0 records)
2026-04-23 13:29:30,392 +0000Z  INFO       Table         : MCCSID (0 records)
2026-04-23 13:29:30,392 +0000Z  INFO       Table         : MCCWAR (0 records)
2026-04-23 13:29:30,392 +0000Z  INFO       Table         : MCCWRN (0 records)
2026-04-23 13:29:30,392 +0000Z  INFO       Table         : MCDMTX (0 records)
2026-04-23 13:29:30,392 +0000Z  INFO       Table         : MCELEM (0 records)
2026-04-23 13:29:30,393 +0000Z  INFO       Table         : MCFCOE (0 records)
2026-04-23 13:29:30,393 +0000Z  INFO       Table         : MCFCOF (0 records)
2026-04-23 13:29:30,393 +0000Z  INFO       Table         : MCFCOG (0 records)
2026-04-23 13:29:30,393 +0000Z  INFO       Table         : MCFCOH (0 records)
2026-04-23 13:29:30,393 +0000Z  INFO       Table         : MCFCOM (0 records)
2026-04-23 13:29:30,393 +0000Z  INFO       Table         : MCFCON (0 records)
2026-04-23 13:29:30,393 +0000Z  INFO       Table         : MCFCOO (0 records)
2026-04-23 13:29:30,393 +0000Z  INFO       Table         : MCFCOP (0 records)
2026-04-23 13:29:30,393 +0000Z  INFO       Table         : MCFCRE (0 records)
2026-04-23 13:29:30,393 +0000Z  INFO       Table         : MCFCTY (0 records)
2026-04-23 13:29:30,393 +0000Z  INFO       Table         : MCFCVA (0 records)
2026-04-23 13:29:30,393 +0000Z  INFO       Table         : MCFCVX (0 records)
2026-04-23 13:29:30,393 +0000Z  INFO       Table         : MCFICD (0 records)
2026-04-23 13:29:30,393 +0000Z  INFO       Table         : MCFICR (0 records)
2026-04-23 13:29:30,393 +0000Z  INFO       Table         : MCFICT (0 records)
2026-04-23 13:29:30,393 +0000Z  INFO       Table         : MCFITE (0 records)
2026-04-23 13:29:30,393 +0000Z  INFO       Table         : MCFITF (0 records)
2026-04-23 13:29:30,393 +0000Z  INFO       Table         : MCFITG (0 records)
2026-04-23 13:29:30,393 +0000Z  INFO       Table         : MCFITH (0 records)
2026-04-23 13:29:30,393 +0000Z  INFO       Table         : MCFLOC (0 records)
2026-04-23 13:29:30,393 +0000Z  INFO       Table         : MCFLOD (0 records)
2026-04-23 13:29:30,393 +0000Z  INFO       Table         : MCFLOP (0 records)
2026-04-23 13:29:30,393 +0000Z  INFO       Table         : MCFLVA (0 records)
2026-04-23 13:29:30,393 +0000Z  INFO       Table         : MCFMEC (0 records)
2026-04-23 13:29:30,393 +0000Z  INFO       Table         : MCFMEL (0 records)
2026-04-23 13:29:30,393 +0000Z  INFO       Table         : MCFMET (0 records)
2026-04-23 13:29:30,393 +0000Z  INFO       Table         : MCFMIW (0 records)
2026-04-23 13:29:30,393 +0000Z  INFO       Table         : MCFMOA (0 records)
2026-04-23 13:29:30,393 +0000Z  INFO       Table         : MCFMOC (0 records)
2026-04-23 13:29:30,393 +0000Z  INFO       Table         : MCFMOD (0 records)
2026-04-23 13:29:30,393 +0000Z  INFO       Table         : MCFMOW (0 records)
2026-04-23 13:29:30,393 +0000Z  INFO       Table         : MCFMPO (0 records)
2026-04-23 13:29:30,393 +0000Z  INFO       Table         : MCFMSL (0 records)
2026-04-23 13:29:30,393 +0000Z  INFO       Table         : MCFMTE (0 records)
2026-04-23 13:29:30,393 +0000Z  INFO       Table         : MCFMVL (0 records)
2026-04-23 13:29:30,393 +0000Z  INFO       Table         : MCFPNQ (0 records)
2026-04-23 13:29:30,393 +0000Z  INFO       Table         : MCFPOC (0 records)
2026-04-23 13:29:30,393 +0000Z  INFO       Table         : MCFPOP (0 records)
2026-04-23 13:29:30,393 +0000Z  INFO       Table         : MCFREL (0 records)
2026-04-23 13:29:30,393 +0000Z  INFO       Table         : MCFSBT (0 records)
2026-04-23 13:29:30,393 +0000Z  INFO       Table         : MCFSMR (0 records)
2026-04-23 13:29:30,393 +0000Z  INFO       Table         : MCFSTE (0 records)
2026-04-23 13:29:30,393 +0000Z  INFO       Table         : MCFSTR (0 records)
2026-04-23 13:29:30,393 +0000Z  INFO       Table         : MCFVER (0 records)
2026-04-23 13:29:30,393 +0000Z  INFO       Table         : MCFVMR (0 records)
2026-04-23 13:29:30,393 +0000Z  INFO       Table         : MCHEAD (0 records)
2026-04-23 13:29:30,393 +0000Z  INFO       Table         : MCHEAS (0 records)
2026-04-23 13:29:30,393 +0000Z  INFO       Table         : MCHHED (0 records)
2026-04-23 13:29:30,393 +0000Z  INFO       Table         : MCHMOH (0 records)
2026-04-23 13:29:30,393 +0000Z  INFO       Table         : MCHMOP (0 records)
2026-04-23 13:29:30,393 +0000Z  INFO       Table         : MCHMPH (0 records)
2026-04-23 13:29:30,393 +0000Z  INFO       Table         : MCIHED (0 records)
2026-04-23 13:29:30,393 +0000Z  INFO       Table         : MCIMAT (0 records)
2026-04-23 13:29:30,393 +0000Z  INFO       Table         : MCISHI (0 records)
2026-04-23 13:29:30,393 +0000Z  INFO       Table         : MCISHL (0 records)
2026-04-23 13:29:30,393 +0000Z  INFO       Table         : MCISHO (0 records)
2026-04-23 13:29:30,393 +0000Z  INFO       Table         : MCISTR (0 records)
2026-04-23 13:29:30,393 +0000Z  INFO       Table         : MCISUF (0 records)
2026-04-23 13:29:30,393 +0000Z  INFO       Table         : MCISUM (0 records)
2026-04-23 13:29:30,393 +0000Z  INFO       Table         : MCISUO (0 records)
2026-04-23 13:29:30,393 +0000Z  INFO       Table         : MCMACO (0 records)
2026-04-23 13:29:30,393 +0000Z  INFO       Table         : MCODET (0 records)
2026-04-23 13:29:30,393 +0000Z  INFO       Table         : MCOHED (0 records)
2026-04-23 13:29:30,393 +0000Z  INFO       Table         : MCOMBL (0 records)
2026-04-23 13:29:30,393 +0000Z  INFO       Table         : MCONMA (0 records)
2026-04-23 13:29:30,393 +0000Z  INFO       Table         : MCOPOL (0 records)
2026-04-23 13:29:30,393 +0000Z  INFO       Table         : MCOSTM (0 records)
2026-04-23 13:29:30,393 +0000Z  INFO       Table         : MCP110 (0 records)
2026-04-23 13:29:30,393 +0000Z  INFO       Table         : MCP601 (0 records)
2026-04-23 13:29:30,393 +0000Z  INFO       Table         : MCP611 (0 records)
2026-04-23 13:29:30,393 +0000Z  INFO       Table         : MCP616 (0 records)
2026-04-23 13:29:30,393 +0000Z  INFO       Table         : MCPAPD (0 records)
2026-04-23 13:29:30,393 +0000Z  INFO       Table         : MCPAPE (0 records)
2026-04-23 13:29:30,393 +0000Z  INFO       Table         : MCPAPS (0 records)
2026-04-23 13:29:30,393 +0000Z  INFO       Table         : MCPRCO (0 records)
2026-04-23 13:29:30,393 +0000Z  INFO       Table         : MCPSPE (0 records)
2026-04-23 13:29:30,393 +0000Z  INFO       Table         : MCPSUM (0 records)
2026-04-23 13:29:30,393 +0000Z  INFO       Table         : MCPWSH (0 records)
2026-04-23 13:29:30,393 +0000Z  INFO       Table         : MCPWSL (0 records)
2026-04-23 13:29:30,393 +0000Z  INFO       Table         : MCROUS (0 records)
2026-04-23 13:29:30,393 +0000Z  INFO       Table         : MCTARG (0 records)
2026-04-23 13:29:30,393 +0000Z  INFO       Table         : MCTEXT (0 records)
2026-04-23 13:29:30,393 +0000Z  INFO       Table         : MCTOCO (0 records)
2026-04-23 13:29:30,393 +0000Z  INFO       Table         : MCTPRE (0 records)
2026-04-23 13:29:30,393 +0000Z  INFO       Table         : MCWCCO (0 records)
2026-04-23 13:29:30,393 +0000Z  INFO       Table         : MDCACC (0 records)
2026-04-23 13:29:30,393 +0000Z  INFO       Table         : MDCEAC (0 records)
2026-04-23 13:29:30,393 +0000Z  INFO       Table         : MDCTBL (0 records)
2026-04-23 13:29:30,393 +0000Z  INFO       Table         : MDDADV (0 records)
2026-04-23 13:29:30,393 +0000Z  INFO       Table         : MDEOHE (0 records)
2026-04-23 13:29:30,393 +0000Z  INFO       Table         : MDEORE (0 records)
2026-04-23 13:29:30,393 +0000Z  INFO       Table         : MDEOST (0 records)
2026-04-23 13:29:30,393 +0000Z  INFO       Table         : MDIAFA (0 records)
2026-04-23 13:29:30,393 +0000Z  INFO       Table         : MDIAFL (0 records)
2026-04-23 13:29:30,393 +0000Z  INFO       Table         : MDICFA (0 records)
2026-04-23 13:29:30,393 +0000Z  INFO       Table         : MDICFL (0 records)
2026-04-23 13:29:30,393 +0000Z  INFO       Table         : MDICOA (0 records)
2026-04-23 13:29:30,393 +0000Z  INFO       Table         : MDNASN (0 records)
2026-04-23 13:29:30,393 +0000Z  INFO       Table         : MDNCNT (0 records)
2026-04-23 13:29:30,393 +0000Z  INFO       Table         : MDOCEO (0 records)
2026-04-23 13:29:30,393 +0000Z  INFO       Table         : MDOCEV (0 records)
2026-04-23 13:29:30,393 +0000Z  INFO       Table         : MDOCOC (0 records)
2026-04-23 13:29:30,393 +0000Z  INFO       Table         : MDOCST (0 records)
2026-04-23 13:29:30,393 +0000Z  INFO       Table         : MDOCTI (0 records)
2026-04-23 13:29:30,393 +0000Z  INFO       Table         : MDOPLA (0 records)
2026-04-23 13:29:30,393 +0000Z  INFO       Table         : MDOPLP (0 records)
2026-04-23 13:29:30,393 +0000Z  INFO       Table         : MDORDT (0 records)
2026-04-23 13:29:30,393 +0000Z  INFO       Table         : MDP611 (0 records)
2026-04-23 13:29:30,393 +0000Z  INFO       Table         : MDP911 (0 records)
2026-04-23 13:29:30,393 +0000Z  INFO       Table         : MDPRED (0 records)
2026-04-23 13:29:30,393 +0000Z  INFO       Table         : MDPREL (0 records)
2026-04-23 13:29:30,393 +0000Z  INFO       Table         : MDXDPL (0 records)
2026-04-23 13:29:30,393 +0000Z  INFO       Table         : MEC319 (0 records)
2026-04-23 13:29:30,393 +0000Z  INFO       Table         : MEC426 (0 records)
2026-04-23 13:29:30,393 +0000Z  INFO       Table         : MECECM (0 records)
2026-04-23 13:29:30,393 +0000Z  INFO       Table         : MECHED (0 records)
2026-04-23 13:29:30,393 +0000Z  INFO       Table         : MECMAT (0 records)
2026-04-23 13:29:30,393 +0000Z  INFO       Table         : MECMHI (0 records)
2026-04-23 13:29:30,393 +0000Z  INFO       Table         : MEQSEA (0 records)
2026-04-23 13:29:30,393 +0000Z  INFO       Table         : METRTR (0 records)
2026-04-23 13:29:30,393 +0000Z  INFO       Table         : MFC105 (0 records)
2026-04-23 13:29:30,394 +0000Z  INFO       Table         : MFC426 (0 records)
2026-04-23 13:29:30,394 +0000Z  INFO       Table         : MFCBDT (0 records)
2026-04-23 13:29:30,394 +0000Z  INFO       Table         : MFCBID (0 records)
2026-04-23 13:29:30,394 +0000Z  INFO       Table         : MFIREM (0 records)
2026-04-23 13:29:30,394 +0000Z  INFO       Table         : MFTRND (0 records)
2026-04-23 13:29:30,394 +0000Z  INFO       Table         : MFTRNS (0 records)
2026-04-23 13:29:30,394 +0000Z  INFO       Table         : MGAUTH (0 records)
2026-04-23 13:29:30,394 +0000Z  INFO       Table         : MGDADR (0 records)
2026-04-23 13:29:30,394 +0000Z  INFO       Table         : MGHEAD (0 records)
2026-04-23 13:29:30,394 +0000Z  INFO       Table         : MGITTR (0 records)
2026-04-23 13:29:30,394 +0000Z  INFO       Table         : MGLINE (0 records)
2026-04-23 13:29:30,394 +0000Z  INFO       Table         : MGLLOG (0 records)
2026-04-23 13:29:30,394 +0000Z  INFO       Table         : MGTYPE (0 records)
2026-04-23 13:29:30,394 +0000Z  INFO       Table         : MHAATR (0 records)
2026-04-23 13:29:30,394 +0000Z  INFO       Table         : MHAHED (0 records)
2026-04-23 13:29:30,394 +0000Z  INFO       Table         : MHALIN (0 records)
2026-04-23 13:29:30,394 +0000Z  INFO       Table         : MHAPAC (0 records)
2026-04-23 13:29:30,394 +0000Z  INFO       Table         : MHASUB (0 records)
2026-04-23 13:29:30,394 +0000Z  INFO       Table         : MHCRAT (0 records)
2026-04-23 13:29:30,394 +0000Z  INFO       Table         : MHDADR (0 records)
2026-04-23 13:29:30,394 +0000Z  INFO       Table         : MHDIAC (0 records)
2026-04-23 13:29:30,394 +0000Z  INFO       Table         : MHDIGL (0 records)
2026-04-23 13:29:30,394 +0000Z  INFO       Table         : MHDIGV (0 records)
2026-04-23 13:29:30,394 +0000Z  INFO       Table         : MHDIPM (0 records)
2026-04-23 13:29:30,394 +0000Z  INFO       Table         : MHDIPO (0 records)
2026-04-23 13:29:30,394 +0000Z  INFO       Table         : MHDISA (0 records)
2026-04-23 13:29:30,394 +0000Z  INFO       Table         : MHDISH (0 records)
2026-04-23 13:29:30,394 +0000Z  INFO       Table         : MHDISL (0 records)
2026-04-23 13:29:30,394 +0000Z  INFO       Table         : MHDMAS (0 records)
2026-04-23 13:29:30,394 +0000Z  INFO       Table         : MHDVEN (0 records)
2026-04-23 13:29:30,394 +0000Z  INFO       Table         : MHEXRD (0 records)
2026-04-23 13:29:30,394 +0000Z  INFO       Table         : MHEXRH (0 records)
2026-04-23 13:29:30,394 +0000Z  INFO       Table         : MHFRNS (0 records)
2026-04-23 13:29:30,394 +0000Z  INFO       Table         : MHIALI (0 records)
2026-04-23 13:29:30,394 +0000Z  INFO       Table         : MHIALT (0 records)
2026-04-23 13:29:30,394 +0000Z  INFO       Table         : MHIATR (0 records)
2026-04-23 13:29:30,394 +0000Z  INFO       Table         : MHIAUN (0 records)
2026-04-23 13:29:30,394 +0000Z  INFO       Table         : MHIBAL (0 records)
2026-04-23 13:29:30,394 +0000Z  INFO       Table         : MHICON (0 records)
2026-04-23 13:29:30,394 +0000Z  INFO       Table         : MHICUS (0 records)
2026-04-23 13:29:30,394 +0000Z  INFO       Table         : MHIFAC (0 records)
2026-04-23 13:29:30,394 +0000Z  INFO       Table         : MHIHED (0 records)
2026-04-23 13:29:30,394 +0000Z  INFO       Table         : MHIIPA (0 records)
2026-04-23 13:29:30,394 +0000Z  INFO       Table         : MHIIPC (0 records)
2026-04-23 13:29:30,394 +0000Z  INFO       Table         : MHILIN (0 records)
2026-04-23 13:29:30,394 +0000Z  INFO       Table         : MHILOG (0 records)
2026-04-23 13:29:30,394 +0000Z  INFO       Table         : MHIMAH (0 records)
2026-04-23 13:29:30,394 +0000Z  INFO       Table         : MHIMAS (0 records)
2026-04-23 13:29:30,394 +0000Z  INFO       Table         : MHIPAC (0 records)
2026-04-23 13:29:30,394 +0000Z  INFO       Table         : MHIPMT (0 records)
2026-04-23 13:29:30,394 +0000Z  INFO       Table         : MHIPOP (0 records)
2026-04-23 13:29:30,394 +0000Z  INFO       Table         : MHIQLF (1 records, 0s)
2026-04-23 13:29:30,394 +0000Z  INFO       Table         : MHISUB (0 records)
2026-04-23 13:29:30,394 +0000Z  INFO       Table         : MHITMA (0 records)
2026-04-23 13:29:30,394 +0000Z  INFO       Table         : MHIVEN (0 records)
2026-04-23 13:29:30,394 +0000Z  INFO       Table         : MHIWHL (0 records)
2026-04-23 13:29:30,394 +0000Z  INFO       Table         : MHM250 (0 records)
2026-04-23 13:29:30,394 +0000Z  INFO       Table         : MHM855 (0 records)
2026-04-23 13:29:30,394 +0000Z  INFO       Table         : MHMT01 (0 records)
2026-04-23 13:29:30,394 +0000Z  INFO       Table         : MHMT02 (0 records)
2026-04-23 13:29:30,394 +0000Z  INFO       Table         : MHMT03 (0 records)
2026-04-23 13:29:30,394 +0000Z  INFO       Table         : MHMT04 (0 records)
2026-04-23 13:29:30,394 +0000Z  INFO       Table         : MHMT05 (0 records)
2026-04-23 13:29:30,394 +0000Z  INFO       Table         : MHMT06 (0 records)
2026-04-23 13:29:30,394 +0000Z  INFO       Table         : MHMT07 (0 records)
2026-04-23 13:29:30,394 +0000Z  INFO       Table         : MHMT08 (0 records)
2026-04-23 13:29:30,394 +0000Z  INFO       Table         : MHMT09 (0 records)
2026-04-23 13:29:30,394 +0000Z  INFO       Table         : MHMT0A (0 records)
2026-04-23 13:29:30,394 +0000Z  INFO       Table         : MHMT0B (0 records)
2026-04-23 13:29:30,394 +0000Z  INFO       Table         : MHOTID (0 records)
2026-04-23 13:29:30,394 +0000Z  INFO       Table         : MHOTRP (0 records)
2026-04-23 13:29:30,394 +0000Z  INFO       Table         : MHPICA (0 records)
2026-04-23 13:29:30,394 +0000Z  INFO       Table         : MHPICD (0 records)
2026-04-23 13:29:30,394 +0000Z  INFO       Table         : MHPICH (0 records)
2026-04-23 13:29:30,394 +0000Z  INFO       Table         : MHPICL (0 records)
2026-04-23 13:29:30,394 +0000Z  INFO       Table         : MHPICT (0 records)
2026-04-23 13:29:30,394 +0000Z  INFO       Table         : MHPREA (0 records)
2026-04-23 13:29:30,394 +0000Z  INFO       Table         : MHPRNS (0 records)
2026-04-23 13:29:30,394 +0000Z  INFO       Table         : MHSEST (0 records)
2026-04-23 13:29:30,394 +0000Z  INFO       Table         : MHTASK (0 records)
2026-04-23 13:29:30,394 +0000Z  INFO       Table         : MIADSL (0 records)
2026-04-23 13:29:30,394 +0000Z  INFO       Table         : MIATTR (0 records)
2026-04-23 13:29:30,394 +0000Z  INFO       Table         : MIDAAT (0 records)
2026-04-23 13:29:30,394 +0000Z  INFO       Table         : MIDDET (0 records)
2026-04-23 13:29:30,394 +0000Z  INFO       Table         : MIDDSC (0 records)
2026-04-23 13:29:30,394 +0000Z  INFO       Table         : MIDDST (0 records)
2026-04-23 13:29:30,394 +0000Z  INFO       Table         : MIDLRX (0 records)
2026-04-23 13:29:30,394 +0000Z  INFO       Table         : MIDOTY (0 records)
2026-04-23 13:29:30,394 +0000Z  INFO       Table         : MIDQCG (0 records)
2026-04-23 13:29:30,394 +0000Z  INFO       Table         : MIDSCH (0 records)
2026-04-23 13:29:30,394 +0000Z  INFO       Table         : MIDSCP (0 records)
2026-04-23 13:29:30,394 +0000Z  INFO       Table         : MIDSSE (0 records)
2026-04-23 13:29:30,394 +0000Z  INFO       Table         : MIDSST (0 records)
2026-04-23 13:29:30,394 +0000Z  INFO       Table         : MIDTLE (0 records)
2026-04-23 13:29:30,394 +0000Z  INFO       Table         : MIEPGM (0 records)
2026-04-23 13:29:30,394 +0000Z  INFO       Table         : MIEQCL (0 records)
2026-04-23 13:29:30,394 +0000Z  INFO       Table         : MIEQGR (0 records)
2026-04-23 13:29:30,394 +0000Z  INFO       Table         : MIEQTP (0 records)
2026-04-23 13:29:30,394 +0000Z  INFO       Table         : MIEQWH (0 records)
2026-04-23 13:29:30,394 +0000Z  INFO       Table         : MIGRIF (0 records)
2026-04-23 13:29:30,394 +0000Z  INFO       Table         : MILIFE (0 records)
2026-04-23 13:29:30,394 +0000Z  INFO       Table         : MILOGR (0 records)
2026-04-23 13:29:30,394 +0000Z  INFO       Table         : MILOID (0 records)
2026-04-23 13:29:30,394 +0000Z  INFO       Table         : MILOIN (0 records)
2026-04-23 13:29:30,394 +0000Z  INFO       Table         : MILOIP (0 records)
2026-04-23 13:29:30,394 +0000Z  INFO       Table         : MILOMA (0 records)
2026-04-23 13:29:30,394 +0000Z  INFO       Table         : MILOMC (0 records)
2026-04-23 13:29:30,394 +0000Z  INFO       Table         : MILOME (0 records)
2026-04-23 13:29:30,394 +0000Z  INFO       Table         : MILOMN (0 records)
2026-04-23 13:29:30,394 +0000Z  INFO       Table         : MILOMR (0 records)
2026-04-23 13:29:30,394 +0000Z  INFO       Table         : MILOSP (0 records)
2026-04-23 13:29:30,394 +0000Z  INFO       Table         : MILOSQ (0 records)
2026-04-23 13:29:30,394 +0000Z  INFO       Table         : MILOSW (0 records)
2026-04-23 13:29:30,394 +0000Z  INFO       Table         : MILOTW (0 records)
2026-04-23 13:29:30,394 +0000Z  INFO       Table         : MILWRT (0 records)
2026-04-23 13:29:30,394 +0000Z  INFO       Table         : MINPLA (0 records)
2026-04-23 13:29:30,394 +0000Z  INFO       Table         : MINVSH (0 records)
2026-04-23 13:29:30,394 +0000Z  INFO       Table         : MINVSS (0 records)
2026-04-23 13:29:30,394 +0000Z  INFO       Table         : MINVST (0 records)
2026-04-23 13:29:30,394 +0000Z  INFO       Table         : MIOHED (0 records)
2026-04-23 13:29:30,394 +0000Z  INFO       Table         : MIOMAT (0 records)
2026-04-23 13:29:30,394 +0000Z  INFO       Table         : MIOOPE (0 records)
2026-04-23 13:29:30,394 +0000Z  INFO       Table         : MIOPTR (0 records)
2026-04-23 13:29:30,394 +0000Z  INFO       Table         : MIOTRA (0 records)
2026-04-23 13:29:30,394 +0000Z  INFO       Table         : MIPWSH (0 records)
2026-04-23 13:29:30,394 +0000Z  INFO       Table         : MIPWSL (0 records)
2026-04-23 13:29:30,394 +0000Z  INFO       Table         : MISBST (0 records)
2026-04-23 13:29:30,394 +0000Z  INFO       Table         : MISCOR (0 records)
2026-04-23 13:29:30,394 +0000Z  INFO       Table         : MITACH (0 records)
2026-04-23 13:29:30,394 +0000Z  INFO       Table         : MITACS (0 records)
2026-04-23 13:29:30,394 +0000Z  INFO       Table         : MITAFO (0 records)
2026-04-23 13:29:30,394 +0000Z  INFO       Table         : MITAFS (0 records)
2026-04-23 13:29:30,394 +0000Z  INFO       Table         : MITAFW (0 records)
2026-04-23 13:29:30,395 +0000Z  INFO       Table         : MITALD (0 records)
2026-04-23 13:29:30,395 +0000Z  INFO       Table         : MITALG (0 records)
2026-04-23 13:29:30,395 +0000Z  INFO       Table         : MITALO (0 records)
2026-04-23 13:29:30,395 +0000Z  INFO       Table         : MITALT (0 records)
2026-04-23 13:29:30,395 +0000Z  INFO       Table         : MITALW (0 records)
2026-04-23 13:29:30,395 +0000Z  INFO       Table         : MITAMO (0 records)
2026-04-23 13:29:30,395 +0000Z  INFO       Table         : MITAPD (0 records)
2026-04-23 13:29:30,395 +0000Z  INFO       Table         : MITARE (0 records)
2026-04-23 13:29:30,395 +0000Z  INFO       Table         : MITASO (0 records)
2026-04-23 13:29:30,395 +0000Z  INFO       Table         : MITATA (0 records)
2026-04-23 13:29:30,395 +0000Z  INFO       Table         : MITATO (0 records)
2026-04-23 13:29:30,395 +0000Z  INFO       Table         : MITATP (0 records)
2026-04-23 13:29:30,395 +0000Z  INFO       Table         : MITATW (0 records)
2026-04-23 13:29:30,395 +0000Z  INFO       Table         : MITATY (0 records)
2026-04-23 13:29:30,395 +0000Z  INFO       Table         : MITAUN (0 records)
2026-04-23 13:29:30,395 +0000Z  INFO       Table         : MITBAC (0 records)
2026-04-23 13:29:30,395 +0000Z  INFO       Table         : MITBAL (0 records)
2026-04-23 13:29:30,395 +0000Z  INFO       Table         : MITBAM (0 records)
2026-04-23 13:29:30,395 +0000Z  INFO       Table         : MITBIL (0 records)
2026-04-23 13:29:30,395 +0000Z  INFO       Table         : MITBIW (0 records)
2026-04-23 13:29:30,395 +0000Z  INFO       Table         : MITBLA (0 records)
2026-04-23 13:29:30,395 +0000Z  INFO       Table         : MITBSS (0 records)
2026-04-23 13:29:30,395 +0000Z  INFO       Table         : MITCAT (0 records)
2026-04-23 13:29:30,395 +0000Z  INFO       Table         : MITCCD (0 records)
2026-04-23 13:29:30,395 +0000Z  INFO       Table         : MITCCL (0 records)
2026-04-23 13:29:30,395 +0000Z  INFO       Table         : MITCEN (0 records)
2026-04-23 13:29:30,395 +0000Z  INFO       Table         : MITCFO (0 records)
2026-04-23 13:29:30,395 +0000Z  INFO       Table         : MITCOC (0 records)
2026-04-23 13:29:30,395 +0000Z  INFO       Table         : MITCOD (0 records)
2026-04-23 13:29:30,395 +0000Z  INFO       Table         : MITCOF (0 records)
2026-04-23 13:29:30,395 +0000Z  INFO       Table         : MITCOH (0 records)
2026-04-23 13:29:30,395 +0000Z  INFO       Table         : MITCOM (0 records)
2026-04-23 13:29:30,395 +0000Z  INFO       Table         : MITCPD (0 records)
2026-04-23 13:29:30,395 +0000Z  INFO       Table         : MITCPG (0 records)
2026-04-23 13:29:30,395 +0000Z  INFO       Table         : MITCPS (0 records)
2026-04-23 13:29:30,395 +0000Z  INFO       Table         : MITCRZ (0 records)
2026-04-23 13:29:30,395 +0000Z  INFO       Table         : MITCSE (0 records)
2026-04-23 13:29:30,395 +0000Z  INFO       Table         : MITCUH (0 records)
2026-04-23 13:29:30,395 +0000Z  INFO       Table         : MITCUM (0 records)
2026-04-23 13:29:30,395 +0000Z  INFO       Table         : MITDAH (0 records)
2026-04-23 13:29:30,395 +0000Z  INFO       Table         : MITDAY (0 records)
2026-04-23 13:29:30,395 +0000Z  INFO       Table         : MITDCH (0 records)
2026-04-23 13:29:30,395 +0000Z  INFO       Table         : MITDCU (0 records)
2026-04-23 13:29:30,395 +0000Z  INFO       Table         : MITDDS (0 records)
2026-04-23 13:29:30,395 +0000Z  INFO       Table         : MITDES (0 records)
2026-04-23 13:29:30,395 +0000Z  INFO       Table         : MITDFO (0 records)
2026-04-23 13:29:30,395 +0000Z  INFO       Table         : MITDNR (0 records)
2026-04-23 13:29:30,395 +0000Z  INFO       Table         : MITDPK (0 records)
2026-04-23 13:29:30,395 +0000Z  INFO       Table         : MITDPR (0 records)
2026-04-23 13:29:30,395 +0000Z  INFO       Table         : MITENC (0 records)
2026-04-23 13:29:30,395 +0000Z  INFO       Table         : MITEQO (0 records)
2026-04-23 13:29:30,395 +0000Z  INFO       Table         : MITEQU (0 records)
2026-04-23 13:29:30,395 +0000Z  INFO       Table         : MITETR (0 records)
2026-04-23 13:29:30,395 +0000Z  INFO       Table         : MITEXI (0 records)
2026-04-23 13:29:30,395 +0000Z  INFO       Table         : MITEXO (0 records)
2026-04-23 13:29:30,395 +0000Z  INFO       Table         : MITFAC (0 records)
2026-04-23 13:29:30,395 +0000Z  INFO       Table         : MITFAG (0 records)
2026-04-23 13:29:30,395 +0000Z  INFO       Table         : MITFAM (0 records)
2026-04-23 13:29:30,395 +0000Z  INFO       Table         : MITFCH (0 records)
2026-04-23 13:29:30,395 +0000Z  INFO       Table         : MITFFO (0 records)
2026-04-23 13:29:30,395 +0000Z  INFO       Table         : MITFIR (0 records)
2026-04-23 13:29:30,395 +0000Z  INFO       Table         : MITFIT (0 records)
2026-04-23 13:29:30,395 +0000Z  INFO       Table         : MITFPD (0 records)
2026-04-23 13:29:30,395 +0000Z  INFO       Table         : MITFPH (0 records)
2026-04-23 13:29:30,395 +0000Z  INFO       Table         : MITFPL (0 records)
2026-04-23 13:29:30,395 +0000Z  INFO       Table         : MITHAZ (0 records)
2026-04-23 13:29:30,395 +0000Z  INFO       Table         : MITHRY (0 records)
2026-04-23 13:29:30,395 +0000Z  INFO       Table         : MITILS (0 records)
2026-04-23 13:29:30,395 +0000Z  INFO       Table         : MITITP (0 records)
2026-04-23 13:29:30,395 +0000Z  INFO       Table         : MITITR (0 records)
2026-04-23 13:29:30,395 +0000Z  INFO       Table         : MITLAD (0 records)
2026-04-23 13:29:30,395 +0000Z  INFO       Table         : MITLOC (0 records)
2026-04-23 13:29:30,395 +0000Z  INFO       Table         : MITLOW (0 records)
2026-04-23 13:29:30,395 +0000Z  INFO       Table         : MITMAH (0 records)
2026-04-23 13:29:30,395 +0000Z  INFO       Table         : MITMAS (0 records)
2026-04-23 13:29:30,395 +0000Z  INFO       Table         : MITMCV (0 records)
2026-04-23 13:29:30,395 +0000Z  INFO       Table         : MITMDS (0 records)
2026-04-23 13:29:30,395 +0000Z  INFO       Table         : MITMSD (0 records)
2026-04-23 13:29:30,395 +0000Z  INFO       Table         : MITNUC (0 records)
2026-04-23 13:29:30,395 +0000Z  INFO       Table         : MITNUM (0 records)
2026-04-23 13:29:30,395 +0000Z  INFO       Table         : MITNWH (0 records)
2026-04-23 13:29:30,395 +0000Z  INFO       Table         : MITNXT (0 records)
2026-04-23 13:29:30,395 +0000Z  INFO       Table         : MITOCC (0 records)
2026-04-23 13:29:30,395 +0000Z  INFO       Table         : MITPAC (0 records)
2026-04-23 13:29:30,395 +0000Z  INFO       Table         : MITPAK (0 records)
2026-04-23 13:29:30,395 +0000Z  INFO       Table         : MITPCC (0 records)
2026-04-23 13:29:30,395 +0000Z  INFO       Table         : MITPCE (0 records)
2026-04-23 13:29:30,395 +0000Z  INFO       Table         : MITPCL (0 records)
2026-04-23 13:29:30,395 +0000Z  INFO       Table         : MITPCS (0 records)
2026-04-23 13:29:30,395 +0000Z  INFO       Table         : MITPGR (0 records)
2026-04-23 13:29:30,395 +0000Z  INFO       Table         : MITPHR (0 records)
2026-04-23 13:29:30,395 +0000Z  INFO       Table         : MITPHY (0 records)
2026-04-23 13:29:30,395 +0000Z  INFO       Table         : MITPIC (0 records)
2026-04-23 13:29:30,395 +0000Z  INFO       Table         : MITPLG (0 records)
2026-04-23 13:29:30,395 +0000Z  INFO       Table         : MITPLO (0 records)
2026-04-23 13:29:30,395 +0000Z  INFO       Table         : MITPLS (0 records)
2026-04-23 13:29:30,395 +0000Z  INFO       Table         : MITPOP (0 records)
2026-04-23 13:29:30,395 +0000Z  INFO       Table         : MITPRN (0 records)
2026-04-23 13:29:30,395 +0000Z  INFO       Table         : MITPSN (0 records)
2026-04-23 13:29:30,395 +0000Z  INFO       Table         : MITPTI (0 records)
2026-04-23 13:29:30,395 +0000Z  INFO       Table         : MITPTY (0 records)
2026-04-23 13:29:30,395 +0000Z  INFO       Table         : MITPWL (0 records)
2026-04-23 13:29:30,395 +0000Z  INFO       Table         : MITRES (0 records)
2026-04-23 13:29:30,395 +0000Z  INFO       Table         : MITSCH (0 records)
2026-04-23 13:29:30,395 +0000Z  INFO       Table         : MITSEA (0 records)
2026-04-23 13:29:30,395 +0000Z  INFO       Table         : MITSGR (0 records)
2026-04-23 13:29:30,395 +0000Z  INFO       Table         : MITSNM (0 records)
2026-04-23 13:29:30,395 +0000Z  INFO       Table         : MITSOR (0 records)
2026-04-23 13:29:30,395 +0000Z  INFO       Table         : MITSTA (0 records)
2026-04-23 13:29:30,395 +0000Z  INFO       Table         : MITSTP (0 records)
2026-04-23 13:29:30,395 +0000Z  INFO       Table         : MITSTR (0 records)
2026-04-23 13:29:30,395 +0000Z  INFO       Table         : MITSTS (0 records)
2026-04-23 13:29:30,395 +0000Z  INFO       Table         : MITSUB (0 records)
2026-04-23 13:29:30,395 +0000Z  INFO       Table         : MITSUG (0 records)
2026-04-23 13:29:30,395 +0000Z  INFO       Table         : MITTCD (0 records)
2026-04-23 13:29:30,395 +0000Z  INFO       Table         : MITTEM (0 records)
2026-04-23 13:29:30,395 +0000Z  INFO       Table         : MITTKD (0 records)
2026-04-23 13:29:30,395 +0000Z  INFO       Table         : MITTKH (0 records)
2026-04-23 13:29:30,395 +0000Z  INFO       Table         : MITTKL (0 records)
2026-04-23 13:29:30,395 +0000Z  INFO       Table         : MITTKP (0 records)
2026-04-23 13:29:30,395 +0000Z  INFO       Table         : MITTKS (0 records)
2026-04-23 13:29:30,395 +0000Z  INFO       Table         : MITTKV (0 records)
2026-04-23 13:29:30,395 +0000Z  INFO       Table         : MITTRA (0 records)
2026-04-23 13:29:30,395 +0000Z  INFO       Table         : MITTRF (0 records)
2026-04-23 13:29:30,395 +0000Z  INFO       Table         : MITTRN (0 records)
2026-04-23 13:29:30,395 +0000Z  INFO       Table         : MITTRS (0 records)
2026-04-23 13:29:30,395 +0000Z  INFO       Table         : MITTTY (0 records)
2026-04-23 13:29:30,395 +0000Z  INFO       Table         : MITUCV (0 records)
2026-04-23 13:29:30,395 +0000Z  INFO       Table         : MITVEM (0 records)
2026-04-23 13:29:30,395 +0000Z  INFO       Table         : MITVEN (0 records)
2026-04-23 13:29:30,395 +0000Z  INFO       Table         : MITVEQ (0 records)
2026-04-23 13:29:30,395 +0000Z  INFO       Table         : MITVEX (0 records)
2026-04-23 13:29:30,395 +0000Z  INFO       Table         : MITWAR (0 records)
2026-04-23 13:29:30,395 +0000Z  INFO       Table         : MITWHG (0 records)
2026-04-23 13:29:30,395 +0000Z  INFO       Table         : MITWHL (0 records)
2026-04-23 13:29:30,395 +0000Z  INFO       Table         : MITWHP (0 records)
2026-04-23 13:29:30,395 +0000Z  INFO       Table         : MITWLT (0 records)
2026-04-23 13:29:30,395 +0000Z  INFO       Table         : MITYAL (0 records)
2026-04-23 13:29:30,395 +0000Z  INFO       Table         : MITYWC (0 records)
2026-04-23 13:29:30,395 +0000Z  INFO       Table         : MIWLAL (0 records)
2026-04-23 13:29:30,395 +0000Z  INFO       Table         : MIWRRT (0 records)
2026-04-23 13:29:30,395 +0000Z  INFO       Table         : MLATTR (0 records)
2026-04-23 13:29:30,395 +0000Z  INFO       Table         : MLECID (0 records)
2026-04-23 13:29:30,395 +0000Z  INFO       Table         : MLESUM (0 records)
2026-04-23 13:29:30,395 +0000Z  INFO       Table         : MLIADE (0 records)
2026-04-23 13:29:30,395 +0000Z  INFO       Table         : MLIAHE (0 records)
2026-04-23 13:29:30,395 +0000Z  INFO       Table         : MLIAHL (0 records)
2026-04-23 13:29:30,396 +0000Z  INFO       Table         : MLIDET (0 records)
2026-04-23 13:29:30,396 +0000Z  INFO       Table         : MLIHED (0 records)
2026-04-23 13:29:30,396 +0000Z  INFO       Table         : MLIHEL (0 records)
2026-04-23 13:29:30,396 +0000Z  INFO       Table         : MLLIFE (0 records)
2026-04-23 13:29:30,396 +0000Z  INFO       Table         : MLPMTX (0 records)
2026-04-23 13:29:30,396 +0000Z  INFO       Table         : MMAHED (0 records)
2026-04-23 13:29:30,396 +0000Z  INFO       Table         : MMAIDE (0 records)
2026-04-23 13:29:30,396 +0000Z  INFO       Table         : MMAINS (0 records)
2026-04-23 13:29:30,396 +0000Z  INFO       Table         : MMALAD (0 records)
2026-04-23 13:29:30,396 +0000Z  INFO       Table         : MMALAH (0 records)
2026-04-23 13:29:30,396 +0000Z  INFO       Table         : MMALAN (0 records)
2026-04-23 13:29:30,396 +0000Z  INFO       Table         : MMAODE (0 records)
2026-04-23 13:29:30,396 +0000Z  INFO       Table         : MMAODM (0 records)
2026-04-23 13:29:30,396 +0000Z  INFO       Table         : MMAODO (0 records)
2026-04-23 13:29:30,396 +0000Z  INFO       Table         : MMAODR (0 records)
2026-04-23 13:29:30,396 +0000Z  INFO       Table         : MMAODS (0 records)
2026-04-23 13:29:30,396 +0000Z  INFO       Table         : MMAOHE (0 records)
2026-04-23 13:29:30,396 +0000Z  INFO       Table         : MMAPGM (0 records)
2026-04-23 13:29:30,396 +0000Z  INFO       Table         : MMARDN (0 records)
2026-04-23 13:29:30,396 +0000Z  INFO       Table         : MMARDO (0 records)
2026-04-23 13:29:30,396 +0000Z  INFO       Table         : MMARPA (0 records)
2026-04-23 13:29:30,396 +0000Z  INFO       Table         : MMASER (0 records)
2026-04-23 13:29:30,396 +0000Z  INFO       Table         : MMASUB (0 records)
2026-04-23 13:29:30,396 +0000Z  INFO       Table         : MMAUTH (0 records)
2026-04-23 13:29:30,396 +0000Z  INFO       Table         : MMC303 (0 records)
2026-04-23 13:29:30,396 +0000Z  INFO       Table         : MMC312 (0 records)
2026-04-23 13:29:30,396 +0000Z  INFO       Table         : MMC317 (0 records)
2026-04-23 13:29:30,396 +0000Z  INFO       Table         : MMC335 (0 records)
2026-04-23 13:29:30,396 +0000Z  INFO       Table         : MMC338 (0 records)
2026-04-23 13:29:30,396 +0000Z  INFO       Table         : MMC345 (0 records)
2026-04-23 13:29:30,396 +0000Z  INFO       Table         : MMC348 (0 records)
2026-04-23 13:29:30,396 +0000Z  INFO       Table         : MMC352 (0 records)
2026-04-23 13:29:30,396 +0000Z  INFO       Table         : MMC600 (0 records)
2026-04-23 13:29:30,396 +0000Z  INFO       Table         : MMC611 (0 records)
2026-04-23 13:29:30,396 +0000Z  INFO       Table         : MMCINO (0 records)
2026-04-23 13:29:30,396 +0000Z  INFO       Table         : MMCINQ (0 records)
2026-04-23 13:29:30,396 +0000Z  INFO       Table         : MMDFAD (0 records)
2026-04-23 13:29:30,396 +0000Z  INFO       Table         : MMDFAH (0 records)
2026-04-23 13:29:30,396 +0000Z  INFO       Table         : MMERPL (0 records)
2026-04-23 13:29:30,396 +0000Z  INFO       Table         : MMETER (0 records)
2026-04-23 13:29:30,396 +0000Z  INFO       Table         : MMFADA (0 records)
2026-04-23 13:29:30,396 +0000Z  INFO       Table         : MMFADD (0 records)
2026-04-23 13:29:30,396 +0000Z  INFO       Table         : MMFADS (0 records)
2026-04-23 13:29:30,396 +0000Z  INFO       Table         : MMGPKA (0 records)
2026-04-23 13:29:30,396 +0000Z  INFO       Table         : MMIHED (0 records)
2026-04-23 13:29:30,396 +0000Z  INFO       Table         : MMIIDE (0 records)
2026-04-23 13:29:30,396 +0000Z  INFO       Table         : MMIINS (0 records)
2026-04-23 13:29:30,396 +0000Z  INFO       Table         : MMIPPD (0 records)
2026-04-23 13:29:30,396 +0000Z  INFO       Table         : MMIPPM (0 records)
2026-04-23 13:29:30,396 +0000Z  INFO       Table         : MMIPPT (0 records)
2026-04-23 13:29:30,396 +0000Z  INFO       Table         : MMIQLF (0 records)
2026-04-23 13:29:30,396 +0000Z  INFO       Table         : MMISUB (0 records)
2026-04-23 13:29:30,396 +0000Z  INFO       Table         : MMLFAD (0 records)
2026-04-23 13:29:30,396 +0000Z  INFO       Table         : MMLFAH (0 records)
2026-04-23 13:29:30,396 +0000Z  INFO       Table         : MMLPRC (0 records)
2026-04-23 13:29:30,396 +0000Z  INFO       Table         : MMLPSC (0 records)
2026-04-23 13:29:30,396 +0000Z  INFO       Table         : MMLVLP (0 records)
2026-04-23 13:29:30,396 +0000Z  INFO       Table         : MMLVLS (0 records)
2026-04-23 13:29:30,396 +0000Z  INFO       Table         : MMM020 (0 records)
2026-04-23 13:29:30,396 +0000Z  INFO       Table         : MMM076 (0 records)
2026-04-23 13:29:30,396 +0000Z  INFO       Table         : MMM080 (0 records)
2026-04-23 13:29:30,396 +0000Z  INFO       Table         : MMM085 (0 records)
2026-04-23 13:29:30,396 +0000Z  INFO       Table         : MMM101 (0 records)
2026-04-23 13:29:30,396 +0000Z  INFO       Table         : MMM103 (0 records)
2026-04-23 13:29:30,396 +0000Z  INFO       Table         : MMM190 (0 records)
2026-04-23 13:29:30,396 +0000Z  INFO       Table         : MMM191 (0 records)
2026-04-23 13:29:30,396 +0000Z  INFO       Table         : MMM290 (0 records)
2026-04-23 13:29:30,396 +0000Z  INFO       Table         : MMM428 (0 records)
2026-04-23 13:29:30,396 +0000Z  INFO       Table         : MMM429 (0 records)
2026-04-23 13:29:30,396 +0000Z  INFO       Table         : MMM452 (0 records)
2026-04-23 13:29:30,396 +0000Z  INFO       Table         : MMM470 (0 records)
2026-04-23 13:29:30,396 +0000Z  INFO       Table         : MMM472 (0 records)
2026-04-23 13:29:30,396 +0000Z  INFO       Table         : MMM475 (0 records)
2026-04-23 13:29:30,396 +0000Z  INFO       Table         : MMM476 (0 records)
2026-04-23 13:29:30,396 +0000Z  INFO       Table         : MMM480 (0 records)
2026-04-23 13:29:30,396 +0000Z  INFO       Table         : MMM481 (0 records)
2026-04-23 13:29:30,396 +0000Z  INFO       Table         : MMM482 (0 records)
2026-04-23 13:29:30,396 +0000Z  INFO       Table         : MMM483 (0 records)
2026-04-23 13:29:30,396 +0000Z  INFO       Table         : MMM485 (0 records)
2026-04-23 13:29:30,396 +0000Z  INFO       Table         : MMM491 (0 records)
2026-04-23 13:29:30,396 +0000Z  INFO       Table         : MMM492 (0 records)
2026-04-23 13:29:30,396 +0000Z  INFO       Table         : MMM494 (0 records)
2026-04-23 13:29:30,396 +0000Z  INFO       Table         : MMM501 (0 records)
2026-04-23 13:29:30,396 +0000Z  INFO       Table         : MMM601 (0 records)
2026-04-23 13:29:30,396 +0000Z  INFO       Table         : MMM611 (0 records)
2026-04-23 13:29:30,396 +0000Z  INFO       Table         : MMM620 (0 records)
2026-04-23 13:29:30,396 +0000Z  INFO       Table         : MMM651 (0 records)
2026-04-23 13:29:30,396 +0000Z  INFO       Table         : MMM671 (0 records)
2026-04-23 13:29:30,396 +0000Z  INFO       Table         : MMM676 (0 records)
2026-04-23 13:29:30,396 +0000Z  INFO       Table         : MMM855 (0 records)
2026-04-23 13:29:30,396 +0000Z  INFO       Table         : MMM901 (0 records)
2026-04-23 13:29:30,396 +0000Z  INFO       Table         : MMM902 (0 records)
2026-04-23 13:29:30,396 +0000Z  INFO       Table         : MMM910 (0 records)
2026-04-23 13:29:30,396 +0000Z  INFO       Table         : MMM911 (0 records)
2026-04-23 13:29:30,396 +0000Z  INFO       Table         : MMM912 (0 records)
2026-04-23 13:29:30,396 +0000Z  INFO       Table         : MMM913 (0 records)
2026-04-23 13:29:30,396 +0000Z  INFO       Table         : MMM914 (0 records)
2026-04-23 13:29:30,396 +0000Z  INFO       Table         : MMM920 (0 records)
2026-04-23 13:29:30,396 +0000Z  INFO       Table         : MMM925 (0 records)
2026-04-23 13:29:30,396 +0000Z  INFO       Table         : MMM930 (0 records)
2026-04-23 13:29:30,396 +0000Z  INFO       Table         : MMM937 (0 records)
2026-04-23 13:29:30,396 +0000Z  INFO       Table         : MMMATR (0 records)
2026-04-23 13:29:30,396 +0000Z  INFO       Table         : MMMHMS (0 records)
2026-04-23 13:29:30,396 +0000Z  INFO       Table         : MMMPCD (0 records)
2026-04-23 13:29:30,396 +0000Z  INFO       Table         : MMMPCS (0 records)
2026-04-23 13:29:30,396 +0000Z  INFO       Table         : MMMRCD (0 records)
2026-04-23 13:29:30,396 +0000Z  INFO       Table         : MMNSEQ (0 records)
2026-04-23 13:29:30,396 +0000Z  INFO       Table         : MMO001 (0 records)
2026-04-23 13:29:30,396 +0000Z  INFO       Table         : MMO002 (0 records)
2026-04-23 13:29:30,396 +0000Z  INFO       Table         : MMO003 (0 records)
2026-04-23 13:29:30,396 +0000Z  INFO       Table         : MMO004 (0 records)
2026-04-23 13:29:30,396 +0000Z  INFO       Table         : MMO005 (0 records)
2026-04-23 13:29:30,396 +0000Z  INFO       Table         : MMO011 (0 records)
2026-04-23 13:29:30,396 +0000Z  INFO       Table         : MMO015 (0 records)
2026-04-23 13:29:30,396 +0000Z  INFO       Table         : MMO035 (0 records)
2026-04-23 13:29:30,396 +0000Z  INFO       Table         : MMO055 (0 records)
2026-04-23 13:29:30,396 +0000Z  INFO       Table         : MMO05P (0 records)
2026-04-23 13:29:30,396 +0000Z  INFO       Table         : MMO065 (0 records)
2026-04-23 13:29:30,396 +0000Z  INFO       Table         : MMO130 (0 records)
2026-04-23 13:29:30,396 +0000Z  INFO       Table         : MMO132 (0 records)
2026-04-23 13:29:30,396 +0000Z  INFO       Table         : MMO137 (0 records)
2026-04-23 13:29:30,396 +0000Z  INFO       Table         : MMO139 (0 records)
2026-04-23 13:29:30,396 +0000Z  INFO       Table         : MMO141 (0 records)
2026-04-23 13:29:30,396 +0000Z  INFO       Table         : MMO144 (0 records)
2026-04-23 13:29:30,396 +0000Z  INFO       Table         : MMO150 (0 records)
2026-04-23 13:29:30,396 +0000Z  INFO       Table         : MMO196 (0 records)
2026-04-23 13:29:30,396 +0000Z  INFO       Table         : MMO318 (0 records)
2026-04-23 13:29:30,396 +0000Z  INFO       Table         : MMO319 (0 records)
2026-04-23 13:29:30,396 +0000Z  INFO       Table         : MMO328 (0 records)
2026-04-23 13:29:30,396 +0000Z  INFO       Table         : MMO446 (0 records)
2026-04-23 13:29:30,396 +0000Z  INFO       Table         : MMO620 (0 records)
2026-04-23 13:29:30,397 +0000Z  INFO       Table         : MMO665 (0 records)
2026-04-23 13:29:30,397 +0000Z  INFO       Table         : MMO753 (0 records)
2026-04-23 13:29:30,397 +0000Z  INFO       Table         : MMO930 (0 records)
2026-04-23 13:29:30,397 +0000Z  INFO       Table         : MMO932 (0 records)
2026-04-23 13:29:30,397 +0000Z  INFO       Table         : MMO960 (0 records)
2026-04-23 13:29:30,397 +0000Z  INFO       Table         : MMOAME (0 records)
2026-04-23 13:29:30,397 +0000Z  INFO       Table         : MMOAPP (0 records)
2026-04-23 13:29:30,397 +0000Z  INFO       Table         : MMOAPQ (0 records)
2026-04-23 13:29:30,397 +0000Z  INFO       Table         : MMOBRK (0 records)
2026-04-23 13:29:30,397 +0000Z  INFO       Table         : MMOCTP (0 records)
2026-04-23 13:29:30,397 +0000Z  INFO       Table         : MMODAA (0 records)
2026-04-23 13:29:30,397 +0000Z  INFO       Table         : MMODAC (0 records)
2026-04-23 13:29:30,397 +0000Z  INFO       Table         : MMODAL (0 records)
2026-04-23 13:29:30,397 +0000Z  INFO       Table         : MMODAT (0 records)
2026-04-23 13:29:30,397 +0000Z  INFO       Table         : MMODAY (0 records)
2026-04-23 13:29:30,397 +0000Z  INFO       Table         : MMODCO (0 records)
2026-04-23 13:29:30,397 +0000Z  INFO       Table         : MMODDI (0 records)
2026-04-23 13:29:30,397 +0000Z  INFO       Table         : MMODFE (0 records)
2026-04-23 13:29:30,397 +0000Z  INFO       Table         : MMODMA (0 records)
2026-04-23 13:29:30,397 +0000Z  INFO       Table         : MMOEMT (0 records)
2026-04-23 13:29:30,397 +0000Z  INFO       Table         : MMOHED (0 records)
2026-04-23 13:29:30,397 +0000Z  INFO       Table         : MMOLGE (0 records)
2026-04-23 13:29:30,397 +0000Z  INFO       Table         : MMOLOG (0 records)
2026-04-23 13:29:30,397 +0000Z  INFO       Table         : MMOMAA (0 records)
2026-04-23 13:29:30,397 +0000Z  INFO       Table         : MMOMAT (0 records)
2026-04-23 13:29:30,397 +0000Z  INFO       Table         : MMONET (0 records)
2026-04-23 13:29:30,397 +0000Z  INFO       Table         : MMOOEE (0 records)
2026-04-23 13:29:30,397 +0000Z  INFO       Table         : MMOOEM (0 records)
2026-04-23 13:29:30,397 +0000Z  INFO       Table         : MMOOPE (0 records)
2026-04-23 13:29:30,397 +0000Z  INFO       Table         : MMOOPL (0 records)
2026-04-23 13:29:30,397 +0000Z  INFO       Table         : MMOOPP (0 records)
2026-04-23 13:29:30,397 +0000Z  INFO       Table         : MMOOPS (0 records)
2026-04-23 13:29:30,397 +0000Z  INFO       Table         : MMOPLP (0 records)
2026-04-23 13:29:30,397 +0000Z  INFO       Table         : MMOPLS (0 records)
2026-04-23 13:29:30,397 +0000Z  INFO       Table         : MMOPLT (0 records)
2026-04-23 13:29:30,397 +0000Z  INFO       Table         : MMOPLX (0 records)
2026-04-23 13:29:30,397 +0000Z  INFO       Table         : MMOPMA (0 records)
2026-04-23 13:29:30,397 +0000Z  INFO       Table         : MMOPMS (0 records)
2026-04-23 13:29:30,397 +0000Z  INFO       Table         : MMOPOL (0 records)
2026-04-23 13:29:30,397 +0000Z  INFO       Table         : MMOPPO (0 records)
2026-04-23 13:29:30,397 +0000Z  INFO       Table         : MMOPPS (0 records)
2026-04-23 13:29:30,397 +0000Z  INFO       Table         : MMOPTR (0 records)
2026-04-23 13:29:30,397 +0000Z  INFO       Table         : MMORDN (0 records)
2026-04-23 13:29:30,397 +0000Z  INFO       Table         : MMORDT (0 records)
2026-04-23 13:29:30,397 +0000Z  INFO       Table         : MMORID (0 records)
2026-04-23 13:29:30,397 +0000Z  INFO       Table         : MMOSER (0 records)
2026-04-23 13:29:30,397 +0000Z  INFO       Table         : MMOSPE (0 records)
2026-04-23 13:29:30,397 +0000Z  INFO       Table         : MMOTOP (0 records)
2026-04-23 13:29:30,397 +0000Z  INFO       Table         : MMOTTT (0 records)
2026-04-23 13:29:30,397 +0000Z  INFO       Table         : MMOWSC (0 records)
2026-04-23 13:29:30,397 +0000Z  INFO       Table         : MMOWSO (0 records)
2026-04-23 13:29:30,397 +0000Z  INFO       Table         : MMOWST (0 records)
2026-04-23 13:29:30,397 +0000Z  INFO       Table         : MMOWSV (0 records)
2026-04-23 13:29:30,397 +0000Z  INFO       Table         : MMP411 (0 records)
2026-04-23 13:29:30,397 +0000Z  INFO       Table         : MMPDRA (0 records)
2026-04-23 13:29:30,397 +0000Z  INFO       Table         : MMPFRL (0 records)
2026-04-23 13:29:30,397 +0000Z  INFO       Table         : MMPLTE (0 records)
2026-04-23 13:29:30,397 +0000Z  INFO       Table         : MMPLTS (0 records)
2026-04-23 13:29:30,397 +0000Z  INFO       Table         : MMPMAA (0 records)
2026-04-23 13:29:30,397 +0000Z  INFO       Table         : MMPMAT (0 records)
2026-04-23 13:29:30,397 +0000Z  INFO       Table         : MMPOEM (0 records)
2026-04-23 13:29:30,397 +0000Z  INFO       Table         : MMPOPE (0 records)
2026-04-23 13:29:30,397 +0000Z  INFO       Table         : MMPOPL (0 records)
2026-04-23 13:29:30,397 +0000Z  INFO       Table         : MMPOPS (0 records)
2026-04-23 13:29:30,397 +0000Z  INFO       Table         : MMPRRU (0 records)
2026-04-23 13:29:30,397 +0000Z  INFO       Table         : MMPSPE (0 records)
2026-04-23 13:29:30,397 +0000Z  INFO       Table         : MMPTRL (0 records)
2026-04-23 13:29:30,397 +0000Z  INFO       Table         : MMQIRS (0 records)
2026-04-23 13:29:30,397 +0000Z  INFO       Table         : MMRREM (0 records)
2026-04-23 13:29:30,397 +0000Z  INFO       Table         : MMSISF (0 records)
2026-04-23 13:29:30,397 +0000Z  INFO       Table         : MMSNPR (0 records)
2026-04-23 13:29:30,397 +0000Z  INFO       Table         : MMSTDE (0 records)
2026-04-23 13:29:30,397 +0000Z  INFO       Table         : MMSTFI (0 records)
2026-04-23 13:29:30,397 +0000Z  INFO       Table         : MMSTVA (0 records)
2026-04-23 13:29:30,397 +0000Z  INFO       Table         : MMSVAD (0 records)
2026-04-23 13:29:30,397 +0000Z  INFO       Table         : MMSVAH (0 records)
2026-04-23 13:29:30,397 +0000Z  INFO       Table         : MMSVAT (0 records)
2026-04-23 13:29:30,397 +0000Z  INFO       Table         : MMTOTR (0 records)
2026-04-23 13:29:30,397 +0000Z  INFO       Table         : MMTPLP (0 records)
2026-04-23 13:29:30,397 +0000Z  INFO       Table         : MMTPLT (0 records)
2026-04-23 13:29:30,397 +0000Z  INFO       Table         : MMTTAB (0 records)
2026-04-23 13:29:30,397 +0000Z  INFO       Table         : MMW061 (0 records)
2026-04-23 13:29:30,397 +0000Z  INFO       Table         : MMW071 (0 records)
2026-04-23 13:29:30,397 +0000Z  INFO       Table         : MMW150 (0 records)
2026-04-23 13:29:30,397 +0000Z  INFO       Table         : MMW200 (0 records)
2026-04-23 13:29:30,397 +0000Z  INFO       Table         : MMW410 (0 records)
2026-04-23 13:29:30,397 +0000Z  INFO       Table         : MMW411 (0 records)
2026-04-23 13:29:30,397 +0000Z  INFO       Table         : MMW423 (0 records)
2026-04-23 13:29:30,397 +0000Z  INFO       Table         : MMW428 (0 records)
2026-04-23 13:29:30,397 +0000Z  INFO       Table         : MMW429 (0 records)
2026-04-23 13:29:30,397 +0000Z  INFO       Table         : MMW442 (0 records)
2026-04-23 13:29:30,397 +0000Z  INFO       Table         : MMW450 (0 records)
2026-04-23 13:29:30,397 +0000Z  INFO       Table         : MMW485 (0 records)
2026-04-23 13:29:30,397 +0000Z  INFO       Table         : MMW640 (0 records)
2026-04-23 13:29:30,397 +0000Z  INFO       Table         : MMW641 (0 records)
2026-04-23 13:29:30,397 +0000Z  INFO       Table         : MMW642 (0 records)
2026-04-23 13:29:30,397 +0000Z  INFO       Table         : MMW643 (0 records)
2026-04-23 13:29:30,397 +0000Z  INFO       Table         : MMW806 (0 records)
2026-04-23 13:29:30,397 +0000Z  INFO       Table         : MMW910 (0 records)
2026-04-23 13:29:30,397 +0000Z  INFO       Table         : MMW971 (0 records)
2026-04-23 13:29:30,397 +0000Z  INFO       Table         : MMW972 (0 records)
2026-04-23 13:29:30,397 +0000Z  INFO       Table         : MMW973 (0 records)
2026-04-23 13:29:30,397 +0000Z  INFO       Table         : MMW974 (0 records)
2026-04-23 13:29:30,397 +0000Z  INFO       Table         : MMW975 (0 records)
2026-04-23 13:29:30,397 +0000Z  INFO       Table         : MMW976 (0 records)
2026-04-23 13:29:30,397 +0000Z  INFO       Table         : MMWCRZ (0 records)
2026-04-23 13:29:30,397 +0000Z  INFO       Table         : MMWPCS (0 records)
2026-04-23 13:29:30,397 +0000Z  INFO       Table         : MMXBAL (0 records)
2026-04-23 13:29:30,397 +0000Z  INFO       Table         : MMXFAC (0 records)
2026-04-23 13:29:30,397 +0000Z  INFO       Table         : MMXHED (0 records)
2026-04-23 13:29:30,397 +0000Z  INFO       Table         : MMXMAS (0 records)
2026-04-23 13:29:30,397 +0000Z  INFO       Table         : MMXNET (0 records)
2026-04-23 13:29:30,397 +0000Z  INFO       Table         : MMXOPE (0 records)
2026-04-23 13:29:30,397 +0000Z  INFO       Table         : MMXUSR (0 records)
2026-04-23 13:29:30,397 +0000Z  INFO       Table         : MNOMAS (0 records)
2026-04-23 13:29:30,397 +0000Z  INFO       Table         : MNSTDH (0 records)
2026-04-23 13:29:30,397 +0000Z  INFO       Table         : MOAATA (0 records)
2026-04-23 13:29:30,397 +0000Z  INFO       Table         : MOACMC (0 records)
2026-04-23 13:29:30,397 +0000Z  INFO       Table         : MOADDR (0 records)
2026-04-23 13:29:30,397 +0000Z  INFO       Table         : MOADLM (0 records)
2026-04-23 13:29:30,397 +0000Z  INFO       Table         : MOANHE (0 records)
2026-04-23 13:29:30,397 +0000Z  INFO       Table         : MOANLI (0 records)
2026-04-23 13:29:30,397 +0000Z  INFO       Table         : MOAPPS (0 records)
2026-04-23 13:29:30,397 +0000Z  INFO       Table         : MOAPRM (0 records)
2026-04-23 13:29:30,397 +0000Z  INFO       Table         : MOARCO (0 records)
2026-04-23 13:29:30,397 +0000Z  INFO       Table         : MOASCO (0 records)
2026-04-23 13:29:30,397 +0000Z  INFO       Table         : MOASLM (0 records)
2026-04-23 13:29:30,397 +0000Z  INFO       Table         : MOATTH (0 records)
2026-04-23 13:29:30,398 +0000Z  INFO       Table         : MOATTR (0 records)
2026-04-23 13:29:30,398 +0000Z  INFO       Table         : MOCEAU (0 records)
2026-04-23 13:29:30,398 +0000Z  INFO       Table         : MOCESE (0 records)
2026-04-23 13:29:30,398 +0000Z  INFO       Table         : MOCHPN (0 records)
2026-04-23 13:29:30,398 +0000Z  INFO       Table         : MODACT (0 records)
2026-04-23 13:29:30,398 +0000Z  INFO       Table         : MODCFA (0 records)
2026-04-23 13:29:30,398 +0000Z  INFO       Table         : MODORE (0 records)
2026-04-23 13:29:30,398 +0000Z  INFO       Table         : MOEFAC (0 records)
2026-04-23 13:29:30,398 +0000Z  INFO       Table         : MOENVI (0 records)
2026-04-23 13:29:30,398 +0000Z  INFO       Table         : MOFACI (0 records)
2026-04-23 13:29:30,398 +0000Z  INFO       Table         : MOFLEE (0 records)
2026-04-23 13:29:30,398 +0000Z  INFO       Table         : MOHEAD (0 records)
2026-04-23 13:29:30,398 +0000Z  INFO       Table         : MOHEAR (0 records)
2026-04-23 13:29:30,398 +0000Z  INFO       Table         : MOIAPP (0 records)
2026-04-23 13:29:30,398 +0000Z  INFO       Table         : MOISOL (0 records)
2026-04-23 13:29:30,398 +0000Z  INFO       Table         : MOLINE (0 records)
2026-04-23 13:29:30,398 +0000Z  INFO       Table         : MOLOCK (0 records)
2026-04-23 13:29:30,398 +0000Z  INFO       Table         : MOMPGE (0 records)
2026-04-23 13:29:30,398 +0000Z  INFO       Table         : MOMPGL (0 records)
2026-04-23 13:29:30,398 +0000Z  INFO       Table         : MOMPGM (0 records)
2026-04-23 13:29:30,398 +0000Z  INFO       Table         : MOMPGR (0 records)
2026-04-23 13:29:30,398 +0000Z  INFO       Table         : MOMPGS (0 records)
2026-04-23 13:29:30,398 +0000Z  INFO       Table         : MOMWHL (0 records)
2026-04-23 13:29:30,398 +0000Z  INFO       Table         : MOOACS (0 records)
2026-04-23 13:29:30,398 +0000Z  INFO       Table         : MOOEOT (0 records)
2026-04-23 13:29:30,398 +0000Z  INFO       Table         : MOOPGM (0 records)
2026-04-23 13:29:30,398 +0000Z  INFO       Table         : MOOPPD (0 records)
2026-04-23 13:29:30,398 +0000Z  INFO       Table         : MOOPPL (0 records)
2026-04-23 13:29:30,398 +0000Z  INFO       Table         : MOOPPS (0 records)
2026-04-23 13:29:30,398 +0000Z  INFO       Table         : MOOPPW (0 records)
2026-04-23 13:29:30,398 +0000Z  INFO       Table         : MOORDO (0 records)
2026-04-23 13:29:30,398 +0000Z  INFO       Table         : MOORDS (0 records)
2026-04-23 13:29:30,398 +0000Z  INFO       Table         : MOORRS (0 records)
2026-04-23 13:29:30,398 +0000Z  INFO       Table         : MOPERM (0 records)
2026-04-23 13:29:30,398 +0000Z  INFO       Table         : MOSCRQ (0 records)
2026-04-23 13:29:30,398 +0000Z  INFO       Table         : MOSCRR (0 records)
2026-04-23 13:29:30,398 +0000Z  INFO       Table         : MOSEDT (0 records)
2026-04-23 13:29:30,398 +0000Z  INFO       Table         : MOSEPH (0 records)
2026-04-23 13:29:30,398 +0000Z  INFO       Table         : MOSEPR (0 records)
2026-04-23 13:29:30,398 +0000Z  INFO       Table         : MOSETT (0 records)
2026-04-23 13:29:30,398 +0000Z  INFO       Table         : MOSMCD (0 records)
2026-04-23 13:29:30,398 +0000Z  INFO       Table         : MOSRPA (0 records)
2026-04-23 13:29:30,398 +0000Z  INFO       Table         : MOTOOL (0 records)
2026-04-23 13:29:30,398 +0000Z  INFO       Table         : MPACIL (0 records)
2026-04-23 13:29:30,398 +0000Z  INFO       Table         : MPACIP (0 records)
2026-04-23 13:29:30,398 +0000Z  INFO       Table         : MPACIT (0 records)
2026-04-23 13:29:30,398 +0000Z  INFO       Table         : MPAGRB (0 records)
2026-04-23 13:29:30,398 +0000Z  INFO       Table         : MPAGRE (0 records)
2026-04-23 13:29:30,398 +0000Z  INFO       Table         : MPAGRF (0 records)
2026-04-23 13:29:30,398 +0000Z  INFO       Table         : MPAGRH (0 records)
2026-04-23 13:29:30,398 +0000Z  INFO       Table         : MPAGRI (0 records)
2026-04-23 13:29:30,398 +0000Z  INFO       Table         : MPAGRL (0 records)
2026-04-23 13:29:30,398 +0000Z  INFO       Table         : MPAGRP (0 records)
2026-04-23 13:29:30,398 +0000Z  INFO       Table         : MPAGRS (0 records)
2026-04-23 13:29:30,398 +0000Z  INFO       Table         : MPAGRT (0 records)
2026-04-23 13:29:30,398 +0000Z  INFO       Table         : MPAGRX (0 records)
2026-04-23 13:29:30,398 +0000Z  INFO       Table         : MPAPMA (0 records)
2026-04-23 13:29:30,398 +0000Z  INFO       Table         : MPAPST (0 records)
2026-04-23 13:29:30,398 +0000Z  INFO       Table         : MPARCL (0 records)
2026-04-23 13:29:30,398 +0000Z  INFO       Table         : MPARDN (0 records)
2026-04-23 13:29:30,398 +0000Z  INFO       Table         : MPARPB (0 records)
2026-04-23 13:29:30,398 +0000Z  INFO       Table         : MPARPL (0 records)
2026-04-23 13:29:30,398 +0000Z  INFO       Table         : MPARPO (0 records)
2026-04-23 13:29:30,398 +0000Z  INFO       Table         : MPARQI (0 records)
2026-04-23 13:29:30,398 +0000Z  INFO       Table         : MPARSC (0 records)
2026-04-23 13:29:30,398 +0000Z  INFO       Table         : MPAUHA (0 records)
2026-04-23 13:29:30,398 +0000Z  INFO       Table         : MPAUTD (0 records)
2026-04-23 13:29:30,398 +0000Z  INFO       Table         : MPAUTW (0 records)
2026-04-23 13:29:30,398 +0000Z  INFO       Table         : MPAVST (0 records)
2026-04-23 13:29:30,398 +0000Z  INFO       Table         : MPBONH (0 records)
2026-04-23 13:29:30,398 +0000Z  INFO       Table         : MPBONL (0 records)
2026-04-23 13:29:30,398 +0000Z  INFO       Table         : MPC25A (0 records)
2026-04-23 13:29:30,398 +0000Z  INFO       Table         : MPC25H (0 records)
2026-04-23 13:29:30,398 +0000Z  INFO       Table         : MPC25L (0 records)
2026-04-23 13:29:30,398 +0000Z  INFO       Table         : MPC481 (0 records)
2026-04-23 13:29:30,398 +0000Z  INFO       Table         : MPC491 (0 records)
2026-04-23 13:29:30,398 +0000Z  INFO       Table         : MPC496 (0 records)
2026-04-23 13:29:30,398 +0000Z  INFO       Table         : MPCCDF (0 records)
2026-04-23 13:29:30,398 +0000Z  INFO       Table         : MPCCDR (0 records)
2026-04-23 13:29:30,398 +0000Z  INFO       Table         : MPCCID (0 records)
2026-04-23 13:29:30,398 +0000Z  INFO       Table         : MPCCIR (0 records)
2026-04-23 13:29:30,398 +0000Z  INFO       Table         : MPCELE (0 records)
2026-04-23 13:29:30,398 +0000Z  INFO       Table         : MPCELN (0 records)
2026-04-23 13:29:30,398 +0000Z  INFO       Table         : MPCGRP (0 records)
2026-04-23 13:29:30,398 +0000Z  INFO       Table         : MPCKCH (0 records)
2026-04-23 13:29:30,398 +0000Z  INFO       Table         : MPCKLG (0 records)
2026-04-23 13:29:30,398 +0000Z  INFO       Table         : MPCKLT (0 records)
2026-04-23 13:29:30,398 +0000Z  INFO       Table         : MPCLAH (0 records)
2026-04-23 13:29:30,398 +0000Z  INFO       Table         : MPCLAL (0 records)
2026-04-23 13:29:30,398 +0000Z  INFO       Table         : MPCMFO (0 records)
2026-04-23 13:29:30,398 +0000Z  INFO       Table         : MPCMFT (0 records)
2026-04-23 13:29:30,398 +0000Z  INFO       Table         : MPCMIF (0 records)
2026-04-23 13:29:30,398 +0000Z  INFO       Table         : MPCMOD (0 records)
2026-04-23 13:29:30,398 +0000Z  INFO       Table         : MPCMPA (0 records)
2026-04-23 13:29:30,398 +0000Z  INFO       Table         : MPCMSP (0 records)
2026-04-23 13:29:30,398 +0000Z  INFO       Table         : MPCOPE (0 records)
2026-04-23 13:29:30,398 +0000Z  INFO       Table         : MPCOVE (0 records)
2026-04-23 13:29:30,398 +0000Z  INFO       Table         : MPCSDF (0 records)
2026-04-23 13:29:30,398 +0000Z  INFO       Table         : MPCSID (0 records)
2026-04-23 13:29:30,398 +0000Z  INFO       Table         : MPD001 (0 records)
2026-04-23 13:29:30,398 +0000Z  INFO       Table         : MPD061 (0 records)
2026-04-23 13:29:30,398 +0000Z  INFO       Table         : MPD100 (0 records)
2026-04-23 13:29:30,398 +0000Z  INFO       Table         : MPD110 (0 records)
2026-04-23 13:29:30,398 +0000Z  INFO       Table         : MPD526 (0 records)
2026-04-23 13:29:30,398 +0000Z  INFO       Table         : MPD60A (0 records)
2026-04-23 13:29:30,398 +0000Z  INFO       Table         : MPD60B (0 records)
2026-04-23 13:29:30,398 +0000Z  INFO       Table         : MPD60C (0 records)
2026-04-23 13:29:30,398 +0000Z  INFO       Table         : MPD60D (0 records)
2026-04-23 13:29:30,398 +0000Z  INFO       Table         : MPD60E (0 records)
2026-04-23 13:29:30,398 +0000Z  INFO       Table         : MPD60F (0 records)
2026-04-23 13:29:30,398 +0000Z  INFO       Table         : MPD60O (0 records)
2026-04-23 13:29:30,398 +0000Z  INFO       Table         : MPD61L (0 records)
2026-04-23 13:29:30,398 +0000Z  INFO       Table         : MPD61O (0 records)
2026-04-23 13:29:30,398 +0000Z  INFO       Table         : MPD61P (0 records)
2026-04-23 13:29:30,398 +0000Z  INFO       Table         : MPD620 (0 records)
2026-04-23 13:29:30,398 +0000Z  INFO       Table         : MPD625 (0 records)
2026-04-23 13:29:30,398 +0000Z  INFO       Table         : MPD642 (0 records)
2026-04-23 13:29:30,398 +0000Z  INFO       Table         : MPD911 (0 records)
2026-04-23 13:29:30,398 +0000Z  INFO       Table         : MPDACS (0 records)
2026-04-23 13:29:30,398 +0000Z  INFO       Table         : MPDACT (0 records)
2026-04-23 13:29:30,398 +0000Z  INFO       Table         : MPDALI (0 records)
2026-04-23 13:29:30,399 +0000Z  INFO       Table         : MPDALT (0 records)
2026-04-23 13:29:30,399 +0000Z  INFO       Table         : MPDAUN (0 records)
2026-04-23 13:29:30,399 +0000Z  INFO       Table         : MPDCAD (0 records)
2026-04-23 13:29:30,399 +0000Z  INFO       Table         : MPDCAL (0 records)
2026-04-23 13:29:30,399 +0000Z  INFO       Table         : MPDCAP (0 records)
2026-04-23 13:29:30,399 +0000Z  INFO       Table         : MPDCD1 (0 records)
2026-04-23 13:29:30,399 +0000Z  INFO       Table         : MPDCDF (0 records)
2026-04-23 13:29:30,399 +0000Z  INFO       Table         : MPDCDL (0 records)
2026-04-23 13:29:30,399 +0000Z  INFO       Table         : MPDCDM (0 records)
2026-04-23 13:29:30,399 +0000Z  INFO       Table         : MPDCDX (0 records)
2026-04-23 13:29:30,399 +0000Z  INFO       Table         : MPDCHF (0 records)
2026-04-23 13:29:30,399 +0000Z  INFO       Table         : MPDCHG (0 records)
2026-04-23 13:29:30,399 +0000Z  INFO       Table         : MPDCOP (0 records)
2026-04-23 13:29:30,399 +0000Z  INFO       Table         : MPDCPA (0 records)
2026-04-23 13:29:30,399 +0000Z  INFO       Table         : MPDCPN (0 records)
2026-04-23 13:29:30,399 +0000Z  INFO       Table         : MPDCPR (0 records)
2026-04-23 13:29:30,399 +0000Z  INFO       Table         : MPDDAA (0 records)
2026-04-23 13:29:30,399 +0000Z  INFO       Table         : MPDDAC (0 records)
2026-04-23 13:29:30,399 +0000Z  INFO       Table         : MPDDAL (0 records)
2026-04-23 13:29:30,399 +0000Z  INFO       Table         : MPDDIS (0 records)
2026-04-23 13:29:30,399 +0000Z  INFO       Table         : MPDDOC (0 records)
2026-04-23 13:29:30,399 +0000Z  INFO       Table         : MPDDOH (0 records)
2026-04-23 13:29:30,399 +0000Z  INFO       Table         : MPDDOL (0 records)
2026-04-23 13:29:30,399 +0000Z  INFO       Table         : MPDDST (0 records)
2026-04-23 13:29:30,399 +0000Z  INFO       Table         : MPDDTY (0 records)
2026-04-23 13:29:30,399 +0000Z  INFO       Table         : MPDECD (0 records)
2026-04-23 13:29:30,399 +0000Z  INFO       Table         : MPDECH (0 records)
2026-04-23 13:29:30,399 +0000Z  INFO       Table         : MPDECL (0 records)
2026-04-23 13:29:30,399 +0000Z  INFO       Table         : MPDEF3 (0 records)
2026-04-23 13:29:30,399 +0000Z  INFO       Table         : MPDEND (0 records)
2026-04-23 13:29:30,399 +0000Z  INFO       Table         : MPDEPR (0 records)
2026-04-23 13:29:30,399 +0000Z  INFO       Table         : MPDFDF (0 records)
2026-04-23 13:29:30,399 +0000Z  INFO       Table         : MPDFDS (0 records)
2026-04-23 13:29:30,399 +0000Z  INFO       Table         : MPDFHE (0 records)
2026-04-23 13:29:30,399 +0000Z  INFO       Table         : MPDFHL (0 records)
2026-04-23 13:29:30,399 +0000Z  INFO       Table         : MPDGDH (0 records)
2026-04-23 13:29:30,399 +0000Z  INFO       Table         : MPDGDL (0 records)
2026-04-23 13:29:30,399 +0000Z  INFO       Table         : MPDHED (0 records)
2026-04-23 13:29:30,399 +0000Z  INFO       Table         : MPDIID (0 records)
2026-04-23 13:29:30,399 +0000Z  INFO       Table         : MPDIIL (0 records)
2026-04-23 13:29:30,399 +0000Z  INFO       Table         : MPDILV (0 records)
2026-04-23 13:29:30,399 +0000Z  INFO       Table         : MPDIRE (0 records)
2026-04-23 13:29:30,399 +0000Z  INFO       Table         : MPDIRV (0 records)
2026-04-23 13:29:30,399 +0000Z  INFO       Table         : MPDLLI (0 records)
2026-04-23 13:29:30,399 +0000Z  INFO       Table         : MPDLVC (0 records)
2026-04-23 13:29:30,399 +0000Z  INFO       Table         : MPDMAA (0 records)
2026-04-23 13:29:30,399 +0000Z  INFO       Table         : MPDMAP (0 records)
2026-04-23 13:29:30,399 +0000Z  INFO       Table         : MPDMAT (0 records)
2026-04-23 13:29:30,399 +0000Z  INFO       Table         : MPDMCO (0 records)
2026-04-23 13:29:30,399 +0000Z  INFO       Table         : MPDMDS (0 records)
2026-04-23 13:29:30,399 +0000Z  INFO       Table         : MPDMEA (0 records)
2026-04-23 13:29:30,399 +0000Z  INFO       Table         : MPDMED (0 records)
2026-04-23 13:29:30,399 +0000Z  INFO       Table         : MPDMEO (0 records)
2026-04-23 13:29:30,399 +0000Z  INFO       Table         : MPDMFD (0 records)
2026-04-23 13:29:30,399 +0000Z  INFO       Table         : MPDMHI (0 records)
2026-04-23 13:29:30,399 +0000Z  INFO       Table         : MPDMOD (0 records)
2026-04-23 13:29:30,399 +0000Z  INFO       Table         : MPDMOV (0 records)
2026-04-23 13:29:30,399 +0000Z  INFO       Table         : MPDMSL (0 records)
2026-04-23 13:29:30,399 +0000Z  INFO       Table         : MPDMXL (0 records)
2026-04-23 13:29:30,399 +0000Z  INFO       Table         : MPDNAO (0 records)
2026-04-23 13:29:30,399 +0000Z  INFO       Table         : MPDNOC (0 records)
2026-04-23 13:29:30,399 +0000Z  INFO       Table         : MPDOAL (0 records)
2026-04-23 13:29:30,399 +0000Z  INFO       Table         : MPDODS (0 records)
2026-04-23 13:29:30,399 +0000Z  INFO       Table         : MPDOEM (0 records)
2026-04-23 13:29:30,399 +0000Z  INFO       Table         : MPDOMA (0 records)
2026-04-23 13:29:30,399 +0000Z  INFO       Table         : MPDOPA (0 records)
2026-04-23 13:29:30,399 +0000Z  INFO       Table         : MPDOPE (0 records)
2026-04-23 13:29:30,399 +0000Z  INFO       Table         : MPDOPP (0 records)
2026-04-23 13:29:30,399 +0000Z  INFO       Table         : MPDOPS (0 records)
2026-04-23 13:29:30,399 +0000Z  INFO       Table         : MPDOPT (0 records)
2026-04-23 13:29:30,399 +0000Z  INFO       Table         : MPDOUT (0 records)
2026-04-23 13:29:30,399 +0000Z  INFO       Table         : MPDPAL (0 records)
2026-04-23 13:29:30,399 +0000Z  INFO       Table         : MPDPAP (0 records)
2026-04-23 13:29:30,399 +0000Z  INFO       Table         : MPDPMM (0 records)
2026-04-23 13:29:30,399 +0000Z  INFO       Table         : MPDPRH (0 records)
2026-04-23 13:29:30,399 +0000Z  INFO       Table         : MPDPRL (0 records)
2026-04-23 13:29:30,399 +0000Z  INFO       Table         : MPDPSC (0 records)
2026-04-23 13:29:30,399 +0000Z  INFO       Table         : MPDRCO (0 records)
2026-04-23 13:29:30,399 +0000Z  INFO       Table         : MPDREL (0 records)
2026-04-23 13:29:30,399 +0000Z  INFO       Table         : MPDREQ (0 records)
2026-04-23 13:29:30,399 +0000Z  INFO       Table         : MPDRER (0 records)
2026-04-23 13:29:30,399 +0000Z  INFO       Table         : MPDREV (0 records)
2026-04-23 13:29:30,399 +0000Z  INFO       Table         : MPDSCA (0 records)
2026-04-23 13:29:30,399 +0000Z  INFO       Table         : MPDSCF (0 records)
2026-04-23 13:29:30,399 +0000Z  INFO       Table         : MPDSDM (0 records)
2026-04-23 13:29:30,399 +0000Z  INFO       Table         : MPDSHM (0 records)
2026-04-23 13:29:30,399 +0000Z  INFO       Table         : MPDSHP (0 records)
2026-04-23 13:29:30,399 +0000Z  INFO       Table         : MPDSHT (0 records)
2026-04-23 13:29:30,399 +0000Z  INFO       Table         : MPDSIH (0 records)
2026-04-23 13:29:30,399 +0000Z  INFO       Table         : MPDSIM (0 records)
2026-04-23 13:29:30,399 +0000Z  INFO       Table         : MPDSIO (0 records)
2026-04-23 13:29:30,399 +0000Z  INFO       Table         : MPDSIS (0 records)
2026-04-23 13:29:30,399 +0000Z  INFO       Table         : MPDSML (0 records)
2026-04-23 13:29:30,399 +0000Z  INFO       Table         : MPDSOP (0 records)
2026-04-23 13:29:30,399 +0000Z  INFO       Table         : MPDSPL (0 records)
2026-04-23 13:29:30,399 +0000Z  INFO       Table         : MPDSQC (0 records)
2026-04-23 13:29:30,399 +0000Z  INFO       Table         : MPDSRC (0 records)
2026-04-23 13:29:30,399 +0000Z  INFO       Table         : MPDSRD (0 records)
2026-04-23 13:29:30,399 +0000Z  INFO       Table         : MPDSRE (0 records)
2026-04-23 13:29:30,399 +0000Z  INFO       Table         : MPDSRF (0 records)
2026-04-23 13:29:30,399 +0000Z  INFO       Table         : MPDSST (0 records)
2026-04-23 13:29:30,399 +0000Z  INFO       Table         : MPDSUM (0 records)
2026-04-23 13:29:30,399 +0000Z  INFO       Table         : MPDTRT (0 records)
2026-04-23 13:29:30,399 +0000Z  INFO       Table         : MPDVAN (0 records)
2026-04-23 13:29:30,399 +0000Z  INFO       Table         : MPDVER (0 records)
2026-04-23 13:29:30,399 +0000Z  INFO       Table         : MPDVOF (0 records)
2026-04-23 13:29:30,399 +0000Z  INFO       Table         : MPDWAG (0 records)
2026-04-23 13:29:30,399 +0000Z  INFO       Table         : MPDWCM (0 records)
2026-04-23 13:29:30,399 +0000Z  INFO       Table         : MPDWCS (0 records)
2026-04-23 13:29:30,399 +0000Z  INFO       Table         : MPDWCT (0 records)
2026-04-23 13:29:30,399 +0000Z  INFO       Table         : MPEPRR (0 records)
2026-04-23 13:29:30,399 +0000Z  INFO       Table         : MPEXOR (0 records)
2026-04-23 13:29:30,399 +0000Z  INFO       Table         : MPFAMF (0 records)
2026-04-23 13:29:30,399 +0000Z  INFO       Table         : MPFEHE (0 records)
2026-04-23 13:29:30,399 +0000Z  INFO       Table         : MPFORM (0 records)
2026-04-23 13:29:30,399 +0000Z  INFO       Table         : MPFRPT (0 records)
2026-04-23 13:29:30,399 +0000Z  INFO       Table         : MPFUPC (0 records)
2026-04-23 13:29:30,399 +0000Z  INFO       Table         : MPFUPT (0 records)
2026-04-23 13:29:30,399 +0000Z  INFO       Table         : MPGRDO (0 records)
2026-04-23 13:29:30,399 +0000Z  INFO       Table         : MPGRMT (0 records)
2026-04-23 13:29:30,399 +0000Z  INFO       Table         : MPGSET (0 records)
2026-04-23 13:29:30,399 +0000Z  INFO       Table         : MPHEAD (0 records)
2026-04-23 13:29:30,399 +0000Z  INFO       Table         : MPHRAS (0 records)
2026-04-23 13:29:30,399 +0000Z  INFO       Table         : MPICAP (0 records)
2026-04-23 13:29:30,399 +0000Z  INFO       Table         : MPIGLD (0 records)
2026-04-23 13:29:30,399 +0000Z  INFO       Table         : MPINVF (0 records)
2026-04-23 13:29:30,399 +0000Z  INFO       Table         : MPKPOL (0 records)
2026-04-23 13:29:30,399 +0000Z  INFO       Table         : MPLINC (0 records)
2026-04-23 13:29:30,399 +0000Z  INFO       Table         : MPLIND (0 records)
2026-04-23 13:29:30,399 +0000Z  INFO       Table         : MPLINE (0 records)
2026-04-23 13:29:30,399 +0000Z  INFO       Table         : MPLINT (0 records)
2026-04-23 13:29:30,399 +0000Z  INFO       Table         : MPLIRE (0 records)
2026-04-23 13:29:30,399 +0000Z  INFO       Table         : MPM001 (0 records)
2026-04-23 13:29:30,399 +0000Z  INFO       Table         : MPM005 (0 records)
2026-04-23 13:29:30,399 +0000Z  INFO       Table         : MPM012 (0 records)
2026-04-23 13:29:30,399 +0000Z  INFO       Table         : MPM014 (0 records)
2026-04-23 13:29:30,399 +0000Z  INFO       Table         : MPM015 (0 records)
2026-04-23 13:29:30,399 +0000Z  INFO       Table         : MPM035 (0 records)
2026-04-23 13:29:30,399 +0000Z  INFO       Table         : MPM055 (0 records)
2026-04-23 13:29:30,399 +0000Z  INFO       Table         : MPM05P (0 records)
2026-04-23 13:29:30,399 +0000Z  INFO       Table         : MPM060 (0 records)
2026-04-23 13:29:30,399 +0000Z  INFO       Table         : MPM065 (0 records)
2026-04-23 13:29:30,399 +0000Z  INFO       Table         : MPM066 (0 records)
2026-04-23 13:29:30,399 +0000Z  INFO       Table         : MPM070 (0 records)
2026-04-23 13:29:30,399 +0000Z  INFO       Table         : MPM14W (0 records)
2026-04-23 13:29:30,399 +0000Z  INFO       Table         : MPM155 (0 records)
2026-04-23 13:29:30,399 +0000Z  INFO       Table         : MPM160 (0 records)
2026-04-23 13:29:30,400 +0000Z  INFO       Table         : MPM172 (0 records)
2026-04-23 13:29:30,400 +0000Z  INFO       Table         : MPM232 (0 records)
2026-04-23 13:29:30,400 +0000Z  INFO       Table         : MPM250 (0 records)
2026-04-23 13:29:30,400 +0000Z  INFO       Table         : MPM260 (0 records)
2026-04-23 13:29:30,400 +0000Z  INFO       Table         : MPM261 (0 records)
2026-04-23 13:29:30,400 +0000Z  INFO       Table         : MPM303 (0 records)
2026-04-23 13:29:30,400 +0000Z  INFO       Table         : MPM605 (0 records)
2026-04-23 13:29:30,400 +0000Z  INFO       Table         : MPM682 (0 records)
2026-04-23 13:29:30,400 +0000Z  INFO       Table         : MPM91P (0 records)
2026-04-23 13:29:30,400 +0000Z  INFO       Table         : MPM930 (0 records)
2026-04-23 13:29:30,400 +0000Z  INFO       Table         : MPM960 (0 records)
2026-04-23 13:29:30,400 +0000Z  INFO       Table         : MPMACR (0 records)
2026-04-23 13:29:30,400 +0000Z  INFO       Table         : MPMREQ (0 records)
2026-04-23 13:29:30,400 +0000Z  INFO       Table         : MPMXID (0 records)
2026-04-23 13:29:30,400 +0000Z  INFO       Table         : MPMXVA (0 records)
2026-04-23 13:29:30,400 +0000Z  INFO       Table         : MPODOH (0 records)
2026-04-23 13:29:30,400 +0000Z  INFO       Table         : MPODOL (0 records)
2026-04-23 13:29:30,400 +0000Z  INFO       Table         : MPOEXP (0 records)
2026-04-23 13:29:30,400 +0000Z  INFO       Table         : MPOEXT (0 records)
2026-04-23 13:29:30,400 +0000Z  INFO       Table         : MPOEXX (0 records)
2026-04-23 13:29:30,400 +0000Z  INFO       Table         : MPOISS (0 records)
2026-04-23 13:29:30,400 +0000Z  INFO       Table         : MPOPLA (0 records)
2026-04-23 13:29:30,400 +0000Z  INFO       Table         : MPOPLB (0 records)
2026-04-23 13:29:30,400 +0000Z  INFO       Table         : MPOPLP (0 records)
2026-04-23 13:29:30,400 +0000Z  INFO       Table         : MPORDN (0 records)
2026-04-23 13:29:30,400 +0000Z  INFO       Table         : MPORDT (0 records)
2026-04-23 13:29:30,400 +0000Z  INFO       Table         : MPOREF (0 records)
2026-04-23 13:29:30,400 +0000Z  INFO       Table         : MPP106 (0 records)
2026-04-23 13:29:30,400 +0000Z  INFO       Table         : MPP145 (0 records)
2026-04-23 13:29:30,400 +0000Z  INFO       Table         : MPP246 (0 records)
2026-04-23 13:29:30,400 +0000Z  INFO       Table         : MPP251 (0 records)
2026-04-23 13:29:30,400 +0000Z  INFO       Table         : MPP261 (0 records)
2026-04-23 13:29:30,400 +0000Z  INFO       Table         : MPP271 (0 records)
2026-04-23 13:29:30,400 +0000Z  INFO       Table         : MPP295 (0 records)
2026-04-23 13:29:30,400 +0000Z  INFO       Table         : MPP436 (0 records)
2026-04-23 13:29:30,400 +0000Z  INFO       Table         : MPP446 (0 records)
2026-04-23 13:29:30,400 +0000Z  INFO       Table         : MPP477 (0 records)
2026-04-23 13:29:30,400 +0000Z  INFO       Table         : MPP541 (0 records)
2026-04-23 13:29:30,400 +0000Z  INFO       Table         : MPP608 (0 records)
2026-04-23 13:29:30,400 +0000Z  INFO       Table         : MPP617 (0 records)
2026-04-23 13:29:30,400 +0000Z  INFO       Table         : MPP641 (0 records)
2026-04-23 13:29:30,400 +0000Z  INFO       Table         : MPP960 (0 records)
2026-04-23 13:29:30,400 +0000Z  INFO       Table         : MPP971 (0 records)
2026-04-23 13:29:30,400 +0000Z  INFO       Table         : MPPAC1 (0 records)
2026-04-23 13:29:30,400 +0000Z  INFO       Table         : MPPACH (0 records)
2026-04-23 13:29:30,400 +0000Z  INFO       Table         : MPPACL (0 records)
2026-04-23 13:29:30,400 +0000Z  INFO       Table         : MPPBOR (0 records)
2026-04-23 13:29:30,400 +0000Z  INFO       Table         : MPPBOX (0 records)
2026-04-23 13:29:30,400 +0000Z  INFO       Table         : MPPEXP (0 records)
2026-04-23 13:29:30,400 +0000Z  INFO       Table         : MPPEXX (0 records)
2026-04-23 13:29:30,400 +0000Z  INFO       Table         : MPPIAD (0 records)
2026-04-23 13:29:30,400 +0000Z  INFO       Table         : MPPLSD (0 records)
2026-04-23 13:29:30,400 +0000Z  INFO       Table         : MPPOAD (0 records)
2026-04-23 13:29:30,400 +0000Z  INFO       Table         : MPPOEX (0 records)
2026-04-23 13:29:30,400 +0000Z  INFO       Table         : MPPOPA (0 records)
2026-04-23 13:29:30,400 +0000Z  INFO       Table         : MPPQTC (0 records)
2026-04-23 13:29:30,400 +0000Z  INFO       Table         : MPPQTH (0 records)
2026-04-23 13:29:30,400 +0000Z  INFO       Table         : MPPQTL (0 records)
2026-04-23 13:29:30,400 +0000Z  INFO       Table         : MPPQTN (0 records)
2026-04-23 13:29:30,400 +0000Z  INFO       Table         : MPPQTS (0 records)
2026-04-23 13:29:30,400 +0000Z  INFO       Table         : MPPTTT (0 records)
2026-04-23 13:29:30,400 +0000Z  INFO       Table         : MPQCTA (0 records)
2026-04-23 13:29:30,400 +0000Z  INFO       Table         : MPQDCA (0 records)
2026-04-23 13:29:30,400 +0000Z  INFO       Table         : MPQFUH (0 records)
2026-04-23 13:29:30,400 +0000Z  INFO       Table         : MPQFUT (0 records)
2026-04-23 13:29:30,400 +0000Z  INFO       Table         : MPRCPN (0 records)
2026-04-23 13:29:30,400 +0000Z  INFO       Table         : MPREAL (0 records)
2026-04-23 13:29:30,400 +0000Z  INFO       Table         : MPREAT (0 records)
2026-04-23 13:29:30,400 +0000Z  INFO       Table         : MPRELO (0 records)
2026-04-23 13:29:30,400 +0000Z  INFO       Table         : MPRENT (0 records)
2026-04-23 13:29:30,400 +0000Z  INFO       Table         : MPRETT (0 records)
2026-04-23 13:29:30,400 +0000Z  INFO       Table         : MPRFLD (0 records)
2026-04-23 13:29:30,400 +0000Z  INFO       Table         : MPRMAT (0 records)
2026-04-23 13:29:30,400 +0000Z  INFO       Table         : MPRMED (0 records)
2026-04-23 13:29:30,400 +0000Z  INFO       Table         : MPRMEO (0 records)
2026-04-23 13:29:30,400 +0000Z  INFO       Table         : MPROAL (0 records)
2026-04-23 13:29:30,400 +0000Z  INFO       Table         : MPROMA (0 records)
2026-04-23 13:29:30,400 +0000Z  INFO       Table         : MPROPE (0 records)
2026-04-23 13:29:30,400 +0000Z  INFO       Table         : MPROPS (0 records)
2026-04-23 13:29:30,400 +0000Z  INFO       Table         : MPRRCO (0 records)
2026-04-23 13:29:30,400 +0000Z  INFO       Table         : MPRSRF (0 records)
2026-04-23 13:29:30,400 +0000Z  INFO       Table         : MPRULE (0 records)
2026-04-23 13:29:30,400 +0000Z  INFO       Table         : MPRULR (0 records)
2026-04-23 13:29:30,400 +0000Z  INFO       Table         : MPSATY (0 records)
2026-04-23 13:29:30,400 +0000Z  INFO       Table         : MPSPER (0 records)
2026-04-23 13:29:30,400 +0000Z  INFO       Table         : MPSPTC (0 records)
2026-04-23 13:29:30,400 +0000Z  INFO       Table         : MPSPTT (0 records)
2026-04-23 13:29:30,400 +0000Z  INFO       Table         : MPSUAG (0 records)
2026-04-23 13:29:30,400 +0000Z  INFO       Table         : MPSUAH (0 records)
2026-04-23 13:29:30,400 +0000Z  INFO       Table         : MPSUAL (0 records)
2026-04-23 13:29:30,400 +0000Z  INFO       Table         : MPSUAP (0 records)
2026-04-23 13:29:30,400 +0000Z  INFO       Table         : MPSUAS (0 records)
2026-04-23 13:29:30,400 +0000Z  INFO       Table         : MPSUAT (0 records)
2026-04-23 13:29:30,400 +0000Z  INFO       Table         : MPSUCE (0 records)
2026-04-23 13:29:30,400 +0000Z  INFO       Table         : MPSUCL (0 records)
2026-04-23 13:29:30,400 +0000Z  INFO       Table         : MPSUGP (0 records)
2026-04-23 13:29:30,400 +0000Z  INFO       Table         : MPSUMH (0 records)
2026-04-23 13:29:30,400 +0000Z  INFO       Table         : MPSUML (0 records)
2026-04-23 13:29:30,400 +0000Z  INFO       Table         : MPSUMX (0 records)
2026-04-23 13:29:30,400 +0000Z  INFO       Table         : MPSUPR (0 records)
2026-04-23 13:29:30,400 +0000Z  INFO       Table         : MPSUPS (0 records)
2026-04-23 13:29:30,400 +0000Z  INFO       Table         : MPSURE (0 records)
2026-04-23 13:29:30,400 +0000Z  INFO       Table         : MPSURL (0 records)
2026-04-23 13:29:30,400 +0000Z  INFO       Table         : MPSUSC (0 records)
2026-04-23 13:29:30,400 +0000Z  INFO       Table         : MPSUTB (0 records)
2026-04-23 13:29:30,400 +0000Z  INFO       Table         : MPSUTR (0 records)
2026-04-23 13:29:30,400 +0000Z  INFO       Table         : MPSVAT (0 records)
2026-04-23 13:29:30,400 +0000Z  INFO       Table         : MPSWSH (0 records)
2026-04-23 13:29:30,400 +0000Z  INFO       Table         : MPSWSL (0 records)
2026-04-23 13:29:30,400 +0000Z  INFO       Table         : MPTAWY (0 records)
2026-04-23 13:29:30,400 +0000Z  INFO       Table         : MPTRNS (0 records)
2026-04-23 13:29:30,400 +0000Z  INFO       Table         : MPURST (0 records)
2026-04-23 13:29:30,400 +0000Z  INFO       Table         : MPWORE (0 records)
2026-04-23 13:29:30,400 +0000Z  INFO       Table         : MPX295 (0 records)
2026-04-23 13:29:30,400 +0000Z  INFO       Table         : MPXPLP (0 records)
2026-04-23 13:29:30,400 +0000Z  INFO       Table         : MQM400 (0 records)
2026-04-23 13:29:30,400 +0000Z  INFO       Table         : MQM602 (0 records)
2026-04-23 13:29:30,401 +0000Z  INFO       Table         : MQM621 (0 records)
2026-04-23 13:29:30,401 +0000Z  INFO       Table         : MRC601 (0 records)
2026-04-23 13:29:30,401 +0000Z  INFO       Table         : MRC950 (0 records)
2026-04-23 13:29:30,401 +0000Z  INFO       Table         : MRCBOM (0 records)
2026-04-23 13:29:30,401 +0000Z  INFO       Table         : MRCDET (0 records)
2026-04-23 13:29:30,401 +0000Z  INFO       Table         : MRCHED (0 records)
2026-04-23 13:29:30,401 +0000Z  INFO       Table         : MRCSPE (0 records)
2026-04-23 13:29:30,401 +0000Z  INFO       Table         : MRCSUM (0 records)
2026-04-23 13:29:30,401 +0000Z  INFO       Table         : MREALO (0 records)
2026-04-23 13:29:30,401 +0000Z  INFO       Table         : MREREL (0 records)
2026-04-23 13:29:30,401 +0000Z  INFO       Table         : MRERET (0 records)
2026-04-23 13:29:30,401 +0000Z  INFO       Table         : MRLOAD (0 records)
2026-04-23 13:29:30,401 +0000Z  INFO       Table         : MROABL (0 records)
2026-04-23 13:29:30,401 +0000Z  INFO       Table         : MROABS (0 records)
2026-04-23 13:29:30,401 +0000Z  INFO       Table         : MROCUM (0 records)
2026-04-23 13:29:30,401 +0000Z  INFO       Table         : MROICL (0 records)
2026-04-23 13:29:30,401 +0000Z  INFO       Table         : MROICX (0 records)
2026-04-23 13:29:30,401 +0000Z  INFO       Table         : MROLOC (0 records)
2026-04-23 13:29:30,401 +0000Z  INFO       Table         : MROMIN (0 records)
2026-04-23 13:29:30,401 +0000Z  INFO       Table         : MROMOS (0 records)
2026-04-23 13:29:30,401 +0000Z  INFO       Table         : MROOPC (0 records)
2026-04-23 13:29:30,401 +0000Z  INFO       Table         : MROOPM (0 records)
2026-04-23 13:29:30,401 +0000Z  INFO       Table         : MROOPS (0 records)
2026-04-23 13:29:30,401 +0000Z  INFO       Table         : MROPRC (0 records)
2026-04-23 13:29:30,401 +0000Z  INFO       Table         : MROUHI (0 records)
2026-04-23 13:29:30,401 +0000Z  INFO       Table         : MRP001 (0 records)
2026-04-23 13:29:30,401 +0000Z  INFO       Table         : MRP651 (0 records)
2026-04-23 13:29:30,401 +0000Z  INFO       Table         : MRP911 (0 records)
2026-04-23 13:29:30,401 +0000Z  INFO       Table         : MRP999 (0 records)
2026-04-23 13:29:30,401 +0000Z  INFO       Table         : MRPAME (0 records)
2026-04-23 13:29:30,401 +0000Z  INFO       Table         : MRPDTH (0 records)
2026-04-23 13:29:30,401 +0000Z  INFO       Table         : MRPDTL (0 records)
2026-04-23 13:29:30,401 +0000Z  INFO       Table         : MRPDTP (0 records)
2026-04-23 13:29:30,401 +0000Z  INFO       Table         : MRPRAT (0 records)
2026-04-23 13:29:30,401 +0000Z  INFO       Table         : MRPSIM (0 records)
2026-04-23 13:29:30,401 +0000Z  INFO       Table         : MRPSTA (0 records)
2026-04-23 13:29:30,401 +0000Z  INFO       Table         : MRPVER (0 records)
2026-04-23 13:29:30,401 +0000Z  INFO       Table         : MRTVPR (0 records)
2026-04-23 13:29:30,401 +0000Z  INFO       Table         : MRUBTF (0 records)
2026-04-23 13:29:30,401 +0000Z  INFO       Table         : MRUBTO (0 records)
2026-04-23 13:29:30,401 +0000Z  INFO       Table         : MSAFTA (0 records)
2026-04-23 13:29:30,401 +0000Z  INFO       Table         : MSATTR (0 records)
2026-04-23 13:29:30,401 +0000Z  INFO       Table         : MSCBSS (0 records)
2026-04-23 13:29:30,401 +0000Z  INFO       Table         : MSCDAT (0 records)
2026-04-23 13:29:30,401 +0000Z  INFO       Table         : MSCHED (0 records)
2026-04-23 13:29:30,401 +0000Z  INFO       Table         : MSCHMA (0 records)
2026-04-23 13:29:30,401 +0000Z  INFO       Table         : MSCITC (0 records)
2026-04-23 13:29:30,401 +0000Z  INFO       Table         : MSCITG (0 records)
2026-04-23 13:29:30,401 +0000Z  INFO       Table         : MSCMDS (0 records)
2026-04-23 13:29:30,401 +0000Z  INFO       Table         : MSCNOC (0 records)
2026-04-23 13:29:30,401 +0000Z  INFO       Table         : MSCNOV (0 records)
2026-04-23 13:29:30,401 +0000Z  INFO       Table         : MSCORX (0 records)
2026-04-23 13:29:30,401 +0000Z  INFO       Table         : MSCPCW (0 records)
2026-04-23 13:29:30,401 +0000Z  INFO       Table         : MSCPDF (0 records)
2026-04-23 13:29:30,401 +0000Z  INFO       Table         : MSCPFS (0 records)
2026-04-23 13:29:30,401 +0000Z  INFO       Table         : MSCPHE (0 records)
2026-04-23 13:29:30,401 +0000Z  INFO       Table         : MSCPOL (0 records)
2026-04-23 13:29:30,401 +0000Z  INFO       Table         : MSCQTY (0 records)
2026-04-23 13:29:30,401 +0000Z  INFO       Table         : MSCREE (0 records)
2026-04-23 13:29:30,401 +0000Z  INFO       Table         : MSCREL (0 records)
2026-04-23 13:29:30,401 +0000Z  INFO       Table         : MSCSAL (0 records)
2026-04-23 13:29:30,401 +0000Z  INFO       Table         : MSCSOR (0 records)
2026-04-23 13:29:30,401 +0000Z  INFO       Table         : MSCTRA (0 records)
2026-04-23 13:29:30,401 +0000Z  INFO       Table         : MSCVER (0 records)
2026-04-23 13:29:30,401 +0000Z  INFO       Table         : MSCYOP (0 records)
2026-04-23 13:29:30,401 +0000Z  INFO       Table         : MSD010 (0 records)
2026-04-23 13:29:30,401 +0000Z  INFO       Table         : MSD011 (0 records)
2026-04-23 13:29:30,401 +0000Z  INFO       Table         : MSD012 (0 records)
2026-04-23 13:29:30,401 +0000Z  INFO       Table         : MSD020 (0 records)
2026-04-23 13:29:30,401 +0000Z  INFO       Table         : MSD021 (0 records)
2026-04-23 13:29:30,401 +0000Z  INFO       Table         : MSD022 (0 records)
2026-04-23 13:29:30,401 +0000Z  INFO       Table         : MSD023 (0 records)
2026-04-23 13:29:30,401 +0000Z  INFO       Table         : MSD024 (0 records)
2026-04-23 13:29:30,401 +0000Z  INFO       Table         : MSD050 (0 records)
2026-04-23 13:29:30,401 +0000Z  INFO       Table         : MSD080 (0 records)
2026-04-23 13:29:30,401 +0000Z  INFO       Table         : MSD081 (0 records)
2026-04-23 13:29:30,401 +0000Z  INFO       Table         : MSD082 (0 records)
2026-04-23 13:29:30,401 +0000Z  INFO       Table         : MSD090 (0 records)
2026-04-23 13:29:30,401 +0000Z  INFO       Table         : MSD130 (0 records)
2026-04-23 13:29:30,401 +0000Z  INFO       Table         : MSD140 (0 records)
2026-04-23 13:29:30,401 +0000Z  INFO       Table         : MSD150 (0 records)
2026-04-23 13:29:30,401 +0000Z  INFO       Table         : MSD999 (0 records)
2026-04-23 13:29:30,401 +0000Z  INFO       Table         : MSDCHK (0 records)
2026-04-23 13:29:30,401 +0000Z  INFO       Table         : MSDCUS (0 records)
2026-04-23 13:29:30,401 +0000Z  INFO       Table         : MSDPRT (0 records)
2026-04-23 13:29:30,401 +0000Z  INFO       Table         : MSDPRW (0 records)
2026-04-23 13:29:30,401 +0000Z  INFO       Table         : MSDSBU (0 records)
2026-04-23 13:29:30,401 +0000Z  INFO       Table         : MSDSDE (0 records)
2026-04-23 13:29:30,401 +0000Z  INFO       Table         : MSDSHE (0 records)
2026-04-23 13:29:30,401 +0000Z  INFO       Table         : MSDSTH (0 records)
2026-04-23 13:29:30,401 +0000Z  INFO       Table         : MSDSTL (0 records)
2026-04-23 13:29:30,401 +0000Z  INFO       Table         : MSDTXH (0 records)
2026-04-23 13:29:30,401 +0000Z  INFO       Table         : MSDTXL (0 records)
2026-04-23 13:29:30,401 +0000Z  INFO       Table         : MSE900 (0 records)
2026-04-23 13:29:30,401 +0000Z  INFO       Table         : MSELCP (0 records)
2026-04-23 13:29:30,401 +0000Z  INFO       Table         : MSELCT (0 records)
2026-04-23 13:29:30,401 +0000Z  INFO       Table         : MSELLC (0 records)
2026-04-23 13:29:30,401 +0000Z  INFO       Table         : MSELMP (0 records)
2026-04-23 13:29:30,401 +0000Z  INFO       Table         : MSELOC (0 records)
2026-04-23 13:29:30,401 +0000Z  INFO       Table         : MSELSM (0 records)
2026-04-23 13:29:30,401 +0000Z  INFO       Table         : MSHDAT (0 records)
2026-04-23 13:29:30,401 +0000Z  INFO       Table         : MSLWFH (0 records)
2026-04-23 13:29:30,401 +0000Z  INFO       Table         : MSP426 (0 records)
2026-04-23 13:29:30,401 +0000Z  INFO       Table         : MSPLMI (0 records)
2026-04-23 13:29:30,401 +0000Z  INFO       Table         : MSPLMO (0 records)
2026-04-23 13:29:30,401 +0000Z  INFO       Table         : MSPLMX (0 records)
2026-04-23 13:29:30,401 +0000Z  INFO       Table         : MSSREA (0 records)
2026-04-23 13:29:30,401 +0000Z  INFO       Table         : MSTEDE (0 records)
2026-04-23 13:29:30,401 +0000Z  INFO       Table         : MSTEDL (0 records)
2026-04-23 13:29:30,401 +0000Z  INFO       Table         : MSTEHE (0 records)
2026-04-23 13:29:30,401 +0000Z  INFO       Table         : MSTEHL (0 records)
2026-04-23 13:29:30,401 +0000Z  INFO       Table         : MSTXGE (0 records)
2026-04-23 13:29:30,401 +0000Z  INFO       Table         : MSUBCS (0 records)
2026-04-23 13:29:30,401 +0000Z  INFO       Table         : MSUBDD (0 records)
2026-04-23 13:29:30,401 +0000Z  INFO       Table         : MSUBDH (0 records)
2026-04-23 13:29:30,401 +0000Z  INFO       Table         : MSUBTF (0 records)
2026-04-23 13:29:30,401 +0000Z  INFO       Table         : MSUBTO (0 records)
2026-04-23 13:29:30,401 +0000Z  INFO       Table         : MSUIRF (0 records)
2026-04-23 13:29:30,401 +0000Z  INFO       Table         : MSUIRH (0 records)
2026-04-23 13:29:30,401 +0000Z  INFO       Table         : MSUIRW (0 records)
2026-04-23 13:29:30,401 +0000Z  INFO       Table         : MSUPBO (0 records)
2026-04-23 13:29:30,401 +0000Z  INFO       Table         : MSUPFC (0 records)
2026-04-23 13:29:30,401 +0000Z  INFO       Table         : MSUPHI (0 records)
2026-04-23 13:29:30,401 +0000Z  INFO       Table         : MSVIAC (0 records)
2026-04-23 13:29:30,401 +0000Z  INFO       Table         : MSYTXH (0 records)
2026-04-23 13:29:30,401 +0000Z  INFO       Table         : MSYTXL (0 records)
2026-04-23 13:29:30,401 +0000Z  INFO       Table         : MTATTR (0 records)
2026-04-23 13:29:30,402 +0000Z  INFO       Table         : MTEFHS (0 records)
2026-04-23 13:29:30,402 +0000Z  INFO       Table         : MTEFLA (0 records)
2026-04-23 13:29:30,402 +0000Z  INFO       Table         : MTEFLD (0 records)
2026-04-23 13:29:30,402 +0000Z  INFO       Table         : MTEFLG (0 records)
2026-04-23 13:29:30,402 +0000Z  INFO       Table         : MTEGCN (0 records)
2026-04-23 13:29:30,402 +0000Z  INFO       Table         : MTEINF (0 records)
2026-04-23 13:29:30,402 +0000Z  INFO       Table         : MTEXTN (0 records)
2026-04-23 13:29:30,402 +0000Z  INFO       Table         : MTIPPR (0 records)
2026-04-23 13:29:30,402 +0000Z  INFO       Table         : MTITDE (0 records)
2026-04-23 13:29:30,402 +0000Z  INFO       Table         : MTITHE (0 records)
2026-04-23 13:29:30,402 +0000Z  INFO       Table         : MTITRP (0 records)
2026-04-23 13:29:30,402 +0000Z  INFO       Table         : MTMABS (0 records)
2026-04-23 13:29:30,402 +0000Z  INFO       Table         : MTMABT (0 records)
2026-04-23 13:29:30,402 +0000Z  INFO       Table         : MTMACD (0 records)
2026-04-23 13:29:30,402 +0000Z  INFO       Table         : MTMAIT (0 records)
2026-04-23 13:29:30,402 +0000Z  INFO       Table         : MTMDAB (0 records)
2026-04-23 13:29:30,402 +0000Z  INFO       Table         : MTMHS1 (0 records)
2026-04-23 13:29:30,402 +0000Z  INFO       Table         : MTMHS2 (0 records)
2026-04-23 13:29:30,402 +0000Z  INFO       Table         : MTMHS3 (0 records)
2026-04-23 13:29:30,402 +0000Z  INFO       Table         : MTMOVP (0 records)
2026-04-23 13:29:30,402 +0000Z  INFO       Table         : MTMPBL (0 records)
2026-04-23 13:29:30,402 +0000Z  INFO       Table         : MTMPRD (0 records)
2026-04-23 13:29:30,402 +0000Z  INFO       Table         : MTMPRE (0 records)
2026-04-23 13:29:30,402 +0000Z  INFO       Table         : MTMPRI (0 records)
2026-04-23 13:29:30,402 +0000Z  INFO       Table         : MTMSEM (0 records)
2026-04-23 13:29:30,402 +0000Z  INFO       Table         : MTMSFD (0 records)
2026-04-23 13:29:30,402 +0000Z  INFO       Table         : MTMTEM (0 records)
2026-04-23 13:29:30,402 +0000Z  INFO       Table         : MTMTMP (0 records)
2026-04-23 13:29:30,402 +0000Z  INFO       Table         : MTMTPR (0 records)
2026-04-23 13:29:30,402 +0000Z  INFO       Table         : MTMTPS (0 records)
2026-04-23 13:29:30,402 +0000Z  INFO       Table         : MTMTR1 (0 records)
2026-04-23 13:29:30,402 +0000Z  INFO       Table         : MTMTR2 (0 records)
2026-04-23 13:29:30,402 +0000Z  INFO       Table         : MTMTTR (0 records)
2026-04-23 13:29:30,402 +0000Z  INFO       Table         : MTMTTY (0 records)
2026-04-23 13:29:30,402 +0000Z  INFO       Table         : MTMWTR (0 records)
2026-04-23 13:29:30,402 +0000Z  INFO       Table         : MTOSPE (0 records)
2026-04-23 13:29:30,402 +0000Z  INFO       Table         : MTROLU (0 records)
2026-04-23 13:29:30,402 +0000Z  INFO       Table         : MTRSUB (0 records)
2026-04-23 13:29:30,402 +0000Z  INFO       Table         : MTSREF (0 records)
2026-04-23 13:29:30,402 +0000Z  INFO       Table         : MTSRSP (0 records)
2026-04-23 13:29:30,402 +0000Z  INFO       Table         : MTUNNA (0 records)
2026-04-23 13:29:30,402 +0000Z  INFO       Table         : MUPSTR (0 records)
2026-04-23 13:29:30,402 +0000Z  INFO       Table         : MVARDS (0 records)
2026-04-23 13:29:30,402 +0000Z  INFO       Table         : MVENST (0 records)
2026-04-23 13:29:30,402 +0000Z  INFO       Table         : MWARDT (0 records)
2026-04-23 13:29:30,402 +0000Z  INFO       Table         : MWAROP (0 records)
2026-04-23 13:29:30,402 +0000Z  INFO       Table         : MWASHE (0 records)
2026-04-23 13:29:30,402 +0000Z  INFO       Table         : MWASHI (0 records)
2026-04-23 13:29:30,402 +0000Z  INFO       Table         : MWASLN (0 records)
2026-04-23 13:29:30,402 +0000Z  INFO       Table         : MWASMG (0 records)
2026-04-23 13:29:30,402 +0000Z  INFO       Table         : MWASRO (0 records)
2026-04-23 13:29:30,402 +0000Z  INFO       Table         : MWDEOP (0 records)
2026-04-23 13:29:30,402 +0000Z  INFO       Table         : MWDSTC (0 records)
2026-04-23 13:29:30,402 +0000Z  INFO       Table         : MWDSTP (0 records)
2026-04-23 13:29:30,402 +0000Z  INFO       Table         : MWFDLY (0 records)
2026-04-23 13:29:30,402 +0000Z  INFO       Table         : MWFRDE (0 records)
2026-04-23 13:29:30,402 +0000Z  INFO       Table         : MWFRDO (0 records)
2026-04-23 13:29:30,402 +0000Z  INFO       Table         : MWFRSH (0 records)
2026-04-23 13:29:30,402 +0000Z  INFO       Table         : MWGRET (0 records)
2026-04-23 13:29:30,402 +0000Z  INFO       Table         : MWHTAB (0 records)
2026-04-23 13:29:30,402 +0000Z  INFO       Table         : MWINS1 (0 records)
2026-04-23 13:29:30,402 +0000Z  INFO       Table         : MWINSC (0 records)
2026-04-23 13:29:30,402 +0000Z  INFO       Table         : MWINSH (0 records)
2026-04-23 13:29:30,402 +0000Z  INFO       Table         : MWINSL (0 records)
2026-04-23 13:29:30,402 +0000Z  INFO       Table         : MWINSP (0 records)
2026-04-23 13:29:30,402 +0000Z  INFO       Table         : MWINSQ (0 records)
2026-04-23 13:29:30,402 +0000Z  INFO       Table         : MWINST (0 records)
2026-04-23 13:29:30,402 +0000Z  INFO       Table         : MWIPLT (0 records)
2026-04-23 13:29:30,402 +0000Z  INFO       Table         : MWLEVL (0 records)
2026-04-23 13:29:30,402 +0000Z  INFO       Table         : MWLOAD (0 records)
2026-04-23 13:29:30,402 +0000Z  INFO       Table         : MWM120 (0 records)
2026-04-23 13:29:30,402 +0000Z  INFO       Table         : MWM181 (0 records)
2026-04-23 13:29:30,402 +0000Z  INFO       Table         : MWM410 (0 records)
2026-04-23 13:29:30,402 +0000Z  INFO       Table         : MWM420 (0 records)
2026-04-23 13:29:30,402 +0000Z  INFO       Table         : MWM421 (0 records)
2026-04-23 13:29:30,402 +0000Z  INFO       Table         : MWM422 (0 records)
2026-04-23 13:29:30,402 +0000Z  INFO       Table         : MWM424 (0 records)
2026-04-23 13:29:30,402 +0000Z  INFO       Table         : MWM436 (0 records)
2026-04-23 13:29:30,402 +0000Z  INFO       Table         : MWM444 (0 records)
2026-04-23 13:29:30,402 +0000Z  INFO       Table         : MWMCRE (0 records)
2026-04-23 13:29:30,402 +0000Z  INFO       Table         : MWMCSN (0 records)
2026-04-23 13:29:30,402 +0000Z  INFO       Table         : MWMPAG (0 records)
2026-04-23 13:29:30,402 +0000Z  INFO       Table         : MWMTDG (0 records)
2026-04-23 13:29:30,402 +0000Z  INFO       Table         : MWOAPP (0 records)
2026-04-23 13:29:30,402 +0000Z  INFO       Table         : MWOCPN (0 records)
2026-04-23 13:29:30,402 +0000Z  INFO       Table         : MWODAY (0 records)
2026-04-23 13:29:30,402 +0000Z  INFO       Table         : MWOEMT (0 records)
2026-04-23 13:29:30,402 +0000Z  INFO       Table         : MWOHED (0 records)
2026-04-23 13:29:30,402 +0000Z  INFO       Table         : MWOHEH (0 records)
2026-04-23 13:29:30,402 +0000Z  INFO       Table         : MWOHES (0 records)
2026-04-23 13:29:30,402 +0000Z  INFO       Table         : MWOISI (0 records)
2026-04-23 13:29:30,402 +0000Z  INFO       Table         : MWOLCC (0 records)
2026-04-23 13:29:30,402 +0000Z  INFO       Table         : MWOMAA (0 records)
2026-04-23 13:29:30,402 +0000Z  INFO       Table         : MWOMAT (0 records)
2026-04-23 13:29:30,402 +0000Z  INFO       Table         : MWOOP1 (0 records)
2026-04-23 13:29:30,402 +0000Z  INFO       Table         : MWOOPA (0 records)
2026-04-23 13:29:30,402 +0000Z  INFO       Table         : MWOOPE (0 records)
2026-04-23 13:29:30,402 +0000Z  INFO       Table         : MWOOPL (0 records)
2026-04-23 13:29:30,402 +0000Z  INFO       Table         : MWOOPS (0 records)
2026-04-23 13:29:30,402 +0000Z  INFO       Table         : MWOPHA (0 records)
2026-04-23 13:29:30,402 +0000Z  INFO       Table         : MWOPLA (0 records)
2026-04-23 13:29:30,402 +0000Z  INFO       Table         : MWOPLD (0 records)
2026-04-23 13:29:30,402 +0000Z  INFO       Table         : MWOPLP (0 records)
2026-04-23 13:29:30,402 +0000Z  INFO       Table         : MWOPLW (0 records)
2026-04-23 13:29:30,402 +0000Z  INFO       Table         : MWOPOL (0 records)
2026-04-23 13:29:30,402 +0000Z  INFO       Table         : MWOPTH (0 records)
2026-04-23 13:29:30,402 +0000Z  INFO       Table         : MWOPTP (0 records)
2026-04-23 13:29:30,402 +0000Z  INFO       Table         : MWOPTR (0 records)
2026-04-23 13:29:30,402 +0000Z  INFO       Table         : MWOPTS (0 records)
2026-04-23 13:29:30,402 +0000Z  INFO       Table         : MWORCO (0 records)
2026-04-23 13:29:30,402 +0000Z  INFO       Table         : MWORDT (0 records)
2026-04-23 13:29:30,402 +0000Z  INFO       Table         : MWORID (0 records)
2026-04-23 13:29:30,402 +0000Z  INFO       Table         : MWOROU (0 records)
2026-04-23 13:29:30,402 +0000Z  INFO       Table         : MWOSPL (0 records)
2026-04-23 13:29:30,402 +0000Z  INFO       Table         : MWOTEA (0 records)
2026-04-23 13:29:30,402 +0000Z  INFO       Table         : MWOTOP (0 records)
2026-04-23 13:29:30,402 +0000Z  INFO       Table         : MWPLIT (0 records)
2026-04-23 13:29:30,402 +0000Z  INFO       Table         : MWPREL (0 records)
2026-04-23 13:29:30,402 +0000Z  INFO       Table         : MWPROP (0 records)
2026-04-23 13:29:30,402 +0000Z  INFO       Table         : MWQIRS (0 records)
2026-04-23 13:29:30,402 +0000Z  INFO       Table         : MWROLU (0 records)
2026-04-23 13:29:30,402 +0000Z  INFO       Table         : MWRREM (0 records)
2026-04-23 13:29:30,402 +0000Z  INFO       Table         : MWSCRE (0 records)
2026-04-23 13:29:30,403 +0000Z  INFO       Table         : MWSEEQ (0 records)
2026-04-23 13:29:30,403 +0000Z  INFO       Table         : MWTDIV (0 records)
2026-04-23 13:29:30,403 +0000Z  INFO       Table         : MWTOTR (0 records)
2026-04-23 13:29:30,403 +0000Z  INFO       Table         : MWW428 (0 records)
2026-04-23 13:29:30,403 +0000Z  INFO       Table         : MWWCSP (0 records)
2026-04-23 13:29:30,403 +0000Z  INFO       Table         : MWXAPP (0 records)
2026-04-23 13:29:30,403 +0000Z  INFO       Table         : MWXHED (0 records)
2026-04-23 13:29:30,403 +0000Z  INFO       Table         : MWXOPE (0 records)
2026-04-23 13:29:30,403 +0000Z  INFO       Table         : MWXUSR (0 records)
2026-04-23 13:29:30,403 +0000Z  INFO       Table         : MXBETR (0 records)
2026-04-23 13:29:30,403 +0000Z  INFO       Table         : MXCCST (0 records)
2026-04-23 13:29:30,403 +0000Z  INFO       Table         : MXHEAD (0 records)
2026-04-23 13:29:30,403 +0000Z  INFO       Table         : MXLINE (0 records)
2026-04-23 13:29:30,403 +0000Z  INFO       Table         : MXOEXP (0 records)
2026-04-23 13:29:30,403 +0000Z  INFO       Table         : MXPOAD (0 records)
2026-04-23 13:29:30,403 +0000Z  INFO       Table         : MXREAL (0 records)
2026-04-23 13:29:30,403 +0000Z  INFO       Table         : MXTEXT (0 records)
2026-04-23 13:29:30,403 +0000Z  INFO       Table         : MYOPAD (0 records)
2026-04-23 13:29:30,403 +0000Z  INFO       Table         : MYOPID (0 records)
2026-04-23 13:29:30,403 +0000Z  INFO       Table         : MYOPIH (0 records)
2026-04-23 13:29:30,403 +0000Z  INFO       Table         : MYOPIU (0 records)
2026-04-23 13:29:30,403 +0000Z  INFO       Table         : MYSELS (0 records)
2026-04-23 13:29:30,403 +0000Z  INFO       Table         : OAARBB (0 records)
2026-04-23 13:29:30,403 +0000Z  INFO       Table         : OACREA (0 records)
2026-04-23 13:29:30,403 +0000Z  INFO       Table         : OADDTX (0 records)
2026-04-23 13:29:30,403 +0000Z  INFO       Table         : OAEXOR (0 records)
2026-04-23 13:29:30,403 +0000Z  INFO       Table         : OAGMCH (0 records)
2026-04-23 13:29:30,403 +0000Z  INFO       Table         : OAGMCL (0 records)
2026-04-23 13:29:30,403 +0000Z  INFO       Table         : OAGMXH (0 records)
2026-04-23 13:29:30,403 +0000Z  INFO       Table         : OAGMXL (0 records)
2026-04-23 13:29:30,403 +0000Z  INFO       Table         : OAGRHE (0 records)
2026-04-23 13:29:30,403 +0000Z  INFO       Table         : OAGRLN (0 records)
2026-04-23 13:29:30,403 +0000Z  INFO       Table         : OAGRPR (0 records)
2026-04-23 13:29:30,403 +0000Z  INFO       Table         : OAGRTP (0 records)
2026-04-23 13:29:30,403 +0000Z  INFO       Table         : OAGSET (0 records)
2026-04-23 13:29:30,403 +0000Z  INFO       Table         : OAINTY (0 records)
2026-04-23 13:29:30,403 +0000Z  INFO       Table         : OASCOL (0 records)
2026-04-23 13:29:30,403 +0000Z  INFO       Table         : OASCUS (0 records)
2026-04-23 13:29:30,403 +0000Z  INFO       Table         : OASITN (0 records)
2026-04-23 13:29:30,403 +0000Z  INFO       Table         : OBACSC (0 records)
2026-04-23 13:29:30,403 +0000Z  INFO       Table         : OBCISD (0 records)
2026-04-23 13:29:30,403 +0000Z  INFO       Table         : OBCISH (0 records)
2026-04-23 13:29:30,403 +0000Z  INFO       Table         : OBCOPY (0 records)
2026-04-23 13:29:30,403 +0000Z  INFO       Table         : OBOACP (0 records)
2026-04-23 13:29:30,403 +0000Z  INFO       Table         : OBONAG (0 records)
2026-04-23 13:29:30,403 +0000Z  INFO       Table         : OBONSR (0 records)
2026-04-23 13:29:30,403 +0000Z  INFO       Table         : OBONST (0 records)
2026-04-23 13:29:30,403 +0000Z  INFO       Table         : OBONSU (0 records)
2026-04-23 13:29:30,403 +0000Z  INFO       Table         : OBOPAY (0 records)
2026-04-23 13:29:30,403 +0000Z  INFO       Table         : OBOPER (0 records)
2026-04-23 13:29:30,403 +0000Z  INFO       Table         : OBOTRA (0 records)
2026-04-23 13:29:30,403 +0000Z  INFO       Table         : OBOWRK (0 records)
2026-04-23 13:29:30,403 +0000Z  INFO       Table         : OBPSCH (0 records)
2026-04-23 13:29:30,403 +0000Z  INFO       Table         : OBTAST (0 records)
2026-04-23 13:29:30,403 +0000Z  INFO       Table         : OBTMTX (0 records)
2026-04-23 13:29:30,403 +0000Z  INFO       Table         : OBTNST (0 records)
2026-04-23 13:29:30,403 +0000Z  INFO       Table         : OBTPAH (0 records)
2026-04-23 13:29:30,403 +0000Z  INFO       Table         : OBTPAL (0 records)
2026-04-23 13:29:30,403 +0000Z  INFO       Table         : OBTPER (0 records)
2026-04-23 13:29:30,403 +0000Z  INFO       Table         : OBTRAG (0 records)
2026-04-23 13:29:30,403 +0000Z  INFO       Table         : OBTREC (0 records)
2026-04-23 13:29:30,403 +0000Z  INFO       Table         : OBTTRA (0 records)
2026-04-23 13:29:30,403 +0000Z  INFO       Table         : OBTWRK (0 records)
2026-04-23 13:29:30,403 +0000Z  INFO       Table         : OBTYPE (0 records)
2026-04-23 13:29:30,403 +0000Z  INFO       Table         : OBYPAT (0 records)
2026-04-23 13:29:30,403 +0000Z  INFO       Table         : OBYPER (0 records)
2026-04-23 13:29:30,403 +0000Z  INFO       Table         : OCARCR (0 records)
2026-04-23 13:29:30,403 +0000Z  INFO       Table         : OCASHA (0 records)
2026-04-23 13:29:30,403 +0000Z  INFO       Table         : OCASHB (0 records)
2026-04-23 13:29:30,403 +0000Z  INFO       Table         : OCASHD (0 records)
2026-04-23 13:29:30,403 +0000Z  INFO       Table         : OCASHL (0 records)
2026-04-23 13:29:30,403 +0000Z  INFO       Table         : OCASHP (0 records)
2026-04-23 13:29:30,403 +0000Z  INFO       Table         : OCASHR (0 records)
2026-04-23 13:29:30,403 +0000Z  INFO       Table         : OCASMS (0 records)
2026-04-23 13:29:30,403 +0000Z  INFO       Table         : OCCMRS (0 records)
2026-04-23 13:29:30,403 +0000Z  INFO       Table         : OCHAMO (0 records)
2026-04-23 13:29:30,403 +0000Z  INFO       Table         : OCHCUS (0 records)
2026-04-23 13:29:30,403 +0000Z  INFO       Table         : OCHEAD (0 records)
2026-04-23 13:29:30,403 +0000Z  INFO       Table         : OCHSTR (0 records)
2026-04-23 13:29:30,403 +0000Z  INFO       Table         : OCITAD (0 records)
2026-04-23 13:29:30,403 +0000Z  INFO       Table         : OCLCVT (0 records)
2026-04-23 13:29:30,403 +0000Z  INFO       Table         : OCLINE (0 records)
2026-04-23 13:29:30,403 +0000Z  INFO       Table         : OCSREF (0 records)
2026-04-23 13:29:30,403 +0000Z  INFO       Table         : OCSRET (0 records)
2026-04-23 13:29:30,403 +0000Z  INFO       Table         : OCUINS (0 records)
2026-04-23 13:29:30,403 +0000Z  INFO       Table         : OCUIPG (0 records)
2026-04-23 13:29:30,403 +0000Z  INFO       Table         : OCUMOT (0 records)
2026-04-23 13:29:30,403 +0000Z  INFO       Table         : OCUSAC (0 records)
2026-04-23 13:29:30,403 +0000Z  INFO       Table         : OCUSAD (0 records)
2026-04-23 13:29:30,403 +0000Z  INFO       Table         : OCUSAS (0 records)
2026-04-23 13:29:30,403 +0000Z  INFO       Table         : OCUSCH (0 records)
2026-04-23 13:29:30,403 +0000Z  INFO       Table         : OCUSCO (0 records)
2026-04-23 13:29:30,403 +0000Z  INFO       Table         : OCUSCP (0 records)
2026-04-23 13:29:30,403 +0000Z  INFO       Table         : OCUSEP (0 records)
2026-04-23 13:29:30,403 +0000Z  INFO       Table         : OCUSEX (0 records)
2026-04-23 13:29:30,403 +0000Z  INFO       Table         : OCUSIN (0 records)
2026-04-23 13:29:30,403 +0000Z  INFO       Table         : OCUSIT (0 records)
2026-04-23 13:29:30,403 +0000Z  INFO       Table         : OCUSMA (0 records)
2026-04-23 13:29:30,403 +0000Z  INFO       Table         : OCUSMS (0 records)
2026-04-23 13:29:30,403 +0000Z  INFO       Table         : OCUSPL (0 records)
2026-04-23 13:29:30,403 +0000Z  INFO       Table         : OCUSXX (0 records)
2026-04-23 13:29:30,403 +0000Z  INFO       Table         : OCUTAB (0 records)
2026-04-23 13:29:30,403 +0000Z  INFO       Table         : ODCHRG (0 records)
2026-04-23 13:29:30,403 +0000Z  INFO       Table         : ODCHRL (0 records)
2026-04-23 13:29:30,403 +0000Z  INFO       Table         : ODCIDN (0 records)
2026-04-23 13:29:30,403 +0000Z  INFO       Table         : ODDELC (0 records)
2026-04-23 13:29:30,403 +0000Z  INFO       Table         : ODDOCU (0 records)
2026-04-23 13:29:30,403 +0000Z  INFO       Table         : ODEDOC (0 records)
2026-04-23 13:29:30,403 +0000Z  INFO       Table         : ODEPER (0 records)
2026-04-23 13:29:30,403 +0000Z  INFO       Table         : ODHEAD (0 records)
2026-04-23 13:29:30,403 +0000Z  INFO       Table         : ODLINE (0 records)
2026-04-23 13:29:30,403 +0000Z  INFO       Table         : ODOUTQ (0 records)
2026-04-23 13:29:30,403 +0000Z  INFO       Table         : ODTXTH (0 records)
2026-04-23 13:29:30,403 +0000Z  INFO       Table         : OEXFEE (0 records)
2026-04-23 13:29:30,403 +0000Z  INFO       Table         : OEXFEL (0 records)
2026-04-23 13:29:30,403 +0000Z  INFO       Table         : OEXLIN (0 records)
2026-04-23 13:29:30,403 +0000Z  INFO       Table         : OEXPRI (0 records)
2026-04-23 13:29:30,403 +0000Z  INFO       Table         : OEXS30 (0 records)
2026-04-23 13:29:30,403 +0000Z  INFO       Table         : OEXSMS (0 records)
2026-04-23 13:29:30,403 +0000Z  INFO       Table         : OFREEF (0 records)
2026-04-23 13:29:30,403 +0000Z  INFO       Table         : OGCLNG (0 records)
2026-04-23 13:29:30,403 +0000Z  INFO       Table         : OGCMPN (0 records)
2026-04-23 13:29:30,403 +0000Z  INFO       Table         : OGCMTX (0 records)
2026-04-23 13:29:30,403 +0000Z  INFO       Table         : OGDIPO (0 records)
2026-04-23 13:29:30,403 +0000Z  INFO       Table         : OGDISY (0 records)
2026-04-23 13:29:30,403 +0000Z  INFO       Table         : OGDLNG (0 records)
2026-04-23 13:29:30,403 +0000Z  INFO       Table         : OGDMTX (0 records)
2026-04-23 13:29:30,403 +0000Z  INFO       Table         : OGTAGY (0 records)
2026-04-23 13:29:30,403 +0000Z  INFO       Table         : OGTAPO (0 records)
2026-04-23 13:29:30,403 +0000Z  INFO       Table         : OGTATP (0 records)
2026-04-23 13:29:30,403 +0000Z  INFO       Table         : OHI175 (0 records)
2026-04-23 13:29:30,403 +0000Z  INFO       Table         : OIBBOR (0 records)
2026-04-23 13:29:30,403 +0000Z  INFO       Table         : OIBBOX (0 records)
2026-04-23 13:29:30,403 +0000Z  INFO       Table         : OICHKL (0 records)
2026-04-23 13:29:30,403 +0000Z  INFO       Table         : OICORR (0 records)
2026-04-23 13:29:30,403 +0000Z  INFO       Table         : OIDCMH (0 records)
2026-04-23 13:29:30,403 +0000Z  INFO       Table         : OIDCML (0 records)
2026-04-23 13:29:30,403 +0000Z  INFO       Table         : OIDEHE (0 records)
2026-04-23 13:29:30,403 +0000Z  INFO       Table         : OIDELN (0 records)
2026-04-23 13:29:30,403 +0000Z  INFO       Table         : OIDPRE (0 records)
2026-04-23 13:29:30,403 +0000Z  INFO       Table         : OIDTRL (0 records)
2026-04-23 13:29:30,403 +0000Z  INFO       Table         : OIDTRS (0 records)
2026-04-23 13:29:30,403 +0000Z  INFO       Table         : OIIRPT (0 records)
2026-04-23 13:29:30,403 +0000Z  INFO       Table         : OINACC (0 records)
2026-04-23 13:29:30,404 +0000Z  INFO       Table         : OINREF (0 records)
2026-04-23 13:29:30,404 +0000Z  INFO       Table         : OINVIP (0 records)
2026-04-23 13:29:30,404 +0000Z  INFO       Table         : OINVLL (0 records)
2026-04-23 13:29:30,404 +0000Z  INFO       Table         : OINVOH (0 records)
2026-04-23 13:29:30,404 +0000Z  INFO       Table         : OINVOL (0 records)
2026-04-23 13:29:30,404 +0000Z  INFO       Table         : OINVSJ (0 records)
2026-04-23 13:29:30,404 +0000Z  INFO       Table         : OINVTX (0 records)
2026-04-23 13:29:30,404 +0000Z  INFO       Table         : OIPROD (0 records)
2026-04-23 13:29:30,404 +0000Z  INFO       Table         : OIPROI (0 records)
2026-04-23 13:29:30,404 +0000Z  INFO       Table         : OIPRTD (0 records)
2026-04-23 13:29:30,404 +0000Z  INFO       Table         : OISIPP (0 records)
2026-04-23 13:29:30,404 +0000Z  INFO       Table         : OITTAB (0 records)
2026-04-23 13:29:30,404 +0000Z  INFO       Table         : OIVCLA (0 records)
2026-04-23 13:29:30,404 +0000Z  INFO       Table         : OKITDI (0 records)
2026-04-23 13:29:30,404 +0000Z  INFO       Table         : OKITXP (0 records)
2026-04-23 13:29:30,404 +0000Z  INFO       Table         : OLICHA (0 records)
2026-04-23 13:29:30,404 +0000Z  INFO       Table         : OLICHK (0 records)
2026-04-23 13:29:30,404 +0000Z  INFO       Table         : OLICHL (0 records)
2026-04-23 13:29:30,404 +0000Z  INFO       Table         : OLICHM (0 records)
2026-04-23 13:29:30,404 +0000Z  INFO       Table         : OLICHR (0 records)
2026-04-23 13:29:30,404 +0000Z  INFO       Table         : OMAANE (0 records)
2026-04-23 13:29:30,404 +0000Z  INFO       Table         : OOACKH (0 records)
2026-04-23 13:29:30,404 +0000Z  INFO       Table         : OOACKL (0 records)
2026-04-23 13:29:30,404 +0000Z  INFO       Table         : OOADRE (0 records)
2026-04-23 13:29:30,404 +0000Z  INFO       Table         : OOAHED (0 records)
2026-04-23 13:29:30,404 +0000Z  INFO       Table         : OOALIN (0 records)
2026-04-23 13:29:30,404 +0000Z  INFO       Table         : OOAPMT (0 records)
2026-04-23 13:29:30,404 +0000Z  INFO       Table         : OOAPRO (0 records)
2026-04-23 13:29:30,404 +0000Z  INFO       Table         : OOARBO (0 records)
2026-04-23 13:29:30,404 +0000Z  INFO       Table         : OOARCO (0 records)
2026-04-23 13:29:30,404 +0000Z  INFO       Table         : OOARDO (0 records)
2026-04-23 13:29:30,404 +0000Z  INFO       Table         : OOARIV (0 records)
2026-04-23 13:29:30,404 +0000Z  INFO       Table         : OOARPA (0 records)
2026-04-23 13:29:30,404 +0000Z  INFO       Table         : OOASPR (0 records)
2026-04-23 13:29:30,404 +0000Z  INFO       Table         : OOC345 (0 records)
2026-04-23 13:29:30,404 +0000Z  INFO       Table         : OOCCFI (0 records)
2026-04-23 13:29:30,404 +0000Z  INFO       Table         : OOCHRG (0 records)
2026-04-23 13:29:30,404 +0000Z  INFO       Table         : OOCOLI (0 records)
2026-04-23 13:29:30,404 +0000Z  INFO       Table         : OODFLT (0 records)
2026-04-23 13:29:30,404 +0000Z  INFO       Table         : OODISH (0 records)
2026-04-23 13:29:30,404 +0000Z  INFO       Table         : OODOCU (0 records)
2026-04-23 13:29:30,404 +0000Z  INFO       Table         : OODTBU (0 records)
2026-04-23 13:29:30,404 +0000Z  INFO       Table         : OOEIGM (0 records)
2026-04-23 13:29:30,404 +0000Z  INFO       Table         : OOEMSG (0 records)
2026-04-23 13:29:30,404 +0000Z  INFO       Table         : OOFPRD (0 records)
2026-04-23 13:29:30,404 +0000Z  INFO       Table         : OOHDCG (0 records)
2026-04-23 13:29:30,404 +0000Z  INFO       Table         : OOHEAC (0 records)
2026-04-23 13:29:30,404 +0000Z  INFO       Table         : OOHEAD (0 records)
2026-04-23 13:29:30,404 +0000Z  INFO       Table         : OOI150 (0 records)
2026-04-23 13:29:30,404 +0000Z  INFO       Table         : OOI193 (0 records)
2026-04-23 13:29:30,404 +0000Z  INFO       Table         : OOI199 (0 records)
2026-04-23 13:29:30,404 +0000Z  INFO       Table         : OOI19A (0 records)
2026-04-23 13:29:30,404 +0000Z  INFO       Table         : OOI204 (0 records)
2026-04-23 13:29:30,404 +0000Z  INFO       Table         : OOI228 (0 records)
2026-04-23 13:29:30,404 +0000Z  INFO       Table         : OOI280 (0 records)
2026-04-23 13:29:30,404 +0000Z  INFO       Table         : OOI307 (0 records)
2026-04-23 13:29:30,404 +0000Z  INFO       Table         : OOI311 (0 records)
2026-04-23 13:29:30,404 +0000Z  INFO       Table         : OOI315 (0 records)
2026-04-23 13:29:30,404 +0000Z  INFO       Table         : OOI320 (0 records)
2026-04-23 13:29:30,404 +0000Z  INFO       Table         : OOI325 (0 records)
2026-04-23 13:29:30,404 +0000Z  INFO       Table         : OOI337 (0 records)
2026-04-23 13:29:30,404 +0000Z  INFO       Table         : OOI340 (0 records)
2026-04-23 13:29:30,404 +0000Z  INFO       Table         : OOI345 (0 records)
2026-04-23 13:29:30,404 +0000Z  INFO       Table         : OOI380 (0 records)
2026-04-23 13:29:30,404 +0000Z  INFO       Table         : OOI607 (0 records)
2026-04-23 13:29:30,404 +0000Z  INFO       Table         : OOI608 (0 records)
2026-04-23 13:29:30,404 +0000Z  INFO       Table         : OOI623 (0 records)
2026-04-23 13:29:30,404 +0000Z  INFO       Table         : OOI642 (0 records)
2026-04-23 13:29:30,404 +0000Z  INFO       Table         : OOI643 (0 records)
2026-04-23 13:29:30,404 +0000Z  INFO       Table         : OOI64A (0 records)
2026-04-23 13:29:30,404 +0000Z  INFO       Table         : OOI869 (0 records)
2026-04-23 13:29:30,404 +0000Z  INFO       Table         : OOI950 (0 records)
2026-04-23 13:29:30,404 +0000Z  INFO       Table         : OOI960 (0 records)
2026-04-23 13:29:30,404 +0000Z  INFO       Table         : OOIAGR (0 records)
2026-04-23 13:29:30,404 +0000Z  INFO       Table         : OOIPOL (0 records)
2026-04-23 13:29:30,404 +0000Z  INFO       Table         : OOIPOS (0 records)
2026-04-23 13:29:30,404 +0000Z  INFO       Table         : OOIVAT (0 records)
2026-04-23 13:29:30,404 +0000Z  INFO       Table         : OOLIAR (0 records)
2026-04-23 13:29:30,404 +0000Z  INFO       Table         : OOLICH (0 records)
2026-04-23 13:29:30,404 +0000Z  INFO       Table         : OOLICT (0 records)
2026-04-23 13:29:30,404 +0000Z  INFO       Table         : OOLINE (0 records)
2026-04-23 13:29:30,404 +0000Z  INFO       Table         : OOLIPI (0 records)
2026-04-23 13:29:30,404 +0000Z  INFO       Table         : OOLIUD (0 records)
2026-04-23 13:29:30,404 +0000Z  INFO       Table         : OOOREF (0 records)
2026-04-23 13:29:30,404 +0000Z  INFO       Table         : OOPAYD (0 records)
2026-04-23 13:29:30,404 +0000Z  INFO       Table         : OOPAYH (0 records)
2026-04-23 13:29:30,404 +0000Z  INFO       Table         : OOPAYL (0 records)
2026-04-23 13:29:30,404 +0000Z  INFO       Table         : OOPAYP (0 records)
2026-04-23 13:29:30,404 +0000Z  INFO       Table         : OOPAYT (0 records)
2026-04-23 13:29:30,404 +0000Z  INFO       Table         : OOPDCH (0 records)
2026-04-23 13:29:30,404 +0000Z  INFO       Table         : OOPGMH (0 records)
2026-04-23 13:29:30,404 +0000Z  INFO       Table         : OOPGML (0 records)
2026-04-23 13:29:30,404 +0000Z  INFO       Table         : OOPGRP (0 records)
2026-04-23 13:29:30,404 +0000Z  INFO       Table         : OOPINH (0 records)
2026-04-23 13:29:30,404 +0000Z  INFO       Table         : OOPINV (0 records)
2026-04-23 13:29:30,404 +0000Z  INFO       Table         : OOPRED (0 records)
2026-04-23 13:29:30,404 +0000Z  INFO       Table         : OOQUOH (0 records)
2026-04-23 13:29:30,404 +0000Z  INFO       Table         : OORESC (0 records)
2026-04-23 13:29:30,404 +0000Z  INFO       Table         : OORSOR (0 records)
2026-04-23 13:29:30,404 +0000Z  INFO       Table         : OOS271 (0 records)
2026-04-23 13:29:30,404 +0000Z  INFO       Table         : OOS425 (0 records)
2026-04-23 13:29:30,404 +0000Z  INFO       Table         : OOS654 (0 records)
2026-04-23 13:29:30,404 +0000Z  INFO       Table         : OOS900 (0 records)
2026-04-23 13:29:30,404 +0000Z  INFO       Table         : OOS931 (0 records)
2026-04-23 13:29:30,404 +0000Z  INFO       Table         : OOS980 (0 records)
2026-04-23 13:29:30,404 +0000Z  INFO       Table         : OOSAEQ (0 records)
2026-04-23 13:29:30,404 +0000Z  INFO       Table         : OOSPLT (0 records)
2026-04-23 13:29:30,404 +0000Z  INFO       Table         : OOSPSE (0 records)
2026-04-23 13:29:30,404 +0000Z  INFO       Table         : OOSREB (0 records)
2026-04-23 13:29:30,404 +0000Z  INFO       Table         : OOTYCH (0 records)
2026-04-23 13:29:30,404 +0000Z  INFO       Table         : OOTYDO (0 records)
2026-04-23 13:29:30,404 +0000Z  INFO       Table         : OOTYPE (0 records)
2026-04-23 13:29:30,404 +0000Z  INFO       Table         : OOTYPG (0 records)
2026-04-23 13:29:30,404 +0000Z  INFO       Table         : OPACLH (0 records)
2026-04-23 13:29:30,404 +0000Z  INFO       Table         : OPACLL (0 records)
2026-04-23 13:29:30,404 +0000Z  INFO       Table         : OPARFI (0 records)
2026-04-23 13:29:30,404 +0000Z  INFO       Table         : OPARST (0 records)
2026-04-23 13:29:30,404 +0000Z  INFO       Table         : OPARTI (0 records)
2026-04-23 13:29:30,404 +0000Z  INFO       Table         : OPAYMD (0 records)
2026-04-23 13:29:30,404 +0000Z  INFO       Table         : OPAYMH (0 records)
2026-04-23 13:29:30,404 +0000Z  INFO       Table         : OPAYML (0 records)
2026-04-23 13:29:30,404 +0000Z  INFO       Table         : OPAYMR (0 records)
2026-04-23 13:29:30,404 +0000Z  INFO       Table         : OPAYMT (0 records)
2026-04-23 13:29:30,404 +0000Z  INFO       Table         : OPCARD (0 records)
2026-04-23 13:29:30,404 +0000Z  INFO       Table         : OPEXTI (0 records)
2026-04-23 13:29:30,404 +0000Z  INFO       Table         : OPINVH (0 records)
2026-04-23 13:29:30,404 +0000Z  INFO       Table         : OPINVL (0 records)
2026-04-23 13:29:30,404 +0000Z  INFO       Table         : OPLABL (0 records)
2026-04-23 13:29:30,404 +0000Z  INFO       Table         : OPLAMA (0 records)
2026-04-23 13:29:30,404 +0000Z  INFO       Table         : OPLTMA (0 records)
2026-04-23 13:29:30,404 +0000Z  INFO       Table         : OPMMHD (0 records)
2026-04-23 13:29:30,404 +0000Z  INFO       Table         : OPMMLN (0 records)
2026-04-23 13:29:30,404 +0000Z  INFO       Table         : OPOSTR (0 records)
2026-04-23 13:29:30,404 +0000Z  INFO       Table         : OPOTAB (0 records)
2026-04-23 13:29:30,404 +0000Z  INFO       Table         : OPRBAS (0 records)
2026-04-23 13:29:30,404 +0000Z  INFO       Table         : OPRCEL (0 records)
2026-04-23 13:29:30,404 +0000Z  INFO       Table         : OPRCLI (0 records)
2026-04-23 13:29:30,404 +0000Z  INFO       Table         : OPRCLN (0 records)
2026-04-23 13:29:30,404 +0000Z  INFO       Table         : OPRCLR (0 records)
2026-04-23 13:29:30,405 +0000Z  INFO       Table         : OPRCMO (0 records)
2026-04-23 13:29:30,405 +0000Z  INFO       Table         : OPRCPM (0 records)
2026-04-23 13:29:30,405 +0000Z  INFO       Table         : OPRCRA (0 records)
2026-04-23 13:29:30,405 +0000Z  INFO       Table         : OPRELE (0 records)
2026-04-23 13:29:30,405 +0000Z  INFO       Table         : OPREXL (0 records)
2026-04-23 13:29:30,405 +0000Z  INFO       Table         : OPRICH (0 records)
2026-04-23 13:29:30,405 +0000Z  INFO       Table         : OPRICL (0 records)
2026-04-23 13:29:30,405 +0000Z  INFO       Table         : OPRKVS (0 records)
2026-04-23 13:29:30,405 +0000Z  INFO       Table         : OPRLRP (0 records)
2026-04-23 13:29:30,405 +0000Z  INFO       Table         : OPRMTX (0 records)
2026-04-23 13:29:30,405 +0000Z  INFO       Table         : OPROMC (0 records)
2026-04-23 13:29:30,405 +0000Z  INFO       Table         : OPROMH (0 records)
2026-04-23 13:29:30,405 +0000Z  INFO       Table         : OPROML (0 records)
2026-04-23 13:29:30,405 +0000Z  INFO       Table         : OPROMS (0 records)
2026-04-23 13:29:30,405 +0000Z  INFO       Table         : OPROMT (0 records)
2026-04-23 13:29:30,405 +0000Z  INFO       Table         : OPROMW (0 records)
2026-04-23 13:29:30,405 +0000Z  INFO       Table         : OPROPE (0 records)
2026-04-23 13:29:30,405 +0000Z  INFO       Table         : OPRPLN (0 records)
2026-04-23 13:29:30,405 +0000Z  INFO       Table         : OPRREC (0 records)
2026-04-23 13:29:30,405 +0000Z  INFO       Table         : OPRRED (0 records)
2026-04-23 13:29:30,405 +0000Z  INFO       Table         : OPRSEE (0 records)
2026-04-23 13:29:30,405 +0000Z  INFO       Table         : OPRSEL (0 records)
2026-04-23 13:29:30,405 +0000Z  INFO       Table         : OPRSET (0 records)
2026-04-23 13:29:30,405 +0000Z  INFO       Table         : OPRSTF (0 records)
2026-04-23 13:29:30,405 +0000Z  INFO       Table         : OPRSTM (0 records)
2026-04-23 13:29:30,405 +0000Z  INFO       Table         : OPRSTT (0 records)
2026-04-23 13:29:30,405 +0000Z  INFO       Table         : OPSALE (0 records)
2026-04-23 13:29:30,405 +0000Z  INFO       Table         : OPSCUS (0 records)
2026-04-23 13:29:30,405 +0000Z  INFO       Table         : OPSDMO (0 records)
2026-04-23 13:29:30,405 +0000Z  INFO       Table         : OPSFAC (0 records)
2026-04-23 13:29:30,405 +0000Z  INFO       Table         : OPSITY (0 records)
2026-04-23 13:29:30,405 +0000Z  INFO       Table         : OPSPTY (0 records)
2026-04-23 13:29:30,405 +0000Z  INFO       Table         : OPSTAT (0 records)
2026-04-23 13:29:30,405 +0000Z  INFO       Table         : OPSTED (0 records)
2026-04-23 13:29:30,405 +0000Z  INFO       Table         : OPTMFI (0 records)
2026-04-23 13:29:30,405 +0000Z  INFO       Table         : OPTMML (0 records)
2026-04-23 13:29:30,405 +0000Z  INFO       Table         : OPTRFI (0 records)
2026-04-23 13:29:30,405 +0000Z  INFO       Table         : OPTRML (0 records)
2026-04-23 13:29:30,405 +0000Z  INFO       Table         : OPVCHD (0 records)
2026-04-23 13:29:30,405 +0000Z  INFO       Table         : OPVCLN (0 records)
2026-04-23 13:29:30,405 +0000Z  INFO       Table         : OPWFIN (0 records)
2026-04-23 13:29:30,405 +0000Z  INFO       Table         : ORAADR (0 records)
2026-04-23 13:29:30,405 +0000Z  INFO       Table         : ORACUM (0 records)
2026-04-23 13:29:30,405 +0000Z  INFO       Table         : ORADNR (0 records)
2026-04-23 13:29:30,405 +0000Z  INFO       Table         : ORAHED (0 records)
2026-04-23 13:29:30,405 +0000Z  INFO       Table         : ORAINS (0 records)
2026-04-23 13:29:30,405 +0000Z  INFO       Table         : ORAITM (0 records)
2026-04-23 13:29:30,405 +0000Z  INFO       Table         : ORARCS (0 records)
2026-04-23 13:29:30,405 +0000Z  INFO       Table         : ORDELD (0 records)
2026-04-23 13:29:30,405 +0000Z  INFO       Table         : ORDRSP (0 records)
2026-04-23 13:29:30,405 +0000Z  INFO       Table         : OREPAD (0 records)
2026-04-23 13:29:30,405 +0000Z  INFO       Table         : OREPAR (0 records)
2026-04-23 13:29:30,405 +0000Z  INFO       Table         : ORETUR (0 records)
2026-04-23 13:29:30,405 +0000Z  INFO       Table         : ORHEAD (0 records)
2026-04-23 13:29:30,405 +0000Z  INFO       Table         : ORHIST (0 records)
2026-04-23 13:29:30,405 +0000Z  INFO       Table         : ORINSP (0 records)
2026-04-23 13:29:30,405 +0000Z  INFO       Table         : ORJDCD (0 records)
2026-04-23 13:29:30,405 +0000Z  INFO       Table         : ORLINE (0 records)
2026-04-23 13:29:30,405 +0000Z  INFO       Table         : ORSADR (0 records)
2026-04-23 13:29:30,405 +0000Z  INFO       Table         : ORSCCO (0 records)
2026-04-23 13:29:30,405 +0000Z  INFO       Table         : ORSCCQ (0 records)
2026-04-23 13:29:30,405 +0000Z  INFO       Table         : ORSCIA (0 records)
2026-04-23 13:29:30,405 +0000Z  INFO       Table         : ORSCRA (0 records)
2026-04-23 13:29:30,405 +0000Z  INFO       Table         : ORSCUM (0 records)
2026-04-23 13:29:30,405 +0000Z  INFO       Table         : ORSDMO (0 records)
2026-04-23 13:29:30,405 +0000Z  INFO       Table         : ORSDMP (0 records)
2026-04-23 13:29:30,405 +0000Z  INFO       Table         : ORSDNR (0 records)
2026-04-23 13:29:30,405 +0000Z  INFO       Table         : ORSDOC (0 records)
2026-04-23 13:29:30,405 +0000Z  INFO       Table         : ORSDPA (0 records)
2026-04-23 13:29:30,405 +0000Z  INFO       Table         : ORSFAC (0 records)
2026-04-23 13:29:30,405 +0000Z  INFO       Table         : ORSFSD (0 records)
2026-04-23 13:29:30,405 +0000Z  INFO       Table         : ORSHED (0 records)
2026-04-23 13:29:30,405 +0000Z  INFO       Table         : ORSINS (0 records)
2026-04-23 13:29:30,405 +0000Z  INFO       Table         : ORSITM (0 records)
2026-04-23 13:29:30,405 +0000Z  INFO       Table         : ORSJIT (0 records)
2026-04-23 13:29:30,405 +0000Z  INFO       Table         : ORSNET (0 records)
2026-04-23 13:29:30,405 +0000Z  INFO       Table         : ORSNTN (0 records)
2026-04-23 13:29:30,405 +0000Z  INFO       Table         : ORSORD (0 records)
2026-04-23 13:29:30,405 +0000Z  INFO       Table         : ORSPAC (0 records)
2026-04-23 13:29:30,405 +0000Z  INFO       Table         : ORSPCO (0 records)
2026-04-23 13:29:30,405 +0000Z  INFO       Table         : ORSPPD (0 records)
2026-04-23 13:29:30,405 +0000Z  INFO       Table         : ORSPPM (0 records)
2026-04-23 13:29:30,405 +0000Z  INFO       Table         : ORSPPS (0 records)
2026-04-23 13:29:30,405 +0000Z  INFO       Table         : ORSPPT (0 records)
2026-04-23 13:29:30,405 +0000Z  INFO       Table         : ORSSPP (0 records)
2026-04-23 13:29:30,405 +0000Z  INFO       Table         : ORSTRH (0 records)
2026-04-23 13:29:30,405 +0000Z  INFO       Table         : ORSTYP (0 records)
2026-04-23 13:29:30,405 +0000Z  INFO       Table         : ORWITM (0 records)
2026-04-23 13:29:30,405 +0000Z  INFO       Table         : OSARBS (0 records)
2026-04-23 13:29:30,405 +0000Z  INFO       Table         : OSARTD (0 records)
2026-04-23 13:29:30,405 +0000Z  INFO       Table         : OSASTD (0 records)
2026-04-23 13:29:30,405 +0000Z  INFO       Table         : OSBDIS (0 records)
2026-04-23 13:29:30,405 +0000Z  INFO       Table         : OSBDKP (0 records)
2026-04-23 13:29:30,405 +0000Z  INFO       Table         : OSBDKY (0 records)
2026-04-23 13:29:30,405 +0000Z  INFO       Table         : OSBSTD (0 records)
2026-04-23 13:29:30,405 +0000Z  INFO       Table         : OSBUYE (0 records)
2026-04-23 13:29:30,405 +0000Z  INFO       Table         : OSELAI (0 records)
2026-04-23 13:29:30,405 +0000Z  INFO       Table         : OSELPA (0 records)
2026-04-23 13:29:30,405 +0000Z  INFO       Table         : OSELPG (0 records)
2026-04-23 13:29:30,405 +0000Z  INFO       Table         : OSLOST (0 records)
2026-04-23 13:29:30,405 +0000Z  INFO       Table         : OSLTDM (0 records)
2026-04-23 13:29:30,405 +0000Z  INFO       Table         : OSLTIR (0 records)
2026-04-23 13:29:30,405 +0000Z  INFO       Table         : OSLTPG (0 records)
2026-04-23 13:29:30,405 +0000Z  INFO       Table         : OSLTPT (0 records)
2026-04-23 13:29:30,405 +0000Z  INFO       Table         : OSPFRM (0 records)
2026-04-23 13:29:30,405 +0000Z  INFO       Table         : OSRACC (0 records)
2026-04-23 13:29:30,405 +0000Z  INFO       Table         : OSRASC (0 records)
2026-04-23 13:29:30,405 +0000Z  INFO       Table         : OSRASH (0 records)
2026-04-23 13:29:30,405 +0000Z  INFO       Table         : OSRASK (0 records)
2026-04-23 13:29:30,405 +0000Z  INFO       Table         : OSRASL (0 records)
2026-04-23 13:29:30,405 +0000Z  INFO       Table         : OSRAST (0 records)
2026-04-23 13:29:30,405 +0000Z  INFO       Table         : OSRASV (0 records)
2026-04-23 13:29:30,405 +0000Z  INFO       Table         : OSRESH (0 records)
2026-04-23 13:29:30,405 +0000Z  INFO       Table         : OSRESL (0 records)
2026-04-23 13:29:30,405 +0000Z  INFO       Table         : OSSCFO (0 records)
2026-04-23 13:29:30,405 +0000Z  INFO       Table         : OSSCTD (0 records)
2026-04-23 13:29:30,405 +0000Z  INFO       Table         : OSSCTL (0 records)
2026-04-23 13:29:30,405 +0000Z  INFO       Table         : OSSREC (0 records)
2026-04-23 13:29:30,405 +0000Z  INFO       Table         : OSSRED (0 records)
2026-04-23 13:29:30,405 +0000Z  INFO       Table         : OSSREK (0 records)
2026-04-23 13:29:30,405 +0000Z  INFO       Table         : OSSRES (0 records)
2026-04-23 13:29:30,405 +0000Z  INFO       Table         : OSTORE (0 records)
2026-04-23 13:29:30,405 +0000Z  INFO       Table         : OSTORW (0 records)
2026-04-23 13:29:30,405 +0000Z  INFO       Table         : OSYTXH (0 records)
2026-04-23 13:29:30,405 +0000Z  INFO       Table         : OSYTXL (0 records)
2026-04-23 13:29:30,405 +0000Z  INFO       Table         : OTA105 (0 records)
2026-04-23 13:29:30,405 +0000Z  INFO       Table         : OTA123 (0 records)
2026-04-23 13:29:30,405 +0000Z  INFO       Table         : OTA131 (0 records)
2026-04-23 13:29:30,405 +0000Z  INFO       Table         : OTA132 (0 records)
2026-04-23 13:29:30,405 +0000Z  INFO       Table         : OTA133 (0 records)
2026-04-23 13:29:30,405 +0000Z  INFO       Table         : OTA141 (0 records)
2026-04-23 13:29:30,405 +0000Z  INFO       Table         : OTA510 (0 records)
2026-04-23 13:29:30,405 +0000Z  INFO       Table         : OTA520 (0 records)
2026-04-23 13:29:30,405 +0000Z  INFO       Table         : OTA525 (0 records)
2026-04-23 13:29:30,405 +0000Z  INFO       Table         : OTA950 (0 records)
2026-04-23 13:29:30,405 +0000Z  INFO       Table         : OTAGMA (0 records)
2026-04-23 13:29:30,405 +0000Z  INFO       Table         : OTBSTD (0 records)
2026-04-23 13:29:30,405 +0000Z  INFO       Table         : OTHEAD (0 records)
2026-04-23 13:29:30,405 +0000Z  INFO       Table         : OTHEAX (0 records)
2026-04-23 13:29:30,406 +0000Z  INFO       Table         : OTHISD (0 records)
2026-04-23 13:29:30,406 +0000Z  INFO       Table         : OTHISH (0 records)
2026-04-23 13:29:30,406 +0000Z  INFO       Table         : OTICPY (0 records)
2026-04-23 13:29:30,406 +0000Z  INFO       Table         : OTOPLP (0 records)
2026-04-23 13:29:30,406 +0000Z  INFO       Table         : OTPCON (0 records)
2026-04-23 13:29:30,406 +0000Z  INFO       Table         : OTPRAC (0 records)
2026-04-23 13:29:30,406 +0000Z  INFO       Table         : OTPRID (0 records)
2026-04-23 13:29:30,406 +0000Z  INFO       Table         : OTPRIH (0 records)
2026-04-23 13:29:30,406 +0000Z  INFO       Table         : OTPROJ (0 records)
2026-04-23 13:29:30,406 +0000Z  INFO       Table         : OTRSMS (0 records)
2026-04-23 13:29:30,406 +0000Z  INFO       Table         : OTSALD (0 records)
2026-04-23 13:29:30,406 +0000Z  INFO       Table         : OTTRAN (0 records)
2026-04-23 13:29:30,406 +0000Z  INFO       Table         : OTWRCD (0 records)
2026-04-23 13:29:30,406 +0000Z  INFO       Table         : OTWRLN (0 records)
2026-04-23 13:29:30,406 +0000Z  INFO       Table         : OTWTMD (0 records)
2026-04-23 13:29:30,406 +0000Z  INFO       Table         : OTWTMH (0 records)
2026-04-23 13:29:30,406 +0000Z  INFO       Table         : OWRKSU (0 records)
2026-04-23 13:29:30,406 +0000Z  INFO       Table         : OXADRE (0 records)
2026-04-23 13:29:30,406 +0000Z  INFO       Table         : OXARTI (0 records)
2026-04-23 13:29:30,406 +0000Z  INFO       Table         : OXBETR (0 records)
2026-04-23 13:29:30,406 +0000Z  INFO       Table         : OXBORE (0 records)
2026-04-23 13:29:30,406 +0000Z  INFO       Table         : OXCHRG (0 records)
2026-04-23 13:29:30,406 +0000Z  INFO       Table         : OXCNTR (0 records)
2026-04-23 13:29:30,406 +0000Z  INFO       Table         : OXCOLI (0 records)
2026-04-23 13:29:30,406 +0000Z  INFO       Table         : OXCOPY (0 records)
2026-04-23 13:29:30,406 +0000Z  INFO       Table         : OXGRHE (0 records)
2026-04-23 13:29:30,406 +0000Z  INFO       Table         : OXGRLN (0 records)
2026-04-23 13:29:30,406 +0000Z  INFO       Table         : OXGRPR (0 records)
2026-04-23 13:29:30,406 +0000Z  INFO       Table         : OXHEAD (0 records)
2026-04-23 13:29:30,406 +0000Z  INFO       Table         : OXLICH (0 records)
2026-04-23 13:29:30,406 +0000Z  INFO       Table         : OXLINE (0 records)
2026-04-23 13:29:30,406 +0000Z  INFO       Table         : OXQUOH (0 records)
2026-04-23 13:29:30,406 +0000Z  INFO       Table         : OXSAEQ (0 records)
2026-04-23 13:29:30,406 +0000Z  INFO       Table         : OXSALE (0 records)
2026-04-23 13:29:30,406 +0000Z  INFO       Table         : OXSCTR (0 records)
2026-04-23 13:29:30,406 +0000Z  INFO       Table         : OXSERR (0 records)
2026-04-23 13:29:30,406 +0000Z  INFO       Table         : OXSMCD (0 records)
2026-04-23 13:29:30,406 +0000Z  INFO       Table         : OXSREB (0 records)
2026-04-23 13:29:30,406 +0000Z  INFO       Table         : OXTEMP (0 records)
2026-04-23 13:29:30,406 +0000Z  INFO       Table         : OXXINF (0 records)
2026-04-23 13:29:30,406 +0000Z  INFO       Table         : OXXLIN (0 records)
2026-04-23 13:29:30,406 +0000Z  INFO       Table         : PAIWSC (0 records)
2026-04-23 13:29:30,406 +0000Z  INFO       Table         : PAJWCD (0 records)
2026-04-23 13:29:30,406 +0000Z  INFO       Table         : PAPBRK (0 records)
2026-04-23 13:29:30,406 +0000Z  INFO       Table         : PAYWSS (0 records)
2026-04-23 13:29:30,406 +0000Z  INFO       Table         : PAZSTI (0 records)
2026-04-23 13:29:30,406 +0000Z  INFO       Table         : PDIROL (0 records)
2026-04-23 13:29:30,406 +0000Z  INFO       Table         : PDNHEA (0 records)
2026-04-23 13:29:30,406 +0000Z  INFO       Table         : PDNLIN (0 records)
2026-04-23 13:29:30,406 +0000Z  INFO       Table         : PDNSUB (0 records)
2026-04-23 13:29:30,406 +0000Z  INFO       Table         : PEECAL (0 records)
2026-04-23 13:29:30,406 +0000Z  INFO       Table         : PFTRNS (0 records)
2026-04-23 13:29:30,406 +0000Z  INFO       Table         : PMARCO (0 records)
2026-04-23 13:29:30,406 +0000Z  INFO       Table         : PMS91P (0 records)
2026-04-23 13:29:30,406 +0000Z  INFO       Table         : PPP365 (0 records)
2026-04-23 13:29:30,406 +0000Z  INFO       Table         : PPP900 (0 records)
2026-04-23 13:29:30,406 +0000Z  INFO       Table         : PPPORG (0 records)
2026-04-23 13:29:30,406 +0000Z  INFO       Table         : PPPOSL (0 records)
2026-04-23 13:29:30,406 +0000Z  INFO       Table         : PPPSUB (0 records)
2026-04-23 13:29:30,406 +0000Z  INFO       Table         : PPPWHL (0 records)
2026-04-23 13:29:30,406 +0000Z  INFO       Table         : PPTRNS (0 records)
2026-04-23 13:29:30,406 +0000Z  INFO       Table         : PPW190 (0 records)
2026-04-23 13:29:30,406 +0000Z  INFO       Table         : PPW191 (0 records)
2026-04-23 13:29:30,406 +0000Z  INFO       Table         : PPW192 (0 records)
2026-04-23 13:29:30,406 +0000Z  INFO       Table         : PPW193 (0 records)
2026-04-23 13:29:30,406 +0000Z  INFO       Table         : PPW953 (0 records)
2026-04-23 13:29:30,406 +0000Z  INFO       Table         : PRICAT (0 records)
2026-04-23 13:29:30,406 +0000Z  INFO       Table         : PWQWSC (0 records)
2026-04-23 13:29:30,406 +0000Z  INFO       Table         : QMSDLE (0 records)
2026-04-23 13:29:30,406 +0000Z  INFO       Table         : QMSDOC (0 records)
2026-04-23 13:29:30,406 +0000Z  INFO       Table         : QMSENT (0 records)
2026-04-23 13:29:30,406 +0000Z  INFO       Table         : QMSISD (0 records)
2026-04-23 13:29:30,406 +0000Z  INFO       Table         : QMSLAB (0 records)
2026-04-23 13:29:30,406 +0000Z  INFO       Table         : QMSMIN (0 records)
2026-04-23 13:29:30,406 +0000Z  INFO       Table         : QMSMUR (0 records)
2026-04-23 13:29:30,406 +0000Z  INFO       Table         : QMSNQD (0 records)
2026-04-23 13:29:30,406 +0000Z  INFO       Table         : QMSNQH (0 records)
2026-04-23 13:29:30,406 +0000Z  INFO       Table         : QMSOSP (0 records)
2026-04-23 13:29:30,406 +0000Z  INFO       Table         : QMSOTS (0 records)
2026-04-23 13:29:30,406 +0000Z  INFO       Table         : QMSQGP (0 records)
2026-04-23 13:29:30,406 +0000Z  INFO       Table         : QMSQLC (0 records)
2026-04-23 13:29:30,406 +0000Z  INFO       Table         : QMSQPL (0 records)
2026-04-23 13:29:30,406 +0000Z  INFO       Table         : QMSQPW (0 records)
2026-04-23 13:29:30,406 +0000Z  INFO       Table         : QMSRNS (0 records)
2026-04-23 13:29:30,406 +0000Z  INFO       Table         : QMSRQH (0 records)
2026-04-23 13:29:30,406 +0000Z  INFO       Table         : QMSRQS (0 records)
2026-04-23 13:29:30,406 +0000Z  INFO       Table         : QMSRQT (0 records)
2026-04-23 13:29:30,406 +0000Z  INFO       Table         : QMSRSN (0 records)
2026-04-23 13:29:30,406 +0000Z  INFO       Table         : QMSSAP (0 records)
2026-04-23 13:29:30,406 +0000Z  INFO       Table         : QMSSET (0 records)
2026-04-23 13:29:30,406 +0000Z  INFO       Table         : QMSSMT (0 records)
2026-04-23 13:29:30,406 +0000Z  INFO       Table         : QMSSPE (0 records)
2026-04-23 13:29:30,406 +0000Z  INFO       Table         : QMSTCL (0 records)
2026-04-23 13:29:30,406 +0000Z  INFO       Table         : QMSTRE (0 records)
2026-04-23 13:29:30,406 +0000Z  INFO       Table         : QMSTRS (0 records)
2026-04-23 13:29:30,406 +0000Z  INFO       Table         : QMSTST (0 records)
2026-04-23 13:29:30,406 +0000Z  INFO       Table         : QMSTTP (0 records)
2026-04-23 13:29:30,406 +0000Z  INFO       Table         : QQARTI (0 records)
2026-04-23 13:29:30,406 +0000Z  INFO       Table         : QQTMIT (0 records)
2026-04-23 13:29:30,406 +0000Z  INFO       Table         : QQTOOL (0 records)
2026-04-23 13:29:30,406 +0000Z  INFO       Table         : QQTOTI (0 records)
2026-04-23 13:29:30,406 +0000Z  INFO       Table         : QTAXLN (0 records)
2026-04-23 13:29:30,406 +0000Z  INFO       Table         : QUADDI (0 records)
2026-04-23 13:29:30,406 +0000Z  INFO       Table         : QUADRE (0 records)
2026-04-23 13:29:30,406 +0000Z  INFO       Table         : QUAKIT (0 records)
2026-04-23 13:29:30,406 +0000Z  INFO       Table         : QUARBO (0 records)
2026-04-23 13:29:30,406 +0000Z  INFO       Table         : QUATTE (0 records)
2026-04-23 13:29:30,406 +0000Z  INFO       Table         : QUCADD (0 records)
2026-04-23 13:29:30,406 +0000Z  INFO       Table         : QUCAMP (0 records)
2026-04-23 13:29:30,406 +0000Z  INFO       Table         : QUCCAM (0 records)
2026-04-23 13:29:30,407 +0000Z  INFO       Table         : QUCFIN (0 records)
2026-04-23 13:29:30,407 +0000Z  INFO       Table         : QUCHRG (0 records)
2026-04-23 13:29:30,407 +0000Z  INFO       Table         : QUCMAI (0 records)
2026-04-23 13:29:30,407 +0000Z  INFO       Table         : QUCONF (0 records)
2026-04-23 13:29:30,407 +0000Z  INFO       Table         : QUCONS (0 records)
2026-04-23 13:29:30,407 +0000Z  INFO       Table         : QUCONT (0 records)
2026-04-23 13:29:30,407 +0000Z  INFO       Table         : QUCSER (0 records)
2026-04-23 13:29:30,407 +0000Z  INFO       Table         : QUCUSE (0 records)
2026-04-23 13:29:30,407 +0000Z  INFO       Table         : QUCWAR (0 records)
2026-04-23 13:29:30,407 +0000Z  INFO       Table         : QUFINA (0 records)
2026-04-23 13:29:30,407 +0000Z  INFO       Table         : QUGROP (0 records)
2026-04-23 13:29:30,407 +0000Z  INFO       Table         : QUHEAD (0 records)
2026-04-23 13:29:30,407 +0000Z  INFO       Table         : QULAUS (0 records)
2026-04-23 13:29:30,407 +0000Z  INFO       Table         : QULINE (0 records)
2026-04-23 13:29:30,407 +0000Z  INFO       Table         : QUMAIA (0 records)
2026-04-23 13:29:30,407 +0000Z  INFO       Table         : QUPRCO (0 records)
2026-04-23 13:29:30,407 +0000Z  INFO       Table         : QUPROS (0 records)
2026-04-23 13:29:30,407 +0000Z  INFO       Table         : QUQUTY (0 records)
2026-04-23 13:29:30,407 +0000Z  INFO       Table         : QURELA (0 records)
2026-04-23 13:29:30,407 +0000Z  INFO       Table         : QUSERV (0 records)
2026-04-23 13:29:30,407 +0000Z  INFO       Table         : QUSMNG (0 records)
2026-04-23 13:29:30,407 +0000Z  INFO       Table         : QUSMPS (0 records)
2026-04-23 13:29:30,407 +0000Z  INFO       Table         : QUTAMA (0 records)
2026-04-23 13:29:30,407 +0000Z  INFO       Table         : QUTRAD (0 records)
2026-04-23 13:29:30,407 +0000Z  INFO       Table         : QUWARR (0 records)
2026-04-23 13:29:30,407 +0000Z  INFO       Table         : QWHEAD (0 records)
2026-04-23 13:29:30,407 +0000Z  INFO       Table         : RSYTXH (0 records)
2026-04-23 13:29:30,407 +0000Z  INFO       Table         : RSYTXL (0 records)
2026-04-23 13:29:30,407 +0000Z  INFO       Table         : SAADJT (0 records)
2026-04-23 13:29:30,407 +0000Z  INFO       Table         : SAADRE (0 records)
2026-04-23 13:29:30,407 +0000Z  INFO       Table         : SAAGPR (0 records)
2026-04-23 13:29:30,407 +0000Z  INFO       Table         : SAARCO (0 records)
2026-04-23 13:29:30,407 +0000Z  INFO       Table         : SADDEQ (0 records)
2026-04-23 13:29:30,407 +0000Z  INFO       Table         : SADOCU (0 records)
2026-04-23 13:29:30,407 +0000Z  INFO       Table         : SAGADJ (0 records)
2026-04-23 13:29:30,407 +0000Z  INFO       Table         : SAGCON (0 records)
2026-04-23 13:29:30,407 +0000Z  INFO       Table         : SAGITM (0 records)
2026-04-23 13:29:30,407 +0000Z  INFO       Table         : SAGOTP (0 records)
2026-04-23 13:29:30,407 +0000Z  INFO       Table         : SAGSTP (0 records)
2026-04-23 13:29:30,407 +0000Z  INFO       Table         : SAGTYP (0 records)
2026-04-23 13:29:30,407 +0000Z  INFO       Table         : SAHCHR (0 records)
2026-04-23 13:29:30,407 +0000Z  INFO       Table         : SAHEAD (0 records)
2026-04-23 13:29:30,407 +0000Z  INFO       Table         : SALCHR (0 records)
2026-04-23 13:29:30,407 +0000Z  INFO       Table         : SALINE (0 records)
2026-04-23 13:29:30,407 +0000Z  INFO       Table         : SALOCA (0 records)
2026-04-23 13:29:30,407 +0000Z  INFO       Table         : SAMPSD (0 records)
2026-04-23 13:29:30,407 +0000Z  INFO       Table         : SAMPSH (0 records)
2026-04-23 13:29:30,407 +0000Z  INFO       Table         : SAPRIL (0 records)
2026-04-23 13:29:30,407 +0000Z  INFO       Table         : SAQUOH (0 records)
2026-04-23 13:29:30,407 +0000Z  INFO       Table         : SARENA (0 records)
2026-04-23 13:29:30,407 +0000Z  INFO       Table         : SARLAD (0 records)
2026-04-23 13:29:30,407 +0000Z  INFO       Table         : SARPIT (0 records)
2026-04-23 13:29:30,407 +0000Z  INFO       Table         : SARTEC (0 records)
2026-04-23 13:29:30,407 +0000Z  INFO       Table         : SASSTP (0 records)
2026-04-23 13:29:30,407 +0000Z  INFO       Table         : SATLAD (0 records)
2026-04-23 13:29:30,407 +0000Z  INFO       Table         : SATYDO (0 records)
2026-04-23 13:29:30,407 +0000Z  INFO       Table         : SAVLCD (0 records)
2026-04-23 13:29:30,407 +0000Z  INFO       Table         : SBTYPE (0 records)
2026-04-23 13:29:30,407 +0000Z  INFO       Table         : SCIXTP (0 records)
2026-04-23 13:29:30,407 +0000Z  INFO       Table         : SCMPSD (0 records)
2026-04-23 13:29:30,407 +0000Z  INFO       Table         : SCMPSH (0 records)
2026-04-23 13:29:30,407 +0000Z  INFO       Table         : SCOMPE (0 records)
2026-04-23 13:29:30,407 +0000Z  INFO       Table         : SDHEAD (0 records)
2026-04-23 13:29:30,407 +0000Z  INFO       Table         : SDLINE (0 records)
2026-04-23 13:29:30,407 +0000Z  INFO       Table         : SDLOCA (0 records)
2026-04-23 13:29:30,407 +0000Z  INFO       Table         : SDOADR (0 records)
2026-04-23 13:29:30,407 +0000Z  INFO       Table         : SEQUIP (0 records)
2026-04-23 13:29:30,407 +0000Z  INFO       Table         : SERACT (0 records)
2026-04-23 13:29:30,407 +0000Z  INFO       Table         : SERCOD (0 records)
2026-04-23 13:29:30,407 +0000Z  INFO       Table         : SERSYM (0 records)
2026-04-23 13:29:30,407 +0000Z  INFO       Table         : SESLAD (0 records)
2026-04-23 13:29:30,407 +0000Z  INFO       Table         : SESTRG (0 records)
2026-04-23 13:29:30,407 +0000Z  INFO       Table         : SEXCHG (0 records)
2026-04-23 13:29:30,407 +0000Z  INFO       Table         : SFALOC (0 records)
2026-04-23 13:29:30,407 +0000Z  INFO       Table         : SFALOD (0 records)
2026-04-23 13:29:30,407 +0000Z  INFO       Table         : SGCMPN (0 records)
2026-04-23 13:29:30,407 +0000Z  INFO       Table         : SGDIPO (0 records)
2026-04-23 13:29:30,407 +0000Z  INFO       Table         : SGDISY (0 records)
2026-04-23 13:29:30,407 +0000Z  INFO       Table         : SGDLNG (0 records)
2026-04-23 13:29:30,407 +0000Z  INFO       Table         : SGDMTX (0 records)
2026-04-23 13:29:30,407 +0000Z  INFO       Table         : SIDHED (0 records)
2026-04-23 13:29:30,407 +0000Z  INFO       Table         : SIDMAT (0 records)
2026-04-23 13:29:30,407 +0000Z  INFO       Table         : SIIRPT (0 records)
2026-04-23 13:29:30,407 +0000Z  INFO       Table         : SINACC (0 records)
2026-04-23 13:29:30,407 +0000Z  INFO       Table         : SINDDO (0 records)
2026-04-23 13:29:30,407 +0000Z  INFO       Table         : SINDIA (0 records)
2026-04-23 13:29:30,407 +0000Z  INFO       Table         : SINDII (0 records)
2026-04-23 13:29:30,407 +0000Z  INFO       Table         : SINDIV (0 records)
2026-04-23 13:29:30,407 +0000Z  INFO       Table         : SINDMD (0 records)
2026-04-23 13:29:30,407 +0000Z  INFO       Table         : SINDME (0 records)
2026-04-23 13:29:30,407 +0000Z  INFO       Table         : SINMEV (0 records)
2026-04-23 13:29:30,407 +0000Z  INFO       Table         : SINMOD (0 records)
2026-04-23 13:29:30,407 +0000Z  INFO       Table         : SINMRD (0 records)
2026-04-23 13:29:30,407 +0000Z  INFO       Table         : SINMRH (0 records)
2026-04-23 13:29:30,407 +0000Z  INFO       Table         : SINMTR (0 records)
2026-04-23 13:29:30,407 +0000Z  INFO       Table         : SINROR (0 records)
2026-04-23 13:29:30,407 +0000Z  INFO       Table         : SINSLD (0 records)
2026-04-23 13:29:30,407 +0000Z  INFO       Table         : SINTRA (0 records)
2026-04-23 13:29:30,407 +0000Z  INFO       Table         : SINTRE (0 records)
2026-04-23 13:29:30,407 +0000Z  INFO       Table         : SINVER (0 records)
2026-04-23 13:29:30,407 +0000Z  INFO       Table         : SINVME (0 records)
2026-04-23 13:29:30,407 +0000Z  INFO       Table         : SINVMT (0 records)
2026-04-23 13:29:30,407 +0000Z  INFO       Table         : SIPRIL (0 records)
2026-04-23 13:29:30,407 +0000Z  INFO       Table         : SITCMD (0 records)
2026-04-23 13:29:30,407 +0000Z  INFO       Table         : SITCME (0 records)
2026-04-23 13:29:30,407 +0000Z  INFO       Table         : SITCOM (0 records)
2026-04-23 13:29:30,407 +0000Z  INFO       Table         : SITLAD (0 records)
2026-04-23 13:29:30,407 +0000Z  INFO       Table         : SITMOD (0 records)
2026-04-23 13:29:30,407 +0000Z  INFO       Table         : SITPOP (0 records)
2026-04-23 13:29:30,407 +0000Z  INFO       Table         : SITWHC (0 records)
2026-04-23 13:29:30,407 +0000Z  INFO       Table         : SJDOCU (0 records)
2026-04-23 13:29:30,407 +0000Z  INFO       Table         : SJOCHR (0 records)
2026-04-23 13:29:30,407 +0000Z  INFO       Table         : SKITCH (0 records)
2026-04-23 13:29:30,407 +0000Z  INFO       Table         : SKITDO (0 records)
2026-04-23 13:29:30,407 +0000Z  INFO       Table         : SKITHE (0 records)
2026-04-23 13:29:30,407 +0000Z  INFO       Table         : SKITLN (0 records)
2026-04-23 13:29:30,407 +0000Z  INFO       Table         : SKITVA (0 records)
2026-04-23 13:29:30,407 +0000Z  INFO       Table         : SKTCVA (0 records)
2026-04-23 13:29:30,407 +0000Z  INFO       Table         : SLICHW (0 records)
2026-04-23 13:29:30,407 +0000Z  INFO       Table         : SMECOD (0 records)
2026-04-23 13:29:30,407 +0000Z  INFO       Table         : SMESCU (0 records)
2026-04-23 13:29:30,407 +0000Z  INFO       Table         : SMETXT (0 records)
2026-04-23 13:29:30,407 +0000Z  INFO       Table         : SMWCON (0 records)
2026-04-23 13:29:30,407 +0000Z  INFO       Table         : SOARCO (0 records)
2026-04-23 13:29:30,407 +0000Z  INFO       Table         : SOATAC (0 records)
2026-04-23 13:29:30,407 +0000Z  INFO       Table         : SOMAIL (0 records)
2026-04-23 13:29:30,407 +0000Z  INFO       Table         : SOQUOH (0 records)
2026-04-23 13:29:30,407 +0000Z  INFO       Table         : SOSTME (0 records)
2026-04-23 13:29:30,407 +0000Z  INFO       Table         : SOWAST (0 records)
2026-04-23 13:29:30,407 +0000Z  INFO       Table         : SPADJA (0 records)
2026-04-23 13:29:30,407 +0000Z  INFO       Table         : SPADJT (0 records)
2026-04-23 13:29:30,407 +0000Z  INFO       Table         : SPICLI (0 records)
2026-04-23 13:29:30,407 +0000Z  INFO       Table         : SPITTP (0 records)
2026-04-23 13:29:30,407 +0000Z  INFO       Table         : SPMACT (0 records)
2026-04-23 13:29:30,407 +0000Z  INFO       Table         : SPMINF (0 records)
2026-04-23 13:29:30,407 +0000Z  INFO       Table         : SPRICE (0 records)
2026-04-23 13:29:30,407 +0000Z  INFO       Table         : SPRICH (0 records)
2026-04-23 13:29:30,407 +0000Z  INFO       Table         : SPRICL (0 records)
2026-04-23 13:29:30,407 +0000Z  INFO       Table         : SPWCON (0 records)
2026-04-23 13:29:30,407 +0000Z  INFO       Table         : SQUAPO (0 records)
2026-04-23 13:29:30,407 +0000Z  INFO       Table         : SQUTEM (0 records)
2026-04-23 13:29:30,407 +0000Z  INFO       Table         : SREMOD (0 records)
2026-04-23 13:29:30,407 +0000Z  INFO       Table         : SSA631 (0 records)
2026-04-23 13:29:30,408 +0000Z  INFO       Table         : SSADEQ (0 records)
2026-04-23 13:29:30,408 +0000Z  INFO       Table         : SSADRE (0 records)
2026-04-23 13:29:30,408 +0000Z  INFO       Table         : SSADTX (0 records)
2026-04-23 13:29:30,408 +0000Z  INFO       Table         : SSAEQ1 (0 records)
2026-04-23 13:29:30,408 +0000Z  INFO       Table         : SSARIV (0 records)
2026-04-23 13:29:30,408 +0000Z  INFO       Table         : SSCUAD (0 records)
2026-04-23 13:29:30,408 +0000Z  INFO       Table         : SSCURP (0 records)
2026-04-23 13:29:30,408 +0000Z  INFO       Table         : SSDVID (0 records)
2026-04-23 13:29:30,408 +0000Z  INFO       Table         : SSE445 (0 records)
2026-04-23 13:29:30,408 +0000Z  INFO       Table         : SSEITM (0 records)
2026-04-23 13:29:30,408 +0000Z  INFO       Table         : SSHEAD (0 records)
2026-04-23 13:29:30,408 +0000Z  INFO       Table         : SSIBDS (0 records)
2026-04-23 13:29:30,408 +0000Z  INFO       Table         : SSIBIS (0 records)
2026-04-23 13:29:30,408 +0000Z  INFO       Table         : SSIDDS (0 records)
2026-04-23 13:29:30,408 +0000Z  INFO       Table         : SSIDIB (0 records)
2026-04-23 13:29:30,408 +0000Z  INFO       Table         : SSILAD (0 records)
2026-04-23 13:29:30,408 +0000Z  INFO       Table         : SSINID (0 records)
2026-04-23 13:29:30,408 +0000Z  INFO       Table         : SSINVA (0 records)
2026-04-23 13:29:30,408 +0000Z  INFO       Table         : SSISID (0 records)
2026-04-23 13:29:30,408 +0000Z  INFO       Table         : SSJOBH (0 records)
2026-04-23 13:29:30,408 +0000Z  INFO       Table         : SSLICH (0 records)
2026-04-23 13:29:30,408 +0000Z  INFO       Table         : SSLICT (0 records)
2026-04-23 13:29:30,408 +0000Z  INFO       Table         : SSLIND (0 records)
2026-04-23 13:29:30,408 +0000Z  INFO       Table         : SSLINE (0 records)
2026-04-23 13:29:30,408 +0000Z  INFO       Table         : SSLIXX (0 records)
2026-04-23 13:29:30,408 +0000Z  INFO       Table         : SSMAIL (0 records)
2026-04-23 13:29:30,408 +0000Z  INFO       Table         : SSO180 (0 records)
2026-04-23 13:29:30,408 +0000Z  INFO       Table         : SSO181 (0 records)
2026-04-23 13:29:30,408 +0000Z  INFO       Table         : SSO182 (0 records)
2026-04-23 13:29:30,408 +0000Z  INFO       Table         : SSO189 (0 records)
2026-04-23 13:29:30,408 +0000Z  INFO       Table         : SSO191 (0 records)
2026-04-23 13:29:30,408 +0000Z  INFO       Table         : SSO332 (0 records)
2026-04-23 13:29:30,408 +0000Z  INFO       Table         : SSO340 (0 records)
2026-04-23 13:29:30,408 +0000Z  INFO       Table         : SSO346 (0 records)
2026-04-23 13:29:30,408 +0000Z  INFO       Table         : SSOCHR (0 records)
2026-04-23 13:29:30,408 +0000Z  INFO       Table         : SSPRPH (0 records)
2026-04-23 13:29:30,408 +0000Z  INFO       Table         : SSRESP (0 records)
2026-04-23 13:29:30,408 +0000Z  INFO       Table         : SSRETM (0 records)
2026-04-23 13:29:30,408 +0000Z  INFO       Table         : SST081 (0 records)
2026-04-23 13:29:30,408 +0000Z  INFO       Table         : SST300 (0 records)
2026-04-23 13:29:30,408 +0000Z  INFO       Table         : SST495 (0 records)
2026-04-23 13:29:30,408 +0000Z  INFO       Table         : SST811 (0 records)
2026-04-23 13:29:30,408 +0000Z  INFO       Table         : SSTECH (0 records)
2026-04-23 13:29:30,408 +0000Z  INFO       Table         : SSTRAL (0 records)
2026-04-23 13:29:30,408 +0000Z  INFO       Table         : SSTYCH (0 records)
2026-04-23 13:29:30,408 +0000Z  INFO       Table         : SSTYDO (0 records)
2026-04-23 13:29:30,408 +0000Z  INFO       Table         : SSTYPE (0 records)
2026-04-23 13:29:30,408 +0000Z  INFO       Table         : SSVAID (0 records)
2026-04-23 13:29:30,408 +0000Z  INFO       Table         : SSYTXH (0 records)
2026-04-23 13:29:30,408 +0000Z  INFO       Table         : SSYTXL (0 records)
2026-04-23 13:29:30,408 +0000Z  INFO       Table         : SSZONE (0 records)
2026-04-23 13:29:30,408 +0000Z  INFO       Table         : ST1350 (0 records)
2026-04-23 13:29:30,408 +0000Z  INFO       Table         : ST6502 (0 records)
2026-04-23 13:29:30,408 +0000Z  INFO       Table         : ST8201 (0 records)
2026-04-23 13:29:30,408 +0000Z  INFO       Table         : STACHR (0 records)
2026-04-23 13:29:30,408 +0000Z  INFO       Table         : STACON (0 records)
2026-04-23 13:29:30,408 +0000Z  INFO       Table         : STADCH (0 records)
2026-04-23 13:29:30,408 +0000Z  INFO       Table         : STADCM (0 records)
2026-04-23 13:29:30,408 +0000Z  INFO       Table         : STAGDN (0 records)
2026-04-23 13:29:30,408 +0000Z  INFO       Table         : STAGHD (0 records)
2026-04-23 13:29:30,408 +0000Z  INFO       Table         : STAGHE (0 records)
2026-04-23 13:29:30,408 +0000Z  INFO       Table         : STAGHH (0 records)
2026-04-23 13:29:30,408 +0000Z  INFO       Table         : STAGHL (0 records)
2026-04-23 13:29:30,408 +0000Z  INFO       Table         : STAGHT (0 records)
2026-04-23 13:29:30,408 +0000Z  INFO       Table         : STAGLI (0 records)
2026-04-23 13:29:30,408 +0000Z  INFO       Table         : STAGLW (0 records)
2026-04-23 13:29:30,408 +0000Z  INFO       Table         : STAGPD (0 records)
2026-04-23 13:29:30,408 +0000Z  INFO       Table         : STAGPH (0 records)
2026-04-23 13:29:30,408 +0000Z  INFO       Table         : STAGPL (0 records)
2026-04-23 13:29:30,408 +0000Z  INFO       Table         : STALIA (0 records)
2026-04-23 13:29:30,408 +0000Z  INFO       Table         : STALIN (0 records)
2026-04-23 13:29:30,408 +0000Z  INFO       Table         : STALRC (0 records)
2026-04-23 13:29:30,408 +0000Z  INFO       Table         : STAOTP (0 records)
2026-04-23 13:29:30,408 +0000Z  INFO       Table         : STARCH (0 records)
2026-04-23 13:29:30,408 +0000Z  INFO       Table         : STARUT (0 records)
2026-04-23 13:29:30,408 +0000Z  INFO       Table         : STAXLN (0 records)
2026-04-23 13:29:30,408 +0000Z  INFO       Table         : STBOIN (0 records)
2026-04-23 13:29:30,408 +0000Z  INFO       Table         : STBOUT (0 records)
2026-04-23 13:29:30,408 +0000Z  INFO       Table         : STCALI (0 records)
2026-04-23 13:29:30,408 +0000Z  INFO       Table         : STCFCU (0 records)
2026-04-23 13:29:30,408 +0000Z  INFO       Table         : STCFLO (0 records)
2026-04-23 13:29:30,408 +0000Z  INFO       Table         : STCFPL (0 records)
2026-04-23 13:29:30,408 +0000Z  INFO       Table         : STCHCU (0 records)
2026-04-23 13:29:30,408 +0000Z  INFO       Table         : STCONT (0 records)
2026-04-23 13:29:30,408 +0000Z  INFO       Table         : STCRPO (0 records)
2026-04-23 13:29:30,408 +0000Z  INFO       Table         : STCURV (0 records)
2026-04-23 13:29:30,408 +0000Z  INFO       Table         : STDEPO (0 records)
2026-04-23 13:29:30,408 +0000Z  INFO       Table         : STDFCH (0 records)
2026-04-23 13:29:30,408 +0000Z  INFO       Table         : STDIAR (0 records)
2026-04-23 13:29:30,408 +0000Z  INFO       Table         : STDPOT (0 records)
2026-04-23 13:29:30,408 +0000Z  INFO       Table         : STEXCH (0 records)
2026-04-23 13:29:30,408 +0000Z  INFO       Table         : STGECO (0 records)
2026-04-23 13:29:30,408 +0000Z  INFO       Table         : STGEIT (0 records)
2026-04-23 13:29:30,408 +0000Z  INFO       Table         : STHCHR (0 records)
2026-04-23 13:29:30,408 +0000Z  INFO       Table         : STHLCH (0 records)
2026-04-23 13:29:30,408 +0000Z  INFO       Table         : STINDE (0 records)
2026-04-23 13:29:30,408 +0000Z  INFO       Table         : STINHE (0 records)
2026-04-23 13:29:30,408 +0000Z  INFO       Table         : STINHS (0 records)
2026-04-23 13:29:30,408 +0000Z  INFO       Table         : STINSH (0 records)
2026-04-23 13:29:30,408 +0000Z  INFO       Table         : STINTH (0 records)
2026-04-23 13:29:30,408 +0000Z  INFO       Table         : STLICH (0 records)
2026-04-23 13:29:30,408 +0000Z  INFO       Table         : STLICP (0 records)
2026-04-23 13:29:30,408 +0000Z  INFO       Table         : STLICT (0 records)
2026-04-23 13:29:30,408 +0000Z  INFO       Table         : STLID1 (0 records)
2026-04-23 13:29:30,408 +0000Z  INFO       Table         : STLIDE (0 records)
2026-04-23 13:29:30,408 +0000Z  INFO       Table         : STLIDO (0 records)
2026-04-23 13:29:30,408 +0000Z  INFO       Table         : STLIND (0 records)
2026-04-23 13:29:30,408 +0000Z  INFO       Table         : STLINK (0 records)
2026-04-23 13:29:30,408 +0000Z  INFO       Table         : STLITR (0 records)
2026-04-23 13:29:30,408 +0000Z  INFO       Table         : STLTMA (0 records)
2026-04-23 13:29:30,408 +0000Z  INFO       Table         : STMETR (0 records)
2026-04-23 13:29:30,408 +0000Z  INFO       Table         : STMPSH (0 records)
2026-04-23 13:29:30,408 +0000Z  INFO       Table         : STOCHR (0 records)
2026-04-23 13:29:30,408 +0000Z  INFO       Table         : STOREX (0 records)
2026-04-23 13:29:30,408 +0000Z  INFO       Table         : STPINV (0 records)
2026-04-23 13:29:30,408 +0000Z  INFO       Table         : STPMOW (0 records)
2026-04-23 13:29:30,408 +0000Z  INFO       Table         : STPMTR (0 records)
2026-04-23 13:29:30,408 +0000Z  INFO       Table         : STPQUA (0 records)
2026-04-23 13:29:30,408 +0000Z  INFO       Table         : STPRIH (0 records)
2026-04-23 13:29:30,408 +0000Z  INFO       Table         : STPRIL (0 records)
2026-04-23 13:29:30,408 +0000Z  INFO       Table         : STPRMM (0 records)
2026-04-23 13:29:30,408 +0000Z  INFO       Table         : STPRMT (0 records)
2026-04-23 13:29:30,408 +0000Z  INFO       Table         : STPRSP (0 records)
2026-04-23 13:29:30,408 +0000Z  INFO       Table         : STPRSV (0 records)
2026-04-23 13:29:30,408 +0000Z  INFO       Table         : STPSDH (0 records)
2026-04-23 13:29:30,408 +0000Z  INFO       Table         : STPSDL (0 records)
2026-04-23 13:29:30,408 +0000Z  INFO       Table         : STPSHE (0 records)
2026-04-23 13:29:30,408 +0000Z  INFO       Table         : STPSLI (0 records)
2026-04-23 13:29:30,408 +0000Z  INFO       Table         : STPSLN (0 records)
2026-04-23 13:29:30,408 +0000Z  INFO       Table         : STPSPR (0 records)
2026-04-23 13:29:30,408 +0000Z  INFO       Table         : STRDRY (0 records)
2026-04-23 13:29:30,408 +0000Z  INFO       Table         : STRECO (0 records)
2026-04-23 13:29:30,408 +0000Z  INFO       Table         : STRERE (0 records)
2026-04-23 13:29:30,408 +0000Z  INFO       Table         : STRHIS (0 records)
2026-04-23 13:29:30,408 +0000Z  INFO       Table         : STRIMD (0 records)
2026-04-23 13:29:30,408 +0000Z  INFO       Table         : STRMTR (0 records)
2026-04-23 13:29:30,408 +0000Z  INFO       Table         : STRMTX (0 records)
2026-04-23 13:29:30,408 +0000Z  INFO       Table         : STRPLN (0 records)
2026-04-23 13:29:30,408 +0000Z  INFO       Table         : STRVCD (0 records)
2026-04-23 13:29:30,409 +0000Z  INFO       Table         : STSHIS (0 records)
2026-04-23 13:29:30,409 +0000Z  INFO       Table         : STSIMV (0 records)
2026-04-23 13:29:30,409 +0000Z  INFO       Table         : STSPLN (0 records)
2026-04-23 13:29:30,409 +0000Z  INFO       Table         : STTRAN (0 records)
2026-04-23 13:29:30,409 +0000Z  INFO       Table         : STTYDO (0 records)
2026-04-23 13:29:30,409 +0000Z  INFO       Table         : STUFVA (0 records)
2026-04-23 13:29:30,409 +0000Z  INFO       Table         : STUPCO (0 records)
2026-04-23 13:29:30,409 +0000Z  INFO       Table         : STUTIL (0 records)
2026-04-23 13:29:30,409 +0000Z  INFO       Table         : STUTIS (0 records)
2026-04-23 13:29:30,409 +0000Z  INFO       Table         : STWHCU (0 records)
2026-04-23 13:29:30,409 +0000Z  INFO       Table         : STWINS (0 records)
2026-04-23 13:29:30,409 +0000Z  INFO       Table         : SWCHCU (0 records)
2026-04-23 13:29:30,409 +0000Z  INFO       Table         : SXADRE (0 records)
2026-04-23 13:29:30,409 +0000Z  INFO       Table         : SXCNTR (0 records)
2026-04-23 13:29:30,409 +0000Z  INFO       Table         : SXHEAD (0 records)
2026-04-23 13:29:30,409 +0000Z  INFO       Table         : SXJOBH (0 records)
2026-04-23 13:29:30,409 +0000Z  INFO       Table         : SXLINE (0 records)
2026-04-23 13:29:30,409 +0000Z  INFO       Table         : SXLIXX (0 records)
2026-04-23 13:29:30,409 +0000Z  INFO       Table         : TCADTP (0 records)
2026-04-23 13:29:30,409 +0000Z  INFO       Table         : TCCCRS (0 records)
2026-04-23 13:29:30,409 +0000Z  INFO       Table         : TCCHKD (0 records)
2026-04-23 13:29:30,409 +0000Z  INFO       Table         : TCCHKH (0 records)
2026-04-23 13:29:30,409 +0000Z  INFO       Table         : TCCSIN (0 records)
2026-04-23 13:29:30,409 +0000Z  INFO       Table         : TCDOCI (0 records)
2026-04-23 13:29:30,409 +0000Z  INFO       Table         : TCERRM (0 records)
2026-04-23 13:29:30,409 +0000Z  INFO       Table         : TCMSGT (0 records)
2026-04-23 13:29:30,409 +0000Z  INFO       Table         : TCPAID (0 records)
2026-04-23 13:29:30,409 +0000Z  INFO       Table         : TCPARM (0 records)
2026-04-23 13:29:30,409 +0000Z  INFO       Table         : USCNTY (0 records)
2026-04-23 13:29:30,409 +0000Z  INFO       Table         : USRWSN (0 records)
2026-04-23 13:29:30,409 +0000Z  INFO       Table         : X31401 (0 records)
2026-04-23 13:29:30,409 +0000Z  INFO       Table         : X31402 (0 records)
2026-04-23 13:29:30,409 +0000Z  INFO       Table         : X31403 (0 records)
2026-04-23 13:29:30,409 +0000Z  INFO       Table         : X31404 (0 records)
2026-04-23 13:29:30,409 +0000Z  INFO       Table         : X31406 (0 records)
2026-04-23 13:29:30,409 +0000Z  INFO       Table         : X31407 (0 records)
2026-04-23 13:29:30,409 +0000Z  INFO       Table         : X31410 (0 records)
2026-04-23 13:29:30,409 +0000Z  INFO       Table         : X31411 (0 records)
2026-04-23 13:29:30,409 +0000Z  INFO       Table         : X31412 (0 records)
2026-04-23 13:29:30,409 +0000Z  INFO       Table         : X31413 (0 records)
2026-04-23 13:29:30,409 +0000Z  INFO       Table         : X31420 (0 records)
2026-04-23 13:29:30,409 +0000Z  INFO       Table         : X31421 (0 records)
2026-04-23 13:29:30,409 +0000Z  INFO       Table         : X31422 (0 records)
2026-04-23 13:29:30,409 +0000Z  INFO       Table         : X31423 (0 records)
2026-04-23 13:29:30,409 +0000Z  INFO       Table         : X31424 (0 records)
2026-04-23 13:29:30,409 +0000Z  INFO       Table         : XI2HEA (0 records)
2026-04-23 13:29:30,409 +0000Z  INFO       Table         : XI2HED (0 records)
2026-04-23 13:29:30,409 +0000Z  INFO       Table         : XI2OPA (0 records)
2026-04-23 13:29:30,409 +0000Z  INFO       Table         : XI2OPE (0 records)
2026-04-23 13:29:30,409 +0000Z  INFO       Table         : XPRBAS (0 records)
2026-04-23 13:29:30,409 +0000Z  INFO       Table         : XPRICL (0 records)
2026-04-23 13:29:30,409 +0000Z  INFO       Table         : XSYDO2 (0 records)
2026-04-23 13:29:30,409 +0000Z  INFO       Table         : XSYDOF (0 records)
2026-04-23 13:29:30,409 +0000Z  INFO       Table         : XSYDOH (0 records)
2026-04-23 13:29:30,409 +0000Z  INFO       Table         : XSYDOL (0 records)
2026-04-23 13:29:30,409 +0000Z  INFO       Table         : ZQYTXH (0 records)
2026-04-23 13:29:30,409 +0000Z  INFO       Table         : ZWLPSC (0 records)
2026-04-23 13:29:30,409 +0000Z  INFO       Table         : ZWMPIS (0 records)
2026-04-23 13:29:30,409 +0000Z  INFO  execute 44375 in 36s. (1,243 row/s)
2026-04-23 13:29:30,492 +0000Z  INFO  Copy Tables finished
2026-04-23 13:29:30,534 +0000Z  INFO  =========================================
2026-04-23 13:29:30,534 +0000Z  INFO  Jcpydta succeeded, total time 0:00:35.853
2026-04-23 13:29:30,534 +0000Z  INFO  =========================================
