"Type","ID","Name","IsDeleted","ptysalesofficelegalname","BillingStreet","BillingCity","BillingState","BillingPostalCode","BillingCountry","BillingLatitude","BillingLongitude","BillingGeocodeAccuracy","BillingAddress","ptysalesofficemailingstreet","ptysalesofficemailingcity","ptysalesofficemailingstateprovince","ptysalesofficemailingzippostalcode","ShippingCountry","ShippingLatitude","ShippingLongitude","ShippingGeocodeAccuracy","ShippingAddress","ptysalesofficeprimarycontactphone","Website","PhotoUrl","Industry","NumberOfEmployees","Description","CreatedDate","LastModifiedDate","SystemModstamp","LastActivityDate","LastViewedDate","LastReferencedDate","IsPartner","ChannelProgramName","ChannelProgramLevelName","Jigsaw","JigsawCompanyId","AccountSource","SicDesc","IsPriorityRecord","IsExcludedFromRealign__c","State_of_Partnership__c","Physical_Mail_Opt_Out__c","Customer_Type__c","Customer_Class__c","Customer_Status__c","School_District__c","ptysalesofficeprimaryid","ptysalesofficesalesdivision","ISP_Office_s_Primary_Division__c","State_City__c","Event__c","Previous_Owner__c","School_Year_Starting_Date__c","School_Year_Ending_Date__c","School_Tier__c","Graduation_Class_Count__c","Verified_MapAnything__Latitude__s","Verified_MapAnything__Longitude__s","Verified_MapAnything__c","Previous_SFDC_Id__c","Account_Group__c","Customer_Number__c","ptysalesofficesalesregion","MDR_PID__c","Current_Membership__c","New_Membership__c","Estimated_Revenues__c","Event_Date__c","LinkedIn_Account__c","Account_Code__c","RAD_Segmentation__c","COUNTY_CODE__c","ACCT_RCVBL_NBR__c","Account_ID_Full__c","LOC_ZIP_CODE__c","LOC_ADDR1__c","LOC_ADDR2__c","EMAIL__c","ATTN_NAME__c","LOC_ST_CODE__c","LOC_COUNTY_CODE__c","LOC_CITY_CODE__c","SALES_REP_FIRST_NAME__c","BUS_LAST_NAME__c","BUS_FIRST_NAME__c","SALES_REP_MIDDLE_INITIAL__c","SALES_REP_LAST_NAME__c","CONTRACT_DIV__c","Overdraft_Amount__c","D_C_Negative_Balance__c","Last_Yr_SY_Rev__c","Near_Term_1_3_Yrs__c","TAM__c","Active_Schools__c","X2024_Saturation__c","Tradeshow__c","ISP_HJ_Service_Date__c","Lifetime_HJ_Tenure__c","MDR_PARENTPID__c","Volume_Level__c","MDR_UPID__c","MDR_Status__c","MDR_Update_Date__c","MDR_Adult_Ed__c","MDR_AP_Offered__c","MDR_AP_Comp_Sci__c","MDR_AP_English__c","MDR_AP_Fine_Arts__c","MDR_AP_Foreign_Lang__c","MDR_AP_Math__c","MDR_AP_Sci__c","MDR_AP_Soc_St__c","MDR_Affiliation__c","MDR_Affluence_Indicator__c","MDR_AIM_Expenditure__c","MDR_Alt_School__c","MDR_Avg_Early_Childhood_Tuition__c","MDR_Blue_Ribbon__c","MDR_Buying_Power__c","MDR_Calendar_System__c","MDR_Canadian_Lang__c","MDR_Capacity__c","MDR_Career_Tech_Ed__c","MDR_Carnegie_Classification__c","MDR_Charter_School__c","MDR_File_Type__c","MDR_High_Grade__c","MDR_Institution_Name__c","MDR_Institution_Full_Name__c","MDR_Highest_Degree_Offered__c","MDR_Low_Grade__c","MDR_CMO_PID__c","MDR_CMO_Parent_PID__c","MDR_Year_Round__c","MDR_Virtual__c","MDR_Undergrad_Tuition__c","MDR_Title_1_Dollars__c","MDR_Phone__c","MDR_Student_Teacher_Ratio__c","MDR_Current_Expenditure__c","MDR_Current_Exp_Per_Pupil_Range__c","MDR_Student_Enrollment__c","MDR_Student_Body_Gender__c","MDR_Record_Type__c","MDR_School_Classification__c","MDR_School_Type__c","MDR_School_URL__c","MDR_District_Classification__c","MDR_Magnet_School__c","MDR_Mailing_Address__c","MDR_Mailing_Carrier_Route_Code__c","MDR_Check_Digit_Delivery_Barcode__c","MDR_Mailing_City__c","MDR_Mailing_State__c","MDR_Poverty_Percent__c","MDR_Population_Served__c","MDR_Mailing_Zip_Code__c","MDR_Mailing_Zip_Ext__c","MDR_Institution_Specific_Desc__c","MDR_Institution_Type_Desc__c","MDR_Universe_Desc__c","MDR_Metro_Status_Desc__c","MDR_Open_Date__c","MDR_NCES_Total_Number_of_Students__c","MDR_Close_Date__c","MDR_College_Bound_Student_Percent__c","MDR_NCES_Locale__c","MDR_NCES_Title_1__c","MDR_Number_of_Classroom_Teachers__c","MDR_ESL__c","MDR_DUNS_Number__c","MDR_College_System__c","MDR_CMO_Number_Of_Schools__c","MDR_CMO_Size__c","MDR_CMO_Type__c","MDR_Core_Base_Service_Area__c","MDR_County_Name__c","MDR_District_Grade_Span__c","MDR_Geocoding_Latitude__c","MDR_Geocoding_Longitude__c","MDR_Professional_Type__c","MDR_Preschool_Offered__c","MDR_IPEDs_Number__c","MDR_International_Baccalaureate__c","MDR_Gifted_and_Talented__c","MDR_Faculty_Size_Range__c","MDR_NCES_ELL_Percent__c","MDR_NCES_Free_Reduced_Lunch_Percent__c","MDR_NCES_High_Grade__c","MDR_NCES_Low_Grade__c","MDR_Daycare_Type__c","MDR_Daycare_Funding__c","MDR_Special_Education_School_Program__c","MDR_Special_Education_Funding_Dollars__c","MDR_Special_Education_Percent_Students__c","MDR_FIPS_State_County_Number__c","MDR_Full_Time_Student_Enrollment__c","MDR_Ethnicity_African_American_Percent__c","MDR_Ethnicity_Asian_Percent__c","MDR_Ethnicity_Caucasian_Percent__c","MDR_Ethnicity_Hispanic_Percent__c","MDR_Ethnicity_Native_American_Percent__c","MDR_NCES_Number_of_Students_By_Grade_10__c","MDR_NCES_Number_of_Students_By_Grade_11__c","MDR_NCES_Number_of_Students_By_Grade_12__c","MDR_NCES_Number_of_Students_By_Grade_1__c","MDR_NCES_Number_of_Students_By_Grade_Un__c","MDR_NCES_Number_of_Students_By_Grade_2__c","MDR_NCES_Number_of_Students_By_Grade_3__c","MDR_NCES_Number_of_Students_By_Grade_4__c","MDR_NCES_Number_of_Students_By_Grade_5__c","MDR_NCES_Number_of_Students_By_Grade_PK__c","MDR_NCES_Number_of_Students_By_Grade_KG__c","MDR_NCES_Number_of_Students_By_Grade_6__c","MDR_NCES_Number_of_Students_By_Grade_7__c","MDR_NCES_Number_of_Students_By_Grade_8__c","MDR_NCES_Number_of_Students_By_Grade_9__c","MDR_Mailing_Check_Delivery_Barcode__c","Ultimate_Parent_Account__c","ptysalesofficestatus","Estimated_Grad_Count__c","Opportunity_Count__c","Dual_Rep__c","Opportunity_Total__c","SY_Start_Date__c","PowerBIDashFilterAR__c","Bookstore_Type__c","Revenue_Space__c","Amount_in_Hierarchy__c","Directly_Managed_by_RSD__c","Legacy_School__c","RSC_Partner__c","RSC_Coordinator__c","NCES_ID__c","Permanently_Closed__c","NCAA_Conference_Acct__c","Project_Reporting_Tags__c","District_Level_Diplomas__c","RecordType","NOW","ptysalesofficeid","ptysalesofficepublicname"
"salesoffice","","","FALSE","CREST AND KEY CAMPUS COLLECTIVE, INC. #4548","531 Main Street #688","El Segundo","California","90245","United States","","","","{
  ""city"": ""El Segundo"",
  ""country"": ""United States"",
  ""countryCode"": ""US"",
  ""geocodeAccuracy"": null,
  ""latitude"": null,
  ""longitude"": null,
  ""postalCode"": ""90245"",
  ""state"": ""California"",
  ""stateCode"": ""CA"",
  ""street"": ""531 Main Street #688""
}","531 Main Street #688","El Segundo","California","90245","United States","","","","{
  ""city"": ""El Segundo"",
  ""country"": ""United States"",
  ""countryCode"": ""US"",
  ""geocodeAccuracy"": null,
  ""latitude"": null,
  ""longitude"": null,
  ""postalCode"": ""90245"",
  ""state"": ""California"",
  ""stateCode"": ""CA"",
  ""street"": ""531 Main Street #688""
}","","","/services/images/photo/001Ui00000vMmQAIA0","","","","2026-04-09 9:24:31 AM","2026-04-17 3:57:03 PM","2026-04-17 3:57:03 PM","","","","FALSE","","","","","","","FALSE","FALSE","","FALSE","","","","","4548","College","","California - El Segundo","","","","","","","","","","","","","West","","","","","","","","","","","001Ui00000vMmQAIA0","","","","","","","","","","","","","","","","","","","","","","","","","","","","","","","","","","","","","","","","","","","","","","","","","","","","","","","","","","","","","","","","","","","","","","","","","","","","","","","","","","","","","","","","","","","","","","","","","","","","","","","","","","","","","","","","","","","","","","","","","","","","","","","","","","","","","","","","","","","","","","","","","001Ui00000vMmQAIA0","Active","","0","FALSE","1899-12-30","","county summary query/Acct_Rcvbl_Nbr in* 'VALUE(Customer_Number__c)'","","","0","FALSE","FALSE","FALSE","","","","","","FALSE","{
  ""attributes"": {
    ""type"": ""RecordType"",
    ""url"": ""/services/data/v61.0/sobjects/RecordType/012Hr0000008HfoIAE""
  },
  ""Id"": ""012Hr0000008HfoIAE"",
  ""Name"": ""ISP Office""
}","2026-04-18 7:05:44 AM","A0616631","CREST AND KEY CAMPUS COLLECTIVE, INC. #4548"
"salesoffice","","","FALSE","JENNIFER BELCHER #4547","","","","","United States","","","","{
  ""city"": null,
  ""country"": ""United States"",
  ""countryCode"": ""US"",
  ""geocodeAccuracy"": null,
  ""latitude"": null,
  ""longitude"": null,
  ""postalCode"": null,
  ""state"": null,
  ""stateCode"": null,
  ""street"": null
}","","","","","United States","","","","{
  ""city"": null,
  ""country"": ""United States"",
  ""countryCode"": ""US"",
  ""geocodeAccuracy"": null,
  ""latitude"": null,
  ""longitude"": null,
  ""postalCode"": null,
  ""state"": null,
  ""stateCode"": null,
  ""street"": null
}","","","/services/images/photo/001Ui00000vN0PtIAK","","","","2026-04-09 9:23:50 AM","2026-04-09 9:25:11 AM","2026-04-09 9:25:11 AM","","","","FALSE","","","","","","","FALSE","FALSE","","FALSE","","","","","4547","College","","Missing State - Missing City","","","","","","","","","","","","","East","","","","","","","","","","","001Ui00000vN0PtIAK","","","","","","","","","","","","","","","","","","","","","","","","","","","","","","","","","","","","","","","","","","","","","","","","","","","","","","","","","","","","","","","","","","","","","","","","","","","","","","","","","","","","","","","","","","","","","","","","","","","","","","","","","","","","","","","","","","","","","","","","","","","","","","","","","","","","","","","","","","","","","","","","","001Ui00000vN0PtIAK","Active","","0","FALSE","1899-12-30","","county summary query/Acct_Rcvbl_Nbr in* 'VALUE(Customer_Number__c)'","","","0","FALSE","FALSE","FALSE","","","","","","FALSE","{
  ""attributes"": {
    ""type"": ""RecordType"",
    ""url"": ""/services/data/v61.0/sobjects/RecordType/012Hr0000008HfoIAE""
  },
  ""Id"": ""012Hr0000008HfoIAE"",
  ""Name"": ""ISP Office""
}","2026-04-18 7:05:44 AM","A0616632","JENNIFER BELCHER #4547"
"salesoffice","","","FALSE","HERFF JONES SOUTH CAROLINA #5040","348 Feaster Road","Greenville","South Carolina","29615","United States","","","","{
  ""city"": ""Greenville"",
  ""country"": ""United States"",
  ""countryCode"": ""US"",
  ""geocodeAccuracy"": null,
  ""latitude"": null,
  ""longitude"": null,
  ""postalCode"": ""29615"",
  ""state"": ""South Carolina"",
  ""stateCode"": ""SC"",
  ""street"": ""348 Feaster Road""
}","348 Feaster Road","Greenville","South Carolina","29615","United States","","","","{
  ""city"": ""Greenville"",
  ""country"": ""United States"",
  ""countryCode"": ""US"",
  ""geocodeAccuracy"": null,
  ""latitude"": null,
  ""longitude"": null,
  ""postalCode"": ""29615"",
  ""state"": ""South Carolina"",
  ""stateCode"": ""SC"",
  ""street"": ""348 Feaster Road""
}","","","/services/images/photo/001Ui00000jjNg5IAE","","","","2025-12-03 10:11:58 AM","2026-04-09 9:27:37 AM","2026-04-09 7:51:03 PM","2026-04-09","","","TRUE","","","","","","","FALSE","FALSE","","FALSE","","","","","5040","K12 Scholastic","","South Carolina - Greenville","","","","","","","","","","","","","East","","","","","","","","","","","001Ui00000jjNg5IAE","","","","","","","","","","","","","","","","","","","","","","","","","","","","","","","","","","","","","","","","","","","","","","","","","","","","","","","","","","","","","","","","","","","","","","","","","","","","","","","","","","","","","","","","","","","","","","","","","","","","","","","","","","","","","","","","","","","","","","","","","","","","","","","","","","","","","","","","","","","","","","","","","001Ui00000jjNg5IAE","Active","","0","FALSE","1899-12-30","","county summary query/Acct_Rcvbl_Nbr in* 'VALUE(Customer_Number__c)'","","","0","FALSE","FALSE","TRUE","","","","","","FALSE","{
  ""attributes"": {
    ""type"": ""RecordType"",
    ""url"": ""/services/data/v61.0/sobjects/RecordType/012Hr0000008HfoIAE""
  },
  ""Id"": ""012Hr0000008HfoIAE"",
  ""Name"": ""ISP Office""
}","2026-04-18 7:06:01 AM","A0616389","HERFF JONES SOUTH CAROLINA #5040"
"salesoffice","","","FALSE","HERFF JONES OF LAS VEGAS #5039","6000 South Eastern Avenue
SUITE 9B","Las Vegas","Nevada","89119","United States","","","","{
  ""city"": ""Las Vegas"",
  ""country"": ""United States"",
  ""countryCode"": ""US"",
  ""geocodeAccuracy"": null,
  ""latitude"": null,
  ""longitude"": null,
  ""postalCode"": ""89119"",
  ""state"": ""Nevada"",
  ""stateCode"": ""NV"",
  ""street"": ""6000 South Eastern Avenue\r\nSUITE 9B""
}","6000 South Eastern Avenue
SUITE 9B","Las Vegas","Nevada","89130","United States","","","","{
  ""city"": ""Las Vegas"",
  ""country"": ""United States"",
  ""countryCode"": ""US"",
  ""geocodeAccuracy"": null,
  ""latitude"": null,
  ""longitude"": null,
  ""postalCode"": ""89130"",
  ""state"": ""Nevada"",
  ""stateCode"": ""NV"",
  ""street"": ""6000 South Eastern Avenue\r\nSUITE 9B""
}","","","/services/images/photo/001Ui00000dhfuMIAQ","","","","2025-09-15 2:13:35 PM","2026-03-23 12:00:30 PM","2026-03-23 12:00:30 PM","2025-11-08","","","FALSE","","","","","","","FALSE","FALSE","","FALSE","","","","","5039","K12 Scholastic","","Nevada - Las Vegas","","","","","","","","","","","","","West","","","","","","","","","","","001Ui00000dhfuMIAQ","","","","","","","","","","","","","","","","","","","","","","","","","","","","","","","","","","","","","","","","","","","","","","","","","","","","","","","","","","","","","","","","","","","","","","","","","","","","","","","","","","","","","","","","","","","","","","","","","","","","","","","","","","","","","","","","","","","","","","","","","","","","","","","","","","","","","","","","","","","","","","","","","001Ui00000dhfuMIAQ","Active","","0","FALSE","1899-12-30","","county summary query/Acct_Rcvbl_Nbr in* 'VALUE(Customer_Number__c)'","","","0","TRUE","FALSE","TRUE","","","","","","FALSE","{
  ""attributes"": {
    ""type"": ""RecordType"",
    ""url"": ""/services/data/v61.0/sobjects/RecordType/012Hr0000008HfoIAE""
  },
  ""Id"": ""012Hr0000008HfoIAE"",
  ""Name"": ""ISP Office""
}","2026-04-18 7:06:06 AM","A0616390","HERFF JONES OF LAS VEGAS #5039"
"salesoffice","","","FALSE","HERFF JONES KANSAS #5036","West 135th Street
#126","Olathe","Kansas","","United States","","","","{
  ""city"": ""Olathe"",
  ""country"": ""United States"",
  ""countryCode"": ""US"",
  ""geocodeAccuracy"": null,
  ""latitude"": null,
  ""longitude"": null,
  ""postalCode"": null,
  ""state"": ""Kansas"",
  ""stateCode"": ""KS"",
  ""street"": ""West 135th Street\r\n#126""
}","West 135th Street
#126","Olathe","Kansas","","United States","","","","{
  ""city"": ""Olathe"",
  ""country"": ""United States"",
  ""countryCode"": ""US"",
  ""geocodeAccuracy"": null,
  ""latitude"": null,
  ""longitude"": null,
  ""postalCode"": null,
  ""state"": ""Kansas"",
  ""stateCode"": ""KS"",
  ""street"": ""West 135th Street\r\n#126""
}","","","/services/images/photo/001Ui00000dhrNeIAI","","","","2025-09-15 2:11:21 PM","2026-03-23 11:59:53 AM","2026-04-10 1:21:37 PM","2026-06-23","","","FALSE","","","","","","","FALSE","FALSE","","FALSE","","","","","5036","K12 Scholastic","","Kansas - Olathe","","","","","","","","","","","","","West","","","","","","","","","","","001Ui00000dhrNeIAI","","","","","","","","","","","","","","","","","","","","","","","","","","","","","","","","","","","","","","","","","","","","","","","","","","","","","","","","","","","","","","","","","","","","","","","","","","","","","","","","","","","","","","","","","","","","","","","","","","","","","","","","","","","","","","","","","","","","","","","","","","","","","","","","","","","","","","","","","","","","","","","","","001Ui00000dhrNeIAI","Active","","0","FALSE","1899-12-30","","county summary query/Acct_Rcvbl_Nbr in* 'VALUE(Customer_Number__c)'","","","0","TRUE","FALSE","TRUE","","","","","","FALSE","{
  ""attributes"": {
    ""type"": ""RecordType"",
    ""url"": ""/services/data/v61.0/sobjects/RecordType/012Hr0000008HfoIAE""
  },
  ""Id"": ""012Hr0000008HfoIAE"",
  ""Name"": ""ISP Office""
}","2026-04-18 7:06:06 AM","A0616391","HERFF JONES KANSAS #5036"
"salesoffice","","","FALSE","HERFF JONES SOCAL #5038","14755 Burbank Boulevard
APT 219","Los Angeles","California","91411","United States","","","","{
  ""city"": ""Los Angeles"",
  ""country"": ""United States"",
  ""countryCode"": ""US"",
  ""geocodeAccuracy"": null,
  ""latitude"": null,
  ""longitude"": null,
  ""postalCode"": ""91411"",
  ""state"": ""California"",
  ""stateCode"": ""CA"",
  ""street"": ""14755 Burbank Boulevard\r\nAPT 219""
}","14755 Burbank Boulevard
APT 219","Los Angeles","California","91411","United States","","","","{
  ""city"": ""Los Angeles"",
  ""country"": ""United States"",
  ""countryCode"": ""US"",
  ""geocodeAccuracy"": null,
  ""latitude"": null,
  ""longitude"": null,
  ""postalCode"": ""91411"",
  ""state"": ""California"",
  ""stateCode"": ""CA"",
  ""street"": ""14755 Burbank Boulevard\r\nAPT 219""
}","","","/services/images/photo/001Ui00000dhwdNIAQ","","","","2025-09-15 2:15:19 PM","2026-03-23 12:00:08 PM","2026-04-15 1:13:30 PM","2026-04-23","","","FALSE","","","","","","","FALSE","FALSE","","FALSE","","","","","5038","K12 Scholastic","","California - Los Angeles","","","","","","","","","","","","","West","","","","","","","","","","","001Ui00000dhwdNIAQ","","","","","","","","","","","","","","","","","","","","","","","","","","","","","","","","","","","","","","","","","","","","","","","","","","","","","","","","","","","","","","","","","","","","","","","","","","","","","","","","","","","","","","","","","","","","","","","","","","","","","","","","","","","","","","","","","","","","","","","","","","","","","","","","","","","","","","","","","","","","","","","","","001Ui00000dhwdNIAQ","Active","","0","FALSE","1899-12-30","","county summary query/Acct_Rcvbl_Nbr in* 'VALUE(Customer_Number__c)'","","","0","TRUE","FALSE","TRUE","","","","","","FALSE","{
  ""attributes"": {
    ""type"": ""RecordType"",
    ""url"": ""/services/data/v61.0/sobjects/RecordType/012Hr0000008HfoIAE""
  },
  ""Id"": ""012Hr0000008HfoIAE"",
  ""Name"": ""ISP Office""
}","2026-04-18 7:06:06 AM","A0616392","HERFF JONES SOCAL #5038"
"salesoffice","","","FALSE","HERFF JONES VENTURA/NW LA #5037","7701 Terry John Avenue","Bakersfield","California","93308","United States","","","","{
  ""city"": ""Bakersfield"",
  ""country"": ""United States"",
  ""countryCode"": ""US"",
  ""geocodeAccuracy"": null,
  ""latitude"": null,
  ""longitude"": null,
  ""postalCode"": ""93308"",
  ""state"": ""California"",
  ""stateCode"": ""CA"",
  ""street"": ""7701 Terry John Avenue""
}","7701 Terry John Avenue","Bakersfield","California","93308","United States","","","","{
  ""city"": ""Bakersfield"",
  ""country"": ""United States"",
  ""countryCode"": ""US"",
  ""geocodeAccuracy"": null,
  ""latitude"": null,
  ""longitude"": null,
  ""postalCode"": ""93308"",
  ""state"": ""California"",
  ""stateCode"": ""CA"",
  ""street"": ""7701 Terry John Avenue""
}","","","/services/images/photo/001Ui00000dhwzyIAA","","","","2025-09-15 2:18:40 PM","2026-03-23 11:40:30 AM","2026-04-16 12:39:01 AM","2026-04-16","","","FALSE","","","","","","","FALSE","FALSE","","FALSE","","","","","5037","K12 Scholastic","","California - Bakersfield","","","","","","","","","","","","","West","","","","","","","","","","","001Ui00000dhwzyIAA","","","","","","","","","","","","","","","","","","","","","","","","","","","","","","","","","","","","","","","","","","","","","","","","","","","","","","","","","","","","","","","","","","","","","","","","","","","","","","","","","","","","","","","","","","","","","","","","","","","","","","","","","","","","","","","","","","","","","","","","","","","","","","","","","","","","","","","","","","","","","","","","","001Ui00000dhwzyIAA","Active","","0","FALSE","1899-12-30","","county summary query/Acct_Rcvbl_Nbr in* 'VALUE(Customer_Number__c)'","","","0","FALSE","FALSE","TRUE","","","","","","FALSE","{
  ""attributes"": {
    ""type"": ""RecordType"",
    ""url"": ""/services/data/v61.0/sobjects/RecordType/012Hr0000008HfoIAE""
  },
  ""Id"": ""012Hr0000008HfoIAE"",
  ""Name"": ""ISP Office""
}","2026-04-18 7:06:06 AM","A0616393","HERFF JONES VENTURA/NW LA #5037"
"salesoffice","","","FALSE","HERFF JONES #5028","1400 South Marietta Parkway Southeast","Marietta","Georgia","30067","United States","","","","{
  ""city"": ""Marietta"",
  ""country"": ""United States"",
  ""countryCode"": ""US"",
  ""geocodeAccuracy"": null,
  ""latitude"": null,
  ""longitude"": null,
  ""postalCode"": ""30067"",
  ""state"": ""Georgia"",
  ""stateCode"": ""GA"",
  ""street"": ""1400 South Marietta Parkway Southeast""
}","1400 South Marietta Parkway Southeast","Marietta","Georgia","30067","United States","","","","{
  ""city"": ""Marietta"",
  ""country"": ""United States"",
  ""countryCode"": ""US"",
  ""geocodeAccuracy"": null,
  ""latitude"": null,
  ""longitude"": null,
  ""postalCode"": ""30067"",
  ""state"": ""Georgia"",
  ""stateCode"": ""GA"",
  ""street"": ""1400 South Marietta Parkway Southeast""
}","","","/services/images/photo/001Ui00000fDwrNIAS","","","","2025-10-06 3:01:07 PM","2026-03-23 12:24:01 PM","2026-03-23 12:24:01 PM","","","","FALSE","","","","","","","FALSE","FALSE","","FALSE","","","","","5028","K12 Scholastic","","Georgia - Marietta","","","","","","","","","","","","","East","","","","","","","","","","","001Ui00000fDwrNIAS","","","","","","","","","","","","","","","","","","","","","","","","","","","","","","","","","","","","","","","","","","","","","","","","","","","","","","","","","","","","","","","","","","","","","","","","","","","","","","","","","","","","","","","","","","","","","","","","","","","","","","","","","","","","","","","","","","","","","","","","","","","","","","","","","","","","","","","","","","","","","","","","","001Ui00000fDwrNIAS","Active","","0","FALSE","1899-12-30","","county summary query/Acct_Rcvbl_Nbr in* 'VALUE(Customer_Number__c)'","","","0","FALSE","FALSE","FALSE","","","","","","FALSE","{
  ""attributes"": {
    ""type"": ""RecordType"",
    ""url"": ""/services/data/v61.0/sobjects/RecordType/012Hr0000008HfoIAE""
  },
  ""Id"": ""012Hr0000008HfoIAE"",
  ""Name"": ""ISP Office""
}","2026-04-18 7:06:06 AM","A0616394","HERFF JONES #5028"
"salesoffice","","","FALSE","LEGACY GRADUATION, LLC #4546","9532 Parker Springs Court","Las Vegas","Nevada","89166","United States","","","","{
  ""city"": ""Las Vegas"",
  ""country"": ""United States"",
  ""countryCode"": ""US"",
  ""geocodeAccuracy"": null,
  ""latitude"": null,
  ""longitude"": null,
  ""postalCode"": ""89166"",
  ""state"": ""Nevada"",
  ""stateCode"": ""NV"",
  ""street"": ""9532 Parker Springs Court""
}","10301 Northeast 115th Avenue","Vancouver","Washington","98662","United States","","","","{
  ""city"": ""Vancouver"",
  ""country"": ""United States"",
  ""countryCode"": ""US"",
  ""geocodeAccuracy"": null,
  ""latitude"": null,
  ""longitude"": null,
  ""postalCode"": ""98662"",
  ""state"": ""Washington"",
  ""stateCode"": ""WA"",
  ""street"": ""10301 Northeast 115th Avenue""
}","","","/services/images/photo/001Ui00000addKvIAI","","","Formerly MILDRED ALVAREZ DODIER #4546","2025-08-05 9:18:14 AM","2026-03-23 11:43:21 AM","2026-04-08 3:07:35 PM","2026-04-20","","","FALSE","","","","","","","FALSE","FALSE","","FALSE","","","","","4546","K12 Scholastic","","Washington - Vancouver","","","","","","","","","","","","","West","","","","","","","","","","","001Ui00000addKvIAI","","","","","","","","","","","","","","","","","","","","","","","2025-07-01","1","","","","","","","","","","","","","","","","","","","","","","","","","","","","","","","","","","","","","","","","","","","","","","","","","","","","","","","","","","","","","","","","","","","","","","","","","","","","","","","","","","","","","","","","","","","","","","","","","","","","","","","","","","","","","","","","","","","","","","","","","001Ui00000addKvIAI","Active","","0","FALSE","1899-12-30","","county summary query/Acct_Rcvbl_Nbr in* 'VALUE(Customer_Number__c)'","","","0","FALSE","FALSE","TRUE","","","","","","FALSE","{
  ""attributes"": {
    ""type"": ""RecordType"",
    ""url"": ""/services/data/v61.0/sobjects/RecordType/012Hr0000008HfoIAE""
  },
  ""Id"": ""012Hr0000008HfoIAE"",
  ""Name"": ""ISP Office""
}","2026-04-18 7:06:10 AM","A0616395","LEGACY GRADUATION, LLC #4546"
"salesoffice","","","FALSE","MDC & ASSOCIATES, LLC #4536","550 Avenida Escorial","San Juan","Puerto Rico","00920","United States","","","","{
  ""city"": ""San Juan"",
  ""country"": ""United States"",
  ""countryCode"": ""US"",
  ""geocodeAccuracy"": null,
  ""latitude"": null,
  ""longitude"": null,
  ""postalCode"": ""00920"",
  ""state"": ""Puerto Rico"",
  ""stateCode"": ""PR"",
  ""street"": ""550 Avenida Escorial""
}","550 Avenida Escorial","San Juan","Puerto Rico","00920","United States","","","","{
  ""city"": ""San Juan"",
  ""country"": ""United States"",
  ""countryCode"": ""US"",
  ""geocodeAccuracy"": null,
  ""latitude"": null,
  ""longitude"": null,
  ""postalCode"": ""00920"",
  ""state"": ""Puerto Rico"",
  ""stateCode"": ""PR"",
  ""street"": ""550 Avenida Escorial""
}","","","/services/images/photo/001Ui00000YYVDwIAP","","","","2025-07-09 1:24:25 PM","2026-03-23 12:00:55 PM","2026-04-17 8:26:58 AM","2026-04-17","","","FALSE","","","","","","","FALSE","FALSE","","FALSE","","","","","4536","K12 Scholastic","","Puerto Rico - San Juan","","","","","","","","","","","","","East","","","","","","","","","","","001Ui00000YYVDwIAP","","","","","","","","","","","","","","","","","","","","","","","2025-07-01","1","","","","","","","","","","","","","","","","","","","","","","","","","","","","","","","","","","","","","","","","","","","","","","","","","","","","","","","","","","","","","","","","","","","","","","","","","","","","","","","","","","","","","","","","","","","","","","","","","","","","","","","","","","","","","","","","","","","","","","","","","001Ui00000YYVDwIAP","Active","","0","FALSE","1899-12-30","","county summary query/Acct_Rcvbl_Nbr in* 'VALUE(Customer_Number__c)'","","","0","FALSE","FALSE","FALSE","","","","","","FALSE","{
  ""attributes"": {
    ""type"": ""RecordType"",
    ""url"": ""/services/data/v61.0/sobjects/RecordType/012Hr0000008HfoIAE""
  },
  ""Id"": ""012Hr0000008HfoIAE"",
  ""Name"": ""ISP Office""
}","2026-04-18 7:06:14 AM","A0616396","MDC & ASSOCIATES, LLC #4536"
"salesoffice","","","FALSE","CONOR MCNAMARA #5035","10226 South Leavitt Street","Chicago","Illinois","60643","United States","","","","{
  ""city"": ""Chicago"",
  ""country"": ""United States"",
  ""countryCode"": ""US"",
  ""geocodeAccuracy"": null,
  ""latitude"": null,
  ""longitude"": null,
  ""postalCode"": ""60643"",
  ""state"": ""Illinois"",
  ""stateCode"": ""IL"",
  ""street"": ""10226 South Leavitt Street""
}","10226 South Leavitt Street","Chicago","Illinois","60643","United States","","","","{
  ""city"": ""Chicago"",
  ""country"": ""United States"",
  ""countryCode"": ""US"",
  ""geocodeAccuracy"": null,
  ""latitude"": null,
  ""longitude"": null,
  ""postalCode"": ""60643"",
  ""state"": ""Illinois"",
  ""stateCode"": ""IL"",
  ""street"": ""10226 South Leavitt Street""
}","","","/services/images/photo/001Ui00000YYXnbIAH","","","","2025-07-09 1:42:30 PM","2026-03-23 11:25:37 AM","2026-04-14 10:03:08 AM","2026-04-14","","","FALSE","","","","","","","FALSE","FALSE","","FALSE","","","","","5035","K12 Scholastic","","Illinois - Chicago","","","","","","","","","","","","","East","","","","","","","","","","","001Ui00000YYXnbIAH","","","","","","","","","","","","","","","","","","","","","","","2025-07-01","1","","","","","","","","","","","","","","","","","","","","","","","","","","","","","","","","","","","","","","","","","","","","","","","","","","","","","","","","","","","","","","","","","","","","","","","","","","","","","","","","","","","","","","","","","","","","","","","","","","","","","","","","","","","","","","","","","","","","","","","","","001Ui00000YYXnbIAH","Active","","0","FALSE","1899-12-30","","county summary query/Acct_Rcvbl_Nbr in* 'VALUE(Customer_Number__c)'","","","0","FALSE","FALSE","FALSE","","","","","","FALSE","{
  ""attributes"": {
    ""type"": ""RecordType"",
    ""url"": ""/services/data/v61.0/sobjects/RecordType/012Hr0000008HfoIAE""
  },
  ""Id"": ""012Hr0000008HfoIAE"",
  ""Name"": ""ISP Office""
}","2026-04-18 7:06:14 AM","A0616397","CONOR MCNAMARA #5035"
"salesoffice","","","FALSE","TEXAN GRADUATION SUPPLY LLC #2784","700 Jim Wright Freeway
BUILDING H, SUITE 5","White Settlement","Texas","76108","United States","32.72577","-97.4941","","{
  ""city"": ""White Settlement"",
  ""country"": ""United States"",
  ""countryCode"": ""US"",
  ""geocodeAccuracy"": null,
  ""latitude"": 32.72577,
  ""longitude"": -97.4941,
  ""postalCode"": ""76108"",
  ""state"": ""Texas"",
  ""stateCode"": ""TX"",
  ""street"": ""700 Jim Wright Freeway\r\nBUILDING H, SUITE 5""
}","700 Jim Wright Freeway
BUILDING H, SUITE 5","White Settlement","Texas","76108","United States","","","","{
  ""city"": ""White Settlement"",
  ""country"": ""United States"",
  ""countryCode"": ""US"",
  ""geocodeAccuracy"": null,
  ""latitude"": null,
  ""longitude"": null,
  ""postalCode"": ""76108"",
  ""state"": ""Texas"",
  ""stateCode"": ""TX"",
  ""street"": ""700 Jim Wright Freeway\r\nBUILDING H, SUITE 5""
}","","","/services/images/photo/001Ui00000TLzbbIAD","","","","2025-04-24 7:57:37 AM","2026-03-11 10:20:28 AM","2026-04-17 4:31:31 PM","2026-04-17","","","FALSE","","","","","","","FALSE","FALSE","","FALSE","","","","","2784","K12 Scholastic","","Texas - White Settlement","","","","","","","","","","","","","West","","","","","","","","","","","001Ui00000TLzbbIAD","","","","","","","","","","","","","","","","","","","","","","","","","","","","","","","","","","","","","","","","","","","","","","","","","","","","","","","","","","","","","","","","","","","","","","","","","","","","","","","","","","","","","","","","","","","","","","","","","","","","","","","","","","","","","","","","","","","","","","","","","","","","","","","","","","","","","","","","","","","","","","","","","001Ui00000TLzbbIAD","Active","","0","FALSE","1899-12-30","","county summary query/Acct_Rcvbl_Nbr in* 'VALUE(Customer_Number__c)'","","","0","FALSE","FALSE","FALSE","","","","","","FALSE","{
  ""attributes"": {
    ""type"": ""RecordType"",
    ""url"": ""/services/data/v61.0/sobjects/RecordType/012Hr0000008HfoIAE""
  },
  ""Id"": ""012Hr0000008HfoIAE"",
  ""Name"": ""ISP Office""
}","2026-04-18 7:07:35 AM","A0616398","TEXAN GRADUATION SUPPLY LLC #2784"
"salesoffice","","","FALSE","LEGACY GRAD CO LLC #4519","10780 West State Street
P.O. BOX 124","Star","Idaho","83669","United States","43.72525","-116.486","","{
  ""city"": ""Star"",
  ""country"": ""United States"",
  ""countryCode"": ""US"",
  ""geocodeAccuracy"": null,
  ""latitude"": 43.72525,
  ""longitude"": -116.486,
  ""postalCode"": ""83669"",
  ""state"": ""Idaho"",
  ""stateCode"": ""ID"",
  ""street"": ""10780 West State Street\r\nP.O. BOX 124""
}","10780 West State Street
P.O. BOX 124","Star","Idaho","83669","United States","","","","{
  ""city"": ""Star"",
  ""country"": ""United States"",
  ""countryCode"": ""US"",
  ""geocodeAccuracy"": null,
  ""latitude"": null,
  ""longitude"": null,
  ""postalCode"": ""83669"",
  ""state"": ""Idaho"",
  ""stateCode"": ""ID"",
  ""street"": ""10780 West State Street\r\nP.O. BOX 124""
}","","","/services/images/photo/001Ui00000EwL7GIAV","","","BROOKE MATSUI #4519 (former office name)
Took over Jayson Haworth's territory","2024-09-11 12:11:51 PM","2026-03-23 12:05:51 PM","2026-04-17 5:16:59 PM","2026-04-30","","","TRUE","","","","","","","FALSE","FALSE","","FALSE","","","","","4519","K12 Scholastic","","Idaho - Star","","","","","","","","","","","","","West","","","","","","","","","","","001Ui00000EwL7GIAV","","","","","","","","","","","","","","","","","","","1860161.938","38","","","2024-09-15","2","","","","","","","","","","","","","","","","","","","","","","","","","","","","","","","","","","","","","","","","","","","","","","","","","","","","","","","","","","","","","","","","","","","","","","","","","","","","","","","","","43.7253354","-116.486134","","","","","","","","","","","","","","","","","","","","","","","","","","","","","","","","","","","","","","","001Ui00000EwL7GIAV","Active","","0","FALSE","1899-12-30","","county summary query/Acct_Rcvbl_Nbr in* 'VALUE(Customer_Number__c)'","","","0","FALSE","FALSE","TRUE","","","","","","FALSE","{
  ""attributes"": {
    ""type"": ""RecordType"",
    ""url"": ""/services/data/v61.0/sobjects/RecordType/012Hr0000008HfoIAE""
  },
  ""Id"": ""012Hr0000008HfoIAE"",
  ""Name"": ""ISP Office""
}","2026-04-18 7:08:14 AM","A0616399","LEGACY GRAD CO LLC #4519"
"salesoffice","","","FALSE","LORI BRAZIL- ARRINGTON #5031","4204 Gina Way","Cameron Park","California","95682","United States","","","","{
  ""city"": ""Cameron Park"",
  ""country"": ""United States"",
  ""countryCode"": ""US"",
  ""geocodeAccuracy"": null,
  ""latitude"": null,
  ""longitude"": null,
  ""postalCode"": ""95682"",
  ""state"": ""California"",
  ""stateCode"": ""CA"",
  ""street"": ""4204 Gina Way""
}","4204 Gina Way","Cameron Park","California","95682","United States","","","","{
  ""city"": ""Cameron Park"",
  ""country"": ""United States"",
  ""countryCode"": ""US"",
  ""geocodeAccuracy"": null,
  ""latitude"": null,
  ""longitude"": null,
  ""postalCode"": ""95682"",
  ""state"": ""California"",
  ""stateCode"": ""CA"",
  ""street"": ""4204 Gina Way""
}","","","/services/images/photo/001Ui00000BdlqMIAR","","","","2024-07-29 9:03:46 AM","2026-03-23 11:40:31 AM","2026-04-17 5:18:31 PM","2026-04-30","","","TRUE","","","","","","","FALSE","FALSE","","FALSE","","","","","5031","K12 Scholastic","","California - Cameron Park","","","","","","","","","","","","","West","","","","","","","","","","","001Ui00000BdlqMIAR","","","","","","","","","","","","","","","","","","","2195170.893","45","","","2024-07-01","2","","","","","","","","","","","","","","","","","","","","","","","","","","","","","","","","","","","","","","","","","","","","","","","","","","","","","","","","","","","","","","","","","","","","","","","","","","","","","","","","","38.65389","-121.013071","","","","","","","","","","","","","","","","","","","","","","","","","","","","","","","","","","","","","","","001Ui00000BdlqMIAR","Active","","0","FALSE","1899-12-30","","county summary query/Acct_Rcvbl_Nbr in* 'VALUE(Customer_Number__c)'","","","0","FALSE","FALSE","TRUE","","","","","","FALSE","{
  ""attributes"": {
    ""type"": ""RecordType"",
    ""url"": ""/services/data/v61.0/sobjects/RecordType/012Hr0000008HfoIAE""
  },
  ""Id"": ""012Hr0000008HfoIAE"",
  ""Name"": ""ISP Office""
}","2026-04-18 7:08:45 AM","A0616400","LORI BRAZIL- ARRINGTON #5031"
"salesoffice","","","FALSE","C3 GRAD, LLC #4507","3420 Janeen Way","Modesto","CA","95356","United States","","","","{
  ""city"": ""Modesto"",
  ""country"": ""United States"",
  ""countryCode"": ""US"",
  ""geocodeAccuracy"": null,
  ""latitude"": null,
  ""longitude"": null,
  ""postalCode"": ""95356"",
  ""state"": ""CA"",
  ""stateCode"": ""CA"",
  ""street"": ""3420 Janeen Way""
}","3420 Janeen Way","Modesto","CA","95356","United States","","","","{
  ""city"": ""Modesto"",
  ""country"": ""United States"",
  ""countryCode"": ""US"",
  ""geocodeAccuracy"": null,
  ""latitude"": null,
  ""longitude"": null,
  ""postalCode"": ""95356"",
  ""state"": ""CA"",
  ""stateCode"": ""CA"",
  ""street"": ""3420 Janeen Way""
}","","","/services/images/photo/001Ui00000BdrMJIAZ","","","","2024-07-29 8:56:05 AM","2025-08-11 9:21:51 AM","2026-01-05 2:57:44 PM","2026-01-05","","","TRUE","","","","","","","FALSE","FALSE","","FALSE","","","","","4507","College","","CA - Modesto","","","","","","","","","","","","","West","","","","","","","","","","","001Ui00000BdrMJIAZ","","","","","","","","","","","","","","","","","","","4564373.763","41","","","","","","","","","","","","","","","","","","","","","","","","","","","","","","","","","","","","","","","","","","","","","","","","","","","","","","","","","","","","","","","","","","","","","","","","","","","","","","","","","","","","","37.69951","-121.060385","","","","","","","","","","","","","","","","","","","","","","","","","","","","","","","","","","","","","","","001Ui00000BdrMJIAZ","Active","","0","FALSE","1899-12-30","","county summary query/Acct_Rcvbl_Nbr in* 'VALUE(Customer_Number__c)'","","","0","FALSE","FALSE","FALSE","","","","","","FALSE","{
  ""attributes"": {
    ""type"": ""RecordType"",
    ""url"": ""/services/data/v61.0/sobjects/RecordType/012Hr0000008HfoIAE""
  },
  ""Id"": ""012Hr0000008HfoIAE"",
  ""Name"": ""ISP Office""
}","2026-04-18 7:08:45 AM","A0616401","C3 GRAD, LLC #4507"
"salesoffice","","","FALSE","ALASKA EDUCATION SERVICES, LLC #4492","1921 Endecott Avenue","North Pole","Alaska","99705","United States","","","","{
  ""city"": ""North Pole"",
  ""country"": ""United States"",
  ""countryCode"": ""US"",
  ""geocodeAccuracy"": null,
  ""latitude"": null,
  ""longitude"": null,
  ""postalCode"": ""99705"",
  ""state"": ""Alaska"",
  ""stateCode"": ""AK"",
  ""street"": ""1921 Endecott Avenue""
}","1921 Endecott Avenue","North Pole","Alaska","99705","United States","","","","{
  ""city"": ""North Pole"",
  ""country"": ""United States"",
  ""countryCode"": ""US"",
  ""geocodeAccuracy"": null,
  ""latitude"": null,
  ""longitude"": null,
  ""postalCode"": ""99705"",
  ""state"": ""Alaska"",
  ""stateCode"": ""AK"",
  ""street"": ""1921 Endecott Avenue""
}","","","/services/images/photo/001Ui00000BeAFGIA3","","","","2024-07-29 9:16:38 AM","2026-03-23 11:40:30 AM","2026-04-09 2:59:06 PM","2026-04-30","","","TRUE","","","","","","","FALSE","FALSE","","FALSE","","","","","4492","K12 Scholastic","","Alaska - North Pole","","","","","","","","","","","","","West","","","","","","","","","","","001Ui00000BeAFGIA3","","","","","","","","","","","","","","","","","","","1074363.504","11","","","","","","","","","","","","","","","","","","","","","","","","","","","","","","","","","","","","","","","","","","","","","","","","","","","","","","","","","","","","","","","","","","","","","","","","","","","","","","","","","","","","","64.822637","-147.452919","","","","","","","","","","","","","","","","","","","","","","","","","","","","","","","","","","","","","","","001Ui00000BeAFGIA3","Active","","0","FALSE","1899-12-30","","county summary query/Acct_Rcvbl_Nbr in* 'VALUE(Customer_Number__c)'","","","0","FALSE","FALSE","TRUE","","","","","","FALSE","{
  ""attributes"": {
    ""type"": ""RecordType"",
    ""url"": ""/services/data/v61.0/sobjects/RecordType/012Hr0000008HfoIAE""
  },
  ""Id"": ""012Hr0000008HfoIAE"",
  ""Name"": ""ISP Office""
}","2026-04-18 7:08:45 AM","A0616402","ALASKA EDUCATION SERVICES, LLC #4492"
"salesoffice","","","FALSE","STEPHEN THORNE #5029","N8166 La Salle Circle","Oconomowoc","Wisconsin","53066","United States","","","","{
  ""city"": ""Oconomowoc"",
  ""country"": ""United States"",
  ""countryCode"": ""US"",
  ""geocodeAccuracy"": null,
  ""latitude"": null,
  ""longitude"": null,
  ""postalCode"": ""53066"",
  ""state"": ""Wisconsin"",
  ""stateCode"": ""WI"",
  ""street"": ""N8166 La Salle Circle""
}","N8166 La Salle Circle","Oconomowoc","Wisconsin","53066","United States","","","","{
  ""city"": ""Oconomowoc"",
  ""country"": ""United States"",
  ""countryCode"": ""US"",
  ""geocodeAccuracy"": null,
  ""latitude"": null,
  ""longitude"": null,
  ""postalCode"": ""53066"",
  ""state"": ""Wisconsin"",
  ""stateCode"": ""WI"",
  ""street"": ""N8166 La Salle Circle""
}","","","/services/images/photo/001Ui000007maOZIAY","","","","2024-05-03 1:48:58 PM","2026-03-23 12:03:08 PM","2026-04-13 4:33:33 PM","2026-04-13","","","TRUE","","","","","","","FALSE","FALSE","","FALSE","","","","","5029","K12 Scholastic","","Wisconsin - Oconomowoc","","","","","","","","","","","","","West","","","","","","","","","","","001Ui000007maOZIAY","","","","","","","","","","","","","","","","","","","12636714.11","77","","","2024-04-17","3","","","","","","","","","","","","","","","","","","","","","","","","","","","","","","","","","","","","","","","","","","","","","","","","","","","","","","","","","","","","","","","","","","","","","","","","","","","","","","","","","43.1361852","-88.5430374","","","","","","","","","","","","","","","","","","","","","","","","","","","","","","","","","","","","","","","001Ui000007maOZIAY","Active","","0","FALSE","1899-12-30","","county summary query/Acct_Rcvbl_Nbr in* 'VALUE(Customer_Number__c)'","","","0","FALSE","FALSE","TRUE","","","","","","FALSE","{
  ""attributes"": {
    ""type"": ""RecordType"",
    ""url"": ""/services/data/v61.0/sobjects/RecordType/012Hr0000008HfoIAE""
  },
  ""Id"": ""012Hr0000008HfoIAE"",
  ""Name"": ""ISP Office""
}","2026-04-18 7:13:24 AM","A0616403","STEPHEN THORNE #5029"
"salesoffice","","","FALSE","STEPHEN ANDREW SCHULL #4247","3928 E CRITTENDEN LANE","Phoenix","AZ","85018","United States","33.48944","-111.99654","","{
  ""city"": ""Phoenix"",
  ""country"": ""United States"",
  ""countryCode"": ""US"",
  ""geocodeAccuracy"": null,
  ""latitude"": 33.48944,
  ""longitude"": -111.99654,
  ""postalCode"": ""85018"",
  ""state"": ""AZ"",
  ""stateCode"": ""AZ"",
  ""street"": ""3928 E CRITTENDEN LANE""
}","3928 E CRITTENDEN LANE","Phoenix","AZ","85018","United States","","","","{
  ""city"": ""Phoenix"",
  ""country"": ""United States"",
  ""countryCode"": ""US"",
  ""geocodeAccuracy"": null,
  ""latitude"": null,
  ""longitude"": null,
  ""postalCode"": ""85018"",
  ""state"": ""AZ"",
  ""stateCode"": ""AZ"",
  ""street"": ""3928 E CRITTENDEN LANE""
}","","","/services/images/photo/001Hr00001qHxuvIAC","","","","2023-11-14 5:06:43 PM","2025-10-31 10:37:20 AM","2026-03-22 1:02:42 PM","2026-03-22","","","TRUE","","","","","","","FALSE","FALSE","","FALSE","","","","","4247","College","","AZ - Phoenix","","","","","","","","","","","","","West","","","","","","","","","","","001Hr00001qHxuvIAC","","","","","","","","","","","","","","","","","964122","","1875048.081","25","47.5","","2016-02-01","11","","","","","","","","","","","","","","","","","","","","","","","","","","","","","","","","","","","","","","","","","","","","","","","","","","","","","","","","","","","","","","","","","","","","","","","","","","","","","","","","","33.4940994","-112.0097271","","","","","","","","","","","","","","","","","","","","","","","","","","","","","","","","","","","","","","","001Hr00001qHxuvIAC","Active","","0","FALSE","1899-12-30","","county summary query/Acct_Rcvbl_Nbr in* 'VALUE(Customer_Number__c)'","","","0","FALSE","FALSE","FALSE","","","","","","FALSE","{
  ""attributes"": {
    ""type"": ""RecordType"",
    ""url"": ""/services/data/v61.0/sobjects/RecordType/012Hr0000008HfoIAE""
  },
  ""Id"": ""012Hr0000008HfoIAE"",
  ""Name"": ""ISP Office""
}","2026-04-18 11:35:55 AM","A0616404","STEPHEN ANDREW SCHULL #4247"
"salesoffice","","","FALSE","WENGER GRADUATION SUPPLIES, LLC #4446","3011 Northwest 14th Court","Ankeny","Iowa","50023","United States","41.74283","-93.64008","","{
  ""city"": ""Ankeny"",
  ""country"": ""United States"",
  ""countryCode"": ""US"",
  ""geocodeAccuracy"": null,
  ""latitude"": 41.74283,
  ""longitude"": -93.64008,
  ""postalCode"": ""50023"",
  ""state"": ""Iowa"",
  ""stateCode"": ""IA"",
  ""street"": ""3011 Northwest 14th Court""
}","3011 Northwest 14th Court","Ankeny","Iowa","50023","United States","","","","{
  ""city"": ""Ankeny"",
  ""country"": ""United States"",
  ""countryCode"": ""US"",
  ""geocodeAccuracy"": null,
  ""latitude"": null,
  ""longitude"": null,
  ""postalCode"": ""50023"",
  ""state"": ""Iowa"",
  ""stateCode"": ""IA"",
  ""street"": ""3011 Northwest 14th Court""
}","","","/services/images/photo/001Hr00001qHxvTIAS","","","","2023-11-14 5:06:43 PM","2026-03-23 11:58:23 AM","2026-04-06 4:00:36 PM","2026-04-06","","","TRUE","","","","","","","FALSE","FALSE","","FALSE","","","","","4446","K12 Scholastic","","Iowa - Ankeny","","","","","","","","","","","","","West","","","","","","","","","","","001Hr00001qHxvTIAS","","","","","","","","","","","","","","","","","","","3513593.447","36","","","","","","","","","","","","","","","","","","","","","","","","","","","","","","","","","","","","","","","","","","","","","","","","","","","","","","","","","","","","","","","","","","","","","","","","","","","","","","","","","","","","","41.7428269","-93.6400876","","","","","","","","","","","","","","","","","","","","","","","","","","","","","","","","","","","","","","","001Hr00001qHxvTIAS","Active","","0","FALSE","1899-12-30","","county summary query/Acct_Rcvbl_Nbr in* 'VALUE(Customer_Number__c)'","","","0","FALSE","FALSE","TRUE","Troy Neeley","","","","","FALSE","{
  ""attributes"": {
    ""type"": ""RecordType"",
    ""url"": ""/services/data/v61.0/sobjects/RecordType/012Hr0000008HfoIAE""
  },
  ""Id"": ""012Hr0000008HfoIAE"",
  ""Name"": ""ISP Office""
}","2026-04-18 11:35:55 AM","A0616405","WENGER GRADUATION SUPPLIES, LLC #4446"
"salesoffice","","","FALSE","VARSITY GRAD PRODUCTS, LLC #1117","12101 N MacArthur Blvd, Ste A #306","Oklahoma City","Oklahoma","73162","United States","35.59351","-97.62084","","{
  ""city"": ""Oklahoma City"",
  ""country"": ""United States"",
  ""countryCode"": ""US"",
  ""geocodeAccuracy"": null,
  ""latitude"": 35.59351,
  ""longitude"": -97.62084,
  ""postalCode"": ""73162"",
  ""state"": ""Oklahoma"",
  ""stateCode"": ""OK"",
  ""street"": ""12101 N MacArthur Blvd, Ste A #306""
}","12101 N MacArthur Blvd, Ste A #306","Oklahoma City","Oklahoma","73162","United States","","","","{
  ""city"": ""Oklahoma City"",
  ""country"": ""United States"",
  ""countryCode"": ""US"",
  ""geocodeAccuracy"": null,
  ""latitude"": null,
  ""longitude"": null,
  ""postalCode"": ""73162"",
  ""state"": ""Oklahoma"",
  ""stateCode"": ""OK"",
  ""street"": ""12101 N MacArthur Blvd, Ste A #306""
}","(405)406-9813","","/services/images/photo/001Hr00001qVdbAIAS","","","Formerly HJ GRADUATE/OK LLC #1117","2023-10-10 12:02:54 PM","2026-04-13 9:12:50 AM","2026-04-13 9:12:50 AM","2026-04-08","","","TRUE","","","","","","","FALSE","FALSE","","FALSE","","","","","1117","K12 Scholastic","","Oklahoma - Oklahoma City","","","","","","","","","","","","","West","","","","","","","","","","","001Hr00001qVdbAIAS","","","","","","","","","","","","","","","","","","","7286206.102","28","","","2002-07-01","24","","","","","","","","","","","","","","","","","","","","","","","","","","","","","","","","","","","","","","","","","","","","","","","","","","","","","","","","","","","","","","","","","","","","","","","","","","","","","","","","","35.5933158","-97.6211422","","","","","","","","","","","","","","","","","","","","","","","","","","","","","","","","","","","","","","","001Hr00001qVdbAIAS","Active","","0","FALSE","1899-12-30","","county summary query/Acct_Rcvbl_Nbr in* 'VALUE(Customer_Number__c)'","","","0","TRUE","FALSE","TRUE","Troy Neeley","","","","","FALSE","{
  ""attributes"": {
    ""type"": ""RecordType"",
    ""url"": ""/services/data/v61.0/sobjects/RecordType/012Hr0000008HfoIAE""
  },
  ""Id"": ""012Hr0000008HfoIAE"",
  ""Name"": ""ISP Office""
}","2026-04-18 11:35:55 AM","A0616406","VARSITY GRAD PRODUCTS, LLC #1117"
"salesoffice","","","FALSE","DAVID T. BOLLMAN #2125","7 KREPPS RD","Ambridge","Pennsylvania","15003","United States","40.61662","-80.19844","","{
  ""city"": ""Ambridge"",
  ""country"": ""United States"",
  ""countryCode"": ""US"",
  ""geocodeAccuracy"": null,
  ""latitude"": 40.61662,
  ""longitude"": -80.19844,
  ""postalCode"": ""15003"",
  ""state"": ""Pennsylvania"",
  ""stateCode"": ""PA"",
  ""street"": ""7 KREPPS RD""
}","7 KREPPS RD","Ambridge","Pennsylvania","15003","United States","","","","{
  ""city"": ""Ambridge"",
  ""country"": ""United States"",
  ""countryCode"": ""US"",
  ""geocodeAccuracy"": null,
  ""latitude"": null,
  ""longitude"": null,
  ""postalCode"": ""15003"",
  ""state"": ""Pennsylvania"",
  ""stateCode"": ""PA"",
  ""street"": ""7 KREPPS RD""
}","7248224188","","/services/images/photo/001Hr00001qVdbEIAS","","","","2023-10-10 12:02:54 PM","2026-03-11 10:00:27 AM","2026-04-15 12:10:46 PM","2027-05-13","","","TRUE","","","","","","","FALSE","FALSE","","FALSE","","","","","2125","K12 Scholastic","","Pennsylvania - Ambridge","","","","","","","","","","","","","East","","","","","","","","","","","001Hr00001qVdbEIAS","","","","","","","","","","","","","","","","","260100","","5098549.164","46","5","","2006-06-10","20","","Pinnacle","","","","","","","","","","","","","","","","","","","","","","","","","","","","","","","","","","","","","","","","","","","","","","","","","","","","","","","","","","","","","","","","","","","","","","","","","","","","","","","40.6166147","-80.1984592","","","","","","","","","","","","","","","","","","","","","","","","","","","","","","","","","","","","","","","001Hr00001qVdbEIAS","Active","","0","TRUE","1899-12-30","","county summary query/Acct_Rcvbl_Nbr in* 'VALUE(Customer_Number__c)'","","","0","FALSE","FALSE","FALSE","","","","","","FALSE","{
  ""attributes"": {
    ""type"": ""RecordType"",
    ""url"": ""/services/data/v61.0/sobjects/RecordType/012Hr0000008HfoIAE""
  },
  ""Id"": ""012Hr0000008HfoIAE"",
  ""Name"": ""ISP Office""
}","2026-04-18 11:35:55 AM","A0616407","DAVID T. BOLLMAN #2125"
"salesoffice","","","FALSE","SPUD BOWEN & ASSOCIATES LLC #0061","PO BOX 105","Tifton","Georgia","31793","United States","31.44502","-83.53518","","{
  ""city"": ""Tifton"",
  ""country"": ""United States"",
  ""countryCode"": ""US"",
  ""geocodeAccuracy"": null,
  ""latitude"": 31.44502,
  ""longitude"": -83.53518,
  ""postalCode"": ""31793"",
  ""state"": ""Georgia"",
  ""stateCode"": ""GA"",
  ""street"": ""PO BOX 105""
}","1017 North Central Avenue","Tifton","Georgia","31794","United States","","","","{
  ""city"": ""Tifton"",
  ""country"": ""United States"",
  ""countryCode"": ""US"",
  ""geocodeAccuracy"": null,
  ""latitude"": null,
  ""longitude"": null,
  ""postalCode"": ""31794"",
  ""state"": ""Georgia"",
  ""stateCode"": ""GA"",
  ""street"": ""1017 North Central Avenue""
}","2293826837","","/services/images/photo/001Hr00001qVdbFIAS","","","","2023-10-10 12:02:54 PM","2026-03-23 12:24:53 PM","2026-04-16 10:43:03 PM","2026-04-16","","","TRUE","","","","","","","FALSE","FALSE","","FALSE","","","","","0061","K12 Scholastic","","Georgia - Tifton","","","","","","","","","","","","","East","","","","","","","","","","","001Hr00001qVdbFIAS","","","","","","","","","","","","","","","","","1219766","","2388240.978","66","40","","2003-02-06","24","","Pinnacle;Double Eagle","","","","","","","","","","","","","","","","","","","","","","","","","","","","","","","","","","","","","","","","","","","","","","","","","","","","","","","","","","","","","","","","","","","","","","","","","","","","","","","31.4629656","-83.5069235","","","","","","","","","","","","","","","","","","","","","","","","","","","","","","","","","","","","","","","001Hr00001qVdbFIAS","Active","","0","FALSE","1899-12-30","","county summary query/Acct_Rcvbl_Nbr in* 'VALUE(Customer_Number__c)'","","","0","FALSE","FALSE","FALSE","","","","","","FALSE","{
  ""attributes"": {
    ""type"": ""RecordType"",
    ""url"": ""/services/data/v61.0/sobjects/RecordType/012Hr0000008HfoIAE""
  },
  ""Id"": ""012Hr0000008HfoIAE"",
  ""Name"": ""ISP Office""
}","2026-04-18 11:35:55 AM","A0616408","SPUD BOWEN & ASSOCIATES LLC #0061"
"salesoffice","","","FALSE","HOUSTON GRADUATION CENTER #0339","4915 SCHULER","Houston","Texas","77007","United States","29.77243","-95.4111","","{
  ""city"": ""Houston"",
  ""country"": ""United States"",
  ""countryCode"": ""US"",
  ""geocodeAccuracy"": null,
  ""latitude"": 29.77243,
  ""longitude"": -95.4111,
  ""postalCode"": ""77007"",
  ""state"": ""Texas"",
  ""stateCode"": ""TX"",
  ""street"": ""4915 SCHULER""
}","4915 SCHULER","Houston","Texas","77007","United States","","","","{
  ""city"": ""Houston"",
  ""country"": ""United States"",
  ""countryCode"": ""US"",
  ""geocodeAccuracy"": null,
  ""latitude"": null,
  ""longitude"": null,
  ""postalCode"": ""77007"",
  ""state"": ""Texas"",
  ""stateCode"": ""TX"",
  ""street"": ""4915 SCHULER""
}","7138646464","","/services/images/photo/001Hr00001qVdbGIAS","","","","2023-10-10 12:02:54 PM","2026-03-11 10:01:48 AM","2026-04-18 8:40:22 AM","2026-04-18","","","TRUE","","","","","","","FALSE","FALSE","","FALSE","","","","","0339","K12 Scholastic","","Texas - Houston","","","","","","","","","","","","","West","","","","","","","","","","","001Hr00001qVdbGIAS","","","","","","","","","","","","","","","","","2114698","","11794182.46","81","15","","1992-07-01","34","","Hall of Fame","","","","","","","","","","","","","","","","","","","","","","","","","","","","","","","","","","","","","","","","","","","","","","","","","","","","","","","","","","","","","","","","","","","","","","","","","","","","","","","29.7724024","-95.4111027","","","","","","","","","","","","","","","","","","","","","","","","","","","","","","","","","","","","","","","001Hr00001qVdbGIAS","Active","","0","FALSE","1899-12-30","","county summary query/Acct_Rcvbl_Nbr in* 'VALUE(Customer_Number__c)'","","","0","TRUE","FALSE","FALSE","","","","","","FALSE","{
  ""attributes"": {
    ""type"": ""RecordType"",
    ""url"": ""/services/data/v61.0/sobjects/RecordType/012Hr0000008HfoIAE""
  },
  ""Id"": ""012Hr0000008HfoIAE"",
  ""Name"": ""ISP Office""
}","2026-04-18 11:35:55 AM","A0616409","HOUSTON GRADUATION CENTER #0339"
"salesoffice","","","FALSE","CARLOS E. COURTADE #2615","9630 BRUCEVILLE ROAD STE 106 #389","Elk Grove","California","95757","United States","38.40808","-121.4204","","{
  ""city"": ""Elk Grove"",
  ""country"": ""United States"",
  ""countryCode"": ""US"",
  ""geocodeAccuracy"": null,
  ""latitude"": 38.40808,
  ""longitude"": -121.4204,
  ""postalCode"": ""95757"",
  ""state"": ""California"",
  ""stateCode"": ""CA"",
  ""street"": ""9630 BRUCEVILLE ROAD STE 106 #389""
}","9630 Bruceville Road","Elk Grove","California","95757","United States","","","","{
  ""city"": ""Elk Grove"",
  ""country"": ""United States"",
  ""countryCode"": ""US"",
  ""geocodeAccuracy"": null,
  ""latitude"": null,
  ""longitude"": null,
  ""postalCode"": ""95757"",
  ""state"": ""California"",
  ""stateCode"": ""CA"",
  ""street"": ""9630 Bruceville Road""
}","(866) 238-5336","","/services/images/photo/001Hr00001qVdbHIAS","","","","2023-10-10 12:02:54 PM","2026-03-23 11:40:30 AM","2026-04-13 5:27:51 PM","2026-04-30","","","TRUE","","","","","","","FALSE","FALSE","","FALSE","","","","","2615","K12 Scholastic","","California - Elk Grove","","","","","","","","","","","","","West","","","","","","","","","","","001Hr00001qVdbHIAS","","","","","","","","","","","","","","","","","804375","","2651690.267","47","17.9","","2011-10-11","15","","Eagle","","","","","","","","","","","","","","","","","","","","","","","","","","","","","","","","","","","","","","","","","","","","","","","","","","","","","","","","","","","","","","","","","","","","","","","","","","","","","","","38.4083116","-121.4203449","","","","","","","","","","","","","","","","","","","","","","","","","","","","","","","","","","","","","","","001Hr00001qVdbHIAS","Active","","0","FALSE","1899-12-30","","county summary query/Acct_Rcvbl_Nbr in* 'VALUE(Customer_Number__c)'","","","0","FALSE","FALSE","TRUE","Cody Schroeder","","","","","FALSE","{
  ""attributes"": {
    ""type"": ""RecordType"",
    ""url"": ""/services/data/v61.0/sobjects/RecordType/012Hr0000008HfoIAE""
  },
  ""Id"": ""012Hr0000008HfoIAE"",
  ""Name"": ""ISP Office""
}","2026-04-18 11:35:55 AM","A0616410","CARLOS E. COURTADE #2615"
"salesoffice","","","FALSE","RIC RODERICK & ASSOCIATES, INC #4288","7A SOUTH MULBERRY STREET","Statesboro","Georgia","30458","United States","32.4478","-81.7796","","{
  ""city"": ""Statesboro"",
  ""country"": ""United States"",
  ""countryCode"": ""US"",
  ""geocodeAccuracy"": null,
  ""latitude"": 32.4478,
  ""longitude"": -81.7796,
  ""postalCode"": ""30458"",
  ""state"": ""Georgia"",
  ""stateCode"": ""GA"",
  ""street"": ""7A SOUTH MULBERRY STREET""
}","7A SOUTH MULBERRY STREET","Statesboro","Georgia","30458","United States","","","","{
  ""city"": ""Statesboro"",
  ""country"": ""United States"",
  ""countryCode"": ""US"",
  ""geocodeAccuracy"": null,
  ""latitude"": null,
  ""longitude"": null,
  ""postalCode"": ""30458"",
  ""state"": ""Georgia"",
  ""stateCode"": ""GA"",
  ""street"": ""7A SOUTH MULBERRY STREET""
}","9127649314","","/services/images/photo/001Hr00001qVdbIIAS","","","","2023-10-10 12:02:54 PM","2026-03-23 12:24:44 PM","2026-04-16 11:12:13 AM","2026-04-16","","","TRUE","","","","","","","FALSE","FALSE","","FALSE","","","","","4288","K12 Scholastic","","Georgia - Statesboro","","","","","","","","","","","","","East","","","","","","","","","","","001Hr00001qVdbIIAS","","","","","","","","","","","","","","","","","3607720","","8412318.551","147","44.8","","2010-12-01","16","","Golden Eagle","","","","","","","","","","","","","","","","","","","","","","","","","","","","","","","","","","","","","","","","","","","","","","","","","","","","","","","","","","","","","","","","","","","","","","","","","","","","","","","32.4478098","-81.7795833","","","","","","","","","","","","","","","","","","","","","","","","","","","","","","","","","","","","","","","001Hr00001qVdbIIAS","Active","","0","FALSE","1899-12-30","","county summary query/Acct_Rcvbl_Nbr in* 'VALUE(Customer_Number__c)'","","","0","FALSE","FALSE","FALSE","","","","","","FALSE","{
  ""attributes"": {
    ""type"": ""RecordType"",
    ""url"": ""/services/data/v61.0/sobjects/RecordType/012Hr0000008HfoIAE""
  },
  ""Id"": ""012Hr0000008HfoIAE"",
  ""Name"": ""ISP Office""
}","2026-04-18 11:35:55 AM","A0616411","RIC RODERICK & ASSOCIATES, INC #4288"
"salesoffice","","","FALSE","ETIENNE INC #1542","1848 Cargo Court","Louisville","Kentucky","40299","United States","38.21736","-85.56928","","{
  ""city"": ""Louisville"",
  ""country"": ""United States"",
  ""countryCode"": ""US"",
  ""geocodeAccuracy"": null,
  ""latitude"": 38.21736,
  ""longitude"": -85.56928,
  ""postalCode"": ""40299"",
  ""state"": ""Kentucky"",
  ""stateCode"": ""KY"",
  ""street"": ""1848 Cargo Court""
}","1848 Cargo Court","Louisville","Kentucky","40299","United States","","","","{
  ""city"": ""Louisville"",
  ""country"": ""United States"",
  ""countryCode"": ""US"",
  ""geocodeAccuracy"": null,
  ""latitude"": null,
  ""longitude"": null,
  ""postalCode"": ""40299"",
  ""state"": ""Kentucky"",
  ""stateCode"": ""KY"",
  ""street"": ""1848 Cargo Court""
}","5022400505","","/services/images/photo/001Hr00001qVdbMIAS","","","","2023-10-10 12:02:54 PM","2026-03-11 10:00:27 AM","2026-04-16 2:22:42 PM","2026-04-16","","","TRUE","","","","","","","FALSE","FALSE","","FALSE","","","","","1542","K12 Scholastic","","Kentucky - Louisville","","","","","","","","","","","","","East","","","","","","","","","","","001Hr00001qVdbMIAS","","","","","","","","","","","","","","","","","1721490","","12149821.56","61","18","","2019-08-05","7","","Pinnacle","","","","","","","","","","","","","","","","","","","","","","","","","","","","","","","","","","","","","","","","","","","","","","","","","","","","","","","","","","","","","","","","","","","","","","","","","","","","","","","38.2173597","-85.5692797","","","","","","","","","","","","","","","","","","","","","","","","","","","","","","","","","","","","","","","001Hr00001qVdbMIAS","Active","","0","FALSE","1899-12-30","","county summary query/Acct_Rcvbl_Nbr in* 'VALUE(Customer_Number__c)'","","","0","FALSE","FALSE","FALSE","","","","","","FALSE","{
  ""attributes"": {
    ""type"": ""RecordType"",
    ""url"": ""/services/data/v61.0/sobjects/RecordType/012Hr0000008HfoIAE""
  },
  ""Id"": ""012Hr0000008HfoIAE"",
  ""Name"": ""ISP Office""
}","2026-04-18 11:35:55 AM","A0616412","ETIENNE INC #1542"
"salesoffice","","","FALSE","BROWNS GRAD SUPPLY & AWARDS #0060","1410 FRANKLIN STREET","Jonesboro","Arkansas","72401-5214","United States","35.82755","-90.68343","","{
  ""city"": ""Jonesboro"",
  ""country"": ""United States"",
  ""countryCode"": ""US"",
  ""geocodeAccuracy"": null,
  ""latitude"": 35.82755,
  ""longitude"": -90.68343,
  ""postalCode"": ""72401-5214"",
  ""state"": ""Arkansas"",
  ""stateCode"": ""AR"",
  ""street"": ""1410 FRANKLIN STREET""
}","1410 FRANKLIN STREET","Jonesboro","Arkansas","72401-5214","United States","","","","{
  ""city"": ""Jonesboro"",
  ""country"": ""United States"",
  ""countryCode"": ""US"",
  ""geocodeAccuracy"": null,
  ""latitude"": null,
  ""longitude"": null,
  ""postalCode"": ""72401-5214"",
  ""state"": ""Arkansas"",
  ""stateCode"": ""AR"",
  ""street"": ""1410 FRANKLIN STREET""
}","8709324832","","/services/images/photo/001Hr00001qVdbNIAS","","","","2023-10-10 12:02:54 PM","2026-03-11 10:01:48 AM","2026-03-11 10:01:48 AM","2025-10-17","","","TRUE","","","","","","","FALSE","FALSE","","FALSE","","","","","0060","K12 Scholastic","","Arkansas - Jonesboro","","","","","","","","","","","","","West","","","","","","","","","","","001Hr00001qVdbNIAS","","","","","","","","","","","","","","","","","15348","","38491.81","1","16","","1976-07-01","50","","Hall of Fame","","","","","","","","","","","","","","","","","","","","","","","","","","","","","","","","","","","","","","","","","","","","","","","","","","","","","","","","","","","","","","","","","","","","","","","","","","","","","","","35.8275204","-90.6834325","","","","","","","","","","","","","","","","","","","","","","","","","","","","","","","","","","","","","","","001Hr00001qVdbNIAS","Active","","0","TRUE","1899-12-30","","county summary query/Acct_Rcvbl_Nbr in* 'VALUE(Customer_Number__c)'","","","0","FALSE","FALSE","FALSE","","","","","","FALSE","{
  ""attributes"": {
    ""type"": ""RecordType"",
    ""url"": ""/services/data/v61.0/sobjects/RecordType/012Hr0000008HfoIAE""
  },
  ""Id"": ""012Hr0000008HfoIAE"",
  ""Name"": ""ISP Office""
}","2026-04-18 11:35:55 AM","A0616413","BROWNS GRAD SUPPLY & AWARDS #0060"
"salesoffice","","","FALSE","WEST TEXAS GRAD SERV-LUBBOCK #2576","2904 50TH ST","Lubbock","Texas","79413","United States","33.54911","-101.87838","","{
  ""city"": ""Lubbock"",
  ""country"": ""United States"",
  ""countryCode"": ""US"",
  ""geocodeAccuracy"": null,
  ""latitude"": 33.54911,
  ""longitude"": -101.87838,
  ""postalCode"": ""79413"",
  ""state"": ""Texas"",
  ""stateCode"": ""TX"",
  ""street"": ""2904 50TH ST""
}","2904 50TH ST","Lubbock","Texas","79413","United States","","","","{
  ""city"": ""Lubbock"",
  ""country"": ""United States"",
  ""countryCode"": ""US"",
  ""geocodeAccuracy"": null,
  ""latitude"": null,
  ""longitude"": null,
  ""postalCode"": ""79413"",
  ""state"": ""Texas"",
  ""stateCode"": ""TX"",
  ""street"": ""2904 50TH ST""
}","(806) 744-7737","","/services/images/photo/001Hr00001qVdbOIAS","","","","2023-10-10 12:02:54 PM","2026-03-11 10:01:48 AM","2026-04-16 7:14:22 AM","2026-04-16","","","TRUE","","","","","","","FALSE","FALSE","","FALSE","","","","","2576","K12 Scholastic","","Texas - Lubbock","","","","","","","","","","","","","West","","","","","","","","","","","001Hr00001qVdbOIAS","","","","","","","","","","","","","","","","","1112533","","3418164.862","78","30.4","","2022-10-03","4","","Golden Eagle","","","","","","","","","","","","","","","","","","","","","","","","","","","","","","","","","","","","","","","","","","","","","","","","","","","","","","","","","","","","","","","","","","","","","","","","","","","","","","","33.549049","-101.8783985","","","","","","","","","","","","","","","","","","","","","","","","","","","","","","","","","","","","","","","001Hr00001qVdbOIAS","Active","","0","TRUE","1899-12-30","","county summary query/Acct_Rcvbl_Nbr in* 'VALUE(Customer_Number__c)'","","","0","TRUE","FALSE","FALSE","","","","","","FALSE","{
  ""attributes"": {
    ""type"": ""RecordType"",
    ""url"": ""/services/data/v61.0/sobjects/RecordType/012Hr0000008HfoIAE""
  },
  ""Id"": ""012Hr0000008HfoIAE"",
  ""Name"": ""ISP Office""
}","2026-04-18 11:35:55 AM","A0616414","WEST TEXAS GRAD SERV-LUBBOCK #2576"
"salesoffice","","","FALSE","HOWARD BYRD #2525","14768 SW 148TH TERRACE","Tigard","OR","97224","United States","45.41301","-122.82893","","{
  ""city"": ""Tigard"",
  ""country"": ""United States"",
  ""countryCode"": ""US"",
  ""geocodeAccuracy"": null,
  ""latitude"": 45.41301,
  ""longitude"": -122.82893,
  ""postalCode"": ""97224"",
  ""state"": ""OR"",
  ""stateCode"": ""OR"",
  ""street"": ""14768 SW 148TH TERRACE""
}","14768 SW 148TH TERRACE","Tigard","OR","97224","United States","","","","{
  ""city"": ""Tigard"",
  ""country"": ""United States"",
  ""countryCode"": ""US"",
  ""geocodeAccuracy"": null,
  ""latitude"": null,
  ""longitude"": null,
  ""postalCode"": ""97224"",
  ""state"": ""OR"",
  ""stateCode"": ""OR"",
  ""street"": ""14768 SW 148TH TERRACE""
}","(503) 701-9214","","/services/images/photo/001Hr00001qVdbSIAS","","","","2023-10-10 12:02:54 PM","2025-10-31 10:37:20 AM","2026-04-16 10:32:58 AM","2026-04-16","","","FALSE","","","","","","","FALSE","FALSE","","FALSE","","","","","2525","College","","OR - Tigard","","","","","","","","","","","","","West","","","","","","","","","","","001Hr00001qVdbSIAS","","","","","","","","","","","","","","","","","1200631","","12302540.18","67","19.1","","2009-06-01","17","","Golden Eagle","","","","","","","","","","","","","","","","","","","","","","","","","","","","","","","","","","","","","","","","","","","","","","","","","","","","","","","","","","","","","","","","","","","","","","","","","","","","","","","45.4130145","-122.8289304","","","","","","","","","","","","","","","","","","","","","","","","","","","","","","","","","","","","","","","001Hr00001qVdbSIAS","Active","","0","FALSE","1899-12-30","","county summary query/Acct_Rcvbl_Nbr in* 'VALUE(Customer_Number__c)'","","","0","FALSE","FALSE","FALSE","","","","","","FALSE","{
  ""attributes"": {
    ""type"": ""RecordType"",
    ""url"": ""/services/data/v61.0/sobjects/RecordType/012Hr0000008HfoIAE""
  },
  ""Id"": ""012Hr0000008HfoIAE"",
  ""Name"": ""ISP Office""
}","2026-04-18 11:35:55 AM","A0616415","HOWARD BYRD #2525"
"salesoffice","","","FALSE","SCHOLASTIC IMAGES, INC. #4382","2955 HORIZON PARK DR SUITE D","Suwanee","Georgia","30024","United States","34.02904","-84.04111","","{
  ""city"": ""Suwanee"",
  ""country"": ""United States"",
  ""countryCode"": ""US"",
  ""geocodeAccuracy"": null,
  ""latitude"": 34.02904,
  ""longitude"": -84.04111,
  ""postalCode"": ""30024"",
  ""state"": ""Georgia"",
  ""stateCode"": ""GA"",
  ""street"": ""2955 HORIZON PARK DR SUITE D""
}","2955 HORIZON PARK DR SUITE D","Suwanee","Georgia","30024","United States","","","","{
  ""city"": ""Suwanee"",
  ""country"": ""United States"",
  ""countryCode"": ""US"",
  ""geocodeAccuracy"": null,
  ""latitude"": null,
  ""longitude"": null,
  ""postalCode"": ""30024"",
  ""state"": ""Georgia"",
  ""stateCode"": ""GA"",
  ""street"": ""2955 HORIZON PARK DR SUITE D""
}","(404)473-0115","","/services/images/photo/001Hr00001qVdbUIAS","","","","2023-10-10 12:02:54 PM","2026-03-23 12:24:35 PM","2026-04-07 1:02:33 PM","2026-04-07","","","TRUE","","","","","","","FALSE","FALSE","","FALSE","","","","","4382","K12 Scholastic","","Georgia - Suwanee","","","","","","","","","","","","","East","","","","","","","","","","","001Hr00001qVdbUIAS","","","","","","","","","","","","","","","","","878330","","2886621.849","76","34","","2021-08-06","5","","","","","","","","","","","","","","","","","","","","","","","","","","","","","","","","","","","","","","","","","","","","","","","","","","","","","","","","","","","","","","","","","","","","","","","","","","","","","","","","","34.0290728","-84.0410458","","","","","","","","","","","","","","","","","","","","","","","","","","","","","","","","","","","","","","","001Hr00001qVdbUIAS","Active","","0","FALSE","1899-12-30","","county summary query/Acct_Rcvbl_Nbr in* 'VALUE(Customer_Number__c)'","","","0","FALSE","FALSE","FALSE","","","","","","FALSE","{
  ""attributes"": {
    ""type"": ""RecordType"",
    ""url"": ""/services/data/v61.0/sobjects/RecordType/012Hr0000008HfoIAE""
  },
  ""Id"": ""012Hr0000008HfoIAE"",
  ""Name"": ""ISP Office""
}","2026-04-18 11:35:55 AM","A0616416","SCHOLASTIC IMAGES, INC. #4382"
"salesoffice","","","FALSE","SHREWSBURY'S GRADUATE SUPPLIES LLC #0627","4634 LAWRENCEVILLE HIGHWAY","Lilburn","Georgia","30047","United States","33.89814","-84.13654","","{
  ""city"": ""Lilburn"",
  ""country"": ""United States"",
  ""countryCode"": ""US"",
  ""geocodeAccuracy"": null,
  ""latitude"": 33.89814,
  ""longitude"": -84.13654,
  ""postalCode"": ""30047"",
  ""state"": ""Georgia"",
  ""stateCode"": ""GA"",
  ""street"": ""4634 LAWRENCEVILLE HIGHWAY""
}","4634 LAWRENCEVILLE HIGHWAY SUITE B","Lilburn","Georgia","30047","United States","","","","{
  ""city"": ""Lilburn"",
  ""country"": ""United States"",
  ""countryCode"": ""US"",
  ""geocodeAccuracy"": null,
  ""latitude"": null,
  ""longitude"": null,
  ""postalCode"": ""30047"",
  ""state"": ""Georgia"",
  ""stateCode"": ""GA"",
  ""street"": ""4634 LAWRENCEVILLE HIGHWAY SUITE B""
}","7709219022","","/services/images/photo/001Hr00001qVdbVIAS","","","","2023-10-10 12:02:54 PM","2026-03-23 12:24:20 PM","2026-04-13 3:10:53 PM","2026-04-13","","","TRUE","","","","","","","FALSE","FALSE","","FALSE","","","","","0627","K12 Scholastic","","Georgia - Lilburn","","","","","","","","","","","","","East","","","","","","","","","","","001Hr00001qVdbVIAS","","","","","","","","","","","","","","","","","2590175","","5377033.456","115","50","","2021-07-20","5","","Hall of Fame;Eagle","","","","","","","","","","","","","","","","","","","","","","","","","","","","","","","","","","","","","","","","","","","","","","","","","","","","","","","","","","","","","","","","","","","","","","","","","","","","","","","33.8981773","-84.1366141","","","","","","","","","","","","","","","","","","","","","","","","","","","","","","","","","","","","","","","001Hr00001qVdbVIAS","Active","","0","FALSE","1899-12-30","","county summary query/Acct_Rcvbl_Nbr in* 'VALUE(Customer_Number__c)'","","","0","FALSE","FALSE","FALSE","","","","","","FALSE","{
  ""attributes"": {
    ""type"": ""RecordType"",
    ""url"": ""/services/data/v61.0/sobjects/RecordType/012Hr0000008HfoIAE""
  },
  ""Id"": ""012Hr0000008HfoIAE"",
  ""Name"": ""ISP Office""
}","2026-04-18 11:35:55 AM","A0616417","SHREWSBURY'S GRADUATE SUPPLIES LLC #0627"
"salesoffice","","","FALSE","ACD CAVAZOS, LLC #1153","11216 FALL CREEK ROAD SUITE 120","Indianapolis","IN","46256","United States","39.93481","-85.95037","","{
  ""city"": ""Indianapolis"",
  ""country"": ""United States"",
  ""countryCode"": ""US"",
  ""geocodeAccuracy"": null,
  ""latitude"": 39.93481,
  ""longitude"": -85.95037,
  ""postalCode"": ""46256"",
  ""state"": ""IN"",
  ""stateCode"": ""IN"",
  ""street"": ""11216 FALL CREEK ROAD SUITE 120""
}","11216 FALL CREEK ROAD SUITE 120","Indianapolis","IN","46256","United States","","","","{
  ""city"": ""Indianapolis"",
  ""country"": ""United States"",
  ""countryCode"": ""US"",
  ""geocodeAccuracy"": null,
  ""latitude"": null,
  ""longitude"": null,
  ""postalCode"": ""46256"",
  ""state"": ""IN"",
  ""stateCode"": ""IN"",
  ""street"": ""11216 FALL CREEK ROAD SUITE 120""
}","(317) 578-8130","","/services/images/photo/001Hr00001qVdbXIAS","","","","2023-10-10 12:02:54 PM","2025-10-31 10:37:20 AM","2026-03-25 1:06:14 PM","2026-03-25","","","TRUE","","","","","","","FALSE","FALSE","","FALSE","","","","","1153","College","","IN - Indianapolis","","","","","","","","","","","","","West","","","","","","","","","","","001Hr00001qVdbXIAS","","","","","","","","","","","","","","","","","2989464","","8402671.187","138","46","","2003-02-01","24","","","","","","","","","","","","","","","","","","","","","","","","","","","","","","","","","","","","","","","","","","","","","","","","","","","","","","","","","","","","","","","","","","","","","","","","","","","","","","","","","39.934820","-85.950370","","","","","","","","","","","","","","","","","","","","","","","","","","","","","","","","","","","","","","","001Hr00001qVdbXIAS","Active","","0","FALSE","1899-12-30","","county summary query/Acct_Rcvbl_Nbr in* 'VALUE(Customer_Number__c)'","","","0","FALSE","FALSE","FALSE","","","","","","FALSE","{
  ""attributes"": {
    ""type"": ""RecordType"",
    ""url"": ""/services/data/v61.0/sobjects/RecordType/012Hr0000008HfoIAE""
  },
  ""Id"": ""012Hr0000008HfoIAE"",
  ""Name"": ""ISP Office""
}","2026-04-18 11:35:55 AM","A0616418","ACD CAVAZOS, LLC #1153"
"salesoffice","","","FALSE","SUN CITY GRADUATION SERVICES LLC #0054","8900 AN-VISCOUNT #308","El Paso","Texas","79925","United States","31.77391","-106.37126","","{
  ""city"": ""El Paso"",
  ""country"": ""United States"",
  ""countryCode"": ""US"",
  ""geocodeAccuracy"": null,
  ""latitude"": 31.77391,
  ""longitude"": -106.37126,
  ""postalCode"": ""79925"",
  ""state"": ""Texas"",
  ""stateCode"": ""TX"",
  ""street"": ""8900 AN-VISCOUNT #308""
}","8900 AN-VISCOUNT #308","El Paso","Texas","79925","United States","","","","{
  ""city"": ""El Paso"",
  ""country"": ""United States"",
  ""countryCode"": ""US"",
  ""geocodeAccuracy"": null,
  ""latitude"": null,
  ""longitude"": null,
  ""postalCode"": ""79925"",
  ""state"": ""Texas"",
  ""stateCode"": ""TX"",
  ""street"": ""8900 AN-VISCOUNT #308""
}","9155935777","","/services/images/photo/001Hr00001qVdbYIAS","","","","2023-10-10 12:02:54 PM","2026-03-11 10:01:48 AM","2026-04-06 9:30:26 AM","2026-04-06","","","TRUE","","","","","","","FALSE","FALSE","","FALSE","","","","","0054","K12 Scholastic","","Texas - El Paso","","","","","","","","","","","","","West","","","","","","","","","","","001Hr00001qVdbYIAS","","","","","","","","","","","","","","","","","1454426","","3623025.148","69","39","","1999-05-01","27","","Pinnacle","","","","","","","","","","","","","","","","","","","","","","","","","","","","","","","","","","","","","","","","","","","","","","","","","","","","","","","","","","","","","","","","","","","","","","","","","","","","","","","31.7737876","-106.3719369","","","","","","","","","","","","","","","","","","","","","","","","","","","","","","","","","","","","","","","001Hr00001qVdbYIAS","Active","","0","FALSE","1899-12-30","","county summary query/Acct_Rcvbl_Nbr in* 'VALUE(Customer_Number__c)'","","","0","TRUE","FALSE","FALSE","","","","","","FALSE","{
  ""attributes"": {
    ""type"": ""RecordType"",
    ""url"": ""/services/data/v61.0/sobjects/RecordType/012Hr0000008HfoIAE""
  },
  ""Id"": ""012Hr0000008HfoIAE"",
  ""Name"": ""ISP Office""
}","2026-04-18 11:35:55 AM","A0616419","SUN CITY GRADUATION SERVICES LLC #0054"
"salesoffice","","","FALSE","THE ROUDABUSH GROUP, INC. #0637","2020 NEW DORSET RD","Powhattan","Virginia","23139","United States","37.5147","-77.81045","","{
  ""city"": ""Powhattan"",
  ""country"": ""United States"",
  ""countryCode"": ""US"",
  ""geocodeAccuracy"": null,
  ""latitude"": 37.5147,
  ""longitude"": -77.81045,
  ""postalCode"": ""23139"",
  ""state"": ""Virginia"",
  ""stateCode"": ""VA"",
  ""street"": ""2020 NEW DORSET RD""
}","2020 NEW DORSET RD","Powhattan","Virginia","23139","United States","","","","{
  ""city"": ""Powhattan"",
  ""country"": ""United States"",
  ""countryCode"": ""US"",
  ""geocodeAccuracy"": null,
  ""latitude"": null,
  ""longitude"": null,
  ""postalCode"": ""23139"",
  ""state"": ""Virginia"",
  ""stateCode"": ""VA"",
  ""street"": ""2020 NEW DORSET RD""
}","(804) 598-0971","","/services/images/photo/001Hr00001qVdbZIAS","","","","2023-10-10 12:02:54 PM","2026-03-23 11:43:52 AM","2026-04-17 11:06:46 AM","2026-04-17","","","TRUE","","","","","","","FALSE","FALSE","","FALSE","","","","","0637","K12 Scholastic","","Virginia - Powhattan","","","","","","","","","","","","","East","","","","","","","","","","","001Hr00001qVdbZIAS","","","","","","","","","","","","","","","","","3781917","","17480491.08","191","28","","2021-11-15","5","","Hall of Fame","","","","","","","","","","","","","","","","","","","","","","","","","","","","","","","","","","","","","","","","","","","","","","","","","","","","","","","","","","","","","","","","","","","","","","","","","","","","","","","37.5147222","-77.8105409","","","","","","","","","","","","","","","","","","","","","","","","","","","","","","","","","","","","","","","001Hr00001qVdbZIAS","Active","","0","FALSE","1899-12-30","","county summary query/Acct_Rcvbl_Nbr in* 'VALUE(Customer_Number__c)'","","","0","TRUE","FALSE","FALSE","","","","","","FALSE","{
  ""attributes"": {
    ""type"": ""RecordType"",
    ""url"": ""/services/data/v61.0/sobjects/RecordType/012Hr0000008HfoIAE""
  },
  ""Id"": ""012Hr0000008HfoIAE"",
  ""Name"": ""ISP Office""
}","2026-04-18 11:35:55 AM","A0616420","THE ROUDABUSH GROUP, INC. #0637"
"salesoffice","","","FALSE","REED RING CORPORATION #3611","55 NORTHERN BLVD. SUITE LL 01","Great Neck","New York","11021","United States","40.77437","-73.73309","","{
  ""city"": ""Great Neck"",
  ""country"": ""United States"",
  ""countryCode"": ""US"",
  ""geocodeAccuracy"": null,
  ""latitude"": 40.77437,
  ""longitude"": -73.73309,
  ""postalCode"": ""11021"",
  ""state"": ""New York"",
  ""stateCode"": ""NY"",
  ""street"": ""55 NORTHERN BLVD. SUITE LL 01""
}","55 NORTHERN BLVD. SUITE LL 01","Great Neck","New York","11021","United States","","","","{
  ""city"": ""Great Neck"",
  ""country"": ""United States"",
  ""countryCode"": ""US"",
  ""geocodeAccuracy"": null,
  ""latitude"": null,
  ""longitude"": null,
  ""postalCode"": ""11021"",
  ""state"": ""New York"",
  ""stateCode"": ""NY"",
  ""street"": ""55 NORTHERN BLVD. SUITE LL 01""
}","(718) 461-7333","","/services/images/photo/001Hr00001qVdbaIAC","","","","2023-10-10 12:02:54 PM","2026-03-23 12:01:48 PM","2026-04-17 4:05:38 PM","2026-04-17","","","TRUE","","","","","","","FALSE","FALSE","","FALSE","","","","","3611","K12 Scholastic","","New York - Great Neck","","","","","","","","","","","","","East","","","","","","","","","","","001Hr00001qVdbaIAC","","","","","","","","","","","","","","","","","102293","","3747198.988","96","3.1","","2015-01-01","12","","","","","","","","","","","","","","","","","","","","","","","","","","","","","","","","","","","","","","","","","","","","","","","","","","","","","","","","","","","","","","","","","","","","","","","","","","","","","","","","","40.7743818","-73.7330552","","","","","","","","","","","","","","","","","","","","","","","","","","","","","","","","","","","","","","","001Hr00001qVdbaIAC","Active","","0","FALSE","1899-12-30","","county summary query/Acct_Rcvbl_Nbr in* 'VALUE(Customer_Number__c)'","","","0","TRUE","FALSE","FALSE","","","","","","FALSE","{
  ""attributes"": {
    ""type"": ""RecordType"",
    ""url"": ""/services/data/v61.0/sobjects/RecordType/012Hr0000008HfoIAE""
  },
  ""Id"": ""012Hr0000008HfoIAE"",
  ""Name"": ""ISP Office""
}","2026-04-18 11:35:55 AM","A0616421","REED RING CORPORATION #3611"
"salesoffice","","","FALSE","AMPERSAND SALES & MARKETING INC #4242","717 West Julian Street","San Jose","CA","95126","US","37.33402","-121.90695","","{
  ""city"": ""San Jose"",
  ""country"": ""US"",
  ""countryCode"": ""US"",
  ""geocodeAccuracy"": null,
  ""latitude"": 37.33402,
  ""longitude"": -121.90695,
  ""postalCode"": ""95126"",
  ""state"": ""CA"",
  ""stateCode"": ""CA"",
  ""street"": ""717 West Julian Street""
}","717 West Julian Street","San Jose","CA","95126","US","","","","{
  ""city"": ""San Jose"",
  ""country"": ""US"",
  ""countryCode"": ""US"",
  ""geocodeAccuracy"": null,
  ""latitude"": null,
  ""longitude"": null,
  ""postalCode"": ""95126"",
  ""state"": ""CA"",
  ""stateCode"": ""CA"",
  ""street"": ""717 West Julian Street""
}","(408) 234-9749","","/services/images/photo/001Hr00001qVdbbIAC","","","","2023-10-10 12:02:54 PM","2025-10-31 10:37:20 AM","2026-03-22 1:03:01 PM","2026-03-22","","","TRUE","","","","","","","FALSE","FALSE","","FALSE","","","","","4242","College","","CA - San Jose","","","","","","","","","","","","","West","","","","","","","","","","","001Hr00001qVdbbIAC","","","","","","","","","","","","","","","","","3990298","","6465804.146","93","45.5","","2021-09-07","5","","Pinnacle","","","","","","","","","","","","","","","","","","","","","","","","","","","","","","","","","","","","","","","","","","","","","","","","","","","","","","","","","","","","","","","","","","","","","","","","","","","","","","","37.333981","-121.9068506","","","","","","","","","","","","","","","","","","","","","","","","","","","","","","","","","","","","","","","001Hr00001qVdbbIAC","Active","","0","FALSE","1899-12-30","","county summary query/Acct_Rcvbl_Nbr in* 'VALUE(Customer_Number__c)'","","","0","FALSE","FALSE","FALSE","","","","","","FALSE","{
  ""attributes"": {
    ""type"": ""RecordType"",
    ""url"": ""/services/data/v61.0/sobjects/RecordType/012Hr0000008HfoIAE""
  },
  ""Id"": ""012Hr0000008HfoIAE"",
  ""Name"": ""ISP Office""
}","2026-04-18 11:35:55 AM","A0616422","AMPERSAND SALES & MARKETING INC #4242"
"salesoffice","","","FALSE","A-ONE GRADUATION SERVICES LLC #4243","4461 EVERGREEN TRAIL","Carmel","Indiana","46074","United States","39.99593","-86.23513","","{
  ""city"": ""Carmel"",
  ""country"": ""United States"",
  ""countryCode"": ""US"",
  ""geocodeAccuracy"": null,
  ""latitude"": 39.99593,
  ""longitude"": -86.23513,
  ""postalCode"": ""46074"",
  ""state"": ""Indiana"",
  ""stateCode"": ""IN"",
  ""street"": ""4461 EVERGREEN TRAIL""
}","4461 EVERGREEN TRAIL","Carmel","Indiana","46074","United States","","","","{
  ""city"": ""Carmel"",
  ""country"": ""United States"",
  ""countryCode"": ""US"",
  ""geocodeAccuracy"": null,
  ""latitude"": null,
  ""longitude"": null,
  ""postalCode"": ""46074"",
  ""state"": ""Indiana"",
  ""stateCode"": ""IN"",
  ""street"": ""4461 EVERGREEN TRAIL""
}","8662385336","","/services/images/photo/001Hr00001qVdbdIAC","","","","2023-10-10 12:02:54 PM","2026-03-23 11:57:20 AM","2026-04-08 10:34:33 AM","2026-04-27","","","TRUE","","","","","","","FALSE","FALSE","","FALSE","","","","","4243","K12 Scholastic","","Indiana - Carmel","","","","","","","","","","","","","East","","","","","","","","","","","001Hr00001qVdbdIAC","","","","","","","","","","","","","","","","","714763","","1313704.319","47","39.2","","2003-04-16","24","","Golden Eagle","","","","","","","","","","","","","","","","","","","","","","","","","","","","","","","","","","","","","","","","","","","","","","","","","","","","","","","","","","","","","","","","","","","","","","","","","","","","","","","39.9959262","-86.2351329","","","","","","","","","","","","","","","","","","","","","","","","","","","","","","","","","","","","","","","001Hr00001qVdbdIAC","Active","","0","FALSE","1899-12-30","","county summary query/Acct_Rcvbl_Nbr in* 'VALUE(Customer_Number__c)'","","","0","FALSE","FALSE","FALSE","","","","","","FALSE","{
  ""attributes"": {
    ""type"": ""RecordType"",
    ""url"": ""/services/data/v61.0/sobjects/RecordType/012Hr0000008HfoIAE""
  },
  ""Id"": ""012Hr0000008HfoIAE"",
  ""Name"": ""ISP Office""
}","2026-04-18 11:35:55 AM","A0616423","A-ONE GRADUATION SERVICES LLC #4243"
"salesoffice","","","FALSE","CLARKE COLLEGIATE PRODUCTS INC #1227","2769 Marion Street","Bellmore","NY","11710","United States","40.66331","-73.52346","","{
  ""city"": ""Bellmore"",
  ""country"": ""United States"",
  ""countryCode"": ""US"",
  ""geocodeAccuracy"": null,
  ""latitude"": 40.66331,
  ""longitude"": -73.52346,
  ""postalCode"": ""11710"",
  ""state"": ""NY"",
  ""stateCode"": ""NY"",
  ""street"": ""2769 Marion Street""
}","2769 Marion Street","Bellmore","NY","11710","United States","","","","{
  ""city"": ""Bellmore"",
  ""country"": ""United States"",
  ""countryCode"": ""US"",
  ""geocodeAccuracy"": null,
  ""latitude"": null,
  ""longitude"": null,
  ""postalCode"": ""11710"",
  ""state"": ""NY"",
  ""stateCode"": ""NY"",
  ""street"": ""2769 Marion Street""
}","(516) 781-5928","","/services/images/photo/001Hr00001qVdbeIAC","","","","2023-10-10 12:02:54 PM","2025-10-31 10:37:20 AM","2026-03-25 1:04:31 PM","2026-03-25","","","FALSE","","","","","","","FALSE","FALSE","","FALSE","","","","","1227","College","","NY - Bellmore","","","","","","","","","","","","","East","","","","","","","","","","","001Hr00001qVdbeIAC","","","","","","","","","","","","","","","","","2805968","","8408608.517","129","31","","2003-05-15","23","","Hall of Fame","","","","","","","","","","","","","","","","","","","","","","","","","","","","","","","","","","","","","","","","","","","","","","","","","","","","","","","","","","","","","","","","","","","","","","","","","","","","","","","40.6632888","-73.5234519","","","","","","","","","","","","","","","","","","","","","","","","","","","","","","","","","","","","","","","001Hr00001qVdbeIAC","Active","","0","FALSE","1899-12-30","","county summary query/Acct_Rcvbl_Nbr in* 'VALUE(Customer_Number__c)'","","","0","FALSE","FALSE","FALSE","","","","","","FALSE","{
  ""attributes"": {
    ""type"": ""RecordType"",
    ""url"": ""/services/data/v61.0/sobjects/RecordType/012Hr0000008HfoIAE""
  },
  ""Id"": ""012Hr0000008HfoIAE"",
  ""Name"": ""ISP Office""
}","2026-04-18 11:35:55 AM","A0616424","CLARKE COLLEGIATE PRODUCTS INC #1227"
"salesoffice","","","FALSE","CENTRAL TEXAS RECOGNITION INC #2620","197 REPUBLIC DRIVE, SUITE 105","Kyle","Texas","78640","United States","30.02032","-97.84704","","{
  ""city"": ""Kyle"",
  ""country"": ""United States"",
  ""countryCode"": ""US"",
  ""geocodeAccuracy"": null,
  ""latitude"": 30.02032,
  ""longitude"": -97.84704,
  ""postalCode"": ""78640"",
  ""state"": ""Texas"",
  ""stateCode"": ""TX"",
  ""street"": ""197 REPUBLIC DRIVE, SUITE 105""
}","197 REPUBLIC DRIVE, SUITE 105","Kyle","Texas","78640","United States","","","","{
  ""city"": ""Kyle"",
  ""country"": ""United States"",
  ""countryCode"": ""US"",
  ""geocodeAccuracy"": null,
  ""latitude"": null,
  ""longitude"": null,
  ""postalCode"": ""78640"",
  ""state"": ""Texas"",
  ""stateCode"": ""TX"",
  ""street"": ""197 REPUBLIC DRIVE, SUITE 105""
}","(512) 504-7100","","/services/images/photo/001Hr00001qVdbhIAC","","","","2023-10-10 12:02:54 PM","2026-03-11 10:01:48 AM","2026-04-14 1:01:13 PM","2026-04-14","","","TRUE","","","","","","","FALSE","FALSE","","FALSE","","","","","2620","K12 Scholastic","","Texas - Kyle","","","","","","","","","","","","","West","","","","","","","","","","","001Hr00001qVdbhIAC","","","","","","","","","","","","","","","","","2755489","","3118047.691","106","63.2","","2020-10-10","6","","Hall of Fame;Pinnacle","","","","","","","","","","","","","","","","","","","","","","","","","","","","","","","","","","","","","","","","","","","","","","","","","","","","","","","","","","","","","","","","","","","","","","","","","","","","","","","30.0202571","-97.8472682","","","","","","","","","","","","","","","","","","","","","","","","","","","","","","","","","","","","","","","001Hr00001qVdbhIAC","Active","","0","FALSE","1899-12-30","","county summary query/Acct_Rcvbl_Nbr in* 'VALUE(Customer_Number__c)'","","","0","TRUE","FALSE","FALSE","","","","","","FALSE","{
  ""attributes"": {
    ""type"": ""RecordType"",
    ""url"": ""/services/data/v61.0/sobjects/RecordType/012Hr0000008HfoIAE""
  },
  ""Id"": ""012Hr0000008HfoIAE"",
  ""Name"": ""ISP Office""
}","2026-04-18 11:35:55 AM","A0616425","CENTRAL TEXAS RECOGNITION INC #2620"
"salesoffice","","","FALSE","BRAD D. COOPER #4233","6311 S BROADWAY","Tyler","Texas","75703","United States","32.28076","-95.30778","","{
  ""city"": ""Tyler"",
  ""country"": ""United States"",
  ""countryCode"": ""US"",
  ""geocodeAccuracy"": null,
  ""latitude"": 32.28076,
  ""longitude"": -95.30778,
  ""postalCode"": ""75703"",
  ""state"": ""Texas"",
  ""stateCode"": ""TX"",
  ""street"": ""6311 S BROADWAY""
}","6311 S BROADWAY","Tyler","Texas","75703","United States","","","","{
  ""city"": ""Tyler"",
  ""country"": ""United States"",
  ""countryCode"": ""US"",
  ""geocodeAccuracy"": null,
  ""latitude"": null,
  ""longitude"": null,
  ""postalCode"": ""75703"",
  ""state"": ""Texas"",
  ""stateCode"": ""TX"",
  ""street"": ""6311 S BROADWAY""
}","9035923800","","/services/images/photo/001Hr00001qVdbjIAC","","","","2023-10-10 12:02:54 PM","2026-03-11 10:01:48 AM","2026-04-15 9:04:39 AM","2026-04-15","","","TRUE","","","","","","","FALSE","FALSE","","FALSE","","","","","4233","K12 Scholastic","","Texas - Tyler","","","","","","","","","","","","","West","","","","","","","","","","","001Hr00001qVdbjIAC","","","","","","","","","","","","","","","","","585663","","4576461.268","38","13.7","","2014-06-19","12","","Eagle","","","","","","","","","","","","","","","","","","","","","","","","","","","","","","","","","","","","","","","","","","","","","","","","","","","","","","","","","","","","","","","","","","","","","","","","","","","","","","","32.2807571","-95.3077768","","","","","","","","","","","","","","","","","","","","","","","","","","","","","","","","","","","","","","","001Hr00001qVdbjIAC","Active","","0","FALSE","1899-12-30","","county summary query/Acct_Rcvbl_Nbr in* 'VALUE(Customer_Number__c)'","","","0","TRUE","FALSE","FALSE","","","","","","FALSE","{
  ""attributes"": {
    ""type"": ""RecordType"",
    ""url"": ""/services/data/v61.0/sobjects/RecordType/012Hr0000008HfoIAE""
  },
  ""Id"": ""012Hr0000008HfoIAE"",
  ""Name"": ""ISP Office""
}","2026-04-18 11:35:55 AM","A0616426","BRAD D. COOPER #4233"
"salesoffice","","","FALSE","JAMES A CRANLEY LLC #0181","4921 W 95th Street","Oak Lawn","Illinois","60453","United States","41.71973","-87.74418","","{
  ""city"": ""Oak Lawn"",
  ""country"": ""United States"",
  ""countryCode"": ""US"",
  ""geocodeAccuracy"": null,
  ""latitude"": 41.71973,
  ""longitude"": -87.74418,
  ""postalCode"": ""60453"",
  ""state"": ""Illinois"",
  ""stateCode"": ""IL"",
  ""street"": ""4921 W 95th Street""
}","4921 West 95th Street","Oak Lawn","Illinois","60453","United States","","","","{
  ""city"": ""Oak Lawn"",
  ""country"": ""United States"",
  ""countryCode"": ""US"",
  ""geocodeAccuracy"": null,
  ""latitude"": null,
  ""longitude"": null,
  ""postalCode"": ""60453"",
  ""state"": ""Illinois"",
  ""stateCode"": ""IL"",
  ""street"": ""4921 West 95th Street""
}","7084250130","","/services/images/photo/001Hr00001qVdbnIAC","","","","2023-10-10 12:02:54 PM","2026-03-23 11:56:20 AM","2026-04-18 9:28:08 AM","2026-04-18","","","TRUE","","","","","","","FALSE","FALSE","","FALSE","","","","","0181","K12 Scholastic","","Illinois - Oak Lawn","","","","","","","","","","","","","East","","","","","","","","","","","001Hr00001qVdbnIAC","","","","","","","","","","","","","","","","","1179689","","6945270.244","100","17","","1992-01-22","35","","Hall of Fame","","","","","","","","","","","","","","","","","","","","","","","","","","","","","","","","","","","","","","","","","","","","","","","","","","","","","","","","","","","","","","","","","","","","","","","","","","","","","","","41.7198077","-87.7441856","","","","","","","","","","","","","","","","","","","","","","","","","","","","","","","","","","","","","","","001Hr00001qVdbnIAC","Active","","0","FALSE","1899-12-30","","county summary query/Acct_Rcvbl_Nbr in* 'VALUE(Customer_Number__c)'","","","0","FALSE","FALSE","FALSE","","","","","","FALSE","{
  ""attributes"": {
    ""type"": ""RecordType"",
    ""url"": ""/services/data/v61.0/sobjects/RecordType/012Hr0000008HfoIAE""
  },
  ""Id"": ""012Hr0000008HfoIAE"",
  ""Name"": ""ISP Office""
}","2026-04-18 11:35:55 AM","A0616427","JAMES A CRANLEY LLC #0181"
"salesoffice","","","FALSE","GRADUATE SERVICES OF PA, LLC #0134","6470 HUNTSMEN DR","Harrisburg","Pennsylvania","17111","United States","40.28332","-76.75087","","{
  ""city"": ""Harrisburg"",
  ""country"": ""United States"",
  ""countryCode"": ""US"",
  ""geocodeAccuracy"": null,
  ""latitude"": 40.28332,
  ""longitude"": -76.75087,
  ""postalCode"": ""17111"",
  ""state"": ""Pennsylvania"",
  ""stateCode"": ""PA"",
  ""street"": ""6470 HUNTSMEN DR""
}","6470 HUNTSMEN DR","Harrisburg","Pennsylvania","17111","United States","","","","{
  ""city"": ""Harrisburg"",
  ""country"": ""United States"",
  ""countryCode"": ""US"",
  ""geocodeAccuracy"": null,
  ""latitude"": null,
  ""longitude"": null,
  ""postalCode"": ""17111"",
  ""state"": ""Pennsylvania"",
  ""stateCode"": ""PA"",
  ""street"": ""6470 HUNTSMEN DR""
}","7175264373","","/services/images/photo/001Hr00001qVdbpIAC","","","","2023-10-10 12:02:54 PM","2026-03-11 10:00:27 AM","2026-04-17 8:27:53 AM","2026-04-17","","","TRUE","","","","","","","FALSE","FALSE","","FALSE","","","","","0134","K12 Scholastic","","Pennsylvania - Harrisburg","","","","","","","","","","","","","East","","","","","","","","","","","001Hr00001qVdbpIAC","","","","","","","","","","","","","","","","","459153","","3502043.68","75","12","","1991-02-01","36","","Hall of Fame","","","","","","","","","","","","","","","","","","","","","","","","","","","","","","","","","","","","","","","","","","","","","","","","","","","","","","","","","","","","","","","","","","","","","","","","","","","","","","","40.2831051","-76.7512605","","","","","","","","","","","","","","","","","","","","","","","","","","","","","","","","","","","","","","","001Hr00001qVdbpIAC","Active","","0","FALSE","1899-12-30","","county summary query/Acct_Rcvbl_Nbr in* 'VALUE(Customer_Number__c)'","","","0","FALSE","FALSE","FALSE","","","","","","FALSE","{
  ""attributes"": {
    ""type"": ""RecordType"",
    ""url"": ""/services/data/v61.0/sobjects/RecordType/012Hr0000008HfoIAE""
  },
  ""Id"": ""012Hr0000008HfoIAE"",
  ""Name"": ""ISP Office""
}","2026-04-18 11:35:55 AM","A0616428","GRADUATE SERVICES OF PA, LLC #0134"
"salesoffice","","","FALSE","ALFRED W. DE SANTIS #0175","P.O. BOX 340","Oceanport","New Jersey","07757","United States","40.308883","-74.0218492","","{
  ""city"": ""Oceanport"",
  ""country"": ""United States"",
  ""countryCode"": ""US"",
  ""geocodeAccuracy"": null,
  ""latitude"": 40.308883,
  ""longitude"": -74.0218492,
  ""postalCode"": ""07757"",
  ""state"": ""New Jersey"",
  ""stateCode"": ""NJ"",
  ""street"": ""P.O. BOX 340""
}","2 BLUEPOINT COVE","Oceanport","New Jersey","07757","United States","","","","{
  ""city"": ""Oceanport"",
  ""country"": ""United States"",
  ""countryCode"": ""US"",
  ""geocodeAccuracy"": null,
  ""latitude"": null,
  ""longitude"": null,
  ""postalCode"": ""07757"",
  ""state"": ""New Jersey"",
  ""stateCode"": ""NJ"",
  ""street"": ""2 BLUEPOINT COVE""
}","7322294044","","/services/images/photo/001Hr00001qVdbwIAC","","","","2023-10-10 12:02:54 PM","2026-03-11 10:00:27 AM","2026-04-02 3:10:33 PM","2026-04-02","","","TRUE","","","","","","","FALSE","FALSE","","FALSE","","","","","0175","K12 Scholastic","","New Jersey - Oceanport","","","","","","","","","","","","","East","","","","","","","","","","","001Hr00001qVdbwIAC","","","","","","","","","","","","","","","","","644947","","3474434.644","101","22","","1987-05-21","39","","Hall of Fame","","","","","","","","","","","","","","","","","","","","","","","","","","","","","","","","","","","","","","","","","","","","","","","","","","","","","","","","","","","","","","","","","","","","","","","","","","","","","","","40.322608","-74.014588","","","","","","","","","","","","","","","","","","","","","","","","","","","","","","","","","","","","","","","001Hr00001qVdbwIAC","Active","","0","FALSE","1899-12-30","","county summary query/Acct_Rcvbl_Nbr in* 'VALUE(Customer_Number__c)'","","","0","FALSE","FALSE","FALSE","","","","","","FALSE","{
  ""attributes"": {
    ""type"": ""RecordType"",
    ""url"": ""/services/data/v61.0/sobjects/RecordType/012Hr0000008HfoIAE""
  },
  ""Id"": ""012Hr0000008HfoIAE"",
  ""Name"": ""ISP Office""
}","2026-04-18 11:35:55 AM","A0616429","ALFRED W. DE SANTIS #0175"
"salesoffice","","","FALSE","GAMEDAY LLC #4310","310 1st Avenue East","Oneonta","Alabama","35121","United States","33.70338","-86.68541","","{
  ""city"": ""Oneonta"",
  ""country"": ""United States"",
  ""countryCode"": ""US"",
  ""geocodeAccuracy"": null,
  ""latitude"": 33.70338,
  ""longitude"": -86.68541,
  ""postalCode"": ""35121"",
  ""state"": ""Alabama"",
  ""stateCode"": ""AL"",
  ""street"": ""310 1st Avenue East""
}","310 1st Avenue East","Oneonta","Alabama","35121","United States","","","","{
  ""city"": ""Oneonta"",
  ""country"": ""United States"",
  ""countryCode"": ""US"",
  ""geocodeAccuracy"": null,
  ""latitude"": null,
  ""longitude"": null,
  ""postalCode"": ""35121"",
  ""state"": ""Alabama"",
  ""stateCode"": ""AL"",
  ""street"": ""310 1st Avenue East""
}","2056813737","","/services/images/photo/001Hr00001qVdc0IAC","","","","2023-10-10 12:02:54 PM","2026-03-23 11:45:51 AM","2026-04-17 8:35:03 AM","2026-04-17","","","TRUE","","","","","","","FALSE","FALSE","","FALSE","","","","","4310","K12 Scholastic","","Alabama - Oneonta","","","","","","","","","","","","","East","","","","","","","","","","","001Hr00001qVdc0IAC","","","","","","","","","","","","","","","","","823544","","4994254.502","77","21","","2020-11-13","6","","Pinnacle","","","","","","","","","","","","","","","","","","","","","","","","","","","","","","","","","","","","","","","","","","","","","","","","","","","","","","","","","","","","","","","","","","","","","","","","","","","","","","","33.7033592","-86.68531","","","","","","","","","","","","","","","","","","","","","","","","","","","","","","","","","","","","","","","001Hr00001qVdc0IAC","Active","","0","FALSE","1899-12-30","","county summary query/Acct_Rcvbl_Nbr in* 'VALUE(Customer_Number__c)'","","","0","FALSE","FALSE","TRUE","","","","","","FALSE","{
  ""attributes"": {
    ""type"": ""RecordType"",
    ""url"": ""/services/data/v61.0/sobjects/RecordType/012Hr0000008HfoIAE""
  },
  ""Id"": ""012Hr0000008HfoIAE"",
  ""Name"": ""ISP Office""
}","2026-04-18 11:35:55 AM","A0616430","GAMEDAY LLC #4310"
"salesoffice","","","FALSE","DILLY CAMPUS SUPPLY, LLC #4415","1221 LUMPKIN","Houston","Texas","77043","United States","29.79147","-95.55937","","{
  ""city"": ""Houston"",
  ""country"": ""United States"",
  ""countryCode"": ""US"",
  ""geocodeAccuracy"": null,
  ""latitude"": 29.79147,
  ""longitude"": -95.55937,
  ""postalCode"": ""77043"",
  ""state"": ""Texas"",
  ""stateCode"": ""TX"",
  ""street"": ""1221 LUMPKIN""
}","1221 LUMPKIN","Houston","Texas","77043","United States","","","","{
  ""city"": ""Houston"",
  ""country"": ""United States"",
  ""countryCode"": ""US"",
  ""geocodeAccuracy"": null,
  ""latitude"": null,
  ""longitude"": null,
  ""postalCode"": ""77043"",
  ""state"": ""Texas"",
  ""stateCode"": ""TX"",
  ""street"": ""1221 LUMPKIN""
}","(713)784-4990","","/services/images/photo/001Hr00001qVdc1IAC","","","","2023-10-10 12:02:54 PM","2026-03-11 10:21:36 AM","2026-04-18 7:56:21 AM","2026-04-18","","","TRUE","","","","","","","FALSE","FALSE","","FALSE","","","","","4415","K12 Scholastic","","Texas - Houston","","","","","","","","","","","","","West","","","","","","","","","","","001Hr00001qVdc1IAC","","","","","","","","","","","","","","","","","0","","4867312.067","93","0","","2022-08-01","4","","","","","","","","","","","","","","","","","","","","","","","","","","","","","","","","","","","","","","","","","","","","","","","","","","","","","","","","","","","","","","","","","","","","","","","","","","","","","","","","","29.791514","-95.5594979","","","","","","","","","","","","","","","","","","","","","","","","","","","","","","","","","","","","","","","001Hr00001qVdc1IAC","Active","","0","FALSE","1899-12-30","","county summary query/Acct_Rcvbl_Nbr in* 'VALUE(Customer_Number__c)'","","","0","TRUE","FALSE","FALSE","","","","","","FALSE","{
  ""attributes"": {
    ""type"": ""RecordType"",
    ""url"": ""/services/data/v61.0/sobjects/RecordType/012Hr0000008HfoIAE""
  },
  ""Id"": ""012Hr0000008HfoIAE"",
  ""Name"": ""ISP Office""
}","2026-04-18 11:35:55 AM","A0616431","DILLY CAMPUS SUPPLY, LLC #4415"
"salesoffice","","","FALSE","ILLINOIS SCHOOL SERVICES #0257","901 N. 1ST STREET","Dekalb","Illinois","60115","United States","41.94029","-88.75034","","{
  ""city"": ""Dekalb"",
  ""country"": ""United States"",
  ""countryCode"": ""US"",
  ""geocodeAccuracy"": null,
  ""latitude"": 41.94029,
  ""longitude"": -88.75034,
  ""postalCode"": ""60115"",
  ""state"": ""Illinois"",
  ""stateCode"": ""IL"",
  ""street"": ""901 N. 1ST STREET""
}","901 N. 1ST STREET","Dekalb","Illinois","60115","United States","","","","{
  ""city"": ""Dekalb"",
  ""country"": ""United States"",
  ""countryCode"": ""US"",
  ""geocodeAccuracy"": null,
  ""latitude"": null,
  ""longitude"": null,
  ""postalCode"": ""60115"",
  ""state"": ""Illinois"",
  ""stateCode"": ""IL"",
  ""street"": ""901 N. 1ST STREET""
}","8157564743","","/services/images/photo/001Hr00001qVdc7IAC","","","","2023-10-10 12:02:54 PM","2026-03-23 11:56:02 AM","2026-04-13 3:42:30 PM","2026-04-13","","","TRUE","","","","","","","FALSE","FALSE","","FALSE","","","","","0257","K12 Scholastic","","Illinois - Dekalb","","","","","","","","","","","","","East","","","","","","","","","","","001Hr00001qVdc7IAC","","","","","","","","","","","","","","","","","1499870","","10434835.2","154","19","","1991-03-01","36","","Hall of Fame","","","","","","","","","","","","","","","","","","","","","","","","","","","","","","","","","","","","","","","","","","","","","","","","","","","","","","","","","","","","","","","","","","","","","","","","","","","","","","","41.7198077","-87.7441856","","","","","","","","","","","","","","","","","","","","","","","","","","","","","","","","","","","","","","","001Hr00001qVdc7IAC","Active","","0","FALSE","1899-12-30","","county summary query/Acct_Rcvbl_Nbr in* 'VALUE(Customer_Number__c)'","","","0","FALSE","FALSE","FALSE","","","","","","FALSE","{
  ""attributes"": {
    ""type"": ""RecordType"",
    ""url"": ""/services/data/v61.0/sobjects/RecordType/012Hr0000008HfoIAE""
  },
  ""Id"": ""012Hr0000008HfoIAE"",
  ""Name"": ""ISP Office""
}","2026-04-18 11:35:55 AM","A0616432","ILLINOIS SCHOOL SERVICES #0257"
"salesoffice","","","FALSE","HUEY L. FEAGIN #1258","P.O. BOX 361845","Birmingham","AL","35236","United States","33.63277","-86.65254","","{
  ""city"": ""Birmingham"",
  ""country"": ""United States"",
  ""countryCode"": ""US"",
  ""geocodeAccuracy"": null,
  ""latitude"": 33.63277,
  ""longitude"": -86.65254,
  ""postalCode"": ""35236"",
  ""state"": ""AL"",
  ""stateCode"": ""AL"",
  ""street"": ""P.O. BOX 361845""
}","261 Spring Drive","Shelby","AL","35143","United States","","","","{
  ""city"": ""Shelby"",
  ""country"": ""United States"",
  ""countryCode"": ""US"",
  ""geocodeAccuracy"": null,
  ""latitude"": null,
  ""longitude"": null,
  ""postalCode"": ""35143"",
  ""state"": ""AL"",
  ""stateCode"": ""AL"",
  ""street"": ""261 Spring Drive""
}","(205) 408-0202","","/services/images/photo/001Hr00001qVdc9IAC","","","","2023-10-10 12:02:54 PM","2025-10-31 10:37:20 AM","2026-03-25 1:03:35 PM","2026-03-25","","","FALSE","","","","","","","FALSE","FALSE","","FALSE","","","","","1258","College","","AL - Shelby","","","","","","","","","","","","","East","","","","","","","","","","","001Hr00001qVdc9IAC","","","","","","","","","","","","","","","","","1254096","","10928643.38","136","18","","2003-08-18","23","","Pinnacle","","","","","","","","","","","","","","","","","","","","","","","","","","","","","","","","","","","","","","","","","","","","","","","","","","","","","","","","","","","","","","","","","","","","","","","","","","","","","","","33.0994578","-86.5302786","","","","","","","","","","","","","","","","","","","","","","","","","","","","","","","","","","","","","","","001Hr00001qVdc9IAC","Active","","0","FALSE","1899-12-30","","county summary query/Acct_Rcvbl_Nbr in* 'VALUE(Customer_Number__c)'","","","0","FALSE","FALSE","FALSE","","","","","","FALSE","{
  ""attributes"": {
    ""type"": ""RecordType"",
    ""url"": ""/services/data/v61.0/sobjects/RecordType/012Hr0000008HfoIAE""
  },
  ""Id"": ""012Hr0000008HfoIAE"",
  ""Name"": ""ISP Office""
}","2026-04-18 11:35:55 AM","A0616433","HUEY L. FEAGIN #1258"
"salesoffice","","","FALSE","OHIO GRADUATION PRODUCTS, INC. #0030","17 LAKELAND DRIVE","Reynoldsburg","OH","43068","United States","39.96161","-82.75196","","{
  ""city"": ""Reynoldsburg"",
  ""country"": ""United States"",
  ""countryCode"": ""US"",
  ""geocodeAccuracy"": null,
  ""latitude"": 39.96161,
  ""longitude"": -82.75196,
  ""postalCode"": ""43068"",
  ""state"": ""OH"",
  ""stateCode"": ""OH"",
  ""street"": ""17 LAKELAND DRIVE""
}","17 Lakeland Drive","Reynoldsburg","OH","43068","United States","","","","{
  ""city"": ""Reynoldsburg"",
  ""country"": ""United States"",
  ""countryCode"": ""US"",
  ""geocodeAccuracy"": null,
  ""latitude"": null,
  ""longitude"": null,
  ""postalCode"": ""43068"",
  ""state"": ""OH"",
  ""stateCode"": ""OH"",
  ""street"": ""17 Lakeland Drive""
}","(740) 927-2131","","/services/images/photo/001Hr00001qVdcAIAS","","","","2023-10-10 12:02:54 PM","2025-10-31 10:37:20 AM","2026-03-24 1:01:00 PM","2026-03-24","","","FALSE","","","","","","","FALSE","FALSE","","FALSE","","","","","0030","College","","OH - Reynoldsburg","","","","","","","","","","","","","East","","","","","","","","","","","001Hr00001qVdcAIAS","","","","","","","","","","","","","","","","","1384533","","8036919.061","79","19","","2005-07-01","21","","Pinnacle","","","","","","","","","","","","","","","","","","","","","","","","","","","","","","","","","","","","","","","","","","","","","","","","","","","","","","","","","","","","","","","","","","","","","","","","","","","","","","","39.9618239","-82.7519218","","","","","","","","","","","","","","","","","","","","","","","","","","","","","","","","","","","","","","","001Hr00001qVdcAIAS","Active","","0","FALSE","1899-12-30","","county summary query/Acct_Rcvbl_Nbr in* 'VALUE(Customer_Number__c)'","","","0","FALSE","FALSE","FALSE","","","","","","FALSE","{
  ""attributes"": {
    ""type"": ""RecordType"",
    ""url"": ""/services/data/v61.0/sobjects/RecordType/012Hr0000008HfoIAE""
  },
  ""Id"": ""012Hr0000008HfoIAE"",
  ""Name"": ""ISP Office""
}","2026-04-18 11:35:55 AM","A0616434","OHIO GRADUATION PRODUCTS, INC. #0030"
"salesoffice","","","FALSE","MARK HARRIS HJ INC #0454","204 NORTH MIDKIFF","Midland","Texas","79701","United States","31.99029","-102.11506","","{
  ""city"": ""Midland"",
  ""country"": ""United States"",
  ""countryCode"": ""US"",
  ""geocodeAccuracy"": null,
  ""latitude"": 31.99029,
  ""longitude"": -102.11506,
  ""postalCode"": ""79701"",
  ""state"": ""Texas"",
  ""stateCode"": ""TX"",
  ""street"": ""204 NORTH MIDKIFF""
}","204 NORTH MIDKIFF","Midland","Texas","79701","United States","","","","{
  ""city"": ""Midland"",
  ""country"": ""United States"",
  ""countryCode"": ""US"",
  ""geocodeAccuracy"": null,
  ""latitude"": null,
  ""longitude"": null,
  ""postalCode"": ""79701"",
  ""state"": ""Texas"",
  ""stateCode"": ""TX"",
  ""street"": ""204 NORTH MIDKIFF""
}","4326943013","","/services/images/photo/001Hr00001qVdcBIAS","","","","2023-10-10 12:02:54 PM","2026-03-11 10:02:49 AM","2026-03-11 10:02:49 AM","2026-02-28","","","TRUE","","","","","","","FALSE","FALSE","","FALSE","","","","","0454","K12 Scholastic","","Texas - Midland","","","","","","","","","","","","","West","","","","","","","","","","","001Hr00001qVdcBIAS","","","","","","","","","","","","","","","","","1610389","","3572804.573","64","47","","2015-08-01","11","","Pinnacle","","","","","","","","","","","","","","","","","","","","","","","","","","","","","","","","","","","","","","","","","","","","","","","","","","","","","","","","","","","","","","","","","","","","","","","","","","","","","","","31.9902901","-102.1150639","","","","","","","","","","","","","","","","","","","","","","","","","","","","","","","","","","","","","","","001Hr00001qVdcBIAS","Active","","0","TRUE","1899-12-30","","county summary query/Acct_Rcvbl_Nbr in* 'VALUE(Customer_Number__c)'","","","0","TRUE","FALSE","FALSE","","","","","","FALSE","{
  ""attributes"": {
    ""type"": ""RecordType"",
    ""url"": ""/services/data/v61.0/sobjects/RecordType/012Hr0000008HfoIAE""
  },
  ""Id"": ""012Hr0000008HfoIAE"",
  ""Name"": ""ISP Office""
}","2026-04-18 11:35:55 AM","A0616435","MARK HARRIS HJ INC #0454"
"salesoffice","","","FALSE","MIAMI GRAD. SERV INC #0072","7640 NW 25TH STREET UNIT #107","Miami","Florida","33122","United States","25.79484","-80.32039","","{
  ""city"": ""Miami"",
  ""country"": ""United States"",
  ""countryCode"": ""US"",
  ""geocodeAccuracy"": null,
  ""latitude"": 25.79484,
  ""longitude"": -80.32039,
  ""postalCode"": ""33122"",
  ""state"": ""Florida"",
  ""stateCode"": ""FL"",
  ""street"": ""7640 NW 25TH STREET UNIT #107""
}","7640 Northwest 25th Street","Miami","Florida","33152","United States","","","","{
  ""city"": ""Miami"",
  ""country"": ""United States"",
  ""countryCode"": ""US"",
  ""geocodeAccuracy"": null,
  ""latitude"": null,
  ""longitude"": null,
  ""postalCode"": ""33152"",
  ""state"": ""Florida"",
  ""stateCode"": ""FL"",
  ""street"": ""7640 Northwest 25th Street""
}","3054361163","","/services/images/photo/001Hr00001qVdcCIAS","","","","2023-10-10 12:02:54 PM","2026-03-23 11:48:46 AM","2026-03-27 1:08:26 PM","2026-03-27","","","TRUE","","","","","","","FALSE","FALSE","","FALSE","","","","","0072","K12 Scholastic","","Florida - Miami","","","","","","","","","","","","","East","","","","","","","","","","","001Hr00001qVdcCIAS","","","","","","","","","","","","","","","","","7273549","","16498054.79","488","59","","2006-05-01","20","","Hall of Fame;Pinnacle","","","","","","","","","","","","","","","","","","","","","","","","","","","","","","","","","","","","","","","","","","","","","","","","","","","","","","","","","","","","","","","","","","","","","","","","","","","","","","","25.7948916","-80.3203604","","","","","","","","","","","","","","","","","","","","","","","","","","","","","","","","","","","","","","","001Hr00001qVdcCIAS","Active","","0","FALSE","1899-12-30","","county summary query/Acct_Rcvbl_Nbr in* 'VALUE(Customer_Number__c)'","","","0","TRUE","FALSE","FALSE","","","","","","FALSE","{
  ""attributes"": {
    ""type"": ""RecordType"",
    ""url"": ""/services/data/v61.0/sobjects/RecordType/012Hr0000008HfoIAE""
  },
  ""Id"": ""012Hr0000008HfoIAE"",
  ""Name"": ""ISP Office""
}","2026-04-18 11:35:55 AM","A0616436","MIAMI GRAD. SERV INC #0072"
"salesoffice","","","FALSE","HERFF JONES FT. LAUDERDALE #5022","8230 W. STATE ROAD 84","Davie","Florida","33324","United States","26.1006","-80.25948","","{
  ""city"": ""Davie"",
  ""country"": ""United States"",
  ""countryCode"": ""US"",
  ""geocodeAccuracy"": null,
  ""latitude"": 26.1006,
  ""longitude"": -80.25948,
  ""postalCode"": ""33324"",
  ""state"": ""Florida"",
  ""stateCode"": ""FL"",
  ""street"": ""8230 W. STATE ROAD 84""
}","8230 W. STATE ROAD 84","Davie","Florida","33324","United States","","","","{
  ""city"": ""Davie"",
  ""country"": ""United States"",
  ""countryCode"": ""US"",
  ""geocodeAccuracy"": null,
  ""latitude"": null,
  ""longitude"": null,
  ""postalCode"": ""33324"",
  ""state"": ""Florida"",
  ""stateCode"": ""FL"",
  ""street"": ""8230 W. STATE ROAD 84""
}","(954)692-6052","","/services/images/photo/001Hr00001qVdcDIAS","","","","2023-10-10 12:02:54 PM","2026-03-23 12:23:41 PM","2026-04-15 4:01:37 PM","2026-06-22","","","TRUE","Southeast Region Channel","Florida","","","","","FALSE","FALSE","","FALSE","","","","","5022","K12 Scholastic","","Florida - Davie","","","","","","","","","","","","","East","","","","","","","","","","","001Hr00001qVdcDIAS","","","","","","","","","","","","","","","","","914919","","3218148.632","43","41.2","","2019-08-01","7","","Eagle","","","","","","","","","","","","","","","","","","","","","","","","","","","","","","","","","","","","","","","","","","","","","","","","","","","","","","","","","","","","","","","","","","","","","","","","","","","","","","","26.1005547","-80.2593382","","","","","","","","","","","","","","","","","","","","","","","","","","","","","","","","","","","","","","","001Hr00001qVdcDIAS","Active","","0","FALSE","1899-12-30","","county summary query/Acct_Rcvbl_Nbr in* 'VALUE(Customer_Number__c)'","","","0","FALSE","FALSE","TRUE","Koren Karlsen","","","","","FALSE","{
  ""attributes"": {
    ""type"": ""RecordType"",
    ""url"": ""/services/data/v61.0/sobjects/RecordType/012Hr0000008HfoIAE""
  },
  ""Id"": ""012Hr0000008HfoIAE"",
  ""Name"": ""ISP Office""
}","2026-04-18 11:35:55 AM","A0616437","HERFF JONES FT. LAUDERDALE #5022"
"salesoffice","","","FALSE","GRADUATE SALES INC #0265","138 SOUTH LINCOLN ROAD","Mount Pleasant","Michigan","48858-9048","United States","43.6385","-84.80865","","{
  ""city"": ""Mount Pleasant"",
  ""country"": ""United States"",
  ""countryCode"": ""US"",
  ""geocodeAccuracy"": null,
  ""latitude"": 43.6385,
  ""longitude"": -84.80865,
  ""postalCode"": ""48858-9048"",
  ""state"": ""Michigan"",
  ""stateCode"": ""MI"",
  ""street"": ""138 SOUTH LINCOLN ROAD""
}","138 SOUTH LINCOLN ROAD","Mount Pleasant","Michigan","48858-9048","United States","","","","{
  ""city"": ""Mount Pleasant"",
  ""country"": ""United States"",
  ""countryCode"": ""US"",
  ""geocodeAccuracy"": null,
  ""latitude"": null,
  ""longitude"": null,
  ""postalCode"": ""48858-9048"",
  ""state"": ""Michigan"",
  ""stateCode"": ""MI"",
  ""street"": ""138 SOUTH LINCOLN ROAD""
}","9897731337","","/services/images/photo/001Hr00001qVdcFIAS","","","","2023-10-10 12:02:54 PM","2026-03-11 10:00:27 AM","2026-03-27 1:31:47 PM","2026-06-22","","","TRUE","","","","","","","FALSE","FALSE","","FALSE","","","","","0265","K12 Scholastic","","Michigan - Mount Pleasant","","","","","","","","","","","","","East","","","","","","","","","","","001Hr00001qVdcFIAS","","","","","","","","","","","","","","","","","552217","","3201226.177","66","14","","1985-08-27","41","","Pinnacle","","","","","","","","","","","","","","","","","","","","","","","","","","","","","","","","","","","","","","","","","","","","","","","","","","","","","","","","","","","","","","","","","","","","","","","","","","","","","","","43.6383885","-84.8087427","","","","","","","","","","","","","","","","","","","","","","","","","","","","","","","","","","","","","","","001Hr00001qVdcFIAS","Active","","0","FALSE","1899-12-30","","county summary query/Acct_Rcvbl_Nbr in* 'VALUE(Customer_Number__c)'","","","0","FALSE","FALSE","FALSE","","","","","","FALSE","{
  ""attributes"": {
    ""type"": ""RecordType"",
    ""url"": ""/services/data/v61.0/sobjects/RecordType/012Hr0000008HfoIAE""
  },
  ""Id"": ""012Hr0000008HfoIAE"",
  ""Name"": ""ISP Office""
}","2026-04-18 11:35:55 AM","A0616438","GRADUATE SALES INC #0265"
"salesoffice","","","FALSE","UNIQUE RECOGNITION & ACHIEVEMENTS, LLC #4289","1128 Monroe Ave","Loveland","Colorado","80537","United States","40.40405","-105.06775","","{
  ""city"": ""Loveland"",
  ""country"": ""United States"",
  ""countryCode"": ""US"",
  ""geocodeAccuracy"": null,
  ""latitude"": 40.40405,
  ""longitude"": -105.06775,
  ""postalCode"": ""80537"",
  ""state"": ""Colorado"",
  ""stateCode"": ""CO"",
  ""street"": ""1128 Monroe Ave""
}","1128 Monroe Ave","Loveland","Colorado","80537","United States","","","","{
  ""city"": ""Loveland"",
  ""country"": ""United States"",
  ""countryCode"": ""US"",
  ""geocodeAccuracy"": null,
  ""latitude"": null,
  ""longitude"": null,
  ""postalCode"": ""80537"",
  ""state"": ""Colorado"",
  ""stateCode"": ""CO"",
  ""street"": ""1128 Monroe Ave""
}","9706632668","","/services/images/photo/001Hr00001qVdcIIAS","","","","2023-10-10 12:02:54 PM","2026-03-23 11:48:22 AM","2026-04-14 8:01:13 PM","2026-04-14","","","TRUE","","","","","","","FALSE","FALSE","","FALSE","","","","","4289","K12 Scholastic","","Colorado - Loveland","","","","","","","","","","","","","West","","","","","","","","","","","001Hr00001qVdcIIAS","","","","","","","","","","","","","","","","","2457894","","11843991.23","105","27.8","","2017-01-19","10","","Eagle","","","","","","","","","","","","","","","","","","","","","","","","","","","","","","","","","","","","","","","","","","","","","","","","","","","","","","","","","","","","","","","","","","","","","","","","","","","","","","","40.4040542","-105.067767","","","","","","","","","","","","","","","","","","","","","","","","","","","","","","","","","","","","","","","001Hr00001qVdcIIAS","Active","","0","FALSE","1899-12-30","","county summary query/Acct_Rcvbl_Nbr in* 'VALUE(Customer_Number__c)'","","","0","TRUE","FALSE","TRUE","Cody Schroeder","","","","","FALSE","{
  ""attributes"": {
    ""type"": ""RecordType"",
    ""url"": ""/services/data/v61.0/sobjects/RecordType/012Hr0000008HfoIAE""
  },
  ""Id"": ""012Hr0000008HfoIAE"",
  ""Name"": ""ISP Office""
}","2026-04-18 11:35:55 AM","A0616439","UNIQUE RECOGNITION & ACHIEVEMENTS, LLC #4289"
"salesoffice","","","FALSE","STEVE SMITH & ASSOCIATES, LLC #1749","4159 OXFORD AVE.","Jacksonville","FL","32225","United States","30.27241","-81.70314","","{
  ""city"": ""Jacksonville"",
  ""country"": ""United States"",
  ""countryCode"": ""US"",
  ""geocodeAccuracy"": null,
  ""latitude"": 30.27241,
  ""longitude"": -81.70314,
  ""postalCode"": ""32225"",
  ""state"": ""FL"",
  ""stateCode"": ""FL"",
  ""street"": ""4159 OXFORD AVE.""
}","4159 OXFORD AVE.","Jacksonville","FL","32225","United States","","","","{
  ""city"": ""Jacksonville"",
  ""country"": ""United States"",
  ""countryCode"": ""US"",
  ""geocodeAccuracy"": null,
  ""latitude"": null,
  ""longitude"": null,
  ""postalCode"": ""32225"",
  ""state"": ""FL"",
  ""stateCode"": ""FL"",
  ""street"": ""4159 OXFORD AVE.""
}","(904) 641-4060","","/services/images/photo/001Hr00001qVdcJIAS","","","","2023-10-10 12:02:54 PM","2025-10-31 10:37:20 AM","2026-03-27 11:27:11 AM","2026-03-27","","","FALSE","","","","","","","FALSE","FALSE","","FALSE","","","","","1749","College","","FL - Jacksonville","","","","","","","","","","","","","East","","","","","","","","","","","001Hr00001qVdcJIAS","","","","","","","","","","","","","","","","","7526528","","14997458.95","113","59","","2019-07-01","7","","","","","","","","","","","","","","","","","","","","","","","","","","","","","","","","","","","","","","","","","","","","","","","","","","","","","","","","","","","","","","","","","","","","","","","","","","","","","","","","","30.2724049","-81.7031605","","","","","","","","","","","","","","","","","","","","","","","","","","","","","","","","","","","","","","","001Hr00001qVdcJIAS","Active","","0","FALSE","1899-12-30","","county summary query/Acct_Rcvbl_Nbr in* 'VALUE(Customer_Number__c)'","","","0","FALSE","FALSE","FALSE","","","","","","FALSE","{
  ""attributes"": {
    ""type"": ""RecordType"",
    ""url"": ""/services/data/v61.0/sobjects/RecordType/012Hr0000008HfoIAE""
  },
  ""Id"": ""012Hr0000008HfoIAE"",
  ""Name"": ""ISP Office""
}","2026-04-18 11:35:55 AM","A0616440","STEVE SMITH & ASSOCIATES, LLC #1749"
"salesoffice","","","FALSE","LUIS J. GARZA #1259","2401 N 10TH STREET SUITE A","Mcallen","Texas","78501","United States","26.2252","-98.22668","","{
  ""city"": ""Mcallen"",
  ""country"": ""United States"",
  ""countryCode"": ""US"",
  ""geocodeAccuracy"": null,
  ""latitude"": 26.2252,
  ""longitude"": -98.22668,
  ""postalCode"": ""78501"",
  ""state"": ""Texas"",
  ""stateCode"": ""TX"",
  ""street"": ""2401 N 10TH STREET SUITE A""
}","2401 N 10TH STREET SUITE A","Mcallen","Texas","78501","United States","","","","{
  ""city"": ""Mcallen"",
  ""country"": ""United States"",
  ""countryCode"": ""US"",
  ""geocodeAccuracy"": null,
  ""latitude"": null,
  ""longitude"": null,
  ""postalCode"": ""78501"",
  ""state"": ""Texas"",
  ""stateCode"": ""TX"",
  ""street"": ""2401 N 10TH STREET SUITE A""
}","9569710064","","/services/images/photo/001Hr00001qVdcLIAS","","","","2023-10-10 12:02:54 PM","2026-03-11 10:02:49 AM","2026-04-18 7:28:44 AM","2026-04-18","","","TRUE","","","","","","","FALSE","FALSE","","FALSE","","","","","1259","K12 Scholastic","","Texas - Mcallen","","","","","","","","","","","","","West","","","","","","","","","","","001Hr00001qVdcLIAS","","","","","","","","","","","","","","","","","1871898","","5781525.248","101","25","","2000-03-15","27","","Pinnacle","","","","","","","","","","","","","","","","","","","","","","","","","","","","","","","","","","","","","","","","","","","","","","","","","","","","","","","","","","","","","","","","","","","","","","","","","","","","","","","26.2252156","-98.2267223","","","","","","","","","","","","","","","","","","","","","","","","","","","","","","","","","","","","","","","001Hr00001qVdcLIAS","Active","","0","FALSE","1899-12-30","","county summary query/Acct_Rcvbl_Nbr in* 'VALUE(Customer_Number__c)'","","","0","TRUE","FALSE","FALSE","","","","","","FALSE","{
  ""attributes"": {
    ""type"": ""RecordType"",
    ""url"": ""/services/data/v61.0/sobjects/RecordType/012Hr0000008HfoIAE""
  },
  ""Id"": ""012Hr0000008HfoIAE"",
  ""Name"": ""ISP Office""
}","2026-04-18 11:35:55 AM","A0616441","LUIS J. GARZA #1259"
"salesoffice","","","FALSE","SCOTT B. GERHART #4279","PO BOX 967","Southampton","Pennsylvania","18966","United States","40.1707","-75.04487","","{
  ""city"": ""Southampton"",
  ""country"": ""United States"",
  ""countryCode"": ""US"",
  ""geocodeAccuracy"": null,
  ""latitude"": 40.1707,
  ""longitude"": -75.04487,
  ""postalCode"": ""18966"",
  ""state"": ""Pennsylvania"",
  ""stateCode"": ""PA"",
  ""street"": ""PO BOX 967""
}","20 Kern Drive","Perkasie","Pennsylvania","18944","United States","","","","{
  ""city"": ""Perkasie"",
  ""country"": ""United States"",
  ""countryCode"": ""US"",
  ""geocodeAccuracy"": null,
  ""latitude"": null,
  ""longitude"": null,
  ""postalCode"": ""18944"",
  ""state"": ""Pennsylvania"",
  ""stateCode"": ""PA"",
  ""street"": ""20 Kern Drive""
}","2159426807","","/services/images/photo/001Hr00001qVdcNIAS","","","","2023-10-10 12:02:54 PM","2026-03-11 10:00:27 AM","2026-04-16 7:52:43 AM","2026-04-16","","","TRUE","","","","","","","FALSE","FALSE","","FALSE","","","","","4279","K12 Scholastic","","Pennsylvania - Perkasie","","","","","","","","","","","","","East","","","","","","","","","","","001Hr00001qVdcNIAS","","","","","","","","","","","","","","","","","620811","","8239627.733","88","7.1","","2015-01-15","12","","Double Eagle","","","","","","","","","","","","","","","","","","","","","","","","","","","","","","","","","","","","","","","","","","","","","","","","","","","","","","","","","","","","","","","","","","","","","","","","","","","","","","","40.1863789","-75.0329711","","","","","","","","","","","","","","","","","","","","","","","","","","","","","","","","","","","","","","","001Hr00001qVdcNIAS","Active","","0","FALSE","1899-12-30","","county summary query/Acct_Rcvbl_Nbr in* 'VALUE(Customer_Number__c)'","","","0","FALSE","FALSE","FALSE","","","","","","FALSE","{
  ""attributes"": {
    ""type"": ""RecordType"",
    ""url"": ""/services/data/v61.0/sobjects/RecordType/012Hr0000008HfoIAE""
  },
  ""Id"": ""012Hr0000008HfoIAE"",
  ""Name"": ""ISP Office""
}","2026-04-18 11:35:55 AM","A0616442","SCOTT B. GERHART #4279"
"salesoffice","","","FALSE","W BRENT GILBERT #1987","3212 SOUTH PARK AVE PO BOX 696","Dothan","Alabama","36301","United States","31.19165","-85.42072","","{
  ""city"": ""Dothan"",
  ""country"": ""United States"",
  ""countryCode"": ""US"",
  ""geocodeAccuracy"": null,
  ""latitude"": 31.19165,
  ""longitude"": -85.42072,
  ""postalCode"": ""36301"",
  ""state"": ""Alabama"",
  ""stateCode"": ""AL"",
  ""street"": ""3212 SOUTH PARK AVE PO BOX 696""
}","3212 SOUTH PARK AVE","Dothan","Alabama","36301","United States","","","","{
  ""city"": ""Dothan"",
  ""country"": ""United States"",
  ""countryCode"": ""US"",
  ""geocodeAccuracy"": null,
  ""latitude"": null,
  ""longitude"": null,
  ""postalCode"": ""36301"",
  ""state"": ""Alabama"",
  ""stateCode"": ""AL"",
  ""street"": ""3212 SOUTH PARK AVE""
}","3347922233","","/services/images/photo/001Hr00001qVdcOIAS","","","","2023-10-10 12:02:54 PM","2026-04-13 9:12:49 AM","2026-04-13 11:20:31 AM","2026-04-14","","","TRUE","","","","","","","FALSE","FALSE","","FALSE","","","","","1987","K12 Scholastic","","Alabama - Dothan","","","","","","","","","","","","","East","","","","","","","","","","","001Hr00001qVdcOIAS","","","","","","","","","","","","","","","","","753166","","2202417.721","44","32","","1987-09-01","39","","Golden Eagle","","","","","","","","","","","","","","","","","","","","","","","","","","","","","","","","","","","","","","","","","","","","","","","","","","","","","","","","","","","","","","","","","","","","","","","","","","","","","","","31.1915905","-85.4206337","","","","","","","","","","","","","","","","","","","","","","","","","","","","","","","","","","","","","","","001Hr00001qVdcOIAS","Active","","0","FALSE","1899-12-30","","county summary query/Acct_Rcvbl_Nbr in* 'VALUE(Customer_Number__c)'","","","0","FALSE","FALSE","FALSE","","","","","","FALSE","{
  ""attributes"": {
    ""type"": ""RecordType"",
    ""url"": ""/services/data/v61.0/sobjects/RecordType/012Hr0000008HfoIAE""
  },
  ""Id"": ""012Hr0000008HfoIAE"",
  ""Name"": ""ISP Office""
}","2026-04-18 11:35:55 AM","A0616443","W BRENT GILBERT #1987"
"salesoffice","","","FALSE","4LEVELUP LLC #4286","4926 Ben Jared Road","Baxter","TN","38544","United States","36.10703","-85.6016","","{
  ""city"": ""Baxter"",
  ""country"": ""United States"",
  ""countryCode"": ""US"",
  ""geocodeAccuracy"": null,
  ""latitude"": 36.10703,
  ""longitude"": -85.6016,
  ""postalCode"": ""38544"",
  ""state"": ""TN"",
  ""stateCode"": ""TN"",
  ""street"": ""4926 Ben Jared Road""
}","4926 Ben Jared Road","Baxter","TN","38544","United States","","","","{
  ""city"": ""Baxter"",
  ""country"": ""United States"",
  ""countryCode"": ""US"",
  ""geocodeAccuracy"": null,
  ""latitude"": null,
  ""longitude"": null,
  ""postalCode"": ""38544"",
  ""state"": ""TN"",
  ""stateCode"": ""TN"",
  ""street"": ""4926 Ben Jared Road""
}","(317) 414-8408","","/services/images/photo/001Hr00001qVdcRIAS","","","","2023-10-10 12:02:54 PM","2025-10-31 10:37:21 AM","2026-04-07 1:03:11 PM","2026-04-07","","","FALSE","","","","","","","FALSE","FALSE","","FALSE","","","","","4286","College","","TN - Baxter","","","","","","","","","","","","","East","","","","","","","","","","","001Hr00001qVdcRIAS","","","","","","","","","","","","","","","","","1493137","","6910234.366","112","18.8","","2019-07-01","7","","","","","","","","","","","","","","","","","","","","","","","","","","","","","","","","","","","","","","","","","","","","","","","","","","","","","","","","","","","","","","","","","","","","","","","","","","","","","","","","","36.107040","-85.601622","","","","","","","","","","","","","","","","","","","","","","","","","","","","","","","","","","","","","","","001Hr00001qVdcRIAS","Active","","0","FALSE","1899-12-30","","county summary query/Acct_Rcvbl_Nbr in* 'VALUE(Customer_Number__c)'","","","0","FALSE","FALSE","FALSE","","","","","","FALSE","{
  ""attributes"": {
    ""type"": ""RecordType"",
    ""url"": ""/services/data/v61.0/sobjects/RecordType/012Hr0000008HfoIAE""
  },
  ""Id"": ""012Hr0000008HfoIAE"",
  ""Name"": ""ISP Office""
}","2026-04-18 11:35:55 AM","A0616444","4LEVELUP LLC #4286"
"salesoffice","","","FALSE","3B GRADUATION SUPPLIES, LLC #4332","PO BOX 529","Williamstown","New Jersey","08094","United States","39.68707","-74.99469","","{
  ""city"": ""Williamstown"",
  ""country"": ""United States"",
  ""countryCode"": ""US"",
  ""geocodeAccuracy"": null,
  ""latitude"": 39.68707,
  ""longitude"": -74.99469,
  ""postalCode"": ""08094"",
  ""state"": ""New Jersey"",
  ""stateCode"": ""NJ"",
  ""street"": ""PO BOX 529""
}","319 MARISSA COURT","Williamstown","New Jersey","08094","United States","","","","{
  ""city"": ""Williamstown"",
  ""country"": ""United States"",
  ""countryCode"": ""US"",
  ""geocodeAccuracy"": null,
  ""latitude"": null,
  ""longitude"": null,
  ""postalCode"": ""08094"",
  ""state"": ""New Jersey"",
  ""stateCode"": ""NJ"",
  ""street"": ""319 MARISSA COURT""
}","(856)981-8978","","/services/images/photo/001Hr00001qVdcSIAS","","","","2023-10-10 12:02:54 PM","2026-04-13 9:10:30 AM","2026-04-17 4:37:50 PM","2026-04-17","","","TRUE","","","","","","","FALSE","FALSE","","FALSE","","","","","4332","K12 Scholastic","","New Jersey - Williamstown","","","","","","","","","","","","","East","","","","","","","","","","","001Hr00001qVdcSIAS","","","","","","","","","","","","","","","","","777501","","2718375.781","80","28","","2019-01-28","8","","","","","","","","","","","","","","","","","","","","","","","","","","","","","","","","","","","","","","","","","","","","","","","","","","","","","","","","","","","","","","","","","","","","","","","","","","","","","","","","","39.678662","-74.961827","","","","","","","","","","","","","","","","","","","","","","","","","","","","","","","","","","","","","","","001Hr00001qVdcSIAS","Active","","0","FALSE","1899-12-30","","county summary query/Acct_Rcvbl_Nbr in* 'VALUE(Customer_Number__c)'","","","0","FALSE","FALSE","FALSE","","","","","","FALSE","{
  ""attributes"": {
    ""type"": ""RecordType"",
    ""url"": ""/services/data/v61.0/sobjects/RecordType/012Hr0000008HfoIAE""
  },
  ""Id"": ""012Hr0000008HfoIAE"",
  ""Name"": ""ISP Office""
}","2026-04-18 11:35:55 AM","A0616445","3B GRADUATION SUPPLIES, LLC #4332"
"salesoffice","","","FALSE","THE OVERALL GRAD OFFICE INC #2144","10115 BROADWAY STREET","San Antonio","Texas","78217","United States","29.53269","-98.44912","","{
  ""city"": ""San Antonio"",
  ""country"": ""United States"",
  ""countryCode"": ""US"",
  ""geocodeAccuracy"": null,
  ""latitude"": 29.53269,
  ""longitude"": -98.44912,
  ""postalCode"": ""78217"",
  ""state"": ""Texas"",
  ""stateCode"": ""TX"",
  ""street"": ""10115 BROADWAY STREET""
}","10115 BROADWAY STREET","San Antonio","Texas","78217","United States","","","","{
  ""city"": ""San Antonio"",
  ""country"": ""United States"",
  ""countryCode"": ""US"",
  ""geocodeAccuracy"": null,
  ""latitude"": null,
  ""longitude"": null,
  ""postalCode"": ""78217"",
  ""state"": ""Texas"",
  ""stateCode"": ""TX"",
  ""street"": ""10115 BROADWAY STREET""
}","8306251445","","/services/images/photo/001Hr00001qVdcVIAS","","","","2023-10-10 12:02:54 PM","2026-03-11 10:02:49 AM","2026-04-16 5:26:49 AM","2026-04-16","","","TRUE","","","","","","","FALSE","FALSE","","FALSE","","","","","2144","K12 Scholastic","","Texas - San Antonio","","","","","","","","","","","","","West","","","","","","","","","","","001Hr00001qVdcVIAS","","","","","","","","","","","","","","","","","1529756","","5493883.417","71","23.6","","1998-10-05","28","","Hall of Fame","","","","","","","","","","","","","","","","","","","","","","","","","","","","","","","","","","","","","","","","","","","","","","","","","","","","","","","","","","","","","","","","","","","","","","","","","","","","","","","29.5326959","-98.4491035","","","","","","","","","","","","","","","","","","","","","","","","","","","","","","","","","","","","","","","001Hr00001qVdcVIAS","Active","","0","FALSE","1899-12-30","","county summary query/Acct_Rcvbl_Nbr in* 'VALUE(Customer_Number__c)'","","","0","TRUE","FALSE","FALSE","","","","","","FALSE","{
  ""attributes"": {
    ""type"": ""RecordType"",
    ""url"": ""/services/data/v61.0/sobjects/RecordType/012Hr0000008HfoIAE""
  },
  ""Id"": ""012Hr0000008HfoIAE"",
  ""Name"": ""ISP Office""
}","2026-04-18 11:35:55 AM","A0616446","THE OVERALL GRAD OFFICE INC #2144"
"salesoffice","","","FALSE","STEPHEN HAHN #4339","3119 CARLETON ST","San Diego","CA","92106","United States","32.72384","-117.23202","","{
  ""city"": ""San Diego"",
  ""country"": ""United States"",
  ""countryCode"": ""US"",
  ""geocodeAccuracy"": null,
  ""latitude"": 32.72384,
  ""longitude"": -117.23202,
  ""postalCode"": ""92106"",
  ""state"": ""CA"",
  ""stateCode"": ""CA"",
  ""street"": ""3119 CARLETON ST""
}","3119 CARLETON ST","San Diego","CA","92106","United States","","","","{
  ""city"": ""San Diego"",
  ""country"": ""United States"",
  ""countryCode"": ""US"",
  ""geocodeAccuracy"": null,
  ""latitude"": null,
  ""longitude"": null,
  ""postalCode"": ""92106"",
  ""state"": ""CA"",
  ""stateCode"": ""CA"",
  ""street"": ""3119 CARLETON ST""
}","(847)420-0549","","/services/images/photo/001Hr00001qVdcXIAS","","","","2023-10-10 12:02:54 PM","2025-10-31 10:37:21 AM","2026-03-25 1:02:26 PM","2026-03-25","","","FALSE","","","","","","","FALSE","FALSE","","FALSE","","","","","4339","College","","CA - San Diego","","","","","","","","","","","","","West","","","","","","","","","","","001Hr00001qVdcXIAS","","","","","","","","","","","","","","","","","1189525","","11600078.65","111","11.2","","2020-09-29","6","","","","","","","","","","","","","","","","","","","","","","","","","","","","","","","","","","","","","","","","","","","","","","","","","","","","","","","","","","","","","","","","","","","","","","","","","","","","","","","","","32.7238439","-117.2320236","","","","","","","","","","","","","","","","","","","","","","","","","","","","","","","","","","","","","","","001Hr00001qVdcXIAS","Active","","0","FALSE","1899-12-30","","county summary query/Acct_Rcvbl_Nbr in* 'VALUE(Customer_Number__c)'","","","0","FALSE","FALSE","FALSE","","","","","","FALSE","{
  ""attributes"": {
    ""type"": ""RecordType"",
    ""url"": ""/services/data/v61.0/sobjects/RecordType/012Hr0000008HfoIAE""
  },
  ""Id"": ""012Hr0000008HfoIAE"",
  ""Name"": ""ISP Office""
}","2026-04-18 11:35:55 AM","A0616447","STEPHEN HAHN #4339"
"salesoffice","","","FALSE","STANLEY R. HOWARD #2688","8603 E. VIA DE LOS LIBROS","Scottsdale","AZ","85258","United States","33.54436","-111.895","","{
  ""city"": ""Scottsdale"",
  ""country"": ""United States"",
  ""countryCode"": ""US"",
  ""geocodeAccuracy"": null,
  ""latitude"": 33.54436,
  ""longitude"": -111.895,
  ""postalCode"": ""85258"",
  ""state"": ""AZ"",
  ""stateCode"": ""AZ"",
  ""street"": ""8603 E. VIA DE LOS LIBROS""
}","8603 E. VIA DE LOS LIBROS","Scottsdale","AZ","85258","United States","","","","{
  ""city"": ""Scottsdale"",
  ""country"": ""United States"",
  ""countryCode"": ""US"",
  ""geocodeAccuracy"": null,
  ""latitude"": null,
  ""longitude"": null,
  ""postalCode"": ""85258"",
  ""state"": ""AZ"",
  ""stateCode"": ""AZ"",
  ""street"": ""8603 E. VIA DE LOS LIBROS""
}","(480) 219-3247","","/services/images/photo/001Hr00001qVdcYIAS","","","","2023-10-10 12:02:54 PM","2025-10-31 10:37:21 AM","2026-03-05 1:04:34 PM","2026-03-05","","","FALSE","","","","","","","FALSE","FALSE","","FALSE","","","","","2688","College","","AZ - Scottsdale","","","","","","","","","","","","","West","","","","","","","","","","","001Hr00001qVdcYIAS","","","","","","","","","","","","","","","","","4280631","","8706727.667","61","57","","2019-08-01","7","","Hall of Fame","","","","","","","","","","","","","","","","","","","","","","","","","","","","","","","","","","","","","","","","","","","","","","","","","","","","","","","","","","","","","","","","","","","","","","","","","","","","","","","33.5443621","-111.8950037","","","","","","","","","","","","","","","","","","","","","","","","","","","","","","","","","","","","","","","001Hr00001qVdcYIAS","Active","","0","FALSE","1899-12-30","","county summary query/Acct_Rcvbl_Nbr in* 'VALUE(Customer_Number__c)'","","","0","FALSE","FALSE","FALSE","","","","","","FALSE","{
  ""attributes"": {
    ""type"": ""RecordType"",
    ""url"": ""/services/data/v61.0/sobjects/RecordType/012Hr0000008HfoIAE""
  },
  ""Id"": ""012Hr0000008HfoIAE"",
  ""Name"": ""ISP Office""
}","2026-04-18 11:35:55 AM","A0616448","STANLEY R. HOWARD #2688"
"salesoffice","","","FALSE","RICK HANNIG #0890","111 MERCURY CT","Mukwonago","WI","53149","United States","42.84678","-88.32981","","{
  ""city"": ""Mukwonago"",
  ""country"": ""United States"",
  ""countryCode"": ""US"",
  ""geocodeAccuracy"": null,
  ""latitude"": 42.84678,
  ""longitude"": -88.32981,
  ""postalCode"": ""53149"",
  ""state"": ""WI"",
  ""stateCode"": ""WI"",
  ""street"": ""111 MERCURY CT""
}","111 MERCURY CT","Mukwonago","WI","53149","United States","","","","{
  ""city"": ""Mukwonago"",
  ""country"": ""United States"",
  ""countryCode"": ""US"",
  ""geocodeAccuracy"": null,
  ""latitude"": null,
  ""longitude"": null,
  ""postalCode"": ""53149"",
  ""state"": ""WI"",
  ""stateCode"": ""WI"",
  ""street"": ""111 MERCURY CT""
}","(262) 363-3055","","/services/images/photo/001Hr00001qVdcZIAS","","","","2023-10-10 12:02:54 PM","2025-10-31 10:37:21 AM","2026-03-25 1:04:04 PM","2026-03-25","","","FALSE","","","","","","","FALSE","FALSE","","FALSE","","","","","0890","College","","WI - Mukwonago","","","","","","","","","","","","","West","","","","","","","","","","","001Hr00001qVdcZIAS","","","","","","","","","","","","","","","","","1062931","","3594762.465","38","38","","2004-11-15","22","","","","","","","","","","","","","","","","","","","","","","","","","","","","","","","","","","","","","","","","","","","","","","","","","","","","","","","","","","","","","","","","","","","","","","","","","","","","","","","","","42.8467324","-88.3297775","","","","","","","","","","","","","","","","","","","","","","","","","","","","","","","","","","","","","","","001Hr00001qVdcZIAS","Active","","0","FALSE","1899-12-30","","county summary query/Acct_Rcvbl_Nbr in* 'VALUE(Customer_Number__c)'","","","0","FALSE","FALSE","FALSE","","","","","","FALSE","{
  ""attributes"": {
    ""type"": ""RecordType"",
    ""url"": ""/services/data/v61.0/sobjects/RecordType/012Hr0000008HfoIAE""
  },
  ""Id"": ""012Hr0000008HfoIAE"",
  ""Name"": ""ISP Office""
}","2026-04-18 11:35:55 AM","A0616449","RICK HANNIG #0890"
"salesoffice","","","FALSE","HANSEN SCHOLASTICS INC #0371","P.O. BOX  667","Kaysville","Utah","84037","United States","41.03566","-111.93991","","{
  ""city"": ""Kaysville"",
  ""country"": ""United States"",
  ""countryCode"": ""US"",
  ""geocodeAccuracy"": null,
  ""latitude"": 41.03566,
  ""longitude"": -111.93991,
  ""postalCode"": ""84037"",
  ""state"": ""Utah"",
  ""stateCode"": ""UT"",
  ""street"": ""P.O. BOX  667""
}","561 E. MUTTON HOLLOW RD","Kaysville","Utah","84037","United States","","","","{
  ""city"": ""Kaysville"",
  ""country"": ""United States"",
  ""countryCode"": ""US"",
  ""geocodeAccuracy"": null,
  ""latitude"": null,
  ""longitude"": null,
  ""postalCode"": ""84037"",
  ""state"": ""Utah"",
  ""stateCode"": ""UT"",
  ""street"": ""561 E. MUTTON HOLLOW RD""
}","8015461008","","/services/images/photo/001Hr00001qVdcbIAC","","","","2023-10-10 12:02:54 PM","2026-03-23 11:42:57 AM","2026-04-08 6:28:56 PM","2026-04-22","","","TRUE","","","","","","","FALSE","FALSE","","FALSE","","","","","0371","K12 Scholastic","","Utah - Kaysville","","","","","","","","","","","","","West","","","","","","","","","","","001Hr00001qVdcbIAC","","","","","","","","","","","","","","","","","61257","","3568612.415","8","2","","1995-07-01","31","","Hall of Fame","","","","","","","","","","","","","","","","","","","","","","","","","","","","","","","","","","","","","","","","","","","","","","","","","","","","","","","","","","","","","","","","","","","","","","","","","","","","","","","41.0564445","-111.9255613","","","","","","","","","","","","","","","","","","","","","","","","","","","","","","","","","","","","","","","001Hr00001qVdcbIAC","Active","","0","TRUE","1899-12-30","","county summary query/Acct_Rcvbl_Nbr in* 'VALUE(Customer_Number__c)'","","","0","FALSE","FALSE","FALSE","","","","","","FALSE","{
  ""attributes"": {
    ""type"": ""RecordType"",
    ""url"": ""/services/data/v61.0/sobjects/RecordType/012Hr0000008HfoIAE""
  },
  ""Id"": ""012Hr0000008HfoIAE"",
  ""Name"": ""ISP Office""
}","2026-04-18 11:35:55 AM","A0616450","HANSEN SCHOLASTICS INC #0371"
"salesoffice","","","FALSE","TENA HARMAN #0449","P.O. BOX 235","Walnut Grove","MO","65770","United States","37.41127","-93.54716","","{
  ""city"": ""Walnut Grove"",
  ""country"": ""United States"",
  ""countryCode"": ""US"",
  ""geocodeAccuracy"": null,
  ""latitude"": 37.41127,
  ""longitude"": -93.54716,
  ""postalCode"": ""65770"",
  ""state"": ""MO"",
  ""stateCode"": ""MO"",
  ""street"": ""P.O. BOX 235""
}","12125 WEST FARM RD 2","Walnut Grove","MO","65770","United States","","","","{
  ""city"": ""Walnut Grove"",
  ""country"": ""United States"",
  ""countryCode"": ""US"",
  ""geocodeAccuracy"": null,
  ""latitude"": null,
  ""longitude"": null,
  ""postalCode"": ""65770"",
  ""state"": ""MO"",
  ""stateCode"": ""MO"",
  ""street"": ""12125 WEST FARM RD 2""
}","(417) 788-2291","","/services/images/photo/001Hr00001qVdcdIAC","","","","2023-10-10 12:02:54 PM","2025-10-31 10:37:21 AM","2026-03-25 1:04:04 PM","2026-03-25","","","FALSE","","","","","","","FALSE","FALSE","","FALSE","","","","","0449","College","","MO - Walnut Grove","","","","","","","","","","","","","West","","","","","","","","","","","001Hr00001qVdcdIAC","","","","","","","","","","","","","","","","","654712","","4571289.359","69","22","","2000-11-15","26","","Pinnacle","","","","","","","","","","","","","","","","","","","","","","","","","","","","","","","","","","","","","","","","","","","","","","","","","","","","","","","","","","","","","","","","","","","","","","","","","","","","","","","37.4259575","-93.539971","","","","","","","","","","","","","","","","","","","","","","","","","","","","","","","","","","","","","","","001Hr00001qVdcdIAC","Active","","0","FALSE","1899-12-30","","county summary query/Acct_Rcvbl_Nbr in* 'VALUE(Customer_Number__c)'","","","0","FALSE","FALSE","FALSE","","","","","","FALSE","{
  ""attributes"": {
    ""type"": ""RecordType"",
    ""url"": ""/services/data/v61.0/sobjects/RecordType/012Hr0000008HfoIAE""
  },
  ""Id"": ""012Hr0000008HfoIAE"",
  ""Name"": ""ISP Office""
}","2026-04-18 11:35:55 AM","A0616451","TENA HARMAN #0449"
"salesoffice","","","FALSE","GRADUATE SERVICES SOUTH INC #1143","PO BOX 3256","Ridgeland","Mississippi","39158","United States","32.40922","-90.12463","","{
  ""city"": ""Ridgeland"",
  ""country"": ""United States"",
  ""countryCode"": ""US"",
  ""geocodeAccuracy"": null,
  ""latitude"": 32.40922,
  ""longitude"": -90.12463,
  ""postalCode"": ""39158"",
  ""state"": ""Mississippi"",
  ""stateCode"": ""MS"",
  ""street"": ""PO BOX 3256""
}","232 WEST SCHOOL STREET","Ridgeland","Mississippi","39157","United States","","","","{
  ""city"": ""Ridgeland"",
  ""country"": ""United States"",
  ""countryCode"": ""US"",
  ""geocodeAccuracy"": null,
  ""latitude"": null,
  ""longitude"": null,
  ""postalCode"": ""39157"",
  ""state"": ""Mississippi"",
  ""stateCode"": ""MS"",
  ""street"": ""232 WEST SCHOOL STREET""
}","6018987883","","/services/images/photo/001Hr00001qVdceIAC","","","","2023-10-10 12:02:54 PM","2026-03-23 12:01:09 PM","2026-04-07 1:01:49 PM","2026-04-07","","","TRUE","","","","","","","FALSE","FALSE","","FALSE","","","","","1143","K12 Scholastic","","Mississippi - Ridgeland","","","","","","","","","","","","","East","","","","","","","","","","","001Hr00001qVdceIAC","","","","","","","","","","","","","","","","","792229","","8995850.949","97","11","","2014-09-01","12","","Golden Eagle","","","","","","","","","","","","","","","","","","","","","","","","","","","","","","","","","","","","","","","","","","","","","","","","","","","","","","","","","","","","","","","","","","","","","","","","","","","","","","","32.4217655","-90.1378725","","","","","","","","","","","","","","","","","","","","","","","","","","","","","","","","","","","","","","","001Hr00001qVdceIAC","Active","","0","FALSE","1899-12-30","","county summary query/Acct_Rcvbl_Nbr in* 'VALUE(Customer_Number__c)'","","","0","FALSE","FALSE","FALSE","","","","","","FALSE","{
  ""attributes"": {
    ""type"": ""RecordType"",
    ""url"": ""/services/data/v61.0/sobjects/RecordType/012Hr0000008HfoIAE""
  },
  ""Id"": ""012Hr0000008HfoIAE"",
  ""Name"": ""ISP Office""
}","2026-04-18 11:35:55 AM","A0616452","GRADUATE SERVICES SOUTH INC #1143"
"salesoffice","","","FALSE","BRAD MAXWELL & ASSOCIATES, LLC #4292","PO Box 13704","Tallahassee","Florida","32317","United States","30.46106","-84.17926","","{
  ""city"": ""Tallahassee"",
  ""country"": ""United States"",
  ""countryCode"": ""US"",
  ""geocodeAccuracy"": null,
  ""latitude"": 30.46106,
  ""longitude"": -84.17926,
  ""postalCode"": ""32317"",
  ""state"": ""Florida"",
  ""stateCode"": ""FL"",
  ""street"": ""PO Box 13704""
}","380 CASTLETON CIRCLE","Tallahassee","Florida","32312","United States","","","","{
  ""city"": ""Tallahassee"",
  ""country"": ""United States"",
  ""countryCode"": ""US"",
  ""geocodeAccuracy"": null,
  ""latitude"": null,
  ""longitude"": null,
  ""postalCode"": ""32312"",
  ""state"": ""Florida"",
  ""stateCode"": ""FL"",
  ""street"": ""380 CASTLETON CIRCLE""
}","8507925110","","/services/images/photo/001Hr00001qVdcgIAC","","","","2023-10-10 12:02:54 PM","2026-03-23 12:23:32 PM","2026-03-23 12:23:32 PM","2026-03-14","","","TRUE","","","","","","","FALSE","FALSE","","FALSE","","","","","4292","K12 Scholastic","","Florida - Tallahassee","","","","","","","","","","","","","East","","","","","","","","","","","001Hr00001qVdcgIAC","","","","","","","","","","","","","","","","","751422","","1529451.98","54","29.8","","2007-11-02","19","","Double Eagle","","","","","","","","","","","","","","","","","","","","","","","","","","","","","","","","","","","","","","","","","","","","","","","","","","","","","","","","","","","","","","","","","","","","","","","","","","","","","","","30.4968169","-84.2903625","","","","","","","","","","","","","","","","","","","","","","","","","","","","","","","","","","","","","","","001Hr00001qVdcgIAC","Active","","0","FALSE","1899-12-30","","county summary query/Acct_Rcvbl_Nbr in* 'VALUE(Customer_Number__c)'","","","0","FALSE","FALSE","FALSE","","","","","","FALSE","{
  ""attributes"": {
    ""type"": ""RecordType"",
    ""url"": ""/services/data/v61.0/sobjects/RecordType/012Hr0000008HfoIAE""
  },
  ""Id"": ""012Hr0000008HfoIAE"",
  ""Name"": ""ISP Office""
}","2026-04-18 11:35:55 AM","A0616453","BRAD MAXWELL & ASSOCIATES, LLC #4292"
"salesoffice","","","FALSE","JAMES E. HENDERSON #2142","4547 SUMMERFIELD ROAD","Cazenovia","NY","13035","United States","42.94927","-75.85182","","{
  ""city"": ""Cazenovia"",
  ""country"": ""United States"",
  ""countryCode"": ""US"",
  ""geocodeAccuracy"": null,
  ""latitude"": 42.94927,
  ""longitude"": -75.85182,
  ""postalCode"": ""13035"",
  ""state"": ""NY"",
  ""stateCode"": ""NY"",
  ""street"": ""4547 SUMMERFIELD ROAD""
}","4547 SUMMERFIELD ROAD","Cazenovia","NY","13035","United States","","","","{
  ""city"": ""Cazenovia"",
  ""country"": ""United States"",
  ""countryCode"": ""US"",
  ""geocodeAccuracy"": null,
  ""latitude"": null,
  ""longitude"": null,
  ""postalCode"": ""13035"",
  ""state"": ""NY"",
  ""stateCode"": ""NY"",
  ""street"": ""4547 SUMMERFIELD ROAD""
}","(315) 345-2344","","/services/images/photo/001Hr00001qVdckIAC","","","","2023-10-10 12:02:54 PM","2025-10-31 10:37:21 AM","2026-04-02 1:05:26 PM","2026-04-02","","","FALSE","","","","","","","FALSE","FALSE","","FALSE","","","","","2142","College","","NY - Cazenovia","","","","","","","","","","","","","East","","","","","","","","","","","001Hr00001qVdckIAC","","","","","","","","","","","","","","","","","1545166","","3805843.685","92","32.8","","2006-07-01","20","","","","","","","","","","","","","","","","","","","","","","","","","","","","","","","","","","","","","","","","","","","","","","","","","","","","","","","","","","","","","","","","","","","","","","","","","","","","","","","","","42.9439051","-75.8496351","","","","","","","","","","","","","","","","","","","","","","","","","","","","","","","","","","","","","","","001Hr00001qVdckIAC","Active","","0","FALSE","1899-12-30","","county summary query/Acct_Rcvbl_Nbr in* 'VALUE(Customer_Number__c)'","","","0","FALSE","FALSE","FALSE","","","","","","FALSE","{
  ""attributes"": {
    ""type"": ""RecordType"",
    ""url"": ""/services/data/v61.0/sobjects/RecordType/012Hr0000008HfoIAE""
  },
  ""Id"": ""012Hr0000008HfoIAE"",
  ""Name"": ""ISP Office""
}","2026-04-18 11:35:55 AM","A0616454","JAMES E. HENDERSON #2142"
"salesoffice","","","FALSE","HIBBARD LLC #4278","4585 213th St. E","Prior Lake","MN","55372","United States","44.6386","-93.42811","","{
  ""city"": ""Prior Lake"",
  ""country"": ""United States"",
  ""countryCode"": ""US"",
  ""geocodeAccuracy"": null,
  ""latitude"": 44.6386,
  ""longitude"": -93.42811,
  ""postalCode"": ""55372"",
  ""state"": ""MN"",
  ""stateCode"": ""MN"",
  ""street"": ""4585 213th St. E""
}","4585 213th St. E","Prior Lake","MN","55372","United States","","","","{
  ""city"": ""Prior Lake"",
  ""country"": ""United States"",
  ""countryCode"": ""US"",
  ""geocodeAccuracy"": null,
  ""latitude"": null,
  ""longitude"": null,
  ""postalCode"": ""55372"",
  ""state"": ""MN"",
  ""stateCode"": ""MN"",
  ""street"": ""4585 213th St. E""
}","(952)-447-4449","","/services/images/photo/001Hr00001qVdcnIAC","","","","2023-10-10 12:02:54 PM","2025-10-31 10:37:21 AM","2026-04-03 1:01:08 PM","2026-04-03","","","FALSE","","","","","","","FALSE","FALSE","","FALSE","","","","","4278","College","","MN - Prior Lake","","","","","","","","","","","","","West","","","","","","","","","","","001Hr00001qVdcnIAC","","","","","","","","","","","","","","","","","2265253","","11300519.39","127","34.6","","2018-07-01","8","","Eagle","","","","","","","","","","","","","","","","","","","","","","","","","","","","","","","","","","","","","","","","","","","","","","","","","","","","","","","","","","","","","","","","","","","","","","","","","","","","","","","44.6386446","-93.4281788","","","","","","","","","","","","","","","","","","","","","","","","","","","","","","","","","","","","","","","001Hr00001qVdcnIAC","Active","","0","FALSE","1899-12-30","","county summary query/Acct_Rcvbl_Nbr in* 'VALUE(Customer_Number__c)'","","","0","FALSE","FALSE","FALSE","","","","","","FALSE","{
  ""attributes"": {
    ""type"": ""RecordType"",
    ""url"": ""/services/data/v61.0/sobjects/RecordType/012Hr0000008HfoIAE""
  },
  ""Id"": ""012Hr0000008HfoIAE"",
  ""Name"": ""ISP Office""
}","2026-04-18 11:35:55 AM","A0616455","HIBBARD LLC #4278"
"salesoffice","","","FALSE","STERNER & HICSWA SALES & CONSULTING LLC #4268","527 JOHN DEERE DRIVE","Sciota","Pennsylvania","18354","United States","40.91574","-75.32837","","{
  ""city"": ""Sciota"",
  ""country"": ""United States"",
  ""countryCode"": ""US"",
  ""geocodeAccuracy"": null,
  ""latitude"": 40.91574,
  ""longitude"": -75.32837,
  ""postalCode"": ""18354"",
  ""state"": ""Pennsylvania"",
  ""stateCode"": ""PA"",
  ""street"": ""527 JOHN DEERE DRIVE""
}","527 JOHN DEERE DRIVE","Sciota","Pennsylvania","18354","United States","","","","{
  ""city"": ""Sciota"",
  ""country"": ""United States"",
  ""countryCode"": ""US"",
  ""geocodeAccuracy"": null,
  ""latitude"": null,
  ""longitude"": null,
  ""postalCode"": ""18354"",
  ""state"": ""Pennsylvania"",
  ""stateCode"": ""PA"",
  ""street"": ""527 JOHN DEERE DRIVE""
}","2012803712","","/services/images/photo/001Hr00001qVdcoIAC","","","","2023-10-10 12:02:54 PM","2026-03-11 10:00:27 AM","2026-04-17 4:02:56 PM","2026-04-17","","","TRUE","","","","","","","FALSE","FALSE","","FALSE","","","","","4268","K12 Scholastic","","Pennsylvania - Sciota","","","","","","","","","","","","","East","","","","","","","","","","","001Hr00001qVdcoIAC","","","","","","","","","","","","","","","","","838030","","26107543.38","439","11","","2017-07-31","9","","Golden Eagle","","","","","","","","","","","","","","","","","","","","","","","","","","","","","","","","","","","","","","","","","","","","","","","","","","","","","","","","","","","","","","","","","","","","","","","","","","","","","","","40.915832","-75.328091","","","","","","","","","","","","","","","","","","","","","","","","","","","","","","","","","","","","","","","001Hr00001qVdcoIAC","Active","","0","FALSE","1899-12-30","","county summary query/Acct_Rcvbl_Nbr in* 'VALUE(Customer_Number__c)'","","","0","FALSE","FALSE","TRUE","Kalob Williams","","","","","FALSE","{
  ""attributes"": {
    ""type"": ""RecordType"",
    ""url"": ""/services/data/v61.0/sobjects/RecordType/012Hr0000008HfoIAE""
  },
  ""Id"": ""012Hr0000008HfoIAE"",
  ""Name"": ""ISP Office""
}","2026-04-18 11:35:55 AM","A0616456","STERNER & HICSWA SALES & CONSULTING LLC #4268"
"salesoffice","","","FALSE","MICHELLE HILQUIST #2603","266 WHITE AVE","Chico","California","95926","United States","39.75687","-121.85772","","{
  ""city"": ""Chico"",
  ""country"": ""United States"",
  ""countryCode"": ""US"",
  ""geocodeAccuracy"": null,
  ""latitude"": 39.75687,
  ""longitude"": -121.85772,
  ""postalCode"": ""95926"",
  ""state"": ""California"",
  ""stateCode"": ""CA"",
  ""street"": ""266 WHITE AVE""
}","266 WHITE AVE","Chico","California","95926","United States","","","","{
  ""city"": ""Chico"",
  ""country"": ""United States"",
  ""countryCode"": ""US"",
  ""geocodeAccuracy"": null,
  ""latitude"": null,
  ""longitude"": null,
  ""postalCode"": ""95926"",
  ""state"": ""California"",
  ""stateCode"": ""CA"",
  ""street"": ""266 WHITE AVE""
}","(530) 588-0301","","/services/images/photo/001Hr00001qVdcpIAC","","","","2023-10-10 12:02:54 PM","2026-03-23 11:40:30 AM","2026-04-17 5:18:31 PM","2026-04-30","","","TRUE","","","","","","","FALSE","FALSE","","FALSE","","","","","2603","K12 Scholastic","","California - Chico","","","","","","","","","","","","","West","","","","","","","","","","","001Hr00001qVdcpIAC","","","","","","","","","","","","","","","","","155456","","1827175.858","45","14.8","","2021-07-15","5","","Pinnacle","","","","","","","","","","","","","","","","","","","","","","","","","","","","","","","","","","","","","","","","","","","","","","","","","","","","","","","","","","","","","","","","","","","","","","","","","","","","","","","39.7568692","-121.857666","","","","","","","","","","","","","","","","","","","","","","","","","","","","","","","","","","","","","","","001Hr00001qVdcpIAC","Active","","0","TRUE","1899-12-30","","county summary query/Acct_Rcvbl_Nbr in* 'VALUE(Customer_Number__c)'","","","0","FALSE","FALSE","TRUE","Koren Karlsen","","","","","FALSE","{
  ""attributes"": {
    ""type"": ""RecordType"",
    ""url"": ""/services/data/v61.0/sobjects/RecordType/012Hr0000008HfoIAE""
  },
  ""Id"": ""012Hr0000008HfoIAE"",
  ""Name"": ""ISP Office""
}","2026-04-18 11:35:55 AM","A0616457","MICHELLE HILQUIST #2603"
"salesoffice","","","FALSE","GRADUATE SALES & RECOGNITION LLC #4221","3336 SPRING STUEBNER, STE E","Spring","Texas","77389","United States","30.08334","-95.47015","","{
  ""city"": ""Spring"",
  ""country"": ""United States"",
  ""countryCode"": ""US"",
  ""geocodeAccuracy"": null,
  ""latitude"": 30.08334,
  ""longitude"": -95.47015,
  ""postalCode"": ""77389"",
  ""state"": ""Texas"",
  ""stateCode"": ""TX"",
  ""street"": ""3336 SPRING STUEBNER, STE E""
}","12441 Greenridge Drive","Willis","Texas","77318","United States","","","","{
  ""city"": ""Willis"",
  ""country"": ""United States"",
  ""countryCode"": ""US"",
  ""geocodeAccuracy"": null,
  ""latitude"": null,
  ""longitude"": null,
  ""postalCode"": ""77318"",
  ""state"": ""Texas"",
  ""stateCode"": ""TX"",
  ""street"": ""12441 Greenridge Drive""
}","2813674723","","/services/images/photo/001Hr00001qVdcrIAC","","","","2023-10-10 12:02:54 PM","2026-03-11 10:02:49 AM","2026-04-14 1:01:09 PM","2026-04-14","","","TRUE","","","","","","","FALSE","FALSE","","FALSE","","","","","4221","K12 Scholastic","","Texas - Willis","","","","","","","","","","","","","West","","","","","","","","","","","001Hr00001qVdcrIAC","","","","","","","","","","","","","","","","","1646902","","3748622.794","44","39.8","","1997-07-01","29","","Hall of Fame","","","","","","","","","","","","","","","","","","","","","","","","","","","","","","","","","","","","","","","","","","","","","","","","","","","","","","","","","","","","","","","","","","","","","","","","","","","","","","","30.0833308","-95.4702191","","","","","","","","","","","","","","","","","","","","","","","","","","","","","","","","","","","","","","","001Hr00001qVdcrIAC","Active","","0","FALSE","1899-12-30","","county summary query/Acct_Rcvbl_Nbr in* 'VALUE(Customer_Number__c)'","","","0","TRUE","FALSE","FALSE","","","","","","FALSE","{
  ""attributes"": {
    ""type"": ""RecordType"",
    ""url"": ""/services/data/v61.0/sobjects/RecordType/012Hr0000008HfoIAE""
  },
  ""Id"": ""012Hr0000008HfoIAE"",
  ""Name"": ""ISP Office""
}","2026-04-18 11:35:55 AM","A0616458","GRADUATE SALES & RECOGNITION LLC #4221"
"salesoffice","","","FALSE","OVERALL RECOGNITION LLC #2625","202 LAUREL DRIVE","Round Rock","Texas","78664","United States","30.52013","-97.68583","","{
  ""city"": ""Round Rock"",
  ""country"": ""United States"",
  ""countryCode"": ""US"",
  ""geocodeAccuracy"": null,
  ""latitude"": 30.52013,
  ""longitude"": -97.68583,
  ""postalCode"": ""78664"",
  ""state"": ""Texas"",
  ""stateCode"": ""TX"",
  ""street"": ""202 LAUREL DRIVE""
}","202 LAUREL DRIVE","Round Rock","Texas","78664","United States","","","","{
  ""city"": ""Round Rock"",
  ""country"": ""United States"",
  ""countryCode"": ""US"",
  ""geocodeAccuracy"": null,
  ""latitude"": null,
  ""longitude"": null,
  ""postalCode"": ""78664"",
  ""state"": ""Texas"",
  ""stateCode"": ""TX"",
  ""street"": ""202 LAUREL DRIVE""
}","5122437901","www.texashj.com","/services/images/photo/001Hr00001qVdcuIAC","","","","2023-10-10 12:02:54 PM","2026-04-14 1:18:45 PM","2026-04-15 3:01:26 PM","2026-04-15","","","TRUE","","","","","","","FALSE","FALSE","","FALSE","","","","","2625","K12 Scholastic","","Texas - Round Rock","","","","","","","","","","","","","West","","","","","","","","","","","001Hr00001qVdcuIAC","","","","","","","","","","","","","","","","","2141081","","3487490.471","100","56.8","","2019-08-15","7","","Pinnacle","","","","","","","","","","","","","","","","","","","","","","","","","","","","","","","","","","","","","","","","","","","","","","","","","","","","","","","","","","","","","","","","","","","","","","","","","","","","","","","30.520052","-97.6858532","","","","","","","","","","","","","","","","","","","","","","","","","","","","","","","","","","","","","","","001Hr00001qVdcuIAC","Active","","0","FALSE","1899-12-30","","county summary query/Acct_Rcvbl_Nbr in* 'VALUE(Customer_Number__c)'","","","0","TRUE","FALSE","FALSE","","","","","","FALSE","{
  ""attributes"": {
    ""type"": ""RecordType"",
    ""url"": ""/services/data/v61.0/sobjects/RecordType/012Hr0000008HfoIAE""
  },
  ""Id"": ""012Hr0000008HfoIAE"",
  ""Name"": ""ISP Office""
}","2026-04-18 11:35:55 AM","A0616459","OVERALL RECOGNITION LLC #2625"
"salesoffice","","","FALSE","MARK HUDSON INC #0604","5845 W. 74th Street","Indianapolis","Indiana","46278","United States","39.88671","-86.26396","","{
  ""city"": ""Indianapolis"",
  ""country"": ""United States"",
  ""countryCode"": ""US"",
  ""geocodeAccuracy"": null,
  ""latitude"": 39.88671,
  ""longitude"": -86.26396,
  ""postalCode"": ""46278"",
  ""state"": ""Indiana"",
  ""stateCode"": ""IN"",
  ""street"": ""5845 W. 74th Street""
}","5845 W. 74th Street","Indianapolis","Indiana","46278","United States","","","","{
  ""city"": ""Indianapolis"",
  ""country"": ""United States"",
  ""countryCode"": ""US"",
  ""geocodeAccuracy"": null,
  ""latitude"": null,
  ""longitude"": null,
  ""postalCode"": ""46278"",
  ""state"": ""Indiana"",
  ""stateCode"": ""IN"",
  ""street"": ""5845 W. 74th Street""
}","3177315413","","/services/images/photo/001Hr00001qVdcvIAC","","","","2023-10-10 12:02:54 PM","2026-03-23 11:57:29 AM","2026-04-16 3:15:32 PM","2026-04-16","","","TRUE","","","","","","","FALSE","FALSE","","FALSE","","","","","0604","K12 Scholastic","","Indiana - Indianapolis","","","","","","","","","","","","","East","","","","","","","","","","","001Hr00001qVdcvIAC","","","","","","","","","","","","","","","","","1062306","","1797269.076","52","41","","1992-07-01","34","","Pinnacle","","","","","","","","","","","","","","","","","","","","","","","","","","","","","","","","","","","","","","","","","","","","","","","","","","","","","","","","","","","","","","","","","","","","","","","","","","","","","","","39.8867063","-86.2639641","","","","","","","","","","","","","","","","","","","","","","","","","","","","","","","","","","","","","","","001Hr00001qVdcvIAC","Active","","0","FALSE","1899-12-30","","county summary query/Acct_Rcvbl_Nbr in* 'VALUE(Customer_Number__c)'","","","0","FALSE","FALSE","FALSE","","","","","","FALSE","{
  ""attributes"": {
    ""type"": ""RecordType"",
    ""url"": ""/services/data/v61.0/sobjects/RecordType/012Hr0000008HfoIAE""
  },
  ""Id"": ""012Hr0000008HfoIAE"",
  ""Name"": ""ISP Office""
}","2026-04-18 11:35:55 AM","A0616460","MARK HUDSON INC #0604"
"salesoffice","","","FALSE","3RD ASCENT, LLC #4380","410 WINKLER DR STE B","Alpharetta","Georgia","30004","United States","34.13792","-84.23866","","{
  ""city"": ""Alpharetta"",
  ""country"": ""United States"",
  ""countryCode"": ""US"",
  ""geocodeAccuracy"": null,
  ""latitude"": 34.13792,
  ""longitude"": -84.23866,
  ""postalCode"": ""30004"",
  ""state"": ""Georgia"",
  ""stateCode"": ""GA"",
  ""street"": ""410 WINKLER DR STE B""
}","410 WINKLER DR STE B","Alpharetta","Georgia","30004","United States","","","","{
  ""city"": ""Alpharetta"",
  ""country"": ""United States"",
  ""countryCode"": ""US"",
  ""geocodeAccuracy"": null,
  ""latitude"": null,
  ""longitude"": null,
  ""postalCode"": ""30004"",
  ""state"": ""Georgia"",
  ""stateCode"": ""GA"",
  ""street"": ""410 WINKLER DR STE B""
}","(770)594-8155","","/services/images/photo/001Hr00001qVdd1IAC","","","","2023-10-10 12:02:54 PM","2026-03-23 12:24:11 PM","2026-04-09 1:57:11 PM","2026-04-09","","","TRUE","","","","","","","FALSE","FALSE","","FALSE","","","","","4380","K12 Scholastic","","Georgia - Alpharetta","","","","","","","","","","","","","East","","","","","","","","","","","001Hr00001qVdd1IAC","","","","","","","","","","","","","","","","","758303","","3115136.544","80","28.6","","2021-08-01","5","","","","","","","","","","","","","","","","","","","","","","","","","","","","","","","","","","","","","","","","","","","","","","","","","","","","","","","","","","","","","","","","","","","","","","","","","","","","","","","","","34.137845","-84.238580","","","","","","","","","","","","","","","","","","","","","","","","","","","","","","","","","","","","","","","001Hr00001qVdd1IAC","Active","","0","FALSE","1899-12-30","","county summary query/Acct_Rcvbl_Nbr in* 'VALUE(Customer_Number__c)'","","","0","FALSE","FALSE","FALSE","","","","","","FALSE","{
  ""attributes"": {
    ""type"": ""RecordType"",
    ""url"": ""/services/data/v61.0/sobjects/RecordType/012Hr0000008HfoIAE""
  },
  ""Id"": ""012Hr0000008HfoIAE"",
  ""Name"": ""ISP Office""
}","2026-04-18 11:35:55 AM","A0616461","3RD ASCENT, LLC #4380"
"salesoffice","","","FALSE","GRADUATE SERVICE INC/CINN #0210","7022 MAIN ST","Newtown","Ohio","45244","United States","39.12501","-84.35832","","{
  ""city"": ""Newtown"",
  ""country"": ""United States"",
  ""countryCode"": ""US"",
  ""geocodeAccuracy"": null,
  ""latitude"": 39.12501,
  ""longitude"": -84.35832,
  ""postalCode"": ""45244"",
  ""state"": ""Ohio"",
  ""stateCode"": ""OH"",
  ""street"": ""7022 MAIN ST""
}","7022 MAIN ST","Newtown","Ohio","45244","United States","","","","{
  ""city"": ""Newtown"",
  ""country"": ""United States"",
  ""countryCode"": ""US"",
  ""geocodeAccuracy"": null,
  ""latitude"": null,
  ""longitude"": null,
  ""postalCode"": ""45244"",
  ""state"": ""Ohio"",
  ""stateCode"": ""OH"",
  ""street"": ""7022 MAIN ST""
}","5132725890","","/services/images/photo/001Hr00001qVdd4IAC","","","","2023-10-10 12:02:54 PM","2026-03-23 11:55:16 AM","2026-04-02 1:04:29 PM","2026-04-02","","","TRUE","","","","","","","FALSE","FALSE","","FALSE","","","","","0210","K12 Scholastic","","Ohio - Newtown","","","","","","","","","","","","","East","","","","","","","","","","","001Hr00001qVdd4IAC","","","","","","","","","","","","","","","","","2818530","","9154925.631","141","26","","1974-07-01","52","","Hall of Fame","","","","","","","","","","","","","","","","","","","","","","","","","","","","","","","","","","","","","","","","","","","","","","","","","","","","","","","","","","","","","","","","","","","","","","","","","","","","","","","39.1248401","-84.358439","","","","","","","","","","","","","","","","","","","","","","","","","","","","","","","","","","","","","","","001Hr00001qVdd4IAC","Active","","0","FALSE","1899-12-30","","county summary query/Acct_Rcvbl_Nbr in* 'VALUE(Customer_Number__c)'","","","0","TRUE","FALSE","FALSE","","","","","","FALSE","{
  ""attributes"": {
    ""type"": ""RecordType"",
    ""url"": ""/services/data/v61.0/sobjects/RecordType/012Hr0000008HfoIAE""
  },
  ""Id"": ""012Hr0000008HfoIAE"",
  ""Name"": ""ISP Office""
}","2026-04-18 11:35:55 AM","A0616462","GRADUATE SERVICE INC/CINN #0210"
"salesoffice","","","FALSE","MIKE KELLY & ASSOCIATES, LLC #4403","2767 SE 37TH STREET","Ocala","Florida","34471","United States","29.15109","-82.0995","","{
  ""city"": ""Ocala"",
  ""country"": ""United States"",
  ""countryCode"": ""US"",
  ""geocodeAccuracy"": null,
  ""latitude"": 29.15109,
  ""longitude"": -82.0995,
  ""postalCode"": ""34471"",
  ""state"": ""Florida"",
  ""stateCode"": ""FL"",
  ""street"": ""2767 SE 37TH STREET""
}","2767 SE 37TH STREET","Ocala","Florida","34471","United States","","","","{
  ""city"": ""Ocala"",
  ""country"": ""United States"",
  ""countryCode"": ""US"",
  ""geocodeAccuracy"": null,
  ""latitude"": null,
  ""longitude"": null,
  ""postalCode"": ""34471"",
  ""state"": ""Florida"",
  ""stateCode"": ""FL"",
  ""street"": ""2767 SE 37TH STREET""
}","(352)572-9719","","/services/images/photo/001Hr00001qVdd6IAC","","","","2023-10-10 12:02:54 PM","2026-03-23 12:23:21 PM","2026-04-17 7:25:36 AM","2026-04-17","","","TRUE","","","","","","","FALSE","FALSE","","FALSE","","","","","4403","K12 Scholastic","","Florida - Ocala","","","","","","","","","","","","","East","","","","","","","","","","","001Hr00001qVdd6IAC","","","","","","","","","","","","","","","","","517668","","1676640.346","51","34.1","","2022-07-01","4","","","","","","","","","","","","","","","","","","","","","","","","","","","","","","","","","","","","","","","","","","","","","","","","","","","","","","","","","","","","","","","","","","","","","","","","","","","","","","","","","29.151091","-82.0994878","","","","","","","","","","","","","","","","","","","","","","","","","","","","","","","","","","","","","","","001Hr00001qVdd6IAC","Active","","0","FALSE","1899-12-30","","county summary query/Acct_Rcvbl_Nbr in* 'VALUE(Customer_Number__c)'","","","0","FALSE","FALSE","TRUE","Kalob Williams","","","","","FALSE","{
  ""attributes"": {
    ""type"": ""RecordType"",
    ""url"": ""/services/data/v61.0/sobjects/RecordType/012Hr0000008HfoIAE""
  },
  ""Id"": ""012Hr0000008HfoIAE"",
  ""Name"": ""ISP Office""
}","2026-04-18 11:35:55 AM","A0616463","MIKE KELLY & ASSOCIATES, LLC #4403"
"salesoffice","","","FALSE","KILBOURNE & KILBOURNE, INC #1507","83 PRINCETON AVE.","Hopewell","New Jersey","08525-2020","United States","40.38519","-74.75601","","{
  ""city"": ""Hopewell"",
  ""country"": ""United States"",
  ""countryCode"": ""US"",
  ""geocodeAccuracy"": null,
  ""latitude"": 40.38519,
  ""longitude"": -74.75601,
  ""postalCode"": ""08525-2020"",
  ""state"": ""New Jersey"",
  ""stateCode"": ""NJ"",
  ""street"": ""83 PRINCETON AVE.""
}","83 PRINCETON AVE.","Hopewell","New Jersey","08525-2020","United States","","","","{
  ""city"": ""Hopewell"",
  ""country"": ""United States"",
  ""countryCode"": ""US"",
  ""geocodeAccuracy"": null,
  ""latitude"": null,
  ""longitude"": null,
  ""postalCode"": ""08525-2020"",
  ""state"": ""New Jersey"",
  ""stateCode"": ""NJ"",
  ""street"": ""83 PRINCETON AVE.""
}","6094667720","","/services/images/photo/001Hr00001qVdd9IAC","","","","2023-10-10 12:02:54 PM","2026-03-11 10:00:27 AM","2026-03-11 10:00:27 AM","2026-02-11","","","TRUE","","","","","","","FALSE","FALSE","","FALSE","","","","","1507","K12 Scholastic","","New Jersey - Hopewell","","","","","","","","","","","","","East","","","","","","","","","","","001Hr00001qVdd9IAC","","","","","","","","","","","","","","","","","351390","","1023297.626","122","39","","1994-07-01","32","","Double Eagle","","","","","","","","","","","","","","","","","","","","","","","","","","","","","","","","","","","","","","","","","","","","","","","","","","","","","","","","","","","","","","","","","","","","","","","","","","","","","","","40.3852288","-74.7560809","","","","","","","","","","","","","","","","","","","","","","","","","","","","","","","","","","","","","","","001Hr00001qVdd9IAC","Active","","0","FALSE","1899-12-30","","county summary query/Acct_Rcvbl_Nbr in* 'VALUE(Customer_Number__c)'","","","0","FALSE","FALSE","FALSE","","","","","","FALSE","{
  ""attributes"": {
    ""type"": ""RecordType"",
    ""url"": ""/services/data/v61.0/sobjects/RecordType/012Hr0000008HfoIAE""
  },
  ""Id"": ""012Hr0000008HfoIAE"",
  ""Name"": ""ISP Office""
}","2026-04-18 11:35:55 AM","A0616464","KILBOURNE & KILBOURNE, INC #1507"
"salesoffice","","","FALSE","KINGSLEY INC #4241","PO BOX 747","Monticello","Indiana","47960","United States","40.74614","-86.76541","","{
  ""city"": ""Monticello"",
  ""country"": ""United States"",
  ""countryCode"": ""US"",
  ""geocodeAccuracy"": null,
  ""latitude"": 40.74614,
  ""longitude"": -86.76541,
  ""postalCode"": ""47960"",
  ""state"": ""Indiana"",
  ""stateCode"": ""IN"",
  ""street"": ""PO BOX 747""
}","608 W FISHER ST","Monticello","Indiana","47960","United States","","","","{
  ""city"": ""Monticello"",
  ""country"": ""United States"",
  ""countryCode"": ""US"",
  ""geocodeAccuracy"": null,
  ""latitude"": null,
  ""longitude"": null,
  ""postalCode"": ""47960"",
  ""state"": ""Indiana"",
  ""stateCode"": ""IN"",
  ""street"": ""608 W FISHER ST""
}","5745833420","","/services/images/photo/001Hr00001qVddAIAS","","","","2023-10-10 12:02:54 PM","2026-03-23 11:57:41 AM","2026-04-17 6:44:24 PM","2026-04-17","","","TRUE","","","","","","","FALSE","FALSE","","FALSE","","","","","4241","K12 Scholastic","","Indiana - Monticello","","","","","","","","","","","","","East","","","","","","","","","","","001Hr00001qVddAIAS","","","","","","","","","","","","","","","","","514057","","1833074.604","41","22","","1998-07-01","28","","Pinnacle","","","","","","","","","","","","","","","","","","","","","","","","","","","","","","","","","","","","","","","","","","","","","","","","","","","","","","","","","","","","","","","","","","","","","","","","","","","","","","","40.7561767","-86.7705106","","","","","","","","","","","","","","","","","","","","","","","","","","","","","","","","","","","","","","","001Hr00001qVddAIAS","Active","","0","FALSE","1899-12-30","","county summary query/Acct_Rcvbl_Nbr in* 'VALUE(Customer_Number__c)'","","","0","FALSE","FALSE","FALSE","","","","","","FALSE","{
  ""attributes"": {
    ""type"": ""RecordType"",
    ""url"": ""/services/data/v61.0/sobjects/RecordType/012Hr0000008HfoIAE""
  },
  ""Id"": ""012Hr0000008HfoIAE"",
  ""Name"": ""ISP Office""
}","2026-04-18 11:35:55 AM","A0616465","KINGSLEY INC #4241"
"salesoffice","","","FALSE","GRADPRO INC #2311","2126 ANDREA LN, STE 1","Fort Myers","Florida","33912","United States","26.53481","-81.86658","","{
  ""city"": ""Fort Myers"",
  ""country"": ""United States"",
  ""countryCode"": ""US"",
  ""geocodeAccuracy"": null,
  ""latitude"": 26.53481,
  ""longitude"": -81.86658,
  ""postalCode"": ""33912"",
  ""state"": ""Florida"",
  ""stateCode"": ""FL"",
  ""street"": ""2126 ANDREA LN, STE 1""
}","2126 ANDREA LN, STE 1","Fort Myers","Florida","33912","United States","","","","{
  ""city"": ""Fort Myers"",
  ""country"": ""United States"",
  ""countryCode"": ""US"",
  ""geocodeAccuracy"": null,
  ""latitude"": null,
  ""longitude"": null,
  ""postalCode"": ""33912"",
  ""state"": ""Florida"",
  ""stateCode"": ""FL"",
  ""street"": ""2126 ANDREA LN, STE 1""
}","2392784555","","/services/images/photo/001Hr00001qVddBIAS","","","","2023-10-10 12:02:54 PM","2026-03-23 12:23:08 PM","2026-04-18 10:02:30 AM","2026-04-18","","","TRUE","","","","","","","FALSE","FALSE","","FALSE","","","","","2311","K12 Scholastic","","Florida - Fort Myers","","","","","","","","","","","","","East","","","","","","","","","","","001Hr00001qVddBIAS","","","","","","","","","","","","","","","","","1246339","","3620578.857","105","40.2","","1989-09-01","37","","Hall of Fame","","","","","","","","","","","","","","","","","","","","","","","","","","","","","","","","","","","","","","","","","","","","","","","","","","","","","","","","","","","","","","","","","","","","","","","","","","","","","","","26.5348136","-81.866559","","","","","","","","","","","","","","","","","","","","","","","","","","","","","","","","","","","","","","","001Hr00001qVddBIAS","Active","","0","FALSE","1899-12-30","","county summary query/Acct_Rcvbl_Nbr in* 'VALUE(Customer_Number__c)'","","","0","FALSE","FALSE","FALSE","","","","","","FALSE","{
  ""attributes"": {
    ""type"": ""RecordType"",
    ""url"": ""/services/data/v61.0/sobjects/RecordType/012Hr0000008HfoIAE""
  },
  ""Id"": ""012Hr0000008HfoIAE"",
  ""Name"": ""ISP Office""
}","2026-04-18 11:35:55 AM","A0616466","GRADPRO INC #2311"
"salesoffice","","","FALSE","JACK M. KORNEGAY #2380","PO BOX 1239","Goldsboro","North Carolina","27533","United States","35.38367","-77.99257","","{
  ""city"": ""Goldsboro"",
  ""country"": ""United States"",
  ""countryCode"": ""US"",
  ""geocodeAccuracy"": null,
  ""latitude"": 35.38367,
  ""longitude"": -77.99257,
  ""postalCode"": ""27533"",
  ""state"": ""North Carolina"",
  ""stateCode"": ""NC"",
  ""street"": ""PO BOX 1239""
}","114 WALNUT CREEK DRIVE","Goldsboro","North Carolina","27534","United States","","","","{
  ""city"": ""Goldsboro"",
  ""country"": ""United States"",
  ""countryCode"": ""US"",
  ""geocodeAccuracy"": null,
  ""latitude"": null,
  ""longitude"": null,
  ""postalCode"": ""27534"",
  ""state"": ""North Carolina"",
  ""stateCode"": ""NC"",
  ""street"": ""114 WALNUT CREEK DRIVE""
}","9195810355","","/services/images/photo/001Hr00001qVddDIAS","","","","2023-10-10 12:02:54 PM","2026-03-23 12:26:23 PM","2026-04-01 1:03:24 PM","2026-04-01","","","TRUE","","","","","","","FALSE","FALSE","","FALSE","","","","","2380","K12 Scholastic","","North Carolina - Goldsboro","","","","","","","","","","","","","East","","","","","","","","","","","001Hr00001qVddDIAS","","","","","","","","","","","","","","","","","311372","","1457079.2","46","21.7","","1996-08-01","30","","Golden Eagle","","","","","","","","","","","","","","","","","","","","","","","","","","","","","","","","","","","","","","","","","","","","","","","","","","","","","","","","","","","","","","","","","","","","","","","","","","","","","","","35.3167732","-77.8580791","","","","","","","","","","","","","","","","","","","","","","","","","","","","","","","","","","","","","","","001Hr00001qVddDIAS","Active","","0","FALSE","1899-12-30","","county summary query/Acct_Rcvbl_Nbr in* 'VALUE(Customer_Number__c)'","","","0","FALSE","FALSE","FALSE","","","","","","FALSE","{
  ""attributes"": {
    ""type"": ""RecordType"",
    ""url"": ""/services/data/v61.0/sobjects/RecordType/012Hr0000008HfoIAE""
  },
  ""Id"": ""012Hr0000008HfoIAE"",
  ""Name"": ""ISP Office""
}","2026-04-18 11:35:55 AM","A0616467","JACK M. KORNEGAY #2380"
"salesoffice","","","FALSE","MK GAINESVILLE, LLC #1582","4257 Aiken Drive, Suite A","Warrenton","VA","20187","United States","38.74376","-77.68269","","{
  ""city"": ""Warrenton"",
  ""country"": ""United States"",
  ""countryCode"": ""US"",
  ""geocodeAccuracy"": null,
  ""latitude"": 38.74376,
  ""longitude"": -77.68269,
  ""postalCode"": ""20187"",
  ""state"": ""VA"",
  ""stateCode"": ""VA"",
  ""street"": ""4257 Aiken Drive, Suite A""
}","4257 Aiken Drive, Suite A","Warrenton","VA","20187","United States","","","","{
  ""city"": ""Warrenton"",
  ""country"": ""United States"",
  ""countryCode"": ""US"",
  ""geocodeAccuracy"": null,
  ""latitude"": null,
  ""longitude"": null,
  ""postalCode"": ""20187"",
  ""state"": ""VA"",
  ""stateCode"": ""VA"",
  ""street"": ""4257 Aiken Drive, Suite A""
}","(703) 368-9550","","/services/images/photo/001Hr00001qVddFIAS","","","","2023-10-10 12:02:54 PM","2025-10-31 10:37:21 AM","2026-04-07 1:02:33 PM","2026-04-07","","","FALSE","","","","","","","FALSE","FALSE","","FALSE","","","","","1582","College","","VA - Warrenton","","","","","","","","","","","","","East","","","","","","","","","","","001Hr00001qVddFIAS","","","","","","","","","","","","","","","","","2399344","","9507712.323","100","28","","1999-07-01","27","","","","","","","","","","","","","","","","","","","","","","","","","","","","","","","","","","","","","","","","","","","","","","","","","","","","","","","","","","","","","","","","","","","","","","","","","","","","","","","","","38.7437714","-77.6827364","","","","","","","","","","","","","","","","","","","","","","","","","","","","","","","","","","","","","","","001Hr00001qVddFIAS","Active","","0","FALSE","1899-12-30","","county summary query/Acct_Rcvbl_Nbr in* 'VALUE(Customer_Number__c)'","","","0","FALSE","FALSE","FALSE","","","","","","FALSE","{
  ""attributes"": {
    ""type"": ""RecordType"",
    ""url"": ""/services/data/v61.0/sobjects/RecordType/012Hr0000008HfoIAE""
  },
  ""Id"": ""012Hr0000008HfoIAE"",
  ""Name"": ""ISP Office""
}","2026-04-18 11:35:55 AM","A0616468","MK GAINESVILLE, LLC #1582"
"salesoffice","","","FALSE","GRADUATE SERVICE DETROIT LLC #4250","4938 DEWITT ROAD, STE 200","Canton","Michigan","48188","United States","42.2709412","-83.4831629","","{
  ""city"": ""Canton"",
  ""country"": ""United States"",
  ""countryCode"": ""US"",
  ""geocodeAccuracy"": null,
  ""latitude"": 42.2709412,
  ""longitude"": -83.4831629,
  ""postalCode"": ""48188"",
  ""state"": ""Michigan"",
  ""stateCode"": ""MI"",
  ""street"": ""4938 DEWITT ROAD, STE 200""
}","4938 DEWITT ROAD, STE 200","Canton","Michigan","48188","United States","","","","{
  ""city"": ""Canton"",
  ""country"": ""United States"",
  ""countryCode"": ""US"",
  ""geocodeAccuracy"": null,
  ""latitude"": null,
  ""longitude"": null,
  ""postalCode"": ""48188"",
  ""state"": ""Michigan"",
  ""stateCode"": ""MI"",
  ""street"": ""4938 DEWITT ROAD, STE 200""
}","(734) 699-4757","","/services/images/photo/001Hr00001qVddGIAS","","","","2023-10-10 12:02:54 PM","2026-03-11 10:00:27 AM","2026-04-10 3:53:33 PM","2026-04-10","","","TRUE","","","","","","","FALSE","FALSE","","FALSE","","","","","4250","K12 Scholastic","","Michigan - Canton","","","","","","","","","","","","","East","","","","","","","","","","","001Hr00001qVddGIAS","","","","","","","","","","","","","","","","","1375776","","9957045.008","134","13.1","","2016-07-01","10","","Eagle","","","","","","","","","","","","","","","","","","","","","","","","","","","","","","","","","","","","","","","","","","","","","","","","","","","","","","","","","","","","","","","","","","","","","","","","","","","","","","","42.270384","-83.4850793","","","","","","","","","","","","","","","","","","","","","","","","","","","","","","","","","","","","","","","001Hr00001qVddGIAS","Active","","0","FALSE","1899-12-30","","county summary query/Acct_Rcvbl_Nbr in* 'VALUE(Customer_Number__c)'","","","0","FALSE","FALSE","FALSE","","","","","","FALSE","{
  ""attributes"": {
    ""type"": ""RecordType"",
    ""url"": ""/services/data/v61.0/sobjects/RecordType/012Hr0000008HfoIAE""
  },
  ""Id"": ""012Hr0000008HfoIAE"",
  ""Name"": ""ISP Office""
}","2026-04-18 11:35:55 AM","A0616469","GRADUATE SERVICE DETROIT LLC #4250"
"salesoffice","","","FALSE","CENTRAL GRADUATE SUPPLY INC #0427","780 HWY 347","Bismarck","Arkansas","71929","United States","34.33493","-93.30367","","{
  ""city"": ""Bismarck"",
  ""country"": ""United States"",
  ""countryCode"": ""US"",
  ""geocodeAccuracy"": null,
  ""latitude"": 34.33493,
  ""longitude"": -93.30367,
  ""postalCode"": ""71929"",
  ""state"": ""Arkansas"",
  ""stateCode"": ""AR"",
  ""street"": ""780 HWY 347""
}","780 HWY 347","Bismarck","Arkansas","71929","United States","","","","{
  ""city"": ""Bismarck"",
  ""country"": ""United States"",
  ""countryCode"": ""US"",
  ""geocodeAccuracy"": null,
  ""latitude"": null,
  ""longitude"": null,
  ""postalCode"": ""71929"",
  ""state"": ""Arkansas"",
  ""stateCode"": ""AR"",
  ""street"": ""780 HWY 347""
}","8662385336","","/services/images/photo/001Hr00001qVddHIAS","","","","2023-10-10 12:02:54 PM","2026-03-11 10:19:49 AM","2026-04-07 1:02:33 PM","2026-04-07","","","TRUE","","","","","","","FALSE","FALSE","","FALSE","","","","","0427","K12 Scholastic","","Arkansas - Bismarck","","","","","","","","","","","","","West","","","","","","","","","","","001Hr00001qVddHIAS","","","","","","","","","","","","","","","","","543601","","4950748.516","66","13","","2001-04-15","26","","Pinnacle","","","","","","","","","","","","","","","","","","","","","","","","","","","","","","","","","","","","","","","","","","","","","","","","","","","","","","","","","","","","","","","","","","","","","","","","","","","","","","","34.3349165","-93.3036174","","","","","","","","","","","","","","","","","","","","","","","","","","","","","","","","","","","","","","","001Hr00001qVddHIAS","Active","","0","TRUE","1899-12-30","","county summary query/Acct_Rcvbl_Nbr in* 'VALUE(Customer_Number__c)'","","","0","FALSE","FALSE","FALSE","","","","","","FALSE","{
  ""attributes"": {
    ""type"": ""RecordType"",
    ""url"": ""/services/data/v61.0/sobjects/RecordType/012Hr0000008HfoIAE""
  },
  ""Id"": ""012Hr0000008HfoIAE"",
  ""Name"": ""ISP Office""
}","2026-04-18 11:35:55 AM","A0616470","CENTRAL GRADUATE SUPPLY INC #0427"
"salesoffice","","","FALSE","LEHMAN'S GRAD SUPPLY #0438","LEHMAN'S GRAD SUPPLY 1080 MUSCOVY LANE","Bensalem","Pennsylvania","19020","United States","40.1132","-74.91323","","{
  ""city"": ""Bensalem"",
  ""country"": ""United States"",
  ""countryCode"": ""US"",
  ""geocodeAccuracy"": null,
  ""latitude"": 40.1132,
  ""longitude"": -74.91323,
  ""postalCode"": ""19020"",
  ""state"": ""Pennsylvania"",
  ""stateCode"": ""PA"",
  ""street"": ""LEHMAN'S GRAD SUPPLY 1080 MUSCOVY LANE""
}","1080 MUSCOVY LANE","Bensalem","Pennsylvania","19020","United States","","","","{
  ""city"": ""Bensalem"",
  ""country"": ""United States"",
  ""countryCode"": ""US"",
  ""geocodeAccuracy"": null,
  ""latitude"": null,
  ""longitude"": null,
  ""postalCode"": ""19020"",
  ""state"": ""Pennsylvania"",
  ""stateCode"": ""PA"",
  ""street"": ""1080 MUSCOVY LANE""
}","2152458660","","/services/images/photo/001Hr00001qVddLIAS","","","","2023-10-10 12:02:54 PM","2026-03-11 10:00:27 AM","2026-04-08 1:18:37 PM","2026-04-08","","","TRUE","","","","","","","FALSE","FALSE","","FALSE","","","","","0438","K12 Scholastic","","Pennsylvania - Bensalem","","","","","","","","","","","","","East","","","","","","","","","","","001Hr00001qVddLIAS","","","","","","","","","","","","","","","","","302816","","635217.328","22","39","","1975-07-01","51","","Hall of Fame","","","","","","","","","","","","","","","","","","","","","","","","","","","","","","","","","","","","","","","","","","","","","","","","","","","","","","","","","","","","","","","","","","","","","","","","","","","","","","","40.113222","-74.913152","","","","","","","","","","","","","","","","","","","","","","","","","","","","","","","","","","","","","","","001Hr00001qVddLIAS","Active","","0","FALSE","1899-12-30","","county summary query/Acct_Rcvbl_Nbr in* 'VALUE(Customer_Number__c)'","","","0","FALSE","FALSE","FALSE","","","","","","FALSE","{
  ""attributes"": {
    ""type"": ""RecordType"",
    ""url"": ""/services/data/v61.0/sobjects/RecordType/012Hr0000008HfoIAE""
  },
  ""Id"": ""012Hr0000008HfoIAE"",
  ""Name"": ""ISP Office""
}","2026-04-18 11:35:55 AM","A0616471","LEHMAN'S GRAD SUPPLY #0438"
"salesoffice","","","FALSE","LOGOMEISTER, INC. #2370","COLLEGE SPECIALTIES 531 MAIN STREET #954","El Segundo","CA","90245","United States","33.92323","-118.41627","","{
  ""city"": ""El Segundo"",
  ""country"": ""United States"",
  ""countryCode"": ""US"",
  ""geocodeAccuracy"": null,
  ""latitude"": 33.92323,
  ""longitude"": -118.41627,
  ""postalCode"": ""90245"",
  ""state"": ""CA"",
  ""stateCode"": ""CA"",
  ""street"": ""COLLEGE SPECIALTIES 531 MAIN STREET #954""
}","531 MAIN STREET #954","El Segundo","CA","90245","United States","","","","{
  ""city"": ""El Segundo"",
  ""country"": ""United States"",
  ""countryCode"": ""US"",
  ""geocodeAccuracy"": null,
  ""latitude"": null,
  ""longitude"": null,
  ""postalCode"": ""90245"",
  ""state"": ""CA"",
  ""stateCode"": ""CA"",
  ""street"": ""531 MAIN STREET #954""
}","(310) 641-5535","","/services/images/photo/001Hr00001qVddMIAS","","","","2023-10-10 12:02:54 PM","2025-10-31 10:37:21 AM","2026-04-14 1:36:17 PM","2026-04-07","","","FALSE","","","","","","","FALSE","FALSE","","FALSE","","","","","2370","College","","CA - El Segundo","","","","","","","","","","","","","West","","","","","","","","","","","001Hr00001qVddMIAS","","","","","","","","","","","","","","","","","2707981","","4701517.45","24","61.9","","2008-08-01","18","","Hall of Fame","","","","","","","","","","","","","","","","","","","","","","","","","","","","","","","","","","","","","","","","","","","","","","","","","","","","","","","","","","","","","","","","","","","","","","","","","","","","","","","33.9231861","-118.4162172","","","","","","","","","","","","","","","","","","","","","","","","","","","","","","","","","","","","","","","001Hr00001qVddMIAS","Active","","0","FALSE","1899-12-30","","county summary query/Acct_Rcvbl_Nbr in* 'VALUE(Customer_Number__c)'","","","0","FALSE","FALSE","FALSE","","","","","","FALSE","{
  ""attributes"": {
    ""type"": ""RecordType"",
    ""url"": ""/services/data/v61.0/sobjects/RecordType/012Hr0000008HfoIAE""
  },
  ""Id"": ""012Hr0000008HfoIAE"",
  ""Name"": ""ISP Office""
}","2026-04-18 11:35:55 AM","A0616472","LOGOMEISTER, INC. #2370"
"salesoffice","","","FALSE","STORIE ENTERPRISES LLC #0744","7 Westfield Lane","Saint Louis","MO","63131","United States","38.63906","-90.42689","","{
  ""city"": ""Saint Louis"",
  ""country"": ""United States"",
  ""countryCode"": ""US"",
  ""geocodeAccuracy"": null,
  ""latitude"": 38.63906,
  ""longitude"": -90.42689,
  ""postalCode"": ""63131"",
  ""state"": ""MO"",
  ""stateCode"": ""MO"",
  ""street"": ""7 Westfield Lane""
}","7 Westfield Lane","Saint Louis","MO","63131","United States","","","","{
  ""city"": ""Saint Louis"",
  ""country"": ""United States"",
  ""countryCode"": ""US"",
  ""geocodeAccuracy"": null,
  ""latitude"": null,
  ""longitude"": null,
  ""postalCode"": ""63131"",
  ""state"": ""MO"",
  ""stateCode"": ""MO"",
  ""street"": ""7 Westfield Lane""
}","(314) 369-6668","","/services/images/photo/001Hr00001qVddNIAS","","","","2023-10-10 12:02:54 PM","2025-10-31 10:37:21 AM","2026-04-12 9:03:42 AM","2026-04-12","","","TRUE","","","","","","","FALSE","FALSE","","FALSE","","","","","0744","College","","MO - Saint Louis","","","","","","","","","","","","","West","","","","","","","","","","","001Hr00001qVddNIAS","","","","","","","","","","","","","","","","","2194039","","8125876.776","117","39","","2020-02-17","7","","Hall of Fame","","","","","","","","","","","","","","","","","","","","","","","","","","","","","","","","","","","","","","","","","","","","","","","","","","","","","","","","","","","","","","","","","","","","","","","","","","","","","","","38.6390583","-90.4270205","","","","","","","","","","","","","","","","","","","","","","","","","","","","","","","","","","","","","","","001Hr00001qVddNIAS","Active","","0","FALSE","1899-12-30","","county summary query/Acct_Rcvbl_Nbr in* 'VALUE(Customer_Number__c)'","","","0","FALSE","FALSE","FALSE","","","","","","FALSE","{
  ""attributes"": {
    ""type"": ""RecordType"",
    ""url"": ""/services/data/v61.0/sobjects/RecordType/012Hr0000008HfoIAE""
  },
  ""Id"": ""012Hr0000008HfoIAE"",
  ""Name"": ""ISP Office""
}","2026-04-18 11:35:55 AM","A0616473","STORIE ENTERPRISES LLC #0744"
"salesoffice","","","FALSE","JOSEPH LIVOTI #4425","PO BOX 175","Cold Spring","NY","10516","United States","41.42025","-73.9536","","{
  ""city"": ""Cold Spring"",
  ""country"": ""United States"",
  ""countryCode"": ""US"",
  ""geocodeAccuracy"": null,
  ""latitude"": 41.42025,
  ""longitude"": -73.9536,
  ""postalCode"": ""10516"",
  ""state"": ""NY"",
  ""stateCode"": ""NY"",
  ""street"": ""PO BOX 175""
}","22 GARDEN STREET","Cold Spring","NY","10516","United States","","","","{
  ""city"": ""Cold Spring"",
  ""country"": ""United States"",
  ""countryCode"": ""US"",
  ""geocodeAccuracy"": null,
  ""latitude"": null,
  ""longitude"": null,
  ""postalCode"": ""10516"",
  ""state"": ""NY"",
  ""stateCode"": ""NY"",
  ""street"": ""22 GARDEN STREET""
}","","","/services/images/photo/001Hr00001qVddPIAS","","","","2023-10-10 12:02:54 PM","2025-10-31 10:37:21 AM","2026-03-25 1:05:38 PM","2026-03-25","","","FALSE","","","","","","","FALSE","FALSE","","FALSE","","","","","4425","College","","NY - Cold Spring","","","","","","","","","","","","","East","","","","","","","","","","","001Hr00001qVddPIAS","","","","","","","","","","","","","","","","","1325783","","4097381.948","70","29.9","","2022-12-15","4","","","","","","","","","","","","","","","","","","","","","","","","","","","","","","","","","","","","","","","","","","","","","","","","","","","","","","","","","","","","","","","","","","","","","","","","","","","","","","","","","41.4195369","-73.9582051","","","","","","","","","","","","","","","","","","","","","","","","","","","","","","","","","","","","","","","001Hr00001qVddPIAS","Active","","0","FALSE","1899-12-30","","county summary query/Acct_Rcvbl_Nbr in* 'VALUE(Customer_Number__c)'","","","0","FALSE","FALSE","FALSE","","","","","","FALSE","{
  ""attributes"": {
    ""type"": ""RecordType"",
    ""url"": ""/services/data/v61.0/sobjects/RecordType/012Hr0000008HfoIAE""
  },
  ""Id"": ""012Hr0000008HfoIAE"",
  ""Name"": ""ISP Office""
}","2026-04-18 11:35:55 AM","A0616474","JOSEPH LIVOTI #4425"
"salesoffice","","","FALSE","MAC SCHOLASTIC INC #2689","7316-C WALLACE RD","Charlotte","North Carolina","28212","United States","35.17401","-80.74935","","{
  ""city"": ""Charlotte"",
  ""country"": ""United States"",
  ""countryCode"": ""US"",
  ""geocodeAccuracy"": null,
  ""latitude"": 35.17401,
  ""longitude"": -80.74935,
  ""postalCode"": ""28212"",
  ""state"": ""North Carolina"",
  ""stateCode"": ""NC"",
  ""street"": ""7316-C WALLACE RD""
}","7316-C WALLACE RD","Charlotte","North Carolina","28212","United States","","","","{
  ""city"": ""Charlotte"",
  ""country"": ""United States"",
  ""countryCode"": ""US"",
  ""geocodeAccuracy"": null,
  ""latitude"": null,
  ""longitude"": null,
  ""postalCode"": ""28212"",
  ""state"": ""North Carolina"",
  ""stateCode"": ""NC"",
  ""street"": ""7316-C WALLACE RD""
}","7048735563","","/services/images/photo/001Hr00001qVddSIAS","","","","2023-10-10 12:02:54 PM","2026-03-23 12:26:13 PM","2026-04-01 1:03:24 PM","2026-04-01","","","TRUE","","","","","","","FALSE","FALSE","","FALSE","","","","","2689","K12 Scholastic","","North Carolina - Charlotte","","","","","","","","","","","","","East","","","","","","","","","","","001Hr00001qVddSIAS","","","","","","","","","","","","","","","","","930696","","5522680.532","98","19","","2012-07-16","14","","Golden Eagle","","","","","","","","","","","","","","","","","","","","","","","","","","","","","","","","","","","","","","","","","","","","","","","","","","","","","","","","","","","","","","","","","","","","","","","","","","","","","","","35.1739351","-80.7494534","","","","","","","","","","","","","","","","","","","","","","","","","","","","","","","","","","","","","","","001Hr00001qVddSIAS","Active","","0","FALSE","1899-12-30","","county summary query/Acct_Rcvbl_Nbr in* 'VALUE(Customer_Number__c)'","","","0","FALSE","FALSE","FALSE","","","","","","FALSE","{
  ""attributes"": {
    ""type"": ""RecordType"",
    ""url"": ""/services/data/v61.0/sobjects/RecordType/012Hr0000008HfoIAE""
  },
  ""Id"": ""012Hr0000008HfoIAE"",
  ""Name"": ""ISP Office""
}","2026-04-18 11:35:55 AM","A0616475","MAC SCHOLASTIC INC #2689"
"salesoffice","","","FALSE","R.E.M. GRADUATE SERVICES LLC #2545","107 Maple Lake Road","Spring Brook Township","Pennsylvania","18444","United States","41.33178","-75.58067","","{
  ""city"": ""Spring Brook Township"",
  ""country"": ""United States"",
  ""countryCode"": ""US"",
  ""geocodeAccuracy"": null,
  ""latitude"": 41.33178,
  ""longitude"": -75.58067,
  ""postalCode"": ""18444"",
  ""state"": ""Pennsylvania"",
  ""stateCode"": ""PA"",
  ""street"": ""107 Maple Lake Road""
}","107 Maple Lake Road","Spring Brook Township","Pennsylvania","18444","United States","","","","{
  ""city"": ""Spring Brook Township"",
  ""country"": ""United States"",
  ""countryCode"": ""US"",
  ""geocodeAccuracy"": null,
  ""latitude"": null,
  ""longitude"": null,
  ""postalCode"": ""18444"",
  ""state"": ""Pennsylvania"",
  ""stateCode"": ""PA"",
  ""street"": ""107 Maple Lake Road""
}","5704704143","","/services/images/photo/001Hr00001qVddUIAS","","","","2023-10-10 12:02:54 PM","2026-03-11 10:00:27 AM","2026-04-02 1:06:14 PM","2026-04-02","","","TRUE","","","","","","","FALSE","FALSE","","FALSE","","","","","2545","K12 Scholastic","","Pennsylvania - Spring Brook Township","","","","","","","","","","","","","East","","","","","","","","","","","001Hr00001qVddUIAS","","","","","","","","","","","","","","","","","744391","","4375264.086","140","18.1","","2009-08-15","17","","Double Eagle","","","","","","","","","","","","","","","","","","","","","","","","","","","","","","","","","","","","","","","","","","","","","","","","","","","","","","","","","","","","","","","","","","","","","","","","","","","","","","","41.3318987","-75.5803254","","","","","","","","","","","","","","","","","","","","","","","","","","","","","","","","","","","","","","","001Hr00001qVddUIAS","Active","","0","FALSE","1899-12-30","","county summary query/Acct_Rcvbl_Nbr in* 'VALUE(Customer_Number__c)'","","","0","FALSE","FALSE","FALSE","","","","","","FALSE","{
  ""attributes"": {
    ""type"": ""RecordType"",
    ""url"": ""/services/data/v61.0/sobjects/RecordType/012Hr0000008HfoIAE""
  },
  ""Id"": ""012Hr0000008HfoIAE"",
  ""Name"": ""ISP Office""
}","2026-04-18 11:35:55 AM","A0616476","R.E.M. GRADUATE SERVICES LLC #2545"
"salesoffice","","","FALSE","MANNING ACHIEVEMENT PRODUCTS LLC #2523","8530 NEWRY PL","Dublin","California","94568","United States","37.72327","-121.92929","","{
  ""city"": ""Dublin"",
  ""country"": ""United States"",
  ""countryCode"": ""US"",
  ""geocodeAccuracy"": null,
  ""latitude"": 37.72327,
  ""longitude"": -121.92929,
  ""postalCode"": ""94568"",
  ""state"": ""California"",
  ""stateCode"": ""CA"",
  ""street"": ""8530 NEWRY PL""
}","8530 NEWRY PL","Dublin","California","94568","United States","","","","{
  ""city"": ""Dublin"",
  ""country"": ""United States"",
  ""countryCode"": ""US"",
  ""geocodeAccuracy"": null,
  ""latitude"": null,
  ""longitude"": null,
  ""postalCode"": ""94568"",
  ""state"": ""California"",
  ""stateCode"": ""CA"",
  ""street"": ""8530 NEWRY PL""
}","8662385336","","/services/images/photo/001Hr00001qVddVIAS","","","","2023-10-10 12:02:54 PM","2026-03-23 11:40:30 AM","2026-04-10 1:05:47 PM","2026-04-30","","","TRUE","","","","","","","FALSE","FALSE","","FALSE","","","","","2523","K12 Scholastic","","California - Dublin","","","","","","","","","","","","","West","","","","","","","","","","","001Hr00001qVddVIAS","","","","","","","","","","","","","","","","","1034584","","9112276.937","193","12.1","","2009-05-01","17","","Double Eagle","","","","","","","","","","","","","","","","","","","","","","","","","","","","","","","","","","","","","","","","","","","","","","","","","","","","","","","","","","","","","","","","","","","","","","","","","","","","","","","37.7232264","-121.9292138","","","","","","","","","","","","","","","","","","","","","","","","","","","","","","","","","","","","","","","001Hr00001qVddVIAS","Active","","0","FALSE","1899-12-30","","county summary query/Acct_Rcvbl_Nbr in* 'VALUE(Customer_Number__c)'","","","0","FALSE","FALSE","TRUE","Cody Schroeder","","","","","FALSE","{
  ""attributes"": {
    ""type"": ""RecordType"",
    ""url"": ""/services/data/v61.0/sobjects/RecordType/012Hr0000008HfoIAE""
  },
  ""Id"": ""012Hr0000008HfoIAE"",
  ""Name"": ""ISP Office""
}","2026-04-18 11:35:55 AM","A0616477","MANNING ACHIEVEMENT PRODUCTS LLC #2523"
"salesoffice","","","FALSE","SOUTH TEXAS GRADUATION #4280","2209 N PADRE ISLAND DR STE J","Corpus Christi","Texas","78408","United States","27.8018","-97.46942","","{
  ""city"": ""Corpus Christi"",
  ""country"": ""United States"",
  ""countryCode"": ""US"",
  ""geocodeAccuracy"": null,
  ""latitude"": 27.8018,
  ""longitude"": -97.46942,
  ""postalCode"": ""78408"",
  ""state"": ""Texas"",
  ""stateCode"": ""TX"",
  ""street"": ""2209 N PADRE ISLAND DR STE J""
}","2209 N PADRE ISLAND DR STE J","Corpus Christie","Texas","78408","United States","","","","{
  ""city"": ""Corpus Christie"",
  ""country"": ""United States"",
  ""countryCode"": ""US"",
  ""geocodeAccuracy"": null,
  ""latitude"": null,
  ""longitude"": null,
  ""postalCode"": ""78408"",
  ""state"": ""Texas"",
  ""stateCode"": ""TX"",
  ""street"": ""2209 N PADRE ISLAND DR STE J""
}","(940) 282-7024","","/services/images/photo/001Hr00001qVddYIAS","","","","2023-10-10 12:02:54 PM","2026-03-11 10:20:28 AM","2026-04-16 11:43:34 AM","2026-04-16","","","TRUE","","","","","","","FALSE","FALSE","","FALSE","","","","","4280","K12 Scholastic","","Texas - Corpus Christie","","","","","","","","","","","","","West","","","","","","","","","","","001Hr00001qVddYIAS","","","","","","","","","","","","","","","","","850077","","2340536.952","36","39.4","","2021-07-01","5","","Eagle","","","","","","","","","","","","","","","","","","","","","","","","","","","","","","","","","","","","","","","","","","","","","","","","","","","","","","","","","","","","","","","","","","","","","","","","","","","","","","","27.8020191","-97.469479","","","","","","","","","","","","","","","","","","","","","","","","","","","","","","","","","","","","","","","001Hr00001qVddYIAS","Active","","0","TRUE","1899-12-30","","county summary query/Acct_Rcvbl_Nbr in* 'VALUE(Customer_Number__c)'","","","0","TRUE","FALSE","FALSE","","","","","","FALSE","{
  ""attributes"": {
    ""type"": ""RecordType"",
    ""url"": ""/services/data/v61.0/sobjects/RecordType/012Hr0000008HfoIAE""
  },
  ""Id"": ""012Hr0000008HfoIAE"",
  ""Name"": ""ISP Office""
}","2026-04-18 11:35:55 AM","A0616478","SOUTH TEXAS GRADUATION #4280"
"salesoffice","","","FALSE","THE WATERS GROUP, INC. #4261","3110 WADE HAMPTON BLVD SUITE #7","Taylors","South Carolina","29687","United States","34.90946","-82.32608","","{
  ""city"": ""Taylors"",
  ""country"": ""United States"",
  ""countryCode"": ""US"",
  ""geocodeAccuracy"": null,
  ""latitude"": 34.90946,
  ""longitude"": -82.32608,
  ""postalCode"": ""29687"",
  ""state"": ""South Carolina"",
  ""stateCode"": ""SC"",
  ""street"": ""3110 WADE HAMPTON BLVD SUITE #7""
}","3110 WADE HAMPTON BLVD SUITE #7","Taylors","South Carolina","29687","United States","","","","{
  ""city"": ""Taylors"",
  ""country"": ""United States"",
  ""countryCode"": ""US"",
  ""geocodeAccuracy"": null,
  ""latitude"": null,
  ""longitude"": null,
  ""postalCode"": ""29687"",
  ""state"": ""South Carolina"",
  ""stateCode"": ""SC"",
  ""street"": ""3110 WADE HAMPTON BLVD SUITE #7""
}","(864) 244-0110","","/services/images/photo/001Hr00001qVddcIAC","","","","2023-10-10 12:02:54 PM","2025-12-17 9:04:00 AM","2026-03-25 8:12:23 PM","2026-03-25","","","TRUE","","","","","","","FALSE","FALSE","","FALSE","","","","","4261","K12 Scholastic","","South Carolina - Taylors","","","","","","","","","","","","","West","","","","","","","","","","","001Hr00001qVddcIAC","","","","","","","","","","","","","","","","","4263283","","23161726.16","253","21.1","","2000-07-17","26","","Talon","","","","","","","","","","","","","","","","","","","","","","","","","","","","","","","","","","","","","","","","","","","","","","","","","","","","","","","","","","","","","","","","","","","","","","","","","","","","","","","34.909532","-82.3254902","","","","","","","","","","","","","","","","","","","","","","","","","","","","","","","","","","","","","","","001Hr00001qVddcIAC","Inactive","","0","TRUE","1899-12-30","","county summary query/Acct_Rcvbl_Nbr in* 'VALUE(Customer_Number__c)'","","","0","TRUE","FALSE","FALSE","","","","","","FALSE","{
  ""attributes"": {
    ""type"": ""RecordType"",
    ""url"": ""/services/data/v61.0/sobjects/RecordType/012Hr0000008HfoIAE""
  },
  ""Id"": ""012Hr0000008HfoIAE"",
  ""Name"": ""ISP Office""
}","2026-04-18 11:35:55 AM","A0616479","THE WATERS GROUP, INC. #4261"
"salesoffice","","","FALSE","MICHAEL MCCANN #1565","288 GROVE STREET SUITE 141","Braintree","Massachusetts","02184","United States","42.19205","-70.98688","","{
  ""city"": ""Braintree"",
  ""country"": ""United States"",
  ""countryCode"": ""US"",
  ""geocodeAccuracy"": null,
  ""latitude"": 42.19205,
  ""longitude"": -70.98688,
  ""postalCode"": ""02184"",
  ""state"": ""Massachusetts"",
  ""stateCode"": ""MA"",
  ""street"": ""288 GROVE STREET SUITE 141""
}","288 GROVE STREET SUITE 141","Braintree","Massachusetts","02184","United States","","","","{
  ""city"": ""Braintree"",
  ""country"": ""United States"",
  ""countryCode"": ""US"",
  ""geocodeAccuracy"": null,
  ""latitude"": null,
  ""longitude"": null,
  ""postalCode"": ""02184"",
  ""state"": ""Massachusetts"",
  ""stateCode"": ""MA"",
  ""street"": ""288 GROVE STREET SUITE 141""
}","7817492426","","/services/images/photo/001Hr00001qVdddIAC","","","","2023-10-10 12:02:54 PM","2026-03-11 10:00:27 AM","2026-04-06 1:46:25 PM","2026-04-06","","","TRUE","","","","","","","FALSE","FALSE","","FALSE","","","","","1565","K12 Scholastic","","Massachusetts - Braintree","","","","","","","","","","","","","East","","","","","","","","","","","001Hr00001qVdddIAC","","","","","","","","","","","","","","","","","681137","","15789089.58","165","6","","1996-01-04","31","","Pinnacle","","","","","","","","","","","","","","","","","","","","","","","","","","","","","","","","","","","","","","","","","","","","","","","","","","","","","","","","","","","","","","","","","","","","","","","","","","","","","","","42.1908894","-70.9866545","","","","","","","","","","","","","","","","","","","","","","","","","","","","","","","","","","","","","","","001Hr00001qVdddIAC","Active","","0","FALSE","1899-12-30","","county summary query/Acct_Rcvbl_Nbr in* 'VALUE(Customer_Number__c)'","","","0","FALSE","FALSE","FALSE","","","","","","FALSE","{
  ""attributes"": {
    ""type"": ""RecordType"",
    ""url"": ""/services/data/v61.0/sobjects/RecordType/012Hr0000008HfoIAE""
  },
  ""Id"": ""012Hr0000008HfoIAE"",
  ""Name"": ""ISP Office""
}","2026-04-18 11:35:55 AM","A0616480","MICHAEL MCCANN #1565"
"salesoffice","","","FALSE","ALABAMA CAMPUS PRO, LLC #4353","3198 Parliament Circle
SUITE 301","Montgomery","Alabama","36116","United States","33.38345","-86.73156","","{
  ""city"": ""Montgomery"",
  ""country"": ""United States"",
  ""countryCode"": ""US"",
  ""geocodeAccuracy"": null,
  ""latitude"": 33.38345,
  ""longitude"": -86.73156,
  ""postalCode"": ""36116"",
  ""state"": ""Alabama"",
  ""stateCode"": ""AL"",
  ""street"": ""3198 Parliament Circle\r\nSUITE 301""
}","3198 Parliament Circle
SUITE 301","Montgomery","Alabama","36116","United States","","","","{
  ""city"": ""Montgomery"",
  ""country"": ""United States"",
  ""countryCode"": ""US"",
  ""geocodeAccuracy"": null,
  ""latitude"": null,
  ""longitude"": null,
  ""postalCode"": ""36116"",
  ""state"": ""Alabama"",
  ""stateCode"": ""AL"",
  ""street"": ""3198 Parliament Circle\r\nSUITE 301""
}","(205) 502-7534","https://www.wcgradsales.com","/services/images/photo/001Hr00001qVddgIAC","","","","2023-10-10 12:02:54 PM","2026-04-13 9:13:36 AM","2026-04-17 9:58:21 AM","2026-04-17","","","TRUE","Salesforce Test User Group","","","","","","FALSE","FALSE","","FALSE","","","","","4353","K12 Scholastic","","Alabama - Montgomery","","","","","","","","","","","","","East","","","","","","","","","","","001Hr00001qVddgIAC","","","","","","","","","","","","","","","","","1429613","","1433692.064","50","56.2","","2021-07-01","5","","","","","","","","","","","","","","","","","","","","","","","","","","","","","","","","","","","","","","","","","","","","","","","","","","","","","","","","","","","","","","","","","","","","","","","","","","","","","","","","","33.383447","-86.731568","","","","","","","","","","","","","","","","","","","","","","","","","","","","","","","","","","","","","","","001Hr00001qVddgIAC","Active","","0","FALSE","1899-12-30","","county summary query/Acct_Rcvbl_Nbr in* 'VALUE(Customer_Number__c)'","","","0","FALSE","FALSE","FALSE","","","","","","FALSE","{
  ""attributes"": {
    ""type"": ""RecordType"",
    ""url"": ""/services/data/v61.0/sobjects/RecordType/012Hr0000008HfoIAE""
  },
  ""Id"": ""012Hr0000008HfoIAE"",
  ""Name"": ""ISP Office""
}","2026-04-18 11:35:55 AM","A0616481","ALABAMA CAMPUS PRO, LLC #4353"
"salesoffice","","","FALSE","MCDONALD & ASSOCIATES, LLC #0841","P.O. BOX 640","Spring","TX","77383","United States","30.07737","-95.43276","","{
  ""city"": ""Spring"",
  ""country"": ""United States"",
  ""countryCode"": ""US"",
  ""geocodeAccuracy"": null,
  ""latitude"": 30.07737,
  ""longitude"": -95.43276,
  ""postalCode"": ""77383"",
  ""state"": ""TX"",
  ""stateCode"": ""TX"",
  ""street"": ""P.O. BOX 640""
}","28 SACRED HAVEN CIRCLE","Tomball","TX","77377","United States","","","","{
  ""city"": ""Tomball"",
  ""country"": ""United States"",
  ""countryCode"": ""US"",
  ""geocodeAccuracy"": null,
  ""latitude"": null,
  ""longitude"": null,
  ""postalCode"": ""77377"",
  ""state"": ""TX"",
  ""stateCode"": ""TX"",
  ""street"": ""28 SACRED HAVEN CIRCLE""
}","(281) 353-2774","","/services/images/photo/001Hr00001qVddhIAC","","","","2023-10-10 12:02:54 PM","2025-10-31 10:37:21 AM","2026-04-07 1:03:11 PM","2026-04-07","","","FALSE","","","","","","","FALSE","FALSE","","FALSE","","","","","0841","College","","TX - Tomball","","","","","","","","","","","","","West","","","","","","","","","","","001Hr00001qVddhIAC","","","","","","","","","","","","","","","","","6892113","","20899152.46","168","38","","2000-07-01","26","","","","","","","","","","","","","","","","","","","","","","","","","","","","","","","","","","","","","","","","","","","","","","","","","","","","","","","","","","","","","","","","","","","","","","","","","","","","","","","","","30.0674208","-95.6505307","","","","","","","","","","","","","","","","","","","","","","","","","","","","","","","","","","","","","","","001Hr00001qVddhIAC","Active","","0","FALSE","1899-12-30","","county summary query/Acct_Rcvbl_Nbr in* 'VALUE(Customer_Number__c)'","","","0","FALSE","FALSE","FALSE","","","","","","FALSE","{
  ""attributes"": {
    ""type"": ""RecordType"",
    ""url"": ""/services/data/v61.0/sobjects/RecordType/012Hr0000008HfoIAE""
  },
  ""Id"": ""012Hr0000008HfoIAE"",
  ""Name"": ""ISP Office""
}","2026-04-18 11:35:55 AM","A0616482","MCDONALD & ASSOCIATES, LLC #0841"
"salesoffice","","","FALSE","MCINERNEY GRAD PRODUCTS LLC #2787","9830 SW 77 AVENUE SUITE 225","Miami","FL","33156","United States","25.67908","-80.31897","","{
  ""city"": ""Miami"",
  ""country"": ""United States"",
  ""countryCode"": ""US"",
  ""geocodeAccuracy"": null,
  ""latitude"": 25.67908,
  ""longitude"": -80.31897,
  ""postalCode"": ""33156"",
  ""state"": ""FL"",
  ""stateCode"": ""FL"",
  ""street"": ""9830 SW 77 AVENUE SUITE 225""
}","9830 SW 77 AVENUE SUITE 225","Miami","FL","33156","United States","","","","{
  ""city"": ""Miami"",
  ""country"": ""United States"",
  ""countryCode"": ""US"",
  ""geocodeAccuracy"": null,
  ""latitude"": null,
  ""longitude"": null,
  ""postalCode"": ""33156"",
  ""state"": ""FL"",
  ""stateCode"": ""FL"",
  ""street"": ""9830 SW 77 AVENUE SUITE 225""
}","(305)271-6769","","/services/images/photo/001Hr00001qVddjIAC","","","","2023-10-10 12:02:54 PM","2025-10-31 10:37:21 AM","2026-03-26 1:04:39 PM","2026-03-26","","","FALSE","","","","","","","FALSE","FALSE","","FALSE","","","","","2787","College","","FL - Miami","","","","","","","","","","","","","East","","","","","","","","","","","001Hr00001qVddjIAC","","","","","","","","","","","","","","","","","2963987","","6409383.051","79","44.3","","2013-07-01","13","","","","","","","","","","","","","","","","","","","","","","","","","","","","","","","","","","","","","","","","","","","","","","","","","","","","","","","","","","","","","","","","","","","","","","","","","","","","","","","","","25.6791323","-80.3189276","","","","","","","","","","","","","","","","","","","","","","","","","","","","","","","","","","","","","","","001Hr00001qVddjIAC","Active","","0","FALSE","1899-12-30","","county summary query/Acct_Rcvbl_Nbr in* 'VALUE(Customer_Number__c)'","","","0","FALSE","FALSE","FALSE","","","","","","FALSE","{
  ""attributes"": {
    ""type"": ""RecordType"",
    ""url"": ""/services/data/v61.0/sobjects/RecordType/012Hr0000008HfoIAE""
  },
  ""Id"": ""012Hr0000008HfoIAE"",
  ""Name"": ""ISP Office""
}","2026-04-18 11:35:55 AM","A0616483","MCINERNEY GRAD PRODUCTS LLC #2787"
"salesoffice","","","FALSE","JOHN MCLAY & ASSOCIATES INC #2234","6009 DR MARTIN L KING ST N","Saint Petersburg","Florida","33703","United States","27.7134396","-82.6465049","","{
  ""city"": ""Saint Petersburg"",
  ""country"": ""United States"",
  ""countryCode"": ""US"",
  ""geocodeAccuracy"": null,
  ""latitude"": 27.7134396,
  ""longitude"": -82.6465049,
  ""postalCode"": ""33703"",
  ""state"": ""Florida"",
  ""stateCode"": ""FL"",
  ""street"": ""6009 DR MARTIN L KING ST N""
}","6009 DR MARTIN L KING ST N","Saint Petersburg","Florida","33703","United States","","","","{
  ""city"": ""Saint Petersburg"",
  ""country"": ""United States"",
  ""countryCode"": ""US"",
  ""geocodeAccuracy"": null,
  ""latitude"": null,
  ""longitude"": null,
  ""postalCode"": ""33703"",
  ""state"": ""Florida"",
  ""stateCode"": ""FL"",
  ""street"": ""6009 DR MARTIN L KING ST N""
}","8662385336","","/services/images/photo/001Hr00001qVddkIAC","","","","2023-10-10 12:02:54 PM","2026-03-23 12:22:52 PM","2026-04-17 6:02:59 PM","2026-04-17","","","TRUE","","","","","","","FALSE","FALSE","","FALSE","","","","","2234","K12 Scholastic","","Florida - Saint Petersburg","","","","","","","","","","","","","East","","","","","","","","","","","001Hr00001qVddkIAC","","","","","","","","","","","","","","","","","1097812","","2580275.598","107","36.6","","1994-01-01","33","","Hall of Fame","","","","","","","","","","","","","","","","","","","","","","","","","","","","","","","","","","","","","","","","","","","","","","","","","","","","","","","","","","","","","","","","","","","","","","","","","","","","","","","27.8264145","-82.6465482","","","","","","","","","","","","","","","","","","","","","","","","","","","","","","","","","","","","","","","001Hr00001qVddkIAC","Active","","0","FALSE","1899-12-30","","county summary query/Acct_Rcvbl_Nbr in* 'VALUE(Customer_Number__c)'","","","0","FALSE","FALSE","FALSE","","","","","","FALSE","{
  ""attributes"": {
    ""type"": ""RecordType"",
    ""url"": ""/services/data/v61.0/sobjects/RecordType/012Hr0000008HfoIAE""
  },
  ""Id"": ""012Hr0000008HfoIAE"",
  ""Name"": ""ISP Office""
}","2026-04-18 11:35:55 AM","A0616484","JOHN MCLAY & ASSOCIATES INC #2234"
"salesoffice","","","FALSE","MERREDYTH MCMANUS #5009","P.O. BOX 412","Eldridge","Iowa","52748","United States","41.65306","-90.58822","","{
  ""city"": ""Eldridge"",
  ""country"": ""United States"",
  ""countryCode"": ""US"",
  ""geocodeAccuracy"": null,
  ""latitude"": 41.65306,
  ""longitude"": -90.58822,
  ""postalCode"": ""52748"",
  ""state"": ""Iowa"",
  ""stateCode"": ""IA"",
  ""street"": ""P.O. BOX 412""
}","501 S 9TH AVENUE","Eldridge","Iowa","52748","United States","","","","{
  ""city"": ""Eldridge"",
  ""country"": ""United States"",
  ""countryCode"": ""US"",
  ""geocodeAccuracy"": null,
  ""latitude"": null,
  ""longitude"": null,
  ""postalCode"": ""52748"",
  ""state"": ""Iowa"",
  ""stateCode"": ""IA"",
  ""street"": ""501 S 9TH AVENUE""
}","(563)505-5937","","/services/images/photo/001Hr00001qVddlIAC","","","","2023-10-10 12:02:54 PM","2026-03-23 12:02:53 PM","2026-04-17 8:30:34 AM","2026-04-17","","","TRUE","","","","","","","FALSE","FALSE","","FALSE","","","","","5009","K12 Scholastic","","Iowa - Eldridge","","","","","","","","","","","","","West","","","","","","","","","","","001Hr00001qVddlIAC","","","","","","","","","","","","","","","","","468681","","2243760.277","58","14.6","","2022-02-16","5","","","","","","","","","","","","","","","","","","","","","","","","","","","","","","","","","","","","","","","","","","","","","","","","","","","","","","","","","","","","","","","","","","","","","","","","","","","","","","","","","41.6506071","-90.5724889","","","","","","","","","","","","","","","","","","","","","","","","","","","","","","","","","","","","","","","001Hr00001qVddlIAC","Active","","0","FALSE","1899-12-30","","county summary query/Acct_Rcvbl_Nbr in* 'VALUE(Customer_Number__c)'","","","0","FALSE","FALSE","TRUE","Kalob Williams","","","","","FALSE","{
  ""attributes"": {
    ""type"": ""RecordType"",
    ""url"": ""/services/data/v61.0/sobjects/RecordType/012Hr0000008HfoIAE""
  },
  ""Id"": ""012Hr0000008HfoIAE"",
  ""Name"": ""ISP Office""
}","2026-04-18 11:35:55 AM","A0616485","MERREDYTH MCMANUS #5009"
"salesoffice","","","FALSE","MATT MCMANUS IMPACT LLC #0662","5027 S. MAIN ST","Cedar Falls","Iowa","50613","United States","42.49215","-92.44727","","{
  ""city"": ""Cedar Falls"",
  ""country"": ""United States"",
  ""countryCode"": ""US"",
  ""geocodeAccuracy"": null,
  ""latitude"": 42.49215,
  ""longitude"": -92.44727,
  ""postalCode"": ""50613"",
  ""state"": ""Iowa"",
  ""stateCode"": ""IA"",
  ""street"": ""5027 S. MAIN ST""
}","5027 S. MAIN ST","Cedar Falls","Iowa","50613","United States","","","","{
  ""city"": ""Cedar Falls"",
  ""country"": ""United States"",
  ""countryCode"": ""US"",
  ""geocodeAccuracy"": null,
  ""latitude"": null,
  ""longitude"": null,
  ""postalCode"": ""50613"",
  ""state"": ""Iowa"",
  ""stateCode"": ""IA"",
  ""street"": ""5027 S. MAIN ST""
}","3192393487","","/services/images/photo/001Hr00001qVddmIAC","","","","2023-10-10 12:02:54 PM","2026-03-23 12:02:43 PM","2026-03-26 1:04:39 PM","2026-03-26","","","TRUE","","","","","","","FALSE","FALSE","","FALSE","","","","","0662","K12 Scholastic","","Iowa - Cedar Falls","","","","","","","","","","","","","West","","","","","","","","","","","001Hr00001qVddmIAC","","","","","","","","","","","","","","","","","323992","","1327040.886","64","31","","2004-04-01","23","","Golden Eagle","","","","","","","","","","","","","","","","","","","","","","","","","","","","","","","","","","","","","","","","","","","","","","","","","","","","","","","","","","","","","","","","","","","","","","","","","","","","","","","42.4923819","-92.4470303","","","","","","","","","","","","","","","","","","","","","","","","","","","","","","","","","","","","","","","001Hr00001qVddmIAC","Active","","0","FALSE","1899-12-30","","county summary query/Acct_Rcvbl_Nbr in* 'VALUE(Customer_Number__c)'","","","0","FALSE","FALSE","FALSE","","","","","","FALSE","{
  ""attributes"": {
    ""type"": ""RecordType"",
    ""url"": ""/services/data/v61.0/sobjects/RecordType/012Hr0000008HfoIAE""
  },
  ""Id"": ""012Hr0000008HfoIAE"",
  ""Name"": ""ISP Office""
}","2026-04-18 11:35:55 AM","A0616486","MATT MCMANUS IMPACT LLC #0662"
"salesoffice","","","FALSE","MESSIER & ASSOCIATES, INC. #0491","12460 CRABAPPLE RD. SUITE 202-145","Alpharetta","GA","30004-6386","United States","34.08541","-84.35578","","{
  ""city"": ""Alpharetta"",
  ""country"": ""United States"",
  ""countryCode"": ""US"",
  ""geocodeAccuracy"": null,
  ""latitude"": 34.08541,
  ""longitude"": -84.35578,
  ""postalCode"": ""30004-6386"",
  ""state"": ""GA"",
  ""stateCode"": ""GA"",
  ""street"": ""12460 CRABAPPLE RD. SUITE 202-145""
}","12460 CRABAPPLE RD. SUITE 202-145","Alpharetta","GA","30004","United States","","","","{
  ""city"": ""Alpharetta"",
  ""country"": ""United States"",
  ""countryCode"": ""US"",
  ""geocodeAccuracy"": null,
  ""latitude"": null,
  ""longitude"": null,
  ""postalCode"": ""30004"",
  ""state"": ""GA"",
  ""stateCode"": ""GA"",
  ""street"": ""12460 CRABAPPLE RD. SUITE 202-145""
}","(678) 240-9283","","/services/images/photo/001Hr00001qVddnIAC","","","","2023-10-10 12:02:54 PM","2025-10-31 10:37:21 AM","2026-03-25 1:04:04 PM","2026-03-25","","","FALSE","","","","","","","FALSE","FALSE","","FALSE","","","","","0491","College","","GA - Alpharetta","","","","","","","","","","","","","East","","","","","","","","","","","001Hr00001qVddnIAC","","","","","","","","","","","","","","","","","1670064","","4815842.757","87","33","","1996-02-01","31","","Hall of Fame","","","","","","","","","","","","","","","","","","","","","","","","","","","","","","","","","","","","","","","","","","","","","","","","","","","","","","","","","","","","","","","","","","","","","","","","","","","","","","","34.0857314","-84.3567768","","","","","","","","","","","","","","","","","","","","","","","","","","","","","","","","","","","","","","","001Hr00001qVddnIAC","Active","","0","FALSE","1899-12-30","","county summary query/Acct_Rcvbl_Nbr in* 'VALUE(Customer_Number__c)'","","","0","FALSE","FALSE","FALSE","","","","","","FALSE","{
  ""attributes"": {
    ""type"": ""RecordType"",
    ""url"": ""/services/data/v61.0/sobjects/RecordType/012Hr0000008HfoIAE""
  },
  ""Id"": ""012Hr0000008HfoIAE"",
  ""Name"": ""ISP Office""
}","2026-04-18 11:35:55 AM","A0616487","MESSIER & ASSOCIATES, INC. #0491"
"salesoffice","","","FALSE","CAMPUS SPECIALTIES INC #0559","1529 EUBANK BLVD NE STE A & B","Albuquerque","New Mexico","87112","United States","35.09699","-106.53322","","{
  ""city"": ""Albuquerque"",
  ""country"": ""United States"",
  ""countryCode"": ""US"",
  ""geocodeAccuracy"": null,
  ""latitude"": 35.09699,
  ""longitude"": -106.53322,
  ""postalCode"": ""87112"",
  ""state"": ""New Mexico"",
  ""stateCode"": ""NM"",
  ""street"": ""1529 EUBANK BLVD NE STE A & B""
}","1529 EUBANK BLVD NE STE A & B","Albuquerque","New Mexico","87112","United States","","","","{
  ""city"": ""Albuquerque"",
  ""country"": ""United States"",
  ""countryCode"": ""US"",
  ""geocodeAccuracy"": null,
  ""latitude"": null,
  ""longitude"": null,
  ""postalCode"": ""87112"",
  ""state"": ""New Mexico"",
  ""stateCode"": ""NM"",
  ""street"": ""1529 EUBANK BLVD NE STE A & B""
}","5052759357","","/services/images/photo/001Hr00001qVddpIAC","","","","2023-10-10 12:02:54 PM","2026-03-23 11:49:37 AM","2026-04-02 1:04:54 PM","2026-04-02","","","TRUE","","","","","","","FALSE","FALSE","","FALSE","","","","","0559","K12 Scholastic","","New Mexico - Albuquerque","","","","","","","","","","","","","West","","","","","","","","","","","001Hr00001qVddpIAC","","","","","","","","","","","","","","","","","1247387","","3206386.064","124","38","","2004-04-26","22","","Hall of Fame;Pinnacle","","","","","","","","","","","","","","","","","","","","","","","","","","","","","","","","","","","","","","","","","","","","","","","","","","","","","","","","","","","","","","","","","","","","","","","","","","","","","","","35.0969836","-106.5333495","","","","","","","","","","","","","","","","","","","","","","","","","","","","","","","","","","","","","","","001Hr00001qVddpIAC","Active","","0","FALSE","1899-12-30","","county summary query/Acct_Rcvbl_Nbr in* 'VALUE(Customer_Number__c)'","","","0","FALSE","FALSE","FALSE","","","","","","FALSE","{
  ""attributes"": {
    ""type"": ""RecordType"",
    ""url"": ""/services/data/v61.0/sobjects/RecordType/012Hr0000008HfoIAE""
  },
  ""Id"": ""012Hr0000008HfoIAE"",
  ""Name"": ""ISP Office""
}","2026-04-18 11:35:55 AM","A0616488","CAMPUS SPECIALTIES INC #0559"
"salesoffice","","","FALSE","VAN WILLIAMS AND ASSOCIATES #0797","15371 ROOSEVELT BLVD STE 103","Clearwater","Florida","33760","United States","27.91086","-82.70562","","{
  ""city"": ""Clearwater"",
  ""country"": ""United States"",
  ""countryCode"": ""US"",
  ""geocodeAccuracy"": null,
  ""latitude"": 27.91086,
  ""longitude"": -82.70562,
  ""postalCode"": ""33760"",
  ""state"": ""Florida"",
  ""stateCode"": ""FL"",
  ""street"": ""15371 ROOSEVELT BLVD STE 103""
}","15371 ROOSEVELT BLVD STE 103","Clearwater","Florida","33760","United States","","","","{
  ""city"": ""Clearwater"",
  ""country"": ""United States"",
  ""countryCode"": ""US"",
  ""geocodeAccuracy"": null,
  ""latitude"": null,
  ""longitude"": null,
  ""postalCode"": ""33760"",
  ""state"": ""Florida"",
  ""stateCode"": ""FL"",
  ""street"": ""15371 ROOSEVELT BLVD STE 103""
}","7275453288","","/services/images/photo/001Hr00001qVddqIAC","","","","2023-10-10 12:02:54 PM","2026-04-13 9:12:50 AM","2026-04-13 9:12:50 AM","2026-04-08","","","TRUE","","","","","","","FALSE","FALSE","","FALSE","","","","","0797","K12 Scholastic","","Florida - Clearwater","","","","","","","","","","","","","East","","","","","","","","","","","001Hr00001qVddqIAC","","","","","","","","","","","","","","","","","1018365","","3149288.623","76","33","","1995-07-23","31","","Hall of Fame","","","","","","","","","","","","","","","","","","","","","","","","","","","","","","","","","","","","","","","","","","","","","","","","","","","","","","","","","","","","","","","","","","","","","","","","","","","","","","","27.9108602","-82.7056217","","","","","","","","","","","","","","","","","","","","","","","","","","","","","","","","","","","","","","","001Hr00001qVddqIAC","Active","","0","FALSE","1899-12-30","","county summary query/Acct_Rcvbl_Nbr in* 'VALUE(Customer_Number__c)'","","","0","FALSE","FALSE","FALSE","","","","","","FALSE","{
  ""attributes"": {
    ""type"": ""RecordType"",
    ""url"": ""/services/data/v61.0/sobjects/RecordType/012Hr0000008HfoIAE""
  },
  ""Id"": ""012Hr0000008HfoIAE"",
  ""Name"": ""ISP Office""
}","2026-04-18 11:35:55 AM","A0616489","VAN WILLIAMS AND ASSOCIATES #0797"
"salesoffice","","","FALSE","MARTIN O. MURPHY #2016","26 CROSS POINT DRIVE","Owings","Maryland","20736","United States","38.7171","-76.60913","","{
  ""city"": ""Owings"",
  ""country"": ""United States"",
  ""countryCode"": ""US"",
  ""geocodeAccuracy"": null,
  ""latitude"": 38.7171,
  ""longitude"": -76.60913,
  ""postalCode"": ""20736"",
  ""state"": ""Maryland"",
  ""stateCode"": ""MD"",
  ""street"": ""26 CROSS POINT DRIVE""
}","26 CROSS POINT DRIVE","Owings","Maryland","20736","United States","","","","{
  ""city"": ""Owings"",
  ""country"": ""United States"",
  ""countryCode"": ""US"",
  ""geocodeAccuracy"": null,
  ""latitude"": null,
  ""longitude"": null,
  ""postalCode"": ""20736"",
  ""state"": ""Maryland"",
  ""stateCode"": ""MD"",
  ""street"": ""26 CROSS POINT DRIVE""
}","4102575657","","/services/images/photo/001Hr00001qVddrIAC","","","","2023-10-10 12:02:54 PM","2026-03-11 10:00:27 AM","2026-04-15 10:37:40 AM","2026-04-15","","","TRUE","","","","","","","FALSE","FALSE","","FALSE","","","","","2016","K12 Scholastic","","Maryland - Owings","","","","","","","","","","","","","East","","","","","","","","","","","001Hr00001qVddrIAC","","","","","","","","","","","","","","","","","688613","","11641395.72","143","6","","2006-02-01","21","","Golden Eagle","","","","","","","","","","","","","","","","","","","","","","","","","","","","","","","","","","","","","","","","","","","","","","","","","","","","","","","","","","","","","","","","","","","","","","","","","","","","","","","38.7170632","-76.6091356","","","","","","","","","","","","","","","","","","","","","","","","","","","","","","","","","","","","","","","001Hr00001qVddrIAC","Active","","0","FALSE","1899-12-30","","county summary query/Acct_Rcvbl_Nbr in* 'VALUE(Customer_Number__c)'","","","0","FALSE","FALSE","FALSE","","","","","","FALSE","{
  ""attributes"": {
    ""type"": ""RecordType"",
    ""url"": ""/services/data/v61.0/sobjects/RecordType/012Hr0000008HfoIAE""
  },
  ""Id"": ""012Hr0000008HfoIAE"",
  ""Name"": ""ISP Office""
}","2026-04-18 11:35:55 AM","A0616490","MARTIN O. MURPHY #2016"
"salesoffice","","","FALSE","MICHGRAD LLC #4275","29981 Braeburn","New Hudson","MI","48165","United States","42.51026","-83.63239","","{
  ""city"": ""New Hudson"",
  ""country"": ""United States"",
  ""countryCode"": ""US"",
  ""geocodeAccuracy"": null,
  ""latitude"": 42.51026,
  ""longitude"": -83.63239,
  ""postalCode"": ""48165"",
  ""state"": ""MI"",
  ""stateCode"": ""MI"",
  ""street"": ""29981 Braeburn""
}","29981 Braeburn","New Hudson","MI","48165","United States","","","","{
  ""city"": ""New Hudson"",
  ""country"": ""United States"",
  ""countryCode"": ""US"",
  ""geocodeAccuracy"": null,
  ""latitude"": null,
  ""longitude"": null,
  ""postalCode"": ""48165"",
  ""state"": ""MI"",
  ""stateCode"": ""MI"",
  ""street"": ""29981 Braeburn""
}","(248)-667-9018","","/services/images/photo/001Hr00001qVddsIAC","","","","2023-10-10 12:02:54 PM","2025-10-31 10:37:21 AM","2026-04-07 1:02:33 PM","2026-04-07","","","FALSE","","","","","","","FALSE","FALSE","","FALSE","","","","","4275","College","","MI - New Hudson","","","","","","","","","","","","","West","","","","","","","","","","","001Hr00001qVddsIAC","","","","","","","","","","","","","","","","","633162","","6113384.197","108","15","","2006-10-15","20","","","","","","","","","","","","","","","","","","","","","","","","","","","","","","","","","","","","","","","","","","","","","","","","","","","","","","","","","","","","","","","","","","","","","","","","","","","","","","","","","42.5102632","-83.6323051","","","","","","","","","","","","","","","","","","","","","","","","","","","","","","","","","","","","","","","001Hr00001qVddsIAC","Active","","0","FALSE","1899-12-30","","county summary query/Acct_Rcvbl_Nbr in* 'VALUE(Customer_Number__c)'","","","0","FALSE","FALSE","FALSE","","","","","","FALSE","{
  ""attributes"": {
    ""type"": ""RecordType"",
    ""url"": ""/services/data/v61.0/sobjects/RecordType/012Hr0000008HfoIAE""
  },
  ""Id"": ""012Hr0000008HfoIAE"",
  ""Name"": ""ISP Office""
}","2026-04-18 11:35:55 AM","A0616491","MICHGRAD LLC #4275"
"salesoffice","","","FALSE","PATRICIA W. NOTARO #4966","5165 BROADWAY #262","Depew","New York","14043","United States","42.90072","-78.68308","","{
  ""city"": ""Depew"",
  ""country"": ""United States"",
  ""countryCode"": ""US"",
  ""geocodeAccuracy"": null,
  ""latitude"": 42.90072,
  ""longitude"": -78.68308,
  ""postalCode"": ""14043"",
  ""state"": ""New York"",
  ""stateCode"": ""NY"",
  ""street"": ""5165 BROADWAY #262""
}","5165 BROADWAY #262","Depew","New York","14043","United States","","","","{
  ""city"": ""Depew"",
  ""country"": ""United States"",
  ""countryCode"": ""US"",
  ""geocodeAccuracy"": null,
  ""latitude"": null,
  ""longitude"": null,
  ""postalCode"": ""14043"",
  ""state"": ""New York"",
  ""stateCode"": ""NY"",
  ""street"": ""5165 BROADWAY #262""
}","7165731936","","/services/images/photo/001Hr00001qVddwIAC","","","","2023-10-10 12:02:54 PM","2026-03-11 10:00:27 AM","2026-04-16 2:32:16 PM","2026-04-16","","","TRUE","","","","","","","FALSE","FALSE","","FALSE","","","","","4966","K12 Scholastic","","New York - Depew","","","","","","","","","","","","","East","","","","","","","","","","","001Hr00001qVddwIAC","","","","","","","","","","","","","","","","","275415","","3901835.244","78","7.4","","2018-07-30","8","","Century","","","","","","","","","","","","","","","","","","","","","","","","","","","","","","","","","","","","","","","","","","","","","","","","","","","","","","","","","","","","","","","","","","","","","","","","","","","","","","","42.8988479","-78.6837189","","","","","","","","","","","","","","","","","","","","","","","","","","","","","","","","","","","","","","","001Hr00001qVddwIAC","Active","","0","FALSE","1899-12-30","","county summary query/Acct_Rcvbl_Nbr in* 'VALUE(Customer_Number__c)'","","","0","FALSE","FALSE","TRUE","Kalob Williams","","","","","FALSE","{
  ""attributes"": {
    ""type"": ""RecordType"",
    ""url"": ""/services/data/v61.0/sobjects/RecordType/012Hr0000008HfoIAE""
  },
  ""Id"": ""012Hr0000008HfoIAE"",
  ""Name"": ""ISP Office""
}","2026-04-18 11:35:55 AM","A0616492","PATRICIA W. NOTARO #4966"
"salesoffice","","","FALSE","MO SULLIVAN OLSON, INC #2629","Herff Jones 630 N. North Court Suite 120","Palatine","IL","60067","United States","42.1223","-88.03896","","{
  ""city"": ""Palatine"",
  ""country"": ""United States"",
  ""countryCode"": ""US"",
  ""geocodeAccuracy"": null,
  ""latitude"": 42.1223,
  ""longitude"": -88.03896,
  ""postalCode"": ""60067"",
  ""state"": ""IL"",
  ""stateCode"": ""IL"",
  ""street"": ""Herff Jones 630 N. North Court Suite 120""
}","Herff Jones 630 N. North Court Suite 120","Palatine","IL","60067","United States","","","","{
  ""city"": ""Palatine"",
  ""country"": ""United States"",
  ""countryCode"": ""US"",
  ""geocodeAccuracy"": null,
  ""latitude"": null,
  ""longitude"": null,
  ""postalCode"": ""60067"",
  ""state"": ""IL"",
  ""stateCode"": ""IL"",
  ""street"": ""Herff Jones 630 N. North Court Suite 120""
}","(312) 316-1876","","/services/images/photo/001Hr00001qVddzIAC","","","","2023-10-10 12:02:54 PM","2025-10-31 10:37:21 AM","2026-03-05 1:03:35 PM","2026-03-05","","","FALSE","","","","","","","FALSE","FALSE","","FALSE","","","","","2629","College","","IL - Palatine","","","","","","","","","","","","","West","","","","","","","","","","","001Hr00001qVddzIAC","","","","","","","","","","","","","","","","","2063666","","7047204.215","82","31.4","","2011-07-01","15","","Pinnacle","","","","","","","","","","","","","","","","","","","","","","","","","","","","","","","","","","","","","","","","","","","","","","","","","","","","","","","","","","","","","","","","","","","","","","","","","","","","","","","42.1220697","-88.0384709","","","","","","","","","","","","","","","","","","","","","","","","","","","","","","","","","","","","","","","001Hr00001qVddzIAC","Active","","0","FALSE","1899-12-30","","county summary query/Acct_Rcvbl_Nbr in* 'VALUE(Customer_Number__c)'","","","0","FALSE","FALSE","FALSE","","","","","","FALSE","{
  ""attributes"": {
    ""type"": ""RecordType"",
    ""url"": ""/services/data/v61.0/sobjects/RecordType/012Hr0000008HfoIAE""
  },
  ""Id"": ""012Hr0000008HfoIAE"",
  ""Name"": ""ISP Office""
}","2026-04-18 11:35:55 AM","A0616493","MO SULLIVAN OLSON, INC #2629"
"salesoffice","","","FALSE","LYNN ALAN AND ASSOCIATES, LLC #1256","31794 NIMBUS DRIVE","Bulverde","TX","78163","United States","29.76685","-98.39673","","{
  ""city"": ""Bulverde"",
  ""country"": ""United States"",
  ""countryCode"": ""US"",
  ""geocodeAccuracy"": null,
  ""latitude"": 29.76685,
  ""longitude"": -98.39673,
  ""postalCode"": ""78163"",
  ""state"": ""TX"",
  ""stateCode"": ""TX"",
  ""street"": ""31794 NIMBUS DRIVE""
}","31794 NIMBUS DRIVE","Bulverde","TX","78163","United States","","","","{
  ""city"": ""Bulverde"",
  ""country"": ""United States"",
  ""countryCode"": ""US"",
  ""geocodeAccuracy"": null,
  ""latitude"": null,
  ""longitude"": null,
  ""postalCode"": ""78163"",
  ""state"": ""TX"",
  ""stateCode"": ""TX"",
  ""street"": ""31794 NIMBUS DRIVE""
}","","","/services/images/photo/001Hr00001qVde0IAC","","","","2023-10-10 12:02:54 PM","2025-10-31 10:37:21 AM","2026-03-22 1:02:42 PM","2026-03-22","","","FALSE","","","","","","","FALSE","FALSE","","FALSE","","","","","1256","College","","TX - Bulverde","","","","","","","","","","","","","West","","","","","","","","","","","001Hr00001qVde0IAC","","","","","","","","","","","","","","","","","2235361","","4208654.581","54","50","","2022-10-01","4","","","","","","","","","","","","","","","","","","","","","","","","","","","","","","","","","","","","","","","","","","","","","","","","","","","","","","","","","","","","","","","","","","","","","","","","","","","","","","","","","29.7668248","-98.3967098","","","","","","","","","","","","","","","","","","","","","","","","","","","","","","","","","","","","","","","001Hr00001qVde0IAC","Active","","0","FALSE","1899-12-30","","county summary query/Acct_Rcvbl_Nbr in* 'VALUE(Customer_Number__c)'","","","0","FALSE","FALSE","FALSE","","","","","","FALSE","{
  ""attributes"": {
    ""type"": ""RecordType"",
    ""url"": ""/services/data/v61.0/sobjects/RecordType/012Hr0000008HfoIAE""
  },
  ""Id"": ""012Hr0000008HfoIAE"",
  ""Name"": ""ISP Office""
}","2026-04-18 11:35:55 AM","A0616494","LYNN ALAN AND ASSOCIATES, LLC #1256"
"salesoffice","","","FALSE","BRADLEY K. PATE #0579","431 SHULER ROAD","Etters","Pennsylvania","17319","United States","40.16718","-76.82354","","{
  ""city"": ""Etters"",
  ""country"": ""United States"",
  ""countryCode"": ""US"",
  ""geocodeAccuracy"": null,
  ""latitude"": 40.16718,
  ""longitude"": -76.82354,
  ""postalCode"": ""17319"",
  ""state"": ""Pennsylvania"",
  ""stateCode"": ""PA"",
  ""street"": ""431 SHULER ROAD""
}","431 SHULER ROAD","Etters","Pennsylvania","17319","United States","","","","{
  ""city"": ""Etters"",
  ""country"": ""United States"",
  ""countryCode"": ""US"",
  ""geocodeAccuracy"": null,
  ""latitude"": null,
  ""longitude"": null,
  ""postalCode"": ""17319"",
  ""state"": ""Pennsylvania"",
  ""stateCode"": ""PA"",
  ""street"": ""431 SHULER ROAD""
}","8662385336","","/services/images/photo/001Hr00001qVde5IAC","","","","2023-10-10 12:02:54 PM","2026-03-11 10:00:27 AM","2026-04-07 1:01:49 PM","2026-04-07","","","TRUE","","","","","","","FALSE","FALSE","","FALSE","","","","","0579","K12 Scholastic","","Pennsylvania - Etters","","","","","","","","","","","","","East","","","","","","","","","","","001Hr00001qVde5IAC","","","","","","","","","","","","","","","","","414288","","2915925.554","45","15","","1988-04-15","39","","Pinnacle","","","","","","","","","","","","","","","","","","","","","","","","","","","","","","","","","","","","","","","","","","","","","","","","","","","","","","","","","","","","","","","","","","","","","","","","","","","","","","","40.16717","-76.8235056","","","","","","","","","","","","","","","","","","","","","","","","","","","","","","","","","","","","","","","001Hr00001qVde5IAC","Active","","0","FALSE","1899-12-30","","county summary query/Acct_Rcvbl_Nbr in* 'VALUE(Customer_Number__c)'","","","0","FALSE","FALSE","FALSE","","","","","","FALSE","{
  ""attributes"": {
    ""type"": ""RecordType"",
    ""url"": ""/services/data/v61.0/sobjects/RecordType/012Hr0000008HfoIAE""
  },
  ""Id"": ""012Hr0000008HfoIAE"",
  ""Name"": ""ISP Office""
}","2026-04-18 11:35:55 AM","A0616495","BRADLEY K. PATE #0579"
"salesoffice","","","FALSE","GRADUATE SERVICES INC/PERRY #2366","3917 CLARKS CREEK ROAD UNIT #101","Plainfield","Indiana","46168","United States","39.70594","-86.37014","","{
  ""city"": ""Plainfield"",
  ""country"": ""United States"",
  ""countryCode"": ""US"",
  ""geocodeAccuracy"": null,
  ""latitude"": 39.70594,
  ""longitude"": -86.37014,
  ""postalCode"": ""46168"",
  ""state"": ""Indiana"",
  ""stateCode"": ""IN"",
  ""street"": ""3917 CLARKS CREEK ROAD UNIT #101""
}","3917 CLARKS CREEK ROAD UNIT #101","Plainfield","Indiana","46168","United States","","","","{
  ""city"": ""Plainfield"",
  ""country"": ""United States"",
  ""countryCode"": ""US"",
  ""geocodeAccuracy"": null,
  ""latitude"": null,
  ""longitude"": null,
  ""postalCode"": ""46168"",
  ""state"": ""Indiana"",
  ""stateCode"": ""IN"",
  ""street"": ""3917 CLARKS CREEK ROAD UNIT #101""
}","3178391600","","/services/images/photo/001Hr00001qVde8IAC","","","","2023-10-10 12:02:54 PM","2026-03-23 11:57:09 AM","2026-04-16 8:37:22 AM","2026-04-16","","","TRUE","","","","","","","FALSE","FALSE","","FALSE","","","","","2366","K12 Scholastic","","Indiana - Plainfield","","","","","","","","","","","","","East","","","","","","","","","","","001Hr00001qVde8IAC","","","","","","","","","","","","","","","","","1343848","","2724960.505","59","43.9","","1997-07-01","29","","Talon","","","","","","","","","","","","","","","","","","","","","","","","","","","","","","","","","","","","","","","","","","","","","","","","","","","","","","","","","","","","","","","","","","","","","","","","","","","","","","","39.7059432","-86.3701382","","","","","","","","","","","","","","","","","","","","","","","","","","","","","","","","","","","","","","","001Hr00001qVde8IAC","Active","","0","FALSE","1899-12-30","","county summary query/Acct_Rcvbl_Nbr in* 'VALUE(Customer_Number__c)'","","","0","FALSE","FALSE","FALSE","","","","","","FALSE","{
  ""attributes"": {
    ""type"": ""RecordType"",
    ""url"": ""/services/data/v61.0/sobjects/RecordType/012Hr0000008HfoIAE""
  },
  ""Id"": ""012Hr0000008HfoIAE"",
  ""Name"": ""ISP Office""
}","2026-04-18 11:35:55 AM","A0616496","GRADUATE SERVICES INC/PERRY #2366"
"salesoffice","","","FALSE","KIRK E. THOMPSON #1039","P.O. BOX 459","Lucasville","Ohio","45648","United States","38.87958","-82.99719","","{
  ""city"": ""Lucasville"",
  ""country"": ""United States"",
  ""countryCode"": ""US"",
  ""geocodeAccuracy"": null,
  ""latitude"": 38.87958,
  ""longitude"": -82.99719,
  ""postalCode"": ""45648"",
  ""state"": ""Ohio"",
  ""stateCode"": ""OH"",
  ""street"": ""P.O. BOX 459""
}","10707 US HWY 23","Lucasville","Ohio","45648","United States","","","","{
  ""city"": ""Lucasville"",
  ""country"": ""United States"",
  ""countryCode"": ""US"",
  ""geocodeAccuracy"": null,
  ""latitude"": null,
  ""longitude"": null,
  ""postalCode"": ""45648"",
  ""state"": ""Ohio"",
  ""stateCode"": ""OH"",
  ""street"": ""10707 US HWY 23""
}","7403572160","https://gradmidwest.com/","/services/images/photo/001Hr00001qVdeAIAS","","","","2023-10-10 12:02:54 PM","2026-03-23 11:55:27 AM","2026-04-17 6:53:56 AM","2026-04-17","","","TRUE","","","","","","","FALSE","FALSE","","FALSE","","","","","1039","K12 Scholastic","","Ohio - Lucasville","","","","","","","","","","","","","East","","","","","","","","","","","001Hr00001qVdeAIAS","","","","","","","","","","","","","","","","","1826055","","12289317.91","209","10","","2018-09-07","8","","Golden Eagle","","","","","","","","","","","","","","","","","","","","","","","","","","","","","","","","","","","","","","","","","","","","","","","","","","","","","","","","","","","","","","","","","","","","","","","","","","","","","","","38.8812591","-82.9971461","","","","","","","","","","","","","","","","","","","","","","","","","","","","","","","","","","","","","","","001Hr00001qVdeAIAS","Active","","0","FALSE","1899-12-30","","county summary query/Acct_Rcvbl_Nbr in* 'VALUE(Customer_Number__c)'","","","0","FALSE","FALSE","FALSE","","","","","","FALSE","{
  ""attributes"": {
    ""type"": ""RecordType"",
    ""url"": ""/services/data/v61.0/sobjects/RecordType/012Hr0000008HfoIAE""
  },
  ""Id"": ""012Hr0000008HfoIAE"",
  ""Name"": ""ISP Office""
}","2026-04-18 11:35:55 AM","A0616497","KIRK E. THOMPSON #1039"
"salesoffice","","","FALSE","JEFFREY P. QUIRK #0849","31 COLDBROOK RD","Warwick","RI","2888","United States","41.74266","-71.4022","","{
  ""city"": ""Warwick"",
  ""country"": ""United States"",
  ""countryCode"": ""US"",
  ""geocodeAccuracy"": null,
  ""latitude"": 41.74266,
  ""longitude"": -71.4022,
  ""postalCode"": ""2888"",
  ""state"": ""RI"",
  ""stateCode"": ""RI"",
  ""street"": ""31 COLDBROOK RD""
}","31 COLDBROOK RD","Warwick","RI","2888","United States","","","","{
  ""city"": ""Warwick"",
  ""country"": ""United States"",
  ""countryCode"": ""US"",
  ""geocodeAccuracy"": null,
  ""latitude"": null,
  ""longitude"": null,
  ""postalCode"": ""2888"",
  ""state"": ""RI"",
  ""stateCode"": ""RI"",
  ""street"": ""31 COLDBROOK RD""
}","(401) 383-0028","","/services/images/photo/001Hr00001qVdeEIAS","","","","2023-10-10 12:02:56 PM","2025-10-31 10:37:21 AM","2026-03-25 1:04:04 PM","2026-03-25","","","FALSE","","","","","","","FALSE","FALSE","","FALSE","","","","","0849","College","","RI - Warwick","","","","","","","","","","","","","East","","","","","","","","","","","001Hr00001qVdeEIAS","","","","","","","","","","","","","","","","","1846224","","6620498.346","61","50","","2004-11-15","22","","Pinnacle","","","","","","","","","","","","","","","","","","","","","","","","","","","","","","","","","","","","","","","","","","","","","","","","","","","","","","","","","","","","","","","","","","","","","","","","","","","","","","","41.7426798","-71.4021896","","","","","","","","","","","","","","","","","","","","","","","","","","","","","","","","","","","","","","","001Hr00001qVdeEIAS","Active","","0","FALSE","1899-12-30","","county summary query/Acct_Rcvbl_Nbr in* 'VALUE(Customer_Number__c)'","","","0","FALSE","FALSE","FALSE","","","","","","FALSE","{
  ""attributes"": {
    ""type"": ""RecordType"",
    ""url"": ""/services/data/v61.0/sobjects/RecordType/012Hr0000008HfoIAE""
  },
  ""Id"": ""012Hr0000008HfoIAE"",
  ""Name"": ""ISP Office""
}","2026-04-18 11:35:55 AM","A0616498","JEFFREY P. QUIRK #0849"
"salesoffice","","","FALSE","ALL IN ONE GRAD, INC. #0573","HERFF JONES - PMB 302 94 GARDINERS AVE","Levittown","NY","11756","United States","40.72359","-73.51546","","{
  ""city"": ""Levittown"",
  ""country"": ""United States"",
  ""countryCode"": ""US"",
  ""geocodeAccuracy"": null,
  ""latitude"": 40.72359,
  ""longitude"": -73.51546,
  ""postalCode"": ""11756"",
  ""state"": ""NY"",
  ""stateCode"": ""NY"",
  ""street"": ""HERFF JONES - PMB 302 94 GARDINERS AVE""
}","HERFF JONES - PMB 302 94 GARDINERS AVE","Levittown","NY","11756","United States","","","","{
  ""city"": ""Levittown"",
  ""country"": ""United States"",
  ""countryCode"": ""US"",
  ""geocodeAccuracy"": null,
  ""latitude"": null,
  ""longitude"": null,
  ""postalCode"": ""11756"",
  ""state"": ""NY"",
  ""stateCode"": ""NY"",
  ""street"": ""HERFF JONES - PMB 302 94 GARDINERS AVE""
}","(516) 781-0348","","/services/images/photo/001Hr00001qVdeGIAS","","","","2023-10-10 12:02:56 PM","2025-10-31 10:37:21 AM","2026-03-25 1:04:31 PM","2026-03-25","","","FALSE","","","","","","","FALSE","FALSE","","FALSE","","","","","0573","College","","NY - Levittown","","","","","","","","","","","","","East","","","","","","","","","","","001Hr00001qVdeGIAS","","","","","","","","","","","","","","","","","2809364","","4759206.626","86","61","","2000-08-01","26","","","","","","","","","","","","","","","","","","","","","","","","","","","","","","","","","","","","","","","","","","","","","","","","","","","","","","","","","","","","","","","","","","","","","","","","","","","","","","","","","40.7235847","-73.5154569","","","","","","","","","","","","","","","","","","","","","","","","","","","","","","","","","","","","","","","001Hr00001qVdeGIAS","Active","","0","FALSE","1899-12-30","","county summary query/Acct_Rcvbl_Nbr in* 'VALUE(Customer_Number__c)'","","","0","FALSE","FALSE","FALSE","","","","","","FALSE","{
  ""attributes"": {
    ""type"": ""RecordType"",
    ""url"": ""/services/data/v61.0/sobjects/RecordType/012Hr0000008HfoIAE""
  },
  ""Id"": ""012Hr0000008HfoIAE"",
  ""Name"": ""ISP Office""
}","2026-04-18 11:35:55 AM","A0616499","ALL IN ONE GRAD, INC. #0573"
"salesoffice","","","FALSE","V&R GRADUATION PRODUCTS, LLC #1734","397 LU ANN DRIVE","Mckees Rocks","PA","15136","United States","40.48406","-80.0891","","{
  ""city"": ""Mckees Rocks"",
  ""country"": ""United States"",
  ""countryCode"": ""US"",
  ""geocodeAccuracy"": null,
  ""latitude"": 40.48406,
  ""longitude"": -80.0891,
  ""postalCode"": ""15136"",
  ""state"": ""PA"",
  ""stateCode"": ""PA"",
  ""street"": ""397 LU ANN DRIVE""
}","397 LU ANN DRIVE","Mckees Rocks","PA","15136","United States","","","","{
  ""city"": ""Mckees Rocks"",
  ""country"": ""United States"",
  ""countryCode"": ""US"",
  ""geocodeAccuracy"": null,
  ""latitude"": null,
  ""longitude"": null,
  ""postalCode"": ""15136"",
  ""state"": ""PA"",
  ""stateCode"": ""PA"",
  ""street"": ""397 LU ANN DRIVE""
}","(412) 331-2562","","/services/images/photo/001Hr00001qVdeJIAS","","","","2023-10-10 12:02:56 PM","2025-10-31 10:37:21 AM","2026-04-07 1:02:33 PM","2026-04-07","","","FALSE","","","","","","","FALSE","FALSE","","FALSE","","","","","1734","College","","PA - Mckees Rocks","","","","","","","","","","","","","East","","","","","","","","","","","001Hr00001qVdeJIAS","","","","","","","","","","","","","","","","","1533002","","5691701.112","86","30","","2002-09-15","24","","Hall of Fame","","","","","","","","","","","","","","","","","","","","","","","","","","","","","","","","","","","","","","","","","","","","","","","","","","","","","","","","","","","","","","","","","","","","","","","","","","","","","","","40.4840524","-80.0890997","","","","","","","","","","","","","","","","","","","","","","","","","","","","","","","","","","","","","","","001Hr00001qVdeJIAS","Active","","0","FALSE","1899-12-30","","county summary query/Acct_Rcvbl_Nbr in* 'VALUE(Customer_Number__c)'","","","0","FALSE","FALSE","FALSE","","","","","","FALSE","{
  ""attributes"": {
    ""type"": ""RecordType"",
    ""url"": ""/services/data/v61.0/sobjects/RecordType/012Hr0000008HfoIAE""
  },
  ""Id"": ""012Hr0000008HfoIAE"",
  ""Name"": ""ISP Office""
}","2026-04-18 11:35:55 AM","A0616500","V&R GRADUATION PRODUCTS, LLC #1734"
"salesoffice","","","FALSE","ILLINI GRAD SALES #2534","PO BOX 532","Monticello","Illinois","61856","United States","40.02582","-88.5684","","{
  ""city"": ""Monticello"",
  ""country"": ""United States"",
  ""countryCode"": ""US"",
  ""geocodeAccuracy"": null,
  ""latitude"": 40.02582,
  ""longitude"": -88.5684,
  ""postalCode"": ""61856"",
  ""state"": ""Illinois"",
  ""stateCode"": ""IL"",
  ""street"": ""PO BOX 532""
}","1494 EAST 2350 NORTH ROAD","White Heath","Illinois","61884","United States","","","","{
  ""city"": ""White Heath"",
  ""country"": ""United States"",
  ""countryCode"": ""US"",
  ""geocodeAccuracy"": null,
  ""latitude"": null,
  ""longitude"": null,
  ""postalCode"": ""61884"",
  ""state"": ""Illinois"",
  ""stateCode"": ""IL"",
  ""street"": ""1494 EAST 2350 NORTH ROAD""
}","2178170607","","/services/images/photo/001Hr00001qVdeKIAS","","","","2023-10-10 12:02:56 PM","2026-03-23 11:55:42 AM","2026-04-16 7:55:03 AM","2026-04-13","","","TRUE","","","","","","","FALSE","FALSE","","FALSE","","","","","2534","K12 Scholastic","","Illinois - White Heath","","","","","","","","","","","","","East","","","","","","","","","","","001Hr00001qVdeKIAS","","","","","","","","","","","","","","","","","403391","","10072496.45","133","10.4","","2009-07-01","17","","Double Eagle","","","","","","","","","","","","","","","","","","","","","","","","","","","","","","","","","","","","","","","","","","","","","","","","","","","","","","","","","","","","","","","","","","","","","","","","","","","","","","","40.1353889","-88.464475","","","","","","","","","","","","","","","","","","","","","","","","","","","","","","","","","","","","","","","001Hr00001qVdeKIAS","Active","","0","FALSE","1899-12-30","","county summary query/Acct_Rcvbl_Nbr in* 'VALUE(Customer_Number__c)'","","","0","FALSE","FALSE","FALSE","","","","","","FALSE","{
  ""attributes"": {
    ""type"": ""RecordType"",
    ""url"": ""/services/data/v61.0/sobjects/RecordType/012Hr0000008HfoIAE""
  },
  ""Id"": ""012Hr0000008HfoIAE"",
  ""Name"": ""ISP Office""
}","2026-04-18 11:35:55 AM","A0616501","ILLINI GRAD SALES #2534"
"salesoffice","","","FALSE","GRADUATE SERVICES MS-TN, INC. #4293","232 West School Street","Ridgeland","Mississippi","39157","United States","32.42173","-90.13828","","{
  ""city"": ""Ridgeland"",
  ""country"": ""United States"",
  ""countryCode"": ""US"",
  ""geocodeAccuracy"": null,
  ""latitude"": 32.42173,
  ""longitude"": -90.13828,
  ""postalCode"": ""39157"",
  ""state"": ""Mississippi"",
  ""stateCode"": ""MS"",
  ""street"": ""232 West School Street""
}","PO BOX 3256","Ridgeland","Mississippi","39158","United States","","","","{
  ""city"": ""Ridgeland"",
  ""country"": ""United States"",
  ""countryCode"": ""US"",
  ""geocodeAccuracy"": null,
  ""latitude"": null,
  ""longitude"": null,
  ""postalCode"": ""39158"",
  ""state"": ""Mississippi"",
  ""stateCode"": ""MS"",
  ""street"": ""PO BOX 3256""
}","9014810066","","/services/images/photo/001Hr00001qVdeNIAS","","","","2023-10-10 12:02:56 PM","2026-03-23 12:01:23 PM","2026-04-04 1:00:23 PM","2026-04-04","","","TRUE","","","","","","","FALSE","FALSE","","FALSE","","","","","4293","K12 Scholastic","","Mississippi - Ridgeland","","","","","","","","","","","","","East","","","","","","","","","","","001Hr00001qVdeNIAS","","","","","","","","","","","","","","","","","1623563","","13803193.18","138","15.8","","1999-08-25","27","","Golden Eagle","","","","","","","","","","","","","","","","","","","","","","","","","","","","","","","","","","","","","","","","","","","","","","","","","","","","","","","","","","","","","","","","","","","","","","","","","","","","","","","32.4217655","-90.1378725","","","","","","","","","","","","","","","","","","","","","","","","","","","","","","","","","","","","","","","001Hr00001qVdeNIAS","Active","","0","TRUE","1899-12-30","","county summary query/Acct_Rcvbl_Nbr in* 'VALUE(Customer_Number__c)'","","","0","FALSE","FALSE","FALSE","","","","","","FALSE","{
  ""attributes"": {
    ""type"": ""RecordType"",
    ""url"": ""/services/data/v61.0/sobjects/RecordType/012Hr0000008HfoIAE""
  },
  ""Id"": ""012Hr0000008HfoIAE"",
  ""Name"": ""ISP Office""
}","2026-04-18 11:35:55 AM","A0616502","GRADUATE SERVICES MS-TN, INC. #4293"
"salesoffice","","","FALSE","GRAD SUPPLY NEW ORLEANS #0001","2504 HICKORY AVE SUITE 1","Metairie","Louisiana","70003","United States","29.97554","-90.21026","","{
  ""city"": ""Metairie"",
  ""country"": ""United States"",
  ""countryCode"": ""US"",
  ""geocodeAccuracy"": null,
  ""latitude"": 29.97554,
  ""longitude"": -90.21026,
  ""postalCode"": ""70003"",
  ""state"": ""Louisiana"",
  ""stateCode"": ""LA"",
  ""street"": ""2504 HICKORY AVE SUITE 1""
}","2504 HICKORY AVE SUITE 1","Metairie","Louisiana","70003","United States","","","","{
  ""city"": ""Metairie"",
  ""country"": ""United States"",
  ""countryCode"": ""US"",
  ""geocodeAccuracy"": null,
  ""latitude"": null,
  ""longitude"": null,
  ""postalCode"": ""70003"",
  ""state"": ""Louisiana"",
  ""stateCode"": ""LA"",
  ""street"": ""2504 HICKORY AVE SUITE 1""
}","5047374439","","/services/images/photo/001Hr00001qVdeQIAS","","","","2023-10-10 12:02:56 PM","2026-03-11 10:20:28 AM","2026-04-16 5:36:26 PM","2026-04-16","","","TRUE","","","","","","","FALSE","FALSE","","FALSE","","","","","0001","K12 Scholastic","","Louisiana - Metairie","","","","","","","","","","","","","East","","","","","","","","","","","001Hr00001qVdeQIAS","","","","","","","","","","","","","","","","","519730","","9016754.504","77","18","","1984-07-01","42","","Hall of Fame","","","","","","","","","","","","","","","","","","","","","","","","","","","","","","","","","","","","","","","","","","","","","","","","","","","","","","","","","","","","","","","","","","","","","","","","","","","","","","","29.9755063","-90.2103141","","","","","","","","","","","","","","","","","","","","","","","","","","","","","","","","","","","","","","","001Hr00001qVdeQIAS","Active","","0","FALSE","1899-12-30","","county summary query/Acct_Rcvbl_Nbr in* 'VALUE(Customer_Number__c)'","","","0","TRUE","FALSE","FALSE","","","","","","FALSE","{
  ""attributes"": {
    ""type"": ""RecordType"",
    ""url"": ""/services/data/v61.0/sobjects/RecordType/012Hr0000008HfoIAE""
  },
  ""Id"": ""012Hr0000008HfoIAE"",
  ""Name"": ""ISP Office""
}","2026-04-18 11:35:55 AM","A0616503","GRAD SUPPLY NEW ORLEANS #0001"
"salesoffice","","","FALSE","NEW ENGLAND COLLEGE SALES #0658","38 Spruce Street","Milton","MA","2186","United States","42.24737","-71.06005","","{
  ""city"": ""Milton"",
  ""country"": ""United States"",
  ""countryCode"": ""US"",
  ""geocodeAccuracy"": null,
  ""latitude"": 42.24737,
  ""longitude"": -71.06005,
  ""postalCode"": ""2186"",
  ""state"": ""MA"",
  ""stateCode"": ""MA"",
  ""street"": ""38 Spruce Street""
}","38 Spruce St.","Milton","MA","02186","United States","","","","{
  ""city"": ""Milton"",
  ""country"": ""United States"",
  ""countryCode"": ""US"",
  ""geocodeAccuracy"": null,
  ""latitude"": null,
  ""longitude"": null,
  ""postalCode"": ""02186"",
  ""state"": ""MA"",
  ""stateCode"": ""MA"",
  ""street"": ""38 Spruce St.""
}","(617) 769-9310","","/services/images/photo/001Hr00001qVdeUIAS","","","","2023-10-10 12:02:56 PM","2025-10-31 10:37:21 AM","2026-03-25 1:04:04 PM","2026-03-25","","","FALSE","","","","","","","FALSE","FALSE","","FALSE","","","","","0658","College","","MA - Milton","","","","","","","","","","","","","East","","","","","","","","","","","001Hr00001qVdeUIAS","","","","","","","","","","","","","","","","","2006959","","9907266.539","92","25","","1974-07-01","52","","","","","","","","","","","","","","","","","","","","","","","","","","","","","","","","","","","","","","","","","","","","","","","","","","","","","","","","","","","","","","","","","","","","","","","","","","","","","","","","","42.2473668","-71.0600491","","","","","","","","","","","","","","","","","","","","","","","","","","","","","","","","","","","","","","","001Hr00001qVdeUIAS","Active","","0","FALSE","1899-12-30","","county summary query/Acct_Rcvbl_Nbr in* 'VALUE(Customer_Number__c)'","","","0","FALSE","FALSE","FALSE","","","","","","FALSE","{
  ""attributes"": {
    ""type"": ""RecordType"",
    ""url"": ""/services/data/v61.0/sobjects/RecordType/012Hr0000008HfoIAE""
  },
  ""Id"": ""012Hr0000008HfoIAE"",
  ""Name"": ""ISP Office""
}","2026-04-18 11:35:55 AM","A0616504","NEW ENGLAND COLLEGE SALES #0658"
"salesoffice","","","FALSE","JOHN SHEWMAKER & ASSOCIATES, LLC #4437","1516 GRACIE GIRL WAY","Wake Forest","NC","27587","United States","35.95817","-78.48918","","{
  ""city"": ""Wake Forest"",
  ""country"": ""United States"",
  ""countryCode"": ""US"",
  ""geocodeAccuracy"": null,
  ""latitude"": 35.95817,
  ""longitude"": -78.48918,
  ""postalCode"": ""27587"",
  ""state"": ""NC"",
  ""stateCode"": ""NC"",
  ""street"": ""1516 GRACIE GIRL WAY""
}","1516 GRACIE GIRL WAY","Wake Forest","NC","27587","United States","","","","{
  ""city"": ""Wake Forest"",
  ""country"": ""United States"",
  ""countryCode"": ""US"",
  ""geocodeAccuracy"": null,
  ""latitude"": null,
  ""longitude"": null,
  ""postalCode"": ""27587"",
  ""state"": ""NC"",
  ""stateCode"": ""NC"",
  ""street"": ""1516 GRACIE GIRL WAY""
}","","","/services/images/photo/001Hr00001qVdeWIAS","","","","2023-10-10 12:02:56 PM","2025-10-31 10:37:21 AM","2026-03-24 1:01:19 PM","2026-03-24","","","FALSE","","","","","","","FALSE","FALSE","","FALSE","","","","","4437","College","","NC - Wake Forest","","","","","","","","","","","","","East","","","","","","","","","","","001Hr00001qVdeWIAS","","","","","","","","","","","","","","","","","1604840","","5540720.851","71","34.8","","2021-09-29","5","","","","","","","","","","","","","","","","","","","","","","","","","","","","","","","","","","","","","","","","","","","","","","","","","","","","","","","","","","","","","","","","","","","","","","","","","","","","","","","","","35.9581711","-78.4891849","","","","","","","","","","","","","","","","","","","","","","","","","","","","","","","","","","","","","","","001Hr00001qVdeWIAS","Active","","0","FALSE","1899-12-30","","county summary query/Acct_Rcvbl_Nbr in* 'VALUE(Customer_Number__c)'","","","0","FALSE","FALSE","FALSE","","","","","","FALSE","{
  ""attributes"": {
    ""type"": ""RecordType"",
    ""url"": ""/services/data/v61.0/sobjects/RecordType/012Hr0000008HfoIAE""
  },
  ""Id"": ""012Hr0000008HfoIAE"",
  ""Name"": ""ISP Office""
}","2026-04-18 11:35:55 AM","A0616505","JOHN SHEWMAKER & ASSOCIATES, LLC #4437"
"salesoffice","","","FALSE","AMANDA SIGWING #4383","2390 C Las Posas Road #259","Camarillo","CA","93010","United States","34.23531","-119.03735","","{
  ""city"": ""Camarillo"",
  ""country"": ""United States"",
  ""countryCode"": ""US"",
  ""geocodeAccuracy"": null,
  ""latitude"": 34.23531,
  ""longitude"": -119.03735,
  ""postalCode"": ""93010"",
  ""state"": ""CA"",
  ""stateCode"": ""CA"",
  ""street"": ""2390 C Las Posas Road #259""
}","2390 C Las Posas Road #259","Camarillo","CA","93010","United States","","","","{
  ""city"": ""Camarillo"",
  ""country"": ""United States"",
  ""countryCode"": ""US"",
  ""geocodeAccuracy"": null,
  ""latitude"": null,
  ""longitude"": null,
  ""postalCode"": ""93010"",
  ""state"": ""CA"",
  ""stateCode"": ""CA"",
  ""street"": ""2390 C Las Posas Road #259""
}","(805) 233 -2308","","/services/images/photo/001Hr00001qVdeXIAS","","","","2023-10-10 12:02:56 PM","2025-10-31 10:37:21 AM","2025-12-03 11:52:51 AM","2025-12-01","","","FALSE","","","","","","","FALSE","FALSE","","FALSE","","","","","4383","College","","CA - Camarillo","","","","","","","","","","","","","West","","","","","","","","","","","001Hr00001qVdeXIAS","","","","","","","","","","","","","","","","","1423098","","4898731.624","61","41.9","","2021-09-07","5","","","","","","","","","","","","","","","","","","","","","","","","","","","","","","","","","","","","","","","","","","","","","","","","","","","","","","","","","","","","","","","","","","","","","","","","","","","","","","","","","34.2355128","-119.0377038","","","","","","","","","","","","","","","","","","","","","","","","","","","","","","","","","","","","","","","001Hr00001qVdeXIAS","Active","","0","FALSE","1899-12-30","","county summary query/Acct_Rcvbl_Nbr in* 'VALUE(Customer_Number__c)'","","","0","FALSE","FALSE","FALSE","","","","","","FALSE","{
  ""attributes"": {
    ""type"": ""RecordType"",
    ""url"": ""/services/data/v61.0/sobjects/RecordType/012Hr0000008HfoIAE""
  },
  ""Id"": ""012Hr0000008HfoIAE"",
  ""Name"": ""ISP Office""
}","2026-04-18 11:35:55 AM","A0616506","AMANDA SIGWING #4383"
"salesoffice","","","FALSE","GRADUATE SERVICES EAST OF NC INC #2579","PO BOX 879","Spring Hope","North Carolina","27882","United States","35.94637","-78.10891","","{
  ""city"": ""Spring Hope"",
  ""country"": ""United States"",
  ""countryCode"": ""US"",
  ""geocodeAccuracy"": null,
  ""latitude"": 35.94637,
  ""longitude"": -78.10891,
  ""postalCode"": ""27882"",
  ""state"": ""North Carolina"",
  ""stateCode"": ""NC"",
  ""street"": ""PO BOX 879""
}","115 N PINE ST","Spring Hope","North Carolina","27882","United States","","","","{
  ""city"": ""Spring Hope"",
  ""country"": ""United States"",
  ""countryCode"": ""US"",
  ""geocodeAccuracy"": null,
  ""latitude"": null,
  ""longitude"": null,
  ""postalCode"": ""27882"",
  ""state"": ""North Carolina"",
  ""stateCode"": ""NC"",
  ""street"": ""115 N PINE ST""
}","2524783146","","/services/images/photo/001Hr00001qVdeZIAS","","","","2023-10-10 12:02:56 PM","2026-03-23 12:26:04 PM","2026-04-18 9:07:22 AM","2026-04-18","","","TRUE","","","","","","","FALSE","FALSE","","FALSE","","","","","2579","K12 Scholastic","","North Carolina - Spring Hope","","","","","","","","","","","","","East","","","","","","","","","","","001Hr00001qVdeZIAS","","","","","","","","","","","","","","","","","932955","","3394109.521","82","32.5","","1998-07-15","28","","Pinnacle","","","","","","","","","","","","","","","","","","","","","","","","","","","","","","","","","","","","","","","","","","","","","","","","","","","","","","","","","","","","","","","","","","","","","","","","","","","","","","","35.9445661","-78.112109","","","","","","","","","","","","","","","","","","","","","","","","","","","","","","","","","","","","","","","001Hr00001qVdeZIAS","Active","","0","FALSE","1899-12-30","","county summary query/Acct_Rcvbl_Nbr in* 'VALUE(Customer_Number__c)'","","","0","FALSE","FALSE","FALSE","","","","","","FALSE","{
  ""attributes"": {
    ""type"": ""RecordType"",
    ""url"": ""/services/data/v61.0/sobjects/RecordType/012Hr0000008HfoIAE""
  },
  ""Id"": ""012Hr0000008HfoIAE"",
  ""Name"": ""ISP Office""
}","2026-04-18 11:35:55 AM","A0616507","GRADUATE SERVICES EAST OF NC INC #2579"
"salesoffice","","","FALSE","JOHN SOLBERG #0687","830 CLOUGH ST","Waterloo","Iowa","50701-3022","United States","42.48296","-92.36231","","{
  ""city"": ""Waterloo"",
  ""country"": ""United States"",
  ""countryCode"": ""US"",
  ""geocodeAccuracy"": null,
  ""latitude"": 42.48296,
  ""longitude"": -92.36231,
  ""postalCode"": ""50701-3022"",
  ""state"": ""Iowa"",
  ""stateCode"": ""IA"",
  ""street"": ""830 CLOUGH ST""
}","830 CLOUGH ST","Waterloo","Iowa","50701-3022","United States","","","","{
  ""city"": ""Waterloo"",
  ""country"": ""United States"",
  ""countryCode"": ""US"",
  ""geocodeAccuracy"": null,
  ""latitude"": null,
  ""longitude"": null,
  ""postalCode"": ""50701-3022"",
  ""state"": ""Iowa"",
  ""stateCode"": ""IA"",
  ""street"": ""830 CLOUGH ST""
}","3192337278","","/services/images/photo/001Hr00001qVdebIAC","","","","2023-10-10 12:02:56 PM","2026-03-23 11:58:35 AM","2026-03-23 11:58:35 AM","","","","TRUE","","","","","","","FALSE","FALSE","","FALSE","","","","","0687","K12 Scholastic","","Iowa - Waterloo","","","","","","","","","","","","","West","","","","","","","","","","","001Hr00001qVdebIAC","","","","","","","","","","","","","","","","","50183","","222781.3717","10","37","","1972-12-01","54","","Golden Eagle","","","","","","","","","","","","","","","","","","","","","","","","","","","","","","","","","","","","","","","","","","","","","","","","","","","","","","","","","","","","","","","","","","","","","","","","","","","","","","","42.4829694","-92.3623126","","","","","","","","","","","","","","","","","","","","","","","","","","","","","","","","","","","","","","","001Hr00001qVdebIAC","Active","","0","FALSE","1899-12-30","","county summary query/Acct_Rcvbl_Nbr in* 'VALUE(Customer_Number__c)'","","","0","FALSE","FALSE","FALSE","","","","","","FALSE","{
  ""attributes"": {
    ""type"": ""RecordType"",
    ""url"": ""/services/data/v61.0/sobjects/RecordType/012Hr0000008HfoIAE""
  },
  ""Id"": ""012Hr0000008HfoIAE"",
  ""Name"": ""ISP Office""
}","2026-04-18 11:35:55 AM","A0616508","JOHN SOLBERG #0687"
"salesoffice","","","FALSE","SUNDERLAND ASSOC INC #0714","654D NORTH WELLWOOD AVENUE PMB 336","Lindenhurst","New York","11757-1672","United States","40.6913953","-73.3771221","","{
  ""city"": ""Lindenhurst"",
  ""country"": ""United States"",
  ""countryCode"": ""US"",
  ""geocodeAccuracy"": null,
  ""latitude"": 40.6913953,
  ""longitude"": -73.3771221,
  ""postalCode"": ""11757-1672"",
  ""state"": ""New York"",
  ""stateCode"": ""NY"",
  ""street"": ""654D NORTH WELLWOOD AVENUE PMB 336""
}","654D NORTH WELLWOOD AVENUE PMB 336","Lindenhurst","New York","11757-1672","United States","","","","{
  ""city"": ""Lindenhurst"",
  ""country"": ""United States"",
  ""countryCode"": ""US"",
  ""geocodeAccuracy"": null,
  ""latitude"": null,
  ""longitude"": null,
  ""postalCode"": ""11757-1672"",
  ""state"": ""New York"",
  ""stateCode"": ""NY"",
  ""street"": ""654D NORTH WELLWOOD AVENUE PMB 336""
}","6312262270","","/services/images/photo/001Hr00001qVdeeIAC","","","","2023-10-10 12:02:56 PM","2026-03-11 10:00:27 AM","2026-04-18 10:57:56 AM","2026-04-18","","","TRUE","","","","","","","FALSE","FALSE","","FALSE","","","","","0714","K12 Scholastic","","New York - Lindenhurst","","","","","","","","","","","","","East","","","","","","","","","","","001Hr00001qVdeeIAC","","","","","","","","","","","","","","","","","656212","","2663625.791","66","20","","1979-11-01","47","","Hall of Fame","","","","","","","","","","","","","","","","","","","","","","","","","","","","","","","","","","","","","","","","","","","","","","","","","","","","","","","","","","","","","","","","","","","","","","","","","","","","","","","40.7027385","-73.3839993","","","","","","","","","","","","","","","","","","","","","","","","","","","","","","","","","","","","","","","001Hr00001qVdeeIAC","Active","","0","FALSE","1899-12-30","","county summary query/Acct_Rcvbl_Nbr in* 'VALUE(Customer_Number__c)'","","","0","FALSE","FALSE","FALSE","","","","","","FALSE","{
  ""attributes"": {
    ""type"": ""RecordType"",
    ""url"": ""/services/data/v61.0/sobjects/RecordType/012Hr0000008HfoIAE""
  },
  ""Id"": ""012Hr0000008HfoIAE"",
  ""Name"": ""ISP Office""
}","2026-04-18 11:35:55 AM","A0616509","SUNDERLAND ASSOC INC #0714"
"salesoffice","","","FALSE","KULA HALIA YEARBOOKS, LLC #2229","646 LAWELAWE STREET","Honolulu","Hawaii","96821","United States","21.28582","-157.75406","","{
  ""city"": ""Honolulu"",
  ""country"": ""United States"",
  ""countryCode"": ""US"",
  ""geocodeAccuracy"": null,
  ""latitude"": 21.28582,
  ""longitude"": -157.75406,
  ""postalCode"": ""96821"",
  ""state"": ""Hawaii"",
  ""stateCode"": ""HI"",
  ""street"": ""646 LAWELAWE STREET""
}","646 LAWELAWE STREET","Honolulu","Hawaii","96821","United States","","","","{
  ""city"": ""Honolulu"",
  ""country"": ""United States"",
  ""countryCode"": ""US"",
  ""geocodeAccuracy"": null,
  ""latitude"": null,
  ""longitude"": null,
  ""postalCode"": ""96821"",
  ""state"": ""Hawaii"",
  ""stateCode"": ""HI"",
  ""street"": ""646 LAWELAWE STREET""
}","8087227417","","/services/images/photo/001Hr00001qVdefIAC","","","","2023-10-10 12:02:56 PM","2026-03-23 12:06:10 PM","2026-04-17 5:17:25 PM","2026-04-30","","","TRUE","","","","","","","FALSE","FALSE","","FALSE","","","","","2229","K12 Scholastic","","Hawaii - Honolulu","","","","","","","","","","","","","West","","","","","","","","","","","001Hr00001qVdefIAC","","","","","","","","","","","","","","","","","133349","","1538026.394","9","1.7","","2007-06-01","19","","Pinnacle","","","","","","","","","","","","","","","","","","","","","","","","","","","","","","","","","","","","","","","","","","","","","","","","","","","","","","","","","","","","","","","","","","","","","","","","","","","","","","","21.2858275","-157.7540499","","","","","","","","","","","","","","","","","","","","","","","","","","","","","","","","","","","","","","","001Hr00001qVdefIAC","Active","","0","TRUE","1899-12-30","","county summary query/Acct_Rcvbl_Nbr in* 'VALUE(Customer_Number__c)'","","","0","FALSE","FALSE","TRUE","Danielle Summers","","","","","FALSE","{
  ""attributes"": {
    ""type"": ""RecordType"",
    ""url"": ""/services/data/v61.0/sobjects/RecordType/012Hr0000008HfoIAE""
  },
  ""Id"": ""012Hr0000008HfoIAE"",
  ""Name"": ""ISP Office""
}","2026-04-18 11:35:55 AM","A0616510","KULA HALIA YEARBOOKS, LLC #2229"
"salesoffice","","","FALSE","GRADTIME, INC. #1311","P.O. BOX 882","Commack","NY","11725","United States","40.83933","-73.2966","","{
  ""city"": ""Commack"",
  ""country"": ""United States"",
  ""countryCode"": ""US"",
  ""geocodeAccuracy"": null,
  ""latitude"": 40.83933,
  ""longitude"": -73.2966,
  ""postalCode"": ""11725"",
  ""state"": ""NY"",
  ""stateCode"": ""NY"",
  ""street"": ""P.O. BOX 882""
}","2 SPRINGMEADOW DRIVE","Kings Park","NY","11754","United States","","","","{
  ""city"": ""Kings Park"",
  ""country"": ""United States"",
  ""countryCode"": ""US"",
  ""geocodeAccuracy"": null,
  ""latitude"": null,
  ""longitude"": null,
  ""postalCode"": ""11754"",
  ""state"": ""NY"",
  ""stateCode"": ""NY"",
  ""street"": ""2 SPRINGMEADOW DRIVE""
}","(631) 757-3040","","/services/images/photo/001Hr00001qVdeqIAC","","","","2023-10-10 12:02:56 PM","2025-10-31 10:37:21 AM","2026-03-22 1:04:01 PM","2026-03-22","","","FALSE","","","","","","","FALSE","FALSE","","FALSE","","","","","1311","College","","NY - Kings Park","","","","","","","","","","","","","East","","","","","","","","","","","001Hr00001qVdeqIAC","","","","","","","","","","","","","","","","","1014793","","2925329.449","39","30","","1996-11-01","30","","Hall of Fame","","","","","","","","","","","","","","","","","","","","","","","","","","","","","","","","","","","","","","","","","","","","","","","","","","","","","","","","","","","","","","","","","","","","","","","","","","","","","","","40.880956","-73.2709572","","","","","","","","","","","","","","","","","","","","","","","","","","","","","","","","","","","","","","","001Hr00001qVdeqIAC","Active","","0","FALSE","1899-12-30","","county summary query/Acct_Rcvbl_Nbr in* 'VALUE(Customer_Number__c)'","","","0","FALSE","FALSE","FALSE","","","","","","FALSE","{
  ""attributes"": {
    ""type"": ""RecordType"",
    ""url"": ""/services/data/v61.0/sobjects/RecordType/012Hr0000008HfoIAE""
  },
  ""Id"": ""012Hr0000008HfoIAE"",
  ""Name"": ""ISP Office""
}","2026-04-18 11:35:55 AM","A0616511","GRADTIME, INC. #1311"
"salesoffice","","","FALSE","CRU SALES, INC #1159","HJ-CRU SALES, INC 4201 NESHAMINY BLVD, PMB 257","Bensalem","PA","19020","United States","40.13599","-74.9507","","{
  ""city"": ""Bensalem"",
  ""country"": ""United States"",
  ""countryCode"": ""US"",
  ""geocodeAccuracy"": null,
  ""latitude"": 40.13599,
  ""longitude"": -74.9507,
  ""postalCode"": ""19020"",
  ""state"": ""PA"",
  ""stateCode"": ""PA"",
  ""street"": ""HJ-CRU SALES, INC 4201 NESHAMINY BLVD, PMB 257""
}","HJ-CRU SALES, INC 4201 NESHAMINY BLVD, PMB 257","Bensalem","PA","19020","United States","","","","{
  ""city"": ""Bensalem"",
  ""country"": ""United States"",
  ""countryCode"": ""US"",
  ""geocodeAccuracy"": null,
  ""latitude"": null,
  ""longitude"": null,
  ""postalCode"": ""19020"",
  ""state"": ""PA"",
  ""stateCode"": ""PA"",
  ""street"": ""HJ-CRU SALES, INC 4201 NESHAMINY BLVD, PMB 257""
}","(215) 245-1142","","/services/images/photo/001Hr00001qVderIAC","","","","2023-10-10 12:02:56 PM","2025-10-31 10:37:21 AM","2026-03-25 1:04:31 PM","2026-03-25","","","FALSE","","","","","","","FALSE","FALSE","","FALSE","","","","","1159","College","","PA - Bensalem","","","","","","","","","","","","","East","","","","","","","","","","","001Hr00001qVderIAC","","","","","","","","","","","","","","","","","2376366","","8388530.606","157","27","","2004-07-01","22","","","","","","","","","","","","","","","","","","","","","","","","","","","","","","","","","","","","","","","","","","","","","","","","","","","","","","","","","","","","","","","","","","","","","","","","","","","","","","","","","40.1358488","-74.9507618","","","","","","","","","","","","","","","","","","","","","","","","","","","","","","","","","","","","","","","001Hr00001qVderIAC","Active","","0","FALSE","1899-12-30","","county summary query/Acct_Rcvbl_Nbr in* 'VALUE(Customer_Number__c)'","","","0","FALSE","FALSE","FALSE","","","","","","FALSE","{
  ""attributes"": {
    ""type"": ""RecordType"",
    ""url"": ""/services/data/v61.0/sobjects/RecordType/012Hr0000008HfoIAE""
  },
  ""Id"": ""012Hr0000008HfoIAE"",
  ""Name"": ""ISP Office""
}","2026-04-18 11:35:55 AM","A0616512","CRU SALES, INC #1159"
"salesoffice","","","FALSE","DENNIS J. VAUGHN INC #1900","P.O. BOX 157","Goshen","AR","72735","United States","36.10093","-93.99105","","{
  ""city"": ""Goshen"",
  ""country"": ""United States"",
  ""countryCode"": ""US"",
  ""geocodeAccuracy"": null,
  ""latitude"": 36.10093,
  ""longitude"": -93.99105,
  ""postalCode"": ""72735"",
  ""state"": ""AR"",
  ""stateCode"": ""AR"",
  ""street"": ""P.O. BOX 157""
}","2930 SOUTH COLLEGE DRIVE","Fayetteville","AR","72701","United States","","","","{
  ""city"": ""Fayetteville"",
  ""country"": ""United States"",
  ""countryCode"": ""US"",
  ""geocodeAccuracy"": null,
  ""latitude"": null,
  ""longitude"": null,
  ""postalCode"": ""72701"",
  ""state"": ""AR"",
  ""stateCode"": ""AR"",
  ""street"": ""2930 SOUTH COLLEGE DRIVE""
}","(479) 582-5502","","/services/images/photo/001Hr00001qVdetIAC","","","","2023-10-10 12:02:56 PM","2025-10-31 10:37:21 AM","2025-12-03 11:52:51 AM","","","","FALSE","","","","","","","FALSE","FALSE","","FALSE","","","","","1900","College","","AR - Fayetteville","","","","","","","","","","","","","East","","","","","","","","","","","001Hr00001qVdetIAC","","","","","","","","","","","","","","","","","898252","","2230620.291","102","27","","1989-08-01","37","","Hall of Fame","","","","","","","","","","","","","","","","","","","","","","","","","","","","","","","","","","","","","","","","","","","","","","","","","","","","","","","","","","","","","","","","","","","","","","","","","","","","","","","36.0314053","-94.1568903","","","","","","","","","","","","","","","","","","","","","","","","","","","","","","","","","","","","","","","001Hr00001qVdetIAC","Active","","0","FALSE","1899-12-30","","county summary query/Acct_Rcvbl_Nbr in* 'VALUE(Customer_Number__c)'","","","0","FALSE","FALSE","FALSE","","","","","","FALSE","{
  ""attributes"": {
    ""type"": ""RecordType"",
    ""url"": ""/services/data/v61.0/sobjects/RecordType/012Hr0000008HfoIAE""
  },
  ""Id"": ""012Hr0000008HfoIAE"",
  ""Name"": ""ISP Office""
}","2026-04-18 11:35:55 AM","A0616513","DENNIS J. VAUGHN INC #1900"
"salesoffice","","","FALSE","NORTH HOUSTON GRAD LLC #4223","PO BOX 133323","The Woodlands","Texas","77393","United States","30.16967","-95.49678","","{
  ""city"": ""The Woodlands"",
  ""country"": ""United States"",
  ""countryCode"": ""US"",
  ""geocodeAccuracy"": null,
  ""latitude"": 30.16967,
  ""longitude"": -95.49678,
  ""postalCode"": ""77393"",
  ""state"": ""Texas"",
  ""stateCode"": ""TX"",
  ""street"": ""PO BOX 133323""
}","125 CANVAS BACK DRIVE","Montgomery","Texas","77316","United States","","","","{
  ""city"": ""Montgomery"",
  ""country"": ""United States"",
  ""countryCode"": ""US"",
  ""geocodeAccuracy"": null,
  ""latitude"": null,
  ""longitude"": null,
  ""postalCode"": ""77316"",
  ""state"": ""Texas"",
  ""stateCode"": ""TX"",
  ""street"": ""125 CANVAS BACK DRIVE""
}","2818898072","","/services/images/photo/001Hr00001qVdevIAC","","","","2023-10-10 12:02:56 PM","2026-03-11 10:20:28 AM","2026-04-14 1:01:13 PM","2026-04-14","","","TRUE","","","","","","","FALSE","FALSE","","FALSE","","","","","4223","K12 Scholastic","","Texas - Montgomery","","","","","","","","","","","","","West","","","","","","","","","","","001Hr00001qVdevIAC","","","","","","","","","","","","","","","","","331225","","1735051.284","12","18.2","","2001-06-07","25","","Pinnacle","","","","","","","","","","","","","","","","","","","","","","","","","","","","","","","","","","","","","","","","","","","","","","","","","","","","","","","","","","","","","","","","","","","","","","","","","","","","","","","30.2649362","-95.5542943","","","","","","","","","","","","","","","","","","","","","","","","","","","","","","","","","","","","","","","001Hr00001qVdevIAC","Active","","0","FALSE","1899-12-30","","county summary query/Acct_Rcvbl_Nbr in* 'VALUE(Customer_Number__c)'","","","0","TRUE","FALSE","FALSE","","","","","","FALSE","{
  ""attributes"": {
    ""type"": ""RecordType"",
    ""url"": ""/services/data/v61.0/sobjects/RecordType/012Hr0000008HfoIAE""
  },
  ""Id"": ""012Hr0000008HfoIAE"",
  ""Name"": ""ISP Office""
}","2026-04-18 11:35:55 AM","A0616514","NORTH HOUSTON GRAD LLC #4223"
"salesoffice","","","FALSE","WILLIAM D. WALDRUP #0764","4444 East Grant Road Suite 107","Tucson","Arizona","85712","United States","32.25012","-110.89766","","{
  ""city"": ""Tucson"",
  ""country"": ""United States"",
  ""countryCode"": ""US"",
  ""geocodeAccuracy"": null,
  ""latitude"": 32.25012,
  ""longitude"": -110.89766,
  ""postalCode"": ""85712"",
  ""state"": ""Arizona"",
  ""stateCode"": ""AZ"",
  ""street"": ""4444 East Grant Road Suite 107""
}","4444 East Grant Road Suite 107","Tucson","Arizona","85712","United States","","","","{
  ""city"": ""Tucson"",
  ""country"": ""United States"",
  ""countryCode"": ""US"",
  ""geocodeAccuracy"": null,
  ""latitude"": null,
  ""longitude"": null,
  ""postalCode"": ""85712"",
  ""state"": ""Arizona"",
  ""stateCode"": ""AZ"",
  ""street"": ""4444 East Grant Road Suite 107""
}","5207455289","","/services/images/photo/001Hr00001qVdewIAC","","","","2023-10-10 12:02:56 PM","2026-03-23 11:46:35 AM","2026-04-08 3:40:00 PM","2026-04-22","","","TRUE","","","","","","","FALSE","FALSE","","FALSE","","","","","0764","K12 Scholastic","","Arizona - Tucson","","","","","","","","","","","","","West","","","","","","","","","","","001Hr00001qVdewIAC","","","","","","","","","","","","","","","","","466212","","11808414.53","50","18","","1992-07-01","34","","Pinnacle","","","","","","","","","","","","","","","","","","","","","","","","","","","","","","","","","","","","","","","","","","","","","","","","","","","","","","","","","","","","","","","","","","","","","","","","","","","","","","","32.250105","-110.8976744","","","","","","","","","","","","","","","","","","","","","","","","","","","","","","","","","","","","","","","001Hr00001qVdewIAC","Active","","0","FALSE","1899-12-30","","county summary query/Acct_Rcvbl_Nbr in* 'VALUE(Customer_Number__c)'","","","0","FALSE","FALSE","FALSE","","","","","","FALSE","{
  ""attributes"": {
    ""type"": ""RecordType"",
    ""url"": ""/services/data/v61.0/sobjects/RecordType/012Hr0000008HfoIAE""
  },
  ""Id"": ""012Hr0000008HfoIAE"",
  ""Name"": ""ISP Office""
}","2026-04-18 11:35:55 AM","A0616515","WILLIAM D. WALDRUP #0764"
"salesoffice","","","FALSE","GRADUATION & MORE, INC #0755","583 Davis Love Dr.","Chapel Hill","NC","27517","United States","35.7913","-79.05765","","{
  ""city"": ""Chapel Hill"",
  ""country"": ""United States"",
  ""countryCode"": ""US"",
  ""geocodeAccuracy"": null,
  ""latitude"": 35.7913,
  ""longitude"": -79.05765,
  ""postalCode"": ""27517"",
  ""state"": ""NC"",
  ""stateCode"": ""NC"",
  ""street"": ""583 Davis Love Dr.""
}","583 Davis Love Dr.","Chapel Hill","NC","27517","United States","","","","{
  ""city"": ""Chapel Hill"",
  ""country"": ""United States"",
  ""countryCode"": ""US"",
  ""geocodeAccuracy"": null,
  ""latitude"": null,
  ""longitude"": null,
  ""postalCode"": ""27517"",
  ""state"": ""NC"",
  ""stateCode"": ""NC"",
  ""street"": ""583 Davis Love Dr.""
}","(919) 533-6293","","/services/images/photo/001Hr00001qVdexIAC","","","","2023-10-10 12:02:56 PM","2025-10-31 10:37:21 AM","2026-04-15 8:05:11 AM","2026-03-26","","","FALSE","","","","","","","FALSE","FALSE","","FALSE","","","","","0755","College","","NC - Chapel Hill","","","","","","","","","","","","","East","","","","","","","","","","","001Hr00001qVdexIAC","","","","","","","","","","","","","","","","","1614643","","8085982.891","150","35","","1988-02-01","39","","","","","","","","","","","","","","","","","","","","","","","","","","","","","","","","","","","","","","","","","","","","","","","","","","","","","","","","","","","","","","","","","","","","","","","","","","","","","","","","","35.7912956","-79.0576474","","","","","","","","","","","","","","","","","","","","","","","","","","","","","","","","","","","","","","","001Hr00001qVdexIAC","Active","","0","FALSE","1899-12-30","","county summary query/Acct_Rcvbl_Nbr in* 'VALUE(Customer_Number__c)'","","","0","FALSE","FALSE","FALSE","","","","","","FALSE","{
  ""attributes"": {
    ""type"": ""RecordType"",
    ""url"": ""/services/data/v61.0/sobjects/RecordType/012Hr0000008HfoIAE""
  },
  ""Id"": ""012Hr0000008HfoIAE"",
  ""Name"": ""ISP Office""
}","2026-04-18 11:35:55 AM","A0616516","GRADUATION & MORE, INC #0755"
"salesoffice","","","FALSE","SAN DIEGO GRAD SERVICES, LLC #4372","3231 - C BUSINESS PARK DRIVE #134","Vista","California","92081","United States","33.1332","-117.22889","","{
  ""city"": ""Vista"",
  ""country"": ""United States"",
  ""countryCode"": ""US"",
  ""geocodeAccuracy"": null,
  ""latitude"": 33.1332,
  ""longitude"": -117.22889,
  ""postalCode"": ""92081"",
  ""state"": ""California"",
  ""stateCode"": ""CA"",
  ""street"": ""3231 - C BUSINESS PARK DRIVE #134""
}","3231 - C Business Park Drive  #134","Vista","California","92081","United States","","","","{
  ""city"": ""Vista"",
  ""country"": ""United States"",
  ""countryCode"": ""US"",
  ""geocodeAccuracy"": null,
  ""latitude"": null,
  ""longitude"": null,
  ""postalCode"": ""92081"",
  ""state"": ""California"",
  ""stateCode"": ""CA"",
  ""street"": ""3231 - C Business Park Drive  #134""
}","(951) 203-6176","","/services/images/photo/001Hr00001qVdeyIAC","","","","2023-10-10 12:02:56 PM","2026-03-23 11:40:31 AM","2026-04-08 3:07:35 PM","2026-04-22","","","TRUE","","","","","","","FALSE","FALSE","","FALSE","","","","","4372","K12 Scholastic","","California - Vista","","","","","","","","","","","","","West","","","","","","","","","","","001Hr00001qVdeyIAC","","","","","","","","","","","","","","","","","975022","","8191946.156","131","11.3","","2018-01-02","9","","Century","","","","","","","","","","","","","","","","","","","","","","","","","","","","","","","","","","","","","","","","","","","","","","","","","","","","","","","","","","","","","","","","","","","","","","","","","","","","","","","33.1332957","-117.2288258","","","","","","","","","","","","","","","","","","","","","","","","","","","","","","","","","","","","","","","001Hr00001qVdeyIAC","Active","","0","FALSE","1899-12-30","","county summary query/Acct_Rcvbl_Nbr in* 'VALUE(Customer_Number__c)'","","","0","FALSE","FALSE","FALSE","","","","","","FALSE","{
  ""attributes"": {
    ""type"": ""RecordType"",
    ""url"": ""/services/data/v61.0/sobjects/RecordType/012Hr0000008HfoIAE""
  },
  ""Id"": ""012Hr0000008HfoIAE"",
  ""Name"": ""ISP Office""
}","2026-04-18 11:35:55 AM","A0616517","SAN DIEGO GRAD SERVICES, LLC #4372"
"salesoffice","","","FALSE","MID-SOUTH SCHOLASTIC SOLUTIONS, LLC #4362","1410 FRANKLIN STREET","Jonesboro","Arkansas","72401-5214","United States","35.82755","-90.68343","","{
  ""city"": ""Jonesboro"",
  ""country"": ""United States"",
  ""countryCode"": ""US"",
  ""geocodeAccuracy"": null,
  ""latitude"": 35.82755,
  ""longitude"": -90.68343,
  ""postalCode"": ""72401-5214"",
  ""state"": ""Arkansas"",
  ""stateCode"": ""AR"",
  ""street"": ""1410 FRANKLIN STREET""
}","1410 FRANKLIN STREET","Jonesboro","Arkansas","72401-5214","United States","","","","{
  ""city"": ""Jonesboro"",
  ""country"": ""United States"",
  ""countryCode"": ""US"",
  ""geocodeAccuracy"": null,
  ""latitude"": null,
  ""longitude"": null,
  ""postalCode"": ""72401-5214"",
  ""state"": ""Arkansas"",
  ""stateCode"": ""AR"",
  ""street"": ""1410 FRANKLIN STREET""
}","(870)932-4832","","/services/images/photo/001Hr00001qVdezIAC","","","#4362 - MSSS DBA BROWN'S GRADUATION SUPPLY","2023-10-10 12:02:56 PM","2026-03-11 10:20:28 AM","2026-04-18 6:43:03 AM","2026-04-18","","","TRUE","","","","","","","FALSE","FALSE","","FALSE","","","","","4362","K12 Scholastic","","Arkansas - Jonesboro","","","","","","","","","","","","","West","","","","","","","","","","","001Hr00001qVdezIAC","","","","","","","","","","","","","","","","","897234","","2707087.51","39","28.8","","2020-08-15","6","","","","","","","","","","","","","","","","","","","","","","","","","","","","","","","","","","","","","","","","","","","","","","","","","","","","","","","","","","","","","","","","","","","","","","","","","","","","","","","","","35.8275204","-90.6834325","","","","","","","","","","","","","","","","","","","","","","","","","","","","","","","","","","","","","","","001Hr00001qVdezIAC","Active","","0","TRUE","1899-12-30","","county summary query/Acct_Rcvbl_Nbr in* 'VALUE(Customer_Number__c)'","","","0","FALSE","FALSE","FALSE","","","","","","FALSE","{
  ""attributes"": {
    ""type"": ""RecordType"",
    ""url"": ""/services/data/v61.0/sobjects/RecordType/012Hr0000008HfoIAE""
  },
  ""Id"": ""012Hr0000008HfoIAE"",
  ""Name"": ""ISP Office""
}","2026-04-18 11:35:55 AM","A0616518","MID-SOUTH SCHOLASTIC SOLUTIONS, LLC #4362"
"salesoffice","","","FALSE","TN GRADUATE SERVICES, PLLC #4358","3310 Lebanon Pike Suite 204","Hermitage","Tennessee","37076","United States","36.18793","-86.63044","","{
  ""city"": ""Hermitage"",
  ""country"": ""United States"",
  ""countryCode"": ""US"",
  ""geocodeAccuracy"": null,
  ""latitude"": 36.18793,
  ""longitude"": -86.63044,
  ""postalCode"": ""37076"",
  ""state"": ""Tennessee"",
  ""stateCode"": ""TN"",
  ""street"": ""3310 Lebanon Pike Suite 204""
}","3310 Lebanon Pike Suite 204","Hermitage","Tennessee","37076","United States","","","","{
  ""city"": ""Hermitage"",
  ""country"": ""United States"",
  ""countryCode"": ""US"",
  ""geocodeAccuracy"": null,
  ""latitude"": null,
  ""longitude"": null,
  ""postalCode"": ""37076"",
  ""state"": ""Tennessee"",
  ""stateCode"": ""TN"",
  ""street"": ""3310 Lebanon Pike Suite 204""
}","(615) 329- 2504","","/services/images/photo/001Hr00001qVdf0IAC","","","","2023-10-10 12:02:56 PM","2026-03-23 12:02:14 PM","2026-04-15 9:34:42 AM","2026-04-15","","","TRUE","","","","","","","FALSE","FALSE","","FALSE","","","","","4358","K12 Scholastic","","Tennessee - Hermitage","","","","","","","","","","","","","East","","","","","","","","","","","001Hr00001qVdf0IAC","","","","","","","","","","","","","","","","","535293","","4729328.03","47","12.4","","2021-07-01","5","","","","","","","","","","","","","","","","","","","","","","","","","","","","","","","","","","","","","","","","","","","","","","","","","","","","","","","","","","","","","","","","","","","","","","","","","","","","","","","","","36.1879321","-86.6304475","","","","","","","","","","","","","","","","","","","","","","","","","","","","","","","","","","","","","","","001Hr00001qVdf0IAC","Active","","0","FALSE","1899-12-30","","county summary query/Acct_Rcvbl_Nbr in* 'VALUE(Customer_Number__c)'","","","0","FALSE","FALSE","FALSE","","","","","","FALSE","{
  ""attributes"": {
    ""type"": ""RecordType"",
    ""url"": ""/services/data/v61.0/sobjects/RecordType/012Hr0000008HfoIAE""
  },
  ""Id"": ""012Hr0000008HfoIAE"",
  ""Name"": ""ISP Office""
}","2026-04-18 11:35:55 AM","A0616519","TN GRADUATE SERVICES, PLLC #4358"
"salesoffice","","","FALSE","WHITLOW & ASSOCIATES, LLC #4291","10175 FORTUNE PARKWAY SUITE 506","Jacksonville","Florida","32256","United States","30.18594","-81.54811","","{
  ""city"": ""Jacksonville"",
  ""country"": ""United States"",
  ""countryCode"": ""US"",
  ""geocodeAccuracy"": null,
  ""latitude"": 30.18594,
  ""longitude"": -81.54811,
  ""postalCode"": ""32256"",
  ""state"": ""Florida"",
  ""stateCode"": ""FL"",
  ""street"": ""10175 FORTUNE PARKWAY SUITE 506""
}","10175 FORTUNE PARKWAY SUITE 506","Jacksonville","Florida","32256","United States","","","","{
  ""city"": ""Jacksonville"",
  ""country"": ""United States"",
  ""countryCode"": ""US"",
  ""geocodeAccuracy"": null,
  ""latitude"": null,
  ""longitude"": null,
  ""postalCode"": ""32256"",
  ""state"": ""Florida"",
  ""stateCode"": ""FL"",
  ""street"": ""10175 FORTUNE PARKWAY SUITE 506""
}","9043631905","","/services/images/photo/001Hr00001qVdf5IAC","","","","2023-10-10 12:02:56 PM","2026-03-23 12:20:31 PM","2026-04-16 9:23:28 PM","2026-04-16","","","TRUE","","","","","","","FALSE","FALSE","","FALSE","","","","","4291","K12 Scholastic","","Florida - Jacksonville","","","","","","","","","","","","","East","","","","","","","","","","","001Hr00001qVdf5IAC","","","","","","","","","","","","","","","","","1321106","","3461711.32","84","30.7","","2012-07-01","14","","Double Eagle","","","","","","","","","","","","","","","","","","","","","","","","","","","","","","","","","","","","","","","","","","","","","","","","","","","","","","","","","","","","","","","","","","","","","","","","","","","","","","","30.1856066","-81.5484725","","","","","","","","","","","","","","","","","","","","","","","","","","","","","","","","","","","","","","","001Hr00001qVdf5IAC","Active","","0","FALSE","1899-12-30","","county summary query/Acct_Rcvbl_Nbr in* 'VALUE(Customer_Number__c)'","","","0","FALSE","FALSE","FALSE","","","","","","FALSE","{
  ""attributes"": {
    ""type"": ""RecordType"",
    ""url"": ""/services/data/v61.0/sobjects/RecordType/012Hr0000008HfoIAE""
  },
  ""Id"": ""012Hr0000008HfoIAE"",
  ""Name"": ""ISP Office""
}","2026-04-18 11:35:55 AM","A0616520","WHITLOW & ASSOCIATES, LLC #4291"
"salesoffice","","","FALSE","NORTH CAROLINA GRAD. SERV. INC #1632","1031 CHAPEL HILL RD (27215) P. O. BOX 977","Burlington","North Carolina","27216","United States","36.07005","-79.43506","","{
  ""city"": ""Burlington"",
  ""country"": ""United States"",
  ""countryCode"": ""US"",
  ""geocodeAccuracy"": null,
  ""latitude"": 36.07005,
  ""longitude"": -79.43506,
  ""postalCode"": ""27216"",
  ""state"": ""North Carolina"",
  ""stateCode"": ""NC"",
  ""street"": ""1031 CHAPEL HILL RD (27215) P. O. BOX 977""
}","1031 CHAPEL HILL RD","Burlington","North Carolina","27215","United States","","","","{
  ""city"": ""Burlington"",
  ""country"": ""United States"",
  ""countryCode"": ""US"",
  ""geocodeAccuracy"": null,
  ""latitude"": null,
  ""longitude"": null,
  ""postalCode"": ""27215"",
  ""state"": ""North Carolina"",
  ""stateCode"": ""NC"",
  ""street"": ""1031 CHAPEL HILL RD""
}","3362287770","","/services/images/photo/001Hr00001qVdf6IAC","","","","2023-10-10 12:02:56 PM","2026-03-23 12:25:54 PM","2026-04-01 1:03:49 PM","2026-04-01","","","TRUE","","","","","","","FALSE","FALSE","","FALSE","","","","","1632","K12 Scholastic","","North Carolina - Burlington","","","","","","","","","","","","","East","","","","","","","","","","","001Hr00001qVdf6IAC","","","","","","","","","","","","","","","","","879565","","4575868.042","81","27","","1994-07-01","32","","Hall of Fame","","","","","","","","","","","","","","","","","","","","","","","","","","","","","","","","","","","","","","","","","","","","","","","","","","","","","","","","","","","","","","","","","","","","","","","","","","","","","","","36.0700382","-79.43506","","","","","","","","","","","","","","","","","","","","","","","","","","","","","","","","","","","","","","","001Hr00001qVdf6IAC","Active","","0","FALSE","1899-12-30","","county summary query/Acct_Rcvbl_Nbr in* 'VALUE(Customer_Number__c)'","","","0","FALSE","FALSE","FALSE","","","","","","FALSE","{
  ""attributes"": {
    ""type"": ""RecordType"",
    ""url"": ""/services/data/v61.0/sobjects/RecordType/012Hr0000008HfoIAE""
  },
  ""Id"": ""012Hr0000008HfoIAE"",
  ""Name"": ""ISP Office""
}","2026-04-18 11:35:55 AM","A0616521","NORTH CAROLINA GRAD. SERV. INC #1632"
"salesoffice","","","FALSE","RODNEY A. WILLIAMS #1926","1400 SANDERS DR","Auburn","Indiana","46706","United States","41.36095","-85.03508","","{
  ""city"": ""Auburn"",
  ""country"": ""United States"",
  ""countryCode"": ""US"",
  ""geocodeAccuracy"": null,
  ""latitude"": 41.36095,
  ""longitude"": -85.03508,
  ""postalCode"": ""46706"",
  ""state"": ""Indiana"",
  ""stateCode"": ""IN"",
  ""street"": ""1400 SANDERS DR""
}","510 North Street","Auburn","Indiana","46706","United States","","","","{
  ""city"": ""Auburn"",
  ""country"": ""United States"",
  ""countryCode"": ""US"",
  ""geocodeAccuracy"": null,
  ""latitude"": null,
  ""longitude"": null,
  ""postalCode"": ""46706"",
  ""state"": ""Indiana"",
  ""stateCode"": ""IN"",
  ""street"": ""510 North Street""
}","2609270672","","/services/images/photo/001Hr00001qVdf8IAC","","","","2023-10-10 12:02:56 PM","2026-03-23 11:57:00 AM","2026-04-16 11:10:36 AM","2026-04-16","","","TRUE","","","","","","","FALSE","FALSE","","FALSE","","","","","1926","K12 Scholastic","","Indiana - Auburn","","","","","","","","","","","","","East","","","","","","","","","","","001Hr00001qVdf8IAC","","","","","","","","","","","","","","","","","784458","","3415359.153","49","15","","2000-08-01","26","","Golden Eagle","","","","","","","","","","","","","","","","","","","","","","","","","","","","","","","","","","","","","","","","","","","","","","","","","","","","","","","","","","","","","","","","","","","","","","","","","","","","","","","41.3609483","-85.0349144","","","","","","","","","","","","","","","","","","","","","","","","","","","","","","","","","","","","","","","001Hr00001qVdf8IAC","Active","","0","FALSE","1899-12-30","","county summary query/Acct_Rcvbl_Nbr in* 'VALUE(Customer_Number__c)'","","","0","FALSE","FALSE","FALSE","","","","","","FALSE","{
  ""attributes"": {
    ""type"": ""RecordType"",
    ""url"": ""/services/data/v61.0/sobjects/RecordType/012Hr0000008HfoIAE""
  },
  ""Id"": ""012Hr0000008HfoIAE"",
  ""Name"": ""ISP Office""
}","2026-04-18 11:35:55 AM","A0616522","RODNEY A. WILLIAMS #1926"
"salesoffice","","","FALSE","ALAN WILLIAMS #0788","204 NORTH MIDKIFF DR","Midland","Texas","79701-6255","United States","31.99029","-102.11506","","{
  ""city"": ""Midland"",
  ""country"": ""United States"",
  ""countryCode"": ""US"",
  ""geocodeAccuracy"": null,
  ""latitude"": 31.99029,
  ""longitude"": -102.11506,
  ""postalCode"": ""79701-6255"",
  ""state"": ""Texas"",
  ""stateCode"": ""TX"",
  ""street"": ""204 NORTH MIDKIFF DR""
}","204 NORTH MIDKIFF DR","Midland","Texas","79701-6255","United States","","","","{
  ""city"": ""Midland"",
  ""country"": ""United States"",
  ""countryCode"": ""US"",
  ""geocodeAccuracy"": null,
  ""latitude"": null,
  ""longitude"": null,
  ""postalCode"": ""79701-6255"",
  ""state"": ""Texas"",
  ""stateCode"": ""TX"",
  ""street"": ""204 NORTH MIDKIFF DR""
}","4326943013","","/services/images/photo/001Hr00001qVdf9IAC","","","","2023-10-10 12:02:56 PM","2026-03-11 10:19:25 AM","2026-03-11 10:19:25 AM","2025-05-11","","","TRUE","","","","","","","FALSE","FALSE","","FALSE","","","","","0788","K12 Scholastic","","Texas - Midland","","","","","","","","","","","","","West","","","","","","","","","","","001Hr00001qVdf9IAC","","","","","","","","","","","","","","","","","44132","","471760.9812","4","11","","","","","Hall of Fame","","","","","","","","","","","","","","","","","","","","","","","","","","","","","","","","","","","","","","","","","","","","","","","","","","","","","","","","","","","","","","","","","","","","","","","","","","","","","","","31.990290","-102.115063","","","","","","","","","","","","","","","","","","","","","","","","","","","","","","","","","","","","","","","001Hr00001qVdf9IAC","Active","","0","FALSE","1899-12-30","","county summary query/Acct_Rcvbl_Nbr in* 'VALUE(Customer_Number__c)'","","","0","TRUE","FALSE","FALSE","","","","","","FALSE","{
  ""attributes"": {
    ""type"": ""RecordType"",
    ""url"": ""/services/data/v61.0/sobjects/RecordType/012Hr0000008HfoIAE""
  },
  ""Id"": ""012Hr0000008HfoIAE"",
  ""Name"": ""ISP Office""
}","2026-04-18 11:35:55 AM","A0616523","ALAN WILLIAMS #0788"
"salesoffice","","","FALSE","WREN LANFORD INCORPORATED #1949","1108-B N 12TH AVE","Pensacola","Florida","32501","United States","30.42702","-87.20305","","{
  ""city"": ""Pensacola"",
  ""country"": ""United States"",
  ""countryCode"": ""US"",
  ""geocodeAccuracy"": null,
  ""latitude"": 30.42702,
  ""longitude"": -87.20305,
  ""postalCode"": ""32501"",
  ""state"": ""Florida"",
  ""stateCode"": ""FL"",
  ""street"": ""1108-B N 12TH AVE""
}","1108-B N 12TH AVE","Pensacola","Florida","32501","United States","","","","{
  ""city"": ""Pensacola"",
  ""country"": ""United States"",
  ""countryCode"": ""US"",
  ""geocodeAccuracy"": null,
  ""latitude"": null,
  ""longitude"": null,
  ""postalCode"": ""32501"",
  ""state"": ""Florida"",
  ""stateCode"": ""FL"",
  ""street"": ""1108-B N 12TH AVE""
}","8504327464","","/services/images/photo/001Hr00001qVdfDIAS","","","","2023-10-10 12:02:56 PM","2026-03-23 12:04:16 PM","2026-03-26 1:01:37 PM","2026-03-26","","","TRUE","","","","","","","FALSE","FALSE","","FALSE","","","","","1949","K12 Scholastic","","Florida - Pensacola","","","","","","","","","","","","","East","","","","","","","","","","","001Hr00001qVdfDIAS","","","","","","","","","","","","","","","","","1367518","","2898423.175","62","37","","2023-05-23","3","","Hall of Fame","","","","","","","","","","","","","","","","","","","","","","","","","","","","","","","","","","","","","","","","","","","","","","","","","","","","","","","","","","","","","","","","","","","","","","","","","","","","","","","30.4270132","-87.2031021","","","","","","","","","","","","","","","","","","","","","","","","","","","","","","","","","","","","","","","001Hr00001qVdfDIAS","Active","","0","FALSE","1899-12-30","","county summary query/Acct_Rcvbl_Nbr in* 'VALUE(Customer_Number__c)'","","","0","FALSE","FALSE","TRUE","Danielle Summers","","","","","FALSE","{
  ""attributes"": {
    ""type"": ""RecordType"",
    ""url"": ""/services/data/v61.0/sobjects/RecordType/012Hr0000008HfoIAE""
  },
  ""Id"": ""012Hr0000008HfoIAE"",
  ""Name"": ""ISP Office""
}","2026-04-18 11:35:55 AM","A0616524","WREN LANFORD INCORPORATED #1949"
"salesoffice","","","FALSE","VARSITY GRADUATION SERVICES LLC #4252","115 NORTH PINE STREET","Spring Hope","North Carolina","27882","United States","35.94465","-78.11198","","{
  ""city"": ""Spring Hope"",
  ""country"": ""United States"",
  ""countryCode"": ""US"",
  ""geocodeAccuracy"": null,
  ""latitude"": 35.94465,
  ""longitude"": -78.11198,
  ""postalCode"": ""27882"",
  ""state"": ""North Carolina"",
  ""stateCode"": ""NC"",
  ""street"": ""115 NORTH PINE STREET""
}","115 NORTH PINE STREET","Spring Hope","North Carolina","27882","United States","","","","{
  ""city"": ""Spring Hope"",
  ""country"": ""United States"",
  ""countryCode"": ""US"",
  ""geocodeAccuracy"": null,
  ""latitude"": null,
  ""longitude"": null,
  ""postalCode"": ""27882"",
  ""state"": ""North Carolina"",
  ""stateCode"": ""NC"",
  ""street"": ""115 NORTH PINE STREET""
}","2524783146","","/services/images/photo/001Hr00001qVdfEIAS","","","","2023-10-10 12:02:56 PM","2026-03-23 12:25:45 PM","2026-04-01 1:04:55 PM","2026-04-01","","","TRUE","","","","","","","FALSE","FALSE","","FALSE","","","","","4252","K12 Scholastic","","North Carolina - Spring Hope","","","","","","","","","","","","","East","","","","","","","","","","","001Hr00001qVdfEIAS","","","","","","","","","","","","","","","","","323880","","2771602.657","38","12.1","","2016-07-01","10","","","","","","","","","","","","","","","","","","","","","","","","","","","","","","","","","","","","","","","","","","","","","","","","","","","","","","","","","","","","","","","","","","","","","","","","","","","","","","","","","35.9445661","-78.112109","","","","","","","","","","","","","","","","","","","","","","","","","","","","","","","","","","","","","","","001Hr00001qVdfEIAS","Active","","0","FALSE","1899-12-30","","county summary query/Acct_Rcvbl_Nbr in* 'VALUE(Customer_Number__c)'","","","0","FALSE","FALSE","FALSE","","","","","","FALSE","{
  ""attributes"": {
    ""type"": ""RecordType"",
    ""url"": ""/services/data/v61.0/sobjects/RecordType/012Hr0000008HfoIAE""
  },
  ""Id"": ""012Hr0000008HfoIAE"",
  ""Name"": ""ISP Office""
}","2026-04-18 11:35:55 AM","A0616525","VARSITY GRADUATION SERVICES LLC #4252"
"salesoffice","","","FALSE","ROSS ATKINSON #0049","356 ALEX DONER DR","Newmarket On","Ontario","L3X 1E9","Canada","44.04467","-79.49996","","{
  ""city"": ""Newmarket On"",
  ""country"": ""Canada"",
  ""countryCode"": ""CA"",
  ""geocodeAccuracy"": null,
  ""latitude"": 44.04467,
  ""longitude"": -79.49996,
  ""postalCode"": ""L3X 1E9"",
  ""state"": ""Ontario"",
  ""stateCode"": ""ON"",
  ""street"": ""356 ALEX DONER DR""
}","356 ALEX DONER DR","Newmarket On","Ontario","L3X 1E9","Canada","","","","{
  ""city"": ""Newmarket On"",
  ""country"": ""Canada"",
  ""countryCode"": ""CA"",
  ""geocodeAccuracy"": null,
  ""latitude"": null,
  ""longitude"": null,
  ""postalCode"": ""L3X 1E9"",
  ""state"": ""Ontario"",
  ""stateCode"": ""ON"",
  ""street"": ""356 ALEX DONER DR""
}","4165201120","","/services/images/photo/001Hr00001qVdfFIAS","","","","2023-10-10 12:02:56 PM","2026-03-26 12:46:44 PM","2026-03-30 3:01:25 PM","2026-03-30","","","TRUE","","","","","","","FALSE","FALSE","","FALSE","","","","","0049","K12 Scholastic","","Ontario - Newmarket On","","","","","","","","","","","","","East","","","","","","","","","","","001Hr00001qVdfFIAS","","","","","","","","","","","","","","","","","74945","","13449246.68","12","2","","1988-01-15","39","","Hall of Fame","","","","","","","","","","","","","","","","","","","","","","","","","","","","","","","","","","","","","","","","","","","","","","","","","","","","","","","","","","","","","","","","","","","","","","","","","","","","","","","44.044673","-79.499958","","","","","","","","","","","","","","","","","","","","","","","","","","","","","","","","","","","","","","","001Hr00001qVdfFIAS","Active","","0","TRUE","1899-12-30","","county summary query/Acct_Rcvbl_Nbr in* 'VALUE(Customer_Number__c)'","","","0","FALSE","FALSE","FALSE","","","","","","FALSE","{
  ""attributes"": {
    ""type"": ""RecordType"",
    ""url"": ""/services/data/v61.0/sobjects/RecordType/012Hr0000008HfoIAE""
  },
  ""Id"": ""012Hr0000008HfoIAE"",
  ""Name"": ""ISP Office""
}","2026-04-18 11:35:55 AM","A0616526","ROSS ATKINSON #0049"
"salesoffice","","","FALSE","REID E. GRUNSTEN #1986","51, 15688-28TH AVENUE","Surrey, Bc","British Columbia","V3Z 0N1","Canada","49.0526651","-122.7876543","","{
  ""city"": ""Surrey, Bc"",
  ""country"": ""Canada"",
  ""countryCode"": ""CA"",
  ""geocodeAccuracy"": null,
  ""latitude"": 49.0526651,
  ""longitude"": -122.7876543,
  ""postalCode"": ""V3Z 0N1"",
  ""state"": ""British Columbia"",
  ""stateCode"": ""BC"",
  ""street"": ""51, 15688-28TH AVENUE""
}","51, 15688-28TH AVENUE","Surrey, Bc","Ontario","V3Z 0N1","Canada","","","","{
  ""city"": ""Surrey, Bc"",
  ""country"": ""Canada"",
  ""countryCode"": ""CA"",
  ""geocodeAccuracy"": null,
  ""latitude"": null,
  ""longitude"": null,
  ""postalCode"": ""V3Z 0N1"",
  ""state"": ""Ontario"",
  ""stateCode"": ""ON"",
  ""street"": ""51, 15688-28TH AVENUE""
}","7782281383","","/services/images/photo/001Hr00001qVdfGIAS","","","","2023-10-10 12:02:56 PM","2026-03-26 12:46:44 PM","2026-03-30 9:43:47 AM","2026-03-30","","","TRUE","","","","","","","FALSE","FALSE","","FALSE","","","","","1986","K12 Scholastic","","Ontario - Surrey, Bc","","","","","","","","","","","","","West","","","","","","","","","","","001Hr00001qVdfGIAS","","","","","","","","","","","","","","","","","357390","","26526273.26","78","10","","2004-07-01","22","","Pinnacle","","","","","","","","","","","","","","","","","","","","","","","","","","","","","","","","","","","","","","","","","","","","","","","","","","","","","","","","","","","","","","","","","","","","","","","","","","","","","","","49.051979","-122.7883971","","","","","","","","","","","","","","","","","","","","","","","","","","","","","","","","","","","","","","","001Hr00001qVdfGIAS","Active","","0","TRUE","1899-12-30","","county summary query/Acct_Rcvbl_Nbr in* 'VALUE(Customer_Number__c)'","","","0","TRUE","FALSE","FALSE","","","","","","FALSE","{
  ""attributes"": {
    ""type"": ""RecordType"",
    ""url"": ""/services/data/v61.0/sobjects/RecordType/012Hr0000008HfoIAE""
  },
  ""Id"": ""012Hr0000008HfoIAE"",
  ""Name"": ""ISP Office""
}","2026-04-18 11:35:55 AM","A0616527","REID E. GRUNSTEN #1986"
"salesoffice","","","FALSE","YEARBOOKPLANET, INC. #0653","43 BRASSWINDS COURT","Woodbridge On","Ontario","L4L 9C6","Canada","43.78047","-79.61737","","{
  ""city"": ""Woodbridge On"",
  ""country"": ""Canada"",
  ""countryCode"": ""CA"",
  ""geocodeAccuracy"": null,
  ""latitude"": 43.78047,
  ""longitude"": -79.61737,
  ""postalCode"": ""L4L 9C6"",
  ""state"": ""Ontario"",
  ""stateCode"": ""ON"",
  ""street"": ""43 BRASSWINDS COURT""
}","43 BRASSWINDS COURT","Woodbridge On","Ontario","L4L 9C6","Canada","","","","{
  ""city"": ""Woodbridge On"",
  ""country"": ""Canada"",
  ""countryCode"": ""CA"",
  ""geocodeAccuracy"": null,
  ""latitude"": null,
  ""longitude"": null,
  ""postalCode"": ""L4L 9C6"",
  ""state"": ""Ontario"",
  ""stateCode"": ""ON"",
  ""street"": ""43 BRASSWINDS COURT""
}","9056051069","","/services/images/photo/001Hr00001qVdfHIAS","","","","2023-10-10 12:02:56 PM","2026-03-26 12:46:44 PM","2026-03-26 12:46:44 PM","","","","TRUE","","","","","","","FALSE","FALSE","","FALSE","","","","","0653","K12 Scholastic","","Ontario - Woodbridge On","","","","","","","","","","","","","East","","","","","","","","","","","001Hr00001qVdfHIAS","","","","","","","","","","","","","","","","","7449","","10477089.61","1","2","","2000-06-01","26","","Hall of Fame","","","","","","","","","","","","","","","","","","","","","","","","","","","","","","","","","","","","","","","","","","","","","","","","","","","","","","","","","","","","","","","","","","","","","","","","","","","","","","","43.7804652","-79.6173544","","","","","","","","","","","","","","","","","","","","","","","","","","","","","","","","","","","","","","","001Hr00001qVdfHIAS","Active","","0","TRUE","1899-12-30","","county summary query/Acct_Rcvbl_Nbr in* 'VALUE(Customer_Number__c)'","","","0","FALSE","FALSE","FALSE","","","","","","FALSE","{
  ""attributes"": {
    ""type"": ""RecordType"",
    ""url"": ""/services/data/v61.0/sobjects/RecordType/012Hr0000008HfoIAE""
  },
  ""Id"": ""012Hr0000008HfoIAE"",
  ""Name"": ""ISP Office""
}","2026-04-18 11:35:55 AM","A0616528","YEARBOOKPLANET, INC. #0653"