200,7806040,0096780604080,76780604001,,EA,25,2025-08-28,,,,,,,,,,,,,,,,,,,,,
200,7806040,0096780604080,76780604002,,EA,0,2025-08-25,,,,,,,,,,,,,,,,,,,,,
200,7712278,0096771227810,76771227801,,EA,0,2026-10-01,,,,,,,,,,,,,,,,,,,,,
200,7712278,0096771227820,76771227802,,EA,0,2026-10-01,,,,,,,,,,,,,,,,,,,,,
200,7712278,0096771227830,76771227803,,EA,0,2026-10-01,,,,,,,,,,,,,,,,,,,,,
200,7712276,0096771227610,76771227601,,EA,0,2026-10-08,,,,,,,,,,,,,,,,,,,,,
200,7712276,0096771227620,76771227602,,EA,0,2026-10-29,,,,,,,,,,,,,,,,,,,,,
200,7712276,0096771227630,76771227603,,EA,0,2026-10-01,,,,,,,,,,,,,,,,,,,,,
200,7712276,0096771227640,76771227604,,EA,0,2026-09-24,,,,,,,,,,,,,,,,,,,,,
200,7712276,0096771227650,76771227605,,EA,0,2026-10-01,,,,,,,,,,,,,,,,,,,,,
200,7712276,0096771227660,76771227606,,EA,0,2026-10-01,,,,,,,,,,,,,,,,,,,,,
200,7712276,0096771227670,76771227607,,EA,0,2026-10-01,,,,,,,,,,,,,,,,,,,,,
200,7712276,0096771227680,76771227608,,EA,0,2026-10-22,,,,,,,,,,,,,,,,,,,,,
200,7712276,0096771227690,76771227609,,EA,0,2026-10-01,,,,,,,,,,,,,,,,,,,,,
200,7712275,0096771227510,76771227501,,EA,0,2026-09-18,,,,,,,,,,,,,,,,,,,,,
200,7712275,0096771227520,76771227502,,EA,0,2026-09-18,,,,,,,,,,,,,,,,,,,,,
200,7712275,0096771227530,76771227503,,EA,0,2026-09-18,,,,,,,,,,,,,,,,,,,,,
200,7712275,0096771227540,76771227504,,EA,0,2026-09-18,,,,,,,,,,,,,,,,,,,,,
200,7712275,0096771227550,76771227505,,EA,0,2026-09-18,,,,,,,,,,,,,,,,,,,,,
200,7712275,0096771227560,76771227506,,EA,0,2026-09-18,,,,,,,,,,,,,,,,,,,,,
200,7712275,0096771227570,76771227507,,EA,0,2026-09-18,,,,,,,,,,,,,,,,,,,,,
200,7712275,0096771227580,76771227508,,EA,0,2026-09-18,,,,,,,,,,,,,,,,,,,,,
200,7712275,0096771227590,76771227509,,EA,0,2026-09-18,,,,,,,,,,,,,,,,,,,,,
200,7712275,00967712275100,767712275010,,EA,0,2026-09-18,,,,,,,,,,,,,,,,,,,,,
200,7712274,0096771227410,76771227401,,EA,0,2026-10-28,,,,,,,,,,,,,,,,,,,,,
200,7712273,0096771227310,76771227301,,EA,0,2026-09-18,,,,,,,,,,,,,,,,,,,,,
200,7712273,0096771227320,76771227302,,EA,0,2026-09-18,,,,,,,,,,,,,,,,,,,,,
200,7712273,0096771227330,76771227303,,EA,0,2026-09-18,,,,,,,,,,,,,,,,,,,,,
200,7712273,0096771227340,76771227304,,EA,0,2026-09-18,,,,,,,,,,,,,,,,,,,,,
200,7712273,0096771227350,76771227305,,EA,0,2026-09-18,,,,,,,,,,,,,,,,,,,,,
200,7712273,0096771227360,76771227306,,EA,0,2026-09-18,,,,,,,,,,,,,,,,,,,,,
200,7712272,0096771227210,76771227201,,EA,0,2026-09-15,,,,,,,,,,,,,,,,,,,,,
200,7712271,0096771227110,76771227101,,EA,0,2026-12-04,,,,,,,,,,,,,,,,,,,,,
200,7712271,0096771227120,76771227102,,EA,0,2026-12-04,,,,,,,,,,,,,,,,,,,,,
200,7712270,0096771227010,76771227001,,EA,0,2026-12-11,,,,,,,,,,,,,,,,,,,,,
200,7712270,0096771227020,76771227002,,EA,0,2026-11-20,,,,,,,,,,,,,,,,,,,,,
200,7712269,0096771226910,76771226901,,EA,0,2027-01-01,,,,,,,,,,,,,,,,,,,,,
200,7712269,0096771226920,76771226902,,EA,0,2027-01-01,,,,,,,,,,,,,,,,,,,,,
200,7712269,0096771226930,76771226903,,EA,0,2027-01-01,,,,,,,,,,,,,,,,,,,,,
200,7712269,0096771226940,76771226904,,EA,0,2026-12-18,,,,,,,,,,,,,,,,,,,,,
200,7712269,0096771226950,76771226905,,EA,0,2027-01-01,,,,,,,,,,,,,,,,,,,,,
200,7712269,0096771226960,76771226906,,EA,0,2027-01-01,,,,,,,,,,,,,,,,,,,,,
200,7712269,0096771226970,76771226907,,EA,0,2027-01-01,,,,,,,,,,,,,,,,,,,,,
200,7712269,0096771226980,76771226908,,EA,0,2026-12-04,,,,,,,,,,,,,,,,,,,,,
200,7712269,0096771226990,76771226909,,EA,0,2027-01-01,,,,,,,,,,,,,,,,,,,,,
200,7712268,0096771226810,76771226801,,EA,0,2026-10-02,,,,,,,,,,,,,,,,,,,,,
200,7712267,0096771226710,76771226701,,EA,0,2026-11-20,,,,,,,,,,,,,,,,,,,,,
200,7712267,0096771226720,76771226702,,EA,0,2026-12-11,,,,,,,,,,,,,,,,,,,,,
200,7712266,0096771226610,76771226601,,EA,0,2026-09-18,,,,,,,,,,,,,,,,,,,,,
200,7712266,0096771226620,76771226602,,EA,0,2026-09-18,,,,,,,,,,,,,,,,,,,,,
200,7712266,0096771226630,76771226603,,EA,0,2026-09-18,,,,,,,,,,,,,,,,,,,,,
200,7712266,0096771226640,76771226604,,EA,0,2026-09-18,,,,,,,,,,,,,,,,,,,,,
200,7712266,0096771226650,76771226605,,EA,0,2026-09-18,,,,,,,,,,,,,,,,,,,,,
200,7712265,0096771226510,76771226501,,EA,0,2026-10-23,,,,,,,,,,,,,,,,,,,,,
200,7712264,0096771226410,76771226401,,EA,0,2026-09-18,,,,,,,,,,,,,,,,,,,,,
200,7712264,0096771226420,76771226402,,EA,0,2026-09-18,,,,,,,,,,,,,,,,,,,,,
200,7712264,0096771226430,76771226403,,EA,0,2026-09-18,,,,,,,,,,,,,,,,,,,,,
200,7712264,0096771226440,76771226404,,EA,0,2026-09-18,,,,,,,,,,,,,,,,,,,,,
200,7712264,0096771226450,76771226405,,EA,0,2026-09-18,,,,,,,,,,,,,,,,,,,,,
200,7712264,0096771226460,76771226406,,EA,0,2026-09-18,,,,,,,,,,,,,,,,,,,,,
200,7712264,0096771226470,76771226407,,EA,0,2026-09-18,,,,,,,,,,,,,,,,,,,,,
200,7712263,0096771226310,76771226301,,EA,0,2026-09-18,,,,,,,,,,,,,,,,,,,,,
200,7712263,0096771226320,76771226302,,IN,0,2026-09-22,,,,,,,,,,,,,,,,,,,,,
200,7712263,0096771226330,76771226303,,IN,0,2026-10-07,,,,,,,,,,,,,,,,,,,,,
200,7712263,0096771226340,76771226304,,IN,0,2026-09-18,,,,,,,,,,,,,,,,,,,,,
200,7712263,0096771226350,76771226305,,IN,0,2026-09-18,,,,,,,,,,,,,,,,,,,,,
200,7712263,0096771226360,76771226306,,IN,0,2026-09-18,,,,,,,,,,,,,,,,,,,,,
200,7712263,0096771226370,76771226307,,IN,0,2026-09-18,,,,,,,,,,,,,,,,,,,,,
200,7712263,0096771226380,76771226308,,IN,0,2026-09-28,,,,,,,,,,,,,,,,,,,,,
200,7712263,0096771226390,76771226309,,IN,0,2026-09-23,,,,,,,,,,,,,,,,,,,,,
200,7712262,0096771226210,76771226201,,EA,0,2026-12-18,,,,,,,,,,,,,,,,,,,,,
200,7712262,0096771226220,76771226202,,EA,0,2026-12-18,,,,,,,,,,,,,,,,,,,,,
200,7712262,0096771226230,76771226203,,EA,0,2026-12-18,,,,,,,,,,,,,,,,,,,,,
200,7712262,0096771226240,76771226204,,EA,0,2026-12-18,,,,,,,,,,,,,,,,,,,,,
200,7712262,0096771226250,76771226205,,EA,0,2026-12-18,,,,,,,,,,,,,,,,,,,,,
200,7712262,0096771226260,76771226206,,EA,0,2026-12-18,,,,,,,,,,,,,,,,,,,,,
200,7712262,0096771226270,76771226207,,EA,0,2026-12-18,,,,,,,,,,,,,,,,,,,,,
200,7712262,0096771226280,76771226208,,EA,0,2026-12-18,,,,,,,,,,,,,,,,,,,,,
200,7712262,0096771226290,76771226209,,EA,0,2026-12-18,,,,,,,,,,,,,,,,,,,,,
200,7712262,00967712262100,767712262010,,EA,0,2026-12-18,,,,,,,,,,,,,,,,,,,,,
200,7712262,00967712262110,767712262011,,EA,0,2026-12-18,,,,,,,,,,,,,,,,,,,,,
200,7712262,00967712262120,767712262012,,EA,0,2026-12-18,,,,,,,,,,,,,,,,,,,,,
200,7712262,00967712262130,767712262013,,EA,0,2026-12-18,,,,,,,,,,,,,,,,,,,,,
200,7712262,00967712262140,767712262014,,EA,0,2026-12-18,,,,,,,,,,,,,,,,,,,,,
200,7712262,00967712262150,767712262015,,EA,0,2026-12-18,,,,,,,,,,,,,,,,,,,,,
200,7712262,00967712262160,767712262016,,EA,0,2026-12-18,,,,,,,,,,,,,,,,,,,,,
200,7712262,00967712262170,767712262017,,EA,0,2026-12-18,,,,,,,,,,,,,,,,,,,,,
200,7712262,00967712262180,767712262018,,EA,0,2026-12-18,,,,,,,,,,,,,,,,,,,,,
200,7712262,00967712262190,767712262019,,EA,0,2026-12-18,,,,,,,,,,,,,,,,,,,,,
200,7712262,00967712262200,767712262020,,EA,0,2026-12-18,,,,,,,,,,,,,,,,,,,,,
200,7712262,00967712262210,767712262021,,EA,0,2026-12-18,,,,,,,,,,,,,,,,,,,,,
200,7712262,00967712262220,767712262022,,EA,0,2026-12-18,,,,,,,,,,,,,,,,,,,,,
200,7712262,00967712262230,767712262023,,EA,0,2026-12-18,,,,,,,,,,,,,,,,,,,,,
200,7712262,00967712262240,767712262024,,EA,0,2026-12-18,,,,,,,,,,,,,,,,,,,,,
200,7712262,00967712262250,767712262025,,EA,0,2026-12-18,,,,,,,,,,,,,,,,,,,,,
200,7712262,00967712262260,767712262026,,EA,0,2026-12-18,,,,,,,,,,,,,,,,,,,,,
200,7712262,00967712262270,767712262027,,EA,0,2026-12-18,,,,,,,,,,,,,,,,,,,,,
200,7712262,00967712262280,767712262028,,EA,0,2026-12-18,,,,,,,,,,,,,,,,,,,,,
200,7712262,00967712262290,767712262029,,EA,0,2026-12-18,,,,,,,,,,,,,,,,,,,,,
200,7712262,00967712262300,767712262030,,EA,0,2026-12-18,,,,,,,,,,,,,,,,,,,,,
200,7712261,0096771226110,76771226101,,EA,0,2026-12-18,,,,,,,,,,,,,,,,,,,,,
200,7712261,0096771226120,76771226102,,EA,0,2026-12-18,,,,,,,,,,,,,,,,,,,,,
200,7712261,0096771226130,76771226103,,EA,0,2026-12-18,,,,,,,,,,,,,,,,,,,,,
200,7712261,0096771226140,76771226104,,EA,0,2026-12-18,,,,,,,,,,,,,,,,,,,,,
200,7712261,0096771226150,76771226105,,EA,0,2026-12-18,,,,,,,,,,,,,,,,,,,,,
200,7712261,0096771226160,76771226106,,EA,0,2026-12-18,,,,,,,,,,,,,,,,,,,,,
200,7712261,0096771226170,76771226107,,EA,0,2026-12-18,,,,,,,,,,,,,,,,,,,,,
200,7712261,0096771226180,76771226108,,EA,0,2026-12-18,,,,,,,,,,,,,,,,,,,,,
200,7712261,0096771226190,76771226109,,EA,0,2026-12-18,,,,,,,,,,,,,,,,,,,,,
200,7712261,00967712261100,767712261010,,EA,0,2026-12-18,,,,,,,,,,,,,,,,,,,,,
200,7712261,00967712261110,767712261011,,EA,0,2026-12-18,,,,,,,,,,,,,,,,,,,,,
200,7712261,00967712261120,767712261012,,EA,0,2026-12-18,,,,,,,,,,,,,,,,,,,,,
200,7712261,00967712261130,767712261013,,EA,0,2026-12-18,,,,,,,,,,,,,,,,,,,,,
200,7712261,00967712261140,767712261014,,EA,0,2026-12-18,,,,,,,,,,,,,,,,,,,,,
200,7712261,00967712261150,767712261015,,EA,0,2026-12-18,,,,,,,,,,,,,,,,,,,,,
200,7712261,00967712261160,767712261016,,EA,0,2026-12-18,,,,,,,,,,,,,,,,,,,,,
200,7712261,00967712261170,767712261017,,EA,0,2026-12-18,,,,,,,,,,,,,,,,,,,,,
200,7712261,00967712261180,767712261018,,EA,0,2026-12-18,,,,,,,,,,,,,,,,,,,,,
200,7712261,00967712261190,767712261019,,EA,0,2026-12-18,,,,,,,,,,,,,,,,,,,,,
200,7712261,00967712261200,767712261020,,EA,0,2026-12-18,,,,,,,,,,,,,,,,,,,,,
200,7712261,00967712261210,767712261021,,EA,0,2026-12-18,,,,,,,,,,,,,,,,,,,,,
200,7712261,00967712261220,767712261022,,EA,0,2026-12-18,,,,,,,,,,,,,,,,,,,,,
200,7712261,00967712261230,767712261023,,EA,0,2026-12-18,,,,,,,,,,,,,,,,,,,,,
200,7712261,00967712261240,767712261024,,EA,0,2026-12-18,,,,,,,,,,,,,,,,,,,,,
200,7712261,00967712261250,767712261025,,EA,0,2026-12-18,,,,,,,,,,,,,,,,,,,,,
200,7712261,00967712261260,767712261026,,EA,0,2026-12-18,,,,,,,,,,,,,,,,,,,,,
200,7712261,00967712261270,767712261027,,EA,0,2026-12-18,,,,,,,,,,,,,,,,,,,,,
200,7712261,00967712261280,767712261028,,EA,0,2026-12-18,,,,,,,,,,,,,,,,,,,,,
200,7712261,00967712261290,767712261029,,EA,0,2026-12-18,,,,,,,,,,,,,,,,,,,,,
200,7712261,00967712261300,767712261030,,EA,0,2026-12-18,,,,,,,,,,,,,,,,,,,,,
200,7712261,00967712261310,767712261031,,EA,0,2026-12-18,,,,,,,,,,,,,,,,,,,,,
200,7712261,00967712261320,767712261032,,EA,0,2026-12-18,,,,,,,,,,,,,,,,,,,,,
200,7712261,00967712261330,767712261033,,EA,0,2026-12-18,,,,,,,,,,,,,,,,,,,,,
200,7712261,00967712261340,767712261034,,EA,0,2026-12-18,,,,,,,,,,,,,,,,,,,,,
200,7712261,00967712261350,767712261035,,EA,0,2026-12-18,,,,,,,,,,,,,,,,,,,,,
200,7712261,00967712261360,767712261036,,EA,0,2026-12-18,,,,,,,,,,,,,,,,,,,,,
200,7712261,00967712261370,767712261037,,EA,0,2026-12-18,,,,,,,,,,,,,,,,,,,,,
200,7712261,00967712261380,767712261038,,EA,0,2026-12-18,,,,,,,,,,,,,,,,,,,,,
200,7712260,0096771226010,76771226001,,EA,0,2026-12-18,,,,,,,,,,,,,,,,,,,,,
200,7712260,0096771226020,76771226002,,EA,0,2026-12-18,,,,,,,,,,,,,,,,,,,,,
200,7712260,0096771226030,76771226003,,EA,0,2026-12-18,,,,,,,,,,,,,,,,,,,,,
200,7712260,0096771226040,76771226004,,EA,0,2026-12-18,,,,,,,,,,,,,,,,,,,,,
200,7712260,0096771226050,76771226005,,EA,0,2026-12-18,,,,,,,,,,,,,,,,,,,,,
200,7712260,0096771226060,76771226006,,EA,0,2026-12-18,,,,,,,,,,,,,,,,,,,,,
200,7712260,0096771226070,76771226007,,EA,0,2026-12-18,,,,,,,,,,,,,,,,,,,,,
200,7712260,0096771226080,76771226008,,EA,0,2026-12-18,,,,,,,,,,,,,,,,,,,,,
200,7712260,0096771226090,76771226009,,EA,0,2026-12-18,,,,,,,,,,,,,,,,,,,,,
200,7712260,00967712260100,767712260010,,EA,0,2026-12-18,,,,,,,,,,,,,,,,,,,,,
200,7712260,00967712260110,767712260011,,EA,0,2026-12-18,,,,,,,,,,,,,,,,,,,,,
200,7712260,00967712260120,767712260012,,EA,0,2026-12-18,,,,,,,,,,,,,,,,,,,,,
200,7712260,00967712260130,767712260013,,EA,0,2026-12-18,,,,,,,,,,,,,,,,,,,,,
200,7712260,00967712260140,767712260014,,EA,0,2026-12-18,,,,,,,,,,,,,,,,,,,,,
200,7712260,00967712260150,767712260015,,EA,0,2026-12-18,,,,,,,,,,,,,,,,,,,,,
200,7712260,00967712260160,767712260016,,EA,0,2026-12-18,,,,,,,,,,,,,,,,,,,,,
200,7712260,00967712260170,767712260017,,EA,0,2026-12-18,,,,,,,,,,,,,,,,,,,,,
200,7712260,00967712260180,767712260018,,EA,0,2026-12-18,,,,,,,,,,,,,,,,,,,,,
200,7712260,00967712260190,767712260019,,EA,0,2026-12-18,,,,,,,,,,,,,,,,,,,,,
200,7712260,00967712260200,767712260020,,EA,0,2026-12-18,,,,,,,,,,,,,,,,,,,,,
200,7712259,0096771225910,76771225901,,EA,0,2026-12-18,,,,,,,,,,,,,,,,,,,,,
200,7712259,0096771225920,76771225902,,EA,0,2026-12-18,,,,,,,,,,,,,,,,,,,,,
200,7712259,0096771225930,76771225903,,EA,0,2026-12-18,,,,,,,,,,,,,,,,,,,,,
200,7712259,0096771225940,76771225904,,EA,0,2026-12-18,,,,,,,,,,,,,,,,,,,,,
200,7712259,0096771225950,76771225905,,EA,0,2026-12-18,,,,,,,,,,,,,,,,,,,,,
200,7712259,0096771225960,76771225906,,EA,0,2026-12-18,,,,,,,,,,,,,,,,,,,,,
200,7712259,0096771225970,76771225907,,EA,0,2026-12-18,,,,,,,,,,,,,,,,,,,,,
200,7712259,0096771225980,76771225908,,EA,0,2026-12-18,,,,,,,,,,,,,,,,,,,,,
200,7712259,0096771225990,76771225909,,EA,0,2026-12-18,,,,,,,,,,,,,,,,,,,,,
200,7712259,00967712259100,767712259010,,EA,0,2026-12-18,,,,,,,,,,,,,,,,,,,,,
200,7712259,00967712259110,767712259011,,EA,0,2026-12-18,,,,,,,,,,,,,,,,,,,,,
200,7712259,00967712259120,767712259012,,EA,0,2026-12-18,,,,,,,,,,,,,,,,,,,,,
200,7712259,00967712259130,767712259013,,EA,0,2026-12-18,,,,,,,,,,,,,,,,,,,,,
200,7712259,00967712259140,767712259014,,EA,0,2026-12-18,,,,,,,,,,,,,,,,,,,,,
200,7712259,00967712259150,767712259015,,EA,0,2026-12-18,,,,,,,,,,,,,,,,,,,,,
200,7712259,00967712259160,767712259016,,EA,0,2026-12-18,,,,,,,,,,,,,,,,,,,,,
200,7712259,00967712259170,767712259017,,EA,0,2026-12-18,,,,,,,,,,,,,,,,,,,,,
200,7712259,00967712259180,767712259018,,EA,0,2026-12-18,,,,,,,,,,,,,,,,,,,,,
200,7712259,00967712259190,767712259019,,EA,0,2026-12-18,,,,,,,,,,,,,,,,,,,,,
200,7712259,00967712259200,767712259020,,EA,0,2026-12-18,,,,,,,,,,,,,,,,,,,,,
200,7712259,00967712259210,767712259021,,EA,0,2026-12-18,,,,,,,,,,,,,,,,,,,,,
200,7712259,00967712259220,767712259022,,EA,0,2026-12-18,,,,,,,,,,,,,,,,,,,,,
200,7712258,0096771225810,76771225801,,EA,0,2026-09-24,,,,,,,,,,,,,,,,,,,,,
200,7712258,0096771225820,76771225802,,EA,0,2026-09-24,,,,,,,,,,,,,,,,,,,,,
200,7712258,0096771225830,76771225803,,EA,0,2026-09-24,,,,,,,,,,,,,,,,,,,,,
200,7712258,0096771225840,76771225804,,EA,0,2026-09-24,,,,,,,,,,,,,,,,,,,,,
200,7712258,0096771225850,76771225805,,EA,0,2026-09-24,,,,,,,,,,,,,,,,,,,,,
200,7712257,0096771225710,76771225701,,EA,0,2026-10-30,,,,,,,,,,,,,,,,,,,,,
200,7712256,0096771225610,76771225601,,EA,0,2026-10-30,,,,,,,,,,,,,,,,,,,,,
200,7712256,0096771225620,76771225602,,EA,0,2026-10-30,,,,,,,,,,,,,,,,,,,,,
200,7712256,0096771225630,76771225603,,EA,0,2026-10-30,,,,,,,,,,,,,,,,,,,,,
200,7712256,0096771225640,76771225604,,EA,0,2026-10-30,,,,,,,,,,,,,,,,,,,,,
200,7712255,0096771225510,76771225501,,EA,0,2026-09-17,,,,,,,,,,,,,,,,,,,,,
200,7712255,0096771225520,76771225502,,EA,0,2026-09-17,,,,,,,,,,,,,,,,,,,,,
200,7712254,0096771225410,76771225401,,EA,0,2026-10-15,,,,,,,,,,,,,,,,,,,,,
200,7712253,0096771225310,76771225301,,EA,0,2026-09-14,,,,,,,,,,,,,,,,,,,,,
200,7712253,0096771225320,76771225302,,EA,0,2026-09-14,,,,,,,,,,,,,,,,,,,,,
200,7712253,0096771225330,76771225303,,EA,0,2026-09-14,,,,,,,,,,,,,,,,,,,,,
200,7712253,0096771225340,76771225304,,EA,0,2026-09-14,,,,,,,,,,,,,,,,,,,,,
200,7712253,0096771225350,76771225305,,EA,0,2026-09-14,,,,,,,,,,,,,,,,,,,,,
200,7712253,0096771225360,76771225306,,EA,0,2026-09-14,,,,,,,,,,,,,,,,,,,,,
200,7712253,0096771225370,76771225307,,EA,0,2026-09-14,,,,,,,,,,,,,,,,,,,,,
200,7712253,0096771225380,76771225308,,EA,0,2026-09-14,,,,,,,,,,,,,,,,,,,,,
200,7712253,0096771225390,76771225309,,EA,0,2026-09-14,,,,,,,,,,,,,,,,,,,,,
200,7712253,00967712253100,767712253010,,EA,0,2026-09-14,,,,,,,,,,,,,,,,,,,,,
200,7712253,00967712253110,767712253011,,EA,0,2026-09-14,,,,,,,,,,,,,,,,,,,,,
200,7712252,0096771225220,76771225201,,EA,0,2026-10-01,,,,,,,,,,,,,,,,,,,,,
200,7712252,0096771225230,76771225202,,EA,0,2026-10-01,,,,,,,,,,,,,,,,,,,,,
200,7712252,0096771225240,76771225203,,EA,0,2026-10-01,,,,,,,,,,,,,,,,,,,,,
200,7712252,0096771225250,76771225204,,EA,0,2026-10-01,,,,,,,,,,,,,,,,,,,,,
200,7712252,0096771225260,76771225205,,EA,0,2026-10-01,,,,,,,,,,,,,,,,,,,,,
200,7712252,0096771225280,76771225206,,EA,0,2026-10-01,,,,,,,,,,,,,,,,,,,,,
200,7712252,0096771225290,76771225207,,EA,0,2026-10-15,,,,,,,,,,,,,,,,,,,,,
200,7712252,00967712252100,76771225208,,EA,0,2026-10-08,,,,,,,,,,,,,,,,,,,,,
200,7712252,00967712252110,76771225209,,EA,0,2026-10-01,,,,,,,,,,,,,,,,,,,,,
200,7712252,00967712252120,767712252010,,EA,0,2026-10-01,,,,,,,,,,,,,,,,,,,,,
200,7712252,00967712252130,767712252011,,EA,0,2026-10-01,,,,,,,,,,,,,,,,,,,,,
200,7712252,00967712252140,767712252012,,EA,0,2026-10-01,,,,,,,,,,,,,,,,,,,,,
200,7712252,00967712252150,767712252013,,EA,0,2026-10-01,,,,,,,,,,,,,,,,,,,,,
200,7712252,00967712252160,767712252014,,EA,0,2026-10-08,,,,,,,,,,,,,,,,,,,,,
200,7712251,0096771225110,76771225101,,EA,0,2026-10-30,,,,,,,,,,,,,,,,,,,,,
200,7712251,0096771225120,76771225102,,EA,2,2026-09-11,,,,,,,,,,,,,,,,,,,,,
200,7712251,0096771225130,76771225103,,EA,0,2026-10-30,,,,,,,,,,,,,,,,,,,,,
200,7712250,0096771225010,76771225001,,EA,0,2026-09-16,,,,,,,,,,,,,,,,,,,,,
200,7712249,0096771224910,76771224901,,EA,0,2026-09-11,,,,,,,,,,,,,,,,,,,,,
200,7712249,0096771224920,76771224902,,EA,0,2026-09-11,,,,,,,,,,,,,,,,,,,,,
200,7712249,0096771224930,76771224903,,EA,0,2026-09-11,,,,,,,,,,,,,,,,,,,,,
200,7712249,0096771224940,76771224904,,EA,0,2026-09-11,,,,,,,,,,,,,,,,,,,,,
200,7712248,0096771224810,76771224801,,EA,1,2026-09-11,,,,,,,,,,,,,,,,,,,,,
200,7712248,0096771224820,76771224802,,EA,1,2026-09-11,,,,,,,,,,,,,,,,,,,,,
200,7712248,0096771224830,76771224803,,EA,1,2026-09-11,,,,,,,,,,,,,,,,,,,,,
200,7712248,0096771224840,76771224804,,EA,1,2026-09-11,,,,,,,,,,,,,,,,,,,,,
200,7712247,0096771224710,76771224701,,EA,0,2026-09-11,,,,,,,,,,,,,,,,,,,,,
200,7712247,0096771224720,76771224702,,EA,0,2026-09-11,,,,,,,,,,,,,,,,,,,,,
200,7712247,0096771224730,76771224703,,EA,0,2026-09-11,,,,,,,,,,,,,,,,,,,,,
200,7712247,0096771224740,76771224704,,EA,0,2026-09-11,,,,,,,,,,,,,,,,,,,,,
200,7712247,0096771224750,76771224705,,EA,0,2026-09-11,,,,,,,,,,,,,,,,,,,,,
200,7712246,0096771224610,76771224601,,EA,0,2026-10-21,,,,,,,,,,,,,,,,,,,,,
200,7712245,0096771224510,76771224501,,EA,75,2026-09-11,,,,,,,,,,,,,,,,,,,,,
200,7712245,0096771224520,76771224502,,EA,50,2026-09-11,,,,,,,,,,,,,,,,,,,,,
200,7712245,0096771224530,76771224503,,EA,100,2026-09-11,,,,,,,,,,,,,,,,,,,,,
200,7712245,0096771224540,76771224504,,EA,2,2026-09-11,,,,,,,,,,,,,,,,,,,,,
200,7712244,0096771224410,76771224401,,EA,0,2026-10-07,,,,,,,,,,,,,,,,,,,,,
200,7712243,0096771224310,76771224301,,EA,0,2026-09-16,,,,,,,,,,,,,,,,,,,,,
200,7712242,0096771224210,76771224201,,EA,0,2026-09-24,,,,,,,,,,,,,,,,,,,,,
200,7712242,0096771224220,76771224202,,EA,0,2026-10-01,,,,,,,,,,,,,,,,,,,,,
200,7712241,0096771224110,76771224101,,EA,0,2026-09-24,,,,,,,,,,,,,,,,,,,,,
200,7712241,0096771224120,76771224102,,EA,0,2026-10-01,,,,,,,,,,,,,,,,,,,,,
200,7712239,0096771223910,76771223901,,EA,0,2026-09-15,,,,,,,,,,,,,,,,,,,,,
200,7712239,0096771223920,76771223902,,EA,0,2026-09-15,,,,,,,,,,,,,,,,,,,,,
200,7712239,0096771223930,76771223903,,EA,0,2026-09-15,,,,,,,,,,,,,,,,,,,,,
200,7712239,0096771223940,76771223904,,EA,0,2026-09-15,,,,,,,,,,,,,,,,,,,,,
200,7712239,0096771223950,76771223905,,EA,0,2026-09-15,,,,,,,,,,,,,,,,,,,,,
200,7712238,0096771223810,76771223801,,EA,0,2026-09-15,,,,,,,,,,,,,,,,,,,,,
200,7712238,0096771223820,76771223802,,EA,2,2026-09-11,,,,,,,,,,,,,,,,,,,,,
200,7712238,0096771223830,76771223803,,EA,0,2026-09-15,,,,,,,,,,,,,,,,,,,,,
200,7712238,0096771223840,76771223804,,EA,0,2026-09-22,,,,,,,,,,,,,,,,,,,,,
200,7712237,0096771223710,76771223701,,EA,1,2026-09-11,,,,,,,,,,,,,,,,,,,,,
200,7712236,0096771223610,76771223601,,EA,0,2026-09-10,,,,,,,,,,,,,,,,,,,,,
200,7712236,0096771223620,76771223602,,EA,0,2026-09-10,,,,,,,,,,,,,,,,,,,,,
200,7712236,0096771223630,76771223603,,EA,0,2026-09-10,,,,,,,,,,,,,,,,,,,,,
200,7712236,0096771223640,76771223604,,EA,0,2026-09-10,,,,,,,,,,,,,,,,,,,,,
200,7712236,0096771223650,76771223605,,EA,0,2026-09-10,,,,,,,,,,,,,,,,,,,,,
200,7712236,0096771223660,76771223606,,EA,0,2026-09-10,,,,,,,,,,,,,,,,,,,,,
200,7712236,0096771223670,76771223607,,EA,0,2026-09-10,,,,,,,,,,,,,,,,,,,,,
200,7712236,0096771223680,76771223608,,EA,0,2026-09-10,,,,,,,,,,,,,,,,,,,,,
200,7712236,0096771223690,76771223609,,EA,0,2026-09-10,,,,,,,,,,,,,,,,,,,,,
200,7712236,00967712236100,767712236010,,EA,0,2026-09-10,,,,,,,,,,,,,,,,,,,,,
200,7712236,00967712236110,767712236011,,EA,0,2026-09-21,,,,,,,,,,,,,,,,,,,,,
200,7712236,00967712236120,767712236012,,EA,0,2026-09-24,,,,,,,,,,,,,,,,,,,,,
200,7712236,00967712236130,767712236013,,EA,0,2026-09-24,,,,,,,,,,,,,,,,,,,,,
200,7712236,00967712236140,767712236014,,EA,0,2026-09-25,,,,,,,,,,,,,,,,,,,,,
200,7712235,0096771223510,76771223501,,EA,0,2026-10-01,,,,,,,,,,,,,,,,,,,,,
200,7712235,0096771223520,76771223502,,EA,0,2026-09-24,,,,,,,,,,,,,,,,,,,,,
200,7712235,0096771223530,76771223503,,EA,0,2026-09-24,,,,,,,,,,,,,,,,,,,,,
200,7712235,0096771223540,76771223504,,EA,0,2026-09-24,,,,,,,,,,,,,,,,,,,,,
200,7712235,0096771223550,76771223505,,EA,0,2026-09-24,,,,,,,,,,,,,,,,,,,,,
200,7712235,0096771223560,76771223506,,EA,0,2026-09-24,,,,,,,,,,,,,,,,,,,,,
200,7712233,0096771223310,76771223301,,EA,0,2026-10-30,,,,,,,,,,,,,,,,,,,,,
200,7712231,0096771223110,76771223101,,EA,0,2026-09-15,,,,,,,,,,,,,,,,,,,,,
200,7712230,0096771223010,76771223001,,IN,0,2026-09-14,,,,,,,,,,,,,,,,,,,,,
200,7712230,0096771223020,76771223002,,IN,0,2026-09-15,,,,,,,,,,,,,,,,,,,,,
200,7712230,0096771223030,76771223003,,IN,0,2026-09-15,,,,,,,,,,,,,,,,,,,,,
200,7712229,0096771222910,76771222901,,EA,0,2026-09-15,,,,,,,,,,,,,,,,,,,,,
200,7712228,0096771222810,76771222801,,EA,0,2026-09-15,,,,,,,,,,,,,,,,,,,,,
200,7712227,0096771222710,76771222701,,EA,5,2026-09-10,,,,,,,,,,,,,,,,,,,,,
200,7712227,0096771222720,76771222702,,EA,6,2026-09-10,,,,,,,,,,,,,,,,,,,,,
200,7712227,0096771222730,76771222703,,EA,9,2026-09-10,,,,,,,,,,,,,,,,,,,,,
200,7712226,0096771222610,76771222601,,EA,0,2026-09-24,,,,,,,,,,,,,,,,,,,,,
200,7712226,0096771222620,76771222602,,EA,0,2026-09-24,,,,,,,,,,,,,,,,,,,,,
200,7712226,0096771222630,76771222603,,EA,0,2026-09-24,,,,,,,,,,,,,,,,,,,,,
200,7712226,0096771222640,76771222604,,EA,0,2026-09-24,,,,,,,,,,,,,,,,,,,,,
200,7712226,0096771222650,76771222605,,EA,0,2026-09-24,,,,,,,,,,,,,,,,,,,,,
200,7712226,0096771222660,76771222606,,EA,0,2026-09-24,,,,,,,,,,,,,,,,,,,,,
200,7712226,0096771222670,76771222607,,EA,0,2026-09-24,,,,,,,,,,,,,,,,,,,,,
200,7712226,0096771222680,76771222608,,EA,0,2026-09-24,,,,,,,,,,,,,,,,,,,,,
200,7712226,0096771222690,76771222609,,EA,0,2026-09-24,,,,,,,,,,,,,,,,,,,,,
200,7712226,00967712226100,767712226010,,EA,0,2026-10-01,,,,,,,,,,,,,,,,,,,,,
200,7712226,00967712226110,767712226011,,EA,0,2026-09-24,,,,,,,,,,,,,,,,,,,,,
200,7712226,00967712226120,767712226012,,EA,0,2026-10-22,,,,,,,,,,,,,,,,,,,,,
200,7712225,0096771222510,76771222501,,EA,200,2026-09-11,,,,,,,,,,,,,,,,,,,,,
200,7712224,0096771222410,76771222401,,EA,25,2026-09-11,,,,,,,,,,,,,,,,,,,,,
200,7712224,0096771222420,76771222402,,EA,300,2026-09-11,,,,,,,,,,,,,,,,,,,,,
200,7712224,0096771222430,76771222403,,EA,100,2026-09-11,,,,,,,,,,,,,,,,,,,,,
200,7712224,0096771222440,76771222404,,EA,25,2026-09-11,,,,,,,,,,,,,,,,,,,,,
200,7712224,0096771222450,76771222405,,EA,100,2026-09-11,,,,,,,,,,,,,,,,,,,,,
200,7712224,0096771222460,76771222406,,EA,3,2026-09-11,,,,,,,,,,,,,,,,,,,,,
200,7712224,0096771222470,76771222407,,EA,25,2026-09-11,,,,,,,,,,,,,,,,,,,,,
200,7712224,0096771222480,76771222408,,EA,4,2026-09-11,,,,,,,,,,,,,,,,,,,,,
200,7712223,0096771222310,76771222301,,EA,50,2026-09-11,,,,,,,,,,,,,,,,,,,,,
200,7712223,0096771222320,76771222302,,EA,50,2026-09-11,,,,,,,,,,,,,,,,,,,,,
200,7712223,0096771222330,76771222303,,EA,100,2026-09-11,,,,,,,,,,,,,,,,,,,,,
200,7712223,0096771222340,76771222304,,EA,25,2026-09-11,,,,,,,,,,,,,,,,,,,,,
200,7712223,0096771222350,76771222305,,EA,100,2026-09-11,,,,,,,,,,,,,,,,,,,,,
200,7712223,0096771222360,76771222306,,EA,50,2026-09-11,,,,,,,,,,,,,,,,,,,,,
200,7712223,0096771222370,76771222307,,EA,45,2026-09-11,,,,,,,,,,,,,,,,,,,,,
200,7712223,0096771222380,76771222308,,EA,10,2026-09-11,,,,,,,,,,,,,,,,,,,,,
200,7712223,0096771222390,76771222309,,EA,50,2026-09-11,,,,,,,,,,,,,,,,,,,,,
200,7712223,00967712223100,767712223010,,EA,30,2026-09-11,,,,,,,,,,,,,,,,,,,,,
200,7712223,00967712223110,767712223011,,EA,50,2026-09-11,,,,,,,,,,,,,,,,,,,,,
200,7712223,00967712223120,767712223012,,EA,50,2026-09-11,,,,,,,,,,,,,,,,,,,,,
200,7712223,00967712223130,767712223013,,EA,100,2026-09-11,,,,,,,,,,,,,,,,,,,,,
200,7712223,00967712223140,767712223014,,EA,10,2026-09-11,,,,,,,,,,,,,,,,,,,,,
200,7712223,00967712223150,767712223015,,EA,10,2026-09-11,,,,,,,,,,,,,,,,,,,,,
200,7712223,00967712223160,767712223016,,EA,50,2026-09-11,,,,,,,,,,,,,,,,,,,,,
200,7712223,00967712223170,767712223017,,EA,50,2026-09-11,,,,,,,,,,,,,,,,,,,,,
200,7712223,00967712223180,767712223018,,EA,10,2026-09-11,,,,,,,,,,,,,,,,,,,,,
200,7712223,00967712223190,767712223019,,EA,10,2026-09-11,,,,,,,,,,,,,,,,,,,,,
200,7712223,00967712223200,767712223020,,EA,10,2026-09-11,,,,,,,,,,,,,,,,,,,,,
200,7712223,00967712223210,767712223021,,EA,30,2026-09-11,,,,,,,,,,,,,,,,,,,,,
200,7712223,00967712223220,767712223022,,EA,100,2026-09-11,,,,,,,,,,,,,,,,,,,,,
200,7712223,00967712223230,767712223023,,EA,50,2026-09-11,,,,,,,,,,,,,,,,,,,,,
200,7712223,00967712223240,767712223024,,EA,50,2026-09-11,,,,,,,,,,,,,,,,,,,,,
200,7712223,00967712223250,767712223025,,EA,37,2026-09-11,,,,,,,,,,,,,,,,,,,,,
200,7712223,00967712223260,767712223026,,EA,50,2026-09-11,,,,,,,,,,,,,,,,,,,,,
200,7712223,00967712223270,767712223027,,EA,50,2026-09-11,,,,,,,,,,,,,,,,,,,,,
200,7712223,00967712223280,767712223028,,EA,50,2026-09-11,,,,,,,,,,,,,,,,,,,,,
200,7712223,00967712223290,767712223029,,EA,50,2026-09-11,,,,,,,,,,,,,,,,,,,,,
200,7712223,00967712223300,767712223030,,EA,10,2026-09-11,,,,,,,,,,,,,,,,,,,,,
200,7712223,00967712223310,767712223031,,EA,25,2026-09-11,,,,,,,,,,,,,,,,,,,,,
200,7712223,00967712223320,767712223032,,EA,0,2026-09-11,,,,,,,,,,,,,,,,,,,,,
200,7712223,00967712223330,767712223033,,EA,10,2026-09-11,,,,,,,,,,,,,,,,,,,,,
200,7712222,0096771222210,76771222201,,EA,0,2026-09-17,,,,,,,,,,,,,,,,,,,,,
200,7712221,0096771222110,76771222101,,EA,8,2026-09-14,,,,,,,,,,,,,,,,,,,,,
200,7712220,0096771222010,76771222001,,EA,0,2026-09-10,,,,,,,,,,,,,,,,,,,,,
200,7712219,0096771221910,76771221901,,EA,0,2026-09-30,,,,,,,,,,,,,,,,,,,,,
200,7712218,0096771221810,76771221801,,LT,0,2026-09-10,,,,,,,,,,,,,,,,,,,,,
200,7712218,0096771221820,76771221802,,LT,0,2026-09-10,,,,,,,,,,,,,,,,,,,,,
200,7712217,0096771221710,76771221701,,EA,1,2026-09-11,,,,,,,,,,,,,,,,,,,,,
200,7712216,0096771221610,76771221601,,EA,10,2026-09-11,,,,,,,,,,,,,,,,,,,,,
200,7712216,0096771221620,76771221602,,EA,3,2026-09-11,,,,,,,,,,,,,,,,,,,,,
200,7712214,0096771221410,76771221402,,EA,10,2026-09-08,,,,,,,,,,,,,,,,,,,,,
200,7712214,0096771221420,76771221403,,EA,15,2026-09-08,,,,,,,,,,,,,,,,,,,,,
200,7712214,0096771221430,76771221404,,EA,5,2026-09-08,,,,,,,,,,,,,,,,,,,,,
200,7712214,0096771221440,76771221405,,EA,5,2026-09-08,,,,,,,,,,,,,,,,,,,,,
200,7712214,0096771221450,76771221406,,EA,18,2026-09-08,,,,,,,,,,,,,,,,,,,,,
200,7712214,0096771221460,76771221407,,EA,24,2026-09-08,,,,,,,,,,,,,,,,,,,,,
200,7712214,0096771221470,76771221408,,EA,10,2026-09-08,,,,,,,,,,,,,,,,,,,,,
200,7712214,0096771221480,76771221409,,EA,15,2026-09-08,,,,,,,,,,,,,,,,,,,,,
200,7712214,0096771221490,767712214010,,EA,47,2026-09-08,,,,,,,,,,,,,,,,,,,,,
200,7712214,00967712214100,767712214011,,EA,5,2026-09-08,,,,,,,,,,,,,,,,,,,,,
200,7712214,00967712214110,767712214012,,EA,10,2026-09-08,,,,,,,,,,,,,,,,,,,,,
200,7712214,00967712214120,767712214013,,EA,9,2026-09-08,,,,,,,,,,,,,,,,,,,,,
200,7712214,00967712214130,767712214014,,EA,5,2026-09-08,,,,,,,,,,,,,,,,,,,,,
200,7712214,00967712214140,767712214015,,EA,7,2026-09-08,,,,,,,,,,,,,,,,,,,,,
200,7712214,00967712214150,767712214016,,EA,10,2026-09-08,,,,,,,,,,,,,,,,,,,,,
200,7712214,00967712214160,767712214017,,EA,13,2026-09-08,,,,,,,,,,,,,,,,,,,,,
200,7712214,00967712214170,767712214018,,EA,9,2026-09-08,,,,,,,,,,,,,,,,,,,,,
200,7712214,00967712214180,767712214019,,EA,8,2026-09-08,,,,,,,,,,,,,,,,,,,,,
200,7712214,00967712214190,767712214020,,EA,20,2026-09-08,,,,,,,,,,,,,,,,,,,,,
200,7712214,00967712214200,767712214021,,EA,5,2026-09-08,,,,,,,,,,,,,,,,,,,,,
200,7712214,00967712214210,767712214022,,EA,6,2026-09-08,,,,,,,,,,,,,,,,,,,,,
200,7712214,00967712214220,767712214023,,EA,5,2026-09-08,,,,,,,,,,,,,,,,,,,,,
200,7712214,00967712214230,767712214024,,EA,5,2026-09-08,,,,,,,,,,,,,,,,,,,,,
200,7712214,00967712214240,767712214025,,EA,6,2026-09-08,,,,,,,,,,,,,,,,,,,,,
200,7712214,00967712214250,767712214026,,EA,15,2026-09-08,,,,,,,,,,,,,,,,,,,,,
200,7712214,00967712214260,767712214027,,EA,14,2026-09-08,,,,,,,,,,,,,,,,,,,,,
200,7712214,00967712214270,767712214028,,EA,67,2026-09-08,,,,,,,,,,,,,,,,,,,,,
200,7712214,00967712214280,767712214029,,EA,17,2026-09-08,,,,,,,,,,,,,,,,,,,,,
200,7712214,00967712214290,767712214030,,EA,10,2026-09-08,,,,,,,,,,,,,,,,,,,,,
200,7712214,00967712214300,767712214031,,EA,5,2026-09-08,,,,,,,,,,,,,,,,,,,,,
200,7712214,00967712214310,767712214032,,EA,15,2026-09-08,,,,,,,,,,,,,,,,,,,,,
200,7712214,00967712214320,76771221401,,EA,11,2026-09-08,,,,,,,,,,,,,,,,,,,,,
200,7712213,0096771221310,76771221301,,EA,0,2026-10-01,,,,,,,,,,,,,,,,,,,,,
200,7712213,0096771221320,76771221302,,EA,0,2026-10-08,,,,,,,,,,,,,,,,,,,,,
200,7712213,0096771221330,76771221303,,EA,0,2026-09-17,,,,,,,,,,,,,,,,,,,,,
200,7712213,0096771221340,76771221304,,EA,0,2026-09-17,,,,,,,,,,,,,,,,,,,,,
200,7712213,0096771221350,76771221305,,EA,0,2026-10-01,,,,,,,,,,,,,,,,,,,,,
200,7712213,0096771221360,76771221306,,EA,0,2026-10-01,,,,,,,,,,,,,,,,,,,,,
200,7712213,0096771221370,76771221307,,EA,0,2026-09-17,,,,,,,,,,,,,,,,,,,,,
200,7712212,0096771221210,76771221201,,EA,0,2026-11-17,,,,,,,,,,,,,,,,,,,,,
200,7712212,0096771221220,76771221202,,EA,0,2026-11-24,,,,,,,,,,,,,,,,,,,,,
200,7712212,0096771221230,76771221203,,EA,0,2026-11-24,,,,,,,,,,,,,,,,,,,,,
200,7712212,0096771221240,76771221204,,EA,0,2026-11-24,,,,,,,,,,,,,,,,,,,,,
200,7712212,0096771221250,76771221205,,EA,0,2026-11-24,,,,,,,,,,,,,,,,,,,,,
200,7712212,0096771221260,76771221206,,EA,0,2026-11-24,,,,,,,,,,,,,,,,,,,,,
200,7712212,0096771221270,76771221207,,EA,0,2026-11-17,,,,,,,,,,,,,,,,,,,,,
200,7712212,0096771221280,76771221208,,EA,0,2026-11-17,,,,,,,,,,,,,,,,,,,,,
200,7712212,0096771221290,76771221209,,EA,0,2026-11-17,,,,,,,,,,,,,,,,,,,,,
200,7712212,00967712212100,767712212010,,EA,0,2026-11-17,,,,,,,,,,,,,,,,,,,,,
200,7712212,00967712212110,767712212011,,EA,0,2026-11-17,,,,,,,,,,,,,,,,,,,,,
200,7712212,00967712212120,767712212012,,EA,0,2026-11-17,,,,,,,,,,,,,,,,,,,,,
200,7712212,00967712212130,767712212013,,EA,0,2026-11-24,,,,,,,,,,,,,,,,,,,,,
200,7712212,00967712212140,767712212014,,EA,0,2026-11-24,,,,,,,,,,,,,,,,,,,,,
200,7712212,00967712212150,767712212015,,EA,0,2026-11-24,,,,,,,,,,,,,,,,,,,,,
200,7712212,00967712212160,767712212016,,EA,0,2026-11-17,,,,,,,,,,,,,,,,,,,,,
200,7712212,00967712212170,767712212017,,EA,0,2026-11-24,,,,,,,,,,,,,,,,,,,,,
200,7712212,00967712212180,767712212018,,EA,0,2026-11-17,,,,,,,,,,,,,,,,,,,,,
200,7712212,00967712212190,767712212019,,EA,0,2026-11-24,,,,,,,,,,,,,,,,,,,,,
200,7712212,00967712212200,767712212020,,EA,0,2026-11-24,,,,,,,,,,,,,,,,,,,,,
200,7712212,00967712212210,767712212021,,EA,0,2026-11-24,,,,,,,,,,,,,,,,,,,,,
200,7712211,0096771221110,76771221101,,EA,0,2026-11-24,,,,,,,,,,,,,,,,,,,,,
200,7712211,0096771221120,76771221102,,EA,0,2026-11-24,,,,,,,,,,,,,,,,,,,,,
200,7712211,0096771221130,76771221103,,EA,0,2026-11-17,,,,,,,,,,,,,,,,,,,,,
200,7712211,0096771221140,76771221104,,EA,0,2026-11-17,,,,,,,,,,,,,,,,,,,,,
200,7712211,0096771221150,76771221105,,EA,0,2026-11-24,,,,,,,,,,,,,,,,,,,,,
200,7712211,0096771221160,76771221106,,EA,0,2026-11-17,,,,,,,,,,,,,,,,,,,,,
200,7712211,0096771221170,76771221107,,EA,0,2026-11-17,,,,,,,,,,,,,,,,,,,,,
200,7712211,0096771221180,76771221108,,EA,0,2026-11-17,,,,,,,,,,,,,,,,,,,,,
200,7712211,0096771221190,76771221109,,EA,0,2026-11-24,,,,,,,,,,,,,,,,,,,,,
200,7712211,00967712211100,767712211010,,EA,0,2026-11-24,,,,,,,,,,,,,,,,,,,,,
200,7712211,00967712211110,767712211011,,EA,0,2026-11-24,,,,,,,,,,,,,,,,,,,,,
200,7712211,00967712211120,767712211012,,EA,0,2026-11-24,,,,,,,,,,,,,,,,,,,,,
200,7712211,00967712211130,767712211013,,EA,0,2026-11-24,,,,,,,,,,,,,,,,,,,,,
200,7712211,00967712211140,767712211014,,EA,0,2026-11-17,,,,,,,,,,,,,,,,,,,,,
200,7712210,0096771221010,76771221001,,EA,20,2026-09-11,,,,,,,,,,,,,,,,,,,,,
200,7712209,0096771220910,76771220901,,EA,0,2026-09-24,,,,,,,,,,,,,,,,,,,,,
200,7712209,0096771220920,76771220902,,EA,0,2026-10-08,,,,,,,,,,,,,,,,,,,,,
200,7712207,0096771220710,76771220701,,EA,10,2026-09-10,,,,,,,,,,,,,,,,,,,,,
200,7712207,0096771220720,76771220702,,EA,5,2026-09-10,,,,,,,,,,,,,,,,,,,,,
200,7712206,0096771220610,76771220601,,EA,20,2026-09-10,,,,,,,,,,,,,,,,,,,,,
200,7712206,0096771220620,76771220602,,EA,0,2026-09-03,,,,,,,,,,,,,,,,,,,,,
200,7712204,0096771220410,76771220401,,EA,0,2026-10-01,,,,,,,,,,,,,,,,,,,,,
200,7712204,0096771220420,76771220402,,EA,0,2026-10-01,,,,,,,,,,,,,,,,,,,,,
200,7712204,0096771220430,76771220403,,EA,0,2026-09-17,,,,,,,,,,,,,,,,,,,,,
200,7712204,0096771220440,76771220404,,EA,0,2026-09-17,,,,,,,,,,,,,,,,,,,,,
200,7712204,0096771220450,76771220405,,EA,0,2026-10-01,,,,,,,,,,,,,,,,,,,,,
200,7712204,0096771220460,76771220406,,EA,0,2026-09-24,,,,,,,,,,,,,,,,,,,,,
200,7712204,0096771220470,76771220407,,EA,0,2026-10-08,,,,,,,,,,,,,,,,,,,,,
200,7712203,0096771220310,76771220301,,EA,0,2026-11-10,,,,,,,,,,,,,,,,,,,,,
200,7712203,0096771220320,76771220302,,EA,0,2026-11-10,,,,,,,,,,,,,,,,,,,,,
200,7712203,0096771220330,76771220303,,EA,0,2026-11-10,,,,,,,,,,,,,,,,,,,,,
200,7712203,0096771220340,76771220304,,EA,0,2026-11-24,,,,,,,,,,,,,,,,,,,,,
200,7712203,0096771220350,76771220305,,EA,0,2026-11-17,,,,,,,,,,,,,,,,,,,,,
200,7712203,0096771220360,76771220306,,EA,0,2026-11-17,,,,,,,,,,,,,,,,,,,,,
200,7712203,0096771220370,76771220307,,EA,0,2026-11-24,,,,,,,,,,,,,,,,,,,,,
200,7712203,0096771220380,76771220308,,EA,0,2026-11-17,,,,,,,,,,,,,,,,,,,,,
200,7712203,0096771220390,76771220309,,EA,0,2026-11-17,,,,,,,,,,,,,,,,,,,,,
200,7712203,00967712203100,767712203010,,EA,0,2026-11-17,,,,,,,,,,,,,,,,,,,,,
200,7712203,00967712203110,767712203011,,EA,0,2026-12-01,,,,,,,,,,,,,,,,,,,,,
200,7712203,00967712203120,767712203012,,EA,0,2026-11-24,,,,,,,,,,,,,,,,,,,,,
200,7712203,00967712203130,767712203013,,EA,0,2026-11-10,,,,,,,,,,,,,,,,,,,,,
200,7712203,00967712203140,767712203014,,EA,0,2026-11-24,,,,,,,,,,,,,,,,,,,,,
200,7712203,00967712203150,767712203015,,EA,0,2026-11-24,,,,,,,,,,,,,,,,,,,,,
200,7712203,00967712203160,767712203016,,EA,0,2026-11-10,,,,,,,,,,,,,,,,,,,,,
200,7712203,00967712203170,767712203017,,EA,0,2026-11-10,,,,,,,,,,,,,,,,,,,,,
200,7712202,0096771220210,76771220201,,EA,0,2026-11-10,,,,,,,,,,,,,,,,,,,,,
200,7712202,0096771220220,76771220202,,EA,0,2026-11-10,,,,,,,,,,,,,,,,,,,,,
200,7712202,0096771220230,76771220203,,EA,0,2026-11-10,,,,,,,,,,,,,,,,,,,,,
200,7712202,0096771220240,76771220204,,EA,0,2026-11-10,,,,,,,,,,,,,,,,,,,,,
200,7712202,0096771220250,76771220205,,EA,0,2026-11-10,,,,,,,,,,,,,,,,,,,,,
200,7712202,0096771220260,76771220206,,EA,0,2026-11-10,,,,,,,,,,,,,,,,,,,,,
200,7712202,0096771220270,76771220207,,EA,0,2026-11-24,,,,,,,,,,,,,,,,,,,,,
200,7712202,0096771220280,76771220208,,EA,0,2026-11-24,,,,,,,,,,,,,,,,,,,,,
200,7712202,0096771220290,76771220209,,EA,0,2026-11-24,,,,,,,,,,,,,,,,,,,,,
200,7712202,00967712202100,767712202010,,EA,0,2026-11-17,,,,,,,,,,,,,,,,,,,,,
200,7712202,00967712202110,767712202011,,EA,0,2026-11-17,,,,,,,,,,,,,,,,,,,,,
200,7712202,00967712202120,767712202012,,EA,0,2026-11-17,,,,,,,,,,,,,,,,,,,,,
200,7712202,00967712202130,767712202013,,EA,0,2026-11-24,,,,,,,,,,,,,,,,,,,,,
200,7712202,00967712202140,767712202014,,EA,0,2026-11-24,,,,,,,,,,,,,,,,,,,,,
200,7712202,00967712202150,767712202015,,EA,0,2026-11-10,,,,,,,,,,,,,,,,,,,,,
200,7712201,0096771220110,76771220101,,EA,1,2026-09-09,,,,,,,,,,,,,,,,,,,,,
200,7712201,0096771220110,76771220102,,EA,0,2026-09-09,,,,,,,,,,,,,,,,,,,,,
200,7712200,0096771220010,76771220002,,EA,10,2026-09-08,,,,,,,,,,,,,,,,,,,,,
200,7712200,0096771220020,76771220003,,EA,5,2026-09-08,,,,,,,,,,,,,,,,,,,,,
200,7712200,0096771220030,76771220004,,EA,12,2026-09-08,,,,,,,,,,,,,,,,,,,,,
200,7712200,0096771220040,76771220005,,EA,28,2026-09-08,,,,,,,,,,,,,,,,,,,,,
200,7712200,0096771220050,76771220006,,EA,16,2026-09-08,,,,,,,,,,,,,,,,,,,,,
200,7712200,0096771220060,76771220007,,EA,10,2026-09-08,,,,,,,,,,,,,,,,,,,,,
200,7712200,0096771220070,76771220008,,EA,20,2026-09-08,,,,,,,,,,,,,,,,,,,,,
200,7712200,0096771220080,76771220001,,EA,9,2026-09-08,,,,,,,,,,,,,,,,,,,,,
200,7712199,0096771219910,76771219904,,IN,0,2026-09-11,,,,,,,,,,,,,,,,,,,,,
200,7712199,0096771219910,76771219901,,IN,286,2026-09-09,,,,,,,,,,,,,,,,,,,,,
200,7712199,0096771219920,76771219902,,IN,0,2026-09-25,,,,,,,,,,,,,,,,,,,,,
200,7712199,0096771219930,76771219903,,IN,0,2026-09-25,,,,,,,,,,,,,,,,,,,,,
200,7712198,0096771219810,76771219801,,EA,1,2026-09-11,,,,,,,,,,,,,,,,,,,,,
200,7712197,0096771219730,76771219701,,EA,5,2026-09-03,,,,,,,,,,,,,,,,,,,,,
200,7712197,0096771219730,76771219702,,EA,5,2026-09-11,,,,,,,,,,,,,,,,,,,,,
200,7712195,0096771219510,76771219501,,EA,0,2026-10-13,,,,,,,,,,,,,,,,,,,,,
200,7712193,0096771219310,76771219301,,EA,0,2026-10-13,,,,,,,,,,,,,,,,,,,,,
200,7712192,0096771219210,76771219201,,EA,200,2026-09-11,,,,,,,,,,,,,,,,,,,,,
200,7712191,0096771219110,76771219101,,EA,0,2026-09-30,,,,,,,,,,,,,,,,,,,,,
200,7712190,0096771219010,76771219001,,EA,1,2026-09-03,,,,,,,,,,,,,,,,,,,,,
200,7712188,0096771218810,76771218801,,EA,0,2026-12-22,,,,,,,,,,,,,,,,,,,,,
200,7712188,0096771218820,76771218802,,EA,0,2026-12-22,,,,,,,,,,,,,,,,,,,,,
200,7712188,0096771218830,76771218803,,EA,0,2026-11-24,,,,,,,,,,,,,,,,,,,,,
200,7712188,0096771218840,76771218804,,EA,0,2026-12-22,,,,,,,,,,,,,,,,,,,,,
200,7712186,0096771218610,76771218601,,EA,60,2026-09-11,,,,,,,,,,,,,,,,,,,,,
200,7712186,0096771218620,76771218602,,EA,5,2026-09-11,,,,,,,,,,,,,,,,,,,,,
200,7712184,0096771218410,76771218401,,EA,0,2026-10-13,,,,,,,,,,,,,,,,,,,,,
200,7712184,0096771218420,76771218402,,EA,0,2026-10-13,,,,,,,,,,,,,,,,,,,,,
200,7712184,0096771218430,76771218403,,EA,0,2026-10-13,,,,,,,,,,,,,,,,,,,,,
200,7712181,0096771218110,76771218101,,EA,15,2026-09-11,,,,,,,,,,,,,,,,,,,,,
200,7712180,0096771218010,76771218001,,EA,0,2026-11-09,,,,,,,,,,,,,,,,,,,,,
200,7712179,0096771217910,76771217901,,EA,0,2026-10-15,,,,,,,,,,,,,,,,,,,,,
200,7712179,0096771217930,76771217902,,EA,0,2026-09-24,,,,,,,,,,,,,,,,,,,,,
200,7712179,0096771217940,76771217903,,EA,0,2026-09-17,,,,,,,,,,,,,,,,,,,,,
200,7712179,0096771217950,76771217904,,EA,0,2026-10-22,,,,,,,,,,,,,,,,,,,,,
200,7712179,0096771217960,76771217905,,EA,0,2026-09-17,,,,,,,,,,,,,,,,,,,,,
200,7712179,0096771217970,76771217906,,EA,0,2026-10-01,,,,,,,,,,,,,,,,,,,,,
200,7712179,0096771217980,76771217907,,EA,0,2026-10-08,,,,,,,,,,,,,,,,,,,,,
200,7712179,0096771217990,76771217908,,EA,0,2026-09-17,,,,,,,,,,,,,,,,,,,,,
200,7712178,0096771217810,76771217801,,EA,0,2026-11-24,,,,,,,,,,,,,,,,,,,,,
200,7712178,0096771217820,76771217802,,EA,0,2026-11-24,,,,,,,,,,,,,,,,,,,,,
200,7712178,0096771217830,76771217803,,EA,0,2026-11-24,,,,,,,,,,,,,,,,,,,,,
200,7712178,0096771217840,76771217804,,EA,0,2026-11-24,,,,,,,,,,,,,,,,,,,,,
200,7712178,0096771217850,76771217805,,EA,0,2026-11-24,,,,,,,,,,,,,,,,,,,,,
200,7712178,0096771217860,76771217806,,EA,0,2026-11-24,,,,,,,,,,,,,,,,,,,,,
200,7712178,0096771217870,76771217807,,EA,0,2026-11-24,,,,,,,,,,,,,,,,,,,,,
200,7712178,0096771217880,76771217808,,EA,0,2026-11-24,,,,,,,,,,,,,,,,,,,,,
200,7712178,0096771217890,76771217809,,EA,0,2026-11-24,,,,,,,,,,,,,,,,,,,,,
200,7712178,00967712178100,767712178010,,EA,0,2026-11-24,,,,,,,,,,,,,,,,,,,,,
200,7712178,00967712178110,767712178011,,EA,0,2026-11-24,,,,,,,,,,,,,,,,,,,,,
200,7712178,00967712178120,767712178012,,EA,0,2026-11-24,,,,,,,,,,,,,,,,,,,,,
200,7712178,00967712178130,767712178013,,EA,0,2026-11-24,,,,,,,,,,,,,,,,,,,,,
200,7712178,00967712178140,767712178014,,EA,0,2026-11-24,,,,,,,,,,,,,,,,,,,,,
200,7712178,00967712178150,767712178015,,EA,0,2026-11-24,,,,,,,,,,,,,,,,,,,,,
200,7712178,00967712178160,767712178016,,EA,0,2026-11-24,,,,,,,,,,,,,,,,,,,,,
200,7712178,00967712178170,767712178017,,EA,0,2026-11-24,,,,,,,,,,,,,,,,,,,,,
200,7712178,00967712178180,767712178018,,EA,0,2026-11-24,,,,,,,,,,,,,,,,,,,,,
200,7712178,00967712178190,767712178019,,EA,0,2026-11-24,,,,,,,,,,,,,,,,,,,,,
200,7712178,00967712178200,767712178020,,EA,0,2026-11-24,,,,,,,,,,,,,,,,,,,,,
200,7712178,00967712178210,767712178021,,EA,0,2026-11-24,,,,,,,,,,,,,,,,,,,,,
200,7712178,00967712178220,767712178022,,EA,0,2026-11-24,,,,,,,,,,,,,,,,,,,,,
200,7712178,00967712178230,767712178023,,EA,0,2026-11-24,,,,,,,,,,,,,,,,,,,,,
200,7712178,00967712178240,767712178024,,EA,0,2026-11-24,,,,,,,,,,,,,,,,,,,,,
200,7712178,00967712178250,767712178025,,EA,0,2026-11-24,,,,,,,,,,,,,,,,,,,,,
200,7712178,00967712178260,767712178026,,EA,0,2026-11-24,,,,,,,,,,,,,,,,,,,,,
200,7712178,00967712178270,767712178027,,EA,0,2026-11-24,,,,,,,,,,,,,,,,,,,,,
200,7712178,00967712178280,767712178028,,EA,0,2026-11-24,,,,,,,,,,,,,,,,,,,,,
200,7712178,00967712178290,767712178029,,ME,0,2026-11-24,,,,,,,,,,,,,,,,,,,,,
200,7712178,00967712178300,767712178030,,EA,0,2026-11-24,,,,,,,,,,,,,,,,,,,,,
200,7712178,00967712178310,767712178031,,EA,0,2026-11-24,,,,,,,,,,,,,,,,,,,,,
200,7712177,0096771217710,76771217701,,EA,0,2026-11-24,,,,,,,,,,,,,,,,,,,,,
200,7712177,0096771217720,76771217702,,EA,0,2026-11-24,,,,,,,,,,,,,,,,,,,,,
200,7712177,0096771217730,76771217703,,EA,0,2026-11-24,,,,,,,,,,,,,,,,,,,,,
200,7712177,0096771217740,76771217704,,EA,0,2026-11-24,,,,,,,,,,,,,,,,,,,,,
200,7712177,0096771217750,76771217705,,EA,0,2026-11-24,,,,,,,,,,,,,,,,,,,,,
200,7712177,0096771217760,76771217706,,EA,0,2026-11-24,,,,,,,,,,,,,,,,,,,,,
200,7712177,0096771217770,76771217707,,EA,0,2026-11-24,,,,,,,,,,,,,,,,,,,,,
200,7712177,0096771217780,76771217708,,EA,0,2026-11-24,,,,,,,,,,,,,,,,,,,,,
200,7712177,0096771217790,76771217709,,EA,0,2026-11-24,,,,,,,,,,,,,,,,,,,,,
200,7712177,00967712177100,767712177010,,EA,0,2026-11-24,,,,,,,,,,,,,,,,,,,,,
200,7712177,00967712177110,767712177011,,EA,0,2026-11-24,,,,,,,,,,,,,,,,,,,,,
200,7712177,00967712177120,767712177012,,EA,0,2026-11-24,,,,,,,,,,,,,,,,,,,,,
200,7712177,00967712177130,767712177013,,EA,0,2026-11-24,,,,,,,,,,,,,,,,,,,,,
200,7712177,00967712177140,767712177014,,EA,0,2026-11-24,,,,,,,,,,,,,,,,,,,,,
200,7712177,00967712177150,767712177015,,EA,0,2026-11-24,,,,,,,,,,,,,,,,,,,,,
200,7712177,00967712177160,767712177016,,EA,0,2026-11-24,,,,,,,,,,,,,,,,,,,,,
200,7712177,00967712177170,767712177017,,EA,0,2026-11-24,,,,,,,,,,,,,,,,,,,,,
200,7712177,00967712177180,767712177018,,EA,0,2026-11-24,,,,,,,,,,,,,,,,,,,,,
200,7712177,00967712177190,767712177019,,EA,0,2026-11-24,,,,,,,,,,,,,,,,,,,,,
200,7712177,00967712177200,767712177020,,EA,0,2026-11-24,,,,,,,,,,,,,,,,,,,,,
200,7712177,00967712177210,767712177021,,EA,0,2026-11-24,,,,,,,,,,,,,,,,,,,,,
200,7712177,00967712177220,767712177022,,EA,0,2026-11-24,,,,,,,,,,,,,,,,,,,,,
200,7712177,00967712177230,767712177023,,EA,0,2026-11-24,,,,,,,,,,,,,,,,,,,,,
200,7712177,00967712177240,767712177024,,EA,0,2026-11-24,,,,,,,,,,,,,,,,,,,,,
200,7712177,00967712177250,767712177025,,EA,0,2026-11-24,,,,,,,,,,,,,,,,,,,,,
200,7712177,00967712177260,767712177026,,EA,0,2026-11-24,,,,,,,,,,,,,,,,,,,,,
200,7712177,00967712177270,767712177027,,EA,0,2026-11-24,,,,,,,,,,,,,,,,,,,,,
200,7712177,00967712177280,767712177028,,EA,0,2026-11-24,,,,,,,,,,,,,,,,,,,,,
200,7712177,00967712177290,767712177029,,EA,0,2026-11-24,,,,,,,,,,,,,,,,,,,,,
200,7712177,00967712177300,767712177030,,EA,0,2026-11-24,,,,,,,,,,,,,,,,,,,,,
200,7712177,00967712177310,767712177031,,EA,0,2026-11-24,,,,,,,,,,,,,,,,,,,,,
200,7712177,00967712177320,767712177032,,EA,0,2026-11-24,,,,,,,,,,,,,,,,,,,,,
200,7712177,00967712177330,767712177033,,EA,0,2026-11-24,,,,,,,,,,,,,,,,,,,,,
200,7712176,0096771217610,76771217601,,IN,286,2026-09-09,,,,,,,,,,,,,,,,,,,,,
200,7712176,0096771217610,767712176010,,IN,0,2026-09-09,,,,,,,,,,,,,,,,,,,,,
200,7712176,0096771217630,76771217602,,IN,0,2026-09-21,,,,,,,,,,,,,,,,,,,,,
200,7712176,0096771217640,76771217603,,IN,0,2026-09-22,,,,,,,,,,,,,,,,,,,,,
200,7712176,0096771217650,76771217604,,IN,0,2026-09-22,,,,,,,,,,,,,,,,,,,,,
200,7712176,0096771217660,76771217605,,IN,0,2026-09-22,,,,,,,,,,,,,,,,,,,,,
200,7712176,0096771217670,76771217606,,IN,0,2026-09-22,,,,,,,,,,,,,,,,,,,,,
200,7712176,0096771217680,76771217607,,IN,0,2026-09-22,,,,,,,,,,,,,,,,,,,,,
200,7712176,0096771217690,76771217608,,IN,0,2026-09-22,,,,,,,,,,,,,,,,,,,,,
200,7712176,00967712176100,76771217609,,IN,0,2026-09-22,,,,,,,,,,,,,,,,,,,,,
200,7712174,0096771217410,76771217401,,EA,50,2026-09-11,,,,,,,,,,,,,,,,,,,,,
200,7712174,0096771217420,76771217402,,EA,30,2026-09-11,,,,,,,,,,,,,,,,,,,,,
200,7712174,0096771217420,76771217408,,EA,0,2026-09-08,,,,,,,,,,,,,,,,,,,,,
200,7712174,0096771217430,76771217403,,EA,5,2026-09-11,,,,,,,,,,,,,,,,,,,,,
200,7712174,0096771217440,76771217404,,EA,0,2026-09-08,,,,,,,,,,,,,,,,,,,,,
200,7712174,0096771217450,76771217405,,EA,1,2026-09-11,,,,,,,,,,,,,,,,,,,,,
200,7712174,0096771217460,76771217406,,EA,6,2026-09-11,,,,,,,,,,,,,,,,,,,,,
200,7712174,0096771217470,76771217407,,EA,26,2026-09-11,,,,,,,,,,,,,,,,,,,,,
200,7712173,0096771217310,76771217301,,EA,0,2026-09-11,,,,,,,,,,,,,,,,,,,,,
200,7712170,0096771217010,76771217001,,EA,1,2026-09-14,,,,,,,,,,,,,,,,,,,,,
200,7712169,0096771216910,76771216901,,EA,0,2026-09-24,,,,,,,,,,,,,,,,,,,,,
200,7712169,0096771216920,76771216902,,EA,0,2026-09-24,,,,,,,,,,,,,,,,,,,,,
200,7712168,0096771216810,76771216801,,EA,0,2026-09-17,,,,,,,,,,,,,,,,,,,,,
200,7712168,0096771216820,76771216802,,EA,0,2026-09-17,,,,,,,,,,,,,,,,,,,,,
200,7712168,0096771216830,76771216803,,EA,0,2026-09-17,,,,,,,,,,,,,,,,,,,,,
200,7712168,0096771216840,76771216804,,EA,0,2026-09-17,,,,,,,,,,,,,,,,,,,,,
200,7712168,0096771216850,76771216805,,EA,0,2026-09-17,,,,,,,,,,,,,,,,,,,,,
200,7712168,0096771216860,76771216806,,ME,0,2026-09-17,,,,,,,,,,,,,,,,,,,,,
200,7712168,0096771216870,76771216807,,EA,0,2026-09-17,,,,,,,,,,,,,,,,,,,,,
200,7712168,0096771216880,76771216808,,EA,0,2026-09-17,,,,,,,,,,,,,,,,,,,,,
200,7712166,0096771216610,76771216601,,EA,0,2026-09-11,,,,,,,,,,,,,,,,,,,,,
200,7712166,0096771216610,76771216602,,EA,0,2026-10-29,,,,,,,,,,,,,,,,,,,,,
200,7712165,0096771216530,76771216501,,EA,3,2026-09-03,,,,,,,,,,,,,,,,,,,,,
200,7712165,0096771216540,76771216502,,LT,0,2026-09-11,,,,,,,,,,,,,,,,,,,,,
200,7712164,0096771216410,76771216401,,EA,10,2026-09-03,,,,,,,,,,,,,,,,,,,,,
200,7712163,0096771216310,76771216301,,EA,0,2026-09-17,,,,,,,,,,,,,,,,,,,,,
200,7712163,0096771216320,76771216302,,EA,0,2026-09-17,,,,,,,,,,,,,,,,,,,,,
200,7712163,0096771216330,76771216303,,EA,0,2026-09-17,,,,,,,,,,,,,,,,,,,,,
200,7712163,0096771216340,76771216304,,EA,0,2026-09-24,,,,,,,,,,,,,,,,,,,,,
200,7712163,0096771216350,76771216305,,EA,0,2026-09-17,,,,,,,,,,,,,,,,,,,,,
200,7712163,0096771216360,76771216306,,EA,0,2026-09-17,,,,,,,,,,,,,,,,,,,,,
200,7712163,0096771216370,76771216307,,EA,0,2026-09-10,,,,,,,,,,,,,,,,,,,,,
200,7712163,0096771216380,76771216308,,EA,0,2026-10-15,,,,,,,,,,,,,,,,,,,,,
200,7712163,0096771216390,76771216309,,EA,0,2026-09-17,,,,,,,,,,,,,,,,,,,,,
200,7712162,0096771216210,76771216201,,EA,19,2026-09-01,,,,,,,,,,,,,,,,,,,,,
200,7712162,0096771216220,76771216202,,EA,5,2026-09-01,,,,,,,,,,,,,,,,,,,,,
200,7712162,0096771216230,76771216203,,EA,10,2026-09-01,,,,,,,,,,,,,,,,,,,,,
200,7712162,0096771216240,76771216204,,EA,10,2026-09-01,,,,,,,,,,,,,,,,,,,,,
200,7712162,0096771216250,76771216205,,EA,9,2026-09-01,,,,,,,,,,,,,,,,,,,,,
200,7712162,0096771216260,76771216206,,EA,15,2026-09-01,,,,,,,,,,,,,,,,,,,,,
200,7712162,0096771216270,76771216207,,EA,20,2026-09-01,,,,,,,,,,,,,,,,,,,,,
200,7712162,0096771216280,76771216208,,EA,10,2026-09-01,,,,,,,,,,,,,,,,,,,,,
200,7712162,0096771216290,76771216209,,EA,11,2026-09-01,,,,,,,,,,,,,,,,,,,,,
200,7712162,00967712162100,767712162010,,EA,16,2026-09-01,,,,,,,,,,,,,,,,,,,,,
200,7712162,00967712162110,767712162011,,EA,10,2026-09-01,,,,,,,,,,,,,,,,,,,,,
200,7712162,00967712162120,767712162012,,EA,4,2026-09-01,,,,,,,,,,,,,,,,,,,,,
200,7712162,00967712162130,767712162013,,EA,12,2026-09-01,,,,,,,,,,,,,,,,,,,,,
200,7712162,00967712162140,767712162014,,EA,3,2026-09-01,,,,,,,,,,,,,,,,,,,,,
200,7712162,00967712162150,767712162015,,EA,16,2026-09-01,,,,,,,,,,,,,,,,,,,,,
200,7712162,00967712162160,767712162016,,EA,25,2026-09-01,,,,,,,,,,,,,,,,,,,,,
200,7712162,00967712162170,767712162017,,EA,20,2026-09-01,,,,,,,,,,,,,,,,,,,,,
200,7712162,00967712162180,767712162018,,EA,15,2026-09-01,,,,,,,,,,,,,,,,,,,,,
200,7712162,00967712162190,767712162019,,EA,11,2026-09-01,,,,,,,,,,,,,,,,,,,,,
200,7712162,00967712162200,767712162020,,EA,5,2026-09-01,,,,,,,,,,,,,,,,,,,,,
200,7712162,00967712162210,767712162021,,EA,11,2026-09-01,,,,,,,,,,,,,,,,,,,,,
200,7712162,00967712162220,767712162022,,EA,6,2026-09-01,,,,,,,,,,,,,,,,,,,,,
200,7712162,00967712162230,767712162023,,EA,8,2026-09-01,,,,,,,,,,,,,,,,,,,,,
200,7712162,00967712162240,767712162024,,EA,5,2026-09-01,,,,,,,,,,,,,,,,,,,,,
200,7712162,00967712162250,767712162025,,EA,10,2026-09-01,,,,,,,,,,,,,,,,,,,,,
200,7712162,00967712162260,767712162026,,EA,10,2026-09-01,,,,,,,,,,,,,,,,,,,,,
200,7712162,00967712162270,767712162027,,EA,13,2026-09-01,,,,,,,,,,,,,,,,,,,,,
200,7712162,00967712162280,767712162028,,EA,8,2026-09-01,,,,,,,,,,,,,,,,,,,,,
200,7712162,00967712162290,767712162029,,EA,21,2026-09-01,,,,,,,,,,,,,,,,,,,,,
200,7712162,00967712162300,767712162030,,EA,20,2026-09-01,,,,,,,,,,,,,,,,,,,,,
200,7712162,00967712162310,767712162031,,EA,27,2026-09-01,,,,,,,,,,,,,,,,,,,,,
200,7712162,00967712162320,767712162032,,EA,20,2026-09-01,,,,,,,,,,,,,,,,,,,,,
200,7712162,00967712162330,767712162033,,EA,9,2026-09-01,,,,,,,,,,,,,,,,,,,,,
200,7712162,00967712162340,767712162034,,EA,19,2026-09-01,,,,,,,,,,,,,,,,,,,,,
200,7712161,0096771216170,76771216101,,EA,25,2026-09-11,,,,,,,,,,,,,,,,,,,,,
200,7712161,0096771216180,76771216102,,EA,25,2026-09-11,,,,,,,,,,,,,,,,,,,,,
200,7712160,0096771216010,76771216001,,EA,0,2026-11-18,,,,,,,,,,,,,,,,,,,,,
200,7712160,0096771216020,76771216002,,EA,0,2026-11-18,,,,,,,,,,,,,,,,,,,,,
200,7712160,0096771216030,76771216003,,EA,0,2026-11-18,,,,,,,,,,,,,,,,,,,,,
200,7712160,0096771216040,76771216004,,EA,0,2026-11-18,,,,,,,,,,,,,,,,,,,,,
200,7712160,0096771216050,76771216005,,EA,0,2026-11-18,,,,,,,,,,,,,,,,,,,,,
200,7712160,0096771216060,76771216006,,EA,0,2026-10-16,,,,,,,,,,,,,,,,,,,,,
200,7712159,0096771215910,76771215901,,EA,0,2026-12-16,,,,,,,,,,,,,,,,,,,,,
200,7712159,0096771215920,76771215902,,EA,0,2026-12-16,,,,,,,,,,,,,,,,,,,,,
200,7712159,0096771215930,76771215903,,EA,0,2026-12-16,,,,,,,,,,,,,,,,,,,,,
200,7712159,0096771215940,76771215904,,EA,0,2026-12-16,,,,,,,,,,,,,,,,,,,,,
200,7712159,0096771215950,76771215905,,EA,0,2026-12-16,,,,,,,,,,,,,,,,,,,,,
200,7712159,0096771215960,76771215906,,EA,0,2026-12-16,,,,,,,,,,,,,,,,,,,,,
200,7712159,0096771215970,76771215907,,EA,0,2026-12-16,,,,,,,,,,,,,,,,,,,,,
200,7712159,0096771215980,76771215908,,EA,0,2026-12-16,,,,,,,,,,,,,,,,,,,,,
200,7712159,0096771215990,76771215909,,EA,0,2026-12-16,,,,,,,,,,,,,,,,,,,,,
200,7712159,00967712159100,767712159010,,EA,0,2026-12-16,,,,,,,,,,,,,,,,,,,,,
200,7712158,0096771215810,76771215801,,EA,0,2026-09-10,,,,,,,,,,,,,,,,,,,,,
200,7712158,0096771215820,76771215802,,EA,0,2026-09-17,,,,,,,,,,,,,,,,,,,,,
200,7712158,0096771215830,76771215803,,EA,0,2026-09-10,,,,,,,,,,,,,,,,,,,,,
200,7712158,0096771215840,76771215804,,EA,0,2026-09-10,,,,,,,,,,,,,,,,,,,,,
200,7712158,0096771215850,76771215805,,EA,0,2026-09-17,,,,,,,,,,,,,,,,,,,,,
200,7712158,0096771215860,76771215806,,EA,0,2026-09-10,,,,,,,,,,,,,,,,,,,,,
200,7712158,0096771215870,76771215807,,EA,0,2026-10-15,,,,,,,,,,,,,,,,,,,,,
200,7712158,0096771215880,76771215808,,EA,0,2026-10-15,,,,,,,,,,,,,,,,,,,,,
200,7712158,0096771215890,76771215809,,EA,0,2026-09-24,,,,,,,,,,,,,,,,,,,,,
200,7712158,00967712158100,767712158010,,EA,0,2026-09-10,,,,,,,,,,,,,,,,,,,,,
200,7712158,00967712158110,767712158011,,EA,0,2026-09-10,,,,,,,,,,,,,,,,,,,,,
200,7712158,00967712158120,767712158012,,EA,0,2026-09-24,,,,,,,,,,,,,,,,,,,,,
200,7712158,00967712158130,767712158013,,EA,0,2026-09-17,,,,,,,,,,,,,,,,,,,,,
200,7712156,0096771215610,76771215601,,EA,0,2026-09-23,,,,,,,,,,,,,,,,,,,,,
200,7712154,0096771215410,76771215401,,IN,285,2026-09-03,,,,,,,,,,,,,,,,,,,,,
200,7712154,0096771215410,76771215404,,IN,0,2026-09-03,,,,,,,,,,,,,,,,,,,,,
200,7712154,0096771215420,76771215402,,IN,0,2026-09-17,,,,,,,,,,,,,,,,,,,,,
200,7712154,0096771215430,76771215403,,IN,0,2026-09-17,,,,,,,,,,,,,,,,,,,,,
200,7712153,0096771215310,76771215301,,EA,0,2026-11-03,,,,,,,,,,,,,,,,,,,,,
200,7712153,0096771215320,76771215302,,EA,0,2026-11-03,,,,,,,,,,,,,,,,,,,,,
200,7712153,0096771215330,76771215303,,EA,0,2026-11-17,,,,,,,,,,,,,,,,,,,,,
200,7712153,0096771215340,76771215304,,EA,0,2026-11-17,,,,,,,,,,,,,,,,,,,,,
200,7712153,0096771215350,76771215305,,EA,0,2026-11-17,,,,,,,,,,,,,,,,,,,,,
200,7712153,0096771215360,76771215306,,EA,0,2026-11-03,,,,,,,,,,,,,,,,,,,,,
200,7712153,0096771215370,76771215307,,EA,0,2026-11-10,,,,,,,,,,,,,,,,,,,,,
200,7712153,0096771215380,76771215308,,EA,0,2026-11-03,,,,,,,,,,,,,,,,,,,,,
200,7712153,0096771215390,76771215309,,EA,0,2026-11-10,,,,,,,,,,,,,,,,,,,,,
200,7712153,00967712153100,767712153010,,EA,0,2026-11-03,,,,,,,,,,,,,,,,,,,,,
200,7712153,00967712153110,767712153011,,EA,0,2026-11-03,,,,,,,,,,,,,,,,,,,,,
200,7712153,00967712153120,767712153012,,EA,0,2026-11-10,,,,,,,,,,,,,,,,,,,,,
200,7712153,00967712153130,767712153013,,EA,0,2026-11-03,,,,,,,,,,,,,,,,,,,,,
200,7712153,00967712153140,767712153014,,EA,0,2026-11-17,,,,,,,,,,,,,,,,,,,,,
200,7712153,00967712153150,767712153015,,EA,0,2026-11-10,,,,,,,,,,,,,,,,,,,,,
200,7712153,00967712153160,767712153016,,EA,0,2026-11-03,,,,,,,,,,,,,,,,,,,,,
200,7712153,00967712153170,767712153017,,EA,0,2026-11-24,,,,,,,,,,,,,,,,,,,,,
200,7712153,00967712153180,767712153018,,EA,0,2026-11-10,,,,,,,,,,,,,,,,,,,,,
200,7712153,00967712153190,767712153019,,EA,0,2026-11-24,,,,,,,,,,,,,,,,,,,,,
200,7712153,00967712153200,767712153020,,EA,0,2026-11-17,,,,,,,,,,,,,,,,,,,,,
200,7712153,00967712153210,767712153021,,EA,0,2026-11-17,,,,,,,,,,,,,,,,,,,,,
200,7712153,00967712153220,767712153022,,EA,0,2026-11-03,,,,,,,,,,,,,,,,,,,,,
200,7712153,00967712153230,767712153023,,EA,0,2026-11-24,,,,,,,,,,,,,,,,,,,,,
200,7712153,00967712153240,767712153024,,EA,0,2026-11-24,,,,,,,,,,,,,,,,,,,,,
200,7712153,00967712153250,767712153025,,EA,0,2026-11-24,,,,,,,,,,,,,,,,,,,,,
200,7712153,00967712153260,767712153026,,EA,0,2026-11-24,,,,,,,,,,,,,,,,,,,,,
200,7712153,00967712153270,767712153027,,EA,0,2026-11-24,,,,,,,,,,,,,,,,,,,,,
200,7712153,00967712153280,767712153028,,EA,0,2026-11-24,,,,,,,,,,,,,,,,,,,,,
200,7712153,00967712153290,767712153029,,EA,0,2026-11-24,,,,,,,,,,,,,,,,,,,,,
200,7712153,00967712153300,767712153030,,EA,0,2026-11-03,,,,,,,,,,,,,,,,,,,,,
200,7712152,0096771215210,76771215201,,EA,0,2026-11-17,,,,,,,,,,,,,,,,,,,,,
200,7712152,0096771215220,76771215202,,EA,0,2026-11-17,,,,,,,,,,,,,,,,,,,,,
200,7712152,0096771215230,76771215203,,EA,0,2026-11-17,,,,,,,,,,,,,,,,,,,,,
200,7712152,0096771215240,76771215204,,EA,0,2026-11-17,,,,,,,,,,,,,,,,,,,,,
200,7712152,0096771215250,76771215205,,EA,0,2026-11-17,,,,,,,,,,,,,,,,,,,,,
200,7712152,0096771215260,76771215206,,EA,0,2026-11-17,,,,,,,,,,,,,,,,,,,,,
200,7712152,0096771215270,76771215207,,EA,0,2026-11-17,,,,,,,,,,,,,,,,,,,,,
200,7712152,0096771215280,76771215208,,EA,0,2026-11-03,,,,,,,,,,,,,,,,,,,,,
200,7712152,0096771215290,76771215209,,EA,0,2026-11-03,,,,,,,,,,,,,,,,,,,,,
200,7712152,00967712152100,767712152010,,EA,0,2026-11-03,,,,,,,,,,,,,,,,,,,,,
200,7712152,00967712152110,767712152011,,EA,0,2026-11-03,,,,,,,,,,,,,,,,,,,,,
200,7712152,00967712152120,767712152012,,EA,0,2026-11-17,,,,,,,,,,,,,,,,,,,,,
200,7712152,00967712152130,767712152013,,EA,0,2026-11-17,,,,,,,,,,,,,,,,,,,,,
200,7712152,00967712152140,767712152014,,EA,0,2026-11-10,,,,,,,,,,,,,,,,,,,,,
200,7712152,00967712152150,767712152015,,EA,0,2026-11-10,,,,,,,,,,,,,,,,,,,,,
200,7712152,00967712152160,767712152016,,EA,0,2026-11-17,,,,,,,,,,,,,,,,,,,,,
200,7712152,00967712152170,767712152017,,EA,0,2026-11-24,,,,,,,,,,,,,,,,,,,,,
200,7712152,00967712152180,767712152018,,EA,0,2026-11-17,,,,,,,,,,,,,,,,,,,,,
200,7712152,00967712152190,767712152019,,EA,0,2026-11-17,,,,,,,,,,,,,,,,,,,,,
200,7712152,00967712152200,767712152020,,EA,0,2026-11-03,,,,,,,,,,,,,,,,,,,,,
200,7712152,00967712152210,767712152021,,EA,0,2026-11-03,,,,,,,,,,,,,,,,,,,,,
200,7712151,0096771215110,76771215101,,EA,6,2026-09-09,,,,,,,,,,,,,,,,,,,,,
200,7712151,0096771215110,76771215102,,EA,14,2026-09-11,,,,,,,,,,,,,,,,,,,,,
200,7712150,0096771215020,76771215001,,EA,5,2026-08-27,,,,,,,,,,,,,,,,,,,,,
200,7712149,0096771214930,76771214901,,EA,20,2026-09-11,,,,,,,,,,,,,,,,,,,,,
200,7712148,0096771214810,76771214801,,EA,0,2026-09-24,,,,,,,,,,,,,,,,,,,,,
200,7712148,0096771214820,76771214802,,EA,0,2026-09-10,,,,,,,,,,,,,,,,,,,,,
200,7712148,0096771214830,76771214803,,EA,0,2026-09-10,,,,,,,,,,,,,,,,,,,,,
200,7712148,0096771214840,76771214804,,EA,0,2026-09-10,,,,,,,,,,,,,,,,,,,,,
200,7712148,0096771214850,76771214805,,EA,0,2026-09-10,,,,,,,,,,,,,,,,,,,,,
200,7712147,0096771214710,76771214701,,EA,0,2026-09-10,,,,,,,,,,,,,,,,,,,,,
200,7712147,0096771214720,76771214702,,EA,0,2026-09-10,,,,,,,,,,,,,,,,,,,,,
200,7712147,0096771214730,76771214703,,EA,0,2026-09-10,,,,,,,,,,,,,,,,,,,,,
200,7712147,0096771214740,76771214704,,EA,0,2026-09-10,,,,,,,,,,,,,,,,,,,,,
200,7712147,0096771214750,76771214705,,EA,0,2026-09-10,,,,,,,,,,,,,,,,,,,,,
200,7712147,0096771214760,76771214706,,EA,0,2026-09-10,,,,,,,,,,,,,,,,,,,,,
200,7712147,0096771214770,76771214707,,EA,0,2026-09-17,,,,,,,,,,,,,,,,,,,,,
200,7712147,0096771214780,76771214708,,EA,0,2026-09-24,,,,,,,,,,,,,,,,,,,,,
200,7712147,0096771214790,76771214709,,EA,0,2026-09-17,,,,,,,,,,,,,,,,,,,,,
200,7712147,00967712147100,767712147010,,EA,0,2026-09-10,,,,,,,,,,,,,,,,,,,,,
200,7712146,0096771214620,76771214601,,FT,250,2026-09-11,,,,,,,,,,,,,,,,,,,,,
200,7712146,0096771214630,76771214602,,EA,9,2026-09-11,,,,,,,,,,,,,,,,,,,,,
200,7712144,0096771214410,76771214401,,EA,0,2026-11-10,,,,,,,,,,,,,,,,,,,,,
200,7712144,0096771214420,76771214402,,EA,0,2026-11-24,,,,,,,,,,,,,,,,,,,,,
200,7712144,0096771214430,76771214403,,EA,0,2026-11-17,,,,,,,,,,,,,,,,,,,,,
200,7712144,0096771214440,76771214404,,EA,0,2026-11-17,,,,,,,,,,,,,,,,,,,,,
200,7712144,0096771214450,76771214405,,EA,0,2026-11-17,,,,,,,,,,,,,,,,,,,,,
200,7712144,0096771214460,76771214406,,EA,0,2026-11-17,,,,,,,,,,,,,,,,,,,,,
200,7712144,0096771214470,76771214407,,EA,0,2026-11-17,,,,,,,,,,,,,,,,,,,,,
200,7712141,0096771214110,76771214101,,EA,4,2026-09-04,,,,,,,,,,,,,,,,,,,,,
200,7712140,0096771214010,76771214001,,EA,1,2026-08-27,,,,,,,,,,,,,,,,,,,,,
200,7712139,0096771213910,76771213901,,EA,0,2026-09-10,,,,,,,,,,,,,,,,,,,,,
200,7712139,0096771213920,76771213902,,EA,0,2026-10-01,,,,,,,,,,,,,,,,,,,,,
200,7712139,0096771213930,76771213903,,EA,0,2026-09-10,,,,,,,,,,,,,,,,,,,,,
200,7712139,0096771213940,76771213904,,EA,0,2026-09-10,,,,,,,,,,,,,,,,,,,,,
200,7712139,0096771213950,76771213905,,EA,0,2026-10-01,,,,,,,,,,,,,,,,,,,,,
200,7712139,0096771213960,76771213906,,EA,0,2026-09-10,,,,,,,,,,,,,,,,,,,,,
200,7712139,0096771213970,76771213907,,EA,0,2026-09-17,,,,,,,,,,,,,,,,,,,,,
200,7712138,0096771213810,76771213801,,EA,0,2026-11-10,,,,,,,,,,,,,,,,,,,,,
200,7712138,0096771213820,76771213802,,EA,0,2026-11-03,,,,,,,,,,,,,,,,,,,,,
200,7712138,0096771213830,76771213803,,EA,0,2026-11-03,,,,,,,,,,,,,,,,,,,,,
200,7712138,0096771213840,76771213804,,EA,0,2026-11-03,,,,,,,,,,,,,,,,,,,,,
200,7712138,0096771213850,76771213805,,EA,0,2026-11-03,,,,,,,,,,,,,,,,,,,,,
200,7712138,0096771213860,76771213806,,EA,0,2026-11-10,,,,,,,,,,,,,,,,,,,,,
200,7712138,0096771213870,76771213807,,EA,0,2026-11-03,,,,,,,,,,,,,,,,,,,,,
200,7712138,0096771213880,76771213808,,EA,0,2026-11-03,,,,,,,,,,,,,,,,,,,,,
200,7712138,0096771213890,76771213809,,EA,0,2026-11-03,,,,,,,,,,,,,,,,,,,,,
200,7712138,00967712138100,767712138010,,EA,0,2026-11-03,,,,,,,,,,,,,,,,,,,,,
200,7712138,00967712138110,767712138011,,EA,0,2026-11-17,,,,,,,,,,,,,,,,,,,,,
200,7712138,00967712138120,767712138012,,EA,0,2026-11-03,,,,,,,,,,,,,,,,,,,,,
200,7712138,00967712138130,767712138013,,EA,0,2026-11-03,,,,,,,,,,,,,,,,,,,,,
200,7712138,00967712138140,767712138014,,EA,0,2026-11-03,,,,,,,,,,,,,,,,,,,,,
200,7712138,00967712138150,767712138015,,EA,0,2026-11-03,,,,,,,,,,,,,,,,,,,,,
200,7712138,00967712138160,767712138016,,EA,0,2026-11-03,,,,,,,,,,,,,,,,,,,,,
200,7712138,00967712138170,767712138017,,EA,0,2026-11-03,,,,,,,,,,,,,,,,,,,,,
200,7712138,00967712138180,767712138018,,EA,0,2026-11-03,,,,,,,,,,,,,,,,,,,,,
200,7712137,0096771213710,767712137015,,EA,0,2026-11-03,,,,,,,,,,,,,,,,,,,,,
200,7712137,0096771213720,76771213701,,EA,0,2026-11-03,,,,,,,,,,,,,,,,,,,,,
200,7712137,0096771213730,76771213702,,EA,0,2026-11-03,,,,,,,,,,,,,,,,,,,,,
200,7712137,0096771213740,76771213703,,EA,0,2026-11-03,,,,,,,,,,,,,,,,,,,,,
200,7712137,0096771213750,76771213704,,EA,0,2026-11-03,,,,,,,,,,,,,,,,,,,,,
200,7712137,0096771213760,76771213705,,EA,0,2026-11-03,,,,,,,,,,,,,,,,,,,,,
200,7712137,0096771213770,76771213706,,EA,0,2026-11-03,,,,,,,,,,,,,,,,,,,,,
200,7712137,0096771213780,76771213707,,EA,0,2026-11-10,,,,,,,,,,,,,,,,,,,,,
200,7712137,0096771213790,76771213708,,EA,0,2026-11-03,,,,,,,,,,,,,,,,,,,,,
200,7712137,00967712137100,76771213709,,EA,0,2026-11-03,,,,,,,,,,,,,,,,,,,,,
200,7712137,00967712137110,767712137010,,EA,0,2026-11-03,,,,,,,,,,,,,,,,,,,,,
200,7712137,00967712137120,767712137011,,EA,0,2026-11-03,,,,,,,,,,,,,,,,,,,,,
200,7712137,00967712137130,767712137012,,EA,0,2026-11-03,,,,,,,,,,,,,,,,,,,,,
200,7712137,00967712137140,767712137013,,EA,0,2026-11-03,,,,,,,,,,,,,,,,,,,,,
200,7712137,00967712137150,767712137014,,EA,0,2026-11-03,,,,,,,,,,,,,,,,,,,,,
200,7712136,0096771213610,76771213601,,IN,145,2026-09-03,,,,,,,,,,,,,,,,,,,,,
200,7712136,0096771213610,76771213606,,IN,0,2026-08-31,,,,,,,,,,,,,,,,,,,,,
200,7712136,0096771213620,76771213607,,IN,0,2026-09-15,,,,,,,,,,,,,,,,,,,,,
200,7712136,0096771213620,76771213602,,IN,288,2026-09-14,,,,,,,,,,,,,,,,,,,,,
200,7712136,0096771213630,76771213603,,IN,147,2026-09-14,,,,,,,,,,,,,,,,,,,,,
200,7712136,0096771213630,76771213608,,IN,0,2026-09-15,,,,,,,,,,,,,,,,,,,,,
200,7712136,0096771213640,76771213609,,IN,0,2026-09-15,,,,,,,,,,,,,,,,,,,,,
200,7712136,0096771213640,76771213604,,IN,246,2026-09-14,,,,,,,,,,,,,,,,,,,,,
200,7712136,0096771213650,76771213605,,IN,288,2026-09-14,,,,,,,,,,,,,,,,,,,,,
200,7712136,0096771213650,767712136010,,IN,0,2026-09-15,,,,,,,,,,,,,,,,,,,,,
200,7712132,0096771213210,76771213201,,EA,0,2026-09-17,,,,,,,,,,,,,,,,,,,,,
200,7712131,0096771213110,76771213101,,EA,0,2026-10-22,,,,,,,,,,,,,,,,,,,,,
200,7712130,0096771213010,76771213001,,EA,0,2026-11-03,,,,,,,,,,,,,,,,,,,,,
200,7712130,0096771213020,76771213002,,EA,0,2026-11-03,,,,,,,,,,,,,,,,,,,,,
200,7712130,0096771213030,76771213003,,EA,0,2026-11-03,,,,,,,,,,,,,,,,,,,,,
200,7712130,0096771213040,76771213004,,EA,0,2026-10-27,,,,,,,,,,,,,,,,,,,,,
200,7712130,0096771213050,76771213005,,EA,0,2026-10-27,,,,,,,,,,,,,,,,,,,,,
200,7712130,0096771213060,76771213006,,EA,0,2026-11-03,,,,,,,,,,,,,,,,,,,,,
200,7712130,0096771213070,76771213007,,EA,0,2026-11-10,,,,,,,,,,,,,,,,,,,,,
200,7712130,0096771213080,76771213008,,EA,0,2026-11-03,,,,,,,,,,,,,,,,,,,,,
200,7712130,0096771213090,76771213009,,EA,0,2026-11-17,,,,,,,,,,,,,,,,,,,,,
200,7712130,00967712130100,767712130010,,EA,0,2026-11-17,,,,,,,,,,,,,,,,,,,,,
200,7712130,00967712130110,767712130011,,EA,0,2026-11-17,,,,,,,,,,,,,,,,,,,,,
200,7712130,00967712130120,767712130012,,EA,0,2026-11-17,,,,,,,,,,,,,,,,,,,,,
200,7712130,00967712130130,767712130013,,EA,0,2026-11-17,,,,,,,,,,,,,,,,,,,,,
200,7712130,00967712130140,767712130014,,EA,0,2026-10-27,,,,,,,,,,,,,,,,,,,,,
200,7712130,00967712130150,767712130015,,EA,0,2026-10-27,,,,,,,,,,,,,,,,,,,,,
200,7712130,00967712130160,767712130016,,EA,0,2026-11-17,,,,,,,,,,,,,,,,,,,,,
200,7712130,00967712130170,767712130017,,EA,0,2026-10-27,,,,,,,,,,,,,,,,,,,,,
200,7712129,0096771212910,76771212901,,EA,0,2026-10-27,,,,,,,,,,,,,,,,,,,,,
200,7712129,0096771212920,76771212902,,EA,0,2026-11-03,,,,,,,,,,,,,,,,,,,,,
200,7712129,0096771212930,76771212903,,EA,0,2026-10-27,,,,,,,,,,,,,,,,,,,,,
200,7712129,0096771212940,76771212904,,EA,0,2026-10-27,,,,,,,,,,,,,,,,,,,,,
200,7712129,0096771212950,76771212905,,EA,0,2026-10-27,,,,,,,,,,,,,,,,,,,,,
200,7712129,0096771212960,76771212906,,EA,0,2026-11-03,,,,,,,,,,,,,,,,,,,,,
200,7712129,0096771212970,76771212907,,EA,0,2026-11-03,,,,,,,,,,,,,,,,,,,,,
200,7712129,0096771212980,76771212908,,EA,0,2026-11-10,,,,,,,,,,,,,,,,,,,,,
200,7712129,0096771212990,76771212909,,EA,0,2026-11-10,,,,,,,,,,,,,,,,,,,,,
200,7712129,00967712129100,767712129010,,EA,0,2026-10-27,,,,,,,,,,,,,,,,,,,,,
200,7712129,00967712129110,767712129011,,EA,0,2026-11-03,,,,,,,,,,,,,,,,,,,,,
200,7712129,00967712129120,767712129012,,EA,0,2026-10-27,,,,,,,,,,,,,,,,,,,,,
200,7712129,00967712129130,767712129013,,EA,0,2026-11-10,,,,,,,,,,,,,,,,,,,,,
200,7712129,00967712129140,767712129014,,EA,0,2026-11-03,,,,,,,,,,,,,,,,,,,,,
200,7712129,00967712129150,767712129015,,EA,0,2026-11-10,,,,,,,,,,,,,,,,,,,,,
200,7712129,00967712129160,767712129016,,EA,0,2026-11-10,,,,,,,,,,,,,,,,,,,,,
200,7712129,00967712129170,767712129017,,EA,0,2026-11-10,,,,,,,,,,,,,,,,,,,,,
200,7712129,00967712129180,767712129018,,EA,0,2026-11-10,,,,,,,,,,,,,,,,,,,,,
200,7712125,0096771212510,76771212501,,EA,2,2026-09-03,,,,,,,,,,,,,,,,,,,,,
200,7712125,0096771212520,76771212502,,EA,4,2026-09-03,,,,,,,,,,,,,,,,,,,,,
200,7712125,0096771212530,76771212503,,EA,1,2026-08-27,,,,,,,,,,,,,,,,,,,,,
200,7712122,0096771212210,76771212201,,EA,0,2026-09-24,,,,,,,,,,,,,,,,,,,,,
200,7712122,0096771212220,76771212202,,EA,0,2026-09-24,,,,,,,,,,,,,,,,,,,,,
200,7712121,0096771212110,76771212101,,EA,0,2026-08-24,,,,,,,,,,,,,,,,,,,,,
200,7712121,0096771212120,76771212102,,EA,0,2026-08-24,,,,,,,,,,,,,,,,,,,,,
200,7712121,0096771212130,76771212103,,EA,0,2026-08-24,,,,,,,,,,,,,,,,,,,,,
200,7712121,0096771212140,76771212104,,EA,0,2026-08-24,,,,,,,,,,,,,,,,,,,,,
200,7712121,0096771212150,76771212105,,EA,0,2026-08-24,,,,,,,,,,,,,,,,,,,,,
200,7712121,0096771212160,76771212106,,EA,0,2026-08-24,,,,,,,,,,,,,,,,,,,,,
200,7712118,0096771211810,76771211801,,EA,0,2026-09-10,,,,,,,,,,,,,,,,,,,,,
200,7712117,0096771211710,76771211701,,EA,0,2027-01-06,,,,,,,,,,,,,,,,,,,,,
200,7712115,0096771211510,76771211501,,EA,0,2026-10-28,,,,,,,,,,,,,,,,,,,,,
200,7712113,0096771211310,76771211301,,EA,0,2026-09-30,,,,,,,,,,,,,,,,,,,,,
200,7712111,0096771211110,76771211107,,EA,0,2026-08-26,,,,,,,,,,,,,,,,,,,,,
200,7712111,0096771211110,76771211101,,EA,144,2026-08-26,,,,,,,,,,,,,,,,,,,,,
200,7712111,0096771211120,76771211102,,IN,570,2026-08-26,,,,,,,,,,,,,,,,,,,,,
200,7712111,0096771211120,76771211108,,IN,0,2026-08-26,,,,,,,,,,,,,,,,,,,,,
200,7712111,0096771211140,76771211109,,IN,0,2026-09-11,,,,,,,,,,,,,,,,,,,,,
200,7712111,0096771211140,76771211103,,IN,288,2026-09-11,,,,,,,,,,,,,,,,,,,,,
200,7712111,0096771211150,76771211104,,IN,147,2026-09-11,,,,,,,,,,,,,,,,,,,,,
200,7712111,0096771211150,767712111010,,IN,0,2026-09-11,,,,,,,,,,,,,,,,,,,,,
200,7712111,0096771211160,76771211105,,IN,0,2026-09-11,,,,,,,,,,,,,,,,,,,,,
200,7712111,0096771211170,76771211106,,IN,264,2026-09-11,,,,,,,,,,,,,,,,,,,,,
200,7712111,0096771211170,767712111011,,IN,0,2026-09-11,,,,,,,,,,,,,,,,,,,,,
200,7712110,0096771211010,76771211001,,EA,0,2026-09-30,,,,,,,,,,,,,,,,,,,,,
200,7712108,0096771210810,76771210801,,EA,0,2026-09-30,,,,,,,,,,,,,,,,,,,,,
200,7712108,0096771210820,76771210802,,EA,0,2026-09-30,,,,,,,,,,,,,,,,,,,,,
200,7712107,0096771210710,76771210701,,EA,18,2026-08-27,,,,,,,,,,,,,,,,,,,,,
200,7712107,0096771210720,76771210702,,EA,18,2026-08-27,,,,,,,,,,,,,,,,,,,,,
200,7712107,0096771210730,76771210703,,EA,18,2026-08-27,,,,,,,,,,,,,,,,,,,,,
200,7712107,0096771210740,76771210704,,EA,18,2026-08-27,,,,,,,,,,,,,,,,,,,,,
200,7712107,0096771210750,76771210705,,EA,19,2026-08-27,,,,,,,,,,,,,,,,,,,,,
200,7712107,0096771210760,76771210706,,EA,22,2026-08-27,,,,,,,,,,,,,,,,,,,,,
200,7712107,0096771210770,76771210707,,EA,23,2026-08-27,,,,,,,,,,,,,,,,,,,,,
200,7712107,0096771210780,76771210708,,EA,24,2026-08-27,,,,,,,,,,,,,,,,,,,,,
200,7712107,0096771210790,76771210709,,EA,24,2026-08-27,,,,,,,,,,,,,,,,,,,,,
200,7712107,00967712107100,767712107010,,EA,1839,2026-08-27,,,,,,,,,,,,,,,,,,,,,
200,7712107,00967712107110,767712107011,,EA,483,2026-08-27,,,,,,,,,,,,,,,,,,,,,
200,7712105,0096771210520,76771210501,,EA,2,2026-09-09,,,,,,,,,,,,,,,,,,,,,
200,7712105,0096771210530,76771210502,,EA,0,2026-09-03,,,,,,,,,,,,,,,,,,,,,
200,7712105,0096771210540,76771210503,,EA,4,2026-09-09,,,,,,,,,,,,,,,,,,,,,
200,7712105,0096771210550,76771210504,,EA,0,2026-09-17,,,,,,,,,,,,,,,,,,,,,
200,7712105,0096771210560,76771210505,,EA,1,2026-09-09,,,,,,,,,,,,,,,,,,,,,
200,7712105,0096771210570,76771210506,,EA,0,2026-10-08,,,,,,,,,,,,,,,,,,,,,
200,7712105,0096771210580,76771210507,,EA,1,2026-09-09,,,,,,,,,,,,,,,,,,,,,
200,7712105,0096771210590,76771210508,,EA,1,2026-09-09,,,,,,,,,,,,,,,,,,,,,
200,7712105,00967712105110,76771210509,,EA,0,2026-09-17,,,,,,,,,,,,,,,,,,,,,
200,7712105,00967712105120,767712105010,,EA,6,2026-09-09,,,,,,,,,,,,,,,,,,,,,
200,7712105,00967712105130,767712105011,,EA,1,2026-09-10,,,,,,,,,,,,,,,,,,,,,
200,7712104,0096771210410,76771210401,,EA,0,2026-11-03,,,,,,,,,,,,,,,,,,,,,
200,7712104,0096771210420,76771210402,,EA,0,2026-10-27,,,,,,,,,,,,,,,,,,,,,
200,7712104,0096771210430,76771210403,,EA,0,2026-10-27,,,,,,,,,,,,,,,,,,,,,
200,7712104,0096771210440,76771210404,,EA,0,2026-11-03,,,,,,,,,,,,,,,,,,,,,
200,7712104,0096771210450,76771210405,,EA,0,2026-11-10,,,,,,,,,,,,,,,,,,,,,
200,7712104,0096771210460,76771210406,,EA,0,2026-11-10,,,,,,,,,,,,,,,,,,,,,
200,7712104,0096771210470,76771210407,,EA,0,2026-11-10,,,,,,,,,,,,,,,,,,,,,
200,7712104,0096771210480,76771210408,,EA,0,2026-11-03,,,,,,,,,,,,,,,,,,,,,
200,7712103,0096771210310,76771210301,,EA,0,2026-11-03,,,,,,,,,,,,,,,,,,,,,
200,7712103,0096771210320,76771210302,,EA,0,2026-10-27,,,,,,,,,,,,,,,,,,,,,
200,7712103,0096771210330,76771210303,,EA,0,2026-10-27,,,,,,,,,,,,,,,,,,,,,
200,7712103,0096771210340,76771210304,,EA,0,2026-11-10,,,,,,,,,,,,,,,,,,,,,
200,7712103,0096771210350,76771210305,,EA,0,2026-11-03,,,,,,,,,,,,,,,,,,,,,
200,7712103,0096771210360,76771210306,,EA,0,2026-11-03,,,,,,,,,,,,,,,,,,,,,
200,7712103,0096771210370,76771210307,,EA,0,2026-11-10,,,,,,,,,,,,,,,,,,,,,
200,7712103,0096771210380,76771210308,,EA,0,2026-11-10,,,,,,,,,,,,,,,,,,,,,
200,7712103,0096771210390,76771210309,,EA,0,2026-10-27,,,,,,,,,,,,,,,,,,,,,
200,7712103,00967712103100,767712103010,,EA,0,2026-10-27,,,,,,,,,,,,,,,,,,,,,
200,7712103,00967712103110,767712103011,,EA,0,2026-10-27,,,,,,,,,,,,,,,,,,,,,
200,7712103,00967712103120,767712103012,,EA,0,2026-10-27,,,,,,,,,,,,,,,,,,,,,
200,7712103,00967712103130,767712103013,,EA,0,2026-10-27,,,,,,,,,,,,,,,,,,,,,
200,7712102,00967712102280,76771210201,,EA,50,2026-09-11,,,,,,,,,,,,,,,,,,,,,
200,7712101,0096771210110,76771210101,,EA,10,2026-08-27,,,,,,,,,,,,,,,,,,,,,
200,7712098,0096771209810,76771209801,,EA,0,2026-10-09,,,,,,,,,,,,,,,,,,,,,
200,7712098,0096771209820,76771209802,,EA,0,2026-10-09,,,,,,,,,,,,,,,,,,,,,
200,7712098,0096771209830,76771209803,,EA,0,2026-10-09,,,,,,,,,,,,,,,,,,,,,
200,7712098,0096771209840,76771209804,,EA,0,2026-10-09,,,,,,,,,,,,,,,,,,,,,
200,7712098,0096771209850,76771209805,,EA,0,2026-10-09,,,,,,,,,,,,,,,,,,,,,
200,7712098,0096771209860,76771209806,,EA,0,2026-10-09,,,,,,,,,,,,,,,,,,,,,
200,7712098,0096771209870,76771209807,,EA,0,2026-10-09,,,,,,,,,,,,,,,,,,,,,
200,7712098,0096771209880,76771209808,,EA,0,2026-10-09,,,,,,,,,,,,,,,,,,,,,
200,7712097,0096771209710,76771209701,,EA,100,2026-08-27,,,,,,,,,,,,,,,,,,,,,
200,7712096,0096771209610,76771209601,,EA,0,2026-09-15,,,,,,,,,,,,,,,,,,,,,
200,7712095,0096771209510,76771209501,,EA,2,2026-09-11,,,,,,,,,,,,,,,,,,,,,
200,7712092,0096771209210,76771209201,,EA,0,2026-09-22,,,,,,,,,,,,,,,,,,,,,
200,7712091,0096771209130,76771209101,,EA,30,2026-08-27,,,,,,,,,,,,,,,,,,,,,
200,7712091,0096771209130,76771209102,,EA,60,2026-09-11,,,,,,,,,,,,,,,,,,,,,
200,7712091,0096771209130,76771209103,,EA,0,2026-08-28,,,,,,,,,,,,,,,,,,,,,
200,7712090,0096771209010,76771209001,,EA,0,2026-10-06,,,,,,,,,,,,,,,,,,,,,
200,7712087,0096771208710,76771208701,,EA,0,2026-09-17,,,,,,,,,,,,,,,,,,,,,
200,7712084,0096771208410,76771208401,,EA,0,2026-09-28,,,,,,,,,,,,,,,,,,,,,
200,7712084,0096771208420,76771208402,,EA,0,2026-09-28,,,,,,,,,,,,,,,,,,,,,
200,7712082,0096771208210,76771208204,,IN,0,2026-09-03,,,,,,,,,,,,,,,,,,,,,
200,7712082,0096771208210,76771208201,,IN,1420,2026-09-03,,,,,,,,,,,,,,,,,,,,,
200,7712082,0096771208230,76771208202,,IN,1590,2026-09-03,,,,,,,,,,,,,,,,,,,,,
200,7712082,0096771208230,76771208205,,IN,0,2026-09-03,,,,,,,,,,,,,,,,,,,,,
200,7712082,0096771208240,76771208206,,IN,0,2026-09-12,,,,,,,,,,,,,,,,,,,,,
200,7712082,0096771208240,76771208203,,IN,290,2026-09-11,,,,,,,,,,,,,,,,,,,,,
200,7712081,0096771208110,76771208101,,EA,1,2026-09-09,,,,,,,,,,,,,,,,,,,,,
200,7712081,0096771208120,76771208102,,EA,1,2026-09-09,,,,,,,,,,,,,,,,,,,,,
200,7712080,0096771208030,76771208001,,EA,0,2026-09-17,,,,,,,,,,,,,,,,,,,,,
200,7712080,0096771208040,76771208002,,EA,0,2026-09-17,,,,,,,,,,,,,,,,,,,,,
200,7712080,0096771208050,76771208003,,EA,0,2026-09-24,,,,,,,,,,,,,,,,,,,,,
200,7712080,0096771208060,76771208004,,EA,0,2026-09-17,,,,,,,,,,,,,,,,,,,,,
200,7712080,0096771208080,76771208005,,EA,0,2026-09-03,,,,,,,,,,,,,,,,,,,,,
200,7712079,0096771207910,76771207901,,EA,0,2026-09-22,,,,,,,,,,,,,,,,,,,,,
200,7712079,0096771207920,76771207902,,EA,0,2026-10-27,,,,,,,,,,,,,,,,,,,,,
200,7712079,0096771207930,76771207903,,EA,0,2026-10-27,,,,,,,,,,,,,,,,,,,,,
200,7712079,0096771207940,76771207904,,EA,0,2026-11-03,,,,,,,,,,,,,,,,,,,,,
200,7712079,0096771207950,76771207905,,EA,0,2026-11-10,,,,,,,,,,,,,,,,,,,,,
200,7712079,0096771207960,76771207906,,EA,0,2026-11-10,,,,,,,,,,,,,,,,,,,,,
200,7712079,0096771207970,76771207907,,EA,0,2026-11-10,,,,,,,,,,,,,,,,,,,,,
200,7712079,0096771207980,76771207908,,EA,0,2026-11-10,,,,,,,,,,,,,,,,,,,,,
200,7712079,0096771207990,76771207909,,EA,0,2026-11-10,,,,,,,,,,,,,,,,,,,,,
200,7712079,00967712079100,767712079010,,EA,0,2026-11-10,,,,,,,,,,,,,,,,,,,,,
200,7712079,00967712079110,767712079011,,EA,0,2026-10-27,,,,,,,,,,,,,,,,,,,,,
200,7712079,00967712079120,767712079012,,EA,0,2026-11-03,,,,,,,,,,,,,,,,,,,,,
200,7712079,00967712079130,767712079013,,EA,0,2026-11-03,,,,,,,,,,,,,,,,,,,,,
200,7712079,00967712079140,767712079014,,EA,0,2026-11-17,,,,,,,,,,,,,,,,,,,,,
200,7712079,00967712079150,767712079015,,EA,0,2026-11-17,,,,,,,,,,,,,,,,,,,,,
200,7712079,00967712079160,767712079016,,EA,0,2026-11-17,,,,,,,,,,,,,,,,,,,,,
200,7712079,00967712079170,767712079017,,EA,0,2026-11-17,,,,,,,,,,,,,,,,,,,,,
200,7712079,00967712079180,767712079018,,EA,0,2026-11-03,,,,,,,,,,,,,,,,,,,,,
200,7712079,00967712079190,767712079019,,EA,0,2026-11-10,,,,,,,,,,,,,,,,,,,,,
200,7712079,00967712079200,767712079020,,EA,0,2026-11-10,,,,,,,,,,,,,,,,,,,,,
200,7712079,00967712079210,767712079021,,EA,0,2026-11-10,,,,,,,,,,,,,,,,,,,,,
200,7712079,00967712079220,767712079022,,EA,0,2026-10-27,,,,,,,,,,,,,,,,,,,,,
200,7712079,00967712079230,767712079023,,EA,0,2026-10-27,,,,,,,,,,,,,,,,,,,,,
200,7712079,00967712079240,767712079024,,EA,0,2026-10-27,,,,,,,,,,,,,,,,,,,,,
200,7712079,00967712079250,767712079025,,EA,0,2026-11-17,,,,,,,,,,,,,,,,,,,,,
200,7712079,00967712079260,767712079026,,EA,0,2026-11-27,,,,,,,,,,,,,,,,,,,,,
200,7712079,00967712079270,767712079027,,EA,0,2026-11-10,,,,,,,,,,,,,,,,,,,,,
200,7712079,00967712079280,767712079028,,EA,0,2026-11-17,,,,,,,,,,,,,,,,,,,,,
200,7712079,00967712079290,767712079029,,EA,0,2026-10-27,,,,,,,,,,,,,,,,,,,,,
200,7712079,00967712079300,767712079030,,EA,0,2026-10-27,,,,,,,,,,,,,,,,,,,,,
200,7712079,00967712079310,767712079031,,EA,0,2026-10-27,,,,,,,,,,,,,,,,,,,,,
200,7712079,00967712079320,767712079032,,EA,0,2026-10-27,,,,,,,,,,,,,,,,,,,,,
200,7712079,00967712079330,767712079033,,EA,0,2026-10-27,,,,,,,,,,,,,,,,,,,,,
200,7712079,00967712079340,767712079034,,EA,0,2026-10-27,,,,,,,,,,,,,,,,,,,,,
200,7712079,00967712079350,767712079035,,EA,0,2026-10-27,,,,,,,,,,,,,,,,,,,,,
200,7712078,0096771207810,76771207801,,EA,0,2026-11-03,,,,,,,,,,,,,,,,,,,,,
200,7712078,0096771207820,76771207802,,EA,0,2026-11-03,,,,,,,,,,,,,,,,,,,,,
200,7712078,0096771207830,76771207803,,EA,0,2026-11-03,,,,,,,,,,,,,,,,,,,,,
200,7712078,0096771207840,76771207804,,EA,0,2026-10-27,,,,,,,,,,,,,,,,,,,,,
200,7712078,0096771207850,76771207805,,EA,0,2026-11-10,,,,,,,,,,,,,,,,,,,,,
200,7712078,0096771207860,76771207806,,EA,0,2026-11-10,,,,,,,,,,,,,,,,,,,,,
200,7712078,0096771207870,76771207807,,EA,0,2026-11-10,,,,,,,,,,,,,,,,,,,,,
200,7712078,0096771207880,76771207808,,EA,0,2026-11-10,,,,,,,,,,,,,,,,,,,,,
200,7712078,0096771207890,76771207809,,EA,0,2026-10-27,,,,,,,,,,,,,,,,,,,,,
200,7712078,00967712078100,767712078010,,EA,0,2026-10-27,,,,,,,,,,,,,,,,,,,,,
200,7712078,00967712078110,767712078011,,EA,0,2026-11-10,,,,,,,,,,,,,,,,,,,,,
200,7712074,0096771207410,76771207401,,EA,0,2026-09-30,,,,,,,,,,,,,,,,,,,,,
200,7712072,0096771207210,76771207201,,EA,10,2026-08-20,,,,,,,,,,,,,,,,,,,,,
200,7712072,0096771207220,76771207202,,EA,10,2026-08-20,,,,,,,,,,,,,,,,,,,,,
200,7712072,0096771207230,76771207203,,EA,1,2026-08-27,,,,,,,,,,,,,,,,,,,,,
200,7712072,0096771207240,76771207204,,EA,0,2026-08-19,,,,,,,,,,,,,,,,,,,,,
200,7712068,0096771206810,76771206801,,EA,0,2026-09-10,,,,,,,,,,,,,,,,,,,,,
200,7712068,0096771206820,76771206802,,EA,0,2026-09-10,,,,,,,,,,,,,,,,,,,,,
200,7712068,0096771206830,76771206803,,EA,0,2026-09-24,,,,,,,,,,,,,,,,,,,,,
200,7712068,0096771206840,76771206804,,EA,0,2026-09-24,,,,,,,,,,,,,,,,,,,,,
200,7712067,0096771206710,76771206701,,EA,24,2026-09-03,,,,,,,,,,,,,,,,,,,,,
200,7712064,0096771206440,76771206401,,EA,0,2026-09-10,,,,,,,,,,,,,,,,,,,,,
200,7712064,0096771206450,76771206402,,EA,0,2026-09-24,,,,,,,,,,,,,,,,,,,,,
200,7712064,0096771206470,76771206403,,EA,0,2026-09-10,,,,,,,,,,,,,,,,,,,,,
200,7712064,0096771206480,76771206404,,EA,0,2026-09-24,,,,,,,,,,,,,,,,,,,,,
200,7712064,0096771206490,76771206405,,EA,0,2026-09-10,,,,,,,,,,,,,,,,,,,,,
200,7712064,00967712064110,76771206406,,EA,0,2026-09-17,,,,,,,,,,,,,,,,,,,,,
200,7712064,00967712064120,76771206407,,EA,0,2026-10-08,,,,,,,,,,,,,,,,,,,,,
200,7712064,00967712064130,76771206408,,EA,0,2026-09-17,,,,,,,,,,,,,,,,,,,,,
200,7712064,00967712064140,76771206409,,EA,0,2026-09-10,,,,,,,,,,,,,,,,,,,,,
200,7712063,0096771206310,76771206301,,EA,0,2026-09-24,,,,,,,,,,,,,,,,,,,,,
200,7712062,0096771206210,76771206201,,IN,286,2026-08-26,,,,,,,,,,,,,,,,,,,,,
200,7712062,0096771206210,76771206208,,IN,0,2026-08-27,,,,,,,,,,,,,,,,,,,,,
200,7712062,0096771206220,76771206202,,IN,0,2026-09-17,,,,,,,,,,,,,,,,,,,,,
200,7712062,0096771206240,76771206203,,IN,139,2026-08-24,,,,,,,,,,,,,,,,,,,,,
200,7712062,0096771206240,767712062012,,IN,0,2026-09-05,,,,,,,,,,,,,,,,,,,,,
200,7712062,0096771206250,76771206204,,IN,289,2026-09-04,,,,,,,,,,,,,,,,,,,,,
200,7712062,0096771206250,76771206209,,IN,0,2026-09-05,,,,,,,,,,,,,,,,,,,,,
200,7712062,0096771206260,76771206205,,IN,146,2026-08-24,,,,,,,,,,,,,,,,,,,,,
200,7712062,0096771206260,767712062013,,IN,0,2026-09-05,,,,,,,,,,,,,,,,,,,,,
200,7712062,0096771206270,76771206206,,IN,132,2026-09-04,,,,,,,,,,,,,,,,,,,,,
200,7712062,0096771206270,767712062010,,IN,0,2026-09-05,,,,,,,,,,,,,,,,,,,,,
200,7712062,0096771206280,767712062011,,IN,0,2026-09-05,,,,,,,,,,,,,,,,,,,,,
200,7712062,0096771206280,76771206207,,IN,247,2026-09-04,,,,,,,,,,,,,,,,,,,,,
200,7712060,0096771206010,76771206001,,EA,1,2026-08-19,,,,,,,,,,,,,,,,,,,,,
200,7712059,0096771205910,76771205901,,EA,20,2026-08-20,,,,,,,,,,,,,,,,,,,,,
200,7712059,0096771205920,76771205902,,EA,0,2026-08-17,,,,,,,,,,,,,,,,,,,,,
200,7712057,0096771205710,76771205701,,EA,0,2026-08-13,,,,,,,,,,,,,,,,,,,,,
200,7712057,0096771205720,76771205702,,EA,0,2026-08-13,,,,,,,,,,,,,,,,,,,,,
200,7712057,0096771205730,76771205703,,EA,0,2026-08-13,,,,,,,,,,,,,,,,,,,,,
200,7712057,0096771205740,76771205704,,EA,1,2026-08-17,,,,,,,,,,,,,,,,,,,,,
200,7712056,0096771205610,76771205601,,EA,0,2026-11-10,,,,,,,,,,,,,,,,,,,,,
200,7712056,0096771205620,76771205602,,EA,0,2026-11-10,,,,,,,,,,,,,,,,,,,,,
200,7712056,0096771205630,76771205603,,EA,0,2026-11-10,,,,,,,,,,,,,,,,,,,,,
200,7712056,0096771205640,76771205604,,EA,0,2026-11-10,,,,,,,,,,,,,,,,,,,,,
200,7712056,0096771205650,76771205605,,EA,0,2026-11-10,,,,,,,,,,,,,,,,,,,,,
200,7712056,0096771205660,76771205606,,EA,0,2026-10-20,,,,,,,,,,,,,,,,,,,,,
200,7712056,0096771205670,76771205607,,EA,0,2026-10-20,,,,,,,,,,,,,,,,,,,,,
200,7712056,0096771205680,76771205608,,EA,0,2026-10-20,,,,,,,,,,,,,,,,,,,,,
200,7712056,0096771205690,76771205609,,EA,0,2026-11-03,,,,,,,,,,,,,,,,,,,,,
200,7712056,00967712056100,767712056010,,EA,0,2026-11-03,,,,,,,,,,,,,,,,,,,,,
200,7712056,00967712056110,767712056011,,EA,0,2026-11-03,,,,,,,,,,,,,,,,,,,,,
200,7712056,00967712056120,767712056012,,EA,0,2026-11-10,,,,,,,,,,,,,,,,,,,,,
200,7712056,00967712056130,767712056013,,EA,0,2026-11-10,,,,,,,,,,,,,,,,,,,,,
200,7712056,00967712056140,767712056014,,EA,0,2026-11-10,,,,,,,,,,,,,,,,,,,,,
200,7712056,00967712056150,767712056015,,EA,0,2026-11-10,,,,,,,,,,,,,,,,,,,,,
200,7712056,00967712056160,767712056016,,EA,0,2026-11-10,,,,,,,,,,,,,,,,,,,,,
200,7712056,00967712056170,767712056017,,EA,0,2026-11-10,,,,,,,,,,,,,,,,,,,,,
200,7712056,00967712056180,767712056018,,EA,0,2026-11-03,,,,,,,,,,,,,,,,,,,,,
200,7712056,00967712056190,767712056019,,EA,0,2026-11-03,,,,,,,,,,,,,,,,,,,,,
200,7712056,00967712056200,767712056020,,EA,0,2026-11-10,,,,,,,,,,,,,,,,,,,,,
200,7712056,00967712056210,767712056021,,EA,0,2026-11-10,,,,,,,,,,,,,,,,,,,,,
200,7712056,00967712056220,767712056022,,EA,0,2026-10-27,,,,,,,,,,,,,,,,,,,,,
200,7712056,00967712056230,767712056023,,EA,0,2026-11-10,,,,,,,,,,,,,,,,,,,,,
200,7712056,00967712056240,767712056024,,EA,0,2026-10-27,,,,,,,,,,,,,,,,,,,,,
200,7712056,00967712056250,767712056025,,EA,0,2026-11-10,,,,,,,,,,,,,,,,,,,,,
200,7712056,00967712056260,767712056026,,EA,0,2026-11-10,,,,,,,,,,,,,,,,,,,,,
200,7712056,00967712056270,767712056027,,EA,0,2026-11-10,,,,,,,,,,,,,,,,,,,,,
200,7712056,00967712056280,767712056028,,EA,0,2026-10-27,,,,,,,,,,,,,,,,,,,,,
200,7712056,00967712056290,767712056029,,EA,0,2026-10-20,,,,,,,,,,,,,,,,,,,,,
200,7712056,00967712056300,767712056030,,EA,0,2026-10-20,,,,,,,,,,,,,,,,,,,,,
200,7712054,0096771205410,76771205401,,EA,0,2026-10-20,,,,,,,,,,,,,,,,,,,,,
200,7712054,0096771205420,76771205402,,EA,0,2026-10-20,,,,,,,,,,,,,,,,,,,,,
200,7712054,0096771205430,76771205403,,EA,0,2026-10-20,,,,,,,,,,,,,,,,,,,,,
200,7712054,0096771205440,76771205404,,EA,0,2026-10-20,,,,,,,,,,,,,,,,,,,,,
200,7712054,0096771205450,76771205405,,EA,0,2026-10-20,,,,,,,,,,,,,,,,,,,,,
200,7712054,0096771205460,76771205406,,EA,0,2026-10-20,,,,,,,,,,,,,,,,,,,,,
200,7712054,0096771205470,76771205407,,EA,0,2026-10-20,,,,,,,,,,,,,,,,,,,,,
200,7712054,0096771205480,76771205408,,EA,0,2026-11-03,,,,,,,,,,,,,,,,,,,,,
200,7712054,0096771205490,76771205409,,EA,0,2026-11-03,,,,,,,,,,,,,,,,,,,,,
200,7712054,00967712054100,767712054010,,EA,0,2026-10-20,,,,,,,,,,,,,,,,,,,,,
200,7712054,00967712054110,767712054011,,EA,0,2026-10-20,,,,,,,,,,,,,,,,,,,,,
200,7712054,00967712054120,767712054012,,EA,0,2026-11-03,,,,,,,,,,,,,,,,,,,,,
200,7712054,00967712054130,767712054013,,EA,0,2026-10-20,,,,,,,,,,,,,,,,,,,,,
200,7712054,00967712054140,767712054014,,EA,0,2026-10-20,,,,,,,,,,,,,,,,,,,,,
200,7712054,00967712054150,767712054015,,EA,0,2026-10-20,,,,,,,,,,,,,,,,,,,,,
200,7712054,00967712054160,767712054016,,EA,0,2026-10-20,,,,,,,,,,,,,,,,,,,,,
200,7712054,00967712054170,767712054017,,EA,0,2026-11-03,,,,,,,,,,,,,,,,,,,,,
200,7712054,00967712054180,767712054018,,EA,0,2026-10-20,,,,,,,,,,,,,,,,,,,,,
200,7712054,00967712054190,767712054019,,EA,0,2026-10-20,,,,,,,,,,,,,,,,,,,,,
200,7712054,00967712054200,767712054020,,EA,0,2026-10-20,,,,,,,,,,,,,,,,,,,,,
200,7712054,00967712054210,767712054021,,EA,0,2026-10-20,,,,,,,,,,,,,,,,,,,,,
200,7712054,00967712054220,767712054022,,EA,0,2026-10-20,,,,,,,,,,,,,,,,,,,,,
200,7712054,00967712054230,767712054023,,EA,0,2026-10-20,,,,,,,,,,,,,,,,,,,,,
200,7712054,00967712054240,767712054024,,EA,0,2026-10-20,,,,,,,,,,,,,,,,,,,,,
200,7712054,00967712054250,767712054025,,EA,0,2026-10-20,,,,,,,,,,,,,,,,,,,,,
200,7712052,0096771205210,76771205201,,EA,0,2026-10-14,,,,,,,,,,,,,,,,,,,,,
200,7712049,0096771204910,76771204901,,EA,12,2026-08-24,,,,,,,,,,,,,,,,,,,,,
200,7712049,0096771204920,76771204902,,EA,14,2026-08-24,,,,,,,,,,,,,,,,,,,,,
200,7712048,0096771204820,76771204801,,EA,0,2026-09-17,,,,,,,,,,,,,,,,,,,,,
200,7712048,0096771204830,76771204802,,EA,0,2026-09-17,,,,,,,,,,,,,,,,,,,,,
200,7712048,0096771204840,76771204803,,EA,0,2026-09-17,,,,,,,,,,,,,,,,,,,,,
200,7712048,0096771204850,76771204804,,EA,0,2026-09-17,,,,,,,,,,,,,,,,,,,,,
200,7712048,0096771204860,76771204805,,EA,0,2026-09-17,,,,,,,,,,,,,,,,,,,,,
200,7712048,0096771204870,76771204806,,EA,0,2026-09-10,,,,,,,,,,,,,,,,,,,,,
200,7712048,0096771204890,76771204807,,EA,0,2026-10-01,,,,,,,,,,,,,,,,,,,,,
200,7712043,0096771204340,76771204301,,EA,0,2026-09-02,,,,,,,,,,,,,,,,,,,,,
200,7712036,0096771203610,76771203601,,EA,0,2026-08-18,,,,,,,,,,,,,,,,,,,,,
200,7712035,0096771203510,76771203501,,EA,4,2026-08-17,,,,,,,,,,,,,,,,,,,,,
200,7712034,0096771203410,76771203401,,EA,0,2026-10-09,,,,,,,,,,,,,,,,,,,,,
200,7712034,0096771203420,76771203402,,EA,0,2026-10-09,,,,,,,,,,,,,,,,,,,,,
200,7712034,0096771203430,76771203403,,EA,0,2026-10-09,,,,,,,,,,,,,,,,,,,,,
200,7712034,0096771203440,76771203404,,EA,0,2026-10-09,,,,,,,,,,,,,,,,,,,,,
200,7712034,0096771203450,76771203405,,EA,0,2026-10-09,,,,,,,,,,,,,,,,,,,,,
200,7712034,0096771203460,76771203406,,EA,0,2026-10-09,,,,,,,,,,,,,,,,,,,,,
200,7712034,0096771203470,76771203407,,EA,0,2026-10-09,,,,,,,,,,,,,,,,,,,,,
200,7712034,0096771203480,76771203408,,EA,0,2026-10-09,,,,,,,,,,,,,,,,,,,,,
200,7712034,0096771203490,76771203409,,EA,0,2026-10-09,,,,,,,,,,,,,,,,,,,,,
200,7712034,00967712034100,767712034010,,EA,0,2026-10-09,,,,,,,,,,,,,,,,,,,,,
200,7712033,0096771203310,76771203301,,EA,50,2026-09-11,,,,,,,,,,,,,,,,,,,,,
200,7712033,0096771203320,76771203302,,EA,55,2026-09-11,,,,,,,,,,,,,,,,,,,,,
200,7712033,0096771203330,76771203303,,EA,0,2027-01-26,,,,,,,,,,,,,,,,,,,,,
200,7712033,0096771203350,76771203304,,EA,0,2026-12-22,,,,,,,,,,,,,,,,,,,,,
200,7712032,0096771203210,767712032011,,EA,5,2026-09-03,,,,,,,,,,,,,,,,,,,,,
200,7712032,0096771203210,76771203201,,EA,1,2026-08-18,,,,,,,,,,,,,,,,,,,,,
200,7712032,0096771203210,76771203206,,EA,144,2026-09-03,,,,,,,,,,,,,,,,,,,,,
200,7712032,0096771203220,76771203207,,IN,0,2026-08-18,,,,,,,,,,,,,,,,,,,,,
200,7712032,0096771203220,76771203202,,IN,860,2026-08-18,,,,,,,,,,,,,,,,,,,,,
200,7712032,0096771203230,76771203203,,IN,150,2026-08-18,,,,,,,,,,,,,,,,,,,,,
200,7712032,0096771203230,76771203208,,IN,0,2026-08-18,,,,,,,,,,,,,,,,,,,,,
200,7712032,0096771203240,76771203209,,IN,0,2026-09-01,,,,,,,,,,,,,,,,,,,,,
200,7712032,0096771203240,76771203204,,IN,139,2026-08-24,,,,,,,,,,,,,,,,,,,,,
200,7712032,0096771203250,76771203205,,IN,131,2026-09-03,,,,,,,,,,,,,,,,,,,,,
200,7712032,0096771203250,767712032010,,IN,0,2026-09-01,,,,,,,,,,,,,,,,,,,,,
200,7712031,0096771203110,76771203101,,EA,0,2026-11-03,,,,,,,,,,,,,,,,,,,,,
200,7712030,0096771203010,76771203001,,EA,0,2026-09-17,,,,,,,,,,,,,,,,,,,,,
200,7712029,0096771202910,76771202901,,EA,0,2026-10-20,,,,,,,,,,,,,,,,,,,,,
200,7712029,0096771202920,76771202902,,EA,0,2026-11-03,,,,,,,,,,,,,,,,,,,,,
200,7712029,0096771202930,76771202903,,EA,0,2026-11-03,,,,,,,,,,,,,,,,,,,,,
200,7712029,0096771202940,76771202904,,EA,0,2026-11-17,,,,,,,,,,,,,,,,,,,,,
200,7712029,0096771202950,76771202905,,EA,0,2026-11-03,,,,,,,,,,,,,,,,,,,,,
200,7712029,0096771202960,76771202906,,EA,0,2026-11-03,,,,,,,,,,,,,,,,,,,,,
200,7712029,0096771202970,76771202907,,EA,0,2026-11-03,,,,,,,,,,,,,,,,,,,,,
200,7712029,0096771202980,76771202908,,EA,0,2026-11-03,,,,,,,,,,,,,,,,,,,,,
200,7712029,0096771202990,76771202909,,EA,0,2026-10-20,,,,,,,,,,,,,,,,,,,,,
200,7712029,00967712029100,767712029010,,EA,0,2026-10-20,,,,,,,,,,,,,,,,,,,,,
200,7712029,00967712029110,767712029011,,EA,0,2026-10-20,,,,,,,,,,,,,,,,,,,,,
200,7712029,00967712029120,767712029012,,EA,0,2026-10-20,,,,,,,,,,,,,,,,,,,,,
200,7712029,00967712029130,767712029013,,EA,0,2026-11-03,,,,,,,,,,,,,,,,,,,,,
200,7712029,00967712029140,767712029014,,EA,0,2026-11-03,,,,,,,,,,,,,,,,,,,,,
200,7712029,00967712029150,767712029015,,EA,0,2026-10-20,,,,,,,,,,,,,,,,,,,,,
200,7712029,00967712029160,767712029016,,EA,0,2026-11-03,,,,,,,,,,,,,,,,,,,,,
200,7712029,00967712029170,767712029017,,EA,0,2026-10-20,,,,,,,,,,,,,,,,,,,,,
200,7712029,00967712029180,767712029018,,EA,0,2026-10-20,,,,,,,,,,,,,,,,,,,,,
200,7712029,00967712029190,767712029019,,EA,0,2026-11-03,,,,,,,,,,,,,,,,,,,,,
200,7712029,00967712029200,767712029020,,EA,0,2026-11-03,,,,,,,,,,,,,,,,,,,,,
200,7712029,00967712029210,767712029021,,EA,0,2026-11-03,,,,,,,,,,,,,,,,,,,,,
200,7712029,00967712029220,767712029022,,EA,0,2026-11-03,,,,,,,,,,,,,,,,,,,,,
200,7712029,00967712029230,767712029023,,EA,0,2026-11-03,,,,,,,,,,,,,,,,,,,,,
200,7712029,00967712029240,767712029024,,EA,0,2026-11-03,,,,,,,,,,,,,,,,,,,,,
200,7712029,00967712029250,767712029025,,EA,0,2026-11-03,,,,,,,,,,,,,,,,,,,,,
200,7712029,00967712029260,767712029026,,EA,0,2026-11-03,,,,,,,,,,,,,,,,,,,,,
200,7712029,00967712029270,767712029027,,EA,0,2026-10-20,,,,,,,,,,,,,,,,,,,,,
200,7712029,00967712029280,767712029028,,EA,0,2026-10-20,,,,,,,,,,,,,,,,,,,,,
200,7712029,00967712029290,767712029029,,EA,0,2026-10-20,,,,,,,,,,,,,,,,,,,,,
200,7712029,00967712029300,767712029030,,EA,0,2026-10-20,,,,,,,,,,,,,,,,,,,,,
200,7712029,00967712029310,767712029031,,EA,0,2026-10-20,,,,,,,,,,,,,,,,,,,,,
200,7712029,00967712029320,767712029032,,EA,0,2026-11-03,,,,,,,,,,,,,,,,,,,,,
200,7712029,00967712029330,767712029033,,EA,0,2026-10-20,,,,,,,,,,,,,,,,,,,,,
200,7712029,00967712029340,767712029034,,EA,0,2026-10-20,,,,,,,,,,,,,,,,,,,,,
200,7712029,00967712029350,767712029035,,ME,0,2026-10-20,,,,,,,,,,,,,,,,,,,,,
200,7712029,00967712029360,767712029036,,EA,0,2026-10-20,,,,,,,,,,,,,,,,,,,,,
200,7712028,0096771202810,76771202801,,EA,0,2026-11-17,,,,,,,,,,,,,,,,,,,,,
200,7712028,0096771202820,76771202802,,EA,0,2026-11-17,,,,,,,,,,,,,,,,,,,,,
200,7712028,0096771202830,76771202803,,EA,0,2026-10-20,,,,,,,,,,,,,,,,,,,,,
200,7712028,0096771202840,76771202804,,EA,0,2026-10-20,,,,,,,,,,,,,,,,,,,,,
200,7712028,0096771202850,76771202805,,EA,0,2026-10-20,,,,,,,,,,,,,,,,,,,,,
200,7712028,0096771202860,76771202806,,EA,0,2026-10-20,,,,,,,,,,,,,,,,,,,,,
200,7712028,0096771202870,76771202807,,EA,0,2026-10-20,,,,,,,,,,,,,,,,,,,,,
200,7712028,0096771202880,76771202808,,EA,0,2026-11-17,,,,,,,,,,,,,,,,,,,,,
200,7712028,0096771202890,76771202809,,EA,0,2026-11-17,,,,,,,,,,,,,,,,,,,,,
200,7712028,00967712028100,767712028010,,EA,0,2026-11-17,,,,,,,,,,,,,,,,,,,,,
200,7712028,00967712028110,767712028011,,EA,0,2026-11-03,,,,,,,,,,,,,,,,,,,,,
200,7712028,00967712028120,767712028012,,EA,0,2026-10-20,,,,,,,,,,,,,,,,,,,,,
200,7712028,00967712028130,767712028013,,EA,0,2026-10-20,,,,,,,,,,,,,,,,,,,,,
200,7712028,00967712028140,767712028014,,EA,0,2026-11-17,,,,,,,,,,,,,,,,,,,,,
200,7712028,00967712028150,767712028015,,EA,0,2026-11-17,,,,,,,,,,,,,,,,,,,,,
200,7712028,00967712028160,767712028016,,EA,0,2026-11-17,,,,,,,,,,,,,,,,,,,,,
200,7712028,00967712028170,767712028017,,EA,0,2026-10-27,,,,,,,,,,,,,,,,,,,,,
200,7712028,00967712028180,767712028018,,EA,0,2026-10-20,,,,,,,,,,,,,,,,,,,,,
200,7712028,00967712028190,767712028019,,EA,0,2026-10-20,,,,,,,,,,,,,,,,,,,,,
200,7712028,00967712028200,767712028020,,EA,0,2026-10-20,,,,,,,,,,,,,,,,,,,,,
200,7712028,00967712028210,767712028021,,EA,0,2026-10-20,,,,,,,,,,,,,,,,,,,,,
200,7712028,00967712028220,767712028022,,EA,0,2026-10-20,,,,,,,,,,,,,,,,,,,,,
200,7712028,00967712028230,767712028023,,EA,0,2026-10-20,,,,,,,,,,,,,,,,,,,,,
200,7712028,00967712028240,767712028024,,EA,0,2026-10-20,,,,,,,,,,,,,,,,,,,,,
200,7712028,00967712028250,767712028025,,EA,0,2026-10-20,,,,,,,,,,,,,,,,,,,,,
200,7712027,0096771202710,76771202701,,EA,12,2026-08-17,,,,,,,,,,,,,,,,,,,,,
200,7712026,0096771202610,76771202601,,EA,0,2026-09-30,,,,,,,,,,,,,,,,,,,,,
200,7712025,0096771202510,76771202504,,EA,1,2026-08-17,,,,,,,,,,,,,,,,,,,,,
200,7712025,0096771202520,76771202505,,LT,1,2026-08-17,,,,,,,,,,,,,,,,,,,,,
200,7712025,0096771202530,76771202501,,EA,1,2026-08-17,,,,,,,,,,,,,,,,,,,,,
200,7712025,0096771202540,76771202502,,EA,1,2026-08-17,,,,,,,,,,,,,,,,,,,,,
200,7712025,0096771202550,76771202503,,EA,1,2026-08-17,,,,,,,,,,,,,,,,,,,,,
200,7712024,0096771202420,76771202401,,EA,4,2026-08-17,,,,,,,,,,,,,,,,,,,,,
200,7712024,0096771202490,76771202402,,EA,5,2026-08-17,,,,,,,,,,,,,,,,,,,,,
200,7712024,00967712024110,76771202403,,EA,4,2026-09-11,,,,,,,,,,,,,,,,,,,,,
200,7712024,00967712024120,76771202404,,EA,5,2026-09-11,,,,,,,,,,,,,,,,,,,,,
200,7712023,0096771202310,76771202301,,LT,0,2026-09-10,,,,,,,,,,,,,,,,,,,,,
200,7712022,0096771202290,76771202201,,EA,150,2026-08-27,,,,,,,,,,,,,,,,,,,,,
200,7712021,0096771202110,76771202101,,EA,0,2026-08-12,,,,,,,,,,,,,,,,,,,,,
200,7712020,0096771202010,76771202001,,EA,2,2026-09-10,,,,,,,,,,,,,,,,,,,,,
200,7712020,0096771202020,76771202002,,EA,15,2026-08-13,,,,,,,,,,,,,,,,,,,,,
200,7712018,0096771201820,76771201801,,EA,9,2026-08-14,,,,,,,,,,,,,,,,,,,,,
200,7712018,0096771201830,76771201802,,EA,8,2026-08-14,,,,,,,,,,,,,,,,,,,,,
200,7712018,0096771201840,76771201803,,EA,9,2026-08-14,,,,,,,,,,,,,,,,,,,,,
200,7712017,0096771201740,76771201701,,EA,0,2026-09-17,,,,,,,,,,,,,,,,,,,,,
200,7712017,0096771201780,76771201702,,EA,0,2026-09-17,,,,,,,,,,,,,,,,,,,,,
200,7712016,0096771201610,76771201601,,EA,0,2026-11-03,,,,,,,,,,,,,,,,,,,,,
200,7712011,0096771201110,76771201101,,EA,0,2026-09-24,,,,,,,,,,,,,,,,,,,,,
200,7712011,0096771201130,76771201102,,EA,0,2026-09-17,,,,,,,,,,,,,,,,,,,,,
200,7712011,0096771201160,76771201103,,EA,0,2026-09-17,,,,,,,,,,,,,,,,,,,,,
200,7712011,0096771201180,76771201104,,EA,0,2026-09-10,,,,,,,,,,,,,,,,,,,,,
200,7712011,0096771201190,76771201105,,EA,0,2026-09-17,,,,,,,,,,,,,,,,,,,,,
200,7712009,0096771200910,76771200901,,EA,0,2026-09-04,,,,,,,,,,,,,,,,,,,,,
200,7712009,0096771200920,76771200902,,EA,0,2026-09-18,,,,,,,,,,,,,,,,,,,,,
200,7712008,0096771200860,76771200801,,EA,100,2026-09-11,,,,,,,,,,,,,,,,,,,,,
200,7712006,0096771200610,76771200601,,EA,0,2026-10-30,,,,,,,,,,,,,,,,,,,,,
200,7712001,0096771200110,76771200101,,EA,0,2026-10-27,,,,,,,,,,,,,,,,,,,,,
200,7712001,0096771200120,76771200102,,EA,0,2026-10-20,,,,,,,,,,,,,,,,,,,,,
200,7712001,0096771200130,76771200103,,EA,0,2026-11-17,,,,,,,,,,,,,,,,,,,,,
200,7712001,0096771200140,76771200104,,EA,0,2026-11-17,,,,,,,,,,,,,,,,,,,,,
200,7712001,0096771200150,76771200105,,EA,0,2026-11-17,,,,,,,,,,,,,,,,,,,,,
200,7712001,0096771200160,76771200106,,EA,0,2026-10-20,,,,,,,,,,,,,,,,,,,,,
200,7712001,0096771200170,76771200107,,EA,0,2026-10-20,,,,,,,,,,,,,,,,,,,,,
200,7712001,0096771200180,76771200108,,EA,0,2026-10-20,,,,,,,,,,,,,,,,,,,,,
200,7712001,0096771200190,76771200109,,EA,0,2026-10-20,,,,,,,,,,,,,,,,,,,,,
200,7712001,00967712001100,767712001010,,EA,0,2026-10-20,,,,,,,,,,,,,,,,,,,,,
200,7712001,00967712001110,767712001011,,EA,0,2026-10-20,,,,,,,,,,,,,,,,,,,,,
200,7712001,00967712001120,767712001012,,EA,0,2026-10-27,,,,,,,,,,,,,,,,,,,,,
200,7712001,00967712001130,767712001013,,EA,0,2026-10-20,,,,,,,,,,,,,,,,,,,,,
200,7712001,00967712001140,767712001014,,EA,0,2026-10-20,,,,,,,,,,,,,,,,,,,,,
200,7712001,00967712001150,767712001015,,EA,0,2026-10-20,,,,,,,,,,,,,,,,,,,,,
200,7712001,00967712001160,767712001016,,EA,0,2026-11-17,,,,,,,,,,,,,,,,,,,,,
200,7712001,00967712001170,767712001017,,EA,0,2026-11-17,,,,,,,,,,,,,,,,,,,,,
200,7712001,00967712001180,767712001018,,EA,0,2026-11-17,,,,,,,,,,,,,,,,,,,,,
200,7712001,00967712001190,767712001019,,EA,0,2026-11-17,,,,,,,,,,,,,,,,,,,,,
200,7712001,00967712001210,767712001020,,EA,0,2026-11-24,,,,,,,,,,,,,,,,,,,,,
200,7712001,00967712001220,767712001021,,EA,0,2026-11-24,,,,,,,,,,,,,,,,,,,,,
200,7712001,00967712001230,767712001022,,EA,0,2026-10-27,,,,,,,,,,,,,,,,,,,,,
200,7712001,00967712001240,767712001023,,EA,0,2026-10-27,,,,,,,,,,,,,,,,,,,,,
200,7712001,00967712001250,767712001024,,EA,0,2026-10-27,,,,,,,,,,,,,,,,,,,,,
200,7712001,00967712001260,767712001025,,EA,0,2026-11-24,,,,,,,,,,,,,,,,,,,,,
200,7712001,00967712001270,767712001026,,EA,0,2026-11-24,,,,,,,,,,,,,,,,,,,,,
200,7712001,00967712001280,767712001027,,EA,0,2026-11-24,,,,,,,,,,,,,,,,,,,,,
200,7712001,00967712001290,767712001028,,EA,0,2026-11-24,,,,,,,,,,,,,,,,,,,,,
200,7712001,00967712001300,767712001029,,EA,0,2026-10-27,,,,,,,,,,,,,,,,,,,,,
200,7712001,00967712001310,767712001030,,EA,0,2026-10-27,,,,,,,,,,,,,,,,,,,,,
200,7712001,00967712001320,767712001031,,EA,0,2026-10-27,,,,,,,,,,,,,,,,,,,,,
200,7712001,00967712001330,767712001032,,EA,0,2026-10-27,,,,,,,,,,,,,,,,,,,,,
200,7712001,00967712001340,767712001033,,EA,0,2026-10-27,,,,,,,,,,,,,,,,,,,,,
200,7712001,00967712001350,767712001034,,EA,0,2026-10-27,,,,,,,,,,,,,,,,,,,,,
200,7712001,00967712001360,767712001035,,EA,0,2026-10-27,,,,,,,,,,,,,,,,,,,,,
200,7712001,00967712001370,767712001036,,EA,0,2026-10-27,,,,,,,,,,,,,,,,,,,,,
200,7712000,0096771200010,76771200001,,EA,0,2026-09-15,,,,,,,,,,,,,,,,,,,,,
200,7712000,0096771200020,76771200002,,EA,0,2026-10-20,,,,,,,,,,,,,,,,,,,,,
200,7712000,0096771200030,76771200003,,EA,0,2026-11-17,,,,,,,,,,,,,,,,,,,,,
200,7712000,0096771200040,76771200004,,EA,0,2026-11-17,,,,,,,,,,,,,,,,,,,,,
200,7712000,0096771200050,76771200005,,EA,0,2026-11-17,,,,,,,,,,,,,,,,,,,,,
200,7712000,0096771200060,76771200006,,EA,0,2026-10-20,,,,,,,,,,,,,,,,,,,,,
200,7712000,0096771200070,76771200007,,EA,0,2026-10-20,,,,,,,,,,,,,,,,,,,,,
200,7712000,0096771200080,76771200008,,EA,0,2026-10-20,,,,,,,,,,,,,,,,,,,,,
200,7712000,0096771200090,76771200009,,EA,0,2026-10-20,,,,,,,,,,,,,,,,,,,,,
200,7712000,00967712000100,767712000010,,EA,0,2026-10-20,,,,,,,,,,,,,,,,,,,,,
200,7712000,00967712000110,767712000011,,EA,0,2026-10-20,,,,,,,,,,,,,,,,,,,,,
200,7712000,00967712000120,767712000012,,EA,0,2026-10-20,,,,,,,,,,,,,,,,,,,,,
200,7712000,00967712000130,767712000013,,EA,0,2026-10-20,,,,,,,,,,,,,,,,,,,,,
200,7712000,00967712000140,767712000014,,EA,0,2026-10-20,,,,,,,,,,,,,,,,,,,,,
200,7712000,00967712000150,767712000015,,EA,0,2026-10-20,,,,,,,,,,,,,,,,,,,,,
200,7712000,00967712000160,767712000016,,EA,0,2026-10-20,,,,,,,,,,,,,,,,,,,,,
200,7712000,00967712000170,767712000017,,EA,0,2026-10-20,,,,,,,,,,,,,,,,,,,,,
200,7712000,00967712000180,767712000018,,EA,0,2026-11-24,,,,,,,,,,,,,,,,,,,,,
200,7712000,00967712000190,767712000019,,EA,0,2026-11-03,,,,,,,,,,,,,,,,,,,,,
200,7712000,00967712000200,767712000020,,EA,0,2026-11-17,,,,,,,,,,,,,,,,,,,,,
200,7712000,00967712000210,767712000021,,EA,0,2026-11-17,,,,,,,,,,,,,,,,,,,,,
200,7712000,00967712000220,767712000022,,EA,0,2026-11-17,,,,,,,,,,,,,,,,,,,,,
200,7712000,00967712000230,767712000023,,EA,0,2026-11-17,,,,,,,,,,,,,,,,,,,,,
200,7711999,0096771199910,76771199901,,EA,0,2026-10-16,,,,,,,,,,,,,,,,,,,,,
200,7711998,0096771199810,767711998017,,EA,143,2026-09-03,,,,,,,,,,,,,,,,,,,,,
200,7711998,0096771199810,76771199801,,EA,1,2026-08-18,,,,,,,,,,,,,,,,,,,,,
200,7711998,0096771199810,76771199809,,EA,5,2026-09-03,,,,,,,,,,,,,,,,,,,,,
200,7711998,0096771199810,767711998010,,EA,1,2026-09-03,,,,,,,,,,,,,,,,,,,,,
200,7711998,0096771199840,76771199802,,IN,147,2026-08-18,,,,,,,,,,,,,,,,,,,,,
200,7711998,0096771199840,767711998018,,IN,0,2026-08-20,,,,,,,,,,,,,,,,,,,,,
200,7711998,0096771199860,76771199803,,IN,288,2026-08-24,,,,,,,,,,,,,,,,,,,,,
200,7711998,0096771199860,767711998011,,IN,0,2026-08-26,,,,,,,,,,,,,,,,,,,,,
200,7711998,0096771199870,767711998012,,IN,0,2026-08-26,,,,,,,,,,,,,,,,,,,,,
200,7711998,0096771199870,76771199804,,IN,288,2026-08-24,,,,,,,,,,,,,,,,,,,,,
200,7711998,0096771199880,76771199805,,IN,245,2026-08-24,,,,,,,,,,,,,,,,,,,,,
200,7711998,0096771199880,767711998013,,IN,0,2026-08-26,,,,,,,,,,,,,,,,,,,,,
200,7711998,0096771199890,767711998014,,IN,0,2026-08-26,,,,,,,,,,,,,,,,,,,,,
200,7711998,0096771199890,76771199806,,IN,294,2026-08-24,,,,,,,,,,,,,,,,,,,,,
200,7711998,00967711998100,76771199807,,IN,288,2026-08-24,,,,,,,,,,,,,,,,,,,,,
200,7711998,00967711998100,767711998015,,IN,0,2026-08-26,,,,,,,,,,,,,,,,,,,,,
200,7711998,00967711998110,767711998016,,IN,0,2026-08-26,,,,,,,,,,,,,,,,,,,,,
200,7711998,00967711998110,76771199808,,IN,267,2026-08-24,,,,,,,,,,,,,,,,,,,,,
200,7711997,0096771199710,76771199701,,EA,100,2026-09-03,,,,,,,,,,,,,,,,,,,,,
200,7711994,0096771199410,76771199401,,EA,10,2026-08-17,,,,,,,,,,,,,,,,,,,,,
200,7711988,0096771198810,76771198801,,EA,0,2026-10-08,,,,,,,,,,,,,,,,,,,,,
200,7711987,0096771198720,76771198701,,EA,0,2026-09-10,,,,,,,,,,,,,,,,,,,,,
200,7711986,0096771198610,76771198601,,EA,0,2026-11-06,,,,,,,,,,,,,,,,,,,,,
200,7711985,0096771198510,76771198501,,EA,25,2026-08-07,,,,,,,,,,,,,,,,,,,,,
200,7711985,0096771198510,76771198502,,EA,25,2026-08-07,,,,,,,,,,,,,,,,,,,,,
200,7711982,0096771198220,76771198201,,EA,0,2026-09-10,,,,,,,,,,,,,,,,,,,,,
200,7711977,0096771197710,76771197701,,EA,7,2026-08-28,,,,,,,,,,,,,,,,,,,,,
200,7711977,0096771197710,76771197702,,EA,0,2026-09-24,,,,,,,,,,,,,,,,,,,,,
200,7711973,0096771197310,76771197301,,EA,0,2026-08-30,,,,,,,,,,,,,,,,,,,,,
200,7711972,0096771197210,76771197201,,LT,0,2026-08-31,,,,,,,,,,,,,,,,,,,,,
200,7711966,0096771196610,76771196601,,EA,0,2026-10-27,,,,,,,,,,,,,,,,,,,,,
200,7711966,0096771196620,76771196602,,EA,0,2026-10-27,,,,,,,,,,,,,,,,,,,,,
200,7711965,0096771196510,76771196501,,EA,0,2026-10-09,,,,,,,,,,,,,,,,,,,,,
200,7711965,0096771196520,76771196502,,EA,0,2026-10-09,,,,,,,,,,,,,,,,,,,,,
200,7711965,0096771196530,76771196503,,EA,0,2026-10-09,,,,,,,,,,,,,,,,,,,,,
200,7711965,0096771196540,76771196504,,EA,0,2026-10-09,,,,,,,,,,,,,,,,,,,,,
200,7711965,0096771196550,76771196505,,EA,0,2026-10-09,,,,,,,,,,,,,,,,,,,,,
200,7711965,0096771196560,76771196506,,EA,0,2026-10-09,,,,,,,,,,,,,,,,,,,,,
200,7711965,0096771196570,76771196507,,EA,0,2026-10-09,,,,,,,,,,,,,,,,,,,,,
200,7711965,0096771196580,76771196508,,EA,0,2026-10-09,,,,,,,,,,,,,,,,,,,,,
200,7711965,0096771196590,76771196509,,EA,0,2026-10-09,,,,,,,,,,,,,,,,,,,,,
200,7711965,00967711965100,767711965010,,EA,0,2026-10-09,,,,,,,,,,,,,,,,,,,,,
200,7711965,00967711965110,767711965011,,EA,0,2026-10-09,,,,,,,,,,,,,,,,,,,,,
200,7711965,00967711965120,767711965012,,EA,0,2026-10-09,,,,,,,,,,,,,,,,,,,,,
200,7711965,00967711965130,767711965013,,EA,0,2026-10-09,,,,,,,,,,,,,,,,,,,,,
200,7711962,0096771196210,76771196201,,EA,200,2026-09-11,,,,,,,,,,,,,,,,,,,,,
200,7711961,0096771196110,76771196101,,EA,0,2026-08-18,,,,,,,,,,,,,,,,,,,,,
200,7711961,0096771196120,76771196102,,EA,0,2026-08-10,,,,,,,,,,,,,,,,,,,,,
200,7711959,0096771195910,76771195901,,EA,0,2026-08-10,,,,,,,,,,,,,,,,,,,,,
200,7711957,0096771195710,76771195701,,EA,0,2026-09-10,,,,,,,,,,,,,,,,,,,,,
200,7711957,0096771195720,76771195702,,EA,0,2026-09-10,,,,,,,,,,,,,,,,,,,,,
200,7711956,0096771195610,76771195601,,EA,0,2026-09-10,,,,,,,,,,,,,,,,,,,,,
200,7711956,0096771195650,76771195602,,EA,0,2026-09-17,,,,,,,,,,,,,,,,,,,,,
200,7711955,0096771195510,76771195501,,IN,566,2026-08-11,,,,,,,,,,,,,,,,,,,,,
200,7711955,0096771195510,76771195505,,IN,0,2026-08-12,,,,,,,,,,,,,,,,,,,,,
200,7711955,0096771195530,76771195506,,IN,0,2026-08-12,,,,,,,,,,,,,,,,,,,,,
200,7711955,0096771195530,76771195502,,IN,147,2026-08-11,,,,,,,,,,,,,,,,,,,,,
200,7711955,0096771195540,76771195503,,IN,280,2026-08-19,,,,,,,,,,,,,,,,,,,,,
200,7711955,0096771195540,76771195507,,IN,0,2026-08-26,,,,,,,,,,,,,,,,,,,,,
200,7711955,0096771195550,76771195508,,IN,0,2026-08-26,,,,,,,,,,,,,,,,,,,,,
200,7711955,0096771195550,76771195504,,IN,147,2026-08-19,,,,,,,,,,,,,,,,,,,,,
200,7711953,0096771195310,76771195301,,EA,0,2026-11-17,,,,,,,,,,,,,,,,,,,,,
200,7711953,0096771195320,76771195302,,EA,0,2026-11-10,,,,,,,,,,,,,,,,,,,,,
200,7711953,0096771195330,76771195303,,EA,0,2026-11-10,,,,,,,,,,,,,,,,,,,,,
200,7711953,0096771195340,76771195304,,EA,0,2026-11-10,,,,,,,,,,,,,,,,,,,,,
200,7711953,0096771195350,76771195305,,EA,0,2026-10-27,,,,,,,,,,,,,,,,,,,,,
200,7711953,0096771195360,76771195306,,EA,0,2026-10-27,,,,,,,,,,,,,,,,,,,,,
200,7711953,0096771195370,76771195307,,EA,0,2026-10-27,,,,,,,,,,,,,,,,,,,,,
200,7711953,0096771195380,76771195308,,EA,0,2026-10-27,,,,,,,,,,,,,,,,,,,,,
200,7711953,0096771195390,76771195309,,EA,0,2026-10-27,,,,,,,,,,,,,,,,,,,,,
200,7711953,00967711953100,767711953010,,EA,0,2026-10-27,,,,,,,,,,,,,,,,,,,,,
200,7711953,00967711953110,767711953011,,EA,0,2026-11-17,,,,,,,,,,,,,,,,,,,,,
200,7711953,00967711953120,767711953012,,EA,0,2026-11-17,,,,,,,,,,,,,,,,,,,,,
200,7711953,00967711953130,767711953013,,EA,0,2026-11-17,,,,,,,,,,,,,,,,,,,,,
200,7711953,00967711953140,767711953014,,EA,0,2026-10-27,,,,,,,,,,,,,,,,,,,,,
200,7711953,00967711953150,767711953015,,EA,0,2026-10-27,,,,,,,,,,,,,,,,,,,,,
200,7711953,00967711953160,767711953016,,EA,0,2026-12-08,,,,,,,,,,,,,,,,,,,,,
200,7711953,00967711953170,767711953017,,EA,0,2026-11-17,,,,,,,,,,,,,,,,,,,,,
200,7711953,00967711953180,767711953018,,EA,0,2026-12-08,,,,,,,,,,,,,,,,,,,,,
200,7711953,00967711953190,767711953019,,EA,0,2026-11-24,,,,,,,,,,,,,,,,,,,,,
200,7711953,00967711953200,767711953020,,EA,0,2026-11-24,,,,,,,,,,,,,,,,,,,,,
200,7711953,00967711953210,767711953021,,EA,0,2026-11-24,,,,,,,,,,,,,,,,,,,,,
200,7711953,00967711953220,767711953022,,EA,0,2026-11-24,,,,,,,,,,,,,,,,,,,,,
200,7711953,00967711953230,767711953023,,EA,0,2026-11-24,,,,,,,,,,,,,,,,,,,,,
200,7711953,00967711953240,767711953024,,EA,0,2026-11-24,,,,,,,,,,,,,,,,,,,,,
200,7711953,00967711953250,767711953025,,EA,0,2026-11-24,,,,,,,,,,,,,,,,,,,,,
200,7711953,00967711953260,767711953026,,EA,0,2026-11-24,,,,,,,,,,,,,,,,,,,,,
200,7711953,00967711953270,767711953027,,EA,0,2026-10-20,,,,,,,,,,,,,,,,,,,,,
200,7711953,00967711953280,767711953028,,EA,0,2026-10-20,,,,,,,,,,,,,,,,,,,,,
200,7711953,00967711953290,767711953029,,EA,0,2026-10-20,,,,,,,,,,,,,,,,,,,,,
200,7711953,00967711953300,767711953030,,EA,0,2026-10-20,,,,,,,,,,,,,,,,,,,,,
200,7711953,00967711953310,767711953031,,EA,0,2026-10-20,,,,,,,,,,,,,,,,,,,,,
200,7711953,00967711953320,767711953032,,EA,0,2026-10-20,,,,,,,,,,,,,,,,,,,,,
200,7711953,00967711953330,767711953033,,EA,0,2026-10-20,,,,,,,,,,,,,,,,,,,,,
200,7711953,00967711953340,767711953034,,EA,0,2026-10-20,,,,,,,,,,,,,,,,,,,,,
200,7711953,00967711953350,767711953035,,EA,0,2026-10-20,,,,,,,,,,,,,,,,,,,,,
200,7711953,00967711953360,767711953036,,ME,0,2026-10-20,,,,,,,,,,,,,,,,,,,,,
200,7711953,00967711953370,767711953037,,EA,0,2026-10-20,,,,,,,,,,,,,,,,,,,,,
200,7711953,00967711953380,767711953038,,EA,0,2026-10-20,,,,,,,,,,,,,,,,,,,,,
200,7711952,0096771195210,76771195201,,EA,0,2026-10-27,,,,,,,,,,,,,,,,,,,,,
200,7711952,0096771195220,76771195202,,EA,0,2026-10-27,,,,,,,,,,,,,,,,,,,,,
200,7711952,0096771195230,76771195203,,EA,0,2026-10-27,,,,,,,,,,,,,,,,,,,,,
200,7711952,0096771195240,76771195204,,EA,0,2026-10-27,,,,,,,,,,,,,,,,,,,,,
200,7711952,0096771195250,76771195205,,EA,0,2026-10-27,,,,,,,,,,,,,,,,,,,,,
200,7711952,0096771195260,76771195206,,EA,0,2026-10-27,,,,,,,,,,,,,,,,,,,,,
200,7711952,0096771195270,76771195207,,EA,0,2026-11-03,,,,,,,,,,,,,,,,,,,,,
200,7711952,0096771195280,76771195208,,EA,0,2026-11-03,,,,,,,,,,,,,,,,,,,,,
200,7711952,0096771195290,76771195209,,EA,0,2026-11-03,,,,,,,,,,,,,,,,,,,,,
200,7711952,00967711952100,767711952010,,EA,0,2026-11-10,,,,,,,,,,,,,,,,,,,,,
200,7711952,00967711952110,767711952011,,EA,0,2026-11-10,,,,,,,,,,,,,,,,,,,,,
200,7711952,00967711952120,767711952012,,EA,0,2026-11-10,,,,,,,,,,,,,,,,,,,,,
200,7711952,00967711952130,767711952013,,EA,0,2026-11-10,,,,,,,,,,,,,,,,,,,,,
200,7711952,00967711952140,767711952014,,EA,0,2026-11-10,,,,,,,,,,,,,,,,,,,,,
200,7711952,00967711952150,767711952015,,EA,0,2026-11-10,,,,,,,,,,,,,,,,,,,,,
200,7711952,00967711952160,767711952016,,EA,0,2026-11-10,,,,,,,,,,,,,,,,,,,,,
200,7711952,00967711952170,767711952017,,EA,0,2026-11-10,,,,,,,,,,,,,,,,,,,,,
200,7711952,00967711952180,767711952018,,EA,0,2026-11-10,,,,,,,,,,,,,,,,,,,,,
200,7711952,00967711952190,767711952019,,EA,0,2026-11-10,,,,,,,,,,,,,,,,,,,,,
200,7711952,00967711952200,767711952020,,EA,0,2026-11-10,,,,,,,,,,,,,,,,,,,,,
200,7711952,00967711952210,767711952021,,EA,0,2026-11-10,,,,,,,,,,,,,,,,,,,,,
200,7711952,00967711952220,767711952022,,EA,0,2026-11-10,,,,,,,,,,,,,,,,,,,,,
200,7711952,00967711952230,767711952023,,EA,0,2026-11-10,,,,,,,,,,,,,,,,,,,,,
200,7711952,00967711952240,767711952024,,EA,0,2026-11-10,,,,,,,,,,,,,,,,,,,,,
200,7711952,00967711952250,767711952025,,EA,0,2026-11-10,,,,,,,,,,,,,,,,,,,,,
200,7711952,00967711952260,767711952026,,EA,0,2026-10-27,,,,,,,,,,,,,,,,,,,,,
200,7711952,00967711952270,767711952027,,EA,0,2026-10-27,,,,,,,,,,,,,,,,,,,,,
200,7711952,00967711952280,767711952028,,EA,0,2026-10-27,,,,,,,,,,,,,,,,,,,,,
200,7711952,00967711952290,767711952029,,EA,0,2026-10-27,,,,,,,,,,,,,,,,,,,,,
200,7711952,00967711952300,767711952030,,EA,0,2026-10-27,,,,,,,,,,,,,,,,,,,,,
200,7711952,00967711952310,767711952031,,EA,0,2026-10-27,,,,,,,,,,,,,,,,,,,,,
200,7711952,00967711952320,767711952032,,EA,0,2026-10-27,,,,,,,,,,,,,,,,,,,,,
200,7711952,00967711952330,767711952033,,EA,0,2026-10-27,,,,,,,,,,,,,,,,,,,,,
200,7711952,00967711952340,767711952034,,EA,0,2026-10-27,,,,,,,,,,,,,,,,,,,,,
200,7711952,00967711952350,767711952035,,EA,0,2026-11-03,,,,,,,,,,,,,,,,,,,,,
200,7711952,00967711952360,767711952036,,EA,0,2026-11-03,,,,,,,,,,,,,,,,,,,,,
200,7711952,00967711952370,767711952037,,EA,0,2026-12-08,,,,,,,,,,,,,,,,,,,,,
200,7711952,00967711952380,767711952038,,EA,0,2026-11-03,,,,,,,,,,,,,,,,,,,,,
200,7711952,00967711952390,767711952039,,EA,0,2026-11-10,,,,,,,,,,,,,,,,,,,,,
200,7711951,0096771195110,76771195101,,EA,0,2026-10-27,,,,,,,,,,,,,,,,,,,,,
200,7711951,0096771195120,76771195102,,EA,0,2026-10-27,,,,,,,,,,,,,,,,,,,,,
200,7711951,0096771195130,76771195103,,EA,0,2026-10-27,,,,,,,,,,,,,,,,,,,,,
200,7711951,0096771195140,76771195104,,EA,0,2026-10-27,,,,,,,,,,,,,,,,,,,,,
200,7711951,0096771195150,76771195105,,EA,0,2026-10-27,,,,,,,,,,,,,,,,,,,,,
200,7711951,0096771195160,76771195106,,EA,0,2026-10-27,,,,,,,,,,,,,,,,,,,,,
200,7711951,0096771195170,76771195107,,EA,0,2026-10-27,,,,,,,,,,,,,,,,,,,,,
200,7711951,0096771195180,76771195108,,EA,0,2026-10-27,,,,,,,,,,,,,,,,,,,,,
200,7711951,0096771195190,76771195109,,EA,0,2026-11-03,,,,,,,,,,,,,,,,,,,,,
200,7711951,00967711951100,767711951010,,EA,0,2026-11-03,,,,,,,,,,,,,,,,,,,,,
200,7711951,00967711951110,767711951011,,EA,0,2026-11-03,,,,,,,,,,,,,,,,,,,,,
200,7711951,00967711951120,767711951012,,EA,0,2026-11-03,,,,,,,,,,,,,,,,,,,,,
200,7711951,00967711951130,767711951013,,EA,0,2026-11-10,,,,,,,,,,,,,,,,,,,,,
200,7711951,00967711951140,767711951014,,EA,0,2026-11-10,,,,,,,,,,,,,,,,,,,,,
200,7711951,00967711951150,767711951015,,EA,0,2026-11-10,,,,,,,,,,,,,,,,,,,,,
200,7711951,00967711951160,767711951016,,EA,0,2026-11-10,,,,,,,,,,,,,,,,,,,,,
200,7711951,00967711951170,767711951017,,EA,0,2026-11-10,,,,,,,,,,,,,,,,,,,,,
200,7711951,00967711951180,767711951018,,EA,0,2026-11-10,,,,,,,,,,,,,,,,,,,,,
200,7711951,00967711951190,767711951019,,EA,0,2026-11-10,,,,,,,,,,,,,,,,,,,,,
200,7711951,00967711951200,767711951020,,EA,0,2026-11-10,,,,,,,,,,,,,,,,,,,,,
200,7711951,00967711951210,767711951021,,EA,0,2026-10-27,,,,,,,,,,,,,,,,,,,,,
200,7711951,00967711951220,767711951022,,EA,0,2026-10-27,,,,,,,,,,,,,,,,,,,,,
200,7711951,00967711951230,767711951023,,EA,0,2026-10-27,,,,,,,,,,,,,,,,,,,,,
200,7711951,00967711951240,767711951024,,EA,0,2026-10-27,,,,,,,,,,,,,,,,,,,,,
200,7711951,00967711951250,767711951025,,EA,0,2026-10-27,,,,,,,,,,,,,,,,,,,,,
200,7711951,00967711951260,767711951026,,EA,0,2026-10-27,,,,,,,,,,,,,,,,,,,,,
200,7711951,00967711951270,767711951027,,EA,0,2026-10-27,,,,,,,,,,,,,,,,,,,,,
200,7711951,00967711951280,767711951028,,EA,0,2026-10-27,,,,,,,,,,,,,,,,,,,,,
200,7711951,00967711951290,767711951029,,EA,0,2026-11-24,,,,,,,,,,,,,,,,,,,,,
200,7711951,00967711951300,767711951030,,EA,0,2026-10-27,,,,,,,,,,,,,,,,,,,,,
200,7711951,00967711951310,767711951031,,EA,0,2026-10-27,,,,,,,,,,,,,,,,,,,,,
200,7711951,00967711951320,767711951032,,EA,0,2026-10-27,,,,,,,,,,,,,,,,,,,,,
200,7711951,00967711951330,767711951033,,EA,0,2026-10-27,,,,,,,,,,,,,,,,,,,,,
200,7711951,00967711951340,767711951034,,EA,0,2026-10-27,,,,,,,,,,,,,,,,,,,,,
200,7711951,00967711951350,767711951035,,EA,0,2026-10-27,,,,,,,,,,,,,,,,,,,,,
200,7711951,00967711951360,767711951036,,EA,0,2026-10-27,,,,,,,,,,,,,,,,,,,,,
200,7711951,00967711951370,767711951037,,EA,0,2026-10-27,,,,,,,,,,,,,,,,,,,,,
200,7711951,00967711951380,767711951038,,EA,0,2026-10-27,,,,,,,,,,,,,,,,,,,,,
200,7711951,00967711951390,767711951039,,EA,0,2026-10-27,,,,,,,,,,,,,,,,,,,,,
200,7711950,0096771195010,76771195001,,EA,0,2026-09-15,,,,,,,,,,,,,,,,,,,,,
200,7711950,0096771195020,76771195002,,EA,0,2026-10-27,,,,,,,,,,,,,,,,,,,,,
200,7711950,0096771195030,76771195003,,EA,0,2026-10-27,,,,,,,,,,,,,,,,,,,,,
200,7711950,0096771195040,76771195004,,EA,0,2026-10-27,,,,,,,,,,,,,,,,,,,,,
200,7711950,0096771195050,76771195005,,EA,0,2026-10-27,,,,,,,,,,,,,,,,,,,,,
200,7711950,0096771195060,76771195006,,EA,0,2026-10-27,,,,,,,,,,,,,,,,,,,,,
200,7711950,0096771195070,76771195007,,EA,0,2026-10-27,,,,,,,,,,,,,,,,,,,,,
200,7711950,0096771195080,76771195008,,EA,0,2026-11-03,,,,,,,,,,,,,,,,,,,,,
200,7711950,0096771195090,76771195009,,EA,0,2026-11-03,,,,,,,,,,,,,,,,,,,,,
200,7711950,00967711950100,767711950010,,EA,0,2026-11-03,,,,,,,,,,,,,,,,,,,,,
200,7711950,00967711950110,767711950011,,EA,0,2026-11-03,,,,,,,,,,,,,,,,,,,,,
200,7711950,00967711950120,767711950012,,EA,0,2026-11-03,,,,,,,,,,,,,,,,,,,,,
200,7711950,00967711950130,767711950013,,EA,0,2026-11-17,,,,,,,,,,,,,,,,,,,,,
200,7711950,00967711950140,767711950014,,EA,0,2026-11-17,,,,,,,,,,,,,,,,,,,,,
200,7711950,00967711950150,767711950015,,EA,0,2026-11-17,,,,,,,,,,,,,,,,,,,,,
200,7711950,00967711950160,767711950016,,EA,0,2026-11-17,,,,,,,,,,,,,,,,,,,,,
200,7711950,00967711950170,767711950017,,EA,0,2026-11-17,,,,,,,,,,,,,,,,,,,,,
200,7711950,00967711950180,767711950018,,EA,0,2026-11-24,,,,,,,,,,,,,,,,,,,,,
200,7711950,00967711950190,767711950019,,EA,0,2026-11-24,,,,,,,,,,,,,,,,,,,,,
200,7711950,00967711950200,767711950020,,EA,0,2026-11-24,,,,,,,,,,,,,,,,,,,,,
200,7711950,00967711950210,767711950021,,EA,0,2026-11-24,,,,,,,,,,,,,,,,,,,,,
200,7711950,00967711950220,767711950022,,EA,0,2026-11-24,,,,,,,,,,,,,,,,,,,,,
200,7711950,00967711950230,767711950023,,EA,0,2026-11-24,,,,,,,,,,,,,,,,,,,,,
200,7711950,00967711950240,767711950024,,EA,0,2026-11-24,,,,,,,,,,,,,,,,,,,,,
200,7711950,00967711950250,767711950025,,EA,0,2026-11-24,,,,,,,,,,,,,,,,,,,,,
200,7711950,00967711950260,767711950026,,EA,0,2026-11-24,,,,,,,,,,,,,,,,,,,,,
200,7711950,00967711950270,767711950027,,EA,0,2026-11-24,,,,,,,,,,,,,,,,,,,,,
200,7711950,00967711950280,767711950028,,EA,0,2026-11-24,,,,,,,,,,,,,,,,,,,,,
200,7711950,00967711950290,767711950029,,EA,0,2026-11-24,,,,,,,,,,,,,,,,,,,,,
200,7711950,00967711950300,767711950030,,EA,0,2026-11-24,,,,,,,,,,,,,,,,,,,,,
200,7711950,00967711950310,767711950031,,EA,0,2026-11-24,,,,,,,,,,,,,,,,,,,,,
200,7711950,00967711950320,767711950032,,EA,0,2026-11-24,,,,,,,,,,,,,,,,,,,,,
200,7711950,00967711950330,767711950033,,EA,0,2026-11-24,,,,,,,,,,,,,,,,,,,,,
200,7711950,00967711950340,767711950034,,EA,0,2026-11-10,,,,,,,,,,,,,,,,,,,,,
200,7711950,00967711950350,767711950035,,EA,0,2026-10-27,,,,,,,,,,,,,,,,,,,,,
200,7711950,00967711950360,767711950036,,EA,0,2026-10-27,,,,,,,,,,,,,,,,,,,,,
200,7711949,0096771194910,76771194901,,EA,0,2026-09-15,,,,,,,,,,,,,,,,,,,,,
200,7711949,0096771194920,76771194902,,EA,0,2026-10-13,,,,,,,,,,,,,,,,,,,,,
200,7711949,0096771194930,76771194903,,EA,0,2026-11-10,,,,,,,,,,,,,,,,,,,,,
200,7711949,0096771194940,76771194904,,EA,0,2026-11-10,,,,,,,,,,,,,,,,,,,,,
200,7711949,0096771194950,76771194905,,EA,0,2026-11-10,,,,,,,,,,,,,,,,,,,,,
200,7711949,0096771194960,76771194906,,EA,0,2026-11-10,,,,,,,,,,,,,,,,,,,,,
200,7711949,0096771194970,76771194907,,EA,0,2026-11-10,,,,,,,,,,,,,,,,,,,,,
200,7711949,0096771194980,76771194908,,EA,0,2026-11-10,,,,,,,,,,,,,,,,,,,,,
200,7711949,0096771194990,76771194909,,EA,0,2026-11-10,,,,,,,,,,,,,,,,,,,,,
200,7711949,00967711949100,767711949010,,EA,0,2026-10-13,,,,,,,,,,,,,,,,,,,,,
200,7711949,00967711949110,767711949011,,EA,0,2026-10-27,,,,,,,,,,,,,,,,,,,,,
200,7711949,00967711949120,767711949012,,EA,0,2026-10-27,,,,,,,,,,,,,,,,,,,,,
200,7711949,00967711949130,767711949013,,EA,0,2026-10-27,,,,,,,,,,,,,,,,,,,,,
200,7711949,00967711949140,767711949014,,EA,0,2026-10-27,,,,,,,,,,,,,,,,,,,,,
200,7711949,00967711949150,767711949015,,EA,0,2026-10-27,,,,,,,,,,,,,,,,,,,,,
200,7711949,00967711949160,767711949016,,EA,0,2026-10-27,,,,,,,,,,,,,,,,,,,,,
200,7711949,00967711949170,767711949017,,EA,0,2026-10-27,,,,,,,,,,,,,,,,,,,,,
200,7711949,00967711949180,767711949018,,EA,0,2026-10-27,,,,,,,,,,,,,,,,,,,,,
200,7711949,00967711949190,767711949019,,EA,0,2026-10-13,,,,,,,,,,,,,,,,,,,,,
200,7711949,00967711949200,767711949020,,EA,0,2026-10-13,,,,,,,,,,,,,,,,,,,,,
200,7711949,00967711949210,767711949021,,EA,0,2026-10-20,,,,,,,,,,,,,,,,,,,,,
200,7711949,00967711949220,767711949022,,EA,0,2026-10-20,,,,,,,,,,,,,,,,,,,,,
200,7711949,00967711949230,767711949023,,EA,0,2026-10-20,,,,,,,,,,,,,,,,,,,,,
200,7711949,00967711949240,767711949024,,EA,0,2026-10-27,,,,,,,,,,,,,,,,,,,,,
200,7711949,00967711949250,767711949025,,EA,0,2026-10-13,,,,,,,,,,,,,,,,,,,,,
200,7711949,00967711949260,767711949026,,EA,0,2026-10-13,,,,,,,,,,,,,,,,,,,,,
200,7711949,00967711949270,767711949027,,EA,0,2026-10-13,,,,,,,,,,,,,,,,,,,,,
200,7711949,00967711949280,767711949028,,EA,0,2026-11-17,,,,,,,,,,,,,,,,,,,,,
200,7711949,00967711949290,767711949029,,EA,0,2026-11-17,,,,,,,,,,,,,,,,,,,,,
200,7711949,00967711949300,767711949030,,EA,0,2026-11-17,,,,,,,,,,,,,,,,,,,,,
200,7711949,00967711949310,767711949031,,EA,0,2026-11-17,,,,,,,,,,,,,,,,,,,,,
200,7711949,00967711949320,767711949032,,EA,0,2026-11-17,,,,,,,,,,,,,,,,,,,,,
200,7711949,00967711949330,767711949033,,EA,0,2026-11-17,,,,,,,,,,,,,,,,,,,,,
200,7711949,00967711949340,767711949034,,EA,0,2026-11-17,,,,,,,,,,,,,,,,,,,,,
200,7711949,00967711949350,767711949035,,EA,0,2026-11-17,,,,,,,,,,,,,,,,,,,,,
200,7711949,00967711949360,767711949036,,EA,0,2026-11-17,,,,,,,,,,,,,,,,,,,,,
200,7711949,00967711949370,767711949037,,EA,0,2026-11-17,,,,,,,,,,,,,,,,,,,,,
200,7711949,00967711949380,767711949038,,EA,0,2026-11-24,,,,,,,,,,,,,,,,,,,,,
200,7711949,00967711949390,767711949039,,EA,0,2026-11-24,,,,,,,,,,,,,,,,,,,,,
200,7711948,0096771194810,76771194801,,EA,9,2026-08-11,,,,,,,,,,,,,,,,,,,,,
200,7711946,0096771194620,76771194601,,EA,0,2026-09-10,,,,,,,,,,,,,,,,,,,,,
200,7711935,0096771193510,76771193501,,EA,1,2026-08-04,,,,,,,,,,,,,,,,,,,,,
200,7711931,0096771193110,76771193101,,EA,10,2026-08-04,,,,,,,,,,,,,,,,,,,,,
200,7711931,0096771193120,76771193102,,EA,1,2026-08-05,,,,,,,,,,,,,,,,,,,,,
200,7711931,0096771193120,76771193104,,EA,-1,2026-08-05,,,,,,,,,,,,,,,,,,,,,
200,7711931,0096771193120,76771193105,,EA,0,2026-07-31,,,,,,,,,,,,,,,,,,,,,
200,7711931,0096771193130,76771193103,,EA,10,2026-07-31,,,,,,,,,,,,,,,,,,,,,
200,7711927,0096771192710,76771192701,,EA,6,2026-08-11,,,,,,,,,,,,,,,,,,,,,
200,7711927,0096771192720,76771192702,,EA,16,2026-08-11,,,,,,,,,,,,,,,,,,,,,
200,7711927,0096771192730,76771192703,,EA,24,2026-08-11,,,,,,,,,,,,,,,,,,,,,
200,7711927,0096771192740,76771192704,,EA,60,2026-08-11,,,,,,,,,,,,,,,,,,,,,
200,7711927,0096771192750,76771192705,,EA,5,2026-08-11,,,,,,,,,,,,,,,,,,,,,
200,7711918,0096771191850,76771191801,,EA,0,2026-09-10,,,,,,,,,,,,,,,,,,,,,
200,7711911,0096771191110,76771191101,,EA,0,2026-08-28,,,,,,,,,,,,,,,,,,,,,
200,7711911,0096771191120,76771191102,,EA,0,2026-08-25,,,,,,,,,,,,,,,,,,,,,
200,7711911,0096771191130,76771191103,,EA,0,2026-08-28,,,,,,,,,,,,,,,,,,,,,
200,7711909,0096771190910,76771190901,,EA,1,2026-07-31,,,,,,,,,,,,,,,,,,,,,
200,7711908,0096771190810,76771190801,,EA,0,2026-09-25,,,,,,,,,,,,,,,,,,,,,
200,7711908,0096771190820,76771190802,,EA,0,2026-09-25,,,,,,,,,,,,,,,,,,,,,
200,7711908,0096771190830,76771190803,,EA,0,2026-09-25,,,,,,,,,,,,,,,,,,,,,
200,7711908,0096771190840,76771190804,,EA,0,2026-09-25,,,,,,,,,,,,,,,,,,,,,
200,7711908,0096771190850,76771190805,,EA,0,2026-09-25,,,,,,,,,,,,,,,,,,,,,
200,7711908,0096771190860,76771190806,,EA,0,2026-09-25,,,,,,,,,,,,,,,,,,,,,
200,7711908,0096771190870,76771190807,,EA,0,2026-09-25,,,,,,,,,,,,,,,,,,,,,
200,7711906,0096771190610,76771190601,,EA,0,2026-10-08,,,,,,,,,,,,,,,,,,,,,
200,7711904,0096771190410,76771190401,,EA,0,2026-09-14,,,,,,,,,,,,,,,,,,,,,
200,7711903,0096771190330,767711903010,,IN,0,2026-08-13,,,,,,,,,,,,,,,,,,,,,
200,7711903,0096771190330,76771190301,,IN,240,2026-08-12,,,,,,,,,,,,,,,,,,,,,
200,7711903,0096771190340,76771190302,,IN,120,2026-08-12,,,,,,,,,,,,,,,,,,,,,
200,7711903,0096771190340,767711903011,,IN,0,2026-08-13,,,,,,,,,,,,,,,,,,,,,
200,7711903,0096771190350,767711903012,,IN,0,2026-08-13,,,,,,,,,,,,,,,,,,,,,
200,7711903,0096771190350,76771190303,,IN,252,2026-08-12,,,,,,,,,,,,,,,,,,,,,
200,7711903,0096771190360,76771190304,,IN,289,2026-08-12,,,,,,,,,,,,,,,,,,,,,
200,7711903,0096771190360,767711903013,,IN,0,2026-08-13,,,,,,,,,,,,,,,,,,,,,
200,7711903,0096771190370,76771190309,,IN,0,2026-08-13,,,,,,,,,,,,,,,,,,,,,
200,7711903,0096771190370,76771190305,,IN,120,2026-08-24,,,,,,,,,,,,,,,,,,,,,
200,7711903,0096771190380,76771190306,,IN,247,2026-08-14,,,,,,,,,,,,,,,,,,,,,
200,7711903,0096771190380,76771190308,,IN,0,2026-08-13,,,,,,,,,,,,,,,,,,,,,
200,7711903,0096771190390,767711903014,,IN,0,2026-08-13,,,,,,,,,,,,,,,,,,,,,
200,7711903,0096771190390,76771190307,,IN,279,2026-08-12,,,,,,,,,,,,,,,,,,,,,
200,7711901,0096771190110,76771190101,,EA,300,2026-09-11,,,,,,,,,,,,,,,,,,,,,
200,7711896,0096771189640,76771189601,,EA,4,2026-09-11,,,,,,,,,,,,,,,,,,,,,
200,7711892,0096771189210,76771189201,,LT,0,2026-07-30,,,,,,,,,,,,,,,,,,,,,
200,7711889,0096771188910,76771188901,,EA,2,2026-07-28,,,,,,,,,,,,,,,,,,,,,
200,7711889,0096771188920,76771188902,,EA,3,2026-07-29,,,,,,,,,,,,,,,,,,,,,
200,7711889,0096771188930,76771188903,,EA,2,2026-07-28,,,,,,,,,,,,,,,,,,,,,
200,7711889,0096771188940,76771188904,,EA,1,2026-07-28,,,,,,,,,,,,,,,,,,,,,
200,7711886,0096771188620,76771188601,,EA,0,2026-09-10,,,,,,,,,,,,,,,,,,,,,
200,7711881,0096771188120,76771188101,,EA,0,2026-09-17,,,,,,,,,,,,,,,,,,,,,
200,7711875,0096771187520,76771187501,,EA,0,2026-09-10,,,,,,,,,,,,,,,,,,,,,
200,7711874,0096771187410,76771187401,,EA,0,2026-09-29,,,,,,,,,,,,,,,,,,,,,
200,7711872,0096771187210,76771187201,,EA,12,2026-08-27,,,,,,,,,,,,,,,,,,,,,
200,7711869,0096771186910,76771186901,,EA,0,2026-09-30,,,,,,,,,,,,,,,,,,,,,
200,7711869,0096771186920,76771186902,,EA,0,2026-11-13,,,,,,,,,,,,,,,,,,,,,
200,7711869,0096771186930,76771186903,,EA,0,2026-10-27,,,,,,,,,,,,,,,,,,,,,
200,7711869,0096771186940,76771186904,,EA,0,2026-10-20,,,,,,,,,,,,,,,,,,,,,
200,7711869,0096771186950,76771186905,,EA,0,2026-10-20,,,,,,,,,,,,,,,,,,,,,
200,7711869,0096771186960,76771186906,,EA,0,2026-09-30,,,,,,,,,,,,,,,,,,,,,
200,7711869,0096771186970,76771186907,,EA,0,2026-09-30,,,,,,,,,,,,,,,,,,,,,
200,7711869,0096771186980,76771186908,,EA,0,2026-09-30,,,,,,,,,,,,,,,,,,,,,
200,7711868,0096771186810,76771186801,,EA,0,2026-09-30,,,,,,,,,,,,,,,,,,,,,
200,7711868,0096771186820,76771186802,,EA,0,2026-10-27,,,,,,,,,,,,,,,,,,,,,
200,7711868,0096771186830,76771186803,,EA,0,2026-10-27,,,,,,,,,,,,,,,,,,,,,
200,7711868,0096771186840,76771186804,,EA,0,2026-09-30,,,,,,,,,,,,,,,,,,,,,
200,7711868,0096771186850,76771186805,,EA,0,2026-09-30,,,,,,,,,,,,,,,,,,,,,
200,7711868,0096771186860,76771186806,,EA,0,2026-09-30,,,,,,,,,,,,,,,,,,,,,
200,7711868,0096771186870,76771186807,,EA,0,2026-11-10,,,,,,,,,,,,,,,,,,,,,
200,7711868,0096771186880,76771186808,,EA,0,2026-11-10,,,,,,,,,,,,,,,,,,,,,
200,7711868,0096771186890,76771186809,,EA,0,2026-10-13,,,,,,,,,,,,,,,,,,,,,
200,7711868,00967711868100,767711868010,,EA,0,2026-10-20,,,,,,,,,,,,,,,,,,,,,
200,7711868,00967711868110,767711868011,,EA,0,2026-11-10,,,,,,,,,,,,,,,,,,,,,
200,7711868,00967711868120,767711868012,,EA,0,2026-11-10,,,,,,,,,,,,,,,,,,,,,
200,7711868,00967711868130,767711868013,,EA,0,2026-10-20,,,,,,,,,,,,,,,,,,,,,
200,7711868,00967711868140,767711868014,,EA,0,2026-11-17,,,,,,,,,,,,,,,,,,,,,
200,7711868,00967711868150,767711868015,,EA,0,2026-11-17,,,,,,,,,,,,,,,,,,,,,
200,7711868,00967711868160,767711868016,,EA,0,2026-11-17,,,,,,,,,,,,,,,,,,,,,
200,7711867,0096771186710,76771186701,,EA,144,2026-08-06,,,,,,,,,,,,,,,,,,,,,
200,7711867,0096771186710,76771186708,,EA,0,2026-08-06,,,,,,,,,,,,,,,,,,,,,
200,7711867,0096771186720,76771186707,,IN,0,2026-08-14,,,,,,,,,,,,,,,,,,,,,
200,7711867,0096771186720,76771186702,,IN,59,2026-08-03,,,,,,,,,,,,,,,,,,,,,
200,7711867,0096771186730,76771186703,,IN,288,2026-07-31,,,,,,,,,,,,,,,,,,,,,
200,7711867,0096771186730,76771186709,,IN,0,2026-08-21,,,,,,,,,,,,,,,,,,,,,
200,7711867,0096771186740,767711867010,,IN,0,2026-07-28,,,,,,,,,,,,,,,,,,,,,
200,7711867,0096771186740,76771186704,,IN,147,2026-07-31,,,,,,,,,,,,,,,,,,,,,
200,7711867,0096771186750,76771186705,,IN,126,2026-07-31,,,,,,,,,,,,,,,,,,,,,
200,7711867,0096771186750,767711867011,,IN,0,2026-08-10,,,,,,,,,,,,,,,,,,,,,
200,7711867,0096771186760,767711867012,,IN,0,2026-08-12,,,,,,,,,,,,,,,,,,,,,
200,7711867,0096771186760,76771186706,,IN,284,2026-07-31,,,,,,,,,,,,,,,,,,,,,
200,7711863,0096771186310,76771186301,,EA,0,2026-09-25,,,,,,,,,,,,,,,,,,,,,
200,7711863,0096771186320,76771186302,,EA,0,2026-09-25,,,,,,,,,,,,,,,,,,,,,
200,7711863,0096771186330,76771186303,,EA,0,2026-09-25,,,,,,,,,,,,,,,,,,,,,
200,7711863,0096771186340,76771186304,,EA,0,2026-09-25,,,,,,,,,,,,,,,,,,,,,
200,7711863,0096771186350,76771186305,,EA,0,2026-09-25,,,,,,,,,,,,,,,,,,,,,
200,7711863,0096771186360,76771186306,,EA,0,2026-09-25,,,,,,,,,,,,,,,,,,,,,
200,7711857,0096771185770,76771185701,,EA,0,2026-09-10,,,,,,,,,,,,,,,,,,,,,
200,7711856,0096771185610,76771185601,,EA,0,2026-11-03,,,,,,,,,,,,,,,,,,,,,
200,7711856,0096771185620,76771185602,,EA,0,2026-11-03,,,,,,,,,,,,,,,,,,,,,
200,7711856,0096771185630,76771185603,,EA,0,2026-10-20,,,,,,,,,,,,,,,,,,,,,
200,7711856,0096771185640,76771185604,,EA,0,2026-11-03,,,,,,,,,,,,,,,,,,,,,
200,7711856,0096771185650,76771185605,,EA,0,2026-10-06,,,,,,,,,,,,,,,,,,,,,
200,7711856,0096771185660,76771185606,,EA,0,2026-10-20,,,,,,,,,,,,,,,,,,,,,
200,7711856,0096771185670,76771185607,,EA,0,2026-11-13,,,,,,,,,,,,,,,,,,,,,
200,7711856,0096771185680,76771185608,,EA,0,2026-10-20,,,,,,,,,,,,,,,,,,,,,
200,7711856,0096771185690,76771185609,,EA,0,2026-11-03,,,,,,,,,,,,,,,,,,,,,
200,7711856,00967711856100,767711856010,,EA,0,2026-11-17,,,,,,,,,,,,,,,,,,,,,
200,7711856,00967711856110,767711856011,,EA,0,2026-11-17,,,,,,,,,,,,,,,,,,,,,
200,7711856,00967711856120,767711856012,,EA,0,2026-11-17,,,,,,,,,,,,,,,,,,,,,
200,7711856,00967711856130,767711856013,,EA,0,2026-10-20,,,,,,,,,,,,,,,,,,,,,
200,7711856,00967711856140,767711856014,,EA,0,2026-11-03,,,,,,,,,,,,,,,,,,,,,
200,7711856,00967711856150,767711856015,,EA,0,2026-11-03,,,,,,,,,,,,,,,,,,,,,
200,7711856,00967711856160,767711856016,,EA,0,2026-11-17,,,,,,,,,,,,,,,,,,,,,
200,7711856,00967711856170,767711856017,,EA,0,2026-10-20,,,,,,,,,,,,,,,,,,,,,
200,7711856,00967711856180,767711856018,,EA,0,2026-10-13,,,,,,,,,,,,,,,,,,,,,
200,7711856,00967711856190,767711856019,,EA,0,2026-10-27,,,,,,,,,,,,,,,,,,,,,
200,7711855,0096771185510,76771185501,,EA,0,2026-10-27,,,,,,,,,,,,,,,,,,,,,
200,7711855,0096771185520,76771185502,,EA,0,2026-10-27,,,,,,,,,,,,,,,,,,,,,
200,7711855,0096771185530,76771185503,,EA,0,2026-10-06,,,,,,,,,,,,,,,,,,,,,
200,7711855,0096771185540,76771185504,,EA,0,2026-10-06,,,,,,,,,,,,,,,,,,,,,
200,7711855,0096771185550,76771185505,,EA,0,2026-11-17,,,,,,,,,,,,,,,,,,,,,
200,7711855,0096771185560,76771185506,,EA,0,2026-11-17,,,,,,,,,,,,,,,,,,,,,
200,7711855,0096771185570,76771185507,,EA,0,2026-11-17,,,,,,,,,,,,,,,,,,,,,
200,7711855,0096771185580,76771185508,,EA,0,2026-09-15,,,,,,,,,,,,,,,,,,,,,
200,7711855,0096771185590,76771185509,,EA,0,2026-10-27,,,,,,,,,,,,,,,,,,,,,
200,7711855,00967711855100,767711855010,,EA,0,2026-10-27,,,,,,,,,,,,,,,,,,,,,
200,7711855,00967711855110,767711855011,,EA,0,2026-11-17,,,,,,,,,,,,,,,,,,,,,
200,7711855,00967711855120,767711855012,,EA,0,2026-11-17,,,,,,,,,,,,,,,,,,,,,
200,7711855,00967711855130,767711855013,,EA,0,2026-10-27,,,,,,,,,,,,,,,,,,,,,
200,7711855,00967711855140,767711855014,,EA,0,2026-10-27,,,,,,,,,,,,,,,,,,,,,
200,7711855,00967711855150,767711855015,,EA,0,2026-10-27,,,,,,,,,,,,,,,,,,,,,
200,7711855,00967711855160,767711855016,,EA,0,2026-10-27,,,,,,,,,,,,,,,,,,,,,
200,7711855,00967711855170,767711855017,,EA,0,2026-10-27,,,,,,,,,,,,,,,,,,,,,
200,7711855,00967711855180,767711855018,,EA,0,2026-10-27,,,,,,,,,,,,,,,,,,,,,
200,7711855,00967711855190,767711855019,,EA,0,2026-10-27,,,,,,,,,,,,,,,,,,,,,
200,7711855,00967711855200,767711855020,,EA,0,2026-10-27,,,,,,,,,,,,,,,,,,,,,
200,7711855,00967711855210,767711855021,,EA,0,2026-10-27,,,,,,,,,,,,,,,,,,,,,
200,7711849,0096771184910,76771184901,,EA,4,2026-07-23,,,,,,,,,,,,,,,,,,,,,
200,7711847,0096771184720,76771184701,,EA,2,2026-07-22,,,,,,,,,,,,,,,,,,,,,
200,7711847,0096771184730,76771184702,,EA,3,2026-07-22,,,,,,,,,,,,,,,,,,,,,
200,7711847,0096771184740,76771184703,,EA,10,2026-07-22,,,,,,,,,,,,,,,,,,,,,
200,7711847,0096771184750,76771184704,,EA,10,2026-07-22,,,,,,,,,,,,,,,,,,,,,
200,7711845,0096771184520,76771184501,,EA,8,2026-07-22,,,,,,,,,,,,,,,,,,,,,
200,7711845,0096771184520,76771184502,,EA,2,2026-07-22,,,,,,,,,,,,,,,,,,,,,
200,7711843,0096771184320,76771184301,,EA,50,2026-08-07,,,,,,,,,,,,,,,,,,,,,
200,7711843,0096771184320,76771184304,,EA,250,2026-09-03,,,,,,,,,,,,,,,,,,,,,
200,7711843,0096771184330,76771184302,,EA,0,2026-08-21,,,,,,,,,,,,,,,,,,,,,
200,7711843,0096771184340,76771184303,,EA,25,2026-08-07,,,,,,,,,,,,,,,,,,,,,
200,7711836,0096771183610,76771183601,,EA,0,2026-09-24,,,,,,,,,,,,,,,,,,,,,
200,7711831,0096771183110,76771183101,,EA,25,2026-07-22,,,,,,,,,,,,,,,,,,,,,
200,7711831,0096771183110,76771183102,,EA,0,2026-08-21,,,,,,,,,,,,,,,,,,,,,
200,7711830,0096771183010,76771183001,,EA,0,2026-10-12,,,,,,,,,,,,,,,,,,,,,
200,7711830,0096771183050,76771183002,,EA,0,2026-10-12,,,,,,,,,,,,,,,,,,,,,
200,7711828,0096771182810,76771182801,,EA,0,2026-09-25,,,,,,,,,,,,,,,,,,,,,
200,7711828,0096771182820,76771182802,,EA,0,2026-09-25,,,,,,,,,,,,,,,,,,,,,
200,7711828,0096771182830,76771182803,,EA,0,2026-09-25,,,,,,,,,,,,,,,,,,,,,
200,7711828,0096771182840,76771182804,,EA,0,2026-09-25,,,,,,,,,,,,,,,,,,,,,
200,7711828,0096771182850,76771182805,,EA,0,2026-09-25,,,,,,,,,,,,,,,,,,,,,
200,7711828,0096771182860,76771182806,,EA,0,2026-09-25,,,,,,,,,,,,,,,,,,,,,
200,7711826,00967711826240,76771182601,,EA,30,2026-09-10,,,,,,,,,,,,,,,,,,,,,
200,7711821,0096771182140,76771182101,,EA,25,2026-09-11,,,,,,,,,,,,,,,,,,,,,
200,7711815,0096771181510,76771181501,,EA,0,2026-10-27,,,,,,,,,,,,,,,,,,,,,
200,7711815,0096771181520,76771181502,,EA,0,2026-10-27,,,,,,,,,,,,,,,,,,,,,
200,7711815,0096771181530,76771181503,,EA,0,2026-10-27,,,,,,,,,,,,,,,,,,,,,
200,7711815,0096771181540,76771181504,,EA,0,2026-10-27,,,,,,,,,,,,,,,,,,,,,
200,7711815,0096771181550,76771181505,,EA,0,2026-10-27,,,,,,,,,,,,,,,,,,,,,
200,7711815,0096771181560,76771181506,,EA,0,2026-10-27,,,,,,,,,,,,,,,,,,,,,
200,7711815,0096771181570,76771181507,,EA,0,2026-10-27,,,,,,,,,,,,,,,,,,,,,
200,7711815,0096771181580,76771181508,,EA,0,2026-10-27,,,,,,,,,,,,,,,,,,,,,
200,7711815,0096771181590,76771181509,,EA,0,2026-10-20,,,,,,,,,,,,,,,,,,,,,
200,7711815,00967711815100,767711815010,,EA,0,2026-10-20,,,,,,,,,,,,,,,,,,,,,
200,7711815,00967711815110,767711815011,,EA,0,2026-11-10,,,,,,,,,,,,,,,,,,,,,
200,7711815,00967711815120,767711815012,,EA,0,2026-11-10,,,,,,,,,,,,,,,,,,,,,
200,7711815,00967711815130,767711815013,,EA,0,2026-11-10,,,,,,,,,,,,,,,,,,,,,
200,7711815,00967711815140,767711815014,,EA,0,2026-11-10,,,,,,,,,,,,,,,,,,,,,
200,7711815,00967711815150,767711815015,,EA,0,2026-10-27,,,,,,,,,,,,,,,,,,,,,
200,7711815,00967711815160,767711815016,,EA,0,2026-11-10,,,,,,,,,,,,,,,,,,,,,
200,7711815,00967711815170,767711815017,,EA,0,2026-11-10,,,,,,,,,,,,,,,,,,,,,
200,7711815,00967711815180,767711815018,,EA,0,2026-11-10,,,,,,,,,,,,,,,,,,,,,
200,7711815,00967711815190,767711815019,,EA,0,2026-11-10,,,,,,,,,,,,,,,,,,,,,
200,7711815,00967711815200,767711815020,,EA,0,2026-10-27,,,,,,,,,,,,,,,,,,,,,
200,7711815,00967711815210,767711815021,,EA,0,2026-09-30,,,,,,,,,,,,,,,,,,,,,
200,7711815,00967711815220,767711815022,,EA,0,2026-09-30,,,,,,,,,,,,,,,,,,,,,
200,7711815,00967711815230,767711815023,,EA,0,2026-09-30,,,,,,,,,,,,,,,,,,,,,
200,7711815,00967711815240,767711815024,,EA,0,2026-09-30,,,,,,,,,,,,,,,,,,,,,
200,7711815,00967711815250,767711815025,,EA,0,2026-09-30,,,,,,,,,,,,,,,,,,,,,
200,7711815,00967711815260,767711815026,,EA,0,2026-09-30,,,,,,,,,,,,,,,,,,,,,
200,7711815,00967711815270,767711815027,,EA,0,2026-09-30,,,,,,,,,,,,,,,,,,,,,
200,7711814,0096771181410,76771181401,,EA,0,2026-10-06,,,,,,,,,,,,,,,,,,,,,
200,7711814,0096771181420,76771181402,,EA,0,2026-10-06,,,,,,,,,,,,,,,,,,,,,
200,7711814,0096771181430,76771181403,,EA,0,2026-10-06,,,,,,,,,,,,,,,,,,,,,
200,7711814,0096771181440,76771181404,,EA,0,2026-10-06,,,,,,,,,,,,,,,,,,,,,
200,7711814,0096771181450,76771181405,,EA,0,2026-10-13,,,,,,,,,,,,,,,,,,,,,
200,7711814,0096771181460,76771181406,,EA,0,2026-10-13,,,,,,,,,,,,,,,,,,,,,
200,7711814,0096771181470,76771181407,,EA,0,2026-10-13,,,,,,,,,,,,,,,,,,,,,
200,7711814,0096771181480,76771181408,,EA,0,2026-10-13,,,,,,,,,,,,,,,,,,,,,
200,7711814,0096771181490,76771181409,,EA,0,2026-10-13,,,,,,,,,,,,,,,,,,,,,
200,7711814,00967711814100,767711814010,,EA,0,2026-10-13,,,,,,,,,,,,,,,,,,,,,
200,7711814,00967711814110,767711814011,,EA,0,2026-11-03,,,,,,,,,,,,,,,,,,,,,
200,7711814,00967711814120,767711814012,,EA,0,2026-11-03,,,,,,,,,,,,,,,,,,,,,
200,7711814,00967711814130,767711814013,,EA,0,2026-11-03,,,,,,,,,,,,,,,,,,,,,
200,7711814,00967711814140,767711814014,,EA,0,2026-11-10,,,,,,,,,,,,,,,,,,,,,
200,7711814,00967711814150,767711814015,,EA,0,2026-11-10,,,,,,,,,,,,,,,,,,,,,
200,7711814,00967711814160,767711814016,,EA,0,2026-11-10,,,,,,,,,,,,,,,,,,,,,
200,7711814,00967711814170,767711814017,,EA,0,2026-11-10,,,,,,,,,,,,,,,,,,,,,
200,7711814,00967711814180,767711814018,,EA,0,2026-11-10,,,,,,,,,,,,,,,,,,,,,
200,7711814,00967711814190,767711814019,,EA,0,2026-11-10,,,,,,,,,,,,,,,,,,,,,
200,7711814,00967711814200,767711814020,,EA,0,2026-11-10,,,,,,,,,,,,,,,,,,,,,
200,7711814,00967711814210,767711814021,,EA,0,2026-10-13,,,,,,,,,,,,,,,,,,,,,
200,7711814,00967711814220,767711814022,,EA,0,2026-10-13,,,,,,,,,,,,,,,,,,,,,
200,7711814,00967711814230,767711814023,,EA,0,2026-10-13,,,,,,,,,,,,,,,,,,,,,
200,7711814,00967711814240,767711814024,,EA,0,2026-10-13,,,,,,,,,,,,,,,,,,,,,
200,7711814,00967711814250,767711814025,,EA,0,2026-10-13,,,,,,,,,,,,,,,,,,,,,
200,7711814,00967711814260,767711814026,,EA,0,2026-10-13,,,,,,,,,,,,,,,,,,,,,
200,7711814,00967711814270,767711814027,,EA,0,2026-10-06,,,,,,,,,,,,,,,,,,,,,
200,7711813,0096771181310,76771181301,,EA,0,2026-09-30,,,,,,,,,,,,,,,,,,,,,
200,7711813,0096771181320,76771181302,,EA,0,2026-10-06,,,,,,,,,,,,,,,,,,,,,
200,7711813,0096771181330,76771181303,,EA,0,2026-10-27,,,,,,,,,,,,,,,,,,,,,
200,7711813,0096771181340,76771181304,,EA,0,2026-10-27,,,,,,,,,,,,,,,,,,,,,
200,7711813,0096771181350,76771181305,,EA,0,2026-10-27,,,,,,,,,,,,,,,,,,,,,
200,7711813,0096771181360,76771181306,,EA,0,2026-10-27,,,,,,,,,,,,,,,,,,,,,
200,7711813,0096771181370,76771181307,,EA,0,2026-10-27,,,,,,,,,,,,,,,,,,,,,
200,7711813,0096771181380,76771181308,,EA,0,2026-11-03,,,,,,,,,,,,,,,,,,,,,
200,7711813,0096771181390,76771181309,,EA,0,2026-11-03,,,,,,,,,,,,,,,,,,,,,
200,7711813,00967711813100,767711813010,,EA,0,2026-11-03,,,,,,,,,,,,,,,,,,,,,
200,7711813,00967711813110,767711813011,,EA,0,2026-11-03,,,,,,,,,,,,,,,,,,,,,
200,7711813,00967711813120,767711813012,,EA,0,2026-11-03,,,,,,,,,,,,,,,,,,,,,
200,7711813,00967711813130,767711813013,,EA,0,2026-10-27,,,,,,,,,,,,,,,,,,,,,
200,7711813,00967711813140,767711813014,,EA,0,2026-10-27,,,,,,,,,,,,,,,,,,,,,
200,7711813,00967711813150,767711813015,,EA,0,2026-10-20,,,,,,,,,,,,,,,,,,,,,
200,7711813,00967711813160,767711813016,,EA,0,2026-10-20,,,,,,,,,,,,,,,,,,,,,
200,7711813,00967711813170,767711813017,,EA,0,2026-10-20,,,,,,,,,,,,,,,,,,,,,
200,7711813,00967711813180,767711813018,,EA,0,2026-10-06,,,,,,,,,,,,,,,,,,,,,
200,7711813,00967711813190,767711813019,,EA,0,2026-10-06,,,,,,,,,,,,,,,,,,,,,
200,7711813,00967711813200,767711813020,,EA,0,2026-10-06,,,,,,,,,,,,,,,,,,,,,
200,7711813,00967711813210,767711813021,,EA,0,2026-10-06,,,,,,,,,,,,,,,,,,,,,
200,7711813,00967711813220,767711813022,,EA,0,2026-10-06,,,,,,,,,,,,,,,,,,,,,
200,7711813,00967711813230,767711813023,,EA,0,2026-09-30,,,,,,,,,,,,,,,,,,,,,
200,7711813,00967711813240,767711813024,,EA,0,2026-09-30,,,,,,,,,,,,,,,,,,,,,
200,7711813,00967711813250,767711813025,,EA,0,2026-09-30,,,,,,,,,,,,,,,,,,,,,
200,7711813,00967711813260,767711813026,,EA,0,2026-10-20,,,,,,,,,,,,,,,,,,,,,
200,7711813,00967711813270,767711813027,,EA,0,2026-10-20,,,,,,,,,,,,,,,,,,,,,
200,7711813,00967711813280,767711813028,,EA,0,2026-10-20,,,,,,,,,,,,,,,,,,,,,
200,7711813,00967711813290,767711813029,,EA,0,2026-10-20,,,,,,,,,,,,,,,,,,,,,
200,7711811,0096771181110,76771181101,,EA,0,2026-10-13,,,,,,,,,,,,,,,,,,,,,
200,7711811,0096771181120,76771181102,,EA,0,2026-10-27,,,,,,,,,,,,,,,,,,,,,
200,7711811,0096771181130,76771181103,,EA,0,2026-10-27,,,,,,,,,,,,,,,,,,,,,
200,7711811,0096771181140,76771181104,,EA,0,2026-10-27,,,,,,,,,,,,,,,,,,,,,
200,7711811,0096771181150,76771181105,,EA,0,2026-10-27,,,,,,,,,,,,,,,,,,,,,
200,7711811,0096771181160,76771181106,,EA,0,2026-10-27,,,,,,,,,,,,,,,,,,,,,
200,7711811,0096771181170,76771181107,,EA,0,2026-09-30,,,,,,,,,,,,,,,,,,,,,
200,7711811,0096771181180,76771181108,,EA,0,2026-09-30,,,,,,,,,,,,,,,,,,,,,
200,7711811,0096771181190,76771181109,,EA,0,2026-09-30,,,,,,,,,,,,,,,,,,,,,
200,7711811,00967711811100,767711811010,,EA,0,2026-09-30,,,,,,,,,,,,,,,,,,,,,
200,7711811,00967711811110,767711811011,,EA,0,2026-10-13,,,,,,,,,,,,,,,,,,,,,
200,7711811,00967711811120,767711811012,,EA,0,2026-10-06,,,,,,,,,,,,,,,,,,,,,
200,7711811,00967711811130,767711811013,,EA,0,2026-09-30,,,,,,,,,,,,,,,,,,,,,
200,7711811,00967711811140,767711811014,,EA,0,2026-09-30,,,,,,,,,,,,,,,,,,,,,
200,7711811,00967711811150,767711811015,,EA,0,2026-10-06,,,,,,,,,,,,,,,,,,,,,
200,7711811,00967711811160,767711811016,,EA,0,2026-10-06,,,,,,,,,,,,,,,,,,,,,
200,7711811,00967711811170,767711811017,,EA,0,2026-11-03,,,,,,,,,,,,,,,,,,,,,
200,7711811,00967711811180,767711811018,,EA,0,2026-11-03,,,,,,,,,,,,,,,,,,,,,
200,7711811,00967711811190,767711811019,,EA,0,2026-11-03,,,,,,,,,,,,,,,,,,,,,
200,7711811,00967711811200,767711811020,,EA,0,2026-10-27,,,,,,,,,,,,,,,,,,,,,
200,7711811,00967711811210,767711811021,,EA,0,2026-10-27,,,,,,,,,,,,,,,,,,,,,
200,7711811,00967711811220,767711811022,,EA,0,2026-10-27,,,,,,,,,,,,,,,,,,,,,
200,7711811,00967711811230,767711811023,,EA,0,2026-10-27,,,,,,,,,,,,,,,,,,,,,
200,7711811,00967711811240,767711811024,,EA,0,2026-10-13,,,,,,,,,,,,,,,,,,,,,
200,7711811,00967711811250,767711811025,,EA,0,2026-10-13,,,,,,,,,,,,,,,,,,,,,
200,7711811,00967711811260,767711811026,,EA,0,2026-10-27,,,,,,,,,,,,,,,,,,,,,
200,7711811,00967711811270,767711811027,,EA,0,2026-11-20,,,,,,,,,,,,,,,,,,,,,
200,7711811,00967711811280,767711811028,,EA,0,2026-11-10,,,,,,,,,,,,,,,,,,,,,
200,7711811,00967711811290,767711811029,,EA,0,2026-11-10,,,,,,,,,,,,,,,,,,,,,
200,7711811,00967711811300,767711811030,,EA,0,2026-11-10,,,,,,,,,,,,,,,,,,,,,
200,7711811,00967711811310,767711811031,,EA,0,2026-11-10,,,,,,,,,,,,,,,,,,,,,
200,7711811,00967711811320,767711811032,,EA,0,2026-11-10,,,,,,,,,,,,,,,,,,,,,
200,7711811,00967711811330,767711811033,,EA,0,2026-11-10,,,,,,,,,,,,,,,,,,,,,
200,7711811,00967711811340,767711811034,,EA,0,2026-11-10,,,,,,,,,,,,,,,,,,,,,
200,7711811,00967711811350,767711811035,,EA,0,2026-11-10,,,,,,,,,,,,,,,,,,,,,
200,7711811,00967711811360,767711811036,,EA,0,2026-09-30,,,,,,,,,,,,,,,,,,,,,
200,7711811,00967711811370,767711811037,,EA,0,2026-10-06,,,,,,,,,,,,,,,,,,,,,
200,7711810,0096771181010,76771181001,,EA,144,2026-08-06,,,,,,,,,,,,,,,,,,,,,
200,7711810,0096771181010,76771181007,,EA,0,2026-08-04,,,,,,,,,,,,,,,,,,,,,
200,7711810,0096771181030,76771181008,,IN,0,2026-07-28,,,,,,,,,,,,,,,,,,,,,
200,7711810,0096771181030,76771181002,,IN,120,2026-07-27,,,,,,,,,,,,,,,,,,,,,
200,7711810,0096771181040,76771181003,,IN,288,2026-07-27,,,,,,,,,,,,,,,,,,,,,
200,7711810,0096771181040,76771181009,,IN,0,2026-07-28,,,,,,,,,,,,,,,,,,,,,
200,7711810,0096771181050,76771181004,,IN,251,2026-07-29,,,,,,,,,,,,,,,,,,,,,
200,7711810,0096771181050,767711810012,,IN,0,2026-07-28,,,,,,,,,,,,,,,,,,,,,
200,7711810,0096771181060,767711810011,,IN,0,2026-07-28,,,,,,,,,,,,,,,,,,,,,
200,7711810,0096771181060,76771181005,,IN,290,2026-07-27,,,,,,,,,,,,,,,,,,,,,
200,7711810,0096771181070,76771181006,,IN,571,2026-07-27,,,,,,,,,,,,,,,,,,,,,
200,7711810,0096771181070,767711810010,,IN,0,2026-07-28,,,,,,,,,,,,,,,,,,,,,
200,7711809,0096771180910,76771180901,,EA,600,2026-09-03,,,,,,,,,,,,,,,,,,,,,
200,7711808,0096771180810,76771180801,,EA,0,2026-09-10,,,,,,,,,,,,,,,,,,,,,
200,7711808,0096771180840,76771180802,,EA,0,2026-10-01,,,,,,,,,,,,,,,,,,,,,
200,7711798,0096771179810,76771179801,,EA,1,2026-08-11,,,,,,,,,,,,,,,,,,,,,
200,7711798,0096771179810,76771179802,,EA,-1,2026-09-11,,,,,,,,,,,,,,,,,,,,,
200,7711798,0096771179810,76771179803,,EA,1,2026-09-11,,,,,,,,,,,,,,,,,,,,,
200,7711797,0096771179710,76771179701,,LT,1,2026-08-27,,,,,,,,,,,,,,,,,,,,,
200,7711796,0096771179610,76771179601,,LT,1,2026-08-05,,,,,,,,,,,,,,,,,,,,,
200,7711791,0096771179110,76771179101,,EA,1,2026-08-11,,,,,,,,,,,,,,,,,,,,,
200,7711791,0096771179110,76771179102,,EA,-1,2026-08-12,,,,,,,,,,,,,,,,,,,,,
200,7711791,0096771179110,76771179103,,EA,0,2026-08-06,,,,,,,,,,,,,,,,,,,,,
200,7711787,0096771178710,76771178701,,EA,0,2026-09-22,,,,,,,,,,,,,,,,,,,,,
200,7711776,0096771177610,76771177601,,EA,0,2026-10-27,,,,,,,,,,,,,,,,,,,,,
200,7711776,0096771177620,76771177602,,EA,0,2026-10-27,,,,,,,,,,,,,,,,,,,,,
200,7711776,0096771177630,76771177603,,EA,0,2026-10-27,,,,,,,,,,,,,,,,,,,,,
200,7711776,0096771177640,76771177604,,EA,0,2026-09-30,,,,,,,,,,,,,,,,,,,,,
200,7711776,0096771177650,76771177605,,EA,0,2026-11-03,,,,,,,,,,,,,,,,,,,,,
200,7711776,0096771177660,76771177606,,EA,0,2026-10-13,,,,,,,,,,,,,,,,,,,,,
200,7711776,0096771177670,76771177607,,EA,0,2026-11-03,,,,,,,,,,,,,,,,,,,,,
200,7711776,0096771177680,76771177608,,EA,0,2026-11-03,,,,,,,,,,,,,,,,,,,,,
200,7711776,0096771177690,76771177609,,EA,0,2026-11-03,,,,,,,,,,,,,,,,,,,,,
200,7711776,00967711776100,767711776010,,EA,0,2026-09-30,,,,,,,,,,,,,,,,,,,,,
200,7711775,0096771177510,76771177501,,EA,0,2026-10-27,,,,,,,,,,,,,,,,,,,,,
200,7711775,0096771177520,76771177502,,EA,0,2026-10-27,,,,,,,,,,,,,,,,,,,,,
200,7711775,0096771177530,76771177503,,EA,0,2026-09-30,,,,,,,,,,,,,,,,,,,,,
200,7711775,0096771177540,76771177504,,EA,0,2026-09-30,,,,,,,,,,,,,,,,,,,,,
200,7711775,0096771177550,76771177505,,EA,0,2026-10-27,,,,,,,,,,,,,,,,,,,,,
200,7711775,0096771177560,76771177506,,EA,0,2026-10-27,,,,,,,,,,,,,,,,,,,,,
200,7711775,0096771177570,76771177507,,EA,0,2026-10-06,,,,,,,,,,,,,,,,,,,,,
200,7711775,0096771177580,76771177508,,EA,0,2026-10-06,,,,,,,,,,,,,,,,,,,,,
200,7711775,0096771177590,76771177509,,EA,0,2026-10-27,,,,,,,,,,,,,,,,,,,,,
200,7711774,0096771177410,76771177401,,EA,0,2026-07-28,,,,,,,,,,,,,,,,,,,,,
200,7711774,0096771177410,76771177408,,EA,144,2026-08-06,,,,,,,,,,,,,,,,,,,,,
200,7711774,0096771177420,76771177409,,IN,280,2026-07-20,,,,,,,,,,,,,,,,,,,,,
200,7711774,0096771177420,76771177403,,IN,0,2026-07-20,,,,,,,,,,,,,,,,,,,,,
200,7711774,0096771177430,76771177404,,IN,0,2026-07-21,,,,,,,,,,,,,,,,,,,,,
200,7711774,0096771177430,767711774010,,IN,288,2026-07-20,,,,,,,,,,,,,,,,,,,,,
200,7711774,0096771177440,767711774011,,IN,288,2026-07-22,,,,,,,,,,,,,,,,,,,,,
200,7711774,0096771177440,76771177402,,IN,0,2026-07-21,,,,,,,,,,,,,,,,,,,,,
200,7711774,0096771177460,767711774012,,IN,284,2026-07-20,,,,,,,,,,,,,,,,,,,,,
200,7711774,0096771177460,76771177405,,IN,0,2026-07-21,,,,,,,,,,,,,,,,,,,,,
200,7711774,0096771177470,76771177406,,IN,519,2026-07-20,,,,,,,,,,,,,,,,,,,,,
200,7711774,0096771177470,76771177407,,IN,0,2026-07-21,,,,,,,,,,,,,,,,,,,,,
200,7711774,0096771177470,767711774013,,IN,57,2026-07-20,,,,,,,,,,,,,,,,,,,,,
200,7711766,0096771176640,76771176601,,EA,0,2026-09-10,,,,,,,,,,,,,,,,,,,,,
200,7711764,0096771176410,76771176401,,EA,20,2026-07-28,,,,,,,,,,,,,,,,,,,,,
200,7711764,0096771176410,76771176402,,EA,20,2026-07-28,,,,,,,,,,,,,,,,,,,,,
200,7711764,0096771176430,76771176403,,EA,25,2026-08-07,,,,,,,,,,,,,,,,,,,,,
200,7711761,0096771176110,76771176101,,EA,25,2026-07-22,,,,,,,,,,,,,,,,,,,,,
200,7711761,0096771176110,76771176102,,EA,-25,2026-07-23,,,,,,,,,,,,,,,,,,,,,
200,7711761,0096771176110,76771176103,,EA,23,2026-07-23,,,,,,,,,,,,,,,,,,,,,
200,7711761,0096771176110,76771176104,,EA,0,2026-07-22,,,,,,,,,,,,,,,,,,,,,
200,7711760,0096771176010,76771176001,,EA,0,2026-07-13,,,,,,,,,,,,,,,,,,,,,
200,7711760,0096771176020,76771176002,,EA,0,2026-07-13,,,,,,,,,,,,,,,,,,,,,
200,7711758,0096771175810,76771175801,,EA,0,2026-09-16,,,,,,,,,,,,,,,,,,,,,
200,7711756,0096771175610,76771175601,,EA,0,2026-10-07,,,,,,,,,,,,,,,,,,,,,
200,7711756,0096771175620,76771175602,,EA,0,2026-09-16,,,,,,,,,,,,,,,,,,,,,
200,7711755,0096771175510,76771175501,,EA,4,2026-07-09,,,,,,,,,,,,,,,,,,,,,
200,7711755,0096771175520,76771175502,,EA,100,2026-08-13,,,,,,,,,,,,,,,,,,,,,
200,7711754,0096771175410,76771175401,,EA,0,2026-11-03,,,,,,,,,,,,,,,,,,,,,
200,7711754,0096771175420,76771175402,,EA,0,2026-11-03,,,,,,,,,,,,,,,,,,,,,
200,7711754,0096771175430,76771175403,,EA,0,2026-11-03,,,,,,,,,,,,,,,,,,,,,
200,7711754,0096771175440,76771175404,,EA,0,2026-11-03,,,,,,,,,,,,,,,,,,,,,
200,7711754,0096771175450,76771175405,,EA,0,2026-11-10,,,,,,,,,,,,,,,,,,,,,
200,7711754,0096771175460,76771175406,,EA,0,2026-11-10,,,,,,,,,,,,,,,,,,,,,
200,7711754,0096771175470,76771175407,,EA,0,2026-10-27,,,,,,,,,,,,,,,,,,,,,
200,7711754,0096771175480,76771175408,,EA,0,2026-10-27,,,,,,,,,,,,,,,,,,,,,
200,7711754,0096771175490,76771175409,,EA,0,2026-10-27,,,,,,,,,,,,,,,,,,,,,
200,7711754,00967711754100,767711754010,,EA,0,2026-10-27,,,,,,,,,,,,,,,,,,,,,
200,7711754,00967711754110,767711754011,,EA,0,2026-11-10,,,,,,,,,,,,,,,,,,,,,
200,7711754,00967711754120,767711754012,,EA,0,2026-11-10,,,,,,,,,,,,,,,,,,,,,
200,7711754,00967711754130,767711754013,,EA,0,2026-11-10,,,,,,,,,,,,,,,,,,,,,
200,7711754,00967711754140,767711754014,,EA,0,2026-11-10,,,,,,,,,,,,,,,,,,,,,
200,7711754,00967711754150,767711754015,,EA,0,2026-11-10,,,,,,,,,,,,,,,,,,,,,
200,7711754,00967711754160,767711754016,,EA,0,2026-11-03,,,,,,,,,,,,,,,,,,,,,
200,7711754,00967711754170,767711754017,,EA,0,2026-11-10,,,,,,,,,,,,,,,,,,,,,
200,7711754,00967711754180,767711754018,,EA,0,2026-10-27,,,,,,,,,,,,,,,,,,,,,
200,7711754,00967711754190,767711754019,,EA,0,2026-10-27,,,,,,,,,,,,,,,,,,,,,
200,7711754,00967711754200,767711754020,,EA,0,2026-10-27,,,,,,,,,,,,,,,,,,,,,
200,7711754,00967711754210,767711754021,,EA,0,2026-11-10,,,,,,,,,,,,,,,,,,,,,
200,7711754,00967711754220,767711754022,,EA,0,2026-11-10,,,,,,,,,,,,,,,,,,,,,
200,7711754,00967711754230,767711754023,,EA,0,2026-11-03,,,,,,,,,,,,,,,,,,,,,
200,7711754,00967711754240,767711754024,,EA,0,2026-11-03,,,,,,,,,,,,,,,,,,,,,
200,7711754,00967711754250,767711754025,,EA,0,2026-11-03,,,,,,,,,,,,,,,,,,,,,
200,7711754,00967711754260,767711754026,,EA,0,2026-10-27,,,,,,,,,,,,,,,,,,,,,
200,7711754,00967711754270,767711754027,,EA,0,2026-10-27,,,,,,,,,,,,,,,,,,,,,
200,7711754,00967711754280,767711754028,,EA,0,2026-10-27,,,,,,,,,,,,,,,,,,,,,
200,7711754,00967711754290,767711754029,,EA,0,2026-11-03,,,,,,,,,,,,,,,,,,,,,
200,7711754,00967711754300,767711754030,,EA,0,2026-11-03,,,,,,,,,,,,,,,,,,,,,
200,7711754,00967711754310,767711754031,,EA,0,2026-12-01,,,,,,,,,,,,,,,,,,,,,
200,7711753,0096771175310,76771175301,,EA,0,2026-09-30,,,,,,,,,,,,,,,,,,,,,
200,7711753,0096771175320,76771175302,,EA,0,2026-09-30,,,,,,,,,,,,,,,,,,,,,
200,7711753,0096771175330,76771175303,,EA,0,2026-09-30,,,,,,,,,,,,,,,,,,,,,
200,7711753,0096771175340,76771175304,,EA,0,2026-09-30,,,,,,,,,,,,,,,,,,,,,
200,7711753,0096771175350,76771175305,,EA,0,2026-09-30,,,,,,,,,,,,,,,,,,,,,
200,7711753,0096771175360,76771175306,,EA,0,2026-11-10,,,,,,,,,,,,,,,,,,,,,
200,7711753,0096771175370,76771175307,,EA,0,2026-11-10,,,,,,,,,,,,,,,,,,,,,
200,7711753,0096771175380,76771175308,,EA,0,2026-11-17,,,,,,,,,,,,,,,,,,,,,
200,7711753,0096771175390,76771175309,,EA,0,2026-11-17,,,,,,,,,,,,,,,,,,,,,
200,7711753,00967711753100,767711753010,,EA,0,2026-11-17,,,,,,,,,,,,,,,,,,,,,
200,7711753,00967711753110,767711753011,,EA,0,2026-11-10,,,,,,,,,,,,,,,,,,,,,
200,7711753,00967711753120,767711753012,,EA,0,2026-11-03,,,,,,,,,,,,,,,,,,,,,
200,7711753,00967711753130,767711753013,,EA,0,2026-11-03,,,,,,,,,,,,,,,,,,,,,
200,7711753,00967711753140,767711753014,,EA,0,2026-11-17,,,,,,,,,,,,,,,,,,,,,
200,7711753,00967711753150,767711753015,,EA,0,2026-11-17,,,,,,,,,,,,,,,,,,,,,
200,7711753,00967711753160,767711753016,,EA,0,2026-10-20,,,,,,,,,,,,,,,,,,,,,
200,7711753,00967711753170,767711753017,,EA,0,2026-09-30,,,,,,,,,,,,,,,,,,,,,
200,7711753,00967711753180,767711753018,,EA,0,2026-09-30,,,,,,,,,,,,,,,,,,,,,
200,7711753,00967711753190,767711753019,,EA,0,2026-09-30,,,,,,,,,,,,,,,,,,,,,
200,7711753,00967711753200,767711753020,,EA,0,2026-09-30,,,,,,,,,,,,,,,,,,,,,
200,7711753,00967711753210,767711753021,,EA,0,2026-09-30,,,,,,,,,,,,,,,,,,,,,
200,7711753,00967711753220,767711753022,,EA,0,2026-10-06,,,,,,,,,,,,,,,,,,,,,
200,7711753,00967711753230,767711753023,,EA,0,2026-10-06,,,,,,,,,,,,,,,,,,,,,
200,7711753,00967711753240,767711753024,,EA,0,2026-09-30,,,,,,,,,,,,,,,,,,,,,
200,7711753,00967711753250,767711753025,,EA,0,2026-09-30,,,,,,,,,,,,,,,,,,,,,
200,7711753,00967711753260,767711753026,,EA,0,2026-09-30,,,,,,,,,,,,,,,,,,,,,
200,7711753,00967711753270,767711753027,,EA,0,2026-10-06,,,,,,,,,,,,,,,,,,,,,
200,7711753,00967711753280,767711753028,,EA,0,2026-10-06,,,,,,,,,,,,,,,,,,,,,
200,7711753,00967711753290,767711753029,,EA,0,2026-09-30,,,,,,,,,,,,,,,,,,,,,
200,7711753,00967711753300,767711753030,,EA,0,2026-09-30,,,,,,,,,,,,,,,,,,,,,
200,7711753,00967711753310,767711753031,,EA,0,2026-10-06,,,,,,,,,,,,,,,,,,,,,
200,7711753,00967711753320,767711753032,,EA,0,2026-10-27,,,,,,,,,,,,,,,,,,,,,
200,7711753,00967711753330,767711753033,,EA,0,2026-10-20,,,,,,,,,,,,,,,,,,,,,
200,7711753,00967711753340,767711753034,,EA,0,2026-11-17,,,,,,,,,,,,,,,,,,,,,
200,7711753,00967711753350,767711753035,,EA,0,2026-11-17,,,,,,,,,,,,,,,,,,,,,
200,7711753,00967711753360,767711753036,,EA,0,2026-11-17,,,,,,,,,,,,,,,,,,,,,
200,7711753,00967711753370,767711753037,,EA,0,2026-11-17,,,,,,,,,,,,,,,,,,,,,
200,7711753,00967711753380,767711753038,,EA,0,2026-11-17,,,,,,,,,,,,,,,,,,,,,
200,7711753,00967711753390,767711753039,,EA,0,2026-11-10,,,,,,,,,,,,,,,,,,,,,
200,7711752,0096771175210,76771175201,,EA,0,2026-11-03,,,,,,,,,,,,,,,,,,,,,
200,7711752,0096771175220,76771175202,,EA,0,2026-11-03,,,,,,,,,,,,,,,,,,,,,
200,7711752,0096771175230,76771175203,,EA,0,2026-11-03,,,,,,,,,,,,,,,,,,,,,
200,7711752,0096771175240,76771175204,,EA,0,2026-10-20,,,,,,,,,,,,,,,,,,,,,
200,7711752,0096771175250,76771175205,,EA,0,2026-10-20,,,,,,,,,,,,,,,,,,,,,
200,7711752,0096771175260,76771175206,,EA,0,2026-10-20,,,,,,,,,,,,,,,,,,,,,
200,7711752,0096771175270,76771175207,,EA,0,2026-09-07,,,,,,,,,,,,,,,,,,,,,
200,7711752,0096771175280,76771175208,,EA,0,2026-10-20,,,,,,,,,,,,,,,,,,,,,
200,7711752,0096771175290,76771175209,,EA,0,2026-10-27,,,,,,,,,,,,,,,,,,,,,
200,7711752,00967711752100,767711752010,,EA,0,2026-10-27,,,,,,,,,,,,,,,,,,,,,
200,7711752,00967711752110,767711752011,,EA,0,2026-10-27,,,,,,,,,,,,,,,,,,,,,
200,7711752,00967711752120,767711752012,,EA,0,2026-10-27,,,,,,,,,,,,,,,,,,,,,
200,7711752,00967711752130,767711752013,,EA,0,2026-11-03,,,,,,,,,,,,,,,,,,,,,
200,7711752,00967711752140,767711752014,,EA,0,2026-10-27,,,,,,,,,,,,,,,,,,,,,
200,7711752,00967711752150,767711752015,,EA,0,2026-10-27,,,,,,,,,,,,,,,,,,,,,
200,7711752,00967711752160,767711752016,,EA,0,2026-10-27,,,,,,,,,,,,,,,,,,,,,
200,7711752,00967711752170,767711752017,,EA,0,2026-10-27,,,,,,,,,,,,,,,,,,,,,
200,7711752,00967711752180,767711752018,,EA,0,2026-10-27,,,,,,,,,,,,,,,,,,,,,
200,7711752,00967711752190,767711752019,,EA,0,2026-11-03,,,,,,,,,,,,,,,,,,,,,
200,7711752,00967711752200,767711752020,,EA,0,2026-11-03,,,,,,,,,,,,,,,,,,,,,
200,7711752,00967711752210,767711752021,,EA,0,2026-11-10,,,,,,,,,,,,,,,,,,,,,
200,7711752,00967711752220,767711752022,,EA,0,2026-11-10,,,,,,,,,,,,,,,,,,,,,
200,7711752,00967711752230,767711752023,,EA,0,2026-11-10,,,,,,,,,,,,,,,,,,,,,
200,7711752,00967711752240,767711752024,,EA,0,2026-11-10,,,,,,,,,,,,,,,,,,,,,
200,7711752,00967711752250,767711752025,,EA,0,2026-10-20,,,,,,,,,,,,,,,,,,,,,
200,7711751,0096771175110,76771175101,,EA,0,2026-10-27,,,,,,,,,,,,,,,,,,,,,
200,7711751,0096771175120,76771175102,,EA,0,2026-10-27,,,,,,,,,,,,,,,,,,,,,
200,7711751,0096771175130,76771175103,,EA,0,2026-10-27,,,,,,,,,,,,,,,,,,,,,
200,7711751,0096771175140,76771175104,,EA,0,2026-10-27,,,,,,,,,,,,,,,,,,,,,
200,7711751,0096771175150,76771175105,,EA,0,2026-11-03,,,,,,,,,,,,,,,,,,,,,
200,7711751,0096771175160,76771175106,,EA,0,2026-11-03,,,,,,,,,,,,,,,,,,,,,
200,7711751,0096771175170,76771175107,,EA,0,2026-11-03,,,,,,,,,,,,,,,,,,,,,
200,7711751,0096771175180,76771175108,,EA,0,2026-10-20,,,,,,,,,,,,,,,,,,,,,
200,7711751,0096771175190,76771175109,,EA,0,2026-10-20,,,,,,,,,,,,,,,,,,,,,
200,7711751,00967711751100,767711751010,,EA,0,2026-10-20,,,,,,,,,,,,,,,,,,,,,
200,7711751,00967711751110,767711751011,,EA,0,2026-10-20,,,,,,,,,,,,,,,,,,,,,
200,7711751,00967711751120,767711751012,,EA,0,2026-10-20,,,,,,,,,,,,,,,,,,,,,
200,7711751,00967711751130,767711751013,,EA,0,2026-10-20,,,,,,,,,,,,,,,,,,,,,
200,7711751,00967711751140,767711751014,,EA,0,2026-10-20,,,,,,,,,,,,,,,,,,,,,
200,7711751,00967711751150,767711751015,,EA,0,2026-10-20,,,,,,,,,,,,,,,,,,,,,
200,7711751,00967711751160,767711751016,,EA,0,2026-10-20,,,,,,,,,,,,,,,,,,,,,
200,7711751,00967711751170,767711751017,,EA,0,2026-10-20,,,,,,,,,,,,,,,,,,,,,
200,7711751,00967711751180,767711751018,,EA,0,2026-10-20,,,,,,,,,,,,,,,,,,,,,
200,7711751,00967711751190,767711751019,,EA,0,2026-10-27,,,,,,,,,,,,,,,,,,,,,
200,7711751,00967711751200,767711751020,,EA,0,2026-10-27,,,,,,,,,,,,,,,,,,,,,
200,7711751,00967711751210,767711751021,,EA,0,2026-10-27,,,,,,,,,,,,,,,,,,,,,
200,7711751,00967711751220,767711751022,,EA,0,2026-10-27,,,,,,,,,,,,,,,,,,,,,
200,7711751,00967711751230,767711751023,,EA,0,2026-10-20,,,,,,,,,,,,,,,,,,,,,
200,7711751,00967711751240,767711751024,,EA,0,2026-10-27,,,,,,,,,,,,,,,,,,,,,
200,7711751,00967711751250,767711751025,,EA,0,2026-10-27,,,,,,,,,,,,,,,,,,,,,
200,7711751,00967711751260,767711751026,,EA,0,2026-11-03,,,,,,,,,,,,,,,,,,,,,
200,7711751,00967711751270,767711751027,,EA,0,2026-11-03,,,,,,,,,,,,,,,,,,,,,
200,7711748,0096771174830,76771174801,,EA,0,2026-09-10,,,,,,,,,,,,,,,,,,,,,
200,7711747,0096771174710,76771174701,,EA,0,2026-09-25,,,,,,,,,,,,,,,,,,,,,
200,7711747,0096771174720,76771174702,,EA,0,2026-09-25,,,,,,,,,,,,,,,,,,,,,
200,7711747,0096771174730,76771174703,,EA,0,2026-09-25,,,,,,,,,,,,,,,,,,,,,
200,7711747,0096771174740,76771174704,,EA,0,2026-09-25,,,,,,,,,,,,,,,,,,,,,
200,7711747,0096771174750,76771174705,,EA,0,2026-09-25,,,,,,,,,,,,,,,,,,,,,
200,7711745,0096771174510,76771174501,,EA,0,2026-11-24,,,,,,,,,,,,,,,,,,,,,
200,7711737,0096771173720,76771173701,,IN,0,2026-07-16,,,,,,,,,,,,,,,,,,,,,
200,7711737,0096771173720,76771173709,,IN,286,2026-07-15,,,,,,,,,,,,,,,,,,,,,
200,7711737,0096771173730,767711737010,,IN,435,2026-07-15,,,,,,,,,,,,,,,,,,,,,
200,7711737,0096771173730,76771173702,,IN,0,2026-07-16,,,,,,,,,,,,,,,,,,,,,
200,7711737,0096771173740,76771173703,,IN,0,2026-07-16,,,,,,,,,,,,,,,,,,,,,
200,7711737,0096771173740,767711737011,,IN,120,2026-07-15,,,,,,,,,,,,,,,,,,,,,
200,7711737,0096771173750,767711737012,,IN,250,2026-07-15,,,,,,,,,,,,,,,,,,,,,
200,7711737,0096771173750,76771173704,,IN,0,2026-07-16,,,,,,,,,,,,,,,,,,,,,
200,7711737,0096771173760,76771173705,,IN,0,2026-07-16,,,,,,,,,,,,,,,,,,,,,
200,7711737,0096771173760,767711737013,,IN,120,2026-07-15,,,,,,,,,,,,,,,,,,,,,
200,7711737,0096771173770,767711737014,,IN,284,2026-07-15,,,,,,,,,,,,,,,,,,,,,
200,7711737,0096771173770,76771173706,,IN,0,2026-07-16,,,,,,,,,,,,,,,,,,,,,
200,7711737,0096771173780,76771173707,,IN,0,2026-07-16,,,,,,,,,,,,,,,,,,,,,
200,7711737,0096771173780,767711737015,,IN,272,2026-07-15,,,,,,,,,,,,,,,,,,,,,
200,7711737,0096771173790,767711737016,,IN,260,2026-07-15,,,,,,,,,,,,,,,,,,,,,
200,7711737,0096771173790,76771173708,,IN,0,2026-07-16,,,,,,,,,,,,,,,,,,,,,
200,7711732,0096771173210,76771173201,,LT,1,2026-07-02,,,,,,,,,,,,,,,,,,,,,
200,7711730,0096771173010,76771173001,,LT,1,2026-07-02,,,,,,,,,,,,,,,,,,,,,
200,7711717,0096771171710,76771171701,,EA,5,2026-07-08,,,,,,,,,,,,,,,,,,,,,
200,7711717,0096771171720,76771171702,,EA,10,2026-07-08,,,,,,,,,,,,,,,,,,,,,
200,7711717,0096771171730,76771171703,,EA,2,2026-07-08,,,,,,,,,,,,,,,,,,,,,
200,7711717,0096771171740,76771171704,,EA,10,2026-07-08,,,,,,,,,,,,,,,,,,,,,
200,7711698,0096771169810,76771169801,,EA,0,2026-08-06,,,,,,,,,,,,,,,,,,,,,
200,7711698,0096771169820,76771169802,,EA,0,2026-08-06,,,,,,,,,,,,,,,,,,,,,
200,7711698,0096771169830,76771169803,,EA,0,2026-08-06,,,,,,,,,,,,,,,,,,,,,
200,7711698,0096771169840,76771169804,,EA,2,2026-08-12,,,,,,,,,,,,,,,,,,,,,
200,7711698,0096771169850,76771169805,,EA,3,2026-08-12,,,,,,,,,,,,,,,,,,,,,
200,7711688,0096771168810,76771168801,,EA,144,2026-07-15,,,,,,,,,,,,,,,,,,,,,
200,7711688,0096771168810,76771168808,,EA,0,2026-07-14,,,,,,,,,,,,,,,,,,,,,
200,7711688,0096771168820,76771168809,,IN,0,2026-07-02,,,,,,,,,,,,,,,,,,,,,
200,7711688,0096771168820,76771168802,,IN,285,2026-07-02,,,,,,,,,,,,,,,,,,,,,
200,7711688,0096771168830,76771168803,,IN,144,2026-07-02,,,,,,,,,,,,,,,,,,,,,
200,7711688,0096771168830,767711688010,,IN,0,2026-07-02,,,,,,,,,,,,,,,,,,,,,
200,7711688,0096771168840,76771168806,,IN,0,2026-07-09,,,,,,,,,,,,,,,,,,,,,
200,7711688,0096771168840,76771168804,,IN,140,2026-07-09,,,,,,,,,,,,,,,,,,,,,
200,7711688,0096771168850,76771168805,,IN,120,2026-07-09,,,,,,,,,,,,,,,,,,,,,
200,7711688,0096771168850,76771168807,,IN,0,2026-07-09,,,,,,,,,,,,,,,,,,,,,
200,7711687,0096771168710,76771168701,,EA,1,2026-06-30,,,,,,,,,,,,,,,,,,,,,
200,7711687,0096771168720,76771168702,,EA,125,2026-06-30,,,,,,,,,,,,,,,,,,,,,
200,7711682,0096771168210,76771168201,,EA,4,2026-06-30,,,,,,,,,,,,,,,,,,,,,
200,7711682,0096771168220,76771168202,,EA,3,2026-06-30,,,,,,,,,,,,,,,,,,,,,
200,7711682,0096771168230,76771168203,,EA,1,2026-06-30,,,,,,,,,,,,,,,,,,,,,
200,7711679,0096771167910,76771167901,,EA,0,2026-10-06,,,,,,,,,,,,,,,,,,,,,
200,7711679,0096771167920,76771167902,,EA,0,2026-10-13,,,,,,,,,,,,,,,,,,,,,
200,7711679,0096771167930,76771167903,,EA,0,2026-10-13,,,,,,,,,,,,,,,,,,,,,
200,7711679,0096771167940,76771167904,,EA,0,2026-09-30,,,,,,,,,,,,,,,,,,,,,
200,7711679,0096771167950,76771167905,,EA,0,2026-09-30,,,,,,,,,,,,,,,,,,,,,
200,7711679,0096771167960,76771167906,,EA,0,2026-09-30,,,,,,,,,,,,,,,,,,,,,
200,7711679,0096771167970,76771167907,,EA,0,2026-10-13,,,,,,,,,,,,,,,,,,,,,
200,7711679,0096771167980,76771167908,,EA,0,2026-10-13,,,,,,,,,,,,,,,,,,,,,
200,7711679,0096771167990,76771167909,,EA,0,2026-10-13,,,,,,,,,,,,,,,,,,,,,
200,7711679,00967711679100,767711679010,,EA,0,2026-10-13,,,,,,,,,,,,,,,,,,,,,
200,7711679,00967711679110,767711679011,,EA,0,2026-10-13,,,,,,,,,,,,,,,,,,,,,
200,7711679,00967711679120,767711679012,,EA,0,2026-10-13,,,,,,,,,,,,,,,,,,,,,
200,7711679,00967711679130,767711679013,,EA,0,2026-10-13,,,,,,,,,,,,,,,,,,,,,
200,7711679,00967711679140,767711679014,,EA,0,2026-09-30,,,,,,,,,,,,,,,,,,,,,
200,7711679,00967711679150,767711679015,,EA,0,2026-10-06,,,,,,,,,,,,,,,,,,,,,
200,7711679,00967711679160,767711679016,,EA,0,2026-09-30,,,,,,,,,,,,,,,,,,,,,
200,7711679,00967711679170,767711679017,,EA,0,2026-10-13,,,,,,,,,,,,,,,,,,,,,
200,7711678,0096771167810,76771167801,,EA,0,2026-10-06,,,,,,,,,,,,,,,,,,,,,
200,7711678,0096771167820,76771167802,,EA,0,2026-10-06,,,,,,,,,,,,,,,,,,,,,
200,7711678,0096771167830,76771167803,,EA,0,2026-10-06,,,,,,,,,,,,,,,,,,,,,
200,7711678,0096771167840,76771167804,,EA,0,2026-09-30,,,,,,,,,,,,,,,,,,,,,
200,7711678,0096771167850,76771167805,,EA,0,2026-09-30,,,,,,,,,,,,,,,,,,,,,
200,7711678,0096771167860,76771167806,,EA,0,2026-10-13,,,,,,,,,,,,,,,,,,,,,
200,7711678,0096771167870,76771167807,,EA,0,2026-09-30,,,,,,,,,,,,,,,,,,,,,
200,7711678,0096771167880,76771167808,,EA,0,2026-09-30,,,,,,,,,,,,,,,,,,,,,
200,7711678,0096771167890,76771167809,,EA,0,2026-10-06,,,,,,,,,,,,,,,,,,,,,
200,7711678,00967711678100,767711678010,,EA,0,2026-10-13,,,,,,,,,,,,,,,,,,,,,
200,7711678,00967711678110,767711678011,,EA,0,2026-10-13,,,,,,,,,,,,,,,,,,,,,
200,7711678,00967711678120,767711678012,,EA,0,2026-10-13,,,,,,,,,,,,,,,,,,,,,
200,7711678,00967711678130,767711678013,,EA,0,2026-10-13,,,,,,,,,,,,,,,,,,,,,
200,7711678,00967711678140,767711678014,,EA,0,2026-09-30,,,,,,,,,,,,,,,,,,,,,
200,7711678,00967711678150,767711678015,,EA,0,2026-09-30,,,,,,,,,,,,,,,,,,,,,
200,7711672,0096771167290,76771167201,,EA,20,2026-07-09,,,,,,,,,,,,,,,,,,,,,
200,7711672,0096771167290,76771167202,,EA,80,2026-07-09,,,,,,,,,,,,,,,,,,,,,
200,7711668,0096771166810,76771166801,,EA,0,2026-10-13,,,,,,,,,,,,,,,,,,,,,
200,7711668,0096771166820,76771166802,,EA,0,2026-10-13,,,,,,,,,,,,,,,,,,,,,
200,7711668,0096771166830,76771166803,,EA,0,2026-10-13,,,,,,,,,,,,,,,,,,,,,
200,7711668,0096771166840,76771166804,,EA,0,2026-10-13,,,,,,,,,,,,,,,,,,,,,
200,7711668,0096771166850,76771166805,,EA,0,2026-09-30,,,,,,,,,,,,,,,,,,,,,
200,7711668,0096771166860,76771166806,,EA,0,2026-09-30,,,,,,,,,,,,,,,,,,,,,
200,7711668,0096771166870,76771166807,,EA,0,2026-09-30,,,,,,,,,,,,,,,,,,,,,
200,7711668,0096771166880,76771166808,,EA,0,2026-09-30,,,,,,,,,,,,,,,,,,,,,
200,7711668,0096771166890,76771166809,,EA,0,2026-09-30,,,,,,,,,,,,,,,,,,,,,
200,7711668,00967711668100,767711668010,,EA,0,2026-10-20,,,,,,,,,,,,,,,,,,,,,
200,7711668,00967711668110,767711668011,,EA,0,2026-10-20,,,,,,,,,,,,,,,,,,,,,
200,7711668,00967711668120,767711668012,,EA,0,2026-10-20,,,,,,,,,,,,,,,,,,,,,
200,7711668,00967711668130,767711668013,,EA,0,2026-10-20,,,,,,,,,,,,,,,,,,,,,
200,7711668,00967711668140,767711668014,,EA,0,2026-10-20,,,,,,,,,,,,,,,,,,,,,
200,7711668,00967711668150,767711668015,,EA,0,2026-10-20,,,,,,,,,,,,,,,,,,,,,
200,7711668,00967711668160,767711668016,,EA,0,2026-10-20,,,,,,,,,,,,,,,,,,,,,
200,7711668,00967711668170,767711668017,,EA,0,2026-10-20,,,,,,,,,,,,,,,,,,,,,
200,7711668,00967711668180,767711668018,,EA,0,2026-10-20,,,,,,,,,,,,,,,,,,,,,
200,7711668,00967711668190,767711668019,,EA,0,2026-10-20,,,,,,,,,,,,,,,,,,,,,
200,7711668,00967711668200,767711668020,,EA,0,2026-10-20,,,,,,,,,,,,,,,,,,,,,
200,7711668,00967711668210,767711668021,,EA,0,2026-09-08,,,,,,,,,,,,,,,,,,,,,
200,7711668,00967711668220,767711668022,,EA,0,2026-09-08,,,,,,,,,,,,,,,,,,,,,
200,7711668,00967711668230,767711668023,,EA,0,2026-09-08,,,,,,,,,,,,,,,,,,,,,
200,7711668,00967711668240,767711668024,,ME,0,2026-09-08,,,,,,,,,,,,,,,,,,,,,
200,7711668,00967711668250,767711668025,,EA,0,2026-09-08,,,,,,,,,,,,,,,,,,,,,
200,7711668,00967711668260,767711668026,,EA,0,2026-09-08,,,,,,,,,,,,,,,,,,,,,
200,7711668,00967711668270,767711668027,,EA,0,2026-09-30,,,,,,,,,,,,,,,,,,,,,
200,7711668,00967711668280,767711668028,,EA,0,2026-09-30,,,,,,,,,,,,,,,,,,,,,
200,7711667,0096771166710,76771166701,,EA,0,2026-07-24,,,,,,,,,,,,,,,,,,,,,
200,7711667,0096771166710,76771166702,,EA,0,2026-08-30,,,,,,,,,,,,,,,,,,,,,
200,7711665,0096771166510,76771166501,,EA,0,2026-09-29,,,,,,,,,,,,,,,,,,,,,
200,7711665,0096771166520,76771166502,,EA,0,2026-10-20,,,,,,,,,,,,,,,,,,,,,
200,7711665,0096771166530,76771166503,,EA,0,2026-10-20,,,,,,,,,,,,,,,,,,,,,
200,7711665,0096771166540,76771166504,,EA,0,2026-10-20,,,,,,,,,,,,,,,,,,,,,
200,7711665,0096771166550,76771166505,,EA,0,2026-10-20,,,,,,,,,,,,,,,,,,,,,
200,7711665,0096771166560,76771166506,,EA,0,2026-10-20,,,,,,,,,,,,,,,,,,,,,
200,7711665,0096771166570,76771166507,,EA,0,2026-10-20,,,,,,,,,,,,,,,,,,,,,
200,7711665,0096771166580,76771166508,,EA,0,2026-10-20,,,,,,,,,,,,,,,,,,,,,
200,7711665,0096771166590,76771166509,,EA,0,2026-10-20,,,,,,,,,,,,,,,,,,,,,
200,7711665,00967711665100,767711665010,,EA,0,2026-10-20,,,,,,,,,,,,,,,,,,,,,
200,7711665,00967711665110,767711665011,,EA,0,2026-10-20,,,,,,,,,,,,,,,,,,,,,
200,7711665,00967711665120,767711665012,,EA,0,2026-10-20,,,,,,,,,,,,,,,,,,,,,
200,7711665,00967711665130,767711665013,,EA,0,2026-10-20,,,,,,,,,,,,,,,,,,,,,
200,7711665,00967711665140,767711665014,,EA,0,2026-10-20,,,,,,,,,,,,,,,,,,,,,
200,7711665,00967711665150,767711665015,,EA,0,2026-10-20,,,,,,,,,,,,,,,,,,,,,
200,7711665,00967711665160,767711665016,,EA,0,2026-10-20,,,,,,,,,,,,,,,,,,,,,
200,7711665,00967711665170,767711665017,,EA,0,2026-09-29,,,,,,,,,,,,,,,,,,,,,
200,7711665,00967711665180,767711665018,,EA,0,2026-09-29,,,,,,,,,,,,,,,,,,,,,
200,7711665,00967711665190,767711665019,,EA,0,2026-09-29,,,,,,,,,,,,,,,,,,,,,
200,7711665,00967711665200,767711665020,,EA,0,2026-09-29,,,,,,,,,,,,,,,,,,,,,
200,7711665,00967711665210,767711665021,,EA,0,2026-09-29,,,,,,,,,,,,,,,,,,,,,
200,7711665,00967711665220,767711665022,,EA,0,2026-09-29,,,,,,,,,,,,,,,,,,,,,
200,7711665,00967711665230,767711665023,,EA,0,2026-09-29,,,,,,,,,,,,,,,,,,,,,
200,7711665,00967711665240,767711665024,,EA,0,2026-09-29,,,,,,,,,,,,,,,,,,,,,
200,7711665,00967711665250,767711665025,,EA,0,2026-09-29,,,,,,,,,,,,,,,,,,,,,
200,7711665,00967711665260,767711665026,,EA,0,2026-09-29,,,,,,,,,,,,,,,,,,,,,
200,7711664,0096771166410,76771166401,,EA,0,2026-09-08,,,,,,,,,,,,,,,,,,,,,
200,7711664,0096771166420,76771166402,,EA,0,2026-09-08,,,,,,,,,,,,,,,,,,,,,
200,7711664,0096771166430,76771166403,,EA,0,2026-09-30,,,,,,,,,,,,,,,,,,,,,
200,7711664,0096771166440,76771166404,,EA,0,2026-10-13,,,,,,,,,,,,,,,,,,,,,
200,7711664,0096771166450,76771166405,,EA,0,2026-10-13,,,,,,,,,,,,,,,,,,,,,
200,7711664,0096771166460,76771166406,,EA,0,2026-10-13,,,,,,,,,,,,,,,,,,,,,
200,7711664,0096771166470,76771166407,,EA,0,2026-10-13,,,,,,,,,,,,,,,,,,,,,
200,7711664,0096771166480,76771166408,,EA,0,2026-10-13,,,,,,,,,,,,,,,,,,,,,
200,7711664,0096771166490,76771166409,,EA,0,2026-10-13,,,,,,,,,,,,,,,,,,,,,
200,7711664,00967711664100,767711664010,,EA,0,2026-10-13,,,,,,,,,,,,,,,,,,,,,
200,7711664,00967711664110,767711664011,,EA,0,2026-10-20,,,,,,,,,,,,,,,,,,,,,
200,7711664,00967711664120,767711664012,,EA,0,2026-10-20,,,,,,,,,,,,,,,,,,,,,
200,7711664,00967711664130,767711664013,,EA,0,2026-10-20,,,,,,,,,,,,,,,,,,,,,
200,7711664,00967711664140,767711664014,,EA,0,2026-10-20,,,,,,,,,,,,,,,,,,,,,
200,7711664,00967711664150,767711664015,,EA,0,2026-09-30,,,,,,,,,,,,,,,,,,,,,
200,7711664,00967711664160,767711664016,,EA,0,2026-09-30,,,,,,,,,,,,,,,,,,,,,
200,7711664,00967711664170,767711664017,,EA,0,2026-10-13,,,,,,,,,,,,,,,,,,,,,
200,7711664,00967711664180,767711664018,,EA,0,2026-09-30,,,,,,,,,,,,,,,,,,,,,
200,7711664,00967711664190,767711664019,,EA,0,2026-09-30,,,,,,,,,,,,,,,,,,,,,
200,7711664,00967711664200,767711664020,,EA,0,2026-09-30,,,,,,,,,,,,,,,,,,,,,
200,7711664,00967711664210,767711664021,,EA,0,2026-09-30,,,,,,,,,,,,,,,,,,,,,
200,7711664,00967711664220,767711664022,,EA,0,2026-09-30,,,,,,,,,,,,,,,,,,,,,
200,7711664,00967711664230,767711664023,,EA,0,2026-10-06,,,,,,,,,,,,,,,,,,,,,
200,7711663,0096771166310,76771166301,,EA,0,2026-09-30,,,,,,,,,,,,,,,,,,,,,
200,7711663,0096771166320,76771166302,,EA,0,2026-10-06,,,,,,,,,,,,,,,,,,,,,
200,7711663,0096771166330,76771166303,,EA,0,2026-10-06,,,,,,,,,,,,,,,,,,,,,
200,7711663,0096771166340,76771166304,,EA,0,2026-10-13,,,,,,,,,,,,,,,,,,,,,
200,7711663,0096771166350,76771166305,,EA,0,2026-10-13,,,,,,,,,,,,,,,,,,,,,
200,7711663,0096771166360,76771166306,,EA,0,2026-09-30,,,,,,,,,,,,,,,,,,,,,
200,7711663,0096771166370,76771166307,,EA,0,2026-09-30,,,,,,,,,,,,,,,,,,,,,
200,7711663,0096771166380,76771166308,,EA,0,2026-09-30,,,,,,,,,,,,,,,,,,,,,
200,7711663,0096771166390,76771166309,,EA,0,2026-09-30,,,,,,,,,,,,,,,,,,,,,
200,7711663,00967711663100,767711663010,,EA,0,2026-10-13,,,,,,,,,,,,,,,,,,,,,
200,7711663,00967711663110,767711663011,,EA,0,2026-10-13,,,,,,,,,,,,,,,,,,,,,
200,7711663,00967711663120,767711663012,,EA,0,2026-10-13,,,,,,,,,,,,,,,,,,,,,
200,7711663,00967711663130,767711663013,,EA,0,2026-10-13,,,,,,,,,,,,,,,,,,,,,
200,7711663,00967711663140,767711663014,,EA,0,2026-10-13,,,,,,,,,,,,,,,,,,,,,
200,7711663,00967711663150,767711663015,,EA,0,2026-09-30,,,,,,,,,,,,,,,,,,,,,
200,7711662,0096771166230,76771166201,,IN,0,2026-07-02,,,,,,,,,,,,,,,,,,,,,
200,7711662,0096771166230,76771166203,,IN,288,2026-07-09,,,,,,,,,,,,,,,,,,,,,
200,7711662,0096771166240,76771166204,,IN,264,2026-07-09,,,,,,,,,,,,,,,,,,,,,
200,7711662,0096771166240,76771166202,,IN,0,2026-07-07,,,,,,,,,,,,,,,,,,,,,
200,7711657,0096771165720,76771165701,,EA,1,2026-07-17,,,,,,,,,,,,,,,,,,,,,
200,7711656,0096771165630,76771165601,,EA,6,2026-06-25,,,,,,,,,,,,,,,,,,,,,
200,7711645,0096771164510,76771164501,,EA,0,2026-09-08,,,,,,,,,,,,,,,,,,,,,
200,7711645,0096771164520,76771164502,,EA,0,2026-09-30,,,,,,,,,,,,,,,,,,,,,
200,7711645,0096771164530,76771164503,,EA,0,2026-09-30,,,,,,,,,,,,,,,,,,,,,
200,7711645,0096771164540,76771164504,,EA,0,2026-09-30,,,,,,,,,,,,,,,,,,,,,
200,7711645,0096771164550,76771164505,,EA,0,2026-09-08,,,,,,,,,,,,,,,,,,,,,
200,7711645,0096771164560,76771164506,,EA,0,2026-09-08,,,,,,,,,,,,,,,,,,,,,
200,7711645,0096771164570,76771164507,,EA,0,2026-09-08,,,,,,,,,,,,,,,,,,,,,
200,7711645,0096771164580,76771164508,,EA,0,2026-09-08,,,,,,,,,,,,,,,,,,,,,
200,7711645,0096771164590,76771164509,,EA,0,2026-09-08,,,,,,,,,,,,,,,,,,,,,
200,7711645,00967711645100,767711645010,,EA,0,2026-09-08,,,,,,,,,,,,,,,,,,,,,
200,7711645,00967711645110,767711645011,,EA,0,2026-09-08,,,,,,,,,,,,,,,,,,,,,
200,7711645,00967711645120,767711645012,,EA,0,2026-09-08,,,,,,,,,,,,,,,,,,,,,
200,7711645,00967711645130,767711645013,,EA,0,2026-09-30,,,,,,,,,,,,,,,,,,,,,
200,7711645,00967711645140,767711645014,,EA,0,2026-09-30,,,,,,,,,,,,,,,,,,,,,
200,7711645,00967711645150,767711645015,,EA,0,2026-09-30,,,,,,,,,,,,,,,,,,,,,
200,7711645,00967711645160,767711645016,,EA,0,2026-09-30,,,,,,,,,,,,,,,,,,,,,
200,7711645,00967711645170,767711645017,,EA,0,2026-09-30,,,,,,,,,,,,,,,,,,,,,
200,7711645,00967711645180,767711645018,,EA,0,2026-09-30,,,,,,,,,,,,,,,,,,,,,
200,7711645,00967711645190,767711645019,,EA,0,2026-09-30,,,,,,,,,,,,,,,,,,,,,
200,7711645,00967711645200,767711645020,,EA,0,2026-09-30,,,,,,,,,,,,,,,,,,,,,
200,7711645,00967711645210,767711645021,,EA,0,2026-09-30,,,,,,,,,,,,,,,,,,,,,
200,7711645,00967711645220,767711645022,,EA,0,2026-09-30,,,,,,,,,,,,,,,,,,,,,
200,7711645,00967711645230,767711645023,,EA,0,2026-09-30,,,,,,,,,,,,,,,,,,,,,
200,7711645,00967711645240,767711645024,,EA,0,2026-09-30,,,,,,,,,,,,,,,,,,,,,
200,7711645,00967711645250,767711645025,,EA,0,2026-09-30,,,,,,,,,,,,,,,,,,,,,
200,7711642,0096771164210,76771164201,,EA,0,2026-09-25,,,,,,,,,,,,,,,,,,,,,
200,7711642,0096771164220,76771164202,,EA,0,2026-09-25,,,,,,,,,,,,,,,,,,,,,
200,7711642,0096771164230,76771164203,,EA,0,2026-09-25,,,,,,,,,,,,,,,,,,,,,
200,7711639,0096771163910,76771163901,,IN,261,2026-07-09,,,,,,,,,,,,,,,,,,,,,
200,7711639,0096771163910,76771163902,,IN,39,2026-07-09,,,,,,,,,,,,,,,,,,,,,
200,7711629,0096771162910,76771162901,,EA,10,2026-06-25,,,,,,,,,,,,,,,,,,,,,
200,7711629,0096771162920,76771162902,,EA,10,2026-06-25,,,,,,,,,,,,,,,,,,,,,
200,7711629,0096771162930,76771162903,,EA,1,2026-06-25,,,,,,,,,,,,,,,,,,,,,
200,7711621,0096771162110,76771162101,,EA,4,2026-08-24,,,,,,,,,,,,,,,,,,,,,
200,7711621,0096771162120,76771162102,,EA,1,2026-08-24,,,,,,,,,,,,,,,,,,,,,
200,7711621,0096771162130,76771162103,,EA,1,2026-08-24,,,,,,,,,,,,,,,,,,,,,
200,7711621,0096771162140,76771162104,,EA,2,2026-08-24,,,,,,,,,,,,,,,,,,,,,
200,7711621,0096771162150,76771162105,,EA,1,2026-08-24,,,,,,,,,,,,,,,,,,,,,
200,7711621,0096771162160,76771162106,,EA,4,2026-08-24,,,,,,,,,,,,,,,,,,,,,
200,7711621,0096771162170,76771162107,,EA,3,2026-08-24,,,,,,,,,,,,,,,,,,,,,
200,7711621,0096771162180,76771162108,,EA,2,2026-08-24,,,,,,,,,,,,,,,,,,,,,
200,7711621,0096771162190,76771162109,,EA,2,2026-08-24,,,,,,,,,,,,,,,,,,,,,
200,7711612,0096771161230,76771161201,,IN,277,2026-07-02,,,,,,,,,,,,,,,,,,,,,
200,7711612,0096771161230,76771161202,,IN,0,2026-07-02,,,,,,,,,,,,,,,,,,,,,
200,7711611,0096771161110,76771161101,,EA,75,2026-06-23,,,,,,,,,,,,,,,,,,,,,
200,7711611,0096771161120,76771161102,,EA,100,2026-06-23,,,,,,,,,,,,,,,,,,,,,
200,7711611,0096771161130,76771161103,,EA,25,2026-06-23,,,,,,,,,,,,,,,,,,,,,
200,7711599,0096771159910,76771159901,,EA,0,2026-07-31,,,,,,,,,,,,,,,,,,,,,
200,7711599,0096771159920,76771159902,,EA,2,2026-07-31,,,,,,,,,,,,,,,,,,,,,
200,7711599,0096771159930,76771159903,,EA,2,2026-07-31,,,,,,,,,,,,,,,,,,,,,
200,7711599,0096771159940,76771159904,,EA,2,2026-07-31,,,,,,,,,,,,,,,,,,,,,
200,7711599,0096771159950,76771159905,,EA,0,2026-07-31,,,,,,,,,,,,,,,,,,,,,
200,7711599,0096771159960,76771159906,,EA,0,2026-07-31,,,,,,,,,,,,,,,,,,,,,
200,7711599,0096771159990,76771159907,,EA,2,2026-07-31,,,,,,,,,,,,,,,,,,,,,
200,7711599,00967711599100,76771159908,,EA,2,2026-07-31,,,,,,,,,,,,,,,,,,,,,
200,7711599,00967711599110,76771159909,,EA,2,2026-07-31,,,,,,,,,,,,,,,,,,,,,
200,7711599,00967711599120,767711599010,,EA,0,2026-07-31,,,,,,,,,,,,,,,,,,,,,
200,7711599,00967711599160,767711599011,,EA,0,2026-07-31,,,,,,,,,,,,,,,,,,,,,
200,7711599,00967711599200,767711599012,,EA,0,2026-07-31,,,,,,,,,,,,,,,,,,,,,
200,7711599,00967711599240,767711599013,,EA,2,2026-07-31,,,,,,,,,,,,,,,,,,,,,
200,7711598,0096771159810,76771159801,,EA,0,2026-06-05,,,,,,,,,,,,,,,,,,,,,
200,7711597,0096771159710,76771159701,,EA,8,2026-07-02,,,,,,,,,,,,,,,,,,,,,
200,7711593,0096771159310,76771159301,,EA,0,2026-06-19,,,,,,,,,,,,,,,,,,,,,
200,7711583,0096771158310,76771158301,,EA,0,2026-07-08,,,,,,,,,,,,,,,,,,,,,
200,7711581,0096771158110,76771158101,,EA,200,2026-07-29,,,,,,,,,,,,,,,,,,,,,
200,7711581,0096771158120,76771158102,,EA,0,2026-07-29,,,,,,,,,,,,,,,,,,,,,
200,7711581,0096771158130,76771158103,,EA,200,2026-07-28,,,,,,,,,,,,,,,,,,,,,
200,7711581,0096771158140,76771158104,,EA,200,2026-07-28,,,,,,,,,,,,,,,,,,,,,
200,7711581,0096771158150,76771158105,,EA,200,2026-07-28,,,,,,,,,,,,,,,,,,,,,
200,7711581,0096771158160,76771158106,,EA,50,2026-07-28,,,,,,,,,,,,,,,,,,,,,
200,7711581,0096771158170,76771158107,,EA,200,2026-07-29,,,,,,,,,,,,,,,,,,,,,
200,7711578,0096771157820,76771157801,,IN,1720,2026-06-24,,,,,,,,,,,,,,,,,,,,,
200,7711578,0096771157820,76771157804,,IN,0,2026-06-25,,,,,,,,,,,,,,,,,,,,,
200,7711578,0096771157830,76771157805,,IN,0,2026-07-02,,,,,,,,,,,,,,,,,,,,,
200,7711578,0096771157830,76771157802,,IN,140,2026-07-02,,,,,,,,,,,,,,,,,,,,,
200,7711578,0096771157840,76771157803,,IN,138,2026-07-02,,,,,,,,,,,,,,,,,,,,,
200,7711578,0096771157840,76771157806,,IN,0,2026-07-02,,,,,,,,,,,,,,,,,,,,,
200,7711577,0096771157710,76771157701,,EA,100,2026-06-19,,,,,,,,,,,,,,,,,,,,,
200,7711577,0096771157720,76771157702,,EA,40,2026-06-19,,,,,,,,,,,,,,,,,,,,,
200,7711577,0096771157730,76771157703,,EA,100,2026-06-19,,,,,,,,,,,,,,,,,,,,,
200,7711572,0096771157220,76771157201,,EA,1,2026-07-10,,,,,,,,,,,,,,,,,,,,,
200,7711571,0096771157110,76771157101,,EA,0,2026-10-13,,,,,,,,,,,,,,,,,,,,,
200,7711571,0096771157120,76771157102,,EA,0,2026-10-13,,,,,,,,,,,,,,,,,,,,,
200,7711571,0096771157130,76771157103,,EA,0,2026-09-08,,,,,,,,,,,,,,,,,,,,,
200,7711571,0096771157140,76771157104,,EA,0,2026-09-08,,,,,,,,,,,,,,,,,,,,,
200,7711571,0096771157150,76771157105,,EA,0,2026-10-13,,,,,,,,,,,,,,,,,,,,,
200,7711571,0096771157160,76771157106,,EA,0,2026-10-13,,,,,,,,,,,,,,,,,,,,,
200,7711571,0096771157170,76771157107,,EA,0,2026-10-13,,,,,,,,,,,,,,,,,,,,,
200,7711571,0096771157180,76771157108,,EA,0,2026-10-13,,,,,,,,,,,,,,,,,,,,,
200,7711571,0096771157190,76771157109,,EA,0,2026-09-08,,,,,,,,,,,,,,,,,,,,,
200,7711571,00967711571100,767711571010,,EA,0,2026-09-08,,,,,,,,,,,,,,,,,,,,,
200,7711571,00967711571110,767711571011,,EA,0,2026-10-13,,,,,,,,,,,,,,,,,,,,,
200,7711571,00967711571120,767711571012,,EA,0,2026-10-13,,,,,,,,,,,,,,,,,,,,,
200,7711571,00967711571130,767711571013,,EA,0,2026-10-13,,,,,,,,,,,,,,,,,,,,,
200,7711571,00967711571140,767711571014,,EA,0,2026-10-13,,,,,,,,,,,,,,,,,,,,,
200,7711571,00967711571150,767711571015,,EA,0,2026-10-13,,,,,,,,,,,,,,,,,,,,,
200,7711571,00967711571160,767711571016,,EA,0,2026-10-13,,,,,,,,,,,,,,,,,,,,,
200,7711571,00967711571170,767711571017,,EA,0,2026-10-13,,,,,,,,,,,,,,,,,,,,,
200,7711571,00967711571180,767711571018,,EA,0,2026-09-08,,,,,,,,,,,,,,,,,,,,,
200,7711571,00967711571190,767711571019,,EA,0,2026-09-08,,,,,,,,,,,,,,,,,,,,,
200,7711571,00967711571200,767711571020,,ME,0,2026-09-08,,,,,,,,,,,,,,,,,,,,,
200,7711571,00967711571210,767711571021,,EA,0,2026-09-08,,,,,,,,,,,,,,,,,,,,,
200,7711571,00967711571220,767711571022,,EA,0,2026-09-08,,,,,,,,,,,,,,,,,,,,,
200,7711571,00967711571230,767711571023,,EA,0,2026-09-08,,,,,,,,,,,,,,,,,,,,,
200,7711570,0096771157020,76771157001,,EA,0,2026-09-08,,,,,,,,,,,,,,,,,,,,,
200,7711570,0096771157030,76771157002,,EA,0,2026-09-08,,,,,,,,,,,,,,,,,,,,,
200,7711570,0096771157040,76771157003,,EA,0,2026-09-08,,,,,,,,,,,,,,,,,,,,,
200,7711570,0096771157050,76771157004,,EA,0,2026-09-08,,,,,,,,,,,,,,,,,,,,,
200,7711570,0096771157060,76771157005,,EA,0,2026-09-08,,,,,,,,,,,,,,,,,,,,,
200,7711570,0096771157070,76771157006,,EA,0,2026-09-08,,,,,,,,,,,,,,,,,,,,,
200,7711570,0096771157080,76771157007,,EA,0,2026-09-30,,,,,,,,,,,,,,,,,,,,,
200,7711570,0096771157090,76771157008,,EA,0,2026-09-30,,,,,,,,,,,,,,,,,,,,,
200,7711570,00967711570100,76771157009,,EA,0,2026-09-08,,,,,,,,,,,,,,,,,,,,,
200,7711570,00967711570120,767711570010,,EA,0,2026-09-08,,,,,,,,,,,,,,,,,,,,,
200,7711570,00967711570130,767711570011,,EA,0,2026-09-08,,,,,,,,,,,,,,,,,,,,,
200,7711570,00967711570140,767711570012,,EA,0,2026-09-08,,,,,,,,,,,,,,,,,,,,,
200,7711570,00967711570150,767711570013,,EA,0,2026-09-08,,,,,,,,,,,,,,,,,,,,,
200,7711570,00967711570160,767711570014,,EA,0,2026-09-08,,,,,,,,,,,,,,,,,,,,,
200,7711570,00967711570170,767711570015,,EA,0,2026-09-08,,,,,,,,,,,,,,,,,,,,,
200,7711570,00967711570180,767711570016,,EA,0,2026-09-08,,,,,,,,,,,,,,,,,,,,,
200,7711570,00967711570190,767711570017,,EA,0,2026-09-08,,,,,,,,,,,,,,,,,,,,,
200,7711570,00967711570200,767711570018,,EA,0,2026-09-08,,,,,,,,,,,,,,,,,,,,,
200,7711570,00967711570210,767711570019,,EA,0,2026-09-30,,,,,,,,,,,,,,,,,,,,,
200,7711570,00967711570220,767711570020,,EA,0,2026-09-30,,,,,,,,,,,,,,,,,,,,,
200,7711570,00967711570230,767711570021,,EA,0,2026-09-30,,,,,,,,,,,,,,,,,,,,,
200,7711570,00967711570240,767711570022,,EA,0,2026-09-30,,,,,,,,,,,,,,,,,,,,,
200,7711570,00967711570250,767711570023,,EA,0,2026-09-30,,,,,,,,,,,,,,,,,,,,,
200,7711570,00967711570260,767711570024,,EA,0,2026-09-30,,,,,,,,,,,,,,,,,,,,,
200,7711570,00967711570270,767711570025,,EA,0,2026-09-30,,,,,,,,,,,,,,,,,,,,,
200,7711570,00967711570280,767711570026,,EA,0,2026-09-30,,,,,,,,,,,,,,,,,,,,,
200,7711570,00967711570290,767711570027,,EA,0,2026-09-30,,,,,,,,,,,,,,,,,,,,,
200,7711569,0096771156910,76771156901,,EA,0,2026-09-08,,,,,,,,,,,,,,,,,,,,,
200,7711569,0096771156920,76771156902,,EA,0,2026-09-08,,,,,,,,,,,,,,,,,,,,,
200,7711569,0096771156930,76771156903,,EA,0,2026-09-08,,,,,,,,,,,,,,,,,,,,,
200,7711569,0096771156940,76771156904,,EA,0,2026-10-13,,,,,,,,,,,,,,,,,,,,,
200,7711569,0096771156950,76771156905,,EA,0,2026-10-13,,,,,,,,,,,,,,,,,,,,,
200,7711569,0096771156960,76771156906,,EA,0,2026-10-13,,,,,,,,,,,,,,,,,,,,,
200,7711569,0096771156970,76771156907,,EA,0,2026-09-08,,,,,,,,,,,,,,,,,,,,,
200,7711569,0096771156980,76771156908,,EA,0,2026-09-08,,,,,,,,,,,,,,,,,,,,,
200,7711569,0096771156990,76771156909,,EA,0,2026-09-08,,,,,,,,,,,,,,,,,,,,,
200,7711569,00967711569100,767711569010,,EA,0,2026-09-08,,,,,,,,,,,,,,,,,,,,,
200,7711569,00967711569110,767711569011,,EA,0,2026-09-08,,,,,,,,,,,,,,,,,,,,,
200,7711569,00967711569120,767711569012,,EA,0,2026-09-08,,,,,,,,,,,,,,,,,,,,,
200,7711569,00967711569130,767711569013,,EA,0,2026-10-13,,,,,,,,,,,,,,,,,,,,,
200,7711569,00967711569140,767711569014,,EA,0,2026-10-06,,,,,,,,,,,,,,,,,,,,,
200,7711569,00967711569150,767711569015,,EA,0,2026-10-06,,,,,,,,,,,,,,,,,,,,,
200,7711569,00967711569160,767711569016,,EA,0,2026-10-06,,,,,,,,,,,,,,,,,,,,,
200,7711569,00967711569170,767711569017,,EA,0,2026-10-06,,,,,,,,,,,,,,,,,,,,,
200,7711569,00967711569180,767711569018,,EA,0,2026-09-08,,,,,,,,,,,,,,,,,,,,,
200,7711569,00967711569190,767711569019,,EA,0,2026-09-08,,,,,,,,,,,,,,,,,,,,,
200,7711569,00967711569200,767711569020,,EA,0,2026-09-08,,,,,,,,,,,,,,,,,,,,,
200,7711569,00967711569210,767711569021,,EA,0,2026-09-08,,,,,,,,,,,,,,,,,,,,,
200,7711569,00967711569220,767711569022,,EA,0,2026-10-06,,,,,,,,,,,,,,,,,,,,,
200,7711569,00967711569230,767711569023,,EA,0,2026-10-06,,,,,,,,,,,,,,,,,,,,,
200,7711569,00967711569240,767711569024,,EA,0,2026-10-06,,,,,,,,,,,,,,,,,,,,,
200,7711569,00967711569250,767711569025,,EA,0,2026-10-06,,,,,,,,,,,,,,,,,,,,,
200,7711569,00967711569260,767711569026,,EA,0,2026-10-06,,,,,,,,,,,,,,,,,,,,,
200,7711569,00967711569270,767711569027,,EA,0,2026-10-06,,,,,,,,,,,,,,,,,,,,,
200,7711569,00967711569280,767711569028,,EA,0,2026-10-06,,,,,,,,,,,,,,,,,,,,,
200,7711569,00967711569290,767711569029,,EA,0,2026-10-06,,,,,,,,,,,,,,,,,,,,,
200,7711569,00967711569300,767711569030,,EA,0,2026-10-06,,,,,,,,,,,,,,,,,,,,,
200,7711569,00967711569310,767711569031,,EA,0,2026-09-08,,,,,,,,,,,,,,,,,,,,,
200,7711569,00967711569320,767711569032,,EA,0,2026-09-08,,,,,,,,,,,,,,,,,,,,,
200,7711569,00967711569330,767711569033,,EA,0,2026-09-08,,,,,,,,,,,,,,,,,,,,,
200,7711560,0096771156030,76771156001,,EA,1,2026-06-22,,,,,,,,,,,,,,,,,,,,,
200,7711556,0096771155620,76771155601,,IN,140,2026-07-02,,,,,,,,,,,,,,,,,,,,,
200,7711556,0096771155620,76771155606,,IN,0,2026-07-02,,,,,,,,,,,,,,,,,,,,,
200,7711556,0096771155630,76771155607,,IN,0,2026-07-02,,,,,,,,,,,,,,,,,,,,,
200,7711556,0096771155630,76771155602,,IN,292,2026-07-02,,,,,,,,,,,,,,,,,,,,,
200,7711556,0096771155640,76771155603,,IN,277,2026-07-02,,,,,,,,,,,,,,,,,,,,,
200,7711556,0096771155640,76771155608,,IN,0,2026-07-02,,,,,,,,,,,,,,,,,,,,,
200,7711556,0096771155650,76771155604,,IN,279,2026-07-02,,,,,,,,,,,,,,,,,,,,,
200,7711556,0096771155650,767711556010,,IN,0,2026-07-02,,,,,,,,,,,,,,,,,,,,,
200,7711556,0096771155660,76771155605,,IN,279,2026-07-02,,,,,,,,,,,,,,,,,,,,,
200,7711556,0096771155660,76771155609,,IN,0,2026-07-02,,,,,,,,,,,,,,,,,,,,,
200,7711551,0096771155110,76771155101,,EA,10,2026-06-19,,,,,,,,,,,,,,,,,,,,,
200,7711551,0096771155110,76771155102,,EA,1,2026-07-17,,,,,,,,,,,,,,,,,,,,,
200,7711535,0096771153510,76771153501,,EA,0,2026-06-19,,,,,,,,,,,,,,,,,,,,,
200,7711535,0096771153520,76771153502,,EA,0,2026-06-19,,,,,,,,,,,,,,,,,,,,,
200,7711535,0096771153530,76771153503,,EA,0,2026-07-10,,,,,,,,,,,,,,,,,,,,,
200,7711535,0096771153540,76771153504,,EA,0,2026-06-19,,,,,,,,,,,,,,,,,,,,,
200,7711535,0096771153550,76771153505,,EA,0,2026-06-19,,,,,,,,,,,,,,,,,,,,,
200,7711532,0096771153220,76771153201,,FT,1,2026-06-16,,,,,,,,,,,,,,,,,,,,,
200,7711532,0096771153220,76771153202,,FT,0,2026-06-16,,,,,,,,,,,,,,,,,,,,,
200,7711525,0096771152510,76771152501,,EA,0,2026-10-06,,,,,,,,,,,,,,,,,,,,,
200,7711525,0096771152520,76771152502,,EA,0,2026-10-06,,,,,,,,,,,,,,,,,,,,,
200,7711525,0096771152530,76771152503,,EA,0,2026-10-06,,,,,,,,,,,,,,,,,,,,,
200,7711525,0096771152540,76771152504,,EA,0,2026-10-06,,,,,,,,,,,,,,,,,,,,,
200,7711525,0096771152550,76771152505,,EA,0,2026-10-06,,,,,,,,,,,,,,,,,,,,,
200,7711525,00967711525110,76771152506,,EA,0,2026-10-06,,,,,,,,,,,,,,,,,,,,,
200,7711525,00967711525120,76771152507,,EA,0,2026-10-06,,,,,,,,,,,,,,,,,,,,,
200,7711525,00967711525130,76771152508,,EA,0,2026-10-06,,,,,,,,,,,,,,,,,,,,,
200,7711525,00967711525200,76771152509,,EA,0,2026-10-06,,,,,,,,,,,,,,,,,,,,,
200,7711525,00967711525210,767711525010,,EA,0,2026-10-06,,,,,,,,,,,,,,,,,,,,,
200,7711525,00967711525240,767711525011,,EA,0,2026-09-08,,,,,,,,,,,,,,,,,,,,,
200,7711525,00967711525250,767711525012,,EA,0,2026-09-29,,,,,,,,,,,,,,,,,,,,,
200,7711524,0096771152420,76771152401,,EA,0,2026-11-10,,,,,,,,,,,,,,,,,,,,,
200,7711524,0096771152450,76771152402,,EA,0,2026-10-06,,,,,,,,,,,,,,,,,,,,,
200,7711524,0096771152460,76771152403,,EA,0,2026-10-06,,,,,,,,,,,,,,,,,,,,,
200,7711524,0096771152470,76771152404,,EA,0,2026-10-06,,,,,,,,,,,,,,,,,,,,,
200,7711524,0096771152480,76771152405,,EA,0,2026-10-06,,,,,,,,,,,,,,,,,,,,,
200,7711524,0096771152490,76771152406,,EA,0,2026-10-06,,,,,,,,,,,,,,,,,,,,,
200,7711524,00967711524100,76771152407,,EA,0,2026-10-06,,,,,,,,,,,,,,,,,,,,,
200,7711524,00967711524110,76771152408,,EA,0,2026-10-06,,,,,,,,,,,,,,,,,,,,,
200,7711524,00967711524120,76771152409,,EA,0,2026-10-06,,,,,,,,,,,,,,,,,,,,,
200,7711524,00967711524220,767711524010,,EA,0,2026-09-08,,,,,,,,,,,,,,,,,,,,,
200,7711524,00967711524230,767711524011,,EA,0,2026-09-17,,,,,,,,,,,,,,,,,,,,,
200,7711524,00967711524240,767711524012,,EA,0,2026-09-17,,,,,,,,,,,,,,,,,,,,,
200,7711524,00967711524250,767711524013,,EA,0,2026-09-17,,,,,,,,,,,,,,,,,,,,,
200,7711524,00967711524260,767711524014,,EA,0,2026-09-17,,,,,,,,,,,,,,,,,,,,,
200,7711524,00967711524290,767711524015,,EA,0,2026-09-08,,,,,,,,,,,,,,,,,,,,,
200,7711524,00967711524300,767711524016,,EA,0,2026-10-06,,,,,,,,,,,,,,,,,,,,,
200,7711524,00967711524310,767711524017,,EA,0,2026-10-06,,,,,,,,,,,,,,,,,,,,,
200,7711523,0096771152310,76771152301,,EA,0,2026-10-06,,,,,,,,,,,,,,,,,,,,,
200,7711523,0096771152320,76771152302,,EA,0,2026-10-06,,,,,,,,,,,,,,,,,,,,,
200,7711523,0096771152330,76771152303,,EA,0,2026-10-06,,,,,,,,,,,,,,,,,,,,,
200,7711523,0096771152340,76771152304,,EA,0,2026-09-30,,,,,,,,,,,,,,,,,,,,,
200,7711523,0096771152370,76771152305,,EA,0,2026-09-08,,,,,,,,,,,,,,,,,,,,,
200,7711523,0096771152380,76771152306,,EA,0,2026-09-08,,,,,,,,,,,,,,,,,,,,,
200,7711523,0096771152390,76771152307,,EA,0,2026-09-08,,,,,,,,,,,,,,,,,,,,,
200,7711523,00967711523120,76771152308,,EA,0,2026-10-06,,,,,,,,,,,,,,,,,,,,,
200,7711523,00967711523130,76771152309,,EA,0,2026-10-06,,,,,,,,,,,,,,,,,,,,,
200,7711523,00967711523140,767711523010,,EA,0,2026-10-06,,,,,,,,,,,,,,,,,,,,,
200,7711523,00967711523150,767711523011,,EA,0,2026-10-06,,,,,,,,,,,,,,,,,,,,,
200,7711523,00967711523160,767711523012,,EA,0,2026-10-06,,,,,,,,,,,,,,,,,,,,,
200,7711523,00967711523170,767711523013,,EA,0,2026-10-06,,,,,,,,,,,,,,,,,,,,,
200,7711523,00967711523180,767711523014,,EA,0,2026-10-06,,,,,,,,,,,,,,,,,,,,,
200,7711523,00967711523190,767711523015,,EA,0,2026-10-06,,,,,,,,,,,,,,,,,,,,,
200,7711523,00967711523200,767711523016,,EA,0,2026-10-06,,,,,,,,,,,,,,,,,,,,,
200,7711523,00967711523210,767711523017,,EA,0,2026-10-06,,,,,,,,,,,,,,,,,,,,,
200,7711523,00967711523220,767711523018,,EA,0,2026-09-08,,,,,,,,,,,,,,,,,,,,,
200,7711523,00967711523230,767711523019,,EA,0,2026-09-08,,,,,,,,,,,,,,,,,,,,,
200,7711523,00967711523240,767711523020,,EA,0,2026-09-08,,,,,,,,,,,,,,,,,,,,,
200,7711523,00967711523250,767711523021,,EA,0,2026-10-06,,,,,,,,,,,,,,,,,,,,,
200,7711523,00967711523260,767711523022,,EA,0,2026-10-06,,,,,,,,,,,,,,,,,,,,,
200,7711523,00967711523270,767711523023,,EA,0,2026-10-06,,,,,,,,,,,,,,,,,,,,,
200,7711523,00967711523280,767711523024,,EA,0,2026-10-06,,,,,,,,,,,,,,,,,,,,,
200,7711513,0096771151310,76771151301,,EA,0,2026-08-20,,,,,,,,,,,,,,,,,,,,,
200,7711512,0096771151210,76771151201,,EA,1,2026-06-18,,,,,,,,,,,,,,,,,,,,,
200,7711508,0096771150820,76771150804,,IN,290,2026-06-29,,,,,,,,,,,,,,,,,,,,,
200,7711508,0096771150820,76771150801,,IN,0,2026-06-30,,,,,,,,,,,,,,,,,,,,,
200,7711508,0096771150830,76771150803,,IN,0,2026-06-30,,,,,,,,,,,,,,,,,,,,,
200,7711508,0096771150830,76771150805,,IN,290,2026-07-02,,,,,,,,,,,,,,,,,,,,,
200,7711508,0096771150840,76771150806,,IN,278,2026-06-29,,,,,,,,,,,,,,,,,,,,,
200,7711508,0096771150840,76771150802,,IN,0,2026-06-18,,,,,,,,,,,,,,,,,,,,,
200,7711496,0096771149620,76771149601,,EA,1,2026-06-19,,,,,,,,,,,,,,,,,,,,,
200,7711496,0096771149630,76771149602,,EA,1,2026-06-19,,,,,,,,,,,,,,,,,,,,,
200,7711496,0096771149640,76771149603,,EA,1,2026-06-19,,,,,,,,,,,,,,,,,,,,,
200,7711494,0096771149410,76771149401,,EA,1,2026-06-15,,,,,,,,,,,,,,,,,,,,,
200,7711494,0096771149420,76771149402,,EA,12,2026-06-11,,,,,,,,,,,,,,,,,,,,,
200,7711494,0096771149430,76771149403,,EA,6,2026-06-15,,,,,,,,,,,,,,,,,,,,,
200,7711494,0096771149440,76771149404,,EA,1,2026-06-15,,,,,,,,,,,,,,,,,,,,,
200,7711486,0096771148610,76771148605,,IN,0,2026-06-25,,,,,,,,,,,,,,,,,,,,,
200,7711486,0096771148610,76771148601,,IN,290,2026-06-24,,,,,,,,,,,,,,,,,,,,,
200,7711486,0096771148620,76771148602,,IN,280,2026-06-24,,,,,,,,,,,,,,,,,,,,,
200,7711486,0096771148620,76771148606,,IN,0,2026-06-25,,,,,,,,,,,,,,,,,,,,,
200,7711486,0096771148630,76771148603,,IN,288,2026-06-22,,,,,,,,,,,,,,,,,,,,,
200,7711486,0096771148630,76771148604,,IN,0,2026-06-25,,,,,,,,,,,,,,,,,,,,,
200,7711480,0096771148010,76771148001,,EA,0,2026-07-30,,,,,,,,,,,,,,,,,,,,,
200,7711474,0096771147480,76771147401,,EA,0,2026-10-06,,,,,,,,,,,,,,,,,,,,,
200,7711474,0096771147490,76771147402,,EA,0,2026-10-06,,,,,,,,,,,,,,,,,,,,,
200,7711474,00967711474100,76771147403,,EA,0,2026-10-06,,,,,,,,,,,,,,,,,,,,,
200,7711474,00967711474110,76771147404,,EA,0,2026-10-06,,,,,,,,,,,,,,,,,,,,,
200,7711474,00967711474120,76771147405,,EA,0,2026-10-06,,,,,,,,,,,,,,,,,,,,,
200,7711474,00967711474170,76771147406,,EA,0,2026-10-06,,,,,,,,,,,,,,,,,,,,,
200,7711474,00967711474180,76771147407,,EA,0,2026-10-06,,,,,,,,,,,,,,,,,,,,,
200,7711474,00967711474190,76771147408,,EA,0,2026-10-06,,,,,,,,,,,,,,,,,,,,,
200,7711474,00967711474200,76771147409,,EA,0,2026-10-06,,,,,,,,,,,,,,,,,,,,,
200,7711473,0096771147370,76771147301,,EA,0,2026-09-08,,,,,,,,,,,,,,,,,,,,,
200,7711473,0096771147380,76771147302,,EA,0,2026-09-08,,,,,,,,,,,,,,,,,,,,,
200,7711473,00967711473100,76771147303,,EA,0,2026-09-08,,,,,,,,,,,,,,,,,,,,,
200,7711469,0096771146910,76771146901,,IN,0,2026-06-25,,,,,,,,,,,,,,,,,,,,,
200,7711469,0096771146910,76771146905,,IN,140,2026-06-24,,,,,,,,,,,,,,,,,,,,,
200,7711469,0096771146920,76771146906,,IN,120,2026-06-24,,,,,,,,,,,,,,,,,,,,,
200,7711469,0096771146920,76771146902,,IN,0,2026-06-25,,,,,,,,,,,,,,,,,,,,,
200,7711469,0096771146930,76771146903,,IN,0,2026-06-25,,,,,,,,,,,,,,,,,,,,,
200,7711469,0096771146930,76771146907,,IN,276,2026-06-24,,,,,,,,,,,,,,,,,,,,,
200,7711469,0096771146940,76771146908,,IN,264,2026-06-24,,,,,,,,,,,,,,,,,,,,,
200,7711469,0096771146940,76771146904,,IN,0,2026-06-15,,,,,,,,,,,,,,,,,,,,,
200,7711469,0096771146950,76771146909,,IN,288,2026-06-19,,,,,,,,,,,,,,,,,,,,,
200,7711469,0096771146950,767711469010,,IN,0,2026-06-15,,,,,,,,,,,,,,,,,,,,,
200,7711464,0096771146440,76771146401,,EA,0,2026-11-06,,,,,,,,,,,,,,,,,,,,,
200,7711464,0096771146450,76771146402,,EA,0,2026-11-13,,,,,,,,,,,,,,,,,,,,,
200,7711462,0096771146220,76771146201,,EA,270,2026-07-13,,,,,,,,,,,,,,,,,,,,,
200,7711455,0096771145510,76771145501,,EA,0,2026-06-30,,,,,,,,,,,,,,,,,,,,,
200,7711454,0096771145420,76771145402,,EA,10,2026-06-19,,,,,,,,,,,,,,,,,,,,,
200,7711454,0096771145430,76771145403,,EA,2,2026-06-09,,,,,,,,,,,,,,,,,,,,,
200,7711454,0096771145440,76771145401,,EA,0,2026-06-10,,,,,,,,,,,,,,,,,,,,,
200,7711452,0096771145240,76771145201,,EA,10,2026-06-23,,,,,,,,,,,,,,,,,,,,,
200,7711434,0096771143410,76771143401,,EA,5,2026-07-31,,,,,,,,,,,,,,,,,,,,,
200,7711434,0096771143410,767711434012,,EA,-5,2026-07-31,,,,,,,,,,,,,,,,,,,,,
200,7711434,0096771143410,767711434013,,EA,5,2026-09-11,,,,,,,,,,,,,,,,,,,,,
200,7711434,0096771143470,767711434014,,EA,-10,2026-07-31,,,,,,,,,,,,,,,,,,,,,
200,7711434,0096771143470,767711434015,,EA,10,2026-09-11,,,,,,,,,,,,,,,,,,,,,
200,7711434,0096771143470,76771143402,,EA,10,2026-07-31,,,,,,,,,,,,,,,,,,,,,
200,7711434,0096771143480,76771143403,,EA,10,2026-09-11,,,,,,,,,,,,,,,,,,,,,
200,7711434,0096771143490,76771143404,,EA,0,2026-09-08,,,,,,,,,,,,,,,,,,,,,
200,7711434,00967711434100,76771143405,,EA,0,2026-09-08,,,,,,,,,,,,,,,,,,,,,
200,7711434,00967711434120,76771143406,,EA,0,2026-09-08,,,,,,,,,,,,,,,,,,,,,
200,7711434,00967711434130,76771143407,,EA,50,2026-07-31,,,,,,,,,,,,,,,,,,,,,
200,7711434,00967711434130,767711434016,,EA,-50,2026-07-31,,,,,,,,,,,,,,,,,,,,,
200,7711434,00967711434130,767711434017,,EA,50,2026-09-09,,,,,,,,,,,,,,,,,,,,,
200,7711434,00967711434140,767711434018,,EA,-50,2026-07-31,,,,,,,,,,,,,,,,,,,,,
200,7711434,00967711434140,767711434019,,EA,50,2026-09-11,,,,,,,,,,,,,,,,,,,,,
200,7711434,00967711434140,76771143408,,EA,50,2026-07-31,,,,,,,,,,,,,,,,,,,,,
200,7711434,00967711434150,76771143409,,EA,20,2026-07-31,,,,,,,,,,,,,,,,,,,,,
200,7711434,00967711434150,767711434020,,EA,-20,2026-07-31,,,,,,,,,,,,,,,,,,,,,
200,7711434,00967711434150,767711434021,,EA,20,2026-09-11,,,,,,,,,,,,,,,,,,,,,
200,7711434,00967711434160,767711434022,,EA,-50,2026-07-31,,,,,,,,,,,,,,,,,,,,,
200,7711434,00967711434160,767711434023,,EA,50,2026-09-11,,,,,,,,,,,,,,,,,,,,,
200,7711434,00967711434160,767711434010,,EA,50,2026-07-31,,,,,,,,,,,,,,,,,,,,,
200,7711434,00967711434170,767711434011,,EA,100,2026-07-31,,,,,,,,,,,,,,,,,,,,,
200,7711434,00967711434170,767711434024,,EA,-100,2026-07-31,,,,,,,,,,,,,,,,,,,,,
200,7711434,00967711434170,767711434025,,EA,100,2026-09-11,,,,,,,,,,,,,,,,,,,,,
200,7711433,00967711433100,76771143301,,EA,-10,2026-07-31,,,,,,,,,,,,,,,,,,,,,
200,7711433,00967711433100,76771143302,,EA,10,2026-09-11,,,,,,,,,,,,,,,,,,,,,
200,7711433,00967711433100,76771143303,,EA,10,2026-07-31,,,,,,,,,,,,,,,,,,,,,
200,7711433,00967711433170,76771143304,,EA,0,2026-09-08,,,,,,,,,,,,,,,,,,,,,
200,7711433,00967711433180,76771143305,,EA,0,2026-09-08,,,,,,,,,,,,,,,,,,,,,
200,7711433,00967711433190,76771143306,,EA,0,2026-09-08,,,,,,,,,,,,,,,,,,,,,
200,7711433,00967711433200,76771143307,,EA,0,2026-09-08,,,,,,,,,,,,,,,,,,,,,
200,7711433,00967711433210,76771143308,,EA,0,2026-09-08,,,,,,,,,,,,,,,,,,,,,
200,7711433,00967711433220,76771143309,,EA,0,2026-09-08,,,,,,,,,,,,,,,,,,,,,
200,7711432,0096771143210,767711432019,,EA,-12,2026-07-31,,,,,,,,,,,,,,,,,,,,,
200,7711432,0096771143210,767711432020,,EA,12,2026-09-11,,,,,,,,,,,,,,,,,,,,,
200,7711432,0096771143210,76771143201,,EA,12,2026-07-31,,,,,,,,,,,,,,,,,,,,,
200,7711432,0096771143250,76771143202,,EA,4,2026-07-31,,,,,,,,,,,,,,,,,,,,,
200,7711432,0096771143250,767711432021,,EA,-4,2026-07-31,,,,,,,,,,,,,,,,,,,,,
200,7711432,0096771143250,767711432022,,EA,4,2026-09-11,,,,,,,,,,,,,,,,,,,,,
200,7711432,0096771143280,767711432023,,EA,-8,2026-07-31,,,,,,,,,,,,,,,,,,,,,
200,7711432,0096771143280,767711432024,,EA,8,2026-09-11,,,,,,,,,,,,,,,,,,,,,
200,7711432,0096771143280,76771143203,,EA,8,2026-07-31,,,,,,,,,,,,,,,,,,,,,
200,7711432,0096771143290,76771143204,,EA,10,2026-07-31,,,,,,,,,,,,,,,,,,,,,
200,7711432,0096771143290,767711432025,,EA,-10,2026-07-31,,,,,,,,,,,,,,,,,,,,,
200,7711432,0096771143290,767711432026,,EA,10,2026-09-11,,,,,,,,,,,,,,,,,,,,,
200,7711432,00967711432140,767711432027,,EA,-10,2026-07-31,,,,,,,,,,,,,,,,,,,,,
200,7711432,00967711432140,767711432028,,EA,10,2026-09-11,,,,,,,,,,,,,,,,,,,,,
200,7711432,00967711432140,76771143205,,EA,10,2026-07-31,,,,,,,,,,,,,,,,,,,,,
200,7711432,00967711432150,76771143206,,EA,0,2026-09-08,,,,,,,,,,,,,,,,,,,,,
200,7711432,00967711432160,76771143207,,EA,0,2026-09-08,,,,,,,,,,,,,,,,,,,,,
200,7711432,00967711432170,76771143208,,EA,0,2026-09-08,,,,,,,,,,,,,,,,,,,,,
200,7711432,00967711432180,76771143209,,EA,0,2026-09-08,,,,,,,,,,,,,,,,,,,,,
200,7711432,00967711432190,767711432010,,EA,0,2026-09-08,,,,,,,,,,,,,,,,,,,,,
200,7711432,00967711432200,767711432011,,EA,0,2026-09-08,,,,,,,,,,,,,,,,,,,,,
200,7711432,00967711432210,767711432012,,EA,0,2026-09-08,,,,,,,,,,,,,,,,,,,,,
200,7711432,00967711432220,767711432013,,EA,0,2026-09-08,,,,,,,,,,,,,,,,,,,,,
200,7711432,00967711432320,767711432014,,EA,0,2026-09-08,,,,,,,,,,,,,,,,,,,,,
200,7711432,00967711432330,767711432015,,EA,0,2026-09-08,,,,,,,,,,,,,,,,,,,,,
200,7711432,00967711432340,767711432016,,EA,0,2026-09-08,,,,,,,,,,,,,,,,,,,,,
200,7711432,00967711432360,767711432017,,EA,0,2026-09-08,,,,,,,,,,,,,,,,,,,,,
200,7711432,00967711432370,767711432018,,EA,0,2026-09-08,,,,,,,,,,,,,,,,,,,,,
200,7711429,0096771142920,76771142902,,IN,0,2026-06-11,,,,,,,,,,,,,,,,,,,,,
200,7711429,0096771142920,76771142903,,IN,147,2026-06-08,,,,,,,,,,,,,,,,,,,,,
200,7711429,0096771142930,76771142904,,IN,120,2026-06-22,,,,,,,,,,,,,,,,,,,,,
200,7711429,0096771142930,76771142901,,IN,0,2026-06-11,,,,,,,,,,,,,,,,,,,,,
200,7711402,0096771140210,76771140201,,EA,0,2026-08-04,,,,,,,,,,,,,,,,,,,,,
200,7711401,00967711401170,76771140101,,EA,7,2026-06-03,,,,,,,,,,,,,,,,,,,,,
200,7711401,00967711401170,76771140102,,EA,1,2026-06-03,,,,,,,,,,,,,,,,,,,,,
200,7711401,00967711401170,76771140103,,EA,-1,2026-06-26,,,,,,,,,,,,,,,,,,,,,
200,7711401,00967711401170,76771140104,,EA,1,2026-07-07,,,,,,,,,,,,,,,,,,,,,
200,7711400,0096771140030,76771140004,,IN,0,2026-06-05,,,,,,,,,,,,,,,,,,,,,
200,7711400,0096771140030,76771140001,,IN,120,2026-06-15,,,,,,,,,,,,,,,,,,,,,
200,7711400,0096771140050,76771140002,,IN,120,2026-06-15,,,,,,,,,,,,,,,,,,,,,
200,7711400,0096771140050,76771140005,,IN,0,2026-06-08,,,,,,,,,,,,,,,,,,,,,
200,7711400,0096771140060,76771140006,,IN,0,2026-06-17,,,,,,,,,,,,,,,,,,,,,
200,7711400,0096771140060,76771140003,,IN,120,2026-06-15,,,,,,,,,,,,,,,,,,,,,
200,7711394,0096771139470,76771139401,,EA,10,2026-06-03,,,,,,,,,,,,,,,,,,,,,
200,7711394,0096771139470,76771139402,,EA,10,2026-06-03,,,,,,,,,,,,,,,,,,,,,
200,7711388,0096771138810,76771138801,,EA,0,2026-06-03,,,,,,,,,,,,,,,,,,,,,
200,7711388,0096771138810,76771138802,,EA,144,2026-06-03,,,,,,,,,,,,,,,,,,,,,
200,7711384,0096771138440,76771138407,,EA,4,2026-07-31,,,,,,,,,,,,,,,,,,,,,
200,7711384,0096771138440,76771138401,,EA,-4,2026-07-31,,,,,,,,,,,,,,,,,,,,,
200,7711384,0096771138440,76771138402,,EA,4,2026-09-11,,,,,,,,,,,,,,,,,,,,,
200,7711384,0096771138460,76771138403,,EA,-8,2026-07-31,,,,,,,,,,,,,,,,,,,,,
200,7711384,0096771138460,76771138404,,EA,8,2026-09-11,,,,,,,,,,,,,,,,,,,,,
200,7711384,0096771138460,76771138408,,EA,8,2026-07-31,,,,,,,,,,,,,,,,,,,,,
200,7711384,0096771138490,76771138409,,EA,4,2026-07-31,,,,,,,,,,,,,,,,,,,,,
200,7711384,0096771138490,76771138405,,EA,-4,2026-07-31,,,,,,,,,,,,,,,,,,,,,
200,7711384,0096771138490,76771138406,,EA,4,2026-09-11,,,,,,,,,,,,,,,,,,,,,
200,7711383,0096771138350,76771138304,,EA,-10,2026-07-31,,,,,,,,,,,,,,,,,,,,,
200,7711383,0096771138350,76771138305,,EA,10,2026-09-11,,,,,,,,,,,,,,,,,,,,,
200,7711383,0096771138350,76771138301,,EA,10,2026-07-31,,,,,,,,,,,,,,,,,,,,,
200,7711383,0096771138370,76771138302,,EA,10,2026-07-31,,,,,,,,,,,,,,,,,,,,,
200,7711383,0096771138370,76771138306,,EA,-10,2026-07-31,,,,,,,,,,,,,,,,,,,,,
200,7711383,0096771138370,76771138307,,EA,10,2026-09-11,,,,,,,,,,,,,,,,,,,,,
200,7711383,0096771138380,76771138308,,EA,-10,2026-07-31,,,,,,,,,,,,,,,,,,,,,
200,7711383,0096771138380,76771138309,,EA,10,2026-09-11,,,,,,,,,,,,,,,,,,,,,
200,7711383,0096771138380,76771138303,,EA,10,2026-07-31,,,,,,,,,,,,,,,,,,,,,
200,7711381,0096771138140,76771138101,,EA,0,2026-07-20,,,,,,,,,,,,,,,,,,,,,
200,7711376,0096771137660,76771137601,,EA,7,2026-07-14,,,,,,,,,,,,,,,,,,,,,
200,7711376,0096771137670,76771137602,,EA,20,2026-07-14,,,,,,,,,,,,,,,,,,,,,
200,7711376,0096771137680,76771137603,,EA,1,2026-07-14,,,,,,,,,,,,,,,,,,,,,
200,7711376,0096771137690,76771137604,,EA,1,2026-07-14,,,,,,,,,,,,,,,,,,,,,
200,7711376,00967711376100,76771137605,,EA,2,2026-07-14,,,,,,,,,,,,,,,,,,,,,
200,7711369,0096771136910,76771136901,,EA,4,2026-08-12,,,,,,,,,,,,,,,,,,,,,
200,7711369,0096771136920,76771136902,,EA,4,2026-08-12,,,,,,,,,,,,,,,,,,,,,
200,7711369,0096771136930,76771136903,,EA,2,2026-08-12,,,,,,,,,,,,,,,,,,,,,
200,7711369,0096771136940,76771136904,,EA,2,2026-08-12,,,,,,,,,,,,,,,,,,,,,
200,7711369,0096771136950,76771136905,,EA,1,2026-08-12,,,,,,,,,,,,,,,,,,,,,
200,7711369,0096771136960,76771136906,,EA,2,2026-08-12,,,,,,,,,,,,,,,,,,,,,
200,7711369,0096771136970,76771136907,,EA,2,2026-08-12,,,,,,,,,,,,,,,,,,,,,
200,7711369,0096771136980,76771136908,,EA,1,2026-08-12,,,,,,,,,,,,,,,,,,,,,
200,7711364,0096771136410,76771136401,,EA,6,2026-06-04,,,,,,,,,,,,,,,,,,,,,
200,7711351,0096771135110,76771135101,,EA,144,2026-06-03,,,,,,,,,,,,,,,,,,,,,
200,7711351,0096771135110,76771135105,,EA,0,2026-06-04,,,,,,,,,,,,,,,,,,,,,
200,7711351,0096771135120,76771135106,,IN,0,2026-06-04,,,,,,,,,,,,,,,,,,,,,
200,7711351,0096771135120,76771135102,,IN,47,2026-06-03,,,,,,,,,,,,,,,,,,,,,
200,7711351,0096771135150,76771135103,,IN,263,2026-06-10,,,,,,,,,,,,,,,,,,,,,
200,7711351,0096771135150,76771135107,,IN,0,2026-06-09,,,,,,,,,,,,,,,,,,,,,
200,7711351,0096771135160,76771135108,,IN,0,2026-06-09,,,,,,,,,,,,,,,,,,,,,
200,7711351,0096771135160,76771135104,,IN,260,2026-06-10,,,,,,,,,,,,,,,,,,,,,
200,7711347,0096771134710,76771134701,,EA,16,2026-07-31,,,,,,,,,,,,,,,,,,,,,
200,7711347,0096771134710,767711347028,,EA,-16,2026-07-31,,,,,,,,,,,,,,,,,,,,,
200,7711347,0096771134710,767711347029,,EA,16,2026-09-11,,,,,,,,,,,,,,,,,,,,,
200,7711347,0096771134720,767711347030,,EA,-25,2026-07-31,,,,,,,,,,,,,,,,,,,,,
200,7711347,0096771134720,767711347031,,EA,25,2026-09-11,,,,,,,,,,,,,,,,,,,,,
200,7711347,0096771134720,76771134702,,EA,25,2026-07-31,,,,,,,,,,,,,,,,,,,,,
200,7711347,0096771134730,76771134703,,EA,25,2026-07-31,,,,,,,,,,,,,,,,,,,,,
200,7711347,0096771134730,767711347032,,EA,-25,2026-07-31,,,,,,,,,,,,,,,,,,,,,
200,7711347,0096771134730,767711347033,,EA,25,2026-09-11,,,,,,,,,,,,,,,,,,,,,
200,7711347,0096771134740,767711347034,,EA,-25,2026-07-31,,,,,,,,,,,,,,,,,,,,,
200,7711347,0096771134740,767711347035,,EA,25,2026-09-11,,,,,,,,,,,,,,,,,,,,,
200,7711347,0096771134740,76771134704,,EA,25,2026-07-31,,,,,,,,,,,,,,,,,,,,,
200,7711347,0096771134750,76771134705,,EA,2,2026-07-31,,,,,,,,,,,,,,,,,,,,,
200,7711347,0096771134750,767711347036,,EA,-2,2026-07-31,,,,,,,,,,,,,,,,,,,,,
200,7711347,0096771134750,767711347037,,EA,2,2026-09-11,,,,,,,,,,,,,,,,,,,,,
200,7711347,0096771134760,767711347038,,EA,-10,2026-07-31,,,,,,,,,,,,,,,,,,,,,
200,7711347,0096771134760,767711347039,,EA,10,2026-09-11,,,,,,,,,,,,,,,,,,,,,
200,7711347,0096771134760,76771134706,,EA,10,2026-07-31,,,,,,,,,,,,,,,,,,,,,
200,7711347,0096771134770,76771134707,,EA,20,2026-07-31,,,,,,,,,,,,,,,,,,,,,
200,7711347,0096771134770,767711347040,,EA,-20,2026-07-31,,,,,,,,,,,,,,,,,,,,,
200,7711347,0096771134770,767711347041,,EA,20,2026-09-11,,,,,,,,,,,,,,,,,,,,,
200,7711347,0096771134780,767711347042,,EA,-10,2026-07-31,,,,,,,,,,,,,,,,,,,,,
200,7711347,0096771134780,767711347043,,EA,10,2026-09-11,,,,,,,,,,,,,,,,,,,,,
200,7711347,0096771134780,76771134708,,EA,10,2026-07-31,,,,,,,,,,,,,,,,,,,,,
200,7711347,0096771134790,76771134709,,EA,20,2026-07-31,,,,,,,,,,,,,,,,,,,,,
200,7711347,0096771134790,767711347044,,EA,-20,2026-07-31,,,,,,,,,,,,,,,,,,,,,
200,7711347,0096771134790,767711347045,,EA,20,2026-09-11,,,,,,,,,,,,,,,,,,,,,
200,7711347,00967711347100,767711347046,,EA,-10,2026-07-31,,,,,,,,,,,,,,,,,,,,,
200,7711347,00967711347100,767711347047,,EA,10,2026-09-11,,,,,,,,,,,,,,,,,,,,,
200,7711347,00967711347100,767711347010,,EA,10,2026-07-31,,,,,,,,,,,,,,,,,,,,,
200,7711347,00967711347110,767711347011,,EA,20,2026-07-31,,,,,,,,,,,,,,,,,,,,,
200,7711347,00967711347110,767711347048,,EA,-20,2026-07-31,,,,,,,,,,,,,,,,,,,,,
200,7711347,00967711347110,767711347049,,EA,20,2026-09-11,,,,,,,,,,,,,,,,,,,,,
200,7711347,00967711347120,767711347050,,EA,-10,2026-07-31,,,,,,,,,,,,,,,,,,,,,
200,7711347,00967711347120,767711347051,,EA,10,2026-09-11,,,,,,,,,,,,,,,,,,,,,
200,7711347,00967711347120,767711347012,,EA,10,2026-07-31,,,,,,,,,,,,,,,,,,,,,
200,7711347,00967711347130,767711347013,,EA,8,2026-07-31,,,,,,,,,,,,,,,,,,,,,
200,7711347,00967711347130,767711347052,,EA,-8,2026-07-31,,,,,,,,,,,,,,,,,,,,,
200,7711347,00967711347130,767711347053,,EA,8,2026-09-11,,,,,,,,,,,,,,,,,,,,,
200,7711347,00967711347140,767711347054,,EA,-25,2026-07-31,,,,,,,,,,,,,,,,,,,,,
200,7711347,00967711347140,767711347055,,EA,25,2026-09-11,,,,,,,,,,,,,,,,,,,,,
200,7711347,00967711347140,767711347014,,EA,25,2026-07-31,,,,,,,,,,,,,,,,,,,,,
200,7711347,00967711347150,767711347015,,EA,25,2026-07-31,,,,,,,,,,,,,,,,,,,,,
200,7711347,00967711347150,767711347056,,EA,-25,2026-07-31,,,,,,,,,,,,,,,,,,,,,
200,7711347,00967711347150,767711347057,,EA,25,2026-09-11,,,,,,,,,,,,,,,,,,,,,
200,7711347,00967711347160,767711347058,,EA,-25,2026-07-31,,,,,,,,,,,,,,,,,,,,,
200,7711347,00967711347160,767711347059,,EA,25,2026-09-11,,,,,,,,,,,,,,,,,,,,,
200,7711347,00967711347160,767711347016,,EA,25,2026-07-31,,,,,,,,,,,,,,,,,,,,,
200,7711347,00967711347170,767711347017,,EA,25,2026-07-31,,,,,,,,,,,,,,,,,,,,,
200,7711347,00967711347170,767711347060,,EA,-25,2026-07-31,,,,,,,,,,,,,,,,,,,,,
200,7711347,00967711347170,767711347061,,EA,25,2026-09-11,,,,,,,,,,,,,,,,,,,,,
200,7711347,00967711347180,767711347062,,EA,-25,2026-07-31,,,,,,,,,,,,,,,,,,,,,
200,7711347,00967711347180,767711347063,,EA,25,2026-09-11,,,,,,,,,,,,,,,,,,,,,
200,7711347,00967711347180,767711347018,,EA,25,2026-07-31,,,,,,,,,,,,,,,,,,,,,
200,7711347,00967711347190,767711347019,,EA,25,2026-07-31,,,,,,,,,,,,,,,,,,,,,
200,7711347,00967711347190,767711347064,,EA,-25,2026-07-31,,,,,,,,,,,,,,,,,,,,,
200,7711347,00967711347190,767711347065,,EA,25,2026-09-11,,,,,,,,,,,,,,,,,,,,,
200,7711347,00967711347200,767711347066,,EA,-1,2026-07-31,,,,,,,,,,,,,,,,,,,,,
200,7711347,00967711347200,767711347067,,EA,1,2026-09-11,,,,,,,,,,,,,,,,,,,,,
200,7711347,00967711347200,767711347020,,EA,1,2026-07-31,,,,,,,,,,,,,,,,,,,,,
200,7711347,00967711347210,767711347021,,EA,20,2026-07-31,,,,,,,,,,,,,,,,,,,,,
200,7711347,00967711347210,767711347068,,EA,-20,2026-07-31,,,,,,,,,,,,,,,,,,,,,
200,7711347,00967711347210,767711347069,,EA,20,2026-09-11,,,,,,,,,,,,,,,,,,,,,
200,7711347,00967711347220,767711347070,,EA,-10,2026-07-31,,,,,,,,,,,,,,,,,,,,,
200,7711347,00967711347220,767711347071,,EA,10,2026-09-11,,,,,,,,,,,,,,,,,,,,,
200,7711347,00967711347220,767711347022,,EA,10,2026-07-31,,,,,,,,,,,,,,,,,,,,,
200,7711347,00967711347230,767711347023,,EA,1,2026-07-31,,,,,,,,,,,,,,,,,,,,,
200,7711347,00967711347230,767711347072,,EA,-1,2026-07-31,,,,,,,,,,,,,,,,,,,,,
200,7711347,00967711347230,767711347073,,EA,1,2026-09-11,,,,,,,,,,,,,,,,,,,,,
200,7711347,00967711347240,767711347074,,EA,-25,2026-07-31,,,,,,,,,,,,,,,,,,,,,
200,7711347,00967711347240,767711347075,,EA,25,2026-09-11,,,,,,,,,,,,,,,,,,,,,
200,7711347,00967711347240,767711347024,,EA,25,2026-07-31,,,,,,,,,,,,,,,,,,,,,
200,7711347,00967711347250,767711347025,,EA,25,2026-07-31,,,,,,,,,,,,,,,,,,,,,
200,7711347,00967711347250,767711347076,,EA,-25,2026-07-31,,,,,,,,,,,,,,,,,,,,,
200,7711347,00967711347250,767711347077,,EA,25,2026-09-11,,,,,,,,,,,,,,,,,,,,,
200,7711347,00967711347260,767711347078,,EA,-4,2026-07-31,,,,,,,,,,,,,,,,,,,,,
200,7711347,00967711347260,767711347079,,EA,4,2026-09-11,,,,,,,,,,,,,,,,,,,,,
200,7711347,00967711347260,767711347026,,EA,4,2026-07-31,,,,,,,,,,,,,,,,,,,,,
200,7711347,00967711347270,767711347027,,EA,50,2026-07-31,,,,,,,,,,,,,,,,,,,,,
200,7711347,00967711347270,767711347080,,EA,-50,2026-07-31,,,,,,,,,,,,,,,,,,,,,
200,7711347,00967711347270,767711347081,,EA,50,2026-09-11,,,,,,,,,,,,,,,,,,,,,
200,7711345,0096771134510,76771134501,,EA,1000,2026-07-28,,,,,,,,,,,,,,,,,,,,,
200,7711345,0096771134520,76771134502,,EA,0,2026-07-29,,,,,,,,,,,,,,,,,,,,,
200,7711345,0096771134530,76771134503,,EA,1000,2026-07-28,,,,,,,,,,,,,,,,,,,,,
200,7711345,0096771134540,76771134504,,EA,0,2026-07-29,,,,,,,,,,,,,,,,,,,,,
200,7711345,0096771134550,76771134505,,EA,1000,2026-07-29,,,,,,,,,,,,,,,,,,,,,
200,7711333,0096771133310,76771133301,,EA,0,2026-06-02,,,,,,,,,,,,,,,,,,,,,
200,7711333,0096771133320,76771133302,,EA,0,2026-06-02,,,,,,,,,,,,,,,,,,,,,
200,7711333,0096771133330,76771133303,,EA,0,2026-06-02,,,,,,,,,,,,,,,,,,,,,
200,7711324,0096771132420,76771132401,,EA,25,2026-09-11,,,,,,,,,,,,,,,,,,,,,
200,7711324,0096771132430,76771132402,,EA,25,2026-09-11,,,,,,,,,,,,,,,,,,,,,
200,7711324,0096771132440,76771132403,,EA,25,2026-09-11,,,,,,,,,,,,,,,,,,,,,
200,7711324,0096771132450,76771132404,,EA,25,2026-09-11,,,,,,,,,,,,,,,,,,,,,
200,7711324,0096771132460,76771132405,,EA,25,2026-09-11,,,,,,,,,,,,,,,,,,,,,
200,7711324,0096771132470,76771132406,,EA,25,2026-09-11,,,,,,,,,,,,,,,,,,,,,
200,7711324,0096771132480,76771132407,,EA,25,2026-09-11,,,,,,,,,,,,,,,,,,,,,
200,7711324,00967711324120,76771132408,,EA,20,2026-09-11,,,,,,,,,,,,,,,,,,,,,
200,7711324,00967711324130,76771132409,,EA,20,2026-09-11,,,,,,,,,,,,,,,,,,,,,
200,7711324,00967711324140,767711324010,,EA,50,2026-09-11,,,,,,,,,,,,,,,,,,,,,
200,7711324,00967711324150,767711324011,,EA,25,2026-09-11,,,,,,,,,,,,,,,,,,,,,
200,7711324,00967711324200,767711324012,,EA,25,2026-09-11,,,,,,,,,,,,,,,,,,,,,
200,7711324,00967711324210,767711324013,,EA,25,2026-09-11,,,,,,,,,,,,,,,,,,,,,
200,7711324,00967711324220,767711324014,,EA,25,2026-09-11,,,,,,,,,,,,,,,,,,,,,
200,7711324,00967711324230,767711324015,,EA,25,2026-09-11,,,,,,,,,,,,,,,,,,,,,
200,7711324,00967711324240,767711324016,,EA,25,2026-09-11,,,,,,,,,,,,,,,,,,,,,
200,7711324,00967711324250,767711324017,,EA,25,2026-09-11,,,,,,,,,,,,,,,,,,,,,
200,7711324,00967711324260,767711324018,,EA,25,2026-09-11,,,,,,,,,,,,,,,,,,,,,
200,7711324,00967711324280,767711324019,,EA,25,2026-09-11,,,,,,,,,,,,,,,,,,,,,
200,7711324,00967711324290,767711324020,,EA,50,2026-09-11,,,,,,,,,,,,,,,,,,,,,
200,7711323,0096771132320,767711323028,,EA,25,2026-07-31,,,,,,,,,,,,,,,,,,,,,
200,7711323,0096771132320,76771132301,,EA,-25,2026-07-31,,,,,,,,,,,,,,,,,,,,,
200,7711323,0096771132320,76771132302,,EA,25,2026-09-11,,,,,,,,,,,,,,,,,,,,,
200,7711323,0096771132330,76771132303,,EA,-25,2026-07-31,,,,,,,,,,,,,,,,,,,,,
200,7711323,0096771132330,76771132304,,EA,25,2026-09-11,,,,,,,,,,,,,,,,,,,,,
200,7711323,0096771132330,767711323029,,EA,25,2026-07-31,,,,,,,,,,,,,,,,,,,,,
200,7711323,0096771132340,767711323030,,EA,25,2026-07-31,,,,,,,,,,,,,,,,,,,,,
200,7711323,0096771132340,76771132305,,EA,-25,2026-07-31,,,,,,,,,,,,,,,,,,,,,
200,7711323,0096771132340,76771132306,,EA,25,2026-09-11,,,,,,,,,,,,,,,,,,,,,
200,7711323,0096771132350,76771132307,,EA,-25,2026-07-31,,,,,,,,,,,,,,,,,,,,,
200,7711323,0096771132350,76771132308,,EA,25,2026-09-11,,,,,,,,,,,,,,,,,,,,,
200,7711323,0096771132350,767711323031,,EA,25,2026-07-31,,,,,,,,,,,,,,,,,,,,,
200,7711323,00967711323100,767711323032,,EA,20,2026-07-31,,,,,,,,,,,,,,,,,,,,,
200,7711323,00967711323100,76771132309,,EA,-20,2026-07-31,,,,,,,,,,,,,,,,,,,,,
200,7711323,00967711323100,767711323010,,EA,20,2026-09-11,,,,,,,,,,,,,,,,,,,,,
200,7711323,00967711323110,767711323011,,EA,-40,2026-07-31,,,,,,,,,,,,,,,,,,,,,
200,7711323,00967711323110,767711323012,,EA,40,2026-09-11,,,,,,,,,,,,,,,,,,,,,
200,7711323,00967711323110,767711323033,,EA,40,2026-07-31,,,,,,,,,,,,,,,,,,,,,
200,7711323,00967711323120,767711323034,,EA,10,2026-07-31,,,,,,,,,,,,,,,,,,,,,
200,7711323,00967711323120,767711323013,,EA,-10,2026-07-31,,,,,,,,,,,,,,,,,,,,,
200,7711323,00967711323120,767711323014,,EA,10,2026-09-11,,,,,,,,,,,,,,,,,,,,,
200,7711323,00967711323190,767711323015,,EA,-25,2026-07-31,,,,,,,,,,,,,,,,,,,,,
200,7711323,00967711323190,767711323016,,EA,25,2026-09-11,,,,,,,,,,,,,,,,,,,,,
200,7711323,00967711323190,767711323035,,EA,25,2026-07-31,,,,,,,,,,,,,,,,,,,,,
200,7711323,00967711323200,767711323036,,EA,25,2026-07-31,,,,,,,,,,,,,,,,,,,,,
200,7711323,00967711323200,767711323017,,EA,-25,2026-07-31,,,,,,,,,,,,,,,,,,,,,
200,7711323,00967711323200,767711323018,,EA,25,2026-09-11,,,,,,,,,,,,,,,,,,,,,
200,7711323,00967711323210,767711323019,,EA,-10,2026-07-31,,,,,,,,,,,,,,,,,,,,,
200,7711323,00967711323210,767711323020,,EA,10,2026-09-11,,,,,,,,,,,,,,,,,,,,,
200,7711323,00967711323210,767711323025,,EA,10,2026-07-31,,,,,,,,,,,,,,,,,,,,,
200,7711323,00967711323220,767711323026,,EA,50,2026-07-31,,,,,,,,,,,,,,,,,,,,,
200,7711323,00967711323220,767711323021,,EA,-50,2026-07-31,,,,,,,,,,,,,,,,,,,,,
200,7711323,00967711323220,767711323022,,EA,50,2026-09-11,,,,,,,,,,,,,,,,,,,,,
200,7711323,00967711323230,767711323023,,EA,-50,2026-07-31,,,,,,,,,,,,,,,,,,,,,
200,7711323,00967711323230,767711323024,,EA,50,2026-09-11,,,,,,,,,,,,,,,,,,,,,
200,7711323,00967711323230,767711323027,,EA,50,2026-07-31,,,,,,,,,,,,,,,,,,,,,
200,7711321,0096771132120,76771132101,,EA,30,2026-08-18,,,,,,,,,,,,,,,,,,,,,
200,7711321,0096771132120,76771132102,,EA,30,2026-08-18,,,,,,,,,,,,,,,,,,,,,
200,7711317,0096771131710,76771131704,,IN,0,2026-05-28,,,,,,,,,,,,,,,,,,,,,
200,7711317,0096771131710,76771131701,,IN,120,2026-05-27,,,,,,,,,,,,,,,,,,,,,
200,7711317,0096771131720,76771131702,,IN,120,2026-05-27,,,,,,,,,,,,,,,,,,,,,
200,7711317,0096771131720,76771131705,,IN,0,2026-05-28,,,,,,,,,,,,,,,,,,,,,
200,7711317,0096771131730,76771131706,,IN,0,2026-05-28,,,,,,,,,,,,,,,,,,,,,
200,7711317,0096771131730,76771131703,,IN,262,2026-05-27,,,,,,,,,,,,,,,,,,,,,
200,7711314,0096771131410,76771131401,,EA,0,2026-06-05,,,,,,,,,,,,,,,,,,,,,
200,7711314,0096771131420,76771131402,,EA,0,2026-06-05,,,,,,,,,,,,,,,,,,,,,
200,7711303,0096771130310,76771130301,,EA,1,2026-05-21,,,,,,,,,,,,,,,,,,,,,
200,7711299,0096771129930,76771129905,,IN,0,2026-05-28,,,,,,,,,,,,,,,,,,,,,
200,7711299,0096771129930,76771129901,,IN,120,2026-05-29,,,,,,,,,,,,,,,,,,,,,
200,7711299,0096771129940,76771129902,,IN,292,2026-05-29,,,,,,,,,,,,,,,,,,,,,
200,7711299,0096771129940,76771129906,,IN,6,2026-06-01,,,,,,,,,,,,,,,,,,,,,
200,7711299,0096771129940,767711299010,,IN,0,2026-05-26,,,,,,,,,,,,,,,,,,,,,
200,7711299,0096771129950,767711299011,,IN,0,2026-05-26,,,,,,,,,,,,,,,,,,,,,
200,7711299,0096771129950,76771129909,,IN,-292,2026-05-29,,,,,,,,,,,,,,,,,,,,,
200,7711299,0096771129950,76771129907,,IN,289,2026-06-01,,,,,,,,,,,,,,,,,,,,,
200,7711299,0096771129950,76771129903,,IN,292,2026-05-29,,,,,,,,,,,,,,,,,,,,,
200,7711299,0096771129960,76771129904,,IN,260,2026-05-29,,,,,,,,,,,,,,,,,,,,,
200,7711299,0096771129960,76771129908,,IN,0,2026-05-26,,,,,,,,,,,,,,,,,,,,,
200,7711291,0096771129160,76771129101,,EA,0,2026-09-08,,,,,,,,,,,,,,,,,,,,,
200,7711291,0096771129170,76771129102,,EA,0,2026-09-08,,,,,,,,,,,,,,,,,,,,,
200,7711291,00967711291140,76771129103,,EA,0,2026-09-08,,,,,,,,,,,,,,,,,,,,,
200,7711291,00967711291150,76771129104,,EA,0,2026-09-08,,,,,,,,,,,,,,,,,,,,,
200,7711291,00967711291160,76771129105,,EA,0,2026-09-08,,,,,,,,,,,,,,,,,,,,,
200,7711270,0096771127010,76771127009,,EA,25,2026-07-31,,,,,,,,,,,,,,,,,,,,,
200,7711270,0096771127010,76771127001,,EA,-25,2026-07-31,,,,,,,,,,,,,,,,,,,,,
200,7711270,0096771127010,76771127002,,EA,25,2026-09-11,,,,,,,,,,,,,,,,,,,,,
200,7711270,0096771127020,76771127003,,EA,-25,2026-07-31,,,,,,,,,,,,,,,,,,,,,
200,7711270,0096771127020,76771127004,,EA,25,2026-09-11,,,,,,,,,,,,,,,,,,,,,
200,7711270,0096771127020,767711270010,,EA,25,2026-07-31,,,,,,,,,,,,,,,,,,,,,
200,7711270,0096771127030,767711270011,,EA,25,2026-07-31,,,,,,,,,,,,,,,,,,,,,
200,7711270,0096771127030,76771127005,,EA,-25,2026-07-31,,,,,,,,,,,,,,,,,,,,,
200,7711270,0096771127030,76771127006,,EA,25,2026-09-11,,,,,,,,,,,,,,,,,,,,,
200,7711270,0096771127040,76771127007,,EA,-25,2026-07-31,,,,,,,,,,,,,,,,,,,,,
200,7711270,0096771127040,76771127008,,EA,25,2026-09-11,,,,,,,,,,,,,,,,,,,,,
200,7711270,0096771127040,767711270012,,EA,25,2026-07-31,,,,,,,,,,,,,,,,,,,,,
200,7711269,0096771126920,76771126901,,EA,25,2026-07-31,,,,,,,,,,,,,,,,,,,,,
200,7711269,0096771126920,76771126905,,EA,-25,2026-07-31,,,,,,,,,,,,,,,,,,,,,
200,7711269,0096771126920,76771126906,,EA,25,2026-09-11,,,,,,,,,,,,,,,,,,,,,
200,7711269,0096771126930,76771126907,,EA,-25,2026-07-31,,,,,,,,,,,,,,,,,,,,,
200,7711269,0096771126930,76771126908,,EA,25,2026-09-11,,,,,,,,,,,,,,,,,,,,,
200,7711269,0096771126930,76771126902,,EA,25,2026-07-31,,,,,,,,,,,,,,,,,,,,,
200,7711269,00967711269160,76771126903,,EA,50,2026-07-31,,,,,,,,,,,,,,,,,,,,,
200,7711269,00967711269160,76771126909,,EA,-50,2026-07-31,,,,,,,,,,,,,,,,,,,,,
200,7711269,00967711269160,767711269010,,EA,50,2026-09-11,,,,,,,,,,,,,,,,,,,,,
200,7711269,00967711269170,767711269011,,EA,-25,2026-07-31,,,,,,,,,,,,,,,,,,,,,
200,7711269,00967711269170,767711269012,,EA,25,2026-09-11,,,,,,,,,,,,,,,,,,,,,
200,7711269,00967711269170,76771126904,,EA,25,2026-07-31,,,,,,,,,,,,,,,,,,,,,
200,7711262,0096771126210,76771126201,,IN,149,2026-05-15,,,,,,,,,,,,,,,,,,,,,
200,7711262,0096771126210,76771126202,,IN,0,2026-05-19,,,,,,,,,,,,,,,,,,,,,
200,7711260,0096771126010,76771126001,,EA,1,2026-05-28,,,,,,,,,,,,,,,,,,,,,
200,7711259,0096771125930,76771125901,,EA,3,2026-05-29,,,,,,,,,,,,,,,,,,,,,
200,7711255,0096771125510,76771125501,,IN,945,2026-07-10,,,,,,,,,,,,,,,,,,,,,
200,7711255,0096771125520,76771125502,,IN,4082,2026-07-10,,,,,,,,,,,,,,,,,,,,,
200,7711255,0096771125520,767711255010,,IN,-4082,2026-08-20,,,,,,,,,,,,,,,,,,,,,
200,7711255,0096771125520,767711255016,,IN,0,2026-06-18,,,,,,,,,,,,,,,,,,,,,
200,7711255,0096771125520,76771125506,,IN,5472,2026-08-20,,,,,,,,,,,,,,,,,,,,,
200,7711255,0096771125520,767711255012,,IN,-5472,2026-08-20,,,,,,,,,,,,,,,,,,,,,
200,7711255,0096771125520,767711255013,,IN,1811,2026-08-20,,,,,,,,,,,,,,,,,,,,,
200,7711255,0096771125530,76771125507,,IN,0,2026-06-18,,,,,,,,,,,,,,,,,,,,,
200,7711255,0096771125530,76771125503,,IN,827,2026-07-10,,,,,,,,,,,,,,,,,,,,,
200,7711255,0096771125540,76771125504,,IN,354,2026-07-10,,,,,,,,,,,,,,,,,,,,,
200,7711255,0096771125540,76771125508,,IN,0,2026-06-18,,,,,,,,,,,,,,,,,,,,,
200,7711255,0096771125550,76771125509,,IN,2455,2026-08-20,,,,,,,,,,,,,,,,,,,,,
200,7711255,0096771125550,767711255014,,IN,-2455,2026-08-20,,,,,,,,,,,,,,,,,,,,,
200,7711255,0096771125550,767711255015,,IN,708,2026-08-20,,,,,,,,,,,,,,,,,,,,,
200,7711255,0096771125550,767711255017,,IN,0,2026-06-18,,,,,,,,,,,,,,,,,,,,,
200,7711255,0096771125550,767711255011,,IN,-1264,2026-08-20,,,,,,,,,,,,,,,,,,,,,
200,7711255,0096771125550,76771125505,,IN,1264,2026-07-10,,,,,,,,,,,,,,,,,,,,,
200,7711246,00967711246110,76771124601,,EA,-2,2026-07-31,,,,,,,,,,,,,,,,,,,,,
200,7711246,00967711246110,76771124602,,EA,2,2026-09-11,,,,,,,,,,,,,,,,,,,,,
200,7711246,00967711246110,76771124603,,EA,2,2026-07-31,,,,,,,,,,,,,,,,,,,,,
200,7711235,0096771123520,76771123503,,IN,0,2026-05-21,,,,,,,,,,,,,,,,,,,,,
200,7711235,0096771123520,76771123501,,IN,288,2026-05-27,,,,,,,,,,,,,,,,,,,,,
200,7711235,0096771123550,76771123502,,IN,262,2026-05-27,,,,,,,,,,,,,,,,,,,,,
200,7711235,0096771123550,76771123504,,IN,0,2026-05-21,,,,,,,,,,,,,,,,,,,,,
200,7711216,0096771121630,76771121601,,EA,30,2026-07-23,,,,,,,,,,,,,,,,,,,,,
200,7711216,0096771121630,76771121602,,EA,70,2026-07-23,,,,,,,,,,,,,,,,,,,,,
200,7711216,0096771121630,76771121603,,EA,-70,2026-08-10,,,,,,,,,,,,,,,,,,,,,
200,7711216,0096771121630,76771121604,,EA,19,2026-08-18,,,,,,,,,,,,,,,,,,,,,
200,7711216,0096771121630,76771121605,,EA,0,2026-06-05,,,,,,,,,,,,,,,,,,,,,
200,7711207,0096771120710,76771120701,,EA,0,2026-05-15,,,,,,,,,,,,,,,,,,,,,
200,7711207,0096771120710,76771120702,,EA,144,2026-05-12,,,,,,,,,,,,,,,,,,,,,
200,7711198,0096771119820,76771119801,,IN,0,2026-05-14,,,,,,,,,,,,,,,,,,,,,
200,7711198,0096771119820,76771119802,,IN,149,2026-05-13,,,,,,,,,,,,,,,,,,,,,
200,7711189,0096771118910,76771118901,,EA,2,2026-05-08,,,,,,,,,,,,,,,,,,,,,
200,7711189,0096771118920,76771118902,,EA,2,2026-05-08,,,,,,,,,,,,,,,,,,,,,
200,7711189,0096771118930,76771118903,,EA,1,2026-05-08,,,,,,,,,,,,,,,,,,,,,
200,7711189,0096771118940,76771118904,,EA,4,2026-05-08,,,,,,,,,,,,,,,,,,,,,
200,7711189,0096771118950,76771118905,,EA,3,2026-05-08,,,,,,,,,,,,,,,,,,,,,
200,7711189,0096771118960,76771118906,,EA,6,2026-05-08,,,,,,,,,,,,,,,,,,,,,
200,7711189,0096771118970,76771118907,,EA,2,2026-05-08,,,,,,,,,,,,,,,,,,,,,
200,7711189,0096771118980,76771118908,,EA,2,2026-05-08,,,,,,,,,,,,,,,,,,,,,
200,7711189,0096771118990,76771118909,,EA,1,2026-05-08,,,,,,,,,,,,,,,,,,,,,
200,7711189,00967711189100,767711189010,,EA,3,2026-05-08,,,,,,,,,,,,,,,,,,,,,
200,7711189,00967711189110,767711189011,,EA,3,2026-05-08,,,,,,,,,,,,,,,,,,,,,
200,7711189,00967711189120,767711189012,,EA,4,2026-05-08,,,,,,,,,,,,,,,,,,,,,
200,7711176,0096771117640,76771117601,,IN,134,2026-05-12,,,,,,,,,,,,,,,,,,,,,
200,7711176,0096771117640,76771117602,,IN,0,2026-05-12,,,,,,,,,,,,,,,,,,,,,
200,7711169,0096771116950,76771116901,,EA,-25,2026-07-31,,,,,,,,,,,,,,,,,,,,,
200,7711169,0096771116950,76771116902,,EA,25,2026-09-11,,,,,,,,,,,,,,,,,,,,,
200,7711169,0096771116950,76771116903,,EA,25,2026-07-31,,,,,,,,,,,,,,,,,,,,,
200,7711168,0096771116860,76771116801,,EA,25,2026-07-31,,,,,,,,,,,,,,,,,,,,,
200,7711168,0096771116860,76771116807,,EA,-25,2026-08-03,,,,,,,,,,,,,,,,,,,,,
200,7711168,0096771116860,76771116808,,EA,25,2026-09-11,,,,,,,,,,,,,,,,,,,,,
200,7711168,0096771116870,76771116809,,EA,-25,2026-08-03,,,,,,,,,,,,,,,,,,,,,
200,7711168,0096771116870,767711168010,,EA,25,2026-09-11,,,,,,,,,,,,,,,,,,,,,
200,7711168,0096771116870,76771116802,,EA,25,2026-07-31,,,,,,,,,,,,,,,,,,,,,
200,7711168,0096771116880,76771116803,,EA,25,2026-07-31,,,,,,,,,,,,,,,,,,,,,
200,7711168,0096771116880,767711168011,,EA,-25,2026-08-03,,,,,,,,,,,,,,,,,,,,,
200,7711168,0096771116880,767711168012,,EA,25,2026-09-11,,,,,,,,,,,,,,,,,,,,,
200,7711168,0096771116890,767711168013,,EA,-25,2026-08-03,,,,,,,,,,,,,,,,,,,,,
200,7711168,0096771116890,767711168014,,EA,25,2026-09-11,,,,,,,,,,,,,,,,,,,,,
200,7711168,0096771116890,76771116804,,EA,25,2026-07-31,,,,,,,,,,,,,,,,,,,,,
200,7711168,00967711168100,76771116805,,EA,25,2026-07-31,,,,,,,,,,,,,,,,,,,,,
200,7711168,00967711168100,767711168015,,EA,-25,2026-08-03,,,,,,,,,,,,,,,,,,,,,
200,7711168,00967711168100,767711168016,,EA,25,2026-09-11,,,,,,,,,,,,,,,,,,,,,
200,7711168,00967711168120,767711168017,,EA,-25,2026-08-03,,,,,,,,,,,,,,,,,,,,,
200,7711168,00967711168120,767711168018,,EA,25,2026-09-11,,,,,,,,,,,,,,,,,,,,,
200,7711168,00967711168120,76771116806,,EA,25,2026-07-31,,,,,,,,,,,,,,,,,,,,,
200,7711126,0096771112660,76771112601,,EA,0,2026-12-31,,,,,,,,,,,,,,,,,,,,,
200,7711126,0096771112670,76771112602,,EA,0,2026-12-31,,,,,,,,,,,,,,,,,,,,,
200,7711126,0096771112680,76771112603,,EA,0,2026-12-31,,,,,,,,,,,,,,,,,,,,,
200,7711126,00967711126100,76771112604,,EA,1,2026-08-17,,,,,,,,,,,,,,,,,,,,,
200,7711126,00967711126110,76771112605,,EA,1,2026-08-17,,,,,,,,,,,,,,,,,,,,,
200,7711126,00967711126120,76771112606,,EA,0,2026-12-31,,,,,,,,,,,,,,,,,,,,,
200,7711126,00967711126130,76771112607,,EA,0,2026-12-31,,,,,,,,,,,,,,,,,,,,,
200,7711126,00967711126140,76771112608,,EA,0,2026-12-31,,,,,,,,,,,,,,,,,,,,,
200,7711125,0096771112510,76771112501,,EA,0,2026-05-06,,,,,,,,,,,,,,,,,,,,,
200,7711125,0096771112520,76771112502,,EA,0,2026-05-06,,,,,,,,,,,,,,,,,,,,,
200,7711125,0096771112530,76771112503,,EA,0,2026-05-06,,,,,,,,,,,,,,,,,,,,,
200,7711125,0096771112540,76771112504,,EA,0,2026-05-06,,,,,,,,,,,,,,,,,,,,,
200,7711125,0096771112550,76771112505,,EA,0,2026-05-06,,,,,,,,,,,,,,,,,,,,,
200,7711125,0096771112560,76771112506,,EA,0,2026-05-06,,,,,,,,,,,,,,,,,,,,,
200,7711125,0096771112570,76771112507,,EA,0,2026-05-06,,,,,,,,,,,,,,,,,,,,,
200,7711125,0096771112580,76771112508,,EA,0,2026-05-06,,,,,,,,,,,,,,,,,,,,,
200,7711125,0096771112590,76771112509,,EA,0,2026-05-06,,,,,,,,,,,,,,,,,,,,,
200,7711125,00967711125100,767711125010,,EA,0,2026-05-06,,,,,,,,,,,,,,,,,,,,,
200,7711122,0096771112260,76771112206,,EA,-25,2026-07-31,,,,,,,,,,,,,,,,,,,,,
200,7711122,0096771112260,76771112207,,EA,25,2026-09-11,,,,,,,,,,,,,,,,,,,,,
200,7711122,0096771112260,76771112201,,EA,25,2026-07-31,,,,,,,,,,,,,,,,,,,,,
200,7711122,0096771112270,76771112202,,EA,25,2026-07-31,,,,,,,,,,,,,,,,,,,,,
200,7711122,0096771112270,76771112208,,EA,-25,2026-07-31,,,,,,,,,,,,,,,,,,,,,
200,7711122,0096771112270,76771112209,,EA,25,2026-09-11,,,,,,,,,,,,,,,,,,,,,
200,7711122,00967711122130,767711122010,,EA,-25,2026-07-31,,,,,,,,,,,,,,,,,,,,,
200,7711122,00967711122130,767711122011,,EA,25,2026-09-11,,,,,,,,,,,,,,,,,,,,,
200,7711122,00967711122130,76771112203,,EA,25,2026-07-31,,,,,,,,,,,,,,,,,,,,,
200,7711122,00967711122140,76771112204,,EA,25,2026-07-31,,,,,,,,,,,,,,,,,,,,,
200,7711122,00967711122140,767711122012,,EA,-25,2026-07-31,,,,,,,,,,,,,,,,,,,,,
200,7711122,00967711122140,767711122013,,EA,25,2026-09-11,,,,,,,,,,,,,,,,,,,,,
200,7711122,00967711122150,76771112205,,EA,25,2026-09-11,,,,,,,,,,,,,,,,,,,,,
200,7711108,0096771110840,76771110803,,IN,290,2026-05-04,,,,,,,,,,,,,,,,,,,,,
200,7711108,0096771110840,76771110801,,IN,0,2026-05-05,,,,,,,,,,,,,,,,,,,,,
200,7711108,0096771110860,76771110802,,IN,0,2026-05-05,,,,,,,,,,,,,,,,,,,,,
200,7711108,0096771110860,76771110804,,IN,284,2026-05-04,,,,,,,,,,,,,,,,,,,,,
200,7711104,0096771110410,76771110401,,EA,0,2026-05-28,,,,,,,,,,,,,,,,,,,,,
200,7711088,0096771108840,76771108801,,IN,2160,2026-06-17,,,,,,,,,,,,,,,,,,,,,
200,7711088,0096771108840,76771108802,,IN,0,2026-06-05,,,,,,,,,,,,,,,,,,,,,
200,7711081,0096771108110,76771108102,,IN,1420,2026-05-26,,,,,,,,,,,,,,,,,,,,,
200,7711081,0096771108120,76771108103,,IN,945,2026-05-26,,,,,,,,,,,,,,,,,,,,,
200,7711081,0096771108130,76771108104,,IN,709,2026-05-26,,,,,,,,,,,,,,,,,,,,,
200,7711081,0096771108140,76771108105,,IN,472,2026-05-26,,,,,,,,,,,,,,,,,,,,,
200,7711081,0096771108150,76771108106,,IN,591,2026-05-26,,,,,,,,,,,,,,,,,,,,,
200,7711081,0096771108160,76771108107,,IN,1180,2026-08-20,,,,,,,,,,,,,,,,,,,,,
200,7711081,0096771108170,76771108108,,IN,540,2026-05-26,,,,,,,,,,,,,,,,,,,,,
200,7711081,0096771108170,76771108101,,IN,0,2026-05-11,,,,,,,,,,,,,,,,,,,,,
200,7711081,0096771108180,76771108109,,IN,472,2026-05-29,,,,,,,,,,,,,,,,,,,,,
200,7711081,0096771108190,767711081010,,IN,591,2026-05-26,,,,,,,,,,,,,,,,,,,,,
200,7711081,00967711081100,767711081011,,IN,4020,2026-08-20,,,,,,,,,,,,,,,,,,,,,
200,7711081,00967711081110,767711081012,,IN,236,2026-05-26,,,,,,,,,,,,,,,,,,,,,
200,7711081,00967711081120,767711081013,,IN,1770,2026-05-29,,,,,,,,,,,,,,,,,,,,,
200,7711081,00967711081130,767711081014,,IN,236,2026-05-26,,,,,,,,,,,,,,,,,,,,,
200,7711077,00967711077110,76771107701,,EA,25,2026-04-30,,,,,,,,,,,,,,,,,,,,,
200,7711071,0096771107110,767711071012,,EA,0,2026-05-01,,,,,,,,,,,,,,,,,,,,,
200,7711071,0096771107110,76771107101,,EA,144,2026-05-04,,,,,,,,,,,,,,,,,,,,,
200,7711071,0096771107140,76771107102,,IN,276,2026-05-04,,,,,,,,,,,,,,,,,,,,,
200,7711071,0096771107140,767711071013,,IN,0,2026-05-01,,,,,,,,,,,,,,,,,,,,,
200,7711071,0096771107150,767711071014,,IN,0,2026-05-01,,,,,,,,,,,,,,,,,,,,,
200,7711071,0096771107150,76771107103,,IN,120,2026-05-04,,,,,,,,,,,,,,,,,,,,,
200,7711071,0096771107160,76771107104,,IN,288,2026-05-04,,,,,,,,,,,,,,,,,,,,,
200,7711071,0096771107160,767711071015,,IN,0,2026-05-01,,,,,,,,,,,,,,,,,,,,,
200,7711071,0096771107170,767711071016,,IN,0,2026-05-01,,,,,,,,,,,,,,,,,,,,,
200,7711071,0096771107170,76771107105,,IN,120,2026-05-04,,,,,,,,,,,,,,,,,,,,,
200,7711071,0096771107180,76771107106,,IN,120,2026-05-04,,,,,,,,,,,,,,,,,,,,,
200,7711071,0096771107180,767711071017,,IN,0,2026-05-01,,,,,,,,,,,,,,,,,,,,,
200,7711071,0096771107190,767711071018,,IN,0,2026-05-01,,,,,,,,,,,,,,,,,,,,,
200,7711071,0096771107190,76771107107,,IN,426,2026-05-04,,,,,,,,,,,,,,,,,,,,,
200,7711071,00967711071100,76771107108,,IN,290,2026-05-04,,,,,,,,,,,,,,,,,,,,,
200,7711071,00967711071100,767711071019,,IN,0,2026-05-01,,,,,,,,,,,,,,,,,,,,,
200,7711071,00967711071110,767711071020,,IN,0,2026-05-01,,,,,,,,,,,,,,,,,,,,,
200,7711071,00967711071110,76771107109,,IN,588,2026-05-04,,,,,,,,,,,,,,,,,,,,,
200,7711071,00967711071120,767711071010,,IN,292,2026-05-04,,,,,,,,,,,,,,,,,,,,,
200,7711071,00967711071120,767711071021,,IN,0,2026-05-01,,,,,,,,,,,,,,,,,,,,,
200,7711071,00967711071130,767711071022,,IN,0,2026-05-01,,,,,,,,,,,,,,,,,,,,,
200,7711071,00967711071130,767711071011,,IN,504,2026-05-04,,,,,,,,,,,,,,,,,,,,,
200,7711062,0096771106210,76771106201,,EA,10,2026-04-30,,,,,,,,,,,,,,,,,,,,,
200,7711062,0096771106210,76771106202,,EA,0,2026-04-29,,,,,,,,,,,,,,,,,,,,,
200,7711039,0096771103910,76771103901,,EA,2,2026-09-11,,,,,,,,,,,,,,,,,,,,,
200,7710999,0096771099910,76771099901,,EA,-25,2026-07-09,,,,,,,,,,,,,,,,,,,,,
200,7710999,0096771099910,76771099902,,EA,25,2026-09-03,,,,,,,,,,,,,,,,,,,,,
200,7710999,0096771099910,76771099903,,EA,50,2026-07-09,,,,,,,,,,,,,,,,,,,,,
200,7710995,0096771099510,76771099501,,EA,1,2026-04-22,,,,,,,,,,,,,,,,,,,,,
200,7710993,00967710993170,76771099301,,EA,2,2026-04-30,,,,,,,,,,,,,,,,,,,,,
200,7710929,0096771092930,76771092902,,IN,0,2026-04-14,,,,,,,,,,,,,,,,,,,,,
200,7710929,0096771092930,76771092903,,IN,120,2026-04-14,,,,,,,,,,,,,,,,,,,,,
200,7710929,0096771092940,76771092904,,EA,144,2026-04-10,,,,,,,,,,,,,,,,,,,,,
200,7710929,0096771092940,76771092901,,EA,0,2026-04-14,,,,,,,,,,,,,,,,,,,,,
200,7710899,0096771089910,76771089907,,EA,0,2026-04-07,,,,,,,,,,,,,,,,,,,,,
200,7710899,0096771089910,76771089901,,EA,144,2026-04-08,,,,,,,,,,,,,,,,,,,,,
200,7710899,0096771089940,76771089902,,IN,139,2026-04-08,,,,,,,,,,,,,,,,,,,,,
200,7710899,0096771089940,76771089908,,IN,0,2026-04-07,,,,,,,,,,,,,,,,,,,,,
200,7710899,0096771089950,76771089909,,IN,0,2026-04-07,,,,,,,,,,,,,,,,,,,,,
200,7710899,0096771089950,76771089903,,IN,294,2026-04-08,,,,,,,,,,,,,,,,,,,,,
200,7710899,0096771089960,76771089904,,IN,274,2026-04-08,,,,,,,,,,,,,,,,,,,,,
200,7710899,0096771089960,767710899010,,IN,0,2026-04-07,,,,,,,,,,,,,,,,,,,,,
200,7710899,0096771089970,76771089905,,IN,120,2026-04-10,,,,,,,,,,,,,,,,,,,,,
200,7710899,0096771089970,76771089906,,IN,0,2026-04-07,,,,,,,,,,,,,,,,,,,,,
200,7710881,0096771088190,76771088101,,EA,29,2026-03-30,,,,,,,,,,,,,,,,,,,,,
200,7710881,0096771088190,76771088102,,EA,0,2026-04-02,,,,,,,,,,,,,,,,,,,,,
200,7710863,0096771086340,76771086301,,EA,50,2026-03-31,,,,,,,,,,,,,,,,,,,,,
200,7710863,0096771086340,76771086302,,EA,-43,2026-07-17,,,,,,,,,,,,,,,,,,,,,
200,7710863,0096771086340,76771086303,,EA,0,2026-04-28,,,,,,,,,,,,,,,,,,,,,
200,7710862,00967710862260,76771086201,,EA,15,2026-04-02,,,,,,,,,,,,,,,,,,,,,
200,7710859,0096771085920,76771085901,,IN,0,2026-04-02,,,,,,,,,,,,,,,,,,,,,
200,7710859,0096771085920,76771085905,,IN,292,2026-04-08,,,,,,,,,,,,,,,,,,,,,
200,7710859,0096771085940,76771085906,,IN,127,2026-04-01,,,,,,,,,,,,,,,,,,,,,
200,7710859,0096771085940,76771085902,,IN,0,2026-04-10,,,,,,,,,,,,,,,,,,,,,
200,7710859,0096771085950,76771085903,,IN,0,2026-04-02,,,,,,,,,,,,,,,,,,,,,
200,7710859,0096771085950,76771085907,,IN,288,2026-04-01,,,,,,,,,,,,,,,,,,,,,
200,7710859,0096771085960,76771085908,,IN,266,2026-04-01,,,,,,,,,,,,,,,,,,,,,
200,7710859,0096771085960,76771085904,,IN,0,2026-04-02,,,,,,,,,,,,,,,,,,,,,
200,7710844,0096771084410,76771084401,,EA,187,2026-05-06,,,,,,,,,,,,,,,,,,,,,
200,7710844,0096771084410,76771084402,,EA,0,2026-05-15,,,,,,,,,,,,,,,,,,,,,
200,7710823,0096771082310,76771082301,,IN,120,2026-03-30,,,,,,,,,,,,,,,,,,,,,
200,7710823,0096771082310,76771082302,,IN,0,2026-03-27,,,,,,,,,,,,,,,,,,,,,
200,7710806,0096771080620,76771080601,,EA,85,2026-04-13,,,,,,,,,,,,,,,,,,,,,
200,7710806,0096771080620,76771080602,,EA,85,2026-04-28,,,,,,,,,,,,,,,,,,,,,
200,7710806,0096771080620,76771080603,,EA,85,2026-04-28,,,,,,,,,,,,,,,,,,,,,
200,7710806,0096771080620,76771080604,,EA,140,2026-04-24,,,,,,,,,,,,,,,,,,,,,
200,7710806,0096771080620,76771080605,,EA,75,2026-04-17,,,,,,,,,,,,,,,,,,,,,
200,7710806,0096771080620,76771080606,,EA,160,2026-05-12,,,,,,,,,,,,,,,,,,,,,
200,7710798,0096771079830,76771079804,,IN,290,2026-03-23,,,,,,,,,,,,,,,,,,,,,
200,7710798,0096771079830,76771079802,,IN,0,2026-03-24,,,,,,,,,,,,,,,,,,,,,
200,7710798,0096771079840,76771079801,,IN,0,2026-03-24,,,,,,,,,,,,,,,,,,,,,
200,7710798,0096771079840,76771079805,,IN,138,2026-04-24,,,,,,,,,,,,,,,,,,,,,
200,7710798,0096771079850,76771079806,,IN,294,2026-03-23,,,,,,,,,,,,,,,,,,,,,
200,7710798,0096771079850,76771079803,,IN,0,2026-03-24,,,,,,,,,,,,,,,,,,,,,
200,7710782,0096771078210,76771078201,,EA,14,2026-04-10,,,,,,,,,,,,,,,,,,,,,
200,7710782,0096771078210,76771078202,,EA,-6,2026-04-17,,,,,,,,,,,,,,,,,,,,,
200,7710782,0096771078210,76771078203,,EA,6,2026-06-16,,,,,,,,,,,,,,,,,,,,,
200,7710782,0096771078210,76771078204,,EA,6,2026-04-10,,,,,,,,,,,,,,,,,,,,,
200,7710775,0096771077530,76771077501,,IN,0,2026-03-24,,,,,,,,,,,,,,,,,,,,,
200,7710775,0096771077530,76771077502,,IN,260,2026-03-23,,,,,,,,,,,,,,,,,,,,,
200,7710739,0096771073930,76771073901,,IN,288,2026-03-16,,,,,,,,,,,,,,,,,,,,,
200,7710739,0096771073930,76771073902,,IN,0,2026-03-17,,,,,,,,,,,,,,,,,,,,,
200,7710674,0096771067410,76771067405,,EA,144,2026-03-09,,,,,,,,,,,,,,,,,,,,,
200,7710674,0096771067410,76771067401,,EA,0,2026-03-10,,,,,,,,,,,,,,,,,,,,,
200,7710674,0096771067450,76771067402,,IN,0,2026-03-10,,,,,,,,,,,,,,,,,,,,,
200,7710674,0096771067450,76771067406,,IN,120,2026-03-09,,,,,,,,,,,,,,,,,,,,,
200,7710674,0096771067460,76771067407,,EA,0,2026-03-10,,,,,,,,,,,,,,,,,,,,,
200,7710674,0096771067470,76771067408,,IN,292,2026-03-09,,,,,,,,,,,,,,,,,,,,,
200,7710674,0096771067470,76771067403,,IN,0,2026-03-10,,,,,,,,,,,,,,,,,,,,,
200,7710674,0096771067480,76771067404,,IN,0,2026-03-10,,,,,,,,,,,,,,,,,,,,,
200,7710674,0096771067480,76771067409,,IN,274,2026-03-09,,,,,,,,,,,,,,,,,,,,,
200,7710642,0096771064230,767710642010,,IN,0,2026-03-10,,,,,,,,,,,,,,,,,,,,,
200,7710642,0096771064230,76771064201,,IN,298,2026-03-09,,,,,,,,,,,,,,,,,,,,,
200,7710642,0096771064240,76771064202,,IN,290,2026-03-09,,,,,,,,,,,,,,,,,,,,,
200,7710642,0096771064240,767710642011,,IN,0,2026-03-10,,,,,,,,,,,,,,,,,,,,,
200,7710642,0096771064250,767710642012,,IN,0,2026-03-10,,,,,,,,,,,,,,,,,,,,,
200,7710642,0096771064250,76771064203,,IN,120,2026-03-09,,,,,,,,,,,,,,,,,,,,,
200,7710642,0096771064260,76771064204,,IN,254,2026-03-09,,,,,,,,,,,,,,,,,,,,,
200,7710642,0096771064260,767710642013,,IN,0,2026-03-10,,,,,,,,,,,,,,,,,,,,,
200,7710642,0096771064270,767710642014,,IN,0,2026-03-10,,,,,,,,,,,,,,,,,,,,,
200,7710642,0096771064270,76771064205,,IN,294,2026-03-09,,,,,,,,,,,,,,,,,,,,,
200,7710642,0096771064280,76771064206,,IN,252,2026-03-09,,,,,,,,,,,,,,,,,,,,,
200,7710642,0096771064280,767710642015,,IN,0,2026-03-10,,,,,,,,,,,,,,,,,,,,,
200,7710642,0096771064290,767710642016,,IN,0,2026-03-10,,,,,,,,,,,,,,,,,,,,,
200,7710642,0096771064290,76771064207,,IN,252,2026-03-09,,,,,,,,,,,,,,,,,,,,,
200,7710642,00967710642100,76771064208,,IN,266,2026-03-09,,,,,,,,,,,,,,,,,,,,,
200,7710642,00967710642100,767710642017,,IN,0,2026-03-10,,,,,,,,,,,,,,,,,,,,,
200,7710642,00967710642110,767710642018,,IN,0,2026-03-10,,,,,,,,,,,,,,,,,,,,,
200,7710642,00967710642110,76771064209,,IN,266,2026-03-09,,,,,,,,,,,,,,,,,,,,,
200,7710593,0096771059350,76771059301,,IN,127,2026-02-23,,,,,,,,,,,,,,,,,,,,,
200,7710593,0096771059350,76771059303,,IN,0,2026-02-26,,,,,,,,,,,,,,,,,,,,,
200,7710593,0096771059390,76771059304,,IN,0,2026-02-26,,,,,,,,,,,,,,,,,,,,,
200,7710593,0096771059390,76771059302,,IN,266,2026-02-25,,,,,,,,,,,,,,,,,,,,,
200,7710517,0096771051730,76771051701,,IN,0,2026-02-24,,,,,,,,,,,,,,,,,,,,,
200,7710517,0096771051730,76771051703,,IN,288,2026-02-23,,,,,,,,,,,,,,,,,,,,,
200,7710517,0096771051740,76771051704,,IN,120,2026-02-23,,,,,,,,,,,,,,,,,,,,,
200,7710517,0096771051740,76771051702,,IN,0,2026-02-24,,,,,,,,,,,,,,,,,,,,,
200,7710506,0096771050610,767710506076,,EA,0,2026-12-31,,,,,,,,,,,,,,,,,,,,,
200,7710506,0096771050610,767710506060,,EA,10,2026-05-14,,,,,,,,,,,,,,,,,,,,,
200,7710506,0096771050610,767710506016,,EA,10,2026-04-02,,,,,,,,,,,,,,,,,,,,,
200,7710506,0096771050610,767710506025,,EA,-10,2026-05-08,,,,,,,,,,,,,,,,,,,,,
200,7710506,0096771050610,767710506026,,EA,10,2026-05-14,,,,,,,,,,,,,,,,,,,,,
200,7710506,0096771050610,767710506044,,EA,5,2026-06-30,,,,,,,,,,,,,,,,,,,,,
200,7710506,0096771050610,767710506049,,EA,-10,2026-05-14,,,,,,,,,,,,,,,,,,,,,
200,7710506,0096771050610,767710506050,,EA,10,2026-08-14,,,,,,,,,,,,,,,,,,,,,
200,7710506,0096771050610,76771050601,,EA,10,2026-04-01,,,,,,,,,,,,,,,,,,,,,
200,7710506,0096771050620,76771050602,,EA,5,2026-03-25,,,,,,,,,,,,,,,,,,,,,
200,7710506,0096771050620,767710506051,,EA,5,2026-08-14,,,,,,,,,,,,,,,,,,,,,
200,7710506,0096771050620,767710506045,,EA,5,2026-08-14,,,,,,,,,,,,,,,,,,,,,
200,7710506,0096771050620,767710506039,,EA,-10,2026-05-08,,,,,,,,,,,,,,,,,,,,,
200,7710506,0096771050620,767710506040,,EA,5,2026-06-30,,,,,,,,,,,,,,,,,,,,,
200,7710506,0096771050620,767710506017,,EA,10,2026-04-02,,,,,,,,,,,,,,,,,,,,,
200,7710506,0096771050620,767710506015,,EA,10,2026-04-01,,,,,,,,,,,,,,,,,,,,,
200,7710506,0096771050620,767710506061,,EA,10,2026-05-14,,,,,,,,,,,,,,,,,,,,,
200,7710506,0096771050620,767710506077,,EA,0,2026-12-31,,,,,,,,,,,,,,,,,,,,,
200,7710506,0096771050630,767710506078,,EA,5,2026-08-28,,,,,,,,,,,,,,,,,,,,,
200,7710506,0096771050630,767710506062,,EA,5,2026-05-14,,,,,,,,,,,,,,,,,,,,,
200,7710506,0096771050630,767710506047,,EA,15,2026-06-30,,,,,,,,,,,,,,,,,,,,,
200,7710506,0096771050630,767710506070,,EA,15,2026-09-01,,,,,,,,,,,,,,,,,,,,,
200,7710506,0096771050630,767710506071,,EA,0,2026-12-31,,,,,,,,,,,,,,,,,,,,,
200,7710506,0096771050630,767710506018,,EA,15,2026-04-02,,,,,,,,,,,,,,,,,,,,,
200,7710506,0096771050630,767710506027,,EA,-15,2026-05-08,,,,,,,,,,,,,,,,,,,,,
200,7710506,0096771050630,767710506028,,EA,15,2026-05-14,,,,,,,,,,,,,,,,,,,,,
200,7710506,0096771050630,767710506052,,EA,10,2026-08-14,,,,,,,,,,,,,,,,,,,,,
200,7710506,0096771050630,76771050603,,EA,15,2026-04-01,,,,,,,,,,,,,,,,,,,,,
200,7710506,0096771050640,76771050604,,EA,10,2026-04-13,,,,,,,,,,,,,,,,,,,,,
200,7710506,0096771050640,767710506053,,EA,0,2026-12-31,,,,,,,,,,,,,,,,,,,,,
200,7710506,0096771050640,767710506069,,EA,10,2026-06-30,,,,,,,,,,,,,,,,,,,,,
200,7710506,0096771050650,767710506046,,EA,25,2026-07-20,,,,,,,,,,,,,,,,,,,,,
200,7710506,0096771050650,767710506019,,EA,25,2026-04-02,,,,,,,,,,,,,,,,,,,,,
200,7710506,0096771050650,767710506031,,EA,-25,2026-05-08,,,,,,,,,,,,,,,,,,,,,
200,7710506,0096771050650,767710506032,,EA,25,2026-05-29,,,,,,,,,,,,,,,,,,,,,
200,7710506,0096771050650,767710506072,,EA,0,2026-12-31,,,,,,,,,,,,,,,,,,,,,
200,7710506,0096771050650,767710506056,,EA,25,2026-09-01,,,,,,,,,,,,,,,,,,,,,
200,7710506,0096771050650,767710506068,,EA,25,2026-05-14,,,,,,,,,,,,,,,,,,,,,
200,7710506,0096771050650,76771050605,,EA,25,2026-02-24,,,,,,,,,,,,,,,,,,,,,
200,7710506,0096771050650,767710506010,,EA,25,2026-04-01,,,,,,,,,,,,,,,,,,,,,
200,7710506,0096771050660,767710506011,,EA,50,2026-04-01,,,,,,,,,,,,,,,,,,,,,
200,7710506,0096771050660,76771050606,,EA,50,2026-02-24,,,,,,,,,,,,,,,,,,,,,
200,7710506,0096771050660,767710506057,,EA,50,2026-09-01,,,,,,,,,,,,,,,,,,,,,
200,7710506,0096771050660,767710506073,,EA,0,2026-12-31,,,,,,,,,,,,,,,,,,,,,
200,7710506,0096771050660,767710506065,,EA,50,2026-07-20,,,,,,,,,,,,,,,,,,,,,
200,7710506,0096771050660,767710506033,,EA,-50,2026-05-08,,,,,,,,,,,,,,,,,,,,,
200,7710506,0096771050660,767710506034,,EA,50,2026-05-14,,,,,,,,,,,,,,,,,,,,,
200,7710506,0096771050660,767710506022,,EA,50,2026-04-02,,,,,,,,,,,,,,,,,,,,,
200,7710506,0096771050670,767710506035,,EA,-25,2026-05-08,,,,,,,,,,,,,,,,,,,,,
200,7710506,0096771050670,767710506036,,EA,25,2026-05-14,,,,,,,,,,,,,,,,,,,,,
200,7710506,0096771050670,767710506021,,EA,25,2026-04-02,,,,,,,,,,,,,,,,,,,,,
200,7710506,0096771050670,767710506066,,EA,25,2026-07-20,,,,,,,,,,,,,,,,,,,,,
200,7710506,0096771050670,767710506074,,EA,0,2026-12-31,,,,,,,,,,,,,,,,,,,,,
200,7710506,0096771050670,767710506058,,EA,25,2026-09-01,,,,,,,,,,,,,,,,,,,,,
200,7710506,0096771050670,76771050607,,EA,25,2026-02-24,,,,,,,,,,,,,,,,,,,,,
200,7710506,0096771050670,767710506012,,EA,25,2026-04-01,,,,,,,,,,,,,,,,,,,,,
200,7710506,0096771050680,767710506013,,EA,25,2026-04-01,,,,,,,,,,,,,,,,,,,,,
200,7710506,0096771050680,767710506014,,EA,-25,2026-03-25,,,,,,,,,,,,,,,,,,,,,
200,7710506,0096771050680,76771050608,,EA,25,2026-02-24,,,,,,,,,,,,,,,,,,,,,
200,7710506,0096771050680,767710506059,,EA,25,2026-09-01,,,,,,,,,,,,,,,,,,,,,
200,7710506,0096771050680,767710506075,,EA,0,2026-12-31,,,,,,,,,,,,,,,,,,,,,
200,7710506,0096771050680,767710506067,,EA,25,2026-07-20,,,,,,,,,,,,,,,,,,,,,
200,7710506,0096771050680,767710506020,,EA,25,2026-04-02,,,,,,,,,,,,,,,,,,,,,
200,7710506,0096771050680,767710506037,,EA,-25,2026-05-08,,,,,,,,,,,,,,,,,,,,,
200,7710506,0096771050680,767710506038,,EA,25,2026-05-14,,,,,,,,,,,,,,,,,,,,,
200,7710506,0096771050690,767710506023,,EA,45,2026-04-02,,,,,,,,,,,,,,,,,,,,,
200,7710506,0096771050690,767710506054,,EA,45,2026-05-14,,,,,,,,,,,,,,,,,,,,,
200,7710506,0096771050690,767710506055,,EA,45,2026-05-14,,,,,,,,,,,,,,,,,,,,,
200,7710506,0096771050690,767710506029,,EA,-45,2026-05-08,,,,,,,,,,,,,,,,,,,,,
200,7710506,0096771050690,767710506030,,EA,0,2026-12-31,,,,,,,,,,,,,,,,,,,,,
200,7710506,0096771050690,767710506041,,EA,-45,2026-05-08,,,,,,,,,,,,,,,,,,,,,
200,7710506,0096771050690,767710506042,,EA,45,2026-05-14,,,,,,,,,,,,,,,,,,,,,
200,7710506,0096771050690,767710506043,,EA,45,2026-05-14,,,,,,,,,,,,,,,,,,,,,
200,7710506,0096771050690,767710506048,,EA,0,2026-12-31,,,,,,,,,,,,,,,,,,,,,
200,7710506,0096771050690,767710506064,,EA,45,2026-05-08,,,,,,,,,,,,,,,,,,,,,
200,7710506,0096771050690,76771050609,,EA,45,2026-04-01,,,,,,,,,,,,,,,,,,,,,
200,7710506,00967710506110,767710506063,,EA,0,2026-12-31,,,,,,,,,,,,,,,,,,,,,
200,7710506,00967710506110,767710506024,,EA,45,2026-04-02,,,,,,,,,,,,,,,,,,,,,
200,7710478,0096771047840,76771047803,,IN,120,2026-02-16,,,,,,,,,,,,,,,,,,,,,
200,7710478,0096771047840,76771047801,,IN,0,2026-02-17,,,,,,,,,,,,,,,,,,,,,
200,7710478,0096771047860,76771047802,,IN,0,2026-02-17,,,,,,,,,,,,,,,,,,,,,
200,7710478,0096771047860,76771047804,,IN,500,2026-02-16,,,,,,,,,,,,,,,,,,,,,
200,7710474,0096771047420,76771047401,,IN,283,2026-02-09,,,,,,,,,,,,,,,,,,,,,
200,7710474,0096771047420,767710474010,,IN,0,2026-02-09,,,,,,,,,,,,,,,,,,,,,
200,7710474,0096771047430,76771047407,,IN,0,2026-02-09,,,,,,,,,,,,,,,,,,,,,
200,7710474,0096771047430,76771047402,,IN,120,2026-02-09,,,,,,,,,,,,,,,,,,,,,
200,7710474,0096771047450,76771047403,,IN,120,2026-02-09,,,,,,,,,,,,,,,,,,,,,
200,7710474,0096771047450,76771047408,,IN,0,2026-02-09,,,,,,,,,,,,,,,,,,,,,
200,7710474,0096771047460,76771047404,,IN,274,2026-03-02,,,,,,,,,,,,,,,,,,,,,
200,7710474,0096771047460,767710474012,,IN,0,2026-02-09,,,,,,,,,,,,,,,,,,,,,
200,7710474,0096771047480,76771047405,,IN,274,2026-02-09,,,,,,,,,,,,,,,,,,,,,
200,7710474,0096771047480,76771047409,,IN,0,2026-02-09,,,,,,,,,,,,,,,,,,,,,
200,7710474,0096771047490,767710474011,,IN,0,2026-02-09,,,,,,,,,,,,,,,,,,,,,
200,7710474,0096771047490,76771047406,,IN,266,2026-03-09,,,,,,,,,,,,,,,,,,,,,
200,7710425,0096771042540,76771042501,,EA,50,2026-02-20,,,,,,,,,,,,,,,,,,,,,
200,7710425,0096771042590,76771042502,,EA,50,2026-02-20,,,,,,,,,,,,,,,,,,,,,
200,7710425,00967710425120,76771042503,,EA,50,2026-02-05,,,,,,,,,,,,,,,,,,,,,
200,7710418,0096771041860,76771041801,,IN,0,2026-03-03,,,,,,,,,,,,,,,,,,,,,
200,7710418,0096771041860,76771041802,,IN,453,2026-03-04,,,,,,,,,,,,,,,,,,,,,
200,7710418,0096771041870,76771041803,,IN,123,2026-02-04,,,,,,,,,,,,,,,,,,,,,
200,7710418,0096771041870,76771041804,,IN,0,2026-02-05,,,,,,,,,,,,,,,,,,,,,
200,7710409,0096771040910,76771040901,,IN,576,2026-03-16,,,,,,,,,,,,,,,,,,,,,
200,7710409,0096771040910,76771040902,,IN,0,2026-03-12,,,,,,,,,,,,,,,,,,,,,
200,7710405,00967710405210,76771040501,,EA,1,2026-03-12,,,,,,,,,,,,,,,,,,,,,
200,7710405,00967710405230,76771040502,,EA,1,2026-03-12,,,,,,,,,,,,,,,,,,,,,
200,7710352,0096771035270,76771035201,,IN,239,2026-03-02,,,,,,,,,,,,,,,,,,,,,
200,7710352,0096771035270,76771035202,,IN,0,2026-02-24,,,,,,,,,,,,,,,,,,,,,
200,7710319,0096771031940,76771031901,,EA,100,2026-02-27,,,,,,,,,,,,,,,,,,,,,
200,7710312,0096771031220,76771031201,,EA,1,2026-01-30,,,,,,,,,,,,,,,,,,,,,
200,7710312,0096771031220,76771031202,,EA,2,2026-01-30,,,,,,,,,,,,,,,,,,,,,
200,7710284,0096771028450,76771028405,,IN,0,2026-01-19,,,,,,,,,,,,,,,,,,,,,
200,7710284,0096771028450,76771028401,,IN,290,2026-01-20,,,,,,,,,,,,,,,,,,,,,
200,7710284,0096771028460,76771028402,,IN,294,2026-01-20,,,,,,,,,,,,,,,,,,,,,
200,7710284,0096771028460,76771028406,,IN,0,2026-01-19,,,,,,,,,,,,,,,,,,,,,
200,7710284,0096771028470,76771028403,,IN,250,2026-02-16,,,,,,,,,,,,,,,,,,,,,
200,7710284,0096771028470,76771028404,,IN,0,2026-01-19,,,,,,,,,,,,,,,,,,,,,
200,7710266,0096771026610,76771026601,,EA,1,2026-08-20,,,,,,,,,,,,,,,,,,,,,
200,7710216,0096771021630,76771021601,,IN,141,2026-01-14,,,,,,,,,,,,,,,,,,,,,
200,7710216,0096771021630,76771021605,,IN,0,2026-01-12,,,,,,,,,,,,,,,,,,,,,
200,7710216,0096771021640,76771021606,,IN,0,2026-01-12,,,,,,,,,,,,,,,,,,,,,
200,7710216,0096771021640,76771021602,,IN,288,2026-01-14,,,,,,,,,,,,,,,,,,,,,
200,7710216,0096771021650,76771021603,,IN,288,2026-01-14,,,,,,,,,,,,,,,,,,,,,
200,7710216,0096771021650,76771021607,,IN,0,2026-01-12,,,,,,,,,,,,,,,,,,,,,
200,7710216,0096771021660,76771021608,,IN,0,2026-01-12,,,,,,,,,,,,,,,,,,,,,
200,7710216,0096771021660,76771021604,,IN,288,2026-01-14,,,,,,,,,,,,,,,,,,,,,
200,7710189,0096771018930,76771018901,,EA,19,2026-01-05,,,,,,,,,,,,,,,,,,,,,
200,7710189,0096771018930,76771018902,,EA,0,2026-03-02,,,,,,,,,,,,,,,,,,,,,
200,7710173,0096771017380,76771017301,,EA,0,2026-10-30,,,,,,,,,,,,,,,,,,,,,
200,7710173,0096771017390,76771017302,,EA,0,2026-11-30,,,,,,,,,,,,,,,,,,,,,
200,7710173,00967710173100,76771017303,,EA,0,2026-12-30,,,,,,,,,,,,,,,,,,,,,
200,7710144,0096771014410,76771014401,,EA,0,2025-12-15,,,,,,,,,,,,,,,,,,,,,
200,7710144,0096771014420,76771014402,,EA,0,2025-12-15,,,,,,,,,,,,,,,,,,,,,
200,7710144,0096771014430,76771014403,,EA,0,2025-12-15,,,,,,,,,,,,,,,,,,,,,
200,7710144,0096771014440,76771014404,,EA,0,2025-12-15,,,,,,,,,,,,,,,,,,,,,
200,7710072,0096771007230,76771007203,,IN,0,2025-12-16,,,,,,,,,,,,,,,,,,,,,
200,7710072,0096771007230,76771007201,,IN,208,2025-12-15,,,,,,,,,,,,,,,,,,,,,
200,7710072,0096771007250,76771007202,,IN,264,2025-12-17,,,,,,,,,,,,,,,,,,,,,
200,7710072,0096771007250,76771007204,,IN,120,2025-12-19,,,,,,,,,,,,,,,,,,,,,
200,7710072,0096771007250,76771007205,,IN,0,2025-12-16,,,,,,,,,,,,,,,,,,,,,
200,7710027,0096771002750,76771002701,,IN,528,2025-12-05,,,,,,,,,,,,,,,,,,,,,
200,7710027,0096771002750,76771002702,,IN,0,2025-12-04,,,,,,,,,,,,,,,,,,,,,
200,7709970,0096770997060,76770997001,,IN,212,2025-12-01,,,,,,,,,,,,,,,,,,,,,
200,7709970,0096770997060,76770997002,,IN,0,2025-12-02,,,,,,,,,,,,,,,,,,,,,
200,7709882,0096770988240,76770988201,,IN,286,2025-12-03,,,,,,,,,,,,,,,,,,,,,
200,7709882,0096770988240,76770988202,,IN,0,2025-11-25,,,,,,,,,,,,,,,,,,,,,
200,7709717,0096770971710,76770971701,,EA,0,2025-11-05,,,,,,,,,,,,,,,,,,,,,
200,7709707,0096770970760,76770970701,,EA,0,2025-12-18,,,,,,,,,,,,,,,,,,,,,
200,7709683,0096770968310,76770968301,,EA,0,2025-10-28,,,,,,,,,,,,,,,,,,,,,
200,7709679,0096770967910,76770967901,,EA,0,2025-11-10,,,,,,,,,,,,,,,,,,,,,
200,7709679,0096770967930,76770967902,,EA,0,2025-11-10,,,,,,,,,,,,,,,,,,,,,
200,7709679,0096770967950,76770967903,,EA,0,2025-11-10,,,,,,,,,,,,,,,,,,,,,
200,7709655,0096770965520,76770965501,,EA,0,2025-11-05,,,,,,,,,,,,,,,,,,,,,
200,7709655,0096770965550,76770965502,,EA,0,2025-11-05,,,,,,,,,,,,,,,,,,,,,
200,7709613,00967709613240,76770961301,,EA,4,2025-12-23,,,,,,,,,,,,,,,,,,,,,
200,7709613,00967709613240,76770961302,,EA,-4,2026-01-07,,,,,,,,,,,,,,,,,,,,,
200,7709613,00967709613240,76770961303,,EA,0,2026-01-20,,,,,,,,,,,,,,,,,,,,,
200,7709613,00967709613240,76770961304,,EA,-4,2025-12-23,,,,,,,,,,,,,,,,,,,,,
200,7709613,00967709613240,76770961305,,EA,4,2026-01-07,,,,,,,,,,,,,,,,,,,,,
200,7709608,0096770960810,76770960801,,EA,0,2025-11-30,,,,,,,,,,,,,,,,,,,,,
200,7709574,0096770957420,76770957401,,EA,0,2025-10-15,,,,,,,,,,,,,,,,,,,,,
200,7709533,0096770953320,76770953301,,EA,0,2025-11-06,,,,,,,,,,,,,,,,,,,,,
200,7709497,0096770949740,76770949701,,EA,0,2025-10-13,,,,,,,,,,,,,,,,,,,,,
200,7709439,0096770943910,76770943901,,IN,138,2025-10-06,,,,,,,,,,,,,,,,,,,,,
200,7709439,0096770943910,76770943902,,IN,0,2025-10-07,,,,,,,,,,,,,,,,,,,,,
200,7709436,0096770943680,76770943601,,EA,0,2025-10-16,,,,,,,,,,,,,,,,,,,,,
200,7709432,0096770943210,76770943201,,FT,0,2025-10-01,,,,,,,,,,,,,,,,,,,,,
200,7709388,0096770938810,76770938801,,EA,0,2025-12-15,,,,,,,,,,,,,,,,,,,,,
200,7709380,0096770938010,76770938001,,EA,1,2025-09-24,,,,,,,,,,,,,,,,,,,,,
200,7709380,0096770938010,76770938002,,EA,-1,2025-10-22,,,,,,,,,,,,,,,,,,,,,
200,7709380,0096770938010,76770938003,,EA,0,2025-09-24,,,,,,,,,,,,,,,,,,,,,
200,7709366,0096770936610,76770936601,,EA,0,2025-09-22,,,,,,,,,,,,,,,,,,,,,
200,7709309,0096770930920,76770930901,,EA,0,2025-10-16,,,,,,,,,,,,,,,,,,,,,
200,7709309,0096770930940,76770930902,,EA,0,2025-10-09,,,,,,,,,,,,,,,,,,,,,
200,7709309,0096770930950,76770930903,,EA,0,2025-10-16,,,,,,,,,,,,,,,,,,,,,
200,7709254,0096770925410,76770925401,,EA,2,2025-09-04,,,,,,,,,,,,,,,,,,,,,
200,7709254,0096770925410,76770925402,,EA,-2,2025-09-11,,,,,,,,,,,,,,,,,,,,,
200,7709254,0096770925410,76770925403,,EA,0,2025-09-04,,,,,,,,,,,,,,,,,,,,,
200,7709146,0096770914620,76770914601,,EA,0,2025-10-02,,,,,,,,,,,,,,,,,,,,,
200,7709143,0096770914310,76770914301,,EA,0,2025-09-18,,,,,,,,,,,,,,,,,,,,,
200,7709141,0096770914110,76770914101,,EA,0,2025-08-20,,,,,,,,,,,,,,,,,,,,,
200,7709136,00967709136140,76770913601,,EA,0,2025-10-29,,,,,,,,,,,,,,,,,,,,,
200,7709125,0096770912540,76770912501,,EA,0,2025-12-09,,,,,,,,,,,,,,,,,,,,,
200,7709062,0096770906210,76770906201,,EA,0,2025-09-18,,,,,,,,,,,,,,,,,,,,,
200,7709059,0096770905910,76770905901,,EA,0,2025-10-10,,,,,,,,,,,,,,,,,,,,,
200,7709059,0096770905920,76770905902,,EA,0,2025-10-10,,,,,,,,,,,,,,,,,,,,,
200,7709059,0096770905950,76770905903,,EA,0,2025-10-10,,,,,,,,,,,,,,,,,,,,,
200,7709055,0096770905510,76770905501,,EA,0,2025-09-04,,,,,,,,,,,,,,,,,,,,,
200,7709028,0096770902830,76770902801,,EA,50,2025-08-26,,,,,,,,,,,,,,,,,,,,,
200,7709028,0096770902830,76770902802,,EA,-50,2025-09-05,,,,,,,,,,,,,,,,,,,,,
200,7709028,0096770902830,76770902803,,EA,0,2025-09-29,,,,,,,,,,,,,,,,,,,,,
200,7709025,0096770902510,76770902501,,EA,0,2025-10-03,,,,,,,,,,,,,,,,,,,,,
200,7709018,00967709018130,76770901801,,EA,0,2025-12-08,,,,,,,,,,,,,,,,,,,,,
200,7709013,0096770901310,76770901301,,BX,0,2025-08-25,,,,,,,,,,,,,,,,,,,,,
200,7709000,0096770900010,76770900001,,EA,0,2025-08-05,,,,,,,,,,,,,,,,,,,,,
200,7708984,0096770898410,76770898401,,EA,0,2025-09-05,,,,,,,,,,,,,,,,,,,,,
200,7708946,0096770894690,76770894601,,EA,0,2025-08-28,,,,,,,,,,,,,,,,,,,,,
200,7708946,00967708946100,76770894602,,EA,0,2025-08-28,,,,,,,,,,,,,,,,,,,,,
200,7708931,0096770893110,76770893101,,EA,0,2025-08-28,,,,,,,,,,,,,,,,,,,,,
200,7708931,0096770893180,76770893102,,EA,4,2025-08-15,,,,,,,,,,,,,,,,,,,,,
200,7708931,0096770893180,76770893103,,EA,-1,2025-08-15,,,,,,,,,,,,,,,,,,,,,
200,7708931,0096770893180,76770893104,,EA,0,2025-08-14,,,,,,,,,,,,,,,,,,,,,
200,7708896,0096770889610,76770889601,,EA,0,2025-12-04,,,,,,,,,,,,,,,,,,,,,
200,7708889,00967708889110,76770888901,,EA,0,2025-12-09,,,,,,,,,,,,,,,,,,,,,
200,7708889,00967708889120,76770888902,,EA,0,2025-12-09,,,,,,,,,,,,,,,,,,,,,
200,7708867,0096770886750,76770886701,,EA,0,2025-07-24,,,,,,,,,,,,,,,,,,,,,
200,7708848,00967708848320,76770884801,,EA,0,2025-07-21,,,,,,,,,,,,,,,,,,,,,
200,7708842,0096770884210,76770884201,,EA,0,2025-06-26,,,,,,,,,,,,,,,,,,,,,
200,7708815,0096770881540,76770881501,,EA,0,2025-06-27,,,,,,,,,,,,,,,,,,,,,
200,7708805,0096770880510,76770880501,,EA,0,2025-05-30,,,,,,,,,,,,,,,,,,,,,
200,7708785,0096770878510,76770878501,,EA,1,2025-06-06,,,,,,,,,,,,,,,,,,,,,
200,7708785,0096770878510,76770878502,,EA,1,2025-06-06,,,,,,,,,,,,,,,,,,,,,
200,7708785,0096770878510,76770878503,,EA,-1,2025-06-10,,,,,,,,,,,,,,,,,,,,,
200,7708785,0096770878510,76770878504,,EA,0,2025-05-30,,,,,,,,,,,,,,,,,,,,,
200,7708770,0096770877010,76770877001,,EA,0,2025-05-19,,,,,,,,,,,,,,,,,,,,,
200,7708743,0096770874340,76770874301,,EA,0,2025-06-12,,,,,,,,,,,,,,,,,,,,,
200,7708735,0096770873510,76770873501,,EA,0,2025-06-13,,,,,,,,,,,,,,,,,,,,,
200,7708724,0096770872410,76770872401,,EA,0,2025-05-12,,,,,,,,,,,,,,,,,,,,,
200,7708723,0096770872310,76770872301,,EA,0,2025-05-13,,,,,,,,,,,,,,,,,,,,,
200,7708723,0096770872320,76770872302,,EA,0,2025-05-13,,,,,,,,,,,,,,,,,,,,,
200,7708718,0096770871860,76770871801,,EA,0,2025-06-26,,,,,,,,,,,,,,,,,,,,,
200,7708695,00967708695200,76770869501,,EA,0,2025-05-15,,,,,,,,,,,,,,,,,,,,,
200,7708659,0096770865910,76770865901,,EA,0,2025-06-19,,,,,,,,,,,,,,,,,,,,,
200,7708659,0096770865960,76770865902,,EA,0,2025-06-19,,,,,,,,,,,,,,,,,,,,,
200,7708585,0096770858520,76770858501,,EA,0,2025-05-29,,,,,,,,,,,,,,,,,,,,,
200,7708573,0096770857340,76770857301,,EA,0,2025-05-29,,,,,,,,,,,,,,,,,,,,,
200,7708573,0096770857350,76770857302,,EA,0,2025-05-29,,,,,,,,,,,,,,,,,,,,,
200,7708553,0096770855310,76770855301,,EA,0,2025-04-25,,,,,,,,,,,,,,,,,,,,,
200,7708524,0096770852420,76770852401,,EA,0,2025-05-01,,,,,,,,,,,,,,,,,,,,,
200,7708499,0096770849910,76770849901,,EA,0,2025-11-28,,,,,,,,,,,,,,,,,,,,,
200,7708486,0096770848650,76770848601,,EA,0,2025-05-08,,,,,,,,,,,,,,,,,,,,,
200,7708472,0096770847210,76770847201,,EA,0,2025-06-05,,,,,,,,,,,,,,,,,,,,,
200,7708433,0096770843350,76770843301,,EA,0,2025-05-08,,,,,,,,,,,,,,,,,,,,,
200,7708386,0096770838630,76770838601,,EA,0,2025-05-29,,,,,,,,,,,,,,,,,,,,,
200,7708382,0096770838280,76770838201,,EA,4,2025-06-12,,,,,,,,,,,,,,,,,,,,,
200,7708382,0096770838280,76770838202,,EA,0,2025-07-08,,,,,,,,,,,,,,,,,,,,,
200,7708369,0096770836910,76770836901,,EA,0,2025-05-16,,,,,,,,,,,,,,,,,,,,,
200,7708354,0096770835430,76770835401,,EA,0,2025-05-22,,,,,,,,,,,,,,,,,,,,,
200,7708340,0096770834010,76770834001,,EA,0,2025-03-28,,,,,,,,,,,,,,,,,,,,,
200,7708324,0096770832410,76770832401,,EA,0,2025-04-30,,,,,,,,,,,,,,,,,,,,,
200,7708231,0096770823110,76770823101,,EA,65,2025-03-21,,,,,,,,,,,,,,,,,,,,,
200,7708231,0096770823110,76770823102,,EA,0,2025-04-02,,,,,,,,,,,,,,,,,,,,,
200,7708224,0096770822410,76770822401,,EA,0,2025-04-04,,,,,,,,,,,,,,,,,,,,,
200,7708159,0096770815910,76770815901,,EA,0,2025-03-14,,,,,,,,,,,,,,,,,,,,,
200,7708103,0096770810310,76770810301,,EA,0,2025-06-10,,,,,,,,,,,,,,,,,,,,,
200,7708103,0096770810320,76770810302,,EA,0,2025-06-10,,,,,,,,,,,,,,,,,,,,,
200,7708099,0096770809910,76770809901,,EA,0,2025-03-17,,,,,,,,,,,,,,,,,,,,,
200,7708099,0096770809920,76770809902,,EA,0,2025-03-17,,,,,,,,,,,,,,,,,,,,,
200,7708096,0096770809650,76770809601,,EA,0,2025-04-17,,,,,,,,,,,,,,,,,,,,,
200,7708088,0096770808810,76770808801,,EA,0,2025-03-07,,,,,,,,,,,,,,,,,,,,,
200,7708036,0096770803610,76770803601,,EA,0,2025-12-31,,,,,,,,,,,,,,,,,,,,,
200,7708027,0096770802710,76770802701,,EA,0,2025-03-07,,,,,,,,,,,,,,,,,,,,,
200,7707996,0096770799610,76770799601,,EA,99,2025-04-25,,,,,,,,,,,,,,,,,,,,,
200,7707996,0096770799610,76770799602,,EA,0,2025-05-01,,,,,,,,,,,,,,,,,,,,,
200,7707960,0096770796020,76770796001,,EA,0,2025-03-20,,,,,,,,,,,,,,,,,,,,,
200,7707960,0096770796030,76770796002,,EA,0,2025-03-20,,,,,,,,,,,,,,,,,,,,,
200,7707942,0096770794210,76770794201,,EA,0,2025-02-21,,,,,,,,,,,,,,,,,,,,,
200,7707941,0096770794130,76770794101,,EA,29,2025-03-06,,,,,,,,,,,,,,,,,,,,,
200,7707941,0096770794130,76770794102,,EA,0,2025-03-13,,,,,,,,,,,,,,,,,,,,,
200,7707933,0096770793310,76770793301,,EA,18,2025-02-19,,,,,,,,,,,,,,,,,,,,,
200,7707933,0096770793310,76770793302,,EA,0,2025-03-05,,,,,,,,,,,,,,,,,,,,,
200,7707898,00967707898380,76770789801,,EA,0,2025-02-14,,,,,,,,,,,,,,,,,,,,,
200,7707895,0096770789520,76770789501,,EA,0,2025-04-30,,,,,,,,,,,,,,,,,,,,,
200,7707888,0096770788880,76770788801,,EA,0,2025-02-13,,,,,,,,,,,,,,,,,,,,,
200,7707814,0096770781430,76770781401,,EA,0,2025-02-18,,,,,,,,,,,,,,,,,,,,,
200,7707797,0096770779710,76770779701,,IN,0,2025-02-25,,,,,,,,,,,,,,,,,,,,,
200,7707788,0096770778810,76770778801,,EA,15,2025-02-06,,,,,,,,,,,,,,,,,,,,,
200,7707788,0096770778810,76770778802,,EA,0,2025-02-14,,,,,,,,,,,,,,,,,,,,,
200,7707785,0096770778510,76770778501,,EA,0,2025-02-28,,,,,,,,,,,,,,,,,,,,,
200,7707728,0096770772830,76770772801,,EA,0,2025-02-27,,,,,,,,,,,,,,,,,,,,,
200,7707728,0096770772850,76770772802,,EA,0,2025-03-06,,,,,,,,,,,,,,,,,,,,,
200,7707710,00967707710160,76770771001,,EA,0,2025-02-11,,,,,,,,,,,,,,,,,,,,,
200,7707710,00967707710160,76770771002,,EA,114,2025-02-13,,,,,,,,,,,,,,,,,,,,,
200,7707655,0096770765520,76770765501,,EA,0,2025-02-07,,,,,,,,,,,,,,,,,,,,,
200,7707639,0096770763960,76770763901,,EA,0,2025-02-20,,,,,,,,,,,,,,,,,,,,,
200,7707561,0096770756130,76770756101,,EA,0,2025-02-20,,,,,,,,,,,,,,,,,,,,,
200,7707561,0096770756150,76770756102,,EA,0,2025-02-13,,,,,,,,,,,,,,,,,,,,,
200,7707540,0096770754020,76770754001,,EA,0,2025-01-30,,,,,,,,,,,,,,,,,,,,,
200,7707527,0096770752740,76770752701,,EA,0,2025-01-23,,,,,,,,,,,,,,,,,,,,,
200,7707488,0096770748820,76770748801,,EA,0,2025-01-06,,,,,,,,,,,,,,,,,,,,,
200,7707486,0096770748610,76770748601,,EA,0,2025-12-31,,,,,,,,,,,,,,,,,,,,,
200,7707464,0096770746440,76770746401,,EA,0,2025-03-25,,,,,,,,,,,,,,,,,,,,,
200,7707462,0096770746210,767707462051,,EA,10,2026-02-11,,,,,,,,,,,,,,,,,,,,,
200,7707462,0096770746210,767707462048,,EA,10,2025-11-06,,,,,,,,,,,,,,,,,,,,,
200,7707462,0096770746210,767707462049,,EA,10,2025-12-29,,,,,,,,,,,,,,,,,,,,,
200,7707462,0096770746210,767707462057,,EA,0,2025-12-31,,,,,,,,,,,,,,,,,,,,,
200,7707462,0096770746210,767707462058,,EA,10,2025-06-09,,,,,,,,,,,,,,,,,,,,,
200,7707462,0096770746210,767707462032,,EA,10,2025-08-11,,,,,,,,,,,,,,,,,,,,,
200,7707462,0096770746210,767707462034,,EA,10,2025-09-17,,,,,,,,,,,,,,,,,,,,,
200,7707462,0096770746210,767707462040,,EA,10,2025-11-06,,,,,,,,,,,,,,,,,,,,,
200,7707462,0096770746210,76770746201,,EA,10,2025-02-04,,,,,,,,,,,,,,,,,,,,,
200,7707462,0096770746210,76770746208,,EA,10,2025-07-17,,,,,,,,,,,,,,,,,,,,,
200,7707462,0096770746210,767707462015,,EA,10,2025-05-08,,,,,,,,,,,,,,,,,,,,,
200,7707462,0096770746210,767707462016,,EA,10,2025-03-06,,,,,,,,,,,,,,,,,,,,,
200,7707462,0096770746220,767707462017,,EA,5,2025-11-20,,,,,,,,,,,,,,,,,,,,,
200,7707462,0096770746220,76770746202,,EA,10,2025-02-04,,,,,,,,,,,,,,,,,,,,,
200,7707462,0096770746220,767707462050,,EA,5,2025-12-29,,,,,,,,,,,,,,,,,,,,,
200,7707462,0096770746220,767707462052,,EA,0,2025-12-31,,,,,,,,,,,,,,,,,,,,,
200,7707462,0096770746240,767707462059,,EA,5,2025-10-16,,,,,,,,,,,,,,,,,,,,,
200,7707462,0096770746240,767707462042,,EA,5,2025-10-27,,,,,,,,,,,,,,,,,,,,,
200,7707462,0096770746240,767707462043,,EA,-5,2025-10-27,,,,,,,,,,,,,,,,,,,,,
200,7707462,0096770746240,767707462044,,EA,0,2025-12-31,,,,,,,,,,,,,,,,,,,,,
200,7707462,0096770746240,76770746203,,EA,10,2025-02-12,,,,,,,,,,,,,,,,,,,,,
200,7707462,0096770746240,767707462018,,EA,10,2025-05-20,,,,,,,,,,,,,,,,,,,,,
200,7707462,0096770746250,767707462019,,EA,25,2025-03-13,,,,,,,,,,,,,,,,,,,,,
200,7707462,0096770746250,767707462023,,EA,25,2025-06-09,,,,,,,,,,,,,,,,,,,,,
200,7707462,0096770746250,767707462028,,EA,25,2025-09-04,,,,,,,,,,,,,,,,,,,,,
200,7707462,0096770746250,76770746204,,EA,25,2025-02-19,,,,,,,,,,,,,,,,,,,,,
200,7707462,0096770746250,76770746209,,EA,25,2025-07-15,,,,,,,,,,,,,,,,,,,,,
200,7707462,0096770746250,767707462045,,EA,25,2025-12-29,,,,,,,,,,,,,,,,,,,,,
200,7707462,0096770746250,767707462036,,EA,25,2025-10-29,,,,,,,,,,,,,,,,,,,,,
200,7707462,0096770746250,767707462053,,EA,0,2025-12-31,,,,,,,,,,,,,,,,,,,,,
200,7707462,0096770746260,767707462054,,EA,0,2025-12-31,,,,,,,,,,,,,,,,,,,,,
200,7707462,0096770746260,767707462037,,EA,50,2025-10-29,,,,,,,,,,,,,,,,,,,,,
200,7707462,0096770746260,767707462046,,EA,50,2025-12-29,,,,,,,,,,,,,,,,,,,,,
200,7707462,0096770746260,767707462010,,EA,50,2025-07-15,,,,,,,,,,,,,,,,,,,,,
200,7707462,0096770746260,76770746205,,EA,50,2025-02-19,,,,,,,,,,,,,,,,,,,,,
200,7707462,0096770746260,767707462029,,EA,50,2025-09-04,,,,,,,,,,,,,,,,,,,,,
200,7707462,0096770746260,767707462024,,EA,50,2025-06-09,,,,,,,,,,,,,,,,,,,,,
200,7707462,0096770746260,767707462020,,EA,50,2025-03-13,,,,,,,,,,,,,,,,,,,,,
200,7707462,0096770746270,767707462021,,EA,25,2025-03-13,,,,,,,,,,,,,,,,,,,,,
200,7707462,0096770746270,767707462025,,EA,25,2025-06-09,,,,,,,,,,,,,,,,,,,,,
200,7707462,0096770746270,767707462030,,EA,25,2025-09-04,,,,,,,,,,,,,,,,,,,,,
200,7707462,0096770746270,76770746206,,EA,25,2025-02-19,,,,,,,,,,,,,,,,,,,,,
200,7707462,0096770746270,767707462011,,EA,25,2025-07-15,,,,,,,,,,,,,,,,,,,,,
200,7707462,0096770746270,767707462047,,EA,25,2025-12-29,,,,,,,,,,,,,,,,,,,,,
200,7707462,0096770746270,767707462038,,EA,25,2025-10-29,,,,,,,,,,,,,,,,,,,,,
200,7707462,0096770746270,767707462055,,EA,0,2025-12-31,,,,,,,,,,,,,,,,,,,,,
200,7707462,0096770746280,767707462056,,EA,0,2025-12-31,,,,,,,,,,,,,,,,,,,,,
200,7707462,0096770746280,767707462039,,EA,25,2025-12-29,,,,,,,,,,,,,,,,,,,,,
200,7707462,0096770746280,767707462012,,EA,25,2025-07-15,,,,,,,,,,,,,,,,,,,,,
200,7707462,0096770746280,76770746207,,EA,25,2025-02-19,,,,,,,,,,,,,,,,,,,,,
200,7707462,0096770746280,767707462031,,EA,25,2025-09-04,,,,,,,,,,,,,,,,,,,,,
200,7707462,0096770746280,767707462026,,EA,25,2025-06-09,,,,,,,,,,,,,,,,,,,,,
200,7707462,0096770746280,767707462022,,EA,25,2025-03-13,,,,,,,,,,,,,,,,,,,,,
200,7707462,00967707462100,767707462027,,EA,42,2025-08-05,,,,,,,,,,,,,,,,,,,,,
200,7707462,00967707462100,767707462013,,EA,-45,2025-04-03,,,,,,,,,,,,,,,,,,,,,
200,7707462,00967707462100,767707462014,,EA,90,2025-03-13,,,,,,,,,,,,,,,,,,,,,
200,7707462,00967707462100,767707462033,,EA,3,2025-08-11,,,,,,,,,,,,,,,,,,,,,
200,7707462,00967707462100,767707462041,,EA,0,2025-12-31,,,,,,,,,,,,,,,,,,,,,
200,7707462,00967707462100,767707462035,,EA,90,2025-09-17,,,,,,,,,,,,,,,,,,,,,
200,7707437,0096770743710,76770743701,,EA,-1,2025-05-30,,,,,,,,,,,,,,,,,,,,,
200,7707437,0096770743710,76770743702,,EA,0,2025-01-11,,,,,,,,,,,,,,,,,,,,,
200,7707437,0096770743710,76770743703,,EA,1,2024-12-26,,,,,,,,,,,,,,,,,,,,,
200,7707377,0096770737710,76770737701,,EA,0,2025-01-23,,,,,,,,,,,,,,,,,,,,,
200,7707357,0096770735710,76770735701,,EA,98,2025-02-26,,,,,,,,,,,,,,,,,,,,,
200,7707357,0096770735710,76770735702,,EA,0,2025-02-28,,,,,,,,,,,,,,,,,,,,,
200,7707343,00967707343220,76770734301,,EA,0,2025-02-18,,,,,,,,,,,,,,,,,,,,,
200,7707343,00967707343240,76770734302,,EA,0,2025-02-18,,,,,,,,,,,,,,,,,,,,,
200,7707343,00967707343250,76770734303,,EA,0,2025-02-18,,,,,,,,,,,,,,,,,,,,,
200,7707343,00967707343260,76770734304,,EA,0,2025-02-18,,,,,,,,,,,,,,,,,,,,,
200,7707330,0096770733010,76770733001,,IN,0,2024-12-11,,,,,,,,,,,,,,,,,,,,,
200,7707315,0096770731550,76770731501,,IN,0,2024-12-13,,,,,,,,,,,,,,,,,,,,,
200,7707315,00967707315100,76770731502,,IN,230,2024-12-16,,,,,,,,,,,,,,,,,,,,,
200,7707315,00967707315100,76770731503,,IN,0,2024-12-13,,,,,,,,,,,,,,,,,,,,,
200,7707305,0096770730530,76770730501,,EA,0,2024-12-26,,,,,,,,,,,,,,,,,,,,,
200,7707305,00967707305160,76770730502,,EA,0,2025-01-30,,,,,,,,,,,,,,,,,,,,,
200,7707304,0096770730410,76770730401,,EA,0,2025-02-21,,,,,,,,,,,,,,,,,,,,,
200,7707304,0096770730410,76770730402,,EA,196,2025-02-17,,,,,,,,,,,,,,,,,,,,,
200,7707302,0096770730210,76770730201,,EA,11,2024-12-12,,,,,,,,,,,,,,,,,,,,,
200,7707302,0096770730210,76770730202,,EA,-2,2024-12-12,,,,,,,,,,,,,,,,,,,,,
200,7707302,0096770730210,76770730203,,EA,0,2024-12-12,,,,,,,,,,,,,,,,,,,,,
200,7707213,0096770721320,76770721301,,EA,0,2025-01-16,,,,,,,,,,,,,,,,,,,,,
200,7707200,0096770720020,76770720001,,EA,0,2024-11-22,,,,,,,,,,,,,,,,,,,,,
200,7707184,00967707184510,76770718401,,EA,0,2025-01-28,,,,,,,,,,,,,,,,,,,,,
200,7707182,0096770718210,76770718201,,IN,0,2024-11-26,,,,,,,,,,,,,,,,,,,,,
200,7707182,0096770718220,76770718202,,EA,0,2024-12-02,,,,,,,,,,,,,,,,,,,,,
200,7707182,0096770718230,76770718203,,IN,0,2024-12-17,,,,,,,,,,,,,,,,,,,,,
200,7707182,0096770718240,76770718204,,IN,0,2024-12-17,,,,,,,,,,,,,,,,,,,,,
200,7707182,0096770718250,76770718205,,IN,0,2024-12-17,,,,,,,,,,,,,,,,,,,,,
200,7707182,0096770718260,76770718206,,IN,0,2024-12-17,,,,,,,,,,,,,,,,,,,,,
200,7707182,0096770718270,76770718207,,IN,0,2024-11-26,,,,,,,,,,,,,,,,,,,,,
200,7707182,0096770718280,76770718208,,IN,0,2024-12-04,,,,,,,,,,,,,,,,,,,,,
200,7707182,0096770718290,76770718209,,IN,0,2024-12-05,,,,,,,,,,,,,,,,,,,,,
200,7707182,00967707182100,767707182010,,IN,0,2024-11-26,,,,,,,,,,,,,,,,,,,,,
200,7707182,00967707182110,767707182011,,IN,0,2024-11-27,,,,,,,,,,,,,,,,,,,,,
200,7707182,00967707182120,767707182012,,IN,0,2024-11-28,,,,,,,,,,,,,,,,,,,,,
200,7707172,0096770717210,76770717201,,EA,0,2024-11-30,,,,,,,,,,,,,,,,,,,,,
200,7707165,0096770716510,76770716501,,EA,0,2024-11-18,,,,,,,,,,,,,,,,,,,,,
200,7707149,0096770714940,76770714901,,IN,258,2024-11-20,,,,,,,,,,,,,,,,,,,,,
200,7707149,0096770714940,76770714902,,IN,0,2024-11-22,,,,,,,,,,,,,,,,,,,,,
200,7707112,0096770711220,76770711201,,EA,0,2024-12-06,,,,,,,,,,,,,,,,,,,,,
200,7707056,0096770705610,76770705601,,EA,0,2024-12-12,,,,,,,,,,,,,,,,,,,,,
200,7707049,0096770704930,76770704901,,EA,0,2024-11-18,,,,,,,,,,,,,,,,,,,,,
200,7707040,0096770704090,76770704001,,EA,0,2024-11-15,,,,,,,,,,,,,,,,,,,,,
200,7707006,0096770700610,76770700601,,EA,0,2024-11-01,,,,,,,,,,,,,,,,,,,,,
200,7706991,00967706991110,76770699101,,IN,208,2025-07-18,,,,,,,,,,,,,,,,,,,,,
200,7706991,00967706991110,76770699102,,IN,0,2025-07-17,,,,,,,,,,,,,,,,,,,,,
200,7706979,0096770697930,76770697901,,EA,0,2025-07-16,,,,,,,,,,,,,,,,,,,,,
200,7706974,0096770697440,76770697401,,EA,0,2024-11-01,,,,,,,,,,,,,,,,,,,,,
200,7706971,0096770697110,76770697101,,EA,0,2024-11-01,,,,,,,,,,,,,,,,,,,,,
200,7706971,0096770697120,76770697102,,EA,0,2024-11-01,,,,,,,,,,,,,,,,,,,,,
200,7706971,0096770697130,76770697103,,EA,0,2024-11-01,,,,,,,,,,,,,,,,,,,,,
200,7706971,0096770697140,76770697104,,EA,0,2024-11-01,,,,,,,,,,,,,,,,,,,,,
200,7706971,0096770697150,76770697105,,EA,0,2024-11-01,,,,,,,,,,,,,,,,,,,,,
200,7706971,0096770697160,76770697106,,EA,0,2024-11-01,,,,,,,,,,,,,,,,,,,,,
200,7706971,0096770697170,76770697107,,EA,0,2024-11-01,,,,,,,,,,,,,,,,,,,,,
200,7706971,0096770697180,76770697108,,EA,0,2024-11-01,,,,,,,,,,,,,,,,,,,,,
200,7706971,0096770697190,76770697109,,EA,0,2024-11-01,,,,,,,,,,,,,,,,,,,,,
200,7706971,00967706971100,767706971010,,EA,0,2024-11-01,,,,,,,,,,,,,,,,,,,,,
200,7706971,00967706971110,767706971011,,EA,0,2024-11-01,,,,,,,,,,,,,,,,,,,,,
200,7706971,00967706971120,767706971012,,EA,0,2024-11-01,,,,,,,,,,,,,,,,,,,,,
200,7706971,00967706971130,767706971013,,EA,0,2024-11-01,,,,,,,,,,,,,,,,,,,,,
200,7706964,0096770696410,76770696401,,EA,2,2024-10-30,,,,,,,,,,,,,,,,,,,,,
200,7706964,0096770696410,76770696402,,EA,-2,2024-10-30,,,,,,,,,,,,,,,,,,,,,
200,7706964,0096770696410,76770696403,,EA,0,2024-10-30,,,,,,,,,,,,,,,,,,,,,
200,7706943,0096770694370,76770694301,,EA,0,2024-11-21,,,,,,,,,,,,,,,,,,,,,
200,7706941,0096770694110,76770694101,,EA,0,2024-12-04,,,,,,,,,,,,,,,,,,,,,
200,7706908,0096770690870,76770690801,,EA,0,2024-11-21,,,,,,,,,,,,,,,,,,,,,
200,7706891,0096770689110,76770689101,,EA,94,2024-10-22,,,,,,,,,,,,,,,,,,,,,
200,7706891,0096770689110,76770689102,,EA,0,2024-10-25,,,,,,,,,,,,,,,,,,,,,
200,7706877,0096770687710,76770687701,,EA,0,2024-10-22,,,,,,,,,,,,,,,,,,,,,
200,7706864,0096770686410,76770686401,,EA,0,2024-11-22,,,,,,,,,,,,,,,,,,,,,
200,7706824,0096770682410,76770682401,,EA,0,2024-10-24,,,,,,,,,,,,,,,,,,,,,
200,7706806,0096770680630,76770680601,,EA,0,2024-11-07,,,,,,,,,,,,,,,,,,,,,
200,7706756,0096770675610,76770675601,,EA,96,2024-12-23,,,,,,,,,,,,,,,,,,,,,
200,7706756,0096770675610,76770675602,,EA,0,2024-12-26,,,,,,,,,,,,,,,,,,,,,
200,7706752,0096770675210,76770675201,,EA,0,2024-10-11,,,,,,,,,,,,,,,,,,,,,
200,7706745,0096770674520,76770674501,,EA,0,2024-10-23,,,,,,,,,,,,,,,,,,,,,
200,7706730,0096770673020,76770673001,,EA,0,2024-11-14,,,,,,,,,,,,,,,,,,,,,
200,7706713,0096770671310,76770671301,,IN,7200,2024-10-04,,,,,,,,,,,,,,,,,,,,,
200,7706713,0096770671310,76770671303,,IN,-5616,2024-10-07,,,,,,,,,,,,,,,,,,,,,
200,7706713,0096770671310,76770671304,,IN,0,2024-10-04,,,,,,,,,,,,,,,,,,,,,
200,7706713,0096770671320,76770671302,,IN,0,2024-10-10,,,,,,,,,,,,,,,,,,,,,
200,7706694,0096770669420,76770669401,,EA,0,2025-01-14,,,,,,,,,,,,,,,,,,,,,
200,7706694,0096770669430,76770669402,,EA,0,2025-01-14,,,,,,,,,,,,,,,,,,,,,
200,7706691,0096770669140,76770669101,,EA,0,2024-10-05,,,,,,,,,,,,,,,,,,,,,
200,7706672,00967706672140,76770667201,,EA,0,2024-12-03,,,,,,,,,,,,,,,,,,,,,
200,7706638,0096770663810,76770663801,,EA,0,2024-10-17,,,,,,,,,,,,,,,,,,,,,
200,7706615,0096770661510,76770661501,,EA,86,2024-09-27,,,,,,,,,,,,,,,,,,,,,
200,7706615,0096770661510,76770661502,,EA,0,2024-10-11,,,,,,,,,,,,,,,,,,,,,
200,7706609,0096770660920,76770660901,,EA,0,2024-10-10,,,,,,,,,,,,,,,,,,,,,
200,7706571,0096770657110,76770657101,,EA,0,2024-09-23,,,,,,,,,,,,,,,,,,,,,
200,7706559,0096770655920,76770655901,,EA,0,2024-10-16,,,,,,,,,,,,,,,,,,,,,
200,7706539,0096770653910,76770653901,,EA,0,2024-10-04,,,,,,,,,,,,,,,,,,,,,
200,7706532,0096770653210,76770653201,,EA,0,2024-09-17,,,,,,,,,,,,,,,,,,,,,
200,7706532,0096770653220,76770653202,,EA,0,2024-09-17,,,,,,,,,,,,,,,,,,,,,
200,7706280,0096770628010,76770628001,,EA,0,2025-07-17,,,,,,,,,,,,,,,,,,,,,
200,7705809,0096770580940,76770580901,,EA,0,2025-09-18,,,,,,,,,,,,,,,,,,,,,
200,7705809,0096770580960,76770580902,,EA,0,2025-10-02,,,,,,,,,,,,,,,,,,,,,
200,7704511,0096770451110,76770451101,,EA,0,2025-07-30,,,,,,,,,,,,,,,,,,,,,
200,7704469,0096770446910,76770446901,,EA,0,2025-11-21,,,,,,,,,,,,,,,,,,,,,
200,7704448,0096770444820,76770444801,,EA,0,2025-07-11,,,,,,,,,,,,,,,,,,,,,
200,7703482,0096770348210,76770348201,,EA,1,2026-04-17,,,,,,,,,,,,,,,,,,,,,
200,7703482,0096770348210,76770348202,,EA,24,2026-05-08,,,,,,,,,,,,,,,,,,,,,
200,7703482,0096770348210,76770348203,,EA,-1,2026-05-08,,,,,,,,,,,,,,,,,,,,,
200,7703482,0096770348210,76770348204,,EA,1,2026-05-08,,,,,,,,,,,,,,,,,,,,,
200,7703482,0096770348210,76770348205,,EA,0,2026-05-20,,,,,,,,,,,,,,,,,,,,,
200,7702995,0096770299510,76770299501,,EA,0,2025-08-25,,,,,,,,,,,,,,,,,,,,,
200,7702995,0096770299530,76770299502,,EA,0,2025-08-25,,,,,,,,,,,,,,,,,,,,,
200,7702995,0096770299550,76770299503,,EA,0,2025-08-25,,,,,,,,,,,,,,,,,,,,,
200,7702995,0096770299560,76770299504,,EA,0,2025-08-25,,,,,,,,,,,,,,,,,,,,,
200,7702995,0096770299570,76770299505,,EA,0,2025-08-25,,,,,,,,,,,,,,,,,,,,,
200,7702995,0096770299580,76770299506,,EA,0,2025-08-25,,,,,,,,,,,,,,,,,,,,,
200,7702543,0096770254370,76770254301,,EA,0,2025-12-02,,,,,,,,,,,,,,,,,,,,,
200,7702543,00967702543270,76770254302,,EA,0,2025-12-02,,,,,,,,,,,,,,,,,,,,,
200,7702543,00967702543300,76770254303,,EA,0,2025-12-02,,,,,,,,,,,,,,,,,,,,,
200,7702543,00967702543340,76770254304,,EA,0,2025-12-02,,,,,,,,,,,,,,,,,,,,,
200,7702503,0096770250310,76770250301,,EA,0,2025-11-10,,,,,,,,,,,,,,,,,,,,,
200,7702237,0096770223740,76770223701,,EA,0,2025-09-19,,,,,,,,,,,,,,,,,,,,,
200,7702071,0096770207120,76770207101,,EA,0,2025-08-22,,,,,,,,,,,,,,,,,,,,,
200,7701914,0096770191420,76770191401,,EA,0,2025-07-02,,,,,,,,,,,,,,,,,,,,,
200,7701798,00967701798100,76770179801,,EA,0,2025-07-31,,,,,,,,,,,,,,,,,,,,,
200,7701511,0096770151110,76770151101,,EA,0,2025-07-17,,,,,,,,,,,,,,,,,,,,,
200,7701448,0096770144810,76770144801,,EA,0,2025-07-03,,,,,,,,,,,,,,,,,,,,,
200,7700870,0096770087010,76770087005,,EA,0,2026-04-21,,,,,,,,,,,,,,,,,,,,,
200,7700870,0096770087010,76770087001,,EA,144,2026-04-23,,,,,,,,,,,,,,,,,,,,,
200,7700870,0096770087070,76770087002,,IN,294,2026-04-23,,,,,,,,,,,,,,,,,,,,,
200,7700870,0096770087070,76770087007,,IN,0,2026-04-21,,,,,,,,,,,,,,,,,,,,,
200,7700870,0096770087080,76770087006,,IN,0,2026-04-21,,,,,,,,,,,,,,,,,,,,,
200,7700870,0096770087080,76770087009,,IN,-2,2026-04-23,,,,,,,,,,,,,,,,,,,,,
200,7700870,0096770087080,76770087003,,IN,294,2026-04-23,,,,,,,,,,,,,,,,,,,,,
200,7700870,0096770087090,76770087004,,IN,262,2026-04-23,,,,,,,,,,,,,,,,,,,,,
200,7700870,0096770087090,76770087008,,IN,0,2026-04-21,,,,,,,,,,,,,,,,,,,,,
200,7700848,0096770084820,76770084801,,EA,0,2025-10-02,,,,,,,,,,,,,,,,,,,,,
200,7700554,0096770055430,76770055401,,EA,0,2025-08-21,,,,,,,,,,,,,,,,,,,,,
200,7699905,0096769990570,76769990501,,IN,0,2025-08-20,,,,,,,,,,,,,,,,,,,,,
200,7699553,0096769955310,76769955301,,EA,199,2025-07-31,,,,,,,,,,,,,,,,,,,,,
200,7699553,0096769955310,76769955302,,EA,0,2025-08-08,,,,,,,,,,,,,,,,,,,,,
200,7699300,0096769930010,76769930001,,EA,0,2025-06-30,,,,,,,,,,,,,,,,,,,,,
200,7699264,00967699264130,76769926401,,EA,0,2025-09-22,,,,,,,,,,,,,,,,,,,,,
200,7699197,00967699197140,76769919701,,EA,0,2025-07-10,,,,,,,,,,,,,,,,,,,,,
200,7699197,00967699197150,76769919702,,EA,0,2025-07-10,,,,,,,,,,,,,,,,,,,,,
200,7698968,0096769896830,76769896801,,EA,0,2025-09-22,,,,,,,,,,,,,,,,,,,,,
200,7698866,0096769886640,76769886601,,EA,0,2025-08-14,,,,,,,,,,,,,,,,,,,,,
200,7698390,0096769839020,76769839001,,EA,0,2025-06-13,,,,,,,,,,,,,,,,,,,,,
200,7698390,0096769839030,76769839002,,EA,0,2025-06-13,,,,,,,,,,,,,,,,,,,,,
200,7698002,0096769800260,76769800201,,EA,0,2025-07-03,,,,,,,,,,,,,,,,,,,,,
200,7697727,0096769772730,76769772701,,EA,0,2025-06-13,,,,,,,,,,,,,,,,,,,,,
200,7696095,0096769609510,76769609501,,EA,0,2025-12-31,,,,,,,,,,,,,,,,,,,,,
200,7696095,0096769609520,76769609502,,EA,0,2025-12-31,,,,,,,,,,,,,,,,,,,,,
200,7694165,00967694165170,76769416501,,EA,-7,2025-06-06,,,,,,,,,,,,,,,,,,,,,
200,7694165,00967694165170,76769416502,,EA,0,2025-06-27,,,,,,,,,,,,,,,,,,,,,
200,7694165,00967694165170,76769416503,,EA,50,2025-06-05,,,,,,,,,,,,,,,,,,,,,
200,7694139,0096769413920,76769413901,,IN,0,2025-06-17,,,,,,,,,,,,,,,,,,,,,
200,7690613,0096769061330,76769061301,,EA,0,2025-07-17,,,,,,,,,,,,,,,,,,,,,
200,61130338,00886113033810,91061130338102,,EA,3,2025-06-03,,,,,,,,,,,,,,,,,,,,,
200,61124331,00886112433190,91061124331902,01,EA,12,2023-10-27,,,,,,,,,,,,,,,,,,,,,
200,61124331,008861124331170,910611243311702,02,EA,25,2023-10-27,,,,,,,,,,,,,,,,,,,,,
200,61124331,008861124331170,910611243311703,05,EA,25,2023-10-27,,,,,,,,,,,,,,,,,,,,,
200,2100003074,0088210000307410,9102100003074101,54305329,EA,36,2026-06-20,,,,,,,,,,,,,,,,,,,,,
200,2100003074,0088210000307420,9102100003074201,54305329,EA,4,2026-06-22,,,,,,,,,,,,,,,,,,,,,
200,2100003073,0088210000307310,9102100003073101,90670042,EA,2,2026-06-20,,,,,,,,,,,,,,,,,,,,,
200,2100003073,0088210000307320,9102100003073201,90670042,EA,5,2026-06-20,,,,,,,,,,,,,,,,,,,,,
200,2100003073,0088210000307330,9102100003073301,90670042,EA,5,2026-06-20,,,,,,,,,,,,,,,,,,,,,
200,2100003073,0088210000307340,9102100003073401,90670042,EA,1,2026-06-20,,,,,,,,,,,,,,,,,,,,,
200,2100003073,0088210000307350,9102100003073501,90670042,EA,5,2026-06-20,,,,,,,,,,,,,,,,,,,,,
200,2100003073,0088210000307360,9102100003073601,90670042,EA,5,2026-06-20,,,,,,,,,,,,,,,,,,,,,
200,2100003073,0088210000307370,9102100003073701,90670042,EA,1,2026-06-20,,,,,,,,,,,,,,,,,,,,,
200,2100003073,0088210000307380,9102100003073801,90670042,EA,2,2026-06-20,,,,,,,,,,,,,,,,,,,,,
200,2100003073,0088210000307390,9102100003073901,90670042,EA,1,2026-06-20,,,,,,,,,,,,,,,,,,,,,
200,2100003073,00882100003073100,91021000030731001,90670042,EA,2,2026-06-20,,,,,,,,,,,,,,,,,,,,,
200,2100003073,00882100003073110,91021000030731101,92670042,EA,1,2026-06-20,,,,,,,,,,,,,,,,,,,,,
200,2100003073,00882100003073120,91021000030731201,90670042,EA,1,2026-06-20,,,,,,,,,,,,,,,,,,,,,
200,2100003073,00882100003073130,91021000030731301,90670042,EA,1,2026-06-20,,,,,,,,,,,,,,,,,,,,,
200,2100003073,00882100003073140,91021000030731401,90670042,EA,1,2026-06-20,,,,,,,,,,,,,,,,,,,,,
200,2100003073,00882100003073150,91021000030731501,90670042,EA,2,2026-06-20,,,,,,,,,,,,,,,,,,,,,
200,2100003073,00882100003073160,91021000030731601,90670042,EA,1,2026-06-20,,,,,,,,,,,,,,,,,,,,,
200,2100003073,00882100003073170,91021000030731701,0670042,EA,2,2026-06-20,,,,,,,,,,,,,,,,,,,,,
200,2100003073,00882100003073180,91021000030731801,90670042,EA,2,2026-06-20,,,,,,,,,,,,,,,,,,,,,
200,2100003073,00882100003073190,91021000030731901,90670042,EA,5,2026-06-20,,,,,,,,,,,,,,,,,,,,,
200,2100003073,00882100003073200,91021000030732001,90670042,EA,5,2026-06-20,,,,,,,,,,,,,,,,,,,,,
200,2100003072,0088210000307210,9102100003072101,2100003072,EA,1,2026-06-19,,,,,,,,,,,,,,,,,,,,,
200,2100003072,0088210000307220,9102100003072201,2100003072,EA,2,2026-06-20,,,,,,,,,,,,,,,,,,,,,
200,2100003072,0088210000307230,9102100003072301,2100003072,EA,1,2026-06-20,,,,,,,,,,,,,,,,,,,,,
200,2100003072,0088210000307240,9102100003072401,2100003072,EA,1,2026-06-20,,,,,,,,,,,,,,,,,,,,,
200,2100003072,0088210000307250,9102100003072501,2100003072,EA,3,2026-06-20,,,,,,,,,,,,,,,,,,,,,
200,2100003072,0088210000307260,9102100003072601,2100003072,EA,1,2026-06-20,,,,,,,,,,,,,,,,,,,,,
200,2100003072,0088210000307270,9102100003072701,2100003072,EA,3,2026-06-20,,,,,,,,,,,,,,,,,,,,,
200,2100003072,0088210000307280,9102100003072801,2100003072,EA,4,2026-06-20,,,,,,,,,,,,,,,,,,,,,
200,2100003072,0088210000307290,9102100003072901,2100003072,EA,1,2026-06-20,,,,,,,,,,,,,,,,,,,,,
200,2100003072,00882100003072100,91021000030721001,2100003072,EA,9,2026-06-20,,,,,,,,,,,,,,,,,,,,,
200,2100003072,00882100003072110,91021000030721101,2100003072,EA,7,2026-06-20,,,,,,,,,,,,,,,,,,,,,
200,2100003072,00882100003072120,91021000030721201,2100003072,EA,24,2026-06-20,,,,,,,,,,,,,,,,,,,,,
200,2100003072,00882100003072130,91021000030721301,2100003072,EA,10,2026-06-20,,,,,,,,,,,,,,,,,,,,,
200,2100003072,00882100003072140,91021000030721401,2100003072,EA,20,2026-06-20,,,,,,,,,,,,,,,,,,,,,
200,2100003072,00882100003072150,91021000030721501,2100003072,EA,20,2026-06-20,,,,,,,,,,,,,,,,,,,,,
200,2100003072,00882100003072160,91021000030721601,2100003072,EA,20,2026-06-20,,,,,,,,,,,,,,,,,,,,,
200,2100003072,00882100003072170,91021000030721701,2100003072,EA,75,2026-06-20,,,,,,,,,,,,,,,,,,,,,
200,2100003072,00882100003072180,91021000030721801,2100003072,EA,75,2026-06-20,,,,,,,,,,,,,,,,,,,,,
200,2100003072,00882100003072190,91021000030721901,2100003072,EA,1,2026-06-20,,,,,,,,,,,,,,,,,,,,,
200,2100003072,00882100003072200,91021000030722001,2100003072,EA,16,2026-06-20,,,,,,,,,,,,,,,,,,,,,
200,2100003065,0088210000306510,9102100003065103,59417,EA,9,2026-06-19,,,,,,,,,,,,,,,,,,,,,
200,2100003065,0088210000306510,9102100003065103,59417,EA,9,2026-06-19,,,,,,,,,,,,,,,,,,,,,
200,2100003044,0088210000304410,9102100003044101,01175119122,EA,2,2026-06-18,,,,,,,,,,,,,,,,,,,,,
200,2100003044,0088210000304420,9102100003044201,01175119122,EA,1,2026-06-18,,,,,,,,,,,,,,,,,,,,,
200,2100003044,0088210000304430,9102100003044301,01175119122,EA,1,2026-06-18,,,,,,,,,,,,,,,,,,,,,
200,2100002981,0088210000298120,9102100002981201,206396,EA,104,2026-07-22,,,,,,,,,,,,,,,,,,,,,
200,2100002928,0088210000292820,9102100002928201,PK35069,EA,124,2026-06-16,,,,,,,,,,,,,,,,,,,,,
200,2100002896,0088210000289610,9102100002896102,032333,EA,250,2026-09-22,,,,,,,,,,,,,,,,,,,,,
200,2100002891,0088210000289110,9102100002891101,2100002891,EA,2,2026-05-27,,,,,,,,,,,,,,,,,,,,,
200,2100002891,0088210000289120,9102100002891201,2100002891,EA,1,2026-05-27,,,,,,,,,,,,,,,,,,,,,
200,2100002891,0088210000289130,9102100002891301,2100002891,EA,1,2026-05-28,,,,,,,,,,,,,,,,,,,,,
200,2100002884,0088210000288410,9102100002884102,59353-1-1,EA,126,2026-07-07,,,,,,,,,,,,,,,,,,,,,
200,2100002884,0088210000288410,9102100002884102,59353-1-1,EA,126,2026-07-07,,,,,,,,,,,,,,,,,,,,,
200,2100002876,0088210000287610,9102100002876101,2026-052/054,EA,1,2026-05-28,,,,,,,,,,,,,,,,,,,,,
200,2100002873,0088210000287310,9102100002873102,1375078,EA,370,2026-05-26,,,,,,,,,,,,,,,,,,,,,
200,2100002863,00882100002863100,91021000028631001,032077,EA,250,2026-07-22,,,,,,,,,,,,,,,,,,,,,
200,2100002860,0088210000286010,9102100002860103,260522100,EA,6000,2026-05-27,,,,,,,,,,,,,,,,,,,,,
200,2100002838,0088210000283810,9102100002838102,59329,EA,321,2026-07-24,,,,,,,,,,,,,,,,,,,,,
200,2100002838,0088210000283810,9102100002838102,59329,EA,321,2026-07-24,,,,,,,,,,,,,,,,,,,,,
200,2100002837,0088210000283710,9102100002837102,206180,EA,22,2026-06-11,,,,,,,,,,,,,,,,,,,,,
200,2100002830,0088210000283010,9102100002830101,7351812-01,EA,15,2026-05-21,,,,,,,,,,,,,,,,,,,,,
200,2100002821,0088210000282120,9102100002821202,206063,EA,22,2026-06-11,,,,,,,,,,,,,,,,,,,,,
200,2100002819,0088210000281970,9102100002819702,20241114,EA,110,2026-09-02,,,,,,,,,,,,,,,,,,,,,
200,2100002811,0088210000281120,9102100002811201,PWNV370,EA,2,2026-05-19,,,,,,,,,,,,,,,,,,,,,
200,2100002811,0088210000281130,9102100002811301,PWNV370,EA,2,2026-05-19,,,,,,,,,,,,,,,,,,,,,
200,2100002811,0088210000281140,9102100002811401,PWNV370,EA,1,2026-05-19,,,,,,,,,,,,,,,,,,,,,
200,2100002804,0088210000280410,9102100002804103,32272,EA,200,2026-06-22,,,,,,,,,,,,,,,,,,,,,
200,2100002787,00882100002787110,91021000027871103,32261,EA,20,2026-06-26,,,,,,,,,,,,,,,,,,,,,
200,2100002787,00882100002787110,91021000027871101,32263,EA,192,2026-06-26,,,,,,,,,,,,,,,,,,,,,
200,2100002787,00882100002787110,91021000027871101,32263,EA,192,2026-06-26,,,,,,,,,,,,,,,,,,,,,
200,2100002787,00882100002787110,91021000027871101,32263,EA,192,2026-06-26,,,,,,,,,,,,,,,,,,,,,
200,2100002780,0088210000278020,9102100002780205,32265,EA,1543,2026-06-18,,,,,,,,,,,,,,,,,,,,,
200,2100002764,0088210000276410,9102100002764102,0094236,EA,52000,2026-07-23,,,,,,,,,,,,,,,,,,,,,
200,2100002762,00882100002762100,91021000027621003,59306-1-1,EA,111,2026-06-05,,,,,,,,,,,,,,,,,,,,,
200,2100002762,00882100002762100,91021000027621003,59306-1-1,EA,111,2026-06-05,,,,,,,,,,,,,,,,,,,,,
200,2100002758,0088210000275810,9102100002758101,PI4809,EA,1,2026-05-19,,,,,,,,,,,,,,,,,,,,,
200,2100002747,0088210000274720,9102100002747201,050726MB,EA,1,2026-05-08,,,,,,,,,,,,,,,,,,,,,
200,2100002747,0088210000274730,9102100002747301,050726MB,EA,2,2026-05-08,,,,,,,,,,,,,,,,,,,,,
200,2100002737,0088210000273710,9102100002737101,1234,EA,20,2026-07-27,,,,,,,,,,,,,,,,,,,,,
200,2100002737,0088210000273720,9102100002737201,12345,EA,9,2026-07-30,,,,,,,,,,,,,,,,,,,,,
200,2100002737,0088210000273730,9102100002737301,12345,EA,295,2026-08-04,,,,,,,,,,,,,,,,,,,,,
200,2100002737,0088210000273740,9102100002737401,12345,EA,100,2026-08-11,,,,,,,,,,,,,,,,,,,,,
200,2100002737,0088210000273750,9102100002737501,12345,EA,100,2026-08-19,,,,,,,,,,,,,,,,,,,,,
200,2100002731,0088210000273120,9102100002731202,32224,EA,88,2026-06-09,,,,,,,,,,,,,,,,,,,,,
200,2100002711,0088210000271110,9102100002711101,,EA,643,2026-05-01,,,,,,,,,,,,,,,,,,,,,
200,2100002708,0088210000270810,9102100002708103,KD031745,EA,110,2026-05-22,,,,,,,,,,,,,,,,,,,,,
200,2100002705,0088210000270520,9102100002705202,,EA,527,2026-06-05,,,,,,,,,,,,,,,,,,,,,
200,2100002705,0088210000270520,9102100002705202,,EA,527,2026-06-05,,,,,,,,,,,,,,,,,,,,,
200,2100002705,0088210000270520,9102100002705203,,EA,210,2026-06-05,,,,,,,,,,,,,,,,,,,,,
200,2100002705,0088210000270520,9102100002705203,,EA,210,2026-06-05,,,,,,,,,,,,,,,,,,,,,
200,2100002705,0088210000270530,9102100002705302,,EA,513,2026-06-12,,,,,,,,,,,,,,,,,,,,,
200,2100002705,0088210000270530,9102100002705302,,EA,513,2026-06-12,,,,,,,,,,,,,,,,,,,,,
200,2100002705,0088210000270540,9102100002705402,,EA,500,2026-06-12,,,,,,,,,,,,,,,,,,,,,
200,2100002705,0088210000270540,9102100002705402,,EA,500,2026-06-12,,,,,,,,,,,,,,,,,,,,,
200,2100002690,0088210000269010,9102100002690101,59282,EA,4864,2026-07-13,,,,,,,,,,,,,,,,,,,,,
200,2100002690,0088210000269010,9102100002690101,59282,EA,4864,2026-07-13,,,,,,,,,,,,,,,,,,,,,
200,2100002690,0088210000269020,9102100002690201,59282,EA,6,2026-07-13,,,,,,,,,,,,,,,,,,,,,
200,2100002690,0088210000269020,9102100002690201,59282,EA,6,2026-07-13,,,,,,,,,,,,,,,,,,,,,
200,2100002688,0088210000268820,9102100002688202,205824,EA,275,2026-06-11,,,,,,,,,,,,,,,,,,,,,
200,2100002686,00882100002686210,91021000026862101,20241114,EA,384,2026-09-02,,,,,,,,,,,,,,,,,,,,,
200,2100002685,00882100002685610,91021000026856101,032077,EA,550,2026-09-03,,,,,,,,,,,,,,,,,,,,,
200,2100002668,0088210000266810,9102100002668101,0354676,EA,1,2026-04-29,,,,,,,,,,,,,,,,,,,,,
200,2100002668,0088210000266820,9102100002668201,0354676,EA,2,2026-04-29,,,,,,,,,,,,,,,,,,,,,
200,2100002668,0088210000266830,9102100002668301,0354676,EA,3,2026-04-29,,,,,,,,,,,,,,,,,,,,,
200,2100002668,0088210000266840,9102100002668401,0354676,EA,1,2026-04-29,,,,,,,,,,,,,,,,,,,,,
200,2100002668,0088210000266850,9102100002668501,0354676,EA,2,2026-04-29,,,,,,,,,,,,,,,,,,,,,
200,2100002668,0088210000266860,9102100002668601,0354676,EA,2,2026-04-29,,,,,,,,,,,,,,,,,,,,,
200,2100002668,0088210000266870,9102100002668701,0354676,EA,2,2026-04-29,,,,,,,,,,,,,,,,,,,,,
200,2100002668,0088210000266880,9102100002668801,0354676,EA,12,2026-04-29,,,,,,,,,,,,,,,,,,,,,
200,2100002668,0088210000266890,9102100002668901,0354676,EA,24,2026-04-29,,,,,,,,,,,,,,,,,,,,,
200,2100002668,00882100002668100,91021000026681001,0354676,EA,8,2026-04-29,,,,,,,,,,,,,,,,,,,,,
200,2100002668,00882100002668110,91021000026681101,0354676,EA,5,2026-04-29,,,,,,,,,,,,,,,,,,,,,
200,2100002668,00882100002668120,91021000026681201,0354676,EA,10,2026-04-29,,,,,,,,,,,,,,,,,,,,,
200,2100002668,00882100002668130,91021000026681301,0354676,EA,10,2026-04-29,,,,,,,,,,,,,,,,,,,,,
200,2100002668,00882100002668140,91021000026681401,0354676,EA,75,2026-04-29,,,,,,,,,,,,,,,,,,,,,
200,2100002668,00882100002668150,91021000026681501,0354676,EA,75,2026-04-29,,,,,,,,,,,,,,,,,,,,,
200,2100002668,00882100002668160,91021000026681601,0354676,EA,1,2026-04-29,,,,,,,,,,,,,,,,,,,,,
200,2100002663,0088210000266310,9102100002663102,0190172,EA,2000,2026-06-12,,,,,,,,,,,,,,,,,,,,,
200,2100002627,0088210000262710,9102100002627103,062326MB,EA,5700,2026-07-07,,,,,,,,,,,,,,,,,,,,,
200,2100002625,0088210000262521,9102100002625211,062326MB,EA,1500,2026-06-19,,,,,,,,,,,,,,,,,,,,,
200,2100002608,0088210000260810,9102100002608103,59256-1-1,EA,1005,2026-05-06,,,,,,,,,,,,,,,,,,,,,
200,2100002608,0088210000260810,9102100002608103,59256-1-1,EA,1005,2026-05-06,,,,,,,,,,,,,,,,,,,,,
200,2100002608,0088210000260820,9102100002608202,59256-2-1,EA,1056,2026-05-06,,,,,,,,,,,,,,,,,,,,,
200,2100002608,0088210000260820,9102100002608202,59256-2-1,EA,1056,2026-05-06,,,,,,,,,,,,,,,,,,,,,
200,2100002608,0088210000260830,9102100002608302,59256-3-1,EA,937,2026-06-05,,,,,,,,,,,,,,,,,,,,,
200,2100002608,0088210000260830,9102100002608302,59256-3-1,EA,937,2026-06-05,,,,,,,,,,,,,,,,,,,,,
200,2100002592,0088210000259210,9102100002592105,26PC0013,EA,148,2026-06-22,,,,,,,,,,,,,,,,,,,,,
200,2100002585,0088210000258510,9102100002585101,NR260507US,EA,650,2026-07-11,,,,,,,,,,,,,,,,,,,,,
200,2100002580,0088210000258020,9102100002580203,32130,EA,72,2026-04-28,,,,,,,,,,,,,,,,,,,,,
200,2100002580,0088210000258020,9102100002580204,32119,EA,12,2026-04-28,,,,,,,,,,,,,,,,,,,,,
200,2100002576,0088210000257610,9102100002576102,MJWDS20260424001,EA,400,2026-07-10,,,,,,,,,,,,,,,,,,,,,
200,2100002576,0088210000257610,9102100002576103,ALEX,EA,75,2026-07-10,,,,,,,,,,,,,,,,,,,,,
200,2100002575,0088210000257510,9102100002575105,32224,EA,320,2026-04-29,,,,,,,,,,,,,,,,,,,,,
200,2100002575,0088210000257510,9102100002575104,033626,EA,120,2026-04-29,,,,,,,,,,,,,,,,,,,,,
200,2100002575,0088210000257510,9102100002575104,033626,EA,120,2026-04-29,,,,,,,,,,,,,,,,,,,,,
200,2100002575,0088210000257510,9102100002575104,033626,EA,120,2026-04-29,,,,,,,,,,,,,,,,,,,,,
200,2100002574,0088210000257410,9102100002574101,0183583,EA,1,2026-04-29,,,,,,,,,,,,,,,,,,,,,
200,2100002574,0088210000257420,9102100002574201,0183583,EA,1,2026-04-29,,,,,,,,,,,,,,,,,,,,,
200,2100002559,0088210000255910,9102100002559103,26C0429,EA,100,2026-05-06,,,,,,,,,,,,,,,,,,,,,
200,2100002554,0088210000255410,9102100002554103,062326MB,EA,10005,2026-07-01,,,,,,,,,,,,,,,,,,,,,
200,2100002538,0088210000253810,9102100002538102,26-358,EA,282,2026-07-22,,,,,,,,,,,,,,,,,,,,,
200,2100002526,0088210000252610,9102100002526101,52606,EA,1,2026-04-23,,,,,,,,,,,,,,,,,,,,,
200,2100002483,0088210000248360,9102100002483603,032333,EA,250,2026-06-15,,,,,,,,,,,,,,,,,,,,,
200,2100002483,00882100002483100,91021000024831001,32076,EA,250,2026-07-31,,,,,,,,,,,,,,,,,,,,,
200,2100002478,0088210000247810,9102100002478101,NR20260424US,EA,1100,2026-06-29,,,,,,,,,,,,,,,,,,,,,
200,2100002474,0088210000247430,9102100002474301,084306,EA,200,2026-07-02,,,,,,,,,,,,,,,,,,,,,
200,2100002473,00882100002473100,91021000024731001,NR260507US,EA,10000,2026-06-27,,,,,,,,,,,,,,,,,,,,,
200,2100002470,0088210000247040,9102100002470401,065492,EA,4,2026-07-02,,,,,,,,,,,,,,,,,,,,,
200,2100002470,0088210000247060,9102100002470601,065494,EA,250,2026-07-02,,,,,,,,,,,,,,,,,,,,,
200,2100002470,0088210000247080,9102100002470801,065496,EA,100,2026-07-02,,,,,,,,,,,,,,,,,,,,,
200,2100002468,0088210000246810,9102100002468103,062326MB,EA,1162,2026-07-07,,,,,,,,,,,,,,,,,,,,,
200,2100002432,0088210000243210,9102100002432106,26PC0013,EA,30000,2026-06-22,,,,,,,,,,,,,,,,,,,,,
200,2100002428,0088210000242840,9102100002428403,KD031745,EA,10,2026-05-29,,,,,,,,,,,,,,,,,,,,,
200,2100002415,0088210000241580,9102100002415802,59222,EA,1000,2026-06-16,,,,,,,,,,,,,,,,,,,,,
200,2100002415,0088210000241580,9102100002415802,59222,EA,1000,2026-06-16,,,,,,,,,,,,,,,,,,,,,
200,2100002408,00882100002408410,91021000024084102,KD031648,EA,1000,2026-08-31,,,,,,,,,,,,,,,,,,,,,
200,2100002406,0088210000240610,9102100002406101,2100002406,EA,5,2026-06-19,,,,,,,,,,,,,,,,,,,,,
200,2100002406,0088210000240620,9102100002406201,2026529,EA,10,2026-07-24,,,,,,,,,,,,,,,,,,,,,
200,2100002402,0088210000240210,9102100002402101,2564,EA,1,2026-04-03,,,,,,,,,,,,,,,,,,,,,
200,2100002381,0088210000238120,9102100002381203,MJWDS20260414001,EA,540,2026-06-05,,,,,,,,,,,,,,,,,,,,,
200,2100002381,0088210000238120,9102100002381205,MJWDS20260414001,EA,540,2026-06-05,,,,,,,,,,,,,,,,,,,,,
200,2100002381,0088210000238120,9102100002381205,MJWDS20260414001,EA,540,2026-06-05,,,,,,,,,,,,,,,,,,,,,
200,2100002381,0088210000238120,9102100002381205,MJWDS20260414001,EA,540,2026-06-05,,,,,,,,,,,,,,,,,,,,,
200,2100002381,0088210000238140,9102100002381402,MJWDS20260414001,EA,540,2026-06-19,,,,,,,,,,,,,,,,,,,,,
200,2100002381,0088210000238140,9102100002381403,MJWDS20260414001,EA,342,2026-06-19,,,,,,,,,,,,,,,,,,,,,
200,2100002381,0088210000238150,9102100002381505,MJWDS20260414001,EA,146,2026-06-08,,,,,,,,,,,,,,,,,,,,,
200,2100002381,0088210000238160,9102100002381608,MJWDS20260414001,EA,86,2026-06-08,,,,,,,,,,,,,,,,,,,,,
200,2100002381,0088210000238131,9102100002381312,MJWDS20260414001,EA,205,2026-07-17,,,,,,,,,,,,,,,,,,,,,
200,2100002381,0088210000238161,9102100002381614,MJWDS20260414001,EA,4,2026-06-05,,,,,,,,,,,,,,,,,,,,,
200,2100002380,0088210000238020,9102100002380203,0189203,EA,3000,2026-05-20,,,,,,,,,,,,,,,,,,,,,
200,2100002380,0088210000238030,9102100002380307,0188822,EA,3000,2026-05-28,,,,,,,,,,,,,,,,,,,,,
200,2100002380,0088210000238012,9102100002380124,0189203,EA,9000,2026-05-28,,,,,,,,,,,,,,,,,,,,,
200,2100002369,0088210000236940,9102100002369402,59195-4-1,EA,106,2026-06-08,,,,,,,,,,,,,,,,,,,,,
200,2100002369,0088210000236940,9102100002369402,59195-4-1,EA,106,2026-06-08,,,,,,,,,,,,,,,,,,,,,
200,2100002357,0088210000235710,9102100002357102,37356,EA,110,2026-07-10,,,,,,,,,,,,,,,,,,,,,
200,2100002357,0088210000235710,9102100002357102,37356,EA,110,2026-07-10,,,,,,,,,,,,,,,,,,,,,
200,2100002353,0088210000235310,9102100002353101,065462,EA,6,2026-06-25,,,,,,,,,,,,,,,,,,,,,
200,2100002347,0088210000234720,9102100002347202,20260410,EA,4232,2026-06-05,,,,,,,,,,,,,,,,,,,,,
200,2100002345,0088210000234550,9102100002345501,NR20260508US,EA,500,2026-06-19,,,,,,,,,,,,,,,,,,,,,
200,2100002345,00882100002345150,91021000023451501,NR260507US,EA,1500,2026-07-15,,,,,,,,,,,,,,,,,,,,,
200,2100002328,0088210000232810,9102100002328101,065461,EA,15,2026-06-15,,,,,,,,,,,,,,,,,,,,,
200,2100002327,0088210000232710,9102100002327101,065459,EA,10,2026-06-15,,,,,,,,,,,,,,,,,,,,,
200,2100002327,0088210000232720,9102100002327201,084506,EA,6,2026-06-22,,,,,,,,,,,,,,,,,,,,,
200,2100002326,0088210000232620,9102100002326201,065447,EA,5,2026-06-08,,,,,,,,,,,,,,,,,,,,,
200,2100002326,0088210000232630,9102100002326301,265448,EA,100,2026-06-15,,,,,,,,,,,,,,,,,,,,,
200,2100002326,0088210000232640,9102100002326401,065449,EA,40,2026-06-19,,,,,,,,,,,,,,,,,,,,,
200,2100002326,0088210000232660,9102100002326601,084508,EA,100,2026-06-24,,,,,,,,,,,,,,,,,,,,,
200,2100002326,0088210000232670,9102100002326701,065452,EA,100,2026-06-24,,,,,,,,,,,,,,,,,,,,,
200,2100002326,0088210000232680,9102100002326801,065453,EA,100,2026-06-24,,,,,,,,,,,,,,,,,,,,,
200,2100002326,0088210000232690,9102100002326902,065454,EA,11,2026-06-11,,,,,,,,,,,,,,,,,,,,,
200,2100002326,0088210000232690,9102100002326903,084609,EA,11,2026-06-11,,,,,,,,,,,,,,,,,,,,,
200,2100002326,00882100002326100,91021000023261001,065455,EA,50,2026-06-24,,,,,,,,,,,,,,,,,,,,,
200,2100002326,00882100002326110,91021000023261101,065456,EA,100,2026-06-24,,,,,,,,,,,,,,,,,,,,,
200,2100002326,00882100002326130,91021000023261301,065458,EA,10,2026-06-30,,,,,,,,,,,,,,,,,,,,,
200,2100002310,0088210000231020,9102100002310202,KD031456,EA,350,2026-08-31,,,,,,,,,,,,,,,,,,,,,
200,2100002294,0088210000229420,9102100002294202,KD031745,EA,29,2026-06-12,,,,,,,,,,,,,,,,,,,,,
200,2100002294,0088210000229430,9102100002294302,KD031745,EA,9,2026-06-12,,,,,,,,,,,,,,,,,,,,,
200,2100002294,0088210000229440,9102100002294403,KD029730,EA,250,2026-05-08,,,,,,,,,,,,,,,,,,,,,
200,2100002294,0088210000229450,9102100002294502,KD031745,EA,36,2026-06-12,,,,,,,,,,,,,,,,,,,,,
200,2100002293,0088210000229310,9102100002293103,KD029730,EA,500,2026-05-08,,,,,,,,,,,,,,,,,,,,,
200,2100002292,0088210000229220,9102100002292203,KD031745,EA,25,2026-05-08,,,,,,,,,,,,,,,,,,,,,
200,2100002292,0088210000229230,9102100002292302,KD031745,EA,114,2026-06-12,,,,,,,,,,,,,,,,,,,,,
200,2100002292,0088210000229240,9102100002292403,KD029730,EA,250,2026-05-08,,,,,,,,,,,,,,,,,,,,,
200,2100002292,0088210000229250,9102100002292502,KD031745,EA,250,2026-06-12,,,,,,,,,,,,,,,,,,,,,
200,2100002291,0088210000229120,9102100002291202,KD031745,EA,19,2026-05-26,,,,,,,,,,,,,,,,,,,,,
200,2100002291,0088210000229140,9102100002291403,KD029730,EA,173,2026-05-08,,,,,,,,,,,,,,,,,,,,,
200,2100002254,0088210000225470,9102100002254702,032077,EA,2000,2026-07-31,,,,,,,,,,,,,,,,,,,,,
200,2100002229,0088210000222910,9102100002229102,,EA,854,2026-06-10,,,,,,,,,,,,,,,,,,,,,
200,2100002229,0088210000222910,9102100002229102,,EA,854,2026-06-10,,,,,,,,,,,,,,,,,,,,,
200,2100002209,0088210000220910,9102100002209103,KD031745,EA,78,2026-05-08,,,,,,,,,,,,,,,,,,,,,
200,2100002209,0088210000220910,9102100002209104,KD031745,EA,80,2026-05-08,,,,,,,,,,,,,,,,,,,,,
200,2100002209,0088210000220930,9102100002209303,KD031745,EA,250,2026-05-11,,,,,,,,,,,,,,,,,,,,,
200,2100002209,0088210000220940,9102100002209403,KD031490,EA,45,2026-05-11,,,,,,,,,,,,,,,,,,,,,
200,2100002201,0088210000220110,9102100002201102,59159-1-1,EA,402,2026-06-19,,,,,,,,,,,,,,,,,,,,,
200,2100002201,0088210000220110,9102100002201102,59159-1-1,EA,402,2026-06-19,,,,,,,,,,,,,,,,,,,,,
200,2100002198,0088210000219810,9102100002198102,20260410,EA,2000,2026-06-12,,,,,,,,,,,,,,,,,,,,,
200,2100002183,0088210000218320,9102100002183203,KD031745,EA,200,2026-05-11,,,,,,,,,,,,,,,,,,,,,
200,2100002183,0088210000218340,9102100002183403,KD031745,EA,10,2026-05-08,,,,,,,,,,,,,,,,,,,,,
200,2100002183,0088210000218350,9102100002183503,KD031490,EA,25,2026-05-11,,,,,,,,,,,,,,,,,,,,,
200,2100002183,0088210000218370,9102100002183703,KD031490,EA,45,2026-05-11,,,,,,,,,,,,,,,,,,,,,
200,2100002183,0088210000218390,9102100002183903,KD031490,EA,40,2026-05-11,,,,,,,,,,,,,,,,,,,,,
200,2100002183,00882100002183130,91021000021831303,KD031490,EA,75,2026-05-11,,,,,,,,,,,,,,,,,,,,,
200,2100002183,00882100002183140,91021000021831403,KD031745,EA,18,2026-05-11,,,,,,,,,,,,,,,,,,,,,
200,2100002153,0088210000215310,9102100002153101,P14760,EA,1,2026-03-23,,,,,,,,,,,,,,,,,,,,,
200,2100002146,00882100002146160,91021000021461602,RB331-KD030953,EA,5000,2026-04-09,,,,,,,,,,,,,,,,,,,,,
200,2100002144,00882100002144120,91021000021441202,KD031648,EA,750,2026-07-31,,,,,,,,,,,,,,,,,,,,,
200,2100002140,0088210000214010,9102100002140101,2460,EA,1,2026-03-24,,,,,,,,,,,,,,,,,,,,,
200,2100002140,0088210000214020,9102100002140201,2460,EA,2,2026-03-24,,,,,,,,,,,,,,,,,,,,,
200,2100002140,0088210000214020,9102100002140202,2460,EA,1,2026-03-24,,,,,,,,,,,,,,,,,,,,,
200,2100002136,0088210000213611,9102100002136113,202603,EA,10752,2026-06-01,,,,,,,,,,,,,,,,,,,,,
200,2100002129,0088210000212910,9102100002129104,LPG26C0506,EA,200,2026-06-15,,,,,,,,,,,,,,,,,,,,,
200,2100002129,0088210000212911,9102100002129113,LPG26C0506,EA,720,2026-06-15,,,,,,,,,,,,,,,,,,,,,
200,2100002129,0088210000212911,9102100002129113,LPG26C0506,EA,720,2026-06-15,,,,,,,,,,,,,,,,,,,,,
200,2100002129,0088210000212911,9102100002129114,LPG26C0506,EA,720,2026-06-15,,,,,,,,,,,,,,,,,,,,,
200,2100002129,0088210000212911,9102100002129113,LPG26C0506,EA,720,2026-06-15,,,,,,,,,,,,,,,,,,,,,
200,2100002129,0088210000212911,9102100002129113,LPG26C0506,EA,720,2026-06-15,,,,,,,,,,,,,,,,,,,,,
200,2100002121,0088210000212120,9102100002121203,KD031745,EA,30,2026-05-11,,,,,,,,,,,,,,,,,,,,,
200,2100002121,0088210000212130,9102100002121303,KD031745,EA,100,2026-05-11,,,,,,,,,,,,,,,,,,,,,
200,2100002121,0088210000212170,9102100002121703,KD031745,EA,30,2026-05-11,,,,,,,,,,,,,,,,,,,,,
200,2100002117,0088210000211770,9102100002117702,032077,EA,500,2026-07-31,,,,,,,,,,,,,,,,,,,,,
200,2100002116,00882100002116200,91021000021162002,KD032077,EA,1750,2026-07-31,,,,,,,,,,,,,,,,,,,,,
200,2100002106,0088210000210620,9102100002106203,KD031039,EA,180,2026-05-11,,,,,,,,,,,,,,,,,,,,,
200,2100002106,0088210000210630,9102100002106303,KD031039,EA,883,2026-05-11,,,,,,,,,,,,,,,,,,,,,
200,2100002106,0088210000210640,9102100002106403,KD029730,EA,250,2026-05-08,,,,,,,,,,,,,,,,,,,,,
200,2100002106,0088210000210650,9102100002106503,KD031490,EA,150,2026-05-11,,,,,,,,,,,,,,,,,,,,,
200,2100002106,0088210000210660,9102100002106603,KD031490,EA,60,2026-05-11,,,,,,,,,,,,,,,,,,,,,
200,2100002106,0088210000210690,9102100002106903,KD029730,EA,246,2026-05-08,,,,,,,,,,,,,,,,,,,,,
200,2100002101,0088210000210110,9102100002101102,19505,EA,148,2026-04-10,,,,,,,,,,,,,,,,,,,,,
200,2100002101,0088210000210110,9102100002101102,19505,EA,148,2026-04-10,,,,,,,,,,,,,,,,,,,,,
200,2100002089,00882100002089160,91021000020891603,26040014,EA,380,2026-06-10,,,,,,,,,,,,,,,,,,,,,
200,2100002089,00882100002089161,91021000020891613,26040014,EA,20,2026-06-10,,,,,,,,,,,,,,,,,,,,,
200,2100002061,0088210000206110,9102100002061103,4/4,EA,305,2026-05-15,,,,,,,,,,,,,,,,,,,,,
200,2100002050,0088210000205020,9102100002050202,KD031648,EA,2000,2026-07-31,,,,,,,,,,,,,,,,,,,,,
200,2100002032,0088210000203210,9102100002032103,3/4,EA,100,2026-05-01,,,,,,,,,,,,,,,,,,,,,
200,2100002032,0088210000203220,9102100002032203,3/4,EA,12000,2026-05-01,,,,,,,,,,,,,,,,,,,,,
200,2100002025,0088210000202510,9102100002025101,0043903,EA,336,2026-05-15,,,,,,,,,,,,,,,,,,,,,
200,2100002019,0088210000201910,9102100002019103,6/6,EA,500,2026-07-07,,,,,,,,,,,,,,,,,,,,,
200,2100002019,0088210000201911,9102100002019112,6/6,EA,2500,2026-06-18,,,,,,,,,,,,,,,,,,,,,
200,2100002011,0088210000201110,9102100002011103,4/4,EA,500,2026-05-15,,,,,,,,,,,,,,,,,,,,,
200,2100002011,0088210000201120,9102100002011203,4/4,EA,2229,2026-05-15,,,,,,,,,,,,,,,,,,,,,
200,2100002009,0088210000200910,9102100002009102,14894,EA,1008,2026-05-15,,,,,,,,,,,,,,,,,,,,,
200,2100002009,0088210000200920,9102100002009202,14894,EA,630,2026-05-15,,,,,,,,,,,,,,,,,,,,,
200,2100002009,0088210000200920,9102100002009203,14894,EA,630,2026-05-15,,,,,,,,,,,,,,,,,,,,,
200,2100002009,0088210000200920,9102100002009203,14894,EA,630,2026-05-15,,,,,,,,,,,,,,,,,,,,,
200,2100002009,0088210000200920,9102100002009203,14894,EA,630,2026-05-15,,,,,,,,,,,,,,,,,,,,,
200,2100002007,0088210000200710,9102100002007103,20260410,EA,600,2026-06-17,,,,,,,,,,,,,,,,,,,,,
200,2100002004,0088210000200410,9102100002004102,59111-1-1,EA,100,2026-04-10,,,,,,,,,,,,,,,,,,,,,
200,2100002004,0088210000200410,9102100002004102,59111-1-1,EA,100,2026-04-10,,,,,,,,,,,,,,,,,,,,,
200,2100002004,0088210000200420,9102100002004202,59111-2-1,EA,250,2026-07-13,,,,,,,,,,,,,,,,,,,,,
200,2100002004,0088210000200420,9102100002004202,59111-2-1,EA,250,2026-07-13,,,,,,,,,,,,,,,,,,,,,
200,2100002004,0088210000200430,9102100002004302,5911131,EA,55,2026-07-17,,,,,,,,,,,,,,,,,,,,,
200,2100002004,0088210000200430,9102100002004302,5911131,EA,55,2026-07-17,,,,,,,,,,,,,,,,,,,,,
200,2100002003,0088210000200310,9102100002003102,59110-1-1,EA,151,2026-06-19,,,,,,,,,,,,,,,,,,,,,
200,2100002003,0088210000200310,9102100002003102,59110-1-1,EA,151,2026-06-19,,,,,,,,,,,,,,,,,,,,,
200,2100001995,0088210000199510,9102100001995105,26C0506,EA,100,2026-06-22,,,,,,,,,,,,,,,,,,,,,
200,2100001986,0088210000198630,9102100001986302,205212,EA,1170,2026-04-23,,,,,,,,,,,,,,,,,,,,,
200,2100001986,0088210000198630,9102100001986303,205755,EA,340,2026-04-23,,,,,,,,,,,,,,,,,,,,,
200,2100001961,0088210000196140,9102100001961401,1666147,EA,100,2026-03-21,,,,,,,,,,,,,,,,,,,,,
200,2100001961,0088210000196150,9102100001961501,1333147,EA,1262,2026-03-10,,,,,,,,,,,,,,,,,,,,,
200,2100001940,0088210000194010,9102100001940103,3/4,EA,360,2026-05-15,,,,,,,,,,,,,,,,,,,,,
200,2100001940,0088210000194020,9102100001940203,3/4,EA,250,2026-05-15,,,,,,,,,,,,,,,,,,,,,
200,2100001940,0088210000194030,9102100001940303,3/4,EA,100,2026-05-15,,,,,,,,,,,,,,,,,,,,,
200,2100001940,0088210000194040,9102100001940403,3/4,EA,120,2026-05-15,,,,,,,,,,,,,,,,,,,,,
200,2100001935,0088210000193530,9102100001935302,20241114,EA,80,2026-08-03,,,,,,,,,,,,,,,,,,,,,
200,2100001934,0088210000193420,9102100001934203,KD031318,EA,25000,2026-05-06,,,,,,,,,,,,,,,,,,,,,
200,2100001922,00882100001922130,91021000019221302,KD031648,EA,3245,2026-07-31,,,,,,,,,,,,,,,,,,,,,
200,2100001916,0088210000191680,9102100001916802,KD031456,EA,1300,2026-07-31,,,,,,,,,,,,,,,,,,,,,
200,2100001907,0088210000190710,9102100001907103,LPG26C0418,EA,6,2026-06-08,,,,,,,,,,,,,,,,,,,,,
200,2100001897,0088210000189740,9102100001897403,KD031319,EA,100,2026-05-06,,,,,,,,,,,,,,,,,,,,,
200,2100001897,00882100001897100,91021000018971003,061226MB,EA,990,2026-06-19,,,,,,,,,,,,,,,,,,,,,
200,2100001897,0088210000189741,9102100001897413,030838,EA,780,2026-05-29,,,,,,,,,,,,,,,,,,,,,
200,2100001896,0088210000189610,9102100001896102,KD030838,EA,16000,2026-05-22,,,,,,,,,,,,,,,,,,,,,
200,2100001896,0088210000189611,9102100001896111,KD030838,EA,7450,2026-04-30,,,,,,,,,,,,,,,,,,,,,
200,2100001887,0088210000188710,9102100001887104,26C0506,EA,10,2026-05-14,,,,,,,,,,,,,,,,,,,,,
200,2100001887,0088210000188711,9102100001887112,26C0506,EA,10,2026-06-18,,,,,,,,,,,,,,,,,,,,,
200,2100001880,0088210000188010,9102100001880101,2100001880,EA,1,2026-03-10,,,,,,,,,,,,,,,,,,,,,
200,2100001880,0088210000188020,9102100001880201,2100001880,EA,3,2026-03-10,,,,,,,,,,,,,,,,,,,,,
200,2100001880,0088210000188030,9102100001880301,2100001880,EA,4,2026-03-10,,,,,,,,,,,,,,,,,,,,,
200,2100001880,0088210000188040,9102100001880401,2100001880,EA,4,2026-03-10,,,,,,,,,,,,,,,,,,,,,
200,2100001880,0088210000188050,9102100001880501,2100001880,EA,1,2026-03-10,,,,,,,,,,,,,,,,,,,,,
200,2100001879,0088210000187910,9102100001879101,INV-OH76-1150,EA,1,2026-03-10,,,,,,,,,,,,,,,,,,,,,
200,2100001877,0088210000187730,9102100001877301,460001384001,EA,1,2026-03-04,,,,,,,,,,,,,,,,,,,,,
200,2100001870,0088210000187010,9102100001870102,20260410,EA,500,2026-06-05,,,,,,,,,,,,,,,,,,,,,
200,2100001867,0088210000186710,9102100001867103,26C0503,EA,50,2026-05-18,,,,,,,,,,,,,,,,,,,,,
200,2100001850,0088210000185010,9102100001850103,59075-1-1,EA,55,2026-03-10,,,,,,,,,,,,,,,,,,,,,
200,2100001850,0088210000185010,9102100001850103,59075-1-1,EA,55,2026-03-10,,,,,,,,,,,,,,,,,,,,,
200,2100001850,0088210000185010,9102100001850104,59075-1-1,EA,55,2026-03-10,,,,,,,,,,,,,,,,,,,,,
200,2100001850,0088210000185010,9102100001850104,59075-1-1,EA,55,2026-03-10,,,,,,,,,,,,,,,,,,,,,
200,2100001848,0088210000184810,9102100001848103,030839,EA,1000,2026-05-13,,,,,,,,,,,,,,,,,,,,,
200,2100001848,0088210000184811,9102100001848112,030839,EA,4800,2026-07-07,,,,,,,,,,,,,,,,,,,,,
200,2100001835,00882100001835110,91021000018351102,KD031456,EA,50000,2026-07-31,,,,,,,,,,,,,,,,,,,,,
200,2100001826,0088210000182610,9102100001826101,0327716,EA,4,2026-03-11,,,,,,,,,,,,,,,,,,,,,
200,2100001826,0088210000182610,9102100001826101,0327716,EA,4,2026-03-11,,,,,,,,,,,,,,,,,,,,,
200,2100001804,0088210000180430,9102100001804302,20260410,EA,500,2026-06-10,,,,,,,,,,,,,,,,,,,,,
200,2100001804,0088210000180440,9102100001804402,20260410,EA,150,2026-06-10,,,,,,,,,,,,,,,,,,,,,
200,2100001804,0088210000180450,9102100001804502,20260410,EA,5000,2026-06-10,,,,,,,,,,,,,,,,,,,,,
200,2100001804,0088210000180460,9102100001804602,20260410,EA,150,2026-06-10,,,,,,,,,,,,,,,,,,,,,
200,2100001804,0088210000180480,9102100001804802,20260410,EA,500,2026-06-10,,,,,,,,,,,,,,,,,,,,,
200,2100001804,00882100001804100,91021000018041002,20260410,EA,150,2026-06-10,,,,,,,,,,,,,,,,,,,,,
200,2100001804,00882100001804110,91021000018041102,20260410,EA,500,2026-06-10,,,,,,,,,,,,,,,,,,,,,
200,2100001803,0088210000180310,9102100001803102,20260410,EA,100,2026-06-10,,,,,,,,,,,,,,,,,,,,,
200,2100001803,0088210000180320,9102100001803202,20260410,EA,160,2026-06-10,,,,,,,,,,,,,,,,,,,,,
200,2100001802,0088210000180210,9102100001802102,20260410,EA,100,2026-06-10,,,,,,,,,,,,,,,,,,,,,
200,2100001787,0088210000178710,9102100001787101,2100001787,EA,72,2026-04-29,,,,,,,,,,,,,,,,,,,,,
200,2100001787,0088210000178730,9102100001787301,0043801,EA,468,2026-04-29,,,,,,,,,,,,,,,,,,,,,
200,2100001787,0088210000178740,9102100001787401,0043801,EA,90,2026-04-29,,,,,,,,,,,,,,,,,,,,,
200,2100001779,0088210000177920,9102100001779201,KD030840,EA,250,2026-07-01,,,,,,,,,,,,,,,,,,,,,
200,2100001774,0088210000177410,9102100001774101,2915868-01,EA,100,2026-04-22,,,,,,,,,,,,,,,,,,,,,
200,2100001773,0088210000177310,9102100001773104,52380,EA,13600,2026-05-06,,,,,,,,,,,,,,,,,,,,,
200,2100001765,00882100001765140,91021000017651403,32037,EA,30,2026-03-06,,,,,,,,,,,,,,,,,,,,,
200,2100001765,00882100001765160,91021000017651603,32056,EA,100,2026-03-06,,,,,,,,,,,,,,,,,,,,,
200,2100001765,00882100001765141,91021000017651412,32037,EA,170,2026-03-25,,,,,,,,,,,,,,,,,,,,,
200,2100001765,00882100001765161,91021000017651612,32056,EA,500,2026-03-25,,,,,,,,,,,,,,,,,,,,,
200,2100001754,0088210000175410,9102100001754102,14895,EA,1000,2026-05-13,,,,,,,,,,,,,,,,,,,,,
200,2100001751,00882100001751100,91021000017511001,0589926,EA,250,2026-03-26,,,,,,,,,,,,,,,,,,,,,
200,2100001735,0088210000173511,9102100001735116,0188244,EA,12000,2026-03-13,,,,,,,,,,,,,,,,,,,,,
200,2100001731,0088210000173110,9102100001731102,OE-36943,EA,2250,2026-02-27,,,,,,,,,,,,,,,,,,,,,
200,2100001731,0088210000173110,9102100001731103,OE-36943,EA,2250,2026-02-27,,,,,,,,,,,,,,,,,,,,,
200,2100001725,0088210000172510,9102100001725101,260318-08,EA,50,2026-04-16,,,,,,,,,,,,,,,,,,,,,
200,2100001725,0088210000172520,9102100001725201,260318-08,EA,5,2026-05-20,,,,,,,,,,,,,,,,,,,,,
200,2100001724,0088210000172410,9102100001724103,20260410,EA,3000,2026-06-05,,,,,,,,,,,,,,,,,,,,,
200,2100001724,0088210000172410,9102100001724104,20260410,EA,300,2026-06-05,,,,,,,,,,,,,,,,,,,,,
200,2100001724,0088210000172430,9102100001724303,20260410,EA,10912,2026-06-05,,,,,,,,,,,,,,,,,,,,,
200,2100001724,0088210000172440,9102100001724403,20260410,EA,3000,2026-06-05,,,,,,,,,,,,,,,,,,,,,
200,2100001724,0088210000172450,9102100001724503,20260410,EA,4000,2026-06-05,,,,,,,,,,,,,,,,,,,,,
200,2100001724,0088210000172460,9102100001724603,20260410,EA,5000,2026-06-05,,,,,,,,,,,,,,,,,,,,,
200,2100001724,0088210000172470,9102100001724703,20260410,EA,1200,2026-06-05,,,,,,,,,,,,,,,,,,,,,
200,2100001724,0088210000172480,9102100001724805,20260410,EA,2100,2026-06-17,,,,,,,,,,,,,,,,,,,,,
200,2100001724,0088210000172490,9102100001724903,20260410,EA,500,2026-06-05,,,,,,,,,,,,,,,,,,,,,
200,2100001724,00882100001724100,91021000017241003,20260410,EA,1500,2026-06-05,,,,,,,,,,,,,,,,,,,,,
200,2100001724,00882100001724110,91021000017241103,20260410,EA,500,2026-06-05,,,,,,,,,,,,,,,,,,,,,
200,2100001724,00882100001724120,91021000017241203,20260410,EA,213,2026-06-05,,,,,,,,,,,,,,,,,,,,,
200,2100001724,00882100001724130,91021000017241303,20260410,EA,1000,2026-06-05,,,,,,,,,,,,,,,,,,,,,
200,2100001724,00882100001724140,91021000017241403,20260410,EA,500,2026-06-05,,,,,,,,,,,,,,,,,,,,,
200,2100001724,00882100001724150,91021000017241503,20290410,EA,3100,2026-06-05,,,,,,,,,,,,,,,,,,,,,
200,2100001721,0088210000172130,9102100001721305,KAPASR2605,EA,1800,2026-05-21,,,,,,,,,,,,,,,,,,,,,
200,2100001687,0088210000168710,9102100001687102,138209,EA,3000,2026-05-07,,,,,,,,,,,,,,,,,,,,,
200,2100001685,0088210000168510,9102100001685102,0589835,EA,100,2026-04-03,,,,,,,,,,,,,,,,,,,,,
200,2100001675,0088210000167510,9102100001675102,202631720474814,EA,25,2026-03-30,,,,,,,,,,,,,,,,,,,,,
200,2100001675,0088210000167520,9102100001675202,204749,EA,100,2026-03-30,,,,,,,,,,,,,,,,,,,,,
200,2100001675,0088210000167530,9102100001675302,202631120475013,EA,108,2026-03-30,,,,,,,,,,,,,,,,,,,,,
200,2100001675,0088210000167550,9102100001675502,204752,EA,130,2026-03-30,,,,,,,,,,,,,,,,,,,,,
200,2100001675,0088210000167560,9102100001675602,202631620475315,EA,2500,2026-03-30,,,,,,,,,,,,,,,,,,,,,
200,2100001673,0088210000167320,9102100001673202,204768,EA,500,2026-03-30,,,,,,,,,,,,,,,,,,,,,
200,2100001673,0088210000167350,9102100001673502,204771,EA,150,2026-03-30,,,,,,,,,,,,,,,,,,,,,
200,2100001606,0088210000160610,9102100001606104,2/4,EA,4080,2026-05-15,,,,,,,,,,,,,,,,,,,,,
200,2100001606,0088210000160610,9102100001606105,4/4,EA,140,2026-05-15,,,,,,,,,,,,,,,,,,,,,
200,2100001606,0088210000160610,9102100001606105,4/4,EA,140,2026-05-15,,,,,,,,,,,,,,,,,,,,,
200,2100001595,0088210000159511,9102100001595116,32255,EA,375,2026-06-12,,,,,,,,,,,,,,,,,,,,,
200,2100001595,0088210000159511,9102100001595117,32266,EA,150,2026-06-12,,,,,,,,,,,,,,,,,,,,,
200,2100001595,0088210000159511,9102100001595117,32266,EA,150,2026-06-12,,,,,,,,,,,,,,,,,,,,,
200,2100001562,0088210000156210,9102100001562103,58969-1-1,EA,733,2026-03-27,,,,,,,,,,,,,,,,,,,,,
200,2100001562,0088210000156210,9102100001562103,58969-1-1,EA,733,2026-03-27,,,,,,,,,,,,,,,,,,,,,
200,2100001561,0088210000156120,9102100001561204,32025,EA,400,2026-03-10,,,,,,,,,,,,,,,,,,,,,
200,2100001555,0088210000155510,9102100001555102,0589672,EA,200,2026-05-27,,,,,,,,,,,,,,,,,,,,,
200,2100001552,0088210000155210,9102100001552102,0187818,EA,101,2026-03-16,,,,,,,,,,,,,,,,,,,,,
200,2100001543,0088210000154310,9102100001543103,PL26035,EA,700,2026-05-28,,,,,,,,,,,,,,,,,,,,,
200,2100001543,0088210000154320,9102100001543203,PL26035,EA,300,2026-05-28,,,,,,,,,,,,,,,,,,,,,
200,2100001543,0088210000154330,9102100001543303,26035,EA,650,2026-05-28,,,,,,,,,,,,,,,,,,,,,
200,2100001543,0088210000154340,9102100001543403,PL26035,EA,400,2026-05-28,,,,,,,,,,,,,,,,,,,,,
200,2100001543,0088210000154350,9102100001543503,PL26035,EA,400,2026-05-28,,,,,,,,,,,,,,,,,,,,,
200,2100001543,0088210000154360,9102100001543603,PL26035,EA,600,2026-05-28,,,,,,,,,,,,,,,,,,,,,
200,2100001543,0088210000154370,9102100001543703,PL26035,EA,1500,2026-05-28,,,,,,,,,,,,,,,,,,,,,
200,2100001543,0088210000154380,9102100001543805,PL26035,EA,1000,2026-06-17,,,,,,,,,,,,,,,,,,,,,
200,2100001543,0088210000154390,9102100001543903,PL26035,EA,400,2026-05-28,,,,,,,,,,,,,,,,,,,,,
200,2100001543,00882100001543100,91021000015431003,PL26035,EA,300,2026-05-28,,,,,,,,,,,,,,,,,,,,,
200,2100001543,00882100001543110,91021000015431103,PL26035,EA,25,2026-05-28,,,,,,,,,,,,,,,,,,,,,
200,2100001543,00882100001543120,91021000015431203,PL26035,EA,50,2026-05-28,,,,,,,,,,,,,,,,,,,,,
200,2100001543,00882100001543130,91021000015431303,26035,EA,8,2026-05-28,,,,,,,,,,,,,,,,,,,,,
200,2100001543,00882100001543140,91021000015431403,26035,EA,100,2026-05-28,,,,,,,,,,,,,,,,,,,,,
200,2100001543,00882100001543150,91021000015431503,26035,EA,20,2026-05-28,,,,,,,,,,,,,,,,,,,,,
200,2100001543,00882100001543160,91021000015431603,26035,EA,140,2026-05-28,,,,,,,,,,,,,,,,,,,,,
200,2100001543,00882100001543170,91021000015431703,26035,EA,50,2026-05-28,,,,,,,,,,,,,,,,,,,,,
200,2100001543,00882100001543180,91021000015431803,PL26035,EA,100,2026-05-28,,,,,,,,,,,,,,,,,,,,,
200,2100001543,00882100001543190,91021000015431903,PL26035,EA,30,2026-05-28,,,,,,,,,,,,,,,,,,,,,
200,2100001543,00882100001543200,91021000015432003,PL26035,EA,375,2026-05-28,,,,,,,,,,,,,,,,,,,,,
200,2100001543,00882100001543210,91021000015432103,PL26035,EA,250,2026-05-28,,,,,,,,,,,,,,,,,,,,,
200,2100001543,00882100001543220,91021000015432203,PL26035,EA,80,2026-05-28,,,,,,,,,,,,,,,,,,,,,
200,2100001535,0088210000153510,9102100001535101,Q260130471,EA,1,2026-01-30,,,,,,,,,,,,,,,,,,,,,
200,2100001534,0088210000153410,9102100001534103,20260608,EA,50,2026-06-24,,,,,,,,,,,,,,,,,,,,,
200,2100001531,0088210000153110,9102100001531103,139772-0,EA,1901,2026-03-27,,,,,,,,,,,,,,,,,,,,,
200,2100001530,0088210000153010,9102100001530104,139771,EA,3415,2026-03-27,,,,,,,,,,,,,,,,,,,,,
200,2100001530,0088210000153010,9102100001530103,139771,EA,160000,2026-03-27,,,,,,,,,,,,,,,,,,,,,
200,2100001513,0088210000151310,9102100001513102,030839,EA,42000,2026-06-19,,,,,,,,,,,,,,,,,,,,,
200,2100001513,0088210000151310,9102100001513103,030839,EA,49000,2026-06-19,,,,,,,,,,,,,,,,,,,,,
200,2100001504,0088210000150420,9102100001504203,20260410,EA,1600,2026-06-05,,,,,,,,,,,,,,,,,,,,,
200,2100001504,0088210000150430,9102100001504303,20260410,EA,100,2026-06-05,,,,,,,,,,,,,,,,,,,,,
200,2100001504,0088210000150440,9102100001504409,20260522,EA,8000,2026-06-03,,,,,,,,,,,,,,,,,,,,,
200,2100001504,0088210000150450,9102100001504503,20260410,EA,150,2026-06-05,,,,,,,,,,,,,,,,,,,,,
200,2100001504,0088210000150460,9102100001504603,20260410,EA,100,2026-06-05,,,,,,,,,,,,,,,,,,,,,
200,2100001504,0088210000150470,9102100001504703,20260410,EA,1000,2026-06-05,,,,,,,,,,,,,,,,,,,,,
200,2100001504,0088210000150480,9102100001504803,20260410,EA,1000,2026-06-05,,,,,,,,,,,,,,,,,,,,,
200,2100001504,0088210000150411,9102100001504113,20260410,EA,1700,2026-06-05,,,,,,,,,,,,,,,,,,,,,
200,2100001504,0088210000150441,9102100001504414,260530,EA,20000,2026-06-04,,,,,,,,,,,,,,,,,,,,,
200,2100001504,0088210000150491,9102100001504913,20260410,EA,500,2026-06-05,,,,,,,,,,,,,,,,,,,,,
200,2100001492,0088210000149210,9102100001492105,065232,EA,1100,2026-06-17,,,,,,,,,,,,,,,,,,,,,
200,2100001460,0088210000146011,9102100001460113,20260410,EA,2018,2026-06-05,,,,,,,,,,,,,,,,,,,,,
200,2100001455,0088210000145520,9102100001455202,RB331-KD030443,EA,25000,2026-04-24,,,,,,,,,,,,,,,,,,,,,
200,2100001453,0088210000145310,9102100001453102,030841,EA,250,2026-06-19,,,,,,,,,,,,,,,,,,,,,
200,2100001453,0088210000145320,9102100001453202,030841,EA,3500,2026-06-19,,,,,,,,,,,,,,,,,,,,,
200,2100001453,0088210000145330,9102100001453302,030841,EA,250,2026-06-19,,,,,,,,,,,,,,,,,,,,,
200,2100001453,0088210000145340,9102100001453402,030841,EA,250,2026-06-19,,,,,,,,,,,,,,,,,,,,,
200,2100001453,0088210000145350,9102100001453502,030841,EA,1000,2026-06-19,,,,,,,,,,,,,,,,,,,,,
200,2100001453,0088210000145360,9102100001453602,030841,EA,250,2026-06-19,,,,,,,,,,,,,,,,,,,,,
200,2100001453,0088210000145370,9102100001453702,030841,EA,750,2026-06-19,,,,,,,,,,,,,,,,,,,,,
200,2100001453,0088210000145380,9102100001453802,KD030841,EA,5000,2026-06-19,,,,,,,,,,,,,,,,,,,,,
200,2100001453,0088210000145390,9102100001453902,030841,EA,250,2026-06-19,,,,,,,,,,,,,,,,,,,,,
200,2100001453,00882100001453100,91021000014531002,030841,EA,1750,2026-06-19,,,,,,,,,,,,,,,,,,,,,
200,2100001453,00882100001453110,91021000014531102,030841,EA,1000,2026-06-19,,,,,,,,,,,,,,,,,,,,,
200,2100001444,0088210000144410,9102100001444104,LDK2100001287ASR,EA,500,2026-04-07,,,,,,,,,,,,,,,,,,,,,
200,2100001444,0088210000144411,9102100001444114,LDK2100001287,EA,500,2026-04-07,,,,,,,,,,,,,,,,,,,,,
200,2100001442,0088210000144210,9102100001442103,3/4,EA,1600,2026-05-06,,,,,,,,,,,,,,,,,,,,,
200,2100001437,0088210000143710,9102100001437103,20260410,EA,1000,2026-06-05,,,,,,,,,,,,,,,,,,,,,
200,2100001437,0088210000143730,9102100001437303,20260410,EA,3880,2026-06-05,,,,,,,,,,,,,,,,,,,,,
200,2100001434,0088210000143410,9102100001434104,95736,EA,1969,2026-04-28,,,,,,,,,,,,,,,,,,,,,
200,2100001417,0088210000141710,9102100001417102,58933-1-1,EA,100,2026-05-29,,,,,,,,,,,,,,,,,,,,,
200,2100001417,0088210000141710,9102100001417102,58933-1-1,EA,100,2026-05-29,,,,,,,,,,,,,,,,,,,,,
200,2100001417,0088210000141720,9102100001417202,58933-2-1,EA,20,2026-03-30,,,,,,,,,,,,,,,,,,,,,
200,2100001417,0088210000141720,9102100001417202,58933-2-1,EA,20,2026-03-30,,,,,,,,,,,,,,,,,,,,,
200,2100001411,0088210000141110,9102100001411102,PALLET2/4,EA,2280,2026-04-30,,,,,,,,,,,,,,,,,,,,,
200,2100001411,0088210000141110,9102100001411103,20260529,EA,1440,2026-04-30,,,,,,,,,,,,,,,,,,,,,
200,2100001407,0088210000140710,9102100001407103,26024,EA,100,2026-05-07,,,,,,,,,,,,,,,,,,,,,
200,2100001407,0088210000140720,9102100001407203,26024,EA,175,2026-05-07,,,,,,,,,,,,,,,,,,,,,
200,2100001407,0088210000140730,9102100001407303,26024,EA,175,2026-05-07,,,,,,,,,,,,,,,,,,,,,
200,2100001407,0088210000140740,9102100001407403,PL26024,EA,20,2026-05-07,,,,,,,,,,,,,,,,,,,,,
200,2100001407,0088210000140740,9102100001407404,26024,EA,10,2026-05-07,,,,,,,,,,,,,,,,,,,,,
200,2100001407,0088210000140750,9102100001407503,PL26024,EA,970,2026-05-07,,,,,,,,,,,,,,,,,,,,,
200,2100001407,0088210000140760,9102100001407603,26024,EA,225,2026-05-07,,,,,,,,,,,,,,,,,,,,,
200,2100001407,0088210000140760,9102100001407604,26024,EA,3,2026-05-07,,,,,,,,,,,,,,,,,,,,,
200,2100001407,0088210000140780,9102100001407803,26024,EA,100,2026-05-07,,,,,,,,,,,,,,,,,,,,,
200,2100001407,0088210000140780,9102100001407804,26024,EA,39,2026-05-07,,,,,,,,,,,,,,,,,,,,,
200,2100001407,0088210000140790,9102100001407903,26024,EA,60,2026-05-07,,,,,,,,,,,,,,,,,,,,,
200,2100001407,00882100001407100,91021000014071003,26024,EA,100,2026-05-07,,,,,,,,,,,,,,,,,,,,,
200,2100001407,00882100001407110,91021000014071103,26024,EA,20,2026-05-07,,,,,,,,,,,,,,,,,,,,,
200,2100001407,00882100001407120,91021000014071203,2207J2,EA,1200,2026-05-07,,,,,,,,,,,,,,,,,,,,,
200,2100001407,00882100001407130,91021000014071303,PL26024,EA,2000,2026-05-07,,,,,,,,,,,,,,,,,,,,,
200,2100001407,00882100001407140,91021000014071405,PL26024,EA,1000,2026-06-04,,,,,,,,,,,,,,,,,,,,,
200,2100001407,00882100001407150,91021000014071503,26024,EA,500,2026-05-07,,,,,,,,,,,,,,,,,,,,,
200,2100001407,00882100001407160,91021000014071603,PL26024,EA,225,2026-05-07,,,,,,,,,,,,,,,,,,,,,
200,2100001407,00882100001407170,91021000014071703,26024,EA,600,2026-05-07,,,,,,,,,,,,,,,,,,,,,
200,2100001407,00882100001407180,91021000014071803,26024,EA,250,2026-05-07,,,,,,,,,,,,,,,,,,,,,
200,2100001407,00882100001407190,91021000014071903,26024,EA,300,2026-05-07,,,,,,,,,,,,,,,,,,,,,
200,2100001407,00882100001407200,91021000014072003,26024,EA,1550,2026-05-07,,,,,,,,,,,,,,,,,,,,,
200,2100001407,00882100001407210,91021000014072103,26024,EA,400,2026-05-07,,,,,,,,,,,,,,,,,,,,,
200,2100001407,00882100001407220,91021000014072203,PL26024,EA,100,2026-05-07,,,,,,,,,,,,,,,,,,,,,
200,2100001407,00882100001407230,91021000014072303,26024,EA,1000,2026-05-07,,,,,,,,,,,,,,,,,,,,,
200,2100001407,00882100001407240,91021000014072403,PL26024,EA,250,2026-05-07,,,,,,,,,,,,,,,,,,,,,
200,2100001407,00882100001407250,91021000014072503,26024,EA,1500,2026-05-07,,,,,,,,,,,,,,,,,,,,,
200,2100001407,00882100001407260,91021000014072603,26024,EA,600,2026-05-07,,,,,,,,,,,,,,,,,,,,,
200,2100001407,00882100001407270,91021000014072705,PL26204,EA,1000,2026-05-28,,,,,,,,,,,,,,,,,,,,,
200,2100001407,00882100001407280,91021000014072803,PL26024,EA,1100,2026-05-07,,,,,,,,,,,,,,,,,,,,,
200,2100001407,00882100001407290,91021000014072903,PL26024,EA,400,2026-05-07,,,,,,,,,,,,,,,,,,,,,
200,2100001407,00882100001407300,91021000014073003,20260320,EA,1150,2026-05-07,,,,,,,,,,,,,,,,,,,,,
200,2100001407,00882100001407310,91021000014073103,PL26024,EA,725,2026-05-07,,,,,,,,,,,,,,,,,,,,,
200,2100001407,00882100001407320,91021000014073203,PL26024,EA,650,2026-05-07,,,,,,,,,,,,,,,,,,,,,
200,2100001407,00882100001407330,91021000014073303,26024,EA,250,2026-05-07,,,,,,,,,,,,,,,,,,,,,
200,2100001407,00882100001407340,91021000014073403,26024,EA,275,2026-05-07,,,,,,,,,,,,,,,,,,,,,
200,2100001407,00882100001407350,91021000014073503,26024,EA,100,2026-05-07,,,,,,,,,,,,,,,,,,,,,
200,2100001407,00882100001407360,91021000014073603,26024,EA,1825,2026-05-07,,,,,,,,,,,,,,,,,,,,,
200,2100001407,00882100001407370,91021000014073703,26024,EA,5000,2026-05-07,,,,,,,,,,,,,,,,,,,,,
200,2100001407,00882100001407380,91021000014073803,26024,EA,200,2026-05-07,,,,,,,,,,,,,,,,,,,,,
200,2100001407,00882100001407390,91021000014073903,26024,EA,480,2026-05-07,,,,,,,,,,,,,,,,,,,,,
200,2100001407,00882100001407400,91021000014074003,PL26024,EA,20,2026-05-07,,,,,,,,,,,,,,,,,,,,,
200,2100001407,00882100001407410,91021000014074103,PL26024,EA,50,2026-05-07,,,,,,,,,,,,,,,,,,,,,
200,2100001407,00882100001407420,91021000014074203,PL26024,EA,500,2026-05-07,,,,,,,,,,,,,,,,,,,,,
200,2100001407,00882100001407430,91021000014074303,26024,EA,2000,2026-05-07,,,,,,,,,,,,,,,,,,,,,
200,2100001407,00882100001407440,91021000014074403,PL26024,EA,20,2026-05-07,,,,,,,,,,,,,,,,,,,,,
200,2100001407,00882100001407450,91021000014074503,PL26024,EA,4650,2026-05-07,,,,,,,,,,,,,,,,,,,,,
200,2100001407,00882100001407450,91021000014074504,PL26024,EA,75,2026-05-07,,,,,,,,,,,,,,,,,,,,,
200,2100001400,0088210000140010,9102100001400103,3/4,EA,250,2026-05-06,,,,,,,,,,,,,,,,,,,,,
200,2100001391,0088210000139110,9102100001391104,20260410,EA,198,2026-06-05,,,,,,,,,,,,,,,,,,,,,
200,2100001391,0088210000139110,9102100001391103,20260410,EA,2750,2026-06-05,,,,,,,,,,,,,,,,,,,,,
200,2100001391,0088210000139120,9102100001391203,20260410,EA,4,2026-06-05,,,,,,,,,,,,,,,,,,,,,
200,2100001391,0088210000139140,9102100001391403,20260410,EA,2600,2026-06-05,,,,,,,,,,,,,,,,,,,,,
200,2100001391,0088210000139150,9102100001391503,20260410,EA,1000,2026-06-05,,,,,,,,,,,,,,,,,,,,,
200,2100001391,0088210000139170,9102100001391703,20260410,EA,574,2026-06-05,,,,,,,,,,,,,,,,,,,,,
200,2100001391,0088210000139180,9102100001391803,20260410,EA,6,2026-06-05,,,,,,,,,,,,,,,,,,,,,
200,2100001391,0088210000139190,9102100001391903,20260410,EA,46,2026-06-05,,,,,,,,,,,,,,,,,,,,,
200,2100001391,00882100001391100,91021000013911003,20260410,EA,5,2026-06-05,,,,,,,,,,,,,,,,,,,,,
200,2100001391,00882100001391110,91021000013911103,20260410,EA,50,2026-06-05,,,,,,,,,,,,,,,,,,,,,
200,2100001391,00882100001391120,91021000013911203,20260410,EA,29,2026-06-05,,,,,,,,,,,,,,,,,,,,,
200,2100001391,00882100001391130,91021000013911303,20260410,EA,52,2026-06-05,,,,,,,,,,,,,,,,,,,,,
200,2100001391,00882100001391140,91021000013911403,20260410,EA,35,2026-06-05,,,,,,,,,,,,,,,,,,,,,
200,2100001391,00882100001391150,91021000013911503,20260410,EA,11,2026-06-05,,,,,,,,,,,,,,,,,,,,,
200,2100001391,00882100001391160,91021000013911603,20260410,EA,1,2026-06-05,,,,,,,,,,,,,,,,,,,,,
200,2100001391,00882100001391170,91021000013911703,20260410,EA,65,2026-06-05,,,,,,,,,,,,,,,,,,,,,
200,2100001391,00882100001391180,91021000013911803,20260410,EA,67,2026-06-05,,,,,,,,,,,,,,,,,,,,,
200,2100001390,0088210000139010,9102100001390103,20260410,EA,90,2026-06-05,,,,,,,,,,,,,,,,,,,,,
200,2100001380,0088210000138021,9102100001380212,LPG26C0317U,EA,150,2026-05-14,,,,,,,,,,,,,,,,,,,,,
200,2100001378,0088210000137810,9102100001378102,084319,EA,500,2026-05-15,,,,,,,,,,,,,,,,,,,,,
200,2100001378,00882100001378110,91021000013781103,084329,EA,100,2026-05-14,,,,,,,,,,,,,,,,,,,,,
200,2100001378,00882100001378200,91021000013782003,084091,EA,8,2026-04-30,,,,,,,,,,,,,,,,,,,,,
200,2100001378,0088210000137811,9102100001378114,084393,EA,566,2026-05-15,,,,,,,,,,,,,,,,,,,,,
200,2100001378,0088210000137811,9102100001378113,084331,EA,500,2026-05-15,,,,,,,,,,,,,,,,,,,,,
200,2100001377,0088210000137710,9102100001377103,084332,EA,300,2026-05-14,,,,,,,,,,,,,,,,,,,,,
200,2100001377,0088210000137720,9102100001377203,084180,EA,2,2026-04-30,,,,,,,,,,,,,,,,,,,,,
200,2100001377,0088210000137730,9102100001377303,084317,EA,150,2026-05-14,,,,,,,,,,,,,,,,,,,,,
200,2100001377,0088210000137740,9102100001377403,084227,EA,50,2026-04-30,,,,,,,,,,,,,,,,,,,,,
200,2100001377,0088210000137750,9102100001377503,084308,EA,50,2026-05-14,,,,,,,,,,,,,,,,,,,,,
200,2100001372,0088210000137220,9102100001372201,0043629,EA,102,2026-03-17,,,,,,,,,,,,,,,,,,,,,
200,2100001372,0088210000137230,9102100001372301,0043629,EA,108,2026-03-17,,,,,,,,,,,,,,,,,,,,,
200,2100001364,0088210000136410,9102100001364104,51540,EA,1000,2026-02-03,,,,,,,,,,,,,,,,,,,,,
200,2100001360,0088210000136010,9102100001360102,1078617-01,EA,300,2026-01-14,,,,,,,,,,,,,,,,,,,,,
200,2100001340,0088210000134010,9102100001340102,0187519,EA,16,2026-03-02,,,,,,,,,,,,,,,,,,,,,
200,2100001340,0088210000134030,9102100001340302,0187519,EA,18,2026-03-02,,,,,,,,,,,,,,,,,,,,,
200,2100001336,0088210000133610,9102100001336102,,EA,200,2026-01-14,,,,,,,,,,,,,,,,,,,,,
200,2100001336,0088210000133610,9102100001336102,,EA,200,2026-01-14,,,,,,,,,,,,,,,,,,,,,
200,2100001335,0088210000133510,9102100001335102,,EA,50,2026-05-15,,,,,,,,,,,,,,,,,,,,,
200,2100001335,0088210000133510,9102100001335102,,EA,50,2026-05-15,,,,,,,,,,,,,,,,,,,,,
200,2100001317,0088210000131750,9102100001317502,204281,EA,10,2026-03-06,,,,,,,,,,,,,,,,,,,,,
200,2100001309,0088210000130910,9102100001309101,2601,EA,1,2026-01-13,,,,,,,,,,,,,,,,,,,,,
200,2100001290,0088210000129030,9102100001290303,KD030444,EA,250,2026-04-24,,,,,,,,,,,,,,,,,,,,,
200,2100001290,00882100001290120,91021000012901203,RB331-KD030443,EA,10000,2026-04-24,,,,,,,,,,,,,,,,,,,,,
200,2100001285,0088210000128511,9102100001285113,20260410,EA,2000,2026-04-28,,,,,,,,,,,,,,,,,,,,,
200,2100001284,0088210000128410,9102100001284104,58891-1-1,EA,549,2026-05-01,,,,,,,,,,,,,,,,,,,,,
200,2100001284,0088210000128410,9102100001284104,58891-1-1,EA,549,2026-05-01,,,,,,,,,,,,,,,,,,,,,
200,2100001265,0088210000126510,9102100001265103,RA703-028309,EA,350,2026-04-17,,,,,,,,,,,,,,,,,,,,,
200,2100001262,0088210000126210,9102100001262101,10728,EA,1,2026-01-07,,,,,,,,,,,,,,,,,,,,,
200,2100001250,0088210000125010,9102100001250101,51136,EA,1,2026-01-05,,,,,,,,,,,,,,,,,,,,,
200,2100001243,0088210000124310,9102100001243103,250000277,EA,1440,2026-06-03,,,,,,,,,,,,,,,,,,,,,
200,2100001243,0088210000124310,9102100001243104,250000277,EA,680,2026-06-03,,,,,,,,,,,,,,,,,,,,,
200,2100001239,0088210000123950,9102100001239503,KD030444,EA,750,2026-04-24,,,,,,,,,,,,,,,,,,,,,
200,2100001201,0088210000120110,9102100001201104,51661,EA,90000,2026-02-16,,,,,,,,,,,,,,,,,,,,,
200,2100001166,0088210000116630,9102100001166303,RB331-KD029892,EA,25000,2026-04-17,,,,,,,,,,,,,,,,,,,,,
200,2100001164,0088210000116490,9102100001164902,KD031456,EA,500,2026-06-30,,,,,,,,,,,,,,,,,,,,,
200,2100001162,0088210000116230,9102100001162303,R8840-030026,EA,350,2026-04-17,,,,,,,,,,,,,,,,,,,,,
200,2100001142,0088210000114210,9102100001142101,21654,EA,1,2025-12-15,,,,,,,,,,,,,,,,,,,,,
200,2100001138,0088210000113811,9102100001138114,202603,EA,410,2026-06-08,,,,,,,,,,,,,,,,,,,,,
200,2100001138,0088210000113811,9102100001138113,202603,EA,8,2026-06-08,,,,,,,,,,,,,,,,,,,,,
200,2100001138,0088210000113811,9102100001138113,202603,EA,8,2026-06-08,,,,,,,,,,,,,,,,,,,,,
200,2100001136,0088210000113620,9102100001136203,KD029892,EA,2000,2026-03-23,,,,,,,,,,,,,,,,,,,,,
200,2100001136,0088210000113621,9102100001136212,KD029832,EA,850,2026-04-22,,,,,,,,,,,,,,,,,,,,,
200,2100001136,0088210000113622,9102100001136223,030841,EA,150,2026-05-22,,,,,,,,,,,,,,,,,,,,,
200,2100001128,0088210000112810,9102100001128101,2182026WAR,EA,1,2025-12-11,,,,,,,,,,,,,,,,,,,,,
200,2100001116,0088210000111620,9102100001116201,164210,EA,6000,2025-12-10,,,,,,,,,,,,,,,,,,,,,
200,2100001099,0088210000109910,9102100001099103,295695,EA,25000,2026-04-13,,,,,,,,,,,,,,,,,,,,,
200,2100001099,0088210000109920,9102100001099203,295696,EA,14000,2026-04-13,,,,,,,,,,,,,,,,,,,,,
200,2100001089,0088210000108920,9102100001089203,KD030043,EA,240,2026-02-06,,,,,,,,,,,,,,,,,,,,,
200,2100001089,0088210000108921,9102100001089212,RB331-KD029892,EA,100,2026-04-16,,,,,,,,,,,,,,,,,,,,,
200,2100001072,00882100001072100,91021000010721001,LDK2100001072ASR-UPS,EA,300,2025-12-02,,,,,,,,,,,,,,,,,,,,,
200,2100001072,00882100001072100,91021000010721003,12052025,EA,200,2025-12-02,,,,,,,,,,,,,,,,,,,,,
200,2100001066,0088210000106610,9102100001066103,,EA,103,2026-05-01,,,,,,,,,,,,,,,,,,,,,
200,2100001066,0088210000106610,9102100001066103,,EA,103,2026-05-01,,,,,,,,,,,,,,,,,,,,,
200,2100001066,0088210000106610,9102100001066104,,EA,664,2026-05-01,,,,,,,,,,,,,,,,,,,,,
200,2100001066,0088210000106610,9102100001066104,,EA,664,2026-05-01,,,,,,,,,,,,,,,,,,,,,
200,2100001066,0088210000106610,9102100001066104,,EA,664,2026-05-01,,,,,,,,,,,,,,,,,,,,,
200,2100001066,0088210000106610,9102100001066104,,EA,664,2026-05-01,,,,,,,,,,,,,,,,,,,,,
200,2100001066,0088210000106610,9102100001066104,,EA,664,2026-05-01,,,,,,,,,,,,,,,,,,,,,
200,2100001066,0088210000106610,9102100001066104,,EA,664,2026-05-01,,,,,,,,,,,,,,,,,,,,,
200,2100001061,0088210000106120,9102100001061204,KD029729,EA,150,2026-03-30,,,,,,,,,,,,,,,,,,,,,
200,2100001061,0088210000106121,9102100001061212,KD029729,EA,1200,2026-04-07,,,,,,,,,,,,,,,,,,,,,
200,2100001052,0088210000105230,9102100001052302,5881931,EA,100,2026-02-10,,,,,,,,,,,,,,,,,,,,,
200,2100001052,0088210000105230,9102100001052302,5881931,EA,100,2026-02-10,,,,,,,,,,,,,,,,,,,,,
200,2100001046,0088210000104610,9102100001046103,20260529,EA,500,2026-04-28,,,,,,,,,,,,,,,,,,,,,
200,2100001039,0088210000103910,9102100001039102,KAP-ASR-2601,EA,250,2026-03-16,,,,,,,,,,,,,,,,,,,,,
200,2100001039,0088210000103920,9102100001039202,KAP-ASR-2601,EA,250,2026-03-16,,,,,,,,,,,,,,,,,,,,,
200,2100001036,0088210000103630,9102100001036303,871517193048,EA,48,2026-03-30,,,,,,,,,,,,,,,,,,,,,
200,2100001035,0088210000103510,9102100001035102,083971,EA,12,2026-03-02,,,,,,,,,,,,,,,,,,,,,
200,2100001033,0088210000103380,9102100001033803,KD029728,EA,250,2026-04-06,,,,,,,,,,,,,,,,,,,,,
200,2100001033,00882100001033180,91021000010331803,KD029728,EA,750,2026-04-06,,,,,,,,,,,,,,,,,,,,,
200,2100001033,00882100001033210,91021000010332102,KD030117,EA,1720,2026-04-10,,,,,,,,,,,,,,,,,,,,,
200,2100001031,0088210000103110,9102100001031103,R8440-KD030026,EA,1750,2026-04-17,,,,,,,,,,,,,,,,,,,,,
200,2100001030,0088210000103040,9102100001030403,KD029728,EA,250,2026-04-06,,,,,,,,,,,,,,,,,,,,,
200,2100001030,00882100001030170,91021000010301703,KD029728,EA,1750,2026-04-06,,,,,,,,,,,,,,,,,,,,,
200,2100001029,0088210000102940,9102100001029403,KD029728,EA,750,2026-04-06,,,,,,,,,,,,,,,,,,,,,
200,2100001005,0088210000100510,9102100001005103,LXNI0116,EA,70,2026-03-12,,,,,,,,,,,,,,,,,,,,,
200,2100001005,0088210000100520,9102100001005203,LXNI0116,EA,50,2026-03-12,,,,,,,,,,,,,,,,,,,,,
200,2100001005,0088210000100550,9102100001005503,LXNI0116,EA,50,2026-03-12,,,,,,,,,,,,,,,,,,,,,
200,2100001005,0088210000100560,9102100001005603,LNXI0116,EA,100,2026-03-12,,,,,,,,,,,,,,,,,,,,,
200,2100001005,0088210000100570,9102100001005703,LXNI0116,EA,250,2026-03-12,,,,,,,,,,,,,,,,,,,,,
200,2100001005,0088210000100580,9102100001005803,LXNI0116,EA,250,2026-03-12,,,,,,,,,,,,,,,,,,,,,
200,2100001005,0088210000100590,9102100001005903,LXNI0116,EA,100,2026-03-12,,,,,,,,,,,,,,,,,,,,,
200,2100001005,00882100001005100,91021000010051003,LXNI0116,EA,50,2026-03-12,,,,,,,,,,,,,,,,,,,,,
200,2100001005,00882100001005110,91021000010051103,LXNI0116,EA,250,2026-03-12,,,,,,,,,,,,,,,,,,,,,
200,2100001005,00882100001005120,91021000010051203,LXNI0116,EA,100,2026-03-20,,,,,,,,,,,,,,,,,,,,,
200,2100000998,0088210000099810,9102100000998102,083969,EA,132,2026-03-02,,,,,,,,,,,,,,,,,,,,,
200,2100000998,0088210000099860,9102100000998602,083967,EA,100,2026-03-02,,,,,,,,,,,,,,,,,,,,,
200,2100000998,0088210000099870,9102100000998702,083968,EA,50,2026-03-02,,,,,,,,,,,,,,,,,,,,,
200,2100000963,0088210000096330,9102100000963303,KAP-ASR-2601,EA,967,2026-03-16,,,,,,,,,,,,,,,,,,,,,
200,2100000948,0088210000094850,9102100000948503,58795-5-1,EA,322,2026-03-25,,,,,,,,,,,,,,,,,,,,,
200,2100000948,0088210000094850,9102100000948503,58795-5-1,EA,322,2026-03-25,,,,,,,,,,,,,,,,,,,,,
200,2100000921,0088210000092110,9102100000921103,250000277,EA,1440,2026-06-03,,,,,,,,,,,,,,,,,,,,,
200,2100000921,0088210000092110,9102100000921104,250000277,EA,1440,2026-06-03,,,,,,,,,,,,,,,,,,,,,
200,2100000913,0088210000091310,9102100000913103,KD029729,EA,4800,2026-03-30,,,,,,,,,,,,,,,,,,,,,
200,2100000913,0088210000091310,9102100000913105,KD029729,EA,950,2026-03-30,,,,,,,,,,,,,,,,,,,,,
200,2100000913,0088210000091311,9102100000913112,KD030043,EA,1000,2026-02-06,,,,,,,,,,,,,,,,,,,,,
200,2100000912,0088210000091210,9102100000912104,KD029729,EA,4800,2026-03-30,,,,,,,,,,,,,,,,,,,,,
200,2100000912,0088210000091210,9102100000912103,KD029729,EA,4800,2026-03-30,,,,,,,,,,,,,,,,,,,,,
200,2100000912,0088210000091220,9102100000912203,KD029729,EA,2000,2026-03-30,,,,,,,,,,,,,,,,,,,,,
200,2100000905,0088210000090510,9102100000905105,25-26/200,EA,104,2026-04-24,,,,,,,,,,,,,,,,,,,,,
200,2100000905,0088210000090511,9102100000905113,25-26/200,EA,11200,2026-04-24,,,,,,,,,,,,,,,,,,,,,
200,2100000895,0088210000089510,9102100000895104,ASR251205100,EA,40,2025-12-10,,,,,,,,,,,,,,,,,,,,,
200,2100000895,0088210000089510,9102100000895105,251205100,EA,60,2025-12-10,,,,,,,,,,,,,,,,,,,,,
200,2100000892,0088210000089210,9102100000892102,58783-1-1,EA,65,2026-01-26,,,,,,,,,,,,,,,,,,,,,
200,2100000892,0088210000089210,9102100000892102,58783-1-1,EA,65,2026-01-26,,,,,,,,,,,,,,,,,,,,,
200,2100000886,00882100000886320,91021000008863203,RA703-028309,EA,250,2026-04-17,,,,,,,,,,,,,,,,,,,,,
200,2100000885,0088210000088520,9102100000885203,KD029649,EA,100,2026-04-06,,,,,,,,,,,,,,,,,,,,,
200,2100000885,0088210000088570,9102100000885703,KD029649,EA,100,2026-04-06,,,,,,,,,,,,,,,,,,,,,
200,2100000885,0088210000088590,9102100000885903,KD029649,EA,450,2026-04-06,,,,,,,,,,,,,,,,,,,,,
200,2100000885,00882100000885150,91021000008851503,KD029649,EA,1000,2026-04-06,,,,,,,,,,,,,,,,,,,,,
200,2100000885,00882100000885170,91021000008851703,KD029649,EA,1000,2026-04-06,,,,,,,,,,,,,,,,,,,,,
200,2100000885,00882100000885180,91021000008851803,KD029649,EA,1000,2026-04-06,,,,,,,,,,,,,,,,,,,,,
200,2100000885,00882100000885210,91021000008852103,KD029649,EA,500,2026-04-06,,,,,,,,,,,,,,,,,,,,,
200,2100000885,00882100000885220,91021000008852203,KD029649,EA,2500,2026-04-06,,,,,,,,,,,,,,,,,,,,,
200,2100000885,00882100000885240,91021000008852403,KD029649,EA,100,2026-04-06,,,,,,,,,,,,,,,,,,,,,
200,2100000885,00882100000885250,91021000008852503,KD029649,EA,100,2026-04-06,,,,,,,,,,,,,,,,,,,,,
200,2100000885,00882100000885260,91021000008852603,KD029649,EA,100,2026-04-06,,,,,,,,,,,,,,,,,,,,,
200,2100000885,00882100000885270,91021000008852703,KD029649,EA,250,2026-04-06,,,,,,,,,,,,,,,,,,,,,
200,2100000881,0088210000088110,9102100000881101,1985,EA,50,2025-11-19,,,,,,,,,,,,,,,,,,,,,
200,2100000874,0088210000087410,9102100000874101,EMAIL111125,EA,1,2025-11-14,,,,,,,,,,,,,,,,,,,,,
200,2100000865,0088210000086510,9102100000865101,2025-101,EA,1,2025-11-28,,,,,,,,,,,,,,,,,,,,,
200,2100000861,0088210000086110,9102100000861103,PL25120059,EA,75,2026-02-24,,,,,,,,,,,,,,,,,,,,,
200,2100000860,0088210000086010,9102100000860103,PL25120059,EA,2000,2026-01-28,,,,,,,,,,,,,,,,,,,,,
200,2100000850,0088210000085010,9102100000850102,5877211,EA,3000,2026-01-26,,,,,,,,,,,,,,,,,,,,,
200,2100000850,0088210000085010,9102100000850102,5877211,EA,3000,2026-01-26,,,,,,,,,,,,,,,,,,,,,
200,2100000825,0088210000082510,9102100000825103,31872,EA,200,2025-12-15,,,,,,,,,,,,,,,,,,,,,
200,2100000821,0088210000082110,9102100000821102,13593,EA,300,2026-01-05,,,,,,,,,,,,,,,,,,,,,
200,2100000821,0088210000082120,9102100000821202,13593,EA,10,2026-01-05,,,,,,,,,,,,,,,,,,,,,
200,2100000821,0088210000082130,9102100000821302,13593,EA,10,2026-01-05,,,,,,,,,,,,,,,,,,,,,
200,2100000821,0088210000082140,9102100000821402,13593,EA,10,2026-01-05,,,,,,,,,,,,,,,,,,,,,
200,2100000821,0088210000082150,9102100000821502,13593,EA,10,2026-01-05,,,,,,,,,,,,,,,,,,,,,
200,2100000821,0088210000082160,9102100000821602,13593,EA,10,2026-01-05,,,,,,,,,,,,,,,,,,,,,
200,2100000821,0088210000082170,9102100000821702,13593,EA,5,2026-01-05,,,,,,,,,,,,,,,,,,,,,
200,2100000821,0088210000082180,9102100000821802,13593,EA,10,2026-01-05,,,,,,,,,,,,,,,,,,,,,
200,2100000821,0088210000082190,9102100000821902,13593,EA,10,2026-01-05,,,,,,,,,,,,,,,,,,,,,
200,2100000805,0088210000080560,9102100000805603,R8840-KD028325,EA,15000,2026-01-28,,,,,,,,,,,,,,,,,,,,,
200,2100000797,0088210000079720,9102100000797203,RA703-028309,EA,250,2026-04-17,,,,,,,,,,,,,,,,,,,,,
200,2100000797,0088210000079740,9102100000797403,RA703-KD028309,EA,250,2026-04-17,,,,,,,,,,,,,,,,,,,,,
200,2100000797,0088210000079750,9102100000797503,RA703-028309,EA,240,2026-04-17,,,,,,,,,,,,,,,,,,,,,
200,2100000797,0088210000079760,9102100000797603,RA703-KD028309,EA,250,2026-04-17,,,,,,,,,,,,,,,,,,,,,
200,2100000797,0088210000079780,9102100000797803,RA703-KD028309,EA,250,2026-04-17,,,,,,,,,,,,,,,,,,,,,
200,2100000797,00882100000797100,91021000007971003,RA703-KD028309,EA,250,2026-04-17,,,,,,,,,,,,,,,,,,,,,
200,2100000797,00882100000797110,91021000007971103,RA703-KD028309,EA,250,2026-04-17,,,,,,,,,,,,,,,,,,,,,
200,2100000797,00882100000797120,91021000007971203,RA703-028309,EA,250,2026-04-17,,,,,,,,,,,,,,,,,,,,,
200,2100000797,00882100000797130,91021000007971303,RA703-KD028309,EA,250,2026-04-17,,,,,,,,,,,,,,,,,,,,,
200,2100000797,00882100000797140,91021000007971403,RA703-KD028309,EA,500,2026-04-17,,,,,,,,,,,,,,,,,,,,,
200,2100000797,00882100000797160,91021000007971603,RA703-028309,EA,250,2026-04-17,,,,,,,,,,,,,,,,,,,,,
200,2100000797,00882100000797180,91021000007971803,RA703-KD028309,EA,350,2026-04-17,,,,,,,,,,,,,,,,,,,,,
200,2100000797,00882100000797190,91021000007971903,RA703-KD028309,EA,250,2026-04-17,,,,,,,,,,,,,,,,,,,,,
200,2100000797,00882100000797200,91021000007972003,RA703-KD028309,EA,250,2026-04-17,,,,,,,,,,,,,,,,,,,,,
200,2100000797,00882100000797210,91021000007972103,RA703-KD028309,EA,250,2026-04-17,,,,,,,,,,,,,,,,,,,,,
200,2100000797,00882100000797220,91021000007972203,RA703-028309,EA,250,2026-04-17,,,,,,,,,,,,,,,,,,,,,
200,2100000797,00882100000797240,91021000007972403,RA703-KD028309,EA,250,2026-04-17,,,,,,,,,,,,,,,,,,,,,
200,2100000797,00882100000797250,91021000007972503,RA703-KD028309,EA,250,2026-04-17,,,,,,,,,,,,,,,,,,,,,
200,2100000797,00882100000797260,91021000007972603,RA703-028309,EA,250,2026-04-17,,,,,,,,,,,,,,,,,,,,,
200,2100000797,00882100000797270,91021000007972703,RA703-KD028309,EA,250,2026-04-17,,,,,,,,,,,,,,,,,,,,,
200,2100000797,00882100000797280,91021000007972803,RA703-KD028309,EA,250,2026-04-17,,,,,,,,,,,,,,,,,,,,,
200,2100000793,0088210000079310,9102100000793101,1208MB,EA,32,2025-11-12,,,,,,,,,,,,,,,,,,,,,
200,2100000786,0088210000078680,9102100000786803,KD029649,EA,250,2026-04-06,,,,,,,,,,,,,,,,,,,,,
200,2100000786,00882100000786120,91021000007861203,KD029649,EA,250,2026-04-06,,,,,,,,,,,,,,,,,,,,,
200,2100000785,00882100000785280,91021000007852803,RA703-028309,EA,250,2026-04-17,,,,,,,,,,,,,,,,,,,,,
200,2100000785,00882100000785310,91021000007853103,KD029649,EA,250,2026-04-06,,,,,,,,,,,,,,,,,,,,,
200,2100000781,0088210000078120,9102100000781203,PL25120059,EA,130,2026-02-24,,,,,,,,,,,,,,,,,,,,,
200,2100000776,0088210000077610,9102100000776102,5875511,EA,164,2025-12-19,,,,,,,,,,,,,,,,,,,,,
200,2100000776,0088210000077610,9102100000776102,5875511,EA,164,2025-12-19,,,,,,,,,,,,,,,,,,,,,
200,2100000775,0088210000077540,9102100000775403,RA703-KD029417,EA,250,2026-01-16,,,,,,,,,,,,,,,,,,,,,
200,2100000775,0088210000077550,9102100000775503,RA703-KD029417,EA,250,2026-01-16,,,,,,,,,,,,,,,,,,,,,
200,2100000775,0088210000077560,9102100000775603,RA703-KD029417,EA,250,2026-01-16,,,,,,,,,,,,,,,,,,,,,
200,2100000775,0088210000077570,9102100000775703,RA703-KD029417,EA,250,2026-01-16,,,,,,,,,,,,,,,,,,,,,
200,2100000775,0088210000077580,9102100000775803,RA703-KD029417,EA,250,2026-01-16,,,,,,,,,,,,,,,,,,,,,
200,2100000775,0088210000077590,9102100000775903,RA703-KD029417,EA,250,2026-01-16,,,,,,,,,,,,,,,,,,,,,
200,2100000775,00882100000775330,91021000007753303,RA703-KD029417,EA,250,2026-01-16,,,,,,,,,,,,,,,,,,,,,
200,2100000768,00882100000768180,91021000007681803,20260320,EA,100,2026-05-22,,,,,,,,,,,,,,,,,,,,,
200,2100000767,00882100000767130,91021000007671303,KD029649,EA,250,2026-04-06,,,,,,,,,,,,,,,,,,,,,
200,2100000767,00882100000767240,91021000007672403,KD029649,EA,250,2026-04-06,,,,,,,,,,,,,,,,,,,,,
200,2100000767,00882100000767270,91021000007672703,KD029649,EA,250,2026-04-06,,,,,,,,,,,,,,,,,,,,,
200,2100000766,00882100000766110,91021000007661103,KD029649,EA,750,2026-04-06,,,,,,,,,,,,,,,,,,,,,
200,2100000766,00882100000766110,91021000007661104,KD029649,EA,250,2026-04-06,,,,,,,,,,,,,,,,,,,,,
200,2100000733,0088210000073310,9102100000733102,083769,EA,500,2026-01-15,,,,,,,,,,,,,,,,,,,,,
200,2100000732,00882100000732120,91021000007321203,083737,EA,212,2026-03-02,,,,,,,,,,,,,,,,,,,,,
200,2100000732,00882100000732170,91021000007321703,084090,EA,4,2026-04-03,,,,,,,,,,,,,,,,,,,,,
200,2100000724,00882100000724150,91021000007241501,1288286,EA,200,2025-11-07,,,,,,,,,,,,,,,,,,,,,
200,2100000724,00882100000724150,91021000007241502,1285830,EA,100,2025-11-07,,,,,,,,,,,,,,,,,,,,,
200,2100000722,00882100000722240,91021000007222401,0352207,EA,2,2025-11-05,,,,,,,,,,,,,,,,,,,,,
200,2100000711,0088210000071110,9102100000711103,45254286399,EA,294,2025-12-23,,,,,,,,,,,,,,,,,,,,,
200,2100000686,0088210000068610,9102100000686104,RB331-KD029181,EA,100,2025-11-26,,,,,,,,,,,,,,,,,,,,,
200,2100000686,0088210000068610,9102100000686103,KD029181,EA,500,2025-11-26,,,,,,,,,,,,,,,,,,,,,
200,2100000686,0088210000068611,9102100000686113,KD029228,EA,900,2026-02-05,,,,,,,,,,,,,,,,,,,,,
200,2100000684,0088210000068410,9102100000684101,KD028745,EA,715,2026-01-16,,,,,,,,,,,,,,,,,,,,,
200,2100000684,0088210000068411,9102100000684113,KD029271,EA,510,2025-12-17,,,,,,,,,,,,,,,,,,,,,
200,2100000684,0088210000068412,9102100000684123,KD029535,EA,215,2026-01-12,,,,,,,,,,,,,,,,,,,,,
200,2100000684,0088210000068412,9102100000684124,KD029535,EA,735,2026-01-12,,,,,,,,,,,,,,,,,,,,,
200,2100000657,0088210000065730,9102100000657304,RB331-KD029228,EA,77000,2026-01-28,,,,,,,,,,,,,,,,,,,,,
200,2100000657,0088210000065730,9102100000657304,RB331-KD029228,EA,77000,2026-01-28,,,,,,,,,,,,,,,,,,,,,
200,2100000657,0088210000065730,9102100000657303,KD029228,EA,161000,2026-01-28,,,,,,,,,,,,,,,,,,,,,
200,2100000657,0088210000065731,9102100000657313,KD029729,EA,98000,2026-04-06,,,,,,,,,,,,,,,,,,,,,
200,2100000657,0088210000065731,9102100000657313,KD029729,EA,98000,2026-04-06,,,,,,,,,,,,,,,,,,,,,
200,2100000657,0088210000065731,9102100000657313,KD029729,EA,98000,2026-04-06,,,,,,,,,,,,,,,,,,,,,
200,2100000657,0088210000065731,9102100000657314,KD029729,EA,6000,2026-04-06,,,,,,,,,,,,,,,,,,,,,
200,2100000656,0088210000065610,9102100000656105,KD029892,EA,1920,2026-04-17,,,,,,,,,,,,,,,,,,,,,
200,2100000656,0088210000065610,9102100000656107,RB331-KD030443,EA,480,2026-04-17,,,,,,,,,,,,,,,,,,,,,
200,2100000656,0088210000065610,9102100000656107,RB331-KD030443,EA,480,2026-04-17,,,,,,,,,,,,,,,,,,,,,
200,2100000656,0088210000065610,9102100000656107,RB331-KD030443,EA,480,2026-04-17,,,,,,,,,,,,,,,,,,,,,
200,2100000656,0088210000065611,9102100000656113,KD029892,EA,1920,2026-04-24,,,,,,,,,,,,,,,,,,,,,
200,2100000656,0088210000065611,9102100000656114,KD029892,EA,480,2026-04-24,,,,,,,,,,,,,,,,,,,,,
200,2100000647,0088210000064710,9102100000647103,CS50577,EA,49,2025-12-29,,,,,,,,,,,,,,,,,,,,,
200,2100000643,0088210000064310,9102100000643103,PL25120059,EA,25,2026-02-24,,,,,,,,,,,,,,,,,,,,,
200,2100000643,0088210000064311,9102100000643113,PL25120059,EA,1500,2026-02-24,,,,,,,,,,,,,,,,,,,,,
200,2100000628,0088210000062830,9102100000628301,0043205,EA,204,2025-12-23,,,,,,,,,,,,,,,,,,,,,
200,2100000626,0088210000062620,9102100000626202,5871521,EA,125,2025-12-23,,,,,,,,,,,,,,,,,,,,,
200,2100000626,0088210000062620,9102100000626202,5871521,EA,125,2025-12-23,,,,,,,,,,,,,,,,,,,,,
200,2100000615,0088210000061510,9102100000615103,KD028101,EA,240,2025-11-17,,,,,,,,,,,,,,,,,,,,,
200,2100000615,0088210000061520,9102100000615202,3225B2,EA,35,2026-03-18,,,,,,,,,,,,,,,,,,,,,
200,2100000614,0088210000061420,9102100000614203,PL25120059,EA,604,2026-02-24,,,,,,,,,,,,,,,,,,,,,
200,2100000591,0088210000059140,9102100000591402,20251222033208,EA,100,2025-12-18,,,,,,,,,,,,,,,,,,,,,
200,2100000585,0088210000058510,9102100000585101,1CJ3WC2,EA,3,2025-10-24,,,,,,,,,,,,,,,,,,,,,
200,2100000580,0088210000058010,9102100000580101,LZX6188-0001,EA,2,2025-10-24,,,,,,,,,,,,,,,,,,,,,
200,2100000580,0088210000058020,9102100000580201,LZX6188-00001,EA,1,2025-10-24,,,,,,,,,,,,,,,,,,,,,
200,2100000580,0088210000058030,9102100000580301,LZX6188-00001,EA,1,2025-10-24,,,,,,,,,,,,,,,,,,,,,
200,2100000580,0088210000058040,9102100000580401,LZX6188-00001,EA,1,2025-10-24,,,,,,,,,,,,,,,,,,,,,
200,2100000580,0088210000058050,9102100000580501,LZX6188-00001,EA,2,2025-10-24,,,,,,,,,,,,,,,,,,,,,
200,2100000573,0088210000057340,9102100000573405,KD029728,EA,150,2026-04-06,,,,,,,,,,,,,,,,,,,,,
200,2100000573,0088210000057350,9102100000573503,R8840-KD028325,EA,25000,2026-01-28,,,,,,,,,,,,,,,,,,,,,
200,2100000573,0088210000057390,9102100000573904,R8840-KD028325,EA,225,2026-01-28,,,,,,,,,,,,,,,,,,,,,
200,2100000527,0088210000052710,9102100000527102,31825,EA,130,2025-11-12,,,,,,,,,,,,,,,,,,,,,
200,2100000527,0088210000052710,9102100000527104,31826,EA,38,2025-11-12,,,,,,,,,,,,,,,,,,,,,
200,2100000524,0088210000052410,9102100000524106,LPG25C1213,EA,45,2026-02-04,,,,,,,,,,,,,,,,,,,,,
200,2100000524,00882100000524160,91021000005241601,3/6/26EMAIL,EA,30,2026-05-08,,,,,,,,,,,,,,,,,,,,,
200,2100000524,0088210000052411,9102100000524113,LPG25C1213,EA,15,2026-03-23,,,,,,,,,,,,,,,,,,,,,
200,2100000518,00882100000518120,91021000005181203,KD028325,EA,890,2026-01-28,,,,,,,,,,,,,,,,,,,,,
200,2100000518,00882100000518121,91021000005181213,KD029728,EA,110,2026-04-06,,,,,,,,,,,,,,,,,,,,,
200,2100000506,0088210000050650,9102100000506503,31801,EA,200,2025-11-14,,,,,,,,,,,,,,,,,,,,,
200,2100000496,0088210000049610,9102100000496102,5868311,EA,110,2026-01-16,,,,,,,,,,,,,,,,,,,,,
200,2100000496,0088210000049610,9102100000496102,5868311,EA,110,2026-01-16,,,,,,,,,,,,,,,,,,,,,
200,2100000494,0088210000049430,9102100000494303,20251108,EA,500000,2026-01-21,,,,,,,,,,,,,,,,,,,,,
200,2100000489,0088210000048910,9102100000489103,PL25120059,EA,2488,2026-02-24,,,,,,,,,,,,,,,,,,,,,
200,2100000480,0088210000048010,9102100000480104,HIP25-833,EA,48000,2026-01-29,,,,,,,,,,,,,,,,,,,,,
200,2100000464,0088210000046410,9102100000464102,4794712-01,EA,1000,2025-10-10,,,,,,,,,,,,,,,,,,,,,
200,2100000441,0088210000044120,9102100000441202,4547752-01,EA,1,2025-10-10,,,,,,,,,,,,,,,,,,,,,
200,2100000441,0088210000044130,9102100000441302,4547752-01,EA,1,2025-10-10,,,,,,,,,,,,,,,,,,,,,
200,2100000423,0088210000042310,9102100000423102,LPG25C1124,EA,237,2026-01-29,,,,,,,,,,,,,,,,,,,,,
200,2100000404,0088210000040420,9102100000404203,KD028325,EA,10000,2026-01-28,,,,,,,,,,,,,,,,,,,,,
200,2100000403,0088210000040311,9102100000403113,R8840-KD027598,EA,1840,2025-12-30,,,,,,,,,,,,,,,,,,,,,
200,2100000396,0088210000039610,9102100000396101,1CJ0DV3,EA,1,2025-10-08,,,,,,,,,,,,,,,,,,,,,
200,2100000396,0088210000039620,9102100000396202,LXK682700002,EA,1,2025-10-08,,,,,,,,,,,,,,,,,,,,,
200,2100000394,0088210000039410,9102100000394101,MB,EA,40,2025-10-14,,,,,,,,,,,,,,,,,,,,,
200,2100000392,0088210000039210,9102100000392101,MB,EA,5,2025-10-14,,,,,,,,,,,,,,,,,,,,,
200,2100000371,0088210000037110,9102100000371102,102825WAR,EA,8,2025-10-13,,,,,,,,,,,,,,,,,,,,,
200,2100000322,0088210000032210,9102100000322103,PL25120059,EA,1415,2026-02-24,,,,,,,,,,,,,,,,,,,,,
200,2100000302,0088210000030210,9102100000302101,31778,EA,1400,2025-11-14,,,,,,,,,,,,,,,,,,,,,
200,2100000302,0088210000030220,9102100000302201,31766,EA,1600,2025-11-14,,,,,,,,,,,,,,,,,,,,,
200,2100000302,0088210000030211,9102100000302112,31799,EA,2500,2025-11-14,,,,,,,,,,,,,,,,,,,,,
200,2100000302,0088210000030221,9102100000302212,2100000302,EA,3000,2025-11-14,,,,,,,,,,,,,,,,,,,,,
200,2100000276,0088210000027620,9102100000276207,LDK2100000276ASR,EA,12000,2025-12-12,,,,,,,,,,,,,,,,,,,,,
200,2100000269,00882100000269150,91021000002691503,31764,EA,54,2025-10-23,,,,,,,,,,,,,,,,,,,,,
200,2100000262,0088210000026220,9102100000262203,162149,EA,2604,2025-10-08,,,,,,,,,,,,,,,,,,,,,
200,2100000262,0088210000026220,9102100000262204,162149,EA,2052,2025-10-08,,,,,,,,,,,,,,,,,,,,,
200,2100000261,0088210000026160,9102100000261602,1269598,EA,620,2025-10-08,,,,,,,,,,,,,,,,,,,,,
200,2100000240,0088210000024010,9102100000240101,0043016,EA,48,2025-12-03,,,,,,,,,,,,,,,,,,,,,
200,2100000240,0088210000024030,9102100000240301,0043016,EA,48,2025-12-03,,,,,,,,,,,,,,,,,,,,,
200,2100000215,0088210000021510,9102100000215103,083797,EA,500,2026-01-15,,,,,,,,,,,,,,,,,,,,,
200,2100000215,0088210000021511,9102100000215113,083773,EA,500,2026-01-29,,,,,,,,,,,,,,,,,,,,,
200,2100000209,0088210000020910,9102100000209102,5862241,EA,2000,2025-11-19,,,,,,,,,,,,,,,,,,,,,
200,2100000209,0088210000020910,9102100000209102,5862241,EA,2000,2025-11-19,,,,,,,,,,,,,,,,,,,,,
200,2100000203,0088210000020310,9102100000203103,NR20251125US,EA,10000,2026-01-20,,,,,,,,,,,,,,,,,,,,,
200,2100000200,0088210000020010,9102100000200104,MJWDS20251010001,EA,648,2025-12-08,,,,,,,,,,,,,,,,,,,,,
200,2100000200,0088210000020011,9102100000200117,MJWDS20251124001,EA,216,2026-01-22,,,,,,,,,,,,,,,,,,,,,
200,2100000200,0088210000020011,9102100000200118,MJWDS20251124001,EA,136,2026-01-22,,,,,,,,,,,,,,,,,,,,,
200,2100000195,0088210000019520,9102100000195204,PL25120059,EA,955,2026-02-24,,,,,,,,,,,,,,,,,,,,,
200,2100000195,0088210000019520,9102100000195203,PL25120059,EA,1050,2026-02-24,,,,,,,,,,,,,,,,,,,,,
200,2100000190,0088210000019030,9102100000190303,R8840-KD27598,EA,750,2025-12-30,,,,,,,,,,,,,,,,,,,,,
200,2100000189,0088210000018910,9102100000189103,KD029729,EA,69000,2026-04-06,,,,,,,,,,,,,,,,,,,,,
200,2100000189,0088210000018910,9102100000189105,KD029729,EA,14000,2026-04-06,,,,,,,,,,,,,,,,,,,,,
200,2100000189,0088210000018910,9102100000189105,KD029729,EA,14000,2026-04-06,,,,,,,,,,,,,,,,,,,,,
200,2100000189,0088210000018911,9102100000189113,RB331-KD030443,EA,161000,2026-04-24,,,,,,,,,,,,,,,,,,,,,
200,2100000189,0088210000018912,9102100000189122,030839,EA,5000,2026-02-20,,,,,,,,,,,,,,,,,,,,,
200,2100000177,0088210000017730,9102100000177301,01166034753,EA,2,2025-09-19,,,,,,,,,,,,,,,,,,,,,
200,2100000169,0088210000016910,9102100000169104,NR20251013US,EA,426,2025-10-24,,,,,,,,,,,,,,,,,,,,,
200,2100000149,0088210000014910,9102100000149102,3491796-01,EA,2,2025-09-19,,,,,,,,,,,,,,,,,,,,,
200,2100000149,0088210000014920,9102100000149202,3491796-01,EA,1,2025-09-19,,,,,,,,,,,,,,,,,,,,,
200,2100000149,0088210000014930,9102100000149302,3491796-01,EA,1,2025-09-19,,,,,,,,,,,,,,,,,,,,,
200,2100000149,0088210000014940,9102100000149402,3491796-01,EA,1,2025-09-19,,,,,,,,,,,,,,,,,,,,,
200,2100000149,0088210000014950,9102100000149502,3491796-01,EA,1,2025-09-19,,,,,,,,,,,,,,,,,,,,,
200,2100000149,0088210000014960,9102100000149602,3491796-01,EA,1,2025-09-19,,,,,,,,,,,,,,,,,,,,,
200,2100000149,0088210000014970,9102100000149702,3491796-01,EA,1,2025-09-19,,,,,,,,,,,,,,,,,,,,,
200,2100000147,0088210000014710,9102100000147101,6684774762,EA,2,2025-09-16,,,,,,,,,,,,,,,,,,,,,
200,2100000147,0088210000014720,9102100000147201,6684774762,EA,1,2025-09-16,,,,,,,,,,,,,,,,,,,,,
200,2100000147,0088210000014730,9102100000147301,6684774762,EA,1,2025-09-16,,,,,,,,,,,,,,,,,,,,,
200,2100000145,00882100000145110,91021000001451103,31810,EA,210,2025-11-14,,,,,,,,,,,,,,,,,,,,,
200,2100000143,0088210000014310,9102100000143102,31795,EA,50,2025-11-14,,,,,,,,,,,,,,,,,,,,,
200,2100000142,0088210000014210,9102100000142102,31744,EA,598,2025-10-15,,,,,,,,,,,,,,,,,,,,,
200,2100000125,0088210000012540,9102100000125402,LPG25C1012,EA,5,2026-01-08,,,,,,,,,,,,,,,,,,,,,
200,2100000119,0088210000011910,9102100000119103,084487,EA,250,2026-06-10,,,,,,,,,,,,,,,,,,,,,
200,2100000119,0088210000011980,9102100000119802,083512,EA,60,2025-11-14,,,,,,,,,,,,,,,,,,,,,
200,2100000097,0088210000009720,9102100000097204,58603-2=1,EA,1091,2025-11-10,,,,,,,,,,,,,,,,,,,,,
200,2100000097,0088210000009720,9102100000097204,58603-2=1,EA,1091,2025-11-10,,,,,,,,,,,,,,,,,,,,,
200,2100000097,0088210000009740,9102100000097402,5860341,EA,706,2025-10-14,,,,,,,,,,,,,,,,,,,,,
200,2100000097,0088210000009740,9102100000097402,5860341,EA,706,2025-10-14,,,,,,,,,,,,,,,,,,,,,
200,2100000097,0088210000009750,9102100000097502,58603-5-1,EA,246,2025-11-25,,,,,,,,,,,,,,,,,,,,,
200,2100000097,0088210000009750,9102100000097502,58603-5-1,EA,246,2025-11-25,,,,,,,,,,,,,,,,,,,,,
200,2100000097,0088210000009760,9102100000097602,58603-6-1,EA,82,2025-11-25,,,,,,,,,,,,,,,,,,,,,
200,2100000097,0088210000009760,9102100000097602,58603-6-1,EA,82,2025-11-25,,,,,,,,,,,,,,,,,,,,,
200,2100000097,0088210000009770,9102100000097702,58603-7-1,EA,22,2025-11-25,,,,,,,,,,,,,,,,,,,,,
200,2100000097,0088210000009770,9102100000097702,58603-7-1,EA,22,2025-11-25,,,,,,,,,,,,,,,,,,,,,
200,2100000097,0088210000009780,9102100000097802,58603-8-1,EA,18,2025-11-25,,,,,,,,,,,,,,,,,,,,,
200,2100000097,0088210000009780,9102100000097802,58603-8-1,EA,18,2025-11-25,,,,,,,,,,,,,,,,,,,,,
200,2100000097,0088210000009790,9102100000097903,58603-9-1,EA,102,2025-11-18,,,,,,,,,,,,,,,,,,,,,
200,2100000097,0088210000009790,9102100000097903,58603-9-1,EA,102,2025-11-18,,,,,,,,,,,,,,,,,,,,,
200,2100000097,00882100000097100,91021000000971003,58603101,EA,100,2025-12-19,,,,,,,,,,,,,,,,,,,,,
200,2100000097,00882100000097100,91021000000971003,58603101,EA,100,2025-12-19,,,,,,,,,,,,,,,,,,,,,
200,2100000097,00882100000097110,91021000000971103,58603111,EA,75,2026-01-09,,,,,,,,,,,,,,,,,,,,,
200,2100000097,00882100000097110,91021000000971103,58603111,EA,75,2026-01-09,,,,,,,,,,,,,,,,,,,,,
200,2100000096,0088210000009610,9102100000096102,5860711,EA,50,2025-10-31,,,,,,,,,,,,,,,,,,,,,
200,2100000096,0088210000009610,9102100000096102,5860711,EA,50,2025-10-31,,,,,,,,,,,,,,,,,,,,,
200,2100000096,0088210000009620,9102100000096202,5860721,EA,163,2025-11-17,,,,,,,,,,,,,,,,,,,,,
200,2100000096,0088210000009620,9102100000096202,5860721,EA,163,2025-11-17,,,,,,,,,,,,,,,,,,,,,
200,2100000096,0088210000009620,9102100000096203,5860721,EA,51,2025-11-17,,,,,,,,,,,,,,,,,,,,,
200,2100000096,0088210000009620,9102100000096203,5860721,EA,51,2025-11-17,,,,,,,,,,,,,,,,,,,,,
200,2100000090,0088210000009010,9102100000090105,25PC0033,EA,110,2025-12-30,,,,,,,,,,,,,,,,,,,,,
200,2100000089,0088210000008920,91021000000892012,LPG25C1026,EA,628,2026-01-05,,,,,,,,,,,,,,,,,,,,,
200,2100000089,0088210000008930,9102100000089302,LPG25C1026,EA,92,2025-11-04,,,,,,,,,,,,,,,,,,,,,
200,2100000087,0088210000008710,9102100000087102,3459282-01,EA,50,2025-10-31,,,,,,,,,,,,,,,,,,,,,
200,2100000087,0088210000008720,9102100000087202,3459282-01,EA,1008,2025-10-31,,,,,,,,,,,,,,,,,,,,,
200,2100000062,0088210000006220,9102100000062203,R8840-KD027598,EA,16000,2025-12-30,,,,,,,,,,,,,,,,,,,,,
200,2100000062,0088210000006220,9102100000062204,KD027598,EA,2000,2025-12-30,,,,,,,,,,,,,,,,,,,,,
200,2100000062,0088210000006221,9102100000062213,R8840-KD027598,EA,18000,2026-01-28,,,,,,,,,,,,,,,,,,,,,
200,2100000062,0088210000006221,9102100000062214,R8840-KD028325,EA,32000,2026-01-28,,,,,,,,,,,,,,,,,,,,,
200,2100000061,0088210000006140,9102100000061403,R8840-KD027598,EA,15000,2025-12-30,,,,,,,,,,,,,,,,,,,,,
200,2100000056,0088210000005610,9102100000056103,KD027598,EA,50000,2025-12-30,,,,,,,,,,,,,,,,,,,,,
200,2100000047,00882100000047120,91021000000471202,KD028325,EA,100000,2026-02-11,,,,,,,,,,,,,,,,,,,,,
200,2100000047,00882100000047121,91021000000471212,R8840-KD030026,EA,10000,2026-04-17,,,,,,,,,,,,,,,,,,,,,
200,2100000039,0088210000003950,9102100000039502,LPG26C0429,EA,50,2026-05-04,,,,,,,,,,,,,,,,,,,,,
200,2100000032,0088210000003210,9102100000032103,083530,EA,100,2025-11-14,,,,,,,,,,,,,,,,,,,,,
200,2100000023,0088210000002390,9102100000023902,083517,EA,26,2025-11-17,,,,,,,,,,,,,,,,,,,,,
200,2100000021,0088210000002130,9102100000021303,083500,EA,40,2025-11-14,,,,,,,,,,,,,,,,,,,,,
200,2100000021,0088210000002150,9102100000021501,1008A2,EA,257,2026-02-04,,,,,,,,,,,,,,,,,,,,,
200,2100000021,0088210000002160,9102100000021601,083562,EA,128,2026-02-04,,,,,,,,,,,,,,,,,,,,,
200,2100000021,0088210000002180,9102100000021801,083942,EA,61,2026-04-09,,,,,,,,,,,,,,,,,,,,,
200,2100000019,0088210000001910,9102100000019103,R8840-KD028325,EA,220000,2026-01-21,,,,,,,,,,,,,,,,,,,,,
200,2100000019,0088210000001911,9102100000019113,KD029728,EA,10000,2026-04-06,,,,,,,,,,,,,,,,,,,,,
200,2100000019,0088210000001912,9102100000019123,KD030444,EA,40000,2026-04-24,,,,,,,,,,,,,,,,,,,,,
200,2100000017,0088210000001760,9102100000017603,KD027598,EA,32000,2025-12-30,,,,,,,,,,,,,,,,,,,,,
200,2100000017,0088210000001761,9102100000017612,KD027598,EA,24000,2026-02-20,,,,,,,,,,,,,,,,,,,,,
200,2100000017,0088210000001762,9102100000017623,KD029728,EA,27180,2026-04-06,,,,,,,,,,,,,,,,,,,,,
200,2100000007,00882100000007100,91021000000071001,54511,EA,120,2025-09-10,,,,,,,,,,,,,,,,,,,,,
200,2100000007,00882100000007200,91021000000072001,5435,EA,120,2025-09-23,,,,,,,,,,,,,,,,,,,,,
200,2100000006,0088210000000610,9102100000006102,,EA,720,2025-10-07,,,,,,,,,,,,,,,,,,,,,
200,2100000006,0088210000000610,9102100000006102,,EA,720,2025-10-07,,,,,,,,,,,,,,,,,,,,,
200,1131089,0088113108910,9101131089101,WR91925,EA,6,2025-10-03,,,,,,,,,,,,,,,,,,,,,
200,1131072,0088113107270,9101131072703,20251108,EA,3000,2026-01-02,,,,,,,,,,,,,,,,,,,,,
200,1131067,0088113106730,9101131067303,R8840-KD027598,EA,15000,2025-12-30,,,,,,,,,,,,,,,,,,,,,
200,1131067,0088113106770,9101131067703,KD027598,EA,7500,2025-12-30,,,,,,,,,,,,,,,,,,,,,
200,1131067,00881131067100,91011310671002,KD028560,EA,50000,2026-01-23,,,,,,,,,,,,,,,,,,,,,
200,1131067,00881131067290,91011310672903,KD027598,EA,4000,2025-12-30,,,,,,,,,,,,,,,,,,,,,
200,1131067,00881131067291,91011310672913,KD030444,EA,1000,2026-04-24,,,,,,,,,,,,,,,,,,,,,
200,1131052,0088113105210,9101131052102,DAVID 9/3/2025,EA,1,2025-09-02,,,,,,,,,,,,,,,,,,,,,
200,1131046,0088113104610,9101131046102,63078,EA,1849,2025-09-05,,,,,,,,,,,,,,,,,,,,,
200,1131046,0088113104610,9101131046102,63078,EA,1849,2025-09-05,,,,,,,,,,,,,,,,,,,,,
200,1131040,0088113104010,9101131040102,31714,EA,1,2025-09-26,,,,,,,,,,,,,,,,,,,,,
200,1131040,0088113104020,9101131040202,31714,EA,1,2025-09-26,,,,,,,,,,,,,,,,,,,,,
200,1131034,0088113103410,9101131034106,LPG25C1124,EA,240,2025-11-07,,,,,,,,,,,,,,,,,,,,,
200,1131034,0088113103420,9101131034203,LPG25C1124,EA,500,2026-02-16,,,,,,,,,,,,,,,,,,,,,
200,1131032,0088113103210,9101131032102,5854311,EA,400,2025-10-17,,,,,,,,,,,,,,,,,,,,,
200,1131032,0088113103210,9101131032102,5854311,EA,400,2025-10-17,,,,,,,,,,,,,,,,,,,,,
200,1131015,0088113101510,9101131015103,PL25149,EA,150,2026-01-19,,,,,,,,,,,,,,,,,,,,,
200,1131015,0088113101520,9101131015203,PL25149,EA,200,2026-01-19,,,,,,,,,,,,,,,,,,,,,
200,1131015,0088113101530,9101131015303,PL25149,EA,100,2026-01-19,,,,,,,,,,,,,,,,,,,,,
200,1131015,0088113101540,9101131015403,PL25149,EA,250,2026-01-19,,,,,,,,,,,,,,,,,,,,,
200,1131015,0088113101550,9101131015503,PL25149,EA,300,2026-01-19,,,,,,,,,,,,,,,,,,,,,
200,1131015,0088113101560,9101131015603,PL25149,EA,600,2026-01-19,,,,,,,,,,,,,,,,,,,,,
200,1131015,0088113101570,9101131015703,PL25149,EA,1200,2026-01-19,,,,,,,,,,,,,,,,,,,,,
200,1131015,0088113101580,9101131015803,PL25149,EA,200,2026-01-19,,,,,,,,,,,,,,,,,,,,,
200,1131015,0088113101590,9101131015903,PL25149,EA,700,2026-01-19,,,,,,,,,,,,,,,,,,,,,
200,1131015,00881131015100,91011310151003,PL25149,EA,150,2026-02-19,,,,,,,,,,,,,,,,,,,,,
200,1131015,00881131015100,91011310151004,PL25140,EA,150,2026-02-19,,,,,,,,,,,,,,,,,,,,,
200,1131013,0088113101360,9101131013603,PL25125,EA,200,2025-12-29,,,,,,,,,,,,,,,,,,,,,
200,1131011,00881131011770,91011310117704,PL25149,EA,200,2026-01-19,,,,,,,,,,,,,,,,,,,,,
200,1131007,00881131007210,91011310072105,20250927,EA,200,2025-11-13,,,,,,,,,,,,,,,,,,,,,
200,1131007,00881131007210,91011310072104,20250927,EA,250,2025-11-13,,,,,,,,,,,,,,,,,,,,,
200,1131006,0088113100640,9101131006402,20251111,EA,1800,2026-01-23,,,,,,,,,,,,,,,,,,,,,
200,1131006,0088113100650,9101131006502,20251111,EA,1200,2026-01-23,,,,,,,,,,,,,,,,,,,,,
200,1131006,00881131006130,91011310061303,20251108,EA,700,2026-01-02,,,,,,,,,,,,,,,,,,,,,
200,1131006,00881131006140,91011310061403,20251108,EA,1300,2026-01-02,,,,,,,,,,,,,,,,,,,,,
200,1131005,0088113100580,9101131005802,20250829,EA,46300,2026-01-23,,,,,,,,,,,,,,,,,,,,,
200,1131003,0088113100310,9101131003102,77842,EA,5000,2025-10-23,,,,,,,,,,,,,,,,,,,,,
200,1131002,0088113100230,9101131002302,20259520257414,EA,250,2025-10-23,,,,,,,,,,,,,,,,,,,,,
200,1130998,0088113099810,9101130998103,KD028084,EA,400,2025-12-30,,,,,,,,,,,,,,,,,,,,,
200,1130998,0088113099830,9101130998303,RA703-KD028084,EA,250,2025-12-30,,,,,,,,,,,,,,,,,,,,,
200,1130998,00881130998100,91011309981003,RA703-KD028084,EA,150,2025-12-30,,,,,,,,,,,,,,,,,,,,,
200,1130998,00881130998110,91011309981103,RA703-KD028084,EA,150,2025-12-30,,,,,,,,,,,,,,,,,,,,,
200,1130998,00881130998120,91011309981203,KD028084,EA,1000,2025-12-30,,,,,,,,,,,,,,,,,,,,,
200,1130998,00881130998130,91011309981303,KD028084,EA,250,2025-12-30,,,,,,,,,,,,,,,,,,,,,
200,1130998,00881130998140,91011309981403,RA703-KD028084,EA,150,2025-12-30,,,,,,,,,,,,,,,,,,,,,
200,1130998,00881130998140,91011309981404,RA703-KD028084,EA,100,2025-12-30,,,,,,,,,,,,,,,,,,,,,
200,1130998,00881130998150,91011309981503,RA703-KD028084,EA,250,2025-12-30,,,,,,,,,,,,,,,,,,,,,
200,1130998,00881130998160,91011309981603,RA703-KD028084,EA,150,2025-12-30,,,,,,,,,,,,,,,,,,,,,
200,1130998,00881130998170,91011309981703,RA703-KD028084,EA,250,2025-12-30,,,,,,,,,,,,,,,,,,,,,
200,1130998,00881130998180,91011309981803,RA703-KD028084,EA,100,2025-12-30,,,,,,,,,,,,,,,,,,,,,
200,1130998,00881130998190,91011309981903,RA703-KD028084,EA,100,2025-12-30,,,,,,,,,,,,,,,,,,,,,
200,1130998,00881130998200,91011309982003,RA703-KD028084,EA,100,2025-12-30,,,,,,,,,,,,,,,,,,,,,
200,1130998,00881130998210,91011309982103,RA703-KD028084,EA,100,2025-12-30,,,,,,,,,,,,,,,,,,,,,
200,1130998,00881130998220,91011309982203,RA703-KD028084,EA,100,2025-12-30,,,,,,,,,,,,,,,,,,,,,
200,1130998,00881130998230,91011309982303,RA703-KD028084,EA,100,2025-12-30,,,,,,,,,,,,,,,,,,,,,
200,1130998,00881130998240,91011309982403,RA703-KD028084,EA,100,2025-12-30,,,,,,,,,,,,,,,,,,,,,
200,1130998,00881130998250,91011309982503,RA703-KD028084,EA,100,2025-12-30,,,,,,,,,,,,,,,,,,,,,
200,1130998,00881130998260,91011309982603,RA703-KD028084,EA,100,2025-12-30,,,,,,,,,,,,,,,,,,,,,
200,1130998,00881130998270,91011309982703,RA703-KD028084,EA,100,2025-12-30,,,,,,,,,,,,,,,,,,,,,
200,1130998,00881130998300,91011309983003,RA703-KD028084,EA,250,2025-12-30,,,,,,,,,,,,,,,,,,,,,
200,1130998,00881130998310,91011309983103,RA703-KD028084,EA,100,2025-12-30,,,,,,,,,,,,,,,,,,,,,
200,1130998,00881130998320,91011309983203,RA703-KD028084,EA,100,2025-12-30,,,,,,,,,,,,,,,,,,,,,
200,1130979,00881130979220,91011309792202,31738,EA,1400,2025-08-25,,,,,,,,,,,,,,,,,,,,,
200,1130979,00881130979230,91011309792302,31738,EA,50,2025-08-25,,,,,,,,,,,,,,,,,,,,,
200,1130979,00881130979240,91011309792402,31738,EA,8,2025-08-25,,,,,,,,,,,,,,,,,,,,,
200,1130979,00881130979250,91011309792502,31738,EA,50,2025-08-25,,,,,,,,,,,,,,,,,,,,,
200,1130979,00881130979260,91011309792602,31738,EA,50,2025-08-25,,,,,,,,,,,,,,,,,,,,,
200,1130979,00881130979270,91011309792702,31738,EA,67,2025-08-25,,,,,,,,,,,,,,,,,,,,,
200,1130979,00881130979340,91011309793403,31821,EA,11,2025-11-14,,,,,,,,,,,,,,,,,,,,,
200,1130965,0088113096510,9101130965103,NR20250919,EA,100,2025-11-10,,,,,,,,,,,,,,,,,,,,,
200,1130965,0088113096520,9101130965204,NR20250919,EA,169,2025-11-10,,,,,,,,,,,,,,,,,,,,,
200,1130965,0088113096520,9101130965205,NR20250919,EA,125,2025-11-10,,,,,,,,,,,,,,,,,,,,,
200,1130965,0088113096520,9101130965205,NR20250919,EA,125,2025-11-10,,,,,,,,,,,,,,,,,,,,,
200,1130965,0088113096530,9101130965303,NR20250919,EA,500,2025-11-10,,,,,,,,,,,,,,,,,,,,,
200,1130963,0088113096310,9101130963103,083395,EA,150,2025-11-17,,,,,,,,,,,,,,,,,,,,,
200,1130963,0088113096320,9101130963203,083391,EA,100,2025-11-10,,,,,,,,,,,,,,,,,,,,,
200,1130963,0088113096340,9101130963402,083350,EA,2,2025-11-03,,,,,,,,,,,,,,,,,,,,,
200,1130963,0088113096360,9101130963603,083375,EA,1,2025-11-10,,,,,,,,,,,,,,,,,,,,,
200,1130963,0088113096370,9101130963703,1130963,EA,1,2025-10-15,,,,,,,,,,,,,,,,,,,,,
200,1130963,0088113096380,9101130963803,3410E2,EA,8,2025-11-10,,,,,,,,,,,,,,,,,,,,,
200,1130963,00881130963100,91011309631002,083921,EA,50,2026-03-03,,,,,,,,,,,,,,,,,,,,,
200,1130963,00881130963170,91011309631702,083361,EA,4,2025-11-03,,,,,,,,,,,,,,,,,,,,,
200,1130963,00881130963190,91011309631903,08402,EA,50,2025-11-10,,,,,,,,,,,,,,,,,,,,,
200,1130963,00881130963270,91011309632702,083456,EA,80,2025-11-03,,,,,,,,,,,,,,,,,,,,,
200,1130959,0088113095910,9101130959103,LXNH1112,EA,800,2025-12-30,,,,,,,,,,,,,,,,,,,,,
200,1130959,0088113095920,9101130959203,LXNH1112,EA,500,2025-12-30,,,,,,,,,,,,,,,,,,,,,
200,1130959,0088113095930,9101130959303,LXNH1112,EA,500,2025-12-18,,,,,,,,,,,,,,,,,,,,,
200,1130959,0088113095950,9101130959503,LXNH1112,EA,500,2025-12-30,,,,,,,,,,,,,,,,,,,,,
200,1130959,0088113095960,9101130959603,LXNH1112,EA,250,2025-12-30,,,,,,,,,,,,,,,,,,,,,
200,1130959,0088113095970,9101130959703,LXNH112,EA,700,2025-12-30,,,,,,,,,,,,,,,,,,,,,
200,1130959,0088113095980,9101130959803,LXNH112,EA,350,2025-12-30,,,,,,,,,,,,,,,,,,,,,
200,1130959,0088113095990,9101130959903,LXNH1112,EA,900,2025-12-30,,,,,,,,,,,,,,,,,,,,,
200,1130959,00881130959100,91011309591003,LXNH1112,EA,450,2025-12-30,,,,,,,,,,,,,,,,,,,,,
200,1130959,00881130959110,91011309591103,LXNH1112,EA,200,2025-12-30,,,,,,,,,,,,,,,,,,,,,
200,1130959,00881130959120,91011309591203,LXNH1112,EA,200,2025-12-30,,,,,,,,,,,,,,,,,,,,,
200,1130959,00881130959130,91011309591303,LXNH1112,EA,500,2025-12-30,,,,,,,,,,,,,,,,,,,,,
200,1130959,00881130959140,91011309591403,LXNH1112,EA,1200,2026-01-09,,,,,,,,,,,,,,,,,,,,,
200,1130959,00881130959150,91011309591503,LXNH1112,EA,1200,2026-01-09,,,,,,,,,,,,,,,,,,,,,
200,1130959,00881130959160,91011309591603,LXNH1112,EA,50,2025-12-30,,,,,,,,,,,,,,,,,,,,,
200,1130959,00881130959170,91011309591703,LXNH1112,EA,350,2026-02-09,,,,,,,,,,,,,,,,,,,,,
200,1130959,00881130959180,91011309591803,LXNH1112,EA,500,2025-12-30,,,,,,,,,,,,,,,,,,,,,
200,1130959,00881130959200,91011309592003,LXNH1112,EA,500,2025-12-30,,,,,,,,,,,,,,,,,,,,,
200,1130959,00881130959210,91011309592103,LXNH1112,EA,300,2025-12-30,,,,,,,,,,,,,,,,,,,,,
200,1130959,00881130959230,91011309592303,LXNH1112,EA,400,2025-12-18,,,,,,,,,,,,,,,,,,,,,
200,1130959,00881130959240,91011309592403,LXNH1112,EA,3949,2025-12-30,,,,,,,,,,,,,,,,,,,,,
200,1130934,0088113093410,9101130934102,0321608,EA,5,2025-07-28,,,,,,,,,,,,,,,,,,,,,
200,1130934,0088113093420,9101130934202,0321608,EA,40,2025-08-04,,,,,,,,,,,,,,,,,,,,,
200,1130925,0088113092510,9101130925102,0321566/00,EA,7,2025-07-28,,,,,,,,,,,,,,,,,,,,,
200,1130917,0088113091710,9101130917102,20250928,EA,1000,2025-12-19,,,,,,,,,,,,,,,,,,,,,
200,1130917,0088113091720,9101130917202,20250928,EA,1000,2025-12-19,,,,,,,,,,,,,,,,,,,,,
200,1130917,0088113091740,9101130917402,20250928,EA,50,2025-12-19,,,,,,,,,,,,,,,,,,,,,
200,1130917,0088113091750,9101130917502,20250928,EA,5000,2025-12-19,,,,,,,,,,,,,,,,,,,,,
200,1130917,0088113091780,9101130917802,20250928,EA,15000,2025-12-19,,,,,,,,,,,,,,,,,,,,,
200,1130917,0088113091790,9101130917902,20250928,EA,5000,2025-12-19,,,,,,,,,,,,,,,,,,,,,
200,1130917,00881130917100,91011309171002,20250928,EA,37,2025-12-19,,,,,,,,,,,,,,,,,,,,,
200,1130917,00881130917130,91011309171302,20250928,EA,150,2025-12-19,,,,,,,,,,,,,,,,,,,,,
200,1130917,00881130917140,91011309171402,20250928,EA,250,2025-12-19,,,,,,,,,,,,,,,,,,,,,
200,1130917,00881130917150,91011309171502,20250928,EA,300,2025-12-19,,,,,,,,,,,,,,,,,,,,,
200,1130917,00881130917170,91011309171702,20250928,EA,250,2025-12-19,,,,,,,,,,,,,,,,,,,,,
200,1130917,00881130917180,91011309171802,20250928,EA,250,2025-12-19,,,,,,,,,,,,,,,,,,,,,
200,1130917,00881130917230,91011309172302,20250928,EA,250,2025-12-19,,,,,,,,,,,,,,,,,,,,,
200,1130917,00881130917240,91011309172401,20250928,EA,500,2026-02-06,,,,,,,,,,,,,,,,,,,,,
200,1130917,00881130917250,91011309172501,20250928,EA,250,2026-02-06,,,,,,,,,,,,,,,,,,,,,
200,1130917,00881130917101,91011309171013,20251216,EA,3,2025-12-19,,,,,,,,,,,,,,,,,,,,,
200,1130912,0088113091250,9101130912502,I157083,EA,400,2025-08-21,,,,,,,,,,,,,,,,,,,,,
200,1130884,00881130884100,91011308841003,PL25080071,EA,2249,2025-10-22,,,,,,,,,,,,,,,,,,,,,
200,1130884,00881130884100,91011308841005,PL25080071,EA,600,2025-10-22,,,,,,,,,,,,,,,,,,,,,
200,1130884,00881130884100,91011308841005,PL25080071,EA,600,2025-10-22,,,,,,,,,,,,,,,,,,,,,
200,1130884,00881130884100,91011308841005,PL25080071,EA,600,2025-10-22,,,,,,,,,,,,,,,,,,,,,
200,1130884,00881130884120,91011308841204,PL25080034,EA,400,2025-10-07,,,,,,,,,,,,,,,,,,,,,
200,1130884,00881130884150,91011308841503,PL25080047,EA,4800,2025-10-07,,,,,,,,,,,,,,,,,,,,,
200,1130884,00881130884220,91011308842204,25090024,EA,6400,2025-11-04,,,,,,,,,,,,,,,,,,,,,
200,1130884,00881130884290,91011308842903,PL25080047,EA,1950,2025-10-07,,,,,,,,,,,,,,,,,,,,,
200,1130884,00881130884310,91011308843103,PL25080047,EA,2750,2025-10-07,,,,,,,,,,,,,,,,,,,,,
200,1130884,00881130884510,91011308845104,PL25080047,EA,2300,2025-10-07,,,,,,,,,,,,,,,,,,,,,
200,1130881,00881130881180,91011308811805,PL25125,EA,1425,2025-11-19,,,,,,,,,,,,,,,,,,,,,
200,1130881,00881130881670,91011308816704,PL25125,EA,100,2025-11-11,,,,,,,,,,,,,,,,,,,,,
200,1130881,00881130881670,91011308816705,PL25125,EA,900,2025-11-11,,,,,,,,,,,,,,,,,,,,,
200,1130869,0088113086910,9101130869102,0321064,EA,100,2025-07-21,,,,,,,,,,,,,,,,,,,,,
200,1130868,0088113086850,9101130868502,0043014,EA,306,2025-09-10,,,,,,,,,,,,,,,,,,,,,
200,1130868,00881130868150,91011308681504,0043617,EA,96,2025-11-20,,,,,,,,,,,,,,,,,,,,,
200,1130868,00881130868150,91011308681502,0043014,EA,144,2025-11-20,,,,,,,,,,,,,,,,,,,,,
200,1130864,0088113086410,9101130864102,110325WAR,EA,2500,2025-10-01,,,,,,,,,,,,,,,,,,,,,
200,1130863,0088113086320,9101130863202,5847021,EA,104,2025-12-01,,,,,,,,,,,,,,,,,,,,,
200,1130863,0088113086320,9101130863202,5847021,EA,104,2025-12-01,,,,,,,,,,,,,,,,,,,,,
200,1130851,0088113085110,9101130851103,083280,EA,100,2025-11-17,,,,,,,,,,,,,,,,,,,,,
200,1130837,0088113083710,9101130837103,2512005,EA,1000,2026-02-02,,,,,,,,,,,,,,,,,,,,,
200,1130831,0088113083110,9101130831103,R8840-KD027598,EA,5000,2025-12-30,,,,,,,,,,,,,,,,,,,,,
200,1130831,0088113083130,9101130831302,KD028088,EA,45000,2025-12-19,,,,,,,,,,,,,,,,,,,,,
200,1130831,0088113083131,9101130831313,RB331-KD028528,EA,5000,2025-12-19,,,,,,,,,,,,,,,,,,,,,
200,1130828,00881130828120,91011308281203,20912000,EA,3335,2026-01-02,,,,,,,,,,,,,,,,,,,,,
200,1130826,00881130826100,91011308261002,20250926,EA,4200,2025-12-19,,,,,,,,,,,,,,,,,,,,,
200,1130826,00881130826101,91011308261013,20251108,EA,25000,2025-12-19,,,,,,,,,,,,,,,,,,,,,
200,1130809,0088113080950,9101130809502,58455-5-1,EA,16,2025-09-02,,,,,,,,,,,,,,,,,,,,,
200,1130809,0088113080950,9101130809502,58455-5-1,EA,16,2025-09-02,,,,,,,,,,,,,,,,,,,,,
200,1130809,00881130809130,91011308091302,58455131,EA,800,2025-10-15,,,,,,,,,,,,,,,,,,,,,
200,1130809,00881130809130,91011308091302,58455131,EA,800,2025-10-15,,,,,,,,,,,,,,,,,,,,,
200,1130803,0088113080320,9101130803202,202556935600,EA,104,2025-10-03,,,,,,,,,,,,,,,,,,,,,
200,1130803,0088113080330,9101130803302,202556935700,EA,105,2025-10-03,,,,,,,,,,,,,,,,,,,,,
200,1130802,0088113080210,9101130802102,2506712,EA,66,2025-09-15,,,,,,,,,,,,,,,,,,,,,
200,1130794,0088113079450,9101130794503,PL25111,EA,92,2025-10-15,,,,,,,,,,,,,,,,,,,,,
200,1130787,00881130787170,91011307871704,KD028084,EA,250,2025-12-30,,,,,,,,,,,,,,,,,,,,,
200,1130771,0088113077110,9101130771104,083300,EA,100,2025-11-17,,,,,,,,,,,,,,,,,,,,,
200,1130752,00881130752750,91011307527501,20250928,EA,110,2026-02-06,,,,,,,,,,,,,,,,,,,,,
200,1130751,0088113075180,9101130751803,RA703-KD028084,EA,100,2025-12-30,,,,,,,,,,,,,,,,,,,,,
200,1130751,00881130751100,91011307511003,RA703-KD028084,EA,100,2025-12-30,,,,,,,,,,,,,,,,,,,,,
200,1130751,00881130751120,91011307511203,KD028084,EA,100,2025-12-30,,,,,,,,,,,,,,,,,,,,,
200,1130751,00881130751130,91011307511303,RA703-KD028084,EA,100,2025-12-30,,,,,,,,,,,,,,,,,,,,,
200,1130751,00881130751140,91011307511403,RA703-KD028084,EA,100,2025-12-30,,,,,,,,,,,,,,,,,,,,,
200,1130751,00881130751170,91011307511703,RA703-KD028084,EA,100,2025-12-30,,,,,,,,,,,,,,,,,,,,,
200,1130751,00881130751190,91011307511903,RA703-KD028084,EA,100,2025-12-30,,,,,,,,,,,,,,,,,,,,,
200,1130751,00881130751200,91011307512003,RA703-KD028084,EA,100,2025-12-30,,,,,,,,,,,,,,,,,,,,,
200,1130751,00881130751220,91011307512203,RA703-KD028084,EA,100,2025-12-30,,,,,,,,,,,,,,,,,,,,,
200,1130751,00881130751240,91011307512403,RA703-KD028084,EA,100,2025-12-30,,,,,,,,,,,,,,,,,,,,,
200,1130751,00881130751250,91011307512503,RA703-KD028084,EA,100,2025-12-30,,,,,,,,,,,,,,,,,,,,,
200,1130751,00881130751270,91011307512703,RA703-KD028084,EA,100,2025-12-30,,,,,,,,,,,,,,,,,,,,,
200,1130751,00881130751320,91011307513203,RA703-KD028084,EA,100,2025-12-30,,,,,,,,,,,,,,,,,,,,,
200,1130751,00881130751330,91011307513303,RA703-KD028084,EA,100,2025-12-30,,,,,,,,,,,,,,,,,,,,,
200,1130751,00881130751350,91011307513503,RA703-KD028084,EA,100,2025-12-30,,,,,,,,,,,,,,,,,,,,,
200,1130751,00881130751370,91011307513703,RA703-KD028084,EA,100,2025-12-30,,,,,,,,,,,,,,,,,,,,,
200,1130751,00881130751380,91011307513803,RA703-KD028084,EA,96,2025-12-30,,,,,,,,,,,,,,,,,,,,,
200,1130751,00881130751390,91011307513903,RA703-KD028084,EA,100,2025-12-30,,,,,,,,,,,,,,,,,,,,,
200,1130751,00881130751410,91011307514103,RA703-KD028084,EA,60,2025-12-30,,,,,,,,,,,,,,,,,,,,,
200,1130751,00881130751420,91011307514203,RA703-KD028084,EA,100,2025-12-30,,,,,,,,,,,,,,,,,,,,,
200,1130751,00881130751440,91011307514403,RA703-KD028084,EA,100,2025-12-30,,,,,,,,,,,,,,,,,,,,,
200,1130751,00881130751450,91011307514503,RA703-KD028084,EA,100,2025-12-30,,,,,,,,,,,,,,,,,,,,,
200,1130751,00881130751470,91011307514703,RA703-KD028084,EA,100,2025-12-30,,,,,,,,,,,,,,,,,,,,,
200,1130751,00881130751480,91011307514803,RA703-KD028084,EA,100,2025-12-30,,,,,,,,,,,,,,,,,,,,,
200,1130751,00881130751490,91011307514903,RA703-KD028084,EA,100,2025-12-30,,,,,,,,,,,,,,,,,,,,,
200,1130751,00881130751500,91011307515003,RA703-KD028084,EA,99,2025-12-30,,,,,,,,,,,,,,,,,,,,,
200,1130751,00881130751510,91011307515103,RA703-KD028084,EA,100,2025-12-30,,,,,,,,,,,,,,,,,,,,,
200,1130751,00881130751520,91011307515203,RA703-KD028084,EA,100,2025-12-30,,,,,,,,,,,,,,,,,,,,,
200,1130751,00881130751530,91011307515303,RA703-KD028084,EA,100,2025-12-30,,,,,,,,,,,,,,,,,,,,,
200,1130751,00881130751560,91011307515603,RA703-KD028084,EA,100,2025-12-30,,,,,,,,,,,,,,,,,,,,,
200,1130751,00881130751580,91011307515803,RA703-KD028084,EA,100,2025-12-30,,,,,,,,,,,,,,,,,,,,,
200,1130751,00881130751600,91011307516003,RA703-KD028084,EA,100,2025-12-30,,,,,,,,,,,,,,,,,,,,,
200,1130751,00881130751630,91011307516303,RA703-KD028084,EA,100,2025-12-30,,,,,,,,,,,,,,,,,,,,,
200,1130751,00881130751640,91011307516403,RA703-KD028084,EA,100,2025-12-30,,,,,,,,,,,,,,,,,,,,,
200,1130751,00881130751650,91011307516503,RA703-KD028084,EA,100,2025-12-30,,,,,,,,,,,,,,,,,,,,,
200,1130751,00881130751670,91011307516703,RA703-KD028084,EA,100,2025-12-30,,,,,,,,,,,,,,,,,,,,,
200,1130751,00881130751680,91011307516803,RA703-KD028084,EA,100,2025-12-30,,,,,,,,,,,,,,,,,,,,,
200,1130751,00881130751690,91011307516903,RA703-KD028084,EA,100,2025-12-30,,,,,,,,,,,,,,,,,,,,,
200,1130751,00881130751700,91011307517003,RA703-KD028084,EA,100,2025-12-30,,,,,,,,,,,,,,,,,,,,,
200,1130751,00881130751710,91011307517103,RA703-KD028084,EA,100,2025-12-30,,,,,,,,,,,,,,,,,,,,,
200,1130751,00881130751730,91011307517303,RA703-KD028084,EA,100,2025-12-30,,,,,,,,,,,,,,,,,,,,,
200,1130751,00881130751760,91011307517603,RA703-KD028084,EA,100,2025-12-30,,,,,,,,,,,,,,,,,,,,,
200,1130751,00881130751800,91011307518003,RA703-KD028084,EA,100,2025-12-30,,,,,,,,,,,,,,,,,,,,,
200,1130751,00881130751810,91011307518103,RA703-KD028084,EA,100,2025-12-30,,,,,,,,,,,,,,,,,,,,,
200,1130751,00881130751830,91011307518303,RA703-KD028084,EA,100,2025-12-30,,,,,,,,,,,,,,,,,,,,,
200,1130751,00881130751860,91011307518603,KD029649,EA,40,2026-04-06,,,,,,,,,,,,,,,,,,,,,
200,1130750,0088113075010,9101130750102,003132120,EA,2037,2025-11-14,,,,,,,,,,,,,,,,,,,,,
200,1130750,0088113075010,9101130750103,003132121,EA,563,2025-11-14,,,,,,,,,,,,,,,,,,,,,
200,1130739,0088113073970,9101130739702,20250829,EA,500,2025-12-19,,,,,,,,,,,,,,,,,,,,,
200,1130739,00881130739820,91011307398201,2025728,EA,250,2026-02-06,,,,,,,,,,,,,,,,,,,,,
200,1130739,00881130739561,91011307395612,20250928,EA,250,2026-02-06,,,,,,,,,,,,,,,,,,,,,
200,1130736,0088113073610,9101130736103,LXNH0909,EA,2500,2025-11-05,,,,,,,,,,,,,,,,,,,,,
200,1130714,0088113071410,9101130714103,R8840-KD027598,EA,5000,2025-12-30,,,,,,,,,,,,,,,,,,,,,
200,1130714,0088113071420,9101130714203,R8840-KD027598,EA,500,2025-12-30,,,,,,,,,,,,,,,,,,,,,
200,1130714,0088113071430,9101130714303,KD027598,EA,1000,2025-12-30,,,,,,,,,,,,,,,,,,,,,
200,1130714,0088113071450,9101130714503,KD027598,EA,10,2025-12-30,,,,,,,,,,,,,,,,,,,,,
200,1130714,0088113071460,9101130714603,R8840-KD027598,EA,7500,2025-12-30,,,,,,,,,,,,,,,,,,,,,
200,1130714,0088113071490,9101130714903,KD027598,EA,250,2025-12-30,,,,,,,,,,,,,,,,,,,,,
200,1130714,00881130714100,91011307141003,KD027598,EA,1000,2025-12-30,,,,,,,,,,,,,,,,,,,,,
200,1130714,00881130714110,91011307141103,KD027598,EA,1000,2025-12-30,,,,,,,,,,,,,,,,,,,,,
200,1130714,00881130714120,91011307141203,R8840-KD027598,EA,2500,2025-12-30,,,,,,,,,,,,,,,,,,,,,
200,1130714,00881130714160,91011307141603,KD027598,EA,100,2025-12-30,,,,,,,,,,,,,,,,,,,,,
200,1130714,00881130714170,91011307141703,R8840-KD027598,EA,2500,2025-12-30,,,,,,,,,,,,,,,,,,,,,
200,1130714,00881130714180,91011307141803,R8840-KD027598,EA,15000,2025-12-30,,,,,,,,,,,,,,,,,,,,,
200,1130714,00881130714190,91011307141903,R8840-KD027598,EA,350,2025-12-30,,,,,,,,,,,,,,,,,,,,,
200,1130714,00881130714200,91011307142003,KD027598,EA,250,2025-12-30,,,,,,,,,,,,,,,,,,,,,
200,1130714,00881130714210,91011307142103,R8840-KD027598,EA,3500,2025-12-30,,,,,,,,,,,,,,,,,,,,,
200,1130714,00881130714220,91011307142203,R8840-KD027598,EA,350,2025-12-30,,,,,,,,,,,,,,,,,,,,,
200,1130714,00881130714230,91011307142303,R8840-KD027598,EA,7500,2025-12-30,,,,,,,,,,,,,,,,,,,,,
200,1130714,00881130714240,91011307142403,R8840-KD027598,EA,1750,2025-12-30,,,,,,,,,,,,,,,,,,,,,
200,1130714,00881130714250,91011307142503,KD027598,EA,1750,2025-12-30,,,,,,,,,,,,,,,,,,,,,
200,1130714,00881130714260,91011307142603,KD027598,EA,1000,2025-12-30,,,,,,,,,,,,,,,,,,,,,
200,1130714,00881130714270,91011307142703,R8840-KD027598,EA,1000,2025-12-30,,,,,,,,,,,,,,,,,,,,,
200,1130714,00881130714280,91011307142803,R8840-KD027598,EA,20,2025-12-30,,,,,,,,,,,,,,,,,,,,,
200,1130714,00881130714290,91011307142903,KD027598,EA,1750,2025-12-30,,,,,,,,,,,,,,,,,,,,,
200,1130714,00881130714300,91011307143003,KD027598,EA,80,2025-12-30,,,,,,,,,,,,,,,,,,,,,
200,1130714,00881130714310,91011307143103,R8840-KD027598,EA,2500,2025-12-30,,,,,,,,,,,,,,,,,,,,,
200,1130714,00881130714320,91011307143203,KD027598,EA,2500,2025-12-30,,,,,,,,,,,,,,,,,,,,,
200,1130714,00881130714330,91011307143303,KD027598,EA,750,2025-12-30,,,,,,,,,,,,,,,,,,,,,
200,1130714,00881130714340,91011307143403,R8840-KD027598,EA,190,2025-12-30,,,,,,,,,,,,,,,,,,,,,
200,1130714,00881130714340,91011307143404,R8840-KD027598,EA,60,2025-12-30,,,,,,,,,,,,,,,,,,,,,
200,1130714,00881130714350,91011307143503,R8840-KD027598,EA,15000,2025-12-30,,,,,,,,,,,,,,,,,,,,,
200,1130714,00881130714360,91011307143603,R8840-KD027598,EA,1000,2025-12-30,,,,,,,,,,,,,,,,,,,,,
200,1130714,00881130714370,91011307143703,KD027598,EA,750,2025-12-30,,,,,,,,,,,,,,,,,,,,,
200,1130714,00881130714380,91011307143803,KD027598,EA,2500,2025-12-30,,,,,,,,,,,,,,,,,,,,,
200,1130714,00881130714390,91011307143903,KD027598,EA,10,2025-12-30,,,,,,,,,,,,,,,,,,,,,
200,1130714,00881130714400,91011307144003,R8840-KD027598,EA,250,2025-12-30,,,,,,,,,,,,,,,,,,,,,
200,1130714,00881130714420,91011307144203,R8840-KD027598,EA,2500,2025-12-30,,,,,,,,,,,,,,,,,,,,,
200,1130714,00881130714430,91011307144303,R8840-KD027598,EA,250,2025-12-30,,,,,,,,,,,,,,,,,,,,,
200,1130714,00881130714440,91011307144403,KD027598,EA,500,2025-12-30,,,,,,,,,,,,,,,,,,,,,
200,1130714,00881130714450,91011307144503,R8840-KD027598,EA,500,2025-12-30,,,,,,,,,,,,,,,,,,,,,
200,1130714,00881130714470,91011307144703,R8840-KD027598,EA,750,2025-12-30,,,,,,,,,,,,,,,,,,,,,
200,1130714,00881130714480,91011307144803,KD027598,EA,1000,2025-12-30,,,,,,,,,,,,,,,,,,,,,
200,1130714,00881130714490,91011307144903,KD027598,EA,1000,2025-12-30,,,,,,,,,,,,,,,,,,,,,
200,1130714,00881130714500,91011307145003,KD027598,EA,3500,2025-12-30,,,,,,,,,,,,,,,,,,,,,
200,1130714,00881130714510,91011307145103,R8840-KD027598,EA,1750,2025-12-30,,,,,,,,,,,,,,,,,,,,,
200,1130714,00881130714520,91011307145203,KD027598,EA,1750,2025-12-30,,,,,,,,,,,,,,,,,,,,,
200,1130714,00881130714530,91011307145303,R8840-KD027598,EA,3500,2025-12-30,,,,,,,,,,,,,,,,,,,,,
200,1130714,00881130714540,91011307145403,R8840-KD027598,EA,500,2025-12-30,,,,,,,,,,,,,,,,,,,,,
200,1130714,00881130714550,91011307145503,R8840-KD027598,EA,228,2025-12-30,,,,,,,,,,,,,,,,,,,,,
200,1130714,00881130714560,91011307145603,KD027598,EA,250,2025-12-30,,,,,,,,,,,,,,,,,,,,,
200,1130710,00881130710180,91011307101802,TEXT,EA,10,2025-07-25,,,,,,,,,,,,,,,,,,,,,
200,1130710,00881130710180,91011307101803,TEXT,EA,90,2025-07-25,,,,,,,,,,,,,,,,,,,,,
200,1130708,0088113070821,9101130708213,20251108,EA,15000,2025-12-19,,,,,,,,,,,,,,,,,,,,,
200,1130706,0088113070630,9101130706303,20251108,EA,25000,2026-01-02,,,,,,,,,,,,,,,,,,,,,
200,1130706,00881130706110,91011307061102,20250822,EA,25000,2026-01-07,,,,,,,,,,,,,,,,,,,,,
200,1130705,0088113070510,9101130705102,1361089,EA,1000,2025-09-12,,,,,,,,,,,,,,,,,,,,,
200,1130692,0088113069220,9101130692202,2506336,EA,825,2025-09-08,,,,,,,,,,,,,,,,,,,,,
200,1130690,0088113069050,9101130690502,0043014,EA,60,2025-08-01,,,,,,,,,,,,,,,,,,,,,
200,1130687,00881130687140,91011306871403,PL25097,EA,5,2025-09-12,,,,,,,,,,,,,,,,,,,,,
200,1130687,00881130687150,91011306871503,PL25097,EA,20,2025-09-12,,,,,,,,,,,,,,,,,,,,,
200,1130637,0088113063710,9101130637102,0309005035,EA,15000,2026-01-15,,,,,,,,,,,,,,,,,,,,,
200,1130637,0088113063720,9101130637204,0309005035,EA,12000,2026-01-15,,,,,,,,,,,,,,,,,,,,,
200,1130637,0088113063720,9101130637202,0309005035,EA,3300,2026-01-15,,,,,,,,,,,,,,,,,,,,,
200,1130637,0088113063740,9101130637403,0309005035,EA,4250,2026-02-11,,,,,,,,,,,,,,,,,,,,,
200,1130637,0088113063711,9101130637113,0309005035,EA,4950,2026-01-15,,,,,,,,,,,,,,,,,,,,,
200,1130637,0088113063711,9101130637114,0309005035,EA,10500,2026-01-15,,,,,,,,,,,,,,,,,,,,,
200,1130637,0088113063711,9101130637114,0309005035,EA,10500,2026-01-15,,,,,,,,,,,,,,,,,,,,,
200,1130637,0088113063711,9101130637114,0309005035,EA,10500,2026-01-15,,,,,,,,,,,,,,,,,,,,,
200,1130637,0088113063721,9101130637213,0309005035,EA,15300,2026-01-15,,,,,,,,,,,,,,,,,,,,,
200,1130637,0088113063741,9101130637414,0309005035,EA,14700,2026-01-20,,,,,,,,,,,,,,,,,,,,,
200,1130637,0088113063741,9101130637413,03090050035,EA,11200,2026-01-20,,,,,,,,,,,,,,,,,,,,,
200,1130637,0088113063741,9101130637413,03090050035,EA,11200,2026-01-20,,,,,,,,,,,,,,,,,,,,,
200,1130634,0088113063430,9101130634303,PL25070068,EA,4700,2025-09-12,,,,,,,,,,,,,,,,,,,,,
200,1130626,0088113062660,9101130626602,102925,EA,100,2025-08-11,,,,,,,,,,,,,,,,,,,,,
200,1130625,0088113062550,9101130625504,FXP250711,EA,5550,2025-08-11,,,,,,,,,,,,,,,,,,,,,
200,1130624,0088113062420,9101130624204,LDK210000561ASR,EA,5000,2025-11-06,,,,,,,,,,,,,,,,,,,,,
200,1130624,0088113062430,9101130624303,LDK1130623ASR,EA,300,2025-12-01,,,,,,,,,,,,,,,,,,,,,
200,1130624,0088113062460,9101130624603,LDK1130623ASR,EA,300,2025-12-01,,,,,,,,,,,,,,,,,,,,,
200,1130624,0088113062431,9101130624313,LDK1130624,EA,3000,2025-12-01,,,,,,,,,,,,,,,,,,,,,
200,1130623,0088113062320,9101130623202,LDK1130623ASR,EA,4800,2025-11-03,,,,,,,,,,,,,,,,,,,,,
200,1130623,0088113062321,9101130623214,LDK2100000276ASR,EA,2100,2025-11-03,,,,,,,,,,,,,,,,,,,,,
200,1130623,0088113062321,9101130623213,LDK1130624ASR,EA,3100,2025-11-03,,,,,,,,,,,,,,,,,,,,,
200,1130621,0088113062120,9101130621204,LPG25C1004,EA,630,2025-12-01,,,,,,,,,,,,,,,,,,,,,
200,1130621,0088113062120,91011306212010,LPG25C1026,EA,630,2025-12-01,,,,,,,,,,,,,,,,,,,,,
200,1130621,0088113062160,9101130621604,LPG25C1004,EA,600,2025-12-01,,,,,,,,,,,,,,,,,,,,,
200,1130621,0088113062160,9101130621602,LPG25C0926,EA,1200,2025-12-01,,,,,,,,,,,,,,,,,,,,,
200,1130620,0088113062040,91011306204011,LPG25C0926,EA,630,2025-11-03,,,,,,,,,,,,,,,,,,,,,
200,1130620,0088113062060,9101130620603,LPG25C0926,EA,15,2025-09-29,,,,,,,,,,,,,,,,,,,,,
200,1130618,00881130618160,91011306181602,58425-16-1,EA,249,2025-10-01,,,,,,,,,,,,,,,,,,,,,
200,1130618,00881130618160,91011306181602,58425-16-1,EA,249,2025-10-01,,,,,,,,,,,,,,,,,,,,,
200,1130617,0088113061710,9101130617102,MINICUT,EA,800,2025-09-15,,,,,,,,,,,,,,,,,,,,,
200,1130615,0088113061520,9101130615203,NINGBO,EA,64,2025-09-02,,,,,,,,,,,,,,,,,,,,,
200,1130610,0088113061030,9101130610302,147E01,EA,5000,2025-10-01,,,,,,,,,,,,,,,,,,,,,
200,1130610,0088113061060,9101130610602,147E01,EA,15000,2025-10-01,,,,,,,,,,,,,,,,,,,,,
200,1130610,0088113061080,9101130610802,147E01,EA,600,2025-10-01,,,,,,,,,,,,,,,,,,,,,
200,1130609,0088113060911,9101130609116,12192025,EA,520,2026-01-08,,,,,,,,,,,,,,,,,,,,,
200,1130609,0088113060911,9101130609116,12192025,EA,520,2026-01-08,,,,,,,,,,,,,,,,,,,,,
200,1130609,0088113060911,9101130609115,12192025,EA,560,2026-01-08,,,,,,,,,,,,,,,,,,,,,
200,1130609,0088113060911,9101130609116,12192025,EA,520,2026-01-08,,,,,,,,,,,,,,,,,,,,,
200,1130578,0088113057820,9101130578202,2513,EA,5000,2025-09-18,,,,,,,,,,,,,,,,,,,,,
200,1130578,0088113057860,9101130578602,2513,EA,200,2025-09-18,,,,,,,,,,,,,,,,,,,,,
200,1130578,0088113057860,9101130578603,2513,EA,100,2025-09-18,,,,,,,,,,,,,,,,,,,,,
200,1130573,0088113057360,9101130573602,KD028085,EA,85,2025-11-21,,,,,,,,,,,,,,,,,,,,,
200,1130573,00881130573170,91011305731702,KD028085,EA,250,2025-11-21,,,,,,,,,,,,,,,,,,,,,
200,1130573,00881130573180,91011305731802,KD028085,EA,250,2025-11-21,,,,,,,,,,,,,,,,,,,,,
200,1130573,00881130573190,91011305731902,KD028085,EA,250,2025-11-21,,,,,,,,,,,,,,,,,,,,,
200,1130573,00881130573290,91011305732902,KD028085,EA,250,2025-11-21,,,,,,,,,,,,,,,,,,,,,
200,1130573,00881130573320,91011305733202,KD028085,EA,750,2026-01-23,,,,,,,,,,,,,,,,,,,,,
200,1130573,00881130573330,91011305733302,KD028085,EA,500,2025-11-21,,,,,,,,,,,,,,,,,,,,,
200,1130573,00881130573380,91011305733802,KD028085,EA,250,2025-11-21,,,,,,,,,,,,,,,,,,,,,
200,1130573,00881130573390,91011305733902,KD028085,EA,500,2025-11-21,,,,,,,,,,,,,,,,,,,,,
200,1130573,00881130573410,91011305734102,KD028085,EA,500,2025-11-21,,,,,,,,,,,,,,,,,,,,,
200,1130571,0088113057160,9101130571602,202582620191713,EA,100,2025-09-12,,,,,,,,,,,,,,,,,,,,,
200,1130565,0088113056530,9101130565302,20250822,EA,1000,2026-01-09,,,,,,,,,,,,,,,,,,,,,
200,1130565,0088113056560,9101130565603,20230829,EA,25000,2026-01-09,,,,,,,,,,,,,,,,,,,,,
200,1130554,0088113055430,9101130554303,202556910200,EA,640,2025-10-01,,,,,,,,,,,,,,,,,,,,,
200,1130552,0088113055250,9101130552503,LPG25C0839,EA,1001,2025-09-29,,,,,,,,,,,,,,,,,,,,,
200,1130546,0088113054630,9101130546302,KD027269,EA,400,2025-09-12,,,,,,,,,,,,,,,,,,,,,
200,1130546,0088113054640,9101130546402,KD027269,EA,400,2025-09-12,,,,,,,,,,,,,,,,,,,,,
200,1130546,0088113054650,9101130546504,KD028745,EA,75,2025-12-22,,,,,,,,,,,,,,,,,,,,,
200,1130546,0088113054670,9101130546702,KD027269,EA,270,2025-11-03,,,,,,,,,,,,,,,,,,,,,
200,1130546,0088113054680,9101130546803,KD028101,EA,265,2025-11-07,,,,,,,,,,,,,,,,,,,,,
200,1130546,0088113054651,9101130546513,KD028745,EA,365,2026-01-06,,,,,,,,,,,,,,,,,,,,,
200,1130546,0088113054671,9101130546713,KD028101,EA,230,2025-11-07,,,,,,,,,,,,,,,,,,,,,
200,1130543,00881130543140,91011305431406,EXP/25-26/104,EA,270,2026-04-23,,,,,,,,,,,,,,,,,,,,,
200,1130543,00881130543140,91011305431406,EXP/25-26/104,EA,270,2026-04-23,,,,,,,,,,,,,,,,,,,,,
200,1130543,00881130543140,91011305431406,EXP/25-26/104,EA,270,2026-04-23,,,,,,,,,,,,,,,,,,,,,
200,1130543,00881130543140,91011305431406,EXP/25-26/104,EA,270,2026-04-23,,,,,,,,,,,,,,,,,,,,,
200,1130543,00881130543140,91011305431406,EXP/25-26/104,EA,270,2026-04-23,,,,,,,,,,,,,,,,,,,,,
200,1130518,0088113051810,9101130518102,083148,EA,8,2025-09-15,,,,,,,,,,,,,,,,,,,,,
200,1130497,0088113049720,9101130497203,KD028088,EA,40000,2025-10-03,,,,,,,,,,,,,,,,,,,,,
200,1130497,0088113049750,9101130497502,RB331KD027896,EA,49600,2025-10-03,,,,,,,,,,,,,,,,,,,,,
200,1130497,00881130497100,91011304971002,KD028085,EA,120000,2025-11-21,,,,,,,,,,,,,,,,,,,,,
200,1130497,00881130497100,91011304971003,KD028085,EA,10000,2025-11-21,,,,,,,,,,,,,,,,,,,,,
200,1130497,00881130497190,91011304971902,KD028085,EA,10000,2025-11-21,,,,,,,,,,,,,,,,,,,,,
200,1130491,0088113049161,9101130491613,20251108,EA,8200,2025-11-21,,,,,,,,,,,,,,,,,,,,,
200,1130477,0088113047720,9101130477201,0043257,EA,300,2026-03-06,,,,,,,,,,,,,,,,,,,,,
200,1130477,0088113047730,9101130477301,0043257,EA,84,2026-02-20,,,,,,,,,,,,,,,,,,,,,
200,1130464,0088113046410,9101130464102,0309005035,EA,10000,2025-09-11,,,,,,,,,,,,,,,,,,,,,
200,1130464,0088113046410,9101130464103,0309005035,EA,5000,2025-09-11,,,,,,,,,,,,,,,,,,,,,
200,1130464,0088113046420,9101130464202,0309005035,EA,6600,2025-09-11,,,,,,,,,,,,,,,,,,,,,
200,1130464,0088113046420,9101130464203,0309005035,EA,2600,2025-09-11,,,,,,,,,,,,,,,,,,,,,
200,1130464,0088113046430,9101130464302,INDIA,EA,11000,2025-09-11,,,,,,,,,,,,,,,,,,,,,
200,1130464,0088113046430,9101130464303,0309005035,EA,5000,2025-09-11,,,,,,,,,,,,,,,,,,,,,
200,1130464,0088113046440,9101130464403,0309005035,EA,7400,2025-09-11,,,,,,,,,,,,,,,,,,,,,
200,1130461,0088113046110,9101130461103,PL25070068,EA,2700,2025-09-12,,,,,,,,,,,,,,,,,,,,,
200,1130461,00881130461110,91011304611103,PL25070068,EA,2800,2025-09-12,,,,,,,,,,,,,,,,,,,,,
200,1130461,00881130461280,91011304612804,PL25080047,EA,50,2025-10-07,,,,,,,,,,,,,,,,,,,,,
200,1130457,0088113045770,9101130457703,PL25097,EA,100,2025-09-12,,,,,,,,,,,,,,,,,,,,,
200,1130457,0088113045770,9101130457704,PL25097WAR,EA,50,2025-09-12,,,,,,,,,,,,,,,,,,,,,
200,1130457,00881130457180,91011304571808,PL25097,EA,1440,2025-09-12,,,,,,,,,,,,,,,,,,,,,
200,1130457,00881130457180,91011304571807,PL25097,EA,1440,2025-09-12,,,,,,,,,,,,,,,,,,,,,
200,1130446,0088113044610,9101130446103,084294,EA,2475,2026-04-30,,,,,,,,,,,,,,,,,,,,,
200,1130446,0088113044611,9101130446112,084293,EA,45,2026-04-20,,,,,,,,,,,,,,,,,,,,,
200,1130443,0088113044310,9101130443103,083880,EA,2175,2026-02-12,,,,,,,,,,,,,,,,,,,,,
200,1130443,0088113044310,9101130443104,083879,EA,681,2026-02-12,,,,,,,,,,,,,,,,,,,,,
200,1130416,0088113041610,9101130416102,0319533,EA,2,2025-06-13,,,,,,,,,,,,,,,,,,,,,
200,1130392,0088113039250,9101130392502,KD027896,EA,15000,2025-10-03,,,,,,,,,,,,,,,,,,,,,
200,1130392,0088113039250,9101130392503,KD027896,EA,10000,2025-10-03,,,,,,,,,,,,,,,,,,,,,
200,1130392,00881130392181,91011303921813,RB331-KD029228,EA,1000,2025-10-03,,,,,,,,,,,,,,,,,,,,,
200,1130388,0088113038870,9101130388702,20912000,EA,2500,2025-11-21,,,,,,,,,,,,,,,,,,,,,
200,1130374,0088113037410,9101130374102,0319301/00,EA,9,2025-06-03,,,,,,,,,,,,,,,,,,,,,
200,1130371,0088113037120,9101130371205,LPG25C0845,EA,260,2025-11-26,,,,,,,,,,,,,,,,,,,,,
200,1130371,0088113037130,9101130371303,LPG25C0845,EA,800,2025-11-26,,,,,,,,,,,,,,,,,,,,,
200,1130367,0088113036710,9101130367102,0319206/00,EA,10,2025-06-05,,,,,,,,,,,,,,,,,,,,,
200,1130338,0088113033810,9101130338102,0318981/00,EA,3,2025-05-27,,,,,,,,,,,,,,,,,,,,,
200,1130330,0088113033010,9101130330102,083139,EA,45,2025-09-15,,,,,,,,,,,,,,,,,,,,,
200,1130310,0088113031080,9101130310802,KD028085,EA,2500,2025-10-27,,,,,,,,,,,,,,,,,,,,,
200,1130310,00881130310190,91011303101902,KD028085,EA,1700,2025-10-27,,,,,,,,,,,,,,,,,,,,,
200,1130310,00881130310260,91011303102603,KD028085,EA,210,2025-09-12,,,,,,,,,,,,,,,,,,,,,
200,1130310,00881130310340,91011303103402,KD028085,EA,1600,2025-10-27,,,,,,,,,,,,,,,,,,,,,
200,1130310,00881130310390,91011303103902,KD027266,EA,1000,2025-09-12,,,,,,,,,,,,,,,,,,,,,
200,1130310,00881130310400,91011303104002,KD027266,EA,1000,2025-09-12,,,,,,,,,,,,,,,,,,,,,
200,1130295,0088113029510,9101130295102,MICHAEL BINIECKI,EA,1,2025-09-22,,,,,,,,,,,,,,,,,,,,,
200,1130286,0088113028620,9101130286202,0217995IN,EA,2000,2025-07-15,,,,,,,,,,,,,,,,,,,,,
200,1130285,0088113028520,9101130285203,LPG25C0723,EA,1000,2026-01-02,,,,,,,,,,,,,,,,,,,,,
200,1130285,0088113028520,9101130285203,LPG25C0723,EA,1000,2026-01-02,,,,,,,,,,,,,,,,,,,,,
200,1130285,0088113028520,9101130285203,LPG25C0723,EA,1000,2026-01-02,,,,,,,,,,,,,,,,,,,,,
200,1130285,0088113028520,9101130285203,LPG25C0723,EA,1000,2026-01-02,,,,,,,,,,,,,,,,,,,,,
200,1130285,0088113028530,9101130285303,LPG25C0723,EA,1000,2026-01-02,,,,,,,,,,,,,,,,,,,,,
200,1130285,0088113028530,9101130285304,LPG25C0725,EA,400,2026-01-02,,,,,,,,,,,,,,,,,,,,,
200,1130285,0088113028540,9101130285404,LPG25C0725,EA,180,2025-10-29,,,,,,,,,,,,,,,,,,,,,
200,1130281,0088113028130,9101130281304,C1093325,EA,630,2025-07-01,,,,,,,,,,,,,,,,,,,,,
200,1130281,0088113028130,9101130281302,WR92025,EA,2,2025-07-01,,,,,,,,,,,,,,,,,,,,,
200,1130277,0088113027710,9101130277102,0182916,EA,5000,2025-07-08,,,,,,,,,,,,,,,,,,,,,
200,1130274,0088113027460,9101130274606,LPG25C0808,EA,630,2025-10-27,,,,,,,,,,,,,,,,,,,,,
200,1130274,0088113027460,9101130274606,LPG25C0808,EA,630,2025-10-27,,,,,,,,,,,,,,,,,,,,,
200,1130274,0088113027460,9101130274606,LPG25C0808,EA,630,2025-10-27,,,,,,,,,,,,,,,,,,,,,
200,1130274,0088113027460,9101130274606,LPG25C0808,EA,630,2025-10-27,,,,,,,,,,,,,,,,,,,,,
200,1130274,0088113027460,9101130274606,LPG25C0808,EA,630,2025-10-27,,,,,,,,,,,,,,,,,,,,,
200,1130274,0088113027460,9101130274606,LPG25C0808,EA,630,2025-10-27,,,,,,,,,,,,,,,,,,,,,
200,1130274,0088113027460,9101130274606,LPG25C0808,EA,630,2025-10-27,,,,,,,,,,,,,,,,,,,,,
200,1130274,0088113027460,9101130274606,LPG25C0808,EA,630,2025-10-27,,,,,,,,,,,,,,,,,,,,,
200,1130274,0088113027460,9101130274606,LPG25C0808,EA,630,2025-10-27,,,,,,,,,,,,,,,,,,,,,
200,1130274,0088113027461,9101130274613,LPG25C1213,EA,494,2025-10-27,,,,,,,,,,,,,,,,,,,,,
200,1130273,0088113027330,9101130273303,LDK1130623ASR,EA,900,2025-10-13,,,,,,,,,,,,,,,,,,,,,
200,1130270,0088113027070,9101130270703,202556910700,EA,367,2025-07-01,,,,,,,,,,,,,,,,,,,,,
200,1130241,0088113024130,9101130241302,LXNH0721,EA,600,2025-09-12,,,,,,,,,,,,,,,,,,,,,
200,1130235,0088113023570,9101130235703,LPG250725,EA,900,2025-10-27,,,,,,,,,,,,,,,,,,,,,
200,1130234,0088113023450,9101130234503,20250801001,EA,720,2025-09-16,,,,,,,,,,,,,,,,,,,,,
200,1130234,0088113023450,9101130234502,20250801001,EA,20,2025-09-16,,,,,,,,,,,,,,,,,,,,,
200,1130233,0088113023310,9101130233103,KD027269,EA,200,2025-09-12,,,,,,,,,,,,,,,,,,,,,
200,1130233,0088113023310,9101130233102,KD027269,EA,5500,2025-09-12,,,,,,,,,,,,,,,,,,,,,
200,1130233,0088113023320,9101130233203,KD027269,EA,2700,2025-09-12,,,,,,,,,,,,,,,,,,,,,
200,1130233,0088113023320,9101130233204,KD027898,EA,1500,2025-09-12,,,,,,,,,,,,,,,,,,,,,
200,1130233,0088113023360,9101130233602,RB258-KD027269,EA,730,2025-09-12,,,,,,,,,,,,,,,,,,,,,
200,1130233,00881130233110,91011302331102,KD027269,EA,16000,2025-09-12,,,,,,,,,,,,,,,,,,,,,
200,1130233,0088113023321,9101130233213,KD028745,EA,1200,2025-12-22,,,,,,,,,,,,,,,,,,,,,
200,1130233,0088113023351,9101130233513,KD028745,EA,600,2025-12-22,,,,,,,,,,,,,,,,,,,,,
200,1130233,00881130233111,91011302331113,KD028086,EA,7000,2025-09-12,,,,,,,,,,,,,,,,,,,,,
200,1130231,0088113023120,9101130231203,25-26/055,EA,648,2025-10-27,,,,,,,,,,,,,,,,,,,,,
200,1130231,0088113023120,9101130231203,25-26/055,EA,648,2025-10-27,,,,,,,,,,,,,,,,,,,,,
200,1130231,0088113023120,9101130231203,25-26/055,EA,648,2025-10-27,,,,,,,,,,,,,,,,,,,,,
200,1130231,0088113023120,9101130231203,25-26/055,EA,648,2025-10-27,,,,,,,,,,,,,,,,,,,,,
200,1130231,0088113023120,9101130231203,25-26/055,EA,648,2025-10-27,,,,,,,,,,,,,,,,,,,,,
200,1130231,0088113023120,9101130231203,25-26/055,EA,648,2025-10-27,,,,,,,,,,,,,,,,,,,,,
200,1130231,0088113023130,9101130231302,25-26/075,EA,280,2026-02-16,,,,,,,,,,,,,,,,,,,,,
200,1130231,0088113023180,9101130231805,25-26/075,EA,240,2026-02-16,,,,,,,,,,,,,,,,,,,,,
200,1130231,0088113023180,9101130231805,25-26/075,EA,240,2026-02-16,,,,,,,,,,,,,,,,,,,,,
200,1130231,0088113023180,9101130231805,25-26/075,EA,240,2026-02-16,,,,,,,,,,,,,,,,,,,,,
200,1130231,0088113023180,9101130231805,25-26/075,EA,240,2026-02-16,,,,,,,,,,,,,,,,,,,,,
200,1130231,00881130231100,91011302311003,25-26/047,EA,540,2025-10-27,,,,,,,,,,,,,,,,,,,,,
200,1130231,00881130231100,91011302311004,25-26/047,EA,3860,2025-10-27,,,,,,,,,,,,,,,,,,,,,
200,1130231,00881130231110,91011302311102,25-26/074,EA,270,2025-10-01,,,,,,,,,,,,,,,,,,,,,
200,1130231,00881130231110,91011302311105,25-26/074,EA,190,2025-10-01,,,,,,,,,,,,,,,,,,,,,
200,1130231,00881130231110,91011302311105,25-26/074,EA,190,2025-10-01,,,,,,,,,,,,,,,,,,,,,
200,1130231,00881130231110,91011302311105,25-26/074,EA,190,2025-10-01,,,,,,,,,,,,,,,,,,,,,
200,1130219,0088113021970,9101130219702,KD028085,EA,3500,2025-12-29,,,,,,,,,,,,,,,,,,,,,
200,1130219,00881130219300,91011302193002,KD02085,EA,1750,2025-10-27,,,,,,,,,,,,,,,,,,,,,
200,1130219,00881130219440,91011302194403,KD028085,EA,300,2025-12-02,,,,,,,,,,,,,,,,,,,,,
200,1130219,00881130219510,91011302195102,KD028085,EA,2500,2025-10-27,,,,,,,,,,,,,,,,,,,,,
200,1130208,0088113020810,9101130208102,WR91525,EA,45034,2025-07-18,,,,,,,,,,,,,,,,,,,,,
200,1130207,0088113020710,9101130207103,296552,EA,26000,2026-04-13,,,,,,,,,,,,,,,,,,,,,
200,1130163,0088113016310,9101130163102,SHIVAM,EA,1,2025-05-08,,,,,,,,,,,,,,,,,,,,,
200,1130163,0088113016320,9101130163202,SHIVAM,EA,1,2025-05-08,,,,,,,,,,,,,,,,,,,,,
200,1130163,0088113016330,9101130163302,SHIVAM,EA,1,2025-05-08,,,,,,,,,,,,,,,,,,,,,
200,1130162,0088113016230,9101130162303,ASR250723100,EA,400,2025-09-16,,,,,,,,,,,,,,,,,,,,,
200,1130132,0088113013290,9101130132902,KD028085,EA,2500,2025-10-31,,,,,,,,,,,,,,,,,,,,,
200,1130112,0088113011230,91011301123025,25-26/052,EA,360,2025-12-03,,,,,,,,,,,,,,,,,,,,,
200,1130112,0088113011240,9101130112402,25-26/054,EA,972,2025-12-03,,,,,,,,,,,,,,,,,,,,,
200,1130112,0088113011240,9101130112403,25-26/054,EA,972,2025-12-03,,,,,,,,,,,,,,,,,,,,,
200,1130112,0088113011240,9101130112403,25-26/054,EA,972,2025-12-03,,,,,,,,,,,,,,,,,,,,,
200,1130112,0088113011240,9101130112403,25-26/054,EA,972,2025-12-03,,,,,,,,,,,,,,,,,,,,,
200,1130094,0088113009410,9101130094108,LPG25C0723,EA,630,2025-10-27,,,,,,,,,,,,,,,,,,,,,
200,1130094,0088113009410,91011300941010,LPG25C0723,EA,35,2025-10-27,,,,,,,,,,,,,,,,,,,,,
200,1130094,0088113009410,91011300941010,LPG25C0723,EA,35,2025-10-27,,,,,,,,,,,,,,,,,,,,,
200,1130094,0088113009410,91011300941010,LPG25C0723,EA,35,2025-10-27,,,,,,,,,,,,,,,,,,,,,
200,1130085,0088113008510,9101130085102,LDK1129777ASR,EA,1000,2025-08-01,,,,,,,,,,,,,,,,,,,,,
200,1130079,0088113007930,9101130079302,EU2F25000127,EA,1440,2025-10-13,,,,,,,,,,,,,,,,,,,,,
200,1130079,0088113007930,9101130079302,EU2F25000127,EA,1440,2025-10-13,,,,,,,,,,,,,,,,,,,,,
200,1130079,0088113007930,9101130079302,EU2F25000127,EA,1440,2025-10-13,,,,,,,,,,,,,,,,,,,,,
200,1130079,0088113007940,9101130079403,EU2F25000131,EA,480,2025-10-13,,,,,,,,,,,,,,,,,,,,,
200,1130079,0088113007940,9101130079402,EU2F25000131,EA,1440,2025-10-13,,,,,,,,,,,,,,,,,,,,,
200,1130034,00881130034100,91011300341002,KD028085,EA,750,2025-10-31,,,,,,,,,,,,,,,,,,,,,
200,1130034,00881130034220,91011300342202,KD028085,EA,1750,2025-10-31,,,,,,,,,,,,,,,,,,,,,
200,1129980,0088112998010,9101129980106,LPG25C1026,EA,1350,2026-05-22,,,,,,,,,,,,,,,,,,,,,
200,1129980,0088112998010,9101129980107,LPG25C1124,EA,265,2026-05-22,,,,,,,,,,,,,,,,,,,,,
200,1129980,0088112998010,9101129980107,LPG25C1124,EA,265,2026-05-22,,,,,,,,,,,,,,,,,,,,,
200,1129980,0088112998010,9101129980107,LPG25C1124,EA,265,2026-05-22,,,,,,,,,,,,,,,,,,,,,
200,1129979,0088112997910,9101129979106,LPG25C1004,EA,1350,2025-11-17,,,,,,,,,,,,,,,,,,,,,
200,1129979,0088112997910,9101129979104,LPG25C0926,EA,1350,2025-11-17,,,,,,,,,,,,,,,,,,,,,
200,1129979,0088112997910,9101129979104,LPG25C0926,EA,1350,2025-11-17,,,,,,,,,,,,,,,,,,,,,
200,1129979,0088112997910,9101129979104,LPG25C0926,EA,1350,2025-11-17,,,,,,,,,,,,,,,,,,,,,
200,1129978,0088112997810,9101129978107,LPG25C0839,EA,1350,2025-10-10,,,,,,,,,,,,,,,,,,,,,
200,1129976,0088112997630,9101129976303,LXNH0721,EA,100,2025-09-15,,,,,,,,,,,,,,,,,,,,,
200,1129972,0088112997210,9101129972103,LXNH1112,EA,1000,2025-12-29,,,,,,,,,,,,,,,,,,,,,
200,1129900,0088112990010,9101129900103,LPG25C0725,EA,100,2025-11-06,,,,,,,,,,,,,,,,,,,,,
200,1129899,0088112989920,9101129899203,42026WAR,EA,1000,2025-11-10,,,,,,,,,,,,,,,,,,,,,
200,1129853,0088112985310,9101129853103,0309005035,EA,4500,2026-02-11,,,,,,,,,,,,,,,,,,,,,
200,1129853,0088112985320,9101129853204,0309005035,EA,5300,2026-02-11,,,,,,,,,,,,,,,,,,,,,
200,1129853,0088112985311,9101129853113,0309005035,EA,13100,2026-02-27,,,,,,,,,,,,,,,,,,,,,
200,1129853,0088112985311,9101129853114,0309005035,EA,4200,2026-02-27,,,,,,,,,,,,,,,,,,,,,
200,1129853,0088112985321,9101129853213,0309005035,EA,8400,2026-02-27,,,,,,,,,,,,,,,,,,,,,
200,1129853,0088112985321,9101129853214,0309005035,EA,6400,2026-02-27,,,,,,,,,,,,,,,,,,,,,
200,1129853,0088112985322,9101129853223,0309005035,EA,18000,2026-04-17,,,,,,,,,,,,,,,,,,,,,
200,1129823,0088112982330,9101129823302,WR91525,EA,40000,2025-08-22,,,,,,,,,,,,,,,,,,,,,
200,1129823,0088112982350,9101129823503,296553,EA,52500,2026-04-13,,,,,,,,,,,,,,,,,,,,,
200,1129823,0088112982360,9101129823602,WR91525,EA,39474,2025-10-31,,,,,,,,,,,,,,,,,,,,,
200,1129823,0088112982360,9101129823603,19025,EA,36990,2025-10-31,,,,,,,,,,,,,,,,,,,,,
200,1129823,0088112982351,9101129823513,04132026,EA,22000,2026-04-17,,,,,,,,,,,,,,,,,,,,,
200,1129809,0088112980910,9101129809102,SPOCE-2507020,EA,463,2025-09-10,,,,,,,,,,,,,,,,,,,,,
200,1129783,0088112978320,9101129783202,LPG25C0723,EA,628,2025-10-27,,,,,,,,,,,,,,,,,,,,,
200,1129783,0088112978320,9101129783203,LPG25C0723,EA,547,2025-10-27,,,,,,,,,,,,,,,,,,,,,
200,1129704,00881129704120,91011297041205,RB331-KD027268PG6WAR,EA,196000,2025-09-12,,,,,,,,,,,,,,,,,,,,,
200,1129704,00881129704120,91011297041206,RB331-KD027268WAR,EA,105000,2025-09-12,,,,,,,,,,,,,,,,,,,,,
200,1129704,00881129704120,91011297041206,RB331-KD027268WAR,EA,105000,2025-09-12,,,,,,,,,,,,,,,,,,,,,
200,1129704,00881129704220,91011297042202,KD028085,EA,250,2025-10-31,,,,,,,,,,,,,,,,,,,,,
200,1129704,00881129704390,91011297043902,KD028085,EA,350,2025-10-31,,,,,,,,,,,,,,,,,,,,,
200,1129704,00881129704400,91011297044002,KD028085,EA,250,2025-10-31,,,,,,,,,,,,,,,,,,,,,
200,1129689,0088112968930,9101129689302,LXNH0721,EA,2500,2025-09-15,,,,,,,,,,,,,,,,,,,,,
200,1129661,0088112966110,9101129661102,LDK1130623ASR,EA,2500,2025-10-13,,,,,,,,,,,,,,,,,,,,,
200,1129661,0088112966120,9101129661202,LDK1130623ASR,EA,8,2025-10-13,,,,,,,,,,,,,,,,,,,,,
200,1129661,0088112966170,9101129661704,LDK25090202ASR,EA,828,2026-05-05,,,,,,,,,,,,,,,,,,,,,
200,1129605,0088112960520,9101129605202,LPG25C0808,EA,589,2025-09-08,,,,,,,,,,,,,,,,,,,,,
200,1129605,0088112960521,9101129605213,LPG25C0839,EA,240,2025-09-08,,,,,,,,,,,,,,,,,,,,,
200,1129557,00881129557500,91011295575007,KD027896,EA,960,2025-09-12,,,,,,,,,,,,,,,,,,,,,
200,1129557,00881129557500,91011295575006,KD027268,EA,1920,2025-09-12,,,,,,,,,,,,,,,,,,,,,
200,1129557,00881129557650,91011295576502,KD028085,EA,500,2025-10-31,,,,,,,,,,,,,,,,,,,,,
200,1129503,0088112950320,9101129503202,SHIVAM,EA,1,2025-09-22,,,,,,,,,,,,,,,,,,,,,
200,1129466,0088112946620,9101129466202,SHIVAM,EA,1,2025-09-22,,,,,,,,,,,,,,,,,,,,,
200,1129385,0088112938530,91011293853010,ASR1234,EA,480,2025-09-26,,,,,,,,,,,,,,,,,,,,,
200,1129346,0088112934610,9101129346102,SP0CE-2507020,EA,15000,2025-09-10,,,,,,,,,,,,,,,,,,,,,
200,1129345,0088112934580,9101129345802,KD028085,EA,390,2025-10-31,,,,,,,,,,,,,,,,,,,,,
200,1129203,0088112920320,9101129203202,EXP2425255,EA,294,2026-02-16,,,,,,,,,,,,,,,,,,,,,
200,1129152,0088112915220,9101129152202,SHIVAM,EA,1,2025-09-22,,,,,,,,,,,,,,,,,,,,,
200,1129053,0088112905320,9101129053202,202556441900,EA,160,2025-10-06,,,,,,,,,,,,,,,,,,,,,
200,1128761,00881128761160,91011287611603,PL25070054,EA,760,2025-09-10,,,,,,,,,,,,,,,,,,,,,
200,1128759,00881128759290,91011287592903,PL25140,EA,23,2025-12-29,,,,,,,,,,,,,,,,,,,,,
200,1128716,0088112871610,9101128716104,083412,EA,135,2025-11-07,,,,,,,,,,,,,,,,,,,,,
200,1128716,0088112871610,9101128716105,083413,EA,165,2025-11-07,,,,,,,,,,,,,,,,,,,,,
200,1128715,0088112871510,9101128715104,083381,EA,250,2025-11-07,,,,,,,,,,,,,,,,,,,,,
200,1128340,0088112834010,9101128340104,24-25/218,EA,80,2025-07-01,,,,,,,,,,,,,,,,,,,,,
200,1128340,0088112834010,9101128340102,24-25/218,EA,80,2025-07-01,,,,,,,,,,,,,,,,,,,,,
200,1128340,0088112834010,9101128340102,24-25/218,EA,80,2025-07-01,,,,,,,,,,,,,,,,,,,,,
200,1127446,0088112744610,9101127446102,LXNH0721,EA,400,2025-10-20,,,,,,,,,,,,,,,,,,,,,
200,1125679,00881125679130,91011256791304,PL25070068,EA,1050,2025-09-12,,,,,,,,,,,,,,,,,,,,,
200,1124585,0088112458550,9101124585507,NINGBO,EA,300,2025-10-24,,,,,,,,,,,,,,,,,,,,,
200,1124585,0088112458550,9101124585505,NINGBO,EA,600,2025-10-24,,,,,,,,,,,,,,,,,,,,,
200,1124585,0088112458550,9101124585507,NINGBO,EA,300,2025-10-24,,,,,,,,,,,,,,,,,,,,,
200,1124585,0088112458550,9101124585507,NINGBO,EA,300,2025-10-24,,,,,,,,,,,,,,,,,,,,,
200,1124585,0088112458550,9101124585507,NINGBO,EA,300,2025-10-24,,,,,,,,,,,,,,,,,,,,,
200,1121911,0088112191130,9101121911302,WAR090125,EA,2200,2025-09-29,,,,,,,,,,,,,,,,,,,,,
200,1121911,0088112191140,9101121911402,WAR090125,EA,800,2025-09-29,,,,,,,,,,,,,,,,,,,,,
200,1117818,0088111781860,9101117818602,KD027266,EA,500,2025-09-12,,,,,,,,,,,,,,,,,,,,,
200,1100000146,0088110000014610,9101100000146101,0320549,EA,10,2026-01-19,,,,,,,,,,,,,,,,,,,,,
200,1100000145,0088110000014510,9101100000145101,0320549,EA,10,2026-01-19,,,,,,,,,,,,,,,,,,,,,
200,1100000144,0088110000014410,9101100000144101,0320002,EA,10,2025-12-30,,,,,,,,,,,,,,,,,,,,,
200,1100000143,0088110000014310,9101100000143101,0320001,EA,10,2025-12-30,,,,,,,,,,,,,,,,,,,,,
200,1100000141,0088110000014110,9101100000141101,0320001,EA,10,2025-12-30,,,,,,,,,,,,,,,,,,,,,
200,1100000140,0088110000014010,9101100000140101,0320549,EA,10,2025-12-29,,,,,,,,,,,,,,,,,,,,,
200,1100000139,0088110000013910,9101100000139101,0320548,EA,10,2025-12-29,,,,,,,,,,,,,,,,,,,,,
200,1100000138,0088110000013810,9101100000138101,0320548,EA,10,2025-12-29,,,,,,,,,,,,,,,,,,,,,
200,1100000137,0088110000013710,9101100000137101,0320549,EA,10,2025-12-29,,,,,,,,,,,,,,,,,,,,,
200,1100000136,0088110000013610,9101100000136101,123,EA,1,2025-12-29,,,,,,,,,,,,,,,,,,,,,
200,1100000136,0088110000013610,9101100000136102,ABC,EA,1,2025-12-29,,,,,,,,,,,,,,,,,,,,,
200,1100000135,0088110000013510,9101100000135101,0320549,EA,10,2025-12-29,,,,,,,,,,,,,,,,,,,,,
200,1100000134,0088110000013410,9101100000134101,0320549,EA,10,2025-12-29,,,,,,,,,,,,,,,,,,,,,
200,1100000133,0088110000013310,9101100000133101,0320549,EA,10,2025-12-29,,,,,,,,,,,,,,,,,,,,,
200,1100000129,0088110000012910,9101100000129101,08262025ADN,EA,10,2025-09-04,,,,,,,,,,,,,,,,,,,,,
200,1100000126,0088110000012610,9101100000126101,08252025DNA,EA,10,2025-09-03,,,,,,,,,,,,,,,,,,,,,
200,1100000125,0088110000012510,9101100000125101,1100000125A,EA,10,2025-08-25,,,,,,,,,,,,,,,,,,,,,
200,1100000124,0088110000012410,9101100000124101,1100081425,EA,10,2025-08-21,,,,,,,,,,,,,,,,,,,,,
200,1100000123,0088110000012310,9101100000123102,1100000123,EA,1,2025-08-20,,,,,,,,,,,,,,,,,,,,,
200,1100000123,0088110000012310,9101100000123102,1100000123,EA,1,2025-08-20,,,,,,,,,,,,,,,,,,,,,
200,1100000123,0088110000012310,9101100000123102,1100000123,EA,1,2025-08-20,,,,,,,,,,,,,,,,,,,,,
200,1100000123,0088110000012310,9101100000123102,1100000123,EA,1,2025-08-20,,,,,,,,,,,,,,,,,,,,,
200,1100000123,0088110000012310,9101100000123102,1100000123,EA,1,2025-08-20,,,,,,,,,,,,,,,,,,,,,
200,1100000123,0088110000012310,9101100000123102,1100000123,EA,1,2025-08-20,,,,,,,,,,,,,,,,,,,,,
200,1100000123,0088110000012310,9101100000123102,1100000123,EA,1,2025-08-20,,,,,,,,,,,,,,,,,,,,,
200,1100000123,0088110000012310,9101100000123102,1100000123,EA,1,2025-08-20,,,,,,,,,,,,,,,,,,,,,
200,1100000123,0088110000012310,9101100000123102,1100000123,EA,1,2025-08-20,,,,,,,,,,,,,,,,,,,,,
200,1100000123,0088110000012310,9101100000123102,1100000123,EA,1,2025-08-20,,,,,,,,,,,,,,,,,,,,,
200,1100000122,0088110000012210,9101100000122101,0320549,EA,10,2025-08-20,,,,,,,,,,,,,,,,,,,,,
200,1100000120,0088110000012010,9101100000120101,,EA,6000,2025-11-26,,,,,,,,,,,,,,,,,,,,,
200,1100000116,0088110000011610,9101100000116101,,EA,418,2025-11-26,,,,,,,,,,,,,,,,,,,,,
200,1100000113,0088110000011320,9101100000113201,,EA,225,2026-05-18,,,,,,,,,,,,,,,,,,,,,
200,1100000110,0088110000011010,9101100000110103,,EA,500,2025-08-05,,,,,,,,,,,,,,,,,,,,,
200,1100000109,0088110000010910,9101100000109101,,EA,2,2025-07-30,,,,,,,,,,,,,,,,,,,,,
200,1100000107,0088110000010710,9101100000107101,WAR0718,EA,3,2025-07-24,,,,,,,,,,,,,,,,,,,,,
200,1100000107,0088110000010720,9101100000107201,WAR0718,EA,1,2025-07-24,,,,,,,,,,,,,,,,,,,,,
200,1100000107,0088110000010730,9101100000107301,WAR0718,EA,1,2025-07-24,,,,,,,,,,,,,,,,,,,,,
200,1100000107,0088110000010740,9101100000107401,WAR0718,EA,4,2025-07-24,,,,,,,,,,,,,,,,,,,,,
200,1100000106,0088110000010620,9101100000106203,WR072125,EA,500,2025-07-22,,,,,,,,,,,,,,,,,,,,,
200,1100000105,0088110000010510,9101100000105101,WR072125,EA,640,2025-07-18,,,,,,,,,,,,,,,,,,,,,
200,1100000104,0088110000010410,9101100000104103,WR072125,EA,50,2025-07-22,,,,,,,,,,,,,,,,,,,,,
200,1100000102,0088110000010210,9101100000102102,WR072125,EA,150,2025-07-21,,,,,,,,,,,,,,,,,,,,,
200,1100000101,0088110000010110,9101100000101101,WR072125,EA,417,2026-05-07,,,,,,,,,,,,,,,,,,,,,
200,1100000100,0088110000010010,9101100000100101,WR072125,EA,503,2026-03-26,,,,,,,,,,,,,,,,,,,,,
200,1100000098,0088110000009810,9101100000098101,KAL,EA,4,2025-07-23,,,,,,,,,,,,,,,,,,,,,
200,1100000098,0088110000009820,9101100000098201,KAL,EA,3,2025-07-23,,,,,,,,,,,,,,,,,,,,,
200,1100000098,0088110000009830,9101100000098301,KAL,EA,6,2025-07-23,,,,,,,,,,,,,,,,,,,,,
200,1100000075,0088110000007520,9101100000075201,00,EA,145,2025-08-18,,,,,,,,,,,,,,,,,,,,,
200,1100000075,0088110000007550,9101100000075501,1515A1,EA,100,2025-08-27,,,,,,,,,,,,,,,,,,,,,
200,1100000075,0088110000007550,9101100000075502,00,EA,104,2025-08-27,,,,,,,,,,,,,,,,,,,,,
200,1100000064,0088110000006410,9101100000064101,MB,EA,9,2025-11-20,,,,,,,,,,,,,,,,,,,,,
200,1100000045,0088110000004510,9101100000045101,1100000045DN,EA,12500,2026-02-03,,,,,,,,,,,,,,,,,,,,,
200,1100000043,0088110000004310,9101100000043101,WR072125,EA,87,2025-11-03,,,,,,,,,,,,,,,,,,,,,
200,1100000043,0088110000004320,9101100000043201,WR072125,EA,1000,2025-11-03,,,,,,,,,,,,,,,,,,,,,
200,1100000043,0088110000004330,9101100000043301,WR072125,EA,50,2025-11-06,,,,,,,,,,,,,,,,,,,,,
200,1100000043,0088110000004340,9101100000043401,WAR82825,EA,50,2025-11-10,,,,,,,,,,,,,,,,,,,,,
200,1100000043,0088110000004350,9101100000043501,202582220220211,EA,50,2025-11-10,,,,,,,,,,,,,,,,,,,,,
200,1100000043,0088110000004360,9101100000043601,185001,EA,50,2025-11-10,,,,,,,,,,,,,,,,,,,,,
200,1100000043,0088110000004370,9101100000043701,WAR082825,EA,50,2025-11-10,,,,,,,,,,,,,,,,,,,,,
200,1100000042,0088110000004210,9101100000042101,1408D2,EA,38,2026-03-09,,,,,,,,,,,,,,,,,,,,,
200,1100000041,0088110000004110,9101100000041101,WR072125,EA,50,2025-10-27,,,,,,,,,,,,,,,,,,,,,
200,1100000041,0088110000004120,9101100000041201,WR072125,EA,50,2025-10-27,,,,,,,,,,,,,,,,,,,,,
200,1100000041,0088110000004130,9101100000041301,WR072125,EA,1,2025-10-27,,,,,,,,,,,,,,,,,,,,,
200,1100000041,0088110000004140,9101100000041401,WR072125,EA,45,2025-10-27,,,,,,,,,,,,,,,,,,,,,
200,1100000041,0088110000004150,9101100000041501,WR072125,EA,25,2025-10-27,,,,,,,,,,,,,,,,,,,,,
200,1100000041,0088110000004160,9101100000041601,WR072125,EA,10,2025-10-27,,,,,,,,,,,,,,,,,,,,,
200,1100000041,0088110000004170,9101100000041701,WR072125,EA,250,2025-10-27,,,,,,,,,,,,,,,,,,,,,
200,1100000041,0088110000004180,9101100000041801,WR072125,EA,21,2025-10-27,,,,,,,,,,,,,,,,,,,,,
200,1100000041,0088110000004190,9101100000041901,WR072125,EA,100,2025-10-27,,,,,,,,,,,,,,,,,,,,,
200,1100000041,00881100000041100,91011000000411001,WR072125,EA,10,2025-10-27,,,,,,,,,,,,,,,,,,,,,
200,1100000041,00881100000041110,91011000000411101,WR072125,EA,64,2025-10-31,,,,,,,,,,,,,,,,,,,,,
200,1100000039,0088110000003910,9101100000039101,WR072125,EA,50,2026-05-29,,,,,,,,,,,,,,,,,,,,,
200,1100000038,0088110000003880,9101100000038802,03,EA,25,2025-11-11,,,,,,,,,,,,,,,,,,,,,
200,1100000038,0088110000003880,9101100000038802,03,EA,25,2025-11-11,,,,,,,,,,,,,,,,,,,,,
200,1100000038,0088110000003880,9101100000038802,03,EA,25,2025-11-11,,,,,,,,,,,,,,,,,,,,,
200,1100000038,0088110000003880,9101100000038802,03,EA,25,2025-11-11,,,,,,,,,,,,,,,,,,,,,
200,1100000038,00881100000038200,91011000000382001,00,EA,50,2025-11-19,,,,,,,,,,,,,,,,,,,,,
200,1100000038,00881100000038200,91011000000382002,00,EA,50,2025-11-19,,,,,,,,,,,,,,,,,,,,,
200,1100000037,0088110000003710,9101100000037101,001,EA,50,2025-11-11,,,,,,,,,,,,,,,,,,,,,
200,1100000036,0088110000003610,9101100000036101,WR072125,EA,50,2025-11-11,,,,,,,,,,,,,,,,,,,,,
200,1100000036,0088110000003620,9101100000036201,WR072125,EA,50,2025-11-11,,,,,,,,,,,,,,,,,,,,,
200,1100000035,0088110000003510,9101100000035101,WR072125,EA,1,2025-07-18,,,,,,,,,,,,,,,,,,,,,
200,1100000034,0088110000003410,9101100000034101,WR072125,EA,40,2025-10-09,,,,,,,,,,,,,,,,,,,,,
200,1100000034,0088110000003420,9101100000034201,WR072125,EA,7,2025-10-09,,,,,,,,,,,,,,,,,,,,,
200,1100000034,0088110000003430,9101100000034301,WR072125,EA,67,2025-10-13,,,,,,,,,,,,,,,,,,,,,
200,1100000034,0088110000003440,9101100000034401,WR072125,EA,75,2025-10-13,,,,,,,,,,,,,,,,,,,,,
200,1100000034,0088110000003450,9101100000034501,WR072125,EA,98,2025-10-21,,,,,,,,,,,,,,,,,,,,,
200,1100000034,0088110000003460,9101100000034601,WR072125,EA,21,2025-10-27,,,,,,,,,,,,,,,,,,,,,
200,1100000033,0088110000003310,9101100000033101,WR0717,EA,4,2025-09-08,,,,,,,,,,,,,,,,,,,,,
200,1100000033,0088110000003320,9101100000033201,WR0717,EA,1,2025-09-08,,,,,,,,,,,,,,,,,,,,,
200,1100000033,0088110000003330,9101100000033301,WR0717,EA,3,2025-09-08,,,,,,,,,,,,,,,,,,,,,
200,1100000033,0088110000003340,9101100000033401,WR0717,EA,50,2025-09-08,,,,,,,,,,,,,,,,,,,,,
200,1100000033,0088110000003350,9101100000033501,WR0717,EA,45,2025-09-08,,,,,,,,,,,,,,,,,,,,,
200,1100000033,0088110000003360,9101100000033601,WR0717,EA,15,2025-09-08,,,,,,,,,,,,,,,,,,,,,
200,1100000032,0088110000003210,9101100000032101,WR0717,EA,15,2025-10-21,,,,,,,,,,,,,,,,,,,,,
200,1100000031,0088110000003110,9101100000031101,WR0717,EA,15,2025-10-14,,,,,,,,,,,,,,,,,,,,,
200,1100000031,0088110000003120,9101100000031201,WR0717,EA,6,2025-10-27,,,,,,,,,,,,,,,,,,,,,
200,1100000030,0088110000003010,9101100000030101,WR0717,EA,60,2025-09-08,,,,,,,,,,,,,,,,,,,,,
200,1100000030,0088110000003020,9101100000030201,WR0717,EA,2,2025-09-08,,,,,,,,,,,,,,,,,,,,,
200,1100000030,0088110000003030,9101100000030301,WR0717,EA,50,2025-09-08,,,,,,,,,,,,,,,,,,,,,
200,1100000030,0088110000003040,9101100000030401,WR0717,EA,5,2025-09-08,,,,,,,,,,,,,,,,,,,,,
200,1100000030,0088110000003050,9101100000030501,WR0717,EA,3,2025-09-08,,,,,,,,,,,,,,,,,,,,,
200,1100000029,0088110000002910,9101100000029101,WR0717,EA,8,2025-07-14,,,,,,,,,,,,,,,,,,,,,
200,1100000029,0088110000002920,9101100000029201,WR0717,EA,50,2025-07-14,,,,,,,,,,,,,,,,,,,,,
200,1100000028,0088110000002810,9101100000028101,WR0716,EA,150,2026-01-05,,,,,,,,,,,,,,,,,,,,,
200,1100000028,0088110000002820,9101100000028201,WR0716,EA,1125,2026-01-12,,,,,,,,,,,,,,,,,,,,,
200,1100000028,0088110000002830,9101100000028301,WR0716,EA,1125,2026-01-20,,,,,,,,,,,,,,,,,,,,,
200,1100000028,0088110000002840,9101100000028401,WR0716,EA,1125,2026-01-23,,,,,,,,,,,,,,,,,,,,,
200,1100000027,0088110000002710,9101100000027101,1105A1,EA,1,2025-11-24,,,,,,,,,,,,,,,,,,,,,
200,1100000027,0088110000002720,9101100000027201,1301B2,EA,8,2025-11-25,,,,,,,,,,,,,,,,,,,,,
200,1100000026,0088110000002610,9101100000026101,WR0716,EA,807,2025-12-18,,,,,,,,,,,,,,,,,,,,,
200,1100000025,0088110000002511,9101100000025111,3501A1,EA,30,2025-10-31,,,,,,,,,,,,,,,,,,,,,
200,1100000023,0088110000002310,9101100000023101,0320549,EA,10,2025-12-26,,,,,,,,,,,,,,,,,,,,,
200,1100000021,0088110000002110,9101100000021101,0324036,EA,10,2025-12-02,,,,,,,,,,,,,,,,,,,,,
200,1100000020,0088110000002010,9101100000020101,0324036,EA,10,2025-12-01,,,,,,,,,,,,,,,,,,,,,
200,1100000008,0088110000000810,9101100000008101,WAR102325,EA,300,2026-01-02,,,,,,,,,,,,,,,,,,,,,
200,1100000006,0088110000000610,9101100000006101,WAR102325,EA,500,2026-01-29,,,,,,,,,,,,,,,,,,,,,
200,1100000006,0088110000000620,9101100000006201,102325WAR,EA,500,2026-01-29,,,,,,,,,,,,,,,,,,,,,
