tdcono|tddivi|tdidtr|tdmvxp|tdextp|tdmvxd|tdmbmd|tdtx15|tdtx40|tdtxid|tdrgdt|tdrgtm|tdlmdt|tdchno|tdchid
100||60|||101734|0787405000000|0787405000000|0787405000000|0|20260505|132141|20260505|1|SCOUGHLAN
100||60|||1042|6207930670000|6207930670000|6207930670000|0|20260505|132141|20260505|1|SCOUGHLAN
100||60|||10813|038824876|038824876|038824876|0|20260505|132141|20260505|1|SCOUGHLAN
100||60|||116489|116489|116489|116489|0|20260505|132141|20260505|1|SCOUGHLAN
100||60|||11750|0353757570000|0353757570000|0353757570000|0|20260505|132141|20260505|1|SCOUGHLAN
100||60|||122712|122712|122712|122712|0|20260505|132141|20260505|1|SCOUGHLAN
100||60|||124833|113112861|113112861|113112861|0|20260505|132141|20260505|1|SCOUGHLAN
100||60|||137709|8092014110000|8092014110000|8092014110000|0|20260505|132141|20260505|1|SCOUGHLAN
100||60|||139182|139182|139182|139182|0|20260505|132141|20260505|1|SCOUGHLAN
100||60|||139217|0423707340006|0423707340006|0423707340006|0|20260505|132141|20260505|1|SCOUGHLAN
100||60|||139531|139531|139531|139531|0|20260505|132141|20260505|1|SCOUGHLAN
100||60|||140130|0079297480FHS|0079297480FHS|0079297480FHS|0|20260505|132141|20260505|1|SCOUGHLAN
100||60|||142145|0423707340001|0423707340001|0423707340001|0|20260505|132141|20260505|1|SCOUGHLAN
100||60|||142318|142318|142318|142318|0|20260505|132141|20260505|1|SCOUGHLAN
100||60|||142318|SUPPLIESFLY|SUPPLIESFLY|SUPPLIESFLY|0|20260505|132141|20260505|1|SCOUGHLAN
100||60|||142767|0534744210000|0534744210000|0534744210000|0|20260505|132141|20260505|1|SCOUGHLAN
100||60|||145487|7951404330000|7951404330000|7951404330000|0|20260505|132141|20260505|1|SCOUGHLAN
100||60|||15247|1229487500000|1229487500000|1229487500000|0|20260505|132141|20260505|1|SCOUGHLAN
100||60|||153320|153320|153320|153320|0|20260505|132141|20260505|1|SCOUGHLAN
100||60|||153322|153322|153322|153322|0|20260505|132141|20260505|1|SCOUGHLAN
100||60|||153549|153549|153549|153549|0|20260505|132141|20260505|1|SCOUGHLAN
100||60|||154053|0787361800000|0787361800000|0787361800000|0|20260505|132141|20260505|1|SCOUGHLAN
100||60|||154191|154191|154191|154191|0|20260505|132141|20260505|1|SCOUGHLAN
100||60|||170169|170169|170169|170169|0|20260505|132141|20260505|1|SCOUGHLAN
100||60|||17485|17485|17485|17485|0|20260505|132141|20260505|1|SCOUGHLAN
100||60|||180756|0794223490000|0794223490000|0794223490000|0|20260505|132141|20260505|1|SCOUGHLAN
100||60|||182822|8003602231|8003602231|8003602231|0|20260505|132141|20260505|1|SCOUGHLAN
100||60|||18868|79-244-2543|79-244-2543|79-244-2543|0|20260505|132141|20260505|1|SCOUGHLAN
100||60|||18997|0079297481FAQ|0079297481FAQ|0079297481FAQ|0|20260505|132141|20260505|1|SCOUGHLAN
100||60|||19093|0079297481FAM|0079297481FAM|0079297481FAM|0|20260505|132141|20260505|1|SCOUGHLAN
100||60|||21965|0403560600000|0403560600000|0403560600000|0|20260505|132141|20260505|1|SCOUGHLAN
100||60|||23637|0141881550000|0141881550000|0141881550000|0|20260505|132141|20260505|1|SCOUGHLAN
100||60|||241055|051957769|051957769|051957769|0|20260505|132141|20260505|1|SCOUGHLAN
100||60|||24316|0196614660000|0196614660000|0196614660000|0|20260505|132141|20260505|1|SCOUGHLAN
100||60|||245844|0791463240000|0791463240000|0791463240000|0|20260505|132141|20260505|1|SCOUGHLAN
100||60|||25020|0244147160000|0244147160000|0244147160000|0|20260505|132141|20260505|1|SCOUGHLAN
100||60|||25120|25120|25120|25120|0|20260505|132141|20260505|1|SCOUGHLAN
100||60|||252191|0064000980000|0064000980000|0064000980000|0|20260505|132141|20260505|1|SCOUGHLAN
100||60|||252495|252495|252495|252495|0|20260505|132141|20260505|1|SCOUGHLAN
100||60|||252495|Amazon_FBA|Amazon_FBA|Amazon_FBA|0|20260505|132141|20260505|1|SCOUGHLAN
100||60|||263391|0079297481FLR|0079297481FLR|0079297481FLR|0|20260505|132141|20260505|1|SCOUGHLAN
100||60|||26483|103391843|103391843|103391843|0|20260505|132141|20260505|1|SCOUGHLAN
100||60|||27707|27707|27707|27707|0|20260505|132141|20260505|1|SCOUGHLAN
100||60|||28131|0356123450000|0356123450000|0356123450000|0|20260505|132141|20260505|1|SCOUGHLAN
100||60|||287|0079943610000|0079943610000|0079943610000|0|20260505|132141|20260505|1|SCOUGHLAN
100||60|||288302|288302|288302|288302|0|20260505|132141|20260505|1|SCOUGHLAN
100||60|||28908|28908|28908|28908|0|20260505|132141|20260505|1|SCOUGHLAN
100||60|||29982|29982|29982|29982|0|20260505|132141|20260505|1|SCOUGHLAN
100||60|||304|0079297481FOK|0079297481FOK|0079297481FOK|0|20260505|132141|20260505|1|SCOUGHLAN
100||60|||312037|312037|312037|312037|0|20260505|132141|20260505|1|SCOUGHLAN
100||60|||3318|3318|3318|3318|0|20260505|132141|20260505|1|SCOUGHLAN
100||60|||36949|0446280680000|0446280680000|0446280680000|0|20260505|132141|20260505|1|SCOUGHLAN
100||60|||39604|0267963670000|0267963670000|0267963670000|0|20260505|132141|20260505|1|SCOUGHLAN
100||60|||401858|621418185|621418185|621418185|0|20260505|132141|20260505|1|SCOUGHLAN
100||60|||444|0315062020000|0315062020000|0315062020000|0|20260505|132141|20260505|1|SCOUGHLAN
100||60|||4720|4720|4720|4720|0|20260505|132141|20260505|1|SCOUGHLAN
100||60|||4764|0079297481FSA|0079297481FSA|0079297481FSA|0|20260505|132141|20260505|1|SCOUGHLAN
100||60|||511908|0083967000016|0083967000016|0083967000016|0|20260505|132141|20260505|1|SCOUGHLAN
100||60|||511908|511908|511908|511908|0|20260505|132141|20260505|1|SCOUGHLAN
100||60|||51525|0320580130000|0320580130000|0320580130000|0|20260505|132141|20260505|1|SCOUGHLAN
100||60|||52197|0790517230000|0790517230000|0790517230000|0|20260505|132141|20260505|1|SCOUGHLAN
100||60|||56562|0845674570000|0845674570000|0845674570000|0|20260505|132141|20260505|1|SCOUGHLAN
100||60|||588142|0000119207615|0000119207615|0000119207615|0|20260505|132141|20260505|1|SCOUGHLAN
100||60|||596380|PERFFOODSERVICE|PERFFOODSERVICE|PERFFOODSERVICE|0|20260505|132141|20260505|1|SCOUGHLAN
100||60|||6287|0423707340002|0423707340002|0423707340002|0|20260505|132141|20260505|1|SCOUGHLAN
100||60|||64503|153320|153320|153320|0|20260505|132141|20260505|1|SCOUGHLAN
100||60|||64503|64503|64503|64503|0|20260505|132141|20260505|1|SCOUGHLAN
100||60|||67054|0079297480FDF|0079297480FDF|0079297480FDF|0|20260505|132141|20260505|1|SCOUGHLAN
100||60|||6779|8065506040000|8065506040000|8065506040000|0|20260505|132141|20260505|1|SCOUGHLAN
100||60|||699|200699000|200699000|200699000|0|20260505|132141|20260505|1|SCOUGHLAN
100||60|||71567|0064000980000DR|0064000980000DR|0064000980000DR|0|20260505|132141|20260505|1|SCOUGHLAN
100||60|||73379|1434459350000|1434459350000|1434459350000|0|20260505|132141|20260505|1|SCOUGHLAN
100||60|||74076|2521335170360|2521335170360|2521335170360|0|20260505|132141|20260505|1|SCOUGHLAN
100||60|||74946|74946|74946|74946|0|20260505|132142|20260505|1|SCOUGHLAN
100||60|||7520|0588222890000|0588222890000|0588222890000|0|20260505|132142|20260505|1|SCOUGHLAN
100||60|||75654|1418835410000|1418835410000|1418835410000|0|20260505|132142|20260505|1|SCOUGHLAN
100||60|||77375|77375|77375|77375|0|20260505|132142|20260505|1|SCOUGHLAN
100||60|||77683|1124515340000|1124515340000|1124515340000|0|20260505|132142|20260505|1|SCOUGHLAN
100||60|||80019|1684664510000|1684664510000|1684664510000|0|20260505|132142|20260505|1|SCOUGHLAN
100||60|||80123|3619643280000|3619643280000|3619643280000|0|20260505|132142|20260505|1|SCOUGHLAN
100||60|||81463|2521335173205|2521335173205|2521335173205|0|20260505|132142|20260505|1|SCOUGHLAN
100||60|||82128|1598686240000|1598686240000|1598686240000|0|20260505|132142|20260505|1|SCOUGHLAN
100||60|||82211|6233404240000|6233404240000|6233404240000|0|20260505|132142|20260505|1|SCOUGHLAN
100||60|||83509|FRESHDIRECT|FRESHDIRECT|FRESHDIRECT|0|20260505|132142|20260505|1|SCOUGHLAN
100||60|||84101|9478184560000|9478184560000|9478184560000|0|20260505|132142|20260505|1|SCOUGHLAN
100||60|||84363|84363|84363|84363|0|20260505|132141|20260505|1|SCOUGHLAN
100||60|||84363|Amazon_FBM|Amazon_FBM|Amazon_FBM|0|20260505|132142|20260505|1|SCOUGHLAN
100||60|||85119|85119|85119|85119|0|20260505|132142|20260505|1|SCOUGHLAN
100||60|||8708|0530460250000|0530460250000|0530460250000|0|20260505|132142|20260505|1|SCOUGHLAN
100||60|||8710|1223609720000|1223609720000|1223609720000|0|20260505|132142|20260505|1|SCOUGHLAN
100||60|||8711|0981745920000|0981745920000|0981745920000|0|20260505|132142|20260505|1|SCOUGHLAN
100||60|||8712|8360573980000|8360573980000|8360573980000|0|20260505|132142|20260505|1|SCOUGHLAN
100||60|||8713|1577962510000|1577962510000|1577962510000|0|20260505|132142|20260505|1|SCOUGHLAN
100||60|||8715|0539452590000|0539452590000|0539452590000|0|20260505|132142|20260505|1|SCOUGHLAN
100||60|||8720|0237634510000|0237634510000|0237634510000|0|20260505|132142|20260505|1|SCOUGHLAN
100||60|||8721|0079702210000|0079702210000|0079702210000|0|20260505|132142|20260505|1|SCOUGHLAN
100||60|||8722|0079144350000|0079144350000|0079144350000|0|20260505|132142|20260505|1|SCOUGHLAN
100||60|||8723|9293238970000|9293238970000|9293238970000|0|20260505|132142|20260505|1|SCOUGHLAN
100||60|||8724|7969234490000|7969234490000|7969234490000|0|20260505|132142|20260505|1|SCOUGHLAN
100||60|||8726|9293239390000|9293239390000|9293239390000|0|20260505|132142|20260505|1|SCOUGHLAN
100||60|||8742|0149473600000|0149473600000|0149473600000|0|20260505|132142|20260505|1|SCOUGHLAN
100||60|||8744|0038556400000|0038556400000|0038556400000|0|20260505|132142|20260505|1|SCOUGHLAN
100||60|||8747|1123599220000|1123599220000|1123599220000|0|20260505|132142|20260505|1|SCOUGHLAN
100||60|||8748|0828519730000|0828519730000|0828519730000|0|20260505|132142|20260505|1|SCOUGHLAN
100||60|||8749|1030175700000|1030175700000|1030175700000|0|20260505|132142|20260505|1|SCOUGHLAN
100||60|||8750|8355689650000|8355689650000|8355689650000|0|20260505|132142|20260505|1|SCOUGHLAN
100||60|||8751|7991281520000|7991281520000|7991281520000|0|20260505|132142|20260505|1|SCOUGHLAN
100||60|||8753|7991272040000|7991272040000|7991272040000|0|20260505|132142|20260505|1|SCOUGHLAN
100||60|||8754|7991264200000|7991264200000|7991264200000|0|20260505|132142|20260505|1|SCOUGHLAN
100||60|||8755|1914465250000|1914465250000|1914465250000|0|20260505|132142|20260505|1|SCOUGHLAN
100||60|||8756|0517639690000|0517639690000|0517639690000|0|20260505|132142|20260505|1|SCOUGHLAN
100||60|||8759|7991261720000|7991261720000|7991261720000|0|20260505|132142|20260505|1|SCOUGHLAN
100||60|||8760|6173341720000|6173341720000|6173341720000|0|20260505|132142|20260505|1|SCOUGHLAN
100||60|||8761|1948450120000|1948450120000|1948450120000|0|20260505|132142|20260505|1|SCOUGHLAN
100||60|||8762|7990097820000|7990097820000|7990097820000|0|20260505|132142|20260505|1|SCOUGHLAN
100||60|||8763|0351385100000|0351385100000|0351385100000|0|20260505|132142|20260505|1|SCOUGHLAN
100||60|||8764|0663657840000|0663657840000|0663657840000|0|20260505|132142|20260505|1|SCOUGHLAN
100||60|||8767|0084264390000|0084264390000|0084264390000|0|20260505|132142|20260505|1|SCOUGHLAN
100||60|||8768|8051669640000|8051669640000|8051669640000|0|20260505|132142|20260505|1|SCOUGHLAN
100||60|||8770|8250729600000|8250729600000|8250729600000|0|20260505|132142|20260505|1|SCOUGHLAN
100||60|||MaxVolume|60|60|60|0|20260505|132141|20260505|1|SCOUGHLAN
100||60|||MaxWeight|2750|2750|2750|0|20260505|132141|20260505|1|SCOUGHLAN
100||60|||N|AMA|SkipDeliveryMet|SkipDeliveryMethod|0|20260505|132134|20260505|1|SCOUGHLAN
100||60|||N|DHL|SkipDeliveryMet|SkipDeliveryMethod|0|20260505|132134|20260505|1|SCOUGHLAN
100||60|||N|FX1|SkipDeliveryMet|SkipDeliveryMethod|0|20260505|132134|20260505|1|SCOUGHLAN
100||60|||N|FX2|SkipDeliveryMet|SkipDeliveryMethod|0|20260505|132134|20260505|1|SCOUGHLAN
100||60|||N|FX3|SkipDeliveryMet|SkipDeliveryMethod|0|20260505|132134|20260505|1|SCOUGHLAN
100||60|||N|FX4|SkipDeliveryMet|SkipDeliveryMethod|0|20260505|132134|20260505|1|SCOUGHLAN
100||60|||N|FX5|SkipDeliveryMet|SkipDeliveryMethod|0|20260505|132134|20260505|1|SCOUGHLAN
100||60|||N|FX6|SkipDeliveryMet|SkipDeliveryMethod|0|20260505|132134|20260505|1|SCOUGHLAN
100||60|||N|FX7|SkipDeliveryMet|SkipDeliveryMethod|0|20260505|132134|20260505|1|SCOUGHLAN
100||60|||N|FX8|SkipDeliveryMet|SkipDeliveryMethod|0|20260505|132134|20260505|1|SCOUGHLAN
100||60|||N|UP1|SkipDeliveryMet|SkipDeliveryMethod|0|20260505|132134|20260505|1|SCOUGHLAN
100||60|||N|UP2|SkipDeliveryMet|SkipDeliveryMethod|0|20260505|132134|20260505|1|SCOUGHLAN
100||60|||N|UP3|SkipDeliveryMet|SkipDeliveryMethod|0|20260505|132134|20260505|1|SCOUGHLAN
100||60|||N|UP4|SkipDeliveryMet|SkipDeliveryMethod|0|20260505|132135|20260505|1|SCOUGHLAN
100||60|||N|UP5|SkipDeliveryMet|SkipDeliveryMethod|0|20260505|132135|20260505|1|SCOUGHLAN
100||60|||N|UP6|SkipDeliveryMet|SkipDeliveryMethod|0|20260505|132135|20260505|1|SCOUGHLAN
100||60|||N|UP7|SkipDeliveryMet|SkipDeliveryMethod|0|20260505|132135|20260505|1|SCOUGHLAN
100||60|||N|UP8|SkipDeliveryMet|SkipDeliveryMethod|0|20260505|132135|20260505|1|SCOUGHLAN
100||60|||N|US1|SkipDeliveryMet|SkipDeliveryMethod|0|20260505|132135|20260505|1|SCOUGHLAN
100||60|||N|US2|SkipDeliveryMet|SkipDeliveryMethod|0|20260505|132135|20260505|1|SCOUGHLAN
100||60|||N|UW1|SkipDeliveryMet|SkipDeliveryMethod|0|20260505|132135|20260505|1|SCOUGHLAN
100||60|||N|UW2|SkipDeliveryMet|SkipDeliveryMethod|0|20260505|132135|20260505|1|SCOUGHLAN
100||60|||N|UW3|SkipDeliveryMet|SkipDeliveryMethod|0|20260505|132135|20260505|1|SCOUGHLAN
100||142|||C20|WFCOM|WFCOM|WFCOM|0|20260505|132135|20260505|1|SCOUGHLAN
100||142|||C21|0000119207615DR|0000119207615DR|0000119207615DR|0|20260505|132135|20260505|1|SCOUGHLAN
100||142|||C21|0000119207615DS|0000119207615DS|0000119207615DS|0|20260505|132135|20260505|1|SCOUGHLAN
100||142|||C21|001399054DR|001399054DR|001399054DR|0|20260505|132135|20260505|1|SCOUGHLAN
100||142|||C21|001399054DS|001399054DS|001399054DS|0|20260505|132135|20260505|1|SCOUGHLAN
100||142|||C21|0038556400000DR|0038556400000DR|0038556400000DR|0|20260505|132135|20260505|1|SCOUGHLAN
100||142|||C21|0038556400000DS|0038556400000DS|0038556400000DS|0|20260505|132135|20260505|1|SCOUGHLAN
100||142|||C21|0064000980000DR|0064000980000DR|0064000980000DR|0|20260505|132135|20260505|1|SCOUGHLAN
100||142|||C21|0064000980000DRDR|C21|C21|0|20260505|132135|20260505|1|SCOUGHLAN
100||142|||C21|0064000980000DRDS|C21|C21|0|20260505|132135|20260505|1|SCOUGHLAN
100||142|||C21|0064000980000DS|0064000980000DS|0064000980000DS|0|20260505|132135|20260505|1|SCOUGHLAN
100||142|||C21|0069660300000DR|0069660300000DR|0069660300000DR|0|20260505|132135|20260505|1|SCOUGHLAN
100||142|||C21|0069660300000DS|0069660300000DS|0069660300000DS|0|20260505|132135|20260505|1|SCOUGHLAN
100||142|||C21|006986483DR|006986483DR|006986483DR|0|20260505|132135|20260505|1|SCOUGHLAN
100||142|||C21|006986483DS|006986483DS|006986483DS|0|20260505|132135|20260505|1|SCOUGHLAN
100||142|||C21|0079144350000DR|0079144350000DR|0079144350000DR|0|20260505|132135|20260505|1|SCOUGHLAN
100||142|||C21|0079144350000DS|0079144350000DS|0079144350000DS|0|20260505|132135|20260505|1|SCOUGHLAN
100||142|||C21|0079297480FDFDR|0079297480FDFDR|0079297480FDFDR|0|20260505|132135|20260505|1|SCOUGHLAN
100||142|||C21|0079297480FDFDS|0079297480FDFDS|0079297480FDFDS|0|20260505|132135|20260505|1|SCOUGHLAN
100||142|||C21|0079297480FFLDR|0079297480FFLDR|0079297480FFLDR|0|20260505|132135|20260505|1|SCOUGHLAN
100||142|||C21|0079297480FFLDS|0079297480FFLDS|0079297480FFLDS|0|20260505|132135|20260505|1|SCOUGHLAN
100||142|||C21|0079297480FHSDR|0079297480FHSDR|0079297480FHSDR|0|20260505|132135|20260505|1|SCOUGHLAN
100||142|||C21|0079297480FHSDS|0079297480FHSDS|0079297480FHSDS|0|20260505|132135|20260505|1|SCOUGHLAN
100||142|||C21|0079297481FAMDR|0079297481FAMDR|0079297481FAMDR|0|20260505|132135|20260505|1|SCOUGHLAN
100||142|||C21|0079297481FAMDS|0079297481FAMDS|0079297481FAMDS|0|20260505|132135|20260505|1|SCOUGHLAN
100||142|||C21|0079297481FAQDR|0079297481FAQDR|0079297481FAQDR|0|20260505|132135|20260505|1|SCOUGHLAN
100||142|||C21|0079297481FAQDS|0079297481FAQDS|0079297481FAQDS|0|20260505|132135|20260505|1|SCOUGHLAN
100||142|||C21|0079297481FELDR|0079297481FELDR|0079297481FELDR|0|20260505|132135|20260505|1|SCOUGHLAN
100||142|||C21|0079297481FELDS|0079297481FELDS|0079297481FELDS|0|20260505|132135|20260505|1|SCOUGHLAN
100||142|||C21|0079297481FLRDR|0079297481FLRDR|0079297481FLRDR|0|20260505|132135|20260505|1|SCOUGHLAN
100||142|||C21|0079297481FLRDS|0079297481FLRDS|0079297481FLRDS|0|20260505|132135|20260505|1|SCOUGHLAN
100||142|||C21|0079297481FOKDR|0079297481FOKDR|0079297481FOKDR|0|20260505|132135|20260505|1|SCOUGHLAN
100||142|||C21|0079297481FOKDS|0079297481FOKDS|0079297481FOKDS|0|20260505|132135|20260505|1|SCOUGHLAN
100||142|||C21|0079297481FSADR|0079297481FSADR|0079297481FSADR|0|20260505|132135|20260505|1|SCOUGHLAN
100||142|||C21|0079297481FSADS|0079297481FSADS|0079297481FSADS|0|20260505|132135|20260505|1|SCOUGHLAN
100||142|||C21|0079702210000DR|0079702210000DR|0079702210000DR|0|20260505|132135|20260505|1|SCOUGHLAN
100||142|||C21|0079702210000DS|0079702210000DS|0079702210000DS|0|20260505|132135|20260505|1|SCOUGHLAN
100||142|||C21|0079943610000DR|0079943610000DR|0079943610000DR|0|20260505|132135|20260505|1|SCOUGHLAN
100||142|||C21|0079943610000DS|0079943610000DS|0079943610000DS|0|20260505|132135|20260505|1|SCOUGHLAN
100||142|||C21|0083967000016DR|0083967000016DR|0083967000016DR|0|20260505|132135|20260505|1|SCOUGHLAN
100||142|||C21|0083967000016DS|0083967000016DS|0083967000016DS|0|20260505|132135|20260505|1|SCOUGHLAN
100||142|||C21|0084264390000DR|0084264390000DR|0084264390000DR|0|20260505|132135|20260505|1|SCOUGHLAN
100||142|||C21|0084264390000DS|0084264390000DS|0084264390000DS|0|20260505|132135|20260505|1|SCOUGHLAN
100||142|||C21|011051369DR|011051369DR|011051369DR|0|20260505|132135|20260505|1|SCOUGHLAN
100||142|||C21|011051369DS|011051369DS|011051369DS|0|20260505|132135|20260505|1|SCOUGHLAN
100||142|||C21|0141881550000DR|0141881550000DR|0141881550000DR|0|20260505|132135|20260505|1|SCOUGHLAN
100||142|||C21|0141881550000DS|0141881550000DS|0141881550000DS|0|20260505|132135|20260505|1|SCOUGHLAN
100||142|||C21|0149473600000DR|0149473600000DR|0149473600000DR|0|20260505|132135|20260505|1|SCOUGHLAN
100||142|||C21|0149473600000DS|0149473600000DS|0149473600000DS|0|20260505|132135|20260505|1|SCOUGHLAN
100||142|||C21|016808323000DR|016808323000DR|016808323000DR|0|20260505|132135|20260505|1|SCOUGHLAN
100||142|||C21|016808323000DS|016808323000DS|016808323000DS|0|20260505|132135|20260505|1|SCOUGHLAN
100||142|||C21|0196614660000DR|0196614660000DR|0196614660000DR|0|20260505|132135|20260505|1|SCOUGHLAN
100||142|||C21|0196614660000DS|0196614660000DS|0196614660000DS|0|20260505|132135|20260505|1|SCOUGHLAN
100||142|||C21|0237634510000DR|0237634510000DR|0237634510000DR|0|20260505|132135|20260505|1|SCOUGHLAN
100||142|||C21|0237634510000DS|0237634510000DS|0237634510000DS|0|20260505|132135|20260505|1|SCOUGHLAN
100||142|||C21|0244147160000DR|0244147160000DR|0244147160000DR|0|20260505|132135|20260505|1|SCOUGHLAN
100||142|||C21|0244147160000DS|0244147160000DS|0244147160000DS|0|20260505|132135|20260505|1|SCOUGHLAN
100||142|||C21|0267963670000DR|0267963670000DR|0267963670000DR|0|20260505|132135|20260505|1|SCOUGHLAN
100||142|||C21|0267963670000DS|0267963670000DS|0267963670000DS|0|20260505|132135|20260505|1|SCOUGHLAN
100||142|||C21|0315062020000DR|0315062020000DR|0315062020000DR|0|20260505|132135|20260505|1|SCOUGHLAN
100||142|||C21|0315062020000DS|0315062020000DS|0315062020000DS|0|20260505|132135|20260505|1|SCOUGHLAN
100||142|||C21|031859650DR|031859650DR|031859650DR|0|20260505|132135|20260505|1|SCOUGHLAN
100||142|||C21|031859650DS|031859650DS|031859650DS|0|20260505|132135|20260505|1|SCOUGHLAN
100||142|||C21|0320580130000DR|0320580130000DR|0320580130000DR|0|20260505|132135|20260505|1|SCOUGHLAN
100||142|||C21|0320580130000DS|0320580130000DS|0320580130000DS|0|20260505|132135|20260505|1|SCOUGHLAN
100||142|||C21|0347996840000DR|0347996840000DR|0347996840000DR|0|20260505|132135|20260505|1|SCOUGHLAN
100||142|||C21|0347996840000DS|0347996840000DS|0347996840000DS|0|20260505|132135|20260505|1|SCOUGHLAN
100||142|||C21|0351385100000DR|0351385100000DR|0351385100000DR|0|20260505|132135|20260505|1|SCOUGHLAN
100||142|||C21|0351385100000DS|0351385100000DS|0351385100000DS|0|20260505|132135|20260505|1|SCOUGHLAN
100||142|||C21|0353757570000DR|0353757570000DR|0353757570000DR|0|20260505|132135|20260505|1|SCOUGHLAN
100||142|||C21|0353757570000DS|0353757570000DS|0353757570000DS|0|20260505|132135|20260505|1|SCOUGHLAN
100||142|||C21|0356123450000DR|0356123450000DR|0356123450000DR|0|20260505|132135|20260505|1|SCOUGHLAN
100||142|||C21|0356123450000DS|0356123450000DS|0356123450000DS|0|20260505|132135|20260505|1|SCOUGHLAN
100||142|||C21|038824876DR|038824876DR|038824876DR|0|20260505|132135|20260505|1|SCOUGHLAN
100||142|||C21|038824876DS|038824876DS|038824876DS|0|20260505|132135|20260505|1|SCOUGHLAN
100||142|||C21|0403560600000DR|0403560600000DR|0403560600000DR|0|20260505|132135|20260505|1|SCOUGHLAN
100||142|||C21|0403560600000DS|0403560600000DS|0403560600000DS|0|20260505|132135|20260505|1|SCOUGHLAN
100||142|||C21|0423707340001DR|0423707340001DR|0423707340001DR|0|20260505|132135|20260505|1|SCOUGHLAN
100||142|||C21|0423707340001DS|0423707340001DS|0423707340001DS|0|20260505|132135|20260505|1|SCOUGHLAN
100||142|||C21|0423707340002DR|0423707340002DR|0423707340002DR|0|20260505|132135|20260505|1|SCOUGHLAN
100||142|||C21|0423707340002DS|0423707340002DS|0423707340002DS|0|20260505|132135|20260505|1|SCOUGHLAN
100||142|||C21|0423707340004DR|0423707340004DR|0423707340004DR|0|20260505|132135|20260505|1|SCOUGHLAN
100||142|||C21|0423707340004DS|0423707340004DS|0423707340004DS|0|20260505|132135|20260505|1|SCOUGHLAN
100||142|||C21|0423707340006DR|0423707340006DR|0423707340006DR|0|20260505|132135|20260505|1|SCOUGHLAN
100||142|||C21|0423707340006DS|0423707340006DS|0423707340006DS|0|20260505|132135|20260505|1|SCOUGHLAN
100||142|||C21|0446280680000DR|0446280680000DR|0446280680000DR|0|20260505|132135|20260505|1|SCOUGHLAN
100||142|||C21|0446280680000DS|0446280680000DS|0446280680000DS|0|20260505|132135|20260505|1|SCOUGHLAN
100||142|||C21|0517639690000DR|0517639690000DR|0517639690000DR|0|20260505|132135|20260505|1|SCOUGHLAN
100||142|||C21|0517639690000DS|0517639690000DS|0517639690000DS|0|20260505|132135|20260505|1|SCOUGHLAN
100||142|||C21|052129129DR|052129129DR|052129129DR|0|20260505|132135|20260505|1|SCOUGHLAN
100||142|||C21|052129129DS|052129129DS|052129129DS|0|20260505|132135|20260505|1|SCOUGHLAN
100||142|||C21|0528310470000DR|0528310470000DR|0528310470000DR|0|20260505|132135|20260505|1|SCOUGHLAN
100||142|||C21|0528310470000DS|0528310470000DS|0528310470000DS|0|20260505|132135|20260505|1|SCOUGHLAN
100||142|||C21|0530460250000DR|0530460250000DR|0530460250000DR|0|20260505|132135|20260505|1|SCOUGHLAN
100||142|||C21|0530460250000DS|0530460250000DS|0530460250000DS|0|20260505|132135|20260505|1|SCOUGHLAN
100||142|||C21|0534744210000DR|0534744210000DR|0534744210000DR|0|20260505|132135|20260505|1|SCOUGHLAN
100||142|||C21|0534744210000DS|0534744210000DS|0534744210000DS|0|20260505|132135|20260505|1|SCOUGHLAN
100||142|||C21|0539452590000DR|0539452590000DR|0539452590000DR|0|20260505|132135|20260505|1|SCOUGHLAN
100||142|||C21|0539452590000DS|0539452590000DS|0539452590000DS|0|20260505|132135|20260505|1|SCOUGHLAN
100||142|||C21|057230799DR|057230799DR|057230799DR|0|20260505|132135|20260505|1|SCOUGHLAN
100||142|||C21|057230799DS|057230799DS|057230799DS|0|20260505|132135|20260505|1|SCOUGHLAN
100||142|||C21|0588222890000DR|0588222890000DR|0588222890000DR|0|20260505|132135|20260505|1|SCOUGHLAN
100||142|||C21|0588222890000DS|0588222890000DS|0588222890000DS|0|20260505|132135|20260505|1|SCOUGHLAN
100||142|||C21|0591586340000DR|0591586340000DR|0591586340000DR|0|20260505|132135|20260505|1|SCOUGHLAN
100||142|||C21|0591586340000DS|0591586340000DS|0591586340000DS|0|20260505|132135|20260505|1|SCOUGHLAN
100||142|||C21|0635180540000DR|0635180540000DR|0635180540000DR|0|20260505|132135|20260505|1|SCOUGHLAN
100||142|||C21|0635180540000DS|0635180540000DS|0635180540000DS|0|20260505|132135|20260505|1|SCOUGHLAN
100||142|||C21|0663657840000DR|0663657840000DR|0663657840000DR|0|20260505|132135|20260505|1|SCOUGHLAN
100||142|||C21|0663657840000DS|0663657840000DS|0663657840000DS|0|20260505|132135|20260505|1|SCOUGHLAN
100||142|||C21|0787361800000DR|0787361800000DR|0787361800000DR|0|20260505|132135|20260505|1|SCOUGHLAN
100||142|||C21|0787361800000DS|0787361800000DS|0787361800000DS|0|20260505|132135|20260505|1|SCOUGHLAN
100||142|||C21|0787405000000DR|0787405000000DR|0787405000000DR|0|20260505|132135|20260505|1|SCOUGHLAN
100||142|||C21|0787405000000DS|0787405000000DS|0787405000000DS|0|20260505|132135|20260505|1|SCOUGHLAN
100||142|||C21|0790517230000DR|0790517230000DR|0790517230000DR|0|20260505|132135|20260505|1|SCOUGHLAN
100||142|||C21|0790517230000DS|0790517230000DS|0790517230000DS|0|20260505|132135|20260505|1|SCOUGHLAN
100||142|||C21|0791463240000DR|0791463240000DR|0791463240000DR|0|20260505|132135|20260505|1|SCOUGHLAN
100||142|||C21|0791463240000DS|0791463240000DS|0791463240000DS|0|20260505|132135|20260505|1|SCOUGHLAN
100||142|||C21|0794223490000DR|0794223490000DR|0794223490000DR|0|20260505|132135|20260505|1|SCOUGHLAN
100||142|||C21|0794223490000DS|0794223490000DS|0794223490000DS|0|20260505|132135|20260505|1|SCOUGHLAN
100||142|||C21|0828519730000DR|0828519730000DR|0828519730000DR|0|20260505|132135|20260505|1|SCOUGHLAN
100||142|||C21|0828519730000DS|0828519730000DS|0828519730000DS|0|20260505|132135|20260505|1|SCOUGHLAN
100||142|||C21|0845674570000DR|0845674570000DR|0845674570000DR|0|20260505|132135|20260505|1|SCOUGHLAN
100||142|||C21|0845674570000DS|0845674570000DS|0845674570000DS|0|20260505|132135|20260505|1|SCOUGHLAN
100||142|||C21|088694260DR|088694260DR|088694260DR|0|20260505|132135|20260505|1|SCOUGHLAN
100||142|||C21|088694260DS|088694260DS|088694260DS|0|20260505|132135|20260505|1|SCOUGHLAN
100||142|||C21|0981745920000DR|0981745920000DR|0981745920000DR|0|20260505|132135|20260505|1|SCOUGHLAN
100||142|||C21|0981745920000DS|0981745920000DS|0981745920000DS|0|20260505|132135|20260505|1|SCOUGHLAN
100||142|||C21|0995729920000DR|0995729920000DR|0995729920000DR|0|20260505|132135|20260505|1|SCOUGHLAN
100||142|||C21|0995729920000DS|0995729920000DS|0995729920000DS|0|20260505|132135|20260505|1|SCOUGHLAN
100||142|||C21|1030175700000DR|1030175700000DR|1030175700000DR|0|20260505|132135|20260505|1|SCOUGHLAN
100||142|||C21|1030175700000DS|1030175700000DS|1030175700000DS|0|20260505|132135|20260505|1|SCOUGHLAN
100||142|||C21|103391843DR|103391843DR|103391843DR|0|20260505|132135|20260505|1|SCOUGHLAN
100||142|||C21|103391843DS|103391843DS|103391843DS|0|20260505|132135|20260505|1|SCOUGHLAN
100||142|||C21|1123599220000DR|1123599220000DR|1123599220000DR|0|20260505|132135|20260505|1|SCOUGHLAN
100||142|||C21|1123599220000DS|1123599220000DS|1123599220000DS|0|20260505|132135|20260505|1|SCOUGHLAN
100||142|||C21|1124515340000DR|1124515340000DR|1124515340000DR|0|20260505|132135|20260505|1|SCOUGHLAN
100||142|||C21|1124515340000DS|1124515340000DS|1124515340000DS|0|20260505|132135|20260505|1|SCOUGHLAN
100||142|||C21|113112861DR|113112861DR|113112861DR|0|20260505|132135|20260505|1|SCOUGHLAN
100||142|||C21|113112861DS|113112861DS|113112861DS|0|20260505|132135|20260505|1|SCOUGHLAN
100||142|||C21|113694512DR|113694512DR|113694512DR|0|20260505|132135|20260505|1|SCOUGHLAN
100||142|||C21|113694512DS|113694512DS|113694512DS|0|20260505|132135|20260505|1|SCOUGHLAN
100||142|||C21|116489DR|116489DR|116489DR|0|20260505|132135|20260505|1|SCOUGHLAN
100||142|||C21|116489DS|116489DS|116489DS|0|20260505|132135|20260505|1|SCOUGHLAN
100||142|||C21|1223609720000DR|1223609720000DR|1223609720000DR|0|20260505|132135|20260505|1|SCOUGHLAN
100||142|||C21|1223609720000DS|1223609720000DS|1223609720000DS|0|20260505|132135|20260505|1|SCOUGHLAN
100||142|||C21|122712DR|122712DR|122712DR|0|20260505|132135|20260505|1|SCOUGHLAN
100||142|||C21|122712DS|122712DS|122712DS|0|20260505|132135|20260505|1|SCOUGHLAN
100||142|||C21|1229487500000DR|1229487500000DR|1229487500000DR|0|20260505|132135|20260505|1|SCOUGHLAN
100||142|||C21|1229487500000DS|1229487500000DS|1229487500000DS|0|20260505|132135|20260505|1|SCOUGHLAN
100||142|||C21|127724537DR|127724537DR|127724537DR|0|20260505|132135|20260505|1|SCOUGHLAN
100||142|||C21|127724537DS|127724537DS|127724537DS|0|20260505|132135|20260505|1|SCOUGHLAN
100||142|||C21|139182DR|139182DR|139182DR|0|20260505|132135|20260505|1|SCOUGHLAN
100||142|||C21|139182DS|139182DS|139182DS|0|20260505|132135|20260505|1|SCOUGHLAN
100||142|||C21|139531DR|139531DR|139531DR|0|20260505|132135|20260505|1|SCOUGHLAN
100||142|||C21|139531DS|139531DS|139531DS|0|20260505|132135|20260505|1|SCOUGHLAN
100||142|||C21|1418835410000DR|1418835410000DR|1418835410000DR|0|20260505|132135|20260505|1|SCOUGHLAN
100||142|||C21|1418835410000DS|1418835410000DS|1418835410000DS|0|20260505|132135|20260505|1|SCOUGHLAN
100||142|||C21|1434459350000DR|1434459350000DR|1434459350000DR|0|20260505|132135|20260505|1|SCOUGHLAN
100||142|||C21|1434459350000DS|1434459350000DS|1434459350000DS|0|20260505|132135|20260505|1|SCOUGHLAN
100||142|||C21|153320DR|153320DR|153320DR|0|20260505|132135|20260505|1|SCOUGHLAN
100||142|||C21|153320DS|153320DS|153320DS|0|20260505|132135|20260505|1|SCOUGHLAN
100||142|||C21|153322DR|153322DR|153322DR|0|20260505|132135|20260505|1|SCOUGHLAN
100||142|||C21|153322DS|153322DS|153322DS|0|20260505|132135|20260505|1|SCOUGHLAN
100||142|||C21|153549DR|153549DR|153549DR|0|20260505|132135|20260505|1|SCOUGHLAN
100||142|||C21|153549DS|153549DS|153549DS|0|20260505|132135|20260505|1|SCOUGHLAN
100||142|||C21|154191DR|154191DR|154191DR|0|20260505|132135|20260505|1|SCOUGHLAN
100||142|||C21|154191DS|154191DS|154191DS|0|20260505|132135|20260505|1|SCOUGHLAN
100||142|||C21|1542398000000DR|1542398000000DR|1542398000000DR|0|20260505|132135|20260505|1|SCOUGHLAN
100||142|||C21|1542398000000DS|1542398000000DS|1542398000000DS|0|20260505|132135|20260505|1|SCOUGHLAN
100||142|||C21|1577962510000DR|1577962510000DR|1577962510000DR|0|20260505|132135|20260505|1|SCOUGHLAN
100||142|||C21|1577962510000DS|1577962510000DS|1577962510000DS|0|20260505|132135|20260505|1|SCOUGHLAN
100||142|||C21|1598686240000DR|1598686240000DR|1598686240000DR|0|20260505|132135|20260505|1|SCOUGHLAN
100||142|||C21|1598686240000DS|1598686240000DS|1598686240000DS|0|20260505|132135|20260505|1|SCOUGHLAN
100||142|||C21|165319DR|165319DR|165319DR|0|20260505|132135|20260505|1|SCOUGHLAN
100||142|||C21|165319DS|165319DS|165319DS|0|20260505|132135|20260505|1|SCOUGHLAN
100||142|||C21|1684664510000DR|1684664510000DR|1684664510000DR|0|20260505|132135|20260505|1|SCOUGHLAN
100||142|||C21|1684664510000DS|1684664510000DS|1684664510000DS|0|20260505|132135|20260505|1|SCOUGHLAN
100||142|||C21|170169DR|170169DR|170169DR|0|20260505|132135|20260505|1|SCOUGHLAN
100||142|||C21|170169DS|170169DS|170169DS|0|20260505|132135|20260505|1|SCOUGHLAN
100||142|||C21|17485DR|17485DR|17485DR|0|20260505|132135|20260505|1|SCOUGHLAN
100||142|||C21|17485DS|17485DS|17485DS|0|20260505|132135|20260505|1|SCOUGHLAN
100||142|||C21|183602DR|183602DR|183602DR|0|20260505|132135|20260505|1|SCOUGHLAN
100||142|||C21|183602DS|183602DS|183602DS|0|20260505|132135|20260505|1|SCOUGHLAN
100||142|||C21|1914465250000DR|1914465250000DR|1914465250000DR|0|20260505|132135|20260505|1|SCOUGHLAN
100||142|||C21|1914465250000DS|1914465250000DS|1914465250000DS|0|20260505|132135|20260505|1|SCOUGHLAN
100||142|||C21|1948450120000DR|1948450120000DR|1948450120000DR|0|20260505|132135|20260505|1|SCOUGHLAN
100||142|||C21|1948450120000DS|1948450120000DS|1948450120000DS|0|20260505|132135|20260505|1|SCOUGHLAN
100||142|||C21|200495DR|200495DR|200495DR|0|20260505|132135|20260505|1|SCOUGHLAN
100||142|||C21|200495DS|200495DS|200495DS|0|20260505|132135|20260505|1|SCOUGHLAN
100||142|||C21|200699000DR|200699000DR|200699000DR|0|20260505|132135|20260505|1|SCOUGHLAN
100||142|||C21|200699000DS|200699000DS|200699000DS|0|20260505|132135|20260505|1|SCOUGHLAN
100||142|||C21|211171DR|211171DR|211171DR|0|20260505|132135|20260505|1|SCOUGHLAN
100||142|||C21|211171DS|211171DS|211171DS|0|20260505|132135|20260505|1|SCOUGHLAN
100||142|||C21|25120DR|25120DR|25120DR|0|20260505|132135|20260505|1|SCOUGHLAN
100||142|||C21|25120DS|25120DS|25120DS|0|20260505|132135|20260505|1|SCOUGHLAN
100||142|||C21|2521335170360DR|2521335170360DR|2521335170360DR|0|20260505|132135|20260505|1|SCOUGHLAN
100||142|||C21|2521335170360DS|2521335170360DS|2521335170360DS|0|20260505|132135|20260505|1|SCOUGHLAN
100||142|||C21|2521335173205DR|2521335173205DR|2521335173205DR|0|20260505|132135|20260505|1|SCOUGHLAN
100||142|||C21|2521335173205DS|2521335173205DS|2521335173205DS|0|20260505|132135|20260505|1|SCOUGHLAN
100||142|||C21|27707DR|27707DR|27707DR|0|20260505|132135|20260505|1|SCOUGHLAN
100||142|||C21|27707DS|27707DS|27707DS|0|20260505|132135|20260505|1|SCOUGHLAN
100||142|||C21|288302DR|288302DR|288302DR|0|20260505|132135|20260505|1|SCOUGHLAN
100||142|||C21|288302DS|288302DS|288302DS|0|20260505|132135|20260505|1|SCOUGHLAN
100||142|||C21|28908DR|28908DR|28908DR|0|20260505|132135|20260505|1|SCOUGHLAN
100||142|||C21|28908DS|28908DS|28908DS|0|20260505|132135|20260505|1|SCOUGHLAN
100||142|||C21|29982DR|29982DR|29982DR|0|20260505|132135|20260505|1|SCOUGHLAN
100||142|||C21|29982DS|29982DS|29982DS|0|20260505|132135|20260505|1|SCOUGHLAN
100||142|||C21|312037DR|312037DR|312037DR|0|20260505|132135|20260505|1|SCOUGHLAN
100||142|||C21|312037DS|312037DS|312037DS|0|20260505|132135|20260505|1|SCOUGHLAN
100||142|||C21|3318DR|3318DR|3318DR|0|20260505|132135|20260505|1|SCOUGHLAN
100||142|||C21|3318DS|3318DS|3318DS|0|20260505|132135|20260505|1|SCOUGHLAN
100||142|||C21|3619643280000DR|3619643280000DR|3619643280000DR|0|20260505|132135|20260505|1|SCOUGHLAN
100||142|||C21|3619643280000DS|3619643280000DS|3619643280000DS|0|20260505|132135|20260505|1|SCOUGHLAN
100||142|||C21|4720DR|4720DR|4720DR|0|20260505|132135|20260505|1|SCOUGHLAN
100||142|||C21|4720DS|4720DS|4720DS|0|20260505|132135|20260505|1|SCOUGHLAN
100||142|||C21|6058393770000DR|6058393770000DR|6058393770000DR|0|20260505|132135|20260505|1|SCOUGHLAN
100||142|||C21|6058393770000DS|6058393770000DS|6058393770000DS|0|20260505|132135|20260505|1|SCOUGHLAN
100||142|||C21|609815618DR|609815618DR|609815618DR|0|20260505|132135|20260505|1|SCOUGHLAN
100||142|||C21|609815618DS|609815618DS|609815618DS|0|20260505|132135|20260505|1|SCOUGHLAN
100||142|||C21|6173341720000DR|6173341720000DR|6173341720000DR|0|20260505|132135|20260505|1|SCOUGHLAN
100||142|||C21|6173341720000DS|6173341720000DS|6173341720000DS|0|20260505|132135|20260505|1|SCOUGHLAN
100||142|||C21|6207930670000DR|6207930670000DR|6207930670000DR|0|20260505|132135|20260505|1|SCOUGHLAN
100||142|||C21|6207930670000DS|6207930670000DS|6207930670000DS|0|20260505|132135|20260505|1|SCOUGHLAN
100||142|||C21|621418185DR|621418185DR|621418185DR|0|20260505|132135|20260505|1|SCOUGHLAN
100||142|||C21|621418185DS|621418185DS|621418185DS|0|20260505|132135|20260505|1|SCOUGHLAN
100||142|||C21|6227663760000DR|6227663760000DR|6227663760000DR|0|20260505|132135|20260505|1|SCOUGHLAN
100||142|||C21|6227663760000DS|6227663760000DS|6227663760000DS|0|20260505|132135|20260505|1|SCOUGHLAN
100||142|||C21|6233404240000DR|6233404240000DR|6233404240000DR|0|20260505|132135|20260505|1|SCOUGHLAN
100||142|||C21|6233404240000DS|6233404240000DS|6233404240000DS|0|20260505|132135|20260505|1|SCOUGHLAN
100||142|||C21|64503DR|64503DR|64503DR|0|20260505|132135|20260505|1|SCOUGHLAN
100||142|||C21|64503DS|64503DS|64503DS|0|20260505|132135|20260505|1|SCOUGHLAN
100||142|||C21|6516388972DR|6516388972DR|6516388972DR|0|20260505|132135|20260505|1|SCOUGHLAN
100||142|||C21|6516388972DS|6516388972DS|6516388972DS|0|20260505|132135|20260505|1|SCOUGHLAN
100||142|||C21|74946DR|74946DR|74946DR|0|20260505|132135|20260505|1|SCOUGHLAN
100||142|||C21|74946DS|74946DS|74946DS|0|20260505|132135|20260505|1|SCOUGHLAN
100||142|||C21|77375DR|77375DR|77375DR|0|20260505|132135|20260505|1|SCOUGHLAN
100||142|||C21|77375DS|77375DS|77375DS|0|20260505|132135|20260505|1|SCOUGHLAN
100||142|||C21|7853277430000DR|7853277430000DR|7853277430000DR|0|20260505|132135|20260505|1|SCOUGHLAN
100||142|||C21|7853277430000DS|7853277430000DS|7853277430000DS|0|20260505|132135|20260505|1|SCOUGHLAN
100||142|||C21|79-244-2543DR|79-244-2543DR|79-244-2543DR|0|20260505|132135|20260505|1|SCOUGHLAN
100||142|||C21|79-244-2543DS|79-244-2543DS|79-244-2543DS|0|20260505|132135|20260505|1|SCOUGHLAN
100||142|||C21|7951404330000DR|7951404330000DR|7951404330000DR|0|20260505|132135|20260505|1|SCOUGHLAN
100||142|||C21|7951404330000DS|7951404330000DS|7951404330000DS|0|20260505|132135|20260505|1|SCOUGHLAN
100||142|||C21|7969234490000DR|7969234490000DR|7969234490000DR|0|20260505|132135|20260505|1|SCOUGHLAN
100||142|||C21|7969234490000DS|7969234490000DS|7969234490000DS|0|20260505|132135|20260505|1|SCOUGHLAN
100||142|||C21|7990097820000DR|7990097820000DR|7990097820000DR|0|20260505|132135|20260505|1|SCOUGHLAN
100||142|||C21|7990097820000DS|7990097820000DS|7990097820000DS|0|20260505|132135|20260505|1|SCOUGHLAN
100||142|||C21|7991261720000DR|7991261720000DR|7991261720000DR|0|20260505|132136|20260505|1|SCOUGHLAN
100||142|||C21|7991261720000DS|7991261720000DS|7991261720000DS|0|20260505|132136|20260505|1|SCOUGHLAN
100||142|||C21|7991262710000DR|7991262710000DR|7991262710000DR|0|20260505|132136|20260505|1|SCOUGHLAN
100||142|||C21|7991262710000DS|7991262710000DS|7991262710000DS|0|20260505|132136|20260505|1|SCOUGHLAN
100||142|||C21|7991264200000DR|7991264200000DR|7991264200000DR|0|20260505|132136|20260505|1|SCOUGHLAN
100||142|||C21|7991264200000DS|7991264200000DS|7991264200000DS|0|20260505|132136|20260505|1|SCOUGHLAN
100||142|||C21|7991272040000DR|7991272040000DR|7991272040000DR|0|20260505|132136|20260505|1|SCOUGHLAN
100||142|||C21|7991272040000DS|7991272040000DS|7991272040000DS|0|20260505|132136|20260505|1|SCOUGHLAN
100||142|||C21|7991281520000DR|7991281520000DR|7991281520000DR|0|20260505|132136|20260505|1|SCOUGHLAN
100||142|||C21|7991281520000DS|7991281520000DS|7991281520000DS|0|20260505|132136|20260505|1|SCOUGHLAN
100||142|||C21|8003602231DR|8003602231DR|8003602231DR|0|20260505|132136|20260505|1|SCOUGHLAN
100||142|||C21|8003602231DS|8003602231DS|8003602231DS|0|20260505|132136|20260505|1|SCOUGHLAN
100||142|||C21|8051669640000DR|8051669640000DR|8051669640000DR|0|20260505|132136|20260505|1|SCOUGHLAN
100||142|||C21|8051669640000DS|8051669640000DS|8051669640000DS|0|20260505|132136|20260505|1|SCOUGHLAN
100||142|||C21|8062922440000DR|8062922440000DR|8062922440000DR|0|20260505|132136|20260505|1|SCOUGHLAN
100||142|||C21|8062922440000DS|8062922440000DS|8062922440000DS|0|20260505|132136|20260505|1|SCOUGHLAN
100||142|||C21|8065506040000DR|8065506040000DR|8065506040000DR|0|20260505|132136|20260505|1|SCOUGHLAN
100||142|||C21|8065506040000DS|8065506040000DS|8065506040000DS|0|20260505|132136|20260505|1|SCOUGHLAN
100||142|||C21|8092014110000DR|8092014110000DR|8092014110000DR|0|20260505|132136|20260505|1|SCOUGHLAN
100||142|||C21|8092014110000DS|8092014110000DS|8092014110000DS|0|20260505|132136|20260505|1|SCOUGHLAN
100||142|||C21|8250728200000DR|8250728200000DR|8250728200000DR|0|20260505|132136|20260505|1|SCOUGHLAN
100||142|||C21|8250728200000DS|8250728200000DS|8250728200000DS|0|20260505|132136|20260505|1|SCOUGHLAN
100||142|||C21|8250729600000DR|8250729600000DR|8250729600000DR|0|20260505|132136|20260505|1|SCOUGHLAN
100||142|||C21|8250729600000DS|8250729600000DS|8250729600000DS|0|20260505|132136|20260505|1|SCOUGHLAN
100||142|||C21|8355689650000DR|8355689650000DR|8355689650000DR|0|20260505|132136|20260505|1|SCOUGHLAN
100||142|||C21|8355689650000DS|8355689650000DS|8355689650000DS|0|20260505|132136|20260505|1|SCOUGHLAN
100||142|||C21|8360573980000DR|8360573980000DR|8360573980000DR|0|20260505|132136|20260505|1|SCOUGHLAN
100||142|||C21|8360573980000DS|8360573980000DS|8360573980000DS|0|20260505|132136|20260505|1|SCOUGHLAN
100||142|||C21|85119DR|85119DR|85119DR|0|20260505|132136|20260505|1|SCOUGHLAN
100||142|||C21|85119DS|85119DS|85119DS|0|20260505|132136|20260505|1|SCOUGHLAN
100||142|||C21|9293238970000DR|9293238970000DR|9293238970000DR|0|20260505|132136|20260505|1|SCOUGHLAN
100||142|||C21|9293238970000DS|9293238970000DS|9293238970000DS|0|20260505|132136|20260505|1|SCOUGHLAN
100||142|||C21|9293239390000DR|9293239390000DR|9293239390000DR|0|20260505|132136|20260505|1|SCOUGHLAN
100||142|||C21|9293239390000DS|9293239390000DS|9293239390000DS|0|20260505|132136|20260505|1|SCOUGHLAN
100||142|||C21|9478184560000DR|9478184560000DR|9478184560000DR|0|20260505|132136|20260505|1|SCOUGHLAN
100||142|||C21|9478184560000DS|9478184560000DS|9478184560000DS|0|20260505|132136|20260505|1|SCOUGHLAN
100||142|||C21|FRESHDIRECTDR|FRESHDIRECTDR|FRESHDIRECTDR|0|20260505|132136|20260505|1|SCOUGHLAN
100||142|||C21|FRESHDIRECTDS|FRESHDIRECTDS|FRESHDIRECTDS|0|20260505|132136|20260505|1|SCOUGHLAN
100||142|||C21|PERFFOODSERVICEDR|C21|C21|0|20260505|132136|20260505|1|SCOUGHLAN
100||142|||C21|PERFFOODSERVICEDS|C21|C21|0|20260505|132136|20260505|1|SCOUGHLAN
100||142|||C21|SUPPLIESFLYDR|SUPPLIESFLYDR|SUPPLIESFLYDR|0|20260505|132136|20260505|1|SCOUGHLAN
100||142|||C21|SUPPLIESFLYDS|SUPPLIESFLYDS|SUPPLIESFLYDS|0|20260505|132136|20260505|1|SCOUGHLAN
100||142|||C22|0000119207615NE|0000119207615NE|0000119207615NE|0|20260505|132136|20260505|1|SCOUGHLAN
100||142|||C22|0000119207615SA|0000119207615SA|0000119207615SA|0|20260505|132136|20260505|1|SCOUGHLAN
100||142|||C22|001399054NE|001399054NE|001399054NE|0|20260505|132136|20260505|1|SCOUGHLAN
100||142|||C22|001399054SA|001399054SA|001399054SA|0|20260505|132136|20260505|1|SCOUGHLAN
100||142|||C22|0038556400000NE|0038556400000NE|0038556400000NE|0|20260505|132136|20260505|1|SCOUGHLAN
100||142|||C22|0038556400000SA|0038556400000SA|0038556400000SA|0|20260505|132136|20260505|1|SCOUGHLAN
100||142|||C22|0064000980000DRNE|C22|C22|0|20260505|132136|20260505|1|SCOUGHLAN
100||142|||C22|0064000980000DRSA|C22|C22|0|20260505|132136|20260505|1|SCOUGHLAN
100||142|||C22|0064000980000NE|0064000980000NE|0064000980000NE|0|20260505|132136|20260505|1|SCOUGHLAN
100||142|||C22|0064000980000SA|0064000980000SA|0064000980000SA|0|20260505|132136|20260505|1|SCOUGHLAN
100||142|||C22|0069660300000NE|0069660300000NE|0069660300000NE|0|20260505|132136|20260505|1|SCOUGHLAN
100||142|||C22|0069660300000SA|0069660300000SA|0069660300000SA|0|20260505|132136|20260505|1|SCOUGHLAN
100||142|||C22|006986483NE|006986483NE|006986483NE|0|20260505|132136|20260505|1|SCOUGHLAN
100||142|||C22|006986483SA|006986483SA|006986483SA|0|20260505|132136|20260505|1|SCOUGHLAN
100||142|||C22|0079144350000NE|0079144350000NE|0079144350000NE|0|20260505|132136|20260505|1|SCOUGHLAN
100||142|||C22|0079144350000SA|0079144350000SA|0079144350000SA|0|20260505|132136|20260505|1|SCOUGHLAN
100||142|||C22|0079297480FDFNE|0079297480FDFNE|0079297480FDFNE|0|20260505|132136|20260505|1|SCOUGHLAN
100||142|||C22|0079297480FDFSA|0079297480FDFSA|0079297480FDFSA|0|20260505|132136|20260505|1|SCOUGHLAN
100||142|||C22|0079297480FFLNE|0079297480FFLNE|0079297480FFLNE|0|20260505|132136|20260505|1|SCOUGHLAN
100||142|||C22|0079297480FFLSA|0079297480FFLSA|0079297480FFLSA|0|20260505|132136|20260505|1|SCOUGHLAN
100||142|||C22|0079297480FHSNE|0079297480FHSNE|0079297480FHSNE|0|20260505|132136|20260505|1|SCOUGHLAN
100||142|||C22|0079297480FHSSA|0079297480FHSSA|0079297480FHSSA|0|20260505|132136|20260505|1|SCOUGHLAN
100||142|||C22|0079297481FAMNE|0079297481FAMNE|0079297481FAMNE|0|20260505|132136|20260505|1|SCOUGHLAN
100||142|||C22|0079297481FAMSA|0079297481FAMSA|0079297481FAMSA|0|20260505|132136|20260505|1|SCOUGHLAN
100||142|||C22|0079297481FAQNE|0079297481FAQNE|0079297481FAQNE|0|20260505|132136|20260505|1|SCOUGHLAN
100||142|||C22|0079297481FAQSA|0079297481FAQSA|0079297481FAQSA|0|20260505|132136|20260505|1|SCOUGHLAN
100||142|||C22|0079297481FELNE|0079297481FELNE|0079297481FELNE|0|20260505|132136|20260505|1|SCOUGHLAN
100||142|||C22|0079297481FELSA|0079297481FELSA|0079297481FELSA|0|20260505|132136|20260505|1|SCOUGHLAN
100||142|||C22|0079297481FLRNE|0079297481FLRNE|0079297481FLRNE|0|20260505|132136|20260505|1|SCOUGHLAN
100||142|||C22|0079297481FLRSA|0079297481FLRSA|0079297481FLRSA|0|20260505|132136|20260505|1|SCOUGHLAN
100||142|||C22|0079297481FOKNE|0079297481FOKNE|0079297481FOKNE|0|20260505|132136|20260505|1|SCOUGHLAN
100||142|||C22|0079297481FOKSA|0079297481FOKSA|0079297481FOKSA|0|20260505|132136|20260505|1|SCOUGHLAN
100||142|||C22|0079297481FSANE|0079297481FSANE|0079297481FSANE|0|20260505|132136|20260505|1|SCOUGHLAN
100||142|||C22|0079297481FSASA|0079297481FSASA|0079297481FSASA|0|20260505|132136|20260505|1|SCOUGHLAN
100||142|||C22|0079702210000NE|0079702210000NE|0079702210000NE|0|20260505|132136|20260505|1|SCOUGHLAN
100||142|||C22|0079702210000SA|0079702210000SA|0079702210000SA|0|20260505|132136|20260505|1|SCOUGHLAN
100||142|||C22|0079943610000NE|0079943610000NE|0079943610000NE|0|20260505|132136|20260505|1|SCOUGHLAN
100||142|||C22|0079943610000SA|0079943610000SA|0079943610000SA|0|20260505|132136|20260505|1|SCOUGHLAN
100||142|||C22|0083967000016NE|0083967000016NE|0083967000016NE|0|20260505|132136|20260505|1|SCOUGHLAN
100||142|||C22|0083967000016SA|0083967000016SA|0083967000016SA|0|20260505|132136|20260505|1|SCOUGHLAN
100||142|||C22|0084264390000NE|0084264390000NE|0084264390000NE|0|20260505|132136|20260505|1|SCOUGHLAN
100||142|||C22|0084264390000SA|0084264390000SA|0084264390000SA|0|20260505|132136|20260505|1|SCOUGHLAN
100||142|||C22|011051369NE|011051369NE|011051369NE|0|20260505|132136|20260505|1|SCOUGHLAN
100||142|||C22|011051369SA|011051369SA|011051369SA|0|20260505|132136|20260505|1|SCOUGHLAN
100||142|||C22|0141881550000NE|0141881550000NE|0141881550000NE|0|20260505|132136|20260505|1|SCOUGHLAN
100||142|||C22|0141881550000SA|0141881550000SA|0141881550000SA|0|20260505|132136|20260505|1|SCOUGHLAN
100||142|||C22|0149473600000NE|0149473600000NE|0149473600000NE|0|20260505|132136|20260505|1|SCOUGHLAN
100||142|||C22|0149473600000SA|0149473600000SA|0149473600000SA|0|20260505|132136|20260505|1|SCOUGHLAN
100||142|||C22|016808323000NE|016808323000NE|016808323000NE|0|20260505|132136|20260505|1|SCOUGHLAN
100||142|||C22|016808323000SA|016808323000SA|016808323000SA|0|20260505|132136|20260505|1|SCOUGHLAN
100||142|||C22|0196614660000NE|0196614660000NE|0196614660000NE|0|20260505|132136|20260505|1|SCOUGHLAN
100||142|||C22|0196614660000SA|0196614660000SA|0196614660000SA|0|20260505|132136|20260505|1|SCOUGHLAN
100||142|||C22|0237634510000NE|0237634510000NE|0237634510000NE|0|20260505|132136|20260505|1|SCOUGHLAN
100||142|||C22|0237634510000SA|0237634510000SA|0237634510000SA|0|20260505|132136|20260505|1|SCOUGHLAN
100||142|||C22|0244147160000NE|0244147160000NE|0244147160000NE|0|20260505|132136|20260505|1|SCOUGHLAN
100||142|||C22|0244147160000SA|0244147160000SA|0244147160000SA|0|20260505|132136|20260505|1|SCOUGHLAN
100||142|||C22|0267963670000NE|0267963670000NE|0267963670000NE|0|20260505|132136|20260505|1|SCOUGHLAN
100||142|||C22|0267963670000SA|0267963670000SA|0267963670000SA|0|20260505|132136|20260505|1|SCOUGHLAN
100||142|||C22|0315062020000NE|0315062020000NE|0315062020000NE|0|20260505|132136|20260505|1|SCOUGHLAN
100||142|||C22|0315062020000SA|0315062020000SA|0315062020000SA|0|20260505|132136|20260505|1|SCOUGHLAN
100||142|||C22|031859650NE|031859650NE|031859650NE|0|20260505|132136|20260505|1|SCOUGHLAN
100||142|||C22|031859650SA|031859650SA|031859650SA|0|20260505|132136|20260505|1|SCOUGHLAN
100||142|||C22|0320580130000NE|0320580130000NE|0320580130000NE|0|20260505|132136|20260505|1|SCOUGHLAN
100||142|||C22|0320580130000SA|0320580130000SA|0320580130000SA|0|20260505|132136|20260505|1|SCOUGHLAN
100||142|||C22|0347996840000NE|0347996840000NE|0347996840000NE|0|20260505|132136|20260505|1|SCOUGHLAN
100||142|||C22|0347996840000SA|0347996840000SA|0347996840000SA|0|20260505|132136|20260505|1|SCOUGHLAN
100||142|||C22|0351385100000NE|0351385100000NE|0351385100000NE|0|20260505|132136|20260505|1|SCOUGHLAN
100||142|||C22|0351385100000SA|0351385100000SA|0351385100000SA|0|20260505|132136|20260505|1|SCOUGHLAN
100||142|||C22|0353757570000NE|0353757570000NE|0353757570000NE|0|20260505|132136|20260505|1|SCOUGHLAN
100||142|||C22|0353757570000SA|0353757570000SA|0353757570000SA|0|20260505|132136|20260505|1|SCOUGHLAN
100||142|||C22|0356123450000NE|0356123450000NE|0356123450000NE|0|20260505|132136|20260505|1|SCOUGHLAN
100||142|||C22|0356123450000SA|0356123450000SA|0356123450000SA|0|20260505|132136|20260505|1|SCOUGHLAN
100||142|||C22|038824876NE|038824876NE|038824876NE|0|20260505|132136|20260505|1|SCOUGHLAN
100||142|||C22|038824876SA|038824876SA|038824876SA|0|20260505|132136|20260505|1|SCOUGHLAN
100||142|||C22|0403560600000NE|0403560600000NE|0403560600000NE|0|20260505|132136|20260505|1|SCOUGHLAN
100||142|||C22|0403560600000SA|0403560600000SA|0403560600000SA|0|20260505|132136|20260505|1|SCOUGHLAN
100||142|||C22|0423707340001NE|0423707340001NE|0423707340001NE|0|20260505|132136|20260505|1|SCOUGHLAN
100||142|||C22|0423707340001SA|0423707340001SA|0423707340001SA|0|20260505|132136|20260505|1|SCOUGHLAN
100||142|||C22|0423707340002NE|0423707340002NE|0423707340002NE|0|20260505|132136|20260505|1|SCOUGHLAN
100||142|||C22|0423707340002SA|0423707340002SA|0423707340002SA|0|20260505|132136|20260505|1|SCOUGHLAN
100||142|||C22|0423707340004NE|0423707340004NE|0423707340004NE|0|20260505|132136|20260505|1|SCOUGHLAN
100||142|||C22|0423707340004SA|0423707340004SA|0423707340004SA|0|20260505|132136|20260505|1|SCOUGHLAN
100||142|||C22|0423707340006NE|0423707340006NE|0423707340006NE|0|20260505|132136|20260505|1|SCOUGHLAN
100||142|||C22|0423707340006SA|0423707340006SA|0423707340006SA|0|20260505|132136|20260505|1|SCOUGHLAN
100||142|||C22|0446280680000NE|0446280680000NE|0446280680000NE|0|20260505|132136|20260505|1|SCOUGHLAN
100||142|||C22|0446280680000SA|0446280680000SA|0446280680000SA|0|20260505|132136|20260505|1|SCOUGHLAN
100||142|||C22|0517639690000NE|0517639690000NE|0517639690000NE|0|20260505|132136|20260505|1|SCOUGHLAN
100||142|||C22|0517639690000SA|0517639690000SA|0517639690000SA|0|20260505|132136|20260505|1|SCOUGHLAN
100||142|||C22|052129129NE|052129129NE|052129129NE|0|20260505|132136|20260505|1|SCOUGHLAN
100||142|||C22|052129129SA|052129129SA|052129129SA|0|20260505|132136|20260505|1|SCOUGHLAN
100||142|||C22|0528310470000NE|0528310470000NE|0528310470000NE|0|20260505|132136|20260505|1|SCOUGHLAN
100||142|||C22|0528310470000SA|0528310470000SA|0528310470000SA|0|20260505|132136|20260505|1|SCOUGHLAN
100||142|||C22|0530460250000NE|0530460250000NE|0530460250000NE|0|20260505|132136|20260505|1|SCOUGHLAN
100||142|||C22|0530460250000SA|0530460250000SA|0530460250000SA|0|20260505|132136|20260505|1|SCOUGHLAN
100||142|||C22|0534744210000NE|0534744210000NE|0534744210000NE|0|20260505|132136|20260505|1|SCOUGHLAN
100||142|||C22|0534744210000SA|0534744210000SA|0534744210000SA|0|20260505|132136|20260505|1|SCOUGHLAN
100||142|||C22|0539452590000NE|0539452590000NE|0539452590000NE|0|20260505|132136|20260505|1|SCOUGHLAN
100||142|||C22|0539452590000SA|0539452590000SA|0539452590000SA|0|20260505|132136|20260505|1|SCOUGHLAN
100||142|||C22|057230799NE|057230799NE|057230799NE|0|20260505|132136|20260505|1|SCOUGHLAN
100||142|||C22|057230799SA|057230799SA|057230799SA|0|20260505|132136|20260505|1|SCOUGHLAN
100||142|||C22|0588222890000NE|0588222890000NE|0588222890000NE|0|20260505|132136|20260505|1|SCOUGHLAN
100||142|||C22|0588222890000SA|0588222890000SA|0588222890000SA|0|20260505|132136|20260505|1|SCOUGHLAN
100||142|||C22|0591586340000NE|0591586340000NE|0591586340000NE|0|20260505|132136|20260505|1|SCOUGHLAN
100||142|||C22|0591586340000SA|0591586340000SA|0591586340000SA|0|20260505|132136|20260505|1|SCOUGHLAN
100||142|||C22|0635180540000NE|0635180540000NE|0635180540000NE|0|20260505|132136|20260505|1|SCOUGHLAN
100||142|||C22|0635180540000SA|0635180540000SA|0635180540000SA|0|20260505|132136|20260505|1|SCOUGHLAN
100||142|||C22|0663657840000NE|0663657840000NE|0663657840000NE|0|20260505|132136|20260505|1|SCOUGHLAN
100||142|||C22|0663657840000SA|0663657840000SA|0663657840000SA|0|20260505|132136|20260505|1|SCOUGHLAN
100||142|||C22|0787361800000NE|0787361800000NE|0787361800000NE|0|20260505|132136|20260505|1|SCOUGHLAN
100||142|||C22|0787361800000SA|0787361800000SA|0787361800000SA|0|20260505|132136|20260505|1|SCOUGHLAN
100||142|||C22|0787405000000NE|0787405000000NE|0787405000000NE|0|20260505|132136|20260505|1|SCOUGHLAN
100||142|||C22|0787405000000SA|0787405000000SA|0787405000000SA|0|20260505|132136|20260505|1|SCOUGHLAN
100||142|||C22|0790517230000NE|0790517230000NE|0790517230000NE|0|20260505|132136|20260505|1|SCOUGHLAN
100||142|||C22|0790517230000SA|0790517230000SA|0790517230000SA|0|20260505|132136|20260505|1|SCOUGHLAN
100||142|||C22|0791463240000NE|0791463240000NE|0791463240000NE|0|20260505|132136|20260505|1|SCOUGHLAN
100||142|||C22|0791463240000SA|0791463240000SA|0791463240000SA|0|20260505|132136|20260505|1|SCOUGHLAN
100||142|||C22|0794223490000NE|0794223490000NE|0794223490000NE|0|20260505|132136|20260505|1|SCOUGHLAN
100||142|||C22|0794223490000SA|0794223490000SA|0794223490000SA|0|20260505|132136|20260505|1|SCOUGHLAN
100||142|||C22|0828519730000NE|0828519730000NE|0828519730000NE|0|20260505|132136|20260505|1|SCOUGHLAN
100||142|||C22|0828519730000SA|0828519730000SA|0828519730000SA|0|20260505|132136|20260505|1|SCOUGHLAN
100||142|||C22|0845674570000NE|0845674570000NE|0845674570000NE|0|20260505|132136|20260505|1|SCOUGHLAN
100||142|||C22|0845674570000SA|0845674570000SA|0845674570000SA|0|20260505|132136|20260505|1|SCOUGHLAN
100||142|||C22|088694260NE|088694260NE|088694260NE|0|20260505|132136|20260505|1|SCOUGHLAN
100||142|||C22|088694260SA|088694260SA|088694260SA|0|20260505|132136|20260505|1|SCOUGHLAN
100||142|||C22|0981745920000NE|0981745920000NE|0981745920000NE|0|20260505|132136|20260505|1|SCOUGHLAN
100||142|||C22|0981745920000SA|0981745920000SA|0981745920000SA|0|20260505|132136|20260505|1|SCOUGHLAN
100||142|||C22|0995729920000NE|0995729920000NE|0995729920000NE|0|20260505|132136|20260505|1|SCOUGHLAN
100||142|||C22|0995729920000SA|0995729920000SA|0995729920000SA|0|20260505|132136|20260505|1|SCOUGHLAN
100||142|||C22|1030175700000NE|1030175700000NE|1030175700000NE|0|20260505|132136|20260505|1|SCOUGHLAN
100||142|||C22|1030175700000SA|1030175700000SA|1030175700000SA|0|20260505|132136|20260505|1|SCOUGHLAN
100||142|||C22|103391843NE|103391843NE|103391843NE|0|20260505|132136|20260505|1|SCOUGHLAN
100||142|||C22|103391843SA|103391843SA|103391843SA|0|20260505|132136|20260505|1|SCOUGHLAN
100||142|||C22|1123599220000NE|1123599220000NE|1123599220000NE|0|20260505|132136|20260505|1|SCOUGHLAN
100||142|||C22|1123599220000SA|1123599220000SA|1123599220000SA|0|20260505|132136|20260505|1|SCOUGHLAN
100||142|||C22|1124515340000NE|1124515340000NE|1124515340000NE|0|20260505|132136|20260505|1|SCOUGHLAN
100||142|||C22|1124515340000SA|1124515340000SA|1124515340000SA|0|20260505|132136|20260505|1|SCOUGHLAN
100||142|||C22|113112861NE|113112861NE|113112861NE|0|20260505|132136|20260505|1|SCOUGHLAN
100||142|||C22|113112861SA|113112861SA|113112861SA|0|20260505|132136|20260505|1|SCOUGHLAN
100||142|||C22|113694512NE|113694512NE|113694512NE|0|20260505|132136|20260505|1|SCOUGHLAN
100||142|||C22|113694512SA|113694512SA|113694512SA|0|20260505|132136|20260505|1|SCOUGHLAN
100||142|||C22|116489NE|116489NE|116489NE|0|20260505|132136|20260505|1|SCOUGHLAN
100||142|||C22|116489SA|116489SA|116489SA|0|20260505|132136|20260505|1|SCOUGHLAN
100||142|||C22|1223609720000NE|1223609720000NE|1223609720000NE|0|20260505|132136|20260505|1|SCOUGHLAN
100||142|||C22|1223609720000SA|1223609720000SA|1223609720000SA|0|20260505|132136|20260505|1|SCOUGHLAN
100||142|||C22|122712NE|122712NE|122712NE|0|20260505|132136|20260505|1|SCOUGHLAN
100||142|||C22|122712SA|122712SA|122712SA|0|20260505|132136|20260505|1|SCOUGHLAN
100||142|||C22|1229487500000NE|1229487500000NE|1229487500000NE|0|20260505|132136|20260505|1|SCOUGHLAN
100||142|||C22|1229487500000SA|1229487500000SA|1229487500000SA|0|20260505|132136|20260505|1|SCOUGHLAN
100||142|||C22|127724537NE|127724537NE|127724537NE|0|20260505|132136|20260505|1|SCOUGHLAN
100||142|||C22|127724537SA|127724537SA|127724537SA|0|20260505|132136|20260505|1|SCOUGHLAN
100||142|||C22|139182NE|139182NE|139182NE|0|20260505|132136|20260505|1|SCOUGHLAN
100||142|||C22|139182SA|139182SA|139182SA|0|20260505|132136|20260505|1|SCOUGHLAN
100||142|||C22|139531NE|139531NE|139531NE|0|20260505|132136|20260505|1|SCOUGHLAN
100||142|||C22|139531SA|139531SA|139531SA|0|20260505|132136|20260505|1|SCOUGHLAN
100||142|||C22|1418835410000NE|1418835410000NE|1418835410000NE|0|20260505|132136|20260505|1|SCOUGHLAN
100||142|||C22|1418835410000SA|1418835410000SA|1418835410000SA|0|20260505|132136|20260505|1|SCOUGHLAN
100||142|||C22|1434459350000NE|1434459350000NE|1434459350000NE|0|20260505|132136|20260505|1|SCOUGHLAN
100||142|||C22|1434459350000SA|1434459350000SA|1434459350000SA|0|20260505|132136|20260505|1|SCOUGHLAN
100||142|||C22|153320NE|153320NE|153320NE|0|20260505|132136|20260505|1|SCOUGHLAN
100||142|||C22|153320SA|153320SA|153320SA|0|20260505|132136|20260505|1|SCOUGHLAN
100||142|||C22|153322NE|153322NE|153322NE|0|20260505|132136|20260505|1|SCOUGHLAN
100||142|||C22|153322SA|153322SA|153322SA|0|20260505|132136|20260505|1|SCOUGHLAN
100||142|||C22|153549NE|153549NE|153549NE|0|20260505|132136|20260505|1|SCOUGHLAN
100||142|||C22|153549SA|153549SA|153549SA|0|20260505|132136|20260505|1|SCOUGHLAN
100||142|||C22|154191NE|154191NE|154191NE|0|20260505|132136|20260505|1|SCOUGHLAN
100||142|||C22|154191SA|154191SA|154191SA|0|20260505|132136|20260505|1|SCOUGHLAN
100||142|||C22|1542398000000NE|1542398000000NE|1542398000000NE|0|20260505|132136|20260505|1|SCOUGHLAN
100||142|||C22|1542398000000SA|1542398000000SA|1542398000000SA|0|20260505|132136|20260505|1|SCOUGHLAN
100||142|||C22|1577962510000NE|1577962510000NE|1577962510000NE|0|20260505|132136|20260505|1|SCOUGHLAN
100||142|||C22|1577962510000SA|1577962510000SA|1577962510000SA|0|20260505|132136|20260505|1|SCOUGHLAN
100||142|||C22|1598686240000NE|1598686240000NE|1598686240000NE|0|20260505|132136|20260505|1|SCOUGHLAN
100||142|||C22|1598686240000SA|1598686240000SA|1598686240000SA|0|20260505|132136|20260505|1|SCOUGHLAN
100||142|||C22|165319NE|165319NE|165319NE|0|20260505|132136|20260505|1|SCOUGHLAN
100||142|||C22|165319SA|165319SA|165319SA|0|20260505|132136|20260505|1|SCOUGHLAN
100||142|||C22|1684664510000NE|1684664510000NE|1684664510000NE|0|20260505|132136|20260505|1|SCOUGHLAN
100||142|||C22|1684664510000SA|1684664510000SA|1684664510000SA|0|20260505|132136|20260505|1|SCOUGHLAN
100||142|||C22|170169NE|170169NE|170169NE|0|20260505|132136|20260505|1|SCOUGHLAN
100||142|||C22|170169SA|170169SA|170169SA|0|20260505|132136|20260505|1|SCOUGHLAN
100||142|||C22|17485NE|17485NE|17485NE|0|20260505|132136|20260505|1|SCOUGHLAN
100||142|||C22|17485SA|17485SA|17485SA|0|20260505|132136|20260505|1|SCOUGHLAN
100||142|||C22|183602NE|183602NE|183602NE|0|20260505|132136|20260505|1|SCOUGHLAN
100||142|||C22|183602SA|183602SA|183602SA|0|20260505|132136|20260505|1|SCOUGHLAN
100||142|||C22|1914465250000NE|1914465250000NE|1914465250000NE|0|20260505|132136|20260505|1|SCOUGHLAN
100||142|||C22|1914465250000SA|1914465250000SA|1914465250000SA|0|20260505|132136|20260505|1|SCOUGHLAN
100||142|||C22|1948450120000NE|1948450120000NE|1948450120000NE|0|20260505|132136|20260505|1|SCOUGHLAN
100||142|||C22|1948450120000SA|1948450120000SA|1948450120000SA|0|20260505|132136|20260505|1|SCOUGHLAN
100||142|||C22|200495NE|200495NE|200495NE|0|20260505|132136|20260505|1|SCOUGHLAN
100||142|||C22|200495SA|200495SA|200495SA|0|20260505|132136|20260505|1|SCOUGHLAN
100||142|||C22|200699000NE|200699000NE|200699000NE|0|20260505|132136|20260505|1|SCOUGHLAN
100||142|||C22|200699000SA|200699000SA|200699000SA|0|20260505|132136|20260505|1|SCOUGHLAN
100||142|||C22|211171NE|211171NE|211171NE|0|20260505|132136|20260505|1|SCOUGHLAN
100||142|||C22|211171SA|211171SA|211171SA|0|20260505|132136|20260505|1|SCOUGHLAN
100||142|||C22|25120NE|25120NE|25120NE|0|20260505|132136|20260505|1|SCOUGHLAN
100||142|||C22|25120SA|25120SA|25120SA|0|20260505|132136|20260505|1|SCOUGHLAN
100||142|||C22|2521335170360NE|2521335170360NE|2521335170360NE|0|20260505|132136|20260505|1|SCOUGHLAN
100||142|||C22|2521335170360SA|2521335170360SA|2521335170360SA|0|20260505|132136|20260505|1|SCOUGHLAN
100||142|||C22|2521335173205NE|2521335173205NE|2521335173205NE|0|20260505|132136|20260505|1|SCOUGHLAN
100||142|||C22|2521335173205SA|2521335173205SA|2521335173205SA|0|20260505|132136|20260505|1|SCOUGHLAN
100||142|||C22|27707NE|27707NE|27707NE|0|20260505|132136|20260505|1|SCOUGHLAN
100||142|||C22|27707SA|27707SA|27707SA|0|20260505|132136|20260505|1|SCOUGHLAN
100||142|||C22|288302NE|288302NE|288302NE|0|20260505|132136|20260505|1|SCOUGHLAN
100||142|||C22|288302SA|288302SA|288302SA|0|20260505|132136|20260505|1|SCOUGHLAN
100||142|||C22|28908NE|28908NE|28908NE|0|20260505|132136|20260505|1|SCOUGHLAN
100||142|||C22|28908SA|28908SA|28908SA|0|20260505|132136|20260505|1|SCOUGHLAN
100||142|||C22|29982NE|29982NE|29982NE|0|20260505|132136|20260505|1|SCOUGHLAN
100||142|||C22|29982SA|29982SA|29982SA|0|20260505|132136|20260505|1|SCOUGHLAN
100||142|||C22|312037NE|312037NE|312037NE|0|20260505|132136|20260505|1|SCOUGHLAN
100||142|||C22|312037SA|312037SA|312037SA|0|20260505|132136|20260505|1|SCOUGHLAN
100||142|||C22|3318NE|3318NE|3318NE|0|20260505|132136|20260505|1|SCOUGHLAN
100||142|||C22|3318SA|3318SA|3318SA|0|20260505|132136|20260505|1|SCOUGHLAN
100||142|||C22|3619643280000NE|3619643280000NE|3619643280000NE|0|20260505|132136|20260505|1|SCOUGHLAN
100||142|||C22|3619643280000SA|3619643280000SA|3619643280000SA|0|20260505|132136|20260505|1|SCOUGHLAN
100||142|||C22|4720NE|4720NE|4720NE|0|20260505|132136|20260505|1|SCOUGHLAN
100||142|||C22|4720SA|4720SA|4720SA|0|20260505|132136|20260505|1|SCOUGHLAN
100||142|||C22|6058393770000NE|6058393770000NE|6058393770000NE|0|20260505|132136|20260505|1|SCOUGHLAN
100||142|||C22|6058393770000SA|6058393770000SA|6058393770000SA|0|20260505|132136|20260505|1|SCOUGHLAN
100||142|||C22|609815618NE|609815618NE|609815618NE|0|20260505|132136|20260505|1|SCOUGHLAN
100||142|||C22|609815618SA|609815618SA|609815618SA|0|20260505|132136|20260505|1|SCOUGHLAN
100||142|||C22|6173341720000NE|6173341720000NE|6173341720000NE|0|20260505|132136|20260505|1|SCOUGHLAN
100||142|||C22|6173341720000SA|6173341720000SA|6173341720000SA|0|20260505|132136|20260505|1|SCOUGHLAN
100||142|||C22|6207930670000NE|6207930670000NE|6207930670000NE|0|20260505|132136|20260505|1|SCOUGHLAN
100||142|||C22|6207930670000SA|6207930670000SA|6207930670000SA|0|20260505|132136|20260505|1|SCOUGHLAN
100||142|||C22|621418185NE|621418185NE|621418185NE|0|20260505|132136|20260505|1|SCOUGHLAN
100||142|||C22|621418185SA|621418185SA|621418185SA|0|20260505|132136|20260505|1|SCOUGHLAN
100||142|||C22|6227663760000NE|6227663760000NE|6227663760000NE|0|20260505|132136|20260505|1|SCOUGHLAN
100||142|||C22|6227663760000SA|6227663760000SA|6227663760000SA|0|20260505|132136|20260505|1|SCOUGHLAN
100||142|||C22|6233404240000NE|6233404240000NE|6233404240000NE|0|20260505|132136|20260505|1|SCOUGHLAN
100||142|||C22|6233404240000SA|6233404240000SA|6233404240000SA|0|20260505|132136|20260505|1|SCOUGHLAN
100||142|||C22|64503NE|64503NE|64503NE|0|20260505|132136|20260505|1|SCOUGHLAN
100||142|||C22|64503SA|64503SA|64503SA|0|20260505|132136|20260505|1|SCOUGHLAN
100||142|||C22|6516388972NE|6516388972NE|6516388972NE|0|20260505|132136|20260505|1|SCOUGHLAN
100||142|||C22|6516388972SA|6516388972SA|6516388972SA|0|20260505|132136|20260505|1|SCOUGHLAN
100||142|||C22|74946NE|74946NE|74946NE|0|20260505|132136|20260505|1|SCOUGHLAN
100||142|||C22|74946SA|74946SA|74946SA|0|20260505|132136|20260505|1|SCOUGHLAN
100||142|||C22|77375NE|77375NE|77375NE|0|20260505|132136|20260505|1|SCOUGHLAN
100||142|||C22|77375SA|77375SA|77375SA|0|20260505|132136|20260505|1|SCOUGHLAN
100||142|||C22|7853277430000NE|7853277430000NE|7853277430000NE|0|20260505|132136|20260505|1|SCOUGHLAN
100||142|||C22|7853277430000SA|7853277430000SA|7853277430000SA|0|20260505|132136|20260505|1|SCOUGHLAN
100||142|||C22|79-244-2543NE|79-244-2543NE|79-244-2543NE|0|20260505|132136|20260505|1|SCOUGHLAN
100||142|||C22|79-244-2543SA|79-244-2543SA|79-244-2543SA|0|20260505|132136|20260505|1|SCOUGHLAN
100||142|||C22|7951404330000NE|7951404330000NE|7951404330000NE|0|20260505|132136|20260505|1|SCOUGHLAN
100||142|||C22|7951404330000SA|7951404330000SA|7951404330000SA|0|20260505|132136|20260505|1|SCOUGHLAN
100||142|||C22|7969234490000NE|7969234490000NE|7969234490000NE|0|20260505|132136|20260505|1|SCOUGHLAN
100||142|||C22|7969234490000SA|7969234490000SA|7969234490000SA|0|20260505|132136|20260505|1|SCOUGHLAN
100||142|||C22|7990097820000NE|7990097820000NE|7990097820000NE|0|20260505|132137|20260505|1|SCOUGHLAN
100||142|||C22|7990097820000SA|7990097820000SA|7990097820000SA|0|20260505|132137|20260505|1|SCOUGHLAN
100||142|||C22|7991261720000NE|7991261720000NE|7991261720000NE|0|20260505|132137|20260505|1|SCOUGHLAN
100||142|||C22|7991261720000SA|7991261720000SA|7991261720000SA|0|20260505|132137|20260505|1|SCOUGHLAN
100||142|||C22|7991262710000NE|7991262710000NE|7991262710000NE|0|20260505|132137|20260505|1|SCOUGHLAN
100||142|||C22|7991262710000SA|7991262710000SA|7991262710000SA|0|20260505|132137|20260505|1|SCOUGHLAN
100||142|||C22|7991264200000NE|7991264200000NE|7991264200000NE|0|20260505|132137|20260505|1|SCOUGHLAN
100||142|||C22|7991264200000SA|7991264200000SA|7991264200000SA|0|20260505|132137|20260505|1|SCOUGHLAN
100||142|||C22|7991272040000NE|7991272040000NE|7991272040000NE|0|20260505|132137|20260505|1|SCOUGHLAN
100||142|||C22|7991272040000SA|7991272040000SA|7991272040000SA|0|20260505|132137|20260505|1|SCOUGHLAN
100||142|||C22|7991281520000NE|7991281520000NE|7991281520000NE|0|20260505|132137|20260505|1|SCOUGHLAN
100||142|||C22|7991281520000SA|7991281520000SA|7991281520000SA|0|20260505|132137|20260505|1|SCOUGHLAN
100||142|||C22|8003602231NE|8003602231NE|8003602231NE|0|20260505|132137|20260505|1|SCOUGHLAN
100||142|||C22|8003602231SA|8003602231SA|8003602231SA|0|20260505|132137|20260505|1|SCOUGHLAN
100||142|||C22|8051669640000NE|8051669640000NE|8051669640000NE|0|20260505|132137|20260505|1|SCOUGHLAN
100||142|||C22|8051669640000SA|8051669640000SA|8051669640000SA|0|20260505|132137|20260505|1|SCOUGHLAN
100||142|||C22|8062922440000NE|8062922440000NE|8062922440000NE|0|20260505|132137|20260505|1|SCOUGHLAN
100||142|||C22|8062922440000SA|8062922440000SA|8062922440000SA|0|20260505|132137|20260505|1|SCOUGHLAN
100||142|||C22|8065506040000NE|8065506040000NE|8065506040000NE|0|20260505|132137|20260505|1|SCOUGHLAN
100||142|||C22|8065506040000SA|8065506040000SA|8065506040000SA|0|20260505|132137|20260505|1|SCOUGHLAN
100||142|||C22|8092014110000NE|8092014110000NE|8092014110000NE|0|20260505|132137|20260505|1|SCOUGHLAN
100||142|||C22|8092014110000SA|8092014110000SA|8092014110000SA|0|20260505|132137|20260505|1|SCOUGHLAN
100||142|||C22|8250728200000NE|8250728200000NE|8250728200000NE|0|20260505|132137|20260505|1|SCOUGHLAN
100||142|||C22|8250728200000SA|8250728200000SA|8250728200000SA|0|20260505|132137|20260505|1|SCOUGHLAN
100||142|||C22|8250729600000NE|8250729600000NE|8250729600000NE|0|20260505|132137|20260505|1|SCOUGHLAN
100||142|||C22|8250729600000SA|8250729600000SA|8250729600000SA|0|20260505|132137|20260505|1|SCOUGHLAN
100||142|||C22|8355689650000NE|8355689650000NE|8355689650000NE|0|20260505|132137|20260505|1|SCOUGHLAN
100||142|||C22|8355689650000SA|8355689650000SA|8355689650000SA|0|20260505|132137|20260505|1|SCOUGHLAN
100||142|||C22|8360573980000NE|8360573980000NE|8360573980000NE|0|20260505|132137|20260505|1|SCOUGHLAN
100||149|||C22|8360573980000SA|8360573980000SA|8360573980000SA|0|20260505|132137|20260505|1|SCOUGHLAN
100||158|||C22|85119SA|85119SA|85119SA|0|20260505|132137|20260505|1|SCOUGHLAN
100||158|||CPU|VALIDTEDL|VALIDTEDL|VALIDTEDL|0|20260505|132129|20260505|1|SCOUGHLAN
100||158|||IA|RSCD|TransCode|Transaction Reason Code|0|20260505|132129|20260505|1|SCOUGHLAN
100||158|||PFQ|TEDL|ShipTerms|Delivery Term|0|20260505|132129|20260505|1|SCOUGHLAN
100||158|||Y|010|Valid Action Co|Valid Action Code|0|20260505|132129|20260505|1|SCOUGHLAN
100||166|||C22|9293239390000SA|9293239390000SA|9293239390000SA|0|20260505|132137|20260505|1|SCOUGHLAN
100||166|||CH1|USMAIL|CH1|CH1|0|20260505|132133|20260505|1|SCOUGHLAN
100||166|||CHR|RETURN|CHR|CHR|0|20260505|132133|20260505|1|SCOUGHLAN
100||167|||855|101734|101734|101734|0|20260505|132137|20260505|1|SCOUGHLAN
100||167|||855|10813|10813|10813|0|20260505|132137|20260505|1|SCOUGHLAN
100||167|||855|116489|116489|116489|0|20260505|132137|20260505|1|SCOUGHLAN
100||167|||855|11750|11750|11750|0|20260505|132137|20260505|1|SCOUGHLAN
100||167|||855|122712|122712|122712|0|20260505|132137|20260505|1|SCOUGHLAN
100||167|||855|139182|139182|139182|0|20260505|132137|20260505|1|SCOUGHLAN
100||167|||855|139217|139217|139217|0|20260505|132137|20260505|1|SCOUGHLAN
100||167|||855|140130|140130|140130|0|20260505|132137|20260505|1|SCOUGHLAN
100||167|||855|142145|142145|142145|0|20260505|132137|20260505|1|SCOUGHLAN
100||167|||855|142767|142767|142767|0|20260505|132137|20260505|1|SCOUGHLAN
100||167|||855|145487|145487|145487|0|20260505|132137|20260505|1|SCOUGHLAN
100||167|||855|15247|15247|15247|0|20260505|132137|20260505|1|SCOUGHLAN
100||167|||855|153320|153320|153320|0|20260505|132137|20260505|1|SCOUGHLAN
100||167|||855|153322|153322|153322|0|20260505|132137|20260505|1|SCOUGHLAN
100||167|||855|153549|153549|153549|0|20260505|132137|20260505|1|SCOUGHLAN
100||167|||855|154053|154053|154053|0|20260505|132137|20260505|1|SCOUGHLAN
100||167|||855|154191|154191|154191|0|20260505|132137|20260505|1|SCOUGHLAN
100||167|||855|17485|17485|17485|0|20260505|132137|20260505|1|SCOUGHLAN
100||167|||855|182822|182822|182822|0|20260505|132137|20260505|1|SCOUGHLAN
100||167|||855|183602|183602|183602|0|20260505|132137|20260505|1|SCOUGHLAN
100||167|||855|18997|18997|18997|0|20260505|132137|20260505|1|SCOUGHLAN
100||167|||855|19093|19093|19093|0|20260505|132137|20260505|1|SCOUGHLAN
100||167|||855|21965|21965|21965|0|20260505|132137|20260505|1|SCOUGHLAN
100||167|||855|23637|23637|23637|0|20260505|132137|20260505|1|SCOUGHLAN
100||167|||855|241055|241055|241055|0|20260505|132137|20260505|1|SCOUGHLAN
100||167|||855|24316|24316|24316|0|20260505|132137|20260505|1|SCOUGHLAN
100||167|||855|25020|25020|25020|0|20260505|132137|20260505|1|SCOUGHLAN
100||167|||855|25120|25120|25120|0|20260505|132137|20260505|1|SCOUGHLAN
100||167|||855|263391|263391|263391|0|20260505|132137|20260505|1|SCOUGHLAN
100||167|||855|26483|26483|26483|0|20260505|132137|20260505|1|SCOUGHLAN
100||167|||855|27707|27707|27707|0|20260505|132137|20260505|1|SCOUGHLAN
100||167|||855|28131|28131|28131|0|20260505|132137|20260505|1|SCOUGHLAN
100||167|||855|287|287|287|0|20260505|132137|20260505|1|SCOUGHLAN
100||167|||855|288302|288302|288302|0|20260505|132137|20260505|1|SCOUGHLAN
100||167|||855|28908|28908|28908|0|20260505|132137|20260505|1|SCOUGHLAN
100||167|||855|29982|29982|29982|0|20260505|132137|20260505|1|SCOUGHLAN
100||167|||855|304|304|304|0|20260505|132137|20260505|1|SCOUGHLAN
100||167|||855|312037|312037|312037|0|20260505|132137|20260505|1|SCOUGHLAN
100||167|||855|3318|3318|3318|0|20260505|132137|20260505|1|SCOUGHLAN
100||167|||855|36949|36949|36949|0|20260505|132137|20260505|1|SCOUGHLAN
100||167|||855|444|444|444|0|20260505|132137|20260505|1|SCOUGHLAN
100||167|||855|4720|4720|4720|0|20260505|132137|20260505|1|SCOUGHLAN
100||167|||855|4764|4764|4764|0|20260505|132137|20260505|1|SCOUGHLAN
100||167|||855|52197|52197|52197|0|20260505|132137|20260505|1|SCOUGHLAN
100||167|||855|533153|533153|533153|0|20260505|132137|20260505|1|SCOUGHLAN
100||167|||855|588142|588142|588142|0|20260505|132137|20260505|1|SCOUGHLAN
100||167|||855|6287|6287|6287|0|20260505|132137|20260505|1|SCOUGHLAN
100||167|||855|64503|64503|64503|0|20260505|132137|20260505|1|SCOUGHLAN
100||167|||855|67054|67054|67054|0|20260505|132137|20260505|1|SCOUGHLAN
100||167|||855|6779|6779|6779|0|20260505|132137|20260505|1|SCOUGHLAN
100||167|||855|699|699|699|0|20260505|132137|20260505|1|SCOUGHLAN
100||167|||855|71567|71567|71567|0|20260505|132137|20260505|1|SCOUGHLAN
100||167|||855|73379|73379|73379|0|20260505|132137|20260505|1|SCOUGHLAN
100||167|||855|74076|74076|74076|0|20260505|132137|20260505|1|SCOUGHLAN
100||167|||855|74946|74946|74946|0|20260505|132137|20260505|1|SCOUGHLAN
100||167|||855|7520|7520|7520|0|20260505|132137|20260505|1|SCOUGHLAN
100||167|||855|75654|75654|75654|0|20260505|132137|20260505|1|SCOUGHLAN
100||167|||855|77375|77375|77375|0|20260505|132137|20260505|1|SCOUGHLAN
100||167|||855|80019|80019|80019|0|20260505|132137|20260505|1|SCOUGHLAN
100||167|||855|80123|80123|80123|0|20260505|132137|20260505|1|SCOUGHLAN
100||167|||855|81463|81463|81463|0|20260505|132137|20260505|1|SCOUGHLAN
100||167|||855|82128|82128|82128|0|20260505|132137|20260505|1|SCOUGHLAN
100||167|||855|82211|82211|82211|0|20260505|132137|20260505|1|SCOUGHLAN
100||167|||855|83509|83509|83509|0|20260505|132137|20260505|1|SCOUGHLAN
100||167|||855|84101|84101|84101|0|20260505|132137|20260505|1|SCOUGHLAN
100||167|||855|85119|85119|85119|0|20260505|132137|20260505|1|SCOUGHLAN
100||167|||855|8708|8708|8708|0|20260505|132137|20260505|1|SCOUGHLAN
100||167|||855|8710|8710|8710|0|20260505|132137|20260505|1|SCOUGHLAN
100||167|||855|8711|8711|8711|0|20260505|132137|20260505|1|SCOUGHLAN
100||167|||855|8712|8712|8712|0|20260505|132137|20260505|1|SCOUGHLAN
100||167|||855|8713|8713|8713|0|20260505|132137|20260505|1|SCOUGHLAN
100||167|||855|8715|8715|8715|0|20260505|132137|20260505|1|SCOUGHLAN
100||167|||855|8720|8720|8720|0|20260505|132137|20260505|1|SCOUGHLAN
100||167|||855|8721|8721|8721|0|20260505|132137|20260505|1|SCOUGHLAN
100||167|||855|8722|8722|8722|0|20260505|132137|20260505|1|SCOUGHLAN
100||167|||855|8723|8723|8723|0|20260505|132137|20260505|1|SCOUGHLAN
100||167|||855|8724|8724|8724|0|20260505|132137|20260505|1|SCOUGHLAN
100||167|||855|8726|8726|8726|0|20260505|132137|20260505|1|SCOUGHLAN
100||167|||855|8747|8747|8747|0|20260505|132137|20260505|1|SCOUGHLAN
100||167|||855|8748|8748|8748|0|20260505|132137|20260505|1|SCOUGHLAN
100||167|||855|8749|8749|8749|0|20260505|132137|20260505|1|SCOUGHLAN
100||167|||855|8750|8750|8750|0|20260505|132137|20260505|1|SCOUGHLAN
100||167|||855|8751|8751|8751|0|20260505|132137|20260505|1|SCOUGHLAN
100||167|||855|8753|8753|8753|0|20260505|132137|20260505|1|SCOUGHLAN
100||167|||855|8754|8754|8754|0|20260505|132137|20260505|1|SCOUGHLAN
100||167|||C22|9478184560000SA|9478184560000SA|9478184560000SA|0|20260505|132137|20260505|1|SCOUGHLAN
100||167|||C22|AMAZON_FBM|AMAZON_FBM|AMAZON_FBM|0|20260505|132137|20260505|1|SCOUGHLAN
100||167|||C22|Amazon_FBM|Amazon_FBM|Amazon_FBM|0|20260505|132137|20260505|1|SCOUGHLAN
100||167|||C22|FRESHDIRECTNE|FRESHDIRECTNE|FRESHDIRECTNE|0|20260505|132137|20260505|1|SCOUGHLAN
100||167|||C22|FRESHDIRECTSA|FRESHDIRECTSA|FRESHDIRECTSA|0|20260505|132137|20260505|1|SCOUGHLAN
100||167|||C22|PERFFOODSERVICENE|C22|C22|0|20260505|132137|20260505|1|SCOUGHLAN
100||167|||C22|PERFFOODSERVICESA|C22|C22|0|20260505|132137|20260505|1|SCOUGHLAN
100||167|||C22|SUPPLIESFLYNE|SUPPLIESFLYNE|SUPPLIESFLYNE|0|20260505|132137|20260505|1|SCOUGHLAN
100||167|||C22|SUPPLIESFLYSA|SUPPLIESFLYSA|SUPPLIESFLYSA|0|20260505|132137|20260505|1|SCOUGHLAN
100||167|||C25|051957769DR|051957769DR|051957769DR|0|20260505|132137|20260505|1|SCOUGHLAN
100||167|||C25|051957769DS|051957769DS|051957769DS|0|20260505|132137|20260505|1|SCOUGHLAN
100||167|||C25|051957769NE|051957769NE|051957769NE|0|20260505|132137|20260505|1|SCOUGHLAN
100||167|||C25|051957769SA|051957769SA|051957769SA|0|20260505|132137|20260505|1|SCOUGHLAN
100||167|||C26|AMAZON_FBA|AMAZON_FBA|AMAZON_FBA|0|20260505|132137|20260505|1|SCOUGHLAN
100||167|||C26|Amazon_FBA|Amazon_FBA|Amazon_FBA|0|20260505|132137|20260505|1|SCOUGHLAN
100||167|||CH1|USMAIL|USMAIL|USMAIL|0|20260505|132137|20260505|1|SCOUGHLAN
100||167|||CHR|RETURN|RETURN|RETURN|0|20260505|132137|20260505|1|SCOUGHLAN
100||167|||CPU|VALIDTEDL|VALIDTEDL|VALIDTEDL|0|20260505|132137|20260505|1|SCOUGHLAN
100||167|||IA|RSCD|TransCode|Transaction Reason Code|0|20260505|132137|20260505|1|SCOUGHLAN
100||167|||PFQ|TEDL|ShipTerms|Delivery Term|0|20260505|132137|20260505|1|SCOUGHLAN
100||167|||Y|010|Valid Action Co|Valid Action Code|0|20260505|132137|20260505|1|SCOUGHLAN
100||168|||855|8755|8755|8755|0|20260505|132137|20260505|1|SCOUGHLAN
100||168|||855|8756|8756|8756|0|20260505|132137|20260505|1|SCOUGHLAN
100||168|||855|8759|8759|8759|0|20260505|132137|20260505|1|SCOUGHLAN
100||168|||855|8760|8760|8760|0|20260505|132137|20260505|1|SCOUGHLAN
100||168|||855|8761|8761|8761|0|20260505|132137|20260505|1|SCOUGHLAN
100||168|||855|8762|8762|8762|0|20260505|132137|20260505|1|SCOUGHLAN
100||168|||Y|142318|Y|Y|0|20260505|132133|20260505|1|SCOUGHLAN
100||168|||Y|182822|Y|Y|0|20260505|132133|20260505|1|SCOUGHLAN
100||168|||Y|242707|Y|Y|0|20260505|132133|20260505|1|SCOUGHLAN
100||168|||Y|401858|Y|Y|0|20260505|132133|20260505|1|SCOUGHLAN
100||168|||Y|511908|Y|Y|0|20260505|132133|20260505|1|SCOUGHLAN
100||169|||855|8763|8763|8763|0|20260505|132137|20260505|1|SCOUGHLAN
100||170|||855|8764|8764|8764|0|20260505|132137|20260505|1|SCOUGHLAN
100||171|||70|RSC1|70|70|0|20260505|132133|20260505|1|SCOUGHLAN
100||171|||855|8767|8767|8767|0|20260505|132137|20260505|1|SCOUGHLAN
100||171|||855|8768|8768|8768|0|20260505|132137|20260505|1|SCOUGHLAN
100||171|||855|8770|8770|8770|0|20260505|132137|20260505|1|SCOUGHLAN
100||171|||855|8771|8771|8771|0|20260505|132137|20260505|1|SCOUGHLAN
100||171|||855|8772|8772|8772|0|20260505|132137|20260505|1|SCOUGHLAN
100||171|||855|8773|8773|8773|0|20260505|132137|20260505|1|SCOUGHLAN
100||171|||855|8776|8776|8776|0|20260505|132137|20260505|1|SCOUGHLAN
100||171|||855|8777|8777|8777|0|20260505|132137|20260505|1|SCOUGHLAN
100||171|||855|8779|8779|8779|0|20260505|132137|20260505|1|SCOUGHLAN
100||171|||855|8784|8784|8784|0|20260505|132137|20260505|1|SCOUGHLAN
100||171|||855|9091|9091|9091|0|20260505|132137|20260505|1|SCOUGHLAN
100||171|||855|9197|9197|9197|0|20260505|132137|20260505|1|SCOUGHLAN
100||171|||CPU|VALIDTEDL|CPU|CPU|0|20260505|132133|20260505|1|SCOUGHLAN
100||171|||IA|RSCD|IA|IA|0|20260505|132133|20260505|1|SCOUGHLAN
100||171|||PFQ|TEDL|PFQ|PFQ|0|20260505|132133|20260505|1|SCOUGHLAN
100||172|||855|9215|9215|9215|0|20260505|132137|20260505|1|SCOUGHLAN
100||172|||BMO|028|BMO|BMO|0|20260505|132133|20260505|1|SCOUGHLAN
100||173|||855|97006|97006|97006|0|20260505|132137|20260505|1|SCOUGHLAN
100||173|||US|USA|US|US|0|20260505|132133|20260505|1|SCOUGHLAN
100||174|||855|9718|9718|9718|0|20260505|132137|20260505|1|SCOUGHLAN
100||175|||010|RSC1|RSC1|RSC1|0|20260505|132137|20260505|1|SCOUGHLAN
100||175|||010|RSCF|RSCF|RSCF|0|20260505|132137|20260505|1|SCOUGHLAN
100||175|||020|RSC1|RSC1|RSC1|0|20260505|132137|20260505|1|SCOUGHLAN
100||175|||030|RSC1|RSC1|RSC1|0|20260505|132137|20260505|1|SCOUGHLAN
100||175|||040|RSC1|RSC1|RSC1|0|20260505|132137|20260505|1|SCOUGHLAN
100||175|||050|RSC1|RSC1|RSC1|0|20260505|132137|20260505|1|SCOUGHLAN
100||175|||060|RSC1|RSC1|RSC1|0|20260505|132137|20260505|1|SCOUGHLAN
100||175|||070|RSC1|RSC1|RSC1|0|20260505|132137|20260505|1|SCOUGHLAN
100||175|||1|0078742028286|6006A|WAL-MART DC 6006A-ASM DIS|0|20260505|132137|20260505|1|SCOUGHLAN
100||175|||10|0078742050867|7036A|WAL-MART DC 7036A-ASM DIS|0|20260505|132137|20260505|1|SCOUGHLAN
100||175|||11|0078742029276|6017A|WAL-MART DC 6017A-ASM DIS|0|20260505|132137|20260505|1|SCOUGHLAN
100||175|||12|0078742029368|6018A|WAL-MART DC 6018A-ASM DIS|0|20260505|132137|20260505|1|SCOUGHLAN
100||175|||13|0078742029450|6019A|WAL-MART DC 6019A-ASM DIS|0|20260505|132137|20260505|1|SCOUGHLAN
100||175|||14|0078742029542|6020A|WAL-MART DC 6020A-ASM DIS|0|20260505|132137|20260505|1|SCOUGHLAN
100||175|||15|0078742029634|6021A|WAL-MART DC 6021A-ASM DIS|0|20260505|132137|20260505|1|SCOUGHLAN
100||175|||16|0078742029818|6023A|WAL-MART DC 6023A-ASM DIS|0|20260505|132137|20260505|1|SCOUGHLAN
100||175|||17|0078742029900|6024A|WAL-MART DC 6024A-ASM DIS|0|20260505|132137|20260505|1|SCOUGHLAN
100||175|||18|0078742029993|6025A|WAL-MART DC 6025A-ASM DIS|0|20260505|132137|20260505|1|SCOUGHLAN
100||175|||19|0078742030081|6026A|WAL-MART DC 6026A-ASM DIS|0|20260505|132137|20260505|1|SCOUGHLAN
100||175|||2|0078742029184|6016A|WAL-MART DC 6016A-ASM DIS|0|20260505|132137|20260505|1|SCOUGHLAN
100||175|||20|0078742030173|6027A|WAL-MART DC 6027A-ASM DIS|0|20260505|132137|20260505|1|SCOUGHLAN
100||175|||21|0078742030449|6030A|WAL-MART DC 6030A-ASM DIS|0|20260505|132137|20260505|1|SCOUGHLAN
100||175|||22|0078742030531|6031A|WAL-MART DC 6031A-ASM DIS|0|20260505|132137|20260505|1|SCOUGHLAN
100||175|||23|0078742030807|6035A|WAL-MART DC 6035A-ASM DIS|0|20260505|132137|20260505|1|SCOUGHLAN
100||175|||24|0078742030890|6036A|WAL-MART DC 6036A-ASM DIS|0|20260505|132137|20260505|1|SCOUGHLAN
100||175|||25|0078742030982|6037A|WAL-MART WAREHOUSE 6037|0|20260505|132137|20260505|1|SCOUGHLAN
100||175|||27|0078742031071|6038A|WAL-MART DC 6038A-ASM DIS|0|20260505|132137|20260505|1|SCOUGHLAN
100||175|||70|RSC1|70|70|0|20260505|132137|20260505|1|SCOUGHLAN
100||175|||AMA|84363_|84363_|84363_|0|20260505|132137|20260505|1|SCOUGHLAN
100||175|||BMO|028|028|028|0|20260505|132137|20260505|1|SCOUGHLAN
100||175|||CON|252495_|252495_|252495_|0|20260505|132137|20260505|1|SCOUGHLAN
100||175|||CPU|VALIDTEDL|VALIDTEDL|VALIDTEDL|0|20260505|132137|20260505|1|SCOUGHLAN
100||175|||IA|RSCD|RSCD|RSCD|0|20260505|132137|20260505|1|SCOUGHLAN
100||175|||PFQ|TEDL|TEDL|TEDL|0|20260505|132137|20260505|1|SCOUGHLAN
100||175|||US|USA|USA|USA|0|20260505|132137|20260505|1|SCOUGHLAN
100||175|||Y|142318|142318|142318|0|20260505|132137|20260505|1|SCOUGHLAN
100||175|||Y|182822|182822|182822|0|20260505|132137|20260505|1|SCOUGHLAN
100||175|||Y|241055|241055|241055|0|20260505|132137|20260505|1|SCOUGHLAN
100||175|||Y|242707|242707|242707|0|20260505|132137|20260505|1|SCOUGHLAN
100||175|||Y|401858|401858|401858|0|20260505|132137|20260505|1|SCOUGHLAN
100||175|||Y|511908|511908|511908|0|20260505|132137|20260505|1|SCOUGHLAN
100||175|||Y|83509|83509|83509|0|20260505|132137|20260505|1|SCOUGHLAN
100||176|||28|0078742031163|6039A|WAL-MART DC 6039A-ASM DIS|0|20260505|132137|20260505|1|SCOUGHLAN
100||176|||Y|C25|Y|Y|0|20260505|132133|20260505|1|SCOUGHLAN
100||177||AMA|29|0078742031255|6040A|WAL-MART DC 6040A-ASM DIS|0|20260505|132137|20260505|1|SCOUGHLAN
100||177||AMA|3|0078742028552|6009A|WAL-MART DC 6009A-ASM DIS|0|20260505|132137|20260505|1|SCOUGHLAN
100||177||COL|30|0078742050775|7026A|WAL-MART DC 7026A-ASM DIS|0|20260505|132137|20260505|1|SCOUGHLAN
100||177||CPU|31|0078742031521|6043A|WAL-MART DC 6043A-ASM DIS|0|20260505|132137|20260505|1|SCOUGHLAN
100||177||DEL|32|0078742031972|6048A|WAL-MART DC 6048A-ASM DIS|0|20260505|132137|20260505|1|SCOUGHLAN
100||177||PFQ|33|0078742032511|6054A|WAL-MART DC 6054A-ASM DIS|0|20260505|132137|20260505|1|SCOUGHLAN
100||177||PFQ|34|0078742033907|6068A|WAL-MART DC 6068A-ASM DIS|0|20260505|132137|20260505|1|SCOUGHLAN
100||180||PFQ|35|0078742033938|6069A|WAL-MART DC 6069A-ASM DIS|0|20260505|132137|20260505|1|SCOUGHLAN
100||181||PFQ|36|0078742035307|6094A|WAL-MART DC 6094A-ASM DIS|0|20260505|132137|20260505|1|SCOUGHLAN
100||181||PFQ|37|0078742035833|6092A|WAL-MART DC 6092A-ASM DIS|0|20260505|132137|20260505|1|SCOUGHLAN
100||181||PFQ|MaxVolume|50|MaxVolume|MaxVolume|0|20260505|132133|20260505|1|SCOUGHLAN
100||181||PFQ|MaxWeight|2750|MaxWeight|MaxWeight|0|20260505|132133|20260505|1|SCOUGHLAN
100||182||PFQ|241055_AAA|T|T|T|0|20260505|132137|20260505|1|SCOUGHLAN
100||182||PFQ|241055_AAN|T|T|T|0|20260505|132137|20260505|1|SCOUGHLAN
100||182||PFQ|241055_ABF|T|T|T|0|20260505|132137|20260505|1|SCOUGHLAN
100||182||PFQ|241055_ADM|T|T|T|0|20260505|132137|20260505|1|SCOUGHLAN
100||182||PFQ|241055_AMA|T|T|T|0|20260505|132137|20260505|1|SCOUGHLAN
100||182||PFQ|241055_ARW|T|T|T|0|20260505|132137|20260505|1|SCOUGHLAN
100||182||PFQ|241055_BER|T|T|T|0|20260505|132137|20260505|1|SCOUGHLAN
100||182||PFQ|241055_BGL|T|T|T|0|20260505|132137|20260505|1|SCOUGHLAN
100||182||PFQ|241055_BSR|T|T|T|0|20260505|132137|20260505|1|SCOUGHLAN
100||182||PFQ|241055_CHR|T|T|T|0|20260505|132137|20260505|1|SCOUGHLAN
100||182||PFQ|241055_CNT|T|T|T|0|20260505|132137|20260505|1|SCOUGHLAN
100||182||PFQ|241055_CON|T|T|T|0|20260505|132137|20260505|1|SCOUGHLAN
100||182||PFQ|241055_CPU|T|T|T|0|20260505|132137|20260505|1|SCOUGHLAN
100||182||PFQ|241055_CXI|T|T|T|0|20260505|132137|20260505|1|SCOUGHLAN
100||182||PFQ|241055_DAY|T|T|T|0|20260505|132137|20260505|1|SCOUGHLAN
100||182||PFQ|241055_DDE|T|T|T|0|20260505|132137|20260505|1|SCOUGHLAN
100||182||PFQ|241055_DDM|T|T|T|0|20260505|132137|20260505|1|SCOUGHLAN
100||182||PFQ|241055_DHL|T|T|T|0|20260505|132137|20260505|1|SCOUGHLAN
100||182||PFQ|241055_DOH|T|T|T|0|20260505|132137|20260505|1|SCOUGHLAN
100||182||PFQ|241055_DOT|T|T|T|0|20260505|132137|20260505|1|SCOUGHLAN
100||182||PFQ|241055_DYL|T|T|T|0|20260505|132137|20260505|1|SCOUGHLAN
100||182||PFQ|241055_EST|T|T|T|0|20260505|132137|20260505|1|SCOUGHLAN
100||182||PFQ|241055_EVN|T|T|T|0|20260505|132137|20260505|1|SCOUGHLAN
100||182||PFQ|241055_FCP|T|T|T|0|20260505|132137|20260505|1|SCOUGHLAN
100||182||PFQ|241055_FCT|T|T|T|0|20260505|132137|20260505|1|SCOUGHLAN
100||182||PFQ|241055_FLE|T|T|T|0|20260505|132137|20260505|1|SCOUGHLAN
100||182||PFQ|241055_FLP|T|T|T|0|20260505|132137|20260505|1|SCOUGHLAN
100||182||PFQ|241055_FOA|T|T|T|0|20260505|132137|20260505|1|SCOUGHLAN
100||182||PFQ|241055_FTC|T|T|T|0|20260505|132137|20260505|1|SCOUGHLAN
100||182||PFQ|241055_FTN|T|T|T|0|20260505|132137|20260505|1|SCOUGHLAN
100||182||PFQ|241055_FTP|T|T|T|0|20260505|132137|20260505|1|SCOUGHLAN
100||182||PFQ|241055_FX1|T|T|T|0|20260505|132137|20260505|1|SCOUGHLAN
100||182||PFQ|241055_FX2|T|T|T|0|20260505|132137|20260505|1|SCOUGHLAN
100||182||PFQ|241055_FX3|T|T|T|0|20260505|132137|20260505|1|SCOUGHLAN
100||182||PFQ|241055_FX4|T|T|T|0|20260505|132137|20260505|1|SCOUGHLAN
100||182||PFQ|241055_FX5|T|T|T|0|20260505|132137|20260505|1|SCOUGHLAN
100||182||PFQ|241055_FX6|T|T|T|0|20260505|132137|20260505|1|SCOUGHLAN
100||182||PFQ|241055_FX7|T|T|T|0|20260505|132137|20260505|1|SCOUGHLAN
100||182||PFQ|241055_FX8|T|T|T|0|20260505|132137|20260505|1|SCOUGHLAN
100||182||PFQ|241055_GOL|T|T|T|0|20260505|132137|20260505|1|SCOUGHLAN
100||182||PFQ|241055_HER|T|T|T|0|20260505|132137|20260505|1|SCOUGHLAN
100||182||PFQ|241055_JFF|T|T|T|0|20260505|132137|20260505|1|SCOUGHLAN
100||182||PFQ|241055_LCP|T|T|T|0|20260505|132137|20260505|1|SCOUGHLAN
100||182||PFQ|241055_LCT|T|T|T|0|20260505|132137|20260505|1|SCOUGHLAN
100||182||PFQ|241055_LFL|T|T|T|0|20260505|132138|20260505|1|SCOUGHLAN
100||182||PFQ|241055_LTC|T|T|T|0|20260505|132138|20260505|1|SCOUGHLAN
100||182||PFQ|241055_LTN|T|T|T|0|20260505|132138|20260505|1|SCOUGHLAN
100||182||PFQ|241055_LTP|T|T|T|0|20260505|132138|20260505|1|SCOUGHLAN
100||182||PFQ|241055_MAG|T|T|T|0|20260505|132138|20260505|1|SCOUGHLAN
100||182||PFQ|241055_MON|T|T|T|0|20260505|132138|20260505|1|SCOUGHLAN
100||182||PFQ|241055_ODF|T|T|T|0|20260505|132138|20260505|1|SCOUGHLAN
100||182||PFQ|241055_OLD|T|T|T|0|20260505|132138|20260505|1|SCOUGHLAN
100||182||PFQ|241055_POF|T|T|T|0|20260505|132138|20260505|1|SCOUGHLAN
100||182||PFQ|241055_POL|T|T|T|0|20260505|132138|20260505|1|SCOUGHLAN
100||182||PFQ|241055_POP|T|T|T|0|20260505|132138|20260505|1|SCOUGHLAN
100||182||PFQ|241055_RNL|T|T|T|0|20260505|132138|20260505|1|SCOUGHLAN
100||182||PFQ|241055_RNM|T|T|T|0|20260505|132138|20260505|1|SCOUGHLAN
100||182||PFQ|241055_RRF|T|T|T|0|20260505|132138|20260505|1|SCOUGHLAN
100||182||PFQ|241055_SAI|T|T|T|0|20260505|132138|20260505|1|SCOUGHLAN
100||182||PFQ|241055_SPD|T|T|T|0|20260505|132138|20260505|1|SCOUGHLAN
100||182||PFQ|241055_SUT|T|T|T|0|20260505|132138|20260505|1|SCOUGHLAN
100||182||PFQ|241055_TBD|T|T|T|0|20260505|132138|20260505|1|SCOUGHLAN
100||182||PFQ|241055_TCC|T|T|T|0|20260505|132138|20260505|1|SCOUGHLAN
100||182||PFQ|241055_TFO|T|T|T|0|20260505|132138|20260505|1|SCOUGHLAN
100||182||PFQ|241055_UFL|T|T|T|0|20260505|132138|20260505|1|SCOUGHLAN
100||182||PFQ|241055_UP1|T|T|T|0|20260505|132138|20260505|1|SCOUGHLAN
100||182||PFQ|241055_UP2|T|T|T|0|20260505|132138|20260505|1|SCOUGHLAN
100||182||PFQ|241055_UP3|T|T|T|0|20260505|132138|20260505|1|SCOUGHLAN
100||182||PFQ|241055_UP4|T|T|T|0|20260505|132138|20260505|1|SCOUGHLAN
100||182||PFQ|241055_UP5|T|T|T|0|20260505|132138|20260505|1|SCOUGHLAN
100||182||PFQ|241055_UP6|T|T|T|0|20260505|132138|20260505|1|SCOUGHLAN
100||182||PFQ|241055_UP7|T|T|T|0|20260505|132138|20260505|1|SCOUGHLAN
100||182||PFQ|241055_UP8|T|T|T|0|20260505|132138|20260505|1|SCOUGHLAN
100||182||PFQ|241055_UP9|T|T|T|0|20260505|132138|20260505|1|SCOUGHLAN
100||182||PFQ|241055_US1|T|T|T|0|20260505|132138|20260505|1|SCOUGHLAN
100||182||PFQ|241055_US2|T|T|T|0|20260505|132138|20260505|1|SCOUGHLAN
100||182||PFQ|241055_UW1|T|T|T|0|20260505|132138|20260505|1|SCOUGHLAN
100||182||PFQ|241055_UW2|T|T|T|0|20260505|132138|20260505|1|SCOUGHLAN
100||182||PFQ|241055_UW3|T|T|T|0|20260505|132138|20260505|1|SCOUGHLAN
100||182||PFQ|241055_VET|T|T|T|0|20260505|132138|20260505|1|SCOUGHLAN
100||182||PFQ|241055_WG|T|T|T|0|20260505|132138|20260505|1|SCOUGHLAN
100||182||PFQ|241055_WRD|T|T|T|0|20260505|132138|20260505|1|SCOUGHLAN
100||182||PFQ|241055_XPO|T|T|T|0|20260505|132138|20260505|1|SCOUGHLAN
100||182||PFQ|250|Y|Y|Y|0|20260505|132137|20260505|1|SCOUGHLAN
100||182||PFQ|38|0078742038674|6080A|WAL-MART DC 6080A-ASM DIS|0|20260505|132137|20260505|1|SCOUGHLAN
100||182||PFQ|39|0078742048079|7038A|WAL-MART DC 7038A-ASM DIS|0|20260505|132137|20260505|1|SCOUGHLAN
100||182||PFQ|4|0078742058436|7035A|WAL-MART DC 7035A-ASM DIS|0|20260505|132137|20260505|1|SCOUGHLAN
100||182||PFQ|40|0078742040028|6070A|WAL-MART DC 6070A-ASM DIS|0|20260505|132137|20260505|1|SCOUGHLAN
100||182||PFQ|41|0078742045627|7034A|WAL-MART DC 7034A-ASM DIS|0|20260505|132137|20260505|1|SCOUGHLAN
100||182||PFQ|42|0078742041445|6066A|WAL-MART DC 6066A-ASM DIS|0|20260505|132137|20260505|1|SCOUGHLAN
100||182||PFQ|43|0078742045504|7033A|WAL-MART DC 7033A-ASM DIS|0|20260505|132137|20260505|1|SCOUGHLAN
100||182||PFQ|5|0078742028644|6010A|WAL-MART DC 6010A-ASM DIS|0|20260505|132137|20260505|1|SCOUGHLAN
100||182||PFQ|6|0078742028736|6011A|WAL-MART DC 6011A-ASM DIS|0|20260505|132137|20260505|1|SCOUGHLAN
100||182||PFQ|7|0078742057903|7039A|WAL-MART DC 7039A-ASM DIS|0|20260505|132137|20260505|1|SCOUGHLAN
100||182||PFQ|8|0078742028828|6012A|WAL-MART DC 6012A-ASM DIS|0|20260505|132137|20260505|1|SCOUGHLAN
100||182||PFQ|9|0078742053790|7045A|WAL-MART DC 7045A-ASM DIS|0|20260505|132137|20260505|1|SCOUGHLAN
100||182||PFQ|AAA|M|M|M|0|20260505|132138|20260505|1|SCOUGHLAN
100||182||PFQ|AAN|M|M|M|0|20260505|132138|20260505|1|SCOUGHLAN
100||182||PFQ|ABF|M|M|M|0|20260505|132138|20260505|1|SCOUGHLAN
100||182||PFQ|ADM|M|M|M|0|20260505|132138|20260505|1|SCOUGHLAN
100||182||PFQ|AMA|M|AMA|AMA|0|20260505|132137|20260505|1|SCOUGHLAN
100||182||PFQ|ARW|M|M|M|0|20260505|132138|20260505|1|SCOUGHLAN
100||182||PFQ|BER|M|M|M|0|20260505|132138|20260505|1|SCOUGHLAN
100||182||PFQ|BGL|M|M|M|0|20260505|132138|20260505|1|SCOUGHLAN
100||182||PFQ|BSR|M|M|M|0|20260505|132138|20260505|1|SCOUGHLAN
100||182||PFQ|CHR|M|M|M|0|20260505|132138|20260505|1|SCOUGHLAN
100||182||PFQ|CNT|M|M|M|0|20260505|132138|20260505|1|SCOUGHLAN
100||182||PFQ|CON|T|T|T|0|20260505|132138|20260505|1|SCOUGHLAN
100||182||PFQ|CPU|T|CPU|CPU|0|20260505|132137|20260505|1|SCOUGHLAN
100||182||PFQ|CXI|M|M|M|0|20260505|132138|20260505|1|SCOUGHLAN
100||182||PFQ|D242|M|D242|D242|0|20260505|132137|20260505|1|SCOUGHLAN
100||182||PFQ|D243|C22|D243|D243|0|20260505|132137|20260505|1|SCOUGHLAN
100||182||PFQ|D244|C22|D244|D244|0|20260505|132137|20260505|1|SCOUGHLAN
100||182||PFQ|DAY|M|M|M|0|20260505|132138|20260505|1|SCOUGHLAN
100||182||PFQ|DDE|M|M|M|0|20260505|132138|20260505|1|SCOUGHLAN
100||182||PFQ|DDM|M|M|M|0|20260505|132138|20260505|1|SCOUGHLAN
100||182||PFQ|DHL|M|M|M|0|20260505|132138|20260505|1|SCOUGHLAN
100||182||PFQ|DOH|M|M|M|0|20260505|132138|20260505|1|SCOUGHLAN
100||182||PFQ|DOT|M|M|M|0|20260505|132138|20260505|1|SCOUGHLAN
100||182||PFQ|DYL|M|M|M|0|20260505|132138|20260505|1|SCOUGHLAN
100||182||PFQ|EST|M|M|M|0|20260505|132138|20260505|1|SCOUGHLAN
100||182||PFQ|EVN|M|M|M|0|20260505|132138|20260505|1|SCOUGHLAN
100||182||PFQ|FCP|M|M|M|0|20260505|132138|20260505|1|SCOUGHLAN
100||182||PFQ|FCT|M|M|M|0|20260505|132138|20260505|1|SCOUGHLAN
100||182||PFQ|FLE|M|M|M|0|20260505|132138|20260505|1|SCOUGHLAN
100||182||PFQ|FLP|M|M|M|0|20260505|132138|20260505|1|SCOUGHLAN
100||182||PFQ|FOA|M|M|M|0|20260505|132138|20260505|1|SCOUGHLAN
100||182||PFQ|FTC|M|M|M|0|20260505|132138|20260505|1|SCOUGHLAN
100||182||PFQ|FTN|M|M|M|0|20260505|132138|20260505|1|SCOUGHLAN
100||182||PFQ|FTP|M|M|M|0|20260505|132138|20260505|1|SCOUGHLAN
100||182||PFQ|FX1|M|M|M|0|20260505|132138|20260505|1|SCOUGHLAN
100||182||PFQ|FX2|M|M|M|0|20260505|132138|20260505|1|SCOUGHLAN
100||182||PFQ|FX3|M|M|M|0|20260505|132138|20260505|1|SCOUGHLAN
100||182||PFQ|FX4|M|M|M|0|20260505|132138|20260505|1|SCOUGHLAN
100||182||PFQ|FX5|M|M|M|0|20260505|132138|20260505|1|SCOUGHLAN
100||182||PFQ|FX6|M|M|M|0|20260505|132138|20260505|1|SCOUGHLAN
100||182||PFQ|FX7|M|M|M|0|20260505|132138|20260505|1|SCOUGHLAN
100||182||PFQ|FX8|M|M|M|0|20260505|132138|20260505|1|SCOUGHLAN
100||182||PFQ|GOL|M|M|M|0|20260505|132138|20260505|1|SCOUGHLAN
100||182||PFQ|HER|M|M|M|0|20260505|132138|20260505|1|SCOUGHLAN
100||182||PFQ|JFF|M|M|M|0|20260505|132138|20260505|1|SCOUGHLAN
100||182||PFQ|LCP|M|M|M|0|20260505|132138|20260505|1|SCOUGHLAN
100||182||PFQ|LCT|M|M|M|0|20260505|132138|20260505|1|SCOUGHLAN
100||182||PFQ|LFL|M|M|M|0|20260505|132138|20260505|1|SCOUGHLAN
100||182||PFQ|LTC|M|M|M|0|20260505|132138|20260505|1|SCOUGHLAN
100||182||PFQ|LTN|M|M|M|0|20260505|132138|20260505|1|SCOUGHLAN
100||182||PFQ|LTP|M|M|M|0|20260505|132138|20260505|1|SCOUGHLAN
100||182||PFQ|MAG|M|M|M|0|20260505|132138|20260505|1|SCOUGHLAN
100||182||PFQ|MON|M|M|M|0|20260505|132138|20260505|1|SCOUGHLAN
100||182||PFQ|MaxVolume|50|50|50|0|20260505|132137|20260505|1|SCOUGHLAN
100||182||PFQ|MaxWeight|2750|2750|2750|0|20260505|132137|20260505|1|SCOUGHLAN
100||182||PFQ|ODF|M|M|M|0|20260505|132138|20260505|1|SCOUGHLAN
100||182||PFQ|OLD|M|M|M|0|20260505|132138|20260505|1|SCOUGHLAN
100||182||PFQ|POF|M|M|M|0|20260505|132138|20260505|1|SCOUGHLAN
100||182||PFQ|POL|M|M|M|0|20260505|132138|20260505|1|SCOUGHLAN
100||182||PFQ|POP|M|M|M|0|20260505|132138|20260505|1|SCOUGHLAN
100||182||PFQ|RNL|M|M|M|0|20260505|132138|20260505|1|SCOUGHLAN
100||182||PFQ|RNM|M|M|M|0|20260505|132138|20260505|1|SCOUGHLAN
100||182||PFQ|RRF|M|M|M|0|20260505|132138|20260505|1|SCOUGHLAN
100||182||PFQ|SAI|M|M|M|0|20260505|132138|20260505|1|SCOUGHLAN
100||182||PFQ|SPD|M|M|M|0|20260505|132138|20260505|1|SCOUGHLAN
100||182||PFQ|Y|C25|C25|C25|0|20260505|132137|20260505|1|SCOUGHLAN
100||183||PFQ|SUT|M|M|M|0|20260505|132138|20260505|1|SCOUGHLAN
100||183||PFQ|TBD|M|M|M|0|20260505|132138|20260505|1|SCOUGHLAN
100||183||PFQ|TCC|M|M|M|0|20260505|132138|20260505|1|SCOUGHLAN
100||183||PFQ|TFO|M|M|M|0|20260505|132138|20260505|1|SCOUGHLAN
100||183||PFQ|UFL|M|M|M|0|20260505|132138|20260505|1|SCOUGHLAN
100||183||PFQ|UP1|M|M|M|0|20260505|132138|20260505|1|SCOUGHLAN
100||183||PFQ|UP2|M|M|M|0|20260505|132138|20260505|1|SCOUGHLAN
100||183||PFQ|UP3|M|M|M|0|20260505|132138|20260505|1|SCOUGHLAN
100||183||PFQ|UP4|M|M|M|0|20260505|132138|20260505|1|SCOUGHLAN
100||183||PFQ|UP5|M|M|M|0|20260505|132138|20260505|1|SCOUGHLAN
100||183||PFQ|UP6|M|M|M|0|20260505|132138|20260505|1|SCOUGHLAN
100||183||PFQ|UP7|M|M|M|0|20260505|132138|20260505|1|SCOUGHLAN
100||183||PFQ|UP8|M|M|M|0|20260505|132138|20260505|1|SCOUGHLAN
100||183||PFQ|UP9|M|M|M|0|20260505|132138|20260505|1|SCOUGHLAN
100||184||PFQ|139217_IA_|IR_|139217_IA_|139217_IA_|0|20260505|132133|20260505|1|SCOUGHLAN
100||184||PFQ|139217_IA_001|IR_|139217_IA_001|139217_IA_001|0|20260505|132133|20260505|1|SCOUGHLAN
100||184||PFQ|139217_IA_002|IR_|139217_IA_002|139217_IA_002|0|20260505|132133|20260505|1|SCOUGHLAN
100||184||PFQ|139217_IA_003|IR_|139217_IA_003|139217_IA_003|0|20260505|132133|20260505|1|SCOUGHLAN
100||184||PFQ|139217_IA_004|IR_|139217_IA_004|139217_IA_004|0|20260505|132133|20260505|1|SCOUGHLAN
100||184||PFQ|139217_IA_005|IR_|139217_IA_005|139217_IA_005|0|20260505|132133|20260505|1|SCOUGHLAN
100||184||PFQ|139217_IA_010|IR_|139217_IA_010|139217_IA_010|0|20260505|132133|20260505|1|SCOUGHLAN
100||184||PFQ|139217_IA_020|IR_|139217_IA_020|139217_IA_020|0|20260505|132133|20260505|1|SCOUGHLAN
100||184||PFQ|139217_IA_030|IR_|139217_IA_030|139217_IA_030|0|20260505|132133|20260505|1|SCOUGHLAN
100||184||PFQ|139217_IA_040|IR_|139217_IA_040|139217_IA_040|0|20260505|132133|20260505|1|SCOUGHLAN
100||184||PFQ|139217_IA_050|IR_|139217_IA_050|139217_IA_050|0|20260505|132133|20260505|1|SCOUGHLAN
100||184||PFQ|139217_IA_060|IR_|139217_IA_060|139217_IA_060|0|20260505|132133|20260505|1|SCOUGHLAN
100||184||PFQ|139217_IA_061|IR_|139217_IA_061|139217_IA_061|0|20260505|132133|20260505|1|SCOUGHLAN
100||184||PFQ|139217_IA_070|IR_|139217_IA_070|139217_IA_070|0|20260505|132133|20260505|1|SCOUGHLAN
100||184||PFQ|139217_IP_001|IR_|139217_IP_001|139217_IP_001|0|20260505|132133|20260505|1|SCOUGHLAN
100||184||PFQ|139217_IP_002|IR_|139217_IP_002|139217_IP_002|0|20260505|132133|20260505|1|SCOUGHLAN
100||184||PFQ|139217_IP_003|IR_|139217_IP_003|139217_IP_003|0|20260505|132133|20260505|1|SCOUGHLAN
100||184||PFQ|139217_IP_004|IR_|139217_IP_004|139217_IP_004|0|20260505|132133|20260505|1|SCOUGHLAN
100||184||PFQ|139217_IP_005|IR_|139217_IP_005|139217_IP_005|0|20260505|132133|20260505|1|SCOUGHLAN
100||184||PFQ|139217_IP_010|IR_|139217_IP_010|139217_IP_010|0|20260505|132133|20260505|1|SCOUGHLAN
100||184||PFQ|139217_IP_020|IR_|139217_IP_020|139217_IP_020|0|20260505|132133|20260505|1|SCOUGHLAN
100||184||PFQ|139217_IP_030|IR_|139217_IP_030|139217_IP_030|0|20260505|132133|20260505|1|SCOUGHLAN
100||184||PFQ|139217_IP_040|IR_|139217_IP_040|139217_IP_040|0|20260505|132133|20260505|1|SCOUGHLAN
100||184||PFQ|139217_IP_050|IR_|139217_IP_050|139217_IP_050|0|20260505|132133|20260505|1|SCOUGHLAN
100||184||PFQ|139217_IP_060|IR_|139217_IP_060|139217_IP_060|0|20260505|132133|20260505|1|SCOUGHLAN
100||184||PFQ|139217_IP_061|IR_|139217_IP_061|139217_IP_061|0|20260505|132133|20260505|1|SCOUGHLAN
100||184||PFQ|139217_IP_070|IR_|139217_IP_070|139217_IP_070|0|20260505|132133|20260505|1|SCOUGHLAN
100||184||PFQ|142145_IA_|IR_|142145_IA_|142145_IA_|0|20260505|132133|20260505|1|SCOUGHLAN
100||184||PFQ|142145_IA_001|IR_|142145_IA_001|142145_IA_001|0|20260505|132133|20260505|1|SCOUGHLAN
100||184||PFQ|142145_IA_002|IR_|142145_IA_002|142145_IA_002|0|20260505|132133|20260505|1|SCOUGHLAN
100||184||PFQ|142145_IA_003|IR_|142145_IA_003|142145_IA_003|0|20260505|132133|20260505|1|SCOUGHLAN
100||184||PFQ|142145_IA_004|IR_|142145_IA_004|142145_IA_004|0|20260505|132133|20260505|1|SCOUGHLAN
100||184||PFQ|142145_IA_005|IR_|142145_IA_005|142145_IA_005|0|20260505|132133|20260505|1|SCOUGHLAN
100||184||PFQ|142145_IA_010|IR_|142145_IA_010|142145_IA_010|0|20260505|132133|20260505|1|SCOUGHLAN
100||184||PFQ|142145_IA_020|IR_|142145_IA_020|142145_IA_020|0|20260505|132133|20260505|1|SCOUGHLAN
100||184||PFQ|142145_IA_030|IR_|142145_IA_030|142145_IA_030|0|20260505|132133|20260505|1|SCOUGHLAN
100||184||PFQ|142145_IA_040|IR_|142145_IA_040|142145_IA_040|0|20260505|132133|20260505|1|SCOUGHLAN
100||184||PFQ|142145_IA_050|IR_|142145_IA_050|142145_IA_050|0|20260505|132133|20260505|1|SCOUGHLAN
100||184||PFQ|142145_IA_060|IR_|142145_IA_060|142145_IA_060|0|20260505|132133|20260505|1|SCOUGHLAN
100||184||PFQ|142145_IA_061|IR_|142145_IA_061|142145_IA_061|0|20260505|132133|20260505|1|SCOUGHLAN
100||184||PFQ|142145_IA_070|IR_|142145_IA_070|142145_IA_070|0|20260505|132133|20260505|1|SCOUGHLAN
100||184||PFQ|142145_IP_001|IR_|142145_IP_001|142145_IP_001|0|20260505|132133|20260505|1|SCOUGHLAN
100||184||PFQ|142145_IP_002|IR_|142145_IP_002|142145_IP_002|0|20260505|132133|20260505|1|SCOUGHLAN
100||184||PFQ|142145_IP_003|IR_|142145_IP_003|142145_IP_003|0|20260505|132133|20260505|1|SCOUGHLAN
100||184||PFQ|142145_IP_004|IR_|142145_IP_004|142145_IP_004|0|20260505|132133|20260505|1|SCOUGHLAN
100||184||PFQ|142145_IP_005|IR_|142145_IP_005|142145_IP_005|0|20260505|132133|20260505|1|SCOUGHLAN
100||184||PFQ|142145_IP_010|IR_|142145_IP_010|142145_IP_010|0|20260505|132133|20260505|1|SCOUGHLAN
100||184||PFQ|142145_IP_020|IR_|142145_IP_020|142145_IP_020|0|20260505|132133|20260505|1|SCOUGHLAN
100||184||PFQ|142145_IP_030|IR_|142145_IP_030|142145_IP_030|0|20260505|132133|20260505|1|SCOUGHLAN
100||184||PFQ|142145_IP_040|IR_|142145_IP_040|142145_IP_040|0|20260505|132133|20260505|1|SCOUGHLAN
100||184||PFQ|142145_IP_050|IR_|142145_IP_050|142145_IP_050|0|20260505|132133|20260505|1|SCOUGHLAN
100||184||PFQ|142145_IP_060|IR_|142145_IP_060|142145_IP_060|0|20260505|132133|20260505|1|SCOUGHLAN
100||184||PFQ|142145_IP_061|IR_|142145_IP_061|142145_IP_061|0|20260505|132133|20260505|1|SCOUGHLAN
100||184||PFQ|142145_IP_070|IR_|142145_IP_070|142145_IP_070|0|20260505|132133|20260505|1|SCOUGHLAN
100||184||PFQ|182822_IA_|IR_Item Rejected|182822_IA_|182822_IA_|0|20260504|190933|20260504|1|SCOUGHLAN
100||184||PFQ|182822_IA_001|IR_Item Rejected|182822_IA_001|182822_IA_001|0|20260504|190933|20260504|1|SCOUGHLAN
100||184||PFQ|182822_IA_002|IR_Pricing Discrepancy|182822_IA_002|182822_IA_002|0|20260504|190933|20260504|1|SCOUGHLAN
100||184||PFQ|182822_IA_003|IR_Minimum Quantity Not Met|182822_IA_003|182822_IA_003|0|20260504|190933|20260504|1|SCOUGHLAN
100||184||PFQ|182822_IA_004|IR_Out of Stock|182822_IA_004|182822_IA_004|0|20260505|132133|20260505|1|SCOUGHLAN
100||184||PFQ|182822_IA_005|IR_Multiple Reasons Apply|182822_IA_005|182822_IA_005|0|20260504|190933|20260504|1|SCOUGHLAN
100||184||PFQ|182822_IA_010|IR_Incorrect Vendor UPC/SKU|182822_IA_010|182822_IA_010|0|20260504|190933|20260504|1|SCOUGHLAN
100||184||PFQ|182822_IA_020|IR_Item Rejected|182822_IA_020|182822_IA_020|0|20260504|190933|20260504|1|SCOUGHLAN
100||184||PFQ|182822_IA_030|IR_Item Rejected|182822_IA_030|182822_IA_030|0|20260504|190933|20260504|1|SCOUGHLAN
100||184||PFQ|182822_IA_040|IR_Item Rejected|182822_IA_040|182822_IA_040|0|20260504|190933|20260504|1|SCOUGHLAN
100||184||PFQ|182822_IA_050|IR_Item Rejected|182822_IA_050|182822_IA_050|0|20260504|190933|20260504|1|SCOUGHLAN
100||184||PFQ|182822_IA_060|IR_Item Discontinued|182822_IA_060|182822_IA_060|0|20260504|190933|20260504|1|SCOUGHLAN
100||184||PFQ|182822_IA_061|IR_Item Discontinued|182822_IA_061|182822_IA_061|0|20260504|190933|20260504|1|SCOUGHLAN
100||184||PFQ|182822_IA_070|IR_Out of Stock|182822_IA_070|182822_IA_070|0|20260505|132133|20260505|1|SCOUGHLAN
100||184||PFQ|182822_IC_001|IR_Item Rejected|182822_IC_001|182822_IC_001|0|20260504|190933|20260504|1|SCOUGHLAN
100||184||PFQ|182822_IC_002|IR_Pricing Discrepancy|182822_IC_002|182822_IC_002|0|20260504|190933|20260504|1|SCOUGHLAN
100||184||PFQ|182822_IC_003|IR_Minimum Quantity Not Met|182822_IC_003|182822_IC_003|0|20260504|190933|20260504|1|SCOUGHLAN
100||184||PFQ|182822_IC_004|IR_Out of Stock|182822_IC_004|182822_IC_004|0|20260505|132133|20260505|1|SCOUGHLAN
100||184||PFQ|182822_IC_005|IR_Multiple Reasons Apply|182822_IC_005|182822_IC_005|0|20260504|190933|20260504|1|SCOUGHLAN
100||184||PFQ|182822_IC_010|IR_Incorrect Vendor UPC/SKU|182822_IC_010|182822_IC_010|0|20260504|190933|20260504|1|SCOUGHLAN
100||184||PFQ|182822_IC_020|IR_Item Rejected|182822_IC_020|182822_IC_020|0|20260504|190933|20260504|1|SCOUGHLAN
100||184||PFQ|182822_IC_030|IR_Item Rejected|182822_IC_030|182822_IC_030|0|20260504|190933|20260504|1|SCOUGHLAN
100||184||PFQ|182822_IC_040|IR_Item Rejected|182822_IC_040|182822_IC_040|0|20260504|190933|20260504|1|SCOUGHLAN
100||184||PFQ|182822_IC_050|IR_Item Rejected|182822_IC_050|182822_IC_050|0|20260504|190933|20260504|1|SCOUGHLAN
100||184||PFQ|182822_IC_060|IR_Item Discontinued|182822_IC_060|182822_IC_060|0|20260504|190933|20260504|1|SCOUGHLAN
100||184||PFQ|182822_IC_061|IR_Item Discontinued|182822_IC_061|182822_IC_061|0|20260504|190933|20260504|1|SCOUGHLAN
100||184||PFQ|182822_IC_070|IR_Out of Stock|182822_IC_070|182822_IC_070|0|20260505|132133|20260505|1|SCOUGHLAN
100||184||PFQ|241055_ADF|PB|PB|PB|0|20260505|132138|20260505|1|SCOUGHLAN
100||184||PFQ|241055_COL|PB|PB|PB|0|20260505|132138|20260505|1|SCOUGHLAN
100||184||PFQ|241055_CON|PB|PB|PB|0|20260505|132138|20260505|1|SCOUGHLAN
100||184||PFQ|241055_CPU|PB|PB|PB|0|20260505|132138|20260505|1|SCOUGHLAN
100||184||PFQ|241055_CUS|PB|PB|PB|0|20260505|132138|20260505|1|SCOUGHLAN
100||184||PFQ|241055_DEL|PB|PB|PB|0|20260505|132138|20260505|1|SCOUGHLAN
100||184||PFQ|241055_PFQ|PB|PB|PB|0|20260505|132138|20260505|1|SCOUGHLAN
100||184||PFQ|252191_IA_|IR_|252191_IA_|252191_IA_|0|20260505|132133|20260505|1|SCOUGHLAN
100||184||PFQ|252191_IA_001|IR_|252191_IA_001|252191_IA_001|0|20260505|132133|20260505|1|SCOUGHLAN
100||184||PFQ|252191_IA_002|IR_|252191_IA_002|252191_IA_002|0|20260505|132133|20260505|1|SCOUGHLAN
100||184||PFQ|252191_IA_003|IR_|252191_IA_003|252191_IA_003|0|20260505|132133|20260505|1|SCOUGHLAN
100||184||PFQ|252191_IA_004|IR_|252191_IA_004|252191_IA_004|0|20260505|132133|20260505|1|SCOUGHLAN
100||184||PFQ|252191_IA_005|IR_|252191_IA_005|252191_IA_005|0|20260505|132133|20260505|1|SCOUGHLAN
100||184||PFQ|252191_IA_010|IR_|252191_IA_010|252191_IA_010|0|20260505|132133|20260505|1|SCOUGHLAN
100||184||PFQ|252191_IA_020|IR_|252191_IA_020|252191_IA_020|0|20260505|132133|20260505|1|SCOUGHLAN
100||184||PFQ|252191_IA_030|IR_|252191_IA_030|252191_IA_030|0|20260505|132133|20260505|1|SCOUGHLAN
100||184||PFQ|252191_IA_040|IR_|252191_IA_040|252191_IA_040|0|20260505|132133|20260505|1|SCOUGHLAN
100||184||PFQ|252191_IA_050|IR_|252191_IA_050|252191_IA_050|0|20260505|132133|20260505|1|SCOUGHLAN
100||184||PFQ|252191_IA_060|IR_|252191_IA_060|252191_IA_060|0|20260505|132133|20260505|1|SCOUGHLAN
100||184||PFQ|252191_IA_061|IR_|252191_IA_061|252191_IA_061|0|20260505|132133|20260505|1|SCOUGHLAN
100||184||PFQ|252191_IA_070|IR_|252191_IA_070|252191_IA_070|0|20260505|132133|20260505|1|SCOUGHLAN
100||184||PFQ|252191_IP_001|IR_|252191_IP_001|252191_IP_001|0|20260505|132133|20260505|1|SCOUGHLAN
100||184||PFQ|252191_IP_002|IR_|252191_IP_002|252191_IP_002|0|20260505|132133|20260505|1|SCOUGHLAN
100||184||PFQ|252191_IP_003|IR_|252191_IP_003|252191_IP_003|0|20260505|132133|20260505|1|SCOUGHLAN
100||184||PFQ|252191_IP_004|IR_|252191_IP_004|252191_IP_004|0|20260505|132133|20260505|1|SCOUGHLAN
100||184||PFQ|252191_IP_005|IR_|252191_IP_005|252191_IP_005|0|20260505|132133|20260505|1|SCOUGHLAN
100||184||PFQ|252191_IP_010|IR_|252191_IP_010|252191_IP_010|0|20260505|132133|20260505|1|SCOUGHLAN
100||184||PFQ|252191_IP_020|IR_|252191_IP_020|252191_IP_020|0|20260505|132133|20260505|1|SCOUGHLAN
100||184||PFQ|252191_IP_030|IR_|252191_IP_030|252191_IP_030|0|20260505|132133|20260505|1|SCOUGHLAN
100||184||PFQ|252191_IP_040|IR_|252191_IP_040|252191_IP_040|0|20260505|132133|20260505|1|SCOUGHLAN
100||184||PFQ|252191_IP_050|IR_|252191_IP_050|252191_IP_050|0|20260505|132133|20260505|1|SCOUGHLAN
100||184||PFQ|252191_IP_060|IR_|252191_IP_060|252191_IP_060|0|20260505|132133|20260505|1|SCOUGHLAN
100||184||PFQ|252191_IP_061|IR_|252191_IP_061|252191_IP_061|0|20260505|132133|20260505|1|SCOUGHLAN
100||184||PFQ|252191_IP_070|IR_|252191_IP_070|252191_IP_070|0|20260505|132133|20260505|1|SCOUGHLAN
100||184||PFQ|401858_010_|IA_|401858_010_|401858_010_|0|20260505|132133|20260505|1|SCOUGHLAN
100||184||PFQ|401858_IA_|IA_|401858_IA_|401858_IA_|0|20260505|132133|20260505|1|SCOUGHLAN
100||184||PFQ|401858_IA_001|IA_|401858_IA_001|401858_IA_001|0|20260505|132133|20260505|1|SCOUGHLAN
100||184||PFQ|401858_IA_002|IA_|401858_IA_002|401858_IA_002|0|20260505|132133|20260505|1|SCOUGHLAN
100||184||PFQ|401858_IA_003|IA_|401858_IA_003|401858_IA_003|0|20260505|132133|20260505|1|SCOUGHLAN
100||184||PFQ|401858_IA_004|IA_|401858_IA_004|401858_IA_004|0|20260505|132133|20260505|1|SCOUGHLAN
100||184||PFQ|401858_IA_005|IA_|401858_IA_005|401858_IA_005|0|20260505|132133|20260505|1|SCOUGHLAN
100||184||PFQ|401858_IA_010|IA_|401858_IA_010|401858_IA_010|0|20260505|132133|20260505|1|SCOUGHLAN
100||184||PFQ|401858_IA_020|IA_|401858_IA_020|401858_IA_020|0|20260505|132133|20260505|1|SCOUGHLAN
100||184||PFQ|401858_IA_030|IA_|401858_IA_030|401858_IA_030|0|20260505|132133|20260505|1|SCOUGHLAN
100||184||PFQ|401858_IA_040|IA_|401858_IA_040|401858_IA_040|0|20260505|132133|20260505|1|SCOUGHLAN
100||184||PFQ|401858_IA_050|IA_|401858_IA_050|401858_IA_050|0|20260505|132133|20260505|1|SCOUGHLAN
100||184||PFQ|401858_IA_060|IA_|401858_IA_060|401858_IA_060|0|20260505|132133|20260505|1|SCOUGHLAN
100||184||PFQ|401858_IA_061|IA_|401858_IA_061|401858_IA_061|0|20260505|132133|20260505|1|SCOUGHLAN
100||184||PFQ|401858_IA_070|IA_|401858_IA_070|401858_IA_070|0|20260505|132133|20260505|1|SCOUGHLAN
100||184||PFQ|401858_IC_001|IA_|401858_IC_001|401858_IC_001|0|20260505|132133|20260505|1|SCOUGHLAN
100||184||PFQ|401858_IC_002|IA_|401858_IC_002|401858_IC_002|0|20260505|132133|20260505|1|SCOUGHLAN
100||184||PFQ|401858_IC_003|IA_|401858_IC_003|401858_IC_003|0|20260505|132133|20260505|1|SCOUGHLAN
100||184||PFQ|401858_IC_004|IA_|401858_IC_004|401858_IC_004|0|20260505|132133|20260505|1|SCOUGHLAN
100||184||PFQ|401858_IC_005|IA_|401858_IC_005|401858_IC_005|0|20260505|132133|20260505|1|SCOUGHLAN
100||184||PFQ|401858_IC_010|IA_|401858_IC_010|401858_IC_010|0|20260505|132133|20260505|1|SCOUGHLAN
100||184||PFQ|401858_IC_020|IA_|401858_IC_020|401858_IC_020|0|20260505|132133|20260505|1|SCOUGHLAN
100||184||PFQ|401858_IC_030|IA_|401858_IC_030|401858_IC_030|0|20260505|132133|20260505|1|SCOUGHLAN
100||184||PFQ|401858_IC_040|IA_|401858_IC_040|401858_IC_040|0|20260505|132133|20260505|1|SCOUGHLAN
100||184||PFQ|401858_IC_050|IA_|401858_IC_050|401858_IC_050|0|20260505|132133|20260505|1|SCOUGHLAN
100||184||PFQ|401858_IC_060|IA_|401858_IC_060|401858_IC_060|0|20260505|132133|20260505|1|SCOUGHLAN
100||184||PFQ|401858_IC_061|IA_|401858_IC_061|401858_IC_061|0|20260505|132133|20260505|1|SCOUGHLAN
100||184||PFQ|401858_IC_070|IA_|401858_IC_070|401858_IC_070|0|20260505|132133|20260505|1|SCOUGHLAN
100||184||PFQ|596380_IA_|IR_|IR_|IR_|0|20260505|132138|20260505|1|SCOUGHLAN
100||184||PFQ|596380_IA_001|IR_|IR_|IR_|0|20260505|132138|20260505|1|SCOUGHLAN
100||184||PFQ|596380_IA_002|IR_|IR_|IR_|0|20260505|132138|20260505|1|SCOUGHLAN
100||184||PFQ|596380_IA_003|IR_|IR_|IR_|0|20260505|132138|20260505|1|SCOUGHLAN
100||184||PFQ|596380_IA_004|IR_|IR_|IR_|0|20260505|132138|20260505|1|SCOUGHLAN
100||184||PFQ|596380_IA_005|IR_|IR_|IR_|0|20260505|132138|20260505|1|SCOUGHLAN
100||184||PFQ|596380_IA_010|IR_|IR_|IR_|0|20260505|132138|20260505|1|SCOUGHLAN
100||184||PFQ|596380_IA_020|IR_|IR_|IR_|0|20260505|132138|20260505|1|SCOUGHLAN
100||184||PFQ|596380_IA_030|IR_|IR_|IR_|0|20260505|132138|20260505|1|SCOUGHLAN
100||184||PFQ|596380_IA_040|IR_|IR_|IR_|0|20260505|132138|20260505|1|SCOUGHLAN
100||184||PFQ|596380_IA_050|IR_|IR_|IR_|0|20260505|132138|20260505|1|SCOUGHLAN
100||184||PFQ|596380_IA_060|IR_|IR_|IR_|0|20260505|132138|20260505|1|SCOUGHLAN
100||184||PFQ|596380_IA_061|IR_|IR_|IR_|0|20260505|132138|20260505|1|SCOUGHLAN
100||184||PFQ|596380_IA_070|IR_|IR_|IR_|0|20260505|132138|20260505|1|SCOUGHLAN
100||184||PFQ|596380_IP_001|IR_|IR_|IR_|0|20260505|132138|20260505|1|SCOUGHLAN
100||184||PFQ|596380_IP_002|IR_|IR_|IR_|0|20260505|132138|20260505|1|SCOUGHLAN
100||184||PFQ|596380_IP_003|IR_|IR_|IR_|0|20260505|132138|20260505|1|SCOUGHLAN
100||184||PFQ|596380_IP_004|IR_|IR_|IR_|0|20260505|132138|20260505|1|SCOUGHLAN
100||184||PFQ|596380_IP_005|IR_|IR_|IR_|0|20260505|132138|20260505|1|SCOUGHLAN
100||184||PFQ|596380_IP_010|IR_|IR_|IR_|0|20260505|132138|20260505|1|SCOUGHLAN
100||184||PFQ|596380_IP_020|IR_|IR_|IR_|0|20260505|132138|20260505|1|SCOUGHLAN
100||184||PFQ|596380_IP_030|IR_|IR_|IR_|0|20260505|132138|20260505|1|SCOUGHLAN
100||184||PFQ|596380_IP_040|IR_|IR_|IR_|0|20260505|132138|20260505|1|SCOUGHLAN
100||184||PFQ|596380_IP_050|IR_|IR_|IR_|0|20260505|132138|20260505|1|SCOUGHLAN
100||184||PFQ|596380_IP_060|IR_|IR_|IR_|0|20260505|132138|20260505|1|SCOUGHLAN
100||184||PFQ|596380_IP_061|IR_|IR_|IR_|0|20260505|132138|20260505|1|SCOUGHLAN
100||184||PFQ|596380_IP_070|IR_|IR_|IR_|0|20260505|132138|20260505|1|SCOUGHLAN
100||184||PFQ|6287_IA_|IR_|6287_IA_|6287_IA_|0|20260505|132133|20260505|1|SCOUGHLAN
100||184||PFQ|6287_IA_001|IR_|6287_IA_001|6287_IA_001|0|20260505|132133|20260505|1|SCOUGHLAN
100||184||PFQ|6287_IA_002|IR_|6287_IA_002|6287_IA_002|0|20260505|132133|20260505|1|SCOUGHLAN
100||184||PFQ|6287_IA_003|IR_|6287_IA_003|6287_IA_003|0|20260505|132133|20260505|1|SCOUGHLAN
100||184||PFQ|6287_IA_004|IR_|6287_IA_004|6287_IA_004|0|20260505|132133|20260505|1|SCOUGHLAN
100||184||PFQ|6287_IA_005|IR_|6287_IA_005|6287_IA_005|0|20260505|132133|20260505|1|SCOUGHLAN
100||184||PFQ|6287_IA_010|IR_|6287_IA_010|6287_IA_010|0|20260505|132133|20260505|1|SCOUGHLAN
100||184||PFQ|6287_IA_020|IR_|6287_IA_020|6287_IA_020|0|20260505|132133|20260505|1|SCOUGHLAN
100||184||PFQ|6287_IA_030|IR_|6287_IA_030|6287_IA_030|0|20260505|132133|20260505|1|SCOUGHLAN
100||184||PFQ|6287_IA_040|IR_|6287_IA_040|6287_IA_040|0|20260505|132133|20260505|1|SCOUGHLAN
100||184||PFQ|6287_IA_050|IR_|6287_IA_050|6287_IA_050|0|20260505|132133|20260505|1|SCOUGHLAN
100||184||PFQ|6287_IA_060|IR_|6287_IA_060|6287_IA_060|0|20260505|132133|20260505|1|SCOUGHLAN
100||184||PFQ|6287_IA_061|IR_|6287_IA_061|6287_IA_061|0|20260505|132133|20260505|1|SCOUGHLAN
100||184||PFQ|6287_IA_070|IR_|6287_IA_070|6287_IA_070|0|20260505|132133|20260505|1|SCOUGHLAN
100||184||PFQ|6287_IP_001|IR_|6287_IP_001|6287_IP_001|0|20260505|132133|20260505|1|SCOUGHLAN
100||184||PFQ|6287_IP_002|IR_|6287_IP_002|6287_IP_002|0|20260505|132133|20260505|1|SCOUGHLAN
100||184||PFQ|6287_IP_003|IR_|6287_IP_003|6287_IP_003|0|20260505|132133|20260505|1|SCOUGHLAN
100||184||PFQ|6287_IP_004|IR_|6287_IP_004|6287_IP_004|0|20260505|132133|20260505|1|SCOUGHLAN
100||184||PFQ|6287_IP_005|IR_|6287_IP_005|6287_IP_005|0|20260505|132133|20260505|1|SCOUGHLAN
100||184||PFQ|6287_IP_010|IR_|6287_IP_010|6287_IP_010|0|20260505|132133|20260505|1|SCOUGHLAN
100||184||PFQ|6287_IP_020|IR_|6287_IP_020|6287_IP_020|0|20260505|132133|20260505|1|SCOUGHLAN
100||184||PFQ|6287_IP_030|IR_|6287_IP_030|6287_IP_030|0|20260505|132133|20260505|1|SCOUGHLAN
100||184||PFQ|6287_IP_040|IR_|6287_IP_040|6287_IP_040|0|20260505|132133|20260505|1|SCOUGHLAN
100||184||PFQ|6287_IP_050|IR_|6287_IP_050|6287_IP_050|0|20260505|132133|20260505|1|SCOUGHLAN
100||184||PFQ|6287_IP_060|IR_|6287_IP_060|6287_IP_060|0|20260505|132133|20260505|1|SCOUGHLAN
100||184||PFQ|6287_IP_061|IR_|6287_IP_061|6287_IP_061|0|20260505|132133|20260505|1|SCOUGHLAN
100||184||PFQ|6287_IP_070|IR_|6287_IP_070|6287_IP_070|0|20260505|132133|20260505|1|SCOUGHLAN
100||184||PFQ|71567_IA_|IR_|71567_IA_|71567_IA_|0|20260505|132133|20260505|1|SCOUGHLAN
100||184||PFQ|71567_IA_001|IR_|71567_IA_001|71567_IA_001|0|20260505|132133|20260505|1|SCOUGHLAN
100||184||PFQ|71567_IA_002|IR_|71567_IA_002|71567_IA_002|0|20260505|132133|20260505|1|SCOUGHLAN
100||184||PFQ|71567_IA_003|IR_|71567_IA_003|71567_IA_003|0|20260505|132133|20260505|1|SCOUGHLAN
100||184||PFQ|71567_IA_004|IR_|71567_IA_004|71567_IA_004|0|20260505|132133|20260505|1|SCOUGHLAN
100||184||PFQ|71567_IA_005|IR_|71567_IA_005|71567_IA_005|0|20260505|132133|20260505|1|SCOUGHLAN
100||184||PFQ|71567_IA_010|R2_|71567_IA_010|71567_IA_010|0|20260505|132133|20260505|1|SCOUGHLAN
100||184||PFQ|71567_IA_020|IR_|71567_IA_020|71567_IA_020|0|20260505|132133|20260505|1|SCOUGHLAN
100||184||PFQ|71567_IA_030|IR_|71567_IA_030|71567_IA_030|0|20260505|132133|20260505|1|SCOUGHLAN
100||184||PFQ|71567_IA_040|IR_|71567_IA_040|71567_IA_040|0|20260505|132133|20260505|1|SCOUGHLAN
100||184||PFQ|71567_IA_050|IR_|71567_IA_050|71567_IA_050|0|20260505|132133|20260505|1|SCOUGHLAN
100||184||PFQ|71567_IA_060|IR_|71567_IA_060|71567_IA_060|0|20260505|132133|20260505|1|SCOUGHLAN
100||184||PFQ|71567_IA_061|IR_|71567_IA_061|71567_IA_061|0|20260505|132133|20260505|1|SCOUGHLAN
100||184||PFQ|71567_IA_070|IR_|71567_IA_070|71567_IA_070|0|20260505|132133|20260505|1|SCOUGHLAN
100||184||PFQ|71567_IP_001|IR_|71567_IP_001|71567_IP_001|0|20260505|132133|20260505|1|SCOUGHLAN
100||184||PFQ|71567_IP_002|IR_|71567_IP_002|71567_IP_002|0|20260505|132133|20260505|1|SCOUGHLAN
100||184||PFQ|71567_IP_003|IR_|71567_IP_003|71567_IP_003|0|20260505|132133|20260505|1|SCOUGHLAN
100||184||PFQ|71567_IP_004|IR_|71567_IP_004|71567_IP_004|0|20260505|132133|20260505|1|SCOUGHLAN
100||184||PFQ|71567_IP_005|IR_|71567_IP_005|71567_IP_005|0|20260505|132133|20260505|1|SCOUGHLAN
100||184||PFQ|71567_IP_010|R2_|71567_IP_010|71567_IP_010|0|20260505|132133|20260505|1|SCOUGHLAN
100||184||PFQ|71567_IP_020|IR_|71567_IP_020|71567_IP_020|0|20260505|132133|20260505|1|SCOUGHLAN
100||184||PFQ|71567_IP_030|IR_|71567_IP_030|71567_IP_030|0|20260505|132133|20260505|1|SCOUGHLAN
100||184||PFQ|71567_IP_040|IR_|71567_IP_040|71567_IP_040|0|20260505|132133|20260505|1|SCOUGHLAN
100||184||PFQ|71567_IP_050|IR_|71567_IP_050|71567_IP_050|0|20260505|132133|20260505|1|SCOUGHLAN
100||184||PFQ|71567_IP_060|IR_|71567_IP_060|71567_IP_060|0|20260505|132133|20260505|1|SCOUGHLAN
100||184||PFQ|71567_IP_061|IR_|71567_IP_061|71567_IP_061|0|20260505|132133|20260505|1|SCOUGHLAN
100||184||PFQ|71567_IP_070|IR_|71567_IP_070|71567_IP_070|0|20260505|132133|20260505|1|SCOUGHLAN
100||184||PFQ|9718_IA_|IR_|9718_IA_|9718_IA_|0|20260505|132133|20260505|1|SCOUGHLAN
100||184||PFQ|9718_IA_001|IR_|9718_IA_001|9718_IA_001|0|20260505|132133|20260505|1|SCOUGHLAN
100||184||PFQ|9718_IA_002|IR_|9718_IA_002|9718_IA_002|0|20260505|132133|20260505|1|SCOUGHLAN
100||184||PFQ|9718_IA_003|IR_|9718_IA_003|9718_IA_003|0|20260505|132133|20260505|1|SCOUGHLAN
100||184||PFQ|9718_IA_004|IR_|9718_IA_004|9718_IA_004|0|20260505|132133|20260505|1|SCOUGHLAN
100||184||PFQ|9718_IA_005|IR_|9718_IA_005|9718_IA_005|0|20260505|132133|20260505|1|SCOUGHLAN
100||184||PFQ|9718_IA_010|IR_|9718_IA_010|9718_IA_010|0|20260505|132133|20260505|1|SCOUGHLAN
100||184||PFQ|9718_IA_020|IR_|9718_IA_020|9718_IA_020|0|20260505|132133|20260505|1|SCOUGHLAN
100||184||PFQ|9718_IA_030|IR_|9718_IA_030|9718_IA_030|0|20260505|132133|20260505|1|SCOUGHLAN
100||184||PFQ|9718_IA_040|IR_|9718_IA_040|9718_IA_040|0|20260505|132133|20260505|1|SCOUGHLAN
100||184||PFQ|9718_IA_050|IR_|9718_IA_050|9718_IA_050|0|20260505|132133|20260505|1|SCOUGHLAN
100||184||PFQ|9718_IA_060|IR_|9718_IA_060|9718_IA_060|0|20260505|132133|20260505|1|SCOUGHLAN
100||184||PFQ|9718_IA_061|IR_|9718_IA_061|9718_IA_061|0|20260505|132133|20260505|1|SCOUGHLAN
100||184||PFQ|9718_IA_070|IR_|9718_IA_070|9718_IA_070|0|20260505|132133|20260505|1|SCOUGHLAN
100||184||PFQ|9718_IP_001|IR_|9718_IP_001|9718_IP_001|0|20260505|132133|20260505|1|SCOUGHLAN
100||184||PFQ|9718_IP_002|IR_|9718_IP_002|9718_IP_002|0|20260505|132133|20260505|1|SCOUGHLAN
100||184||PFQ|9718_IP_003|IR_|9718_IP_003|9718_IP_003|0|20260505|132133|20260505|1|SCOUGHLAN
100||184||PFQ|9718_IP_004|IR_|9718_IP_004|9718_IP_004|0|20260505|132133|20260505|1|SCOUGHLAN
100||184||PFQ|9718_IP_005|IR_|9718_IP_005|9718_IP_005|0|20260505|132134|20260505|1|SCOUGHLAN
100||184||PFQ|9718_IP_010|IR_|9718_IP_010|9718_IP_010|0|20260505|132134|20260505|1|SCOUGHLAN
100||184||PFQ|9718_IP_020|IR_|9718_IP_020|9718_IP_020|0|20260505|132134|20260505|1|SCOUGHLAN
100||184||PFQ|9718_IP_030|IR_|9718_IP_030|9718_IP_030|0|20260505|132134|20260505|1|SCOUGHLAN
100||184||PFQ|9718_IP_040|IR_|9718_IP_040|9718_IP_040|0|20260505|132134|20260505|1|SCOUGHLAN
100||184||PFQ|9718_IP_050|IR_|9718_IP_050|9718_IP_050|0|20260505|132134|20260505|1|SCOUGHLAN
100||184||PFQ|9718_IP_060|IR_|9718_IP_060|9718_IP_060|0|20260505|132134|20260505|1|SCOUGHLAN
100||184||PFQ|9718_IP_061|IR_|9718_IP_061|9718_IP_061|0|20260505|132134|20260505|1|SCOUGHLAN
100||184||PFQ|9718_IP_070|IR_|9718_IP_070|9718_IP_070|0|20260505|132134|20260505|1|SCOUGHLAN
100||184||PFQ|ADF|PC|PC|PC|0|20260505|132138|20260505|1|SCOUGHLAN
100||184||PFQ|COL|CC|CC|CC|0|20260505|132138|20260505|1|SCOUGHLAN
100||184||PFQ|CON|PB|PB|PB|0|20260505|132138|20260505|1|SCOUGHLAN
100||184||PFQ|CPU|PB|PB|PB|0|20260505|132138|20260505|1|SCOUGHLAN
100||184||PFQ|CUS|TP|TP|TP|0|20260505|132138|20260505|1|SCOUGHLAN
100||184||PFQ|DEL|PP|PP|PP|0|20260505|132138|20260505|1|SCOUGHLAN
100||184||PFQ|IA_|IR_|IA_|IA_|0|20260505|132134|20260505|1|SCOUGHLAN
100||184||PFQ|IA_001|IR_|IA_001|IA_001|0|20260505|132134|20260505|1|SCOUGHLAN
100||184||PFQ|IA_002|IR_|IA_002|IA_002|0|20260505|132134|20260505|1|SCOUGHLAN
100||184||PFQ|IA_003|IR_|IA_003|IA_003|0|20260505|132134|20260505|1|SCOUGHLAN
100||184||PFQ|IA_004|IR_|IA_004|IA_004|0|20260505|132134|20260505|1|SCOUGHLAN
100||184||PFQ|IA_005|IR_|IA_005|IA_005|0|20260505|132134|20260505|1|SCOUGHLAN
100||184||PFQ|IA_010|IR_|IA_010|IA_010|0|20260505|132134|20260505|1|SCOUGHLAN
100||184||PFQ|IA_020|IR_|IA_020|IA_020|0|20260505|132134|20260505|1|SCOUGHLAN
100||184||PFQ|IA_030|IR_|IA_030|IA_030|0|20260505|132134|20260505|1|SCOUGHLAN
100||184||PFQ|IA_040|IR_|IA_040|IA_040|0|20260505|132134|20260505|1|SCOUGHLAN
100||184||PFQ|IA_050|IR_|IA_050|IA_050|0|20260505|132134|20260505|1|SCOUGHLAN
100||184||PFQ|IA_060|IR_|IA_060|IA_060|0|20260505|132134|20260505|1|SCOUGHLAN
100||184||PFQ|IA_061|IR_|IA_061|IA_061|0|20260505|132134|20260505|1|SCOUGHLAN
100||184||PFQ|IA_070|IR_|IA_070|IA_070|0|20260505|132134|20260505|1|SCOUGHLAN
100||184||PFQ|IC_001|IR_|IC_001|IC_001|0|20260505|132134|20260505|1|SCOUGHLAN
100||184||PFQ|IC_002|IR_|IC_002|IC_002|0|20260505|132134|20260505|1|SCOUGHLAN
100||184||PFQ|IC_003|IR_|IC_003|IC_003|0|20260505|132134|20260505|1|SCOUGHLAN
100||184||PFQ|IC_004|IR_|IC_004|IC_004|0|20260505|132134|20260505|1|SCOUGHLAN
100||184||PFQ|IC_005|IR_|IC_005|IC_005|0|20260505|132134|20260505|1|SCOUGHLAN
100||184||PFQ|IC_010|IR_|IC_010|IC_010|0|20260505|132134|20260505|1|SCOUGHLAN
100||184||PFQ|IC_020|IR_|IC_020|IC_020|0|20260505|132134|20260505|1|SCOUGHLAN
100||184||PFQ|IC_030|IR_|IC_030|IC_030|0|20260505|132134|20260505|1|SCOUGHLAN
100||184||PFQ|IC_040|IR_|IC_040|IC_040|0|20260505|132134|20260505|1|SCOUGHLAN
100||184||PFQ|IC_050|IR_|IC_050|IC_050|0|20260505|132134|20260505|1|SCOUGHLAN
100||184||PFQ|IC_060|IR_|IC_060|IC_060|0|20260505|132134|20260505|1|SCOUGHLAN
100||184||PFQ|IC_061|IR_|IC_061|IC_061|0|20260505|132134|20260505|1|SCOUGHLAN
100||184||PFQ|IC_070|IR_|IC_070|IC_070|0|20260505|132134|20260505|1|SCOUGHLAN
100||184||PFQ|PFQ|PC|PC|PC|0|20260505|132138|20260505|1|SCOUGHLAN
100||184||PFQ|US1|M|M|M|0|20260505|132138|20260505|1|SCOUGHLAN
100||184||PFQ|US2|M|M|M|0|20260505|132138|20260505|1|SCOUGHLAN
100||184||PFQ|UW1|M|M|M|0|20260505|132138|20260505|1|SCOUGHLAN
100||184||PFQ|UW2|M|M|M|0|20260505|132138|20260505|1|SCOUGHLAN
100||184||PFQ|UW3|M|M|M|0|20260505|132138|20260505|1|SCOUGHLAN
100||184||PFQ|VET|M|M|M|0|20260505|132138|20260505|1|SCOUGHLAN
100||184||PFQ|WG|M|M|M|0|20260505|132138|20260505|1|SCOUGHLAN
100||184||PFQ|WRD|M|M|M|0|20260505|132138|20260505|1|SCOUGHLAN
100||184||PFQ|XPO|M|M|M|0|20260505|132138|20260505|1|SCOUGHLAN
100||185||PFQ|139217_IA_|IA_|139217_IA_|139217_IA_|0|20260505|132134|20260505|1|SCOUGHLAN
100||185||PFQ|139217_IA_003|IR_|139217_IA_003|139217_IA_003|0|20260505|132134|20260505|1|SCOUGHLAN
100||185||PFQ|139217_IA_004|IQ_|IQ_|IQ_|0|20260505|132138|20260505|1|SCOUGHLAN
100||185||PFQ|139217_IA_010|IR_|139217_IA_010|139217_IA_010|0|20260505|132134|20260505|1|SCOUGHLAN
100||185||PFQ|139217_IA_020|IR_|139217_IA_020|139217_IA_020|0|20260505|132134|20260505|1|SCOUGHLAN
100||185||PFQ|139217_IA_030|IR_|139217_IA_030|139217_IA_030|0|20260505|132134|20260505|1|SCOUGHLAN
100||185||PFQ|139217_IA_040|IR_|139217_IA_040|139217_IA_040|0|20260505|132134|20260505|1|SCOUGHLAN
100||185||PFQ|139217_IA_050|IR_|139217_IA_050|139217_IA_050|0|20260505|132134|20260505|1|SCOUGHLAN
100||185||PFQ|139217_IA_060|IR_|139217_IA_060|139217_IA_060|0|20260505|132134|20260505|1|SCOUGHLAN
100||185||PFQ|139217_IA_061|IR_|139217_IA_061|139217_IA_061|0|20260505|132134|20260505|1|SCOUGHLAN
100||185||PFQ|139217_IA_070|IR_|139217_IA_070|139217_IA_070|0|20260505|132134|20260505|1|SCOUGHLAN
100||185||PFQ|139217_IP_001|IA_|139217_IP_001|139217_IP_001|0|20260505|132134|20260505|1|SCOUGHLAN
100||185||PFQ|139217_IP_002|IP_|139217_IP_002|139217_IP_002|0|20260505|132134|20260505|1|SCOUGHLAN
100||185||PFQ|139217_IP_003|IR_|139217_IP_003|139217_IP_003|0|20260505|132134|20260505|1|SCOUGHLAN
100||185||PFQ|139217_IP_004|IQ_|139217_IP_004|139217_IP_004|0|20260505|132134|20260505|1|SCOUGHLAN
100||185||PFQ|139217_IP_005|IP_|139217_IP_005|139217_IP_005|0|20260505|132134|20260505|1|SCOUGHLAN
100||185||PFQ|139217_IP_010|IR_|139217_IP_010|139217_IP_010|0|20260505|132134|20260505|1|SCOUGHLAN
100||185||PFQ|139217_IP_020|IR_|139217_IP_020|139217_IP_020|0|20260505|132134|20260505|1|SCOUGHLAN
100||185||PFQ|139217_IP_030|IR_|139217_IP_030|139217_IP_030|0|20260505|132134|20260505|1|SCOUGHLAN
100||185||PFQ|139217_IP_040|IR_|139217_IP_040|139217_IP_040|0|20260505|132134|20260505|1|SCOUGHLAN
100||185||PFQ|139217_IP_050|IR_|139217_IP_050|139217_IP_050|0|20260505|132134|20260505|1|SCOUGHLAN
100||185||PFQ|139217_IP_060|IR_|139217_IP_060|139217_IP_060|0|20260505|132134|20260505|1|SCOUGHLAN
100||185||PFQ|139217_IP_061|IR_|139217_IP_061|139217_IP_061|0|20260505|132134|20260505|1|SCOUGHLAN
100||185||PFQ|139217_IP_070|IR_|139217_IP_070|139217_IP_070|0|20260505|132134|20260505|1|SCOUGHLAN
100||185||PFQ|142145_IA_|IA_|142145_IA_|142145_IA_|0|20260505|132134|20260505|1|SCOUGHLAN
100||185||PFQ|142145_IA_003|IR_|142145_IA_003|142145_IA_003|0|20260505|132134|20260505|1|SCOUGHLAN
100||185||PFQ|142145_IA_004|IQ_|IQ_|IQ_|0|20260505|132138|20260505|1|SCOUGHLAN
100||185||PFQ|142145_IA_010|IR_|142145_IA_010|142145_IA_010|0|20260505|132134|20260505|1|SCOUGHLAN
100||185||PFQ|142145_IA_020|IR_|142145_IA_020|142145_IA_020|0|20260505|132134|20260505|1|SCOUGHLAN
100||185||PFQ|142145_IA_030|IR_|142145_IA_030|142145_IA_030|0|20260505|132134|20260505|1|SCOUGHLAN
100||185||PFQ|142145_IA_040|IR_|142145_IA_040|142145_IA_040|0|20260505|132134|20260505|1|SCOUGHLAN
100||185||PFQ|142145_IA_050|IR_|142145_IA_050|142145_IA_050|0|20260505|132134|20260505|1|SCOUGHLAN
100||185||PFQ|142145_IA_060|IR_|142145_IA_060|142145_IA_060|0|20260505|132134|20260505|1|SCOUGHLAN
100||185||PFQ|142145_IA_061|IR_|142145_IA_061|142145_IA_061|0|20260505|132134|20260505|1|SCOUGHLAN
100||185||PFQ|142145_IA_070|IR_|142145_IA_070|142145_IA_070|0|20260505|132134|20260505|1|SCOUGHLAN
100||185||PFQ|142145_IP_001|IA_|142145_IP_001|142145_IP_001|0|20260505|132134|20260505|1|SCOUGHLAN
100||185||PFQ|142145_IP_002|IP_|142145_IP_002|142145_IP_002|0|20260505|132134|20260505|1|SCOUGHLAN
100||185||PFQ|142145_IP_003|IR_|142145_IP_003|142145_IP_003|0|20260505|132134|20260505|1|SCOUGHLAN
100||185||PFQ|142145_IP_004|IQ_|142145_IP_004|142145_IP_004|0|20260505|132134|20260505|1|SCOUGHLAN
100||185||PFQ|142145_IP_005|IP_|142145_IP_005|142145_IP_005|0|20260505|132134|20260505|1|SCOUGHLAN
100||185||PFQ|142145_IP_010|IR_|142145_IP_010|142145_IP_010|0|20260505|132134|20260505|1|SCOUGHLAN
100||185||PFQ|142145_IP_020|IR_|142145_IP_020|142145_IP_020|0|20260505|132134|20260505|1|SCOUGHLAN
100||185||PFQ|142145_IP_030|IR_|142145_IP_030|142145_IP_030|0|20260505|132134|20260505|1|SCOUGHLAN
100||185||PFQ|142145_IP_040|IR_|142145_IP_040|142145_IP_040|0|20260505|132134|20260505|1|SCOUGHLAN
100||185||PFQ|142145_IP_050|IR_|142145_IP_050|142145_IP_050|0|20260505|132134|20260505|1|SCOUGHLAN
100||185||PFQ|142145_IP_060|IR_|142145_IP_060|142145_IP_060|0|20260505|132134|20260505|1|SCOUGHLAN
100||185||PFQ|142145_IP_061|IR_|142145_IP_061|142145_IP_061|0|20260505|132134|20260505|1|SCOUGHLAN
100||185||PFQ|142145_IP_070|IR_|142145_IP_070|142145_IP_070|0|20260505|132134|20260505|1|SCOUGHLAN
100||185||PFQ|182822_IA_|IA_Item Confirmed|182822_IA_|182822_IA_|0|20260505|132134|20260505|1|SCOUGHLAN
100||185||PFQ|182822_IA_003|IR_Minimum Quantity Not Met|182822_IA_003|182822_IA_003|0|20260504|190934|20260504|1|SCOUGHLAN
100||185||PFQ|182822_IA_004|IQ_Item Confirmed|" Changes"""|182822_IA_004|0|20260505|132138|20260505|1|SCOUGHLAN
100||185||PFQ|182822_IA_010|IR_Incorrect Vendor UPC/SKU|182822_IA_010|182822_IA_010|0|20260504|190934|20260504|1|SCOUGHLAN
100||185||PFQ|182822_IA_020|IR_Item Rejected|182822_IA_020|182822_IA_020|0|20260504|190934|20260504|1|SCOUGHLAN
100||185||PFQ|182822_IA_030|IR_Item Rejected|182822_IA_030|182822_IA_030|0|20260504|190934|20260504|1|SCOUGHLAN
100||185||PFQ|182822_IA_040|IR_Item Rejected|182822_IA_040|182822_IA_040|0|20260504|190934|20260504|1|SCOUGHLAN
100||185||PFQ|182822_IA_050|IR_Item Rejected|182822_IA_050|182822_IA_050|0|20260504|190934|20260504|1|SCOUGHLAN
100||185||PFQ|182822_IA_060|IR_Item Discontinued|182822_IA_060|182822_IA_060|0|20260504|190934|20260504|1|SCOUGHLAN
100||185||PFQ|182822_IA_061|IR_Item Discontinued|182822_IA_061|182822_IA_061|0|20260505|132134|20260505|1|SCOUGHLAN
100||185||PFQ|182822_IA_070|IR_Out of Stock|182822_IA_070|182822_IA_070|0|20260505|132134|20260505|1|SCOUGHLAN
100||185||PFQ|182822_IC_001|IA_Item Confirmed|182822_IC_001|182822_IC_001|0|20260505|132134|20260505|1|SCOUGHLAN
100||185||PFQ|182822_IC_002|IQ_Item Confirmed|182822_IC_002|182822_IC_002|0|20260505|132134|20260505|1|SCOUGHLAN
100||185||PFQ|182822_IC_003|IQ_Item Confirmed|182822_IC_003|182822_IC_003|0|20260505|132134|20260505|1|SCOUGHLAN
100||185||PFQ|182822_IC_004|IQ_Item Confirmed|182822_IC_004|182822_IC_004|0|20260505|132134|20260505|1|SCOUGHLAN
100||185||PFQ|182822_IC_005|IQ_Item Confirmed|182822_IC_005|182822_IC_005|0|20260505|132134|20260505|1|SCOUGHLAN
100||185||PFQ|182822_IC_010|IR_Incorrect Vendor UPC/SKU|182822_IC_010|182822_IC_010|0|20260504|190934|20260504|1|SCOUGHLAN
100||185||PFQ|182822_IC_020|IR_Item Rejected|182822_IC_020|182822_IC_020|0|20260504|190934|20260504|1|SCOUGHLAN
100||185||PFQ|182822_IC_030|IR_Item Rejected|182822_IC_030|182822_IC_030|0|20260504|190934|20260504|1|SCOUGHLAN
100||185||PFQ|182822_IC_040|IR_Item Rejected|182822_IC_040|182822_IC_040|0|20260504|190934|20260504|1|SCOUGHLAN
100||185||PFQ|182822_IC_050|IR_Item Rejected|182822_IC_050|182822_IC_050|0|20260504|190934|20260504|1|SCOUGHLAN
100||185||PFQ|182822_IC_060|IR_Item Discontinued|182822_IC_060|182822_IC_060|0|20260504|190934|20260504|1|SCOUGHLAN
100||185||PFQ|182822_IC_061|IR_Item Discontinued|182822_IC_061|182822_IC_061|0|20260505|132134|20260505|1|SCOUGHLAN
100||185||PFQ|182822_IC_070|IR_Out of Stock|182822_IC_070|182822_IC_070|0|20260505|132134|20260505|1|SCOUGHLAN
100||185||PFQ|252191_IA_|IA_|252191_IA_|252191_IA_|0|20260505|132134|20260505|1|SCOUGHLAN
100||185||PFQ|252191_IA_003|IR_|252191_IA_003|252191_IA_003|0|20260505|132134|20260505|1|SCOUGHLAN
100||185||PFQ|252191_IA_004|IQ_|IQ_|IQ_|0|20260505|132138|20260505|1|SCOUGHLAN
100||185||PFQ|252191_IA_010|R2_|252191_IA_010|252191_IA_010|0|20260505|132134|20260505|1|SCOUGHLAN
100||185||PFQ|252191_IA_020|IR_|252191_IA_020|252191_IA_020|0|20260505|132134|20260505|1|SCOUGHLAN
100||185||PFQ|252191_IA_030|IR_|252191_IA_030|252191_IA_030|0|20260505|132134|20260505|1|SCOUGHLAN
100||185||PFQ|252191_IA_040|IR_|252191_IA_040|252191_IA_040|0|20260505|132134|20260505|1|SCOUGHLAN
100||185||PFQ|252191_IA_050|IR_|252191_IA_050|252191_IA_050|0|20260505|132134|20260505|1|SCOUGHLAN
100||185||PFQ|252191_IA_060|IR_|252191_IA_060|252191_IA_060|0|20260505|132134|20260505|1|SCOUGHLAN
100||185||PFQ|252191_IA_061|IR_|252191_IA_061|252191_IA_061|0|20260505|132134|20260505|1|SCOUGHLAN
100||185||PFQ|252191_IA_070|IR_|252191_IA_070|252191_IA_070|0|20260505|132134|20260505|1|SCOUGHLAN
100||185||PFQ|252191_IP_001|IA_|252191_IP_001|252191_IP_001|0|20260505|132134|20260505|1|SCOUGHLAN
100||185||PFQ|252191_IP_002|IP_|252191_IP_002|252191_IP_002|0|20260505|132134|20260505|1|SCOUGHLAN
100||185||PFQ|252191_IP_003|IR_|252191_IP_003|252191_IP_003|0|20260505|132134|20260505|1|SCOUGHLAN
100||185||PFQ|252191_IP_004|IQ_|252191_IP_004|252191_IP_004|0|20260505|132134|20260505|1|SCOUGHLAN
100||185||PFQ|252191_IP_005|IC_|252191_IP_005|252191_IP_005|0|20260505|132134|20260505|1|SCOUGHLAN
100||185||PFQ|252191_IP_010|R2_|252191_IP_010|252191_IP_010|0|20260505|132134|20260505|1|SCOUGHLAN
100||185||PFQ|252191_IP_020|IR_|252191_IP_020|252191_IP_020|0|20260505|132134|20260505|1|SCOUGHLAN
100||185||PFQ|252191_IP_030|IR_|252191_IP_030|252191_IP_030|0|20260505|132134|20260505|1|SCOUGHLAN
100||185||PFQ|252191_IP_040|IR_|252191_IP_040|252191_IP_040|0|20260505|132134|20260505|1|SCOUGHLAN
100||185||PFQ|252191_IP_050|IR_|252191_IP_050|252191_IP_050|0|20260505|132134|20260505|1|SCOUGHLAN
100||185||PFQ|252191_IP_060|IR_|252191_IP_060|252191_IP_060|0|20260505|132134|20260505|1|SCOUGHLAN
100||185||PFQ|252191_IP_061|IR_|252191_IP_061|252191_IP_061|0|20260505|132134|20260505|1|SCOUGHLAN
100||185||PFQ|252191_IP_070|IR_|252191_IP_070|252191_IP_070|0|20260505|132134|20260505|1|SCOUGHLAN
100||185||PFQ|401858_010_|IA_|401858_010_|401858_010_|0|20260505|132134|20260505|1|SCOUGHLAN
100||185||PFQ|401858_IA_|IA_|401858_IA_|401858_IA_|0|20260505|132134|20260505|1|SCOUGHLAN
100||185||PFQ|401858_IA_003|IA_|401858_IA_003|401858_IA_003|0|20260505|132134|20260505|1|SCOUGHLAN
100||185||PFQ|401858_IA_004|IA_|IA_|IA_|0|20260505|132138|20260505|1|SCOUGHLAN
100||185||PFQ|401858_IA_010|IA_|401858_IA_010|401858_IA_010|0|20260505|132134|20260505|1|SCOUGHLAN
100||185||PFQ|401858_IA_020|IA_|401858_IA_020|401858_IA_020|0|20260505|132134|20260505|1|SCOUGHLAN
100||185||PFQ|401858_IA_030|IA_|401858_IA_030|401858_IA_030|0|20260505|132134|20260505|1|SCOUGHLAN
100||185||PFQ|401858_IA_040|IA_|401858_IA_040|401858_IA_040|0|20260505|132134|20260505|1|SCOUGHLAN
100||185||PFQ|401858_IA_050|IA_|401858_IA_050|401858_IA_050|0|20260505|132134|20260505|1|SCOUGHLAN
100||185||PFQ|401858_IA_060|IA_|401858_IA_060|401858_IA_060|0|20260505|132134|20260505|1|SCOUGHLAN
100||185||PFQ|401858_IA_061|IA_|401858_IA_061|401858_IA_061|0|20260505|132134|20260505|1|SCOUGHLAN
100||185||PFQ|401858_IA_070|IA_|401858_IA_070|401858_IA_070|0|20260505|132134|20260505|1|SCOUGHLAN
100||185||PFQ|401858_IC_001|IA_|401858_IC_001|401858_IC_001|0|20260505|132134|20260505|1|SCOUGHLAN
100||185||PFQ|401858_IC_002|IA_|401858_IC_002|401858_IC_002|0|20260505|132134|20260505|1|SCOUGHLAN
100||185||PFQ|401858_IC_003|IA_|401858_IC_003|401858_IC_003|0|20260505|132134|20260505|1|SCOUGHLAN
100||185||PFQ|401858_IC_004|IA_|401858_IC_004|401858_IC_004|0|20260505|132134|20260505|1|SCOUGHLAN
100||185||PFQ|401858_IC_005|IA_|401858_IC_005|401858_IC_005|0|20260505|132134|20260505|1|SCOUGHLAN
100||185||PFQ|401858_IC_010|IA_|401858_IC_010|401858_IC_010|0|20260505|132134|20260505|1|SCOUGHLAN
100||185||PFQ|401858_IC_020|IA_|401858_IC_020|401858_IC_020|0|20260505|132134|20260505|1|SCOUGHLAN
100||185||PFQ|401858_IC_030|IA_|401858_IC_030|401858_IC_030|0|20260505|132134|20260505|1|SCOUGHLAN
100||185||PFQ|401858_IC_040|IA_|401858_IC_040|401858_IC_040|0|20260505|132134|20260505|1|SCOUGHLAN
100||185||PFQ|401858_IC_050|IA_|401858_IC_050|401858_IC_050|0|20260505|132134|20260505|1|SCOUGHLAN
100||185||PFQ|401858_IC_060|IA_|401858_IC_060|401858_IC_060|0|20260505|132134|20260505|1|SCOUGHLAN
100||185||PFQ|401858_IC_061|IA_|401858_IC_061|401858_IC_061|0|20260505|132134|20260505|1|SCOUGHLAN
100||185||PFQ|401858_IC_070|IA_|401858_IC_070|401858_IC_070|0|20260505|132134|20260505|1|SCOUGHLAN
100||185||PFQ|596380_IA_|IA_|IA_|IA_|0|20260505|132138|20260505|1|SCOUGHLAN
100||185||PFQ|596380_IA_003|IR_|IR_|IR_|0|20260505|132138|20260505|1|SCOUGHLAN
100||185||PFQ|596380_IA_004|IQ_|IQ_|IQ_|0|20260505|132138|20260505|1|SCOUGHLAN
100||185||PFQ|596380_IA_010|IR_|IR_|IR_|0|20260505|132138|20260505|1|SCOUGHLAN
100||185||PFQ|596380_IA_020|IR_|IR_|IR_|0|20260505|132138|20260505|1|SCOUGHLAN
100||185||PFQ|596380_IA_030|IR_|IR_|IR_|0|20260505|132138|20260505|1|SCOUGHLAN
100||185||PFQ|596380_IA_040|IR_|IR_|IR_|0|20260505|132138|20260505|1|SCOUGHLAN
100||185||PFQ|596380_IA_050|IR_|IR_|IR_|0|20260505|132138|20260505|1|SCOUGHLAN
100||185||PFQ|596380_IA_060|IR_|IR_|IR_|0|20260505|132138|20260505|1|SCOUGHLAN
100||185||PFQ|596380_IA_061|IQ_|IQ_|IQ_|0|20260505|132138|20260505|1|SCOUGHLAN
100||185||PFQ|596380_IA_070|IQ_|IQ_|IQ_|0|20260505|132138|20260505|1|SCOUGHLAN
100||185||PFQ|596380_IP_001|IA_|IA_|IA_|0|20260505|132138|20260505|1|SCOUGHLAN
100||185||PFQ|596380_IP_002|IP_|IP_|IP_|0|20260505|132138|20260505|1|SCOUGHLAN
100||185||PFQ|596380_IP_003|IR_|IR_|IR_|0|20260505|132138|20260505|1|SCOUGHLAN
100||185||PFQ|596380_IP_004|IQ_|IQ_|IQ_|0|20260505|132138|20260505|1|SCOUGHLAN
100||185||PFQ|596380_IP_005|IP_|IP_|IP_|0|20260505|132138|20260505|1|SCOUGHLAN
100||185||PFQ|596380_IP_010|IR_|IR_|IR_|0|20260505|132138|20260505|1|SCOUGHLAN
100||185||PFQ|596380_IP_020|IR_|IR_|IR_|0|20260505|132139|20260505|1|SCOUGHLAN
100||185||PFQ|596380_IP_030|IR_|IR_|IR_|0|20260505|132139|20260505|1|SCOUGHLAN
100||185||PFQ|596380_IP_040|IR_|IR_|IR_|0|20260505|132139|20260505|1|SCOUGHLAN
100||185||PFQ|596380_IP_050|IR_|IR_|IR_|0|20260505|132139|20260505|1|SCOUGHLAN
100||185||PFQ|596380_IP_060|IR_|IR_|IR_|0|20260505|132139|20260505|1|SCOUGHLAN
100||185||PFQ|596380_IP_061|IQ_|IQ_|IQ_|0|20260505|132139|20260505|1|SCOUGHLAN
100||185||PFQ|596380_IP_070|IQ_|IQ_|IQ_|0|20260505|132139|20260505|1|SCOUGHLAN
100||185||PFQ|6287_IA_|IA_|6287_IA_|6287_IA_|0|20260505|132134|20260505|1|SCOUGHLAN
100||185||PFQ|6287_IA_003|IR_|6287_IA_003|6287_IA_003|0|20260505|132134|20260505|1|SCOUGHLAN
100||185||PFQ|6287_IA_004|IQ_|IQ_|IQ_|0|20260505|132139|20260505|1|SCOUGHLAN
100||185||PFQ|6287_IA_010|IR_|6287_IA_010|6287_IA_010|0|20260505|132134|20260505|1|SCOUGHLAN
100||185||PFQ|6287_IA_020|IR_|6287_IA_020|6287_IA_020|0|20260505|132134|20260505|1|SCOUGHLAN
100||185||PFQ|6287_IA_030|IR_|6287_IA_030|6287_IA_030|0|20260505|132134|20260505|1|SCOUGHLAN
100||185||PFQ|6287_IA_040|IR_|6287_IA_040|6287_IA_040|0|20260505|132134|20260505|1|SCOUGHLAN
100||185||PFQ|6287_IA_050|IR_|6287_IA_050|6287_IA_050|0|20260505|132134|20260505|1|SCOUGHLAN
100||185||PFQ|6287_IA_060|IR_|6287_IA_060|6287_IA_060|0|20260505|132134|20260505|1|SCOUGHLAN
100||185||PFQ|6287_IA_061|IR_|6287_IA_061|6287_IA_061|0|20260505|132134|20260505|1|SCOUGHLAN
100||185||PFQ|6287_IA_070|IR_|6287_IA_070|6287_IA_070|0|20260505|132134|20260505|1|SCOUGHLAN
100||185||PFQ|6287_IP_001|IA_|6287_IP_001|6287_IP_001|0|20260505|132134|20260505|1|SCOUGHLAN
100||185||PFQ|6287_IP_002|IP_|6287_IP_002|6287_IP_002|0|20260505|132134|20260505|1|SCOUGHLAN
100||185||PFQ|6287_IP_003|IR_|6287_IP_003|6287_IP_003|0|20260505|132134|20260505|1|SCOUGHLAN
100||185||PFQ|6287_IP_004|IQ_|6287_IP_004|6287_IP_004|0|20260505|132134|20260505|1|SCOUGHLAN
100||185||PFQ|6287_IP_005|IP_|6287_IP_005|6287_IP_005|0|20260505|132134|20260505|1|SCOUGHLAN
100||185||PFQ|6287_IP_010|IR_|6287_IP_010|6287_IP_010|0|20260505|132134|20260505|1|SCOUGHLAN
100||185||PFQ|6287_IP_020|IR_|6287_IP_020|6287_IP_020|0|20260505|132134|20260505|1|SCOUGHLAN
100||185||PFQ|6287_IP_030|IR_|6287_IP_030|6287_IP_030|0|20260505|132134|20260505|1|SCOUGHLAN
100||185||PFQ|6287_IP_040|IR_|6287_IP_040|6287_IP_040|0|20260505|132134|20260505|1|SCOUGHLAN
100||185||PFQ|6287_IP_050|IR_|6287_IP_050|6287_IP_050|0|20260505|132134|20260505|1|SCOUGHLAN
100||185||PFQ|6287_IP_060|IR_|6287_IP_060|6287_IP_060|0|20260505|132134|20260505|1|SCOUGHLAN
100||185||PFQ|6287_IP_061|IR_|6287_IP_061|6287_IP_061|0|20260505|132134|20260505|1|SCOUGHLAN
100||185||PFQ|6287_IP_070|IR_|6287_IP_070|6287_IP_070|0|20260505|132134|20260505|1|SCOUGHLAN
100||185||PFQ|71567_IA_|IA_|71567_IA_|71567_IA_|0|20260505|132134|20260505|1|SCOUGHLAN
100||185||PFQ|71567_IA_003|IR_|71567_IA_003|71567_IA_003|0|20260505|132134|20260505|1|SCOUGHLAN
100||185||PFQ|71567_IA_004|IQ_|IQ_|IQ_|0|20260505|132139|20260505|1|SCOUGHLAN
100||185||PFQ|71567_IA_010|R2_|71567_IA_010|71567_IA_010|0|20260505|132134|20260505|1|SCOUGHLAN
100||185||PFQ|71567_IA_020|IR_|71567_IA_020|71567_IA_020|0|20260505|132134|20260505|1|SCOUGHLAN
100||185||PFQ|71567_IA_030|IR_|71567_IA_030|71567_IA_030|0|20260505|132134|20260505|1|SCOUGHLAN
100||185||PFQ|71567_IA_040|IR_|71567_IA_040|71567_IA_040|0|20260505|132134|20260505|1|SCOUGHLAN
100||185||PFQ|71567_IA_050|IR_|71567_IA_050|71567_IA_050|0|20260505|132134|20260505|1|SCOUGHLAN
100||185||PFQ|71567_IA_060|IR_|71567_IA_060|71567_IA_060|0|20260505|132134|20260505|1|SCOUGHLAN
100||185||PFQ|71567_IA_061|IR_|71567_IA_061|71567_IA_061|0|20260505|132134|20260505|1|SCOUGHLAN
100||185||PFQ|71567_IA_070|IR_|71567_IA_070|71567_IA_070|0|20260505|132134|20260505|1|SCOUGHLAN
100||185||PFQ|71567_IP_001|IA_|71567_IP_001|71567_IP_001|0|20260505|132134|20260505|1|SCOUGHLAN
100||185||PFQ|71567_IP_002|IP_|71567_IP_002|71567_IP_002|0|20260505|132134|20260505|1|SCOUGHLAN
100||185||PFQ|71567_IP_003|IR_|71567_IP_003|71567_IP_003|0|20260505|132134|20260505|1|SCOUGHLAN
100||185||PFQ|71567_IP_004|IQ_|71567_IP_004|71567_IP_004|0|20260505|132134|20260505|1|SCOUGHLAN
100||185||PFQ|71567_IP_005|IC_|71567_IP_005|71567_IP_005|0|20260505|132134|20260505|1|SCOUGHLAN
100||185||PFQ|71567_IP_010|R2_|71567_IP_010|71567_IP_010|0|20260505|132134|20260505|1|SCOUGHLAN
100||185||PFQ|71567_IP_020|IR_|71567_IP_020|71567_IP_020|0|20260505|132134|20260505|1|SCOUGHLAN
100||185||PFQ|71567_IP_030|IR_|71567_IP_030|71567_IP_030|0|20260505|132134|20260505|1|SCOUGHLAN
100||185||PFQ|71567_IP_040|IR_|71567_IP_040|71567_IP_040|0|20260505|132134|20260505|1|SCOUGHLAN
100||185||PFQ|71567_IP_050|IR_|71567_IP_050|71567_IP_050|0|20260505|132134|20260505|1|SCOUGHLAN
100||185||PFQ|71567_IP_060|IR_|71567_IP_060|71567_IP_060|0|20260505|132134|20260505|1|SCOUGHLAN
100||185||PFQ|71567_IP_061|IR_|71567_IP_061|71567_IP_061|0|20260505|132134|20260505|1|SCOUGHLAN
100||185||PFQ|71567_IP_070|IR_|71567_IP_070|71567_IP_070|0|20260505|132134|20260505|1|SCOUGHLAN
100||185||PFQ|9718_IA_|IA_|9718_IA_|9718_IA_|0|20260505|132134|20260505|1|SCOUGHLAN
100||185||PFQ|9718_IA_003|IR_|9718_IA_003|9718_IA_003|0|20260505|132134|20260505|1|SCOUGHLAN
100||185||PFQ|9718_IA_004|IQ_|IQ_|IQ_|0|20260505|132139|20260505|1|SCOUGHLAN
100||185||PFQ|9718_IA_010|IR_|9718_IA_010|9718_IA_010|0|20260505|132134|20260505|1|SCOUGHLAN
100||185||PFQ|9718_IA_020|IR_|9718_IA_020|9718_IA_020|0|20260505|132134|20260505|1|SCOUGHLAN
100||185||PFQ|9718_IA_030|IR_|9718_IA_030|9718_IA_030|0|20260505|132134|20260505|1|SCOUGHLAN
100||185||PFQ|9718_IA_040|IR_|9718_IA_040|9718_IA_040|0|20260505|132134|20260505|1|SCOUGHLAN
100||185||PFQ|9718_IA_050|IR_|9718_IA_050|9718_IA_050|0|20260505|132134|20260505|1|SCOUGHLAN
100||185||PFQ|9718_IA_060|IR_|9718_IA_060|9718_IA_060|0|20260505|132134|20260505|1|SCOUGHLAN
100||185||PFQ|9718_IA_061|IR_|9718_IA_061|9718_IA_061|0|20260505|132134|20260505|1|SCOUGHLAN
100||185||PFQ|9718_IA_070|IR_|9718_IA_070|9718_IA_070|0|20260505|132134|20260505|1|SCOUGHLAN
100||185||PFQ|9718_IP_001|IA_|9718_IP_001|9718_IP_001|0|20260505|132134|20260505|1|SCOUGHLAN
100||185||PFQ|9718_IP_002|IP_|9718_IP_002|9718_IP_002|0|20260505|132134|20260505|1|SCOUGHLAN
100||185||PFQ|9718_IP_003|IR_|9718_IP_003|9718_IP_003|0|20260505|132134|20260505|1|SCOUGHLAN
100||185||PFQ|9718_IP_004|IQ_|9718_IP_004|9718_IP_004|0|20260505|132134|20260505|1|SCOUGHLAN
100||185||PFQ|9718_IP_005|IP_|9718_IP_005|9718_IP_005|0|20260505|132134|20260505|1|SCOUGHLAN
100||185||PFQ|9718_IP_010|IR_|9718_IP_010|9718_IP_010|0|20260505|132134|20260505|1|SCOUGHLAN
100||185||PFQ|9718_IP_020|IR_|9718_IP_020|9718_IP_020|0|20260505|132134|20260505|1|SCOUGHLAN
100||185||PFQ|9718_IP_030|IR_|9718_IP_030|9718_IP_030|0|20260505|132134|20260505|1|SCOUGHLAN
100||185||PFQ|9718_IP_040|IR_|9718_IP_040|9718_IP_040|0|20260505|132134|20260505|1|SCOUGHLAN
100||185||PFQ|9718_IP_050|IR_|9718_IP_050|9718_IP_050|0|20260505|132134|20260505|1|SCOUGHLAN
100||185||PFQ|9718_IP_060|IR_|9718_IP_060|9718_IP_060|0|20260505|132134|20260505|1|SCOUGHLAN
100||185||PFQ|9718_IP_061|IR_|9718_IP_061|9718_IP_061|0|20260505|132134|20260505|1|SCOUGHLAN
100||185||PFQ|9718_IP_070|IR_|9718_IP_070|9718_IP_070|0|20260505|132134|20260505|1|SCOUGHLAN
100||185||PFQ|IA_|IA_|IA_|IA_|0|20260504|190935|20260504|1|SCOUGHLAN
100||185||PFQ|IA_003|IR_|IA_003|IA_003|0|20260505|132134|20260505|1|SCOUGHLAN
100||185||PFQ|IA_004|IR_|IR_|IR_|0|20260505|132138|20260505|1|SCOUGHLAN
100||185||PFQ|IA_005|IR_|IR_|IR_|0|20260505|132138|20260505|1|SCOUGHLAN
100||185||PFQ|IA_010|IR_|IA_010|IA_010|0|20260505|132134|20260505|1|SCOUGHLAN
100||185||PFQ|IA_020|IR_|IA_020|IA_020|0|20260505|132134|20260505|1|SCOUGHLAN
100||185||PFQ|IA_030|IR_|IA_030|IA_030|0|20260505|132134|20260505|1|SCOUGHLAN
100||185||PFQ|IA_040|IR_|IA_040|IA_040|0|20260505|132134|20260505|1|SCOUGHLAN
100||185||PFQ|IA_050|IR_|IA_050|IA_050|0|20260505|132134|20260505|1|SCOUGHLAN
100||185||PFQ|IA_060|IR_|IA_060|IA_060|0|20260505|132134|20260505|1|SCOUGHLAN
100||185||PFQ|IA_061|IC_|IA_061|IA_061|0|20260505|132134|20260505|1|SCOUGHLAN
100||185||PFQ|IA_070|IC_|IA_070|IA_070|0|20260505|132134|20260505|1|SCOUGHLAN
100||185||PFQ|IC_001|IA_|IC_001|IC_001|0|20260505|132134|20260505|1|SCOUGHLAN
100||185||PFQ|IC_002|IC_|IC_002|IC_002|0|20260505|132134|20260505|1|SCOUGHLAN
100||185||PFQ|IC_003|IR_|IC_003|IC_003|0|20260505|132134|20260505|1|SCOUGHLAN
100||185||PFQ|IC_004|IC_|IC_004|IC_004|0|20260505|132134|20260505|1|SCOUGHLAN
100||185||PFQ|IC_005|IC_|IC_005|IC_005|0|20260505|132134|20260505|1|SCOUGHLAN
100||185||PFQ|IC_010|IR_|IC_010|IC_010|0|20260505|132134|20260505|1|SCOUGHLAN
100||185||PFQ|IC_020|IR_|IC_020|IC_020|0|20260505|132134|20260505|1|SCOUGHLAN
100||185||PFQ|IC_030|IR_|IC_030|IC_030|0|20260505|132134|20260505|1|SCOUGHLAN
100||185||PFQ|IC_040|IR_|IC_040|IC_040|0|20260505|132134|20260505|1|SCOUGHLAN
100||185||PFQ|IC_050|IR_|IC_050|IC_050|0|20260505|132134|20260505|1|SCOUGHLAN
100||185||PFQ|IC_060|IR_|IC_060|IC_060|0|20260505|132134|20260505|1|SCOUGHLAN
100||185||PFQ|IC_061|IR_|IC_061|IC_061|0|20260505|132134|20260505|1|SCOUGHLAN
100||185||PFQ|IC_070|IC_|IC_070|IC_070|0|20260505|132134|20260505|1|SCOUGHLAN
100||186||PFQ|1|0078742028286|0078742028286|0078742028286|0|20260505|132139|20260505|1|SCOUGHLAN
100||186||PFQ|10|0078742029184|0078742029184|0078742029184|0|20260505|132139|20260505|1|SCOUGHLAN
100||186||PFQ|11|0078742029276|0078742029276|0078742029276|0|20260505|132139|20260505|1|SCOUGHLAN
100||186||PFQ|12|0078742029368|0078742029368|0078742029368|0|20260505|132139|20260505|1|SCOUGHLAN
100||186||PFQ|13|0078742029450|0078742029450|0078742029450|0|20260505|132139|20260505|1|SCOUGHLAN
100||186||PFQ|14|0078742029542|0078742029542|0078742029542|0|20260505|132139|20260505|1|SCOUGHLAN
100||186||PFQ|15|0078742029634|0078742029634|0078742029634|0|20260505|132139|20260505|1|SCOUGHLAN
100||186||PFQ|16|0078742029818|0078742029818|0078742029818|0|20260505|132139|20260505|1|SCOUGHLAN
100||186||PFQ|17|0078742029900|0078742029900|0078742029900|0|20260505|132139|20260505|1|SCOUGHLAN
100||186||PFQ|18|0078742029993|0078742029993|0078742029993|0|20260505|132139|20260505|1|SCOUGHLAN
100||186||PFQ|19|0078742030081|0078742030081|0078742030081|0|20260505|132139|20260505|1|SCOUGHLAN
100||186||PFQ|2|0078742028286|0078742028286|0078742028286|0|20260505|132139|20260505|1|SCOUGHLAN
100||186||PFQ|20|0078742030173|0078742030173|0078742030173|0|20260505|132139|20260505|1|SCOUGHLAN
100||186||PFQ|21|0078742030449|0078742030449|0078742030449|0|20260505|132139|20260505|1|SCOUGHLAN
100||186||PFQ|22|0078742030531|0078742030531|0078742030531|0|20260505|132139|20260505|1|SCOUGHLAN
100||186||PFQ|23|0078742030807|0078742030807|0078742030807|0|20260505|132139|20260505|1|SCOUGHLAN
100||186||PFQ|24|0078742030890|0078742030890|0078742030890|0|20260505|132139|20260505|1|SCOUGHLAN
100||186||PFQ|25|0078742030982|0078742030982|0078742030982|0|20260505|132139|20260505|1|SCOUGHLAN
100||186||PFQ|26|0078742030982|0078742030982|0078742030982|0|20260505|132139|20260505|1|SCOUGHLAN
100||186||PFQ|27|0078742031071|0078742031071|0078742031071|0|20260505|132139|20260505|1|SCOUGHLAN
100||186||PFQ|28|0078742031163|0078742031163|0078742031163|0|20260505|132139|20260505|1|SCOUGHLAN
100||186||PFQ|29|0078742031255|0078742031255|0078742031255|0|20260505|132139|20260505|1|SCOUGHLAN
100||186||PFQ|3|0078742028552|0078742028552|0078742028552|0|20260505|132139|20260505|1|SCOUGHLAN
100||186||PFQ|30|0078742031255|0078742031255|0078742031255|0|20260505|132139|20260505|1|SCOUGHLAN
100||186||PFQ|31|0078742031521|0078742031521|0078742031521|0|20260505|132139|20260505|1|SCOUGHLAN
100||186||PFQ|32|0078742031972|0078742031972|0078742031972|0|20260505|132139|20260505|1|SCOUGHLAN
100||186||PFQ|33|0078742032511|0078742032511|0078742032511|0|20260505|132139|20260505|1|SCOUGHLAN
100||186||PFQ|34|0078742033907|0078742033907|0078742033907|0|20260505|132139|20260505|1|SCOUGHLAN
100||186||PFQ|35|0078742033938|0078742033938|0078742033938|0|20260505|132139|20260505|1|SCOUGHLAN
100||186||PFQ|36|0078742035307|0078742035307|0078742035307|0|20260505|132139|20260505|1|SCOUGHLAN
100||186||PFQ|37|0078742035833|0078742035833|0078742035833|0|20260505|132139|20260505|1|SCOUGHLAN
100||186||PFQ|IA_004|IC_|IC_|IC_|0|20260505|132139|20260505|1|SCOUGHLAN
100||186||PFQ|IA_010|IR_|IR_|IR_|0|20260505|132139|20260505|1|SCOUGHLAN
100||186||PFQ|IA_020|IR_|IR_|IR_|0|20260505|132139|20260505|1|SCOUGHLAN
100||186||PFQ|IA_030|IR_|IR_|IR_|0|20260505|132139|20260505|1|SCOUGHLAN
100||186||PFQ|IA_040|IR_|IR_|IR_|0|20260505|132139|20260505|1|SCOUGHLAN
100||186||PFQ|IA_050|IR_|IR_|IR_|0|20260505|132139|20260505|1|SCOUGHLAN
100||186||PFQ|IA_060|IR_|IR_|IR_|0|20260505|132139|20260505|1|SCOUGHLAN
100||186||PFQ|IA_061|IC_|IC_|IC_|0|20260505|132139|20260505|1|SCOUGHLAN
100||186||PFQ|IA_070|IC_|IC_|IC_|0|20260505|132139|20260505|1|SCOUGHLAN
100||186||PFQ|IC_001|IA_|IA_|IA_|0|20260505|132139|20260505|1|SCOUGHLAN
100||186||PFQ|IC_002|IC_|IC_|IC_|0|20260505|132139|20260505|1|SCOUGHLAN
100||186||PFQ|IC_003|IR_|IR_|IR_|0|20260505|132139|20260505|1|SCOUGHLAN
100||186||PFQ|IC_004|IC_|IC_|IC_|0|20260505|132139|20260505|1|SCOUGHLAN
100||186||PFQ|IC_005|IC_|IC_|IC_|0|20260505|132139|20260505|1|SCOUGHLAN
100||186||PFQ|IC_010|IR_|IR_|IR_|0|20260505|132139|20260505|1|SCOUGHLAN
100||186||PFQ|IC_020|IR_|IR_|IR_|0|20260505|132139|20260505|1|SCOUGHLAN
100||186||PFQ|IC_030|IR_|IR_|IR_|0|20260505|132139|20260505|1|SCOUGHLAN
100||186||PFQ|IC_040|IR_|IR_|IR_|0|20260505|132139|20260505|1|SCOUGHLAN
100||186||PFQ|IC_050|IR_|IR_|IR_|0|20260505|132139|20260505|1|SCOUGHLAN
100||186||PFQ|IC_060|IR_|IR_|IR_|0|20260505|132139|20260505|1|SCOUGHLAN
100||186||PFQ|IC_061|IC_|IC_|IC_|0|20260505|132139|20260505|1|SCOUGHLAN
100||186||PFQ|IC_070|IC_|IC_|IC_|0|20260505|132139|20260505|1|SCOUGHLAN
100||187||PFQ|38|0078742038674|0078742038674|0078742038674|0|20260505|132139|20260505|1|SCOUGHLAN
100||188||PFQ|39|0078742038674|0078742038674|0078742038674|0|20260505|132139|20260505|1|SCOUGHLAN
100||188||PFQ|4|0078742028552|0078742028552|0078742028552|0|20260505|132139|20260505|1|SCOUGHLAN
100||189||PFQ|40|0078742040028|0078742040028|0078742040028|0|20260505|132139|20260505|1|SCOUGHLAN
100||189||PFQ|41|0078742040028|0078742040028|0078742040028|0|20260505|132139|20260505|1|SCOUGHLAN
100||189||PFQ|42|0078742041445|0078742041445|0078742041445|0|20260505|132139|20260505|1|SCOUGHLAN
100||189||PFQ|Y|C20|Y|Y|0|20260505|132134|20260505|1|SCOUGHLAN
100||189||PFQ|Y|C21|Y|Y|0|20260505|132134|20260505|1|SCOUGHLAN
100||189||PFQ|Y|C22|Y|Y|0|20260505|132134|20260505|1|SCOUGHLAN
100||190||PFQ|43|0078742045504|0078742045504|0078742045504|0|20260505|132139|20260505|1|SCOUGHLAN
100||190||PFQ|44|0078742045504|0078742045504|0078742045504|0|20260505|132139|20260505|1|SCOUGHLAN
100||191||PFQ|45|0078742045627|0078742045627|0078742045627|0|20260505|132139|20260505|1|SCOUGHLAN
100||191||PFQ|46|0078742045627|0078742045627|0078742045627|0|20260505|132139|20260505|1|SCOUGHLAN
100||191||PFQ|Y|C21|Y|Y|0|20260505|132134|20260505|1|SCOUGHLAN
100||191||PFQ|Y|C22|Y|Y|0|20260505|132134|20260505|1|SCOUGHLAN
100||192||PFQ|47|0078742048079|0078742048079|0078742048079|0|20260505|132139|20260505|1|SCOUGHLAN
100||192||PFQ|48|0078742050775|0078742050775|0078742050775|0|20260505|132139|20260505|1|SCOUGHLAN
100||192||PFQ|49|0078742050867|0078742050867|0078742050867|0|20260505|132139|20260505|1|SCOUGHLAN
100||192||PFQ|5|0078742028644|0078742028644|0078742028644|0|20260505|132139|20260505|1|SCOUGHLAN
100||192||PFQ|50|0078742053790|0078742053790|0078742053790|0|20260505|132139|20260505|1|SCOUGHLAN
100||192||PFQ|51|0078742057903|0078742057903|0078742057903|0|20260505|132139|20260505|1|SCOUGHLAN
100||192||PFQ|52|0078742058368|0078742058368|0078742058368|0|20260505|132139|20260505|1|SCOUGHLAN
100||192||PFQ|53|0078742058436|0078742058436|0078742058436|0|20260505|132139|20260505|1|SCOUGHLAN
100||192||PFQ|54|0078742058436|0078742058436|0078742058436|0|20260505|132139|20260505|1|SCOUGHLAN
100||192||PFQ|6|0078742028736|0078742028736|0078742028736|0|20260505|132139|20260505|1|SCOUGHLAN
100||192||PFQ|7|0078742028736|0078742028736|0078742028736|0|20260505|132139|20260505|1|SCOUGHLAN
100||192||PFQ|8|0078742028828|0078742028828|0078742028828|0|20260505|132139|20260505|1|SCOUGHLAN
100||192||PFQ|9|0078742028828|0078742028828|0078742028828|0|20260505|132139|20260505|1|SCOUGHLAN
100||192||PFQ|Y|241055|241055|241055|0|20260505|132139|20260505|1|SCOUGHLAN
100||193||PFQ|Y|AMA|AMA|AMA|0|20260505|132139|20260505|1|SCOUGHLAN
100||194||PFQ|Y|06|06|06|0|20260505|132139|20260505|1|SCOUGHLAN
100||194||PFQ|139217|WoodlandToShamrock@zephyr.swc.com|139217|139217|0|20260505|132139|20260505|1|SCOUGHLAN
100||194||PFQ|142145|WoodlandToShamrock@zephyr.swc.com|142145|142145|0|20260505|132139|20260505|1|SCOUGHLAN
100||194||PFQ|142318|WoodlandToSupplies@zephyr.swc.com|142318|142318|0|20260505|132139|20260505|1|SCOUGHLAN
100||194||PFQ|182822|WoodlandToKeHE@zephyr.swc.com|182822|182822|0|20260505|132139|20260505|1|SCOUGHLAN
100||194||PFQ|242707|WoodlandToKrasdale@zephyr.swc.com|242707|242707|0|20260505|132139|20260505|1|SCOUGHLAN
100||194||PFQ|252191|WoodlandToGFS@zephyr.swc.com|252191|252191|0|20260505|132139|20260505|1|SCOUGHLAN
100||194||PFQ|26483_AAA|AACT|AACT|AACT|0|20260505|132139|20260505|1|SCOUGHLAN
100||194||PFQ|26483_AAN|ABFL|ABFL|ABFL|0|20260505|132139|20260505|1|SCOUGHLAN
100||194||PFQ|26483_ABF|AYEM|AYEM|AYEM|0|20260505|132139|20260505|1|SCOUGHLAN
100||194||PFQ|26483_ADM|WHTX|WHTX|WHTX|0|20260505|132139|20260505|1|SCOUGHLAN
100||194||PFQ|26483_AMA|AMZR|AMZR|AMZR|0|20260505|132139|20260505|1|SCOUGHLAN
100||194||PFQ|26483_ARW|ATLA|ATLA|ATLA|0|20260505|132139|20260505|1|SCOUGHLAN
100||194||PFQ|26483_BER|BNKP|BNKP|BNKP|0|20260505|132139|20260505|1|SCOUGHLAN
100||194||PFQ|26483_BGL|BGLF|BGLF|BGLF|0|20260505|132139|20260505|1|SCOUGHLAN
100||194||PFQ|26483_BSR|BSEX|BSEX|BSEX|0|20260505|132139|20260505|1|SCOUGHLAN
100||194||PFQ|26483_CHR|CHR|CHR|CHR|0|20260505|132139|20260505|1|SCOUGHLAN
100||194||PFQ|26483_CNT|SSSX|SSSX|SSSX|0|20260505|132139|20260505|1|SCOUGHLAN
100||194||PFQ|26483_CPU|CPU|CPU|CPU|0|20260505|132139|20260505|1|SCOUGHLAN
100||194||PFQ|26483_CXI|CXIT|CXIT|CXIT|0|20260505|132139|20260505|1|SCOUGHLAN
100||194||PFQ|26483_DAY|DAFG|DAFG|DAFG|0|20260505|132139|20260505|1|SCOUGHLAN
100||194||PFQ|26483_DDE|DDXE|DDXE|DDXE|0|20260505|132139|20260505|1|SCOUGHLAN
100||194||PFQ|26483_DHL|DHLC|DHLC|DHLC|0|20260505|132139|20260505|1|SCOUGHLAN
100||194||PFQ|26483_DOH|DOHR|DOHR|DOHR|0|20260505|132139|20260505|1|SCOUGHLAN
100||194||PFQ|26483_DOT|DTNR|DTNR|DTNR|0|20260505|132139|20260505|1|SCOUGHLAN
100||194||PFQ|26483_DYL|DYLT|DYLT|DYLT|0|20260505|132139|20260505|1|SCOUGHLAN
100||194||PFQ|26483_EST|EXLW|EXLW|EXLW|0|20260505|132139|20260505|1|SCOUGHLAN
100||194||PFQ|26483_EVN|EWIQ|EWIQ|EWIQ|0|20260505|132139|20260505|1|SCOUGHLAN
100||194||PFQ|26483_FLE|FXFE|FXFE|FXFE|0|20260505|132139|20260505|1|SCOUGHLAN
100||194||PFQ|26483_FLP|FXNL|FXNL|FXNL|0|20260505|132139|20260505|1|SCOUGHLAN
100||194||PFQ|26483_FOA|FWDN|FWDN|FWDN|0|20260505|132139|20260505|1|SCOUGHLAN
100||194||PFQ|26483_FX1|FDEG|FDEG|FDEG|0|20260505|132139|20260505|1|SCOUGHLAN
100||194||PFQ|26483_FX2|FDEN|FDEN|FDEN|0|20260505|132139|20260505|1|SCOUGHLAN
100||194||PFQ|26483_FX3|FDEG|FDEG|FDEG|0|20260505|132139|20260505|1|SCOUGHLAN
100||194||PFQ|26483_FX4|FDEG|FDEG|FDEG|0|20260505|132139|20260505|1|SCOUGHLAN
100||194||PFQ|26483_FX5|FDEG|FDEG|FDEG|0|20260505|132139|20260505|1|SCOUGHLAN
100||194||PFQ|26483_FX6|FDEG|FDEG|FDEG|0|20260505|132139|20260505|1|SCOUGHLAN
100||194||PFQ|26483_FX7|FDEG|FDEG|FDEG|0|20260505|132139|20260505|1|SCOUGHLAN
100||194||PFQ|26483_FX8|FDEG|FDEG|FDEG|0|20260505|132139|20260505|1|SCOUGHLAN
100||194||PFQ|26483_GOL|GTJN|GTJN|GTJN|0|20260505|132139|20260505|1|SCOUGHLAN
100||194||PFQ|26483_HER|HTPA|HTPA|HTPA|0|20260505|132139|20260505|1|SCOUGHLAN
100||194||PFQ|26483_JFF|JFFF|JFFF|JFFF|0|20260505|132139|20260505|1|SCOUGHLAN
100||194||PFQ|26483_LTC|FXFE|FXFE|FXFE|0|20260505|132139|20260505|1|SCOUGHLAN
100||194||PFQ|26483_MAG|MULC|MULC|MULC|0|20260505|132139|20260505|1|SCOUGHLAN
100||194||PFQ|26483_MON|MONC|MONC|MONC|0|20260505|132139|20260505|1|SCOUGHLAN
100||194||PFQ|26483_ODF|OLDF|OLDF|OLDF|0|20260505|132139|20260505|1|SCOUGHLAN
100||194||PFQ|26483_OLD|OLDF|OLDF|OLDF|0|20260505|132139|20260505|1|SCOUGHLAN
100||194||PFQ|26483_POF|PYOE|PYOE|PYOE|0|20260505|132139|20260505|1|SCOUGHLAN
100||194||PFQ|26483_POL|POLT|POLT|POLT|0|20260505|132139|20260505|1|SCOUGHLAN
100||194||PFQ|26483_POP|PPTN|PPTN|PPTN|0|20260505|132139|20260505|1|SCOUGHLAN
100||194||PFQ|26483_RNL|R&L|R&L|R&L|0|20260505|132139|20260505|1|SCOUGHLAN
100||194||PFQ|26483_RNM|RNMR|RNMR|RNMR|0|20260505|132139|20260505|1|SCOUGHLAN
100||194||PFQ|26483_RRF|RTRR|RTRR|RTRR|0|20260505|132139|20260505|1|SCOUGHLAN
100||194||PFQ|26483_SAI|SAIA|SAIA|SAIA|0|20260505|132139|20260505|1|SCOUGHLAN
100||194||PFQ|26483_SPD|SDED|SDED|SDED|0|20260505|132139|20260505|1|SCOUGHLAN
100||194||PFQ|26483_SUT|SUTU|SUTU|SUTU|0|20260505|132139|20260505|1|SCOUGHLAN
100||194||PFQ|26483_TCC|CTBV|CTBV|CTBV|0|20260505|132139|20260505|1|SCOUGHLAN
100||194||PFQ|26483_TFO|TFIN|TFIN|TFIN|0|20260505|132139|20260505|1|SCOUGHLAN
100||194||PFQ|26483_UFL|UFSR|UFSR|UFSR|0|20260505|132139|20260505|1|SCOUGHLAN
100||194||PFQ|26483_UP1|UPSN|UPSN|UPSN|0|20260505|132139|20260505|1|SCOUGHLAN
100||194||PFQ|26483_UP2|UPSN|UPSN|UPSN|0|20260505|132139|20260505|1|SCOUGHLAN
100||194||PFQ|26483_UP3|UPSN|UPSN|UPSN|0|20260505|132139|20260505|1|SCOUGHLAN
100||194||PFQ|26483_UP4|UPSN|UPSN|UPSN|0|20260505|132139|20260505|1|SCOUGHLAN
100||194||PFQ|26483_UP5|UPSN|UPSN|UPSN|0|20260505|132139|20260505|1|SCOUGHLAN
100||194||PFQ|26483_UP6|UPSN|UPSN|UPSN|0|20260505|132139|20260505|1|SCOUGHLAN
100||194||PFQ|26483_UP7|UPSN|UPSN|UPSN|0|20260505|132139|20260505|1|SCOUGHLAN
100||194||PFQ|26483_UP8|UPSN|UPSN|UPSN|0|20260505|132139|20260505|1|SCOUGHLAN
100||194||PFQ|26483_UP9|UPSN|UPSN|UPSN|0|20260505|132139|20260505|1|SCOUGHLAN
100||194||PFQ|26483_US1|USPS|USPS|USPS|0|20260505|132139|20260505|1|SCOUGHLAN
100||194||PFQ|26483_US2|USPS|USPS|USPS|0|20260505|132139|20260505|1|SCOUGHLAN
100||194||PFQ|26483_UW1|UPSN|UPSN|UPSN|0|20260505|132139|20260505|1|SCOUGHLAN
100||194||PFQ|26483_UW2|UPSN|UPSN|UPSN|0|20260505|132139|20260505|1|SCOUGHLAN
100||194||PFQ|26483_UW3|UPSN|UPSN|UPSN|0|20260505|132139|20260505|1|SCOUGHLAN
100||194||PFQ|26483_VET|VXSL|VXSL|VXSL|0|20260505|132139|20260505|1|SCOUGHLAN
100||194||PFQ|26483_WRD|WWCY|WWCY|WWCY|0|20260505|132139|20260505|1|SCOUGHLAN
100||194||PFQ|26483_XPO|XPOC|XPOC|XPOC|0|20260505|132139|20260505|1|SCOUGHLAN
100||194||PFQ|401858|WoodlandToUSFoods@zephyr.swc.com|401858|401858|0|20260505|132139|20260505|1|SCOUGHLAN
100||194||PFQ|401858_AAA|FDEG|FDEG|FDEG|0|20260505|132139|20260505|1|SCOUGHLAN
100||194||PFQ|401858_AAN|FDEG|FDEG|FDEG|0|20260505|132139|20260505|1|SCOUGHLAN
100||194||PFQ|401858_ABF|FDEG|FDEG|FDEG|0|20260505|132139|20260505|1|SCOUGHLAN
100||194||PFQ|401858_ADM|FDEG|FDEG|FDEG|0|20260505|132139|20260505|1|SCOUGHLAN
100||194||PFQ|401858_AMA|FDEG|FDEG|FDEG|0|20260505|132139|20260505|1|SCOUGHLAN
100||194||PFQ|401858_ARW|FDEG|FDEG|FDEG|0|20260505|132139|20260505|1|SCOUGHLAN
100||194||PFQ|401858_BER|FDEG|FDEG|FDEG|0|20260505|132139|20260505|1|SCOUGHLAN
100||194||PFQ|401858_BGL|FDEG|FDEG|FDEG|0|20260505|132139|20260505|1|SCOUGHLAN
100||194||PFQ|401858_BSR|FDEG|FDEG|FDEG|0|20260505|132139|20260505|1|SCOUGHLAN
100||194||PFQ|401858_CHR|FDEG|FDEG|FDEG|0|20260505|132139|20260505|1|SCOUGHLAN
100||194||PFQ|401858_CNT|FDEG|FDEG|FDEG|0|20260505|132139|20260505|1|SCOUGHLAN
100||194||PFQ|401858_CPU|FDEG|FDEG|FDEG|0|20260505|132139|20260505|1|SCOUGHLAN
100||194||PFQ|401858_CXI|FDEG|FDEG|FDEG|0|20260505|132139|20260505|1|SCOUGHLAN
100||194||PFQ|401858_DAY|FDEG|FDEG|FDEG|0|20260505|132139|20260505|1|SCOUGHLAN
100||194||PFQ|401858_DDE|FDEG|FDEG|FDEG|0|20260505|132139|20260505|1|SCOUGHLAN
100||194||PFQ|401858_DHL|FDEG|FDEG|FDEG|0|20260505|132139|20260505|1|SCOUGHLAN
100||194||PFQ|401858_DOH|FDEG|FDEG|FDEG|0|20260505|132139|20260505|1|SCOUGHLAN
100||194||PFQ|401858_DOT|FDEG|FDEG|FDEG|0|20260505|132139|20260505|1|SCOUGHLAN
100||194||PFQ|401858_DYL|FDEG|FDEG|FDEG|0|20260505|132139|20260505|1|SCOUGHLAN
100||194||PFQ|401858_EST|FDEG|FDEG|FDEG|0|20260505|132139|20260505|1|SCOUGHLAN
100||194||PFQ|401858_EVN|FDEG|FDEG|FDEG|0|20260505|132139|20260505|1|SCOUGHLAN
100||194||PFQ|401858_FLE|FDEG|FDEG|FDEG|0|20260505|132139|20260505|1|SCOUGHLAN
100||194||PFQ|401858_FLP|FDEG|FDEG|FDEG|0|20260505|132139|20260505|1|SCOUGHLAN
100||194||PFQ|401858_FOA|FDEG|FDEG|FDEG|0|20260505|132139|20260505|1|SCOUGHLAN
100||194||PFQ|401858_FX1|FDEG|FDEG|FDEG|0|20260505|132139|20260505|1|SCOUGHLAN
100||194||PFQ|401858_FX2|FDEG|FDEG|FDEG|0|20260505|132139|20260505|1|SCOUGHLAN
100||194||PFQ|401858_FX3|FDEG|FDEG|FDEG|0|20260505|132139|20260505|1|SCOUGHLAN
100||194||PFQ|401858_FX4|FDEG|FDEG|FDEG|0|20260505|132139|20260505|1|SCOUGHLAN
100||194||PFQ|401858_FX5|FDEG|FDEG|FDEG|0|20260505|132139|20260505|1|SCOUGHLAN
100||194||PFQ|401858_FX6|FDEG|FDEG|FDEG|0|20260505|132139|20260505|1|SCOUGHLAN
100||194||PFQ|401858_FX7|FDEG|FDEG|FDEG|0|20260505|132139|20260505|1|SCOUGHLAN
100||194||PFQ|401858_FX8|FDEG|FDEG|FDEG|0|20260505|132139|20260505|1|SCOUGHLAN
100||194||PFQ|401858_GOL|FDEG|FDEG|FDEG|0|20260505|132139|20260505|1|SCOUGHLAN
100||194||PFQ|401858_HER|FDEG|FDEG|FDEG|0|20260505|132139|20260505|1|SCOUGHLAN
100||194||PFQ|401858_JFF|FDEG|FDEG|FDEG|0|20260505|132139|20260505|1|SCOUGHLAN
100||194||PFQ|401858_LTC|FDEG|FDEG|FDEG|0|20260505|132139|20260505|1|SCOUGHLAN
100||194||PFQ|401858_MAG|FDEG|FDEG|FDEG|0|20260505|132139|20260505|1|SCOUGHLAN
100||194||PFQ|401858_MON|FDEG|FDEG|FDEG|0|20260505|132139|20260505|1|SCOUGHLAN
100||194||PFQ|401858_ODF|FDEG|FDEG|FDEG|0|20260505|132139|20260505|1|SCOUGHLAN
100||194||PFQ|401858_OLD|FDEG|FDEG|FDEG|0|20260505|132139|20260505|1|SCOUGHLAN
100||194||PFQ|401858_POF|FDEG|FDEG|FDEG|0|20260505|132139|20260505|1|SCOUGHLAN
100||194||PFQ|401858_POL|FDEG|FDEG|FDEG|0|20260505|132139|20260505|1|SCOUGHLAN
100||194||PFQ|401858_POP|FDEG|FDEG|FDEG|0|20260505|132139|20260505|1|SCOUGHLAN
100||194||PFQ|401858_RNL|FDEG|FDEG|FDEG|0|20260505|132139|20260505|1|SCOUGHLAN
100||194||PFQ|401858_RNM|FDEG|FDEG|FDEG|0|20260505|132139|20260505|1|SCOUGHLAN
100||194||PFQ|401858_RRF|FDEG|FDEG|FDEG|0|20260505|132139|20260505|1|SCOUGHLAN
100||194||PFQ|401858_SAI|FDEG|FDEG|FDEG|0|20260505|132139|20260505|1|SCOUGHLAN
100||194||PFQ|401858_SPD|FDEG|FDEG|FDEG|0|20260505|132139|20260505|1|SCOUGHLAN
100||194||PFQ|401858_SUT|FDEG|FDEG|FDEG|0|20260505|132139|20260505|1|SCOUGHLAN
100||194||PFQ|401858_TCC|FDEG|FDEG|FDEG|0|20260505|132139|20260505|1|SCOUGHLAN
100||194||PFQ|401858_TFO|FDEG|FDEG|FDEG|0|20260505|132139|20260505|1|SCOUGHLAN
100||194||PFQ|401858_UFL|FDEG|FDEG|FDEG|0|20260505|132139|20260505|1|SCOUGHLAN
100||194||PFQ|401858_UP1|FDEG|FDEG|FDEG|0|20260505|132139|20260505|1|SCOUGHLAN
100||194||PFQ|401858_UP2|FDEG|FDEG|FDEG|0|20260505|132139|20260505|1|SCOUGHLAN
100||194||PFQ|401858_UP3|FDEG|FDEG|FDEG|0|20260505|132139|20260505|1|SCOUGHLAN
100||194||PFQ|401858_UP4|FDEG|FDEG|FDEG|0|20260505|132139|20260505|1|SCOUGHLAN
100||194||PFQ|401858_UP5|FDEG|FDEG|FDEG|0|20260505|132139|20260505|1|SCOUGHLAN
100||194||PFQ|401858_UP6|FDEG|FDEG|FDEG|0|20260505|132139|20260505|1|SCOUGHLAN
100||194||PFQ|401858_UP7|FDEG|FDEG|FDEG|0|20260505|132139|20260505|1|SCOUGHLAN
100||194||PFQ|401858_UP8|FDEG|FDEG|FDEG|0|20260505|132139|20260505|1|SCOUGHLAN
100||194||PFQ|401858_UP9|FDEG|FDEG|FDEG|0|20260505|132139|20260505|1|SCOUGHLAN
100||194||PFQ|401858_US1|FDEG|FDEG|FDEG|0|20260505|132139|20260505|1|SCOUGHLAN
100||194||PFQ|401858_US2|FDEG|FDEG|FDEG|0|20260505|132139|20260505|1|SCOUGHLAN
100||194||PFQ|401858_UW1|FDEG|FDEG|FDEG|0|20260505|132139|20260505|1|SCOUGHLAN
100||194||PFQ|401858_UW2|FDEG|FDEG|FDEG|0|20260505|132139|20260505|1|SCOUGHLAN
100||194||PFQ|401858_UW3|FDEG|FDEG|FDEG|0|20260505|132139|20260505|1|SCOUGHLAN
100||194||PFQ|401858_VET|FDEG|FDEG|FDEG|0|20260505|132139|20260505|1|SCOUGHLAN
100||194||PFQ|401858_WRD|FDEG|FDEG|FDEG|0|20260505|132139|20260505|1|SCOUGHLAN
100||194||PFQ|401858_XPO|FDEG|FDEG|FDEG|0|20260505|132139|20260505|1|SCOUGHLAN
100||194||PFQ|511908|WoodlandToMcLane@zephyr.swc.com|511908|511908|0|20260505|132139|20260505|1|SCOUGHLAN
100||194||PFQ|5453|WoodlandToSonoma@zephyr.swc.com|5453|5453|0|20260505|132139|20260505|1|SCOUGHLAN
100||194||PFQ|5453_AAA|AACT|AACT|AACT|0|20260505|132139|20260505|1|SCOUGHLAN
100||194||PFQ|5453_AAN|ABFL|ABFL|ABFL|0|20260505|132139|20260505|1|SCOUGHLAN
100||194||PFQ|5453_ABF|AYEM|AYEM|AYEM|0|20260505|132139|20260505|1|SCOUGHLAN
100||194||PFQ|5453_ADM|WHTX|WHTX|WHTX|0|20260505|132139|20260505|1|SCOUGHLAN
100||194||PFQ|5453_AMA|AMZR|AMZR|AMZR|0|20260505|132139|20260505|1|SCOUGHLAN
100||194||PFQ|5453_ARW|ATLA|ATLA|ATLA|0|20260505|132139|20260505|1|SCOUGHLAN
100||194||PFQ|5453_BER|BNKP|BNKP|BNKP|0|20260505|132139|20260505|1|SCOUGHLAN
100||194||PFQ|5453_BGL|BGLF|BGLF|BGLF|0|20260505|132139|20260505|1|SCOUGHLAN
100||194||PFQ|5453_BSR|BSEX|BSEX|BSEX|0|20260505|132139|20260505|1|SCOUGHLAN
100||194||PFQ|5453_CHR|CHR|CHR|CHR|0|20260505|132139|20260505|1|SCOUGHLAN
100||194||PFQ|5453_CNT|SSSX|SSSX|SSSX|0|20260505|132139|20260505|1|SCOUGHLAN
100||194||PFQ|5453_CPU|CPU|CPU|CPU|0|20260505|132139|20260505|1|SCOUGHLAN
100||194||PFQ|5453_CXI|CXIT|CXIT|CXIT|0|20260505|132139|20260505|1|SCOUGHLAN
100||194||PFQ|5453_DAY|DAFG|DAFG|DAFG|0|20260505|132139|20260505|1|SCOUGHLAN
100||194||PFQ|5453_DDE|DDXE|DDXE|DDXE|0|20260505|132139|20260505|1|SCOUGHLAN
100||194||PFQ|5453_DHL|DHLC|DHLC|DHLC|0|20260505|132139|20260505|1|SCOUGHLAN
100||194||PFQ|5453_DOH|DOHR|DOHR|DOHR|0|20260505|132139|20260505|1|SCOUGHLAN
100||194||PFQ|5453_DOT|DTNR|DTNR|DTNR|0|20260505|132139|20260505|1|SCOUGHLAN
100||194||PFQ|5453_DYL|DYLT|DYLT|DYLT|0|20260505|132139|20260505|1|SCOUGHLAN
100||194||PFQ|5453_EST|EXLW|EXLW|EXLW|0|20260505|132139|20260505|1|SCOUGHLAN
100||194||PFQ|5453_EVN|EWIQ|EWIQ|EWIQ|0|20260505|132139|20260505|1|SCOUGHLAN
100||194||PFQ|5453_FLE|FXFE|FXFE|FXFE|0|20260505|132140|20260505|1|SCOUGHLAN
100||194||PFQ|5453_FLP|FXNL|FXNL|FXNL|0|20260505|132140|20260505|1|SCOUGHLAN
100||194||PFQ|5453_FOA|FWDN|FWDN|FWDN|0|20260505|132140|20260505|1|SCOUGHLAN
100||194||PFQ|5453_FX1|FDEG|FDEG|FDEG|0|20260505|132140|20260505|1|SCOUGHLAN
100||194||PFQ|5453_FX2|FDEN|FDEN|FDEN|0|20260505|132140|20260505|1|SCOUGHLAN
100||194||PFQ|5453_FX3|FDEG|FDEG|FDEG|0|20260505|132140|20260505|1|SCOUGHLAN
100||194||PFQ|5453_FX4|FDEG|FDEG|FDEG|0|20260505|132140|20260505|1|SCOUGHLAN
100||194||PFQ|5453_FX5|FDEG|FDEG|FDEG|0|20260505|132140|20260505|1|SCOUGHLAN
100||194||PFQ|5453_FX6|FDEG|FDEG|FDEG|0|20260505|132140|20260505|1|SCOUGHLAN
100||194||PFQ|5453_FX7|FDEG|FDEG|FDEG|0|20260505|132140|20260505|1|SCOUGHLAN
100||194||PFQ|5453_FX8|FDEG|FDEG|FDEG|0|20260505|132140|20260505|1|SCOUGHLAN
100||194||PFQ|5453_GOL|GTJN|GTJN|GTJN|0|20260505|132140|20260505|1|SCOUGHLAN
100||194||PFQ|5453_HER|HTPA|HTPA|HTPA|0|20260505|132140|20260505|1|SCOUGHLAN
100||194||PFQ|5453_JFF|JFFF|JFFF|JFFF|0|20260505|132140|20260505|1|SCOUGHLAN
100||194||PFQ|5453_LTC|FXFE|FXFE|FXFE|0|20260505|132140|20260505|1|SCOUGHLAN
100||194||PFQ|5453_MAG|MULC|MULC|MULC|0|20260505|132140|20260505|1|SCOUGHLAN
100||194||PFQ|5453_MON|MONC|MONC|MONC|0|20260505|132140|20260505|1|SCOUGHLAN
100||194||PFQ|5453_ODF|OLDF|OLDF|OLDF|0|20260505|132140|20260505|1|SCOUGHLAN
100||194||PFQ|5453_OLD|OLDF|OLDF|OLDF|0|20260505|132140|20260505|1|SCOUGHLAN
100||194||PFQ|5453_POF|PYOE|PYOE|PYOE|0|20260505|132140|20260505|1|SCOUGHLAN
100||194||PFQ|5453_POL|POLT|POLT|POLT|0|20260505|132140|20260505|1|SCOUGHLAN
100||194||PFQ|5453_POP|PPTN|PPTN|PPTN|0|20260505|132140|20260505|1|SCOUGHLAN
100||194||PFQ|5453_RNL|R&L|R&L|R&L|0|20260505|132140|20260505|1|SCOUGHLAN
100||194||PFQ|5453_RNM|RNMR|RNMR|RNMR|0|20260505|132140|20260505|1|SCOUGHLAN
100||194||PFQ|5453_RRF|RTRR|RTRR|RTRR|0|20260505|132140|20260505|1|SCOUGHLAN
100||194||PFQ|5453_SAI|SAIA|SAIA|SAIA|0|20260505|132140|20260505|1|SCOUGHLAN
100||194||PFQ|5453_SPD|SDED|SDED|SDED|0|20260505|132140|20260505|1|SCOUGHLAN
100||194||PFQ|5453_SUT|SUTU|SUTU|SUTU|0|20260505|132140|20260505|1|SCOUGHLAN
100||194||PFQ|5453_TCC|CTBV|CTBV|CTBV|0|20260505|132140|20260505|1|SCOUGHLAN
100||194||PFQ|5453_TFO|TFIN|TFIN|TFIN|0|20260505|132140|20260505|1|SCOUGHLAN
100||194||PFQ|5453_UFL|UFSR|UFSR|UFSR|0|20260505|132140|20260505|1|SCOUGHLAN
100||194||PFQ|5453_UP1|UPSN|UPSN|UPSN|0|20260505|132140|20260505|1|SCOUGHLAN
100||194||PFQ|5453_UP2|UPSN|UPSN|UPSN|0|20260505|132140|20260505|1|SCOUGHLAN
100||194||PFQ|5453_UP3|UPSN|UPSN|UPSN|0|20260505|132140|20260505|1|SCOUGHLAN
100||194||PFQ|5453_UP4|UPSN|UPSN|UPSN|0|20260505|132140|20260505|1|SCOUGHLAN
100||194||PFQ|5453_UP5|UPSN|UPSN|UPSN|0|20260505|132140|20260505|1|SCOUGHLAN
100||194||PFQ|5453_UP6|UPSN|UPSN|UPSN|0|20260505|132140|20260505|1|SCOUGHLAN
100||194||PFQ|5453_UP7|UPSN|UPSN|UPSN|0|20260505|132140|20260505|1|SCOUGHLAN
100||194||PFQ|5453_UP8|UPSN|UPSN|UPSN|0|20260505|132140|20260505|1|SCOUGHLAN
100||194||PFQ|5453_UP9|UPSN|UPSN|UPSN|0|20260505|132140|20260505|1|SCOUGHLAN
100||194||PFQ|5453_US1|USPS|USPS|USPS|0|20260505|132140|20260505|1|SCOUGHLAN
100||194||PFQ|5453_US2|USPS|USPS|USPS|0|20260505|132140|20260505|1|SCOUGHLAN
100||194||PFQ|5453_UW1|UPSN|UPSN|UPSN|0|20260505|132140|20260505|1|SCOUGHLAN
100||194||PFQ|5453_UW2|UPSN|UPSN|UPSN|0|20260505|132140|20260505|1|SCOUGHLAN
100||194||PFQ|5453_UW3|UPSN|UPSN|UPSN|0|20260505|132140|20260505|1|SCOUGHLAN
100||194||PFQ|5453_VET|VXSL|VXSL|VXSL|0|20260505|132140|20260505|1|SCOUGHLAN
100||194||PFQ|5453_WRD|WWCY|WWCY|WWCY|0|20260505|132140|20260505|1|SCOUGHLAN
100||194||PFQ|5453_XPO|XPOC|XPOC|XPOC|0|20260505|132140|20260505|1|SCOUGHLAN
100||194||PFQ|596380|WoodlandToPFG@zephyr.swc.com|596380|596380|0|20260505|132139|20260505|1|SCOUGHLAN
100||194||PFQ|596380_AAA|AACT|AACT|AACT|0|20260505|132140|20260505|1|SCOUGHLAN
100||194||PFQ|596380_AAN|ABFL|ABFL|ABFL|0|20260505|132140|20260505|1|SCOUGHLAN
100||194||PFQ|596380_ABF|AYEM|AYEM|AYEM|0|20260505|132140|20260505|1|SCOUGHLAN
100||194||PFQ|596380_ADM|WHTX|WHTX|WHTX|0|20260505|132140|20260505|1|SCOUGHLAN
100||194||PFQ|596380_AMA|AMZR|AMZR|AMZR|0|20260505|132140|20260505|1|SCOUGHLAN
100||194||PFQ|596380_ARW|ATLA|ATLA|ATLA|0|20260505|132140|20260505|1|SCOUGHLAN
100||194||PFQ|596380_BER|BNKP|BNKP|BNKP|0|20260505|132140|20260505|1|SCOUGHLAN
100||194||PFQ|596380_BGL|BGLF|BGLF|BGLF|0|20260505|132140|20260505|1|SCOUGHLAN
100||194||PFQ|596380_BSR|BSEX|BSEX|BSEX|0|20260505|132140|20260505|1|SCOUGHLAN
100||194||PFQ|596380_C21|06|06|06|0|20260505|132139|20260505|1|SCOUGHLAN
100||194||PFQ|596380_C22|00|00|00|0|20260505|132139|20260505|1|SCOUGHLAN
100||194||PFQ|596380_CHR|CHR|CHR|CHR|0|20260505|132140|20260505|1|SCOUGHLAN
100||194||PFQ|596380_CNT|SSSX|SSSX|SSSX|0|20260505|132140|20260505|1|SCOUGHLAN
100||194||PFQ|596380_CPU|CPU|CPU|CPU|0|20260505|132140|20260505|1|SCOUGHLAN
100||194||PFQ|596380_CXI|CXIT|CXIT|CXIT|0|20260505|132140|20260505|1|SCOUGHLAN
100||194||PFQ|596380_DAY|DAFG|DAFG|DAFG|0|20260505|132140|20260505|1|SCOUGHLAN
100||194||PFQ|596380_DDE|DDXE|DDXE|DDXE|0|20260505|132140|20260505|1|SCOUGHLAN
100||194||PFQ|596380_DHL|DHLC|DHLC|DHLC|0|20260505|132140|20260505|1|SCOUGHLAN
100||194||PFQ|596380_DOH|DOHR|DOHR|DOHR|0|20260505|132140|20260505|1|SCOUGHLAN
100||194||PFQ|596380_DOT|DTNR|DTNR|DTNR|0|20260505|132140|20260505|1|SCOUGHLAN
100||194||PFQ|596380_DYL|DYLT|DYLT|DYLT|0|20260505|132140|20260505|1|SCOUGHLAN
100||194||PFQ|596380_EST|EXLW|EXLW|EXLW|0|20260505|132140|20260505|1|SCOUGHLAN
100||194||PFQ|596380_EVN|EWIQ|EWIQ|EWIQ|0|20260505|132140|20260505|1|SCOUGHLAN
100||194||PFQ|596380_FLE|FXFE|FXFE|FXFE|0|20260505|132140|20260505|1|SCOUGHLAN
100||194||PFQ|596380_FLP|FXNL|FXNL|FXNL|0|20260505|132140|20260505|1|SCOUGHLAN
100||194||PFQ|596380_FOA|FWDN|FWDN|FWDN|0|20260505|132140|20260505|1|SCOUGHLAN
100||194||PFQ|596380_FX1|FDEG|FDEG|FDEG|0|20260505|132140|20260505|1|SCOUGHLAN
100||194||PFQ|596380_FX2|FDEN|FDEN|FDEN|0|20260505|132140|20260505|1|SCOUGHLAN
100||194||PFQ|596380_FX3|FDEG|FDEG|FDEG|0|20260505|132140|20260505|1|SCOUGHLAN
100||194||PFQ|596380_FX4|FDEG|FDEG|FDEG|0|20260505|132140|20260505|1|SCOUGHLAN
100||194||PFQ|596380_FX5|FDEG|FDEG|FDEG|0|20260505|132140|20260505|1|SCOUGHLAN
100||194||PFQ|596380_FX6|FDEG|FDEG|FDEG|0|20260505|132140|20260505|1|SCOUGHLAN
100||194||PFQ|596380_FX7|FDEG|FDEG|FDEG|0|20260505|132140|20260505|1|SCOUGHLAN
100||194||PFQ|596380_FX8|FDEG|FDEG|FDEG|0|20260505|132140|20260505|1|SCOUGHLAN
100||194||PFQ|596380_GOL|GTJN|GTJN|GTJN|0|20260505|132140|20260505|1|SCOUGHLAN
100||194||PFQ|596380_HER|HTPA|HTPA|HTPA|0|20260505|132140|20260505|1|SCOUGHLAN
100||194||PFQ|596380_JFF|JFFF|JFFF|JFFF|0|20260505|132140|20260505|1|SCOUGHLAN
100||194||PFQ|596380_LTC|FXFE|FXFE|FXFE|0|20260505|132140|20260505|1|SCOUGHLAN
100||194||PFQ|596380_MAG|MULC|MULC|MULC|0|20260505|132140|20260505|1|SCOUGHLAN
100||194||PFQ|596380_MON|MONC|MONC|MONC|0|20260505|132140|20260505|1|SCOUGHLAN
100||194||PFQ|596380_ODF|OLDF|OLDF|OLDF|0|20260505|132140|20260505|1|SCOUGHLAN
100||194||PFQ|596380_OLD|OLDF|OLDF|OLDF|0|20260505|132140|20260505|1|SCOUGHLAN
100||194||PFQ|596380_POF|PYOE|PYOE|PYOE|0|20260505|132140|20260505|1|SCOUGHLAN
100||194||PFQ|596380_POL|POLT|POLT|POLT|0|20260505|132140|20260505|1|SCOUGHLAN
100||194||PFQ|596380_POP|PPTN|PPTN|PPTN|0|20260505|132140|20260505|1|SCOUGHLAN
100||194||PFQ|596380_RNL|R&L|R&L|R&L|0|20260505|132140|20260505|1|SCOUGHLAN
100||194||PFQ|596380_RNM|RNMR|RNMR|RNMR|0|20260505|132140|20260505|1|SCOUGHLAN
100||194||PFQ|596380_RRF|RTRR|RTRR|RTRR|0|20260505|132140|20260505|1|SCOUGHLAN
100||194||PFQ|596380_SAI|SAIA|SAIA|SAIA|0|20260505|132140|20260505|1|SCOUGHLAN
100||194||PFQ|596380_SPD|SDED|SDED|SDED|0|20260505|132140|20260505|1|SCOUGHLAN
100||194||PFQ|596380_SUT|SUTU|SUTU|SUTU|0|20260505|132140|20260505|1|SCOUGHLAN
100||194||PFQ|596380_TCC|CTBV|CTBV|CTBV|0|20260505|132140|20260505|1|SCOUGHLAN
100||194||PFQ|596380_TFO|TFIN|TFIN|TFIN|0|20260505|132140|20260505|1|SCOUGHLAN
100||194||PFQ|596380_UFL|UFSR|UFSR|UFSR|0|20260505|132140|20260505|1|SCOUGHLAN
100||194||PFQ|596380_UP1|UPSN|UPSN|UPSN|0|20260505|132140|20260505|1|SCOUGHLAN
100||194||PFQ|596380_UP2|UPSN|UPSN|UPSN|0|20260505|132140|20260505|1|SCOUGHLAN
100||194||PFQ|596380_UP3|UPSN|UPSN|UPSN|0|20260505|132140|20260505|1|SCOUGHLAN
100||194||PFQ|596380_UP4|UPSN|UPSN|UPSN|0|20260505|132140|20260505|1|SCOUGHLAN
100||194||PFQ|596380_UP5|UPSN|UPSN|UPSN|0|20260505|132140|20260505|1|SCOUGHLAN
100||194||PFQ|596380_UP6|UPSN|UPSN|UPSN|0|20260505|132140|20260505|1|SCOUGHLAN
100||194||PFQ|596380_UP7|UPSN|UPSN|UPSN|0|20260505|132140|20260505|1|SCOUGHLAN
100||194||PFQ|596380_UP8|UPSN|UPSN|UPSN|0|20260505|132140|20260505|1|SCOUGHLAN
100||194||PFQ|596380_UP9|UPSN|UPSN|UPSN|0|20260505|132140|20260505|1|SCOUGHLAN
100||194||PFQ|596380_US1|USPS|USPS|USPS|0|20260505|132140|20260505|1|SCOUGHLAN
100||194||PFQ|596380_US2|USPS|USPS|USPS|0|20260505|132140|20260505|1|SCOUGHLAN
100||194||PFQ|596380_UW1|UPSN|UPSN|UPSN|0|20260505|132140|20260505|1|SCOUGHLAN
100||194||PFQ|596380_UW2|UPSN|UPSN|UPSN|0|20260505|132140|20260505|1|SCOUGHLAN
100||194||PFQ|596380_UW3|UPSN|UPSN|UPSN|0|20260505|132140|20260505|1|SCOUGHLAN
100||194||PFQ|596380_VET|VXSL|VXSL|VXSL|0|20260505|132140|20260505|1|SCOUGHLAN
100||194||PFQ|596380_WRD|WWCY|WWCY|WWCY|0|20260505|132140|20260505|1|SCOUGHLAN
100||194||PFQ|596380_XPO|XPOC|XPOC|XPOC|0|20260505|132140|20260505|1|SCOUGHLAN
100||194||PFQ|6287|WoodlandToShamrock@zephyr.swc.com|6287|6287|0|20260505|132139|20260505|1|SCOUGHLAN
100||194||PFQ|71567|WoodlandToGFS@zephyr.swc.com|71567|71567|0|20260505|132139|20260505|1|SCOUGHLAN
100||194||PFQ|83509|WoodlandToFDirect@zephyr.swc.com|83509|83509|0|20260505|132139|20260505|1|SCOUGHLAN
100||194||PFQ|83509_AAA|AAA Cooper|AAA Cooper|AAA Cooper|0|20260505|132140|20260505|1|SCOUGHLAN
100||194||PFQ|83509_AAN|AANDB Freight|AANDB Freight|AANDB Freight|0|20260505|132140|20260505|1|SCOUGHLAN
100||194||PFQ|83509_ABF|ABF Freight System|83509_ABF|83509_ABF|0|20260505|132140|20260505|1|SCOUGHLAN
100||194||PFQ|83509_ADM|ADM|ADM|ADM|0|20260505|132140|20260505|1|SCOUGHLAN
100||194||PFQ|83509_AMA|Amazon|Amazon|Amazon|0|20260505|132140|20260505|1|SCOUGHLAN
100||194||PFQ|83509_ARW|Arrow|Arrow|Arrow|0|20260505|132140|20260505|1|SCOUGHLAN
100||194||PFQ|83509_BER|Bernick|Bernick|Bernick|0|20260505|132140|20260505|1|SCOUGHLAN
100||194||PFQ|83509_BGL|Blue Grace Logistics|83509_BGL|83509_BGL|0|20260505|132140|20260505|1|SCOUGHLAN
100||194||PFQ|83509_BSR|Badger State|Badger State|Badger State|0|20260505|132140|20260505|1|SCOUGHLAN
100||194||PFQ|83509_C21|00|00|00|0|20260505|132139|20260505|1|SCOUGHLAN
100||194||PFQ|83509_C22|00|00|00|0|20260505|132139|20260505|1|SCOUGHLAN
100||194||PFQ|83509_CHR|CH Robinson|CH Robinson|CH Robinson|0|20260505|132140|20260505|1|SCOUGHLAN
100||194||PFQ|83509_CNT|Central Transportation|83509_CNT|83509_CNT|0|20260505|132140|20260505|1|SCOUGHLAN
100||194||PFQ|83509_CPU|Customer Pick Up|83509_CPU|83509_CPU|0|20260505|132140|20260505|1|SCOUGHLAN
100||194||PFQ|83509_CXI|CXI Trucking|CXI Trucking|CXI Trucking|0|20260505|132140|20260505|1|SCOUGHLAN
100||194||PFQ|83509_DAY|Dayton|Dayton|Dayton|0|20260505|132140|20260505|1|SCOUGHLAN
100||194||PFQ|83509_DDE|Double D Express|83509_DDE|83509_DDE|0|20260505|132140|20260505|1|SCOUGHLAN
100||194||PFQ|83509_DHL|DHL|DHL|DHL|0|20260505|132140|20260505|1|SCOUGHLAN
100||194||PFQ|83509_DOH|Dohrn|Dohrn|Dohrn|0|20260505|132140|20260505|1|SCOUGHLAN
100||194||PFQ|83509_DOT|DOT|DOT|DOT|0|20260505|132140|20260505|1|SCOUGHLAN
100||194||PFQ|83509_DYL|Daylight|Daylight|Daylight|0|20260505|132140|20260505|1|SCOUGHLAN
100||194||PFQ|83509_EST|Estes|Estes|Estes|0|20260505|132140|20260505|1|SCOUGHLAN
100||194||PFQ|83509_EVN|Evans|Evans|Evans|0|20260505|132140|20260505|1|SCOUGHLAN
100||194||PFQ|83509_FLE|FedEx LTL Economy|83509_FLE|83509_FLE|0|20260505|132140|20260505|1|SCOUGHLAN
100||194||PFQ|83509_FLP|FedEx LTL Priority|83509_FLP|83509_FLP|0|20260505|132140|20260505|1|SCOUGHLAN
100||194||PFQ|83509_FOA|Forward Air|Forward Air|Forward Air|0|20260505|132140|20260505|1|SCOUGHLAN
100||194||PFQ|83509_FX1|FX Ground|FX Ground|FX Ground|0|20260505|132140|20260505|1|SCOUGHLAN
100||194||PFQ|83509_FX2|FX Express SVR|FX Express SVR|FX Express SVR|0|20260505|132140|20260505|1|SCOUGHLAN
100||194||PFQ|83509_FX3|FX 2 Day|FX 2 Day|FX 2 Day|0|20260505|132140|20260505|1|SCOUGHLAN
100||194||PFQ|83509_FX4|FX Standard O/N|FX Standard O/N|FX Standard O/N|0|20260505|132140|20260505|1|SCOUGHLAN
100||194||PFQ|83509_FX5|FX Priority O/N|FX Priority O/N|FX Priority O/N|0|20260505|132140|20260505|1|SCOUGHLAN
100||194||PFQ|83509_FX6|FX Intl Economy|FX Intl Economy|FX Intl Economy|0|20260505|132140|20260505|1|SCOUGHLAN
100||194||PFQ|83509_FX7|FX Multi-Weight|FX Multi-Weight|FX Multi-Weight|0|20260505|132140|20260505|1|SCOUGHLAN
100||194||PFQ|83509_FX8|FX Domestic Economy|83509_FX8|83509_FX8|0|20260505|132140|20260505|1|SCOUGHLAN
100||194||PFQ|83509_GOL|Go2 Logistics|Go2 Logistics|Go2 Logistics|0|20260505|132140|20260505|1|SCOUGHLAN
100||194||PFQ|83509_HER|Hercules|Hercules|Hercules|0|20260505|132140|20260505|1|SCOUGHLAN
100||194||PFQ|83509_JFF|Jeff's Fast Freight|83509_JFF|83509_JFF|0|20260505|132140|20260505|1|SCOUGHLAN
100||194||PFQ|83509_LTC|LTL-COLLECT|LTL-COLLECT|LTL-COLLECT|0|20260505|132140|20260505|1|SCOUGHLAN
100||194||PFQ|83509_MAG|Magnum|Magnum|Magnum|0|20260505|132140|20260505|1|SCOUGHLAN
100||194||PFQ|83509_MON|Monroe|Monroe|Monroe|0|20260505|132140|20260505|1|SCOUGHLAN
100||194||PFQ|83509_ODF|Old Dominion Freight Line|83509_ODF|83509_ODF|0|20260505|132140|20260505|1|SCOUGHLAN
100||194||PFQ|83509_OLD|Old Dominion|Old Dominion|Old Dominion|0|20260505|132140|20260505|1|SCOUGHLAN
100||194||PFQ|83509_POF|Priority One|Priority One|Priority One|0|20260505|132140|20260505|1|SCOUGHLAN
100||194||PFQ|83509_POL|Polaris|Polaris|Polaris|0|20260505|132140|20260505|1|SCOUGHLAN
100||194||PFQ|83509_POP|Pope|Pope|Pope|0|20260505|132140|20260505|1|SCOUGHLAN
100||194||PFQ|83509_RNL|R&L Carriers|R&L Carriers|R&L Carriers|0|20260505|132140|20260505|1|SCOUGHLAN
100||194||PFQ|83509_RNM|R & M|R & M|R & M|0|20260505|132140|20260505|1|SCOUGHLAN
100||194||PFQ|83509_RRF|Roadrunner|Roadrunner|Roadrunner|0|20260505|132140|20260505|1|SCOUGHLAN
100||194||PFQ|83509_SAI|SAIA Motor Freight Line|83509_SAI|83509_SAI|0|20260505|132140|20260505|1|SCOUGHLAN
100||194||PFQ|83509_SPD|Spee Dee|Spee Dee|Spee Dee|0|20260505|132140|20260505|1|SCOUGHLAN
100||194||PFQ|83509_SUT|Sutton|Sutton|Sutton|0|20260505|132140|20260505|1|SCOUGHLAN
100||194||PFQ|83509_TCC|The Custom Company|83509_TCC|83509_TCC|0|20260505|132140|20260505|1|SCOUGHLAN
100||194||PFQ|83509_TFO|T-Force|T-Force|T-Force|0|20260505|132140|20260505|1|SCOUGHLAN
100||194||PFQ|83509_UFL|Ulitmate Freight|83509_UFL|83509_UFL|0|20260505|132140|20260505|1|SCOUGHLAN
100||194||PFQ|83509_UP1|UPS Ground|UPS Ground|UPS Ground|0|20260505|132140|20260505|1|SCOUGHLAN
100||194||PFQ|83509_UP2|UPS 3 Day|UPS 3 Day|UPS 3 Day|0|20260505|132140|20260505|1|SCOUGHLAN
100||194||PFQ|83509_UP3|UPS Blue|UPS Blue|UPS Blue|0|20260505|132140|20260505|1|SCOUGHLAN
100||194||PFQ|83509_UP4|UPS Blue AM|UPS Blue AM|UPS Blue AM|0|20260505|132140|20260505|1|SCOUGHLAN
100||194||PFQ|83509_UP5|UPS Red Saver|UPS Red Saver|UPS Red Saver|0|20260505|132140|20260505|1|SCOUGHLAN
100||194||PFQ|83509_UP6|UPS Red|UPS Red|UPS Red|0|20260505|132140|20260505|1|SCOUGHLAN
100||194||PFQ|83509_UP7|UPS Red AM|UPS Red AM|UPS Red AM|0|20260505|132140|20260505|1|SCOUGHLAN
100||194||PFQ|83509_UP8|UPS Worldease|UPS Worldease|UPS Worldease|0|20260505|132140|20260505|1|SCOUGHLAN
100||194||PFQ|83509_UP9|UPS GFP|UPS GFP|UPS GFP|0|20260505|132140|20260505|1|SCOUGHLAN
100||194||PFQ|83509_US1|USPS First-Class Package|83509_US1|83509_US1|0|20260505|132140|20260505|1|SCOUGHLAN
100||194||PFQ|83509_US2|USPS Priority Mail|83509_US2|83509_US2|0|20260505|132140|20260505|1|SCOUGHLAN
100||194||PFQ|83509_UW1|UPS Worldwide Express|83509_UW1|83509_UW1|0|20260505|132140|20260505|1|SCOUGHLAN
100||194||PFQ|83509_UW2|UPS Worldwide Expedited|83509_UW2|83509_UW2|0|20260505|132140|20260505|1|SCOUGHLAN
100||194||PFQ|83509_UW3|UPS Worldwide Saver|83509_UW3|83509_UW3|0|20260505|132140|20260505|1|SCOUGHLAN
100||194||PFQ|83509_VET|Veterans|Veterans|Veterans|0|20260505|132140|20260505|1|SCOUGHLAN
100||194||PFQ|83509_WRD|Ward|Ward|Ward|0|20260505|132140|20260505|1|SCOUGHLAN
100||194||PFQ|83509_XPO|XPO Logistics Freight Inc|83509_XPO|83509_XPO|0|20260505|132140|20260505|1|SCOUGHLAN
100||194||PFQ|9718|WoodlandToShamrock@zephyr.swc.com|9718|9718|0|20260505|132139|20260505|1|SCOUGHLAN
100||194||PFQ|AAA|AAA Cooper|AAA Cooper|AAA Cooper|0|20260505|132140|20260505|1|SCOUGHLAN
100||194||PFQ|AAN|AANDB Freight|AANDB Freight|AANDB Freight|0|20260505|132140|20260505|1|SCOUGHLAN
100||194||PFQ|ABF|ABF Freight System|ABF|ABF|0|20260505|132140|20260505|1|SCOUGHLAN
100||194||PFQ|ADM|ADM|ADM|ADM|0|20260505|132140|20260505|1|SCOUGHLAN
100||194||PFQ|AMA|Amazon|Amazon|Amazon|0|20260505|132140|20260505|1|SCOUGHLAN
100||194||PFQ|ARW|Arrow|Arrow|Arrow|0|20260505|132140|20260505|1|SCOUGHLAN
100||194||PFQ|BER|Bernick|Bernick|Bernick|0|20260505|132140|20260505|1|SCOUGHLAN
100||194||PFQ|BGL|Blue Grace Logistics|BGL|BGL|0|20260505|132140|20260505|1|SCOUGHLAN
100||194||PFQ|BSR|Badger State|Badger State|Badger State|0|20260505|132140|20260505|1|SCOUGHLAN
100||194||PFQ|CHR|CH Robinson|CH Robinson|CH Robinson|0|20260505|132140|20260505|1|SCOUGHLAN
100||194||PFQ|CNT|Central Transportation|CNT|CNT|0|20260505|132140|20260505|1|SCOUGHLAN
100||194||PFQ|CPU|Customer Pick Up|CPU|CPU|0|20260505|132140|20260505|1|SCOUGHLAN
100||194||PFQ|CXI|CXI Trucking|CXI Trucking|CXI Trucking|0|20260505|132140|20260505|1|SCOUGHLAN
100||194||PFQ|DAY|Dayton|Dayton|Dayton|0|20260505|132140|20260505|1|SCOUGHLAN
100||194||PFQ|DDE|Double D Express|DDE|DDE|0|20260505|132140|20260505|1|SCOUGHLAN
100||194||PFQ|DHL|DHL|DHL|DHL|0|20260505|132140|20260505|1|SCOUGHLAN
100||194||PFQ|DOH|Dohrn|Dohrn|Dohrn|0|20260505|132140|20260505|1|SCOUGHLAN
100||194||PFQ|DOT|DOT|DOT|DOT|0|20260505|132140|20260505|1|SCOUGHLAN
100||194||PFQ|DYL|Daylight|Daylight|Daylight|0|20260505|132140|20260505|1|SCOUGHLAN
100||194||PFQ|EST|Estes|Estes|Estes|0|20260505|132140|20260505|1|SCOUGHLAN
100||194||PFQ|EVN|Evans|Evans|Evans|0|20260505|132140|20260505|1|SCOUGHLAN
100||194||PFQ|FLE|FedEx LTL Economy|FLE|FLE|0|20260505|132140|20260505|1|SCOUGHLAN
100||194||PFQ|FLP|FedEx LTL Priority|FLP|FLP|0|20260505|132140|20260505|1|SCOUGHLAN
100||194||PFQ|FOA|Forward Air|Forward Air|Forward Air|0|20260505|132140|20260505|1|SCOUGHLAN
100||194||PFQ|FX1|FX Ground|FX Ground|FX Ground|0|20260505|132140|20260505|1|SCOUGHLAN
100||194||PFQ|FX2|FX Express SVR|FX Express SVR|FX Express SVR|0|20260505|132140|20260505|1|SCOUGHLAN
100||194||PFQ|FX3|FX 2 Day|FX 2 Day|FX 2 Day|0|20260505|132140|20260505|1|SCOUGHLAN
100||194||PFQ|FX4|FX Standard O/N|FX Standard O/N|FX Standard O/N|0|20260505|132140|20260505|1|SCOUGHLAN
100||194||PFQ|FX5|FX Priority O/N|FX Priority O/N|FX Priority O/N|0|20260505|132140|20260505|1|SCOUGHLAN
100||194||PFQ|FX6|FX Intl Economy|FX Intl Economy|FX Intl Economy|0|20260505|132140|20260505|1|SCOUGHLAN
100||194||PFQ|FX7|FX Multi-Weight|FX Multi-Weight|FX Multi-Weight|0|20260505|132140|20260505|1|SCOUGHLAN
100||194||PFQ|FX8|FX Domestic Economy|FX8|FX8|0|20260505|132140|20260505|1|SCOUGHLAN
100||194||PFQ|GOL|Go2 Logistics|Go2 Logistics|Go2 Logistics|0|20260505|132140|20260505|1|SCOUGHLAN
100||194||PFQ|HER|Hercules|Hercules|Hercules|0|20260505|132140|20260505|1|SCOUGHLAN
100||194||PFQ|JFF|Jeff's Fast Freight|JFF|JFF|0|20260505|132140|20260505|1|SCOUGHLAN
100||194||PFQ|LTC|LTL-COLLECT|LTL-COLLECT|LTL-COLLECT|0|20260505|132140|20260505|1|SCOUGHLAN
100||194||PFQ|MAG|Magnum|Magnum|Magnum|0|20260505|132140|20260505|1|SCOUGHLAN
100||194||PFQ|MON|Monroe|Monroe|Monroe|0|20260505|132140|20260505|1|SCOUGHLAN
100||194||PFQ|ODF|Old Dominion Freight Line|ODF|ODF|0|20260505|132140|20260505|1|SCOUGHLAN
100||194||PFQ|OLD|Old Dominion|Old Dominion|Old Dominion|0|20260505|132140|20260505|1|SCOUGHLAN
100||194||PFQ|POF|Priority One|Priority One|Priority One|0|20260505|132140|20260505|1|SCOUGHLAN
100||194||PFQ|POL|Polaris|Polaris|Polaris|0|20260505|132140|20260505|1|SCOUGHLAN
100||194||PFQ|POP|Pope|Pope|Pope|0|20260505|132140|20260505|1|SCOUGHLAN
100||194||PFQ|RNL|R&L Carriers|R&L Carriers|R&L Carriers|0|20260505|132140|20260505|1|SCOUGHLAN
100||194||PFQ|RNM|R & M|R & M|R & M|0|20260505|132140|20260505|1|SCOUGHLAN
100||194||PFQ|RRF|Roadrunner|Roadrunner|Roadrunner|0|20260505|132140|20260505|1|SCOUGHLAN
100||194||PFQ|Y|C25|C25|C25|0|20260505|132139|20260505|1|SCOUGHLAN
100||195||PFQ|SAI|SAIA Motor Freight Line|SAI|SAI|0|20260505|132140|20260505|1|SCOUGHLAN
100||195||PFQ|SPD|Spee Dee|Spee Dee|Spee Dee|0|20260505|132140|20260505|1|SCOUGHLAN
100||195||PFQ|SUT|Sutton|Sutton|Sutton|0|20260505|132140|20260505|1|SCOUGHLAN
100||195||PFQ|TCC|The Custom Company|TCC|TCC|0|20260505|132140|20260505|1|SCOUGHLAN
100||195||PFQ|TFO|T-Force|T-Force|T-Force|0|20260505|132140|20260505|1|SCOUGHLAN
100||195||PFQ|UFL|Ulitmate Freight|UFL|UFL|0|20260505|132140|20260505|1|SCOUGHLAN
100||195||PFQ|UP1|UPS Ground|UPS Ground|UPS Ground|0|20260505|132140|20260505|1|SCOUGHLAN
100||195||PFQ|UP2|UPS 3 Day|UPS 3 Day|UPS 3 Day|0|20260505|132140|20260505|1|SCOUGHLAN
100||196||PFQ|139217_BOX25|CTN25|CTN25|CTN25|0|20260505|132140|20260505|1|SCOUGHLAN
100||196||PFQ|139217_C4CRT|CTN25|CTN25|CTN25|0|20260505|132140|20260505|1|SCOUGHLAN
100||196||PFQ|139217_CTN25|CTN25|CTN25|CTN25|0|20260505|132140|20260505|1|SCOUGHLAN
100||196||PFQ|139217_PALLET|PLT94|PLT94|PLT94|0|20260505|132140|20260505|1|SCOUGHLAN
100||196||PFQ|139217_PLT94|PLT94|PLT94|PLT94|0|20260505|132140|20260505|1|SCOUGHLAN
100||196||PFQ|139217_S-4936|CTN25|CTN25|CTN25|0|20260505|132141|20260505|1|SCOUGHLAN
100||196||PFQ|139217_SSCC|CTN25|CTN25|CTN25|0|20260505|132141|20260505|1|SCOUGHLAN
100||196||PFQ|139217_YA1|CTN25|CTN25|CTN25|0|20260505|132141|20260505|1|SCOUGHLAN
100||196||PFQ|139217_YA2|CTN25|CTN25|CTN25|0|20260505|132141|20260505|1|SCOUGHLAN
100||196||PFQ|139217_YB1|CTN25|CTN25|CTN25|0|20260505|132141|20260505|1|SCOUGHLAN
100||196||PFQ|139217_YC1|CTN25|CTN25|CTN25|0|20260505|132141|20260505|1|SCOUGHLAN
100||196||PFQ|139217_YC1R|CTN25|CTN25|CTN25|0|20260505|132141|20260505|1|SCOUGHLAN
100||196||PFQ|139217_YC25|CTN25|CTN25|CTN25|0|20260505|132141|20260505|1|SCOUGHLAN
100||196||PFQ|139217_YC25R|CTN25|CTN25|CTN25|0|20260505|132141|20260505|1|SCOUGHLAN
100||196||PFQ|139217_YC2R|CTN25|CTN25|CTN25|0|20260505|132141|20260505|1|SCOUGHLAN
100||196||PFQ|139217_YC3|CTN25|CTN25|CTN25|0|20260505|132141|20260505|1|SCOUGHLAN
100||196||PFQ|139217_YC3R|CTN25|CTN25|CTN25|0|20260505|132141|20260505|1|SCOUGHLAN
100||196||PFQ|139217_YDL1|CTN25|CTN25|CTN25|0|20260505|132141|20260505|1|SCOUGHLAN
100||196||PFQ|139217_YDM1|CTN25|CTN25|CTN25|0|20260505|132141|20260505|1|SCOUGHLAN
100||196||PFQ|139217_YDS1|CTN25|CTN25|CTN25|0|20260505|132141|20260505|1|SCOUGHLAN
100||196||PFQ|139217_YDXL1|CTN25|CTN25|CTN25|0|20260505|132141|20260505|1|SCOUGHLAN
100||196||PFQ|139217_YPAL|PLT94|PLT94|PLT94|0|20260505|132141|20260505|1|SCOUGHLAN
100||196||PFQ|139217_YPNBSA|PLT94|PLT94|PLT94|0|20260505|132141|20260505|1|SCOUGHLAN
100||196||PFQ|142145_BOX25|CTN25|CTN25|CTN25|0|20260505|132141|20260505|1|SCOUGHLAN
100||196||PFQ|142145_C4CRT|CTN25|CTN25|CTN25|0|20260505|132141|20260505|1|SCOUGHLAN
100||196||PFQ|142145_CTN25|CTN25|CTN25|CTN25|0|20260505|132141|20260505|1|SCOUGHLAN
100||196||PFQ|142145_PALLET|PLT94|PLT94|PLT94|0|20260505|132141|20260505|1|SCOUGHLAN
100||196||PFQ|142145_PLT94|PLT94|PLT94|PLT94|0|20260505|132141|20260505|1|SCOUGHLAN
100||196||PFQ|142145_S-4936|CTN25|CTN25|CTN25|0|20260505|132141|20260505|1|SCOUGHLAN
100||196||PFQ|142145_SSCC|CTN25|CTN25|CTN25|0|20260505|132141|20260505|1|SCOUGHLAN
100||196||PFQ|142145_YA1|CTN25|CTN25|CTN25|0|20260505|132141|20260505|1|SCOUGHLAN
100||196||PFQ|142145_YA2|CTN25|CTN25|CTN25|0|20260505|132141|20260505|1|SCOUGHLAN
100||196||PFQ|142145_YB1|CTN25|CTN25|CTN25|0|20260505|132141|20260505|1|SCOUGHLAN
100||196||PFQ|142145_YC1|CTN25|CTN25|CTN25|0|20260505|132141|20260505|1|SCOUGHLAN
100||196||PFQ|142145_YC1R|CTN25|CTN25|CTN25|0|20260505|132141|20260505|1|SCOUGHLAN
100||196||PFQ|142145_YC25|CTN25|CTN25|CTN25|0|20260505|132141|20260505|1|SCOUGHLAN
100||196||PFQ|142145_YC25R|CTN25|CTN25|CTN25|0|20260505|132141|20260505|1|SCOUGHLAN
100||196||PFQ|142145_YC2R|CTN25|CTN25|CTN25|0|20260505|132141|20260505|1|SCOUGHLAN
100||196||PFQ|142145_YC3|CTN25|CTN25|CTN25|0|20260505|132141|20260505|1|SCOUGHLAN
100||196||PFQ|142145_YC3R|CTN25|CTN25|CTN25|0|20260505|132141|20260505|1|SCOUGHLAN
100||196||PFQ|142145_YDL1|CTN25|CTN25|CTN25|0|20260505|132141|20260505|1|SCOUGHLAN
100||196||PFQ|142145_YDM1|CTN25|CTN25|CTN25|0|20260505|132141|20260505|1|SCOUGHLAN
100||196||PFQ|142145_YDS1|CTN25|CTN25|CTN25|0|20260505|132141|20260505|1|SCOUGHLAN
100||196||PFQ|142145_YDXL1|CTN25|CTN25|CTN25|0|20260505|132141|20260505|1|SCOUGHLAN
100||196||PFQ|142145_YPAL|PLT94|PLT94|PLT94|0|20260505|132141|20260505|1|SCOUGHLAN
100||196||PFQ|142145_YPNBSA|PLT94|PLT94|PLT94|0|20260505|132141|20260505|1|SCOUGHLAN
100||196||PFQ|26483_BOX25|CTN|CTN|CTN|0|20260505|132141|20260505|1|SCOUGHLAN
100||196||PFQ|26483_C4CRT|CTN|CTN|CTN|0|20260505|132141|20260505|1|SCOUGHLAN
100||196||PFQ|26483_CTN25|CTN|CTN|CTN|0|20260505|132141|20260505|1|SCOUGHLAN
100||196||PFQ|26483_PALLET|PLT|PLT|PLT|0|20260505|132141|20260505|1|SCOUGHLAN
100||196||PFQ|26483_PLT94|PLT|PLT|PLT|0|20260505|132141|20260505|1|SCOUGHLAN
100||196||PFQ|26483_S-4936|CTN|CTN|CTN|0|20260505|132141|20260505|1|SCOUGHLAN
100||196||PFQ|26483_SSCC|CTN|CTN|CTN|0|20260505|132141|20260505|1|SCOUGHLAN
100||196||PFQ|26483_YA1|CTN|CTN|CTN|0|20260505|132141|20260505|1|SCOUGHLAN
100||196||PFQ|26483_YA2|CTN|CTN|CTN|0|20260505|132141|20260505|1|SCOUGHLAN
100||196||PFQ|26483_YB1|CTN|CTN|CTN|0|20260505|132141|20260505|1|SCOUGHLAN
100||196||PFQ|26483_YC1|CTN|CTN|CTN|0|20260505|132141|20260505|1|SCOUGHLAN
100||196||PFQ|26483_YC1R|CTN|CTN|CTN|0|20260505|132141|20260505|1|SCOUGHLAN
100||196||PFQ|26483_YC25|CTN|CTN|CTN|0|20260505|132141|20260505|1|SCOUGHLAN
100||196||PFQ|26483_YC25R|CTN|CTN|CTN|0|20260505|132141|20260505|1|SCOUGHLAN
100||196||PFQ|26483_YC2R|CTN|CTN|CTN|0|20260505|132141|20260505|1|SCOUGHLAN
100||196||PFQ|26483_YC3|CTN|CTN|CTN|0|20260505|132141|20260505|1|SCOUGHLAN
100||196||PFQ|26483_YC3R|CTN|CTN|CTN|0|20260505|132141|20260505|1|SCOUGHLAN
100||196||PFQ|26483_YDL1|CTN|CTN|CTN|0|20260505|132141|20260505|1|SCOUGHLAN
100||196||PFQ|26483_YDM1|CTN|CTN|CTN|0|20260505|132141|20260505|1|SCOUGHLAN
100||196||PFQ|26483_YDS1|CTN|CTN|CTN|0|20260505|132141|20260505|1|SCOUGHLAN
100||196||PFQ|26483_YDXL1|CTN|CTN|CTN|0|20260505|132141|20260505|1|SCOUGHLAN
100||196||PFQ|26483_YPAL|PLT|PLT|PLT|0|20260505|132141|20260505|1|SCOUGHLAN
100||196||PFQ|26483_YPNBSA|PLT|PLT|PLT|0|20260505|132141|20260505|1|SCOUGHLAN
100||196||PFQ|511908_BOX25|BOX25|BOX25|BOX25|0|20260505|132141|20260505|1|SCOUGHLAN
100||196||PFQ|511908_C4CRT|BOX25|BOX25|BOX25|0|20260505|132141|20260505|1|SCOUGHLAN
100||196||PFQ|511908_CTN25|BOX25|BOX25|BOX25|0|20260505|132141|20260505|1|SCOUGHLAN
100||196||PFQ|511908_PALLET|PLT94|PLT94|PLT94|0|20260505|132141|20260505|1|SCOUGHLAN
100||196||PFQ|511908_PLT94|PLT94|PLT94|PLT94|0|20260505|132141|20260505|1|SCOUGHLAN
100||196||PFQ|511908_S-4936|BOX25|BOX25|BOX25|0|20260505|132141|20260505|1|SCOUGHLAN
100||196||PFQ|511908_SSCC|BOX25|BOX25|BOX25|0|20260505|132141|20260505|1|SCOUGHLAN
100||196||PFQ|511908_YA1|BOX25|BOX25|BOX25|0|20260505|132141|20260505|1|SCOUGHLAN
100||196||PFQ|511908_YA2|BOX25|BOX25|BOX25|0|20260505|132141|20260505|1|SCOUGHLAN
100||196||PFQ|511908_YB1|BOX25|BOX25|BOX25|0|20260505|132141|20260505|1|SCOUGHLAN
100||196||PFQ|511908_YC1|BOX25|BOX25|BOX25|0|20260505|132141|20260505|1|SCOUGHLAN
100||196||PFQ|511908_YC1R|BOX25|BOX25|BOX25|0|20260505|132141|20260505|1|SCOUGHLAN
100||196||PFQ|511908_YC25|BOX25|BOX25|BOX25|0|20260505|132141|20260505|1|SCOUGHLAN
100||196||PFQ|511908_YC25R|BOX25|BOX25|BOX25|0|20260505|132141|20260505|1|SCOUGHLAN
100||196||PFQ|511908_YC2R|BOX25|BOX25|BOX25|0|20260505|132141|20260505|1|SCOUGHLAN
100||196||PFQ|511908_YC3|BOX25|BOX25|BOX25|0|20260505|132141|20260505|1|SCOUGHLAN
100||196||PFQ|511908_YC3R|BOX25|BOX25|BOX25|0|20260505|132141|20260505|1|SCOUGHLAN
100||196||PFQ|511908_YDL1|BOX25|BOX25|BOX25|0|20260505|132141|20260505|1|SCOUGHLAN
100||196||PFQ|511908_YDM1|BOX25|BOX25|BOX25|0|20260505|132141|20260505|1|SCOUGHLAN
100||196||PFQ|511908_YDS1|BOX25|BOX25|BOX25|0|20260505|132141|20260505|1|SCOUGHLAN
100||196||PFQ|511908_YDXL1|BOX25|BOX25|BOX25|0|20260505|132141|20260505|1|SCOUGHLAN
100||196||PFQ|511908_YPAL|PLT94|PLT94|PLT94|0|20260505|132141|20260505|1|SCOUGHLAN
100||196||PFQ|511908_YPNBSA|PLT94|PLT94|PLT94|0|20260505|132141|20260505|1|SCOUGHLAN
100||196||PFQ|5453_BOX25|CTN25|CTN25|CTN25|0|20260505|132141|20260505|1|SCOUGHLAN
100||196||PFQ|5453_C4CRT|CTN25|CTN25|CTN25|0|20260505|132141|20260505|1|SCOUGHLAN
100||196||PFQ|5453_CTN25|CTN25|CTN25|CTN25|0|20260505|132141|20260505|1|SCOUGHLAN
100||196||PFQ|5453_PALLET|PLT94|PLT94|PLT94|0|20260505|132141|20260505|1|SCOUGHLAN
100||196||PFQ|5453_PLT94|PLT94|PLT94|PLT94|0|20260505|132141|20260505|1|SCOUGHLAN
100||196||PFQ|5453_S-4936|CTN25|CTN25|CTN25|0|20260505|132141|20260505|1|SCOUGHLAN
100||196||PFQ|5453_SSCC|CTN25|CTN25|CTN25|0|20260505|132141|20260505|1|SCOUGHLAN
100||196||PFQ|5453_YA1|CTN25|CTN25|CTN25|0|20260505|132141|20260505|1|SCOUGHLAN
100||196||PFQ|5453_YA2|CTN25|CTN25|CTN25|0|20260505|132141|20260505|1|SCOUGHLAN
100||196||PFQ|5453_YB1|CTN25|CTN25|CTN25|0|20260505|132141|20260505|1|SCOUGHLAN
100||196||PFQ|5453_YC1|CTN25|CTN25|CTN25|0|20260505|132141|20260505|1|SCOUGHLAN
100||196||PFQ|5453_YC1R|CTN25|CTN25|CTN25|0|20260505|132141|20260505|1|SCOUGHLAN
100||196||PFQ|5453_YC25|CTN25|CTN25|CTN25|0|20260505|132141|20260505|1|SCOUGHLAN
100||196||PFQ|5453_YC25R|CTN25|CTN25|CTN25|0|20260505|132141|20260505|1|SCOUGHLAN
100||196||PFQ|5453_YC2R|CTN25|CTN25|CTN25|0|20260505|132141|20260505|1|SCOUGHLAN
100||196||PFQ|5453_YC3|CTN25|CTN25|CTN25|0|20260505|132141|20260505|1|SCOUGHLAN
100||196||PFQ|5453_YC3R|CTN25|CTN25|CTN25|0|20260505|132141|20260505|1|SCOUGHLAN
100||196||PFQ|5453_YDL1|CTN25|CTN25|CTN25|0|20260505|132141|20260505|1|SCOUGHLAN
100||196||PFQ|5453_YDM1|CTN25|CTN25|CTN25|0|20260505|132141|20260505|1|SCOUGHLAN
100||196||PFQ|5453_YDS1|CTN25|CTN25|CTN25|0|20260505|132141|20260505|1|SCOUGHLAN
100||196||PFQ|5453_YDXL1|CTN25|CTN25|CTN25|0|20260505|132141|20260505|1|SCOUGHLAN
100||196||PFQ|5453_YPAL|PLT94|PLT94|PLT94|0|20260505|132141|20260505|1|SCOUGHLAN
100||196||PFQ|5453_YPNBSA|PLT94|PLT94|PLT94|0|20260505|132141|20260505|1|SCOUGHLAN
100||196||PFQ|596380_BOX25|CTN|CTN|CTN|0|20260505|132141|20260505|1|SCOUGHLAN
100||196||PFQ|596380_C4CRT|CTN|CTN|CTN|0|20260505|132141|20260505|1|SCOUGHLAN
100||196||PFQ|596380_CTN25|CTN|CTN|CTN|0|20260505|132141|20260505|1|SCOUGHLAN
100||196||PFQ|596380_PALLET|PLT|PLT|PLT|0|20260505|132141|20260505|1|SCOUGHLAN
100||196||PFQ|596380_PLT94|PLT|PLT|PLT|0|20260505|132141|20260505|1|SCOUGHLAN
100||196||PFQ|596380_S-4936|CTN|CTN|CTN|0|20260505|132141|20260505|1|SCOUGHLAN
100||196||PFQ|596380_SSCC|CTN|CTN|CTN|0|20260505|132141|20260505|1|SCOUGHLAN
100||196||PFQ|596380_YA1|CTN|CTN|CTN|0|20260505|132141|20260505|1|SCOUGHLAN
100||196||PFQ|596380_YA2|CTN|CTN|CTN|0|20260505|132141|20260505|1|SCOUGHLAN
100||196||PFQ|596380_YB1|CTN|CTN|CTN|0|20260505|132141|20260505|1|SCOUGHLAN
100||196||PFQ|596380_YC1|CTN|CTN|CTN|0|20260505|132141|20260505|1|SCOUGHLAN
100||196||PFQ|596380_YC1R|CTN|CTN|CTN|0|20260505|132141|20260505|1|SCOUGHLAN
100||196||PFQ|596380_YC25|CTN|CTN|CTN|0|20260505|132141|20260505|1|SCOUGHLAN
100||196||PFQ|596380_YC25R|CTN|CTN|CTN|0|20260505|132141|20260505|1|SCOUGHLAN
100||196||PFQ|596380_YC2R|CTN|CTN|CTN|0|20260505|132141|20260505|1|SCOUGHLAN
100||196||PFQ|596380_YC3|CTN|CTN|CTN|0|20260505|132141|20260505|1|SCOUGHLAN
100||196||PFQ|596380_YC3R|CTN|CTN|CTN|0|20260505|132141|20260505|1|SCOUGHLAN
100||196||PFQ|596380_YDL1|CTN|CTN|CTN|0|20260505|132141|20260505|1|SCOUGHLAN
100||196||PFQ|596380_YDM1|CTN|CTN|CTN|0|20260505|132141|20260505|1|SCOUGHLAN
100||196||PFQ|596380_YDS1|CTN|CTN|CTN|0|20260505|132141|20260505|1|SCOUGHLAN
100||196||PFQ|596380_YDXL1|CTN|CTN|CTN|0|20260505|132141|20260505|1|SCOUGHLAN
100||196||PFQ|596380_YPAL|PLT|PLT|PLT|0|20260505|132141|20260505|1|SCOUGHLAN
100||196||PFQ|596380_YPNBSA|PLT|PLT|PLT|0|20260505|132141|20260505|1|SCOUGHLAN
100||196||PFQ|6287_BOX25|CTN25|CTN25|CTN25|0|20260505|132141|20260505|1|SCOUGHLAN
100||196||PFQ|6287_C4CRT|CTN25|CTN25|CTN25|0|20260505|132141|20260505|1|SCOUGHLAN
100||196||PFQ|6287_CTN25|CTN25|CTN25|CTN25|0|20260505|132141|20260505|1|SCOUGHLAN
100||196||PFQ|6287_PALLET|PLT94|PLT94|PLT94|0|20260505|132141|20260505|1|SCOUGHLAN
100||196||PFQ|6287_PLT94|PLT94|PLT94|PLT94|0|20260505|132141|20260505|1|SCOUGHLAN
100||196||PFQ|6287_S-4936|CTN25|CTN25|CTN25|0|20260505|132141|20260505|1|SCOUGHLAN
100||196||PFQ|6287_SSCC|CTN25|CTN25|CTN25|0|20260505|132141|20260505|1|SCOUGHLAN
100||196||PFQ|6287_YA1|CTN25|CTN25|CTN25|0|20260505|132141|20260505|1|SCOUGHLAN
100||196||PFQ|6287_YA2|CTN25|CTN25|CTN25|0|20260505|132141|20260505|1|SCOUGHLAN
100||196||PFQ|6287_YB1|CTN25|CTN25|CTN25|0|20260505|132141|20260505|1|SCOUGHLAN
100||196||PFQ|6287_YC1|CTN25|CTN25|CTN25|0|20260505|132141|20260505|1|SCOUGHLAN
100||196||PFQ|6287_YC1R|CTN25|CTN25|CTN25|0|20260505|132141|20260505|1|SCOUGHLAN
100||196||PFQ|6287_YC25|CTN25|CTN25|CTN25|0|20260505|132141|20260505|1|SCOUGHLAN
100||196||PFQ|6287_YC25R|CTN25|CTN25|CTN25|0|20260505|132141|20260505|1|SCOUGHLAN
100||196||PFQ|6287_YC2R|CTN25|CTN25|CTN25|0|20260505|132141|20260505|1|SCOUGHLAN
100||196||PFQ|6287_YC3|CTN25|CTN25|CTN25|0|20260505|132141|20260505|1|SCOUGHLAN
100||196||PFQ|6287_YC3R|CTN25|CTN25|CTN25|0|20260505|132141|20260505|1|SCOUGHLAN
100||196||PFQ|6287_YDL1|CTN25|CTN25|CTN25|0|20260505|132141|20260505|1|SCOUGHLAN
100||196||PFQ|6287_YDM1|CTN25|CTN25|CTN25|0|20260505|132141|20260505|1|SCOUGHLAN
100||196||PFQ|6287_YDS1|CTN25|CTN25|CTN25|0|20260505|132141|20260505|1|SCOUGHLAN
100||196||PFQ|6287_YDXL1|CTN25|CTN25|CTN25|0|20260505|132141|20260505|1|SCOUGHLAN
100||196||PFQ|6287_YPAL|PLT94|PLT94|PLT94|0|20260505|132141|20260505|1|SCOUGHLAN
100||196||PFQ|6287_YPNBSA|PLT94|PLT94|PLT94|0|20260505|132141|20260505|1|SCOUGHLAN
100||196||PFQ|9718_BOX25|CTN25|CTN25|CTN25|0|20260505|132141|20260505|1|SCOUGHLAN
100||196||PFQ|9718_C4CRT|CTN25|CTN25|CTN25|0|20260505|132141|20260505|1|SCOUGHLAN
100||196||PFQ|9718_CTN25|CTN25|CTN25|CTN25|0|20260505|132141|20260505|1|SCOUGHLAN
100||196||PFQ|9718_PALLET|PLT94|PLT94|PLT94|0|20260505|132141|20260505|1|SCOUGHLAN
100||196||PFQ|9718_PLT94|PLT94|PLT94|PLT94|0|20260505|132141|20260505|1|SCOUGHLAN
100||196||PFQ|9718_S-4936|CTN25|CTN25|CTN25|0|20260505|132141|20260505|1|SCOUGHLAN
100||196||PFQ|9718_SSCC|CTN25|CTN25|CTN25|0|20260505|132141|20260505|1|SCOUGHLAN
100||196||PFQ|9718_YA1|CTN25|CTN25|CTN25|0|20260505|132141|20260505|1|SCOUGHLAN
100||196||PFQ|9718_YA2|CTN25|CTN25|CTN25|0|20260505|132141|20260505|1|SCOUGHLAN
100||196||PFQ|9718_YB1|CTN25|CTN25|CTN25|0|20260505|132141|20260505|1|SCOUGHLAN
100||196||PFQ|9718_YC1|CTN25|CTN25|CTN25|0|20260505|132141|20260505|1|SCOUGHLAN
100||196||PFQ|9718_YC1R|CTN25|CTN25|CTN25|0|20260505|132141|20260505|1|SCOUGHLAN
100||196||PFQ|9718_YC25|CTN25|CTN25|CTN25|0|20260505|132141|20260505|1|SCOUGHLAN
100||196||PFQ|9718_YC25R|CTN25|CTN25|CTN25|0|20260505|132141|20260505|1|SCOUGHLAN
100||196||PFQ|9718_YC2R|CTN25|CTN25|CTN25|0|20260505|132141|20260505|1|SCOUGHLAN
100||196||PFQ|9718_YC3|CTN25|CTN25|CTN25|0|20260505|132141|20260505|1|SCOUGHLAN
100||196||PFQ|9718_YC3R|CTN25|CTN25|CTN25|0|20260505|132141|20260505|1|SCOUGHLAN
100||196||PFQ|9718_YDL1|CTN25|CTN25|CTN25|0|20260505|132141|20260505|1|SCOUGHLAN
100||196||PFQ|9718_YDM1|CTN25|CTN25|CTN25|0|20260505|132141|20260505|1|SCOUGHLAN
100||196||PFQ|9718_YDS1|CTN25|CTN25|CTN25|0|20260505|132141|20260505|1|SCOUGHLAN
100||196||PFQ|9718_YDXL1|CTN25|CTN25|CTN25|0|20260505|132141|20260505|1|SCOUGHLAN
100||196||PFQ|9718_YPAL|PLT94|PLT94|PLT94|0|20260505|132141|20260505|1|SCOUGHLAN
100||196||PFQ|9718_YPNBSA|PLT94|PLT94|PLT94|0|20260505|132141|20260505|1|SCOUGHLAN
100||196||PFQ|B720|B720_Cooperative Advertising|B720|B720|0|20260505|132140|20260505|1|SCOUGHLAN
100||196||PFQ|C310|C310_Discount|C310_Discount|C310_Discount|0|20260505|132140|20260505|1|SCOUGHLAN
100||196||PFQ|D240|D240_Freight|D240_Freight|D240_Freight|0|20260505|132140|20260505|1|SCOUGHLAN
100||196||PFQ|D243|D240_Freight|D240_Freight|D240_Freight|0|20260505|132140|20260505|1|SCOUGHLAN
100||196||PFQ|D244|D240_Freight|D240_Freight|D240_Freight|0|20260505|132140|20260505|1|SCOUGHLAN
100||196||PFQ|F910|F910_Quantity Discount|F910|F910|0|20260505|132140|20260505|1|SCOUGHLAN
100||196||PFQ|H560|H560_Swell Allowance|H560|H560|0|20260505|132140|20260505|1|SCOUGHLAN
100||196||PFQ|LFRT|D240_Freight|D240_Freight|D240_Freight|0|20260505|132140|20260505|1|SCOUGHLAN
100||196||PFQ|UP3|UPS Blue|UPS Blue|UPS Blue|0|20260505|132140|20260505|1|SCOUGHLAN
100||196||PFQ|UP4|UPS Blue AM|UPS Blue AM|UPS Blue AM|0|20260505|132140|20260505|1|SCOUGHLAN
100||196||PFQ|UP5|UPS Red Saver|UPS Red Saver|UPS Red Saver|0|20260505|132140|20260505|1|SCOUGHLAN
100||196||PFQ|UP6|UPS Red|UPS Red|UPS Red|0|20260505|132140|20260505|1|SCOUGHLAN
100||196||PFQ|UP7|UPS Red AM|UPS Red AM|UPS Red AM|0|20260505|132140|20260505|1|SCOUGHLAN
100||196||PFQ|UP8|UPS Worldease|UPS Worldease|UPS Worldease|0|20260505|132140|20260505|1|SCOUGHLAN
100||196||PFQ|UP9|UPS GFP|UPS GFP|UPS GFP|0|20260505|132140|20260505|1|SCOUGHLAN
100||196||PFQ|US1|USPS First-Class Package|US1|US1|0|20260505|132140|20260505|1|SCOUGHLAN
100||196||PFQ|US2|USPS Priority Mail|US2|US2|0|20260505|132140|20260505|1|SCOUGHLAN
100||196||PFQ|UW1|UPS Worldwide Express|UW1|UW1|0|20260505|132140|20260505|1|SCOUGHLAN
100||196||PFQ|UW2|UPS Worldwide Expedited|UW2|UW2|0|20260505|132140|20260505|1|SCOUGHLAN
100||196||PFQ|UW3|UPS Worldwide Saver|UW3|UW3|0|20260505|132140|20260505|1|SCOUGHLAN
100||196||PFQ|VET|Veterans|Veterans|Veterans|0|20260505|132140|20260505|1|SCOUGHLAN
100||196||PFQ|WRD|Ward|Ward|Ward|0|20260505|132140|20260505|1|SCOUGHLAN
100||196||PFQ|XPO|XPO Logistics Freight Inc|XPO|XPO|0|20260505|132140|20260505|1|SCOUGHLAN
100||201||PFQ|BOX25|BOX|BOX|BOX|0|20260505|132141|20260505|1|SCOUGHLAN
100||201||PFQ|C4CRT|CTN|CTN|CTN|0|20260505|132141|20260505|1|SCOUGHLAN
100||201||PFQ|CTN25|CTN25|CTN25|CTN25|0|20260505|132141|20260505|1|SCOUGHLAN
100||201||PFQ|N|AMA|N|N|0|20260505|132134|20260505|1|SCOUGHLAN
100||201||PFQ|N|DHL|N|N|0|20260505|132134|20260505|1|SCOUGHLAN
100||201||PFQ|N|FX1|N|N|0|20260505|132134|20260505|1|SCOUGHLAN
100||201||PFQ|N|FX2|N|N|0|20260505|132134|20260505|1|SCOUGHLAN
100||201||PFQ|N|FX3|N|N|0|20260505|132134|20260505|1|SCOUGHLAN
100||201||PFQ|N|FX4|N|N|0|20260505|132134|20260505|1|SCOUGHLAN
100||201||PFQ|N|FX5|N|N|0|20260505|132134|20260505|1|SCOUGHLAN
100||201||PFQ|N|FX6|N|N|0|20260505|132134|20260505|1|SCOUGHLAN
100||201||PFQ|N|FX7|N|N|0|20260505|132134|20260505|1|SCOUGHLAN
100||201||PFQ|N|FX8|N|N|0|20260505|132134|20260505|1|SCOUGHLAN
100||201||PFQ|N|UP1|N|N|0|20260505|132134|20260505|1|SCOUGHLAN
100||201||PFQ|N|UP2|N|N|0|20260505|132134|20260505|1|SCOUGHLAN
100||201||PFQ|N|UP3|N|N|0|20260505|132134|20260505|1|SCOUGHLAN
100||201||PFQ|N|UP4|N|N|0|20260505|132134|20260505|1|SCOUGHLAN
100||201||PFQ|N|UP5|N|N|0|20260505|132134|20260505|1|SCOUGHLAN
100||201||PFQ|N|UP6|N|N|0|20260505|132134|20260505|1|SCOUGHLAN
100||201||PFQ|N|UP7|N|N|0|20260505|132134|20260505|1|SCOUGHLAN
100||201||PFQ|N|UP8|N|N|0|20260505|132134|20260505|1|SCOUGHLAN
100||201||PFQ|N|US1|N|N|0|20260505|132134|20260505|1|SCOUGHLAN
100||201||PFQ|N|US2|N|N|0|20260505|132134|20260505|1|SCOUGHLAN
100||201||PFQ|N|UW1|N|N|0|20260505|132134|20260505|1|SCOUGHLAN
100||201||PFQ|N|UW2|N|N|0|20260505|132134|20260505|1|SCOUGHLAN
100||201||PFQ|N|UW3|N|N|0|20260505|132134|20260505|1|SCOUGHLAN
100||201||PFQ|PALLET|PLT|PLT|PLT|0|20260505|132141|20260505|1|SCOUGHLAN
100||201||PFQ|PLT94|PLT94|PLT94|PLT94|0|20260505|132141|20260505|1|SCOUGHLAN
100||201||PFQ|S-4936|S-4936|S-4936|S-4936|0|20260505|132141|20260505|1|SCOUGHLAN
100||201||PFQ|SSCC|SSCC|SSCC|SSCC|0|20260505|132141|20260505|1|SCOUGHLAN
100||201||PFQ|YA1|BOX|BOX|BOX|0|20260505|132141|20260505|1|SCOUGHLAN
100||201||PFQ|YA2|BOX|BOX|BOX|0|20260505|132141|20260505|1|SCOUGHLAN
100||201||PFQ|YB1|BOX|BOX|BOX|0|20260505|132141|20260505|1|SCOUGHLAN
100||201||PFQ|YC1|BOX|BOX|BOX|0|20260505|132141|20260505|1|SCOUGHLAN
100||201||PFQ|YC1R|BOX|BOX|BOX|0|20260505|132141|20260505|1|SCOUGHLAN
100||201||PFQ|YC25|BOX|BOX|BOX|0|20260505|132141|20260505|1|SCOUGHLAN
100||201||PFQ|YC25R|BOX|BOX|BOX|0|20260505|132141|20260505|1|SCOUGHLAN
100||201||PFQ|YC2R|BOX|BOX|BOX|0|20260505|132141|20260505|1|SCOUGHLAN
100||201||PFQ|YC3|BOX|BOX|BOX|0|20260505|132141|20260505|1|SCOUGHLAN
100||201||PFQ|YC3R|BOX|BOX|BOX|0|20260505|132141|20260505|1|SCOUGHLAN
100||201||PFQ|YDL1|BOX|BOX|BOX|0|20260505|132141|20260505|1|SCOUGHLAN
100||201||PFQ|YDM1|BOX|BOX|BOX|0|20260505|132141|20260505|1|SCOUGHLAN
100||201||PFQ|YDS1|BOX|BOX|BOX|0|20260505|132141|20260505|1|SCOUGHLAN
100||201||PFQ|YDXL1|BOX|BOX|BOX|0|20260505|132141|20260505|1|SCOUGHLAN
100||201||PFQ|YPAL|PLT|PLT|PLT|0|20260505|132141|20260505|1|SCOUGHLAN
100||201||PFQ|YPNBSA|PLT|PLT|PLT|0|20260505|132141|20260505|1|SCOUGHLAN
100||204||PFQ|142318|142318|142318|142318|0|20260504|190935|20260504|1|SCOUGHLAN
100||204||PFQ|170169|170169|170169|170169|0|20260504|190935|20260504|1|SCOUGHLAN
100||204||PFQ|252495|252495|252495|252495|0|20260504|190935|20260504|1|SCOUGHLAN
100||204||PFQ|511908|511908|511908|511908|0|20260504|190935|20260504|1|SCOUGHLAN
100||204||PFQ|84363|84363|84363|84363|0|20260504|190935|20260504|1|SCOUGHLAN
100||204||PFQ|N|AMA|AMA|AMA|0|20260505|132141|20260505|1|SCOUGHLAN
100||204||PFQ|N|DHL|DHL|DHL|0|20260505|132141|20260505|1|SCOUGHLAN
100||204||PFQ|N|FX1|FX1|FX1|0|20260505|132141|20260505|1|SCOUGHLAN
100||204||PFQ|N|FX2|FX2|FX2|0|20260505|132141|20260505|1|SCOUGHLAN
100||204||PFQ|N|FX3|FX3|FX3|0|20260505|132141|20260505|1|SCOUGHLAN
100||207||PFQ|N|FX4|FX4|FX4|0|20260505|132141|20260505|1|SCOUGHLAN
100|500|60||PFQ|101734|0787405000000|0787405000000|0787405000000|0|20260504|220251|20260504|1|SCOUGHLAN
100|500|60||PFQ|1042|6207930670000|6207930670000|6207930670000|0|20260504|220251|20260504|1|SCOUGHLAN
100|500|60||PFQ|10813|038824876|038824876|038824876|0|20260504|220251|20260504|1|SCOUGHLAN
100|500|60||PFQ|116489|116489|116489|116489|0|20260504|220251|20260504|1|SCOUGHLAN
100|500|60||PFQ|11750|0353757570000|0353757570000|0353757570000|0|20260504|220251|20260504|1|SCOUGHLAN
100|500|60||PFQ|122712|122712|122712|122712|0|20260504|220251|20260504|1|SCOUGHLAN
100|500|60||PFQ|124833|113112861|113112861|113112861|0|20260504|220251|20260504|1|SCOUGHLAN
100|500|60||PFQ|137709|8092014110000|8092014110000|8092014110000|0|20260504|220251|20260504|1|SCOUGHLAN
100|500|60||PFQ|139182|139182|139182|139182|0|20260504|220251|20260504|1|SCOUGHLAN
100|500|60||PFQ|139217|0423707340006|0423707340006|0423707340006|0|20260504|220251|20260504|1|SCOUGHLAN
100|500|60||PFQ|139531|139531|139531|139531|0|20260504|220251|20260504|1|SCOUGHLAN
100|500|60||PFQ|140130|0079297480FHS|0079297480FHS|0079297480FHS|0|20260504|220251|20260504|1|SCOUGHLAN
100|500|60||PFQ|142145|0423707340001|0423707340001|0423707340001|0|20260504|220251|20260504|1|SCOUGHLAN
100|500|60||PFQ|142318|142318|142318|142318|0|20260504|220251|20260504|1|SCOUGHLAN
100|500|60||PFQ|142318|SUPPLIESFLY|SUPPLIESFLY|SUPPLIESFLY|0|20260504|220251|20260504|1|SCOUGHLAN
100|500|60||PFQ|142767|0534744210000|0534744210000|0534744210000|0|20260504|220251|20260504|1|SCOUGHLAN
100|500|60||PFQ|145487|7951404330000|7951404330000|7951404330000|0|20260504|220251|20260504|1|SCOUGHLAN
100|500|60||PFQ|15247|1229487500000|1229487500000|1229487500000|0|20260504|220251|20260504|1|SCOUGHLAN
100|500|60||PFQ|153320|153320|153320|153320|0|20260504|220251|20260504|1|SCOUGHLAN
100|500|60||PFQ|153322|153322|153322|153322|0|20260504|220251|20260504|1|SCOUGHLAN
100|500|60||PFQ|153549|153549|153549|153549|0|20260504|220251|20260504|1|SCOUGHLAN
100|500|60||PFQ|154053|0787361800000|0787361800000|0787361800000|0|20260504|220251|20260504|1|SCOUGHLAN
100|500|60||PFQ|154191|154191|154191|154191|0|20260504|220251|20260504|1|SCOUGHLAN
100|500|60||PFQ|170169|170169|170169|170169|0|20260504|220251|20260504|1|SCOUGHLAN
100|500|60||PFQ|17485|17485|17485|17485|0|20260504|220251|20260504|1|SCOUGHLAN
100|500|60||PFQ|180756|0794223490000|0794223490000|0794223490000|0|20260504|220251|20260504|1|SCOUGHLAN
100|500|60||PFQ|182822|8003602231|8003602231|8003602231|0|20260504|220251|20260504|1|SCOUGHLAN
100|500|60||PFQ|18868|79-244-2543|79-244-2543|79-244-2543|0|20260504|220251|20260504|1|SCOUGHLAN
100|500|60||PFQ|18997|0079297481FAQ|0079297481FAQ|0079297481FAQ|0|20260504|220251|20260504|1|SCOUGHLAN
100|500|60||PFQ|19093|0079297481FAM|0079297481FAM|0079297481FAM|0|20260504|220251|20260504|1|SCOUGHLAN
100|500|60||PFQ|21965|0403560600000|0403560600000|0403560600000|0|20260504|220251|20260504|1|SCOUGHLAN
100|500|60||PFQ|23637|0141881550000|0141881550000|0141881550000|0|20260504|220251|20260504|1|SCOUGHLAN
100|500|60||PFQ|241055|051957769|051957769|051957769|0|20260504|220251|20260504|1|SCOUGHLAN
100|500|60||PFQ|24316|0196614660000|0196614660000|0196614660000|0|20260504|220251|20260504|1|SCOUGHLAN
100|500|60||PFQ|245844|0791463240000|0791463240000|0791463240000|0|20260504|220251|20260504|1|SCOUGHLAN
100|500|60||PFQ|25020|0244147160000|0244147160000|0244147160000|0|20260504|220251|20260504|1|SCOUGHLAN
100|500|60||PFQ|25120|25120|25120|25120|0|20260504|220251|20260504|1|SCOUGHLAN
100|500|60||PFQ|252191|0064000980000|0064000980000|0064000980000|0|20260504|220251|20260504|1|SCOUGHLAN
100|500|60||PFQ|252495|252495|252495|252495|0|20260504|220251|20260504|1|SCOUGHLAN
100|500|60||PFQ|252495|Amazon_FBA|Amazon_FBA|Amazon_FBA|0|20260504|220251|20260504|1|SCOUGHLAN
100|500|60||PFQ|263391|0079297481FLR|0079297481FLR|0079297481FLR|0|20260504|220251|20260504|1|SCOUGHLAN
100|500|60||PFQ|26483|103391843|103391843|103391843|0|20260504|220251|20260504|1|SCOUGHLAN
100|500|60||PFQ|27707|27707|27707|27707|0|20260504|220251|20260504|1|SCOUGHLAN
100|500|60||PFQ|28131|0356123450000|0356123450000|0356123450000|0|20260504|220251|20260504|1|SCOUGHLAN
100|500|60||PFQ|287|0079943610000|0079943610000|0079943610000|0|20260504|220251|20260504|1|SCOUGHLAN
100|500|60||PFQ|288302|288302|288302|288302|0|20260504|220251|20260504|1|SCOUGHLAN
100|500|60||PFQ|28908|28908|28908|28908|0|20260504|220251|20260504|1|SCOUGHLAN
100|500|60||PFQ|29982|29982|29982|29982|0|20260504|220251|20260504|1|SCOUGHLAN
100|500|60||PFQ|304|0079297481FOK|0079297481FOK|0079297481FOK|0|20260504|220251|20260504|1|SCOUGHLAN
100|500|60||PFQ|312037|312037|312037|312037|0|20260504|220251|20260504|1|SCOUGHLAN
100|500|60||PFQ|3318|3318|3318|3318|0|20260504|220251|20260504|1|SCOUGHLAN
100|500|60||PFQ|36949|0446280680000|0446280680000|0446280680000|0|20260504|220251|20260504|1|SCOUGHLAN
100|500|60||PFQ|39604|0267963670000|0267963670000|0267963670000|0|20260504|220251|20260504|1|SCOUGHLAN
100|500|60||PFQ|401858|621418185|621418185|621418185|0|20260504|220251|20260504|1|SCOUGHLAN
100|500|60||PFQ|444|0315062020000|0315062020000|0315062020000|0|20260504|220251|20260504|1|SCOUGHLAN
100|500|60||PFQ|4720|4720|4720|4720|0|20260504|220251|20260504|1|SCOUGHLAN
100|500|60||PFQ|4764|0079297481FSA|0079297481FSA|0079297481FSA|0|20260504|220251|20260504|1|SCOUGHLAN
100|500|60||PFQ|511908|0083967000016|0083967000016|0083967000016|0|20260504|220251|20260504|1|SCOUGHLAN
100|500|60||PFQ|511908|511908|511908|511908|0|20260504|220251|20260504|1|SCOUGHLAN
100|500|60||PFQ|51525|0320580130000|0320580130000|0320580130000|0|20260504|220251|20260504|1|SCOUGHLAN
100|500|60||PFQ|52197|0790517230000|0790517230000|0790517230000|0|20260504|220251|20260504|1|SCOUGHLAN
100|500|60||PFQ|56562|0845674570000|0845674570000|0845674570000|0|20260504|220251|20260504|1|SCOUGHLAN
100|500|60||PFQ|588142|0000119207615|0000119207615|0000119207615|0|20260504|220251|20260504|1|SCOUGHLAN
100|500|60||PFQ|596380|PERFFOODSERVICE|PERFFOODSERVICE|PERFFOODSERVICE|0|20260504|220251|20260504|1|SCOUGHLAN
100|500|60||PFQ|6287|0423707340002|0423707340002|0423707340002|0|20260504|220251|20260504|1|SCOUGHLAN
100|500|60||PFQ|64503|153320|153320|153320|0|20260504|220251|20260504|1|SCOUGHLAN
100|500|60||PFQ|64503|64503|64503|64503|0|20260504|220251|20260504|1|SCOUGHLAN
100|500|60||PFQ|67054|0079297480FDF|0079297480FDF|0079297480FDF|0|20260504|220251|20260504|1|SCOUGHLAN
100|500|60||PFQ|6779|8065506040000|8065506040000|8065506040000|0|20260504|220251|20260504|1|SCOUGHLAN
100|500|60||PFQ|699|200699000|200699000|200699000|0|20260504|220251|20260504|1|SCOUGHLAN
100|500|60||PFQ|71567|0064000980000DR|0064000980000DR|0064000980000DR|0|20260504|220251|20260504|1|SCOUGHLAN
100|500|60||PFQ|73379|1434459350000|1434459350000|1434459350000|0|20260504|220251|20260504|1|SCOUGHLAN
100|500|60||PFQ|74076|2521335170360|2521335170360|2521335170360|0|20260504|220251|20260504|1|SCOUGHLAN
100|500|60||PFQ|74946|74946|74946|74946|0|20260504|220251|20260504|1|SCOUGHLAN
100|500|60||PFQ|7520|0588222890000|0588222890000|0588222890000|0|20260504|220251|20260504|1|SCOUGHLAN
100|500|60||PFQ|75654|1418835410000|1418835410000|1418835410000|0|20260504|220251|20260504|1|SCOUGHLAN
100|500|60||PFQ|77375|77375|77375|77375|0|20260504|220251|20260504|1|SCOUGHLAN
100|500|60||PFQ|77683|1124515340000|1124515340000|1124515340000|0|20260504|220251|20260504|1|SCOUGHLAN
100|500|60||PFQ|80019|1684664510000|1684664510000|1684664510000|0|20260504|220251|20260504|1|SCOUGHLAN
100|500|60||PFQ|80123|3619643280000|3619643280000|3619643280000|0|20260504|220251|20260504|1|SCOUGHLAN
100|500|60||PFQ|81463|2521335173205|2521335173205|2521335173205|0|20260504|220251|20260504|1|SCOUGHLAN
100|500|60||PFQ|82128|1598686240000|1598686240000|1598686240000|0|20260504|220251|20260504|1|SCOUGHLAN
100|500|60||PFQ|82211|6233404240000|6233404240000|6233404240000|0|20260504|220251|20260504|1|SCOUGHLAN
100|500|60||PFQ|83509|FRESHDIRECT|FRESHDIRECT|FRESHDIRECT|0|20260504|220251|20260504|1|SCOUGHLAN
100|500|60||PFQ|84101|9478184560000|9478184560000|9478184560000|0|20260504|220251|20260504|1|SCOUGHLAN
100|500|60||PFQ|84363|84363|84363|84363|0|20260504|220251|20260504|1|SCOUGHLAN
100|500|60||PFQ|84363|Amazon_FBM|Amazon_FBM|Amazon_FBM|0|20260504|220251|20260504|1|SCOUGHLAN
100|500|60||PFQ|85119|85119|85119|85119|0|20260504|220251|20260504|1|SCOUGHLAN
100|500|60||PFQ|8708|0530460250000|0530460250000|0530460250000|0|20260504|220251|20260504|1|SCOUGHLAN
100|500|60||PFQ|8710|1223609720000|1223609720000|1223609720000|0|20260504|220251|20260504|1|SCOUGHLAN
100|500|60||PFQ|8711|0981745920000|0981745920000|0981745920000|0|20260504|220251|20260504|1|SCOUGHLAN
100|500|60||PFQ|8712|8360573980000|8360573980000|8360573980000|0|20260504|220251|20260504|1|SCOUGHLAN
100|500|60||PFQ|8713|1577962510000|1577962510000|1577962510000|0|20260504|220251|20260504|1|SCOUGHLAN
100|500|60||PFQ|8715|0539452590000|0539452590000|0539452590000|0|20260504|220251|20260504|1|SCOUGHLAN
100|500|60||PFQ|8720|0237634510000|0237634510000|0237634510000|0|20260504|220251|20260504|1|SCOUGHLAN
100|500|60||PFQ|8721|0079702210000|0079702210000|0079702210000|0|20260504|220251|20260504|1|SCOUGHLAN
100|500|60||PFQ|8722|0079144350000|0079144350000|0079144350000|0|20260504|220251|20260504|1|SCOUGHLAN
100|500|60||PFQ|8723|9293238970000|9293238970000|9293238970000|0|20260504|220251|20260504|1|SCOUGHLAN
100|500|60||PFQ|8724|7969234490000|7969234490000|7969234490000|0|20260504|220251|20260504|1|SCOUGHLAN
100|500|60||PFQ|8726|9293239390000|9293239390000|9293239390000|0|20260504|220251|20260504|1|SCOUGHLAN
100|500|60||PFQ|8742|0149473600000|0149473600000|0149473600000|0|20260504|220251|20260504|1|SCOUGHLAN
100|500|60||PFQ|8744|0038556400000|0038556400000|0038556400000|0|20260504|220251|20260504|1|SCOUGHLAN
100|500|60||PFQ|8747|1123599220000|1123599220000|1123599220000|0|20260504|220251|20260504|1|SCOUGHLAN
100|500|60||PFQ|8748|0828519730000|0828519730000|0828519730000|0|20260504|220251|20260504|1|SCOUGHLAN
100|500|60||PFQ|8749|1030175700000|1030175700000|1030175700000|0|20260504|220251|20260504|1|SCOUGHLAN
100|500|60||PFQ|8750|8355689650000|8355689650000|8355689650000|0|20260504|220251|20260504|1|SCOUGHLAN
100|500|60||PFQ|8751|7991281520000|7991281520000|7991281520000|0|20260504|220251|20260504|1|SCOUGHLAN
100|500|60||PFQ|8753|7991272040000|7991272040000|7991272040000|0|20260504|220251|20260504|1|SCOUGHLAN
100|500|60||PFQ|8754|7991264200000|7991264200000|7991264200000|0|20260504|220251|20260504|1|SCOUGHLAN
100|500|60||PFQ|8755|1914465250000|1914465250000|1914465250000|0|20260504|220251|20260504|1|SCOUGHLAN
100|500|60||PFQ|8756|0517639690000|0517639690000|0517639690000|0|20260504|220251|20260504|1|SCOUGHLAN
100|500|60||PFQ|8759|7991261720000|7991261720000|7991261720000|0|20260504|220251|20260504|1|SCOUGHLAN
100|500|60||PFQ|8760|6173341720000|6173341720000|6173341720000|0|20260504|220251|20260504|1|SCOUGHLAN
100|500|60||PFQ|8761|1948450120000|1948450120000|1948450120000|0|20260504|220251|20260504|1|SCOUGHLAN
100|500|60||PFQ|8762|7990097820000|7990097820000|7990097820000|0|20260504|220251|20260504|1|SCOUGHLAN
100|500|60||PFQ|8763|0351385100000|0351385100000|0351385100000|0|20260504|220251|20260504|1|SCOUGHLAN
100|500|60||PFQ|8764|0663657840000|0663657840000|0663657840000|0|20260504|220251|20260504|1|SCOUGHLAN
100|500|60||PFQ|8767|0084264390000|0084264390000|0084264390000|0|20260504|220251|20260504|1|SCOUGHLAN
100|500|60||PFQ|8768|8051669640000|8051669640000|8051669640000|0|20260504|220251|20260504|1|SCOUGHLAN
100|500|60||PFQ|8770|8250729600000|8250729600000|8250729600000|0|20260504|220251|20260504|1|SCOUGHLAN
100|500|60||PFQ|8771|6227663760000|6227663760000|6227663760000|0|20260504|223627|20260504|1|SCOUGHLAN
100|500|60||PFQ|8772|8250728200000|8250728200000|8250728200000|0|20260504|223653|20260504|1|SCOUGHLAN
100|500|60||PFQ|8773|0995729920000|0995729920000|0995729920000|0|20260504|223700|20260504|1|SCOUGHLAN
100|500|60||PFQ|8775|6058393770000|6058393770000|6058393770000|0|20260504|223623|20260504|1|SCOUGHLAN
100|500|60||PFQ|8776|0069660300000|0069660300000|0069660300000|0|20260504|223700|20260504|1|SCOUGHLAN
100|500|60||PFQ|8777|7991262710000|7991262710000|7991262710000|0|20260504|223656|20260504|1|SCOUGHLAN
100|500|60||PFQ|8779|1542398000000|1542398000000|1542398000000|0|20260504|223641|20260504|1|SCOUGHLAN
100|500|60||PFQ|8784|0347996840000|0347996840000|0347996840000|0|20260504|223629|20260504|1|SCOUGHLAN
100|500|60||PFQ|9091|0591586340000|0591586340000|0591586340000|0|20260504|223628|20260504|1|SCOUGHLAN
100|500|60||PFQ|9197|7853277430000|7853277430000|7853277430000|0|20260504|223651|20260504|1|SCOUGHLAN
100|500|60||PFQ|9215|0528310470000|0528310470000|0528310470000|0|20260504|223711|20260504|1|SCOUGHLAN
100|500|60||PFQ|97006|016808323000|016808323000|016808323000|0|20260504|223659|20260504|1|SCOUGHLAN
100|500|60||PFQ|9718|0423707340004|0423707340004|0423707340004|0|20260504|223631|20260504|1|SCOUGHLAN
100|500|60||PFQ|MaxVolume|60|60|60|0|20260504|220251|20260504|1|SCOUGHLAN
100|500|60||PFQ|MaxWeight|2750|2750|2750|0|20260504|220251|20260504|1|SCOUGHLAN
100|500|60||PFQ|N|AMA|SkipDeliveryMet|SkipDeliveryMethod|0|20260504|220244|20260504|1|SCOUGHLAN
100|500|60||PFQ|N|DHL|SkipDeliveryMet|SkipDeliveryMethod|0|20260504|220244|20260504|1|SCOUGHLAN
100|500|60||PFQ|N|FX1|SkipDeliveryMet|SkipDeliveryMethod|0|20260504|220244|20260504|1|SCOUGHLAN
100|500|60||PFQ|N|FX2|SkipDeliveryMet|SkipDeliveryMethod|0|20260504|220244|20260504|1|SCOUGHLAN
100|500|60||PFQ|N|FX3|SkipDeliveryMet|SkipDeliveryMethod|0|20260504|220244|20260504|1|SCOUGHLAN
100|500|60||PFQ|N|FX4|SkipDeliveryMet|SkipDeliveryMethod|0|20260504|220244|20260504|1|SCOUGHLAN
100|500|60||PFQ|N|FX5|SkipDeliveryMet|SkipDeliveryMethod|0|20260504|220244|20260504|1|SCOUGHLAN
100|500|60||PFQ|N|FX6|SkipDeliveryMet|SkipDeliveryMethod|0|20260504|220244|20260504|1|SCOUGHLAN
100|500|60||PFQ|N|FX7|SkipDeliveryMet|SkipDeliveryMethod|0|20260504|220244|20260504|1|SCOUGHLAN
100|500|60||PFQ|N|FX8|SkipDeliveryMet|SkipDeliveryMethod|0|20260504|220244|20260504|1|SCOUGHLAN
100|500|60||PFQ|N|UP1|SkipDeliveryMet|SkipDeliveryMethod|0|20260504|220244|20260504|1|SCOUGHLAN
100|500|60||PFQ|N|UP2|SkipDeliveryMet|SkipDeliveryMethod|0|20260504|220244|20260504|1|SCOUGHLAN
100|500|60||PFQ|N|UP3|SkipDeliveryMet|SkipDeliveryMethod|0|20260504|220244|20260504|1|SCOUGHLAN
100|500|60||PFQ|N|UP4|SkipDeliveryMet|SkipDeliveryMethod|0|20260504|220244|20260504|1|SCOUGHLAN
100|500|60||PFQ|N|UP5|SkipDeliveryMet|SkipDeliveryMethod|0|20260504|220244|20260504|1|SCOUGHLAN
100|500|60||PFQ|N|UP6|SkipDeliveryMet|SkipDeliveryMethod|0|20260504|220244|20260504|1|SCOUGHLAN
100|500|60||PFQ|N|UP7|SkipDeliveryMet|SkipDeliveryMethod|0|20260504|220244|20260504|1|SCOUGHLAN
100|500|60||PFQ|N|UP8|SkipDeliveryMet|SkipDeliveryMethod|0|20260504|220244|20260504|1|SCOUGHLAN
100|500|60||PFQ|N|US1|SkipDeliveryMet|SkipDeliveryMethod|0|20260504|220244|20260504|1|SCOUGHLAN
100|500|60||PFQ|N|US2|SkipDeliveryMet|SkipDeliveryMethod|0|20260504|220244|20260504|1|SCOUGHLAN
100|500|60||PFQ|N|UW1|SkipDeliveryMet|SkipDeliveryMethod|0|20260504|220244|20260504|1|SCOUGHLAN
100|500|60||PFQ|N|UW2|SkipDeliveryMet|SkipDeliveryMethod|0|20260504|220244|20260504|1|SCOUGHLAN
100|500|60||PFQ|N|UW3|SkipDeliveryMet|SkipDeliveryMethod|0|20260504|220244|20260504|1|SCOUGHLAN
100|500|142||PFQ|C20|WFCOM|WFCOM|WFCOM|0|20260504|220244|20260504|1|SCOUGHLAN
100|500|142||PFQ|C21|0000119207615DR|0000119207615DR|0000119207615DR|0|20260504|220244|20260504|1|SCOUGHLAN
100|500|142||PFQ|C21|0000119207615DS|0000119207615DS|0000119207615DS|0|20260504|220244|20260504|1|SCOUGHLAN
100|500|142||PFQ|C21|001399054DR|001399054DR|001399054DR|0|20260504|220244|20260504|1|SCOUGHLAN
100|500|142||PFQ|C21|001399054DS|001399054DS|001399054DS|0|20260504|220244|20260504|1|SCOUGHLAN
100|500|142||PFQ|C21|0038556400000DR|0038556400000DR|0038556400000DR|0|20260504|220244|20260504|1|SCOUGHLAN
100|500|142||PFQ|C21|0038556400000DS|0038556400000DS|0038556400000DS|0|20260504|220244|20260504|1|SCOUGHLAN
100|500|142||PFQ|C21|0064000980000DR|0064000980000DR|0064000980000DR|0|20260504|220244|20260504|1|SCOUGHLAN
100|500|142||PFQ|C21|0064000980000DRDR|C21|C21|0|20260504|220244|20260504|1|SCOUGHLAN
100|500|142||PFQ|C21|0064000980000DRDS|C21|C21|0|20260504|220244|20260504|1|SCOUGHLAN
100|500|142||PFQ|C21|0064000980000DS|0064000980000DS|0064000980000DS|0|20260504|220244|20260504|1|SCOUGHLAN
100|500|142||PFQ|C21|0069660300000DR|0069660300000DR|0069660300000DR|0|20260504|220244|20260504|1|SCOUGHLAN
100|500|142||PFQ|C21|0069660300000DS|0069660300000DS|0069660300000DS|0|20260504|220244|20260504|1|SCOUGHLAN
100|500|142||PFQ|C21|006986483DR|006986483DR|006986483DR|0|20260504|220244|20260504|1|SCOUGHLAN
100|500|142||PFQ|C21|006986483DS|006986483DS|006986483DS|0|20260504|220244|20260504|1|SCOUGHLAN
100|500|142||PFQ|C21|0079144350000DR|0079144350000DR|0079144350000DR|0|20260504|220244|20260504|1|SCOUGHLAN
100|500|142||PFQ|C21|0079144350000DS|0079144350000DS|0079144350000DS|0|20260504|220244|20260504|1|SCOUGHLAN
100|500|142||PFQ|C21|0079297480FDFDR|0079297480FDFDR|0079297480FDFDR|0|20260504|220244|20260504|1|SCOUGHLAN
100|500|142||PFQ|C21|0079297480FDFDS|0079297480FDFDS|0079297480FDFDS|0|20260504|220244|20260504|1|SCOUGHLAN
100|500|142||PFQ|C21|0079297480FFLDR|0079297480FFLDR|0079297480FFLDR|0|20260504|220244|20260504|1|SCOUGHLAN
100|500|142||PFQ|C21|0079297480FFLDS|0079297480FFLDS|0079297480FFLDS|0|20260504|220244|20260504|1|SCOUGHLAN
100|500|142||PFQ|C21|0079297480FHSDR|0079297480FHSDR|0079297480FHSDR|0|20260504|220244|20260504|1|SCOUGHLAN
100|500|142||PFQ|C21|0079297480FHSDS|0079297480FHSDS|0079297480FHSDS|0|20260504|220244|20260504|1|SCOUGHLAN
100|500|142||PFQ|C21|0079297481FAMDR|0079297481FAMDR|0079297481FAMDR|0|20260504|220244|20260504|1|SCOUGHLAN
100|500|142||PFQ|C21|0079297481FAMDS|0079297481FAMDS|0079297481FAMDS|0|20260504|220244|20260504|1|SCOUGHLAN
100|500|142||PFQ|C21|0079297481FAQDR|0079297481FAQDR|0079297481FAQDR|0|20260504|220244|20260504|1|SCOUGHLAN
100|500|142||PFQ|C21|0079297481FAQDS|0079297481FAQDS|0079297481FAQDS|0|20260504|220244|20260504|1|SCOUGHLAN
100|500|142||PFQ|C21|0079297481FELDR|0079297481FELDR|0079297481FELDR|0|20260504|220244|20260504|1|SCOUGHLAN
100|500|142||PFQ|C21|0079297481FELDS|0079297481FELDS|0079297481FELDS|0|20260504|220244|20260504|1|SCOUGHLAN
100|500|142||PFQ|C21|0079297481FLRDR|0079297481FLRDR|0079297481FLRDR|0|20260504|220244|20260504|1|SCOUGHLAN
100|500|142||PFQ|C21|0079297481FLRDS|0079297481FLRDS|0079297481FLRDS|0|20260504|220244|20260504|1|SCOUGHLAN
100|500|142||PFQ|C21|0079297481FOKDR|0079297481FOKDR|0079297481FOKDR|0|20260504|220244|20260504|1|SCOUGHLAN
100|500|142||PFQ|C21|0079297481FOKDS|0079297481FOKDS|0079297481FOKDS|0|20260504|220244|20260504|1|SCOUGHLAN
100|500|142||PFQ|C21|0079297481FSADR|0079297481FSADR|0079297481FSADR|0|20260504|220244|20260504|1|SCOUGHLAN
100|500|142||PFQ|C21|0079297481FSADS|0079297481FSADS|0079297481FSADS|0|20260504|220244|20260504|1|SCOUGHLAN
100|500|142||PFQ|C21|0079702210000DR|0079702210000DR|0079702210000DR|0|20260504|220244|20260504|1|SCOUGHLAN
100|500|142||PFQ|C21|0079702210000DS|0079702210000DS|0079702210000DS|0|20260504|220244|20260504|1|SCOUGHLAN
100|500|142||PFQ|C21|0079943610000DR|0079943610000DR|0079943610000DR|0|20260504|220244|20260504|1|SCOUGHLAN
100|500|142||PFQ|C21|0079943610000DS|0079943610000DS|0079943610000DS|0|20260504|220244|20260504|1|SCOUGHLAN
100|500|142||PFQ|C21|0083967000016DR|0083967000016DR|0083967000016DR|0|20260504|220244|20260504|1|SCOUGHLAN
100|500|142||PFQ|C21|0083967000016DS|0083967000016DS|0083967000016DS|0|20260504|220244|20260504|1|SCOUGHLAN
100|500|142||PFQ|C21|0084264390000DR|0084264390000DR|0084264390000DR|0|20260504|220244|20260504|1|SCOUGHLAN
100|500|142||PFQ|C21|0084264390000DS|0084264390000DS|0084264390000DS|0|20260504|220244|20260504|1|SCOUGHLAN
100|500|142||PFQ|C21|011051369DR|011051369DR|011051369DR|0|20260504|220244|20260504|1|SCOUGHLAN
100|500|142||PFQ|C21|011051369DS|011051369DS|011051369DS|0|20260504|220244|20260504|1|SCOUGHLAN
100|500|142||PFQ|C21|0141881550000DR|0141881550000DR|0141881550000DR|0|20260504|220244|20260504|1|SCOUGHLAN
100|500|142||PFQ|C21|0141881550000DS|0141881550000DS|0141881550000DS|0|20260504|220244|20260504|1|SCOUGHLAN
100|500|142||PFQ|C21|0149473600000DR|0149473600000DR|0149473600000DR|0|20260504|220244|20260504|1|SCOUGHLAN
100|500|142||PFQ|C21|0149473600000DS|0149473600000DS|0149473600000DS|0|20260504|220244|20260504|1|SCOUGHLAN
100|500|142||PFQ|C21|016808323000DR|016808323000DR|016808323000DR|0|20260504|220244|20260504|1|SCOUGHLAN
100|500|142||PFQ|C21|016808323000DS|016808323000DS|016808323000DS|0|20260504|220244|20260504|1|SCOUGHLAN
100|500|142||PFQ|C21|0196614660000DR|0196614660000DR|0196614660000DR|0|20260504|220244|20260504|1|SCOUGHLAN
100|500|142||PFQ|C21|0196614660000DS|0196614660000DS|0196614660000DS|0|20260504|220244|20260504|1|SCOUGHLAN
100|500|142||PFQ|C21|0237634510000DR|0237634510000DR|0237634510000DR|0|20260504|220244|20260504|1|SCOUGHLAN
100|500|142||PFQ|C21|0237634510000DS|0237634510000DS|0237634510000DS|0|20260504|220244|20260504|1|SCOUGHLAN
100|500|142||PFQ|C21|0244147160000DR|0244147160000DR|0244147160000DR|0|20260504|220244|20260504|1|SCOUGHLAN
100|500|142||PFQ|C21|0244147160000DS|0244147160000DS|0244147160000DS|0|20260504|220244|20260504|1|SCOUGHLAN
100|500|142||PFQ|C21|0267963670000DR|0267963670000DR|0267963670000DR|0|20260504|220244|20260504|1|SCOUGHLAN
100|500|142||PFQ|C21|0267963670000DS|0267963670000DS|0267963670000DS|0|20260504|220244|20260504|1|SCOUGHLAN
100|500|142||PFQ|C21|0315062020000DR|0315062020000DR|0315062020000DR|0|20260504|220244|20260504|1|SCOUGHLAN
100|500|142||PFQ|C21|0315062020000DS|0315062020000DS|0315062020000DS|0|20260504|220244|20260504|1|SCOUGHLAN
100|500|142||PFQ|C21|031859650DR|031859650DR|031859650DR|0|20260504|220244|20260504|1|SCOUGHLAN
100|500|142||PFQ|C21|031859650DS|031859650DS|031859650DS|0|20260504|220244|20260504|1|SCOUGHLAN
100|500|142||PFQ|C21|0320580130000DR|0320580130000DR|0320580130000DR|0|20260504|220244|20260504|1|SCOUGHLAN
100|500|142||PFQ|C21|0320580130000DS|0320580130000DS|0320580130000DS|0|20260504|220244|20260504|1|SCOUGHLAN
100|500|142||PFQ|C21|0347996840000DR|0347996840000DR|0347996840000DR|0|20260504|220244|20260504|1|SCOUGHLAN
100|500|142||PFQ|C21|0347996840000DS|0347996840000DS|0347996840000DS|0|20260504|220244|20260504|1|SCOUGHLAN
100|500|142||PFQ|C21|0351385100000DR|0351385100000DR|0351385100000DR|0|20260504|220244|20260504|1|SCOUGHLAN
100|500|142||PFQ|C21|0351385100000DS|0351385100000DS|0351385100000DS|0|20260504|220244|20260504|1|SCOUGHLAN
100|500|142||PFQ|C21|0353757570000DR|0353757570000DR|0353757570000DR|0|20260504|220244|20260504|1|SCOUGHLAN
100|500|142||PFQ|C21|0353757570000DS|0353757570000DS|0353757570000DS|0|20260504|220244|20260504|1|SCOUGHLAN
100|500|142||PFQ|C21|0356123450000DR|0356123450000DR|0356123450000DR|0|20260504|220244|20260504|1|SCOUGHLAN
100|500|142||PFQ|C21|0356123450000DS|0356123450000DS|0356123450000DS|0|20260504|220244|20260504|1|SCOUGHLAN
100|500|142||PFQ|C21|038824876DR|038824876DR|038824876DR|0|20260504|220244|20260504|1|SCOUGHLAN
100|500|142||PFQ|C21|038824876DS|038824876DS|038824876DS|0|20260504|220244|20260504|1|SCOUGHLAN
100|500|142||PFQ|C21|0403560600000DR|0403560600000DR|0403560600000DR|0|20260504|220244|20260504|1|SCOUGHLAN
100|500|142||PFQ|C21|0403560600000DS|0403560600000DS|0403560600000DS|0|20260504|220244|20260504|1|SCOUGHLAN
100|500|142||PFQ|C21|0423707340001DR|0423707340001DR|0423707340001DR|0|20260504|220244|20260504|1|SCOUGHLAN
100|500|142||PFQ|C21|0423707340001DS|0423707340001DS|0423707340001DS|0|20260504|220244|20260504|1|SCOUGHLAN
100|500|142||PFQ|C21|0423707340002DR|0423707340002DR|0423707340002DR|0|20260504|220244|20260504|1|SCOUGHLAN
100|500|142||PFQ|C21|0423707340002DS|0423707340002DS|0423707340002DS|0|20260504|220244|20260504|1|SCOUGHLAN
100|500|142||PFQ|C21|0423707340004DR|0423707340004DR|0423707340004DR|0|20260504|220244|20260504|1|SCOUGHLAN
100|500|142||PFQ|C21|0423707340004DS|0423707340004DS|0423707340004DS|0|20260504|220244|20260504|1|SCOUGHLAN
100|500|142||PFQ|C21|0423707340006DR|0423707340006DR|0423707340006DR|0|20260504|220244|20260504|1|SCOUGHLAN
100|500|142||PFQ|C21|0423707340006DS|0423707340006DS|0423707340006DS|0|20260504|220244|20260504|1|SCOUGHLAN
100|500|142||PFQ|C21|0446280680000DR|0446280680000DR|0446280680000DR|0|20260504|220244|20260504|1|SCOUGHLAN
100|500|142||PFQ|C21|0446280680000DS|0446280680000DS|0446280680000DS|0|20260504|220244|20260504|1|SCOUGHLAN
100|500|142||PFQ|C21|0517639690000DR|0517639690000DR|0517639690000DR|0|20260504|220244|20260504|1|SCOUGHLAN
100|500|142||PFQ|C21|0517639690000DS|0517639690000DS|0517639690000DS|0|20260504|220244|20260504|1|SCOUGHLAN
100|500|142||PFQ|C21|052129129DR|052129129DR|052129129DR|0|20260504|220244|20260504|1|SCOUGHLAN
100|500|142||PFQ|C21|052129129DS|052129129DS|052129129DS|0|20260504|220245|20260504|1|SCOUGHLAN
100|500|142||PFQ|C21|0528310470000DR|0528310470000DR|0528310470000DR|0|20260504|220245|20260504|1|SCOUGHLAN
100|500|142||PFQ|C21|0528310470000DS|0528310470000DS|0528310470000DS|0|20260504|220245|20260504|1|SCOUGHLAN
100|500|142||PFQ|C21|0530460250000DR|0530460250000DR|0530460250000DR|0|20260504|220245|20260504|1|SCOUGHLAN
100|500|142||PFQ|C21|0530460250000DS|0530460250000DS|0530460250000DS|0|20260504|220245|20260504|1|SCOUGHLAN
100|500|142||PFQ|C21|0534744210000DR|0534744210000DR|0534744210000DR|0|20260504|220245|20260504|1|SCOUGHLAN
100|500|142||PFQ|C21|0534744210000DS|0534744210000DS|0534744210000DS|0|20260504|220245|20260504|1|SCOUGHLAN
100|500|142||PFQ|C21|0539452590000DR|0539452590000DR|0539452590000DR|0|20260504|220245|20260504|1|SCOUGHLAN
100|500|142||PFQ|C21|0539452590000DS|0539452590000DS|0539452590000DS|0|20260504|220245|20260504|1|SCOUGHLAN
100|500|142||PFQ|C21|057230799DR|057230799DR|057230799DR|0|20260504|220245|20260504|1|SCOUGHLAN
100|500|142||PFQ|C21|057230799DS|057230799DS|057230799DS|0|20260504|220245|20260504|1|SCOUGHLAN
100|500|142||PFQ|C21|0588222890000DR|0588222890000DR|0588222890000DR|0|20260504|220245|20260504|1|SCOUGHLAN
100|500|142||PFQ|C21|0588222890000DS|0588222890000DS|0588222890000DS|0|20260504|220245|20260504|1|SCOUGHLAN
100|500|142||PFQ|C21|0591586340000DR|0591586340000DR|0591586340000DR|0|20260504|220245|20260504|1|SCOUGHLAN
100|500|142||PFQ|C21|0591586340000DS|0591586340000DS|0591586340000DS|0|20260504|220245|20260504|1|SCOUGHLAN
100|500|142||PFQ|C21|0635180540000DR|0635180540000DR|0635180540000DR|0|20260504|220245|20260504|1|SCOUGHLAN
100|500|142||PFQ|C21|0635180540000DS|0635180540000DS|0635180540000DS|0|20260504|220245|20260504|1|SCOUGHLAN
100|500|142||PFQ|C21|0663657840000DR|0663657840000DR|0663657840000DR|0|20260504|220245|20260504|1|SCOUGHLAN
100|500|142||PFQ|C21|0663657840000DS|0663657840000DS|0663657840000DS|0|20260504|220245|20260504|1|SCOUGHLAN
100|500|142||PFQ|C21|0787361800000DR|0787361800000DR|0787361800000DR|0|20260504|220245|20260504|1|SCOUGHLAN
100|500|142||PFQ|C21|0787361800000DS|0787361800000DS|0787361800000DS|0|20260504|220245|20260504|1|SCOUGHLAN
100|500|142||PFQ|C21|0787405000000DR|0787405000000DR|0787405000000DR|0|20260504|220245|20260504|1|SCOUGHLAN
100|500|142||PFQ|C21|0787405000000DS|0787405000000DS|0787405000000DS|0|20260504|220245|20260504|1|SCOUGHLAN
100|500|142||PFQ|C21|0790517230000DR|0790517230000DR|0790517230000DR|0|20260504|220245|20260504|1|SCOUGHLAN
100|500|142||PFQ|C21|0790517230000DS|0790517230000DS|0790517230000DS|0|20260504|220245|20260504|1|SCOUGHLAN
100|500|142||PFQ|C21|0791463240000DR|0791463240000DR|0791463240000DR|0|20260504|220245|20260504|1|SCOUGHLAN
100|500|142||PFQ|C21|0791463240000DS|0791463240000DS|0791463240000DS|0|20260504|220245|20260504|1|SCOUGHLAN
100|500|142||PFQ|C21|0794223490000DR|0794223490000DR|0794223490000DR|0|20260504|220245|20260504|1|SCOUGHLAN
100|500|142||PFQ|C21|0794223490000DS|0794223490000DS|0794223490000DS|0|20260504|220245|20260504|1|SCOUGHLAN
100|500|142||PFQ|C21|0828519730000DR|0828519730000DR|0828519730000DR|0|20260504|220245|20260504|1|SCOUGHLAN
100|500|142||PFQ|C21|0828519730000DS|0828519730000DS|0828519730000DS|0|20260504|220245|20260504|1|SCOUGHLAN
100|500|142||PFQ|C21|0845674570000DR|0845674570000DR|0845674570000DR|0|20260504|220245|20260504|1|SCOUGHLAN
100|500|142||PFQ|C21|0845674570000DS|0845674570000DS|0845674570000DS|0|20260504|220245|20260504|1|SCOUGHLAN
100|500|142||PFQ|C21|088694260DR|088694260DR|088694260DR|0|20260504|220245|20260504|1|SCOUGHLAN
100|500|142||PFQ|C21|088694260DS|088694260DS|088694260DS|0|20260504|220245|20260504|1|SCOUGHLAN
100|500|142||PFQ|C21|0981745920000DR|0981745920000DR|0981745920000DR|0|20260504|220245|20260504|1|SCOUGHLAN
100|500|142||PFQ|C21|0981745920000DS|0981745920000DS|0981745920000DS|0|20260504|220245|20260504|1|SCOUGHLAN
100|500|142||PFQ|C21|0995729920000DR|0995729920000DR|0995729920000DR|0|20260504|220245|20260504|1|SCOUGHLAN
100|500|142||PFQ|C21|0995729920000DS|0995729920000DS|0995729920000DS|0|20260504|220245|20260504|1|SCOUGHLAN
100|500|142||PFQ|C21|1030175700000DR|1030175700000DR|1030175700000DR|0|20260504|220245|20260504|1|SCOUGHLAN
100|500|142||PFQ|C21|1030175700000DS|1030175700000DS|1030175700000DS|0|20260504|220245|20260504|1|SCOUGHLAN
100|500|142||PFQ|C21|103391843DR|103391843DR|103391843DR|0|20260504|220245|20260504|1|SCOUGHLAN
100|500|142||PFQ|C21|103391843DS|103391843DS|103391843DS|0|20260504|220245|20260504|1|SCOUGHLAN
100|500|142||PFQ|C21|1123599220000DR|1123599220000DR|1123599220000DR|0|20260504|220245|20260504|1|SCOUGHLAN
100|500|142||PFQ|C21|1123599220000DS|1123599220000DS|1123599220000DS|0|20260504|220245|20260504|1|SCOUGHLAN
100|500|142||PFQ|C21|1124515340000DR|1124515340000DR|1124515340000DR|0|20260504|220245|20260504|1|SCOUGHLAN
100|500|142||PFQ|C21|1124515340000DS|1124515340000DS|1124515340000DS|0|20260504|220245|20260504|1|SCOUGHLAN
100|500|142||PFQ|C21|113112861DR|113112861DR|113112861DR|0|20260504|220245|20260504|1|SCOUGHLAN
100|500|142||PFQ|C21|113112861DS|113112861DS|113112861DS|0|20260504|220245|20260504|1|SCOUGHLAN
100|500|142||PFQ|C21|113694512DR|113694512DR|113694512DR|0|20260504|220245|20260504|1|SCOUGHLAN
100|500|142||PFQ|C21|113694512DS|113694512DS|113694512DS|0|20260504|220245|20260504|1|SCOUGHLAN
100|500|142||PFQ|C21|116489DR|116489DR|116489DR|0|20260504|220245|20260504|1|SCOUGHLAN
100|500|142||PFQ|C21|116489DS|116489DS|116489DS|0|20260504|220245|20260504|1|SCOUGHLAN
100|500|142||PFQ|C21|1223609720000DR|1223609720000DR|1223609720000DR|0|20260504|220245|20260504|1|SCOUGHLAN
100|500|142||PFQ|C21|1223609720000DS|1223609720000DS|1223609720000DS|0|20260504|220245|20260504|1|SCOUGHLAN
100|500|142||PFQ|C21|122712DR|122712DR|122712DR|0|20260504|220245|20260504|1|SCOUGHLAN
100|500|142||PFQ|C21|122712DS|122712DS|122712DS|0|20260504|220245|20260504|1|SCOUGHLAN
100|500|142||PFQ|C21|1229487500000DR|1229487500000DR|1229487500000DR|0|20260504|220245|20260504|1|SCOUGHLAN
100|500|142||PFQ|C21|1229487500000DS|1229487500000DS|1229487500000DS|0|20260504|220245|20260504|1|SCOUGHLAN
100|500|142||PFQ|C21|127724537DR|127724537DR|127724537DR|0|20260504|220245|20260504|1|SCOUGHLAN
100|500|142||PFQ|C21|127724537DS|127724537DS|127724537DS|0|20260504|220245|20260504|1|SCOUGHLAN
100|500|142||PFQ|C21|139182DR|139182DR|139182DR|0|20260504|220245|20260504|1|SCOUGHLAN
100|500|142||PFQ|C21|139182DS|139182DS|139182DS|0|20260504|220245|20260504|1|SCOUGHLAN
100|500|142||PFQ|C21|139531DR|139531DR|139531DR|0|20260504|220245|20260504|1|SCOUGHLAN
100|500|142||PFQ|C21|139531DS|139531DS|139531DS|0|20260504|220245|20260504|1|SCOUGHLAN
100|500|142||PFQ|C21|1418835410000DR|1418835410000DR|1418835410000DR|0|20260504|220245|20260504|1|SCOUGHLAN
100|500|142||PFQ|C21|1418835410000DS|1418835410000DS|1418835410000DS|0|20260504|220245|20260504|1|SCOUGHLAN
100|500|142||PFQ|C21|1434459350000DR|1434459350000DR|1434459350000DR|0|20260504|220245|20260504|1|SCOUGHLAN
100|500|142||PFQ|C21|1434459350000DS|1434459350000DS|1434459350000DS|0|20260504|220245|20260504|1|SCOUGHLAN
100|500|142||PFQ|C21|153320DR|153320DR|153320DR|0|20260504|220245|20260504|1|SCOUGHLAN
100|500|142||PFQ|C21|153320DS|153320DS|153320DS|0|20260504|220245|20260504|1|SCOUGHLAN
100|500|142||PFQ|C21|153322DR|153322DR|153322DR|0|20260504|220245|20260504|1|SCOUGHLAN
100|500|142||PFQ|C21|153322DS|153322DS|153322DS|0|20260504|220245|20260504|1|SCOUGHLAN
100|500|142||PFQ|C21|153549DR|153549DR|153549DR|0|20260504|220245|20260504|1|SCOUGHLAN
100|500|142||PFQ|C21|153549DS|153549DS|153549DS|0|20260504|220245|20260504|1|SCOUGHLAN
100|500|142||PFQ|C21|154191DR|154191DR|154191DR|0|20260504|220245|20260504|1|SCOUGHLAN
100|500|142||PFQ|C21|154191DS|154191DS|154191DS|0|20260504|220245|20260504|1|SCOUGHLAN
100|500|142||PFQ|C21|1542398000000DR|1542398000000DR|1542398000000DR|0|20260504|220245|20260504|1|SCOUGHLAN
100|500|142||PFQ|C21|1542398000000DS|1542398000000DS|1542398000000DS|0|20260504|220245|20260504|1|SCOUGHLAN
100|500|142||PFQ|C21|1577962510000DR|1577962510000DR|1577962510000DR|0|20260504|220245|20260504|1|SCOUGHLAN
100|500|142||PFQ|C21|1577962510000DS|1577962510000DS|1577962510000DS|0|20260504|220245|20260504|1|SCOUGHLAN
100|500|142||PFQ|C21|1598686240000DR|1598686240000DR|1598686240000DR|0|20260504|220245|20260504|1|SCOUGHLAN
100|500|142||PFQ|C21|1598686240000DS|1598686240000DS|1598686240000DS|0|20260504|220245|20260504|1|SCOUGHLAN
100|500|142||PFQ|C21|165319DR|165319DR|165319DR|0|20260504|220245|20260504|1|SCOUGHLAN
100|500|142||PFQ|C21|165319DS|165319DS|165319DS|0|20260504|220245|20260504|1|SCOUGHLAN
100|500|142||PFQ|C21|1684664510000DR|1684664510000DR|1684664510000DR|0|20260504|220245|20260504|1|SCOUGHLAN
100|500|142||PFQ|C21|1684664510000DS|1684664510000DS|1684664510000DS|0|20260504|220245|20260504|1|SCOUGHLAN
100|500|142||PFQ|C21|170169DR|170169DR|170169DR|0|20260504|220245|20260504|1|SCOUGHLAN
100|500|142||PFQ|C21|170169DS|170169DS|170169DS|0|20260504|220245|20260504|1|SCOUGHLAN
100|500|142||PFQ|C21|17485DR|17485DR|17485DR|0|20260504|220245|20260504|1|SCOUGHLAN
100|500|142||PFQ|C21|17485DS|17485DS|17485DS|0|20260504|220245|20260504|1|SCOUGHLAN
100|500|142||PFQ|C21|183602DR|183602DR|183602DR|0|20260504|220245|20260504|1|SCOUGHLAN
100|500|142||PFQ|C21|183602DS|183602DS|183602DS|0|20260504|220245|20260504|1|SCOUGHLAN
100|500|142||PFQ|C21|1914465250000DR|1914465250000DR|1914465250000DR|0|20260504|220245|20260504|1|SCOUGHLAN
100|500|142||PFQ|C21|1914465250000DS|1914465250000DS|1914465250000DS|0|20260504|220245|20260504|1|SCOUGHLAN
100|500|142||PFQ|C21|1948450120000DR|1948450120000DR|1948450120000DR|0|20260504|220245|20260504|1|SCOUGHLAN
100|500|142||PFQ|C21|1948450120000DS|1948450120000DS|1948450120000DS|0|20260504|220245|20260504|1|SCOUGHLAN
100|500|142||PFQ|C21|200495DR|200495DR|200495DR|0|20260504|220245|20260504|1|SCOUGHLAN
100|500|142||PFQ|C21|200495DS|200495DS|200495DS|0|20260504|220245|20260504|1|SCOUGHLAN
100|500|142||PFQ|C21|200699000DR|200699000DR|200699000DR|0|20260504|220245|20260504|1|SCOUGHLAN
100|500|142||PFQ|C21|200699000DS|200699000DS|200699000DS|0|20260504|220245|20260504|1|SCOUGHLAN
100|500|142||PFQ|C21|211171DR|211171DR|211171DR|0|20260504|220245|20260504|1|SCOUGHLAN
100|500|142||PFQ|C21|211171DS|211171DS|211171DS|0|20260504|220245|20260504|1|SCOUGHLAN
100|500|142||PFQ|C21|25120DR|25120DR|25120DR|0|20260504|220245|20260504|1|SCOUGHLAN
100|500|142||PFQ|C21|25120DS|25120DS|25120DS|0|20260504|220245|20260504|1|SCOUGHLAN
100|500|142||PFQ|C21|2521335170360DR|2521335170360DR|2521335170360DR|0|20260504|220245|20260504|1|SCOUGHLAN
100|500|142||PFQ|C21|2521335170360DS|2521335170360DS|2521335170360DS|0|20260504|220245|20260504|1|SCOUGHLAN
100|500|142||PFQ|C21|2521335173205DR|2521335173205DR|2521335173205DR|0|20260504|220245|20260504|1|SCOUGHLAN
100|500|142||PFQ|C21|2521335173205DS|2521335173205DS|2521335173205DS|0|20260504|220245|20260504|1|SCOUGHLAN
100|500|142||PFQ|C21|27707DR|27707DR|27707DR|0|20260504|220245|20260504|1|SCOUGHLAN
100|500|142||PFQ|C21|27707DS|27707DS|27707DS|0|20260504|220245|20260504|1|SCOUGHLAN
100|500|142||PFQ|C21|288302DR|288302DR|288302DR|0|20260504|220245|20260504|1|SCOUGHLAN
100|500|142||PFQ|C21|288302DS|288302DS|288302DS|0|20260504|220245|20260504|1|SCOUGHLAN
100|500|142||PFQ|C21|28908DR|28908DR|28908DR|0|20260504|220245|20260504|1|SCOUGHLAN
100|500|142||PFQ|C21|28908DS|28908DS|28908DS|0|20260504|220245|20260504|1|SCOUGHLAN
100|500|142||PFQ|C21|29982DR|29982DR|29982DR|0|20260504|220245|20260504|1|SCOUGHLAN
100|500|142||PFQ|C21|29982DS|29982DS|29982DS|0|20260504|220245|20260504|1|SCOUGHLAN
100|500|142||PFQ|C21|312037DR|312037DR|312037DR|0|20260504|220245|20260504|1|SCOUGHLAN
100|500|142||PFQ|C21|312037DS|312037DS|312037DS|0|20260504|220245|20260504|1|SCOUGHLAN
100|500|142||PFQ|C21|3318DR|3318DR|3318DR|0|20260504|220245|20260504|1|SCOUGHLAN
100|500|142||PFQ|C21|3318DS|3318DS|3318DS|0|20260504|220245|20260504|1|SCOUGHLAN
100|500|142||PFQ|C21|3619643280000DR|3619643280000DR|3619643280000DR|0|20260504|220245|20260504|1|SCOUGHLAN
100|500|142||PFQ|C21|3619643280000DS|3619643280000DS|3619643280000DS|0|20260504|220245|20260504|1|SCOUGHLAN
100|500|142||PFQ|C21|4720DR|4720DR|4720DR|0|20260504|220245|20260504|1|SCOUGHLAN
100|500|142||PFQ|C21|4720DS|4720DS|4720DS|0|20260504|220245|20260504|1|SCOUGHLAN
100|500|142||PFQ|C21|6058393770000DR|6058393770000DR|6058393770000DR|0|20260504|220245|20260504|1|SCOUGHLAN
100|500|142||PFQ|C21|6058393770000DS|6058393770000DS|6058393770000DS|0|20260504|220245|20260504|1|SCOUGHLAN
100|500|142||PFQ|C21|609815618DR|609815618DR|609815618DR|0|20260504|220245|20260504|1|SCOUGHLAN
100|500|142||PFQ|C21|609815618DS|609815618DS|609815618DS|0|20260504|220245|20260504|1|SCOUGHLAN
100|500|142||PFQ|C21|6173341720000DR|6173341720000DR|6173341720000DR|0|20260504|220245|20260504|1|SCOUGHLAN
100|500|142||PFQ|C21|6173341720000DS|6173341720000DS|6173341720000DS|0|20260504|220245|20260504|1|SCOUGHLAN
100|500|142||PFQ|C21|6207930670000DR|6207930670000DR|6207930670000DR|0|20260504|220245|20260504|1|SCOUGHLAN
100|500|142||PFQ|C21|6207930670000DS|6207930670000DS|6207930670000DS|0|20260504|220245|20260504|1|SCOUGHLAN
100|500|142||PFQ|C21|621418185DR|621418185DR|621418185DR|0|20260504|220245|20260504|1|SCOUGHLAN
100|500|142||PFQ|C21|621418185DS|621418185DS|621418185DS|0|20260504|220245|20260504|1|SCOUGHLAN
100|500|142||PFQ|C21|6227663760000DR|6227663760000DR|6227663760000DR|0|20260504|220245|20260504|1|SCOUGHLAN
100|500|142||PFQ|C21|6227663760000DS|6227663760000DS|6227663760000DS|0|20260504|220245|20260504|1|SCOUGHLAN
100|500|142||PFQ|C21|6233404240000DR|6233404240000DR|6233404240000DR|0|20260504|220245|20260504|1|SCOUGHLAN
100|500|142||PFQ|C21|6233404240000DS|6233404240000DS|6233404240000DS|0|20260504|220245|20260504|1|SCOUGHLAN
100|500|142||PFQ|C21|64503DR|64503DR|64503DR|0|20260504|220245|20260504|1|SCOUGHLAN
100|500|142||PFQ|C21|64503DS|64503DS|64503DS|0|20260504|220245|20260504|1|SCOUGHLAN
100|500|142||PFQ|C21|6516388972DR|6516388972DR|6516388972DR|0|20260504|220245|20260504|1|SCOUGHLAN
100|500|142||PFQ|C21|6516388972DS|6516388972DS|6516388972DS|0|20260504|220245|20260504|1|SCOUGHLAN
100|500|142||PFQ|C21|74946DR|74946DR|74946DR|0|20260504|220245|20260504|1|SCOUGHLAN
100|500|142||PFQ|C21|74946DS|74946DS|74946DS|0|20260504|220245|20260504|1|SCOUGHLAN
100|500|142||PFQ|C21|77375DR|77375DR|77375DR|0|20260504|220245|20260504|1|SCOUGHLAN
100|500|142||PFQ|C21|77375DS|77375DS|77375DS|0|20260504|220245|20260504|1|SCOUGHLAN
100|500|142||PFQ|C21|7853277430000DR|7853277430000DR|7853277430000DR|0|20260504|220245|20260504|1|SCOUGHLAN
100|500|142||PFQ|C21|7853277430000DS|7853277430000DS|7853277430000DS|0|20260504|220245|20260504|1|SCOUGHLAN
100|500|142||PFQ|C21|79-244-2543DR|79-244-2543DR|79-244-2543DR|0|20260504|220245|20260504|1|SCOUGHLAN
100|500|142||PFQ|C21|79-244-2543DS|79-244-2543DS|79-244-2543DS|0|20260504|220245|20260504|1|SCOUGHLAN
100|500|142||PFQ|C21|7951404330000DR|7951404330000DR|7951404330000DR|0|20260504|220245|20260504|1|SCOUGHLAN
100|500|142||PFQ|C21|7951404330000DS|7951404330000DS|7951404330000DS|0|20260504|220245|20260504|1|SCOUGHLAN
100|500|142||PFQ|C21|7969234490000DR|7969234490000DR|7969234490000DR|0|20260504|220245|20260504|1|SCOUGHLAN
100|500|142||PFQ|C21|7969234490000DS|7969234490000DS|7969234490000DS|0|20260504|220245|20260504|1|SCOUGHLAN
100|500|142||PFQ|C21|7990097820000DR|7990097820000DR|7990097820000DR|0|20260504|220245|20260504|1|SCOUGHLAN
100|500|142||PFQ|C21|7990097820000DS|7990097820000DS|7990097820000DS|0|20260504|220245|20260504|1|SCOUGHLAN
100|500|142||PFQ|C21|7991261720000DR|7991261720000DR|7991261720000DR|0|20260504|220245|20260504|1|SCOUGHLAN
100|500|142||PFQ|C21|7991261720000DS|7991261720000DS|7991261720000DS|0|20260504|220245|20260504|1|SCOUGHLAN
100|500|142||PFQ|C21|7991262710000DR|7991262710000DR|7991262710000DR|0|20260504|220245|20260504|1|SCOUGHLAN
100|500|142||PFQ|C21|7991262710000DS|7991262710000DS|7991262710000DS|0|20260504|220245|20260504|1|SCOUGHLAN
100|500|142||PFQ|C21|7991264200000DR|7991264200000DR|7991264200000DR|0|20260504|220245|20260504|1|SCOUGHLAN
100|500|142||PFQ|C21|7991264200000DS|7991264200000DS|7991264200000DS|0|20260504|220245|20260504|1|SCOUGHLAN
100|500|142||PFQ|C21|7991272040000DR|7991272040000DR|7991272040000DR|0|20260504|220245|20260504|1|SCOUGHLAN
100|500|142||PFQ|C21|7991272040000DS|7991272040000DS|7991272040000DS|0|20260504|220245|20260504|1|SCOUGHLAN
100|500|142||PFQ|C21|7991281520000DR|7991281520000DR|7991281520000DR|0|20260504|220245|20260504|1|SCOUGHLAN
100|500|142||PFQ|C21|7991281520000DS|7991281520000DS|7991281520000DS|0|20260504|220245|20260504|1|SCOUGHLAN
100|500|142||PFQ|C21|8003602231DR|8003602231DR|8003602231DR|0|20260504|220245|20260504|1|SCOUGHLAN
100|500|142||PFQ|C21|8003602231DS|8003602231DS|8003602231DS|0|20260504|220245|20260504|1|SCOUGHLAN
100|500|142||PFQ|C21|8051669640000DR|8051669640000DR|8051669640000DR|0|20260504|220245|20260504|1|SCOUGHLAN
100|500|142||PFQ|C21|8051669640000DS|8051669640000DS|8051669640000DS|0|20260504|220245|20260504|1|SCOUGHLAN
100|500|142||PFQ|C21|8062922440000DR|8062922440000DR|8062922440000DR|0|20260504|220245|20260504|1|SCOUGHLAN
100|500|142||PFQ|C21|8062922440000DS|8062922440000DS|8062922440000DS|0|20260504|220245|20260504|1|SCOUGHLAN
100|500|142||PFQ|C21|8065506040000DR|8065506040000DR|8065506040000DR|0|20260504|220245|20260504|1|SCOUGHLAN
100|500|142||PFQ|C21|8065506040000DS|8065506040000DS|8065506040000DS|0|20260504|220245|20260504|1|SCOUGHLAN
100|500|142||PFQ|C21|8092014110000DR|8092014110000DR|8092014110000DR|0|20260504|220245|20260504|1|SCOUGHLAN
100|500|142||PFQ|C21|8092014110000DS|8092014110000DS|8092014110000DS|0|20260504|220245|20260504|1|SCOUGHLAN
100|500|142||PFQ|C21|8250728200000DR|8250728200000DR|8250728200000DR|0|20260504|220245|20260504|1|SCOUGHLAN
100|500|142||PFQ|C21|8250728200000DS|8250728200000DS|8250728200000DS|0|20260504|220245|20260504|1|SCOUGHLAN
100|500|142||PFQ|C21|8250729600000DR|8250729600000DR|8250729600000DR|0|20260504|220245|20260504|1|SCOUGHLAN
100|500|142||PFQ|C21|8250729600000DS|8250729600000DS|8250729600000DS|0|20260504|220245|20260504|1|SCOUGHLAN
100|500|142||PFQ|C21|8355689650000DR|8355689650000DR|8355689650000DR|0|20260504|220245|20260504|1|SCOUGHLAN
100|500|142||PFQ|C21|8355689650000DS|8355689650000DS|8355689650000DS|0|20260504|220245|20260504|1|SCOUGHLAN
100|500|142||PFQ|C21|8360573980000DR|8360573980000DR|8360573980000DR|0|20260504|220245|20260504|1|SCOUGHLAN
100|500|142||PFQ|C21|8360573980000DS|8360573980000DS|8360573980000DS|0|20260504|220245|20260504|1|SCOUGHLAN
100|500|142||PFQ|C21|85119DR|85119DR|85119DR|0|20260504|220245|20260504|1|SCOUGHLAN
100|500|142||PFQ|C21|85119DS|85119DS|85119DS|0|20260504|220245|20260504|1|SCOUGHLAN
100|500|142||PFQ|C21|9293238970000DR|9293238970000DR|9293238970000DR|0|20260504|220245|20260504|1|SCOUGHLAN
100|500|142||PFQ|C21|9293238970000DS|9293238970000DS|9293238970000DS|0|20260504|220245|20260504|1|SCOUGHLAN
100|500|142||PFQ|C21|9293239390000DR|9293239390000DR|9293239390000DR|0|20260504|220245|20260504|1|SCOUGHLAN
100|500|142||PFQ|C21|9293239390000DS|9293239390000DS|9293239390000DS|0|20260504|220245|20260504|1|SCOUGHLAN
100|500|142||PFQ|C21|9478184560000DR|9478184560000DR|9478184560000DR|0|20260504|220245|20260504|1|SCOUGHLAN
100|500|142||PFQ|C21|9478184560000DS|9478184560000DS|9478184560000DS|0|20260504|220245|20260504|1|SCOUGHLAN
100|500|142||PFQ|C21|FRESHDIRECTDR|FRESHDIRECTDR|FRESHDIRECTDR|0|20260504|220245|20260504|1|SCOUGHLAN
100|500|142||PFQ|C21|FRESHDIRECTDS|FRESHDIRECTDS|FRESHDIRECTDS|0|20260504|220245|20260504|1|SCOUGHLAN
100|500|142||PFQ|C21|PERFFOODSERVICEDR|C21|C21|0|20260504|220245|20260504|1|SCOUGHLAN
100|500|142||PFQ|C21|PERFFOODSERVICEDS|C21|C21|0|20260504|220245|20260504|1|SCOUGHLAN
100|500|142||PFQ|C21|SUPPLIESFLYDR|SUPPLIESFLYDR|SUPPLIESFLYDR|0|20260504|220245|20260504|1|SCOUGHLAN
100|500|142||PFQ|C21|SUPPLIESFLYDS|SUPPLIESFLYDS|SUPPLIESFLYDS|0|20260504|220245|20260504|1|SCOUGHLAN
100|500|142||PFQ|C22|0000119207615NE|0000119207615NE|0000119207615NE|0|20260504|220245|20260504|1|SCOUGHLAN
100|500|142||PFQ|C22|0000119207615SA|0000119207615SA|0000119207615SA|0|20260504|220245|20260504|1|SCOUGHLAN
100|500|142||PFQ|C22|001399054NE|001399054NE|001399054NE|0|20260504|220245|20260504|1|SCOUGHLAN
100|500|142||PFQ|C22|001399054SA|001399054SA|001399054SA|0|20260504|220245|20260504|1|SCOUGHLAN
100|500|142||PFQ|C22|0038556400000NE|0038556400000NE|0038556400000NE|0|20260504|220245|20260504|1|SCOUGHLAN
100|500|142||PFQ|C22|0038556400000SA|0038556400000SA|0038556400000SA|0|20260504|220245|20260504|1|SCOUGHLAN
100|500|142||PFQ|C22|0064000980000DRNE|C22|C22|0|20260504|220245|20260504|1|SCOUGHLAN
100|500|142||PFQ|C22|0064000980000DRSA|C22|C22|0|20260504|220245|20260504|1|SCOUGHLAN
100|500|142||PFQ|C22|0064000980000NE|0064000980000NE|0064000980000NE|0|20260504|220245|20260504|1|SCOUGHLAN
100|500|142||PFQ|C22|0064000980000SA|0064000980000SA|0064000980000SA|0|20260504|220245|20260504|1|SCOUGHLAN
100|500|142||PFQ|C22|0069660300000NE|0069660300000NE|0069660300000NE|0|20260504|220245|20260504|1|SCOUGHLAN
100|500|142||PFQ|C22|0069660300000SA|0069660300000SA|0069660300000SA|0|20260504|220245|20260504|1|SCOUGHLAN
100|500|142||PFQ|C22|006986483NE|006986483NE|006986483NE|0|20260504|220245|20260504|1|SCOUGHLAN
100|500|142||PFQ|C22|006986483SA|006986483SA|006986483SA|0|20260504|220245|20260504|1|SCOUGHLAN
100|500|142||PFQ|C22|0079144350000NE|0079144350000NE|0079144350000NE|0|20260504|220245|20260504|1|SCOUGHLAN
100|500|142||PFQ|C22|0079144350000SA|0079144350000SA|0079144350000SA|0|20260504|220245|20260504|1|SCOUGHLAN
100|500|142||PFQ|C22|0079297480FDFNE|0079297480FDFNE|0079297480FDFNE|0|20260504|220245|20260504|1|SCOUGHLAN
100|500|142||PFQ|C22|0079297480FDFSA|0079297480FDFSA|0079297480FDFSA|0|20260504|220245|20260504|1|SCOUGHLAN
100|500|142||PFQ|C22|0079297480FFLNE|0079297480FFLNE|0079297480FFLNE|0|20260504|220245|20260504|1|SCOUGHLAN
100|500|142||PFQ|C22|0079297480FFLSA|0079297480FFLSA|0079297480FFLSA|0|20260504|220245|20260504|1|SCOUGHLAN
100|500|142||PFQ|C22|0079297480FHSNE|0079297480FHSNE|0079297480FHSNE|0|20260504|220245|20260504|1|SCOUGHLAN
100|500|142||PFQ|C22|0079297480FHSSA|0079297480FHSSA|0079297480FHSSA|0|20260504|220245|20260504|1|SCOUGHLAN
100|500|142||PFQ|C22|0079297481FAMNE|0079297481FAMNE|0079297481FAMNE|0|20260504|220245|20260504|1|SCOUGHLAN
100|500|142||PFQ|C22|0079297481FAMSA|0079297481FAMSA|0079297481FAMSA|0|20260504|220245|20260504|1|SCOUGHLAN
100|500|142||PFQ|C22|0079297481FAQNE|0079297481FAQNE|0079297481FAQNE|0|20260504|220245|20260504|1|SCOUGHLAN
100|500|142||PFQ|C22|0079297481FAQSA|0079297481FAQSA|0079297481FAQSA|0|20260504|220245|20260504|1|SCOUGHLAN
100|500|142||PFQ|C22|0079297481FELNE|0079297481FELNE|0079297481FELNE|0|20260504|220245|20260504|1|SCOUGHLAN
100|500|142||PFQ|C22|0079297481FELSA|0079297481FELSA|0079297481FELSA|0|20260504|220245|20260504|1|SCOUGHLAN
100|500|142||PFQ|C22|0079297481FLRNE|0079297481FLRNE|0079297481FLRNE|0|20260504|220245|20260504|1|SCOUGHLAN
100|500|142||PFQ|C22|0079297481FLRSA|0079297481FLRSA|0079297481FLRSA|0|20260504|220245|20260504|1|SCOUGHLAN
100|500|142||PFQ|C22|0079297481FOKNE|0079297481FOKNE|0079297481FOKNE|0|20260504|220245|20260504|1|SCOUGHLAN
100|500|142||PFQ|C22|0079297481FOKSA|0079297481FOKSA|0079297481FOKSA|0|20260504|220245|20260504|1|SCOUGHLAN
100|500|142||PFQ|C22|0079297481FSANE|0079297481FSANE|0079297481FSANE|0|20260504|220245|20260504|1|SCOUGHLAN
100|500|142||PFQ|C22|0079297481FSASA|0079297481FSASA|0079297481FSASA|0|20260504|220245|20260504|1|SCOUGHLAN
100|500|142||PFQ|C22|0079702210000NE|0079702210000NE|0079702210000NE|0|20260504|220245|20260504|1|SCOUGHLAN
100|500|142||PFQ|C22|0079702210000SA|0079702210000SA|0079702210000SA|0|20260504|220245|20260504|1|SCOUGHLAN
100|500|142||PFQ|C22|0079943610000NE|0079943610000NE|0079943610000NE|0|20260504|220245|20260504|1|SCOUGHLAN
100|500|142||PFQ|C22|0079943610000SA|0079943610000SA|0079943610000SA|0|20260504|220245|20260504|1|SCOUGHLAN
100|500|142||PFQ|C22|0083967000016NE|0083967000016NE|0083967000016NE|0|20260504|220245|20260504|1|SCOUGHLAN
100|500|142||PFQ|C22|0083967000016SA|0083967000016SA|0083967000016SA|0|20260504|220245|20260504|1|SCOUGHLAN
100|500|142||PFQ|C22|0084264390000NE|0084264390000NE|0084264390000NE|0|20260504|220245|20260504|1|SCOUGHLAN
100|500|142||PFQ|C22|0084264390000SA|0084264390000SA|0084264390000SA|0|20260504|220245|20260504|1|SCOUGHLAN
100|500|142||PFQ|C22|011051369NE|011051369NE|011051369NE|0|20260504|220245|20260504|1|SCOUGHLAN
100|500|142||PFQ|C22|011051369SA|011051369SA|011051369SA|0|20260504|220245|20260504|1|SCOUGHLAN
100|500|142||PFQ|C22|0141881550000NE|0141881550000NE|0141881550000NE|0|20260504|220245|20260504|1|SCOUGHLAN
100|500|142||PFQ|C22|0141881550000SA|0141881550000SA|0141881550000SA|0|20260504|220245|20260504|1|SCOUGHLAN
100|500|142||PFQ|C22|0149473600000NE|0149473600000NE|0149473600000NE|0|20260504|220245|20260504|1|SCOUGHLAN
100|500|142||PFQ|C22|0149473600000SA|0149473600000SA|0149473600000SA|0|20260504|220245|20260504|1|SCOUGHLAN
100|500|142||PFQ|C22|016808323000NE|016808323000NE|016808323000NE|0|20260504|220245|20260504|1|SCOUGHLAN
100|500|142||PFQ|C22|016808323000SA|016808323000SA|016808323000SA|0|20260504|220245|20260504|1|SCOUGHLAN
100|500|142||PFQ|C22|0196614660000NE|0196614660000NE|0196614660000NE|0|20260504|220245|20260504|1|SCOUGHLAN
100|500|142||PFQ|C22|0196614660000SA|0196614660000SA|0196614660000SA|0|20260504|220245|20260504|1|SCOUGHLAN
100|500|142||PFQ|C22|0237634510000NE|0237634510000NE|0237634510000NE|0|20260504|220245|20260504|1|SCOUGHLAN
100|500|142||PFQ|C22|0237634510000SA|0237634510000SA|0237634510000SA|0|20260504|220245|20260504|1|SCOUGHLAN
100|500|142||PFQ|C22|0244147160000NE|0244147160000NE|0244147160000NE|0|20260504|220245|20260504|1|SCOUGHLAN
100|500|142||PFQ|C22|0244147160000SA|0244147160000SA|0244147160000SA|0|20260504|220245|20260504|1|SCOUGHLAN
100|500|142||PFQ|C22|0267963670000NE|0267963670000NE|0267963670000NE|0|20260504|220245|20260504|1|SCOUGHLAN
100|500|142||PFQ|C22|0267963670000SA|0267963670000SA|0267963670000SA|0|20260504|220245|20260504|1|SCOUGHLAN
100|500|142||PFQ|C22|0315062020000NE|0315062020000NE|0315062020000NE|0|20260504|220245|20260504|1|SCOUGHLAN
100|500|142||PFQ|C22|0315062020000SA|0315062020000SA|0315062020000SA|0|20260504|220245|20260504|1|SCOUGHLAN
100|500|142||PFQ|C22|031859650NE|031859650NE|031859650NE|0|20260504|220245|20260504|1|SCOUGHLAN
100|500|142||PFQ|C22|031859650SA|031859650SA|031859650SA|0|20260504|220245|20260504|1|SCOUGHLAN
100|500|142||PFQ|C22|0320580130000NE|0320580130000NE|0320580130000NE|0|20260504|220245|20260504|1|SCOUGHLAN
100|500|142||PFQ|C22|0320580130000SA|0320580130000SA|0320580130000SA|0|20260504|220245|20260504|1|SCOUGHLAN
100|500|142||PFQ|C22|0347996840000NE|0347996840000NE|0347996840000NE|0|20260504|220245|20260504|1|SCOUGHLAN
100|500|142||PFQ|C22|0347996840000SA|0347996840000SA|0347996840000SA|0|20260504|220245|20260504|1|SCOUGHLAN
100|500|142||PFQ|C22|0351385100000NE|0351385100000NE|0351385100000NE|0|20260504|220245|20260504|1|SCOUGHLAN
100|500|142||PFQ|C22|0351385100000SA|0351385100000SA|0351385100000SA|0|20260504|220245|20260504|1|SCOUGHLAN
100|500|142||PFQ|C22|0353757570000NE|0353757570000NE|0353757570000NE|0|20260504|220245|20260504|1|SCOUGHLAN
100|500|142||PFQ|C22|0353757570000SA|0353757570000SA|0353757570000SA|0|20260504|220245|20260504|1|SCOUGHLAN
100|500|142||PFQ|C22|0356123450000NE|0356123450000NE|0356123450000NE|0|20260504|220245|20260504|1|SCOUGHLAN
100|500|142||PFQ|C22|0356123450000SA|0356123450000SA|0356123450000SA|0|20260504|220246|20260504|1|SCOUGHLAN
100|500|142||PFQ|C22|038824876NE|038824876NE|038824876NE|0|20260504|220246|20260504|1|SCOUGHLAN
100|500|142||PFQ|C22|038824876SA|038824876SA|038824876SA|0|20260504|220246|20260504|1|SCOUGHLAN
100|500|142||PFQ|C22|0403560600000NE|0403560600000NE|0403560600000NE|0|20260504|220246|20260504|1|SCOUGHLAN
100|500|142||PFQ|C22|0403560600000SA|0403560600000SA|0403560600000SA|0|20260504|220246|20260504|1|SCOUGHLAN
100|500|142||PFQ|C22|0423707340001NE|0423707340001NE|0423707340001NE|0|20260504|220246|20260504|1|SCOUGHLAN
100|500|142||PFQ|C22|0423707340001SA|0423707340001SA|0423707340001SA|0|20260504|220246|20260504|1|SCOUGHLAN
100|500|142||PFQ|C22|0423707340002NE|0423707340002NE|0423707340002NE|0|20260504|220246|20260504|1|SCOUGHLAN
100|500|142||PFQ|C22|0423707340002SA|0423707340002SA|0423707340002SA|0|20260504|220246|20260504|1|SCOUGHLAN
100|500|142||PFQ|C22|0423707340004NE|0423707340004NE|0423707340004NE|0|20260504|220246|20260504|1|SCOUGHLAN
100|500|142||PFQ|C22|0423707340004SA|0423707340004SA|0423707340004SA|0|20260504|220246|20260504|1|SCOUGHLAN
100|500|142||PFQ|C22|0423707340006NE|0423707340006NE|0423707340006NE|0|20260504|220246|20260504|1|SCOUGHLAN
100|500|142||PFQ|C22|0423707340006SA|0423707340006SA|0423707340006SA|0|20260504|220246|20260504|1|SCOUGHLAN
100|500|142||PFQ|C22|0446280680000NE|0446280680000NE|0446280680000NE|0|20260504|220246|20260504|1|SCOUGHLAN
100|500|142||PFQ|C22|0446280680000SA|0446280680000SA|0446280680000SA|0|20260504|220246|20260504|1|SCOUGHLAN
100|500|142||PFQ|C22|0517639690000NE|0517639690000NE|0517639690000NE|0|20260504|220246|20260504|1|SCOUGHLAN
100|500|142||PFQ|C22|0517639690000SA|0517639690000SA|0517639690000SA|0|20260504|220246|20260504|1|SCOUGHLAN
100|500|142||PFQ|C22|052129129NE|052129129NE|052129129NE|0|20260504|220246|20260504|1|SCOUGHLAN
100|500|142||PFQ|C22|052129129SA|052129129SA|052129129SA|0|20260504|220246|20260504|1|SCOUGHLAN
100|500|142||PFQ|C22|0528310470000NE|0528310470000NE|0528310470000NE|0|20260504|220246|20260504|1|SCOUGHLAN
100|500|142||PFQ|C22|0528310470000SA|0528310470000SA|0528310470000SA|0|20260504|220246|20260504|1|SCOUGHLAN
100|500|142||PFQ|C22|0530460250000NE|0530460250000NE|0530460250000NE|0|20260504|220246|20260504|1|SCOUGHLAN
100|500|142||PFQ|C22|0530460250000SA|0530460250000SA|0530460250000SA|0|20260504|220246|20260504|1|SCOUGHLAN
100|500|142||PFQ|C22|0534744210000NE|0534744210000NE|0534744210000NE|0|20260504|220246|20260504|1|SCOUGHLAN
100|500|142||PFQ|C22|0534744210000SA|0534744210000SA|0534744210000SA|0|20260504|220246|20260504|1|SCOUGHLAN
100|500|142||PFQ|C22|0539452590000NE|0539452590000NE|0539452590000NE|0|20260504|220246|20260504|1|SCOUGHLAN
100|500|142||PFQ|C22|0539452590000SA|0539452590000SA|0539452590000SA|0|20260504|220246|20260504|1|SCOUGHLAN
100|500|142||PFQ|C22|057230799NE|057230799NE|057230799NE|0|20260504|220246|20260504|1|SCOUGHLAN
100|500|142||PFQ|C22|057230799SA|057230799SA|057230799SA|0|20260504|220246|20260504|1|SCOUGHLAN
100|500|142||PFQ|C22|0588222890000NE|0588222890000NE|0588222890000NE|0|20260504|220246|20260504|1|SCOUGHLAN
100|500|142||PFQ|C22|0588222890000SA|0588222890000SA|0588222890000SA|0|20260504|220246|20260504|1|SCOUGHLAN
100|500|142||PFQ|C22|0591586340000NE|0591586340000NE|0591586340000NE|0|20260504|220246|20260504|1|SCOUGHLAN
100|500|142||PFQ|C22|0591586340000SA|0591586340000SA|0591586340000SA|0|20260504|220246|20260504|1|SCOUGHLAN
100|500|142||PFQ|C22|0635180540000NE|0635180540000NE|0635180540000NE|0|20260504|220246|20260504|1|SCOUGHLAN
100|500|142||PFQ|C22|0635180540000SA|0635180540000SA|0635180540000SA|0|20260504|220246|20260504|1|SCOUGHLAN
100|500|142||PFQ|C22|0663657840000NE|0663657840000NE|0663657840000NE|0|20260504|220246|20260504|1|SCOUGHLAN
100|500|142||PFQ|C22|0663657840000SA|0663657840000SA|0663657840000SA|0|20260504|220246|20260504|1|SCOUGHLAN
100|500|142||PFQ|C22|0787361800000NE|0787361800000NE|0787361800000NE|0|20260504|220246|20260504|1|SCOUGHLAN
100|500|142||PFQ|C22|0787361800000SA|0787361800000SA|0787361800000SA|0|20260504|220246|20260504|1|SCOUGHLAN
100|500|142||PFQ|C22|0787405000000NE|0787405000000NE|0787405000000NE|0|20260504|220246|20260504|1|SCOUGHLAN
100|500|142||PFQ|C22|0787405000000SA|0787405000000SA|0787405000000SA|0|20260504|220246|20260504|1|SCOUGHLAN
100|500|142||PFQ|C22|0790517230000NE|0790517230000NE|0790517230000NE|0|20260504|220246|20260504|1|SCOUGHLAN
100|500|142||PFQ|C22|0790517230000SA|0790517230000SA|0790517230000SA|0|20260504|220246|20260504|1|SCOUGHLAN
100|500|142||PFQ|C22|0791463240000NE|0791463240000NE|0791463240000NE|0|20260504|220246|20260504|1|SCOUGHLAN
100|500|142||PFQ|C22|0791463240000SA|0791463240000SA|0791463240000SA|0|20260504|220246|20260504|1|SCOUGHLAN
100|500|142||PFQ|C22|0794223490000NE|0794223490000NE|0794223490000NE|0|20260504|220246|20260504|1|SCOUGHLAN
100|500|142||PFQ|C22|0794223490000SA|0794223490000SA|0794223490000SA|0|20260504|220246|20260504|1|SCOUGHLAN
100|500|142||PFQ|C22|0828519730000NE|0828519730000NE|0828519730000NE|0|20260504|220246|20260504|1|SCOUGHLAN
100|500|142||PFQ|C22|0828519730000SA|0828519730000SA|0828519730000SA|0|20260504|220246|20260504|1|SCOUGHLAN
100|500|142||PFQ|C22|0845674570000NE|0845674570000NE|0845674570000NE|0|20260504|220246|20260504|1|SCOUGHLAN
100|500|142||PFQ|C22|0845674570000SA|0845674570000SA|0845674570000SA|0|20260504|220246|20260504|1|SCOUGHLAN
100|500|142||PFQ|C22|088694260NE|088694260NE|088694260NE|0|20260504|220246|20260504|1|SCOUGHLAN
100|500|142||PFQ|C22|088694260SA|088694260SA|088694260SA|0|20260504|220246|20260504|1|SCOUGHLAN
100|500|142||PFQ|C22|0981745920000NE|0981745920000NE|0981745920000NE|0|20260504|220246|20260504|1|SCOUGHLAN
100|500|142||PFQ|C22|0981745920000SA|0981745920000SA|0981745920000SA|0|20260504|220246|20260504|1|SCOUGHLAN
100|500|142||PFQ|C22|0995729920000NE|0995729920000NE|0995729920000NE|0|20260504|220246|20260504|1|SCOUGHLAN
100|500|142||PFQ|C22|0995729920000SA|0995729920000SA|0995729920000SA|0|20260504|220246|20260504|1|SCOUGHLAN
100|500|142||PFQ|C22|1030175700000NE|1030175700000NE|1030175700000NE|0|20260504|220246|20260504|1|SCOUGHLAN
100|500|142||PFQ|C22|1030175700000SA|1030175700000SA|1030175700000SA|0|20260504|220246|20260504|1|SCOUGHLAN
100|500|142||PFQ|C22|103391843NE|103391843NE|103391843NE|0|20260504|220246|20260504|1|SCOUGHLAN
100|500|142||PFQ|C22|103391843SA|103391843SA|103391843SA|0|20260504|220246|20260504|1|SCOUGHLAN
100|500|142||PFQ|C22|1123599220000NE|1123599220000NE|1123599220000NE|0|20260504|220246|20260504|1|SCOUGHLAN
100|500|142||PFQ|C22|1123599220000SA|1123599220000SA|1123599220000SA|0|20260504|220246|20260504|1|SCOUGHLAN
100|500|142||PFQ|C22|1124515340000NE|1124515340000NE|1124515340000NE|0|20260504|220246|20260504|1|SCOUGHLAN
100|500|142||PFQ|C22|1124515340000SA|1124515340000SA|1124515340000SA|0|20260504|220246|20260504|1|SCOUGHLAN
100|500|142||PFQ|C22|113112861NE|113112861NE|113112861NE|0|20260504|220246|20260504|1|SCOUGHLAN
100|500|142||PFQ|C22|113112861SA|113112861SA|113112861SA|0|20260504|220246|20260504|1|SCOUGHLAN
100|500|142||PFQ|C22|113694512NE|113694512NE|113694512NE|0|20260504|220246|20260504|1|SCOUGHLAN
100|500|142||PFQ|C22|113694512SA|113694512SA|113694512SA|0|20260504|220246|20260504|1|SCOUGHLAN
100|500|142||PFQ|C22|116489NE|116489NE|116489NE|0|20260504|220246|20260504|1|SCOUGHLAN
100|500|142||PFQ|C22|116489SA|116489SA|116489SA|0|20260504|220246|20260504|1|SCOUGHLAN
100|500|142||PFQ|C22|1223609720000NE|1223609720000NE|1223609720000NE|0|20260504|220246|20260504|1|SCOUGHLAN
100|500|142||PFQ|C22|1223609720000SA|1223609720000SA|1223609720000SA|0|20260504|220246|20260504|1|SCOUGHLAN
100|500|142||PFQ|C22|122712NE|122712NE|122712NE|0|20260504|220246|20260504|1|SCOUGHLAN
100|500|142||PFQ|C22|122712SA|122712SA|122712SA|0|20260504|220246|20260504|1|SCOUGHLAN
100|500|142||PFQ|C22|1229487500000NE|1229487500000NE|1229487500000NE|0|20260504|220246|20260504|1|SCOUGHLAN
100|500|142||PFQ|C22|1229487500000SA|1229487500000SA|1229487500000SA|0|20260504|220246|20260504|1|SCOUGHLAN
100|500|142||PFQ|C22|127724537NE|127724537NE|127724537NE|0|20260504|220246|20260504|1|SCOUGHLAN
100|500|142||PFQ|C22|127724537SA|127724537SA|127724537SA|0|20260504|220246|20260504|1|SCOUGHLAN
100|500|142||PFQ|C22|139182NE|139182NE|139182NE|0|20260504|220246|20260504|1|SCOUGHLAN
100|500|142||PFQ|C22|139182SA|139182SA|139182SA|0|20260504|220246|20260504|1|SCOUGHLAN
100|500|142||PFQ|C22|139531NE|139531NE|139531NE|0|20260504|220246|20260504|1|SCOUGHLAN
100|500|142||PFQ|C22|139531SA|139531SA|139531SA|0|20260504|220246|20260504|1|SCOUGHLAN
100|500|142||PFQ|C22|1418835410000NE|1418835410000NE|1418835410000NE|0|20260504|220246|20260504|1|SCOUGHLAN
100|500|142||PFQ|C22|1418835410000SA|1418835410000SA|1418835410000SA|0|20260504|220246|20260504|1|SCOUGHLAN
100|500|142||PFQ|C22|1434459350000NE|1434459350000NE|1434459350000NE|0|20260504|220246|20260504|1|SCOUGHLAN
100|500|142||PFQ|C22|1434459350000SA|1434459350000SA|1434459350000SA|0|20260504|220246|20260504|1|SCOUGHLAN
100|500|142||PFQ|C22|153320NE|153320NE|153320NE|0|20260504|220246|20260504|1|SCOUGHLAN
100|500|142||PFQ|C22|153320SA|153320SA|153320SA|0|20260504|220246|20260504|1|SCOUGHLAN
100|500|142||PFQ|C22|153322NE|153322NE|153322NE|0|20260504|220246|20260504|1|SCOUGHLAN
100|500|142||PFQ|C22|153322SA|153322SA|153322SA|0|20260504|220246|20260504|1|SCOUGHLAN
100|500|142||PFQ|C22|153549NE|153549NE|153549NE|0|20260504|220246|20260504|1|SCOUGHLAN
100|500|142||PFQ|C22|153549SA|153549SA|153549SA|0|20260504|220246|20260504|1|SCOUGHLAN
100|500|142||PFQ|C22|154191NE|154191NE|154191NE|0|20260504|220246|20260504|1|SCOUGHLAN
100|500|142||PFQ|C22|154191SA|154191SA|154191SA|0|20260504|220246|20260504|1|SCOUGHLAN
100|500|142||PFQ|C22|1542398000000NE|1542398000000NE|1542398000000NE|0|20260504|220246|20260504|1|SCOUGHLAN
100|500|142||PFQ|C22|1542398000000SA|1542398000000SA|1542398000000SA|0|20260504|220246|20260504|1|SCOUGHLAN
100|500|142||PFQ|C22|1577962510000NE|1577962510000NE|1577962510000NE|0|20260504|220246|20260504|1|SCOUGHLAN
100|500|142||PFQ|C22|1577962510000SA|1577962510000SA|1577962510000SA|0|20260504|220246|20260504|1|SCOUGHLAN
100|500|142||PFQ|C22|1598686240000NE|1598686240000NE|1598686240000NE|0|20260504|220246|20260504|1|SCOUGHLAN
100|500|142||PFQ|C22|1598686240000SA|1598686240000SA|1598686240000SA|0|20260504|220246|20260504|1|SCOUGHLAN
100|500|142||PFQ|C22|165319NE|165319NE|165319NE|0|20260504|220246|20260504|1|SCOUGHLAN
100|500|142||PFQ|C22|165319SA|165319SA|165319SA|0|20260504|220246|20260504|1|SCOUGHLAN
100|500|142||PFQ|C22|1684664510000NE|1684664510000NE|1684664510000NE|0|20260504|220246|20260504|1|SCOUGHLAN
100|500|142||PFQ|C22|1684664510000SA|1684664510000SA|1684664510000SA|0|20260504|220246|20260504|1|SCOUGHLAN
100|500|142||PFQ|C22|170169NE|170169NE|170169NE|0|20260504|220246|20260504|1|SCOUGHLAN
100|500|142||PFQ|C22|170169SA|170169SA|170169SA|0|20260504|220246|20260504|1|SCOUGHLAN
100|500|142||PFQ|C22|17485NE|17485NE|17485NE|0|20260504|220246|20260504|1|SCOUGHLAN
100|500|142||PFQ|C22|17485SA|17485SA|17485SA|0|20260504|220246|20260504|1|SCOUGHLAN
100|500|142||PFQ|C22|183602NE|183602NE|183602NE|0|20260504|220246|20260504|1|SCOUGHLAN
100|500|142||PFQ|C22|183602SA|183602SA|183602SA|0|20260504|220246|20260504|1|SCOUGHLAN
100|500|142||PFQ|C22|1914465250000NE|1914465250000NE|1914465250000NE|0|20260504|220246|20260504|1|SCOUGHLAN
100|500|142||PFQ|C22|1914465250000SA|1914465250000SA|1914465250000SA|0|20260504|220246|20260504|1|SCOUGHLAN
100|500|142||PFQ|C22|1948450120000NE|1948450120000NE|1948450120000NE|0|20260504|220246|20260504|1|SCOUGHLAN
100|500|142||PFQ|C22|1948450120000SA|1948450120000SA|1948450120000SA|0|20260504|220246|20260504|1|SCOUGHLAN
100|500|142||PFQ|C22|200495NE|200495NE|200495NE|0|20260504|220246|20260504|1|SCOUGHLAN
100|500|142||PFQ|C22|200495SA|200495SA|200495SA|0|20260504|220246|20260504|1|SCOUGHLAN
100|500|142||PFQ|C22|200699000NE|200699000NE|200699000NE|0|20260504|220246|20260504|1|SCOUGHLAN
100|500|142||PFQ|C22|200699000SA|200699000SA|200699000SA|0|20260504|220246|20260504|1|SCOUGHLAN
100|500|142||PFQ|C22|211171NE|211171NE|211171NE|0|20260504|220246|20260504|1|SCOUGHLAN
100|500|142||PFQ|C22|211171SA|211171SA|211171SA|0|20260504|220246|20260504|1|SCOUGHLAN
100|500|142||PFQ|C22|25120NE|25120NE|25120NE|0|20260504|220246|20260504|1|SCOUGHLAN
100|500|142||PFQ|C22|25120SA|25120SA|25120SA|0|20260504|220246|20260504|1|SCOUGHLAN
100|500|142||PFQ|C22|2521335170360NE|2521335170360NE|2521335170360NE|0|20260504|220246|20260504|1|SCOUGHLAN
100|500|142||PFQ|C22|2521335170360SA|2521335170360SA|2521335170360SA|0|20260504|220246|20260504|1|SCOUGHLAN
100|500|142||PFQ|C22|2521335173205NE|2521335173205NE|2521335173205NE|0|20260504|220246|20260504|1|SCOUGHLAN
100|500|142||PFQ|C22|2521335173205SA|2521335173205SA|2521335173205SA|0|20260504|220246|20260504|1|SCOUGHLAN
100|500|142||PFQ|C22|27707NE|27707NE|27707NE|0|20260504|220246|20260504|1|SCOUGHLAN
100|500|142||PFQ|C22|27707SA|27707SA|27707SA|0|20260504|220246|20260504|1|SCOUGHLAN
100|500|142||PFQ|C22|288302NE|288302NE|288302NE|0|20260504|220246|20260504|1|SCOUGHLAN
100|500|142||PFQ|C22|288302SA|288302SA|288302SA|0|20260504|220246|20260504|1|SCOUGHLAN
100|500|142||PFQ|C22|28908NE|28908NE|28908NE|0|20260504|220246|20260504|1|SCOUGHLAN
100|500|142||PFQ|C22|28908SA|28908SA|28908SA|0|20260504|220246|20260504|1|SCOUGHLAN
100|500|142||PFQ|C22|29982NE|29982NE|29982NE|0|20260504|220246|20260504|1|SCOUGHLAN
100|500|142||PFQ|C22|29982SA|29982SA|29982SA|0|20260504|220246|20260504|1|SCOUGHLAN
100|500|142||PFQ|C22|312037NE|312037NE|312037NE|0|20260504|220246|20260504|1|SCOUGHLAN
100|500|142||PFQ|C22|312037SA|312037SA|312037SA|0|20260504|220246|20260504|1|SCOUGHLAN
100|500|142||PFQ|C22|3318NE|3318NE|3318NE|0|20260504|220246|20260504|1|SCOUGHLAN
100|500|142||PFQ|C22|3318SA|3318SA|3318SA|0|20260504|220246|20260504|1|SCOUGHLAN
100|500|142||PFQ|C22|3619643280000NE|3619643280000NE|3619643280000NE|0|20260504|220246|20260504|1|SCOUGHLAN
100|500|142||PFQ|C22|3619643280000SA|3619643280000SA|3619643280000SA|0|20260504|220246|20260504|1|SCOUGHLAN
100|500|142||PFQ|C22|4720NE|4720NE|4720NE|0|20260504|220246|20260504|1|SCOUGHLAN
100|500|142||PFQ|C22|4720SA|4720SA|4720SA|0|20260504|220246|20260504|1|SCOUGHLAN
100|500|142||PFQ|C22|6058393770000NE|6058393770000NE|6058393770000NE|0|20260504|220246|20260504|1|SCOUGHLAN
100|500|142||PFQ|C22|6058393770000SA|6058393770000SA|6058393770000SA|0|20260504|220246|20260504|1|SCOUGHLAN
100|500|142||PFQ|C22|609815618NE|609815618NE|609815618NE|0|20260504|220246|20260504|1|SCOUGHLAN
100|500|142||PFQ|C22|609815618SA|609815618SA|609815618SA|0|20260504|220246|20260504|1|SCOUGHLAN
100|500|142||PFQ|C22|6173341720000NE|6173341720000NE|6173341720000NE|0|20260504|220246|20260504|1|SCOUGHLAN
100|500|142||PFQ|C22|6173341720000SA|6173341720000SA|6173341720000SA|0|20260504|220246|20260504|1|SCOUGHLAN
100|500|142||PFQ|C22|6207930670000NE|6207930670000NE|6207930670000NE|0|20260504|220246|20260504|1|SCOUGHLAN
100|500|142||PFQ|C22|6207930670000SA|6207930670000SA|6207930670000SA|0|20260504|220246|20260504|1|SCOUGHLAN
100|500|142||PFQ|C22|621418185NE|621418185NE|621418185NE|0|20260504|220246|20260504|1|SCOUGHLAN
100|500|142||PFQ|C22|621418185SA|621418185SA|621418185SA|0|20260504|220246|20260504|1|SCOUGHLAN
100|500|142||PFQ|C22|6227663760000NE|6227663760000NE|6227663760000NE|0|20260504|220246|20260504|1|SCOUGHLAN
100|500|142||PFQ|C22|6227663760000SA|6227663760000SA|6227663760000SA|0|20260504|220246|20260504|1|SCOUGHLAN
100|500|142||PFQ|C22|6233404240000NE|6233404240000NE|6233404240000NE|0|20260504|220246|20260504|1|SCOUGHLAN
100|500|142||PFQ|C22|6233404240000SA|6233404240000SA|6233404240000SA|0|20260504|220246|20260504|1|SCOUGHLAN
100|500|142||PFQ|C22|64503NE|64503NE|64503NE|0|20260504|220246|20260504|1|SCOUGHLAN
100|500|142||PFQ|C22|64503SA|64503SA|64503SA|0|20260504|220246|20260504|1|SCOUGHLAN
100|500|142||PFQ|C22|6516388972NE|6516388972NE|6516388972NE|0|20260504|220246|20260504|1|SCOUGHLAN
100|500|142||PFQ|C22|6516388972SA|6516388972SA|6516388972SA|0|20260504|220246|20260504|1|SCOUGHLAN
100|500|142||PFQ|C22|74946NE|74946NE|74946NE|0|20260504|220246|20260504|1|SCOUGHLAN
100|500|142||PFQ|C22|74946SA|74946SA|74946SA|0|20260504|220246|20260504|1|SCOUGHLAN
100|500|142||PFQ|C22|77375NE|77375NE|77375NE|0|20260504|220246|20260504|1|SCOUGHLAN
100|500|142||PFQ|C22|77375SA|77375SA|77375SA|0|20260504|220246|20260504|1|SCOUGHLAN
100|500|142||PFQ|C22|7853277430000NE|7853277430000NE|7853277430000NE|0|20260504|220246|20260504|1|SCOUGHLAN
100|500|142||PFQ|C22|7853277430000SA|7853277430000SA|7853277430000SA|0|20260504|220246|20260504|1|SCOUGHLAN
100|500|142||PFQ|C22|79-244-2543NE|79-244-2543NE|79-244-2543NE|0|20260504|220246|20260504|1|SCOUGHLAN
100|500|142||PFQ|C22|79-244-2543SA|79-244-2543SA|79-244-2543SA|0|20260504|220246|20260504|1|SCOUGHLAN
100|500|142||PFQ|C22|7951404330000NE|7951404330000NE|7951404330000NE|0|20260504|220246|20260504|1|SCOUGHLAN
100|500|142||PFQ|C22|7951404330000SA|7951404330000SA|7951404330000SA|0|20260504|220246|20260504|1|SCOUGHLAN
100|500|142||PFQ|C22|7969234490000NE|7969234490000NE|7969234490000NE|0|20260504|220246|20260504|1|SCOUGHLAN
100|500|142||PFQ|C22|7969234490000SA|7969234490000SA|7969234490000SA|0|20260504|220246|20260504|1|SCOUGHLAN
100|500|142||PFQ|C22|7990097820000NE|7990097820000NE|7990097820000NE|0|20260504|220246|20260504|1|SCOUGHLAN
100|500|142||PFQ|C22|7990097820000SA|7990097820000SA|7990097820000SA|0|20260504|220246|20260504|1|SCOUGHLAN
100|500|142||PFQ|C22|7991261720000NE|7991261720000NE|7991261720000NE|0|20260504|220246|20260504|1|SCOUGHLAN
100|500|142||PFQ|C22|7991261720000SA|7991261720000SA|7991261720000SA|0|20260504|220246|20260504|1|SCOUGHLAN
100|500|142||PFQ|C22|7991262710000NE|7991262710000NE|7991262710000NE|0|20260504|220246|20260504|1|SCOUGHLAN
100|500|142||PFQ|C22|7991262710000SA|7991262710000SA|7991262710000SA|0|20260504|220246|20260504|1|SCOUGHLAN
100|500|142||PFQ|C22|7991264200000NE|7991264200000NE|7991264200000NE|0|20260504|220246|20260504|1|SCOUGHLAN
100|500|142||PFQ|C22|7991264200000SA|7991264200000SA|7991264200000SA|0|20260504|220246|20260504|1|SCOUGHLAN
100|500|142||PFQ|C22|7991272040000NE|7991272040000NE|7991272040000NE|0|20260504|220246|20260504|1|SCOUGHLAN
100|500|142||PFQ|C22|7991272040000SA|7991272040000SA|7991272040000SA|0|20260504|220246|20260504|1|SCOUGHLAN
100|500|142||PFQ|C22|7991281520000NE|7991281520000NE|7991281520000NE|0|20260504|220246|20260504|1|SCOUGHLAN
100|500|142||PFQ|C22|7991281520000SA|7991281520000SA|7991281520000SA|0|20260504|220246|20260504|1|SCOUGHLAN
100|500|142||PFQ|C22|8003602231NE|8003602231NE|8003602231NE|0|20260504|220246|20260504|1|SCOUGHLAN
100|500|142||PFQ|C22|8003602231SA|8003602231SA|8003602231SA|0|20260504|220246|20260504|1|SCOUGHLAN
100|500|142||PFQ|C22|8051669640000NE|8051669640000NE|8051669640000NE|0|20260504|220246|20260504|1|SCOUGHLAN
100|500|142||PFQ|C22|8051669640000SA|8051669640000SA|8051669640000SA|0|20260504|220246|20260504|1|SCOUGHLAN
100|500|142||PFQ|C22|8062922440000NE|8062922440000NE|8062922440000NE|0|20260504|220246|20260504|1|SCOUGHLAN
100|500|142||PFQ|C22|8062922440000SA|8062922440000SA|8062922440000SA|0|20260504|220246|20260504|1|SCOUGHLAN
100|500|142||PFQ|C22|8065506040000NE|8065506040000NE|8065506040000NE|0|20260504|220246|20260504|1|SCOUGHLAN
100|500|142||PFQ|C22|8065506040000SA|8065506040000SA|8065506040000SA|0|20260504|220246|20260504|1|SCOUGHLAN
100|500|142||PFQ|C22|8092014110000NE|8092014110000NE|8092014110000NE|0|20260504|220246|20260504|1|SCOUGHLAN
100|500|142||PFQ|C22|8092014110000SA|8092014110000SA|8092014110000SA|0|20260504|220246|20260504|1|SCOUGHLAN
100|500|142||PFQ|C22|8250728200000NE|8250728200000NE|8250728200000NE|0|20260504|220246|20260504|1|SCOUGHLAN
100|500|142||PFQ|C22|8250728200000SA|8250728200000SA|8250728200000SA|0|20260504|220246|20260504|1|SCOUGHLAN
100|500|142||PFQ|C22|8250729600000NE|8250729600000NE|8250729600000NE|0|20260504|220246|20260504|1|SCOUGHLAN
100|500|142||PFQ|C22|8250729600000SA|8250729600000SA|8250729600000SA|0|20260504|220246|20260504|1|SCOUGHLAN
100|500|142||PFQ|C22|8355689650000NE|8355689650000NE|8355689650000NE|0|20260504|220246|20260504|1|SCOUGHLAN
100|500|142||PFQ|C22|8355689650000SA|8355689650000SA|8355689650000SA|0|20260504|220246|20260504|1|SCOUGHLAN
100|500|142||PFQ|C22|8360573980000NE|8360573980000NE|8360573980000NE|0|20260504|220246|20260504|1|SCOUGHLAN
100|500|142||PFQ|C22|8360573980000SA|8360573980000SA|8360573980000SA|0|20260504|223705|20260504|1|SCOUGHLAN
100|500|142||PFQ|C22|85119NE|85119NE|85119NE|0|20260504|223639|20260504|1|SCOUGHLAN
100|500|142||PFQ|C22|85119SA|85119SA|85119SA|0|20260504|223701|20260504|1|SCOUGHLAN
100|500|142||PFQ|C22|9293238970000NE|9293238970000NE|9293238970000NE|0|20260504|223702|20260504|1|SCOUGHLAN
100|500|142||PFQ|C22|9293238970000SA|9293238970000SA|9293238970000SA|0|20260504|223649|20260504|1|SCOUGHLAN
100|500|142||PFQ|C22|9293239390000NE|9293239390000NE|9293239390000NE|0|20260504|223700|20260504|1|SCOUGHLAN
100|500|142||PFQ|C22|9293239390000SA|9293239390000SA|9293239390000SA|0|20260504|223645|20260504|1|SCOUGHLAN
100|500|142||PFQ|C22|9478184560000NE|9478184560000NE|9478184560000NE|0|20260504|223641|20260504|1|SCOUGHLAN
100|500|142||PFQ|C22|9478184560000SA|9478184560000SA|9478184560000SA|0|20260504|223628|20260504|1|SCOUGHLAN
100|500|142||PFQ|C22|AMAZON_FBM|AMAZON_FBM|AMAZON_FBM|0|20260504|223633|20260504|1|SCOUGHLAN
100|500|142||PFQ|C22|Amazon_FBM|Amazon_FBM|Amazon_FBM|0|20260504|223708|20260504|1|SCOUGHLAN
100|500|142||PFQ|C22|FRESHDIRECTNE|FRESHDIRECTNE|FRESHDIRECTNE|0|20260504|223704|20260504|1|SCOUGHLAN
100|500|142||PFQ|C22|FRESHDIRECTSA|FRESHDIRECTSA|FRESHDIRECTSA|0|20260504|223655|20260504|1|SCOUGHLAN
100|500|142||PFQ|C22|PERFFOODSERVICENE|C22|C22|0|20260504|223623|20260504|1|SCOUGHLAN
100|500|142||PFQ|C22|PERFFOODSERVICESA|C22|C22|0|20260504|223648|20260504|1|SCOUGHLAN
100|500|142||PFQ|C22|SUPPLIESFLYNE|SUPPLIESFLYNE|SUPPLIESFLYNE|0|20260504|223636|20260504|1|SCOUGHLAN
100|500|142||PFQ|C22|SUPPLIESFLYSA|SUPPLIESFLYSA|SUPPLIESFLYSA|0|20260504|223706|20260504|1|SCOUGHLAN
100|500|142||PFQ|C25|051957769DR|051957769DR|051957769DR|0|20260504|223649|20260504|1|SCOUGHLAN
100|500|142||PFQ|C25|051957769DS|051957769DS|051957769DS|0|20260504|223645|20260504|1|SCOUGHLAN
100|500|142||PFQ|C25|051957769NE|051957769NE|051957769NE|0|20260504|223639|20260504|1|SCOUGHLAN
100|500|142||PFQ|C25|051957769SA|051957769SA|051957769SA|0|20260504|223639|20260504|1|SCOUGHLAN
100|500|142||PFQ|C26|AMAZON_FBA|AMAZON_FBA|AMAZON_FBA|0|20260504|223630|20260504|1|SCOUGHLAN
100|500|142||PFQ|C26|Amazon_FBA|Amazon_FBA|Amazon_FBA|0|20260504|223659|20260504|1|SCOUGHLAN
100|500|149||PFQ|C22|8360573980000SA|8360573980000SA|8360573980000SA|0|20260504|220246|20260504|1|SCOUGHLAN
100|500|149||PFQ|CH1|USMAIL|USMAIL|USMAIL|0|20260504|223710|20260504|1|SCOUGHLAN
100|500|149||PFQ|CHR|RETURN|RETURN|RETURN|0|20260504|223701|20260504|1|SCOUGHLAN
100|500|158||PFQ|C22|85119SA|85119SA|85119SA|0|20260504|220246|20260504|1|SCOUGHLAN
100|500|158||PFQ|CPU|VALIDTEDL|VALIDTEDL|VALIDTEDL|0|20260504|204402|20260504|1|SCOUGHLAN
100|500|158||PFQ|IA|RSCD|TransCode|Transaction Reason Code|0|20260504|204402|20260504|1|SCOUGHLAN
100|500|158||PFQ|PFQ|TEDL|ShipTerms|Delivery Term|0|20260504|204402|20260504|1|SCOUGHLAN
100|500|158||PFQ|Y|010|Valid Action Co|Valid Action Code|0|20260504|204402|20260504|1|SCOUGHLAN
100|500|166||PFQ|C22|9293239390000SA|9293239390000SA|9293239390000SA|0|20260504|220246|20260504|1|SCOUGHLAN
100|500|166||PFQ|CH1|USMAIL|CH1|CH1|0|20260504|204406|20260504|1|SCOUGHLAN
100|500|166||PFQ|CHR|RETURN|CHR|CHR|0|20260504|204406|20260504|1|SCOUGHLAN
100|500|167||PFQ|855|101734|101734|101734|0|20260504|220246|20260504|1|SCOUGHLAN
100|500|167||PFQ|855|10813|10813|10813|0|20260504|220246|20260504|1|SCOUGHLAN
100|500|167||PFQ|855|116489|116489|116489|0|20260504|220246|20260504|1|SCOUGHLAN
100|500|167||PFQ|855|11750|11750|11750|0|20260504|220246|20260504|1|SCOUGHLAN
100|500|167||PFQ|855|122712|122712|122712|0|20260504|220246|20260504|1|SCOUGHLAN
100|500|167||PFQ|855|139182|139182|139182|0|20260504|220246|20260504|1|SCOUGHLAN
100|500|167||PFQ|855|139217|139217|139217|0|20260504|220246|20260504|1|SCOUGHLAN
100|500|167||PFQ|855|140130|140130|140130|0|20260504|220246|20260504|1|SCOUGHLAN
100|500|167||PFQ|855|142145|142145|142145|0|20260504|220246|20260504|1|SCOUGHLAN
100|500|167||PFQ|855|142767|142767|142767|0|20260504|220246|20260504|1|SCOUGHLAN
100|500|167||PFQ|855|145487|145487|145487|0|20260504|220246|20260504|1|SCOUGHLAN
100|500|167||PFQ|855|15247|15247|15247|0|20260504|220246|20260504|1|SCOUGHLAN
100|500|167||PFQ|855|153320|153320|153320|0|20260504|220246|20260504|1|SCOUGHLAN
100|500|167||PFQ|855|153322|153322|153322|0|20260504|220246|20260504|1|SCOUGHLAN
100|500|167||PFQ|855|153549|153549|153549|0|20260504|220246|20260504|1|SCOUGHLAN
100|500|167||PFQ|855|154053|154053|154053|0|20260504|220246|20260504|1|SCOUGHLAN
100|500|167||PFQ|855|154191|154191|154191|0|20260504|220246|20260504|1|SCOUGHLAN
100|500|167||PFQ|855|17485|17485|17485|0|20260504|220246|20260504|1|SCOUGHLAN
100|500|167||PFQ|855|182822|182822|182822|0|20260504|220246|20260504|1|SCOUGHLAN
100|500|167||PFQ|855|183602|183602|183602|0|20260504|220246|20260504|1|SCOUGHLAN
100|500|167||PFQ|855|18997|18997|18997|0|20260504|220246|20260504|1|SCOUGHLAN
100|500|167||PFQ|855|19093|19093|19093|0|20260504|220246|20260504|1|SCOUGHLAN
100|500|167||PFQ|855|21965|21965|21965|0|20260504|220246|20260504|1|SCOUGHLAN
100|500|167||PFQ|855|23637|23637|23637|0|20260504|220246|20260504|1|SCOUGHLAN
100|500|167||PFQ|855|241055|241055|241055|0|20260504|220246|20260504|1|SCOUGHLAN
100|500|167||PFQ|855|24316|24316|24316|0|20260504|220246|20260504|1|SCOUGHLAN
100|500|167||PFQ|855|25020|25020|25020|0|20260504|220246|20260504|1|SCOUGHLAN
100|500|167||PFQ|855|25120|25120|25120|0|20260504|220246|20260504|1|SCOUGHLAN
100|500|167||PFQ|855|263391|263391|263391|0|20260504|220246|20260504|1|SCOUGHLAN
100|500|167||PFQ|855|26483|26483|26483|0|20260504|220246|20260504|1|SCOUGHLAN
100|500|167||PFQ|855|27707|27707|27707|0|20260504|220246|20260504|1|SCOUGHLAN
100|500|167||PFQ|855|28131|28131|28131|0|20260504|220246|20260504|1|SCOUGHLAN
100|500|167||PFQ|855|287|287|287|0|20260504|220246|20260504|1|SCOUGHLAN
100|500|167||PFQ|855|288302|288302|288302|0|20260504|220246|20260504|1|SCOUGHLAN
100|500|167||PFQ|855|28908|28908|28908|0|20260504|220246|20260504|1|SCOUGHLAN
100|500|167||PFQ|855|29982|29982|29982|0|20260504|220246|20260504|1|SCOUGHLAN
100|500|167||PFQ|855|304|304|304|0|20260504|220246|20260504|1|SCOUGHLAN
100|500|167||PFQ|855|312037|312037|312037|0|20260504|220246|20260504|1|SCOUGHLAN
100|500|167||PFQ|855|3318|3318|3318|0|20260504|220246|20260504|1|SCOUGHLAN
100|500|167||PFQ|855|36949|36949|36949|0|20260504|220246|20260504|1|SCOUGHLAN
100|500|167||PFQ|855|444|444|444|0|20260504|220246|20260504|1|SCOUGHLAN
100|500|167||PFQ|855|4720|4720|4720|0|20260504|220246|20260504|1|SCOUGHLAN
100|500|167||PFQ|855|4764|4764|4764|0|20260504|220246|20260504|1|SCOUGHLAN
100|500|167||PFQ|855|52197|52197|52197|0|20260504|220246|20260504|1|SCOUGHLAN
100|500|167||PFQ|855|533153|533153|533153|0|20260504|220247|20260504|1|SCOUGHLAN
100|500|167||PFQ|855|588142|588142|588142|0|20260504|220247|20260504|1|SCOUGHLAN
100|500|167||PFQ|855|6287|6287|6287|0|20260504|220247|20260504|1|SCOUGHLAN
100|500|167||PFQ|855|64503|64503|64503|0|20260504|220247|20260504|1|SCOUGHLAN
100|500|167||PFQ|855|67054|67054|67054|0|20260504|220247|20260504|1|SCOUGHLAN
100|500|167||PFQ|855|6779|6779|6779|0|20260504|220247|20260504|1|SCOUGHLAN
100|500|167||PFQ|855|699|699|699|0|20260504|220247|20260504|1|SCOUGHLAN
100|500|167||PFQ|855|71567|71567|71567|0|20260504|220247|20260504|1|SCOUGHLAN
100|500|167||PFQ|855|73379|73379|73379|0|20260504|220247|20260504|1|SCOUGHLAN
100|500|167||PFQ|855|74076|74076|74076|0|20260504|220247|20260504|1|SCOUGHLAN
100|500|167||PFQ|855|74946|74946|74946|0|20260504|220247|20260504|1|SCOUGHLAN
100|500|167||PFQ|855|7520|7520|7520|0|20260504|220247|20260504|1|SCOUGHLAN
100|500|167||PFQ|855|75654|75654|75654|0|20260504|220247|20260504|1|SCOUGHLAN
100|500|167||PFQ|855|77375|77375|77375|0|20260504|220247|20260504|1|SCOUGHLAN
100|500|167||PFQ|855|80019|80019|80019|0|20260504|220247|20260504|1|SCOUGHLAN
100|500|167||PFQ|855|80123|80123|80123|0|20260504|220247|20260504|1|SCOUGHLAN
100|500|167||PFQ|855|81463|81463|81463|0|20260504|220247|20260504|1|SCOUGHLAN
100|500|167||PFQ|855|82128|82128|82128|0|20260504|220247|20260504|1|SCOUGHLAN
100|500|167||PFQ|855|82211|82211|82211|0|20260504|220247|20260504|1|SCOUGHLAN
100|500|167||PFQ|855|83509|83509|83509|0|20260504|220247|20260504|1|SCOUGHLAN
100|500|167||PFQ|855|84101|84101|84101|0|20260504|220247|20260504|1|SCOUGHLAN
100|500|167||PFQ|855|85119|85119|85119|0|20260504|220247|20260504|1|SCOUGHLAN
100|500|167||PFQ|855|8708|8708|8708|0|20260504|220247|20260504|1|SCOUGHLAN
100|500|167||PFQ|855|8710|8710|8710|0|20260504|220247|20260504|1|SCOUGHLAN
100|500|167||PFQ|855|8711|8711|8711|0|20260504|220247|20260504|1|SCOUGHLAN
100|500|167||PFQ|855|8712|8712|8712|0|20260504|220247|20260504|1|SCOUGHLAN
100|500|167||PFQ|855|8713|8713|8713|0|20260504|220247|20260504|1|SCOUGHLAN
100|500|167||PFQ|855|8715|8715|8715|0|20260504|220247|20260504|1|SCOUGHLAN
100|500|167||PFQ|855|8720|8720|8720|0|20260504|220247|20260504|1|SCOUGHLAN
100|500|167||PFQ|855|8721|8721|8721|0|20260504|220247|20260504|1|SCOUGHLAN
100|500|167||PFQ|855|8722|8722|8722|0|20260504|220247|20260504|1|SCOUGHLAN
100|500|167||PFQ|855|8723|8723|8723|0|20260504|220247|20260504|1|SCOUGHLAN
100|500|167||PFQ|855|8724|8724|8724|0|20260504|220247|20260504|1|SCOUGHLAN
100|500|167||PFQ|855|8726|8726|8726|0|20260504|220247|20260504|1|SCOUGHLAN
100|500|167||PFQ|855|8747|8747|8747|0|20260504|220247|20260504|1|SCOUGHLAN
100|500|167||PFQ|855|8748|8748|8748|0|20260504|220247|20260504|1|SCOUGHLAN
100|500|167||PFQ|855|8749|8749|8749|0|20260504|220247|20260504|1|SCOUGHLAN
100|500|167||PFQ|855|8750|8750|8750|0|20260504|220247|20260504|1|SCOUGHLAN
100|500|167||PFQ|855|8751|8751|8751|0|20260504|220247|20260504|1|SCOUGHLAN
100|500|167||PFQ|855|8753|8753|8753|0|20260504|220247|20260504|1|SCOUGHLAN
100|500|167||PFQ|855|8754|8754|8754|0|20260504|220247|20260504|1|SCOUGHLAN
100|500|167||PFQ|855|8755|8755|8755|0|20260504|223711|20260504|1|SCOUGHLAN
100|500|167||PFQ|855|8756|8756|8756|0|20260504|223711|20260504|1|SCOUGHLAN
100|500|167||PFQ|855|8759|8759|8759|0|20260504|223639|20260504|1|SCOUGHLAN
100|500|167||PFQ|855|8760|8760|8760|0|20260504|223646|20260504|1|SCOUGHLAN
100|500|167||PFQ|855|8761|8761|8761|0|20260504|223643|20260504|1|SCOUGHLAN
100|500|167||PFQ|855|8762|8762|8762|0|20260504|223710|20260504|1|SCOUGHLAN
100|500|167||PFQ|855|8763|8763|8763|0|20260504|223702|20260504|1|SCOUGHLAN
100|500|167||PFQ|855|8764|8764|8764|0|20260504|223633|20260504|1|SCOUGHLAN
100|500|167||PFQ|855|8767|8767|8767|0|20260504|223647|20260504|1|SCOUGHLAN
100|500|167||PFQ|855|8768|8768|8768|0|20260504|223659|20260504|1|SCOUGHLAN
100|500|167||PFQ|855|8770|8770|8770|0|20260504|223659|20260504|1|SCOUGHLAN
100|500|167||PFQ|855|8771|8771|8771|0|20260504|223643|20260504|1|SCOUGHLAN
100|500|167||PFQ|855|8772|8772|8772|0|20260504|223625|20260504|1|SCOUGHLAN
100|500|167||PFQ|855|8773|8773|8773|0|20260504|223641|20260504|1|SCOUGHLAN
100|500|167||PFQ|855|8776|8776|8776|0|20260504|223640|20260504|1|SCOUGHLAN
100|500|167||PFQ|855|8777|8777|8777|0|20260504|223621|20260504|1|SCOUGHLAN
100|500|167||PFQ|855|8779|8779|8779|0|20260504|223649|20260504|1|SCOUGHLAN
100|500|167||PFQ|855|8784|8784|8784|0|20260504|223625|20260504|1|SCOUGHLAN
100|500|167||PFQ|855|9091|9091|9091|0|20260504|223645|20260504|1|SCOUGHLAN
100|500|167||PFQ|855|9197|9197|9197|0|20260504|223625|20260504|1|SCOUGHLAN
100|500|167||PFQ|855|9215|9215|9215|0|20260504|223646|20260504|1|SCOUGHLAN
100|500|167||PFQ|855|97006|97006|97006|0|20260504|223709|20260504|1|SCOUGHLAN
100|500|167||PFQ|855|9718|9718|9718|0|20260504|223659|20260504|1|SCOUGHLAN
100|500|167||PFQ|C22|9478184560000SA|9478184560000SA|9478184560000SA|0|20260504|220246|20260504|1|SCOUGHLAN
100|500|167||PFQ|C22|AMAZON_FBM|AMAZON_FBM|AMAZON_FBM|0|20260504|220246|20260504|1|SCOUGHLAN
100|500|167||PFQ|C22|Amazon_FBM|Amazon_FBM|Amazon_FBM|0|20260504|220246|20260504|1|SCOUGHLAN
100|500|167||PFQ|C22|FRESHDIRECTNE|FRESHDIRECTNE|FRESHDIRECTNE|0|20260504|220246|20260504|1|SCOUGHLAN
100|500|167||PFQ|C22|FRESHDIRECTSA|FRESHDIRECTSA|FRESHDIRECTSA|0|20260504|220246|20260504|1|SCOUGHLAN
100|500|167||PFQ|C22|PERFFOODSERVICENE|C22|C22|0|20260504|220246|20260504|1|SCOUGHLAN
100|500|167||PFQ|C22|PERFFOODSERVICESA|C22|C22|0|20260504|220246|20260504|1|SCOUGHLAN
100|500|167||PFQ|C22|SUPPLIESFLYNE|SUPPLIESFLYNE|SUPPLIESFLYNE|0|20260504|220246|20260504|1|SCOUGHLAN
100|500|167||PFQ|C22|SUPPLIESFLYSA|SUPPLIESFLYSA|SUPPLIESFLYSA|0|20260504|220246|20260504|1|SCOUGHLAN
100|500|167||PFQ|C25|051957769DR|051957769DR|051957769DR|0|20260504|220246|20260504|1|SCOUGHLAN
100|500|167||PFQ|C25|051957769DS|051957769DS|051957769DS|0|20260504|220246|20260504|1|SCOUGHLAN
100|500|167||PFQ|C25|051957769NE|051957769NE|051957769NE|0|20260504|220246|20260504|1|SCOUGHLAN
100|500|167||PFQ|C25|051957769SA|051957769SA|051957769SA|0|20260504|220246|20260504|1|SCOUGHLAN
100|500|167||PFQ|C26|AMAZON_FBA|AMAZON_FBA|AMAZON_FBA|0|20260504|220246|20260504|1|SCOUGHLAN
100|500|167||PFQ|C26|Amazon_FBA|Amazon_FBA|Amazon_FBA|0|20260504|220246|20260504|1|SCOUGHLAN
100|500|167||PFQ|CH1|USMAIL|USMAIL|USMAIL|0|20260504|220246|20260504|1|SCOUGHLAN
100|500|167||PFQ|CHR|RETURN|RETURN|RETURN|0|20260504|220246|20260504|1|SCOUGHLAN
100|500|167||PFQ|CPU|VALIDTEDL|VALIDTEDL|VALIDTEDL|0|20260504|220246|20260504|1|SCOUGHLAN
100|500|167||PFQ|IA|RSCD|TransCode|Transaction Reason Code|0|20260504|220246|20260504|1|SCOUGHLAN
100|500|167||PFQ|PFQ|TEDL|ShipTerms|Delivery Term|0|20260504|220246|20260504|1|SCOUGHLAN
100|500|167||PFQ|Y|010|Valid Action Co|Valid Action Code|0|20260504|220246|20260504|1|SCOUGHLAN
100|500|168||PFQ|855|8755|8755|8755|0|20260504|220247|20260504|1|SCOUGHLAN
100|500|168||PFQ|855|8756|8756|8756|0|20260504|220247|20260504|1|SCOUGHLAN
100|500|168||PFQ|855|8759|8759|8759|0|20260504|220247|20260504|1|SCOUGHLAN
100|500|168||PFQ|855|8760|8760|8760|0|20260504|220247|20260504|1|SCOUGHLAN
100|500|168||PFQ|855|8761|8761|8761|0|20260504|220247|20260504|1|SCOUGHLAN
100|500|168||PFQ|855|8762|8762|8762|0|20260504|220247|20260504|1|SCOUGHLAN
100|500|168||PFQ|Y|142318|Y|Y|0|20260504|204406|20260504|1|SCOUGHLAN
100|500|168||PFQ|Y|182822|Y|Y|0|20260504|204406|20260504|1|SCOUGHLAN
100|500|168||PFQ|Y|242707|Y|Y|0|20260504|204406|20260504|1|SCOUGHLAN
100|500|168||PFQ|Y|401858|Y|Y|0|20260504|204406|20260504|1|SCOUGHLAN
100|500|168||PFQ|Y|511908|Y|Y|0|20260504|204406|20260504|1|SCOUGHLAN
100|500|168||PFQ|Y|83509|83509|83509|0|20260504|223658|20260504|1|SCOUGHLAN
100|500|169||PFQ|855|8763|8763|8763|0|20260504|220247|20260504|1|SCOUGHLAN
100|500|169||PFQ|CON|252495_|252495_|252495_|0|20260504|223627|20260504|1|SCOUGHLAN
100|500|170||PFQ|855|8764|8764|8764|0|20260504|220247|20260504|1|SCOUGHLAN
100|500|170||PFQ|AMA|84363_|84363_|84363_|0|20260504|223704|20260504|1|SCOUGHLAN
100|500|171||PFQ|010|RSC1|RSC1|RSC1|0|20260504|223706|20260504|1|SCOUGHLAN
100|500|171||PFQ|010|RSCF|RSCF|RSCF|0|20260504|223711|20260504|1|SCOUGHLAN
100|500|171||PFQ|020|RSC1|RSC1|RSC1|0|20260504|223645|20260504|1|SCOUGHLAN
100|500|171||PFQ|030|RSC1|RSC1|RSC1|0|20260504|223710|20260504|1|SCOUGHLAN
100|500|171||PFQ|040|RSC1|RSC1|RSC1|0|20260504|223631|20260504|1|SCOUGHLAN
100|500|171||PFQ|050|RSC1|RSC1|RSC1|0|20260504|223658|20260504|1|SCOUGHLAN
100|500|171||PFQ|060|RSC1|RSC1|RSC1|0|20260504|223626|20260504|1|SCOUGHLAN
100|500|171||PFQ|070|RSC1|RSC1|RSC1|0|20260504|223645|20260504|1|SCOUGHLAN
100|500|171||PFQ|70|RSC1|70|70|0|20260504|204406|20260504|1|SCOUGHLAN
100|500|171||PFQ|855|8767|8767|8767|0|20260504|220247|20260504|1|SCOUGHLAN
100|500|171||PFQ|855|8768|8768|8768|0|20260504|220247|20260504|1|SCOUGHLAN
100|500|171||PFQ|855|8770|8770|8770|0|20260504|220247|20260504|1|SCOUGHLAN
100|500|171||PFQ|855|8771|8771|8771|0|20260504|220247|20260504|1|SCOUGHLAN
100|500|171||PFQ|855|8772|8772|8772|0|20260504|220247|20260504|1|SCOUGHLAN
100|500|171||PFQ|855|8773|8773|8773|0|20260504|220247|20260504|1|SCOUGHLAN
100|500|171||PFQ|855|8776|8776|8776|0|20260504|220247|20260504|1|SCOUGHLAN
100|500|171||PFQ|855|8777|8777|8777|0|20260504|220247|20260504|1|SCOUGHLAN
100|500|171||PFQ|855|8779|8779|8779|0|20260504|220247|20260504|1|SCOUGHLAN
100|500|171||PFQ|855|8784|8784|8784|0|20260504|220247|20260504|1|SCOUGHLAN
100|500|171||PFQ|855|9091|9091|9091|0|20260504|220247|20260504|1|SCOUGHLAN
100|500|171||PFQ|855|9197|9197|9197|0|20260504|220247|20260504|1|SCOUGHLAN
100|500|171||PFQ|CPU|VALIDTEDL|CPU|CPU|0|20260504|204406|20260504|1|SCOUGHLAN
100|500|171||PFQ|IA|RSCD|IA|IA|0|20260504|204406|20260504|1|SCOUGHLAN
100|500|171||PFQ|PFQ|TEDL|PFQ|PFQ|0|20260504|204406|20260504|1|SCOUGHLAN
100|500|172||PFQ|855|9215|9215|9215|0|20260504|220247|20260504|1|SCOUGHLAN
100|500|172||PFQ|BMO|028|BMO|BMO|0|20260504|204406|20260504|1|SCOUGHLAN
100|500|173||PFQ|855|97006|97006|97006|0|20260504|220247|20260504|1|SCOUGHLAN
100|500|173||PFQ|US|USA|US|US|0|20260504|204406|20260504|1|SCOUGHLAN
100|500|174||PFQ|855|9718|9718|9718|0|20260504|220247|20260504|1|SCOUGHLAN
100|500|174||PFQ|Y|241055|241055|241055|0|20260504|223705|20260504|1|SCOUGHLAN
100|500|175||PFQ|010|RSC1|RSC1|RSC1|0|20260504|220247|20260504|1|SCOUGHLAN
100|500|175||PFQ|010|RSCF|RSCF|RSCF|0|20260504|220247|20260504|1|SCOUGHLAN
100|500|175||PFQ|020|RSC1|RSC1|RSC1|0|20260504|220247|20260504|1|SCOUGHLAN
100|500|175||PFQ|030|RSC1|RSC1|RSC1|0|20260504|220247|20260504|1|SCOUGHLAN
100|500|175||PFQ|040|RSC1|RSC1|RSC1|0|20260504|220247|20260504|1|SCOUGHLAN
100|500|175||PFQ|050|RSC1|RSC1|RSC1|0|20260504|220247|20260504|1|SCOUGHLAN
100|500|175||PFQ|060|RSC1|RSC1|RSC1|0|20260504|220247|20260504|1|SCOUGHLAN
100|500|175||PFQ|070|RSC1|RSC1|RSC1|0|20260504|220247|20260504|1|SCOUGHLAN
100|500|175||PFQ|1|0078742028286|6006A|WAL-MART DC 6006A-ASM DIS|0|20260504|220247|20260504|1|SCOUGHLAN
100|500|175||PFQ|10|0078742050867|7036A|WAL-MART DC 7036A-ASM DIS|0|20260504|220247|20260504|1|SCOUGHLAN
100|500|175||PFQ|11|0078742029276|6017A|WAL-MART DC 6017A-ASM DIS|0|20260504|220247|20260504|1|SCOUGHLAN
100|500|175||PFQ|12|0078742029368|6018A|WAL-MART DC 6018A-ASM DIS|0|20260504|220247|20260504|1|SCOUGHLAN
100|500|175||PFQ|13|0078742029450|6019A|WAL-MART DC 6019A-ASM DIS|0|20260504|220247|20260504|1|SCOUGHLAN
100|500|175||PFQ|14|0078742029542|6020A|WAL-MART DC 6020A-ASM DIS|0|20260504|220247|20260504|1|SCOUGHLAN
100|500|175||PFQ|15|0078742029634|6021A|WAL-MART DC 6021A-ASM DIS|0|20260504|220247|20260504|1|SCOUGHLAN
100|500|175||PFQ|16|0078742029818|6023A|WAL-MART DC 6023A-ASM DIS|0|20260504|220247|20260504|1|SCOUGHLAN
100|500|175||PFQ|17|0078742029900|6024A|WAL-MART DC 6024A-ASM DIS|0|20260504|220247|20260504|1|SCOUGHLAN
100|500|175||PFQ|18|0078742029993|6025A|WAL-MART DC 6025A-ASM DIS|0|20260504|220247|20260504|1|SCOUGHLAN
100|500|175||PFQ|19|0078742030081|6026A|WAL-MART DC 6026A-ASM DIS|0|20260504|220247|20260504|1|SCOUGHLAN
100|500|175||PFQ|2|0078742029184|6016A|WAL-MART DC 6016A-ASM DIS|0|20260504|220247|20260504|1|SCOUGHLAN
100|500|175||PFQ|20|0078742030173|6027A|WAL-MART DC 6027A-ASM DIS|0|20260504|220247|20260504|1|SCOUGHLAN
100|500|175||PFQ|21|0078742030449|6030A|WAL-MART DC 6030A-ASM DIS|0|20260504|220247|20260504|1|SCOUGHLAN
100|500|175||PFQ|22|0078742030531|6031A|WAL-MART DC 6031A-ASM DIS|0|20260504|220247|20260504|1|SCOUGHLAN
100|500|175||PFQ|23|0078742030807|6035A|WAL-MART DC 6035A-ASM DIS|0|20260504|220247|20260504|1|SCOUGHLAN
100|500|175||PFQ|24|0078742030890|6036A|WAL-MART DC 6036A-ASM DIS|0|20260504|220247|20260504|1|SCOUGHLAN
100|500|175||PFQ|25|0078742030982|6037A|WAL-MART WAREHOUSE 6037|0|20260504|220247|20260504|1|SCOUGHLAN
100|500|175||PFQ|27|0078742031071|6038A|WAL-MART DC 6038A-ASM DIS|0|20260504|220247|20260504|1|SCOUGHLAN
100|500|175||PFQ|28|0078742031163|6039A|WAL-MART DC 6039A-ASM DIS|0|20260504|223643|20260504|1|SCOUGHLAN
100|500|175||PFQ|29|0078742031255|6040A|WAL-MART DC 6040A-ASM DIS|0|20260504|223709|20260504|1|SCOUGHLAN
100|500|175||PFQ|3|0078742028552|6009A|WAL-MART DC 6009A-ASM DIS|0|20260504|223644|20260504|1|SCOUGHLAN
100|500|175||PFQ|30|0078742050775|7026A|WAL-MART DC 7026A-ASM DIS|0|20260504|223653|20260504|1|SCOUGHLAN
100|500|175||PFQ|31|0078742031521|6043A|WAL-MART DC 6043A-ASM DIS|0|20260504|223709|20260504|1|SCOUGHLAN
100|500|175||PFQ|32|0078742031972|6048A|WAL-MART DC 6048A-ASM DIS|0|20260504|223628|20260504|1|SCOUGHLAN
100|500|175||PFQ|33|0078742032511|6054A|WAL-MART DC 6054A-ASM DIS|0|20260504|223653|20260504|1|SCOUGHLAN
100|500|175||PFQ|34|0078742033907|6068A|WAL-MART DC 6068A-ASM DIS|0|20260504|223650|20260504|1|SCOUGHLAN
100|500|175||PFQ|35|0078742033938|6069A|WAL-MART DC 6069A-ASM DIS|0|20260504|223644|20260504|1|SCOUGHLAN
100|500|175||PFQ|36|0078742035307|6094A|WAL-MART DC 6094A-ASM DIS|0|20260504|223633|20260504|1|SCOUGHLAN
100|500|175||PFQ|37|0078742035833|6092A|WAL-MART DC 6092A-ASM DIS|0|20260504|223633|20260504|1|SCOUGHLAN
100|500|175||PFQ|38|0078742038674|6080A|WAL-MART DC 6080A-ASM DIS|0|20260504|223703|20260504|1|SCOUGHLAN
100|500|175||PFQ|39|0078742048079|7038A|WAL-MART DC 7038A-ASM DIS|0|20260504|223635|20260504|1|SCOUGHLAN
100|500|175||PFQ|4|0078742058436|7035A|WAL-MART DC 7035A-ASM DIS|0|20260504|223622|20260504|1|SCOUGHLAN
100|500|175||PFQ|40|0078742040028|6070A|WAL-MART DC 6070A-ASM DIS|0|20260504|223639|20260504|1|SCOUGHLAN
100|500|175||PFQ|41|0078742045627|7034A|WAL-MART DC 7034A-ASM DIS|0|20260504|223637|20260504|1|SCOUGHLAN
100|500|175||PFQ|42|0078742041445|6066A|WAL-MART DC 6066A-ASM DIS|0|20260504|223656|20260504|1|SCOUGHLAN
100|500|175||PFQ|43|0078742045504|7033A|WAL-MART DC 7033A-ASM DIS|0|20260504|223701|20260504|1|SCOUGHLAN
100|500|175||PFQ|5|0078742028644|6010A|WAL-MART DC 6010A-ASM DIS|0|20260504|223636|20260504|1|SCOUGHLAN
100|500|175||PFQ|6|0078742028736|6011A|WAL-MART DC 6011A-ASM DIS|0|20260504|223643|20260504|1|SCOUGHLAN
100|500|175||PFQ|7|0078742057903|7039A|WAL-MART DC 7039A-ASM DIS|0|20260504|223642|20260504|1|SCOUGHLAN
100|500|175||PFQ|70|RSC1|70|70|0|20260504|220247|20260504|1|SCOUGHLAN
100|500|175||PFQ|8|0078742028828|6012A|WAL-MART DC 6012A-ASM DIS|0|20260504|223647|20260504|1|SCOUGHLAN
100|500|175||PFQ|9|0078742053790|7045A|WAL-MART DC 7045A-ASM DIS|0|20260504|223635|20260504|1|SCOUGHLAN
100|500|175||PFQ|AMA|84363_|84363_|84363_|0|20260504|220247|20260504|1|SCOUGHLAN
100|500|175||PFQ|BMO|028|028|028|0|20260504|220247|20260504|1|SCOUGHLAN
100|500|175||PFQ|CON|252495_|252495_|252495_|0|20260504|220247|20260504|1|SCOUGHLAN
100|500|175||PFQ|CPU|VALIDTEDL|VALIDTEDL|VALIDTEDL|0|20260504|220247|20260504|1|SCOUGHLAN
100|500|175||PFQ|IA|RSCD|RSCD|RSCD|0|20260504|220247|20260504|1|SCOUGHLAN
100|500|175||PFQ|PFQ|TEDL|TEDL|TEDL|0|20260504|220247|20260504|1|SCOUGHLAN
100|500|175||PFQ|US|USA|USA|USA|0|20260504|220247|20260504|1|SCOUGHLAN
100|500|175||PFQ|Y|142318|142318|142318|0|20260504|220247|20260504|1|SCOUGHLAN
100|500|175||PFQ|Y|182822|182822|182822|0|20260504|220247|20260504|1|SCOUGHLAN
100|500|175||PFQ|Y|241055|241055|241055|0|20260504|220247|20260504|1|SCOUGHLAN
100|500|175||PFQ|Y|242707|242707|242707|0|20260504|220247|20260504|1|SCOUGHLAN
100|500|175||PFQ|Y|401858|401858|401858|0|20260504|220247|20260504|1|SCOUGHLAN
100|500|175||PFQ|Y|511908|511908|511908|0|20260504|220247|20260504|1|SCOUGHLAN
100|500|175||PFQ|Y|83509|83509|83509|0|20260504|220247|20260504|1|SCOUGHLAN
100|500|176||PFQ|28|0078742031163|6039A|WAL-MART DC 6039A-ASM DIS|0|20260504|220247|20260504|1|SCOUGHLAN
100|500|176||PFQ|Y|C25|Y|Y|0|20260504|204406|20260504|1|SCOUGHLAN
100|500|177||AMA|29|0078742031255|6040A|WAL-MART DC 6040A-ASM DIS|0|20260504|220247|20260504|1|SCOUGHLAN
100|500|177||AMA|3|0078742028552|6009A|WAL-MART DC 6009A-ASM DIS|0|20260504|220247|20260504|1|SCOUGHLAN
100|500|177||AMA|AMA|0078742028552|AMA|AMA|0|20260504|223640|20260504|1|SCOUGHLAN
100|500|177||AMA|D243|C22|D243|D243|0|20260504|223708|20260504|1|SCOUGHLAN
100|500|177||COL|30|0078742050775|7026A|WAL-MART DC 7026A-ASM DIS|0|20260504|220247|20260504|1|SCOUGHLAN
100|500|177||COL|CPU|0078742050775|CPU|CPU|0|20260504|223633|20260504|1|SCOUGHLAN
100|500|177||CPU|31|0078742031521|6043A|WAL-MART DC 6043A-ASM DIS|0|20260504|220247|20260504|1|SCOUGHLAN
100|500|177||CPU|CPU|0078742031521|CPU|CPU|0|20260504|223655|20260504|1|SCOUGHLAN
100|500|177||DEL|32|0078742031972|6048A|WAL-MART DC 6048A-ASM DIS|0|20260504|220247|20260504|1|SCOUGHLAN
100|500|177||DEL|D242|0078742031972|D242|D242|0|20260504|223645|20260504|1|SCOUGHLAN
100|500|177||PFQ|33|0078742032511|6054A|WAL-MART DC 6054A-ASM DIS|0|20260504|220247|20260504|1|SCOUGHLAN
100|500|177||PFQ|34|0078742033907|6068A|WAL-MART DC 6068A-ASM DIS|0|20260504|220247|20260504|1|SCOUGHLAN
100|500|177||PFQ|D243|0078742033907|D243|D243|0|20260504|223707|20260504|1|SCOUGHLAN
100|500|177||PFQ|D244|0078742033907|D244|D244|0|20260504|223655|20260504|1|SCOUGHLAN
100|500|180||PFQ|250|Y|Y|Y|0|20260504|223650|20260504|1|SCOUGHLAN
100|500|180||PFQ|35|0078742033938|6069A|WAL-MART DC 6069A-ASM DIS|0|20260504|220247|20260504|1|SCOUGHLAN
100|500|181||PFQ|36|0078742035307|6094A|WAL-MART DC 6094A-ASM DIS|0|20260504|220247|20260504|1|SCOUGHLAN
100|500|181||PFQ|37|0078742035833|6092A|WAL-MART DC 6092A-ASM DIS|0|20260504|220247|20260504|1|SCOUGHLAN
100|500|181||PFQ|MaxVolume|50|MaxVolume|MaxVolume|0|20260504|204406|20260504|1|SCOUGHLAN
100|500|181||PFQ|MaxWeight|2750|MaxWeight|MaxWeight|0|20260504|204406|20260504|1|SCOUGHLAN
100|500|182||PFQ|241055_AAA|T|T|T|0|20260504|220247|20260504|1|SCOUGHLAN
100|500|182||PFQ|241055_AAN|T|T|T|0|20260504|220247|20260504|1|SCOUGHLAN
100|500|182||PFQ|241055_ABF|T|T|T|0|20260504|220247|20260504|1|SCOUGHLAN
100|500|182||PFQ|241055_ADM|T|T|T|0|20260504|220247|20260504|1|SCOUGHLAN
100|500|182||PFQ|241055_AMA|T|T|T|0|20260504|220247|20260504|1|SCOUGHLAN
100|500|182||PFQ|241055_ARW|T|T|T|0|20260504|220247|20260504|1|SCOUGHLAN
100|500|182||PFQ|241055_BER|T|T|T|0|20260504|220247|20260504|1|SCOUGHLAN
100|500|182||PFQ|241055_BGL|T|T|T|0|20260504|220247|20260504|1|SCOUGHLAN
100|500|182||PFQ|241055_BSR|T|T|T|0|20260504|220247|20260504|1|SCOUGHLAN
100|500|182||PFQ|241055_CHR|T|T|T|0|20260504|220247|20260504|1|SCOUGHLAN
100|500|182||PFQ|241055_CNT|T|T|T|0|20260504|220247|20260504|1|SCOUGHLAN
100|500|182||PFQ|241055_CON|T|T|T|0|20260504|220247|20260504|1|SCOUGHLAN
100|500|182||PFQ|241055_CPU|T|T|T|0|20260504|220247|20260504|1|SCOUGHLAN
100|500|182||PFQ|241055_CXI|T|T|T|0|20260504|220247|20260504|1|SCOUGHLAN
100|500|182||PFQ|241055_DAY|T|T|T|0|20260504|220247|20260504|1|SCOUGHLAN
100|500|182||PFQ|241055_DDE|T|T|T|0|20260504|220247|20260504|1|SCOUGHLAN
100|500|182||PFQ|241055_DDM|T|T|T|0|20260504|220247|20260504|1|SCOUGHLAN
100|500|182||PFQ|241055_DHL|T|T|T|0|20260504|220247|20260504|1|SCOUGHLAN
100|500|182||PFQ|241055_DOH|T|T|T|0|20260504|220247|20260504|1|SCOUGHLAN
100|500|182||PFQ|241055_DOT|T|T|T|0|20260504|220247|20260504|1|SCOUGHLAN
100|500|182||PFQ|241055_DYL|T|T|T|0|20260504|220247|20260504|1|SCOUGHLAN
100|500|182||PFQ|241055_EST|T|T|T|0|20260504|220247|20260504|1|SCOUGHLAN
100|500|182||PFQ|241055_EVN|T|T|T|0|20260504|220247|20260504|1|SCOUGHLAN
100|500|182||PFQ|241055_FCP|T|T|T|0|20260504|220247|20260504|1|SCOUGHLAN
100|500|182||PFQ|241055_FCT|T|T|T|0|20260504|220247|20260504|1|SCOUGHLAN
100|500|182||PFQ|241055_FLE|T|T|T|0|20260504|220247|20260504|1|SCOUGHLAN
100|500|182||PFQ|241055_FLP|T|T|T|0|20260504|220247|20260504|1|SCOUGHLAN
100|500|182||PFQ|241055_FOA|T|T|T|0|20260504|220247|20260504|1|SCOUGHLAN
100|500|182||PFQ|241055_FTC|T|T|T|0|20260504|220247|20260504|1|SCOUGHLAN
100|500|182||PFQ|241055_FTN|T|T|T|0|20260504|220247|20260504|1|SCOUGHLAN
100|500|182||PFQ|241055_FTP|T|T|T|0|20260504|220247|20260504|1|SCOUGHLAN
100|500|182||PFQ|241055_FX1|T|T|T|0|20260504|220247|20260504|1|SCOUGHLAN
100|500|182||PFQ|241055_FX2|T|T|T|0|20260504|220247|20260504|1|SCOUGHLAN
100|500|182||PFQ|241055_FX3|T|T|T|0|20260504|220247|20260504|1|SCOUGHLAN
100|500|182||PFQ|241055_FX4|T|T|T|0|20260504|220247|20260504|1|SCOUGHLAN
100|500|182||PFQ|241055_FX5|T|T|T|0|20260504|220247|20260504|1|SCOUGHLAN
100|500|182||PFQ|241055_FX6|T|T|T|0|20260504|220247|20260504|1|SCOUGHLAN
100|500|182||PFQ|241055_FX7|T|T|T|0|20260504|220247|20260504|1|SCOUGHLAN
100|500|182||PFQ|241055_FX8|T|T|T|0|20260504|220247|20260504|1|SCOUGHLAN
100|500|182||PFQ|241055_GOL|T|T|T|0|20260504|220247|20260504|1|SCOUGHLAN
100|500|182||PFQ|241055_HER|T|T|T|0|20260504|220247|20260504|1|SCOUGHLAN
100|500|182||PFQ|241055_JFF|T|T|T|0|20260504|220247|20260504|1|SCOUGHLAN
100|500|182||PFQ|241055_LCP|T|T|T|0|20260504|220247|20260504|1|SCOUGHLAN
100|500|182||PFQ|241055_LCT|T|T|T|0|20260504|220247|20260504|1|SCOUGHLAN
100|500|182||PFQ|241055_LFL|T|T|T|0|20260504|220247|20260504|1|SCOUGHLAN
100|500|182||PFQ|241055_LTC|T|T|T|0|20260504|220247|20260504|1|SCOUGHLAN
100|500|182||PFQ|241055_LTN|T|T|T|0|20260504|220247|20260504|1|SCOUGHLAN
100|500|182||PFQ|241055_LTP|T|T|T|0|20260504|220247|20260504|1|SCOUGHLAN
100|500|182||PFQ|241055_MAG|T|T|T|0|20260504|220247|20260504|1|SCOUGHLAN
100|500|182||PFQ|241055_MON|T|T|T|0|20260504|220247|20260504|1|SCOUGHLAN
100|500|182||PFQ|241055_ODF|T|T|T|0|20260504|220247|20260504|1|SCOUGHLAN
100|500|182||PFQ|241055_OLD|T|T|T|0|20260504|220247|20260504|1|SCOUGHLAN
100|500|182||PFQ|241055_POF|T|T|T|0|20260504|220247|20260504|1|SCOUGHLAN
100|500|182||PFQ|241055_POL|T|T|T|0|20260504|220247|20260504|1|SCOUGHLAN
100|500|182||PFQ|241055_POP|T|T|T|0|20260504|220247|20260504|1|SCOUGHLAN
100|500|182||PFQ|241055_RNL|T|T|T|0|20260504|220247|20260504|1|SCOUGHLAN
100|500|182||PFQ|241055_RNM|T|T|T|0|20260504|220247|20260504|1|SCOUGHLAN
100|500|182||PFQ|241055_RRF|T|T|T|0|20260504|220247|20260504|1|SCOUGHLAN
100|500|182||PFQ|241055_SAI|T|T|T|0|20260504|220247|20260504|1|SCOUGHLAN
100|500|182||PFQ|241055_SPD|T|T|T|0|20260504|220247|20260504|1|SCOUGHLAN
100|500|182||PFQ|241055_SUT|T|T|T|0|20260504|220247|20260504|1|SCOUGHLAN
100|500|182||PFQ|241055_TBD|T|T|T|0|20260504|220247|20260504|1|SCOUGHLAN
100|500|182||PFQ|241055_TCC|T|T|T|0|20260504|220247|20260504|1|SCOUGHLAN
100|500|182||PFQ|241055_TFO|T|T|T|0|20260504|220247|20260504|1|SCOUGHLAN
100|500|182||PFQ|241055_UFL|T|T|T|0|20260504|220247|20260504|1|SCOUGHLAN
100|500|182||PFQ|241055_UP1|T|T|T|0|20260504|220247|20260504|1|SCOUGHLAN
100|500|182||PFQ|241055_UP2|T|T|T|0|20260504|220247|20260504|1|SCOUGHLAN
100|500|182||PFQ|241055_UP3|T|T|T|0|20260504|220247|20260504|1|SCOUGHLAN
100|500|182||PFQ|241055_UP4|T|T|T|0|20260504|220247|20260504|1|SCOUGHLAN
100|500|182||PFQ|241055_UP5|T|T|T|0|20260504|220247|20260504|1|SCOUGHLAN
100|500|182||PFQ|241055_UP6|T|T|T|0|20260504|220247|20260504|1|SCOUGHLAN
100|500|182||PFQ|241055_UP7|T|T|T|0|20260504|220247|20260504|1|SCOUGHLAN
100|500|182||PFQ|241055_UP8|T|T|T|0|20260504|220247|20260504|1|SCOUGHLAN
100|500|182||PFQ|241055_UP9|T|T|T|0|20260504|220247|20260504|1|SCOUGHLAN
100|500|182||PFQ|241055_US1|T|T|T|0|20260504|220247|20260504|1|SCOUGHLAN
100|500|182||PFQ|241055_US2|T|T|T|0|20260504|220247|20260504|1|SCOUGHLAN
100|500|182||PFQ|241055_UW1|T|T|T|0|20260504|220247|20260504|1|SCOUGHLAN
100|500|182||PFQ|241055_UW2|T|T|T|0|20260504|220247|20260504|1|SCOUGHLAN
100|500|182||PFQ|241055_UW3|T|T|T|0|20260504|220247|20260504|1|SCOUGHLAN
100|500|182||PFQ|241055_VET|T|T|T|0|20260504|220247|20260504|1|SCOUGHLAN
100|500|182||PFQ|241055_WG|T|T|T|0|20260504|220247|20260504|1|SCOUGHLAN
100|500|182||PFQ|241055_WRD|T|T|T|0|20260504|220247|20260504|1|SCOUGHLAN
100|500|182||PFQ|241055_XPO|T|T|T|0|20260504|220247|20260504|1|SCOUGHLAN
100|500|182||PFQ|250|Y|Y|Y|0|20260504|220247|20260504|1|SCOUGHLAN
100|500|182||PFQ|38|0078742038674|6080A|WAL-MART DC 6080A-ASM DIS|0|20260504|220247|20260504|1|SCOUGHLAN
100|500|182||PFQ|39|0078742048079|7038A|WAL-MART DC 7038A-ASM DIS|0|20260504|220247|20260504|1|SCOUGHLAN
100|500|182||PFQ|4|0078742058436|7035A|WAL-MART DC 7035A-ASM DIS|0|20260504|220247|20260504|1|SCOUGHLAN
100|500|182||PFQ|40|0078742040028|6070A|WAL-MART DC 6070A-ASM DIS|0|20260504|220247|20260504|1|SCOUGHLAN
100|500|182||PFQ|41|0078742045627|7034A|WAL-MART DC 7034A-ASM DIS|0|20260504|220247|20260504|1|SCOUGHLAN
100|500|182||PFQ|42|0078742041445|6066A|WAL-MART DC 6066A-ASM DIS|0|20260504|220247|20260504|1|SCOUGHLAN
100|500|182||PFQ|43|0078742045504|7033A|WAL-MART DC 7033A-ASM DIS|0|20260504|220247|20260504|1|SCOUGHLAN
100|500|182||PFQ|5|0078742028644|6010A|WAL-MART DC 6010A-ASM DIS|0|20260504|220247|20260504|1|SCOUGHLAN
100|500|182||PFQ|6|0078742028736|6011A|WAL-MART DC 6011A-ASM DIS|0|20260504|220247|20260504|1|SCOUGHLAN
100|500|182||PFQ|7|0078742057903|7039A|WAL-MART DC 7039A-ASM DIS|0|20260504|220247|20260504|1|SCOUGHLAN
100|500|182||PFQ|8|0078742028828|6012A|WAL-MART DC 6012A-ASM DIS|0|20260504|220247|20260504|1|SCOUGHLAN
100|500|182||PFQ|9|0078742053790|7045A|WAL-MART DC 7045A-ASM DIS|0|20260504|220247|20260504|1|SCOUGHLAN
100|500|182||PFQ|AAA|M|M|M|0|20260504|220247|20260504|1|SCOUGHLAN
100|500|182||PFQ|AAN|M|M|M|0|20260504|220247|20260504|1|SCOUGHLAN
100|500|182||PFQ|ABF|M|M|M|0|20260504|220247|20260504|1|SCOUGHLAN
100|500|182||PFQ|ADM|M|M|M|0|20260504|220247|20260504|1|SCOUGHLAN
100|500|182||PFQ|AMA|M|AMA|AMA|0|20260504|220247|20260504|1|SCOUGHLAN
100|500|182||PFQ|ARW|M|M|M|0|20260504|220247|20260504|1|SCOUGHLAN
100|500|182||PFQ|BER|M|M|M|0|20260504|220247|20260504|1|SCOUGHLAN
100|500|182||PFQ|BGL|M|M|M|0|20260504|220247|20260504|1|SCOUGHLAN
100|500|182||PFQ|BSR|M|M|M|0|20260504|220247|20260504|1|SCOUGHLAN
100|500|182||PFQ|CHR|M|M|M|0|20260504|220247|20260504|1|SCOUGHLAN
100|500|182||PFQ|CNT|M|M|M|0|20260504|220247|20260504|1|SCOUGHLAN
100|500|182||PFQ|CON|T|T|T|0|20260504|220247|20260504|1|SCOUGHLAN
100|500|182||PFQ|CPU|T|CPU|CPU|0|20260504|220247|20260504|1|SCOUGHLAN
100|500|182||PFQ|CXI|M|M|M|0|20260504|220247|20260504|1|SCOUGHLAN
100|500|182||PFQ|D242|M|D242|D242|0|20260504|220247|20260504|1|SCOUGHLAN
100|500|182||PFQ|D243|C22|D243|D243|0|20260504|220247|20260504|1|SCOUGHLAN
100|500|182||PFQ|D244|C22|D244|D244|0|20260504|220247|20260504|1|SCOUGHLAN
100|500|182||PFQ|DAY|M|M|M|0|20260504|220247|20260504|1|SCOUGHLAN
100|500|182||PFQ|DDE|M|M|M|0|20260504|220247|20260504|1|SCOUGHLAN
100|500|182||PFQ|DDM|M|M|M|0|20260504|220247|20260504|1|SCOUGHLAN
100|500|182||PFQ|DHL|M|M|M|0|20260504|220247|20260504|1|SCOUGHLAN
100|500|182||PFQ|DOH|M|M|M|0|20260504|220247|20260504|1|SCOUGHLAN
100|500|182||PFQ|DOT|M|M|M|0|20260504|220247|20260504|1|SCOUGHLAN
100|500|182||PFQ|DYL|M|M|M|0|20260504|220247|20260504|1|SCOUGHLAN
100|500|182||PFQ|EST|M|M|M|0|20260504|220247|20260504|1|SCOUGHLAN
100|500|182||PFQ|EVN|M|M|M|0|20260504|220247|20260504|1|SCOUGHLAN
100|500|182||PFQ|FCP|M|M|M|0|20260504|220247|20260504|1|SCOUGHLAN
100|500|182||PFQ|FCT|M|M|M|0|20260504|220247|20260504|1|SCOUGHLAN
100|500|182||PFQ|FLE|M|M|M|0|20260504|220247|20260504|1|SCOUGHLAN
100|500|182||PFQ|FLP|M|M|M|0|20260504|220247|20260504|1|SCOUGHLAN
100|500|182||PFQ|FOA|M|M|M|0|20260504|220247|20260504|1|SCOUGHLAN
100|500|182||PFQ|FTC|M|M|M|0|20260504|220247|20260504|1|SCOUGHLAN
100|500|182||PFQ|FTN|M|M|M|0|20260504|220247|20260504|1|SCOUGHLAN
100|500|182||PFQ|FTP|M|M|M|0|20260504|220247|20260504|1|SCOUGHLAN
100|500|182||PFQ|FX1|M|M|M|0|20260504|220247|20260504|1|SCOUGHLAN
100|500|182||PFQ|FX2|M|M|M|0|20260504|220247|20260504|1|SCOUGHLAN
100|500|182||PFQ|FX3|M|M|M|0|20260504|220247|20260504|1|SCOUGHLAN
100|500|182||PFQ|FX4|M|M|M|0|20260504|220247|20260504|1|SCOUGHLAN
100|500|182||PFQ|FX5|M|M|M|0|20260504|220247|20260504|1|SCOUGHLAN
100|500|182||PFQ|FX6|M|M|M|0|20260504|220247|20260504|1|SCOUGHLAN
100|500|182||PFQ|FX7|M|M|M|0|20260504|220247|20260504|1|SCOUGHLAN
100|500|182||PFQ|FX8|M|M|M|0|20260504|220247|20260504|1|SCOUGHLAN
100|500|182||PFQ|GOL|M|M|M|0|20260504|220247|20260504|1|SCOUGHLAN
100|500|182||PFQ|HER|M|M|M|0|20260504|220247|20260504|1|SCOUGHLAN
100|500|182||PFQ|JFF|M|M|M|0|20260504|220247|20260504|1|SCOUGHLAN
100|500|182||PFQ|LCP|M|M|M|0|20260504|220247|20260504|1|SCOUGHLAN
100|500|182||PFQ|LCT|M|M|M|0|20260504|220247|20260504|1|SCOUGHLAN
100|500|182||PFQ|LFL|M|M|M|0|20260504|220247|20260504|1|SCOUGHLAN
100|500|182||PFQ|LTC|M|M|M|0|20260504|220247|20260504|1|SCOUGHLAN
100|500|182||PFQ|LTN|M|M|M|0|20260504|220247|20260504|1|SCOUGHLAN
100|500|182||PFQ|LTP|M|M|M|0|20260504|220247|20260504|1|SCOUGHLAN
100|500|182||PFQ|MAG|M|M|M|0|20260504|220247|20260504|1|SCOUGHLAN
100|500|182||PFQ|MON|M|M|M|0|20260504|220247|20260504|1|SCOUGHLAN
100|500|182||PFQ|MaxVolume|50|50|50|0|20260504|220247|20260504|1|SCOUGHLAN
100|500|182||PFQ|MaxWeight|2750|2750|2750|0|20260504|220247|20260504|1|SCOUGHLAN
100|500|182||PFQ|ODF|M|M|M|0|20260504|220247|20260504|1|SCOUGHLAN
100|500|182||PFQ|OLD|M|M|M|0|20260504|220247|20260504|1|SCOUGHLAN
100|500|182||PFQ|POF|M|M|M|0|20260504|220247|20260504|1|SCOUGHLAN
100|500|182||PFQ|POL|M|M|M|0|20260504|220247|20260504|1|SCOUGHLAN
100|500|182||PFQ|POP|M|M|M|0|20260504|220247|20260504|1|SCOUGHLAN
100|500|182||PFQ|RNL|M|M|M|0|20260504|220247|20260504|1|SCOUGHLAN
100|500|182||PFQ|RNM|M|M|M|0|20260504|220247|20260504|1|SCOUGHLAN
100|500|182||PFQ|RRF|M|M|M|0|20260504|220247|20260504|1|SCOUGHLAN
100|500|182||PFQ|SAI|M|M|M|0|20260504|220247|20260504|1|SCOUGHLAN
100|500|182||PFQ|SPD|M|M|M|0|20260504|220248|20260504|1|SCOUGHLAN
100|500|182||PFQ|SUT|M|M|M|0|20260504|223657|20260504|1|SCOUGHLAN
100|500|182||PFQ|TBD|M|M|M|0|20260504|223659|20260504|1|SCOUGHLAN
100|500|182||PFQ|TCC|M|M|M|0|20260504|223624|20260504|1|SCOUGHLAN
100|500|182||PFQ|TFO|M|M|M|0|20260504|223657|20260504|1|SCOUGHLAN
100|500|182||PFQ|UFL|M|M|M|0|20260504|223702|20260504|1|SCOUGHLAN
100|500|182||PFQ|UP1|M|M|M|0|20260504|223658|20260504|1|SCOUGHLAN
100|500|182||PFQ|UP2|M|M|M|0|20260504|223654|20260504|1|SCOUGHLAN
100|500|182||PFQ|UP3|M|M|M|0|20260504|223701|20260504|1|SCOUGHLAN
100|500|182||PFQ|UP4|M|M|M|0|20260504|223704|20260504|1|SCOUGHLAN
100|500|182||PFQ|UP5|M|M|M|0|20260504|223637|20260504|1|SCOUGHLAN
100|500|182||PFQ|UP6|M|M|M|0|20260504|223638|20260504|1|SCOUGHLAN
100|500|182||PFQ|UP7|M|M|M|0|20260504|223711|20260504|1|SCOUGHLAN
100|500|182||PFQ|UP8|M|M|M|0|20260504|223700|20260504|1|SCOUGHLAN
100|500|182||PFQ|UP9|M|M|M|0|20260504|223646|20260504|1|SCOUGHLAN
100|500|182||PFQ|US1|M|M|M|0|20260504|223638|20260504|1|SCOUGHLAN
100|500|182||PFQ|US2|M|M|M|0|20260504|223640|20260504|1|SCOUGHLAN
100|500|182||PFQ|UW1|M|M|M|0|20260504|223712|20260504|1|SCOUGHLAN
100|500|182||PFQ|UW2|M|M|M|0|20260504|223623|20260504|1|SCOUGHLAN
100|500|182||PFQ|UW3|M|M|M|0|20260504|223643|20260504|1|SCOUGHLAN
100|500|182||PFQ|VET|M|M|M|0|20260504|223710|20260504|1|SCOUGHLAN
100|500|182||PFQ|WG|M|M|M|0|20260504|223702|20260504|1|SCOUGHLAN
100|500|182||PFQ|WRD|M|M|M|0|20260504|223647|20260504|1|SCOUGHLAN
100|500|182||PFQ|XPO|M|M|M|0|20260504|223649|20260504|1|SCOUGHLAN
100|500|182||PFQ|Y|C25|C25|C25|0|20260504|220247|20260504|1|SCOUGHLAN
100|500|183||PFQ|241055_ADF|PB|PB|PB|0|20260504|223702|20260504|1|SCOUGHLAN
100|500|183||PFQ|241055_COL|PB|PB|PB|0|20260504|223655|20260504|1|SCOUGHLAN
100|500|183||PFQ|241055_CON|PB|PB|PB|0|20260504|223647|20260504|1|SCOUGHLAN
100|500|183||PFQ|241055_CPU|PB|PB|PB|0|20260504|223627|20260504|1|SCOUGHLAN
100|500|183||PFQ|241055_CUS|PB|PB|PB|0|20260504|223711|20260504|1|SCOUGHLAN
100|500|183||PFQ|241055_DEL|PB|PB|PB|0|20260504|223656|20260504|1|SCOUGHLAN
100|500|183||PFQ|241055_PFQ|PB|PB|PB|0|20260504|223628|20260504|1|SCOUGHLAN
100|500|183||PFQ|ADF|PC|PC|PC|0|20260504|223631|20260504|1|SCOUGHLAN
100|500|183||PFQ|COL|CC|CC|CC|0|20260504|223705|20260504|1|SCOUGHLAN
100|500|183||PFQ|CON|PB|PB|PB|0|20260504|223648|20260504|1|SCOUGHLAN
100|500|183||PFQ|CPU|PB|PB|PB|0|20260504|223709|20260504|1|SCOUGHLAN
100|500|183||PFQ|CUS|TP|TP|TP|0|20260504|223712|20260504|1|SCOUGHLAN
100|500|183||PFQ|DEL|PP|PP|PP|0|20260504|223707|20260504|1|SCOUGHLAN
100|500|183||PFQ|PFQ|PC|PC|PC|0|20260504|223624|20260504|1|SCOUGHLAN
100|500|183||PFQ|SUT|M|M|M|0|20260504|220248|20260504|1|SCOUGHLAN
100|500|183||PFQ|TBD|M|M|M|0|20260504|220248|20260504|1|SCOUGHLAN
100|500|183||PFQ|TCC|M|M|M|0|20260504|220248|20260504|1|SCOUGHLAN
100|500|183||PFQ|TFO|M|M|M|0|20260504|220248|20260504|1|SCOUGHLAN
100|500|183||PFQ|UFL|M|M|M|0|20260504|220248|20260504|1|SCOUGHLAN
100|500|183||PFQ|UP1|M|M|M|0|20260504|220248|20260504|1|SCOUGHLAN
100|500|183||PFQ|UP2|M|M|M|0|20260504|220248|20260504|1|SCOUGHLAN
100|500|183||PFQ|UP3|M|M|M|0|20260504|220248|20260504|1|SCOUGHLAN
100|500|183||PFQ|UP4|M|M|M|0|20260504|220248|20260504|1|SCOUGHLAN
100|500|183||PFQ|UP5|M|M|M|0|20260504|220248|20260504|1|SCOUGHLAN
100|500|183||PFQ|UP6|M|M|M|0|20260504|220248|20260504|1|SCOUGHLAN
100|500|183||PFQ|UP7|M|M|M|0|20260504|220248|20260504|1|SCOUGHLAN
100|500|183||PFQ|UP8|M|M|M|0|20260504|220248|20260504|1|SCOUGHLAN
100|500|183||PFQ|UP9|M|M|M|0|20260504|220248|20260504|1|SCOUGHLAN
100|500|184||PFQ|139217_IA_|IR_|139217_IA_|139217_IA_|0|20260504|204406|20260504|1|SCOUGHLAN
100|500|184||PFQ|139217_IA_001|IR_|139217_IA_001|139217_IA_001|0|20260504|204406|20260504|1|SCOUGHLAN
100|500|184||PFQ|139217_IA_002|IR_|139217_IA_002|139217_IA_002|0|20260504|204406|20260504|1|SCOUGHLAN
100|500|184||PFQ|139217_IA_003|IR_|139217_IA_003|139217_IA_003|0|20260504|204406|20260504|1|SCOUGHLAN
100|500|184||PFQ|139217_IA_004|IR_|139217_IA_004|139217_IA_004|0|20260504|204406|20260504|1|SCOUGHLAN
100|500|184||PFQ|139217_IA_005|IR_|139217_IA_005|139217_IA_005|0|20260504|204406|20260504|1|SCOUGHLAN
100|500|184||PFQ|139217_IA_010|IR_|139217_IA_010|139217_IA_010|0|20260504|204406|20260504|1|SCOUGHLAN
100|500|184||PFQ|139217_IA_020|IR_|139217_IA_020|139217_IA_020|0|20260504|204406|20260504|1|SCOUGHLAN
100|500|184||PFQ|139217_IA_030|IR_|139217_IA_030|139217_IA_030|0|20260504|204406|20260504|1|SCOUGHLAN
100|500|184||PFQ|139217_IA_040|IR_|139217_IA_040|139217_IA_040|0|20260504|204406|20260504|1|SCOUGHLAN
100|500|184||PFQ|139217_IA_050|IR_|139217_IA_050|139217_IA_050|0|20260504|204406|20260504|1|SCOUGHLAN
100|500|184||PFQ|139217_IA_060|IR_|139217_IA_060|139217_IA_060|0|20260504|204406|20260504|1|SCOUGHLAN
100|500|184||PFQ|139217_IA_061|IR_|139217_IA_061|139217_IA_061|0|20260504|204406|20260504|1|SCOUGHLAN
100|500|184||PFQ|139217_IA_070|IR_|139217_IA_070|139217_IA_070|0|20260504|204406|20260504|1|SCOUGHLAN
100|500|184||PFQ|139217_IP_001|IR_|139217_IP_001|139217_IP_001|0|20260504|204406|20260504|1|SCOUGHLAN
100|500|184||PFQ|139217_IP_002|IR_|139217_IP_002|139217_IP_002|0|20260504|204406|20260504|1|SCOUGHLAN
100|500|184||PFQ|139217_IP_003|IR_|139217_IP_003|139217_IP_003|0|20260504|204406|20260504|1|SCOUGHLAN
100|500|184||PFQ|139217_IP_004|IR_|139217_IP_004|139217_IP_004|0|20260504|204406|20260504|1|SCOUGHLAN
100|500|184||PFQ|139217_IP_005|IR_|139217_IP_005|139217_IP_005|0|20260504|204406|20260504|1|SCOUGHLAN
100|500|184||PFQ|139217_IP_010|IR_|139217_IP_010|139217_IP_010|0|20260504|204406|20260504|1|SCOUGHLAN
100|500|184||PFQ|139217_IP_020|IR_|139217_IP_020|139217_IP_020|0|20260504|204406|20260504|1|SCOUGHLAN
100|500|184||PFQ|139217_IP_030|IR_|139217_IP_030|139217_IP_030|0|20260504|204406|20260504|1|SCOUGHLAN
100|500|184||PFQ|139217_IP_040|IR_|139217_IP_040|139217_IP_040|0|20260504|204406|20260504|1|SCOUGHLAN
100|500|184||PFQ|139217_IP_050|IR_|139217_IP_050|139217_IP_050|0|20260504|204406|20260504|1|SCOUGHLAN
100|500|184||PFQ|139217_IP_060|IR_|139217_IP_060|139217_IP_060|0|20260504|204406|20260504|1|SCOUGHLAN
100|500|184||PFQ|139217_IP_061|IR_|139217_IP_061|139217_IP_061|0|20260504|204406|20260504|1|SCOUGHLAN
100|500|184||PFQ|139217_IP_070|IR_|139217_IP_070|139217_IP_070|0|20260504|204406|20260504|1|SCOUGHLAN
100|500|184||PFQ|142145_IA_|IR_|142145_IA_|142145_IA_|0|20260504|204406|20260504|1|SCOUGHLAN
100|500|184||PFQ|142145_IA_001|IR_|142145_IA_001|142145_IA_001|0|20260504|204406|20260504|1|SCOUGHLAN
100|500|184||PFQ|142145_IA_002|IR_|142145_IA_002|142145_IA_002|0|20260504|204406|20260504|1|SCOUGHLAN
100|500|184||PFQ|142145_IA_003|IR_|142145_IA_003|142145_IA_003|0|20260504|204406|20260504|1|SCOUGHLAN
100|500|184||PFQ|142145_IA_004|IR_|142145_IA_004|142145_IA_004|0|20260504|204406|20260504|1|SCOUGHLAN
100|500|184||PFQ|142145_IA_005|IR_|142145_IA_005|142145_IA_005|0|20260504|204406|20260504|1|SCOUGHLAN
100|500|184||PFQ|142145_IA_010|IR_|142145_IA_010|142145_IA_010|0|20260504|204406|20260504|1|SCOUGHLAN
100|500|184||PFQ|142145_IA_020|IR_|142145_IA_020|142145_IA_020|0|20260504|204406|20260504|1|SCOUGHLAN
100|500|184||PFQ|142145_IA_030|IR_|142145_IA_030|142145_IA_030|0|20260504|204406|20260504|1|SCOUGHLAN
100|500|184||PFQ|142145_IA_040|IR_|142145_IA_040|142145_IA_040|0|20260504|204406|20260504|1|SCOUGHLAN
100|500|184||PFQ|142145_IA_050|IR_|142145_IA_050|142145_IA_050|0|20260504|204406|20260504|1|SCOUGHLAN
100|500|184||PFQ|142145_IA_060|IR_|142145_IA_060|142145_IA_060|0|20260504|204406|20260504|1|SCOUGHLAN
100|500|184||PFQ|142145_IA_061|IR_|142145_IA_061|142145_IA_061|0|20260504|204406|20260504|1|SCOUGHLAN
100|500|184||PFQ|142145_IA_070|IR_|142145_IA_070|142145_IA_070|0|20260504|204406|20260504|1|SCOUGHLAN
100|500|184||PFQ|142145_IP_001|IR_|142145_IP_001|142145_IP_001|0|20260504|204406|20260504|1|SCOUGHLAN
100|500|184||PFQ|142145_IP_002|IR_|142145_IP_002|142145_IP_002|0|20260504|204406|20260504|1|SCOUGHLAN
100|500|184||PFQ|142145_IP_003|IR_|142145_IP_003|142145_IP_003|0|20260504|204406|20260504|1|SCOUGHLAN
100|500|184||PFQ|142145_IP_004|IR_|142145_IP_004|142145_IP_004|0|20260504|204406|20260504|1|SCOUGHLAN
100|500|184||PFQ|142145_IP_005|IR_|142145_IP_005|142145_IP_005|0|20260504|204406|20260504|1|SCOUGHLAN
100|500|184||PFQ|142145_IP_010|IR_|142145_IP_010|142145_IP_010|0|20260504|204406|20260504|1|SCOUGHLAN
100|500|184||PFQ|142145_IP_020|IR_|142145_IP_020|142145_IP_020|0|20260504|204406|20260504|1|SCOUGHLAN
100|500|184||PFQ|142145_IP_030|IR_|142145_IP_030|142145_IP_030|0|20260504|204406|20260504|1|SCOUGHLAN
100|500|184||PFQ|142145_IP_040|IR_|142145_IP_040|142145_IP_040|0|20260504|204406|20260504|1|SCOUGHLAN
100|500|184||PFQ|142145_IP_050|IR_|142145_IP_050|142145_IP_050|0|20260504|204406|20260504|1|SCOUGHLAN
100|500|184||PFQ|142145_IP_060|IR_|142145_IP_060|142145_IP_060|0|20260504|204406|20260504|1|SCOUGHLAN
100|500|184||PFQ|142145_IP_061|IR_|142145_IP_061|142145_IP_061|0|20260504|204406|20260504|1|SCOUGHLAN
100|500|184||PFQ|142145_IP_070|IR_|142145_IP_070|142145_IP_070|0|20260504|204406|20260504|1|SCOUGHLAN
100|500|184||PFQ|182822_IA_|IR_Item Rejected|182822_IA_|182822_IA_|0|20260504|220244|20260504|1|SCOUGHLAN
100|500|184||PFQ|182822_IA_001|IR_Item Rejected|182822_IA_001|182822_IA_001|0|20260504|220244|20260504|1|SCOUGHLAN
100|500|184||PFQ|182822_IA_002|IR_Pricing Discrepancy|182822_IA_002|182822_IA_002|0|20260504|220244|20260504|1|SCOUGHLAN
100|500|184||PFQ|182822_IA_003|IR_Minimum Quantity Not Met|182822_IA_003|182822_IA_003|0|20260504|220244|20260504|1|SCOUGHLAN
100|500|184||PFQ|182822_IA_004|IR_Out of Stock|182822_IA_004|182822_IA_004|0|20260504|204406|20260504|1|SCOUGHLAN
100|500|184||PFQ|182822_IA_005|IR_Multiple Reasons Apply|182822_IA_005|182822_IA_005|0|20260504|220244|20260504|1|SCOUGHLAN
100|500|184||PFQ|182822_IA_010|IR_Incorrect Vendor UPC/SKU|182822_IA_010|182822_IA_010|0|20260504|220244|20260504|1|SCOUGHLAN
100|500|184||PFQ|182822_IA_020|IR_Item Rejected|182822_IA_020|182822_IA_020|0|20260504|220244|20260504|1|SCOUGHLAN
100|500|184||PFQ|182822_IA_030|IR_Item Rejected|182822_IA_030|182822_IA_030|0|20260504|220244|20260504|1|SCOUGHLAN
100|500|184||PFQ|182822_IA_040|IR_Item Rejected|182822_IA_040|182822_IA_040|0|20260504|220244|20260504|1|SCOUGHLAN
100|500|184||PFQ|182822_IA_050|IR_Item Rejected|182822_IA_050|182822_IA_050|0|20260504|220244|20260504|1|SCOUGHLAN
100|500|184||PFQ|182822_IA_060|IR_Item Discontinued|182822_IA_060|182822_IA_060|0|20260504|220244|20260504|1|SCOUGHLAN
100|500|184||PFQ|182822_IA_061|IR_Item Discontinued|182822_IA_061|182822_IA_061|0|20260504|220244|20260504|1|SCOUGHLAN
100|500|184||PFQ|182822_IA_070|IR_Out of Stock|182822_IA_070|182822_IA_070|0|20260504|204406|20260504|1|SCOUGHLAN
100|500|184||PFQ|182822_IC_001|IR_Item Rejected|182822_IC_001|182822_IC_001|0|20260504|220244|20260504|1|SCOUGHLAN
100|500|184||PFQ|182822_IC_002|IR_Pricing Discrepancy|182822_IC_002|182822_IC_002|0|20260504|220244|20260504|1|SCOUGHLAN
100|500|184||PFQ|182822_IC_003|IR_Minimum Quantity Not Met|182822_IC_003|182822_IC_003|0|20260504|220244|20260504|1|SCOUGHLAN
100|500|184||PFQ|182822_IC_004|IR_Out of Stock|182822_IC_004|182822_IC_004|0|20260504|204406|20260504|1|SCOUGHLAN
100|500|184||PFQ|182822_IC_005|IR_Multiple Reasons Apply|182822_IC_005|182822_IC_005|0|20260504|220244|20260504|1|SCOUGHLAN
100|500|184||PFQ|182822_IC_010|IR_Incorrect Vendor UPC/SKU|182822_IC_010|182822_IC_010|0|20260504|220244|20260504|1|SCOUGHLAN
100|500|184||PFQ|182822_IC_020|IR_Item Rejected|182822_IC_020|182822_IC_020|0|20260504|220244|20260504|1|SCOUGHLAN
100|500|184||PFQ|182822_IC_030|IR_Item Rejected|182822_IC_030|182822_IC_030|0|20260504|220244|20260504|1|SCOUGHLAN
100|500|184||PFQ|182822_IC_040|IR_Item Rejected|182822_IC_040|182822_IC_040|0|20260504|220244|20260504|1|SCOUGHLAN
100|500|184||PFQ|182822_IC_050|IR_Item Rejected|182822_IC_050|182822_IC_050|0|20260504|220244|20260504|1|SCOUGHLAN
100|500|184||PFQ|182822_IC_060|IR_Item Discontinued|182822_IC_060|182822_IC_060|0|20260504|220244|20260504|1|SCOUGHLAN
100|500|184||PFQ|182822_IC_061|IR_Item Discontinued|182822_IC_061|182822_IC_061|0|20260504|220244|20260504|1|SCOUGHLAN
100|500|184||PFQ|182822_IC_070|IR_Out of Stock|182822_IC_070|182822_IC_070|0|20260504|204406|20260504|1|SCOUGHLAN
100|500|184||PFQ|241055_ADF|PB|PB|PB|0|20260504|220248|20260504|1|SCOUGHLAN
100|500|184||PFQ|241055_COL|PB|PB|PB|0|20260504|220248|20260504|1|SCOUGHLAN
100|500|184||PFQ|241055_CON|PB|PB|PB|0|20260504|220248|20260504|1|SCOUGHLAN
100|500|184||PFQ|241055_CPU|PB|PB|PB|0|20260504|220248|20260504|1|SCOUGHLAN
100|500|184||PFQ|241055_CUS|PB|PB|PB|0|20260504|220248|20260504|1|SCOUGHLAN
100|500|184||PFQ|241055_DEL|PB|PB|PB|0|20260504|220248|20260504|1|SCOUGHLAN
100|500|184||PFQ|241055_PFQ|PB|PB|PB|0|20260504|220248|20260504|1|SCOUGHLAN
100|500|184||PFQ|252191_IA_|IR_|252191_IA_|252191_IA_|0|20260504|204406|20260504|1|SCOUGHLAN
100|500|184||PFQ|252191_IA_001|IR_|252191_IA_001|252191_IA_001|0|20260504|204406|20260504|1|SCOUGHLAN
100|500|184||PFQ|252191_IA_002|IR_|252191_IA_002|252191_IA_002|0|20260504|204406|20260504|1|SCOUGHLAN
100|500|184||PFQ|252191_IA_003|IR_|252191_IA_003|252191_IA_003|0|20260504|204406|20260504|1|SCOUGHLAN
100|500|184||PFQ|252191_IA_004|IR_|252191_IA_004|252191_IA_004|0|20260504|204406|20260504|1|SCOUGHLAN
100|500|184||PFQ|252191_IA_005|IR_|252191_IA_005|252191_IA_005|0|20260504|204406|20260504|1|SCOUGHLAN
100|500|184||PFQ|252191_IA_010|IR_|252191_IA_010|252191_IA_010|0|20260504|204406|20260504|1|SCOUGHLAN
100|500|184||PFQ|252191_IA_020|IR_|252191_IA_020|252191_IA_020|0|20260504|204406|20260504|1|SCOUGHLAN
100|500|184||PFQ|252191_IA_030|IR_|252191_IA_030|252191_IA_030|0|20260504|204406|20260504|1|SCOUGHLAN
100|500|184||PFQ|252191_IA_040|IR_|252191_IA_040|252191_IA_040|0|20260504|204406|20260504|1|SCOUGHLAN
100|500|184||PFQ|252191_IA_050|IR_|252191_IA_050|252191_IA_050|0|20260504|204406|20260504|1|SCOUGHLAN
100|500|184||PFQ|252191_IA_060|IR_|252191_IA_060|252191_IA_060|0|20260504|204406|20260504|1|SCOUGHLAN
100|500|184||PFQ|252191_IA_061|IR_|252191_IA_061|252191_IA_061|0|20260504|204406|20260504|1|SCOUGHLAN
100|500|184||PFQ|252191_IA_070|IR_|252191_IA_070|252191_IA_070|0|20260504|204406|20260504|1|SCOUGHLAN
100|500|184||PFQ|252191_IP_001|IR_|252191_IP_001|252191_IP_001|0|20260504|204406|20260504|1|SCOUGHLAN
100|500|184||PFQ|252191_IP_002|IR_|252191_IP_002|252191_IP_002|0|20260504|204406|20260504|1|SCOUGHLAN
100|500|184||PFQ|252191_IP_003|IR_|252191_IP_003|252191_IP_003|0|20260504|204406|20260504|1|SCOUGHLAN
100|500|184||PFQ|252191_IP_004|IR_|252191_IP_004|252191_IP_004|0|20260504|204406|20260504|1|SCOUGHLAN
100|500|184||PFQ|252191_IP_005|IR_|252191_IP_005|252191_IP_005|0|20260504|204406|20260504|1|SCOUGHLAN
100|500|184||PFQ|252191_IP_010|IR_|252191_IP_010|252191_IP_010|0|20260504|204406|20260504|1|SCOUGHLAN
100|500|184||PFQ|252191_IP_020|IR_|252191_IP_020|252191_IP_020|0|20260504|204406|20260504|1|SCOUGHLAN
100|500|184||PFQ|252191_IP_030|IR_|252191_IP_030|252191_IP_030|0|20260504|204406|20260504|1|SCOUGHLAN
100|500|184||PFQ|252191_IP_040|IR_|252191_IP_040|252191_IP_040|0|20260504|204406|20260504|1|SCOUGHLAN
100|500|184||PFQ|252191_IP_050|IR_|252191_IP_050|252191_IP_050|0|20260504|204406|20260504|1|SCOUGHLAN
100|500|184||PFQ|252191_IP_060|IR_|252191_IP_060|252191_IP_060|0|20260504|204406|20260504|1|SCOUGHLAN
100|500|184||PFQ|252191_IP_061|IR_|252191_IP_061|252191_IP_061|0|20260504|204406|20260504|1|SCOUGHLAN
100|500|184||PFQ|252191_IP_070|IR_|252191_IP_070|252191_IP_070|0|20260504|204406|20260504|1|SCOUGHLAN
100|500|184||PFQ|401858_010_|IA_|401858_010_|401858_010_|0|20260504|204406|20260504|1|SCOUGHLAN
100|500|184||PFQ|401858_IA_|IA_|401858_IA_|401858_IA_|0|20260504|204406|20260504|1|SCOUGHLAN
100|500|184||PFQ|401858_IA_001|IA_|401858_IA_001|401858_IA_001|0|20260504|204406|20260504|1|SCOUGHLAN
100|500|184||PFQ|401858_IA_002|IA_|401858_IA_002|401858_IA_002|0|20260504|204406|20260504|1|SCOUGHLAN
100|500|184||PFQ|401858_IA_003|IA_|401858_IA_003|401858_IA_003|0|20260504|204406|20260504|1|SCOUGHLAN
100|500|184||PFQ|401858_IA_004|IA_|401858_IA_004|401858_IA_004|0|20260504|204406|20260504|1|SCOUGHLAN
100|500|184||PFQ|401858_IA_005|IA_|401858_IA_005|401858_IA_005|0|20260504|204406|20260504|1|SCOUGHLAN
100|500|184||PFQ|401858_IA_010|IA_|401858_IA_010|401858_IA_010|0|20260504|204406|20260504|1|SCOUGHLAN
100|500|184||PFQ|401858_IA_020|IA_|401858_IA_020|401858_IA_020|0|20260504|204406|20260504|1|SCOUGHLAN
100|500|184||PFQ|401858_IA_030|IA_|401858_IA_030|401858_IA_030|0|20260504|204406|20260504|1|SCOUGHLAN
100|500|184||PFQ|401858_IA_040|IA_|401858_IA_040|401858_IA_040|0|20260504|204406|20260504|1|SCOUGHLAN
100|500|184||PFQ|401858_IA_050|IA_|401858_IA_050|401858_IA_050|0|20260504|204406|20260504|1|SCOUGHLAN
100|500|184||PFQ|401858_IA_060|IA_|401858_IA_060|401858_IA_060|0|20260504|204406|20260504|1|SCOUGHLAN
100|500|184||PFQ|401858_IA_061|IA_|401858_IA_061|401858_IA_061|0|20260504|204406|20260504|1|SCOUGHLAN
100|500|184||PFQ|401858_IA_070|IA_|401858_IA_070|401858_IA_070|0|20260504|204406|20260504|1|SCOUGHLAN
100|500|184||PFQ|401858_IC_001|IA_|401858_IC_001|401858_IC_001|0|20260504|204406|20260504|1|SCOUGHLAN
100|500|184||PFQ|401858_IC_002|IA_|401858_IC_002|401858_IC_002|0|20260504|204406|20260504|1|SCOUGHLAN
100|500|184||PFQ|401858_IC_003|IA_|401858_IC_003|401858_IC_003|0|20260504|204406|20260504|1|SCOUGHLAN
100|500|184||PFQ|401858_IC_004|IA_|401858_IC_004|401858_IC_004|0|20260504|204406|20260504|1|SCOUGHLAN
100|500|184||PFQ|401858_IC_005|IA_|401858_IC_005|401858_IC_005|0|20260504|204406|20260504|1|SCOUGHLAN
100|500|184||PFQ|401858_IC_010|IA_|401858_IC_010|401858_IC_010|0|20260504|204406|20260504|1|SCOUGHLAN
100|500|184||PFQ|401858_IC_020|IA_|401858_IC_020|401858_IC_020|0|20260504|204406|20260504|1|SCOUGHLAN
100|500|184||PFQ|401858_IC_030|IA_|401858_IC_030|401858_IC_030|0|20260504|204406|20260504|1|SCOUGHLAN
100|500|184||PFQ|401858_IC_040|IA_|401858_IC_040|401858_IC_040|0|20260504|204406|20260504|1|SCOUGHLAN
100|500|184||PFQ|401858_IC_050|IA_|401858_IC_050|401858_IC_050|0|20260504|204406|20260504|1|SCOUGHLAN
100|500|184||PFQ|401858_IC_060|IA_|401858_IC_060|401858_IC_060|0|20260504|204406|20260504|1|SCOUGHLAN
100|500|184||PFQ|401858_IC_061|IA_|401858_IC_061|401858_IC_061|0|20260504|204406|20260504|1|SCOUGHLAN
100|500|184||PFQ|401858_IC_070|IA_|401858_IC_070|401858_IC_070|0|20260504|204406|20260504|1|SCOUGHLAN
100|500|184||PFQ|596380_IA_|IR_|IR_|IR_|0|20260504|220248|20260504|1|SCOUGHLAN
100|500|184||PFQ|596380_IA_001|IR_|IR_|IR_|0|20260504|220248|20260504|1|SCOUGHLAN
100|500|184||PFQ|596380_IA_002|IR_|IR_|IR_|0|20260504|220248|20260504|1|SCOUGHLAN
100|500|184||PFQ|596380_IA_003|IR_|IR_|IR_|0|20260504|220248|20260504|1|SCOUGHLAN
100|500|184||PFQ|596380_IA_004|IR_|IR_|IR_|0|20260504|220248|20260504|1|SCOUGHLAN
100|500|184||PFQ|596380_IA_005|IR_|IR_|IR_|0|20260504|220248|20260504|1|SCOUGHLAN
100|500|184||PFQ|596380_IA_010|IR_|IR_|IR_|0|20260504|220248|20260504|1|SCOUGHLAN
100|500|184||PFQ|596380_IA_020|IR_|IR_|IR_|0|20260504|220248|20260504|1|SCOUGHLAN
100|500|184||PFQ|596380_IA_030|IR_|IR_|IR_|0|20260504|220248|20260504|1|SCOUGHLAN
100|500|184||PFQ|596380_IA_040|IR_|IR_|IR_|0|20260504|220248|20260504|1|SCOUGHLAN
100|500|184||PFQ|596380_IA_050|IR_|IR_|IR_|0|20260504|220248|20260504|1|SCOUGHLAN
100|500|184||PFQ|596380_IA_060|IR_|IR_|IR_|0|20260504|220248|20260504|1|SCOUGHLAN
100|500|184||PFQ|596380_IA_061|IR_|IR_|IR_|0|20260504|220248|20260504|1|SCOUGHLAN
100|500|184||PFQ|596380_IA_070|IR_|IR_|IR_|0|20260504|220248|20260504|1|SCOUGHLAN
100|500|184||PFQ|596380_IP_001|IR_|IR_|IR_|0|20260504|220248|20260504|1|SCOUGHLAN
100|500|184||PFQ|596380_IP_002|IR_|IR_|IR_|0|20260504|220248|20260504|1|SCOUGHLAN
100|500|184||PFQ|596380_IP_003|IR_|IR_|IR_|0|20260504|220248|20260504|1|SCOUGHLAN
100|500|184||PFQ|596380_IP_004|IR_|IR_|IR_|0|20260504|220248|20260504|1|SCOUGHLAN
100|500|184||PFQ|596380_IP_005|IR_|IR_|IR_|0|20260504|220248|20260504|1|SCOUGHLAN
100|500|184||PFQ|596380_IP_010|IR_|IR_|IR_|0|20260504|220248|20260504|1|SCOUGHLAN
100|500|184||PFQ|596380_IP_020|IR_|IR_|IR_|0|20260504|220248|20260504|1|SCOUGHLAN
100|500|184||PFQ|596380_IP_030|IR_|IR_|IR_|0|20260504|220248|20260504|1|SCOUGHLAN
100|500|184||PFQ|596380_IP_040|IR_|IR_|IR_|0|20260504|220248|20260504|1|SCOUGHLAN
100|500|184||PFQ|596380_IP_050|IR_|IR_|IR_|0|20260504|220248|20260504|1|SCOUGHLAN
100|500|184||PFQ|596380_IP_060|IR_|IR_|IR_|0|20260504|220248|20260504|1|SCOUGHLAN
100|500|184||PFQ|596380_IP_061|IR_|IR_|IR_|0|20260504|220248|20260504|1|SCOUGHLAN
100|500|184||PFQ|596380_IP_070|IR_|IR_|IR_|0|20260504|220248|20260504|1|SCOUGHLAN
100|500|184||PFQ|6287_IA_|IR_|6287_IA_|6287_IA_|0|20260504|204406|20260504|1|SCOUGHLAN
100|500|184||PFQ|6287_IA_001|IR_|6287_IA_001|6287_IA_001|0|20260504|204406|20260504|1|SCOUGHLAN
100|500|184||PFQ|6287_IA_002|IR_|6287_IA_002|6287_IA_002|0|20260504|204406|20260504|1|SCOUGHLAN
100|500|184||PFQ|6287_IA_003|IR_|6287_IA_003|6287_IA_003|0|20260504|204406|20260504|1|SCOUGHLAN
100|500|184||PFQ|6287_IA_004|IR_|6287_IA_004|6287_IA_004|0|20260504|204406|20260504|1|SCOUGHLAN
100|500|184||PFQ|6287_IA_005|IR_|6287_IA_005|6287_IA_005|0|20260504|204406|20260504|1|SCOUGHLAN
100|500|184||PFQ|6287_IA_010|IR_|6287_IA_010|6287_IA_010|0|20260504|204406|20260504|1|SCOUGHLAN
100|500|184||PFQ|6287_IA_020|IR_|6287_IA_020|6287_IA_020|0|20260504|204406|20260504|1|SCOUGHLAN
100|500|184||PFQ|6287_IA_030|IR_|6287_IA_030|6287_IA_030|0|20260504|204406|20260504|1|SCOUGHLAN
100|500|184||PFQ|6287_IA_040|IR_|6287_IA_040|6287_IA_040|0|20260504|204406|20260504|1|SCOUGHLAN
100|500|184||PFQ|6287_IA_050|IR_|6287_IA_050|6287_IA_050|0|20260504|204406|20260504|1|SCOUGHLAN
100|500|184||PFQ|6287_IA_060|IR_|6287_IA_060|6287_IA_060|0|20260504|204406|20260504|1|SCOUGHLAN
100|500|184||PFQ|6287_IA_061|IR_|6287_IA_061|6287_IA_061|0|20260504|204406|20260504|1|SCOUGHLAN
100|500|184||PFQ|6287_IA_070|IR_|6287_IA_070|6287_IA_070|0|20260504|204406|20260504|1|SCOUGHLAN
100|500|184||PFQ|6287_IP_001|IR_|6287_IP_001|6287_IP_001|0|20260504|204406|20260504|1|SCOUGHLAN
100|500|184||PFQ|6287_IP_002|IR_|6287_IP_002|6287_IP_002|0|20260504|204406|20260504|1|SCOUGHLAN
100|500|184||PFQ|6287_IP_003|IR_|6287_IP_003|6287_IP_003|0|20260504|204406|20260504|1|SCOUGHLAN
100|500|184||PFQ|6287_IP_004|IR_|6287_IP_004|6287_IP_004|0|20260504|204406|20260504|1|SCOUGHLAN
100|500|184||PFQ|6287_IP_005|IR_|6287_IP_005|6287_IP_005|0|20260504|204406|20260504|1|SCOUGHLAN
100|500|184||PFQ|6287_IP_010|IR_|6287_IP_010|6287_IP_010|0|20260504|204406|20260504|1|SCOUGHLAN
100|500|184||PFQ|6287_IP_020|IR_|6287_IP_020|6287_IP_020|0|20260504|204406|20260504|1|SCOUGHLAN
100|500|184||PFQ|6287_IP_030|IR_|6287_IP_030|6287_IP_030|0|20260504|204406|20260504|1|SCOUGHLAN
100|500|184||PFQ|6287_IP_040|IR_|6287_IP_040|6287_IP_040|0|20260504|204406|20260504|1|SCOUGHLAN
100|500|184||PFQ|6287_IP_050|IR_|6287_IP_050|6287_IP_050|0|20260504|204406|20260504|1|SCOUGHLAN
100|500|184||PFQ|6287_IP_060|IR_|6287_IP_060|6287_IP_060|0|20260504|204406|20260504|1|SCOUGHLAN
100|500|184||PFQ|6287_IP_061|IR_|6287_IP_061|6287_IP_061|0|20260504|204406|20260504|1|SCOUGHLAN
100|500|184||PFQ|6287_IP_070|IR_|6287_IP_070|6287_IP_070|0|20260504|204406|20260504|1|SCOUGHLAN
100|500|184||PFQ|71567_IA_|IR_|71567_IA_|71567_IA_|0|20260504|204406|20260504|1|SCOUGHLAN
100|500|184||PFQ|71567_IA_001|IR_|71567_IA_001|71567_IA_001|0|20260504|204406|20260504|1|SCOUGHLAN
100|500|184||PFQ|71567_IA_002|IR_|71567_IA_002|71567_IA_002|0|20260504|204406|20260504|1|SCOUGHLAN
100|500|184||PFQ|71567_IA_003|IR_|71567_IA_003|71567_IA_003|0|20260504|204406|20260504|1|SCOUGHLAN
100|500|184||PFQ|71567_IA_004|IR_|71567_IA_004|71567_IA_004|0|20260504|204406|20260504|1|SCOUGHLAN
100|500|184||PFQ|71567_IA_005|IR_|71567_IA_005|71567_IA_005|0|20260504|204406|20260504|1|SCOUGHLAN
100|500|184||PFQ|71567_IA_010|R2_|71567_IA_010|71567_IA_010|0|20260504|204406|20260504|1|SCOUGHLAN
100|500|184||PFQ|71567_IA_020|IR_|71567_IA_020|71567_IA_020|0|20260504|204406|20260504|1|SCOUGHLAN
100|500|184||PFQ|71567_IA_030|IR_|71567_IA_030|71567_IA_030|0|20260504|204406|20260504|1|SCOUGHLAN
100|500|184||PFQ|71567_IA_040|IR_|71567_IA_040|71567_IA_040|0|20260504|204406|20260504|1|SCOUGHLAN
100|500|184||PFQ|71567_IA_050|IR_|71567_IA_050|71567_IA_050|0|20260504|204406|20260504|1|SCOUGHLAN
100|500|184||PFQ|71567_IA_060|IR_|71567_IA_060|71567_IA_060|0|20260504|204406|20260504|1|SCOUGHLAN
100|500|184||PFQ|71567_IA_061|IR_|71567_IA_061|71567_IA_061|0|20260504|204406|20260504|1|SCOUGHLAN
100|500|184||PFQ|71567_IA_070|IR_|71567_IA_070|71567_IA_070|0|20260504|204406|20260504|1|SCOUGHLAN
100|500|184||PFQ|71567_IP_001|IR_|71567_IP_001|71567_IP_001|0|20260504|204406|20260504|1|SCOUGHLAN
100|500|184||PFQ|71567_IP_002|IR_|71567_IP_002|71567_IP_002|0|20260504|204406|20260504|1|SCOUGHLAN
100|500|184||PFQ|71567_IP_003|IR_|71567_IP_003|71567_IP_003|0|20260504|204406|20260504|1|SCOUGHLAN
100|500|184||PFQ|71567_IP_004|IR_|71567_IP_004|71567_IP_004|0|20260504|204406|20260504|1|SCOUGHLAN
100|500|184||PFQ|71567_IP_005|IR_|71567_IP_005|71567_IP_005|0|20260504|204406|20260504|1|SCOUGHLAN
100|500|184||PFQ|71567_IP_010|R2_|71567_IP_010|71567_IP_010|0|20260504|204406|20260504|1|SCOUGHLAN
100|500|184||PFQ|71567_IP_020|IR_|71567_IP_020|71567_IP_020|0|20260504|204406|20260504|1|SCOUGHLAN
100|500|184||PFQ|71567_IP_030|IR_|71567_IP_030|71567_IP_030|0|20260504|204406|20260504|1|SCOUGHLAN
100|500|184||PFQ|71567_IP_040|IR_|71567_IP_040|71567_IP_040|0|20260504|204406|20260504|1|SCOUGHLAN
100|500|184||PFQ|71567_IP_050|IR_|71567_IP_050|71567_IP_050|0|20260504|204406|20260504|1|SCOUGHLAN
100|500|184||PFQ|71567_IP_060|IR_|71567_IP_060|71567_IP_060|0|20260504|204406|20260504|1|SCOUGHLAN
100|500|184||PFQ|71567_IP_061|IR_|71567_IP_061|71567_IP_061|0|20260504|204406|20260504|1|SCOUGHLAN
100|500|184||PFQ|71567_IP_070|IR_|71567_IP_070|71567_IP_070|0|20260504|204406|20260504|1|SCOUGHLAN
100|500|184||PFQ|9718_IA_|IR_|9718_IA_|9718_IA_|0|20260504|204406|20260504|1|SCOUGHLAN
100|500|184||PFQ|9718_IA_001|IR_|9718_IA_001|9718_IA_001|0|20260504|204406|20260504|1|SCOUGHLAN
100|500|184||PFQ|9718_IA_002|IR_|9718_IA_002|9718_IA_002|0|20260504|204406|20260504|1|SCOUGHLAN
100|500|184||PFQ|9718_IA_003|IR_|9718_IA_003|9718_IA_003|0|20260504|204406|20260504|1|SCOUGHLAN
100|500|184||PFQ|9718_IA_004|IR_|9718_IA_004|9718_IA_004|0|20260504|204406|20260504|1|SCOUGHLAN
100|500|184||PFQ|9718_IA_005|IR_|9718_IA_005|9718_IA_005|0|20260504|204406|20260504|1|SCOUGHLAN
100|500|184||PFQ|9718_IA_010|IR_|9718_IA_010|9718_IA_010|0|20260504|204406|20260504|1|SCOUGHLAN
100|500|184||PFQ|9718_IA_020|IR_|9718_IA_020|9718_IA_020|0|20260504|204406|20260504|1|SCOUGHLAN
100|500|184||PFQ|9718_IA_030|IR_|9718_IA_030|9718_IA_030|0|20260504|204406|20260504|1|SCOUGHLAN
100|500|184||PFQ|9718_IA_040|IR_|9718_IA_040|9718_IA_040|0|20260504|204406|20260504|1|SCOUGHLAN
100|500|184||PFQ|9718_IA_050|IR_|9718_IA_050|9718_IA_050|0|20260504|204406|20260504|1|SCOUGHLAN
100|500|184||PFQ|9718_IA_060|IR_|9718_IA_060|9718_IA_060|0|20260504|204406|20260504|1|SCOUGHLAN
100|500|184||PFQ|9718_IA_061|IR_|9718_IA_061|9718_IA_061|0|20260504|204406|20260504|1|SCOUGHLAN
100|500|184||PFQ|9718_IA_070|IR_|9718_IA_070|9718_IA_070|0|20260504|204406|20260504|1|SCOUGHLAN
100|500|184||PFQ|9718_IP_001|IR_|9718_IP_001|9718_IP_001|0|20260504|204406|20260504|1|SCOUGHLAN
100|500|184||PFQ|9718_IP_002|IR_|9718_IP_002|9718_IP_002|0|20260504|204406|20260504|1|SCOUGHLAN
100|500|184||PFQ|9718_IP_003|IR_|9718_IP_003|9718_IP_003|0|20260504|204406|20260504|1|SCOUGHLAN
100|500|184||PFQ|9718_IP_004|IR_|9718_IP_004|9718_IP_004|0|20260504|204406|20260504|1|SCOUGHLAN
100|500|184||PFQ|9718_IP_005|IR_|9718_IP_005|9718_IP_005|0|20260504|204406|20260504|1|SCOUGHLAN
100|500|184||PFQ|9718_IP_010|IR_|9718_IP_010|9718_IP_010|0|20260504|204406|20260504|1|SCOUGHLAN
100|500|184||PFQ|9718_IP_020|IR_|9718_IP_020|9718_IP_020|0|20260504|204406|20260504|1|SCOUGHLAN
100|500|184||PFQ|9718_IP_030|IR_|9718_IP_030|9718_IP_030|0|20260504|204406|20260504|1|SCOUGHLAN
100|500|184||PFQ|9718_IP_040|IR_|9718_IP_040|9718_IP_040|0|20260504|204406|20260504|1|SCOUGHLAN
100|500|184||PFQ|9718_IP_050|IR_|9718_IP_050|9718_IP_050|0|20260504|204406|20260504|1|SCOUGHLAN
100|500|184||PFQ|9718_IP_060|IR_|9718_IP_060|9718_IP_060|0|20260504|204406|20260504|1|SCOUGHLAN
100|500|184||PFQ|9718_IP_061|IR_|9718_IP_061|9718_IP_061|0|20260504|204406|20260504|1|SCOUGHLAN
100|500|184||PFQ|9718_IP_070|IR_|9718_IP_070|9718_IP_070|0|20260504|204406|20260504|1|SCOUGHLAN
100|500|184||PFQ|ADF|PC|PC|PC|0|20260504|220248|20260504|1|SCOUGHLAN
100|500|184||PFQ|COL|CC|CC|CC|0|20260504|220248|20260504|1|SCOUGHLAN
100|500|184||PFQ|CON|PB|PB|PB|0|20260504|220248|20260504|1|SCOUGHLAN
100|500|184||PFQ|CPU|PB|PB|PB|0|20260504|220248|20260504|1|SCOUGHLAN
100|500|184||PFQ|CUS|TP|TP|TP|0|20260504|220248|20260504|1|SCOUGHLAN
100|500|184||PFQ|DEL|PP|PP|PP|0|20260504|220248|20260504|1|SCOUGHLAN
100|500|184||PFQ|IA_|IR_|IA_|IA_|0|20260504|204406|20260504|1|SCOUGHLAN
100|500|184||PFQ|IA_001|IR_|IA_001|IA_001|0|20260504|204406|20260504|1|SCOUGHLAN
100|500|184||PFQ|IA_002|IR_|IA_002|IA_002|0|20260504|204406|20260504|1|SCOUGHLAN
100|500|184||PFQ|IA_003|IR_|IA_003|IA_003|0|20260504|204406|20260504|1|SCOUGHLAN
100|500|184||PFQ|IA_004|IR_|IA_004|IA_004|0|20260504|204406|20260504|1|SCOUGHLAN
100|500|184||PFQ|IA_005|IR_|IA_005|IA_005|0|20260504|204406|20260504|1|SCOUGHLAN
100|500|184||PFQ|IA_010|IR_|IA_010|IA_010|0|20260504|204406|20260504|1|SCOUGHLAN
100|500|184||PFQ|IA_020|IR_|IA_020|IA_020|0|20260504|204406|20260504|1|SCOUGHLAN
100|500|184||PFQ|IA_030|IR_|IA_030|IA_030|0|20260504|204406|20260504|1|SCOUGHLAN
100|500|184||PFQ|IA_040|IR_|IA_040|IA_040|0|20260504|204406|20260504|1|SCOUGHLAN
100|500|184||PFQ|IA_050|IR_|IA_050|IA_050|0|20260504|204406|20260504|1|SCOUGHLAN
100|500|184||PFQ|IA_060|IR_|IA_060|IA_060|0|20260504|204406|20260504|1|SCOUGHLAN
100|500|184||PFQ|IA_061|IR_|IA_061|IA_061|0|20260504|204406|20260504|1|SCOUGHLAN
100|500|184||PFQ|IA_070|IR_|IA_070|IA_070|0|20260504|204406|20260504|1|SCOUGHLAN
100|500|184||PFQ|IC_001|IR_|IC_001|IC_001|0|20260504|204406|20260504|1|SCOUGHLAN
100|500|184||PFQ|IC_002|IR_|IC_002|IC_002|0|20260504|204406|20260504|1|SCOUGHLAN
100|500|184||PFQ|IC_003|IR_|IC_003|IC_003|0|20260504|204406|20260504|1|SCOUGHLAN
100|500|184||PFQ|IC_004|IR_|IC_004|IC_004|0|20260504|204406|20260504|1|SCOUGHLAN
100|500|184||PFQ|IC_005|IR_|IC_005|IC_005|0|20260504|204406|20260504|1|SCOUGHLAN
100|500|184||PFQ|IC_010|IR_|IC_010|IC_010|0|20260504|204406|20260504|1|SCOUGHLAN
100|500|184||PFQ|IC_020|IR_|IC_020|IC_020|0|20260504|204406|20260504|1|SCOUGHLAN
100|500|184||PFQ|IC_030|IR_|IC_030|IC_030|0|20260504|204406|20260504|1|SCOUGHLAN
100|500|184||PFQ|IC_040|IR_|IC_040|IC_040|0|20260504|204406|20260504|1|SCOUGHLAN
100|500|184||PFQ|IC_050|IR_|IC_050|IC_050|0|20260504|204406|20260504|1|SCOUGHLAN
100|500|184||PFQ|IC_060|IR_|IC_060|IC_060|0|20260504|204406|20260504|1|SCOUGHLAN
100|500|184||PFQ|IC_061|IR_|IC_061|IC_061|0|20260504|204406|20260504|1|SCOUGHLAN
100|500|184||PFQ|IC_070|IR_|IC_070|IC_070|0|20260504|204406|20260504|1|SCOUGHLAN
100|500|184||PFQ|PFQ|PC|PC|PC|0|20260504|220248|20260504|1|SCOUGHLAN
100|500|184||PFQ|US1|M|M|M|0|20260504|220248|20260504|1|SCOUGHLAN
100|500|184||PFQ|US2|M|M|M|0|20260504|220248|20260504|1|SCOUGHLAN
100|500|184||PFQ|UW1|M|M|M|0|20260504|220248|20260504|1|SCOUGHLAN
100|500|184||PFQ|UW2|M|M|M|0|20260504|220248|20260504|1|SCOUGHLAN
100|500|184||PFQ|UW3|M|M|M|0|20260504|220248|20260504|1|SCOUGHLAN
100|500|184||PFQ|VET|M|M|M|0|20260504|220248|20260504|1|SCOUGHLAN
100|500|184||PFQ|WG|M|M|M|0|20260504|220248|20260504|1|SCOUGHLAN
100|500|184||PFQ|WRD|M|M|M|0|20260504|220248|20260504|1|SCOUGHLAN
100|500|184||PFQ|XPO|M|M|M|0|20260504|220248|20260504|1|SCOUGHLAN
100|500|185||PFQ|139217_IA_|IA_|139217_IA_|139217_IA_|0|20260504|204406|20260504|1|SCOUGHLAN
100|500|185||PFQ|139217_IA_003|IR_|139217_IA_003|139217_IA_003|0|20260504|204406|20260504|1|SCOUGHLAN
100|500|185||PFQ|139217_IA_004|IQ_|IQ_|IQ_|0|20260504|220248|20260504|1|SCOUGHLAN
100|500|185||PFQ|139217_IA_010|IR_|139217_IA_010|139217_IA_010|0|20260504|204406|20260504|1|SCOUGHLAN
100|500|185||PFQ|139217_IA_020|IR_|139217_IA_020|139217_IA_020|0|20260504|204406|20260504|1|SCOUGHLAN
100|500|185||PFQ|139217_IA_030|IR_|139217_IA_030|139217_IA_030|0|20260504|204406|20260504|1|SCOUGHLAN
100|500|185||PFQ|139217_IA_040|IR_|139217_IA_040|139217_IA_040|0|20260504|204406|20260504|1|SCOUGHLAN
100|500|185||PFQ|139217_IA_050|IR_|139217_IA_050|139217_IA_050|0|20260504|204406|20260504|1|SCOUGHLAN
100|500|185||PFQ|139217_IA_060|IR_|139217_IA_060|139217_IA_060|0|20260504|204406|20260504|1|SCOUGHLAN
100|500|185||PFQ|139217_IA_061|IR_|139217_IA_061|139217_IA_061|0|20260504|204406|20260504|1|SCOUGHLAN
100|500|185||PFQ|139217_IA_070|IR_|139217_IA_070|139217_IA_070|0|20260504|204406|20260504|1|SCOUGHLAN
100|500|185||PFQ|139217_IP_001|IA_|139217_IP_001|139217_IP_001|0|20260504|204406|20260504|1|SCOUGHLAN
100|500|185||PFQ|139217_IP_002|IP_|139217_IP_002|139217_IP_002|0|20260504|204406|20260504|1|SCOUGHLAN
100|500|185||PFQ|139217_IP_003|IR_|139217_IP_003|139217_IP_003|0|20260504|204406|20260504|1|SCOUGHLAN
100|500|185||PFQ|139217_IP_004|IQ_|139217_IP_004|139217_IP_004|0|20260504|204406|20260504|1|SCOUGHLAN
100|500|185||PFQ|139217_IP_005|IP_|139217_IP_005|139217_IP_005|0|20260504|204406|20260504|1|SCOUGHLAN
100|500|185||PFQ|139217_IP_010|IR_|139217_IP_010|139217_IP_010|0|20260504|204406|20260504|1|SCOUGHLAN
100|500|185||PFQ|139217_IP_020|IR_|139217_IP_020|139217_IP_020|0|20260504|204406|20260504|1|SCOUGHLAN
100|500|185||PFQ|139217_IP_030|IR_|139217_IP_030|139217_IP_030|0|20260504|204406|20260504|1|SCOUGHLAN
100|500|185||PFQ|139217_IP_040|IR_|139217_IP_040|139217_IP_040|0|20260504|204406|20260504|1|SCOUGHLAN
100|500|185||PFQ|139217_IP_050|IR_|139217_IP_050|139217_IP_050|0|20260504|204406|20260504|1|SCOUGHLAN
100|500|185||PFQ|139217_IP_060|IR_|139217_IP_060|139217_IP_060|0|20260504|204406|20260504|1|SCOUGHLAN
100|500|185||PFQ|139217_IP_061|IR_|139217_IP_061|139217_IP_061|0|20260504|204406|20260504|1|SCOUGHLAN
100|500|185||PFQ|139217_IP_070|IR_|139217_IP_070|139217_IP_070|0|20260504|204406|20260504|1|SCOUGHLAN
100|500|185||PFQ|142145_IA_|IA_|142145_IA_|142145_IA_|0|20260504|204406|20260504|1|SCOUGHLAN
100|500|185||PFQ|142145_IA_003|IR_|142145_IA_003|142145_IA_003|0|20260504|204406|20260504|1|SCOUGHLAN
100|500|185||PFQ|142145_IA_004|IQ_|IQ_|IQ_|0|20260504|220248|20260504|1|SCOUGHLAN
100|500|185||PFQ|142145_IA_010|IR_|142145_IA_010|142145_IA_010|0|20260504|204406|20260504|1|SCOUGHLAN
100|500|185||PFQ|142145_IA_020|IR_|142145_IA_020|142145_IA_020|0|20260504|204406|20260504|1|SCOUGHLAN
100|500|185||PFQ|142145_IA_030|IR_|142145_IA_030|142145_IA_030|0|20260504|204406|20260504|1|SCOUGHLAN
100|500|185||PFQ|142145_IA_040|IR_|142145_IA_040|142145_IA_040|0|20260504|204406|20260504|1|SCOUGHLAN
100|500|185||PFQ|142145_IA_050|IR_|142145_IA_050|142145_IA_050|0|20260504|204407|20260504|1|SCOUGHLAN
100|500|185||PFQ|142145_IA_060|IR_|142145_IA_060|142145_IA_060|0|20260504|204407|20260504|1|SCOUGHLAN
100|500|185||PFQ|142145_IA_061|IR_|142145_IA_061|142145_IA_061|0|20260504|204407|20260504|1|SCOUGHLAN
100|500|185||PFQ|142145_IA_070|IR_|142145_IA_070|142145_IA_070|0|20260504|204407|20260504|1|SCOUGHLAN
100|500|185||PFQ|142145_IP_001|IA_|142145_IP_001|142145_IP_001|0|20260504|204407|20260504|1|SCOUGHLAN
100|500|185||PFQ|142145_IP_002|IP_|142145_IP_002|142145_IP_002|0|20260504|204407|20260504|1|SCOUGHLAN
100|500|185||PFQ|142145_IP_003|IR_|142145_IP_003|142145_IP_003|0|20260504|204407|20260504|1|SCOUGHLAN
100|500|185||PFQ|142145_IP_004|IQ_|142145_IP_004|142145_IP_004|0|20260504|204407|20260504|1|SCOUGHLAN
100|500|185||PFQ|142145_IP_005|IP_|142145_IP_005|142145_IP_005|0|20260504|204407|20260504|1|SCOUGHLAN
100|500|185||PFQ|142145_IP_010|IR_|142145_IP_010|142145_IP_010|0|20260504|204407|20260504|1|SCOUGHLAN
100|500|185||PFQ|142145_IP_020|IR_|142145_IP_020|142145_IP_020|0|20260504|204407|20260504|1|SCOUGHLAN
100|500|185||PFQ|142145_IP_030|IR_|142145_IP_030|142145_IP_030|0|20260504|204407|20260504|1|SCOUGHLAN
100|500|185||PFQ|142145_IP_040|IR_|142145_IP_040|142145_IP_040|0|20260504|204407|20260504|1|SCOUGHLAN
100|500|185||PFQ|142145_IP_050|IR_|142145_IP_050|142145_IP_050|0|20260504|204407|20260504|1|SCOUGHLAN
100|500|185||PFQ|142145_IP_060|IR_|142145_IP_060|142145_IP_060|0|20260504|204407|20260504|1|SCOUGHLAN
100|500|185||PFQ|142145_IP_061|IR_|142145_IP_061|142145_IP_061|0|20260504|204407|20260504|1|SCOUGHLAN
100|500|185||PFQ|142145_IP_070|IR_|142145_IP_070|142145_IP_070|0|20260504|204407|20260504|1|SCOUGHLAN
100|500|185||PFQ|182822_IA_|IA_Item Confirmed|182822_IA_|182822_IA_|0|20260504|204407|20260504|1|SCOUGHLAN
100|500|185||PFQ|182822_IA_003|IR_Minimum Quantity Not Met|182822_IA_003|182822_IA_003|0|20260504|220244|20260504|1|SCOUGHLAN
100|500|185||PFQ|182822_IA_004|IQ_Item Confirmed|" Changes"""|182822_IA_004|0|20260504|220248|20260504|1|SCOUGHLAN
100|500|185||PFQ|182822_IA_010|IR_Incorrect Vendor UPC/SKU|182822_IA_010|182822_IA_010|0|20260504|220244|20260504|1|SCOUGHLAN
100|500|185||PFQ|182822_IA_020|IR_Item Rejected|182822_IA_020|182822_IA_020|0|20260504|220244|20260504|1|SCOUGHLAN
100|500|185||PFQ|182822_IA_030|IR_Item Rejected|182822_IA_030|182822_IA_030|0|20260504|220244|20260504|1|SCOUGHLAN
100|500|185||PFQ|182822_IA_040|IR_Item Rejected|182822_IA_040|182822_IA_040|0|20260504|220244|20260504|1|SCOUGHLAN
100|500|185||PFQ|182822_IA_050|IR_Item Rejected|182822_IA_050|182822_IA_050|0|20260504|220244|20260504|1|SCOUGHLAN
100|500|185||PFQ|182822_IA_060|IR_Item Discontinued|182822_IA_060|182822_IA_060|0|20260504|220244|20260504|1|SCOUGHLAN
100|500|185||PFQ|182822_IA_061|IR_Item Discontinued|182822_IA_061|182822_IA_061|0|20260504|204407|20260504|1|SCOUGHLAN
100|500|185||PFQ|182822_IA_070|IR_Out of Stock|182822_IA_070|182822_IA_070|0|20260504|204407|20260504|1|SCOUGHLAN
100|500|185||PFQ|182822_IC_001|IA_Item Confirmed|182822_IC_001|182822_IC_001|0|20260504|204407|20260504|1|SCOUGHLAN
100|500|185||PFQ|182822_IC_002|IQ_Item Confirmed|182822_IC_002|182822_IC_002|0|20260504|204407|20260504|1|SCOUGHLAN
100|500|185||PFQ|182822_IC_003|IQ_Item Confirmed|182822_IC_003|182822_IC_003|0|20260504|204407|20260504|1|SCOUGHLAN
100|500|185||PFQ|182822_IC_004|IQ_Item Confirmed|182822_IC_004|182822_IC_004|0|20260504|204407|20260504|1|SCOUGHLAN
100|500|185||PFQ|182822_IC_005|IQ_Item Confirmed|182822_IC_005|182822_IC_005|0|20260504|204407|20260504|1|SCOUGHLAN
100|500|185||PFQ|182822_IC_010|IR_Incorrect Vendor UPC/SKU|182822_IC_010|182822_IC_010|0|20260504|220244|20260504|1|SCOUGHLAN
100|500|185||PFQ|182822_IC_020|IR_Item Rejected|182822_IC_020|182822_IC_020|0|20260504|220244|20260504|1|SCOUGHLAN
100|500|185||PFQ|182822_IC_030|IR_Item Rejected|182822_IC_030|182822_IC_030|0|20260504|220244|20260504|1|SCOUGHLAN
100|500|185||PFQ|182822_IC_040|IR_Item Rejected|182822_IC_040|182822_IC_040|0|20260504|220244|20260504|1|SCOUGHLAN
100|500|185||PFQ|182822_IC_050|IR_Item Rejected|182822_IC_050|182822_IC_050|0|20260504|220244|20260504|1|SCOUGHLAN
100|500|185||PFQ|182822_IC_060|IR_Item Discontinued|182822_IC_060|182822_IC_060|0|20260504|220244|20260504|1|SCOUGHLAN
100|500|185||PFQ|182822_IC_061|IR_Item Discontinued|182822_IC_061|182822_IC_061|0|20260504|204407|20260504|1|SCOUGHLAN
100|500|185||PFQ|182822_IC_070|IR_Out of Stock|182822_IC_070|182822_IC_070|0|20260504|204407|20260504|1|SCOUGHLAN
100|500|185||PFQ|252191_IA_|IA_|252191_IA_|252191_IA_|0|20260504|204407|20260504|1|SCOUGHLAN
100|500|185||PFQ|252191_IA_003|IR_|252191_IA_003|252191_IA_003|0|20260504|204407|20260504|1|SCOUGHLAN
100|500|185||PFQ|252191_IA_004|IQ_|IQ_|IQ_|0|20260504|220248|20260504|1|SCOUGHLAN
100|500|185||PFQ|252191_IA_010|R2_|252191_IA_010|252191_IA_010|0|20260504|204407|20260504|1|SCOUGHLAN
100|500|185||PFQ|252191_IA_020|IR_|252191_IA_020|252191_IA_020|0|20260504|204407|20260504|1|SCOUGHLAN
100|500|185||PFQ|252191_IA_030|IR_|252191_IA_030|252191_IA_030|0|20260504|204407|20260504|1|SCOUGHLAN
100|500|185||PFQ|252191_IA_040|IR_|252191_IA_040|252191_IA_040|0|20260504|204407|20260504|1|SCOUGHLAN
100|500|185||PFQ|252191_IA_050|IR_|252191_IA_050|252191_IA_050|0|20260504|204407|20260504|1|SCOUGHLAN
100|500|185||PFQ|252191_IA_060|IR_|252191_IA_060|252191_IA_060|0|20260504|204407|20260504|1|SCOUGHLAN
100|500|185||PFQ|252191_IA_061|IR_|252191_IA_061|252191_IA_061|0|20260504|204407|20260504|1|SCOUGHLAN
100|500|185||PFQ|252191_IA_070|IR_|252191_IA_070|252191_IA_070|0|20260504|204407|20260504|1|SCOUGHLAN
100|500|185||PFQ|252191_IP_001|IA_|252191_IP_001|252191_IP_001|0|20260504|204407|20260504|1|SCOUGHLAN
100|500|185||PFQ|252191_IP_002|IP_|252191_IP_002|252191_IP_002|0|20260504|204407|20260504|1|SCOUGHLAN
100|500|185||PFQ|252191_IP_003|IR_|252191_IP_003|252191_IP_003|0|20260504|204407|20260504|1|SCOUGHLAN
100|500|185||PFQ|252191_IP_004|IQ_|252191_IP_004|252191_IP_004|0|20260504|204407|20260504|1|SCOUGHLAN
100|500|185||PFQ|252191_IP_005|IC_|252191_IP_005|252191_IP_005|0|20260504|204407|20260504|1|SCOUGHLAN
100|500|185||PFQ|252191_IP_010|R2_|252191_IP_010|252191_IP_010|0|20260504|204407|20260504|1|SCOUGHLAN
100|500|185||PFQ|252191_IP_020|IR_|252191_IP_020|252191_IP_020|0|20260504|204407|20260504|1|SCOUGHLAN
100|500|185||PFQ|252191_IP_030|IR_|252191_IP_030|252191_IP_030|0|20260504|204407|20260504|1|SCOUGHLAN
100|500|185||PFQ|252191_IP_040|IR_|252191_IP_040|252191_IP_040|0|20260504|204407|20260504|1|SCOUGHLAN
100|500|185||PFQ|252191_IP_050|IR_|252191_IP_050|252191_IP_050|0|20260504|204407|20260504|1|SCOUGHLAN
100|500|185||PFQ|252191_IP_060|IR_|252191_IP_060|252191_IP_060|0|20260504|204407|20260504|1|SCOUGHLAN
100|500|185||PFQ|252191_IP_061|IR_|252191_IP_061|252191_IP_061|0|20260504|204407|20260504|1|SCOUGHLAN
100|500|185||PFQ|252191_IP_070|IR_|252191_IP_070|252191_IP_070|0|20260504|204407|20260504|1|SCOUGHLAN
100|500|185||PFQ|401858_010_|IA_|401858_010_|401858_010_|0|20260504|204407|20260504|1|SCOUGHLAN
100|500|185||PFQ|401858_IA_|IA_|401858_IA_|401858_IA_|0|20260504|204407|20260504|1|SCOUGHLAN
100|500|185||PFQ|401858_IA_003|IA_|401858_IA_003|401858_IA_003|0|20260504|204407|20260504|1|SCOUGHLAN
100|500|185||PFQ|401858_IA_004|IA_|IA_|IA_|0|20260504|220248|20260504|1|SCOUGHLAN
100|500|185||PFQ|401858_IA_010|IA_|401858_IA_010|401858_IA_010|0|20260504|204407|20260504|1|SCOUGHLAN
100|500|185||PFQ|401858_IA_020|IA_|401858_IA_020|401858_IA_020|0|20260504|204407|20260504|1|SCOUGHLAN
100|500|185||PFQ|401858_IA_030|IA_|401858_IA_030|401858_IA_030|0|20260504|204407|20260504|1|SCOUGHLAN
100|500|185||PFQ|401858_IA_040|IA_|401858_IA_040|401858_IA_040|0|20260504|204407|20260504|1|SCOUGHLAN
100|500|185||PFQ|401858_IA_050|IA_|401858_IA_050|401858_IA_050|0|20260504|204407|20260504|1|SCOUGHLAN
100|500|185||PFQ|401858_IA_060|IA_|401858_IA_060|401858_IA_060|0|20260504|204407|20260504|1|SCOUGHLAN
100|500|185||PFQ|401858_IA_061|IA_|401858_IA_061|401858_IA_061|0|20260504|204407|20260504|1|SCOUGHLAN
100|500|185||PFQ|401858_IA_070|IA_|401858_IA_070|401858_IA_070|0|20260504|204407|20260504|1|SCOUGHLAN
100|500|185||PFQ|401858_IC_001|IA_|401858_IC_001|401858_IC_001|0|20260504|204407|20260504|1|SCOUGHLAN
100|500|185||PFQ|401858_IC_002|IA_|401858_IC_002|401858_IC_002|0|20260504|204407|20260504|1|SCOUGHLAN
100|500|185||PFQ|401858_IC_003|IA_|401858_IC_003|401858_IC_003|0|20260504|204407|20260504|1|SCOUGHLAN
100|500|185||PFQ|401858_IC_004|IA_|401858_IC_004|401858_IC_004|0|20260504|204407|20260504|1|SCOUGHLAN
100|500|185||PFQ|401858_IC_005|IA_|401858_IC_005|401858_IC_005|0|20260504|204407|20260504|1|SCOUGHLAN
100|500|185||PFQ|401858_IC_010|IA_|401858_IC_010|401858_IC_010|0|20260504|204407|20260504|1|SCOUGHLAN
100|500|185||PFQ|401858_IC_020|IA_|401858_IC_020|401858_IC_020|0|20260504|204407|20260504|1|SCOUGHLAN
100|500|185||PFQ|401858_IC_030|IA_|401858_IC_030|401858_IC_030|0|20260504|204407|20260504|1|SCOUGHLAN
100|500|185||PFQ|401858_IC_040|IA_|401858_IC_040|401858_IC_040|0|20260504|204407|20260504|1|SCOUGHLAN
100|500|185||PFQ|401858_IC_050|IA_|401858_IC_050|401858_IC_050|0|20260504|204407|20260504|1|SCOUGHLAN
100|500|185||PFQ|401858_IC_060|IA_|401858_IC_060|401858_IC_060|0|20260504|204407|20260504|1|SCOUGHLAN
100|500|185||PFQ|401858_IC_061|IA_|401858_IC_061|401858_IC_061|0|20260504|204407|20260504|1|SCOUGHLAN
100|500|185||PFQ|401858_IC_070|IA_|401858_IC_070|401858_IC_070|0|20260504|204407|20260504|1|SCOUGHLAN
100|500|185||PFQ|596380_IA_|IA_|IA_|IA_|0|20260504|220248|20260504|1|SCOUGHLAN
100|500|185||PFQ|596380_IA_003|IR_|IR_|IR_|0|20260504|220248|20260504|1|SCOUGHLAN
100|500|185||PFQ|596380_IA_004|IQ_|IQ_|IQ_|0|20260504|220248|20260504|1|SCOUGHLAN
100|500|185||PFQ|596380_IA_010|IR_|IR_|IR_|0|20260504|220248|20260504|1|SCOUGHLAN
100|500|185||PFQ|596380_IA_020|IR_|IR_|IR_|0|20260504|220248|20260504|1|SCOUGHLAN
100|500|185||PFQ|596380_IA_030|IR_|IR_|IR_|0|20260504|220248|20260504|1|SCOUGHLAN
100|500|185||PFQ|596380_IA_040|IR_|IR_|IR_|0|20260504|220248|20260504|1|SCOUGHLAN
100|500|185||PFQ|596380_IA_050|IR_|IR_|IR_|0|20260504|220248|20260504|1|SCOUGHLAN
100|500|185||PFQ|596380_IA_060|IR_|IR_|IR_|0|20260504|220248|20260504|1|SCOUGHLAN
100|500|185||PFQ|596380_IA_061|IQ_|IQ_|IQ_|0|20260504|220248|20260504|1|SCOUGHLAN
100|500|185||PFQ|596380_IA_070|IQ_|IQ_|IQ_|0|20260504|220248|20260504|1|SCOUGHLAN
100|500|185||PFQ|596380_IP_001|IA_|IA_|IA_|0|20260504|220248|20260504|1|SCOUGHLAN
100|500|185||PFQ|596380_IP_002|IP_|IP_|IP_|0|20260504|220248|20260504|1|SCOUGHLAN
100|500|185||PFQ|596380_IP_003|IR_|IR_|IR_|0|20260504|220248|20260504|1|SCOUGHLAN
100|500|185||PFQ|596380_IP_004|IQ_|IQ_|IQ_|0|20260504|220248|20260504|1|SCOUGHLAN
100|500|185||PFQ|596380_IP_005|IP_|IP_|IP_|0|20260504|220248|20260504|1|SCOUGHLAN
100|500|185||PFQ|596380_IP_010|IR_|IR_|IR_|0|20260504|220248|20260504|1|SCOUGHLAN
100|500|185||PFQ|596380_IP_020|IR_|IR_|IR_|0|20260504|220248|20260504|1|SCOUGHLAN
100|500|185||PFQ|596380_IP_030|IR_|IR_|IR_|0|20260504|220248|20260504|1|SCOUGHLAN
100|500|185||PFQ|596380_IP_040|IR_|IR_|IR_|0|20260504|220248|20260504|1|SCOUGHLAN
100|500|185||PFQ|596380_IP_050|IR_|IR_|IR_|0|20260504|220248|20260504|1|SCOUGHLAN
100|500|185||PFQ|596380_IP_060|IR_|IR_|IR_|0|20260504|220248|20260504|1|SCOUGHLAN
100|500|185||PFQ|596380_IP_061|IQ_|IQ_|IQ_|0|20260504|220248|20260504|1|SCOUGHLAN
100|500|185||PFQ|596380_IP_070|IQ_|IQ_|IQ_|0|20260504|220248|20260504|1|SCOUGHLAN
100|500|185||PFQ|6287_IA_|IA_|6287_IA_|6287_IA_|0|20260504|204407|20260504|1|SCOUGHLAN
100|500|185||PFQ|6287_IA_003|IR_|6287_IA_003|6287_IA_003|0|20260504|204407|20260504|1|SCOUGHLAN
100|500|185||PFQ|6287_IA_004|IQ_|IQ_|IQ_|0|20260504|220248|20260504|1|SCOUGHLAN
100|500|185||PFQ|6287_IA_010|IR_|6287_IA_010|6287_IA_010|0|20260504|204407|20260504|1|SCOUGHLAN
100|500|185||PFQ|6287_IA_020|IR_|6287_IA_020|6287_IA_020|0|20260504|204407|20260504|1|SCOUGHLAN
100|500|185||PFQ|6287_IA_030|IR_|6287_IA_030|6287_IA_030|0|20260504|204407|20260504|1|SCOUGHLAN
100|500|185||PFQ|6287_IA_040|IR_|6287_IA_040|6287_IA_040|0|20260504|204407|20260504|1|SCOUGHLAN
100|500|185||PFQ|6287_IA_050|IR_|6287_IA_050|6287_IA_050|0|20260504|204407|20260504|1|SCOUGHLAN
100|500|185||PFQ|6287_IA_060|IR_|6287_IA_060|6287_IA_060|0|20260504|204407|20260504|1|SCOUGHLAN
100|500|185||PFQ|6287_IA_061|IR_|6287_IA_061|6287_IA_061|0|20260504|204407|20260504|1|SCOUGHLAN
100|500|185||PFQ|6287_IA_070|IR_|6287_IA_070|6287_IA_070|0|20260504|204407|20260504|1|SCOUGHLAN
100|500|185||PFQ|6287_IP_001|IA_|6287_IP_001|6287_IP_001|0|20260504|204407|20260504|1|SCOUGHLAN
100|500|185||PFQ|6287_IP_002|IP_|6287_IP_002|6287_IP_002|0|20260504|204407|20260504|1|SCOUGHLAN
100|500|185||PFQ|6287_IP_003|IR_|6287_IP_003|6287_IP_003|0|20260504|204407|20260504|1|SCOUGHLAN
100|500|185||PFQ|6287_IP_004|IQ_|6287_IP_004|6287_IP_004|0|20260504|204407|20260504|1|SCOUGHLAN
100|500|185||PFQ|6287_IP_005|IP_|6287_IP_005|6287_IP_005|0|20260504|204407|20260504|1|SCOUGHLAN
100|500|185||PFQ|6287_IP_010|IR_|6287_IP_010|6287_IP_010|0|20260504|204407|20260504|1|SCOUGHLAN
100|500|185||PFQ|6287_IP_020|IR_|6287_IP_020|6287_IP_020|0|20260504|204407|20260504|1|SCOUGHLAN
100|500|185||PFQ|6287_IP_030|IR_|6287_IP_030|6287_IP_030|0|20260504|204407|20260504|1|SCOUGHLAN
100|500|185||PFQ|6287_IP_040|IR_|6287_IP_040|6287_IP_040|0|20260504|204407|20260504|1|SCOUGHLAN
100|500|185||PFQ|6287_IP_050|IR_|6287_IP_050|6287_IP_050|0|20260504|204407|20260504|1|SCOUGHLAN
100|500|185||PFQ|6287_IP_060|IR_|6287_IP_060|6287_IP_060|0|20260504|204407|20260504|1|SCOUGHLAN
100|500|185||PFQ|6287_IP_061|IR_|6287_IP_061|6287_IP_061|0|20260504|204407|20260504|1|SCOUGHLAN
100|500|185||PFQ|6287_IP_070|IR_|6287_IP_070|6287_IP_070|0|20260504|204407|20260504|1|SCOUGHLAN
100|500|185||PFQ|71567_IA_|IA_|71567_IA_|71567_IA_|0|20260504|204407|20260504|1|SCOUGHLAN
100|500|185||PFQ|71567_IA_003|IR_|71567_IA_003|71567_IA_003|0|20260504|204407|20260504|1|SCOUGHLAN
100|500|185||PFQ|71567_IA_004|IQ_|IQ_|IQ_|0|20260504|220248|20260504|1|SCOUGHLAN
100|500|185||PFQ|71567_IA_010|R2_|71567_IA_010|71567_IA_010|0|20260504|204407|20260504|1|SCOUGHLAN
100|500|185||PFQ|71567_IA_020|IR_|71567_IA_020|71567_IA_020|0|20260504|204407|20260504|1|SCOUGHLAN
100|500|185||PFQ|71567_IA_030|IR_|71567_IA_030|71567_IA_030|0|20260504|204407|20260504|1|SCOUGHLAN
100|500|185||PFQ|71567_IA_040|IR_|71567_IA_040|71567_IA_040|0|20260504|204407|20260504|1|SCOUGHLAN
100|500|185||PFQ|71567_IA_050|IR_|71567_IA_050|71567_IA_050|0|20260504|204407|20260504|1|SCOUGHLAN
100|500|185||PFQ|71567_IA_060|IR_|71567_IA_060|71567_IA_060|0|20260504|204407|20260504|1|SCOUGHLAN
100|500|185||PFQ|71567_IA_061|IR_|71567_IA_061|71567_IA_061|0|20260504|204407|20260504|1|SCOUGHLAN
100|500|185||PFQ|71567_IA_070|IR_|71567_IA_070|71567_IA_070|0|20260504|204407|20260504|1|SCOUGHLAN
100|500|185||PFQ|71567_IP_001|IA_|71567_IP_001|71567_IP_001|0|20260504|204407|20260504|1|SCOUGHLAN
100|500|185||PFQ|71567_IP_002|IP_|71567_IP_002|71567_IP_002|0|20260504|204407|20260504|1|SCOUGHLAN
100|500|185||PFQ|71567_IP_003|IR_|71567_IP_003|71567_IP_003|0|20260504|204407|20260504|1|SCOUGHLAN
100|500|185||PFQ|71567_IP_004|IQ_|71567_IP_004|71567_IP_004|0|20260504|204407|20260504|1|SCOUGHLAN
100|500|185||PFQ|71567_IP_005|IC_|71567_IP_005|71567_IP_005|0|20260504|204407|20260504|1|SCOUGHLAN
100|500|185||PFQ|71567_IP_010|R2_|71567_IP_010|71567_IP_010|0|20260504|204407|20260504|1|SCOUGHLAN
100|500|185||PFQ|71567_IP_020|IR_|71567_IP_020|71567_IP_020|0|20260504|204407|20260504|1|SCOUGHLAN
100|500|185||PFQ|71567_IP_030|IR_|71567_IP_030|71567_IP_030|0|20260504|204407|20260504|1|SCOUGHLAN
100|500|185||PFQ|71567_IP_040|IR_|71567_IP_040|71567_IP_040|0|20260504|204407|20260504|1|SCOUGHLAN
100|500|185||PFQ|71567_IP_050|IR_|71567_IP_050|71567_IP_050|0|20260504|204407|20260504|1|SCOUGHLAN
100|500|185||PFQ|71567_IP_060|IR_|71567_IP_060|71567_IP_060|0|20260504|204407|20260504|1|SCOUGHLAN
100|500|185||PFQ|71567_IP_061|IR_|71567_IP_061|71567_IP_061|0|20260504|204407|20260504|1|SCOUGHLAN
100|500|185||PFQ|71567_IP_070|IR_|71567_IP_070|71567_IP_070|0|20260504|204407|20260504|1|SCOUGHLAN
100|500|185||PFQ|9718_IA_|IA_|9718_IA_|9718_IA_|0|20260504|204407|20260504|1|SCOUGHLAN
100|500|185||PFQ|9718_IA_003|IR_|9718_IA_003|9718_IA_003|0|20260504|204407|20260504|1|SCOUGHLAN
100|500|185||PFQ|9718_IA_004|IQ_|IQ_|IQ_|0|20260504|220248|20260504|1|SCOUGHLAN
100|500|185||PFQ|9718_IA_010|IR_|9718_IA_010|9718_IA_010|0|20260504|204407|20260504|1|SCOUGHLAN
100|500|185||PFQ|9718_IA_020|IR_|9718_IA_020|9718_IA_020|0|20260504|204407|20260504|1|SCOUGHLAN
100|500|185||PFQ|9718_IA_030|IR_|9718_IA_030|9718_IA_030|0|20260504|204407|20260504|1|SCOUGHLAN
100|500|185||PFQ|9718_IA_040|IR_|9718_IA_040|9718_IA_040|0|20260504|204407|20260504|1|SCOUGHLAN
100|500|185||PFQ|9718_IA_050|IR_|9718_IA_050|9718_IA_050|0|20260504|204407|20260504|1|SCOUGHLAN
100|500|185||PFQ|9718_IA_060|IR_|9718_IA_060|9718_IA_060|0|20260504|204407|20260504|1|SCOUGHLAN
100|500|185||PFQ|9718_IA_061|IR_|9718_IA_061|9718_IA_061|0|20260504|204407|20260504|1|SCOUGHLAN
100|500|185||PFQ|9718_IA_070|IR_|9718_IA_070|9718_IA_070|0|20260504|204407|20260504|1|SCOUGHLAN
100|500|185||PFQ|9718_IP_001|IA_|9718_IP_001|9718_IP_001|0|20260504|204407|20260504|1|SCOUGHLAN
100|500|185||PFQ|9718_IP_002|IP_|9718_IP_002|9718_IP_002|0|20260504|204407|20260504|1|SCOUGHLAN
100|500|185||PFQ|9718_IP_003|IR_|9718_IP_003|9718_IP_003|0|20260504|204407|20260504|1|SCOUGHLAN
100|500|185||PFQ|9718_IP_004|IQ_|9718_IP_004|9718_IP_004|0|20260504|204407|20260504|1|SCOUGHLAN
100|500|185||PFQ|9718_IP_005|IP_|9718_IP_005|9718_IP_005|0|20260504|204407|20260504|1|SCOUGHLAN
100|500|185||PFQ|9718_IP_010|IR_|9718_IP_010|9718_IP_010|0|20260504|204407|20260504|1|SCOUGHLAN
100|500|185||PFQ|9718_IP_020|IR_|9718_IP_020|9718_IP_020|0|20260504|204407|20260504|1|SCOUGHLAN
100|500|185||PFQ|9718_IP_030|IR_|9718_IP_030|9718_IP_030|0|20260504|204407|20260504|1|SCOUGHLAN
100|500|185||PFQ|9718_IP_040|IR_|9718_IP_040|9718_IP_040|0|20260504|204407|20260504|1|SCOUGHLAN
100|500|185||PFQ|9718_IP_050|IR_|9718_IP_050|9718_IP_050|0|20260504|204407|20260504|1|SCOUGHLAN
100|500|185||PFQ|9718_IP_060|IR_|9718_IP_060|9718_IP_060|0|20260504|204407|20260504|1|SCOUGHLAN
100|500|185||PFQ|9718_IP_061|IR_|9718_IP_061|9718_IP_061|0|20260504|204407|20260504|1|SCOUGHLAN
100|500|185||PFQ|9718_IP_070|IR_|9718_IP_070|9718_IP_070|0|20260504|204407|20260504|1|SCOUGHLAN
100|500|185||PFQ|IA_|IA_|IA_|IA_|0|20260504|220244|20260504|1|SCOUGHLAN
100|500|185||PFQ|IA_003|IR_|IA_003|IA_003|0|20260504|204407|20260504|1|SCOUGHLAN
100|500|185||PFQ|IA_004|IR_|IR_|IR_|0|20260504|220248|20260504|1|SCOUGHLAN
100|500|185||PFQ|IA_005|IR_|IR_|IR_|0|20260504|220248|20260504|1|SCOUGHLAN
100|500|185||PFQ|IA_010|IR_|IA_010|IA_010|0|20260504|204407|20260504|1|SCOUGHLAN
100|500|185||PFQ|IA_020|IR_|IA_020|IA_020|0|20260504|204407|20260504|1|SCOUGHLAN
100|500|185||PFQ|IA_030|IR_|IA_030|IA_030|0|20260504|204407|20260504|1|SCOUGHLAN
100|500|185||PFQ|IA_040|IR_|IA_040|IA_040|0|20260504|204407|20260504|1|SCOUGHLAN
100|500|185||PFQ|IA_050|IR_|IA_050|IA_050|0|20260504|204407|20260504|1|SCOUGHLAN
100|500|185||PFQ|IA_060|IR_|IA_060|IA_060|0|20260504|204407|20260504|1|SCOUGHLAN
100|500|185||PFQ|IA_061|IC_|IA_061|IA_061|0|20260504|204407|20260504|1|SCOUGHLAN
100|500|185||PFQ|IA_070|IC_|IA_070|IA_070|0|20260504|204407|20260504|1|SCOUGHLAN
100|500|185||PFQ|IC_001|IA_|IC_001|IC_001|0|20260504|204407|20260504|1|SCOUGHLAN
100|500|185||PFQ|IC_002|IC_|IC_002|IC_002|0|20260504|204407|20260504|1|SCOUGHLAN
100|500|185||PFQ|IC_003|IR_|IC_003|IC_003|0|20260504|204407|20260504|1|SCOUGHLAN
100|500|185||PFQ|IC_004|IC_|IC_004|IC_004|0|20260504|204407|20260504|1|SCOUGHLAN
100|500|185||PFQ|IC_005|IC_|IC_005|IC_005|0|20260504|204407|20260504|1|SCOUGHLAN
100|500|185||PFQ|IC_010|IR_|IC_010|IC_010|0|20260504|204407|20260504|1|SCOUGHLAN
100|500|185||PFQ|IC_020|IR_|IC_020|IC_020|0|20260504|204407|20260504|1|SCOUGHLAN
100|500|185||PFQ|IC_030|IR_|IC_030|IC_030|0|20260504|204407|20260504|1|SCOUGHLAN
100|500|185||PFQ|IC_040|IR_|IC_040|IC_040|0|20260504|204407|20260504|1|SCOUGHLAN
100|500|185||PFQ|IC_050|IR_|IC_050|IC_050|0|20260504|204407|20260504|1|SCOUGHLAN
100|500|185||PFQ|IC_060|IR_|IC_060|IC_060|0|20260504|204407|20260504|1|SCOUGHLAN
100|500|185||PFQ|IC_061|IR_|IC_061|IC_061|0|20260504|204407|20260504|1|SCOUGHLAN
100|500|185||PFQ|IC_070|IC_|IC_070|IC_070|0|20260504|204407|20260504|1|SCOUGHLAN
100|500|186||PFQ|1|0078742028286|0078742028286|0078742028286|0|20260504|220248|20260504|1|SCOUGHLAN
100|500|186||PFQ|10|0078742029184|0078742029184|0078742029184|0|20260504|220248|20260504|1|SCOUGHLAN
100|500|186||PFQ|11|0078742029276|0078742029276|0078742029276|0|20260504|220248|20260504|1|SCOUGHLAN
100|500|186||PFQ|12|0078742029368|0078742029368|0078742029368|0|20260504|220248|20260504|1|SCOUGHLAN
100|500|186||PFQ|13|0078742029450|0078742029450|0078742029450|0|20260504|220248|20260504|1|SCOUGHLAN
100|500|186||PFQ|14|0078742029542|0078742029542|0078742029542|0|20260504|220248|20260504|1|SCOUGHLAN
100|500|186||PFQ|15|0078742029634|0078742029634|0078742029634|0|20260504|220248|20260504|1|SCOUGHLAN
100|500|186||PFQ|16|0078742029818|0078742029818|0078742029818|0|20260504|220248|20260504|1|SCOUGHLAN
100|500|186||PFQ|17|0078742029900|0078742029900|0078742029900|0|20260504|220248|20260504|1|SCOUGHLAN
100|500|186||PFQ|18|0078742029993|0078742029993|0078742029993|0|20260504|220248|20260504|1|SCOUGHLAN
100|500|186||PFQ|19|0078742030081|0078742030081|0078742030081|0|20260504|220248|20260504|1|SCOUGHLAN
100|500|186||PFQ|2|0078742028286|0078742028286|0078742028286|0|20260504|220248|20260504|1|SCOUGHLAN
100|500|186||PFQ|20|0078742030173|0078742030173|0078742030173|0|20260504|220248|20260504|1|SCOUGHLAN
100|500|186||PFQ|21|0078742030449|0078742030449|0078742030449|0|20260504|220248|20260504|1|SCOUGHLAN
100|500|186||PFQ|22|0078742030531|0078742030531|0078742030531|0|20260504|220248|20260504|1|SCOUGHLAN
100|500|186||PFQ|23|0078742030807|0078742030807|0078742030807|0|20260504|220248|20260504|1|SCOUGHLAN
100|500|186||PFQ|24|0078742030890|0078742030890|0078742030890|0|20260504|220248|20260504|1|SCOUGHLAN
100|500|186||PFQ|25|0078742030982|0078742030982|0078742030982|0|20260504|220248|20260504|1|SCOUGHLAN
100|500|186||PFQ|26|0078742030982|0078742030982|0078742030982|0|20260504|220248|20260504|1|SCOUGHLAN
100|500|186||PFQ|27|0078742031071|0078742031071|0078742031071|0|20260504|220248|20260504|1|SCOUGHLAN
100|500|186||PFQ|28|0078742031163|0078742031163|0078742031163|0|20260504|220248|20260504|1|SCOUGHLAN
100|500|186||PFQ|29|0078742031255|0078742031255|0078742031255|0|20260504|220248|20260504|1|SCOUGHLAN
100|500|186||PFQ|3|0078742028552|0078742028552|0078742028552|0|20260504|220248|20260504|1|SCOUGHLAN
100|500|186||PFQ|30|0078742031255|0078742031255|0078742031255|0|20260504|220248|20260504|1|SCOUGHLAN
100|500|186||PFQ|31|0078742031521|0078742031521|0078742031521|0|20260504|220248|20260504|1|SCOUGHLAN
100|500|186||PFQ|32|0078742031972|0078742031972|0078742031972|0|20260504|220248|20260504|1|SCOUGHLAN
100|500|186||PFQ|33|0078742032511|0078742032511|0078742032511|0|20260504|220248|20260504|1|SCOUGHLAN
100|500|186||PFQ|34|0078742033907|0078742033907|0078742033907|0|20260504|220248|20260504|1|SCOUGHLAN
100|500|186||PFQ|35|0078742033938|0078742033938|0078742033938|0|20260504|220248|20260504|1|SCOUGHLAN
100|500|186||PFQ|36|0078742035307|0078742035307|0078742035307|0|20260504|220248|20260504|1|SCOUGHLAN
100|500|186||PFQ|37|0078742035833|0078742035833|0078742035833|0|20260504|220248|20260504|1|SCOUGHLAN
100|500|186||PFQ|38|0078742038674|0078742038674|0078742038674|0|20260504|223658|20260504|1|SCOUGHLAN
100|500|186||PFQ|39|0078742038674|0078742038674|0078742038674|0|20260504|223706|20260504|1|SCOUGHLAN
100|500|186||PFQ|4|0078742028552|0078742028552|0078742028552|0|20260504|223647|20260504|1|SCOUGHLAN
100|500|186||PFQ|40|0078742040028|0078742040028|0078742040028|0|20260504|223701|20260504|1|SCOUGHLAN
100|500|186||PFQ|41|0078742040028|0078742040028|0078742040028|0|20260504|223708|20260504|1|SCOUGHLAN
100|500|186||PFQ|42|0078742041445|0078742041445|0078742041445|0|20260504|223711|20260504|1|SCOUGHLAN
100|500|186||PFQ|43|0078742045504|0078742045504|0078742045504|0|20260504|223645|20260504|1|SCOUGHLAN
100|500|186||PFQ|44|0078742045504|0078742045504|0078742045504|0|20260504|223712|20260504|1|SCOUGHLAN
100|500|186||PFQ|45|0078742045627|0078742045627|0078742045627|0|20260504|223700|20260504|1|SCOUGHLAN
100|500|186||PFQ|46|0078742045627|0078742045627|0078742045627|0|20260504|223657|20260504|1|SCOUGHLAN
100|500|186||PFQ|47|0078742048079|0078742048079|0078742048079|0|20260504|223652|20260504|1|SCOUGHLAN
100|500|186||PFQ|48|0078742050775|0078742050775|0078742050775|0|20260504|223643|20260504|1|SCOUGHLAN
100|500|186||PFQ|49|0078742050867|0078742050867|0078742050867|0|20260504|223645|20260504|1|SCOUGHLAN
100|500|186||PFQ|5|0078742028644|0078742028644|0078742028644|0|20260504|223626|20260504|1|SCOUGHLAN
100|500|186||PFQ|50|0078742053790|0078742053790|0078742053790|0|20260504|223709|20260504|1|SCOUGHLAN
100|500|186||PFQ|51|0078742057903|0078742057903|0078742057903|0|20260504|223709|20260504|1|SCOUGHLAN
100|500|186||PFQ|52|0078742058368|0078742058368|0078742058368|0|20260504|223629|20260504|1|SCOUGHLAN
100|500|186||PFQ|53|0078742058436|0078742058436|0078742058436|0|20260504|223701|20260504|1|SCOUGHLAN
100|500|186||PFQ|54|0078742058436|0078742058436|0078742058436|0|20260504|223712|20260504|1|SCOUGHLAN
100|500|186||PFQ|6|0078742028736|0078742028736|0078742028736|0|20260504|223653|20260504|1|SCOUGHLAN
100|500|186||PFQ|7|0078742028736|0078742028736|0078742028736|0|20260504|223710|20260504|1|SCOUGHLAN
100|500|186||PFQ|8|0078742028828|0078742028828|0078742028828|0|20260504|223632|20260504|1|SCOUGHLAN
100|500|186||PFQ|9|0078742028828|0078742028828|0078742028828|0|20260504|223643|20260504|1|SCOUGHLAN
100|500|186||PFQ|IA_004|IC_|IC_|IC_|0|20260504|220248|20260504|1|SCOUGHLAN
100|500|186||PFQ|IA_010|IR_|IR_|IR_|0|20260504|220248|20260504|1|SCOUGHLAN
100|500|186||PFQ|IA_020|IR_|IR_|IR_|0|20260504|220248|20260504|1|SCOUGHLAN
100|500|186||PFQ|IA_030|IR_|IR_|IR_|0|20260504|220248|20260504|1|SCOUGHLAN
100|500|186||PFQ|IA_040|IR_|IR_|IR_|0|20260504|220248|20260504|1|SCOUGHLAN
100|500|186||PFQ|IA_050|IR_|IR_|IR_|0|20260504|220248|20260504|1|SCOUGHLAN
100|500|186||PFQ|IA_060|IR_|IR_|IR_|0|20260504|220248|20260504|1|SCOUGHLAN
100|500|186||PFQ|IA_061|IC_|IC_|IC_|0|20260504|220248|20260504|1|SCOUGHLAN
100|500|186||PFQ|IA_070|IC_|IC_|IC_|0|20260504|220248|20260504|1|SCOUGHLAN
100|500|186||PFQ|IC_001|IA_|IA_|IA_|0|20260504|220248|20260504|1|SCOUGHLAN
100|500|186||PFQ|IC_002|IC_|IC_|IC_|0|20260504|220248|20260504|1|SCOUGHLAN
100|500|186||PFQ|IC_003|IR_|IR_|IR_|0|20260504|220248|20260504|1|SCOUGHLAN
100|500|186||PFQ|IC_004|IC_|IC_|IC_|0|20260504|220248|20260504|1|SCOUGHLAN
100|500|186||PFQ|IC_005|IC_|IC_|IC_|0|20260504|220248|20260504|1|SCOUGHLAN
100|500|186||PFQ|IC_010|IR_|IR_|IR_|0|20260504|220248|20260504|1|SCOUGHLAN
100|500|186||PFQ|IC_020|IR_|IR_|IR_|0|20260504|220248|20260504|1|SCOUGHLAN
100|500|186||PFQ|IC_030|IR_|IR_|IR_|0|20260504|220248|20260504|1|SCOUGHLAN
100|500|186||PFQ|IC_040|IR_|IR_|IR_|0|20260504|220248|20260504|1|SCOUGHLAN
100|500|186||PFQ|IC_050|IR_|IR_|IR_|0|20260504|220248|20260504|1|SCOUGHLAN
100|500|186||PFQ|IC_060|IR_|IR_|IR_|0|20260504|220248|20260504|1|SCOUGHLAN
100|500|186||PFQ|IC_061|IC_|IC_|IC_|0|20260504|220248|20260504|1|SCOUGHLAN
100|500|186||PFQ|IC_070|IC_|IC_|IC_|0|20260504|220248|20260504|1|SCOUGHLAN
100|500|187||PFQ|38|0078742038674|0078742038674|0078742038674|0|20260504|220248|20260504|1|SCOUGHLAN
100|500|187||PFQ|Y|241055|241055|241055|0|20260504|223648|20260504|1|SCOUGHLAN
100|500|188||PFQ|39|0078742038674|0078742038674|0078742038674|0|20260504|220248|20260504|1|SCOUGHLAN
100|500|188||PFQ|4|0078742028552|0078742028552|0078742028552|0|20260504|220248|20260504|1|SCOUGHLAN
100|500|188||PFQ|Y|AMA|AMA|AMA|0|20260504|223712|20260504|1|SCOUGHLAN
100|500|188||PFQ|Y|AMAZ|AMAZ|AMAZ|0|20260504|223634|20260504|1|SCOUGHLAN
100|500|189||PFQ|40|0078742040028|0078742040028|0078742040028|0|20260504|220248|20260504|1|SCOUGHLAN
100|500|189||PFQ|41|0078742040028|0078742040028|0078742040028|0|20260504|220248|20260504|1|SCOUGHLAN
100|500|189||PFQ|42|0078742041445|0078742041445|0078742041445|0|20260504|220248|20260504|1|SCOUGHLAN
100|500|189||PFQ|Y|C20|Y|Y|0|20260504|204407|20260504|1|SCOUGHLAN
100|500|189||PFQ|Y|C21|Y|Y|0|20260504|204407|20260504|1|SCOUGHLAN
100|500|189||PFQ|Y|C22|Y|Y|0|20260504|204407|20260504|1|SCOUGHLAN
100|500|190||PFQ|43|0078742045504|0078742045504|0078742045504|0|20260504|220248|20260504|1|SCOUGHLAN
100|500|190||PFQ|44|0078742045504|0078742045504|0078742045504|0|20260504|220248|20260504|1|SCOUGHLAN
100|500|190||PFQ|Y|C25|C25|C25|0|20260504|223703|20260504|1|SCOUGHLAN
100|500|190||PFQ|Y|C26|C26|C26|0|20260504|223707|20260504|1|SCOUGHLAN
100|500|191||PFQ|45|0078742045627|0078742045627|0078742045627|0|20260504|220248|20260504|1|SCOUGHLAN
100|500|191||PFQ|46|0078742045627|0078742045627|0078742045627|0|20260504|220248|20260504|1|SCOUGHLAN
100|500|191||PFQ|Y|C21|Y|Y|0|20260504|204407|20260504|1|SCOUGHLAN
100|500|191||PFQ|Y|C22|Y|Y|0|20260504|204407|20260504|1|SCOUGHLAN
100|500|192||PFQ|139217|WoodlandToShamrock@zephyr.swc.com|139217|139217|0|20260504|223633|20260504|1|SCOUGHLAN
100|500|192||PFQ|142145|WoodlandToShamrock@zephyr.swc.com|142145|142145|0|20260504|223644|20260504|1|SCOUGHLAN
100|500|192||PFQ|142318|WoodlandToSupplies@zephyr.swc.com|142318|142318|0|20260504|223700|20260504|1|SCOUGHLAN
100|500|192||PFQ|182822|WoodlandToKeHE@zephyr.swc.com|182822|182822|0|20260504|223622|20260504|1|SCOUGHLAN
100|500|192||PFQ|242707|WoodlandToKrasdale@zephyr.swc.com|242707|242707|0|20260504|223625|20260504|1|SCOUGHLAN
100|500|192||PFQ|252191|WoodlandToGFS@zephyr.swc.com|252191|252191|0|20260504|223703|20260504|1|SCOUGHLAN
100|500|192||PFQ|401858|WoodlandToUSFoods@zephyr.swc.com|401858|401858|0|20260504|223704|20260504|1|SCOUGHLAN
100|500|192||PFQ|47|0078742048079|0078742048079|0078742048079|0|20260504|220248|20260504|1|SCOUGHLAN
100|500|192||PFQ|48|0078742050775|0078742050775|0078742050775|0|20260504|220248|20260504|1|SCOUGHLAN
100|500|192||PFQ|49|0078742050867|0078742050867|0078742050867|0|20260504|220248|20260504|1|SCOUGHLAN
100|500|192||PFQ|5|0078742028644|0078742028644|0078742028644|0|20260504|220248|20260504|1|SCOUGHLAN
100|500|192||PFQ|50|0078742053790|0078742053790|0078742053790|0|20260504|220248|20260504|1|SCOUGHLAN
100|500|192||PFQ|51|0078742057903|0078742057903|0078742057903|0|20260504|220248|20260504|1|SCOUGHLAN
100|500|192||PFQ|511908|WoodlandToMcLane@zephyr.swc.com|511908|511908|0|20260504|223633|20260504|1|SCOUGHLAN
100|500|192||PFQ|52|0078742058368|0078742058368|0078742058368|0|20260504|220248|20260504|1|SCOUGHLAN
100|500|192||PFQ|53|0078742058436|0078742058436|0078742058436|0|20260504|220248|20260504|1|SCOUGHLAN
100|500|192||PFQ|54|0078742058436|0078742058436|0078742058436|0|20260504|220248|20260504|1|SCOUGHLAN
100|500|192||PFQ|5453|WoodlandToSonoma@zephyr.swc.com|5453|5453|0|20260504|223705|20260504|1|SCOUGHLAN
100|500|192||PFQ|596380|WoodlandToPFG@zephyr.swc.com|596380|596380|0|20260504|223628|20260504|1|SCOUGHLAN
100|500|192||PFQ|6|0078742028736|0078742028736|0078742028736|0|20260504|220248|20260504|1|SCOUGHLAN
100|500|192||PFQ|6287|WoodlandToShamrock@zephyr.swc.com|6287|6287|0|20260504|223623|20260504|1|SCOUGHLAN
100|500|192||PFQ|7|0078742028736|0078742028736|0078742028736|0|20260504|220248|20260504|1|SCOUGHLAN
100|500|192||PFQ|71567|WoodlandToGFS@zephyr.swc.com|71567|71567|0|20260504|223703|20260504|1|SCOUGHLAN
100|500|192||PFQ|8|0078742028828|0078742028828|0078742028828|0|20260504|220248|20260504|1|SCOUGHLAN
100|500|192||PFQ|83509|WoodlandToFDirect@zephyr.swc.com|83509|83509|0|20260504|223656|20260504|1|SCOUGHLAN
100|500|192||PFQ|9|0078742028828|0078742028828|0078742028828|0|20260504|220248|20260504|1|SCOUGHLAN
100|500|192||PFQ|9718|WoodlandToShamrock@zephyr.swc.com|9718|9718|0|20260504|223712|20260504|1|SCOUGHLAN
100|500|192||PFQ|Y|241055|241055|241055|0|20260504|220248|20260504|1|SCOUGHLAN
100|500|193||PFQ|Y|06|06|06|0|20260504|223632|20260504|1|SCOUGHLAN
100|500|193||PFQ|596380_C21|06|06|06|0|20260504|223706|20260504|1|SCOUGHLAN
100|500|193||PFQ|596380_C22|00|00|00|0|20260504|223700|20260504|1|SCOUGHLAN
100|500|193||PFQ|83509_C21|00|00|00|0|20260504|223637|20260504|1|SCOUGHLAN
100|500|193||PFQ|83509_C22|00|00|00|0|20260504|223657|20260504|1|SCOUGHLAN
100|500|193||PFQ|Y|AMA|AMA|AMA|0|20260504|220248|20260504|1|SCOUGHLAN
100|500|194||PFQ|Y|06|06|06|0|20260504|220249|20260504|1|SCOUGHLAN
100|500|194||PFQ|139217|WoodlandToShamrock@zephyr.swc.com|139217|139217|0|20260504|220248|20260504|1|SCOUGHLAN
100|500|194||PFQ|142145|WoodlandToShamrock@zephyr.swc.com|142145|142145|0|20260504|220248|20260504|1|SCOUGHLAN
100|500|194||PFQ|142318|WoodlandToSupplies@zephyr.swc.com|142318|142318|0|20260504|220248|20260504|1|SCOUGHLAN
100|500|194||PFQ|182822|WoodlandToKeHE@zephyr.swc.com|182822|182822|0|20260504|220248|20260504|1|SCOUGHLAN
100|500|194||PFQ|242707|WoodlandToKrasdale@zephyr.swc.com|242707|242707|0|20260504|220248|20260504|1|SCOUGHLAN
100|500|194||PFQ|252191|WoodlandToGFS@zephyr.swc.com|252191|252191|0|20260504|220248|20260504|1|SCOUGHLAN
100|500|194||PFQ|26483_AAA|AACT|AACT|AACT|0|20260504|220249|20260504|1|SCOUGHLAN
100|500|194||PFQ|26483_AAN|ABFL|ABFL|ABFL|0|20260504|220249|20260504|1|SCOUGHLAN
100|500|194||PFQ|26483_ABF|AYEM|AYEM|AYEM|0|20260504|220249|20260504|1|SCOUGHLAN
100|500|194||PFQ|26483_ADM|WHTX|WHTX|WHTX|0|20260504|220249|20260504|1|SCOUGHLAN
100|500|194||PFQ|26483_AMA|AMZR|AMZR|AMZR|0|20260504|220249|20260504|1|SCOUGHLAN
100|500|194||PFQ|26483_ARW|ATLA|ATLA|ATLA|0|20260504|220249|20260504|1|SCOUGHLAN
100|500|194||PFQ|26483_BER|BNKP|BNKP|BNKP|0|20260504|220249|20260504|1|SCOUGHLAN
100|500|194||PFQ|26483_BGL|BGLF|BGLF|BGLF|0|20260504|220249|20260504|1|SCOUGHLAN
100|500|194||PFQ|26483_BSR|BSEX|BSEX|BSEX|0|20260504|220249|20260504|1|SCOUGHLAN
100|500|194||PFQ|26483_CHR|CHR|CHR|CHR|0|20260504|220249|20260504|1|SCOUGHLAN
100|500|194||PFQ|26483_CNT|SSSX|SSSX|SSSX|0|20260504|220249|20260504|1|SCOUGHLAN
100|500|194||PFQ|26483_CPU|CPU|CPU|CPU|0|20260504|220249|20260504|1|SCOUGHLAN
100|500|194||PFQ|26483_CXI|CXIT|CXIT|CXIT|0|20260504|220249|20260504|1|SCOUGHLAN
100|500|194||PFQ|26483_DAY|DAFG|DAFG|DAFG|0|20260504|220249|20260504|1|SCOUGHLAN
100|500|194||PFQ|26483_DDE|DDXE|DDXE|DDXE|0|20260504|220249|20260504|1|SCOUGHLAN
100|500|194||PFQ|26483_DHL|DHLC|DHLC|DHLC|0|20260504|220249|20260504|1|SCOUGHLAN
100|500|194||PFQ|26483_DOH|DOHR|DOHR|DOHR|0|20260504|220249|20260504|1|SCOUGHLAN
100|500|194||PFQ|26483_DOT|DTNR|DTNR|DTNR|0|20260504|220249|20260504|1|SCOUGHLAN
100|500|194||PFQ|26483_DYL|DYLT|DYLT|DYLT|0|20260504|220249|20260504|1|SCOUGHLAN
100|500|194||PFQ|26483_EST|EXLW|EXLW|EXLW|0|20260504|220249|20260504|1|SCOUGHLAN
100|500|194||PFQ|26483_EVN|EWIQ|EWIQ|EWIQ|0|20260504|220249|20260504|1|SCOUGHLAN
100|500|194||PFQ|26483_FLE|FXFE|FXFE|FXFE|0|20260504|220249|20260504|1|SCOUGHLAN
100|500|194||PFQ|26483_FLP|FXNL|FXNL|FXNL|0|20260504|220249|20260504|1|SCOUGHLAN
100|500|194||PFQ|26483_FOA|FWDN|FWDN|FWDN|0|20260504|220249|20260504|1|SCOUGHLAN
100|500|194||PFQ|26483_FX1|FDEG|FDEG|FDEG|0|20260504|220249|20260504|1|SCOUGHLAN
100|500|194||PFQ|26483_FX2|FDEN|FDEN|FDEN|0|20260504|220249|20260504|1|SCOUGHLAN
100|500|194||PFQ|26483_FX3|FDEG|FDEG|FDEG|0|20260504|220249|20260504|1|SCOUGHLAN
100|500|194||PFQ|26483_FX4|FDEG|FDEG|FDEG|0|20260504|220249|20260504|1|SCOUGHLAN
100|500|194||PFQ|26483_FX5|FDEG|FDEG|FDEG|0|20260504|220249|20260504|1|SCOUGHLAN
100|500|194||PFQ|26483_FX6|FDEG|FDEG|FDEG|0|20260504|220249|20260504|1|SCOUGHLAN
100|500|194||PFQ|26483_FX7|FDEG|FDEG|FDEG|0|20260504|220249|20260504|1|SCOUGHLAN
100|500|194||PFQ|26483_FX8|FDEG|FDEG|FDEG|0|20260504|220249|20260504|1|SCOUGHLAN
100|500|194||PFQ|26483_GOL|GTJN|GTJN|GTJN|0|20260504|220249|20260504|1|SCOUGHLAN
100|500|194||PFQ|26483_HER|HTPA|HTPA|HTPA|0|20260504|220249|20260504|1|SCOUGHLAN
100|500|194||PFQ|26483_JFF|JFFF|JFFF|JFFF|0|20260504|220249|20260504|1|SCOUGHLAN
100|500|194||PFQ|26483_LTC|FXFE|FXFE|FXFE|0|20260504|220249|20260504|1|SCOUGHLAN
100|500|194||PFQ|26483_MAG|MULC|MULC|MULC|0|20260504|220249|20260504|1|SCOUGHLAN
100|500|194||PFQ|26483_MON|MONC|MONC|MONC|0|20260504|220249|20260504|1|SCOUGHLAN
100|500|194||PFQ|26483_ODF|OLDF|OLDF|OLDF|0|20260504|220249|20260504|1|SCOUGHLAN
100|500|194||PFQ|26483_OLD|OLDF|OLDF|OLDF|0|20260504|220249|20260504|1|SCOUGHLAN
100|500|194||PFQ|26483_POF|PYOE|PYOE|PYOE|0|20260504|220249|20260504|1|SCOUGHLAN
100|500|194||PFQ|26483_POL|POLT|POLT|POLT|0|20260504|220249|20260504|1|SCOUGHLAN
100|500|194||PFQ|26483_POP|PPTN|PPTN|PPTN|0|20260504|220249|20260504|1|SCOUGHLAN
100|500|194||PFQ|26483_RNL|R&L|R&L|R&L|0|20260504|220249|20260504|1|SCOUGHLAN
100|500|194||PFQ|26483_RNM|RNMR|RNMR|RNMR|0|20260504|220249|20260504|1|SCOUGHLAN
100|500|194||PFQ|26483_RRF|RTRR|RTRR|RTRR|0|20260504|220249|20260504|1|SCOUGHLAN
100|500|194||PFQ|26483_SAI|SAIA|SAIA|SAIA|0|20260504|220249|20260504|1|SCOUGHLAN
100|500|194||PFQ|26483_SPD|SDED|SDED|SDED|0|20260504|220249|20260504|1|SCOUGHLAN
100|500|194||PFQ|26483_SUT|SUTU|SUTU|SUTU|0|20260504|220249|20260504|1|SCOUGHLAN
100|500|194||PFQ|26483_TCC|CTBV|CTBV|CTBV|0|20260504|220249|20260504|1|SCOUGHLAN
100|500|194||PFQ|26483_TFO|TFIN|TFIN|TFIN|0|20260504|220249|20260504|1|SCOUGHLAN
100|500|194||PFQ|26483_UFL|UFSR|UFSR|UFSR|0|20260504|220249|20260504|1|SCOUGHLAN
100|500|194||PFQ|26483_UP1|UPSN|UPSN|UPSN|0|20260504|220249|20260504|1|SCOUGHLAN
100|500|194||PFQ|26483_UP2|UPSN|UPSN|UPSN|0|20260504|220249|20260504|1|SCOUGHLAN
100|500|194||PFQ|26483_UP3|UPSN|UPSN|UPSN|0|20260504|220249|20260504|1|SCOUGHLAN
100|500|194||PFQ|26483_UP4|UPSN|UPSN|UPSN|0|20260504|220249|20260504|1|SCOUGHLAN
100|500|194||PFQ|26483_UP5|UPSN|UPSN|UPSN|0|20260504|220249|20260504|1|SCOUGHLAN
100|500|194||PFQ|26483_UP6|UPSN|UPSN|UPSN|0|20260504|220249|20260504|1|SCOUGHLAN
100|500|194||PFQ|26483_UP7|UPSN|UPSN|UPSN|0|20260504|220249|20260504|1|SCOUGHLAN
100|500|194||PFQ|26483_UP8|UPSN|UPSN|UPSN|0|20260504|220249|20260504|1|SCOUGHLAN
100|500|194||PFQ|26483_UP9|UPSN|UPSN|UPSN|0|20260504|220249|20260504|1|SCOUGHLAN
100|500|194||PFQ|26483_US1|USPS|USPS|USPS|0|20260504|220249|20260504|1|SCOUGHLAN
100|500|194||PFQ|26483_US2|USPS|USPS|USPS|0|20260504|220249|20260504|1|SCOUGHLAN
100|500|194||PFQ|26483_UW1|UPSN|UPSN|UPSN|0|20260504|220249|20260504|1|SCOUGHLAN
100|500|194||PFQ|26483_UW2|UPSN|UPSN|UPSN|0|20260504|220249|20260504|1|SCOUGHLAN
100|500|194||PFQ|26483_UW3|UPSN|UPSN|UPSN|0|20260504|220249|20260504|1|SCOUGHLAN
100|500|194||PFQ|26483_VET|VXSL|VXSL|VXSL|0|20260504|220249|20260504|1|SCOUGHLAN
100|500|194||PFQ|26483_WRD|WWCY|WWCY|WWCY|0|20260504|220249|20260504|1|SCOUGHLAN
100|500|194||PFQ|26483_XPO|XPOC|XPOC|XPOC|0|20260504|220249|20260504|1|SCOUGHLAN
100|500|194||PFQ|401858|WoodlandToUSFoods@zephyr.swc.com|401858|401858|0|20260504|220248|20260504|1|SCOUGHLAN
100|500|194||PFQ|401858_AAA|FDEG|FDEG|FDEG|0|20260504|220249|20260504|1|SCOUGHLAN
100|500|194||PFQ|401858_AAN|FDEG|FDEG|FDEG|0|20260504|220249|20260504|1|SCOUGHLAN
100|500|194||PFQ|401858_ABF|FDEG|FDEG|FDEG|0|20260504|220249|20260504|1|SCOUGHLAN
100|500|194||PFQ|401858_ADM|FDEG|FDEG|FDEG|0|20260504|220249|20260504|1|SCOUGHLAN
100|500|194||PFQ|401858_AMA|FDEG|FDEG|FDEG|0|20260504|220249|20260504|1|SCOUGHLAN
100|500|194||PFQ|401858_ARW|FDEG|FDEG|FDEG|0|20260504|220249|20260504|1|SCOUGHLAN
100|500|194||PFQ|401858_BER|FDEG|FDEG|FDEG|0|20260504|220249|20260504|1|SCOUGHLAN
100|500|194||PFQ|401858_BGL|FDEG|FDEG|FDEG|0|20260504|220249|20260504|1|SCOUGHLAN
100|500|194||PFQ|401858_BSR|FDEG|FDEG|FDEG|0|20260504|220249|20260504|1|SCOUGHLAN
100|500|194||PFQ|401858_CHR|FDEG|FDEG|FDEG|0|20260504|220249|20260504|1|SCOUGHLAN
100|500|194||PFQ|401858_CNT|FDEG|FDEG|FDEG|0|20260504|220249|20260504|1|SCOUGHLAN
100|500|194||PFQ|401858_CPU|FDEG|FDEG|FDEG|0|20260504|220249|20260504|1|SCOUGHLAN
100|500|194||PFQ|401858_CXI|FDEG|FDEG|FDEG|0|20260504|220249|20260504|1|SCOUGHLAN
100|500|194||PFQ|401858_DAY|FDEG|FDEG|FDEG|0|20260504|220249|20260504|1|SCOUGHLAN
100|500|194||PFQ|401858_DDE|FDEG|FDEG|FDEG|0|20260504|220249|20260504|1|SCOUGHLAN
100|500|194||PFQ|401858_DHL|FDEG|FDEG|FDEG|0|20260504|220249|20260504|1|SCOUGHLAN
100|500|194||PFQ|401858_DOH|FDEG|FDEG|FDEG|0|20260504|220249|20260504|1|SCOUGHLAN
100|500|194||PFQ|401858_DOT|FDEG|FDEG|FDEG|0|20260504|220249|20260504|1|SCOUGHLAN
100|500|194||PFQ|401858_DYL|FDEG|FDEG|FDEG|0|20260504|220249|20260504|1|SCOUGHLAN
100|500|194||PFQ|401858_EST|FDEG|FDEG|FDEG|0|20260504|220249|20260504|1|SCOUGHLAN
100|500|194||PFQ|401858_EVN|FDEG|FDEG|FDEG|0|20260504|220249|20260504|1|SCOUGHLAN
100|500|194||PFQ|401858_FLE|FDEG|FDEG|FDEG|0|20260504|220249|20260504|1|SCOUGHLAN
100|500|194||PFQ|401858_FLP|FDEG|FDEG|FDEG|0|20260504|220249|20260504|1|SCOUGHLAN
100|500|194||PFQ|401858_FOA|FDEG|FDEG|FDEG|0|20260504|220249|20260504|1|SCOUGHLAN
100|500|194||PFQ|401858_FX1|FDEG|FDEG|FDEG|0|20260504|220249|20260504|1|SCOUGHLAN
100|500|194||PFQ|401858_FX2|FDEG|FDEG|FDEG|0|20260504|220249|20260504|1|SCOUGHLAN
100|500|194||PFQ|401858_FX3|FDEG|FDEG|FDEG|0|20260504|220249|20260504|1|SCOUGHLAN
100|500|194||PFQ|401858_FX4|FDEG|FDEG|FDEG|0|20260504|220249|20260504|1|SCOUGHLAN
100|500|194||PFQ|401858_FX5|FDEG|FDEG|FDEG|0|20260504|220249|20260504|1|SCOUGHLAN
100|500|194||PFQ|401858_FX6|FDEG|FDEG|FDEG|0|20260504|220249|20260504|1|SCOUGHLAN
100|500|194||PFQ|401858_FX7|FDEG|FDEG|FDEG|0|20260504|220249|20260504|1|SCOUGHLAN
100|500|194||PFQ|401858_FX8|FDEG|FDEG|FDEG|0|20260504|220249|20260504|1|SCOUGHLAN
100|500|194||PFQ|401858_GOL|FDEG|FDEG|FDEG|0|20260504|220249|20260504|1|SCOUGHLAN
100|500|194||PFQ|401858_HER|FDEG|FDEG|FDEG|0|20260504|220249|20260504|1|SCOUGHLAN
100|500|194||PFQ|401858_JFF|FDEG|FDEG|FDEG|0|20260504|220249|20260504|1|SCOUGHLAN
100|500|194||PFQ|401858_LTC|FDEG|FDEG|FDEG|0|20260504|220249|20260504|1|SCOUGHLAN
100|500|194||PFQ|401858_MAG|FDEG|FDEG|FDEG|0|20260504|220249|20260504|1|SCOUGHLAN
100|500|194||PFQ|401858_MON|FDEG|FDEG|FDEG|0|20260504|220249|20260504|1|SCOUGHLAN
100|500|194||PFQ|401858_ODF|FDEG|FDEG|FDEG|0|20260504|220249|20260504|1|SCOUGHLAN
100|500|194||PFQ|401858_OLD|FDEG|FDEG|FDEG|0|20260504|220249|20260504|1|SCOUGHLAN
100|500|194||PFQ|401858_POF|FDEG|FDEG|FDEG|0|20260504|220249|20260504|1|SCOUGHLAN
100|500|194||PFQ|401858_POL|FDEG|FDEG|FDEG|0|20260504|220249|20260504|1|SCOUGHLAN
100|500|194||PFQ|401858_POP|FDEG|FDEG|FDEG|0|20260504|220249|20260504|1|SCOUGHLAN
100|500|194||PFQ|401858_RNL|FDEG|FDEG|FDEG|0|20260504|220249|20260504|1|SCOUGHLAN
100|500|194||PFQ|401858_RNM|FDEG|FDEG|FDEG|0|20260504|220249|20260504|1|SCOUGHLAN
100|500|194||PFQ|401858_RRF|FDEG|FDEG|FDEG|0|20260504|220249|20260504|1|SCOUGHLAN
100|500|194||PFQ|401858_SAI|FDEG|FDEG|FDEG|0|20260504|220249|20260504|1|SCOUGHLAN
100|500|194||PFQ|401858_SPD|FDEG|FDEG|FDEG|0|20260504|220249|20260504|1|SCOUGHLAN
100|500|194||PFQ|401858_SUT|FDEG|FDEG|FDEG|0|20260504|220249|20260504|1|SCOUGHLAN
100|500|194||PFQ|401858_TCC|FDEG|FDEG|FDEG|0|20260504|220249|20260504|1|SCOUGHLAN
100|500|194||PFQ|401858_TFO|FDEG|FDEG|FDEG|0|20260504|220249|20260504|1|SCOUGHLAN
100|500|194||PFQ|401858_UFL|FDEG|FDEG|FDEG|0|20260504|220249|20260504|1|SCOUGHLAN
100|500|194||PFQ|401858_UP1|FDEG|FDEG|FDEG|0|20260504|220249|20260504|1|SCOUGHLAN
100|500|194||PFQ|401858_UP2|FDEG|FDEG|FDEG|0|20260504|220249|20260504|1|SCOUGHLAN
100|500|194||PFQ|401858_UP3|FDEG|FDEG|FDEG|0|20260504|220249|20260504|1|SCOUGHLAN
100|500|194||PFQ|401858_UP4|FDEG|FDEG|FDEG|0|20260504|220249|20260504|1|SCOUGHLAN
100|500|194||PFQ|401858_UP5|FDEG|FDEG|FDEG|0|20260504|220249|20260504|1|SCOUGHLAN
100|500|194||PFQ|401858_UP6|FDEG|FDEG|FDEG|0|20260504|220249|20260504|1|SCOUGHLAN
100|500|194||PFQ|401858_UP7|FDEG|FDEG|FDEG|0|20260504|220249|20260504|1|SCOUGHLAN
100|500|194||PFQ|401858_UP8|FDEG|FDEG|FDEG|0|20260504|220249|20260504|1|SCOUGHLAN
100|500|194||PFQ|401858_UP9|FDEG|FDEG|FDEG|0|20260504|220249|20260504|1|SCOUGHLAN
100|500|194||PFQ|401858_US1|FDEG|FDEG|FDEG|0|20260504|220249|20260504|1|SCOUGHLAN
100|500|194||PFQ|401858_US2|FDEG|FDEG|FDEG|0|20260504|220249|20260504|1|SCOUGHLAN
100|500|194||PFQ|401858_UW1|FDEG|FDEG|FDEG|0|20260504|220249|20260504|1|SCOUGHLAN
100|500|194||PFQ|401858_UW2|FDEG|FDEG|FDEG|0|20260504|220249|20260504|1|SCOUGHLAN
100|500|194||PFQ|401858_UW3|FDEG|FDEG|FDEG|0|20260504|220249|20260504|1|SCOUGHLAN
100|500|194||PFQ|401858_VET|FDEG|FDEG|FDEG|0|20260504|220249|20260504|1|SCOUGHLAN
100|500|194||PFQ|401858_WRD|FDEG|FDEG|FDEG|0|20260504|220249|20260504|1|SCOUGHLAN
100|500|194||PFQ|401858_XPO|FDEG|FDEG|FDEG|0|20260504|220249|20260504|1|SCOUGHLAN
100|500|194||PFQ|511908|WoodlandToMcLane@zephyr.swc.com|511908|511908|0|20260504|220248|20260504|1|SCOUGHLAN
100|500|194||PFQ|5453|WoodlandToSonoma@zephyr.swc.com|5453|5453|0|20260504|220248|20260504|1|SCOUGHLAN
100|500|194||PFQ|5453_AAA|AACT|AACT|AACT|0|20260504|220249|20260504|1|SCOUGHLAN
100|500|194||PFQ|5453_AAN|ABFL|ABFL|ABFL|0|20260504|220249|20260504|1|SCOUGHLAN
100|500|194||PFQ|5453_ABF|AYEM|AYEM|AYEM|0|20260504|220249|20260504|1|SCOUGHLAN
100|500|194||PFQ|5453_ADM|WHTX|WHTX|WHTX|0|20260504|220249|20260504|1|SCOUGHLAN
100|500|194||PFQ|5453_AMA|AMZR|AMZR|AMZR|0|20260504|220249|20260504|1|SCOUGHLAN
100|500|194||PFQ|5453_ARW|ATLA|ATLA|ATLA|0|20260504|220249|20260504|1|SCOUGHLAN
100|500|194||PFQ|5453_BER|BNKP|BNKP|BNKP|0|20260504|220249|20260504|1|SCOUGHLAN
100|500|194||PFQ|5453_BGL|BGLF|BGLF|BGLF|0|20260504|220249|20260504|1|SCOUGHLAN
100|500|194||PFQ|5453_BSR|BSEX|BSEX|BSEX|0|20260504|220249|20260504|1|SCOUGHLAN
100|500|194||PFQ|5453_CHR|CHR|CHR|CHR|0|20260504|220249|20260504|1|SCOUGHLAN
100|500|194||PFQ|5453_CNT|SSSX|SSSX|SSSX|0|20260504|220249|20260504|1|SCOUGHLAN
100|500|194||PFQ|5453_CPU|CPU|CPU|CPU|0|20260504|220249|20260504|1|SCOUGHLAN
100|500|194||PFQ|5453_CXI|CXIT|CXIT|CXIT|0|20260504|220249|20260504|1|SCOUGHLAN
100|500|194||PFQ|5453_DAY|DAFG|DAFG|DAFG|0|20260504|220249|20260504|1|SCOUGHLAN
100|500|194||PFQ|5453_DDE|DDXE|DDXE|DDXE|0|20260504|220249|20260504|1|SCOUGHLAN
100|500|194||PFQ|5453_DHL|DHLC|DHLC|DHLC|0|20260504|220249|20260504|1|SCOUGHLAN
100|500|194||PFQ|5453_DOH|DOHR|DOHR|DOHR|0|20260504|220249|20260504|1|SCOUGHLAN
100|500|194||PFQ|5453_DOT|DTNR|DTNR|DTNR|0|20260504|220249|20260504|1|SCOUGHLAN
100|500|194||PFQ|5453_DYL|DYLT|DYLT|DYLT|0|20260504|220249|20260504|1|SCOUGHLAN
100|500|194||PFQ|5453_EST|EXLW|EXLW|EXLW|0|20260504|220249|20260504|1|SCOUGHLAN
100|500|194||PFQ|5453_EVN|EWIQ|EWIQ|EWIQ|0|20260504|220249|20260504|1|SCOUGHLAN
100|500|194||PFQ|5453_FLE|FXFE|FXFE|FXFE|0|20260504|220249|20260504|1|SCOUGHLAN
100|500|194||PFQ|5453_FLP|FXNL|FXNL|FXNL|0|20260504|220249|20260504|1|SCOUGHLAN
100|500|194||PFQ|5453_FOA|FWDN|FWDN|FWDN|0|20260504|220249|20260504|1|SCOUGHLAN
100|500|194||PFQ|5453_FX1|FDEG|FDEG|FDEG|0|20260504|220249|20260504|1|SCOUGHLAN
100|500|194||PFQ|5453_FX2|FDEN|FDEN|FDEN|0|20260504|220249|20260504|1|SCOUGHLAN
100|500|194||PFQ|5453_FX3|FDEG|FDEG|FDEG|0|20260504|220249|20260504|1|SCOUGHLAN
100|500|194||PFQ|5453_FX4|FDEG|FDEG|FDEG|0|20260504|220249|20260504|1|SCOUGHLAN
100|500|194||PFQ|5453_FX5|FDEG|FDEG|FDEG|0|20260504|220249|20260504|1|SCOUGHLAN
100|500|194||PFQ|5453_FX6|FDEG|FDEG|FDEG|0|20260504|220249|20260504|1|SCOUGHLAN
100|500|194||PFQ|5453_FX7|FDEG|FDEG|FDEG|0|20260504|220249|20260504|1|SCOUGHLAN
100|500|194||PFQ|5453_FX8|FDEG|FDEG|FDEG|0|20260504|220249|20260504|1|SCOUGHLAN
100|500|194||PFQ|5453_GOL|GTJN|GTJN|GTJN|0|20260504|220249|20260504|1|SCOUGHLAN
100|500|194||PFQ|5453_HER|HTPA|HTPA|HTPA|0|20260504|220249|20260504|1|SCOUGHLAN
100|500|194||PFQ|5453_JFF|JFFF|JFFF|JFFF|0|20260504|220249|20260504|1|SCOUGHLAN
100|500|194||PFQ|5453_LTC|FXFE|FXFE|FXFE|0|20260504|220249|20260504|1|SCOUGHLAN
100|500|194||PFQ|5453_MAG|MULC|MULC|MULC|0|20260504|220249|20260504|1|SCOUGHLAN
100|500|194||PFQ|5453_MON|MONC|MONC|MONC|0|20260504|220249|20260504|1|SCOUGHLAN
100|500|194||PFQ|5453_ODF|OLDF|OLDF|OLDF|0|20260504|220249|20260504|1|SCOUGHLAN
100|500|194||PFQ|5453_OLD|OLDF|OLDF|OLDF|0|20260504|220249|20260504|1|SCOUGHLAN
100|500|194||PFQ|5453_POF|PYOE|PYOE|PYOE|0|20260504|220249|20260504|1|SCOUGHLAN
100|500|194||PFQ|5453_POL|POLT|POLT|POLT|0|20260504|220249|20260504|1|SCOUGHLAN
100|500|194||PFQ|5453_POP|PPTN|PPTN|PPTN|0|20260504|220249|20260504|1|SCOUGHLAN
100|500|194||PFQ|5453_RNL|R&L|R&L|R&L|0|20260504|220249|20260504|1|SCOUGHLAN
100|500|194||PFQ|5453_RNM|RNMR|RNMR|RNMR|0|20260504|220249|20260504|1|SCOUGHLAN
100|500|194||PFQ|5453_RRF|RTRR|RTRR|RTRR|0|20260504|220249|20260504|1|SCOUGHLAN
100|500|194||PFQ|5453_SAI|SAIA|SAIA|SAIA|0|20260504|220249|20260504|1|SCOUGHLAN
100|500|194||PFQ|5453_SPD|SDED|SDED|SDED|0|20260504|220249|20260504|1|SCOUGHLAN
100|500|194||PFQ|5453_SUT|SUTU|SUTU|SUTU|0|20260504|220249|20260504|1|SCOUGHLAN
100|500|194||PFQ|5453_TCC|CTBV|CTBV|CTBV|0|20260504|220249|20260504|1|SCOUGHLAN
100|500|194||PFQ|5453_TFO|TFIN|TFIN|TFIN|0|20260504|220249|20260504|1|SCOUGHLAN
100|500|194||PFQ|5453_UFL|UFSR|UFSR|UFSR|0|20260504|220249|20260504|1|SCOUGHLAN
100|500|194||PFQ|5453_UP1|UPSN|UPSN|UPSN|0|20260504|220249|20260504|1|SCOUGHLAN
100|500|194||PFQ|5453_UP2|UPSN|UPSN|UPSN|0|20260504|220249|20260504|1|SCOUGHLAN
100|500|194||PFQ|5453_UP3|UPSN|UPSN|UPSN|0|20260504|220249|20260504|1|SCOUGHLAN
100|500|194||PFQ|5453_UP4|UPSN|UPSN|UPSN|0|20260504|220249|20260504|1|SCOUGHLAN
100|500|194||PFQ|5453_UP5|UPSN|UPSN|UPSN|0|20260504|220249|20260504|1|SCOUGHLAN
100|500|194||PFQ|5453_UP6|UPSN|UPSN|UPSN|0|20260504|220249|20260504|1|SCOUGHLAN
100|500|194||PFQ|5453_UP7|UPSN|UPSN|UPSN|0|20260504|220249|20260504|1|SCOUGHLAN
100|500|194||PFQ|5453_UP8|UPSN|UPSN|UPSN|0|20260504|220249|20260504|1|SCOUGHLAN
100|500|194||PFQ|5453_UP9|UPSN|UPSN|UPSN|0|20260504|220249|20260504|1|SCOUGHLAN
100|500|194||PFQ|5453_US1|USPS|USPS|USPS|0|20260504|220249|20260504|1|SCOUGHLAN
100|500|194||PFQ|5453_US2|USPS|USPS|USPS|0|20260504|220249|20260504|1|SCOUGHLAN
100|500|194||PFQ|5453_UW1|UPSN|UPSN|UPSN|0|20260504|220249|20260504|1|SCOUGHLAN
100|500|194||PFQ|5453_UW2|UPSN|UPSN|UPSN|0|20260504|220249|20260504|1|SCOUGHLAN
100|500|194||PFQ|5453_UW3|UPSN|UPSN|UPSN|0|20260504|220249|20260504|1|SCOUGHLAN
100|500|194||PFQ|5453_VET|VXSL|VXSL|VXSL|0|20260504|220249|20260504|1|SCOUGHLAN
100|500|194||PFQ|5453_WRD|WWCY|WWCY|WWCY|0|20260504|220249|20260504|1|SCOUGHLAN
100|500|194||PFQ|5453_XPO|XPOC|XPOC|XPOC|0|20260504|220249|20260504|1|SCOUGHLAN
100|500|194||PFQ|596380|WoodlandToPFG@zephyr.swc.com|596380|596380|0|20260504|220248|20260504|1|SCOUGHLAN
100|500|194||PFQ|596380_AAA|AACT|AACT|AACT|0|20260504|220249|20260504|1|SCOUGHLAN
100|500|194||PFQ|596380_AAN|ABFL|ABFL|ABFL|0|20260504|220249|20260504|1|SCOUGHLAN
100|500|194||PFQ|596380_ABF|AYEM|AYEM|AYEM|0|20260504|220249|20260504|1|SCOUGHLAN
100|500|194||PFQ|596380_ADM|WHTX|WHTX|WHTX|0|20260504|220249|20260504|1|SCOUGHLAN
100|500|194||PFQ|596380_AMA|AMZR|AMZR|AMZR|0|20260504|220249|20260504|1|SCOUGHLAN
100|500|194||PFQ|596380_ARW|ATLA|ATLA|ATLA|0|20260504|220249|20260504|1|SCOUGHLAN
100|500|194||PFQ|596380_BER|BNKP|BNKP|BNKP|0|20260504|220249|20260504|1|SCOUGHLAN
100|500|194||PFQ|596380_BGL|BGLF|BGLF|BGLF|0|20260504|220249|20260504|1|SCOUGHLAN
100|500|194||PFQ|596380_BSR|BSEX|BSEX|BSEX|0|20260504|220249|20260504|1|SCOUGHLAN
100|500|194||PFQ|596380_C21|06|06|06|0|20260504|220249|20260504|1|SCOUGHLAN
100|500|194||PFQ|596380_C22|00|00|00|0|20260504|220249|20260504|1|SCOUGHLAN
100|500|194||PFQ|596380_CHR|CHR|CHR|CHR|0|20260504|220249|20260504|1|SCOUGHLAN
100|500|194||PFQ|596380_CNT|SSSX|SSSX|SSSX|0|20260504|220249|20260504|1|SCOUGHLAN
100|500|194||PFQ|596380_CPU|CPU|CPU|CPU|0|20260504|220249|20260504|1|SCOUGHLAN
100|500|194||PFQ|596380_CXI|CXIT|CXIT|CXIT|0|20260504|220249|20260504|1|SCOUGHLAN
100|500|194||PFQ|596380_DAY|DAFG|DAFG|DAFG|0|20260504|220249|20260504|1|SCOUGHLAN
100|500|194||PFQ|596380_DDE|DDXE|DDXE|DDXE|0|20260504|220249|20260504|1|SCOUGHLAN
100|500|194||PFQ|596380_DHL|DHLC|DHLC|DHLC|0|20260504|220249|20260504|1|SCOUGHLAN
100|500|194||PFQ|596380_DOH|DOHR|DOHR|DOHR|0|20260504|220249|20260504|1|SCOUGHLAN
100|500|194||PFQ|596380_DOT|DTNR|DTNR|DTNR|0|20260504|220249|20260504|1|SCOUGHLAN
100|500|194||PFQ|596380_DYL|DYLT|DYLT|DYLT|0|20260504|220249|20260504|1|SCOUGHLAN
100|500|194||PFQ|596380_EST|EXLW|EXLW|EXLW|0|20260504|220249|20260504|1|SCOUGHLAN
100|500|194||PFQ|596380_EVN|EWIQ|EWIQ|EWIQ|0|20260504|220249|20260504|1|SCOUGHLAN
100|500|194||PFQ|596380_FLE|FXFE|FXFE|FXFE|0|20260504|220249|20260504|1|SCOUGHLAN
100|500|194||PFQ|596380_FLP|FXNL|FXNL|FXNL|0|20260504|220249|20260504|1|SCOUGHLAN
100|500|194||PFQ|596380_FOA|FWDN|FWDN|FWDN|0|20260504|220249|20260504|1|SCOUGHLAN
100|500|194||PFQ|596380_FX1|FDEG|FDEG|FDEG|0|20260504|220249|20260504|1|SCOUGHLAN
100|500|194||PFQ|596380_FX2|FDEN|FDEN|FDEN|0|20260504|220249|20260504|1|SCOUGHLAN
100|500|194||PFQ|596380_FX3|FDEG|FDEG|FDEG|0|20260504|220249|20260504|1|SCOUGHLAN
100|500|194||PFQ|596380_FX4|FDEG|FDEG|FDEG|0|20260504|220249|20260504|1|SCOUGHLAN
100|500|194||PFQ|596380_FX5|FDEG|FDEG|FDEG|0|20260504|220249|20260504|1|SCOUGHLAN
100|500|194||PFQ|596380_FX6|FDEG|FDEG|FDEG|0|20260504|220249|20260504|1|SCOUGHLAN
100|500|194||PFQ|596380_FX7|FDEG|FDEG|FDEG|0|20260504|220249|20260504|1|SCOUGHLAN
100|500|194||PFQ|596380_FX8|FDEG|FDEG|FDEG|0|20260504|220249|20260504|1|SCOUGHLAN
100|500|194||PFQ|596380_GOL|GTJN|GTJN|GTJN|0|20260504|220249|20260504|1|SCOUGHLAN
100|500|194||PFQ|596380_HER|HTPA|HTPA|HTPA|0|20260504|220249|20260504|1|SCOUGHLAN
100|500|194||PFQ|596380_JFF|JFFF|JFFF|JFFF|0|20260504|220249|20260504|1|SCOUGHLAN
100|500|194||PFQ|596380_LTC|FXFE|FXFE|FXFE|0|20260504|220249|20260504|1|SCOUGHLAN
100|500|194||PFQ|596380_MAG|MULC|MULC|MULC|0|20260504|220249|20260504|1|SCOUGHLAN
100|500|194||PFQ|596380_MON|MONC|MONC|MONC|0|20260504|220249|20260504|1|SCOUGHLAN
100|500|194||PFQ|596380_ODF|OLDF|OLDF|OLDF|0|20260504|220249|20260504|1|SCOUGHLAN
100|500|194||PFQ|596380_OLD|OLDF|OLDF|OLDF|0|20260504|220249|20260504|1|SCOUGHLAN
100|500|194||PFQ|596380_POF|PYOE|PYOE|PYOE|0|20260504|220249|20260504|1|SCOUGHLAN
100|500|194||PFQ|596380_POL|POLT|POLT|POLT|0|20260504|220249|20260504|1|SCOUGHLAN
100|500|194||PFQ|596380_POP|PPTN|PPTN|PPTN|0|20260504|220249|20260504|1|SCOUGHLAN
100|500|194||PFQ|596380_RNL|R&L|R&L|R&L|0|20260504|220249|20260504|1|SCOUGHLAN
100|500|194||PFQ|596380_RNM|RNMR|RNMR|RNMR|0|20260504|220249|20260504|1|SCOUGHLAN
100|500|194||PFQ|596380_RRF|RTRR|RTRR|RTRR|0|20260504|220249|20260504|1|SCOUGHLAN
100|500|194||PFQ|596380_SAI|SAIA|SAIA|SAIA|0|20260504|220249|20260504|1|SCOUGHLAN
100|500|194||PFQ|596380_SPD|SDED|SDED|SDED|0|20260504|220249|20260504|1|SCOUGHLAN
100|500|194||PFQ|596380_SUT|SUTU|SUTU|SUTU|0|20260504|220249|20260504|1|SCOUGHLAN
100|500|194||PFQ|596380_TCC|CTBV|CTBV|CTBV|0|20260504|220249|20260504|1|SCOUGHLAN
100|500|194||PFQ|596380_TFO|TFIN|TFIN|TFIN|0|20260504|220249|20260504|1|SCOUGHLAN
100|500|194||PFQ|596380_UFL|UFSR|UFSR|UFSR|0|20260504|220249|20260504|1|SCOUGHLAN
100|500|194||PFQ|596380_UP1|UPSN|UPSN|UPSN|0|20260504|220249|20260504|1|SCOUGHLAN
100|500|194||PFQ|596380_UP2|UPSN|UPSN|UPSN|0|20260504|220249|20260504|1|SCOUGHLAN
100|500|194||PFQ|596380_UP3|UPSN|UPSN|UPSN|0|20260504|220249|20260504|1|SCOUGHLAN
100|500|194||PFQ|596380_UP4|UPSN|UPSN|UPSN|0|20260504|220249|20260504|1|SCOUGHLAN
100|500|194||PFQ|596380_UP5|UPSN|UPSN|UPSN|0|20260504|220249|20260504|1|SCOUGHLAN
100|500|194||PFQ|596380_UP6|UPSN|UPSN|UPSN|0|20260504|220249|20260504|1|SCOUGHLAN
100|500|194||PFQ|596380_UP7|UPSN|UPSN|UPSN|0|20260504|220249|20260504|1|SCOUGHLAN
100|500|194||PFQ|596380_UP8|UPSN|UPSN|UPSN|0|20260504|220249|20260504|1|SCOUGHLAN
100|500|194||PFQ|596380_UP9|UPSN|UPSN|UPSN|0|20260504|220249|20260504|1|SCOUGHLAN
100|500|194||PFQ|596380_US1|USPS|USPS|USPS|0|20260504|220249|20260504|1|SCOUGHLAN
100|500|194||PFQ|596380_US2|USPS|USPS|USPS|0|20260504|220249|20260504|1|SCOUGHLAN
100|500|194||PFQ|596380_UW1|UPSN|UPSN|UPSN|0|20260504|220249|20260504|1|SCOUGHLAN
100|500|194||PFQ|596380_UW2|UPSN|UPSN|UPSN|0|20260504|220249|20260504|1|SCOUGHLAN
100|500|194||PFQ|596380_UW3|UPSN|UPSN|UPSN|0|20260504|220249|20260504|1|SCOUGHLAN
100|500|194||PFQ|596380_VET|VXSL|VXSL|VXSL|0|20260504|220249|20260504|1|SCOUGHLAN
100|500|194||PFQ|596380_WRD|WWCY|WWCY|WWCY|0|20260504|220249|20260504|1|SCOUGHLAN
100|500|194||PFQ|596380_XPO|XPOC|XPOC|XPOC|0|20260504|220249|20260504|1|SCOUGHLAN
100|500|194||PFQ|6287|WoodlandToShamrock@zephyr.swc.com|6287|6287|0|20260504|220249|20260504|1|SCOUGHLAN
100|500|194||PFQ|71567|WoodlandToGFS@zephyr.swc.com|71567|71567|0|20260504|220249|20260504|1|SCOUGHLAN
100|500|194||PFQ|83509|WoodlandToFDirect@zephyr.swc.com|83509|83509|0|20260504|220249|20260504|1|SCOUGHLAN
100|500|194||PFQ|83509_AAA|AAA Cooper|AAA Cooper|AAA Cooper|0|20260504|220249|20260504|1|SCOUGHLAN
100|500|194||PFQ|83509_AAN|AANDB Freight|AANDB Freight|AANDB Freight|0|20260504|220249|20260504|1|SCOUGHLAN
100|500|194||PFQ|83509_ABF|ABF Freight System|83509_ABF|83509_ABF|0|20260504|220249|20260504|1|SCOUGHLAN
100|500|194||PFQ|83509_ADM|ADM|ADM|ADM|0|20260504|220249|20260504|1|SCOUGHLAN
100|500|194||PFQ|83509_AMA|Amazon|Amazon|Amazon|0|20260504|220249|20260504|1|SCOUGHLAN
100|500|194||PFQ|83509_ARW|Arrow|Arrow|Arrow|0|20260504|220249|20260504|1|SCOUGHLAN
100|500|194||PFQ|83509_BER|Bernick|Bernick|Bernick|0|20260504|220249|20260504|1|SCOUGHLAN
100|500|194||PFQ|83509_BGL|Blue Grace Logistics|83509_BGL|83509_BGL|0|20260504|220249|20260504|1|SCOUGHLAN
100|500|194||PFQ|83509_BSR|Badger State|Badger State|Badger State|0|20260504|220249|20260504|1|SCOUGHLAN
100|500|194||PFQ|83509_C21|00|00|00|0|20260504|220249|20260504|1|SCOUGHLAN
100|500|194||PFQ|83509_C22|00|00|00|0|20260504|220249|20260504|1|SCOUGHLAN
100|500|194||PFQ|83509_CHR|CH Robinson|CH Robinson|CH Robinson|0|20260504|220249|20260504|1|SCOUGHLAN
100|500|194||PFQ|83509_CNT|Central Transportation|83509_CNT|83509_CNT|0|20260504|220250|20260504|1|SCOUGHLAN
100|500|194||PFQ|83509_CPU|Customer Pick Up|83509_CPU|83509_CPU|0|20260504|220250|20260504|1|SCOUGHLAN
100|500|194||PFQ|83509_CXI|CXI Trucking|CXI Trucking|CXI Trucking|0|20260504|220250|20260504|1|SCOUGHLAN
100|500|194||PFQ|83509_DAY|Dayton|Dayton|Dayton|0|20260504|220250|20260504|1|SCOUGHLAN
100|500|194||PFQ|83509_DDE|Double D Express|83509_DDE|83509_DDE|0|20260504|220250|20260504|1|SCOUGHLAN
100|500|194||PFQ|83509_DHL|DHL|DHL|DHL|0|20260504|220250|20260504|1|SCOUGHLAN
100|500|194||PFQ|83509_DOH|Dohrn|Dohrn|Dohrn|0|20260504|220250|20260504|1|SCOUGHLAN
100|500|194||PFQ|83509_DOT|DOT|DOT|DOT|0|20260504|220250|20260504|1|SCOUGHLAN
100|500|194||PFQ|83509_DYL|Daylight|Daylight|Daylight|0|20260504|220250|20260504|1|SCOUGHLAN
100|500|194||PFQ|83509_EST|Estes|Estes|Estes|0|20260504|220250|20260504|1|SCOUGHLAN
100|500|194||PFQ|83509_EVN|Evans|Evans|Evans|0|20260504|220250|20260504|1|SCOUGHLAN
100|500|194||PFQ|83509_FLE|FedEx LTL Economy|83509_FLE|83509_FLE|0|20260504|220250|20260504|1|SCOUGHLAN
100|500|194||PFQ|83509_FLP|FedEx LTL Priority|83509_FLP|83509_FLP|0|20260504|220250|20260504|1|SCOUGHLAN
100|500|194||PFQ|83509_FOA|Forward Air|Forward Air|Forward Air|0|20260504|220250|20260504|1|SCOUGHLAN
100|500|194||PFQ|83509_FX1|FX Ground|FX Ground|FX Ground|0|20260504|220250|20260504|1|SCOUGHLAN
100|500|194||PFQ|83509_FX2|FX Express SVR|FX Express SVR|FX Express SVR|0|20260504|220250|20260504|1|SCOUGHLAN
100|500|194||PFQ|83509_FX3|FX 2 Day|FX 2 Day|FX 2 Day|0|20260504|220250|20260504|1|SCOUGHLAN
100|500|194||PFQ|83509_FX4|FX Standard O/N|FX Standard O/N|FX Standard O/N|0|20260504|220250|20260504|1|SCOUGHLAN
100|500|194||PFQ|83509_FX5|FX Priority O/N|FX Priority O/N|FX Priority O/N|0|20260504|220250|20260504|1|SCOUGHLAN
100|500|194||PFQ|83509_FX6|FX Intl Economy|FX Intl Economy|FX Intl Economy|0|20260504|220250|20260504|1|SCOUGHLAN
100|500|194||PFQ|83509_FX7|FX Multi-Weight|FX Multi-Weight|FX Multi-Weight|0|20260504|220250|20260504|1|SCOUGHLAN
100|500|194||PFQ|83509_FX8|FX Domestic Economy|83509_FX8|83509_FX8|0|20260504|220250|20260504|1|SCOUGHLAN
100|500|194||PFQ|83509_GOL|Go2 Logistics|Go2 Logistics|Go2 Logistics|0|20260504|220250|20260504|1|SCOUGHLAN
100|500|194||PFQ|83509_HER|Hercules|Hercules|Hercules|0|20260504|220250|20260504|1|SCOUGHLAN
100|500|194||PFQ|83509_JFF|Jeff's Fast Freight|83509_JFF|83509_JFF|0|20260504|220250|20260504|1|SCOUGHLAN
100|500|194||PFQ|83509_LTC|LTL-COLLECT|LTL-COLLECT|LTL-COLLECT|0|20260504|220250|20260504|1|SCOUGHLAN
100|500|194||PFQ|83509_MAG|Magnum|Magnum|Magnum|0|20260504|220250|20260504|1|SCOUGHLAN
100|500|194||PFQ|83509_MON|Monroe|Monroe|Monroe|0|20260504|220250|20260504|1|SCOUGHLAN
100|500|194||PFQ|83509_ODF|Old Dominion Freight Line|83509_ODF|83509_ODF|0|20260504|220250|20260504|1|SCOUGHLAN
100|500|194||PFQ|83509_OLD|Old Dominion|Old Dominion|Old Dominion|0|20260504|220250|20260504|1|SCOUGHLAN
100|500|194||PFQ|83509_POF|Priority One|Priority One|Priority One|0|20260504|220250|20260504|1|SCOUGHLAN
100|500|194||PFQ|83509_POL|Polaris|Polaris|Polaris|0|20260504|220250|20260504|1|SCOUGHLAN
100|500|194||PFQ|83509_POP|Pope|Pope|Pope|0|20260504|220250|20260504|1|SCOUGHLAN
100|500|194||PFQ|83509_RNL|R&L Carriers|R&L Carriers|R&L Carriers|0|20260504|220250|20260504|1|SCOUGHLAN
100|500|194||PFQ|83509_RNM|R & M|R & M|R & M|0|20260504|220250|20260504|1|SCOUGHLAN
100|500|194||PFQ|83509_RRF|Roadrunner|Roadrunner|Roadrunner|0|20260504|220250|20260504|1|SCOUGHLAN
100|500|194||PFQ|83509_SAI|SAIA Motor Freight Line|83509_SAI|83509_SAI|0|20260504|220250|20260504|1|SCOUGHLAN
100|500|194||PFQ|83509_SPD|Spee Dee|Spee Dee|Spee Dee|0|20260504|220250|20260504|1|SCOUGHLAN
100|500|194||PFQ|83509_SUT|Sutton|Sutton|Sutton|0|20260504|220250|20260504|1|SCOUGHLAN
100|500|194||PFQ|83509_TCC|The Custom Company|83509_TCC|83509_TCC|0|20260504|220250|20260504|1|SCOUGHLAN
100|500|194||PFQ|83509_TFO|T-Force|T-Force|T-Force|0|20260504|220250|20260504|1|SCOUGHLAN
100|500|194||PFQ|83509_UFL|Ulitmate Freight|83509_UFL|83509_UFL|0|20260504|220250|20260504|1|SCOUGHLAN
100|500|194||PFQ|83509_UP1|UPS Ground|UPS Ground|UPS Ground|0|20260504|220250|20260504|1|SCOUGHLAN
100|500|194||PFQ|83509_UP2|UPS 3 Day|UPS 3 Day|UPS 3 Day|0|20260504|220250|20260504|1|SCOUGHLAN
100|500|194||PFQ|83509_UP3|UPS Blue|UPS Blue|UPS Blue|0|20260504|220250|20260504|1|SCOUGHLAN
100|500|194||PFQ|83509_UP4|UPS Blue AM|UPS Blue AM|UPS Blue AM|0|20260504|220250|20260504|1|SCOUGHLAN
100|500|194||PFQ|83509_UP5|UPS Red Saver|UPS Red Saver|UPS Red Saver|0|20260504|220250|20260504|1|SCOUGHLAN
100|500|194||PFQ|83509_UP6|UPS Red|UPS Red|UPS Red|0|20260504|220250|20260504|1|SCOUGHLAN
100|500|194||PFQ|83509_UP7|UPS Red AM|UPS Red AM|UPS Red AM|0|20260504|220250|20260504|1|SCOUGHLAN
100|500|194||PFQ|83509_UP8|UPS Worldease|UPS Worldease|UPS Worldease|0|20260504|220250|20260504|1|SCOUGHLAN
100|500|194||PFQ|83509_UP9|UPS GFP|UPS GFP|UPS GFP|0|20260504|220250|20260504|1|SCOUGHLAN
100|500|194||PFQ|83509_US1|USPS First-Class Package|83509_US1|83509_US1|0|20260504|220250|20260504|1|SCOUGHLAN
100|500|194||PFQ|83509_US2|USPS Priority Mail|83509_US2|83509_US2|0|20260504|220250|20260504|1|SCOUGHLAN
100|500|194||PFQ|83509_UW1|UPS Worldwide Express|83509_UW1|83509_UW1|0|20260504|220250|20260504|1|SCOUGHLAN
100|500|194||PFQ|83509_UW2|UPS Worldwide Expedited|83509_UW2|83509_UW2|0|20260504|220250|20260504|1|SCOUGHLAN
100|500|194||PFQ|83509_UW3|UPS Worldwide Saver|83509_UW3|83509_UW3|0|20260504|220250|20260504|1|SCOUGHLAN
100|500|194||PFQ|83509_VET|Veterans|Veterans|Veterans|0|20260504|220250|20260504|1|SCOUGHLAN
100|500|194||PFQ|83509_WRD|Ward|Ward|Ward|0|20260504|220250|20260504|1|SCOUGHLAN
100|500|194||PFQ|83509_XPO|XPO Logistics Freight Inc|83509_XPO|83509_XPO|0|20260504|220250|20260504|1|SCOUGHLAN
100|500|194||PFQ|9718|WoodlandToShamrock@zephyr.swc.com|9718|9718|0|20260504|220249|20260504|1|SCOUGHLAN
100|500|194||PFQ|AAA|AAA Cooper|AAA Cooper|AAA Cooper|0|20260504|220250|20260504|1|SCOUGHLAN
100|500|194||PFQ|AAN|AANDB Freight|AANDB Freight|AANDB Freight|0|20260504|220250|20260504|1|SCOUGHLAN
100|500|194||PFQ|ABF|ABF Freight System|ABF|ABF|0|20260504|220250|20260504|1|SCOUGHLAN
100|500|194||PFQ|ADM|ADM|ADM|ADM|0|20260504|220250|20260504|1|SCOUGHLAN
100|500|194||PFQ|AMA|Amazon|Amazon|Amazon|0|20260504|220250|20260504|1|SCOUGHLAN
100|500|194||PFQ|ARW|Arrow|Arrow|Arrow|0|20260504|220250|20260504|1|SCOUGHLAN
100|500|194||PFQ|BER|Bernick|Bernick|Bernick|0|20260504|220250|20260504|1|SCOUGHLAN
100|500|194||PFQ|BGL|Blue Grace Logistics|BGL|BGL|0|20260504|220250|20260504|1|SCOUGHLAN
100|500|194||PFQ|BSR|Badger State|Badger State|Badger State|0|20260504|220250|20260504|1|SCOUGHLAN
100|500|194||PFQ|CHR|CH Robinson|CH Robinson|CH Robinson|0|20260504|220250|20260504|1|SCOUGHLAN
100|500|194||PFQ|CNT|Central Transportation|CNT|CNT|0|20260504|220250|20260504|1|SCOUGHLAN
100|500|194||PFQ|CPU|Customer Pick Up|CPU|CPU|0|20260504|220250|20260504|1|SCOUGHLAN
100|500|194||PFQ|CXI|CXI Trucking|CXI Trucking|CXI Trucking|0|20260504|220250|20260504|1|SCOUGHLAN
100|500|194||PFQ|DAY|Dayton|Dayton|Dayton|0|20260504|220250|20260504|1|SCOUGHLAN
100|500|194||PFQ|DDE|Double D Express|DDE|DDE|0|20260504|220250|20260504|1|SCOUGHLAN
100|500|194||PFQ|DHL|DHL|DHL|DHL|0|20260504|220250|20260504|1|SCOUGHLAN
100|500|194||PFQ|DOH|Dohrn|Dohrn|Dohrn|0|20260504|220250|20260504|1|SCOUGHLAN
100|500|194||PFQ|DOT|DOT|DOT|DOT|0|20260504|220250|20260504|1|SCOUGHLAN
100|500|194||PFQ|DYL|Daylight|Daylight|Daylight|0|20260504|220250|20260504|1|SCOUGHLAN
100|500|194||PFQ|EST|Estes|Estes|Estes|0|20260504|220250|20260504|1|SCOUGHLAN
100|500|194||PFQ|EVN|Evans|Evans|Evans|0|20260504|220250|20260504|1|SCOUGHLAN
100|500|194||PFQ|FLE|FedEx LTL Economy|FLE|FLE|0|20260504|220250|20260504|1|SCOUGHLAN
100|500|194||PFQ|FLP|FedEx LTL Priority|FLP|FLP|0|20260504|220250|20260504|1|SCOUGHLAN
100|500|194||PFQ|FOA|Forward Air|Forward Air|Forward Air|0|20260504|220250|20260504|1|SCOUGHLAN
100|500|194||PFQ|FX1|FX Ground|FX Ground|FX Ground|0|20260504|220250|20260504|1|SCOUGHLAN
100|500|194||PFQ|FX2|FX Express SVR|FX Express SVR|FX Express SVR|0|20260504|220250|20260504|1|SCOUGHLAN
100|500|194||PFQ|FX3|FX 2 Day|FX 2 Day|FX 2 Day|0|20260504|220250|20260504|1|SCOUGHLAN
100|500|194||PFQ|FX4|FX Standard O/N|FX Standard O/N|FX Standard O/N|0|20260504|220250|20260504|1|SCOUGHLAN
100|500|194||PFQ|FX5|FX Priority O/N|FX Priority O/N|FX Priority O/N|0|20260504|220250|20260504|1|SCOUGHLAN
100|500|194||PFQ|FX6|FX Intl Economy|FX Intl Economy|FX Intl Economy|0|20260504|220250|20260504|1|SCOUGHLAN
100|500|194||PFQ|FX7|FX Multi-Weight|FX Multi-Weight|FX Multi-Weight|0|20260504|220250|20260504|1|SCOUGHLAN
100|500|194||PFQ|FX8|FX Domestic Economy|FX8|FX8|0|20260504|220250|20260504|1|SCOUGHLAN
100|500|194||PFQ|GOL|Go2 Logistics|Go2 Logistics|Go2 Logistics|0|20260504|220250|20260504|1|SCOUGHLAN
100|500|194||PFQ|HER|Hercules|Hercules|Hercules|0|20260504|220250|20260504|1|SCOUGHLAN
100|500|194||PFQ|JFF|Jeff's Fast Freight|JFF|JFF|0|20260504|220250|20260504|1|SCOUGHLAN
100|500|194||PFQ|LTC|LTL-COLLECT|LTL-COLLECT|LTL-COLLECT|0|20260504|220250|20260504|1|SCOUGHLAN
100|500|194||PFQ|MAG|Magnum|Magnum|Magnum|0|20260504|220250|20260504|1|SCOUGHLAN
100|500|194||PFQ|MON|Monroe|Monroe|Monroe|0|20260504|220250|20260504|1|SCOUGHLAN
100|500|194||PFQ|ODF|Old Dominion Freight Line|ODF|ODF|0|20260504|220250|20260504|1|SCOUGHLAN
100|500|194||PFQ|OLD|Old Dominion|Old Dominion|Old Dominion|0|20260504|220250|20260504|1|SCOUGHLAN
100|500|194||PFQ|POF|Priority One|Priority One|Priority One|0|20260504|220250|20260504|1|SCOUGHLAN
100|500|194||PFQ|POL|Polaris|Polaris|Polaris|0|20260504|220250|20260504|1|SCOUGHLAN
100|500|194||PFQ|POP|Pope|Pope|Pope|0|20260504|220250|20260504|1|SCOUGHLAN
100|500|194||PFQ|RNL|R&L Carriers|R&L Carriers|R&L Carriers|0|20260504|220250|20260504|1|SCOUGHLAN
100|500|194||PFQ|RNM|R & M|R & M|R & M|0|20260504|220250|20260504|1|SCOUGHLAN
100|500|194||PFQ|RRF|Roadrunner|Roadrunner|Roadrunner|0|20260504|220250|20260504|1|SCOUGHLAN
100|500|194||PFQ|SAI|SAIA Motor Freight Line|SAI|SAI|0|20260504|223651|20260504|1|SCOUGHLAN
100|500|194||PFQ|SPD|Spee Dee|Spee Dee|Spee Dee|0|20260504|223643|20260504|1|SCOUGHLAN
100|500|194||PFQ|SUT|Sutton|Sutton|Sutton|0|20260504|223706|20260504|1|SCOUGHLAN
100|500|194||PFQ|TCC|The Custom Company|TCC|TCC|0|20260504|223700|20260504|1|SCOUGHLAN
100|500|194||PFQ|TFO|T-Force|T-Force|T-Force|0|20260504|223709|20260504|1|SCOUGHLAN
100|500|194||PFQ|UFL|Ulitmate Freight|UFL|UFL|0|20260504|223625|20260504|1|SCOUGHLAN
100|500|194||PFQ|UP1|UPS Ground|UPS Ground|UPS Ground|0|20260504|223654|20260504|1|SCOUGHLAN
100|500|194||PFQ|UP2|UPS 3 Day|UPS 3 Day|UPS 3 Day|0|20260504|223704|20260504|1|SCOUGHLAN
100|500|194||PFQ|UP3|UPS Blue|UPS Blue|UPS Blue|0|20260504|223649|20260504|1|SCOUGHLAN
100|500|194||PFQ|UP4|UPS Blue AM|UPS Blue AM|UPS Blue AM|0|20260504|223644|20260504|1|SCOUGHLAN
100|500|194||PFQ|UP5|UPS Red Saver|UPS Red Saver|UPS Red Saver|0|20260504|223644|20260504|1|SCOUGHLAN
100|500|194||PFQ|UP6|UPS Red|UPS Red|UPS Red|0|20260504|223658|20260504|1|SCOUGHLAN
100|500|194||PFQ|UP7|UPS Red AM|UPS Red AM|UPS Red AM|0|20260504|223648|20260504|1|SCOUGHLAN
100|500|194||PFQ|UP8|UPS Worldease|UPS Worldease|UPS Worldease|0|20260504|223630|20260504|1|SCOUGHLAN
100|500|194||PFQ|UP9|UPS GFP|UPS GFP|UPS GFP|0|20260504|223640|20260504|1|SCOUGHLAN
100|500|194||PFQ|US1|USPS First-Class Package|US1|US1|0|20260504|223642|20260504|1|SCOUGHLAN
100|500|194||PFQ|US2|USPS Priority Mail|US2|US2|0|20260504|223709|20260504|1|SCOUGHLAN
100|500|194||PFQ|UW1|UPS Worldwide Express|UW1|UW1|0|20260504|223636|20260504|1|SCOUGHLAN
100|500|194||PFQ|UW2|UPS Worldwide Expedited|UW2|UW2|0|20260504|223642|20260504|1|SCOUGHLAN
100|500|194||PFQ|UW3|UPS Worldwide Saver|UW3|UW3|0|20260504|223644|20260504|1|SCOUGHLAN
100|500|194||PFQ|VET|Veterans|Veterans|Veterans|0|20260504|223706|20260504|1|SCOUGHLAN
100|500|194||PFQ|WRD|Ward|Ward|Ward|0|20260504|223625|20260504|1|SCOUGHLAN
100|500|194||PFQ|XPO|XPO Logistics Freight Inc|XPO|XPO|0|20260504|223651|20260504|1|SCOUGHLAN
100|500|194||PFQ|Y|C25|C25|C25|0|20260504|220248|20260504|1|SCOUGHLAN
100|500|195||PFQ|B720|B720_Cooperative Advertising|B720|B720|0|20260504|223708|20260504|1|SCOUGHLAN
100|500|195||PFQ|C310|C310_Discount|C310_Discount|C310_Discount|0|20260504|223653|20260504|1|SCOUGHLAN
100|500|195||PFQ|D240|D240_Freight|D240_Freight|D240_Freight|0|20260504|223629|20260504|1|SCOUGHLAN
100|500|195||PFQ|D243|D240_Freight|D240_Freight|D240_Freight|0|20260504|223657|20260504|1|SCOUGHLAN
100|500|195||PFQ|D244|D240_Freight|D240_Freight|D240_Freight|0|20260504|223630|20260504|1|SCOUGHLAN
100|500|195||PFQ|F910|F910_Quantity Discount|F910|F910|0|20260504|223636|20260504|1|SCOUGHLAN
100|500|195||PFQ|H560|H560_Swell Allowance|H560|H560|0|20260504|223642|20260504|1|SCOUGHLAN
100|500|195||PFQ|LFRT|D240_Freight|D240_Freight|D240_Freight|0|20260504|223702|20260504|1|SCOUGHLAN
100|500|195||PFQ|SAI|SAIA Motor Freight Line|SAI|SAI|0|20260504|220250|20260504|1|SCOUGHLAN
100|500|195||PFQ|SPD|Spee Dee|Spee Dee|Spee Dee|0|20260504|220250|20260504|1|SCOUGHLAN
100|500|195||PFQ|SUT|Sutton|Sutton|Sutton|0|20260504|220250|20260504|1|SCOUGHLAN
100|500|195||PFQ|TCC|The Custom Company|TCC|TCC|0|20260504|220250|20260504|1|SCOUGHLAN
100|500|195||PFQ|TFO|T-Force|T-Force|T-Force|0|20260504|220250|20260504|1|SCOUGHLAN
100|500|195||PFQ|UFL|Ulitmate Freight|UFL|UFL|0|20260504|220250|20260504|1|SCOUGHLAN
100|500|195||PFQ|UP1|UPS Ground|UPS Ground|UPS Ground|0|20260504|220250|20260504|1|SCOUGHLAN
100|500|195||PFQ|UP2|UPS 3 Day|UPS 3 Day|UPS 3 Day|0|20260504|220250|20260504|1|SCOUGHLAN
100|500|196||PFQ|139217_BOX25|CTN25|CTN25|CTN25|0|20260504|220250|20260504|1|SCOUGHLAN
100|500|196||PFQ|139217_C4CRT|CTN25|CTN25|CTN25|0|20260504|220250|20260504|1|SCOUGHLAN
100|500|196||PFQ|139217_CTN25|CTN25|CTN25|CTN25|0|20260504|220250|20260504|1|SCOUGHLAN
100|500|196||PFQ|139217_PALLET|PLT94|PLT94|PLT94|0|20260504|220250|20260504|1|SCOUGHLAN
100|500|196||PFQ|139217_PLT94|PLT94|PLT94|PLT94|0|20260504|220250|20260504|1|SCOUGHLAN
100|500|196||PFQ|139217_S-4936|CTN25|CTN25|CTN25|0|20260504|220250|20260504|1|SCOUGHLAN
100|500|196||PFQ|139217_SSCC|CTN25|CTN25|CTN25|0|20260504|220250|20260504|1|SCOUGHLAN
100|500|196||PFQ|139217_YA1|CTN25|CTN25|CTN25|0|20260504|220250|20260504|1|SCOUGHLAN
100|500|196||PFQ|139217_YA2|CTN25|CTN25|CTN25|0|20260504|220250|20260504|1|SCOUGHLAN
100|500|196||PFQ|139217_YB1|CTN25|CTN25|CTN25|0|20260504|220250|20260504|1|SCOUGHLAN
100|500|196||PFQ|139217_YC1|CTN25|CTN25|CTN25|0|20260504|220250|20260504|1|SCOUGHLAN
100|500|196||PFQ|139217_YC1R|CTN25|CTN25|CTN25|0|20260504|220250|20260504|1|SCOUGHLAN
100|500|196||PFQ|139217_YC25|CTN25|CTN25|CTN25|0|20260504|220250|20260504|1|SCOUGHLAN
100|500|196||PFQ|139217_YC25R|CTN25|CTN25|CTN25|0|20260504|220250|20260504|1|SCOUGHLAN
100|500|196||PFQ|139217_YC2R|CTN25|CTN25|CTN25|0|20260504|220250|20260504|1|SCOUGHLAN
100|500|196||PFQ|139217_YC3|CTN25|CTN25|CTN25|0|20260504|220250|20260504|1|SCOUGHLAN
100|500|196||PFQ|139217_YC3R|CTN25|CTN25|CTN25|0|20260504|220250|20260504|1|SCOUGHLAN
100|500|196||PFQ|139217_YDL1|CTN25|CTN25|CTN25|0|20260504|220250|20260504|1|SCOUGHLAN
100|500|196||PFQ|139217_YDM1|CTN25|CTN25|CTN25|0|20260504|220250|20260504|1|SCOUGHLAN
100|500|196||PFQ|139217_YDS1|CTN25|CTN25|CTN25|0|20260504|220250|20260504|1|SCOUGHLAN
100|500|196||PFQ|139217_YDXL1|CTN25|CTN25|CTN25|0|20260504|220250|20260504|1|SCOUGHLAN
100|500|196||PFQ|139217_YPAL|PLT94|PLT94|PLT94|0|20260504|220250|20260504|1|SCOUGHLAN
100|500|196||PFQ|139217_YPNBSA|PLT94|PLT94|PLT94|0|20260504|220250|20260504|1|SCOUGHLAN
100|500|196||PFQ|142145_BOX25|CTN25|CTN25|CTN25|0|20260504|220250|20260504|1|SCOUGHLAN
100|500|196||PFQ|142145_C4CRT|CTN25|CTN25|CTN25|0|20260504|220250|20260504|1|SCOUGHLAN
100|500|196||PFQ|142145_CTN25|CTN25|CTN25|CTN25|0|20260504|220250|20260504|1|SCOUGHLAN
100|500|196||PFQ|142145_PALLET|PLT94|PLT94|PLT94|0|20260504|220250|20260504|1|SCOUGHLAN
100|500|196||PFQ|142145_PLT94|PLT94|PLT94|PLT94|0|20260504|220250|20260504|1|SCOUGHLAN
100|500|196||PFQ|142145_S-4936|CTN25|CTN25|CTN25|0|20260504|220250|20260504|1|SCOUGHLAN
100|500|196||PFQ|142145_SSCC|CTN25|CTN25|CTN25|0|20260504|220250|20260504|1|SCOUGHLAN
100|500|196||PFQ|142145_YA1|CTN25|CTN25|CTN25|0|20260504|220250|20260504|1|SCOUGHLAN
100|500|196||PFQ|142145_YA2|CTN25|CTN25|CTN25|0|20260504|220250|20260504|1|SCOUGHLAN
100|500|196||PFQ|142145_YB1|CTN25|CTN25|CTN25|0|20260504|220250|20260504|1|SCOUGHLAN
100|500|196||PFQ|142145_YC1|CTN25|CTN25|CTN25|0|20260504|220250|20260504|1|SCOUGHLAN
100|500|196||PFQ|142145_YC1R|CTN25|CTN25|CTN25|0|20260504|220250|20260504|1|SCOUGHLAN
100|500|196||PFQ|142145_YC25|CTN25|CTN25|CTN25|0|20260504|220250|20260504|1|SCOUGHLAN
100|500|196||PFQ|142145_YC25R|CTN25|CTN25|CTN25|0|20260504|220250|20260504|1|SCOUGHLAN
100|500|196||PFQ|142145_YC2R|CTN25|CTN25|CTN25|0|20260504|220250|20260504|1|SCOUGHLAN
100|500|196||PFQ|142145_YC3|CTN25|CTN25|CTN25|0|20260504|220250|20260504|1|SCOUGHLAN
100|500|196||PFQ|142145_YC3R|CTN25|CTN25|CTN25|0|20260504|220250|20260504|1|SCOUGHLAN
100|500|196||PFQ|142145_YDL1|CTN25|CTN25|CTN25|0|20260504|220250|20260504|1|SCOUGHLAN
100|500|196||PFQ|142145_YDM1|CTN25|CTN25|CTN25|0|20260504|220250|20260504|1|SCOUGHLAN
100|500|196||PFQ|142145_YDS1|CTN25|CTN25|CTN25|0|20260504|220250|20260504|1|SCOUGHLAN
100|500|196||PFQ|142145_YDXL1|CTN25|CTN25|CTN25|0|20260504|220250|20260504|1|SCOUGHLAN
100|500|196||PFQ|142145_YPAL|PLT94|PLT94|PLT94|0|20260504|220250|20260504|1|SCOUGHLAN
100|500|196||PFQ|142145_YPNBSA|PLT94|PLT94|PLT94|0|20260504|220250|20260504|1|SCOUGHLAN
100|500|196||PFQ|26483_BOX25|CTN|CTN|CTN|0|20260504|220250|20260504|1|SCOUGHLAN
100|500|196||PFQ|26483_C4CRT|CTN|CTN|CTN|0|20260504|220250|20260504|1|SCOUGHLAN
100|500|196||PFQ|26483_CTN25|CTN|CTN|CTN|0|20260504|220250|20260504|1|SCOUGHLAN
100|500|196||PFQ|26483_PALLET|PLT|PLT|PLT|0|20260504|220250|20260504|1|SCOUGHLAN
100|500|196||PFQ|26483_PLT94|PLT|PLT|PLT|0|20260504|220250|20260504|1|SCOUGHLAN
100|500|196||PFQ|26483_S-4936|CTN|CTN|CTN|0|20260504|220250|20260504|1|SCOUGHLAN
100|500|196||PFQ|26483_SSCC|CTN|CTN|CTN|0|20260504|220250|20260504|1|SCOUGHLAN
100|500|196||PFQ|26483_YA1|CTN|CTN|CTN|0|20260504|220250|20260504|1|SCOUGHLAN
100|500|196||PFQ|26483_YA2|CTN|CTN|CTN|0|20260504|220250|20260504|1|SCOUGHLAN
100|500|196||PFQ|26483_YB1|CTN|CTN|CTN|0|20260504|220250|20260504|1|SCOUGHLAN
100|500|196||PFQ|26483_YC1|CTN|CTN|CTN|0|20260504|220250|20260504|1|SCOUGHLAN
100|500|196||PFQ|26483_YC1R|CTN|CTN|CTN|0|20260504|220250|20260504|1|SCOUGHLAN
100|500|196||PFQ|26483_YC25|CTN|CTN|CTN|0|20260504|220250|20260504|1|SCOUGHLAN
100|500|196||PFQ|26483_YC25R|CTN|CTN|CTN|0|20260504|220250|20260504|1|SCOUGHLAN
100|500|196||PFQ|26483_YC2R|CTN|CTN|CTN|0|20260504|220250|20260504|1|SCOUGHLAN
100|500|196||PFQ|26483_YC3|CTN|CTN|CTN|0|20260504|220250|20260504|1|SCOUGHLAN
100|500|196||PFQ|26483_YC3R|CTN|CTN|CTN|0|20260504|220250|20260504|1|SCOUGHLAN
100|500|196||PFQ|26483_YDL1|CTN|CTN|CTN|0|20260504|220250|20260504|1|SCOUGHLAN
100|500|196||PFQ|26483_YDM1|CTN|CTN|CTN|0|20260504|220250|20260504|1|SCOUGHLAN
100|500|196||PFQ|26483_YDS1|CTN|CTN|CTN|0|20260504|220250|20260504|1|SCOUGHLAN
100|500|196||PFQ|26483_YDXL1|CTN|CTN|CTN|0|20260504|220250|20260504|1|SCOUGHLAN
100|500|196||PFQ|26483_YPAL|PLT|PLT|PLT|0|20260504|220250|20260504|1|SCOUGHLAN
100|500|196||PFQ|26483_YPNBSA|PLT|PLT|PLT|0|20260504|220250|20260504|1|SCOUGHLAN
100|500|196||PFQ|511908_BOX25|BOX25|BOX25|BOX25|0|20260504|220250|20260504|1|SCOUGHLAN
100|500|196||PFQ|511908_C4CRT|BOX25|BOX25|BOX25|0|20260504|220250|20260504|1|SCOUGHLAN
100|500|196||PFQ|511908_CTN25|BOX25|BOX25|BOX25|0|20260504|220250|20260504|1|SCOUGHLAN
100|500|196||PFQ|511908_PALLET|PLT94|PLT94|PLT94|0|20260504|220250|20260504|1|SCOUGHLAN
100|500|196||PFQ|511908_PLT94|PLT94|PLT94|PLT94|0|20260504|220250|20260504|1|SCOUGHLAN
100|500|196||PFQ|511908_S-4936|BOX25|BOX25|BOX25|0|20260504|220250|20260504|1|SCOUGHLAN
100|500|196||PFQ|511908_SSCC|BOX25|BOX25|BOX25|0|20260504|220250|20260504|1|SCOUGHLAN
100|500|196||PFQ|511908_YA1|BOX25|BOX25|BOX25|0|20260504|220250|20260504|1|SCOUGHLAN
100|500|196||PFQ|511908_YA2|BOX25|BOX25|BOX25|0|20260504|220250|20260504|1|SCOUGHLAN
100|500|196||PFQ|511908_YB1|BOX25|BOX25|BOX25|0|20260504|220250|20260504|1|SCOUGHLAN
100|500|196||PFQ|511908_YC1|BOX25|BOX25|BOX25|0|20260504|220250|20260504|1|SCOUGHLAN
100|500|196||PFQ|511908_YC1R|BOX25|BOX25|BOX25|0|20260504|220250|20260504|1|SCOUGHLAN
100|500|196||PFQ|511908_YC25|BOX25|BOX25|BOX25|0|20260504|220250|20260504|1|SCOUGHLAN
100|500|196||PFQ|511908_YC25R|BOX25|BOX25|BOX25|0|20260504|220250|20260504|1|SCOUGHLAN
100|500|196||PFQ|511908_YC2R|BOX25|BOX25|BOX25|0|20260504|220250|20260504|1|SCOUGHLAN
100|500|196||PFQ|511908_YC3|BOX25|BOX25|BOX25|0|20260504|220250|20260504|1|SCOUGHLAN
100|500|196||PFQ|511908_YC3R|BOX25|BOX25|BOX25|0|20260504|220250|20260504|1|SCOUGHLAN
100|500|196||PFQ|511908_YDL1|BOX25|BOX25|BOX25|0|20260504|220250|20260504|1|SCOUGHLAN
100|500|196||PFQ|511908_YDM1|BOX25|BOX25|BOX25|0|20260504|220250|20260504|1|SCOUGHLAN
100|500|196||PFQ|511908_YDS1|BOX25|BOX25|BOX25|0|20260504|220250|20260504|1|SCOUGHLAN
100|500|196||PFQ|511908_YDXL1|BOX25|BOX25|BOX25|0|20260504|220250|20260504|1|SCOUGHLAN
100|500|196||PFQ|511908_YPAL|PLT94|PLT94|PLT94|0|20260504|220250|20260504|1|SCOUGHLAN
100|500|196||PFQ|511908_YPNBSA|PLT94|PLT94|PLT94|0|20260504|220250|20260504|1|SCOUGHLAN
100|500|196||PFQ|5453_BOX25|CTN25|CTN25|CTN25|0|20260504|220250|20260504|1|SCOUGHLAN
100|500|196||PFQ|5453_C4CRT|CTN25|CTN25|CTN25|0|20260504|220250|20260504|1|SCOUGHLAN
100|500|196||PFQ|5453_CTN25|CTN25|CTN25|CTN25|0|20260504|220250|20260504|1|SCOUGHLAN
100|500|196||PFQ|5453_PALLET|PLT94|PLT94|PLT94|0|20260504|220250|20260504|1|SCOUGHLAN
100|500|196||PFQ|5453_PLT94|PLT94|PLT94|PLT94|0|20260504|220250|20260504|1|SCOUGHLAN
100|500|196||PFQ|5453_S-4936|CTN25|CTN25|CTN25|0|20260504|220250|20260504|1|SCOUGHLAN
100|500|196||PFQ|5453_SSCC|CTN25|CTN25|CTN25|0|20260504|220250|20260504|1|SCOUGHLAN
100|500|196||PFQ|5453_YA1|CTN25|CTN25|CTN25|0|20260504|220250|20260504|1|SCOUGHLAN
100|500|196||PFQ|5453_YA2|CTN25|CTN25|CTN25|0|20260504|220250|20260504|1|SCOUGHLAN
100|500|196||PFQ|5453_YB1|CTN25|CTN25|CTN25|0|20260504|220250|20260504|1|SCOUGHLAN
100|500|196||PFQ|5453_YC1|CTN25|CTN25|CTN25|0|20260504|220250|20260504|1|SCOUGHLAN
100|500|196||PFQ|5453_YC1R|CTN25|CTN25|CTN25|0|20260504|220250|20260504|1|SCOUGHLAN
100|500|196||PFQ|5453_YC25|CTN25|CTN25|CTN25|0|20260504|220250|20260504|1|SCOUGHLAN
100|500|196||PFQ|5453_YC25R|CTN25|CTN25|CTN25|0|20260504|220250|20260504|1|SCOUGHLAN
100|500|196||PFQ|5453_YC2R|CTN25|CTN25|CTN25|0|20260504|220250|20260504|1|SCOUGHLAN
100|500|196||PFQ|5453_YC3|CTN25|CTN25|CTN25|0|20260504|220250|20260504|1|SCOUGHLAN
100|500|196||PFQ|5453_YC3R|CTN25|CTN25|CTN25|0|20260504|220250|20260504|1|SCOUGHLAN
100|500|196||PFQ|5453_YDL1|CTN25|CTN25|CTN25|0|20260504|220250|20260504|1|SCOUGHLAN
100|500|196||PFQ|5453_YDM1|CTN25|CTN25|CTN25|0|20260504|220250|20260504|1|SCOUGHLAN
100|500|196||PFQ|5453_YDS1|CTN25|CTN25|CTN25|0|20260504|220250|20260504|1|SCOUGHLAN
100|500|196||PFQ|5453_YDXL1|CTN25|CTN25|CTN25|0|20260504|220250|20260504|1|SCOUGHLAN
100|500|196||PFQ|5453_YPAL|PLT94|PLT94|PLT94|0|20260504|220250|20260504|1|SCOUGHLAN
100|500|196||PFQ|5453_YPNBSA|PLT94|PLT94|PLT94|0|20260504|220250|20260504|1|SCOUGHLAN
100|500|196||PFQ|596380_BOX25|CTN|CTN|CTN|0|20260504|220250|20260504|1|SCOUGHLAN
100|500|196||PFQ|596380_C4CRT|CTN|CTN|CTN|0|20260504|220250|20260504|1|SCOUGHLAN
100|500|196||PFQ|596380_CTN25|CTN|CTN|CTN|0|20260504|220250|20260504|1|SCOUGHLAN
100|500|196||PFQ|596380_PALLET|PLT|PLT|PLT|0|20260504|220250|20260504|1|SCOUGHLAN
100|500|196||PFQ|596380_PLT94|PLT|PLT|PLT|0|20260504|220250|20260504|1|SCOUGHLAN
100|500|196||PFQ|596380_S-4936|CTN|CTN|CTN|0|20260504|220250|20260504|1|SCOUGHLAN
100|500|196||PFQ|596380_SSCC|CTN|CTN|CTN|0|20260504|220250|20260504|1|SCOUGHLAN
100|500|196||PFQ|596380_YA1|CTN|CTN|CTN|0|20260504|220250|20260504|1|SCOUGHLAN
100|500|196||PFQ|596380_YA2|CTN|CTN|CTN|0|20260504|220250|20260504|1|SCOUGHLAN
100|500|196||PFQ|596380_YB1|CTN|CTN|CTN|0|20260504|220250|20260504|1|SCOUGHLAN
100|500|196||PFQ|596380_YC1|CTN|CTN|CTN|0|20260504|220250|20260504|1|SCOUGHLAN
100|500|196||PFQ|596380_YC1R|CTN|CTN|CTN|0|20260504|220250|20260504|1|SCOUGHLAN
100|500|196||PFQ|596380_YC25|CTN|CTN|CTN|0|20260504|220250|20260504|1|SCOUGHLAN
100|500|196||PFQ|596380_YC25R|CTN|CTN|CTN|0|20260504|220250|20260504|1|SCOUGHLAN
100|500|196||PFQ|596380_YC2R|CTN|CTN|CTN|0|20260504|220250|20260504|1|SCOUGHLAN
100|500|196||PFQ|596380_YC3|CTN|CTN|CTN|0|20260504|220250|20260504|1|SCOUGHLAN
100|500|196||PFQ|596380_YC3R|CTN|CTN|CTN|0|20260504|220250|20260504|1|SCOUGHLAN
100|500|196||PFQ|596380_YDL1|CTN|CTN|CTN|0|20260504|220250|20260504|1|SCOUGHLAN
100|500|196||PFQ|596380_YDM1|CTN|CTN|CTN|0|20260504|220250|20260504|1|SCOUGHLAN
100|500|196||PFQ|596380_YDS1|CTN|CTN|CTN|0|20260504|220250|20260504|1|SCOUGHLAN
100|500|196||PFQ|596380_YDXL1|CTN|CTN|CTN|0|20260504|220250|20260504|1|SCOUGHLAN
100|500|196||PFQ|596380_YPAL|PLT|PLT|PLT|0|20260504|220250|20260504|1|SCOUGHLAN
100|500|196||PFQ|596380_YPNBSA|PLT|PLT|PLT|0|20260504|220250|20260504|1|SCOUGHLAN
100|500|196||PFQ|6287_BOX25|CTN25|CTN25|CTN25|0|20260504|220250|20260504|1|SCOUGHLAN
100|500|196||PFQ|6287_C4CRT|CTN25|CTN25|CTN25|0|20260504|220250|20260504|1|SCOUGHLAN
100|500|196||PFQ|6287_CTN25|CTN25|CTN25|CTN25|0|20260504|220250|20260504|1|SCOUGHLAN
100|500|196||PFQ|6287_PALLET|PLT94|PLT94|PLT94|0|20260504|220250|20260504|1|SCOUGHLAN
100|500|196||PFQ|6287_PLT94|PLT94|PLT94|PLT94|0|20260504|220250|20260504|1|SCOUGHLAN
100|500|196||PFQ|6287_S-4936|CTN25|CTN25|CTN25|0|20260504|220250|20260504|1|SCOUGHLAN
100|500|196||PFQ|6287_SSCC|CTN25|CTN25|CTN25|0|20260504|220250|20260504|1|SCOUGHLAN
100|500|196||PFQ|6287_YA1|CTN25|CTN25|CTN25|0|20260504|220250|20260504|1|SCOUGHLAN
100|500|196||PFQ|6287_YA2|CTN25|CTN25|CTN25|0|20260504|220250|20260504|1|SCOUGHLAN
100|500|196||PFQ|6287_YB1|CTN25|CTN25|CTN25|0|20260504|220250|20260504|1|SCOUGHLAN
100|500|196||PFQ|6287_YC1|CTN25|CTN25|CTN25|0|20260504|220250|20260504|1|SCOUGHLAN
100|500|196||PFQ|6287_YC1R|CTN25|CTN25|CTN25|0|20260504|220250|20260504|1|SCOUGHLAN
100|500|196||PFQ|6287_YC25|CTN25|CTN25|CTN25|0|20260504|220250|20260504|1|SCOUGHLAN
100|500|196||PFQ|6287_YC25R|CTN25|CTN25|CTN25|0|20260504|220250|20260504|1|SCOUGHLAN
100|500|196||PFQ|6287_YC2R|CTN25|CTN25|CTN25|0|20260504|220250|20260504|1|SCOUGHLAN
100|500|196||PFQ|6287_YC3|CTN25|CTN25|CTN25|0|20260504|220250|20260504|1|SCOUGHLAN
100|500|196||PFQ|6287_YC3R|CTN25|CTN25|CTN25|0|20260504|220250|20260504|1|SCOUGHLAN
100|500|196||PFQ|6287_YDL1|CTN25|CTN25|CTN25|0|20260504|220251|20260504|1|SCOUGHLAN
100|500|196||PFQ|6287_YDM1|CTN25|CTN25|CTN25|0|20260504|220251|20260504|1|SCOUGHLAN
100|500|196||PFQ|6287_YDS1|CTN25|CTN25|CTN25|0|20260504|220251|20260504|1|SCOUGHLAN
100|500|196||PFQ|6287_YDXL1|CTN25|CTN25|CTN25|0|20260504|220251|20260504|1|SCOUGHLAN
100|500|196||PFQ|6287_YPAL|PLT94|PLT94|PLT94|0|20260504|220251|20260504|1|SCOUGHLAN
100|500|196||PFQ|6287_YPNBSA|PLT94|PLT94|PLT94|0|20260504|220251|20260504|1|SCOUGHLAN
100|500|196||PFQ|9718_BOX25|CTN25|CTN25|CTN25|0|20260504|220251|20260504|1|SCOUGHLAN
100|500|196||PFQ|9718_C4CRT|CTN25|CTN25|CTN25|0|20260504|220251|20260504|1|SCOUGHLAN
100|500|196||PFQ|9718_CTN25|CTN25|CTN25|CTN25|0|20260504|220251|20260504|1|SCOUGHLAN
100|500|196||PFQ|9718_PALLET|PLT94|PLT94|PLT94|0|20260504|220251|20260504|1|SCOUGHLAN
100|500|196||PFQ|9718_PLT94|PLT94|PLT94|PLT94|0|20260504|220251|20260504|1|SCOUGHLAN
100|500|196||PFQ|9718_S-4936|CTN25|CTN25|CTN25|0|20260504|220251|20260504|1|SCOUGHLAN
100|500|196||PFQ|9718_SSCC|CTN25|CTN25|CTN25|0|20260504|220251|20260504|1|SCOUGHLAN
100|500|196||PFQ|9718_YA1|CTN25|CTN25|CTN25|0|20260504|220251|20260504|1|SCOUGHLAN
100|500|196||PFQ|9718_YA2|CTN25|CTN25|CTN25|0|20260504|220251|20260504|1|SCOUGHLAN
100|500|196||PFQ|9718_YB1|CTN25|CTN25|CTN25|0|20260504|220251|20260504|1|SCOUGHLAN
100|500|196||PFQ|9718_YC1|CTN25|CTN25|CTN25|0|20260504|220251|20260504|1|SCOUGHLAN
100|500|196||PFQ|9718_YC1R|CTN25|CTN25|CTN25|0|20260504|220251|20260504|1|SCOUGHLAN
100|500|196||PFQ|9718_YC25|CTN25|CTN25|CTN25|0|20260504|220251|20260504|1|SCOUGHLAN
100|500|196||PFQ|9718_YC25R|CTN25|CTN25|CTN25|0|20260504|220251|20260504|1|SCOUGHLAN
100|500|196||PFQ|9718_YC2R|CTN25|CTN25|CTN25|0|20260504|220251|20260504|1|SCOUGHLAN
100|500|196||PFQ|9718_YC3|CTN25|CTN25|CTN25|0|20260504|220251|20260504|1|SCOUGHLAN
100|500|196||PFQ|9718_YC3R|CTN25|CTN25|CTN25|0|20260504|220251|20260504|1|SCOUGHLAN
100|500|196||PFQ|9718_YDL1|CTN25|CTN25|CTN25|0|20260504|220251|20260504|1|SCOUGHLAN
100|500|196||PFQ|9718_YDM1|CTN25|CTN25|CTN25|0|20260504|220251|20260504|1|SCOUGHLAN
100|500|196||PFQ|9718_YDS1|CTN25|CTN25|CTN25|0|20260504|220251|20260504|1|SCOUGHLAN
100|500|196||PFQ|9718_YDXL1|CTN25|CTN25|CTN25|0|20260504|220251|20260504|1|SCOUGHLAN
100|500|196||PFQ|9718_YPAL|PLT94|PLT94|PLT94|0|20260504|220251|20260504|1|SCOUGHLAN
100|500|196||PFQ|9718_YPNBSA|PLT94|PLT94|PLT94|0|20260504|220251|20260504|1|SCOUGHLAN
100|500|196||PFQ|B720|B720_Cooperative Advertising|B720|B720|0|20260504|220250|20260504|1|SCOUGHLAN
100|500|196||PFQ|BOX25|BOX|BOX|BOX|0|20260504|223701|20260504|1|SCOUGHLAN
100|500|196||PFQ|C310|C310_Discount|C310_Discount|C310_Discount|0|20260504|220250|20260504|1|SCOUGHLAN
100|500|196||PFQ|C4CRT|CTN|CTN|CTN|0|20260504|223637|20260504|1|SCOUGHLAN
100|500|196||PFQ|CTN25|CTN25|CTN25|CTN25|0|20260504|223646|20260504|1|SCOUGHLAN
100|500|196||PFQ|D240|D240_Freight|D240_Freight|D240_Freight|0|20260504|220250|20260504|1|SCOUGHLAN
100|500|196||PFQ|D243|D240_Freight|D240_Freight|D240_Freight|0|20260504|220250|20260504|1|SCOUGHLAN
100|500|196||PFQ|D244|D240_Freight|D240_Freight|D240_Freight|0|20260504|220250|20260504|1|SCOUGHLAN
100|500|196||PFQ|F910|F910_Quantity Discount|F910|F910|0|20260504|220250|20260504|1|SCOUGHLAN
100|500|196||PFQ|H560|H560_Swell Allowance|H560|H560|0|20260504|220250|20260504|1|SCOUGHLAN
100|500|196||PFQ|LFRT|D240_Freight|D240_Freight|D240_Freight|0|20260504|220250|20260504|1|SCOUGHLAN
100|500|196||PFQ|PALLET|PLT|PLT|PLT|0|20260504|223630|20260504|1|SCOUGHLAN
100|500|196||PFQ|PLT94|PLT94|PLT94|PLT94|0|20260504|223642|20260504|1|SCOUGHLAN
100|500|196||PFQ|S-4936|S-4936|S-4936|S-4936|0|20260504|223704|20260504|1|SCOUGHLAN
100|500|196||PFQ|SSCC|SSCC|SSCC|SSCC|0|20260504|223622|20260504|1|SCOUGHLAN
100|500|196||PFQ|UP3|UPS Blue|UPS Blue|UPS Blue|0|20260504|220250|20260504|1|SCOUGHLAN
100|500|196||PFQ|UP4|UPS Blue AM|UPS Blue AM|UPS Blue AM|0|20260504|220250|20260504|1|SCOUGHLAN
100|500|196||PFQ|UP5|UPS Red Saver|UPS Red Saver|UPS Red Saver|0|20260504|220250|20260504|1|SCOUGHLAN
100|500|196||PFQ|UP6|UPS Red|UPS Red|UPS Red|0|20260504|220250|20260504|1|SCOUGHLAN
100|500|196||PFQ|UP7|UPS Red AM|UPS Red AM|UPS Red AM|0|20260504|220250|20260504|1|SCOUGHLAN
100|500|196||PFQ|UP8|UPS Worldease|UPS Worldease|UPS Worldease|0|20260504|220250|20260504|1|SCOUGHLAN
100|500|196||PFQ|UP9|UPS GFP|UPS GFP|UPS GFP|0|20260504|220250|20260504|1|SCOUGHLAN
100|500|196||PFQ|US1|USPS First-Class Package|US1|US1|0|20260504|220250|20260504|1|SCOUGHLAN
100|500|196||PFQ|US2|USPS Priority Mail|US2|US2|0|20260504|220250|20260504|1|SCOUGHLAN
100|500|196||PFQ|UW1|UPS Worldwide Express|UW1|UW1|0|20260504|220250|20260504|1|SCOUGHLAN
100|500|196||PFQ|UW2|UPS Worldwide Expedited|UW2|UW2|0|20260504|220250|20260504|1|SCOUGHLAN
100|500|196||PFQ|UW3|UPS Worldwide Saver|UW3|UW3|0|20260504|220250|20260504|1|SCOUGHLAN
100|500|196||PFQ|VET|Veterans|Veterans|Veterans|0|20260504|220250|20260504|1|SCOUGHLAN
100|500|196||PFQ|WRD|Ward|Ward|Ward|0|20260504|220250|20260504|1|SCOUGHLAN
100|500|196||PFQ|XPO|XPO Logistics Freight Inc|XPO|XPO|0|20260504|220250|20260504|1|SCOUGHLAN
100|500|196||PFQ|YA1|BOX|BOX|BOX|0|20260504|223647|20260504|1|SCOUGHLAN
100|500|196||PFQ|YA2|BOX|BOX|BOX|0|20260504|223707|20260504|1|SCOUGHLAN
100|500|196||PFQ|YB1|BOX|BOX|BOX|0|20260504|223712|20260504|1|SCOUGHLAN
100|500|196||PFQ|YC1|BOX|BOX|BOX|0|20260504|223640|20260504|1|SCOUGHLAN
100|500|196||PFQ|YC1R|BOX|BOX|BOX|0|20260504|223704|20260504|1|SCOUGHLAN
100|500|196||PFQ|YC25|BOX|BOX|BOX|0|20260504|223658|20260504|1|SCOUGHLAN
100|500|196||PFQ|YC25R|BOX|BOX|BOX|0|20260504|223713|20260504|1|SCOUGHLAN
100|500|196||PFQ|YC2R|BOX|BOX|BOX|0|20260504|223649|20260504|1|SCOUGHLAN
100|500|196||PFQ|YC3|BOX|BOX|BOX|0|20260504|223648|20260504|1|SCOUGHLAN
100|500|196||PFQ|YC3R|BOX|BOX|BOX|0|20260504|223631|20260504|1|SCOUGHLAN
100|500|196||PFQ|YDL1|BOX|BOX|BOX|0|20260504|223633|20260504|1|SCOUGHLAN
100|500|196||PFQ|YDM1|BOX|BOX|BOX|0|20260504|223634|20260504|1|SCOUGHLAN
100|500|196||PFQ|YDS1|BOX|BOX|BOX|0|20260504|223712|20260504|1|SCOUGHLAN
100|500|196||PFQ|YDXL1|BOX|BOX|BOX|0|20260504|223643|20260504|1|SCOUGHLAN
100|500|196||PFQ|YPAL|PLT|PLT|PLT|0|20260504|223652|20260504|1|SCOUGHLAN
100|500|196||PFQ|YPNBSA|PLT|PLT|PLT|0|20260504|223634|20260504|1|SCOUGHLAN
100|500|201||PFQ|BOX25|BOX|BOX|BOX|0|20260504|220251|20260504|1|SCOUGHLAN
100|500|201||PFQ|C4CRT|CTN|CTN|CTN|0|20260504|220251|20260504|1|SCOUGHLAN
100|500|201||PFQ|CTN25|CTN25|CTN25|CTN25|0|20260504|220251|20260504|1|SCOUGHLAN
100|500|201||PFQ|N|AMA|N|N|0|20260504|204407|20260504|1|SCOUGHLAN
100|500|201||PFQ|N|DHL|N|N|0|20260504|204407|20260504|1|SCOUGHLAN
100|500|201||PFQ|N|FX1|N|N|0|20260504|204407|20260504|1|SCOUGHLAN
100|500|201||PFQ|N|FX2|N|N|0|20260504|204407|20260504|1|SCOUGHLAN
100|500|201||PFQ|N|FX3|N|N|0|20260504|204407|20260504|1|SCOUGHLAN
100|500|201||PFQ|N|FX4|N|N|0|20260504|204407|20260504|1|SCOUGHLAN
100|500|201||PFQ|N|FX5|N|N|0|20260504|204407|20260504|1|SCOUGHLAN
100|500|201||PFQ|N|FX6|N|N|0|20260504|204407|20260504|1|SCOUGHLAN
100|500|201||PFQ|N|FX7|N|N|0|20260504|204407|20260504|1|SCOUGHLAN
100|500|201||PFQ|N|FX8|N|N|0|20260504|204407|20260504|1|SCOUGHLAN
100|500|201||PFQ|N|UP1|N|N|0|20260504|204407|20260504|1|SCOUGHLAN
100|500|201||PFQ|N|UP2|N|N|0|20260504|204407|20260504|1|SCOUGHLAN
100|500|201||PFQ|N|UP3|N|N|0|20260504|204407|20260504|1|SCOUGHLAN
100|500|201||PFQ|N|UP4|N|N|0|20260504|204407|20260504|1|SCOUGHLAN
100|500|201||PFQ|N|UP5|N|N|0|20260504|204407|20260504|1|SCOUGHLAN
100|500|201||PFQ|N|UP6|N|N|0|20260504|204407|20260504|1|SCOUGHLAN
100|500|201||PFQ|N|UP7|N|N|0|20260504|204407|20260504|1|SCOUGHLAN
100|500|201||PFQ|N|UP8|N|N|0|20260504|204407|20260504|1|SCOUGHLAN
100|500|201||PFQ|N|US1|N|N|0|20260504|204407|20260504|1|SCOUGHLAN
100|500|201||PFQ|N|US2|N|N|0|20260504|204407|20260504|1|SCOUGHLAN
100|500|201||PFQ|N|UW1|N|N|0|20260504|204407|20260504|1|SCOUGHLAN
100|500|201||PFQ|N|UW2|N|N|0|20260504|204407|20260504|1|SCOUGHLAN
100|500|201||PFQ|N|UW3|N|N|0|20260504|204407|20260504|1|SCOUGHLAN
100|500|201||PFQ|PALLET|PLT|PLT|PLT|0|20260504|220251|20260504|1|SCOUGHLAN
100|500|201||PFQ|PLT94|PLT94|PLT94|PLT94|0|20260504|220251|20260504|1|SCOUGHLAN
100|500|201||PFQ|S-4936|S-4936|S-4936|S-4936|0|20260504|220251|20260504|1|SCOUGHLAN
100|500|201||PFQ|SSCC|SSCC|SSCC|SSCC|0|20260504|220251|20260504|1|SCOUGHLAN
100|500|201||PFQ|YA1|BOX|BOX|BOX|0|20260504|220251|20260504|1|SCOUGHLAN
100|500|201||PFQ|YA2|BOX|BOX|BOX|0|20260504|220251|20260504|1|SCOUGHLAN
100|500|201||PFQ|YB1|BOX|BOX|BOX|0|20260504|220251|20260504|1|SCOUGHLAN
100|500|201||PFQ|YC1|BOX|BOX|BOX|0|20260504|220251|20260504|1|SCOUGHLAN
100|500|201||PFQ|YC1R|BOX|BOX|BOX|0|20260504|220251|20260504|1|SCOUGHLAN
100|500|201||PFQ|YC25|BOX|BOX|BOX|0|20260504|220251|20260504|1|SCOUGHLAN
100|500|201||PFQ|YC25R|BOX|BOX|BOX|0|20260504|220251|20260504|1|SCOUGHLAN
100|500|201||PFQ|YC2R|BOX|BOX|BOX|0|20260504|220251|20260504|1|SCOUGHLAN
100|500|201||PFQ|YC3|BOX|BOX|BOX|0|20260504|220251|20260504|1|SCOUGHLAN
100|500|201||PFQ|YC3R|BOX|BOX|BOX|0|20260504|220251|20260504|1|SCOUGHLAN
100|500|201||PFQ|YDL1|BOX|BOX|BOX|0|20260504|220251|20260504|1|SCOUGHLAN
100|500|201||PFQ|YDM1|BOX|BOX|BOX|0|20260504|220251|20260504|1|SCOUGHLAN
100|500|201||PFQ|YDS1|BOX|BOX|BOX|0|20260504|220251|20260504|1|SCOUGHLAN
100|500|201||PFQ|YDXL1|BOX|BOX|BOX|0|20260504|220251|20260504|1|SCOUGHLAN
100|500|201||PFQ|YPAL|PLT|PLT|PLT|0|20260504|220251|20260504|1|SCOUGHLAN
100|500|201||PFQ|YPNBSA|PLT|PLT|PLT|0|20260504|220251|20260504|1|SCOUGHLAN
100|500|204||PFQ|142318|142318|142318|142318|0|20260504|220244|20260504|1|SCOUGHLAN
100|500|204||PFQ|170169|170169|170169|170169|0|20260504|220244|20260504|1|SCOUGHLAN
100|500|204||PFQ|252495|252495|252495|252495|0|20260504|220244|20260504|1|SCOUGHLAN
100|500|204||PFQ|511908|511908|511908|511908|0|20260504|220244|20260504|1|SCOUGHLAN
100|500|204||PFQ|84363|84363|84363|84363|0|20260504|220244|20260504|1|SCOUGHLAN
100|500|204||PFQ|N|AMA|AMA|AMA|0|20260504|220251|20260504|1|SCOUGHLAN
100|500|204||PFQ|N|DHL|DHL|DHL|0|20260504|220251|20260504|1|SCOUGHLAN
100|500|204||PFQ|N|FX1|FX1|FX1|0|20260504|220251|20260504|1|SCOUGHLAN
100|500|204||PFQ|N|FX2|FX2|FX2|0|20260504|220251|20260504|1|SCOUGHLAN
100|500|204||PFQ|N|FX3|FX3|FX3|0|20260504|220251|20260504|1|SCOUGHLAN
100|500|207||PFQ|MaxVolume|60|60|60|0|20260504|223623|20260504|1|SCOUGHLAN
100|500|207||PFQ|MaxWeight|2750|2750|2750|0|20260504|223630|20260504|1|SCOUGHLAN
100|500|207||PFQ|N|FX4|FX4|FX4|0|20260504|220251|20260504|1|SCOUGHLAN
