PersonId,FirstName,LastName,EmailId,Title,Status,FederatedId,UserGuid,User Name,Created Date,LastLogin Date,UPN,GenericProperty_Language,GenericProperty_Locale,GenericProperty_Timezone,GenericProperty_ApplicationTimezone,GenericProperty_LanguageOrigin,GenericProperty_LocaleOrigin,GenericProperty_TimezoneOrigin,User Alias,SecurityRole1,SecurityRole2,SecurityRole3,SecurityRole4,SecurityRole5,SecurityRole6,SecurityRole7,SecurityRole8,SecurityRole9,SecurityRole10,SecurityRole11,SecurityRole12,SecurityRole13,SecurityRole14,SecurityRole15,SecurityRole16,SecurityRole17,SecurityRole18,SecurityRole19,SecurityRole20,SecurityRole21,SecurityRole22,SecurityRole23,SecurityRole24,SecurityRole25,SecurityRole26,SecurityRole27,SecurityRole28,SecurityRole29,SecurityRole30,SecurityRole31,SecurityRole32,SecurityRole33,SecurityRole34,SecurityRole35,SecurityRole36,SecurityRole37,SecurityRole38,SecurityRole39,SecurityRole40,SecurityRole41,SecurityRole42,SecurityRole43,SecurityRole44,SecurityRole45,SecurityRole46,SecurityRole47,SecurityRole48,SecurityRole49,SecurityRole50,SecurityRole51,SecurityRole52,SecurityRole53,SecurityRole54,SecurityRole55,SecurityRole56,SecurityRole57,SecurityRole58,SecurityRole59,SecurityRole60,SecurityRole61,SecurityRole62,SecurityRole63,SecurityRole64,SecurityRole65,SecurityRole66,SecurityRole67,SecurityRole68,SecurityRole69,SecurityRole70,SecurityRole71,SecurityRole72,SecurityRole73,SecurityRole74,SecurityRole75,SecurityRole76,SecurityRole77,SecurityRole78,SecurityRole79,SecurityRole80,SecurityRole81,SecurityRole82,SecurityRole83,SecurityRole84,SecurityRole85,SecurityRole86,SecurityRole87,SecurityRole88,SecurityRole89,SecurityRole90,SecurityRole91,SecurityRole92,SecurityRole93,SecurityRole94,SecurityRole95,SecurityRole96,SecurityRole97,SecurityRole98,SecurityRole99,SecurityRole100,SecurityRole101,SecurityRole102,SecurityRole103,SecurityRole104,SecurityRole105,SecurityRole106,SecurityRole107,SecurityRole108,SecurityRole109,SecurityRole110,SecurityRole111,SecurityRole112,SecurityRole113,SecurityRole114,SecurityRole115,SecurityRole116,SecurityRole117,SecurityRole118,SecurityRole119,SecurityRole120,SecurityRole121,SecurityRole122,SecurityRole123,SecurityRole124,SecurityRole125,SecurityRole126,SecurityRole127,SecurityRole128,SecurityRole129,SecurityRole130,SecurityRole131,SecurityRole132,SecurityRole133,SecurityRole134,SecurityRole135,SecurityRole136,SecurityRole137,SecurityRole138,SecurityRole139,SecurityRole140,SecurityRole141,SecurityRole142,SecurityRole143,SecurityRole144,SecurityRole145,SecurityRole146,SecurityRole147,SecurityRole148,SecurityRole149,SecurityRole150,SecurityRole151,SecurityRole152,SecurityRole153,SecurityRole154,SecurityRole155,SecurityRole156,SecurityRole157,SecurityRole158,SecurityRole159,SecurityRole160,SecurityRole161,SecurityRole162,SecurityRole163,SecurityRole164,SecurityRole165,SecurityRole166,SecurityRole167,SecurityRole168,SecurityRole169,SecurityRole170,SecurityRole171,SecurityRole172,SecurityRole173,SecurityRole174,SecurityRole175,SecurityRole176,SecurityRole177,SecurityRole178,SecurityRole179,SecurityRole180,SecurityRole181,SecurityRole182,SecurityRole183,SecurityAccessProfiles
67e047b2-8f10-41f0-a5dc-477a1890b5da,m3,prov,m3.prov@infor.com,,Active,,67e047b2-8f10-41f0-a5dc-477a1890b5da,m3.prov@infor.com,2021-12-20T20:04:52-08:00,,m3.prov@infor.com,,,,,,,,,USERADMIN,DataAdministrator,AttributeServiceCaller,Infor-SystemAdministrator,IFS-ExternalEntityAdmin,IFS-ReadOnlyUser,IFS-AuditReportUser,IFS-AuditAdministrator,IFS-MonitorReportUser,IFS-MonitorAdministrator,IFS-PasswordAdmin,Infor-SuiteUser,HOMEPAGES-Administrator,HOMEPAGES-ContentAdministrator,HOMEPAGES-User,HOMEPAGES-ContentSupport,IONDeskSecurityAdmin,IONDeskAdmin,IONContentProvider,IONDeskOAuthGenerator,Mingle-LocatorView,IFSApplicationAdmin,IFSApplicationAdmin,,,,,,,,,,,,,,,,,,,,,,,,,,,,,,,,,,,,,,,,,,,,,,,,,,,,,,,,,,,,,,,,,,,,,,,,,,,,,,,,,,,,,,,,,,,,,,,,,,,,,,,,,,,,,,,,,,,,,,,,,,,,,,,,,,,,,,,,,,,,,,,,,,,,,,,,,,,,,,,,,
PANDERSON,Pete,Anderson,peter.anderson@chcheli.com,Sr Enterprise App Manager,Active,,e1d668da-24d4-432a-b4f5-7662669817a2,peter.anderson@chcheli.com,2021-12-20T20:22:34-08:00,2026-08-27T10:45:02-07:00,peter.anderson@chcheli.com,,,,,,,,PANDERSON,USERADMIN,DataAdministrator,AttributeServiceCaller,Infor-SystemAdministrator,IFS-ExternalEntityAdmin,IFS-ReadOnlyUser,IFS-AuditReportUser,IFS-AuditAdministrator,IFS-MonitorReportUser,IFS-MonitorAdministrator,IFS-PasswordAdmin,MingleEnterprise,Infor-SuiteUser,MingleIONEnabled,MingleAdministrator,MingleDataAdministrator,PORTAL-User,PORTAL-ContentAdministrator,GRID-SystemAdministrator,GRID-Viewer,GRID-Administrator,HOMEPAGES-Administrator,HOMEPAGES-ContentAdministrator,HOMEPAGES-User,HOMEPAGES-ContentSupport,IONDeskSecurityAdmin,IONDeskAdmin,IONContentProvider,IONDeskOAuthGenerator,Mingle-LocatorView,IFSAdminContact,IONAPI-Tracing,IONAPI-User,IONAPI-Administrator,DATALAKE-User,DATALAKE-DataAdministrator,DATALAKE-SystemAdministrator,DECISIONSERVICE-Editor,DECISIONSERVICE-Approver,INBOX-PowerUser,SmartHelpUser,IDM-User,IDM-AdvancedUser,IDM-Administrator,IDM-SuperUser,IDM-RelatedInformationUser,IDM-SignatureUser,GDPR-Collaboration-ChiefDataProtectionOfficer,GDPR-Collaboration-DataProtectionOfficer,GDPR-App-Administrator,DATAFABRIC-SuperAdmin,DATAFABRIC-User,ENTERPRISESEARCH-Admin,ENTERPRISESEARCH-User,ENTERPRISESEARCH-PowerUser,M3EC-Administrator,M3EC-User,M3EC-ClientDesigntime,M3-DLSubscriptionAdmin,M3BE-FATAdmin-Exporter,M3UI-StartPageAdministrator,M3UI-DebugUser,M3UI-Administrator,M3UI-USER,M3UI-Designer,M3BDP-Administrator,M3BDP-USER,MASHUP-Administrator,MASHUP-User,IECEC-Administrator,IECEC-User,M3BE-FATAdmin,M3BE-FndAdmin,M3BE-FndUser,M3BE-ServicesAdmin,M3BE-CryptoAdmin,M3BE-ExtensionsAdmin,M3BE-ExtensionsViewer,M3BE-DBViewer,M3BE-DBAdmin,M3BE-FndFlagAdmin,M3BE-FileViewer,M3BE-FileAdmin,M3BE-ConfigAdmin,M3BE-ConfigUser,M3BE-LogEnabler,M3BE-SystemAdministrator,M3BE-DBAdmin-ReadToken,EVENTHUB-Administrator,EVENTHUB-User,M3MDP-USER,M3CE_About_Viewer,M3ENTERPRISESEARCH-Administrator,IPW-User,Birst-SystemAdministrator,Birst-User,MONGOOSE-UG-CoreFormsAdmin,MONGOOSE-UG-CoreFormsDeveloper,MONGOOSE-UG-CoreFormsEndUser,MONGOOSE-UG-CoreIDOs,MONGOOSE-LM-MGCoreAutomation,MONGOOSE-LM-MGCoreTrans,MONGOOSE-LM-MGDataViews,MONGOOSE-LM-MGDeveloper,MONGOOSE-LM-MGUserCreatedForms,MONGOOSE-LM-MGUserCreatedIDOs,MONGOOSE-LM-MGPAAS,MONGOOSE-LM-MGM3InterfaceForms,MONGOOSE-LM-MGM3InterfaceIDOs,MONGOOSE-LM-MGAppBuilder,APPBUILDER-Administrator,APPBUILDER-User,APPBUILDER-Designer,LCLLSP-User,LCLLSP-Admin,LCLLSP-PrivilegedUser,LCLLSP-ServiceAdmin,LCLLSP-AppAdmin,LCLLSP-SupAdmin,LCLLSP-StdAdmin,LCLLSP-StdUser,M3A Administrators,M3A Developers,M3A SALES,M3A Procurement,M3A Finance,M3A Production,M3A RENTAL,M3ADISBIRST-Model-Administrator,M3ADISBIRST-Extension-Administrator,M3ADISBIRST-Consumer-Administrator,M3ADISBIRST-User,M3A Warehouse,M3A Default Subject Area,IFSApplicationAdmin,IFS-ShowUserManagementUI,IFS-GroupsAdmin,IFS-GroupsUpdate,IFS-GroupsReadOnlyUser,IFS-ReadOnly,M3MDP-TESTAPI,INBOX-Admin,M3DMP-Contributor,M3UI-Approver,M3A Opportunity Management,IONAPI-Developer,M3CPW-User,IAD-DataMaintainer,IAD-Designer,IAD-Publisher,IAD-TemplateBuilder,M3ACM-User,M3ACM-Viewer,IPI-ModelerAdmin,IPI-ModelerViewer,IPI-ModelerDesigner,PORTAL-ContentPublisher,M3BE-PowerUser,M3BE-LicenseType1,M3BE-LicenseType2,M3BE-LicenseType3,M3BE-LicenseType6-FT,M3BE-LicenseType6-SHUB,M3HealthService-Administrator,IONAPI-BaaS-Administrator,IONAPI-BaaS-DataAdministrator,IONAPI-BaaS-Developer,IONAPI-BaaS-User,M3BE-DBUpdater,DATAFABRIC-HealthServiceAdmin,PORTAL-AnnouncementAdministrator,M3BE-DBAdmin-PrdToken,M3BE-LicenseType4,SMARTHELP-Administrator,DocBits-User,M3BE-FATAdmin-PRD-UpperLimitRuleToken,M3BE-FATAdmin-DeleteData,M3BE-FATAdmin-PRD-DeleteDataToken,M3BE-FATAdmin-PRD-ConfigureUpperLimit,SRAPS111CLRW,IHS-User,IHS-Administrator,IFSApplicationAdmin,
357d598f-009c-41b5-afc8-e87c14befe04,TAAS KR,Infor,infor.ppv@infor.com,Mr,Removed,,357d598f-009c-41b5-afc8-e87c14befe04,infor.ppv@infor.com,2021-12-21T02:56:48-08:00,2021-12-22T20:42:07-08:00,infor.ppv@infor.com,,,,,,,,72741518,USERADMIN,DataAdministrator,AttributeServiceCaller,Infor-SystemAdministrator,IFS-ExternalEntityAdmin,IFS-ReadOnlyUser,IFS-AuditReportUser,IFS-AuditAdministrator,IFS-MonitorReportUser,IFS-MonitorAdministrator,IFS-PasswordAdmin,Infor-SuiteUser,HOMEPAGES-Administrator,HOMEPAGES-ContentAdministrator,HOMEPAGES-User,HOMEPAGES-ContentSupport,IONDeskSecurityAdmin,IONDeskAdmin,IONContentProvider,IONDeskOAuthGenerator,Mingle-LocatorView,LCLLSP-User,LCLLSP-Admin,LCLLSP-StdAdmin,LCLLSP-StdUser,IFSApplicationAdmin,,,,,,,,,,,,,,,,,,,,,,,,,,,,,,,,,,,,,,,,,,,,,,,,,,,,,,,,,,,,,,,,,,,,,,,,,,,,,,,,,,,,,,,,,,,,,,,,,,,,,,,,,,,,,,,,,,,,,,,,,,,,,,,,,,,,,,,,,,,,,,,,,,,,,,,,,,,,,,
25f0f138-eaed-44d3-bd29-00cf1f5731b1,Rajesh,Chodisetti,Rajesh.Chodisetti@infor.com,WG,Removed,,25f0f138-eaed-44d3-bd29-00cf1f5731b1,Rajesh.Chodisetti@infor.com,2021-12-27T08:10:40-08:00,2022-01-04T00:15:41-08:00,Rajesh.Chodisetti@infor.com,,,,,,,,HYDWG12,USERADMIN,DataAdministrator,AttributeServiceCaller,Infor-SystemAdministrator,IFS-ExternalEntityAdmin,IFS-ReadOnlyUser,IFS-AuditReportUser,IFS-AuditAdministrator,IFS-MonitorReportUser,IFS-MonitorAdministrator,IFS-PasswordAdmin,MingleEnterprise,Infor-SuiteUser,MingleIONEnabled,HOMEPAGES-Administrator,HOMEPAGES-ContentAdministrator,HOMEPAGES-User,HOMEPAGES-ContentSupport,IONDeskSecurityAdmin,IONDeskAdmin,IONContentProvider,IONDeskOAuthGenerator,Mingle-LocatorView,IDM-User,IDM-RelatedInformationUser,M3UI-USER,MASHUP-User,LCLLSP-User,LCLLSP-Admin,LCLLSP-PrivilegedUser,LCLLSP-ServiceAdmin,LCLLSP-AppAdmin,LCLLSP-SupAdmin,LCLLSP-StdAdmin,LCLLSP-StdUser,IFSApplicationAdmin,,,,,,,,,,,,,,,,,,,,,,,,,,,,,,,,,,,,,,,,,,,,,,,,,,,,,,,,,,,,,,,,,,,,,,,,,,,,,,,,,,,,,,,,,,,,,,,,,,,,,,,,,,,,,,,,,,,,,,,,,,,,,,,,,,,,,,,,,,,,,,,,,,,,
CSHARMA,Chetan,Sharma,chetan@doppiogroup.com,Mr,Active,,1b45bb7f-6ec1-40bf-8673-660f795f2533,chetan@doppiogroup.com,2023-08-24T10:22:07-07:00,2026-08-17T10:20:10-07:00,chetan@doppiogroup.com,,,,,,,,CSHARMA,USERADMIN,DataAdministrator,AttributeServiceCaller,Infor-SystemAdministrator,IFS-ExternalEntityAdmin,IFS-ReadOnlyUser,IFS-AuditReportUser,IFS-AuditAdministrator,IFS-MonitorReportUser,IFS-MonitorAdministrator,IFS-PasswordAdmin,MingleEnterprise,Infor-SuiteUser,MingleIONEnabled,MingleAdministrator,MingleDataAdministrator,PORTAL-User,PORTAL-ContentAdministrator,GRID-SystemAdministrator,GRID-Viewer,GRID-Administrator,HOMEPAGES-Administrator,HOMEPAGES-ContentAdministrator,HOMEPAGES-User,HOMEPAGES-ContentSupport,IONDeskSecurityAdmin,IONDeskAdmin,IONContentProvider,IONDeskOAuthGenerator,Mingle-LocatorView,IFSAdminContact,IONAPI-Tracing,IONAPI-User,IONAPI-Administrator,DATALAKE-User,DATALAKE-DataAdministrator,DATALAKE-SystemAdministrator,DECISIONSERVICE-Editor,DECISIONSERVICE-Approver,INBOX-PowerUser,SmartHelpUser,IDM-User,IDM-AdvancedUser,IDM-Administrator,IDM-SuperUser,IDM-RelatedInformationUser,IDM-SignatureUser,GDPR-Collaboration-ChiefDataProtectionOfficer,GDPR-Collaboration-DataProtectionOfficer,GDPR-App-Administrator,DATAFABRIC-SuperAdmin,DATAFABRIC-User,ENTERPRISESEARCH-Admin,ENTERPRISESEARCH-User,ENTERPRISESEARCH-PowerUser,M3EC-Administrator,M3EC-User,M3EC-ClientDesigntime,M3-DLSubscriptionAdmin,M3BE-FATAdmin-Exporter,M3UI-StartPageAdministrator,M3UI-DebugUser,M3UI-Administrator,M3UI-USER,M3UI-Designer,M3BDP-Administrator,M3BDP-USER,MASHUP-Administrator,MASHUP-User,IECEC-Administrator,IECEC-User,M3BE-FATAdmin,M3BE-FndAdmin,M3BE-FndUser,M3BE-ServicesAdmin,M3BE-CryptoAdmin,M3BE-ExtensionsAdmin,M3BE-ExtensionsViewer,M3BE-DBViewer,M3BE-DBAdmin,M3BE-FndFlagAdmin,M3BE-FileViewer,M3BE-FileAdmin,M3BE-ConfigAdmin,M3BE-ConfigUser,M3BE-LogEnabler,M3BE-SystemAdministrator,M3BE-DBAdmin-ReadToken,EVENTHUB-Administrator,EVENTHUB-User,M3MDP-USER,M3CE_About_Viewer,M3ENTERPRISESEARCH-Administrator,IPW-User,Birst-SystemAdministrator,Birst-User,MONGOOSE-UG-CoreFormsAdmin,MONGOOSE-UG-CoreFormsDeveloper,MONGOOSE-UG-CoreFormsEndUser,MONGOOSE-UG-CoreIDOs,MONGOOSE-LM-MGCoreAutomation,MONGOOSE-LM-MGCoreTrans,MONGOOSE-LM-MGDataViews,MONGOOSE-LM-MGDeveloper,MONGOOSE-LM-MGUserCreatedForms,MONGOOSE-LM-MGUserCreatedIDOs,MONGOOSE-LM-MGPAAS,MONGOOSE-LM-MGM3InterfaceForms,MONGOOSE-LM-MGM3InterfaceIDOs,MONGOOSE-LM-MGAppBuilder,APPBUILDER-Administrator,APPBUILDER-User,APPBUILDER-Designer,LCLLSP-User,LCLLSP-Admin,LCLLSP-PrivilegedUser,LCLLSP-ServiceAdmin,LCLLSP-AppAdmin,LCLLSP-SupAdmin,LCLLSP-StdAdmin,LCLLSP-StdUser,M3A Administrators,M3A Developers,M3A Procurement,M3A Finance,M3A Production,M3ADISBIRST-Model-Administrator,M3ADISBIRST-Extension-Administrator,M3ADISBIRST-Consumer-Administrator,M3ADISBIRST-User,M3A Warehouse,M3A Default Subject Area,IFSApplicationAdmin,IFS-ShowUserManagementUI,IFS-GroupsAdmin,IFS-GroupsUpdate,IFS-GroupsReadOnlyUser,IFS-ReadOnly,M3MDP-TESTAPI,INBOX-Admin,M3DMP-Contributor,M3UI-Approver,M3A Opportunity Management,IONAPI-Developer,IFSApplicationAdmin,,,,,,,,,,,,,,,,,,,,,,,,,,,,,,,,,,,,,,,
f0eed00d-987c-4a11-834d-7eb95dc229e0,Ashish,Raval,Ashish@doppiogroup.com,,Active,,f0eed00d-987c-4a11-834d-7eb95dc229e0,Ashish@doppiogroup.com,2023-08-24T10:22:07-07:00,,Ashish@doppiogroup.com,,,,,,,,,USERADMIN,DataAdministrator,AttributeServiceCaller,Infor-SystemAdministrator,IFS-ExternalEntityAdmin,IFS-ReadOnlyUser,IFS-AuditReportUser,IFS-AuditAdministrator,IFS-MonitorReportUser,IFS-MonitorAdministrator,IFS-PasswordAdmin,MingleEnterprise,Infor-SuiteUser,MingleIONEnabled,HOMEPAGES-Administrator,HOMEPAGES-ContentAdministrator,HOMEPAGES-User,HOMEPAGES-ContentSupport,IONDeskSecurityAdmin,IONDeskAdmin,IONContentProvider,IONDeskOAuthGenerator,Mingle-LocatorView,IDM-User,IDM-RelatedInformationUser,M3UI-USER,MASHUP-User,IFSApplicationAdmin,IFSApplicationAdmin,,,,,,,,,,,,,,,,,,,,,,,,,,,,,,,,,,,,,,,,,,,,,,,,,,,,,,,,,,,,,,,,,,,,,,,,,,,,,,,,,,,,,,,,,,,,,,,,,,,,,,,,,,,,,,,,,,,,,,,,,,,,,,,,,,,,,,,,,,,,,,,,,,,,,,,,,,,
MKIM,Minsoo,Kim,minsoo.kim@chcheli.com,Systems Support Analyst,Active,,28466697-a57c-4cea-aede-96228f9d8039,minsoo.kim@chcheli.com,2023-08-25T08:38:15-07:00,2026-08-21T12:59:58-07:00,minsoo.kim@chcheli.com,,,,,,,,MKIM,USERADMIN,DataAdministrator,AttributeServiceCaller,Infor-SystemAdministrator,IFS-ExternalEntityAdmin,IFS-ReadOnlyUser,IFS-AuditReportUser,IFS-AuditAdministrator,IFS-MonitorReportUser,IFS-MonitorAdministrator,IFS-PasswordAdmin,MingleEnterprise,Infor-SuiteUser,MingleIONEnabled,MingleAdministrator,MingleDataAdministrator,PORTAL-User,PORTAL-ContentAdministrator,GRID-SystemAdministrator,GRID-Viewer,GRID-Administrator,HOMEPAGES-Administrator,HOMEPAGES-ContentAdministrator,HOMEPAGES-User,HOMEPAGES-ContentSupport,IONDeskSecurityAdmin,IONDeskAdmin,IONContentProvider,IONDeskOAuthGenerator,Mingle-LocatorView,IFSAdminContact,IONAPI-Tracing,IONAPI-User,IONAPI-Administrator,DATALAKE-User,DATALAKE-DataAdministrator,DATALAKE-SystemAdministrator,DECISIONSERVICE-Editor,DECISIONSERVICE-Approver,INBOX-PowerUser,SmartHelpUser,IDM-User,IDM-AdvancedUser,IDM-Administrator,IDM-SuperUser,IDM-RelatedInformationUser,IDM-SignatureUser,GDPR-Collaboration-ChiefDataProtectionOfficer,GDPR-Collaboration-DataProtectionOfficer,GDPR-App-Administrator,DATAFABRIC-SuperAdmin,DATAFABRIC-User,ENTERPRISESEARCH-Admin,ENTERPRISESEARCH-User,ENTERPRISESEARCH-PowerUser,M3EC-Administrator,M3EC-User,M3EC-ClientDesigntime,M3-DLSubscriptionAdmin,M3BE-FATAdmin-Exporter,M3UI-StartPageAdministrator,M3UI-DebugUser,M3UI-Administrator,M3UI-USER,M3UI-Designer,M3BDP-Administrator,M3BDP-USER,MASHUP-Administrator,MASHUP-User,IECEC-Administrator,IECEC-User,M3BE-FATAdmin,M3BE-FndAdmin,M3BE-FndUser,M3BE-ServicesAdmin,M3BE-CryptoAdmin,M3BE-ExtensionsAdmin,M3BE-ExtensionsViewer,M3BE-DBViewer,M3BE-DBAdmin,M3BE-FndFlagAdmin,M3BE-FileViewer,M3BE-FileAdmin,M3BE-ConfigAdmin,M3BE-ConfigUser,M3BE-LogEnabler,M3BE-SystemAdministrator,M3BE-DBAdmin-ReadToken,EVENTHUB-Administrator,EVENTHUB-User,M3MDP-USER,M3CE_About_Viewer,M3ENTERPRISESEARCH-Administrator,IPW-User,Birst-SystemAdministrator,Birst-User,MONGOOSE-UG-CoreFormsAdmin,MONGOOSE-UG-CoreFormsDeveloper,MONGOOSE-UG-CoreFormsEndUser,MONGOOSE-UG-CoreIDOs,MONGOOSE-LM-MGCoreAutomation,MONGOOSE-LM-MGCoreTrans,MONGOOSE-LM-MGDataViews,MONGOOSE-LM-MGDeveloper,MONGOOSE-LM-MGUserCreatedForms,MONGOOSE-LM-MGUserCreatedIDOs,MONGOOSE-LM-MGPAAS,MONGOOSE-LM-MGM3InterfaceForms,MONGOOSE-LM-MGM3InterfaceIDOs,MONGOOSE-LM-MGAppBuilder,APPBUILDER-Administrator,APPBUILDER-User,APPBUILDER-Designer,LCLLSP-User,LCLLSP-Admin,LCLLSP-PrivilegedUser,LCLLSP-ServiceAdmin,LCLLSP-AppAdmin,LCLLSP-SupAdmin,LCLLSP-StdAdmin,LCLLSP-StdUser,M3A Administrators,M3A Developers,M3A SALES,M3A Procurement,M3A Finance,M3A Production,M3A RENTAL,M3ADISBIRST-Model-Administrator,M3ADISBIRST-Extension-Administrator,M3ADISBIRST-Consumer-Administrator,M3ADISBIRST-User,M3A Warehouse,M3A Default Subject Area,IFSApplicationAdmin,IFS-ShowUserManagementUI,IFS-GroupsAdmin,IFS-GroupsUpdate,IFS-GroupsReadOnlyUser,IFS-ReadOnly,M3MDP-TESTAPI,INBOX-Admin,M3DMP-Contributor,M3UI-Approver,M3A Opportunity Management,IONAPI-Developer,M3CPW-User,IAD-DataMaintainer,IAD-Designer,IAD-Publisher,IAD-TemplateBuilder,M3ACM-User,M3ACM-Viewer,IPI-ModelerAdmin,IPI-ModelerViewer,IPI-ModelerDesigner,PORTAL-ContentPublisher,M3BE-PowerUser,M3BE-LicenseType1,M3BE-LicenseType2,M3BE-LicenseType3,M3BE-LicenseType6-FT,M3BE-LicenseType6-SHUB,M3HealthService-Administrator,IONAPI-BaaS-Administrator,IONAPI-BaaS-DataAdministrator,IONAPI-BaaS-Developer,IONAPI-BaaS-User,M3BE-DBUpdater,DATAFABRIC-HealthServiceAdmin,PORTAL-AnnouncementAdministrator,M3BE-DBAdmin-PrdToken,M3BE-LicenseType4,SMARTHELP-Administrator,DocBits-User,M3BE-FATAdmin-PRD-UpperLimitRuleToken,M3BE-FATAdmin-DeleteData,M3BE-FATAdmin-PRD-DeleteDataToken,M3BE-FATAdmin-PRD-ConfigureUpperLimit,IFSApplicationAdmin,,,,
WROWLES,Winter Lain,Rowles,winter.rowles@chcheli.com,IT Developer,Active,,a8abe1ac-da1c-4222-aa0e-18c19f289d07,winter.rowles@chcheli.com,2023-08-25T08:39:25-07:00,2026-08-26T09:49:10-07:00,winter.rowles@chcheli.com,en-US,en-US,Pacific Standard Time,America/Los_Angeles,system,system,setting,WROWLES,USERADMIN,DataAdministrator,AttributeServiceCaller,Infor-SystemAdministrator,IFS-ExternalEntityAdmin,IFS-ReadOnlyUser,IFS-AuditReportUser,IFS-AuditAdministrator,IFS-MonitorReportUser,IFS-MonitorAdministrator,IFS-PasswordAdmin,MingleEnterprise,Infor-SuiteUser,MingleIONEnabled,MingleAdministrator,MingleDataAdministrator,PORTAL-User,PORTAL-ContentAdministrator,GRID-SystemAdministrator,GRID-Viewer,GRID-Administrator,HOMEPAGES-Administrator,HOMEPAGES-ContentAdministrator,HOMEPAGES-User,HOMEPAGES-ContentSupport,IONDeskSecurityAdmin,IONDeskAdmin,IONContentProvider,IONDeskOAuthGenerator,Mingle-LocatorView,IFSAdminContact,IONAPI-Tracing,IONAPI-User,IONAPI-Administrator,DATALAKE-User,DATALAKE-DataAdministrator,DATALAKE-SystemAdministrator,DECISIONSERVICE-Editor,DECISIONSERVICE-Approver,INBOX-PowerUser,SmartHelpUser,IDM-User,IDM-AdvancedUser,IDM-Administrator,IDM-SuperUser,IDM-RelatedInformationUser,IDM-SignatureUser,GDPR-Collaboration-ChiefDataProtectionOfficer,GDPR-Collaboration-DataProtectionOfficer,GDPR-App-Administrator,DATAFABRIC-SuperAdmin,DATAFABRIC-User,ENTERPRISESEARCH-Admin,ENTERPRISESEARCH-User,ENTERPRISESEARCH-PowerUser,M3EC-Administrator,M3EC-User,M3EC-ClientDesigntime,M3-DLSubscriptionAdmin,M3BE-FATAdmin-Exporter,M3UI-StartPageAdministrator,M3UI-DebugUser,M3UI-Administrator,M3UI-USER,M3UI-Designer,M3BDP-Administrator,M3BDP-USER,MASHUP-Administrator,MASHUP-User,IECEC-Administrator,IECEC-User,M3BE-FATAdmin,M3BE-FndAdmin,M3BE-FndUser,M3BE-ServicesAdmin,M3BE-CryptoAdmin,M3BE-ExtensionsAdmin,M3BE-ExtensionsViewer,M3BE-DBViewer,M3BE-DBAdmin,M3BE-FndFlagAdmin,M3BE-FileViewer,M3BE-FileAdmin,M3BE-ConfigAdmin,M3BE-ConfigUser,M3BE-LogEnabler,M3BE-SystemAdministrator,M3BE-DBAdmin-ReadToken,EVENTHUB-Administrator,EVENTHUB-User,M3MDP-USER,M3CE_About_Viewer,M3ENTERPRISESEARCH-Administrator,IPW-User,Birst-SystemAdministrator,Birst-User,MONGOOSE-UG-CoreFormsAdmin,MONGOOSE-UG-CoreFormsDeveloper,MONGOOSE-UG-CoreFormsEndUser,MONGOOSE-UG-CoreIDOs,MONGOOSE-LM-MGCoreAutomation,MONGOOSE-LM-MGCoreTrans,MONGOOSE-LM-MGDataViews,MONGOOSE-LM-MGDeveloper,MONGOOSE-LM-MGUserCreatedForms,MONGOOSE-LM-MGUserCreatedIDOs,MONGOOSE-LM-MGPAAS,MONGOOSE-LM-MGM3InterfaceForms,MONGOOSE-LM-MGM3InterfaceIDOs,MONGOOSE-LM-MGAppBuilder,APPBUILDER-Administrator,APPBUILDER-User,APPBUILDER-Designer,LCLLSP-User,LCLLSP-Admin,LCLLSP-PrivilegedUser,LCLLSP-ServiceAdmin,LCLLSP-AppAdmin,LCLLSP-SupAdmin,LCLLSP-StdAdmin,LCLLSP-StdUser,M3A Administrators,M3A Developers,M3A SALES,M3A Procurement,M3A Finance,M3A Production,M3A RENTAL,M3ADISBIRST-Model-Administrator,M3ADISBIRST-Extension-Administrator,M3ADISBIRST-Consumer-Administrator,M3ADISBIRST-User,M3A Warehouse,M3A Default Subject Area,IFSApplicationAdmin,IFS-ShowUserManagementUI,IFS-GroupsAdmin,IFS-GroupsUpdate,IFS-GroupsReadOnlyUser,IFS-ReadOnly,M3MDP-TESTAPI,INBOX-Admin,M3DMP-Contributor,M3UI-Approver,M3A Opportunity Management,IONAPI-Developer,M3CPW-User,IAD-DataMaintainer,IAD-Designer,IAD-Publisher,IAD-TemplateBuilder,M3ACM-User,M3ACM-Viewer,IPI-ModelerAdmin,IPI-ModelerViewer,IPI-ModelerDesigner,PORTAL-ContentPublisher,M3BE-PowerUser,M3BE-LicenseType1,M3BE-LicenseType2,M3BE-LicenseType3,M3BE-LicenseType6-FT,M3BE-LicenseType6-SHUB,M3HealthService-Administrator,IONAPI-BaaS-Administrator,IONAPI-BaaS-DataAdministrator,IONAPI-BaaS-Developer,IONAPI-BaaS-User,M3BE-DBUpdater,DATAFABRIC-HealthServiceAdmin,PORTAL-AnnouncementAdministrator,M3BE-DBAdmin-PrdToken,M3BE-LicenseType4,SMARTHELP-Administrator,DocBits-User,M3BE-FATAdmin-PRD-UpperLimitRuleToken,M3BE-FATAdmin-DeleteData,M3BE-FATAdmin-PRD-DeleteDataToken,M3BE-FATAdmin-PRD-ConfigureUpperLimit,IFSApplicationAdmin,,,,
AYADUKRISH,Ajay,Yadukrishnan,ajay@doppiogroup.com,,Active,,0fc86748-ed15-4d39-a7ca-df597e0d66af,ajay@doppiogroup.com,2023-08-25T08:39:25-07:00,,ajay@doppiogroup.com,,,,,,,,AYADUKRISH,USERADMIN,DataAdministrator,Infor-SystemAdministrator,IFS-ExternalEntityAdmin,IFS-ReadOnlyUser,IFS-AuditReportUser,IFS-AuditAdministrator,IFS-MonitorReportUser,IFS-MonitorAdministrator,IFS-PasswordAdmin,MingleEnterprise,Infor-SuiteUser,MingleIONEnabled,MingleAdministrator,MingleDataAdministrator,PORTAL-User,PORTAL-ContentAdministrator,GRID-SystemAdministrator,GRID-Viewer,GRID-Administrator,HOMEPAGES-Administrator,HOMEPAGES-ContentAdministrator,HOMEPAGES-User,HOMEPAGES-ContentSupport,IONDeskSecurityAdmin,IONDeskAdmin,IONContentProvider,IONDeskOAuthGenerator,Mingle-LocatorView,IFSAdminContact,IONAPI-Tracing,IONAPI-User,IONAPI-Administrator,DATALAKE-User,DATALAKE-DataAdministrator,DATALAKE-SystemAdministrator,DECISIONSERVICE-Editor,DECISIONSERVICE-Approver,INBOX-PowerUser,SmartHelpUser,IDM-User,IDM-AdvancedUser,IDM-Administrator,IDM-SuperUser,IDM-RelatedInformationUser,IDM-SignatureUser,GDPR-Collaboration-ChiefDataProtectionOfficer,GDPR-Collaboration-DataProtectionOfficer,GDPR-App-Administrator,DATAFABRIC-SuperAdmin,DATAFABRIC-User,ENTERPRISESEARCH-Admin,ENTERPRISESEARCH-User,ENTERPRISESEARCH-PowerUser,M3EC-Administrator,M3EC-User,M3EC-ClientDesigntime,M3-DLSubscriptionAdmin,M3BE-FATAdmin-Exporter,M3UI-StartPageAdministrator,M3UI-DebugUser,M3UI-Administrator,M3UI-USER,M3UI-Designer,M3BDP-Administrator,M3BDP-USER,MASHUP-Administrator,MASHUP-User,IECEC-Administrator,IECEC-User,M3BE-FATAdmin,M3BE-FndAdmin,M3BE-FndUser,M3BE-ServicesAdmin,M3BE-CryptoAdmin,M3BE-ExtensionsAdmin,M3BE-ExtensionsViewer,M3BE-DBViewer,M3BE-DBAdmin,M3BE-FndFlagAdmin,M3BE-FileViewer,M3BE-FileAdmin,M3BE-ConfigAdmin,M3BE-ConfigUser,M3BE-LogEnabler,M3BE-SystemAdministrator,M3BE-DBAdmin-ReadToken,EVENTHUB-Administrator,EVENTHUB-User,M3MDP-USER,M3CE_About_Viewer,M3ENTERPRISESEARCH-Administrator,IPW-User,Birst-SystemAdministrator,Birst-User,MONGOOSE-UG-CoreFormsAdmin,MONGOOSE-UG-CoreFormsDeveloper,MONGOOSE-UG-CoreFormsEndUser,MONGOOSE-UG-CoreIDOs,MONGOOSE-LM-MGCoreAutomation,MONGOOSE-LM-MGCoreTrans,MONGOOSE-LM-MGDataViews,MONGOOSE-LM-MGDeveloper,MONGOOSE-LM-MGUserCreatedForms,MONGOOSE-LM-MGUserCreatedIDOs,MONGOOSE-LM-MGPAAS,MONGOOSE-LM-MGM3InterfaceForms,MONGOOSE-LM-MGM3InterfaceIDOs,MONGOOSE-LM-MGAppBuilder,APPBUILDER-Administrator,APPBUILDER-User,APPBUILDER-Designer,LCLLSP-User,LCLLSP-Admin,LCLLSP-PrivilegedUser,LCLLSP-ServiceAdmin,LCLLSP-AppAdmin,LCLLSP-SupAdmin,LCLLSP-StdAdmin,LCLLSP-StdUser,M3A Administrators,M3A Developers,M3A Procurement,M3A Finance,M3A Production,M3ADISBIRST-Model-Administrator,M3ADISBIRST-Extension-Administrator,M3ADISBIRST-Consumer-Administrator,M3ADISBIRST-User,M3A Warehouse,M3A Default Subject Area,IFSApplicationAdmin,IFS-ShowUserManagementUI,IFS-GroupsAdmin,IFS-GroupsUpdate,IFS-GroupsReadOnlyUser,IFS-ReadOnly,M3MDP-TESTAPI,INBOX-Admin,M3DMP-Contributor,M3UI-Approver,M3A Opportunity Management,IONAPI-Developer,M3CPW-User,IAD-DataMaintainer,IAD-Designer,IAD-Publisher,IAD-TemplateBuilder,IFSApplicationAdmin,,,,,,,,,,,,,,,,,,,,,,,,,,,,,,,,,,,
SDWADASI,Sravan,Dwadasi,sravan@doppiogroup.com,Sravan,Active,,38055641-2dc0-4e4a-8eec-eaf1755b3d6d,sravan@doppiogroup.com,2023-08-25T09:01:16-07:00,2023-10-05T09:45:44-07:00,sravan@doppiogroup.com,,,,,,,,SDWADASI,USERADMIN,DataAdministrator,Infor-SystemAdministrator,IFS-ExternalEntityAdmin,IFS-ReadOnlyUser,IFS-AuditReportUser,IFS-AuditAdministrator,IFS-MonitorReportUser,IFS-MonitorAdministrator,IFS-PasswordAdmin,MingleEnterprise,Infor-SuiteUser,MingleIONEnabled,MingleAdministrator,MingleDataAdministrator,PORTAL-User,PORTAL-ContentAdministrator,GRID-SystemAdministrator,GRID-Viewer,GRID-Administrator,HOMEPAGES-Administrator,HOMEPAGES-ContentAdministrator,HOMEPAGES-User,HOMEPAGES-ContentSupport,IONDeskSecurityAdmin,IONDeskAdmin,IONContentProvider,IONDeskOAuthGenerator,Mingle-LocatorView,IFSAdminContact,IONAPI-Tracing,IONAPI-User,IONAPI-Administrator,DATALAKE-User,DATALAKE-DataAdministrator,DATALAKE-SystemAdministrator,DECISIONSERVICE-Editor,DECISIONSERVICE-Approver,INBOX-PowerUser,SmartHelpUser,IDM-User,IDM-AdvancedUser,IDM-Administrator,IDM-SuperUser,IDM-RelatedInformationUser,IDM-SignatureUser,GDPR-Collaboration-ChiefDataProtectionOfficer,GDPR-Collaboration-DataProtectionOfficer,GDPR-App-Administrator,DATAFABRIC-SuperAdmin,DATAFABRIC-User,ENTERPRISESEARCH-Admin,ENTERPRISESEARCH-User,ENTERPRISESEARCH-PowerUser,M3EC-Administrator,M3EC-User,M3EC-ClientDesigntime,M3-DLSubscriptionAdmin,M3BE-FATAdmin-Exporter,M3UI-StartPageAdministrator,M3UI-DebugUser,M3UI-Administrator,M3UI-USER,M3UI-Designer,M3BDP-Administrator,M3BDP-USER,MASHUP-Administrator,MASHUP-User,IECEC-Administrator,IECEC-User,M3BE-FATAdmin,M3BE-FndAdmin,M3BE-FndUser,M3BE-ServicesAdmin,M3BE-CryptoAdmin,M3BE-ExtensionsAdmin,M3BE-ExtensionsViewer,M3BE-DBViewer,M3BE-DBAdmin,M3BE-FndFlagAdmin,M3BE-FileViewer,M3BE-FileAdmin,M3BE-ConfigAdmin,M3BE-ConfigUser,M3BE-LogEnabler,M3BE-SystemAdministrator,M3BE-DBAdmin-ReadToken,EVENTHUB-Administrator,EVENTHUB-User,M3MDP-USER,M3CE_About_Viewer,M3ENTERPRISESEARCH-Administrator,IPW-User,Birst-SystemAdministrator,Birst-User,MONGOOSE-UG-CoreFormsAdmin,MONGOOSE-UG-CoreFormsDeveloper,MONGOOSE-UG-CoreFormsEndUser,MONGOOSE-UG-CoreIDOs,MONGOOSE-LM-MGCoreAutomation,MONGOOSE-LM-MGCoreTrans,MONGOOSE-LM-MGDataViews,MONGOOSE-LM-MGDeveloper,MONGOOSE-LM-MGUserCreatedForms,MONGOOSE-LM-MGUserCreatedIDOs,MONGOOSE-LM-MGPAAS,MONGOOSE-LM-MGM3InterfaceForms,MONGOOSE-LM-MGM3InterfaceIDOs,MONGOOSE-LM-MGAppBuilder,APPBUILDER-Administrator,APPBUILDER-User,APPBUILDER-Designer,LCLLSP-User,LCLLSP-Admin,LCLLSP-PrivilegedUser,LCLLSP-ServiceAdmin,LCLLSP-AppAdmin,LCLLSP-SupAdmin,LCLLSP-StdAdmin,LCLLSP-StdUser,M3A Administrators,M3A Developers,M3A Procurement,M3A Finance,M3A Production,M3ADISBIRST-Model-Administrator,M3ADISBIRST-Extension-Administrator,M3ADISBIRST-Consumer-Administrator,M3ADISBIRST-User,M3A Warehouse,M3A Default Subject Area,IFSApplicationAdmin,IFS-ShowUserManagementUI,IFS-GroupsAdmin,IFS-GroupsUpdate,IFS-GroupsReadOnlyUser,IFS-ReadOnly,M3MDP-TESTAPI,INBOX-Admin,M3DMP-Contributor,M3UI-Approver,M3A Opportunity Management,IONAPI-Developer,M3CPW-User,IAD-DataMaintainer,IAD-Designer,IAD-Publisher,IAD-TemplateBuilder,IFSApplicationAdmin,,,,,,,,,,,,,,,,,,,,,,,,,,,,,,,,,,,
EPEREZ,EMERSON,PEREZ,emerson.perez@infor.com,consultant,Removed,,b144b7d6-25de-4510-8bcd-8843e6fe77a7,emerson.perez@infor.com,2023-08-25T21:38:24-07:00,2023-08-28T05:18:51-07:00,emerson.perez@infor.com,,,,,,,,EPEREZ,USERADMIN,DataAdministrator,Infor-SystemAdministrator,IFS-ExternalEntityAdmin,IFS-ReadOnlyUser,IFS-AuditReportUser,IFS-AuditAdministrator,IFS-MonitorReportUser,IFS-MonitorAdministrator,IFS-PasswordAdmin,MingleEnterprise,Infor-SuiteUser,MingleIONEnabled,MingleAdministrator,MingleDataAdministrator,PORTAL-User,PORTAL-ContentAdministrator,GRID-SystemAdministrator,GRID-Viewer,GRID-Administrator,HOMEPAGES-Administrator,HOMEPAGES-ContentAdministrator,HOMEPAGES-User,HOMEPAGES-ContentSupport,IONDeskSecurityAdmin,IONDeskAdmin,IONContentProvider,IONDeskOAuthGenerator,Mingle-LocatorView,IFSAdminContact,IONAPI-Tracing,IONAPI-User,IONAPI-Administrator,DATALAKE-User,DATALAKE-DataAdministrator,DATALAKE-SystemAdministrator,DECISIONSERVICE-Editor,DECISIONSERVICE-Approver,INBOX-PowerUser,SmartHelpUser,IDM-User,IDM-AdvancedUser,IDM-Administrator,IDM-SuperUser,IDM-RelatedInformationUser,IDM-SignatureUser,GDPR-Collaboration-ChiefDataProtectionOfficer,GDPR-Collaboration-DataProtectionOfficer,GDPR-App-Administrator,DATAFABRIC-SuperAdmin,DATAFABRIC-User,ENTERPRISESEARCH-Admin,ENTERPRISESEARCH-User,ENTERPRISESEARCH-PowerUser,M3EC-Administrator,M3EC-User,M3EC-ClientDesigntime,M3-DLSubscriptionAdmin,M3BE-FATAdmin-Exporter,M3UI-StartPageAdministrator,M3UI-DebugUser,M3UI-Administrator,M3UI-USER,M3UI-Designer,M3BDP-Administrator,M3BDP-USER,MASHUP-Administrator,MASHUP-User,IECEC-Administrator,IECEC-User,M3BE-FATAdmin,M3BE-FndAdmin,M3BE-FndUser,M3BE-ServicesAdmin,M3BE-CryptoAdmin,M3BE-ExtensionsAdmin,M3BE-ExtensionsViewer,M3BE-DBViewer,M3BE-DBAdmin,M3BE-FndFlagAdmin,M3BE-FileViewer,M3BE-FileAdmin,M3BE-ConfigAdmin,M3BE-ConfigUser,M3BE-LogEnabler,M3BE-SystemAdministrator,M3BE-DBAdmin-ReadToken,EVENTHUB-Administrator,EVENTHUB-User,M3MDP-USER,M3CE_About_Viewer,M3ENTERPRISESEARCH-Administrator,IPW-User,Birst-SystemAdministrator,Birst-User,MONGOOSE-UG-CoreFormsAdmin,MONGOOSE-UG-CoreFormsDeveloper,MONGOOSE-UG-CoreFormsEndUser,MONGOOSE-UG-CoreIDOs,MONGOOSE-LM-MGCoreAutomation,MONGOOSE-LM-MGCoreTrans,MONGOOSE-LM-MGDataViews,MONGOOSE-LM-MGDeveloper,MONGOOSE-LM-MGUserCreatedForms,MONGOOSE-LM-MGUserCreatedIDOs,MONGOOSE-LM-MGPAAS,MONGOOSE-LM-MGM3InterfaceForms,MONGOOSE-LM-MGM3InterfaceIDOs,MONGOOSE-LM-MGAppBuilder,APPBUILDER-Administrator,APPBUILDER-User,APPBUILDER-Designer,LCLLSP-User,LCLLSP-Admin,LCLLSP-PrivilegedUser,LCLLSP-ServiceAdmin,LCLLSP-AppAdmin,LCLLSP-SupAdmin,LCLLSP-StdAdmin,LCLLSP-StdUser,M3A Administrators,M3A Developers,M3A SALES,M3A Procurement,M3A Finance,M3A Production,M3A RENTAL,M3ADISBIRST-Model-Administrator,M3ADISBIRST-Extension-Administrator,M3ADISBIRST-Consumer-Administrator,M3ADISBIRST-User,M3A Warehouse,M3A Default Subject Area,IFSApplicationAdmin,IFS-ShowUserManagementUI,IFS-GroupsAdmin,IFS-GroupsUpdate,IFS-GroupsReadOnlyUser,IFS-ReadOnly,M3MDP-TESTAPI,INBOX-Admin,M3DMP-Contributor,M3UI-Approver,M3A Opportunity Management,IONAPI-Developer,IFSApplicationAdmin,,,,,,,,,,,,,,,,,,,,,,,,,,,,,,,,,,,,,,
JMAGDATO,Jed,Magdato,jed.magdato@infor.com,,Removed,,ea584197-bb29-47b0-866d-db96a4e3084f,jed.magdato@infor.com,2023-08-25T21:38:24-07:00,,jed.magdato@infor.com,,,,,,,,JMAGDATO,USERADMIN,DataAdministrator,Infor-SystemAdministrator,IFS-ExternalEntityAdmin,IFS-ReadOnlyUser,IFS-AuditReportUser,IFS-AuditAdministrator,IFS-MonitorReportUser,IFS-MonitorAdministrator,IFS-PasswordAdmin,MingleEnterprise,Infor-SuiteUser,MingleIONEnabled,MingleAdministrator,MingleDataAdministrator,PORTAL-User,PORTAL-ContentAdministrator,GRID-SystemAdministrator,GRID-Viewer,GRID-Administrator,HOMEPAGES-Administrator,HOMEPAGES-ContentAdministrator,HOMEPAGES-User,HOMEPAGES-ContentSupport,IONDeskSecurityAdmin,IONDeskAdmin,IONContentProvider,IONDeskOAuthGenerator,Mingle-LocatorView,IFSAdminContact,IONAPI-Tracing,IONAPI-User,IONAPI-Administrator,DATALAKE-User,DATALAKE-DataAdministrator,DATALAKE-SystemAdministrator,DECISIONSERVICE-Editor,DECISIONSERVICE-Approver,INBOX-PowerUser,SmartHelpUser,IDM-User,IDM-AdvancedUser,IDM-Administrator,IDM-SuperUser,IDM-RelatedInformationUser,IDM-SignatureUser,GDPR-Collaboration-ChiefDataProtectionOfficer,GDPR-Collaboration-DataProtectionOfficer,GDPR-App-Administrator,DATAFABRIC-SuperAdmin,DATAFABRIC-User,ENTERPRISESEARCH-Admin,ENTERPRISESEARCH-User,ENTERPRISESEARCH-PowerUser,M3EC-Administrator,M3EC-User,M3EC-ClientDesigntime,M3-DLSubscriptionAdmin,M3BE-FATAdmin-Exporter,M3UI-StartPageAdministrator,M3UI-DebugUser,M3UI-Administrator,M3UI-USER,M3UI-Designer,M3BDP-Administrator,M3BDP-USER,MASHUP-Administrator,MASHUP-User,IECEC-Administrator,IECEC-User,M3BE-FATAdmin,M3BE-FndAdmin,M3BE-FndUser,M3BE-ServicesAdmin,M3BE-CryptoAdmin,M3BE-ExtensionsAdmin,M3BE-ExtensionsViewer,M3BE-DBViewer,M3BE-DBAdmin,M3BE-FndFlagAdmin,M3BE-FileViewer,M3BE-FileAdmin,M3BE-ConfigAdmin,M3BE-ConfigUser,M3BE-LogEnabler,M3BE-SystemAdministrator,M3BE-DBAdmin-ReadToken,EVENTHUB-Administrator,EVENTHUB-User,M3MDP-USER,M3CE_About_Viewer,M3ENTERPRISESEARCH-Administrator,IPW-User,Birst-SystemAdministrator,Birst-User,MONGOOSE-UG-CoreFormsAdmin,MONGOOSE-UG-CoreFormsDeveloper,MONGOOSE-UG-CoreFormsEndUser,MONGOOSE-UG-CoreIDOs,MONGOOSE-LM-MGCoreAutomation,MONGOOSE-LM-MGCoreTrans,MONGOOSE-LM-MGDataViews,MONGOOSE-LM-MGDeveloper,MONGOOSE-LM-MGUserCreatedForms,MONGOOSE-LM-MGUserCreatedIDOs,MONGOOSE-LM-MGPAAS,MONGOOSE-LM-MGM3InterfaceForms,MONGOOSE-LM-MGM3InterfaceIDOs,MONGOOSE-LM-MGAppBuilder,APPBUILDER-Administrator,APPBUILDER-User,APPBUILDER-Designer,LCLLSP-User,LCLLSP-Admin,LCLLSP-PrivilegedUser,LCLLSP-ServiceAdmin,LCLLSP-AppAdmin,LCLLSP-SupAdmin,LCLLSP-StdAdmin,LCLLSP-StdUser,M3A Administrators,M3A Developers,M3A SALES,M3A Procurement,M3A Finance,M3A Production,M3A RENTAL,M3ADISBIRST-Model-Administrator,M3ADISBIRST-Extension-Administrator,M3ADISBIRST-Consumer-Administrator,M3ADISBIRST-User,M3A Warehouse,M3A Default Subject Area,IFSApplicationAdmin,IFS-ShowUserManagementUI,IFS-GroupsAdmin,IFS-GroupsUpdate,IFS-GroupsReadOnlyUser,IFS-ReadOnly,M3MDP-TESTAPI,INBOX-Admin,M3DMP-Contributor,M3UI-Approver,M3A Opportunity Management,IONAPI-Developer,IFSApplicationAdmin,,,,,,,,,,,,,,,,,,,,,,,,,,,,,,,,,,,,,,
RNUYDA,Raymond,Nuyda,raymond.nuyda@infor.com,Consultant,Active,,166a6d0a-f4c8-4212-9314-ba05a790cf85,raymond.nuyda@infor.com,2023-08-25T21:38:24-07:00,2023-09-03T07:35:39-07:00,raymond.nuyda@infor.com,,,,,,,,RNUYDA,USERADMIN,DataAdministrator,Infor-SystemAdministrator,IFS-ExternalEntityAdmin,IFS-ReadOnlyUser,IFS-AuditReportUser,IFS-AuditAdministrator,IFS-MonitorReportUser,IFS-MonitorAdministrator,IFS-PasswordAdmin,MingleEnterprise,Infor-SuiteUser,MingleIONEnabled,MingleAdministrator,MingleDataAdministrator,PORTAL-User,PORTAL-ContentAdministrator,GRID-SystemAdministrator,GRID-Viewer,GRID-Administrator,HOMEPAGES-Administrator,HOMEPAGES-ContentAdministrator,HOMEPAGES-User,HOMEPAGES-ContentSupport,IONDeskSecurityAdmin,IONDeskAdmin,IONContentProvider,IONDeskOAuthGenerator,Mingle-LocatorView,IFSAdminContact,IONAPI-Tracing,IONAPI-User,IONAPI-Administrator,DATALAKE-User,DATALAKE-DataAdministrator,DATALAKE-SystemAdministrator,DECISIONSERVICE-Editor,DECISIONSERVICE-Approver,INBOX-PowerUser,SmartHelpUser,IDM-User,IDM-AdvancedUser,IDM-Administrator,IDM-SuperUser,IDM-RelatedInformationUser,IDM-SignatureUser,GDPR-Collaboration-ChiefDataProtectionOfficer,GDPR-Collaboration-DataProtectionOfficer,GDPR-App-Administrator,DATAFABRIC-SuperAdmin,DATAFABRIC-User,ENTERPRISESEARCH-Admin,ENTERPRISESEARCH-User,ENTERPRISESEARCH-PowerUser,M3EC-Administrator,M3EC-User,M3EC-ClientDesigntime,M3-DLSubscriptionAdmin,M3BE-FATAdmin-Exporter,M3UI-StartPageAdministrator,M3UI-DebugUser,M3UI-Administrator,M3UI-USER,M3UI-Designer,M3BDP-Administrator,M3BDP-USER,MASHUP-Administrator,MASHUP-User,IECEC-Administrator,IECEC-User,M3BE-FATAdmin,M3BE-FndAdmin,M3BE-FndUser,M3BE-ServicesAdmin,M3BE-CryptoAdmin,M3BE-ExtensionsAdmin,M3BE-ExtensionsViewer,M3BE-DBViewer,M3BE-DBAdmin,M3BE-FndFlagAdmin,M3BE-FileViewer,M3BE-FileAdmin,M3BE-ConfigAdmin,M3BE-ConfigUser,M3BE-LogEnabler,M3BE-SystemAdministrator,M3BE-DBAdmin-ReadToken,EVENTHUB-Administrator,EVENTHUB-User,M3MDP-USER,M3CE_About_Viewer,M3ENTERPRISESEARCH-Administrator,IPW-User,Birst-SystemAdministrator,Birst-User,MONGOOSE-UG-CoreFormsAdmin,MONGOOSE-UG-CoreFormsDeveloper,MONGOOSE-UG-CoreFormsEndUser,MONGOOSE-UG-CoreIDOs,MONGOOSE-LM-MGCoreAutomation,MONGOOSE-LM-MGCoreTrans,MONGOOSE-LM-MGDataViews,MONGOOSE-LM-MGDeveloper,MONGOOSE-LM-MGUserCreatedForms,MONGOOSE-LM-MGUserCreatedIDOs,MONGOOSE-LM-MGPAAS,MONGOOSE-LM-MGM3InterfaceForms,MONGOOSE-LM-MGM3InterfaceIDOs,MONGOOSE-LM-MGAppBuilder,APPBUILDER-Administrator,APPBUILDER-User,APPBUILDER-Designer,LCLLSP-User,LCLLSP-Admin,LCLLSP-PrivilegedUser,LCLLSP-ServiceAdmin,LCLLSP-AppAdmin,LCLLSP-SupAdmin,LCLLSP-StdAdmin,LCLLSP-StdUser,M3A Administrators,M3A Developers,M3A Procurement,M3A Finance,M3A Production,M3ADISBIRST-Model-Administrator,M3ADISBIRST-Extension-Administrator,M3ADISBIRST-Consumer-Administrator,M3ADISBIRST-User,M3A Warehouse,M3A Default Subject Area,IFSApplicationAdmin,IFS-ShowUserManagementUI,IFS-GroupsAdmin,IFS-GroupsUpdate,IFS-GroupsReadOnlyUser,IFS-ReadOnly,M3MDP-TESTAPI,INBOX-Admin,M3DMP-Contributor,M3UI-Approver,M3A Opportunity Management,IONAPI-Developer,IFSApplicationAdmin,,,,,,,,,,,,,,,,,,,,,,,,,,,,,,,,,,,,,,,,
MDAMMANN,Morgan,Dammann,morgan@doppiogroup.com,Consultant,Active,,bcb18546-89d3-4793-aa78-897d96f93511,morgan@doppiogroup.com,2023-09-07T08:35:33-07:00,2023-09-07T09:07:57-07:00,morgan@doppiogroup.com,,,,,,,,MDAMMANN,USERADMIN,DataAdministrator,Infor-SystemAdministrator,IFS-ExternalEntityAdmin,IFS-ReadOnlyUser,IFS-AuditReportUser,IFS-AuditAdministrator,IFS-MonitorReportUser,IFS-MonitorAdministrator,IFS-PasswordAdmin,MingleEnterprise,Infor-SuiteUser,MingleIONEnabled,MingleAdministrator,MingleDataAdministrator,PORTAL-User,PORTAL-ContentAdministrator,GRID-SystemAdministrator,GRID-Viewer,GRID-Administrator,HOMEPAGES-Administrator,HOMEPAGES-ContentAdministrator,HOMEPAGES-User,HOMEPAGES-ContentSupport,IONDeskSecurityAdmin,IONDeskAdmin,IONContentProvider,IONDeskOAuthGenerator,Mingle-LocatorView,IFSAdminContact,IONAPI-Tracing,IONAPI-User,IONAPI-Administrator,DATALAKE-User,DATALAKE-DataAdministrator,DATALAKE-SystemAdministrator,DECISIONSERVICE-Editor,DECISIONSERVICE-Approver,INBOX-PowerUser,SmartHelpUser,IDM-User,IDM-AdvancedUser,IDM-Administrator,IDM-SuperUser,IDM-RelatedInformationUser,IDM-SignatureUser,GDPR-Collaboration-ChiefDataProtectionOfficer,GDPR-Collaboration-DataProtectionOfficer,GDPR-App-Administrator,DATAFABRIC-SuperAdmin,DATAFABRIC-User,ENTERPRISESEARCH-Admin,ENTERPRISESEARCH-User,ENTERPRISESEARCH-PowerUser,M3EC-Administrator,M3EC-User,M3EC-ClientDesigntime,M3-DLSubscriptionAdmin,M3BE-FATAdmin-Exporter,M3UI-StartPageAdministrator,M3UI-DebugUser,M3UI-Administrator,M3UI-USER,M3UI-Designer,M3BDP-Administrator,M3BDP-USER,MASHUP-Administrator,MASHUP-User,IECEC-Administrator,IECEC-User,M3BE-FATAdmin,M3BE-FndAdmin,M3BE-FndUser,M3BE-ServicesAdmin,M3BE-CryptoAdmin,M3BE-ExtensionsAdmin,M3BE-ExtensionsViewer,M3BE-DBViewer,M3BE-DBAdmin,M3BE-FndFlagAdmin,M3BE-FileViewer,M3BE-FileAdmin,M3BE-ConfigAdmin,M3BE-ConfigUser,M3BE-LogEnabler,M3BE-SystemAdministrator,M3BE-DBAdmin-ReadToken,EVENTHUB-Administrator,EVENTHUB-User,M3MDP-USER,M3CE_About_Viewer,M3ENTERPRISESEARCH-Administrator,IPW-User,Birst-SystemAdministrator,Birst-User,MONGOOSE-UG-CoreFormsAdmin,MONGOOSE-UG-CoreFormsDeveloper,MONGOOSE-UG-CoreFormsEndUser,MONGOOSE-UG-CoreIDOs,MONGOOSE-LM-MGCoreAutomation,MONGOOSE-LM-MGCoreTrans,MONGOOSE-LM-MGDataViews,MONGOOSE-LM-MGDeveloper,MONGOOSE-LM-MGUserCreatedForms,MONGOOSE-LM-MGUserCreatedIDOs,MONGOOSE-LM-MGPAAS,MONGOOSE-LM-MGM3InterfaceForms,MONGOOSE-LM-MGM3InterfaceIDOs,MONGOOSE-LM-MGAppBuilder,APPBUILDER-Administrator,APPBUILDER-User,APPBUILDER-Designer,LCLLSP-User,LCLLSP-Admin,LCLLSP-PrivilegedUser,LCLLSP-ServiceAdmin,LCLLSP-AppAdmin,LCLLSP-SupAdmin,LCLLSP-StdAdmin,LCLLSP-StdUser,M3A Administrators,M3A Developers,M3A Procurement,M3A Finance,M3A Production,M3ADISBIRST-Model-Administrator,M3ADISBIRST-Extension-Administrator,M3ADISBIRST-Consumer-Administrator,M3ADISBIRST-User,M3A Warehouse,M3A Default Subject Area,IFSApplicationAdmin,IFS-ShowUserManagementUI,IFS-GroupsAdmin,IFS-GroupsUpdate,IFS-GroupsReadOnlyUser,IFS-ReadOnly,M3MDP-TESTAPI,INBOX-Admin,M3DMP-Contributor,M3UI-Approver,M3A Opportunity Management,IONAPI-Developer,IFSApplicationAdmin,,,,,,,,,,,,,,,,,,,,,,,,,,,,,,,,,,,,,,,,
EPRONOVOST,Eric,Pronovost,eric@doppiogroup.com,Mr,Active,,7bb747d5-476f-4a17-b086-43ca0f55d522,eric@doppiogroup.com,2023-09-07T09:40:34-07:00,2026-08-27T11:32:40-07:00,eric@doppiogroup.com,,,,,,,,EPRONOVOST,USERADMIN,DataAdministrator,Infor-SystemAdministrator,IFS-ExternalEntityAdmin,IFS-ReadOnlyUser,IFS-AuditReportUser,IFS-AuditAdministrator,IFS-MonitorReportUser,IFS-MonitorAdministrator,IFS-PasswordAdmin,MingleEnterprise,Infor-SuiteUser,MingleIONEnabled,MingleAdministrator,MingleDataAdministrator,PORTAL-User,PORTAL-ContentAdministrator,GRID-SystemAdministrator,GRID-Viewer,GRID-Administrator,HOMEPAGES-Administrator,HOMEPAGES-ContentAdministrator,HOMEPAGES-User,HOMEPAGES-ContentSupport,IONDeskSecurityAdmin,IONDeskAdmin,IONContentProvider,IONDeskOAuthGenerator,Mingle-LocatorView,IFSAdminContact,IONAPI-Tracing,IONAPI-User,IONAPI-Administrator,DATALAKE-User,DATALAKE-DataAdministrator,DATALAKE-SystemAdministrator,DECISIONSERVICE-Editor,DECISIONSERVICE-Approver,INBOX-PowerUser,SmartHelpUser,IDM-User,IDM-AdvancedUser,IDM-Administrator,IDM-SuperUser,IDM-RelatedInformationUser,IDM-SignatureUser,GDPR-Collaboration-ChiefDataProtectionOfficer,GDPR-Collaboration-DataProtectionOfficer,GDPR-App-Administrator,DATAFABRIC-SuperAdmin,DATAFABRIC-User,ENTERPRISESEARCH-Admin,ENTERPRISESEARCH-User,ENTERPRISESEARCH-PowerUser,M3EC-Administrator,M3EC-User,M3EC-ClientDesigntime,M3-DLSubscriptionAdmin,M3BE-FATAdmin-Exporter,M3UI-StartPageAdministrator,M3UI-DebugUser,M3UI-Administrator,M3UI-USER,M3UI-Designer,M3BDP-Administrator,M3BDP-USER,MASHUP-Administrator,MASHUP-User,IECEC-Administrator,IECEC-User,M3BE-FATAdmin,M3BE-FndAdmin,M3BE-FndUser,M3BE-ServicesAdmin,M3BE-CryptoAdmin,M3BE-ExtensionsAdmin,M3BE-ExtensionsViewer,M3BE-DBViewer,M3BE-DBAdmin,M3BE-FndFlagAdmin,M3BE-FileViewer,M3BE-FileAdmin,M3BE-ConfigAdmin,M3BE-ConfigUser,M3BE-LogEnabler,M3BE-SystemAdministrator,M3BE-DBAdmin-ReadToken,EVENTHUB-Administrator,EVENTHUB-User,M3MDP-USER,M3CE_About_Viewer,M3ENTERPRISESEARCH-Administrator,IPW-User,Birst-SystemAdministrator,Birst-User,MONGOOSE-UG-CoreFormsAdmin,MONGOOSE-UG-CoreFormsDeveloper,MONGOOSE-UG-CoreFormsEndUser,MONGOOSE-UG-CoreIDOs,MONGOOSE-LM-MGCoreAutomation,MONGOOSE-LM-MGCoreTrans,MONGOOSE-LM-MGDataViews,MONGOOSE-LM-MGDeveloper,MONGOOSE-LM-MGUserCreatedForms,MONGOOSE-LM-MGUserCreatedIDOs,MONGOOSE-LM-MGPAAS,MONGOOSE-LM-MGM3InterfaceForms,MONGOOSE-LM-MGM3InterfaceIDOs,MONGOOSE-LM-MGAppBuilder,APPBUILDER-Administrator,APPBUILDER-User,APPBUILDER-Designer,LCLLSP-User,LCLLSP-Admin,LCLLSP-PrivilegedUser,LCLLSP-ServiceAdmin,LCLLSP-AppAdmin,LCLLSP-SupAdmin,LCLLSP-StdAdmin,LCLLSP-StdUser,M3A Administrators,M3A Developers,M3A Procurement,M3A Finance,M3A Production,M3ADISBIRST-Model-Administrator,M3ADISBIRST-Extension-Administrator,M3ADISBIRST-Consumer-Administrator,M3ADISBIRST-User,M3A Warehouse,M3A Default Subject Area,IFSApplicationAdmin,IFS-ShowUserManagementUI,IFS-GroupsAdmin,IFS-GroupsUpdate,IFS-GroupsReadOnlyUser,IFS-ReadOnly,M3MDP-TESTAPI,INBOX-Admin,M3DMP-Contributor,M3UI-Approver,M3A Opportunity Management,IONAPI-Developer,IFSApplicationAdmin,,,,,,,,,,,,,,,,,,,,,,,,,,,,,,,,,,,,,,,,
NSAFDARY,Naveed,Safdary,Naveed.safdary@chcheli.com,"System Engineer, IT",Active,,58963da7-649f-4100-9449-f6ef71266208,Naveed.safdary@chcheli.com,2023-09-19T11:13:11-07:00,2023-09-19T21:14:11-07:00,Naveed.safdary@chcheli.com,,,,,,,,NSAFDARY,USERADMIN,DataAdministrator,Infor-SystemAdministrator,IFS-ExternalEntityAdmin,IFS-AuditAdministrator,IFS-MonitorAdministrator,IFS-PasswordAdmin,MingleEnterprise,Infor-SuiteUser,MingleIONEnabled,MingleAdministrator,MingleDataAdministrator,PORTAL-ContentAdministrator,GRID-SystemAdministrator,GRID-Viewer,GRID-Administrator,HOMEPAGES-Administrator,HOMEPAGES-ContentAdministrator,HOMEPAGES-User,HOMEPAGES-ContentSupport,IONDeskSecurityAdmin,IONDeskAdmin,IFSAdminContact,IONAPI-Administrator,DATALAKE-DataAdministrator,DATALAKE-SystemAdministrator,IDM-User,IDM-Administrator,IDM-SuperUser,IDM-RelatedInformationUser,GDPR-App-Administrator,DATAFABRIC-SuperAdmin,ENTERPRISESEARCH-Admin,M3EC-Administrator,M3-DLSubscriptionAdmin,M3BE-FATAdmin-Exporter,M3UI-StartPageAdministrator,M3UI-Administrator,M3UI-USER,M3BDP-Administrator,MASHUP-Administrator,MASHUP-User,IECEC-Administrator,M3BE-FATAdmin,M3BE-FndAdmin,M3BE-ServicesAdmin,M3BE-CryptoAdmin,M3BE-ExtensionsAdmin,M3BE-DBViewer,M3BE-DBAdmin,M3BE-FndFlagAdmin,M3BE-FileAdmin,M3BE-ConfigAdmin,M3BE-SystemAdministrator,M3BE-DBAdmin-ReadToken,EVENTHUB-Administrator,M3ENTERPRISESEARCH-Administrator,Birst-SystemAdministrator,MONGOOSE-UG-CoreFormsAdmin,APPBUILDER-Administrator,LCLLSP-Admin,LCLLSP-ServiceAdmin,LCLLSP-AppAdmin,LCLLSP-SupAdmin,LCLLSP-StdAdmin,M3A Administrators,M3ADISBIRST-Model-Administrator,M3ADISBIRST-Extension-Administrator,M3ADISBIRST-Consumer-Administrator,IFSApplicationAdmin,IFS-GroupsAdmin,INBOX-Admin,IFSApplicationAdmin,,,,,,,,,,,,,,,,,,,,,,,,,,,,,,,,,,,,,,,,,,,,,,,,,,,,,,,,,,,,,,,,,,,,,,,,,,,,,,,,,,,,,,,,,,,,,,,,,,,,,,,,,,,,,,,
MRAMOS,Marc,Ramos,marc@doppiogroup.com,Consultant,Active,,ce5877ab-af51-45ad-8022-8e46ab95ace4,marc@doppiogroup.com,2023-10-05T08:34:02-07:00,2026-03-06T13:11:24-08:00,marc@doppiogroup.com,,,,,,,,MRAMOS,USERADMIN,DataAdministrator,Infor-SystemAdministrator,IFS-ExternalEntityAdmin,IFS-ReadOnlyUser,IFS-AuditReportUser,IFS-AuditAdministrator,IFS-MonitorReportUser,IFS-MonitorAdministrator,IFS-PasswordAdmin,MingleEnterprise,Infor-SuiteUser,MingleIONEnabled,MingleAdministrator,MingleDataAdministrator,PORTAL-User,PORTAL-ContentAdministrator,GRID-SystemAdministrator,GRID-Viewer,GRID-Administrator,HOMEPAGES-Administrator,HOMEPAGES-ContentAdministrator,HOMEPAGES-User,HOMEPAGES-ContentSupport,IONDeskSecurityAdmin,IONDeskAdmin,IONContentProvider,IONDeskOAuthGenerator,Mingle-LocatorView,IFSAdminContact,IONAPI-Tracing,IONAPI-User,IONAPI-Administrator,DATALAKE-User,DATALAKE-DataAdministrator,DATALAKE-SystemAdministrator,DECISIONSERVICE-Editor,DECISIONSERVICE-Approver,INBOX-PowerUser,SmartHelpUser,IDM-User,IDM-AdvancedUser,IDM-Administrator,IDM-SuperUser,IDM-RelatedInformationUser,IDM-SignatureUser,GDPR-Collaboration-ChiefDataProtectionOfficer,GDPR-Collaboration-DataProtectionOfficer,GDPR-App-Administrator,DATAFABRIC-SuperAdmin,DATAFABRIC-User,ENTERPRISESEARCH-Admin,ENTERPRISESEARCH-User,ENTERPRISESEARCH-PowerUser,M3EC-Administrator,M3EC-User,M3EC-ClientDesigntime,M3-DLSubscriptionAdmin,M3BE-FATAdmin-Exporter,M3UI-StartPageAdministrator,M3UI-DebugUser,M3UI-Administrator,M3UI-USER,M3UI-Designer,M3BDP-Administrator,M3BDP-USER,MASHUP-Administrator,MASHUP-User,IECEC-Administrator,IECEC-User,M3BE-FATAdmin,M3BE-FndAdmin,M3BE-FndUser,M3BE-ServicesAdmin,M3BE-CryptoAdmin,M3BE-ExtensionsAdmin,M3BE-ExtensionsViewer,M3BE-DBViewer,M3BE-DBAdmin,M3BE-FndFlagAdmin,M3BE-FileViewer,M3BE-FileAdmin,M3BE-ConfigAdmin,M3BE-ConfigUser,M3BE-LogEnabler,M3BE-SystemAdministrator,M3BE-DBAdmin-ReadToken,EVENTHUB-Administrator,EVENTHUB-User,M3MDP-USER,M3CE_About_Viewer,M3ENTERPRISESEARCH-Administrator,IPW-User,Birst-SystemAdministrator,Birst-User,MONGOOSE-UG-CoreFormsAdmin,MONGOOSE-UG-CoreFormsDeveloper,MONGOOSE-UG-CoreFormsEndUser,MONGOOSE-UG-CoreIDOs,MONGOOSE-LM-MGCoreAutomation,MONGOOSE-LM-MGCoreTrans,MONGOOSE-LM-MGDataViews,MONGOOSE-LM-MGDeveloper,MONGOOSE-LM-MGUserCreatedForms,MONGOOSE-LM-MGUserCreatedIDOs,MONGOOSE-LM-MGPAAS,MONGOOSE-LM-MGM3InterfaceForms,MONGOOSE-LM-MGM3InterfaceIDOs,MONGOOSE-LM-MGAppBuilder,APPBUILDER-Administrator,APPBUILDER-User,APPBUILDER-Designer,LCLLSP-User,LCLLSP-Admin,LCLLSP-PrivilegedUser,LCLLSP-ServiceAdmin,LCLLSP-AppAdmin,LCLLSP-SupAdmin,LCLLSP-StdAdmin,LCLLSP-StdUser,M3A Administrators,M3A Developers,M3A Procurement,M3A Finance,M3A Production,M3ADISBIRST-Model-Administrator,M3ADISBIRST-Extension-Administrator,M3ADISBIRST-Consumer-Administrator,M3ADISBIRST-User,M3A Warehouse,M3A Default Subject Area,IFSApplicationAdmin,IFS-ShowUserManagementUI,IFS-GroupsAdmin,IFS-GroupsUpdate,IFS-GroupsReadOnlyUser,IFS-ReadOnly,M3MDP-TESTAPI,INBOX-Admin,M3DMP-Contributor,M3UI-Approver,M3A Opportunity Management,IONAPI-Developer,M3CPW-User,IAD-DataMaintainer,IAD-Designer,IAD-Publisher,IAD-TemplateBuilder,M3ACM-User,M3ACM-Viewer,IPI-ModelerAdmin,IPI-ModelerViewer,IPI-ModelerDesigner,PORTAL-ContentPublisher,M3BE-PowerUser,M3BE-LicenseType1,M3BE-LicenseType2,M3BE-LicenseType3,M3BE-LicenseType6-FT,M3BE-LicenseType6-SHUB,M3HealthService-Administrator,IONAPI-BaaS-Administrator,IONAPI-BaaS-DataAdministrator,IONAPI-BaaS-Developer,IONAPI-BaaS-User,M3BE-DBUpdater,DATAFABRIC-HealthServiceAdmin,PORTAL-AnnouncementAdministrator,M3BE-DBAdmin-PrdToken,M3BE-LicenseType4,SMARTHELP-Administrator,IFSApplicationAdmin,,,,,,,,,,,,
RHALILI,Romel,Halili,romel.halili@chcheli.com,Global SDM,Active,,9083fcca-a340-475f-967f-46b4703c47ff,romel.halili@chcheli.com,2023-10-19T13:22:36-07:00,2026-04-24T14:31:33-07:00,romel.halili@chcheli.com,,,,,,,,RHALILI,MingleEnterprise,Infor-SuiteUser,MingleIONEnabled,HOMEPAGES-User,IDM-User,IDM-RelatedInformationUser,M3UI-USER,MASHUP-User,SRAPS111CLRW,,,,,,,,,,,,,,,,,,,,,,,,,,,,,,,,,,,,,,,,,,,,,,,,,,,,,,,,,,,,,,,,,,,,,,,,,,,,,,,,,,,,,,,,,,,,,,,,,,,,,,,,,,,,,,,,,,,,,,,,,,,,,,,,,,,,,,,,,,,,,,,,,,,,,,,,,,,,,,,,,,,,,,,,,,,,,,,
CWASKEY,Charles,Waskey,charlie.waskey@chcheli.com,Controller,Active,,1a592e57-d2db-455f-9a93-80401297adec,charlie.waskey@chcheli.com,2023-11-13T12:10:43-08:00,,charlie.waskey@chcheli.com,,,,,,,,CWASKEY,MingleEnterprise,Infor-SuiteUser,MingleIONEnabled,HOMEPAGES-User,IDM-User,IDM-RelatedInformationUser,M3UI-USER,MASHUP-User,,,,,,,,,,,,,,,,,,,,,,,,,,,,,,,,,,,,,,,,,,,,,,,,,,,,,,,,,,,,,,,,,,,,,,,,,,,,,,,,,,,,,,,,,,,,,,,,,,,,,,,,,,,,,,,,,,,,,,,,,,,,,,,,,,,,,,,,,,,,,,,,,,,,,,,,,,,,,,,,,,,,,,,,,,,,,,,,
ABALDONADO,Angelica,Baldonado,Angelica.Baldonado@chcheli.com,Sr accounting manager,Active,,135dcd3d-de76-46ae-bd33-78fb55d87bc2,Angelica.Baldonado@chcheli.com,2023-11-13T12:10:56-08:00,2026-06-26T13:04:50-07:00,Angelica.Baldonado@chcheli.com,,,,,,,,ABALDONADO,MingleEnterprise,Infor-SuiteUser,MingleIONEnabled,HOMEPAGES-User,DATALAKE-User,IDM-User,IDM-RelatedInformationUser,M3UI-USER,MASHUP-User,M3A Finance,,,,,,,,,,,,,,,,,,,,,,,,,,,,,,,,,,,,,,,,,,,,,,,,,,,,,,,,,,,,,,,,,,,,,,,,,,,,,,,,,,,,,,,,,,,,,,,,,,,,,,,,,,,,,,,,,,,,,,,,,,,,,,,,,,,,,,,,,,,,,,,,,,,,,,,,,,,,,,,,,,,,,,,,,,,,,,
JOLIN,Johnny,Lin,Johnny.Lin@chcheli.com,Director Corporate FP&A,Active,,de3e3ca0-997d-4f05-b8cc-0252e8538664,Johnny.Lin@chcheli.com,2023-11-13T14:57:03-08:00,2023-11-22T08:36:46-08:00,Johnny.Lin@chcheli.com,,,,,,,,JOLIN,MingleEnterprise,Infor-SuiteUser,MingleIONEnabled,HOMEPAGES-User,IDM-User,IDM-RelatedInformationUser,M3UI-USER,MASHUP-User,,,,,,,,,,,,,,,,,,,,,,,,,,,,,,,,,,,,,,,,,,,,,,,,,,,,,,,,,,,,,,,,,,,,,,,,,,,,,,,,,,,,,,,,,,,,,,,,,,,,,,,,,,,,,,,,,,,,,,,,,,,,,,,,,,,,,,,,,,,,,,,,,,,,,,,,,,,,,,,,,,,,,,,,,,,,,,,,
SGANDHIR,Sorabh,Gandhir,Sorabh.Gandhir@chcheli.com,,Active,,339a6c17-df79-477a-be0b-80d320c1b785,Sorabh.Gandhir@chcheli.com,2023-11-13T14:57:03-08:00,2024-08-02T06:32:01-07:00,Sorabh.Gandhir@chcheli.com,,,,,,,,SGANDHIR,MingleEnterprise,Infor-SuiteUser,MingleIONEnabled,HOMEPAGES-User,IDM-User,IDM-RelatedInformationUser,M3UI-USER,MASHUP-User,,,,,,,,,,,,,,,,,,,,,,,,,,,,,,,,,,,,,,,,,,,,,,,,,,,,,,,,,,,,,,,,,,,,,,,,,,,,,,,,,,,,,,,,,,,,,,,,,,,,,,,,,,,,,,,,,,,,,,,,,,,,,,,,,,,,,,,,,,,,,,,,,,,,,,,,,,,,,,,,,,,,,,,,,,,,,,,,
EMITCHELL,Elaine,Mitchell,Elaine.Mitchell@chcheli.com,AP Manager,Active,,8e3295f8-5c7f-4213-8cd1-b3df4221e6c9,Elaine.Mitchell@chcheli.com,2023-11-13T14:57:03-08:00,2024-09-16T08:39:13-07:00,Elaine.Mitchell@chcheli.com,,,,,,,,EMITCHELL,MingleEnterprise,Infor-SuiteUser,MingleIONEnabled,HOMEPAGES-User,IDM-User,IDM-RelatedInformationUser,M3UI-USER,MASHUP-User,,,,,,,,,,,,,,,,,,,,,,,,,,,,,,,,,,,,,,,,,,,,,,,,,,,,,,,,,,,,,,,,,,,,,,,,,,,,,,,,,,,,,,,,,,,,,,,,,,,,,,,,,,,,,,,,,,,,,,,,,,,,,,,,,,,,,,,,,,,,,,,,,,,,,,,,,,,,,,,,,,,,,,,,,,,,,,,,
DANMACLEAN,Daniel,Maclean,Daniel.MacLean@chcheli.com,Accountant,Active,,ddcbf991-a1d7-40f3-9000-074cb8edad2b,Daniel.MacLean@chcheli.com,2023-11-13T14:57:03-08:00,2026-06-05T07:25:40-07:00,Daniel.MacLean@chcheli.com,,,,,,,,DANMACLEAN,MingleEnterprise,Infor-SuiteUser,MingleIONEnabled,HOMEPAGES-User,IDM-User,IDM-RelatedInformationUser,M3UI-USER,MASHUP-User,,,,,,,,,,,,,,,,,,,,,,,,,,,,,,,,,,,,,,,,,,,,,,,,,,,,,,,,,,,,,,,,,,,,,,,,,,,,,,,,,,,,,,,,,,,,,,,,,,,,,,,,,,,,,,,,,,,,,,,,,,,,,,,,,,,,,,,,,,,,,,,,,,,,,,,,,,,,,,,,,,,,,,,,,,,,,,,,
f520c808-3872-406a-a197-d40b5956c8cc,stephan,King,Stephan.King@chcheli.com,"Director, IT",Removed,,f520c808-3872-406a-a197-d40b5956c8cc,Stephan.King@chcheli.com,2023-11-13T15:14:08-08:00,2023-12-07T13:26:32-08:00,Stephan.King@chcheli.com,,,,,,,,SKING,MingleEnterprise,Infor-SuiteUser,MingleIONEnabled,GRID-Viewer,HOMEPAGES-User,IDM-User,IDM-AdvancedUser,IDM-SuperUser,IDM-RelatedInformationUser,M3UI-USER,MASHUP-User,Birst-User,M3A SALES,M3A Procurement,M3A Finance,M3A Production,M3ADISBIRST-User,,,,,,,,,,,,,,,,,,,,,,,,,,,,,,,,,,,,,,,,,,,,,,,,,,,,,,,,,,,,,,,,,,,,,,,,,,,,,,,,,,,,,,,,,,,,,,,,,,,,,,,,,,,,,,,,,,,,,,,,,,,,,,,,,,,,,,,,,,,,,,,,,,,,,,,,,,,,,,,,,,,,,,,
606230c6-ae97-4549-a393-83ab9a47f4b4,Lina,Plata,lina.plata@chcheli.com,IT Project Manager,Removed,,606230c6-ae97-4549-a393-83ab9a47f4b4,lina.plata@chcheli.com,2023-11-21T14:48:59-08:00,2023-11-23T12:19:08-08:00,lina.plata@chcheli.com,,,,,,,,LPLATA,MingleEnterprise,Infor-SuiteUser,MingleIONEnabled,HOMEPAGES-User,IDM-User,IDM-RelatedInformationUser,M3UI-USER,MASHUP-User,,,,,,,,,,,,,,,,,,,,,,,,,,,,,,,,,,,,,,,,,,,,,,,,,,,,,,,,,,,,,,,,,,,,,,,,,,,,,,,,,,,,,,,,,,,,,,,,,,,,,,,,,,,,,,,,,,,,,,,,,,,,,,,,,,,,,,,,,,,,,,,,,,,,,,,,,,,,,,,,,,,,,,,,,,,,,,,,
DGLENNIE,David,Glennie,david.glennie@chcheli.com,Mr,Active,,5fab74f8-4778-4e84-a1b4-dbd331a0eada,david.glennie@chcheli.com,2023-11-22T08:42:34-08:00,2026-04-22T06:17:25-07:00,david.glennie@chcheli.com,,,,,,,,DGLENNIE,MingleEnterprise,Infor-SuiteUser,MingleIONEnabled,HOMEPAGES-User,IDM-User,IDM-RelatedInformationUser,M3UI-USER,MASHUP-User,,,,,,,,,,,,,,,,,,,,,,,,,,,,,,,,,,,,,,,,,,,,,,,,,,,,,,,,,,,,,,,,,,,,,,,,,,,,,,,,,,,,,,,,,,,,,,,,,,,,,,,,,,,,,,,,,,,,,,,,,,,,,,,,,,,,,,,,,,,,,,,,,,,,,,,,,,,,,,,,,,,,,,,,,,,,,,,,
07503949-6f5d-46b5-8461-b08ee2a1991c,Girish,Hosamani,girish@doppiogroup.com,Senior Technical Consultant,Active,,07503949-6f5d-46b5-8461-b08ee2a1991c,girish@doppiogroup.com,2024-01-11T14:16:17-08:00,2024-10-09T07:31:59-07:00,girish@doppiogroup.com,,,,,,,,GHOSAMANI,USERADMIN,DataAdministrator,Infor-SystemAdministrator,IFS-ExternalEntityAdmin,IFS-ReadOnlyUser,IFS-AuditReportUser,IFS-AuditAdministrator,IFS-MonitorReportUser,IFS-MonitorAdministrator,IFS-PasswordAdmin,MingleEnterprise,Infor-SuiteUser,MingleIONEnabled,MingleAdministrator,MingleDataAdministrator,PORTAL-User,PORTAL-ContentAdministrator,GRID-SystemAdministrator,GRID-Viewer,GRID-Administrator,HOMEPAGES-Administrator,HOMEPAGES-ContentAdministrator,HOMEPAGES-User,HOMEPAGES-ContentSupport,IONDeskSecurityAdmin,IONDeskAdmin,IONContentProvider,IONDeskOAuthGenerator,Mingle-LocatorView,IFSAdminContact,IONAPI-Tracing,IONAPI-User,IONAPI-Administrator,DATALAKE-User,DATALAKE-DataAdministrator,DATALAKE-SystemAdministrator,DECISIONSERVICE-Editor,DECISIONSERVICE-Approver,INBOX-PowerUser,SmartHelpUser,IDM-User,IDM-AdvancedUser,IDM-Administrator,IDM-SuperUser,IDM-RelatedInformationUser,IDM-SignatureUser,GDPR-Collaboration-ChiefDataProtectionOfficer,GDPR-Collaboration-DataProtectionOfficer,GDPR-App-Administrator,DATAFABRIC-SuperAdmin,DATAFABRIC-User,ENTERPRISESEARCH-Admin,ENTERPRISESEARCH-User,ENTERPRISESEARCH-PowerUser,M3EC-Administrator,M3EC-User,M3EC-ClientDesigntime,M3-DLSubscriptionAdmin,M3BE-FATAdmin-Exporter,M3UI-StartPageAdministrator,M3UI-DebugUser,M3UI-Administrator,M3UI-USER,M3UI-Designer,M3BDP-Administrator,M3BDP-USER,MASHUP-Administrator,MASHUP-User,IECEC-Administrator,IECEC-User,M3BE-FATAdmin,M3BE-FndAdmin,M3BE-FndUser,M3BE-ServicesAdmin,M3BE-CryptoAdmin,M3BE-ExtensionsAdmin,M3BE-ExtensionsViewer,M3BE-DBViewer,M3BE-DBAdmin,M3BE-FndFlagAdmin,M3BE-FileViewer,M3BE-FileAdmin,M3BE-ConfigAdmin,M3BE-ConfigUser,M3BE-LogEnabler,M3BE-SystemAdministrator,M3BE-DBAdmin-ReadToken,EVENTHUB-Administrator,EVENTHUB-User,M3MDP-USER,M3CE_About_Viewer,M3ENTERPRISESEARCH-Administrator,IPW-User,Birst-SystemAdministrator,Birst-User,MONGOOSE-UG-CoreFormsAdmin,MONGOOSE-UG-CoreFormsDeveloper,MONGOOSE-UG-CoreFormsEndUser,MONGOOSE-UG-CoreIDOs,MONGOOSE-LM-MGCoreAutomation,MONGOOSE-LM-MGCoreTrans,MONGOOSE-LM-MGDataViews,MONGOOSE-LM-MGDeveloper,MONGOOSE-LM-MGUserCreatedForms,MONGOOSE-LM-MGUserCreatedIDOs,MONGOOSE-LM-MGPAAS,MONGOOSE-LM-MGM3InterfaceForms,MONGOOSE-LM-MGM3InterfaceIDOs,MONGOOSE-LM-MGAppBuilder,APPBUILDER-Administrator,APPBUILDER-User,APPBUILDER-Designer,LCLLSP-User,LCLLSP-Admin,LCLLSP-PrivilegedUser,LCLLSP-ServiceAdmin,LCLLSP-AppAdmin,LCLLSP-SupAdmin,LCLLSP-StdAdmin,LCLLSP-StdUser,M3A Administrators,M3A Developers,M3A Procurement,M3A Finance,M3A Production,M3ADISBIRST-Model-Administrator,M3ADISBIRST-Extension-Administrator,M3ADISBIRST-Consumer-Administrator,M3ADISBIRST-User,M3A Warehouse,M3A Default Subject Area,IFSApplicationAdmin,IFS-ShowUserManagementUI,IFS-GroupsAdmin,IFS-GroupsUpdate,IFS-GroupsReadOnlyUser,IFS-ReadOnly,M3MDP-TESTAPI,INBOX-Admin,M3DMP-Contributor,M3UI-Approver,M3A Opportunity Management,IONAPI-Developer,M3CPW-User,IAD-DataMaintainer,IAD-Designer,IAD-Publisher,IAD-TemplateBuilder,M3ACM-User,M3ACM-Viewer,IPI-ModelerAdmin,IPI-ModelerViewer,IPI-ModelerDesigner,PORTAL-ContentPublisher,M3BE-PowerUser,M3BE-LicenseType1,M3BE-LicenseType2,M3BE-LicenseType3,M3BE-LicenseType6-FT,M3BE-LicenseType6-SHUB,IFSApplicationAdmin,,,,,,,,,,,,,,,,,,,,,,,
NPARK,NICOLA,WATSON,nicola.watson@chcheli.com,MRS,Active,,2385f62d-69c8-4c42-9132-8c2ce8979fe9,nicola.watson@chcheli.com,2024-03-12T06:47:40-07:00,2026-08-26T04:33:55-07:00,nicola.watson@chcheli.com,,,,,,,,NPARK,MingleEnterprise,Infor-SuiteUser,MingleIONEnabled,HOMEPAGES-User,IDM-User,IDM-RelatedInformationUser,M3UI-USER,MASHUP-User,,,,,,,,,,,,,,,,,,,,,,,,,,,,,,,,,,,,,,,,,,,,,,,,,,,,,,,,,,,,,,,,,,,,,,,,,,,,,,,,,,,,,,,,,,,,,,,,,,,,,,,,,,,,,,,,,,,,,,,,,,,,,,,,,,,,,,,,,,,,,,,,,,,,,,,,,,,,,,,,,,,,,,,,,,,,,,,,
827a3264-e563-4b82-a27d-fcf01e57897f,Ellen,Asbjørnsen,ellen.asbjornsen@chcheli.com,Senior accountant,Active,,827a3264-e563-4b82-a27d-fcf01e57897f,ellen.asbjornsen@chcheli.com,2024-03-12T06:47:40-07:00,2024-03-13T00:41:12-07:00,ellen.asbjornsen@chcheli.com,,,,,,,,EASBJORN,MingleEnterprise,Infor-SuiteUser,MingleIONEnabled,HOMEPAGES-User,IDM-User,IDM-RelatedInformationUser,M3UI-USER,MASHUP-User,,,,,,,,,,,,,,,,,,,,,,,,,,,,,,,,,,,,,,,,,,,,,,,,,,,,,,,,,,,,,,,,,,,,,,,,,,,,,,,,,,,,,,,,,,,,,,,,,,,,,,,,,,,,,,,,,,,,,,,,,,,,,,,,,,,,,,,,,,,,,,,,,,,,,,,,,,,,,,,,,,,,,,,,,,,,,,,,
f6ab46bc-470f-47e1-b566-92382052bb51,Aleksander,Sirnes,aleksander.sirnes@chcheli.com,,Active,,f6ab46bc-470f-47e1-b566-92382052bb51,aleksander.sirnes@chcheli.com,2024-03-12T06:47:40-07:00,,aleksander.sirnes@chcheli.com,,,,,,,,ASIRNES,MingleEnterprise,Infor-SuiteUser,MingleIONEnabled,HOMEPAGES-User,IDM-User,IDM-RelatedInformationUser,M3UI-USER,MASHUP-User,,,,,,,,,,,,,,,,,,,,,,,,,,,,,,,,,,,,,,,,,,,,,,,,,,,,,,,,,,,,,,,,,,,,,,,,,,,,,,,,,,,,,,,,,,,,,,,,,,,,,,,,,,,,,,,,,,,,,,,,,,,,,,,,,,,,,,,,,,,,,,,,,,,,,,,,,,,,,,,,,,,,,,,,,,,,,,,,
1c5ddd7b-9f82-4146-814c-5c598e53544f,Anna,Kot,anna.kot@chcheli.com,,Removed,,1c5ddd7b-9f82-4146-814c-5c598e53544f,anna.kot@chcheli.com,2024-03-12T06:47:40-07:00,,anna.kot@chcheli.com,,,,,,,,,MingleEnterprise,Infor-SuiteUser,MingleIONEnabled,HOMEPAGES-User,IDM-User,IDM-RelatedInformationUser,M3UI-USER,MASHUP-User,,,,,,,,,,,,,,,,,,,,,,,,,,,,,,,,,,,,,,,,,,,,,,,,,,,,,,,,,,,,,,,,,,,,,,,,,,,,,,,,,,,,,,,,,,,,,,,,,,,,,,,,,,,,,,,,,,,,,,,,,,,,,,,,,,,,,,,,,,,,,,,,,,,,,,,,,,,,,,,,,,,,,,,,,,,,,,,,
JGUDMESTAD,Jorunn,Gudmestad,jorunn.gudmestad@chcheli.com,Economy Accountant,Active,,90315e32-78d6-4ef3-8995-f74068a73bbd,jorunn.gudmestad@chcheli.com,2024-03-12T06:47:41-07:00,2024-03-13T00:58:43-07:00,jorunn.gudmestad@chcheli.com,,,,,,,,JGUDMESTAD,MingleEnterprise,Infor-SuiteUser,MingleIONEnabled,HOMEPAGES-User,IDM-User,IDM-RelatedInformationUser,M3UI-USER,MASHUP-User,,,,,,,,,,,,,,,,,,,,,,,,,,,,,,,,,,,,,,,,,,,,,,,,,,,,,,,,,,,,,,,,,,,,,,,,,,,,,,,,,,,,,,,,,,,,,,,,,,,,,,,,,,,,,,,,,,,,,,,,,,,,,,,,,,,,,,,,,,,,,,,,,,,,,,,,,,,,,,,,,,,,,,,,,,,,,,,,
EICAMPBE,Eilidh,Campbell,Eilidh.Campbell@chcheli.com,Miss,Active,,cdf073c1-56de-41b2-ac26-b1716434be7f,Eilidh.Campbell@chcheli.com,2024-03-12T06:48:09-07:00,2026-04-22T06:33:59-07:00,Eilidh.Campbell@chcheli.com,,,,,,,,EICAMPBE,MingleEnterprise,Infor-SuiteUser,MingleIONEnabled,HOMEPAGES-User,IDM-User,IDM-RelatedInformationUser,M3UI-USER,MASHUP-User,,,,,,,,,,,,,,,,,,,,,,,,,,,,,,,,,,,,,,,,,,,,,,,,,,,,,,,,,,,,,,,,,,,,,,,,,,,,,,,,,,,,,,,,,,,,,,,,,,,,,,,,,,,,,,,,,,,,,,,,,,,,,,,,,,,,,,,,,,,,,,,,,,,,,,,,,,,,,,,,,,,,,,,,,,,,,,,,
1ef54bf3-31a7-47d9-9db7-483fa870a7cc,Karen,Pahamtang,karen.pahamtang@chcheli.com,Ms,Active,,1ef54bf3-31a7-47d9-9db7-483fa870a7cc,karen.pahamtang@chcheli.com,2024-03-12T06:48:59-07:00,2024-07-22T02:13:18-07:00,karen.pahamtang@chcheli.com,,,,,,,,KPAHAMTA,MingleEnterprise,Infor-SuiteUser,MingleIONEnabled,HOMEPAGES-User,IONAPI-User,IDM-User,IDM-RelatedInformationUser,M3UI-USER,MASHUP-User,M3A Finance,,,,,,,,,,,,,,,,,,,,,,,,,,,,,,,,,,,,,,,,,,,,,,,,,,,,,,,,,,,,,,,,,,,,,,,,,,,,,,,,,,,,,,,,,,,,,,,,,,,,,,,,,,,,,,,,,,,,,,,,,,,,,,,,,,,,,,,,,,,,,,,,,,,,,,,,,,,,,,,,,,,,,,,,,,,,,,
MAJONES,Mariscia,Jones,mariscia.jones@chcheli.com,AP Manager,Active,,22645923-948a-4ca5-ab93-a60f66b40b89,mariscia.jones@chcheli.com,2024-03-12T06:52:54-07:00,2026-08-12T12:36:53-07:00,mariscia.jones@chcheli.com,,,,,,,,MAJONES,MingleEnterprise,Infor-SuiteUser,MingleIONEnabled,HOMEPAGES-User,IDM-User,IDM-RelatedInformationUser,M3UI-USER,MASHUP-User,DocBits-User,,,,,,,,,,,,,,,,,,,,,,,,,,,,,,,,,,,,,,,,,,,,,,,,,,,,,,,,,,,,,,,,,,,,,,,,,,,,,,,,,,,,,,,,,,,,,,,,,,,,,,,,,,,,,,,,,,,,,,,,,,,,,,,,,,,,,,,,,,,,,,,,,,,,,,,,,,,,,,,,,,,,,,,,,,,,,,,
AKOT,Anna,Kot,anna.kot@heli-one.com,,Active,,a235484c-1195-4b09-900b-cf4907771273,anna.kot@heli-one.com,2024-03-19T11:23:53-07:00,2024-09-17T07:23:58-07:00,anna.kot@heli-one.com,,,,,,,,AKOT,MingleEnterprise,Infor-SuiteUser,MingleIONEnabled,HOMEPAGES-User,IDM-User,IDM-RelatedInformationUser,M3UI-USER,MASHUP-User,,,,,,,,,,,,,,,,,,,,,,,,,,,,,,,,,,,,,,,,,,,,,,,,,,,,,,,,,,,,,,,,,,,,,,,,,,,,,,,,,,,,,,,,,,,,,,,,,,,,,,,,,,,,,,,,,,,,,,,,,,,,,,,,,,,,,,,,,,,,,,,,,,,,,,,,,,,,,,,,,,,,,,,,,,,,,,,,
NKB,Nataraj,KB,nataraj@doppiogroup.com,Senior Consultant,Active,,017845eb-455a-43c8-9a0a-05165b13c7f0,nataraj@doppiogroup.com,2024-04-09T09:22:38-07:00,2026-08-27T09:23:43-07:00,nataraj@doppiogroup.com,,,,,,,,NKB,USERADMIN,DataAdministrator,Infor-SystemAdministrator,IFS-ExternalEntityAdmin,IFS-ReadOnlyUser,IFS-AuditReportUser,IFS-AuditAdministrator,IFS-MonitorReportUser,IFS-MonitorAdministrator,IFS-PasswordAdmin,MingleEnterprise,Infor-SuiteUser,MingleIONEnabled,MingleAdministrator,MingleDataAdministrator,PORTAL-User,PORTAL-ContentAdministrator,GRID-SystemAdministrator,GRID-Viewer,GRID-Administrator,HOMEPAGES-Administrator,HOMEPAGES-ContentAdministrator,HOMEPAGES-User,HOMEPAGES-ContentSupport,IONDeskSecurityAdmin,IONDeskAdmin,IONContentProvider,IONDeskOAuthGenerator,Mingle-LocatorView,IFSAdminContact,IONAPI-Tracing,IONAPI-User,IONAPI-Administrator,DATALAKE-User,DATALAKE-DataAdministrator,DATALAKE-SystemAdministrator,DECISIONSERVICE-Editor,DECISIONSERVICE-Approver,INBOX-PowerUser,SmartHelpUser,IDM-User,IDM-AdvancedUser,IDM-Administrator,IDM-SuperUser,IDM-RelatedInformationUser,IDM-SignatureUser,GDPR-Collaboration-ChiefDataProtectionOfficer,GDPR-Collaboration-DataProtectionOfficer,GDPR-App-Administrator,DATAFABRIC-SuperAdmin,DATAFABRIC-User,ENTERPRISESEARCH-Admin,ENTERPRISESEARCH-User,ENTERPRISESEARCH-PowerUser,M3EC-Administrator,M3EC-User,M3EC-ClientDesigntime,M3-DLSubscriptionAdmin,M3BE-FATAdmin-Exporter,M3UI-StartPageAdministrator,M3UI-DebugUser,M3UI-Administrator,M3UI-USER,M3UI-Designer,M3BDP-Administrator,M3BDP-USER,MASHUP-Administrator,MASHUP-User,IECEC-Administrator,IECEC-User,M3BE-FATAdmin,M3BE-FndAdmin,M3BE-FndUser,M3BE-ServicesAdmin,M3BE-CryptoAdmin,M3BE-ExtensionsAdmin,M3BE-ExtensionsViewer,M3BE-DBViewer,M3BE-DBAdmin,M3BE-FndFlagAdmin,M3BE-FileViewer,M3BE-FileAdmin,M3BE-ConfigAdmin,M3BE-ConfigUser,M3BE-LogEnabler,M3BE-SystemAdministrator,M3BE-DBAdmin-ReadToken,EVENTHUB-Administrator,EVENTHUB-User,M3MDP-USER,M3CE_About_Viewer,M3ENTERPRISESEARCH-Administrator,IPW-User,Birst-SystemAdministrator,Birst-User,MONGOOSE-UG-CoreFormsAdmin,MONGOOSE-UG-CoreFormsDeveloper,MONGOOSE-UG-CoreFormsEndUser,MONGOOSE-UG-CoreIDOs,MONGOOSE-LM-MGCoreAutomation,MONGOOSE-LM-MGCoreTrans,MONGOOSE-LM-MGDataViews,MONGOOSE-LM-MGDeveloper,MONGOOSE-LM-MGUserCreatedForms,MONGOOSE-LM-MGUserCreatedIDOs,MONGOOSE-LM-MGPAAS,MONGOOSE-LM-MGM3InterfaceForms,MONGOOSE-LM-MGM3InterfaceIDOs,MONGOOSE-LM-MGAppBuilder,APPBUILDER-Administrator,APPBUILDER-User,APPBUILDER-Designer,LCLLSP-User,LCLLSP-Admin,LCLLSP-PrivilegedUser,LCLLSP-ServiceAdmin,LCLLSP-AppAdmin,LCLLSP-SupAdmin,LCLLSP-StdAdmin,LCLLSP-StdUser,M3A Administrators,M3A Developers,M3A Procurement,M3A Finance,M3A Production,M3ADISBIRST-Model-Administrator,M3ADISBIRST-Extension-Administrator,M3ADISBIRST-Consumer-Administrator,M3ADISBIRST-User,M3A Warehouse,M3A Default Subject Area,IFSApplicationAdmin,IFS-ShowUserManagementUI,IFS-GroupsAdmin,IFS-GroupsUpdate,IFS-GroupsReadOnlyUser,IFS-ReadOnly,M3MDP-TESTAPI,INBOX-Admin,M3DMP-Contributor,M3UI-Approver,M3A Opportunity Management,IONAPI-Developer,M3CPW-User,IAD-DataMaintainer,IAD-Designer,IAD-Publisher,IAD-TemplateBuilder,M3ACM-User,M3ACM-Viewer,IPI-ModelerAdmin,IPI-ModelerViewer,IPI-ModelerDesigner,PORTAL-ContentPublisher,M3BE-PowerUser,M3BE-LicenseType1,M3BE-LicenseType2,M3BE-LicenseType3,M3BE-LicenseType6-FT,M3BE-LicenseType6-SHUB,M3HealthService-Administrator,IONAPI-BaaS-Administrator,IONAPI-BaaS-DataAdministrator,IONAPI-BaaS-Developer,IONAPI-BaaS-User,M3BE-DBUpdater,DATAFABRIC-HealthServiceAdmin,PORTAL-AnnouncementAdministrator,M3BE-DBAdmin-PrdToken,M3BE-LicenseType4,SMARTHELP-Administrator,DocBits-User,IFSApplicationAdmin,,,,,,,,,,,
MCHOI,Michael,Choi,Michael.Choi@chcheli.com,Fixed Assets Manager,Active,,f50d7d59-acd1-41c8-8739-3796674baaae,Michael.Choi@chcheli.com,2024-07-12T10:06:17-07:00,2025-07-29T10:07:18-07:00,Michael.Choi@chcheli.com,,,,,,,,MCHOI,MingleEnterprise,Infor-SuiteUser,MingleIONEnabled,HOMEPAGES-User,IDM-User,IDM-RelatedInformationUser,M3UI-USER,MASHUP-User,,,,,,,,,,,,,,,,,,,,,,,,,,,,,,,,,,,,,,,,,,,,,,,,,,,,,,,,,,,,,,,,,,,,,,,,,,,,,,,,,,,,,,,,,,,,,,,,,,,,,,,,,,,,,,,,,,,,,,,,,,,,,,,,,,,,,,,,,,,,,,,,,,,,,,,,,,,,,,,,,,,,,,,,,,,,,,,,
AKHAKIMO,Adina,Khakimova,Adina.Khakimova@heli-one.com,Adina,Active,,db5ce5ef-b063-4dce-a5fd-6fde8bf2f17c,Adina.Khakimova@heli-one.com,2024-07-12T10:46:37-07:00,2025-08-25T06:27:35-07:00,Adina.Khakimova@heli-one.com,,,,,,,,AKHAKIMO,MingleEnterprise,Infor-SuiteUser,MingleIONEnabled,HOMEPAGES-User,IDM-User,IDM-RelatedInformationUser,M3UI-USER,MASHUP-User,,,,,,,,,,,,,,,,,,,,,,,,,,,,,,,,,,,,,,,,,,,,,,,,,,,,,,,,,,,,,,,,,,,,,,,,,,,,,,,,,,,,,,,,,,,,,,,,,,,,,,,,,,,,,,,,,,,,,,,,,,,,,,,,,,,,,,,,,,,,,,,,,,,,,,,,,,,,,,,,,,,,,,,,,,,,,,,,
RABATISTA,Rachel,Batista,Rachel.Batista@chcheli.com,,Active,,aabb8e3e-fa31-4e3d-a499-3da9e3ce9f19,Rachel.Batista@chcheli.com,2024-07-12T14:29:43-07:00,,Rachel.Batista@chcheli.com,,,,,,,,RABATISTA,MingleEnterprise,Infor-SuiteUser,MingleIONEnabled,HOMEPAGES-User,IDM-User,IDM-RelatedInformationUser,M3UI-USER,MASHUP-User,,,,,,,,,,,,,,,,,,,,,,,,,,,,,,,,,,,,,,,,,,,,,,,,,,,,,,,,,,,,,,,,,,,,,,,,,,,,,,,,,,,,,,,,,,,,,,,,,,,,,,,,,,,,,,,,,,,,,,,,,,,,,,,,,,,,,,,,,,,,,,,,,,,,,,,,,,,,,,,,,,,,,,,,,,,,,,,,
KRIDA,Karen,Rida,Karen.Rida@heli-one.com,,Active,,b9810e9c-be6d-44dd-8672-cc4c9b078733,Karen.Rida@heli-one.com,2024-07-12T14:32:29-07:00,2026-03-27T10:47:15-07:00,Karen.Rida@heli-one.com,,,,,,,,KRIDA,MingleEnterprise,Infor-SuiteUser,MingleIONEnabled,HOMEPAGES-User,IDM-User,IDM-RelatedInformationUser,M3UI-USER,MASHUP-User,,,,,,,,,,,,,,,,,,,,,,,,,,,,,,,,,,,,,,,,,,,,,,,,,,,,,,,,,,,,,,,,,,,,,,,,,,,,,,,,,,,,,,,,,,,,,,,,,,,,,,,,,,,,,,,,,,,,,,,,,,,,,,,,,,,,,,,,,,,,,,,,,,,,,,,,,,,,,,,,,,,,,,,,,,,,,,,,
PREN,Ping,Ren,Ping.Ren@chcheli.com,Senior accountant,Active,,2d30c0ba-8ea7-4f6f-88c3-82ae93631b3c,Ping.Ren@chcheli.com,2024-07-22T11:26:51-07:00,2026-01-16T17:22:17-08:00,Ping.Ren@chcheli.com,,,,,,,,PREN,MingleEnterprise,Infor-SuiteUser,MingleIONEnabled,HOMEPAGES-User,DATALAKE-User,IDM-User,IDM-RelatedInformationUser,M3UI-USER,MASHUP-User,M3A Finance,,,,,,,,,,,,,,,,,,,,,,,,,,,,,,,,,,,,,,,,,,,,,,,,,,,,,,,,,,,,,,,,,,,,,,,,,,,,,,,,,,,,,,,,,,,,,,,,,,,,,,,,,,,,,,,,,,,,,,,,,,,,,,,,,,,,,,,,,,,,,,,,,,,,,,,,,,,,,,,,,,,,,,,,,,,,,,
KWONG,Kenneth,Wong,kenneth.wong@chcheli.com,"Manager, Corporate Accounting",Active,,ca4b06c4-319d-44e4-9880-ff8525498c40,kenneth.wong@chcheli.com,2024-09-24T08:43:36-07:00,2024-09-24T08:53:31-07:00,kenneth.wong@chcheli.com,,,,,,,,KWONG,MingleEnterprise,Infor-SuiteUser,MingleIONEnabled,HOMEPAGES-User,IDM-User,IDM-RelatedInformationUser,M3UI-USER,MASHUP-User,,,,,,,,,,,,,,,,,,,,,,,,,,,,,,,,,,,,,,,,,,,,,,,,,,,,,,,,,,,,,,,,,,,,,,,,,,,,,,,,,,,,,,,,,,,,,,,,,,,,,,,,,,,,,,,,,,,,,,,,,,,,,,,,,,,,,,,,,,,,,,,,,,,,,,,,,,,,,,,,,,,,,,,,,,,,,,,,
YBADIA,Yash,Badia,yash@doppiogroup.com,Sr. Consultant II,Active,,90fa3756-a4e3-4099-a9d0-8395b0cc203c,yash@doppiogroup.com,2024-09-25T08:23:40-07:00,2026-03-19T09:20:08-07:00,yash@doppiogroup.com,,,,,,,,YBADIA,USERADMIN,DataAdministrator,Infor-SystemAdministrator,IFS-ExternalEntityAdmin,IFS-ReadOnlyUser,IFS-AuditReportUser,IFS-AuditAdministrator,IFS-MonitorReportUser,IFS-MonitorAdministrator,IFS-PasswordAdmin,MingleEnterprise,Infor-SuiteUser,MingleIONEnabled,MingleAdministrator,MingleDataAdministrator,PORTAL-User,PORTAL-ContentAdministrator,GRID-SystemAdministrator,GRID-Viewer,GRID-Administrator,HOMEPAGES-Administrator,HOMEPAGES-ContentAdministrator,HOMEPAGES-User,HOMEPAGES-ContentSupport,IONDeskSecurityAdmin,IONDeskAdmin,IONContentProvider,IONDeskOAuthGenerator,Mingle-LocatorView,IFSAdminContact,IONAPI-Tracing,IONAPI-User,IONAPI-Administrator,DATALAKE-User,DATALAKE-DataAdministrator,DATALAKE-SystemAdministrator,DECISIONSERVICE-Editor,DECISIONSERVICE-Approver,INBOX-PowerUser,SmartHelpUser,IDM-User,IDM-AdvancedUser,IDM-Administrator,IDM-SuperUser,IDM-RelatedInformationUser,IDM-SignatureUser,GDPR-Collaboration-ChiefDataProtectionOfficer,GDPR-Collaboration-DataProtectionOfficer,GDPR-App-Administrator,DATAFABRIC-SuperAdmin,DATAFABRIC-User,ENTERPRISESEARCH-Admin,ENTERPRISESEARCH-User,ENTERPRISESEARCH-PowerUser,M3EC-Administrator,M3EC-User,M3EC-ClientDesigntime,M3-DLSubscriptionAdmin,M3BE-FATAdmin-Exporter,M3UI-StartPageAdministrator,M3UI-DebugUser,M3UI-Administrator,M3UI-USER,M3UI-Designer,M3BDP-Administrator,M3BDP-USER,MASHUP-Administrator,MASHUP-User,IECEC-Administrator,IECEC-User,M3BE-FATAdmin,M3BE-FndAdmin,M3BE-FndUser,M3BE-ServicesAdmin,M3BE-CryptoAdmin,M3BE-ExtensionsAdmin,M3BE-ExtensionsViewer,M3BE-DBViewer,M3BE-DBAdmin,M3BE-FndFlagAdmin,M3BE-FileViewer,M3BE-FileAdmin,M3BE-ConfigAdmin,M3BE-ConfigUser,M3BE-LogEnabler,M3BE-SystemAdministrator,M3BE-DBAdmin-ReadToken,EVENTHUB-Administrator,EVENTHUB-User,M3MDP-USER,M3CE_About_Viewer,M3ENTERPRISESEARCH-Administrator,IPW-User,Birst-SystemAdministrator,Birst-User,MONGOOSE-UG-CoreFormsAdmin,MONGOOSE-UG-CoreFormsDeveloper,MONGOOSE-UG-CoreFormsEndUser,MONGOOSE-UG-CoreIDOs,MONGOOSE-LM-MGCoreAutomation,MONGOOSE-LM-MGCoreTrans,MONGOOSE-LM-MGDataViews,MONGOOSE-LM-MGDeveloper,MONGOOSE-LM-MGUserCreatedForms,MONGOOSE-LM-MGUserCreatedIDOs,MONGOOSE-LM-MGPAAS,MONGOOSE-LM-MGM3InterfaceForms,MONGOOSE-LM-MGM3InterfaceIDOs,MONGOOSE-LM-MGAppBuilder,APPBUILDER-Administrator,APPBUILDER-User,APPBUILDER-Designer,LCLLSP-User,LCLLSP-Admin,LCLLSP-PrivilegedUser,LCLLSP-ServiceAdmin,LCLLSP-AppAdmin,LCLLSP-SupAdmin,LCLLSP-StdAdmin,LCLLSP-StdUser,M3A Administrators,M3A Developers,M3A Procurement,M3A Finance,M3A Production,M3ADISBIRST-Model-Administrator,M3ADISBIRST-Extension-Administrator,M3ADISBIRST-Consumer-Administrator,M3ADISBIRST-User,M3A Warehouse,M3A Default Subject Area,IFSApplicationAdmin,IFS-ShowUserManagementUI,IFS-GroupsAdmin,IFS-GroupsUpdate,IFS-GroupsReadOnlyUser,IFS-ReadOnly,M3MDP-TESTAPI,INBOX-Admin,M3DMP-Contributor,M3UI-Approver,M3A Opportunity Management,IONAPI-Developer,M3CPW-User,IAD-DataMaintainer,IAD-Designer,IAD-Publisher,IAD-TemplateBuilder,M3ACM-User,M3ACM-Viewer,IPI-ModelerAdmin,IPI-ModelerViewer,IPI-ModelerDesigner,PORTAL-ContentPublisher,M3BE-PowerUser,M3BE-LicenseType1,M3BE-LicenseType2,M3BE-LicenseType3,M3BE-LicenseType6-FT,M3BE-LicenseType6-SHUB,M3HealthService-Administrator,IONAPI-BaaS-Administrator,IONAPI-BaaS-DataAdministrator,IONAPI-BaaS-Developer,IONAPI-BaaS-User,IFSApplicationAdmin,,,,,,,,,,,,,,,,,,
NNUGRHA,Nadya,NUGRHA,nadya.nugrha@chcheli.com,Accounting Analyst,Active,,471af64b-7e19-47ef-8654-f41bf407db7b,nadya.nugrha@chcheli.com,2024-09-30T16:33:26-07:00,2024-09-30T18:33:43-07:00,nadya.nugrha@chcheli.com,,,,,,,,NNUGRHA,MingleEnterprise,Infor-SuiteUser,MingleIONEnabled,HOMEPAGES-User,DECISIONSERVICE-Approver,IDM-User,IDM-RelatedInformationUser,M3UI-USER,MASHUP-User,M3BE-FileViewer,M3UI-Approver,M3BE-LicenseType1,,,,,,,,,,,,,,,,,,,,,,,,,,,,,,,,,,,,,,,,,,,,,,,,,,,,,,,,,,,,,,,,,,,,,,,,,,,,,,,,,,,,,,,,,,,,,,,,,,,,,,,,,,,,,,,,,,,,,,,,,,,,,,,,,,,,,,,,,,,,,,,,,,,,,,,,,,,,,,,,,,,,,,,,,,,,
775b3b2e-bf88-4f4c-b4a6-fbc1f63b4c1e,Ayesha,Sumaiya,ayesha@doppiogroup.com,Senior Technical Consultant,Active,,775b3b2e-bf88-4f4c-b4a6-fbc1f63b4c1e,ayesha@doppiogroup.com,2024-10-04T08:47:18-07:00,2025-10-06T02:09:40-07:00,ayesha@doppiogroup.com,,,,,,,,ASUMAIYA,USERADMIN,DataAdministrator,Infor-SystemAdministrator,IFS-ExternalEntityAdmin,IFS-ReadOnlyUser,IFS-AuditReportUser,IFS-AuditAdministrator,IFS-MonitorReportUser,IFS-MonitorAdministrator,IFS-PasswordAdmin,MingleEnterprise,Infor-SuiteUser,MingleIONEnabled,MingleAdministrator,MingleDataAdministrator,PORTAL-User,PORTAL-ContentAdministrator,GRID-SystemAdministrator,GRID-Viewer,GRID-Administrator,HOMEPAGES-Administrator,HOMEPAGES-ContentAdministrator,HOMEPAGES-User,HOMEPAGES-ContentSupport,IONDeskSecurityAdmin,IONDeskAdmin,IONContentProvider,IONDeskOAuthGenerator,Mingle-LocatorView,IFSAdminContact,IONAPI-Tracing,IONAPI-User,IONAPI-Administrator,DATALAKE-User,DATALAKE-DataAdministrator,DATALAKE-SystemAdministrator,DECISIONSERVICE-Editor,DECISIONSERVICE-Approver,INBOX-PowerUser,SmartHelpUser,IDM-User,IDM-AdvancedUser,IDM-Administrator,IDM-SuperUser,IDM-RelatedInformationUser,IDM-SignatureUser,GDPR-Collaboration-ChiefDataProtectionOfficer,GDPR-Collaboration-DataProtectionOfficer,GDPR-App-Administrator,DATAFABRIC-SuperAdmin,DATAFABRIC-User,ENTERPRISESEARCH-Admin,ENTERPRISESEARCH-User,ENTERPRISESEARCH-PowerUser,M3EC-Administrator,M3EC-User,M3EC-ClientDesigntime,M3-DLSubscriptionAdmin,M3BE-FATAdmin-Exporter,M3UI-StartPageAdministrator,M3UI-DebugUser,M3UI-Administrator,M3UI-USER,M3UI-Designer,M3BDP-Administrator,M3BDP-USER,MASHUP-Administrator,MASHUP-User,IECEC-Administrator,IECEC-User,M3BE-FATAdmin,M3BE-FndAdmin,M3BE-FndUser,M3BE-ServicesAdmin,M3BE-CryptoAdmin,M3BE-ExtensionsAdmin,M3BE-ExtensionsViewer,M3BE-DBViewer,M3BE-DBAdmin,M3BE-FndFlagAdmin,M3BE-FileViewer,M3BE-FileAdmin,M3BE-ConfigAdmin,M3BE-ConfigUser,M3BE-LogEnabler,M3BE-SystemAdministrator,M3BE-DBAdmin-ReadToken,EVENTHUB-Administrator,EVENTHUB-User,M3MDP-USER,M3CE_About_Viewer,M3ENTERPRISESEARCH-Administrator,IPW-User,Birst-SystemAdministrator,Birst-User,MONGOOSE-UG-CoreFormsAdmin,MONGOOSE-UG-CoreFormsDeveloper,MONGOOSE-UG-CoreFormsEndUser,MONGOOSE-UG-CoreIDOs,MONGOOSE-LM-MGCoreAutomation,MONGOOSE-LM-MGCoreTrans,MONGOOSE-LM-MGDataViews,MONGOOSE-LM-MGDeveloper,MONGOOSE-LM-MGUserCreatedForms,MONGOOSE-LM-MGUserCreatedIDOs,MONGOOSE-LM-MGPAAS,MONGOOSE-LM-MGM3InterfaceForms,MONGOOSE-LM-MGM3InterfaceIDOs,MONGOOSE-LM-MGAppBuilder,APPBUILDER-Administrator,APPBUILDER-User,APPBUILDER-Designer,LCLLSP-User,LCLLSP-Admin,LCLLSP-PrivilegedUser,LCLLSP-ServiceAdmin,LCLLSP-AppAdmin,LCLLSP-SupAdmin,LCLLSP-StdAdmin,LCLLSP-StdUser,M3A Administrators,M3A Developers,M3A Procurement,M3A Finance,M3A Production,M3ADISBIRST-Model-Administrator,M3ADISBIRST-Extension-Administrator,M3ADISBIRST-Consumer-Administrator,M3ADISBIRST-User,M3A Warehouse,M3A Default Subject Area,IFSApplicationAdmin,IFS-ShowUserManagementUI,IFS-GroupsAdmin,IFS-GroupsUpdate,IFS-GroupsReadOnlyUser,IFS-ReadOnly,M3MDP-TESTAPI,INBOX-Admin,M3DMP-Contributor,M3UI-Approver,M3A Opportunity Management,IONAPI-Developer,M3CPW-User,IAD-DataMaintainer,IAD-Designer,IAD-Publisher,IAD-TemplateBuilder,M3ACM-User,M3ACM-Viewer,IPI-ModelerAdmin,IPI-ModelerViewer,IPI-ModelerDesigner,PORTAL-ContentPublisher,M3BE-PowerUser,M3BE-LicenseType1,M3BE-LicenseType2,M3BE-LicenseType3,M3BE-LicenseType6-FT,M3BE-LicenseType6-SHUB,M3HealthService-Administrator,IONAPI-BaaS-Administrator,IONAPI-BaaS-DataAdministrator,IONAPI-BaaS-Developer,IONAPI-BaaS-User,M3BE-DBUpdater,DATAFABRIC-HealthServiceAdmin,PORTAL-AnnouncementAdministrator,M3BE-DBAdmin-PrdToken,M3BE-LicenseType4,SMARTHELP-Administrator,IFSApplicationAdmin,,,,,,,,,,,,
ASOUZA,Aline,Souza,aline.souza@chcheli.com,Accountant,Active,,0fae10e7-d383-4036-8026-b8ed171e461e,aline.souza@chcheli.com,2024-10-08T06:27:55-07:00,2026-04-30T10:12:36-07:00,aline.souza@chcheli.com,,,,,,,,ASOUZA,MingleEnterprise,Infor-SuiteUser,MingleIONEnabled,HOMEPAGES-User,IDM-User,IDM-RelatedInformationUser,M3UI-USER,MASHUP-User,,,,,,,,,,,,,,,,,,,,,,,,,,,,,,,,,,,,,,,,,,,,,,,,,,,,,,,,,,,,,,,,,,,,,,,,,,,,,,,,,,,,,,,,,,,,,,,,,,,,,,,,,,,,,,,,,,,,,,,,,,,,,,,,,,,,,,,,,,,,,,,,,,,,,,,,,,,,,,,,,,,,,,,,,,,,,,,,
JSANTOS,JULIANA,SANTOS,juliana.santos@chcheli.com,Tax Specialist,Active,,636e6f11-17dd-4ba0-ad95-3bb5d4bd23c6,juliana.santos@chcheli.com,2024-10-08T06:27:56-07:00,2026-07-27T05:26:34-07:00,juliana.santos@chcheli.com,,,,,,,,JSANTOS,MingleEnterprise,Infor-SuiteUser,MingleIONEnabled,HOMEPAGES-User,IDM-User,IDM-RelatedInformationUser,M3UI-USER,MASHUP-User,,,,,,,,,,,,,,,,,,,,,,,,,,,,,,,,,,,,,,,,,,,,,,,,,,,,,,,,,,,,,,,,,,,,,,,,,,,,,,,,,,,,,,,,,,,,,,,,,,,,,,,,,,,,,,,,,,,,,,,,,,,,,,,,,,,,,,,,,,,,,,,,,,,,,,,,,,,,,,,,,,,,,,,,,,,,,,,,
MECSVC,MEC,Service,mecservice@doppiogroup.com,,Active,,f21f91cf-be6b-4797-ab69-cabead32e5eb,mecservice@doppiogroup.com,2024-11-04T10:35:52-08:00,,mecservice@doppiogroup.com,,,,,,,,MECSVC,MingleEnterprise,Infor-SuiteUser,MingleIONEnabled,HOMEPAGES-User,IDM-User,IDM-RelatedInformationUser,M3UI-USER,MASHUP-User,,,,,,,,,,,,,,,,,,,,,,,,,,,,,,,,,,,,,,,,,,,,,,,,,,,,,,,,,,,,,,,,,,,,,,,,,,,,,,,,,,,,,,,,,,,,,,,,,,,,,,,,,,,,,,,,,,,,,,,,,,,,,,,,,,,,,,,,,,,,,,,,,,,,,,,,,,,,,,,,,,,,,,,,,,,,,,,,
WWHITE,William,White,will.white@chcheli.com,Global Director of Information Technology,Active,,495edf7f-4aa0-421f-82e9-de8511ab6403,will.white@chcheli.com,2025-07-02T11:03:41-07:00,2026-02-26T13:24:31-08:00,will.white@chcheli.com,,,,,,,,WWHITE,MingleEnterprise,Infor-SuiteUser,MingleIONEnabled,HOMEPAGES-User,IDM-User,IDM-RelatedInformationUser,M3UI-USER,MASHUP-User,,,,,,,,,,,,,,,,,,,,,,,,,,,,,,,,,,,,,,,,,,,,,,,,,,,,,,,,,,,,,,,,,,,,,,,,,,,,,,,,,,,,,,,,,,,,,,,,,,,,,,,,,,,,,,,,,,,,,,,,,,,,,,,,,,,,,,,,,,,,,,,,,,,,,,,,,,,,,,,,,,,,,,,,,,,,,,,,
SPAWAR,sandesh,pawar,sandesh.pawar@chcheli.com,Tech,Active,,6c2ee00b-637b-40bd-8e03-750a809991dc,sandesh.pawar@chcheli.com,2025-07-24T07:40:39-07:00,2026-08-26T05:24:36-07:00,sandesh.pawar@chcheli.com,,,,,,,,SPAWAR,USERADMIN,DataAdministrator,Infor-SystemAdministrator,IFS-ExternalEntityAdmin,IFS-ReadOnlyUser,IFS-AuditReportUser,IFS-AuditAdministrator,IFS-MonitorReportUser,IFS-MonitorAdministrator,IFS-PasswordAdmin,MingleEnterprise,Infor-SuiteUser,MingleIONEnabled,MingleAdministrator,MingleDataAdministrator,PORTAL-User,PORTAL-ContentAdministrator,GRID-SystemAdministrator,GRID-Viewer,GRID-Administrator,HOMEPAGES-Administrator,HOMEPAGES-ContentAdministrator,HOMEPAGES-User,HOMEPAGES-ContentSupport,IONDeskSecurityAdmin,IONDeskAdmin,IONContentProvider,IONDeskOAuthGenerator,Mingle-LocatorView,IFSAdminContact,IONAPI-Tracing,IONAPI-User,IONAPI-Administrator,DATALAKE-User,DATALAKE-DataAdministrator,DATALAKE-SystemAdministrator,DECISIONSERVICE-Editor,DECISIONSERVICE-Approver,INBOX-PowerUser,SmartHelpUser,IDM-User,IDM-AdvancedUser,IDM-Administrator,IDM-SuperUser,IDM-RelatedInformationUser,IDM-SignatureUser,GDPR-Collaboration-ChiefDataProtectionOfficer,GDPR-Collaboration-DataProtectionOfficer,GDPR-App-Administrator,DATAFABRIC-SuperAdmin,DATAFABRIC-User,ENTERPRISESEARCH-Admin,ENTERPRISESEARCH-User,ENTERPRISESEARCH-PowerUser,M3EC-Administrator,M3EC-User,M3EC-ClientDesigntime,M3-DLSubscriptionAdmin,M3BE-FATAdmin-Exporter,M3UI-StartPageAdministrator,M3UI-DebugUser,M3UI-Administrator,M3UI-USER,M3UI-Designer,M3BDP-Administrator,M3BDP-USER,MASHUP-Administrator,MASHUP-User,IECEC-Administrator,IECEC-User,M3BE-FATAdmin,M3BE-FndAdmin,M3BE-FndUser,M3BE-ServicesAdmin,M3BE-CryptoAdmin,M3BE-ExtensionsAdmin,M3BE-ExtensionsViewer,M3BE-DBViewer,M3BE-DBAdmin,M3BE-FndFlagAdmin,M3BE-FileViewer,M3BE-FileAdmin,M3BE-ConfigAdmin,M3BE-ConfigUser,M3BE-LogEnabler,M3BE-SystemAdministrator,M3BE-DBAdmin-ReadToken,EVENTHUB-Administrator,EVENTHUB-User,M3MDP-USER,M3CE_About_Viewer,M3ENTERPRISESEARCH-Administrator,IPW-User,Birst-SystemAdministrator,Birst-User,MONGOOSE-UG-CoreFormsAdmin,MONGOOSE-UG-CoreFormsDeveloper,MONGOOSE-UG-CoreFormsEndUser,MONGOOSE-UG-CoreIDOs,MONGOOSE-LM-MGCoreAutomation,MONGOOSE-LM-MGCoreTrans,MONGOOSE-LM-MGDataViews,MONGOOSE-LM-MGDeveloper,MONGOOSE-LM-MGUserCreatedForms,MONGOOSE-LM-MGUserCreatedIDOs,MONGOOSE-LM-MGPAAS,MONGOOSE-LM-MGM3InterfaceForms,MONGOOSE-LM-MGM3InterfaceIDOs,MONGOOSE-LM-MGAppBuilder,APPBUILDER-Administrator,APPBUILDER-User,APPBUILDER-Designer,LCLLSP-User,LCLLSP-Admin,LCLLSP-PrivilegedUser,LCLLSP-ServiceAdmin,LCLLSP-AppAdmin,LCLLSP-SupAdmin,LCLLSP-StdAdmin,LCLLSP-StdUser,M3A Administrators,M3A Developers,M3A Procurement,M3A Finance,M3A Production,M3ADISBIRST-Model-Administrator,M3ADISBIRST-Extension-Administrator,M3ADISBIRST-Consumer-Administrator,M3ADISBIRST-User,M3A Warehouse,M3A Default Subject Area,IFSApplicationAdmin,IFS-ShowUserManagementUI,IFS-GroupsAdmin,IFS-GroupsUpdate,IFS-GroupsReadOnlyUser,IFS-ReadOnly,M3MDP-TESTAPI,INBOX-Admin,M3DMP-Contributor,M3UI-Approver,M3A Opportunity Management,IONAPI-Developer,M3CPW-User,IAD-DataMaintainer,IAD-Designer,IAD-Publisher,IAD-TemplateBuilder,M3ACM-User,M3ACM-Viewer,IPI-ModelerAdmin,IPI-ModelerViewer,IPI-ModelerDesigner,PORTAL-ContentPublisher,M3BE-PowerUser,M3BE-LicenseType1,M3BE-LicenseType2,M3BE-LicenseType3,M3BE-LicenseType6-FT,M3BE-LicenseType6-SHUB,M3HealthService-Administrator,IONAPI-BaaS-Administrator,IONAPI-BaaS-DataAdministrator,IONAPI-BaaS-Developer,IONAPI-BaaS-User,M3BE-DBUpdater,DATAFABRIC-HealthServiceAdmin,PORTAL-AnnouncementAdministrator,M3BE-DBAdmin-PrdToken,M3BE-LicenseType4,SMARTHELP-Administrator,DocBits-User,M3BE-FATAdmin-PRD-UpperLimitRuleToken,M3BE-FATAdmin-DeleteData,M3BE-FATAdmin-PRD-DeleteDataToken,M3BE-FATAdmin-PRD-ConfigureUpperLimit,IFSApplicationAdmin,,,,,,,
1311091c-a7ff-4816-b688-37c2b73b3bce,Neil,Jones,neil.jones@all-clearconsulting.com,Consultant,Active,,1311091c-a7ff-4816-b688-37c2b73b3bce,neil.jones@all-clearconsulting.com,2025-07-25T12:49:28-07:00,2025-10-15T13:56:21-07:00,neil.jones@all-clearconsulting.com,,,,,,,,NEJONES,USERADMIN,DataAdministrator,Infor-SystemAdministrator,IFS-ExternalEntityAdmin,IFS-ReadOnlyUser,IFS-AuditReportUser,IFS-AuditAdministrator,IFS-MonitorReportUser,IFS-MonitorAdministrator,IFS-PasswordAdmin,MingleEnterprise,Infor-SuiteUser,MingleIONEnabled,MingleAdministrator,MingleDataAdministrator,PORTAL-User,PORTAL-ContentAdministrator,GRID-SystemAdministrator,GRID-Viewer,GRID-Administrator,HOMEPAGES-Administrator,HOMEPAGES-ContentAdministrator,HOMEPAGES-User,HOMEPAGES-ContentSupport,IONDeskSecurityAdmin,IONDeskAdmin,IONContentProvider,IONDeskOAuthGenerator,Mingle-LocatorView,IFSAdminContact,IONAPI-Tracing,IONAPI-User,IONAPI-Administrator,DATALAKE-User,DATALAKE-DataAdministrator,DATALAKE-SystemAdministrator,DECISIONSERVICE-Editor,DECISIONSERVICE-Approver,INBOX-PowerUser,SmartHelpUser,IDM-User,IDM-AdvancedUser,IDM-Administrator,IDM-SuperUser,IDM-RelatedInformationUser,IDM-SignatureUser,GDPR-Collaboration-ChiefDataProtectionOfficer,GDPR-Collaboration-DataProtectionOfficer,GDPR-App-Administrator,DATAFABRIC-SuperAdmin,DATAFABRIC-User,ENTERPRISESEARCH-Admin,ENTERPRISESEARCH-User,ENTERPRISESEARCH-PowerUser,M3EC-Administrator,M3EC-User,M3EC-ClientDesigntime,M3-DLSubscriptionAdmin,M3BE-FATAdmin-Exporter,M3UI-StartPageAdministrator,M3UI-DebugUser,M3UI-Administrator,M3UI-USER,M3UI-Designer,M3BDP-Administrator,M3BDP-USER,MASHUP-Administrator,MASHUP-User,IECEC-Administrator,IECEC-User,M3BE-FATAdmin,M3BE-FndAdmin,M3BE-FndUser,M3BE-ServicesAdmin,M3BE-CryptoAdmin,M3BE-ExtensionsAdmin,M3BE-ExtensionsViewer,M3BE-DBViewer,M3BE-DBAdmin,M3BE-FndFlagAdmin,M3BE-FileViewer,M3BE-FileAdmin,M3BE-ConfigAdmin,M3BE-ConfigUser,M3BE-LogEnabler,M3BE-SystemAdministrator,M3BE-DBAdmin-ReadToken,EVENTHUB-Administrator,EVENTHUB-User,M3MDP-USER,M3CE_About_Viewer,M3ENTERPRISESEARCH-Administrator,IPW-User,Birst-SystemAdministrator,Birst-User,MONGOOSE-UG-CoreFormsAdmin,MONGOOSE-UG-CoreFormsDeveloper,MONGOOSE-UG-CoreFormsEndUser,MONGOOSE-UG-CoreIDOs,MONGOOSE-LM-MGCoreAutomation,MONGOOSE-LM-MGCoreTrans,MONGOOSE-LM-MGDataViews,MONGOOSE-LM-MGDeveloper,MONGOOSE-LM-MGUserCreatedForms,MONGOOSE-LM-MGUserCreatedIDOs,MONGOOSE-LM-MGPAAS,MONGOOSE-LM-MGM3InterfaceForms,MONGOOSE-LM-MGM3InterfaceIDOs,MONGOOSE-LM-MGAppBuilder,APPBUILDER-Administrator,APPBUILDER-User,APPBUILDER-Designer,LCLLSP-User,LCLLSP-Admin,LCLLSP-PrivilegedUser,LCLLSP-ServiceAdmin,LCLLSP-AppAdmin,LCLLSP-SupAdmin,LCLLSP-StdAdmin,LCLLSP-StdUser,M3A Administrators,M3A Developers,M3A Procurement,M3A Finance,M3A Production,M3ADISBIRST-Model-Administrator,M3ADISBIRST-Extension-Administrator,M3ADISBIRST-Consumer-Administrator,M3ADISBIRST-User,M3A Warehouse,M3A Default Subject Area,IFSApplicationAdmin,IFS-ShowUserManagementUI,IFS-GroupsAdmin,IFS-GroupsUpdate,IFS-GroupsReadOnlyUser,IFS-ReadOnly,M3MDP-TESTAPI,INBOX-Admin,M3DMP-Contributor,M3UI-Approver,M3A Opportunity Management,IONAPI-Developer,M3CPW-User,IAD-DataMaintainer,IAD-Designer,IAD-Publisher,IAD-TemplateBuilder,M3ACM-User,M3ACM-Viewer,IPI-ModelerAdmin,IPI-ModelerViewer,IPI-ModelerDesigner,PORTAL-ContentPublisher,M3BE-PowerUser,M3BE-LicenseType1,M3BE-LicenseType2,M3BE-LicenseType3,M3BE-LicenseType6-FT,M3BE-LicenseType6-SHUB,M3HealthService-Administrator,IONAPI-BaaS-Administrator,IONAPI-BaaS-DataAdministrator,IONAPI-BaaS-Developer,IONAPI-BaaS-User,M3BE-DBUpdater,IFSApplicationAdmin,,,,,,,,,,,,,,,,,
34cee55f-9773-4180-b6d9-e90c46cc9626,Vidya,Venugopal,vidya@doppiogroup.com,Senior Consultant,Active,,34cee55f-9773-4180-b6d9-e90c46cc9626,vidya@doppiogroup.com,2025-07-30T12:26:08-07:00,2026-08-24T23:48:17-07:00,vidya@doppiogroup.com,,,,,,,,VVENUGOP,USERADMIN,DataAdministrator,Infor-SystemAdministrator,IFS-ExternalEntityAdmin,IFS-ReadOnlyUser,IFS-AuditReportUser,IFS-AuditAdministrator,IFS-MonitorReportUser,IFS-MonitorAdministrator,IFS-PasswordAdmin,MingleEnterprise,Infor-SuiteUser,MingleIONEnabled,MingleAdministrator,MingleDataAdministrator,PORTAL-User,PORTAL-ContentAdministrator,GRID-SystemAdministrator,GRID-Viewer,GRID-Administrator,HOMEPAGES-Administrator,HOMEPAGES-ContentAdministrator,HOMEPAGES-User,HOMEPAGES-ContentSupport,IONDeskSecurityAdmin,IONDeskAdmin,IONContentProvider,IONDeskOAuthGenerator,Mingle-LocatorView,IFSAdminContact,IONAPI-Tracing,IONAPI-User,IONAPI-Administrator,DATALAKE-User,DATALAKE-DataAdministrator,DATALAKE-SystemAdministrator,DECISIONSERVICE-Editor,DECISIONSERVICE-Approver,INBOX-PowerUser,SmartHelpUser,IDM-User,IDM-AdvancedUser,IDM-Administrator,IDM-SuperUser,IDM-RelatedInformationUser,IDM-SignatureUser,GDPR-Collaboration-ChiefDataProtectionOfficer,GDPR-Collaboration-DataProtectionOfficer,GDPR-App-Administrator,DATAFABRIC-SuperAdmin,DATAFABRIC-User,ENTERPRISESEARCH-Admin,ENTERPRISESEARCH-User,ENTERPRISESEARCH-PowerUser,M3EC-Administrator,M3EC-User,M3EC-ClientDesigntime,M3-DLSubscriptionAdmin,M3BE-FATAdmin-Exporter,M3UI-StartPageAdministrator,M3UI-DebugUser,M3UI-Administrator,M3UI-USER,M3UI-Designer,M3BDP-Administrator,M3BDP-USER,MASHUP-Administrator,MASHUP-User,IECEC-Administrator,IECEC-User,M3BE-FATAdmin,M3BE-FndAdmin,M3BE-FndUser,M3BE-ServicesAdmin,M3BE-CryptoAdmin,M3BE-ExtensionsAdmin,M3BE-ExtensionsViewer,M3BE-DBViewer,M3BE-DBAdmin,M3BE-FndFlagAdmin,M3BE-FileViewer,M3BE-FileAdmin,M3BE-ConfigAdmin,M3BE-ConfigUser,M3BE-LogEnabler,M3BE-SystemAdministrator,M3BE-DBAdmin-ReadToken,EVENTHUB-Administrator,EVENTHUB-User,M3MDP-USER,M3CE_About_Viewer,M3ENTERPRISESEARCH-Administrator,IPW-User,Birst-SystemAdministrator,Birst-User,MONGOOSE-UG-CoreFormsAdmin,MONGOOSE-UG-CoreFormsDeveloper,MONGOOSE-UG-CoreFormsEndUser,MONGOOSE-UG-CoreIDOs,MONGOOSE-LM-MGCoreAutomation,MONGOOSE-LM-MGCoreTrans,MONGOOSE-LM-MGDataViews,MONGOOSE-LM-MGDeveloper,MONGOOSE-LM-MGUserCreatedForms,MONGOOSE-LM-MGUserCreatedIDOs,MONGOOSE-LM-MGPAAS,MONGOOSE-LM-MGM3InterfaceForms,MONGOOSE-LM-MGM3InterfaceIDOs,MONGOOSE-LM-MGAppBuilder,APPBUILDER-Administrator,APPBUILDER-User,APPBUILDER-Designer,LCLLSP-User,LCLLSP-Admin,LCLLSP-PrivilegedUser,LCLLSP-ServiceAdmin,LCLLSP-AppAdmin,LCLLSP-SupAdmin,LCLLSP-StdAdmin,LCLLSP-StdUser,M3A Administrators,M3A Developers,M3A Procurement,M3A Finance,M3A Production,M3ADISBIRST-Model-Administrator,M3ADISBIRST-Extension-Administrator,M3ADISBIRST-Consumer-Administrator,M3ADISBIRST-User,M3A Warehouse,M3A Default Subject Area,IFSApplicationAdmin,IFS-ShowUserManagementUI,IFS-GroupsAdmin,IFS-GroupsUpdate,IFS-GroupsReadOnlyUser,IFS-ReadOnly,M3MDP-TESTAPI,INBOX-Admin,M3DMP-Contributor,M3UI-Approver,M3A Opportunity Management,IONAPI-Developer,M3CPW-User,IAD-DataMaintainer,IAD-Designer,IAD-Publisher,IAD-TemplateBuilder,M3ACM-User,M3ACM-Viewer,IPI-ModelerAdmin,IPI-ModelerViewer,IPI-ModelerDesigner,PORTAL-ContentPublisher,M3BE-PowerUser,M3BE-LicenseType1,M3BE-LicenseType2,M3BE-LicenseType3,M3BE-LicenseType6-FT,M3BE-LicenseType6-SHUB,M3HealthService-Administrator,IONAPI-BaaS-Administrator,IONAPI-BaaS-DataAdministrator,IONAPI-BaaS-Developer,IONAPI-BaaS-User,M3BE-DBUpdater,DATAFABRIC-HealthServiceAdmin,PORTAL-AnnouncementAdministrator,M3BE-DBAdmin-PrdToken,M3BE-LicenseType4,SMARTHELP-Administrator,IFSApplicationAdmin,,,,,,,,,,,,
GSCHREUD,Glen,Schreuder,glen.schreuder@chcheli.com,,Active,,af599217-31c7-4474-8758-a9de52f833c7,glen.schreuder@chcheli.com,2025-09-02T08:04:20-07:00,2026-06-09T08:07:56-07:00,glen.schreuder@chcheli.com,,,,,,,,GSCHREUD,MingleEnterprise,Infor-SuiteUser,MingleIONEnabled,HOMEPAGES-User,IDM-User,IDM-RelatedInformationUser,M3UI-USER,MASHUP-User,DocBits-User,,,,,,,,,,,,,,,,,,,,,,,,,,,,,,,,,,,,,,,,,,,,,,,,,,,,,,,,,,,,,,,,,,,,,,,,,,,,,,,,,,,,,,,,,,,,,,,,,,,,,,,,,,,,,,,,,,,,,,,,,,,,,,,,,,,,,,,,,,,,,,,,,,,,,,,,,,,,,,,,,,,,,,,,,,,,,,,
6613b604-725a-48a1-bd3d-f2ffb3a2f67d,Sugumaran,A,sugumaran@doppiogroup.com,Technical Consultant II,Active,,6613b604-725a-48a1-bd3d-f2ffb3a2f67d,sugumaran@doppiogroup.com,2025-10-06T14:50:41-07:00,2026-08-27T01:04:12-07:00,sugumaran@doppiogroup.com,,,,,,,,ASUGUMARAN,USERADMIN,DataAdministrator,Infor-SystemAdministrator,IFS-ExternalEntityAdmin,IFS-ReadOnlyUser,IFS-AuditReportUser,IFS-AuditAdministrator,IFS-MonitorReportUser,IFS-MonitorAdministrator,IFS-PasswordAdmin,MingleEnterprise,Infor-SuiteUser,MingleIONEnabled,MingleAdministrator,MingleDataAdministrator,PORTAL-User,PORTAL-ContentAdministrator,GRID-SystemAdministrator,GRID-Viewer,GRID-Administrator,HOMEPAGES-Administrator,HOMEPAGES-ContentAdministrator,HOMEPAGES-User,HOMEPAGES-ContentSupport,IONDeskSecurityAdmin,IONDeskAdmin,IONContentProvider,IONDeskOAuthGenerator,Mingle-LocatorView,IFSAdminContact,IONAPI-Tracing,IONAPI-User,IONAPI-Administrator,DATALAKE-User,DATALAKE-DataAdministrator,DATALAKE-SystemAdministrator,DECISIONSERVICE-Editor,DECISIONSERVICE-Approver,INBOX-PowerUser,SmartHelpUser,IDM-User,IDM-AdvancedUser,IDM-Administrator,IDM-SuperUser,IDM-RelatedInformationUser,IDM-SignatureUser,GDPR-Collaboration-ChiefDataProtectionOfficer,GDPR-Collaboration-DataProtectionOfficer,GDPR-App-Administrator,DATAFABRIC-SuperAdmin,DATAFABRIC-User,ENTERPRISESEARCH-Admin,ENTERPRISESEARCH-User,ENTERPRISESEARCH-PowerUser,M3EC-Administrator,M3EC-User,M3EC-ClientDesigntime,M3-DLSubscriptionAdmin,M3BE-FATAdmin-Exporter,M3UI-StartPageAdministrator,M3UI-DebugUser,M3UI-Administrator,M3UI-USER,M3UI-Designer,M3BDP-Administrator,M3BDP-USER,MASHUP-Administrator,MASHUP-User,IECEC-Administrator,IECEC-User,M3BE-FATAdmin,M3BE-FndAdmin,M3BE-FndUser,M3BE-ServicesAdmin,M3BE-CryptoAdmin,M3BE-ExtensionsAdmin,M3BE-ExtensionsViewer,M3BE-DBViewer,M3BE-DBAdmin,M3BE-FndFlagAdmin,M3BE-FileViewer,M3BE-FileAdmin,M3BE-ConfigAdmin,M3BE-ConfigUser,M3BE-LogEnabler,M3BE-SystemAdministrator,M3BE-DBAdmin-ReadToken,EVENTHUB-Administrator,EVENTHUB-User,M3MDP-USER,M3CE_About_Viewer,M3ENTERPRISESEARCH-Administrator,IPW-User,Birst-SystemAdministrator,Birst-User,MONGOOSE-UG-CoreFormsAdmin,MONGOOSE-UG-CoreFormsDeveloper,MONGOOSE-UG-CoreFormsEndUser,MONGOOSE-UG-CoreIDOs,MONGOOSE-LM-MGCoreAutomation,MONGOOSE-LM-MGCoreTrans,MONGOOSE-LM-MGDataViews,MONGOOSE-LM-MGDeveloper,MONGOOSE-LM-MGUserCreatedForms,MONGOOSE-LM-MGUserCreatedIDOs,MONGOOSE-LM-MGPAAS,MONGOOSE-LM-MGM3InterfaceForms,MONGOOSE-LM-MGM3InterfaceIDOs,MONGOOSE-LM-MGAppBuilder,APPBUILDER-Administrator,APPBUILDER-User,APPBUILDER-Designer,LCLLSP-User,LCLLSP-Admin,LCLLSP-PrivilegedUser,LCLLSP-ServiceAdmin,LCLLSP-AppAdmin,LCLLSP-SupAdmin,LCLLSP-StdAdmin,LCLLSP-StdUser,M3A Administrators,M3A Developers,M3A Procurement,M3A Finance,M3A Production,M3ADISBIRST-Model-Administrator,M3ADISBIRST-Extension-Administrator,M3ADISBIRST-Consumer-Administrator,M3ADISBIRST-User,M3A Warehouse,M3A Default Subject Area,IFSApplicationAdmin,IFS-ShowUserManagementUI,IFS-GroupsAdmin,IFS-GroupsUpdate,IFS-GroupsReadOnlyUser,IFS-ReadOnly,M3MDP-TESTAPI,INBOX-Admin,M3DMP-Contributor,M3UI-Approver,M3A Opportunity Management,IONAPI-Developer,M3CPW-User,IAD-DataMaintainer,IAD-Designer,IAD-Publisher,IAD-TemplateBuilder,M3ACM-User,M3ACM-Viewer,IPI-ModelerAdmin,IPI-ModelerViewer,IPI-ModelerDesigner,PORTAL-ContentPublisher,M3BE-PowerUser,M3BE-LicenseType1,M3BE-LicenseType2,M3BE-LicenseType3,M3BE-LicenseType6-FT,M3BE-LicenseType6-SHUB,M3HealthService-Administrator,IONAPI-BaaS-Administrator,IONAPI-BaaS-DataAdministrator,IONAPI-BaaS-Developer,IONAPI-BaaS-User,M3BE-DBUpdater,DATAFABRIC-HealthServiceAdmin,IFSApplicationAdmin,,,,,,,,,,,,,,,,
49535b9a-79df-4985-bc20-7ad0302d5058,Heather,Hanlon,heather.hanlon@doppiogroup.com,Doppio Consultant,Active,,49535b9a-79df-4985-bc20-7ad0302d5058,heather.hanlon@doppiogroup.com,2025-10-23T12:20:46-07:00,2025-10-29T18:10:07-07:00,heather.hanlon@doppiogroup.com,,,,,,,,HHANLON,USERADMIN,DataAdministrator,Infor-SystemAdministrator,IFS-ExternalEntityAdmin,IFS-ReadOnlyUser,IFS-AuditReportUser,IFS-AuditAdministrator,IFS-MonitorReportUser,IFS-MonitorAdministrator,IFS-PasswordAdmin,MingleEnterprise,Infor-SuiteUser,MingleIONEnabled,MingleAdministrator,MingleDataAdministrator,PORTAL-User,PORTAL-ContentAdministrator,GRID-SystemAdministrator,GRID-Viewer,GRID-Administrator,HOMEPAGES-Administrator,HOMEPAGES-ContentAdministrator,HOMEPAGES-User,HOMEPAGES-ContentSupport,IONDeskSecurityAdmin,IONDeskAdmin,IONContentProvider,IONDeskOAuthGenerator,Mingle-LocatorView,IFSAdminContact,IONAPI-Tracing,IONAPI-User,IONAPI-Administrator,DATALAKE-User,DATALAKE-DataAdministrator,DATALAKE-SystemAdministrator,DECISIONSERVICE-Editor,DECISIONSERVICE-Approver,INBOX-PowerUser,SmartHelpUser,IDM-User,IDM-AdvancedUser,IDM-Administrator,IDM-SuperUser,IDM-RelatedInformationUser,IDM-SignatureUser,GDPR-Collaboration-ChiefDataProtectionOfficer,GDPR-Collaboration-DataProtectionOfficer,GDPR-App-Administrator,DATAFABRIC-SuperAdmin,DATAFABRIC-User,ENTERPRISESEARCH-Admin,ENTERPRISESEARCH-User,ENTERPRISESEARCH-PowerUser,M3EC-Administrator,M3EC-User,M3EC-ClientDesigntime,M3-DLSubscriptionAdmin,M3BE-FATAdmin-Exporter,M3UI-StartPageAdministrator,M3UI-DebugUser,M3UI-Administrator,M3UI-USER,M3UI-Designer,M3BDP-Administrator,M3BDP-USER,MASHUP-Administrator,MASHUP-User,IECEC-Administrator,IECEC-User,M3BE-FATAdmin,M3BE-FndAdmin,M3BE-FndUser,M3BE-ServicesAdmin,M3BE-CryptoAdmin,M3BE-ExtensionsAdmin,M3BE-ExtensionsViewer,M3BE-DBViewer,M3BE-DBAdmin,M3BE-FndFlagAdmin,M3BE-FileViewer,M3BE-FileAdmin,M3BE-ConfigAdmin,M3BE-ConfigUser,M3BE-LogEnabler,M3BE-SystemAdministrator,M3BE-DBAdmin-ReadToken,EVENTHUB-Administrator,EVENTHUB-User,M3MDP-USER,M3CE_About_Viewer,M3ENTERPRISESEARCH-Administrator,IPW-User,Birst-SystemAdministrator,Birst-User,MONGOOSE-UG-CoreFormsAdmin,MONGOOSE-UG-CoreFormsDeveloper,MONGOOSE-UG-CoreFormsEndUser,MONGOOSE-UG-CoreIDOs,MONGOOSE-LM-MGCoreAutomation,MONGOOSE-LM-MGCoreTrans,MONGOOSE-LM-MGDataViews,MONGOOSE-LM-MGDeveloper,MONGOOSE-LM-MGUserCreatedForms,MONGOOSE-LM-MGUserCreatedIDOs,MONGOOSE-LM-MGPAAS,MONGOOSE-LM-MGM3InterfaceForms,MONGOOSE-LM-MGM3InterfaceIDOs,MONGOOSE-LM-MGAppBuilder,APPBUILDER-Administrator,APPBUILDER-User,APPBUILDER-Designer,LCLLSP-User,LCLLSP-Admin,LCLLSP-PrivilegedUser,LCLLSP-ServiceAdmin,LCLLSP-AppAdmin,LCLLSP-SupAdmin,LCLLSP-StdAdmin,LCLLSP-StdUser,M3A Administrators,M3A Developers,M3A Procurement,M3A Finance,M3A Production,M3ADISBIRST-Model-Administrator,M3ADISBIRST-Extension-Administrator,M3ADISBIRST-Consumer-Administrator,M3ADISBIRST-User,M3A Warehouse,M3A Default Subject Area,IFSApplicationAdmin,IFS-ShowUserManagementUI,IFS-GroupsAdmin,IFS-GroupsUpdate,IFS-GroupsReadOnlyUser,IFS-ReadOnly,M3MDP-TESTAPI,INBOX-Admin,M3DMP-Contributor,M3UI-Approver,M3A Opportunity Management,IONAPI-Developer,M3CPW-User,IAD-DataMaintainer,IAD-Designer,IAD-Publisher,IAD-TemplateBuilder,M3ACM-User,M3ACM-Viewer,IPI-ModelerAdmin,IPI-ModelerViewer,IPI-ModelerDesigner,PORTAL-ContentPublisher,M3BE-PowerUser,M3BE-LicenseType1,M3BE-LicenseType2,M3BE-LicenseType3,M3BE-LicenseType6-FT,M3BE-LicenseType6-SHUB,M3HealthService-Administrator,IONAPI-BaaS-Administrator,IONAPI-BaaS-DataAdministrator,IONAPI-BaaS-Developer,IONAPI-BaaS-User,M3BE-DBUpdater,DATAFABRIC-HealthServiceAdmin,PORTAL-AnnouncementAdministrator,M3BE-DBAdmin-PrdToken,M3BE-LicenseType4,SMARTHELP-Administrator,IFSApplicationAdmin,,,,,,,,,,,,
4211fec1-a0ed-42e0-a179-9c570a7adda7,Umesh,Patil,umesh.patil@doppiogroup.com,SA,Active,,4211fec1-a0ed-42e0-a179-9c570a7adda7,umesh.patil@doppiogroup.com,2025-11-18T06:24:24-08:00,2026-08-19T02:15:17-07:00,umesh.patil@doppiogroup.com,,,,,,,,UPATIL01,USERADMIN,DataAdministrator,Infor-SystemAdministrator,IFS-ExternalEntityAdmin,IFS-ReadOnlyUser,IFS-AuditReportUser,IFS-AuditAdministrator,IFS-MonitorReportUser,IFS-MonitorAdministrator,IFS-PasswordAdmin,MingleEnterprise,Infor-SuiteUser,MingleIONEnabled,MingleAdministrator,MingleDataAdministrator,PORTAL-User,PORTAL-ContentAdministrator,GRID-SystemAdministrator,GRID-Viewer,GRID-Administrator,HOMEPAGES-Administrator,HOMEPAGES-ContentAdministrator,HOMEPAGES-User,HOMEPAGES-ContentSupport,IONDeskSecurityAdmin,IONDeskAdmin,IONContentProvider,IONDeskOAuthGenerator,Mingle-LocatorView,IFSAdminContact,IONAPI-Tracing,IONAPI-User,IONAPI-Administrator,DATALAKE-User,DATALAKE-DataAdministrator,DATALAKE-SystemAdministrator,DECISIONSERVICE-Editor,DECISIONSERVICE-Approver,INBOX-PowerUser,SmartHelpUser,IDM-User,IDM-AdvancedUser,IDM-Administrator,IDM-SuperUser,IDM-RelatedInformationUser,IDM-SignatureUser,GDPR-Collaboration-ChiefDataProtectionOfficer,GDPR-Collaboration-DataProtectionOfficer,GDPR-App-Administrator,DATAFABRIC-SuperAdmin,DATAFABRIC-User,ENTERPRISESEARCH-Admin,ENTERPRISESEARCH-User,ENTERPRISESEARCH-PowerUser,M3EC-Administrator,M3EC-User,M3EC-ClientDesigntime,M3-DLSubscriptionAdmin,M3BE-FATAdmin-Exporter,M3UI-StartPageAdministrator,M3UI-DebugUser,M3UI-Administrator,M3UI-USER,M3UI-Designer,M3BDP-Administrator,M3BDP-USER,MASHUP-Administrator,MASHUP-User,IECEC-Administrator,IECEC-User,M3BE-FATAdmin,M3BE-FndAdmin,M3BE-FndUser,M3BE-ServicesAdmin,M3BE-CryptoAdmin,M3BE-ExtensionsAdmin,M3BE-ExtensionsViewer,M3BE-DBViewer,M3BE-DBAdmin,M3BE-FndFlagAdmin,M3BE-FileViewer,M3BE-FileAdmin,M3BE-ConfigAdmin,M3BE-ConfigUser,M3BE-LogEnabler,M3BE-SystemAdministrator,M3BE-DBAdmin-ReadToken,EVENTHUB-Administrator,EVENTHUB-User,M3MDP-USER,M3CE_About_Viewer,M3ENTERPRISESEARCH-Administrator,IPW-User,Birst-SystemAdministrator,Birst-User,MONGOOSE-UG-CoreFormsAdmin,MONGOOSE-UG-CoreFormsDeveloper,MONGOOSE-UG-CoreFormsEndUser,MONGOOSE-UG-CoreIDOs,MONGOOSE-LM-MGCoreAutomation,MONGOOSE-LM-MGCoreTrans,MONGOOSE-LM-MGDataViews,MONGOOSE-LM-MGDeveloper,MONGOOSE-LM-MGUserCreatedForms,MONGOOSE-LM-MGUserCreatedIDOs,MONGOOSE-LM-MGPAAS,MONGOOSE-LM-MGM3InterfaceForms,MONGOOSE-LM-MGM3InterfaceIDOs,MONGOOSE-LM-MGAppBuilder,APPBUILDER-Administrator,APPBUILDER-User,APPBUILDER-Designer,LCLLSP-User,LCLLSP-Admin,LCLLSP-PrivilegedUser,LCLLSP-ServiceAdmin,LCLLSP-AppAdmin,LCLLSP-SupAdmin,LCLLSP-StdAdmin,LCLLSP-StdUser,M3A Administrators,M3A Developers,M3A Procurement,M3A Finance,M3A Production,M3ADISBIRST-Model-Administrator,M3ADISBIRST-Extension-Administrator,M3ADISBIRST-Consumer-Administrator,M3ADISBIRST-User,M3A Warehouse,M3A Default Subject Area,IFSApplicationAdmin,IFS-ShowUserManagementUI,IFS-GroupsAdmin,IFS-GroupsUpdate,IFS-GroupsReadOnlyUser,IFS-ReadOnly,M3MDP-TESTAPI,INBOX-Admin,M3DMP-Contributor,M3UI-Approver,M3A Opportunity Management,IONAPI-Developer,M3CPW-User,IAD-DataMaintainer,IAD-Designer,IAD-Publisher,IAD-TemplateBuilder,M3ACM-User,M3ACM-Viewer,IPI-ModelerAdmin,IPI-ModelerViewer,IPI-ModelerDesigner,PORTAL-ContentPublisher,M3BE-PowerUser,M3BE-LicenseType1,M3BE-LicenseType2,M3BE-LicenseType3,M3BE-LicenseType6-FT,M3BE-LicenseType6-SHUB,M3HealthService-Administrator,IONAPI-BaaS-Administrator,IONAPI-BaaS-DataAdministrator,IONAPI-BaaS-Developer,IONAPI-BaaS-User,M3BE-DBUpdater,DATAFABRIC-HealthServiceAdmin,PORTAL-AnnouncementAdministrator,M3BE-DBAdmin-PrdToken,M3BE-LicenseType4,SMARTHELP-Administrator,IFSApplicationAdmin,,,,,,,,,,,,
f6e5d8f2-a0c5-4a7a-a1bb-070a5761f3c0,Thomas,Hagberg,thomas.hagberg@horsa.com,Infor M3 Principal Solution Architect,Active,,f6e5d8f2-a0c5-4a7a-a1bb-070a5761f3c0,thomas.hagberg@horsa.com,2025-11-21T06:50:30-08:00,2026-08-24T02:11:11-07:00,thomas.hagberg@horsa.com,,,,,,,,THAGBERG,USERADMIN,DataAdministrator,Infor-SystemAdministrator,IFS-ExternalEntityAdmin,IFS-ReadOnlyUser,IFS-AuditReportUser,IFS-AuditAdministrator,IFS-MonitorReportUser,IFS-MonitorAdministrator,IFS-PasswordAdmin,MingleEnterprise,Infor-SuiteUser,MingleIONEnabled,MingleAdministrator,MingleDataAdministrator,PORTAL-User,PORTAL-ContentAdministrator,GRID-SystemAdministrator,GRID-Viewer,GRID-Administrator,HOMEPAGES-Administrator,HOMEPAGES-ContentAdministrator,HOMEPAGES-User,HOMEPAGES-ContentSupport,IONDeskSecurityAdmin,IONDeskAdmin,IONContentProvider,IONDeskOAuthGenerator,Mingle-LocatorView,IFSAdminContact,IONAPI-Tracing,IONAPI-User,IONAPI-Administrator,DATALAKE-User,DATALAKE-DataAdministrator,DATALAKE-SystemAdministrator,DECISIONSERVICE-Editor,DECISIONSERVICE-Approver,INBOX-PowerUser,SmartHelpUser,IDM-User,IDM-AdvancedUser,IDM-Administrator,IDM-SuperUser,IDM-RelatedInformationUser,IDM-SignatureUser,GDPR-Collaboration-ChiefDataProtectionOfficer,GDPR-Collaboration-DataProtectionOfficer,GDPR-App-Administrator,DATAFABRIC-SuperAdmin,DATAFABRIC-User,ENTERPRISESEARCH-Admin,ENTERPRISESEARCH-User,ENTERPRISESEARCH-PowerUser,M3EC-Administrator,M3EC-User,M3EC-ClientDesigntime,M3-DLSubscriptionAdmin,M3BE-FATAdmin-Exporter,M3UI-StartPageAdministrator,M3UI-DebugUser,M3UI-Administrator,M3UI-USER,M3UI-Designer,M3BDP-Administrator,M3BDP-USER,MASHUP-Administrator,MASHUP-User,IECEC-Administrator,IECEC-User,M3BE-FATAdmin,M3BE-FndAdmin,M3BE-FndUser,M3BE-ServicesAdmin,M3BE-CryptoAdmin,M3BE-ExtensionsAdmin,M3BE-ExtensionsViewer,M3BE-DBViewer,M3BE-DBAdmin,M3BE-FndFlagAdmin,M3BE-FileViewer,M3BE-FileAdmin,M3BE-ConfigAdmin,M3BE-ConfigUser,M3BE-LogEnabler,M3BE-SystemAdministrator,M3BE-DBAdmin-ReadToken,EVENTHUB-Administrator,EVENTHUB-User,M3MDP-USER,M3CE_About_Viewer,M3ENTERPRISESEARCH-Administrator,IPW-User,Birst-SystemAdministrator,Birst-User,MONGOOSE-UG-CoreFormsAdmin,MONGOOSE-UG-CoreFormsDeveloper,MONGOOSE-UG-CoreFormsEndUser,MONGOOSE-UG-CoreIDOs,MONGOOSE-LM-MGCoreAutomation,MONGOOSE-LM-MGCoreTrans,MONGOOSE-LM-MGDataViews,MONGOOSE-LM-MGDeveloper,MONGOOSE-LM-MGUserCreatedForms,MONGOOSE-LM-MGUserCreatedIDOs,MONGOOSE-LM-MGPAAS,MONGOOSE-LM-MGM3InterfaceForms,MONGOOSE-LM-MGM3InterfaceIDOs,MONGOOSE-LM-MGAppBuilder,APPBUILDER-Administrator,APPBUILDER-User,APPBUILDER-Designer,LCLLSP-User,LCLLSP-Admin,LCLLSP-PrivilegedUser,LCLLSP-ServiceAdmin,LCLLSP-AppAdmin,LCLLSP-SupAdmin,LCLLSP-StdAdmin,LCLLSP-StdUser,M3A Administrators,M3A Developers,M3A Procurement,M3A Finance,M3A Production,M3ADISBIRST-Model-Administrator,M3ADISBIRST-Extension-Administrator,M3ADISBIRST-Consumer-Administrator,M3ADISBIRST-User,M3A Warehouse,M3A Default Subject Area,IFSApplicationAdmin,IFS-ShowUserManagementUI,IFS-GroupsAdmin,IFS-GroupsUpdate,IFS-GroupsReadOnlyUser,IFS-ReadOnly,M3MDP-TESTAPI,INBOX-Admin,M3DMP-Contributor,M3UI-Approver,M3A Opportunity Management,IONAPI-Developer,M3CPW-User,IAD-DataMaintainer,IAD-Designer,IAD-Publisher,IAD-TemplateBuilder,M3ACM-User,M3ACM-Viewer,IPI-ModelerAdmin,IPI-ModelerViewer,IPI-ModelerDesigner,PORTAL-ContentPublisher,M3BE-PowerUser,M3BE-LicenseType1,M3BE-LicenseType2,M3BE-LicenseType3,M3BE-LicenseType6-FT,M3BE-LicenseType6-SHUB,M3HealthService-Administrator,IONAPI-BaaS-Administrator,IONAPI-BaaS-DataAdministrator,IONAPI-BaaS-Developer,IONAPI-BaaS-User,M3BE-DBUpdater,DATAFABRIC-HealthServiceAdmin,PORTAL-AnnouncementAdministrator,M3BE-DBAdmin-PrdToken,M3BE-LicenseType4,SMARTHELP-Administrator,IFSApplicationAdmin,,,,,,,,,,,,
f15e5100-4585-490f-b233-438df3bee056,Jerry,Thengberg,jth@tpartners.se,Infor M3 Finance Consultant,Active,,f15e5100-4585-490f-b233-438df3bee056,jth@tpartners.se,2025-11-21T06:57:30-08:00,2026-07-23T04:06:08-07:00,jth@tpartners.se,,,,,,,,JTENGBERG,USERADMIN,DataAdministrator,Infor-SystemAdministrator,IFS-ExternalEntityAdmin,IFS-ReadOnlyUser,IFS-AuditReportUser,IFS-AuditAdministrator,IFS-MonitorReportUser,IFS-MonitorAdministrator,IFS-PasswordAdmin,MingleEnterprise,Infor-SuiteUser,MingleIONEnabled,MingleAdministrator,MingleDataAdministrator,PORTAL-User,PORTAL-ContentAdministrator,GRID-SystemAdministrator,GRID-Viewer,GRID-Administrator,HOMEPAGES-Administrator,HOMEPAGES-ContentAdministrator,HOMEPAGES-User,HOMEPAGES-ContentSupport,IONDeskSecurityAdmin,IONDeskAdmin,IONContentProvider,IONDeskOAuthGenerator,Mingle-LocatorView,IFSAdminContact,IONAPI-Tracing,IONAPI-User,IONAPI-Administrator,DATALAKE-User,DATALAKE-DataAdministrator,DATALAKE-SystemAdministrator,DECISIONSERVICE-Editor,DECISIONSERVICE-Approver,INBOX-PowerUser,SmartHelpUser,IDM-User,IDM-AdvancedUser,IDM-Administrator,IDM-SuperUser,IDM-RelatedInformationUser,IDM-SignatureUser,GDPR-Collaboration-ChiefDataProtectionOfficer,GDPR-Collaboration-DataProtectionOfficer,GDPR-App-Administrator,DATAFABRIC-SuperAdmin,DATAFABRIC-User,ENTERPRISESEARCH-Admin,ENTERPRISESEARCH-User,ENTERPRISESEARCH-PowerUser,M3EC-Administrator,M3EC-User,M3EC-ClientDesigntime,M3-DLSubscriptionAdmin,M3BE-FATAdmin-Exporter,M3UI-StartPageAdministrator,M3UI-DebugUser,M3UI-Administrator,M3UI-USER,M3UI-Designer,M3BDP-Administrator,M3BDP-USER,MASHUP-Administrator,MASHUP-User,IECEC-Administrator,IECEC-User,M3BE-FATAdmin,M3BE-FndAdmin,M3BE-FndUser,M3BE-ServicesAdmin,M3BE-CryptoAdmin,M3BE-ExtensionsAdmin,M3BE-ExtensionsViewer,M3BE-DBViewer,M3BE-DBAdmin,M3BE-FndFlagAdmin,M3BE-FileViewer,M3BE-FileAdmin,M3BE-ConfigAdmin,M3BE-ConfigUser,M3BE-LogEnabler,M3BE-SystemAdministrator,M3BE-DBAdmin-ReadToken,EVENTHUB-Administrator,EVENTHUB-User,M3MDP-USER,M3CE_About_Viewer,M3ENTERPRISESEARCH-Administrator,IPW-User,Birst-SystemAdministrator,Birst-User,MONGOOSE-UG-CoreFormsAdmin,MONGOOSE-UG-CoreFormsDeveloper,MONGOOSE-UG-CoreFormsEndUser,MONGOOSE-UG-CoreIDOs,MONGOOSE-LM-MGCoreAutomation,MONGOOSE-LM-MGCoreTrans,MONGOOSE-LM-MGDataViews,MONGOOSE-LM-MGDeveloper,MONGOOSE-LM-MGUserCreatedForms,MONGOOSE-LM-MGUserCreatedIDOs,MONGOOSE-LM-MGPAAS,MONGOOSE-LM-MGM3InterfaceForms,MONGOOSE-LM-MGM3InterfaceIDOs,MONGOOSE-LM-MGAppBuilder,APPBUILDER-Administrator,APPBUILDER-User,APPBUILDER-Designer,LCLLSP-User,LCLLSP-Admin,LCLLSP-PrivilegedUser,LCLLSP-ServiceAdmin,LCLLSP-AppAdmin,LCLLSP-SupAdmin,LCLLSP-StdAdmin,LCLLSP-StdUser,M3A Administrators,M3A Developers,M3A Procurement,M3A Finance,M3A Production,M3ADISBIRST-Model-Administrator,M3ADISBIRST-Extension-Administrator,M3ADISBIRST-Consumer-Administrator,M3ADISBIRST-User,M3A Warehouse,M3A Default Subject Area,IFSApplicationAdmin,IFS-ShowUserManagementUI,IFS-GroupsAdmin,IFS-GroupsUpdate,IFS-GroupsReadOnlyUser,IFS-ReadOnly,M3MDP-TESTAPI,INBOX-Admin,M3DMP-Contributor,M3UI-Approver,M3A Opportunity Management,IONAPI-Developer,M3CPW-User,IAD-DataMaintainer,IAD-Designer,IAD-Publisher,IAD-TemplateBuilder,M3ACM-User,M3ACM-Viewer,IPI-ModelerAdmin,IPI-ModelerViewer,IPI-ModelerDesigner,PORTAL-ContentPublisher,M3BE-PowerUser,M3BE-LicenseType1,M3BE-LicenseType2,M3BE-LicenseType3,M3BE-LicenseType6-FT,M3BE-LicenseType6-SHUB,M3HealthService-Administrator,IONAPI-BaaS-Administrator,IONAPI-BaaS-DataAdministrator,IONAPI-BaaS-Developer,IONAPI-BaaS-User,M3BE-DBUpdater,DATAFABRIC-HealthServiceAdmin,PORTAL-AnnouncementAdministrator,M3BE-DBAdmin-PrdToken,M3BE-LicenseType4,SMARTHELP-Administrator,IFSApplicationAdmin,,,,,,,,,,,,
0091fa31-3ecb-492d-a74c-eeffb067de92,Agustin,Benavides,Agustin.Benavides@columbusglobal.com,Consultant M3,Active,,0091fa31-3ecb-492d-a74c-eeffb067de92,Agustin.Benavides@columbusglobal.com,2025-12-03T12:55:35-08:00,2026-08-25T08:24:07-07:00,Agustin.Benavides@columbusglobal.com,,,,,,,,ABENAVIDES,USERADMIN,DataAdministrator,Infor-SystemAdministrator,IFS-ExternalEntityAdmin,IFS-ReadOnlyUser,IFS-AuditReportUser,IFS-AuditAdministrator,IFS-MonitorReportUser,IFS-MonitorAdministrator,IFS-PasswordAdmin,MingleEnterprise,Infor-SuiteUser,MingleIONEnabled,MingleAdministrator,MingleDataAdministrator,PORTAL-User,PORTAL-ContentAdministrator,GRID-SystemAdministrator,GRID-Viewer,GRID-Administrator,HOMEPAGES-Administrator,HOMEPAGES-ContentAdministrator,HOMEPAGES-User,HOMEPAGES-ContentSupport,IONDeskSecurityAdmin,IONDeskAdmin,IONContentProvider,IONDeskOAuthGenerator,Mingle-LocatorView,IFSAdminContact,IONAPI-Tracing,IONAPI-User,IONAPI-Administrator,DATALAKE-User,DATALAKE-DataAdministrator,DATALAKE-SystemAdministrator,DECISIONSERVICE-Editor,DECISIONSERVICE-Approver,INBOX-PowerUser,SmartHelpUser,IDM-User,IDM-AdvancedUser,IDM-Administrator,IDM-SuperUser,IDM-RelatedInformationUser,IDM-SignatureUser,GDPR-Collaboration-ChiefDataProtectionOfficer,GDPR-Collaboration-DataProtectionOfficer,GDPR-App-Administrator,DATAFABRIC-SuperAdmin,DATAFABRIC-User,ENTERPRISESEARCH-Admin,ENTERPRISESEARCH-User,ENTERPRISESEARCH-PowerUser,M3EC-Administrator,M3EC-User,M3EC-ClientDesigntime,M3-DLSubscriptionAdmin,M3BE-FATAdmin-Exporter,M3UI-StartPageAdministrator,M3UI-DebugUser,M3UI-Administrator,M3UI-USER,M3UI-Designer,M3BDP-Administrator,M3BDP-USER,MASHUP-Administrator,MASHUP-User,IECEC-Administrator,IECEC-User,M3BE-FATAdmin,M3BE-FndAdmin,M3BE-FndUser,M3BE-ServicesAdmin,M3BE-CryptoAdmin,M3BE-ExtensionsAdmin,M3BE-ExtensionsViewer,M3BE-DBViewer,M3BE-DBAdmin,M3BE-FndFlagAdmin,M3BE-FileViewer,M3BE-FileAdmin,M3BE-ConfigAdmin,M3BE-ConfigUser,M3BE-LogEnabler,M3BE-SystemAdministrator,M3BE-DBAdmin-ReadToken,EVENTHUB-Administrator,EVENTHUB-User,M3MDP-USER,M3CE_About_Viewer,M3ENTERPRISESEARCH-Administrator,IPW-User,Birst-SystemAdministrator,Birst-User,MONGOOSE-UG-CoreFormsAdmin,MONGOOSE-UG-CoreFormsDeveloper,MONGOOSE-UG-CoreFormsEndUser,MONGOOSE-UG-CoreIDOs,MONGOOSE-LM-MGCoreAutomation,MONGOOSE-LM-MGCoreTrans,MONGOOSE-LM-MGDataViews,MONGOOSE-LM-MGDeveloper,MONGOOSE-LM-MGUserCreatedForms,MONGOOSE-LM-MGUserCreatedIDOs,MONGOOSE-LM-MGPAAS,MONGOOSE-LM-MGM3InterfaceForms,MONGOOSE-LM-MGM3InterfaceIDOs,MONGOOSE-LM-MGAppBuilder,APPBUILDER-Administrator,APPBUILDER-User,APPBUILDER-Designer,LCLLSP-User,LCLLSP-Admin,LCLLSP-PrivilegedUser,LCLLSP-ServiceAdmin,LCLLSP-AppAdmin,LCLLSP-SupAdmin,LCLLSP-StdAdmin,LCLLSP-StdUser,M3A Administrators,M3A Developers,M3A Procurement,M3A Finance,M3A Production,M3ADISBIRST-Model-Administrator,M3ADISBIRST-Extension-Administrator,M3ADISBIRST-Consumer-Administrator,M3ADISBIRST-User,M3A Warehouse,M3A Default Subject Area,IFSApplicationAdmin,IFS-ShowUserManagementUI,IFS-GroupsAdmin,IFS-GroupsUpdate,IFS-GroupsReadOnlyUser,IFS-ReadOnly,M3MDP-TESTAPI,INBOX-Admin,M3DMP-Contributor,M3UI-Approver,M3A Opportunity Management,IONAPI-Developer,M3CPW-User,IAD-DataMaintainer,IAD-Designer,IAD-Publisher,IAD-TemplateBuilder,M3ACM-User,M3ACM-Viewer,IPI-ModelerAdmin,IPI-ModelerViewer,IPI-ModelerDesigner,PORTAL-ContentPublisher,M3BE-PowerUser,M3BE-LicenseType1,M3BE-LicenseType2,M3BE-LicenseType3,M3BE-LicenseType6-FT,M3BE-LicenseType6-SHUB,M3HealthService-Administrator,IONAPI-BaaS-Administrator,IONAPI-BaaS-DataAdministrator,IONAPI-BaaS-Developer,IONAPI-BaaS-User,M3BE-DBUpdater,DATAFABRIC-HealthServiceAdmin,PORTAL-AnnouncementAdministrator,M3BE-DBAdmin-PrdToken,M3BE-LicenseType4,SMARTHELP-Administrator,IFSApplicationAdmin,,,,,,,,,,,,
c7d86715-ebe0-4c32-9790-ea08ff650876,Magnus,Carlsson,Magnus.Carlsson@horsa.com,Consultant M3,Active,,c7d86715-ebe0-4c32-9790-ea08ff650876,Magnus.Carlsson@horsa.com,2025-12-03T13:13:07-08:00,,Magnus.Carlsson@horsa.com,,,,,,,,MCARLSSON,USERADMIN,DataAdministrator,Infor-SystemAdministrator,IFS-ExternalEntityAdmin,IFS-ReadOnlyUser,IFS-AuditReportUser,IFS-AuditAdministrator,IFS-MonitorReportUser,IFS-MonitorAdministrator,IFS-PasswordAdmin,MingleEnterprise,Infor-SuiteUser,MingleIONEnabled,MingleAdministrator,MingleDataAdministrator,PORTAL-User,PORTAL-ContentAdministrator,GRID-SystemAdministrator,GRID-Viewer,GRID-Administrator,HOMEPAGES-Administrator,HOMEPAGES-ContentAdministrator,HOMEPAGES-User,HOMEPAGES-ContentSupport,IONDeskSecurityAdmin,IONDeskAdmin,IONContentProvider,IONDeskOAuthGenerator,Mingle-LocatorView,IFSAdminContact,IONAPI-Tracing,IONAPI-User,IONAPI-Administrator,DATALAKE-User,DATALAKE-DataAdministrator,DATALAKE-SystemAdministrator,DECISIONSERVICE-Editor,DECISIONSERVICE-Approver,INBOX-PowerUser,SmartHelpUser,IDM-User,IDM-AdvancedUser,IDM-Administrator,IDM-SuperUser,IDM-RelatedInformationUser,IDM-SignatureUser,GDPR-Collaboration-ChiefDataProtectionOfficer,GDPR-Collaboration-DataProtectionOfficer,GDPR-App-Administrator,DATAFABRIC-SuperAdmin,DATAFABRIC-User,ENTERPRISESEARCH-Admin,ENTERPRISESEARCH-User,ENTERPRISESEARCH-PowerUser,M3EC-Administrator,M3EC-User,M3EC-ClientDesigntime,M3-DLSubscriptionAdmin,M3BE-FATAdmin-Exporter,M3UI-StartPageAdministrator,M3UI-DebugUser,M3UI-Administrator,M3UI-USER,M3UI-Designer,M3BDP-Administrator,M3BDP-USER,MASHUP-Administrator,MASHUP-User,IECEC-Administrator,IECEC-User,M3BE-FATAdmin,M3BE-FndAdmin,M3BE-FndUser,M3BE-ServicesAdmin,M3BE-CryptoAdmin,M3BE-ExtensionsAdmin,M3BE-ExtensionsViewer,M3BE-DBViewer,M3BE-DBAdmin,M3BE-FndFlagAdmin,M3BE-FileViewer,M3BE-FileAdmin,M3BE-ConfigAdmin,M3BE-ConfigUser,M3BE-LogEnabler,M3BE-SystemAdministrator,M3BE-DBAdmin-ReadToken,EVENTHUB-Administrator,EVENTHUB-User,M3MDP-USER,M3CE_About_Viewer,M3ENTERPRISESEARCH-Administrator,IPW-User,Birst-SystemAdministrator,Birst-User,MONGOOSE-UG-CoreFormsAdmin,MONGOOSE-UG-CoreFormsDeveloper,MONGOOSE-UG-CoreFormsEndUser,MONGOOSE-UG-CoreIDOs,MONGOOSE-LM-MGCoreAutomation,MONGOOSE-LM-MGCoreTrans,MONGOOSE-LM-MGDataViews,MONGOOSE-LM-MGDeveloper,MONGOOSE-LM-MGUserCreatedForms,MONGOOSE-LM-MGUserCreatedIDOs,MONGOOSE-LM-MGPAAS,MONGOOSE-LM-MGM3InterfaceForms,MONGOOSE-LM-MGM3InterfaceIDOs,MONGOOSE-LM-MGAppBuilder,APPBUILDER-Administrator,APPBUILDER-User,APPBUILDER-Designer,LCLLSP-User,LCLLSP-Admin,LCLLSP-PrivilegedUser,LCLLSP-ServiceAdmin,LCLLSP-AppAdmin,LCLLSP-SupAdmin,LCLLSP-StdAdmin,LCLLSP-StdUser,M3A Administrators,M3A Developers,M3A Procurement,M3A Finance,M3A Production,M3ADISBIRST-Model-Administrator,M3ADISBIRST-Extension-Administrator,M3ADISBIRST-Consumer-Administrator,M3ADISBIRST-User,M3A Warehouse,M3A Default Subject Area,IFSApplicationAdmin,IFS-ShowUserManagementUI,IFS-GroupsAdmin,IFS-GroupsUpdate,IFS-GroupsReadOnlyUser,IFS-ReadOnly,M3MDP-TESTAPI,INBOX-Admin,M3DMP-Contributor,M3UI-Approver,M3A Opportunity Management,IONAPI-Developer,M3CPW-User,IAD-DataMaintainer,IAD-Designer,IAD-Publisher,IAD-TemplateBuilder,M3ACM-User,M3ACM-Viewer,IPI-ModelerAdmin,IPI-ModelerViewer,IPI-ModelerDesigner,PORTAL-ContentPublisher,M3BE-PowerUser,M3BE-LicenseType1,M3BE-LicenseType2,M3BE-LicenseType3,M3BE-LicenseType6-FT,M3BE-LicenseType6-SHUB,M3HealthService-Administrator,IONAPI-BaaS-Administrator,IONAPI-BaaS-DataAdministrator,IONAPI-BaaS-Developer,IONAPI-BaaS-User,M3BE-DBUpdater,DATAFABRIC-HealthServiceAdmin,PORTAL-AnnouncementAdministrator,M3BE-DBAdmin-PrdToken,M3BE-LicenseType4,SMARTHELP-Administrator,IFSApplicationAdmin,,,,,,,,,,,,
2853f833-21f7-427f-ba5d-29e7ee84e4eb,David,Wu,david@doppiogroup.com,Consultant,Active,,2853f833-21f7-427f-ba5d-29e7ee84e4eb,david@doppiogroup.com,2025-12-04T15:58:55-08:00,2026-08-27T10:31:53-07:00,david@doppiogroup.com,,,,,,,,DWU,USERADMIN,DataAdministrator,Infor-SystemAdministrator,IFS-ExternalEntityAdmin,IFS-ReadOnlyUser,IFS-AuditReportUser,IFS-AuditAdministrator,IFS-MonitorReportUser,IFS-MonitorAdministrator,IFS-PasswordAdmin,MingleEnterprise,Infor-SuiteUser,MingleIONEnabled,MingleAdministrator,MingleDataAdministrator,PORTAL-User,PORTAL-ContentAdministrator,GRID-SystemAdministrator,GRID-Viewer,GRID-Administrator,HOMEPAGES-Administrator,HOMEPAGES-ContentAdministrator,HOMEPAGES-User,HOMEPAGES-ContentSupport,IONDeskSecurityAdmin,IONDeskAdmin,IONContentProvider,IONDeskOAuthGenerator,Mingle-LocatorView,IFSAdminContact,IONAPI-Tracing,IONAPI-User,IONAPI-Administrator,DATALAKE-User,DATALAKE-DataAdministrator,DATALAKE-SystemAdministrator,DECISIONSERVICE-Editor,DECISIONSERVICE-Approver,INBOX-PowerUser,SmartHelpUser,IDM-User,IDM-AdvancedUser,IDM-Administrator,IDM-SuperUser,IDM-RelatedInformationUser,IDM-SignatureUser,GDPR-Collaboration-ChiefDataProtectionOfficer,GDPR-Collaboration-DataProtectionOfficer,GDPR-App-Administrator,DATAFABRIC-SuperAdmin,DATAFABRIC-User,ENTERPRISESEARCH-Admin,ENTERPRISESEARCH-User,ENTERPRISESEARCH-PowerUser,M3EC-Administrator,M3EC-User,M3EC-ClientDesigntime,M3-DLSubscriptionAdmin,M3BE-FATAdmin-Exporter,M3UI-StartPageAdministrator,M3UI-DebugUser,M3UI-Administrator,M3UI-USER,M3UI-Designer,M3BDP-Administrator,M3BDP-USER,MASHUP-Administrator,MASHUP-User,IECEC-Administrator,IECEC-User,M3BE-FATAdmin,M3BE-FndAdmin,M3BE-FndUser,M3BE-ServicesAdmin,M3BE-CryptoAdmin,M3BE-ExtensionsAdmin,M3BE-ExtensionsViewer,M3BE-DBViewer,M3BE-DBAdmin,M3BE-FndFlagAdmin,M3BE-FileViewer,M3BE-FileAdmin,M3BE-ConfigAdmin,M3BE-ConfigUser,M3BE-LogEnabler,M3BE-SystemAdministrator,M3BE-DBAdmin-ReadToken,EVENTHUB-Administrator,EVENTHUB-User,M3MDP-USER,M3CE_About_Viewer,M3ENTERPRISESEARCH-Administrator,IPW-User,Birst-SystemAdministrator,Birst-User,MONGOOSE-UG-CoreFormsAdmin,MONGOOSE-UG-CoreFormsDeveloper,MONGOOSE-UG-CoreFormsEndUser,MONGOOSE-UG-CoreIDOs,MONGOOSE-LM-MGCoreAutomation,MONGOOSE-LM-MGCoreTrans,MONGOOSE-LM-MGDataViews,MONGOOSE-LM-MGDeveloper,MONGOOSE-LM-MGUserCreatedForms,MONGOOSE-LM-MGUserCreatedIDOs,MONGOOSE-LM-MGPAAS,MONGOOSE-LM-MGM3InterfaceForms,MONGOOSE-LM-MGM3InterfaceIDOs,MONGOOSE-LM-MGAppBuilder,APPBUILDER-Administrator,APPBUILDER-User,APPBUILDER-Designer,LCLLSP-User,LCLLSP-Admin,LCLLSP-PrivilegedUser,LCLLSP-ServiceAdmin,LCLLSP-AppAdmin,LCLLSP-SupAdmin,LCLLSP-StdAdmin,LCLLSP-StdUser,M3A Administrators,M3A Developers,M3A Procurement,M3A Finance,M3A Production,M3ADISBIRST-Model-Administrator,M3ADISBIRST-Extension-Administrator,M3ADISBIRST-Consumer-Administrator,M3ADISBIRST-User,M3A Warehouse,M3A Default Subject Area,IFSApplicationAdmin,IFS-ShowUserManagementUI,IFS-GroupsAdmin,IFS-GroupsUpdate,IFS-GroupsReadOnlyUser,IFS-ReadOnly,M3MDP-TESTAPI,INBOX-Admin,M3DMP-Contributor,M3UI-Approver,M3A Opportunity Management,IONAPI-Developer,M3CPW-User,IAD-DataMaintainer,IAD-Designer,IAD-Publisher,IAD-TemplateBuilder,M3ACM-User,M3ACM-Viewer,IPI-ModelerAdmin,IPI-ModelerViewer,IPI-ModelerDesigner,PORTAL-ContentPublisher,M3BE-PowerUser,M3BE-LicenseType1,M3BE-LicenseType2,M3BE-LicenseType3,M3BE-LicenseType6-FT,M3BE-LicenseType6-SHUB,M3HealthService-Administrator,IONAPI-BaaS-Administrator,IONAPI-BaaS-DataAdministrator,IONAPI-BaaS-Developer,IONAPI-BaaS-User,M3BE-DBUpdater,DATAFABRIC-HealthServiceAdmin,PORTAL-AnnouncementAdministrator,M3BE-DBAdmin-PrdToken,M3BE-LicenseType4,SMARTHELP-Administrator,IFSApplicationAdmin,,,,,,,,,,,,
69d532b7-6122-4085-afe4-4872dc48a25a,Ines,Brandao,ines.brandao@doppiogroup.com,Senior Manager,Active,,69d532b7-6122-4085-afe4-4872dc48a25a,ines.brandao@doppiogroup.com,2025-12-12T10:51:57-08:00,2026-04-29T12:04:57-07:00,ines.brandao@doppiogroup.com,,,,,,,,IBRANDAO,USERADMIN,DataAdministrator,Infor-SystemAdministrator,IFS-ExternalEntityAdmin,IFS-ReadOnlyUser,IFS-AuditReportUser,IFS-AuditAdministrator,IFS-MonitorReportUser,IFS-MonitorAdministrator,IFS-PasswordAdmin,MingleEnterprise,Infor-SuiteUser,MingleIONEnabled,MingleAdministrator,MingleDataAdministrator,PORTAL-User,PORTAL-ContentAdministrator,GRID-SystemAdministrator,GRID-Viewer,GRID-Administrator,HOMEPAGES-Administrator,HOMEPAGES-ContentAdministrator,HOMEPAGES-User,HOMEPAGES-ContentSupport,IONDeskSecurityAdmin,IONDeskAdmin,IONContentProvider,IONDeskOAuthGenerator,Mingle-LocatorView,IFSAdminContact,IONAPI-Tracing,IONAPI-User,IONAPI-Administrator,DATALAKE-User,DATALAKE-DataAdministrator,DATALAKE-SystemAdministrator,DECISIONSERVICE-Editor,DECISIONSERVICE-Approver,INBOX-PowerUser,SmartHelpUser,IDM-User,IDM-AdvancedUser,IDM-Administrator,IDM-SuperUser,IDM-RelatedInformationUser,IDM-SignatureUser,GDPR-Collaboration-ChiefDataProtectionOfficer,GDPR-Collaboration-DataProtectionOfficer,GDPR-App-Administrator,DATAFABRIC-SuperAdmin,DATAFABRIC-User,ENTERPRISESEARCH-Admin,ENTERPRISESEARCH-User,ENTERPRISESEARCH-PowerUser,M3EC-Administrator,M3EC-User,M3EC-ClientDesigntime,M3-DLSubscriptionAdmin,M3BE-FATAdmin-Exporter,M3UI-StartPageAdministrator,M3UI-DebugUser,M3UI-Administrator,M3UI-USER,M3UI-Designer,M3BDP-Administrator,M3BDP-USER,MASHUP-Administrator,MASHUP-User,IECEC-Administrator,IECEC-User,M3BE-FATAdmin,M3BE-FndAdmin,M3BE-FndUser,M3BE-ServicesAdmin,M3BE-CryptoAdmin,M3BE-ExtensionsAdmin,M3BE-ExtensionsViewer,M3BE-DBViewer,M3BE-DBAdmin,M3BE-FndFlagAdmin,M3BE-FileViewer,M3BE-FileAdmin,M3BE-ConfigAdmin,M3BE-ConfigUser,M3BE-LogEnabler,M3BE-SystemAdministrator,M3BE-DBAdmin-ReadToken,EVENTHUB-Administrator,EVENTHUB-User,M3MDP-USER,M3CE_About_Viewer,M3ENTERPRISESEARCH-Administrator,IPW-User,Birst-SystemAdministrator,Birst-User,MONGOOSE-UG-CoreFormsAdmin,MONGOOSE-UG-CoreFormsDeveloper,MONGOOSE-UG-CoreFormsEndUser,MONGOOSE-UG-CoreIDOs,MONGOOSE-LM-MGCoreAutomation,MONGOOSE-LM-MGCoreTrans,MONGOOSE-LM-MGDataViews,MONGOOSE-LM-MGDeveloper,MONGOOSE-LM-MGUserCreatedForms,MONGOOSE-LM-MGUserCreatedIDOs,MONGOOSE-LM-MGPAAS,MONGOOSE-LM-MGM3InterfaceForms,MONGOOSE-LM-MGM3InterfaceIDOs,MONGOOSE-LM-MGAppBuilder,APPBUILDER-Administrator,APPBUILDER-User,APPBUILDER-Designer,LCLLSP-User,LCLLSP-Admin,LCLLSP-PrivilegedUser,LCLLSP-ServiceAdmin,LCLLSP-AppAdmin,LCLLSP-SupAdmin,LCLLSP-StdAdmin,LCLLSP-StdUser,M3A Administrators,M3A Developers,M3A Procurement,M3A Finance,M3A Production,M3ADISBIRST-Model-Administrator,M3ADISBIRST-Extension-Administrator,M3ADISBIRST-Consumer-Administrator,M3ADISBIRST-User,M3A Warehouse,M3A Default Subject Area,IFSApplicationAdmin,IFS-ShowUserManagementUI,IFS-GroupsAdmin,IFS-GroupsUpdate,IFS-GroupsReadOnlyUser,IFS-ReadOnly,M3MDP-TESTAPI,INBOX-Admin,M3DMP-Contributor,M3UI-Approver,M3A Opportunity Management,IONAPI-Developer,M3CPW-User,IAD-DataMaintainer,IAD-Designer,IAD-Publisher,IAD-TemplateBuilder,M3ACM-User,M3ACM-Viewer,IPI-ModelerAdmin,IPI-ModelerViewer,IPI-ModelerDesigner,PORTAL-ContentPublisher,M3BE-PowerUser,M3BE-LicenseType1,M3BE-LicenseType2,M3BE-LicenseType3,M3BE-LicenseType6-FT,M3BE-LicenseType6-SHUB,M3HealthService-Administrator,IONAPI-BaaS-Administrator,IONAPI-BaaS-DataAdministrator,IONAPI-BaaS-Developer,IONAPI-BaaS-User,M3BE-DBUpdater,DATAFABRIC-HealthServiceAdmin,PORTAL-AnnouncementAdministrator,M3BE-DBAdmin-PrdToken,M3BE-LicenseType4,SMARTHELP-Administrator,IFSApplicationAdmin,,,,,,,,,,,,
e0e11c93-745a-44eb-be9b-09282edf7e79,Suhas,Kalasapura,suhas@doppiogroup.com,Senior Consultant,Active,,e0e11c93-745a-44eb-be9b-09282edf7e79,suhas@doppiogroup.com,2025-12-16T10:38:21-08:00,2026-03-18T20:30:07-07:00,suhas@doppiogroup.com,,,,,,,,SUHAS,USERADMIN,DataAdministrator,Infor-SystemAdministrator,IFS-ExternalEntityAdmin,IFS-ReadOnlyUser,IFS-AuditReportUser,IFS-AuditAdministrator,IFS-MonitorReportUser,IFS-MonitorAdministrator,IFS-PasswordAdmin,MingleEnterprise,Infor-SuiteUser,MingleIONEnabled,MingleAdministrator,MingleDataAdministrator,PORTAL-User,PORTAL-ContentAdministrator,GRID-SystemAdministrator,GRID-Viewer,GRID-Administrator,HOMEPAGES-Administrator,HOMEPAGES-ContentAdministrator,HOMEPAGES-User,HOMEPAGES-ContentSupport,IONDeskSecurityAdmin,IONDeskAdmin,IONContentProvider,IONDeskOAuthGenerator,Mingle-LocatorView,IFSAdminContact,IONAPI-Tracing,IONAPI-User,IONAPI-Administrator,DATALAKE-User,DATALAKE-DataAdministrator,DATALAKE-SystemAdministrator,DECISIONSERVICE-Editor,DECISIONSERVICE-Approver,INBOX-PowerUser,SmartHelpUser,IDM-User,IDM-AdvancedUser,IDM-Administrator,IDM-SuperUser,IDM-RelatedInformationUser,IDM-SignatureUser,GDPR-Collaboration-ChiefDataProtectionOfficer,GDPR-Collaboration-DataProtectionOfficer,GDPR-App-Administrator,DATAFABRIC-SuperAdmin,DATAFABRIC-User,ENTERPRISESEARCH-Admin,ENTERPRISESEARCH-User,ENTERPRISESEARCH-PowerUser,M3EC-Administrator,M3EC-User,M3EC-ClientDesigntime,M3-DLSubscriptionAdmin,M3BE-FATAdmin-Exporter,M3UI-StartPageAdministrator,M3UI-DebugUser,M3UI-Administrator,M3UI-USER,M3UI-Designer,M3BDP-Administrator,M3BDP-USER,MASHUP-Administrator,MASHUP-User,IECEC-Administrator,IECEC-User,M3BE-FATAdmin,M3BE-FndAdmin,M3BE-FndUser,M3BE-ServicesAdmin,M3BE-CryptoAdmin,M3BE-ExtensionsAdmin,M3BE-ExtensionsViewer,M3BE-DBViewer,M3BE-DBAdmin,M3BE-FndFlagAdmin,M3BE-FileViewer,M3BE-FileAdmin,M3BE-ConfigAdmin,M3BE-ConfigUser,M3BE-LogEnabler,M3BE-SystemAdministrator,M3BE-DBAdmin-ReadToken,EVENTHUB-Administrator,EVENTHUB-User,M3MDP-USER,M3CE_About_Viewer,M3ENTERPRISESEARCH-Administrator,IPW-User,Birst-SystemAdministrator,Birst-User,MONGOOSE-UG-CoreFormsAdmin,MONGOOSE-UG-CoreFormsDeveloper,MONGOOSE-UG-CoreFormsEndUser,MONGOOSE-UG-CoreIDOs,MONGOOSE-LM-MGCoreAutomation,MONGOOSE-LM-MGCoreTrans,MONGOOSE-LM-MGDataViews,MONGOOSE-LM-MGDeveloper,MONGOOSE-LM-MGUserCreatedForms,MONGOOSE-LM-MGUserCreatedIDOs,MONGOOSE-LM-MGPAAS,MONGOOSE-LM-MGM3InterfaceForms,MONGOOSE-LM-MGM3InterfaceIDOs,MONGOOSE-LM-MGAppBuilder,APPBUILDER-Administrator,APPBUILDER-User,APPBUILDER-Designer,LCLLSP-User,LCLLSP-Admin,LCLLSP-PrivilegedUser,LCLLSP-ServiceAdmin,LCLLSP-AppAdmin,LCLLSP-SupAdmin,LCLLSP-StdAdmin,LCLLSP-StdUser,M3A Administrators,M3A Developers,M3A Procurement,M3A Finance,M3A Production,M3ADISBIRST-Model-Administrator,M3ADISBIRST-Extension-Administrator,M3ADISBIRST-Consumer-Administrator,M3ADISBIRST-User,M3A Warehouse,M3A Default Subject Area,IFSApplicationAdmin,IFS-ShowUserManagementUI,IFS-GroupsAdmin,IFS-GroupsUpdate,IFS-GroupsReadOnlyUser,IFS-ReadOnly,M3MDP-TESTAPI,INBOX-Admin,M3DMP-Contributor,M3UI-Approver,M3A Opportunity Management,IONAPI-Developer,M3CPW-User,IAD-DataMaintainer,IAD-Designer,IAD-Publisher,IAD-TemplateBuilder,M3ACM-User,M3ACM-Viewer,IPI-ModelerAdmin,IPI-ModelerViewer,IPI-ModelerDesigner,PORTAL-ContentPublisher,M3BE-PowerUser,M3BE-LicenseType1,M3BE-LicenseType2,M3BE-LicenseType3,M3BE-LicenseType6-FT,M3BE-LicenseType6-SHUB,M3HealthService-Administrator,IONAPI-BaaS-Administrator,IONAPI-BaaS-DataAdministrator,IONAPI-BaaS-Developer,IONAPI-BaaS-User,M3BE-DBUpdater,DATAFABRIC-HealthServiceAdmin,PORTAL-AnnouncementAdministrator,M3BE-DBAdmin-PrdToken,M3BE-LicenseType4,SMARTHELP-Administrator,IFSApplicationAdmin,,,,,,,,,,,,
55c62ae4-58a8-4b46-b34a-a6425800b70c,Anand,Sartape,anand@doppiogroup.com,Technical Consultant,Active,,55c62ae4-58a8-4b46-b34a-a6425800b70c,anand@doppiogroup.com,2025-12-18T08:19:06-08:00,2026-07-31T01:27:38-07:00,anand@doppiogroup.com,,,,,,,,ASARTAPE,USERADMIN,DataAdministrator,Infor-SystemAdministrator,IFS-ExternalEntityAdmin,IFS-ReadOnlyUser,IFS-AuditReportUser,IFS-AuditAdministrator,IFS-MonitorReportUser,IFS-MonitorAdministrator,IFS-PasswordAdmin,MingleEnterprise,Infor-SuiteUser,MingleIONEnabled,MingleAdministrator,MingleDataAdministrator,PORTAL-User,PORTAL-ContentAdministrator,GRID-SystemAdministrator,GRID-Viewer,GRID-Administrator,HOMEPAGES-Administrator,HOMEPAGES-ContentAdministrator,HOMEPAGES-User,HOMEPAGES-ContentSupport,IONDeskSecurityAdmin,IONDeskAdmin,IONContentProvider,IONDeskOAuthGenerator,Mingle-LocatorView,IFSAdminContact,IONAPI-Tracing,IONAPI-User,IONAPI-Administrator,DATALAKE-User,DATALAKE-DataAdministrator,DATALAKE-SystemAdministrator,DECISIONSERVICE-Editor,DECISIONSERVICE-Approver,INBOX-PowerUser,SmartHelpUser,IDM-User,IDM-AdvancedUser,IDM-Administrator,IDM-SuperUser,IDM-RelatedInformationUser,IDM-SignatureUser,GDPR-Collaboration-ChiefDataProtectionOfficer,GDPR-Collaboration-DataProtectionOfficer,GDPR-App-Administrator,DATAFABRIC-SuperAdmin,DATAFABRIC-User,ENTERPRISESEARCH-Admin,ENTERPRISESEARCH-User,ENTERPRISESEARCH-PowerUser,M3EC-Administrator,M3EC-User,M3EC-ClientDesigntime,M3-DLSubscriptionAdmin,M3BE-FATAdmin-Exporter,M3UI-StartPageAdministrator,M3UI-DebugUser,M3UI-Administrator,M3UI-USER,M3UI-Designer,M3BDP-Administrator,M3BDP-USER,MASHUP-Administrator,MASHUP-User,IECEC-Administrator,IECEC-User,M3BE-FATAdmin,M3BE-FndAdmin,M3BE-FndUser,M3BE-ServicesAdmin,M3BE-CryptoAdmin,M3BE-ExtensionsAdmin,M3BE-ExtensionsViewer,M3BE-DBViewer,M3BE-DBAdmin,M3BE-FndFlagAdmin,M3BE-FileViewer,M3BE-FileAdmin,M3BE-ConfigAdmin,M3BE-ConfigUser,M3BE-LogEnabler,M3BE-SystemAdministrator,M3BE-DBAdmin-ReadToken,EVENTHUB-Administrator,EVENTHUB-User,M3MDP-USER,M3CE_About_Viewer,M3ENTERPRISESEARCH-Administrator,IPW-User,Birst-SystemAdministrator,Birst-User,MONGOOSE-UG-CoreFormsAdmin,MONGOOSE-UG-CoreFormsDeveloper,MONGOOSE-UG-CoreFormsEndUser,MONGOOSE-UG-CoreIDOs,MONGOOSE-LM-MGCoreAutomation,MONGOOSE-LM-MGCoreTrans,MONGOOSE-LM-MGDataViews,MONGOOSE-LM-MGDeveloper,MONGOOSE-LM-MGUserCreatedForms,MONGOOSE-LM-MGUserCreatedIDOs,MONGOOSE-LM-MGPAAS,MONGOOSE-LM-MGM3InterfaceForms,MONGOOSE-LM-MGM3InterfaceIDOs,MONGOOSE-LM-MGAppBuilder,APPBUILDER-Administrator,APPBUILDER-User,APPBUILDER-Designer,LCLLSP-User,LCLLSP-Admin,LCLLSP-PrivilegedUser,LCLLSP-ServiceAdmin,LCLLSP-AppAdmin,LCLLSP-SupAdmin,LCLLSP-StdAdmin,LCLLSP-StdUser,M3A Administrators,M3A Developers,M3A Procurement,M3A Finance,M3A Production,M3ADISBIRST-Model-Administrator,M3ADISBIRST-Extension-Administrator,M3ADISBIRST-Consumer-Administrator,M3ADISBIRST-User,M3A Warehouse,M3A Default Subject Area,IFSApplicationAdmin,IFS-ShowUserManagementUI,IFS-GroupsAdmin,IFS-GroupsUpdate,IFS-GroupsReadOnlyUser,IFS-ReadOnly,M3MDP-TESTAPI,INBOX-Admin,M3DMP-Contributor,M3UI-Approver,M3A Opportunity Management,IONAPI-Developer,M3CPW-User,IAD-DataMaintainer,IAD-Designer,IAD-Publisher,IAD-TemplateBuilder,M3ACM-User,M3ACM-Viewer,IPI-ModelerAdmin,IPI-ModelerViewer,IPI-ModelerDesigner,PORTAL-ContentPublisher,M3BE-PowerUser,M3BE-LicenseType1,M3BE-LicenseType2,M3BE-LicenseType3,M3BE-LicenseType6-FT,M3BE-LicenseType6-SHUB,M3HealthService-Administrator,IONAPI-BaaS-Administrator,IONAPI-BaaS-DataAdministrator,IONAPI-BaaS-Developer,IONAPI-BaaS-User,M3BE-DBUpdater,DATAFABRIC-HealthServiceAdmin,PORTAL-AnnouncementAdministrator,M3BE-DBAdmin-PrdToken,M3BE-LicenseType4,SMARTHELP-Administrator,IFSApplicationAdmin,,,,,,,,,,,,
ca192afc-aee5-4a06-af77-cd3e8129f72c,Zohra,Hayath,zohra@doppiogroup.com,M3 Consultant,Active,,ca192afc-aee5-4a06-af77-cd3e8129f72c,zohra@doppiogroup.com,2025-12-18T15:23:37-08:00,,zohra@doppiogroup.com,,,,,,,,ZHAYATH,USERADMIN,DataAdministrator,Infor-SystemAdministrator,IFS-ExternalEntityAdmin,IFS-ReadOnlyUser,IFS-AuditReportUser,IFS-AuditAdministrator,IFS-MonitorReportUser,IFS-MonitorAdministrator,IFS-PasswordAdmin,MingleEnterprise,Infor-SuiteUser,MingleIONEnabled,MingleAdministrator,MingleDataAdministrator,PORTAL-User,PORTAL-ContentAdministrator,GRID-SystemAdministrator,GRID-Viewer,GRID-Administrator,HOMEPAGES-Administrator,HOMEPAGES-ContentAdministrator,HOMEPAGES-User,HOMEPAGES-ContentSupport,IONDeskSecurityAdmin,IONDeskAdmin,IONContentProvider,IONDeskOAuthGenerator,Mingle-LocatorView,IFSAdminContact,IONAPI-Tracing,IONAPI-User,IONAPI-Administrator,DATALAKE-User,DATALAKE-DataAdministrator,DATALAKE-SystemAdministrator,DECISIONSERVICE-Editor,DECISIONSERVICE-Approver,INBOX-PowerUser,SmartHelpUser,IDM-User,IDM-AdvancedUser,IDM-Administrator,IDM-SuperUser,IDM-RelatedInformationUser,IDM-SignatureUser,GDPR-Collaboration-ChiefDataProtectionOfficer,GDPR-Collaboration-DataProtectionOfficer,GDPR-App-Administrator,DATAFABRIC-SuperAdmin,DATAFABRIC-User,ENTERPRISESEARCH-Admin,ENTERPRISESEARCH-User,ENTERPRISESEARCH-PowerUser,M3EC-Administrator,M3EC-User,M3EC-ClientDesigntime,M3-DLSubscriptionAdmin,M3BE-FATAdmin-Exporter,M3UI-StartPageAdministrator,M3UI-DebugUser,M3UI-Administrator,M3UI-USER,M3UI-Designer,M3BDP-Administrator,M3BDP-USER,MASHUP-Administrator,MASHUP-User,IECEC-Administrator,IECEC-User,M3BE-FATAdmin,M3BE-FndAdmin,M3BE-FndUser,M3BE-ServicesAdmin,M3BE-CryptoAdmin,M3BE-ExtensionsAdmin,M3BE-ExtensionsViewer,M3BE-DBViewer,M3BE-DBAdmin,M3BE-FndFlagAdmin,M3BE-FileViewer,M3BE-FileAdmin,M3BE-ConfigAdmin,M3BE-ConfigUser,M3BE-LogEnabler,M3BE-SystemAdministrator,M3BE-DBAdmin-ReadToken,EVENTHUB-Administrator,EVENTHUB-User,M3MDP-USER,M3CE_About_Viewer,M3ENTERPRISESEARCH-Administrator,IPW-User,Birst-SystemAdministrator,Birst-User,MONGOOSE-UG-CoreFormsAdmin,MONGOOSE-UG-CoreFormsDeveloper,MONGOOSE-UG-CoreFormsEndUser,MONGOOSE-UG-CoreIDOs,MONGOOSE-LM-MGCoreAutomation,MONGOOSE-LM-MGCoreTrans,MONGOOSE-LM-MGDataViews,MONGOOSE-LM-MGDeveloper,MONGOOSE-LM-MGUserCreatedForms,MONGOOSE-LM-MGUserCreatedIDOs,MONGOOSE-LM-MGPAAS,MONGOOSE-LM-MGM3InterfaceForms,MONGOOSE-LM-MGM3InterfaceIDOs,MONGOOSE-LM-MGAppBuilder,APPBUILDER-Administrator,APPBUILDER-User,APPBUILDER-Designer,LCLLSP-User,LCLLSP-Admin,LCLLSP-PrivilegedUser,LCLLSP-ServiceAdmin,LCLLSP-AppAdmin,LCLLSP-SupAdmin,LCLLSP-StdAdmin,LCLLSP-StdUser,M3A Administrators,M3A Developers,M3A Procurement,M3A Finance,M3A Production,M3ADISBIRST-Model-Administrator,M3ADISBIRST-Extension-Administrator,M3ADISBIRST-Consumer-Administrator,M3ADISBIRST-User,M3A Warehouse,M3A Default Subject Area,IFSApplicationAdmin,IFS-ShowUserManagementUI,IFS-GroupsAdmin,IFS-GroupsUpdate,IFS-GroupsReadOnlyUser,IFS-ReadOnly,M3MDP-TESTAPI,INBOX-Admin,M3DMP-Contributor,M3UI-Approver,M3A Opportunity Management,IONAPI-Developer,M3CPW-User,IAD-DataMaintainer,IAD-Designer,IAD-Publisher,IAD-TemplateBuilder,M3ACM-User,M3ACM-Viewer,IPI-ModelerAdmin,IPI-ModelerViewer,IPI-ModelerDesigner,PORTAL-ContentPublisher,M3BE-PowerUser,M3BE-LicenseType1,M3BE-LicenseType2,M3BE-LicenseType3,M3BE-LicenseType6-FT,M3BE-LicenseType6-SHUB,M3HealthService-Administrator,IONAPI-BaaS-Administrator,IONAPI-BaaS-DataAdministrator,IONAPI-BaaS-Developer,IONAPI-BaaS-User,M3BE-DBUpdater,DATAFABRIC-HealthServiceAdmin,PORTAL-AnnouncementAdministrator,M3BE-DBAdmin-PrdToken,M3BE-LicenseType4,SMARTHELP-Administrator,IFSApplicationAdmin,,,,,,,,,,,,
3b84776d-88f5-429f-88d5-c369c67d300d,Sowmya,R,delete_sowmya.rangarajan@doppiogroup.com,Technical Consultant,Removed,,3b84776d-88f5-429f-88d5-c369c67d300d,delete_sowmya.rangarajan@doppiogroup.com,2025-12-19T14:16:16-08:00,2025-12-30T02:49:05-08:00,delete_sowmya.rangarajan@doppiogroup.com,,,,,,,,SRANGARAJA,Infor-SuiteUser,,,,,,,,,,,,,,,,,,,,,,,,,,,,,,,,,,,,,,,,,,,,,,,,,,,,,,,,,,,,,,,,,,,,,,,,,,,,,,,,,,,,,,,,,,,,,,,,,,,,,,,,,,,,,,,,,,,,,,,,,,,,,,,,,,,,,,,,,,,,,,,,,,,,,,,,,,,,,,,,,,,,,,,,,,,,,,,,,,,,,,,
77a5199f-3746-46f1-ac92-a49154659161,Sowmya,R,sowmya.rangarajan@doppiogroup.com,Technical Consultant,Active,,77a5199f-3746-46f1-ac92-a49154659161,sowmya.rangarajan@doppiogroup.com,2025-12-30T09:42:05-08:00,2026-08-27T10:28:15-07:00,sowmya.rangarajan@doppiogroup.com,,,,,,,,SRANGARAJ,USERADMIN,DataAdministrator,Infor-SystemAdministrator,IFS-ExternalEntityAdmin,IFS-ReadOnlyUser,IFS-AuditReportUser,IFS-AuditAdministrator,IFS-MonitorReportUser,IFS-MonitorAdministrator,IFS-PasswordAdmin,MingleEnterprise,Infor-SuiteUser,MingleIONEnabled,MingleAdministrator,MingleDataAdministrator,PORTAL-User,PORTAL-ContentAdministrator,GRID-SystemAdministrator,GRID-Viewer,GRID-Administrator,HOMEPAGES-Administrator,HOMEPAGES-ContentAdministrator,HOMEPAGES-User,HOMEPAGES-ContentSupport,IONDeskSecurityAdmin,IONDeskAdmin,IONContentProvider,IONDeskOAuthGenerator,Mingle-LocatorView,IFSAdminContact,IONAPI-Tracing,IONAPI-User,IONAPI-Administrator,DATALAKE-User,DATALAKE-DataAdministrator,DATALAKE-SystemAdministrator,DECISIONSERVICE-Editor,DECISIONSERVICE-Approver,INBOX-PowerUser,SmartHelpUser,IDM-User,IDM-AdvancedUser,IDM-Administrator,IDM-SuperUser,IDM-RelatedInformationUser,IDM-SignatureUser,GDPR-Collaboration-ChiefDataProtectionOfficer,GDPR-Collaboration-DataProtectionOfficer,GDPR-App-Administrator,DATAFABRIC-SuperAdmin,DATAFABRIC-User,ENTERPRISESEARCH-Admin,ENTERPRISESEARCH-User,ENTERPRISESEARCH-PowerUser,M3EC-Administrator,M3EC-User,M3EC-ClientDesigntime,M3-DLSubscriptionAdmin,M3BE-FATAdmin-Exporter,M3UI-StartPageAdministrator,M3UI-DebugUser,M3UI-Administrator,M3UI-USER,M3UI-Designer,M3BDP-Administrator,M3BDP-USER,MASHUP-Administrator,MASHUP-User,IECEC-Administrator,IECEC-User,M3BE-FATAdmin,M3BE-FndAdmin,M3BE-FndUser,M3BE-ServicesAdmin,M3BE-CryptoAdmin,M3BE-ExtensionsAdmin,M3BE-ExtensionsViewer,M3BE-DBViewer,M3BE-DBAdmin,M3BE-FndFlagAdmin,M3BE-FileViewer,M3BE-FileAdmin,M3BE-ConfigAdmin,M3BE-ConfigUser,M3BE-LogEnabler,M3BE-SystemAdministrator,M3BE-DBAdmin-ReadToken,EVENTHUB-Administrator,EVENTHUB-User,M3MDP-USER,M3CE_About_Viewer,M3ENTERPRISESEARCH-Administrator,IPW-User,Birst-SystemAdministrator,Birst-User,MONGOOSE-UG-CoreFormsAdmin,MONGOOSE-UG-CoreFormsDeveloper,MONGOOSE-UG-CoreFormsEndUser,MONGOOSE-UG-CoreIDOs,MONGOOSE-LM-MGCoreAutomation,MONGOOSE-LM-MGCoreTrans,MONGOOSE-LM-MGDataViews,MONGOOSE-LM-MGDeveloper,MONGOOSE-LM-MGUserCreatedForms,MONGOOSE-LM-MGUserCreatedIDOs,MONGOOSE-LM-MGPAAS,MONGOOSE-LM-MGM3InterfaceForms,MONGOOSE-LM-MGM3InterfaceIDOs,MONGOOSE-LM-MGAppBuilder,APPBUILDER-Administrator,APPBUILDER-User,APPBUILDER-Designer,LCLLSP-User,LCLLSP-Admin,LCLLSP-PrivilegedUser,LCLLSP-ServiceAdmin,LCLLSP-AppAdmin,LCLLSP-SupAdmin,LCLLSP-StdAdmin,LCLLSP-StdUser,M3A Administrators,M3A Developers,M3A Procurement,M3A Finance,M3A Production,M3ADISBIRST-Model-Administrator,M3ADISBIRST-Extension-Administrator,M3ADISBIRST-Consumer-Administrator,M3ADISBIRST-User,M3A Warehouse,M3A Default Subject Area,IFSApplicationAdmin,IFS-ShowUserManagementUI,IFS-GroupsAdmin,IFS-GroupsUpdate,IFS-GroupsReadOnlyUser,IFS-ReadOnly,M3MDP-TESTAPI,INBOX-Admin,M3DMP-Contributor,M3UI-Approver,M3A Opportunity Management,IONAPI-Developer,M3CPW-User,IAD-DataMaintainer,IAD-Designer,IAD-Publisher,IAD-TemplateBuilder,M3ACM-User,M3ACM-Viewer,IPI-ModelerAdmin,IPI-ModelerViewer,IPI-ModelerDesigner,PORTAL-ContentPublisher,M3BE-PowerUser,M3BE-LicenseType1,M3BE-LicenseType2,M3BE-LicenseType3,M3BE-LicenseType6-FT,M3BE-LicenseType6-SHUB,M3HealthService-Administrator,IONAPI-BaaS-Administrator,IONAPI-BaaS-DataAdministrator,IONAPI-BaaS-Developer,IONAPI-BaaS-User,M3BE-DBUpdater,DATAFABRIC-HealthServiceAdmin,PORTAL-AnnouncementAdministrator,M3BE-DBAdmin-PrdToken,M3BE-LicenseType4,SMARTHELP-Administrator,IFSApplicationAdmin,,,,,,,,,,,,
4fbed766-ed5e-4f56-bec7-86bf16ee3832,Anagh,Kalburgi,anagh@doppiogroup.com,Consultant,Active,,4fbed766-ed5e-4f56-bec7-86bf16ee3832,anagh@doppiogroup.com,2026-01-06T07:42:10-08:00,2026-05-26T03:57:42-07:00,anagh@doppiogroup.com,,,,,,,,AKALBU01,USERADMIN,DataAdministrator,Infor-SystemAdministrator,IFS-ExternalEntityAdmin,IFS-ReadOnlyUser,IFS-AuditReportUser,IFS-AuditAdministrator,IFS-MonitorReportUser,IFS-MonitorAdministrator,IFS-PasswordAdmin,MingleEnterprise,Infor-SuiteUser,MingleIONEnabled,MingleAdministrator,MingleDataAdministrator,PORTAL-User,PORTAL-ContentAdministrator,GRID-SystemAdministrator,GRID-Viewer,GRID-Administrator,HOMEPAGES-Administrator,HOMEPAGES-ContentAdministrator,HOMEPAGES-User,HOMEPAGES-ContentSupport,IONDeskSecurityAdmin,IONDeskAdmin,IONContentProvider,IONDeskOAuthGenerator,Mingle-LocatorView,IFSAdminContact,IONAPI-Tracing,IONAPI-User,IONAPI-Administrator,DATALAKE-User,DATALAKE-DataAdministrator,DATALAKE-SystemAdministrator,DECISIONSERVICE-Editor,DECISIONSERVICE-Approver,INBOX-PowerUser,SmartHelpUser,IDM-User,IDM-AdvancedUser,IDM-Administrator,IDM-SuperUser,IDM-RelatedInformationUser,IDM-SignatureUser,GDPR-Collaboration-ChiefDataProtectionOfficer,GDPR-Collaboration-DataProtectionOfficer,GDPR-App-Administrator,DATAFABRIC-SuperAdmin,DATAFABRIC-User,ENTERPRISESEARCH-Admin,ENTERPRISESEARCH-User,ENTERPRISESEARCH-PowerUser,M3EC-Administrator,M3EC-User,M3EC-ClientDesigntime,M3-DLSubscriptionAdmin,M3BE-FATAdmin-Exporter,M3UI-StartPageAdministrator,M3UI-DebugUser,M3UI-Administrator,M3UI-USER,M3UI-Designer,M3BDP-Administrator,M3BDP-USER,MASHUP-Administrator,MASHUP-User,IECEC-Administrator,IECEC-User,M3BE-FATAdmin,M3BE-FndAdmin,M3BE-FndUser,M3BE-ServicesAdmin,M3BE-CryptoAdmin,M3BE-ExtensionsAdmin,M3BE-ExtensionsViewer,M3BE-DBViewer,M3BE-DBAdmin,M3BE-FndFlagAdmin,M3BE-FileViewer,M3BE-FileAdmin,M3BE-ConfigAdmin,M3BE-ConfigUser,M3BE-LogEnabler,M3BE-SystemAdministrator,M3BE-DBAdmin-ReadToken,EVENTHUB-Administrator,EVENTHUB-User,M3MDP-USER,M3CE_About_Viewer,M3ENTERPRISESEARCH-Administrator,IPW-User,Birst-SystemAdministrator,Birst-User,MONGOOSE-UG-CoreFormsAdmin,MONGOOSE-UG-CoreFormsDeveloper,MONGOOSE-UG-CoreFormsEndUser,MONGOOSE-UG-CoreIDOs,MONGOOSE-LM-MGCoreAutomation,MONGOOSE-LM-MGCoreTrans,MONGOOSE-LM-MGDataViews,MONGOOSE-LM-MGDeveloper,MONGOOSE-LM-MGUserCreatedForms,MONGOOSE-LM-MGUserCreatedIDOs,MONGOOSE-LM-MGPAAS,MONGOOSE-LM-MGM3InterfaceForms,MONGOOSE-LM-MGM3InterfaceIDOs,MONGOOSE-LM-MGAppBuilder,APPBUILDER-Administrator,APPBUILDER-User,APPBUILDER-Designer,LCLLSP-User,LCLLSP-Admin,LCLLSP-PrivilegedUser,LCLLSP-ServiceAdmin,LCLLSP-AppAdmin,LCLLSP-SupAdmin,LCLLSP-StdAdmin,LCLLSP-StdUser,M3A Administrators,M3A Developers,M3A Procurement,M3A Finance,M3A Production,M3ADISBIRST-Model-Administrator,M3ADISBIRST-Extension-Administrator,M3ADISBIRST-Consumer-Administrator,M3ADISBIRST-User,M3A Warehouse,M3A Default Subject Area,IFSApplicationAdmin,IFS-ShowUserManagementUI,IFS-GroupsAdmin,IFS-GroupsUpdate,IFS-GroupsReadOnlyUser,IFS-ReadOnly,M3MDP-TESTAPI,INBOX-Admin,M3DMP-Contributor,M3UI-Approver,M3A Opportunity Management,IONAPI-Developer,M3CPW-User,IAD-DataMaintainer,IAD-Designer,IAD-Publisher,IAD-TemplateBuilder,M3ACM-User,M3ACM-Viewer,IPI-ModelerAdmin,IPI-ModelerViewer,IPI-ModelerDesigner,PORTAL-ContentPublisher,M3BE-PowerUser,M3BE-LicenseType1,M3BE-LicenseType2,M3BE-LicenseType3,M3BE-LicenseType6-FT,M3BE-LicenseType6-SHUB,M3HealthService-Administrator,IONAPI-BaaS-Administrator,IONAPI-BaaS-DataAdministrator,IONAPI-BaaS-Developer,IONAPI-BaaS-User,M3BE-DBUpdater,DATAFABRIC-HealthServiceAdmin,PORTAL-AnnouncementAdministrator,M3BE-DBAdmin-PrdToken,M3BE-LicenseType4,SMARTHELP-Administrator,IFSApplicationAdmin,,,,,,,,,,,,
DGUASTALLI,Davide,Guastalli,davide.guastalli@horsa.it,Technical manager,Active,,aca6e66f-9483-4890-8486-b12ac6e060b9,davide.guastalli@horsa.it,2026-02-05T12:12:59-08:00,2026-08-27T05:51:38-07:00,davide.guastalli@horsa.it,,,,,,,,DGUASTALLI,USERADMIN,DataAdministrator,Infor-SystemAdministrator,IFS-ExternalEntityAdmin,IFS-ReadOnlyUser,IFS-AuditReportUser,IFS-AuditAdministrator,IFS-MonitorReportUser,IFS-MonitorAdministrator,IFS-PasswordAdmin,MingleEnterprise,Infor-SuiteUser,MingleIONEnabled,MingleAdministrator,MingleDataAdministrator,PORTAL-User,PORTAL-ContentAdministrator,GRID-SystemAdministrator,GRID-Viewer,GRID-Administrator,HOMEPAGES-Administrator,HOMEPAGES-ContentAdministrator,HOMEPAGES-User,HOMEPAGES-ContentSupport,IONDeskSecurityAdmin,IONDeskAdmin,IONContentProvider,IONDeskOAuthGenerator,Mingle-LocatorView,IFSAdminContact,IONAPI-Tracing,IONAPI-User,IONAPI-Administrator,DATALAKE-User,DATALAKE-DataAdministrator,DATALAKE-SystemAdministrator,DECISIONSERVICE-Editor,DECISIONSERVICE-Approver,INBOX-PowerUser,SmartHelpUser,IDM-User,IDM-AdvancedUser,IDM-Administrator,IDM-SuperUser,IDM-RelatedInformationUser,IDM-SignatureUser,GDPR-Collaboration-ChiefDataProtectionOfficer,GDPR-Collaboration-DataProtectionOfficer,GDPR-App-Administrator,DATAFABRIC-SuperAdmin,DATAFABRIC-User,ENTERPRISESEARCH-Admin,ENTERPRISESEARCH-User,ENTERPRISESEARCH-PowerUser,M3EC-Administrator,M3EC-User,M3EC-ClientDesigntime,M3-DLSubscriptionAdmin,M3BE-FATAdmin-Exporter,M3UI-StartPageAdministrator,M3UI-DebugUser,M3UI-Administrator,M3UI-USER,M3UI-Designer,M3BDP-Administrator,M3BDP-USER,MASHUP-Administrator,MASHUP-User,IECEC-Administrator,IECEC-User,M3BE-FATAdmin,M3BE-FndAdmin,M3BE-FndUser,M3BE-ServicesAdmin,M3BE-CryptoAdmin,M3BE-ExtensionsAdmin,M3BE-ExtensionsViewer,M3BE-DBViewer,M3BE-DBAdmin,M3BE-FndFlagAdmin,M3BE-FileViewer,M3BE-FileAdmin,M3BE-ConfigAdmin,M3BE-ConfigUser,M3BE-LogEnabler,M3BE-SystemAdministrator,M3BE-DBAdmin-ReadToken,EVENTHUB-Administrator,EVENTHUB-User,M3MDP-USER,M3CE_About_Viewer,M3ENTERPRISESEARCH-Administrator,IPW-User,Birst-SystemAdministrator,Birst-User,MONGOOSE-UG-CoreFormsAdmin,MONGOOSE-UG-CoreFormsDeveloper,MONGOOSE-UG-CoreFormsEndUser,MONGOOSE-UG-CoreIDOs,MONGOOSE-LM-MGCoreAutomation,MONGOOSE-LM-MGCoreTrans,MONGOOSE-LM-MGDataViews,MONGOOSE-LM-MGDeveloper,MONGOOSE-LM-MGUserCreatedForms,MONGOOSE-LM-MGUserCreatedIDOs,MONGOOSE-LM-MGPAAS,MONGOOSE-LM-MGM3InterfaceForms,MONGOOSE-LM-MGM3InterfaceIDOs,MONGOOSE-LM-MGAppBuilder,APPBUILDER-Administrator,APPBUILDER-User,APPBUILDER-Designer,LCLLSP-User,LCLLSP-Admin,LCLLSP-PrivilegedUser,LCLLSP-ServiceAdmin,LCLLSP-AppAdmin,LCLLSP-SupAdmin,LCLLSP-StdAdmin,LCLLSP-StdUser,M3A Administrators,M3A Developers,M3A Procurement,M3A Finance,M3A Production,M3ADISBIRST-Model-Administrator,M3ADISBIRST-Extension-Administrator,M3ADISBIRST-Consumer-Administrator,M3ADISBIRST-User,M3A Warehouse,M3A Default Subject Area,IFSApplicationAdmin,IFS-ShowUserManagementUI,IFS-GroupsAdmin,IFS-GroupsUpdate,IFS-GroupsReadOnlyUser,IFS-ReadOnly,M3MDP-TESTAPI,INBOX-Admin,M3DMP-Contributor,M3UI-Approver,M3A Opportunity Management,IONAPI-Developer,M3CPW-User,IAD-DataMaintainer,IAD-Designer,IAD-Publisher,IAD-TemplateBuilder,M3ACM-User,M3ACM-Viewer,IPI-ModelerAdmin,IPI-ModelerViewer,IPI-ModelerDesigner,PORTAL-ContentPublisher,M3BE-PowerUser,M3BE-LicenseType1,M3BE-LicenseType2,M3BE-LicenseType3,M3BE-LicenseType6-FT,M3BE-LicenseType6-SHUB,M3HealthService-Administrator,IONAPI-BaaS-Administrator,IONAPI-BaaS-DataAdministrator,IONAPI-BaaS-Developer,IONAPI-BaaS-User,M3BE-DBUpdater,DATAFABRIC-HealthServiceAdmin,PORTAL-AnnouncementAdministrator,M3BE-DBAdmin-PrdToken,M3BE-LicenseType4,SMARTHELP-Administrator,DocBits-User,IFSApplicationAdmin,,,,,,,,,,,
ENIEMIEC,Edyta,Niemiec,Edyta.Niemiec@heli-one.com,Buyer,Active,,29c44b3d-3423-4075-90e4-13a49da67d8a,Edyta.Niemiec@heli-one.com,2026-02-12T08:51:47-08:00,,Edyta.Niemiec@heli-one.com,,,,,,,,ENIEMIEC,MingleEnterprise,Infor-SuiteUser,MingleIONEnabled,HOMEPAGES-User,IDM-User,IDM-RelatedInformationUser,M3UI-USER,MASHUP-User,,,,,,,,,,,,,,,,,,,,,,,,,,,,,,,,,,,,,,,,,,,,,,,,,,,,,,,,,,,,,,,,,,,,,,,,,,,,,,,,,,,,,,,,,,,,,,,,,,,,,,,,,,,,,,,,,,,,,,,,,,,,,,,,,,,,,,,,,,,,,,,,,,,,,,,,,,,,,,,,,,,,,,,,,,,,,,,,
b0d913c2-5a0a-489b-9b8f-53a8b795d0d9,Barbara,Buczek,barbara.buczek_disabled@heli-one.com,,Disabled,,b0d913c2-5a0a-489b-9b8f-53a8b795d0d9,barbara.buczek_disabled@heli-one.com,2026-02-12T09:17:40-08:00,,barbara.buczek_disabled@heli-one.com,,,,,,,,BBUCZEK,MingleEnterprise,Infor-SuiteUser,MingleIONEnabled,HOMEPAGES-User,IDM-User,IDM-RelatedInformationUser,M3UI-USER,MASHUP-User,,,,,,,,,,,,,,,,,,,,,,,,,,,,,,,,,,,,,,,,,,,,,,,,,,,,,,,,,,,,,,,,,,,,,,,,,,,,,,,,,,,,,,,,,,,,,,,,,,,,,,,,,,,,,,,,,,,,,,,,,,,,,,,,,,,,,,,,,,,,,,,,,,,,,,,,,,,,,,,,,,,,,,,,,,,,,,,,
ANSOUZA,Andre,Souza,Andre.Souza@chcheli.com,,Active,,199d765a-c6f6-4f80-b1bc-af5716a70f53,Andre.Souza@chcheli.com,2026-02-12T09:31:32-08:00,,Andre.Souza@chcheli.com,,,,,,,,ANSOUZA,MingleEnterprise,Infor-SuiteUser,MingleIONEnabled,HOMEPAGES-User,IDM-User,IDM-RelatedInformationUser,M3UI-USER,MASHUP-User,,,,,,,,,,,,,,,,,,,,,,,,,,,,,,,,,,,,,,,,,,,,,,,,,,,,,,,,,,,,,,,,,,,,,,,,,,,,,,,,,,,,,,,,,,,,,,,,,,,,,,,,,,,,,,,,,,,,,,,,,,,,,,,,,,,,,,,,,,,,,,,,,,,,,,,,,,,,,,,,,,,,,,,,,,,,,,,,
5260e9cd-095e-4ba1-93ab-781f26ea3cd3,Magdalena,Swieton,Magdalena.Swieton_disabled@heli-one.com,Buyer,Disabled,,5260e9cd-095e-4ba1-93ab-781f26ea3cd3,Magdalena.Swieton_disabled@heli-one.com,2026-02-12T09:54:30-08:00,,Magdalena.Swieton_disabled@heli-one.com,,,,,,,,MSWIENTON,MingleEnterprise,Infor-SuiteUser,MingleIONEnabled,HOMEPAGES-User,IDM-User,IDM-RelatedInformationUser,M3UI-USER,MASHUP-User,,,,,,,,,,,,,,,,,,,,,,,,,,,,,,,,,,,,,,,,,,,,,,,,,,,,,,,,,,,,,,,,,,,,,,,,,,,,,,,,,,,,,,,,,,,,,,,,,,,,,,,,,,,,,,,,,,,,,,,,,,,,,,,,,,,,,,,,,,,,,,,,,,,,,,,,,,,,,,,,,,,,,,,,,,,,,,,,
e345ba8e-66b6-4208-abb6-7fe0fa74db45,Magdalena,Swieton,Magdalena.Swieton@heli-one.com,,Active,,e345ba8e-66b6-4208-abb6-7fe0fa74db45,Magdalena.Swieton@heli-one.com,2026-02-12T13:22:15-08:00,,Magdalena.Swieton@heli-one.com,,,,,,,,MSWIETON,MingleEnterprise,Infor-SuiteUser,MingleIONEnabled,HOMEPAGES-User,IDM-User,IDM-RelatedInformationUser,M3UI-USER,MASHUP-User,,,,,,,,,,,,,,,,,,,,,,,,,,,,,,,,,,,,,,,,,,,,,,,,,,,,,,,,,,,,,,,,,,,,,,,,,,,,,,,,,,,,,,,,,,,,,,,,,,,,,,,,,,,,,,,,,,,,,,,,,,,,,,,,,,,,,,,,,,,,,,,,,,,,,,,,,,,,,,,,,,,,,,,,,,,,,,,,
BGLIWA,Barbara,Buczek,barbara.buczek@heli-one.com,,Active,,450f9e5a-56b2-4f5a-9738-e295084afba7,barbara.buczek@heli-one.com,2026-02-12T15:14:54-08:00,,barbara.buczek@heli-one.com,,,,,,,,BGLIWA,MingleEnterprise,Infor-SuiteUser,MingleIONEnabled,HOMEPAGES-User,IDM-User,IDM-RelatedInformationUser,M3UI-USER,MASHUP-User,,,,,,,,,,,,,,,,,,,,,,,,,,,,,,,,,,,,,,,,,,,,,,,,,,,,,,,,,,,,,,,,,,,,,,,,,,,,,,,,,,,,,,,,,,,,,,,,,,,,,,,,,,,,,,,,,,,,,,,,,,,,,,,,,,,,,,,,,,,,,,,,,,,,,,,,,,,,,,,,,,,,,,,,,,,,,,,,
RTATUM,Richard,Tatum,Richard.Tatum@CHCHeli.com,,Active,,95f344c8-474a-4824-bee3-905a70d48479,Richard.Tatum@CHCHeli.com,2026-03-30T09:51:21-07:00,2026-07-16T08:13:20-07:00,Richard.Tatum@CHCHeli.com,,,,,,,,RTATUM,MingleEnterprise,Infor-SuiteUser,MingleIONEnabled,HOMEPAGES-User,DATALAKE-User,IDM-User,IDM-AdvancedUser,IDM-SuperUser,IDM-RelatedInformationUser,M3UI-USER,MASHUP-User,M3A Finance,,,,,,,,,,,,,,,,,,,,,,,,,,,,,,,,,,,,,,,,,,,,,,,,,,,,,,,,,,,,,,,,,,,,,,,,,,,,,,,,,,,,,,,,,,,,,,,,,,,,,,,,,,,,,,,,,,,,,,,,,,,,,,,,,,,,,,,,,,,,,,,,,,,,,,,,,,,,,,,,,,,,,,,,,,,,
BSILVA,Bruna,Silva,Bruna.Silva@chcheli.com,bsilva,Active,,379b4fbc-514b-4d92-8b76-34b2cf6ba6a6,bruna.silva@chcheli.com,2026-03-31T15:52:34-07:00,2026-04-28T10:28:25-07:00,bruna.silva@chcheli.com,,,,,,,,BSILVA,MingleEnterprise,Infor-SuiteUser,MingleIONEnabled,HOMEPAGES-User,IDM-User,IDM-RelatedInformationUser,M3UI-USER,MASHUP-User,,,,,,,,,,,,,,,,,,,,,,,,,,,,,,,,,,,,,,,,,,,,,,,,,,,,,,,,,,,,,,,,,,,,,,,,,,,,,,,,,,,,,,,,,,,,,,,,,,,,,,,,,,,,,,,,,,,,,,,,,,,,,,,,,,,,,,,,,,,,,,,,,,,,,,,,,,,,,,,,,,,,,,,,,,,,,,,,
DNEWLAND,Dean,Newlands,Dean.Newlands@chcheli.com,,Active,,9d34f43c-e284-442d-ad96-38e74c6f2261,Dean.Newlands@chcheli.com,2026-03-31T15:59:13-07:00,,Dean.Newlands@chcheli.com,,,,,,,,DNEWLAND,MingleEnterprise,Infor-SuiteUser,MingleIONEnabled,HOMEPAGES-User,IDM-User,IDM-RelatedInformationUser,M3UI-USER,MASHUP-User,,,,,,,,,,,,,,,,,,,,,,,,,,,,,,,,,,,,,,,,,,,,,,,,,,,,,,,,,,,,,,,,,,,,,,,,,,,,,,,,,,,,,,,,,,,,,,,,,,,,,,,,,,,,,,,,,,,,,,,,,,,,,,,,,,,,,,,,,,,,,,,,,,,,,,,,,,,,,,,,,,,,,,,,,,,,,,,,
5a1a40b0-4fbc-48f7-95e8-4e806a733706,Kyra,MacDonald,Kyra.MacDonald@chcheli.com,,Active,,5a1a40b0-4fbc-48f7-95e8-4e806a733706,Kyra.MacDonald@chcheli.com,2026-03-31T16:05:07-07:00,,Kyra.MacDonald@chcheli.com,,,,,,,,KMACDONA,MingleEnterprise,Infor-SuiteUser,MingleIONEnabled,HOMEPAGES-User,IDM-User,IDM-RelatedInformationUser,M3UI-USER,MASHUP-User,,,,,,,,,,,,,,,,,,,,,,,,,,,,,,,,,,,,,,,,,,,,,,,,,,,,,,,,,,,,,,,,,,,,,,,,,,,,,,,,,,,,,,,,,,,,,,,,,,,,,,,,,,,,,,,,,,,,,,,,,,,,,,,,,,,,,,,,,,,,,,,,,,,,,,,,,,,,,,,,,,,,,,,,,,,,,,,,
LDUNCAN,Luke,Duncan,Luke.Duncan@CHCHeli.com,,Active,,a10e11f0-c774-4f72-a9b0-0d625cc35509,Luke.Duncan@CHCHeli.com,2026-03-31T16:09:35-07:00,2026-08-12T05:44:49-07:00,Luke.Duncan@CHCHeli.com,,,,,,,,LDUNCAN,MingleEnterprise,Infor-SuiteUser,MingleIONEnabled,HOMEPAGES-User,IDM-User,IDM-RelatedInformationUser,M3UI-USER,MASHUP-User,,,,,,,,,,,,,,,,,,,,,,,,,,,,,,,,,,,,,,,,,,,,,,,,,,,,,,,,,,,,,,,,,,,,,,,,,,,,,,,,,,,,,,,,,,,,,,,,,,,,,,,,,,,,,,,,,,,,,,,,,,,,,,,,,,,,,,,,,,,,,,,,,,,,,,,,,,,,,,,,,,,,,,,,,,,,,,,,
SJOHNY,Sojiya,Johny,Sojiya.Johny@chcheli.com,,Active,,ace9a3ab-7e9a-4d69-801e-fc8ac73debdb,Sojiya.Johny@chcheli.com,2026-03-31T16:13:28-07:00,2026-06-29T07:29:47-07:00,Sojiya.Johny@chcheli.com,,,,,,,,SJOHNY,MingleEnterprise,Infor-SuiteUser,MingleIONEnabled,HOMEPAGES-User,IDM-User,IDM-RelatedInformationUser,M3UI-USER,MASHUP-User,DocBits-User,,,,,,,,,,,,,,,,,,,,,,,,,,,,,,,,,,,,,,,,,,,,,,,,,,,,,,,,,,,,,,,,,,,,,,,,,,,,,,,,,,,,,,,,,,,,,,,,,,,,,,,,,,,,,,,,,,,,,,,,,,,,,,,,,,,,,,,,,,,,,,,,,,,,,,,,,,,,,,,,,,,,,,,,,,,,,,,
RDURGADE,Rutuja,Durgade,Rutuja.Durgade@CHCHeli.com,,Active,,0e07e574-1aaa-422d-aa4b-5098c39db223,rutuja.durgade@chcheli.com,2026-04-08T18:08:34-07:00,2026-06-30T01:51:59-07:00,rutuja.durgade@chcheli.com,,,,,,,,RDURGADE,MingleEnterprise,Infor-SuiteUser,MingleIONEnabled,HOMEPAGES-User,IDM-User,IDM-RelatedInformationUser,M3UI-USER,MASHUP-User,DocBits-User,,,,,,,,,,,,,,,,,,,,,,,,,,,,,,,,,,,,,,,,,,,,,,,,,,,,,,,,,,,,,,,,,,,,,,,,,,,,,,,,,,,,,,,,,,,,,,,,,,,,,,,,,,,,,,,,,,,,,,,,,,,,,,,,,,,,,,,,,,,,,,,,,,,,,,,,,,,,,,,,,,,,,,,,,,,,,,,
HPATIL,Harsha,Patil,Harsha.Patil@CHCHeli.com,,Active,,ed17928d-007c-4c2e-994d-46640b57fa7c,harsha.patil@chcheli.com,2026-04-08T18:11:44-07:00,2026-06-10T04:25:27-07:00,harsha.patil@chcheli.com,,,,,,,,HPATIL,MingleEnterprise,Infor-SuiteUser,MingleIONEnabled,HOMEPAGES-User,IDM-User,IDM-RelatedInformationUser,M3UI-USER,MASHUP-User,DocBits-User,,,,,,,,,,,,,,,,,,,,,,,,,,,,,,,,,,,,,,,,,,,,,,,,,,,,,,,,,,,,,,,,,,,,,,,,,,,,,,,,,,,,,,,,,,,,,,,,,,,,,,,,,,,,,,,,,,,,,,,,,,,,,,,,,,,,,,,,,,,,,,,,,,,,,,,,,,,,,,,,,,,,,,,,,,,,,,,
AKORDE,Aniket,Korde,Aniket.Korde@chcheli.com,,Active,,e3d489b4-741d-47a8-b066-042ab282a136,aniket.korde@chcheli.com,2026-04-08T18:12:00-07:00,2026-04-17T07:27:40-07:00,aniket.korde@chcheli.com,,,,,,,,AKORDE,MingleEnterprise,Infor-SuiteUser,MingleIONEnabled,HOMEPAGES-User,IDM-User,IDM-RelatedInformationUser,M3UI-USER,MASHUP-User,DocBits-User,,,,,,,,,,,,,,,,,,,,,,,,,,,,,,,,,,,,,,,,,,,,,,,,,,,,,,,,,,,,,,,,,,,,,,,,,,,,,,,,,,,,,,,,,,,,,,,,,,,,,,,,,,,,,,,,,,,,,,,,,,,,,,,,,,,,,,,,,,,,,,,,,,,,,,,,,,,,,,,,,,,,,,,,,,,,,,,
KULTRA,Kathleen,Ultra,Kathleen.Ultra@chcheli.com,,Active,,fee75d23-d431-4147-8367-a2839aba2ea7,Kathleen.Ultra@chcheli.com,2026-04-08T18:15:01-07:00,2026-06-22T13:57:33-07:00,Kathleen.Ultra@chcheli.com,,,,,,,,KULTRA,MingleEnterprise,Infor-SuiteUser,MingleIONEnabled,HOMEPAGES-User,IDM-User,IDM-RelatedInformationUser,M3UI-USER,MASHUP-User,DocBits-User,,,,,,,,,,,,,,,,,,,,,,,,,,,,,,,,,,,,,,,,,,,,,,,,,,,,,,,,,,,,,,,,,,,,,,,,,,,,,,,,,,,,,,,,,,,,,,,,,,,,,,,,,,,,,,,,,,,,,,,,,,,,,,,,,,,,,,,,,,,,,,,,,,,,,,,,,,,,,,,,,,,,,,,,,,,,,,,
04680891-2b71-4bc1-8646-33d500feafbb,Syed Amier Haider,Shah,amier.haider@fellowpro.com,Mr,Active,,04680891-2b71-4bc1-8646-33d500feafbb,amier.haider@fellowpro.com,2026-04-10T10:12:30-07:00,2026-05-29T08:20:15-07:00,amier.haider@fellowpro.com,,,,,,,,AHAIDER,MingleEnterprise,Infor-SuiteUser,MingleIONEnabled,HOMEPAGES-User,IDM-User,IDM-RelatedInformationUser,M3UI-USER,MASHUP-User,DocBits-User,,,,,,,,,,,,,,,,,,,,,,,,,,,,,,,,,,,,,,,,,,,,,,,,,,,,,,,,,,,,,,,,,,,,,,,,,,,,,,,,,,,,,,,,,,,,,,,,,,,,,,,,,,,,,,,,,,,,,,,,,,,,,,,,,,,,,,,,,,,,,,,,,,,,,,,,,,,,,,,,,,,,,,,,,,,,,,,
AACHILLE,Aimee,Achilles,Aimee.Achilles@chcheli.com,,Active,,8b411b60-9419-44c7-96d1-b02cad5130f8,Aimee.Achilles@chcheli.com,2026-04-20T07:11:30-07:00,,Aimee.Achilles@chcheli.com,,,,,,,,AACHILLE,,,,,,,,,,,,,,,,,,,,,,,,,,,,,,,,,,,,,,,,,,,,,,,,,,,,,,,,,,,,,,,,,,,,,,,,,,,,,,,,,,,,,,,,,,,,,,,,,,,,,,,,,,,,,,,,,,,,,,,,,,,,,,,,,,,,,,,,,,,,,,,,,,,,,,,,,,,,,,,,,,,,,,,,,,,,,,,,,,,,,,,,
2a9e9902-1014-4d04-837a-3088190f565a,Aaron,Martinez,Aaron.Martinez@chcheli.com,,Active,,2a9e9902-1014-4d04-837a-3088190f565a,Aaron.Martinez@chcheli.com,2026-04-20T07:11:30-07:00,,Aaron.Martinez@chcheli.com,,,,,,,,AAMARTIN,MingleEnterprise,Infor-SuiteUser,MingleIONEnabled,HOMEPAGES-User,IDM-User,IDM-RelatedInformationUser,M3UI-USER,MASHUP-User,,,,,,,,,,,,,,,,,,,,,,,,,,,,,,,,,,,,,,,,,,,,,,,,,,,,,,,,,,,,,,,,,,,,,,,,,,,,,,,,,,,,,,,,,,,,,,,,,,,,,,,,,,,,,,,,,,,,,,,,,,,,,,,,,,,,,,,,,,,,,,,,,,,,,,,,,,,,,,,,,,,,,,,,,,,,,,,,
ABANNON,Ashleigh,Bannon,Ashleigh.Bannon@chcheli.com,,Active,,6a5451b4-a0a3-4953-8368-959d637b87dd,Ashleigh.Bannon@chcheli.com,2026-04-20T07:11:30-07:00,,Ashleigh.Bannon@chcheli.com,,,,,,,,ABANNON,MingleEnterprise,Infor-SuiteUser,MingleIONEnabled,HOMEPAGES-User,IDM-User,IDM-RelatedInformationUser,M3UI-USER,MASHUP-User,,,,,,,,,,,,,,,,,,,,,,,,,,,,,,,,,,,,,,,,,,,,,,,,,,,,,,,,,,,,,,,,,,,,,,,,,,,,,,,,,,,,,,,,,,,,,,,,,,,,,,,,,,,,,,,,,,,,,,,,,,,,,,,,,,,,,,,,,,,,,,,,,,,,,,,,,,,,,,,,,,,,,,,,,,,,,,,,
ABRYLINS,Anna,Brylinska,Anna.Brylinska@chcheli.com,,Active,,4d90f81d-a747-494e-851b-3ff8eef2d079,Anna.Brylinska@chcheli.com,2026-04-20T07:11:30-07:00,,Anna.Brylinska@chcheli.com,,,,,,,,ABRYLINS,MingleEnterprise,Infor-SuiteUser,MingleIONEnabled,HOMEPAGES-User,IDM-User,IDM-RelatedInformationUser,M3UI-USER,MASHUP-User,,,,,,,,,,,,,,,,,,,,,,,,,,,,,,,,,,,,,,,,,,,,,,,,,,,,,,,,,,,,,,,,,,,,,,,,,,,,,,,,,,,,,,,,,,,,,,,,,,,,,,,,,,,,,,,,,,,,,,,,,,,,,,,,,,,,,,,,,,,,,,,,,,,,,,,,,,,,,,,,,,,,,,,,,,,,,,,,
ACASTRO,Armida,Garcia,Armida.Garcia@chcheli.com,,Active,,51a9ff26-9848-4981-8b2e-9d2ef966d138,Armida.Garcia@chcheli.com,2026-04-20T07:11:31-07:00,,Armida.Garcia@chcheli.com,,,,,,,,ACASTRO,MingleEnterprise,Infor-SuiteUser,MingleIONEnabled,HOMEPAGES-User,IDM-User,IDM-RelatedInformationUser,M3UI-USER,MASHUP-User,,,,,,,,,,,,,,,,,,,,,,,,,,,,,,,,,,,,,,,,,,,,,,,,,,,,,,,,,,,,,,,,,,,,,,,,,,,,,,,,,,,,,,,,,,,,,,,,,,,,,,,,,,,,,,,,,,,,,,,,,,,,,,,,,,,,,,,,,,,,,,,,,,,,,,,,,,,,,,,,,,,,,,,,,,,,,,,,
54e3be85-3c6d-47d5-b9e7-70bb0360a719,Akash,Datkhile,Akash.Datkhile@chcheli.com,Mr,Active,,54e3be85-3c6d-47d5-b9e7-70bb0360a719,Akash.Datkhile@chcheli.com,2026-04-20T07:11:41-07:00,2026-08-27T06:33:01-07:00,Akash.Datkhile@chcheli.com,,,,,,,,ADATKHIL,USERADMIN,DataAdministrator,Infor-SystemAdministrator,IFS-ExternalEntityAdmin,IFS-ReadOnlyUser,IFS-AuditReportUser,IFS-AuditAdministrator,IFS-MonitorReportUser,IFS-MonitorAdministrator,IFS-PasswordAdmin,MingleEnterprise,Infor-SuiteUser,MingleIONEnabled,MingleAdministrator,MingleDataAdministrator,PORTAL-User,PORTAL-ContentAdministrator,GRID-SystemAdministrator,GRID-Viewer,GRID-Administrator,HOMEPAGES-Administrator,HOMEPAGES-ContentAdministrator,HOMEPAGES-User,HOMEPAGES-ContentSupport,IONDeskSecurityAdmin,IONDeskAdmin,IONContentProvider,IONDeskOAuthGenerator,Mingle-LocatorView,IFSAdminContact,IONAPI-Tracing,IONAPI-User,IONAPI-Administrator,DATALAKE-User,DATALAKE-DataAdministrator,DATALAKE-SystemAdministrator,DECISIONSERVICE-Editor,DECISIONSERVICE-Approver,INBOX-PowerUser,SmartHelpUser,IDM-User,IDM-AdvancedUser,IDM-Administrator,IDM-SuperUser,IDM-RelatedInformationUser,IDM-SignatureUser,GDPR-Collaboration-ChiefDataProtectionOfficer,GDPR-Collaboration-DataProtectionOfficer,GDPR-App-Administrator,DATAFABRIC-SuperAdmin,DATAFABRIC-User,ENTERPRISESEARCH-Admin,ENTERPRISESEARCH-User,ENTERPRISESEARCH-PowerUser,M3EC-Administrator,M3EC-User,M3EC-ClientDesigntime,M3-DLSubscriptionAdmin,M3BE-FATAdmin-Exporter,M3UI-StartPageAdministrator,M3UI-DebugUser,M3UI-Administrator,M3UI-USER,M3UI-Designer,M3BDP-Administrator,M3BDP-USER,MASHUP-Administrator,MASHUP-User,IECEC-Administrator,IECEC-User,M3BE-FATAdmin,M3BE-FndAdmin,M3BE-FndUser,M3BE-ServicesAdmin,M3BE-CryptoAdmin,M3BE-ExtensionsAdmin,M3BE-ExtensionsViewer,M3BE-DBViewer,M3BE-DBAdmin,M3BE-FndFlagAdmin,M3BE-FileViewer,M3BE-FileAdmin,M3BE-ConfigAdmin,M3BE-ConfigUser,M3BE-LogEnabler,M3BE-SystemAdministrator,M3BE-DBAdmin-ReadToken,EVENTHUB-Administrator,EVENTHUB-User,M3MDP-USER,M3CE_About_Viewer,M3ENTERPRISESEARCH-Administrator,IPW-User,Birst-SystemAdministrator,Birst-User,MONGOOSE-UG-CoreFormsAdmin,MONGOOSE-UG-CoreFormsDeveloper,MONGOOSE-UG-CoreFormsEndUser,MONGOOSE-UG-CoreIDOs,MONGOOSE-LM-MGCoreAutomation,MONGOOSE-LM-MGCoreTrans,MONGOOSE-LM-MGDataViews,MONGOOSE-LM-MGDeveloper,MONGOOSE-LM-MGUserCreatedForms,MONGOOSE-LM-MGUserCreatedIDOs,MONGOOSE-LM-MGPAAS,MONGOOSE-LM-MGM3InterfaceForms,MONGOOSE-LM-MGM3InterfaceIDOs,MONGOOSE-LM-MGAppBuilder,APPBUILDER-Administrator,APPBUILDER-User,APPBUILDER-Designer,LCLLSP-User,LCLLSP-Admin,LCLLSP-PrivilegedUser,LCLLSP-ServiceAdmin,LCLLSP-AppAdmin,LCLLSP-SupAdmin,LCLLSP-StdAdmin,LCLLSP-StdUser,M3A Administrators,M3A Developers,M3A Procurement,M3A Finance,M3A Production,M3ADISBIRST-Model-Administrator,M3ADISBIRST-Extension-Administrator,M3ADISBIRST-Consumer-Administrator,M3ADISBIRST-User,M3A Warehouse,M3A Default Subject Area,IFSApplicationAdmin,IFS-ShowUserManagementUI,IFS-GroupsAdmin,IFS-GroupsUpdate,IFS-GroupsReadOnlyUser,IFS-ReadOnly,M3MDP-TESTAPI,INBOX-Admin,M3DMP-Contributor,M3UI-Approver,M3A Opportunity Management,IONAPI-Developer,M3CPW-User,IAD-DataMaintainer,IAD-Designer,IAD-Publisher,IAD-TemplateBuilder,M3ACM-User,M3ACM-Viewer,IPI-ModelerAdmin,IPI-ModelerViewer,IPI-ModelerDesigner,PORTAL-ContentPublisher,M3BE-PowerUser,M3BE-LicenseType1,M3BE-LicenseType2,M3BE-LicenseType3,M3BE-LicenseType6-FT,M3BE-LicenseType6-SHUB,M3HealthService-Administrator,IONAPI-BaaS-Administrator,IONAPI-BaaS-DataAdministrator,IONAPI-BaaS-Developer,IONAPI-BaaS-User,M3BE-DBUpdater,DATAFABRIC-HealthServiceAdmin,PORTAL-AnnouncementAdministrator,M3BE-DBAdmin-PrdToken,M3BE-LicenseType4,SMARTHELP-Administrator,DocBits-User,M3BE-FATAdmin-PRD-UpperLimitRuleToken,M3BE-FATAdmin-DeleteData,M3BE-FATAdmin-PRD-DeleteDataToken,M3BE-FATAdmin-PRD-ConfigureUpperLimit,IFSApplicationAdmin,,,,,,,
ADUBEY,Anjali,Dubey,Anjali.Dubey@chcheli.com,,Active,,7d72086d-0db6-4e77-af9d-f66f301fb085,Anjali.Dubey@chcheli.com,2026-04-20T07:11:41-07:00,,Anjali.Dubey@chcheli.com,,,,,,,,ADUBEY,MingleEnterprise,Infor-SuiteUser,MingleIONEnabled,HOMEPAGES-User,IDM-User,IDM-RelatedInformationUser,M3UI-USER,MASHUP-User,,,,,,,,,,,,,,,,,,,,,,,,,,,,,,,,,,,,,,,,,,,,,,,,,,,,,,,,,,,,,,,,,,,,,,,,,,,,,,,,,,,,,,,,,,,,,,,,,,,,,,,,,,,,,,,,,,,,,,,,,,,,,,,,,,,,,,,,,,,,,,,,,,,,,,,,,,,,,,,,,,,,,,,,,,,,,,,,
AHUDANI,Animesh,Hudani,Animesh.Hudani@heli-one.com,,Active,,7b29f9b4-8d03-4904-aaaa-a5f2fcae2cb1,Animesh.Hudani@heli-one.com,2026-04-20T07:11:41-07:00,2026-07-14T10:39:32-07:00,Animesh.Hudani@heli-one.com,,,,,,,,AHUDANI,MingleEnterprise,Infor-SuiteUser,MingleIONEnabled,HOMEPAGES-User,IDM-User,IDM-RelatedInformationUser,M3UI-USER,MASHUP-User,,,,,,,,,,,,,,,,,,,,,,,,,,,,,,,,,,,,,,,,,,,,,,,,,,,,,,,,,,,,,,,,,,,,,,,,,,,,,,,,,,,,,,,,,,,,,,,,,,,,,,,,,,,,,,,,,,,,,,,,,,,,,,,,,,,,,,,,,,,,,,,,,,,,,,,,,,,,,,,,,,,,,,,,,,,,,,,,
AJAKOBSSON,Arve,Jakobsson,Arve.Jakobsson@heli-one.com,,Active,,8e12c3f8-ef5f-4dc4-b6ae-fa43ebdb6406,Arve.Jakobsson@heli-one.com,2026-04-20T07:11:41-07:00,,Arve.Jakobsson@heli-one.com,,,,,,,,AJAKOBSSON,MingleEnterprise,Infor-SuiteUser,MingleIONEnabled,HOMEPAGES-User,IDM-User,IDM-RelatedInformationUser,M3UI-USER,MASHUP-User,,,,,,,,,,,,,,,,,,,,,,,,,,,,,,,,,,,,,,,,,,,,,,,,,,,,,,,,,,,,,,,,,,,,,,,,,,,,,,,,,,,,,,,,,,,,,,,,,,,,,,,,,,,,,,,,,,,,,,,,,,,,,,,,,,,,,,,,,,,,,,,,,,,,,,,,,,,,,,,,,,,,,,,,,,,,,,,,
AKANDWAL,aditi,kandwal,aditi.kandwal@chcheli.com,,Active,,e3c91bc7-0450-48fc-be56-71ac7fb241db,aditi.kandwal@chcheli.com,2026-04-20T07:11:41-07:00,,aditi.kandwal@chcheli.com,,,,,,,,AKANDWAL,MingleEnterprise,Infor-SuiteUser,MingleIONEnabled,HOMEPAGES-User,IDM-User,IDM-RelatedInformationUser,M3UI-USER,MASHUP-User,,,,,,,,,,,,,,,,,,,,,,,,,,,,,,,,,,,,,,,,,,,,,,,,,,,,,,,,,,,,,,,,,,,,,,,,,,,,,,,,,,,,,,,,,,,,,,,,,,,,,,,,,,,,,,,,,,,,,,,,,,,,,,,,,,,,,,,,,,,,,,,,,,,,,,,,,,,,,,,,,,,,,,,,,,,,,,,,
3b8153b8-9073-4ba8-a6aa-9c6c9b80f5af,Akash,Kudekar,Akash.Kudekar@chcheli.com,,Active,,3b8153b8-9073-4ba8-a6aa-9c6c9b80f5af,Akash.Kudekar@chcheli.com,2026-04-20T07:15:27-07:00,,Akash.Kudekar@chcheli.com,,,,,,,,AKUDEKAR,MingleEnterprise,Infor-SuiteUser,MingleIONEnabled,HOMEPAGES-User,IDM-User,IDM-RelatedInformationUser,M3UI-USER,MASHUP-User,,,,,,,,,,,,,,,,,,,,,,,,,,,,,,,,,,,,,,,,,,,,,,,,,,,,,,,,,,,,,,,,,,,,,,,,,,,,,,,,,,,,,,,,,,,,,,,,,,,,,,,,,,,,,,,,,,,,,,,,,,,,,,,,,,,,,,,,,,,,,,,,,,,,,,,,,,,,,,,,,,,,,,,,,,,,,,,,
ALARSEN,Arild,Larsen,Arild.Larsen@chcheli.com,,Active,,21806066-f49c-43c5-886e-3ecadb209488,Arild.Larsen@chcheli.com,2026-04-20T07:15:27-07:00,,Arild.Larsen@chcheli.com,,,,,,,,ALARSEN,MingleEnterprise,Infor-SuiteUser,MingleIONEnabled,HOMEPAGES-User,IDM-User,IDM-RelatedInformationUser,M3UI-USER,MASHUP-User,,,,,,,,,,,,,,,,,,,,,,,,,,,,,,,,,,,,,,,,,,,,,,,,,,,,,,,,,,,,,,,,,,,,,,,,,,,,,,,,,,,,,,,,,,,,,,,,,,,,,,,,,,,,,,,,,,,,,,,,,,,,,,,,,,,,,,,,,,,,,,,,,,,,,,,,,,,,,,,,,,,,,,,,,,,,,,,,
ALAU,Andy,Lau,Andy.Lau@chcheli.com,,Active,,422722f3-4838-49a2-a1df-f18b4d11dc8b,Andy.Lau@chcheli.com,2026-04-20T07:15:27-07:00,,Andy.Lau@chcheli.com,,,,,,,,ALAU,MingleEnterprise,Infor-SuiteUser,MingleIONEnabled,HOMEPAGES-User,IDM-User,IDM-RelatedInformationUser,M3UI-USER,MASHUP-User,,,,,,,,,,,,,,,,,,,,,,,,,,,,,,,,,,,,,,,,,,,,,,,,,,,,,,,,,,,,,,,,,,,,,,,,,,,,,,,,,,,,,,,,,,,,,,,,,,,,,,,,,,,,,,,,,,,,,,,,,,,,,,,,,,,,,,,,,,,,,,,,,,,,,,,,,,,,,,,,,,,,,,,,,,,,,,,,
AMORENO,aleymir,moreno,aleymir.moreno@chcheli.com,,Active,,33607ffa-3d53-424f-bb50-ed321b51d304,aleymir.moreno@chcheli.com,2026-04-20T07:15:28-07:00,,aleymir.moreno@chcheli.com,,,,,,,,AMORENO,MingleEnterprise,Infor-SuiteUser,MingleIONEnabled,HOMEPAGES-User,IDM-User,IDM-RelatedInformationUser,M3UI-USER,MASHUP-User,,,,,,,,,,,,,,,,,,,,,,,,,,,,,,,,,,,,,,,,,,,,,,,,,,,,,,,,,,,,,,,,,,,,,,,,,,,,,,,,,,,,,,,,,,,,,,,,,,,,,,,,,,,,,,,,,,,,,,,,,,,,,,,,,,,,,,,,,,,,,,,,,,,,,,,,,,,,,,,,,,,,,,,,,,,,,,,,
ANCOSTA,Anderson,Costa,Anderson.Costa@chcheli.com,,Active,,4869f790-81e2-4284-9631-ab21e607dbc4,Anderson.Costa@chcheli.com,2026-04-20T07:15:28-07:00,,Anderson.Costa@chcheli.com,,,,,,,,ANCOSTA,MingleEnterprise,Infor-SuiteUser,MingleIONEnabled,HOMEPAGES-User,IDM-User,IDM-RelatedInformationUser,M3UI-USER,MASHUP-User,,,,,,,,,,,,,,,,,,,,,,,,,,,,,,,,,,,,,,,,,,,,,,,,,,,,,,,,,,,,,,,,,,,,,,,,,,,,,,,,,,,,,,,,,,,,,,,,,,,,,,,,,,,,,,,,,,,,,,,,,,,,,,,,,,,,,,,,,,,,,,,,,,,,,,,,,,,,,,,,,,,,,,,,,,,,,,,,
ANIEKERK,Andre,Niekerk,Andre.Niekerk@chcheli.com,,Active,,4753ec58-7263-42b0-9bb0-43cff51420de,Andre.Niekerk@chcheli.com,2026-04-20T07:15:28-07:00,,Andre.Niekerk@chcheli.com,,,,,,,,ANIEKERK,MingleEnterprise,Infor-SuiteUser,MingleIONEnabled,HOMEPAGES-User,IDM-User,IDM-RelatedInformationUser,M3UI-USER,MASHUP-User,,,,,,,,,,,,,,,,,,,,,,,,,,,,,,,,,,,,,,,,,,,,,,,,,,,,,,,,,,,,,,,,,,,,,,,,,,,,,,,,,,,,,,,,,,,,,,,,,,,,,,,,,,,,,,,,,,,,,,,,,,,,,,,,,,,,,,,,,,,,,,,,,,,,,,,,,,,,,,,,,,,,,,,,,,,,,,,,
AOLIVEIRA,Arthur,deOliveira,Arthur.deOliveira@chcheli.com,,Active,,5708faaf-4691-4a38-bbbe-565f6c125eb1,Arthur.deOliveira@chcheli.com,2026-04-20T07:15:28-07:00,,Arthur.deOliveira@chcheli.com,,,,,,,,AOLIVEIRA,MingleEnterprise,Infor-SuiteUser,MingleIONEnabled,HOMEPAGES-User,IDM-User,IDM-RelatedInformationUser,M3UI-USER,MASHUP-User,,,,,,,,,,,,,,,,,,,,,,,,,,,,,,,,,,,,,,,,,,,,,,,,,,,,,,,,,,,,,,,,,,,,,,,,,,,,,,,,,,,,,,,,,,,,,,,,,,,,,,,,,,,,,,,,,,,,,,,,,,,,,,,,,,,,,,,,,,,,,,,,,,,,,,,,,,,,,,,,,,,,,,,,,,,,,,,,
AREWERA,Aleksandra,Rewera,Aleksandra.Rewera@heli-one.com,,Active,,199c3f92-c8f3-430b-a09c-751850773004,Aleksandra.Rewera@heli-one.com,2026-04-20T07:15:28-07:00,2026-07-30T06:44:27-07:00,Aleksandra.Rewera@heli-one.com,,,,,,,,AREWERA,MingleEnterprise,Infor-SuiteUser,MingleIONEnabled,HOMEPAGES-User,IDM-User,IDM-RelatedInformationUser,M3UI-USER,MASHUP-User,,,,,,,,,,,,,,,,,,,,,,,,,,,,,,,,,,,,,,,,,,,,,,,,,,,,,,,,,,,,,,,,,,,,,,,,,,,,,,,,,,,,,,,,,,,,,,,,,,,,,,,,,,,,,,,,,,,,,,,,,,,,,,,,,,,,,,,,,,,,,,,,,,,,,,,,,,,,,,,,,,,,,,,,,,,,,,,,
ARICHARDS,Aaron,Richards,Aaron.Richards@heli-one.com,,Active,,8dcddb25-2185-4a9c-8576-77f824a8551a,Aaron.Richards@heli-one.com,2026-04-20T07:15:28-07:00,,Aaron.Richards@heli-one.com,,,,,,,,ARICHARDS,MingleEnterprise,Infor-SuiteUser,MingleIONEnabled,HOMEPAGES-User,IDM-User,IDM-RelatedInformationUser,M3UI-USER,MASHUP-User,,,,,,,,,,,,,,,,,,,,,,,,,,,,,,,,,,,,,,,,,,,,,,,,,,,,,,,,,,,,,,,,,,,,,,,,,,,,,,,,,,,,,,,,,,,,,,,,,,,,,,,,,,,,,,,,,,,,,,,,,,,,,,,,,,,,,,,,,,,,,,,,,,,,,,,,,,,,,,,,,,,,,,,,,,,,,,,,
ASELLARS,Amanda,Sellars,Amanda.Sellars@chcheli.com,,Active,,ab5e9013-26da-4642-a9e1-5d815119c12e,Amanda.Sellars@chcheli.com,2026-04-20T07:15:28-07:00,,Amanda.Sellars@chcheli.com,,,,,,,,ASELLARS,MingleEnterprise,Infor-SuiteUser,MingleIONEnabled,HOMEPAGES-User,IDM-User,IDM-RelatedInformationUser,M3UI-USER,MASHUP-User,,,,,,,,,,,,,,,,,,,,,,,,,,,,,,,,,,,,,,,,,,,,,,,,,,,,,,,,,,,,,,,,,,,,,,,,,,,,,,,,,,,,,,,,,,,,,,,,,,,,,,,,,,,,,,,,,,,,,,,,,,,,,,,,,,,,,,,,,,,,,,,,,,,,,,,,,,,,,,,,,,,,,,,,,,,,,,,,
ASTAYLOR,Ashley,Taylor,Ashley.Taylor@CHCHeli.com,,Active,,6238eb4d-1d90-4b26-bdbd-3a51ca8aa164,Ashley.Taylor@CHCHeli.com,2026-04-20T07:15:28-07:00,,Ashley.Taylor@CHCHeli.com,,,,,,,,ASTAYLOR,MingleEnterprise,Infor-SuiteUser,MingleIONEnabled,HOMEPAGES-User,IDM-User,IDM-RelatedInformationUser,M3UI-USER,MASHUP-User,,,,,,,,,,,,,,,,,,,,,,,,,,,,,,,,,,,,,,,,,,,,,,,,,,,,,,,,,,,,,,,,,,,,,,,,,,,,,,,,,,,,,,,,,,,,,,,,,,,,,,,,,,,,,,,,,,,,,,,,,,,,,,,,,,,,,,,,,,,,,,,,,,,,,,,,,,,,,,,,,,,,,,,,,,,,,,,,
ASZUBERL,Artur,Szuberla,Artur.Szuberla@chcheli.com,Enterprise Applications Analyst,Active,,d8b9742e-047f-4067-825d-bd3298f25970,Artur.Szuberla@chcheli.com,2026-04-20T07:15:29-07:00,2026-04-20T23:50:08-07:00,Artur.Szuberla@chcheli.com,,,,,,,,ASZUBERL,MingleEnterprise,Infor-SuiteUser,MingleIONEnabled,HOMEPAGES-User,IDM-User,IDM-RelatedInformationUser,M3UI-USER,MASHUP-User,,,,,,,,,,,,,,,,,,,,,,,,,,,,,,,,,,,,,,,,,,,,,,,,,,,,,,,,,,,,,,,,,,,,,,,,,,,,,,,,,,,,,,,,,,,,,,,,,,,,,,,,,,,,,,,,,,,,,,,,,,,,,,,,,,,,,,,,,,,,,,,,,,,,,,,,,,,,,,,,,,,,,,,,,,,,,,,,
AVIEIRA,Alessandro,Vieira,Alessandro.Vieira@chcheli.com,,Active,,00d65338-1975-4a7f-b802-c4a11bf4211e,Alessandro.Vieira@chcheli.com,2026-04-20T07:15:29-07:00,,Alessandro.Vieira@chcheli.com,,,,,,,,AVIEIRA,MingleEnterprise,Infor-SuiteUser,MingleIONEnabled,HOMEPAGES-User,IDM-User,IDM-RelatedInformationUser,M3UI-USER,MASHUP-User,,,,,,,,,,,,,,,,,,,,,,,,,,,,,,,,,,,,,,,,,,,,,,,,,,,,,,,,,,,,,,,,,,,,,,,,,,,,,,,,,,,,,,,,,,,,,,,,,,,,,,,,,,,,,,,,,,,,,,,,,,,,,,,,,,,,,,,,,,,,,,,,,,,,,,,,,,,,,,,,,,,,,,,,,,,,,,,,
BABRIDGF,Bart,Bridgford,Bart.Bridgford@chcheli.com,,Active,,acf9e9fc-18ac-4f33-9844-f7bfa8b2c086,Bart.Bridgford@chcheli.com,2026-04-20T07:15:29-07:00,,Bart.Bridgford@chcheli.com,,,,,,,,BABRIDGF,MingleEnterprise,Infor-SuiteUser,MingleIONEnabled,HOMEPAGES-User,IDM-User,IDM-RelatedInformationUser,M3UI-USER,MASHUP-User,,,,,,,,,,,,,,,,,,,,,,,,,,,,,,,,,,,,,,,,,,,,,,,,,,,,,,,,,,,,,,,,,,,,,,,,,,,,,,,,,,,,,,,,,,,,,,,,,,,,,,,,,,,,,,,,,,,,,,,,,,,,,,,,,,,,,,,,,,,,,,,,,,,,,,,,,,,,,,,,,,,,,,,,,,,,,,,,
BARK,Barry,van der Ark,bark@chcheli.com,,Active,,5a1ac26c-603e-4f7d-9eb1-2c543499ffa8,bark@chcheli.com,2026-04-20T07:15:29-07:00,,bark@chcheli.com,,,,,,,,BARK,MingleEnterprise,Infor-SuiteUser,MingleIONEnabled,HOMEPAGES-User,IDM-User,IDM-RelatedInformationUser,M3UI-USER,MASHUP-User,,,,,,,,,,,,,,,,,,,,,,,,,,,,,,,,,,,,,,,,,,,,,,,,,,,,,,,,,,,,,,,,,,,,,,,,,,,,,,,,,,,,,,,,,,,,,,,,,,,,,,,,,,,,,,,,,,,,,,,,,,,,,,,,,,,,,,,,,,,,,,,,,,,,,,,,,,,,,,,,,,,,,,,,,,,,,,,,
BAULIK,Bob,Aulik,Bob.Aulik@heli-one.com,,Active,,4f0ef1bb-95a6-41a9-9686-c9925c394a79,Bob.Aulik@heli-one.com,2026-04-20T07:15:29-07:00,,Bob.Aulik@heli-one.com,,,,,,,,BAULIK,MingleEnterprise,Infor-SuiteUser,MingleIONEnabled,HOMEPAGES-User,IDM-User,IDM-RelatedInformationUser,M3UI-USER,MASHUP-User,,,,,,,,,,,,,,,,,,,,,,,,,,,,,,,,,,,,,,,,,,,,,,,,,,,,,,,,,,,,,,,,,,,,,,,,,,,,,,,,,,,,,,,,,,,,,,,,,,,,,,,,,,,,,,,,,,,,,,,,,,,,,,,,,,,,,,,,,,,,,,,,,,,,,,,,,,,,,,,,,,,,,,,,,,,,,,,,
BBRETHER,Bart,Bretherton,Bart.Bretherton@chcheli.com,,Active,,1575c0de-5337-4f76-a418-cb5d5a3d3b1b,Bart.Bretherton@chcheli.com,2026-04-20T07:15:30-07:00,,Bart.Bretherton@chcheli.com,,,,,,,,BBRETHER,MingleEnterprise,Infor-SuiteUser,MingleIONEnabled,HOMEPAGES-User,IDM-User,IDM-RelatedInformationUser,M3UI-USER,MASHUP-User,,,,,,,,,,,,,,,,,,,,,,,,,,,,,,,,,,,,,,,,,,,,,,,,,,,,,,,,,,,,,,,,,,,,,,,,,,,,,,,,,,,,,,,,,,,,,,,,,,,,,,,,,,,,,,,,,,,,,,,,,,,,,,,,,,,,,,,,,,,,,,,,,,,,,,,,,,,,,,,,,,,,,,,,,,,,,,,,
BCAR,Biljana,Car,Biljana.Car@chcheli.com,,Active,,d22c202a-cd0f-41e5-b7cd-a195b5d78b51,Biljana.Car@chcheli.com,2026-04-20T07:15:30-07:00,,Biljana.Car@chcheli.com,,,,,,,,BCAR,MingleEnterprise,Infor-SuiteUser,MingleIONEnabled,HOMEPAGES-User,IDM-User,IDM-RelatedInformationUser,M3UI-USER,MASHUP-User,,,,,,,,,,,,,,,,,,,,,,,,,,,,,,,,,,,,,,,,,,,,,,,,,,,,,,,,,,,,,,,,,,,,,,,,,,,,,,,,,,,,,,,,,,,,,,,,,,,,,,,,,,,,,,,,,,,,,,,,,,,,,,,,,,,,,,,,,,,,,,,,,,,,,,,,,,,,,,,,,,,,,,,,,,,,,,,,
BCLARK,Blair,Clark,Blair.Clark@chcheli.com,,Active,,707987fb-6be5-42e6-a48a-a66fb16f734d,Blair.Clark@chcheli.com,2026-04-20T07:15:30-07:00,,Blair.Clark@chcheli.com,,,,,,,,BCLARK,MingleEnterprise,Infor-SuiteUser,MingleIONEnabled,HOMEPAGES-User,IDM-User,IDM-RelatedInformationUser,M3UI-USER,MASHUP-User,,,,,,,,,,,,,,,,,,,,,,,,,,,,,,,,,,,,,,,,,,,,,,,,,,,,,,,,,,,,,,,,,,,,,,,,,,,,,,,,,,,,,,,,,,,,,,,,,,,,,,,,,,,,,,,,,,,,,,,,,,,,,,,,,,,,,,,,,,,,,,,,,,,,,,,,,,,,,,,,,,,,,,,,,,,,,,,,
BEHESS,Beat,Hess,Beat.Hess@chcheli.com,,Active,,a993af7c-d84c-4c21-9a31-a9e7cc10d0c3,Beat.Hess@chcheli.com,2026-04-20T07:15:30-07:00,,Beat.Hess@chcheli.com,,,,,,,,BEHESS,MingleEnterprise,Infor-SuiteUser,MingleIONEnabled,HOMEPAGES-User,IDM-User,IDM-RelatedInformationUser,M3UI-USER,MASHUP-User,,,,,,,,,,,,,,,,,,,,,,,,,,,,,,,,,,,,,,,,,,,,,,,,,,,,,,,,,,,,,,,,,,,,,,,,,,,,,,,,,,,,,,,,,,,,,,,,,,,,,,,,,,,,,,,,,,,,,,,,,,,,,,,,,,,,,,,,,,,,,,,,,,,,,,,,,,,,,,,,,,,,,,,,,,,,,,,,
BFERREIRA,Bruno,Ferreira,Bruno.Ferreira@chcheli.com,,Active,,65709ffa-5b71-4a4f-a1db-bb55bad9da45,Bruno.Ferreira@chcheli.com,2026-04-20T07:15:30-07:00,,Bruno.Ferreira@chcheli.com,,,,,,,,BFERREIRA,MingleEnterprise,Infor-SuiteUser,MingleIONEnabled,HOMEPAGES-User,IDM-User,IDM-RelatedInformationUser,M3UI-USER,MASHUP-User,,,,,,,,,,,,,,,,,,,,,,,,,,,,,,,,,,,,,,,,,,,,,,,,,,,,,,,,,,,,,,,,,,,,,,,,,,,,,,,,,,,,,,,,,,,,,,,,,,,,,,,,,,,,,,,,,,,,,,,,,,,,,,,,,,,,,,,,,,,,,,,,,,,,,,,,,,,,,,,,,,,,,,,,,,,,,,,,
BKISCH,Becky,Kisch,Becky.Kisch@chcheli.com,,Active,,b4970dd0-f997-4aba-9203-57495c45e0cf,Becky.Kisch@chcheli.com,2026-04-20T07:15:30-07:00,,Becky.Kisch@chcheli.com,,,,,,,,BKISCH,MingleEnterprise,Infor-SuiteUser,MingleIONEnabled,HOMEPAGES-User,IDM-User,IDM-RelatedInformationUser,M3UI-USER,MASHUP-User,,,,,,,,,,,,,,,,,,,,,,,,,,,,,,,,,,,,,,,,,,,,,,,,,,,,,,,,,,,,,,,,,,,,,,,,,,,,,,,,,,,,,,,,,,,,,,,,,,,,,,,,,,,,,,,,,,,,,,,,,,,,,,,,,,,,,,,,,,,,,,,,,,,,,,,,,,,,,,,,,,,,,,,,,,,,,,,,
BMAGALHA,Bruno,Magalhaes,Bruno.Magalhaes@CHCHeli.com,,Active,,34a775a4-799c-47d5-a413-254a9ac6e246,Bruno.Magalhaes@CHCHeli.com,2026-04-20T07:15:30-07:00,,Bruno.Magalhaes@CHCHeli.com,,,,,,,,BMAGALHA,MingleEnterprise,Infor-SuiteUser,MingleIONEnabled,HOMEPAGES-User,IDM-User,IDM-RelatedInformationUser,M3UI-USER,MASHUP-User,SRAPS111CLRW,,,,,,,,,,,,,,,,,,,,,,,,,,,,,,,,,,,,,,,,,,,,,,,,,,,,,,,,,,,,,,,,,,,,,,,,,,,,,,,,,,,,,,,,,,,,,,,,,,,,,,,,,,,,,,,,,,,,,,,,,,,,,,,,,,,,,,,,,,,,,,,,,,,,,,,,,,,,,,,,,,,,,,,,,,,,,,,
BNICHOLL,Brady,Nicholls,Brady.Nicholls@chcheli.com,,Active,,72b3f899-822c-4391-aadf-698fbb84afb3,Brady.Nicholls@chcheli.com,2026-04-20T07:15:30-07:00,,Brady.Nicholls@chcheli.com,,,,,,,,BNICHOLL,MingleEnterprise,Infor-SuiteUser,MingleIONEnabled,HOMEPAGES-User,IDM-User,IDM-RelatedInformationUser,M3UI-USER,MASHUP-User,,,,,,,,,,,,,,,,,,,,,,,,,,,,,,,,,,,,,,,,,,,,,,,,,,,,,,,,,,,,,,,,,,,,,,,,,,,,,,,,,,,,,,,,,,,,,,,,,,,,,,,,,,,,,,,,,,,,,,,,,,,,,,,,,,,,,,,,,,,,,,,,,,,,,,,,,,,,,,,,,,,,,,,,,,,,,,,,
BPOST,Bradley,Post,Bradley.Post@chcheli.com,,Active,,3f75208d-f205-44ed-9366-8811018b3844,Bradley.Post@chcheli.com,2026-04-20T07:15:31-07:00,,Bradley.Post@chcheli.com,,,,,,,,BPOST,MingleEnterprise,Infor-SuiteUser,MingleIONEnabled,HOMEPAGES-User,IDM-User,IDM-RelatedInformationUser,M3UI-USER,MASHUP-User,,,,,,,,,,,,,,,,,,,,,,,,,,,,,,,,,,,,,,,,,,,,,,,,,,,,,,,,,,,,,,,,,,,,,,,,,,,,,,,,,,,,,,,,,,,,,,,,,,,,,,,,,,,,,,,,,,,,,,,,,,,,,,,,,,,,,,,,,,,,,,,,,,,,,,,,,,,,,,,,,,,,,,,,,,,,,,,,
BRESENDE,Bruna,Resende,Bruna.Resende@CHCHeli.com,,Active,,1b323505-c1fd-4963-b854-04469f246b3d,Bruna.Resende@CHCHeli.com,2026-04-20T07:15:31-07:00,,Bruna.Resende@CHCHeli.com,,,,,,,,BRESENDE,MingleEnterprise,Infor-SuiteUser,MingleIONEnabled,HOMEPAGES-User,IDM-User,IDM-RelatedInformationUser,M3UI-USER,MASHUP-User,,,,,,,,,,,,,,,,,,,,,,,,,,,,,,,,,,,,,,,,,,,,,,,,,,,,,,,,,,,,,,,,,,,,,,,,,,,,,,,,,,,,,,,,,,,,,,,,,,,,,,,,,,,,,,,,,,,,,,,,,,,,,,,,,,,,,,,,,,,,,,,,,,,,,,,,,,,,,,,,,,,,,,,,,,,,,,,,
BRWILSON,Brandon,Wilson,Brandon.Wilson@chcheli.com,,Active,,ac8b77ac-ee55-47f9-ae8a-0c06d8a56a18,Brandon.Wilson@chcheli.com,2026-04-20T07:15:31-07:00,,Brandon.Wilson@chcheli.com,,,,,,,,BRWILSON,MingleEnterprise,Infor-SuiteUser,MingleIONEnabled,HOMEPAGES-User,IDM-User,IDM-RelatedInformationUser,M3UI-USER,MASHUP-User,,,,,,,,,,,,,,,,,,,,,,,,,,,,,,,,,,,,,,,,,,,,,,,,,,,,,,,,,,,,,,,,,,,,,,,,,,,,,,,,,,,,,,,,,,,,,,,,,,,,,,,,,,,,,,,,,,,,,,,,,,,,,,,,,,,,,,,,,,,,,,,,,,,,,,,,,,,,,,,,,,,,,,,,,,,,,,,,
BSTEINSE,Bente,Steinset,Bente.Steinset@chcheli.com,,Active,,b1bb0ec9-678d-4c38-a6b9-6c26f543de7a,Bente.Steinset@chcheli.com,2026-04-20T07:15:32-07:00,,Bente.Steinset@chcheli.com,,,,,,,,BSTEINSE,MingleEnterprise,Infor-SuiteUser,MingleIONEnabled,HOMEPAGES-User,IDM-User,IDM-RelatedInformationUser,M3UI-USER,MASHUP-User,,,,,,,,,,,,,,,,,,,,,,,,,,,,,,,,,,,,,,,,,,,,,,,,,,,,,,,,,,,,,,,,,,,,,,,,,,,,,,,,,,,,,,,,,,,,,,,,,,,,,,,,,,,,,,,,,,,,,,,,,,,,,,,,,,,,,,,,,,,,,,,,,,,,,,,,,,,,,,,,,,,,,,,,,,,,,,,,
BSTUSIK,berenika,stusik,berenika.stusik@chcheli.com,,Active,,2c157ed3-f9ad-40c2-8970-1cc08bc3f2de,berenika.stusik@chcheli.com,2026-04-20T07:15:32-07:00,2026-04-21T02:25:07-07:00,berenika.stusik@chcheli.com,,,,,,,,BSTUSIK,MingleEnterprise,Infor-SuiteUser,MingleIONEnabled,HOMEPAGES-User,IDM-User,IDM-RelatedInformationUser,M3UI-USER,MASHUP-User,,,,,,,,,,,,,,,,,,,,,,,,,,,,,,,,,,,,,,,,,,,,,,,,,,,,,,,,,,,,,,,,,,,,,,,,,,,,,,,,,,,,,,,,,,,,,,,,,,,,,,,,,,,,,,,,,,,,,,,,,,,,,,,,,,,,,,,,,,,,,,,,,,,,,,,,,,,,,,,,,,,,,,,,,,,,,,,,
BTERSTEGE,Bernard,terStege,Bernard.terStege@chcheli.com,,Active,,3d9594d5-ceb1-466c-8913-9db7507c4ce2,Bernard.terStege@chcheli.com,2026-04-20T07:15:32-07:00,,Bernard.terStege@chcheli.com,,,,,,,,BTERSTEGE,MingleEnterprise,Infor-SuiteUser,MingleIONEnabled,HOMEPAGES-User,IDM-User,IDM-RelatedInformationUser,M3UI-USER,MASHUP-User,,,,,,,,,,,,,,,,,,,,,,,,,,,,,,,,,,,,,,,,,,,,,,,,,,,,,,,,,,,,,,,,,,,,,,,,,,,,,,,,,,,,,,,,,,,,,,,,,,,,,,,,,,,,,,,,,,,,,,,,,,,,,,,,,,,,,,,,,,,,,,,,,,,,,,,,,,,,,,,,,,,,,,,,,,,,,,,,
CAANTUNE,Michel,Antunes,Michel.Antunes@chcheli.com,,Active,,829ad042-536b-4455-80fb-3243e6b6bdee,Michel.Antunes@chcheli.com,2026-04-20T07:15:32-07:00,,Michel.Antunes@chcheli.com,,,,,,,,CAANTUNE,MingleEnterprise,Infor-SuiteUser,MingleIONEnabled,HOMEPAGES-User,IDM-User,IDM-RelatedInformationUser,M3UI-USER,MASHUP-User,,,,,,,,,,,,,,,,,,,,,,,,,,,,,,,,,,,,,,,,,,,,,,,,,,,,,,,,,,,,,,,,,,,,,,,,,,,,,,,,,,,,,,,,,,,,,,,,,,,,,,,,,,,,,,,,,,,,,,,,,,,,,,,,,,,,,,,,,,,,,,,,,,,,,,,,,,,,,,,,,,,,,,,,,,,,,,,,
7c6b3c9f-b948-4adc-a561-98bb28bd52f5,Casey,Copeland,Casey.Copeland@chcheli.com,,Active,,7c6b3c9f-b948-4adc-a561-98bb28bd52f5,Casey.Copeland@chcheli.com,2026-04-20T07:15:32-07:00,,Casey.Copeland@chcheli.com,,,,,,,,CCOPELAN,MingleEnterprise,Infor-SuiteUser,MingleIONEnabled,HOMEPAGES-User,IDM-User,IDM-RelatedInformationUser,M3UI-USER,MASHUP-User,SRAPS111CLRW,,,,,,,,,,,,,,,,,,,,,,,,,,,,,,,,,,,,,,,,,,,,,,,,,,,,,,,,,,,,,,,,,,,,,,,,,,,,,,,,,,,,,,,,,,,,,,,,,,,,,,,,,,,,,,,,,,,,,,,,,,,,,,,,,,,,,,,,,,,,,,,,,,,,,,,,,,,,,,,,,,,,,,,,,,,,,,,
CDIXON,Cameron,Dixon,Cameron.Dixon@chcheli.com,,Active,,1fc40ed9-6f7a-416f-aef2-7185c5155666,Cameron.Dixon@chcheli.com,2026-04-20T07:15:32-07:00,,Cameron.Dixon@chcheli.com,,,,,,,,CDIXON,MingleEnterprise,Infor-SuiteUser,MingleIONEnabled,HOMEPAGES-User,IDM-User,IDM-RelatedInformationUser,M3UI-USER,MASHUP-User,,,,,,,,,,,,,,,,,,,,,,,,,,,,,,,,,,,,,,,,,,,,,,,,,,,,,,,,,,,,,,,,,,,,,,,,,,,,,,,,,,,,,,,,,,,,,,,,,,,,,,,,,,,,,,,,,,,,,,,,,,,,,,,,,,,,,,,,,,,,,,,,,,,,,,,,,,,,,,,,,,,,,,,,,,,,,,,,
CFORSYTH,Carolyn,Forsyth,Carolyn.Forsyth@heli-one.com,,Active,,454e869f-bc60-4d15-b613-0481878655dc,Carolyn.Forsyth@heli-one.com,2026-04-20T07:15:33-07:00,,Carolyn.Forsyth@heli-one.com,,,,,,,,CFORSYTH,MingleEnterprise,Infor-SuiteUser,MingleIONEnabled,HOMEPAGES-User,IDM-User,IDM-RelatedInformationUser,M3UI-USER,MASHUP-User,,,,,,,,,,,,,,,,,,,,,,,,,,,,,,,,,,,,,,,,,,,,,,,,,,,,,,,,,,,,,,,,,,,,,,,,,,,,,,,,,,,,,,,,,,,,,,,,,,,,,,,,,,,,,,,,,,,,,,,,,,,,,,,,,,,,,,,,,,,,,,,,,,,,,,,,,,,,,,,,,,,,,,,,,,,,,,,,
CHARDERS,Carel,Harders,Carel.Harders@chcheli.com,,Active,,562e3cd0-92b4-4e91-80ee-a2daad1b9546,Carel.Harders@chcheli.com,2026-04-20T07:15:33-07:00,,Carel.Harders@chcheli.com,,,,,,,,CHARDERS,MingleEnterprise,Infor-SuiteUser,MingleIONEnabled,HOMEPAGES-User,IDM-User,IDM-RelatedInformationUser,M3UI-USER,MASHUP-User,,,,,,,,,,,,,,,,,,,,,,,,,,,,,,,,,,,,,,,,,,,,,,,,,,,,,,,,,,,,,,,,,,,,,,,,,,,,,,,,,,,,,,,,,,,,,,,,,,,,,,,,,,,,,,,,,,,,,,,,,,,,,,,,,,,,,,,,,,,,,,,,,,,,,,,,,,,,,,,,,,,,,,,,,,,,,,,,
CLAWSON,Careen,Lawson,Careen.Lawson@chcheli.com,,Active,,e48f6ee2-8994-45ec-bb9e-cfac044ea6e9,Careen.Lawson@chcheli.com,2026-04-20T07:15:33-07:00,,Careen.Lawson@chcheli.com,,,,,,,,CLAWSON,MingleEnterprise,Infor-SuiteUser,MingleIONEnabled,HOMEPAGES-User,IDM-User,IDM-RelatedInformationUser,M3UI-USER,MASHUP-User,,,,,,,,,,,,,,,,,,,,,,,,,,,,,,,,,,,,,,,,,,,,,,,,,,,,,,,,,,,,,,,,,,,,,,,,,,,,,,,,,,,,,,,,,,,,,,,,,,,,,,,,,,,,,,,,,,,,,,,,,,,,,,,,,,,,,,,,,,,,,,,,,,,,,,,,,,,,,,,,,,,,,,,,,,,,,,,,
CMCCULLOCH,Chris,McCulloch,Chris.McCulloch@heli-one.com,,Active,,8b6e8ee7-03e5-472b-a6e7-3e8a8df8202f,Chris.McCulloch@heli-one.com,2026-04-20T07:15:33-07:00,,Chris.McCulloch@heli-one.com,,,,,,,,CMCCULLOCH,MingleEnterprise,Infor-SuiteUser,MingleIONEnabled,HOMEPAGES-User,IDM-User,IDM-RelatedInformationUser,M3UI-USER,MASHUP-User,,,,,,,,,,,,,,,,,,,,,,,,,,,,,,,,,,,,,,,,,,,,,,,,,,,,,,,,,,,,,,,,,,,,,,,,,,,,,,,,,,,,,,,,,,,,,,,,,,,,,,,,,,,,,,,,,,,,,,,,,,,,,,,,,,,,,,,,,,,,,,,,,,,,,,,,,,,,,,,,,,,,,,,,,,,,,,,,
CMONTILL,Claudine,Montilla,Claudine.Montilla@chcheli.com,Accounting Analyst,Active,,d6e9fc4c-c86a-4e8b-80e4-50a4871ce855,Claudine.Montilla@chcheli.com,2026-04-20T07:15:33-07:00,2026-07-13T19:36:30-07:00,Claudine.Montilla@chcheli.com,,,,,,,,CMONTILL,MingleEnterprise,Infor-SuiteUser,MingleIONEnabled,HOMEPAGES-User,IDM-User,IDM-RelatedInformationUser,M3UI-USER,MASHUP-User,,,,,,,,,,,,,,,,,,,,,,,,,,,,,,,,,,,,,,,,,,,,,,,,,,,,,,,,,,,,,,,,,,,,,,,,,,,,,,,,,,,,,,,,,,,,,,,,,,,,,,,,,,,,,,,,,,,,,,,,,,,,,,,,,,,,,,,,,,,,,,,,,,,,,,,,,,,,,,,,,,,,,,,,,,,,,,,,
CNUNES,Carlos,Nunes,Carlos.Nunes@chcheli.com,,Active,,76895e8e-e773-4942-889f-b09c2bc0caf6,Carlos.Nunes@chcheli.com,2026-04-20T07:15:33-07:00,,Carlos.Nunes@chcheli.com,,,,,,,,CNUNES,MingleEnterprise,Infor-SuiteUser,MingleIONEnabled,HOMEPAGES-User,IDM-User,IDM-RelatedInformationUser,M3UI-USER,MASHUP-User,,,,,,,,,,,,,,,,,,,,,,,,,,,,,,,,,,,,,,,,,,,,,,,,,,,,,,,,,,,,,,,,,,,,,,,,,,,,,,,,,,,,,,,,,,,,,,,,,,,,,,,,,,,,,,,,,,,,,,,,,,,,,,,,,,,,,,,,,,,,,,,,,,,,,,,,,,,,,,,,,,,,,,,,,,,,,,,,
COMITCHE,Courtney,Mitchell,Courtney.Mitchell@chcheli.com,,Active,,fbb6e9cb-9bad-424d-9b26-3ba4256db109,Courtney.Mitchell@chcheli.com,2026-04-20T07:15:33-07:00,,Courtney.Mitchell@chcheli.com,,,,,,,,COMITCHE,MingleEnterprise,Infor-SuiteUser,MingleIONEnabled,HOMEPAGES-User,IDM-User,IDM-RelatedInformationUser,M3UI-USER,MASHUP-User,,,,,,,,,,,,,,,,,,,,,,,,,,,,,,,,,,,,,,,,,,,,,,,,,,,,,,,,,,,,,,,,,,,,,,,,,,,,,,,,,,,,,,,,,,,,,,,,,,,,,,,,,,,,,,,,,,,,,,,,,,,,,,,,,,,,,,,,,,,,,,,,,,,,,,,,,,,,,,,,,,,,,,,,,,,,,,,,
CPEREIRA,Cleber,Pereira,Cleber.Pereira@chcheli.com,,Active,,6816e348-9560-4c6f-ad78-e95ff984f846,Cleber.Pereira@chcheli.com,2026-04-20T07:15:34-07:00,,Cleber.Pereira@chcheli.com,,,,,,,,CPEREIRA,MingleEnterprise,Infor-SuiteUser,MingleIONEnabled,HOMEPAGES-User,IDM-User,IDM-RelatedInformationUser,M3UI-USER,MASHUP-User,,,,,,,,,,,,,,,,,,,,,,,,,,,,,,,,,,,,,,,,,,,,,,,,,,,,,,,,,,,,,,,,,,,,,,,,,,,,,,,,,,,,,,,,,,,,,,,,,,,,,,,,,,,,,,,,,,,,,,,,,,,,,,,,,,,,,,,,,,,,,,,,,,,,,,,,,,,,,,,,,,,,,,,,,,,,,,,,
CROBERTO,Caio,Roberto,Caio.Roberto@chcheli.com,,Active,,7af0b8c6-1bae-4413-8ab2-bccd8d457410,Caio.Roberto@chcheli.com,2026-04-20T07:15:34-07:00,,Caio.Roberto@chcheli.com,,,,,,,,CROBERTO,MingleEnterprise,Infor-SuiteUser,MingleIONEnabled,HOMEPAGES-User,IDM-User,IDM-RelatedInformationUser,M3UI-USER,MASHUP-User,,,,,,,,,,,,,,,,,,,,,,,,,,,,,,,,,,,,,,,,,,,,,,,,,,,,,,,,,,,,,,,,,,,,,,,,,,,,,,,,,,,,,,,,,,,,,,,,,,,,,,,,,,,,,,,,,,,,,,,,,,,,,,,,,,,,,,,,,,,,,,,,,,,,,,,,,,,,,,,,,,,,,,,,,,,,,,,,
CROSA,cintya,rosa,cintya.rosa@chcheli.com,,Active,,d1622c60-9117-4c3f-a5ac-32554246b70d,cintya.rosa@chcheli.com,2026-04-20T07:15:34-07:00,,cintya.rosa@chcheli.com,,,,,,,,CROSA,MingleEnterprise,Infor-SuiteUser,MingleIONEnabled,HOMEPAGES-User,IDM-User,IDM-RelatedInformationUser,M3UI-USER,MASHUP-User,,,,,,,,,,,,,,,,,,,,,,,,,,,,,,,,,,,,,,,,,,,,,,,,,,,,,,,,,,,,,,,,,,,,,,,,,,,,,,,,,,,,,,,,,,,,,,,,,,,,,,,,,,,,,,,,,,,,,,,,,,,,,,,,,,,,,,,,,,,,,,,,,,,,,,,,,,,,,,,,,,,,,,,,,,,,,,,,
CTHOM,Craig,Thom,Craig.Thom@chcheli.com,,Active,,7f77cb1d-d863-40c8-8fc1-75da5b379c75,Craig.Thom@chcheli.com,2026-04-20T07:15:34-07:00,,Craig.Thom@chcheli.com,,,,,,,,CTHOM,MingleEnterprise,Infor-SuiteUser,MingleIONEnabled,HOMEPAGES-User,IDM-User,IDM-RelatedInformationUser,M3UI-USER,MASHUP-User,,,,,,,,,,,,,,,,,,,,,,,,,,,,,,,,,,,,,,,,,,,,,,,,,,,,,,,,,,,,,,,,,,,,,,,,,,,,,,,,,,,,,,,,,,,,,,,,,,,,,,,,,,,,,,,,,,,,,,,,,,,,,,,,,,,,,,,,,,,,,,,,,,,,,,,,,,,,,,,,,,,,,,,,,,,,,,,,
CTORKELSEN,Christoffer,Torkelsen,Christoffer.Torkelsen@heli-one.com,,Active,,6a809b69-a209-4fa6-83f2-96e45f62a0d7,Christoffer.Torkelsen@heli-one.com,2026-04-20T07:15:34-07:00,,Christoffer.Torkelsen@heli-one.com,,,,,,,,CTORKELSEN,MingleEnterprise,Infor-SuiteUser,MingleIONEnabled,HOMEPAGES-User,IDM-User,IDM-RelatedInformationUser,M3UI-USER,MASHUP-User,,,,,,,,,,,,,,,,,,,,,,,,,,,,,,,,,,,,,,,,,,,,,,,,,,,,,,,,,,,,,,,,,,,,,,,,,,,,,,,,,,,,,,,,,,,,,,,,,,,,,,,,,,,,,,,,,,,,,,,,,,,,,,,,,,,,,,,,,,,,,,,,,,,,,,,,,,,,,,,,,,,,,,,,,,,,,,,,
CVIRGENS,Cristiane,Virgens,Cristiane.Virgens@chcheli.com,,Active,,4c7982e6-ff38-43fd-ab5c-77d194a8f372,Cristiane.Virgens@chcheli.com,2026-04-20T07:15:34-07:00,,Cristiane.Virgens@chcheli.com,,,,,,,,CVIRGENS,MingleEnterprise,Infor-SuiteUser,MingleIONEnabled,HOMEPAGES-User,IDM-User,IDM-RelatedInformationUser,M3UI-USER,MASHUP-User,SRAPS111CLRW,,,,,,,,,,,,,,,,,,,,,,,,,,,,,,,,,,,,,,,,,,,,,,,,,,,,,,,,,,,,,,,,,,,,,,,,,,,,,,,,,,,,,,,,,,,,,,,,,,,,,,,,,,,,,,,,,,,,,,,,,,,,,,,,,,,,,,,,,,,,,,,,,,,,,,,,,,,,,,,,,,,,,,,,,,,,,,,
DAWALKER,David,Walker2,David.Walker2@chcheli.com,,Active,,0fb593bf-9ae6-46f7-a5f0-5063df721c92,David.Walker2@chcheli.com,2026-04-20T07:15:35-07:00,,David.Walker2@chcheli.com,,,,,,,,DAWALKER,MingleEnterprise,Infor-SuiteUser,MingleIONEnabled,HOMEPAGES-User,IDM-User,IDM-RelatedInformationUser,M3UI-USER,MASHUP-User,,,,,,,,,,,,,,,,,,,,,,,,,,,,,,,,,,,,,,,,,,,,,,,,,,,,,,,,,,,,,,,,,,,,,,,,,,,,,,,,,,,,,,,,,,,,,,,,,,,,,,,,,,,,,,,,,,,,,,,,,,,,,,,,,,,,,,,,,,,,,,,,,,,,,,,,,,,,,,,,,,,,,,,,,,,,,,,,
DDALVI,Diksha,Dalvi,Diksha.Dalvi@CHCHeli.com,,Active,,fbf30f95-9935-41a2-b9b3-2bb004ee2de3,Diksha.Dalvi@CHCHeli.com,2026-04-20T07:15:35-07:00,,Diksha.Dalvi@CHCHeli.com,,,,,,,,DDALVI,MingleEnterprise,Infor-SuiteUser,MingleIONEnabled,HOMEPAGES-User,IDM-User,IDM-RelatedInformationUser,M3UI-USER,MASHUP-User,,,,,,,,,,,,,,,,,,,,,,,,,,,,,,,,,,,,,,,,,,,,,,,,,,,,,,,,,,,,,,,,,,,,,,,,,,,,,,,,,,,,,,,,,,,,,,,,,,,,,,,,,,,,,,,,,,,,,,,,,,,,,,,,,,,,,,,,,,,,,,,,,,,,,,,,,,,,,,,,,,,,,,,,,,,,,,,,
DEBRADLE,Debra,Bradley,Debra.Bradley@chcheli.com,,Active,,f5a14e33-332e-446f-a9fc-ad6fc8deae70,Debra.Bradley@chcheli.com,2026-04-20T07:15:35-07:00,,Debra.Bradley@chcheli.com,,,,,,,,DEBRADLE,MingleEnterprise,Infor-SuiteUser,MingleIONEnabled,HOMEPAGES-User,IDM-User,IDM-RelatedInformationUser,M3UI-USER,MASHUP-User,,,,,,,,,,,,,,,,,,,,,,,,,,,,,,,,,,,,,,,,,,,,,,,,,,,,,,,,,,,,,,,,,,,,,,,,,,,,,,,,,,,,,,,,,,,,,,,,,,,,,,,,,,,,,,,,,,,,,,,,,,,,,,,,,,,,,,,,,,,,,,,,,,,,,,,,,,,,,,,,,,,,,,,,,,,,,,,,
DFLAKEMO,Daphne,Flakemore,Daphne.Flakemore@chcheli.com,,Active,,33b68b43-5f38-4e16-96e9-95610e7d447e,Daphne.Flakemore@chcheli.com,2026-04-20T07:15:35-07:00,,Daphne.Flakemore@chcheli.com,,,,,,,,DFLAKEMO,MingleEnterprise,Infor-SuiteUser,MingleIONEnabled,HOMEPAGES-User,IDM-User,IDM-RelatedInformationUser,M3UI-USER,MASHUP-User,,,,,,,,,,,,,,,,,,,,,,,,,,,,,,,,,,,,,,,,,,,,,,,,,,,,,,,,,,,,,,,,,,,,,,,,,,,,,,,,,,,,,,,,,,,,,,,,,,,,,,,,,,,,,,,,,,,,,,,,,,,,,,,,,,,,,,,,,,,,,,,,,,,,,,,,,,,,,,,,,,,,,,,,,,,,,,,,
DGROENEV,Dennis,Groeneveld,Dennis.Groeneveld@chcheli.com,,Active,,794aeac3-9f10-40b5-afe1-575f66c4b331,Dennis.Groeneveld@chcheli.com,2026-04-20T07:15:35-07:00,,Dennis.Groeneveld@chcheli.com,,,,,,,,DGROENEV,MingleEnterprise,Infor-SuiteUser,MingleIONEnabled,HOMEPAGES-User,IDM-User,IDM-RelatedInformationUser,M3UI-USER,MASHUP-User,,,,,,,,,,,,,,,,,,,,,,,,,,,,,,,,,,,,,,,,,,,,,,,,,,,,,,,,,,,,,,,,,,,,,,,,,,,,,,,,,,,,,,,,,,,,,,,,,,,,,,,,,,,,,,,,,,,,,,,,,,,,,,,,,,,,,,,,,,,,,,,,,,,,,,,,,,,,,,,,,,,,,,,,,,,,,,,,
83e4ee5d-6ef0-4d82-be5c-b8ca50d328dd,Davide,Guastalli,Davide.Guastalli@chcheli.com,,Active,,83e4ee5d-6ef0-4d82-be5c-b8ca50d328dd,Davide.Guastalli@chcheli.com,2026-04-20T07:15:35-07:00,,Davide.Guastalli@chcheli.com,,,,,,,,DGUASTAL,MingleEnterprise,Infor-SuiteUser,MingleIONEnabled,HOMEPAGES-User,IDM-User,IDM-RelatedInformationUser,M3UI-USER,MASHUP-User,,,,,,,,,,,,,,,,,,,,,,,,,,,,,,,,,,,,,,,,,,,,,,,,,,,,,,,,,,,,,,,,,,,,,,,,,,,,,,,,,,,,,,,,,,,,,,,,,,,,,,,,,,,,,,,,,,,,,,,,,,,,,,,,,,,,,,,,,,,,,,,,,,,,,,,,,,,,,,,,,,,,,,,,,,,,,,,,
DHADDEN,dorothy,reid,dorothy.reid@chcheli.com,,Active,,2ba86fcb-9536-4f86-a5e4-cebe001b71f3,dorothy.reid@chcheli.com,2026-04-20T07:15:35-07:00,,dorothy.reid@chcheli.com,,,,,,,,DHADDEN,MingleEnterprise,Infor-SuiteUser,MingleIONEnabled,HOMEPAGES-User,IDM-User,IDM-RelatedInformationUser,M3UI-USER,MASHUP-User,,,,,,,,,,,,,,,,,,,,,,,,,,,,,,,,,,,,,,,,,,,,,,,,,,,,,,,,,,,,,,,,,,,,,,,,,,,,,,,,,,,,,,,,,,,,,,,,,,,,,,,,,,,,,,,,,,,,,,,,,,,,,,,,,,,,,,,,,,,,,,,,,,,,,,,,,,,,,,,,,,,,,,,,,,,,,,,,
DHALYS,Dominika,Halys,Dominika.Halys@chcheli.com,,Active,,c80491e3-2bfb-4cf7-a436-8965ab7610fc,Dominika.Halys@chcheli.com,2026-04-20T07:15:36-07:00,,Dominika.Halys@chcheli.com,,,,,,,,DHALYS,MingleEnterprise,Infor-SuiteUser,MingleIONEnabled,HOMEPAGES-User,IDM-User,IDM-RelatedInformationUser,M3UI-USER,MASHUP-User,,,,,,,,,,,,,,,,,,,,,,,,,,,,,,,,,,,,,,,,,,,,,,,,,,,,,,,,,,,,,,,,,,,,,,,,,,,,,,,,,,,,,,,,,,,,,,,,,,,,,,,,,,,,,,,,,,,,,,,,,,,,,,,,,,,,,,,,,,,,,,,,,,,,,,,,,,,,,,,,,,,,,,,,,,,,,,,,
DKELLY,David,Kelly,David.Kelly@chcheli.com,,Active,,565f7703-8334-4bbc-bfe2-20bca1ba45aa,David.Kelly@chcheli.com,2026-04-20T07:15:36-07:00,,David.Kelly@chcheli.com,,,,,,,,DKELLY,MingleEnterprise,Infor-SuiteUser,MingleIONEnabled,HOMEPAGES-User,IDM-User,IDM-RelatedInformationUser,M3UI-USER,MASHUP-User,,,,,,,,,,,,,,,,,,,,,,,,,,,,,,,,,,,,,,,,,,,,,,,,,,,,,,,,,,,,,,,,,,,,,,,,,,,,,,,,,,,,,,,,,,,,,,,,,,,,,,,,,,,,,,,,,,,,,,,,,,,,,,,,,,,,,,,,,,,,,,,,,,,,,,,,,,,,,,,,,,,,,,,,,,,,,,,,
DLOS,Dawid,Los,Dawid.Los@chcheli.com,,Active,,46dcafe9-fe98-4557-b8a3-c25f4b91abb6,Dawid.Los@chcheli.com,2026-04-20T07:15:36-07:00,,Dawid.Los@chcheli.com,,,,,,,,DLOS,MingleEnterprise,Infor-SuiteUser,MingleIONEnabled,HOMEPAGES-User,IDM-User,IDM-RelatedInformationUser,M3UI-USER,MASHUP-User,,,,,,,,,,,,,,,,,,,,,,,,,,,,,,,,,,,,,,,,,,,,,,,,,,,,,,,,,,,,,,,,,,,,,,,,,,,,,,,,,,,,,,,,,,,,,,,,,,,,,,,,,,,,,,,,,,,,,,,,,,,,,,,,,,,,,,,,,,,,,,,,,,,,,,,,,,,,,,,,,,,,,,,,,,,,,,,,
DOSSANTO,Denis,dosSantos,Denis.dosSantos@chcheli.com,,Active,,a19fe391-4a5b-4152-b3b9-7bba5d49ec8a,Denis.dosSantos@chcheli.com,2026-04-20T07:15:37-07:00,,Denis.dosSantos@chcheli.com,,,,,,,,DOSSANTO,MingleEnterprise,Infor-SuiteUser,MingleIONEnabled,HOMEPAGES-User,IDM-User,IDM-RelatedInformationUser,M3UI-USER,MASHUP-User,,,,,,,,,,,,,,,,,,,,,,,,,,,,,,,,,,,,,,,,,,,,,,,,,,,,,,,,,,,,,,,,,,,,,,,,,,,,,,,,,,,,,,,,,,,,,,,,,,,,,,,,,,,,,,,,,,,,,,,,,,,,,,,,,,,,,,,,,,,,,,,,,,,,,,,,,,,,,,,,,,,,,,,,,,,,,,,,
ab561327-9d16-4852-85bc-af04968b1cae,Darwin,Pangilinan,Darwin.Pangilinan@chcheli.com,,Active,,ab561327-9d16-4852-85bc-af04968b1cae,Darwin.Pangilinan@chcheli.com,2026-04-20T07:15:37-07:00,,Darwin.Pangilinan@chcheli.com,,,,,,,,DPANGILI,MingleEnterprise,Infor-SuiteUser,MingleIONEnabled,HOMEPAGES-User,IDM-User,IDM-RelatedInformationUser,M3UI-USER,MASHUP-User,SRAPS111CLRW,,,,,,,,,,,,,,,,,,,,,,,,,,,,,,,,,,,,,,,,,,,,,,,,,,,,,,,,,,,,,,,,,,,,,,,,,,,,,,,,,,,,,,,,,,,,,,,,,,,,,,,,,,,,,,,,,,,,,,,,,,,,,,,,,,,,,,,,,,,,,,,,,,,,,,,,,,,,,,,,,,,,,,,,,,,,,,,
DRICHES,David,Riches,David.Riches@chcheli.com,,Active,,82e5543d-85ad-4d53-b5ac-c1733ad11b9a,David.Riches@chcheli.com,2026-04-20T07:15:37-07:00,,David.Riches@chcheli.com,,,,,,,,DRICHES,MingleEnterprise,Infor-SuiteUser,MingleIONEnabled,HOMEPAGES-User,IDM-User,IDM-RelatedInformationUser,M3UI-USER,MASHUP-User,,,,,,,,,,,,,,,,,,,,,,,,,,,,,,,,,,,,,,,,,,,,,,,,,,,,,,,,,,,,,,,,,,,,,,,,,,,,,,,,,,,,,,,,,,,,,,,,,,,,,,,,,,,,,,,,,,,,,,,,,,,,,,,,,,,,,,,,,,,,,,,,,,,,,,,,,,,,,,,,,,,,,,,,,,,,,,,,
DYYANG,Donglin,Yang,Donglin.Yang@chcheli.com,,Active,,0bde5eee-e30c-4809-835b-5fb5304ed170,Donglin.Yang@chcheli.com,2026-04-20T07:15:37-07:00,,Donglin.Yang@chcheli.com,,,,,,,,DYYANG,MingleEnterprise,Infor-SuiteUser,MingleIONEnabled,HOMEPAGES-User,IDM-User,IDM-RelatedInformationUser,M3UI-USER,MASHUP-User,,,,,,,,,,,,,,,,,,,,,,,,,,,,,,,,,,,,,,,,,,,,,,,,,,,,,,,,,,,,,,,,,,,,,,,,,,,,,,,,,,,,,,,,,,,,,,,,,,,,,,,,,,,,,,,,,,,,,,,,,,,,,,,,,,,,,,,,,,,,,,,,,,,,,,,,,,,,,,,,,,,,,,,,,,,,,,,,
EBJORNA,Eiliv,Bjorna,Eiliv.Bjorna@chcheli.com,,Active,,8d3b624c-4e4a-48a2-ab2e-55abd5b87d68,Eiliv.Bjorna@chcheli.com,2026-04-20T07:15:37-07:00,,Eiliv.Bjorna@chcheli.com,,,,,,,,EBJORNA,MingleEnterprise,Infor-SuiteUser,MingleIONEnabled,HOMEPAGES-User,IDM-User,IDM-RelatedInformationUser,M3UI-USER,MASHUP-User,,,,,,,,,,,,,,,,,,,,,,,,,,,,,,,,,,,,,,,,,,,,,,,,,,,,,,,,,,,,,,,,,,,,,,,,,,,,,,,,,,,,,,,,,,,,,,,,,,,,,,,,,,,,,,,,,,,,,,,,,,,,,,,,,,,,,,,,,,,,,,,,,,,,,,,,,,,,,,,,,,,,,,,,,,,,,,,,
EBLIKRA,Emilie,Blikra,Emilie.Blikra@chcheli.com,,Active,,a562679e-1097-468f-abf1-c2647f6a35ea,Emilie.Blikra@chcheli.com,2026-04-20T07:15:37-07:00,,Emilie.Blikra@chcheli.com,,,,,,,,EBLIKRA,MingleEnterprise,Infor-SuiteUser,MingleIONEnabled,HOMEPAGES-User,IDM-User,IDM-RelatedInformationUser,M3UI-USER,MASHUP-User,,,,,,,,,,,,,,,,,,,,,,,,,,,,,,,,,,,,,,,,,,,,,,,,,,,,,,,,,,,,,,,,,,,,,,,,,,,,,,,,,,,,,,,,,,,,,,,,,,,,,,,,,,,,,,,,,,,,,,,,,,,,,,,,,,,,,,,,,,,,,,,,,,,,,,,,,,,,,,,,,,,,,,,,,,,,,,,,
EBRAINWO,elaine,brainwood,elaine.brainwood@chcheli.com,,Active,,3de4f524-6a4f-440a-bad6-378130cbc6d9,elaine.brainwood@chcheli.com,2026-04-20T07:15:38-07:00,,elaine.brainwood@chcheli.com,,,,,,,,EBRAINWO,MingleEnterprise,Infor-SuiteUser,MingleIONEnabled,HOMEPAGES-User,IDM-User,IDM-RelatedInformationUser,M3UI-USER,MASHUP-User,,,,,,,,,,,,,,,,,,,,,,,,,,,,,,,,,,,,,,,,,,,,,,,,,,,,,,,,,,,,,,,,,,,,,,,,,,,,,,,,,,,,,,,,,,,,,,,,,,,,,,,,,,,,,,,,,,,,,,,,,,,,,,,,,,,,,,,,,,,,,,,,,,,,,,,,,,,,,,,,,,,,,,,,,,,,,,,,
EDEABREU,Everaldo,Abreu,Everaldo.Abreu@chcheli.com,,Active,,f02d04e5-aa5d-45f3-9f4c-ed1db67cae99,Everaldo.Abreu@chcheli.com,2026-04-20T07:15:38-07:00,,Everaldo.Abreu@chcheli.com,,,,,,,,EDEABREU,MingleEnterprise,Infor-SuiteUser,MingleIONEnabled,HOMEPAGES-User,IDM-User,IDM-RelatedInformationUser,M3UI-USER,MASHUP-User,,,,,,,,,,,,,,,,,,,,,,,,,,,,,,,,,,,,,,,,,,,,,,,,,,,,,,,,,,,,,,,,,,,,,,,,,,,,,,,,,,,,,,,,,,,,,,,,,,,,,,,,,,,,,,,,,,,,,,,,,,,,,,,,,,,,,,,,,,,,,,,,,,,,,,,,,,,,,,,,,,,,,,,,,,,,,,,,
EERIKSEN,Espen,Eriksen,Espen.Eriksen@heli-one.com,,Active,,3e9d1f28-11c2-4168-994a-1c63c9871812,Espen.Eriksen@heli-one.com,2026-04-20T07:15:38-07:00,,Espen.Eriksen@heli-one.com,,,,,,,,EERIKSEN,MingleEnterprise,Infor-SuiteUser,MingleIONEnabled,HOMEPAGES-User,IDM-User,IDM-RelatedInformationUser,M3UI-USER,MASHUP-User,,,,,,,,,,,,,,,,,,,,,,,,,,,,,,,,,,,,,,,,,,,,,,,,,,,,,,,,,,,,,,,,,,,,,,,,,,,,,,,,,,,,,,,,,,,,,,,,,,,,,,,,,,,,,,,,,,,,,,,,,,,,,,,,,,,,,,,,,,,,,,,,,,,,,,,,,,,,,,,,,,,,,,,,,,,,,,,,
4922fafe-3879-4d34-b6f1-2c7e3ac51121,Eurose,Fortus,Eurose.Fortus@chcheli.com,,Active,,4922fafe-3879-4d34-b6f1-2c7e3ac51121,Eurose.Fortus@chcheli.com,2026-04-20T07:15:38-07:00,,Eurose.Fortus@chcheli.com,,,,,,,,EFORTUS,MingleEnterprise,Infor-SuiteUser,MingleIONEnabled,HOMEPAGES-User,IDM-User,IDM-RelatedInformationUser,M3UI-USER,MASHUP-User,,,,,,,,,,,,,,,,,,,,,,,,,,,,,,,,,,,,,,,,,,,,,,,,,,,,,,,,,,,,,,,,,,,,,,,,,,,,,,,,,,,,,,,,,,,,,,,,,,,,,,,,,,,,,,,,,,,,,,,,,,,,,,,,,,,,,,,,,,,,,,,,,,,,,,,,,,,,,,,,,,,,,,,,,,,,,,,,
EGUILLOT,Emmanuel,Guillot,Emmanuel.Guillot@chcheli.com,,Active,,ec8af251-b37c-400a-aa56-f43dc190bb9e,Emmanuel.Guillot@chcheli.com,2026-04-20T07:15:38-07:00,,Emmanuel.Guillot@chcheli.com,,,,,,,,EGUILLOT,MingleEnterprise,Infor-SuiteUser,MingleIONEnabled,HOMEPAGES-User,IDM-User,IDM-RelatedInformationUser,M3UI-USER,MASHUP-User,,,,,,,,,,,,,,,,,,,,,,,,,,,,,,,,,,,,,,,,,,,,,,,,,,,,,,,,,,,,,,,,,,,,,,,,,,,,,,,,,,,,,,,,,,,,,,,,,,,,,,,,,,,,,,,,,,,,,,,,,,,,,,,,,,,,,,,,,,,,,,,,,,,,,,,,,,,,,,,,,,,,,,,,,,,,,,,,
EHERVIK,Elin,Hervik,Elin.Hervik@CHCHeli.com,AR Accountant,Active,,f3e84813-dd34-442e-b515-fe01b8200201,Elin.Hervik@CHCHeli.com,2026-04-20T07:15:38-07:00,2026-04-28T00:48:30-07:00,Elin.Hervik@CHCHeli.com,,,,,,,,EHERVIK,MingleEnterprise,Infor-SuiteUser,MingleIONEnabled,HOMEPAGES-User,IDM-User,IDM-RelatedInformationUser,M3UI-USER,MASHUP-User,,,,,,,,,,,,,,,,,,,,,,,,,,,,,,,,,,,,,,,,,,,,,,,,,,,,,,,,,,,,,,,,,,,,,,,,,,,,,,,,,,,,,,,,,,,,,,,,,,,,,,,,,,,,,,,,,,,,,,,,,,,,,,,,,,,,,,,,,,,,,,,,,,,,,,,,,,,,,,,,,,,,,,,,,,,,,,,,
EHOLSTAD,Edvin,Holstad,Edvin.Holstad@heli-one.com,,Active,,c0f24cc3-ec4b-4602-9444-3b3b16cd29d0,Edvin.Holstad@heli-one.com,2026-04-20T07:15:38-07:00,,Edvin.Holstad@heli-one.com,,,,,,,,EHOLSTAD,MingleEnterprise,Infor-SuiteUser,MingleIONEnabled,HOMEPAGES-User,IDM-User,IDM-RelatedInformationUser,M3UI-USER,MASHUP-User,,,,,,,,,,,,,,,,,,,,,,,,,,,,,,,,,,,,,,,,,,,,,,,,,,,,,,,,,,,,,,,,,,,,,,,,,,,,,,,,,,,,,,,,,,,,,,,,,,,,,,,,,,,,,,,,,,,,,,,,,,,,,,,,,,,,,,,,,,,,,,,,,,,,,,,,,,,,,,,,,,,,,,,,,,,,,,,,
EKLINGAN,Espen,Klingan,Espen.Klingan@chcheli.com,,Active,,3f55d25d-80d7-42c1-a804-3e7eb6490f31,Espen.Klingan@chcheli.com,2026-04-20T07:15:38-07:00,,Espen.Klingan@chcheli.com,,,,,,,,EKLINGAN,MingleEnterprise,Infor-SuiteUser,MingleIONEnabled,HOMEPAGES-User,IDM-User,IDM-RelatedInformationUser,M3UI-USER,MASHUP-User,,,,,,,,,,,,,,,,,,,,,,,,,,,,,,,,,,,,,,,,,,,,,,,,,,,,,,,,,,,,,,,,,,,,,,,,,,,,,,,,,,,,,,,,,,,,,,,,,,,,,,,,,,,,,,,,,,,,,,,,,,,,,,,,,,,,,,,,,,,,,,,,,,,,,,,,,,,,,,,,,,,,,,,,,,,,,,,,
EKOOLS,Edwin,Kools,Edwin.Kools@chcheli.com,,Active,,fb61c225-4069-48bc-86e0-0e5bf14c4133,Edwin.Kools@chcheli.com,2026-04-20T07:15:39-07:00,,Edwin.Kools@chcheli.com,,,,,,,,EKOOLS,MingleEnterprise,Infor-SuiteUser,MingleIONEnabled,HOMEPAGES-User,IDM-User,IDM-RelatedInformationUser,M3UI-USER,MASHUP-User,,,,,,,,,,,,,,,,,,,,,,,,,,,,,,,,,,,,,,,,,,,,,,,,,,,,,,,,,,,,,,,,,,,,,,,,,,,,,,,,,,,,,,,,,,,,,,,,,,,,,,,,,,,,,,,,,,,,,,,,,,,,,,,,,,,,,,,,,,,,,,,,,,,,,,,,,,,,,,,,,,,,,,,,,,,,,,,,
EKRISTVI,Ellen Rogne,Kristvik,Ellen.Kristvik@CHCHeli.com,payroll,Active,,413e6ea8-782d-4ae6-9d0d-571b75d470c6,Ellen.Kristvik@CHCHeli.com,2026-04-20T07:15:39-07:00,2026-04-27T04:46:23-07:00,Ellen.Kristvik@CHCHeli.com,,,,,,,,EKRISTVI,MingleEnterprise,Infor-SuiteUser,MingleIONEnabled,HOMEPAGES-User,IDM-User,IDM-RelatedInformationUser,M3UI-USER,MASHUP-User,,,,,,,,,,,,,,,,,,,,,,,,,,,,,,,,,,,,,,,,,,,,,,,,,,,,,,,,,,,,,,,,,,,,,,,,,,,,,,,,,,,,,,,,,,,,,,,,,,,,,,,,,,,,,,,,,,,,,,,,,,,,,,,,,,,,,,,,,,,,,,,,,,,,,,,,,,,,,,,,,,,,,,,,,,,,,,,,
ELIOLIVE,Elizia,Oliveira,Elizia.Oliveira@CHCHeli.com,,Active,,6d02b777-ccca-4941-a5a6-e838e34c94ba,Elizia.Oliveira@CHCHeli.com,2026-04-20T07:15:39-07:00,,Elizia.Oliveira@CHCHeli.com,,,,,,,,ELIOLIVE,MingleEnterprise,Infor-SuiteUser,MingleIONEnabled,HOMEPAGES-User,IDM-User,IDM-RelatedInformationUser,M3UI-USER,MASHUP-User,,,,,,,,,,,,,,,,,,,,,,,,,,,,,,,,,,,,,,,,,,,,,,,,,,,,,,,,,,,,,,,,,,,,,,,,,,,,,,,,,,,,,,,,,,,,,,,,,,,,,,,,,,,,,,,,,,,,,,,,,,,,,,,,,,,,,,,,,,,,,,,,,,,,,,,,,,,,,,,,,,,,,,,,,,,,,,,,
ENORDBY,Erik,Nordby,Erik.Nordby@CHCHeli.com,,Active,,a3e4db0f-8843-4f5b-9bca-23f9ae78d9bf,Erik.Nordby@CHCHeli.com,2026-04-20T07:15:39-07:00,,Erik.Nordby@CHCHeli.com,,,,,,,,ENORDBY,MingleEnterprise,Infor-SuiteUser,MingleIONEnabled,HOMEPAGES-User,IDM-User,IDM-RelatedInformationUser,M3UI-USER,MASHUP-User,,,,,,,,,,,,,,,,,,,,,,,,,,,,,,,,,,,,,,,,,,,,,,,,,,,,,,,,,,,,,,,,,,,,,,,,,,,,,,,,,,,,,,,,,,,,,,,,,,,,,,,,,,,,,,,,,,,,,,,,,,,,,,,,,,,,,,,,,,,,,,,,,,,,,,,,,,,,,,,,,,,,,,,,,,,,,,,,
ESOREIDE,Elin,Soreide,Elin.Soreide@chcheli.com,,Active,,17642768-a580-4a77-8615-6a478b8b64fd,Elin.Soreide@chcheli.com,2026-04-20T07:15:39-07:00,,Elin.Soreide@chcheli.com,,,,,,,,ESOREIDE,MingleEnterprise,Infor-SuiteUser,MingleIONEnabled,HOMEPAGES-User,IDM-User,IDM-RelatedInformationUser,M3UI-USER,MASHUP-User,,,,,,,,,,,,,,,,,,,,,,,,,,,,,,,,,,,,,,,,,,,,,,,,,,,,,,,,,,,,,,,,,,,,,,,,,,,,,,,,,,,,,,,,,,,,,,,,,,,,,,,,,,,,,,,,,,,,,,,,,,,,,,,,,,,,,,,,,,,,,,,,,,,,,,,,,,,,,,,,,,,,,,,,,,,,,,,,
FANDRESE,Frode,Andresen,Frode.Andresen@chcheli.com,,Active,,2dca7593-0bc2-4698-9593-90dac3e717cf,Frode.Andresen@chcheli.com,2026-04-20T07:15:39-07:00,,Frode.Andresen@chcheli.com,,,,,,,,FANDRESE,MingleEnterprise,Infor-SuiteUser,MingleIONEnabled,HOMEPAGES-User,IDM-User,IDM-RelatedInformationUser,M3UI-USER,MASHUP-User,,,,,,,,,,,,,,,,,,,,,,,,,,,,,,,,,,,,,,,,,,,,,,,,,,,,,,,,,,,,,,,,,,,,,,,,,,,,,,,,,,,,,,,,,,,,,,,,,,,,,,,,,,,,,,,,,,,,,,,,,,,,,,,,,,,,,,,,,,,,,,,,,,,,,,,,,,,,,,,,,,,,,,,,,,,,,,,,
FDATHEST,Faith,DaThesta,Faith.DaThesta@CHCHeli.com,,Active,,87475dd0-10f2-4ba8-9295-f80e328051d0,Faith.DaThesta@CHCHeli.com,2026-04-20T07:15:39-07:00,,Faith.DaThesta@CHCHeli.com,,,,,,,,FDATHEST,MingleEnterprise,Infor-SuiteUser,MingleIONEnabled,HOMEPAGES-User,IDM-User,IDM-RelatedInformationUser,M3UI-USER,MASHUP-User,,,,,,,,,,,,,,,,,,,,,,,,,,,,,,,,,,,,,,,,,,,,,,,,,,,,,,,,,,,,,,,,,,,,,,,,,,,,,,,,,,,,,,,,,,,,,,,,,,,,,,,,,,,,,,,,,,,,,,,,,,,,,,,,,,,,,,,,,,,,,,,,,,,,,,,,,,,,,,,,,,,,,,,,,,,,,,,,
242450c5-6368-4c74-b9c5-aa9aa2824aff,fladenhelder@chcheli,,fladenhelder@chcheli.com,,Active,,242450c5-6368-4c74-b9c5-aa9aa2824aff,fladenhelder@chcheli.com,2026-04-20T07:15:40-07:00,,fladenhelder@chcheli.com,,,,,,,,FDENHELDER,MingleEnterprise,Infor-SuiteUser,MingleIONEnabled,HOMEPAGES-User,IDM-User,IDM-RelatedInformationUser,M3UI-USER,MASHUP-User,,,,,,,,,,,,,,,,,,,,,,,,,,,,,,,,,,,,,,,,,,,,,,,,,,,,,,,,,,,,,,,,,,,,,,,,,,,,,,,,,,,,,,,,,,,,,,,,,,,,,,,,,,,,,,,,,,,,,,,,,,,,,,,,,,,,,,,,,,,,,,,,,,,,,,,,,,,,,,,,,,,,,,,,,,,,,,,,
FEDASILV,Fernando,VieiraMoraesdaSilva,Fernando.VieiraMoraesdaSilva@chcheli.com,,Active,,46bdcb7a-5099-4e68-9f78-e9aa0cffa82b,Fernando.VieiraMoraesdaSilva@chcheli.com,2026-04-20T07:15:40-07:00,,Fernando.VieiraMoraesdaSilva@chcheli.com,,,,,,,,FEDASILV,MingleEnterprise,Infor-SuiteUser,MingleIONEnabled,HOMEPAGES-User,IDM-User,IDM-RelatedInformationUser,M3UI-USER,MASHUP-User,,,,,,,,,,,,,,,,,,,,,,,,,,,,,,,,,,,,,,,,,,,,,,,,,,,,,,,,,,,,,,,,,,,,,,,,,,,,,,,,,,,,,,,,,,,,,,,,,,,,,,,,,,,,,,,,,,,,,,,,,,,,,,,,,,,,,,,,,,,,,,,,,,,,,,,,,,,,,,,,,,,,,,,,,,,,,,,,
995c8069-7a48-4e7e-8a7f-677c5f5935a5,flt_ops_hum@chcheli,,flt_ops_hum@chcheli.com,,Active,,995c8069-7a48-4e7e-8a7f-677c5f5935a5,flt_ops_hum@chcheli.com,2026-04-20T07:15:40-07:00,,flt_ops_hum@chcheli.com,,,,,,,,FLOPSHUM,MingleEnterprise,Infor-SuiteUser,MingleIONEnabled,HOMEPAGES-User,IDM-User,IDM-RelatedInformationUser,M3UI-USER,MASHUP-User,,,,,,,,,,,,,,,,,,,,,,,,,,,,,,,,,,,,,,,,,,,,,,,,,,,,,,,,,,,,,,,,,,,,,,,,,,,,,,,,,,,,,,,,,,,,,,,,,,,,,,,,,,,,,,,,,,,,,,,,,,,,,,,,,,,,,,,,,,,,,,,,,,,,,,,,,,,,,,,,,,,,,,,,,,,,,,,,
FNGAN,Frances,Ngan,Frances.Ngan@chcheli.com,,Active,,19718b90-0eab-4089-89c0-3226363f794e,Frances.Ngan@chcheli.com,2026-04-20T07:15:40-07:00,2026-05-29T07:41:54-07:00,Frances.Ngan@chcheli.com,en-US,en-US,Pacific Standard Time,America/Los_Angeles,setting,setting,setting,FNGAN,MingleEnterprise,Infor-SuiteUser,MingleIONEnabled,HOMEPAGES-User,IDM-User,IDM-RelatedInformationUser,M3UI-USER,MASHUP-User,SRAPS111CLRW,,,,,,,,,,,,,,,,,,,,,,,,,,,,,,,,,,,,,,,,,,,,,,,,,,,,,,,,,,,,,,,,,,,,,,,,,,,,,,,,,,,,,,,,,,,,,,,,,,,,,,,,,,,,,,,,,,,,,,,,,,,,,,,,,,,,,,,,,,,,,,,,,,,,,,,,,,,,,,,,,,,,,,,,,,,,,,,
FOTAVIANO,Francisco,Otaviano,Francisco.Otaviano@chcheli.com,,Active,,9be7a069-d0ee-40c2-8871-28b34e0ee83a,Francisco.Otaviano@chcheli.com,2026-04-20T07:15:40-07:00,,Francisco.Otaviano@chcheli.com,,,,,,,,FOTAVIANO,MingleEnterprise,Infor-SuiteUser,MingleIONEnabled,HOMEPAGES-User,IDM-User,IDM-RelatedInformationUser,M3UI-USER,MASHUP-User,,,,,,,,,,,,,,,,,,,,,,,,,,,,,,,,,,,,,,,,,,,,,,,,,,,,,,,,,,,,,,,,,,,,,,,,,,,,,,,,,,,,,,,,,,,,,,,,,,,,,,,,,,,,,,,,,,,,,,,,,,,,,,,,,,,,,,,,,,,,,,,,,,,,,,,,,,,,,,,,,,,,,,,,,,,,,,,,
FRESILVA,Frederick,Silva,Frederick.Silva@chcheli.com,,Active,,117c1d13-0dc3-40a0-ace3-55fd62a0f2a7,Frederick.Silva@chcheli.com,2026-04-20T07:15:40-07:00,,Frederick.Silva@chcheli.com,,,,,,,,FRESILVA,MingleEnterprise,Infor-SuiteUser,MingleIONEnabled,HOMEPAGES-User,IDM-User,IDM-RelatedInformationUser,M3UI-USER,MASHUP-User,,,,,,,,,,,,,,,,,,,,,,,,,,,,,,,,,,,,,,,,,,,,,,,,,,,,,,,,,,,,,,,,,,,,,,,,,,,,,,,,,,,,,,,,,,,,,,,,,,,,,,,,,,,,,,,,,,,,,,,,,,,,,,,,,,,,,,,,,,,,,,,,,,,,,,,,,,,,,,,,,,,,,,,,,,,,,,,,
GAMONTEI,Gabriel,Monteiro,Gabriel.Monteiro@CHCHeli.com,,Active,,90d3db5d-da50-460a-be85-4e72078f1806,Gabriel.Monteiro@CHCHeli.com,2026-04-20T07:15:40-07:00,,Gabriel.Monteiro@CHCHeli.com,,,,,,,,GAMONTEI,MingleEnterprise,Infor-SuiteUser,MingleIONEnabled,HOMEPAGES-User,IDM-User,IDM-RelatedInformationUser,M3UI-USER,MASHUP-User,,,,,,,,,,,,,,,,,,,,,,,,,,,,,,,,,,,,,,,,,,,,,,,,,,,,,,,,,,,,,,,,,,,,,,,,,,,,,,,,,,,,,,,,,,,,,,,,,,,,,,,,,,,,,,,,,,,,,,,,,,,,,,,,,,,,,,,,,,,,,,,,,,,,,,,,,,,,,,,,,,,,,,,,,,,,,,,,
GBARROS,gabriela,barros,gabriela.barros@chcheli.com,,Active,,01db6a42-f512-4086-87db-5e80669bc31c,gabriela.barros@chcheli.com,2026-04-20T07:15:41-07:00,,gabriela.barros@chcheli.com,,,,,,,,GBARROS,MingleEnterprise,Infor-SuiteUser,MingleIONEnabled,HOMEPAGES-User,IDM-User,IDM-RelatedInformationUser,M3UI-USER,MASHUP-User,,,,,,,,,,,,,,,,,,,,,,,,,,,,,,,,,,,,,,,,,,,,,,,,,,,,,,,,,,,,,,,,,,,,,,,,,,,,,,,,,,,,,,,,,,,,,,,,,,,,,,,,,,,,,,,,,,,,,,,,,,,,,,,,,,,,,,,,,,,,,,,,,,,,,,,,,,,,,,,,,,,,,,,,,,,,,,,,
GBRANTING,Gordon,Branting,Gordon.Branting@heli-one.com,,Active,,dd5af8e7-8180-474a-93dd-7f7c7b8b3177,Gordon.Branting@heli-one.com,2026-04-20T07:15:41-07:00,,Gordon.Branting@heli-one.com,,,,,,,,GBRANTING,MingleEnterprise,Infor-SuiteUser,MingleIONEnabled,HOMEPAGES-User,IDM-User,IDM-RelatedInformationUser,M3UI-USER,MASHUP-User,,,,,,,,,,,,,,,,,,,,,,,,,,,,,,,,,,,,,,,,,,,,,,,,,,,,,,,,,,,,,,,,,,,,,,,,,,,,,,,,,,,,,,,,,,,,,,,,,,,,,,,,,,,,,,,,,,,,,,,,,,,,,,,,,,,,,,,,,,,,,,,,,,,,,,,,,,,,,,,,,,,,,,,,,,,,,,,,
09bc7206-19a9-4189-931a-617153fe9a39,Glenn,Escarayan,Glenn.Escarayan@chcheli.com,,Active,,09bc7206-19a9-4189-931a-617153fe9a39,Glenn.Escarayan@chcheli.com,2026-04-20T07:15:41-07:00,,Glenn.Escarayan@chcheli.com,,,,,,,,GESCARAY,MingleEnterprise,Infor-SuiteUser,MingleIONEnabled,HOMEPAGES-User,IDM-User,IDM-RelatedInformationUser,M3UI-USER,MASHUP-User,SRAPS111CLRW,,,,,,,,,,,,,,,,,,,,,,,,,,,,,,,,,,,,,,,,,,,,,,,,,,,,,,,,,,,,,,,,,,,,,,,,,,,,,,,,,,,,,,,,,,,,,,,,,,,,,,,,,,,,,,,,,,,,,,,,,,,,,,,,,,,,,,,,,,,,,,,,,,,,,,,,,,,,,,,,,,,,,,,,,,,,,,,
GIJUNIOR,Gilson,Junior,Gilson.Junior@chcheli.com,,Active,,2021927f-4368-43e8-92dc-63d1bea8fa15,Gilson.Junior@chcheli.com,2026-04-20T07:15:41-07:00,,Gilson.Junior@chcheli.com,,,,,,,,GIJUNIOR,MingleEnterprise,Infor-SuiteUser,MingleIONEnabled,HOMEPAGES-User,IDM-User,IDM-RelatedInformationUser,M3UI-USER,MASHUP-User,,,,,,,,,,,,,,,,,,,,,,,,,,,,,,,,,,,,,,,,,,,,,,,,,,,,,,,,,,,,,,,,,,,,,,,,,,,,,,,,,,,,,,,,,,,,,,,,,,,,,,,,,,,,,,,,,,,,,,,,,,,,,,,,,,,,,,,,,,,,,,,,,,,,,,,,,,,,,,,,,,,,,,,,,,,,,,,,
GJACKSON,Guy,Jackson,Guy.Jackson@chcheli.com,,Active,,4012060f-23d6-4687-ac11-b4fb08192fe7,Guy.Jackson@chcheli.com,2026-04-20T07:15:41-07:00,,Guy.Jackson@chcheli.com,,,,,,,,GJACKSON,MingleEnterprise,Infor-SuiteUser,MingleIONEnabled,HOMEPAGES-User,IDM-User,IDM-RelatedInformationUser,M3UI-USER,MASHUP-User,,,,,,,,,,,,,,,,,,,,,,,,,,,,,,,,,,,,,,,,,,,,,,,,,,,,,,,,,,,,,,,,,,,,,,,,,,,,,,,,,,,,,,,,,,,,,,,,,,,,,,,,,,,,,,,,,,,,,,,,,,,,,,,,,,,,,,,,,,,,,,,,,,,,,,,,,,,,,,,,,,,,,,,,,,,,,,,,
24b70b50-7e0d-4d46-9bbc-a22927b38f6c,Gerard,Johansen,Gerard.Johansen@chcheli.com,,Active,,24b70b50-7e0d-4d46-9bbc-a22927b38f6c,Gerard.Johansen@chcheli.com,2026-04-20T07:15:41-07:00,,Gerard.Johansen@chcheli.com,,,,,,,,GJOHANSE,MingleEnterprise,Infor-SuiteUser,MingleIONEnabled,HOMEPAGES-User,IDM-User,IDM-RelatedInformationUser,M3UI-USER,MASHUP-User,SRAPS111CLRW,,,,,,,,,,,,,,,,,,,,,,,,,,,,,,,,,,,,,,,,,,,,,,,,,,,,,,,,,,,,,,,,,,,,,,,,,,,,,,,,,,,,,,,,,,,,,,,,,,,,,,,,,,,,,,,,,,,,,,,,,,,,,,,,,,,,,,,,,,,,,,,,,,,,,,,,,,,,,,,,,,,,,,,,,,,,,,,
GJOHNSEN,Grete,Johnsen,Grete.Johnsen@chcheli.com,,Active,,36ec3512-0af9-4a16-9fe5-ac71dcbcc019,Grete.Johnsen@chcheli.com,2026-04-20T07:15:41-07:00,,Grete.Johnsen@chcheli.com,,,,,,,,GJOHNSEN,MingleEnterprise,Infor-SuiteUser,MingleIONEnabled,HOMEPAGES-User,IDM-User,IDM-RelatedInformationUser,M3UI-USER,MASHUP-User,,,,,,,,,,,,,,,,,,,,,,,,,,,,,,,,,,,,,,,,,,,,,,,,,,,,,,,,,,,,,,,,,,,,,,,,,,,,,,,,,,,,,,,,,,,,,,,,,,,,,,,,,,,,,,,,,,,,,,,,,,,,,,,,,,,,,,,,,,,,,,,,,,,,,,,,,,,,,,,,,,,,,,,,,,,,,,,,
GRBOWLES,Graham,Bowles,Graham.Bowles@chcheli.com,,Active,,63a9ea72-8270-4cca-b961-3b873c90969f,Graham.Bowles@chcheli.com,2026-04-20T07:15:42-07:00,,Graham.Bowles@chcheli.com,,,,,,,,GRBOWLES,MingleEnterprise,Infor-SuiteUser,MingleIONEnabled,HOMEPAGES-User,IDM-User,IDM-RelatedInformationUser,M3UI-USER,MASHUP-User,,,,,,,,,,,,,,,,,,,,,,,,,,,,,,,,,,,,,,,,,,,,,,,,,,,,,,,,,,,,,,,,,,,,,,,,,,,,,,,,,,,,,,,,,,,,,,,,,,,,,,,,,,,,,,,,,,,,,,,,,,,,,,,,,,,,,,,,,,,,,,,,,,,,,,,,,,,,,,,,,,,,,,,,,,,,,,,,
GSKJERSE,Greta,Skjerseth,Greta.Skjerseth@chcheli.com,,Active,,6620f095-2fa2-4460-b42b-c8469acc6786,Greta.Skjerseth@chcheli.com,2026-04-20T07:15:42-07:00,,Greta.Skjerseth@chcheli.com,,,,,,,,GSKJERSE,MingleEnterprise,Infor-SuiteUser,MingleIONEnabled,HOMEPAGES-User,IDM-User,IDM-RelatedInformationUser,M3UI-USER,MASHUP-User,,,,,,,,,,,,,,,,,,,,,,,,,,,,,,,,,,,,,,,,,,,,,,,,,,,,,,,,,,,,,,,,,,,,,,,,,,,,,,,,,,,,,,,,,,,,,,,,,,,,,,,,,,,,,,,,,,,,,,,,,,,,,,,,,,,,,,,,,,,,,,,,,,,,,,,,,,,,,,,,,,,,,,,,,,,,,,,,
GTORGERS,GroMette,Torgersen,GroMette.Torgersen@heli-one.com,,Active,,1991eadb-e117-4d3a-bbbe-bbb6aa58968f,GroMette.Torgersen@heli-one.com,2026-04-20T07:15:42-07:00,,GroMette.Torgersen@heli-one.com,,,,,,,,GTORGERS,MingleEnterprise,Infor-SuiteUser,MingleIONEnabled,HOMEPAGES-User,IDM-User,IDM-RelatedInformationUser,M3UI-USER,MASHUP-User,,,,,,,,,,,,,,,,,,,,,,,,,,,,,,,,,,,,,,,,,,,,,,,,,,,,,,,,,,,,,,,,,,,,,,,,,,,,,,,,,,,,,,,,,,,,,,,,,,,,,,,,,,,,,,,,,,,,,,,,,,,,,,,,,,,,,,,,,,,,,,,,,,,,,,,,,,,,,,,,,,,,,,,,,,,,,,,,
GTURNER,Graham,Turner,Graham.Turner@chcheli.com,,Active,,056c8126-d822-4b49-aa28-48055864c08c,Graham.Turner@chcheli.com,2026-04-20T07:15:42-07:00,,Graham.Turner@chcheli.com,,,,,,,,GTURNER,MingleEnterprise,Infor-SuiteUser,MingleIONEnabled,HOMEPAGES-User,IDM-User,IDM-RelatedInformationUser,M3UI-USER,MASHUP-User,,,,,,,,,,,,,,,,,,,,,,,,,,,,,,,,,,,,,,,,,,,,,,,,,,,,,,,,,,,,,,,,,,,,,,,,,,,,,,,,,,,,,,,,,,,,,,,,,,,,,,,,,,,,,,,,,,,,,,,,,,,,,,,,,,,,,,,,,,,,,,,,,,,,,,,,,,,,,,,,,,,,,,,,,,,,,,,,
HALARSEN,Havard,Larsen,Havard.Larsen@heli-one.com,,Active,,4837025f-f248-4716-854e-d576a4b1574a,Havard.Larsen@heli-one.com,2026-04-20T07:15:42-07:00,,Havard.Larsen@heli-one.com,,,,,,,,HALARSEN,MingleEnterprise,Infor-SuiteUser,MingleIONEnabled,HOMEPAGES-User,IDM-User,IDM-RelatedInformationUser,M3UI-USER,MASHUP-User,,,,,,,,,,,,,,,,,,,,,,,,,,,,,,,,,,,,,,,,,,,,,,,,,,,,,,,,,,,,,,,,,,,,,,,,,,,,,,,,,,,,,,,,,,,,,,,,,,,,,,,,,,,,,,,,,,,,,,,,,,,,,,,,,,,,,,,,,,,,,,,,,,,,,,,,,,,,,,,,,,,,,,,,,,,,,,,,
HBEAMES,Howard,Beames,Howard.Beames@chcheli.com,,Active,,7499bb9b-5482-4141-877f-03296e8644e4,Howard.Beames@chcheli.com,2026-04-20T07:15:42-07:00,,Howard.Beames@chcheli.com,,,,,,,,HBEAMES,MingleEnterprise,Infor-SuiteUser,MingleIONEnabled,HOMEPAGES-User,IDM-User,IDM-RelatedInformationUser,M3UI-USER,MASHUP-User,,,,,,,,,,,,,,,,,,,,,,,,,,,,,,,,,,,,,,,,,,,,,,,,,,,,,,,,,,,,,,,,,,,,,,,,,,,,,,,,,,,,,,,,,,,,,,,,,,,,,,,,,,,,,,,,,,,,,,,,,,,,,,,,,,,,,,,,,,,,,,,,,,,,,,,,,,,,,,,,,,,,,,,,,,,,,,,,
HBOS,Harm,Bos,Harm.Bos@chcheli.com,,Active,,cfcc26d9-2baa-4cd0-a21b-3a97faea23d2,Harm.Bos@chcheli.com,2026-04-20T07:15:42-07:00,,Harm.Bos@chcheli.com,,,,,,,,HBOS,MingleEnterprise,Infor-SuiteUser,MingleIONEnabled,HOMEPAGES-User,IDM-User,IDM-RelatedInformationUser,M3UI-USER,MASHUP-User,,,,,,,,,,,,,,,,,,,,,,,,,,,,,,,,,,,,,,,,,,,,,,,,,,,,,,,,,,,,,,,,,,,,,,,,,,,,,,,,,,,,,,,,,,,,,,,,,,,,,,,,,,,,,,,,,,,,,,,,,,,,,,,,,,,,,,,,,,,,,,,,,,,,,,,,,,,,,,,,,,,,,,,,,,,,,,,,
HBRINGSV,Hallstein,Bringsvor,Hallstein.Bringsvor@heli-one.com,,Active,,c10ca34a-69ac-4c8e-ac37-607c8c2fe689,Hallstein.Bringsvor@heli-one.com,2026-04-20T07:15:43-07:00,,Hallstein.Bringsvor@heli-one.com,,,,,,,,HBRINGSV,MingleEnterprise,Infor-SuiteUser,MingleIONEnabled,HOMEPAGES-User,IDM-User,IDM-RelatedInformationUser,M3UI-USER,MASHUP-User,,,,,,,,,,,,,,,,,,,,,,,,,,,,,,,,,,,,,,,,,,,,,,,,,,,,,,,,,,,,,,,,,,,,,,,,,,,,,,,,,,,,,,,,,,,,,,,,,,,,,,,,,,,,,,,,,,,,,,,,,,,,,,,,,,,,,,,,,,,,,,,,,,,,,,,,,,,,,,,,,,,,,,,,,,,,,,,,
HFJELD,hilde,fjeld,hilde.fjeld@chcheli.com,,Active,,60e7366b-b41e-4508-b7ef-b8c7ad0ac291,hilde.fjeld@chcheli.com,2026-04-20T07:15:43-07:00,,hilde.fjeld@chcheli.com,,,,,,,,HFJELD,MingleEnterprise,Infor-SuiteUser,MingleIONEnabled,HOMEPAGES-User,IDM-User,IDM-RelatedInformationUser,M3UI-USER,MASHUP-User,,,,,,,,,,,,,,,,,,,,,,,,,,,,,,,,,,,,,,,,,,,,,,,,,,,,,,,,,,,,,,,,,,,,,,,,,,,,,,,,,,,,,,,,,,,,,,,,,,,,,,,,,,,,,,,,,,,,,,,,,,,,,,,,,,,,,,,,,,,,,,,,,,,,,,,,,,,,,,,,,,,,,,,,,,,,,,,,
HKRANENB,Herman,van.Kranenburg,Herman.van.Kranenburg@chcheli.com,,Active,,01f96354-d61c-4f3b-8401-9fd8bb30f475,Herman.van.Kranenburg@chcheli.com,2026-04-20T07:15:43-07:00,,Herman.van.Kranenburg@chcheli.com,,,,,,,,HKRANENB,MingleEnterprise,Infor-SuiteUser,MingleIONEnabled,HOMEPAGES-User,IDM-User,IDM-RelatedInformationUser,M3UI-USER,MASHUP-User,,,,,,,,,,,,,,,,,,,,,,,,,,,,,,,,,,,,,,,,,,,,,,,,,,,,,,,,,,,,,,,,,,,,,,,,,,,,,,,,,,,,,,,,,,,,,,,,,,,,,,,,,,,,,,,,,,,,,,,,,,,,,,,,,,,,,,,,,,,,,,,,,,,,,,,,,,,,,,,,,,,,,,,,,,,,,,,,
HSANDERSEN,Hans,Andersen,Hans.Andersen@chcheli.com,,Active,,3bacf009-21f8-4ac8-b804-2c6835ddcfb4,Hans.Andersen@chcheli.com,2026-04-20T07:15:43-07:00,,Hans.Andersen@chcheli.com,,,,,,,,HSANDERSEN,MingleEnterprise,Infor-SuiteUser,MingleIONEnabled,HOMEPAGES-User,IDM-User,IDM-RelatedInformationUser,M3UI-USER,MASHUP-User,,,,,,,,,,,,,,,,,,,,,,,,,,,,,,,,,,,,,,,,,,,,,,,,,,,,,,,,,,,,,,,,,,,,,,,,,,,,,,,,,,,,,,,,,,,,,,,,,,,,,,,,,,,,,,,,,,,,,,,,,,,,,,,,,,,,,,,,,,,,,,,,,,,,,,,,,,,,,,,,,,,,,,,,,,,,,,,,
INLOLAND,Inge,Loland,Inge.Loland@chcheli.com,,Active,,85e522b1-19ee-4fba-aab4-94353195bc2f,Inge.Loland@chcheli.com,2026-04-20T07:15:43-07:00,,Inge.Loland@chcheli.com,,,,,,,,INLOLAND,MingleEnterprise,Infor-SuiteUser,MingleIONEnabled,HOMEPAGES-User,IDM-User,IDM-RelatedInformationUser,M3UI-USER,MASHUP-User,,,,,,,,,,,,,,,,,,,,,,,,,,,,,,,,,,,,,,,,,,,,,,,,,,,,,,,,,,,,,,,,,,,,,,,,,,,,,,,,,,,,,,,,,,,,,,,,,,,,,,,,,,,,,,,,,,,,,,,,,,,,,,,,,,,,,,,,,,,,,,,,,,,,,,,,,,,,,,,,,,,,,,,,,,,,,,,,
IOVERLAND,Ingse,Overland,Ingse.Overland@heli-one.com,,Active,,31a076aa-fbd6-4b17-ba1a-46da8d8b612a,Ingse.Overland@heli-one.com,2026-04-20T07:15:43-07:00,,Ingse.Overland@heli-one.com,,,,,,,,IOVERLAND,MingleEnterprise,Infor-SuiteUser,MingleIONEnabled,HOMEPAGES-User,IDM-User,IDM-RelatedInformationUser,M3UI-USER,MASHUP-User,,,,,,,,,,,,,,,,,,,,,,,,,,,,,,,,,,,,,,,,,,,,,,,,,,,,,,,,,,,,,,,,,,,,,,,,,,,,,,,,,,,,,,,,,,,,,,,,,,,,,,,,,,,,,,,,,,,,,,,,,,,,,,,,,,,,,,,,,,,,,,,,,,,,,,,,,,,,,,,,,,,,,,,,,,,,,,,,
IVESELOVSK,Ianina,Veselovska,Ianina.Veselovska@chcheli.com,Intermediate Accountant,Active,,4902d23b-5172-4f1c-b964-d19a42436e0e,Ianina.Veselovska@chcheli.com,2026-04-20T07:15:44-07:00,2026-04-21T09:24:41-07:00,Ianina.Veselovska@chcheli.com,,,,,,,,IVESELOVSK,MingleEnterprise,Infor-SuiteUser,MingleIONEnabled,HOMEPAGES-User,IDM-User,IDM-RelatedInformationUser,M3UI-USER,MASHUP-User,,,,,,,,,,,,,,,,,,,,,,,,,,,,,,,,,,,,,,,,,,,,,,,,,,,,,,,,,,,,,,,,,,,,,,,,,,,,,,,,,,,,,,,,,,,,,,,,,,,,,,,,,,,,,,,,,,,,,,,,,,,,,,,,,,,,,,,,,,,,,,,,,,,,,,,,,,,,,,,,,,,,,,,,,,,,,,,,
JALEE,Jason,Lee,Jason.Lee@chcheli.com,,Active,,c884106d-268a-4ad2-aa2a-e9f7d4662995,Jason.Lee@chcheli.com,2026-04-20T07:15:44-07:00,,Jason.Lee@chcheli.com,,,,,,,,JALEE,MingleEnterprise,Infor-SuiteUser,MingleIONEnabled,HOMEPAGES-User,IDM-User,IDM-RelatedInformationUser,M3UI-USER,MASHUP-User,,,,,,,,,,,,,,,,,,,,,,,,,,,,,,,,,,,,,,,,,,,,,,,,,,,,,,,,,,,,,,,,,,,,,,,,,,,,,,,,,,,,,,,,,,,,,,,,,,,,,,,,,,,,,,,,,,,,,,,,,,,,,,,,,,,,,,,,,,,,,,,,,,,,,,,,,,,,,,,,,,,,,,,,,,,,,,,,
52dc0197-41e1-42b3-88e0-b9fafbba2d07,Jay,Porter,Jay.Porter@chcheli.com,,Active,,52dc0197-41e1-42b3-88e0-b9fafbba2d07,Jay.Porter@chcheli.com,2026-04-20T07:15:44-07:00,,Jay.Porter@chcheli.com,,,,,,,,JAYPORTE,MingleEnterprise,Infor-SuiteUser,MingleIONEnabled,HOMEPAGES-User,IDM-User,IDM-RelatedInformationUser,M3UI-USER,MASHUP-User,,,,,,,,,,,,,,,,,,,,,,,,,,,,,,,,,,,,,,,,,,,,,,,,,,,,,,,,,,,,,,,,,,,,,,,,,,,,,,,,,,,,,,,,,,,,,,,,,,,,,,,,,,,,,,,,,,,,,,,,,,,,,,,,,,,,,,,,,,,,,,,,,,,,,,,,,,,,,,,,,,,,,,,,,,,,,,,,
JBURROWS,Jemma,Burrows,Jemma.Burrows@chcheli.com,,Active,,000c6e54-858d-4336-a8a1-064d756e1034,Jemma.Burrows@chcheli.com,2026-04-20T07:15:44-07:00,,Jemma.Burrows@chcheli.com,,,,,,,,JBURROWS,MingleEnterprise,Infor-SuiteUser,MingleIONEnabled,HOMEPAGES-User,IDM-User,IDM-RelatedInformationUser,M3UI-USER,MASHUP-User,,,,,,,,,,,,,,,,,,,,,,,,,,,,,,,,,,,,,,,,,,,,,,,,,,,,,,,,,,,,,,,,,,,,,,,,,,,,,,,,,,,,,,,,,,,,,,,,,,,,,,,,,,,,,,,,,,,,,,,,,,,,,,,,,,,,,,,,,,,,,,,,,,,,,,,,,,,,,,,,,,,,,,,,,,,,,,,,
JBUSTOS,Jaime,Bustos,Jaime.Bustos@chcheli.com,,Active,,c98e4eaa-5d65-4227-9eee-6a02e350de64,Jaime.Bustos@chcheli.com,2026-04-20T07:15:44-07:00,,Jaime.Bustos@chcheli.com,,,,,,,,JBUSTOS,MingleEnterprise,Infor-SuiteUser,MingleIONEnabled,HOMEPAGES-User,IDM-User,IDM-RelatedInformationUser,M3UI-USER,MASHUP-User,,,,,,,,,,,,,,,,,,,,,,,,,,,,,,,,,,,,,,,,,,,,,,,,,,,,,,,,,,,,,,,,,,,,,,,,,,,,,,,,,,,,,,,,,,,,,,,,,,,,,,,,,,,,,,,,,,,,,,,,,,,,,,,,,,,,,,,,,,,,,,,,,,,,,,,,,,,,,,,,,,,,,,,,,,,,,,,,
JCAETANO,Joaquim,Caetano,Joaquim.Caetano@chcheli.com,,Active,,a234e478-8646-4105-8c79-ff9d02573c6a,Joaquim.Caetano@chcheli.com,2026-04-20T07:15:44-07:00,,Joaquim.Caetano@chcheli.com,,,,,,,,JCAETANO,MingleEnterprise,Infor-SuiteUser,MingleIONEnabled,HOMEPAGES-User,IDM-User,IDM-RelatedInformationUser,M3UI-USER,MASHUP-User,,,,,,,,,,,,,,,,,,,,,,,,,,,,,,,,,,,,,,,,,,,,,,,,,,,,,,,,,,,,,,,,,,,,,,,,,,,,,,,,,,,,,,,,,,,,,,,,,,,,,,,,,,,,,,,,,,,,,,,,,,,,,,,,,,,,,,,,,,,,,,,,,,,,,,,,,,,,,,,,,,,,,,,,,,,,,,,,
436ab003-0652-4174-b35f-22be8329fe9e,Jon,Cegielski,Jon.Cegielski@chcheli.com,,Active,,436ab003-0652-4174-b35f-22be8329fe9e,Jon.Cegielski@chcheli.com,2026-04-20T07:15:44-07:00,,Jon.Cegielski@chcheli.com,,,,,,,,JCEGIELS,MingleEnterprise,Infor-SuiteUser,MingleIONEnabled,HOMEPAGES-User,IDM-User,IDM-RelatedInformationUser,M3UI-USER,MASHUP-User,SRAPS111CLRW,,,,,,,,,,,,,,,,,,,,,,,,,,,,,,,,,,,,,,,,,,,,,,,,,,,,,,,,,,,,,,,,,,,,,,,,,,,,,,,,,,,,,,,,,,,,,,,,,,,,,,,,,,,,,,,,,,,,,,,,,,,,,,,,,,,,,,,,,,,,,,,,,,,,,,,,,,,,,,,,,,,,,,,,,,,,,,,
78835116-24c6-4021-a2f8-bdd463ff38ea,Julie,Concepcion,Julie.Concepcion@chcheli.com,,Active,,78835116-24c6-4021-a2f8-bdd463ff38ea,Julie.Concepcion@chcheli.com,2026-04-20T07:15:45-07:00,,Julie.Concepcion@chcheli.com,,,,,,,,JCONCEPC,MingleEnterprise,Infor-SuiteUser,MingleIONEnabled,HOMEPAGES-User,IDM-User,IDM-RelatedInformationUser,M3UI-USER,MASHUP-User,SRAPS111CLRW,,,,,,,,,,,,,,,,,,,,,,,,,,,,,,,,,,,,,,,,,,,,,,,,,,,,,,,,,,,,,,,,,,,,,,,,,,,,,,,,,,,,,,,,,,,,,,,,,,,,,,,,,,,,,,,,,,,,,,,,,,,,,,,,,,,,,,,,,,,,,,,,,,,,,,,,,,,,,,,,,,,,,,,,,,,,,,,
JECOOPER,Jessica,Cooper,Jessica.Cooper@chcheli.com,,Active,,9268efb1-6b61-41da-a6f6-314b77c92e8e,Jessica.Cooper@chcheli.com,2026-04-20T07:15:45-07:00,,Jessica.Cooper@chcheli.com,,,,,,,,JECOOPER,MingleEnterprise,Infor-SuiteUser,MingleIONEnabled,HOMEPAGES-User,IDM-User,IDM-RelatedInformationUser,M3UI-USER,MASHUP-User,,,,,,,,,,,,,,,,,,,,,,,,,,,,,,,,,,,,,,,,,,,,,,,,,,,,,,,,,,,,,,,,,,,,,,,,,,,,,,,,,,,,,,,,,,,,,,,,,,,,,,,,,,,,,,,,,,,,,,,,,,,,,,,,,,,,,,,,,,,,,,,,,,,,,,,,,,,,,,,,,,,,,,,,,,,,,,,,
JEIKE,Janne,Eike,Janne.Eike@heli-one.com,,Active,,32aeb988-98c3-4a25-88e6-0b0c39e32b68,Janne.Eike@heli-one.com,2026-04-20T07:15:45-07:00,,Janne.Eike@heli-one.com,,,,,,,,JEIKE,MingleEnterprise,Infor-SuiteUser,MingleIONEnabled,HOMEPAGES-User,IDM-User,IDM-RelatedInformationUser,M3UI-USER,MASHUP-User,,,,,,,,,,,,,,,,,,,,,,,,,,,,,,,,,,,,,,,,,,,,,,,,,,,,,,,,,,,,,,,,,,,,,,,,,,,,,,,,,,,,,,,,,,,,,,,,,,,,,,,,,,,,,,,,,,,,,,,,,,,,,,,,,,,,,,,,,,,,,,,,,,,,,,,,,,,,,,,,,,,,,,,,,,,,,,,,
JFOK,Ying Choi,Fok,Johnathan.Fok@chcheli.com,Staff Accountant,Active,,feda449c-47ee-4d8a-82fc-3d9d93e21c40,Johnathan.Fok@chcheli.com,2026-04-20T07:15:45-07:00,2026-04-24T13:43:53-07:00,Johnathan.Fok@chcheli.com,,,,,,,,JFOK,MingleEnterprise,Infor-SuiteUser,MingleIONEnabled,HOMEPAGES-User,IDM-User,IDM-RelatedInformationUser,M3UI-USER,MASHUP-User,,,,,,,,,,,,,,,,,,,,,,,,,,,,,,,,,,,,,,,,,,,,,,,,,,,,,,,,,,,,,,,,,,,,,,,,,,,,,,,,,,,,,,,,,,,,,,,,,,,,,,,,,,,,,,,,,,,,,,,,,,,,,,,,,,,,,,,,,,,,,,,,,,,,,,,,,,,,,,,,,,,,,,,,,,,,,,,,
JHOLLAND,joe,holland,joe.holland@chcheli.com,,Active,,20b0bcc4-f1c3-43e7-9e68-a6c51c346889,joe.holland@chcheli.com,2026-04-20T07:15:45-07:00,,joe.holland@chcheli.com,,,,,,,,JHOLLAND,MingleEnterprise,Infor-SuiteUser,MingleIONEnabled,HOMEPAGES-User,IDM-User,IDM-RelatedInformationUser,M3UI-USER,MASHUP-User,,,,,,,,,,,,,,,,,,,,,,,,,,,,,,,,,,,,,,,,,,,,,,,,,,,,,,,,,,,,,,,,,,,,,,,,,,,,,,,,,,,,,,,,,,,,,,,,,,,,,,,,,,,,,,,,,,,,,,,,,,,,,,,,,,,,,,,,,,,,,,,,,,,,,,,,,,,,,,,,,,,,,,,,,,,,,,,,
JHOPKINSON,Jon,Hopkinson,Jon.Hopkinson@chcheli.com,,Active,,1e81a2fa-b342-4b9d-8236-9f4ecafc4950,Jon.Hopkinson@chcheli.com,2026-04-20T07:15:45-07:00,,Jon.Hopkinson@chcheli.com,,,,,,,,JHOPKINSON,MingleEnterprise,Infor-SuiteUser,MingleIONEnabled,HOMEPAGES-User,IDM-User,IDM-RelatedInformationUser,M3UI-USER,MASHUP-User,,,,,,,,,,,,,,,,,,,,,,,,,,,,,,,,,,,,,,,,,,,,,,,,,,,,,,,,,,,,,,,,,,,,,,,,,,,,,,,,,,,,,,,,,,,,,,,,,,,,,,,,,,,,,,,,,,,,,,,,,,,,,,,,,,,,,,,,,,,,,,,,,,,,,,,,,,,,,,,,,,,,,,,,,,,,,,,,
JKANESTR,Jane,Kanestrom,Jane.Kanestrom@chcheli.com,,Active,,9b483bad-05d3-4fc8-86ef-d94463d4079e,Jane.Kanestrom@chcheli.com,2026-04-20T07:15:45-07:00,,Jane.Kanestrom@chcheli.com,,,,,,,,JKANESTR,MingleEnterprise,Infor-SuiteUser,MingleIONEnabled,HOMEPAGES-User,IDM-User,IDM-RelatedInformationUser,M3UI-USER,MASHUP-User,,,,,,,,,,,,,,,,,,,,,,,,,,,,,,,,,,,,,,,,,,,,,,,,,,,,,,,,,,,,,,,,,,,,,,,,,,,,,,,,,,,,,,,,,,,,,,,,,,,,,,,,,,,,,,,,,,,,,,,,,,,,,,,,,,,,,,,,,,,,,,,,,,,,,,,,,,,,,,,,,,,,,,,,,,,,,,,,
JKOBYLIN,Joanna,Kobylinska,Joanna.Kobylinska@heli-one.com,,Active,,e0001109-7ee6-44a9-a2e5-bca8e440c1b4,Joanna.Kobylinska@heli-one.com,2026-04-20T07:15:45-07:00,2026-06-22T22:14:52-07:00,Joanna.Kobylinska@heli-one.com,,,,,,,,JKOBYLIN,MingleEnterprise,Infor-SuiteUser,MingleIONEnabled,HOMEPAGES-User,IDM-User,IDM-RelatedInformationUser,M3UI-USER,MASHUP-User,,,,,,,,,,,,,,,,,,,,,,,,,,,,,,,,,,,,,,,,,,,,,,,,,,,,,,,,,,,,,,,,,,,,,,,,,,,,,,,,,,,,,,,,,,,,,,,,,,,,,,,,,,,,,,,,,,,,,,,,,,,,,,,,,,,,,,,,,,,,,,,,,,,,,,,,,,,,,,,,,,,,,,,,,,,,,,,,
JKUPCZAK,Justyna,Kupczak,Justyna.Kupczak@chcheli.com,,Active,,381ab1e7-72b4-403b-93af-03a54431a839,Justyna.Kupczak@chcheli.com,2026-04-20T07:15:46-07:00,,Justyna.Kupczak@chcheli.com,,,,,,,,JKUPCZAK,MingleEnterprise,Infor-SuiteUser,MingleIONEnabled,HOMEPAGES-User,IDM-User,IDM-RelatedInformationUser,M3UI-USER,MASHUP-User,,,,,,,,,,,,,,,,,,,,,,,,,,,,,,,,,,,,,,,,,,,,,,,,,,,,,,,,,,,,,,,,,,,,,,,,,,,,,,,,,,,,,,,,,,,,,,,,,,,,,,,,,,,,,,,,,,,,,,,,,,,,,,,,,,,,,,,,,,,,,,,,,,,,,,,,,,,,,,,,,,,,,,,,,,,,,,,,
JLOBODA,Jolanta,Loboda,Jolanta.Loboda@heli-one.com,,Active,,e1309d0a-f3d8-480e-ba27-81fb7d3e1968,Jolanta.Loboda@heli-one.com,2026-04-20T07:15:46-07:00,,Jolanta.Loboda@heli-one.com,,,,,,,,JLOBODA,MingleEnterprise,Infor-SuiteUser,MingleIONEnabled,HOMEPAGES-User,IDM-User,IDM-RelatedInformationUser,M3UI-USER,MASHUP-User,,,,,,,,,,,,,,,,,,,,,,,,,,,,,,,,,,,,,,,,,,,,,,,,,,,,,,,,,,,,,,,,,,,,,,,,,,,,,,,,,,,,,,,,,,,,,,,,,,,,,,,,,,,,,,,,,,,,,,,,,,,,,,,,,,,,,,,,,,,,,,,,,,,,,,,,,,,,,,,,,,,,,,,,,,,,,,,,
JMEERSBE,Jessie,Meersbergen,Jessie.Meersbergen@chcheli.com,,Active,,0414efd4-35e6-41ff-a408-d9a67beeb738,Jessie.Meersbergen@chcheli.com,2026-04-20T07:15:46-07:00,,Jessie.Meersbergen@chcheli.com,,,,,,,,JMEERSBE,MingleEnterprise,Infor-SuiteUser,MingleIONEnabled,HOMEPAGES-User,IDM-User,IDM-RelatedInformationUser,M3UI-USER,MASHUP-User,,,,,,,,,,,,,,,,,,,,,,,,,,,,,,,,,,,,,,,,,,,,,,,,,,,,,,,,,,,,,,,,,,,,,,,,,,,,,,,,,,,,,,,,,,,,,,,,,,,,,,,,,,,,,,,,,,,,,,,,,,,,,,,,,,,,,,,,,,,,,,,,,,,,,,,,,,,,,,,,,,,,,,,,,,,,,,,,
JMORLAND,Jens,Morland,Jens.Morland@heli-one.com,,Active,,ecb5b757-20ef-4ddc-89ef-23460adb8a51,Jens.Morland@heli-one.com,2026-04-20T07:15:46-07:00,,Jens.Morland@heli-one.com,,,,,,,,JMORLAND,MingleEnterprise,Infor-SuiteUser,MingleIONEnabled,HOMEPAGES-User,IDM-User,IDM-RelatedInformationUser,M3UI-USER,MASHUP-User,,,,,,,,,,,,,,,,,,,,,,,,,,,,,,,,,,,,,,,,,,,,,,,,,,,,,,,,,,,,,,,,,,,,,,,,,,,,,,,,,,,,,,,,,,,,,,,,,,,,,,,,,,,,,,,,,,,,,,,,,,,,,,,,,,,,,,,,,,,,,,,,,,,,,,,,,,,,,,,,,,,,,,,,,,,,,,,,
JNIELSEN,Jim,Nielsen,Jim.Nielsen@chcheli.com,,Active,,8729ed8f-37d6-4f9b-92b4-bf9880333c9d,Jim.Nielsen@chcheli.com,2026-04-20T07:15:46-07:00,,Jim.Nielsen@chcheli.com,,,,,,,,JNIELSEN,MingleEnterprise,Infor-SuiteUser,MingleIONEnabled,HOMEPAGES-User,IDM-User,IDM-RelatedInformationUser,M3UI-USER,MASHUP-User,,,,,,,,,,,,,,,,,,,,,,,,,,,,,,,,,,,,,,,,,,,,,,,,,,,,,,,,,,,,,,,,,,,,,,,,,,,,,,,,,,,,,,,,,,,,,,,,,,,,,,,,,,,,,,,,,,,,,,,,,,,,,,,,,,,,,,,,,,,,,,,,,,,,,,,,,,,,,,,,,,,,,,,,,,,,,,,,
JOMARTIN,Jodie,Martin,Jodie.Martin@chcheli.com,,Active,,4f9b74d1-8434-476d-b8f7-8ced2f4fb462,Jodie.Martin@chcheli.com,2026-04-20T07:15:46-07:00,,Jodie.Martin@chcheli.com,,,,,,,,JOMARTIN,MingleEnterprise,Infor-SuiteUser,MingleIONEnabled,HOMEPAGES-User,IDM-User,IDM-RelatedInformationUser,M3UI-USER,MASHUP-User,,,,,,,,,,,,,,,,,,,,,,,,,,,,,,,,,,,,,,,,,,,,,,,,,,,,,,,,,,,,,,,,,,,,,,,,,,,,,,,,,,,,,,,,,,,,,,,,,,,,,,,,,,,,,,,,,,,,,,,,,,,,,,,,,,,,,,,,,,,,,,,,,,,,,,,,,,,,,,,,,,,,,,,,,,,,,,,,
JORRIBEI,Jorge,Ribeiro,Jorge.Ribeiro@CHCHeli.com,,Active,,e375ab9f-50b8-43bf-8713-a533ee24a46a,Jorge.Ribeiro@CHCHeli.com,2026-04-20T07:15:47-07:00,,Jorge.Ribeiro@CHCHeli.com,,,,,,,,JORRIBEI,MingleEnterprise,Infor-SuiteUser,MingleIONEnabled,HOMEPAGES-User,IDM-User,IDM-RelatedInformationUser,M3UI-USER,MASHUP-User,,,,,,,,,,,,,,,,,,,,,,,,,,,,,,,,,,,,,,,,,,,,,,,,,,,,,,,,,,,,,,,,,,,,,,,,,,,,,,,,,,,,,,,,,,,,,,,,,,,,,,,,,,,,,,,,,,,,,,,,,,,,,,,,,,,,,,,,,,,,,,,,,,,,,,,,,,,,,,,,,,,,,,,,,,,,,,,,
JROZYCKA,Joanna,Rozycka,Joanna.Rozycka@chcheli.com,,Active,,26bf03b3-7a88-4b75-b0c3-0b9aa8c89da2,Joanna.Rozycka@chcheli.com,2026-04-20T07:15:47-07:00,,Joanna.Rozycka@chcheli.com,,,,,,,,JROZYCKA,MingleEnterprise,Infor-SuiteUser,MingleIONEnabled,HOMEPAGES-User,IDM-User,IDM-RelatedInformationUser,M3UI-USER,MASHUP-User,,,,,,,,,,,,,,,,,,,,,,,,,,,,,,,,,,,,,,,,,,,,,,,,,,,,,,,,,,,,,,,,,,,,,,,,,,,,,,,,,,,,,,,,,,,,,,,,,,,,,,,,,,,,,,,,,,,,,,,,,,,,,,,,,,,,,,,,,,,,,,,,,,,,,,,,,,,,,,,,,,,,,,,,,,,,,,,,
JRUSSELL,John,Russell,John.Russell@chcheli.com,,Active,,f3dea097-efa1-4cd2-8ad6-d840be99c758,John.Russell@chcheli.com,2026-04-20T07:15:47-07:00,,John.Russell@chcheli.com,,,,,,,,JRUSSELL,MingleEnterprise,Infor-SuiteUser,MingleIONEnabled,HOMEPAGES-User,IDM-User,IDM-RelatedInformationUser,M3UI-USER,MASHUP-User,,,,,,,,,,,,,,,,,,,,,,,,,,,,,,,,,,,,,,,,,,,,,,,,,,,,,,,,,,,,,,,,,,,,,,,,,,,,,,,,,,,,,,,,,,,,,,,,,,,,,,,,,,,,,,,,,,,,,,,,,,,,,,,,,,,,,,,,,,,,,,,,,,,,,,,,,,,,,,,,,,,,,,,,,,,,,,,,
JSECKEL,Johan,Seckel,Johan.Seckel@chcheli.com,,Active,,05010405-0d95-42eb-b8dc-0cfebb5ddd60,Johan.Seckel@chcheli.com,2026-04-20T07:15:47-07:00,,Johan.Seckel@chcheli.com,,,,,,,,JSECKEL,MingleEnterprise,Infor-SuiteUser,MingleIONEnabled,HOMEPAGES-User,IDM-User,IDM-RelatedInformationUser,M3UI-USER,MASHUP-User,,,,,,,,,,,,,,,,,,,,,,,,,,,,,,,,,,,,,,,,,,,,,,,,,,,,,,,,,,,,,,,,,,,,,,,,,,,,,,,,,,,,,,,,,,,,,,,,,,,,,,,,,,,,,,,,,,,,,,,,,,,,,,,,,,,,,,,,,,,,,,,,,,,,,,,,,,,,,,,,,,,,,,,,,,,,,,,,
JSETSA,John,Setsa,John.Setsa@heli-one.com,,Active,,31bdc87a-97e4-46a9-849e-fa296d4bc805,John.Setsa@heli-one.com,2026-04-20T07:15:47-07:00,,John.Setsa@heli-one.com,,,,,,,,JSETSA,MingleEnterprise,Infor-SuiteUser,MingleIONEnabled,HOMEPAGES-User,IDM-User,IDM-RelatedInformationUser,M3UI-USER,MASHUP-User,,,,,,,,,,,,,,,,,,,,,,,,,,,,,,,,,,,,,,,,,,,,,,,,,,,,,,,,,,,,,,,,,,,,,,,,,,,,,,,,,,,,,,,,,,,,,,,,,,,,,,,,,,,,,,,,,,,,,,,,,,,,,,,,,,,,,,,,,,,,,,,,,,,,,,,,,,,,,,,,,,,,,,,,,,,,,,,,
783501db-5382-4f1f-ae0c-e58d40c3aafc,Jerry,Tengberg,Jerry.Tengberg@chcheli.com,,Active,,783501db-5382-4f1f-ae0c-e58d40c3aafc,Jerry.Tengberg@chcheli.com,2026-04-20T07:15:47-07:00,,Jerry.Tengberg@chcheli.com,,,,,,,,JTENGBER,MingleEnterprise,Infor-SuiteUser,MingleIONEnabled,HOMEPAGES-User,IDM-User,IDM-RelatedInformationUser,M3UI-USER,MASHUP-User,,,,,,,,,,,,,,,,,,,,,,,,,,,,,,,,,,,,,,,,,,,,,,,,,,,,,,,,,,,,,,,,,,,,,,,,,,,,,,,,,,,,,,,,,,,,,,,,,,,,,,,,,,,,,,,,,,,,,,,,,,,,,,,,,,,,,,,,,,,,,,,,,,,,,,,,,,,,,,,,,,,,,,,,,,,,,,,,
JUANDREW,Judith,Andrews,Judith.Andrews@chcheli.com,,Active,,df252f43-2a22-45e3-9e41-b7df70fc01db,Judith.Andrews@chcheli.com,2026-04-20T07:15:47-07:00,,Judith.Andrews@chcheli.com,,,,,,,,JUANDREW,MingleEnterprise,Infor-SuiteUser,MingleIONEnabled,HOMEPAGES-User,IDM-User,IDM-RelatedInformationUser,M3UI-USER,MASHUP-User,,,,,,,,,,,,,,,,,,,,,,,,,,,,,,,,,,,,,,,,,,,,,,,,,,,,,,,,,,,,,,,,,,,,,,,,,,,,,,,,,,,,,,,,,,,,,,,,,,,,,,,,,,,,,,,,,,,,,,,,,,,,,,,,,,,,,,,,,,,,,,,,,,,,,,,,,,,,,,,,,,,,,,,,,,,,,,,,
KASANTOS,Katryn,Santos,Katryn.Santos@CHCHeli.com,,Active,,7b2e051b-5dec-431f-8307-93102297ee7a,Katryn.Santos@CHCHeli.com,2026-04-20T07:15:48-07:00,,Katryn.Santos@CHCHeli.com,,,,,,,,KASANTOS,MingleEnterprise,Infor-SuiteUser,MingleIONEnabled,HOMEPAGES-User,IDM-User,IDM-RelatedInformationUser,M3UI-USER,MASHUP-User,,,,,,,,,,,,,,,,,,,,,,,,,,,,,,,,,,,,,,,,,,,,,,,,,,,,,,,,,,,,,,,,,,,,,,,,,,,,,,,,,,,,,,,,,,,,,,,,,,,,,,,,,,,,,,,,,,,,,,,,,,,,,,,,,,,,,,,,,,,,,,,,,,,,,,,,,,,,,,,,,,,,,,,,,,,,,,,,
KASTEWAR,Kayleigh,Stewart,Kayleigh.Stewart@chcheli.com,,Active,,a97c9e03-aa27-4631-8f11-4509bafcbd06,Kayleigh.Stewart@chcheli.com,2026-04-20T07:15:48-07:00,,Kayleigh.Stewart@chcheli.com,,,,,,,,KASTEWAR,MingleEnterprise,Infor-SuiteUser,MingleIONEnabled,HOMEPAGES-User,IDM-User,IDM-RelatedInformationUser,M3UI-USER,MASHUP-User,,,,,,,,,,,,,,,,,,,,,,,,,,,,,,,,,,,,,,,,,,,,,,,,,,,,,,,,,,,,,,,,,,,,,,,,,,,,,,,,,,,,,,,,,,,,,,,,,,,,,,,,,,,,,,,,,,,,,,,,,,,,,,,,,,,,,,,,,,,,,,,,,,,,,,,,,,,,,,,,,,,,,,,,,,,,,,,,
KAUTH,Katharina,Auth,Katharina.Auth@heli-one.com,,Active,,6f038be6-9e7e-4f58-8294-e1f3b27c40a4,Katharina.Auth@heli-one.com,2026-04-20T07:15:48-07:00,,Katharina.Auth@heli-one.com,,,,,,,,KAUTH,MingleEnterprise,Infor-SuiteUser,MingleIONEnabled,HOMEPAGES-User,IDM-User,IDM-RelatedInformationUser,M3UI-USER,MASHUP-User,,,,,,,,,,,,,,,,,,,,,,,,,,,,,,,,,,,,,,,,,,,,,,,,,,,,,,,,,,,,,,,,,,,,,,,,,,,,,,,,,,,,,,,,,,,,,,,,,,,,,,,,,,,,,,,,,,,,,,,,,,,,,,,,,,,,,,,,,,,,,,,,,,,,,,,,,,,,,,,,,,,,,,,,,,,,,,,,
KAWALSH,Karen,Walsh,Karen.Walsh@chcheli.com,,Active,,3e3c0e12-8232-4553-8f01-866e89a0fe19,Karen.Walsh@chcheli.com,2026-04-20T07:15:48-07:00,,Karen.Walsh@chcheli.com,,,,,,,,KAWALSH,MingleEnterprise,Infor-SuiteUser,MingleIONEnabled,HOMEPAGES-User,IDM-User,IDM-RelatedInformationUser,M3UI-USER,MASHUP-User,,,,,,,,,,,,,,,,,,,,,,,,,,,,,,,,,,,,,,,,,,,,,,,,,,,,,,,,,,,,,,,,,,,,,,,,,,,,,,,,,,,,,,,,,,,,,,,,,,,,,,,,,,,,,,,,,,,,,,,,,,,,,,,,,,,,,,,,,,,,,,,,,,,,,,,,,,,,,,,,,,,,,,,,,,,,,,,,
KCHOHAN,Kelly,Chohan,Kelly.Chohan@chcheli.com,,Active,,42ba59d1-1a7e-4f53-b8ff-389d5c9e12c7,Kelly.Chohan@chcheli.com,2026-04-20T07:15:48-07:00,,Kelly.Chohan@chcheli.com,,,,,,,,KCHOHAN,MingleEnterprise,Infor-SuiteUser,MingleIONEnabled,HOMEPAGES-User,IDM-User,IDM-RelatedInformationUser,M3UI-USER,MASHUP-User,,,,,,,,,,,,,,,,,,,,,,,,,,,,,,,,,,,,,,,,,,,,,,,,,,,,,,,,,,,,,,,,,,,,,,,,,,,,,,,,,,,,,,,,,,,,,,,,,,,,,,,,,,,,,,,,,,,,,,,,,,,,,,,,,,,,,,,,,,,,,,,,,,,,,,,,,,,,,,,,,,,,,,,,,,,,,,,,
KEWILLIAMS,Kelly,Williams,Kelly.Williams@chcheli.com,,Active,,f084cce4-4598-49ff-9f6d-2b0f062e53dc,Kelly.Williams@chcheli.com,2026-04-20T07:15:48-07:00,,Kelly.Williams@chcheli.com,,,,,,,,KEWILLIAMS,MingleEnterprise,Infor-SuiteUser,MingleIONEnabled,HOMEPAGES-User,IDM-User,IDM-RelatedInformationUser,M3UI-USER,MASHUP-User,,,,,,,,,,,,,,,,,,,,,,,,,,,,,,,,,,,,,,,,,,,,,,,,,,,,,,,,,,,,,,,,,,,,,,,,,,,,,,,,,,,,,,,,,,,,,,,,,,,,,,,,,,,,,,,,,,,,,,,,,,,,,,,,,,,,,,,,,,,,,,,,,,,,,,,,,,,,,,,,,,,,,,,,,,,,,,,,
KGAWANDE,Kadambari,Gawande,Kadambari.Gawande@chcheli.com,,Active,,771642a6-4bce-4987-990e-f844c855c1cf,Kadambari.Gawande@chcheli.com,2026-04-20T07:15:48-07:00,,Kadambari.Gawande@chcheli.com,,,,,,,,KGAWANDE,MingleEnterprise,Infor-SuiteUser,MingleIONEnabled,HOMEPAGES-User,IDM-User,IDM-RelatedInformationUser,M3UI-USER,MASHUP-User,,,,,,,,,,,,,,,,,,,,,,,,,,,,,,,,,,,,,,,,,,,,,,,,,,,,,,,,,,,,,,,,,,,,,,,,,,,,,,,,,,,,,,,,,,,,,,,,,,,,,,,,,,,,,,,,,,,,,,,,,,,,,,,,,,,,,,,,,,,,,,,,,,,,,,,,,,,,,,,,,,,,,,,,,,,,,,,,
KGJELVIK,Karl,Gjelvik,Karl.Gjelvik@heli-one.com,,Active,,02899d86-124a-4e1e-aca3-a2a06f5aad8b,Karl.Gjelvik@heli-one.com,2026-04-20T07:15:49-07:00,,Karl.Gjelvik@heli-one.com,,,,,,,,KGJELVIK,MingleEnterprise,Infor-SuiteUser,MingleIONEnabled,HOMEPAGES-User,IDM-User,IDM-RelatedInformationUser,M3UI-USER,MASHUP-User,,,,,,,,,,,,,,,,,,,,,,,,,,,,,,,,,,,,,,,,,,,,,,,,,,,,,,,,,,,,,,,,,,,,,,,,,,,,,,,,,,,,,,,,,,,,,,,,,,,,,,,,,,,,,,,,,,,,,,,,,,,,,,,,,,,,,,,,,,,,,,,,,,,,,,,,,,,,,,,,,,,,,,,,,,,,,,,,
KGONZALE,Kimberly,Gonzales,Kimberly.Gonzales@chcheli.com,,Active,,10246ac9-b2ba-412b-94ed-c93ac5e2e41b,Kimberly.Gonzales@chcheli.com,2026-04-20T07:15:49-07:00,,Kimberly.Gonzales@chcheli.com,,,,,,,,KGONZALE,MingleEnterprise,Infor-SuiteUser,MingleIONEnabled,HOMEPAGES-User,IDM-User,IDM-RelatedInformationUser,M3UI-USER,MASHUP-User,,,,,,,,,,,,,,,,,,,,,,,,,,,,,,,,,,,,,,,,,,,,,,,,,,,,,,,,,,,,,,,,,,,,,,,,,,,,,,,,,,,,,,,,,,,,,,,,,,,,,,,,,,,,,,,,,,,,,,,,,,,,,,,,,,,,,,,,,,,,,,,,,,,,,,,,,,,,,,,,,,,,,,,,,,,,,,,,
KHENDZEL,Katarzyna,Hendzel,Katarzyna.Hendzel@heli-one.com,,Active,,55ad74a5-45c7-44b3-90f5-a24db1194e43,Katarzyna.Hendzel@heli-one.com,2026-04-20T07:15:49-07:00,,Katarzyna.Hendzel@heli-one.com,,,,,,,,KHENDZEL,MingleEnterprise,Infor-SuiteUser,MingleIONEnabled,HOMEPAGES-User,IDM-User,IDM-RelatedInformationUser,M3UI-USER,MASHUP-User,,,,,,,,,,,,,,,,,,,,,,,,,,,,,,,,,,,,,,,,,,,,,,,,,,,,,,,,,,,,,,,,,,,,,,,,,,,,,,,,,,,,,,,,,,,,,,,,,,,,,,,,,,,,,,,,,,,,,,,,,,,,,,,,,,,,,,,,,,,,,,,,,,,,,,,,,,,,,,,,,,,,,,,,,,,,,,,,
KJANTOSZ,Kinga,Jantosz,Kinga.Jantosz@heli-one.com,,Active,,b1c94488-baef-450a-945a-9d8782fe4251,Kinga.Jantosz@heli-one.com,2026-04-20T07:15:49-07:00,,Kinga.Jantosz@heli-one.com,,,,,,,,KJANTOSZ,MingleEnterprise,Infor-SuiteUser,MingleIONEnabled,HOMEPAGES-User,IDM-User,IDM-RelatedInformationUser,M3UI-USER,MASHUP-User,,,,,,,,,,,,,,,,,,,,,,,,,,,,,,,,,,,,,,,,,,,,,,,,,,,,,,,,,,,,,,,,,,,,,,,,,,,,,,,,,,,,,,,,,,,,,,,,,,,,,,,,,,,,,,,,,,,,,,,,,,,,,,,,,,,,,,,,,,,,,,,,,,,,,,,,,,,,,,,,,,,,,,,,,,,,,,,,
KKINDEN,kirsti,kinden,kirsti.kinden@chcheli.com,,Active,,a25a46f3-e308-44bf-a7e9-2cd2aa9e25df,kirsti.kinden@chcheli.com,2026-04-20T07:15:49-07:00,,kirsti.kinden@chcheli.com,,,,,,,,KKINDEN,MingleEnterprise,Infor-SuiteUser,MingleIONEnabled,HOMEPAGES-User,IDM-User,IDM-RelatedInformationUser,M3UI-USER,MASHUP-User,,,,,,,,,,,,,,,,,,,,,,,,,,,,,,,,,,,,,,,,,,,,,,,,,,,,,,,,,,,,,,,,,,,,,,,,,,,,,,,,,,,,,,,,,,,,,,,,,,,,,,,,,,,,,,,,,,,,,,,,,,,,,,,,,,,,,,,,,,,,,,,,,,,,,,,,,,,,,,,,,,,,,,,,,,,,,,,,
KKORNEVA,ksenia,korneva,ksenia.korneva@chcheli.com,,Active,,36ae171f-b8a0-4fb1-b8db-30bfd3613661,ksenia.korneva@chcheli.com,2026-04-20T07:15:49-07:00,,ksenia.korneva@chcheli.com,,,,,,,,KKORNEVA,MingleEnterprise,Infor-SuiteUser,MingleIONEnabled,HOMEPAGES-User,IDM-User,IDM-RelatedInformationUser,M3UI-USER,MASHUP-User,,,,,,,,,,,,,,,,,,,,,,,,,,,,,,,,,,,,,,,,,,,,,,,,,,,,,,,,,,,,,,,,,,,,,,,,,,,,,,,,,,,,,,,,,,,,,,,,,,,,,,,,,,,,,,,,,,,,,,,,,,,,,,,,,,,,,,,,,,,,,,,,,,,,,,,,,,,,,,,,,,,,,,,,,,,,,,,,
KKRAWIEC,Karolina,Krawiec-Los,Karolina.Krawiec-Los@chcheli.com,,Active,,bf84acba-fbe4-41fc-a054-dd59a5c9d727,Karolina.Krawiec-Los@chcheli.com,2026-04-20T07:15:49-07:00,,Karolina.Krawiec-Los@chcheli.com,,,,,,,,KKRAWIEC,MingleEnterprise,Infor-SuiteUser,MingleIONEnabled,HOMEPAGES-User,IDM-User,IDM-RelatedInformationUser,M3UI-USER,MASHUP-User,,,,,,,,,,,,,,,,,,,,,,,,,,,,,,,,,,,,,,,,,,,,,,,,,,,,,,,,,,,,,,,,,,,,,,,,,,,,,,,,,,,,,,,,,,,,,,,,,,,,,,,,,,,,,,,,,,,,,,,,,,,,,,,,,,,,,,,,,,,,,,,,,,,,,,,,,,,,,,,,,,,,,,,,,,,,,,,,
KLUNDIN,Kjell,Lundin,Kjell.Lundin@chcheli.com,,Active,,8841f4ab-150c-41a4-98d5-3eb140eabe9d,Kjell.Lundin@chcheli.com,2026-04-20T07:15:50-07:00,,Kjell.Lundin@chcheli.com,,,,,,,,KLUNDIN,MingleEnterprise,Infor-SuiteUser,MingleIONEnabled,HOMEPAGES-User,IDM-User,IDM-RelatedInformationUser,M3UI-USER,MASHUP-User,,,,,,,,,,,,,,,,,,,,,,,,,,,,,,,,,,,,,,,,,,,,,,,,,,,,,,,,,,,,,,,,,,,,,,,,,,,,,,,,,,,,,,,,,,,,,,,,,,,,,,,,,,,,,,,,,,,,,,,,,,,,,,,,,,,,,,,,,,,,,,,,,,,,,,,,,,,,,,,,,,,,,,,,,,,,,,,,
KMYKKELT,Kristine,Mykkeltvedt,Kristine.Mykkeltvedt@heli-one.com,,Active,,b94299d5-1f3d-4185-a17b-6fa9aa8fe5ef,Kristine.Mykkeltvedt@heli-one.com,2026-04-20T07:15:50-07:00,,Kristine.Mykkeltvedt@heli-one.com,,,,,,,,KMYKKELT,MingleEnterprise,Infor-SuiteUser,MingleIONEnabled,HOMEPAGES-User,IDM-User,IDM-RelatedInformationUser,M3UI-USER,MASHUP-User,,,,,,,,,,,,,,,,,,,,,,,,,,,,,,,,,,,,,,,,,,,,,,,,,,,,,,,,,,,,,,,,,,,,,,,,,,,,,,,,,,,,,,,,,,,,,,,,,,,,,,,,,,,,,,,,,,,,,,,,,,,,,,,,,,,,,,,,,,,,,,,,,,,,,,,,,,,,,,,,,,,,,,,,,,,,,,,,
KNATTERO,Kjersti,Natteroy,Kjersti.Natteroy@chcheli.com,,Active,,6cf8bb53-68e4-42f0-a567-d24d51357fcc,Kjersti.Natteroy@chcheli.com,2026-04-20T07:15:51-07:00,,Kjersti.Natteroy@chcheli.com,,,,,,,,KNATTERO,MingleEnterprise,Infor-SuiteUser,MingleIONEnabled,HOMEPAGES-User,IDM-User,IDM-RelatedInformationUser,M3UI-USER,MASHUP-User,,,,,,,,,,,,,,,,,,,,,,,,,,,,,,,,,,,,,,,,,,,,,,,,,,,,,,,,,,,,,,,,,,,,,,,,,,,,,,,,,,,,,,,,,,,,,,,,,,,,,,,,,,,,,,,,,,,,,,,,,,,,,,,,,,,,,,,,,,,,,,,,,,,,,,,,,,,,,,,,,,,,,,,,,,,,,,,,
03e0a59e-63d5-4c1a-af58-591ab1521d61,Ky,Phung,Ky.Phung@chcheli.com,,Active,,03e0a59e-63d5-4c1a-af58-591ab1521d61,Ky.Phung@chcheli.com,2026-04-20T07:15:51-07:00,,Ky.Phung@chcheli.com,,,,,,,,KPHUNG,MingleEnterprise,Infor-SuiteUser,MingleIONEnabled,HOMEPAGES-User,IDM-User,IDM-RelatedInformationUser,M3UI-USER,MASHUP-User,SRAPS111CLRW,,,,,,,,,,,,,,,,,,,,,,,,,,,,,,,,,,,,,,,,,,,,,,,,,,,,,,,,,,,,,,,,,,,,,,,,,,,,,,,,,,,,,,,,,,,,,,,,,,,,,,,,,,,,,,,,,,,,,,,,,,,,,,,,,,,,,,,,,,,,,,,,,,,,,,,,,,,,,,,,,,,,,,,,,,,,,,,
KRISPAGE,Kristy,Page,Kristy.Page@chcheli.com,,Active,,ec7a5503-4b9e-44a4-9ce9-25c1aa426d68,Kristy.Page@chcheli.com,2026-04-20T07:15:51-07:00,,Kristy.Page@chcheli.com,,,,,,,,KRISPAGE,MingleEnterprise,Infor-SuiteUser,MingleIONEnabled,HOMEPAGES-User,IDM-User,IDM-RelatedInformationUser,M3UI-USER,MASHUP-User,,,,,,,,,,,,,,,,,,,,,,,,,,,,,,,,,,,,,,,,,,,,,,,,,,,,,,,,,,,,,,,,,,,,,,,,,,,,,,,,,,,,,,,,,,,,,,,,,,,,,,,,,,,,,,,,,,,,,,,,,,,,,,,,,,,,,,,,,,,,,,,,,,,,,,,,,,,,,,,,,,,,,,,,,,,,,,,,
KSPENGLE,Kevin,Spengler,Kevin.Spengler@chcheli.com,,Active,,aa76ef05-01a1-4f4f-aaeb-45d718f96527,Kevin.Spengler@chcheli.com,2026-04-20T07:15:51-07:00,,Kevin.Spengler@chcheli.com,,,,,,,,KSPENGLE,MingleEnterprise,Infor-SuiteUser,MingleIONEnabled,HOMEPAGES-User,IDM-User,IDM-RelatedInformationUser,M3UI-USER,MASHUP-User,,,,,,,,,,,,,,,,,,,,,,,,,,,,,,,,,,,,,,,,,,,,,,,,,,,,,,,,,,,,,,,,,,,,,,,,,,,,,,,,,,,,,,,,,,,,,,,,,,,,,,,,,,,,,,,,,,,,,,,,,,,,,,,,,,,,,,,,,,,,,,,,,,,,,,,,,,,,,,,,,,,,,,,,,,,,,,,,
KWILLIS,Keith,Willis,Keith.Willis@chcheli.com,,Active,,e7f3b5d6-d946-44dd-8513-7bc1b53beed8,Keith.Willis@chcheli.com,2026-04-20T07:15:51-07:00,,Keith.Willis@chcheli.com,,,,,,,,KWILLIS,MingleEnterprise,Infor-SuiteUser,MingleIONEnabled,HOMEPAGES-User,IDM-User,IDM-RelatedInformationUser,M3UI-USER,MASHUP-User,,,,,,,,,,,,,,,,,,,,,,,,,,,,,,,,,,,,,,,,,,,,,,,,,,,,,,,,,,,,,,,,,,,,,,,,,,,,,,,,,,,,,,,,,,,,,,,,,,,,,,,,,,,,,,,,,,,,,,,,,,,,,,,,,,,,,,,,,,,,,,,,,,,,,,,,,,,,,,,,,,,,,,,,,,,,,,,,
LANDERSO,Luke,Anderson,Luke.Anderson@chcheli.com,,Active,,04cdcbee-8631-450d-89cb-f4abc8ad6288,Luke.Anderson@chcheli.com,2026-04-20T07:15:52-07:00,,Luke.Anderson@chcheli.com,,,,,,,,LANDERSO,MingleEnterprise,Infor-SuiteUser,MingleIONEnabled,HOMEPAGES-User,IDM-User,IDM-RelatedInformationUser,M3UI-USER,MASHUP-User,,,,,,,,,,,,,,,,,,,,,,,,,,,,,,,,,,,,,,,,,,,,,,,,,,,,,,,,,,,,,,,,,,,,,,,,,,,,,,,,,,,,,,,,,,,,,,,,,,,,,,,,,,,,,,,,,,,,,,,,,,,,,,,,,,,,,,,,,,,,,,,,,,,,,,,,,,,,,,,,,,,,,,,,,,,,,,,,
LANFINSEN,Lasse,Anfinsen,Lasse.Anfinsen@chcheli.com,,Active,,c2869e38-932b-4b2c-9c30-aee895553962,Lasse.Anfinsen@chcheli.com,2026-04-20T07:15:52-07:00,,Lasse.Anfinsen@chcheli.com,,,,,,,,LANFINSEN,MingleEnterprise,Infor-SuiteUser,MingleIONEnabled,HOMEPAGES-User,IDM-User,IDM-RelatedInformationUser,M3UI-USER,MASHUP-User,,,,,,,,,,,,,,,,,,,,,,,,,,,,,,,,,,,,,,,,,,,,,,,,,,,,,,,,,,,,,,,,,,,,,,,,,,,,,,,,,,,,,,,,,,,,,,,,,,,,,,,,,,,,,,,,,,,,,,,,,,,,,,,,,,,,,,,,,,,,,,,,,,,,,,,,,,,,,,,,,,,,,,,,,,,,,,,,
LBRANDAO,Livia,Brandao,Livia.Brandao@chcheli.com,,Active,,8ebdefbd-60f4-4737-b9ab-88cf332181f0,Livia.Brandao@chcheli.com,2026-04-20T07:15:52-07:00,2026-07-28T10:44:06-07:00,Livia.Brandao@chcheli.com,,,,,,,,LBRANDAO,MingleEnterprise,Infor-SuiteUser,MingleIONEnabled,HOMEPAGES-User,IDM-User,IDM-RelatedInformationUser,M3UI-USER,MASHUP-User,,,,,,,,,,,,,,,,,,,,,,,,,,,,,,,,,,,,,,,,,,,,,,,,,,,,,,,,,,,,,,,,,,,,,,,,,,,,,,,,,,,,,,,,,,,,,,,,,,,,,,,,,,,,,,,,,,,,,,,,,,,,,,,,,,,,,,,,,,,,,,,,,,,,,,,,,,,,,,,,,,,,,,,,,,,,,,,,
LCHHABRA,leena,chhabra,Leena.Chhabra@chcheli.com,financial reporting manager,Active,,75b230e0-7ff7-436d-aca1-26c9c1e2c368,Leena.Chhabra@chcheli.com,2026-04-20T07:15:52-07:00,,Leena.Chhabra@chcheli.com,,,,,,,,LCHHABRA,MingleEnterprise,Infor-SuiteUser,MingleIONEnabled,HOMEPAGES-User,IDM-User,IDM-RelatedInformationUser,M3UI-USER,MASHUP-User,,,,,,,,,,,,,,,,,,,,,,,,,,,,,,,,,,,,,,,,,,,,,,,,,,,,,,,,,,,,,,,,,,,,,,,,,,,,,,,,,,,,,,,,,,,,,,,,,,,,,,,,,,,,,,,,,,,,,,,,,,,,,,,,,,,,,,,,,,,,,,,,,,,,,,,,,,,,,,,,,,,,,,,,,,,,,,,,
LCOOMAN,leroy,cooman,leroy.cooman@chcheli.com,,Active,,3f2eb9e3-e853-4004-8c56-297f17e559c8,leroy.cooman@chcheli.com,2026-04-20T07:15:52-07:00,,leroy.cooman@chcheli.com,,,,,,,,LCOOMAN,MingleEnterprise,Infor-SuiteUser,MingleIONEnabled,HOMEPAGES-User,IDM-User,IDM-RelatedInformationUser,M3UI-USER,MASHUP-User,,,,,,,,,,,,,,,,,,,,,,,,,,,,,,,,,,,,,,,,,,,,,,,,,,,,,,,,,,,,,,,,,,,,,,,,,,,,,,,,,,,,,,,,,,,,,,,,,,,,,,,,,,,,,,,,,,,,,,,,,,,,,,,,,,,,,,,,,,,,,,,,,,,,,,,,,,,,,,,,,,,,,,,,,,,,,,,,
LDEGREEF,Leon-Kees,de.Greef,Leon-Kees.de.Greef@chcheli.com,,Active,,552017d1-e980-40c0-b522-b78db08597a0,Leon-Kees.de.Greef@chcheli.com,2026-04-20T07:15:52-07:00,,Leon-Kees.de.Greef@chcheli.com,,,,,,,,LDEGREEF,MingleEnterprise,Infor-SuiteUser,MingleIONEnabled,HOMEPAGES-User,IDM-User,IDM-RelatedInformationUser,M3UI-USER,MASHUP-User,,,,,,,,,,,,,,,,,,,,,,,,,,,,,,,,,,,,,,,,,,,,,,,,,,,,,,,,,,,,,,,,,,,,,,,,,,,,,,,,,,,,,,,,,,,,,,,,,,,,,,,,,,,,,,,,,,,,,,,,,,,,,,,,,,,,,,,,,,,,,,,,,,,,,,,,,,,,,,,,,,,,,,,,,,,,,,,,
LDEVINE,Lauren,Devine,Lauren.Devine@chcheli.com,,Active,,b47098a3-8026-4032-881d-9adc05d017be,Lauren.Devine@chcheli.com,2026-04-20T07:15:53-07:00,,Lauren.Devine@chcheli.com,,,,,,,,LDEVINE,MingleEnterprise,Infor-SuiteUser,MingleIONEnabled,HOMEPAGES-User,IDM-User,IDM-RelatedInformationUser,M3UI-USER,MASHUP-User,,,,,,,,,,,,,,,,,,,,,,,,,,,,,,,,,,,,,,,,,,,,,,,,,,,,,,,,,,,,,,,,,,,,,,,,,,,,,,,,,,,,,,,,,,,,,,,,,,,,,,,,,,,,,,,,,,,,,,,,,,,,,,,,,,,,,,,,,,,,,,,,,,,,,,,,,,,,,,,,,,,,,,,,,,,,,,,,
LDICKSON,Linsday,Calderwood,Lindsay.Calderwood@chcheli.com,Ms,Active,,5d3796ef-e526-4858-a55f-afae955f13c0,Lindsay.Calderwood@chcheli.com,2026-04-20T07:15:53-07:00,2026-04-22T06:35:05-07:00,Lindsay.Calderwood@chcheli.com,,,,,,,,LDICKSON,MingleEnterprise,Infor-SuiteUser,MingleIONEnabled,HOMEPAGES-User,IDM-User,IDM-RelatedInformationUser,M3UI-USER,MASHUP-User,,,,,,,,,,,,,,,,,,,,,,,,,,,,,,,,,,,,,,,,,,,,,,,,,,,,,,,,,,,,,,,,,,,,,,,,,,,,,,,,,,,,,,,,,,,,,,,,,,,,,,,,,,,,,,,,,,,,,,,,,,,,,,,,,,,,,,,,,,,,,,,,,,,,,,,,,,,,,,,,,,,,,,,,,,,,,,,,
LDSOUZA,Lavita,Dsouza,Lavita.Dsouza@Heli-One.com,,Active,,a130a628-a085-429a-9ee2-520060056fb3,Lavita.Dsouza@Heli-One.com,2026-04-20T07:15:53-07:00,,Lavita.Dsouza@Heli-One.com,,,,,,,,LDSOUZA,MingleEnterprise,Infor-SuiteUser,MingleIONEnabled,HOMEPAGES-User,IDM-User,IDM-RelatedInformationUser,M3UI-USER,MASHUP-User,,,,,,,,,,,,,,,,,,,,,,,,,,,,,,,,,,,,,,,,,,,,,,,,,,,,,,,,,,,,,,,,,,,,,,,,,,,,,,,,,,,,,,,,,,,,,,,,,,,,,,,,,,,,,,,,,,,,,,,,,,,,,,,,,,,,,,,,,,,,,,,,,,,,,,,,,,,,,,,,,,,,,,,,,,,,,,,,
LERANGEL,Leticia,Rangel,Leticia.Rangel@chcheli.com,,Active,,8a4b1659-3b8a-4d51-a7c3-89c81cb3ce8c,Leticia.Rangel@chcheli.com,2026-04-20T07:15:54-07:00,,Leticia.Rangel@chcheli.com,,,,,,,,LERANGEL,MingleEnterprise,Infor-SuiteUser,MingleIONEnabled,HOMEPAGES-User,IDM-User,IDM-RelatedInformationUser,M3UI-USER,MASHUP-User,,,,,,,,,,,,,,,,,,,,,,,,,,,,,,,,,,,,,,,,,,,,,,,,,,,,,,,,,,,,,,,,,,,,,,,,,,,,,,,,,,,,,,,,,,,,,,,,,,,,,,,,,,,,,,,,,,,,,,,,,,,,,,,,,,,,,,,,,,,,,,,,,,,,,,,,,,,,,,,,,,,,,,,,,,,,,,,,
LGRAVES,Lillie,Graves,Lillie.Graves@chcheli.com,,Active,,8d99e0bb-cead-4980-9f17-38f89f959441,Lillie.Graves@chcheli.com,2026-04-20T07:15:54-07:00,,Lillie.Graves@chcheli.com,,,,,,,,LGRAVES,MingleEnterprise,Infor-SuiteUser,MingleIONEnabled,HOMEPAGES-User,IDM-User,IDM-RelatedInformationUser,M3UI-USER,MASHUP-User,,,,,,,,,,,,,,,,,,,,,,,,,,,,,,,,,,,,,,,,,,,,,,,,,,,,,,,,,,,,,,,,,,,,,,,,,,,,,,,,,,,,,,,,,,,,,,,,,,,,,,,,,,,,,,,,,,,,,,,,,,,,,,,,,,,,,,,,,,,,,,,,,,,,,,,,,,,,,,,,,,,,,,,,,,,,,,,,
LHODGSON,Lorraine,Cameron,Lorraine.Cameron@chcheli.com,,Active,,e434246f-8bab-4ea4-b069-b8e5edfae40f,Lorraine.Cameron@chcheli.com,2026-04-20T07:15:54-07:00,,Lorraine.Cameron@chcheli.com,,,,,,,,LHODGSON,MingleEnterprise,Infor-SuiteUser,MingleIONEnabled,HOMEPAGES-User,IDM-User,IDM-RelatedInformationUser,M3UI-USER,MASHUP-User,,,,,,,,,,,,,,,,,,,,,,,,,,,,,,,,,,,,,,,,,,,,,,,,,,,,,,,,,,,,,,,,,,,,,,,,,,,,,,,,,,,,,,,,,,,,,,,,,,,,,,,,,,,,,,,,,,,,,,,,,,,,,,,,,,,,,,,,,,,,,,,,,,,,,,,,,,,,,,,,,,,,,,,,,,,,,,,,
LJAMES,Lee,James,Lee.James@chcheli.com,,Active,,de3c20a2-1266-4a1b-94a3-379ceedb8908,Lee.James@chcheli.com,2026-04-20T07:15:54-07:00,,Lee.James@chcheli.com,,,,,,,,LJAMES,MingleEnterprise,Infor-SuiteUser,MingleIONEnabled,HOMEPAGES-User,IDM-User,IDM-RelatedInformationUser,M3UI-USER,MASHUP-User,,,,,,,,,,,,,,,,,,,,,,,,,,,,,,,,,,,,,,,,,,,,,,,,,,,,,,,,,,,,,,,,,,,,,,,,,,,,,,,,,,,,,,,,,,,,,,,,,,,,,,,,,,,,,,,,,,,,,,,,,,,,,,,,,,,,,,,,,,,,,,,,,,,,,,,,,,,,,,,,,,,,,,,,,,,,,,,,
LKOZIK,Lukasz,Kozik,Lukasz.Kozik@heli-one.com,,Active,,01d20ce7-7bfd-4ab5-8135-0f4b749666a0,Lukasz.Kozik@heli-one.com,2026-04-20T07:15:54-07:00,,Lukasz.Kozik@heli-one.com,,,,,,,,LKOZIK,MingleEnterprise,Infor-SuiteUser,MingleIONEnabled,HOMEPAGES-User,IDM-User,IDM-RelatedInformationUser,M3UI-USER,MASHUP-User,,,,,,,,,,,,,,,,,,,,,,,,,,,,,,,,,,,,,,,,,,,,,,,,,,,,,,,,,,,,,,,,,,,,,,,,,,,,,,,,,,,,,,,,,,,,,,,,,,,,,,,,,,,,,,,,,,,,,,,,,,,,,,,,,,,,,,,,,,,,,,,,,,,,,,,,,,,,,,,,,,,,,,,,,,,,,,,,
LORIBEIR,Lorena,Ribeiro,Lorena.Ribeiro@chcheli.com,,Active,,75bf02a0-e4ef-41aa-b04b-fbc1937b3c93,Lorena.Ribeiro@chcheli.com,2026-04-20T07:15:54-07:00,,Lorena.Ribeiro@chcheli.com,,,,,,,,LORIBEIR,MingleEnterprise,Infor-SuiteUser,MingleIONEnabled,HOMEPAGES-User,IDM-User,IDM-RelatedInformationUser,M3UI-USER,MASHUP-User,,,,,,,,,,,,,,,,,,,,,,,,,,,,,,,,,,,,,,,,,,,,,,,,,,,,,,,,,,,,,,,,,,,,,,,,,,,,,,,,,,,,,,,,,,,,,,,,,,,,,,,,,,,,,,,,,,,,,,,,,,,,,,,,,,,,,,,,,,,,,,,,,,,,,,,,,,,,,,,,,,,,,,,,,,,,,,,,
LSANGSTER,Lorraine,Smith,Lorraine.Smith@chcheli.com,,Active,,29d5381d-2256-4c22-b384-21a0bba9d8e2,Lorraine.Smith@chcheli.com,2026-04-20T07:15:54-07:00,,Lorraine.Smith@chcheli.com,,,,,,,,LSANGSTER,MingleEnterprise,Infor-SuiteUser,MingleIONEnabled,HOMEPAGES-User,IDM-User,IDM-RelatedInformationUser,M3UI-USER,MASHUP-User,,,,,,,,,,,,,,,,,,,,,,,,,,,,,,,,,,,,,,,,,,,,,,,,,,,,,,,,,,,,,,,,,,,,,,,,,,,,,,,,,,,,,,,,,,,,,,,,,,,,,,,,,,,,,,,,,,,,,,,,,,,,,,,,,,,,,,,,,,,,,,,,,,,,,,,,,,,,,,,,,,,,,,,,,,,,,,,,
LSEVERO,Luiz,Severo,Luiz.Severo@chcheli.com,,Active,,7aead7a8-1014-49d6-a608-61195067fdff,Luiz.Severo@chcheli.com,2026-04-20T07:15:55-07:00,,Luiz.Severo@chcheli.com,,,,,,,,LSEVERO,MingleEnterprise,Infor-SuiteUser,MingleIONEnabled,HOMEPAGES-User,IDM-User,IDM-RelatedInformationUser,M3UI-USER,MASHUP-User,,,,,,,,,,,,,,,,,,,,,,,,,,,,,,,,,,,,,,,,,,,,,,,,,,,,,,,,,,,,,,,,,,,,,,,,,,,,,,,,,,,,,,,,,,,,,,,,,,,,,,,,,,,,,,,,,,,,,,,,,,,,,,,,,,,,,,,,,,,,,,,,,,,,,,,,,,,,,,,,,,,,,,,,,,,,,,,,
LSIM,Lesley,Sim,Lesley.Sim@chcheli.com,,Active,,657e57a3-2b22-442f-bfc0-2b67af89b406,Lesley.Sim@chcheli.com,2026-04-20T07:15:55-07:00,,Lesley.Sim@chcheli.com,,,,,,,,LSIM,MingleEnterprise,Infor-SuiteUser,MingleIONEnabled,HOMEPAGES-User,IDM-User,IDM-RelatedInformationUser,M3UI-USER,MASHUP-User,,,,,,,,,,,,,,,,,,,,,,,,,,,,,,,,,,,,,,,,,,,,,,,,,,,,,,,,,,,,,,,,,,,,,,,,,,,,,,,,,,,,,,,,,,,,,,,,,,,,,,,,,,,,,,,,,,,,,,,,,,,,,,,,,,,,,,,,,,,,,,,,,,,,,,,,,,,,,,,,,,,,,,,,,,,,,,,,
LTORKELS,Leif,Torkelsen,Leif.Torkelsen@heli-one.com,,Active,,b09ad4a8-5be2-4b3f-b08c-0f18c98b7630,Leif.Torkelsen@heli-one.com,2026-04-20T07:15:55-07:00,,Leif.Torkelsen@heli-one.com,,,,,,,,LTORKELS,MingleEnterprise,Infor-SuiteUser,MingleIONEnabled,HOMEPAGES-User,IDM-User,IDM-RelatedInformationUser,M3UI-USER,MASHUP-User,,,,,,,,,,,,,,,,,,,,,,,,,,,,,,,,,,,,,,,,,,,,,,,,,,,,,,,,,,,,,,,,,,,,,,,,,,,,,,,,,,,,,,,,,,,,,,,,,,,,,,,,,,,,,,,,,,,,,,,,,,,,,,,,,,,,,,,,,,,,,,,,,,,,,,,,,,,,,,,,,,,,,,,,,,,,,,,,
LTURNER,Lina,Turner,Lina.Turner@chcheli.com,,Active,,32b217f6-b284-4336-b125-2bd6fbe2afd0,Lina.Turner@chcheli.com,2026-04-20T07:15:55-07:00,,Lina.Turner@chcheli.com,,,,,,,,LTURNER,MingleEnterprise,Infor-SuiteUser,MingleIONEnabled,HOMEPAGES-User,IDM-User,IDM-RelatedInformationUser,M3UI-USER,MASHUP-User,,,,,,,,,,,,,,,,,,,,,,,,,,,,,,,,,,,,,,,,,,,,,,,,,,,,,,,,,,,,,,,,,,,,,,,,,,,,,,,,,,,,,,,,,,,,,,,,,,,,,,,,,,,,,,,,,,,,,,,,,,,,,,,,,,,,,,,,,,,,,,,,,,,,,,,,,,,,,,,,,,,,,,,,,,,,,,,,
LUDASILV,Lucas,daSilva,Lucas.daSilva@chcheli.com,,Active,,6899437e-deba-4cca-8023-12b2624436db,Lucas.daSilva@chcheli.com,2026-04-20T07:15:55-07:00,,Lucas.daSilva@chcheli.com,,,,,,,,LUDASILV,MingleEnterprise,Infor-SuiteUser,MingleIONEnabled,HOMEPAGES-User,IDM-User,IDM-RelatedInformationUser,M3UI-USER,MASHUP-User,,,,,,,,,,,,,,,,,,,,,,,,,,,,,,,,,,,,,,,,,,,,,,,,,,,,,,,,,,,,,,,,,,,,,,,,,,,,,,,,,,,,,,,,,,,,,,,,,,,,,,,,,,,,,,,,,,,,,,,,,,,,,,,,,,,,,,,,,,,,,,,,,,,,,,,,,,,,,,,,,,,,,,,,,,,,,,,,
LVALANI,Liza,Valani,Liza.Valani@chcheli.com,,Active,,efd2b40b-d489-441f-8e53-07cd2020b404,Liza.Valani@chcheli.com,2026-04-20T07:15:55-07:00,,Liza.Valani@chcheli.com,,,,,,,,LVALANI,MingleEnterprise,Infor-SuiteUser,MingleIONEnabled,HOMEPAGES-User,IDM-User,IDM-RelatedInformationUser,M3UI-USER,MASHUP-User,,,,,,,,,,,,,,,,,,,,,,,,,,,,,,,,,,,,,,,,,,,,,,,,,,,,,,,,,,,,,,,,,,,,,,,,,,,,,,,,,,,,,,,,,,,,,,,,,,,,,,,,,,,,,,,,,,,,,,,,,,,,,,,,,,,,,,,,,,,,,,,,,,,,,,,,,,,,,,,,,,,,,,,,,,,,,,,,
LVANSON,Luke,Vanson,Luke.Vanson@chcheli.com,,Active,,595bcf43-c2c9-4f76-8d7e-1c96cbf43540,Luke.Vanson@chcheli.com,2026-04-20T07:15:55-07:00,,Luke.Vanson@chcheli.com,,,,,,,,LVANSON,MingleEnterprise,Infor-SuiteUser,MingleIONEnabled,HOMEPAGES-User,IDM-User,IDM-RelatedInformationUser,M3UI-USER,MASHUP-User,,,,,,,,,,,,,,,,,,,,,,,,,,,,,,,,,,,,,,,,,,,,,,,,,,,,,,,,,,,,,,,,,,,,,,,,,,,,,,,,,,,,,,,,,,,,,,,,,,,,,,,,,,,,,,,,,,,,,,,,,,,,,,,,,,,,,,,,,,,,,,,,,,,,,,,,,,,,,,,,,,,,,,,,,,,,,,,,
LVELINCA,Leonardo,Velincas,Leonardo.Velincas@chcheli.com,,Active,,86d58b65-ffad-408e-a357-dc3271ac5668,Leonardo.Velincas@chcheli.com,2026-04-20T07:15:56-07:00,,Leonardo.Velincas@chcheli.com,,,,,,,,LVELINCA,MingleEnterprise,Infor-SuiteUser,MingleIONEnabled,HOMEPAGES-User,IDM-User,IDM-RelatedInformationUser,M3UI-USER,MASHUP-User,,,,,,,,,,,,,,,,,,,,,,,,,,,,,,,,,,,,,,,,,,,,,,,,,,,,,,,,,,,,,,,,,,,,,,,,,,,,,,,,,,,,,,,,,,,,,,,,,,,,,,,,,,,,,,,,,,,,,,,,,,,,,,,,,,,,,,,,,,,,,,,,,,,,,,,,,,,,,,,,,,,,,,,,,,,,,,,,
499fd020-80ca-47ef-8c51-4aee23818662,Luis,Viera,Luis.Viera@chcheli.com,,Active,,499fd020-80ca-47ef-8c51-4aee23818662,Luis.Viera@chcheli.com,2026-04-20T07:15:56-07:00,,Luis.Viera@chcheli.com,,,,,,,,LVIERA,MingleEnterprise,Infor-SuiteUser,MingleIONEnabled,HOMEPAGES-User,IDM-User,IDM-RelatedInformationUser,M3UI-USER,MASHUP-User,SRAPS111CLRW,,,,,,,,,,,,,,,,,,,,,,,,,,,,,,,,,,,,,,,,,,,,,,,,,,,,,,,,,,,,,,,,,,,,,,,,,,,,,,,,,,,,,,,,,,,,,,,,,,,,,,,,,,,,,,,,,,,,,,,,,,,,,,,,,,,,,,,,,,,,,,,,,,,,,,,,,,,,,,,,,,,,,,,,,,,,,,,
LWATT,leigh-ann,watt,leigh-ann.watt@chcheli.com,,Active,,a43b3b01-b032-4850-832d-47e835f8e7e6,leigh-ann.watt@chcheli.com,2026-04-20T07:15:56-07:00,,leigh-ann.watt@chcheli.com,,,,,,,,LWATT,MingleEnterprise,Infor-SuiteUser,MingleIONEnabled,HOMEPAGES-User,IDM-User,IDM-RelatedInformationUser,M3UI-USER,MASHUP-User,,,,,,,,,,,,,,,,,,,,,,,,,,,,,,,,,,,,,,,,,,,,,,,,,,,,,,,,,,,,,,,,,,,,,,,,,,,,,,,,,,,,,,,,,,,,,,,,,,,,,,,,,,,,,,,,,,,,,,,,,,,,,,,,,,,,,,,,,,,,,,,,,,,,,,,,,,,,,,,,,,,,,,,,,,,,,,,,
LWOOD,Laura,Wood,Laura.Wood@chcheli.com,,Active,,14624f11-9b39-4041-915b-66557fdf4041,Laura.Wood@chcheli.com,2026-04-20T07:15:56-07:00,,Laura.Wood@chcheli.com,,,,,,,,LWOOD,MingleEnterprise,Infor-SuiteUser,MingleIONEnabled,HOMEPAGES-User,IDM-User,IDM-RelatedInformationUser,M3UI-USER,MASHUP-User,,,,,,,,,,,,,,,,,,,,,,,,,,,,,,,,,,,,,,,,,,,,,,,,,,,,,,,,,,,,,,,,,,,,,,,,,,,,,,,,,,,,,,,,,,,,,,,,,,,,,,,,,,,,,,,,,,,,,,,,,,,,,,,,,,,,,,,,,,,,,,,,,,,,,,,,,,,,,,,,,,,,,,,,,,,,,,,,
LXIE,Lily,Xie,Lily.Xie@chcheli.com,Accountant,Active,,d6405b2a-33b7-4259-a279-3ba343c23cab,Lily.Xie@chcheli.com,2026-04-20T07:15:56-07:00,2026-06-26T16:58:07-07:00,Lily.Xie@chcheli.com,,,,,,,,LXIE,MingleEnterprise,Infor-SuiteUser,MingleIONEnabled,HOMEPAGES-User,IDM-User,IDM-RelatedInformationUser,M3UI-USER,MASHUP-User,,,,,,,,,,,,,,,,,,,,,,,,,,,,,,,,,,,,,,,,,,,,,,,,,,,,,,,,,,,,,,,,,,,,,,,,,,,,,,,,,,,,,,,,,,,,,,,,,,,,,,,,,,,,,,,,,,,,,,,,,,,,,,,,,,,,,,,,,,,,,,,,,,,,,,,,,,,,,,,,,,,,,,,,,,,,,,,,
bf5a74ec-729a-4670-963d-356efed39dc0,MARK,AMATONG,Mark.Amatong@chcheli.com,SD,Active,,bf5a74ec-729a-4670-963d-356efed39dc0,Mark.Amatong@chcheli.com,2026-04-20T07:15:56-07:00,2026-04-24T21:29:03-07:00,Mark.Amatong@chcheli.com,,,,,,,,MAMATONG,MingleEnterprise,Infor-SuiteUser,MingleIONEnabled,HOMEPAGES-User,IDM-User,IDM-RelatedInformationUser,M3UI-USER,MASHUP-User,SRAPS111CLRW,,,,,,,,,,,,,,,,,,,,,,,,,,,,,,,,,,,,,,,,,,,,,,,,,,,,,,,,,,,,,,,,,,,,,,,,,,,,,,,,,,,,,,,,,,,,,,,,,,,,,,,,,,,,,,,,,,,,,,,,,,,,,,,,,,,,,,,,,,,,,,,,,,,,,,,,,,,,,,,,,,,,,,,,,,,,,,,
MBALAS,Marites,Balas,Marites.Balas@heli-one.com,,Active,,0a78b1d8-a2de-4b88-89b1-348adff33d31,Marites.Balas@heli-one.com,2026-04-20T07:15:56-07:00,,Marites.Balas@heli-one.com,,,,,,,,MBALAS,MingleEnterprise,Infor-SuiteUser,MingleIONEnabled,HOMEPAGES-User,IDM-User,IDM-RelatedInformationUser,M3UI-USER,MASHUP-User,,,,,,,,,,,,,,,,,,,,,,,,,,,,,,,,,,,,,,,,,,,,,,,,,,,,,,,,,,,,,,,,,,,,,,,,,,,,,,,,,,,,,,,,,,,,,,,,,,,,,,,,,,,,,,,,,,,,,,,,,,,,,,,,,,,,,,,,,,,,,,,,,,,,,,,,,,,,,,,,,,,,,,,,,,,,,,,,
MBATOR,Marzena,Pezda-Bator,Marzena.Pezda-Bator@heli-one.com,,Active,,4e54811b-22df-424b-912f-12446c8778c8,Marzena.Pezda-Bator@heli-one.com,2026-04-20T07:15:57-07:00,,Marzena.Pezda-Bator@heli-one.com,,,,,,,,MBATOR,MingleEnterprise,Infor-SuiteUser,MingleIONEnabled,HOMEPAGES-User,IDM-User,IDM-RelatedInformationUser,M3UI-USER,MASHUP-User,,,,,,,,,,,,,,,,,,,,,,,,,,,,,,,,,,,,,,,,,,,,,,,,,,,,,,,,,,,,,,,,,,,,,,,,,,,,,,,,,,,,,,,,,,,,,,,,,,,,,,,,,,,,,,,,,,,,,,,,,,,,,,,,,,,,,,,,,,,,,,,,,,,,,,,,,,,,,,,,,,,,,,,,,,,,,,,,
MBENNETTS,Mark,Bennetts,Mark.Bennetts@heli-one.com,,Active,,9c08c65e-c0e0-409f-a5a6-86471d05a9a3,Mark.Bennetts@heli-one.com,2026-04-20T07:15:57-07:00,,Mark.Bennetts@heli-one.com,,,,,,,,MBENNETTS,MingleEnterprise,Infor-SuiteUser,MingleIONEnabled,HOMEPAGES-User,IDM-User,IDM-RelatedInformationUser,M3UI-USER,MASHUP-User,,,,,,,,,,,,,,,,,,,,,,,,,,,,,,,,,,,,,,,,,,,,,,,,,,,,,,,,,,,,,,,,,,,,,,,,,,,,,,,,,,,,,,,,,,,,,,,,,,,,,,,,,,,,,,,,,,,,,,,,,,,,,,,,,,,,,,,,,,,,,,,,,,,,,,,,,,,,,,,,,,,,,,,,,,,,,,,,
MCATLIN,Maretta,Catlin,Maretta.Catlin@chcheli.com,,Active,,d7cfbb99-aef0-42dc-b6a5-1824e343294c,Maretta.Catlin@chcheli.com,2026-04-20T07:15:57-07:00,,Maretta.Catlin@chcheli.com,,,,,,,,MCATLIN,MingleEnterprise,Infor-SuiteUser,MingleIONEnabled,HOMEPAGES-User,IDM-User,IDM-RelatedInformationUser,M3UI-USER,MASHUP-User,,,,,,,,,,,,,,,,,,,,,,,,,,,,,,,,,,,,,,,,,,,,,,,,,,,,,,,,,,,,,,,,,,,,,,,,,,,,,,,,,,,,,,,,,,,,,,,,,,,,,,,,,,,,,,,,,,,,,,,,,,,,,,,,,,,,,,,,,,,,,,,,,,,,,,,,,,,,,,,,,,,,,,,,,,,,,,,,
MCLAYDON,martin,claydon,martin.claydon@chcheli.com,,Active,,e0efea07-ab62-45d2-ae8a-28d33f33e77d,martin.claydon@chcheli.com,2026-04-20T07:15:57-07:00,,martin.claydon@chcheli.com,,,,,,,,MCLAYDON,MingleEnterprise,Infor-SuiteUser,MingleIONEnabled,HOMEPAGES-User,IDM-User,IDM-RelatedInformationUser,M3UI-USER,MASHUP-User,,,,,,,,,,,,,,,,,,,,,,,,,,,,,,,,,,,,,,,,,,,,,,,,,,,,,,,,,,,,,,,,,,,,,,,,,,,,,,,,,,,,,,,,,,,,,,,,,,,,,,,,,,,,,,,,,,,,,,,,,,,,,,,,,,,,,,,,,,,,,,,,,,,,,,,,,,,,,,,,,,,,,,,,,,,,,,,,
MCOUTINHO,Maria,Coutinho,Maria.Coutinho@chcheli.com,,Active,,3c81cc51-4acd-4429-980f-6cb27e6f9dea,Maria.Coutinho@chcheli.com,2026-04-20T07:15:57-07:00,,Maria.Coutinho@chcheli.com,,,,,,,,MCOUTINHO,MingleEnterprise,Infor-SuiteUser,MingleIONEnabled,HOMEPAGES-User,IDM-User,IDM-RelatedInformationUser,M3UI-USER,MASHUP-User,,,,,,,,,,,,,,,,,,,,,,,,,,,,,,,,,,,,,,,,,,,,,,,,,,,,,,,,,,,,,,,,,,,,,,,,,,,,,,,,,,,,,,,,,,,,,,,,,,,,,,,,,,,,,,,,,,,,,,,,,,,,,,,,,,,,,,,,,,,,,,,,,,,,,,,,,,,,,,,,,,,,,,,,,,,,,,,,
MCOUTO,Maria,Couto,Maria.Couto@CHCHeli.com,,Active,,702d53b4-92e2-4ab4-8b5c-005cd52fa89e,Maria.Couto@CHCHeli.com,2026-04-20T07:15:57-07:00,,Maria.Couto@CHCHeli.com,,,,,,,,MCOUTO,MingleEnterprise,Infor-SuiteUser,MingleIONEnabled,HOMEPAGES-User,IDM-User,IDM-RelatedInformationUser,M3UI-USER,MASHUP-User,,,,,,,,,,,,,,,,,,,,,,,,,,,,,,,,,,,,,,,,,,,,,,,,,,,,,,,,,,,,,,,,,,,,,,,,,,,,,,,,,,,,,,,,,,,,,,,,,,,,,,,,,,,,,,,,,,,,,,,,,,,,,,,,,,,,,,,,,,,,,,,,,,,,,,,,,,,,,,,,,,,,,,,,,,,,,,,,
MDAGGER,Michael,Dagger,Michael.Dagger@chcheli.com,,Active,,8e30306a-64a3-4b7e-b797-86185537275d,Michael.Dagger@chcheli.com,2026-04-20T07:15:57-07:00,,Michael.Dagger@chcheli.com,,,,,,,,MDAGGER,MingleEnterprise,Infor-SuiteUser,MingleIONEnabled,HOMEPAGES-User,IDM-User,IDM-RelatedInformationUser,M3UI-USER,MASHUP-User,,,,,,,,,,,,,,,,,,,,,,,,,,,,,,,,,,,,,,,,,,,,,,,,,,,,,,,,,,,,,,,,,,,,,,,,,,,,,,,,,,,,,,,,,,,,,,,,,,,,,,,,,,,,,,,,,,,,,,,,,,,,,,,,,,,,,,,,,,,,,,,,,,,,,,,,,,,,,,,,,,,,,,,,,,,,,,,,
MDAYAPER,Mathew,Dayapera,Mathew.Dayapera@chcheli.com,,Active,,3a170273-d853-478a-bb3f-7f78cd233a42,Mathew.Dayapera@chcheli.com,2026-04-20T07:15:57-07:00,,Mathew.Dayapera@chcheli.com,,,,,,,,MDAYAPER,MingleEnterprise,Infor-SuiteUser,MingleIONEnabled,HOMEPAGES-User,IDM-User,IDM-RelatedInformationUser,M3UI-USER,MASHUP-User,,,,,,,,,,,,,,,,,,,,,,,,,,,,,,,,,,,,,,,,,,,,,,,,,,,,,,,,,,,,,,,,,,,,,,,,,,,,,,,,,,,,,,,,,,,,,,,,,,,,,,,,,,,,,,,,,,,,,,,,,,,,,,,,,,,,,,,,,,,,,,,,,,,,,,,,,,,,,,,,,,,,,,,,,,,,,,,,
MDEAN,Melissa,Dean,Melissa.Dean@chcheli.com,,Active,,3bdf797e-fa37-4843-86ef-77bef354ecf9,Melissa.Dean@chcheli.com,2026-04-20T07:15:58-07:00,,Melissa.Dean@chcheli.com,,,,,,,,MDEAN,MingleEnterprise,Infor-SuiteUser,MingleIONEnabled,HOMEPAGES-User,IDM-User,IDM-RelatedInformationUser,M3UI-USER,MASHUP-User,,,,,,,,,,,,,,,,,,,,,,,,,,,,,,,,,,,,,,,,,,,,,,,,,,,,,,,,,,,,,,,,,,,,,,,,,,,,,,,,,,,,,,,,,,,,,,,,,,,,,,,,,,,,,,,,,,,,,,,,,,,,,,,,,,,,,,,,,,,,,,,,,,,,,,,,,,,,,,,,,,,,,,,,,,,,,,,,
MGARRING,Malcolm,Garrington,Malcolm.Garrington@chcheli.com,,Active,,19171b9d-4e34-41a4-9bce-b2d62ece2c1b,Malcolm.Garrington@chcheli.com,2026-04-20T07:15:58-07:00,,Malcolm.Garrington@chcheli.com,,,,,,,,MGARRING,MingleEnterprise,Infor-SuiteUser,MingleIONEnabled,HOMEPAGES-User,IDM-User,IDM-RelatedInformationUser,M3UI-USER,MASHUP-User,,,,,,,,,,,,,,,,,,,,,,,,,,,,,,,,,,,,,,,,,,,,,,,,,,,,,,,,,,,,,,,,,,,,,,,,,,,,,,,,,,,,,,,,,,,,,,,,,,,,,,,,,,,,,,,,,,,,,,,,,,,,,,,,,,,,,,,,,,,,,,,,,,,,,,,,,,,,,,,,,,,,,,,,,,,,,,,,
MGOTTSCH,Mads,Gottschalksen,Mads.Gottschalksen@chcheli.com,,Active,,f9fefc1c-0e76-47d8-b1d3-9a4227d0b5fe,Mads.Gottschalksen@chcheli.com,2026-04-20T07:15:58-07:00,,Mads.Gottschalksen@chcheli.com,,,,,,,,MGOTTSCH,MingleEnterprise,Infor-SuiteUser,MingleIONEnabled,HOMEPAGES-User,IDM-User,IDM-RelatedInformationUser,M3UI-USER,MASHUP-User,,,,,,,,,,,,,,,,,,,,,,,,,,,,,,,,,,,,,,,,,,,,,,,,,,,,,,,,,,,,,,,,,,,,,,,,,,,,,,,,,,,,,,,,,,,,,,,,,,,,,,,,,,,,,,,,,,,,,,,,,,,,,,,,,,,,,,,,,,,,,,,,,,,,,,,,,,,,,,,,,,,,,,,,,,,,,,,,
MHAGEMAN,Mark,Hageman,Mark.Hageman@heli-one.com,,Active,,da36dccc-3779-4de8-b4cd-3cf7e4ec9262,Mark.Hageman@heli-one.com,2026-04-20T07:15:58-07:00,,Mark.Hageman@heli-one.com,,,,,,,,MHAGEMAN,MingleEnterprise,Infor-SuiteUser,MingleIONEnabled,HOMEPAGES-User,IDM-User,IDM-RelatedInformationUser,M3UI-USER,MASHUP-User,,,,,,,,,,,,,,,,,,,,,,,,,,,,,,,,,,,,,,,,,,,,,,,,,,,,,,,,,,,,,,,,,,,,,,,,,,,,,,,,,,,,,,,,,,,,,,,,,,,,,,,,,,,,,,,,,,,,,,,,,,,,,,,,,,,,,,,,,,,,,,,,,,,,,,,,,,,,,,,,,,,,,,,,,,,,,,,,
MISOTO,Miguel,Soto,Miguel.Soto@chcheli.com,,Active,,8fc8914c-859b-40ff-b853-1660ee862b9e,Miguel.Soto@chcheli.com,2026-04-20T07:15:58-07:00,,Miguel.Soto@chcheli.com,,,,,,,,MISOTO,MingleEnterprise,Infor-SuiteUser,MingleIONEnabled,HOMEPAGES-User,IDM-User,IDM-RelatedInformationUser,M3UI-USER,MASHUP-User,,,,,,,,,,,,,,,,,,,,,,,,,,,,,,,,,,,,,,,,,,,,,,,,,,,,,,,,,,,,,,,,,,,,,,,,,,,,,,,,,,,,,,,,,,,,,,,,,,,,,,,,,,,,,,,,,,,,,,,,,,,,,,,,,,,,,,,,,,,,,,,,,,,,,,,,,,,,,,,,,,,,,,,,,,,,,,,,
MJOHANNE,Morten,Johannessen,Morten.Johannessen@chcheli.com,,Active,,213954c6-5bdc-4d93-be21-87579fc12837,Morten.Johannessen@chcheli.com,2026-04-20T07:15:58-07:00,,Morten.Johannessen@chcheli.com,,,,,,,,MJOHANNE,MingleEnterprise,Infor-SuiteUser,MingleIONEnabled,HOMEPAGES-User,IDM-User,IDM-RelatedInformationUser,M3UI-USER,MASHUP-User,,,,,,,,,,,,,,,,,,,,,,,,,,,,,,,,,,,,,,,,,,,,,,,,,,,,,,,,,,,,,,,,,,,,,,,,,,,,,,,,,,,,,,,,,,,,,,,,,,,,,,,,,,,,,,,,,,,,,,,,,,,,,,,,,,,,,,,,,,,,,,,,,,,,,,,,,,,,,,,,,,,,,,,,,,,,,,,,
MJOHANSEN,Marie,Johansen,Marie.Johansen@heli-one.com,,Active,,4c03342d-734d-4125-90d6-29501d89c5c5,Marie.Johansen@heli-one.com,2026-04-20T07:15:59-07:00,,Marie.Johansen@heli-one.com,,,,,,,,MJOHANSEN,MingleEnterprise,Infor-SuiteUser,MingleIONEnabled,HOMEPAGES-User,IDM-User,IDM-RelatedInformationUser,M3UI-USER,MASHUP-User,,,,,,,,,,,,,,,,,,,,,,,,,,,,,,,,,,,,,,,,,,,,,,,,,,,,,,,,,,,,,,,,,,,,,,,,,,,,,,,,,,,,,,,,,,,,,,,,,,,,,,,,,,,,,,,,,,,,,,,,,,,,,,,,,,,,,,,,,,,,,,,,,,,,,,,,,,,,,,,,,,,,,,,,,,,,,,,,
MJOPSON,Micah,Jopson,Micah.Jopson@heli-one.com,,Active,,ebd74afc-249b-4205-a5ff-687614550b96,Micah.Jopson@heli-one.com,2026-04-20T07:15:59-07:00,,Micah.Jopson@heli-one.com,,,,,,,,MJOPSON,MingleEnterprise,Infor-SuiteUser,MingleIONEnabled,HOMEPAGES-User,IDM-User,IDM-RelatedInformationUser,M3UI-USER,MASHUP-User,,,,,,,,,,,,,,,,,,,,,,,,,,,,,,,,,,,,,,,,,,,,,,,,,,,,,,,,,,,,,,,,,,,,,,,,,,,,,,,,,,,,,,,,,,,,,,,,,,,,,,,,,,,,,,,,,,,,,,,,,,,,,,,,,,,,,,,,,,,,,,,,,,,,,,,,,,,,,,,,,,,,,,,,,,,,,,,,
MJUBB,Matthew,Jubb,Matthew.Jubb@chcheli.com,,Active,,b2241928-7293-4b65-bcf5-60bc6d0dc3af,Matthew.Jubb@chcheli.com,2026-04-20T07:15:59-07:00,,Matthew.Jubb@chcheli.com,,,,,,,,MJUBB,MingleEnterprise,Infor-SuiteUser,MingleIONEnabled,HOMEPAGES-User,IDM-User,IDM-RelatedInformationUser,M3UI-USER,MASHUP-User,,,,,,,,,,,,,,,,,,,,,,,,,,,,,,,,,,,,,,,,,,,,,,,,,,,,,,,,,,,,,,,,,,,,,,,,,,,,,,,,,,,,,,,,,,,,,,,,,,,,,,,,,,,,,,,,,,,,,,,,,,,,,,,,,,,,,,,,,,,,,,,,,,,,,,,,,,,,,,,,,,,,,,,,,,,,,,,,
b2c64f88-6028-45ee-8f6b-f49398d27e9d,magdalena,kepa,magdalena.kepa@chcheli.com,,Active,,b2c64f88-6028-45ee-8f6b-f49398d27e9d,magdalena.kepa@chcheli.com,2026-04-20T07:15:59-07:00,,magdalena.kepa@chcheli.com,,,,,,,,MKEPA,MingleEnterprise,Infor-SuiteUser,MingleIONEnabled,HOMEPAGES-User,IDM-User,IDM-RelatedInformationUser,M3UI-USER,MASHUP-User,,,,,,,,,,,,,,,,,,,,,,,,,,,,,,,,,,,,,,,,,,,,,,,,,,,,,,,,,,,,,,,,,,,,,,,,,,,,,,,,,,,,,,,,,,,,,,,,,,,,,,,,,,,,,,,,,,,,,,,,,,,,,,,,,,,,,,,,,,,,,,,,,,,,,,,,,,,,,,,,,,,,,,,,,,,,,,,,
MKOGUT,Marcin,Kogut,Marcin.Kogut@chcheli.com,,Active,,d2717267-4131-4c05-bc0f-dee0f49a3f90,Marcin.Kogut@chcheli.com,2026-04-20T07:15:59-07:00,,Marcin.Kogut@chcheli.com,,,,,,,,MKOGUT,MingleEnterprise,Infor-SuiteUser,MingleIONEnabled,HOMEPAGES-User,IDM-User,IDM-RelatedInformationUser,M3UI-USER,MASHUP-User,,,,,,,,,,,,,,,,,,,,,,,,,,,,,,,,,,,,,,,,,,,,,,,,,,,,,,,,,,,,,,,,,,,,,,,,,,,,,,,,,,,,,,,,,,,,,,,,,,,,,,,,,,,,,,,,,,,,,,,,,,,,,,,,,,,,,,,,,,,,,,,,,,,,,,,,,,,,,,,,,,,,,,,,,,,,,,,,
MLUDWINI,Marcin,Ludwiniak,Marcin.Ludwiniak@heli-one.com,,Active,,b22dc22c-a37b-4c13-a5c8-55a84c9adb25,Marcin.Ludwiniak@heli-one.com,2026-04-20T07:15:59-07:00,,Marcin.Ludwiniak@heli-one.com,,,,,,,,MLUDWINI,MingleEnterprise,Infor-SuiteUser,MingleIONEnabled,HOMEPAGES-User,IDM-User,IDM-RelatedInformationUser,M3UI-USER,MASHUP-User,,,,,,,,,,,,,,,,,,,,,,,,,,,,,,,,,,,,,,,,,,,,,,,,,,,,,,,,,,,,,,,,,,,,,,,,,,,,,,,,,,,,,,,,,,,,,,,,,,,,,,,,,,,,,,,,,,,,,,,,,,,,,,,,,,,,,,,,,,,,,,,,,,,,,,,,,,,,,,,,,,,,,,,,,,,,,,,,
MMAYNE,Matthew,Mayne,Matthew.Mayne@chcheli.com,,Active,,e68a41af-ad3d-4a0b-929e-ae90ed60275a,Matthew.Mayne@chcheli.com,2026-04-20T07:15:59-07:00,,Matthew.Mayne@chcheli.com,,,,,,,,MMAYNE,MingleEnterprise,Infor-SuiteUser,MingleIONEnabled,HOMEPAGES-User,IDM-User,IDM-RelatedInformationUser,M3UI-USER,MASHUP-User,,,,,,,,,,,,,,,,,,,,,,,,,,,,,,,,,,,,,,,,,,,,,,,,,,,,,,,,,,,,,,,,,,,,,,,,,,,,,,,,,,,,,,,,,,,,,,,,,,,,,,,,,,,,,,,,,,,,,,,,,,,,,,,,,,,,,,,,,,,,,,,,,,,,,,,,,,,,,,,,,,,,,,,,,,,,,,,,
5a3865b0-a9d8-44e7-b8da-dc2be672f491,MovexMI@chcheli,,MovexMI@chcheli.com,,Active,,5a3865b0-a9d8-44e7-b8da-dc2be672f491,MovexMI@chcheli.com,2026-04-20T07:16:00-07:00,,MovexMI@chcheli.com,,,,,,,,MOVEXMI,MingleEnterprise,Infor-SuiteUser,MingleIONEnabled,HOMEPAGES-User,IDM-User,IDM-RelatedInformationUser,M3UI-USER,MASHUP-User,,,,,,,,,,,,,,,,,,,,,,,,,,,,,,,,,,,,,,,,,,,,,,,,,,,,,,,,,,,,,,,,,,,,,,,,,,,,,,,,,,,,,,,,,,,,,,,,,,,,,,,,,,,,,,,,,,,,,,,,,,,,,,,,,,,,,,,,,,,,,,,,,,,,,,,,,,,,,,,,,,,,,,,,,,,,,,,,
MPERREN,Mick,Perren,Mick.Perren@chcheli.com,,Active,,b026a012-5989-4494-b075-0ca62ccbef85,Mick.Perren@chcheli.com,2026-04-20T07:16:00-07:00,,Mick.Perren@chcheli.com,,,,,,,,MPERREN,MingleEnterprise,Infor-SuiteUser,MingleIONEnabled,HOMEPAGES-User,IDM-User,IDM-RelatedInformationUser,M3UI-USER,MASHUP-User,,,,,,,,,,,,,,,,,,,,,,,,,,,,,,,,,,,,,,,,,,,,,,,,,,,,,,,,,,,,,,,,,,,,,,,,,,,,,,,,,,,,,,,,,,,,,,,,,,,,,,,,,,,,,,,,,,,,,,,,,,,,,,,,,,,,,,,,,,,,,,,,,,,,,,,,,,,,,,,,,,,,,,,,,,,,,,,,
MPRIESTL,Mark,Priestley,Mark.Priestley@chcheli.com,,Active,,3fab4722-807d-4aad-9ec2-52e8615acfda,Mark.Priestley@chcheli.com,2026-04-20T07:16:00-07:00,,Mark.Priestley@chcheli.com,,,,,,,,MPRIESTL,MingleEnterprise,Infor-SuiteUser,MingleIONEnabled,HOMEPAGES-User,IDM-User,IDM-RelatedInformationUser,M3UI-USER,MASHUP-User,,,,,,,,,,,,,,,,,,,,,,,,,,,,,,,,,,,,,,,,,,,,,,,,,,,,,,,,,,,,,,,,,,,,,,,,,,,,,,,,,,,,,,,,,,,,,,,,,,,,,,,,,,,,,,,,,,,,,,,,,,,,,,,,,,,,,,,,,,,,,,,,,,,,,,,,,,,,,,,,,,,,,,,,,,,,,,,,
MPRIVATTI,Mirtes,Privatti,Mirtes.Privatti@chcheli.com,,Active,,f5386d34-f75a-4677-a0b3-59e6fd00a967,Mirtes.Privatti@chcheli.com,2026-04-20T07:16:00-07:00,,Mirtes.Privatti@chcheli.com,,,,,,,,MPRIVATTI,MingleEnterprise,Infor-SuiteUser,MingleIONEnabled,HOMEPAGES-User,IDM-User,IDM-RelatedInformationUser,M3UI-USER,MASHUP-User,,,,,,,,,,,,,,,,,,,,,,,,,,,,,,,,,,,,,,,,,,,,,,,,,,,,,,,,,,,,,,,,,,,,,,,,,,,,,,,,,,,,,,,,,,,,,,,,,,,,,,,,,,,,,,,,,,,,,,,,,,,,,,,,,,,,,,,,,,,,,,,,,,,,,,,,,,,,,,,,,,,,,,,,,,,,,,,,
MQUIRKE,Michael,Quirke,Michael.Quirke@chcheli.com,,Active,,e953e069-7908-4202-b930-e90c07cfb435,Michael.Quirke@chcheli.com,2026-04-20T07:16:00-07:00,,Michael.Quirke@chcheli.com,,,,,,,,MQUIRKE,MingleEnterprise,Infor-SuiteUser,MingleIONEnabled,HOMEPAGES-User,IDM-User,IDM-RelatedInformationUser,M3UI-USER,MASHUP-User,,,,,,,,,,,,,,,,,,,,,,,,,,,,,,,,,,,,,,,,,,,,,,,,,,,,,,,,,,,,,,,,,,,,,,,,,,,,,,,,,,,,,,,,,,,,,,,,,,,,,,,,,,,,,,,,,,,,,,,,,,,,,,,,,,,,,,,,,,,,,,,,,,,,,,,,,,,,,,,,,,,,,,,,,,,,,,,,
da4aa08d-5d01-4734-9190-79e330ad2ae7,Mark,Sansalian,Mark.Sansalian@chcheli.com,,Active,,da4aa08d-5d01-4734-9190-79e330ad2ae7,Mark.Sansalian@chcheli.com,2026-04-20T07:16:00-07:00,,Mark.Sansalian@chcheli.com,,,,,,,,MSANSALI,MingleEnterprise,Infor-SuiteUser,MingleIONEnabled,HOMEPAGES-User,IDM-User,IDM-RelatedInformationUser,M3UI-USER,MASHUP-User,SRAPS111CLRW,,,,,,,,,,,,,,,,,,,,,,,,,,,,,,,,,,,,,,,,,,,,,,,,,,,,,,,,,,,,,,,,,,,,,,,,,,,,,,,,,,,,,,,,,,,,,,,,,,,,,,,,,,,,,,,,,,,,,,,,,,,,,,,,,,,,,,,,,,,,,,,,,,,,,,,,,,,,,,,,,,,,,,,,,,,,,,,
NALVARES,Nirmal,Alvares,Nirmal.Alvares@chcheli.com,,Active,,35eba4c4-8b9c-449c-958b-7a736e226df2,Nirmal.Alvares@chcheli.com,2026-04-20T07:16:00-07:00,,Nirmal.Alvares@chcheli.com,,,,,,,,NALVARES,MingleEnterprise,Infor-SuiteUser,MingleIONEnabled,HOMEPAGES-User,IDM-User,IDM-RelatedInformationUser,M3UI-USER,MASHUP-User,,,,,,,,,,,,,,,,,,,,,,,,,,,,,,,,,,,,,,,,,,,,,,,,,,,,,,,,,,,,,,,,,,,,,,,,,,,,,,,,,,,,,,,,,,,,,,,,,,,,,,,,,,,,,,,,,,,,,,,,,,,,,,,,,,,,,,,,,,,,,,,,,,,,,,,,,,,,,,,,,,,,,,,,,,,,,,,,
7573084a-16a2-4b40-b0dc-09148fb61b06,Nataraj,Badrinarayana,Nataraj.Badrinarayana@chcheli.com,,Active,,7573084a-16a2-4b40-b0dc-09148fb61b06,Nataraj.Badrinarayana@chcheli.com,2026-04-20T07:16:01-07:00,,Nataraj.Badrinarayana@chcheli.com,,,,,,,,NBADRINA,MingleEnterprise,Infor-SuiteUser,MingleIONEnabled,HOMEPAGES-User,IDM-User,IDM-RelatedInformationUser,M3UI-USER,MASHUP-User,,,,,,,,,,,,,,,,,,,,,,,,,,,,,,,,,,,,,,,,,,,,,,,,,,,,,,,,,,,,,,,,,,,,,,,,,,,,,,,,,,,,,,,,,,,,,,,,,,,,,,,,,,,,,,,,,,,,,,,,,,,,,,,,,,,,,,,,,,,,,,,,,,,,,,,,,,,,,,,,,,,,,,,,,,,,,,,,
NBONIFACIO,Nenita,Bonifacio,Nenita.Bonifacio@heli-one.com,,Active,,2cb8e910-0684-48e3-9c69-d25e6bb7b6b1,Nenita.Bonifacio@heli-one.com,2026-04-20T07:16:01-07:00,,Nenita.Bonifacio@heli-one.com,,,,,,,,NBONIFACIO,MingleEnterprise,Infor-SuiteUser,MingleIONEnabled,HOMEPAGES-User,IDM-User,IDM-RelatedInformationUser,M3UI-USER,MASHUP-User,,,,,,,,,,,,,,,,,,,,,,,,,,,,,,,,,,,,,,,,,,,,,,,,,,,,,,,,,,,,,,,,,,,,,,,,,,,,,,,,,,,,,,,,,,,,,,,,,,,,,,,,,,,,,,,,,,,,,,,,,,,,,,,,,,,,,,,,,,,,,,,,,,,,,,,,,,,,,,,,,,,,,,,,,,,,,,,,
NGILCHRI,Neil,Gilchrist,Neil.Gilchrist@CHCHeli.com,,Active,,19f83fd7-facd-4d97-bbde-1cc611722539,Neil.Gilchrist@CHCHeli.com,2026-04-20T07:16:01-07:00,,Neil.Gilchrist@CHCHeli.com,,,,,,,,NGILCHRI,MingleEnterprise,Infor-SuiteUser,MingleIONEnabled,HOMEPAGES-User,IDM-User,IDM-RelatedInformationUser,M3UI-USER,MASHUP-User,,,,,,,,,,,,,,,,,,,,,,,,,,,,,,,,,,,,,,,,,,,,,,,,,,,,,,,,,,,,,,,,,,,,,,,,,,,,,,,,,,,,,,,,,,,,,,,,,,,,,,,,,,,,,,,,,,,,,,,,,,,,,,,,,,,,,,,,,,,,,,,,,,,,,,,,,,,,,,,,,,,,,,,,,,,,,,,,
NKATHE,nikhil,kathe,nikhil.kathe@chcheli.com,,Active,,005df3e4-ce92-4c3b-9bf6-8d1b6ece955e,nikhil.kathe@chcheli.com,2026-04-20T07:16:01-07:00,2026-06-15T06:53:03-07:00,nikhil.kathe@chcheli.com,,,,,,,,NKATHE,MingleEnterprise,Infor-SuiteUser,MingleIONEnabled,HOMEPAGES-User,IDM-User,IDM-RelatedInformationUser,M3UI-USER,MASHUP-User,,,,,,,,,,,,,,,,,,,,,,,,,,,,,,,,,,,,,,,,,,,,,,,,,,,,,,,,,,,,,,,,,,,,,,,,,,,,,,,,,,,,,,,,,,,,,,,,,,,,,,,,,,,,,,,,,,,,,,,,,,,,,,,,,,,,,,,,,,,,,,,,,,,,,,,,,,,,,,,,,,,,,,,,,,,,,,,,
NKOLNES,Nils-Rune,Kolnes,Nils-Rune.Kolnes@chcheli.com,,Active,,65eccbaf-c3aa-4868-8a78-3799f717309f,Nils-Rune.Kolnes@chcheli.com,2026-04-20T07:16:01-07:00,,Nils-Rune.Kolnes@chcheli.com,,,,,,,,NKOLNES,MingleEnterprise,Infor-SuiteUser,MingleIONEnabled,HOMEPAGES-User,IDM-User,IDM-RelatedInformationUser,M3UI-USER,MASHUP-User,,,,,,,,,,,,,,,,,,,,,,,,,,,,,,,,,,,,,,,,,,,,,,,,,,,,,,,,,,,,,,,,,,,,,,,,,,,,,,,,,,,,,,,,,,,,,,,,,,,,,,,,,,,,,,,,,,,,,,,,,,,,,,,,,,,,,,,,,,,,,,,,,,,,,,,,,,,,,,,,,,,,,,,,,,,,,,,,
NRACIC,Nik,Racic,Nik.Racic@heli-one.com,,Active,,60a20c5f-83ed-48b7-9b25-4227f210b653,Nik.Racic@heli-one.com,2026-04-20T07:16:01-07:00,,Nik.Racic@heli-one.com,,,,,,,,NRACIC,MingleEnterprise,Infor-SuiteUser,MingleIONEnabled,HOMEPAGES-User,IDM-User,IDM-RelatedInformationUser,M3UI-USER,MASHUP-User,,,,,,,,,,,,,,,,,,,,,,,,,,,,,,,,,,,,,,,,,,,,,,,,,,,,,,,,,,,,,,,,,,,,,,,,,,,,,,,,,,,,,,,,,,,,,,,,,,,,,,,,,,,,,,,,,,,,,,,,,,,,,,,,,,,,,,,,,,,,,,,,,,,,,,,,,,,,,,,,,,,,,,,,,,,,,,,,
NROSS,nicholas,ross,nicholas.ross@chcheli.com,,Active,,8bb16746-0e27-4337-88f2-9b7f616ad8a7,nicholas.ross@chcheli.com,2026-04-20T07:16:02-07:00,,nicholas.ross@chcheli.com,,,,,,,,NROSS,MingleEnterprise,Infor-SuiteUser,MingleIONEnabled,HOMEPAGES-User,IDM-User,IDM-RelatedInformationUser,M3UI-USER,MASHUP-User,,,,,,,,,,,,,,,,,,,,,,,,,,,,,,,,,,,,,,,,,,,,,,,,,,,,,,,,,,,,,,,,,,,,,,,,,,,,,,,,,,,,,,,,,,,,,,,,,,,,,,,,,,,,,,,,,,,,,,,,,,,,,,,,,,,,,,,,,,,,,,,,,,,,,,,,,,,,,,,,,,,,,,,,,,,,,,,,
NVROON,Niels,Van.Roon,Niels.Van.Roon@chcheli.com,,Active,,d99233a0-844b-42e0-bdf4-b0675ddad4d7,Niels.Van.Roon@chcheli.com,2026-04-20T07:16:02-07:00,,Niels.Van.Roon@chcheli.com,,,,,,,,NVROON,MingleEnterprise,Infor-SuiteUser,MingleIONEnabled,HOMEPAGES-User,IDM-User,IDM-RelatedInformationUser,M3UI-USER,MASHUP-User,,,,,,,,,,,,,,,,,,,,,,,,,,,,,,,,,,,,,,,,,,,,,,,,,,,,,,,,,,,,,,,,,,,,,,,,,,,,,,,,,,,,,,,,,,,,,,,,,,,,,,,,,,,,,,,,,,,,,,,,,,,,,,,,,,,,,,,,,,,,,,,,,,,,,,,,,,,,,,,,,,,,,,,,,,,,,,,,
NWIATER,Natalia,Wiater,Natalia.Wiater@heli-one.com,,Active,,f6d97c87-64db-44a7-b06e-ff94596d89b3,Natalia.Wiater@heli-one.com,2026-04-20T07:16:02-07:00,,Natalia.Wiater@heli-one.com,,,,,,,,NWIATER,MingleEnterprise,Infor-SuiteUser,MingleIONEnabled,HOMEPAGES-User,IDM-User,IDM-RelatedInformationUser,M3UI-USER,MASHUP-User,,,,,,,,,,,,,,,,,,,,,,,,,,,,,,,,,,,,,,,,,,,,,,,,,,,,,,,,,,,,,,,,,,,,,,,,,,,,,,,,,,,,,,,,,,,,,,,,,,,,,,,,,,,,,,,,,,,,,,,,,,,,,,,,,,,,,,,,,,,,,,,,,,,,,,,,,,,,,,,,,,,,,,,,,,,,,,,,
ODANGMAL,Omkar,Dangmal,Omkar.Dangmal@chcheli.com,,Active,,f6097836-5a4d-4b25-9169-f24c0e567019,Omkar.Dangmal@chcheli.com,2026-04-20T07:16:02-07:00,2026-06-10T01:49:36-07:00,Omkar.Dangmal@chcheli.com,,,,,,,,ODANGMAL,MingleEnterprise,Infor-SuiteUser,MingleIONEnabled,HOMEPAGES-User,IDM-User,IDM-RelatedInformationUser,M3UI-USER,MASHUP-User,,,,,,,,,,,,,,,,,,,,,,,,,,,,,,,,,,,,,,,,,,,,,,,,,,,,,,,,,,,,,,,,,,,,,,,,,,,,,,,,,,,,,,,,,,,,,,,,,,,,,,,,,,,,,,,,,,,,,,,,,,,,,,,,,,,,,,,,,,,,,,,,,,,,,,,,,,,,,,,,,,,,,,,,,,,,,,,,
OGRABI,Olav,Grabi,Olav.Grabi@heli-one.com,,Active,,5435f0e5-bb56-480b-8770-b75afb4a2370,Olav.Grabi@heli-one.com,2026-04-20T07:16:02-07:00,,Olav.Grabi@heli-one.com,,,,,,,,OGRABI,MingleEnterprise,Infor-SuiteUser,MingleIONEnabled,HOMEPAGES-User,IDM-User,IDM-RelatedInformationUser,M3UI-USER,MASHUP-User,,,,,,,,,,,,,,,,,,,,,,,,,,,,,,,,,,,,,,,,,,,,,,,,,,,,,,,,,,,,,,,,,,,,,,,,,,,,,,,,,,,,,,,,,,,,,,,,,,,,,,,,,,,,,,,,,,,,,,,,,,,,,,,,,,,,,,,,,,,,,,,,,,,,,,,,,,,,,,,,,,,,,,,,,,,,,,,,
OMAGBANUA,Oliver,Magbanua,Oliver.Magbanua@heli-one.com,,Active,,69505df4-ddc9-46df-922b-2a881b5404cf,Oliver.Magbanua@heli-one.com,2026-04-20T07:16:02-07:00,,Oliver.Magbanua@heli-one.com,,,,,,,,OMAGBANUA,MingleEnterprise,Infor-SuiteUser,MingleIONEnabled,HOMEPAGES-User,IDM-User,IDM-RelatedInformationUser,M3UI-USER,MASHUP-User,,,,,,,,,,,,,,,,,,,,,,,,,,,,,,,,,,,,,,,,,,,,,,,,,,,,,,,,,,,,,,,,,,,,,,,,,,,,,,,,,,,,,,,,,,,,,,,,,,,,,,,,,,,,,,,,,,,,,,,,,,,,,,,,,,,,,,,,,,,,,,,,,,,,,,,,,,,,,,,,,,,,,,,,,,,,,,,,
5d157a90-40bf-4e99-ad9a-e2e78671018c,Omkar,Mulik,Omkar.Mulik@chcheli.com,,Active,,5d157a90-40bf-4e99-ad9a-e2e78671018c,Omkar.Mulik@chcheli.com,2026-04-20T07:16:02-07:00,,Omkar.Mulik@chcheli.com,,,,,,,,OMULIK,MingleEnterprise,Infor-SuiteUser,MingleIONEnabled,HOMEPAGES-User,IDM-User,IDM-RelatedInformationUser,M3UI-USER,MASHUP-User,,,,,,,,,,,,,,,,,,,,,,,,,,,,,,,,,,,,,,,,,,,,,,,,,,,,,,,,,,,,,,,,,,,,,,,,,,,,,,,,,,,,,,,,,,,,,,,,,,,,,,,,,,,,,,,,,,,,,,,,,,,,,,,,,,,,,,,,,,,,,,,,,,,,,,,,,,,,,,,,,,,,,,,,,,,,,,,,
OOKUESO,Tosin,Okueso,tosin.okueso@chcheli.com,Senior Analyst-External Reporting,Active,,f310c43a-2238-44cd-98b1-ff91a121d616,tosin.okueso@chcheli.com,2026-04-20T07:16:03-07:00,2026-04-20T12:23:34-07:00,tosin.okueso@chcheli.com,,,,,,,,OOKUESO,MingleEnterprise,Infor-SuiteUser,MingleIONEnabled,HOMEPAGES-User,IDM-User,IDM-RelatedInformationUser,M3UI-USER,MASHUP-User,,,,,,,,,,,,,,,,,,,,,,,,,,,,,,,,,,,,,,,,,,,,,,,,,,,,,,,,,,,,,,,,,,,,,,,,,,,,,,,,,,,,,,,,,,,,,,,,,,,,,,,,,,,,,,,,,,,,,,,,,,,,,,,,,,,,,,,,,,,,,,,,,,,,,,,,,,,,,,,,,,,,,,,,,,,,,,,,
OOSTEBO,Orjan,Ostebo,Orjan.Ostebo@heli-one.com,,Active,,197ad26b-4a60-4e98-a024-268fde8b168f,Orjan.Ostebo@heli-one.com,2026-04-20T07:16:03-07:00,,Orjan.Ostebo@heli-one.com,,,,,,,,OOSTEBO,MingleEnterprise,Infor-SuiteUser,MingleIONEnabled,HOMEPAGES-User,IDM-User,IDM-RelatedInformationUser,M3UI-USER,MASHUP-User,,,,,,,,,,,,,,,,,,,,,,,,,,,,,,,,,,,,,,,,,,,,,,,,,,,,,,,,,,,,,,,,,,,,,,,,,,,,,,,,,,,,,,,,,,,,,,,,,,,,,,,,,,,,,,,,,,,,,,,,,,,,,,,,,,,,,,,,,,,,,,,,,,,,,,,,,,,,,,,,,,,,,,,,,,,,,,,,
ORJUNIOR,Orlando,Junior,Orlando.Junior@chcheli.com,,Active,,00b88796-2430-406e-a0ca-ff53ddb11435,Orlando.Junior@chcheli.com,2026-04-20T07:16:03-07:00,,Orlando.Junior@chcheli.com,,,,,,,,ORJUNIOR,MingleEnterprise,Infor-SuiteUser,MingleIONEnabled,HOMEPAGES-User,IDM-User,IDM-RelatedInformationUser,M3UI-USER,MASHUP-User,,,,,,,,,,,,,,,,,,,,,,,,,,,,,,,,,,,,,,,,,,,,,,,,,,,,,,,,,,,,,,,,,,,,,,,,,,,,,,,,,,,,,,,,,,,,,,,,,,,,,,,,,,,,,,,,,,,,,,,,,,,,,,,,,,,,,,,,,,,,,,,,,,,,,,,,,,,,,,,,,,,,,,,,,,,,,,,,
PDENTON,Phil,Denton,Phil.Denton@heli-one.com,,Active,,38579f1c-65bc-4df8-925c-753e0b6c7103,Phil.Denton@heli-one.com,2026-04-20T07:16:03-07:00,,Phil.Denton@heli-one.com,,,,,,,,PDENTON,MingleEnterprise,Infor-SuiteUser,MingleIONEnabled,HOMEPAGES-User,IDM-User,IDM-RelatedInformationUser,M3UI-USER,MASHUP-User,,,,,,,,,,,,,,,,,,,,,,,,,,,,,,,,,,,,,,,,,,,,,,,,,,,,,,,,,,,,,,,,,,,,,,,,,,,,,,,,,,,,,,,,,,,,,,,,,,,,,,,,,,,,,,,,,,,,,,,,,,,,,,,,,,,,,,,,,,,,,,,,,,,,,,,,,,,,,,,,,,,,,,,,,,,,,,,,
PKHONGPAN,Pey-Wen,Khong-Pan,Pey-Wen.Khong-Pan@chcheli.com,,Active,,ef9b00c4-9cd5-459b-bba9-c71e8fe06ce7,Pey-Wen.Khong-Pan@chcheli.com,2026-04-20T07:16:03-07:00,2026-05-08T09:40:29-07:00,Pey-Wen.Khong-Pan@chcheli.com,,,,,,,,PKHONGPAN,MingleEnterprise,Infor-SuiteUser,MingleIONEnabled,HOMEPAGES-User,IDM-User,IDM-RelatedInformationUser,M3UI-USER,MASHUP-User,,,,,,,,,,,,,,,,,,,,,,,,,,,,,,,,,,,,,,,,,,,,,,,,,,,,,,,,,,,,,,,,,,,,,,,,,,,,,,,,,,,,,,,,,,,,,,,,,,,,,,,,,,,,,,,,,,,,,,,,,,,,,,,,,,,,,,,,,,,,,,,,,,,,,,,,,,,,,,,,,,,,,,,,,,,,,,,,
PLESLIE,Paula,Leslie,Paula.Leslie@chcheli.com,,Active,,fa334303-a374-4095-9a94-d50ef4605da4,Paula.Leslie@chcheli.com,2026-04-20T07:16:03-07:00,,Paula.Leslie@chcheli.com,,,,,,,,PLESLIE,MingleEnterprise,Infor-SuiteUser,MingleIONEnabled,HOMEPAGES-User,IDM-User,IDM-RelatedInformationUser,M3UI-USER,MASHUP-User,,,,,,,,,,,,,,,,,,,,,,,,,,,,,,,,,,,,,,,,,,,,,,,,,,,,,,,,,,,,,,,,,,,,,,,,,,,,,,,,,,,,,,,,,,,,,,,,,,,,,,,,,,,,,,,,,,,,,,,,,,,,,,,,,,,,,,,,,,,,,,,,,,,,,,,,,,,,,,,,,,,,,,,,,,,,,,,,
PLINGEN,patricia,lingen,patricia.lingen@chcheli.com,,Active,,278cdd86-b960-4ee8-a38e-43ede19269be,patricia.lingen@chcheli.com,2026-04-20T07:16:04-07:00,,patricia.lingen@chcheli.com,,,,,,,,PLINGEN,MingleEnterprise,Infor-SuiteUser,MingleIONEnabled,HOMEPAGES-User,IDM-User,IDM-RelatedInformationUser,M3UI-USER,MASHUP-User,,,,,,,,,,,,,,,,,,,,,,,,,,,,,,,,,,,,,,,,,,,,,,,,,,,,,,,,,,,,,,,,,,,,,,,,,,,,,,,,,,,,,,,,,,,,,,,,,,,,,,,,,,,,,,,,,,,,,,,,,,,,,,,,,,,,,,,,,,,,,,,,,,,,,,,,,,,,,,,,,,,,,,,,,,,,,,,,
PMIRANDA,paula,miranda,paula.miranda@chcheli.com,,Active,,335ccd46-c696-484e-aa15-bcd19a29682f,paula.miranda@chcheli.com,2026-04-20T07:16:04-07:00,,paula.miranda@chcheli.com,,,,,,,,PMIRANDA,MingleEnterprise,Infor-SuiteUser,MingleIONEnabled,HOMEPAGES-User,IDM-User,IDM-RelatedInformationUser,M3UI-USER,MASHUP-User,,,,,,,,,,,,,,,,,,,,,,,,,,,,,,,,,,,,,,,,,,,,,,,,,,,,,,,,,,,,,,,,,,,,,,,,,,,,,,,,,,,,,,,,,,,,,,,,,,,,,,,,,,,,,,,,,,,,,,,,,,,,,,,,,,,,,,,,,,,,,,,,,,,,,,,,,,,,,,,,,,,,,,,,,,,,,,,,
PPRESSLI,Paul,Presslie,Paul.Presslie@chcheli.com,,Active,,d9625d38-4070-404c-9638-9e771b5cafb3,Paul.Presslie@chcheli.com,2026-04-20T07:16:04-07:00,,Paul.Presslie@chcheli.com,,,,,,,,PPRESSLI,MingleEnterprise,Infor-SuiteUser,MingleIONEnabled,HOMEPAGES-User,IDM-User,IDM-RelatedInformationUser,M3UI-USER,MASHUP-User,,,,,,,,,,,,,,,,,,,,,,,,,,,,,,,,,,,,,,,,,,,,,,,,,,,,,,,,,,,,,,,,,,,,,,,,,,,,,,,,,,,,,,,,,,,,,,,,,,,,,,,,,,,,,,,,,,,,,,,,,,,,,,,,,,,,,,,,,,,,,,,,,,,,,,,,,,,,,,,,,,,,,,,,,,,,,,,,
PRISA,Per-Ole,Risa,Per-Ole.Risa@heli-one.com,,Active,,6e5c4a76-db95-40a0-b935-a1461cf0e0dc,Per-Ole.Risa@heli-one.com,2026-04-20T07:16:04-07:00,,Per-Ole.Risa@heli-one.com,,,,,,,,PRISA,MingleEnterprise,Infor-SuiteUser,MingleIONEnabled,HOMEPAGES-User,IDM-User,IDM-RelatedInformationUser,M3UI-USER,MASHUP-User,,,,,,,,,,,,,,,,,,,,,,,,,,,,,,,,,,,,,,,,,,,,,,,,,,,,,,,,,,,,,,,,,,,,,,,,,,,,,,,,,,,,,,,,,,,,,,,,,,,,,,,,,,,,,,,,,,,,,,,,,,,,,,,,,,,,,,,,,,,,,,,,,,,,,,,,,,,,,,,,,,,,,,,,,,,,,,,,
PSMITHERAM,Perry,Smitheram,Perry.Smitheram@chcheli.com,Leasing Manager,Active,,6ee452d8-e3dd-4a26-804a-a8bf3612fa86,Perry.Smitheram@chcheli.com,2026-04-20T07:16:04-07:00,2026-04-22T16:44:52-07:00,Perry.Smitheram@chcheli.com,,,,,,,,PSMITHERAM,MingleEnterprise,Infor-SuiteUser,MingleIONEnabled,HOMEPAGES-User,IDM-User,IDM-RelatedInformationUser,M3UI-USER,MASHUP-User,,,,,,,,,,,,,,,,,,,,,,,,,,,,,,,,,,,,,,,,,,,,,,,,,,,,,,,,,,,,,,,,,,,,,,,,,,,,,,,,,,,,,,,,,,,,,,,,,,,,,,,,,,,,,,,,,,,,,,,,,,,,,,,,,,,,,,,,,,,,,,,,,,,,,,,,,,,,,,,,,,,,,,,,,,,,,,,,
PVATTOY,Per,Stale.Vattoy,Per.Stale.Vattoy@chcheli.com,,Active,,f645ed5c-efa1-43f2-b3c4-dd69c11f0b69,Per.Stale.Vattoy@chcheli.com,2026-04-20T07:16:04-07:00,,Per.Stale.Vattoy@chcheli.com,,,,,,,,PVATTOY,MingleEnterprise,Infor-SuiteUser,MingleIONEnabled,HOMEPAGES-User,IDM-User,IDM-RelatedInformationUser,M3UI-USER,MASHUP-User,,,,,,,,,,,,,,,,,,,,,,,,,,,,,,,,,,,,,,,,,,,,,,,,,,,,,,,,,,,,,,,,,,,,,,,,,,,,,,,,,,,,,,,,,,,,,,,,,,,,,,,,,,,,,,,,,,,,,,,,,,,,,,,,,,,,,,,,,,,,,,,,,,,,,,,,,,,,,,,,,,,,,,,,,,,,,,,,
QHERGAAR,Quinten,hergaarden,Quinten.hergaarden@chcheli.com,,Active,,6b03f5ba-7e04-4a61-b998-c058cbbde299,Quinten.hergaarden@chcheli.com,2026-04-20T07:16:04-07:00,,Quinten.hergaarden@chcheli.com,,,,,,,,QHERGAAR,MingleEnterprise,Infor-SuiteUser,MingleIONEnabled,HOMEPAGES-User,IDM-User,IDM-RelatedInformationUser,M3UI-USER,MASHUP-User,,,,,,,,,,,,,,,,,,,,,,,,,,,,,,,,,,,,,,,,,,,,,,,,,,,,,,,,,,,,,,,,,,,,,,,,,,,,,,,,,,,,,,,,,,,,,,,,,,,,,,,,,,,,,,,,,,,,,,,,,,,,,,,,,,,,,,,,,,,,,,,,,,,,,,,,,,,,,,,,,,,,,,,,,,,,,,,,
RADAMS,Robbie,Adams,Robbie.Adams@chcheli.com,,Active,,7d4828ba-c3ce-4963-bc39-a19baec75f05,Robbie.Adams@chcheli.com,2026-04-20T07:16:05-07:00,,Robbie.Adams@chcheli.com,,,,,,,,RADAMS,MingleEnterprise,Infor-SuiteUser,MingleIONEnabled,HOMEPAGES-User,IDM-User,IDM-RelatedInformationUser,M3UI-USER,MASHUP-User,,,,,,,,,,,,,,,,,,,,,,,,,,,,,,,,,,,,,,,,,,,,,,,,,,,,,,,,,,,,,,,,,,,,,,,,,,,,,,,,,,,,,,,,,,,,,,,,,,,,,,,,,,,,,,,,,,,,,,,,,,,,,,,,,,,,,,,,,,,,,,,,,,,,,,,,,,,,,,,,,,,,,,,,,,,,,,,,
a8335128-eaa1-401e-824e-4eda13910e2b,Raj,Kumar,Raj.Kumar@chcheli.com,,Active,,a8335128-eaa1-401e-824e-4eda13910e2b,Raj.Kumar@chcheli.com,2026-04-20T07:16:05-07:00,,Raj.Kumar@chcheli.com,,,,,,,,RAJKUMAR,MingleEnterprise,Infor-SuiteUser,MingleIONEnabled,HOMEPAGES-User,IDM-User,IDM-RelatedInformationUser,M3UI-USER,MASHUP-User,SRAPS111CLRW,,,,,,,,,,,,,,,,,,,,,,,,,,,,,,,,,,,,,,,,,,,,,,,,,,,,,,,,,,,,,,,,,,,,,,,,,,,,,,,,,,,,,,,,,,,,,,,,,,,,,,,,,,,,,,,,,,,,,,,,,,,,,,,,,,,,,,,,,,,,,,,,,,,,,,,,,,,,,,,,,,,,,,,,,,,,,,,
2f6dbbd8-5865-449b-95c2-b56c8d680d12,Rakshita,Padad,Rakshita.Padad@chcheli.com,,Active,,2f6dbbd8-5865-449b-95c2-b56c8d680d12,Rakshita.Padad@chcheli.com,2026-04-20T07:16:05-07:00,,Rakshita.Padad@chcheli.com,,,,,,,,RAKPADAD,MingleEnterprise,Infor-SuiteUser,MingleIONEnabled,HOMEPAGES-User,IDM-User,IDM-RelatedInformationUser,M3UI-USER,MASHUP-User,,,,,,,,,,,,,,,,,,,,,,,,,,,,,,,,,,,,,,,,,,,,,,,,,,,,,,,,,,,,,,,,,,,,,,,,,,,,,,,,,,,,,,,,,,,,,,,,,,,,,,,,,,,,,,,,,,,,,,,,,,,,,,,,,,,,,,,,,,,,,,,,,,,,,,,,,,,,,,,,,,,,,,,,,,,,,,,,
f3e9121b-d62c-49c7-8009-a8f2aacda2f0,Rasna,Bedi,Rasna.Bedi@chcheli.com,,Active,,f3e9121b-d62c-49c7-8009-a8f2aacda2f0,Rasna.Bedi@chcheli.com,2026-04-20T07:16:05-07:00,,Rasna.Bedi@chcheli.com,,,,,,,,RBEDI,MingleEnterprise,Infor-SuiteUser,MingleIONEnabled,HOMEPAGES-User,IDM-User,IDM-RelatedInformationUser,M3UI-USER,MASHUP-User,,,,,,,,,,,,,,,,,,,,,,,,,,,,,,,,,,,,,,,,,,,,,,,,,,,,,,,,,,,,,,,,,,,,,,,,,,,,,,,,,,,,,,,,,,,,,,,,,,,,,,,,,,,,,,,,,,,,,,,,,,,,,,,,,,,,,,,,,,,,,,,,,,,,,,,,,,,,,,,,,,,,,,,,,,,,,,,,
RCARAGOUNI,Rosanna,Caragounis,Rosanna.Caragounis@heli-one.com,,Active,,01d39476-5cb8-4f09-b513-25c05dbd9da2,Rosanna.Caragounis@heli-one.com,2026-04-20T07:16:05-07:00,,Rosanna.Caragounis@heli-one.com,,,,,,,,RCARAGOUNI,MingleEnterprise,Infor-SuiteUser,MingleIONEnabled,HOMEPAGES-User,IDM-User,IDM-RelatedInformationUser,M3UI-USER,MASHUP-User,,,,,,,,,,,,,,,,,,,,,,,,,,,,,,,,,,,,,,,,,,,,,,,,,,,,,,,,,,,,,,,,,,,,,,,,,,,,,,,,,,,,,,,,,,,,,,,,,,,,,,,,,,,,,,,,,,,,,,,,,,,,,,,,,,,,,,,,,,,,,,,,,,,,,,,,,,,,,,,,,,,,,,,,,,,,,,,,
3ba595c1-00c1-4745-8683-3160ff4de771,Rohit,Channa,Rohit.Channa@chcheli.com,,Active,,3ba595c1-00c1-4745-8683-3160ff4de771,Rohit.Channa@chcheli.com,2026-04-20T07:16:05-07:00,,Rohit.Channa@chcheli.com,,,,,,,,RCHANNA,MingleEnterprise,Infor-SuiteUser,MingleIONEnabled,HOMEPAGES-User,IDM-User,IDM-RelatedInformationUser,M3UI-USER,MASHUP-User,,,,,,,,,,,,,,,,,,,,,,,,,,,,,,,,,,,,,,,,,,,,,,,,,,,,,,,,,,,,,,,,,,,,,,,,,,,,,,,,,,,,,,,,,,,,,,,,,,,,,,,,,,,,,,,,,,,,,,,,,,,,,,,,,,,,,,,,,,,,,,,,,,,,,,,,,,,,,,,,,,,,,,,,,,,,,,,,
RDESAY,Richard,Desay,Richard.Desay@chcheli.com,,Active,,0a0d5866-d644-4521-bb04-add32fe214f6,Richard.Desay@chcheli.com,2026-04-20T07:16:05-07:00,,Richard.Desay@chcheli.com,,,,,,,,RDESAY,MingleEnterprise,Infor-SuiteUser,MingleIONEnabled,HOMEPAGES-User,IDM-User,IDM-RelatedInformationUser,M3UI-USER,MASHUP-User,,,,,,,,,,,,,,,,,,,,,,,,,,,,,,,,,,,,,,,,,,,,,,,,,,,,,,,,,,,,,,,,,,,,,,,,,,,,,,,,,,,,,,,,,,,,,,,,,,,,,,,,,,,,,,,,,,,,,,,,,,,,,,,,,,,,,,,,,,,,,,,,,,,,,,,,,,,,,,,,,,,,,,,,,,,,,,,,
RDOCOUTO,Robson,doCouto,Robson.doCouto@CHCHeli.com,,Active,,00e7339b-73b0-4dad-9648-719bff232a6b,Robson.doCouto@CHCHeli.com,2026-04-20T07:16:06-07:00,,Robson.doCouto@CHCHeli.com,,,,,,,,RDOCOUTO,MingleEnterprise,Infor-SuiteUser,MingleIONEnabled,HOMEPAGES-User,IDM-User,IDM-RelatedInformationUser,M3UI-USER,MASHUP-User,,,,,,,,,,,,,,,,,,,,,,,,,,,,,,,,,,,,,,,,,,,,,,,,,,,,,,,,,,,,,,,,,,,,,,,,,,,,,,,,,,,,,,,,,,,,,,,,,,,,,,,,,,,,,,,,,,,,,,,,,,,,,,,,,,,,,,,,,,,,,,,,,,,,,,,,,,,,,,,,,,,,,,,,,,,,,,,,
56727754-8395-487d-b877-1bfd5b302da7,Rebecca,Eaton,Rebecca.Eaton@heli-one.com,,Active,,56727754-8395-487d-b877-1bfd5b302da7,Rebecca.Eaton@heli-one.com,2026-04-20T07:16:06-07:00,,Rebecca.Eaton@heli-one.com,,,,,,,,REATON,MingleEnterprise,Infor-SuiteUser,MingleIONEnabled,HOMEPAGES-User,IDM-User,IDM-RelatedInformationUser,M3UI-USER,MASHUP-User,,,,,,,,,,,,,,,,,,,,,,,,,,,,,,,,,,,,,,,,,,,,,,,,,,,,,,,,,,,,,,,,,,,,,,,,,,,,,,,,,,,,,,,,,,,,,,,,,,,,,,,,,,,,,,,,,,,,,,,,,,,,,,,,,,,,,,,,,,,,,,,,,,,,,,,,,,,,,,,,,,,,,,,,,,,,,,,,
RFRANCES,Rafael,Francesconi,Rafael.Francesconi@chcheli.com,,Active,,eb5e1778-6aa0-4c3b-b904-af5dfe0a6f1b,Rafael.Francesconi@chcheli.com,2026-04-20T07:16:06-07:00,,Rafael.Francesconi@chcheli.com,,,,,,,,RFRANCES,MingleEnterprise,Infor-SuiteUser,MingleIONEnabled,HOMEPAGES-User,IDM-User,IDM-RelatedInformationUser,M3UI-USER,MASHUP-User,,,,,,,,,,,,,,,,,,,,,,,,,,,,,,,,,,,,,,,,,,,,,,,,,,,,,,,,,,,,,,,,,,,,,,,,,,,,,,,,,,,,,,,,,,,,,,,,,,,,,,,,,,,,,,,,,,,,,,,,,,,,,,,,,,,,,,,,,,,,,,,,,,,,,,,,,,,,,,,,,,,,,,,,,,,,,,,,
RGURSLI,Ruben,Gursli,Ruben.Gursli@chcheli.com,,Active,,fc155cd8-8790-4d4b-ab2e-15582ae7c1de,Ruben.Gursli@chcheli.com,2026-04-20T07:16:06-07:00,,Ruben.Gursli@chcheli.com,,,,,,,,RGURSLI,MingleEnterprise,Infor-SuiteUser,MingleIONEnabled,HOMEPAGES-User,IDM-User,IDM-RelatedInformationUser,M3UI-USER,MASHUP-User,,,,,,,,,,,,,,,,,,,,,,,,,,,,,,,,,,,,,,,,,,,,,,,,,,,,,,,,,,,,,,,,,,,,,,,,,,,,,,,,,,,,,,,,,,,,,,,,,,,,,,,,,,,,,,,,,,,,,,,,,,,,,,,,,,,,,,,,,,,,,,,,,,,,,,,,,,,,,,,,,,,,,,,,,,,,,,,,
RHOLSTAD,Rigmor,Holstad,Rigmor.Holstad@chcheli.com,,Active,,64895622-4c98-4992-94d0-84494e08a5e8,Rigmor.Holstad@chcheli.com,2026-04-20T07:16:07-07:00,,Rigmor.Holstad@chcheli.com,,,,,,,,RHOLSTAD,MingleEnterprise,Infor-SuiteUser,MingleIONEnabled,HOMEPAGES-User,IDM-User,IDM-RelatedInformationUser,M3UI-USER,MASHUP-User,,,,,,,,,,,,,,,,,,,,,,,,,,,,,,,,,,,,,,,,,,,,,,,,,,,,,,,,,,,,,,,,,,,,,,,,,,,,,,,,,,,,,,,,,,,,,,,,,,,,,,,,,,,,,,,,,,,,,,,,,,,,,,,,,,,,,,,,,,,,,,,,,,,,,,,,,,,,,,,,,,,,,,,,,,,,,,,,
RJADHAV,Ritesh,Jadhav,Ritesh.Jadhav@chcheli.com,,Active,,b97614dc-6fca-4962-96ac-7c2791badb21,Ritesh.Jadhav@chcheli.com,2026-04-20T07:16:07-07:00,,Ritesh.Jadhav@chcheli.com,,,,,,,,RJADHAV,MingleEnterprise,Infor-SuiteUser,MingleIONEnabled,HOMEPAGES-User,IDM-User,IDM-RelatedInformationUser,M3UI-USER,MASHUP-User,,,,,,,,,,,,,,,,,,,,,,,,,,,,,,,,,,,,,,,,,,,,,,,,,,,,,,,,,,,,,,,,,,,,,,,,,,,,,,,,,,,,,,,,,,,,,,,,,,,,,,,,,,,,,,,,,,,,,,,,,,,,,,,,,,,,,,,,,,,,,,,,,,,,,,,,,,,,,,,,,,,,,,,,,,,,,,,,
RJAMES,roy,james,roy.james@chcheli.com,,Active,,03a3e63f-f8ec-40fc-94df-fc8c62bab14a,roy.james@chcheli.com,2026-04-20T07:16:07-07:00,,roy.james@chcheli.com,,,,,,,,RJAMES,MingleEnterprise,Infor-SuiteUser,MingleIONEnabled,HOMEPAGES-User,IDM-User,IDM-RelatedInformationUser,M3UI-USER,MASHUP-User,,,,,,,,,,,,,,,,,,,,,,,,,,,,,,,,,,,,,,,,,,,,,,,,,,,,,,,,,,,,,,,,,,,,,,,,,,,,,,,,,,,,,,,,,,,,,,,,,,,,,,,,,,,,,,,,,,,,,,,,,,,,,,,,,,,,,,,,,,,,,,,,,,,,,,,,,,,,,,,,,,,,,,,,,,,,,,,,
RJARRETT,Richard,Jarrett,Richard.Jarrett@heli-one.com,,Active,,498bc82e-32b7-4260-adc3-8f89112f89c1,Richard.Jarrett@heli-one.com,2026-04-20T07:16:07-07:00,,Richard.Jarrett@heli-one.com,,,,,,,,RJARRETT,MingleEnterprise,Infor-SuiteUser,MingleIONEnabled,HOMEPAGES-User,IDM-User,IDM-RelatedInformationUser,M3UI-USER,MASHUP-User,,,,,,,,,,,,,,,,,,,,,,,,,,,,,,,,,,,,,,,,,,,,,,,,,,,,,,,,,,,,,,,,,,,,,,,,,,,,,,,,,,,,,,,,,,,,,,,,,,,,,,,,,,,,,,,,,,,,,,,,,,,,,,,,,,,,,,,,,,,,,,,,,,,,,,,,,,,,,,,,,,,,,,,,,,,,,,,,
RLIANG,Richard,Liang,Richard.Liang@heli-one.com,,Active,,65fcd9f0-7f10-4d5b-a879-26effa4fbf88,Richard.Liang@heli-one.com,2026-04-20T07:16:07-07:00,,Richard.Liang@heli-one.com,,,,,,,,RLIANG,MingleEnterprise,Infor-SuiteUser,MingleIONEnabled,HOMEPAGES-User,IDM-User,IDM-RelatedInformationUser,M3UI-USER,MASHUP-User,,,,,,,,,,,,,,,,,,,,,,,,,,,,,,,,,,,,,,,,,,,,,,,,,,,,,,,,,,,,,,,,,,,,,,,,,,,,,,,,,,,,,,,,,,,,,,,,,,,,,,,,,,,,,,,,,,,,,,,,,,,,,,,,,,,,,,,,,,,,,,,,,,,,,,,,,,,,,,,,,,,,,,,,,,,,,,,,
c61e0819-e6da-4592-93d9-5b2bc1ebadcb,Randy,Long,Randy.Long@chcheli.com,,Active,,c61e0819-e6da-4592-93d9-5b2bc1ebadcb,Randy.Long@chcheli.com,2026-04-20T07:16:07-07:00,,Randy.Long@chcheli.com,,,,,,,,RLONG,MingleEnterprise,Infor-SuiteUser,MingleIONEnabled,HOMEPAGES-User,IDM-User,IDM-RelatedInformationUser,M3UI-USER,MASHUP-User,SRAPS111CLRW,,,,,,,,,,,,,,,,,,,,,,,,,,,,,,,,,,,,,,,,,,,,,,,,,,,,,,,,,,,,,,,,,,,,,,,,,,,,,,,,,,,,,,,,,,,,,,,,,,,,,,,,,,,,,,,,,,,,,,,,,,,,,,,,,,,,,,,,,,,,,,,,,,,,,,,,,,,,,,,,,,,,,,,,,,,,,,,
RMONTES,Ricky,Montes,Ricky.Montes@chcheli.com,,Active,,90a18d11-6add-496b-a340-adbf0158b31a,Ricky.Montes@chcheli.com,2026-04-20T07:16:07-07:00,,Ricky.Montes@chcheli.com,,,,,,,,RMONTES,MingleEnterprise,Infor-SuiteUser,MingleIONEnabled,HOMEPAGES-User,IDM-User,IDM-RelatedInformationUser,M3UI-USER,MASHUP-User,,,,,,,,,,,,,,,,,,,,,,,,,,,,,,,,,,,,,,,,,,,,,,,,,,,,,,,,,,,,,,,,,,,,,,,,,,,,,,,,,,,,,,,,,,,,,,,,,,,,,,,,,,,,,,,,,,,,,,,,,,,,,,,,,,,,,,,,,,,,,,,,,,,,,,,,,,,,,,,,,,,,,,,,,,,,,,,,
abfe269e-9f08-4667-add1-e8384c9228f0,Ryan,Muyo,Ryan.Muyo@chcheli.com,,Active,,abfe269e-9f08-4667-add1-e8384c9228f0,Ryan.Muyo@chcheli.com,2026-04-20T07:16:08-07:00,,Ryan.Muyo@chcheli.com,,,,,,,,RMUYO,MingleEnterprise,Infor-SuiteUser,MingleIONEnabled,HOMEPAGES-User,IDM-User,IDM-RelatedInformationUser,M3UI-USER,MASHUP-User,SRAPS111CLRW,,,,,,,,,,,,,,,,,,,,,,,,,,,,,,,,,,,,,,,,,,,,,,,,,,,,,,,,,,,,,,,,,,,,,,,,,,,,,,,,,,,,,,,,,,,,,,,,,,,,,,,,,,,,,,,,,,,,,,,,,,,,,,,,,,,,,,,,,,,,,,,,,,,,,,,,,,,,,,,,,,,,,,,,,,,,,,,
RNANHEKHAN,Ravas,Nanhekhan,Ravas.Nanhekhan@heli-one.com,,Active,,238f1634-baae-4fa5-addd-69624aa4825e,Ravas.Nanhekhan@heli-one.com,2026-04-20T07:16:08-07:00,,Ravas.Nanhekhan@heli-one.com,,,,,,,,RNANHEKHAN,MingleEnterprise,Infor-SuiteUser,MingleIONEnabled,HOMEPAGES-User,IDM-User,IDM-RelatedInformationUser,M3UI-USER,MASHUP-User,,,,,,,,,,,,,,,,,,,,,,,,,,,,,,,,,,,,,,,,,,,,,,,,,,,,,,,,,,,,,,,,,,,,,,,,,,,,,,,,,,,,,,,,,,,,,,,,,,,,,,,,,,,,,,,,,,,,,,,,,,,,,,,,,,,,,,,,,,,,,,,,,,,,,,,,,,,,,,,,,,,,,,,,,,,,,,,,
ROBSILVA,Robson,Silva,Robson.Silva@chcheli.com,,Active,,6eb2bc6a-e833-4d24-8858-13a5d62451a6,Robson.Silva@chcheli.com,2026-04-20T07:16:08-07:00,,Robson.Silva@chcheli.com,,,,,,,,ROBSILVA,MingleEnterprise,Infor-SuiteUser,MingleIONEnabled,HOMEPAGES-User,IDM-User,IDM-RelatedInformationUser,M3UI-USER,MASHUP-User,,,,,,,,,,,,,,,,,,,,,,,,,,,,,,,,,,,,,,,,,,,,,,,,,,,,,,,,,,,,,,,,,,,,,,,,,,,,,,,,,,,,,,,,,,,,,,,,,,,,,,,,,,,,,,,,,,,,,,,,,,,,,,,,,,,,,,,,,,,,,,,,,,,,,,,,,,,,,,,,,,,,,,,,,,,,,,,,
ROTTIE01,Peter,Rottier,Peter.Rottier@chcheli.com,,Active,,aca1f194-5c01-4e70-b0fb-a3a4c88a125d,Peter.Rottier@chcheli.com,2026-04-20T07:16:08-07:00,,Peter.Rottier@chcheli.com,,,,,,,,ROTTIE01,MingleEnterprise,Infor-SuiteUser,MingleIONEnabled,HOMEPAGES-User,IDM-User,IDM-RelatedInformationUser,M3UI-USER,MASHUP-User,,,,,,,,,,,,,,,,,,,,,,,,,,,,,,,,,,,,,,,,,,,,,,,,,,,,,,,,,,,,,,,,,,,,,,,,,,,,,,,,,,,,,,,,,,,,,,,,,,,,,,,,,,,,,,,,,,,,,,,,,,,,,,,,,,,,,,,,,,,,,,,,,,,,,,,,,,,,,,,,,,,,,,,,,,,,,,,,
4234e531-281d-4c6f-a567-445bc3475343,Renan,Paiva,Renan.Paiva@chcheli.com,,Active,,4234e531-281d-4c6f-a567-445bc3475343,Renan.Paiva@chcheli.com,2026-04-20T07:16:08-07:00,,Renan.Paiva@chcheli.com,,,,,,,,RPAIVA,MingleEnterprise,Infor-SuiteUser,MingleIONEnabled,HOMEPAGES-User,IDM-User,IDM-RelatedInformationUser,M3UI-USER,MASHUP-User,,,,,,,,,,,,,,,,,,,,,,,,,,,,,,,,,,,,,,,,,,,,,,,,,,,,,,,,,,,,,,,,,,,,,,,,,,,,,,,,,,,,,,,,,,,,,,,,,,,,,,,,,,,,,,,,,,,,,,,,,,,,,,,,,,,,,,,,,,,,,,,,,,,,,,,,,,,,,,,,,,,,,,,,,,,,,,,,
RSANPEDRO,Ramon,SanPedro,Ramon.SanPedro@heli-one.com,,Active,,a5958d3b-cbf6-430b-a60d-7c8adf315071,Ramon.SanPedro@heli-one.com,2026-04-20T07:16:08-07:00,,Ramon.SanPedro@heli-one.com,,,,,,,,RSANPEDRO,MingleEnterprise,Infor-SuiteUser,MingleIONEnabled,HOMEPAGES-User,IDM-User,IDM-RelatedInformationUser,M3UI-USER,MASHUP-User,,,,,,,,,,,,,,,,,,,,,,,,,,,,,,,,,,,,,,,,,,,,,,,,,,,,,,,,,,,,,,,,,,,,,,,,,,,,,,,,,,,,,,,,,,,,,,,,,,,,,,,,,,,,,,,,,,,,,,,,,,,,,,,,,,,,,,,,,,,,,,,,,,,,,,,,,,,,,,,,,,,,,,,,,,,,,,,,
RSTURT,Richard,Sturt,Richard.Sturt@chcheli.com,,Active,,4eb280e3-ce26-4a9d-b4f5-391fd44935e5,Richard.Sturt@chcheli.com,2026-04-20T07:16:08-07:00,,Richard.Sturt@chcheli.com,,,,,,,,RSTURT,MingleEnterprise,Infor-SuiteUser,MingleIONEnabled,HOMEPAGES-User,IDM-User,IDM-RelatedInformationUser,M3UI-USER,MASHUP-User,,,,,,,,,,,,,,,,,,,,,,,,,,,,,,,,,,,,,,,,,,,,,,,,,,,,,,,,,,,,,,,,,,,,,,,,,,,,,,,,,,,,,,,,,,,,,,,,,,,,,,,,,,,,,,,,,,,,,,,,,,,,,,,,,,,,,,,,,,,,,,,,,,,,,,,,,,,,,,,,,,,,,,,,,,,,,,,,
RTALLAKS,Rune,Tallaksen,Rune.Tallaksen@chcheli.com,,Active,,fca99d17-14b9-450b-a478-a3b199a5ce4f,Rune.Tallaksen@chcheli.com,2026-04-20T07:16:09-07:00,,Rune.Tallaksen@chcheli.com,,,,,,,,RTALLAKS,MingleEnterprise,Infor-SuiteUser,MingleIONEnabled,HOMEPAGES-User,IDM-User,IDM-RelatedInformationUser,M3UI-USER,MASHUP-User,,,,,,,,,,,,,,,,,,,,,,,,,,,,,,,,,,,,,,,,,,,,,,,,,,,,,,,,,,,,,,,,,,,,,,,,,,,,,,,,,,,,,,,,,,,,,,,,,,,,,,,,,,,,,,,,,,,,,,,,,,,,,,,,,,,,,,,,,,,,,,,,,,,,,,,,,,,,,,,,,,,,,,,,,,,,,,,,
RTATTEN,rob,tatten,rob.tatten@chcheli.com,,Active,,cb99b1e5-1082-4a1e-9aae-2fceb15fae18,rob.tatten@chcheli.com,2026-04-20T07:16:09-07:00,,rob.tatten@chcheli.com,,,,,,,,RTATTEN,MingleEnterprise,Infor-SuiteUser,MingleIONEnabled,HOMEPAGES-User,IDM-User,IDM-RelatedInformationUser,M3UI-USER,MASHUP-User,,,,,,,,,,,,,,,,,,,,,,,,,,,,,,,,,,,,,,,,,,,,,,,,,,,,,,,,,,,,,,,,,,,,,,,,,,,,,,,,,,,,,,,,,,,,,,,,,,,,,,,,,,,,,,,,,,,,,,,,,,,,,,,,,,,,,,,,,,,,,,,,,,,,,,,,,,,,,,,,,,,,,,,,,,,,,,,,
46555c9f-a9c4-4951-be55-a1fb6c1169a2,Rod,Tumagan,Rod.Tumagan@chcheli.com,,Active,,46555c9f-a9c4-4951-be55-a1fb6c1169a2,Rod.Tumagan@chcheli.com,2026-04-20T07:16:10-07:00,,Rod.Tumagan@chcheli.com,,,,,,,,RTUMAGAN,MingleEnterprise,Infor-SuiteUser,MingleIONEnabled,HOMEPAGES-User,IDM-User,IDM-RelatedInformationUser,M3UI-USER,MASHUP-User,SRAPS111CLRW,,,,,,,,,,,,,,,,,,,,,,,,,,,,,,,,,,,,,,,,,,,,,,,,,,,,,,,,,,,,,,,,,,,,,,,,,,,,,,,,,,,,,,,,,,,,,,,,,,,,,,,,,,,,,,,,,,,,,,,,,,,,,,,,,,,,,,,,,,,,,,,,,,,,,,,,,,,,,,,,,,,,,,,,,,,,,,,
RVANSCHIJN,Roger,van.Schijndel,Roger.van.Schijndel@chcheli.com,,Active,,d1eb5a2f-699a-46f9-b60e-87f85d324bfd,Roger.van.Schijndel@chcheli.com,2026-04-20T07:16:10-07:00,,Roger.van.Schijndel@chcheli.com,,,,,,,,RVANSCHIJN,MingleEnterprise,Infor-SuiteUser,MingleIONEnabled,HOMEPAGES-User,IDM-User,IDM-RelatedInformationUser,M3UI-USER,MASHUP-User,,,,,,,,,,,,,,,,,,,,,,,,,,,,,,,,,,,,,,,,,,,,,,,,,,,,,,,,,,,,,,,,,,,,,,,,,,,,,,,,,,,,,,,,,,,,,,,,,,,,,,,,,,,,,,,,,,,,,,,,,,,,,,,,,,,,,,,,,,,,,,,,,,,,,,,,,,,,,,,,,,,,,,,,,,,,,,,,
RVILLANU,Rozen,Villanueva,Rozen.Villanueva@heli-one.com,,Active,,ed5779c9-fc6d-4b8a-862a-1f43365082b7,Rozen.Villanueva@heli-one.com,2026-04-20T07:16:10-07:00,,Rozen.Villanueva@heli-one.com,,,,,,,,RVILLANU,MingleEnterprise,Infor-SuiteUser,MingleIONEnabled,HOMEPAGES-User,IDM-User,IDM-RelatedInformationUser,M3UI-USER,MASHUP-User,,,,,,,,,,,,,,,,,,,,,,,,,,,,,,,,,,,,,,,,,,,,,,,,,,,,,,,,,,,,,,,,,,,,,,,,,,,,,,,,,,,,,,,,,,,,,,,,,,,,,,,,,,,,,,,,,,,,,,,,,,,,,,,,,,,,,,,,,,,,,,,,,,,,,,,,,,,,,,,,,,,,,,,,,,,,,,,,
RWEENING,Ronald,Weening,Ronald.Weening@chcheli.com,,Active,,f8887ab6-89ee-4d91-a088-bfd6c12877f0,Ronald.Weening@chcheli.com,2026-04-20T07:16:10-07:00,,Ronald.Weening@chcheli.com,,,,,,,,RWEENING,MingleEnterprise,Infor-SuiteUser,MingleIONEnabled,HOMEPAGES-User,IDM-User,IDM-RelatedInformationUser,M3UI-USER,MASHUP-User,,,,,,,,,,,,,,,,,,,,,,,,,,,,,,,,,,,,,,,,,,,,,,,,,,,,,,,,,,,,,,,,,,,,,,,,,,,,,,,,,,,,,,,,,,,,,,,,,,,,,,,,,,,,,,,,,,,,,,,,,,,,,,,,,,,,,,,,,,,,,,,,,,,,,,,,,,,,,,,,,,,,,,,,,,,,,,,,
SCHAPPELL,Steve,Chappell,Steve.Chappell@chcheli.com,,Active,,c54b5ab6-b615-4776-aa10-104a4c20e847,Steve.Chappell@chcheli.com,2026-04-20T07:16:10-07:00,,Steve.Chappell@chcheli.com,,,,,,,,SCHAPPELL,MingleEnterprise,Infor-SuiteUser,MingleIONEnabled,HOMEPAGES-User,IDM-User,IDM-RelatedInformationUser,M3UI-USER,MASHUP-User,,,,,,,,,,,,,,,,,,,,,,,,,,,,,,,,,,,,,,,,,,,,,,,,,,,,,,,,,,,,,,,,,,,,,,,,,,,,,,,,,,,,,,,,,,,,,,,,,,,,,,,,,,,,,,,,,,,,,,,,,,,,,,,,,,,,,,,,,,,,,,,,,,,,,,,,,,,,,,,,,,,,,,,,,,,,,,,,
SENGER,Siri,Enger,Siri.Enger@chcheli.com,,Active,,0f36c442-a86c-4300-b481-3e71842740f7,Siri.Enger@chcheli.com,2026-04-20T07:16:10-07:00,,Siri.Enger@chcheli.com,,,,,,,,SENGER,MingleEnterprise,Infor-SuiteUser,MingleIONEnabled,HOMEPAGES-User,IDM-User,IDM-RelatedInformationUser,M3UI-USER,MASHUP-User,,,,,,,,,,,,,,,,,,,,,,,,,,,,,,,,,,,,,,,,,,,,,,,,,,,,,,,,,,,,,,,,,,,,,,,,,,,,,,,,,,,,,,,,,,,,,,,,,,,,,,,,,,,,,,,,,,,,,,,,,,,,,,,,,,,,,,,,,,,,,,,,,,,,,,,,,,,,,,,,,,,,,,,,,,,,,,,,
SESPELAN,Signe,Espeland,Signe.Espeland@chcheli.com,,Active,,538711f5-a37f-4f22-8847-635748459fa8,Signe.Espeland@chcheli.com,2026-04-20T07:16:11-07:00,,Signe.Espeland@chcheli.com,,,,,,,,SESPELAN,MingleEnterprise,Infor-SuiteUser,MingleIONEnabled,HOMEPAGES-User,IDM-User,IDM-RelatedInformationUser,M3UI-USER,MASHUP-User,,,,,,,,,,,,,,,,,,,,,,,,,,,,,,,,,,,,,,,,,,,,,,,,,,,,,,,,,,,,,,,,,,,,,,,,,,,,,,,,,,,,,,,,,,,,,,,,,,,,,,,,,,,,,,,,,,,,,,,,,,,,,,,,,,,,,,,,,,,,,,,,,,,,,,,,,,,,,,,,,,,,,,,,,,,,,,,,
SGASKELL,Simon,Gaskell,Simon.Gaskell@chcheli.com,,Active,,09df573f-68c8-46bd-b4b6-25b40a5239af,Simon.Gaskell@chcheli.com,2026-04-20T07:16:11-07:00,,Simon.Gaskell@chcheli.com,,,,,,,,SGASKELL,MingleEnterprise,Infor-SuiteUser,MingleIONEnabled,HOMEPAGES-User,IDM-User,IDM-RelatedInformationUser,M3UI-USER,MASHUP-User,,,,,,,,,,,,,,,,,,,,,,,,,,,,,,,,,,,,,,,,,,,,,,,,,,,,,,,,,,,,,,,,,,,,,,,,,,,,,,,,,,,,,,,,,,,,,,,,,,,,,,,,,,,,,,,,,,,,,,,,,,,,,,,,,,,,,,,,,,,,,,,,,,,,,,,,,,,,,,,,,,,,,,,,,,,,,,,,
b5c88c67-c92a-4a85-8077-bcabbd7e2dd4,Steven,Hoggatt,Steven.Hoggatt@chcheli.com,,Active,,b5c88c67-c92a-4a85-8077-bcabbd7e2dd4,Steven.Hoggatt@chcheli.com,2026-04-20T07:16:11-07:00,,Steven.Hoggatt@chcheli.com,,,,,,,,SHOGGATT,MingleEnterprise,Infor-SuiteUser,MingleIONEnabled,HOMEPAGES-User,IDM-User,IDM-RelatedInformationUser,M3UI-USER,MASHUP-User,SRAPS111CLRW,,,,,,,,,,,,,,,,,,,,,,,,,,,,,,,,,,,,,,,,,,,,,,,,,,,,,,,,,,,,,,,,,,,,,,,,,,,,,,,,,,,,,,,,,,,,,,,,,,,,,,,,,,,,,,,,,,,,,,,,,,,,,,,,,,,,,,,,,,,,,,,,,,,,,,,,,,,,,,,,,,,,,,,,,,,,,,,
SHORVEI,Stale,Horvei,Stale.Horvei@heli-one.com,,Active,,f4378b62-ff77-4ff5-8b06-59c87a5efc12,Stale.Horvei@heli-one.com,2026-04-20T07:16:11-07:00,,Stale.Horvei@heli-one.com,,,,,,,,SHORVEI,MingleEnterprise,Infor-SuiteUser,MingleIONEnabled,HOMEPAGES-User,IDM-User,IDM-RelatedInformationUser,M3UI-USER,MASHUP-User,,,,,,,,,,,,,,,,,,,,,,,,,,,,,,,,,,,,,,,,,,,,,,,,,,,,,,,,,,,,,,,,,,,,,,,,,,,,,,,,,,,,,,,,,,,,,,,,,,,,,,,,,,,,,,,,,,,,,,,,,,,,,,,,,,,,,,,,,,,,,,,,,,,,,,,,,,,,,,,,,,,,,,,,,,,,,,,,
SIW,Siw,Berge,Siw.Berge@chcheli.com,,Active,,78edb665-e7a8-4fa2-ba22-ac0ab127933b,Siw.Berge@chcheli.com,2026-04-20T07:16:11-07:00,,Siw.Berge@chcheli.com,,,,,,,,SIW,MingleEnterprise,Infor-SuiteUser,MingleIONEnabled,HOMEPAGES-User,IDM-User,IDM-RelatedInformationUser,M3UI-USER,MASHUP-User,,,,,,,,,,,,,,,,,,,,,,,,,,,,,,,,,,,,,,,,,,,,,,,,,,,,,,,,,,,,,,,,,,,,,,,,,,,,,,,,,,,,,,,,,,,,,,,,,,,,,,,,,,,,,,,,,,,,,,,,,,,,,,,,,,,,,,,,,,,,,,,,,,,,,,,,,,,,,,,,,,,,,,,,,,,,,,,,
SJENKINS,Sheri,Jenkins,Sheri.Jenkins@chcheli.com,,Active,,36f0264d-1fd2-47e2-a71f-356662bc5fe9,Sheri.Jenkins@chcheli.com,2026-04-20T07:16:11-07:00,,Sheri.Jenkins@chcheli.com,,,,,,,,SJENKINS,MingleEnterprise,Infor-SuiteUser,MingleIONEnabled,HOMEPAGES-User,IDM-User,IDM-RelatedInformationUser,M3UI-USER,MASHUP-User,,,,,,,,,,,,,,,,,,,,,,,,,,,,,,,,,,,,,,,,,,,,,,,,,,,,,,,,,,,,,,,,,,,,,,,,,,,,,,,,,,,,,,,,,,,,,,,,,,,,,,,,,,,,,,,,,,,,,,,,,,,,,,,,,,,,,,,,,,,,,,,,,,,,,,,,,,,,,,,,,,,,,,,,,,,,,,,,
2c745a78-0c8c-4a14-b7f0-663e42575041,Suhas,Kalasapura,Suhas.Kalasapura@chcheli.com,,Active,,2c745a78-0c8c-4a14-b7f0-663e42575041,Suhas.Kalasapura@chcheli.com,2026-04-20T07:16:12-07:00,,Suhas.Kalasapura@chcheli.com,,,,,,,,SKALASAP,MingleEnterprise,Infor-SuiteUser,MingleIONEnabled,HOMEPAGES-User,IDM-User,IDM-RelatedInformationUser,M3UI-USER,MASHUP-User,,,,,,,,,,,,,,,,,,,,,,,,,,,,,,,,,,,,,,,,,,,,,,,,,,,,,,,,,,,,,,,,,,,,,,,,,,,,,,,,,,,,,,,,,,,,,,,,,,,,,,,,,,,,,,,,,,,,,,,,,,,,,,,,,,,,,,,,,,,,,,,,,,,,,,,,,,,,,,,,,,,,,,,,,,,,,,,,
SKELLY,Sean,Kelly,Sean.Kelly@chcheli.com,,Active,,78748527-c904-4c36-a053-9496a809bd09,Sean.Kelly@chcheli.com,2026-04-20T07:16:12-07:00,,Sean.Kelly@chcheli.com,,,,,,,,SKELLY,MingleEnterprise,Infor-SuiteUser,MingleIONEnabled,HOMEPAGES-User,IDM-User,IDM-RelatedInformationUser,M3UI-USER,MASHUP-User,,,,,,,,,,,,,,,,,,,,,,,,,,,,,,,,,,,,,,,,,,,,,,,,,,,,,,,,,,,,,,,,,,,,,,,,,,,,,,,,,,,,,,,,,,,,,,,,,,,,,,,,,,,,,,,,,,,,,,,,,,,,,,,,,,,,,,,,,,,,,,,,,,,,,,,,,,,,,,,,,,,,,,,,,,,,,,,,
SKONING,Sandra,De.Koning,Sandra.De.Koning@chcheli.com,,Active,,4255c86b-6397-47db-87f1-018963d80592,Sandra.De.Koning@chcheli.com,2026-04-20T07:16:12-07:00,,Sandra.De.Koning@chcheli.com,,,,,,,,SKONING,MingleEnterprise,Infor-SuiteUser,MingleIONEnabled,HOMEPAGES-User,IDM-User,IDM-RelatedInformationUser,M3UI-USER,MASHUP-User,,,,,,,,,,,,,,,,,,,,,,,,,,,,,,,,,,,,,,,,,,,,,,,,,,,,,,,,,,,,,,,,,,,,,,,,,,,,,,,,,,,,,,,,,,,,,,,,,,,,,,,,,,,,,,,,,,,,,,,,,,,,,,,,,,,,,,,,,,,,,,,,,,,,,,,,,,,,,,,,,,,,,,,,,,,,,,,,
SLOHR,Sara,Lohr,Sara.Lohr@chcheli.com,,Active,,8b4dce1a-03b0-48ed-abba-dc1025e1e7ca,Sara.Lohr@chcheli.com,2026-04-20T07:16:13-07:00,,Sara.Lohr@chcheli.com,,,,,,,,SLOHR,MingleEnterprise,Infor-SuiteUser,MingleIONEnabled,HOMEPAGES-User,IDM-User,IDM-RelatedInformationUser,M3UI-USER,MASHUP-User,,,,,,,,,,,,,,,,,,,,,,,,,,,,,,,,,,,,,,,,,,,,,,,,,,,,,,,,,,,,,,,,,,,,,,,,,,,,,,,,,,,,,,,,,,,,,,,,,,,,,,,,,,,,,,,,,,,,,,,,,,,,,,,,,,,,,,,,,,,,,,,,,,,,,,,,,,,,,,,,,,,,,,,,,,,,,,,,
SLOUIE,Sannifer,Louie,Sannifer.Louie@heli-one.com,,Active,,3ac549e1-a85f-4770-90d1-2273b9e83628,Sannifer.Louie@heli-one.com,2026-04-20T07:16:13-07:00,,Sannifer.Louie@heli-one.com,,,,,,,,SLOUIE,MingleEnterprise,Infor-SuiteUser,MingleIONEnabled,HOMEPAGES-User,IDM-User,IDM-RelatedInformationUser,M3UI-USER,MASHUP-User,,,,,,,,,,,,,,,,,,,,,,,,,,,,,,,,,,,,,,,,,,,,,,,,,,,,,,,,,,,,,,,,,,,,,,,,,,,,,,,,,,,,,,,,,,,,,,,,,,,,,,,,,,,,,,,,,,,,,,,,,,,,,,,,,,,,,,,,,,,,,,,,,,,,,,,,,,,,,,,,,,,,,,,,,,,,,,,,
SMACHLIK,Shelley,Machlik,Shelley.Machlik@chcheli.com,,Active,,7420101f-d338-4af2-8b73-dbc10b8cdd9d,Shelley.Machlik@chcheli.com,2026-04-20T07:16:13-07:00,,Shelley.Machlik@chcheli.com,,,,,,,,SMACHLIK,MingleEnterprise,Infor-SuiteUser,MingleIONEnabled,HOMEPAGES-User,IDM-User,IDM-RelatedInformationUser,M3UI-USER,MASHUP-User,,,,,,,,,,,,,,,,,,,,,,,,,,,,,,,,,,,,,,,,,,,,,,,,,,,,,,,,,,,,,,,,,,,,,,,,,,,,,,,,,,,,,,,,,,,,,,,,,,,,,,,,,,,,,,,,,,,,,,,,,,,,,,,,,,,,,,,,,,,,,,,,,,,,,,,,,,,,,,,,,,,,,,,,,,,,,,,,
SMARKWICK,Scott,Markwick,Scott.Markwick@heli-one.com,,Active,,9f41dabd-1387-4c4f-9d76-fd6fd5d4e2fc,Scott.Markwick@heli-one.com,2026-04-20T07:16:13-07:00,,Scott.Markwick@heli-one.com,,,,,,,,SMARKWICK,MingleEnterprise,Infor-SuiteUser,MingleIONEnabled,HOMEPAGES-User,IDM-User,IDM-RelatedInformationUser,M3UI-USER,MASHUP-User,,,,,,,,,,,,,,,,,,,,,,,,,,,,,,,,,,,,,,,,,,,,,,,,,,,,,,,,,,,,,,,,,,,,,,,,,,,,,,,,,,,,,,,,,,,,,,,,,,,,,,,,,,,,,,,,,,,,,,,,,,,,,,,,,,,,,,,,,,,,,,,,,,,,,,,,,,,,,,,,,,,,,,,,,,,,,,,,
SODONNELL,Sarah,ODonnell,Sarah.ODonnell@chcheli.com,,Active,,8584b03d-cebf-4781-b865-53c1a486afcf,Sarah.ODonnell@chcheli.com,2026-04-20T07:16:13-07:00,,Sarah.ODonnell@chcheli.com,,,,,,,,SODONNELL,MingleEnterprise,Infor-SuiteUser,MingleIONEnabled,HOMEPAGES-User,IDM-User,IDM-RelatedInformationUser,M3UI-USER,MASHUP-User,SRAPS111CLRW,,,,,,,,,,,,,,,,,,,,,,,,,,,,,,,,,,,,,,,,,,,,,,,,,,,,,,,,,,,,,,,,,,,,,,,,,,,,,,,,,,,,,,,,,,,,,,,,,,,,,,,,,,,,,,,,,,,,,,,,,,,,,,,,,,,,,,,,,,,,,,,,,,,,,,,,,,,,,,,,,,,,,,,,,,,,,,,
SOHANSEN,Stein,Hansen,Stein.Hansen@heli-one.com,,Active,,05dd5994-a555-4cdd-a155-6757964a2b8e,Stein.Hansen@heli-one.com,2026-04-20T07:16:13-07:00,,Stein.Hansen@heli-one.com,,,,,,,,SOHANSEN,MingleEnterprise,Infor-SuiteUser,MingleIONEnabled,HOMEPAGES-User,IDM-User,IDM-RelatedInformationUser,M3UI-USER,MASHUP-User,,,,,,,,,,,,,,,,,,,,,,,,,,,,,,,,,,,,,,,,,,,,,,,,,,,,,,,,,,,,,,,,,,,,,,,,,,,,,,,,,,,,,,,,,,,,,,,,,,,,,,,,,,,,,,,,,,,,,,,,,,,,,,,,,,,,,,,,,,,,,,,,,,,,,,,,,,,,,,,,,,,,,,,,,,,,,,,,
SOSLAND,Sanna,Osland,Sanna.Osland@CHCHeli.com,,Active,,b6a4a4d7-1cd3-4218-858c-ceb88b1b25a5,Sanna.Osland@CHCHeli.com,2026-04-20T07:16:13-07:00,,Sanna.Osland@CHCHeli.com,,,,,,,,SOSLAND,MingleEnterprise,Infor-SuiteUser,MingleIONEnabled,HOMEPAGES-User,IDM-User,IDM-RelatedInformationUser,M3UI-USER,MASHUP-User,,,,,,,,,,,,,,,,,,,,,,,,,,,,,,,,,,,,,,,,,,,,,,,,,,,,,,,,,,,,,,,,,,,,,,,,,,,,,,,,,,,,,,,,,,,,,,,,,,,,,,,,,,,,,,,,,,,,,,,,,,,,,,,,,,,,,,,,,,,,,,,,,,,,,,,,,,,,,,,,,,,,,,,,,,,,,,,,
SPATIL,Somesh,Patil,Somesh.Patil@chcheli.com,,Active,,e7a02959-22c1-4a53-afd1-01d2a2855d23,Somesh.Patil@chcheli.com,2026-04-20T07:16:14-07:00,,Somesh.Patil@chcheli.com,,,,,,,,SPATIL,MingleEnterprise,Infor-SuiteUser,MingleIONEnabled,HOMEPAGES-User,IDM-User,IDM-RelatedInformationUser,M3UI-USER,MASHUP-User,,,,,,,,,,,,,,,,,,,,,,,,,,,,,,,,,,,,,,,,,,,,,,,,,,,,,,,,,,,,,,,,,,,,,,,,,,,,,,,,,,,,,,,,,,,,,,,,,,,,,,,,,,,,,,,,,,,,,,,,,,,,,,,,,,,,,,,,,,,,,,,,,,,,,,,,,,,,,,,,,,,,,,,,,,,,,,,,
SSEBULON,Stig,Sebulonsen,Stig.Sebulonsen@heli-one.com,,Active,,1efd8109-9f65-4366-8c9b-7789bf5ad1ca,Stig.Sebulonsen@heli-one.com,2026-04-20T07:16:14-07:00,,Stig.Sebulonsen@heli-one.com,,,,,,,,SSEBULON,MingleEnterprise,Infor-SuiteUser,MingleIONEnabled,HOMEPAGES-User,IDM-User,IDM-RelatedInformationUser,M3UI-USER,MASHUP-User,,,,,,,,,,,,,,,,,,,,,,,,,,,,,,,,,,,,,,,,,,,,,,,,,,,,,,,,,,,,,,,,,,,,,,,,,,,,,,,,,,,,,,,,,,,,,,,,,,,,,,,,,,,,,,,,,,,,,,,,,,,,,,,,,,,,,,,,,,,,,,,,,,,,,,,,,,,,,,,,,,,,,,,,,,,,,,,,
SSEKHON,Sharon,Sekhon,Sharon.Sekhon@heli-one.com,,Active,,b5c8d307-cecd-49bb-9f57-3f1d1a0bd49a,Sharon.Sekhon@heli-one.com,2026-04-20T07:16:14-07:00,,Sharon.Sekhon@heli-one.com,,,,,,,,SSEKHON,MingleEnterprise,Infor-SuiteUser,MingleIONEnabled,HOMEPAGES-User,IDM-User,IDM-RelatedInformationUser,M3UI-USER,MASHUP-User,,,,,,,,,,,,,,,,,,,,,,,,,,,,,,,,,,,,,,,,,,,,,,,,,,,,,,,,,,,,,,,,,,,,,,,,,,,,,,,,,,,,,,,,,,,,,,,,,,,,,,,,,,,,,,,,,,,,,,,,,,,,,,,,,,,,,,,,,,,,,,,,,,,,,,,,,,,,,,,,,,,,,,,,,,,,,,,,
abe1d9ed-73d8-4a34-b908-83b38604a576,Shankar,Shinde,Shankar.Shinde@chcheli.com,M3 Technical Consultant,Active,,abe1d9ed-73d8-4a34-b908-83b38604a576,Shankar.Shinde@chcheli.com,2026-04-20T07:16:14-07:00,2026-08-27T07:30:36-07:00,Shankar.Shinde@chcheli.com,,,,,,,,SSHINDE,USERADMIN,DataAdministrator,Infor-SystemAdministrator,IFS-ExternalEntityAdmin,IFS-ReadOnlyUser,IFS-AuditReportUser,IFS-AuditAdministrator,IFS-MonitorReportUser,IFS-MonitorAdministrator,IFS-PasswordAdmin,MingleEnterprise,Infor-SuiteUser,MingleIONEnabled,MingleAdministrator,MingleDataAdministrator,PORTAL-User,PORTAL-ContentAdministrator,GRID-SystemAdministrator,GRID-Viewer,GRID-Administrator,HOMEPAGES-Administrator,HOMEPAGES-ContentAdministrator,HOMEPAGES-User,HOMEPAGES-ContentSupport,IONDeskSecurityAdmin,IONDeskAdmin,IONContentProvider,IONDeskOAuthGenerator,Mingle-LocatorView,IFSAdminContact,IONAPI-Tracing,IONAPI-User,IONAPI-Administrator,DATALAKE-User,DATALAKE-DataAdministrator,DATALAKE-SystemAdministrator,DECISIONSERVICE-Editor,DECISIONSERVICE-Approver,INBOX-PowerUser,SmartHelpUser,IDM-User,IDM-AdvancedUser,IDM-Administrator,IDM-SuperUser,IDM-RelatedInformationUser,IDM-SignatureUser,GDPR-Collaboration-ChiefDataProtectionOfficer,GDPR-Collaboration-DataProtectionOfficer,GDPR-App-Administrator,DATAFABRIC-SuperAdmin,DATAFABRIC-User,ENTERPRISESEARCH-Admin,ENTERPRISESEARCH-User,ENTERPRISESEARCH-PowerUser,M3EC-Administrator,M3EC-User,M3EC-ClientDesigntime,M3-DLSubscriptionAdmin,M3BE-FATAdmin-Exporter,M3UI-StartPageAdministrator,M3UI-DebugUser,M3UI-Administrator,M3UI-USER,M3UI-Designer,M3BDP-Administrator,M3BDP-USER,MASHUP-Administrator,MASHUP-User,IECEC-Administrator,IECEC-User,M3BE-FATAdmin,M3BE-FndAdmin,M3BE-FndUser,M3BE-ServicesAdmin,M3BE-CryptoAdmin,M3BE-ExtensionsAdmin,M3BE-ExtensionsViewer,M3BE-DBViewer,M3BE-DBAdmin,M3BE-FndFlagAdmin,M3BE-FileViewer,M3BE-FileAdmin,M3BE-ConfigAdmin,M3BE-ConfigUser,M3BE-LogEnabler,M3BE-SystemAdministrator,M3BE-DBAdmin-ReadToken,EVENTHUB-Administrator,EVENTHUB-User,M3MDP-USER,M3CE_About_Viewer,M3ENTERPRISESEARCH-Administrator,IPW-User,Birst-SystemAdministrator,Birst-User,MONGOOSE-UG-CoreFormsAdmin,MONGOOSE-UG-CoreFormsDeveloper,MONGOOSE-UG-CoreFormsEndUser,MONGOOSE-UG-CoreIDOs,MONGOOSE-LM-MGCoreAutomation,MONGOOSE-LM-MGCoreTrans,MONGOOSE-LM-MGDataViews,MONGOOSE-LM-MGDeveloper,MONGOOSE-LM-MGUserCreatedForms,MONGOOSE-LM-MGUserCreatedIDOs,MONGOOSE-LM-MGPAAS,MONGOOSE-LM-MGM3InterfaceForms,MONGOOSE-LM-MGM3InterfaceIDOs,MONGOOSE-LM-MGAppBuilder,APPBUILDER-Administrator,APPBUILDER-User,APPBUILDER-Designer,LCLLSP-User,LCLLSP-Admin,LCLLSP-PrivilegedUser,LCLLSP-ServiceAdmin,LCLLSP-AppAdmin,LCLLSP-SupAdmin,LCLLSP-StdAdmin,LCLLSP-StdUser,M3A Administrators,M3A Developers,M3A Procurement,M3A Finance,M3A Production,M3ADISBIRST-Model-Administrator,M3ADISBIRST-Extension-Administrator,M3ADISBIRST-Consumer-Administrator,M3ADISBIRST-User,M3A Warehouse,M3A Default Subject Area,IFSApplicationAdmin,IFS-ShowUserManagementUI,IFS-GroupsAdmin,IFS-GroupsUpdate,IFS-GroupsReadOnlyUser,IFS-ReadOnly,M3MDP-TESTAPI,INBOX-Admin,M3DMP-Contributor,M3UI-Approver,M3A Opportunity Management,IONAPI-Developer,M3CPW-User,IAD-DataMaintainer,IAD-Designer,IAD-Publisher,IAD-TemplateBuilder,M3ACM-User,M3ACM-Viewer,IPI-ModelerAdmin,IPI-ModelerViewer,IPI-ModelerDesigner,PORTAL-ContentPublisher,M3BE-PowerUser,M3BE-LicenseType1,M3BE-LicenseType2,M3BE-LicenseType3,M3BE-LicenseType6-FT,M3BE-LicenseType6-SHUB,M3HealthService-Administrator,IONAPI-BaaS-Administrator,IONAPI-BaaS-DataAdministrator,IONAPI-BaaS-Developer,IONAPI-BaaS-User,M3BE-DBUpdater,DATAFABRIC-HealthServiceAdmin,PORTAL-AnnouncementAdministrator,M3BE-DBAdmin-PrdToken,M3BE-LicenseType4,SMARTHELP-Administrator,DocBits-User,M3BE-FATAdmin-PRD-UpperLimitRuleToken,M3BE-FATAdmin-DeleteData,M3BE-FATAdmin-PRD-DeleteDataToken,M3BE-FATAdmin-PRD-ConfigureUpperLimit,IFSApplicationAdmin,,,,,,,
5f52375c-b8b5-4c21-a728-21a40e45d74a,Stephanie,Collins,Stephanie.Collins@chcheli.com,,Active,,5f52375c-b8b5-4c21-a728-21a40e45d74a,Stephanie.Collins@chcheli.com,2026-04-20T07:16:14-07:00,,Stephanie.Collins@chcheli.com,,,,,,,,STCOLLIN,MingleEnterprise,Infor-SuiteUser,MingleIONEnabled,HOMEPAGES-User,IDM-User,IDM-RelatedInformationUser,M3UI-USER,MASHUP-User,,,,,,,,,,,,,,,,,,,,,,,,,,,,,,,,,,,,,,,,,,,,,,,,,,,,,,,,,,,,,,,,,,,,,,,,,,,,,,,,,,,,,,,,,,,,,,,,,,,,,,,,,,,,,,,,,,,,,,,,,,,,,,,,,,,,,,,,,,,,,,,,,,,,,,,,,,,,,,,,,,,,,,,,,,,,,,,,
STEIXEIR,sharlene,alves da silva teixeira,Sharlene.Teixeira@chcheli.com,Finance Assistant,Active,,d9426ed1-82e0-41ba-80c5-fbd957d0ddab,Sharlene.Teixeira@chcheli.com,2026-04-20T07:16:14-07:00,2026-05-21T09:04:01-07:00,Sharlene.Teixeira@chcheli.com,,,,,,,,STEIXEIR,MingleEnterprise,Infor-SuiteUser,MingleIONEnabled,HOMEPAGES-User,IDM-User,IDM-RelatedInformationUser,M3UI-USER,MASHUP-User,,,,,,,,,,,,,,,,,,,,,,,,,,,,,,,,,,,,,,,,,,,,,,,,,,,,,,,,,,,,,,,,,,,,,,,,,,,,,,,,,,,,,,,,,,,,,,,,,,,,,,,,,,,,,,,,,,,,,,,,,,,,,,,,,,,,,,,,,,,,,,,,,,,,,,,,,,,,,,,,,,,,,,,,,,,,,,,,
STHOMPSON,Steinar,Thompson,Steinar.Thompson@heli-one.com,,Active,,3dd57e61-b8d3-444e-bc6a-1b8af9651658,Steinar.Thompson@heli-one.com,2026-04-20T07:16:14-07:00,,Steinar.Thompson@heli-one.com,,,,,,,,STHOMPSON,MingleEnterprise,Infor-SuiteUser,MingleIONEnabled,HOMEPAGES-User,IDM-User,IDM-RelatedInformationUser,M3UI-USER,MASHUP-User,,,,,,,,,,,,,,,,,,,,,,,,,,,,,,,,,,,,,,,,,,,,,,,,,,,,,,,,,,,,,,,,,,,,,,,,,,,,,,,,,,,,,,,,,,,,,,,,,,,,,,,,,,,,,,,,,,,,,,,,,,,,,,,,,,,,,,,,,,,,,,,,,,,,,,,,,,,,,,,,,,,,,,,,,,,,,,,,
SUGREEN,Susie,Green,Susie.Green@chcheli.com,,Active,,ef5aa05f-829f-4fe8-beb4-893b4445b868,Susie.Green@chcheli.com,2026-04-20T07:16:15-07:00,,Susie.Green@chcheli.com,,,,,,,,SUGREEN,MingleEnterprise,Infor-SuiteUser,MingleIONEnabled,HOMEPAGES-User,IDM-User,IDM-RelatedInformationUser,M3UI-USER,MASHUP-User,,,,,,,,,,,,,,,,,,,,,,,,,,,,,,,,,,,,,,,,,,,,,,,,,,,,,,,,,,,,,,,,,,,,,,,,,,,,,,,,,,,,,,,,,,,,,,,,,,,,,,,,,,,,,,,,,,,,,,,,,,,,,,,,,,,,,,,,,,,,,,,,,,,,,,,,,,,,,,,,,,,,,,,,,,,,,,,,
SWATSON,Steven,Watson,Steven.Watson@heli-one.com,,Active,,6cb89f91-e824-4d2a-9f4b-78e1c4ca60aa,Steven.Watson@heli-one.com,2026-04-20T07:16:15-07:00,,Steven.Watson@heli-one.com,,,,,,,,SWATSON,MingleEnterprise,Infor-SuiteUser,MingleIONEnabled,HOMEPAGES-User,IDM-User,IDM-RelatedInformationUser,M3UI-USER,MASHUP-User,,,,,,,,,,,,,,,,,,,,,,,,,,,,,,,,,,,,,,,,,,,,,,,,,,,,,,,,,,,,,,,,,,,,,,,,,,,,,,,,,,,,,,,,,,,,,,,,,,,,,,,,,,,,,,,,,,,,,,,,,,,,,,,,,,,,,,,,,,,,,,,,,,,,,,,,,,,,,,,,,,,,,,,,,,,,,,,,
cb6e3aad-b596-41a0-8410-de9ef40efc32,Ted,Bass,Ted.Bass@chcheli.com,,Active,,cb6e3aad-b596-41a0-8410-de9ef40efc32,Ted.Bass@chcheli.com,2026-04-20T07:16:15-07:00,,Ted.Bass@chcheli.com,,,,,,,,TBASS,MingleEnterprise,Infor-SuiteUser,MingleIONEnabled,HOMEPAGES-User,IDM-User,IDM-RelatedInformationUser,M3UI-USER,MASHUP-User,SRAPS111CLRW,,,,,,,,,,,,,,,,,,,,,,,,,,,,,,,,,,,,,,,,,,,,,,,,,,,,,,,,,,,,,,,,,,,,,,,,,,,,,,,,,,,,,,,,,,,,,,,,,,,,,,,,,,,,,,,,,,,,,,,,,,,,,,,,,,,,,,,,,,,,,,,,,,,,,,,,,,,,,,,,,,,,,,,,,,,,,,,
TCADGER,Tracy,Cadger,Tracy.Cadger@chcheli.com,Mrs,Active,,0573d5f1-60ed-4a41-b24d-84205198dc78,Tracy.Cadger@chcheli.com,2026-04-20T07:16:15-07:00,2026-04-22T04:58:10-07:00,Tracy.Cadger@chcheli.com,,,,,,,,TCADGER,MingleEnterprise,Infor-SuiteUser,MingleIONEnabled,HOMEPAGES-User,IDM-User,IDM-RelatedInformationUser,M3UI-USER,MASHUP-User,,,,,,,,,,,,,,,,,,,,,,,,,,,,,,,,,,,,,,,,,,,,,,,,,,,,,,,,,,,,,,,,,,,,,,,,,,,,,,,,,,,,,,,,,,,,,,,,,,,,,,,,,,,,,,,,,,,,,,,,,,,,,,,,,,,,,,,,,,,,,,,,,,,,,,,,,,,,,,,,,,,,,,,,,,,,,,,,
TCOSTA,Thais,Costa,thais.costa@chcheli.com,Analista Contábil,Active,,8c8eb043-6853-4866-9d41-84fd5f067e33,thais.costa@chcheli.com,2026-04-20T07:16:15-07:00,2026-04-27T06:47:28-07:00,thais.costa@chcheli.com,pt-BR,pt-BR,E. South America Standard Time,America/Sao_Paulo,setting,setting,system,TCOSTA,MingleEnterprise,Infor-SuiteUser,MingleIONEnabled,HOMEPAGES-User,IDM-User,IDM-RelatedInformationUser,M3UI-USER,MASHUP-User,,,,,,,,,,,,,,,,,,,,,,,,,,,,,,,,,,,,,,,,,,,,,,,,,,,,,,,,,,,,,,,,,,,,,,,,,,,,,,,,,,,,,,,,,,,,,,,,,,,,,,,,,,,,,,,,,,,,,,,,,,,,,,,,,,,,,,,,,,,,,,,,,,,,,,,,,,,,,,,,,,,,,,,,,,,,,,,,
TFREDRIK,Trine,Fredriksen,Trine.Fredriksen@chcheli.com,,Active,,bc66c38b-0962-4968-95d1-b79b2db2f1b6,Trine.Fredriksen@chcheli.com,2026-04-20T07:16:15-07:00,,Trine.Fredriksen@chcheli.com,,,,,,,,TFREDRIK,MingleEnterprise,Infor-SuiteUser,MingleIONEnabled,HOMEPAGES-User,IDM-User,IDM-RelatedInformationUser,M3UI-USER,MASHUP-User,,,,,,,,,,,,,,,,,,,,,,,,,,,,,,,,,,,,,,,,,,,,,,,,,,,,,,,,,,,,,,,,,,,,,,,,,,,,,,,,,,,,,,,,,,,,,,,,,,,,,,,,,,,,,,,,,,,,,,,,,,,,,,,,,,,,,,,,,,,,,,,,,,,,,,,,,,,,,,,,,,,,,,,,,,,,,,,,
THJAKOBSEN,Thorleif,Jakobsen,Thorleif.Jakobsen@heli-one.com,,Active,,eafdb007-33d1-47fa-9d8f-b380f110cdf1,Thorleif.Jakobsen@heli-one.com,2026-04-20T07:16:15-07:00,,Thorleif.Jakobsen@heli-one.com,,,,,,,,THJAKOBSEN,MingleEnterprise,Infor-SuiteUser,MingleIONEnabled,HOMEPAGES-User,IDM-User,IDM-RelatedInformationUser,M3UI-USER,MASHUP-User,,,,,,,,,,,,,,,,,,,,,,,,,,,,,,,,,,,,,,,,,,,,,,,,,,,,,,,,,,,,,,,,,,,,,,,,,,,,,,,,,,,,,,,,,,,,,,,,,,,,,,,,,,,,,,,,,,,,,,,,,,,,,,,,,,,,,,,,,,,,,,,,,,,,,,,,,,,,,,,,,,,,,,,,,,,,,,,,
db3ac80c-f825-48a2-929e-13b5c5dff895,Tim,Cox,Tim.Cox@chcheli.com,Account Manager,Active,,db3ac80c-f825-48a2-929e-13b5c5dff895,Tim.Cox@chcheli.com,2026-04-20T07:16:16-07:00,2026-04-27T13:48:36-07:00,Tim.Cox@chcheli.com,,,,,,,,TIMCOX,USERADMIN,Infor-SystemAdministrator,MingleEnterprise,Infor-SuiteUser,MingleIONEnabled,HOMEPAGES-User,IONDeskSecurityAdmin,IDM-User,IDM-RelatedInformationUser,M3UI-USER,MASHUP-User,SRAPS111CLRW,,,,,,,,,,,,,,,,,,,,,,,,,,,,,,,,,,,,,,,,,,,,,,,,,,,,,,,,,,,,,,,,,,,,,,,,,,,,,,,,,,,,,,,,,,,,,,,,,,,,,,,,,,,,,,,,,,,,,,,,,,,,,,,,,,,,,,,,,,,,,,,,,,,,,,,,,,,,,,,,,,,,,,,,,,,,
TJANSSEN,Tim,Janssen,Tim.Janssen@chcheli.com,,Active,,bed0fc1c-57d4-48ef-a336-e809ffad131a,Tim.Janssen@chcheli.com,2026-04-20T07:16:16-07:00,,Tim.Janssen@chcheli.com,,,,,,,,TJANSSEN,MingleEnterprise,Infor-SuiteUser,MingleIONEnabled,HOMEPAGES-User,IDM-User,IDM-RelatedInformationUser,M3UI-USER,MASHUP-User,,,,,,,,,,,,,,,,,,,,,,,,,,,,,,,,,,,,,,,,,,,,,,,,,,,,,,,,,,,,,,,,,,,,,,,,,,,,,,,,,,,,,,,,,,,,,,,,,,,,,,,,,,,,,,,,,,,,,,,,,,,,,,,,,,,,,,,,,,,,,,,,,,,,,,,,,,,,,,,,,,,,,,,,,,,,,,,,
TLAING,Tricia,Laing,Tricia.Laing@chcheli.com,,Active,,3d410a58-39ea-4b07-86d2-c78a35032aeb,Tricia.Laing@chcheli.com,2026-04-20T07:16:16-07:00,,Tricia.Laing@chcheli.com,,,,,,,,TLAING,MingleEnterprise,Infor-SuiteUser,MingleIONEnabled,HOMEPAGES-User,IDM-User,IDM-RelatedInformationUser,M3UI-USER,MASHUP-User,,,,,,,,,,,,,,,,,,,,,,,,,,,,,,,,,,,,,,,,,,,,,,,,,,,,,,,,,,,,,,,,,,,,,,,,,,,,,,,,,,,,,,,,,,,,,,,,,,,,,,,,,,,,,,,,,,,,,,,,,,,,,,,,,,,,,,,,,,,,,,,,,,,,,,,,,,,,,,,,,,,,,,,,,,,,,,,,
TMCCABE,Teresa,McCabe,Teresa.McCabe@chcheli.com,,Active,,d753f75b-7753-49a5-b72a-6194ac6b079b,Teresa.McCabe@chcheli.com,2026-04-20T07:16:16-07:00,,Teresa.McCabe@chcheli.com,,,,,,,,TMCCABE,MingleEnterprise,Infor-SuiteUser,MingleIONEnabled,HOMEPAGES-User,IDM-User,IDM-RelatedInformationUser,M3UI-USER,MASHUP-User,,,,,,,,,,,,,,,,,,,,,,,,,,,,,,,,,,,,,,,,,,,,,,,,,,,,,,,,,,,,,,,,,,,,,,,,,,,,,,,,,,,,,,,,,,,,,,,,,,,,,,,,,,,,,,,,,,,,,,,,,,,,,,,,,,,,,,,,,,,,,,,,,,,,,,,,,,,,,,,,,,,,,,,,,,,,,,,,
TOKING,tori,king,tori.king@chcheli.com,,Active,,559a45b2-4657-414b-b383-52198525499f,tori.king@chcheli.com,2026-04-20T07:16:16-07:00,,tori.king@chcheli.com,,,,,,,,TOKING,MingleEnterprise,Infor-SuiteUser,MingleIONEnabled,HOMEPAGES-User,IDM-User,IDM-RelatedInformationUser,M3UI-USER,MASHUP-User,,,,,,,,,,,,,,,,,,,,,,,,,,,,,,,,,,,,,,,,,,,,,,,,,,,,,,,,,,,,,,,,,,,,,,,,,,,,,,,,,,,,,,,,,,,,,,,,,,,,,,,,,,,,,,,,,,,,,,,,,,,,,,,,,,,,,,,,,,,,,,,,,,,,,,,,,,,,,,,,,,,,,,,,,,,,,,,,
TOLSON01,Piers,Tolson,Piers.Tolson@heli-one.com,,Active,,ad4e199c-e5db-4703-884a-69e86ca5bc2a,Piers.Tolson@heli-one.com,2026-04-20T07:16:16-07:00,,Piers.Tolson@heli-one.com,,,,,,,,TOLSON01,MingleEnterprise,Infor-SuiteUser,MingleIONEnabled,HOMEPAGES-User,IDM-User,IDM-RelatedInformationUser,M3UI-USER,MASHUP-User,,,,,,,,,,,,,,,,,,,,,,,,,,,,,,,,,,,,,,,,,,,,,,,,,,,,,,,,,,,,,,,,,,,,,,,,,,,,,,,,,,,,,,,,,,,,,,,,,,,,,,,,,,,,,,,,,,,,,,,,,,,,,,,,,,,,,,,,,,,,,,,,,,,,,,,,,,,,,,,,,,,,,,,,,,,,,,,,
TPRUE,Tim,Prue,Tim.Prue@chcheli.com,,Active,,e9185870-d274-41d9-955f-323562a27d37,Tim.Prue@chcheli.com,2026-04-20T07:16:16-07:00,,Tim.Prue@chcheli.com,,,,,,,,TPRUE,MingleEnterprise,Infor-SuiteUser,MingleIONEnabled,HOMEPAGES-User,IDM-User,IDM-RelatedInformationUser,M3UI-USER,MASHUP-User,,,,,,,,,,,,,,,,,,,,,,,,,,,,,,,,,,,,,,,,,,,,,,,,,,,,,,,,,,,,,,,,,,,,,,,,,,,,,,,,,,,,,,,,,,,,,,,,,,,,,,,,,,,,,,,,,,,,,,,,,,,,,,,,,,,,,,,,,,,,,,,,,,,,,,,,,,,,,,,,,,,,,,,,,,,,,,,,
TRODRIGU,tuanny,rodrigues,tuanny.rodrigues@chcheli.com,,Active,,9bffe77c-06e1-4ef2-8b66-29171fd8a470,tuanny.rodrigues@chcheli.com,2026-04-20T07:16:17-07:00,,tuanny.rodrigues@chcheli.com,,,,,,,,TRODRIGU,MingleEnterprise,Infor-SuiteUser,MingleIONEnabled,HOMEPAGES-User,IDM-User,IDM-RelatedInformationUser,M3UI-USER,MASHUP-User,,,,,,,,,,,,,,,,,,,,,,,,,,,,,,,,,,,,,,,,,,,,,,,,,,,,,,,,,,,,,,,,,,,,,,,,,,,,,,,,,,,,,,,,,,,,,,,,,,,,,,,,,,,,,,,,,,,,,,,,,,,,,,,,,,,,,,,,,,,,,,,,,,,,,,,,,,,,,,,,,,,,,,,,,,,,,,,,
TROSENBERG,Tone,Rosenberg,Tone.Rosenberg@heli-one.com,,Active,,1ba83936-4c65-4c81-8cea-7c8c1b1050b7,Tone.Rosenberg@heli-one.com,2026-04-20T07:16:17-07:00,,Tone.Rosenberg@heli-one.com,,,,,,,,TROSENBERG,MingleEnterprise,Infor-SuiteUser,MingleIONEnabled,HOMEPAGES-User,IDM-User,IDM-RelatedInformationUser,M3UI-USER,MASHUP-User,,,,,,,,,,,,,,,,,,,,,,,,,,,,,,,,,,,,,,,,,,,,,,,,,,,,,,,,,,,,,,,,,,,,,,,,,,,,,,,,,,,,,,,,,,,,,,,,,,,,,,,,,,,,,,,,,,,,,,,,,,,,,,,,,,,,,,,,,,,,,,,,,,,,,,,,,,,,,,,,,,,,,,,,,,,,,,,,
TTHOMASSEN,Terje,Thomassen,Terje.Thomassen@heli-one.com,,Active,,ba566909-b75e-4229-9b35-771b5ea26f01,Terje.Thomassen@heli-one.com,2026-04-20T07:16:17-07:00,,Terje.Thomassen@heli-one.com,,,,,,,,TTHOMASSEN,MingleEnterprise,Infor-SuiteUser,MingleIONEnabled,HOMEPAGES-User,IDM-User,IDM-RelatedInformationUser,M3UI-USER,MASHUP-User,,,,,,,,,,,,,,,,,,,,,,,,,,,,,,,,,,,,,,,,,,,,,,,,,,,,,,,,,,,,,,,,,,,,,,,,,,,,,,,,,,,,,,,,,,,,,,,,,,,,,,,,,,,,,,,,,,,,,,,,,,,,,,,,,,,,,,,,,,,,,,,,,,,,,,,,,,,,,,,,,,,,,,,,,,,,,,,,
TVILLARD,Tore,Villard,Tore.Villard@chcheli.com,,Active,,6e348812-2221-4c2c-9496-217558d38a85,Tore.Villard@chcheli.com,2026-04-20T07:16:17-07:00,,Tore.Villard@chcheli.com,,,,,,,,TVILLARD,MingleEnterprise,Infor-SuiteUser,MingleIONEnabled,HOMEPAGES-User,IDM-User,IDM-RelatedInformationUser,M3UI-USER,MASHUP-User,SRAPS111CLRW,,,,,,,,,,,,,,,,,,,,,,,,,,,,,,,,,,,,,,,,,,,,,,,,,,,,,,,,,,,,,,,,,,,,,,,,,,,,,,,,,,,,,,,,,,,,,,,,,,,,,,,,,,,,,,,,,,,,,,,,,,,,,,,,,,,,,,,,,,,,,,,,,,,,,,,,,,,,,,,,,,,,,,,,,,,,,,,
0af59c45-054e-4b3d-b2ac-6e1017472954,Umesh,Patil,Umesh.Patil@chcheli.com,,Active,,0af59c45-054e-4b3d-b2ac-6e1017472954,Umesh.Patil@chcheli.com,2026-04-20T07:16:17-07:00,,Umesh.Patil@chcheli.com,,,,,,,,UPATIL,MingleEnterprise,Infor-SuiteUser,MingleIONEnabled,HOMEPAGES-User,IDM-User,IDM-RelatedInformationUser,M3UI-USER,MASHUP-User,,,,,,,,,,,,,,,,,,,,,,,,,,,,,,,,,,,,,,,,,,,,,,,,,,,,,,,,,,,,,,,,,,,,,,,,,,,,,,,,,,,,,,,,,,,,,,,,,,,,,,,,,,,,,,,,,,,,,,,,,,,,,,,,,,,,,,,,,,,,,,,,,,,,,,,,,,,,,,,,,,,,,,,,,,,,,,,,
URITAB,Uri,Tabachnicov,Uri.Tabachnicov@heli-one.com,,Active,,84bb88f8-ab29-488f-9596-fae0d834edf8,Uri.Tabachnicov@heli-one.com,2026-04-20T07:16:17-07:00,,Uri.Tabachnicov@heli-one.com,,,,,,,,URITAB,MingleEnterprise,Infor-SuiteUser,MingleIONEnabled,HOMEPAGES-User,IDM-User,IDM-RelatedInformationUser,M3UI-USER,MASHUP-User,,,,,,,,,,,,,,,,,,,,,,,,,,,,,,,,,,,,,,,,,,,,,,,,,,,,,,,,,,,,,,,,,,,,,,,,,,,,,,,,,,,,,,,,,,,,,,,,,,,,,,,,,,,,,,,,,,,,,,,,,,,,,,,,,,,,,,,,,,,,,,,,,,,,,,,,,,,,,,,,,,,,,,,,,,,,,,,,
VASOUZA,Vagner,Souza,Vagner.Souza@chcheli.com,Analista Contabil Pleno,Active,,f0300535-b8e3-4cd4-8d91-03bab565513a,Vagner.Souza@chcheli.com,2026-04-20T07:16:17-07:00,2026-05-08T05:29:33-07:00,Vagner.Souza@chcheli.com,pt-BR,pt-BR,E. South America Standard Time,America/Sao_Paulo,setting,setting,setting,VASOUZA,MingleEnterprise,Infor-SuiteUser,MingleIONEnabled,HOMEPAGES-User,IDM-User,IDM-RelatedInformationUser,M3UI-USER,MASHUP-User,,,,,,,,,,,,,,,,,,,,,,,,,,,,,,,,,,,,,,,,,,,,,,,,,,,,,,,,,,,,,,,,,,,,,,,,,,,,,,,,,,,,,,,,,,,,,,,,,,,,,,,,,,,,,,,,,,,,,,,,,,,,,,,,,,,,,,,,,,,,,,,,,,,,,,,,,,,,,,,,,,,,,,,,,,,,,,,,
VGRIMSLI,Vibekke,Grimsli,Vibekke.Grimsli@heli-one.com,,Active,,0600b161-a2ba-439b-8fad-015c1af8d11b,Vibekke.Grimsli@heli-one.com,2026-04-20T07:16:18-07:00,,Vibekke.Grimsli@heli-one.com,,,,,,,,VGRIMSLI,MingleEnterprise,Infor-SuiteUser,MingleIONEnabled,HOMEPAGES-User,IDM-User,IDM-RelatedInformationUser,M3UI-USER,MASHUP-User,,,,,,,,,,,,,,,,,,,,,,,,,,,,,,,,,,,,,,,,,,,,,,,,,,,,,,,,,,,,,,,,,,,,,,,,,,,,,,,,,,,,,,,,,,,,,,,,,,,,,,,,,,,,,,,,,,,,,,,,,,,,,,,,,,,,,,,,,,,,,,,,,,,,,,,,,,,,,,,,,,,,,,,,,,,,,,,,
VISILVA,Victor,Silva,Victor.Silva@chcheli.com,,Active,,7d566314-d921-46e7-9918-7584f14192df,Victor.Silva@chcheli.com,2026-04-20T07:16:18-07:00,,Victor.Silva@chcheli.com,,,,,,,,VISILVA,MingleEnterprise,Infor-SuiteUser,MingleIONEnabled,HOMEPAGES-User,IDM-User,IDM-RelatedInformationUser,M3UI-USER,MASHUP-User,,,,,,,,,,,,,,,,,,,,,,,,,,,,,,,,,,,,,,,,,,,,,,,,,,,,,,,,,,,,,,,,,,,,,,,,,,,,,,,,,,,,,,,,,,,,,,,,,,,,,,,,,,,,,,,,,,,,,,,,,,,,,,,,,,,,,,,,,,,,,,,,,,,,,,,,,,,,,,,,,,,,,,,,,,,,,,,,
VJADHAV,vaibhav,jadhav,vaibhav.jadhav@chcheli.com,,Active,,0d632c2f-e20a-41a5-9af2-6658deef1b76,vaibhav.jadhav@chcheli.com,2026-04-20T07:16:18-07:00,,vaibhav.jadhav@chcheli.com,,,,,,,,VJADHAV,MingleEnterprise,Infor-SuiteUser,MingleIONEnabled,HOMEPAGES-User,IDM-User,IDM-RelatedInformationUser,M3UI-USER,MASHUP-User,,,,,,,,,,,,,,,,,,,,,,,,,,,,,,,,,,,,,,,,,,,,,,,,,,,,,,,,,,,,,,,,,,,,,,,,,,,,,,,,,,,,,,,,,,,,,,,,,,,,,,,,,,,,,,,,,,,,,,,,,,,,,,,,,,,,,,,,,,,,,,,,,,,,,,,,,,,,,,,,,,,,,,,,,,,,,,,,
VMORAES,Vanessa,Moraes,Vanessa.Moraes@CHCHeli.com,Financial Analyst,Active,,62ed8de1-1e5a-4b7c-b846-7a3313952c2b,Vanessa.Moraes@CHCHeli.com,2026-04-20T07:16:18-07:00,2026-08-12T04:52:04-07:00,Vanessa.Moraes@CHCHeli.com,,,,,,,,VMORAES,MingleEnterprise,Infor-SuiteUser,MingleIONEnabled,HOMEPAGES-User,IDM-User,IDM-RelatedInformationUser,M3UI-USER,MASHUP-User,,,,,,,,,,,,,,,,,,,,,,,,,,,,,,,,,,,,,,,,,,,,,,,,,,,,,,,,,,,,,,,,,,,,,,,,,,,,,,,,,,,,,,,,,,,,,,,,,,,,,,,,,,,,,,,,,,,,,,,,,,,,,,,,,,,,,,,,,,,,,,,,,,,,,,,,,,,,,,,,,,,,,,,,,,,,,,,,
VMUDGAL,Varsha,Mudgal,Varsha.Mudgal@chcheli.com,,Active,,23b251c6-4302-4a4b-a0f7-628d12267c31,Varsha.Mudgal@chcheli.com,2026-04-20T07:16:18-07:00,,Varsha.Mudgal@chcheli.com,,,,,,,,VMUDGAL,MingleEnterprise,Infor-SuiteUser,MingleIONEnabled,HOMEPAGES-User,IDM-User,IDM-RelatedInformationUser,M3UI-USER,MASHUP-User,,,,,,,,,,,,,,,,,,,,,,,,,,,,,,,,,,,,,,,,,,,,,,,,,,,,,,,,,,,,,,,,,,,,,,,,,,,,,,,,,,,,,,,,,,,,,,,,,,,,,,,,,,,,,,,,,,,,,,,,,,,,,,,,,,,,,,,,,,,,,,,,,,,,,,,,,,,,,,,,,,,,,,,,,,,,,,,,
VREITAN,Veronica,Reitan,Veronica.Reitan@chcheli.com,,Active,,159c0926-9c82-4231-b90d-7f5aa5fe9f0f,Veronica.Reitan@chcheli.com,2026-04-20T07:16:18-07:00,,Veronica.Reitan@chcheli.com,,,,,,,,VREITAN,MingleEnterprise,Infor-SuiteUser,MingleIONEnabled,HOMEPAGES-User,IDM-User,IDM-RelatedInformationUser,M3UI-USER,MASHUP-User,,,,,,,,,,,,,,,,,,,,,,,,,,,,,,,,,,,,,,,,,,,,,,,,,,,,,,,,,,,,,,,,,,,,,,,,,,,,,,,,,,,,,,,,,,,,,,,,,,,,,,,,,,,,,,,,,,,,,,,,,,,,,,,,,,,,,,,,,,,,,,,,,,,,,,,,,,,,,,,,,,,,,,,,,,,,,,,,
VSATPUTE,vaibhav,satpute,vaibhav.satpute@chcheli.com,,Active,,2b47b5f0-ab17-467a-ae09-8fcaf9f8d859,vaibhav.satpute@chcheli.com,2026-04-20T07:16:19-07:00,,vaibhav.satpute@chcheli.com,,,,,,,,VSATPUTE,MingleEnterprise,Infor-SuiteUser,MingleIONEnabled,HOMEPAGES-User,IDM-User,IDM-RelatedInformationUser,M3UI-USER,MASHUP-User,,,,,,,,,,,,,,,,,,,,,,,,,,,,,,,,,,,,,,,,,,,,,,,,,,,,,,,,,,,,,,,,,,,,,,,,,,,,,,,,,,,,,,,,,,,,,,,,,,,,,,,,,,,,,,,,,,,,,,,,,,,,,,,,,,,,,,,,,,,,,,,,,,,,,,,,,,,,,,,,,,,,,,,,,,,,,,,,
WACARVEL,Wallace,Carvel,Wallace.Carvel@CHCHeli.com,,Active,,40d8b03b-f478-479c-a3cc-8ebf16098782,Wallace.Carvel@CHCHeli.com,2026-04-20T07:16:19-07:00,,Wallace.Carvel@CHCHeli.com,,,,,,,,WACARVEL,MingleEnterprise,Infor-SuiteUser,MingleIONEnabled,HOMEPAGES-User,IDM-User,IDM-RelatedInformationUser,M3UI-USER,MASHUP-User,,,,,,,,,,,,,,,,,,,,,,,,,,,,,,,,,,,,,,,,,,,,,,,,,,,,,,,,,,,,,,,,,,,,,,,,,,,,,,,,,,,,,,,,,,,,,,,,,,,,,,,,,,,,,,,,,,,,,,,,,,,,,,,,,,,,,,,,,,,,,,,,,,,,,,,,,,,,,,,,,,,,,,,,,,,,,,,,
WCAMARGO,Wellington,Camargo,Wellington.Camargo@chcheli.com,,Active,,f0fb80b8-9ab1-46df-a7a4-d9dba6c20179,Wellington.Camargo@chcheli.com,2026-04-20T07:16:19-07:00,,Wellington.Camargo@chcheli.com,,,,,,,,WCAMARGO,MingleEnterprise,Infor-SuiteUser,MingleIONEnabled,HOMEPAGES-User,IDM-User,IDM-RelatedInformationUser,M3UI-USER,MASHUP-User,,,,,,,,,,,,,,,,,,,,,,,,,,,,,,,,,,,,,,,,,,,,,,,,,,,,,,,,,,,,,,,,,,,,,,,,,,,,,,,,,,,,,,,,,,,,,,,,,,,,,,,,,,,,,,,,,,,,,,,,,,,,,,,,,,,,,,,,,,,,,,,,,,,,,,,,,,,,,,,,,,,,,,,,,,,,,,,,
WECAMARGO,Wemerson,Camargo,Wemerson.Camargo@heli-one.com,,Active,,51e59467-fce0-4bd7-9453-af02fc5d4813,Wemerson.Camargo@heli-one.com,2026-04-20T07:16:19-07:00,,Wemerson.Camargo@heli-one.com,,,,,,,,WECAMARGO,MingleEnterprise,Infor-SuiteUser,MingleIONEnabled,HOMEPAGES-User,IDM-User,IDM-RelatedInformationUser,M3UI-USER,MASHUP-User,,,,,,,,,,,,,,,,,,,,,,,,,,,,,,,,,,,,,,,,,,,,,,,,,,,,,,,,,,,,,,,,,,,,,,,,,,,,,,,,,,,,,,,,,,,,,,,,,,,,,,,,,,,,,,,,,,,,,,,,,,,,,,,,,,,,,,,,,,,,,,,,,,,,,,,,,,,,,,,,,,,,,,,,,,,,,,,,
WESILVA,Wellington,Silva2,Wellington.Silva2@chcheli.com,,Active,,928f7199-ae84-4ef4-9d2e-8ab53e8c7bb8,Wellington.Silva2@chcheli.com,2026-04-20T07:16:19-07:00,,Wellington.Silva2@chcheli.com,,,,,,,,WESILVA,MingleEnterprise,Infor-SuiteUser,MingleIONEnabled,HOMEPAGES-User,IDM-User,IDM-RelatedInformationUser,M3UI-USER,MASHUP-User,,,,,,,,,,,,,,,,,,,,,,,,,,,,,,,,,,,,,,,,,,,,,,,,,,,,,,,,,,,,,,,,,,,,,,,,,,,,,,,,,,,,,,,,,,,,,,,,,,,,,,,,,,,,,,,,,,,,,,,,,,,,,,,,,,,,,,,,,,,,,,,,,,,,,,,,,,,,,,,,,,,,,,,,,,,,,,,,
WESPEDAL,Wenche,Espedal,Wenche.Espedal@heli-one.com,,Active,,73d46df1-fec5-49be-a6d5-1a7bf0ebe63a,Wenche.Espedal@heli-one.com,2026-04-20T07:16:19-07:00,,Wenche.Espedal@heli-one.com,,,,,,,,WESPEDAL,MingleEnterprise,Infor-SuiteUser,MingleIONEnabled,HOMEPAGES-User,IDM-User,IDM-RelatedInformationUser,M3UI-USER,MASHUP-User,,,,,,,,,,,,,,,,,,,,,,,,,,,,,,,,,,,,,,,,,,,,,,,,,,,,,,,,,,,,,,,,,,,,,,,,,,,,,,,,,,,,,,,,,,,,,,,,,,,,,,,,,,,,,,,,,,,,,,,,,,,,,,,,,,,,,,,,,,,,,,,,,,,,,,,,,,,,,,,,,,,,,,,,,,,,,,,,
WIJGER01,Bert,van.de.Wijgerd,Bert.van.de.Wijgerd@chcheli.com,,Active,,e5b73b03-c7cf-4997-9b44-ba85227ef7c2,Bert.van.de.Wijgerd@chcheli.com,2026-04-20T07:16:19-07:00,,Bert.van.de.Wijgerd@chcheli.com,,,,,,,,WIJGER01,MingleEnterprise,Infor-SuiteUser,MingleIONEnabled,HOMEPAGES-User,IDM-User,IDM-RelatedInformationUser,M3UI-USER,MASHUP-User,,,,,,,,,,,,,,,,,,,,,,,,,,,,,,,,,,,,,,,,,,,,,,,,,,,,,,,,,,,,,,,,,,,,,,,,,,,,,,,,,,,,,,,,,,,,,,,,,,,,,,,,,,,,,,,,,,,,,,,,,,,,,,,,,,,,,,,,,,,,,,,,,,,,,,,,,,,,,,,,,,,,,,,,,,,,,,,,
WMENDONC,Wallace,Mendonca,Wallace.Mendonca@chcheli.com,,Active,,e8ea4f9b-9212-432a-8a9b-7871524a68f3,Wallace.Mendonca@chcheli.com,2026-04-20T07:16:20-07:00,,Wallace.Mendonca@chcheli.com,,,,,,,,WMENDONC,MingleEnterprise,Infor-SuiteUser,MingleIONEnabled,HOMEPAGES-User,IDM-User,IDM-RelatedInformationUser,M3UI-USER,MASHUP-User,,,,,,,,,,,,,,,,,,,,,,,,,,,,,,,,,,,,,,,,,,,,,,,,,,,,,,,,,,,,,,,,,,,,,,,,,,,,,,,,,,,,,,,,,,,,,,,,,,,,,,,,,,,,,,,,,,,,,,,,,,,,,,,,,,,,,,,,,,,,,,,,,,,,,,,,,,,,,,,,,,,,,,,,,,,,,,,,
WSTEWART,Will,Stewart,Will.Stewart@chcheli.com,,Active,,5dfa145f-ba26-47d0-87b5-a050dda8d61f,Will.Stewart@chcheli.com,2026-04-20T07:16:20-07:00,,Will.Stewart@chcheli.com,,,,,,,,WSTEWART,MingleEnterprise,Infor-SuiteUser,MingleIONEnabled,HOMEPAGES-User,IDM-User,IDM-RelatedInformationUser,M3UI-USER,MASHUP-User,,,,,,,,,,,,,,,,,,,,,,,,,,,,,,,,,,,,,,,,,,,,,,,,,,,,,,,,,,,,,,,,,,,,,,,,,,,,,,,,,,,,,,,,,,,,,,,,,,,,,,,,,,,,,,,,,,,,,,,,,,,,,,,,,,,,,,,,,,,,,,,,,,,,,,,,,,,,,,,,,,,,,,,,,,,,,,,,
WSZCZEPA,Witold,Szczepanski,Witold.Szczepanski@heli-one.com,,Active,,3e69d29a-4d2a-4bfa-86ef-18ebb43adc88,Witold.Szczepanski@heli-one.com,2026-04-20T07:16:20-07:00,,Witold.Szczepanski@heli-one.com,,,,,,,,WSZCZEPA,MingleEnterprise,Infor-SuiteUser,MingleIONEnabled,HOMEPAGES-User,IDM-User,IDM-RelatedInformationUser,M3UI-USER,MASHUP-User,,,,,,,,,,,,,,,,,,,,,,,,,,,,,,,,,,,,,,,,,,,,,,,,,,,,,,,,,,,,,,,,,,,,,,,,,,,,,,,,,,,,,,,,,,,,,,,,,,,,,,,,,,,,,,,,,,,,,,,,,,,,,,,,,,,,,,,,,,,,,,,,,,,,,,,,,,,,,,,,,,,,,,,,,,,,,,,,
XHU,Sam,Hu,Sam.Hu@chcheli.com,,Active,,202ae493-0cd8-42e2-ac17-9a59dbecc91c,Sam.Hu@chcheli.com,2026-04-20T07:16:20-07:00,,Sam.Hu@chcheli.com,,,,,,,,XHU,MingleEnterprise,Infor-SuiteUser,MingleIONEnabled,HOMEPAGES-User,IDM-User,IDM-RelatedInformationUser,M3UI-USER,MASHUP-User,,,,,,,,,,,,,,,,,,,,,,,,,,,,,,,,,,,,,,,,,,,,,,,,,,,,,,,,,,,,,,,,,,,,,,,,,,,,,,,,,,,,,,,,,,,,,,,,,,,,,,,,,,,,,,,,,,,,,,,,,,,,,,,,,,,,,,,,,,,,,,,,,,,,,,,,,,,,,,,,,,,,,,,,,,,,,,,,
YWAYKAR,Yukta,Waykar,Yukta.Waykar@CHCHeli.com,,Active,,1652216b-9cca-41c3-9811-0615ed637f3d,Yukta.Waykar@CHCHeli.com,2026-04-20T07:16:20-07:00,,Yukta.Waykar@CHCHeli.com,,,,,,,,YWAYKAR,MingleEnterprise,Infor-SuiteUser,MingleIONEnabled,HOMEPAGES-User,IDM-User,IDM-RelatedInformationUser,M3UI-USER,MASHUP-User,,,,,,,,,,,,,,,,,,,,,,,,,,,,,,,,,,,,,,,,,,,,,,,,,,,,,,,,,,,,,,,,,,,,,,,,,,,,,,,,,,,,,,,,,,,,,,,,,,,,,,,,,,,,,,,,,,,,,,,,,,,,,,,,,,,,,,,,,,,,,,,,,,,,,,,,,,,,,,,,,,,,,,,,,,,,,,,,
3383adb1-f7a5-4252-a37f-dc3f011df871,Milan,Dragović,milan.dragovic@chcheli.com,Software Architect,Active,,3383adb1-f7a5-4252-a37f-dc3f011df871,milan.dragovic@chcheli.com,2026-05-19T14:37:05-07:00,2026-05-20T09:10:31-07:00,milan.dragovic@chcheli.com,,,,,,,,MDRAGOVI,USERADMIN,DataAdministrator,AttributeServiceCaller,Infor-SystemAdministrator,IFS-ExternalEntityAdmin,IFS-ReadOnlyUser,IFS-AuditReportUser,IFS-AuditAdministrator,IFS-MonitorReportUser,IFS-MonitorAdministrator,IFS-PasswordAdmin,MingleEnterprise,Infor-SuiteUser,MingleIONEnabled,MingleAdministrator,MingleDataAdministrator,PORTAL-User,PORTAL-ContentAdministrator,GRID-SystemAdministrator,GRID-Viewer,GRID-Administrator,HOMEPAGES-Administrator,HOMEPAGES-ContentAdministrator,HOMEPAGES-User,HOMEPAGES-ContentSupport,IONDeskSecurityAdmin,IONDeskAdmin,IONContentProvider,IONDeskOAuthGenerator,Mingle-LocatorView,IFSAdminContact,IONAPI-Tracing,IONAPI-User,IONAPI-Administrator,DATALAKE-User,DATALAKE-DataAdministrator,DATALAKE-SystemAdministrator,DECISIONSERVICE-Editor,DECISIONSERVICE-Approver,INBOX-PowerUser,SmartHelpUser,IDM-User,IDM-AdvancedUser,IDM-Administrator,IDM-SuperUser,IDM-RelatedInformationUser,IDM-SignatureUser,GDPR-Collaboration-ChiefDataProtectionOfficer,GDPR-Collaboration-DataProtectionOfficer,GDPR-App-Administrator,DATAFABRIC-SuperAdmin,DATAFABRIC-User,ENTERPRISESEARCH-Admin,ENTERPRISESEARCH-User,ENTERPRISESEARCH-PowerUser,M3EC-Administrator,M3EC-User,M3EC-ClientDesigntime,M3-DLSubscriptionAdmin,M3BE-FATAdmin-Exporter,M3UI-StartPageAdministrator,M3UI-DebugUser,M3UI-Administrator,M3UI-USER,M3UI-Designer,M3BDP-Administrator,M3BDP-USER,MASHUP-Administrator,MASHUP-User,IECEC-Administrator,IECEC-User,M3BE-FATAdmin,M3BE-FndAdmin,M3BE-FndUser,M3BE-ServicesAdmin,M3BE-CryptoAdmin,M3BE-ExtensionsAdmin,M3BE-ExtensionsViewer,M3BE-DBViewer,M3BE-DBAdmin,M3BE-FndFlagAdmin,M3BE-FileViewer,M3BE-FileAdmin,M3BE-ConfigAdmin,M3BE-ConfigUser,M3BE-LogEnabler,M3BE-SystemAdministrator,M3BE-DBAdmin-ReadToken,EVENTHUB-Administrator,EVENTHUB-User,M3MDP-USER,M3CE_About_Viewer,M3ENTERPRISESEARCH-Administrator,IPW-User,Birst-SystemAdministrator,Birst-User,MONGOOSE-UG-CoreFormsAdmin,MONGOOSE-UG-CoreFormsDeveloper,MONGOOSE-UG-CoreFormsEndUser,MONGOOSE-UG-CoreIDOs,MONGOOSE-LM-MGCoreAutomation,MONGOOSE-LM-MGCoreTrans,MONGOOSE-LM-MGDataViews,MONGOOSE-LM-MGDeveloper,MONGOOSE-LM-MGUserCreatedForms,MONGOOSE-LM-MGUserCreatedIDOs,MONGOOSE-LM-MGPAAS,MONGOOSE-LM-MGM3InterfaceForms,MONGOOSE-LM-MGM3InterfaceIDOs,MONGOOSE-LM-MGAppBuilder,APPBUILDER-Administrator,APPBUILDER-User,APPBUILDER-Designer,LCLLSP-User,LCLLSP-Admin,LCLLSP-PrivilegedUser,LCLLSP-ServiceAdmin,LCLLSP-AppAdmin,LCLLSP-SupAdmin,LCLLSP-StdAdmin,LCLLSP-StdUser,M3A Administrators,M3A Developers,M3A SALES,M3A Procurement,M3A Finance,M3A Production,M3A RENTAL,M3ADISBIRST-Model-Administrator,M3ADISBIRST-Extension-Administrator,M3ADISBIRST-Consumer-Administrator,M3ADISBIRST-User,M3A Warehouse,M3A Default Subject Area,IFSApplicationAdmin,IFS-ShowUserManagementUI,IFS-GroupsAdmin,IFS-GroupsUpdate,IFS-GroupsReadOnlyUser,IFS-ReadOnly,M3MDP-TESTAPI,INBOX-Admin,M3DMP-Contributor,M3UI-Approver,M3A Opportunity Management,IONAPI-Developer,M3CPW-User,IAD-DataMaintainer,IAD-Designer,IAD-Publisher,IAD-TemplateBuilder,M3ACM-User,M3ACM-Viewer,IPI-ModelerAdmin,IPI-ModelerViewer,IPI-ModelerDesigner,PORTAL-ContentPublisher,M3BE-PowerUser,M3BE-LicenseType1,M3BE-LicenseType2,M3BE-LicenseType3,M3BE-LicenseType6-FT,M3BE-LicenseType6-SHUB,M3HealthService-Administrator,IONAPI-BaaS-Administrator,IONAPI-BaaS-DataAdministrator,IONAPI-BaaS-Developer,IONAPI-BaaS-User,M3BE-DBUpdater,DATAFABRIC-HealthServiceAdmin,PORTAL-AnnouncementAdministrator,M3BE-DBAdmin-PrdToken,M3BE-LicenseType4,SMARTHELP-Administrator,DocBits-User,M3BE-FATAdmin-PRD-UpperLimitRuleToken,M3BE-FATAdmin-DeleteData,M3BE-FATAdmin-PRD-DeleteDataToken,M3BE-FATAdmin-PRD-ConfigureUpperLimit,IFSApplicationAdmin,,,,
cfc9f8c2-1c1c-426a-a916-e17cca7ed39e,Nikola,Lelekovic,nikola.lelekovic@chcheli.com,,Active,,cfc9f8c2-1c1c-426a-a916-e17cca7ed39e,nikola.lelekovic@chcheli.com,2026-05-19T14:37:06-07:00,2026-08-17T09:45:44-07:00,nikola.lelekovic@chcheli.com,,,,,,,,NLELEKOV,USERADMIN,DataAdministrator,AttributeServiceCaller,Infor-SystemAdministrator,IFS-ExternalEntityAdmin,IFS-ReadOnlyUser,IFS-AuditReportUser,IFS-AuditAdministrator,IFS-MonitorReportUser,IFS-MonitorAdministrator,IFS-PasswordAdmin,MingleEnterprise,Infor-SuiteUser,MingleIONEnabled,MingleAdministrator,MingleDataAdministrator,PORTAL-User,PORTAL-ContentAdministrator,GRID-SystemAdministrator,GRID-Viewer,GRID-Administrator,HOMEPAGES-Administrator,HOMEPAGES-ContentAdministrator,HOMEPAGES-User,HOMEPAGES-ContentSupport,IONDeskSecurityAdmin,IONDeskAdmin,IONContentProvider,IONDeskOAuthGenerator,Mingle-LocatorView,IFSAdminContact,IONAPI-Tracing,IONAPI-User,IONAPI-Administrator,DATALAKE-User,DATALAKE-DataAdministrator,DATALAKE-SystemAdministrator,DECISIONSERVICE-Editor,DECISIONSERVICE-Approver,INBOX-PowerUser,SmartHelpUser,IDM-User,IDM-AdvancedUser,IDM-Administrator,IDM-SuperUser,IDM-RelatedInformationUser,IDM-SignatureUser,GDPR-Collaboration-ChiefDataProtectionOfficer,GDPR-Collaboration-DataProtectionOfficer,GDPR-App-Administrator,DATAFABRIC-SuperAdmin,DATAFABRIC-User,ENTERPRISESEARCH-Admin,ENTERPRISESEARCH-User,ENTERPRISESEARCH-PowerUser,M3EC-Administrator,M3EC-User,M3EC-ClientDesigntime,M3-DLSubscriptionAdmin,M3BE-FATAdmin-Exporter,M3UI-StartPageAdministrator,M3UI-DebugUser,M3UI-Administrator,M3UI-USER,M3UI-Designer,M3BDP-Administrator,M3BDP-USER,MASHUP-Administrator,MASHUP-User,IECEC-Administrator,IECEC-User,M3BE-FATAdmin,M3BE-FndAdmin,M3BE-FndUser,M3BE-ServicesAdmin,M3BE-CryptoAdmin,M3BE-ExtensionsAdmin,M3BE-ExtensionsViewer,M3BE-DBViewer,M3BE-DBAdmin,M3BE-FndFlagAdmin,M3BE-FileViewer,M3BE-FileAdmin,M3BE-ConfigAdmin,M3BE-ConfigUser,M3BE-LogEnabler,M3BE-SystemAdministrator,M3BE-DBAdmin-ReadToken,EVENTHUB-Administrator,EVENTHUB-User,M3MDP-USER,M3CE_About_Viewer,M3ENTERPRISESEARCH-Administrator,IPW-User,Birst-SystemAdministrator,Birst-User,MONGOOSE-UG-CoreFormsAdmin,MONGOOSE-UG-CoreFormsDeveloper,MONGOOSE-UG-CoreFormsEndUser,MONGOOSE-UG-CoreIDOs,MONGOOSE-LM-MGCoreAutomation,MONGOOSE-LM-MGCoreTrans,MONGOOSE-LM-MGDataViews,MONGOOSE-LM-MGDeveloper,MONGOOSE-LM-MGUserCreatedForms,MONGOOSE-LM-MGUserCreatedIDOs,MONGOOSE-LM-MGPAAS,MONGOOSE-LM-MGM3InterfaceForms,MONGOOSE-LM-MGM3InterfaceIDOs,MONGOOSE-LM-MGAppBuilder,APPBUILDER-Administrator,APPBUILDER-User,APPBUILDER-Designer,LCLLSP-User,LCLLSP-Admin,LCLLSP-PrivilegedUser,LCLLSP-ServiceAdmin,LCLLSP-AppAdmin,LCLLSP-SupAdmin,LCLLSP-StdAdmin,LCLLSP-StdUser,M3A Administrators,M3A Developers,M3A SALES,M3A Procurement,M3A Finance,M3A Production,M3A RENTAL,M3ADISBIRST-Model-Administrator,M3ADISBIRST-Extension-Administrator,M3ADISBIRST-Consumer-Administrator,M3ADISBIRST-User,M3A Warehouse,M3A Default Subject Area,IFSApplicationAdmin,IFS-ShowUserManagementUI,IFS-GroupsAdmin,IFS-GroupsUpdate,IFS-GroupsReadOnlyUser,IFS-ReadOnly,M3MDP-TESTAPI,INBOX-Admin,M3DMP-Contributor,M3UI-Approver,M3A Opportunity Management,IONAPI-Developer,M3CPW-User,IAD-DataMaintainer,IAD-Designer,IAD-Publisher,IAD-TemplateBuilder,M3ACM-User,M3ACM-Viewer,IPI-ModelerAdmin,IPI-ModelerViewer,IPI-ModelerDesigner,PORTAL-ContentPublisher,M3BE-PowerUser,M3BE-LicenseType1,M3BE-LicenseType2,M3BE-LicenseType3,M3BE-LicenseType6-FT,M3BE-LicenseType6-SHUB,M3HealthService-Administrator,IONAPI-BaaS-Administrator,IONAPI-BaaS-DataAdministrator,IONAPI-BaaS-Developer,IONAPI-BaaS-User,M3BE-DBUpdater,DATAFABRIC-HealthServiceAdmin,PORTAL-AnnouncementAdministrator,M3BE-DBAdmin-PrdToken,M3BE-LicenseType4,SMARTHELP-Administrator,DocBits-User,M3BE-FATAdmin-PRD-UpperLimitRuleToken,M3BE-FATAdmin-DeleteData,M3BE-FATAdmin-PRD-DeleteDataToken,M3BE-FATAdmin-PRD-ConfigureUpperLimit,IFSApplicationAdmin,,,,
8aaeb332-f1bd-4efd-be80-269ca7fe02f1,RAUL,Figueredo,raul.figueredo@infor.com,Infor Support analyst,Active,,8aaeb332-f1bd-4efd-be80-269ca7fe02f1,raul.figueredo@infor.com,2026-05-22T09:42:45-07:00,2026-05-27T00:21:33-07:00,raul.figueredo@infor.com,,,,,,,,,USERADMIN,DataAdministrator,Infor-SystemAdministrator,IFS-ExternalEntityAdmin,IFS-ReadOnlyUser,IFS-AuditReportUser,IFS-AuditAdministrator,IFS-MonitorReportUser,IFS-MonitorAdministrator,IFS-PasswordAdmin,MingleEnterprise,Infor-SuiteUser,MingleIONEnabled,MingleAdministrator,MingleDataAdministrator,PORTAL-User,PORTAL-ContentAdministrator,GRID-SystemAdministrator,GRID-Viewer,GRID-Administrator,HOMEPAGES-Administrator,HOMEPAGES-ContentAdministrator,HOMEPAGES-User,HOMEPAGES-ContentSupport,IONDeskSecurityAdmin,IONDeskAdmin,IONContentProvider,IONDeskOAuthGenerator,Mingle-LocatorView,IFSAdminContact,IONAPI-Tracing,IONAPI-User,IONAPI-Administrator,DATALAKE-User,DATALAKE-DataAdministrator,DATALAKE-SystemAdministrator,DECISIONSERVICE-Editor,DECISIONSERVICE-Approver,INBOX-PowerUser,SmartHelpUser,IDM-User,IDM-AdvancedUser,IDM-Administrator,IDM-SuperUser,IDM-RelatedInformationUser,IDM-SignatureUser,GDPR-Collaboration-ChiefDataProtectionOfficer,GDPR-Collaboration-DataProtectionOfficer,GDPR-App-Administrator,DATAFABRIC-SuperAdmin,DATAFABRIC-User,ENTERPRISESEARCH-Admin,ENTERPRISESEARCH-User,ENTERPRISESEARCH-PowerUser,M3EC-Administrator,M3EC-User,M3EC-ClientDesigntime,M3-DLSubscriptionAdmin,M3BE-FATAdmin-Exporter,M3UI-StartPageAdministrator,M3UI-DebugUser,M3UI-Administrator,M3UI-USER,M3UI-Designer,M3BDP-Administrator,M3BDP-USER,MASHUP-Administrator,MASHUP-User,IECEC-Administrator,IECEC-User,M3BE-FATAdmin,M3BE-FndAdmin,M3BE-FndUser,M3BE-ServicesAdmin,M3BE-CryptoAdmin,M3BE-ExtensionsAdmin,M3BE-ExtensionsViewer,M3BE-DBViewer,M3BE-DBAdmin,M3BE-FndFlagAdmin,M3BE-FileViewer,M3BE-FileAdmin,M3BE-ConfigAdmin,M3BE-ConfigUser,M3BE-LogEnabler,M3BE-SystemAdministrator,M3BE-DBAdmin-ReadToken,EVENTHUB-Administrator,EVENTHUB-User,M3MDP-USER,M3CE_About_Viewer,M3ENTERPRISESEARCH-Administrator,IPW-User,Birst-SystemAdministrator,Birst-User,MONGOOSE-UG-CoreFormsAdmin,MONGOOSE-UG-CoreFormsDeveloper,MONGOOSE-UG-CoreFormsEndUser,MONGOOSE-UG-CoreIDOs,MONGOOSE-LM-MGCoreAutomation,MONGOOSE-LM-MGCoreTrans,MONGOOSE-LM-MGDataViews,MONGOOSE-LM-MGDeveloper,MONGOOSE-LM-MGUserCreatedForms,MONGOOSE-LM-MGUserCreatedIDOs,MONGOOSE-LM-MGPAAS,MONGOOSE-LM-MGM3InterfaceForms,MONGOOSE-LM-MGM3InterfaceIDOs,MONGOOSE-LM-MGAppBuilder,APPBUILDER-Administrator,APPBUILDER-User,APPBUILDER-Designer,LCLLSP-User,LCLLSP-Admin,LCLLSP-PrivilegedUser,LCLLSP-ServiceAdmin,LCLLSP-AppAdmin,LCLLSP-SupAdmin,LCLLSP-StdAdmin,LCLLSP-StdUser,M3A Administrators,M3A Developers,M3A Procurement,M3A Finance,M3A Production,M3ADISBIRST-Model-Administrator,M3ADISBIRST-Extension-Administrator,M3ADISBIRST-Consumer-Administrator,M3ADISBIRST-User,M3A Warehouse,M3A Default Subject Area,IFSApplicationAdmin,IFS-ShowUserManagementUI,IFS-GroupsAdmin,IFS-GroupsUpdate,IFS-GroupsReadOnlyUser,IFS-ReadOnly,M3MDP-TESTAPI,INBOX-Admin,M3DMP-Contributor,M3UI-Approver,M3A Opportunity Management,IONAPI-Developer,M3CPW-User,IAD-DataMaintainer,IAD-Designer,IAD-Publisher,IAD-TemplateBuilder,M3ACM-User,M3ACM-Viewer,IPI-ModelerAdmin,IPI-ModelerViewer,IPI-ModelerDesigner,PORTAL-ContentPublisher,M3BE-PowerUser,M3BE-LicenseType1,M3BE-LicenseType2,M3BE-LicenseType3,M3BE-LicenseType6-FT,M3BE-LicenseType6-SHUB,M3HealthService-Administrator,IONAPI-BaaS-Administrator,IONAPI-BaaS-DataAdministrator,IONAPI-BaaS-Developer,IONAPI-BaaS-User,M3BE-DBUpdater,DATAFABRIC-HealthServiceAdmin,PORTAL-AnnouncementAdministrator,M3BE-DBAdmin-PrdToken,M3BE-LicenseType4,SMARTHELP-Administrator,DocBits-User,M3BE-FATAdmin-PRD-UpperLimitRuleToken,M3BE-FATAdmin-DeleteData,M3BE-FATAdmin-PRD-DeleteDataToken,M3BE-FATAdmin-PRD-ConfigureUpperLimit,IFSApplicationAdmin,,,,,,,
08e660aa-06be-4942-8ebf-eacc20d3ec5e,Hamish,Cooper,hamish.cooper@infor.com,Infor support,Active,,08e660aa-06be-4942-8ebf-eacc20d3ec5e,hamish.cooper@infor.com,2026-05-27T09:12:15-07:00,,hamish.cooper@infor.com,,,,,,,,,USERADMIN,DataAdministrator,Infor-SystemAdministrator,IFS-ExternalEntityAdmin,IFS-ReadOnlyUser,IFS-AuditReportUser,IFS-AuditAdministrator,IFS-MonitorReportUser,IFS-MonitorAdministrator,IFS-PasswordAdmin,MingleEnterprise,Infor-SuiteUser,MingleIONEnabled,MingleAdministrator,MingleDataAdministrator,PORTAL-User,PORTAL-ContentAdministrator,GRID-SystemAdministrator,GRID-Viewer,GRID-Administrator,HOMEPAGES-Administrator,HOMEPAGES-ContentAdministrator,HOMEPAGES-User,HOMEPAGES-ContentSupport,IONDeskSecurityAdmin,IONDeskAdmin,IONContentProvider,IONDeskOAuthGenerator,Mingle-LocatorView,IFSAdminContact,IONAPI-Tracing,IONAPI-User,IONAPI-Administrator,DATALAKE-User,DATALAKE-DataAdministrator,DATALAKE-SystemAdministrator,DECISIONSERVICE-Editor,DECISIONSERVICE-Approver,INBOX-PowerUser,SmartHelpUser,IDM-User,IDM-AdvancedUser,IDM-Administrator,IDM-SuperUser,IDM-RelatedInformationUser,IDM-SignatureUser,GDPR-Collaboration-ChiefDataProtectionOfficer,GDPR-Collaboration-DataProtectionOfficer,GDPR-App-Administrator,DATAFABRIC-SuperAdmin,DATAFABRIC-User,ENTERPRISESEARCH-Admin,ENTERPRISESEARCH-User,ENTERPRISESEARCH-PowerUser,M3EC-Administrator,M3EC-User,M3EC-ClientDesigntime,M3-DLSubscriptionAdmin,M3BE-FATAdmin-Exporter,M3UI-StartPageAdministrator,M3UI-DebugUser,M3UI-Administrator,M3UI-USER,M3UI-Designer,M3BDP-Administrator,M3BDP-USER,MASHUP-Administrator,MASHUP-User,IECEC-Administrator,IECEC-User,M3BE-FATAdmin,M3BE-FndAdmin,M3BE-FndUser,M3BE-ServicesAdmin,M3BE-CryptoAdmin,M3BE-ExtensionsAdmin,M3BE-ExtensionsViewer,M3BE-DBViewer,M3BE-DBAdmin,M3BE-FndFlagAdmin,M3BE-FileViewer,M3BE-FileAdmin,M3BE-ConfigAdmin,M3BE-ConfigUser,M3BE-LogEnabler,M3BE-SystemAdministrator,M3BE-DBAdmin-ReadToken,EVENTHUB-Administrator,EVENTHUB-User,M3MDP-USER,M3CE_About_Viewer,M3ENTERPRISESEARCH-Administrator,IPW-User,Birst-SystemAdministrator,Birst-User,MONGOOSE-UG-CoreFormsAdmin,MONGOOSE-UG-CoreFormsDeveloper,MONGOOSE-UG-CoreFormsEndUser,MONGOOSE-UG-CoreIDOs,MONGOOSE-LM-MGCoreAutomation,MONGOOSE-LM-MGCoreTrans,MONGOOSE-LM-MGDataViews,MONGOOSE-LM-MGDeveloper,MONGOOSE-LM-MGUserCreatedForms,MONGOOSE-LM-MGUserCreatedIDOs,MONGOOSE-LM-MGPAAS,MONGOOSE-LM-MGM3InterfaceForms,MONGOOSE-LM-MGM3InterfaceIDOs,MONGOOSE-LM-MGAppBuilder,APPBUILDER-Administrator,APPBUILDER-User,APPBUILDER-Designer,LCLLSP-User,LCLLSP-Admin,LCLLSP-PrivilegedUser,LCLLSP-ServiceAdmin,LCLLSP-AppAdmin,LCLLSP-SupAdmin,LCLLSP-StdAdmin,LCLLSP-StdUser,M3A Administrators,M3A Developers,M3A Procurement,M3A Finance,M3A Production,M3ADISBIRST-Model-Administrator,M3ADISBIRST-Extension-Administrator,M3ADISBIRST-Consumer-Administrator,M3ADISBIRST-User,M3A Warehouse,M3A Default Subject Area,IFSApplicationAdmin,IFS-ShowUserManagementUI,IFS-GroupsAdmin,IFS-GroupsUpdate,IFS-GroupsReadOnlyUser,IFS-ReadOnly,M3MDP-TESTAPI,INBOX-Admin,M3DMP-Contributor,M3UI-Approver,M3A Opportunity Management,IONAPI-Developer,M3CPW-User,IAD-DataMaintainer,IAD-Designer,IAD-Publisher,IAD-TemplateBuilder,M3ACM-User,M3ACM-Viewer,IPI-ModelerAdmin,IPI-ModelerViewer,IPI-ModelerDesigner,PORTAL-ContentPublisher,M3BE-PowerUser,M3BE-LicenseType1,M3BE-LicenseType2,M3BE-LicenseType3,M3BE-LicenseType6-FT,M3BE-LicenseType6-SHUB,M3HealthService-Administrator,IONAPI-BaaS-Administrator,IONAPI-BaaS-DataAdministrator,IONAPI-BaaS-Developer,IONAPI-BaaS-User,M3BE-DBUpdater,DATAFABRIC-HealthServiceAdmin,PORTAL-AnnouncementAdministrator,M3BE-DBAdmin-PrdToken,M3BE-LicenseType4,SMARTHELP-Administrator,DocBits-User,M3BE-FATAdmin-PRD-UpperLimitRuleToken,M3BE-FATAdmin-DeleteData,M3BE-FATAdmin-PRD-DeleteDataToken,M3BE-FATAdmin-PRD-ConfigureUpperLimit,IFSApplicationAdmin,,,,,,,
49e22846-bc16-4892-91b6-fe6feaa7ebdd,susana,costa,susana.costa@infor.com,Infor support analyst,Active,,49e22846-bc16-4892-91b6-fe6feaa7ebdd,susana.costa@infor.com,2026-05-28T09:06:26-07:00,2026-06-02T10:36:01-07:00,susana.costa@infor.com,,,,,,,,SCOSTA,Infor-SystemAdministrator,IFS-ReadOnlyUser,IFS-AuditReportUser,MingleEnterprise,Infor-SuiteUser,MingleIONEnabled,GRID-SystemAdministrator,GRID-Viewer,GRID-Administrator,HOMEPAGES-User,INBOX-PowerUser,IDM-User,IDM-AdvancedUser,IDM-SuperUser,IDM-RelatedInformationUser,IDM-SignatureUser,GDPR-Collaboration-ChiefDataProtectionOfficer,GDPR-Collaboration-DataProtectionOfficer,GDPR-App-Administrator,ENTERPRISESEARCH-Admin,ENTERPRISESEARCH-User,ENTERPRISESEARCH-PowerUser,M3UI-USER,MASHUP-User,IECEC-User,EVENTHUB-Administrator,EVENTHUB-User,IFSApplicationAdmin,IFS-ShowUserManagementUI,IFS-GroupsUpdate,IFS-GroupsReadOnlyUser,IFS-ReadOnly,DocBits-User,IFSApplicationAdmin,,,,,,,,,,,,,,,,,,,,,,,,,,,,,,,,,,,,,,,,,,,,,,,,,,,,,,,,,,,,,,,,,,,,,,,,,,,,,,,,,,,,,,,,,,,,,,,,,,,,,,,,,,,,,,,,,,,,,,,,,,,,,,,,,,,,,,,,,,,,,,,,,,,,,,
9e228534-c5cc-4ef8-b27d-6528c0adc393,AMOS,AMOS,do.not.reply@chcheli.com,,Active,,9e228534-c5cc-4ef8-b27d-6528c0adc393,do.not.reply@chcheli.com,2026-06-22T11:14:40-07:00,,do.not.reply@chcheli.com,,,,,,,,AMOS,MingleEnterprise,Infor-SuiteUser,MingleIONEnabled,HOMEPAGES-User,IDM-User,IDM-RelatedInformationUser,M3UI-USER,MASHUP-User,,,,,,,,,,,,,,,,,,,,,,,,,,,,,,,,,,,,,,,,,,,,,,,,,,,,,,,,,,,,,,,,,,,,,,,,,,,,,,,,,,,,,,,,,,,,,,,,,,,,,,,,,,,,,,,,,,,,,,,,,,,,,,,,,,,,,,,,,,,,,,,,,,,,,,,,,,,,,,,,,,,,,,,,,,,,,,,,
b1bf061a-e0b1-4cae-bc05-a2a98adbf5db,Sandy,Marino,sandy.marino@doppiogroup.com,Senior Functional Consultant,Active,,b1bf061a-e0b1-4cae-bc05-a2a98adbf5db,sandy.marino@doppiogroup.com,2026-06-25T10:19:53-07:00,2026-08-06T05:10:50-07:00,sandy.marino@doppiogroup.com,,,,,,,,SMARINO,USERADMIN,DataAdministrator,AttributeServiceCaller,Infor-SystemAdministrator,IFS-ExternalEntityAdmin,IFS-ReadOnlyUser,IFS-AuditReportUser,IFS-AuditAdministrator,IFS-MonitorReportUser,IFS-MonitorAdministrator,IFS-PasswordAdmin,MingleEnterprise,Infor-SuiteUser,MingleIONEnabled,MingleAdministrator,MingleDataAdministrator,PORTAL-User,PORTAL-ContentAdministrator,GRID-SystemAdministrator,GRID-Viewer,GRID-Administrator,HOMEPAGES-Administrator,HOMEPAGES-ContentAdministrator,HOMEPAGES-User,HOMEPAGES-ContentSupport,IONDeskSecurityAdmin,IONDeskAdmin,IONContentProvider,IONDeskOAuthGenerator,Mingle-LocatorView,IFSAdminContact,IONAPI-Tracing,IONAPI-User,IONAPI-Administrator,DATALAKE-User,DATALAKE-DataAdministrator,DATALAKE-SystemAdministrator,DECISIONSERVICE-Editor,DECISIONSERVICE-Approver,INBOX-PowerUser,SmartHelpUser,IDM-User,IDM-AdvancedUser,IDM-Administrator,IDM-SuperUser,IDM-RelatedInformationUser,IDM-SignatureUser,GDPR-Collaboration-ChiefDataProtectionOfficer,GDPR-Collaboration-DataProtectionOfficer,GDPR-App-Administrator,DATAFABRIC-SuperAdmin,DATAFABRIC-User,ENTERPRISESEARCH-Admin,ENTERPRISESEARCH-User,ENTERPRISESEARCH-PowerUser,M3EC-Administrator,M3EC-User,M3EC-ClientDesigntime,M3-DLSubscriptionAdmin,M3BE-FATAdmin-Exporter,M3UI-StartPageAdministrator,M3UI-DebugUser,M3UI-Administrator,M3UI-USER,M3UI-Designer,M3BDP-Administrator,M3BDP-USER,MASHUP-Administrator,MASHUP-User,IECEC-Administrator,IECEC-User,M3BE-FATAdmin,M3BE-FndAdmin,M3BE-FndUser,M3BE-ServicesAdmin,M3BE-CryptoAdmin,M3BE-ExtensionsAdmin,M3BE-ExtensionsViewer,M3BE-DBViewer,M3BE-DBAdmin,M3BE-FndFlagAdmin,M3BE-FileViewer,M3BE-FileAdmin,M3BE-ConfigAdmin,M3BE-ConfigUser,M3BE-LogEnabler,M3BE-SystemAdministrator,M3BE-DBAdmin-ReadToken,EVENTHUB-Administrator,EVENTHUB-User,M3MDP-USER,M3CE_About_Viewer,M3ENTERPRISESEARCH-Administrator,IPW-User,Birst-SystemAdministrator,Birst-User,MONGOOSE-UG-CoreFormsAdmin,MONGOOSE-UG-CoreFormsDeveloper,MONGOOSE-UG-CoreFormsEndUser,MONGOOSE-UG-CoreIDOs,MONGOOSE-LM-MGCoreAutomation,MONGOOSE-LM-MGCoreTrans,MONGOOSE-LM-MGDataViews,MONGOOSE-LM-MGDeveloper,MONGOOSE-LM-MGUserCreatedForms,MONGOOSE-LM-MGUserCreatedIDOs,MONGOOSE-LM-MGPAAS,MONGOOSE-LM-MGM3InterfaceForms,MONGOOSE-LM-MGM3InterfaceIDOs,MONGOOSE-LM-MGAppBuilder,APPBUILDER-Administrator,APPBUILDER-User,APPBUILDER-Designer,LCLLSP-User,LCLLSP-Admin,LCLLSP-PrivilegedUser,LCLLSP-ServiceAdmin,LCLLSP-AppAdmin,LCLLSP-SupAdmin,LCLLSP-StdAdmin,LCLLSP-StdUser,M3A Administrators,M3A Developers,M3A SALES,M3A Procurement,M3A Finance,M3A Production,M3A RENTAL,M3ADISBIRST-Model-Administrator,M3ADISBIRST-Extension-Administrator,M3ADISBIRST-Consumer-Administrator,M3ADISBIRST-User,M3A Warehouse,M3A Default Subject Area,IFSApplicationAdmin,IFS-ShowUserManagementUI,IFS-GroupsAdmin,IFS-GroupsUpdate,IFS-GroupsReadOnlyUser,IFS-ReadOnly,M3MDP-TESTAPI,INBOX-Admin,M3DMP-Contributor,M3UI-Approver,M3A Opportunity Management,IONAPI-Developer,M3CPW-User,IAD-DataMaintainer,IAD-Designer,IAD-Publisher,IAD-TemplateBuilder,M3ACM-User,M3ACM-Viewer,IPI-ModelerAdmin,IPI-ModelerViewer,IPI-ModelerDesigner,PORTAL-ContentPublisher,M3BE-PowerUser,M3BE-LicenseType1,M3BE-LicenseType2,M3BE-LicenseType3,M3BE-LicenseType6-FT,M3BE-LicenseType6-SHUB,M3HealthService-Administrator,IONAPI-BaaS-Administrator,IONAPI-BaaS-DataAdministrator,IONAPI-BaaS-Developer,IONAPI-BaaS-User,M3BE-DBUpdater,DATAFABRIC-HealthServiceAdmin,PORTAL-AnnouncementAdministrator,M3BE-DBAdmin-PrdToken,M3BE-LicenseType4,SMARTHELP-Administrator,DocBits-User,M3BE-FATAdmin-PRD-UpperLimitRuleToken,M3BE-FATAdmin-DeleteData,M3BE-FATAdmin-PRD-DeleteDataToken,M3BE-FATAdmin-PRD-ConfigureUpperLimit,IFSApplicationAdmin,,,,
e11cb178-0130-434e-8aa1-af745dad37d0,Jamil,Abella,jamil.abella@infor.com,Technical Support Analyst,Active,,e11cb178-0130-434e-8aa1-af745dad37d0,jamil.abella@infor.com,2026-07-29T10:33:59-07:00,2026-07-29T14:55:58-07:00,jamil.abella@infor.com,,,,,,,,,USERADMIN,DataAdministrator,AttributeServiceCaller,Infor-SystemAdministrator,IFS-ExternalEntityAdmin,IFS-ReadOnlyUser,IFS-AuditReportUser,IFS-AuditAdministrator,IFS-MonitorReportUser,IFS-MonitorAdministrator,IFS-PasswordAdmin,MingleEnterprise,Infor-SuiteUser,MingleIONEnabled,MingleAdministrator,MingleDataAdministrator,PORTAL-User,PORTAL-ContentAdministrator,GRID-SystemAdministrator,GRID-Viewer,GRID-Administrator,HOMEPAGES-Administrator,HOMEPAGES-ContentAdministrator,HOMEPAGES-User,HOMEPAGES-ContentSupport,IONDeskSecurityAdmin,IONDeskAdmin,IONContentProvider,IONDeskOAuthGenerator,Mingle-LocatorView,IFSAdminContact,IONAPI-Tracing,IONAPI-User,IONAPI-Administrator,DATALAKE-User,DATALAKE-DataAdministrator,DATALAKE-SystemAdministrator,DECISIONSERVICE-Editor,DECISIONSERVICE-Approver,INBOX-PowerUser,SmartHelpUser,IDM-User,IDM-AdvancedUser,IDM-Administrator,IDM-SuperUser,IDM-RelatedInformationUser,IDM-SignatureUser,GDPR-Collaboration-ChiefDataProtectionOfficer,GDPR-Collaboration-DataProtectionOfficer,GDPR-App-Administrator,DATAFABRIC-SuperAdmin,DATAFABRIC-User,ENTERPRISESEARCH-Admin,ENTERPRISESEARCH-User,ENTERPRISESEARCH-PowerUser,M3EC-Administrator,M3EC-User,M3EC-ClientDesigntime,M3-DLSubscriptionAdmin,M3BE-FATAdmin-Exporter,M3UI-StartPageAdministrator,M3UI-DebugUser,M3UI-Administrator,M3UI-USER,M3UI-Designer,M3BDP-Administrator,M3BDP-USER,MASHUP-Administrator,MASHUP-User,IECEC-Administrator,IECEC-User,M3BE-FATAdmin,M3BE-FndAdmin,M3BE-FndUser,M3BE-ServicesAdmin,M3BE-CryptoAdmin,M3BE-ExtensionsAdmin,M3BE-ExtensionsViewer,M3BE-DBViewer,M3BE-DBAdmin,M3BE-FndFlagAdmin,M3BE-FileViewer,M3BE-FileAdmin,M3BE-ConfigAdmin,M3BE-ConfigUser,M3BE-LogEnabler,M3BE-SystemAdministrator,M3BE-DBAdmin-ReadToken,EVENTHUB-Administrator,EVENTHUB-User,M3MDP-USER,M3CE_About_Viewer,M3ENTERPRISESEARCH-Administrator,IPW-User,Birst-SystemAdministrator,Birst-User,MONGOOSE-UG-CoreFormsAdmin,MONGOOSE-UG-CoreFormsDeveloper,MONGOOSE-UG-CoreFormsEndUser,MONGOOSE-UG-CoreIDOs,MONGOOSE-LM-MGCoreAutomation,MONGOOSE-LM-MGCoreTrans,MONGOOSE-LM-MGDataViews,MONGOOSE-LM-MGDeveloper,MONGOOSE-LM-MGUserCreatedForms,MONGOOSE-LM-MGUserCreatedIDOs,MONGOOSE-LM-MGPAAS,MONGOOSE-LM-MGM3InterfaceForms,MONGOOSE-LM-MGM3InterfaceIDOs,MONGOOSE-LM-MGAppBuilder,APPBUILDER-Administrator,APPBUILDER-User,APPBUILDER-Designer,LCLLSP-User,LCLLSP-Admin,LCLLSP-PrivilegedUser,LCLLSP-ServiceAdmin,LCLLSP-AppAdmin,LCLLSP-SupAdmin,LCLLSP-StdAdmin,LCLLSP-StdUser,M3A Administrators,M3A Developers,M3A SALES,M3A Procurement,M3A Finance,M3A Production,M3A RENTAL,M3ADISBIRST-Model-Administrator,M3ADISBIRST-Extension-Administrator,M3ADISBIRST-Consumer-Administrator,M3ADISBIRST-User,M3A Warehouse,M3A Default Subject Area,IFSApplicationAdmin,IFS-ShowUserManagementUI,IFS-GroupsAdmin,IFS-GroupsUpdate,IFS-GroupsReadOnlyUser,IFS-ReadOnly,M3MDP-TESTAPI,INBOX-Admin,M3DMP-Contributor,M3UI-Approver,M3A Opportunity Management,IONAPI-Developer,M3CPW-User,IAD-DataMaintainer,IAD-Designer,IAD-Publisher,IAD-TemplateBuilder,M3ACM-User,M3ACM-Viewer,IPI-ModelerAdmin,IPI-ModelerViewer,IPI-ModelerDesigner,PORTAL-ContentPublisher,M3BE-PowerUser,M3BE-LicenseType1,M3BE-LicenseType2,M3BE-LicenseType3,M3BE-LicenseType6-FT,M3BE-LicenseType6-SHUB,M3HealthService-Administrator,IONAPI-BaaS-Administrator,IONAPI-BaaS-DataAdministrator,IONAPI-BaaS-Developer,IONAPI-BaaS-User,M3BE-DBUpdater,DATAFABRIC-HealthServiceAdmin,PORTAL-AnnouncementAdministrator,M3BE-DBAdmin-PrdToken,M3BE-LicenseType4,SMARTHELP-Administrator,DocBits-User,M3BE-FATAdmin-PRD-UpperLimitRuleToken,M3BE-FATAdmin-DeleteData,M3BE-FATAdmin-PRD-DeleteDataToken,M3BE-FATAdmin-PRD-ConfigureUpperLimit,IHS-User,IHS-Administrator,IFSApplicationAdmin,,
9b438866-ebe7-411b-8ffb-cdd978bfe20e,Athar Hussain,Choudhary,athar@doppiogroup.com,Consultant,Active,,9b438866-ebe7-411b-8ffb-cdd978bfe20e,athar@doppiogroup.com,2026-08-06T08:08:45-07:00,2026-08-13T12:21:11-07:00,athar@doppiogroup.com,,,,,,,,AHUSSAIN,USERADMIN,DataAdministrator,AttributeServiceCaller,Infor-SystemAdministrator,IFS-ExternalEntityAdmin,IFS-ReadOnlyUser,IFS-AuditReportUser,IFS-AuditAdministrator,IFS-MonitorReportUser,IFS-MonitorAdministrator,IFS-PasswordAdmin,MingleEnterprise,Infor-SuiteUser,MingleIONEnabled,MingleAdministrator,MingleDataAdministrator,PORTAL-User,PORTAL-ContentAdministrator,GRID-SystemAdministrator,GRID-Viewer,GRID-Administrator,HOMEPAGES-Administrator,HOMEPAGES-ContentAdministrator,HOMEPAGES-User,HOMEPAGES-ContentSupport,IONDeskSecurityAdmin,IONDeskAdmin,IONContentProvider,IONDeskOAuthGenerator,Mingle-LocatorView,IFSAdminContact,IONAPI-Tracing,IONAPI-User,IONAPI-Administrator,DATALAKE-User,DATALAKE-DataAdministrator,DATALAKE-SystemAdministrator,DECISIONSERVICE-Editor,DECISIONSERVICE-Approver,INBOX-PowerUser,SmartHelpUser,IDM-User,IDM-AdvancedUser,IDM-Administrator,IDM-SuperUser,IDM-RelatedInformationUser,IDM-SignatureUser,GDPR-Collaboration-ChiefDataProtectionOfficer,GDPR-Collaboration-DataProtectionOfficer,GDPR-App-Administrator,DATAFABRIC-SuperAdmin,DATAFABRIC-User,ENTERPRISESEARCH-Admin,ENTERPRISESEARCH-User,ENTERPRISESEARCH-PowerUser,M3EC-Administrator,M3EC-User,M3EC-ClientDesigntime,M3-DLSubscriptionAdmin,M3BE-FATAdmin-Exporter,M3UI-StartPageAdministrator,M3UI-DebugUser,M3UI-Administrator,M3UI-USER,M3UI-Designer,M3BDP-Administrator,M3BDP-USER,MASHUP-Administrator,MASHUP-User,IECEC-Administrator,IECEC-User,M3BE-FATAdmin,M3BE-FndAdmin,M3BE-FndUser,M3BE-ServicesAdmin,M3BE-CryptoAdmin,M3BE-ExtensionsAdmin,M3BE-ExtensionsViewer,M3BE-DBViewer,M3BE-DBAdmin,M3BE-FndFlagAdmin,M3BE-FileViewer,M3BE-FileAdmin,M3BE-ConfigAdmin,M3BE-ConfigUser,M3BE-LogEnabler,M3BE-SystemAdministrator,M3BE-DBAdmin-ReadToken,EVENTHUB-Administrator,EVENTHUB-User,M3MDP-USER,M3CE_About_Viewer,M3ENTERPRISESEARCH-Administrator,IPW-User,Birst-SystemAdministrator,Birst-User,MONGOOSE-UG-CoreFormsAdmin,MONGOOSE-UG-CoreFormsDeveloper,MONGOOSE-UG-CoreFormsEndUser,MONGOOSE-UG-CoreIDOs,MONGOOSE-LM-MGCoreAutomation,MONGOOSE-LM-MGCoreTrans,MONGOOSE-LM-MGDataViews,MONGOOSE-LM-MGDeveloper,MONGOOSE-LM-MGUserCreatedForms,MONGOOSE-LM-MGUserCreatedIDOs,MONGOOSE-LM-MGPAAS,MONGOOSE-LM-MGM3InterfaceForms,MONGOOSE-LM-MGM3InterfaceIDOs,MONGOOSE-LM-MGAppBuilder,APPBUILDER-Administrator,APPBUILDER-User,APPBUILDER-Designer,LCLLSP-User,LCLLSP-Admin,LCLLSP-PrivilegedUser,LCLLSP-ServiceAdmin,LCLLSP-AppAdmin,LCLLSP-SupAdmin,LCLLSP-StdAdmin,LCLLSP-StdUser,M3A Administrators,M3A Developers,M3A SALES,M3A Procurement,M3A Finance,M3A Production,M3A RENTAL,M3ADISBIRST-Model-Administrator,M3ADISBIRST-Extension-Administrator,M3ADISBIRST-Consumer-Administrator,M3ADISBIRST-User,M3A Warehouse,M3A Default Subject Area,IFSApplicationAdmin,IFS-ShowUserManagementUI,IFS-GroupsAdmin,IFS-GroupsUpdate,IFS-GroupsReadOnlyUser,IFS-ReadOnly,M3MDP-TESTAPI,INBOX-Admin,M3DMP-Contributor,M3UI-Approver,M3A Opportunity Management,IONAPI-Developer,M3CPW-User,IAD-DataMaintainer,IAD-Designer,IAD-Publisher,IAD-TemplateBuilder,M3ACM-User,M3ACM-Viewer,IPI-ModelerAdmin,IPI-ModelerViewer,IPI-ModelerDesigner,PORTAL-ContentPublisher,M3BE-PowerUser,M3BE-LicenseType1,M3BE-LicenseType2,M3BE-LicenseType3,M3BE-LicenseType6-FT,M3BE-LicenseType6-SHUB,M3HealthService-Administrator,IONAPI-BaaS-Administrator,IONAPI-BaaS-DataAdministrator,IONAPI-BaaS-Developer,IONAPI-BaaS-User,M3BE-DBUpdater,DATAFABRIC-HealthServiceAdmin,PORTAL-AnnouncementAdministrator,M3BE-DBAdmin-PrdToken,M3BE-LicenseType4,SMARTHELP-Administrator,DocBits-User,M3BE-FATAdmin-PRD-UpperLimitRuleToken,M3BE-FATAdmin-DeleteData,M3BE-FATAdmin-PRD-DeleteDataToken,M3BE-FATAdmin-PRD-ConfigureUpperLimit,IFSApplicationAdmin,,,,
18219108-f5d4-4b91-941a-02ae4c3086b3,Davide,Bettero,davide.bettero@horsa.it,Developer Consultant,Active,,18219108-f5d4-4b91-941a-02ae4c3086b3,davide.bettero@horsa.it,2026-08-27T05:53:21-07:00,2026-08-27T05:56:12-07:00,davide.bettero@horsa.it,,,,,,,,DBETTERO,USERADMIN,DataAdministrator,Infor-SystemAdministrator,IFS-ExternalEntityAdmin,IFS-ReadOnlyUser,IFS-AuditReportUser,IFS-AuditAdministrator,IFS-MonitorReportUser,IFS-MonitorAdministrator,IFS-PasswordAdmin,MingleEnterprise,Infor-SuiteUser,MingleIONEnabled,MingleAdministrator,MingleDataAdministrator,PORTAL-User,PORTAL-ContentAdministrator,GRID-SystemAdministrator,GRID-Viewer,GRID-Administrator,HOMEPAGES-Administrator,HOMEPAGES-ContentAdministrator,HOMEPAGES-User,HOMEPAGES-ContentSupport,IONDeskSecurityAdmin,IONDeskAdmin,IONContentProvider,IONDeskOAuthGenerator,Mingle-LocatorView,IFSAdminContact,IONAPI-Tracing,IONAPI-User,IONAPI-Administrator,DATALAKE-User,DATALAKE-DataAdministrator,DATALAKE-SystemAdministrator,DECISIONSERVICE-Editor,DECISIONSERVICE-Approver,INBOX-PowerUser,SmartHelpUser,IDM-User,IDM-AdvancedUser,IDM-Administrator,IDM-SuperUser,IDM-RelatedInformationUser,IDM-SignatureUser,GDPR-Collaboration-ChiefDataProtectionOfficer,GDPR-Collaboration-DataProtectionOfficer,GDPR-App-Administrator,DATAFABRIC-SuperAdmin,DATAFABRIC-User,ENTERPRISESEARCH-Admin,ENTERPRISESEARCH-User,ENTERPRISESEARCH-PowerUser,M3EC-Administrator,M3EC-User,M3EC-ClientDesigntime,M3-DLSubscriptionAdmin,M3BE-FATAdmin-Exporter,M3UI-StartPageAdministrator,M3UI-DebugUser,M3UI-Administrator,M3UI-USER,M3UI-Designer,M3BDP-Administrator,M3BDP-USER,MASHUP-Administrator,MASHUP-User,IECEC-Administrator,IECEC-User,M3BE-FATAdmin,M3BE-FndAdmin,M3BE-FndUser,M3BE-ServicesAdmin,M3BE-CryptoAdmin,M3BE-ExtensionsAdmin,M3BE-ExtensionsViewer,M3BE-DBViewer,M3BE-DBAdmin,M3BE-FndFlagAdmin,M3BE-FileViewer,M3BE-FileAdmin,M3BE-ConfigAdmin,M3BE-ConfigUser,M3BE-LogEnabler,M3BE-SystemAdministrator,M3BE-DBAdmin-ReadToken,EVENTHUB-Administrator,EVENTHUB-User,M3MDP-USER,M3CE_About_Viewer,M3ENTERPRISESEARCH-Administrator,IPW-User,Birst-SystemAdministrator,Birst-User,MONGOOSE-UG-CoreFormsAdmin,MONGOOSE-UG-CoreFormsDeveloper,MONGOOSE-UG-CoreFormsEndUser,MONGOOSE-UG-CoreIDOs,MONGOOSE-LM-MGCoreAutomation,MONGOOSE-LM-MGCoreTrans,MONGOOSE-LM-MGDataViews,MONGOOSE-LM-MGDeveloper,MONGOOSE-LM-MGUserCreatedForms,MONGOOSE-LM-MGUserCreatedIDOs,MONGOOSE-LM-MGPAAS,MONGOOSE-LM-MGM3InterfaceForms,MONGOOSE-LM-MGM3InterfaceIDOs,MONGOOSE-LM-MGAppBuilder,APPBUILDER-Administrator,APPBUILDER-User,APPBUILDER-Designer,LCLLSP-User,LCLLSP-Admin,LCLLSP-PrivilegedUser,LCLLSP-ServiceAdmin,LCLLSP-AppAdmin,LCLLSP-SupAdmin,LCLLSP-StdAdmin,LCLLSP-StdUser,M3A Administrators,M3A Developers,M3A SALES,M3A Procurement,M3A Finance,M3A Production,M3A RENTAL,M3ADISBIRST-Model-Administrator,M3ADISBIRST-Extension-Administrator,M3ADISBIRST-Consumer-Administrator,M3ADISBIRST-User,M3A Warehouse,M3A Default Subject Area,IFSApplicationAdmin,IFS-ShowUserManagementUI,IFS-GroupsAdmin,IFS-GroupsUpdate,IFS-GroupsReadOnlyUser,IFS-ReadOnly,M3MDP-TESTAPI,INBOX-Admin,M3DMP-Contributor,M3UI-Approver,M3A Opportunity Management,IONAPI-Developer,M3_FEATADM,M3CPW-User,IAD-DataMaintainer,IAD-Designer,IAD-Publisher,IAD-TemplateBuilder,M3ACM-User,M3ACM-Viewer,IPI-ModelerAdmin,IPI-ModelerViewer,IPI-ModelerDesigner,PORTAL-ContentPublisher,M3BE-PowerUser,M3BE-LicenseType1,M3BE-LicenseType2,M3BE-LicenseType3,M3BE-LicenseType6-FT,M3BE-LicenseType6-SHUB,M3HealthService-Administrator,IONAPI-BaaS-Administrator,IONAPI-BaaS-DataAdministrator,IONAPI-BaaS-Developer,IONAPI-BaaS-User,M3BE-DBUpdater,DATAFABRIC-HealthServiceAdmin,PORTAL-AnnouncementAdministrator,M3BE-DBAdmin-PrdToken,M3BE-LicenseType4,SMARTHELP-Administrator,DocBits-User,M3BE-FATAdmin-PRD-UpperLimitRuleToken,M3BE-FATAdmin-DeleteData,M3BE-FATAdmin-PRD-DeleteDataToken,M3BE-FATAdmin-PRD-ConfigureUpperLimit,SRAPS111CLRW,IHS-User,IHS-Administrator,IFSApplicationAdmin,
