Name,Description,EmailId
SA01RO,Security Admin - set 1 (View),ABALDONADO,
SA01RO,Security Admin - set 1 (View),ABRYLINS,
SA01RO,Security Admin - set 1 (View),ADATKHIL,
SA01RO,Security Admin - set 1 (View),ADUBEY,
SA01RO,Security Admin - set 1 (View),AKAZI,
SA01RO,Security Admin - set 1 (View),AKHAKIMO,
SA01RO,Security Admin - set 1 (View),AKORDE,
SA01RO,Security Admin - set 1 (View),AKOT,
SA01RO,Security Admin - set 1 (View),AKUDEKAR,
SA01RO,Security Admin - set 1 (View),AREWERA,
SA01RO,Security Admin - set 1 (View),ASARTAPE,
SA01RO,Security Admin - set 1 (View),ASOUZA,
SA01RO,Security Admin - set 1 (View),ASTAYLOR,
SA01RO,Security Admin - set 1 (View),ASUMAIYA,
SA01RO,Security Admin - set 1 (View),ASZUBERL,
SA01RO,Security Admin - set 1 (View),BARK,
SA01RO,Security Admin - set 1 (View),BCAR,
SA01RO,Security Admin - set 1 (View),BEHESS,
SA01RO,Security Admin - set 1 (View),BSILVA,
SA01RO,Security Admin - set 1 (View),BSTUSIK,
SA01RO,Security Admin - set 1 (View),CCRUMP,
SA01RO,Security Admin - set 1 (View),CMONTILL,
SA01RO,Security Admin - set 1 (View),DANMACLEAN,
SA01RO,Security Admin - set 1 (View),DDALVI,
SA01RO,Security Admin - set 1 (View),DDVALVI,
SA01RO,Security Admin - set 1 (View),DGUASTAL,
SA01RO,Security Admin - set 1 (View),DHALYS,
SA01RO,Security Admin - set 1 (View),DLOS,
SA01RO,Security Admin - set 1 (View),DNEWLAND,
SA01RO,Security Admin - set 1 (View),DWU,
SA01RO,Security Admin - set 1 (View),DYYANG,
SA01RO,Security Admin - set 1 (View),EFORTUS,
SA01RO,Security Admin - set 1 (View),EFRANCO,
SA01RO,Security Admin - set 1 (View),EHERVIK,
SA01RO,Security Admin - set 1 (View),EICAMPBE,
SA01RO,Security Admin - set 1 (View),EKRISTVI,
SA01RO,Security Admin - set 1 (View),EMITCHELL,
SA01RO,Security Admin - set 1 (View),ESOREIDE,
SA01RO,Security Admin - set 1 (View),FNGAN,
SA01RO,Security Admin - set 1 (View),GIJUNIOR,
SA01RO,Security Admin - set 1 (View),GSCHREUD,
SA01RO,Security Admin - set 1 (View),HPATIL,
SA01RO,Security Admin - set 1 (View),IVESELOVSK,
SA01RO,Security Admin - set 1 (View),JECOOPER,
SA01RO,Security Admin - set 1 (View),JGUDMESTAD,
SA01RO,Security Admin - set 1 (View),JKOBYLIN,
SA01RO,Security Admin - set 1 (View),JKUPCZAK,
SA01RO,Security Admin - set 1 (View),JOLIN,
SA01RO,Security Admin - set 1 (View),JSANTOS,
SA01RO,Security Admin - set 1 (View),JTENGBER,
SA01RO,Security Admin - set 1 (View),KASANTOS,
SA01RO,Security Admin - set 1 (View),KASTEWAR,
SA01RO,Security Admin - set 1 (View),KGAWANDE,
SA01RO,Security Admin - set 1 (View),KHENDZEL,
SA01RO,Security Admin - set 1 (View),KJANTOSZ,
SA01RO,Security Admin - set 1 (View),KMACDONA,
SA01RO,Security Admin - set 1 (View),KULTRA,
SA01RO,Security Admin - set 1 (View),KWONG,
SA01RO,Security Admin - set 1 (View),LBRANDAO,
SA01RO,Security Admin - set 1 (View),LDICKSON,
SA01RO,Security Admin - set 1 (View),LDUNCAN,
SA01RO,Security Admin - set 1 (View),LVELINCA,
SA01RO,Security Admin - set 1 (View),LXIE,
SA01RO,Security Admin - set 1 (View),MAJONES,
SA01RO,Security Admin - set 1 (View),MCHOI,
SA01RO,Security Admin - set 1 (View),MDAYAPER,
SA01RO,Security Admin - set 1 (View),MHIZONA,
SA01RO,Security Admin - set 1 (View),MISOTO,
SA01RO,Security Admin - set 1 (View),MKEPA,
SA01RO,Security Admin - set 1 (View),MKIM,
SA01RO,Security Admin - set 1 (View),MRAMOS,
SA01RO,Security Admin - set 1 (View),NBADRINA,
SA01RO,Security Admin - set 1 (View),NKATHE,
SA01RO,Security Admin - set 1 (View),NNUGRHA,
SA01RO,Security Admin - set 1 (View),NPARK,
SA01RO,Security Admin - set 1 (View),NVROON,
SA01RO,Security Admin - set 1 (View),ODANGMAL,
SA01RO,Security Admin - set 1 (View),OMULIK,
SA01RO,Security Admin - set 1 (View),PANDERSON,
SA01RO,Security Admin - set 1 (View),PGUASTAL,
SA01RO,Security Admin - set 1 (View),PKHONGPAN,
SA01RO,Security Admin - set 1 (View),PREN,
SA01RO,Security Admin - set 1 (View),PSMITHERAM,
SA01RO,Security Admin - set 1 (View),RAKPADAD,
SA01RO,Security Admin - set 1 (View),RCHANNA,
SA01RO,Security Admin - set 1 (View),RDURGADE,
SA01RO,Security Admin - set 1 (View),RJADHAV,
SA01RO,Security Admin - set 1 (View),RJAMES,
SA01RO,Security Admin - set 1 (View),SCONROY,
SA01RO,Security Admin - set 1 (View),SGOWDA,
SA01RO,Security Admin - set 1 (View),SJOHNY,
SA01RO,Security Admin - set 1 (View),SKALASAP,
SA01RO,Security Admin - set 1 (View),SKONING,
SA01RO,Security Admin - set 1 (View),SLENGHE,
SA01RO,Security Admin - set 1 (View),SMACHLIK,
SA01RO,Security Admin - set 1 (View),SMARQUES,
SA01RO,Security Admin - set 1 (View),SNPAWAR,
SA01RO,Security Admin - set 1 (View),SPATIL,
SA01RO,Security Admin - set 1 (View),SPAWAR,
SA01RO,Security Admin - set 1 (View),SRANGARAJA,
SA01RO,Security Admin - set 1 (View),SSHINDE,
SA01RO,Security Admin - set 1 (View),STEIXEIR,
SA01RO,Security Admin - set 1 (View),SUJOSHI,
SA01RO,Security Admin - set 1 (View),TBROUWER,
SA01RO,Security Admin - set 1 (View),TCOSTA,
SA01RO,Security Admin - set 1 (View),UPATIL,
SA01RO,Security Admin - set 1 (View),VGRIMSLI,
SA01RO,Security Admin - set 1 (View),VISILVA,
SA01RO,Security Admin - set 1 (View),VJADHAV,
SA01RO,Security Admin - set 1 (View),VMORAES,
SA01RO,Security Admin - set 1 (View),VMUDGAL,
SA01RO,Security Admin - set 1 (View),VREITAN,
SA01RO,Security Admin - set 1 (View),VSATPUTE,
SA01RO,Security Admin - set 1 (View),VVENUGOP,
SA01RO,Security Admin - set 1 (View),WROWLES,
SA01RO,Security Admin - set 1 (View),YJADHAV,
SA01RO,Security Admin - set 1 (View),YWAYKAR,
SA01RO,Security Admin - set 1 (View),ZHAYATH,
SA01RW,Security Admin - set 1 (Maintain),AAMARTIN,
SA01RW,Security Admin - set 1 (Maintain),ABALDONADO,
SA01RW,Security Admin - set 1 (Maintain),ADATKHIL,
SA01RW,Security Admin - set 1 (Maintain),ASARTAPE,
SA01RW,Security Admin - set 1 (Maintain),ASUMAIYA,
SA01RW,Security Admin - set 1 (Maintain),ASZUBERL,
SA01RW,Security Admin - set 1 (Maintain),CCOPELAN,
SA01RW,Security Admin - set 1 (Maintain),DANMACLEAN,
SA01RW,Security Admin - set 1 (Maintain),DAWALKER,
SA01RW,Security Admin - set 1 (Maintain),DGLENNIE,
SA01RW,Security Admin - set 1 (Maintain),DGUASTAL,
SA01RW,Security Admin - set 1 (Maintain),DKELLY,
SA01RW,Security Admin - set 1 (Maintain),DPANGILI,
SA01RW,Security Admin - set 1 (Maintain),DWU,
SA01RW,Security Admin - set 1 (Maintain),GESCARAY,
SA01RW,Security Admin - set 1 (Maintain),GJOHANSE,
SA01RW,Security Admin - set 1 (Maintain),JCEGIELS,
SA01RW,Security Admin - set 1 (Maintain),JCONCEPC,
SA01RW,Security Admin - set 1 (Maintain),JFOK,
SA01RW,Security Admin - set 1 (Maintain),JOLIN,
SA01RW,Security Admin - set 1 (Maintain),JTENGBER,
SA01RW,Security Admin - set 1 (Maintain),KPHUNG,
SA01RW,Security Admin - set 1 (Maintain),KWONG,
SA01RW,Security Admin - set 1 (Maintain),LVIERA,
SA01RW,Security Admin - set 1 (Maintain),LXIE,
SA01RW,Security Admin - set 1 (Maintain),MAMATONG,
SA01RW,Security Admin - set 1 (Maintain),MKIM,
SA01RW,Security Admin - set 1 (Maintain),MLUDWINI,
SA01RW,Security Admin - set 1 (Maintain),MRAMOS,
SA01RW,Security Admin - set 1 (Maintain),MSANSALI,
SA01RW,Security Admin - set 1 (Maintain),NBADRINA,
SA01RW,Security Admin - set 1 (Maintain),PANDERSON,
SA01RW,Security Admin - set 1 (Maintain),PGUASTAL,
SA01RW,Security Admin - set 1 (Maintain),PREN,
SA01RW,Security Admin - set 1 (Maintain),RAJKUMAR,
SA01RW,Security Admin - set 1 (Maintain),RHALILI,
SA01RW,Security Admin - set 1 (Maintain),RLONG,
SA01RW,Security Admin - set 1 (Maintain),RMUYO,
SA01RW,Security Admin - set 1 (Maintain),RSANPEDRO,
SA01RW,Security Admin - set 1 (Maintain),RTUMAGAN,
SA01RW,Security Admin - set 1 (Maintain),SHOGGATT,
SA01RW,Security Admin - set 1 (Maintain),SKALASAP,
SA01RW,Security Admin - set 1 (Maintain),SNEZAMIA,
SA01RW,Security Admin - set 1 (Maintain),SPAWAR,
SA01RW,Security Admin - set 1 (Maintain),SRANGARAJA,
SA01RW,Security Admin - set 1 (Maintain),SSHINDE,
SA01RW,Security Admin - set 1 (Maintain),STCOLLIN,
SA01RW,Security Admin - set 1 (Maintain),TBASS,
SA01RW,Security Admin - set 1 (Maintain),TIMCOX,
SA01RW,Security Admin - set 1 (Maintain),UPATIL,
SA01RW,Security Admin - set 1 (Maintain),VVENUGOP,
SA01RW,Security Admin - set 1 (Maintain),WESPEDAL,
SA01RW,Security Admin - set 1 (Maintain),WROWLES,
SA01RW,Security Admin - set 1 (Maintain),ZHAYATH,
AP01RO,Accounts Payable - set 1 (View),ABRYLINS,
AP01RO,Accounts Payable - set 1 (View),ADUBEY,
AP01RO,Accounts Payable - set 1 (View),AHUDANI,
AP01RO,Accounts Payable - set 1 (View),AKANDWAL,
AP01RO,Accounts Payable - set 1 (View),AKAZI,
AP01RO,Accounts Payable - set 1 (View),AKHAKIMO,
AP01RO,Accounts Payable - set 1 (View),AKORDE,
AP01RO,Accounts Payable - set 1 (View),AKOT,
AP01RO,Accounts Payable - set 1 (View),AKUDEKAR,
AP01RO,Accounts Payable - set 1 (View),AREWERA,
AP01RO,Accounts Payable - set 1 (View),ASOUZA,
AP01RO,Accounts Payable - set 1 (View),ASTAYLOR,
AP01RO,Accounts Payable - set 1 (View),BARK,
AP01RO,Accounts Payable - set 1 (View),BCAR,
AP01RO,Accounts Payable - set 1 (View),BEHESS,
AP01RO,Accounts Payable - set 1 (View),BKISCH,
AP01RO,Accounts Payable - set 1 (View),BSILVA,
AP01RO,Accounts Payable - set 1 (View),BSTUSIK,
AP01RO,Accounts Payable - set 1 (View),BTERSTEGE,
AP01RO,Accounts Payable - set 1 (View),CCRUMP,
AP01RO,Accounts Payable - set 1 (View),CMONTILL,
AP01RO,Accounts Payable - set 1 (View),CTHOM,
AP01RO,Accounts Payable - set 1 (View),CWASKEY,
AP01RO,Accounts Payable - set 1 (View),DAWALKER,
AP01RO,Accounts Payable - set 1 (View),DDALVI,
AP01RO,Accounts Payable - set 1 (View),DDVALVI,
AP01RO,Accounts Payable - set 1 (View),DGLENNIE,
AP01RO,Accounts Payable - set 1 (View),DHALYS,
AP01RO,Accounts Payable - set 1 (View),DKELLY,
AP01RO,Accounts Payable - set 1 (View),DLOS,
AP01RO,Accounts Payable - set 1 (View),DNEWLAND,
AP01RO,Accounts Payable - set 1 (View),DYYANG,
AP01RO,Accounts Payable - set 1 (View),EFORTUS,
AP01RO,Accounts Payable - set 1 (View),EFRANCO,
AP01RO,Accounts Payable - set 1 (View),EHERVIK,
AP01RO,Accounts Payable - set 1 (View),EICAMPBE,
AP01RO,Accounts Payable - set 1 (View),EKRISTVI,
AP01RO,Accounts Payable - set 1 (View),EMITCHELL,
AP01RO,Accounts Payable - set 1 (View),ESOREIDE,
AP01RO,Accounts Payable - set 1 (View),FNGAN,
AP01RO,Accounts Payable - set 1 (View),GIJUNIOR,
AP01RO,Accounts Payable - set 1 (View),GSCHREUD,
AP01RO,Accounts Payable - set 1 (View),HPARMAR,
AP01RO,Accounts Payable - set 1 (View),HPATIL,
AP01RO,Accounts Payable - set 1 (View),IVESELOVSK,
AP01RO,Accounts Payable - set 1 (View),JALEE,
AP01RO,Accounts Payable - set 1 (View),JECOOPER,
AP01RO,Accounts Payable - set 1 (View),JFOK,
AP01RO,Accounts Payable - set 1 (View),JKOBYLIN,
AP01RO,Accounts Payable - set 1 (View),JKUPCZAK,
AP01RO,Accounts Payable - set 1 (View),JLADIPAO,
AP01RO,Accounts Payable - set 1 (View),JRUSSELL,
AP01RO,Accounts Payable - set 1 (View),JSANTOS,
AP01RO,Accounts Payable - set 1 (View),KASANTOS,
AP01RO,Accounts Payable - set 1 (View),KASTEWAR,
AP01RO,Accounts Payable - set 1 (View),KGAWANDE,
AP01RO,Accounts Payable - set 1 (View),KHENDZEL,
AP01RO,Accounts Payable - set 1 (View),KJANTOSZ,
AP01RO,Accounts Payable - set 1 (View),KLI,
AP01RO,Accounts Payable - set 1 (View),KMACDONA,
AP01RO,Accounts Payable - set 1 (View),KNATTERO,
AP01RO,Accounts Payable - set 1 (View),KRIDA,
AP01RO,Accounts Payable - set 1 (View),KRISPAGE,
AP01RO,Accounts Payable - set 1 (View),KULTRA,
AP01RO,Accounts Payable - set 1 (View),KWONG,
AP01RO,Accounts Payable - set 1 (View),LBRANDAO,
AP01RO,Accounts Payable - set 1 (View),LCHHABRA,
AP01RO,Accounts Payable - set 1 (View),LDICKSON,
AP01RO,Accounts Payable - set 1 (View),LDUNCAN,
AP01RO,Accounts Payable - set 1 (View),LVELINCA,
AP01RO,Accounts Payable - set 1 (View),LXIE,
AP01RO,Accounts Payable - set 1 (View),MAGILL,
AP01RO,Accounts Payable - set 1 (View),MAJONES,
AP01RO,Accounts Payable - set 1 (View),MBALAS,
AP01RO,Accounts Payable - set 1 (View),MCHOI,
AP01RO,Accounts Payable - set 1 (View),MDAYAPER,
AP01RO,Accounts Payable - set 1 (View),MDEAN,
AP01RO,Accounts Payable - set 1 (View),MHIZONA,
AP01RO,Accounts Payable - set 1 (View),MISOTO,
AP01RO,Accounts Payable - set 1 (View),MJOHANNE,
AP01RO,Accounts Payable - set 1 (View),MKEPA,
AP01RO,Accounts Payable - set 1 (View),NBONIFACIO,
AP01RO,Accounts Payable - set 1 (View),NKATHE,
AP01RO,Accounts Payable - set 1 (View),NNUGRHA,
AP01RO,Accounts Payable - set 1 (View),NPARK,
AP01RO,Accounts Payable - set 1 (View),NROSS,
AP01RO,Accounts Payable - set 1 (View),NVROON,
AP01RO,Accounts Payable - set 1 (View),ODANGMAL,
AP01RO,Accounts Payable - set 1 (View),OMULIK,
AP01RO,Accounts Payable - set 1 (View),OOKUESO,
AP01RO,Accounts Payable - set 1 (View),PANDERSON,
AP01RO,Accounts Payable - set 1 (View),PKHONGPAN,
AP01RO,Accounts Payable - set 1 (View),PLINGEN,
AP01RO,Accounts Payable - set 1 (View),PPRESSLI,
AP01RO,Accounts Payable - set 1 (View),PREN,
AP01RO,Accounts Payable - set 1 (View),PSMITHERAM,
AP01RO,Accounts Payable - set 1 (View),RABATISTA,
AP01RO,Accounts Payable - set 1 (View),RAKPADAD,
AP01RO,Accounts Payable - set 1 (View),RCHANNA,
AP01RO,Accounts Payable - set 1 (View),RDURGADE,
AP01RO,Accounts Payable - set 1 (View),REATON,
AP01RO,Accounts Payable - set 1 (View),RHINONG,
AP01RO,Accounts Payable - set 1 (View),RHOLSTAD,
AP01RO,Accounts Payable - set 1 (View),RJADHAV,
AP01RO,Accounts Payable - set 1 (View),RJAMES,
AP01RO,Accounts Payable - set 1 (View),RLIANG,
AP01RO,Accounts Payable - set 1 (View),RSANPEDRO,
AP01RO,Accounts Payable - set 1 (View),RTATUM,
AP01RO,Accounts Payable - set 1 (View),RVANSCHIJN,
AP01RO,Accounts Payable - set 1 (View),SCONROY,
AP01RO,Accounts Payable - set 1 (View),SENGER,
AP01RO,Accounts Payable - set 1 (View),SGANDHIR,
AP01RO,Accounts Payable - set 1 (View),SGOWDA,
AP01RO,Accounts Payable - set 1 (View),SJOHNY,
AP01RO,Accounts Payable - set 1 (View),SKONING,
AP01RO,Accounts Payable - set 1 (View),SLENGHE,
AP01RO,Accounts Payable - set 1 (View),SLOUIE,
AP01RO,Accounts Payable - set 1 (View),SMACHLIK,
AP01RO,Accounts Payable - set 1 (View),SMARQUES,
AP01RO,Accounts Payable - set 1 (View),SNPAWAR,
AP01RO,Accounts Payable - set 1 (View),SOSLAND,
AP01RO,Accounts Payable - set 1 (View),SPATIL,
AP01RO,Accounts Payable - set 1 (View),SPAWAR,
AP01RO,Accounts Payable - set 1 (View),SSEKHON,
AP01RO,Accounts Payable - set 1 (View),STCOLLIN,
AP01RO,Accounts Payable - set 1 (View),STEIXEIR,
AP01RO,Accounts Payable - set 1 (View),SUJOSHI,
AP01RO,Accounts Payable - set 1 (View),TBROUWER,
AP01RO,Accounts Payable - set 1 (View),TBURROUG,
AP01RO,Accounts Payable - set 1 (View),TCOSTA,
AP01RO,Accounts Payable - set 1 (View),THJAKOBSEN,
AP01RO,Accounts Payable - set 1 (View),TVILLARD,
AP01RO,Accounts Payable - set 1 (View),VASOUZA,
AP01RO,Accounts Payable - set 1 (View),VGRIMSLI,
AP01RO,Accounts Payable - set 1 (View),VISILVA,
AP01RO,Accounts Payable - set 1 (View),VJADHAV,
AP01RO,Accounts Payable - set 1 (View),VLAW,
AP01RO,Accounts Payable - set 1 (View),VMORAES,
AP01RO,Accounts Payable - set 1 (View),VMUDGAL,
AP01RO,Accounts Payable - set 1 (View),VSATPUTE,
AP01RO,Accounts Payable - set 1 (View),VVENUGOP,
AP01RO,Accounts Payable - set 1 (View),YJADHAV,
AP01RO,Accounts Payable - set 1 (View),YWAYKAR,
AP01RW,Accounts Payable - set 1 (Maintain),ABALDONADO,
AP01RW,Accounts Payable - set 1 (Maintain),ABRYLINS,
AP01RW,Accounts Payable - set 1 (Maintain),ADATKHIL,
AP01RW,Accounts Payable - set 1 (Maintain),ADUBEY,
AP01RW,Accounts Payable - set 1 (Maintain),AHUDANI,
AP01RW,Accounts Payable - set 1 (Maintain),AKAZI,
AP01RW,Accounts Payable - set 1 (Maintain),AKHAKIMO,
AP01RW,Accounts Payable - set 1 (Maintain),AKORDE,
AP01RW,Accounts Payable - set 1 (Maintain),AKOT,
AP01RW,Accounts Payable - set 1 (Maintain),AKUDEKAR,
AP01RW,Accounts Payable - set 1 (Maintain),ANSOUZA,
AP01RW,Accounts Payable - set 1 (Maintain),AREWERA,
AP01RW,Accounts Payable - set 1 (Maintain),ASARTAPE,
AP01RW,Accounts Payable - set 1 (Maintain),ASOUZA,
AP01RW,Accounts Payable - set 1 (Maintain),ASUMAIYA,
AP01RW,Accounts Payable - set 1 (Maintain),ASZUBERL,
AP01RW,Accounts Payable - set 1 (Maintain),BEHESS,
AP01RW,Accounts Payable - set 1 (Maintain),BSILVA,
AP01RW,Accounts Payable - set 1 (Maintain),BSTUSIK,
AP01RW,Accounts Payable - set 1 (Maintain),CCRUMP,
AP01RW,Accounts Payable - set 1 (Maintain),CMONTILL,
AP01RW,Accounts Payable - set 1 (Maintain),CTHOM,
AP01RW,Accounts Payable - set 1 (Maintain),CVIRGENS,
AP01RW,Accounts Payable - set 1 (Maintain),DANMACLEAN,
AP01RW,Accounts Payable - set 1 (Maintain),DDALVI,
AP01RW,Accounts Payable - set 1 (Maintain),DDVALVI,
AP01RW,Accounts Payable - set 1 (Maintain),DGUASTAL,
AP01RW,Accounts Payable - set 1 (Maintain),DHALYS,
AP01RW,Accounts Payable - set 1 (Maintain),DKELLY,
AP01RW,Accounts Payable - set 1 (Maintain),DLOS,
AP01RW,Accounts Payable - set 1 (Maintain),DNEWLAND,
AP01RW,Accounts Payable - set 1 (Maintain),DWU,
AP01RW,Accounts Payable - set 1 (Maintain),DYYANG,
AP01RW,Accounts Payable - set 1 (Maintain),EFORTUS,
AP01RW,Accounts Payable - set 1 (Maintain),EFRANCO,
AP01RW,Accounts Payable - set 1 (Maintain),EHERVIK,
AP01RW,Accounts Payable - set 1 (Maintain),EICAMPBE,
AP01RW,Accounts Payable - set 1 (Maintain),EKRISTVI,
AP01RW,Accounts Payable - set 1 (Maintain),EMITCHELL,
AP01RW,Accounts Payable - set 1 (Maintain),ESOREIDE,
AP01RW,Accounts Payable - set 1 (Maintain),FASANTOS,
AP01RW,Accounts Payable - set 1 (Maintain),FDATHEST,
AP01RW,Accounts Payable - set 1 (Maintain),FNGAN,
AP01RW,Accounts Payable - set 1 (Maintain),GSCHREUD,
AP01RW,Accounts Payable - set 1 (Maintain),HPARMAR,
AP01RW,Accounts Payable - set 1 (Maintain),HPATIL,
AP01RW,Accounts Payable - set 1 (Maintain),IVESELOVSK,
AP01RW,Accounts Payable - set 1 (Maintain),JECOOPER,
AP01RW,Accounts Payable - set 1 (Maintain),JFOK,
AP01RW,Accounts Payable - set 1 (Maintain),JGUDMESTAD,
AP01RW,Accounts Payable - set 1 (Maintain),JKOBYLIN,
AP01RW,Accounts Payable - set 1 (Maintain),JKUPCZAK,
AP01RW,Accounts Payable - set 1 (Maintain),JOLIN,
AP01RW,Accounts Payable - set 1 (Maintain),JRUSSELL,
AP01RW,Accounts Payable - set 1 (Maintain),JSANTOS,
AP01RW,Accounts Payable - set 1 (Maintain),JTENGBER,
AP01RW,Accounts Payable - set 1 (Maintain),KASANTOS,
AP01RW,Accounts Payable - set 1 (Maintain),KASTEWAR,
AP01RW,Accounts Payable - set 1 (Maintain),KGAWANDE,
AP01RW,Accounts Payable - set 1 (Maintain),KHENDZEL,
AP01RW,Accounts Payable - set 1 (Maintain),KJANTOSZ,
AP01RW,Accounts Payable - set 1 (Maintain),KMACDONA,
AP01RW,Accounts Payable - set 1 (Maintain),KULTRA,
AP01RW,Accounts Payable - set 1 (Maintain),KWONG,
AP01RW,Accounts Payable - set 1 (Maintain),LBRANDAO,
AP01RW,Accounts Payable - set 1 (Maintain),LDICKSON,
AP01RW,Accounts Payable - set 1 (Maintain),LDUNCAN,
AP01RW,Accounts Payable - set 1 (Maintain),LWATT,
AP01RW,Accounts Payable - set 1 (Maintain),LXIE,
AP01RW,Accounts Payable - set 1 (Maintain),MAJONES,
AP01RW,Accounts Payable - set 1 (Maintain),MBALAS,
AP01RW,Accounts Payable - set 1 (Maintain),MCHOI,
AP01RW,Accounts Payable - set 1 (Maintain),MDAYAPER,
AP01RW,Accounts Payable - set 1 (Maintain),MDEAN,
AP01RW,Accounts Payable - set 1 (Maintain),MHIZONA,
AP01RW,Accounts Payable - set 1 (Maintain),MKEPA,
AP01RW,Accounts Payable - set 1 (Maintain),MKIM,
AP01RW,Accounts Payable - set 1 (Maintain),MPRIVATTI,
AP01RW,Accounts Payable - set 1 (Maintain),MRAMOS,
AP01RW,Accounts Payable - set 1 (Maintain),NBADRINA,
AP01RW,Accounts Payable - set 1 (Maintain),NBONIFACIO,
AP01RW,Accounts Payable - set 1 (Maintain),NKATHE,
AP01RW,Accounts Payable - set 1 (Maintain),NNUGRHA,
AP01RW,Accounts Payable - set 1 (Maintain),NPARK,
AP01RW,Accounts Payable - set 1 (Maintain),NVROON,
AP01RW,Accounts Payable - set 1 (Maintain),ODANGMAL,
AP01RW,Accounts Payable - set 1 (Maintain),OMULIK,
AP01RW,Accounts Payable - set 1 (Maintain),PANDERSON,
AP01RW,Accounts Payable - set 1 (Maintain),PGUASTAL,
AP01RW,Accounts Payable - set 1 (Maintain),PIRSILVA,
AP01RW,Accounts Payable - set 1 (Maintain),PKHONGPAN,
AP01RW,Accounts Payable - set 1 (Maintain),PPRESSLI,
AP01RW,Accounts Payable - set 1 (Maintain),PREN,
AP01RW,Accounts Payable - set 1 (Maintain),PSMITHERAM,
AP01RW,Accounts Payable - set 1 (Maintain),RAKPADAD,
AP01RW,Accounts Payable - set 1 (Maintain),RCHANNA,
AP01RW,Accounts Payable - set 1 (Maintain),RDURGADE,
AP01RW,Accounts Payable - set 1 (Maintain),RHINONG,
AP01RW,Accounts Payable - set 1 (Maintain),RJADHAV,
AP01RW,Accounts Payable - set 1 (Maintain),RJAMES,
AP01RW,Accounts Payable - set 1 (Maintain),RLIANG,
AP01RW,Accounts Payable - set 1 (Maintain),RSANPEDRO,
AP01RW,Accounts Payable - set 1 (Maintain),RVANSCHIJN,
AP01RW,Accounts Payable - set 1 (Maintain),SCONROY,
AP01RW,Accounts Payable - set 1 (Maintain),SGOWDA,
AP01RW,Accounts Payable - set 1 (Maintain),SJOHNY,
AP01RW,Accounts Payable - set 1 (Maintain),SKALASAP,
AP01RW,Accounts Payable - set 1 (Maintain),SKONING,
AP01RW,Accounts Payable - set 1 (Maintain),SLENGHE,
AP01RW,Accounts Payable - set 1 (Maintain),SMACHLIK,
AP01RW,Accounts Payable - set 1 (Maintain),SMARQUES,
AP01RW,Accounts Payable - set 1 (Maintain),SNPAWAR,
AP01RW,Accounts Payable - set 1 (Maintain),SPATIL,
AP01RW,Accounts Payable - set 1 (Maintain),SPAWAR,
AP01RW,Accounts Payable - set 1 (Maintain),SRANGARAJA,
AP01RW,Accounts Payable - set 1 (Maintain),SSEKHON,
AP01RW,Accounts Payable - set 1 (Maintain),SSHINDE,
AP01RW,Accounts Payable - set 1 (Maintain),STEIXEIR,
AP01RW,Accounts Payable - set 1 (Maintain),SUJOSHI,
AP01RW,Accounts Payable - set 1 (Maintain),TBROUWER,
AP01RW,Accounts Payable - set 1 (Maintain),TCOSTA,
AP01RW,Accounts Payable - set 1 (Maintain),TVILLARD,
AP01RW,Accounts Payable - set 1 (Maintain),UPATIL,
AP01RW,Accounts Payable - set 1 (Maintain),VASOUZA,
AP01RW,Accounts Payable - set 1 (Maintain),VGRIMSLI,
AP01RW,Accounts Payable - set 1 (Maintain),VISILVA,
AP01RW,Accounts Payable - set 1 (Maintain),VJADHAV,
AP01RW,Accounts Payable - set 1 (Maintain),VMORAES,
AP01RW,Accounts Payable - set 1 (Maintain),VMUDGAL,
AP01RW,Accounts Payable - set 1 (Maintain),VSATPUTE,
AP01RW,Accounts Payable - set 1 (Maintain),VVENUGOP,
AP01RW,Accounts Payable - set 1 (Maintain),WROWLES,
AP01RW,Accounts Payable - set 1 (Maintain),YJADHAV,
AP01RW,Accounts Payable - set 1 (Maintain),YWAYKAR,
AP01RW,Accounts Payable - set 1 (Maintain),ZHAYATH,
AP02RO,Accounts Payable - set 2 (View),AACHILLE,
AP02RO,Accounts Payable - set 2 (View),AAMARTIN,
AP02RO,Accounts Payable - set 2 (View),ABANNON,
AP02RO,Accounts Payable - set 2 (View),ABRYLINS,
AP02RO,Accounts Payable - set 2 (View),ACASTRO,
AP02RO,Accounts Payable - set 2 (View),ADUBEY,
AP02RO,Accounts Payable - set 2 (View),AEBERHAR,
AP02RO,Accounts Payable - set 2 (View),AHUDANI,
AP02RO,Accounts Payable - set 2 (View),AJAKOBSSON,
AP02RO,Accounts Payable - set 2 (View),AKANDWAL,
AP02RO,Accounts Payable - set 2 (View),AKAZI,
AP02RO,Accounts Payable - set 2 (View),AKHAKIMO,
AP02RO,Accounts Payable - set 2 (View),AKORDE,
AP02RO,Accounts Payable - set 2 (View),AKOT,
AP02RO,Accounts Payable - set 2 (View),AKUDEKAR,
AP02RO,Accounts Payable - set 2 (View),ALARSEN,
AP02RO,Accounts Payable - set 2 (View),ALAU,
AP02RO,Accounts Payable - set 2 (View),AMORENO,
AP02RO,Accounts Payable - set 2 (View),ANIEKERK,
AP02RO,Accounts Payable - set 2 (View),ANSOUZA,
AP02RO,Accounts Payable - set 2 (View),AREWERA,
AP02RO,Accounts Payable - set 2 (View),ARICHARDS,
AP02RO,Accounts Payable - set 2 (View),ASELLARS,
AP02RO,Accounts Payable - set 2 (View),ASOUZA,
AP02RO,Accounts Payable - set 2 (View),ASTAYLOR,
AP02RO,Accounts Payable - set 2 (View),BABRIDGF,
AP02RO,Accounts Payable - set 2 (View),BARK,
AP02RO,Accounts Payable - set 2 (View),BAULIK,
AP02RO,Accounts Payable - set 2 (View),BBRETHER,
AP02RO,Accounts Payable - set 2 (View),BCAR,
AP02RO,Accounts Payable - set 2 (View),BCLARK,
AP02RO,Accounts Payable - set 2 (View),BEHESS,
AP02RO,Accounts Payable - set 2 (View),BFERREIRA,
AP02RO,Accounts Payable - set 2 (View),BHORN,
AP02RO,Accounts Payable - set 2 (View),BKISCH,
AP02RO,Accounts Payable - set 2 (View),BNICHOLL,
AP02RO,Accounts Payable - set 2 (View),BPOST,
AP02RO,Accounts Payable - set 2 (View),BSILVA,
AP02RO,Accounts Payable - set 2 (View),BSTEINSE,
AP02RO,Accounts Payable - set 2 (View),BSTUSIK,
AP02RO,Accounts Payable - set 2 (View),BTERSTEGE,
AP02RO,Accounts Payable - set 2 (View),CCOPELAN,
AP02RO,Accounts Payable - set 2 (View),CCRUMP,
AP02RO,Accounts Payable - set 2 (View),CDIXON,
AP02RO,Accounts Payable - set 2 (View),CFORSYTH,
AP02RO,Accounts Payable - set 2 (View),CGAULIER,
AP02RO,Accounts Payable - set 2 (View),CHARDERS,
AP02RO,Accounts Payable - set 2 (View),CLAWSON,
AP02RO,Accounts Payable - set 2 (View),CMCCARRON,
AP02RO,Accounts Payable - set 2 (View),CMCCULLOCH,
AP02RO,Accounts Payable - set 2 (View),CMONTILL,
AP02RO,Accounts Payable - set 2 (View),COCONNEL,
AP02RO,Accounts Payable - set 2 (View),COMITCHE,
AP02RO,Accounts Payable - set 2 (View),CROSA,
AP02RO,Accounts Payable - set 2 (View),CTHOM,
AP02RO,Accounts Payable - set 2 (View),CTORKELSEN,
AP02RO,Accounts Payable - set 2 (View),CVIRGENS,
AP02RO,Accounts Payable - set 2 (View),CWASKEY,
AP02RO,Accounts Payable - set 2 (View),DAGRANT,
AP02RO,Accounts Payable - set 2 (View),DAWALKER,
AP02RO,Accounts Payable - set 2 (View),DDALVI,
AP02RO,Accounts Payable - set 2 (View),DDVALVI,
AP02RO,Accounts Payable - set 2 (View),DEBRADLE,
AP02RO,Accounts Payable - set 2 (View),DFLAKEMO,
AP02RO,Accounts Payable - set 2 (View),DGLENNIE,
AP02RO,Accounts Payable - set 2 (View),DGROENEV,
AP02RO,Accounts Payable - set 2 (View),DHALYS,
AP02RO,Accounts Payable - set 2 (View),DLOS,
AP02RO,Accounts Payable - set 2 (View),DNEWLAND,
AP02RO,Accounts Payable - set 2 (View),DPANGILI,
AP02RO,Accounts Payable - set 2 (View),DRICHES,
AP02RO,Accounts Payable - set 2 (View),DYYANG,
AP02RO,Accounts Payable - set 2 (View),EBJORNA,
AP02RO,Accounts Payable - set 2 (View),EBLIKRA,
AP02RO,Accounts Payable - set 2 (View),EBRAINWO,
AP02RO,Accounts Payable - set 2 (View),EFORTUS,
AP02RO,Accounts Payable - set 2 (View),EFRANCO,
AP02RO,Accounts Payable - set 2 (View),EGUILLOT,
AP02RO,Accounts Payable - set 2 (View),EHERVIK,
AP02RO,Accounts Payable - set 2 (View),EICAMPBE,
AP02RO,Accounts Payable - set 2 (View),EKLINGAN,
AP02RO,Accounts Payable - set 2 (View),EKOOLS,
AP02RO,Accounts Payable - set 2 (View),EKRISTVI,
AP02RO,Accounts Payable - set 2 (View),EMGATLEY,
AP02RO,Accounts Payable - set 2 (View),EMITCHELL,
AP02RO,Accounts Payable - set 2 (View),ENORDBY,
AP02RO,Accounts Payable - set 2 (View),ESOREIDE,
AP02RO,Accounts Payable - set 2 (View),FANDRESE,
AP02RO,Accounts Payable - set 2 (View),FASANTOS,
AP02RO,Accounts Payable - set 2 (View),FDATHEST,
AP02RO,Accounts Payable - set 2 (View),FDENHELDER,
AP02RO,Accounts Payable - set 2 (View),FNGAN,
AP02RO,Accounts Payable - set 2 (View),FRESILVA,
AP02RO,Accounts Payable - set 2 (View),GBARROS,
AP02RO,Accounts Payable - set 2 (View),GBRANTING,
AP02RO,Accounts Payable - set 2 (View),GCHRISTIAN,
AP02RO,Accounts Payable - set 2 (View),GESCARAY,
AP02RO,Accounts Payable - set 2 (View),GIJUNIOR,
AP02RO,Accounts Payable - set 2 (View),GJACKSON,
AP02RO,Accounts Payable - set 2 (View),GJOHANSE,
AP02RO,Accounts Payable - set 2 (View),GJOHNSEN,
AP02RO,Accounts Payable - set 2 (View),GRBOWLES,
AP02RO,Accounts Payable - set 2 (View),GSCHREUD,
AP02RO,Accounts Payable - set 2 (View),GSKJERSE,
AP02RO,Accounts Payable - set 2 (View),GTORGERS,
AP02RO,Accounts Payable - set 2 (View),GTURNER,
AP02RO,Accounts Payable - set 2 (View),HBEAMES,
AP02RO,Accounts Payable - set 2 (View),HBOS,
AP02RO,Accounts Payable - set 2 (View),HBRINGSV,
AP02RO,Accounts Payable - set 2 (View),HFJELD,
AP02RO,Accounts Payable - set 2 (View),HGAASKJE,
AP02RO,Accounts Payable - set 2 (View),HKLEPPE,
AP02RO,Accounts Payable - set 2 (View),HKRANENB,
AP02RO,Accounts Payable - set 2 (View),HNESVAG,
AP02RO,Accounts Payable - set 2 (View),HPARMAR,
AP02RO,Accounts Payable - set 2 (View),HPATIL,
AP02RO,Accounts Payable - set 2 (View),HSANDERSEN,
AP02RO,Accounts Payable - set 2 (View),INLOLAND,
AP02RO,Accounts Payable - set 2 (View),IOVERLAND,
AP02RO,Accounts Payable - set 2 (View),IVESELOVSK,
AP02RO,Accounts Payable - set 2 (View),JALEE,
AP02RO,Accounts Payable - set 2 (View),JAYPORTE,
AP02RO,Accounts Payable - set 2 (View),JBURROWS,
AP02RO,Accounts Payable - set 2 (View),JBUSTOS,
AP02RO,Accounts Payable - set 2 (View),JCEGIELS,
AP02RO,Accounts Payable - set 2 (View),JCONCEPC,
AP02RO,Accounts Payable - set 2 (View),JECOOPER,
AP02RO,Accounts Payable - set 2 (View),JEIKE,
AP02RO,Accounts Payable - set 2 (View),JFOK,
AP02RO,Accounts Payable - set 2 (View),JGUDMESTAD,
AP02RO,Accounts Payable - set 2 (View),JHOPKINSON,
AP02RO,Accounts Payable - set 2 (View),JKANESTR,
AP02RO,Accounts Payable - set 2 (View),JKOBYLIN,
AP02RO,Accounts Payable - set 2 (View),JKUPCZAK,
AP02RO,Accounts Payable - set 2 (View),JLADIPAO,
AP02RO,Accounts Payable - set 2 (View),JLOBODA,
AP02RO,Accounts Payable - set 2 (View),JLOGAN,
AP02RO,Accounts Payable - set 2 (View),JMEERSBE,
AP02RO,Accounts Payable - set 2 (View),JNIELSEN,
AP02RO,Accounts Payable - set 2 (View),JNORDERHAU,
AP02RO,Accounts Payable - set 2 (View),JOMARTIN,
AP02RO,Accounts Payable - set 2 (View),JROZYCKA,
AP02RO,Accounts Payable - set 2 (View),JRUSSELL,
AP02RO,Accounts Payable - set 2 (View),JSANTOS,
AP02RO,Accounts Payable - set 2 (View),JSECKEL,
AP02RO,Accounts Payable - set 2 (View),JSETSA,
AP02RO,Accounts Payable - set 2 (View),JUANDREW,
AP02RO,Accounts Payable - set 2 (View),JWOODING,
AP02RO,Accounts Payable - set 2 (View),KASANTOS,
AP02RO,Accounts Payable - set 2 (View),KASTEWAR,
AP02RO,Accounts Payable - set 2 (View),KAUTH,
AP02RO,Accounts Payable - set 2 (View),KAWALSH,
AP02RO,Accounts Payable - set 2 (View),KBRIGGS,
AP02RO,Accounts Payable - set 2 (View),KCHOHAN,
AP02RO,Accounts Payable - set 2 (View),KEWILLIAMS,
AP02RO,Accounts Payable - set 2 (View),KGAWANDE,
AP02RO,Accounts Payable - set 2 (View),KGJELVIK,
AP02RO,Accounts Payable - set 2 (View),KHENDZEL,
AP02RO,Accounts Payable - set 2 (View),KJANTOSZ,
AP02RO,Accounts Payable - set 2 (View),KKINDEN,
AP02RO,Accounts Payable - set 2 (View),KKORNEVA,
AP02RO,Accounts Payable - set 2 (View),KLI,
AP02RO,Accounts Payable - set 2 (View),KLUNDIN,
AP02RO,Accounts Payable - set 2 (View),KMACDONA,
AP02RO,Accounts Payable - set 2 (View),KMYKKELT,
AP02RO,Accounts Payable - set 2 (View),KNATTERO,
AP02RO,Accounts Payable - set 2 (View),KPHUNG,
AP02RO,Accounts Payable - set 2 (View),KRIDA,
AP02RO,Accounts Payable - set 2 (View),KRISPAGE,
AP02RO,Accounts Payable - set 2 (View),KSPENGLE,
AP02RO,Accounts Payable - set 2 (View),KTKATCHE,
AP02RO,Accounts Payable - set 2 (View),KULTRA,
AP02RO,Accounts Payable - set 2 (View),KWILLIS,
AP02RO,Accounts Payable - set 2 (View),KWONG,
AP02RO,Accounts Payable - set 2 (View),LANDERSO,
AP02RO,Accounts Payable - set 2 (View),LANFINSEN,
AP02RO,Accounts Payable - set 2 (View),LBRANDAO,
AP02RO,Accounts Payable - set 2 (View),LCHHABRA,
AP02RO,Accounts Payable - set 2 (View),LCOOMAN,
AP02RO,Accounts Payable - set 2 (View),LCOWIE,
AP02RO,Accounts Payable - set 2 (View),LDEGREEF,
AP02RO,Accounts Payable - set 2 (View),LDEVINE,
AP02RO,Accounts Payable - set 2 (View),LDICKSON,
AP02RO,Accounts Payable - set 2 (View),LDUNCAN,
AP02RO,Accounts Payable - set 2 (View),LEEUWE02,
AP02RO,Accounts Payable - set 2 (View),LGRAVES,
AP02RO,Accounts Payable - set 2 (View),LHODGSON,
AP02RO,Accounts Payable - set 2 (View),LKOZIK,
AP02RO,Accounts Payable - set 2 (View),LSIM,
AP02RO,Accounts Payable - set 2 (View),LTORKELS,
AP02RO,Accounts Payable - set 2 (View),LTUTIN,
AP02RO,Accounts Payable - set 2 (View),LVALANI,
AP02RO,Accounts Payable - set 2 (View),LVANSON,
AP02RO,Accounts Payable - set 2 (View),LVELINCA,
AP02RO,Accounts Payable - set 2 (View),LVIERA,
AP02RO,Accounts Payable - set 2 (View),LWATT,
AP02RO,Accounts Payable - set 2 (View),LWOOD,
AP02RO,Accounts Payable - set 2 (View),LXIE,
AP02RO,Accounts Payable - set 2 (View),MAGILL,
AP02RO,Accounts Payable - set 2 (View),MAJONES,
AP02RO,Accounts Payable - set 2 (View),MAMATONG,
AP02RO,Accounts Payable - set 2 (View),MBALAS,
AP02RO,Accounts Payable - set 2 (View),MBATOR,
AP02RO,Accounts Payable - set 2 (View),MBENNETTS,
AP02RO,Accounts Payable - set 2 (View),MCARRAS,
AP02RO,Accounts Payable - set 2 (View),MCATLIN,
AP02RO,Accounts Payable - set 2 (View),MCHOI,
AP02RO,Accounts Payable - set 2 (View),MCLAYDON,
AP02RO,Accounts Payable - set 2 (View),MCOUTINHO,
AP02RO,Accounts Payable - set 2 (View),MDAGGER,
AP02RO,Accounts Payable - set 2 (View),MDAYAPER,
AP02RO,Accounts Payable - set 2 (View),MDEAN,
AP02RO,Accounts Payable - set 2 (View),MGARRING,
AP02RO,Accounts Payable - set 2 (View),MGOTTSCH,
AP02RO,Accounts Payable - set 2 (View),MHAGEMAN,
AP02RO,Accounts Payable - set 2 (View),MHIZONA,
AP02RO,Accounts Payable - set 2 (View),MISOTO,
AP02RO,Accounts Payable - set 2 (View),MJOHANNE,
AP02RO,Accounts Payable - set 2 (View),MJOHANSEN,
AP02RO,Accounts Payable - set 2 (View),MJOPSON,
AP02RO,Accounts Payable - set 2 (View),MJUBB,
AP02RO,Accounts Payable - set 2 (View),MKEPA,
AP02RO,Accounts Payable - set 2 (View),MKOGUT,
AP02RO,Accounts Payable - set 2 (View),MLUDWINI,
AP02RO,Accounts Payable - set 2 (View),MMAYNE,
AP02RO,Accounts Payable - set 2 (View),MPERREN,
AP02RO,Accounts Payable - set 2 (View),MPRIESTL,
AP02RO,Accounts Payable - set 2 (View),MPRIVATTI,
AP02RO,Accounts Payable - set 2 (View),MQUIRKE,
AP02RO,Accounts Payable - set 2 (View),MSANSALI,
AP02RO,Accounts Payable - set 2 (View),NALVARES,
AP02RO,Accounts Payable - set 2 (View),NBONIFACIO,
AP02RO,Accounts Payable - set 2 (View),NGILCHRI,
AP02RO,Accounts Payable - set 2 (View),NKATHE,
AP02RO,Accounts Payable - set 2 (View),NKERR,
AP02RO,Accounts Payable - set 2 (View),NKOLNES,
AP02RO,Accounts Payable - set 2 (View),NNUGRHA,
AP02RO,Accounts Payable - set 2 (View),NPARK,
AP02RO,Accounts Payable - set 2 (View),NRACIC,
AP02RO,Accounts Payable - set 2 (View),NROSS,
AP02RO,Accounts Payable - set 2 (View),NSAFDARY,
AP02RO,Accounts Payable - set 2 (View),NVROON,
AP02RO,Accounts Payable - set 2 (View),NWIATER,
AP02RO,Accounts Payable - set 2 (View),ODANGMAL,
AP02RO,Accounts Payable - set 2 (View),OGRABI,
AP02RO,Accounts Payable - set 2 (View),OMAGBANUA,
AP02RO,Accounts Payable - set 2 (View),OMULIK,
AP02RO,Accounts Payable - set 2 (View),OOKUESO,
AP02RO,Accounts Payable - set 2 (View),OOSTEBO,
AP02RO,Accounts Payable - set 2 (View),PDENTON,
AP02RO,Accounts Payable - set 2 (View),PGAVIN,
AP02RO,Accounts Payable - set 2 (View),PIRSILVA,
AP02RO,Accounts Payable - set 2 (View),PKHONGPAN,
AP02RO,Accounts Payable - set 2 (View),PLESLIE,
AP02RO,Accounts Payable - set 2 (View),PLINGEN,
AP02RO,Accounts Payable - set 2 (View),PPRESSLI,
AP02RO,Accounts Payable - set 2 (View),PREN,
AP02RO,Accounts Payable - set 2 (View),PSMITHERAM,
AP02RO,Accounts Payable - set 2 (View),PVATTOY,
AP02RO,Accounts Payable - set 2 (View),QHERGAAR,
AP02RO,Accounts Payable - set 2 (View),RABATISTA,
AP02RO,Accounts Payable - set 2 (View),RADAMS,
AP02RO,Accounts Payable - set 2 (View),RAJKUMAR,
AP02RO,Accounts Payable - set 2 (View),RAKPADAD,
AP02RO,Accounts Payable - set 2 (View),RALBERG,
AP02RO,Accounts Payable - set 2 (View),RCARAGOUNI,
AP02RO,Accounts Payable - set 2 (View),RCHANNA,
AP02RO,Accounts Payable - set 2 (View),RDESAY,
AP02RO,Accounts Payable - set 2 (View),RDURGADE,
AP02RO,Accounts Payable - set 2 (View),REATON,
AP02RO,Accounts Payable - set 2 (View),RGURSLI,
AP02RO,Accounts Payable - set 2 (View),RHALILI,
AP02RO,Accounts Payable - set 2 (View),RHINONG,
AP02RO,Accounts Payable - set 2 (View),RHOLSTAD,
AP02RO,Accounts Payable - set 2 (View),RJADHAV,
AP02RO,Accounts Payable - set 2 (View),RJAMES,
AP02RO,Accounts Payable - set 2 (View),RJARRETT,
AP02RO,Accounts Payable - set 2 (View),RLIANG,
AP02RO,Accounts Payable - set 2 (View),RLONG,
AP02RO,Accounts Payable - set 2 (View),RMONTES,
AP02RO,Accounts Payable - set 2 (View),RMUYO,
AP02RO,Accounts Payable - set 2 (View),RNANHEKHAN,
AP02RO,Accounts Payable - set 2 (View),ROSTERHU,
AP02RO,Accounts Payable - set 2 (View),RPAIVA,
AP02RO,Accounts Payable - set 2 (View),RSANPEDRO,
AP02RO,Accounts Payable - set 2 (View),RSTURT,
AP02RO,Accounts Payable - set 2 (View),RTALLAKS,
AP02RO,Accounts Payable - set 2 (View),RTATTEN,
AP02RO,Accounts Payable - set 2 (View),RTATUM,
AP02RO,Accounts Payable - set 2 (View),RTUMAGAN,
AP02RO,Accounts Payable - set 2 (View),RVANSCHIJN,
AP02RO,Accounts Payable - set 2 (View),RVILLANU,
AP02RO,Accounts Payable - set 2 (View),RWALLACE,
AP02RO,Accounts Payable - set 2 (View),RWEENING,
AP02RO,Accounts Payable - set 2 (View),SCONROY,
AP02RO,Accounts Payable - set 2 (View),SENGER,
AP02RO,Accounts Payable - set 2 (View),SESPELAN,
AP02RO,Accounts Payable - set 2 (View),SGANDHIR,
AP02RO,Accounts Payable - set 2 (View),SGASKELL,
AP02RO,Accounts Payable - set 2 (View),SGOWDA,
AP02RO,Accounts Payable - set 2 (View),SHOGGATT,
AP02RO,Accounts Payable - set 2 (View),SIW,
AP02RO,Accounts Payable - set 2 (View),SJENNING,
AP02RO,Accounts Payable - set 2 (View),SJOHNY,
AP02RO,Accounts Payable - set 2 (View),SKELLY,
AP02RO,Accounts Payable - set 2 (View),SKONING,
AP02RO,Accounts Payable - set 2 (View),SLENGHE,
AP02RO,Accounts Payable - set 2 (View),SLOHR,
AP02RO,Accounts Payable - set 2 (View),SLOUIE,
AP02RO,Accounts Payable - set 2 (View),SMACHLIK,
AP02RO,Accounts Payable - set 2 (View),SMARKWICK,
AP02RO,Accounts Payable - set 2 (View),SMARQUES,
AP02RO,Accounts Payable - set 2 (View),SNPAWAR,
AP02RO,Accounts Payable - set 2 (View),SOSLAND,
AP02RO,Accounts Payable - set 2 (View),SPATIL,
AP02RO,Accounts Payable - set 2 (View),SSEBULON,
AP02RO,Accounts Payable - set 2 (View),SSEKHON,
AP02RO,Accounts Payable - set 2 (View),STCOLLIN,
AP02RO,Accounts Payable - set 2 (View),STEIXEIR,
AP02RO,Accounts Payable - set 2 (View),STHOMPSON,
AP02RO,Accounts Payable - set 2 (View),SUGREEN,
AP02RO,Accounts Payable - set 2 (View),SUJOSHI,
AP02RO,Accounts Payable - set 2 (View),SWATSON,
AP02RO,Accounts Payable - set 2 (View),TBASS,
AP02RO,Accounts Payable - set 2 (View),TBROUWER,
AP02RO,Accounts Payable - set 2 (View),TBURROUG,
AP02RO,Accounts Payable - set 2 (View),TCONCEIC,
AP02RO,Accounts Payable - set 2 (View),TCOSTA,
AP02RO,Accounts Payable - set 2 (View),TFREDRIK,
AP02RO,Accounts Payable - set 2 (View),THBAUSTAD,
AP02RO,Accounts Payable - set 2 (View),THJAKOBSEN,
AP02RO,Accounts Payable - set 2 (View),TIMCOX,
AP02RO,Accounts Payable - set 2 (View),TJANSSEN,
AP02RO,Accounts Payable - set 2 (View),TLAING,
AP02RO,Accounts Payable - set 2 (View),TMCCABE,
AP02RO,Accounts Payable - set 2 (View),TOKING,
AP02RO,Accounts Payable - set 2 (View),TOLSON01,
AP02RO,Accounts Payable - set 2 (View),TRMALBY,
AP02RO,Accounts Payable - set 2 (View),TROSENBERG,
AP02RO,Accounts Payable - set 2 (View),TTHOMASSEN,
AP02RO,Accounts Payable - set 2 (View),TVILLARD,
AP02RO,Accounts Payable - set 2 (View),URITAB,
AP02RO,Accounts Payable - set 2 (View),VASOUZA,
AP02RO,Accounts Payable - set 2 (View),VGRIMSLI,
AP02RO,Accounts Payable - set 2 (View),VISILVA,
AP02RO,Accounts Payable - set 2 (View),VJADHAV,
AP02RO,Accounts Payable - set 2 (View),VLAW,
AP02RO,Accounts Payable - set 2 (View),VMORAES,
AP02RO,Accounts Payable - set 2 (View),VMUDGAL,
AP02RO,Accounts Payable - set 2 (View),VREITAN,
AP02RO,Accounts Payable - set 2 (View),VSATPUTE,
AP02RO,Accounts Payable - set 2 (View),VSOLSEM,
AP02RO,Accounts Payable - set 2 (View),WESPEDAL,
AP02RO,Accounts Payable - set 2 (View),WSTEWART,
AP02RO,Accounts Payable - set 2 (View),WSZCZEPA,
AP02RO,Accounts Payable - set 2 (View),WWHITE,
AP02RO,Accounts Payable - set 2 (View),XHU,
AP02RO,Accounts Payable - set 2 (View),YJADHAV,
AP02RO,Accounts Payable - set 2 (View),YWAYKAR,
AP02RW,Accounts Payable - set 2 (Maintain),AACHILLE,
AP02RW,Accounts Payable - set 2 (Maintain),AAMARTIN,
AP02RW,Accounts Payable - set 2 (Maintain),ABALDONADO,
AP02RW,Accounts Payable - set 2 (Maintain),ABANNON,
AP02RW,Accounts Payable - set 2 (Maintain),ABRYLINS,
AP02RW,Accounts Payable - set 2 (Maintain),ACASTRO,
AP02RW,Accounts Payable - set 2 (Maintain),ADATKHIL,
AP02RW,Accounts Payable - set 2 (Maintain),ADUBEY,
AP02RW,Accounts Payable - set 2 (Maintain),AEBERHAR,
AP02RW,Accounts Payable - set 2 (Maintain),AHUDANI,
AP02RW,Accounts Payable - set 2 (Maintain),AJAKOBSSON,
AP02RW,Accounts Payable - set 2 (Maintain),AKANDWAL,
AP02RW,Accounts Payable - set 2 (Maintain),AKAZI,
AP02RW,Accounts Payable - set 2 (Maintain),AKHAKIMO,
AP02RW,Accounts Payable - set 2 (Maintain),AKORDE,
AP02RW,Accounts Payable - set 2 (Maintain),AKOT,
AP02RW,Accounts Payable - set 2 (Maintain),AKUDEKAR,
AP02RW,Accounts Payable - set 2 (Maintain),ALARSEN,
AP02RW,Accounts Payable - set 2 (Maintain),ALAU,
AP02RW,Accounts Payable - set 2 (Maintain),AMORENO,
AP02RW,Accounts Payable - set 2 (Maintain),ANIEKERK,
AP02RW,Accounts Payable - set 2 (Maintain),ANSOUZA,
AP02RW,Accounts Payable - set 2 (Maintain),AREWERA,
AP02RW,Accounts Payable - set 2 (Maintain),ARICHARDS,
AP02RW,Accounts Payable - set 2 (Maintain),ASARTAPE,
AP02RW,Accounts Payable - set 2 (Maintain),ASELLARS,
AP02RW,Accounts Payable - set 2 (Maintain),ASOUZA,
AP02RW,Accounts Payable - set 2 (Maintain),ASTAYLOR,
AP02RW,Accounts Payable - set 2 (Maintain),ASUMAIYA,
AP02RW,Accounts Payable - set 2 (Maintain),ASZUBERL,
AP02RW,Accounts Payable - set 2 (Maintain),BABRIDGF,
AP02RW,Accounts Payable - set 2 (Maintain),BARK,
AP02RW,Accounts Payable - set 2 (Maintain),BAULIK,
AP02RW,Accounts Payable - set 2 (Maintain),BBRETHER,
AP02RW,Accounts Payable - set 2 (Maintain),BCAR,
AP02RW,Accounts Payable - set 2 (Maintain),BCLARK,
AP02RW,Accounts Payable - set 2 (Maintain),BEHESS,
AP02RW,Accounts Payable - set 2 (Maintain),BFERREIRA,
AP02RW,Accounts Payable - set 2 (Maintain),BHORN,
AP02RW,Accounts Payable - set 2 (Maintain),BKISCH,
AP02RW,Accounts Payable - set 2 (Maintain),BNICHOLL,
AP02RW,Accounts Payable - set 2 (Maintain),BPOST,
AP02RW,Accounts Payable - set 2 (Maintain),BSILVA,
AP02RW,Accounts Payable - set 2 (Maintain),BSTEINSE,
AP02RW,Accounts Payable - set 2 (Maintain),BSTUSIK,
AP02RW,Accounts Payable - set 2 (Maintain),BTERSTEGE,
AP02RW,Accounts Payable - set 2 (Maintain),CCOPELAN,
AP02RW,Accounts Payable - set 2 (Maintain),CCRUMP,
AP02RW,Accounts Payable - set 2 (Maintain),CDIXON,
AP02RW,Accounts Payable - set 2 (Maintain),CFORSYTH,
AP02RW,Accounts Payable - set 2 (Maintain),CGAULIER,
AP02RW,Accounts Payable - set 2 (Maintain),CHARDERS,
AP02RW,Accounts Payable - set 2 (Maintain),CLAWSON,
AP02RW,Accounts Payable - set 2 (Maintain),CMCCARRON,
AP02RW,Accounts Payable - set 2 (Maintain),CMCCULLOCH,
AP02RW,Accounts Payable - set 2 (Maintain),CMONTILL,
AP02RW,Accounts Payable - set 2 (Maintain),COCONNEL,
AP02RW,Accounts Payable - set 2 (Maintain),COMITCHE,
AP02RW,Accounts Payable - set 2 (Maintain),CROSA,
AP02RW,Accounts Payable - set 2 (Maintain),CTHOM,
AP02RW,Accounts Payable - set 2 (Maintain),CTORKELSEN,
AP02RW,Accounts Payable - set 2 (Maintain),CVIRGENS,
AP02RW,Accounts Payable - set 2 (Maintain),CWASKEY,
AP02RW,Accounts Payable - set 2 (Maintain),DAGRANT,
AP02RW,Accounts Payable - set 2 (Maintain),DANMACLEAN,
AP02RW,Accounts Payable - set 2 (Maintain),DAWALKER,
AP02RW,Accounts Payable - set 2 (Maintain),DDALVI,
AP02RW,Accounts Payable - set 2 (Maintain),DDVALVI,
AP02RW,Accounts Payable - set 2 (Maintain),DEBRADLE,
AP02RW,Accounts Payable - set 2 (Maintain),DFLAKEMO,
AP02RW,Accounts Payable - set 2 (Maintain),DGLENNIE,
AP02RW,Accounts Payable - set 2 (Maintain),DGROENEV,
AP02RW,Accounts Payable - set 2 (Maintain),DGUASTAL,
AP02RW,Accounts Payable - set 2 (Maintain),DHALYS,
AP02RW,Accounts Payable - set 2 (Maintain),DLOS,
AP02RW,Accounts Payable - set 2 (Maintain),DNEWLAND,
AP02RW,Accounts Payable - set 2 (Maintain),DPANGILI,
AP02RW,Accounts Payable - set 2 (Maintain),DRICHES,
AP02RW,Accounts Payable - set 2 (Maintain),DWU,
AP02RW,Accounts Payable - set 2 (Maintain),DYYANG,
AP02RW,Accounts Payable - set 2 (Maintain),EBJORNA,
AP02RW,Accounts Payable - set 2 (Maintain),EBLIKRA,
AP02RW,Accounts Payable - set 2 (Maintain),EBRAINWO,
AP02RW,Accounts Payable - set 2 (Maintain),EFORTUS,
AP02RW,Accounts Payable - set 2 (Maintain),EFRANCO,
AP02RW,Accounts Payable - set 2 (Maintain),EGUILLOT,
AP02RW,Accounts Payable - set 2 (Maintain),EHERVIK,
AP02RW,Accounts Payable - set 2 (Maintain),EICAMPBE,
AP02RW,Accounts Payable - set 2 (Maintain),EKLINGAN,
AP02RW,Accounts Payable - set 2 (Maintain),EKOOLS,
AP02RW,Accounts Payable - set 2 (Maintain),EMGATLEY,
AP02RW,Accounts Payable - set 2 (Maintain),EMITCHELL,
AP02RW,Accounts Payable - set 2 (Maintain),ENORDBY,
AP02RW,Accounts Payable - set 2 (Maintain),FANDRESE,
AP02RW,Accounts Payable - set 2 (Maintain),FASANTOS,
AP02RW,Accounts Payable - set 2 (Maintain),FDATHEST,
AP02RW,Accounts Payable - set 2 (Maintain),FDENHELDER,
AP02RW,Accounts Payable - set 2 (Maintain),FNGAN,
AP02RW,Accounts Payable - set 2 (Maintain),FRESILVA,
AP02RW,Accounts Payable - set 2 (Maintain),GBARROS,
AP02RW,Accounts Payable - set 2 (Maintain),GBRANTING,
AP02RW,Accounts Payable - set 2 (Maintain),GCHRISTIAN,
AP02RW,Accounts Payable - set 2 (Maintain),GESCARAY,
AP02RW,Accounts Payable - set 2 (Maintain),GIJUNIOR,
AP02RW,Accounts Payable - set 2 (Maintain),GJACKSON,
AP02RW,Accounts Payable - set 2 (Maintain),GJOHANSE,
AP02RW,Accounts Payable - set 2 (Maintain),GJOHNSEN,
AP02RW,Accounts Payable - set 2 (Maintain),GRBOWLES,
AP02RW,Accounts Payable - set 2 (Maintain),GSCHREUD,
AP02RW,Accounts Payable - set 2 (Maintain),GSKJERSE,
AP02RW,Accounts Payable - set 2 (Maintain),GTORGERS,
AP02RW,Accounts Payable - set 2 (Maintain),HBEAMES,
AP02RW,Accounts Payable - set 2 (Maintain),HBOS,
AP02RW,Accounts Payable - set 2 (Maintain),HBRINGSV,
AP02RW,Accounts Payable - set 2 (Maintain),HFJELD,
AP02RW,Accounts Payable - set 2 (Maintain),HGAASKJE,
AP02RW,Accounts Payable - set 2 (Maintain),HKLEPPE,
AP02RW,Accounts Payable - set 2 (Maintain),HKRANENB,
AP02RW,Accounts Payable - set 2 (Maintain),HNESVAG,
AP02RW,Accounts Payable - set 2 (Maintain),HPARMAR,
AP02RW,Accounts Payable - set 2 (Maintain),HPATIL,
AP02RW,Accounts Payable - set 2 (Maintain),HSANDERSEN,
AP02RW,Accounts Payable - set 2 (Maintain),INLOLAND,
AP02RW,Accounts Payable - set 2 (Maintain),IOVERLAND,
AP02RW,Accounts Payable - set 2 (Maintain),IVESELOVSK,
AP02RW,Accounts Payable - set 2 (Maintain),JALEE,
AP02RW,Accounts Payable - set 2 (Maintain),JAYPORTE,
AP02RW,Accounts Payable - set 2 (Maintain),JBURROWS,
AP02RW,Accounts Payable - set 2 (Maintain),JBUSTOS,
AP02RW,Accounts Payable - set 2 (Maintain),JCEGIELS,
AP02RW,Accounts Payable - set 2 (Maintain),JCONCEPC,
AP02RW,Accounts Payable - set 2 (Maintain),JECOOPER,
AP02RW,Accounts Payable - set 2 (Maintain),JEIKE,
AP02RW,Accounts Payable - set 2 (Maintain),JFOK,
AP02RW,Accounts Payable - set 2 (Maintain),JGUDMESTAD,
AP02RW,Accounts Payable - set 2 (Maintain),JHOPKINSON,
AP02RW,Accounts Payable - set 2 (Maintain),JKANESTR,
AP02RW,Accounts Payable - set 2 (Maintain),JKOBYLIN,
AP02RW,Accounts Payable - set 2 (Maintain),JKUPCZAK,
AP02RW,Accounts Payable - set 2 (Maintain),JLADIPAO,
AP02RW,Accounts Payable - set 2 (Maintain),JLOGAN,
AP02RW,Accounts Payable - set 2 (Maintain),JMEERSBE,
AP02RW,Accounts Payable - set 2 (Maintain),JNIELSEN,
AP02RW,Accounts Payable - set 2 (Maintain),JNORDERHAU,
AP02RW,Accounts Payable - set 2 (Maintain),JOLIN,
AP02RW,Accounts Payable - set 2 (Maintain),JOMARTIN,
AP02RW,Accounts Payable - set 2 (Maintain),JROZYCKA,
AP02RW,Accounts Payable - set 2 (Maintain),JRUSSELL,
AP02RW,Accounts Payable - set 2 (Maintain),JSANTOS,
AP02RW,Accounts Payable - set 2 (Maintain),JSECKEL,
AP02RW,Accounts Payable - set 2 (Maintain),JSETSA,
AP02RW,Accounts Payable - set 2 (Maintain),JTENGBER,
AP02RW,Accounts Payable - set 2 (Maintain),JUANDREW,
AP02RW,Accounts Payable - set 2 (Maintain),JWOODING,
AP02RW,Accounts Payable - set 2 (Maintain),KASANTOS,
AP02RW,Accounts Payable - set 2 (Maintain),KASTEWAR,
AP02RW,Accounts Payable - set 2 (Maintain),KAUTH,
AP02RW,Accounts Payable - set 2 (Maintain),KAWALSH,
AP02RW,Accounts Payable - set 2 (Maintain),KBRIGGS,
AP02RW,Accounts Payable - set 2 (Maintain),KCHOHAN,
AP02RW,Accounts Payable - set 2 (Maintain),KEWILLIAMS,
AP02RW,Accounts Payable - set 2 (Maintain),KGAWANDE,
AP02RW,Accounts Payable - set 2 (Maintain),KGJELVIK,
AP02RW,Accounts Payable - set 2 (Maintain),KHENDZEL,
AP02RW,Accounts Payable - set 2 (Maintain),KJANTOSZ,
AP02RW,Accounts Payable - set 2 (Maintain),KKINDEN,
AP02RW,Accounts Payable - set 2 (Maintain),KKORNEVA,
AP02RW,Accounts Payable - set 2 (Maintain),KLI,
AP02RW,Accounts Payable - set 2 (Maintain),KLUNDIN,
AP02RW,Accounts Payable - set 2 (Maintain),KMACDONA,
AP02RW,Accounts Payable - set 2 (Maintain),KMYKKELT,
AP02RW,Accounts Payable - set 2 (Maintain),KNATTERO,
AP02RW,Accounts Payable - set 2 (Maintain),KPHUNG,
AP02RW,Accounts Payable - set 2 (Maintain),KRIDA,
AP02RW,Accounts Payable - set 2 (Maintain),KRISPAGE,
AP02RW,Accounts Payable - set 2 (Maintain),KSPENGLE,
AP02RW,Accounts Payable - set 2 (Maintain),KTKATCHE,
AP02RW,Accounts Payable - set 2 (Maintain),KULTRA,
AP02RW,Accounts Payable - set 2 (Maintain),KWILLIS,
AP02RW,Accounts Payable - set 2 (Maintain),KWONG,
AP02RW,Accounts Payable - set 2 (Maintain),LANDERSO,
AP02RW,Accounts Payable - set 2 (Maintain),LANFINSEN,
AP02RW,Accounts Payable - set 2 (Maintain),LBRANDAO,
AP02RW,Accounts Payable - set 2 (Maintain),LCHHABRA,
AP02RW,Accounts Payable - set 2 (Maintain),LCOOMAN,
AP02RW,Accounts Payable - set 2 (Maintain),LCOWIE,
AP02RW,Accounts Payable - set 2 (Maintain),LDEGREEF,
AP02RW,Accounts Payable - set 2 (Maintain),LDEVINE,
AP02RW,Accounts Payable - set 2 (Maintain),LDICKSON,
AP02RW,Accounts Payable - set 2 (Maintain),LDUNCAN,
AP02RW,Accounts Payable - set 2 (Maintain),LEEUWE02,
AP02RW,Accounts Payable - set 2 (Maintain),LGRAVES,
AP02RW,Accounts Payable - set 2 (Maintain),LHODGSON,
AP02RW,Accounts Payable - set 2 (Maintain),LKOZIK,
AP02RW,Accounts Payable - set 2 (Maintain),LSIM,
AP02RW,Accounts Payable - set 2 (Maintain),LTORKELS,
AP02RW,Accounts Payable - set 2 (Maintain),LTUTIN,
AP02RW,Accounts Payable - set 2 (Maintain),LVALANI,
AP02RW,Accounts Payable - set 2 (Maintain),LVANSON,
AP02RW,Accounts Payable - set 2 (Maintain),LVELINCA,
AP02RW,Accounts Payable - set 2 (Maintain),LVIERA,
AP02RW,Accounts Payable - set 2 (Maintain),LWATT,
AP02RW,Accounts Payable - set 2 (Maintain),LWOOD,
AP02RW,Accounts Payable - set 2 (Maintain),LXIE,
AP02RW,Accounts Payable - set 2 (Maintain),MAGILL,
AP02RW,Accounts Payable - set 2 (Maintain),MAJONES,
AP02RW,Accounts Payable - set 2 (Maintain),MAMATONG,
AP02RW,Accounts Payable - set 2 (Maintain),MBALAS,
AP02RW,Accounts Payable - set 2 (Maintain),MBATOR,
AP02RW,Accounts Payable - set 2 (Maintain),MBENNETTS,
AP02RW,Accounts Payable - set 2 (Maintain),MCARRAS,
AP02RW,Accounts Payable - set 2 (Maintain),MCATLIN,
AP02RW,Accounts Payable - set 2 (Maintain),MCHOI,
AP02RW,Accounts Payable - set 2 (Maintain),MCLAYDON,
AP02RW,Accounts Payable - set 2 (Maintain),MCOUTINHO,
AP02RW,Accounts Payable - set 2 (Maintain),MDAGGER,
AP02RW,Accounts Payable - set 2 (Maintain),MDAYAPER,
AP02RW,Accounts Payable - set 2 (Maintain),MDEAN,
AP02RW,Accounts Payable - set 2 (Maintain),MGARRING,
AP02RW,Accounts Payable - set 2 (Maintain),MGOTTSCH,
AP02RW,Accounts Payable - set 2 (Maintain),MHAGEMAN,
AP02RW,Accounts Payable - set 2 (Maintain),MHIZONA,
AP02RW,Accounts Payable - set 2 (Maintain),MISOTO,
AP02RW,Accounts Payable - set 2 (Maintain),MJOHANNE,
AP02RW,Accounts Payable - set 2 (Maintain),MJOHANSEN,
AP02RW,Accounts Payable - set 2 (Maintain),MJOPSON,
AP02RW,Accounts Payable - set 2 (Maintain),MJUBB,
AP02RW,Accounts Payable - set 2 (Maintain),MKEPA,
AP02RW,Accounts Payable - set 2 (Maintain),MKIM,
AP02RW,Accounts Payable - set 2 (Maintain),MKOGUT,
AP02RW,Accounts Payable - set 2 (Maintain),MLUDWINI,
AP02RW,Accounts Payable - set 2 (Maintain),MMAYNE,
AP02RW,Accounts Payable - set 2 (Maintain),MPERREN,
AP02RW,Accounts Payable - set 2 (Maintain),MPRIESTL,
AP02RW,Accounts Payable - set 2 (Maintain),MPRIVATTI,
AP02RW,Accounts Payable - set 2 (Maintain),MQUIRKE,
AP02RW,Accounts Payable - set 2 (Maintain),MRAMOS,
AP02RW,Accounts Payable - set 2 (Maintain),MSANSALI,
AP02RW,Accounts Payable - set 2 (Maintain),NALVARES,
AP02RW,Accounts Payable - set 2 (Maintain),NBADRINA,
AP02RW,Accounts Payable - set 2 (Maintain),NBONIFACIO,
AP02RW,Accounts Payable - set 2 (Maintain),NGILCHRI,
AP02RW,Accounts Payable - set 2 (Maintain),NKATHE,
AP02RW,Accounts Payable - set 2 (Maintain),NKERR,
AP02RW,Accounts Payable - set 2 (Maintain),NKOLNES,
AP02RW,Accounts Payable - set 2 (Maintain),NNUGRHA,
AP02RW,Accounts Payable - set 2 (Maintain),NPARK,
AP02RW,Accounts Payable - set 2 (Maintain),NRACIC,
AP02RW,Accounts Payable - set 2 (Maintain),NROSS,
AP02RW,Accounts Payable - set 2 (Maintain),NVROON,
AP02RW,Accounts Payable - set 2 (Maintain),ODANGMAL,
AP02RW,Accounts Payable - set 2 (Maintain),OGRABI,
AP02RW,Accounts Payable - set 2 (Maintain),OMAGBANUA,
AP02RW,Accounts Payable - set 2 (Maintain),OMULIK,
AP02RW,Accounts Payable - set 2 (Maintain),OOKUESO,
AP02RW,Accounts Payable - set 2 (Maintain),OOSTEBO,
AP02RW,Accounts Payable - set 2 (Maintain),PANDERSON,
AP02RW,Accounts Payable - set 2 (Maintain),PDENTON,
AP02RW,Accounts Payable - set 2 (Maintain),PGAVIN,
AP02RW,Accounts Payable - set 2 (Maintain),PGUASTAL,
AP02RW,Accounts Payable - set 2 (Maintain),PIRSILVA,
AP02RW,Accounts Payable - set 2 (Maintain),PKHONGPAN,
AP02RW,Accounts Payable - set 2 (Maintain),PLESLIE,
AP02RW,Accounts Payable - set 2 (Maintain),PLINGEN,
AP02RW,Accounts Payable - set 2 (Maintain),PPRESSLI,
AP02RW,Accounts Payable - set 2 (Maintain),PREN,
AP02RW,Accounts Payable - set 2 (Maintain),PSMITHERAM,
AP02RW,Accounts Payable - set 2 (Maintain),PVATTOY,
AP02RW,Accounts Payable - set 2 (Maintain),QHERGAAR,
AP02RW,Accounts Payable - set 2 (Maintain),RABATISTA,
AP02RW,Accounts Payable - set 2 (Maintain),RADAMS,
AP02RW,Accounts Payable - set 2 (Maintain),RAJKUMAR,
AP02RW,Accounts Payable - set 2 (Maintain),RAKPADAD,
AP02RW,Accounts Payable - set 2 (Maintain),RALBERG,
AP02RW,Accounts Payable - set 2 (Maintain),RCARAGOUNI,
AP02RW,Accounts Payable - set 2 (Maintain),RCHANNA,
AP02RW,Accounts Payable - set 2 (Maintain),RDESAY,
AP02RW,Accounts Payable - set 2 (Maintain),RDURGADE,
AP02RW,Accounts Payable - set 2 (Maintain),REATON,
AP02RW,Accounts Payable - set 2 (Maintain),RGURSLI,
AP02RW,Accounts Payable - set 2 (Maintain),RHALILI,
AP02RW,Accounts Payable - set 2 (Maintain),RHINONG,
AP02RW,Accounts Payable - set 2 (Maintain),RHOLSTAD,
AP02RW,Accounts Payable - set 2 (Maintain),RJADHAV,
AP02RW,Accounts Payable - set 2 (Maintain),RJAMES,
AP02RW,Accounts Payable - set 2 (Maintain),RLIANG,
AP02RW,Accounts Payable - set 2 (Maintain),RLONG,
AP02RW,Accounts Payable - set 2 (Maintain),RMONTES,
AP02RW,Accounts Payable - set 2 (Maintain),RMUYO,
AP02RW,Accounts Payable - set 2 (Maintain),RNANHEKHAN,
AP02RW,Accounts Payable - set 2 (Maintain),ROSTERHU,
AP02RW,Accounts Payable - set 2 (Maintain),RPAIVA,
AP02RW,Accounts Payable - set 2 (Maintain),RSANPEDRO,
AP02RW,Accounts Payable - set 2 (Maintain),RSTURT,
AP02RW,Accounts Payable - set 2 (Maintain),RTALLAKS,
AP02RW,Accounts Payable - set 2 (Maintain),RTATTEN,
AP02RW,Accounts Payable - set 2 (Maintain),RTATUM,
AP02RW,Accounts Payable - set 2 (Maintain),RTUMAGAN,
AP02RW,Accounts Payable - set 2 (Maintain),RVANSCHIJN,
AP02RW,Accounts Payable - set 2 (Maintain),RWALLACE,
AP02RW,Accounts Payable - set 2 (Maintain),RWEENING,
AP02RW,Accounts Payable - set 2 (Maintain),SCONROY,
AP02RW,Accounts Payable - set 2 (Maintain),SENGER,
AP02RW,Accounts Payable - set 2 (Maintain),SESPELAN,
AP02RW,Accounts Payable - set 2 (Maintain),SGANDHIR,
AP02RW,Accounts Payable - set 2 (Maintain),SGASKELL,
AP02RW,Accounts Payable - set 2 (Maintain),SGOWDA,
AP02RW,Accounts Payable - set 2 (Maintain),SHOGGATT,
AP02RW,Accounts Payable - set 2 (Maintain),SIW,
AP02RW,Accounts Payable - set 2 (Maintain),SJENNING,
AP02RW,Accounts Payable - set 2 (Maintain),SJOHNY,
AP02RW,Accounts Payable - set 2 (Maintain),SKALASAP,
AP02RW,Accounts Payable - set 2 (Maintain),SKELLY,
AP02RW,Accounts Payable - set 2 (Maintain),SKONING,
AP02RW,Accounts Payable - set 2 (Maintain),SLENGHE,
AP02RW,Accounts Payable - set 2 (Maintain),SLOHR,
AP02RW,Accounts Payable - set 2 (Maintain),SLOUIE,
AP02RW,Accounts Payable - set 2 (Maintain),SMACHLIK,
AP02RW,Accounts Payable - set 2 (Maintain),SMARKWICK,
AP02RW,Accounts Payable - set 2 (Maintain),SMARQUES,
AP02RW,Accounts Payable - set 2 (Maintain),SNPAWAR,
AP02RW,Accounts Payable - set 2 (Maintain),SOSLAND,
AP02RW,Accounts Payable - set 2 (Maintain),SPATIL,
AP02RW,Accounts Payable - set 2 (Maintain),SPAWAR,
AP02RW,Accounts Payable - set 2 (Maintain),SRANGARAJA,
AP02RW,Accounts Payable - set 2 (Maintain),SSEBULON,
AP02RW,Accounts Payable - set 2 (Maintain),SSEKHON,
AP02RW,Accounts Payable - set 2 (Maintain),SSHINDE,
AP02RW,Accounts Payable - set 2 (Maintain),STCOLLIN,
AP02RW,Accounts Payable - set 2 (Maintain),STEIXEIR,
AP02RW,Accounts Payable - set 2 (Maintain),STHOMPSON,
AP02RW,Accounts Payable - set 2 (Maintain),SUGREEN,
AP02RW,Accounts Payable - set 2 (Maintain),SUJOSHI,
AP02RW,Accounts Payable - set 2 (Maintain),TBASS,
AP02RW,Accounts Payable - set 2 (Maintain),TBROUWER,
AP02RW,Accounts Payable - set 2 (Maintain),TBURROUG,
AP02RW,Accounts Payable - set 2 (Maintain),TCONCEIC,
AP02RW,Accounts Payable - set 2 (Maintain),TCOSTA,
AP02RW,Accounts Payable - set 2 (Maintain),TFREDRIK,
AP02RW,Accounts Payable - set 2 (Maintain),THBAUSTAD,
AP02RW,Accounts Payable - set 2 (Maintain),THJAKOBSEN,
AP02RW,Accounts Payable - set 2 (Maintain),TIMCOX,
AP02RW,Accounts Payable - set 2 (Maintain),TJANSSEN,
AP02RW,Accounts Payable - set 2 (Maintain),TLAING,
AP02RW,Accounts Payable - set 2 (Maintain),TMCCABE,
AP02RW,Accounts Payable - set 2 (Maintain),TOKING,
AP02RW,Accounts Payable - set 2 (Maintain),TOLSON01,
AP02RW,Accounts Payable - set 2 (Maintain),TRMALBY,
AP02RW,Accounts Payable - set 2 (Maintain),TROSENBERG,
AP02RW,Accounts Payable - set 2 (Maintain),TTHOMASSEN,
AP02RW,Accounts Payable - set 2 (Maintain),TVILLARD,
AP02RW,Accounts Payable - set 2 (Maintain),UPATIL,
AP02RW,Accounts Payable - set 2 (Maintain),URITAB,
AP02RW,Accounts Payable - set 2 (Maintain),VASOUZA,
AP02RW,Accounts Payable - set 2 (Maintain),VGRIMSLI,
AP02RW,Accounts Payable - set 2 (Maintain),VISILVA,
AP02RW,Accounts Payable - set 2 (Maintain),VJADHAV,
AP02RW,Accounts Payable - set 2 (Maintain),VLAW,
AP02RW,Accounts Payable - set 2 (Maintain),VMORAES,
AP02RW,Accounts Payable - set 2 (Maintain),VMUDGAL,
AP02RW,Accounts Payable - set 2 (Maintain),VREITAN,
AP02RW,Accounts Payable - set 2 (Maintain),VSATPUTE,
AP02RW,Accounts Payable - set 2 (Maintain),VSOLSEM,
AP02RW,Accounts Payable - set 2 (Maintain),VVENUGOP,
AP02RW,Accounts Payable - set 2 (Maintain),WESPEDAL,
AP02RW,Accounts Payable - set 2 (Maintain),WROWLES,
AP02RW,Accounts Payable - set 2 (Maintain),WSTEWART,
AP02RW,Accounts Payable - set 2 (Maintain),WSZCZEPA,
AP02RW,Accounts Payable - set 2 (Maintain),WWHITE,
AP02RW,Accounts Payable - set 2 (Maintain),XHU,
AP02RW,Accounts Payable - set 2 (Maintain),YJADHAV,
AP02RW,Accounts Payable - set 2 (Maintain),YWAYKAR,
AP02RW,Accounts Payable - set 2 (Maintain),ZHAYATH,
AP03RO,Accounts Payable - set 3 (View),ABRYLINS,
AP03RO,Accounts Payable - set 3 (View),ADUBEY,
AP03RO,Accounts Payable - set 3 (View),AHUDANI,
AP03RO,Accounts Payable - set 3 (View),AKAZI,
AP03RO,Accounts Payable - set 3 (View),AKHAKIMO,
AP03RO,Accounts Payable - set 3 (View),AKORDE,
AP03RO,Accounts Payable - set 3 (View),AKOT,
AP03RO,Accounts Payable - set 3 (View),AKUDEKAR,
AP03RO,Accounts Payable - set 3 (View),AREWERA,
AP03RO,Accounts Payable - set 3 (View),ASOUZA,
AP03RO,Accounts Payable - set 3 (View),ASTAYLOR,
AP03RO,Accounts Payable - set 3 (View),BEHESS,
AP03RO,Accounts Payable - set 3 (View),BSILVA,
AP03RO,Accounts Payable - set 3 (View),BSTUSIK,
AP03RO,Accounts Payable - set 3 (View),CCRUMP,
AP03RO,Accounts Payable - set 3 (View),CMONTILL,
AP03RO,Accounts Payable - set 3 (View),DDALVI,
AP03RO,Accounts Payable - set 3 (View),DDVALVI,
AP03RO,Accounts Payable - set 3 (View),DHALYS,
AP03RO,Accounts Payable - set 3 (View),DLOS,
AP03RO,Accounts Payable - set 3 (View),DNEWLAND,
AP03RO,Accounts Payable - set 3 (View),DYYANG,
AP03RO,Accounts Payable - set 3 (View),EFORTUS,
AP03RO,Accounts Payable - set 3 (View),EFRANCO,
AP03RO,Accounts Payable - set 3 (View),EHERVIK,
AP03RO,Accounts Payable - set 3 (View),EICAMPBE,
AP03RO,Accounts Payable - set 3 (View),EMITCHELL,
AP03RO,Accounts Payable - set 3 (View),FNGAN,
AP03RO,Accounts Payable - set 3 (View),GSCHREUD,
AP03RO,Accounts Payable - set 3 (View),HPARMAR,
AP03RO,Accounts Payable - set 3 (View),HPATIL,
AP03RO,Accounts Payable - set 3 (View),IVESELOVSK,
AP03RO,Accounts Payable - set 3 (View),JECOOPER,
AP03RO,Accounts Payable - set 3 (View),JFOK,
AP03RO,Accounts Payable - set 3 (View),JKOBYLIN,
AP03RO,Accounts Payable - set 3 (View),JKUPCZAK,
AP03RO,Accounts Payable - set 3 (View),JSANTOS,
AP03RO,Accounts Payable - set 3 (View),KASANTOS,
AP03RO,Accounts Payable - set 3 (View),KASTEWAR,
AP03RO,Accounts Payable - set 3 (View),KGAWANDE,
AP03RO,Accounts Payable - set 3 (View),KHENDZEL,
AP03RO,Accounts Payable - set 3 (View),KJANTOSZ,
AP03RO,Accounts Payable - set 3 (View),KMACDONA,
AP03RO,Accounts Payable - set 3 (View),KULTRA,
AP03RO,Accounts Payable - set 3 (View),KWONG,
AP03RO,Accounts Payable - set 3 (View),LBRANDAO,
AP03RO,Accounts Payable - set 3 (View),LDICKSON,
AP03RO,Accounts Payable - set 3 (View),LDUNCAN,
AP03RO,Accounts Payable - set 3 (View),LXIE,
AP03RO,Accounts Payable - set 3 (View),MAJONES,
AP03RO,Accounts Payable - set 3 (View),MBALAS,
AP03RO,Accounts Payable - set 3 (View),MCHOI,
AP03RO,Accounts Payable - set 3 (View),MDAYAPER,
AP03RO,Accounts Payable - set 3 (View),MDEAN,
AP03RO,Accounts Payable - set 3 (View),MHIZONA,
AP03RO,Accounts Payable - set 3 (View),MISOTO,
AP03RO,Accounts Payable - set 3 (View),MKEPA,
AP03RO,Accounts Payable - set 3 (View),NBONIFACIO,
AP03RO,Accounts Payable - set 3 (View),NKATHE,
AP03RO,Accounts Payable - set 3 (View),NNUGRHA,
AP03RO,Accounts Payable - set 3 (View),NPARK,
AP03RO,Accounts Payable - set 3 (View),NVROON,
AP03RO,Accounts Payable - set 3 (View),ODANGMAL,
AP03RO,Accounts Payable - set 3 (View),OMULIK,
AP03RO,Accounts Payable - set 3 (View),PKHONGPAN,
AP03RO,Accounts Payable - set 3 (View),PREN,
AP03RO,Accounts Payable - set 3 (View),PSMITHERAM,
AP03RO,Accounts Payable - set 3 (View),RAKPADAD,
AP03RO,Accounts Payable - set 3 (View),RCHANNA,
AP03RO,Accounts Payable - set 3 (View),RDURGADE,
AP03RO,Accounts Payable - set 3 (View),RHINONG,
AP03RO,Accounts Payable - set 3 (View),RJADHAV,
AP03RO,Accounts Payable - set 3 (View),RJAMES,
AP03RO,Accounts Payable - set 3 (View),RLIANG,
AP03RO,Accounts Payable - set 3 (View),RSANPEDRO,
AP03RO,Accounts Payable - set 3 (View),SCONROY,
AP03RO,Accounts Payable - set 3 (View),SGOWDA,
AP03RO,Accounts Payable - set 3 (View),SJOHNY,
AP03RO,Accounts Payable - set 3 (View),SKONING,
AP03RO,Accounts Payable - set 3 (View),SLENGHE,
AP03RO,Accounts Payable - set 3 (View),SMACHLIK,
AP03RO,Accounts Payable - set 3 (View),SMARQUES,
AP03RO,Accounts Payable - set 3 (View),SNPAWAR,
AP03RO,Accounts Payable - set 3 (View),SPATIL,
AP03RO,Accounts Payable - set 3 (View),SSEKHON,
AP03RO,Accounts Payable - set 3 (View),STEIXEIR,
AP03RO,Accounts Payable - set 3 (View),SUJOSHI,
AP03RO,Accounts Payable - set 3 (View),TBROUWER,
AP03RO,Accounts Payable - set 3 (View),TCOSTA,
AP03RO,Accounts Payable - set 3 (View),VASOUZA,
AP03RO,Accounts Payable - set 3 (View),VGRIMSLI,
AP03RO,Accounts Payable - set 3 (View),VISILVA,
AP03RO,Accounts Payable - set 3 (View),VJADHAV,
AP03RO,Accounts Payable - set 3 (View),VMORAES,
AP03RO,Accounts Payable - set 3 (View),VMUDGAL,
AP03RO,Accounts Payable - set 3 (View),VSATPUTE,
AP03RO,Accounts Payable - set 3 (View),YJADHAV,
AP03RO,Accounts Payable - set 3 (View),YWAYKAR,
AP03RW,Accounts Payable - set 3 (Maintain),ABALDONADO,
AP03RW,Accounts Payable - set 3 (Maintain),ADATKHIL,
AP03RW,Accounts Payable - set 3 (Maintain),ASARTAPE,
AP03RW,Accounts Payable - set 3 (Maintain),ASUMAIYA,
AP03RW,Accounts Payable - set 3 (Maintain),ASZUBERL,
AP03RW,Accounts Payable - set 3 (Maintain),DANMACLEAN,
AP03RW,Accounts Payable - set 3 (Maintain),DGUASTAL,
AP03RW,Accounts Payable - set 3 (Maintain),DWU,
AP03RW,Accounts Payable - set 3 (Maintain),HPATIL,
AP03RW,Accounts Payable - set 3 (Maintain),JFOK,
AP03RW,Accounts Payable - set 3 (Maintain),JOLIN,
AP03RW,Accounts Payable - set 3 (Maintain),JTENGBER,
AP03RW,Accounts Payable - set 3 (Maintain),KULTRA,
AP03RW,Accounts Payable - set 3 (Maintain),MKIM,
AP03RW,Accounts Payable - set 3 (Maintain),MRAMOS,
AP03RW,Accounts Payable - set 3 (Maintain),NBADRINA,
AP03RW,Accounts Payable - set 3 (Maintain),PANDERSON,
AP03RW,Accounts Payable - set 3 (Maintain),PGUASTAL,
AP03RW,Accounts Payable - set 3 (Maintain),RDURGADE,
AP03RW,Accounts Payable - set 3 (Maintain),RSANPEDRO,
AP03RW,Accounts Payable - set 3 (Maintain),SGOWDA,
AP03RW,Accounts Payable - set 3 (Maintain),SJOHNY,
AP03RW,Accounts Payable - set 3 (Maintain),SKALASAP,
AP03RW,Accounts Payable - set 3 (Maintain),SPAWAR,
AP03RW,Accounts Payable - set 3 (Maintain),SRANGARAJA,
AP03RW,Accounts Payable - set 3 (Maintain),SSHINDE,
AP03RW,Accounts Payable - set 3 (Maintain),UPATIL,
AP03RW,Accounts Payable - set 3 (Maintain),VJADHAV,
AP03RW,Accounts Payable - set 3 (Maintain),VVENUGOP,
AP03RW,Accounts Payable - set 3 (Maintain),WROWLES,
AP03RW,Accounts Payable - set 3 (Maintain),YJADHAV,
AP03RW,Accounts Payable - set 3 (Maintain),YWAYKAR,
AP03RW,Accounts Payable - set 3 (Maintain),ZHAYATH,
AP04RO,Accounts Payable - set 4 (View),ABRYLINS,
AP04RO,Accounts Payable - set 4 (View),ADUBEY,
AP04RO,Accounts Payable - set 4 (View),AHUDANI,
AP04RO,Accounts Payable - set 4 (View),AKANDWAL,
AP04RO,Accounts Payable - set 4 (View),AKAZI,
AP04RO,Accounts Payable - set 4 (View),AKHAKIMO,
AP04RO,Accounts Payable - set 4 (View),AKORDE,
AP04RO,Accounts Payable - set 4 (View),AKOT,
AP04RO,Accounts Payable - set 4 (View),AKUDEKAR,
AP04RO,Accounts Payable - set 4 (View),AREWERA,
AP04RO,Accounts Payable - set 4 (View),ASOUZA,
AP04RO,Accounts Payable - set 4 (View),ASTAYLOR,
AP04RO,Accounts Payable - set 4 (View),BARK,
AP04RO,Accounts Payable - set 4 (View),BCAR,
AP04RO,Accounts Payable - set 4 (View),BEHESS,
AP04RO,Accounts Payable - set 4 (View),BKISCH,
AP04RO,Accounts Payable - set 4 (View),BSILVA,
AP04RO,Accounts Payable - set 4 (View),BSTUSIK,
AP04RO,Accounts Payable - set 4 (View),BTERSTEGE,
AP04RO,Accounts Payable - set 4 (View),CCRUMP,
AP04RO,Accounts Payable - set 4 (View),CMONTILL,
AP04RO,Accounts Payable - set 4 (View),CTHOM,
AP04RO,Accounts Payable - set 4 (View),CWASKEY,
AP04RO,Accounts Payable - set 4 (View),DAWALKER,
AP04RO,Accounts Payable - set 4 (View),DDALVI,
AP04RO,Accounts Payable - set 4 (View),DDVALVI,
AP04RO,Accounts Payable - set 4 (View),DGLENNIE,
AP04RO,Accounts Payable - set 4 (View),DHALYS,
AP04RO,Accounts Payable - set 4 (View),DLOS,
AP04RO,Accounts Payable - set 4 (View),DNEWLAND,
AP04RO,Accounts Payable - set 4 (View),DYYANG,
AP04RO,Accounts Payable - set 4 (View),EFORTUS,
AP04RO,Accounts Payable - set 4 (View),EFRANCO,
AP04RO,Accounts Payable - set 4 (View),EHERVIK,
AP04RO,Accounts Payable - set 4 (View),EICAMPBE,
AP04RO,Accounts Payable - set 4 (View),EMITCHELL,
AP04RO,Accounts Payable - set 4 (View),FNGAN,
AP04RO,Accounts Payable - set 4 (View),GSCHREUD,
AP04RO,Accounts Payable - set 4 (View),HPARMAR,
AP04RO,Accounts Payable - set 4 (View),HPATIL,
AP04RO,Accounts Payable - set 4 (View),IVESELOVSK,
AP04RO,Accounts Payable - set 4 (View),JALEE,
AP04RO,Accounts Payable - set 4 (View),JECOOPER,
AP04RO,Accounts Payable - set 4 (View),JKOBYLIN,
AP04RO,Accounts Payable - set 4 (View),JKUPCZAK,
AP04RO,Accounts Payable - set 4 (View),JLADIPAO,
AP04RO,Accounts Payable - set 4 (View),JRUSSELL,
AP04RO,Accounts Payable - set 4 (View),JSANTOS,
AP04RO,Accounts Payable - set 4 (View),KASANTOS,
AP04RO,Accounts Payable - set 4 (View),KASTEWAR,
AP04RO,Accounts Payable - set 4 (View),KGAWANDE,
AP04RO,Accounts Payable - set 4 (View),KHENDZEL,
AP04RO,Accounts Payable - set 4 (View),KJANTOSZ,
AP04RO,Accounts Payable - set 4 (View),KLI,
AP04RO,Accounts Payable - set 4 (View),KMACDONA,
AP04RO,Accounts Payable - set 4 (View),KNATTERO,
AP04RO,Accounts Payable - set 4 (View),KRIDA,
AP04RO,Accounts Payable - set 4 (View),KRISPAGE,
AP04RO,Accounts Payable - set 4 (View),KULTRA,
AP04RO,Accounts Payable - set 4 (View),KWONG,
AP04RO,Accounts Payable - set 4 (View),LBRANDAO,
AP04RO,Accounts Payable - set 4 (View),LCHHABRA,
AP04RO,Accounts Payable - set 4 (View),LDICKSON,
AP04RO,Accounts Payable - set 4 (View),LDUNCAN,
AP04RO,Accounts Payable - set 4 (View),LXIE,
AP04RO,Accounts Payable - set 4 (View),MAGILL,
AP04RO,Accounts Payable - set 4 (View),MAJONES,
AP04RO,Accounts Payable - set 4 (View),MBALAS,
AP04RO,Accounts Payable - set 4 (View),MCHOI,
AP04RO,Accounts Payable - set 4 (View),MDAYAPER,
AP04RO,Accounts Payable - set 4 (View),MDEAN,
AP04RO,Accounts Payable - set 4 (View),MHIZONA,
AP04RO,Accounts Payable - set 4 (View),MISOTO,
AP04RO,Accounts Payable - set 4 (View),MJOHANNE,
AP04RO,Accounts Payable - set 4 (View),MKEPA,
AP04RO,Accounts Payable - set 4 (View),NBONIFACIO,
AP04RO,Accounts Payable - set 4 (View),NKATHE,
AP04RO,Accounts Payable - set 4 (View),NNUGRHA,
AP04RO,Accounts Payable - set 4 (View),NPARK,
AP04RO,Accounts Payable - set 4 (View),NROSS,
AP04RO,Accounts Payable - set 4 (View),NVROON,
AP04RO,Accounts Payable - set 4 (View),ODANGMAL,
AP04RO,Accounts Payable - set 4 (View),OMULIK,
AP04RO,Accounts Payable - set 4 (View),OOKUESO,
AP04RO,Accounts Payable - set 4 (View),PKHONGPAN,
AP04RO,Accounts Payable - set 4 (View),PLINGEN,
AP04RO,Accounts Payable - set 4 (View),PPRESSLI,
AP04RO,Accounts Payable - set 4 (View),PREN,
AP04RO,Accounts Payable - set 4 (View),PSMITHERAM,
AP04RO,Accounts Payable - set 4 (View),RABATISTA,
AP04RO,Accounts Payable - set 4 (View),RAKPADAD,
AP04RO,Accounts Payable - set 4 (View),RCHANNA,
AP04RO,Accounts Payable - set 4 (View),RDURGADE,
AP04RO,Accounts Payable - set 4 (View),REATON,
AP04RO,Accounts Payable - set 4 (View),RHINONG,
AP04RO,Accounts Payable - set 4 (View),RHOLSTAD,
AP04RO,Accounts Payable - set 4 (View),RJADHAV,
AP04RO,Accounts Payable - set 4 (View),RJAMES,
AP04RO,Accounts Payable - set 4 (View),RLIANG,
AP04RO,Accounts Payable - set 4 (View),RTATUM,
AP04RO,Accounts Payable - set 4 (View),SCONROY,
AP04RO,Accounts Payable - set 4 (View),SENGER,
AP04RO,Accounts Payable - set 4 (View),SGANDHIR,
AP04RO,Accounts Payable - set 4 (View),SGOWDA,
AP04RO,Accounts Payable - set 4 (View),SJOHNY,
AP04RO,Accounts Payable - set 4 (View),SKONING,
AP04RO,Accounts Payable - set 4 (View),SLENGHE,
AP04RO,Accounts Payable - set 4 (View),SLOUIE,
AP04RO,Accounts Payable - set 4 (View),SMACHLIK,
AP04RO,Accounts Payable - set 4 (View),SMARQUES,
AP04RO,Accounts Payable - set 4 (View),SNPAWAR,
AP04RO,Accounts Payable - set 4 (View),SOSLAND,
AP04RO,Accounts Payable - set 4 (View),SPATIL,
AP04RO,Accounts Payable - set 4 (View),SSEKHON,
AP04RO,Accounts Payable - set 4 (View),STCOLLIN,
AP04RO,Accounts Payable - set 4 (View),STEIXEIR,
AP04RO,Accounts Payable - set 4 (View),SUJOSHI,
AP04RO,Accounts Payable - set 4 (View),TBROUWER,
AP04RO,Accounts Payable - set 4 (View),TBURROUG,
AP04RO,Accounts Payable - set 4 (View),TCOSTA,
AP04RO,Accounts Payable - set 4 (View),THJAKOBSEN,
AP04RO,Accounts Payable - set 4 (View),TVILLARD,
AP04RO,Accounts Payable - set 4 (View),VASOUZA,
AP04RO,Accounts Payable - set 4 (View),VGRIMSLI,
AP04RO,Accounts Payable - set 4 (View),VISILVA,
AP04RO,Accounts Payable - set 4 (View),VJADHAV,
AP04RO,Accounts Payable - set 4 (View),VLAW,
AP04RO,Accounts Payable - set 4 (View),VMORAES,
AP04RO,Accounts Payable - set 4 (View),VMUDGAL,
AP04RO,Accounts Payable - set 4 (View),VSATPUTE,
AP04RO,Accounts Payable - set 4 (View),YJADHAV,
AP04RO,Accounts Payable - set 4 (View),YWAYKAR,
AP04RW,Accounts Payable - set 4 (Maintain),AACHILLE,
AP04RW,Accounts Payable - set 4 (Maintain),AAMARTIN,
AP04RW,Accounts Payable - set 4 (Maintain),ABALDONADO,
AP04RW,Accounts Payable - set 4 (Maintain),ABANNON,
AP04RW,Accounts Payable - set 4 (Maintain),ABRYLINS,
AP04RW,Accounts Payable - set 4 (Maintain),ACASTRO,
AP04RW,Accounts Payable - set 4 (Maintain),ADATKHIL,
AP04RW,Accounts Payable - set 4 (Maintain),ADUBEY,
AP04RW,Accounts Payable - set 4 (Maintain),AEBERHAR,
AP04RW,Accounts Payable - set 4 (Maintain),AHUDANI,
AP04RW,Accounts Payable - set 4 (Maintain),AJAKOBSSON,
AP04RW,Accounts Payable - set 4 (Maintain),AKANDWAL,
AP04RW,Accounts Payable - set 4 (Maintain),AKAZI,
AP04RW,Accounts Payable - set 4 (Maintain),AKHAKIMO,
AP04RW,Accounts Payable - set 4 (Maintain),AKORDE,
AP04RW,Accounts Payable - set 4 (Maintain),AKOT,
AP04RW,Accounts Payable - set 4 (Maintain),AKUDEKAR,
AP04RW,Accounts Payable - set 4 (Maintain),ALARSEN,
AP04RW,Accounts Payable - set 4 (Maintain),ALAU,
AP04RW,Accounts Payable - set 4 (Maintain),AMORENO,
AP04RW,Accounts Payable - set 4 (Maintain),ANIEKERK,
AP04RW,Accounts Payable - set 4 (Maintain),ANSOUZA,
AP04RW,Accounts Payable - set 4 (Maintain),AREWERA,
AP04RW,Accounts Payable - set 4 (Maintain),ARICHARDS,
AP04RW,Accounts Payable - set 4 (Maintain),ASARTAPE,
AP04RW,Accounts Payable - set 4 (Maintain),ASELLARS,
AP04RW,Accounts Payable - set 4 (Maintain),ASOUZA,
AP04RW,Accounts Payable - set 4 (Maintain),ASTAYLOR,
AP04RW,Accounts Payable - set 4 (Maintain),ASUMAIYA,
AP04RW,Accounts Payable - set 4 (Maintain),ASZUBERL,
AP04RW,Accounts Payable - set 4 (Maintain),BABRIDGF,
AP04RW,Accounts Payable - set 4 (Maintain),BARK,
AP04RW,Accounts Payable - set 4 (Maintain),BAULIK,
AP04RW,Accounts Payable - set 4 (Maintain),BBRETHER,
AP04RW,Accounts Payable - set 4 (Maintain),BCAR,
AP04RW,Accounts Payable - set 4 (Maintain),BCLARK,
AP04RW,Accounts Payable - set 4 (Maintain),BEHESS,
AP04RW,Accounts Payable - set 4 (Maintain),BFERREIRA,
AP04RW,Accounts Payable - set 4 (Maintain),BHORN,
AP04RW,Accounts Payable - set 4 (Maintain),BKISCH,
AP04RW,Accounts Payable - set 4 (Maintain),BMAGALHA,
AP04RW,Accounts Payable - set 4 (Maintain),BNICHOLL,
AP04RW,Accounts Payable - set 4 (Maintain),BPOST,
AP04RW,Accounts Payable - set 4 (Maintain),BSILVA,
AP04RW,Accounts Payable - set 4 (Maintain),BSTEINSE,
AP04RW,Accounts Payable - set 4 (Maintain),BSTUSIK,
AP04RW,Accounts Payable - set 4 (Maintain),BTERSTEGE,
AP04RW,Accounts Payable - set 4 (Maintain),CCOPELAN,
AP04RW,Accounts Payable - set 4 (Maintain),CCRUMP,
AP04RW,Accounts Payable - set 4 (Maintain),CDIXON,
AP04RW,Accounts Payable - set 4 (Maintain),CFORSYTH,
AP04RW,Accounts Payable - set 4 (Maintain),CGAULIER,
AP04RW,Accounts Payable - set 4 (Maintain),CHARDERS,
AP04RW,Accounts Payable - set 4 (Maintain),CLAWSON,
AP04RW,Accounts Payable - set 4 (Maintain),CMCCARRON,
AP04RW,Accounts Payable - set 4 (Maintain),CMCCULLOCH,
AP04RW,Accounts Payable - set 4 (Maintain),CMONTILL,
AP04RW,Accounts Payable - set 4 (Maintain),COCONNEL,
AP04RW,Accounts Payable - set 4 (Maintain),COMITCHE,
AP04RW,Accounts Payable - set 4 (Maintain),CROSA,
AP04RW,Accounts Payable - set 4 (Maintain),CTHOM,
AP04RW,Accounts Payable - set 4 (Maintain),CTORKELSEN,
AP04RW,Accounts Payable - set 4 (Maintain),CVIRGENS,
AP04RW,Accounts Payable - set 4 (Maintain),CWASKEY,
AP04RW,Accounts Payable - set 4 (Maintain),DAGRANT,
AP04RW,Accounts Payable - set 4 (Maintain),DANMACLEAN,
AP04RW,Accounts Payable - set 4 (Maintain),DAWALKER,
AP04RW,Accounts Payable - set 4 (Maintain),DDALVI,
AP04RW,Accounts Payable - set 4 (Maintain),DDVALVI,
AP04RW,Accounts Payable - set 4 (Maintain),DEBRADLE,
AP04RW,Accounts Payable - set 4 (Maintain),DFLAKEMO,
AP04RW,Accounts Payable - set 4 (Maintain),DGLENNIE,
AP04RW,Accounts Payable - set 4 (Maintain),DGROENEV,
AP04RW,Accounts Payable - set 4 (Maintain),DGUASTAL,
AP04RW,Accounts Payable - set 4 (Maintain),DHALYS,
AP04RW,Accounts Payable - set 4 (Maintain),DLOS,
AP04RW,Accounts Payable - set 4 (Maintain),DNEWLAND,
AP04RW,Accounts Payable - set 4 (Maintain),DPANGILI,
AP04RW,Accounts Payable - set 4 (Maintain),DRICHES,
AP04RW,Accounts Payable - set 4 (Maintain),DWU,
AP04RW,Accounts Payable - set 4 (Maintain),DYYANG,
AP04RW,Accounts Payable - set 4 (Maintain),EBJORNA,
AP04RW,Accounts Payable - set 4 (Maintain),EBLIKRA,
AP04RW,Accounts Payable - set 4 (Maintain),EBRAINWO,
AP04RW,Accounts Payable - set 4 (Maintain),EFORTUS,
AP04RW,Accounts Payable - set 4 (Maintain),EFRANCO,
AP04RW,Accounts Payable - set 4 (Maintain),EGUILLOT,
AP04RW,Accounts Payable - set 4 (Maintain),EHERVIK,
AP04RW,Accounts Payable - set 4 (Maintain),EICAMPBE,
AP04RW,Accounts Payable - set 4 (Maintain),EKLINGAN,
AP04RW,Accounts Payable - set 4 (Maintain),EKOOLS,
AP04RW,Accounts Payable - set 4 (Maintain),EMGATLEY,
AP04RW,Accounts Payable - set 4 (Maintain),EMITCHELL,
AP04RW,Accounts Payable - set 4 (Maintain),ENORDBY,
AP04RW,Accounts Payable - set 4 (Maintain),FANDRESE,
AP04RW,Accounts Payable - set 4 (Maintain),FASANTOS,
AP04RW,Accounts Payable - set 4 (Maintain),FDATHEST,
AP04RW,Accounts Payable - set 4 (Maintain),FDENHELDER,
AP04RW,Accounts Payable - set 4 (Maintain),FNGAN,
AP04RW,Accounts Payable - set 4 (Maintain),FRESILVA,
AP04RW,Accounts Payable - set 4 (Maintain),GBARROS,
AP04RW,Accounts Payable - set 4 (Maintain),GBRANTING,
AP04RW,Accounts Payable - set 4 (Maintain),GCHRISTIAN,
AP04RW,Accounts Payable - set 4 (Maintain),GESCARAY,
AP04RW,Accounts Payable - set 4 (Maintain),GIJUNIOR,
AP04RW,Accounts Payable - set 4 (Maintain),GJACKSON,
AP04RW,Accounts Payable - set 4 (Maintain),GJOHANSE,
AP04RW,Accounts Payable - set 4 (Maintain),GJOHNSEN,
AP04RW,Accounts Payable - set 4 (Maintain),GRBOWLES,
AP04RW,Accounts Payable - set 4 (Maintain),GSCHREUD,
AP04RW,Accounts Payable - set 4 (Maintain),GSKJERSE,
AP04RW,Accounts Payable - set 4 (Maintain),GTORGERS,
AP04RW,Accounts Payable - set 4 (Maintain),HBEAMES,
AP04RW,Accounts Payable - set 4 (Maintain),HBOS,
AP04RW,Accounts Payable - set 4 (Maintain),HBRINGSV,
AP04RW,Accounts Payable - set 4 (Maintain),HFJELD,
AP04RW,Accounts Payable - set 4 (Maintain),HGAASKJE,
AP04RW,Accounts Payable - set 4 (Maintain),HKLEPPE,
AP04RW,Accounts Payable - set 4 (Maintain),HKRANENB,
AP04RW,Accounts Payable - set 4 (Maintain),HNESVAG,
AP04RW,Accounts Payable - set 4 (Maintain),HPARMAR,
AP04RW,Accounts Payable - set 4 (Maintain),HPATIL,
AP04RW,Accounts Payable - set 4 (Maintain),HSANDERSEN,
AP04RW,Accounts Payable - set 4 (Maintain),INLOLAND,
AP04RW,Accounts Payable - set 4 (Maintain),IOVERLAND,
AP04RW,Accounts Payable - set 4 (Maintain),IVESELOVSK,
AP04RW,Accounts Payable - set 4 (Maintain),JALEE,
AP04RW,Accounts Payable - set 4 (Maintain),JAYPORTE,
AP04RW,Accounts Payable - set 4 (Maintain),JBURROWS,
AP04RW,Accounts Payable - set 4 (Maintain),JBUSTOS,
AP04RW,Accounts Payable - set 4 (Maintain),JCEGIELS,
AP04RW,Accounts Payable - set 4 (Maintain),JCONCEPC,
AP04RW,Accounts Payable - set 4 (Maintain),JECOOPER,
AP04RW,Accounts Payable - set 4 (Maintain),JEIKE,
AP04RW,Accounts Payable - set 4 (Maintain),JFOK,
AP04RW,Accounts Payable - set 4 (Maintain),JGUDMESTAD,
AP04RW,Accounts Payable - set 4 (Maintain),JHOPKINSON,
AP04RW,Accounts Payable - set 4 (Maintain),JKANESTR,
AP04RW,Accounts Payable - set 4 (Maintain),JKOBYLIN,
AP04RW,Accounts Payable - set 4 (Maintain),JKUPCZAK,
AP04RW,Accounts Payable - set 4 (Maintain),JLADIPAO,
AP04RW,Accounts Payable - set 4 (Maintain),JLOGAN,
AP04RW,Accounts Payable - set 4 (Maintain),JMEERSBE,
AP04RW,Accounts Payable - set 4 (Maintain),JNIELSEN,
AP04RW,Accounts Payable - set 4 (Maintain),JNORDERHAU,
AP04RW,Accounts Payable - set 4 (Maintain),JOLIN,
AP04RW,Accounts Payable - set 4 (Maintain),JOMARTIN,
AP04RW,Accounts Payable - set 4 (Maintain),JROZYCKA,
AP04RW,Accounts Payable - set 4 (Maintain),JRUSSELL,
AP04RW,Accounts Payable - set 4 (Maintain),JSANTOS,
AP04RW,Accounts Payable - set 4 (Maintain),JSECKEL,
AP04RW,Accounts Payable - set 4 (Maintain),JSETSA,
AP04RW,Accounts Payable - set 4 (Maintain),JTENGBER,
AP04RW,Accounts Payable - set 4 (Maintain),JUANDREW,
AP04RW,Accounts Payable - set 4 (Maintain),JWOODING,
AP04RW,Accounts Payable - set 4 (Maintain),KASANTOS,
AP04RW,Accounts Payable - set 4 (Maintain),KASTEWAR,
AP04RW,Accounts Payable - set 4 (Maintain),KAUTH,
AP04RW,Accounts Payable - set 4 (Maintain),KAWALSH,
AP04RW,Accounts Payable - set 4 (Maintain),KBRIGGS,
AP04RW,Accounts Payable - set 4 (Maintain),KCHOHAN,
AP04RW,Accounts Payable - set 4 (Maintain),KEWILLIAMS,
AP04RW,Accounts Payable - set 4 (Maintain),KGAWANDE,
AP04RW,Accounts Payable - set 4 (Maintain),KGJELVIK,
AP04RW,Accounts Payable - set 4 (Maintain),KHENDZEL,
AP04RW,Accounts Payable - set 4 (Maintain),KJANTOSZ,
AP04RW,Accounts Payable - set 4 (Maintain),KKINDEN,
AP04RW,Accounts Payable - set 4 (Maintain),KKORNEVA,
AP04RW,Accounts Payable - set 4 (Maintain),KLI,
AP04RW,Accounts Payable - set 4 (Maintain),KLUNDIN,
AP04RW,Accounts Payable - set 4 (Maintain),KMACDONA,
AP04RW,Accounts Payable - set 4 (Maintain),KMYKKELT,
AP04RW,Accounts Payable - set 4 (Maintain),KNATTERO,
AP04RW,Accounts Payable - set 4 (Maintain),KPHUNG,
AP04RW,Accounts Payable - set 4 (Maintain),KRIDA,
AP04RW,Accounts Payable - set 4 (Maintain),KRISPAGE,
AP04RW,Accounts Payable - set 4 (Maintain),KSPENGLE,
AP04RW,Accounts Payable - set 4 (Maintain),KTKATCHE,
AP04RW,Accounts Payable - set 4 (Maintain),KULTRA,
AP04RW,Accounts Payable - set 4 (Maintain),KWILLIS,
AP04RW,Accounts Payable - set 4 (Maintain),KWONG,
AP04RW,Accounts Payable - set 4 (Maintain),LANDERSO,
AP04RW,Accounts Payable - set 4 (Maintain),LANFINSEN,
AP04RW,Accounts Payable - set 4 (Maintain),LBRANDAO,
AP04RW,Accounts Payable - set 4 (Maintain),LCHHABRA,
AP04RW,Accounts Payable - set 4 (Maintain),LCOOMAN,
AP04RW,Accounts Payable - set 4 (Maintain),LCOWIE,
AP04RW,Accounts Payable - set 4 (Maintain),LDEGREEF,
AP04RW,Accounts Payable - set 4 (Maintain),LDEVINE,
AP04RW,Accounts Payable - set 4 (Maintain),LDICKSON,
AP04RW,Accounts Payable - set 4 (Maintain),LDUNCAN,
AP04RW,Accounts Payable - set 4 (Maintain),LEEUWE02,
AP04RW,Accounts Payable - set 4 (Maintain),LGRAVES,
AP04RW,Accounts Payable - set 4 (Maintain),LHODGSON,
AP04RW,Accounts Payable - set 4 (Maintain),LKOZIK,
AP04RW,Accounts Payable - set 4 (Maintain),LSIM,
AP04RW,Accounts Payable - set 4 (Maintain),LTORKELS,
AP04RW,Accounts Payable - set 4 (Maintain),LTUTIN,
AP04RW,Accounts Payable - set 4 (Maintain),LVALANI,
AP04RW,Accounts Payable - set 4 (Maintain),LVANSON,
AP04RW,Accounts Payable - set 4 (Maintain),LVELINCA,
AP04RW,Accounts Payable - set 4 (Maintain),LVIERA,
AP04RW,Accounts Payable - set 4 (Maintain),LWATT,
AP04RW,Accounts Payable - set 4 (Maintain),LWOOD,
AP04RW,Accounts Payable - set 4 (Maintain),LXIE,
AP04RW,Accounts Payable - set 4 (Maintain),MAGILL,
AP04RW,Accounts Payable - set 4 (Maintain),MAJONES,
AP04RW,Accounts Payable - set 4 (Maintain),MAMATONG,
AP04RW,Accounts Payable - set 4 (Maintain),MBALAS,
AP04RW,Accounts Payable - set 4 (Maintain),MBATOR,
AP04RW,Accounts Payable - set 4 (Maintain),MBENNETTS,
AP04RW,Accounts Payable - set 4 (Maintain),MCARRAS,
AP04RW,Accounts Payable - set 4 (Maintain),MCATLIN,
AP04RW,Accounts Payable - set 4 (Maintain),MCHOI,
AP04RW,Accounts Payable - set 4 (Maintain),MCLAYDON,
AP04RW,Accounts Payable - set 4 (Maintain),MCOUTINHO,
AP04RW,Accounts Payable - set 4 (Maintain),MDAGGER,
AP04RW,Accounts Payable - set 4 (Maintain),MDAYAPER,
AP04RW,Accounts Payable - set 4 (Maintain),MDEAN,
AP04RW,Accounts Payable - set 4 (Maintain),MGARRING,
AP04RW,Accounts Payable - set 4 (Maintain),MGOTTSCH,
AP04RW,Accounts Payable - set 4 (Maintain),MHAGEMAN,
AP04RW,Accounts Payable - set 4 (Maintain),MHIZONA,
AP04RW,Accounts Payable - set 4 (Maintain),MISOTO,
AP04RW,Accounts Payable - set 4 (Maintain),MJOHANNE,
AP04RW,Accounts Payable - set 4 (Maintain),MJOHANSEN,
AP04RW,Accounts Payable - set 4 (Maintain),MJOPSON,
AP04RW,Accounts Payable - set 4 (Maintain),MJUBB,
AP04RW,Accounts Payable - set 4 (Maintain),MKEPA,
AP04RW,Accounts Payable - set 4 (Maintain),MKIM,
AP04RW,Accounts Payable - set 4 (Maintain),MKOGUT,
AP04RW,Accounts Payable - set 4 (Maintain),MLUDWINI,
AP04RW,Accounts Payable - set 4 (Maintain),MMAYNE,
AP04RW,Accounts Payable - set 4 (Maintain),MPERREN,
AP04RW,Accounts Payable - set 4 (Maintain),MPRIESTL,
AP04RW,Accounts Payable - set 4 (Maintain),MPRIVATTI,
AP04RW,Accounts Payable - set 4 (Maintain),MQUIRKE,
AP04RW,Accounts Payable - set 4 (Maintain),MRAMOS,
AP04RW,Accounts Payable - set 4 (Maintain),MSANSALI,
AP04RW,Accounts Payable - set 4 (Maintain),NALVARES,
AP04RW,Accounts Payable - set 4 (Maintain),NBADRINA,
AP04RW,Accounts Payable - set 4 (Maintain),NBONIFACIO,
AP04RW,Accounts Payable - set 4 (Maintain),NGILCHRI,
AP04RW,Accounts Payable - set 4 (Maintain),NKATHE,
AP04RW,Accounts Payable - set 4 (Maintain),NKERR,
AP04RW,Accounts Payable - set 4 (Maintain),NKOLNES,
AP04RW,Accounts Payable - set 4 (Maintain),NNUGRHA,
AP04RW,Accounts Payable - set 4 (Maintain),NPARK,
AP04RW,Accounts Payable - set 4 (Maintain),NRACIC,
AP04RW,Accounts Payable - set 4 (Maintain),NROSS,
AP04RW,Accounts Payable - set 4 (Maintain),NVROON,
AP04RW,Accounts Payable - set 4 (Maintain),ODANGMAL,
AP04RW,Accounts Payable - set 4 (Maintain),OGRABI,
AP04RW,Accounts Payable - set 4 (Maintain),OMAGBANUA,
AP04RW,Accounts Payable - set 4 (Maintain),OMULIK,
AP04RW,Accounts Payable - set 4 (Maintain),OOKUESO,
AP04RW,Accounts Payable - set 4 (Maintain),OOSTEBO,
AP04RW,Accounts Payable - set 4 (Maintain),PANDERSON,
AP04RW,Accounts Payable - set 4 (Maintain),PDENTON,
AP04RW,Accounts Payable - set 4 (Maintain),PGAVIN,
AP04RW,Accounts Payable - set 4 (Maintain),PGUASTAL,
AP04RW,Accounts Payable - set 4 (Maintain),PIRSILVA,
AP04RW,Accounts Payable - set 4 (Maintain),PKHONGPAN,
AP04RW,Accounts Payable - set 4 (Maintain),PLESLIE,
AP04RW,Accounts Payable - set 4 (Maintain),PLINGEN,
AP04RW,Accounts Payable - set 4 (Maintain),PPRESSLI,
AP04RW,Accounts Payable - set 4 (Maintain),PREN,
AP04RW,Accounts Payable - set 4 (Maintain),PSMITHERAM,
AP04RW,Accounts Payable - set 4 (Maintain),PVATTOY,
AP04RW,Accounts Payable - set 4 (Maintain),QHERGAAR,
AP04RW,Accounts Payable - set 4 (Maintain),RABATISTA,
AP04RW,Accounts Payable - set 4 (Maintain),RADAMS,
AP04RW,Accounts Payable - set 4 (Maintain),RAJKUMAR,
AP04RW,Accounts Payable - set 4 (Maintain),RAKPADAD,
AP04RW,Accounts Payable - set 4 (Maintain),RALBERG,
AP04RW,Accounts Payable - set 4 (Maintain),RCARAGOUNI,
AP04RW,Accounts Payable - set 4 (Maintain),RCHANNA,
AP04RW,Accounts Payable - set 4 (Maintain),RDESAY,
AP04RW,Accounts Payable - set 4 (Maintain),RDURGADE,
AP04RW,Accounts Payable - set 4 (Maintain),REATON,
AP04RW,Accounts Payable - set 4 (Maintain),RGURSLI,
AP04RW,Accounts Payable - set 4 (Maintain),RHALILI,
AP04RW,Accounts Payable - set 4 (Maintain),RHINONG,
AP04RW,Accounts Payable - set 4 (Maintain),RHOLSTAD,
AP04RW,Accounts Payable - set 4 (Maintain),RJADHAV,
AP04RW,Accounts Payable - set 4 (Maintain),RJAMES,
AP04RW,Accounts Payable - set 4 (Maintain),RLIANG,
AP04RW,Accounts Payable - set 4 (Maintain),RLONG,
AP04RW,Accounts Payable - set 4 (Maintain),RMONTES,
AP04RW,Accounts Payable - set 4 (Maintain),RMUYO,
AP04RW,Accounts Payable - set 4 (Maintain),RNANHEKHAN,
AP04RW,Accounts Payable - set 4 (Maintain),ROSTERHU,
AP04RW,Accounts Payable - set 4 (Maintain),RPAIVA,
AP04RW,Accounts Payable - set 4 (Maintain),RSANPEDRO,
AP04RW,Accounts Payable - set 4 (Maintain),RSTURT,
AP04RW,Accounts Payable - set 4 (Maintain),RTALLAKS,
AP04RW,Accounts Payable - set 4 (Maintain),RTATTEN,
AP04RW,Accounts Payable - set 4 (Maintain),RTATUM,
AP04RW,Accounts Payable - set 4 (Maintain),RTUMAGAN,
AP04RW,Accounts Payable - set 4 (Maintain),RVANSCHIJN,
AP04RW,Accounts Payable - set 4 (Maintain),RWALLACE,
AP04RW,Accounts Payable - set 4 (Maintain),RWEENING,
AP04RW,Accounts Payable - set 4 (Maintain),SCONROY,
AP04RW,Accounts Payable - set 4 (Maintain),SENGER,
AP04RW,Accounts Payable - set 4 (Maintain),SESPELAN,
AP04RW,Accounts Payable - set 4 (Maintain),SGANDHIR,
AP04RW,Accounts Payable - set 4 (Maintain),SGASKELL,
AP04RW,Accounts Payable - set 4 (Maintain),SGOWDA,
AP04RW,Accounts Payable - set 4 (Maintain),SHOGGATT,
AP04RW,Accounts Payable - set 4 (Maintain),SIW,
AP04RW,Accounts Payable - set 4 (Maintain),SJENNING,
AP04RW,Accounts Payable - set 4 (Maintain),SJOHNY,
AP04RW,Accounts Payable - set 4 (Maintain),SKALASAP,
AP04RW,Accounts Payable - set 4 (Maintain),SKELLY,
AP04RW,Accounts Payable - set 4 (Maintain),SKONING,
AP04RW,Accounts Payable - set 4 (Maintain),SLENGHE,
AP04RW,Accounts Payable - set 4 (Maintain),SLOHR,
AP04RW,Accounts Payable - set 4 (Maintain),SLOUIE,
AP04RW,Accounts Payable - set 4 (Maintain),SMACHLIK,
AP04RW,Accounts Payable - set 4 (Maintain),SMARKWICK,
AP04RW,Accounts Payable - set 4 (Maintain),SMARQUES,
AP04RW,Accounts Payable - set 4 (Maintain),SNPAWAR,
AP04RW,Accounts Payable - set 4 (Maintain),SODONNELL,
AP04RW,Accounts Payable - set 4 (Maintain),SOSLAND,
AP04RW,Accounts Payable - set 4 (Maintain),SPATIL,
AP04RW,Accounts Payable - set 4 (Maintain),SPAWAR,
AP04RW,Accounts Payable - set 4 (Maintain),SRANGARAJA,
AP04RW,Accounts Payable - set 4 (Maintain),SSEBULON,
AP04RW,Accounts Payable - set 4 (Maintain),SSEKHON,
AP04RW,Accounts Payable - set 4 (Maintain),SSHINDE,
AP04RW,Accounts Payable - set 4 (Maintain),STCOLLIN,
AP04RW,Accounts Payable - set 4 (Maintain),STEIXEIR,
AP04RW,Accounts Payable - set 4 (Maintain),STHOMPSON,
AP04RW,Accounts Payable - set 4 (Maintain),SUGREEN,
AP04RW,Accounts Payable - set 4 (Maintain),SUJOSHI,
AP04RW,Accounts Payable - set 4 (Maintain),TBASS,
AP04RW,Accounts Payable - set 4 (Maintain),TBROUWER,
AP04RW,Accounts Payable - set 4 (Maintain),TBURROUG,
AP04RW,Accounts Payable - set 4 (Maintain),TCONCEIC,
AP04RW,Accounts Payable - set 4 (Maintain),TCOSTA,
AP04RW,Accounts Payable - set 4 (Maintain),TFREDRIK,
AP04RW,Accounts Payable - set 4 (Maintain),THBAUSTAD,
AP04RW,Accounts Payable - set 4 (Maintain),THJAKOBSEN,
AP04RW,Accounts Payable - set 4 (Maintain),TIMCOX,
AP04RW,Accounts Payable - set 4 (Maintain),TJANSSEN,
AP04RW,Accounts Payable - set 4 (Maintain),TLAING,
AP04RW,Accounts Payable - set 4 (Maintain),TMCCABE,
AP04RW,Accounts Payable - set 4 (Maintain),TOKING,
AP04RW,Accounts Payable - set 4 (Maintain),TOLSON01,
AP04RW,Accounts Payable - set 4 (Maintain),TRMALBY,
AP04RW,Accounts Payable - set 4 (Maintain),TROSENBERG,
AP04RW,Accounts Payable - set 4 (Maintain),TTHOMASSEN,
AP04RW,Accounts Payable - set 4 (Maintain),TVILLARD,
AP04RW,Accounts Payable - set 4 (Maintain),UPATIL,
AP04RW,Accounts Payable - set 4 (Maintain),URITAB,
AP04RW,Accounts Payable - set 4 (Maintain),VASOUZA,
AP04RW,Accounts Payable - set 4 (Maintain),VGRIMSLI,
AP04RW,Accounts Payable - set 4 (Maintain),VISILVA,
AP04RW,Accounts Payable - set 4 (Maintain),VJADHAV,
AP04RW,Accounts Payable - set 4 (Maintain),VLAW,
AP04RW,Accounts Payable - set 4 (Maintain),VMORAES,
AP04RW,Accounts Payable - set 4 (Maintain),VMUDGAL,
AP04RW,Accounts Payable - set 4 (Maintain),VREITAN,
AP04RW,Accounts Payable - set 4 (Maintain),VSATPUTE,
AP04RW,Accounts Payable - set 4 (Maintain),VSOLSEM,
AP04RW,Accounts Payable - set 4 (Maintain),VVENUGOP,
AP04RW,Accounts Payable - set 4 (Maintain),WESPEDAL,
AP04RW,Accounts Payable - set 4 (Maintain),WROWLES,
AP04RW,Accounts Payable - set 4 (Maintain),WSTEWART,
AP04RW,Accounts Payable - set 4 (Maintain),WSZCZEPA,
AP04RW,Accounts Payable - set 4 (Maintain),WWHITE,
AP04RW,Accounts Payable - set 4 (Maintain),XHU,
AP04RW,Accounts Payable - set 4 (Maintain),YJADHAV,
AP04RW,Accounts Payable - set 4 (Maintain),YWAYKAR,
AP04RW,Accounts Payable - set 4 (Maintain),ZHAYATH,
AP05RO,Accounts Payable - set 5 (View),ABRYLINS,
AP05RO,Accounts Payable - set 5 (View),ADUBEY,
AP05RO,Accounts Payable - set 5 (View),AHUDANI,
AP05RO,Accounts Payable - set 5 (View),AKANDWAL,
AP05RO,Accounts Payable - set 5 (View),AKAZI,
AP05RO,Accounts Payable - set 5 (View),AKHAKIMO,
AP05RO,Accounts Payable - set 5 (View),AKORDE,
AP05RO,Accounts Payable - set 5 (View),AKOT,
AP05RO,Accounts Payable - set 5 (View),AKUDEKAR,
AP05RO,Accounts Payable - set 5 (View),AREWERA,
AP05RO,Accounts Payable - set 5 (View),ASOUZA,
AP05RO,Accounts Payable - set 5 (View),ASTAYLOR,
AP05RO,Accounts Payable - set 5 (View),BARK,
AP05RO,Accounts Payable - set 5 (View),BCAR,
AP05RO,Accounts Payable - set 5 (View),BEHESS,
AP05RO,Accounts Payable - set 5 (View),BKISCH,
AP05RO,Accounts Payable - set 5 (View),BSILVA,
AP05RO,Accounts Payable - set 5 (View),BSTUSIK,
AP05RO,Accounts Payable - set 5 (View),BTERSTEGE,
AP05RO,Accounts Payable - set 5 (View),CCRUMP,
AP05RO,Accounts Payable - set 5 (View),CMONTILL,
AP05RO,Accounts Payable - set 5 (View),CTHOM,
AP05RO,Accounts Payable - set 5 (View),CWASKEY,
AP05RO,Accounts Payable - set 5 (View),DAWALKER,
AP05RO,Accounts Payable - set 5 (View),DDALVI,
AP05RO,Accounts Payable - set 5 (View),DDVALVI,
AP05RO,Accounts Payable - set 5 (View),DGLENNIE,
AP05RO,Accounts Payable - set 5 (View),DHALYS,
AP05RO,Accounts Payable - set 5 (View),DLOS,
AP05RO,Accounts Payable - set 5 (View),DNEWLAND,
AP05RO,Accounts Payable - set 5 (View),DYYANG,
AP05RO,Accounts Payable - set 5 (View),EFORTUS,
AP05RO,Accounts Payable - set 5 (View),EFRANCO,
AP05RO,Accounts Payable - set 5 (View),EHERVIK,
AP05RO,Accounts Payable - set 5 (View),EICAMPBE,
AP05RO,Accounts Payable - set 5 (View),EKRISTVI,
AP05RO,Accounts Payable - set 5 (View),EMITCHELL,
AP05RO,Accounts Payable - set 5 (View),ESOREIDE,
AP05RO,Accounts Payable - set 5 (View),FNGAN,
AP05RO,Accounts Payable - set 5 (View),GIJUNIOR,
AP05RO,Accounts Payable - set 5 (View),GSCHREUD,
AP05RO,Accounts Payable - set 5 (View),HPARMAR,
AP05RO,Accounts Payable - set 5 (View),HPATIL,
AP05RO,Accounts Payable - set 5 (View),IVESELOVSK,
AP05RO,Accounts Payable - set 5 (View),JALEE,
AP05RO,Accounts Payable - set 5 (View),JECOOPER,
AP05RO,Accounts Payable - set 5 (View),JFOK,
AP05RO,Accounts Payable - set 5 (View),JKOBYLIN,
AP05RO,Accounts Payable - set 5 (View),JKUPCZAK,
AP05RO,Accounts Payable - set 5 (View),JLADIPAO,
AP05RO,Accounts Payable - set 5 (View),JRUSSELL,
AP05RO,Accounts Payable - set 5 (View),JSANTOS,
AP05RO,Accounts Payable - set 5 (View),KASANTOS,
AP05RO,Accounts Payable - set 5 (View),KASTEWAR,
AP05RO,Accounts Payable - set 5 (View),KGAWANDE,
AP05RO,Accounts Payable - set 5 (View),KHENDZEL,
AP05RO,Accounts Payable - set 5 (View),KJANTOSZ,
AP05RO,Accounts Payable - set 5 (View),KLI,
AP05RO,Accounts Payable - set 5 (View),KMACDONA,
AP05RO,Accounts Payable - set 5 (View),KNATTERO,
AP05RO,Accounts Payable - set 5 (View),KRIDA,
AP05RO,Accounts Payable - set 5 (View),KRISPAGE,
AP05RO,Accounts Payable - set 5 (View),KULTRA,
AP05RO,Accounts Payable - set 5 (View),KWONG,
AP05RO,Accounts Payable - set 5 (View),LBRANDAO,
AP05RO,Accounts Payable - set 5 (View),LCHHABRA,
AP05RO,Accounts Payable - set 5 (View),LDICKSON,
AP05RO,Accounts Payable - set 5 (View),LDUNCAN,
AP05RO,Accounts Payable - set 5 (View),LVELINCA,
AP05RO,Accounts Payable - set 5 (View),LXIE,
AP05RO,Accounts Payable - set 5 (View),MAGILL,
AP05RO,Accounts Payable - set 5 (View),MAJONES,
AP05RO,Accounts Payable - set 5 (View),MBALAS,
AP05RO,Accounts Payable - set 5 (View),MCHOI,
AP05RO,Accounts Payable - set 5 (View),MDAYAPER,
AP05RO,Accounts Payable - set 5 (View),MDEAN,
AP05RO,Accounts Payable - set 5 (View),MHIZONA,
AP05RO,Accounts Payable - set 5 (View),MISOTO,
AP05RO,Accounts Payable - set 5 (View),MJOHANNE,
AP05RO,Accounts Payable - set 5 (View),MKEPA,
AP05RO,Accounts Payable - set 5 (View),NBONIFACIO,
AP05RO,Accounts Payable - set 5 (View),NKATHE,
AP05RO,Accounts Payable - set 5 (View),NNUGRHA,
AP05RO,Accounts Payable - set 5 (View),NPARK,
AP05RO,Accounts Payable - set 5 (View),NROSS,
AP05RO,Accounts Payable - set 5 (View),NVROON,
AP05RO,Accounts Payable - set 5 (View),ODANGMAL,
AP05RO,Accounts Payable - set 5 (View),OMULIK,
AP05RO,Accounts Payable - set 5 (View),OOKUESO,
AP05RO,Accounts Payable - set 5 (View),PKHONGPAN,
AP05RO,Accounts Payable - set 5 (View),PLINGEN,
AP05RO,Accounts Payable - set 5 (View),PPRESSLI,
AP05RO,Accounts Payable - set 5 (View),PREN,
AP05RO,Accounts Payable - set 5 (View),PSMITHERAM,
AP05RO,Accounts Payable - set 5 (View),RABATISTA,
AP05RO,Accounts Payable - set 5 (View),RAKPADAD,
AP05RO,Accounts Payable - set 5 (View),RCHANNA,
AP05RO,Accounts Payable - set 5 (View),RDURGADE,
AP05RO,Accounts Payable - set 5 (View),REATON,
AP05RO,Accounts Payable - set 5 (View),RHINONG,
AP05RO,Accounts Payable - set 5 (View),RHOLSTAD,
AP05RO,Accounts Payable - set 5 (View),RJADHAV,
AP05RO,Accounts Payable - set 5 (View),RJAMES,
AP05RO,Accounts Payable - set 5 (View),RLIANG,
AP05RO,Accounts Payable - set 5 (View),RSANPEDRO,
AP05RO,Accounts Payable - set 5 (View),RTATUM,
AP05RO,Accounts Payable - set 5 (View),SCONROY,
AP05RO,Accounts Payable - set 5 (View),SENGER,
AP05RO,Accounts Payable - set 5 (View),SGANDHIR,
AP05RO,Accounts Payable - set 5 (View),SGOWDA,
AP05RO,Accounts Payable - set 5 (View),SJOHNY,
AP05RO,Accounts Payable - set 5 (View),SKONING,
AP05RO,Accounts Payable - set 5 (View),SLENGHE,
AP05RO,Accounts Payable - set 5 (View),SLOUIE,
AP05RO,Accounts Payable - set 5 (View),SMACHLIK,
AP05RO,Accounts Payable - set 5 (View),SMARQUES,
AP05RO,Accounts Payable - set 5 (View),SNPAWAR,
AP05RO,Accounts Payable - set 5 (View),SOSLAND,
AP05RO,Accounts Payable - set 5 (View),SPATIL,
AP05RO,Accounts Payable - set 5 (View),SSEKHON,
AP05RO,Accounts Payable - set 5 (View),STCOLLIN,
AP05RO,Accounts Payable - set 5 (View),STEIXEIR,
AP05RO,Accounts Payable - set 5 (View),SUJOSHI,
AP05RO,Accounts Payable - set 5 (View),TBROUWER,
AP05RO,Accounts Payable - set 5 (View),TBURROUG,
AP05RO,Accounts Payable - set 5 (View),TCOSTA,
AP05RO,Accounts Payable - set 5 (View),THJAKOBSEN,
AP05RO,Accounts Payable - set 5 (View),TVILLARD,
AP05RO,Accounts Payable - set 5 (View),VASOUZA,
AP05RO,Accounts Payable - set 5 (View),VGRIMSLI,
AP05RO,Accounts Payable - set 5 (View),VISILVA,
AP05RO,Accounts Payable - set 5 (View),VJADHAV,
AP05RO,Accounts Payable - set 5 (View),VLAW,
AP05RO,Accounts Payable - set 5 (View),VMORAES,
AP05RO,Accounts Payable - set 5 (View),VMUDGAL,
AP05RO,Accounts Payable - set 5 (View),VSATPUTE,
AP05RO,Accounts Payable - set 5 (View),YJADHAV,
AP05RO,Accounts Payable - set 5 (View),YWAYKAR,
AP05RW,Accounts Payable - set 5 (Maintain),ABALDONADO,
AP05RW,Accounts Payable - set 5 (Maintain),ADATKHIL,
AP05RW,Accounts Payable - set 5 (Maintain),ADUBEY,
AP05RW,Accounts Payable - set 5 (Maintain),AKAZI,
AP05RW,Accounts Payable - set 5 (Maintain),AKHAKIMO,
AP05RW,Accounts Payable - set 5 (Maintain),AKORDE,
AP05RW,Accounts Payable - set 5 (Maintain),AKUDEKAR,
AP05RW,Accounts Payable - set 5 (Maintain),ASARTAPE,
AP05RW,Accounts Payable - set 5 (Maintain),ASUMAIYA,
AP05RW,Accounts Payable - set 5 (Maintain),ASZUBERL,
AP05RW,Accounts Payable - set 5 (Maintain),BEHESS,
AP05RW,Accounts Payable - set 5 (Maintain),BSILVA,
AP05RW,Accounts Payable - set 5 (Maintain),CMONTILL,
AP05RW,Accounts Payable - set 5 (Maintain),CTHOM,
AP05RW,Accounts Payable - set 5 (Maintain),DANMACLEAN,
AP05RW,Accounts Payable - set 5 (Maintain),DDALVI,
AP05RW,Accounts Payable - set 5 (Maintain),DGUASTAL,
AP05RW,Accounts Payable - set 5 (Maintain),DWU,
AP05RW,Accounts Payable - set 5 (Maintain),JFOK,
AP05RW,Accounts Payable - set 5 (Maintain),JGUDMESTAD,
AP05RW,Accounts Payable - set 5 (Maintain),JOLIN,
AP05RW,Accounts Payable - set 5 (Maintain),JRUSSELL,
AP05RW,Accounts Payable - set 5 (Maintain),JTENGBER,
AP05RW,Accounts Payable - set 5 (Maintain),KGAWANDE,
AP05RW,Accounts Payable - set 5 (Maintain),KULTRA,
AP05RW,Accounts Payable - set 5 (Maintain),MDAYAPER,
AP05RW,Accounts Payable - set 5 (Maintain),MKIM,
AP05RW,Accounts Payable - set 5 (Maintain),MRAMOS,
AP05RW,Accounts Payable - set 5 (Maintain),NBADRINA,
AP05RW,Accounts Payable - set 5 (Maintain),NKATHE,
AP05RW,Accounts Payable - set 5 (Maintain),NNUGRHA,
AP05RW,Accounts Payable - set 5 (Maintain),ODANGMAL,
AP05RW,Accounts Payable - set 5 (Maintain),OMULIK,
AP05RW,Accounts Payable - set 5 (Maintain),PANDERSON,
AP05RW,Accounts Payable - set 5 (Maintain),PGUASTAL,
AP05RW,Accounts Payable - set 5 (Maintain),PPRESSLI,
AP05RW,Accounts Payable - set 5 (Maintain),RAKPADAD,
AP05RW,Accounts Payable - set 5 (Maintain),RCHANNA,
AP05RW,Accounts Payable - set 5 (Maintain),RJADHAV,
AP05RW,Accounts Payable - set 5 (Maintain),RSANPEDRO,
AP05RW,Accounts Payable - set 5 (Maintain),SKALASAP,
AP05RW,Accounts Payable - set 5 (Maintain),SLENGHE,
AP05RW,Accounts Payable - set 5 (Maintain),SMARQUES,
AP05RW,Accounts Payable - set 5 (Maintain),SNPAWAR,
AP05RW,Accounts Payable - set 5 (Maintain),SPATIL,
AP05RW,Accounts Payable - set 5 (Maintain),SPAWAR,
AP05RW,Accounts Payable - set 5 (Maintain),SRANGARAJA,
AP05RW,Accounts Payable - set 5 (Maintain),SSHINDE,
AP05RW,Accounts Payable - set 5 (Maintain),TVILLARD,
AP05RW,Accounts Payable - set 5 (Maintain),UPATIL,
AP05RW,Accounts Payable - set 5 (Maintain),VMUDGAL,
AP05RW,Accounts Payable - set 5 (Maintain),VSATPUTE,
AP05RW,Accounts Payable - set 5 (Maintain),VVENUGOP,
AP05RW,Accounts Payable - set 5 (Maintain),WROWLES,
AP05RW,Accounts Payable - set 5 (Maintain),ZHAYATH,
AR01RO,Accounts Receivable - set 1 (View),ABRYLINS,
AR01RO,Accounts Receivable - set 1 (View),ADUBEY,
AR01RO,Accounts Receivable - set 1 (View),AHUDANI,
AR01RO,Accounts Receivable - set 1 (View),AKANDWAL,
AR01RO,Accounts Receivable - set 1 (View),AKAZI,
AR01RO,Accounts Receivable - set 1 (View),AKHAKIMO,
AR01RO,Accounts Receivable - set 1 (View),AKORDE,
AR01RO,Accounts Receivable - set 1 (View),AKOT,
AR01RO,Accounts Receivable - set 1 (View),AKUDEKAR,
AR01RO,Accounts Receivable - set 1 (View),AREWERA,
AR01RO,Accounts Receivable - set 1 (View),ASOUZA,
AR01RO,Accounts Receivable - set 1 (View),ASTAYLOR,
AR01RO,Accounts Receivable - set 1 (View),BARK,
AR01RO,Accounts Receivable - set 1 (View),BCAR,
AR01RO,Accounts Receivable - set 1 (View),BEHESS,
AR01RO,Accounts Receivable - set 1 (View),BKISCH,
AR01RO,Accounts Receivable - set 1 (View),BSILVA,
AR01RO,Accounts Receivable - set 1 (View),BSTUSIK,
AR01RO,Accounts Receivable - set 1 (View),BTERSTEGE,
AR01RO,Accounts Receivable - set 1 (View),CCRUMP,
AR01RO,Accounts Receivable - set 1 (View),CMONTILL,
AR01RO,Accounts Receivable - set 1 (View),CTHOM,
AR01RO,Accounts Receivable - set 1 (View),CWASKEY,
AR01RO,Accounts Receivable - set 1 (View),DAWALKER,
AR01RO,Accounts Receivable - set 1 (View),DDALVI,
AR01RO,Accounts Receivable - set 1 (View),DDVALVI,
AR01RO,Accounts Receivable - set 1 (View),DGLENNIE,
AR01RO,Accounts Receivable - set 1 (View),DHALYS,
AR01RO,Accounts Receivable - set 1 (View),DLOS,
AR01RO,Accounts Receivable - set 1 (View),DNEWLAND,
AR01RO,Accounts Receivable - set 1 (View),DYYANG,
AR01RO,Accounts Receivable - set 1 (View),EFORTUS,
AR01RO,Accounts Receivable - set 1 (View),EFRANCO,
AR01RO,Accounts Receivable - set 1 (View),EHERVIK,
AR01RO,Accounts Receivable - set 1 (View),EICAMPBE,
AR01RO,Accounts Receivable - set 1 (View),EMITCHELL,
AR01RO,Accounts Receivable - set 1 (View),FNGAN,
AR01RO,Accounts Receivable - set 1 (View),GIJUNIOR,
AR01RO,Accounts Receivable - set 1 (View),GSCHREUD,
AR01RO,Accounts Receivable - set 1 (View),HPARMAR,
AR01RO,Accounts Receivable - set 1 (View),HPATIL,
AR01RO,Accounts Receivable - set 1 (View),IVESELOVSK,
AR01RO,Accounts Receivable - set 1 (View),JALEE,
AR01RO,Accounts Receivable - set 1 (View),JECOOPER,
AR01RO,Accounts Receivable - set 1 (View),JGUDMESTAD,
AR01RO,Accounts Receivable - set 1 (View),JKOBYLIN,
AR01RO,Accounts Receivable - set 1 (View),JKUPCZAK,
AR01RO,Accounts Receivable - set 1 (View),JLADIPAO,
AR01RO,Accounts Receivable - set 1 (View),JRUSSELL,
AR01RO,Accounts Receivable - set 1 (View),JSANTOS,
AR01RO,Accounts Receivable - set 1 (View),KASANTOS,
AR01RO,Accounts Receivable - set 1 (View),KASTEWAR,
AR01RO,Accounts Receivable - set 1 (View),KGAWANDE,
AR01RO,Accounts Receivable - set 1 (View),KHENDZEL,
AR01RO,Accounts Receivable - set 1 (View),KJANTOSZ,
AR01RO,Accounts Receivable - set 1 (View),KLI,
AR01RO,Accounts Receivable - set 1 (View),KMACDONA,
AR01RO,Accounts Receivable - set 1 (View),KNATTERO,
AR01RO,Accounts Receivable - set 1 (View),KRIDA,
AR01RO,Accounts Receivable - set 1 (View),KRISPAGE,
AR01RO,Accounts Receivable - set 1 (View),KULTRA,
AR01RO,Accounts Receivable - set 1 (View),KWONG,
AR01RO,Accounts Receivable - set 1 (View),LBRANDAO,
AR01RO,Accounts Receivable - set 1 (View),LCHHABRA,
AR01RO,Accounts Receivable - set 1 (View),LDICKSON,
AR01RO,Accounts Receivable - set 1 (View),LDUNCAN,
AR01RO,Accounts Receivable - set 1 (View),LVELINCA,
AR01RO,Accounts Receivable - set 1 (View),LXIE,
AR01RO,Accounts Receivable - set 1 (View),MAGILL,
AR01RO,Accounts Receivable - set 1 (View),MAJONES,
AR01RO,Accounts Receivable - set 1 (View),MBALAS,
AR01RO,Accounts Receivable - set 1 (View),MCHOI,
AR01RO,Accounts Receivable - set 1 (View),MDAYAPER,
AR01RO,Accounts Receivable - set 1 (View),MDEAN,
AR01RO,Accounts Receivable - set 1 (View),MHIZONA,
AR01RO,Accounts Receivable - set 1 (View),MISOTO,
AR01RO,Accounts Receivable - set 1 (View),MJOHANNE,
AR01RO,Accounts Receivable - set 1 (View),MKEPA,
AR01RO,Accounts Receivable - set 1 (View),NBONIFACIO,
AR01RO,Accounts Receivable - set 1 (View),NKATHE,
AR01RO,Accounts Receivable - set 1 (View),NNUGRHA,
AR01RO,Accounts Receivable - set 1 (View),NPARK,
AR01RO,Accounts Receivable - set 1 (View),NROSS,
AR01RO,Accounts Receivable - set 1 (View),NVROON,
AR01RO,Accounts Receivable - set 1 (View),ODANGMAL,
AR01RO,Accounts Receivable - set 1 (View),OMULIK,
AR01RO,Accounts Receivable - set 1 (View),OOKUESO,
AR01RO,Accounts Receivable - set 1 (View),PKHONGPAN,
AR01RO,Accounts Receivable - set 1 (View),PLINGEN,
AR01RO,Accounts Receivable - set 1 (View),PPRESSLI,
AR01RO,Accounts Receivable - set 1 (View),PREN,
AR01RO,Accounts Receivable - set 1 (View),PSMITHERAM,
AR01RO,Accounts Receivable - set 1 (View),RABATISTA,
AR01RO,Accounts Receivable - set 1 (View),RAKPADAD,
AR01RO,Accounts Receivable - set 1 (View),RCHANNA,
AR01RO,Accounts Receivable - set 1 (View),RDURGADE,
AR01RO,Accounts Receivable - set 1 (View),REATON,
AR01RO,Accounts Receivable - set 1 (View),RHINONG,
AR01RO,Accounts Receivable - set 1 (View),RHOLSTAD,
AR01RO,Accounts Receivable - set 1 (View),RJADHAV,
AR01RO,Accounts Receivable - set 1 (View),RJAMES,
AR01RO,Accounts Receivable - set 1 (View),RLIANG,
AR01RO,Accounts Receivable - set 1 (View),RTATUM,
AR01RO,Accounts Receivable - set 1 (View),SCONROY,
AR01RO,Accounts Receivable - set 1 (View),SENGER,
AR01RO,Accounts Receivable - set 1 (View),SGANDHIR,
AR01RO,Accounts Receivable - set 1 (View),SGOWDA,
AR01RO,Accounts Receivable - set 1 (View),SJOHNY,
AR01RO,Accounts Receivable - set 1 (View),SKONING,
AR01RO,Accounts Receivable - set 1 (View),SLENGHE,
AR01RO,Accounts Receivable - set 1 (View),SLOUIE,
AR01RO,Accounts Receivable - set 1 (View),SMACHLIK,
AR01RO,Accounts Receivable - set 1 (View),SMARQUES,
AR01RO,Accounts Receivable - set 1 (View),SNPAWAR,
AR01RO,Accounts Receivable - set 1 (View),SOSLAND,
AR01RO,Accounts Receivable - set 1 (View),SPATIL,
AR01RO,Accounts Receivable - set 1 (View),SSEKHON,
AR01RO,Accounts Receivable - set 1 (View),STCOLLIN,
AR01RO,Accounts Receivable - set 1 (View),STEIXEIR,
AR01RO,Accounts Receivable - set 1 (View),SUJOSHI,
AR01RO,Accounts Receivable - set 1 (View),TBROUWER,
AR01RO,Accounts Receivable - set 1 (View),TBURROUG,
AR01RO,Accounts Receivable - set 1 (View),TCOSTA,
AR01RO,Accounts Receivable - set 1 (View),THJAKOBSEN,
AR01RO,Accounts Receivable - set 1 (View),TVILLARD,
AR01RO,Accounts Receivable - set 1 (View),VASOUZA,
AR01RO,Accounts Receivable - set 1 (View),VGRIMSLI,
AR01RO,Accounts Receivable - set 1 (View),VISILVA,
AR01RO,Accounts Receivable - set 1 (View),VJADHAV,
AR01RO,Accounts Receivable - set 1 (View),VLAW,
AR01RO,Accounts Receivable - set 1 (View),VMORAES,
AR01RO,Accounts Receivable - set 1 (View),VMUDGAL,
AR01RO,Accounts Receivable - set 1 (View),VREITAN,
AR01RO,Accounts Receivable - set 1 (View),VSATPUTE,
AR01RO,Accounts Receivable - set 1 (View),YJADHAV,
AR01RO,Accounts Receivable - set 1 (View),YWAYKAR,
AR01RW,Accounts Receivable - set 1 (Maintain),ABALDONADO,
AR01RW,Accounts Receivable - set 1 (Maintain),ABRYLINS,
AR01RW,Accounts Receivable - set 1 (Maintain),ADATKHIL,
AR01RW,Accounts Receivable - set 1 (Maintain),ADUBEY,
AR01RW,Accounts Receivable - set 1 (Maintain),AHUDANI,
AR01RW,Accounts Receivable - set 1 (Maintain),AKAZI,
AR01RW,Accounts Receivable - set 1 (Maintain),AKHAKIMO,
AR01RW,Accounts Receivable - set 1 (Maintain),AKORDE,
AR01RW,Accounts Receivable - set 1 (Maintain),AKOT,
AR01RW,Accounts Receivable - set 1 (Maintain),AKUDEKAR,
AR01RW,Accounts Receivable - set 1 (Maintain),ANSOUZA,
AR01RW,Accounts Receivable - set 1 (Maintain),AREWERA,
AR01RW,Accounts Receivable - set 1 (Maintain),ASARTAPE,
AR01RW,Accounts Receivable - set 1 (Maintain),ASUMAIYA,
AR01RW,Accounts Receivable - set 1 (Maintain),ASZUBERL,
AR01RW,Accounts Receivable - set 1 (Maintain),BEHESS,
AR01RW,Accounts Receivable - set 1 (Maintain),BSTUSIK,
AR01RW,Accounts Receivable - set 1 (Maintain),CCRUMP,
AR01RW,Accounts Receivable - set 1 (Maintain),CMONTILL,
AR01RW,Accounts Receivable - set 1 (Maintain),DANMACLEAN,
AR01RW,Accounts Receivable - set 1 (Maintain),DAWALKER,
AR01RW,Accounts Receivable - set 1 (Maintain),DDALVI,
AR01RW,Accounts Receivable - set 1 (Maintain),DDVALVI,
AR01RW,Accounts Receivable - set 1 (Maintain),DGLENNIE,
AR01RW,Accounts Receivable - set 1 (Maintain),DGUASTAL,
AR01RW,Accounts Receivable - set 1 (Maintain),DHALYS,
AR01RW,Accounts Receivable - set 1 (Maintain),DLOS,
AR01RW,Accounts Receivable - set 1 (Maintain),DNEWLAND,
AR01RW,Accounts Receivable - set 1 (Maintain),DWU,
AR01RW,Accounts Receivable - set 1 (Maintain),DYYANG,
AR01RW,Accounts Receivable - set 1 (Maintain),EFORTUS,
AR01RW,Accounts Receivable - set 1 (Maintain),EHERVIK,
AR01RW,Accounts Receivable - set 1 (Maintain),EICAMPBE,
AR01RW,Accounts Receivable - set 1 (Maintain),EMITCHELL,
AR01RW,Accounts Receivable - set 1 (Maintain),FDATHEST,
AR01RW,Accounts Receivable - set 1 (Maintain),FNGAN,
AR01RW,Accounts Receivable - set 1 (Maintain),GSCHREUD,
AR01RW,Accounts Receivable - set 1 (Maintain),HPARMAR,
AR01RW,Accounts Receivable - set 1 (Maintain),HPATIL,
AR01RW,Accounts Receivable - set 1 (Maintain),IVESELOVSK,
AR01RW,Accounts Receivable - set 1 (Maintain),JECOOPER,
AR01RW,Accounts Receivable - set 1 (Maintain),JFOK,
AR01RW,Accounts Receivable - set 1 (Maintain),JGUDMESTAD,
AR01RW,Accounts Receivable - set 1 (Maintain),JKOBYLIN,
AR01RW,Accounts Receivable - set 1 (Maintain),JKUPCZAK,
AR01RW,Accounts Receivable - set 1 (Maintain),JOLIN,
AR01RW,Accounts Receivable - set 1 (Maintain),JTENGBER,
AR01RW,Accounts Receivable - set 1 (Maintain),KASTEWAR,
AR01RW,Accounts Receivable - set 1 (Maintain),KGAWANDE,
AR01RW,Accounts Receivable - set 1 (Maintain),KHENDZEL,
AR01RW,Accounts Receivable - set 1 (Maintain),KJANTOSZ,
AR01RW,Accounts Receivable - set 1 (Maintain),KMACDONA,
AR01RW,Accounts Receivable - set 1 (Maintain),KRIDA,
AR01RW,Accounts Receivable - set 1 (Maintain),KULTRA,
AR01RW,Accounts Receivable - set 1 (Maintain),KWONG,
AR01RW,Accounts Receivable - set 1 (Maintain),LDICKSON,
AR01RW,Accounts Receivable - set 1 (Maintain),LDUNCAN,
AR01RW,Accounts Receivable - set 1 (Maintain),LXIE,
AR01RW,Accounts Receivable - set 1 (Maintain),MAJONES,
AR01RW,Accounts Receivable - set 1 (Maintain),MBALAS,
AR01RW,Accounts Receivable - set 1 (Maintain),MCHOI,
AR01RW,Accounts Receivable - set 1 (Maintain),MDAYAPER,
AR01RW,Accounts Receivable - set 1 (Maintain),MDEAN,
AR01RW,Accounts Receivable - set 1 (Maintain),MHIZONA,
AR01RW,Accounts Receivable - set 1 (Maintain),MKEPA,
AR01RW,Accounts Receivable - set 1 (Maintain),MKIM,
AR01RW,Accounts Receivable - set 1 (Maintain),MRAMOS,
AR01RW,Accounts Receivable - set 1 (Maintain),NBADRINA,
AR01RW,Accounts Receivable - set 1 (Maintain),NBONIFACIO,
AR01RW,Accounts Receivable - set 1 (Maintain),NKATHE,
AR01RW,Accounts Receivable - set 1 (Maintain),NNUGRHA,
AR01RW,Accounts Receivable - set 1 (Maintain),NPARK,
AR01RW,Accounts Receivable - set 1 (Maintain),NVROON,
AR01RW,Accounts Receivable - set 1 (Maintain),ODANGMAL,
AR01RW,Accounts Receivable - set 1 (Maintain),OMULIK,
AR01RW,Accounts Receivable - set 1 (Maintain),PANDERSON,
AR01RW,Accounts Receivable - set 1 (Maintain),PGUASTAL,
AR01RW,Accounts Receivable - set 1 (Maintain),PKHONGPAN,
AR01RW,Accounts Receivable - set 1 (Maintain),PREN,
AR01RW,Accounts Receivable - set 1 (Maintain),PSMITHERAM,
AR01RW,Accounts Receivable - set 1 (Maintain),RAKPADAD,
AR01RW,Accounts Receivable - set 1 (Maintain),RCHANNA,
AR01RW,Accounts Receivable - set 1 (Maintain),RDURGADE,
AR01RW,Accounts Receivable - set 1 (Maintain),RHINONG,
AR01RW,Accounts Receivable - set 1 (Maintain),RJADHAV,
AR01RW,Accounts Receivable - set 1 (Maintain),RJAMES,
AR01RW,Accounts Receivable - set 1 (Maintain),RLIANG,
AR01RW,Accounts Receivable - set 1 (Maintain),RSANPEDRO,
AR01RW,Accounts Receivable - set 1 (Maintain),SCONROY,
AR01RW,Accounts Receivable - set 1 (Maintain),SGOWDA,
AR01RW,Accounts Receivable - set 1 (Maintain),SJOHNY,
AR01RW,Accounts Receivable - set 1 (Maintain),SKALASAP,
AR01RW,Accounts Receivable - set 1 (Maintain),SKONING,
AR01RW,Accounts Receivable - set 1 (Maintain),SLENGHE,
AR01RW,Accounts Receivable - set 1 (Maintain),SMACHLIK,
AR01RW,Accounts Receivable - set 1 (Maintain),SMARQUES,
AR01RW,Accounts Receivable - set 1 (Maintain),SNPAWAR,
AR01RW,Accounts Receivable - set 1 (Maintain),SPATIL,
AR01RW,Accounts Receivable - set 1 (Maintain),SPAWAR,
AR01RW,Accounts Receivable - set 1 (Maintain),SRANGARAJA,
AR01RW,Accounts Receivable - set 1 (Maintain),SSEKHON,
AR01RW,Accounts Receivable - set 1 (Maintain),SSHINDE,
AR01RW,Accounts Receivable - set 1 (Maintain),STCOLLIN,
AR01RW,Accounts Receivable - set 1 (Maintain),SUJOSHI,
AR01RW,Accounts Receivable - set 1 (Maintain),TBROUWER,
AR01RW,Accounts Receivable - set 1 (Maintain),TCOSTA,
AR01RW,Accounts Receivable - set 1 (Maintain),TVILLARD,
AR01RW,Accounts Receivable - set 1 (Maintain),UPATIL,
AR01RW,Accounts Receivable - set 1 (Maintain),VASOUZA,
AR01RW,Accounts Receivable - set 1 (Maintain),VGRIMSLI,
AR01RW,Accounts Receivable - set 1 (Maintain),VJADHAV,
AR01RW,Accounts Receivable - set 1 (Maintain),VMORAES,
AR01RW,Accounts Receivable - set 1 (Maintain),VMUDGAL,
AR01RW,Accounts Receivable - set 1 (Maintain),VREITAN,
AR01RW,Accounts Receivable - set 1 (Maintain),VSATPUTE,
AR01RW,Accounts Receivable - set 1 (Maintain),VVENUGOP,
AR01RW,Accounts Receivable - set 1 (Maintain),WROWLES,
AR01RW,Accounts Receivable - set 1 (Maintain),YJADHAV,
AR01RW,Accounts Receivable - set 1 (Maintain),YWAYKAR,
AR01RW,Accounts Receivable - set 1 (Maintain),ZHAYATH,
AR02RO,Accounts Receivable - set 2 (View),ABRYLINS,
AR02RO,Accounts Receivable - set 2 (View),ADUBEY,
AR02RO,Accounts Receivable - set 2 (View),AHUDANI,
AR02RO,Accounts Receivable - set 2 (View),AKANDWAL,
AR02RO,Accounts Receivable - set 2 (View),AKAZI,
AR02RO,Accounts Receivable - set 2 (View),AKHAKIMO,
AR02RO,Accounts Receivable - set 2 (View),AKORDE,
AR02RO,Accounts Receivable - set 2 (View),AKOT,
AR02RO,Accounts Receivable - set 2 (View),AKUDEKAR,
AR02RO,Accounts Receivable - set 2 (View),AREWERA,
AR02RO,Accounts Receivable - set 2 (View),ASOUZA,
AR02RO,Accounts Receivable - set 2 (View),ASTAYLOR,
AR02RO,Accounts Receivable - set 2 (View),BARK,
AR02RO,Accounts Receivable - set 2 (View),BCAR,
AR02RO,Accounts Receivable - set 2 (View),BEHESS,
AR02RO,Accounts Receivable - set 2 (View),BKISCH,
AR02RO,Accounts Receivable - set 2 (View),BSILVA,
AR02RO,Accounts Receivable - set 2 (View),BSTUSIK,
AR02RO,Accounts Receivable - set 2 (View),BTERSTEGE,
AR02RO,Accounts Receivable - set 2 (View),CCRUMP,
AR02RO,Accounts Receivable - set 2 (View),CMONTILL,
AR02RO,Accounts Receivable - set 2 (View),CTHOM,
AR02RO,Accounts Receivable - set 2 (View),CWASKEY,
AR02RO,Accounts Receivable - set 2 (View),DAWALKER,
AR02RO,Accounts Receivable - set 2 (View),DDALVI,
AR02RO,Accounts Receivable - set 2 (View),DDVALVI,
AR02RO,Accounts Receivable - set 2 (View),DGLENNIE,
AR02RO,Accounts Receivable - set 2 (View),DHALYS,
AR02RO,Accounts Receivable - set 2 (View),DLOS,
AR02RO,Accounts Receivable - set 2 (View),DNEWLAND,
AR02RO,Accounts Receivable - set 2 (View),DYYANG,
AR02RO,Accounts Receivable - set 2 (View),EFORTUS,
AR02RO,Accounts Receivable - set 2 (View),EFRANCO,
AR02RO,Accounts Receivable - set 2 (View),EHERVIK,
AR02RO,Accounts Receivable - set 2 (View),EICAMPBE,
AR02RO,Accounts Receivable - set 2 (View),EKRISTVI,
AR02RO,Accounts Receivable - set 2 (View),EMITCHELL,
AR02RO,Accounts Receivable - set 2 (View),ESOREIDE,
AR02RO,Accounts Receivable - set 2 (View),FNGAN,
AR02RO,Accounts Receivable - set 2 (View),GIJUNIOR,
AR02RO,Accounts Receivable - set 2 (View),GSCHREUD,
AR02RO,Accounts Receivable - set 2 (View),HPARMAR,
AR02RO,Accounts Receivable - set 2 (View),HPATIL,
AR02RO,Accounts Receivable - set 2 (View),IVESELOVSK,
AR02RO,Accounts Receivable - set 2 (View),JALEE,
AR02RO,Accounts Receivable - set 2 (View),JECOOPER,
AR02RO,Accounts Receivable - set 2 (View),JGUDMESTAD,
AR02RO,Accounts Receivable - set 2 (View),JKOBYLIN,
AR02RO,Accounts Receivable - set 2 (View),JKUPCZAK,
AR02RO,Accounts Receivable - set 2 (View),JLADIPAO,
AR02RO,Accounts Receivable - set 2 (View),JRUSSELL,
AR02RO,Accounts Receivable - set 2 (View),JSANTOS,
AR02RO,Accounts Receivable - set 2 (View),KASANTOS,
AR02RO,Accounts Receivable - set 2 (View),KASTEWAR,
AR02RO,Accounts Receivable - set 2 (View),KGAWANDE,
AR02RO,Accounts Receivable - set 2 (View),KHENDZEL,
AR02RO,Accounts Receivable - set 2 (View),KJANTOSZ,
AR02RO,Accounts Receivable - set 2 (View),KLI,
AR02RO,Accounts Receivable - set 2 (View),KMACDONA,
AR02RO,Accounts Receivable - set 2 (View),KNATTERO,
AR02RO,Accounts Receivable - set 2 (View),KRIDA,
AR02RO,Accounts Receivable - set 2 (View),KRISPAGE,
AR02RO,Accounts Receivable - set 2 (View),KULTRA,
AR02RO,Accounts Receivable - set 2 (View),KWONG,
AR02RO,Accounts Receivable - set 2 (View),LBRANDAO,
AR02RO,Accounts Receivable - set 2 (View),LCHHABRA,
AR02RO,Accounts Receivable - set 2 (View),LDICKSON,
AR02RO,Accounts Receivable - set 2 (View),LDUNCAN,
AR02RO,Accounts Receivable - set 2 (View),LVELINCA,
AR02RO,Accounts Receivable - set 2 (View),LXIE,
AR02RO,Accounts Receivable - set 2 (View),MAGILL,
AR02RO,Accounts Receivable - set 2 (View),MAJONES,
AR02RO,Accounts Receivable - set 2 (View),MBALAS,
AR02RO,Accounts Receivable - set 2 (View),MCHOI,
AR02RO,Accounts Receivable - set 2 (View),MDAYAPER,
AR02RO,Accounts Receivable - set 2 (View),MDEAN,
AR02RO,Accounts Receivable - set 2 (View),MHIZONA,
AR02RO,Accounts Receivable - set 2 (View),MISOTO,
AR02RO,Accounts Receivable - set 2 (View),MJOHANNE,
AR02RO,Accounts Receivable - set 2 (View),MKEPA,
AR02RO,Accounts Receivable - set 2 (View),NBONIFACIO,
AR02RO,Accounts Receivable - set 2 (View),NKATHE,
AR02RO,Accounts Receivable - set 2 (View),NNUGRHA,
AR02RO,Accounts Receivable - set 2 (View),NPARK,
AR02RO,Accounts Receivable - set 2 (View),NROSS,
AR02RO,Accounts Receivable - set 2 (View),NVROON,
AR02RO,Accounts Receivable - set 2 (View),ODANGMAL,
AR02RO,Accounts Receivable - set 2 (View),OMULIK,
AR02RO,Accounts Receivable - set 2 (View),OOKUESO,
AR02RO,Accounts Receivable - set 2 (View),PKHONGPAN,
AR02RO,Accounts Receivable - set 2 (View),PLINGEN,
AR02RO,Accounts Receivable - set 2 (View),PPRESSLI,
AR02RO,Accounts Receivable - set 2 (View),PREN,
AR02RO,Accounts Receivable - set 2 (View),PSMITHERAM,
AR02RO,Accounts Receivable - set 2 (View),RABATISTA,
AR02RO,Accounts Receivable - set 2 (View),RAKPADAD,
AR02RO,Accounts Receivable - set 2 (View),RCHANNA,
AR02RO,Accounts Receivable - set 2 (View),RDURGADE,
AR02RO,Accounts Receivable - set 2 (View),REATON,
AR02RO,Accounts Receivable - set 2 (View),RHINONG,
AR02RO,Accounts Receivable - set 2 (View),RHOLSTAD,
AR02RO,Accounts Receivable - set 2 (View),RJADHAV,
AR02RO,Accounts Receivable - set 2 (View),RJAMES,
AR02RO,Accounts Receivable - set 2 (View),RLIANG,
AR02RO,Accounts Receivable - set 2 (View),RTATUM,
AR02RO,Accounts Receivable - set 2 (View),SCONROY,
AR02RO,Accounts Receivable - set 2 (View),SENGER,
AR02RO,Accounts Receivable - set 2 (View),SGANDHIR,
AR02RO,Accounts Receivable - set 2 (View),SGOWDA,
AR02RO,Accounts Receivable - set 2 (View),SJOHNY,
AR02RO,Accounts Receivable - set 2 (View),SKONING,
AR02RO,Accounts Receivable - set 2 (View),SLENGHE,
AR02RO,Accounts Receivable - set 2 (View),SLOUIE,
AR02RO,Accounts Receivable - set 2 (View),SMACHLIK,
AR02RO,Accounts Receivable - set 2 (View),SMARQUES,
AR02RO,Accounts Receivable - set 2 (View),SNPAWAR,
AR02RO,Accounts Receivable - set 2 (View),SOSLAND,
AR02RO,Accounts Receivable - set 2 (View),SPATIL,
AR02RO,Accounts Receivable - set 2 (View),SSEKHON,
AR02RO,Accounts Receivable - set 2 (View),STCOLLIN,
AR02RO,Accounts Receivable - set 2 (View),STEIXEIR,
AR02RO,Accounts Receivable - set 2 (View),SUJOSHI,
AR02RO,Accounts Receivable - set 2 (View),TBROUWER,
AR02RO,Accounts Receivable - set 2 (View),TBURROUG,
AR02RO,Accounts Receivable - set 2 (View),TCOSTA,
AR02RO,Accounts Receivable - set 2 (View),THJAKOBSEN,
AR02RO,Accounts Receivable - set 2 (View),TVILLARD,
AR02RO,Accounts Receivable - set 2 (View),VASOUZA,
AR02RO,Accounts Receivable - set 2 (View),VGRIMSLI,
AR02RO,Accounts Receivable - set 2 (View),VISILVA,
AR02RO,Accounts Receivable - set 2 (View),VJADHAV,
AR02RO,Accounts Receivable - set 2 (View),VLAW,
AR02RO,Accounts Receivable - set 2 (View),VMORAES,
AR02RO,Accounts Receivable - set 2 (View),VMUDGAL,
AR02RO,Accounts Receivable - set 2 (View),VREITAN,
AR02RO,Accounts Receivable - set 2 (View),VSATPUTE,
AR02RO,Accounts Receivable - set 2 (View),YJADHAV,
AR02RO,Accounts Receivable - set 2 (View),YWAYKAR,
AR02RW,Accounts Receivable - set 2 (Maintain),ABALDONADO,
AR02RW,Accounts Receivable - set 2 (Maintain),ABRYLINS,
AR02RW,Accounts Receivable - set 2 (Maintain),ADATKHIL,
AR02RW,Accounts Receivable - set 2 (Maintain),ADUBEY,
AR02RW,Accounts Receivable - set 2 (Maintain),AHUDANI,
AR02RW,Accounts Receivable - set 2 (Maintain),AKAZI,
AR02RW,Accounts Receivable - set 2 (Maintain),AKHAKIMO,
AR02RW,Accounts Receivable - set 2 (Maintain),AKORDE,
AR02RW,Accounts Receivable - set 2 (Maintain),AKOT,
AR02RW,Accounts Receivable - set 2 (Maintain),AKUDEKAR,
AR02RW,Accounts Receivable - set 2 (Maintain),AREWERA,
AR02RW,Accounts Receivable - set 2 (Maintain),ASARTAPE,
AR02RW,Accounts Receivable - set 2 (Maintain),ASOUZA,
AR02RW,Accounts Receivable - set 2 (Maintain),ASUMAIYA,
AR02RW,Accounts Receivable - set 2 (Maintain),ASZUBERL,
AR02RW,Accounts Receivable - set 2 (Maintain),BEHESS,
AR02RW,Accounts Receivable - set 2 (Maintain),BSILVA,
AR02RW,Accounts Receivable - set 2 (Maintain),BSTUSIK,
AR02RW,Accounts Receivable - set 2 (Maintain),CCRUMP,
AR02RW,Accounts Receivable - set 2 (Maintain),CMONTILL,
AR02RW,Accounts Receivable - set 2 (Maintain),DANMACLEAN,
AR02RW,Accounts Receivable - set 2 (Maintain),DAWALKER,
AR02RW,Accounts Receivable - set 2 (Maintain),DDALVI,
AR02RW,Accounts Receivable - set 2 (Maintain),DDVALVI,
AR02RW,Accounts Receivable - set 2 (Maintain),DGLENNIE,
AR02RW,Accounts Receivable - set 2 (Maintain),DGUASTAL,
AR02RW,Accounts Receivable - set 2 (Maintain),DHALYS,
AR02RW,Accounts Receivable - set 2 (Maintain),DLOS,
AR02RW,Accounts Receivable - set 2 (Maintain),DNEWLAND,
AR02RW,Accounts Receivable - set 2 (Maintain),DWU,
AR02RW,Accounts Receivable - set 2 (Maintain),DYYANG,
AR02RW,Accounts Receivable - set 2 (Maintain),EFORTUS,
AR02RW,Accounts Receivable - set 2 (Maintain),EFRANCO,
AR02RW,Accounts Receivable - set 2 (Maintain),EHERVIK,
AR02RW,Accounts Receivable - set 2 (Maintain),EICAMPBE,
AR02RW,Accounts Receivable - set 2 (Maintain),EMITCHELL,
AR02RW,Accounts Receivable - set 2 (Maintain),FNGAN,
AR02RW,Accounts Receivable - set 2 (Maintain),GSCHREUD,
AR02RW,Accounts Receivable - set 2 (Maintain),HPARMAR,
AR02RW,Accounts Receivable - set 2 (Maintain),HPATIL,
AR02RW,Accounts Receivable - set 2 (Maintain),IVESELOVSK,
AR02RW,Accounts Receivable - set 2 (Maintain),JECOOPER,
AR02RW,Accounts Receivable - set 2 (Maintain),JFOK,
AR02RW,Accounts Receivable - set 2 (Maintain),JGUDMESTAD,
AR02RW,Accounts Receivable - set 2 (Maintain),JKOBYLIN,
AR02RW,Accounts Receivable - set 2 (Maintain),JKUPCZAK,
AR02RW,Accounts Receivable - set 2 (Maintain),JOLIN,
AR02RW,Accounts Receivable - set 2 (Maintain),JSANTOS,
AR02RW,Accounts Receivable - set 2 (Maintain),JTENGBER,
AR02RW,Accounts Receivable - set 2 (Maintain),KASANTOS,
AR02RW,Accounts Receivable - set 2 (Maintain),KASTEWAR,
AR02RW,Accounts Receivable - set 2 (Maintain),KGAWANDE,
AR02RW,Accounts Receivable - set 2 (Maintain),KHENDZEL,
AR02RW,Accounts Receivable - set 2 (Maintain),KJANTOSZ,
AR02RW,Accounts Receivable - set 2 (Maintain),KMACDONA,
AR02RW,Accounts Receivable - set 2 (Maintain),KULTRA,
AR02RW,Accounts Receivable - set 2 (Maintain),KWONG,
AR02RW,Accounts Receivable - set 2 (Maintain),LBRANDAO,
AR02RW,Accounts Receivable - set 2 (Maintain),LDICKSON,
AR02RW,Accounts Receivable - set 2 (Maintain),LDUNCAN,
AR02RW,Accounts Receivable - set 2 (Maintain),LXIE,
AR02RW,Accounts Receivable - set 2 (Maintain),MAJONES,
AR02RW,Accounts Receivable - set 2 (Maintain),MBALAS,
AR02RW,Accounts Receivable - set 2 (Maintain),MCHOI,
AR02RW,Accounts Receivable - set 2 (Maintain),MDAYAPER,
AR02RW,Accounts Receivable - set 2 (Maintain),MDEAN,
AR02RW,Accounts Receivable - set 2 (Maintain),MHIZONA,
AR02RW,Accounts Receivable - set 2 (Maintain),MKEPA,
AR02RW,Accounts Receivable - set 2 (Maintain),MKIM,
AR02RW,Accounts Receivable - set 2 (Maintain),MRAMOS,
AR02RW,Accounts Receivable - set 2 (Maintain),NBADRINA,
AR02RW,Accounts Receivable - set 2 (Maintain),NBONIFACIO,
AR02RW,Accounts Receivable - set 2 (Maintain),NKATHE,
AR02RW,Accounts Receivable - set 2 (Maintain),NNUGRHA,
AR02RW,Accounts Receivable - set 2 (Maintain),NPARK,
AR02RW,Accounts Receivable - set 2 (Maintain),NVROON,
AR02RW,Accounts Receivable - set 2 (Maintain),ODANGMAL,
AR02RW,Accounts Receivable - set 2 (Maintain),OMULIK,
AR02RW,Accounts Receivable - set 2 (Maintain),PANDERSON,
AR02RW,Accounts Receivable - set 2 (Maintain),PGUASTAL,
AR02RW,Accounts Receivable - set 2 (Maintain),PKHONGPAN,
AR02RW,Accounts Receivable - set 2 (Maintain),PREN,
AR02RW,Accounts Receivable - set 2 (Maintain),PSMITHERAM,
AR02RW,Accounts Receivable - set 2 (Maintain),RAKPADAD,
AR02RW,Accounts Receivable - set 2 (Maintain),RCHANNA,
AR02RW,Accounts Receivable - set 2 (Maintain),RDURGADE,
AR02RW,Accounts Receivable - set 2 (Maintain),RHINONG,
AR02RW,Accounts Receivable - set 2 (Maintain),RJADHAV,
AR02RW,Accounts Receivable - set 2 (Maintain),RJAMES,
AR02RW,Accounts Receivable - set 2 (Maintain),RLIANG,
AR02RW,Accounts Receivable - set 2 (Maintain),RSANPEDRO,
AR02RW,Accounts Receivable - set 2 (Maintain),SCONROY,
AR02RW,Accounts Receivable - set 2 (Maintain),SGOWDA,
AR02RW,Accounts Receivable - set 2 (Maintain),SJOHNY,
AR02RW,Accounts Receivable - set 2 (Maintain),SKALASAP,
AR02RW,Accounts Receivable - set 2 (Maintain),SKONING,
AR02RW,Accounts Receivable - set 2 (Maintain),SLENGHE,
AR02RW,Accounts Receivable - set 2 (Maintain),SMACHLIK,
AR02RW,Accounts Receivable - set 2 (Maintain),SMARQUES,
AR02RW,Accounts Receivable - set 2 (Maintain),SNPAWAR,
AR02RW,Accounts Receivable - set 2 (Maintain),SPATIL,
AR02RW,Accounts Receivable - set 2 (Maintain),SPAWAR,
AR02RW,Accounts Receivable - set 2 (Maintain),SRANGARAJA,
AR02RW,Accounts Receivable - set 2 (Maintain),SSEKHON,
AR02RW,Accounts Receivable - set 2 (Maintain),SSHINDE,
AR02RW,Accounts Receivable - set 2 (Maintain),STCOLLIN,
AR02RW,Accounts Receivable - set 2 (Maintain),STEIXEIR,
AR02RW,Accounts Receivable - set 2 (Maintain),SUJOSHI,
AR02RW,Accounts Receivable - set 2 (Maintain),TBROUWER,
AR02RW,Accounts Receivable - set 2 (Maintain),TCOSTA,
AR02RW,Accounts Receivable - set 2 (Maintain),UPATIL,
AR02RW,Accounts Receivable - set 2 (Maintain),VASOUZA,
AR02RW,Accounts Receivable - set 2 (Maintain),VGRIMSLI,
AR02RW,Accounts Receivable - set 2 (Maintain),VISILVA,
AR02RW,Accounts Receivable - set 2 (Maintain),VJADHAV,
AR02RW,Accounts Receivable - set 2 (Maintain),VMORAES,
AR02RW,Accounts Receivable - set 2 (Maintain),VMUDGAL,
AR02RW,Accounts Receivable - set 2 (Maintain),VREITAN,
AR02RW,Accounts Receivable - set 2 (Maintain),VSATPUTE,
AR02RW,Accounts Receivable - set 2 (Maintain),VVENUGOP,
AR02RW,Accounts Receivable - set 2 (Maintain),WROWLES,
AR02RW,Accounts Receivable - set 2 (Maintain),YJADHAV,
AR02RW,Accounts Receivable - set 2 (Maintain),YWAYKAR,
AR02RW,Accounts Receivable - set 2 (Maintain),ZHAYATH,
AR03RO,Accounts Receivable - set 3 (View),AHUDANI,
AR03RO,Accounts Receivable - set 3 (View),AKANDWAL,
AR03RO,Accounts Receivable - set 3 (View),AKHAKIMO,
AR03RO,Accounts Receivable - set 3 (View),ASTAYLOR,
AR03RO,Accounts Receivable - set 3 (View),BARK,
AR03RO,Accounts Receivable - set 3 (View),BCAR,
AR03RO,Accounts Receivable - set 3 (View),BEHESS,
AR03RO,Accounts Receivable - set 3 (View),BKISCH,
AR03RO,Accounts Receivable - set 3 (View),BTERSTEGE,
AR03RO,Accounts Receivable - set 3 (View),CMONTILL,
AR03RO,Accounts Receivable - set 3 (View),CTHOM,
AR03RO,Accounts Receivable - set 3 (View),CWASKEY,
AR03RO,Accounts Receivable - set 3 (View),DAWALKER,
AR03RO,Accounts Receivable - set 3 (View),DGLENNIE,
AR03RO,Accounts Receivable - set 3 (View),DYYANG,
AR03RO,Accounts Receivable - set 3 (View),EFORTUS,
AR03RO,Accounts Receivable - set 3 (View),EHERVIK,
AR03RO,Accounts Receivable - set 3 (View),EICAMPBE,
AR03RO,Accounts Receivable - set 3 (View),FNGAN,
AR03RO,Accounts Receivable - set 3 (View),HPARMAR,
AR03RO,Accounts Receivable - set 3 (View),IVESELOVSK,
AR03RO,Accounts Receivable - set 3 (View),JALEE,
AR03RO,Accounts Receivable - set 3 (View),JGUDMESTAD,
AR03RO,Accounts Receivable - set 3 (View),JLADIPAO,
AR03RO,Accounts Receivable - set 3 (View),JRUSSELL,
AR03RO,Accounts Receivable - set 3 (View),KASTEWAR,
AR03RO,Accounts Receivable - set 3 (View),KLI,
AR03RO,Accounts Receivable - set 3 (View),KNATTERO,
AR03RO,Accounts Receivable - set 3 (View),KRIDA,
AR03RO,Accounts Receivable - set 3 (View),KRISPAGE,
AR03RO,Accounts Receivable - set 3 (View),KWONG,
AR03RO,Accounts Receivable - set 3 (View),LCHHABRA,
AR03RO,Accounts Receivable - set 3 (View),LDICKSON,
AR03RO,Accounts Receivable - set 3 (View),LXIE,
AR03RO,Accounts Receivable - set 3 (View),MAGILL,
AR03RO,Accounts Receivable - set 3 (View),MBALAS,
AR03RO,Accounts Receivable - set 3 (View),MCHOI,
AR03RO,Accounts Receivable - set 3 (View),MDAYAPER,
AR03RO,Accounts Receivable - set 3 (View),MDEAN,
AR03RO,Accounts Receivable - set 3 (View),MHIZONA,
AR03RO,Accounts Receivable - set 3 (View),MISOTO,
AR03RO,Accounts Receivable - set 3 (View),MJOHANNE,
AR03RO,Accounts Receivable - set 3 (View),NBONIFACIO,
AR03RO,Accounts Receivable - set 3 (View),NNUGRHA,
AR03RO,Accounts Receivable - set 3 (View),NPARK,
AR03RO,Accounts Receivable - set 3 (View),NROSS,
AR03RO,Accounts Receivable - set 3 (View),OOKUESO,
AR03RO,Accounts Receivable - set 3 (View),PKHONGPAN,
AR03RO,Accounts Receivable - set 3 (View),PLINGEN,
AR03RO,Accounts Receivable - set 3 (View),PPRESSLI,
AR03RO,Accounts Receivable - set 3 (View),PREN,
AR03RO,Accounts Receivable - set 3 (View),PSMITHERAM,
AR03RO,Accounts Receivable - set 3 (View),RABATISTA,
AR03RO,Accounts Receivable - set 3 (View),REATON,
AR03RO,Accounts Receivable - set 3 (View),RHINONG,
AR03RO,Accounts Receivable - set 3 (View),RHOLSTAD,
AR03RO,Accounts Receivable - set 3 (View),RJAMES,
AR03RO,Accounts Receivable - set 3 (View),RLIANG,
AR03RO,Accounts Receivable - set 3 (View),RTATUM,
AR03RO,Accounts Receivable - set 3 (View),SENGER,
AR03RO,Accounts Receivable - set 3 (View),SGANDHIR,
AR03RO,Accounts Receivable - set 3 (View),SLOUIE,
AR03RO,Accounts Receivable - set 3 (View),SMACHLIK,
AR03RO,Accounts Receivable - set 3 (View),SMARQUES,
AR03RO,Accounts Receivable - set 3 (View),SOSLAND,
AR03RO,Accounts Receivable - set 3 (View),SSEKHON,
AR03RO,Accounts Receivable - set 3 (View),STCOLLIN,
AR03RO,Accounts Receivable - set 3 (View),TBURROUG,
AR03RO,Accounts Receivable - set 3 (View),TCOSTA,
AR03RO,Accounts Receivable - set 3 (View),THJAKOBSEN,
AR03RO,Accounts Receivable - set 3 (View),TVILLARD,
AR03RO,Accounts Receivable - set 3 (View),VASOUZA,
AR03RO,Accounts Receivable - set 3 (View),VGRIMSLI,
AR03RO,Accounts Receivable - set 3 (View),VLAW,
AR03RO,Accounts Receivable - set 3 (View),VMORAES,
AR03RO,Accounts Receivable - set 3 (View),VREITAN,
AR03RW,Accounts Receivable - set 3 (Maintain),ABALDONADO,
AR03RW,Accounts Receivable - set 3 (Maintain),ADATKHIL,
AR03RW,Accounts Receivable - set 3 (Maintain),ASARTAPE,
AR03RW,Accounts Receivable - set 3 (Maintain),ASUMAIYA,
AR03RW,Accounts Receivable - set 3 (Maintain),ASZUBERL,
AR03RW,Accounts Receivable - set 3 (Maintain),DANMACLEAN,
AR03RW,Accounts Receivable - set 3 (Maintain),DGUASTAL,
AR03RW,Accounts Receivable - set 3 (Maintain),DWU,
AR03RW,Accounts Receivable - set 3 (Maintain),JFOK,
AR03RW,Accounts Receivable - set 3 (Maintain),JOLIN,
AR03RW,Accounts Receivable - set 3 (Maintain),JTENGBER,
AR03RW,Accounts Receivable - set 3 (Maintain),MKIM,
AR03RW,Accounts Receivable - set 3 (Maintain),MRAMOS,
AR03RW,Accounts Receivable - set 3 (Maintain),NBADRINA,
AR03RW,Accounts Receivable - set 3 (Maintain),PANDERSON,
AR03RW,Accounts Receivable - set 3 (Maintain),PGUASTAL,
AR03RW,Accounts Receivable - set 3 (Maintain),RSANPEDRO,
AR03RW,Accounts Receivable - set 3 (Maintain),SKALASAP,
AR03RW,Accounts Receivable - set 3 (Maintain),SPAWAR,
AR03RW,Accounts Receivable - set 3 (Maintain),SRANGARAJA,
AR03RW,Accounts Receivable - set 3 (Maintain),SSHINDE,
AR03RW,Accounts Receivable - set 3 (Maintain),UPATIL,
AR03RW,Accounts Receivable - set 3 (Maintain),VVENUGOP,
AR03RW,Accounts Receivable - set 3 (Maintain),WROWLES,
AR03RW,Accounts Receivable - set 3 (Maintain),ZHAYATH,
AR04RO,Accounts Receivable - set 4 (View),ABRYLINS,
AR04RO,Accounts Receivable - set 4 (View),ADUBEY,
AR04RO,Accounts Receivable - set 4 (View),AHUDANI,
AR04RO,Accounts Receivable - set 4 (View),AKANDWAL,
AR04RO,Accounts Receivable - set 4 (View),AKAZI,
AR04RO,Accounts Receivable - set 4 (View),AKHAKIMO,
AR04RO,Accounts Receivable - set 4 (View),AKORDE,
AR04RO,Accounts Receivable - set 4 (View),AKOT,
AR04RO,Accounts Receivable - set 4 (View),AKUDEKAR,
AR04RO,Accounts Receivable - set 4 (View),AREWERA,
AR04RO,Accounts Receivable - set 4 (View),ASOUZA,
AR04RO,Accounts Receivable - set 4 (View),ASTAYLOR,
AR04RO,Accounts Receivable - set 4 (View),BARK,
AR04RO,Accounts Receivable - set 4 (View),BCAR,
AR04RO,Accounts Receivable - set 4 (View),BEHESS,
AR04RO,Accounts Receivable - set 4 (View),BKISCH,
AR04RO,Accounts Receivable - set 4 (View),BSILVA,
AR04RO,Accounts Receivable - set 4 (View),BSTUSIK,
AR04RO,Accounts Receivable - set 4 (View),BTERSTEGE,
AR04RO,Accounts Receivable - set 4 (View),CCRUMP,
AR04RO,Accounts Receivable - set 4 (View),CMONTILL,
AR04RO,Accounts Receivable - set 4 (View),CTHOM,
AR04RO,Accounts Receivable - set 4 (View),CWASKEY,
AR04RO,Accounts Receivable - set 4 (View),DAWALKER,
AR04RO,Accounts Receivable - set 4 (View),DDALVI,
AR04RO,Accounts Receivable - set 4 (View),DDVALVI,
AR04RO,Accounts Receivable - set 4 (View),DGLENNIE,
AR04RO,Accounts Receivable - set 4 (View),DHALYS,
AR04RO,Accounts Receivable - set 4 (View),DLOS,
AR04RO,Accounts Receivable - set 4 (View),DNEWLAND,
AR04RO,Accounts Receivable - set 4 (View),DYYANG,
AR04RO,Accounts Receivable - set 4 (View),EFORTUS,
AR04RO,Accounts Receivable - set 4 (View),EFRANCO,
AR04RO,Accounts Receivable - set 4 (View),EHERVIK,
AR04RO,Accounts Receivable - set 4 (View),EICAMPBE,
AR04RO,Accounts Receivable - set 4 (View),EKRISTVI,
AR04RO,Accounts Receivable - set 4 (View),EMITCHELL,
AR04RO,Accounts Receivable - set 4 (View),ESOREIDE,
AR04RO,Accounts Receivable - set 4 (View),FNGAN,
AR04RO,Accounts Receivable - set 4 (View),GIJUNIOR,
AR04RO,Accounts Receivable - set 4 (View),GSCHREUD,
AR04RO,Accounts Receivable - set 4 (View),HPARMAR,
AR04RO,Accounts Receivable - set 4 (View),HPATIL,
AR04RO,Accounts Receivable - set 4 (View),IVESELOVSK,
AR04RO,Accounts Receivable - set 4 (View),JALEE,
AR04RO,Accounts Receivable - set 4 (View),JECOOPER,
AR04RO,Accounts Receivable - set 4 (View),JGUDMESTAD,
AR04RO,Accounts Receivable - set 4 (View),JKOBYLIN,
AR04RO,Accounts Receivable - set 4 (View),JKUPCZAK,
AR04RO,Accounts Receivable - set 4 (View),JLADIPAO,
AR04RO,Accounts Receivable - set 4 (View),JRUSSELL,
AR04RO,Accounts Receivable - set 4 (View),JSANTOS,
AR04RO,Accounts Receivable - set 4 (View),KASANTOS,
AR04RO,Accounts Receivable - set 4 (View),KASTEWAR,
AR04RO,Accounts Receivable - set 4 (View),KGAWANDE,
AR04RO,Accounts Receivable - set 4 (View),KHENDZEL,
AR04RO,Accounts Receivable - set 4 (View),KJANTOSZ,
AR04RO,Accounts Receivable - set 4 (View),KLI,
AR04RO,Accounts Receivable - set 4 (View),KMACDONA,
AR04RO,Accounts Receivable - set 4 (View),KNATTERO,
AR04RO,Accounts Receivable - set 4 (View),KRIDA,
AR04RO,Accounts Receivable - set 4 (View),KRISPAGE,
AR04RO,Accounts Receivable - set 4 (View),KULTRA,
AR04RO,Accounts Receivable - set 4 (View),KWONG,
AR04RO,Accounts Receivable - set 4 (View),LBRANDAO,
AR04RO,Accounts Receivable - set 4 (View),LCHHABRA,
AR04RO,Accounts Receivable - set 4 (View),LDICKSON,
AR04RO,Accounts Receivable - set 4 (View),LDUNCAN,
AR04RO,Accounts Receivable - set 4 (View),LVELINCA,
AR04RO,Accounts Receivable - set 4 (View),LXIE,
AR04RO,Accounts Receivable - set 4 (View),MAGILL,
AR04RO,Accounts Receivable - set 4 (View),MAJONES,
AR04RO,Accounts Receivable - set 4 (View),MBALAS,
AR04RO,Accounts Receivable - set 4 (View),MCHOI,
AR04RO,Accounts Receivable - set 4 (View),MDAYAPER,
AR04RO,Accounts Receivable - set 4 (View),MDEAN,
AR04RO,Accounts Receivable - set 4 (View),MHIZONA,
AR04RO,Accounts Receivable - set 4 (View),MISOTO,
AR04RO,Accounts Receivable - set 4 (View),MJOHANNE,
AR04RO,Accounts Receivable - set 4 (View),MKEPA,
AR04RO,Accounts Receivable - set 4 (View),NBONIFACIO,
AR04RO,Accounts Receivable - set 4 (View),NKATHE,
AR04RO,Accounts Receivable - set 4 (View),NNUGRHA,
AR04RO,Accounts Receivable - set 4 (View),NPARK,
AR04RO,Accounts Receivable - set 4 (View),NROSS,
AR04RO,Accounts Receivable - set 4 (View),NVROON,
AR04RO,Accounts Receivable - set 4 (View),ODANGMAL,
AR04RO,Accounts Receivable - set 4 (View),OMULIK,
AR04RO,Accounts Receivable - set 4 (View),OOKUESO,
AR04RO,Accounts Receivable - set 4 (View),PKHONGPAN,
AR04RO,Accounts Receivable - set 4 (View),PLINGEN,
AR04RO,Accounts Receivable - set 4 (View),PPRESSLI,
AR04RO,Accounts Receivable - set 4 (View),PREN,
AR04RO,Accounts Receivable - set 4 (View),PSMITHERAM,
AR04RO,Accounts Receivable - set 4 (View),RABATISTA,
AR04RO,Accounts Receivable - set 4 (View),RAKPADAD,
AR04RO,Accounts Receivable - set 4 (View),RCHANNA,
AR04RO,Accounts Receivable - set 4 (View),RDURGADE,
AR04RO,Accounts Receivable - set 4 (View),REATON,
AR04RO,Accounts Receivable - set 4 (View),RHINONG,
AR04RO,Accounts Receivable - set 4 (View),RHOLSTAD,
AR04RO,Accounts Receivable - set 4 (View),RJADHAV,
AR04RO,Accounts Receivable - set 4 (View),RJAMES,
AR04RO,Accounts Receivable - set 4 (View),RLIANG,
AR04RO,Accounts Receivable - set 4 (View),RTATUM,
AR04RO,Accounts Receivable - set 4 (View),SCONROY,
AR04RO,Accounts Receivable - set 4 (View),SENGER,
AR04RO,Accounts Receivable - set 4 (View),SGANDHIR,
AR04RO,Accounts Receivable - set 4 (View),SGOWDA,
AR04RO,Accounts Receivable - set 4 (View),SJOHNY,
AR04RO,Accounts Receivable - set 4 (View),SKONING,
AR04RO,Accounts Receivable - set 4 (View),SLENGHE,
AR04RO,Accounts Receivable - set 4 (View),SLOUIE,
AR04RO,Accounts Receivable - set 4 (View),SMACHLIK,
AR04RO,Accounts Receivable - set 4 (View),SMARQUES,
AR04RO,Accounts Receivable - set 4 (View),SNPAWAR,
AR04RO,Accounts Receivable - set 4 (View),SOSLAND,
AR04RO,Accounts Receivable - set 4 (View),SPATIL,
AR04RO,Accounts Receivable - set 4 (View),SSEKHON,
AR04RO,Accounts Receivable - set 4 (View),STCOLLIN,
AR04RO,Accounts Receivable - set 4 (View),STEIXEIR,
AR04RO,Accounts Receivable - set 4 (View),SUJOSHI,
AR04RO,Accounts Receivable - set 4 (View),TBROUWER,
AR04RO,Accounts Receivable - set 4 (View),TBURROUG,
AR04RO,Accounts Receivable - set 4 (View),TCOSTA,
AR04RO,Accounts Receivable - set 4 (View),THJAKOBSEN,
AR04RO,Accounts Receivable - set 4 (View),TVILLARD,
AR04RO,Accounts Receivable - set 4 (View),VASOUZA,
AR04RO,Accounts Receivable - set 4 (View),VGRIMSLI,
AR04RO,Accounts Receivable - set 4 (View),VISILVA,
AR04RO,Accounts Receivable - set 4 (View),VJADHAV,
AR04RO,Accounts Receivable - set 4 (View),VLAW,
AR04RO,Accounts Receivable - set 4 (View),VMORAES,
AR04RO,Accounts Receivable - set 4 (View),VMUDGAL,
AR04RO,Accounts Receivable - set 4 (View),VREITAN,
AR04RO,Accounts Receivable - set 4 (View),VSATPUTE,
AR04RO,Accounts Receivable - set 4 (View),YJADHAV,
AR04RO,Accounts Receivable - set 4 (View),YWAYKAR,
AR04RW,Accounts Receivable - set 4 (Maintain),ABALDONADO,
AR04RW,Accounts Receivable - set 4 (Maintain),ADATKHIL,
AR04RW,Accounts Receivable - set 4 (Maintain),ASARTAPE,
AR04RW,Accounts Receivable - set 4 (Maintain),ASUMAIYA,
AR04RW,Accounts Receivable - set 4 (Maintain),ASZUBERL,
AR04RW,Accounts Receivable - set 4 (Maintain),DANMACLEAN,
AR04RW,Accounts Receivable - set 4 (Maintain),DGUASTAL,
AR04RW,Accounts Receivable - set 4 (Maintain),DWU,
AR04RW,Accounts Receivable - set 4 (Maintain),JFOK,
AR04RW,Accounts Receivable - set 4 (Maintain),JOLIN,
AR04RW,Accounts Receivable - set 4 (Maintain),JTENGBER,
AR04RW,Accounts Receivable - set 4 (Maintain),MKIM,
AR04RW,Accounts Receivable - set 4 (Maintain),MRAMOS,
AR04RW,Accounts Receivable - set 4 (Maintain),NBADRINA,
AR04RW,Accounts Receivable - set 4 (Maintain),PANDERSON,
AR04RW,Accounts Receivable - set 4 (Maintain),PGUASTAL,
AR04RW,Accounts Receivable - set 4 (Maintain),RSANPEDRO,
AR04RW,Accounts Receivable - set 4 (Maintain),SKALASAP,
AR04RW,Accounts Receivable - set 4 (Maintain),SPAWAR,
AR04RW,Accounts Receivable - set 4 (Maintain),SRANGARAJA,
AR04RW,Accounts Receivable - set 4 (Maintain),SSHINDE,
AR04RW,Accounts Receivable - set 4 (Maintain),UPATIL,
AR04RW,Accounts Receivable - set 4 (Maintain),VVENUGOP,
AR04RW,Accounts Receivable - set 4 (Maintain),WROWLES,
AR04RW,Accounts Receivable - set 4 (Maintain),ZHAYATH,
AU01RO,Audit/Compliance - set 1 (View),ASTAYLOR,
AU01RO,Audit/Compliance - set 1 (View),MISOTO,
BU01RO,Budgets - set 1 (View),AHUDANI,
BU01RO,Budgets - set 1 (View),AKANDWAL,
BU01RO,Budgets - set 1 (View),AKHAKIMO,
BU01RO,Budgets - set 1 (View),ASTAYLOR,
BU01RO,Budgets - set 1 (View),BARK,
BU01RO,Budgets - set 1 (View),BCAR,
BU01RO,Budgets - set 1 (View),BEHESS,
BU01RO,Budgets - set 1 (View),BKISCH,
BU01RO,Budgets - set 1 (View),BTERSTEGE,
BU01RO,Budgets - set 1 (View),CMONTILL,
BU01RO,Budgets - set 1 (View),CTHOM,
BU01RO,Budgets - set 1 (View),CWASKEY,
BU01RO,Budgets - set 1 (View),DAWALKER,
BU01RO,Budgets - set 1 (View),DGLENNIE,
BU01RO,Budgets - set 1 (View),GIJUNIOR,
BU01RO,Budgets - set 1 (View),HPARMAR,
BU01RO,Budgets - set 1 (View),IVESELOVSK,
BU01RO,Budgets - set 1 (View),JALEE,
BU01RO,Budgets - set 1 (View),JLADIPAO,
BU01RO,Budgets - set 1 (View),JRUSSELL,
BU01RO,Budgets - set 1 (View),KLI,
BU01RO,Budgets - set 1 (View),KNATTERO,
BU01RO,Budgets - set 1 (View),KRIDA,
BU01RO,Budgets - set 1 (View),KRISPAGE,
BU01RO,Budgets - set 1 (View),LCHHABRA,
BU01RO,Budgets - set 1 (View),LVELINCA,
BU01RO,Budgets - set 1 (View),MAGILL,
BU01RO,Budgets - set 1 (View),MBALAS,
BU01RO,Budgets - set 1 (View),MDAYAPER,
BU01RO,Budgets - set 1 (View),MDEAN,
BU01RO,Budgets - set 1 (View),MISOTO,
BU01RO,Budgets - set 1 (View),MJOHANNE,
BU01RO,Budgets - set 1 (View),NBONIFACIO,
BU01RO,Budgets - set 1 (View),NNUGRHA,
BU01RO,Budgets - set 1 (View),NROSS,
BU01RO,Budgets - set 1 (View),OOKUESO,
BU01RO,Budgets - set 1 (View),PLINGEN,
BU01RO,Budgets - set 1 (View),PPRESSLI,
BU01RO,Budgets - set 1 (View),PSMITHERAM,
BU01RO,Budgets - set 1 (View),RABATISTA,
BU01RO,Budgets - set 1 (View),REATON,
BU01RO,Budgets - set 1 (View),RHINONG,
BU01RO,Budgets - set 1 (View),RHOLSTAD,
BU01RO,Budgets - set 1 (View),RJAMES,
BU01RO,Budgets - set 1 (View),RLIANG,
BU01RO,Budgets - set 1 (View),RTATUM,
BU01RO,Budgets - set 1 (View),SENGER,
BU01RO,Budgets - set 1 (View),SGANDHIR,
BU01RO,Budgets - set 1 (View),SLOUIE,
BU01RO,Budgets - set 1 (View),SMARQUES,
BU01RO,Budgets - set 1 (View),SOSLAND,
BU01RO,Budgets - set 1 (View),SSEKHON,
BU01RO,Budgets - set 1 (View),STCOLLIN,
BU01RO,Budgets - set 1 (View),TBURROUG,
BU01RO,Budgets - set 1 (View),TCOSTA,
BU01RO,Budgets - set 1 (View),THJAKOBSEN,
BU01RO,Budgets - set 1 (View),TVILLARD,
BU01RO,Budgets - set 1 (View),VASOUZA,
BU01RO,Budgets - set 1 (View),VGRIMSLI,
BU01RO,Budgets - set 1 (View),VLAW,
BU01RO,Budgets - set 1 (View),VMORAES,
BU01RW,Budgets - set 1 (Maintain),ABALDONADO,
BU01RW,Budgets - set 1 (Maintain),ADATKHIL,
BU01RW,Budgets - set 1 (Maintain),AHUDANI,
BU01RW,Budgets - set 1 (Maintain),AKHAKIMO,
BU01RW,Budgets - set 1 (Maintain),ASARTAPE,
BU01RW,Budgets - set 1 (Maintain),ASUMAIYA,
BU01RW,Budgets - set 1 (Maintain),ASZUBERL,
BU01RW,Budgets - set 1 (Maintain),BEHESS,
BU01RW,Budgets - set 1 (Maintain),CMONTILL,
BU01RW,Budgets - set 1 (Maintain),DANMACLEAN,
BU01RW,Budgets - set 1 (Maintain),DGUASTAL,
BU01RW,Budgets - set 1 (Maintain),DWU,
BU01RW,Budgets - set 1 (Maintain),DYYANG,
BU01RW,Budgets - set 1 (Maintain),EFORTUS,
BU01RW,Budgets - set 1 (Maintain),EHERVIK,
BU01RW,Budgets - set 1 (Maintain),EICAMPBE,
BU01RW,Budgets - set 1 (Maintain),FNGAN,
BU01RW,Budgets - set 1 (Maintain),HPARMAR,
BU01RW,Budgets - set 1 (Maintain),IVESELOVSK,
BU01RW,Budgets - set 1 (Maintain),JFOK,
BU01RW,Budgets - set 1 (Maintain),JOLIN,
BU01RW,Budgets - set 1 (Maintain),JTENGBER,
BU01RW,Budgets - set 1 (Maintain),KASTEWAR,
BU01RW,Budgets - set 1 (Maintain),KWONG,
BU01RW,Budgets - set 1 (Maintain),LDICKSON,
BU01RW,Budgets - set 1 (Maintain),LXIE,
BU01RW,Budgets - set 1 (Maintain),MBALAS,
BU01RW,Budgets - set 1 (Maintain),MCHOI,
BU01RW,Budgets - set 1 (Maintain),MDAYAPER,
BU01RW,Budgets - set 1 (Maintain),MDEAN,
BU01RW,Budgets - set 1 (Maintain),MHIZONA,
BU01RW,Budgets - set 1 (Maintain),MKIM,
BU01RW,Budgets - set 1 (Maintain),MRAMOS,
BU01RW,Budgets - set 1 (Maintain),NBADRINA,
BU01RW,Budgets - set 1 (Maintain),NBONIFACIO,
BU01RW,Budgets - set 1 (Maintain),NNUGRHA,
BU01RW,Budgets - set 1 (Maintain),NPARK,
BU01RW,Budgets - set 1 (Maintain),PANDERSON,
BU01RW,Budgets - set 1 (Maintain),PGUASTAL,
BU01RW,Budgets - set 1 (Maintain),PKHONGPAN,
BU01RW,Budgets - set 1 (Maintain),PREN,
BU01RW,Budgets - set 1 (Maintain),PSMITHERAM,
BU01RW,Budgets - set 1 (Maintain),RHINONG,
BU01RW,Budgets - set 1 (Maintain),RJAMES,
BU01RW,Budgets - set 1 (Maintain),RLIANG,
BU01RW,Budgets - set 1 (Maintain),RSANPEDRO,
BU01RW,Budgets - set 1 (Maintain),SKALASAP,
BU01RW,Budgets - set 1 (Maintain),SMACHLIK,
BU01RW,Budgets - set 1 (Maintain),SMARQUES,
BU01RW,Budgets - set 1 (Maintain),SPAWAR,
BU01RW,Budgets - set 1 (Maintain),SRANGARAJA,
BU01RW,Budgets - set 1 (Maintain),SSEKHON,
BU01RW,Budgets - set 1 (Maintain),SSHINDE,
BU01RW,Budgets - set 1 (Maintain),TCOSTA,
BU01RW,Budgets - set 1 (Maintain),UPATIL,
BU01RW,Budgets - set 1 (Maintain),VASOUZA,
BU01RW,Budgets - set 1 (Maintain),VGRIMSLI,
BU01RW,Budgets - set 1 (Maintain),VMORAES,
BU01RW,Budgets - set 1 (Maintain),VVENUGOP,
BU01RW,Budgets - set 1 (Maintain),WROWLES,
BU01RW,Budgets - set 1 (Maintain),ZHAYATH,
BU02RO,Budgets - set 2 (View),ABRYLINS,
BU02RO,Budgets - set 2 (View),ADUBEY,
BU02RO,Budgets - set 2 (View),AHUDANI,
BU02RO,Budgets - set 2 (View),AKANDWAL,
BU02RO,Budgets - set 2 (View),AKAZI,
BU02RO,Budgets - set 2 (View),AKHAKIMO,
BU02RO,Budgets - set 2 (View),AKORDE,
BU02RO,Budgets - set 2 (View),AKOT,
BU02RO,Budgets - set 2 (View),AKUDEKAR,
BU02RO,Budgets - set 2 (View),AREWERA,
BU02RO,Budgets - set 2 (View),ASOUZA,
BU02RO,Budgets - set 2 (View),ASTAYLOR,
BU02RO,Budgets - set 2 (View),BARK,
BU02RO,Budgets - set 2 (View),BCAR,
BU02RO,Budgets - set 2 (View),BEHESS,
BU02RO,Budgets - set 2 (View),BKISCH,
BU02RO,Budgets - set 2 (View),BSILVA,
BU02RO,Budgets - set 2 (View),BSTUSIK,
BU02RO,Budgets - set 2 (View),BTERSTEGE,
BU02RO,Budgets - set 2 (View),CCRUMP,
BU02RO,Budgets - set 2 (View),CMONTILL,
BU02RO,Budgets - set 2 (View),CTHOM,
BU02RO,Budgets - set 2 (View),CWASKEY,
BU02RO,Budgets - set 2 (View),DAWALKER,
BU02RO,Budgets - set 2 (View),DDALVI,
BU02RO,Budgets - set 2 (View),DDVALVI,
BU02RO,Budgets - set 2 (View),DGLENNIE,
BU02RO,Budgets - set 2 (View),DHALYS,
BU02RO,Budgets - set 2 (View),DLOS,
BU02RO,Budgets - set 2 (View),DNEWLAND,
BU02RO,Budgets - set 2 (View),DYYANG,
BU02RO,Budgets - set 2 (View),EFORTUS,
BU02RO,Budgets - set 2 (View),EFRANCO,
BU02RO,Budgets - set 2 (View),EHERVIK,
BU02RO,Budgets - set 2 (View),EICAMPBE,
BU02RO,Budgets - set 2 (View),EMITCHELL,
BU02RO,Budgets - set 2 (View),FNGAN,
BU02RO,Budgets - set 2 (View),GIJUNIOR,
BU02RO,Budgets - set 2 (View),GSCHREUD,
BU02RO,Budgets - set 2 (View),HPARMAR,
BU02RO,Budgets - set 2 (View),HPATIL,
BU02RO,Budgets - set 2 (View),IVESELOVSK,
BU02RO,Budgets - set 2 (View),JALEE,
BU02RO,Budgets - set 2 (View),JECOOPER,
BU02RO,Budgets - set 2 (View),JKOBYLIN,
BU02RO,Budgets - set 2 (View),JKUPCZAK,
BU02RO,Budgets - set 2 (View),JLADIPAO,
BU02RO,Budgets - set 2 (View),JRUSSELL,
BU02RO,Budgets - set 2 (View),JSANTOS,
BU02RO,Budgets - set 2 (View),KASANTOS,
BU02RO,Budgets - set 2 (View),KASTEWAR,
BU02RO,Budgets - set 2 (View),KGAWANDE,
BU02RO,Budgets - set 2 (View),KHENDZEL,
BU02RO,Budgets - set 2 (View),KJANTOSZ,
BU02RO,Budgets - set 2 (View),KLI,
BU02RO,Budgets - set 2 (View),KMACDONA,
BU02RO,Budgets - set 2 (View),KNATTERO,
BU02RO,Budgets - set 2 (View),KRIDA,
BU02RO,Budgets - set 2 (View),KRISPAGE,
BU02RO,Budgets - set 2 (View),KULTRA,
BU02RO,Budgets - set 2 (View),KWONG,
BU02RO,Budgets - set 2 (View),LBRANDAO,
BU02RO,Budgets - set 2 (View),LCHHABRA,
BU02RO,Budgets - set 2 (View),LDICKSON,
BU02RO,Budgets - set 2 (View),LDUNCAN,
BU02RO,Budgets - set 2 (View),LVELINCA,
BU02RO,Budgets - set 2 (View),LXIE,
BU02RO,Budgets - set 2 (View),MAGILL,
BU02RO,Budgets - set 2 (View),MAJONES,
BU02RO,Budgets - set 2 (View),MBALAS,
BU02RO,Budgets - set 2 (View),MCHOI,
BU02RO,Budgets - set 2 (View),MDAYAPER,
BU02RO,Budgets - set 2 (View),MDEAN,
BU02RO,Budgets - set 2 (View),MHIZONA,
BU02RO,Budgets - set 2 (View),MISOTO,
BU02RO,Budgets - set 2 (View),MJOHANNE,
BU02RO,Budgets - set 2 (View),MKEPA,
BU02RO,Budgets - set 2 (View),NBONIFACIO,
BU02RO,Budgets - set 2 (View),NKATHE,
BU02RO,Budgets - set 2 (View),NNUGRHA,
BU02RO,Budgets - set 2 (View),NPARK,
BU02RO,Budgets - set 2 (View),NROSS,
BU02RO,Budgets - set 2 (View),NVROON,
BU02RO,Budgets - set 2 (View),ODANGMAL,
BU02RO,Budgets - set 2 (View),OMULIK,
BU02RO,Budgets - set 2 (View),OOKUESO,
BU02RO,Budgets - set 2 (View),PKHONGPAN,
BU02RO,Budgets - set 2 (View),PLINGEN,
BU02RO,Budgets - set 2 (View),PPRESSLI,
BU02RO,Budgets - set 2 (View),PREN,
BU02RO,Budgets - set 2 (View),PSMITHERAM,
BU02RO,Budgets - set 2 (View),RABATISTA,
BU02RO,Budgets - set 2 (View),RAKPADAD,
BU02RO,Budgets - set 2 (View),RCHANNA,
BU02RO,Budgets - set 2 (View),RDURGADE,
BU02RO,Budgets - set 2 (View),REATON,
BU02RO,Budgets - set 2 (View),RHINONG,
BU02RO,Budgets - set 2 (View),RHOLSTAD,
BU02RO,Budgets - set 2 (View),RJADHAV,
BU02RO,Budgets - set 2 (View),RJAMES,
BU02RO,Budgets - set 2 (View),RLIANG,
BU02RO,Budgets - set 2 (View),RTATUM,
BU02RO,Budgets - set 2 (View),SCONROY,
BU02RO,Budgets - set 2 (View),SENGER,
BU02RO,Budgets - set 2 (View),SGANDHIR,
BU02RO,Budgets - set 2 (View),SGOWDA,
BU02RO,Budgets - set 2 (View),SJOHNY,
BU02RO,Budgets - set 2 (View),SKONING,
BU02RO,Budgets - set 2 (View),SLENGHE,
BU02RO,Budgets - set 2 (View),SLOUIE,
BU02RO,Budgets - set 2 (View),SMACHLIK,
BU02RO,Budgets - set 2 (View),SMARQUES,
BU02RO,Budgets - set 2 (View),SNPAWAR,
BU02RO,Budgets - set 2 (View),SOSLAND,
BU02RO,Budgets - set 2 (View),SPATIL,
BU02RO,Budgets - set 2 (View),SSEKHON,
BU02RO,Budgets - set 2 (View),STCOLLIN,
BU02RO,Budgets - set 2 (View),STEIXEIR,
BU02RO,Budgets - set 2 (View),SUJOSHI,
BU02RO,Budgets - set 2 (View),TBROUWER,
BU02RO,Budgets - set 2 (View),TBURROUG,
BU02RO,Budgets - set 2 (View),TCOSTA,
BU02RO,Budgets - set 2 (View),THJAKOBSEN,
BU02RO,Budgets - set 2 (View),TVILLARD,
BU02RO,Budgets - set 2 (View),VASOUZA,
BU02RO,Budgets - set 2 (View),VGRIMSLI,
BU02RO,Budgets - set 2 (View),VISILVA,
BU02RO,Budgets - set 2 (View),VJADHAV,
BU02RO,Budgets - set 2 (View),VLAW,
BU02RO,Budgets - set 2 (View),VMORAES,
BU02RO,Budgets - set 2 (View),VMUDGAL,
BU02RO,Budgets - set 2 (View),VSATPUTE,
BU02RO,Budgets - set 2 (View),YJADHAV,
BU02RO,Budgets - set 2 (View),YWAYKAR,
BU02RW,Budgets - set 2 (Maintain),ABALDONADO,
BU02RW,Budgets - set 2 (Maintain),ADATKHIL,
BU02RW,Budgets - set 2 (Maintain),ASARTAPE,
BU02RW,Budgets - set 2 (Maintain),ASUMAIYA,
BU02RW,Budgets - set 2 (Maintain),ASZUBERL,
BU02RW,Budgets - set 2 (Maintain),DANMACLEAN,
BU02RW,Budgets - set 2 (Maintain),DGUASTAL,
BU02RW,Budgets - set 2 (Maintain),DWU,
BU02RW,Budgets - set 2 (Maintain),JFOK,
BU02RW,Budgets - set 2 (Maintain),JOLIN,
BU02RW,Budgets - set 2 (Maintain),JTENGBER,
BU02RW,Budgets - set 2 (Maintain),MKIM,
BU02RW,Budgets - set 2 (Maintain),MRAMOS,
BU02RW,Budgets - set 2 (Maintain),NBADRINA,
BU02RW,Budgets - set 2 (Maintain),PANDERSON,
BU02RW,Budgets - set 2 (Maintain),PGUASTAL,
BU02RW,Budgets - set 2 (Maintain),RSANPEDRO,
BU02RW,Budgets - set 2 (Maintain),SKALASAP,
BU02RW,Budgets - set 2 (Maintain),SPAWAR,
BU02RW,Budgets - set 2 (Maintain),SRANGARAJA,
BU02RW,Budgets - set 2 (Maintain),SSHINDE,
BU02RW,Budgets - set 2 (Maintain),UPATIL,
BU02RW,Budgets - set 2 (Maintain),VVENUGOP,
BU02RW,Budgets - set 2 (Maintain),WROWLES,
BU02RW,Budgets - set 2 (Maintain),ZHAYATH,
CB01RW,Cash & Bank - set 1 (Maintain),ADUBEY,
CB01RW,Cash & Bank - set 1 (Maintain),AKAZI,
CB01RW,Cash & Bank - set 1 (Maintain),AKORDE,
CB01RW,Cash & Bank - set 1 (Maintain),AKUDEKAR,
CB01RW,Cash & Bank - set 1 (Maintain),ANCOSTA,
CB01RW,Cash & Bank - set 1 (Maintain),ANSOUZA,
CB01RW,Cash & Bank - set 1 (Maintain),AOLIVEIRA,
CB01RW,Cash & Bank - set 1 (Maintain),AVIEIRA,
CB01RW,Cash & Bank - set 1 (Maintain),BSILVA,
CB01RW,Cash & Bank - set 1 (Maintain),CAANTUNE,
CB01RW,Cash & Bank - set 1 (Maintain),CNUNES,
CB01RW,Cash & Bank - set 1 (Maintain),CPEREIRA,
CB01RW,Cash & Bank - set 1 (Maintain),CROBERTO,
CB01RW,Cash & Bank - set 1 (Maintain),CVIRGENS,
CB01RW,Cash & Bank - set 1 (Maintain),DDALVI,
CB01RW,Cash & Bank - set 1 (Maintain),DMARTINS,
CB01RW,Cash & Bank - set 1 (Maintain),DOSSANTO,
CB01RW,Cash & Bank - set 1 (Maintain),EDEABREU,
CB01RW,Cash & Bank - set 1 (Maintain),EFRANCO,
CB01RW,Cash & Bank - set 1 (Maintain),ELIOLIVE,
CB01RW,Cash & Bank - set 1 (Maintain),FASANTOS,
CB01RW,Cash & Bank - set 1 (Maintain),FEDASILV,
CB01RW,Cash & Bank - set 1 (Maintain),FOTAVIANO,
CB01RW,Cash & Bank - set 1 (Maintain),GAMONTEI,
CB01RW,Cash & Bank - set 1 (Maintain),HPATIL,
CB01RW,Cash & Bank - set 1 (Maintain),JCAETANO,
CB01RW,Cash & Bank - set 1 (Maintain),JORRIBEI,
CB01RW,Cash & Bank - set 1 (Maintain),KGAWANDE,
CB01RW,Cash & Bank - set 1 (Maintain),KULTRA,
CB01RW,Cash & Bank - set 1 (Maintain),LBRANDAO,
CB01RW,Cash & Bank - set 1 (Maintain),LERANGEL,
CB01RW,Cash & Bank - set 1 (Maintain),LORIBEIR,
CB01RW,Cash & Bank - set 1 (Maintain),LSEVERO,
CB01RW,Cash & Bank - set 1 (Maintain),LUDASILV,
CB01RW,Cash & Bank - set 1 (Maintain),LWATT,
CB01RW,Cash & Bank - set 1 (Maintain),MCOUTO,
CB01RW,Cash & Bank - set 1 (Maintain),MPRIVATTI,
CB01RW,Cash & Bank - set 1 (Maintain),NKATHE,
CB01RW,Cash & Bank - set 1 (Maintain),ODANGMAL,
CB01RW,Cash & Bank - set 1 (Maintain),OMULIK,
CB01RW,Cash & Bank - set 1 (Maintain),ORJUNIOR,
CB01RW,Cash & Bank - set 1 (Maintain),PIRSILVA,
CB01RW,Cash & Bank - set 1 (Maintain),PMIRANDA,
CB01RW,Cash & Bank - set 1 (Maintain),RAKPADAD,
CB01RW,Cash & Bank - set 1 (Maintain),RCHANNA,
CB01RW,Cash & Bank - set 1 (Maintain),RDOCOUTO,
CB01RW,Cash & Bank - set 1 (Maintain),RDURGADE,
CB01RW,Cash & Bank - set 1 (Maintain),RFRANCES,
CB01RW,Cash & Bank - set 1 (Maintain),RJADHAV,
CB01RW,Cash & Bank - set 1 (Maintain),ROBSILVA,
CB01RW,Cash & Bank - set 1 (Maintain),SGOWDA,
CB01RW,Cash & Bank - set 1 (Maintain),SJOHNY,
CB01RW,Cash & Bank - set 1 (Maintain),SLENGHE,
CB01RW,Cash & Bank - set 1 (Maintain),SNPAWAR,
CB01RW,Cash & Bank - set 1 (Maintain),SPATIL,
CB01RW,Cash & Bank - set 1 (Maintain),TRODRIGU,
CB01RW,Cash & Bank - set 1 (Maintain),VISILVA,
CB01RW,Cash & Bank - set 1 (Maintain),VJADHAV,
CB01RW,Cash & Bank - set 1 (Maintain),VMUDGAL,
CB01RW,Cash & Bank - set 1 (Maintain),VSATPUTE,
CB01RW,Cash & Bank - set 1 (Maintain),WACARVEL,
CB01RW,Cash & Bank - set 1 (Maintain),WCAMARGO,
CB01RW,Cash & Bank - set 1 (Maintain),WECAMARGO,
CB01RW,Cash & Bank - set 1 (Maintain),WESILVA,
CB01RW,Cash & Bank - set 1 (Maintain),WMENDONC,
CB01RW,Cash & Bank - set 1 (Maintain),YJADHAV,
CB01RW,Cash & Bank - set 1 (Maintain),YWAYKAR,
CB02RO,Cash & Bank - set 2 (View),ANCOSTA,
CB02RO,Cash & Bank - set 2 (View),AOLIVEIRA,
CB02RO,Cash & Bank - set 2 (View),AVIEIRA,
CB02RO,Cash & Bank - set 2 (View),CAANTUNE,
CB02RO,Cash & Bank - set 2 (View),CNUNES,
CB02RO,Cash & Bank - set 2 (View),CPEREIRA,
CB02RO,Cash & Bank - set 2 (View),CROBERTO,
CB02RO,Cash & Bank - set 2 (View),DMARTINS,
CB02RO,Cash & Bank - set 2 (View),DOSSANTO,
CB02RO,Cash & Bank - set 2 (View),EDEABREU,
CB02RO,Cash & Bank - set 2 (View),ELIOLIVE,
CB02RO,Cash & Bank - set 2 (View),FEDASILV,
CB02RO,Cash & Bank - set 2 (View),FOTAVIANO,
CB02RO,Cash & Bank - set 2 (View),GAMONTEI,
CB02RO,Cash & Bank - set 2 (View),JCAETANO,
CB02RO,Cash & Bank - set 2 (View),JORRIBEI,
CB02RO,Cash & Bank - set 2 (View),LERANGEL,
CB02RO,Cash & Bank - set 2 (View),LORIBEIR,
CB02RO,Cash & Bank - set 2 (View),LSEVERO,
CB02RO,Cash & Bank - set 2 (View),LUDASILV,
CB02RO,Cash & Bank - set 2 (View),MCOUTO,
CB02RO,Cash & Bank - set 2 (View),ORJUNIOR,
CB02RO,Cash & Bank - set 2 (View),PMIRANDA,
CB02RO,Cash & Bank - set 2 (View),RDOCOUTO,
CB02RO,Cash & Bank - set 2 (View),RFRANCES,
CB02RO,Cash & Bank - set 2 (View),ROBSILVA,
CB02RO,Cash & Bank - set 2 (View),TRODRIGU,
CB02RO,Cash & Bank - set 2 (View),WACARVEL,
CB02RO,Cash & Bank - set 2 (View),WCAMARGO,
CB02RO,Cash & Bank - set 2 (View),WECAMARGO,
CB02RO,Cash & Bank - set 2 (View),WESILVA,
CB02RO,Cash & Bank - set 2 (View),WMENDONC,
CB02RW,Cash & Bank - set 2 (Maintain),ANSOUZA,
CB02RW,Cash & Bank - set 2 (Maintain),ASOUZA,
CB02RW,Cash & Bank - set 2 (Maintain),CVIRGENS,
CB02RW,Cash & Bank - set 2 (Maintain),FASANTOS,
CB02RW,Cash & Bank - set 2 (Maintain),JSANTOS,
CB02RW,Cash & Bank - set 2 (Maintain),KASANTOS,
CB02RW,Cash & Bank - set 2 (Maintain),LWATT,
CB02RW,Cash & Bank - set 2 (Maintain),MPRIVATTI,
CB02RW,Cash & Bank - set 2 (Maintain),PIRSILVA,
CB02RW,Cash & Bank - set 2 (Maintain),VASOUZA,
CB03RW,Cash & Bank - set 3 (Maintain),ANCOSTA,
CB03RW,Cash & Bank - set 3 (Maintain),AOLIVEIRA,
CB03RW,Cash & Bank - set 3 (Maintain),ASOUZA,
CB03RW,Cash & Bank - set 3 (Maintain),AVIEIRA,
CB03RW,Cash & Bank - set 3 (Maintain),CAANTUNE,
CB03RW,Cash & Bank - set 3 (Maintain),CNUNES,
CB03RW,Cash & Bank - set 3 (Maintain),CPEREIRA,
CB03RW,Cash & Bank - set 3 (Maintain),CROBERTO,
CB03RW,Cash & Bank - set 3 (Maintain),DMARTINS,
CB03RW,Cash & Bank - set 3 (Maintain),DOSSANTO,
CB03RW,Cash & Bank - set 3 (Maintain),EDEABREU,
CB03RW,Cash & Bank - set 3 (Maintain),ELIOLIVE,
CB03RW,Cash & Bank - set 3 (Maintain),FEDASILV,
CB03RW,Cash & Bank - set 3 (Maintain),FOTAVIANO,
CB03RW,Cash & Bank - set 3 (Maintain),GAMONTEI,
CB03RW,Cash & Bank - set 3 (Maintain),JCAETANO,
CB03RW,Cash & Bank - set 3 (Maintain),JORRIBEI,
CB03RW,Cash & Bank - set 3 (Maintain),JSANTOS,
CB03RW,Cash & Bank - set 3 (Maintain),KASANTOS,
CB03RW,Cash & Bank - set 3 (Maintain),LERANGEL,
CB03RW,Cash & Bank - set 3 (Maintain),LORIBEIR,
CB03RW,Cash & Bank - set 3 (Maintain),LSEVERO,
CB03RW,Cash & Bank - set 3 (Maintain),LUDASILV,
CB03RW,Cash & Bank - set 3 (Maintain),MCOUTO,
CB03RW,Cash & Bank - set 3 (Maintain),ORJUNIOR,
CB03RW,Cash & Bank - set 3 (Maintain),PMIRANDA,
CB03RW,Cash & Bank - set 3 (Maintain),RDOCOUTO,
CB03RW,Cash & Bank - set 3 (Maintain),RFRANCES,
CB03RW,Cash & Bank - set 3 (Maintain),ROBSILVA,
CB03RW,Cash & Bank - set 3 (Maintain),TRODRIGU,
CB03RW,Cash & Bank - set 3 (Maintain),VASOUZA,
CB03RW,Cash & Bank - set 3 (Maintain),WACARVEL,
CB03RW,Cash & Bank - set 3 (Maintain),WCAMARGO,
CB03RW,Cash & Bank - set 3 (Maintain),WECAMARGO,
CB03RW,Cash & Bank - set 3 (Maintain),WESILVA,
CB03RW,Cash & Bank - set 3 (Maintain),WMENDONC,
CB04RW,Cash & Bank - set 4 (Maintain),AHUDANI,
CB04RW,Cash & Bank - set 4 (Maintain),AKOT,
CB04RW,Cash & Bank - set 4 (Maintain),ASARTAPE,
CB04RW,Cash & Bank - set 4 (Maintain),ASUMAIYA,
CB04RW,Cash & Bank - set 4 (Maintain),ASZUBERL,
CB04RW,Cash & Bank - set 4 (Maintain),CMONTILL,
CB04RW,Cash & Bank - set 4 (Maintain),DANMACLEAN,
CB04RW,Cash & Bank - set 4 (Maintain),DKELLY,
CB04RW,Cash & Bank - set 4 (Maintain),DWU,
CB04RW,Cash & Bank - set 4 (Maintain),HPARMAR,
CB04RW,Cash & Bank - set 4 (Maintain),JFOK,
CB04RW,Cash & Bank - set 4 (Maintain),KASTEWAR,
CB04RW,Cash & Bank - set 4 (Maintain),KHENDZEL,
CB04RW,Cash & Bank - set 4 (Maintain),KWONG,
CB04RW,Cash & Bank - set 4 (Maintain),LDICKSON,
CB04RW,Cash & Bank - set 4 (Maintain),MBALAS,
CB04RW,Cash & Bank - set 4 (Maintain),MKIM,
CB04RW,Cash & Bank - set 4 (Maintain),MRAMOS,
CB04RW,Cash & Bank - set 4 (Maintain),NBADRINA,
CB04RW,Cash & Bank - set 4 (Maintain),NBONIFACIO,
CB04RW,Cash & Bank - set 4 (Maintain),PANDERSON,
CB04RW,Cash & Bank - set 4 (Maintain),PREN,
CB04RW,Cash & Bank - set 4 (Maintain),RHINONG,
CB04RW,Cash & Bank - set 4 (Maintain),RLIANG,
CB04RW,Cash & Bank - set 4 (Maintain),RSANPEDRO,
CB04RW,Cash & Bank - set 4 (Maintain),SKALASAP,
CB04RW,Cash & Bank - set 4 (Maintain),SMACHLIK,
CB04RW,Cash & Bank - set 4 (Maintain),SPAWAR,
CB04RW,Cash & Bank - set 4 (Maintain),SRANGARAJA,
CB04RW,Cash & Bank - set 4 (Maintain),SSEKHON,
CB04RW,Cash & Bank - set 4 (Maintain),UPATIL,
CB04RW,Cash & Bank - set 4 (Maintain),VVENUGOP,
CB04RW,Cash & Bank - set 4 (Maintain),WROWLES,
CB04RW,Cash & Bank - set 4 (Maintain),ZHAYATH,
FA01RW,Fixed Assets - set 1 (Maintain),ASOUZA,
FA01RW,Fixed Assets - set 1 (Maintain),JSANTOS,
FA01RW,Fixed Assets - set 1 (Maintain),KASANTOS,
FA01RW,Fixed Assets - set 1 (Maintain),VASOUZA,
FA02RO,Fixed Assets - set 2 (View),AHUDANI,
FA02RO,Fixed Assets - set 2 (View),AKANDWAL,
FA02RO,Fixed Assets - set 2 (View),ASTAYLOR,
FA02RO,Fixed Assets - set 2 (View),BARK,
FA02RO,Fixed Assets - set 2 (View),BCAR,
FA02RO,Fixed Assets - set 2 (View),BKISCH,
FA02RO,Fixed Assets - set 2 (View),BTERSTEGE,
FA02RO,Fixed Assets - set 2 (View),CTHOM,
FA02RO,Fixed Assets - set 2 (View),CWASKEY,
FA02RO,Fixed Assets - set 2 (View),DAWALKER,
FA02RO,Fixed Assets - set 2 (View),DGLENNIE,
FA02RO,Fixed Assets - set 2 (View),GIJUNIOR,
FA02RO,Fixed Assets - set 2 (View),HPARMAR,
FA02RO,Fixed Assets - set 2 (View),IVESELOVSK,
FA02RO,Fixed Assets - set 2 (View),JALEE,
FA02RO,Fixed Assets - set 2 (View),JFOK,
FA02RO,Fixed Assets - set 2 (View),JLADIPAO,
FA02RO,Fixed Assets - set 2 (View),JRUSSELL,
FA02RO,Fixed Assets - set 2 (View),KLI,
FA02RO,Fixed Assets - set 2 (View),KNATTERO,
FA02RO,Fixed Assets - set 2 (View),KRIDA,
FA02RO,Fixed Assets - set 2 (View),KRISPAGE,
FA02RO,Fixed Assets - set 2 (View),LCHHABRA,
FA02RO,Fixed Assets - set 2 (View),LVELINCA,
FA02RO,Fixed Assets - set 2 (View),MAGILL,
FA02RO,Fixed Assets - set 2 (View),MBALAS,
FA02RO,Fixed Assets - set 2 (View),MDEAN,
FA02RO,Fixed Assets - set 2 (View),MISOTO,
FA02RO,Fixed Assets - set 2 (View),MJOHANNE,
FA02RO,Fixed Assets - set 2 (View),NBONIFACIO,
FA02RO,Fixed Assets - set 2 (View),NROSS,
FA02RO,Fixed Assets - set 2 (View),OOKUESO,
FA02RO,Fixed Assets - set 2 (View),PLINGEN,
FA02RO,Fixed Assets - set 2 (View),PPRESSLI,
FA02RO,Fixed Assets - set 2 (View),PSMITHERAM,
FA02RO,Fixed Assets - set 2 (View),RABATISTA,
FA02RO,Fixed Assets - set 2 (View),REATON,
FA02RO,Fixed Assets - set 2 (View),RHINONG,
FA02RO,Fixed Assets - set 2 (View),RHOLSTAD,
FA02RO,Fixed Assets - set 2 (View),RJAMES,
FA02RO,Fixed Assets - set 2 (View),RLIANG,
FA02RO,Fixed Assets - set 2 (View),RSANPEDRO,
FA02RO,Fixed Assets - set 2 (View),RTATUM,
FA02RO,Fixed Assets - set 2 (View),SENGER,
FA02RO,Fixed Assets - set 2 (View),SGANDHIR,
FA02RO,Fixed Assets - set 2 (View),SLOUIE,
FA02RO,Fixed Assets - set 2 (View),SOSLAND,
FA02RO,Fixed Assets - set 2 (View),SSEKHON,
FA02RO,Fixed Assets - set 2 (View),STCOLLIN,
FA02RO,Fixed Assets - set 2 (View),TBURROUG,
FA02RO,Fixed Assets - set 2 (View),TCOSTA,
FA02RO,Fixed Assets - set 2 (View),THJAKOBSEN,
FA02RO,Fixed Assets - set 2 (View),TVILLARD,
FA02RO,Fixed Assets - set 2 (View),VASOUZA,
FA02RO,Fixed Assets - set 2 (View),VGRIMSLI,
FA02RO,Fixed Assets - set 2 (View),VLAW,
FA02RO,Fixed Assets - set 2 (View),VMORAES,
FA02RW,Fixed Assets - set 2 (Maintain),ABALDONADO,
FA02RW,Fixed Assets - set 2 (Maintain),ADATKHIL,
FA02RW,Fixed Assets - set 2 (Maintain),AKHAKIMO,
FA02RW,Fixed Assets - set 2 (Maintain),ASARTAPE,
FA02RW,Fixed Assets - set 2 (Maintain),ASUMAIYA,
FA02RW,Fixed Assets - set 2 (Maintain),ASZUBERL,
FA02RW,Fixed Assets - set 2 (Maintain),CMONTILL,
FA02RW,Fixed Assets - set 2 (Maintain),DANMACLEAN,
FA02RW,Fixed Assets - set 2 (Maintain),DGUASTAL,
FA02RW,Fixed Assets - set 2 (Maintain),DWU,
FA02RW,Fixed Assets - set 2 (Maintain),FNGAN,
FA02RW,Fixed Assets - set 2 (Maintain),IVESELOVSK,
FA02RW,Fixed Assets - set 2 (Maintain),JFOK,
FA02RW,Fixed Assets - set 2 (Maintain),JOLIN,
FA02RW,Fixed Assets - set 2 (Maintain),JTENGBER,
FA02RW,Fixed Assets - set 2 (Maintain),LDICKSON,
FA02RW,Fixed Assets - set 2 (Maintain),LXIE,
FA02RW,Fixed Assets - set 2 (Maintain),MCHOI,
FA02RW,Fixed Assets - set 2 (Maintain),MKIM,
FA02RW,Fixed Assets - set 2 (Maintain),MRAMOS,
FA02RW,Fixed Assets - set 2 (Maintain),NBADRINA,
FA02RW,Fixed Assets - set 2 (Maintain),PANDERSON,
FA02RW,Fixed Assets - set 2 (Maintain),PGUASTAL,
FA02RW,Fixed Assets - set 2 (Maintain),PSMITHERAM,
FA02RW,Fixed Assets - set 2 (Maintain),RJAMES,
FA02RW,Fixed Assets - set 2 (Maintain),RSANPEDRO,
FA02RW,Fixed Assets - set 2 (Maintain),SKALASAP,
FA02RW,Fixed Assets - set 2 (Maintain),SMACHLIK,
FA02RW,Fixed Assets - set 2 (Maintain),SMARQUES,
FA02RW,Fixed Assets - set 2 (Maintain),SPAWAR,
FA02RW,Fixed Assets - set 2 (Maintain),SRANGARAJA,
FA02RW,Fixed Assets - set 2 (Maintain),SSHINDE,
FA02RW,Fixed Assets - set 2 (Maintain),TCOSTA,
FA02RW,Fixed Assets - set 2 (Maintain),UPATIL,
FA02RW,Fixed Assets - set 2 (Maintain),VMORAES,
FA02RW,Fixed Assets - set 2 (Maintain),VVENUGOP,
FA02RW,Fixed Assets - set 2 (Maintain),WROWLES,
FA02RW,Fixed Assets - set 2 (Maintain),ZHAYATH,
FA03RO,Fixed Assets - set 3 (View),AHUDANI,
FA03RO,Fixed Assets - set 3 (View),AKANDWAL,
FA03RO,Fixed Assets - set 3 (View),ASTAYLOR,
FA03RO,Fixed Assets - set 3 (View),BARK,
FA03RO,Fixed Assets - set 3 (View),BCAR,
FA03RO,Fixed Assets - set 3 (View),BKISCH,
FA03RO,Fixed Assets - set 3 (View),BTERSTEGE,
FA03RO,Fixed Assets - set 3 (View),CTHOM,
FA03RO,Fixed Assets - set 3 (View),CWASKEY,
FA03RO,Fixed Assets - set 3 (View),DAWALKER,
FA03RO,Fixed Assets - set 3 (View),DGLENNIE,
FA03RO,Fixed Assets - set 3 (View),GIJUNIOR,
FA03RO,Fixed Assets - set 3 (View),HPARMAR,
FA03RO,Fixed Assets - set 3 (View),JALEE,
FA03RO,Fixed Assets - set 3 (View),JFOK,
FA03RO,Fixed Assets - set 3 (View),JLADIPAO,
FA03RO,Fixed Assets - set 3 (View),JRUSSELL,
FA03RO,Fixed Assets - set 3 (View),KLI,
FA03RO,Fixed Assets - set 3 (View),KNATTERO,
FA03RO,Fixed Assets - set 3 (View),KRIDA,
FA03RO,Fixed Assets - set 3 (View),KRISPAGE,
FA03RO,Fixed Assets - set 3 (View),LCHHABRA,
FA03RO,Fixed Assets - set 3 (View),LDICKSON,
FA03RO,Fixed Assets - set 3 (View),LVELINCA,
FA03RO,Fixed Assets - set 3 (View),MAGILL,
FA03RO,Fixed Assets - set 3 (View),MBALAS,
FA03RO,Fixed Assets - set 3 (View),MDEAN,
FA03RO,Fixed Assets - set 3 (View),MISOTO,
FA03RO,Fixed Assets - set 3 (View),MJOHANNE,
FA03RO,Fixed Assets - set 3 (View),NBONIFACIO,
FA03RO,Fixed Assets - set 3 (View),NROSS,
FA03RO,Fixed Assets - set 3 (View),OOKUESO,
FA03RO,Fixed Assets - set 3 (View),PLINGEN,
FA03RO,Fixed Assets - set 3 (View),PPRESSLI,
FA03RO,Fixed Assets - set 3 (View),RABATISTA,
FA03RO,Fixed Assets - set 3 (View),REATON,
FA03RO,Fixed Assets - set 3 (View),RHINONG,
FA03RO,Fixed Assets - set 3 (View),RHOLSTAD,
FA03RO,Fixed Assets - set 3 (View),RLIANG,
FA03RO,Fixed Assets - set 3 (View),RSANPEDRO,
FA03RO,Fixed Assets - set 3 (View),RTATUM,
FA03RO,Fixed Assets - set 3 (View),SENGER,
FA03RO,Fixed Assets - set 3 (View),SGANDHIR,
FA03RO,Fixed Assets - set 3 (View),SLOUIE,
FA03RO,Fixed Assets - set 3 (View),SOSLAND,
FA03RO,Fixed Assets - set 3 (View),SSEKHON,
FA03RO,Fixed Assets - set 3 (View),STCOLLIN,
FA03RO,Fixed Assets - set 3 (View),TBURROUG,
FA03RO,Fixed Assets - set 3 (View),THJAKOBSEN,
FA03RO,Fixed Assets - set 3 (View),TVILLARD,
FA03RO,Fixed Assets - set 3 (View),VASOUZA,
FA03RO,Fixed Assets - set 3 (View),VGRIMSLI,
FA03RO,Fixed Assets - set 3 (View),VLAW,
FA03RW,Fixed Assets - set 3 (Maintain),ABALDONADO,
FA03RW,Fixed Assets - set 3 (Maintain),ADATKHIL,
FA03RW,Fixed Assets - set 3 (Maintain),AKHAKIMO,
FA03RW,Fixed Assets - set 3 (Maintain),ASARTAPE,
FA03RW,Fixed Assets - set 3 (Maintain),ASUMAIYA,
FA03RW,Fixed Assets - set 3 (Maintain),ASZUBERL,
FA03RW,Fixed Assets - set 3 (Maintain),CMONTILL,
FA03RW,Fixed Assets - set 3 (Maintain),DANMACLEAN,
FA03RW,Fixed Assets - set 3 (Maintain),DGUASTAL,
FA03RW,Fixed Assets - set 3 (Maintain),DWU,
FA03RW,Fixed Assets - set 3 (Maintain),FNGAN,
FA03RW,Fixed Assets - set 3 (Maintain),IVESELOVSK,
FA03RW,Fixed Assets - set 3 (Maintain),JFOK,
FA03RW,Fixed Assets - set 3 (Maintain),JOLIN,
FA03RW,Fixed Assets - set 3 (Maintain),JTENGBER,
FA03RW,Fixed Assets - set 3 (Maintain),LXIE,
FA03RW,Fixed Assets - set 3 (Maintain),MCHOI,
FA03RW,Fixed Assets - set 3 (Maintain),MKIM,
FA03RW,Fixed Assets - set 3 (Maintain),MRAMOS,
FA03RW,Fixed Assets - set 3 (Maintain),NBADRINA,
FA03RW,Fixed Assets - set 3 (Maintain),PANDERSON,
FA03RW,Fixed Assets - set 3 (Maintain),PGUASTAL,
FA03RW,Fixed Assets - set 3 (Maintain),PSMITHERAM,
FA03RW,Fixed Assets - set 3 (Maintain),RJAMES,
FA03RW,Fixed Assets - set 3 (Maintain),RSANPEDRO,
FA03RW,Fixed Assets - set 3 (Maintain),SKALASAP,
FA03RW,Fixed Assets - set 3 (Maintain),SMACHLIK,
FA03RW,Fixed Assets - set 3 (Maintain),SMARQUES,
FA03RW,Fixed Assets - set 3 (Maintain),SPAWAR,
FA03RW,Fixed Assets - set 3 (Maintain),SRANGARAJA,
FA03RW,Fixed Assets - set 3 (Maintain),SSHINDE,
FA03RW,Fixed Assets - set 3 (Maintain),TCOSTA,
FA03RW,Fixed Assets - set 3 (Maintain),UPATIL,
FA03RW,Fixed Assets - set 3 (Maintain),VMORAES,
FA03RW,Fixed Assets - set 3 (Maintain),VVENUGOP,
FA03RW,Fixed Assets - set 3 (Maintain),WROWLES,
FA03RW,Fixed Assets - set 3 (Maintain),ZHAYATH,
FA04RO,Fixed Assets - set 4 (View),AHUDANI,
FA04RO,Fixed Assets - set 4 (View),ASTAYLOR,
FA04RO,Fixed Assets - set 4 (View),HPARMAR,
FA04RO,Fixed Assets - set 4 (View),JFOK,
FA04RO,Fixed Assets - set 4 (View),MBALAS,
FA04RO,Fixed Assets - set 4 (View),MDEAN,
FA04RO,Fixed Assets - set 4 (View),MISOTO,
FA04RO,Fixed Assets - set 4 (View),NBONIFACIO,
FA04RO,Fixed Assets - set 4 (View),RHINONG,
FA04RO,Fixed Assets - set 4 (View),RLIANG,
FA04RO,Fixed Assets - set 4 (View),RSANPEDRO,
FA04RO,Fixed Assets - set 4 (View),SSEKHON,
FA04RO,Fixed Assets - set 4 (View),VASOUZA,
FA04RO,Fixed Assets - set 4 (View),VGRIMSLI,
FA04RW,Fixed Assets - set 4 (Maintain),ABALDONADO,
FA04RW,Fixed Assets - set 4 (Maintain),ADATKHIL,
FA04RW,Fixed Assets - set 4 (Maintain),AKHAKIMO,
FA04RW,Fixed Assets - set 4 (Maintain),ASARTAPE,
FA04RW,Fixed Assets - set 4 (Maintain),ASUMAIYA,
FA04RW,Fixed Assets - set 4 (Maintain),ASZUBERL,
FA04RW,Fixed Assets - set 4 (Maintain),CMONTILL,
FA04RW,Fixed Assets - set 4 (Maintain),DANMACLEAN,
FA04RW,Fixed Assets - set 4 (Maintain),DGUASTAL,
FA04RW,Fixed Assets - set 4 (Maintain),DWU,
FA04RW,Fixed Assets - set 4 (Maintain),FNGAN,
FA04RW,Fixed Assets - set 4 (Maintain),IVESELOVSK,
FA04RW,Fixed Assets - set 4 (Maintain),JFOK,
FA04RW,Fixed Assets - set 4 (Maintain),JOLIN,
FA04RW,Fixed Assets - set 4 (Maintain),JTENGBER,
FA04RW,Fixed Assets - set 4 (Maintain),LDICKSON,
FA04RW,Fixed Assets - set 4 (Maintain),LXIE,
FA04RW,Fixed Assets - set 4 (Maintain),MCHOI,
FA04RW,Fixed Assets - set 4 (Maintain),MKIM,
FA04RW,Fixed Assets - set 4 (Maintain),MRAMOS,
FA04RW,Fixed Assets - set 4 (Maintain),NBADRINA,
FA04RW,Fixed Assets - set 4 (Maintain),PANDERSON,
FA04RW,Fixed Assets - set 4 (Maintain),PGUASTAL,
FA04RW,Fixed Assets - set 4 (Maintain),PSMITHERAM,
FA04RW,Fixed Assets - set 4 (Maintain),RJAMES,
FA04RW,Fixed Assets - set 4 (Maintain),RSANPEDRO,
FA04RW,Fixed Assets - set 4 (Maintain),SKALASAP,
FA04RW,Fixed Assets - set 4 (Maintain),SMARQUES,
FA04RW,Fixed Assets - set 4 (Maintain),SPAWAR,
FA04RW,Fixed Assets - set 4 (Maintain),SRANGARAJA,
FA04RW,Fixed Assets - set 4 (Maintain),SSHINDE,
FA04RW,Fixed Assets - set 4 (Maintain),TCOSTA,
FA04RW,Fixed Assets - set 4 (Maintain),UPATIL,
FA04RW,Fixed Assets - set 4 (Maintain),VMORAES,
FA04RW,Fixed Assets - set 4 (Maintain),VVENUGOP,
FA04RW,Fixed Assets - set 4 (Maintain),WROWLES,
FA04RW,Fixed Assets - set 4 (Maintain),ZHAYATH,
FA05RO,Fixed Assets - set 5 (View),AHUDANI,
FA05RO,Fixed Assets - set 5 (View),ASTAYLOR,
FA05RO,Fixed Assets - set 5 (View),DAWALKER,
FA05RO,Fixed Assets - set 5 (View),DGLENNIE,
FA05RO,Fixed Assets - set 5 (View),HPARMAR,
FA05RO,Fixed Assets - set 5 (View),JFOK,
FA05RO,Fixed Assets - set 5 (View),MBALAS,
FA05RO,Fixed Assets - set 5 (View),MDEAN,
FA05RO,Fixed Assets - set 5 (View),MISOTO,
FA05RO,Fixed Assets - set 5 (View),NBONIFACIO,
FA05RO,Fixed Assets - set 5 (View),RHINONG,
FA05RO,Fixed Assets - set 5 (View),RLIANG,
FA05RO,Fixed Assets - set 5 (View),RSANPEDRO,
FA05RO,Fixed Assets - set 5 (View),SSEKHON,
FA05RO,Fixed Assets - set 5 (View),STCOLLIN,
FA05RO,Fixed Assets - set 5 (View),VASOUZA,
FA05RO,Fixed Assets - set 5 (View),VGRIMSLI,
FA05RW,Fixed Assets - set 5 (Maintain),ABALDONADO,
FA05RW,Fixed Assets - set 5 (Maintain),ADATKHIL,
FA05RW,Fixed Assets - set 5 (Maintain),AKHAKIMO,
FA05RW,Fixed Assets - set 5 (Maintain),ASARTAPE,
FA05RW,Fixed Assets - set 5 (Maintain),ASUMAIYA,
FA05RW,Fixed Assets - set 5 (Maintain),ASZUBERL,
FA05RW,Fixed Assets - set 5 (Maintain),CMONTILL,
FA05RW,Fixed Assets - set 5 (Maintain),DANMACLEAN,
FA05RW,Fixed Assets - set 5 (Maintain),DGUASTAL,
FA05RW,Fixed Assets - set 5 (Maintain),DWU,
FA05RW,Fixed Assets - set 5 (Maintain),FNGAN,
FA05RW,Fixed Assets - set 5 (Maintain),IVESELOVSK,
FA05RW,Fixed Assets - set 5 (Maintain),JFOK,
FA05RW,Fixed Assets - set 5 (Maintain),JOLIN,
FA05RW,Fixed Assets - set 5 (Maintain),JTENGBER,
FA05RW,Fixed Assets - set 5 (Maintain),LDICKSON,
FA05RW,Fixed Assets - set 5 (Maintain),LXIE,
FA05RW,Fixed Assets - set 5 (Maintain),MCHOI,
FA05RW,Fixed Assets - set 5 (Maintain),MKIM,
FA05RW,Fixed Assets - set 5 (Maintain),MRAMOS,
FA05RW,Fixed Assets - set 5 (Maintain),NBADRINA,
FA05RW,Fixed Assets - set 5 (Maintain),PANDERSON,
FA05RW,Fixed Assets - set 5 (Maintain),PGUASTAL,
FA05RW,Fixed Assets - set 5 (Maintain),PSMITHERAM,
FA05RW,Fixed Assets - set 5 (Maintain),RJAMES,
FA05RW,Fixed Assets - set 5 (Maintain),RSANPEDRO,
FA05RW,Fixed Assets - set 5 (Maintain),SKALASAP,
FA05RW,Fixed Assets - set 5 (Maintain),SMACHLIK,
FA05RW,Fixed Assets - set 5 (Maintain),SMARQUES,
FA05RW,Fixed Assets - set 5 (Maintain),SPAWAR,
FA05RW,Fixed Assets - set 5 (Maintain),SRANGARAJA,
FA05RW,Fixed Assets - set 5 (Maintain),SSHINDE,
FA05RW,Fixed Assets - set 5 (Maintain),TCOSTA,
FA05RW,Fixed Assets - set 5 (Maintain),UPATIL,
FA05RW,Fixed Assets - set 5 (Maintain),VMORAES,
FA05RW,Fixed Assets - set 5 (Maintain),VVENUGOP,
FA05RW,Fixed Assets - set 5 (Maintain),WROWLES,
FA05RW,Fixed Assets - set 5 (Maintain),ZHAYATH,
FA06RO,Fixed Assets - set 6 (View),AHUDANI,
FA06RO,Fixed Assets - set 6 (View),AKANDWAL,
FA06RO,Fixed Assets - set 6 (View),ASTAYLOR,
FA06RO,Fixed Assets - set 6 (View),BARK,
FA06RO,Fixed Assets - set 6 (View),BCAR,
FA06RO,Fixed Assets - set 6 (View),BKISCH,
FA06RO,Fixed Assets - set 6 (View),BTERSTEGE,
FA06RO,Fixed Assets - set 6 (View),CTHOM,
FA06RO,Fixed Assets - set 6 (View),CWASKEY,
FA06RO,Fixed Assets - set 6 (View),DAWALKER,
FA06RO,Fixed Assets - set 6 (View),DGLENNIE,
FA06RO,Fixed Assets - set 6 (View),GIJUNIOR,
FA06RO,Fixed Assets - set 6 (View),HPARMAR,
FA06RO,Fixed Assets - set 6 (View),JALEE,
FA06RO,Fixed Assets - set 6 (View),JFOK,
FA06RO,Fixed Assets - set 6 (View),JLADIPAO,
FA06RO,Fixed Assets - set 6 (View),JRUSSELL,
FA06RO,Fixed Assets - set 6 (View),KLI,
FA06RO,Fixed Assets - set 6 (View),KNATTERO,
FA06RO,Fixed Assets - set 6 (View),KRIDA,
FA06RO,Fixed Assets - set 6 (View),KRISPAGE,
FA06RO,Fixed Assets - set 6 (View),LCHHABRA,
FA06RO,Fixed Assets - set 6 (View),LVELINCA,
FA06RO,Fixed Assets - set 6 (View),MAGILL,
FA06RO,Fixed Assets - set 6 (View),MBALAS,
FA06RO,Fixed Assets - set 6 (View),MDEAN,
FA06RO,Fixed Assets - set 6 (View),MISOTO,
FA06RO,Fixed Assets - set 6 (View),MJOHANNE,
FA06RO,Fixed Assets - set 6 (View),NBONIFACIO,
FA06RO,Fixed Assets - set 6 (View),NROSS,
FA06RO,Fixed Assets - set 6 (View),OOKUESO,
FA06RO,Fixed Assets - set 6 (View),PLINGEN,
FA06RO,Fixed Assets - set 6 (View),PPRESSLI,
FA06RO,Fixed Assets - set 6 (View),RABATISTA,
FA06RO,Fixed Assets - set 6 (View),REATON,
FA06RO,Fixed Assets - set 6 (View),RHINONG,
FA06RO,Fixed Assets - set 6 (View),RHOLSTAD,
FA06RO,Fixed Assets - set 6 (View),RLIANG,
FA06RO,Fixed Assets - set 6 (View),RSANPEDRO,
FA06RO,Fixed Assets - set 6 (View),RTATUM,
FA06RO,Fixed Assets - set 6 (View),SENGER,
FA06RO,Fixed Assets - set 6 (View),SGANDHIR,
FA06RO,Fixed Assets - set 6 (View),SLOUIE,
FA06RO,Fixed Assets - set 6 (View),SOSLAND,
FA06RO,Fixed Assets - set 6 (View),SSEKHON,
FA06RO,Fixed Assets - set 6 (View),STCOLLIN,
FA06RO,Fixed Assets - set 6 (View),TBURROUG,
FA06RO,Fixed Assets - set 6 (View),THJAKOBSEN,
FA06RO,Fixed Assets - set 6 (View),TVILLARD,
FA06RO,Fixed Assets - set 6 (View),VASOUZA,
FA06RO,Fixed Assets - set 6 (View),VGRIMSLI,
FA06RO,Fixed Assets - set 6 (View),VLAW,
FA06RW,Fixed Assets - set 6 (Maintain),ABALDONADO,
FA06RW,Fixed Assets - set 6 (Maintain),ADATKHIL,
FA06RW,Fixed Assets - set 6 (Maintain),AKHAKIMO,
FA06RW,Fixed Assets - set 6 (Maintain),ASARTAPE,
FA06RW,Fixed Assets - set 6 (Maintain),ASUMAIYA,
FA06RW,Fixed Assets - set 6 (Maintain),ASZUBERL,
FA06RW,Fixed Assets - set 6 (Maintain),CMONTILL,
FA06RW,Fixed Assets - set 6 (Maintain),DANMACLEAN,
FA06RW,Fixed Assets - set 6 (Maintain),DGUASTAL,
FA06RW,Fixed Assets - set 6 (Maintain),DWU,
FA06RW,Fixed Assets - set 6 (Maintain),FNGAN,
FA06RW,Fixed Assets - set 6 (Maintain),IVESELOVSK,
FA06RW,Fixed Assets - set 6 (Maintain),JFOK,
FA06RW,Fixed Assets - set 6 (Maintain),JOLIN,
FA06RW,Fixed Assets - set 6 (Maintain),JTENGBER,
FA06RW,Fixed Assets - set 6 (Maintain),LDICKSON,
FA06RW,Fixed Assets - set 6 (Maintain),LXIE,
FA06RW,Fixed Assets - set 6 (Maintain),MCHOI,
FA06RW,Fixed Assets - set 6 (Maintain),MKIM,
FA06RW,Fixed Assets - set 6 (Maintain),MRAMOS,
FA06RW,Fixed Assets - set 6 (Maintain),NBADRINA,
FA06RW,Fixed Assets - set 6 (Maintain),PANDERSON,
FA06RW,Fixed Assets - set 6 (Maintain),PGUASTAL,
FA06RW,Fixed Assets - set 6 (Maintain),PSMITHERAM,
FA06RW,Fixed Assets - set 6 (Maintain),RJAMES,
FA06RW,Fixed Assets - set 6 (Maintain),RSANPEDRO,
FA06RW,Fixed Assets - set 6 (Maintain),SKALASAP,
FA06RW,Fixed Assets - set 6 (Maintain),SMARQUES,
FA06RW,Fixed Assets - set 6 (Maintain),SPAWAR,
FA06RW,Fixed Assets - set 6 (Maintain),SRANGARAJA,
FA06RW,Fixed Assets - set 6 (Maintain),SSHINDE,
FA06RW,Fixed Assets - set 6 (Maintain),TCOSTA,
FA06RW,Fixed Assets - set 6 (Maintain),UPATIL,
FA06RW,Fixed Assets - set 6 (Maintain),VMORAES,
FA06RW,Fixed Assets - set 6 (Maintain),VVENUGOP,
FA06RW,Fixed Assets - set 6 (Maintain),WROWLES,
FA06RW,Fixed Assets - set 6 (Maintain),ZHAYATH,
FS01RO,Financial Stmts - set 1 (View),ASTAYLOR,
FS01RO,Financial Stmts - set 1 (View),MISOTO,
FS01RW,Financial Stmts - set 1 (Maintain),,
FS02RO,Financial Stmts - set 2 (View),ASTAYLOR,
FS02RO,Financial Stmts - set 2 (View),MISOTO,
FS03RO,Financial Stmts - set 3 (View),ASTAYLOR,
FS03RO,Financial Stmts - set 3 (View),MISOTO,
FS04RO,Financial Stmts - set 4 (View),ASTAYLOR,
FS04RO,Financial Stmts - set 4 (View),MISOTO,
FS05RO,Financial Stmts - set 5 (View),ASTAYLOR,
FS05RO,Financial Stmts - set 5 (View),MISOTO,
FS06RO,Financial Stmts - set 6 (View),AHUDANI,
FS06RO,Financial Stmts - set 6 (View),AKANDWAL,
FS06RO,Financial Stmts - set 6 (View),ASTAYLOR,
FS06RO,Financial Stmts - set 6 (View),BARK,
FS06RO,Financial Stmts - set 6 (View),BCAR,
FS06RO,Financial Stmts - set 6 (View),BKISCH,
FS06RO,Financial Stmts - set 6 (View),BTERSTEGE,
FS06RO,Financial Stmts - set 6 (View),CTHOM,
FS06RO,Financial Stmts - set 6 (View),CWASKEY,
FS06RO,Financial Stmts - set 6 (View),DAWALKER,
FS06RO,Financial Stmts - set 6 (View),DGLENNIE,
FS06RO,Financial Stmts - set 6 (View),GIJUNIOR,
FS06RO,Financial Stmts - set 6 (View),HPARMAR,
FS06RO,Financial Stmts - set 6 (View),IVESELOVSK,
FS06RO,Financial Stmts - set 6 (View),JALEE,
FS06RO,Financial Stmts - set 6 (View),JLADIPAO,
FS06RO,Financial Stmts - set 6 (View),JRUSSELL,
FS06RO,Financial Stmts - set 6 (View),KLI,
FS06RO,Financial Stmts - set 6 (View),KNATTERO,
FS06RO,Financial Stmts - set 6 (View),KRIDA,
FS06RO,Financial Stmts - set 6 (View),KRISPAGE,
FS06RO,Financial Stmts - set 6 (View),LCHHABRA,
FS06RO,Financial Stmts - set 6 (View),LVELINCA,
FS06RO,Financial Stmts - set 6 (View),MAGILL,
FS06RO,Financial Stmts - set 6 (View),MBALAS,
FS06RO,Financial Stmts - set 6 (View),MDEAN,
FS06RO,Financial Stmts - set 6 (View),MISOTO,
FS06RO,Financial Stmts - set 6 (View),MJOHANNE,
FS06RO,Financial Stmts - set 6 (View),NBONIFACIO,
FS06RO,Financial Stmts - set 6 (View),NROSS,
FS06RO,Financial Stmts - set 6 (View),OOKUESO,
FS06RO,Financial Stmts - set 6 (View),PLINGEN,
FS06RO,Financial Stmts - set 6 (View),PPRESSLI,
FS06RO,Financial Stmts - set 6 (View),PSMITHERAM,
FS06RO,Financial Stmts - set 6 (View),RABATISTA,
FS06RO,Financial Stmts - set 6 (View),REATON,
FS06RO,Financial Stmts - set 6 (View),RHINONG,
FS06RO,Financial Stmts - set 6 (View),RHOLSTAD,
FS06RO,Financial Stmts - set 6 (View),RJAMES,
FS06RO,Financial Stmts - set 6 (View),RLIANG,
FS06RO,Financial Stmts - set 6 (View),RTATUM,
FS06RO,Financial Stmts - set 6 (View),SENGER,
FS06RO,Financial Stmts - set 6 (View),SGANDHIR,
FS06RO,Financial Stmts - set 6 (View),SLOUIE,
FS06RO,Financial Stmts - set 6 (View),SOSLAND,
FS06RO,Financial Stmts - set 6 (View),SSEKHON,
FS06RO,Financial Stmts - set 6 (View),STCOLLIN,
FS06RO,Financial Stmts - set 6 (View),TBURROUG,
FS06RO,Financial Stmts - set 6 (View),TCOSTA,
FS06RO,Financial Stmts - set 6 (View),THJAKOBSEN,
FS06RO,Financial Stmts - set 6 (View),TVILLARD,
FS06RO,Financial Stmts - set 6 (View),VASOUZA,
FS06RO,Financial Stmts - set 6 (View),VGRIMSLI,
FS06RO,Financial Stmts - set 6 (View),VLAW,
FS06RO,Financial Stmts - set 6 (View),VMORAES,
FS06RW,Financial Stmts - set 6 (Maintain),ABALDONADO,
FS06RW,Financial Stmts - set 6 (Maintain),ADATKHIL,
FS06RW,Financial Stmts - set 6 (Maintain),ASARTAPE,
FS06RW,Financial Stmts - set 6 (Maintain),ASUMAIYA,
FS06RW,Financial Stmts - set 6 (Maintain),ASZUBERL,
FS06RW,Financial Stmts - set 6 (Maintain),DANMACLEAN,
FS06RW,Financial Stmts - set 6 (Maintain),DGUASTAL,
FS06RW,Financial Stmts - set 6 (Maintain),DWU,
FS06RW,Financial Stmts - set 6 (Maintain),JFOK,
FS06RW,Financial Stmts - set 6 (Maintain),JOLIN,
FS06RW,Financial Stmts - set 6 (Maintain),JTENGBER,
FS06RW,Financial Stmts - set 6 (Maintain),MKIM,
FS06RW,Financial Stmts - set 6 (Maintain),MRAMOS,
FS06RW,Financial Stmts - set 6 (Maintain),NBADRINA,
FS06RW,Financial Stmts - set 6 (Maintain),PANDERSON,
FS06RW,Financial Stmts - set 6 (Maintain),PGUASTAL,
FS06RW,Financial Stmts - set 6 (Maintain),RSANPEDRO,
FS06RW,Financial Stmts - set 6 (Maintain),SKALASAP,
FS06RW,Financial Stmts - set 6 (Maintain),SPAWAR,
FS06RW,Financial Stmts - set 6 (Maintain),SRANGARAJA,
FS06RW,Financial Stmts - set 6 (Maintain),SSHINDE,
FS06RW,Financial Stmts - set 6 (Maintain),UPATIL,
FS06RW,Financial Stmts - set 6 (Maintain),VVENUGOP,
FS06RW,Financial Stmts - set 6 (Maintain),WROWLES,
FS06RW,Financial Stmts - set 6 (Maintain),ZHAYATH,
FS07RO,Financial Stmts - set 7 (View),AHUDANI,
FS07RO,Financial Stmts - set 7 (View),ASTAYLOR,
FS07RO,Financial Stmts - set 7 (View),HPARMAR,
FS07RO,Financial Stmts - set 7 (View),MBALAS,
FS07RO,Financial Stmts - set 7 (View),MDEAN,
FS07RO,Financial Stmts - set 7 (View),MISOTO,
FS07RO,Financial Stmts - set 7 (View),NBONIFACIO,
FS07RO,Financial Stmts - set 7 (View),RHINONG,
FS07RO,Financial Stmts - set 7 (View),RLIANG,
FS07RO,Financial Stmts - set 7 (View),SSEKHON,
FS07RO,Financial Stmts - set 7 (View),VASOUZA,
FS07RO,Financial Stmts - set 7 (View),VGRIMSLI,
FS07RW,Financial Stmts - set 7 (Maintain),ABALDONADO,
FS07RW,Financial Stmts - set 7 (Maintain),ADATKHIL,
FS07RW,Financial Stmts - set 7 (Maintain),ASARTAPE,
FS07RW,Financial Stmts - set 7 (Maintain),ASUMAIYA,
FS07RW,Financial Stmts - set 7 (Maintain),ASZUBERL,
FS07RW,Financial Stmts - set 7 (Maintain),DANMACLEAN,
FS07RW,Financial Stmts - set 7 (Maintain),DGUASTAL,
FS07RW,Financial Stmts - set 7 (Maintain),DWU,
FS07RW,Financial Stmts - set 7 (Maintain),JFOK,
FS07RW,Financial Stmts - set 7 (Maintain),JOLIN,
FS07RW,Financial Stmts - set 7 (Maintain),JTENGBER,
FS07RW,Financial Stmts - set 7 (Maintain),MKIM,
FS07RW,Financial Stmts - set 7 (Maintain),MRAMOS,
FS07RW,Financial Stmts - set 7 (Maintain),NBADRINA,
FS07RW,Financial Stmts - set 7 (Maintain),PANDERSON,
FS07RW,Financial Stmts - set 7 (Maintain),PGUASTAL,
FS07RW,Financial Stmts - set 7 (Maintain),RSANPEDRO,
FS07RW,Financial Stmts - set 7 (Maintain),SKALASAP,
FS07RW,Financial Stmts - set 7 (Maintain),SPAWAR,
FS07RW,Financial Stmts - set 7 (Maintain),SRANGARAJA,
FS07RW,Financial Stmts - set 7 (Maintain),SSHINDE,
FS07RW,Financial Stmts - set 7 (Maintain),UPATIL,
FS07RW,Financial Stmts - set 7 (Maintain),VVENUGOP,
FS07RW,Financial Stmts - set 7 (Maintain),WROWLES,
FS07RW,Financial Stmts - set 7 (Maintain),ZHAYATH,
GL01RO,General Ledger - set 1 (View),ABRYLINS,
GL01RO,General Ledger - set 1 (View),ADUBEY,
GL01RO,General Ledger - set 1 (View),AHUDANI,
GL01RO,General Ledger - set 1 (View),AKANDWAL,
GL01RO,General Ledger - set 1 (View),AKAZI,
GL01RO,General Ledger - set 1 (View),AKHAKIMO,
GL01RO,General Ledger - set 1 (View),AKORDE,
GL01RO,General Ledger - set 1 (View),AKOT,
GL01RO,General Ledger - set 1 (View),AKUDEKAR,
GL01RO,General Ledger - set 1 (View),AREWERA,
GL01RO,General Ledger - set 1 (View),ASOUZA,
GL01RO,General Ledger - set 1 (View),ASTAYLOR,
GL01RO,General Ledger - set 1 (View),BARK,
GL01RO,General Ledger - set 1 (View),BCAR,
GL01RO,General Ledger - set 1 (View),BEHESS,
GL01RO,General Ledger - set 1 (View),BKISCH,
GL01RO,General Ledger - set 1 (View),BSILVA,
GL01RO,General Ledger - set 1 (View),BSTUSIK,
GL01RO,General Ledger - set 1 (View),BTERSTEGE,
GL01RO,General Ledger - set 1 (View),CCRUMP,
GL01RO,General Ledger - set 1 (View),CMONTILL,
GL01RO,General Ledger - set 1 (View),CTHOM,
GL01RO,General Ledger - set 1 (View),CWASKEY,
GL01RO,General Ledger - set 1 (View),DAWALKER,
GL01RO,General Ledger - set 1 (View),DDALVI,
GL01RO,General Ledger - set 1 (View),DDVALVI,
GL01RO,General Ledger - set 1 (View),DGLENNIE,
GL01RO,General Ledger - set 1 (View),DHALYS,
GL01RO,General Ledger - set 1 (View),DLOS,
GL01RO,General Ledger - set 1 (View),DNEWLAND,
GL01RO,General Ledger - set 1 (View),DYYANG,
GL01RO,General Ledger - set 1 (View),EFORTUS,
GL01RO,General Ledger - set 1 (View),EFRANCO,
GL01RO,General Ledger - set 1 (View),EHERVIK,
GL01RO,General Ledger - set 1 (View),EICAMPBE,
GL01RO,General Ledger - set 1 (View),EKRISTVI,
GL01RO,General Ledger - set 1 (View),EMITCHELL,
GL01RO,General Ledger - set 1 (View),ESOREIDE,
GL01RO,General Ledger - set 1 (View),FNGAN,
GL01RO,General Ledger - set 1 (View),GIJUNIOR,
GL01RO,General Ledger - set 1 (View),GSCHREUD,
GL01RO,General Ledger - set 1 (View),HPARMAR,
GL01RO,General Ledger - set 1 (View),HPATIL,
GL01RO,General Ledger - set 1 (View),IVESELOVSK,
GL01RO,General Ledger - set 1 (View),JALEE,
GL01RO,General Ledger - set 1 (View),JECOOPER,
GL01RO,General Ledger - set 1 (View),JFOK,
GL01RO,General Ledger - set 1 (View),JGUDMESTAD,
GL01RO,General Ledger - set 1 (View),JKOBYLIN,
GL01RO,General Ledger - set 1 (View),JKUPCZAK,
GL01RO,General Ledger - set 1 (View),JLADIPAO,
GL01RO,General Ledger - set 1 (View),JRUSSELL,
GL01RO,General Ledger - set 1 (View),JSANTOS,
GL01RO,General Ledger - set 1 (View),KASANTOS,
GL01RO,General Ledger - set 1 (View),KASTEWAR,
GL01RO,General Ledger - set 1 (View),KGAWANDE,
GL01RO,General Ledger - set 1 (View),KHENDZEL,
GL01RO,General Ledger - set 1 (View),KJANTOSZ,
GL01RO,General Ledger - set 1 (View),KLI,
GL01RO,General Ledger - set 1 (View),KMACDONA,
GL01RO,General Ledger - set 1 (View),KNATTERO,
GL01RO,General Ledger - set 1 (View),KRIDA,
GL01RO,General Ledger - set 1 (View),KRISPAGE,
GL01RO,General Ledger - set 1 (View),KULTRA,
GL01RO,General Ledger - set 1 (View),KWONG,
GL01RO,General Ledger - set 1 (View),LBRANDAO,
GL01RO,General Ledger - set 1 (View),LCHHABRA,
GL01RO,General Ledger - set 1 (View),LDICKSON,
GL01RO,General Ledger - set 1 (View),LDUNCAN,
GL01RO,General Ledger - set 1 (View),LVELINCA,
GL01RO,General Ledger - set 1 (View),LXIE,
GL01RO,General Ledger - set 1 (View),MAGILL,
GL01RO,General Ledger - set 1 (View),MAJONES,
GL01RO,General Ledger - set 1 (View),MBALAS,
GL01RO,General Ledger - set 1 (View),MCHOI,
GL01RO,General Ledger - set 1 (View),MDAYAPER,
GL01RO,General Ledger - set 1 (View),MDEAN,
GL01RO,General Ledger - set 1 (View),MHIZONA,
GL01RO,General Ledger - set 1 (View),MISOTO,
GL01RO,General Ledger - set 1 (View),MJOHANNE,
GL01RO,General Ledger - set 1 (View),MKEPA,
GL01RO,General Ledger - set 1 (View),NBONIFACIO,
GL01RO,General Ledger - set 1 (View),NKATHE,
GL01RO,General Ledger - set 1 (View),NNUGRHA,
GL01RO,General Ledger - set 1 (View),NPARK,
GL01RO,General Ledger - set 1 (View),NROSS,
GL01RO,General Ledger - set 1 (View),NVROON,
GL01RO,General Ledger - set 1 (View),ODANGMAL,
GL01RO,General Ledger - set 1 (View),OMULIK,
GL01RO,General Ledger - set 1 (View),OOKUESO,
GL01RO,General Ledger - set 1 (View),PKHONGPAN,
GL01RO,General Ledger - set 1 (View),PLINGEN,
GL01RO,General Ledger - set 1 (View),PPRESSLI,
GL01RO,General Ledger - set 1 (View),PREN,
GL01RO,General Ledger - set 1 (View),PSMITHERAM,
GL01RO,General Ledger - set 1 (View),RABATISTA,
GL01RO,General Ledger - set 1 (View),RAKPADAD,
GL01RO,General Ledger - set 1 (View),RCHANNA,
GL01RO,General Ledger - set 1 (View),RDURGADE,
GL01RO,General Ledger - set 1 (View),REATON,
GL01RO,General Ledger - set 1 (View),RHINONG,
GL01RO,General Ledger - set 1 (View),RHOLSTAD,
GL01RO,General Ledger - set 1 (View),RJADHAV,
GL01RO,General Ledger - set 1 (View),RJAMES,
GL01RO,General Ledger - set 1 (View),RLIANG,
GL01RO,General Ledger - set 1 (View),RSANPEDRO,
GL01RO,General Ledger - set 1 (View),RTATUM,
GL01RO,General Ledger - set 1 (View),SCONROY,
GL01RO,General Ledger - set 1 (View),SENGER,
GL01RO,General Ledger - set 1 (View),SGANDHIR,
GL01RO,General Ledger - set 1 (View),SGOWDA,
GL01RO,General Ledger - set 1 (View),SJOHNY,
GL01RO,General Ledger - set 1 (View),SKONING,
GL01RO,General Ledger - set 1 (View),SLENGHE,
GL01RO,General Ledger - set 1 (View),SLOUIE,
GL01RO,General Ledger - set 1 (View),SMACHLIK,
GL01RO,General Ledger - set 1 (View),SMARQUES,
GL01RO,General Ledger - set 1 (View),SNPAWAR,
GL01RO,General Ledger - set 1 (View),SOSLAND,
GL01RO,General Ledger - set 1 (View),SPATIL,
GL01RO,General Ledger - set 1 (View),SSEKHON,
GL01RO,General Ledger - set 1 (View),STCOLLIN,
GL01RO,General Ledger - set 1 (View),STEIXEIR,
GL01RO,General Ledger - set 1 (View),SUJOSHI,
GL01RO,General Ledger - set 1 (View),TBROUWER,
GL01RO,General Ledger - set 1 (View),TBURROUG,
GL01RO,General Ledger - set 1 (View),TCOSTA,
GL01RO,General Ledger - set 1 (View),THJAKOBSEN,
GL01RO,General Ledger - set 1 (View),TVILLARD,
GL01RO,General Ledger - set 1 (View),VASOUZA,
GL01RO,General Ledger - set 1 (View),VGRIMSLI,
GL01RO,General Ledger - set 1 (View),VISILVA,
GL01RO,General Ledger - set 1 (View),VJADHAV,
GL01RO,General Ledger - set 1 (View),VLAW,
GL01RO,General Ledger - set 1 (View),VMORAES,
GL01RO,General Ledger - set 1 (View),VMUDGAL,
GL01RO,General Ledger - set 1 (View),VREITAN,
GL01RO,General Ledger - set 1 (View),VSATPUTE,
GL01RO,General Ledger - set 1 (View),YJADHAV,
GL01RO,General Ledger - set 1 (View),YWAYKAR,
GL01RW,General Ledger - set 1 (Maintain),AAMARTIN,
GL01RW,General Ledger - set 1 (Maintain),ABALDONADO,
GL01RW,General Ledger - set 1 (Maintain),ABRYLINS,
GL01RW,General Ledger - set 1 (Maintain),ADATKHIL,
GL01RW,General Ledger - set 1 (Maintain),ADUBEY,
GL01RW,General Ledger - set 1 (Maintain),AHUDANI,
GL01RW,General Ledger - set 1 (Maintain),AKAZI,
GL01RW,General Ledger - set 1 (Maintain),AKHAKIMO,
GL01RW,General Ledger - set 1 (Maintain),AKORDE,
GL01RW,General Ledger - set 1 (Maintain),AKOT,
GL01RW,General Ledger - set 1 (Maintain),AKUDEKAR,
GL01RW,General Ledger - set 1 (Maintain),AREWERA,
GL01RW,General Ledger - set 1 (Maintain),ASARTAPE,
GL01RW,General Ledger - set 1 (Maintain),ASOUZA,
GL01RW,General Ledger - set 1 (Maintain),ASUMAIYA,
GL01RW,General Ledger - set 1 (Maintain),ASZUBERL,
GL01RW,General Ledger - set 1 (Maintain),BEHESS,
GL01RW,General Ledger - set 1 (Maintain),BSILVA,
GL01RW,General Ledger - set 1 (Maintain),BSTUSIK,
GL01RW,General Ledger - set 1 (Maintain),CCOPELAN,
GL01RW,General Ledger - set 1 (Maintain),CCRUMP,
GL01RW,General Ledger - set 1 (Maintain),CMONTILL,
GL01RW,General Ledger - set 1 (Maintain),CTHOM,
GL01RW,General Ledger - set 1 (Maintain),DANMACLEAN,
GL01RW,General Ledger - set 1 (Maintain),DDALVI,
GL01RW,General Ledger - set 1 (Maintain),DDVALVI,
GL01RW,General Ledger - set 1 (Maintain),DGUASTAL,
GL01RW,General Ledger - set 1 (Maintain),DHALYS,
GL01RW,General Ledger - set 1 (Maintain),DKELLY,
GL01RW,General Ledger - set 1 (Maintain),DLOS,
GL01RW,General Ledger - set 1 (Maintain),DNEWLAND,
GL01RW,General Ledger - set 1 (Maintain),DPANGILI,
GL01RW,General Ledger - set 1 (Maintain),DWU,
GL01RW,General Ledger - set 1 (Maintain),DYYANG,
GL01RW,General Ledger - set 1 (Maintain),EFORTUS,
GL01RW,General Ledger - set 1 (Maintain),EFRANCO,
GL01RW,General Ledger - set 1 (Maintain),EHERVIK,
GL01RW,General Ledger - set 1 (Maintain),EICAMPBE,
GL01RW,General Ledger - set 1 (Maintain),EKRISTVI,
GL01RW,General Ledger - set 1 (Maintain),EMITCHELL,
GL01RW,General Ledger - set 1 (Maintain),ESOREIDE,
GL01RW,General Ledger - set 1 (Maintain),FNGAN,
GL01RW,General Ledger - set 1 (Maintain),GESCARAY,
GL01RW,General Ledger - set 1 (Maintain),GJOHANSE,
GL01RW,General Ledger - set 1 (Maintain),GSCHREUD,
GL01RW,General Ledger - set 1 (Maintain),HPARMAR,
GL01RW,General Ledger - set 1 (Maintain),HPATIL,
GL01RW,General Ledger - set 1 (Maintain),IVESELOVSK,
GL01RW,General Ledger - set 1 (Maintain),JCEGIELS,
GL01RW,General Ledger - set 1 (Maintain),JCONCEPC,
GL01RW,General Ledger - set 1 (Maintain),JECOOPER,
GL01RW,General Ledger - set 1 (Maintain),JFOK,
GL01RW,General Ledger - set 1 (Maintain),JGUDMESTAD,
GL01RW,General Ledger - set 1 (Maintain),JKOBYLIN,
GL01RW,General Ledger - set 1 (Maintain),JKUPCZAK,
GL01RW,General Ledger - set 1 (Maintain),JOLIN,
GL01RW,General Ledger - set 1 (Maintain),JRUSSELL,
GL01RW,General Ledger - set 1 (Maintain),JSANTOS,
GL01RW,General Ledger - set 1 (Maintain),JTENGBER,
GL01RW,General Ledger - set 1 (Maintain),KASANTOS,
GL01RW,General Ledger - set 1 (Maintain),KASTEWAR,
GL01RW,General Ledger - set 1 (Maintain),KGAWANDE,
GL01RW,General Ledger - set 1 (Maintain),KHENDZEL,
GL01RW,General Ledger - set 1 (Maintain),KJANTOSZ,
GL01RW,General Ledger - set 1 (Maintain),KMACDONA,
GL01RW,General Ledger - set 1 (Maintain),KPHUNG,
GL01RW,General Ledger - set 1 (Maintain),KULTRA,
GL01RW,General Ledger - set 1 (Maintain),KWONG,
GL01RW,General Ledger - set 1 (Maintain),LBRANDAO,
GL01RW,General Ledger - set 1 (Maintain),LDICKSON,
GL01RW,General Ledger - set 1 (Maintain),LDUNCAN,
GL01RW,General Ledger - set 1 (Maintain),LVIERA,
GL01RW,General Ledger - set 1 (Maintain),LXIE,
GL01RW,General Ledger - set 1 (Maintain),MAJONES,
GL01RW,General Ledger - set 1 (Maintain),MAMATONG,
GL01RW,General Ledger - set 1 (Maintain),MBALAS,
GL01RW,General Ledger - set 1 (Maintain),MCHOI,
GL01RW,General Ledger - set 1 (Maintain),MDAYAPER,
GL01RW,General Ledger - set 1 (Maintain),MDEAN,
GL01RW,General Ledger - set 1 (Maintain),MHIZONA,
GL01RW,General Ledger - set 1 (Maintain),MKEPA,
GL01RW,General Ledger - set 1 (Maintain),MKIM,
GL01RW,General Ledger - set 1 (Maintain),MRAMOS,
GL01RW,General Ledger - set 1 (Maintain),MSANSALI,
GL01RW,General Ledger - set 1 (Maintain),NBADRINA,
GL01RW,General Ledger - set 1 (Maintain),NBONIFACIO,
GL01RW,General Ledger - set 1 (Maintain),NKATHE,
GL01RW,General Ledger - set 1 (Maintain),NNUGRHA,
GL01RW,General Ledger - set 1 (Maintain),NPARK,
GL01RW,General Ledger - set 1 (Maintain),NVROON,
GL01RW,General Ledger - set 1 (Maintain),ODANGMAL,
GL01RW,General Ledger - set 1 (Maintain),OMULIK,
GL01RW,General Ledger - set 1 (Maintain),OOKUESO,
GL01RW,General Ledger - set 1 (Maintain),PANDERSON,
GL01RW,General Ledger - set 1 (Maintain),PGUASTAL,
GL01RW,General Ledger - set 1 (Maintain),PKHONGPAN,
GL01RW,General Ledger - set 1 (Maintain),PPRESSLI,
GL01RW,General Ledger - set 1 (Maintain),PREN,
GL01RW,General Ledger - set 1 (Maintain),PSMITHERAM,
GL01RW,General Ledger - set 1 (Maintain),RAJKUMAR,
GL01RW,General Ledger - set 1 (Maintain),RAKPADAD,
GL01RW,General Ledger - set 1 (Maintain),RCHANNA,
GL01RW,General Ledger - set 1 (Maintain),RDURGADE,
GL01RW,General Ledger - set 1 (Maintain),RHALILI,
GL01RW,General Ledger - set 1 (Maintain),RHINONG,
GL01RW,General Ledger - set 1 (Maintain),RJADHAV,
GL01RW,General Ledger - set 1 (Maintain),RJAMES,
GL01RW,General Ledger - set 1 (Maintain),RLIANG,
GL01RW,General Ledger - set 1 (Maintain),RLONG,
GL01RW,General Ledger - set 1 (Maintain),RMUYO,
GL01RW,General Ledger - set 1 (Maintain),RSANPEDRO,
GL01RW,General Ledger - set 1 (Maintain),RTUMAGAN,
GL01RW,General Ledger - set 1 (Maintain),SCONROY,
GL01RW,General Ledger - set 1 (Maintain),SGOWDA,
GL01RW,General Ledger - set 1 (Maintain),SHOGGATT,
GL01RW,General Ledger - set 1 (Maintain),SJOHNY,
GL01RW,General Ledger - set 1 (Maintain),SKALASAP,
GL01RW,General Ledger - set 1 (Maintain),SKONING,
GL01RW,General Ledger - set 1 (Maintain),SLENGHE,
GL01RW,General Ledger - set 1 (Maintain),SMACHLIK,
GL01RW,General Ledger - set 1 (Maintain),SMARQUES,
GL01RW,General Ledger - set 1 (Maintain),SNEZAMIA,
GL01RW,General Ledger - set 1 (Maintain),SNPAWAR,
GL01RW,General Ledger - set 1 (Maintain),SPATIL,
GL01RW,General Ledger - set 1 (Maintain),SPAWAR,
GL01RW,General Ledger - set 1 (Maintain),SRANGARAJA,
GL01RW,General Ledger - set 1 (Maintain),SSEKHON,
GL01RW,General Ledger - set 1 (Maintain),SSHINDE,
GL01RW,General Ledger - set 1 (Maintain),STEIXEIR,
GL01RW,General Ledger - set 1 (Maintain),SUJOSHI,
GL01RW,General Ledger - set 1 (Maintain),TBASS,
GL01RW,General Ledger - set 1 (Maintain),TBROUWER,
GL01RW,General Ledger - set 1 (Maintain),TCOSTA,
GL01RW,General Ledger - set 1 (Maintain),THJAKOBSEN,
GL01RW,General Ledger - set 1 (Maintain),TIMCOX,
GL01RW,General Ledger - set 1 (Maintain),TVILLARD,
GL01RW,General Ledger - set 1 (Maintain),UPATIL,
GL01RW,General Ledger - set 1 (Maintain),VASOUZA,
GL01RW,General Ledger - set 1 (Maintain),VGRIMSLI,
GL01RW,General Ledger - set 1 (Maintain),VISILVA,
GL01RW,General Ledger - set 1 (Maintain),VJADHAV,
GL01RW,General Ledger - set 1 (Maintain),VMORAES,
GL01RW,General Ledger - set 1 (Maintain),VMUDGAL,
GL01RW,General Ledger - set 1 (Maintain),VREITAN,
GL01RW,General Ledger - set 1 (Maintain),VSATPUTE,
GL01RW,General Ledger - set 1 (Maintain),VVENUGOP,
GL01RW,General Ledger - set 1 (Maintain),WROWLES,
GL01RW,General Ledger - set 1 (Maintain),YJADHAV,
GL01RW,General Ledger - set 1 (Maintain),YWAYKAR,
GL01RW,General Ledger - set 1 (Maintain),ZHAYATH,
GL02RO,General Ledger - set 2 (View),ABALDONADO,
GL02RO,General Ledger - set 2 (View),ABRYLINS,
GL02RO,General Ledger - set 2 (View),ADUBEY,
GL02RO,General Ledger - set 2 (View),AHUDANI,
GL02RO,General Ledger - set 2 (View),AKANDWAL,
GL02RO,General Ledger - set 2 (View),AKAZI,
GL02RO,General Ledger - set 2 (View),AKHAKIMO,
GL02RO,General Ledger - set 2 (View),AKORDE,
GL02RO,General Ledger - set 2 (View),AKOT,
GL02RO,General Ledger - set 2 (View),AKUDEKAR,
GL02RO,General Ledger - set 2 (View),AREWERA,
GL02RO,General Ledger - set 2 (View),ASOUZA,
GL02RO,General Ledger - set 2 (View),ASTAYLOR,
GL02RO,General Ledger - set 2 (View),BARK,
GL02RO,General Ledger - set 2 (View),BCAR,
GL02RO,General Ledger - set 2 (View),BEHESS,
GL02RO,General Ledger - set 2 (View),BKISCH,
GL02RO,General Ledger - set 2 (View),BSILVA,
GL02RO,General Ledger - set 2 (View),BSTUSIK,
GL02RO,General Ledger - set 2 (View),BTERSTEGE,
GL02RO,General Ledger - set 2 (View),CCRUMP,
GL02RO,General Ledger - set 2 (View),CGAULIER,
GL02RO,General Ledger - set 2 (View),CLAWSON,
GL02RO,General Ledger - set 2 (View),CMONTILL,
GL02RO,General Ledger - set 2 (View),CTHOM,
GL02RO,General Ledger - set 2 (View),CWASKEY,
GL02RO,General Ledger - set 2 (View),DAWALKER,
GL02RO,General Ledger - set 2 (View),DDALVI,
GL02RO,General Ledger - set 2 (View),DDVALVI,
GL02RO,General Ledger - set 2 (View),DGLENNIE,
GL02RO,General Ledger - set 2 (View),DHALYS,
GL02RO,General Ledger - set 2 (View),DLOS,
GL02RO,General Ledger - set 2 (View),DNEWLAND,
GL02RO,General Ledger - set 2 (View),DYYANG,
GL02RO,General Ledger - set 2 (View),EFORTUS,
GL02RO,General Ledger - set 2 (View),EFRANCO,
GL02RO,General Ledger - set 2 (View),EHERVIK,
GL02RO,General Ledger - set 2 (View),EICAMPBE,
GL02RO,General Ledger - set 2 (View),EKRISTVI,
GL02RO,General Ledger - set 2 (View),EMITCHELL,
GL02RO,General Ledger - set 2 (View),ESOREIDE,
GL02RO,General Ledger - set 2 (View),FNGAN,
GL02RO,General Ledger - set 2 (View),GIJUNIOR,
GL02RO,General Ledger - set 2 (View),GSCHREUD,
GL02RO,General Ledger - set 2 (View),HKRANENB,
GL02RO,General Ledger - set 2 (View),HPARMAR,
GL02RO,General Ledger - set 2 (View),HPATIL,
GL02RO,General Ledger - set 2 (View),IVESELOVSK,
GL02RO,General Ledger - set 2 (View),JALEE,
GL02RO,General Ledger - set 2 (View),JECOOPER,
GL02RO,General Ledger - set 2 (View),JFOK,
GL02RO,General Ledger - set 2 (View),JGUDMESTAD,
GL02RO,General Ledger - set 2 (View),JKOBYLIN,
GL02RO,General Ledger - set 2 (View),JKUPCZAK,
GL02RO,General Ledger - set 2 (View),JLADIPAO,
GL02RO,General Ledger - set 2 (View),JOLIN,
GL02RO,General Ledger - set 2 (View),JRUSSELL,
GL02RO,General Ledger - set 2 (View),JSANTOS,
GL02RO,General Ledger - set 2 (View),KASANTOS,
GL02RO,General Ledger - set 2 (View),KASTEWAR,
GL02RO,General Ledger - set 2 (View),KGAWANDE,
GL02RO,General Ledger - set 2 (View),KHENDZEL,
GL02RO,General Ledger - set 2 (View),KJANTOSZ,
GL02RO,General Ledger - set 2 (View),KLI,
GL02RO,General Ledger - set 2 (View),KMACDONA,
GL02RO,General Ledger - set 2 (View),KNATTERO,
GL02RO,General Ledger - set 2 (View),KRIDA,
GL02RO,General Ledger - set 2 (View),KRISPAGE,
GL02RO,General Ledger - set 2 (View),KULTRA,
GL02RO,General Ledger - set 2 (View),KWONG,
GL02RO,General Ledger - set 2 (View),LBRANDAO,
GL02RO,General Ledger - set 2 (View),LCHHABRA,
GL02RO,General Ledger - set 2 (View),LDICKSON,
GL02RO,General Ledger - set 2 (View),LDUNCAN,
GL02RO,General Ledger - set 2 (View),LVELINCA,
GL02RO,General Ledger - set 2 (View),LXIE,
GL02RO,General Ledger - set 2 (View),MAGILL,
GL02RO,General Ledger - set 2 (View),MAJONES,
GL02RO,General Ledger - set 2 (View),MBALAS,
GL02RO,General Ledger - set 2 (View),MCHOI,
GL02RO,General Ledger - set 2 (View),MDAYAPER,
GL02RO,General Ledger - set 2 (View),MDEAN,
GL02RO,General Ledger - set 2 (View),MHIZONA,
GL02RO,General Ledger - set 2 (View),MISOTO,
GL02RO,General Ledger - set 2 (View),MJOHANNE,
GL02RO,General Ledger - set 2 (View),MKEPA,
GL02RO,General Ledger - set 2 (View),NBONIFACIO,
GL02RO,General Ledger - set 2 (View),NKATHE,
GL02RO,General Ledger - set 2 (View),NNUGRHA,
GL02RO,General Ledger - set 2 (View),NPARK,
GL02RO,General Ledger - set 2 (View),NROSS,
GL02RO,General Ledger - set 2 (View),NVROON,
GL02RO,General Ledger - set 2 (View),ODANGMAL,
GL02RO,General Ledger - set 2 (View),OMULIK,
GL02RO,General Ledger - set 2 (View),OOKUESO,
GL02RO,General Ledger - set 2 (View),PKHONGPAN,
GL02RO,General Ledger - set 2 (View),PLINGEN,
GL02RO,General Ledger - set 2 (View),PPRESSLI,
GL02RO,General Ledger - set 2 (View),PREN,
GL02RO,General Ledger - set 2 (View),PSMITHERAM,
GL02RO,General Ledger - set 2 (View),PVATTOY,
GL02RO,General Ledger - set 2 (View),QHERGAAR,
GL02RO,General Ledger - set 2 (View),RABATISTA,
GL02RO,General Ledger - set 2 (View),RAKPADAD,
GL02RO,General Ledger - set 2 (View),RCHANNA,
GL02RO,General Ledger - set 2 (View),RDURGADE,
GL02RO,General Ledger - set 2 (View),REATON,
GL02RO,General Ledger - set 2 (View),RHINONG,
GL02RO,General Ledger - set 2 (View),RHOLSTAD,
GL02RO,General Ledger - set 2 (View),RJADHAV,
GL02RO,General Ledger - set 2 (View),RJAMES,
GL02RO,General Ledger - set 2 (View),RLIANG,
GL02RO,General Ledger - set 2 (View),RMONTES,
GL02RO,General Ledger - set 2 (View),RSANPEDRO,
GL02RO,General Ledger - set 2 (View),RTATUM,
GL02RO,General Ledger - set 2 (View),SCONROY,
GL02RO,General Ledger - set 2 (View),SENGER,
GL02RO,General Ledger - set 2 (View),SGANDHIR,
GL02RO,General Ledger - set 2 (View),SGOWDA,
GL02RO,General Ledger - set 2 (View),SJOHNY,
GL02RO,General Ledger - set 2 (View),SKONING,
GL02RO,General Ledger - set 2 (View),SLENGHE,
GL02RO,General Ledger - set 2 (View),SLOUIE,
GL02RO,General Ledger - set 2 (View),SMACHLIK,
GL02RO,General Ledger - set 2 (View),SMARQUES,
GL02RO,General Ledger - set 2 (View),SNPAWAR,
GL02RO,General Ledger - set 2 (View),SOSLAND,
GL02RO,General Ledger - set 2 (View),SPATIL,
GL02RO,General Ledger - set 2 (View),SSEKHON,
GL02RO,General Ledger - set 2 (View),STCOLLIN,
GL02RO,General Ledger - set 2 (View),STEIXEIR,
GL02RO,General Ledger - set 2 (View),SUJOSHI,
GL02RO,General Ledger - set 2 (View),TBROUWER,
GL02RO,General Ledger - set 2 (View),TBURROUG,
GL02RO,General Ledger - set 2 (View),TCOSTA,
GL02RO,General Ledger - set 2 (View),THJAKOBSEN,
GL02RO,General Ledger - set 2 (View),TVILLARD,
GL02RO,General Ledger - set 2 (View),VASOUZA,
GL02RO,General Ledger - set 2 (View),VGRIMSLI,
GL02RO,General Ledger - set 2 (View),VISILVA,
GL02RO,General Ledger - set 2 (View),VJADHAV,
GL02RO,General Ledger - set 2 (View),VLAW,
GL02RO,General Ledger - set 2 (View),VMORAES,
GL02RO,General Ledger - set 2 (View),VMUDGAL,
GL02RO,General Ledger - set 2 (View),VREITAN,
GL02RO,General Ledger - set 2 (View),VSATPUTE,
GL02RO,General Ledger - set 2 (View),WWHITE,
GL02RO,General Ledger - set 2 (View),YJADHAV,
GL02RO,General Ledger - set 2 (View),YWAYKAR,
GL02RW,General Ledger - set 2 (Maintain),AAMARTIN,
GL02RW,General Ledger - set 2 (Maintain),ABALDONADO,
GL02RW,General Ledger - set 2 (Maintain),ADATKHIL,
GL02RW,General Ledger - set 2 (Maintain),AKHAKIMO,
GL02RW,General Ledger - set 2 (Maintain),AKOT,
GL02RW,General Ledger - set 2 (Maintain),ASARTAPE,
GL02RW,General Ledger - set 2 (Maintain),ASOUZA,
GL02RW,General Ledger - set 2 (Maintain),ASUMAIYA,
GL02RW,General Ledger - set 2 (Maintain),ASZUBERL,
GL02RW,General Ledger - set 2 (Maintain),BEHESS,
GL02RW,General Ledger - set 2 (Maintain),BSILVA,
GL02RW,General Ledger - set 2 (Maintain),CCOPELAN,
GL02RW,General Ledger - set 2 (Maintain),CCRUMP,
GL02RW,General Ledger - set 2 (Maintain),CGAULIER,
GL02RW,General Ledger - set 2 (Maintain),CLAWSON,
GL02RW,General Ledger - set 2 (Maintain),CMONTILL,
GL02RW,General Ledger - set 2 (Maintain),CTHOM,
GL02RW,General Ledger - set 2 (Maintain),DANMACLEAN,
GL02RW,General Ledger - set 2 (Maintain),DGUASTAL,
GL02RW,General Ledger - set 2 (Maintain),DPANGILI,
GL02RW,General Ledger - set 2 (Maintain),DWU,
GL02RW,General Ledger - set 2 (Maintain),DYYANG,
GL02RW,General Ledger - set 2 (Maintain),EFORTUS,
GL02RW,General Ledger - set 2 (Maintain),FASANTOS,
GL02RW,General Ledger - set 2 (Maintain),GESCARAY,
GL02RW,General Ledger - set 2 (Maintain),GJOHANSE,
GL02RW,General Ledger - set 2 (Maintain),HKRANENB,
GL02RW,General Ledger - set 2 (Maintain),JCEGIELS,
GL02RW,General Ledger - set 2 (Maintain),JCONCEPC,
GL02RW,General Ledger - set 2 (Maintain),JFOK,
GL02RW,General Ledger - set 2 (Maintain),JOLIN,
GL02RW,General Ledger - set 2 (Maintain),JRUSSELL,
GL02RW,General Ledger - set 2 (Maintain),JSANTOS,
GL02RW,General Ledger - set 2 (Maintain),JTENGBER,
GL02RW,General Ledger - set 2 (Maintain),KASANTOS,
GL02RW,General Ledger - set 2 (Maintain),KHENDZEL,
GL02RW,General Ledger - set 2 (Maintain),KNATTERO,
GL02RW,General Ledger - set 2 (Maintain),KPHUNG,
GL02RW,General Ledger - set 2 (Maintain),KULTRA,
GL02RW,General Ledger - set 2 (Maintain),LVIERA,
GL02RW,General Ledger - set 2 (Maintain),MAMATONG,
GL02RW,General Ledger - set 2 (Maintain),MDAYAPER,
GL02RW,General Ledger - set 2 (Maintain),MHIZONA,
GL02RW,General Ledger - set 2 (Maintain),MKIM,
GL02RW,General Ledger - set 2 (Maintain),MPRIVATTI,
GL02RW,General Ledger - set 2 (Maintain),MRAMOS,
GL02RW,General Ledger - set 2 (Maintain),MSANSALI,
GL02RW,General Ledger - set 2 (Maintain),NBADRINA,
GL02RW,General Ledger - set 2 (Maintain),NNUGRHA,
GL02RW,General Ledger - set 2 (Maintain),NVROON,
GL02RW,General Ledger - set 2 (Maintain),PANDERSON,
GL02RW,General Ledger - set 2 (Maintain),PGUASTAL,
GL02RW,General Ledger - set 2 (Maintain),PIRSILVA,
GL02RW,General Ledger - set 2 (Maintain),PPRESSLI,
GL02RW,General Ledger - set 2 (Maintain),QHERGAAR,
GL02RW,General Ledger - set 2 (Maintain),RAJKUMAR,
GL02RW,General Ledger - set 2 (Maintain),RHALILI,
GL02RW,General Ledger - set 2 (Maintain),RLIANG,
GL02RW,General Ledger - set 2 (Maintain),RLONG,
GL02RW,General Ledger - set 2 (Maintain),RMONTES,
GL02RW,General Ledger - set 2 (Maintain),RMUYO,
GL02RW,General Ledger - set 2 (Maintain),RSANPEDRO,
GL02RW,General Ledger - set 2 (Maintain),RTUMAGAN,
GL02RW,General Ledger - set 2 (Maintain),SENGER,
GL02RW,General Ledger - set 2 (Maintain),SHOGGATT,
GL02RW,General Ledger - set 2 (Maintain),SKALASAP,
GL02RW,General Ledger - set 2 (Maintain),SMARQUES,
GL02RW,General Ledger - set 2 (Maintain),SOSLAND,
GL02RW,General Ledger - set 2 (Maintain),SPAWAR,
GL02RW,General Ledger - set 2 (Maintain),SRANGARAJA,
GL02RW,General Ledger - set 2 (Maintain),SSEKHON,
GL02RW,General Ledger - set 2 (Maintain),SSHINDE,
GL02RW,General Ledger - set 2 (Maintain),STEIXEIR,
GL02RW,General Ledger - set 2 (Maintain),TBASS,
GL02RW,General Ledger - set 2 (Maintain),TCOSTA,
GL02RW,General Ledger - set 2 (Maintain),TIMCOX,
GL02RW,General Ledger - set 2 (Maintain),UPATIL,
GL02RW,General Ledger - set 2 (Maintain),VASOUZA,
GL02RW,General Ledger - set 2 (Maintain),VGRIMSLI,
GL02RW,General Ledger - set 2 (Maintain),VMORAES,
GL02RW,General Ledger - set 2 (Maintain),VVENUGOP,
GL02RW,General Ledger - set 2 (Maintain),WESPEDAL,
GL02RW,General Ledger - set 2 (Maintain),WROWLES,
GL02RW,General Ledger - set 2 (Maintain),WWHITE,
GL02RW,General Ledger - set 2 (Maintain),ZHAYATH,
GL03RO,General Ledger - set 3 (View),ABRYLINS,
GL03RO,General Ledger - set 3 (View),ADUBEY,
GL03RO,General Ledger - set 3 (View),AHUDANI,
GL03RO,General Ledger - set 3 (View),AKAZI,
GL03RO,General Ledger - set 3 (View),AKHAKIMO,
GL03RO,General Ledger - set 3 (View),AKORDE,
GL03RO,General Ledger - set 3 (View),AKOT,
GL03RO,General Ledger - set 3 (View),AKUDEKAR,
GL03RO,General Ledger - set 3 (View),AREWERA,
GL03RO,General Ledger - set 3 (View),ASOUZA,
GL03RO,General Ledger - set 3 (View),ASTAYLOR,
GL03RO,General Ledger - set 3 (View),BEHESS,
GL03RO,General Ledger - set 3 (View),BSILVA,
GL03RO,General Ledger - set 3 (View),BSTUSIK,
GL03RO,General Ledger - set 3 (View),CCRUMP,
GL03RO,General Ledger - set 3 (View),CMONTILL,
GL03RO,General Ledger - set 3 (View),DDALVI,
GL03RO,General Ledger - set 3 (View),DDVALVI,
GL03RO,General Ledger - set 3 (View),DHALYS,
GL03RO,General Ledger - set 3 (View),DLOS,
GL03RO,General Ledger - set 3 (View),DNEWLAND,
GL03RO,General Ledger - set 3 (View),DYYANG,
GL03RO,General Ledger - set 3 (View),EFORTUS,
GL03RO,General Ledger - set 3 (View),EFRANCO,
GL03RO,General Ledger - set 3 (View),EHERVIK,
GL03RO,General Ledger - set 3 (View),EICAMPBE,
GL03RO,General Ledger - set 3 (View),EKRISTVI,
GL03RO,General Ledger - set 3 (View),EMITCHELL,
GL03RO,General Ledger - set 3 (View),ESOREIDE,
GL03RO,General Ledger - set 3 (View),FNGAN,
GL03RO,General Ledger - set 3 (View),GSCHREUD,
GL03RO,General Ledger - set 3 (View),HPARMAR,
GL03RO,General Ledger - set 3 (View),HPATIL,
GL03RO,General Ledger - set 3 (View),IVESELOVSK,
GL03RO,General Ledger - set 3 (View),JECOOPER,
GL03RO,General Ledger - set 3 (View),JGUDMESTAD,
GL03RO,General Ledger - set 3 (View),JKOBYLIN,
GL03RO,General Ledger - set 3 (View),JKUPCZAK,
GL03RO,General Ledger - set 3 (View),JSANTOS,
GL03RO,General Ledger - set 3 (View),KASANTOS,
GL03RO,General Ledger - set 3 (View),KASTEWAR,
GL03RO,General Ledger - set 3 (View),KGAWANDE,
GL03RO,General Ledger - set 3 (View),KHENDZEL,
GL03RO,General Ledger - set 3 (View),KJANTOSZ,
GL03RO,General Ledger - set 3 (View),KMACDONA,
GL03RO,General Ledger - set 3 (View),KULTRA,
GL03RO,General Ledger - set 3 (View),KWONG,
GL03RO,General Ledger - set 3 (View),LBRANDAO,
GL03RO,General Ledger - set 3 (View),LDICKSON,
GL03RO,General Ledger - set 3 (View),LDUNCAN,
GL03RO,General Ledger - set 3 (View),LXIE,
GL03RO,General Ledger - set 3 (View),MAJONES,
GL03RO,General Ledger - set 3 (View),MBALAS,
GL03RO,General Ledger - set 3 (View),MCHOI,
GL03RO,General Ledger - set 3 (View),MDAYAPER,
GL03RO,General Ledger - set 3 (View),MDEAN,
GL03RO,General Ledger - set 3 (View),MHIZONA,
GL03RO,General Ledger - set 3 (View),MISOTO,
GL03RO,General Ledger - set 3 (View),MKEPA,
GL03RO,General Ledger - set 3 (View),NBONIFACIO,
GL03RO,General Ledger - set 3 (View),NKATHE,
GL03RO,General Ledger - set 3 (View),NNUGRHA,
GL03RO,General Ledger - set 3 (View),NPARK,
GL03RO,General Ledger - set 3 (View),NVROON,
GL03RO,General Ledger - set 3 (View),ODANGMAL,
GL03RO,General Ledger - set 3 (View),OMULIK,
GL03RO,General Ledger - set 3 (View),PKHONGPAN,
GL03RO,General Ledger - set 3 (View),PREN,
GL03RO,General Ledger - set 3 (View),PSMITHERAM,
GL03RO,General Ledger - set 3 (View),RAKPADAD,
GL03RO,General Ledger - set 3 (View),RCHANNA,
GL03RO,General Ledger - set 3 (View),RDURGADE,
GL03RO,General Ledger - set 3 (View),RHINONG,
GL03RO,General Ledger - set 3 (View),RJADHAV,
GL03RO,General Ledger - set 3 (View),RJAMES,
GL03RO,General Ledger - set 3 (View),RLIANG,
GL03RO,General Ledger - set 3 (View),SCONROY,
GL03RO,General Ledger - set 3 (View),SGOWDA,
GL03RO,General Ledger - set 3 (View),SJOHNY,
GL03RO,General Ledger - set 3 (View),SKONING,
GL03RO,General Ledger - set 3 (View),SLENGHE,
GL03RO,General Ledger - set 3 (View),SMACHLIK,
GL03RO,General Ledger - set 3 (View),SMARQUES,
GL03RO,General Ledger - set 3 (View),SNPAWAR,
GL03RO,General Ledger - set 3 (View),SPATIL,
GL03RO,General Ledger - set 3 (View),SSEKHON,
GL03RO,General Ledger - set 3 (View),STEIXEIR,
GL03RO,General Ledger - set 3 (View),SUJOSHI,
GL03RO,General Ledger - set 3 (View),TBROUWER,
GL03RO,General Ledger - set 3 (View),TCOSTA,
GL03RO,General Ledger - set 3 (View),VASOUZA,
GL03RO,General Ledger - set 3 (View),VGRIMSLI,
GL03RO,General Ledger - set 3 (View),VISILVA,
GL03RO,General Ledger - set 3 (View),VJADHAV,
GL03RO,General Ledger - set 3 (View),VMORAES,
GL03RO,General Ledger - set 3 (View),VMUDGAL,
GL03RO,General Ledger - set 3 (View),VREITAN,
GL03RO,General Ledger - set 3 (View),VSATPUTE,
GL03RO,General Ledger - set 3 (View),YJADHAV,
GL03RO,General Ledger - set 3 (View),YWAYKAR,
GL03RW,General Ledger - set 3 (Maintain),ABALDONADO,
GL03RW,General Ledger - set 3 (Maintain),ADATKHIL,
GL03RW,General Ledger - set 3 (Maintain),ASARTAPE,
GL03RW,General Ledger - set 3 (Maintain),ASUMAIYA,
GL03RW,General Ledger - set 3 (Maintain),ASZUBERL,
GL03RW,General Ledger - set 3 (Maintain),DANMACLEAN,
GL03RW,General Ledger - set 3 (Maintain),DGUASTAL,
GL03RW,General Ledger - set 3 (Maintain),DWU,
GL03RW,General Ledger - set 3 (Maintain),JFOK,
GL03RW,General Ledger - set 3 (Maintain),JOLIN,
GL03RW,General Ledger - set 3 (Maintain),JTENGBER,
GL03RW,General Ledger - set 3 (Maintain),MKIM,
GL03RW,General Ledger - set 3 (Maintain),MRAMOS,
GL03RW,General Ledger - set 3 (Maintain),NBADRINA,
GL03RW,General Ledger - set 3 (Maintain),PANDERSON,
GL03RW,General Ledger - set 3 (Maintain),PGUASTAL,
GL03RW,General Ledger - set 3 (Maintain),RSANPEDRO,
GL03RW,General Ledger - set 3 (Maintain),SKALASAP,
GL03RW,General Ledger - set 3 (Maintain),SPAWAR,
GL03RW,General Ledger - set 3 (Maintain),SRANGARAJA,
GL03RW,General Ledger - set 3 (Maintain),SSHINDE,
GL03RW,General Ledger - set 3 (Maintain),UPATIL,
GL03RW,General Ledger - set 3 (Maintain),VVENUGOP,
GL03RW,General Ledger - set 3 (Maintain),WROWLES,
GL03RW,General Ledger - set 3 (Maintain),ZHAYATH,
GL04RO,General Ledger - set 4 (View),AHUDANI,
GL04RO,General Ledger - set 4 (View),AKHAKIMO,
GL04RO,General Ledger - set 4 (View),ASOUZA,
GL04RO,General Ledger - set 4 (View),ASTAYLOR,
GL04RO,General Ledger - set 4 (View),BEHESS,
GL04RO,General Ledger - set 4 (View),BSILVA,
GL04RO,General Ledger - set 4 (View),CMONTILL,
GL04RO,General Ledger - set 4 (View),DYYANG,
GL04RO,General Ledger - set 4 (View),EFORTUS,
GL04RO,General Ledger - set 4 (View),EFRANCO,
GL04RO,General Ledger - set 4 (View),EHERVIK,
GL04RO,General Ledger - set 4 (View),EICAMPBE,
GL04RO,General Ledger - set 4 (View),FNGAN,
GL04RO,General Ledger - set 4 (View),HPARMAR,
GL04RO,General Ledger - set 4 (View),IVESELOVSK,
GL04RO,General Ledger - set 4 (View),JGUDMESTAD,
GL04RO,General Ledger - set 4 (View),JSANTOS,
GL04RO,General Ledger - set 4 (View),KASANTOS,
GL04RO,General Ledger - set 4 (View),KASTEWAR,
GL04RO,General Ledger - set 4 (View),KWONG,
GL04RO,General Ledger - set 4 (View),LBRANDAO,
GL04RO,General Ledger - set 4 (View),LDICKSON,
GL04RO,General Ledger - set 4 (View),LXIE,
GL04RO,General Ledger - set 4 (View),MBALAS,
GL04RO,General Ledger - set 4 (View),MCHOI,
GL04RO,General Ledger - set 4 (View),MDAYAPER,
GL04RO,General Ledger - set 4 (View),MDEAN,
GL04RO,General Ledger - set 4 (View),MHIZONA,
GL04RO,General Ledger - set 4 (View),MISOTO,
GL04RO,General Ledger - set 4 (View),NBONIFACIO,
GL04RO,General Ledger - set 4 (View),NNUGRHA,
GL04RO,General Ledger - set 4 (View),NPARK,
GL04RO,General Ledger - set 4 (View),PKHONGPAN,
GL04RO,General Ledger - set 4 (View),PREN,
GL04RO,General Ledger - set 4 (View),PSMITHERAM,
GL04RO,General Ledger - set 4 (View),RHINONG,
GL04RO,General Ledger - set 4 (View),RJAMES,
GL04RO,General Ledger - set 4 (View),RLIANG,
GL04RO,General Ledger - set 4 (View),SMACHLIK,
GL04RO,General Ledger - set 4 (View),SMARQUES,
GL04RO,General Ledger - set 4 (View),SSEKHON,
GL04RO,General Ledger - set 4 (View),STEIXEIR,
GL04RO,General Ledger - set 4 (View),TCOSTA,
GL04RO,General Ledger - set 4 (View),VASOUZA,
GL04RO,General Ledger - set 4 (View),VGRIMSLI,
GL04RO,General Ledger - set 4 (View),VISILVA,
GL04RO,General Ledger - set 4 (View),VMORAES,
GL04RO,General Ledger - set 4 (View),VREITAN,
GL04RW,General Ledger - set 4 (Maintain),ABALDONADO,
GL04RW,General Ledger - set 4 (Maintain),ABRYLINS,
GL04RW,General Ledger - set 4 (Maintain),ADATKHIL,
GL04RW,General Ledger - set 4 (Maintain),ADUBEY,
GL04RW,General Ledger - set 4 (Maintain),AKAZI,
GL04RW,General Ledger - set 4 (Maintain),AKHAKIMO,
GL04RW,General Ledger - set 4 (Maintain),AKORDE,
GL04RW,General Ledger - set 4 (Maintain),AKOT,
GL04RW,General Ledger - set 4 (Maintain),AKUDEKAR,
GL04RW,General Ledger - set 4 (Maintain),AREWERA,
GL04RW,General Ledger - set 4 (Maintain),ASARTAPE,
GL04RW,General Ledger - set 4 (Maintain),ASOUZA,
GL04RW,General Ledger - set 4 (Maintain),ASUMAIYA,
GL04RW,General Ledger - set 4 (Maintain),ASZUBERL,
GL04RW,General Ledger - set 4 (Maintain),BEHESS,
GL04RW,General Ledger - set 4 (Maintain),BSILVA,
GL04RW,General Ledger - set 4 (Maintain),BSTUSIK,
GL04RW,General Ledger - set 4 (Maintain),CCRUMP,
GL04RW,General Ledger - set 4 (Maintain),CMONTILL,
GL04RW,General Ledger - set 4 (Maintain),DANMACLEAN,
GL04RW,General Ledger - set 4 (Maintain),DDALVI,
GL04RW,General Ledger - set 4 (Maintain),DDVALVI,
GL04RW,General Ledger - set 4 (Maintain),DGUASTAL,
GL04RW,General Ledger - set 4 (Maintain),DHALYS,
GL04RW,General Ledger - set 4 (Maintain),DLOS,
GL04RW,General Ledger - set 4 (Maintain),DNEWLAND,
GL04RW,General Ledger - set 4 (Maintain),DWU,
GL04RW,General Ledger - set 4 (Maintain),DYYANG,
GL04RW,General Ledger - set 4 (Maintain),EFORTUS,
GL04RW,General Ledger - set 4 (Maintain),EFRANCO,
GL04RW,General Ledger - set 4 (Maintain),EHERVIK,
GL04RW,General Ledger - set 4 (Maintain),EICAMPBE,
GL04RW,General Ledger - set 4 (Maintain),EKRISTVI,
GL04RW,General Ledger - set 4 (Maintain),EMITCHELL,
GL04RW,General Ledger - set 4 (Maintain),ESOREIDE,
GL04RW,General Ledger - set 4 (Maintain),FNGAN,
GL04RW,General Ledger - set 4 (Maintain),GSCHREUD,
GL04RW,General Ledger - set 4 (Maintain),HPATIL,
GL04RW,General Ledger - set 4 (Maintain),IVESELOVSK,
GL04RW,General Ledger - set 4 (Maintain),JECOOPER,
GL04RW,General Ledger - set 4 (Maintain),JFOK,
GL04RW,General Ledger - set 4 (Maintain),JGUDMESTAD,
GL04RW,General Ledger - set 4 (Maintain),JKOBYLIN,
GL04RW,General Ledger - set 4 (Maintain),JKUPCZAK,
GL04RW,General Ledger - set 4 (Maintain),JOLIN,
GL04RW,General Ledger - set 4 (Maintain),JSANTOS,
GL04RW,General Ledger - set 4 (Maintain),JTENGBER,
GL04RW,General Ledger - set 4 (Maintain),KASANTOS,
GL04RW,General Ledger - set 4 (Maintain),KASTEWAR,
GL04RW,General Ledger - set 4 (Maintain),KGAWANDE,
GL04RW,General Ledger - set 4 (Maintain),KHENDZEL,
GL04RW,General Ledger - set 4 (Maintain),KJANTOSZ,
GL04RW,General Ledger - set 4 (Maintain),KMACDONA,
GL04RW,General Ledger - set 4 (Maintain),KULTRA,
GL04RW,General Ledger - set 4 (Maintain),KWONG,
GL04RW,General Ledger - set 4 (Maintain),LBRANDAO,
GL04RW,General Ledger - set 4 (Maintain),LDICKSON,
GL04RW,General Ledger - set 4 (Maintain),LDUNCAN,
GL04RW,General Ledger - set 4 (Maintain),LXIE,
GL04RW,General Ledger - set 4 (Maintain),MAJONES,
GL04RW,General Ledger - set 4 (Maintain),MCHOI,
GL04RW,General Ledger - set 4 (Maintain),MDAYAPER,
GL04RW,General Ledger - set 4 (Maintain),MHIZONA,
GL04RW,General Ledger - set 4 (Maintain),MKEPA,
GL04RW,General Ledger - set 4 (Maintain),MKIM,
GL04RW,General Ledger - set 4 (Maintain),MRAMOS,
GL04RW,General Ledger - set 4 (Maintain),NBADRINA,
GL04RW,General Ledger - set 4 (Maintain),NKATHE,
GL04RW,General Ledger - set 4 (Maintain),NNUGRHA,
GL04RW,General Ledger - set 4 (Maintain),NPARK,
GL04RW,General Ledger - set 4 (Maintain),NVROON,
GL04RW,General Ledger - set 4 (Maintain),ODANGMAL,
GL04RW,General Ledger - set 4 (Maintain),OMULIK,
GL04RW,General Ledger - set 4 (Maintain),PANDERSON,
GL04RW,General Ledger - set 4 (Maintain),PGUASTAL,
GL04RW,General Ledger - set 4 (Maintain),PKHONGPAN,
GL04RW,General Ledger - set 4 (Maintain),PREN,
GL04RW,General Ledger - set 4 (Maintain),PSMITHERAM,
GL04RW,General Ledger - set 4 (Maintain),RAKPADAD,
GL04RW,General Ledger - set 4 (Maintain),RCHANNA,
GL04RW,General Ledger - set 4 (Maintain),RDURGADE,
GL04RW,General Ledger - set 4 (Maintain),RJADHAV,
GL04RW,General Ledger - set 4 (Maintain),RJAMES,
GL04RW,General Ledger - set 4 (Maintain),RSANPEDRO,
GL04RW,General Ledger - set 4 (Maintain),SCONROY,
GL04RW,General Ledger - set 4 (Maintain),SGOWDA,
GL04RW,General Ledger - set 4 (Maintain),SJOHNY,
GL04RW,General Ledger - set 4 (Maintain),SKALASAP,
GL04RW,General Ledger - set 4 (Maintain),SKONING,
GL04RW,General Ledger - set 4 (Maintain),SLENGHE,
GL04RW,General Ledger - set 4 (Maintain),SMACHLIK,
GL04RW,General Ledger - set 4 (Maintain),SMARQUES,
GL04RW,General Ledger - set 4 (Maintain),SNPAWAR,
GL04RW,General Ledger - set 4 (Maintain),SPATIL,
GL04RW,General Ledger - set 4 (Maintain),SPAWAR,
GL04RW,General Ledger - set 4 (Maintain),SRANGARAJA,
GL04RW,General Ledger - set 4 (Maintain),SSHINDE,
GL04RW,General Ledger - set 4 (Maintain),STEIXEIR,
GL04RW,General Ledger - set 4 (Maintain),SUJOSHI,
GL04RW,General Ledger - set 4 (Maintain),TBROUWER,
GL04RW,General Ledger - set 4 (Maintain),TCOSTA,
GL04RW,General Ledger - set 4 (Maintain),UPATIL,
GL04RW,General Ledger - set 4 (Maintain),VASOUZA,
GL04RW,General Ledger - set 4 (Maintain),VISILVA,
GL04RW,General Ledger - set 4 (Maintain),VJADHAV,
GL04RW,General Ledger - set 4 (Maintain),VMORAES,
GL04RW,General Ledger - set 4 (Maintain),VMUDGAL,
GL04RW,General Ledger - set 4 (Maintain),VREITAN,
GL04RW,General Ledger - set 4 (Maintain),VSATPUTE,
GL04RW,General Ledger - set 4 (Maintain),VVENUGOP,
GL04RW,General Ledger - set 4 (Maintain),WROWLES,
GL04RW,General Ledger - set 4 (Maintain),YJADHAV,
GL04RW,General Ledger - set 4 (Maintain),YWAYKAR,
GL04RW,General Ledger - set 4 (Maintain),ZHAYATH,
GL05RO,General Ledger - set 5 (View),ABRYLINS,
GL05RO,General Ledger - set 5 (View),ADUBEY,
GL05RO,General Ledger - set 5 (View),AHUDANI,
GL05RO,General Ledger - set 5 (View),AKANDWAL,
GL05RO,General Ledger - set 5 (View),AKAZI,
GL05RO,General Ledger - set 5 (View),AKHAKIMO,
GL05RO,General Ledger - set 5 (View),AKORDE,
GL05RO,General Ledger - set 5 (View),AKOT,
GL05RO,General Ledger - set 5 (View),AKUDEKAR,
GL05RO,General Ledger - set 5 (View),AREWERA,
GL05RO,General Ledger - set 5 (View),ASOUZA,
GL05RO,General Ledger - set 5 (View),ASTAYLOR,
GL05RO,General Ledger - set 5 (View),BARK,
GL05RO,General Ledger - set 5 (View),BCAR,
GL05RO,General Ledger - set 5 (View),BEHESS,
GL05RO,General Ledger - set 5 (View),BKISCH,
GL05RO,General Ledger - set 5 (View),BSILVA,
GL05RO,General Ledger - set 5 (View),BSTUSIK,
GL05RO,General Ledger - set 5 (View),BTERSTEGE,
GL05RO,General Ledger - set 5 (View),CCRUMP,
GL05RO,General Ledger - set 5 (View),CMONTILL,
GL05RO,General Ledger - set 5 (View),CTHOM,
GL05RO,General Ledger - set 5 (View),CWASKEY,
GL05RO,General Ledger - set 5 (View),DAWALKER,
GL05RO,General Ledger - set 5 (View),DDALVI,
GL05RO,General Ledger - set 5 (View),DDVALVI,
GL05RO,General Ledger - set 5 (View),DGLENNIE,
GL05RO,General Ledger - set 5 (View),DHALYS,
GL05RO,General Ledger - set 5 (View),DLOS,
GL05RO,General Ledger - set 5 (View),DNEWLAND,
GL05RO,General Ledger - set 5 (View),DYYANG,
GL05RO,General Ledger - set 5 (View),EFORTUS,
GL05RO,General Ledger - set 5 (View),EFRANCO,
GL05RO,General Ledger - set 5 (View),EHERVIK,
GL05RO,General Ledger - set 5 (View),EICAMPBE,
GL05RO,General Ledger - set 5 (View),EKRISTVI,
GL05RO,General Ledger - set 5 (View),EMITCHELL,
GL05RO,General Ledger - set 5 (View),ESOREIDE,
GL05RO,General Ledger - set 5 (View),FNGAN,
GL05RO,General Ledger - set 5 (View),GIJUNIOR,
GL05RO,General Ledger - set 5 (View),GSCHREUD,
GL05RO,General Ledger - set 5 (View),HPARMAR,
GL05RO,General Ledger - set 5 (View),HPATIL,
GL05RO,General Ledger - set 5 (View),IVESELOVSK,
GL05RO,General Ledger - set 5 (View),JALEE,
GL05RO,General Ledger - set 5 (View),JECOOPER,
GL05RO,General Ledger - set 5 (View),JGUDMESTAD,
GL05RO,General Ledger - set 5 (View),JKOBYLIN,
GL05RO,General Ledger - set 5 (View),JKUPCZAK,
GL05RO,General Ledger - set 5 (View),JLADIPAO,
GL05RO,General Ledger - set 5 (View),JRUSSELL,
GL05RO,General Ledger - set 5 (View),JSANTOS,
GL05RO,General Ledger - set 5 (View),KASANTOS,
GL05RO,General Ledger - set 5 (View),KASTEWAR,
GL05RO,General Ledger - set 5 (View),KGAWANDE,
GL05RO,General Ledger - set 5 (View),KHENDZEL,
GL05RO,General Ledger - set 5 (View),KJANTOSZ,
GL05RO,General Ledger - set 5 (View),KLI,
GL05RO,General Ledger - set 5 (View),KMACDONA,
GL05RO,General Ledger - set 5 (View),KNATTERO,
GL05RO,General Ledger - set 5 (View),KRIDA,
GL05RO,General Ledger - set 5 (View),KRISPAGE,
GL05RO,General Ledger - set 5 (View),KULTRA,
GL05RO,General Ledger - set 5 (View),KWONG,
GL05RO,General Ledger - set 5 (View),LBRANDAO,
GL05RO,General Ledger - set 5 (View),LCHHABRA,
GL05RO,General Ledger - set 5 (View),LDICKSON,
GL05RO,General Ledger - set 5 (View),LDUNCAN,
GL05RO,General Ledger - set 5 (View),LVELINCA,
GL05RO,General Ledger - set 5 (View),LXIE,
GL05RO,General Ledger - set 5 (View),MAGILL,
GL05RO,General Ledger - set 5 (View),MAJONES,
GL05RO,General Ledger - set 5 (View),MBALAS,
GL05RO,General Ledger - set 5 (View),MCHOI,
GL05RO,General Ledger - set 5 (View),MDAYAPER,
GL05RO,General Ledger - set 5 (View),MDEAN,
GL05RO,General Ledger - set 5 (View),MHIZONA,
GL05RO,General Ledger - set 5 (View),MISOTO,
GL05RO,General Ledger - set 5 (View),MJOHANNE,
GL05RO,General Ledger - set 5 (View),MKEPA,
GL05RO,General Ledger - set 5 (View),NBONIFACIO,
GL05RO,General Ledger - set 5 (View),NKATHE,
GL05RO,General Ledger - set 5 (View),NNUGRHA,
GL05RO,General Ledger - set 5 (View),NPARK,
GL05RO,General Ledger - set 5 (View),NROSS,
GL05RO,General Ledger - set 5 (View),NVROON,
GL05RO,General Ledger - set 5 (View),ODANGMAL,
GL05RO,General Ledger - set 5 (View),OMULIK,
GL05RO,General Ledger - set 5 (View),OOKUESO,
GL05RO,General Ledger - set 5 (View),PKHONGPAN,
GL05RO,General Ledger - set 5 (View),PLINGEN,
GL05RO,General Ledger - set 5 (View),PPRESSLI,
GL05RO,General Ledger - set 5 (View),PREN,
GL05RO,General Ledger - set 5 (View),PSMITHERAM,
GL05RO,General Ledger - set 5 (View),PVATTOY,
GL05RO,General Ledger - set 5 (View),RABATISTA,
GL05RO,General Ledger - set 5 (View),RAKPADAD,
GL05RO,General Ledger - set 5 (View),RCHANNA,
GL05RO,General Ledger - set 5 (View),RDURGADE,
GL05RO,General Ledger - set 5 (View),REATON,
GL05RO,General Ledger - set 5 (View),RHINONG,
GL05RO,General Ledger - set 5 (View),RHOLSTAD,
GL05RO,General Ledger - set 5 (View),RJADHAV,
GL05RO,General Ledger - set 5 (View),RJAMES,
GL05RO,General Ledger - set 5 (View),RLIANG,
GL05RO,General Ledger - set 5 (View),RTATUM,
GL05RO,General Ledger - set 5 (View),SCONROY,
GL05RO,General Ledger - set 5 (View),SENGER,
GL05RO,General Ledger - set 5 (View),SGANDHIR,
GL05RO,General Ledger - set 5 (View),SGOWDA,
GL05RO,General Ledger - set 5 (View),SJOHNY,
GL05RO,General Ledger - set 5 (View),SKONING,
GL05RO,General Ledger - set 5 (View),SLENGHE,
GL05RO,General Ledger - set 5 (View),SLOUIE,
GL05RO,General Ledger - set 5 (View),SMACHLIK,
GL05RO,General Ledger - set 5 (View),SMARQUES,
GL05RO,General Ledger - set 5 (View),SNPAWAR,
GL05RO,General Ledger - set 5 (View),SOSLAND,
GL05RO,General Ledger - set 5 (View),SPATIL,
GL05RO,General Ledger - set 5 (View),SSEKHON,
GL05RO,General Ledger - set 5 (View),STCOLLIN,
GL05RO,General Ledger - set 5 (View),STEIXEIR,
GL05RO,General Ledger - set 5 (View),SUJOSHI,
GL05RO,General Ledger - set 5 (View),TBROUWER,
GL05RO,General Ledger - set 5 (View),TBURROUG,
GL05RO,General Ledger - set 5 (View),TCOSTA,
GL05RO,General Ledger - set 5 (View),THJAKOBSEN,
GL05RO,General Ledger - set 5 (View),TVILLARD,
GL05RO,General Ledger - set 5 (View),VASOUZA,
GL05RO,General Ledger - set 5 (View),VGRIMSLI,
GL05RO,General Ledger - set 5 (View),VISILVA,
GL05RO,General Ledger - set 5 (View),VJADHAV,
GL05RO,General Ledger - set 5 (View),VLAW,
GL05RO,General Ledger - set 5 (View),VMORAES,
GL05RO,General Ledger - set 5 (View),VMUDGAL,
GL05RO,General Ledger - set 5 (View),VREITAN,
GL05RO,General Ledger - set 5 (View),VSATPUTE,
GL05RO,General Ledger - set 5 (View),YJADHAV,
GL05RO,General Ledger - set 5 (View),YWAYKAR,
GL05RW,General Ledger - set 5 (Maintain),AAMARTIN,
GL05RW,General Ledger - set 5 (Maintain),ABALDONADO,
GL05RW,General Ledger - set 5 (Maintain),ADATKHIL,
GL05RW,General Ledger - set 5 (Maintain),ASARTAPE,
GL05RW,General Ledger - set 5 (Maintain),ASUMAIYA,
GL05RW,General Ledger - set 5 (Maintain),ASZUBERL,
GL05RW,General Ledger - set 5 (Maintain),BSILVA,
GL05RW,General Ledger - set 5 (Maintain),CCOPELAN,
GL05RW,General Ledger - set 5 (Maintain),DANMACLEAN,
GL05RW,General Ledger - set 5 (Maintain),DGUASTAL,
GL05RW,General Ledger - set 5 (Maintain),DPANGILI,
GL05RW,General Ledger - set 5 (Maintain),DWU,
GL05RW,General Ledger - set 5 (Maintain),GESCARAY,
GL05RW,General Ledger - set 5 (Maintain),GJOHANSE,
GL05RW,General Ledger - set 5 (Maintain),JCEGIELS,
GL05RW,General Ledger - set 5 (Maintain),JCONCEPC,
GL05RW,General Ledger - set 5 (Maintain),JFOK,
GL05RW,General Ledger - set 5 (Maintain),JOLIN,
GL05RW,General Ledger - set 5 (Maintain),JTENGBER,
GL05RW,General Ledger - set 5 (Maintain),KPHUNG,
GL05RW,General Ledger - set 5 (Maintain),LVIERA,
GL05RW,General Ledger - set 5 (Maintain),MAMATONG,
GL05RW,General Ledger - set 5 (Maintain),MKIM,
GL05RW,General Ledger - set 5 (Maintain),MRAMOS,
GL05RW,General Ledger - set 5 (Maintain),MSANSALI,
GL05RW,General Ledger - set 5 (Maintain),NBADRINA,
GL05RW,General Ledger - set 5 (Maintain),PANDERSON,
GL05RW,General Ledger - set 5 (Maintain),PGUASTAL,
GL05RW,General Ledger - set 5 (Maintain),RAJKUMAR,
GL05RW,General Ledger - set 5 (Maintain),RHALILI,
GL05RW,General Ledger - set 5 (Maintain),RLONG,
GL05RW,General Ledger - set 5 (Maintain),RMUYO,
GL05RW,General Ledger - set 5 (Maintain),RSANPEDRO,
GL05RW,General Ledger - set 5 (Maintain),RTUMAGAN,
GL05RW,General Ledger - set 5 (Maintain),SHOGGATT,
GL05RW,General Ledger - set 5 (Maintain),SKALASAP,
GL05RW,General Ledger - set 5 (Maintain),SNEZAMIA,
GL05RW,General Ledger - set 5 (Maintain),SPAWAR,
GL05RW,General Ledger - set 5 (Maintain),SRANGARAJA,
GL05RW,General Ledger - set 5 (Maintain),SSHINDE,
GL05RW,General Ledger - set 5 (Maintain),STEIXEIR,
GL05RW,General Ledger - set 5 (Maintain),TBASS,
GL05RW,General Ledger - set 5 (Maintain),TIMCOX,
GL05RW,General Ledger - set 5 (Maintain),UPATIL,
GL05RW,General Ledger - set 5 (Maintain),VVENUGOP,
GL05RW,General Ledger - set 5 (Maintain),WROWLES,
GL05RW,General Ledger - set 5 (Maintain),ZHAYATH,
IN01RO,Inventory/WH - set 1 (View),ASTAYLOR,
IN01RO,Inventory/WH - set 1 (View),MISOTO,
IN01RW,Inventory/WH - set 1 (Maintain),ASARTAPE,
IN01RW,Inventory/WH - set 1 (Maintain),ASUMAIYA,
IN01RW,Inventory/WH - set 1 (Maintain),ASZUBERL,
IN01RW,Inventory/WH - set 1 (Maintain),DKELLY,
IN01RW,Inventory/WH - set 1 (Maintain),DWU,
IN01RW,Inventory/WH - set 1 (Maintain),JFOK,
IN01RW,Inventory/WH - set 1 (Maintain),MKIM,
IN01RW,Inventory/WH - set 1 (Maintain),MRAMOS,
IN01RW,Inventory/WH - set 1 (Maintain),NBADRINA,
IN01RW,Inventory/WH - set 1 (Maintain),PANDERSON,
IN01RW,Inventory/WH - set 1 (Maintain),RSANPEDRO,
IN01RW,Inventory/WH - set 1 (Maintain),SKALASAP,
IN01RW,Inventory/WH - set 1 (Maintain),SPAWAR,
IN01RW,Inventory/WH - set 1 (Maintain),SRANGARAJA,
IN01RW,Inventory/WH - set 1 (Maintain),UPATIL,
IN01RW,Inventory/WH - set 1 (Maintain),VASOUZA,
IN01RW,Inventory/WH - set 1 (Maintain),VVENUGOP,
IN01RW,Inventory/WH - set 1 (Maintain),WROWLES,
IN01RW,Inventory/WH - set 1 (Maintain),ZHAYATH,
IN02RO,Inventory/WH - set 2 (View),ASTAYLOR,
IN02RO,Inventory/WH - set 2 (View),MISOTO,
IN02RW,Inventory/WH - set 2 (Maintain),JFOK,
IN02RW,Inventory/WH - set 2 (Maintain),RSANPEDRO,
IN03RO,Inventory/WH - set 3 (View),ASTAYLOR,
IN03RO,Inventory/WH - set 3 (View),MISOTO,
IN03RW,Inventory/WH - set 3 (Maintain),JFOK,
IN03RW,Inventory/WH - set 3 (Maintain),RSANPEDRO,
IN04RO,Inventory/WH - set 4 (View),ASTAYLOR,
IN04RO,Inventory/WH - set 4 (View),MISOTO,
IN04RW,Inventory/WH - set 4 (Maintain),JFOK,
IN04RW,Inventory/WH - set 4 (Maintain),RSANPEDRO,
IN05RO,Inventory/WH - set 5 (View),ASTAYLOR,
IN05RO,Inventory/WH - set 5 (View),MISOTO,
IN05RW,Inventory/WH - set 5 (Maintain),JFOK,
IN05RW,Inventory/WH - set 5 (Maintain),RSANPEDRO,
MD01RO,Master Data - set 1 (View),ASTAYLOR,
MD01RO,Master Data - set 1 (View),MISOTO,
MD01RW,Master Data - set 1 (Maintain),ADUBEY,
MD01RW,Master Data - set 1 (Maintain),AKAZI,
MD01RW,Master Data - set 1 (Maintain),AKORDE,
MD01RW,Master Data - set 1 (Maintain),AKUDEKAR,
MD01RW,Master Data - set 1 (Maintain),ASARTAPE,
MD01RW,Master Data - set 1 (Maintain),ASUMAIYA,
MD01RW,Master Data - set 1 (Maintain),DDALVI,
MD01RW,Master Data - set 1 (Maintain),DKELLY,
MD01RW,Master Data - set 1 (Maintain),DWU,
MD01RW,Master Data - set 1 (Maintain),HPATIL,
MD01RW,Master Data - set 1 (Maintain),KGAWANDE,
MD01RW,Master Data - set 1 (Maintain),KULTRA,
MD01RW,Master Data - set 1 (Maintain),MAJONES,
MD01RW,Master Data - set 1 (Maintain),MKIM,
MD01RW,Master Data - set 1 (Maintain),MRAMOS,
MD01RW,Master Data - set 1 (Maintain),NBADRINA,
MD01RW,Master Data - set 1 (Maintain),NKATHE,
MD01RW,Master Data - set 1 (Maintain),ODANGMAL,
MD01RW,Master Data - set 1 (Maintain),OMULIK,
MD01RW,Master Data - set 1 (Maintain),PANDERSON,
MD01RW,Master Data - set 1 (Maintain),RAKPADAD,
MD01RW,Master Data - set 1 (Maintain),RCHANNA,
MD01RW,Master Data - set 1 (Maintain),RDURGADE,
MD01RW,Master Data - set 1 (Maintain),RJADHAV,
MD01RW,Master Data - set 1 (Maintain),SGOWDA,
MD01RW,Master Data - set 1 (Maintain),SJOHNY,
MD01RW,Master Data - set 1 (Maintain),SKALASAP,
MD01RW,Master Data - set 1 (Maintain),SLENGHE,
MD01RW,Master Data - set 1 (Maintain),SNPAWAR,
MD01RW,Master Data - set 1 (Maintain),SPATIL,
MD01RW,Master Data - set 1 (Maintain),SPAWAR,
MD01RW,Master Data - set 1 (Maintain),SRANGARAJA,
MD01RW,Master Data - set 1 (Maintain),UPATIL,
MD01RW,Master Data - set 1 (Maintain),VJADHAV,
MD01RW,Master Data - set 1 (Maintain),VMUDGAL,
MD01RW,Master Data - set 1 (Maintain),VSATPUTE,
MD01RW,Master Data - set 1 (Maintain),VVENUGOP,
MD01RW,Master Data - set 1 (Maintain),WROWLES,
MD01RW,Master Data - set 1 (Maintain),YJADHAV,
MD01RW,Master Data - set 1 (Maintain),YWAYKAR,
MD01RW,Master Data - set 1 (Maintain),ZHAYATH,
MD02RW,Master Data - set 2 (Maintain),HPATIL,
MD02RW,Master Data - set 2 (Maintain),KULTRA,
MD02RW,Master Data - set 2 (Maintain),RDURGADE,
MD02RW,Master Data - set 2 (Maintain),SGOWDA,
MD02RW,Master Data - set 2 (Maintain),SJOHNY,
MD02RW,Master Data - set 2 (Maintain),SPATIL,
MD02RW,Master Data - set 2 (Maintain),VJADHAV,
MD02RW,Master Data - set 2 (Maintain),YJADHAV,
MD02RW,Master Data - set 2 (Maintain),YWAYKAR,
MD03RO,Master Data - set 3 (View),ADUBEY,
MD03RO,Master Data - set 3 (View),AKAZI,
MD03RO,Master Data - set 3 (View),AKORDE,
MD03RO,Master Data - set 3 (View),AKUDEKAR,
MD03RO,Master Data - set 3 (View),ASOUZA,
MD03RO,Master Data - set 3 (View),BSILVA,
MD03RO,Master Data - set 3 (View),DAWALKER,
MD03RO,Master Data - set 3 (View),DDALVI,
MD03RO,Master Data - set 3 (View),DGLENNIE,
MD03RO,Master Data - set 3 (View),EFRANCO,
MD03RO,Master Data - set 3 (View),HPATIL,
MD03RO,Master Data - set 3 (View),JSANTOS,
MD03RO,Master Data - set 3 (View),KASANTOS,
MD03RO,Master Data - set 3 (View),KGAWANDE,
MD03RO,Master Data - set 3 (View),LBRANDAO,
MD03RO,Master Data - set 3 (View),MAJONES,
MD03RO,Master Data - set 3 (View),NKATHE,
MD03RO,Master Data - set 3 (View),ODANGMAL,
MD03RO,Master Data - set 3 (View),OMULIK,
MD03RO,Master Data - set 3 (View),RAKPADAD,
MD03RO,Master Data - set 3 (View),RCHANNA,
MD03RO,Master Data - set 3 (View),RDURGADE,
MD03RO,Master Data - set 3 (View),RJADHAV,
MD03RO,Master Data - set 3 (View),SGOWDA,
MD03RO,Master Data - set 3 (View),SJOHNY,
MD03RO,Master Data - set 3 (View),SLENGHE,
MD03RO,Master Data - set 3 (View),SNPAWAR,
MD03RO,Master Data - set 3 (View),SPATIL,
MD03RO,Master Data - set 3 (View),STCOLLIN,
MD03RO,Master Data - set 3 (View),STEIXEIR,
MD03RO,Master Data - set 3 (View),SUJOSHI,
MD03RO,Master Data - set 3 (View),VISILVA,
MD03RO,Master Data - set 3 (View),VJADHAV,
MD03RO,Master Data - set 3 (View),VMUDGAL,
MD03RO,Master Data - set 3 (View),VSATPUTE,
MD03RO,Master Data - set 3 (View),YJADHAV,
MD03RO,Master Data - set 3 (View),YWAYKAR,
MD03RW,Master Data - set 3 (Maintain),CWASKEY,
MD03RW,Master Data - set 3 (Maintain),DNEWLAND,
MD03RW,Master Data - set 3 (Maintain),GSCHREUD,
MD03RW,Master Data - set 3 (Maintain),KMACDONA,
MD03RW,Master Data - set 3 (Maintain),KULTRA,
MD03RW,Master Data - set 3 (Maintain),LDUNCAN,
MD03RW,Master Data - set 3 (Maintain),RTATUM,
MD03RW,Master Data - set 3 (Maintain),SCONROY,
MD03RW,Master Data - set 3 (Maintain),TCOSTA,
MD03RW,Master Data - set 3 (Maintain),VASOUZA,
MD03RW,Master Data - set 3 (Maintain),VMORAES,
MD04RO,Master Data - set 4 (View),ASTAYLOR,
MD04RO,Master Data - set 4 (View),MISOTO,
MD04RW,Master Data - set 4 (Maintain),ABALDONADO,
MD04RW,Master Data - set 4 (Maintain),ADATKHIL,
MD04RW,Master Data - set 4 (Maintain),ASARTAPE,
MD04RW,Master Data - set 4 (Maintain),ASUMAIYA,
MD04RW,Master Data - set 4 (Maintain),ASZUBERL,
MD04RW,Master Data - set 4 (Maintain),DANMACLEAN,
MD04RW,Master Data - set 4 (Maintain),DGUASTAL,
MD04RW,Master Data - set 4 (Maintain),DKELLY,
MD04RW,Master Data - set 4 (Maintain),DWU,
MD04RW,Master Data - set 4 (Maintain),JFOK,
MD04RW,Master Data - set 4 (Maintain),JOLIN,
MD04RW,Master Data - set 4 (Maintain),JTENGBER,
MD04RW,Master Data - set 4 (Maintain),MKIM,
MD04RW,Master Data - set 4 (Maintain),MRAMOS,
MD04RW,Master Data - set 4 (Maintain),NBADRINA,
MD04RW,Master Data - set 4 (Maintain),PANDERSON,
MD04RW,Master Data - set 4 (Maintain),PGUASTAL,
MD04RW,Master Data - set 4 (Maintain),RSANPEDRO,
MD04RW,Master Data - set 4 (Maintain),SKALASAP,
MD04RW,Master Data - set 4 (Maintain),SPAWAR,
MD04RW,Master Data - set 4 (Maintain),SRANGARAJA,
MD04RW,Master Data - set 4 (Maintain),SSHINDE,
MD04RW,Master Data - set 4 (Maintain),UPATIL,
MD04RW,Master Data - set 4 (Maintain),VVENUGOP,
MD04RW,Master Data - set 4 (Maintain),WROWLES,
MD04RW,Master Data - set 4 (Maintain),ZHAYATH,
MD05RO,Master Data - set 5 (View),ASTAYLOR,
MD05RO,Master Data - set 5 (View),MISOTO,
MD05RW,Master Data - set 5 (Maintain),EHERVIK,
MD06RO,Master Data - set 6 (View),ASTAYLOR,
MD06RO,Master Data - set 6 (View),ASZUBERL,
MD06RO,Master Data - set 6 (View),DKELLY,
MD06RO,Master Data - set 6 (View),JFOK,
MD06RO,Master Data - set 6 (View),MISOTO,
MD06RO,Master Data - set 6 (View),PANDERSON,
MD06RO,Master Data - set 6 (View),RSANPEDRO,
MD06RO,Master Data - set 6 (View),SPAWAR,
MD06RO,Master Data - set 6 (View),VVENUGOP,
MD06RO,Master Data - set 6 (View),WROWLES,
MD06RW,Master Data - set 6 (Maintain),ABALDONADO,
MD06RW,Master Data - set 6 (Maintain),ADATKHIL,
MD06RW,Master Data - set 6 (Maintain),ADUBEY,
MD06RW,Master Data - set 6 (Maintain),AKAZI,
MD06RW,Master Data - set 6 (Maintain),AKORDE,
MD06RW,Master Data - set 6 (Maintain),AKUDEKAR,
MD06RW,Master Data - set 6 (Maintain),ASARTAPE,
MD06RW,Master Data - set 6 (Maintain),ASUMAIYA,
MD06RW,Master Data - set 6 (Maintain),ASZUBERL,
MD06RW,Master Data - set 6 (Maintain),CCRUMP,
MD06RW,Master Data - set 6 (Maintain),DANMACLEAN,
MD06RW,Master Data - set 6 (Maintain),DDALVI,
MD06RW,Master Data - set 6 (Maintain),DGUASTAL,
MD06RW,Master Data - set 6 (Maintain),DKELLY,
MD06RW,Master Data - set 6 (Maintain),DNEWLAND,
MD06RW,Master Data - set 6 (Maintain),DWU,
MD06RW,Master Data - set 6 (Maintain),DYYANG,
MD06RW,Master Data - set 6 (Maintain),EFORTUS,
MD06RW,Master Data - set 6 (Maintain),EMITCHELL,
MD06RW,Master Data - set 6 (Maintain),GSCHREUD,
MD06RW,Master Data - set 6 (Maintain),HPATIL,
MD06RW,Master Data - set 6 (Maintain),JFOK,
MD06RW,Master Data - set 6 (Maintain),JGUDMESTAD,
MD06RW,Master Data - set 6 (Maintain),JOLIN,
MD06RW,Master Data - set 6 (Maintain),JTENGBER,
MD06RW,Master Data - set 6 (Maintain),KGAWANDE,
MD06RW,Master Data - set 6 (Maintain),KMACDONA,
MD06RW,Master Data - set 6 (Maintain),KULTRA,
MD06RW,Master Data - set 6 (Maintain),KWONG,
MD06RW,Master Data - set 6 (Maintain),LDUNCAN,
MD06RW,Master Data - set 6 (Maintain),MAJONES,
MD06RW,Master Data - set 6 (Maintain),MHIZONA,
MD06RW,Master Data - set 6 (Maintain),MKIM,
MD06RW,Master Data - set 6 (Maintain),MRAMOS,
MD06RW,Master Data - set 6 (Maintain),NBADRINA,
MD06RW,Master Data - set 6 (Maintain),NKATHE,
MD06RW,Master Data - set 6 (Maintain),ODANGMAL,
MD06RW,Master Data - set 6 (Maintain),OMULIK,
MD06RW,Master Data - set 6 (Maintain),PANDERSON,
MD06RW,Master Data - set 6 (Maintain),PGUASTAL,
MD06RW,Master Data - set 6 (Maintain),PREN,
MD06RW,Master Data - set 6 (Maintain),RAKPADAD,
MD06RW,Master Data - set 6 (Maintain),RCHANNA,
MD06RW,Master Data - set 6 (Maintain),RDURGADE,
MD06RW,Master Data - set 6 (Maintain),RJADHAV,
MD06RW,Master Data - set 6 (Maintain),RSANPEDRO,
MD06RW,Master Data - set 6 (Maintain),SCONROY,
MD06RW,Master Data - set 6 (Maintain),SGOWDA,
MD06RW,Master Data - set 6 (Maintain),SJOHNY,
MD06RW,Master Data - set 6 (Maintain),SKALASAP,
MD06RW,Master Data - set 6 (Maintain),SLENGHE,
MD06RW,Master Data - set 6 (Maintain),SNPAWAR,
MD06RW,Master Data - set 6 (Maintain),SPATIL,
MD06RW,Master Data - set 6 (Maintain),SPAWAR,
MD06RW,Master Data - set 6 (Maintain),SRANGARAJA,
MD06RW,Master Data - set 6 (Maintain),SSHINDE,
MD06RW,Master Data - set 6 (Maintain),SUJOSHI,
MD06RW,Master Data - set 6 (Maintain),TVILLARD,
MD06RW,Master Data - set 6 (Maintain),UPATIL,
MD06RW,Master Data - set 6 (Maintain),VJADHAV,
MD06RW,Master Data - set 6 (Maintain),VMUDGAL,
MD06RW,Master Data - set 6 (Maintain),VSATPUTE,
MD06RW,Master Data - set 6 (Maintain),VVENUGOP,
MD06RW,Master Data - set 6 (Maintain),WROWLES,
MD06RW,Master Data - set 6 (Maintain),YJADHAV,
MD06RW,Master Data - set 6 (Maintain),YWAYKAR,
MD06RW,Master Data - set 6 (Maintain),ZHAYATH,
MD07RW,Master Data - set 7 (Maintain),DANMACLEAN,
MD07RW,Master Data - set 7 (Maintain),DYYANG,
MD07RW,Master Data - set 7 (Maintain),EFORTUS,
MD07RW,Master Data - set 7 (Maintain),EICAMPBE,
MD07RW,Master Data - set 7 (Maintain),JGUDMESTAD,
MD07RW,Master Data - set 7 (Maintain),KASTEWAR,
MD07RW,Master Data - set 7 (Maintain),LDICKSON,
MD07RW,Master Data - set 7 (Maintain),MHIZONA,
MD07RW,Master Data - set 7 (Maintain),NPARK,
MD07RW,Master Data - set 7 (Maintain),SMACHLIK,
MD07RW,Master Data - set 7 (Maintain),TVILLARD,
MD08RW,Master Data - set 8 (Maintain),DANMACLEAN,
MD08RW,Master Data - set 8 (Maintain),DYYANG,
MD08RW,Master Data - set 8 (Maintain),EFORTUS,
MD08RW,Master Data - set 8 (Maintain),EICAMPBE,
MD08RW,Master Data - set 8 (Maintain),JGUDMESTAD,
MD08RW,Master Data - set 8 (Maintain),KASTEWAR,
MD08RW,Master Data - set 8 (Maintain),LDICKSON,
MD08RW,Master Data - set 8 (Maintain),MHIZONA,
MD08RW,Master Data - set 8 (Maintain),NPARK,
MD08RW,Master Data - set 8 (Maintain),SMACHLIK,
MD08RW,Master Data - set 8 (Maintain),TVILLARD,
MD09RO,Master Data - set 9 (View),ASTAYLOR,
MD09RO,Master Data - set 9 (View),MISOTO,
MD09RW,Master Data - set 9 (Maintain),ABALDONADO,
MD09RW,Master Data - set 9 (Maintain),ADATKHIL,
MD09RW,Master Data - set 9 (Maintain),ADUBEY,
MD09RW,Master Data - set 9 (Maintain),AKAZI,
MD09RW,Master Data - set 9 (Maintain),AKORDE,
MD09RW,Master Data - set 9 (Maintain),AKUDEKAR,
MD09RW,Master Data - set 9 (Maintain),ASARTAPE,
MD09RW,Master Data - set 9 (Maintain),ASUMAIYA,
MD09RW,Master Data - set 9 (Maintain),ASZUBERL,
MD09RW,Master Data - set 9 (Maintain),DANMACLEAN,
MD09RW,Master Data - set 9 (Maintain),DDALVI,
MD09RW,Master Data - set 9 (Maintain),DGUASTAL,
MD09RW,Master Data - set 9 (Maintain),DKELLY,
MD09RW,Master Data - set 9 (Maintain),DNEWLAND,
MD09RW,Master Data - set 9 (Maintain),DWU,
MD09RW,Master Data - set 9 (Maintain),EMITCHELL,
MD09RW,Master Data - set 9 (Maintain),GSCHREUD,
MD09RW,Master Data - set 9 (Maintain),HPATIL,
MD09RW,Master Data - set 9 (Maintain),JOLIN,
MD09RW,Master Data - set 9 (Maintain),JTENGBER,
MD09RW,Master Data - set 9 (Maintain),KGAWANDE,
MD09RW,Master Data - set 9 (Maintain),KMACDONA,
MD09RW,Master Data - set 9 (Maintain),KULTRA,
MD09RW,Master Data - set 9 (Maintain),LDUNCAN,
MD09RW,Master Data - set 9 (Maintain),MAJONES,
MD09RW,Master Data - set 9 (Maintain),MKIM,
MD09RW,Master Data - set 9 (Maintain),MRAMOS,
MD09RW,Master Data - set 9 (Maintain),NBADRINA,
MD09RW,Master Data - set 9 (Maintain),NKATHE,
MD09RW,Master Data - set 9 (Maintain),ODANGMAL,
MD09RW,Master Data - set 9 (Maintain),OMULIK,
MD09RW,Master Data - set 9 (Maintain),PANDERSON,
MD09RW,Master Data - set 9 (Maintain),PGUASTAL,
MD09RW,Master Data - set 9 (Maintain),RAKPADAD,
MD09RW,Master Data - set 9 (Maintain),RCHANNA,
MD09RW,Master Data - set 9 (Maintain),RDURGADE,
MD09RW,Master Data - set 9 (Maintain),RJADHAV,
MD09RW,Master Data - set 9 (Maintain),SCONROY,
MD09RW,Master Data - set 9 (Maintain),SGOWDA,
MD09RW,Master Data - set 9 (Maintain),SJOHNY,
MD09RW,Master Data - set 9 (Maintain),SKALASAP,
MD09RW,Master Data - set 9 (Maintain),SLENGHE,
MD09RW,Master Data - set 9 (Maintain),SNPAWAR,
MD09RW,Master Data - set 9 (Maintain),SPATIL,
MD09RW,Master Data - set 9 (Maintain),SPAWAR,
MD09RW,Master Data - set 9 (Maintain),SRANGARAJA,
MD09RW,Master Data - set 9 (Maintain),SSHINDE,
MD09RW,Master Data - set 9 (Maintain),UPATIL,
MD09RW,Master Data - set 9 (Maintain),VJADHAV,
MD09RW,Master Data - set 9 (Maintain),VMUDGAL,
MD09RW,Master Data - set 9 (Maintain),VSATPUTE,
MD09RW,Master Data - set 9 (Maintain),VVENUGOP,
MD09RW,Master Data - set 9 (Maintain),WROWLES,
MD09RW,Master Data - set 9 (Maintain),YJADHAV,
MD09RW,Master Data - set 9 (Maintain),YWAYKAR,
MD09RW,Master Data - set 9 (Maintain),ZHAYATH,
MD10RO,Master Data - set 10 (View),ASTAYLOR,
MD10RO,Master Data - set 10 (View),MISOTO,
MD10RW,Master Data - set 10 (Maintain),AHUDANI,
MD10RW,Master Data - set 10 (Maintain),GIJUNIOR,
MD10RW,Master Data - set 10 (Maintain),HPARMAR,
MD10RW,Master Data - set 10 (Maintain),JFOK,
MD10RW,Master Data - set 10 (Maintain),LVELINCA,
MD10RW,Master Data - set 10 (Maintain),MBALAS,
MD10RW,Master Data - set 10 (Maintain),MDEAN,
MD10RW,Master Data - set 10 (Maintain),NBONIFACIO,
MD10RW,Master Data - set 10 (Maintain),RHINONG,
MD10RW,Master Data - set 10 (Maintain),RLIANG,
MD10RW,Master Data - set 10 (Maintain),RSANPEDRO,
MD10RW,Master Data - set 10 (Maintain),SSEKHON,
MD10RW,Master Data - set 10 (Maintain),VASOUZA,
MD10RW,Master Data - set 10 (Maintain),VGRIMSLI,
MD10RW,Master Data - set 10 (Maintain),WROWLES,
MD11RW,Master Data - set 11 (Maintain),ASARTAPE,
MD11RW,Master Data - set 11 (Maintain),ASUMAIYA,
MD11RW,Master Data - set 11 (Maintain),ASZUBERL,
MD11RW,Master Data - set 11 (Maintain),DKELLY,
MD11RW,Master Data - set 11 (Maintain),DWU,
MD11RW,Master Data - set 11 (Maintain),JOLIN,
MD11RW,Master Data - set 11 (Maintain),MKIM,
MD11RW,Master Data - set 11 (Maintain),MRAMOS,
MD11RW,Master Data - set 11 (Maintain),NBADRINA,
MD11RW,Master Data - set 11 (Maintain),PANDERSON,
MD11RW,Master Data - set 11 (Maintain),SKALASAP,
MD11RW,Master Data - set 11 (Maintain),SPAWAR,
MD11RW,Master Data - set 11 (Maintain),SRANGARAJA,
MD11RW,Master Data - set 11 (Maintain),UPATIL,
MD11RW,Master Data - set 11 (Maintain),VVENUGOP,
MD11RW,Master Data - set 11 (Maintain),WROWLES,
MD11RW,Master Data - set 11 (Maintain),ZHAYATH,
MD12RO,Master Data - set 12 (View),AHUDANI,
MD12RO,Master Data - set 12 (View),ASTAYLOR,
MD12RO,Master Data - set 12 (View),HPARMAR,
MD12RO,Master Data - set 12 (View),MBALAS,
MD12RO,Master Data - set 12 (View),MDEAN,
MD12RO,Master Data - set 12 (View),MISOTO,
MD12RO,Master Data - set 12 (View),NBONIFACIO,
MD12RO,Master Data - set 12 (View),RHINONG,
MD12RO,Master Data - set 12 (View),RLIANG,
MD12RO,Master Data - set 12 (View),SSEKHON,
MD12RO,Master Data - set 12 (View),VASOUZA,
MD12RO,Master Data - set 12 (View),VGRIMSLI,
MD12RW,Master Data - set 12 (Maintain),ABALDONADO,
MD12RW,Master Data - set 12 (Maintain),ABRYLINS,
MD12RW,Master Data - set 12 (Maintain),ADATKHIL,
MD12RW,Master Data - set 12 (Maintain),ADUBEY,
MD12RW,Master Data - set 12 (Maintain),AKAZI,
MD12RW,Master Data - set 12 (Maintain),AKHAKIMO,
MD12RW,Master Data - set 12 (Maintain),AKORDE,
MD12RW,Master Data - set 12 (Maintain),AKOT,
MD12RW,Master Data - set 12 (Maintain),AKUDEKAR,
MD12RW,Master Data - set 12 (Maintain),AREWERA,
MD12RW,Master Data - set 12 (Maintain),ASARTAPE,
MD12RW,Master Data - set 12 (Maintain),ASOUZA,
MD12RW,Master Data - set 12 (Maintain),ASUMAIYA,
MD12RW,Master Data - set 12 (Maintain),ASZUBERL,
MD12RW,Master Data - set 12 (Maintain),BEHESS,
MD12RW,Master Data - set 12 (Maintain),BSILVA,
MD12RW,Master Data - set 12 (Maintain),BSTUSIK,
MD12RW,Master Data - set 12 (Maintain),CCRUMP,
MD12RW,Master Data - set 12 (Maintain),CMONTILL,
MD12RW,Master Data - set 12 (Maintain),DANMACLEAN,
MD12RW,Master Data - set 12 (Maintain),DDALVI,
MD12RW,Master Data - set 12 (Maintain),DDVALVI,
MD12RW,Master Data - set 12 (Maintain),DGUASTAL,
MD12RW,Master Data - set 12 (Maintain),DHALYS,
MD12RW,Master Data - set 12 (Maintain),DLOS,
MD12RW,Master Data - set 12 (Maintain),DNEWLAND,
MD12RW,Master Data - set 12 (Maintain),DWU,
MD12RW,Master Data - set 12 (Maintain),DYYANG,
MD12RW,Master Data - set 12 (Maintain),EFORTUS,
MD12RW,Master Data - set 12 (Maintain),EFRANCO,
MD12RW,Master Data - set 12 (Maintain),EHERVIK,
MD12RW,Master Data - set 12 (Maintain),EICAMPBE,
MD12RW,Master Data - set 12 (Maintain),EMITCHELL,
MD12RW,Master Data - set 12 (Maintain),FNGAN,
MD12RW,Master Data - set 12 (Maintain),GSCHREUD,
MD12RW,Master Data - set 12 (Maintain),HPATIL,
MD12RW,Master Data - set 12 (Maintain),JECOOPER,
MD12RW,Master Data - set 12 (Maintain),JFOK,
MD12RW,Master Data - set 12 (Maintain),JKOBYLIN,
MD12RW,Master Data - set 12 (Maintain),JKUPCZAK,
MD12RW,Master Data - set 12 (Maintain),JOLIN,
MD12RW,Master Data - set 12 (Maintain),JSANTOS,
MD12RW,Master Data - set 12 (Maintain),JTENGBER,
MD12RW,Master Data - set 12 (Maintain),KASANTOS,
MD12RW,Master Data - set 12 (Maintain),KASTEWAR,
MD12RW,Master Data - set 12 (Maintain),KGAWANDE,
MD12RW,Master Data - set 12 (Maintain),KHENDZEL,
MD12RW,Master Data - set 12 (Maintain),KJANTOSZ,
MD12RW,Master Data - set 12 (Maintain),KMACDONA,
MD12RW,Master Data - set 12 (Maintain),KULTRA,
MD12RW,Master Data - set 12 (Maintain),KWONG,
MD12RW,Master Data - set 12 (Maintain),LBRANDAO,
MD12RW,Master Data - set 12 (Maintain),LDICKSON,
MD12RW,Master Data - set 12 (Maintain),LDUNCAN,
MD12RW,Master Data - set 12 (Maintain),LXIE,
MD12RW,Master Data - set 12 (Maintain),MAJONES,
MD12RW,Master Data - set 12 (Maintain),MCHOI,
MD12RW,Master Data - set 12 (Maintain),MDAYAPER,
MD12RW,Master Data - set 12 (Maintain),MHIZONA,
MD12RW,Master Data - set 12 (Maintain),MKEPA,
MD12RW,Master Data - set 12 (Maintain),MKIM,
MD12RW,Master Data - set 12 (Maintain),MRAMOS,
MD12RW,Master Data - set 12 (Maintain),NBADRINA,
MD12RW,Master Data - set 12 (Maintain),NKATHE,
MD12RW,Master Data - set 12 (Maintain),NNUGRHA,
MD12RW,Master Data - set 12 (Maintain),NPARK,
MD12RW,Master Data - set 12 (Maintain),NVROON,
MD12RW,Master Data - set 12 (Maintain),ODANGMAL,
MD12RW,Master Data - set 12 (Maintain),OMULIK,
MD12RW,Master Data - set 12 (Maintain),PANDERSON,
MD12RW,Master Data - set 12 (Maintain),PGUASTAL,
MD12RW,Master Data - set 12 (Maintain),PKHONGPAN,
MD12RW,Master Data - set 12 (Maintain),PREN,
MD12RW,Master Data - set 12 (Maintain),RAKPADAD,
MD12RW,Master Data - set 12 (Maintain),RCHANNA,
MD12RW,Master Data - set 12 (Maintain),RDURGADE,
MD12RW,Master Data - set 12 (Maintain),RJADHAV,
MD12RW,Master Data - set 12 (Maintain),RSANPEDRO,
MD12RW,Master Data - set 12 (Maintain),SCONROY,
MD12RW,Master Data - set 12 (Maintain),SGOWDA,
MD12RW,Master Data - set 12 (Maintain),SJOHNY,
MD12RW,Master Data - set 12 (Maintain),SKALASAP,
MD12RW,Master Data - set 12 (Maintain),SKONING,
MD12RW,Master Data - set 12 (Maintain),SLENGHE,
MD12RW,Master Data - set 12 (Maintain),SMACHLIK,
MD12RW,Master Data - set 12 (Maintain),SMARQUES,
MD12RW,Master Data - set 12 (Maintain),SNPAWAR,
MD12RW,Master Data - set 12 (Maintain),SPATIL,
MD12RW,Master Data - set 12 (Maintain),SPAWAR,
MD12RW,Master Data - set 12 (Maintain),SRANGARAJA,
MD12RW,Master Data - set 12 (Maintain),SSHINDE,
MD12RW,Master Data - set 12 (Maintain),STEIXEIR,
MD12RW,Master Data - set 12 (Maintain),SUJOSHI,
MD12RW,Master Data - set 12 (Maintain),TBROUWER,
MD12RW,Master Data - set 12 (Maintain),UPATIL,
MD12RW,Master Data - set 12 (Maintain),VISILVA,
MD12RW,Master Data - set 12 (Maintain),VJADHAV,
MD12RW,Master Data - set 12 (Maintain),VMUDGAL,
MD12RW,Master Data - set 12 (Maintain),VSATPUTE,
MD12RW,Master Data - set 12 (Maintain),VVENUGOP,
MD12RW,Master Data - set 12 (Maintain),WROWLES,
MD12RW,Master Data - set 12 (Maintain),YJADHAV,
MD12RW,Master Data - set 12 (Maintain),YWAYKAR,
MD12RW,Master Data - set 12 (Maintain),ZHAYATH,
MD13RO,Master Data - set 13 (View),ABRYLINS,
MD13RO,Master Data - set 13 (View),ADUBEY,
MD13RO,Master Data - set 13 (View),AHUDANI,
MD13RO,Master Data - set 13 (View),AKAZI,
MD13RO,Master Data - set 13 (View),AKHAKIMO,
MD13RO,Master Data - set 13 (View),AKORDE,
MD13RO,Master Data - set 13 (View),AKOT,
MD13RO,Master Data - set 13 (View),AKUDEKAR,
MD13RO,Master Data - set 13 (View),AREWERA,
MD13RO,Master Data - set 13 (View),ASOUZA,
MD13RO,Master Data - set 13 (View),ASTAYLOR,
MD13RO,Master Data - set 13 (View),BEHESS,
MD13RO,Master Data - set 13 (View),BSILVA,
MD13RO,Master Data - set 13 (View),BSTUSIK,
MD13RO,Master Data - set 13 (View),CCRUMP,
MD13RO,Master Data - set 13 (View),CMONTILL,
MD13RO,Master Data - set 13 (View),DDALVI,
MD13RO,Master Data - set 13 (View),DDVALVI,
MD13RO,Master Data - set 13 (View),DHALYS,
MD13RO,Master Data - set 13 (View),DLOS,
MD13RO,Master Data - set 13 (View),DNEWLAND,
MD13RO,Master Data - set 13 (View),DYYANG,
MD13RO,Master Data - set 13 (View),EFORTUS,
MD13RO,Master Data - set 13 (View),EFRANCO,
MD13RO,Master Data - set 13 (View),EHERVIK,
MD13RO,Master Data - set 13 (View),EICAMPBE,
MD13RO,Master Data - set 13 (View),EMITCHELL,
MD13RO,Master Data - set 13 (View),FNGAN,
MD13RO,Master Data - set 13 (View),GIJUNIOR,
MD13RO,Master Data - set 13 (View),GSCHREUD,
MD13RO,Master Data - set 13 (View),HPARMAR,
MD13RO,Master Data - set 13 (View),HPATIL,
MD13RO,Master Data - set 13 (View),JECOOPER,
MD13RO,Master Data - set 13 (View),JFOK,
MD13RO,Master Data - set 13 (View),JKOBYLIN,
MD13RO,Master Data - set 13 (View),JKUPCZAK,
MD13RO,Master Data - set 13 (View),JSANTOS,
MD13RO,Master Data - set 13 (View),KASANTOS,
MD13RO,Master Data - set 13 (View),KASTEWAR,
MD13RO,Master Data - set 13 (View),KGAWANDE,
MD13RO,Master Data - set 13 (View),KHENDZEL,
MD13RO,Master Data - set 13 (View),KJANTOSZ,
MD13RO,Master Data - set 13 (View),KMACDONA,
MD13RO,Master Data - set 13 (View),KULTRA,
MD13RO,Master Data - set 13 (View),KWONG,
MD13RO,Master Data - set 13 (View),LBRANDAO,
MD13RO,Master Data - set 13 (View),LDICKSON,
MD13RO,Master Data - set 13 (View),LDUNCAN,
MD13RO,Master Data - set 13 (View),LVELINCA,
MD13RO,Master Data - set 13 (View),LXIE,
MD13RO,Master Data - set 13 (View),MAJONES,
MD13RO,Master Data - set 13 (View),MBALAS,
MD13RO,Master Data - set 13 (View),MCHOI,
MD13RO,Master Data - set 13 (View),MDAYAPER,
MD13RO,Master Data - set 13 (View),MDEAN,
MD13RO,Master Data - set 13 (View),MHIZONA,
MD13RO,Master Data - set 13 (View),MISOTO,
MD13RO,Master Data - set 13 (View),MKEPA,
MD13RO,Master Data - set 13 (View),NBONIFACIO,
MD13RO,Master Data - set 13 (View),NKATHE,
MD13RO,Master Data - set 13 (View),NNUGRHA,
MD13RO,Master Data - set 13 (View),NPARK,
MD13RO,Master Data - set 13 (View),NVROON,
MD13RO,Master Data - set 13 (View),ODANGMAL,
MD13RO,Master Data - set 13 (View),OMULIK,
MD13RO,Master Data - set 13 (View),PKHONGPAN,
MD13RO,Master Data - set 13 (View),PREN,
MD13RO,Master Data - set 13 (View),RAKPADAD,
MD13RO,Master Data - set 13 (View),RCHANNA,
MD13RO,Master Data - set 13 (View),RDURGADE,
MD13RO,Master Data - set 13 (View),RHINONG,
MD13RO,Master Data - set 13 (View),RJADHAV,
MD13RO,Master Data - set 13 (View),RLIANG,
MD13RO,Master Data - set 13 (View),RSANPEDRO,
MD13RO,Master Data - set 13 (View),SCONROY,
MD13RO,Master Data - set 13 (View),SGOWDA,
MD13RO,Master Data - set 13 (View),SJOHNY,
MD13RO,Master Data - set 13 (View),SKONING,
MD13RO,Master Data - set 13 (View),SLENGHE,
MD13RO,Master Data - set 13 (View),SMACHLIK,
MD13RO,Master Data - set 13 (View),SMARQUES,
MD13RO,Master Data - set 13 (View),SNPAWAR,
MD13RO,Master Data - set 13 (View),SPATIL,
MD13RO,Master Data - set 13 (View),SSEKHON,
MD13RO,Master Data - set 13 (View),STEIXEIR,
MD13RO,Master Data - set 13 (View),SUJOSHI,
MD13RO,Master Data - set 13 (View),TBROUWER,
MD13RO,Master Data - set 13 (View),VASOUZA,
MD13RO,Master Data - set 13 (View),VGRIMSLI,
MD13RO,Master Data - set 13 (View),VISILVA,
MD13RO,Master Data - set 13 (View),VJADHAV,
MD13RO,Master Data - set 13 (View),VMUDGAL,
MD13RO,Master Data - set 13 (View),VSATPUTE,
MD13RO,Master Data - set 13 (View),YJADHAV,
MD13RO,Master Data - set 13 (View),YWAYKAR,
MD13RW,Master Data - set 13 (Maintain),AAMARTIN,
MD13RW,Master Data - set 13 (Maintain),ABALDONADO,
MD13RW,Master Data - set 13 (Maintain),ABRYLINS,
MD13RW,Master Data - set 13 (Maintain),ADATKHIL,
MD13RW,Master Data - set 13 (Maintain),ADUBEY,
MD13RW,Master Data - set 13 (Maintain),AHUDANI,
MD13RW,Master Data - set 13 (Maintain),AKAZI,
MD13RW,Master Data - set 13 (Maintain),AKHAKIMO,
MD13RW,Master Data - set 13 (Maintain),AKORDE,
MD13RW,Master Data - set 13 (Maintain),AKOT,
MD13RW,Master Data - set 13 (Maintain),AKUDEKAR,
MD13RW,Master Data - set 13 (Maintain),AREWERA,
MD13RW,Master Data - set 13 (Maintain),ASARTAPE,
MD13RW,Master Data - set 13 (Maintain),ASOUZA,
MD13RW,Master Data - set 13 (Maintain),ASUMAIYA,
MD13RW,Master Data - set 13 (Maintain),ASZUBERL,
MD13RW,Master Data - set 13 (Maintain),BEHESS,
MD13RW,Master Data - set 13 (Maintain),BSILVA,
MD13RW,Master Data - set 13 (Maintain),BSTUSIK,
MD13RW,Master Data - set 13 (Maintain),CCOPELAN,
MD13RW,Master Data - set 13 (Maintain),CCRUMP,
MD13RW,Master Data - set 13 (Maintain),CMONTILL,
MD13RW,Master Data - set 13 (Maintain),DANMACLEAN,
MD13RW,Master Data - set 13 (Maintain),DDALVI,
MD13RW,Master Data - set 13 (Maintain),DDVALVI,
MD13RW,Master Data - set 13 (Maintain),DGUASTAL,
MD13RW,Master Data - set 13 (Maintain),DHALYS,
MD13RW,Master Data - set 13 (Maintain),DLOS,
MD13RW,Master Data - set 13 (Maintain),DNEWLAND,
MD13RW,Master Data - set 13 (Maintain),DPANGILI,
MD13RW,Master Data - set 13 (Maintain),DWU,
MD13RW,Master Data - set 13 (Maintain),DYYANG,
MD13RW,Master Data - set 13 (Maintain),EFORTUS,
MD13RW,Master Data - set 13 (Maintain),EFRANCO,
MD13RW,Master Data - set 13 (Maintain),EHERVIK,
MD13RW,Master Data - set 13 (Maintain),EICAMPBE,
MD13RW,Master Data - set 13 (Maintain),EKRISTVI,
MD13RW,Master Data - set 13 (Maintain),EMITCHELL,
MD13RW,Master Data - set 13 (Maintain),ESOREIDE,
MD13RW,Master Data - set 13 (Maintain),FNGAN,
MD13RW,Master Data - set 13 (Maintain),GESCARAY,
MD13RW,Master Data - set 13 (Maintain),GJOHANSE,
MD13RW,Master Data - set 13 (Maintain),GSCHREUD,
MD13RW,Master Data - set 13 (Maintain),HPARMAR,
MD13RW,Master Data - set 13 (Maintain),HPATIL,
MD13RW,Master Data - set 13 (Maintain),JCEGIELS,
MD13RW,Master Data - set 13 (Maintain),JCONCEPC,
MD13RW,Master Data - set 13 (Maintain),JECOOPER,
MD13RW,Master Data - set 13 (Maintain),JFOK,
MD13RW,Master Data - set 13 (Maintain),JKOBYLIN,
MD13RW,Master Data - set 13 (Maintain),JKUPCZAK,
MD13RW,Master Data - set 13 (Maintain),JOLIN,
MD13RW,Master Data - set 13 (Maintain),JSANTOS,
MD13RW,Master Data - set 13 (Maintain),JTENGBER,
MD13RW,Master Data - set 13 (Maintain),KASANTOS,
MD13RW,Master Data - set 13 (Maintain),KASTEWAR,
MD13RW,Master Data - set 13 (Maintain),KGAWANDE,
MD13RW,Master Data - set 13 (Maintain),KHENDZEL,
MD13RW,Master Data - set 13 (Maintain),KJANTOSZ,
MD13RW,Master Data - set 13 (Maintain),KMACDONA,
MD13RW,Master Data - set 13 (Maintain),KPHUNG,
MD13RW,Master Data - set 13 (Maintain),KULTRA,
MD13RW,Master Data - set 13 (Maintain),KWONG,
MD13RW,Master Data - set 13 (Maintain),LBRANDAO,
MD13RW,Master Data - set 13 (Maintain),LDICKSON,
MD13RW,Master Data - set 13 (Maintain),LDUNCAN,
MD13RW,Master Data - set 13 (Maintain),LVIERA,
MD13RW,Master Data - set 13 (Maintain),LXIE,
MD13RW,Master Data - set 13 (Maintain),MAJONES,
MD13RW,Master Data - set 13 (Maintain),MAMATONG,
MD13RW,Master Data - set 13 (Maintain),MBALAS,
MD13RW,Master Data - set 13 (Maintain),MCHOI,
MD13RW,Master Data - set 13 (Maintain),MDAYAPER,
MD13RW,Master Data - set 13 (Maintain),MDEAN,
MD13RW,Master Data - set 13 (Maintain),MHIZONA,
MD13RW,Master Data - set 13 (Maintain),MKEPA,
MD13RW,Master Data - set 13 (Maintain),MKIM,
MD13RW,Master Data - set 13 (Maintain),MRAMOS,
MD13RW,Master Data - set 13 (Maintain),MSANSALI,
MD13RW,Master Data - set 13 (Maintain),NBADRINA,
MD13RW,Master Data - set 13 (Maintain),NBONIFACIO,
MD13RW,Master Data - set 13 (Maintain),NKATHE,
MD13RW,Master Data - set 13 (Maintain),NNUGRHA,
MD13RW,Master Data - set 13 (Maintain),NPARK,
MD13RW,Master Data - set 13 (Maintain),NVROON,
MD13RW,Master Data - set 13 (Maintain),ODANGMAL,
MD13RW,Master Data - set 13 (Maintain),OMULIK,
MD13RW,Master Data - set 13 (Maintain),PANDERSON,
MD13RW,Master Data - set 13 (Maintain),PGUASTAL,
MD13RW,Master Data - set 13 (Maintain),PKHONGPAN,
MD13RW,Master Data - set 13 (Maintain),PREN,
MD13RW,Master Data - set 13 (Maintain),RAJKUMAR,
MD13RW,Master Data - set 13 (Maintain),RAKPADAD,
MD13RW,Master Data - set 13 (Maintain),RCHANNA,
MD13RW,Master Data - set 13 (Maintain),RDURGADE,
MD13RW,Master Data - set 13 (Maintain),RHALILI,
MD13RW,Master Data - set 13 (Maintain),RHINONG,
MD13RW,Master Data - set 13 (Maintain),RJADHAV,
MD13RW,Master Data - set 13 (Maintain),RLIANG,
MD13RW,Master Data - set 13 (Maintain),RLONG,
MD13RW,Master Data - set 13 (Maintain),RMUYO,
MD13RW,Master Data - set 13 (Maintain),RSANPEDRO,
MD13RW,Master Data - set 13 (Maintain),RTUMAGAN,
MD13RW,Master Data - set 13 (Maintain),SCONROY,
MD13RW,Master Data - set 13 (Maintain),SGOWDA,
MD13RW,Master Data - set 13 (Maintain),SHOGGATT,
MD13RW,Master Data - set 13 (Maintain),SJOHNY,
MD13RW,Master Data - set 13 (Maintain),SKALASAP,
MD13RW,Master Data - set 13 (Maintain),SKONING,
MD13RW,Master Data - set 13 (Maintain),SLENGHE,
MD13RW,Master Data - set 13 (Maintain),SMACHLIK,
MD13RW,Master Data - set 13 (Maintain),SMARQUES,
MD13RW,Master Data - set 13 (Maintain),SNEZAMIA,
MD13RW,Master Data - set 13 (Maintain),SNPAWAR,
MD13RW,Master Data - set 13 (Maintain),SPATIL,
MD13RW,Master Data - set 13 (Maintain),SPAWAR,
MD13RW,Master Data - set 13 (Maintain),SRANGARAJA,
MD13RW,Master Data - set 13 (Maintain),SSEKHON,
MD13RW,Master Data - set 13 (Maintain),SSHINDE,
MD13RW,Master Data - set 13 (Maintain),STEIXEIR,
MD13RW,Master Data - set 13 (Maintain),SUJOSHI,
MD13RW,Master Data - set 13 (Maintain),TBASS,
MD13RW,Master Data - set 13 (Maintain),TBROUWER,
MD13RW,Master Data - set 13 (Maintain),TIMCOX,
MD13RW,Master Data - set 13 (Maintain),UPATIL,
MD13RW,Master Data - set 13 (Maintain),VASOUZA,
MD13RW,Master Data - set 13 (Maintain),VGRIMSLI,
MD13RW,Master Data - set 13 (Maintain),VISILVA,
MD13RW,Master Data - set 13 (Maintain),VJADHAV,
MD13RW,Master Data - set 13 (Maintain),VMUDGAL,
MD13RW,Master Data - set 13 (Maintain),VSATPUTE,
MD13RW,Master Data - set 13 (Maintain),VVENUGOP,
MD13RW,Master Data - set 13 (Maintain),WROWLES,
MD13RW,Master Data - set 13 (Maintain),YJADHAV,
MD13RW,Master Data - set 13 (Maintain),YWAYKAR,
MD13RW,Master Data - set 13 (Maintain),ZHAYATH,
MD14RO,Master Data - set 14 (View),AAMARTIN,
MD14RO,Master Data - set 14 (View),ABALDONADO,
MD14RO,Master Data - set 14 (View),ABRYLINS,
MD14RO,Master Data - set 14 (View),ADATKHIL,
MD14RO,Master Data - set 14 (View),ADUBEY,
MD14RO,Master Data - set 14 (View),AHUDANI,
MD14RO,Master Data - set 14 (View),AKAZI,
MD14RO,Master Data - set 14 (View),AKHAKIMO,
MD14RO,Master Data - set 14 (View),AKORDE,
MD14RO,Master Data - set 14 (View),AKOT,
MD14RO,Master Data - set 14 (View),AKUDEKAR,
MD14RO,Master Data - set 14 (View),AREWERA,
MD14RO,Master Data - set 14 (View),ASARTAPE,
MD14RO,Master Data - set 14 (View),ASOUZA,
MD14RO,Master Data - set 14 (View),ASTAYLOR,
MD14RO,Master Data - set 14 (View),ASUMAIYA,
MD14RO,Master Data - set 14 (View),ASZUBERL,
MD14RO,Master Data - set 14 (View),BEHESS,
MD14RO,Master Data - set 14 (View),BSILVA,
MD14RO,Master Data - set 14 (View),BSTUSIK,
MD14RO,Master Data - set 14 (View),CCOPELAN,
MD14RO,Master Data - set 14 (View),CCRUMP,
MD14RO,Master Data - set 14 (View),CMONTILL,
MD14RO,Master Data - set 14 (View),DANMACLEAN,
MD14RO,Master Data - set 14 (View),DAWALKER,
MD14RO,Master Data - set 14 (View),DDALVI,
MD14RO,Master Data - set 14 (View),DDVALVI,
MD14RO,Master Data - set 14 (View),DGLENNIE,
MD14RO,Master Data - set 14 (View),DGUASTAL,
MD14RO,Master Data - set 14 (View),DHALYS,
MD14RO,Master Data - set 14 (View),DLOS,
MD14RO,Master Data - set 14 (View),DNEWLAND,
MD14RO,Master Data - set 14 (View),DPANGILI,
MD14RO,Master Data - set 14 (View),DWU,
MD14RO,Master Data - set 14 (View),DYYANG,
MD14RO,Master Data - set 14 (View),EFORTUS,
MD14RO,Master Data - set 14 (View),EFRANCO,
MD14RO,Master Data - set 14 (View),EHERVIK,
MD14RO,Master Data - set 14 (View),EICAMPBE,
MD14RO,Master Data - set 14 (View),EKRISTVI,
MD14RO,Master Data - set 14 (View),EMITCHELL,
MD14RO,Master Data - set 14 (View),ESOREIDE,
MD14RO,Master Data - set 14 (View),FNGAN,
MD14RO,Master Data - set 14 (View),GESCARAY,
MD14RO,Master Data - set 14 (View),GIJUNIOR,
MD14RO,Master Data - set 14 (View),GJOHANSE,
MD14RO,Master Data - set 14 (View),GSCHREUD,
MD14RO,Master Data - set 14 (View),HPARMAR,
MD14RO,Master Data - set 14 (View),HPATIL,
MD14RO,Master Data - set 14 (View),JCEGIELS,
MD14RO,Master Data - set 14 (View),JCONCEPC,
MD14RO,Master Data - set 14 (View),JECOOPER,
MD14RO,Master Data - set 14 (View),JFOK,
MD14RO,Master Data - set 14 (View),JKOBYLIN,
MD14RO,Master Data - set 14 (View),JKUPCZAK,
MD14RO,Master Data - set 14 (View),JOLIN,
MD14RO,Master Data - set 14 (View),JSANTOS,
MD14RO,Master Data - set 14 (View),JTENGBER,
MD14RO,Master Data - set 14 (View),KASANTOS,
MD14RO,Master Data - set 14 (View),KASTEWAR,
MD14RO,Master Data - set 14 (View),KGAWANDE,
MD14RO,Master Data - set 14 (View),KHENDZEL,
MD14RO,Master Data - set 14 (View),KJANTOSZ,
MD14RO,Master Data - set 14 (View),KMACDONA,
MD14RO,Master Data - set 14 (View),KPHUNG,
MD14RO,Master Data - set 14 (View),KULTRA,
MD14RO,Master Data - set 14 (View),KWONG,
MD14RO,Master Data - set 14 (View),LBRANDAO,
MD14RO,Master Data - set 14 (View),LDICKSON,
MD14RO,Master Data - set 14 (View),LDUNCAN,
MD14RO,Master Data - set 14 (View),LVELINCA,
MD14RO,Master Data - set 14 (View),LVIERA,
MD14RO,Master Data - set 14 (View),LXIE,
MD14RO,Master Data - set 14 (View),MAJONES,
MD14RO,Master Data - set 14 (View),MAMATONG,
MD14RO,Master Data - set 14 (View),MBALAS,
MD14RO,Master Data - set 14 (View),MCHOI,
MD14RO,Master Data - set 14 (View),MDAYAPER,
MD14RO,Master Data - set 14 (View),MDEAN,
MD14RO,Master Data - set 14 (View),MHIZONA,
MD14RO,Master Data - set 14 (View),MISOTO,
MD14RO,Master Data - set 14 (View),MKEPA,
MD14RO,Master Data - set 14 (View),MKIM,
MD14RO,Master Data - set 14 (View),MRAMOS,
MD14RO,Master Data - set 14 (View),MSANSALI,
MD14RO,Master Data - set 14 (View),NBADRINA,
MD14RO,Master Data - set 14 (View),NBONIFACIO,
MD14RO,Master Data - set 14 (View),NKATHE,
MD14RO,Master Data - set 14 (View),NNUGRHA,
MD14RO,Master Data - set 14 (View),NPARK,
MD14RO,Master Data - set 14 (View),NVROON,
MD14RO,Master Data - set 14 (View),ODANGMAL,
MD14RO,Master Data - set 14 (View),OMULIK,
MD14RO,Master Data - set 14 (View),PANDERSON,
MD14RO,Master Data - set 14 (View),PGUASTAL,
MD14RO,Master Data - set 14 (View),PKHONGPAN,
MD14RO,Master Data - set 14 (View),PREN,
MD14RO,Master Data - set 14 (View),RAJKUMAR,
MD14RO,Master Data - set 14 (View),RAKPADAD,
MD14RO,Master Data - set 14 (View),RCHANNA,
MD14RO,Master Data - set 14 (View),RDURGADE,
MD14RO,Master Data - set 14 (View),RHALILI,
MD14RO,Master Data - set 14 (View),RHINONG,
MD14RO,Master Data - set 14 (View),RJADHAV,
MD14RO,Master Data - set 14 (View),RLIANG,
MD14RO,Master Data - set 14 (View),RLONG,
MD14RO,Master Data - set 14 (View),RMUYO,
MD14RO,Master Data - set 14 (View),RSANPEDRO,
MD14RO,Master Data - set 14 (View),RTUMAGAN,
MD14RO,Master Data - set 14 (View),SCONROY,
MD14RO,Master Data - set 14 (View),SGOWDA,
MD14RO,Master Data - set 14 (View),SHOGGATT,
MD14RO,Master Data - set 14 (View),SJOHNY,
MD14RO,Master Data - set 14 (View),SKALASAP,
MD14RO,Master Data - set 14 (View),SKONING,
MD14RO,Master Data - set 14 (View),SLENGHE,
MD14RO,Master Data - set 14 (View),SMACHLIK,
MD14RO,Master Data - set 14 (View),SMARQUES,
MD14RO,Master Data - set 14 (View),SNEZAMIA,
MD14RO,Master Data - set 14 (View),SNPAWAR,
MD14RO,Master Data - set 14 (View),SPATIL,
MD14RO,Master Data - set 14 (View),SPAWAR,
MD14RO,Master Data - set 14 (View),SRANGARAJA,
MD14RO,Master Data - set 14 (View),SSEKHON,
MD14RO,Master Data - set 14 (View),SSHINDE,
MD14RO,Master Data - set 14 (View),STCOLLIN,
MD14RO,Master Data - set 14 (View),STEIXEIR,
MD14RO,Master Data - set 14 (View),SUJOSHI,
MD14RO,Master Data - set 14 (View),TBASS,
MD14RO,Master Data - set 14 (View),TBROUWER,
MD14RO,Master Data - set 14 (View),TIMCOX,
MD14RO,Master Data - set 14 (View),UPATIL,
MD14RO,Master Data - set 14 (View),VASOUZA,
MD14RO,Master Data - set 14 (View),VGRIMSLI,
MD14RO,Master Data - set 14 (View),VISILVA,
MD14RO,Master Data - set 14 (View),VJADHAV,
MD14RO,Master Data - set 14 (View),VMUDGAL,
MD14RO,Master Data - set 14 (View),VSATPUTE,
MD14RO,Master Data - set 14 (View),VVENUGOP,
MD14RO,Master Data - set 14 (View),WROWLES,
MD14RO,Master Data - set 14 (View),YJADHAV,
MD14RO,Master Data - set 14 (View),YWAYKAR,
MD14RO,Master Data - set 14 (View),ZHAYATH,
MD14RW,Master Data - set 14 (Maintain),AAMARTIN,
MD14RW,Master Data - set 14 (Maintain),ABALDONADO,
MD14RW,Master Data - set 14 (Maintain),ABRYLINS,
MD14RW,Master Data - set 14 (Maintain),ADATKHIL,
MD14RW,Master Data - set 14 (Maintain),ADUBEY,
MD14RW,Master Data - set 14 (Maintain),AHUDANI,
MD14RW,Master Data - set 14 (Maintain),AKAZI,
MD14RW,Master Data - set 14 (Maintain),AKHAKIMO,
MD14RW,Master Data - set 14 (Maintain),AKORDE,
MD14RW,Master Data - set 14 (Maintain),AKOT,
MD14RW,Master Data - set 14 (Maintain),AKUDEKAR,
MD14RW,Master Data - set 14 (Maintain),AREWERA,
MD14RW,Master Data - set 14 (Maintain),ASARTAPE,
MD14RW,Master Data - set 14 (Maintain),ASOUZA,
MD14RW,Master Data - set 14 (Maintain),ASUMAIYA,
MD14RW,Master Data - set 14 (Maintain),ASZUBERL,
MD14RW,Master Data - set 14 (Maintain),BEHESS,
MD14RW,Master Data - set 14 (Maintain),BSILVA,
MD14RW,Master Data - set 14 (Maintain),BSTUSIK,
MD14RW,Master Data - set 14 (Maintain),CCOPELAN,
MD14RW,Master Data - set 14 (Maintain),CCRUMP,
MD14RW,Master Data - set 14 (Maintain),CMONTILL,
MD14RW,Master Data - set 14 (Maintain),DANMACLEAN,
MD14RW,Master Data - set 14 (Maintain),DDALVI,
MD14RW,Master Data - set 14 (Maintain),DDVALVI,
MD14RW,Master Data - set 14 (Maintain),DGUASTAL,
MD14RW,Master Data - set 14 (Maintain),DHALYS,
MD14RW,Master Data - set 14 (Maintain),DKELLY,
MD14RW,Master Data - set 14 (Maintain),DLOS,
MD14RW,Master Data - set 14 (Maintain),DNEWLAND,
MD14RW,Master Data - set 14 (Maintain),DPANGILI,
MD14RW,Master Data - set 14 (Maintain),DWU,
MD14RW,Master Data - set 14 (Maintain),DYYANG,
MD14RW,Master Data - set 14 (Maintain),EFORTUS,
MD14RW,Master Data - set 14 (Maintain),EFRANCO,
MD14RW,Master Data - set 14 (Maintain),EHERVIK,
MD14RW,Master Data - set 14 (Maintain),EICAMPBE,
MD14RW,Master Data - set 14 (Maintain),EKRISTVI,
MD14RW,Master Data - set 14 (Maintain),EMITCHELL,
MD14RW,Master Data - set 14 (Maintain),ESOREIDE,
MD14RW,Master Data - set 14 (Maintain),FNGAN,
MD14RW,Master Data - set 14 (Maintain),GESCARAY,
MD14RW,Master Data - set 14 (Maintain),GJOHANSE,
MD14RW,Master Data - set 14 (Maintain),GSCHREUD,
MD14RW,Master Data - set 14 (Maintain),HPARMAR,
MD14RW,Master Data - set 14 (Maintain),HPATIL,
MD14RW,Master Data - set 14 (Maintain),JCEGIELS,
MD14RW,Master Data - set 14 (Maintain),JCONCEPC,
MD14RW,Master Data - set 14 (Maintain),JECOOPER,
MD14RW,Master Data - set 14 (Maintain),JFOK,
MD14RW,Master Data - set 14 (Maintain),JGUDMESTAD,
MD14RW,Master Data - set 14 (Maintain),JKOBYLIN,
MD14RW,Master Data - set 14 (Maintain),JKUPCZAK,
MD14RW,Master Data - set 14 (Maintain),JOLIN,
MD14RW,Master Data - set 14 (Maintain),JSANTOS,
MD14RW,Master Data - set 14 (Maintain),JTENGBER,
MD14RW,Master Data - set 14 (Maintain),KASANTOS,
MD14RW,Master Data - set 14 (Maintain),KASTEWAR,
MD14RW,Master Data - set 14 (Maintain),KGAWANDE,
MD14RW,Master Data - set 14 (Maintain),KHENDZEL,
MD14RW,Master Data - set 14 (Maintain),KJANTOSZ,
MD14RW,Master Data - set 14 (Maintain),KMACDONA,
MD14RW,Master Data - set 14 (Maintain),KNATTERO,
MD14RW,Master Data - set 14 (Maintain),KPHUNG,
MD14RW,Master Data - set 14 (Maintain),KULTRA,
MD14RW,Master Data - set 14 (Maintain),KWONG,
MD14RW,Master Data - set 14 (Maintain),LBRANDAO,
MD14RW,Master Data - set 14 (Maintain),LDICKSON,
MD14RW,Master Data - set 14 (Maintain),LDUNCAN,
MD14RW,Master Data - set 14 (Maintain),LVIERA,
MD14RW,Master Data - set 14 (Maintain),LXIE,
MD14RW,Master Data - set 14 (Maintain),MAJONES,
MD14RW,Master Data - set 14 (Maintain),MAMATONG,
MD14RW,Master Data - set 14 (Maintain),MCHOI,
MD14RW,Master Data - set 14 (Maintain),MDAYAPER,
MD14RW,Master Data - set 14 (Maintain),MHIZONA,
MD14RW,Master Data - set 14 (Maintain),MKEPA,
MD14RW,Master Data - set 14 (Maintain),MKIM,
MD14RW,Master Data - set 14 (Maintain),MRAMOS,
MD14RW,Master Data - set 14 (Maintain),MSANSALI,
MD14RW,Master Data - set 14 (Maintain),NBADRINA,
MD14RW,Master Data - set 14 (Maintain),NBONIFACIO,
MD14RW,Master Data - set 14 (Maintain),NKATHE,
MD14RW,Master Data - set 14 (Maintain),NNUGRHA,
MD14RW,Master Data - set 14 (Maintain),NPARK,
MD14RW,Master Data - set 14 (Maintain),NVROON,
MD14RW,Master Data - set 14 (Maintain),ODANGMAL,
MD14RW,Master Data - set 14 (Maintain),OMULIK,
MD14RW,Master Data - set 14 (Maintain),PANDERSON,
MD14RW,Master Data - set 14 (Maintain),PGUASTAL,
MD14RW,Master Data - set 14 (Maintain),PKHONGPAN,
MD14RW,Master Data - set 14 (Maintain),PREN,
MD14RW,Master Data - set 14 (Maintain),PVATTOY,
MD14RW,Master Data - set 14 (Maintain),RAJKUMAR,
MD14RW,Master Data - set 14 (Maintain),RAKPADAD,
MD14RW,Master Data - set 14 (Maintain),RCHANNA,
MD14RW,Master Data - set 14 (Maintain),RDURGADE,
MD14RW,Master Data - set 14 (Maintain),RHALILI,
MD14RW,Master Data - set 14 (Maintain),RHINONG,
MD14RW,Master Data - set 14 (Maintain),RJADHAV,
MD14RW,Master Data - set 14 (Maintain),RJAMES,
MD14RW,Master Data - set 14 (Maintain),RLIANG,
MD14RW,Master Data - set 14 (Maintain),RLONG,
MD14RW,Master Data - set 14 (Maintain),RMUYO,
MD14RW,Master Data - set 14 (Maintain),RSANPEDRO,
MD14RW,Master Data - set 14 (Maintain),RTUMAGAN,
MD14RW,Master Data - set 14 (Maintain),SCONROY,
MD14RW,Master Data - set 14 (Maintain),SENGER,
MD14RW,Master Data - set 14 (Maintain),SGOWDA,
MD14RW,Master Data - set 14 (Maintain),SHOGGATT,
MD14RW,Master Data - set 14 (Maintain),SJOHNY,
MD14RW,Master Data - set 14 (Maintain),SKALASAP,
MD14RW,Master Data - set 14 (Maintain),SKONING,
MD14RW,Master Data - set 14 (Maintain),SLENGHE,
MD14RW,Master Data - set 14 (Maintain),SMACHLIK,
MD14RW,Master Data - set 14 (Maintain),SMARQUES,
MD14RW,Master Data - set 14 (Maintain),SNEZAMIA,
MD14RW,Master Data - set 14 (Maintain),SNPAWAR,
MD14RW,Master Data - set 14 (Maintain),SOSLAND,
MD14RW,Master Data - set 14 (Maintain),SPATIL,
MD14RW,Master Data - set 14 (Maintain),SPAWAR,
MD14RW,Master Data - set 14 (Maintain),SRANGARAJA,
MD14RW,Master Data - set 14 (Maintain),SSEKHON,
MD14RW,Master Data - set 14 (Maintain),SSHINDE,
MD14RW,Master Data - set 14 (Maintain),STEIXEIR,
MD14RW,Master Data - set 14 (Maintain),SUJOSHI,
MD14RW,Master Data - set 14 (Maintain),TBASS,
MD14RW,Master Data - set 14 (Maintain),TBROUWER,
MD14RW,Master Data - set 14 (Maintain),THJAKOBSEN,
MD14RW,Master Data - set 14 (Maintain),TIMCOX,
MD14RW,Master Data - set 14 (Maintain),UPATIL,
MD14RW,Master Data - set 14 (Maintain),VISILVA,
MD14RW,Master Data - set 14 (Maintain),VJADHAV,
MD14RW,Master Data - set 14 (Maintain),VMUDGAL,
MD14RW,Master Data - set 14 (Maintain),VSATPUTE,
MD14RW,Master Data - set 14 (Maintain),VVENUGOP,
MD14RW,Master Data - set 14 (Maintain),WROWLES,
MD14RW,Master Data - set 14 (Maintain),YJADHAV,
MD14RW,Master Data - set 14 (Maintain),YWAYKAR,
MD14RW,Master Data - set 14 (Maintain),ZHAYATH,
MD15RO,Master Data - set 15 (View),AHUDANI,
MD15RO,Master Data - set 15 (View),AKANDWAL,
MD15RO,Master Data - set 15 (View),AKHAKIMO,
MD15RO,Master Data - set 15 (View),ANSOUZA,
MD15RO,Master Data - set 15 (View),ASTAYLOR,
MD15RO,Master Data - set 15 (View),BARK,
MD15RO,Master Data - set 15 (View),BCAR,
MD15RO,Master Data - set 15 (View),BEHESS,
MD15RO,Master Data - set 15 (View),BKISCH,
MD15RO,Master Data - set 15 (View),BTERSTEGE,
MD15RO,Master Data - set 15 (View),CMONTILL,
MD15RO,Master Data - set 15 (View),CTHOM,
MD15RO,Master Data - set 15 (View),CVIRGENS,
MD15RO,Master Data - set 15 (View),CWASKEY,
MD15RO,Master Data - set 15 (View),DAWALKER,
MD15RO,Master Data - set 15 (View),DGLENNIE,
MD15RO,Master Data - set 15 (View),DYYANG,
MD15RO,Master Data - set 15 (View),EFORTUS,
MD15RO,Master Data - set 15 (View),EHERVIK,
MD15RO,Master Data - set 15 (View),EICAMPBE,
MD15RO,Master Data - set 15 (View),EKRISTVI,
MD15RO,Master Data - set 15 (View),ESOREIDE,
MD15RO,Master Data - set 15 (View),FASANTOS,
MD15RO,Master Data - set 15 (View),FNGAN,
MD15RO,Master Data - set 15 (View),GIJUNIOR,
MD15RO,Master Data - set 15 (View),HPARMAR,
MD15RO,Master Data - set 15 (View),IVESELOVSK,
MD15RO,Master Data - set 15 (View),JALEE,
MD15RO,Master Data - set 15 (View),JFOK,
MD15RO,Master Data - set 15 (View),JGUDMESTAD,
MD15RO,Master Data - set 15 (View),JLADIPAO,
MD15RO,Master Data - set 15 (View),JRUSSELL,
MD15RO,Master Data - set 15 (View),KASTEWAR,
MD15RO,Master Data - set 15 (View),KLI,
MD15RO,Master Data - set 15 (View),KNATTERO,
MD15RO,Master Data - set 15 (View),KRIDA,
MD15RO,Master Data - set 15 (View),KRISPAGE,
MD15RO,Master Data - set 15 (View),KWONG,
MD15RO,Master Data - set 15 (View),LCHHABRA,
MD15RO,Master Data - set 15 (View),LDICKSON,
MD15RO,Master Data - set 15 (View),LVELINCA,
MD15RO,Master Data - set 15 (View),LWATT,
MD15RO,Master Data - set 15 (View),LXIE,
MD15RO,Master Data - set 15 (View),MAGILL,
MD15RO,Master Data - set 15 (View),MBALAS,
MD15RO,Master Data - set 15 (View),MCHOI,
MD15RO,Master Data - set 15 (View),MDAYAPER,
MD15RO,Master Data - set 15 (View),MDEAN,
MD15RO,Master Data - set 15 (View),MHIZONA,
MD15RO,Master Data - set 15 (View),MISOTO,
MD15RO,Master Data - set 15 (View),MJOHANNE,
MD15RO,Master Data - set 15 (View),MPRIVATTI,
MD15RO,Master Data - set 15 (View),NBONIFACIO,
MD15RO,Master Data - set 15 (View),NNUGRHA,
MD15RO,Master Data - set 15 (View),NPARK,
MD15RO,Master Data - set 15 (View),NROSS,
MD15RO,Master Data - set 15 (View),OOKUESO,
MD15RO,Master Data - set 15 (View),PIRSILVA,
MD15RO,Master Data - set 15 (View),PKHONGPAN,
MD15RO,Master Data - set 15 (View),PLINGEN,
MD15RO,Master Data - set 15 (View),PPRESSLI,
MD15RO,Master Data - set 15 (View),PREN,
MD15RO,Master Data - set 15 (View),PSMITHERAM,
MD15RO,Master Data - set 15 (View),RABATISTA,
MD15RO,Master Data - set 15 (View),REATON,
MD15RO,Master Data - set 15 (View),RHINONG,
MD15RO,Master Data - set 15 (View),RHOLSTAD,
MD15RO,Master Data - set 15 (View),RJAMES,
MD15RO,Master Data - set 15 (View),RLIANG,
MD15RO,Master Data - set 15 (View),RSANPEDRO,
MD15RO,Master Data - set 15 (View),RTATUM,
MD15RO,Master Data - set 15 (View),SENGER,
MD15RO,Master Data - set 15 (View),SGANDHIR,
MD15RO,Master Data - set 15 (View),SLOUIE,
MD15RO,Master Data - set 15 (View),SMACHLIK,
MD15RO,Master Data - set 15 (View),SMARQUES,
MD15RO,Master Data - set 15 (View),SOSLAND,
MD15RO,Master Data - set 15 (View),SSEKHON,
MD15RO,Master Data - set 15 (View),STCOLLIN,
MD15RO,Master Data - set 15 (View),TBURROUG,
MD15RO,Master Data - set 15 (View),TCOSTA,
MD15RO,Master Data - set 15 (View),THJAKOBSEN,
MD15RO,Master Data - set 15 (View),TVILLARD,
MD15RO,Master Data - set 15 (View),VASOUZA,
MD15RO,Master Data - set 15 (View),VGRIMSLI,
MD15RO,Master Data - set 15 (View),VLAW,
MD15RO,Master Data - set 15 (View),VMORAES,
MD15RO,Master Data - set 15 (View),VREITAN,
MD15RW,Master Data - set 15 (Maintain),ABALDONADO,
MD15RW,Master Data - set 15 (Maintain),ADATKHIL,
MD15RW,Master Data - set 15 (Maintain),AKHAKIMO,
MD15RW,Master Data - set 15 (Maintain),AKOT,
MD15RW,Master Data - set 15 (Maintain),ASARTAPE,
MD15RW,Master Data - set 15 (Maintain),ASELLARS,
MD15RW,Master Data - set 15 (Maintain),ASUMAIYA,
MD15RW,Master Data - set 15 (Maintain),ASZUBERL,
MD15RW,Master Data - set 15 (Maintain),BEHESS,
MD15RW,Master Data - set 15 (Maintain),CMONTILL,
MD15RW,Master Data - set 15 (Maintain),DANMACLEAN,
MD15RW,Master Data - set 15 (Maintain),DGUASTAL,
MD15RW,Master Data - set 15 (Maintain),DWU,
MD15RW,Master Data - set 15 (Maintain),DYYANG,
MD15RW,Master Data - set 15 (Maintain),EFORTUS,
MD15RW,Master Data - set 15 (Maintain),EHERVIK,
MD15RW,Master Data - set 15 (Maintain),EICAMPBE,
MD15RW,Master Data - set 15 (Maintain),JFOK,
MD15RW,Master Data - set 15 (Maintain),JOLIN,
MD15RW,Master Data - set 15 (Maintain),JTENGBER,
MD15RW,Master Data - set 15 (Maintain),KASTEWAR,
MD15RW,Master Data - set 15 (Maintain),KHENDZEL,
MD15RW,Master Data - set 15 (Maintain),KRIDA,
MD15RW,Master Data - set 15 (Maintain),LDICKSON,
MD15RW,Master Data - set 15 (Maintain),MCHOI,
MD15RW,Master Data - set 15 (Maintain),MDAYAPER,
MD15RW,Master Data - set 15 (Maintain),MDEAN,
MD15RW,Master Data - set 15 (Maintain),MHIZONA,
MD15RW,Master Data - set 15 (Maintain),MKIM,
MD15RW,Master Data - set 15 (Maintain),MRAMOS,
MD15RW,Master Data - set 15 (Maintain),NBADRINA,
MD15RW,Master Data - set 15 (Maintain),NNUGRHA,
MD15RW,Master Data - set 15 (Maintain),NPARK,
MD15RW,Master Data - set 15 (Maintain),PANDERSON,
MD15RW,Master Data - set 15 (Maintain),PGUASTAL,
MD15RW,Master Data - set 15 (Maintain),RLIANG,
MD15RW,Master Data - set 15 (Maintain),RSANPEDRO,
MD15RW,Master Data - set 15 (Maintain),SKALASAP,
MD15RW,Master Data - set 15 (Maintain),SMACHLIK,
MD15RW,Master Data - set 15 (Maintain),SMARQUES,
MD15RW,Master Data - set 15 (Maintain),SPAWAR,
MD15RW,Master Data - set 15 (Maintain),SRANGARAJA,
MD15RW,Master Data - set 15 (Maintain),SSEKHON,
MD15RW,Master Data - set 15 (Maintain),SSHINDE,
MD15RW,Master Data - set 15 (Maintain),SUGREEN,
MD15RW,Master Data - set 15 (Maintain),TCOSTA,
MD15RW,Master Data - set 15 (Maintain),TLAING,
MD15RW,Master Data - set 15 (Maintain),UPATIL,
MD15RW,Master Data - set 15 (Maintain),VASOUZA,
MD15RW,Master Data - set 15 (Maintain),VMORAES,
MD15RW,Master Data - set 15 (Maintain),VVENUGOP,
MD15RW,Master Data - set 15 (Maintain),WROWLES,
MD15RW,Master Data - set 15 (Maintain),ZHAYATH,
MD16RO,Master Data - set 16 (View),ABALDONADO,
MD16RO,Master Data - set 16 (View),ABRYLINS,
MD16RO,Master Data - set 16 (View),ADATKHIL,
MD16RO,Master Data - set 16 (View),ADUBEY,
MD16RO,Master Data - set 16 (View),AEBERHAR,
MD16RO,Master Data - set 16 (View),AHUDANI,
MD16RO,Master Data - set 16 (View),AKAZI,
MD16RO,Master Data - set 16 (View),AKHAKIMO,
MD16RO,Master Data - set 16 (View),AKORDE,
MD16RO,Master Data - set 16 (View),AKOT,
MD16RO,Master Data - set 16 (View),AKUDEKAR,
MD16RO,Master Data - set 16 (View),ANCOSTA,
MD16RO,Master Data - set 16 (View),ANSOUZA,
MD16RO,Master Data - set 16 (View),AOLIVEIRA,
MD16RO,Master Data - set 16 (View),AREWERA,
MD16RO,Master Data - set 16 (View),ASARTAPE,
MD16RO,Master Data - set 16 (View),ASOUZA,
MD16RO,Master Data - set 16 (View),ASTAYLOR,
MD16RO,Master Data - set 16 (View),ASUMAIYA,
MD16RO,Master Data - set 16 (View),ASZUBERL,
MD16RO,Master Data - set 16 (View),AVIEIRA,
MD16RO,Master Data - set 16 (View),BCAR,
MD16RO,Master Data - set 16 (View),BEHESS,
MD16RO,Master Data - set 16 (View),BSILVA,
MD16RO,Master Data - set 16 (View),BSTUSIK,
MD16RO,Master Data - set 16 (View),CAANTUNE,
MD16RO,Master Data - set 16 (View),CCRUMP,
MD16RO,Master Data - set 16 (View),CMONTILL,
MD16RO,Master Data - set 16 (View),CNUNES,
MD16RO,Master Data - set 16 (View),CPEREIRA,
MD16RO,Master Data - set 16 (View),CROBERTO,
MD16RO,Master Data - set 16 (View),CVIRGENS,
MD16RO,Master Data - set 16 (View),DANMACLEAN,
MD16RO,Master Data - set 16 (View),DAWALKER,
MD16RO,Master Data - set 16 (View),DDALVI,
MD16RO,Master Data - set 16 (View),DDVALVI,
MD16RO,Master Data - set 16 (View),DGLENNIE,
MD16RO,Master Data - set 16 (View),DGUASTAL,
MD16RO,Master Data - set 16 (View),DHALYS,
MD16RO,Master Data - set 16 (View),DLOS,
MD16RO,Master Data - set 16 (View),DMARTINS,
MD16RO,Master Data - set 16 (View),DNEWLAND,
MD16RO,Master Data - set 16 (View),DOSSANTO,
MD16RO,Master Data - set 16 (View),DWU,
MD16RO,Master Data - set 16 (View),DYYANG,
MD16RO,Master Data - set 16 (View),EDEABREU,
MD16RO,Master Data - set 16 (View),EFORTUS,
MD16RO,Master Data - set 16 (View),EFRANCO,
MD16RO,Master Data - set 16 (View),EHERVIK,
MD16RO,Master Data - set 16 (View),EICAMPBE,
MD16RO,Master Data - set 16 (View),EKRISTVI,
MD16RO,Master Data - set 16 (View),ELIOLIVE,
MD16RO,Master Data - set 16 (View),EMITCHELL,
MD16RO,Master Data - set 16 (View),ESOREIDE,
MD16RO,Master Data - set 16 (View),FASANTOS,
MD16RO,Master Data - set 16 (View),FEDASILV,
MD16RO,Master Data - set 16 (View),FNGAN,
MD16RO,Master Data - set 16 (View),FOTAVIANO,
MD16RO,Master Data - set 16 (View),GAMONTEI,
MD16RO,Master Data - set 16 (View),GSCHREUD,
MD16RO,Master Data - set 16 (View),HPARMAR,
MD16RO,Master Data - set 16 (View),HPATIL,
MD16RO,Master Data - set 16 (View),IVESELOVSK,
MD16RO,Master Data - set 16 (View),JCAETANO,
MD16RO,Master Data - set 16 (View),JECOOPER,
MD16RO,Master Data - set 16 (View),JFOK,
MD16RO,Master Data - set 16 (View),JKOBYLIN,
MD16RO,Master Data - set 16 (View),JKUPCZAK,
MD16RO,Master Data - set 16 (View),JLOBODA,
MD16RO,Master Data - set 16 (View),JOLIN,
MD16RO,Master Data - set 16 (View),JORRIBEI,
MD16RO,Master Data - set 16 (View),JSANTOS,
MD16RO,Master Data - set 16 (View),JTENGBER,
MD16RO,Master Data - set 16 (View),KASANTOS,
MD16RO,Master Data - set 16 (View),KASTEWAR,
MD16RO,Master Data - set 16 (View),KGAWANDE,
MD16RO,Master Data - set 16 (View),KHENDZEL,
MD16RO,Master Data - set 16 (View),KJANTOSZ,
MD16RO,Master Data - set 16 (View),KMACDONA,
MD16RO,Master Data - set 16 (View),KULTRA,
MD16RO,Master Data - set 16 (View),KWONG,
MD16RO,Master Data - set 16 (View),LBRANDAO,
MD16RO,Master Data - set 16 (View),LDICKSON,
MD16RO,Master Data - set 16 (View),LDUNCAN,
MD16RO,Master Data - set 16 (View),LERANGEL,
MD16RO,Master Data - set 16 (View),LORIBEIR,
MD16RO,Master Data - set 16 (View),LSEVERO,
MD16RO,Master Data - set 16 (View),LUDASILV,
MD16RO,Master Data - set 16 (View),LWATT,
MD16RO,Master Data - set 16 (View),LXIE,
MD16RO,Master Data - set 16 (View),MAJONES,
MD16RO,Master Data - set 16 (View),MBALAS,
MD16RO,Master Data - set 16 (View),MBATOR,
MD16RO,Master Data - set 16 (View),MCHOI,
MD16RO,Master Data - set 16 (View),MCLAYDON,
MD16RO,Master Data - set 16 (View),MCOUTO,
MD16RO,Master Data - set 16 (View),MDAYAPER,
MD16RO,Master Data - set 16 (View),MDEAN,
MD16RO,Master Data - set 16 (View),MHIZONA,
MD16RO,Master Data - set 16 (View),MISOTO,
MD16RO,Master Data - set 16 (View),MKEPA,
MD16RO,Master Data - set 16 (View),MKIM,
MD16RO,Master Data - set 16 (View),MPRIVATTI,
MD16RO,Master Data - set 16 (View),MRAMOS,
MD16RO,Master Data - set 16 (View),NBADRINA,
MD16RO,Master Data - set 16 (View),NBONIFACIO,
MD16RO,Master Data - set 16 (View),NKATHE,
MD16RO,Master Data - set 16 (View),NNUGRHA,
MD16RO,Master Data - set 16 (View),NPARK,
MD16RO,Master Data - set 16 (View),NVROON,
MD16RO,Master Data - set 16 (View),NWIATER,
MD16RO,Master Data - set 16 (View),ODANGMAL,
MD16RO,Master Data - set 16 (View),OMULIK,
MD16RO,Master Data - set 16 (View),ORJUNIOR,
MD16RO,Master Data - set 16 (View),PANDERSON,
MD16RO,Master Data - set 16 (View),PGUASTAL,
MD16RO,Master Data - set 16 (View),PIRSILVA,
MD16RO,Master Data - set 16 (View),PKHONGPAN,
MD16RO,Master Data - set 16 (View),PMIRANDA,
MD16RO,Master Data - set 16 (View),PREN,
MD16RO,Master Data - set 16 (View),PSMITHERAM,
MD16RO,Master Data - set 16 (View),RAKPADAD,
MD16RO,Master Data - set 16 (View),RCHANNA,
MD16RO,Master Data - set 16 (View),RDOCOUTO,
MD16RO,Master Data - set 16 (View),RDURGADE,
MD16RO,Master Data - set 16 (View),RFRANCES,
MD16RO,Master Data - set 16 (View),RHINONG,
MD16RO,Master Data - set 16 (View),RJADHAV,
MD16RO,Master Data - set 16 (View),RJAMES,
MD16RO,Master Data - set 16 (View),RLIANG,
MD16RO,Master Data - set 16 (View),ROBSILVA,
MD16RO,Master Data - set 16 (View),RSANPEDRO,
MD16RO,Master Data - set 16 (View),SCONROY,
MD16RO,Master Data - set 16 (View),SGOWDA,
MD16RO,Master Data - set 16 (View),SJOHNY,
MD16RO,Master Data - set 16 (View),SKALASAP,
MD16RO,Master Data - set 16 (View),SKONING,
MD16RO,Master Data - set 16 (View),SLENGHE,
MD16RO,Master Data - set 16 (View),SMACHLIK,
MD16RO,Master Data - set 16 (View),SMARQUES,
MD16RO,Master Data - set 16 (View),SNPAWAR,
MD16RO,Master Data - set 16 (View),SPATIL,
MD16RO,Master Data - set 16 (View),SPAWAR,
MD16RO,Master Data - set 16 (View),SRANGARAJA,
MD16RO,Master Data - set 16 (View),SSEKHON,
MD16RO,Master Data - set 16 (View),SSHINDE,
MD16RO,Master Data - set 16 (View),STCOLLIN,
MD16RO,Master Data - set 16 (View),STEIXEIR,
MD16RO,Master Data - set 16 (View),SUJOSHI,
MD16RO,Master Data - set 16 (View),TBROUWER,
MD16RO,Master Data - set 16 (View),TCOSTA,
MD16RO,Master Data - set 16 (View),TRODRIGU,
MD16RO,Master Data - set 16 (View),UPATIL,
MD16RO,Master Data - set 16 (View),VASOUZA,
MD16RO,Master Data - set 16 (View),VGRIMSLI,
MD16RO,Master Data - set 16 (View),VISILVA,
MD16RO,Master Data - set 16 (View),VJADHAV,
MD16RO,Master Data - set 16 (View),VMORAES,
MD16RO,Master Data - set 16 (View),VMUDGAL,
MD16RO,Master Data - set 16 (View),VSATPUTE,
MD16RO,Master Data - set 16 (View),VVENUGOP,
MD16RO,Master Data - set 16 (View),WACARVEL,
MD16RO,Master Data - set 16 (View),WCAMARGO,
MD16RO,Master Data - set 16 (View),WECAMARGO,
MD16RO,Master Data - set 16 (View),WESILVA,
MD16RO,Master Data - set 16 (View),WESPEDAL,
MD16RO,Master Data - set 16 (View),WMENDONC,
MD16RO,Master Data - set 16 (View),WROWLES,
MD16RO,Master Data - set 16 (View),WWHITE,
MD16RO,Master Data - set 16 (View),YJADHAV,
MD16RO,Master Data - set 16 (View),YWAYKAR,
MD16RO,Master Data - set 16 (View),ZHAYATH,
MD16RW,Master Data - set 16 (Maintain),ADUBEY,
MD16RW,Master Data - set 16 (Maintain),AKAZI,
MD16RW,Master Data - set 16 (Maintain),AKHAKIMO,
MD16RW,Master Data - set 16 (Maintain),AKORDE,
MD16RW,Master Data - set 16 (Maintain),AKUDEKAR,
MD16RW,Master Data - set 16 (Maintain),AREWERA,
MD16RW,Master Data - set 16 (Maintain),BARK,
MD16RW,Master Data - set 16 (Maintain),BCAR,
MD16RW,Master Data - set 16 (Maintain),BSTUSIK,
MD16RW,Master Data - set 16 (Maintain),CMONTILL,
MD16RW,Master Data - set 16 (Maintain),CWASKEY,
MD16RW,Master Data - set 16 (Maintain),DDALVI,
MD16RW,Master Data - set 16 (Maintain),DKELLY,
MD16RW,Master Data - set 16 (Maintain),DNEWLAND,
MD16RW,Master Data - set 16 (Maintain),EHERVIK,
MD16RW,Master Data - set 16 (Maintain),EKRISTVI,
MD16RW,Master Data - set 16 (Maintain),EMITCHELL,
MD16RW,Master Data - set 16 (Maintain),ESOREIDE,
MD16RW,Master Data - set 16 (Maintain),GSCHREUD,
MD16RW,Master Data - set 16 (Maintain),HPATIL,
MD16RW,Master Data - set 16 (Maintain),JBUSTOS,
MD16RW,Master Data - set 16 (Maintain),JGUDMESTAD,
MD16RW,Master Data - set 16 (Maintain),JKOBYLIN,
MD16RW,Master Data - set 16 (Maintain),KGAWANDE,
MD16RW,Master Data - set 16 (Maintain),KMACDONA,
MD16RW,Master Data - set 16 (Maintain),KULTRA,
MD16RW,Master Data - set 16 (Maintain),LDUNCAN,
MD16RW,Master Data - set 16 (Maintain),LWATT,
MD16RW,Master Data - set 16 (Maintain),MAJONES,
MD16RW,Master Data - set 16 (Maintain),NKATHE,
MD16RW,Master Data - set 16 (Maintain),ODANGMAL,
MD16RW,Master Data - set 16 (Maintain),OMULIK,
MD16RW,Master Data - set 16 (Maintain),PANDERSON,
MD16RW,Master Data - set 16 (Maintain),RAKPADAD,
MD16RW,Master Data - set 16 (Maintain),RCHANNA,
MD16RW,Master Data - set 16 (Maintain),RDURGADE,
MD16RW,Master Data - set 16 (Maintain),RJADHAV,
MD16RW,Master Data - set 16 (Maintain),RTATUM,
MD16RW,Master Data - set 16 (Maintain),SCONROY,
MD16RW,Master Data - set 16 (Maintain),SGOWDA,
MD16RW,Master Data - set 16 (Maintain),SJOHNY,
MD16RW,Master Data - set 16 (Maintain),SLENGHE,
MD16RW,Master Data - set 16 (Maintain),SMARQUES,
MD16RW,Master Data - set 16 (Maintain),SNPAWAR,
MD16RW,Master Data - set 16 (Maintain),SPATIL,
MD16RW,Master Data - set 16 (Maintain),SPAWAR,
MD16RW,Master Data - set 16 (Maintain),SUJOSHI,
MD16RW,Master Data - set 16 (Maintain),TCOSTA,
MD16RW,Master Data - set 16 (Maintain),TVILLARD,
MD16RW,Master Data - set 16 (Maintain),VASOUZA,
MD16RW,Master Data - set 16 (Maintain),VJADHAV,
MD16RW,Master Data - set 16 (Maintain),VMORAES,
MD16RW,Master Data - set 16 (Maintain),VMUDGAL,
MD16RW,Master Data - set 16 (Maintain),VSATPUTE,
MD16RW,Master Data - set 16 (Maintain),VVENUGOP,
MD16RW,Master Data - set 16 (Maintain),YJADHAV,
MD16RW,Master Data - set 16 (Maintain),YWAYKAR,
MD17RO,Master Data - set 17 (View),AAMARTIN,
MD17RO,Master Data - set 17 (View),ABRYLINS,
MD17RO,Master Data - set 17 (View),ADUBEY,
MD17RO,Master Data - set 17 (View),AHUDANI,
MD17RO,Master Data - set 17 (View),AKANDWAL,
MD17RO,Master Data - set 17 (View),AKAZI,
MD17RO,Master Data - set 17 (View),AKHAKIMO,
MD17RO,Master Data - set 17 (View),AKORDE,
MD17RO,Master Data - set 17 (View),AKOT,
MD17RO,Master Data - set 17 (View),AKUDEKAR,
MD17RO,Master Data - set 17 (View),AREWERA,
MD17RO,Master Data - set 17 (View),ASTAYLOR,
MD17RO,Master Data - set 17 (View),BARK,
MD17RO,Master Data - set 17 (View),BCAR,
MD17RO,Master Data - set 17 (View),BEHESS,
MD17RO,Master Data - set 17 (View),BKISCH,
MD17RO,Master Data - set 17 (View),BSTUSIK,
MD17RO,Master Data - set 17 (View),BTERSTEGE,
MD17RO,Master Data - set 17 (View),CCOPELAN,
MD17RO,Master Data - set 17 (View),CCRUMP,
MD17RO,Master Data - set 17 (View),CMONTILL,
MD17RO,Master Data - set 17 (View),CTHOM,
MD17RO,Master Data - set 17 (View),CWASKEY,
MD17RO,Master Data - set 17 (View),DAWALKER,
MD17RO,Master Data - set 17 (View),DDALVI,
MD17RO,Master Data - set 17 (View),DDVALVI,
MD17RO,Master Data - set 17 (View),DGLENNIE,
MD17RO,Master Data - set 17 (View),DHALYS,
MD17RO,Master Data - set 17 (View),DLOS,
MD17RO,Master Data - set 17 (View),DNEWLAND,
MD17RO,Master Data - set 17 (View),DPANGILI,
MD17RO,Master Data - set 17 (View),DYYANG,
MD17RO,Master Data - set 17 (View),EFORTUS,
MD17RO,Master Data - set 17 (View),EHERVIK,
MD17RO,Master Data - set 17 (View),EICAMPBE,
MD17RO,Master Data - set 17 (View),EKRISTVI,
MD17RO,Master Data - set 17 (View),EMITCHELL,
MD17RO,Master Data - set 17 (View),ESOREIDE,
MD17RO,Master Data - set 17 (View),FNGAN,
MD17RO,Master Data - set 17 (View),GESCARAY,
MD17RO,Master Data - set 17 (View),GIJUNIOR,
MD17RO,Master Data - set 17 (View),GJOHANSE,
MD17RO,Master Data - set 17 (View),GSCHREUD,
MD17RO,Master Data - set 17 (View),HPARMAR,
MD17RO,Master Data - set 17 (View),HPATIL,
MD17RO,Master Data - set 17 (View),JALEE,
MD17RO,Master Data - set 17 (View),JCEGIELS,
MD17RO,Master Data - set 17 (View),JCONCEPC,
MD17RO,Master Data - set 17 (View),JECOOPER,
MD17RO,Master Data - set 17 (View),JFOK,
MD17RO,Master Data - set 17 (View),JGUDMESTAD,
MD17RO,Master Data - set 17 (View),JKOBYLIN,
MD17RO,Master Data - set 17 (View),JKUPCZAK,
MD17RO,Master Data - set 17 (View),JLADIPAO,
MD17RO,Master Data - set 17 (View),JRUSSELL,
MD17RO,Master Data - set 17 (View),KASTEWAR,
MD17RO,Master Data - set 17 (View),KGAWANDE,
MD17RO,Master Data - set 17 (View),KHENDZEL,
MD17RO,Master Data - set 17 (View),KJANTOSZ,
MD17RO,Master Data - set 17 (View),KLI,
MD17RO,Master Data - set 17 (View),KMACDONA,
MD17RO,Master Data - set 17 (View),KNATTERO,
MD17RO,Master Data - set 17 (View),KPHUNG,
MD17RO,Master Data - set 17 (View),KRIDA,
MD17RO,Master Data - set 17 (View),KRISPAGE,
MD17RO,Master Data - set 17 (View),KULTRA,
MD17RO,Master Data - set 17 (View),KWONG,
MD17RO,Master Data - set 17 (View),LCHHABRA,
MD17RO,Master Data - set 17 (View),LDICKSON,
MD17RO,Master Data - set 17 (View),LDUNCAN,
MD17RO,Master Data - set 17 (View),LVELINCA,
MD17RO,Master Data - set 17 (View),LVIERA,
MD17RO,Master Data - set 17 (View),LXIE,
MD17RO,Master Data - set 17 (View),MAGILL,
MD17RO,Master Data - set 17 (View),MAJONES,
MD17RO,Master Data - set 17 (View),MAMATONG,
MD17RO,Master Data - set 17 (View),MBALAS,
MD17RO,Master Data - set 17 (View),MCHOI,
MD17RO,Master Data - set 17 (View),MDAYAPER,
MD17RO,Master Data - set 17 (View),MDEAN,
MD17RO,Master Data - set 17 (View),MHIZONA,
MD17RO,Master Data - set 17 (View),MISOTO,
MD17RO,Master Data - set 17 (View),MJOHANNE,
MD17RO,Master Data - set 17 (View),MKEPA,
MD17RO,Master Data - set 17 (View),MSANSALI,
MD17RO,Master Data - set 17 (View),NBONIFACIO,
MD17RO,Master Data - set 17 (View),NKATHE,
MD17RO,Master Data - set 17 (View),NNUGRHA,
MD17RO,Master Data - set 17 (View),NPARK,
MD17RO,Master Data - set 17 (View),NROSS,
MD17RO,Master Data - set 17 (View),NVROON,
MD17RO,Master Data - set 17 (View),ODANGMAL,
MD17RO,Master Data - set 17 (View),OMULIK,
MD17RO,Master Data - set 17 (View),OOKUESO,
MD17RO,Master Data - set 17 (View),PKHONGPAN,
MD17RO,Master Data - set 17 (View),PLINGEN,
MD17RO,Master Data - set 17 (View),PPRESSLI,
MD17RO,Master Data - set 17 (View),PREN,
MD17RO,Master Data - set 17 (View),RABATISTA,
MD17RO,Master Data - set 17 (View),RAJKUMAR,
MD17RO,Master Data - set 17 (View),RAKPADAD,
MD17RO,Master Data - set 17 (View),RCHANNA,
MD17RO,Master Data - set 17 (View),RDURGADE,
MD17RO,Master Data - set 17 (View),REATON,
MD17RO,Master Data - set 17 (View),RHALILI,
MD17RO,Master Data - set 17 (View),RHINONG,
MD17RO,Master Data - set 17 (View),RHOLSTAD,
MD17RO,Master Data - set 17 (View),RJADHAV,
MD17RO,Master Data - set 17 (View),RLIANG,
MD17RO,Master Data - set 17 (View),RLONG,
MD17RO,Master Data - set 17 (View),RMUYO,
MD17RO,Master Data - set 17 (View),RSANPEDRO,
MD17RO,Master Data - set 17 (View),RTATUM,
MD17RO,Master Data - set 17 (View),RTUMAGAN,
MD17RO,Master Data - set 17 (View),SCONROY,
MD17RO,Master Data - set 17 (View),SENGER,
MD17RO,Master Data - set 17 (View),SGANDHIR,
MD17RO,Master Data - set 17 (View),SGOWDA,
MD17RO,Master Data - set 17 (View),SHOGGATT,
MD17RO,Master Data - set 17 (View),SJOHNY,
MD17RO,Master Data - set 17 (View),SKONING,
MD17RO,Master Data - set 17 (View),SLENGHE,
MD17RO,Master Data - set 17 (View),SLOUIE,
MD17RO,Master Data - set 17 (View),SMACHLIK,
MD17RO,Master Data - set 17 (View),SMARQUES,
MD17RO,Master Data - set 17 (View),SNEZAMIA,
MD17RO,Master Data - set 17 (View),SNPAWAR,
MD17RO,Master Data - set 17 (View),SOSLAND,
MD17RO,Master Data - set 17 (View),SPATIL,
MD17RO,Master Data - set 17 (View),SSEKHON,
MD17RO,Master Data - set 17 (View),STCOLLIN,
MD17RO,Master Data - set 17 (View),SUJOSHI,
MD17RO,Master Data - set 17 (View),TBASS,
MD17RO,Master Data - set 17 (View),TBROUWER,
MD17RO,Master Data - set 17 (View),TBURROUG,
MD17RO,Master Data - set 17 (View),THJAKOBSEN,
MD17RO,Master Data - set 17 (View),TIMCOX,
MD17RO,Master Data - set 17 (View),TVILLARD,
MD17RO,Master Data - set 17 (View),VASOUZA,
MD17RO,Master Data - set 17 (View),VGRIMSLI,
MD17RO,Master Data - set 17 (View),VJADHAV,
MD17RO,Master Data - set 17 (View),VLAW,
MD17RO,Master Data - set 17 (View),VMUDGAL,
MD17RO,Master Data - set 17 (View),VREITAN,
MD17RO,Master Data - set 17 (View),VSATPUTE,
MD17RO,Master Data - set 17 (View),YJADHAV,
MD17RO,Master Data - set 17 (View),YWAYKAR,
MD17RW,Master Data - set 17 (Maintain),ABALDONADO,
MD17RW,Master Data - set 17 (Maintain),ADATKHIL,
MD17RW,Master Data - set 17 (Maintain),AKHAKIMO,
MD17RW,Master Data - set 17 (Maintain),ASARTAPE,
MD17RW,Master Data - set 17 (Maintain),ASOUZA,
MD17RW,Master Data - set 17 (Maintain),ASUMAIYA,
MD17RW,Master Data - set 17 (Maintain),ASZUBERL,
MD17RW,Master Data - set 17 (Maintain),BSILVA,
MD17RW,Master Data - set 17 (Maintain),CMONTILL,
MD17RW,Master Data - set 17 (Maintain),DANMACLEAN,
MD17RW,Master Data - set 17 (Maintain),DGUASTAL,
MD17RW,Master Data - set 17 (Maintain),DWU,
MD17RW,Master Data - set 17 (Maintain),EHERVIK,
MD17RW,Master Data - set 17 (Maintain),FNGAN,
MD17RW,Master Data - set 17 (Maintain),JFOK,
MD17RW,Master Data - set 17 (Maintain),JGUDMESTAD,
MD17RW,Master Data - set 17 (Maintain),JOLIN,
MD17RW,Master Data - set 17 (Maintain),JTENGBER,
MD17RW,Master Data - set 17 (Maintain),KWONG,
MD17RW,Master Data - set 17 (Maintain),LXIE,
MD17RW,Master Data - set 17 (Maintain),MCHOI,
MD17RW,Master Data - set 17 (Maintain),MKIM,
MD17RW,Master Data - set 17 (Maintain),MRAMOS,
MD17RW,Master Data - set 17 (Maintain),NBADRINA,
MD17RW,Master Data - set 17 (Maintain),PANDERSON,
MD17RW,Master Data - set 17 (Maintain),PGUASTAL,
MD17RW,Master Data - set 17 (Maintain),PREN,
MD17RW,Master Data - set 17 (Maintain),RSANPEDRO,
MD17RW,Master Data - set 17 (Maintain),SKALASAP,
MD17RW,Master Data - set 17 (Maintain),SMARQUES,
MD17RW,Master Data - set 17 (Maintain),SPAWAR,
MD17RW,Master Data - set 17 (Maintain),SRANGARAJA,
MD17RW,Master Data - set 17 (Maintain),SSHINDE,
MD17RW,Master Data - set 17 (Maintain),STEIXEIR,
MD17RW,Master Data - set 17 (Maintain),TVILLARD,
MD17RW,Master Data - set 17 (Maintain),UPATIL,
MD17RW,Master Data - set 17 (Maintain),VVENUGOP,
MD17RW,Master Data - set 17 (Maintain),WROWLES,
MD17RW,Master Data - set 17 (Maintain),ZHAYATH,
OR01RO,Order/Sales - set 1 (View),AHUDANI,
OR01RO,Order/Sales - set 1 (View),AKHAKIMO,
OR01RO,Order/Sales - set 1 (View),ASTAYLOR,
OR01RO,Order/Sales - set 1 (View),BEHESS,
OR01RO,Order/Sales - set 1 (View),CMONTILL,
OR01RO,Order/Sales - set 1 (View),HPARMAR,
OR01RO,Order/Sales - set 1 (View),JFOK,
OR01RO,Order/Sales - set 1 (View),MBALAS,
OR01RO,Order/Sales - set 1 (View),MDAYAPER,
OR01RO,Order/Sales - set 1 (View),MDEAN,
OR01RO,Order/Sales - set 1 (View),MISOTO,
OR01RO,Order/Sales - set 1 (View),NBONIFACIO,
OR01RO,Order/Sales - set 1 (View),NNUGRHA,
OR01RO,Order/Sales - set 1 (View),RHINONG,
OR01RO,Order/Sales - set 1 (View),RLIANG,
OR01RO,Order/Sales - set 1 (View),RSANPEDRO,
OR01RO,Order/Sales - set 1 (View),SMARQUES,
OR01RO,Order/Sales - set 1 (View),SSEKHON,
OR01RO,Order/Sales - set 1 (View),VASOUZA,
OR01RO,Order/Sales - set 1 (View),VGRIMSLI,
OR01RW,Order/Sales - set 1 (Maintain),ABALDONADO,
OR01RW,Order/Sales - set 1 (Maintain),ADATKHIL,
OR01RW,Order/Sales - set 1 (Maintain),ANCOSTA,
OR01RW,Order/Sales - set 1 (Maintain),ANSOUZA,
OR01RW,Order/Sales - set 1 (Maintain),AOLIVEIRA,
OR01RW,Order/Sales - set 1 (Maintain),ASARTAPE,
OR01RW,Order/Sales - set 1 (Maintain),ASOUZA,
OR01RW,Order/Sales - set 1 (Maintain),ASUMAIYA,
OR01RW,Order/Sales - set 1 (Maintain),ASZUBERL,
OR01RW,Order/Sales - set 1 (Maintain),AVIEIRA,
OR01RW,Order/Sales - set 1 (Maintain),CAANTUNE,
OR01RW,Order/Sales - set 1 (Maintain),CNUNES,
OR01RW,Order/Sales - set 1 (Maintain),CPEREIRA,
OR01RW,Order/Sales - set 1 (Maintain),CROBERTO,
OR01RW,Order/Sales - set 1 (Maintain),CVIRGENS,
OR01RW,Order/Sales - set 1 (Maintain),DANMACLEAN,
OR01RW,Order/Sales - set 1 (Maintain),DGUASTAL,
OR01RW,Order/Sales - set 1 (Maintain),DMARTINS,
OR01RW,Order/Sales - set 1 (Maintain),DOSSANTO,
OR01RW,Order/Sales - set 1 (Maintain),DWU,
OR01RW,Order/Sales - set 1 (Maintain),EDEABREU,
OR01RW,Order/Sales - set 1 (Maintain),ELIOLIVE,
OR01RW,Order/Sales - set 1 (Maintain),FASANTOS,
OR01RW,Order/Sales - set 1 (Maintain),FEDASILV,
OR01RW,Order/Sales - set 1 (Maintain),FOTAVIANO,
OR01RW,Order/Sales - set 1 (Maintain),GAMONTEI,
OR01RW,Order/Sales - set 1 (Maintain),JCAETANO,
OR01RW,Order/Sales - set 1 (Maintain),JOLIN,
OR01RW,Order/Sales - set 1 (Maintain),JORRIBEI,
OR01RW,Order/Sales - set 1 (Maintain),JSANTOS,
OR01RW,Order/Sales - set 1 (Maintain),JTENGBER,
OR01RW,Order/Sales - set 1 (Maintain),KASANTOS,
OR01RW,Order/Sales - set 1 (Maintain),LERANGEL,
OR01RW,Order/Sales - set 1 (Maintain),LORIBEIR,
OR01RW,Order/Sales - set 1 (Maintain),LSEVERO,
OR01RW,Order/Sales - set 1 (Maintain),LUDASILV,
OR01RW,Order/Sales - set 1 (Maintain),LWATT,
OR01RW,Order/Sales - set 1 (Maintain),MCHOI,
OR01RW,Order/Sales - set 1 (Maintain),MCOUTO,
OR01RW,Order/Sales - set 1 (Maintain),MKIM,
OR01RW,Order/Sales - set 1 (Maintain),MPRIVATTI,
OR01RW,Order/Sales - set 1 (Maintain),MRAMOS,
OR01RW,Order/Sales - set 1 (Maintain),NBADRINA,
OR01RW,Order/Sales - set 1 (Maintain),ORJUNIOR,
OR01RW,Order/Sales - set 1 (Maintain),PANDERSON,
OR01RW,Order/Sales - set 1 (Maintain),PGUASTAL,
OR01RW,Order/Sales - set 1 (Maintain),PIRSILVA,
OR01RW,Order/Sales - set 1 (Maintain),PMIRANDA,
OR01RW,Order/Sales - set 1 (Maintain),RDOCOUTO,
OR01RW,Order/Sales - set 1 (Maintain),RFRANCES,
OR01RW,Order/Sales - set 1 (Maintain),ROBSILVA,
OR01RW,Order/Sales - set 1 (Maintain),SKALASAP,
OR01RW,Order/Sales - set 1 (Maintain),SPAWAR,
OR01RW,Order/Sales - set 1 (Maintain),SRANGARAJA,
OR01RW,Order/Sales - set 1 (Maintain),SSHINDE,
OR01RW,Order/Sales - set 1 (Maintain),TRODRIGU,
OR01RW,Order/Sales - set 1 (Maintain),UPATIL,
OR01RW,Order/Sales - set 1 (Maintain),VASOUZA,
OR01RW,Order/Sales - set 1 (Maintain),VVENUGOP,
OR01RW,Order/Sales - set 1 (Maintain),WACARVEL,
OR01RW,Order/Sales - set 1 (Maintain),WCAMARGO,
OR01RW,Order/Sales - set 1 (Maintain),WECAMARGO,
OR01RW,Order/Sales - set 1 (Maintain),WESILVA,
OR01RW,Order/Sales - set 1 (Maintain),WMENDONC,
OR01RW,Order/Sales - set 1 (Maintain),WROWLES,
OR01RW,Order/Sales - set 1 (Maintain),ZHAYATH,
OR02RO,Order/Sales - set 2 (View),AHUDANI,
OR02RO,Order/Sales - set 2 (View),AKHAKIMO,
OR02RO,Order/Sales - set 2 (View),ASTAYLOR,
OR02RO,Order/Sales - set 2 (View),BEHESS,
OR02RO,Order/Sales - set 2 (View),CMONTILL,
OR02RO,Order/Sales - set 2 (View),HPARMAR,
OR02RO,Order/Sales - set 2 (View),JFOK,
OR02RO,Order/Sales - set 2 (View),MBALAS,
OR02RO,Order/Sales - set 2 (View),MDAYAPER,
OR02RO,Order/Sales - set 2 (View),MDEAN,
OR02RO,Order/Sales - set 2 (View),MISOTO,
OR02RO,Order/Sales - set 2 (View),NBONIFACIO,
OR02RO,Order/Sales - set 2 (View),NNUGRHA,
OR02RO,Order/Sales - set 2 (View),RHINONG,
OR02RO,Order/Sales - set 2 (View),RLIANG,
OR02RO,Order/Sales - set 2 (View),RSANPEDRO,
OR02RO,Order/Sales - set 2 (View),SMARQUES,
OR02RO,Order/Sales - set 2 (View),SSEKHON,
OR02RO,Order/Sales - set 2 (View),VASOUZA,
OR02RO,Order/Sales - set 2 (View),VGRIMSLI,
OR02RW,Order/Sales - set 2 (Maintain),ANCOSTA,
OR02RW,Order/Sales - set 2 (Maintain),ANSOUZA,
OR02RW,Order/Sales - set 2 (Maintain),AOLIVEIRA,
OR02RW,Order/Sales - set 2 (Maintain),ASOUZA,
OR02RW,Order/Sales - set 2 (Maintain),AVIEIRA,
OR02RW,Order/Sales - set 2 (Maintain),CAANTUNE,
OR02RW,Order/Sales - set 2 (Maintain),CNUNES,
OR02RW,Order/Sales - set 2 (Maintain),CPEREIRA,
OR02RW,Order/Sales - set 2 (Maintain),CROBERTO,
OR02RW,Order/Sales - set 2 (Maintain),CVIRGENS,
OR02RW,Order/Sales - set 2 (Maintain),DMARTINS,
OR02RW,Order/Sales - set 2 (Maintain),DOSSANTO,
OR02RW,Order/Sales - set 2 (Maintain),EDEABREU,
OR02RW,Order/Sales - set 2 (Maintain),ELIOLIVE,
OR02RW,Order/Sales - set 2 (Maintain),FASANTOS,
OR02RW,Order/Sales - set 2 (Maintain),FEDASILV,
OR02RW,Order/Sales - set 2 (Maintain),FOTAVIANO,
OR02RW,Order/Sales - set 2 (Maintain),GAMONTEI,
OR02RW,Order/Sales - set 2 (Maintain),JCAETANO,
OR02RW,Order/Sales - set 2 (Maintain),JORRIBEI,
OR02RW,Order/Sales - set 2 (Maintain),JSANTOS,
OR02RW,Order/Sales - set 2 (Maintain),KASANTOS,
OR02RW,Order/Sales - set 2 (Maintain),LERANGEL,
OR02RW,Order/Sales - set 2 (Maintain),LORIBEIR,
OR02RW,Order/Sales - set 2 (Maintain),LSEVERO,
OR02RW,Order/Sales - set 2 (Maintain),LUDASILV,
OR02RW,Order/Sales - set 2 (Maintain),LWATT,
OR02RW,Order/Sales - set 2 (Maintain),MCOUTO,
OR02RW,Order/Sales - set 2 (Maintain),MPRIVATTI,
OR02RW,Order/Sales - set 2 (Maintain),ORJUNIOR,
OR02RW,Order/Sales - set 2 (Maintain),PIRSILVA,
OR02RW,Order/Sales - set 2 (Maintain),PMIRANDA,
OR02RW,Order/Sales - set 2 (Maintain),RDOCOUTO,
OR02RW,Order/Sales - set 2 (Maintain),RFRANCES,
OR02RW,Order/Sales - set 2 (Maintain),ROBSILVA,
OR02RW,Order/Sales - set 2 (Maintain),TRODRIGU,
OR02RW,Order/Sales - set 2 (Maintain),VASOUZA,
OR02RW,Order/Sales - set 2 (Maintain),WACARVEL,
OR02RW,Order/Sales - set 2 (Maintain),WCAMARGO,
OR02RW,Order/Sales - set 2 (Maintain),WECAMARGO,
OR02RW,Order/Sales - set 2 (Maintain),WESILVA,
OR02RW,Order/Sales - set 2 (Maintain),WMENDONC,
OR03RO,Order/Sales - set 3 (View),AHUDANI,
OR03RO,Order/Sales - set 3 (View),AKHAKIMO,
OR03RO,Order/Sales - set 3 (View),ASTAYLOR,
OR03RO,Order/Sales - set 3 (View),BEHESS,
OR03RO,Order/Sales - set 3 (View),CMONTILL,
OR03RO,Order/Sales - set 3 (View),HPARMAR,
OR03RO,Order/Sales - set 3 (View),JFOK,
OR03RO,Order/Sales - set 3 (View),MBALAS,
OR03RO,Order/Sales - set 3 (View),MDAYAPER,
OR03RO,Order/Sales - set 3 (View),MDEAN,
OR03RO,Order/Sales - set 3 (View),MISOTO,
OR03RO,Order/Sales - set 3 (View),NBONIFACIO,
OR03RO,Order/Sales - set 3 (View),NNUGRHA,
OR03RO,Order/Sales - set 3 (View),RHINONG,
OR03RO,Order/Sales - set 3 (View),RLIANG,
OR03RO,Order/Sales - set 3 (View),RSANPEDRO,
OR03RO,Order/Sales - set 3 (View),SMARQUES,
OR03RO,Order/Sales - set 3 (View),SSEKHON,
OR03RO,Order/Sales - set 3 (View),VASOUZA,
OR03RO,Order/Sales - set 3 (View),VGRIMSLI,
OR04RO,Order/Sales - set 4 (View),ASOUZA,
OR04RO,Order/Sales - set 4 (View),ASTAYLOR,
OR04RO,Order/Sales - set 4 (View),JSANTOS,
OR04RO,Order/Sales - set 4 (View),KASANTOS,
OR04RO,Order/Sales - set 4 (View),MISOTO,
OR04RO,Order/Sales - set 4 (View),VASOUZA,
OR04RW,Order/Sales - set 4 (Maintain),ANCOSTA,
OR04RW,Order/Sales - set 4 (Maintain),ANSOUZA,
OR04RW,Order/Sales - set 4 (Maintain),AOLIVEIRA,
OR04RW,Order/Sales - set 4 (Maintain),AVIEIRA,
OR04RW,Order/Sales - set 4 (Maintain),CAANTUNE,
OR04RW,Order/Sales - set 4 (Maintain),CNUNES,
OR04RW,Order/Sales - set 4 (Maintain),CPEREIRA,
OR04RW,Order/Sales - set 4 (Maintain),CROBERTO,
OR04RW,Order/Sales - set 4 (Maintain),CVIRGENS,
OR04RW,Order/Sales - set 4 (Maintain),DMARTINS,
OR04RW,Order/Sales - set 4 (Maintain),DOSSANTO,
OR04RW,Order/Sales - set 4 (Maintain),EDEABREU,
OR04RW,Order/Sales - set 4 (Maintain),ELIOLIVE,
OR04RW,Order/Sales - set 4 (Maintain),FASANTOS,
OR04RW,Order/Sales - set 4 (Maintain),FEDASILV,
OR04RW,Order/Sales - set 4 (Maintain),FOTAVIANO,
OR04RW,Order/Sales - set 4 (Maintain),GAMONTEI,
OR04RW,Order/Sales - set 4 (Maintain),JCAETANO,
OR04RW,Order/Sales - set 4 (Maintain),JORRIBEI,
OR04RW,Order/Sales - set 4 (Maintain),LERANGEL,
OR04RW,Order/Sales - set 4 (Maintain),LORIBEIR,
OR04RW,Order/Sales - set 4 (Maintain),LSEVERO,
OR04RW,Order/Sales - set 4 (Maintain),LUDASILV,
OR04RW,Order/Sales - set 4 (Maintain),LWATT,
OR04RW,Order/Sales - set 4 (Maintain),MCOUTO,
OR04RW,Order/Sales - set 4 (Maintain),MPRIVATTI,
OR04RW,Order/Sales - set 4 (Maintain),ORJUNIOR,
OR04RW,Order/Sales - set 4 (Maintain),PIRSILVA,
OR04RW,Order/Sales - set 4 (Maintain),PMIRANDA,
OR04RW,Order/Sales - set 4 (Maintain),RDOCOUTO,
OR04RW,Order/Sales - set 4 (Maintain),RFRANCES,
OR04RW,Order/Sales - set 4 (Maintain),ROBSILVA,
OR04RW,Order/Sales - set 4 (Maintain),TRODRIGU,
OR04RW,Order/Sales - set 4 (Maintain),WACARVEL,
OR04RW,Order/Sales - set 4 (Maintain),WCAMARGO,
OR04RW,Order/Sales - set 4 (Maintain),WECAMARGO,
OR04RW,Order/Sales - set 4 (Maintain),WESILVA,
OR04RW,Order/Sales - set 4 (Maintain),WMENDONC,
OR05RO,Order/Sales - set 5 (View),AHUDANI,
OR05RO,Order/Sales - set 5 (View),ASOUZA,
OR05RO,Order/Sales - set 5 (View),ASTAYLOR,
OR05RO,Order/Sales - set 5 (View),HPARMAR,
OR05RO,Order/Sales - set 5 (View),JFOK,
OR05RO,Order/Sales - set 5 (View),JSANTOS,
OR05RO,Order/Sales - set 5 (View),KASANTOS,
OR05RO,Order/Sales - set 5 (View),MBALAS,
OR05RO,Order/Sales - set 5 (View),MDEAN,
OR05RO,Order/Sales - set 5 (View),MISOTO,
OR05RO,Order/Sales - set 5 (View),NBONIFACIO,
OR05RO,Order/Sales - set 5 (View),RHINONG,
OR05RO,Order/Sales - set 5 (View),RLIANG,
OR05RO,Order/Sales - set 5 (View),RSANPEDRO,
OR05RO,Order/Sales - set 5 (View),SSEKHON,
OR05RO,Order/Sales - set 5 (View),VASOUZA,
OR05RO,Order/Sales - set 5 (View),VGRIMSLI,
OR05RW,Order/Sales - set 5 (Maintain),AKHAKIMO,
OR05RW,Order/Sales - set 5 (Maintain),ANCOSTA,
OR05RW,Order/Sales - set 5 (Maintain),ANSOUZA,
OR05RW,Order/Sales - set 5 (Maintain),AOLIVEIRA,
OR05RW,Order/Sales - set 5 (Maintain),ASOUZA,
OR05RW,Order/Sales - set 5 (Maintain),ASZUBERL,
OR05RW,Order/Sales - set 5 (Maintain),AVIEIRA,
OR05RW,Order/Sales - set 5 (Maintain),BEHESS,
OR05RW,Order/Sales - set 5 (Maintain),CAANTUNE,
OR05RW,Order/Sales - set 5 (Maintain),CMONTILL,
OR05RW,Order/Sales - set 5 (Maintain),CNUNES,
OR05RW,Order/Sales - set 5 (Maintain),CPEREIRA,
OR05RW,Order/Sales - set 5 (Maintain),CROBERTO,
OR05RW,Order/Sales - set 5 (Maintain),CVIRGENS,
OR05RW,Order/Sales - set 5 (Maintain),DMARTINS,
OR05RW,Order/Sales - set 5 (Maintain),DOSSANTO,
OR05RW,Order/Sales - set 5 (Maintain),EDEABREU,
OR05RW,Order/Sales - set 5 (Maintain),ELIOLIVE,
OR05RW,Order/Sales - set 5 (Maintain),FASANTOS,
OR05RW,Order/Sales - set 5 (Maintain),FEDASILV,
OR05RW,Order/Sales - set 5 (Maintain),FOTAVIANO,
OR05RW,Order/Sales - set 5 (Maintain),GAMONTEI,
OR05RW,Order/Sales - set 5 (Maintain),JCAETANO,
OR05RW,Order/Sales - set 5 (Maintain),JORRIBEI,
OR05RW,Order/Sales - set 5 (Maintain),JSANTOS,
OR05RW,Order/Sales - set 5 (Maintain),KASANTOS,
OR05RW,Order/Sales - set 5 (Maintain),LERANGEL,
OR05RW,Order/Sales - set 5 (Maintain),LORIBEIR,
OR05RW,Order/Sales - set 5 (Maintain),LSEVERO,
OR05RW,Order/Sales - set 5 (Maintain),LUDASILV,
OR05RW,Order/Sales - set 5 (Maintain),LWATT,
OR05RW,Order/Sales - set 5 (Maintain),MCHOI,
OR05RW,Order/Sales - set 5 (Maintain),MCOUTO,
OR05RW,Order/Sales - set 5 (Maintain),MDAYAPER,
OR05RW,Order/Sales - set 5 (Maintain),MPRIVATTI,
OR05RW,Order/Sales - set 5 (Maintain),NNUGRHA,
OR05RW,Order/Sales - set 5 (Maintain),ORJUNIOR,
OR05RW,Order/Sales - set 5 (Maintain),PIRSILVA,
OR05RW,Order/Sales - set 5 (Maintain),PMIRANDA,
OR05RW,Order/Sales - set 5 (Maintain),RDOCOUTO,
OR05RW,Order/Sales - set 5 (Maintain),RFRANCES,
OR05RW,Order/Sales - set 5 (Maintain),ROBSILVA,
OR05RW,Order/Sales - set 5 (Maintain),SMARQUES,
OR05RW,Order/Sales - set 5 (Maintain),TRODRIGU,
OR05RW,Order/Sales - set 5 (Maintain),VASOUZA,
OR05RW,Order/Sales - set 5 (Maintain),WACARVEL,
OR05RW,Order/Sales - set 5 (Maintain),WCAMARGO,
OR05RW,Order/Sales - set 5 (Maintain),WECAMARGO,
OR05RW,Order/Sales - set 5 (Maintain),WESILVA,
OR05RW,Order/Sales - set 5 (Maintain),WMENDONC,
OT01RO,Uncategorized - set 1 (View),ASTAYLOR,
OT01RO,Uncategorized - set 1 (View),MISOTO,
PU01RO,Purchasing - set 1 (View),AEBERHAR,
PU01RO,Purchasing - set 1 (View),ASTAYLOR,
PU01RO,Purchasing - set 1 (View),BFERREIRA,
PU01RO,Purchasing - set 1 (View),BGLIWA,
PU01RO,Purchasing - set 1 (View),ENIEMIEC,
PU01RO,Purchasing - set 1 (View),GTURNER,
PU01RO,Purchasing - set 1 (View),JLOBODA,
PU01RO,Purchasing - set 1 (View),KKRAWIEC,
PU01RO,Purchasing - set 1 (View),LXIE,
PU01RO,Purchasing - set 1 (View),MBATOR,
PU01RO,Purchasing - set 1 (View),MCHOI,
PU01RO,Purchasing - set 1 (View),MCLAYDON,
PU01RO,Purchasing - set 1 (View),MISOTO,
PU01RO,Purchasing - set 1 (View),MSWIETON,
PU01RO,Purchasing - set 1 (View),NSAFDARY,
PU01RO,Purchasing - set 1 (View),NWIATER,
PU01RO,Purchasing - set 1 (View),RJARRETT,
PU01RO,Purchasing - set 1 (View),RVILLANU,
PU01RO,Purchasing - set 1 (View),SWATSON,
PU01RW,Purchasing - set 1 (Maintain),AAMARTIN,
PU01RW,Purchasing - set 1 (Maintain),ADUBEY,
PU01RW,Purchasing - set 1 (Maintain),AKAZI,
PU01RW,Purchasing - set 1 (Maintain),AKORDE,
PU01RW,Purchasing - set 1 (Maintain),AKOT,
PU01RW,Purchasing - set 1 (Maintain),AKUDEKAR,
PU01RW,Purchasing - set 1 (Maintain),ANCOSTA,
PU01RW,Purchasing - set 1 (Maintain),ANSOUZA,
PU01RW,Purchasing - set 1 (Maintain),AOLIVEIRA,
PU01RW,Purchasing - set 1 (Maintain),AREWERA,
PU01RW,Purchasing - set 1 (Maintain),ASARTAPE,
PU01RW,Purchasing - set 1 (Maintain),ASUMAIYA,
PU01RW,Purchasing - set 1 (Maintain),AVIEIRA,
PU01RW,Purchasing - set 1 (Maintain),BSTUSIK,
PU01RW,Purchasing - set 1 (Maintain),CAANTUNE,
PU01RW,Purchasing - set 1 (Maintain),CCOPELAN,
PU01RW,Purchasing - set 1 (Maintain),CCRUMP,
PU01RW,Purchasing - set 1 (Maintain),CLAWSON,
PU01RW,Purchasing - set 1 (Maintain),CNUNES,
PU01RW,Purchasing - set 1 (Maintain),CPEREIRA,
PU01RW,Purchasing - set 1 (Maintain),CROBERTO,
PU01RW,Purchasing - set 1 (Maintain),CTHOM,
PU01RW,Purchasing - set 1 (Maintain),CVIRGENS,
PU01RW,Purchasing - set 1 (Maintain),CWASKEY,
PU01RW,Purchasing - set 1 (Maintain),DAWALKER,
PU01RW,Purchasing - set 1 (Maintain),DDALVI,
PU01RW,Purchasing - set 1 (Maintain),DGLENNIE,
PU01RW,Purchasing - set 1 (Maintain),DKELLY,
PU01RW,Purchasing - set 1 (Maintain),DMARTINS,
PU01RW,Purchasing - set 1 (Maintain),DNEWLAND,
PU01RW,Purchasing - set 1 (Maintain),DOSSANTO,
PU01RW,Purchasing - set 1 (Maintain),DPANGILI,
PU01RW,Purchasing - set 1 (Maintain),DWU,
PU01RW,Purchasing - set 1 (Maintain),DYYANG,
PU01RW,Purchasing - set 1 (Maintain),EDEABREU,
PU01RW,Purchasing - set 1 (Maintain),EFORTUS,
PU01RW,Purchasing - set 1 (Maintain),EFRANCO,
PU01RW,Purchasing - set 1 (Maintain),ELIOLIVE,
PU01RW,Purchasing - set 1 (Maintain),EMITCHELL,
PU01RW,Purchasing - set 1 (Maintain),FASANTOS,
PU01RW,Purchasing - set 1 (Maintain),FEDASILV,
PU01RW,Purchasing - set 1 (Maintain),FOTAVIANO,
PU01RW,Purchasing - set 1 (Maintain),GAMONTEI,
PU01RW,Purchasing - set 1 (Maintain),GBARROS,
PU01RW,Purchasing - set 1 (Maintain),GESCARAY,
PU01RW,Purchasing - set 1 (Maintain),GJOHANSE,
PU01RW,Purchasing - set 1 (Maintain),GSCHREUD,
PU01RW,Purchasing - set 1 (Maintain),HKLEPPE,
PU01RW,Purchasing - set 1 (Maintain),HPATIL,
PU01RW,Purchasing - set 1 (Maintain),JCAETANO,
PU01RW,Purchasing - set 1 (Maintain),JCEGIELS,
PU01RW,Purchasing - set 1 (Maintain),JCONCEPC,
PU01RW,Purchasing - set 1 (Maintain),JFOK,
PU01RW,Purchasing - set 1 (Maintain),JGUDMESTAD,
PU01RW,Purchasing - set 1 (Maintain),JKOBYLIN,
PU01RW,Purchasing - set 1 (Maintain),JORRIBEI,
PU01RW,Purchasing - set 1 (Maintain),JRUSSELL,
PU01RW,Purchasing - set 1 (Maintain),KASTEWAR,
PU01RW,Purchasing - set 1 (Maintain),KGAWANDE,
PU01RW,Purchasing - set 1 (Maintain),KHENDZEL,
PU01RW,Purchasing - set 1 (Maintain),KMACDONA,
PU01RW,Purchasing - set 1 (Maintain),KPHUNG,
PU01RW,Purchasing - set 1 (Maintain),KULTRA,
PU01RW,Purchasing - set 1 (Maintain),KWONG,
PU01RW,Purchasing - set 1 (Maintain),LBRANDAO,
PU01RW,Purchasing - set 1 (Maintain),LCHHABRA,
PU01RW,Purchasing - set 1 (Maintain),LDICKSON,
PU01RW,Purchasing - set 1 (Maintain),LDUNCAN,
PU01RW,Purchasing - set 1 (Maintain),LERANGEL,
PU01RW,Purchasing - set 1 (Maintain),LORIBEIR,
PU01RW,Purchasing - set 1 (Maintain),LSEVERO,
PU01RW,Purchasing - set 1 (Maintain),LUDASILV,
PU01RW,Purchasing - set 1 (Maintain),LVELINCA,
PU01RW,Purchasing - set 1 (Maintain),LVIERA,
PU01RW,Purchasing - set 1 (Maintain),LWATT,
PU01RW,Purchasing - set 1 (Maintain),MAJONES,
PU01RW,Purchasing - set 1 (Maintain),MAMATONG,
PU01RW,Purchasing - set 1 (Maintain),MCOUTO,
PU01RW,Purchasing - set 1 (Maintain),MHIZONA,
PU01RW,Purchasing - set 1 (Maintain),MKIM,
PU01RW,Purchasing - set 1 (Maintain),MPRIVATTI,
PU01RW,Purchasing - set 1 (Maintain),MRAMOS,
PU01RW,Purchasing - set 1 (Maintain),MSANSALI,
PU01RW,Purchasing - set 1 (Maintain),NBADRINA,
PU01RW,Purchasing - set 1 (Maintain),NKATHE,
PU01RW,Purchasing - set 1 (Maintain),ODANGMAL,
PU01RW,Purchasing - set 1 (Maintain),OMULIK,
PU01RW,Purchasing - set 1 (Maintain),OOKUESO,
PU01RW,Purchasing - set 1 (Maintain),ORJUNIOR,
PU01RW,Purchasing - set 1 (Maintain),PANDERSON,
PU01RW,Purchasing - set 1 (Maintain),PIRSILVA,
PU01RW,Purchasing - set 1 (Maintain),PMIRANDA,
PU01RW,Purchasing - set 1 (Maintain),PPRESSLI,
PU01RW,Purchasing - set 1 (Maintain),PREN,
PU01RW,Purchasing - set 1 (Maintain),RAJKUMAR,
PU01RW,Purchasing - set 1 (Maintain),RAKPADAD,
PU01RW,Purchasing - set 1 (Maintain),RCHANNA,
PU01RW,Purchasing - set 1 (Maintain),RDOCOUTO,
PU01RW,Purchasing - set 1 (Maintain),RDURGADE,
PU01RW,Purchasing - set 1 (Maintain),RFRANCES,
PU01RW,Purchasing - set 1 (Maintain),RHALILI,
PU01RW,Purchasing - set 1 (Maintain),RJADHAV,
PU01RW,Purchasing - set 1 (Maintain),RLIANG,
PU01RW,Purchasing - set 1 (Maintain),RLONG,
PU01RW,Purchasing - set 1 (Maintain),RMUYO,
PU01RW,Purchasing - set 1 (Maintain),ROBSILVA,
PU01RW,Purchasing - set 1 (Maintain),RSANPEDRO,
PU01RW,Purchasing - set 1 (Maintain),RTATUM,
PU01RW,Purchasing - set 1 (Maintain),RTUMAGAN,
PU01RW,Purchasing - set 1 (Maintain),SCONROY,
PU01RW,Purchasing - set 1 (Maintain),SGOWDA,
PU01RW,Purchasing - set 1 (Maintain),SHOGGATT,
PU01RW,Purchasing - set 1 (Maintain),SJOHNY,
PU01RW,Purchasing - set 1 (Maintain),SKALASAP,
PU01RW,Purchasing - set 1 (Maintain),SLENGHE,
PU01RW,Purchasing - set 1 (Maintain),SMACHLIK,
PU01RW,Purchasing - set 1 (Maintain),SNEZAMIA,
PU01RW,Purchasing - set 1 (Maintain),SNPAWAR,
PU01RW,Purchasing - set 1 (Maintain),SPATIL,
PU01RW,Purchasing - set 1 (Maintain),SPAWAR,
PU01RW,Purchasing - set 1 (Maintain),SRANGARAJA,
PU01RW,Purchasing - set 1 (Maintain),SSEKHON,
PU01RW,Purchasing - set 1 (Maintain),STCOLLIN,
PU01RW,Purchasing - set 1 (Maintain),SUJOSHI,
PU01RW,Purchasing - set 1 (Maintain),TBASS,
PU01RW,Purchasing - set 1 (Maintain),TBROUWER,
PU01RW,Purchasing - set 1 (Maintain),THJAKOBSEN,
PU01RW,Purchasing - set 1 (Maintain),TIMCOX,
PU01RW,Purchasing - set 1 (Maintain),TRODRIGU,
PU01RW,Purchasing - set 1 (Maintain),TVILLARD,
PU01RW,Purchasing - set 1 (Maintain),UPATIL,
PU01RW,Purchasing - set 1 (Maintain),VISILVA,
PU01RW,Purchasing - set 1 (Maintain),VJADHAV,
PU01RW,Purchasing - set 1 (Maintain),VMUDGAL,
PU01RW,Purchasing - set 1 (Maintain),VSATPUTE,
PU01RW,Purchasing - set 1 (Maintain),VVENUGOP,
PU01RW,Purchasing - set 1 (Maintain),WACARVEL,
PU01RW,Purchasing - set 1 (Maintain),WCAMARGO,
PU01RW,Purchasing - set 1 (Maintain),WECAMARGO,
PU01RW,Purchasing - set 1 (Maintain),WESILVA,
PU01RW,Purchasing - set 1 (Maintain),WMENDONC,
PU01RW,Purchasing - set 1 (Maintain),WROWLES,
PU01RW,Purchasing - set 1 (Maintain),WWHITE,
PU01RW,Purchasing - set 1 (Maintain),YJADHAV,
PU01RW,Purchasing - set 1 (Maintain),YWAYKAR,
PU01RW,Purchasing - set 1 (Maintain),ZHAYATH,
PU02RO,Purchasing - set 2 (View),ABRYLINS,
PU02RO,Purchasing - set 2 (View),ADUBEY,
PU02RO,Purchasing - set 2 (View),AKAZI,
PU02RO,Purchasing - set 2 (View),AKHAKIMO,
PU02RO,Purchasing - set 2 (View),AKORDE,
PU02RO,Purchasing - set 2 (View),AKOT,
PU02RO,Purchasing - set 2 (View),AKUDEKAR,
PU02RO,Purchasing - set 2 (View),AREWERA,
PU02RO,Purchasing - set 2 (View),ASOUZA,
PU02RO,Purchasing - set 2 (View),ASTAYLOR,
PU02RO,Purchasing - set 2 (View),BEHESS,
PU02RO,Purchasing - set 2 (View),BSILVA,
PU02RO,Purchasing - set 2 (View),BSTUSIK,
PU02RO,Purchasing - set 2 (View),CCRUMP,
PU02RO,Purchasing - set 2 (View),CMONTILL,
PU02RO,Purchasing - set 2 (View),DDALVI,
PU02RO,Purchasing - set 2 (View),DDVALVI,
PU02RO,Purchasing - set 2 (View),DHALYS,
PU02RO,Purchasing - set 2 (View),DLOS,
PU02RO,Purchasing - set 2 (View),DNEWLAND,
PU02RO,Purchasing - set 2 (View),DYYANG,
PU02RO,Purchasing - set 2 (View),EFORTUS,
PU02RO,Purchasing - set 2 (View),EFRANCO,
PU02RO,Purchasing - set 2 (View),EHERVIK,
PU02RO,Purchasing - set 2 (View),EICAMPBE,
PU02RO,Purchasing - set 2 (View),EMITCHELL,
PU02RO,Purchasing - set 2 (View),FNGAN,
PU02RO,Purchasing - set 2 (View),GSCHREUD,
PU02RO,Purchasing - set 2 (View),HPATIL,
PU02RO,Purchasing - set 2 (View),IVESELOVSK,
PU02RO,Purchasing - set 2 (View),JECOOPER,
PU02RO,Purchasing - set 2 (View),JKOBYLIN,
PU02RO,Purchasing - set 2 (View),JKUPCZAK,
PU02RO,Purchasing - set 2 (View),JSANTOS,
PU02RO,Purchasing - set 2 (View),KASANTOS,
PU02RO,Purchasing - set 2 (View),KASTEWAR,
PU02RO,Purchasing - set 2 (View),KGAWANDE,
PU02RO,Purchasing - set 2 (View),KHENDZEL,
PU02RO,Purchasing - set 2 (View),KJANTOSZ,
PU02RO,Purchasing - set 2 (View),KMACDONA,
PU02RO,Purchasing - set 2 (View),KULTRA,
PU02RO,Purchasing - set 2 (View),KWONG,
PU02RO,Purchasing - set 2 (View),LBRANDAO,
PU02RO,Purchasing - set 2 (View),LDICKSON,
PU02RO,Purchasing - set 2 (View),LDUNCAN,
PU02RO,Purchasing - set 2 (View),LXIE,
PU02RO,Purchasing - set 2 (View),MAJONES,
PU02RO,Purchasing - set 2 (View),MCHOI,
PU02RO,Purchasing - set 2 (View),MDAYAPER,
PU02RO,Purchasing - set 2 (View),MHIZONA,
PU02RO,Purchasing - set 2 (View),MISOTO,
PU02RO,Purchasing - set 2 (View),MKEPA,
PU02RO,Purchasing - set 2 (View),NKATHE,
PU02RO,Purchasing - set 2 (View),NNUGRHA,
PU02RO,Purchasing - set 2 (View),NPARK,
PU02RO,Purchasing - set 2 (View),NVROON,
PU02RO,Purchasing - set 2 (View),ODANGMAL,
PU02RO,Purchasing - set 2 (View),OMULIK,
PU02RO,Purchasing - set 2 (View),PKHONGPAN,
PU02RO,Purchasing - set 2 (View),PREN,
PU02RO,Purchasing - set 2 (View),PSMITHERAM,
PU02RO,Purchasing - set 2 (View),RAKPADAD,
PU02RO,Purchasing - set 2 (View),RCHANNA,
PU02RO,Purchasing - set 2 (View),RDURGADE,
PU02RO,Purchasing - set 2 (View),RJADHAV,
PU02RO,Purchasing - set 2 (View),RJAMES,
PU02RO,Purchasing - set 2 (View),SCONROY,
PU02RO,Purchasing - set 2 (View),SGOWDA,
PU02RO,Purchasing - set 2 (View),SJOHNY,
PU02RO,Purchasing - set 2 (View),SKONING,
PU02RO,Purchasing - set 2 (View),SLENGHE,
PU02RO,Purchasing - set 2 (View),SMACHLIK,
PU02RO,Purchasing - set 2 (View),SMARQUES,
PU02RO,Purchasing - set 2 (View),SNPAWAR,
PU02RO,Purchasing - set 2 (View),SPATIL,
PU02RO,Purchasing - set 2 (View),STEIXEIR,
PU02RO,Purchasing - set 2 (View),SUJOSHI,
PU02RO,Purchasing - set 2 (View),TBROUWER,
PU02RO,Purchasing - set 2 (View),TCOSTA,
PU02RO,Purchasing - set 2 (View),VISILVA,
PU02RO,Purchasing - set 2 (View),VJADHAV,
PU02RO,Purchasing - set 2 (View),VMORAES,
PU02RO,Purchasing - set 2 (View),VMUDGAL,
PU02RO,Purchasing - set 2 (View),VSATPUTE,
PU02RO,Purchasing - set 2 (View),YJADHAV,
PU02RO,Purchasing - set 2 (View),YWAYKAR,
PU02RW,Purchasing - set 2 (Maintain),ABALDONADO,
PU02RW,Purchasing - set 2 (Maintain),ADATKHIL,
PU02RW,Purchasing - set 2 (Maintain),AHUDANI,
PU02RW,Purchasing - set 2 (Maintain),ANSOUZA,
PU02RW,Purchasing - set 2 (Maintain),ASARTAPE,
PU02RW,Purchasing - set 2 (Maintain),ASUMAIYA,
PU02RW,Purchasing - set 2 (Maintain),ASZUBERL,
PU02RW,Purchasing - set 2 (Maintain),CVIRGENS,
PU02RW,Purchasing - set 2 (Maintain),DANMACLEAN,
PU02RW,Purchasing - set 2 (Maintain),DGUASTAL,
PU02RW,Purchasing - set 2 (Maintain),DWU,
PU02RW,Purchasing - set 2 (Maintain),EFRANCO,
PU02RW,Purchasing - set 2 (Maintain),FASANTOS,
PU02RW,Purchasing - set 2 (Maintain),HPARMAR,
PU02RW,Purchasing - set 2 (Maintain),JFOK,
PU02RW,Purchasing - set 2 (Maintain),JOLIN,
PU02RW,Purchasing - set 2 (Maintain),JTENGBER,
PU02RW,Purchasing - set 2 (Maintain),LBRANDAO,
PU02RW,Purchasing - set 2 (Maintain),LWATT,
PU02RW,Purchasing - set 2 (Maintain),MKIM,
PU02RW,Purchasing - set 2 (Maintain),MPRIVATTI,
PU02RW,Purchasing - set 2 (Maintain),MRAMOS,
PU02RW,Purchasing - set 2 (Maintain),NBADRINA,
PU02RW,Purchasing - set 2 (Maintain),NBONIFACIO,
PU02RW,Purchasing - set 2 (Maintain),PANDERSON,
PU02RW,Purchasing - set 2 (Maintain),PGUASTAL,
PU02RW,Purchasing - set 2 (Maintain),PIRSILVA,
PU02RW,Purchasing - set 2 (Maintain),RHINONG,
PU02RW,Purchasing - set 2 (Maintain),RSANPEDRO,
PU02RW,Purchasing - set 2 (Maintain),SKALASAP,
PU02RW,Purchasing - set 2 (Maintain),SPAWAR,
PU02RW,Purchasing - set 2 (Maintain),SRANGARAJA,
PU02RW,Purchasing - set 2 (Maintain),SSHINDE,
PU02RW,Purchasing - set 2 (Maintain),UPATIL,
PU02RW,Purchasing - set 2 (Maintain),VISILVA,
PU02RW,Purchasing - set 2 (Maintain),VVENUGOP,
PU02RW,Purchasing - set 2 (Maintain),WROWLES,
PU02RW,Purchasing - set 2 (Maintain),ZHAYATH,
PU03RO,Purchasing - set 3 (View),ASTAYLOR,
PU03RO,Purchasing - set 3 (View),MISOTO,
PU03RW,Purchasing - set 3 (Maintain),JFOK,
PU03RW,Purchasing - set 3 (Maintain),RSANPEDRO,
PU04RO,Purchasing - set 4 (View),ASTAYLOR,
PU04RO,Purchasing - set 4 (View),MISOTO,
PU04RW,Purchasing - set 4 (Maintain),JFOK,
PU04RW,Purchasing - set 4 (Maintain),RSANPEDRO,
PU05RO,Purchasing - set 5 (View),ASTAYLOR,
PU05RO,Purchasing - set 5 (View),MISOTO,
PU05RW,Purchasing - set 5 (Maintain),ADUBEY,
PU05RW,Purchasing - set 5 (Maintain),AKAZI,
PU05RW,Purchasing - set 5 (Maintain),AKORDE,
PU05RW,Purchasing - set 5 (Maintain),AKUDEKAR,
PU05RW,Purchasing - set 5 (Maintain),ANCOSTA,
PU05RW,Purchasing - set 5 (Maintain),ANSOUZA,
PU05RW,Purchasing - set 5 (Maintain),AOLIVEIRA,
PU05RW,Purchasing - set 5 (Maintain),AVIEIRA,
PU05RW,Purchasing - set 5 (Maintain),CAANTUNE,
PU05RW,Purchasing - set 5 (Maintain),CCRUMP,
PU05RW,Purchasing - set 5 (Maintain),CNUNES,
PU05RW,Purchasing - set 5 (Maintain),CPEREIRA,
PU05RW,Purchasing - set 5 (Maintain),CROBERTO,
PU05RW,Purchasing - set 5 (Maintain),CVIRGENS,
PU05RW,Purchasing - set 5 (Maintain),DDALVI,
PU05RW,Purchasing - set 5 (Maintain),DMARTINS,
PU05RW,Purchasing - set 5 (Maintain),DOSSANTO,
PU05RW,Purchasing - set 5 (Maintain),DYYANG,
PU05RW,Purchasing - set 5 (Maintain),EDEABREU,
PU05RW,Purchasing - set 5 (Maintain),EFORTUS,
PU05RW,Purchasing - set 5 (Maintain),EFRANCO,
PU05RW,Purchasing - set 5 (Maintain),ELIOLIVE,
PU05RW,Purchasing - set 5 (Maintain),FASANTOS,
PU05RW,Purchasing - set 5 (Maintain),FEDASILV,
PU05RW,Purchasing - set 5 (Maintain),FOTAVIANO,
PU05RW,Purchasing - set 5 (Maintain),GAMONTEI,
PU05RW,Purchasing - set 5 (Maintain),GIJUNIOR,
PU05RW,Purchasing - set 5 (Maintain),HPATIL,
PU05RW,Purchasing - set 5 (Maintain),JCAETANO,
PU05RW,Purchasing - set 5 (Maintain),JFOK,
PU05RW,Purchasing - set 5 (Maintain),JORRIBEI,
PU05RW,Purchasing - set 5 (Maintain),KGAWANDE,
PU05RW,Purchasing - set 5 (Maintain),KULTRA,
PU05RW,Purchasing - set 5 (Maintain),LBRANDAO,
PU05RW,Purchasing - set 5 (Maintain),LERANGEL,
PU05RW,Purchasing - set 5 (Maintain),LORIBEIR,
PU05RW,Purchasing - set 5 (Maintain),LSEVERO,
PU05RW,Purchasing - set 5 (Maintain),LUDASILV,
PU05RW,Purchasing - set 5 (Maintain),LVELINCA,
PU05RW,Purchasing - set 5 (Maintain),LWATT,
PU05RW,Purchasing - set 5 (Maintain),MCOUTO,
PU05RW,Purchasing - set 5 (Maintain),MHIZONA,
PU05RW,Purchasing - set 5 (Maintain),MPRIVATTI,
PU05RW,Purchasing - set 5 (Maintain),NKATHE,
PU05RW,Purchasing - set 5 (Maintain),ODANGMAL,
PU05RW,Purchasing - set 5 (Maintain),OMULIK,
PU05RW,Purchasing - set 5 (Maintain),ORJUNIOR,
PU05RW,Purchasing - set 5 (Maintain),PIRSILVA,
PU05RW,Purchasing - set 5 (Maintain),PMIRANDA,
PU05RW,Purchasing - set 5 (Maintain),RAKPADAD,
PU05RW,Purchasing - set 5 (Maintain),RCHANNA,
PU05RW,Purchasing - set 5 (Maintain),RDOCOUTO,
PU05RW,Purchasing - set 5 (Maintain),RDURGADE,
PU05RW,Purchasing - set 5 (Maintain),RFRANCES,
PU05RW,Purchasing - set 5 (Maintain),RJADHAV,
PU05RW,Purchasing - set 5 (Maintain),ROBSILVA,
PU05RW,Purchasing - set 5 (Maintain),RSANPEDRO,
PU05RW,Purchasing - set 5 (Maintain),SGOWDA,
PU05RW,Purchasing - set 5 (Maintain),SJOHNY,
PU05RW,Purchasing - set 5 (Maintain),SLENGHE,
PU05RW,Purchasing - set 5 (Maintain),SNPAWAR,
PU05RW,Purchasing - set 5 (Maintain),SPATIL,
PU05RW,Purchasing - set 5 (Maintain),SUJOSHI,
PU05RW,Purchasing - set 5 (Maintain),TRODRIGU,
PU05RW,Purchasing - set 5 (Maintain),VISILVA,
PU05RW,Purchasing - set 5 (Maintain),VJADHAV,
PU05RW,Purchasing - set 5 (Maintain),VMUDGAL,
PU05RW,Purchasing - set 5 (Maintain),VSATPUTE,
PU05RW,Purchasing - set 5 (Maintain),WACARVEL,
PU05RW,Purchasing - set 5 (Maintain),WCAMARGO,
PU05RW,Purchasing - set 5 (Maintain),WECAMARGO,
PU05RW,Purchasing - set 5 (Maintain),WESILVA,
PU05RW,Purchasing - set 5 (Maintain),WMENDONC,
PU05RW,Purchasing - set 5 (Maintain),YJADHAV,
PU05RW,Purchasing - set 5 (Maintain),YWAYKAR,
PU06RO,Purchasing - set 6 (View),,
PU06RW,Purchasing - set 6 (Maintain),DKELLY,
PU06RW,Purchasing - set 6 (Maintain),DNEWLAND,
PU06RW,Purchasing - set 6 (Maintain),EMITCHELL,
PU06RW,Purchasing - set 6 (Maintain),GSCHREUD,
PU06RW,Purchasing - set 6 (Maintain),KMACDONA,
PU06RW,Purchasing - set 6 (Maintain),LDUNCAN,
PU06RW,Purchasing - set 6 (Maintain),MAJONES,
PU06RW,Purchasing - set 6 (Maintain),PANDERSON,
PU06RW,Purchasing - set 6 (Maintain),SCONROY,
PU06RW,Purchasing - set 6 (Maintain),SPAWAR,
PU06RW,Purchasing - set 6 (Maintain),VVENUGOP,
PU07RW,Purchasing - set 7 (Maintain),ABERNOS,
PU07RW,Purchasing - set 7 (Maintain),AGALLAGHER,
PU07RW,Purchasing - set 7 (Maintain),BGLIWA,
PU07RW,Purchasing - set 7 (Maintain),BRKELLY,
PU07RW,Purchasing - set 7 (Maintain),CBLACKBURN,
PU07RW,Purchasing - set 7 (Maintain),COREGAN,
PU07RW,Purchasing - set 7 (Maintain),DAWARD,
PU07RW,Purchasing - set 7 (Maintain),DEVERITT,
PU07RW,Purchasing - set 7 (Maintain),DHADDEN,
PU07RW,Purchasing - set 7 (Maintain),DKELLY,
PU07RW,Purchasing - set 7 (Maintain),DTORPEY,
PU07RW,Purchasing - set 7 (Maintain),DUBLINENG,
PU07RW,Purchasing - set 7 (Maintain),ENGWATER,
PU07RW,Purchasing - set 7 (Maintain),ENIEMIEC,
PU07RW,Purchasing - set 7 (Maintain),FBAGGS,
PU07RW,Purchasing - set 7 (Maintain),FLOPSHUM,
PU07RW,Purchasing - set 7 (Maintain),GPLAYLE,
PU07RW,Purchasing - set 7 (Maintain),GWALSH,
PU07RW,Purchasing - set 7 (Maintain),JLOBODA,
PU07RW,Purchasing - set 7 (Maintain),KKRAWIEC,
PU07RW,Purchasing - set 7 (Maintain),LJAMES,
PU07RW,Purchasing - set 7 (Maintain),LSANGSTER,
PU07RW,Purchasing - set 7 (Maintain),MDONNELLY,
PU07RW,Purchasing - set 7 (Maintain),MSWIETON,
PU07RW,Purchasing - set 7 (Maintain),NMURPHY,
PU07RW,Purchasing - set 7 (Maintain),NWIATER,
PU07RW,Purchasing - set 7 (Maintain),ROTTIE01,
PU07RW,Purchasing - set 7 (Maintain),SCHAPPELL,
PU07RW,Purchasing - set 7 (Maintain),SDIXEY,
PU07RW,Purchasing - set 7 (Maintain),TCADGER,
PU07RW,Purchasing - set 7 (Maintain),TPRUE,
PU07RW,Purchasing - set 7 (Maintain),WIJGER01,
RP01RO,Reporting - set 1 (View),ABRYLINS,
RP01RO,Reporting - set 1 (View),ADUBEY,
RP01RO,Reporting - set 1 (View),AHUDANI,
RP01RO,Reporting - set 1 (View),AKAZI,
RP01RO,Reporting - set 1 (View),AKHAKIMO,
RP01RO,Reporting - set 1 (View),AKORDE,
RP01RO,Reporting - set 1 (View),AKOT,
RP01RO,Reporting - set 1 (View),AKUDEKAR,
RP01RO,Reporting - set 1 (View),AREWERA,
RP01RO,Reporting - set 1 (View),ASOUZA,
RP01RO,Reporting - set 1 (View),BEHESS,
RP01RO,Reporting - set 1 (View),BSILVA,
RP01RO,Reporting - set 1 (View),BSTUSIK,
RP01RO,Reporting - set 1 (View),CCRUMP,
RP01RO,Reporting - set 1 (View),CMONTILL,
RP01RO,Reporting - set 1 (View),DDALVI,
RP01RO,Reporting - set 1 (View),DDVALVI,
RP01RO,Reporting - set 1 (View),DHALYS,
RP01RO,Reporting - set 1 (View),DLOS,
RP01RO,Reporting - set 1 (View),DNEWLAND,
RP01RO,Reporting - set 1 (View),DYYANG,
RP01RO,Reporting - set 1 (View),EFORTUS,
RP01RO,Reporting - set 1 (View),EFRANCO,
RP01RO,Reporting - set 1 (View),EHERVIK,
RP01RO,Reporting - set 1 (View),EICAMPBE,
RP01RO,Reporting - set 1 (View),EKRISTVI,
RP01RO,Reporting - set 1 (View),EMITCHELL,
RP01RO,Reporting - set 1 (View),ESOREIDE,
RP01RO,Reporting - set 1 (View),FNGAN,
RP01RO,Reporting - set 1 (View),GSCHREUD,
RP01RO,Reporting - set 1 (View),HPARMAR,
RP01RO,Reporting - set 1 (View),HPATIL,
RP01RO,Reporting - set 1 (View),IVESELOVSK,
RP01RO,Reporting - set 1 (View),JECOOPER,
RP01RO,Reporting - set 1 (View),JFOK,
RP01RO,Reporting - set 1 (View),JGUDMESTAD,
RP01RO,Reporting - set 1 (View),JKOBYLIN,
RP01RO,Reporting - set 1 (View),JKUPCZAK,
RP01RO,Reporting - set 1 (View),JSANTOS,
RP01RO,Reporting - set 1 (View),KASANTOS,
RP01RO,Reporting - set 1 (View),KASTEWAR,
RP01RO,Reporting - set 1 (View),KGAWANDE,
RP01RO,Reporting - set 1 (View),KHENDZEL,
RP01RO,Reporting - set 1 (View),KJANTOSZ,
RP01RO,Reporting - set 1 (View),KMACDONA,
RP01RO,Reporting - set 1 (View),KULTRA,
RP01RO,Reporting - set 1 (View),KWONG,
RP01RO,Reporting - set 1 (View),LBRANDAO,
RP01RO,Reporting - set 1 (View),LDICKSON,
RP01RO,Reporting - set 1 (View),LDUNCAN,
RP01RO,Reporting - set 1 (View),LXIE,
RP01RO,Reporting - set 1 (View),MAJONES,
RP01RO,Reporting - set 1 (View),MBALAS,
RP01RO,Reporting - set 1 (View),MCHOI,
RP01RO,Reporting - set 1 (View),MDAYAPER,
RP01RO,Reporting - set 1 (View),MDEAN,
RP01RO,Reporting - set 1 (View),MHIZONA,
RP01RO,Reporting - set 1 (View),MKEPA,
RP01RO,Reporting - set 1 (View),NBONIFACIO,
RP01RO,Reporting - set 1 (View),NKATHE,
RP01RO,Reporting - set 1 (View),NNUGRHA,
RP01RO,Reporting - set 1 (View),NPARK,
RP01RO,Reporting - set 1 (View),NVROON,
RP01RO,Reporting - set 1 (View),ODANGMAL,
RP01RO,Reporting - set 1 (View),OMULIK,
RP01RO,Reporting - set 1 (View),PKHONGPAN,
RP01RO,Reporting - set 1 (View),PREN,
RP01RO,Reporting - set 1 (View),PSMITHERAM,
RP01RO,Reporting - set 1 (View),RAKPADAD,
RP01RO,Reporting - set 1 (View),RCHANNA,
RP01RO,Reporting - set 1 (View),RDURGADE,
RP01RO,Reporting - set 1 (View),RHINONG,
RP01RO,Reporting - set 1 (View),RJADHAV,
RP01RO,Reporting - set 1 (View),RJAMES,
RP01RO,Reporting - set 1 (View),RLIANG,
RP01RO,Reporting - set 1 (View),RSANPEDRO,
RP01RO,Reporting - set 1 (View),SCONROY,
RP01RO,Reporting - set 1 (View),SGOWDA,
RP01RO,Reporting - set 1 (View),SJOHNY,
RP01RO,Reporting - set 1 (View),SKONING,
RP01RO,Reporting - set 1 (View),SLENGHE,
RP01RO,Reporting - set 1 (View),SMACHLIK,
RP01RO,Reporting - set 1 (View),SMARQUES,
RP01RO,Reporting - set 1 (View),SNPAWAR,
RP01RO,Reporting - set 1 (View),SPATIL,
RP01RO,Reporting - set 1 (View),SSEKHON,
RP01RO,Reporting - set 1 (View),STEIXEIR,
RP01RO,Reporting - set 1 (View),SUJOSHI,
RP01RO,Reporting - set 1 (View),TBROUWER,
RP01RO,Reporting - set 1 (View),TCOSTA,
RP01RO,Reporting - set 1 (View),VASOUZA,
RP01RO,Reporting - set 1 (View),VGRIMSLI,
RP01RO,Reporting - set 1 (View),VISILVA,
RP01RO,Reporting - set 1 (View),VJADHAV,
RP01RO,Reporting - set 1 (View),VMORAES,
RP01RO,Reporting - set 1 (View),VMUDGAL,
RP01RO,Reporting - set 1 (View),VREITAN,
RP01RO,Reporting - set 1 (View),VSATPUTE,
RP01RO,Reporting - set 1 (View),YJADHAV,
RP01RO,Reporting - set 1 (View),YWAYKAR,
RP01RW,Reporting - set 1 (Maintain),AAMARTIN,
RP01RW,Reporting - set 1 (Maintain),ABALDONADO,
RP01RW,Reporting - set 1 (Maintain),ADATKHIL,
RP01RW,Reporting - set 1 (Maintain),AKANDWAL,
RP01RW,Reporting - set 1 (Maintain),ASARTAPE,
RP01RW,Reporting - set 1 (Maintain),ASTAYLOR,
RP01RW,Reporting - set 1 (Maintain),ASUMAIYA,
RP01RW,Reporting - set 1 (Maintain),ASZUBERL,
RP01RW,Reporting - set 1 (Maintain),BARK,
RP01RW,Reporting - set 1 (Maintain),BCAR,
RP01RW,Reporting - set 1 (Maintain),BKISCH,
RP01RW,Reporting - set 1 (Maintain),BTERSTEGE,
RP01RW,Reporting - set 1 (Maintain),CCOPELAN,
RP01RW,Reporting - set 1 (Maintain),CTHOM,
RP01RW,Reporting - set 1 (Maintain),CWASKEY,
RP01RW,Reporting - set 1 (Maintain),DANMACLEAN,
RP01RW,Reporting - set 1 (Maintain),DAWALKER,
RP01RW,Reporting - set 1 (Maintain),DGLENNIE,
RP01RW,Reporting - set 1 (Maintain),DGUASTAL,
RP01RW,Reporting - set 1 (Maintain),DKELLY,
RP01RW,Reporting - set 1 (Maintain),DPANGILI,
RP01RW,Reporting - set 1 (Maintain),DWU,
RP01RW,Reporting - set 1 (Maintain),GESCARAY,
RP01RW,Reporting - set 1 (Maintain),GIJUNIOR,
RP01RW,Reporting - set 1 (Maintain),GJOHANSE,
RP01RW,Reporting - set 1 (Maintain),JALEE,
RP01RW,Reporting - set 1 (Maintain),JCEGIELS,
RP01RW,Reporting - set 1 (Maintain),JCONCEPC,
RP01RW,Reporting - set 1 (Maintain),JGUDMESTAD,
RP01RW,Reporting - set 1 (Maintain),JLADIPAO,
RP01RW,Reporting - set 1 (Maintain),JOLIN,
RP01RW,Reporting - set 1 (Maintain),JRUSSELL,
RP01RW,Reporting - set 1 (Maintain),JTENGBER,
RP01RW,Reporting - set 1 (Maintain),KLI,
RP01RW,Reporting - set 1 (Maintain),KNATTERO,
RP01RW,Reporting - set 1 (Maintain),KPHUNG,
RP01RW,Reporting - set 1 (Maintain),KRIDA,
RP01RW,Reporting - set 1 (Maintain),KRISPAGE,
RP01RW,Reporting - set 1 (Maintain),LCHHABRA,
RP01RW,Reporting - set 1 (Maintain),LVELINCA,
RP01RW,Reporting - set 1 (Maintain),LVIERA,
RP01RW,Reporting - set 1 (Maintain),MAGILL,
RP01RW,Reporting - set 1 (Maintain),MAMATONG,
RP01RW,Reporting - set 1 (Maintain),MISOTO,
RP01RW,Reporting - set 1 (Maintain),MJOHANNE,
RP01RW,Reporting - set 1 (Maintain),MKIM,
RP01RW,Reporting - set 1 (Maintain),MRAMOS,
RP01RW,Reporting - set 1 (Maintain),MSANSALI,
RP01RW,Reporting - set 1 (Maintain),NBADRINA,
RP01RW,Reporting - set 1 (Maintain),NROSS,
RP01RW,Reporting - set 1 (Maintain),OOKUESO,
RP01RW,Reporting - set 1 (Maintain),PANDERSON,
RP01RW,Reporting - set 1 (Maintain),PGUASTAL,
RP01RW,Reporting - set 1 (Maintain),PLINGEN,
RP01RW,Reporting - set 1 (Maintain),PPRESSLI,
RP01RW,Reporting - set 1 (Maintain),PREN,
RP01RW,Reporting - set 1 (Maintain),RABATISTA,
RP01RW,Reporting - set 1 (Maintain),RAJKUMAR,
RP01RW,Reporting - set 1 (Maintain),REATON,
RP01RW,Reporting - set 1 (Maintain),RHALILI,
RP01RW,Reporting - set 1 (Maintain),RHOLSTAD,
RP01RW,Reporting - set 1 (Maintain),RLONG,
RP01RW,Reporting - set 1 (Maintain),RMUYO,
RP01RW,Reporting - set 1 (Maintain),RTATUM,
RP01RW,Reporting - set 1 (Maintain),RTUMAGAN,
RP01RW,Reporting - set 1 (Maintain),SENGER,
RP01RW,Reporting - set 1 (Maintain),SGANDHIR,
RP01RW,Reporting - set 1 (Maintain),SHOGGATT,
RP01RW,Reporting - set 1 (Maintain),SKALASAP,
RP01RW,Reporting - set 1 (Maintain),SLOUIE,
RP01RW,Reporting - set 1 (Maintain),SNEZAMIA,
RP01RW,Reporting - set 1 (Maintain),SOSLAND,
RP01RW,Reporting - set 1 (Maintain),SPAWAR,
RP01RW,Reporting - set 1 (Maintain),SRANGARAJA,
RP01RW,Reporting - set 1 (Maintain),SSHINDE,
RP01RW,Reporting - set 1 (Maintain),STCOLLIN,
RP01RW,Reporting - set 1 (Maintain),TBASS,
RP01RW,Reporting - set 1 (Maintain),TBURROUG,
RP01RW,Reporting - set 1 (Maintain),THJAKOBSEN,
RP01RW,Reporting - set 1 (Maintain),TIMCOX,
RP01RW,Reporting - set 1 (Maintain),TVILLARD,
RP01RW,Reporting - set 1 (Maintain),UPATIL,
RP01RW,Reporting - set 1 (Maintain),VLAW,
RP01RW,Reporting - set 1 (Maintain),VVENUGOP,
RP01RW,Reporting - set 1 (Maintain),WROWLES,
RP01RW,Reporting - set 1 (Maintain),ZHAYATH,
RE01RO,Returns - set 1 (View),AHUDANI,
RE01RO,Returns - set 1 (View),AKANDWAL,
RE01RO,Returns - set 1 (View),ASTAYLOR,
RE01RO,Returns - set 1 (View),BARK,
RE01RO,Returns - set 1 (View),BCAR,
RE01RO,Returns - set 1 (View),BKISCH,
RE01RO,Returns - set 1 (View),BTERSTEGE,
RE01RO,Returns - set 1 (View),CTHOM,
RE01RO,Returns - set 1 (View),CWASKEY,
RE01RO,Returns - set 1 (View),DAWALKER,
RE01RO,Returns - set 1 (View),DGLENNIE,
RE01RO,Returns - set 1 (View),GIJUNIOR,
RE01RO,Returns - set 1 (View),HPARMAR,
RE01RO,Returns - set 1 (View),JALEE,
RE01RO,Returns - set 1 (View),JLADIPAO,
RE01RO,Returns - set 1 (View),JRUSSELL,
RE01RO,Returns - set 1 (View),KLI,
RE01RO,Returns - set 1 (View),KNATTERO,
RE01RO,Returns - set 1 (View),KRIDA,
RE01RO,Returns - set 1 (View),KRISPAGE,
RE01RO,Returns - set 1 (View),LCHHABRA,
RE01RO,Returns - set 1 (View),LVELINCA,
RE01RO,Returns - set 1 (View),MAGILL,
RE01RO,Returns - set 1 (View),MBALAS,
RE01RO,Returns - set 1 (View),MDEAN,
RE01RO,Returns - set 1 (View),MISOTO,
RE01RO,Returns - set 1 (View),MJOHANNE,
RE01RO,Returns - set 1 (View),NBONIFACIO,
RE01RO,Returns - set 1 (View),NROSS,
RE01RO,Returns - set 1 (View),OOKUESO,
RE01RO,Returns - set 1 (View),PLINGEN,
RE01RO,Returns - set 1 (View),PPRESSLI,
RE01RO,Returns - set 1 (View),RABATISTA,
RE01RO,Returns - set 1 (View),REATON,
RE01RO,Returns - set 1 (View),RHINONG,
RE01RO,Returns - set 1 (View),RHOLSTAD,
RE01RO,Returns - set 1 (View),RLIANG,
RE01RO,Returns - set 1 (View),RTATUM,
RE01RO,Returns - set 1 (View),SENGER,
RE01RO,Returns - set 1 (View),SGANDHIR,
RE01RO,Returns - set 1 (View),SLOUIE,
RE01RO,Returns - set 1 (View),SOSLAND,
RE01RO,Returns - set 1 (View),SSEKHON,
RE01RO,Returns - set 1 (View),STCOLLIN,
RE01RO,Returns - set 1 (View),TBURROUG,
RE01RO,Returns - set 1 (View),THJAKOBSEN,
RE01RO,Returns - set 1 (View),TVILLARD,
RE01RO,Returns - set 1 (View),VASOUZA,
RE01RO,Returns - set 1 (View),VGRIMSLI,
RE01RO,Returns - set 1 (View),VLAW,
RE01RW,Returns - set 1 (Maintain),ABALDONADO,
RE01RW,Returns - set 1 (Maintain),ADATKHIL,
RE01RW,Returns - set 1 (Maintain),AHUDANI,
RE01RW,Returns - set 1 (Maintain),AKHAKIMO,
RE01RW,Returns - set 1 (Maintain),ASARTAPE,
RE01RW,Returns - set 1 (Maintain),ASUMAIYA,
RE01RW,Returns - set 1 (Maintain),ASZUBERL,
RE01RW,Returns - set 1 (Maintain),BEHESS,
RE01RW,Returns - set 1 (Maintain),CMONTILL,
RE01RW,Returns - set 1 (Maintain),DANMACLEAN,
RE01RW,Returns - set 1 (Maintain),DGUASTAL,
RE01RW,Returns - set 1 (Maintain),DWU,
RE01RW,Returns - set 1 (Maintain),HPARMAR,
RE01RW,Returns - set 1 (Maintain),JFOK,
RE01RW,Returns - set 1 (Maintain),JOLIN,
RE01RW,Returns - set 1 (Maintain),JTENGBER,
RE01RW,Returns - set 1 (Maintain),MBALAS,
RE01RW,Returns - set 1 (Maintain),MDAYAPER,
RE01RW,Returns - set 1 (Maintain),MDEAN,
RE01RW,Returns - set 1 (Maintain),MKIM,
RE01RW,Returns - set 1 (Maintain),MRAMOS,
RE01RW,Returns - set 1 (Maintain),NBADRINA,
RE01RW,Returns - set 1 (Maintain),NBONIFACIO,
RE01RW,Returns - set 1 (Maintain),NNUGRHA,
RE01RW,Returns - set 1 (Maintain),PANDERSON,
RE01RW,Returns - set 1 (Maintain),PGUASTAL,
RE01RW,Returns - set 1 (Maintain),RHINONG,
RE01RW,Returns - set 1 (Maintain),RLIANG,
RE01RW,Returns - set 1 (Maintain),RSANPEDRO,
RE01RW,Returns - set 1 (Maintain),SKALASAP,
RE01RW,Returns - set 1 (Maintain),SMACHLIK,
RE01RW,Returns - set 1 (Maintain),SMARQUES,
RE01RW,Returns - set 1 (Maintain),SPAWAR,
RE01RW,Returns - set 1 (Maintain),SRANGARAJA,
RE01RW,Returns - set 1 (Maintain),SSEKHON,
RE01RW,Returns - set 1 (Maintain),SSHINDE,
RE01RW,Returns - set 1 (Maintain),UPATIL,
RE01RW,Returns - set 1 (Maintain),VASOUZA,
RE01RW,Returns - set 1 (Maintain),VGRIMSLI,
RE01RW,Returns - set 1 (Maintain),VVENUGOP,
RE01RW,Returns - set 1 (Maintain),WROWLES,
RE01RW,Returns - set 1 (Maintain),ZHAYATH,
RE02RO,Returns - set 2 (View),AHUDANI,
RE02RO,Returns - set 2 (View),AKANDWAL,
RE02RO,Returns - set 2 (View),ASTAYLOR,
RE02RO,Returns - set 2 (View),BARK,
RE02RO,Returns - set 2 (View),BCAR,
RE02RO,Returns - set 2 (View),BKISCH,
RE02RO,Returns - set 2 (View),BTERSTEGE,
RE02RO,Returns - set 2 (View),CTHOM,
RE02RO,Returns - set 2 (View),CWASKEY,
RE02RO,Returns - set 2 (View),DAWALKER,
RE02RO,Returns - set 2 (View),DGLENNIE,
RE02RO,Returns - set 2 (View),GIJUNIOR,
RE02RO,Returns - set 2 (View),HPARMAR,
RE02RO,Returns - set 2 (View),JALEE,
RE02RO,Returns - set 2 (View),JLADIPAO,
RE02RO,Returns - set 2 (View),JRUSSELL,
RE02RO,Returns - set 2 (View),KLI,
RE02RO,Returns - set 2 (View),KNATTERO,
RE02RO,Returns - set 2 (View),KRIDA,
RE02RO,Returns - set 2 (View),KRISPAGE,
RE02RO,Returns - set 2 (View),LCHHABRA,
RE02RO,Returns - set 2 (View),LVELINCA,
RE02RO,Returns - set 2 (View),MAGILL,
RE02RO,Returns - set 2 (View),MBALAS,
RE02RO,Returns - set 2 (View),MDEAN,
RE02RO,Returns - set 2 (View),MISOTO,
RE02RO,Returns - set 2 (View),MJOHANNE,
RE02RO,Returns - set 2 (View),NBONIFACIO,
RE02RO,Returns - set 2 (View),NROSS,
RE02RO,Returns - set 2 (View),OOKUESO,
RE02RO,Returns - set 2 (View),PLINGEN,
RE02RO,Returns - set 2 (View),PPRESSLI,
RE02RO,Returns - set 2 (View),RABATISTA,
RE02RO,Returns - set 2 (View),REATON,
RE02RO,Returns - set 2 (View),RHINONG,
RE02RO,Returns - set 2 (View),RHOLSTAD,
RE02RO,Returns - set 2 (View),RLIANG,
RE02RO,Returns - set 2 (View),RTATUM,
RE02RO,Returns - set 2 (View),SENGER,
RE02RO,Returns - set 2 (View),SGANDHIR,
RE02RO,Returns - set 2 (View),SLOUIE,
RE02RO,Returns - set 2 (View),SOSLAND,
RE02RO,Returns - set 2 (View),SSEKHON,
RE02RO,Returns - set 2 (View),STCOLLIN,
RE02RO,Returns - set 2 (View),TBURROUG,
RE02RO,Returns - set 2 (View),THJAKOBSEN,
RE02RO,Returns - set 2 (View),TVILLARD,
RE02RO,Returns - set 2 (View),VASOUZA,
RE02RO,Returns - set 2 (View),VGRIMSLI,
RE02RO,Returns - set 2 (View),VLAW,
RE02RW,Returns - set 2 (Maintain),ABALDONADO,
RE02RW,Returns - set 2 (Maintain),ADATKHIL,
RE02RW,Returns - set 2 (Maintain),ASARTAPE,
RE02RW,Returns - set 2 (Maintain),ASUMAIYA,
RE02RW,Returns - set 2 (Maintain),ASZUBERL,
RE02RW,Returns - set 2 (Maintain),DANMACLEAN,
RE02RW,Returns - set 2 (Maintain),DGUASTAL,
RE02RW,Returns - set 2 (Maintain),DWU,
RE02RW,Returns - set 2 (Maintain),JFOK,
RE02RW,Returns - set 2 (Maintain),JOLIN,
RE02RW,Returns - set 2 (Maintain),JTENGBER,
RE02RW,Returns - set 2 (Maintain),MKIM,
RE02RW,Returns - set 2 (Maintain),MRAMOS,
RE02RW,Returns - set 2 (Maintain),NBADRINA,
RE02RW,Returns - set 2 (Maintain),PANDERSON,
RE02RW,Returns - set 2 (Maintain),PGUASTAL,
RE02RW,Returns - set 2 (Maintain),RSANPEDRO,
RE02RW,Returns - set 2 (Maintain),SKALASAP,
RE02RW,Returns - set 2 (Maintain),SPAWAR,
RE02RW,Returns - set 2 (Maintain),SRANGARAJA,
RE02RW,Returns - set 2 (Maintain),SSHINDE,
RE02RW,Returns - set 2 (Maintain),UPATIL,
RE02RW,Returns - set 2 (Maintain),VVENUGOP,
RE02RW,Returns - set 2 (Maintain),WROWLES,
RE02RW,Returns - set 2 (Maintain),ZHAYATH,
RE03RO,Returns - set 3 (View),AHUDANI,
RE03RO,Returns - set 3 (View),ASTAYLOR,
RE03RO,Returns - set 3 (View),HPARMAR,
RE03RO,Returns - set 3 (View),MBALAS,
RE03RO,Returns - set 3 (View),MDEAN,
RE03RO,Returns - set 3 (View),MISOTO,
RE03RO,Returns - set 3 (View),NBONIFACIO,
RE03RO,Returns - set 3 (View),RHINONG,
RE03RO,Returns - set 3 (View),RLIANG,
RE03RO,Returns - set 3 (View),SSEKHON,
RE03RO,Returns - set 3 (View),VASOUZA,
RE03RO,Returns - set 3 (View),VGRIMSLI,
RE03RW,Returns - set 3 (Maintain),ABALDONADO,
RE03RW,Returns - set 3 (Maintain),ADATKHIL,
RE03RW,Returns - set 3 (Maintain),ASARTAPE,
RE03RW,Returns - set 3 (Maintain),ASUMAIYA,
RE03RW,Returns - set 3 (Maintain),ASZUBERL,
RE03RW,Returns - set 3 (Maintain),DANMACLEAN,
RE03RW,Returns - set 3 (Maintain),DGUASTAL,
RE03RW,Returns - set 3 (Maintain),DWU,
RE03RW,Returns - set 3 (Maintain),JFOK,
RE03RW,Returns - set 3 (Maintain),JOLIN,
RE03RW,Returns - set 3 (Maintain),JTENGBER,
RE03RW,Returns - set 3 (Maintain),MKIM,
RE03RW,Returns - set 3 (Maintain),MRAMOS,
RE03RW,Returns - set 3 (Maintain),NBADRINA,
RE03RW,Returns - set 3 (Maintain),PANDERSON,
RE03RW,Returns - set 3 (Maintain),PGUASTAL,
RE03RW,Returns - set 3 (Maintain),RSANPEDRO,
RE03RW,Returns - set 3 (Maintain),SKALASAP,
RE03RW,Returns - set 3 (Maintain),SPAWAR,
RE03RW,Returns - set 3 (Maintain),SRANGARAJA,
RE03RW,Returns - set 3 (Maintain),SSHINDE,
RE03RW,Returns - set 3 (Maintain),UPATIL,
RE03RW,Returns - set 3 (Maintain),VVENUGOP,
RE03RW,Returns - set 3 (Maintain),WROWLES,
RE03RW,Returns - set 3 (Maintain),ZHAYATH,
RE04RO,Returns - set 4 (View),AHUDANI,
RE04RO,Returns - set 4 (View),ASTAYLOR,
RE04RO,Returns - set 4 (View),HPARMAR,
RE04RO,Returns - set 4 (View),MBALAS,
RE04RO,Returns - set 4 (View),MDEAN,
RE04RO,Returns - set 4 (View),MISOTO,
RE04RO,Returns - set 4 (View),NBONIFACIO,
RE04RO,Returns - set 4 (View),RHINONG,
RE04RO,Returns - set 4 (View),RLIANG,
RE04RO,Returns - set 4 (View),SSEKHON,
RE04RO,Returns - set 4 (View),VASOUZA,
RE04RO,Returns - set 4 (View),VGRIMSLI,
RE04RW,Returns - set 4 (Maintain),ABALDONADO,
RE04RW,Returns - set 4 (Maintain),ADATKHIL,
RE04RW,Returns - set 4 (Maintain),ASARTAPE,
RE04RW,Returns - set 4 (Maintain),ASUMAIYA,
RE04RW,Returns - set 4 (Maintain),ASZUBERL,
RE04RW,Returns - set 4 (Maintain),DANMACLEAN,
RE04RW,Returns - set 4 (Maintain),DGUASTAL,
RE04RW,Returns - set 4 (Maintain),DWU,
RE04RW,Returns - set 4 (Maintain),JFOK,
RE04RW,Returns - set 4 (Maintain),JOLIN,
RE04RW,Returns - set 4 (Maintain),JTENGBER,
RE04RW,Returns - set 4 (Maintain),MKIM,
RE04RW,Returns - set 4 (Maintain),MRAMOS,
RE04RW,Returns - set 4 (Maintain),NBADRINA,
RE04RW,Returns - set 4 (Maintain),PANDERSON,
RE04RW,Returns - set 4 (Maintain),PGUASTAL,
RE04RW,Returns - set 4 (Maintain),RSANPEDRO,
RE04RW,Returns - set 4 (Maintain),SKALASAP,
RE04RW,Returns - set 4 (Maintain),SPAWAR,
RE04RW,Returns - set 4 (Maintain),SRANGARAJA,
RE04RW,Returns - set 4 (Maintain),SSHINDE,
RE04RW,Returns - set 4 (Maintain),UPATIL,
RE04RW,Returns - set 4 (Maintain),VVENUGOP,
RE04RW,Returns - set 4 (Maintain),WROWLES,
RE04RW,Returns - set 4 (Maintain),ZHAYATH,
RE05RO,Returns - set 5 (View),AHUDANI,
RE05RO,Returns - set 5 (View),AKANDWAL,
RE05RO,Returns - set 5 (View),ASTAYLOR,
RE05RO,Returns - set 5 (View),BARK,
RE05RO,Returns - set 5 (View),BCAR,
RE05RO,Returns - set 5 (View),BKISCH,
RE05RO,Returns - set 5 (View),BTERSTEGE,
RE05RO,Returns - set 5 (View),CTHOM,
RE05RO,Returns - set 5 (View),CWASKEY,
RE05RO,Returns - set 5 (View),DAWALKER,
RE05RO,Returns - set 5 (View),DGLENNIE,
RE05RO,Returns - set 5 (View),GIJUNIOR,
RE05RO,Returns - set 5 (View),HPARMAR,
RE05RO,Returns - set 5 (View),JALEE,
RE05RO,Returns - set 5 (View),JLADIPAO,
RE05RO,Returns - set 5 (View),JRUSSELL,
RE05RO,Returns - set 5 (View),KLI,
RE05RO,Returns - set 5 (View),KNATTERO,
RE05RO,Returns - set 5 (View),KRIDA,
RE05RO,Returns - set 5 (View),KRISPAGE,
RE05RO,Returns - set 5 (View),LCHHABRA,
RE05RO,Returns - set 5 (View),LVELINCA,
RE05RO,Returns - set 5 (View),MAGILL,
RE05RO,Returns - set 5 (View),MBALAS,
RE05RO,Returns - set 5 (View),MDEAN,
RE05RO,Returns - set 5 (View),MISOTO,
RE05RO,Returns - set 5 (View),MJOHANNE,
RE05RO,Returns - set 5 (View),NBONIFACIO,
RE05RO,Returns - set 5 (View),NROSS,
RE05RO,Returns - set 5 (View),OOKUESO,
RE05RO,Returns - set 5 (View),PLINGEN,
RE05RO,Returns - set 5 (View),PPRESSLI,
RE05RO,Returns - set 5 (View),RABATISTA,
RE05RO,Returns - set 5 (View),REATON,
RE05RO,Returns - set 5 (View),RHINONG,
RE05RO,Returns - set 5 (View),RHOLSTAD,
RE05RO,Returns - set 5 (View),RLIANG,
RE05RO,Returns - set 5 (View),RTATUM,
RE05RO,Returns - set 5 (View),SENGER,
RE05RO,Returns - set 5 (View),SGANDHIR,
RE05RO,Returns - set 5 (View),SLOUIE,
RE05RO,Returns - set 5 (View),SOSLAND,
RE05RO,Returns - set 5 (View),SSEKHON,
RE05RO,Returns - set 5 (View),STCOLLIN,
RE05RO,Returns - set 5 (View),TBURROUG,
RE05RO,Returns - set 5 (View),THJAKOBSEN,
RE05RO,Returns - set 5 (View),TVILLARD,
RE05RO,Returns - set 5 (View),VASOUZA,
RE05RO,Returns - set 5 (View),VGRIMSLI,
RE05RO,Returns - set 5 (View),VLAW,
RE05RW,Returns - set 5 (Maintain),ABALDONADO,
RE05RW,Returns - set 5 (Maintain),ADATKHIL,
RE05RW,Returns - set 5 (Maintain),ASARTAPE,
RE05RW,Returns - set 5 (Maintain),ASUMAIYA,
RE05RW,Returns - set 5 (Maintain),ASZUBERL,
RE05RW,Returns - set 5 (Maintain),DANMACLEAN,
RE05RW,Returns - set 5 (Maintain),DGUASTAL,
RE05RW,Returns - set 5 (Maintain),DWU,
RE05RW,Returns - set 5 (Maintain),JFOK,
RE05RW,Returns - set 5 (Maintain),JOLIN,
RE05RW,Returns - set 5 (Maintain),JTENGBER,
RE05RW,Returns - set 5 (Maintain),MKIM,
RE05RW,Returns - set 5 (Maintain),MRAMOS,
RE05RW,Returns - set 5 (Maintain),NBADRINA,
RE05RW,Returns - set 5 (Maintain),PANDERSON,
RE05RW,Returns - set 5 (Maintain),PGUASTAL,
RE05RW,Returns - set 5 (Maintain),RSANPEDRO,
RE05RW,Returns - set 5 (Maintain),SKALASAP,
RE05RW,Returns - set 5 (Maintain),SPAWAR,
RE05RW,Returns - set 5 (Maintain),SRANGARAJA,
RE05RW,Returns - set 5 (Maintain),SSHINDE,
RE05RW,Returns - set 5 (Maintain),UPATIL,
RE05RW,Returns - set 5 (Maintain),VVENUGOP,
RE05RW,Returns - set 5 (Maintain),WROWLES,
RE05RW,Returns - set 5 (Maintain),ZHAYATH,
TX01RO,Tax - set 1 (View),ABRYLINS,
TX01RO,Tax - set 1 (View),ADUBEY,
TX01RO,Tax - set 1 (View),AHUDANI,
TX01RO,Tax - set 1 (View),AKAZI,
TX01RO,Tax - set 1 (View),AKHAKIMO,
TX01RO,Tax - set 1 (View),AKORDE,
TX01RO,Tax - set 1 (View),AKOT,
TX01RO,Tax - set 1 (View),AKUDEKAR,
TX01RO,Tax - set 1 (View),AREWERA,
TX01RO,Tax - set 1 (View),ASOUZA,
TX01RO,Tax - set 1 (View),ASTAYLOR,
TX01RO,Tax - set 1 (View),BEHESS,
TX01RO,Tax - set 1 (View),BSILVA,
TX01RO,Tax - set 1 (View),BSTUSIK,
TX01RO,Tax - set 1 (View),CCRUMP,
TX01RO,Tax - set 1 (View),CMONTILL,
TX01RO,Tax - set 1 (View),DDALVI,
TX01RO,Tax - set 1 (View),DDVALVI,
TX01RO,Tax - set 1 (View),DHALYS,
TX01RO,Tax - set 1 (View),DLOS,
TX01RO,Tax - set 1 (View),DNEWLAND,
TX01RO,Tax - set 1 (View),DYYANG,
TX01RO,Tax - set 1 (View),EFORTUS,
TX01RO,Tax - set 1 (View),EFRANCO,
TX01RO,Tax - set 1 (View),EHERVIK,
TX01RO,Tax - set 1 (View),EICAMPBE,
TX01RO,Tax - set 1 (View),EKRISTVI,
TX01RO,Tax - set 1 (View),EMITCHELL,
TX01RO,Tax - set 1 (View),ESOREIDE,
TX01RO,Tax - set 1 (View),FNGAN,
TX01RO,Tax - set 1 (View),GSCHREUD,
TX01RO,Tax - set 1 (View),HPARMAR,
TX01RO,Tax - set 1 (View),HPATIL,
TX01RO,Tax - set 1 (View),IVESELOVSK,
TX01RO,Tax - set 1 (View),JECOOPER,
TX01RO,Tax - set 1 (View),JGUDMESTAD,
TX01RO,Tax - set 1 (View),JKOBYLIN,
TX01RO,Tax - set 1 (View),JKUPCZAK,
TX01RO,Tax - set 1 (View),JSANTOS,
TX01RO,Tax - set 1 (View),KASANTOS,
TX01RO,Tax - set 1 (View),KASTEWAR,
TX01RO,Tax - set 1 (View),KGAWANDE,
TX01RO,Tax - set 1 (View),KHENDZEL,
TX01RO,Tax - set 1 (View),KJANTOSZ,
TX01RO,Tax - set 1 (View),KMACDONA,
TX01RO,Tax - set 1 (View),KULTRA,
TX01RO,Tax - set 1 (View),KWONG,
TX01RO,Tax - set 1 (View),LBRANDAO,
TX01RO,Tax - set 1 (View),LDICKSON,
TX01RO,Tax - set 1 (View),LDUNCAN,
TX01RO,Tax - set 1 (View),LXIE,
TX01RO,Tax - set 1 (View),MAJONES,
TX01RO,Tax - set 1 (View),MBALAS,
TX01RO,Tax - set 1 (View),MCHOI,
TX01RO,Tax - set 1 (View),MDAYAPER,
TX01RO,Tax - set 1 (View),MDEAN,
TX01RO,Tax - set 1 (View),MHIZONA,
TX01RO,Tax - set 1 (View),MISOTO,
TX01RO,Tax - set 1 (View),MKEPA,
TX01RO,Tax - set 1 (View),NBONIFACIO,
TX01RO,Tax - set 1 (View),NKATHE,
TX01RO,Tax - set 1 (View),NNUGRHA,
TX01RO,Tax - set 1 (View),NPARK,
TX01RO,Tax - set 1 (View),NVROON,
TX01RO,Tax - set 1 (View),ODANGMAL,
TX01RO,Tax - set 1 (View),OMULIK,
TX01RO,Tax - set 1 (View),PKHONGPAN,
TX01RO,Tax - set 1 (View),PREN,
TX01RO,Tax - set 1 (View),PSMITHERAM,
TX01RO,Tax - set 1 (View),RAKPADAD,
TX01RO,Tax - set 1 (View),RCHANNA,
TX01RO,Tax - set 1 (View),RDURGADE,
TX01RO,Tax - set 1 (View),RHINONG,
TX01RO,Tax - set 1 (View),RJADHAV,
TX01RO,Tax - set 1 (View),RJAMES,
TX01RO,Tax - set 1 (View),RLIANG,
TX01RO,Tax - set 1 (View),SCONROY,
TX01RO,Tax - set 1 (View),SGOWDA,
TX01RO,Tax - set 1 (View),SJOHNY,
TX01RO,Tax - set 1 (View),SKONING,
TX01RO,Tax - set 1 (View),SLENGHE,
TX01RO,Tax - set 1 (View),SMACHLIK,
TX01RO,Tax - set 1 (View),SMARQUES,
TX01RO,Tax - set 1 (View),SNPAWAR,
TX01RO,Tax - set 1 (View),SPATIL,
TX01RO,Tax - set 1 (View),SSEKHON,
TX01RO,Tax - set 1 (View),STEIXEIR,
TX01RO,Tax - set 1 (View),SUJOSHI,
TX01RO,Tax - set 1 (View),TBROUWER,
TX01RO,Tax - set 1 (View),TCOSTA,
TX01RO,Tax - set 1 (View),VASOUZA,
TX01RO,Tax - set 1 (View),VGRIMSLI,
TX01RO,Tax - set 1 (View),VISILVA,
TX01RO,Tax - set 1 (View),VJADHAV,
TX01RO,Tax - set 1 (View),VMORAES,
TX01RO,Tax - set 1 (View),VMUDGAL,
TX01RO,Tax - set 1 (View),VREITAN,
TX01RO,Tax - set 1 (View),VSATPUTE,
TX01RO,Tax - set 1 (View),YJADHAV,
TX01RO,Tax - set 1 (View),YWAYKAR,
TX01RW,Tax - set 1 (Maintain),AAMARTIN,
TX01RW,Tax - set 1 (Maintain),ABALDONADO,
TX01RW,Tax - set 1 (Maintain),ABRYLINS,
TX01RW,Tax - set 1 (Maintain),ADATKHIL,
TX01RW,Tax - set 1 (Maintain),ADUBEY,
TX01RW,Tax - set 1 (Maintain),AKANDWAL,
TX01RW,Tax - set 1 (Maintain),AKAZI,
TX01RW,Tax - set 1 (Maintain),AKHAKIMO,
TX01RW,Tax - set 1 (Maintain),AKORDE,
TX01RW,Tax - set 1 (Maintain),AKOT,
TX01RW,Tax - set 1 (Maintain),AKUDEKAR,
TX01RW,Tax - set 1 (Maintain),AREWERA,
TX01RW,Tax - set 1 (Maintain),ASARTAPE,
TX01RW,Tax - set 1 (Maintain),ASOUZA,
TX01RW,Tax - set 1 (Maintain),ASUMAIYA,
TX01RW,Tax - set 1 (Maintain),ASZUBERL,
TX01RW,Tax - set 1 (Maintain),BARK,
TX01RW,Tax - set 1 (Maintain),BCAR,
TX01RW,Tax - set 1 (Maintain),BEHESS,
TX01RW,Tax - set 1 (Maintain),BKISCH,
TX01RW,Tax - set 1 (Maintain),BSILVA,
TX01RW,Tax - set 1 (Maintain),BSTUSIK,
TX01RW,Tax - set 1 (Maintain),BTERSTEGE,
TX01RW,Tax - set 1 (Maintain),CCOPELAN,
TX01RW,Tax - set 1 (Maintain),CCRUMP,
TX01RW,Tax - set 1 (Maintain),CMONTILL,
TX01RW,Tax - set 1 (Maintain),CTHOM,
TX01RW,Tax - set 1 (Maintain),CWASKEY,
TX01RW,Tax - set 1 (Maintain),DANMACLEAN,
TX01RW,Tax - set 1 (Maintain),DAWALKER,
TX01RW,Tax - set 1 (Maintain),DDALVI,
TX01RW,Tax - set 1 (Maintain),DDVALVI,
TX01RW,Tax - set 1 (Maintain),DGLENNIE,
TX01RW,Tax - set 1 (Maintain),DGUASTAL,
TX01RW,Tax - set 1 (Maintain),DHALYS,
TX01RW,Tax - set 1 (Maintain),DLOS,
TX01RW,Tax - set 1 (Maintain),DNEWLAND,
TX01RW,Tax - set 1 (Maintain),DPANGILI,
TX01RW,Tax - set 1 (Maintain),DWU,
TX01RW,Tax - set 1 (Maintain),DYYANG,
TX01RW,Tax - set 1 (Maintain),EFORTUS,
TX01RW,Tax - set 1 (Maintain),EFRANCO,
TX01RW,Tax - set 1 (Maintain),EHERVIK,
TX01RW,Tax - set 1 (Maintain),EICAMPBE,
TX01RW,Tax - set 1 (Maintain),EMITCHELL,
TX01RW,Tax - set 1 (Maintain),FNGAN,
TX01RW,Tax - set 1 (Maintain),GESCARAY,
TX01RW,Tax - set 1 (Maintain),GIJUNIOR,
TX01RW,Tax - set 1 (Maintain),GJOHANSE,
TX01RW,Tax - set 1 (Maintain),GSCHREUD,
TX01RW,Tax - set 1 (Maintain),HPATIL,
TX01RW,Tax - set 1 (Maintain),JALEE,
TX01RW,Tax - set 1 (Maintain),JCEGIELS,
TX01RW,Tax - set 1 (Maintain),JCONCEPC,
TX01RW,Tax - set 1 (Maintain),JECOOPER,
TX01RW,Tax - set 1 (Maintain),JFOK,
TX01RW,Tax - set 1 (Maintain),JKOBYLIN,
TX01RW,Tax - set 1 (Maintain),JKUPCZAK,
TX01RW,Tax - set 1 (Maintain),JLADIPAO,
TX01RW,Tax - set 1 (Maintain),JOLIN,
TX01RW,Tax - set 1 (Maintain),JRUSSELL,
TX01RW,Tax - set 1 (Maintain),JSANTOS,
TX01RW,Tax - set 1 (Maintain),JTENGBER,
TX01RW,Tax - set 1 (Maintain),KASANTOS,
TX01RW,Tax - set 1 (Maintain),KASTEWAR,
TX01RW,Tax - set 1 (Maintain),KGAWANDE,
TX01RW,Tax - set 1 (Maintain),KHENDZEL,
TX01RW,Tax - set 1 (Maintain),KJANTOSZ,
TX01RW,Tax - set 1 (Maintain),KLI,
TX01RW,Tax - set 1 (Maintain),KMACDONA,
TX01RW,Tax - set 1 (Maintain),KNATTERO,
TX01RW,Tax - set 1 (Maintain),KPHUNG,
TX01RW,Tax - set 1 (Maintain),KRIDA,
TX01RW,Tax - set 1 (Maintain),KRISPAGE,
TX01RW,Tax - set 1 (Maintain),KULTRA,
TX01RW,Tax - set 1 (Maintain),KWONG,
TX01RW,Tax - set 1 (Maintain),LBRANDAO,
TX01RW,Tax - set 1 (Maintain),LCHHABRA,
TX01RW,Tax - set 1 (Maintain),LDICKSON,
TX01RW,Tax - set 1 (Maintain),LDUNCAN,
TX01RW,Tax - set 1 (Maintain),LVELINCA,
TX01RW,Tax - set 1 (Maintain),LVIERA,
TX01RW,Tax - set 1 (Maintain),LXIE,
TX01RW,Tax - set 1 (Maintain),MAGILL,
TX01RW,Tax - set 1 (Maintain),MAJONES,
TX01RW,Tax - set 1 (Maintain),MAMATONG,
TX01RW,Tax - set 1 (Maintain),MCHOI,
TX01RW,Tax - set 1 (Maintain),MDAYAPER,
TX01RW,Tax - set 1 (Maintain),MHIZONA,
TX01RW,Tax - set 1 (Maintain),MJOHANNE,
TX01RW,Tax - set 1 (Maintain),MKEPA,
TX01RW,Tax - set 1 (Maintain),MKIM,
TX01RW,Tax - set 1 (Maintain),MRAMOS,
TX01RW,Tax - set 1 (Maintain),MSANSALI,
TX01RW,Tax - set 1 (Maintain),NBADRINA,
TX01RW,Tax - set 1 (Maintain),NKATHE,
TX01RW,Tax - set 1 (Maintain),NNUGRHA,
TX01RW,Tax - set 1 (Maintain),NPARK,
TX01RW,Tax - set 1 (Maintain),NROSS,
TX01RW,Tax - set 1 (Maintain),NVROON,
TX01RW,Tax - set 1 (Maintain),ODANGMAL,
TX01RW,Tax - set 1 (Maintain),OMULIK,
TX01RW,Tax - set 1 (Maintain),OOKUESO,
TX01RW,Tax - set 1 (Maintain),PANDERSON,
TX01RW,Tax - set 1 (Maintain),PGUASTAL,
TX01RW,Tax - set 1 (Maintain),PKHONGPAN,
TX01RW,Tax - set 1 (Maintain),PLINGEN,
TX01RW,Tax - set 1 (Maintain),PPRESSLI,
TX01RW,Tax - set 1 (Maintain),PREN,
TX01RW,Tax - set 1 (Maintain),RABATISTA,
TX01RW,Tax - set 1 (Maintain),RAJKUMAR,
TX01RW,Tax - set 1 (Maintain),RAKPADAD,
TX01RW,Tax - set 1 (Maintain),RCHANNA,
TX01RW,Tax - set 1 (Maintain),RDURGADE,
TX01RW,Tax - set 1 (Maintain),REATON,
TX01RW,Tax - set 1 (Maintain),RHALILI,
TX01RW,Tax - set 1 (Maintain),RHOLSTAD,
TX01RW,Tax - set 1 (Maintain),RJADHAV,
TX01RW,Tax - set 1 (Maintain),RLONG,
TX01RW,Tax - set 1 (Maintain),RMUYO,
TX01RW,Tax - set 1 (Maintain),RSANPEDRO,
TX01RW,Tax - set 1 (Maintain),RTATUM,
TX01RW,Tax - set 1 (Maintain),RTUMAGAN,
TX01RW,Tax - set 1 (Maintain),SCONROY,
TX01RW,Tax - set 1 (Maintain),SENGER,
TX01RW,Tax - set 1 (Maintain),SGANDHIR,
TX01RW,Tax - set 1 (Maintain),SGOWDA,
TX01RW,Tax - set 1 (Maintain),SHOGGATT,
TX01RW,Tax - set 1 (Maintain),SJOHNY,
TX01RW,Tax - set 1 (Maintain),SKALASAP,
TX01RW,Tax - set 1 (Maintain),SKONING,
TX01RW,Tax - set 1 (Maintain),SLENGHE,
TX01RW,Tax - set 1 (Maintain),SLOUIE,
TX01RW,Tax - set 1 (Maintain),SMACHLIK,
TX01RW,Tax - set 1 (Maintain),SMARQUES,
TX01RW,Tax - set 1 (Maintain),SNEZAMIA,
TX01RW,Tax - set 1 (Maintain),SNPAWAR,
TX01RW,Tax - set 1 (Maintain),SOSLAND,
TX01RW,Tax - set 1 (Maintain),SPATIL,
TX01RW,Tax - set 1 (Maintain),SPAWAR,
TX01RW,Tax - set 1 (Maintain),SRANGARAJA,
TX01RW,Tax - set 1 (Maintain),SSHINDE,
TX01RW,Tax - set 1 (Maintain),STCOLLIN,
TX01RW,Tax - set 1 (Maintain),STEIXEIR,
TX01RW,Tax - set 1 (Maintain),SUJOSHI,
TX01RW,Tax - set 1 (Maintain),TBASS,
TX01RW,Tax - set 1 (Maintain),TBROUWER,
TX01RW,Tax - set 1 (Maintain),TBURROUG,
TX01RW,Tax - set 1 (Maintain),THJAKOBSEN,
TX01RW,Tax - set 1 (Maintain),TIMCOX,
TX01RW,Tax - set 1 (Maintain),TVILLARD,
TX01RW,Tax - set 1 (Maintain),UPATIL,
TX01RW,Tax - set 1 (Maintain),VISILVA,
TX01RW,Tax - set 1 (Maintain),VJADHAV,
TX01RW,Tax - set 1 (Maintain),VLAW,
TX01RW,Tax - set 1 (Maintain),VMUDGAL,
TX01RW,Tax - set 1 (Maintain),VSATPUTE,
TX01RW,Tax - set 1 (Maintain),VVENUGOP,
TX01RW,Tax - set 1 (Maintain),WROWLES,
TX01RW,Tax - set 1 (Maintain),YJADHAV,
TX01RW,Tax - set 1 (Maintain),YWAYKAR,
TX01RW,Tax - set 1 (Maintain),ZHAYATH,
TX02RO,Tax - set 2 (View),ALEHTINE,
TX02RO,Tax - set 2 (View),BMAGALHA,
TX02RO,Tax - set 2 (View),JHOLLAND,
TX02RO,Tax - set 2 (View),KCHEN,
TX02RO,Tax - set 2 (View),LDSOUZA,
TX02RO,Tax - set 2 (View),RBEDI,
TX02RO,Tax - set 2 (View),RRAMDAT,
TX02RO,Tax - set 2 (View),SIREESLR,
TX02RO,Tax - set 2 (View),SODONNELL,
TX02RW,Tax - set 2 (Maintain),ALEHTINE,
TX02RW,Tax - set 2 (Maintain),BMAGALHA,
TX02RW,Tax - set 2 (Maintain),JHOLLAND,
TX02RW,Tax - set 2 (Maintain),KCHEN,
TX02RW,Tax - set 2 (Maintain),LDSOUZA,
TX02RW,Tax - set 2 (Maintain),RBEDI,
TX02RW,Tax - set 2 (Maintain),RRAMDAT,
TX02RW,Tax - set 2 (Maintain),SIREESLR,
TX02RW,Tax - set 2 (Maintain),SODONNELL,
TX03RW,Tax - set 3 (Maintain),DANMACLEAN,
TX03RW,Tax - set 3 (Maintain),WROWLES,
