200,00967806040,0096780604080,76780604001,,EA,0,2025-08-25,,,,,,,,,,,,,,,,,,,,,
200,00967806040,0096780604080,76780604002,,EA,25,2025-08-28,,,,,,,,,,,,,,,,,,,,,
200,00967712143,0096771214310,76771214301,,EA,0,2026-08-25,,,,,,,,,,,,,,,,,,,,,
200,00967712142,0096771214210,76771214201,,EA,0,2026-09-04,,,,,,,,,,,,,,,,,,,,,
200,00967712141,0096771214110,76771214101,,EA,0,2026-08-26,,,,,,,,,,,,,,,,,,,,,
200,00967712140,0096771214010,76771214001,,EA,0,2026-08-28,,,,,,,,,,,,,,,,,,,,,
200,00967712139,0096771213910,76771213901,,EA,0,2026-09-10,,,,,,,,,,,,,,,,,,,,,
200,00967712139,0096771213920,76771213902,,EA,0,2026-10-01,,,,,,,,,,,,,,,,,,,,,
200,00967712139,0096771213930,76771213903,,EA,0,2026-09-10,,,,,,,,,,,,,,,,,,,,,
200,00967712139,0096771213940,76771213904,,EA,0,2026-09-10,,,,,,,,,,,,,,,,,,,,,
200,00967712139,0096771213950,76771213905,,EA,0,2026-10-01,,,,,,,,,,,,,,,,,,,,,
200,00967712139,0096771213960,76771213906,,EA,0,2026-09-10,,,,,,,,,,,,,,,,,,,,,
200,00967712139,0096771213970,76771213907,,EA,0,2026-09-17,,,,,,,,,,,,,,,,,,,,,
200,00967712138,0096771213810,76771213801,,EA,0,2026-11-10,,,,,,,,,,,,,,,,,,,,,
200,00967712138,0096771213820,76771213802,,EA,0,2026-11-03,,,,,,,,,,,,,,,,,,,,,
200,00967712138,0096771213830,76771213803,,EA,0,2026-11-03,,,,,,,,,,,,,,,,,,,,,
200,00967712138,0096771213840,76771213804,,EA,0,2026-11-03,,,,,,,,,,,,,,,,,,,,,
200,00967712138,0096771213850,76771213805,,EA,0,2026-11-03,,,,,,,,,,,,,,,,,,,,,
200,00967712138,0096771213860,76771213806,,EA,0,2026-11-10,,,,,,,,,,,,,,,,,,,,,
200,00967712138,0096771213870,76771213807,,EA,0,2026-11-03,,,,,,,,,,,,,,,,,,,,,
200,00967712138,0096771213880,76771213808,,EA,0,2026-11-03,,,,,,,,,,,,,,,,,,,,,
200,00967712138,0096771213890,76771213809,,EA,0,2026-11-03,,,,,,,,,,,,,,,,,,,,,
200,00967712138,00967712138100,767712138010,,EA,0,2026-11-03,,,,,,,,,,,,,,,,,,,,,
200,00967712138,00967712138110,767712138011,,EA,0,2026-11-17,,,,,,,,,,,,,,,,,,,,,
200,00967712138,00967712138120,767712138012,,EA,0,2026-11-03,,,,,,,,,,,,,,,,,,,,,
200,00967712138,00967712138130,767712138013,,EA,0,2026-11-03,,,,,,,,,,,,,,,,,,,,,
200,00967712138,00967712138140,767712138014,,EA,0,2026-11-03,,,,,,,,,,,,,,,,,,,,,
200,00967712138,00967712138150,767712138015,,EA,0,2026-11-03,,,,,,,,,,,,,,,,,,,,,
200,00967712138,00967712138160,767712138016,,EA,0,2026-11-03,,,,,,,,,,,,,,,,,,,,,
200,00967712138,00967712138170,767712138017,,EA,0,2026-11-03,,,,,,,,,,,,,,,,,,,,,
200,00967712138,00967712138180,767712138018,,EA,0,2026-11-03,,,,,,,,,,,,,,,,,,,,,
200,00967712137,0096771213710,76771213701,,EA,0,2026-11-03,,,,,,,,,,,,,,,,,,,,,
200,00967712137,0096771213720,76771213702,,EA,0,2026-11-03,,,,,,,,,,,,,,,,,,,,,
200,00967712137,0096771213730,76771213703,,EA,0,2026-11-03,,,,,,,,,,,,,,,,,,,,,
200,00967712137,0096771213740,76771213704,,EA,0,2026-11-03,,,,,,,,,,,,,,,,,,,,,
200,00967712137,0096771213750,76771213705,,EA,0,2026-11-03,,,,,,,,,,,,,,,,,,,,,
200,00967712137,0096771213760,76771213706,,EA,0,2026-11-03,,,,,,,,,,,,,,,,,,,,,
200,00967712137,0096771213770,76771213707,,EA,0,2026-11-03,,,,,,,,,,,,,,,,,,,,,
200,00967712137,0096771213780,76771213708,,EA,0,2026-11-10,,,,,,,,,,,,,,,,,,,,,
200,00967712137,0096771213790,76771213709,,EA,0,2026-11-03,,,,,,,,,,,,,,,,,,,,,
200,00967712137,00967712137100,767712137010,,EA,0,2026-11-03,,,,,,,,,,,,,,,,,,,,,
200,00967712137,00967712137110,767712137011,,EA,0,2026-11-03,,,,,,,,,,,,,,,,,,,,,
200,00967712137,00967712137120,767712137012,,EA,0,2026-11-03,,,,,,,,,,,,,,,,,,,,,
200,00967712137,00967712137130,767712137013,,EA,0,2026-11-03,,,,,,,,,,,,,,,,,,,,,
200,00967712137,00967712137140,767712137014,,EA,0,2026-11-03,,,,,,,,,,,,,,,,,,,,,
200,00967712137,00967712137150,767712137015,,EA,0,2026-11-03,,,,,,,,,,,,,,,,,,,,,
200,00967712136,0096771213610,76771213601,,IN,0,2026-08-31,,,,,,,,,,,,,,,,,,,,,
200,00967712136,0096771213620,76771213602,,IN,0,2026-09-15,,,,,,,,,,,,,,,,,,,,,
200,00967712136,0096771213630,76771213603,,IN,0,2026-09-15,,,,,,,,,,,,,,,,,,,,,
200,00967712136,0096771213640,76771213604,,IN,0,2026-09-15,,,,,,,,,,,,,,,,,,,,,
200,00967712136,0096771213650,76771213605,,IN,0,2026-09-15,,,,,,,,,,,,,,,,,,,,,
200,00967712135,0096771213510,76771213501,,EA,0,2026-09-02,,,,,,,,,,,,,,,,,,,,,
200,00967712135,0096771213520,76771213502,,EA,0,2026-09-02,,,,,,,,,,,,,,,,,,,,,
200,00967712135,0096771213530,76771213503,,EA,0,2026-09-02,,,,,,,,,,,,,,,,,,,,,
200,00967712135,0096771213540,76771213504,,EA,0,2026-09-02,,,,,,,,,,,,,,,,,,,,,
200,00967712135,0096771213550,76771213505,,EA,0,2026-09-02,,,,,,,,,,,,,,,,,,,,,
200,00967712135,0096771213560,76771213506,,EA,0,2026-09-02,,,,,,,,,,,,,,,,,,,,,
200,00967712135,0096771213570,76771213507,,EA,0,2026-09-02,,,,,,,,,,,,,,,,,,,,,
200,00967712134,0096771213410,76771213401,,EA,0,2026-08-26,,,,,,,,,,,,,,,,,,,,,
200,00967712133,0096771213310,76771213301,,EA,0,2026-08-31,,,,,,,,,,,,,,,,,,,,,
200,00967712132,0096771213210,76771213201,,EA,0,2026-09-17,,,,,,,,,,,,,,,,,,,,,
200,00967712131,0096771213110,76771213101,,EA,0,2026-10-22,,,,,,,,,,,,,,,,,,,,,
200,00967712131,0096771213120,76771213102,,EA,0,2026-09-03,,,,,,,,,,,,,,,,,,,,,
200,00967712131,0096771213130,76771213103,,EA,0,2026-09-03,,,,,,,,,,,,,,,,,,,,,
200,00967712130,0096771213010,76771213001,,EA,0,2026-11-03,,,,,,,,,,,,,,,,,,,,,
200,00967712130,0096771213020,76771213002,,EA,0,2026-11-03,,,,,,,,,,,,,,,,,,,,,
200,00967712130,0096771213030,76771213003,,EA,0,2026-11-03,,,,,,,,,,,,,,,,,,,,,
200,00967712130,0096771213040,76771213004,,EA,0,2026-10-27,,,,,,,,,,,,,,,,,,,,,
200,00967712130,0096771213050,76771213005,,EA,0,2026-10-27,,,,,,,,,,,,,,,,,,,,,
200,00967712130,0096771213060,76771213006,,EA,0,2026-11-03,,,,,,,,,,,,,,,,,,,,,
200,00967712130,0096771213070,76771213007,,EA,0,2026-11-10,,,,,,,,,,,,,,,,,,,,,
200,00967712130,0096771213080,76771213008,,EA,0,2026-11-03,,,,,,,,,,,,,,,,,,,,,
200,00967712130,0096771213090,76771213009,,EA,0,2026-11-17,,,,,,,,,,,,,,,,,,,,,
200,00967712130,00967712130100,767712130010,,EA,0,2026-11-17,,,,,,,,,,,,,,,,,,,,,
200,00967712130,00967712130110,767712130011,,EA,0,2026-11-17,,,,,,,,,,,,,,,,,,,,,
200,00967712130,00967712130120,767712130012,,EA,0,2026-11-17,,,,,,,,,,,,,,,,,,,,,
200,00967712130,00967712130130,767712130013,,EA,0,2026-11-17,,,,,,,,,,,,,,,,,,,,,
200,00967712130,00967712130140,767712130014,,EA,0,2026-10-27,,,,,,,,,,,,,,,,,,,,,
200,00967712130,00967712130150,767712130015,,EA,0,2026-10-27,,,,,,,,,,,,,,,,,,,,,
200,00967712130,00967712130160,767712130016,,EA,0,2026-11-17,,,,,,,,,,,,,,,,,,,,,
200,00967712130,00967712130170,767712130017,,EA,0,2026-10-27,,,,,,,,,,,,,,,,,,,,,
200,00967712129,0096771212910,76771212901,,EA,0,2026-10-27,,,,,,,,,,,,,,,,,,,,,
200,00967712129,0096771212920,76771212902,,EA,0,2026-11-03,,,,,,,,,,,,,,,,,,,,,
200,00967712129,0096771212930,76771212903,,EA,0,2026-10-27,,,,,,,,,,,,,,,,,,,,,
200,00967712129,0096771212940,76771212904,,EA,0,2026-10-27,,,,,,,,,,,,,,,,,,,,,
200,00967712129,0096771212950,76771212905,,EA,0,2026-10-27,,,,,,,,,,,,,,,,,,,,,
200,00967712129,0096771212960,76771212906,,EA,0,2026-11-03,,,,,,,,,,,,,,,,,,,,,
200,00967712129,0096771212970,76771212907,,EA,0,2026-11-03,,,,,,,,,,,,,,,,,,,,,
200,00967712129,0096771212980,76771212908,,EA,0,2026-11-10,,,,,,,,,,,,,,,,,,,,,
200,00967712129,0096771212990,76771212909,,EA,0,2026-11-10,,,,,,,,,,,,,,,,,,,,,
200,00967712129,00967712129100,767712129010,,EA,0,2026-10-27,,,,,,,,,,,,,,,,,,,,,
200,00967712129,00967712129110,767712129011,,EA,0,2026-11-03,,,,,,,,,,,,,,,,,,,,,
200,00967712129,00967712129120,767712129012,,EA,0,2026-10-27,,,,,,,,,,,,,,,,,,,,,
200,00967712129,00967712129130,767712129013,,EA,0,2026-11-10,,,,,,,,,,,,,,,,,,,,,
200,00967712129,00967712129140,767712129014,,EA,0,2026-11-03,,,,,,,,,,,,,,,,,,,,,
200,00967712129,00967712129150,767712129015,,EA,0,2026-11-10,,,,,,,,,,,,,,,,,,,,,
200,00967712129,00967712129160,767712129016,,EA,0,2026-11-10,,,,,,,,,,,,,,,,,,,,,
200,00967712129,00967712129170,767712129017,,EA,0,2026-11-10,,,,,,,,,,,,,,,,,,,,,
200,00967712129,00967712129180,767712129018,,EA,0,2026-11-10,,,,,,,,,,,,,,,,,,,,,
200,00967712128,0096771212810,76771212801,,EA,0,2026-08-28,,,,,,,,,,,,,,,,,,,,,
200,00967712128,0096771212820,76771212802,,EA,0,2026-08-28,,,,,,,,,,,,,,,,,,,,,
200,00967712126,0096771212610,76771212601,,EA,0,2026-09-30,,,,,,,,,,,,,,,,,,,,,
200,00967712125,0096771212510,76771212501,,EA,0,2026-08-26,,,,,,,,,,,,,,,,,,,,,
200,00967712125,0096771212520,76771212502,,EA,0,2026-08-26,,,,,,,,,,,,,,,,,,,,,
200,00967712125,0096771212530,76771212503,,EA,0,2026-08-25,,,,,,,,,,,,,,,,,,,,,
200,00967712124,0096771212410,76771212401,,EA,0,2026-09-03,,,,,,,,,,,,,,,,,,,,,
200,00967712123,0096771212310,76771212301,,EA,0,2026-08-12,,,,,,,,,,,,,,,,,,,,,
200,00967712122,0096771212210,76771212201,,EA,0,2026-09-24,,,,,,,,,,,,,,,,,,,,,
200,00967712122,0096771212220,76771212202,,EA,0,2026-09-24,,,,,,,,,,,,,,,,,,,,,
200,00967712121,0096771212110,76771212101,,EA,0,2026-08-24,,,,,,,,,,,,,,,,,,,,,
200,00967712121,0096771212120,76771212102,,EA,0,2026-08-24,,,,,,,,,,,,,,,,,,,,,
200,00967712121,0096771212130,76771212103,,EA,0,2026-08-24,,,,,,,,,,,,,,,,,,,,,
200,00967712121,0096771212140,76771212104,,EA,0,2026-08-24,,,,,,,,,,,,,,,,,,,,,
200,00967712121,0096771212150,76771212105,,EA,0,2026-08-24,,,,,,,,,,,,,,,,,,,,,
200,00967712121,0096771212160,76771212106,,EA,0,2026-08-24,,,,,,,,,,,,,,,,,,,,,
200,00967712120,0096771212010,76771212001,,EA,13,2026-08-24,,,,,,,,,,,,,,,,,,,,,
200,00967712120,0096771212020,76771212002,,EA,16,2026-08-24,,,,,,,,,,,,,,,,,,,,,
200,00967712120,0096771212030,76771212003,,EA,17,2026-08-24,,,,,,,,,,,,,,,,,,,,,
200,00967712120,0096771212040,76771212004,,EA,10,2026-08-24,,,,,,,,,,,,,,,,,,,,,
200,00967712120,0096771212050,76771212005,,EA,10,2026-08-24,,,,,,,,,,,,,,,,,,,,,
200,00967712120,0096771212060,76771212006,,EA,10,2026-08-24,,,,,,,,,,,,,,,,,,,,,
200,00967712120,0096771212070,76771212007,,EA,100,2026-08-24,,,,,,,,,,,,,,,,,,,,,
200,00967712120,0096771212080,76771212008,,EA,21,2026-08-24,,,,,,,,,,,,,,,,,,,,,
200,00967712120,0096771212090,76771212009,,EA,7,2026-08-24,,,,,,,,,,,,,,,,,,,,,
200,00967712120,00967712120100,767712120010,,EA,7,2026-08-24,,,,,,,,,,,,,,,,,,,,,
200,00967712120,00967712120110,767712120011,,EA,16,2026-08-24,,,,,,,,,,,,,,,,,,,,,
200,00967712120,00967712120120,767712120012,,EA,9,2026-08-24,,,,,,,,,,,,,,,,,,,,,
200,00967712120,00967712120130,767712120013,,EA,16,2026-08-24,,,,,,,,,,,,,,,,,,,,,
200,00967712120,00967712120140,767712120014,,EA,10,2026-08-24,,,,,,,,,,,,,,,,,,,,,
200,00967712120,00967712120150,767712120015,,EA,8,2026-08-24,,,,,,,,,,,,,,,,,,,,,
200,00967712120,00967712120160,767712120016,,EA,9,2026-08-24,,,,,,,,,,,,,,,,,,,,,
200,00967712120,00967712120170,767712120017,,EA,11,2026-08-24,,,,,,,,,,,,,,,,,,,,,
200,00967712120,00967712120180,767712120018,,EA,12,2026-08-24,,,,,,,,,,,,,,,,,,,,,
200,00967712120,00967712120190,767712120019,,EA,12,2026-08-24,,,,,,,,,,,,,,,,,,,,,
200,00967712120,00967712120200,767712120020,,EA,8,2026-08-24,,,,,,,,,,,,,,,,,,,,,
200,00967712120,00967712120210,767712120021,,EA,13,2026-08-24,,,,,,,,,,,,,,,,,,,,,
200,00967712120,00967712120220,767712120022,,EA,10,2026-08-24,,,,,,,,,,,,,,,,,,,,,
200,00967712119,0096771211910,76771211901,,EA,0,2026-08-27,,,,,,,,,,,,,,,,,,,,,
200,00967712119,0096771211920,76771211902,,EA,0,2026-08-27,,,,,,,,,,,,,,,,,,,,,
200,00967712119,0096771211930,76771211903,,EA,0,2026-08-27,,,,,,,,,,,,,,,,,,,,,
200,00967712119,0096771211940,76771211904,,EA,0,2026-08-27,,,,,,,,,,,,,,,,,,,,,
200,00967712119,0096771211950,76771211905,,EA,0,2026-08-27,,,,,,,,,,,,,,,,,,,,,
200,00967712119,0096771211960,76771211906,,EA,0,2026-08-27,,,,,,,,,,,,,,,,,,,,,
200,00967712119,0096771211970,76771211907,,EA,0,2026-08-27,,,,,,,,,,,,,,,,,,,,,
200,00967712119,0096771211980,76771211908,,EA,0,2026-08-27,,,,,,,,,,,,,,,,,,,,,
200,00967712119,0096771211990,76771211909,,EA,0,2026-08-27,,,,,,,,,,,,,,,,,,,,,
200,00967712119,00967712119100,767712119010,,EA,0,2026-08-27,,,,,,,,,,,,,,,,,,,,,
200,00967712119,00967712119110,767712119011,,EA,0,2026-08-27,,,,,,,,,,,,,,,,,,,,,
200,00967712118,0096771211810,76771211801,,EA,0,2026-09-10,,,,,,,,,,,,,,,,,,,,,
200,00967712118,0096771211820,76771211802,,EA,0,2026-09-10,,,,,,,,,,,,,,,,,,,,,
200,00967712118,0096771211830,76771211803,,EA,0,2026-09-03,,,,,,,,,,,,,,,,,,,,,
200,00967712118,0096771211840,76771211804,,EA,0,2026-09-03,,,,,,,,,,,,,,,,,,,,,
200,00967712118,0096771211850,76771211805,,EA,0,2026-09-03,,,,,,,,,,,,,,,,,,,,,
200,00967712118,0096771211860,76771211806,,EA,0,2026-09-10,,,,,,,,,,,,,,,,,,,,,
200,00967712117,0096771211710,76771211701,,EA,0,2027-01-06,,,,,,,,,,,,,,,,,,,,,
200,00967712116,0096771211610,76771211601,,EA,0,2026-08-26,,,,,,,,,,,,,,,,,,,,,
200,00967712116,0096771211620,76771211602,,EA,0,2026-08-26,,,,,,,,,,,,,,,,,,,,,
200,00967712115,0096771211510,76771211501,,EA,0,2026-10-28,,,,,,,,,,,,,,,,,,,,,
200,00967712114,0096771211410,76771211401,,EA,0,2026-08-25,,,,,,,,,,,,,,,,,,,,,
200,00967712114,0096771211420,76771211402,,EA,0,2026-08-25,,,,,,,,,,,,,,,,,,,,,
200,00967712114,0096771211430,76771211403,,EA,0,2026-08-25,,,,,,,,,,,,,,,,,,,,,
200,00967712114,0096771211440,76771211404,,EA,0,2026-08-25,,,,,,,,,,,,,,,,,,,,,
200,00967712114,0096771211450,76771211405,,EA,0,2026-08-25,,,,,,,,,,,,,,,,,,,,,
200,00967712114,0096771211460,76771211406,,EA,0,2026-08-25,,,,,,,,,,,,,,,,,,,,,
200,00967712113,0096771211310,76771211301,,EA,0,2026-09-30,,,,,,,,,,,,,,,,,,,,,
200,00967712112,0096771211210,76771211201,,EA,0,2026-08-26,,,,,,,,,,,,,,,,,,,,,
200,00967712111,0096771211110,76771211101,,EA,0,2026-08-26,,,,,,,,,,,,,,,,,,,,,
200,00967712111,0096771211120,76771211102,,IN,0,2026-08-26,,,,,,,,,,,,,,,,,,,,,
200,00967712111,0096771211130,76771211103,,IN,0,2026-08-26,,,,,,,,,,,,,,,,,,,,,
200,00967712111,0096771211140,76771211104,,IN,0,2026-09-11,,,,,,,,,,,,,,,,,,,,,
200,00967712111,0096771211150,76771211105,,IN,0,2026-09-11,,,,,,,,,,,,,,,,,,,,,
200,00967712111,0096771211160,76771211106,,IN,0,2026-09-11,,,,,,,,,,,,,,,,,,,,,
200,00967712111,0096771211170,76771211107,,IN,0,2026-09-11,,,,,,,,,,,,,,,,,,,,,
200,00967712110,0096771211010,76771211001,,EA,0,2026-09-30,,,,,,,,,,,,,,,,,,,,,
200,00967712109,0096771210910,76771210901,,EA,0,2026-09-30,,,,,,,,,,,,,,,,,,,,,
200,00967712108,0096771210810,76771210801,,EA,0,2026-09-30,,,,,,,,,,,,,,,,,,,,,
200,00967712108,0096771210820,76771210802,,EA,0,2026-09-30,,,,,,,,,,,,,,,,,,,,,
200,00967712107,0096771210710,76771210701,,EA,0,2026-08-28,,,,,,,,,,,,,,,,,,,,,
200,00967712107,0096771210720,76771210702,,EA,0,2026-08-28,,,,,,,,,,,,,,,,,,,,,
200,00967712107,0096771210730,76771210703,,EA,0,2026-08-28,,,,,,,,,,,,,,,,,,,,,
200,00967712107,0096771210740,76771210704,,EA,0,2026-08-28,,,,,,,,,,,,,,,,,,,,,
200,00967712107,0096771210750,76771210705,,EA,0,2026-08-28,,,,,,,,,,,,,,,,,,,,,
200,00967712107,0096771210760,76771210706,,EA,0,2026-08-28,,,,,,,,,,,,,,,,,,,,,
200,00967712107,0096771210770,76771210707,,EA,0,2026-08-28,,,,,,,,,,,,,,,,,,,,,
200,00967712107,0096771210780,76771210708,,EA,0,2026-08-28,,,,,,,,,,,,,,,,,,,,,
200,00967712107,0096771210790,76771210709,,EA,0,2026-08-28,,,,,,,,,,,,,,,,,,,,,
200,00967712107,00967712107100,767712107010,,EA,0,2026-08-28,,,,,,,,,,,,,,,,,,,,,
200,00967712107,00967712107110,767712107011,,EA,0,2026-08-28,,,,,,,,,,,,,,,,,,,,,
200,00967712105,0096771210520,76771210501,,EA,0,2026-09-03,,,,,,,,,,,,,,,,,,,,,
200,00967712105,0096771210530,76771210502,,EA,0,2026-09-03,,,,,,,,,,,,,,,,,,,,,
200,00967712105,0096771210540,76771210503,,EA,0,2026-09-03,,,,,,,,,,,,,,,,,,,,,
200,00967712105,0096771210550,76771210504,,EA,0,2026-09-17,,,,,,,,,,,,,,,,,,,,,
200,00967712105,0096771210560,76771210505,,EA,0,2026-09-03,,,,,,,,,,,,,,,,,,,,,
200,00967712105,0096771210570,76771210506,,EA,0,2026-10-08,,,,,,,,,,,,,,,,,,,,,
200,00967712105,0096771210580,76771210507,,EA,0,2026-09-03,,,,,,,,,,,,,,,,,,,,,
200,00967712105,0096771210590,76771210508,,EA,0,2026-09-03,,,,,,,,,,,,,,,,,,,,,
200,00967712105,00967712105110,76771210509,,EA,0,2026-09-17,,,,,,,,,,,,,,,,,,,,,
200,00967712105,00967712105120,767712105010,,EA,0,2026-09-03,,,,,,,,,,,,,,,,,,,,,
200,00967712104,0096771210410,76771210401,,EA,0,2026-11-03,,,,,,,,,,,,,,,,,,,,,
200,00967712104,0096771210420,76771210402,,EA,0,2026-10-27,,,,,,,,,,,,,,,,,,,,,
200,00967712104,0096771210430,76771210403,,EA,0,2026-10-27,,,,,,,,,,,,,,,,,,,,,
200,00967712104,0096771210440,76771210404,,EA,0,2026-11-03,,,,,,,,,,,,,,,,,,,,,
200,00967712104,0096771210450,76771210405,,EA,0,2026-11-10,,,,,,,,,,,,,,,,,,,,,
200,00967712104,0096771210460,76771210406,,EA,0,2026-11-10,,,,,,,,,,,,,,,,,,,,,
200,00967712104,0096771210470,76771210407,,EA,0,2026-11-10,,,,,,,,,,,,,,,,,,,,,
200,00967712104,0096771210480,76771210408,,EA,0,2026-11-03,,,,,,,,,,,,,,,,,,,,,
200,00967712103,0096771210310,76771210301,,EA,0,2026-11-03,,,,,,,,,,,,,,,,,,,,,
200,00967712103,0096771210320,76771210302,,EA,0,2026-10-27,,,,,,,,,,,,,,,,,,,,,
200,00967712103,0096771210330,76771210303,,EA,0,2026-10-27,,,,,,,,,,,,,,,,,,,,,
200,00967712103,0096771210340,76771210304,,EA,0,2026-11-10,,,,,,,,,,,,,,,,,,,,,
200,00967712103,0096771210350,76771210305,,EA,0,2026-11-03,,,,,,,,,,,,,,,,,,,,,
200,00967712103,0096771210360,76771210306,,EA,0,2026-11-03,,,,,,,,,,,,,,,,,,,,,
200,00967712103,0096771210370,76771210307,,EA,0,2026-11-10,,,,,,,,,,,,,,,,,,,,,
200,00967712103,0096771210380,76771210308,,EA,0,2026-11-10,,,,,,,,,,,,,,,,,,,,,
200,00967712103,0096771210390,76771210309,,EA,0,2026-10-27,,,,,,,,,,,,,,,,,,,,,
200,00967712103,00967712103100,767712103010,,EA,0,2026-10-27,,,,,,,,,,,,,,,,,,,,,
200,00967712103,00967712103110,767712103011,,EA,0,2026-10-27,,,,,,,,,,,,,,,,,,,,,
200,00967712103,00967712103120,767712103012,,EA,0,2026-10-27,,,,,,,,,,,,,,,,,,,,,
200,00967712103,00967712103130,767712103013,,EA,0,2026-10-27,,,,,,,,,,,,,,,,,,,,,
200,00967712102,0096771210210,76771210201,,EA,0,2026-08-25,,,,,,,,,,,,,,,,,,,,,
200,00967712102,0096771210220,76771210202,,EA,0,2026-08-25,,,,,,,,,,,,,,,,,,,,,
200,00967712102,0096771210230,76771210203,,EA,0,2026-08-25,,,,,,,,,,,,,,,,,,,,,
200,00967712102,0096771210240,76771210204,,EA,0,2026-08-25,,,,,,,,,,,,,,,,,,,,,
200,00967712102,0096771210250,76771210205,,EA,0,2026-08-25,,,,,,,,,,,,,,,,,,,,,
200,00967712102,0096771210260,76771210206,,EA,0,2026-08-25,,,,,,,,,,,,,,,,,,,,,
200,00967712102,0096771210270,76771210207,,EA,0,2026-08-25,,,,,,,,,,,,,,,,,,,,,
200,00967712102,0096771210280,76771210208,,EA,0,2026-08-25,,,,,,,,,,,,,,,,,,,,,
200,00967712102,0096771210290,76771210209,,EA,0,2026-08-25,,,,,,,,,,,,,,,,,,,,,
200,00967712102,00967712102100,767712102010,,EA,0,2026-08-25,,,,,,,,,,,,,,,,,,,,,
200,00967712102,00967712102110,767712102011,,EA,0,2026-08-25,,,,,,,,,,,,,,,,,,,,,
200,00967712102,00967712102120,767712102012,,EA,0,2026-08-25,,,,,,,,,,,,,,,,,,,,,
200,00967712102,00967712102130,767712102013,,EA,0,2026-08-25,,,,,,,,,,,,,,,,,,,,,
200,00967712102,00967712102140,767712102014,,EA,0,2026-08-25,,,,,,,,,,,,,,,,,,,,,
200,00967712102,00967712102150,767712102015,,EA,0,2026-08-25,,,,,,,,,,,,,,,,,,,,,
200,00967712102,00967712102160,767712102016,,EA,0,2026-08-25,,,,,,,,,,,,,,,,,,,,,
200,00967712102,00967712102170,767712102017,,EA,0,2026-08-25,,,,,,,,,,,,,,,,,,,,,
200,00967712102,00967712102180,767712102018,,EA,0,2026-08-25,,,,,,,,,,,,,,,,,,,,,
200,00967712102,00967712102190,767712102019,,EA,0,2026-08-25,,,,,,,,,,,,,,,,,,,,,
200,00967712102,00967712102200,767712102020,,EA,0,2026-08-25,,,,,,,,,,,,,,,,,,,,,
200,00967712102,00967712102210,767712102021,,EA,0,2026-08-25,,,,,,,,,,,,,,,,,,,,,
200,00967712102,00967712102220,767712102022,,EA,0,2026-08-25,,,,,,,,,,,,,,,,,,,,,
200,00967712102,00967712102230,767712102023,,EA,0,2026-08-25,,,,,,,,,,,,,,,,,,,,,
200,00967712102,00967712102240,767712102024,,EA,0,2026-08-25,,,,,,,,,,,,,,,,,,,,,
200,00967712102,00967712102250,767712102025,,EA,0,2026-08-25,,,,,,,,,,,,,,,,,,,,,
200,00967712102,00967712102260,767712102026,,EA,0,2026-08-25,,,,,,,,,,,,,,,,,,,,,
200,00967712102,00967712102270,767712102027,,EA,0,2026-08-25,,,,,,,,,,,,,,,,,,,,,
200,00967712102,00967712102280,767712102028,,EA,0,2026-08-25,,,,,,,,,,,,,,,,,,,,,
200,00967712101,0096771210110,76771210101,,EA,0,2026-10-09,,,,,,,,,,,,,,,,,,,,,
200,00967712100,0096771210010,76771210001,,EA,0,2026-08-27,,,,,,,,,,,,,,,,,,,,,
200,00967712099,0096771209910,76771209901,,EA,0,2026-08-24,,,,,,,,,,,,,,,,,,,,,
200,00967712098,0096771209810,76771209801,,EA,0,2026-10-09,,,,,,,,,,,,,,,,,,,,,
200,00967712098,0096771209820,76771209802,,EA,0,2026-10-09,,,,,,,,,,,,,,,,,,,,,
200,00967712098,0096771209830,76771209803,,EA,0,2026-10-09,,,,,,,,,,,,,,,,,,,,,
200,00967712098,0096771209840,76771209804,,EA,0,2026-10-09,,,,,,,,,,,,,,,,,,,,,
200,00967712098,0096771209850,76771209805,,EA,0,2026-10-09,,,,,,,,,,,,,,,,,,,,,
200,00967712098,0096771209860,76771209806,,EA,0,2026-10-09,,,,,,,,,,,,,,,,,,,,,
200,00967712098,0096771209870,76771209807,,EA,0,2026-10-09,,,,,,,,,,,,,,,,,,,,,
200,00967712098,0096771209880,76771209808,,EA,0,2026-10-09,,,,,,,,,,,,,,,,,,,,,
200,00967712097,0096771209710,76771209701,,EA,0,2026-08-25,,,,,,,,,,,,,,,,,,,,,
200,00967712096,0096771209610,76771209601,,EA,0,2026-09-15,,,,,,,,,,,,,,,,,,,,,
200,00967712095,0096771209510,76771209501,,EA,0,2026-08-25,,,,,,,,,,,,,,,,,,,,,
200,00967712094,0096771209410,76771209401,,EA,0,2026-09-15,,,,,,,,,,,,,,,,,,,,,
200,00967712093,0096771209310,76771209301,,EA,0,2026-08-25,,,,,,,,,,,,,,,,,,,,,
200,00967712092,0096771209210,76771209201,,EA,0,2026-09-22,,,,,,,,,,,,,,,,,,,,,
200,00967712091,0096771209110,76771209101,,EA,0,2026-08-25,,,,,,,,,,,,,,,,,,,,,
200,00967712091,0096771209120,76771209102,,EA,0,2026-08-21,,,,,,,,,,,,,,,,,,,,,
200,00967712091,0096771209130,76771209103,,EA,0,2026-08-28,,,,,,,,,,,,,,,,,,,,,
200,00967712091,0096771209140,76771209104,,EA,0,2026-08-21,,,,,,,,,,,,,,,,,,,,,
200,00967712091,0096771209150,76771209105,,EA,0,2026-08-21,,,,,,,,,,,,,,,,,,,,,
200,00967712091,0096771209160,76771209106,,EA,0,2026-08-21,,,,,,,,,,,,,,,,,,,,,
200,00967712091,0096771209170,76771209107,,EA,0,2026-08-21,,,,,,,,,,,,,,,,,,,,,
200,00967712091,0096771209180,76771209108,,EA,0,2026-08-21,,,,,,,,,,,,,,,,,,,,,
200,00967712091,0096771209190,76771209109,,EA,0,2026-08-21,,,,,,,,,,,,,,,,,,,,,
200,00967712091,00967712091100,767712091010,,EA,0,2026-08-31,,,,,,,,,,,,,,,,,,,,,
200,00967712090,0096771209010,76771209001,,EA,0,2026-10-06,,,,,,,,,,,,,,,,,,,,,
200,00967712088,0096771208810,76771208801,,EA,0,2026-09-04,,,,,,,,,,,,,,,,,,,,,
200,00967712087,0096771208710,76771208701,,EA,0,2026-09-17,,,,,,,,,,,,,,,,,,,,,
200,00967712087,0096771208720,76771208702,,EA,0,2026-09-03,,,,,,,,,,,,,,,,,,,,,
200,00967712087,0096771208730,76771208703,,EA,0,2026-09-03,,,,,,,,,,,,,,,,,,,,,
200,00967712085,0096771208510,76771208501,,EA,5,2026-08-20,,,,,,,,,,,,,,,,,,,,,
200,00967712084,0096771208410,76771208401,,EA,0,2026-09-28,,,,,,,,,,,,,,,,,,,,,
200,00967712084,0096771208420,76771208402,,EA,0,2026-09-28,,,,,,,,,,,,,,,,,,,,,
200,00967712083,0096771208310,76771208301,,EA,0,2026-08-31,,,,,,,,,,,,,,,,,,,,,
200,00967712083,0096771208320,76771208302,,EA,0,2026-08-31,,,,,,,,,,,,,,,,,,,,,
200,00967712083,0096771208330,76771208303,,EA,0,2026-08-31,,,,,,,,,,,,,,,,,,,,,
200,00967712083,0096771208340,76771208304,,EA,0,2026-08-31,,,,,,,,,,,,,,,,,,,,,
200,00967712083,0096771208350,76771208305,,EA,0,2026-08-31,,,,,,,,,,,,,,,,,,,,,
200,00967712083,0096771208360,76771208306,,EA,0,2026-08-31,,,,,,,,,,,,,,,,,,,,,
200,00967712083,0096771208370,76771208307,,EA,0,2026-08-31,,,,,,,,,,,,,,,,,,,,,
200,00967712082,0096771208210,76771208201,,IN,0,2026-09-03,,,,,,,,,,,,,,,,,,,,,
200,00967712082,0096771208220,76771208202,,IN,0,2026-09-03,,,,,,,,,,,,,,,,,,,,,
200,00967712082,0096771208230,76771208203,,IN,0,2026-09-03,,,,,,,,,,,,,,,,,,,,,
200,00967712082,0096771208240,76771208204,,IN,0,2026-09-12,,,,,,,,,,,,,,,,,,,,,
200,00967712081,0096771208110,76771208101,,EA,0,2026-09-03,,,,,,,,,,,,,,,,,,,,,
200,00967712081,0096771208120,76771208102,,EA,0,2026-09-03,,,,,,,,,,,,,,,,,,,,,
200,00967712080,0096771208010,76771208001,,EA,0,2026-09-03,,,,,,,,,,,,,,,,,,,,,
200,00967712080,0096771208020,76771208002,,EA,0,2026-09-03,,,,,,,,,,,,,,,,,,,,,
200,00967712080,0096771208030,76771208003,,EA,0,2026-09-17,,,,,,,,,,,,,,,,,,,,,
200,00967712080,0096771208040,76771208004,,EA,0,2026-09-17,,,,,,,,,,,,,,,,,,,,,
200,00967712080,0096771208050,76771208005,,EA,0,2026-09-17,,,,,,,,,,,,,,,,,,,,,
200,00967712080,0096771208060,76771208006,,EA,0,2026-09-17,,,,,,,,,,,,,,,,,,,,,
200,00967712080,0096771208070,76771208007,,EA,0,2026-09-03,,,,,,,,,,,,,,,,,,,,,
200,00967712079,0096771207910,76771207901,,EA,0,2026-10-27,,,,,,,,,,,,,,,,,,,,,
200,00967712079,0096771207920,76771207902,,EA,0,2026-10-27,,,,,,,,,,,,,,,,,,,,,
200,00967712079,0096771207930,76771207903,,EA,0,2026-10-27,,,,,,,,,,,,,,,,,,,,,
200,00967712079,0096771207940,76771207904,,EA,0,2026-11-03,,,,,,,,,,,,,,,,,,,,,
200,00967712079,0096771207950,76771207905,,EA,0,2026-11-10,,,,,,,,,,,,,,,,,,,,,
200,00967712079,0096771207960,76771207906,,EA,0,2026-11-10,,,,,,,,,,,,,,,,,,,,,
200,00967712079,0096771207970,76771207907,,EA,0,2026-11-10,,,,,,,,,,,,,,,,,,,,,
200,00967712079,0096771207980,76771207908,,EA,0,2026-11-10,,,,,,,,,,,,,,,,,,,,,
200,00967712079,0096771207990,76771207909,,EA,0,2026-11-10,,,,,,,,,,,,,,,,,,,,,
200,00967712079,00967712079100,767712079010,,EA,0,2026-11-10,,,,,,,,,,,,,,,,,,,,,
200,00967712079,00967712079110,767712079011,,EA,0,2026-10-27,,,,,,,,,,,,,,,,,,,,,
200,00967712079,00967712079120,767712079012,,EA,0,2026-11-03,,,,,,,,,,,,,,,,,,,,,
200,00967712079,00967712079130,767712079013,,EA,0,2026-11-03,,,,,,,,,,,,,,,,,,,,,
200,00967712079,00967712079140,767712079014,,EA,0,2026-11-17,,,,,,,,,,,,,,,,,,,,,
200,00967712079,00967712079150,767712079015,,EA,0,2026-11-17,,,,,,,,,,,,,,,,,,,,,
200,00967712079,00967712079160,767712079016,,EA,0,2026-11-17,,,,,,,,,,,,,,,,,,,,,
200,00967712079,00967712079170,767712079017,,EA,0,2026-11-17,,,,,,,,,,,,,,,,,,,,,
200,00967712079,00967712079180,767712079018,,EA,0,2026-11-03,,,,,,,,,,,,,,,,,,,,,
200,00967712079,00967712079190,767712079019,,EA,0,2026-11-10,,,,,,,,,,,,,,,,,,,,,
200,00967712079,00967712079200,767712079020,,EA,0,2026-11-10,,,,,,,,,,,,,,,,,,,,,
200,00967712079,00967712079210,767712079021,,EA,0,2026-11-10,,,,,,,,,,,,,,,,,,,,,
200,00967712079,00967712079220,767712079022,,EA,0,2026-10-27,,,,,,,,,,,,,,,,,,,,,
200,00967712079,00967712079230,767712079023,,EA,0,2026-10-27,,,,,,,,,,,,,,,,,,,,,
200,00967712079,00967712079240,767712079024,,EA,0,2026-10-27,,,,,,,,,,,,,,,,,,,,,
200,00967712079,00967712079250,767712079025,,EA,0,2026-11-17,,,,,,,,,,,,,,,,,,,,,
200,00967712079,00967712079260,767712079026,,EA,0,2026-11-27,,,,,,,,,,,,,,,,,,,,,
200,00967712079,00967712079270,767712079027,,EA,0,2026-11-10,,,,,,,,,,,,,,,,,,,,,
200,00967712079,00967712079280,767712079028,,EA,0,2026-11-17,,,,,,,,,,,,,,,,,,,,,
200,00967712079,00967712079290,767712079029,,EA,0,2026-10-27,,,,,,,,,,,,,,,,,,,,,
200,00967712079,00967712079300,767712079030,,EA,0,2026-10-27,,,,,,,,,,,,,,,,,,,,,
200,00967712079,00967712079310,767712079031,,EA,0,2026-10-27,,,,,,,,,,,,,,,,,,,,,
200,00967712079,00967712079320,767712079032,,EA,0,2026-10-27,,,,,,,,,,,,,,,,,,,,,
200,00967712079,00967712079330,767712079033,,EA,0,2026-10-27,,,,,,,,,,,,,,,,,,,,,
200,00967712079,00967712079340,767712079034,,EA,0,2026-10-27,,,,,,,,,,,,,,,,,,,,,
200,00967712079,00967712079350,767712079035,,EA,0,2026-10-27,,,,,,,,,,,,,,,,,,,,,
200,00967712078,0096771207810,76771207801,,EA,0,2026-11-03,,,,,,,,,,,,,,,,,,,,,
200,00967712078,0096771207820,76771207802,,EA,0,2026-11-03,,,,,,,,,,,,,,,,,,,,,
200,00967712078,0096771207830,76771207803,,EA,0,2026-11-03,,,,,,,,,,,,,,,,,,,,,
200,00967712078,0096771207840,76771207804,,EA,0,2026-10-27,,,,,,,,,,,,,,,,,,,,,
200,00967712078,0096771207850,76771207805,,EA,0,2026-11-10,,,,,,,,,,,,,,,,,,,,,
200,00967712078,0096771207860,76771207806,,EA,0,2026-11-10,,,,,,,,,,,,,,,,,,,,,
200,00967712078,0096771207870,76771207807,,EA,0,2026-11-10,,,,,,,,,,,,,,,,,,,,,
200,00967712078,0096771207880,76771207808,,EA,0,2026-11-10,,,,,,,,,,,,,,,,,,,,,
200,00967712078,0096771207890,76771207809,,EA,0,2026-10-27,,,,,,,,,,,,,,,,,,,,,
200,00967712078,00967712078100,767712078010,,EA,0,2026-10-27,,,,,,,,,,,,,,,,,,,,,
200,00967712078,00967712078110,767712078011,,EA,0,2026-11-10,,,,,,,,,,,,,,,,,,,,,
200,00967712076,0096771207610,76771207601,,EA,0,2026-08-27,,,,,,,,,,,,,,,,,,,,,
200,00967712076,0096771207620,76771207602,,EA,0,2026-08-27,,,,,,,,,,,,,,,,,,,,,
200,00967712076,0096771207630,76771207603,,EA,0,2026-08-27,,,,,,,,,,,,,,,,,,,,,
200,00967712076,0096771207640,76771207604,,EA,0,2026-08-27,,,,,,,,,,,,,,,,,,,,,
200,00967712075,0096771207510,76771207501,,EA,0,2026-08-27,,,,,,,,,,,,,,,,,,,,,
200,00967712075,0096771207520,76771207502,,EA,0,2026-08-27,,,,,,,,,,,,,,,,,,,,,
200,00967712074,0096771207410,76771207401,,EA,0,2026-09-30,,,,,,,,,,,,,,,,,,,,,
200,00967712073,0096771207310,76771207301,,EA,5,2026-08-20,,,,,,,,,,,,,,,,,,,,,
200,00967712072,0096771207210,76771207201,,EA,10,2026-08-20,,,,,,,,,,,,,,,,,,,,,
200,00967712072,0096771207220,76771207202,,EA,10,2026-08-20,,,,,,,,,,,,,,,,,,,,,
200,00967712072,0096771207230,76771207203,,EA,0,2026-08-19,,,,,,,,,,,,,,,,,,,,,
200,00967712072,0096771207240,76771207204,,EA,0,2026-08-19,,,,,,,,,,,,,,,,,,,,,
200,00967712071,0096771207110,76771207101,,EA,4,2026-08-20,,,,,,,,,,,,,,,,,,,,,
200,00967712070,0096771207010,76771207001,,EA,2,2026-08-20,,,,,,,,,,,,,,,,,,,,,
200,00967712070,0096771207020,76771207002,,EA,6,2026-08-20,,,,,,,,,,,,,,,,,,,,,
200,00967712069,0096771206910,76771206901,,EA,0,2026-09-03,,,,,,,,,,,,,,,,,,,,,
200,00967712069,0096771206920,76771206902,,EA,0,2026-09-03,,,,,,,,,,,,,,,,,,,,,
200,00967712069,0096771206930,76771206903,,EA,0,2026-09-03,,,,,,,,,,,,,,,,,,,,,
200,00967712068,0096771206810,76771206801,,EA,0,2026-09-10,,,,,,,,,,,,,,,,,,,,,
200,00967712068,0096771206820,76771206802,,EA,0,2026-09-10,,,,,,,,,,,,,,,,,,,,,
200,00967712068,0096771206830,76771206803,,EA,0,2026-09-24,,,,,,,,,,,,,,,,,,,,,
200,00967712068,0096771206840,76771206804,,EA,0,2026-09-10,,,,,,,,,,,,,,,,,,,,,
200,00967712068,0096771206850,76771206805,,EA,0,2026-09-03,,,,,,,,,,,,,,,,,,,,,
200,00967712067,0096771206710,76771206701,,EA,0,2026-08-19,,,,,,,,,,,,,,,,,,,,,
200,00967712065,0096771206510,76771206501,,EA,0,2026-08-27,,,,,,,,,,,,,,,,,,,,,
200,00967712064,0096771206410,76771206401,,EA,0,2026-09-03,,,,,,,,,,,,,,,,,,,,,
200,00967712064,0096771206430,76771206402,,EA,0,2026-09-03,,,,,,,,,,,,,,,,,,,,,
200,00967712064,0096771206440,76771206403,,EA,0,2026-09-10,,,,,,,,,,,,,,,,,,,,,
200,00967712064,0096771206450,76771206404,,EA,0,2026-09-24,,,,,,,,,,,,,,,,,,,,,
200,00967712064,0096771206460,76771206405,,EA,0,2026-09-03,,,,,,,,,,,,,,,,,,,,,
200,00967712064,0096771206470,76771206406,,EA,0,2026-09-10,,,,,,,,,,,,,,,,,,,,,
200,00967712064,0096771206480,76771206407,,EA,0,2026-09-24,,,,,,,,,,,,,,,,,,,,,
200,00967712064,0096771206490,76771206408,,EA,0,2026-09-10,,,,,,,,,,,,,,,,,,,,,
200,00967712064,00967712064100,76771206409,,EA,0,2026-09-03,,,,,,,,,,,,,,,,,,,,,
200,00967712064,00967712064110,767712064010,,EA,0,2026-09-17,,,,,,,,,,,,,,,,,,,,,
200,00967712064,00967712064120,767712064011,,EA,0,2026-10-08,,,,,,,,,,,,,,,,,,,,,
200,00967712064,00967712064130,767712064012,,EA,0,2026-09-10,,,,,,,,,,,,,,,,,,,,,
200,00967712064,00967712064140,767712064013,,EA,0,2026-09-10,,,,,,,,,,,,,,,,,,,,,
200,00967712064,00967712064150,767712064014,,EA,0,2026-09-03,,,,,,,,,,,,,,,,,,,,,
200,00967712064,00967712064160,767712064015,,EA,0,2026-09-03,,,,,,,,,,,,,,,,,,,,,
200,00967712063,0096771206310,76771206301,,EA,0,2026-09-24,,,,,,,,,,,,,,,,,,,,,
200,00967712062,0096771206210,76771206201,,IN,0,2026-08-27,,,,,,,,,,,,,,,,,,,,,
200,00967712062,0096771206220,76771206202,,IN,0,2026-09-17,,,,,,,,,,,,,,,,,,,,,
200,00967712062,0096771206230,76771206203,,IN,0,2026-08-27,,,,,,,,,,,,,,,,,,,,,
200,00967712062,0096771206240,76771206204,,IN,139,2026-08-24,,,,,,,,,,,,,,,,,,,,,
200,00967712062,0096771206240,76771206209,,IN,0,2026-09-05,,,,,,,,,,,,,,,,,,,,,
200,00967712062,0096771206250,76771206205,,IN,0,2026-09-05,,,,,,,,,,,,,,,,,,,,,
200,00967712062,0096771206260,76771206206,,IN,146,2026-08-24,,,,,,,,,,,,,,,,,,,,,
200,00967712062,0096771206260,767712062010,,IN,0,2026-09-05,,,,,,,,,,,,,,,,,,,,,
200,00967712062,0096771206270,76771206207,,IN,0,2026-09-05,,,,,,,,,,,,,,,,,,,,,
200,00967712062,0096771206280,76771206208,,IN,0,2026-09-05,,,,,,,,,,,,,,,,,,,,,
200,00967712061,0096771206110,76771206101,,EA,1,2026-08-20,,,,,,,,,,,,,,,,,,,,,
200,00967712060,0096771206010,76771206001,,EA,1,2026-08-19,,,,,,,,,,,,,,,,,,,,,
200,00967712059,0096771205910,76771205901,,EA,20,2026-08-20,,,,,,,,,,,,,,,,,,,,,
200,00967712059,0096771205920,76771205902,,EA,0,2026-08-17,,,,,,,,,,,,,,,,,,,,,
200,00967712058,0096771205810,76771205801,,EA,0,2026-09-30,,,,,,,,,,,,,,,,,,,,,
200,00967712058,0096771205820,76771205802,,EA,0,2026-09-30,,,,,,,,,,,,,,,,,,,,,
200,00967712057,0096771205710,76771205701,,EA,0,2026-08-13,,,,,,,,,,,,,,,,,,,,,
200,00967712057,0096771205720,76771205702,,EA,0,2026-08-13,,,,,,,,,,,,,,,,,,,,,
200,00967712057,0096771205730,76771205703,,EA,0,2026-08-13,,,,,,,,,,,,,,,,,,,,,
200,00967712057,0096771205740,76771205704,,EA,1,2026-08-17,,,,,,,,,,,,,,,,,,,,,
200,00967712056,0096771205610,76771205601,,EA,0,2026-11-10,,,,,,,,,,,,,,,,,,,,,
200,00967712056,0096771205620,76771205602,,EA,0,2026-11-10,,,,,,,,,,,,,,,,,,,,,
200,00967712056,0096771205630,76771205603,,EA,0,2026-11-10,,,,,,,,,,,,,,,,,,,,,
200,00967712056,0096771205640,76771205604,,EA,0,2026-11-10,,,,,,,,,,,,,,,,,,,,,
200,00967712056,0096771205650,76771205605,,EA,0,2026-11-10,,,,,,,,,,,,,,,,,,,,,
200,00967712056,0096771205660,76771205606,,EA,0,2026-10-20,,,,,,,,,,,,,,,,,,,,,
200,00967712056,0096771205670,76771205607,,EA,0,2026-10-20,,,,,,,,,,,,,,,,,,,,,
200,00967712056,0096771205680,76771205608,,EA,0,2026-10-20,,,,,,,,,,,,,,,,,,,,,
200,00967712056,0096771205690,76771205609,,EA,0,2026-11-03,,,,,,,,,,,,,,,,,,,,,
200,00967712056,00967712056100,767712056010,,EA,0,2026-11-03,,,,,,,,,,,,,,,,,,,,,
200,00967712056,00967712056110,767712056011,,EA,0,2026-11-03,,,,,,,,,,,,,,,,,,,,,
200,00967712056,00967712056120,767712056012,,EA,0,2026-11-10,,,,,,,,,,,,,,,,,,,,,
200,00967712056,00967712056130,767712056013,,EA,0,2026-11-10,,,,,,,,,,,,,,,,,,,,,
200,00967712056,00967712056140,767712056014,,EA,0,2026-11-10,,,,,,,,,,,,,,,,,,,,,
200,00967712056,00967712056150,767712056015,,EA,0,2026-11-10,,,,,,,,,,,,,,,,,,,,,
200,00967712056,00967712056160,767712056016,,EA,0,2026-11-10,,,,,,,,,,,,,,,,,,,,,
200,00967712056,00967712056170,767712056017,,EA,0,2026-11-10,,,,,,,,,,,,,,,,,,,,,
200,00967712056,00967712056180,767712056018,,EA,0,2026-11-03,,,,,,,,,,,,,,,,,,,,,
200,00967712056,00967712056190,767712056019,,EA,0,2026-11-03,,,,,,,,,,,,,,,,,,,,,
200,00967712056,00967712056200,767712056020,,EA,0,2026-11-10,,,,,,,,,,,,,,,,,,,,,
200,00967712056,00967712056210,767712056021,,EA,0,2026-11-10,,,,,,,,,,,,,,,,,,,,,
200,00967712056,00967712056220,767712056022,,EA,0,2026-10-27,,,,,,,,,,,,,,,,,,,,,
200,00967712056,00967712056230,767712056023,,EA,0,2026-11-10,,,,,,,,,,,,,,,,,,,,,
200,00967712056,00967712056240,767712056024,,EA,0,2026-10-27,,,,,,,,,,,,,,,,,,,,,
200,00967712056,00967712056250,767712056025,,EA,0,2026-11-10,,,,,,,,,,,,,,,,,,,,,
200,00967712056,00967712056260,767712056026,,EA,0,2026-11-10,,,,,,,,,,,,,,,,,,,,,
200,00967712056,00967712056270,767712056027,,EA,0,2026-11-10,,,,,,,,,,,,,,,,,,,,,
200,00967712056,00967712056280,767712056028,,EA,0,2026-10-27,,,,,,,,,,,,,,,,,,,,,
200,00967712056,00967712056290,767712056029,,EA,0,2026-10-20,,,,,,,,,,,,,,,,,,,,,
200,00967712056,00967712056300,767712056030,,EA,0,2026-10-20,,,,,,,,,,,,,,,,,,,,,
200,00967712055,0096771205510,76771205501,,EA,0,2026-09-03,,,,,,,,,,,,,,,,,,,,,
200,00967712055,0096771205520,76771205502,,EA,0,2026-09-03,,,,,,,,,,,,,,,,,,,,,
200,00967712055,0096771205530,76771205503,,EA,0,2026-09-03,,,,,,,,,,,,,,,,,,,,,
200,00967712055,0096771205540,76771205504,,EA,0,2026-09-03,,,,,,,,,,,,,,,,,,,,,
200,00967712055,0096771205550,76771205505,,EA,0,2026-09-03,,,,,,,,,,,,,,,,,,,,,
200,00967712055,0096771205560,76771205506,,EA,0,2026-09-03,,,,,,,,,,,,,,,,,,,,,
200,00967712055,0096771205570,76771205507,,EA,0,2026-09-03,,,,,,,,,,,,,,,,,,,,,
200,00967712055,0096771205580,76771205508,,EA,0,2026-09-03,,,,,,,,,,,,,,,,,,,,,
200,00967712055,0096771205590,76771205509,,EA,0,2026-09-03,,,,,,,,,,,,,,,,,,,,,
200,00967712054,0096771205410,76771205401,,EA,0,2026-10-20,,,,,,,,,,,,,,,,,,,,,
200,00967712054,0096771205420,76771205402,,EA,0,2026-10-20,,,,,,,,,,,,,,,,,,,,,
200,00967712054,0096771205430,76771205403,,EA,0,2026-10-20,,,,,,,,,,,,,,,,,,,,,
200,00967712054,0096771205440,76771205404,,EA,0,2026-10-20,,,,,,,,,,,,,,,,,,,,,
200,00967712054,0096771205450,76771205405,,EA,0,2026-10-20,,,,,,,,,,,,,,,,,,,,,
200,00967712054,0096771205460,76771205406,,EA,0,2026-10-20,,,,,,,,,,,,,,,,,,,,,
200,00967712054,0096771205470,76771205407,,EA,0,2026-10-20,,,,,,,,,,,,,,,,,,,,,
200,00967712054,0096771205480,76771205408,,EA,0,2026-11-03,,,,,,,,,,,,,,,,,,,,,
200,00967712054,0096771205490,76771205409,,EA,0,2026-11-03,,,,,,,,,,,,,,,,,,,,,
200,00967712054,00967712054100,767712054010,,EA,0,2026-10-20,,,,,,,,,,,,,,,,,,,,,
200,00967712054,00967712054110,767712054011,,EA,0,2026-10-20,,,,,,,,,,,,,,,,,,,,,
200,00967712054,00967712054120,767712054012,,EA,0,2026-11-03,,,,,,,,,,,,,,,,,,,,,
200,00967712054,00967712054130,767712054013,,EA,0,2026-10-20,,,,,,,,,,,,,,,,,,,,,
200,00967712054,00967712054140,767712054014,,EA,0,2026-10-20,,,,,,,,,,,,,,,,,,,,,
200,00967712054,00967712054150,767712054015,,EA,0,2026-10-20,,,,,,,,,,,,,,,,,,,,,
200,00967712054,00967712054160,767712054016,,EA,0,2026-10-20,,,,,,,,,,,,,,,,,,,,,
200,00967712054,00967712054170,767712054017,,EA,0,2026-11-03,,,,,,,,,,,,,,,,,,,,,
200,00967712054,00967712054180,767712054018,,EA,0,2026-10-20,,,,,,,,,,,,,,,,,,,,,
200,00967712054,00967712054190,767712054019,,EA,0,2026-10-20,,,,,,,,,,,,,,,,,,,,,
200,00967712054,00967712054200,767712054020,,EA,0,2026-10-20,,,,,,,,,,,,,,,,,,,,,
200,00967712054,00967712054210,767712054021,,EA,0,2026-10-20,,,,,,,,,,,,,,,,,,,,,
200,00967712054,00967712054220,767712054022,,EA,0,2026-10-20,,,,,,,,,,,,,,,,,,,,,
200,00967712054,00967712054230,767712054023,,EA,0,2026-10-20,,,,,,,,,,,,,,,,,,,,,
200,00967712054,00967712054240,767712054024,,EA,0,2026-10-20,,,,,,,,,,,,,,,,,,,,,
200,00967712054,00967712054250,767712054025,,EA,0,2026-10-20,,,,,,,,,,,,,,,,,,,,,
200,00967712052,0096771205210,76771205201,,EA,0,2026-10-14,,,,,,,,,,,,,,,,,,,,,
200,00967712051,0096771205110,76771205101,,EA,0,2026-09-03,,,,,,,,,,,,,,,,,,,,,
200,00967712050,0096771205010,76771205001,,EA,10,2026-08-18,,,,,,,,,,,,,,,,,,,,,
200,00967712050,0096771205020,76771205002,,EA,61,2026-08-18,,,,,,,,,,,,,,,,,,,,,
200,00967712050,0096771205030,76771205003,,EA,4,2026-08-18,,,,,,,,,,,,,,,,,,,,,
200,00967712050,0096771205040,76771205004,,EA,10,2026-08-18,,,,,,,,,,,,,,,,,,,,,
200,00967712050,0096771205050,76771205005,,EA,12,2026-08-18,,,,,,,,,,,,,,,,,,,,,
200,00967712050,0096771205060,76771205006,,EA,5,2026-08-18,,,,,,,,,,,,,,,,,,,,,
200,00967712050,0096771205070,76771205007,,EA,5,2026-08-18,,,,,,,,,,,,,,,,,,,,,
200,00967712050,0096771205080,76771205008,,EA,173,2026-08-18,,,,,,,,,,,,,,,,,,,,,
200,00967712050,0096771205090,76771205009,,EA,10,2026-08-18,,,,,,,,,,,,,,,,,,,,,
200,00967712050,00967712050100,767712050010,,EA,12,2026-08-24,,,,,,,,,,,,,,,,,,,,,
200,00967712050,00967712050110,767712050011,,EA,4,2026-08-18,,,,,,,,,,,,,,,,,,,,,
200,00967712050,00967712050120,767712050012,,EA,8,2026-08-18,,,,,,,,,,,,,,,,,,,,,
200,00967712050,00967712050130,767712050013,,EA,5,2026-08-18,,,,,,,,,,,,,,,,,,,,,
200,00967712050,00967712050140,767712050014,,EA,12,2026-08-18,,,,,,,,,,,,,,,,,,,,,
200,00967712050,00967712050150,767712050015,,EA,20,2026-08-18,,,,,,,,,,,,,,,,,,,,,
200,00967712050,00967712050160,767712050016,,EA,5,2026-08-18,,,,,,,,,,,,,,,,,,,,,
200,00967712050,00967712050170,767712050017,,EA,8,2026-08-18,,,,,,,,,,,,,,,,,,,,,
200,00967712050,00967712050180,767712050018,,EA,20,2026-08-18,,,,,,,,,,,,,,,,,,,,,
200,00967712049,0096771204910,76771204901,,EA,12,2026-08-24,,,,,,,,,,,,,,,,,,,,,
200,00967712049,0096771204920,76771204902,,EA,14,2026-08-24,,,,,,,,,,,,,,,,,,,,,
200,00967712048,0096771204810,76771204801,,EA,0,2026-09-10,,,,,,,,,,,,,,,,,,,,,
200,00967712048,0096771204820,76771204802,,EA,0,2026-09-10,,,,,,,,,,,,,,,,,,,,,
200,00967712048,0096771204830,76771204803,,EA,0,2026-09-17,,,,,,,,,,,,,,,,,,,,,
200,00967712048,0096771204840,76771204804,,EA,0,2026-09-17,,,,,,,,,,,,,,,,,,,,,
200,00967712048,0096771204850,76771204805,,EA,0,2026-09-17,,,,,,,,,,,,,,,,,,,,,
200,00967712048,0096771204860,76771204806,,EA,0,2026-09-10,,,,,,,,,,,,,,,,,,,,,
200,00967712048,0096771204870,76771204807,,EA,0,2026-09-10,,,,,,,,,,,,,,,,,,,,,
200,00967712048,0096771204880,76771204808,,EA,0,2026-09-03,,,,,,,,,,,,,,,,,,,,,
200,00967712048,0096771204890,76771204809,,EA,0,2026-10-01,,,,,,,,,,,,,,,,,,,,,
200,00967712048,00967712048100,767712048010,,EA,0,2026-09-10,,,,,,,,,,,,,,,,,,,,,
200,00967712045,0096771204510,76771204501,,EA,1,2026-08-17,,,,,,,,,,,,,,,,,,,,,
200,00967712045,0096771204520,76771204502,,EA,1,2026-08-17,,,,,,,,,,,,,,,,,,,,,
200,00967712045,0096771204530,76771204503,,EA,1,2026-08-17,,,,,,,,,,,,,,,,,,,,,
200,00967712043,0096771204340,76771204301,,EA,0,2026-09-02,,,,,,,,,,,,,,,,,,,,,
200,00967712042,0096771204220,76771204201,,IN,0,2026-08-28,,,,,,,,,,,,,,,,,,,,,
200,00967712040,0096771204010,76771204001,,EA,0,2026-09-10,,,,,,,,,,,,,,,,,,,,,
200,00967712040,0096771204020,76771204002,,EA,0,2026-09-03,,,,,,,,,,,,,,,,,,,,,
200,00967712040,0096771204030,76771204003,,EA,0,2026-09-10,,,,,,,,,,,,,,,,,,,,,
200,00967712038,0096771203810,76771203801,,EA,0,2026-09-07,,,,,,,,,,,,,,,,,,,,,
200,00967712036,0096771203610,76771203601,,EA,0,2026-08-18,,,,,,,,,,,,,,,,,,,,,
200,00967712035,0096771203510,76771203501,,EA,4,2026-08-17,,,,,,,,,,,,,,,,,,,,,
200,00967712034,0096771203410,76771203401,,EA,0,2026-10-09,,,,,,,,,,,,,,,,,,,,,
200,00967712034,0096771203420,76771203402,,EA,0,2026-10-09,,,,,,,,,,,,,,,,,,,,,
200,00967712034,0096771203430,76771203403,,EA,0,2026-10-09,,,,,,,,,,,,,,,,,,,,,
200,00967712034,0096771203440,76771203404,,EA,0,2026-10-09,,,,,,,,,,,,,,,,,,,,,
200,00967712034,0096771203450,76771203405,,EA,0,2026-10-09,,,,,,,,,,,,,,,,,,,,,
200,00967712034,0096771203460,76771203406,,EA,0,2026-10-09,,,,,,,,,,,,,,,,,,,,,
200,00967712034,0096771203470,76771203407,,EA,0,2026-10-09,,,,,,,,,,,,,,,,,,,,,
200,00967712034,0096771203480,76771203408,,EA,0,2026-10-09,,,,,,,,,,,,,,,,,,,,,
200,00967712034,0096771203490,76771203409,,EA,0,2026-10-09,,,,,,,,,,,,,,,,,,,,,
200,00967712034,00967712034100,767712034010,,EA,0,2026-10-09,,,,,,,,,,,,,,,,,,,,,
200,00967712033,0096771203310,76771203301,,EA,0,2026-09-01,,,,,,,,,,,,,,,,,,,,,
200,00967712033,0096771203320,76771203302,,EA,0,2026-09-01,,,,,,,,,,,,,,,,,,,,,
200,00967712033,0096771203330,76771203303,,EA,0,2027-01-26,,,,,,,,,,,,,,,,,,,,,
200,00967712033,0096771203350,76771203304,,EA,0,2026-12-22,,,,,,,,,,,,,,,,,,,,,
200,00967712032,0096771203210,76771203206,,EA,0,2026-08-18,,,,,,,,,,,,,,,,,,,,,
200,00967712032,0096771203210,76771203201,,EA,1,2026-08-18,,,,,,,,,,,,,,,,,,,,,
200,00967712032,0096771203220,76771203202,,IN,860,2026-08-18,,,,,,,,,,,,,,,,,,,,,
200,00967712032,0096771203220,76771203207,,IN,0,2026-08-18,,,,,,,,,,,,,,,,,,,,,
200,00967712032,0096771203230,76771203208,,IN,0,2026-08-18,,,,,,,,,,,,,,,,,,,,,
200,00967712032,0096771203230,76771203203,,IN,150,2026-08-18,,,,,,,,,,,,,,,,,,,,,
200,00967712032,0096771203240,76771203204,,IN,139,2026-08-24,,,,,,,,,,,,,,,,,,,,,
200,00967712032,0096771203240,76771203209,,IN,0,2026-09-01,,,,,,,,,,,,,,,,,,,,,
200,00967712032,0096771203250,76771203205,,IN,0,2026-09-01,,,,,,,,,,,,,,,,,,,,,
200,00967712031,0096771203110,76771203101,,EA,0,2026-11-03,,,,,,,,,,,,,,,,,,,,,
200,00967712030,0096771203010,76771203001,,EA,0,2026-09-17,,,,,,,,,,,,,,,,,,,,,
200,00967712029,0096771202910,76771202901,,EA,0,2026-10-20,,,,,,,,,,,,,,,,,,,,,
200,00967712029,0096771202920,76771202902,,EA,0,2026-11-03,,,,,,,,,,,,,,,,,,,,,
200,00967712029,0096771202930,76771202903,,EA,0,2026-11-03,,,,,,,,,,,,,,,,,,,,,
200,00967712029,0096771202940,76771202904,,EA,0,2026-11-17,,,,,,,,,,,,,,,,,,,,,
200,00967712029,0096771202950,76771202905,,EA,0,2026-11-03,,,,,,,,,,,,,,,,,,,,,
200,00967712029,0096771202960,76771202906,,EA,0,2026-11-03,,,,,,,,,,,,,,,,,,,,,
200,00967712029,0096771202970,76771202907,,EA,0,2026-11-03,,,,,,,,,,,,,,,,,,,,,
200,00967712029,0096771202980,76771202908,,EA,0,2026-11-03,,,,,,,,,,,,,,,,,,,,,
200,00967712029,0096771202990,76771202909,,EA,0,2026-10-20,,,,,,,,,,,,,,,,,,,,,
200,00967712029,00967712029100,767712029010,,EA,0,2026-10-20,,,,,,,,,,,,,,,,,,,,,
200,00967712029,00967712029110,767712029011,,EA,0,2026-10-20,,,,,,,,,,,,,,,,,,,,,
200,00967712029,00967712029120,767712029012,,EA,0,2026-10-20,,,,,,,,,,,,,,,,,,,,,
200,00967712029,00967712029130,767712029013,,EA,0,2026-11-03,,,,,,,,,,,,,,,,,,,,,
200,00967712029,00967712029140,767712029014,,EA,0,2026-11-03,,,,,,,,,,,,,,,,,,,,,
200,00967712029,00967712029150,767712029015,,EA,0,2026-10-20,,,,,,,,,,,,,,,,,,,,,
200,00967712029,00967712029160,767712029016,,EA,0,2026-11-03,,,,,,,,,,,,,,,,,,,,,
200,00967712029,00967712029170,767712029017,,EA,0,2026-10-20,,,,,,,,,,,,,,,,,,,,,
200,00967712029,00967712029180,767712029018,,EA,0,2026-10-20,,,,,,,,,,,,,,,,,,,,,
200,00967712029,00967712029190,767712029019,,EA,0,2026-11-03,,,,,,,,,,,,,,,,,,,,,
200,00967712029,00967712029200,767712029020,,EA,0,2026-11-03,,,,,,,,,,,,,,,,,,,,,
200,00967712029,00967712029210,767712029021,,EA,0,2026-11-03,,,,,,,,,,,,,,,,,,,,,
200,00967712029,00967712029220,767712029022,,EA,0,2026-11-03,,,,,,,,,,,,,,,,,,,,,
200,00967712029,00967712029230,767712029023,,EA,0,2026-11-03,,,,,,,,,,,,,,,,,,,,,
200,00967712029,00967712029240,767712029024,,EA,0,2026-11-03,,,,,,,,,,,,,,,,,,,,,
200,00967712029,00967712029250,767712029025,,EA,0,2026-11-03,,,,,,,,,,,,,,,,,,,,,
200,00967712029,00967712029260,767712029026,,EA,0,2026-11-03,,,,,,,,,,,,,,,,,,,,,
200,00967712029,00967712029270,767712029027,,EA,0,2026-10-20,,,,,,,,,,,,,,,,,,,,,
200,00967712029,00967712029280,767712029028,,EA,0,2026-10-20,,,,,,,,,,,,,,,,,,,,,
200,00967712029,00967712029290,767712029029,,EA,0,2026-10-20,,,,,,,,,,,,,,,,,,,,,
200,00967712029,00967712029300,767712029030,,EA,0,2026-10-20,,,,,,,,,,,,,,,,,,,,,
200,00967712029,00967712029310,767712029031,,EA,0,2026-10-20,,,,,,,,,,,,,,,,,,,,,
200,00967712029,00967712029320,767712029032,,EA,0,2026-11-03,,,,,,,,,,,,,,,,,,,,,
200,00967712029,00967712029330,767712029033,,EA,0,2026-10-20,,,,,,,,,,,,,,,,,,,,,
200,00967712029,00967712029340,767712029034,,EA,0,2026-10-20,,,,,,,,,,,,,,,,,,,,,
200,00967712029,00967712029350,767712029035,,ME,0,2026-10-20,,,,,,,,,,,,,,,,,,,,,
200,00967712029,00967712029360,767712029036,,EA,0,2026-10-20,,,,,,,,,,,,,,,,,,,,,
200,00967712028,0096771202810,76771202801,,EA,0,2026-11-17,,,,,,,,,,,,,,,,,,,,,
200,00967712028,0096771202820,76771202802,,EA,0,2026-11-17,,,,,,,,,,,,,,,,,,,,,
200,00967712028,0096771202830,76771202803,,EA,0,2026-10-20,,,,,,,,,,,,,,,,,,,,,
200,00967712028,0096771202840,76771202804,,EA,0,2026-10-20,,,,,,,,,,,,,,,,,,,,,
200,00967712028,0096771202850,76771202805,,EA,0,2026-10-20,,,,,,,,,,,,,,,,,,,,,
200,00967712028,0096771202860,76771202806,,EA,0,2026-10-20,,,,,,,,,,,,,,,,,,,,,
200,00967712028,0096771202870,76771202807,,EA,0,2026-10-20,,,,,,,,,,,,,,,,,,,,,
200,00967712028,0096771202880,76771202808,,EA,0,2026-11-17,,,,,,,,,,,,,,,,,,,,,
200,00967712028,0096771202890,76771202809,,EA,0,2026-11-17,,,,,,,,,,,,,,,,,,,,,
200,00967712028,00967712028100,767712028010,,EA,0,2026-11-17,,,,,,,,,,,,,,,,,,,,,
200,00967712028,00967712028110,767712028011,,EA,0,2026-11-03,,,,,,,,,,,,,,,,,,,,,
200,00967712028,00967712028120,767712028012,,EA,0,2026-10-20,,,,,,,,,,,,,,,,,,,,,
200,00967712028,00967712028130,767712028013,,EA,0,2026-10-20,,,,,,,,,,,,,,,,,,,,,
200,00967712028,00967712028140,767712028014,,EA,0,2026-11-17,,,,,,,,,,,,,,,,,,,,,
200,00967712028,00967712028150,767712028015,,EA,0,2026-11-17,,,,,,,,,,,,,,,,,,,,,
200,00967712028,00967712028160,767712028016,,EA,0,2026-11-17,,,,,,,,,,,,,,,,,,,,,
200,00967712028,00967712028170,767712028017,,EA,0,2026-10-27,,,,,,,,,,,,,,,,,,,,,
200,00967712028,00967712028180,767712028018,,EA,0,2026-10-20,,,,,,,,,,,,,,,,,,,,,
200,00967712028,00967712028190,767712028019,,EA,0,2026-10-20,,,,,,,,,,,,,,,,,,,,,
200,00967712028,00967712028200,767712028020,,EA,0,2026-10-20,,,,,,,,,,,,,,,,,,,,,
200,00967712028,00967712028210,767712028021,,EA,0,2026-10-20,,,,,,,,,,,,,,,,,,,,,
200,00967712028,00967712028220,767712028022,,EA,0,2026-10-20,,,,,,,,,,,,,,,,,,,,,
200,00967712028,00967712028230,767712028023,,EA,0,2026-10-20,,,,,,,,,,,,,,,,,,,,,
200,00967712028,00967712028240,767712028024,,EA,0,2026-10-20,,,,,,,,,,,,,,,,,,,,,
200,00967712028,00967712028250,767712028025,,EA,0,2026-10-20,,,,,,,,,,,,,,,,,,,,,
200,00967712027,0096771202710,76771202701,,EA,12,2026-08-17,,,,,,,,,,,,,,,,,,,,,
200,00967712026,0096771202610,76771202601,,EA,0,2026-09-30,,,,,,,,,,,,,,,,,,,,,
200,00967712025,0096771202510,76771202501,,EA,1,2026-08-17,,,,,,,,,,,,,,,,,,,,,
200,00967712025,0096771202520,76771202502,,LT,1,2026-08-17,,,,,,,,,,,,,,,,,,,,,
200,00967712025,0096771202530,76771202503,,EA,1,2026-08-17,,,,,,,,,,,,,,,,,,,,,
200,00967712025,0096771202540,76771202504,,EA,1,2026-08-17,,,,,,,,,,,,,,,,,,,,,
200,00967712025,0096771202550,76771202505,,EA,1,2026-08-17,,,,,,,,,,,,,,,,,,,,,
200,00967712024,0096771202420,76771202401,,EA,4,2026-08-17,,,,,,,,,,,,,,,,,,,,,
200,00967712024,0096771202490,76771202402,,EA,5,2026-08-17,,,,,,,,,,,,,,,,,,,,,
200,00967712023,0096771202310,76771202301,,LT,0,2026-09-10,,,,,,,,,,,,,,,,,,,,,
200,00967712022,0096771202210,76771202201,,RL,144,2026-08-20,,,,,,,,,,,,,,,,,,,,,
200,00967712022,0096771202220,76771202202,,EA,500,2026-08-20,,,,,,,,,,,,,,,,,,,,,
200,00967712022,0096771202230,76771202203,,EA,300,2026-08-20,,,,,,,,,,,,,,,,,,,,,
200,00967712022,0096771202240,76771202204,,EA,75,2026-08-20,,,,,,,,,,,,,,,,,,,,,
200,00967712022,0096771202250,76771202205,,EA,125,2026-08-20,,,,,,,,,,,,,,,,,,,,,
200,00967712022,0096771202260,76771202206,,EA,75,2026-08-20,,,,,,,,,,,,,,,,,,,,,
200,00967712022,0096771202270,76771202207,,RL,8,2026-08-20,,,,,,,,,,,,,,,,,,,,,
200,00967712022,0096771202280,76771202208,,RL,9,2026-08-20,,,,,,,,,,,,,,,,,,,,,
200,00967712022,0096771202290,76771202209,,EA,0,2026-08-12,,,,,,,,,,,,,,,,,,,,,
200,00967712022,00967712022100,767712022010,,RL,6,2026-08-20,,,,,,,,,,,,,,,,,,,,,
200,00967712022,00967712022110,767712022011,,EA,45,2026-08-20,,,,,,,,,,,,,,,,,,,,,
200,00967712021,0096771202110,76771202101,,EA,0,2026-08-12,,,,,,,,,,,,,,,,,,,,,
200,00967712021,0096771202120,76771202102,,EA,10,2026-08-20,,,,,,,,,,,,,,,,,,,,,
200,00967712020,0096771202010,76771202001,,EA,0,2026-08-12,,,,,,,,,,,,,,,,,,,,,
200,00967712020,0096771202020,76771202002,,EA,15,2026-08-13,,,,,,,,,,,,,,,,,,,,,
200,00967712019,0096771201910,76771201901,,EA,0,2026-09-04,,,,,,,,,,,,,,,,,,,,,
200,00967712019,0096771201920,76771201902,,EA,0,2026-09-04,,,,,,,,,,,,,,,,,,,,,
200,00967712018,0096771201810,76771201801,,EA,12,2026-08-14,,,,,,,,,,,,,,,,,,,,,
200,00967712018,0096771201820,76771201802,,EA,9,2026-08-14,,,,,,,,,,,,,,,,,,,,,
200,00967712018,0096771201830,76771201803,,EA,8,2026-08-14,,,,,,,,,,,,,,,,,,,,,
200,00967712018,0096771201840,76771201804,,EA,9,2026-08-14,,,,,,,,,,,,,,,,,,,,,
200,00967712018,0096771201850,76771201805,,EA,10,2026-08-14,,,,,,,,,,,,,,,,,,,,,
200,00967712018,0096771201860,76771201806,,EA,4,2026-08-14,,,,,,,,,,,,,,,,,,,,,
200,00967712017,0096771201710,76771201701,,EA,0,2026-08-27,,,,,,,,,,,,,,,,,,,,,
200,00967712017,0096771201720,76771201702,,EA,0,2026-08-27,,,,,,,,,,,,,,,,,,,,,
200,00967712017,0096771201730,76771201703,,EA,0,2026-08-27,,,,,,,,,,,,,,,,,,,,,
200,00967712017,0096771201740,76771201704,,EA,0,2026-09-17,,,,,,,,,,,,,,,,,,,,,
200,00967712017,0096771201750,76771201705,,EA,0,2026-09-10,,,,,,,,,,,,,,,,,,,,,
200,00967712017,0096771201760,76771201706,,EA,0,2026-08-27,,,,,,,,,,,,,,,,,,,,,
200,00967712017,0096771201770,76771201707,,EA,0,2026-08-27,,,,,,,,,,,,,,,,,,,,,
200,00967712017,0096771201780,76771201708,,EA,0,2026-09-17,,,,,,,,,,,,,,,,,,,,,
200,00967712017,0096771201790,76771201709,,EA,0,2026-08-27,,,,,,,,,,,,,,,,,,,,,
200,00967712017,00967712017100,767712017010,,EA,0,2026-09-03,,,,,,,,,,,,,,,,,,,,,
200,00967712017,00967712017110,767712017011,,EA,0,2026-08-27,,,,,,,,,,,,,,,,,,,,,
200,00967712017,00967712017120,767712017012,,EA,0,2026-08-27,,,,,,,,,,,,,,,,,,,,,
200,00967712017,00967712017130,767712017013,,EA,0,2026-09-10,,,,,,,,,,,,,,,,,,,,,
200,00967712016,0096771201610,76771201601,,EA,0,2026-11-03,,,,,,,,,,,,,,,,,,,,,
200,00967712015,0096771201510,76771201501,,EA,100,2026-08-25,,,,,,,,,,,,,,,,,,,,,
200,00967712014,0096771201410,76771201401,,EA,0,2026-09-04,,,,,,,,,,,,,,,,,,,,,
200,00967712014,0096771201420,76771201402,,EA,0,2026-09-04,,,,,,,,,,,,,,,,,,,,,
200,00967712014,0096771201430,76771201403,,EA,0,2026-09-04,,,,,,,,,,,,,,,,,,,,,
200,00967712014,0096771201440,76771201404,,EA,0,2026-09-04,,,,,,,,,,,,,,,,,,,,,
200,00967712014,0096771201450,76771201405,,EA,0,2026-09-04,,,,,,,,,,,,,,,,,,,,,
200,00967712012,0096771201210,76771201201,,EA,1,2026-08-20,,,,,,,,,,,,,,,,,,,,,
200,00967712011,0096771201110,76771201101,,EA,0,2026-09-24,,,,,,,,,,,,,,,,,,,,,
200,00967712011,0096771201120,76771201102,,EA,0,2026-08-27,,,,,,,,,,,,,,,,,,,,,
200,00967712011,0096771201130,76771201103,,EA,0,2026-09-17,,,,,,,,,,,,,,,,,,,,,
200,00967712011,0096771201140,76771201104,,EA,0,2026-08-27,,,,,,,,,,,,,,,,,,,,,
200,00967712011,0096771201150,76771201105,,EA,0,2026-09-17,,,,,,,,,,,,,,,,,,,,,
200,00967712011,0096771201160,76771201106,,EA,0,2026-09-17,,,,,,,,,,,,,,,,,,,,,
200,00967712011,0096771201170,76771201107,,EA,0,2026-09-10,,,,,,,,,,,,,,,,,,,,,
200,00967712011,0096771201180,76771201108,,EA,0,2026-09-10,,,,,,,,,,,,,,,,,,,,,
200,00967712011,0096771201190,76771201109,,EA,0,2026-09-17,,,,,,,,,,,,,,,,,,,,,
200,00967712009,0096771200910,76771200901,,EA,0,2026-09-04,,,,,,,,,,,,,,,,,,,,,
200,00967712009,0096771200920,76771200902,,EA,0,2026-09-18,,,,,,,,,,,,,,,,,,,,,
200,00967712008,0096771200850,76771200801,,EA,0,2026-08-27,,,,,,,,,,,,,,,,,,,,,
200,00967712008,0096771200860,76771200802,,EA,0,2026-09-15,,,,,,,,,,,,,,,,,,,,,
200,00967712006,0096771200610,76771200601,,EA,0,2026-10-30,,,,,,,,,,,,,,,,,,,,,
200,00967712005,0096771200510,76771200501,,EA,0,2026-10-30,,,,,,,,,,,,,,,,,,,,,
200,00967712005,0096771200520,76771200502,,EA,0,2026-10-30,,,,,,,,,,,,,,,,,,,,,
200,00967712005,0096771200530,76771200503,,EA,0,2026-10-30,,,,,,,,,,,,,,,,,,,,,
200,00967712005,0096771200540,76771200504,,EA,0,2026-08-28,,,,,,,,,,,,,,,,,,,,,
200,00967712004,0096771200410,76771200401,,EA,500,2026-08-12,,,,,,,,,,,,,,,,,,,,,
200,00967712003,0096771200310,76771200301,,EA,0,2026-08-27,,,,,,,,,,,,,,,,,,,,,
200,00967712001,0096771200110,76771200101,,EA,0,2026-10-27,,,,,,,,,,,,,,,,,,,,,
200,00967712001,0096771200120,76771200102,,EA,0,2026-10-20,,,,,,,,,,,,,,,,,,,,,
200,00967712001,0096771200130,76771200103,,EA,0,2026-11-17,,,,,,,,,,,,,,,,,,,,,
200,00967712001,0096771200140,76771200104,,EA,0,2026-11-17,,,,,,,,,,,,,,,,,,,,,
200,00967712001,0096771200150,76771200105,,EA,0,2026-11-17,,,,,,,,,,,,,,,,,,,,,
200,00967712001,0096771200160,76771200106,,EA,0,2026-10-20,,,,,,,,,,,,,,,,,,,,,
200,00967712001,0096771200170,76771200107,,EA,0,2026-10-20,,,,,,,,,,,,,,,,,,,,,
200,00967712001,0096771200180,76771200108,,EA,0,2026-10-20,,,,,,,,,,,,,,,,,,,,,
200,00967712001,0096771200190,76771200109,,EA,0,2026-10-20,,,,,,,,,,,,,,,,,,,,,
200,00967712001,00967712001100,767712001010,,EA,0,2026-10-20,,,,,,,,,,,,,,,,,,,,,
200,00967712001,00967712001110,767712001011,,EA,0,2026-10-20,,,,,,,,,,,,,,,,,,,,,
200,00967712001,00967712001120,767712001012,,EA,0,2026-10-27,,,,,,,,,,,,,,,,,,,,,
200,00967712001,00967712001130,767712001013,,EA,0,2026-10-20,,,,,,,,,,,,,,,,,,,,,
200,00967712001,00967712001140,767712001014,,EA,0,2026-10-20,,,,,,,,,,,,,,,,,,,,,
200,00967712001,00967712001150,767712001015,,EA,0,2026-10-20,,,,,,,,,,,,,,,,,,,,,
200,00967712001,00967712001160,767712001016,,EA,0,2026-11-17,,,,,,,,,,,,,,,,,,,,,
200,00967712001,00967712001170,767712001017,,EA,0,2026-11-17,,,,,,,,,,,,,,,,,,,,,
200,00967712001,00967712001180,767712001018,,EA,0,2026-11-17,,,,,,,,,,,,,,,,,,,,,
200,00967712001,00967712001190,767712001019,,EA,0,2026-11-17,,,,,,,,,,,,,,,,,,,,,
200,00967712001,00967712001200,767712001020,,EA,0,2026-11-17,,,,,,,,,,,,,,,,,,,,,
200,00967712001,00967712001210,767712001021,,EA,0,2026-11-24,,,,,,,,,,,,,,,,,,,,,
200,00967712001,00967712001220,767712001022,,EA,0,2026-11-24,,,,,,,,,,,,,,,,,,,,,
200,00967712001,00967712001230,767712001023,,EA,0,2026-10-27,,,,,,,,,,,,,,,,,,,,,
200,00967712001,00967712001240,767712001024,,EA,0,2026-10-27,,,,,,,,,,,,,,,,,,,,,
200,00967712001,00967712001250,767712001025,,EA,0,2026-10-27,,,,,,,,,,,,,,,,,,,,,
200,00967712001,00967712001260,767712001026,,EA,0,2026-11-24,,,,,,,,,,,,,,,,,,,,,
200,00967712001,00967712001270,767712001027,,EA,0,2026-11-24,,,,,,,,,,,,,,,,,,,,,
200,00967712001,00967712001280,767712001028,,EA,0,2026-11-24,,,,,,,,,,,,,,,,,,,,,
200,00967712001,00967712001290,767712001029,,EA,0,2026-11-24,,,,,,,,,,,,,,,,,,,,,
200,00967712001,00967712001300,767712001030,,EA,0,2026-10-27,,,,,,,,,,,,,,,,,,,,,
200,00967712001,00967712001310,767712001031,,EA,0,2026-10-27,,,,,,,,,,,,,,,,,,,,,
200,00967712001,00967712001320,767712001032,,EA,0,2026-10-27,,,,,,,,,,,,,,,,,,,,,
200,00967712001,00967712001330,767712001033,,EA,0,2026-10-27,,,,,,,,,,,,,,,,,,,,,
200,00967712001,00967712001340,767712001034,,EA,0,2026-10-27,,,,,,,,,,,,,,,,,,,,,
200,00967712001,00967712001350,767712001035,,EA,0,2026-10-27,,,,,,,,,,,,,,,,,,,,,
200,00967712001,00967712001360,767712001036,,EA,0,2026-10-27,,,,,,,,,,,,,,,,,,,,,
200,00967712001,00967712001370,767712001037,,EA,0,2026-10-27,,,,,,,,,,,,,,,,,,,,,
200,00967712000,0096771200010,76771200001,,EA,0,2026-10-27,,,,,,,,,,,,,,,,,,,,,
200,00967712000,0096771200020,76771200002,,EA,0,2026-10-20,,,,,,,,,,,,,,,,,,,,,
200,00967712000,0096771200030,76771200003,,EA,0,2026-11-17,,,,,,,,,,,,,,,,,,,,,
200,00967712000,0096771200040,76771200004,,EA,0,2026-11-17,,,,,,,,,,,,,,,,,,,,,
200,00967712000,0096771200050,76771200005,,EA,0,2026-11-17,,,,,,,,,,,,,,,,,,,,,
200,00967712000,0096771200060,76771200006,,EA,0,2026-10-20,,,,,,,,,,,,,,,,,,,,,
200,00967712000,0096771200070,76771200007,,EA,0,2026-10-20,,,,,,,,,,,,,,,,,,,,,
200,00967712000,0096771200080,76771200008,,EA,0,2026-10-20,,,,,,,,,,,,,,,,,,,,,
200,00967712000,0096771200090,76771200009,,EA,0,2026-10-20,,,,,,,,,,,,,,,,,,,,,
200,00967712000,00967712000100,767712000010,,EA,0,2026-10-20,,,,,,,,,,,,,,,,,,,,,
200,00967712000,00967712000110,767712000011,,EA,0,2026-10-20,,,,,,,,,,,,,,,,,,,,,
200,00967712000,00967712000120,767712000012,,EA,0,2026-10-20,,,,,,,,,,,,,,,,,,,,,
200,00967712000,00967712000130,767712000013,,EA,0,2026-10-20,,,,,,,,,,,,,,,,,,,,,
200,00967712000,00967712000140,767712000014,,EA,0,2026-10-20,,,,,,,,,,,,,,,,,,,,,
200,00967712000,00967712000150,767712000015,,EA,0,2026-10-20,,,,,,,,,,,,,,,,,,,,,
200,00967712000,00967712000160,767712000016,,EA,0,2026-10-20,,,,,,,,,,,,,,,,,,,,,
200,00967712000,00967712000170,767712000017,,EA,0,2026-10-20,,,,,,,,,,,,,,,,,,,,,
200,00967712000,00967712000180,767712000018,,EA,0,2026-11-24,,,,,,,,,,,,,,,,,,,,,
200,00967712000,00967712000190,767712000019,,EA,0,2026-11-03,,,,,,,,,,,,,,,,,,,,,
200,00967712000,00967712000200,767712000020,,EA,0,2026-11-17,,,,,,,,,,,,,,,,,,,,,
200,00967712000,00967712000210,767712000021,,EA,0,2026-11-17,,,,,,,,,,,,,,,,,,,,,
200,00967712000,00967712000220,767712000022,,EA,0,2026-11-17,,,,,,,,,,,,,,,,,,,,,
200,00967712000,00967712000230,767712000023,,EA,0,2026-11-17,,,,,,,,,,,,,,,,,,,,,
200,00967711999,0096771199910,76771199901,,EA,0,2026-10-16,,,,,,,,,,,,,,,,,,,,,
200,00967711998,0096771199810,767711998018,,EA,0,2026-08-20,,,,,,,,,,,,,,,,,,,,,
200,00967711998,0096771199810,76771199801,,EA,1,2026-08-18,,,,,,,,,,,,,,,,,,,,,
200,00967711998,0096771199820,76771199802,,IN,573,2026-08-18,,,,,,,,,,,,,,,,,,,,,
200,00967711998,0096771199830,76771199803,,IN,450,2026-08-18,,,,,,,,,,,,,,,,,,,,,
200,00967711998,0096771199840,76771199804,,IN,147,2026-08-18,,,,,,,,,,,,,,,,,,,,,
200,00967711998,0096771199840,767711998019,,IN,0,2026-08-20,,,,,,,,,,,,,,,,,,,,,
200,00967711998,0096771199850,76771199805,,IN,300,2026-08-24,,,,,,,,,,,,,,,,,,,,,
200,00967711998,0096771199860,76771199806,,IN,288,2026-08-24,,,,,,,,,,,,,,,,,,,,,
200,00967711998,0096771199860,767711998012,,IN,0,2026-08-26,,,,,,,,,,,,,,,,,,,,,
200,00967711998,0096771199870,767711998013,,IN,0,2026-08-26,,,,,,,,,,,,,,,,,,,,,
200,00967711998,0096771199870,76771199807,,IN,288,2026-08-24,,,,,,,,,,,,,,,,,,,,,
200,00967711998,0096771199880,76771199808,,IN,245,2026-08-24,,,,,,,,,,,,,,,,,,,,,
200,00967711998,0096771199880,767711998014,,IN,0,2026-08-26,,,,,,,,,,,,,,,,,,,,,
200,00967711998,0096771199890,767711998015,,IN,0,2026-08-26,,,,,,,,,,,,,,,,,,,,,
200,00967711998,0096771199890,76771199809,,IN,294,2026-08-24,,,,,,,,,,,,,,,,,,,,,
200,00967711998,00967711998100,767711998010,,IN,288,2026-08-24,,,,,,,,,,,,,,,,,,,,,
200,00967711998,00967711998100,767711998016,,IN,0,2026-08-26,,,,,,,,,,,,,,,,,,,,,
200,00967711998,00967711998110,767711998017,,IN,0,2026-08-26,,,,,,,,,,,,,,,,,,,,,
200,00967711998,00967711998110,767711998011,,IN,267,2026-08-24,,,,,,,,,,,,,,,,,,,,,
200,00967711997,0096771199710,76771199701,,EA,0,2026-09-18,,,,,,,,,,,,,,,,,,,,,
200,00967711994,0096771199410,76771199401,,EA,10,2026-08-17,,,,,,,,,,,,,,,,,,,,,
200,00967711993,0096771199310,76771199301,,EA,10,2026-08-20,,,,,,,,,,,,,,,,,,,,,
200,00967711992,0096771199210,76771199201,,EA,1,2026-08-20,,,,,,,,,,,,,,,,,,,,,
200,00967711992,0096771199220,76771199202,,EA,1,2026-08-20,,,,,,,,,,,,,,,,,,,,,
200,00967711992,0096771199230,76771199203,,EA,1,2026-08-20,,,,,,,,,,,,,,,,,,,,,
200,00967711991,0096771199110,76771199101,,EA,1,2026-08-25,,,,,,,,,,,,,,,,,,,,,
200,00967711991,0096771199120,76771199102,,EA,6,2026-08-25,,,,,,,,,,,,,,,,,,,,,
200,00967711991,0096771199130,76771199103,,EA,0,2026-09-03,,,,,,,,,,,,,,,,,,,,,
200,00967711991,0096771199140,76771199104,,EA,2,2026-08-25,,,,,,,,,,,,,,,,,,,,,
200,00967711991,0096771199150,76771199105,,EA,3,2026-08-24,,,,,,,,,,,,,,,,,,,,,
200,00967711989,0096771198910,76771198901,,EA,1,2026-08-13,,,,,,,,,,,,,,,,,,,,,
200,00967711989,0096771198920,76771198902,,EA,77,2026-08-13,,,,,,,,,,,,,,,,,,,,,
200,00967711989,0096771198930,76771198903,,EA,31,2026-08-13,,,,,,,,,,,,,,,,,,,,,
200,00967711989,0096771198940,76771198904,,EA,10,2026-08-13,,,,,,,,,,,,,,,,,,,,,
200,00967711989,0096771198950,76771198905,,EA,21,2026-08-13,,,,,,,,,,,,,,,,,,,,,
200,00967711989,0096771198960,76771198906,,EA,9,2026-08-13,,,,,,,,,,,,,,,,,,,,,
200,00967711989,0096771198970,76771198907,,EA,10,2026-08-13,,,,,,,,,,,,,,,,,,,,,
200,00967711989,0096771198980,76771198908,,EA,24,2026-08-13,,,,,,,,,,,,,,,,,,,,,
200,00967711989,0096771198990,76771198909,,EA,33,2026-08-13,,,,,,,,,,,,,,,,,,,,,
200,00967711989,00967711989100,767711989010,,EA,6,2026-08-13,,,,,,,,,,,,,,,,,,,,,
200,00967711989,00967711989110,767711989011,,EA,58,2026-08-13,,,,,,,,,,,,,,,,,,,,,
200,00967711989,00967711989120,767711989012,,EA,5,2026-08-13,,,,,,,,,,,,,,,,,,,,,
200,00967711989,00967711989130,767711989013,,EA,8,2026-08-13,,,,,,,,,,,,,,,,,,,,,
200,00967711989,00967711989140,767711989014,,EA,8,2026-08-13,,,,,,,,,,,,,,,,,,,,,
200,00967711989,00967711989150,767711989015,,EA,14,2026-08-13,,,,,,,,,,,,,,,,,,,,,
200,00967711989,00967711989160,767711989016,,EA,30,2026-08-13,,,,,,,,,,,,,,,,,,,,,
200,00967711989,00967711989170,767711989017,,EA,18,2026-08-13,,,,,,,,,,,,,,,,,,,,,
200,00967711989,00967711989180,767711989018,,EA,11,2026-08-13,,,,,,,,,,,,,,,,,,,,,
200,00967711989,00967711989190,767711989019,,EA,8,2026-08-13,,,,,,,,,,,,,,,,,,,,,
200,00967711989,00967711989200,767711989020,,EA,3,2026-08-13,,,,,,,,,,,,,,,,,,,,,
200,00967711989,00967711989210,767711989021,,EA,10,2026-08-13,,,,,,,,,,,,,,,,,,,,,
200,00967711989,00967711989220,767711989022,,EA,10,2026-08-13,,,,,,,,,,,,,,,,,,,,,
200,00967711989,00967711989230,767711989023,,EA,23,2026-08-13,,,,,,,,,,,,,,,,,,,,,
200,00967711989,00967711989240,767711989024,,EA,48,2026-08-13,,,,,,,,,,,,,,,,,,,,,
200,00967711989,00967711989250,767711989025,,EA,5,2026-08-13,,,,,,,,,,,,,,,,,,,,,
200,00967711989,00967711989260,767711989026,,EA,8,2026-08-13,,,,,,,,,,,,,,,,,,,,,
200,00967711989,00967711989270,767711989027,,EA,6,2026-08-13,,,,,,,,,,,,,,,,,,,,,
200,00967711989,00967711989280,767711989028,,EA,5,2026-08-13,,,,,,,,,,,,,,,,,,,,,
200,00967711989,00967711989290,767711989029,,EA,10,2026-08-13,,,,,,,,,,,,,,,,,,,,,
200,00967711989,00967711989300,767711989030,,EA,24,2026-08-13,,,,,,,,,,,,,,,,,,,,,
200,00967711989,00967711989310,767711989031,,EA,17,2026-08-13,,,,,,,,,,,,,,,,,,,,,
200,00967711989,00967711989320,767711989032,,EA,12,2026-08-13,,,,,,,,,,,,,,,,,,,,,
200,00967711989,00967711989330,767711989033,,EA,12,2026-08-13,,,,,,,,,,,,,,,,,,,,,
200,00967711989,00967711989340,767711989034,,EA,10,2026-08-13,,,,,,,,,,,,,,,,,,,,,
200,00967711988,0096771198810,76771198801,,EA,0,2026-10-08,,,,,,,,,,,,,,,,,,,,,
200,00967711987,0096771198710,76771198701,,EA,0,2026-08-27,,,,,,,,,,,,,,,,,,,,,
200,00967711987,0096771198720,76771198702,,EA,0,2026-09-10,,,,,,,,,,,,,,,,,,,,,
200,00967711987,0096771198730,76771198703,,EA,0,2026-09-10,,,,,,,,,,,,,,,,,,,,,
200,00967711987,0096771198740,76771198704,,EA,0,2026-08-27,,,,,,,,,,,,,,,,,,,,,
200,00967711987,0096771198750,76771198705,,EA,0,2026-08-27,,,,,,,,,,,,,,,,,,,,,
200,00967711986,0096771198610,76771198601,,EA,0,2026-11-06,,,,,,,,,,,,,,,,,,,,,
200,00967711985,0096771198510,76771198501,,EA,25,2026-08-07,,,,,,,,,,,,,,,,,,,,,
200,00967711985,0096771198520,76771198502,,EA,20,2026-08-07,,,,,,,,,,,,,,,,,,,,,
200,00967711983,0096771198310,76771198301,,EA,0,2026-09-03,,,,,,,,,,,,,,,,,,,,,
200,00967711982,0096771198210,76771198201,,EA,0,2026-09-03,,,,,,,,,,,,,,,,,,,,,
200,00967711982,0096771198220,76771198202,,EA,0,2026-09-10,,,,,,,,,,,,,,,,,,,,,
200,00967711982,0096771198230,76771198203,,EA,0,2026-08-27,,,,,,,,,,,,,,,,,,,,,
200,00967711981,0096771198110,76771198101,,EA,0,2026-08-27,,,,,,,,,,,,,,,,,,,,,
200,00967711981,0096771198120,76771198102,,EA,0,2026-08-27,,,,,,,,,,,,,,,,,,,,,
200,00967711981,0096771198130,76771198103,,EA,0,2026-09-03,,,,,,,,,,,,,,,,,,,,,
200,00967711981,0096771198140,76771198104,,EA,0,2026-09-03,,,,,,,,,,,,,,,,,,,,,
200,00967711981,0096771198150,76771198105,,EA,0,2026-08-27,,,,,,,,,,,,,,,,,,,,,
200,00967711979,0096771197910,76771197901,,EA,1,2026-08-20,,,,,,,,,,,,,,,,,,,,,
200,00967711977,0096771197710,76771197701,,EA,0,2026-09-24,,,,,,,,,,,,,,,,,,,,,
200,00967711973,0096771197310,76771197301,,EA,0,2026-08-30,,,,,,,,,,,,,,,,,,,,,
200,00967711972,0096771197210,76771197201,,LT,0,2026-08-31,,,,,,,,,,,,,,,,,,,,,
200,00967711971,0096771197120,76771197101,,EA,20,2026-08-07,,,,,,,,,,,,,,,,,,,,,
200,00967711966,0096771196610,76771196601,,EA,0,2026-10-27,,,,,,,,,,,,,,,,,,,,,
200,00967711966,0096771196620,76771196602,,EA,0,2026-10-27,,,,,,,,,,,,,,,,,,,,,
200,00967711965,0096771196510,76771196501,,EA,0,2026-10-09,,,,,,,,,,,,,,,,,,,,,
200,00967711965,0096771196520,76771196502,,EA,0,2026-10-09,,,,,,,,,,,,,,,,,,,,,
200,00967711965,0096771196530,76771196503,,EA,0,2026-10-09,,,,,,,,,,,,,,,,,,,,,
200,00967711965,0096771196540,76771196504,,EA,0,2026-10-09,,,,,,,,,,,,,,,,,,,,,
200,00967711965,0096771196550,76771196505,,EA,0,2026-10-09,,,,,,,,,,,,,,,,,,,,,
200,00967711965,0096771196560,76771196506,,EA,0,2026-10-09,,,,,,,,,,,,,,,,,,,,,
200,00967711965,0096771196570,76771196507,,EA,0,2026-10-09,,,,,,,,,,,,,,,,,,,,,
200,00967711965,0096771196580,76771196508,,EA,0,2026-10-09,,,,,,,,,,,,,,,,,,,,,
200,00967711965,0096771196590,76771196509,,EA,0,2026-10-09,,,,,,,,,,,,,,,,,,,,,
200,00967711965,00967711965100,767711965010,,EA,0,2026-10-09,,,,,,,,,,,,,,,,,,,,,
200,00967711965,00967711965110,767711965011,,EA,0,2026-10-09,,,,,,,,,,,,,,,,,,,,,
200,00967711965,00967711965120,767711965012,,EA,0,2026-10-09,,,,,,,,,,,,,,,,,,,,,
200,00967711965,00967711965130,767711965013,,EA,0,2026-10-09,,,,,,,,,,,,,,,,,,,,,
200,00967711962,0096771196210,76771196201,,EA,0,2026-09-15,,,,,,,,,,,,,,,,,,,,,
200,00967711961,0096771196110,76771196101,,EA,0,2026-08-18,,,,,,,,,,,,,,,,,,,,,
200,00967711961,0096771196120,76771196102,,EA,0,2026-08-10,,,,,,,,,,,,,,,,,,,,,
200,00967711959,0096771195910,76771195901,,EA,0,2026-08-10,,,,,,,,,,,,,,,,,,,,,
200,00967711957,0096771195710,76771195701,,EA,0,2026-09-03,,,,,,,,,,,,,,,,,,,,,
200,00967711957,0096771195720,76771195702,,EA,0,2026-09-03,,,,,,,,,,,,,,,,,,,,,
200,00967711957,0096771195730,76771195703,,EA,8,2026-08-25,,,,,,,,,,,,,,,,,,,,,
200,00967711957,0096771195740,76771195704,,EA,20,2026-08-25,,,,,,,,,,,,,,,,,,,,,
200,00967711957,0096771195750,76771195705,,EA,0,2026-09-03,,,,,,,,,,,,,,,,,,,,,
200,00967711957,0096771195760,76771195706,,EA,20,2026-08-25,,,,,,,,,,,,,,,,,,,,,
200,00967711957,0096771195770,76771195707,,EA,0,2026-09-03,,,,,,,,,,,,,,,,,,,,,
200,00967711956,0096771195610,76771195601,,EA,0,2026-09-10,,,,,,,,,,,,,,,,,,,,,
200,00967711956,0096771195620,76771195602,,EA,0,2026-08-27,,,,,,,,,,,,,,,,,,,,,
200,00967711956,0096771195630,76771195603,,EA,0,2026-09-03,,,,,,,,,,,,,,,,,,,,,
200,00967711956,0096771195640,76771195604,,EA,0,2026-08-27,,,,,,,,,,,,,,,,,,,,,
200,00967711956,0096771195650,76771195605,,EA,0,2026-09-17,,,,,,,,,,,,,,,,,,,,,
200,00967711956,0096771195660,76771195606,,EA,0,2026-08-27,,,,,,,,,,,,,,,,,,,,,
200,00967711956,0096771195670,76771195607,,EA,1,2026-08-25,,,,,,,,,,,,,,,,,,,,,
200,00967711956,0096771195680,76771195608,,EA,10,2026-08-25,,,,,,,,,,,,,,,,,,,,,
200,00967711955,0096771195510,76771195501,,IN,566,2026-08-11,,,,,,,,,,,,,,,,,,,,,
200,00967711955,0096771195510,76771195506,,IN,0,2026-08-12,,,,,,,,,,,,,,,,,,,,,
200,00967711955,0096771195520,76771195502,,IN,0,2026-09-04,,,,,,,,,,,,,,,,,,,,,
200,00967711955,0096771195530,76771195503,,IN,147,2026-08-11,,,,,,,,,,,,,,,,,,,,,
200,00967711955,0096771195530,76771195507,,IN,0,2026-08-12,,,,,,,,,,,,,,,,,,,,,
200,00967711955,0096771195540,76771195508,,IN,0,2026-08-26,,,,,,,,,,,,,,,,,,,,,
200,00967711955,0096771195540,76771195504,,IN,280,2026-08-19,,,,,,,,,,,,,,,,,,,,,
200,00967711955,0096771195550,76771195505,,IN,147,2026-08-19,,,,,,,,,,,,,,,,,,,,,
200,00967711955,0096771195550,76771195509,,IN,0,2026-08-26,,,,,,,,,,,,,,,,,,,,,
200,00967711954,0096771195410,76771195401,,EA,0,2026-09-03,,,,,,,,,,,,,,,,,,,,,
200,00967711954,0096771195420,76771195402,,EA,0,2026-09-10,,,,,,,,,,,,,,,,,,,,,
200,00967711954,0096771195430,76771195403,,EA,10,2026-08-25,,,,,,,,,,,,,,,,,,,,,
200,00967711954,0096771195450,76771195404,,EA,0,2026-09-03,,,,,,,,,,,,,,,,,,,,,
200,00967711953,0096771195310,76771195301,,EA,0,2026-11-17,,,,,,,,,,,,,,,,,,,,,
200,00967711953,0096771195320,76771195302,,EA,0,2026-11-10,,,,,,,,,,,,,,,,,,,,,
200,00967711953,0096771195330,76771195303,,EA,0,2026-11-10,,,,,,,,,,,,,,,,,,,,,
200,00967711953,0096771195340,76771195304,,EA,0,2026-11-10,,,,,,,,,,,,,,,,,,,,,
200,00967711953,0096771195350,76771195305,,EA,0,2026-10-27,,,,,,,,,,,,,,,,,,,,,
200,00967711953,0096771195360,76771195306,,EA,0,2026-10-27,,,,,,,,,,,,,,,,,,,,,
200,00967711953,0096771195370,76771195307,,EA,0,2026-10-27,,,,,,,,,,,,,,,,,,,,,
200,00967711953,0096771195380,76771195308,,EA,0,2026-10-27,,,,,,,,,,,,,,,,,,,,,
200,00967711953,0096771195390,76771195309,,EA,0,2026-10-27,,,,,,,,,,,,,,,,,,,,,
200,00967711953,00967711953100,767711953010,,EA,0,2026-10-27,,,,,,,,,,,,,,,,,,,,,
200,00967711953,00967711953110,767711953011,,EA,0,2026-11-17,,,,,,,,,,,,,,,,,,,,,
200,00967711953,00967711953120,767711953012,,EA,0,2026-11-17,,,,,,,,,,,,,,,,,,,,,
200,00967711953,00967711953130,767711953013,,EA,0,2026-11-17,,,,,,,,,,,,,,,,,,,,,
200,00967711953,00967711953140,767711953014,,EA,0,2026-10-27,,,,,,,,,,,,,,,,,,,,,
200,00967711953,00967711953150,767711953015,,EA,0,2026-10-27,,,,,,,,,,,,,,,,,,,,,
200,00967711953,00967711953160,767711953016,,EA,0,2026-12-08,,,,,,,,,,,,,,,,,,,,,
200,00967711953,00967711953170,767711953017,,EA,0,2026-11-17,,,,,,,,,,,,,,,,,,,,,
200,00967711953,00967711953180,767711953018,,EA,0,2026-12-08,,,,,,,,,,,,,,,,,,,,,
200,00967711953,00967711953190,767711953019,,EA,0,2026-11-24,,,,,,,,,,,,,,,,,,,,,
200,00967711953,00967711953200,767711953020,,EA,0,2026-11-24,,,,,,,,,,,,,,,,,,,,,
200,00967711953,00967711953210,767711953021,,EA,0,2026-11-24,,,,,,,,,,,,,,,,,,,,,
200,00967711953,00967711953220,767711953022,,EA,0,2026-11-24,,,,,,,,,,,,,,,,,,,,,
200,00967711953,00967711953230,767711953023,,EA,0,2026-11-24,,,,,,,,,,,,,,,,,,,,,
200,00967711953,00967711953240,767711953024,,EA,0,2026-11-24,,,,,,,,,,,,,,,,,,,,,
200,00967711953,00967711953250,767711953025,,EA,0,2026-11-24,,,,,,,,,,,,,,,,,,,,,
200,00967711953,00967711953260,767711953026,,EA,0,2026-11-24,,,,,,,,,,,,,,,,,,,,,
200,00967711953,00967711953270,767711953027,,EA,0,2026-10-20,,,,,,,,,,,,,,,,,,,,,
200,00967711953,00967711953280,767711953028,,EA,0,2026-10-20,,,,,,,,,,,,,,,,,,,,,
200,00967711953,00967711953290,767711953029,,EA,0,2026-10-20,,,,,,,,,,,,,,,,,,,,,
200,00967711953,00967711953300,767711953030,,EA,0,2026-10-20,,,,,,,,,,,,,,,,,,,,,
200,00967711953,00967711953310,767711953031,,EA,0,2026-10-20,,,,,,,,,,,,,,,,,,,,,
200,00967711953,00967711953320,767711953032,,EA,0,2026-10-20,,,,,,,,,,,,,,,,,,,,,
200,00967711953,00967711953330,767711953033,,EA,0,2026-10-20,,,,,,,,,,,,,,,,,,,,,
200,00967711953,00967711953340,767711953034,,EA,0,2026-10-20,,,,,,,,,,,,,,,,,,,,,
200,00967711953,00967711953350,767711953035,,EA,0,2026-10-20,,,,,,,,,,,,,,,,,,,,,
200,00967711953,00967711953360,767711953036,,ME,0,2026-10-20,,,,,,,,,,,,,,,,,,,,,
200,00967711953,00967711953370,767711953037,,EA,0,2026-10-20,,,,,,,,,,,,,,,,,,,,,
200,00967711953,00967711953380,767711953038,,EA,0,2026-10-20,,,,,,,,,,,,,,,,,,,,,
200,00967711952,0096771195210,76771195201,,EA,0,2026-10-27,,,,,,,,,,,,,,,,,,,,,
200,00967711952,0096771195220,76771195202,,EA,0,2026-10-27,,,,,,,,,,,,,,,,,,,,,
200,00967711952,0096771195230,76771195203,,EA,0,2026-10-27,,,,,,,,,,,,,,,,,,,,,
200,00967711952,0096771195240,76771195204,,EA,0,2026-10-27,,,,,,,,,,,,,,,,,,,,,
200,00967711952,0096771195250,76771195205,,EA,0,2026-10-27,,,,,,,,,,,,,,,,,,,,,
200,00967711952,0096771195260,76771195206,,EA,0,2026-10-27,,,,,,,,,,,,,,,,,,,,,
200,00967711952,0096771195270,76771195207,,EA,0,2026-11-03,,,,,,,,,,,,,,,,,,,,,
200,00967711952,0096771195280,76771195208,,EA,0,2026-11-03,,,,,,,,,,,,,,,,,,,,,
200,00967711952,0096771195290,76771195209,,EA,0,2026-11-03,,,,,,,,,,,,,,,,,,,,,
200,00967711952,00967711952100,767711952010,,EA,0,2026-11-10,,,,,,,,,,,,,,,,,,,,,
200,00967711952,00967711952110,767711952011,,EA,0,2026-11-10,,,,,,,,,,,,,,,,,,,,,
200,00967711952,00967711952120,767711952012,,EA,0,2026-11-10,,,,,,,,,,,,,,,,,,,,,
200,00967711952,00967711952130,767711952013,,EA,0,2026-11-10,,,,,,,,,,,,,,,,,,,,,
200,00967711952,00967711952140,767711952014,,EA,0,2026-11-10,,,,,,,,,,,,,,,,,,,,,
200,00967711952,00967711952150,767711952015,,EA,0,2026-11-10,,,,,,,,,,,,,,,,,,,,,
200,00967711952,00967711952160,767711952016,,EA,0,2026-11-10,,,,,,,,,,,,,,,,,,,,,
200,00967711952,00967711952170,767711952017,,EA,0,2026-11-10,,,,,,,,,,,,,,,,,,,,,
200,00967711952,00967711952180,767711952018,,EA,0,2026-11-10,,,,,,,,,,,,,,,,,,,,,
200,00967711952,00967711952190,767711952019,,EA,0,2026-11-10,,,,,,,,,,,,,,,,,,,,,
200,00967711952,00967711952200,767711952020,,EA,0,2026-11-10,,,,,,,,,,,,,,,,,,,,,
200,00967711952,00967711952210,767711952021,,EA,0,2026-11-10,,,,,,,,,,,,,,,,,,,,,
200,00967711952,00967711952220,767711952022,,EA,0,2026-11-10,,,,,,,,,,,,,,,,,,,,,
200,00967711952,00967711952230,767711952023,,EA,0,2026-11-10,,,,,,,,,,,,,,,,,,,,,
200,00967711952,00967711952240,767711952024,,EA,0,2026-11-10,,,,,,,,,,,,,,,,,,,,,
200,00967711952,00967711952250,767711952025,,EA,0,2026-11-10,,,,,,,,,,,,,,,,,,,,,
200,00967711952,00967711952260,767711952026,,EA,0,2026-10-27,,,,,,,,,,,,,,,,,,,,,
200,00967711952,00967711952270,767711952027,,EA,0,2026-10-27,,,,,,,,,,,,,,,,,,,,,
200,00967711952,00967711952280,767711952028,,EA,0,2026-10-27,,,,,,,,,,,,,,,,,,,,,
200,00967711952,00967711952290,767711952029,,EA,0,2026-10-27,,,,,,,,,,,,,,,,,,,,,
200,00967711952,00967711952300,767711952030,,EA,0,2026-10-27,,,,,,,,,,,,,,,,,,,,,
200,00967711952,00967711952310,767711952031,,EA,0,2026-10-27,,,,,,,,,,,,,,,,,,,,,
200,00967711952,00967711952320,767711952032,,EA,0,2026-10-27,,,,,,,,,,,,,,,,,,,,,
200,00967711952,00967711952330,767711952033,,EA,0,2026-10-27,,,,,,,,,,,,,,,,,,,,,
200,00967711952,00967711952340,767711952034,,EA,0,2026-10-27,,,,,,,,,,,,,,,,,,,,,
200,00967711952,00967711952350,767711952035,,EA,0,2026-11-03,,,,,,,,,,,,,,,,,,,,,
200,00967711952,00967711952360,767711952036,,EA,0,2026-11-03,,,,,,,,,,,,,,,,,,,,,
200,00967711952,00967711952370,767711952037,,EA,0,2026-12-08,,,,,,,,,,,,,,,,,,,,,
200,00967711952,00967711952380,767711952038,,EA,0,2026-11-03,,,,,,,,,,,,,,,,,,,,,
200,00967711952,00967711952390,767711952039,,EA,0,2026-11-10,,,,,,,,,,,,,,,,,,,,,
200,00967711951,0096771195110,76771195101,,EA,0,2026-10-27,,,,,,,,,,,,,,,,,,,,,
200,00967711951,0096771195120,76771195102,,EA,0,2026-10-27,,,,,,,,,,,,,,,,,,,,,
200,00967711951,0096771195130,76771195103,,EA,0,2026-10-27,,,,,,,,,,,,,,,,,,,,,
200,00967711951,0096771195140,76771195104,,EA,0,2026-10-27,,,,,,,,,,,,,,,,,,,,,
200,00967711951,0096771195150,76771195105,,EA,0,2026-10-27,,,,,,,,,,,,,,,,,,,,,
200,00967711951,0096771195160,76771195106,,EA,0,2026-10-27,,,,,,,,,,,,,,,,,,,,,
200,00967711951,0096771195170,76771195107,,EA,0,2026-10-27,,,,,,,,,,,,,,,,,,,,,
200,00967711951,0096771195180,76771195108,,EA,0,2026-10-27,,,,,,,,,,,,,,,,,,,,,
200,00967711951,0096771195190,76771195109,,EA,0,2026-11-03,,,,,,,,,,,,,,,,,,,,,
200,00967711951,00967711951100,767711951010,,EA,0,2026-11-03,,,,,,,,,,,,,,,,,,,,,
200,00967711951,00967711951110,767711951011,,EA,0,2026-11-03,,,,,,,,,,,,,,,,,,,,,
200,00967711951,00967711951120,767711951012,,EA,0,2026-11-03,,,,,,,,,,,,,,,,,,,,,
200,00967711951,00967711951130,767711951013,,EA,0,2026-11-10,,,,,,,,,,,,,,,,,,,,,
200,00967711951,00967711951140,767711951014,,EA,0,2026-11-10,,,,,,,,,,,,,,,,,,,,,
200,00967711951,00967711951150,767711951015,,EA,0,2026-11-10,,,,,,,,,,,,,,,,,,,,,
200,00967711951,00967711951160,767711951016,,EA,0,2026-11-10,,,,,,,,,,,,,,,,,,,,,
200,00967711951,00967711951170,767711951017,,EA,0,2026-11-10,,,,,,,,,,,,,,,,,,,,,
200,00967711951,00967711951180,767711951018,,EA,0,2026-11-10,,,,,,,,,,,,,,,,,,,,,
200,00967711951,00967711951190,767711951019,,EA,0,2026-11-10,,,,,,,,,,,,,,,,,,,,,
200,00967711951,00967711951200,767711951020,,EA,0,2026-11-10,,,,,,,,,,,,,,,,,,,,,
200,00967711951,00967711951210,767711951021,,EA,0,2026-10-27,,,,,,,,,,,,,,,,,,,,,
200,00967711951,00967711951220,767711951022,,EA,0,2026-10-27,,,,,,,,,,,,,,,,,,,,,
200,00967711951,00967711951230,767711951023,,EA,0,2026-10-27,,,,,,,,,,,,,,,,,,,,,
200,00967711951,00967711951240,767711951024,,EA,0,2026-10-27,,,,,,,,,,,,,,,,,,,,,
200,00967711951,00967711951250,767711951025,,EA,0,2026-10-27,,,,,,,,,,,,,,,,,,,,,
200,00967711951,00967711951260,767711951026,,EA,0,2026-10-27,,,,,,,,,,,,,,,,,,,,,
200,00967711951,00967711951270,767711951027,,EA,0,2026-10-27,,,,,,,,,,,,,,,,,,,,,
200,00967711951,00967711951280,767711951028,,EA,0,2026-10-27,,,,,,,,,,,,,,,,,,,,,
200,00967711951,00967711951290,767711951029,,EA,0,2026-11-24,,,,,,,,,,,,,,,,,,,,,
200,00967711951,00967711951300,767711951030,,EA,0,2026-10-27,,,,,,,,,,,,,,,,,,,,,
200,00967711951,00967711951310,767711951031,,EA,0,2026-10-27,,,,,,,,,,,,,,,,,,,,,
200,00967711951,00967711951320,767711951032,,EA,0,2026-10-27,,,,,,,,,,,,,,,,,,,,,
200,00967711951,00967711951330,767711951033,,EA,0,2026-10-27,,,,,,,,,,,,,,,,,,,,,
200,00967711951,00967711951340,767711951034,,EA,0,2026-10-27,,,,,,,,,,,,,,,,,,,,,
200,00967711951,00967711951350,767711951035,,EA,0,2026-10-27,,,,,,,,,,,,,,,,,,,,,
200,00967711951,00967711951360,767711951036,,EA,0,2026-10-27,,,,,,,,,,,,,,,,,,,,,
200,00967711951,00967711951370,767711951037,,EA,0,2026-10-27,,,,,,,,,,,,,,,,,,,,,
200,00967711951,00967711951380,767711951038,,EA,0,2026-10-27,,,,,,,,,,,,,,,,,,,,,
200,00967711951,00967711951390,767711951039,,EA,0,2026-10-27,,,,,,,,,,,,,,,,,,,,,
200,00967711950,0096771195010,76771195001,,EA,0,2026-10-27,,,,,,,,,,,,,,,,,,,,,
200,00967711950,0096771195020,76771195002,,EA,0,2026-10-27,,,,,,,,,,,,,,,,,,,,,
200,00967711950,0096771195030,76771195003,,EA,0,2026-10-27,,,,,,,,,,,,,,,,,,,,,
200,00967711950,0096771195040,76771195004,,EA,0,2026-10-27,,,,,,,,,,,,,,,,,,,,,
200,00967711950,0096771195050,76771195005,,EA,0,2026-10-27,,,,,,,,,,,,,,,,,,,,,
200,00967711950,0096771195060,76771195006,,EA,0,2026-10-27,,,,,,,,,,,,,,,,,,,,,
200,00967711950,0096771195070,76771195007,,EA,0,2026-10-27,,,,,,,,,,,,,,,,,,,,,
200,00967711950,0096771195080,76771195008,,EA,0,2026-11-03,,,,,,,,,,,,,,,,,,,,,
200,00967711950,0096771195090,76771195009,,EA,0,2026-11-03,,,,,,,,,,,,,,,,,,,,,
200,00967711950,00967711950100,767711950010,,EA,0,2026-11-03,,,,,,,,,,,,,,,,,,,,,
200,00967711950,00967711950110,767711950011,,EA,0,2026-11-03,,,,,,,,,,,,,,,,,,,,,
200,00967711950,00967711950120,767711950012,,EA,0,2026-11-03,,,,,,,,,,,,,,,,,,,,,
200,00967711950,00967711950130,767711950013,,EA,0,2026-11-17,,,,,,,,,,,,,,,,,,,,,
200,00967711950,00967711950140,767711950014,,EA,0,2026-11-17,,,,,,,,,,,,,,,,,,,,,
200,00967711950,00967711950150,767711950015,,EA,0,2026-11-17,,,,,,,,,,,,,,,,,,,,,
200,00967711950,00967711950160,767711950016,,EA,0,2026-11-17,,,,,,,,,,,,,,,,,,,,,
200,00967711950,00967711950170,767711950017,,EA,0,2026-11-17,,,,,,,,,,,,,,,,,,,,,
200,00967711950,00967711950180,767711950018,,EA,0,2026-11-24,,,,,,,,,,,,,,,,,,,,,
200,00967711950,00967711950190,767711950019,,EA,0,2026-11-24,,,,,,,,,,,,,,,,,,,,,
200,00967711950,00967711950200,767711950020,,EA,0,2026-11-24,,,,,,,,,,,,,,,,,,,,,
200,00967711950,00967711950210,767711950021,,EA,0,2026-11-24,,,,,,,,,,,,,,,,,,,,,
200,00967711950,00967711950220,767711950022,,EA,0,2026-11-24,,,,,,,,,,,,,,,,,,,,,
200,00967711950,00967711950230,767711950023,,EA,0,2026-11-24,,,,,,,,,,,,,,,,,,,,,
200,00967711950,00967711950240,767711950024,,EA,0,2026-11-24,,,,,,,,,,,,,,,,,,,,,
200,00967711950,00967711950250,767711950025,,EA,0,2026-11-24,,,,,,,,,,,,,,,,,,,,,
200,00967711950,00967711950260,767711950026,,EA,0,2026-11-24,,,,,,,,,,,,,,,,,,,,,
200,00967711950,00967711950270,767711950027,,EA,0,2026-11-24,,,,,,,,,,,,,,,,,,,,,
200,00967711950,00967711950280,767711950028,,EA,0,2026-11-24,,,,,,,,,,,,,,,,,,,,,
200,00967711950,00967711950290,767711950029,,EA,0,2026-11-24,,,,,,,,,,,,,,,,,,,,,
200,00967711950,00967711950300,767711950030,,EA,0,2026-11-24,,,,,,,,,,,,,,,,,,,,,
200,00967711950,00967711950310,767711950031,,EA,0,2026-11-24,,,,,,,,,,,,,,,,,,,,,
200,00967711950,00967711950320,767711950032,,EA,0,2026-11-24,,,,,,,,,,,,,,,,,,,,,
200,00967711950,00967711950330,767711950033,,EA,0,2026-11-24,,,,,,,,,,,,,,,,,,,,,
200,00967711950,00967711950340,767711950034,,EA,0,2026-11-10,,,,,,,,,,,,,,,,,,,,,
200,00967711950,00967711950350,767711950035,,EA,0,2026-10-27,,,,,,,,,,,,,,,,,,,,,
200,00967711950,00967711950360,767711950036,,EA,0,2026-10-27,,,,,,,,,,,,,,,,,,,,,
200,00967711949,0096771194910,76771194901,,EA,0,2026-10-27,,,,,,,,,,,,,,,,,,,,,
200,00967711949,0096771194920,76771194902,,EA,0,2026-10-13,,,,,,,,,,,,,,,,,,,,,
200,00967711949,0096771194930,76771194903,,EA,0,2026-11-10,,,,,,,,,,,,,,,,,,,,,
200,00967711949,0096771194940,76771194904,,EA,0,2026-11-10,,,,,,,,,,,,,,,,,,,,,
200,00967711949,0096771194950,76771194905,,EA,0,2026-11-10,,,,,,,,,,,,,,,,,,,,,
200,00967711949,0096771194960,76771194906,,EA,0,2026-11-10,,,,,,,,,,,,,,,,,,,,,
200,00967711949,0096771194970,76771194907,,EA,0,2026-11-10,,,,,,,,,,,,,,,,,,,,,
200,00967711949,0096771194980,76771194908,,EA,0,2026-11-10,,,,,,,,,,,,,,,,,,,,,
200,00967711949,0096771194990,76771194909,,EA,0,2026-11-10,,,,,,,,,,,,,,,,,,,,,
200,00967711949,00967711949100,767711949010,,EA,0,2026-10-13,,,,,,,,,,,,,,,,,,,,,
200,00967711949,00967711949110,767711949011,,EA,0,2026-10-27,,,,,,,,,,,,,,,,,,,,,
200,00967711949,00967711949120,767711949012,,EA,0,2026-10-27,,,,,,,,,,,,,,,,,,,,,
200,00967711949,00967711949130,767711949013,,EA,0,2026-10-27,,,,,,,,,,,,,,,,,,,,,
200,00967711949,00967711949140,767711949014,,EA,0,2026-10-27,,,,,,,,,,,,,,,,,,,,,
200,00967711949,00967711949150,767711949015,,EA,0,2026-10-27,,,,,,,,,,,,,,,,,,,,,
200,00967711949,00967711949160,767711949016,,EA,0,2026-10-27,,,,,,,,,,,,,,,,,,,,,
200,00967711949,00967711949170,767711949017,,EA,0,2026-10-27,,,,,,,,,,,,,,,,,,,,,
200,00967711949,00967711949180,767711949018,,EA,0,2026-10-27,,,,,,,,,,,,,,,,,,,,,
200,00967711949,00967711949190,767711949019,,EA,0,2026-10-13,,,,,,,,,,,,,,,,,,,,,
200,00967711949,00967711949200,767711949020,,EA,0,2026-10-13,,,,,,,,,,,,,,,,,,,,,
200,00967711949,00967711949210,767711949021,,EA,0,2026-10-20,,,,,,,,,,,,,,,,,,,,,
200,00967711949,00967711949220,767711949022,,EA,0,2026-10-20,,,,,,,,,,,,,,,,,,,,,
200,00967711949,00967711949230,767711949023,,EA,0,2026-10-20,,,,,,,,,,,,,,,,,,,,,
200,00967711949,00967711949240,767711949024,,EA,0,2026-10-27,,,,,,,,,,,,,,,,,,,,,
200,00967711949,00967711949250,767711949025,,EA,0,2026-10-13,,,,,,,,,,,,,,,,,,,,,
200,00967711949,00967711949260,767711949026,,EA,0,2026-10-13,,,,,,,,,,,,,,,,,,,,,
200,00967711949,00967711949270,767711949027,,EA,0,2026-10-13,,,,,,,,,,,,,,,,,,,,,
200,00967711949,00967711949280,767711949028,,EA,0,2026-11-17,,,,,,,,,,,,,,,,,,,,,
200,00967711949,00967711949290,767711949029,,EA,0,2026-11-17,,,,,,,,,,,,,,,,,,,,,
200,00967711949,00967711949300,767711949030,,EA,0,2026-11-17,,,,,,,,,,,,,,,,,,,,,
200,00967711949,00967711949310,767711949031,,EA,0,2026-11-17,,,,,,,,,,,,,,,,,,,,,
200,00967711949,00967711949320,767711949032,,EA,0,2026-11-17,,,,,,,,,,,,,,,,,,,,,
200,00967711949,00967711949330,767711949033,,EA,0,2026-11-17,,,,,,,,,,,,,,,,,,,,,
200,00967711949,00967711949340,767711949034,,EA,0,2026-11-17,,,,,,,,,,,,,,,,,,,,,
200,00967711949,00967711949350,767711949035,,EA,0,2026-11-17,,,,,,,,,,,,,,,,,,,,,
200,00967711949,00967711949360,767711949036,,EA,0,2026-11-17,,,,,,,,,,,,,,,,,,,,,
200,00967711949,00967711949370,767711949037,,EA,0,2026-11-17,,,,,,,,,,,,,,,,,,,,,
200,00967711949,00967711949380,767711949038,,EA,0,2026-11-24,,,,,,,,,,,,,,,,,,,,,
200,00967711949,00967711949390,767711949039,,EA,0,2026-11-24,,,,,,,,,,,,,,,,,,,,,
200,00967711948,0096771194810,76771194801,,EA,9,2026-08-11,,,,,,,,,,,,,,,,,,,,,
200,00967711947,0096771194720,76771194701,,EA,15,2026-08-05,,,,,,,,,,,,,,,,,,,,,
200,00967711947,0096771194740,76771194702,,EA,6,2026-08-05,,,,,,,,,,,,,,,,,,,,,
200,00967711946,0096771194610,76771194601,,EA,0,2026-09-03,,,,,,,,,,,,,,,,,,,,,
200,00967711946,0096771194620,76771194602,,EA,0,2026-09-03,,,,,,,,,,,,,,,,,,,,,
200,00967711946,0096771194630,76771194603,,EA,0,2026-09-03,,,,,,,,,,,,,,,,,,,,,
200,00967711945,0096771194510,76771194501,,EA,0,2026-09-03,,,,,,,,,,,,,,,,,,,,,
200,00967711945,0096771194520,76771194502,,EA,0,2026-09-03,,,,,,,,,,,,,,,,,,,,,
200,00967711945,0096771194530,76771194503,,EA,0,2026-09-03,,,,,,,,,,,,,,,,,,,,,
200,00967711945,0096771194540,76771194504,,EA,2,2026-08-25,,,,,,,,,,,,,,,,,,,,,
200,00967711945,0096771194550,76771194505,,EA,2,2026-08-25,,,,,,,,,,,,,,,,,,,,,
200,00967711944,0096771194410,76771194401,,EA,0,2026-09-03,,,,,,,,,,,,,,,,,,,,,
200,00967711944,0096771194430,76771194402,,EA,4,2026-08-25,,,,,,,,,,,,,,,,,,,,,
200,00967711944,0096771194440,76771194403,,EA,0,2026-09-03,,,,,,,,,,,,,,,,,,,,,
200,00967711944,0096771194450,76771194404,,EA,0,2026-09-03,,,,,,,,,,,,,,,,,,,,,
200,00967711944,0096771194460,76771194405,,EA,8,2026-08-25,,,,,,,,,,,,,,,,,,,,,
200,00967711944,0096771194470,76771194406,,EA,36,2026-08-25,,,,,,,,,,,,,,,,,,,,,
200,00967711944,0096771194480,76771194407,,EA,0,2026-08-27,,,,,,,,,,,,,,,,,,,,,
200,00967711944,0096771194490,76771194408,,EA,0,2026-08-27,,,,,,,,,,,,,,,,,,,,,
200,00967711944,00967711944100,76771194409,,EA,8,2026-08-25,,,,,,,,,,,,,,,,,,,,,
200,00967711944,00967711944110,767711944010,,EA,20,2026-08-25,,,,,,,,,,,,,,,,,,,,,
200,00967711944,00967711944120,767711944011,,EA,0,2026-09-03,,,,,,,,,,,,,,,,,,,,,
200,00967711944,00967711944130,767711944012,,EA,0,2026-08-27,,,,,,,,,,,,,,,,,,,,,
200,00967711944,00967711944140,767711944013,,EA,1,2026-08-25,,,,,,,,,,,,,,,,,,,,,
200,00967711943,0096771194310,76771194301,,EA,1,2026-08-14,,,,,,,,,,,,,,,,,,,,,
200,00967711940,0096771194010,76771194001,,EA,1,2026-08-04,,,,,,,,,,,,,,,,,,,,,
200,00967711937,0096771193720,76771193701,,EA,0,2026-08-27,,,,,,,,,,,,,,,,,,,,,
200,00967711937,0096771193730,76771193702,,EA,3,2026-08-25,,,,,,,,,,,,,,,,,,,,,
200,00967711937,0096771193740,76771193703,,EA,0,2026-09-03,,,,,,,,,,,,,,,,,,,,,
200,00967711937,0096771193760,76771193704,,EA,0,2026-09-03,,,,,,,,,,,,,,,,,,,,,
200,00967711935,0096771193510,76771193501,,EA,1,2026-08-04,,,,,,,,,,,,,,,,,,,,,
200,00967711934,0096771193410,76771193401,,EA,0,2026-08-27,,,,,,,,,,,,,,,,,,,,,
200,00967711934,0096771193420,76771193402,,EA,0,2026-08-27,,,,,,,,,,,,,,,,,,,,,
200,00967711934,0096771193430,76771193403,,EA,0,2026-08-27,,,,,,,,,,,,,,,,,,,,,
200,00967711934,0096771193440,76771193404,,EA,0,2026-08-27,,,,,,,,,,,,,,,,,,,,,
200,00967711934,0096771193450,76771193405,,EA,0,2026-09-03,,,,,,,,,,,,,,,,,,,,,
200,00967711934,0096771193460,76771193406,,EA,0,2026-09-03,,,,,,,,,,,,,,,,,,,,,
200,00967711934,0096771193470,76771193407,,EA,0,2026-09-03,,,,,,,,,,,,,,,,,,,,,
200,00967711931,0096771193110,76771193101,,EA,10,2026-08-04,,,,,,,,,,,,,,,,,,,,,
200,00967711931,0096771193120,76771193102,,EA,1,2026-08-05,,,,,,,,,,,,,,,,,,,,,
200,00967711931,0096771193120,76771193104,,EA,-1,2026-08-05,,,,,,,,,,,,,,,,,,,,,
200,00967711931,0096771193120,76771193105,,EA,0,2026-07-31,,,,,,,,,,,,,,,,,,,,,
200,00967711931,0096771193130,76771193103,,EA,10,2026-07-31,,,,,,,,,,,,,,,,,,,,,
200,00967711927,0096771192710,76771192701,,EA,6,2026-08-11,,,,,,,,,,,,,,,,,,,,,
200,00967711927,0096771192720,76771192702,,EA,16,2026-08-11,,,,,,,,,,,,,,,,,,,,,
200,00967711927,0096771192730,76771192703,,EA,24,2026-08-11,,,,,,,,,,,,,,,,,,,,,
200,00967711927,0096771192740,76771192704,,EA,60,2026-08-11,,,,,,,,,,,,,,,,,,,,,
200,00967711927,0096771192750,76771192705,,EA,5,2026-08-11,,,,,,,,,,,,,,,,,,,,,
200,00967711925,0096771192510,76771192501,,EA,2,2026-07-30,,,,,,,,,,,,,,,,,,,,,
200,00967711925,0096771192510,76771192502,,EA,2,2026-07-30,,,,,,,,,,,,,,,,,,,,,
200,00967711921,0096771192110,76771192101,,EA,1,2026-07-31,,,,,,,,,,,,,,,,,,,,,
200,00967711918,0096771191810,76771191801,,EA,8,2026-08-25,,,,,,,,,,,,,,,,,,,,,
200,00967711918,0096771191820,76771191802,,EA,0,2026-08-27,,,,,,,,,,,,,,,,,,,,,
200,00967711918,0096771191830,76771191803,,EA,0,2026-08-27,,,,,,,,,,,,,,,,,,,,,
200,00967711918,0096771191840,76771191804,,EA,0,2026-08-27,,,,,,,,,,,,,,,,,,,,,
200,00967711918,0096771191850,76771191805,,EA,0,2026-09-03,,,,,,,,,,,,,,,,,,,,,
200,00967711915,0096771191510,76771191501,,EA,20,2026-08-17,,,,,,,,,,,,,,,,,,,,,
200,00967711912,0096771191210,76771191201,,EA,0,2026-08-25,,,,,,,,,,,,,,,,,,,,,
200,00967711912,0096771191220,76771191202,,EA,0,2026-08-25,,,,,,,,,,,,,,,,,,,,,
200,00967711912,0096771191230,76771191203,,EA,0,2026-08-25,,,,,,,,,,,,,,,,,,,,,
200,00967711911,0096771191110,76771191101,,EA,0,2026-08-28,,,,,,,,,,,,,,,,,,,,,
200,00967711911,0096771191120,76771191102,,EA,0,2026-08-25,,,,,,,,,,,,,,,,,,,,,
200,00967711911,0096771191130,76771191103,,EA,0,2026-08-28,,,,,,,,,,,,,,,,,,,,,
200,00967711909,0096771190910,76771190901,,EA,1,2026-07-31,,,,,,,,,,,,,,,,,,,,,
200,00967711908,0096771190810,76771190801,,EA,0,2026-09-25,,,,,,,,,,,,,,,,,,,,,
200,00967711908,0096771190820,76771190802,,EA,0,2026-09-25,,,,,,,,,,,,,,,,,,,,,
200,00967711908,0096771190830,76771190803,,EA,0,2026-09-25,,,,,,,,,,,,,,,,,,,,,
200,00967711908,0096771190840,76771190804,,EA,0,2026-09-25,,,,,,,,,,,,,,,,,,,,,
200,00967711908,0096771190850,76771190805,,EA,0,2026-09-25,,,,,,,,,,,,,,,,,,,,,
200,00967711908,0096771190860,76771190806,,EA,0,2026-09-25,,,,,,,,,,,,,,,,,,,,,
200,00967711908,0096771190870,76771190807,,EA,0,2026-09-25,,,,,,,,,,,,,,,,,,,,,
200,00967711907,0096771190710,76771190701,,EA,50,2026-07-31,,,,,,,,,,,,,,,,,,,,,
200,00967711907,0096771190720,76771190702,,EA,15,2026-07-31,,,,,,,,,,,,,,,,,,,,,
200,00967711907,0096771190730,76771190703,,EA,150,2026-07-31,,,,,,,,,,,,,,,,,,,,,
200,00967711907,0096771190740,76771190704,,EA,125,2026-07-31,,,,,,,,,,,,,,,,,,,,,
200,00967711907,0096771190750,76771190705,,EA,45,2026-07-31,,,,,,,,,,,,,,,,,,,,,
200,00967711907,0096771190760,76771190706,,EA,50,2026-07-31,,,,,,,,,,,,,,,,,,,,,
200,00967711907,0096771190770,76771190707,,EA,40,2026-07-31,,,,,,,,,,,,,,,,,,,,,
200,00967711907,0096771190780,76771190708,,EA,65,2026-07-31,,,,,,,,,,,,,,,,,,,,,
200,00967711907,00967711907100,76771190709,,EA,50,2026-07-31,,,,,,,,,,,,,,,,,,,,,
200,00967711907,00967711907110,767711907010,,EA,100,2026-07-31,,,,,,,,,,,,,,,,,,,,,
200,00967711907,00967711907120,767711907011,,EA,22,2026-07-31,,,,,,,,,,,,,,,,,,,,,
200,00967711907,00967711907130,767711907012,,EA,15,2026-07-31,,,,,,,,,,,,,,,,,,,,,
200,00967711907,00967711907140,767711907013,,EA,0,2026-08-03,,,,,,,,,,,,,,,,,,,,,
200,00967711907,00967711907150,767711907014,,EA,0,2026-08-03,,,,,,,,,,,,,,,,,,,,,
200,00967711907,00967711907160,767711907015,,EA,0,2026-08-03,,,,,,,,,,,,,,,,,,,,,
200,00967711907,00967711907170,767711907016,,EA,0,2026-08-03,,,,,,,,,,,,,,,,,,,,,
200,00967711907,00967711907180,767711907017,,EA,125,2026-07-31,,,,,,,,,,,,,,,,,,,,,
200,00967711907,00967711907190,767711907018,,EA,45,2026-07-31,,,,,,,,,,,,,,,,,,,,,
200,00967711907,00967711907200,767711907019,,EA,37,2026-07-31,,,,,,,,,,,,,,,,,,,,,
200,00967711907,00967711907210,767711907020,,EA,100,2026-07-31,,,,,,,,,,,,,,,,,,,,,
200,00967711907,00967711907220,767711907021,,EA,50,2026-07-31,,,,,,,,,,,,,,,,,,,,,
200,00967711907,00967711907230,767711907022,,EA,50,2026-07-31,,,,,,,,,,,,,,,,,,,,,
200,00967711907,00967711907240,767711907023,,EA,50,2026-07-31,,,,,,,,,,,,,,,,,,,,,
200,00967711907,00967711907250,767711907024,,EA,10,2026-07-31,,,,,,,,,,,,,,,,,,,,,
200,00967711907,00967711907260,767711907025,,EA,25,2026-07-31,,,,,,,,,,,,,,,,,,,,,
200,00967711906,0096771190610,76771190601,,EA,0,2026-10-08,,,,,,,,,,,,,,,,,,,,,
200,00967711904,0096771190410,76771190401,,EA,0,2026-09-14,,,,,,,,,,,,,,,,,,,,,
200,00967711903,0096771190310,76771190301,,IN,600,2026-08-03,,,,,,,,,,,,,,,,,,,,,
200,00967711903,0096771190320,76771190302,,IN,300,2026-08-03,,,,,,,,,,,,,,,,,,,,,
200,00967711903,0096771190330,76771190303,,IN,240,2026-08-12,,,,,,,,,,,,,,,,,,,,,
200,00967711903,0096771190330,767711903012,,IN,0,2026-08-13,,,,,,,,,,,,,,,,,,,,,
200,00967711903,0096771190340,767711903013,,IN,0,2026-08-13,,,,,,,,,,,,,,,,,,,,,
200,00967711903,0096771190340,76771190304,,IN,120,2026-08-12,,,,,,,,,,,,,,,,,,,,,
200,00967711903,0096771190350,76771190305,,IN,252,2026-08-12,,,,,,,,,,,,,,,,,,,,,
200,00967711903,0096771190350,767711903014,,IN,0,2026-08-13,,,,,,,,,,,,,,,,,,,,,
200,00967711903,0096771190360,767711903015,,IN,0,2026-08-13,,,,,,,,,,,,,,,,,,,,,
200,00967711903,0096771190360,76771190306,,IN,289,2026-08-12,,,,,,,,,,,,,,,,,,,,,
200,00967711903,0096771190370,76771190307,,IN,120,2026-08-24,,,,,,,,,,,,,,,,,,,,,
200,00967711903,0096771190370,767711903011,,IN,0,2026-08-13,,,,,,,,,,,,,,,,,,,,,
200,00967711903,0096771190380,767711903010,,IN,0,2026-08-13,,,,,,,,,,,,,,,,,,,,,
200,00967711903,0096771190380,76771190308,,IN,247,2026-08-14,,,,,,,,,,,,,,,,,,,,,
200,00967711903,0096771190390,76771190309,,IN,279,2026-08-12,,,,,,,,,,,,,,,,,,,,,
200,00967711903,0096771190390,767711903016,,IN,0,2026-08-13,,,,,,,,,,,,,,,,,,,,,
200,00967711901,0096771190110,76771190101,,EA,0,2026-09-07,,,,,,,,,,,,,,,,,,,,,
200,00967711901,0096771190120,76771190102,,EA,0,2026-09-07,,,,,,,,,,,,,,,,,,,,,
200,00967711899,0096771189910,76771189901,,IN,0,2026-08-19,,,,,,,,,,,,,,,,,,,,,
200,00967711896,0096771189620,76771189601,,EA,4,2026-08-25,,,,,,,,,,,,,,,,,,,,,
200,00967711896,0096771189640,76771189602,,EA,0,2026-09-03,,,,,,,,,,,,,,,,,,,,,
200,00967711893,0096771189310,76771189301,,EA,2,2026-07-31,,,,,,,,,,,,,,,,,,,,,
200,00967711893,0096771189320,76771189302,,EA,1,2026-07-31,,,,,,,,,,,,,,,,,,,,,
200,00967711893,0096771189330,76771189303,,EA,14,2026-07-31,,,,,,,,,,,,,,,,,,,,,
200,00967711892,0096771189210,76771189201,,LT,0,2026-07-30,,,,,,,,,,,,,,,,,,,,,
200,00967711889,0096771188910,76771188901,,EA,2,2026-07-28,,,,,,,,,,,,,,,,,,,,,
200,00967711889,0096771188920,76771188902,,EA,3,2026-07-29,,,,,,,,,,,,,,,,,,,,,
200,00967711889,0096771188930,76771188903,,EA,2,2026-07-28,,,,,,,,,,,,,,,,,,,,,
200,00967711889,0096771188940,76771188904,,EA,1,2026-07-28,,,,,,,,,,,,,,,,,,,,,
200,00967711886,0096771188620,76771188601,,EA,0,2026-09-10,,,,,,,,,,,,,,,,,,,,,
200,00967711886,0096771188630,76771188602,,EA,1,2026-08-25,,,,,,,,,,,,,,,,,,,,,
200,00967711885,0096771188510,76771188501,,EA,6,2026-07-29,,,,,,,,,,,,,,,,,,,,,
200,00967711885,0096771188520,76771188502,,EA,3,2026-07-29,,,,,,,,,,,,,,,,,,,,,
200,00967711885,0096771188530,76771188503,,EA,2,2026-07-29,,,,,,,,,,,,,,,,,,,,,
200,00967711885,0096771188540,76771188504,,EA,0,2026-08-30,,,,,,,,,,,,,,,,,,,,,
200,00967711881,0096771188110,76771188101,,EA,0,2026-08-27,,,,,,,,,,,,,,,,,,,,,
200,00967711881,0096771188120,76771188102,,EA,0,2026-09-17,,,,,,,,,,,,,,,,,,,,,
200,00967711881,0096771188130,76771188103,,EA,2,2026-08-25,,,,,,,,,,,,,,,,,,,,,
200,00967711881,0096771188140,76771188104,,EA,0,2026-08-27,,,,,,,,,,,,,,,,,,,,,
200,00967711878,0096771187820,76771187801,,EA,5,2026-08-25,,,,,,,,,,,,,,,,,,,,,
200,00967711875,0096771187520,76771187501,,EA,0,2026-09-10,,,,,,,,,,,,,,,,,,,,,
200,00967711874,0096771187410,76771187401,,EA,0,2026-09-29,,,,,,,,,,,,,,,,,,,,,
200,00967711872,0096771187210,76771187201,,EA,0,2026-08-20,,,,,,,,,,,,,,,,,,,,,
200,00967711869,0096771186910,76771186901,,EA,0,2026-09-30,,,,,,,,,,,,,,,,,,,,,
200,00967711869,0096771186920,76771186902,,EA,0,2026-11-13,,,,,,,,,,,,,,,,,,,,,
200,00967711869,0096771186930,76771186903,,EA,0,2026-10-27,,,,,,,,,,,,,,,,,,,,,
200,00967711869,0096771186940,76771186904,,EA,0,2026-10-20,,,,,,,,,,,,,,,,,,,,,
200,00967711869,0096771186950,76771186905,,EA,0,2026-10-20,,,,,,,,,,,,,,,,,,,,,
200,00967711869,0096771186960,76771186906,,EA,0,2026-09-30,,,,,,,,,,,,,,,,,,,,,
200,00967711869,0096771186970,76771186907,,EA,0,2026-09-30,,,,,,,,,,,,,,,,,,,,,
200,00967711869,0096771186980,76771186908,,EA,0,2026-09-30,,,,,,,,,,,,,,,,,,,,,
200,00967711868,0096771186810,76771186801,,EA,0,2026-09-30,,,,,,,,,,,,,,,,,,,,,
200,00967711868,0096771186820,76771186802,,EA,0,2026-10-27,,,,,,,,,,,,,,,,,,,,,
200,00967711868,0096771186830,76771186803,,EA,0,2026-10-27,,,,,,,,,,,,,,,,,,,,,
200,00967711868,0096771186840,76771186804,,EA,0,2026-09-30,,,,,,,,,,,,,,,,,,,,,
200,00967711868,0096771186850,76771186805,,EA,0,2026-09-30,,,,,,,,,,,,,,,,,,,,,
200,00967711868,0096771186860,76771186806,,EA,0,2026-09-30,,,,,,,,,,,,,,,,,,,,,
200,00967711868,0096771186870,76771186807,,EA,0,2026-11-10,,,,,,,,,,,,,,,,,,,,,
200,00967711868,0096771186880,76771186808,,EA,0,2026-11-10,,,,,,,,,,,,,,,,,,,,,
200,00967711868,0096771186890,76771186809,,EA,0,2026-10-13,,,,,,,,,,,,,,,,,,,,,
200,00967711868,00967711868100,767711868010,,EA,0,2026-10-20,,,,,,,,,,,,,,,,,,,,,
200,00967711868,00967711868110,767711868011,,EA,0,2026-11-10,,,,,,,,,,,,,,,,,,,,,
200,00967711868,00967711868120,767711868012,,EA,0,2026-11-10,,,,,,,,,,,,,,,,,,,,,
200,00967711868,00967711868130,767711868013,,EA,0,2026-10-20,,,,,,,,,,,,,,,,,,,,,
200,00967711868,00967711868140,767711868014,,EA,0,2026-11-17,,,,,,,,,,,,,,,,,,,,,
200,00967711868,00967711868150,767711868015,,EA,0,2026-11-17,,,,,,,,,,,,,,,,,,,,,
200,00967711868,00967711868160,767711868016,,EA,0,2026-11-17,,,,,,,,,,,,,,,,,,,,,
200,00967711867,0096771186710,767711867011,,EA,0,2026-08-06,,,,,,,,,,,,,,,,,,,,,
200,00967711867,0096771186710,76771186701,,EA,144,2026-08-06,,,,,,,,,,,,,,,,,,,,,
200,00967711867,0096771186720,76771186702,,IN,59,2026-08-03,,,,,,,,,,,,,,,,,,,,,
200,00967711867,0096771186720,767711867012,,IN,0,2026-08-14,,,,,,,,,,,,,,,,,,,,,
200,00967711867,0096771186730,76771186707,,IN,0,2026-08-21,,,,,,,,,,,,,,,,,,,,,
200,00967711867,0096771186730,76771186703,,IN,288,2026-07-31,,,,,,,,,,,,,,,,,,,,,
200,00967711867,0096771186740,76771186704,,IN,147,2026-07-31,,,,,,,,,,,,,,,,,,,,,
200,00967711867,0096771186740,76771186708,,IN,0,2026-07-28,,,,,,,,,,,,,,,,,,,,,
200,00967711867,0096771186750,76771186709,,IN,0,2026-08-10,,,,,,,,,,,,,,,,,,,,,
200,00967711867,0096771186750,76771186705,,IN,126,2026-07-31,,,,,,,,,,,,,,,,,,,,,
200,00967711867,0096771186760,76771186706,,IN,284,2026-07-31,,,,,,,,,,,,,,,,,,,,,
200,00967711867,0096771186760,767711867010,,IN,0,2026-08-12,,,,,,,,,,,,,,,,,,,,,
200,00967711863,0096771186310,76771186301,,EA,0,2026-09-25,,,,,,,,,,,,,,,,,,,,,
200,00967711863,0096771186320,76771186302,,EA,0,2026-09-25,,,,,,,,,,,,,,,,,,,,,
200,00967711863,0096771186330,76771186303,,EA,0,2026-09-25,,,,,,,,,,,,,,,,,,,,,
200,00967711863,0096771186340,76771186304,,EA,0,2026-09-25,,,,,,,,,,,,,,,,,,,,,
200,00967711863,0096771186350,76771186305,,EA,0,2026-09-25,,,,,,,,,,,,,,,,,,,,,
200,00967711863,0096771186360,76771186306,,EA,0,2026-09-25,,,,,,,,,,,,,,,,,,,,,
200,00967711859,0096771185940,76771185901,,EA,5,2026-07-23,,,,,,,,,,,,,,,,,,,,,
200,00967711859,0096771185960,76771185902,,EA,5,2026-07-23,,,,,,,,,,,,,,,,,,,,,
200,00967711857,0096771185710,76771185701,,EA,0,2026-08-27,,,,,,,,,,,,,,,,,,,,,
200,00967711857,0096771185720,76771185702,,EA,0,2026-08-27,,,,,,,,,,,,,,,,,,,,,
200,00967711857,0096771185730,76771185703,,EA,0,2026-08-27,,,,,,,,,,,,,,,,,,,,,
200,00967711857,0096771185740,76771185704,,EA,0,2026-09-10,,,,,,,,,,,,,,,,,,,,,
200,00967711857,0096771185750,76771185705,,EA,0,2026-09-17,,,,,,,,,,,,,,,,,,,,,
200,00967711857,0096771185760,76771185706,,EA,1,2026-08-24,,,,,,,,,,,,,,,,,,,,,
200,00967711857,0096771185770,76771185707,,EA,0,2026-09-03,,,,,,,,,,,,,,,,,,,,,
200,00967711856,0096771185610,76771185601,,EA,0,2026-11-03,,,,,,,,,,,,,,,,,,,,,
200,00967711856,0096771185620,76771185602,,EA,0,2026-11-03,,,,,,,,,,,,,,,,,,,,,
200,00967711856,0096771185630,76771185603,,EA,0,2026-10-20,,,,,,,,,,,,,,,,,,,,,
200,00967711856,0096771185640,76771185604,,EA,0,2026-11-03,,,,,,,,,,,,,,,,,,,,,
200,00967711856,0096771185650,76771185605,,EA,0,2026-10-06,,,,,,,,,,,,,,,,,,,,,
200,00967711856,0096771185660,76771185606,,EA,0,2026-10-20,,,,,,,,,,,,,,,,,,,,,
200,00967711856,0096771185670,76771185607,,EA,0,2026-11-13,,,,,,,,,,,,,,,,,,,,,
200,00967711856,0096771185680,76771185608,,EA,0,2026-10-20,,,,,,,,,,,,,,,,,,,,,
200,00967711856,0096771185690,76771185609,,EA,0,2026-11-03,,,,,,,,,,,,,,,,,,,,,
200,00967711856,00967711856100,767711856010,,EA,0,2026-11-17,,,,,,,,,,,,,,,,,,,,,
200,00967711856,00967711856110,767711856011,,EA,0,2026-11-17,,,,,,,,,,,,,,,,,,,,,
200,00967711856,00967711856120,767711856012,,EA,0,2026-11-17,,,,,,,,,,,,,,,,,,,,,
200,00967711856,00967711856130,767711856013,,EA,0,2026-10-20,,,,,,,,,,,,,,,,,,,,,
200,00967711856,00967711856140,767711856014,,EA,0,2026-11-03,,,,,,,,,,,,,,,,,,,,,
200,00967711856,00967711856150,767711856015,,EA,0,2026-11-03,,,,,,,,,,,,,,,,,,,,,
200,00967711856,00967711856160,767711856016,,EA,0,2026-11-17,,,,,,,,,,,,,,,,,,,,,
200,00967711856,00967711856170,767711856017,,EA,0,2026-10-20,,,,,,,,,,,,,,,,,,,,,
200,00967711856,00967711856180,767711856018,,EA,0,2026-10-13,,,,,,,,,,,,,,,,,,,,,
200,00967711856,00967711856190,767711856019,,EA,0,2026-10-27,,,,,,,,,,,,,,,,,,,,,
200,00967711855,0096771185510,76771185501,,EA,0,2026-10-27,,,,,,,,,,,,,,,,,,,,,
200,00967711855,0096771185520,76771185502,,EA,0,2026-10-27,,,,,,,,,,,,,,,,,,,,,
200,00967711855,0096771185530,76771185503,,EA,0,2026-10-06,,,,,,,,,,,,,,,,,,,,,
200,00967711855,0096771185540,76771185504,,EA,0,2026-10-06,,,,,,,,,,,,,,,,,,,,,
200,00967711855,0096771185550,76771185505,,EA,0,2026-11-17,,,,,,,,,,,,,,,,,,,,,
200,00967711855,0096771185560,76771185506,,EA,0,2026-11-17,,,,,,,,,,,,,,,,,,,,,
200,00967711855,0096771185570,76771185507,,EA,0,2026-11-17,,,,,,,,,,,,,,,,,,,,,
200,00967711855,0096771185580,76771185508,,EA,0,2026-10-27,,,,,,,,,,,,,,,,,,,,,
200,00967711855,0096771185590,76771185509,,EA,0,2026-10-27,,,,,,,,,,,,,,,,,,,,,
200,00967711855,00967711855100,767711855010,,EA,0,2026-10-27,,,,,,,,,,,,,,,,,,,,,
200,00967711855,00967711855110,767711855011,,EA,0,2026-11-17,,,,,,,,,,,,,,,,,,,,,
200,00967711855,00967711855120,767711855012,,EA,0,2026-11-17,,,,,,,,,,,,,,,,,,,,,
200,00967711855,00967711855130,767711855013,,EA,0,2026-10-27,,,,,,,,,,,,,,,,,,,,,
200,00967711855,00967711855140,767711855014,,EA,0,2026-10-27,,,,,,,,,,,,,,,,,,,,,
200,00967711855,00967711855150,767711855015,,EA,0,2026-10-27,,,,,,,,,,,,,,,,,,,,,
200,00967711855,00967711855160,767711855016,,EA,0,2026-10-27,,,,,,,,,,,,,,,,,,,,,
200,00967711855,00967711855170,767711855017,,EA,0,2026-10-27,,,,,,,,,,,,,,,,,,,,,
200,00967711855,00967711855180,767711855018,,EA,0,2026-10-27,,,,,,,,,,,,,,,,,,,,,
200,00967711855,00967711855190,767711855019,,EA,0,2026-10-27,,,,,,,,,,,,,,,,,,,,,
200,00967711855,00967711855200,767711855020,,EA,0,2026-10-27,,,,,,,,,,,,,,,,,,,,,
200,00967711855,00967711855210,767711855021,,EA,0,2026-10-27,,,,,,,,,,,,,,,,,,,,,
200,00967711853,0096771185310,76771185301,,EA,5,2026-07-22,,,,,,,,,,,,,,,,,,,,,
200,00967711853,0096771185320,76771185302,,EA,0,2026-07-22,,,,,,,,,,,,,,,,,,,,,
200,00967711849,0096771184910,76771184901,,EA,4,2026-07-23,,,,,,,,,,,,,,,,,,,,,
200,00967711847,0096771184720,76771184701,,EA,2,2026-07-22,,,,,,,,,,,,,,,,,,,,,
200,00967711847,0096771184730,76771184702,,EA,3,2026-07-22,,,,,,,,,,,,,,,,,,,,,
200,00967711847,0096771184740,76771184703,,EA,10,2026-07-22,,,,,,,,,,,,,,,,,,,,,
200,00967711847,0096771184750,76771184704,,EA,10,2026-07-22,,,,,,,,,,,,,,,,,,,,,
200,00967711845,0096771184520,76771184501,,EA,2,2026-07-22,,,,,,,,,,,,,,,,,,,,,
200,00967711845,0096771184520,76771184502,,EA,8,2026-07-22,,,,,,,,,,,,,,,,,,,,,
200,00967711843,0096771184310,76771184301,,EA,4,2026-08-17,,,,,,,,,,,,,,,,,,,,,
200,00967711843,0096771184320,76771184302,,EA,50,2026-08-07,,,,,,,,,,,,,,,,,,,,,
200,00967711843,0096771184320,76771184306,,EA,0,2026-08-21,,,,,,,,,,,,,,,,,,,,,
200,00967711843,0096771184330,76771184303,,EA,0,2026-08-21,,,,,,,,,,,,,,,,,,,,,
200,00967711843,0096771184340,76771184304,,EA,25,2026-08-07,,,,,,,,,,,,,,,,,,,,,
200,00967711843,0096771184350,76771184305,,EA,0,2026-08-21,,,,,,,,,,,,,,,,,,,,,
200,00967711838,0096771183810,76771183801,,EA,0,2026-09-03,,,,,,,,,,,,,,,,,,,,,
200,00967711836,0096771183610,76771183601,,EA,0,2026-09-24,,,,,,,,,,,,,,,,,,,,,
200,00967711836,0096771183620,76771183602,,EA,0,2026-08-27,,,,,,,,,,,,,,,,,,,,,
200,00967711834,0096771183410,76771183401,,EA,0,2026-08-27,,,,,,,,,,,,,,,,,,,,,
200,00967711834,0096771183420,76771183402,,EA,0,2026-08-27,,,,,,,,,,,,,,,,,,,,,
200,00967711831,0096771183110,76771183101,,EA,25,2026-07-22,,,,,,,,,,,,,,,,,,,,,
200,00967711831,0096771183110,76771183102,,EA,0,2026-08-21,,,,,,,,,,,,,,,,,,,,,
200,00967711830,0096771183010,76771183001,,EA,0,2026-10-12,,,,,,,,,,,,,,,,,,,,,
200,00967711830,0096771183050,76771183002,,EA,0,2026-10-12,,,,,,,,,,,,,,,,,,,,,
200,00967711828,0096771182810,76771182801,,EA,0,2026-09-25,,,,,,,,,,,,,,,,,,,,,
200,00967711828,0096771182820,76771182802,,EA,0,2026-09-25,,,,,,,,,,,,,,,,,,,,,
200,00967711828,0096771182830,76771182803,,EA,0,2026-09-25,,,,,,,,,,,,,,,,,,,,,
200,00967711828,0096771182840,76771182804,,EA,0,2026-09-25,,,,,,,,,,,,,,,,,,,,,
200,00967711828,0096771182850,76771182805,,EA,0,2026-09-25,,,,,,,,,,,,,,,,,,,,,
200,00967711828,0096771182860,76771182806,,EA,0,2026-09-25,,,,,,,,,,,,,,,,,,,,,
200,00967711826,00967711826240,76771182601,,EA,0,2026-07-23,,,,,,,,,,,,,,,,,,,,,
200,00967711824,0096771182410,76771182401,,EA,0,2026-08-27,,,,,,,,,,,,,,,,,,,,,
200,00967711823,0096771182310,76771182301,,EA,15,2026-08-12,,,,,,,,,,,,,,,,,,,,,
200,00967711821,0096771182110,76771182101,,EA,0,2026-08-27,,,,,,,,,,,,,,,,,,,,,
200,00967711821,0096771182130,76771182102,,EA,0,2026-08-28,,,,,,,,,,,,,,,,,,,,,
200,00967711821,0096771182140,76771182103,,EA,0,2026-09-04,,,,,,,,,,,,,,,,,,,,,
200,00967711816,0096771181610,76771181601,,EA,2,2026-08-25,,,,,,,,,,,,,,,,,,,,,
200,00967711816,0096771181620,76771181602,,EA,2,2026-08-25,,,,,,,,,,,,,,,,,,,,,
200,00967711816,0096771181640,76771181603,,EA,0,2026-09-03,,,,,,,,,,,,,,,,,,,,,
200,00967711816,0096771181650,76771181604,,EA,0,2026-08-27,,,,,,,,,,,,,,,,,,,,,
200,00967711815,0096771181510,76771181501,,EA,0,2026-10-27,,,,,,,,,,,,,,,,,,,,,
200,00967711815,0096771181520,76771181502,,EA,0,2026-10-27,,,,,,,,,,,,,,,,,,,,,
200,00967711815,0096771181530,76771181503,,EA,0,2026-10-27,,,,,,,,,,,,,,,,,,,,,
200,00967711815,0096771181540,76771181504,,EA,0,2026-10-27,,,,,,,,,,,,,,,,,,,,,
200,00967711815,0096771181550,76771181505,,EA,0,2026-10-27,,,,,,,,,,,,,,,,,,,,,
200,00967711815,0096771181560,76771181506,,EA,0,2026-10-27,,,,,,,,,,,,,,,,,,,,,
200,00967711815,0096771181570,76771181507,,EA,0,2026-10-27,,,,,,,,,,,,,,,,,,,,,
200,00967711815,0096771181580,76771181508,,EA,0,2026-10-27,,,,,,,,,,,,,,,,,,,,,
200,00967711815,0096771181590,76771181509,,EA,0,2026-10-20,,,,,,,,,,,,,,,,,,,,,
200,00967711815,00967711815100,767711815010,,EA,0,2026-10-20,,,,,,,,,,,,,,,,,,,,,
200,00967711815,00967711815110,767711815011,,EA,0,2026-11-10,,,,,,,,,,,,,,,,,,,,,
200,00967711815,00967711815120,767711815012,,EA,0,2026-11-10,,,,,,,,,,,,,,,,,,,,,
200,00967711815,00967711815130,767711815013,,EA,0,2026-11-10,,,,,,,,,,,,,,,,,,,,,
200,00967711815,00967711815140,767711815014,,EA,0,2026-11-10,,,,,,,,,,,,,,,,,,,,,
200,00967711815,00967711815150,767711815015,,EA,0,2026-10-27,,,,,,,,,,,,,,,,,,,,,
200,00967711815,00967711815160,767711815016,,EA,0,2026-11-10,,,,,,,,,,,,,,,,,,,,,
200,00967711815,00967711815170,767711815017,,EA,0,2026-11-10,,,,,,,,,,,,,,,,,,,,,
200,00967711815,00967711815180,767711815018,,EA,0,2026-11-10,,,,,,,,,,,,,,,,,,,,,
200,00967711815,00967711815190,767711815019,,EA,0,2026-11-10,,,,,,,,,,,,,,,,,,,,,
200,00967711815,00967711815200,767711815020,,EA,0,2026-10-27,,,,,,,,,,,,,,,,,,,,,
200,00967711815,00967711815210,767711815021,,EA,0,2026-09-30,,,,,,,,,,,,,,,,,,,,,
200,00967711815,00967711815220,767711815022,,EA,0,2026-09-30,,,,,,,,,,,,,,,,,,,,,
200,00967711815,00967711815230,767711815023,,EA,0,2026-09-30,,,,,,,,,,,,,,,,,,,,,
200,00967711815,00967711815240,767711815024,,EA,0,2026-09-30,,,,,,,,,,,,,,,,,,,,,
200,00967711815,00967711815250,767711815025,,EA,0,2026-09-30,,,,,,,,,,,,,,,,,,,,,
200,00967711815,00967711815260,767711815026,,EA,0,2026-09-30,,,,,,,,,,,,,,,,,,,,,
200,00967711815,00967711815270,767711815027,,EA,0,2026-09-30,,,,,,,,,,,,,,,,,,,,,
200,00967711814,0096771181410,76771181401,,EA,0,2026-10-06,,,,,,,,,,,,,,,,,,,,,
200,00967711814,0096771181420,76771181402,,EA,0,2026-10-06,,,,,,,,,,,,,,,,,,,,,
200,00967711814,0096771181430,76771181403,,EA,0,2026-10-06,,,,,,,,,,,,,,,,,,,,,
200,00967711814,0096771181440,76771181404,,EA,0,2026-10-06,,,,,,,,,,,,,,,,,,,,,
200,00967711814,0096771181450,76771181405,,EA,0,2026-10-13,,,,,,,,,,,,,,,,,,,,,
200,00967711814,0096771181460,76771181406,,EA,0,2026-10-13,,,,,,,,,,,,,,,,,,,,,
200,00967711814,0096771181470,76771181407,,EA,0,2026-10-13,,,,,,,,,,,,,,,,,,,,,
200,00967711814,0096771181480,76771181408,,EA,0,2026-10-13,,,,,,,,,,,,,,,,,,,,,
200,00967711814,0096771181490,76771181409,,EA,0,2026-10-13,,,,,,,,,,,,,,,,,,,,,
200,00967711814,00967711814100,767711814010,,EA,0,2026-10-13,,,,,,,,,,,,,,,,,,,,,
200,00967711814,00967711814110,767711814011,,EA,0,2026-11-03,,,,,,,,,,,,,,,,,,,,,
200,00967711814,00967711814120,767711814012,,EA,0,2026-11-03,,,,,,,,,,,,,,,,,,,,,
200,00967711814,00967711814130,767711814013,,EA,0,2026-11-03,,,,,,,,,,,,,,,,,,,,,
200,00967711814,00967711814140,767711814014,,EA,0,2026-11-10,,,,,,,,,,,,,,,,,,,,,
200,00967711814,00967711814150,767711814015,,EA,0,2026-11-10,,,,,,,,,,,,,,,,,,,,,
200,00967711814,00967711814160,767711814016,,EA,0,2026-11-10,,,,,,,,,,,,,,,,,,,,,
200,00967711814,00967711814170,767711814017,,EA,0,2026-11-10,,,,,,,,,,,,,,,,,,,,,
200,00967711814,00967711814180,767711814018,,EA,0,2026-11-10,,,,,,,,,,,,,,,,,,,,,
200,00967711814,00967711814190,767711814019,,EA,0,2026-11-10,,,,,,,,,,,,,,,,,,,,,
200,00967711814,00967711814200,767711814020,,EA,0,2026-11-10,,,,,,,,,,,,,,,,,,,,,
200,00967711814,00967711814210,767711814021,,EA,0,2026-10-13,,,,,,,,,,,,,,,,,,,,,
200,00967711814,00967711814220,767711814022,,EA,0,2026-10-13,,,,,,,,,,,,,,,,,,,,,
200,00967711814,00967711814230,767711814023,,EA,0,2026-10-13,,,,,,,,,,,,,,,,,,,,,
200,00967711814,00967711814240,767711814024,,EA,0,2026-10-13,,,,,,,,,,,,,,,,,,,,,
200,00967711814,00967711814250,767711814025,,EA,0,2026-10-13,,,,,,,,,,,,,,,,,,,,,
200,00967711814,00967711814260,767711814026,,EA,0,2026-10-13,,,,,,,,,,,,,,,,,,,,,
200,00967711814,00967711814270,767711814027,,EA,0,2026-10-06,,,,,,,,,,,,,,,,,,,,,
200,00967711813,0096771181310,76771181301,,EA,0,2026-09-30,,,,,,,,,,,,,,,,,,,,,
200,00967711813,0096771181320,76771181302,,EA,0,2026-10-06,,,,,,,,,,,,,,,,,,,,,
200,00967711813,0096771181330,76771181303,,EA,0,2026-10-27,,,,,,,,,,,,,,,,,,,,,
200,00967711813,0096771181340,76771181304,,EA,0,2026-10-27,,,,,,,,,,,,,,,,,,,,,
200,00967711813,0096771181350,76771181305,,EA,0,2026-10-27,,,,,,,,,,,,,,,,,,,,,
200,00967711813,0096771181360,76771181306,,EA,0,2026-10-27,,,,,,,,,,,,,,,,,,,,,
200,00967711813,0096771181370,76771181307,,EA,0,2026-10-27,,,,,,,,,,,,,,,,,,,,,
200,00967711813,0096771181380,76771181308,,EA,0,2026-11-03,,,,,,,,,,,,,,,,,,,,,
200,00967711813,0096771181390,76771181309,,EA,0,2026-11-03,,,,,,,,,,,,,,,,,,,,,
200,00967711813,00967711813100,767711813010,,EA,0,2026-11-03,,,,,,,,,,,,,,,,,,,,,
200,00967711813,00967711813110,767711813011,,EA,0,2026-11-03,,,,,,,,,,,,,,,,,,,,,
200,00967711813,00967711813120,767711813012,,EA,0,2026-11-03,,,,,,,,,,,,,,,,,,,,,
200,00967711813,00967711813130,767711813013,,EA,0,2026-10-27,,,,,,,,,,,,,,,,,,,,,
200,00967711813,00967711813140,767711813014,,EA,0,2026-10-27,,,,,,,,,,,,,,,,,,,,,
200,00967711813,00967711813150,767711813015,,EA,0,2026-10-20,,,,,,,,,,,,,,,,,,,,,
200,00967711813,00967711813160,767711813016,,EA,0,2026-10-20,,,,,,,,,,,,,,,,,,,,,
200,00967711813,00967711813170,767711813017,,EA,0,2026-10-20,,,,,,,,,,,,,,,,,,,,,
200,00967711813,00967711813180,767711813018,,EA,0,2026-10-06,,,,,,,,,,,,,,,,,,,,,
200,00967711813,00967711813190,767711813019,,EA,0,2026-10-06,,,,,,,,,,,,,,,,,,,,,
200,00967711813,00967711813200,767711813020,,EA,0,2026-10-06,,,,,,,,,,,,,,,,,,,,,
200,00967711813,00967711813210,767711813021,,EA,0,2026-10-06,,,,,,,,,,,,,,,,,,,,,
200,00967711813,00967711813220,767711813022,,EA,0,2026-10-06,,,,,,,,,,,,,,,,,,,,,
200,00967711813,00967711813230,767711813023,,EA,0,2026-09-30,,,,,,,,,,,,,,,,,,,,,
200,00967711813,00967711813240,767711813024,,EA,0,2026-09-30,,,,,,,,,,,,,,,,,,,,,
200,00967711813,00967711813250,767711813025,,EA,0,2026-09-30,,,,,,,,,,,,,,,,,,,,,
200,00967711813,00967711813260,767711813026,,EA,0,2026-10-20,,,,,,,,,,,,,,,,,,,,,
200,00967711813,00967711813270,767711813027,,EA,0,2026-10-20,,,,,,,,,,,,,,,,,,,,,
200,00967711813,00967711813280,767711813028,,EA,0,2026-10-20,,,,,,,,,,,,,,,,,,,,,
200,00967711813,00967711813290,767711813029,,EA,0,2026-10-20,,,,,,,,,,,,,,,,,,,,,
200,00967711811,0096771181110,76771181101,,EA,0,2026-10-13,,,,,,,,,,,,,,,,,,,,,
200,00967711811,0096771181120,76771181102,,EA,0,2026-10-27,,,,,,,,,,,,,,,,,,,,,
200,00967711811,0096771181130,76771181103,,EA,0,2026-10-27,,,,,,,,,,,,,,,,,,,,,
200,00967711811,0096771181140,76771181104,,EA,0,2026-10-27,,,,,,,,,,,,,,,,,,,,,
200,00967711811,0096771181150,76771181105,,EA,0,2026-10-27,,,,,,,,,,,,,,,,,,,,,
200,00967711811,0096771181160,76771181106,,EA,0,2026-10-27,,,,,,,,,,,,,,,,,,,,,
200,00967711811,0096771181170,76771181107,,EA,0,2026-09-30,,,,,,,,,,,,,,,,,,,,,
200,00967711811,0096771181180,76771181108,,EA,0,2026-09-30,,,,,,,,,,,,,,,,,,,,,
200,00967711811,0096771181190,76771181109,,EA,0,2026-09-30,,,,,,,,,,,,,,,,,,,,,
200,00967711811,00967711811100,767711811010,,EA,0,2026-09-30,,,,,,,,,,,,,,,,,,,,,
200,00967711811,00967711811110,767711811011,,EA,0,2026-10-13,,,,,,,,,,,,,,,,,,,,,
200,00967711811,00967711811120,767711811012,,EA,0,2026-10-06,,,,,,,,,,,,,,,,,,,,,
200,00967711811,00967711811130,767711811013,,EA,0,2026-09-30,,,,,,,,,,,,,,,,,,,,,
200,00967711811,00967711811140,767711811014,,EA,0,2026-09-30,,,,,,,,,,,,,,,,,,,,,
200,00967711811,00967711811150,767711811015,,EA,0,2026-10-06,,,,,,,,,,,,,,,,,,,,,
200,00967711811,00967711811160,767711811016,,EA,0,2026-10-06,,,,,,,,,,,,,,,,,,,,,
200,00967711811,00967711811170,767711811017,,EA,0,2026-11-03,,,,,,,,,,,,,,,,,,,,,
200,00967711811,00967711811180,767711811018,,EA,0,2026-11-03,,,,,,,,,,,,,,,,,,,,,
200,00967711811,00967711811190,767711811019,,EA,0,2026-11-03,,,,,,,,,,,,,,,,,,,,,
200,00967711811,00967711811200,767711811020,,EA,0,2026-10-27,,,,,,,,,,,,,,,,,,,,,
200,00967711811,00967711811210,767711811021,,EA,0,2026-10-27,,,,,,,,,,,,,,,,,,,,,
200,00967711811,00967711811220,767711811022,,EA,0,2026-10-27,,,,,,,,,,,,,,,,,,,,,
200,00967711811,00967711811230,767711811023,,EA,0,2026-10-27,,,,,,,,,,,,,,,,,,,,,
200,00967711811,00967711811240,767711811024,,EA,0,2026-10-13,,,,,,,,,,,,,,,,,,,,,
200,00967711811,00967711811250,767711811025,,EA,0,2026-10-13,,,,,,,,,,,,,,,,,,,,,
200,00967711811,00967711811260,767711811026,,EA,0,2026-10-27,,,,,,,,,,,,,,,,,,,,,
200,00967711811,00967711811270,767711811027,,EA,0,2026-11-20,,,,,,,,,,,,,,,,,,,,,
200,00967711811,00967711811280,767711811028,,EA,0,2026-11-10,,,,,,,,,,,,,,,,,,,,,
200,00967711811,00967711811290,767711811029,,EA,0,2026-11-10,,,,,,,,,,,,,,,,,,,,,
200,00967711811,00967711811300,767711811030,,EA,0,2026-11-10,,,,,,,,,,,,,,,,,,,,,
200,00967711811,00967711811310,767711811031,,EA,0,2026-11-10,,,,,,,,,,,,,,,,,,,,,
200,00967711811,00967711811320,767711811032,,EA,0,2026-11-10,,,,,,,,,,,,,,,,,,,,,
200,00967711811,00967711811330,767711811033,,EA,0,2026-11-10,,,,,,,,,,,,,,,,,,,,,
200,00967711811,00967711811340,767711811034,,EA,0,2026-11-10,,,,,,,,,,,,,,,,,,,,,
200,00967711811,00967711811350,767711811035,,EA,0,2026-11-10,,,,,,,,,,,,,,,,,,,,,
200,00967711811,00967711811360,767711811036,,EA,0,2026-09-30,,,,,,,,,,,,,,,,,,,,,
200,00967711811,00967711811370,767711811037,,EA,0,2026-10-06,,,,,,,,,,,,,,,,,,,,,
200,00967711810,0096771181010,76771181008,,EA,0,2026-08-04,,,,,,,,,,,,,,,,,,,,,
200,00967711810,0096771181010,76771181001,,EA,144,2026-08-06,,,,,,,,,,,,,,,,,,,,,
200,00967711810,0096771181030,76771181002,,IN,120,2026-07-27,,,,,,,,,,,,,,,,,,,,,
200,00967711810,0096771181030,76771181009,,IN,0,2026-07-28,,,,,,,,,,,,,,,,,,,,,
200,00967711810,0096771181040,767711810010,,IN,0,2026-07-28,,,,,,,,,,,,,,,,,,,,,
200,00967711810,0096771181040,76771181003,,IN,288,2026-07-27,,,,,,,,,,,,,,,,,,,,,
200,00967711810,0096771181050,76771181004,,IN,251,2026-07-29,,,,,,,,,,,,,,,,,,,,,
200,00967711810,0096771181050,76771181007,,IN,0,2026-07-28,,,,,,,,,,,,,,,,,,,,,
200,00967711810,0096771181060,767711810012,,IN,0,2026-07-28,,,,,,,,,,,,,,,,,,,,,
200,00967711810,0096771181060,76771181005,,IN,290,2026-07-27,,,,,,,,,,,,,,,,,,,,,
200,00967711810,0096771181070,76771181006,,IN,571,2026-07-27,,,,,,,,,,,,,,,,,,,,,
200,00967711810,0096771181070,767711810011,,IN,0,2026-07-28,,,,,,,,,,,,,,,,,,,,,
200,00967711809,0096771180910,76771180901,,EA,0,2026-07-31,,,,,,,,,,,,,,,,,,,,,
200,00967711808,0096771180810,76771180801,,EA,0,2026-09-03,,,,,,,,,,,,,,,,,,,,,
200,00967711808,0096771180840,76771180802,,EA,0,2026-10-01,,,,,,,,,,,,,,,,,,,,,
200,00967711808,0096771180850,76771180803,,EA,3,2026-08-25,,,,,,,,,,,,,,,,,,,,,
200,00967711802,0096771180210,76771180201,,EA,0,2026-09-03,,,,,,,,,,,,,,,,,,,,,
200,00967711802,0096771180220,76771180202,,EA,0,2026-08-27,,,,,,,,,,,,,,,,,,,,,
200,00967711802,0096771180230,76771180203,,EA,0,2026-08-27,,,,,,,,,,,,,,,,,,,,,
200,00967711802,0096771180250,76771180204,,EA,0,2026-08-06,,,,,,,,,,,,,,,,,,,,,
200,00967711802,0096771180270,76771180205,,EA,0,2026-08-27,,,,,,,,,,,,,,,,,,,,,
200,00967711802,0096771180280,76771180206,,EA,20,2026-08-25,,,,,,,,,,,,,,,,,,,,,
200,00967711800,0096771180010,76771180001,,EA,1,2026-07-15,,,,,,,,,,,,,,,,,,,,,
200,00967711798,0096771179810,76771179801,,EA,1,2026-08-11,,,,,,,,,,,,,,,,,,,,,
200,00967711797,0096771179710,76771179701,,LT,0,2026-08-07,,,,,,,,,,,,,,,,,,,,,
200,00967711796,0096771179610,76771179601,,LT,1,2026-08-05,,,,,,,,,,,,,,,,,,,,,
200,00967711795,0096771179510,76771179501,,EA,1,2026-08-20,,,,,,,,,,,,,,,,,,,,,
200,00967711795,0096771179520,76771179502,,EA,1,2026-08-20,,,,,,,,,,,,,,,,,,,,,
200,00967711795,0096771179530,76771179503,,EA,1,2026-08-20,,,,,,,,,,,,,,,,,,,,,
200,00967711795,0096771179540,76771179504,,EA,1,2026-08-20,,,,,,,,,,,,,,,,,,,,,
200,00967711793,0096771179310,76771179301,,EA,1,2026-08-25,,,,,,,,,,,,,,,,,,,,,
200,00967711793,0096771179330,76771179302,,EA,8,2026-08-25,,,,,,,,,,,,,,,,,,,,,
200,00967711793,0096771179350,76771179303,,EA,28,2026-08-25,,,,,,,,,,,,,,,,,,,,,
200,00967711791,0096771179110,76771179103,,EA,-1,2026-08-12,,,,,,,,,,,,,,,,,,,,,
200,00967711791,0096771179110,76771179104,,EA,0,2026-08-06,,,,,,,,,,,,,,,,,,,,,
200,00967711791,0096771179110,76771179101,,EA,1,2026-08-11,,,,,,,,,,,,,,,,,,,,,
200,00967711791,0096771179120,76771179102,,EA,13,2026-08-25,,,,,,,,,,,,,,,,,,,,,
200,00967711787,0096771178710,76771178701,,EA,0,2026-09-22,,,,,,,,,,,,,,,,,,,,,
200,00967711786,0096771178610,76771178601,,EA,50,2026-07-14,,,,,,,,,,,,,,,,,,,,,
200,00967711786,0096771178620,76771178602,,EA,50,2026-07-14,,,,,,,,,,,,,,,,,,,,,
200,00967711786,0096771178630,76771178603,,EA,25,2026-07-14,,,,,,,,,,,,,,,,,,,,,
200,00967711781,0096771178120,76771178101,,EA,0,2026-08-27,,,,,,,,,,,,,,,,,,,,,
200,00967711781,0096771178130,76771178102,,EA,0,2026-08-27,,,,,,,,,,,,,,,,,,,,,
200,00967711777,0096771177710,76771177701,,EA,3,2026-08-25,,,,,,,,,,,,,,,,,,,,,
200,00967711777,0096771177720,76771177702,,EA,4,2026-08-25,,,,,,,,,,,,,,,,,,,,,
200,00967711777,0096771177730,76771177703,,EA,2,2026-08-25,,,,,,,,,,,,,,,,,,,,,
200,00967711777,0096771177740,76771177704,,EA,1,2026-08-25,,,,,,,,,,,,,,,,,,,,,
200,00967711777,0096771177750,76771177705,,EA,0,2026-08-27,,,,,,,,,,,,,,,,,,,,,
200,00967711777,0096771177760,76771177706,,EA,0,2026-08-27,,,,,,,,,,,,,,,,,,,,,
200,00967711777,0096771177770,76771177707,,EA,0,2026-08-27,,,,,,,,,,,,,,,,,,,,,
200,00967711777,0096771177780,76771177708,,EA,0,2026-08-27,,,,,,,,,,,,,,,,,,,,,
200,00967711777,00967711777110,76771177709,,EA,4,2026-08-25,,,,,,,,,,,,,,,,,,,,,
200,00967711777,00967711777110,767711777010,,EA,0,2026-09-03,,,,,,,,,,,,,,,,,,,,,
200,00967711776,0096771177610,76771177601,,EA,0,2026-10-27,,,,,,,,,,,,,,,,,,,,,
200,00967711776,0096771177620,76771177602,,EA,0,2026-10-27,,,,,,,,,,,,,,,,,,,,,
200,00967711776,0096771177630,76771177603,,EA,0,2026-10-27,,,,,,,,,,,,,,,,,,,,,
200,00967711776,0096771177640,76771177604,,EA,0,2026-09-30,,,,,,,,,,,,,,,,,,,,,
200,00967711776,0096771177650,76771177605,,EA,0,2026-11-03,,,,,,,,,,,,,,,,,,,,,
200,00967711776,0096771177660,76771177606,,EA,0,2026-10-13,,,,,,,,,,,,,,,,,,,,,
200,00967711776,0096771177670,76771177607,,EA,0,2026-11-03,,,,,,,,,,,,,,,,,,,,,
200,00967711776,0096771177680,76771177608,,EA,0,2026-11-03,,,,,,,,,,,,,,,,,,,,,
200,00967711776,0096771177690,76771177609,,EA,0,2026-11-03,,,,,,,,,,,,,,,,,,,,,
200,00967711776,00967711776100,767711776010,,EA,0,2026-09-30,,,,,,,,,,,,,,,,,,,,,
200,00967711775,0096771177510,76771177501,,EA,0,2026-10-27,,,,,,,,,,,,,,,,,,,,,
200,00967711775,0096771177520,76771177502,,EA,0,2026-10-27,,,,,,,,,,,,,,,,,,,,,
200,00967711775,0096771177530,76771177503,,EA,0,2026-09-30,,,,,,,,,,,,,,,,,,,,,
200,00967711775,0096771177540,76771177504,,EA,0,2026-09-30,,,,,,,,,,,,,,,,,,,,,
200,00967711775,0096771177550,76771177505,,EA,0,2026-10-27,,,,,,,,,,,,,,,,,,,,,
200,00967711775,0096771177560,76771177506,,EA,0,2026-10-27,,,,,,,,,,,,,,,,,,,,,
200,00967711775,0096771177570,76771177507,,EA,0,2026-10-06,,,,,,,,,,,,,,,,,,,,,
200,00967711775,0096771177580,76771177508,,EA,0,2026-10-06,,,,,,,,,,,,,,,,,,,,,
200,00967711775,0096771177590,76771177509,,EA,0,2026-10-27,,,,,,,,,,,,,,,,,,,,,
200,00967711774,0096771177410,767711774013,,EA,0,2026-07-28,,,,,,,,,,,,,,,,,,,,,
200,00967711774,0096771177410,76771177401,,EA,144,2026-08-06,,,,,,,,,,,,,,,,,,,,,
200,00967711774,0096771177420,76771177402,,IN,280,2026-07-20,,,,,,,,,,,,,,,,,,,,,
200,00967711774,0096771177420,76771177407,,IN,0,2026-07-20,,,,,,,,,,,,,,,,,,,,,
200,00967711774,0096771177430,76771177408,,IN,0,2026-07-21,,,,,,,,,,,,,,,,,,,,,
200,00967711774,0096771177430,76771177403,,IN,288,2026-07-20,,,,,,,,,,,,,,,,,,,,,
200,00967711774,0096771177440,76771177404,,IN,288,2026-07-22,,,,,,,,,,,,,,,,,,,,,
200,00967711774,0096771177440,767711774012,,IN,0,2026-07-21,,,,,,,,,,,,,,,,,,,,,
200,00967711774,0096771177460,76771177405,,IN,284,2026-07-20,,,,,,,,,,,,,,,,,,,,,
200,00967711774,0096771177460,76771177409,,IN,0,2026-07-21,,,,,,,,,,,,,,,,,,,,,
200,00967711774,0096771177470,767711774010,,IN,519,2026-07-20,,,,,,,,,,,,,,,,,,,,,
200,00967711774,0096771177470,767711774011,,IN,0,2026-07-21,,,,,,,,,,,,,,,,,,,,,
200,00967711774,0096771177470,76771177406,,IN,57,2026-07-20,,,,,,,,,,,,,,,,,,,,,
200,00967711772,0096771177210,76771177201,,EA,1,2026-07-14,,,,,,,,,,,,,,,,,,,,,
200,00967711772,0096771177220,76771177202,,EA,8,2026-07-14,,,,,,,,,,,,,,,,,,,,,
200,00967711766,0096771176630,76771176601,,EA,0,2026-08-27,,,,,,,,,,,,,,,,,,,,,
200,00967711766,0096771176640,76771176602,,EA,0,2026-09-03,,,,,,,,,,,,,,,,,,,,,
200,00967711765,0096771176510,76771176502,,EA,2,2026-07-10,,,,,,,,,,,,,,,,,,,,,
200,00967711765,0096771176520,76771176503,,EA,2,2026-07-10,,,,,,,,,,,,,,,,,,,,,
200,00967711765,0096771176530,76771176504,,EA,2,2026-07-10,,,,,,,,,,,,,,,,,,,,,
200,00967711765,0096771176540,76771176505,,EA,2,2026-07-10,,,,,,,,,,,,,,,,,,,,,
200,00967711765,0096771176560,76771176506,,EA,1,2026-07-22,,,,,,,,,,,,,,,,,,,,,
200,00967711765,0096771176560,76771176501,,EA,63,2026-08-14,,,,,,,,,,,,,,,,,,,,,
200,00967711765,0096771176560,767711765012,,EA,0,2026-07-17,,,,,,,,,,,,,,,,,,,,,
200,00967711765,0096771176570,76771176507,,EA,25,2026-07-10,,,,,,,,,,,,,,,,,,,,,
200,00967711765,0096771176580,76771176508,,EA,50,2026-07-10,,,,,,,,,,,,,,,,,,,,,
200,00967711765,0096771176590,76771176509,,EA,10,2026-07-10,,,,,,,,,,,,,,,,,,,,,
200,00967711765,00967711765100,767711765010,,EA,75,2026-07-10,,,,,,,,,,,,,,,,,,,,,
200,00967711765,00967711765110,767711765011,,EA,100,2026-07-10,,,,,,,,,,,,,,,,,,,,,
200,00967711764,0096771176410,76771176401,,EA,20,2026-07-28,,,,,,,,,,,,,,,,,,,,,
200,00967711764,0096771176410,76771176403,,EA,20,2026-07-28,,,,,,,,,,,,,,,,,,,,,
200,00967711764,0096771176430,76771176402,,EA,25,2026-08-07,,,,,,,,,,,,,,,,,,,,,
200,00967711761,0096771176110,76771176101,,EA,25,2026-07-22,,,,,,,,,,,,,,,,,,,,,
200,00967711761,0096771176110,76771176102,,EA,-25,2026-07-23,,,,,,,,,,,,,,,,,,,,,
200,00967711761,0096771176110,76771176103,,EA,23,2026-07-23,,,,,,,,,,,,,,,,,,,,,
200,00967711761,0096771176110,76771176104,,EA,0,2026-07-22,,,,,,,,,,,,,,,,,,,,,
200,00967711760,0096771176010,76771176001,,EA,0,2026-07-13,,,,,,,,,,,,,,,,,,,,,
200,00967711760,0096771176020,76771176002,,EA,0,2026-07-13,,,,,,,,,,,,,,,,,,,,,
200,00967711758,0096771175810,76771175801,,EA,0,2026-09-16,,,,,,,,,,,,,,,,,,,,,
200,00967711756,0096771175610,76771175601,,EA,0,2026-10-07,,,,,,,,,,,,,,,,,,,,,
200,00967711756,0096771175620,76771175602,,EA,0,2026-09-16,,,,,,,,,,,,,,,,,,,,,
200,00967711755,0096771175510,76771175501,,EA,4,2026-07-09,,,,,,,,,,,,,,,,,,,,,
200,00967711755,0096771175520,76771175502,,EA,100,2026-08-13,,,,,,,,,,,,,,,,,,,,,
200,00967711754,0096771175410,76771175401,,EA,0,2026-11-03,,,,,,,,,,,,,,,,,,,,,
200,00967711754,0096771175420,76771175402,,EA,0,2026-11-03,,,,,,,,,,,,,,,,,,,,,
200,00967711754,0096771175430,76771175403,,EA,0,2026-11-03,,,,,,,,,,,,,,,,,,,,,
200,00967711754,0096771175440,76771175404,,EA,0,2026-11-03,,,,,,,,,,,,,,,,,,,,,
200,00967711754,0096771175450,76771175405,,EA,0,2026-11-10,,,,,,,,,,,,,,,,,,,,,
200,00967711754,0096771175460,76771175406,,EA,0,2026-11-10,,,,,,,,,,,,,,,,,,,,,
200,00967711754,0096771175470,76771175407,,EA,0,2026-10-27,,,,,,,,,,,,,,,,,,,,,
200,00967711754,0096771175480,76771175408,,EA,0,2026-10-27,,,,,,,,,,,,,,,,,,,,,
200,00967711754,0096771175490,76771175409,,EA,0,2026-10-27,,,,,,,,,,,,,,,,,,,,,
200,00967711754,00967711754100,767711754010,,EA,0,2026-10-27,,,,,,,,,,,,,,,,,,,,,
200,00967711754,00967711754110,767711754011,,EA,0,2026-11-10,,,,,,,,,,,,,,,,,,,,,
200,00967711754,00967711754120,767711754012,,EA,0,2026-11-10,,,,,,,,,,,,,,,,,,,,,
200,00967711754,00967711754130,767711754013,,EA,0,2026-11-10,,,,,,,,,,,,,,,,,,,,,
200,00967711754,00967711754140,767711754014,,EA,0,2026-11-10,,,,,,,,,,,,,,,,,,,,,
200,00967711754,00967711754150,767711754015,,EA,0,2026-11-10,,,,,,,,,,,,,,,,,,,,,
200,00967711754,00967711754160,767711754016,,EA,0,2026-11-03,,,,,,,,,,,,,,,,,,,,,
200,00967711754,00967711754170,767711754017,,EA,0,2026-11-10,,,,,,,,,,,,,,,,,,,,,
200,00967711754,00967711754180,767711754018,,EA,0,2026-10-27,,,,,,,,,,,,,,,,,,,,,
200,00967711754,00967711754190,767711754019,,EA,0,2026-10-27,,,,,,,,,,,,,,,,,,,,,
200,00967711754,00967711754200,767711754020,,EA,0,2026-10-27,,,,,,,,,,,,,,,,,,,,,
200,00967711754,00967711754210,767711754021,,EA,0,2026-11-10,,,,,,,,,,,,,,,,,,,,,
200,00967711754,00967711754220,767711754022,,EA,0,2026-11-10,,,,,,,,,,,,,,,,,,,,,
200,00967711754,00967711754230,767711754023,,EA,0,2026-11-03,,,,,,,,,,,,,,,,,,,,,
200,00967711754,00967711754240,767711754024,,EA,0,2026-11-03,,,,,,,,,,,,,,,,,,,,,
200,00967711754,00967711754250,767711754025,,EA,0,2026-11-03,,,,,,,,,,,,,,,,,,,,,
200,00967711754,00967711754260,767711754026,,EA,0,2026-10-27,,,,,,,,,,,,,,,,,,,,,
200,00967711754,00967711754270,767711754027,,EA,0,2026-10-27,,,,,,,,,,,,,,,,,,,,,
200,00967711754,00967711754280,767711754028,,EA,0,2026-10-27,,,,,,,,,,,,,,,,,,,,,
200,00967711754,00967711754290,767711754029,,EA,0,2026-11-03,,,,,,,,,,,,,,,,,,,,,
200,00967711754,00967711754300,767711754030,,EA,0,2026-11-03,,,,,,,,,,,,,,,,,,,,,
200,00967711754,00967711754310,767711754031,,EA,0,2026-12-01,,,,,,,,,,,,,,,,,,,,,
200,00967711753,0096771175310,76771175301,,EA,0,2026-09-30,,,,,,,,,,,,,,,,,,,,,
200,00967711753,0096771175320,76771175302,,EA,0,2026-09-30,,,,,,,,,,,,,,,,,,,,,
200,00967711753,0096771175330,76771175303,,EA,0,2026-09-30,,,,,,,,,,,,,,,,,,,,,
200,00967711753,0096771175340,76771175304,,EA,0,2026-09-30,,,,,,,,,,,,,,,,,,,,,
200,00967711753,0096771175350,76771175305,,EA,0,2026-09-30,,,,,,,,,,,,,,,,,,,,,
200,00967711753,0096771175360,76771175306,,EA,0,2026-11-10,,,,,,,,,,,,,,,,,,,,,
200,00967711753,0096771175370,76771175307,,EA,0,2026-11-10,,,,,,,,,,,,,,,,,,,,,
200,00967711753,0096771175380,76771175308,,EA,0,2026-11-17,,,,,,,,,,,,,,,,,,,,,
200,00967711753,0096771175390,76771175309,,EA,0,2026-11-17,,,,,,,,,,,,,,,,,,,,,
200,00967711753,00967711753100,767711753010,,EA,0,2026-11-17,,,,,,,,,,,,,,,,,,,,,
200,00967711753,00967711753110,767711753011,,EA,0,2026-11-10,,,,,,,,,,,,,,,,,,,,,
200,00967711753,00967711753120,767711753012,,EA,0,2026-11-03,,,,,,,,,,,,,,,,,,,,,
200,00967711753,00967711753130,767711753013,,EA,0,2026-11-03,,,,,,,,,,,,,,,,,,,,,
200,00967711753,00967711753140,767711753014,,EA,0,2026-11-17,,,,,,,,,,,,,,,,,,,,,
200,00967711753,00967711753150,767711753015,,EA,0,2026-11-17,,,,,,,,,,,,,,,,,,,,,
200,00967711753,00967711753160,767711753016,,EA,0,2026-10-20,,,,,,,,,,,,,,,,,,,,,
200,00967711753,00967711753170,767711753017,,EA,0,2026-09-30,,,,,,,,,,,,,,,,,,,,,
200,00967711753,00967711753180,767711753018,,EA,0,2026-09-30,,,,,,,,,,,,,,,,,,,,,
200,00967711753,00967711753190,767711753019,,EA,0,2026-09-30,,,,,,,,,,,,,,,,,,,,,
200,00967711753,00967711753200,767711753020,,EA,0,2026-09-30,,,,,,,,,,,,,,,,,,,,,
200,00967711753,00967711753210,767711753021,,EA,0,2026-09-30,,,,,,,,,,,,,,,,,,,,,
200,00967711753,00967711753220,767711753022,,EA,0,2026-10-06,,,,,,,,,,,,,,,,,,,,,
200,00967711753,00967711753230,767711753023,,EA,0,2026-10-06,,,,,,,,,,,,,,,,,,,,,
200,00967711753,00967711753240,767711753024,,EA,0,2026-09-30,,,,,,,,,,,,,,,,,,,,,
200,00967711753,00967711753250,767711753025,,EA,0,2026-09-30,,,,,,,,,,,,,,,,,,,,,
200,00967711753,00967711753260,767711753026,,EA,0,2026-09-30,,,,,,,,,,,,,,,,,,,,,
200,00967711753,00967711753270,767711753027,,EA,0,2026-10-06,,,,,,,,,,,,,,,,,,,,,
200,00967711753,00967711753280,767711753028,,EA,0,2026-10-06,,,,,,,,,,,,,,,,,,,,,
200,00967711753,00967711753290,767711753029,,EA,0,2026-09-30,,,,,,,,,,,,,,,,,,,,,
200,00967711753,00967711753300,767711753030,,EA,0,2026-09-30,,,,,,,,,,,,,,,,,,,,,
200,00967711753,00967711753310,767711753031,,EA,0,2026-10-06,,,,,,,,,,,,,,,,,,,,,
200,00967711753,00967711753320,767711753032,,EA,0,2026-10-27,,,,,,,,,,,,,,,,,,,,,
200,00967711753,00967711753330,767711753033,,EA,0,2026-10-20,,,,,,,,,,,,,,,,,,,,,
200,00967711753,00967711753340,767711753034,,EA,0,2026-11-17,,,,,,,,,,,,,,,,,,,,,
200,00967711753,00967711753350,767711753035,,EA,0,2026-11-17,,,,,,,,,,,,,,,,,,,,,
200,00967711753,00967711753360,767711753036,,EA,0,2026-11-17,,,,,,,,,,,,,,,,,,,,,
200,00967711753,00967711753370,767711753037,,EA,0,2026-11-17,,,,,,,,,,,,,,,,,,,,,
200,00967711753,00967711753380,767711753038,,EA,0,2026-11-17,,,,,,,,,,,,,,,,,,,,,
200,00967711753,00967711753390,767711753039,,EA,0,2026-11-10,,,,,,,,,,,,,,,,,,,,,
200,00967711752,0096771175210,76771175201,,EA,0,2026-11-03,,,,,,,,,,,,,,,,,,,,,
200,00967711752,0096771175220,76771175202,,EA,0,2026-11-03,,,,,,,,,,,,,,,,,,,,,
200,00967711752,0096771175230,76771175203,,EA,0,2026-11-03,,,,,,,,,,,,,,,,,,,,,
200,00967711752,0096771175240,76771175204,,EA,0,2026-10-20,,,,,,,,,,,,,,,,,,,,,
200,00967711752,0096771175250,76771175205,,EA,0,2026-10-20,,,,,,,,,,,,,,,,,,,,,
200,00967711752,0096771175260,76771175206,,EA,0,2026-10-20,,,,,,,,,,,,,,,,,,,,,
200,00967711752,0096771175270,76771175207,,EA,0,2026-10-20,,,,,,,,,,,,,,,,,,,,,
200,00967711752,0096771175280,76771175208,,EA,0,2026-10-20,,,,,,,,,,,,,,,,,,,,,
200,00967711752,0096771175290,76771175209,,EA,0,2026-10-27,,,,,,,,,,,,,,,,,,,,,
200,00967711752,00967711752100,767711752010,,EA,0,2026-10-27,,,,,,,,,,,,,,,,,,,,,
200,00967711752,00967711752110,767711752011,,EA,0,2026-10-27,,,,,,,,,,,,,,,,,,,,,
200,00967711752,00967711752120,767711752012,,EA,0,2026-10-27,,,,,,,,,,,,,,,,,,,,,
200,00967711752,00967711752130,767711752013,,EA,0,2026-11-03,,,,,,,,,,,,,,,,,,,,,
200,00967711752,00967711752140,767711752014,,EA,0,2026-10-27,,,,,,,,,,,,,,,,,,,,,
200,00967711752,00967711752150,767711752015,,EA,0,2026-10-27,,,,,,,,,,,,,,,,,,,,,
200,00967711752,00967711752160,767711752016,,EA,0,2026-10-27,,,,,,,,,,,,,,,,,,,,,
200,00967711752,00967711752170,767711752017,,EA,0,2026-10-27,,,,,,,,,,,,,,,,,,,,,
200,00967711752,00967711752180,767711752018,,EA,0,2026-10-27,,,,,,,,,,,,,,,,,,,,,
200,00967711752,00967711752190,767711752019,,EA,0,2026-11-03,,,,,,,,,,,,,,,,,,,,,
200,00967711752,00967711752200,767711752020,,EA,0,2026-11-03,,,,,,,,,,,,,,,,,,,,,
200,00967711752,00967711752210,767711752021,,EA,0,2026-11-10,,,,,,,,,,,,,,,,,,,,,
200,00967711752,00967711752220,767711752022,,EA,0,2026-11-10,,,,,,,,,,,,,,,,,,,,,
200,00967711752,00967711752230,767711752023,,EA,0,2026-11-10,,,,,,,,,,,,,,,,,,,,,
200,00967711752,00967711752240,767711752024,,EA,0,2026-11-10,,,,,,,,,,,,,,,,,,,,,
200,00967711752,00967711752250,767711752025,,EA,0,2026-10-20,,,,,,,,,,,,,,,,,,,,,
200,00967711751,0096771175110,76771175101,,EA,0,2026-10-27,,,,,,,,,,,,,,,,,,,,,
200,00967711751,0096771175120,76771175102,,EA,0,2026-10-27,,,,,,,,,,,,,,,,,,,,,
200,00967711751,0096771175130,76771175103,,EA,0,2026-10-27,,,,,,,,,,,,,,,,,,,,,
200,00967711751,0096771175140,76771175104,,EA,0,2026-10-27,,,,,,,,,,,,,,,,,,,,,
200,00967711751,0096771175150,76771175105,,EA,0,2026-11-03,,,,,,,,,,,,,,,,,,,,,
200,00967711751,0096771175160,76771175106,,EA,0,2026-11-03,,,,,,,,,,,,,,,,,,,,,
200,00967711751,0096771175170,76771175107,,EA,0,2026-11-03,,,,,,,,,,,,,,,,,,,,,
200,00967711751,0096771175180,76771175108,,EA,0,2026-10-20,,,,,,,,,,,,,,,,,,,,,
200,00967711751,0096771175190,76771175109,,EA,0,2026-10-20,,,,,,,,,,,,,,,,,,,,,
200,00967711751,00967711751100,767711751010,,EA,0,2026-10-20,,,,,,,,,,,,,,,,,,,,,
200,00967711751,00967711751110,767711751011,,EA,0,2026-10-20,,,,,,,,,,,,,,,,,,,,,
200,00967711751,00967711751120,767711751012,,EA,0,2026-10-20,,,,,,,,,,,,,,,,,,,,,
200,00967711751,00967711751130,767711751013,,EA,0,2026-10-20,,,,,,,,,,,,,,,,,,,,,
200,00967711751,00967711751140,767711751014,,EA,0,2026-10-20,,,,,,,,,,,,,,,,,,,,,
200,00967711751,00967711751150,767711751015,,EA,0,2026-10-20,,,,,,,,,,,,,,,,,,,,,
200,00967711751,00967711751160,767711751016,,EA,0,2026-10-20,,,,,,,,,,,,,,,,,,,,,
200,00967711751,00967711751170,767711751017,,EA,0,2026-10-20,,,,,,,,,,,,,,,,,,,,,
200,00967711751,00967711751180,767711751018,,EA,0,2026-10-20,,,,,,,,,,,,,,,,,,,,,
200,00967711751,00967711751190,767711751019,,EA,0,2026-10-27,,,,,,,,,,,,,,,,,,,,,
200,00967711751,00967711751200,767711751020,,EA,0,2026-10-27,,,,,,,,,,,,,,,,,,,,,
200,00967711751,00967711751210,767711751021,,EA,0,2026-10-27,,,,,,,,,,,,,,,,,,,,,
200,00967711751,00967711751220,767711751022,,EA,0,2026-10-27,,,,,,,,,,,,,,,,,,,,,
200,00967711751,00967711751230,767711751023,,EA,0,2026-10-20,,,,,,,,,,,,,,,,,,,,,
200,00967711751,00967711751240,767711751024,,EA,0,2026-10-27,,,,,,,,,,,,,,,,,,,,,
200,00967711751,00967711751250,767711751025,,EA,0,2026-10-27,,,,,,,,,,,,,,,,,,,,,
200,00967711751,00967711751260,767711751026,,EA,0,2026-11-03,,,,,,,,,,,,,,,,,,,,,
200,00967711751,00967711751270,767711751027,,EA,0,2026-11-03,,,,,,,,,,,,,,,,,,,,,
200,00967711748,0096771174810,76771174801,,EA,0,2026-08-27,,,,,,,,,,,,,,,,,,,,,
200,00967711748,0096771174830,76771174802,,EA,0,2026-08-27,,,,,,,,,,,,,,,,,,,,,
200,00967711748,0096771174840,76771174803,,EA,0,2026-08-27,,,,,,,,,,,,,,,,,,,,,
200,00967711747,0096771174710,76771174701,,EA,0,2026-09-25,,,,,,,,,,,,,,,,,,,,,
200,00967711747,0096771174720,76771174702,,EA,0,2026-09-25,,,,,,,,,,,,,,,,,,,,,
200,00967711747,0096771174730,76771174703,,EA,0,2026-09-25,,,,,,,,,,,,,,,,,,,,,
200,00967711747,0096771174740,76771174704,,EA,0,2026-09-25,,,,,,,,,,,,,,,,,,,,,
200,00967711747,0096771174750,76771174705,,EA,0,2026-09-25,,,,,,,,,,,,,,,,,,,,,
200,00967711746,00967711746150,76771174601,,EA,23,2026-07-10,,,,,,,,,,,,,,,,,,,,,
200,00967711746,00967711746150,76771174602,,EA,0,2026-07-14,,,,,,,,,,,,,,,,,,,,,
200,00967711745,0096771174510,76771174501,,EA,0,2026-11-24,,,,,,,,,,,,,,,,,,,,,
200,00967711741,0096771174110,76771174101,,EA,0,2026-08-27,,,,,,,,,,,,,,,,,,,,,
200,00967711740,0096771174010,76771174001,,EA,1,2026-07-10,,,,,,,,,,,,,,,,,,,,,
200,00967711737,0096771173720,76771173701,,IN,0,2026-07-16,,,,,,,,,,,,,,,,,,,,,
200,00967711737,0096771173720,76771173709,,IN,286,2026-07-15,,,,,,,,,,,,,,,,,,,,,
200,00967711737,0096771173730,767711737010,,IN,435,2026-07-15,,,,,,,,,,,,,,,,,,,,,
200,00967711737,0096771173730,76771173702,,IN,0,2026-07-16,,,,,,,,,,,,,,,,,,,,,
200,00967711737,0096771173740,76771173703,,IN,0,2026-07-16,,,,,,,,,,,,,,,,,,,,,
200,00967711737,0096771173740,767711737011,,IN,120,2026-07-15,,,,,,,,,,,,,,,,,,,,,
200,00967711737,0096771173750,767711737012,,IN,250,2026-07-15,,,,,,,,,,,,,,,,,,,,,
200,00967711737,0096771173750,76771173704,,IN,0,2026-07-16,,,,,,,,,,,,,,,,,,,,,
200,00967711737,0096771173760,76771173705,,IN,0,2026-07-16,,,,,,,,,,,,,,,,,,,,,
200,00967711737,0096771173760,767711737013,,IN,120,2026-07-15,,,,,,,,,,,,,,,,,,,,,
200,00967711737,0096771173770,767711737014,,IN,284,2026-07-15,,,,,,,,,,,,,,,,,,,,,
200,00967711737,0096771173770,76771173706,,IN,0,2026-07-16,,,,,,,,,,,,,,,,,,,,,
200,00967711737,0096771173780,76771173707,,IN,0,2026-07-16,,,,,,,,,,,,,,,,,,,,,
200,00967711737,0096771173780,767711737015,,IN,272,2026-07-15,,,,,,,,,,,,,,,,,,,,,
200,00967711737,0096771173790,767711737016,,IN,260,2026-07-15,,,,,,,,,,,,,,,,,,,,,
200,00967711737,0096771173790,76771173708,,IN,0,2026-07-16,,,,,,,,,,,,,,,,,,,,,
200,00967711734,0096771173410,76771173401,,EA,85,2026-08-25,,,,,,,,,,,,,,,,,,,,,
200,00967711734,0096771173440,76771173402,,EA,8,2026-08-25,,,,,,,,,,,,,,,,,,,,,
200,00967711733,0096771173310,76771173301,,EA,3,2026-08-25,,,,,,,,,,,,,,,,,,,,,
200,00967711733,0096771173320,76771173302,,EA,10,2026-08-25,,,,,,,,,,,,,,,,,,,,,
200,00967711733,0096771173330,76771173303,,EA,0,2026-08-27,,,,,,,,,,,,,,,,,,,,,
200,00967711732,0096771173210,76771173201,,LT,1,2026-07-02,,,,,,,,,,,,,,,,,,,,,
200,00967711730,0096771173010,76771173001,,LT,1,2026-07-02,,,,,,,,,,,,,,,,,,,,,
200,00967711722,0096771172210,76771172201,,EA,10,2026-07-08,,,,,,,,,,,,,,,,,,,,,
200,00967711722,0096771172220,76771172202,,EA,5,2026-07-08,,,,,,,,,,,,,,,,,,,,,
200,00967711720,0096771172010,76771172001,,EA,0,2026-07-08,,,,,,,,,,,,,,,,,,,,,
200,00967711719,0096771171910,76771171901,,BX,2,2026-07-02,,,,,,,,,,,,,,,,,,,,,
200,00967711717,0096771171710,76771171701,,EA,5,2026-07-08,,,,,,,,,,,,,,,,,,,,,
200,00967711717,0096771171720,76771171702,,EA,10,2026-07-08,,,,,,,,,,,,,,,,,,,,,
200,00967711717,0096771171730,76771171703,,EA,2,2026-07-08,,,,,,,,,,,,,,,,,,,,,
200,00967711717,0096771171740,76771171704,,EA,10,2026-07-08,,,,,,,,,,,,,,,,,,,,,
200,00967711715,0096771171570,76771171501,,EA,1,2026-08-25,,,,,,,,,,,,,,,,,,,,,
200,00967711715,0096771171580,76771171502,,EA,8,2026-08-25,,,,,,,,,,,,,,,,,,,,,
200,00967711708,0096771170810,76771170801,,EA,5,2026-08-18,,,,,,,,,,,,,,,,,,,,,
200,00967711708,0096771170810,76771170804,,EA,-5,2026-08-18,,,,,,,,,,,,,,,,,,,,,
200,00967711708,0096771170810,76771170805,,EA,0,2026-08-13,,,,,,,,,,,,,,,,,,,,,
200,00967711708,0096771170820,76771170802,,EA,5,2026-08-18,,,,,,,,,,,,,,,,,,,,,
200,00967711708,0096771170830,76771170803,,EA,5,2026-08-25,,,,,,,,,,,,,,,,,,,,,
200,00967711707,0096771170710,76771170701,,EA,3,2026-07-02,,,,,,,,,,,,,,,,,,,,,
200,00967711703,0096771170360,76771170301,,EA,33,2026-07-10,,,,,,,,,,,,,,,,,,,,,
200,00967711703,0096771170360,76771170304,,EA,7,2026-07-10,,,,,,,,,,,,,,,,,,,,,
200,00967711703,0096771170370,76771170305,,EA,20,2026-07-10,,,,,,,,,,,,,,,,,,,,,
200,00967711703,0096771170370,76771170302,,EA,40,2026-07-10,,,,,,,,,,,,,,,,,,,,,
200,00967711703,0096771170380,76771170303,,EA,36,2026-07-10,,,,,,,,,,,,,,,,,,,,,
200,00967711703,0096771170380,76771170306,,EA,4,2026-07-10,,,,,,,,,,,,,,,,,,,,,
200,00967711698,0096771169810,76771169801,,EA,0,2026-08-06,,,,,,,,,,,,,,,,,,,,,
200,00967711698,0096771169820,76771169802,,EA,0,2026-08-06,,,,,,,,,,,,,,,,,,,,,
200,00967711698,0096771169830,76771169803,,EA,0,2026-08-06,,,,,,,,,,,,,,,,,,,,,
200,00967711698,0096771169840,76771169804,,EA,2,2026-08-12,,,,,,,,,,,,,,,,,,,,,
200,00967711698,0096771169850,76771169805,,EA,3,2026-08-12,,,,,,,,,,,,,,,,,,,,,
200,00967711689,0096771168910,76771168901,,EA,0,2026-08-28,,,,,,,,,,,,,,,,,,,,,
200,00967711688,0096771168810,76771168801,,EA,144,2026-07-15,,,,,,,,,,,,,,,,,,,,,
200,00967711688,0096771168810,76771168806,,EA,0,2026-07-14,,,,,,,,,,,,,,,,,,,,,
200,00967711688,0096771168820,76771168807,,IN,0,2026-07-02,,,,,,,,,,,,,,,,,,,,,
200,00967711688,0096771168820,76771168802,,IN,285,2026-07-02,,,,,,,,,,,,,,,,,,,,,
200,00967711688,0096771168830,76771168803,,IN,144,2026-07-02,,,,,,,,,,,,,,,,,,,,,
200,00967711688,0096771168830,76771168808,,IN,0,2026-07-02,,,,,,,,,,,,,,,,,,,,,
200,00967711688,0096771168840,76771168809,,IN,0,2026-07-09,,,,,,,,,,,,,,,,,,,,,
200,00967711688,0096771168840,76771168804,,IN,140,2026-07-09,,,,,,,,,,,,,,,,,,,,,
200,00967711688,0096771168850,76771168805,,IN,120,2026-07-09,,,,,,,,,,,,,,,,,,,,,
200,00967711688,0096771168850,767711688010,,IN,0,2026-07-09,,,,,,,,,,,,,,,,,,,,,
200,00967711687,0096771168710,76771168701,,EA,1,2026-06-30,,,,,,,,,,,,,,,,,,,,,
200,00967711687,0096771168720,76771168702,,EA,125,2026-06-30,,,,,,,,,,,,,,,,,,,,,
200,00967711684,0096771168430,76771168401,,EA,0,2026-08-27,,,,,,,,,,,,,,,,,,,,,
200,00967711682,0096771168210,76771168201,,EA,4,2026-06-30,,,,,,,,,,,,,,,,,,,,,
200,00967711682,0096771168220,76771168202,,EA,3,2026-06-30,,,,,,,,,,,,,,,,,,,,,
200,00967711682,0096771168230,76771168203,,EA,1,2026-06-30,,,,,,,,,,,,,,,,,,,,,
200,00967711679,0096771167910,76771167901,,EA,0,2026-10-06,,,,,,,,,,,,,,,,,,,,,
200,00967711679,0096771167920,76771167902,,EA,0,2026-10-13,,,,,,,,,,,,,,,,,,,,,
200,00967711679,0096771167930,76771167903,,EA,0,2026-10-13,,,,,,,,,,,,,,,,,,,,,
200,00967711679,0096771167940,76771167904,,EA,0,2026-09-30,,,,,,,,,,,,,,,,,,,,,
200,00967711679,0096771167950,76771167905,,EA,0,2026-09-30,,,,,,,,,,,,,,,,,,,,,
200,00967711679,0096771167960,76771167906,,EA,0,2026-09-30,,,,,,,,,,,,,,,,,,,,,
200,00967711679,0096771167970,76771167907,,EA,0,2026-10-13,,,,,,,,,,,,,,,,,,,,,
200,00967711679,0096771167980,76771167908,,EA,0,2026-10-13,,,,,,,,,,,,,,,,,,,,,
200,00967711679,0096771167990,76771167909,,EA,0,2026-10-13,,,,,,,,,,,,,,,,,,,,,
200,00967711679,00967711679100,767711679010,,EA,0,2026-10-13,,,,,,,,,,,,,,,,,,,,,
200,00967711679,00967711679110,767711679011,,EA,0,2026-10-13,,,,,,,,,,,,,,,,,,,,,
200,00967711679,00967711679120,767711679012,,EA,0,2026-10-13,,,,,,,,,,,,,,,,,,,,,
200,00967711679,00967711679130,767711679013,,EA,0,2026-10-13,,,,,,,,,,,,,,,,,,,,,
200,00967711679,00967711679140,767711679014,,EA,0,2026-09-30,,,,,,,,,,,,,,,,,,,,,
200,00967711679,00967711679150,767711679015,,EA,0,2026-10-06,,,,,,,,,,,,,,,,,,,,,
200,00967711679,00967711679160,767711679016,,EA,0,2026-09-30,,,,,,,,,,,,,,,,,,,,,
200,00967711679,00967711679170,767711679017,,EA,0,2026-10-13,,,,,,,,,,,,,,,,,,,,,
200,00967711678,0096771167810,76771167801,,EA,0,2026-10-06,,,,,,,,,,,,,,,,,,,,,
200,00967711678,0096771167820,76771167802,,EA,0,2026-10-06,,,,,,,,,,,,,,,,,,,,,
200,00967711678,0096771167830,76771167803,,EA,0,2026-10-06,,,,,,,,,,,,,,,,,,,,,
200,00967711678,0096771167840,76771167804,,EA,0,2026-09-30,,,,,,,,,,,,,,,,,,,,,
200,00967711678,0096771167850,76771167805,,EA,0,2026-09-30,,,,,,,,,,,,,,,,,,,,,
200,00967711678,0096771167860,76771167806,,EA,0,2026-10-13,,,,,,,,,,,,,,,,,,,,,
200,00967711678,0096771167870,76771167807,,EA,0,2026-09-30,,,,,,,,,,,,,,,,,,,,,
200,00967711678,0096771167880,76771167808,,EA,0,2026-09-30,,,,,,,,,,,,,,,,,,,,,
200,00967711678,0096771167890,76771167809,,EA,0,2026-10-06,,,,,,,,,,,,,,,,,,,,,
200,00967711678,00967711678100,767711678010,,EA,0,2026-10-13,,,,,,,,,,,,,,,,,,,,,
200,00967711678,00967711678110,767711678011,,EA,0,2026-10-13,,,,,,,,,,,,,,,,,,,,,
200,00967711678,00967711678120,767711678012,,EA,0,2026-10-13,,,,,,,,,,,,,,,,,,,,,
200,00967711678,00967711678130,767711678013,,EA,0,2026-10-13,,,,,,,,,,,,,,,,,,,,,
200,00967711678,00967711678140,767711678014,,EA,0,2026-09-30,,,,,,,,,,,,,,,,,,,,,
200,00967711678,00967711678150,767711678015,,EA,0,2026-09-30,,,,,,,,,,,,,,,,,,,,,
200,00967711675,0096771167520,76771167501,,EA,3,2026-07-02,,,,,,,,,,,,,,,,,,,,,
200,00967711675,0096771167520,76771167502,,EA,1,2026-07-02,,,,,,,,,,,,,,,,,,,,,
200,00967711673,0096771167310,76771167301,,EA,1,2026-08-20,,,,,,,,,,,,,,,,,,,,,
200,00967711673,0096771167320,76771167302,,EA,1,2026-08-20,,,,,,,,,,,,,,,,,,,,,
200,00967711672,0096771167290,76771167201,,EA,20,2026-07-09,,,,,,,,,,,,,,,,,,,,,
200,00967711672,0096771167290,76771167202,,EA,80,2026-07-09,,,,,,,,,,,,,,,,,,,,,
200,00967711668,0096771166810,76771166801,,EA,0,2026-10-13,,,,,,,,,,,,,,,,,,,,,
200,00967711668,0096771166820,76771166802,,EA,0,2026-10-13,,,,,,,,,,,,,,,,,,,,,
200,00967711668,0096771166830,76771166803,,EA,0,2026-10-13,,,,,,,,,,,,,,,,,,,,,
200,00967711668,0096771166840,76771166804,,EA,0,2026-10-13,,,,,,,,,,,,,,,,,,,,,
200,00967711668,0096771166850,76771166805,,EA,0,2026-09-30,,,,,,,,,,,,,,,,,,,,,
200,00967711668,0096771166860,76771166806,,EA,0,2026-09-30,,,,,,,,,,,,,,,,,,,,,
200,00967711668,0096771166870,76771166807,,EA,0,2026-09-30,,,,,,,,,,,,,,,,,,,,,
200,00967711668,0096771166880,76771166808,,EA,0,2026-09-30,,,,,,,,,,,,,,,,,,,,,
200,00967711668,0096771166890,76771166809,,EA,0,2026-09-30,,,,,,,,,,,,,,,,,,,,,
200,00967711668,00967711668100,767711668010,,EA,0,2026-10-20,,,,,,,,,,,,,,,,,,,,,
200,00967711668,00967711668110,767711668011,,EA,0,2026-10-20,,,,,,,,,,,,,,,,,,,,,
200,00967711668,00967711668120,767711668012,,EA,0,2026-10-20,,,,,,,,,,,,,,,,,,,,,
200,00967711668,00967711668130,767711668013,,EA,0,2026-10-20,,,,,,,,,,,,,,,,,,,,,
200,00967711668,00967711668140,767711668014,,EA,0,2026-10-20,,,,,,,,,,,,,,,,,,,,,
200,00967711668,00967711668150,767711668015,,EA,0,2026-10-20,,,,,,,,,,,,,,,,,,,,,
200,00967711668,00967711668160,767711668016,,EA,0,2026-10-20,,,,,,,,,,,,,,,,,,,,,
200,00967711668,00967711668170,767711668017,,EA,0,2026-10-20,,,,,,,,,,,,,,,,,,,,,
200,00967711668,00967711668180,767711668018,,EA,0,2026-10-20,,,,,,,,,,,,,,,,,,,,,
200,00967711668,00967711668190,767711668019,,EA,0,2026-10-20,,,,,,,,,,,,,,,,,,,,,
200,00967711668,00967711668200,767711668020,,EA,0,2026-10-20,,,,,,,,,,,,,,,,,,,,,
200,00967711668,00967711668210,767711668021,,EA,0,2026-09-08,,,,,,,,,,,,,,,,,,,,,
200,00967711668,00967711668220,767711668022,,EA,0,2026-09-08,,,,,,,,,,,,,,,,,,,,,
200,00967711668,00967711668230,767711668023,,EA,0,2026-09-08,,,,,,,,,,,,,,,,,,,,,
200,00967711668,00967711668240,767711668024,,ME,0,2026-09-08,,,,,,,,,,,,,,,,,,,,,
200,00967711668,00967711668250,767711668025,,EA,0,2026-09-08,,,,,,,,,,,,,,,,,,,,,
200,00967711668,00967711668260,767711668026,,EA,0,2026-09-08,,,,,,,,,,,,,,,,,,,,,
200,00967711668,00967711668270,767711668027,,EA,0,2026-09-30,,,,,,,,,,,,,,,,,,,,,
200,00967711668,00967711668280,767711668028,,EA,0,2026-09-30,,,,,,,,,,,,,,,,,,,,,
200,00967711667,0096771166710,76771166701,,EA,0,2026-07-24,,,,,,,,,,,,,,,,,,,,,
200,00967711667,0096771166710,76771166702,,EA,0,2026-08-30,,,,,,,,,,,,,,,,,,,,,
200,00967711666,0096771166630,76771166601,,EA,4,2026-07-08,,,,,,,,,,,,,,,,,,,,,
200,00967711666,0096771166640,76771166602,,EA,4,2026-07-08,,,,,,,,,,,,,,,,,,,,,
200,00967711665,0096771166510,76771166501,,EA,0,2026-09-29,,,,,,,,,,,,,,,,,,,,,
200,00967711665,0096771166520,76771166502,,EA,0,2026-10-20,,,,,,,,,,,,,,,,,,,,,
200,00967711665,0096771166530,76771166503,,EA,0,2026-10-20,,,,,,,,,,,,,,,,,,,,,
200,00967711665,0096771166540,76771166504,,EA,0,2026-10-20,,,,,,,,,,,,,,,,,,,,,
200,00967711665,0096771166550,76771166505,,EA,0,2026-10-20,,,,,,,,,,,,,,,,,,,,,
200,00967711665,0096771166560,76771166506,,EA,0,2026-10-20,,,,,,,,,,,,,,,,,,,,,
200,00967711665,0096771166570,76771166507,,EA,0,2026-10-20,,,,,,,,,,,,,,,,,,,,,
200,00967711665,0096771166580,76771166508,,EA,0,2026-10-20,,,,,,,,,,,,,,,,,,,,,
200,00967711665,0096771166590,76771166509,,EA,0,2026-10-20,,,,,,,,,,,,,,,,,,,,,
200,00967711665,00967711665100,767711665010,,EA,0,2026-10-20,,,,,,,,,,,,,,,,,,,,,
200,00967711665,00967711665110,767711665011,,EA,0,2026-10-20,,,,,,,,,,,,,,,,,,,,,
200,00967711665,00967711665120,767711665012,,EA,0,2026-10-20,,,,,,,,,,,,,,,,,,,,,
200,00967711665,00967711665130,767711665013,,EA,0,2026-10-20,,,,,,,,,,,,,,,,,,,,,
200,00967711665,00967711665140,767711665014,,EA,0,2026-10-20,,,,,,,,,,,,,,,,,,,,,
200,00967711665,00967711665150,767711665015,,EA,0,2026-10-20,,,,,,,,,,,,,,,,,,,,,
200,00967711665,00967711665160,767711665016,,EA,0,2026-10-20,,,,,,,,,,,,,,,,,,,,,
200,00967711665,00967711665170,767711665017,,EA,0,2026-09-29,,,,,,,,,,,,,,,,,,,,,
200,00967711665,00967711665180,767711665018,,EA,0,2026-09-29,,,,,,,,,,,,,,,,,,,,,
200,00967711665,00967711665190,767711665019,,EA,0,2026-09-29,,,,,,,,,,,,,,,,,,,,,
200,00967711665,00967711665200,767711665020,,EA,0,2026-09-29,,,,,,,,,,,,,,,,,,,,,
200,00967711665,00967711665210,767711665021,,EA,0,2026-09-29,,,,,,,,,,,,,,,,,,,,,
200,00967711665,00967711665220,767711665022,,EA,0,2026-09-29,,,,,,,,,,,,,,,,,,,,,
200,00967711665,00967711665230,767711665023,,EA,0,2026-09-29,,,,,,,,,,,,,,,,,,,,,
200,00967711665,00967711665240,767711665024,,EA,0,2026-09-29,,,,,,,,,,,,,,,,,,,,,
200,00967711665,00967711665250,767711665025,,EA,0,2026-09-29,,,,,,,,,,,,,,,,,,,,,
200,00967711665,00967711665260,767711665026,,EA,0,2026-09-29,,,,,,,,,,,,,,,,,,,,,
200,00967711664,0096771166410,76771166401,,EA,0,2026-09-08,,,,,,,,,,,,,,,,,,,,,
200,00967711664,0096771166420,76771166402,,EA,0,2026-09-08,,,,,,,,,,,,,,,,,,,,,
200,00967711664,0096771166430,76771166403,,EA,0,2026-09-30,,,,,,,,,,,,,,,,,,,,,
200,00967711664,0096771166440,76771166404,,EA,0,2026-10-13,,,,,,,,,,,,,,,,,,,,,
200,00967711664,0096771166450,76771166405,,EA,0,2026-10-13,,,,,,,,,,,,,,,,,,,,,
200,00967711664,0096771166460,76771166406,,EA,0,2026-10-13,,,,,,,,,,,,,,,,,,,,,
200,00967711664,0096771166470,76771166407,,EA,0,2026-10-13,,,,,,,,,,,,,,,,,,,,,
200,00967711664,0096771166480,76771166408,,EA,0,2026-10-13,,,,,,,,,,,,,,,,,,,,,
200,00967711664,0096771166490,76771166409,,EA,0,2026-10-13,,,,,,,,,,,,,,,,,,,,,
200,00967711664,00967711664100,767711664010,,EA,0,2026-10-13,,,,,,,,,,,,,,,,,,,,,
200,00967711664,00967711664110,767711664011,,EA,0,2026-10-20,,,,,,,,,,,,,,,,,,,,,
200,00967711664,00967711664120,767711664012,,EA,0,2026-10-20,,,,,,,,,,,,,,,,,,,,,
200,00967711664,00967711664130,767711664013,,EA,0,2026-10-20,,,,,,,,,,,,,,,,,,,,,
200,00967711664,00967711664140,767711664014,,EA,0,2026-10-20,,,,,,,,,,,,,,,,,,,,,
200,00967711664,00967711664150,767711664015,,EA,0,2026-09-30,,,,,,,,,,,,,,,,,,,,,
200,00967711664,00967711664160,767711664016,,EA,0,2026-09-30,,,,,,,,,,,,,,,,,,,,,
200,00967711664,00967711664170,767711664017,,EA,0,2026-10-13,,,,,,,,,,,,,,,,,,,,,
200,00967711664,00967711664180,767711664018,,EA,0,2026-09-30,,,,,,,,,,,,,,,,,,,,,
200,00967711664,00967711664190,767711664019,,EA,0,2026-09-30,,,,,,,,,,,,,,,,,,,,,
200,00967711664,00967711664200,767711664020,,EA,0,2026-09-30,,,,,,,,,,,,,,,,,,,,,
200,00967711664,00967711664210,767711664021,,EA,0,2026-09-30,,,,,,,,,,,,,,,,,,,,,
200,00967711664,00967711664220,767711664022,,EA,0,2026-09-30,,,,,,,,,,,,,,,,,,,,,
200,00967711664,00967711664230,767711664023,,EA,0,2026-10-06,,,,,,,,,,,,,,,,,,,,,
200,00967711663,0096771166310,76771166301,,EA,0,2026-09-30,,,,,,,,,,,,,,,,,,,,,
200,00967711663,0096771166320,76771166302,,EA,0,2026-10-06,,,,,,,,,,,,,,,,,,,,,
200,00967711663,0096771166330,76771166303,,EA,0,2026-10-06,,,,,,,,,,,,,,,,,,,,,
200,00967711663,0096771166340,76771166304,,EA,0,2026-10-13,,,,,,,,,,,,,,,,,,,,,
200,00967711663,0096771166350,76771166305,,EA,0,2026-10-13,,,,,,,,,,,,,,,,,,,,,
200,00967711663,0096771166360,76771166306,,EA,0,2026-09-30,,,,,,,,,,,,,,,,,,,,,
200,00967711663,0096771166370,76771166307,,EA,0,2026-09-30,,,,,,,,,,,,,,,,,,,,,
200,00967711663,0096771166380,76771166308,,EA,0,2026-09-30,,,,,,,,,,,,,,,,,,,,,
200,00967711663,0096771166390,76771166309,,EA,0,2026-09-30,,,,,,,,,,,,,,,,,,,,,
200,00967711663,00967711663100,767711663010,,EA,0,2026-10-13,,,,,,,,,,,,,,,,,,,,,
200,00967711663,00967711663110,767711663011,,EA,0,2026-10-13,,,,,,,,,,,,,,,,,,,,,
200,00967711663,00967711663120,767711663012,,EA,0,2026-10-13,,,,,,,,,,,,,,,,,,,,,
200,00967711663,00967711663130,767711663013,,EA,0,2026-10-13,,,,,,,,,,,,,,,,,,,,,
200,00967711663,00967711663140,767711663014,,EA,0,2026-10-13,,,,,,,,,,,,,,,,,,,,,
200,00967711663,00967711663150,767711663015,,EA,0,2026-09-30,,,,,,,,,,,,,,,,,,,,,
200,00967711662,0096771166230,76771166201,,IN,0,2026-07-02,,,,,,,,,,,,,,,,,,,,,
200,00967711662,0096771166230,76771166203,,IN,288,2026-07-09,,,,,,,,,,,,,,,,,,,,,
200,00967711662,0096771166240,76771166204,,IN,264,2026-07-09,,,,,,,,,,,,,,,,,,,,,
200,00967711662,0096771166240,76771166202,,IN,0,2026-07-07,,,,,,,,,,,,,,,,,,,,,
200,00967711657,0096771165720,76771165701,,EA,1,2026-07-17,,,,,,,,,,,,,,,,,,,,,
200,00967711656,0096771165630,76771165601,,EA,6,2026-06-25,,,,,,,,,,,,,,,,,,,,,
200,00967711645,0096771164510,76771164501,,EA,0,2026-09-08,,,,,,,,,,,,,,,,,,,,,
200,00967711645,0096771164520,76771164502,,EA,0,2026-09-30,,,,,,,,,,,,,,,,,,,,,
200,00967711645,0096771164530,76771164503,,EA,0,2026-09-30,,,,,,,,,,,,,,,,,,,,,
200,00967711645,0096771164540,76771164504,,EA,0,2026-09-30,,,,,,,,,,,,,,,,,,,,,
200,00967711645,0096771164550,76771164505,,EA,0,2026-09-08,,,,,,,,,,,,,,,,,,,,,
200,00967711645,0096771164560,76771164506,,EA,0,2026-09-08,,,,,,,,,,,,,,,,,,,,,
200,00967711645,0096771164570,76771164507,,EA,0,2026-09-08,,,,,,,,,,,,,,,,,,,,,
200,00967711645,0096771164580,76771164508,,EA,0,2026-09-08,,,,,,,,,,,,,,,,,,,,,
200,00967711645,0096771164590,76771164509,,EA,0,2026-09-08,,,,,,,,,,,,,,,,,,,,,
200,00967711645,00967711645100,767711645010,,EA,0,2026-09-08,,,,,,,,,,,,,,,,,,,,,
200,00967711645,00967711645110,767711645011,,EA,0,2026-09-08,,,,,,,,,,,,,,,,,,,,,
200,00967711645,00967711645120,767711645012,,EA,0,2026-09-08,,,,,,,,,,,,,,,,,,,,,
200,00967711645,00967711645130,767711645013,,EA,0,2026-09-30,,,,,,,,,,,,,,,,,,,,,
200,00967711645,00967711645140,767711645014,,EA,0,2026-09-30,,,,,,,,,,,,,,,,,,,,,
200,00967711645,00967711645150,767711645015,,EA,0,2026-09-30,,,,,,,,,,,,,,,,,,,,,
200,00967711645,00967711645160,767711645016,,EA,0,2026-09-30,,,,,,,,,,,,,,,,,,,,,
200,00967711645,00967711645170,767711645017,,EA,0,2026-09-30,,,,,,,,,,,,,,,,,,,,,
200,00967711645,00967711645180,767711645018,,EA,0,2026-09-30,,,,,,,,,,,,,,,,,,,,,
200,00967711645,00967711645190,767711645019,,EA,0,2026-09-30,,,,,,,,,,,,,,,,,,,,,
200,00967711645,00967711645200,767711645020,,EA,0,2026-09-30,,,,,,,,,,,,,,,,,,,,,
200,00967711645,00967711645210,767711645021,,EA,0,2026-09-30,,,,,,,,,,,,,,,,,,,,,
200,00967711645,00967711645220,767711645022,,EA,0,2026-09-30,,,,,,,,,,,,,,,,,,,,,
200,00967711645,00967711645230,767711645023,,EA,0,2026-09-30,,,,,,,,,,,,,,,,,,,,,
200,00967711645,00967711645240,767711645024,,EA,0,2026-09-30,,,,,,,,,,,,,,,,,,,,,
200,00967711645,00967711645250,767711645025,,EA,0,2026-09-30,,,,,,,,,,,,,,,,,,,,,
200,00967711642,0096771164210,76771164201,,EA,0,2026-09-25,,,,,,,,,,,,,,,,,,,,,
200,00967711642,0096771164220,76771164202,,EA,0,2026-09-25,,,,,,,,,,,,,,,,,,,,,
200,00967711642,0096771164230,76771164203,,EA,0,2026-09-25,,,,,,,,,,,,,,,,,,,,,
200,00967711639,0096771163910,76771163901,,IN,261,2026-07-09,,,,,,,,,,,,,,,,,,,,,
200,00967711639,0096771163910,76771163902,,IN,39,2026-07-09,,,,,,,,,,,,,,,,,,,,,
200,00967711629,0096771162910,76771162901,,EA,10,2026-06-25,,,,,,,,,,,,,,,,,,,,,
200,00967711629,0096771162920,76771162902,,EA,10,2026-06-25,,,,,,,,,,,,,,,,,,,,,
200,00967711629,0096771162930,76771162903,,EA,1,2026-06-25,,,,,,,,,,,,,,,,,,,,,
200,00967711621,0096771162110,76771162101,,EA,4,2026-08-24,,,,,,,,,,,,,,,,,,,,,
200,00967711621,0096771162120,76771162102,,EA,1,2026-08-24,,,,,,,,,,,,,,,,,,,,,
200,00967711621,0096771162130,76771162103,,EA,1,2026-08-24,,,,,,,,,,,,,,,,,,,,,
200,00967711621,0096771162140,76771162104,,EA,2,2026-08-24,,,,,,,,,,,,,,,,,,,,,
200,00967711621,0096771162150,76771162105,,EA,1,2026-08-24,,,,,,,,,,,,,,,,,,,,,
200,00967711621,0096771162160,76771162106,,EA,4,2026-08-24,,,,,,,,,,,,,,,,,,,,,
200,00967711621,0096771162170,76771162107,,EA,3,2026-08-24,,,,,,,,,,,,,,,,,,,,,
200,00967711621,0096771162180,76771162108,,EA,2,2026-08-24,,,,,,,,,,,,,,,,,,,,,
200,00967711621,0096771162190,76771162109,,EA,2,2026-08-24,,,,,,,,,,,,,,,,,,,,,
200,00967711618,0096771161810,76771161801,,EA,10,2026-06-23,,,,,,,,,,,,,,,,,,,,,
200,00967711618,0096771161820,76771161802,,EA,1,2026-06-23,,,,,,,,,,,,,,,,,,,,,
200,00967711612,0096771161230,76771161201,,IN,277,2026-07-02,,,,,,,,,,,,,,,,,,,,,
200,00967711612,0096771161230,76771161202,,IN,0,2026-07-02,,,,,,,,,,,,,,,,,,,,,
200,00967711611,0096771161110,76771161101,,EA,75,2026-06-23,,,,,,,,,,,,,,,,,,,,,
200,00967711611,0096771161120,76771161102,,EA,100,2026-06-23,,,,,,,,,,,,,,,,,,,,,
200,00967711611,0096771161130,76771161103,,EA,25,2026-06-23,,,,,,,,,,,,,,,,,,,,,
200,00967711599,0096771159910,76771159901,,EA,0,2026-07-31,,,,,,,,,,,,,,,,,,,,,
200,00967711599,0096771159920,76771159902,,EA,2,2026-07-31,,,,,,,,,,,,,,,,,,,,,
200,00967711599,0096771159930,76771159903,,EA,2,2026-07-31,,,,,,,,,,,,,,,,,,,,,
200,00967711599,0096771159940,76771159904,,EA,2,2026-07-31,,,,,,,,,,,,,,,,,,,,,
200,00967711599,0096771159950,76771159905,,EA,0,2026-07-31,,,,,,,,,,,,,,,,,,,,,
200,00967711599,0096771159960,76771159906,,EA,0,2026-07-31,,,,,,,,,,,,,,,,,,,,,
200,00967711599,0096771159970,76771159907,,EA,0,2026-07-31,,,,,,,,,,,,,,,,,,,,,
200,00967711599,0096771159980,76771159908,,EA,0,2026-07-31,,,,,,,,,,,,,,,,,,,,,
200,00967711599,0096771159990,76771159909,,EA,2,2026-07-31,,,,,,,,,,,,,,,,,,,,,
200,00967711599,00967711599100,767711599010,,EA,2,2026-07-31,,,,,,,,,,,,,,,,,,,,,
200,00967711599,00967711599110,767711599011,,EA,2,2026-07-31,,,,,,,,,,,,,,,,,,,,,
200,00967711599,00967711599120,767711599012,,EA,0,2026-07-31,,,,,,,,,,,,,,,,,,,,,
200,00967711599,00967711599130,767711599013,,EA,0,2026-07-31,,,,,,,,,,,,,,,,,,,,,
200,00967711599,00967711599160,767711599014,,EA,0,2026-07-31,,,,,,,,,,,,,,,,,,,,,
200,00967711599,00967711599180,767711599015,,EA,0,2026-07-31,,,,,,,,,,,,,,,,,,,,,
200,00967711599,00967711599200,767711599016,,EA,0,2026-07-31,,,,,,,,,,,,,,,,,,,,,
200,00967711599,00967711599220,767711599017,,EA,2,2026-08-20,,,,,,,,,,,,,,,,,,,,,
200,00967711599,00967711599240,767711599018,,EA,2,2026-07-31,,,,,,,,,,,,,,,,,,,,,
200,00967711599,00967711599250,767711599019,,EA,2,2026-08-20,,,,,,,,,,,,,,,,,,,,,
200,00967711599,00967711599260,767711599020,,EA,0,2026-07-31,,,,,,,,,,,,,,,,,,,,,
200,00967711599,00967711599270,767711599021,,EA,0,2026-07-31,,,,,,,,,,,,,,,,,,,,,
200,00967711598,0096771159810,76771159801,,EA,0,2026-06-05,,,,,,,,,,,,,,,,,,,,,
200,00967711597,0096771159710,76771159701,,EA,8,2026-07-02,,,,,,,,,,,,,,,,,,,,,
200,00967711596,0096771159610,76771159601,,EA,10,2026-06-23,,,,,,,,,,,,,,,,,,,,,
200,00967711596,0096771159610,76771159603,,EA,-10,2026-08-14,,,,,,,,,,,,,,,,,,,,,
200,00967711596,0096771159610,76771159604,,EA,10,2026-08-14,,,,,,,,,,,,,,,,,,,,,
200,00967711596,0096771159620,76771159605,,EA,-10,2026-08-14,,,,,,,,,,,,,,,,,,,,,
200,00967711596,0096771159620,76771159606,,EA,10,2026-08-14,,,,,,,,,,,,,,,,,,,,,
200,00967711596,0096771159620,76771159602,,EA,10,2026-06-23,,,,,,,,,,,,,,,,,,,,,
200,00967711593,0096771159310,76771159301,,EA,0,2026-06-19,,,,,,,,,,,,,,,,,,,,,
200,00967711583,0096771158310,76771158301,,EA,0,2026-07-08,,,,,,,,,,,,,,,,,,,,,
200,00967711581,0096771158110,76771158101,,EA,200,2026-07-29,,,,,,,,,,,,,,,,,,,,,
200,00967711581,0096771158120,76771158102,,EA,0,2026-07-29,,,,,,,,,,,,,,,,,,,,,
200,00967711581,0096771158130,76771158103,,EA,200,2026-07-28,,,,,,,,,,,,,,,,,,,,,
200,00967711581,0096771158140,76771158104,,EA,200,2026-07-28,,,,,,,,,,,,,,,,,,,,,
200,00967711581,0096771158150,76771158105,,EA,200,2026-07-28,,,,,,,,,,,,,,,,,,,,,
200,00967711581,0096771158160,76771158106,,EA,50,2026-07-28,,,,,,,,,,,,,,,,,,,,,
200,00967711581,0096771158170,76771158107,,EA,200,2026-07-29,,,,,,,,,,,,,,,,,,,,,
200,00967711578,0096771157820,76771157801,,IN,1720,2026-06-24,,,,,,,,,,,,,,,,,,,,,
200,00967711578,0096771157820,76771157804,,IN,0,2026-06-25,,,,,,,,,,,,,,,,,,,,,
200,00967711578,0096771157830,76771157805,,IN,0,2026-07-02,,,,,,,,,,,,,,,,,,,,,
200,00967711578,0096771157830,76771157802,,IN,140,2026-07-02,,,,,,,,,,,,,,,,,,,,,
200,00967711578,0096771157840,76771157803,,IN,138,2026-07-02,,,,,,,,,,,,,,,,,,,,,
200,00967711578,0096771157840,76771157806,,IN,0,2026-07-02,,,,,,,,,,,,,,,,,,,,,
200,00967711577,0096771157710,76771157701,,EA,100,2026-06-19,,,,,,,,,,,,,,,,,,,,,
200,00967711577,0096771157720,76771157702,,EA,40,2026-06-19,,,,,,,,,,,,,,,,,,,,,
200,00967711577,0096771157730,76771157703,,EA,100,2026-06-19,,,,,,,,,,,,,,,,,,,,,
200,00967711572,0096771157220,76771157201,,EA,1,2026-07-10,,,,,,,,,,,,,,,,,,,,,
200,00967711571,0096771157110,76771157101,,EA,0,2026-10-13,,,,,,,,,,,,,,,,,,,,,
200,00967711571,0096771157120,76771157102,,EA,0,2026-10-13,,,,,,,,,,,,,,,,,,,,,
200,00967711571,0096771157130,76771157103,,EA,0,2026-09-08,,,,,,,,,,,,,,,,,,,,,
200,00967711571,0096771157140,76771157104,,EA,0,2026-09-08,,,,,,,,,,,,,,,,,,,,,
200,00967711571,0096771157150,76771157105,,EA,0,2026-10-13,,,,,,,,,,,,,,,,,,,,,
200,00967711571,0096771157160,76771157106,,EA,0,2026-10-13,,,,,,,,,,,,,,,,,,,,,
200,00967711571,0096771157170,76771157107,,EA,0,2026-10-13,,,,,,,,,,,,,,,,,,,,,
200,00967711571,0096771157180,76771157108,,EA,0,2026-10-13,,,,,,,,,,,,,,,,,,,,,
200,00967711571,0096771157190,76771157109,,EA,0,2026-09-08,,,,,,,,,,,,,,,,,,,,,
200,00967711571,00967711571100,767711571010,,EA,0,2026-09-08,,,,,,,,,,,,,,,,,,,,,
200,00967711571,00967711571110,767711571011,,EA,0,2026-10-13,,,,,,,,,,,,,,,,,,,,,
200,00967711571,00967711571120,767711571012,,EA,0,2026-10-13,,,,,,,,,,,,,,,,,,,,,
200,00967711571,00967711571130,767711571013,,EA,0,2026-10-13,,,,,,,,,,,,,,,,,,,,,
200,00967711571,00967711571140,767711571014,,EA,0,2026-10-13,,,,,,,,,,,,,,,,,,,,,
200,00967711571,00967711571150,767711571015,,EA,0,2026-10-13,,,,,,,,,,,,,,,,,,,,,
200,00967711571,00967711571160,767711571016,,EA,0,2026-10-13,,,,,,,,,,,,,,,,,,,,,
200,00967711571,00967711571170,767711571017,,EA,0,2026-10-13,,,,,,,,,,,,,,,,,,,,,
200,00967711571,00967711571180,767711571018,,EA,0,2026-09-08,,,,,,,,,,,,,,,,,,,,,
200,00967711571,00967711571190,767711571019,,EA,0,2026-09-08,,,,,,,,,,,,,,,,,,,,,
200,00967711571,00967711571200,767711571020,,ME,0,2026-09-08,,,,,,,,,,,,,,,,,,,,,
200,00967711571,00967711571210,767711571021,,EA,0,2026-09-08,,,,,,,,,,,,,,,,,,,,,
200,00967711571,00967711571220,767711571022,,EA,0,2026-09-08,,,,,,,,,,,,,,,,,,,,,
200,00967711571,00967711571230,767711571023,,EA,0,2026-09-08,,,,,,,,,,,,,,,,,,,,,
200,00967711570,0096771157010,76771157001,,EA,0,2026-09-01,,,,,,,,,,,,,,,,,,,,,
200,00967711570,0096771157020,76771157002,,EA,0,2026-09-08,,,,,,,,,,,,,,,,,,,,,
200,00967711570,0096771157030,76771157003,,EA,0,2026-09-08,,,,,,,,,,,,,,,,,,,,,
200,00967711570,0096771157040,76771157004,,EA,0,2026-09-08,,,,,,,,,,,,,,,,,,,,,
200,00967711570,0096771157050,76771157005,,EA,0,2026-09-08,,,,,,,,,,,,,,,,,,,,,
200,00967711570,0096771157060,76771157006,,EA,0,2026-09-08,,,,,,,,,,,,,,,,,,,,,
200,00967711570,0096771157070,76771157007,,EA,0,2026-09-08,,,,,,,,,,,,,,,,,,,,,
200,00967711570,0096771157080,76771157008,,EA,0,2026-09-30,,,,,,,,,,,,,,,,,,,,,
200,00967711570,0096771157090,76771157009,,EA,0,2026-09-30,,,,,,,,,,,,,,,,,,,,,
200,00967711570,00967711570100,767711570010,,EA,0,2026-09-08,,,,,,,,,,,,,,,,,,,,,
200,00967711570,00967711570110,767711570011,,EA,0,2026-09-01,,,,,,,,,,,,,,,,,,,,,
200,00967711570,00967711570120,767711570012,,EA,0,2026-09-08,,,,,,,,,,,,,,,,,,,,,
200,00967711570,00967711570130,767711570013,,EA,0,2026-09-08,,,,,,,,,,,,,,,,,,,,,
200,00967711570,00967711570140,767711570014,,EA,0,2026-09-08,,,,,,,,,,,,,,,,,,,,,
200,00967711570,00967711570150,767711570015,,EA,0,2026-09-08,,,,,,,,,,,,,,,,,,,,,
200,00967711570,00967711570160,767711570016,,EA,0,2026-09-08,,,,,,,,,,,,,,,,,,,,,
200,00967711570,00967711570170,767711570017,,EA,0,2026-09-08,,,,,,,,,,,,,,,,,,,,,
200,00967711570,00967711570180,767711570018,,EA,0,2026-09-08,,,,,,,,,,,,,,,,,,,,,
200,00967711570,00967711570190,767711570019,,EA,0,2026-09-08,,,,,,,,,,,,,,,,,,,,,
200,00967711570,00967711570200,767711570020,,EA,0,2026-09-08,,,,,,,,,,,,,,,,,,,,,
200,00967711570,00967711570210,767711570021,,EA,0,2026-09-30,,,,,,,,,,,,,,,,,,,,,
200,00967711570,00967711570220,767711570022,,EA,0,2026-09-30,,,,,,,,,,,,,,,,,,,,,
200,00967711570,00967711570230,767711570023,,EA,0,2026-09-30,,,,,,,,,,,,,,,,,,,,,
200,00967711570,00967711570240,767711570024,,EA,0,2026-09-30,,,,,,,,,,,,,,,,,,,,,
200,00967711570,00967711570250,767711570025,,EA,0,2026-09-30,,,,,,,,,,,,,,,,,,,,,
200,00967711570,00967711570260,767711570026,,EA,0,2026-09-30,,,,,,,,,,,,,,,,,,,,,
200,00967711570,00967711570270,767711570027,,EA,0,2026-09-30,,,,,,,,,,,,,,,,,,,,,
200,00967711570,00967711570280,767711570028,,EA,0,2026-09-30,,,,,,,,,,,,,,,,,,,,,
200,00967711570,00967711570290,767711570029,,EA,0,2026-09-30,,,,,,,,,,,,,,,,,,,,,
200,00967711569,0096771156910,76771156901,,EA,0,2026-09-08,,,,,,,,,,,,,,,,,,,,,
200,00967711569,0096771156920,76771156902,,EA,0,2026-09-08,,,,,,,,,,,,,,,,,,,,,
200,00967711569,0096771156930,76771156903,,EA,0,2026-09-08,,,,,,,,,,,,,,,,,,,,,
200,00967711569,0096771156940,76771156904,,EA,0,2026-10-13,,,,,,,,,,,,,,,,,,,,,
200,00967711569,0096771156950,76771156905,,EA,0,2026-10-13,,,,,,,,,,,,,,,,,,,,,
200,00967711569,0096771156960,76771156906,,EA,0,2026-10-13,,,,,,,,,,,,,,,,,,,,,
200,00967711569,0096771156970,76771156907,,EA,0,2026-09-08,,,,,,,,,,,,,,,,,,,,,
200,00967711569,0096771156980,76771156908,,EA,0,2026-09-08,,,,,,,,,,,,,,,,,,,,,
200,00967711569,0096771156990,76771156909,,EA,0,2026-09-08,,,,,,,,,,,,,,,,,,,,,
200,00967711569,00967711569100,767711569010,,EA,0,2026-09-08,,,,,,,,,,,,,,,,,,,,,
200,00967711569,00967711569110,767711569011,,EA,0,2026-09-08,,,,,,,,,,,,,,,,,,,,,
200,00967711569,00967711569120,767711569012,,EA,0,2026-09-08,,,,,,,,,,,,,,,,,,,,,
200,00967711569,00967711569130,767711569013,,EA,0,2026-10-13,,,,,,,,,,,,,,,,,,,,,
200,00967711569,00967711569140,767711569014,,EA,0,2026-10-06,,,,,,,,,,,,,,,,,,,,,
200,00967711569,00967711569150,767711569015,,EA,0,2026-10-06,,,,,,,,,,,,,,,,,,,,,
200,00967711569,00967711569160,767711569016,,EA,0,2026-10-06,,,,,,,,,,,,,,,,,,,,,
200,00967711569,00967711569170,767711569017,,EA,0,2026-10-06,,,,,,,,,,,,,,,,,,,,,
200,00967711569,00967711569180,767711569018,,EA,0,2026-09-08,,,,,,,,,,,,,,,,,,,,,
200,00967711569,00967711569190,767711569019,,EA,0,2026-09-08,,,,,,,,,,,,,,,,,,,,,
200,00967711569,00967711569200,767711569020,,EA,0,2026-09-08,,,,,,,,,,,,,,,,,,,,,
200,00967711569,00967711569210,767711569021,,EA,0,2026-09-08,,,,,,,,,,,,,,,,,,,,,
200,00967711569,00967711569220,767711569022,,EA,0,2026-10-06,,,,,,,,,,,,,,,,,,,,,
200,00967711569,00967711569230,767711569023,,EA,0,2026-10-06,,,,,,,,,,,,,,,,,,,,,
200,00967711569,00967711569240,767711569024,,EA,0,2026-10-06,,,,,,,,,,,,,,,,,,,,,
200,00967711569,00967711569250,767711569025,,EA,0,2026-10-06,,,,,,,,,,,,,,,,,,,,,
200,00967711569,00967711569260,767711569026,,EA,0,2026-10-06,,,,,,,,,,,,,,,,,,,,,
200,00967711569,00967711569270,767711569027,,EA,0,2026-10-06,,,,,,,,,,,,,,,,,,,,,
200,00967711569,00967711569280,767711569028,,EA,0,2026-10-06,,,,,,,,,,,,,,,,,,,,,
200,00967711569,00967711569290,767711569029,,EA,0,2026-10-06,,,,,,,,,,,,,,,,,,,,,
200,00967711569,00967711569300,767711569030,,EA,0,2026-10-06,,,,,,,,,,,,,,,,,,,,,
200,00967711569,00967711569310,767711569031,,EA,0,2026-09-08,,,,,,,,,,,,,,,,,,,,,
200,00967711569,00967711569320,767711569032,,EA,0,2026-09-08,,,,,,,,,,,,,,,,,,,,,
200,00967711569,00967711569330,767711569033,,EA,0,2026-09-08,,,,,,,,,,,,,,,,,,,,,
200,00967711560,0096771156030,76771156001,,EA,1,2026-06-22,,,,,,,,,,,,,,,,,,,,,
200,00967711556,0096771155620,76771155601,,IN,140,2026-07-02,,,,,,,,,,,,,,,,,,,,,
200,00967711556,0096771155620,76771155606,,IN,0,2026-07-02,,,,,,,,,,,,,,,,,,,,,
200,00967711556,0096771155630,76771155607,,IN,0,2026-07-02,,,,,,,,,,,,,,,,,,,,,
200,00967711556,0096771155630,76771155602,,IN,292,2026-07-02,,,,,,,,,,,,,,,,,,,,,
200,00967711556,0096771155640,76771155603,,IN,277,2026-07-02,,,,,,,,,,,,,,,,,,,,,
200,00967711556,0096771155640,76771155608,,IN,0,2026-07-02,,,,,,,,,,,,,,,,,,,,,
200,00967711556,0096771155650,76771155604,,IN,279,2026-07-02,,,,,,,,,,,,,,,,,,,,,
200,00967711556,0096771155650,767711556010,,IN,0,2026-07-02,,,,,,,,,,,,,,,,,,,,,
200,00967711556,0096771155660,76771155605,,IN,279,2026-07-02,,,,,,,,,,,,,,,,,,,,,
200,00967711556,0096771155660,76771155609,,IN,0,2026-07-02,,,,,,,,,,,,,,,,,,,,,
200,00967711551,0096771155110,76771155101,,EA,1,2026-07-17,,,,,,,,,,,,,,,,,,,,,
200,00967711551,0096771155110,76771155102,,EA,10,2026-06-19,,,,,,,,,,,,,,,,,,,,,
200,00967711535,0096771153510,76771153501,,EA,0,2026-06-19,,,,,,,,,,,,,,,,,,,,,
200,00967711535,0096771153520,76771153502,,EA,0,2026-06-19,,,,,,,,,,,,,,,,,,,,,
200,00967711535,0096771153530,76771153503,,EA,0,2026-07-10,,,,,,,,,,,,,,,,,,,,,
200,00967711535,0096771153540,76771153504,,EA,0,2026-06-19,,,,,,,,,,,,,,,,,,,,,
200,00967711535,0096771153550,76771153505,,EA,0,2026-06-19,,,,,,,,,,,,,,,,,,,,,
200,00967711532,0096771153220,76771153201,,FT,0,2026-06-16,,,,,,,,,,,,,,,,,,,,,
200,00967711532,0096771153220,76771153202,,FT,1,2026-06-16,,,,,,,,,,,,,,,,,,,,,
200,00967711525,0096771152510,76771152501,,EA,0,2026-10-06,,,,,,,,,,,,,,,,,,,,,
200,00967711525,0096771152520,76771152502,,EA,0,2026-10-06,,,,,,,,,,,,,,,,,,,,,
200,00967711525,0096771152530,76771152503,,EA,0,2026-10-06,,,,,,,,,,,,,,,,,,,,,
200,00967711525,0096771152540,76771152504,,EA,0,2026-10-06,,,,,,,,,,,,,,,,,,,,,
200,00967711525,0096771152550,76771152505,,EA,0,2026-10-06,,,,,,,,,,,,,,,,,,,,,
200,00967711525,0096771152560,76771152506,,EA,0,2026-09-01,,,,,,,,,,,,,,,,,,,,,
200,00967711525,0096771152570,76771152507,,EA,0,2026-10-06,,,,,,,,,,,,,,,,,,,,,
200,00967711525,0096771152590,76771152508,,EA,0,2026-10-06,,,,,,,,,,,,,,,,,,,,,
200,00967711525,00967711525100,76771152509,,EA,0,2026-10-06,,,,,,,,,,,,,,,,,,,,,
200,00967711525,00967711525110,767711525010,,EA,0,2026-10-06,,,,,,,,,,,,,,,,,,,,,
200,00967711525,00967711525120,767711525011,,EA,0,2026-10-06,,,,,,,,,,,,,,,,,,,,,
200,00967711525,00967711525130,767711525012,,EA,0,2026-10-06,,,,,,,,,,,,,,,,,,,,,
200,00967711525,00967711525140,767711525013,,EA,0,2026-09-01,,,,,,,,,,,,,,,,,,,,,
200,00967711525,00967711525150,767711525014,,EA,0,2026-09-01,,,,,,,,,,,,,,,,,,,,,
200,00967711525,00967711525160,767711525015,,EA,0,2026-09-01,,,,,,,,,,,,,,,,,,,,,
200,00967711525,00967711525170,767711525016,,EA,0,2026-09-01,,,,,,,,,,,,,,,,,,,,,
200,00967711525,00967711525180,767711525017,,EA,0,2026-09-01,,,,,,,,,,,,,,,,,,,,,
200,00967711525,00967711525190,767711525018,,EA,0,2026-09-01,,,,,,,,,,,,,,,,,,,,,
200,00967711525,00967711525200,767711525019,,EA,0,2026-10-06,,,,,,,,,,,,,,,,,,,,,
200,00967711525,00967711525210,767711525020,,EA,0,2026-10-06,,,,,,,,,,,,,,,,,,,,,
200,00967711525,00967711525220,767711525021,,EA,0,2026-09-01,,,,,,,,,,,,,,,,,,,,,
200,00967711525,00967711525230,767711525022,,EA,0,2026-09-01,,,,,,,,,,,,,,,,,,,,,
200,00967711525,00967711525240,767711525023,,EA,0,2026-09-08,,,,,,,,,,,,,,,,,,,,,
200,00967711525,00967711525250,767711525024,,EA,0,2026-09-29,,,,,,,,,,,,,,,,,,,,,
200,00967711525,00967711525260,767711525025,,EA,0,2026-10-06,,,,,,,,,,,,,,,,,,,,,
200,00967711524,0096771152410,76771152401,,EA,0,2026-09-01,,,,,,,,,,,,,,,,,,,,,
200,00967711524,0096771152420,76771152402,,EA,0,2026-11-10,,,,,,,,,,,,,,,,,,,,,
200,00967711524,0096771152430,76771152403,,EA,0,2026-08-25,,,,,,,,,,,,,,,,,,,,,
200,00967711524,0096771152440,76771152404,,EA,0,2026-08-25,,,,,,,,,,,,,,,,,,,,,
200,00967711524,0096771152450,76771152405,,EA,0,2026-10-06,,,,,,,,,,,,,,,,,,,,,
200,00967711524,0096771152460,76771152406,,EA,0,2026-10-06,,,,,,,,,,,,,,,,,,,,,
200,00967711524,0096771152470,76771152407,,EA,0,2026-10-06,,,,,,,,,,,,,,,,,,,,,
200,00967711524,0096771152480,76771152408,,EA,0,2026-10-06,,,,,,,,,,,,,,,,,,,,,
200,00967711524,0096771152490,76771152409,,EA,0,2026-10-06,,,,,,,,,,,,,,,,,,,,,
200,00967711524,00967711524100,767711524010,,EA,0,2026-10-06,,,,,,,,,,,,,,,,,,,,,
200,00967711524,00967711524110,767711524011,,EA,0,2026-10-06,,,,,,,,,,,,,,,,,,,,,
200,00967711524,00967711524120,767711524012,,EA,0,2026-10-06,,,,,,,,,,,,,,,,,,,,,
200,00967711524,00967711524130,767711524013,,EA,0,2026-08-25,,,,,,,,,,,,,,,,,,,,,
200,00967711524,00967711524140,767711524014,,EA,0,2026-08-25,,,,,,,,,,,,,,,,,,,,,
200,00967711524,00967711524150,767711524015,,EA,0,2026-08-25,,,,,,,,,,,,,,,,,,,,,
200,00967711524,00967711524160,767711524016,,EA,0,2026-08-25,,,,,,,,,,,,,,,,,,,,,
200,00967711524,00967711524170,767711524017,,EA,0,2026-08-25,,,,,,,,,,,,,,,,,,,,,
200,00967711524,00967711524180,767711524018,,EA,0,2026-08-25,,,,,,,,,,,,,,,,,,,,,
200,00967711524,00967711524190,767711524019,,EA,0,2026-08-25,,,,,,,,,,,,,,,,,,,,,
200,00967711524,00967711524200,767711524020,,EA,0,2026-08-25,,,,,,,,,,,,,,,,,,,,,
200,00967711524,00967711524210,767711524021,,EA,0,2026-08-25,,,,,,,,,,,,,,,,,,,,,
200,00967711524,00967711524220,767711524022,,EA,0,2026-09-08,,,,,,,,,,,,,,,,,,,,,
200,00967711524,00967711524230,767711524023,,EA,0,2026-09-17,,,,,,,,,,,,,,,,,,,,,
200,00967711524,00967711524240,767711524024,,EA,0,2026-09-17,,,,,,,,,,,,,,,,,,,,,
200,00967711524,00967711524250,767711524025,,EA,0,2026-09-17,,,,,,,,,,,,,,,,,,,,,
200,00967711524,00967711524260,767711524026,,EA,0,2026-09-17,,,,,,,,,,,,,,,,,,,,,
200,00967711524,00967711524290,767711524027,,EA,0,2026-09-08,,,,,,,,,,,,,,,,,,,,,
200,00967711524,00967711524300,767711524028,,EA,0,2026-10-06,,,,,,,,,,,,,,,,,,,,,
200,00967711524,00967711524310,767711524029,,EA,0,2026-10-06,,,,,,,,,,,,,,,,,,,,,
200,00967711523,0096771152310,76771152301,,EA,0,2026-10-06,,,,,,,,,,,,,,,,,,,,,
200,00967711523,0096771152320,76771152302,,EA,0,2026-10-06,,,,,,,,,,,,,,,,,,,,,
200,00967711523,0096771152330,76771152303,,EA,0,2026-10-06,,,,,,,,,,,,,,,,,,,,,
200,00967711523,0096771152340,76771152304,,EA,0,2026-09-30,,,,,,,,,,,,,,,,,,,,,
200,00967711523,0096771152350,76771152305,,EA,0,2026-08-25,,,,,,,,,,,,,,,,,,,,,
200,00967711523,0096771152360,76771152306,,EA,0,2026-08-25,,,,,,,,,,,,,,,,,,,,,
200,00967711523,0096771152370,76771152307,,EA,0,2026-09-08,,,,,,,,,,,,,,,,,,,,,
200,00967711523,0096771152380,76771152308,,EA,0,2026-09-08,,,,,,,,,,,,,,,,,,,,,
200,00967711523,0096771152390,76771152309,,EA,0,2026-09-08,,,,,,,,,,,,,,,,,,,,,
200,00967711523,00967711523100,767711523010,,EA,0,2026-09-01,,,,,,,,,,,,,,,,,,,,,
200,00967711523,00967711523110,767711523011,,EA,0,2026-09-01,,,,,,,,,,,,,,,,,,,,,
200,00967711523,00967711523120,767711523012,,EA,0,2026-10-06,,,,,,,,,,,,,,,,,,,,,
200,00967711523,00967711523130,767711523013,,EA,0,2026-10-06,,,,,,,,,,,,,,,,,,,,,
200,00967711523,00967711523140,767711523014,,EA,0,2026-10-06,,,,,,,,,,,,,,,,,,,,,
200,00967711523,00967711523150,767711523015,,EA,0,2026-10-06,,,,,,,,,,,,,,,,,,,,,
200,00967711523,00967711523160,767711523016,,EA,0,2026-10-06,,,,,,,,,,,,,,,,,,,,,
200,00967711523,00967711523170,767711523017,,EA,0,2026-10-06,,,,,,,,,,,,,,,,,,,,,
200,00967711523,00967711523180,767711523018,,EA,0,2026-10-06,,,,,,,,,,,,,,,,,,,,,
200,00967711523,00967711523190,767711523019,,EA,0,2026-10-06,,,,,,,,,,,,,,,,,,,,,
200,00967711523,00967711523200,767711523020,,EA,0,2026-10-06,,,,,,,,,,,,,,,,,,,,,
200,00967711523,00967711523210,767711523021,,EA,0,2026-10-06,,,,,,,,,,,,,,,,,,,,,
200,00967711523,00967711523220,767711523022,,EA,0,2026-09-08,,,,,,,,,,,,,,,,,,,,,
200,00967711523,00967711523230,767711523023,,EA,0,2026-09-08,,,,,,,,,,,,,,,,,,,,,
200,00967711523,00967711523240,767711523024,,EA,0,2026-09-08,,,,,,,,,,,,,,,,,,,,,
200,00967711523,00967711523250,767711523025,,EA,0,2026-10-06,,,,,,,,,,,,,,,,,,,,,
200,00967711523,00967711523260,767711523026,,EA,0,2026-10-06,,,,,,,,,,,,,,,,,,,,,
200,00967711523,00967711523270,767711523027,,EA,0,2026-10-06,,,,,,,,,,,,,,,,,,,,,
200,00967711523,00967711523280,767711523028,,EA,0,2026-10-06,,,,,,,,,,,,,,,,,,,,,
200,00967711523,00967711523290,767711523029,,EA,0,2026-08-25,,,,,,,,,,,,,,,,,,,,,
200,00967711523,00967711523300,767711523030,,EA,0,2026-08-25,,,,,,,,,,,,,,,,,,,,,
200,00967711513,0096771151310,76771151301,,EA,0,2026-08-20,,,,,,,,,,,,,,,,,,,,,
200,00967711512,0096771151210,76771151201,,EA,1,2026-06-18,,,,,,,,,,,,,,,,,,,,,
200,00967711508,0096771150820,76771150801,,IN,290,2026-06-29,,,,,,,,,,,,,,,,,,,,,
200,00967711508,0096771150820,76771150805,,IN,0,2026-06-30,,,,,,,,,,,,,,,,,,,,,
200,00967711508,0096771150830,76771150802,,IN,290,2026-07-02,,,,,,,,,,,,,,,,,,,,,
200,00967711508,0096771150830,76771150804,,IN,0,2026-06-30,,,,,,,,,,,,,,,,,,,,,
200,00967711508,0096771150840,76771150803,,IN,278,2026-06-29,,,,,,,,,,,,,,,,,,,,,
200,00967711508,0096771150840,76771150806,,IN,0,2026-06-18,,,,,,,,,,,,,,,,,,,,,
200,00967711496,0096771149620,76771149601,,EA,1,2026-06-19,,,,,,,,,,,,,,,,,,,,,
200,00967711496,0096771149630,76771149602,,EA,1,2026-06-19,,,,,,,,,,,,,,,,,,,,,
200,00967711496,0096771149640,76771149603,,EA,1,2026-06-19,,,,,,,,,,,,,,,,,,,,,
200,00967711494,0096771149410,76771149402,,EA,1,2026-06-15,,,,,,,,,,,,,,,,,,,,,
200,00967711494,0096771149420,76771149403,,EA,12,2026-06-11,,,,,,,,,,,,,,,,,,,,,
200,00967711494,0096771149430,76771149404,,EA,6,2026-06-15,,,,,,,,,,,,,,,,,,,,,
200,00967711494,0096771149440,76771149401,,EA,1,2026-06-15,,,,,,,,,,,,,,,,,,,,,
200,00967711486,0096771148610,76771148604,,IN,0,2026-06-25,,,,,,,,,,,,,,,,,,,,,
200,00967711486,0096771148610,76771148601,,IN,290,2026-06-24,,,,,,,,,,,,,,,,,,,,,
200,00967711486,0096771148620,76771148602,,IN,280,2026-06-24,,,,,,,,,,,,,,,,,,,,,
200,00967711486,0096771148620,76771148605,,IN,0,2026-06-25,,,,,,,,,,,,,,,,,,,,,
200,00967711486,0096771148630,76771148606,,IN,0,2026-06-25,,,,,,,,,,,,,,,,,,,,,
200,00967711486,0096771148630,76771148603,,IN,288,2026-06-22,,,,,,,,,,,,,,,,,,,,,
200,00967711480,0096771148010,76771148001,,EA,0,2026-07-30,,,,,,,,,,,,,,,,,,,,,
200,00967711474,0096771147410,76771147401,,EA,0,2026-08-25,,,,,,,,,,,,,,,,,,,,,
200,00967711474,0096771147420,76771147402,,EA,0,2026-08-25,,,,,,,,,,,,,,,,,,,,,
200,00967711474,0096771147430,76771147403,,EA,0,2026-08-25,,,,,,,,,,,,,,,,,,,,,
200,00967711474,0096771147440,76771147404,,EA,0,2026-08-25,,,,,,,,,,,,,,,,,,,,,
200,00967711474,0096771147450,76771147405,,EA,0,2026-08-25,,,,,,,,,,,,,,,,,,,,,
200,00967711474,0096771147460,76771147406,,EA,0,2026-08-25,,,,,,,,,,,,,,,,,,,,,
200,00967711474,0096771147470,76771147407,,EA,0,2026-08-25,,,,,,,,,,,,,,,,,,,,,
200,00967711474,0096771147480,76771147408,,EA,0,2026-10-06,,,,,,,,,,,,,,,,,,,,,
200,00967711474,0096771147490,76771147409,,EA,0,2026-10-06,,,,,,,,,,,,,,,,,,,,,
200,00967711474,00967711474100,767711474010,,EA,0,2026-10-06,,,,,,,,,,,,,,,,,,,,,
200,00967711474,00967711474110,767711474011,,EA,0,2026-10-06,,,,,,,,,,,,,,,,,,,,,
200,00967711474,00967711474120,767711474012,,EA,0,2026-10-06,,,,,,,,,,,,,,,,,,,,,
200,00967711474,00967711474130,767711474013,,EA,0,2026-08-25,,,,,,,,,,,,,,,,,,,,,
200,00967711474,00967711474140,767711474014,,EA,0,2026-08-25,,,,,,,,,,,,,,,,,,,,,
200,00967711474,00967711474150,767711474015,,EA,0,2026-08-25,,,,,,,,,,,,,,,,,,,,,
200,00967711474,00967711474160,767711474016,,EA,0,2026-08-25,,,,,,,,,,,,,,,,,,,,,
200,00967711474,00967711474170,767711474017,,EA,0,2026-10-06,,,,,,,,,,,,,,,,,,,,,
200,00967711474,00967711474180,767711474018,,EA,0,2026-10-06,,,,,,,,,,,,,,,,,,,,,
200,00967711474,00967711474190,767711474019,,EA,0,2026-10-06,,,,,,,,,,,,,,,,,,,,,
200,00967711474,00967711474200,767711474020,,EA,0,2026-10-06,,,,,,,,,,,,,,,,,,,,,
200,00967711474,00967711474210,767711474021,,EA,0,2026-08-25,,,,,,,,,,,,,,,,,,,,,
200,00967711473,0096771147310,76771147301,,EA,0,2026-09-01,,,,,,,,,,,,,,,,,,,,,
200,00967711473,0096771147320,76771147302,,EA,0,2026-09-01,,,,,,,,,,,,,,,,,,,,,
200,00967711473,0096771147330,76771147303,,EA,0,2026-09-01,,,,,,,,,,,,,,,,,,,,,
200,00967711473,0096771147340,76771147304,,EA,0,2026-09-01,,,,,,,,,,,,,,,,,,,,,
200,00967711473,0096771147350,76771147305,,EA,0,2026-09-01,,,,,,,,,,,,,,,,,,,,,
200,00967711473,0096771147360,76771147306,,EA,0,2026-08-25,,,,,,,,,,,,,,,,,,,,,
200,00967711473,0096771147370,76771147307,,EA,0,2026-09-08,,,,,,,,,,,,,,,,,,,,,
200,00967711473,0096771147380,76771147308,,EA,0,2026-09-08,,,,,,,,,,,,,,,,,,,,,
200,00967711473,0096771147390,76771147309,,EA,0,2026-09-01,,,,,,,,,,,,,,,,,,,,,
200,00967711473,00967711473100,767711473010,,EA,0,2026-09-08,,,,,,,,,,,,,,,,,,,,,
200,00967711469,0096771146910,76771146901,,IN,140,2026-06-24,,,,,,,,,,,,,,,,,,,,,
200,00967711469,0096771146910,76771146907,,IN,0,2026-06-25,,,,,,,,,,,,,,,,,,,,,
200,00967711469,0096771146920,76771146908,,IN,0,2026-06-25,,,,,,,,,,,,,,,,,,,,,
200,00967711469,0096771146920,76771146902,,IN,120,2026-06-24,,,,,,,,,,,,,,,,,,,,,
200,00967711469,0096771146930,76771146903,,IN,276,2026-06-24,,,,,,,,,,,,,,,,,,,,,
200,00967711469,0096771146930,76771146909,,IN,0,2026-06-25,,,,,,,,,,,,,,,,,,,,,
200,00967711469,0096771146940,767711469010,,IN,0,2026-06-15,,,,,,,,,,,,,,,,,,,,,
200,00967711469,0096771146940,76771146904,,IN,264,2026-06-24,,,,,,,,,,,,,,,,,,,,,
200,00967711469,0096771146950,76771146905,,IN,288,2026-06-19,,,,,,,,,,,,,,,,,,,,,
200,00967711469,0096771146950,76771146906,,IN,0,2026-06-15,,,,,,,,,,,,,,,,,,,,,
200,00967711464,0096771146440,76771146401,,EA,0,2026-08-07,,,,,,,,,,,,,,,,,,,,,
200,00967711464,0096771146450,76771146402,,EA,0,2026-08-07,,,,,,,,,,,,,,,,,,,,,
200,00967711462,0096771146220,76771146201,,EA,270,2026-07-13,,,,,,,,,,,,,,,,,,,,,
200,00967711455,0096771145510,76771145501,,EA,0,2026-06-30,,,,,,,,,,,,,,,,,,,,,
200,00967711454,0096771145420,76771145402,,EA,10,2026-06-19,,,,,,,,,,,,,,,,,,,,,
200,00967711454,0096771145430,76771145403,,EA,2,2026-06-09,,,,,,,,,,,,,,,,,,,,,
200,00967711454,0096771145440,76771145401,,EA,0,2026-06-10,,,,,,,,,,,,,,,,,,,,,
200,00967711452,0096771145240,76771145201,,EA,10,2026-06-23,,,,,,,,,,,,,,,,,,,,,
200,00967711449,0096771144910,76771144901,,EA,0,2026-09-01,,,,,,,,,,,,,,,,,,,,,
200,00967711449,0096771144920,76771144902,,EA,0,2026-09-01,,,,,,,,,,,,,,,,,,,,,
200,00967711449,0096771144930,76771144903,,EA,0,2026-09-01,,,,,,,,,,,,,,,,,,,,,
200,00967711449,0096771144940,76771144904,,EA,0,2026-09-01,,,,,,,,,,,,,,,,,,,,,
200,00967711449,0096771144950,76771144905,,EA,0,2026-09-01,,,,,,,,,,,,,,,,,,,,,
200,00967711449,0096771144960,76771144906,,EA,0,2026-09-01,,,,,,,,,,,,,,,,,,,,,
200,00967711449,0096771144970,76771144907,,EA,0,2026-09-01,,,,,,,,,,,,,,,,,,,,,
200,00967711449,0096771144980,76771144908,,EA,0,2026-09-01,,,,,,,,,,,,,,,,,,,,,
200,00967711449,0096771144990,76771144909,,EA,0,2026-09-01,,,,,,,,,,,,,,,,,,,,,
200,00967711449,00967711449100,767711449010,,EA,0,2026-09-01,,,,,,,,,,,,,,,,,,,,,
200,00967711449,00967711449110,767711449011,,EA,0,2026-09-01,,,,,,,,,,,,,,,,,,,,,
200,00967711449,00967711449120,767711449012,,EA,0,2026-09-01,,,,,,,,,,,,,,,,,,,,,
200,00967711449,00967711449130,767711449013,,EA,0,2026-09-01,,,,,,,,,,,,,,,,,,,,,
200,00967711449,00967711449140,767711449014,,EA,0,2026-09-01,,,,,,,,,,,,,,,,,,,,,
200,00967711449,00967711449150,767711449015,,EA,0,2026-09-01,,,,,,,,,,,,,,,,,,,,,
200,00967711449,00967711449160,767711449016,,EA,0,2026-09-01,,,,,,,,,,,,,,,,,,,,,
200,00967711449,00967711449170,767711449017,,EA,0,2026-09-01,,,,,,,,,,,,,,,,,,,,,
200,00967711449,00967711449180,767711449018,,EA,0,2026-09-01,,,,,,,,,,,,,,,,,,,,,
200,00967711449,00967711449190,767711449019,,EA,0,2026-09-01,,,,,,,,,,,,,,,,,,,,,
200,00967711449,00967711449200,767711449020,,EA,0,2026-09-01,,,,,,,,,,,,,,,,,,,,,
200,00967711449,00967711449210,767711449021,,EA,0,2026-09-01,,,,,,,,,,,,,,,,,,,,,
200,00967711448,0096771144810,76771144801,,EA,0,2026-09-01,,,,,,,,,,,,,,,,,,,,,
200,00967711448,0096771144820,76771144802,,EA,0,2026-09-01,,,,,,,,,,,,,,,,,,,,,
200,00967711448,0096771144830,76771144803,,EA,0,2026-09-01,,,,,,,,,,,,,,,,,,,,,
200,00967711448,0096771144840,76771144804,,EA,0,2026-09-01,,,,,,,,,,,,,,,,,,,,,
200,00967711448,0096771144850,76771144805,,EA,0,2026-09-01,,,,,,,,,,,,,,,,,,,,,
200,00967711448,0096771144860,76771144806,,EA,0,2026-09-01,,,,,,,,,,,,,,,,,,,,,
200,00967711448,0096771144870,76771144807,,EA,0,2026-09-01,,,,,,,,,,,,,,,,,,,,,
200,00967711448,0096771144880,76771144808,,EA,0,2026-09-01,,,,,,,,,,,,,,,,,,,,,
200,00967711448,0096771144890,76771144809,,EA,0,2026-09-01,,,,,,,,,,,,,,,,,,,,,
200,00967711437,0096771143710,76771143701,,EA,100,2026-07-23,,,,,,,,,,,,,,,,,,,,,
200,00967711434,0096771143410,767711434018,,EA,-5,2026-07-31,,,,,,,,,,,,,,,,,,,,,
200,00967711434,0096771143410,767711434019,,EA,0,2026-08-18,,,,,,,,,,,,,,,,,,,,,
200,00967711434,0096771143410,76771143401,,EA,5,2026-07-31,,,,,,,,,,,,,,,,,,,,,
200,00967711434,0096771143420,76771143402,,EA,0,2026-08-25,,,,,,,,,,,,,,,,,,,,,
200,00967711434,0096771143430,76771143403,,EA,0,2026-08-25,,,,,,,,,,,,,,,,,,,,,
200,00967711434,0096771143440,76771143404,,EA,0,2026-08-25,,,,,,,,,,,,,,,,,,,,,
200,00967711434,0096771143450,76771143405,,EA,0,2026-08-25,,,,,,,,,,,,,,,,,,,,,
200,00967711434,0096771143460,76771143406,,EA,0,2026-08-25,,,,,,,,,,,,,,,,,,,,,
200,00967711434,0096771143470,76771143407,,EA,10,2026-07-31,,,,,,,,,,,,,,,,,,,,,
200,00967711434,0096771143470,767711434020,,EA,-10,2026-07-31,,,,,,,,,,,,,,,,,,,,,
200,00967711434,0096771143470,767711434021,,EA,0,2026-08-18,,,,,,,,,,,,,,,,,,,,,
200,00967711434,0096771143480,76771143408,,EA,0,2026-08-18,,,,,,,,,,,,,,,,,,,,,
200,00967711434,0096771143490,76771143409,,EA,0,2026-09-08,,,,,,,,,,,,,,,,,,,,,
200,00967711434,00967711434100,767711434010,,EA,0,2026-09-08,,,,,,,,,,,,,,,,,,,,,
200,00967711434,00967711434110,767711434011,,EA,0,2026-08-25,,,,,,,,,,,,,,,,,,,,,
200,00967711434,00967711434120,767711434012,,EA,0,2026-09-08,,,,,,,,,,,,,,,,,,,,,
200,00967711434,00967711434130,767711434013,,EA,50,2026-07-31,,,,,,,,,,,,,,,,,,,,,
200,00967711434,00967711434130,767711434022,,EA,-50,2026-07-31,,,,,,,,,,,,,,,,,,,,,
200,00967711434,00967711434130,767711434023,,EA,0,2026-08-18,,,,,,,,,,,,,,,,,,,,,
200,00967711434,00967711434140,767711434024,,EA,-50,2026-07-31,,,,,,,,,,,,,,,,,,,,,
200,00967711434,00967711434140,767711434025,,EA,0,2026-08-18,,,,,,,,,,,,,,,,,,,,,
200,00967711434,00967711434140,767711434014,,EA,50,2026-07-31,,,,,,,,,,,,,,,,,,,,,
200,00967711434,00967711434150,767711434015,,EA,20,2026-07-31,,,,,,,,,,,,,,,,,,,,,
200,00967711434,00967711434150,767711434026,,EA,-20,2026-07-31,,,,,,,,,,,,,,,,,,,,,
200,00967711434,00967711434150,767711434027,,EA,0,2026-08-18,,,,,,,,,,,,,,,,,,,,,
200,00967711434,00967711434160,767711434028,,EA,-50,2026-07-31,,,,,,,,,,,,,,,,,,,,,
200,00967711434,00967711434160,767711434029,,EA,0,2026-08-18,,,,,,,,,,,,,,,,,,,,,
200,00967711434,00967711434160,767711434016,,EA,50,2026-07-31,,,,,,,,,,,,,,,,,,,,,
200,00967711434,00967711434170,767711434017,,EA,100,2026-07-31,,,,,,,,,,,,,,,,,,,,,
200,00967711434,00967711434170,767711434030,,EA,-100,2026-07-31,,,,,,,,,,,,,,,,,,,,,
200,00967711434,00967711434170,767711434031,,EA,0,2026-08-18,,,,,,,,,,,,,,,,,,,,,
200,00967711433,0096771143310,76771143303,,EA,0,2026-08-25,,,,,,,,,,,,,,,,,,,,,
200,00967711433,0096771143320,76771143304,,EA,0,2026-08-25,,,,,,,,,,,,,,,,,,,,,
200,00967711433,0096771143330,76771143305,,EA,0,2026-08-25,,,,,,,,,,,,,,,,,,,,,
200,00967711433,0096771143350,76771143306,,EA,0,2026-08-25,,,,,,,,,,,,,,,,,,,,,
200,00967711433,0096771143360,76771143307,,EA,0,2026-08-25,,,,,,,,,,,,,,,,,,,,,
200,00967711433,0096771143370,76771143308,,EA,0,2026-08-25,,,,,,,,,,,,,,,,,,,,,
200,00967711433,0096771143380,76771143309,,EA,0,2026-08-25,,,,,,,,,,,,,,,,,,,,,
200,00967711433,0096771143390,767711433010,,EA,0,2026-08-25,,,,,,,,,,,,,,,,,,,,,
200,00967711433,00967711433100,767711433011,,EA,10,2026-07-31,,,,,,,,,,,,,,,,,,,,,
200,00967711433,00967711433100,76771143301,,EA,-10,2026-07-31,,,,,,,,,,,,,,,,,,,,,
200,00967711433,00967711433100,76771143302,,EA,0,2026-08-18,,,,,,,,,,,,,,,,,,,,,
200,00967711433,00967711433110,767711433012,,EA,0,2026-08-25,,,,,,,,,,,,,,,,,,,,,
200,00967711433,00967711433120,767711433013,,EA,0,2026-08-25,,,,,,,,,,,,,,,,,,,,,
200,00967711433,00967711433130,767711433014,,EA,0,2026-08-25,,,,,,,,,,,,,,,,,,,,,
200,00967711433,00967711433140,767711433015,,EA,0,2026-08-25,,,,,,,,,,,,,,,,,,,,,
200,00967711433,00967711433150,767711433016,,EA,0,2026-08-25,,,,,,,,,,,,,,,,,,,,,
200,00967711433,00967711433160,767711433017,,EA,0,2026-08-25,,,,,,,,,,,,,,,,,,,,,
200,00967711433,00967711433170,767711433018,,EA,0,2026-09-08,,,,,,,,,,,,,,,,,,,,,
200,00967711433,00967711433180,767711433019,,EA,0,2026-09-08,,,,,,,,,,,,,,,,,,,,,
200,00967711433,00967711433190,767711433020,,EA,0,2026-09-08,,,,,,,,,,,,,,,,,,,,,
200,00967711433,00967711433200,767711433021,,EA,0,2026-09-08,,,,,,,,,,,,,,,,,,,,,
200,00967711433,00967711433210,767711433022,,EA,0,2026-09-08,,,,,,,,,,,,,,,,,,,,,
200,00967711433,00967711433220,767711433023,,EA,0,2026-09-08,,,,,,,,,,,,,,,,,,,,,
200,00967711433,00967711433230,767711433024,,EA,0,2026-08-25,,,,,,,,,,,,,,,,,,,,,
200,00967711433,00967711433240,767711433025,,EA,0,2026-08-25,,,,,,,,,,,,,,,,,,,,,
200,00967711433,00967711433250,767711433026,,EA,0,2026-08-25,,,,,,,,,,,,,,,,,,,,,
200,00967711432,0096771143210,767711432038,,EA,-12,2026-07-31,,,,,,,,,,,,,,,,,,,,,
200,00967711432,0096771143210,767711432039,,EA,0,2026-08-18,,,,,,,,,,,,,,,,,,,,,
200,00967711432,0096771143210,76771143201,,EA,12,2026-07-31,,,,,,,,,,,,,,,,,,,,,
200,00967711432,0096771143220,76771143202,,EA,0,2026-08-25,,,,,,,,,,,,,,,,,,,,,
200,00967711432,0096771143230,76771143203,,EA,0,2026-08-25,,,,,,,,,,,,,,,,,,,,,
200,00967711432,0096771143240,76771143204,,EA,0,2026-08-25,,,,,,,,,,,,,,,,,,,,,
200,00967711432,0096771143250,76771143205,,EA,4,2026-07-31,,,,,,,,,,,,,,,,,,,,,
200,00967711432,0096771143250,767711432040,,EA,-4,2026-07-31,,,,,,,,,,,,,,,,,,,,,
200,00967711432,0096771143250,767711432041,,EA,0,2026-08-18,,,,,,,,,,,,,,,,,,,,,
200,00967711432,0096771143260,76771143206,,EA,0,2026-08-25,,,,,,,,,,,,,,,,,,,,,
200,00967711432,0096771143270,76771143207,,EA,0,2026-08-25,,,,,,,,,,,,,,,,,,,,,
200,00967711432,0096771143280,76771143208,,EA,8,2026-07-31,,,,,,,,,,,,,,,,,,,,,
200,00967711432,0096771143280,767711432042,,EA,-8,2026-07-31,,,,,,,,,,,,,,,,,,,,,
200,00967711432,0096771143280,767711432043,,EA,0,2026-08-18,,,,,,,,,,,,,,,,,,,,,
200,00967711432,0096771143290,767711432044,,EA,-10,2026-07-31,,,,,,,,,,,,,,,,,,,,,
200,00967711432,0096771143290,767711432045,,EA,0,2026-08-18,,,,,,,,,,,,,,,,,,,,,
200,00967711432,0096771143290,76771143209,,EA,10,2026-07-31,,,,,,,,,,,,,,,,,,,,,
200,00967711432,00967711432100,767711432010,,EA,0,2026-08-25,,,,,,,,,,,,,,,,,,,,,
200,00967711432,00967711432110,767711432011,,EA,0,2026-08-25,,,,,,,,,,,,,,,,,,,,,
200,00967711432,00967711432120,767711432012,,EA,0,2026-08-25,,,,,,,,,,,,,,,,,,,,,
200,00967711432,00967711432130,767711432013,,EA,0,2026-08-25,,,,,,,,,,,,,,,,,,,,,
200,00967711432,00967711432140,767711432014,,EA,10,2026-07-31,,,,,,,,,,,,,,,,,,,,,
200,00967711432,00967711432140,767711432046,,EA,-10,2026-07-31,,,,,,,,,,,,,,,,,,,,,
200,00967711432,00967711432140,767711432047,,EA,0,2026-08-18,,,,,,,,,,,,,,,,,,,,,
200,00967711432,00967711432150,767711432015,,EA,0,2026-09-08,,,,,,,,,,,,,,,,,,,,,
200,00967711432,00967711432160,767711432016,,EA,0,2026-09-08,,,,,,,,,,,,,,,,,,,,,
200,00967711432,00967711432170,767711432017,,EA,0,2026-09-08,,,,,,,,,,,,,,,,,,,,,
200,00967711432,00967711432180,767711432018,,EA,0,2026-09-08,,,,,,,,,,,,,,,,,,,,,
200,00967711432,00967711432190,767711432019,,EA,0,2026-09-08,,,,,,,,,,,,,,,,,,,,,
200,00967711432,00967711432200,767711432020,,EA,0,2026-09-08,,,,,,,,,,,,,,,,,,,,,
200,00967711432,00967711432210,767711432021,,EA,0,2026-09-08,,,,,,,,,,,,,,,,,,,,,
200,00967711432,00967711432220,767711432022,,EA,0,2026-09-08,,,,,,,,,,,,,,,,,,,,,
200,00967711432,00967711432230,767711432023,,EA,0,2026-08-25,,,,,,,,,,,,,,,,,,,,,
200,00967711432,00967711432240,767711432024,,EA,0,2026-08-25,,,,,,,,,,,,,,,,,,,,,
200,00967711432,00967711432250,767711432025,,EA,0,2026-08-25,,,,,,,,,,,,,,,,,,,,,
200,00967711432,00967711432260,767711432026,,EA,0,2026-08-25,,,,,,,,,,,,,,,,,,,,,
200,00967711432,00967711432270,767711432027,,EA,0,2026-08-25,,,,,,,,,,,,,,,,,,,,,
200,00967711432,00967711432280,767711432028,,EA,0,2026-08-25,,,,,,,,,,,,,,,,,,,,,
200,00967711432,00967711432290,767711432029,,EA,0,2026-08-25,,,,,,,,,,,,,,,,,,,,,
200,00967711432,00967711432300,767711432030,,EA,0,2026-08-25,,,,,,,,,,,,,,,,,,,,,
200,00967711432,00967711432310,767711432031,,EA,0,2026-08-25,,,,,,,,,,,,,,,,,,,,,
200,00967711432,00967711432320,767711432032,,EA,0,2026-09-08,,,,,,,,,,,,,,,,,,,,,
200,00967711432,00967711432330,767711432033,,EA,0,2026-09-08,,,,,,,,,,,,,,,,,,,,,
200,00967711432,00967711432340,767711432034,,EA,0,2026-09-08,,,,,,,,,,,,,,,,,,,,,
200,00967711432,00967711432350,767711432035,,EA,0,2026-08-25,,,,,,,,,,,,,,,,,,,,,
200,00967711432,00967711432360,767711432036,,EA,0,2026-09-08,,,,,,,,,,,,,,,,,,,,,
200,00967711432,00967711432370,767711432037,,EA,0,2026-09-08,,,,,,,,,,,,,,,,,,,,,
200,00967711429,0096771142920,76771142903,,IN,0,2026-06-11,,,,,,,,,,,,,,,,,,,,,
200,00967711429,0096771142920,76771142901,,IN,147,2026-06-08,,,,,,,,,,,,,,,,,,,,,
200,00967711429,0096771142930,76771142902,,IN,120,2026-06-22,,,,,,,,,,,,,,,,,,,,,
200,00967711429,0096771142930,76771142904,,IN,0,2026-06-11,,,,,,,,,,,,,,,,,,,,,
200,00967711420,0096771142010,76771142001,,FT,250,2026-06-19,,,,,,,,,,,,,,,,,,,,,
200,00967711419,0096771141960,76771141901,,EA,0,2026-09-03,,,,,,,,,,,,,,,,,,,,,
200,00967711402,0096771140210,76771140201,,EA,0,2026-08-04,,,,,,,,,,,,,,,,,,,,,
200,00967711401,00967711401170,76771140101,,EA,7,2026-06-03,,,,,,,,,,,,,,,,,,,,,
200,00967711401,00967711401170,76771140102,,EA,1,2026-06-03,,,,,,,,,,,,,,,,,,,,,
200,00967711401,00967711401170,76771140103,,EA,-1,2026-06-26,,,,,,,,,,,,,,,,,,,,,
200,00967711401,00967711401170,76771140104,,EA,1,2026-07-07,,,,,,,,,,,,,,,,,,,,,
200,00967711400,0096771140030,76771140001,,IN,120,2026-06-15,,,,,,,,,,,,,,,,,,,,,
200,00967711400,0096771140030,76771140004,,IN,0,2026-06-05,,,,,,,,,,,,,,,,,,,,,
200,00967711400,0096771140050,76771140005,,IN,0,2026-06-08,,,,,,,,,,,,,,,,,,,,,
200,00967711400,0096771140050,76771140002,,IN,120,2026-06-15,,,,,,,,,,,,,,,,,,,,,
200,00967711400,0096771140060,76771140003,,IN,120,2026-06-15,,,,,,,,,,,,,,,,,,,,,
200,00967711400,0096771140060,76771140006,,IN,0,2026-06-17,,,,,,,,,,,,,,,,,,,,,
200,00967711394,0096771139470,76771139401,,EA,10,2026-06-03,,,,,,,,,,,,,,,,,,,,,
200,00967711394,0096771139470,76771139402,,EA,10,2026-06-03,,,,,,,,,,,,,,,,,,,,,
200,00967711388,0096771138810,76771138801,,EA,144,2026-06-03,,,,,,,,,,,,,,,,,,,,,
200,00967711388,0096771138810,76771138802,,EA,0,2026-06-03,,,,,,,,,,,,,,,,,,,,,
200,00967711384,0096771138420,76771138407,,EA,0,2026-08-18,,,,,,,,,,,,,,,,,,,,,
200,00967711384,0096771138430,76771138408,,EA,0,2026-08-25,,,,,,,,,,,,,,,,,,,,,
200,00967711384,0096771138440,76771138409,,EA,4,2026-07-31,,,,,,,,,,,,,,,,,,,,,
200,00967711384,0096771138440,76771138401,,EA,-4,2026-07-31,,,,,,,,,,,,,,,,,,,,,
200,00967711384,0096771138440,76771138402,,EA,0,2026-08-18,,,,,,,,,,,,,,,,,,,,,
200,00967711384,0096771138450,767711384010,,EA,0,2026-08-25,,,,,,,,,,,,,,,,,,,,,
200,00967711384,0096771138460,767711384011,,EA,8,2026-07-31,,,,,,,,,,,,,,,,,,,,,
200,00967711384,0096771138460,76771138403,,EA,-8,2026-07-31,,,,,,,,,,,,,,,,,,,,,
200,00967711384,0096771138460,76771138404,,EA,0,2026-08-18,,,,,,,,,,,,,,,,,,,,,
200,00967711384,0096771138470,767711384012,,EA,0,2026-08-25,,,,,,,,,,,,,,,,,,,,,
200,00967711384,0096771138480,767711384013,,EA,0,2026-08-25,,,,,,,,,,,,,,,,,,,,,
200,00967711384,0096771138490,767711384014,,EA,4,2026-07-31,,,,,,,,,,,,,,,,,,,,,
200,00967711384,0096771138490,76771138405,,EA,-4,2026-07-31,,,,,,,,,,,,,,,,,,,,,
200,00967711384,0096771138490,76771138406,,EA,0,2026-08-18,,,,,,,,,,,,,,,,,,,,,
200,00967711383,0096771138330,76771138301,,EA,0,2026-08-25,,,,,,,,,,,,,,,,,,,,,
200,00967711383,0096771138340,76771138302,,EA,0,2026-08-25,,,,,,,,,,,,,,,,,,,,,
200,00967711383,0096771138350,76771138303,,EA,10,2026-07-31,,,,,,,,,,,,,,,,,,,,,
200,00967711383,0096771138350,76771138307,,EA,-10,2026-07-31,,,,,,,,,,,,,,,,,,,,,
200,00967711383,0096771138350,76771138308,,EA,0,2026-08-18,,,,,,,,,,,,,,,,,,,,,
200,00967711383,0096771138360,76771138304,,EA,0,2026-08-25,,,,,,,,,,,,,,,,,,,,,
200,00967711383,0096771138370,76771138305,,EA,10,2026-07-31,,,,,,,,,,,,,,,,,,,,,
200,00967711383,0096771138370,76771138309,,EA,-10,2026-07-31,,,,,,,,,,,,,,,,,,,,,
200,00967711383,0096771138370,767711383010,,EA,0,2026-08-18,,,,,,,,,,,,,,,,,,,,,
200,00967711383,0096771138380,767711383011,,EA,-10,2026-07-31,,,,,,,,,,,,,,,,,,,,,
200,00967711383,0096771138380,767711383012,,EA,0,2026-08-18,,,,,,,,,,,,,,,,,,,,,
200,00967711383,0096771138380,76771138306,,EA,10,2026-07-31,,,,,,,,,,,,,,,,,,,,,
200,00967711381,0096771138110,76771138101,,EA,2,2026-08-20,,,,,,,,,,,,,,,,,,,,,
200,00967711381,0096771138140,76771138102,,EA,0,2026-07-20,,,,,,,,,,,,,,,,,,,,,
200,00967711381,0096771138150,76771138103,,EA,2,2026-08-20,,,,,,,,,,,,,,,,,,,,,
200,00967711376,0096771137660,76771137601,,EA,7,2026-07-14,,,,,,,,,,,,,,,,,,,,,
200,00967711376,0096771137670,76771137602,,EA,20,2026-07-14,,,,,,,,,,,,,,,,,,,,,
200,00967711376,0096771137680,76771137603,,EA,1,2026-07-14,,,,,,,,,,,,,,,,,,,,,
200,00967711376,0096771137690,76771137604,,EA,1,2026-07-14,,,,,,,,,,,,,,,,,,,,,
200,00967711376,00967711376100,76771137605,,EA,2,2026-07-14,,,,,,,,,,,,,,,,,,,,,
200,00967711372,0096771137210,76771137201,,EA,50,2026-07-23,,,,,,,,,,,,,,,,,,,,,
200,00967711369,0096771136910,76771136901,,EA,4,2026-08-12,,,,,,,,,,,,,,,,,,,,,
200,00967711369,0096771136920,76771136902,,EA,4,2026-08-12,,,,,,,,,,,,,,,,,,,,,
200,00967711369,0096771136930,76771136903,,EA,2,2026-08-12,,,,,,,,,,,,,,,,,,,,,
200,00967711369,0096771136940,76771136904,,EA,2,2026-08-12,,,,,,,,,,,,,,,,,,,,,
200,00967711369,0096771136950,76771136905,,EA,1,2026-08-12,,,,,,,,,,,,,,,,,,,,,
200,00967711369,0096771136960,76771136906,,EA,2,2026-08-12,,,,,,,,,,,,,,,,,,,,,
200,00967711369,0096771136970,76771136907,,EA,2,2026-08-12,,,,,,,,,,,,,,,,,,,,,
200,00967711369,0096771136980,76771136908,,EA,1,2026-08-12,,,,,,,,,,,,,,,,,,,,,
200,00967711364,0096771136410,76771136401,,EA,6,2026-06-04,,,,,,,,,,,,,,,,,,,,,
200,00967711351,0096771135110,76771135101,,EA,144,2026-06-03,,,,,,,,,,,,,,,,,,,,,
200,00967711351,0096771135110,76771135105,,EA,0,2026-06-04,,,,,,,,,,,,,,,,,,,,,
200,00967711351,0096771135120,76771135106,,IN,0,2026-06-04,,,,,,,,,,,,,,,,,,,,,
200,00967711351,0096771135120,76771135102,,IN,47,2026-06-03,,,,,,,,,,,,,,,,,,,,,
200,00967711351,0096771135150,76771135103,,IN,263,2026-06-10,,,,,,,,,,,,,,,,,,,,,
200,00967711351,0096771135150,76771135107,,IN,0,2026-06-09,,,,,,,,,,,,,,,,,,,,,
200,00967711351,0096771135160,76771135108,,IN,0,2026-06-09,,,,,,,,,,,,,,,,,,,,,
200,00967711351,0096771135160,76771135104,,IN,260,2026-06-10,,,,,,,,,,,,,,,,,,,,,
200,00967711350,0096771135010,76771135001,,EA,0,2026-08-14,,,,,,,,,,,,,,,,,,,,,
200,00967711348,0096771134820,76771134801,,EA,0,2026-08-25,,,,,,,,,,,,,,,,,,,,,
200,00967711348,0096771134830,76771134802,,EA,0,2026-08-25,,,,,,,,,,,,,,,,,,,,,
200,00967711348,0096771134840,76771134803,,EA,0,2026-08-25,,,,,,,,,,,,,,,,,,,,,
200,00967711348,0096771134850,76771134804,,EA,0,2026-08-25,,,,,,,,,,,,,,,,,,,,,
200,00967711348,0096771134860,76771134805,,EA,0,2026-08-25,,,,,,,,,,,,,,,,,,,,,
200,00967711348,0096771134870,76771134806,,EA,0,2026-08-25,,,,,,,,,,,,,,,,,,,,,
200,00967711348,0096771134880,76771134807,,EA,0,2026-08-25,,,,,,,,,,,,,,,,,,,,,
200,00967711348,0096771134890,76771134808,,EA,0,2026-08-25,,,,,,,,,,,,,,,,,,,,,
200,00967711348,00967711348100,76771134809,,EA,0,2026-08-25,,,,,,,,,,,,,,,,,,,,,
200,00967711348,00967711348120,767711348010,,EA,0,2026-08-25,,,,,,,,,,,,,,,,,,,,,
200,00967711348,00967711348130,767711348011,,EA,0,2026-08-25,,,,,,,,,,,,,,,,,,,,,
200,00967711348,00967711348140,767711348012,,EA,0,2026-08-25,,,,,,,,,,,,,,,,,,,,,
200,00967711348,00967711348150,767711348013,,EA,0,2026-08-25,,,,,,,,,,,,,,,,,,,,,
200,00967711348,00967711348160,767711348014,,EA,0,2026-08-25,,,,,,,,,,,,,,,,,,,,,
200,00967711348,00967711348170,767711348015,,EA,0,2026-08-25,,,,,,,,,,,,,,,,,,,,,
200,00967711348,00967711348180,767711348016,,EA,0,2026-08-25,,,,,,,,,,,,,,,,,,,,,
200,00967711348,00967711348190,767711348017,,EA,0,2026-08-25,,,,,,,,,,,,,,,,,,,,,
200,00967711348,00967711348200,767711348018,,EA,0,2026-08-25,,,,,,,,,,,,,,,,,,,,,
200,00967711348,00967711348210,767711348019,,EA,0,2026-08-25,,,,,,,,,,,,,,,,,,,,,
200,00967711348,00967711348220,767711348020,,EA,0,2026-08-25,,,,,,,,,,,,,,,,,,,,,
200,00967711348,00967711348230,767711348021,,EA,0,2026-08-25,,,,,,,,,,,,,,,,,,,,,
200,00967711348,00967711348240,767711348022,,EA,0,2026-08-25,,,,,,,,,,,,,,,,,,,,,
200,00967711347,0096771134710,76771134701,,EA,16,2026-07-31,,,,,,,,,,,,,,,,,,,,,
200,00967711347,0096771134710,767711347028,,EA,-16,2026-07-31,,,,,,,,,,,,,,,,,,,,,
200,00967711347,0096771134710,767711347029,,EA,0,2026-08-18,,,,,,,,,,,,,,,,,,,,,
200,00967711347,0096771134720,767711347030,,EA,-25,2026-07-31,,,,,,,,,,,,,,,,,,,,,
200,00967711347,0096771134720,767711347031,,EA,0,2026-08-18,,,,,,,,,,,,,,,,,,,,,
200,00967711347,0096771134720,76771134702,,EA,25,2026-07-31,,,,,,,,,,,,,,,,,,,,,
200,00967711347,0096771134730,76771134703,,EA,25,2026-07-31,,,,,,,,,,,,,,,,,,,,,
200,00967711347,0096771134730,767711347032,,EA,-25,2026-07-31,,,,,,,,,,,,,,,,,,,,,
200,00967711347,0096771134730,767711347033,,EA,0,2026-08-18,,,,,,,,,,,,,,,,,,,,,
200,00967711347,0096771134740,767711347034,,EA,-25,2026-07-31,,,,,,,,,,,,,,,,,,,,,
200,00967711347,0096771134740,767711347035,,EA,0,2026-08-18,,,,,,,,,,,,,,,,,,,,,
200,00967711347,0096771134740,76771134704,,EA,25,2026-07-31,,,,,,,,,,,,,,,,,,,,,
200,00967711347,0096771134750,76771134705,,EA,2,2026-07-31,,,,,,,,,,,,,,,,,,,,,
200,00967711347,0096771134750,767711347036,,EA,-2,2026-07-31,,,,,,,,,,,,,,,,,,,,,
200,00967711347,0096771134750,767711347037,,EA,0,2026-08-18,,,,,,,,,,,,,,,,,,,,,
200,00967711347,0096771134760,767711347038,,EA,-10,2026-07-31,,,,,,,,,,,,,,,,,,,,,
200,00967711347,0096771134760,767711347039,,EA,0,2026-08-18,,,,,,,,,,,,,,,,,,,,,
200,00967711347,0096771134760,76771134706,,EA,10,2026-07-31,,,,,,,,,,,,,,,,,,,,,
200,00967711347,0096771134770,76771134707,,EA,20,2026-07-31,,,,,,,,,,,,,,,,,,,,,
200,00967711347,0096771134770,767711347040,,EA,-20,2026-07-31,,,,,,,,,,,,,,,,,,,,,
200,00967711347,0096771134770,767711347041,,EA,0,2026-08-18,,,,,,,,,,,,,,,,,,,,,
200,00967711347,0096771134780,767711347042,,EA,-10,2026-07-31,,,,,,,,,,,,,,,,,,,,,
200,00967711347,0096771134780,767711347043,,EA,0,2026-08-18,,,,,,,,,,,,,,,,,,,,,
200,00967711347,0096771134780,76771134708,,EA,10,2026-07-31,,,,,,,,,,,,,,,,,,,,,
200,00967711347,0096771134790,76771134709,,EA,20,2026-07-31,,,,,,,,,,,,,,,,,,,,,
200,00967711347,0096771134790,767711347044,,EA,-20,2026-07-31,,,,,,,,,,,,,,,,,,,,,
200,00967711347,0096771134790,767711347045,,EA,0,2026-08-18,,,,,,,,,,,,,,,,,,,,,
200,00967711347,00967711347100,767711347046,,EA,-10,2026-07-31,,,,,,,,,,,,,,,,,,,,,
200,00967711347,00967711347100,767711347047,,EA,0,2026-08-18,,,,,,,,,,,,,,,,,,,,,
200,00967711347,00967711347100,767711347010,,EA,10,2026-07-31,,,,,,,,,,,,,,,,,,,,,
200,00967711347,00967711347110,767711347011,,EA,20,2026-07-31,,,,,,,,,,,,,,,,,,,,,
200,00967711347,00967711347110,767711347048,,EA,-20,2026-07-31,,,,,,,,,,,,,,,,,,,,,
200,00967711347,00967711347110,767711347049,,EA,0,2026-08-18,,,,,,,,,,,,,,,,,,,,,
200,00967711347,00967711347120,767711347050,,EA,-10,2026-07-31,,,,,,,,,,,,,,,,,,,,,
200,00967711347,00967711347120,767711347051,,EA,0,2026-08-18,,,,,,,,,,,,,,,,,,,,,
200,00967711347,00967711347120,767711347012,,EA,10,2026-07-31,,,,,,,,,,,,,,,,,,,,,
200,00967711347,00967711347130,767711347013,,EA,8,2026-07-31,,,,,,,,,,,,,,,,,,,,,
200,00967711347,00967711347130,767711347052,,EA,-8,2026-07-31,,,,,,,,,,,,,,,,,,,,,
200,00967711347,00967711347130,767711347053,,EA,0,2026-08-18,,,,,,,,,,,,,,,,,,,,,
200,00967711347,00967711347140,767711347054,,EA,-25,2026-07-31,,,,,,,,,,,,,,,,,,,,,
200,00967711347,00967711347140,767711347055,,EA,0,2026-08-18,,,,,,,,,,,,,,,,,,,,,
200,00967711347,00967711347140,767711347014,,EA,25,2026-07-31,,,,,,,,,,,,,,,,,,,,,
200,00967711347,00967711347150,767711347015,,EA,25,2026-07-31,,,,,,,,,,,,,,,,,,,,,
200,00967711347,00967711347150,767711347056,,EA,-25,2026-07-31,,,,,,,,,,,,,,,,,,,,,
200,00967711347,00967711347150,767711347057,,EA,0,2026-08-18,,,,,,,,,,,,,,,,,,,,,
200,00967711347,00967711347160,767711347058,,EA,-25,2026-07-31,,,,,,,,,,,,,,,,,,,,,
200,00967711347,00967711347160,767711347059,,EA,0,2026-08-18,,,,,,,,,,,,,,,,,,,,,
200,00967711347,00967711347160,767711347016,,EA,25,2026-07-31,,,,,,,,,,,,,,,,,,,,,
200,00967711347,00967711347170,767711347017,,EA,25,2026-07-31,,,,,,,,,,,,,,,,,,,,,
200,00967711347,00967711347170,767711347060,,EA,-25,2026-07-31,,,,,,,,,,,,,,,,,,,,,
200,00967711347,00967711347170,767711347061,,EA,0,2026-08-18,,,,,,,,,,,,,,,,,,,,,
200,00967711347,00967711347180,767711347062,,EA,-25,2026-07-31,,,,,,,,,,,,,,,,,,,,,
200,00967711347,00967711347180,767711347063,,EA,0,2026-08-18,,,,,,,,,,,,,,,,,,,,,
200,00967711347,00967711347180,767711347018,,EA,25,2026-07-31,,,,,,,,,,,,,,,,,,,,,
200,00967711347,00967711347190,767711347019,,EA,25,2026-07-31,,,,,,,,,,,,,,,,,,,,,
200,00967711347,00967711347190,767711347064,,EA,-25,2026-07-31,,,,,,,,,,,,,,,,,,,,,
200,00967711347,00967711347190,767711347065,,EA,0,2026-08-18,,,,,,,,,,,,,,,,,,,,,
200,00967711347,00967711347200,767711347066,,EA,-1,2026-07-31,,,,,,,,,,,,,,,,,,,,,
200,00967711347,00967711347200,767711347067,,EA,0,2026-08-18,,,,,,,,,,,,,,,,,,,,,
200,00967711347,00967711347200,767711347020,,EA,1,2026-07-31,,,,,,,,,,,,,,,,,,,,,
200,00967711347,00967711347210,767711347021,,EA,20,2026-07-31,,,,,,,,,,,,,,,,,,,,,
200,00967711347,00967711347210,767711347068,,EA,-20,2026-07-31,,,,,,,,,,,,,,,,,,,,,
200,00967711347,00967711347210,767711347069,,EA,0,2026-08-18,,,,,,,,,,,,,,,,,,,,,
200,00967711347,00967711347220,767711347070,,EA,-10,2026-07-31,,,,,,,,,,,,,,,,,,,,,
200,00967711347,00967711347220,767711347071,,EA,0,2026-08-18,,,,,,,,,,,,,,,,,,,,,
200,00967711347,00967711347220,767711347022,,EA,10,2026-07-31,,,,,,,,,,,,,,,,,,,,,
200,00967711347,00967711347230,767711347023,,EA,1,2026-07-31,,,,,,,,,,,,,,,,,,,,,
200,00967711347,00967711347230,767711347072,,EA,-1,2026-07-31,,,,,,,,,,,,,,,,,,,,,
200,00967711347,00967711347230,767711347073,,EA,0,2026-08-18,,,,,,,,,,,,,,,,,,,,,
200,00967711347,00967711347240,767711347074,,EA,-25,2026-07-31,,,,,,,,,,,,,,,,,,,,,
200,00967711347,00967711347240,767711347075,,EA,0,2026-08-18,,,,,,,,,,,,,,,,,,,,,
200,00967711347,00967711347240,767711347024,,EA,25,2026-07-31,,,,,,,,,,,,,,,,,,,,,
200,00967711347,00967711347250,767711347025,,EA,25,2026-07-31,,,,,,,,,,,,,,,,,,,,,
200,00967711347,00967711347250,767711347076,,EA,-25,2026-07-31,,,,,,,,,,,,,,,,,,,,,
200,00967711347,00967711347250,767711347077,,EA,0,2026-08-18,,,,,,,,,,,,,,,,,,,,,
200,00967711347,00967711347260,767711347078,,EA,-4,2026-07-31,,,,,,,,,,,,,,,,,,,,,
200,00967711347,00967711347260,767711347079,,EA,0,2026-08-18,,,,,,,,,,,,,,,,,,,,,
200,00967711347,00967711347260,767711347026,,EA,4,2026-07-31,,,,,,,,,,,,,,,,,,,,,
200,00967711347,00967711347270,767711347027,,EA,50,2026-07-31,,,,,,,,,,,,,,,,,,,,,
200,00967711347,00967711347270,767711347080,,EA,-50,2026-07-31,,,,,,,,,,,,,,,,,,,,,
200,00967711347,00967711347270,767711347081,,EA,0,2026-08-18,,,,,,,,,,,,,,,,,,,,,
200,00967711345,0096771134510,76771134501,,EA,1000,2026-07-28,,,,,,,,,,,,,,,,,,,,,
200,00967711345,0096771134520,76771134502,,EA,0,2026-07-29,,,,,,,,,,,,,,,,,,,,,
200,00967711345,0096771134530,76771134503,,EA,1000,2026-07-28,,,,,,,,,,,,,,,,,,,,,
200,00967711345,0096771134540,76771134504,,EA,0,2026-07-29,,,,,,,,,,,,,,,,,,,,,
200,00967711345,0096771134550,76771134505,,EA,1000,2026-07-29,,,,,,,,,,,,,,,,,,,,,
200,00967711333,0096771133310,76771133301,,EA,0,2026-06-02,,,,,,,,,,,,,,,,,,,,,
200,00967711333,0096771133320,76771133302,,EA,0,2026-06-02,,,,,,,,,,,,,,,,,,,,,
200,00967711333,0096771133330,76771133303,,EA,0,2026-06-02,,,,,,,,,,,,,,,,,,,,,
200,00967711324,0096771132420,76771132401,,EA,0,2026-08-18,,,,,,,,,,,,,,,,,,,,,
200,00967711324,0096771132430,76771132402,,EA,0,2026-08-18,,,,,,,,,,,,,,,,,,,,,
200,00967711324,0096771132440,76771132403,,EA,0,2026-08-18,,,,,,,,,,,,,,,,,,,,,
200,00967711324,0096771132450,76771132404,,EA,0,2026-08-18,,,,,,,,,,,,,,,,,,,,,
200,00967711324,0096771132460,76771132405,,EA,0,2026-08-18,,,,,,,,,,,,,,,,,,,,,
200,00967711324,0096771132470,76771132406,,EA,0,2026-08-18,,,,,,,,,,,,,,,,,,,,,
200,00967711324,0096771132480,76771132407,,EA,0,2026-08-18,,,,,,,,,,,,,,,,,,,,,
200,00967711324,00967711324120,76771132408,,EA,0,2026-08-18,,,,,,,,,,,,,,,,,,,,,
200,00967711324,00967711324130,76771132409,,EA,0,2026-08-18,,,,,,,,,,,,,,,,,,,,,
200,00967711324,00967711324140,767711324010,,EA,0,2026-08-18,,,,,,,,,,,,,,,,,,,,,
200,00967711324,00967711324150,767711324011,,EA,0,2026-08-18,,,,,,,,,,,,,,,,,,,,,
200,00967711324,00967711324200,767711324012,,EA,0,2026-08-18,,,,,,,,,,,,,,,,,,,,,
200,00967711324,00967711324210,767711324013,,EA,0,2026-08-18,,,,,,,,,,,,,,,,,,,,,
200,00967711324,00967711324220,767711324014,,EA,0,2026-08-18,,,,,,,,,,,,,,,,,,,,,
200,00967711324,00967711324230,767711324015,,EA,0,2026-08-18,,,,,,,,,,,,,,,,,,,,,
200,00967711324,00967711324240,767711324016,,EA,0,2026-08-18,,,,,,,,,,,,,,,,,,,,,
200,00967711324,00967711324250,767711324017,,EA,0,2026-08-18,,,,,,,,,,,,,,,,,,,,,
200,00967711324,00967711324260,767711324018,,EA,0,2026-08-18,,,,,,,,,,,,,,,,,,,,,
200,00967711324,00967711324280,767711324019,,EA,0,2026-08-18,,,,,,,,,,,,,,,,,,,,,
200,00967711324,00967711324290,767711324020,,EA,0,2026-08-18,,,,,,,,,,,,,,,,,,,,,
200,00967711323,0096771132320,76771132301,,EA,25,2026-07-31,,,,,,,,,,,,,,,,,,,,,
200,00967711323,0096771132320,767711323014,,EA,-25,2026-07-31,,,,,,,,,,,,,,,,,,,,,
200,00967711323,0096771132320,767711323015,,EA,0,2026-08-18,,,,,,,,,,,,,,,,,,,,,
200,00967711323,0096771132330,767711323016,,EA,-25,2026-07-31,,,,,,,,,,,,,,,,,,,,,
200,00967711323,0096771132330,767711323017,,EA,0,2026-08-18,,,,,,,,,,,,,,,,,,,,,
200,00967711323,0096771132330,76771132302,,EA,25,2026-07-31,,,,,,,,,,,,,,,,,,,,,
200,00967711323,0096771132340,76771132303,,EA,25,2026-07-31,,,,,,,,,,,,,,,,,,,,,
200,00967711323,0096771132340,767711323018,,EA,-25,2026-07-31,,,,,,,,,,,,,,,,,,,,,
200,00967711323,0096771132340,767711323019,,EA,0,2026-08-18,,,,,,,,,,,,,,,,,,,,,
200,00967711323,0096771132350,767711323020,,EA,-25,2026-07-31,,,,,,,,,,,,,,,,,,,,,
200,00967711323,0096771132350,767711323021,,EA,0,2026-08-18,,,,,,,,,,,,,,,,,,,,,
200,00967711323,0096771132350,76771132304,,EA,25,2026-07-31,,,,,,,,,,,,,,,,,,,,,
200,00967711323,00967711323100,76771132305,,EA,20,2026-07-31,,,,,,,,,,,,,,,,,,,,,
200,00967711323,00967711323100,767711323022,,EA,-20,2026-07-31,,,,,,,,,,,,,,,,,,,,,
200,00967711323,00967711323100,767711323023,,EA,0,2026-08-18,,,,,,,,,,,,,,,,,,,,,
200,00967711323,00967711323110,767711323024,,EA,-40,2026-07-31,,,,,,,,,,,,,,,,,,,,,
200,00967711323,00967711323110,767711323025,,EA,0,2026-08-18,,,,,,,,,,,,,,,,,,,,,
200,00967711323,00967711323110,76771132306,,EA,40,2026-07-31,,,,,,,,,,,,,,,,,,,,,
200,00967711323,00967711323120,76771132307,,EA,10,2026-07-31,,,,,,,,,,,,,,,,,,,,,
200,00967711323,00967711323120,767711323026,,EA,-10,2026-07-31,,,,,,,,,,,,,,,,,,,,,
200,00967711323,00967711323120,767711323027,,EA,0,2026-08-18,,,,,,,,,,,,,,,,,,,,,
200,00967711323,00967711323180,76771132308,,EA,0,2026-08-25,,,,,,,,,,,,,,,,,,,,,
200,00967711323,00967711323190,76771132309,,EA,25,2026-07-31,,,,,,,,,,,,,,,,,,,,,
200,00967711323,00967711323190,767711323028,,EA,-25,2026-07-31,,,,,,,,,,,,,,,,,,,,,
200,00967711323,00967711323190,767711323029,,EA,0,2026-08-18,,,,,,,,,,,,,,,,,,,,,
200,00967711323,00967711323200,767711323030,,EA,-25,2026-07-31,,,,,,,,,,,,,,,,,,,,,
200,00967711323,00967711323200,767711323031,,EA,0,2026-08-18,,,,,,,,,,,,,,,,,,,,,
200,00967711323,00967711323200,767711323010,,EA,25,2026-07-31,,,,,,,,,,,,,,,,,,,,,
200,00967711323,00967711323210,767711323011,,EA,10,2026-07-31,,,,,,,,,,,,,,,,,,,,,
200,00967711323,00967711323210,767711323032,,EA,-10,2026-07-31,,,,,,,,,,,,,,,,,,,,,
200,00967711323,00967711323210,767711323033,,EA,0,2026-08-18,,,,,,,,,,,,,,,,,,,,,
200,00967711323,00967711323220,767711323034,,EA,-50,2026-07-31,,,,,,,,,,,,,,,,,,,,,
200,00967711323,00967711323220,767711323035,,EA,0,2026-08-18,,,,,,,,,,,,,,,,,,,,,
200,00967711323,00967711323220,767711323012,,EA,50,2026-07-31,,,,,,,,,,,,,,,,,,,,,
200,00967711323,00967711323230,767711323013,,EA,50,2026-07-31,,,,,,,,,,,,,,,,,,,,,
200,00967711323,00967711323230,767711323036,,EA,-50,2026-07-31,,,,,,,,,,,,,,,,,,,,,
200,00967711323,00967711323230,767711323037,,EA,0,2026-08-18,,,,,,,,,,,,,,,,,,,,,
200,00967711321,0096771132120,76771132101,,EA,30,2026-08-18,,,,,,,,,,,,,,,,,,,,,
200,00967711319,0096771131910,76771131901,,EA,10,2026-06-30,,,,,,,,,,,,,,,,,,,,,
200,00967711317,0096771131710,76771131704,,IN,0,2026-05-28,,,,,,,,,,,,,,,,,,,,,
200,00967711317,0096771131710,76771131701,,IN,120,2026-05-27,,,,,,,,,,,,,,,,,,,,,
200,00967711317,0096771131720,76771131702,,IN,120,2026-05-27,,,,,,,,,,,,,,,,,,,,,
200,00967711317,0096771131720,76771131705,,IN,0,2026-05-28,,,,,,,,,,,,,,,,,,,,,
200,00967711317,0096771131730,76771131706,,IN,0,2026-05-28,,,,,,,,,,,,,,,,,,,,,
200,00967711317,0096771131730,76771131703,,IN,262,2026-05-27,,,,,,,,,,,,,,,,,,,,,
200,00967711314,0096771131410,76771131401,,EA,0,2026-06-05,,,,,,,,,,,,,,,,,,,,,
200,00967711314,0096771131420,76771131402,,EA,0,2026-06-05,,,,,,,,,,,,,,,,,,,,,
200,00967711303,0096771130310,76771130301,,EA,1,2026-05-21,,,,,,,,,,,,,,,,,,,,,
200,00967711299,0096771129930,76771129901,,IN,120,2026-05-29,,,,,,,,,,,,,,,,,,,,,
200,00967711299,0096771129930,76771129906,,IN,0,2026-05-28,,,,,,,,,,,,,,,,,,,,,
200,00967711299,0096771129940,76771129907,,IN,6,2026-06-01,,,,,,,,,,,,,,,,,,,,,
200,00967711299,0096771129940,76771129905,,IN,0,2026-05-26,,,,,,,,,,,,,,,,,,,,,
200,00967711299,0096771129940,76771129902,,IN,292,2026-05-29,,,,,,,,,,,,,,,,,,,,,
200,00967711299,0096771129950,76771129903,,IN,292,2026-05-29,,,,,,,,,,,,,,,,,,,,,
200,00967711299,0096771129950,767711299010,,IN,-292,2026-05-29,,,,,,,,,,,,,,,,,,,,,
200,00967711299,0096771129950,767711299011,,IN,0,2026-05-26,,,,,,,,,,,,,,,,,,,,,
200,00967711299,0096771129950,76771129908,,IN,289,2026-06-01,,,,,,,,,,,,,,,,,,,,,
200,00967711299,0096771129960,76771129909,,IN,0,2026-05-26,,,,,,,,,,,,,,,,,,,,,
200,00967711299,0096771129960,76771129904,,IN,260,2026-05-29,,,,,,,,,,,,,,,,,,,,,
200,00967711291,0096771129110,76771129101,,EA,0,2026-08-25,,,,,,,,,,,,,,,,,,,,,
200,00967711291,0096771129160,76771129102,,EA,0,2026-09-08,,,,,,,,,,,,,,,,,,,,,
200,00967711291,0096771129170,76771129103,,EA,0,2026-09-08,,,,,,,,,,,,,,,,,,,,,
200,00967711291,00967711291140,76771129104,,EA,0,2026-09-08,,,,,,,,,,,,,,,,,,,,,
200,00967711291,00967711291150,76771129105,,EA,0,2026-09-08,,,,,,,,,,,,,,,,,,,,,
200,00967711291,00967711291160,76771129106,,EA,0,2026-09-08,,,,,,,,,,,,,,,,,,,,,
200,00967711290,0096771129020,76771129001,,EA,0,2026-09-01,,,,,,,,,,,,,,,,,,,,,
200,00967711290,0096771129080,76771129002,,EA,0,2026-09-01,,,,,,,,,,,,,,,,,,,,,
200,00967711270,0096771127010,76771127009,,EA,25,2026-07-31,,,,,,,,,,,,,,,,,,,,,
200,00967711270,0096771127010,76771127001,,EA,-25,2026-07-31,,,,,,,,,,,,,,,,,,,,,
200,00967711270,0096771127010,76771127002,,EA,0,2026-08-18,,,,,,,,,,,,,,,,,,,,,
200,00967711270,0096771127020,76771127003,,EA,-25,2026-07-31,,,,,,,,,,,,,,,,,,,,,
200,00967711270,0096771127020,76771127004,,EA,0,2026-08-18,,,,,,,,,,,,,,,,,,,,,
200,00967711270,0096771127020,767711270010,,EA,25,2026-07-31,,,,,,,,,,,,,,,,,,,,,
200,00967711270,0096771127030,767711270011,,EA,25,2026-07-31,,,,,,,,,,,,,,,,,,,,,
200,00967711270,0096771127030,76771127005,,EA,-25,2026-07-31,,,,,,,,,,,,,,,,,,,,,
200,00967711270,0096771127030,76771127006,,EA,0,2026-08-18,,,,,,,,,,,,,,,,,,,,,
200,00967711270,0096771127040,76771127007,,EA,-25,2026-07-31,,,,,,,,,,,,,,,,,,,,,
200,00967711270,0096771127040,76771127008,,EA,0,2026-08-18,,,,,,,,,,,,,,,,,,,,,
200,00967711270,0096771127040,767711270012,,EA,25,2026-07-31,,,,,,,,,,,,,,,,,,,,,
200,00967711270,0096771127090,767711270013,,EA,0,2026-09-01,,,,,,,,,,,,,,,,,,,,,
200,00967711270,00967711270100,767711270014,,EA,0,2026-08-25,,,,,,,,,,,,,,,,,,,,,
200,00967711270,00967711270110,767711270015,,EA,0,2026-09-01,,,,,,,,,,,,,,,,,,,,,
200,00967711270,00967711270120,767711270016,,EA,0,2026-09-01,,,,,,,,,,,,,,,,,,,,,
200,00967711269,0096771126920,767711269015,,EA,-25,2026-07-31,,,,,,,,,,,,,,,,,,,,,
200,00967711269,0096771126920,767711269016,,EA,0,2026-08-18,,,,,,,,,,,,,,,,,,,,,
200,00967711269,0096771126920,76771126901,,EA,25,2026-07-31,,,,,,,,,,,,,,,,,,,,,
200,00967711269,0096771126930,76771126902,,EA,25,2026-07-31,,,,,,,,,,,,,,,,,,,,,
200,00967711269,0096771126930,767711269017,,EA,-25,2026-07-31,,,,,,,,,,,,,,,,,,,,,
200,00967711269,0096771126930,767711269018,,EA,0,2026-08-18,,,,,,,,,,,,,,,,,,,,,
200,00967711269,0096771126960,76771126903,,EA,0,2026-09-01,,,,,,,,,,,,,,,,,,,,,
200,00967711269,0096771126970,76771126904,,EA,0,2026-09-01,,,,,,,,,,,,,,,,,,,,,
200,00967711269,0096771126980,76771126905,,EA,0,2026-09-01,,,,,,,,,,,,,,,,,,,,,
200,00967711269,0096771126990,76771126906,,EA,0,2026-09-01,,,,,,,,,,,,,,,,,,,,,
200,00967711269,00967711269100,76771126907,,EA,0,2026-09-01,,,,,,,,,,,,,,,,,,,,,
200,00967711269,00967711269110,76771126908,,EA,0,2026-09-01,,,,,,,,,,,,,,,,,,,,,
200,00967711269,00967711269160,76771126909,,EA,50,2026-07-31,,,,,,,,,,,,,,,,,,,,,
200,00967711269,00967711269160,767711269019,,EA,-50,2026-07-31,,,,,,,,,,,,,,,,,,,,,
200,00967711269,00967711269160,767711269020,,EA,0,2026-08-18,,,,,,,,,,,,,,,,,,,,,
200,00967711269,00967711269170,767711269021,,EA,-25,2026-07-31,,,,,,,,,,,,,,,,,,,,,
200,00967711269,00967711269170,767711269022,,EA,0,2026-08-18,,,,,,,,,,,,,,,,,,,,,
200,00967711269,00967711269170,767711269010,,EA,25,2026-07-31,,,,,,,,,,,,,,,,,,,,,
200,00967711269,00967711269180,767711269011,,EA,0,2026-09-01,,,,,,,,,,,,,,,,,,,,,
200,00967711269,00967711269190,767711269012,,EA,0,2026-09-01,,,,,,,,,,,,,,,,,,,,,
200,00967711269,00967711269200,767711269013,,EA,0,2026-09-01,,,,,,,,,,,,,,,,,,,,,
200,00967711269,00967711269210,767711269014,,EA,0,2026-09-01,,,,,,,,,,,,,,,,,,,,,
200,00967711262,0096771126210,76771126201,,IN,149,2026-05-15,,,,,,,,,,,,,,,,,,,,,
200,00967711262,0096771126210,76771126202,,IN,0,2026-05-19,,,,,,,,,,,,,,,,,,,,,
200,00967711260,0096771126010,76771126001,,EA,1,2026-05-28,,,,,,,,,,,,,,,,,,,,,
200,00967711259,0096771125930,76771125901,,EA,3,2026-05-29,,,,,,,,,,,,,,,,,,,,,
200,00967711255,0096771125510,76771125501,,IN,945,2026-07-10,,,,,,,,,,,,,,,,,,,,,
200,00967711255,0096771125520,76771125502,,IN,4082,2026-07-10,,,,,,,,,,,,,,,,,,,,,
200,00967711255,0096771125520,76771125506,,IN,-4082,2026-08-20,,,,,,,,,,,,,,,,,,,,,
200,00967711255,0096771125520,76771125508,,IN,-5472,2026-08-20,,,,,,,,,,,,,,,,,,,,,
200,00967711255,0096771125520,76771125509,,IN,1811,2026-08-20,,,,,,,,,,,,,,,,,,,,,
200,00967711255,0096771125520,767711255014,,IN,5472,2026-08-20,,,,,,,,,,,,,,,,,,,,,
200,00967711255,0096771125520,767711255012,,IN,0,2026-06-18,,,,,,,,,,,,,,,,,,,,,
200,00967711255,0096771125530,767711255015,,IN,0,2026-06-18,,,,,,,,,,,,,,,,,,,,,
200,00967711255,0096771125530,76771125503,,IN,827,2026-07-10,,,,,,,,,,,,,,,,,,,,,
200,00967711255,0096771125540,76771125504,,IN,354,2026-07-10,,,,,,,,,,,,,,,,,,,,,
200,00967711255,0096771125540,767711255016,,IN,0,2026-06-18,,,,,,,,,,,,,,,,,,,,,
200,00967711255,0096771125550,767711255017,,IN,2455,2026-08-20,,,,,,,,,,,,,,,,,,,,,
200,00967711255,0096771125550,767711255010,,IN,-2455,2026-08-20,,,,,,,,,,,,,,,,,,,,,
200,00967711255,0096771125550,767711255011,,IN,708,2026-08-20,,,,,,,,,,,,,,,,,,,,,
200,00967711255,0096771125550,76771125505,,IN,1264,2026-07-10,,,,,,,,,,,,,,,,,,,,,
200,00967711255,0096771125550,76771125507,,IN,-1264,2026-08-20,,,,,,,,,,,,,,,,,,,,,
200,00967711255,0096771125550,767711255013,,IN,0,2026-06-18,,,,,,,,,,,,,,,,,,,,,
200,00967711247,0096771124770,76771124701,,EA,0,2026-08-25,,,,,,,,,,,,,,,,,,,,,
200,00967711247,0096771124780,76771124702,,EA,0,2026-08-25,,,,,,,,,,,,,,,,,,,,,
200,00967711247,0096771124790,76771124703,,EA,0,2026-08-25,,,,,,,,,,,,,,,,,,,,,
200,00967711247,00967711247130,76771124704,,EA,0,2026-08-25,,,,,,,,,,,,,,,,,,,,,
200,00967711247,00967711247140,76771124705,,EA,0,2026-08-25,,,,,,,,,,,,,,,,,,,,,
200,00967711247,00967711247150,76771124706,,EA,0,2026-08-25,,,,,,,,,,,,,,,,,,,,,
200,00967711247,00967711247160,76771124707,,EA,0,2026-08-25,,,,,,,,,,,,,,,,,,,,,
200,00967711247,00967711247170,76771124708,,EA,0,2026-08-25,,,,,,,,,,,,,,,,,,,,,
200,00967711247,00967711247240,76771124709,,EA,0,2026-08-25,,,,,,,,,,,,,,,,,,,,,
200,00967711246,00967711246110,767711246011,,EA,-2,2026-07-31,,,,,,,,,,,,,,,,,,,,,
200,00967711246,00967711246110,767711246012,,EA,0,2026-08-18,,,,,,,,,,,,,,,,,,,,,
200,00967711246,00967711246110,76771124601,,EA,2,2026-07-31,,,,,,,,,,,,,,,,,,,,,
200,00967711246,00967711246230,76771124602,,EA,0,2026-08-30,,,,,,,,,,,,,,,,,,,,,
200,00967711246,00967711246240,76771124603,,EA,0,2026-08-30,,,,,,,,,,,,,,,,,,,,,
200,00967711246,00967711246250,76771124604,,EA,0,2026-08-30,,,,,,,,,,,,,,,,,,,,,
200,00967711246,00967711246260,76771124605,,EA,0,2026-08-30,,,,,,,,,,,,,,,,,,,,,
200,00967711246,00967711246270,76771124606,,EA,0,2026-08-30,,,,,,,,,,,,,,,,,,,,,
200,00967711246,00967711246280,76771124607,,EA,0,2026-08-30,,,,,,,,,,,,,,,,,,,,,
200,00967711246,00967711246290,76771124608,,EA,0,2026-08-30,,,,,,,,,,,,,,,,,,,,,
200,00967711246,00967711246300,76771124609,,EA,0,2026-08-30,,,,,,,,,,,,,,,,,,,,,
200,00967711246,00967711246310,767711246010,,EA,0,2026-08-25,,,,,,,,,,,,,,,,,,,,,
200,00967711245,00967711245160,76771124501,,EA,0,2026-08-24,,,,,,,,,,,,,,,,,,,,,
200,00967711245,00967711245170,76771124502,,EA,0,2026-08-24,,,,,,,,,,,,,,,,,,,,,
200,00967711235,0096771123520,76771123503,,IN,288,2026-05-27,,,,,,,,,,,,,,,,,,,,,
200,00967711235,0096771123520,76771123501,,IN,0,2026-05-21,,,,,,,,,,,,,,,,,,,,,
200,00967711235,0096771123550,76771123502,,IN,0,2026-05-21,,,,,,,,,,,,,,,,,,,,,
200,00967711235,0096771123550,76771123504,,IN,262,2026-05-27,,,,,,,,,,,,,,,,,,,,,
200,00967711223,0096771122310,76771122301,,EA,12,2026-05-12,,,,,,,,,,,,,,,,,,,,,
200,00967711223,0096771122310,76771122303,,EA,-12,2026-08-14,,,,,,,,,,,,,,,,,,,,,
200,00967711223,0096771122310,76771122304,,EA,12,2026-08-14,,,,,,,,,,,,,,,,,,,,,
200,00967711223,0096771122320,76771122305,,EA,-12,2026-08-14,,,,,,,,,,,,,,,,,,,,,
200,00967711223,0096771122320,76771122306,,EA,12,2026-08-14,,,,,,,,,,,,,,,,,,,,,
200,00967711223,0096771122320,76771122302,,EA,12,2026-05-12,,,,,,,,,,,,,,,,,,,,,
200,00967711216,0096771121630,76771121601,,EA,30,2026-07-23,,,,,,,,,,,,,,,,,,,,,
200,00967711216,0096771121630,76771121602,,EA,0,2026-06-05,,,,,,,,,,,,,,,,,,,,,
200,00967711216,0096771121630,76771121603,,EA,70,2026-07-23,,,,,,,,,,,,,,,,,,,,,
200,00967711216,0096771121630,76771121604,,EA,-70,2026-08-10,,,,,,,,,,,,,,,,,,,,,
200,00967711216,0096771121630,76771121605,,EA,19,2026-08-18,,,,,,,,,,,,,,,,,,,,,
200,00967711207,0096771120710,76771120701,,EA,144,2026-05-12,,,,,,,,,,,,,,,,,,,,,
200,00967711207,0096771120710,76771120702,,EA,0,2026-05-15,,,,,,,,,,,,,,,,,,,,,
200,00967711198,0096771119820,76771119801,,IN,0,2026-05-14,,,,,,,,,,,,,,,,,,,,,
200,00967711198,0096771119820,76771119802,,IN,149,2026-05-13,,,,,,,,,,,,,,,,,,,,,
200,00967711189,0096771118910,76771118901,,EA,2,2026-05-08,,,,,,,,,,,,,,,,,,,,,
200,00967711189,0096771118920,76771118902,,EA,2,2026-05-08,,,,,,,,,,,,,,,,,,,,,
200,00967711189,0096771118930,76771118903,,EA,1,2026-05-08,,,,,,,,,,,,,,,,,,,,,
200,00967711189,0096771118940,76771118904,,EA,4,2026-05-08,,,,,,,,,,,,,,,,,,,,,
200,00967711189,0096771118950,76771118905,,EA,3,2026-05-08,,,,,,,,,,,,,,,,,,,,,
200,00967711189,0096771118960,76771118906,,EA,6,2026-05-08,,,,,,,,,,,,,,,,,,,,,
200,00967711189,0096771118970,76771118907,,EA,2,2026-05-08,,,,,,,,,,,,,,,,,,,,,
200,00967711189,0096771118980,76771118908,,EA,2,2026-05-08,,,,,,,,,,,,,,,,,,,,,
200,00967711189,0096771118990,76771118909,,EA,1,2026-05-08,,,,,,,,,,,,,,,,,,,,,
200,00967711189,00967711189100,767711189010,,EA,3,2026-05-08,,,,,,,,,,,,,,,,,,,,,
200,00967711189,00967711189110,767711189011,,EA,3,2026-05-08,,,,,,,,,,,,,,,,,,,,,
200,00967711189,00967711189120,767711189012,,EA,4,2026-05-08,,,,,,,,,,,,,,,,,,,,,
200,00967711176,0096771117640,76771117601,,IN,134,2026-05-12,,,,,,,,,,,,,,,,,,,,,
200,00967711176,0096771117640,76771117602,,IN,0,2026-05-12,,,,,,,,,,,,,,,,,,,,,
200,00967711172,0096771117210,76771117201,,EA,1,2026-06-19,,,,,,,,,,,,,,,,,,,,,
200,00967711172,0096771117220,76771117202,,EA,1,2026-08-20,,,,,,,,,,,,,,,,,,,,,
200,00967711169,0096771116950,76771116901,,EA,-25,2026-07-31,,,,,,,,,,,,,,,,,,,,,
200,00967711169,0096771116950,76771116902,,EA,0,2026-08-18,,,,,,,,,,,,,,,,,,,,,
200,00967711169,0096771116950,76771116903,,EA,25,2026-07-31,,,,,,,,,,,,,,,,,,,,,
200,00967711168,0096771116860,76771116801,,EA,25,2026-07-31,,,,,,,,,,,,,,,,,,,,,
200,00967711168,0096771116860,76771116807,,EA,-25,2026-08-03,,,,,,,,,,,,,,,,,,,,,
200,00967711168,0096771116860,76771116808,,EA,0,2026-08-18,,,,,,,,,,,,,,,,,,,,,
200,00967711168,0096771116870,76771116809,,EA,-25,2026-08-03,,,,,,,,,,,,,,,,,,,,,
200,00967711168,0096771116870,767711168010,,EA,0,2026-08-18,,,,,,,,,,,,,,,,,,,,,
200,00967711168,0096771116870,76771116802,,EA,25,2026-07-31,,,,,,,,,,,,,,,,,,,,,
200,00967711168,0096771116880,76771116803,,EA,25,2026-07-31,,,,,,,,,,,,,,,,,,,,,
200,00967711168,0096771116880,767711168011,,EA,-25,2026-08-03,,,,,,,,,,,,,,,,,,,,,
200,00967711168,0096771116880,767711168012,,EA,0,2026-08-18,,,,,,,,,,,,,,,,,,,,,
200,00967711168,0096771116890,767711168013,,EA,-25,2026-08-03,,,,,,,,,,,,,,,,,,,,,
200,00967711168,0096771116890,767711168014,,EA,0,2026-08-18,,,,,,,,,,,,,,,,,,,,,
200,00967711168,0096771116890,76771116804,,EA,25,2026-07-31,,,,,,,,,,,,,,,,,,,,,
200,00967711168,00967711168100,76771116805,,EA,25,2026-07-31,,,,,,,,,,,,,,,,,,,,,
200,00967711168,00967711168100,767711168015,,EA,-25,2026-08-03,,,,,,,,,,,,,,,,,,,,,
200,00967711168,00967711168100,767711168016,,EA,0,2026-08-10,,,,,,,,,,,,,,,,,,,,,
200,00967711168,00967711168120,767711168017,,EA,-25,2026-08-03,,,,,,,,,,,,,,,,,,,,,
200,00967711168,00967711168120,767711168018,,EA,0,2026-08-10,,,,,,,,,,,,,,,,,,,,,
200,00967711168,00967711168120,76771116806,,EA,25,2026-07-31,,,,,,,,,,,,,,,,,,,,,
200,00967711150,0096771115010,76771115001,,EA,250,2026-07-01,,,,,,,,,,,,,,,,,,,,,
200,00967711150,0096771115020,76771115002,,EA,600,2026-07-21,,,,,,,,,,,,,,,,,,,,,
200,00967711150,0096771115030,76771115003,,EA,400,2026-07-01,,,,,,,,,,,,,,,,,,,,,
200,00967711150,0096771115040,76771115004,,EA,200,2026-07-01,,,,,,,,,,,,,,,,,,,,,
200,00967711150,0096771115050,76771115005,,EA,400,2026-07-01,,,,,,,,,,,,,,,,,,,,,
200,00967711150,0096771115060,76771115006,,EA,250,2026-07-01,,,,,,,,,,,,,,,,,,,,,
200,00967711150,0096771115070,76771115007,,EA,400,2026-07-02,,,,,,,,,,,,,,,,,,,,,
200,00967711150,0096771115080,76771115008,,EA,200,2026-07-02,,,,,,,,,,,,,,,,,,,,,
200,00967711150,0096771115090,76771115009,,EA,80,2026-07-01,,,,,,,,,,,,,,,,,,,,,
200,00967711150,00967711150100,767711150010,,EA,80,2026-07-01,,,,,,,,,,,,,,,,,,,,,
200,00967711150,00967711150110,767711150011,,EA,60,2026-07-01,,,,,,,,,,,,,,,,,,,,,
200,00967711150,00967711150120,767711150012,,EA,20,2026-07-07,,,,,,,,,,,,,,,,,,,,,
200,00967711150,00967711150130,767711150013,,EA,40,2026-07-01,,,,,,,,,,,,,,,,,,,,,
200,00967711150,00967711150140,767711150014,,EA,25,2026-07-21,,,,,,,,,,,,,,,,,,,,,
200,00967711150,00967711150150,767711150015,,EA,500,2026-07-01,,,,,,,,,,,,,,,,,,,,,
200,00967711126,0096771112640,76771112601,,EA,1,2026-07-10,,,,,,,,,,,,,,,,,,,,,
200,00967711126,0096771112650,76771112602,,EA,1,2026-08-17,,,,,,,,,,,,,,,,,,,,,
200,00967711126,0096771112660,76771112603,,EA,0,2026-12-31,,,,,,,,,,,,,,,,,,,,,
200,00967711126,0096771112670,76771112604,,EA,0,2026-12-31,,,,,,,,,,,,,,,,,,,,,
200,00967711126,0096771112680,76771112605,,EA,0,2026-12-31,,,,,,,,,,,,,,,,,,,,,
200,00967711126,00967711126100,76771112606,,EA,1,2026-08-17,,,,,,,,,,,,,,,,,,,,,
200,00967711126,00967711126110,76771112607,,EA,1,2026-08-17,,,,,,,,,,,,,,,,,,,,,
200,00967711126,00967711126120,76771112608,,EA,0,2026-12-31,,,,,,,,,,,,,,,,,,,,,
200,00967711126,00967711126130,76771112609,,EA,0,2026-12-31,,,,,,,,,,,,,,,,,,,,,
200,00967711126,00967711126140,767711126010,,EA,0,2026-12-31,,,,,,,,,,,,,,,,,,,,,
200,00967711125,0096771112510,76771112501,,EA,0,2026-05-06,,,,,,,,,,,,,,,,,,,,,
200,00967711125,0096771112520,76771112502,,EA,0,2026-05-06,,,,,,,,,,,,,,,,,,,,,
200,00967711125,0096771112530,76771112503,,EA,0,2026-05-06,,,,,,,,,,,,,,,,,,,,,
200,00967711125,0096771112540,76771112504,,EA,0,2026-05-06,,,,,,,,,,,,,,,,,,,,,
200,00967711125,0096771112550,76771112505,,EA,0,2026-05-06,,,,,,,,,,,,,,,,,,,,,
200,00967711125,0096771112560,76771112506,,EA,0,2026-05-06,,,,,,,,,,,,,,,,,,,,,
200,00967711125,0096771112570,76771112507,,EA,0,2026-05-06,,,,,,,,,,,,,,,,,,,,,
200,00967711125,0096771112580,76771112508,,EA,0,2026-05-06,,,,,,,,,,,,,,,,,,,,,
200,00967711125,0096771112590,76771112509,,EA,0,2026-05-06,,,,,,,,,,,,,,,,,,,,,
200,00967711125,00967711125100,767711125010,,EA,0,2026-05-06,,,,,,,,,,,,,,,,,,,,,
200,00967711122,0096771112260,76771112201,,EA,25,2026-07-31,,,,,,,,,,,,,,,,,,,,,
200,00967711122,0096771112260,76771112206,,EA,-25,2026-07-31,,,,,,,,,,,,,,,,,,,,,
200,00967711122,0096771112260,76771112207,,EA,0,2026-08-18,,,,,,,,,,,,,,,,,,,,,
200,00967711122,0096771112270,76771112208,,EA,-25,2026-07-31,,,,,,,,,,,,,,,,,,,,,
200,00967711122,0096771112270,76771112209,,EA,0,2026-08-18,,,,,,,,,,,,,,,,,,,,,
200,00967711122,0096771112270,76771112202,,EA,25,2026-07-31,,,,,,,,,,,,,,,,,,,,,
200,00967711122,00967711122130,76771112203,,EA,25,2026-07-31,,,,,,,,,,,,,,,,,,,,,
200,00967711122,00967711122130,767711122010,,EA,-25,2026-07-31,,,,,,,,,,,,,,,,,,,,,
200,00967711122,00967711122130,767711122011,,EA,0,2026-08-18,,,,,,,,,,,,,,,,,,,,,
200,00967711122,00967711122140,767711122012,,EA,-25,2026-07-31,,,,,,,,,,,,,,,,,,,,,
200,00967711122,00967711122140,767711122013,,EA,0,2026-08-18,,,,,,,,,,,,,,,,,,,,,
200,00967711122,00967711122140,76771112204,,EA,25,2026-07-31,,,,,,,,,,,,,,,,,,,,,
200,00967711122,00967711122150,76771112205,,EA,0,2026-08-18,,,,,,,,,,,,,,,,,,,,,
200,00967711108,0096771110840,76771110801,,IN,290,2026-05-04,,,,,,,,,,,,,,,,,,,,,
200,00967711108,0096771110840,76771110803,,IN,0,2026-05-05,,,,,,,,,,,,,,,,,,,,,
200,00967711108,0096771110860,76771110804,,IN,0,2026-05-05,,,,,,,,,,,,,,,,,,,,,
200,00967711108,0096771110860,76771110802,,IN,284,2026-05-04,,,,,,,,,,,,,,,,,,,,,
200,00967711104,0096771110410,76771110401,,EA,0,2026-05-28,,,,,,,,,,,,,,,,,,,,,
200,00967711099,0096771109910,76771109901,,EA,1,2026-08-17,,,,,,,,,,,,,,,,,,,,,
200,00967711088,0096771108840,76771108801,,IN,2160,2026-06-17,,,,,,,,,,,,,,,,,,,,,
200,00967711088,0096771108840,76771108802,,IN,0,2026-06-05,,,,,,,,,,,,,,,,,,,,,
200,00967711081,0096771108110,76771108102,,IN,1420,2026-05-26,,,,,,,,,,,,,,,,,,,,,
200,00967711081,0096771108120,76771108103,,IN,945,2026-05-26,,,,,,,,,,,,,,,,,,,,,
200,00967711081,0096771108130,76771108104,,IN,709,2026-05-26,,,,,,,,,,,,,,,,,,,,,
200,00967711081,0096771108140,76771108105,,IN,472,2026-05-26,,,,,,,,,,,,,,,,,,,,,
200,00967711081,0096771108150,76771108106,,IN,591,2026-05-26,,,,,,,,,,,,,,,,,,,,,
200,00967711081,0096771108160,76771108107,,IN,1180,2026-08-20,,,,,,,,,,,,,,,,,,,,,
200,00967711081,0096771108170,76771108108,,IN,540,2026-05-26,,,,,,,,,,,,,,,,,,,,,
200,00967711081,0096771108170,76771108101,,IN,0,2026-05-11,,,,,,,,,,,,,,,,,,,,,
200,00967711081,0096771108180,76771108109,,IN,472,2026-05-29,,,,,,,,,,,,,,,,,,,,,
200,00967711081,0096771108190,767711081010,,IN,591,2026-05-26,,,,,,,,,,,,,,,,,,,,,
200,00967711081,00967711081100,767711081011,,IN,4020,2026-08-20,,,,,,,,,,,,,,,,,,,,,
200,00967711081,00967711081110,767711081012,,IN,236,2026-05-26,,,,,,,,,,,,,,,,,,,,,
200,00967711081,00967711081120,767711081013,,IN,1770,2026-05-29,,,,,,,,,,,,,,,,,,,,,
200,00967711081,00967711081130,767711081014,,IN,236,2026-05-26,,,,,,,,,,,,,,,,,,,,,
200,00967711077,00967711077110,76771107701,,EA,25,2026-04-30,,,,,,,,,,,,,,,,,,,,,
200,00967711071,0096771107110,76771107101,,EA,144,2026-05-04,,,,,,,,,,,,,,,,,,,,,
200,00967711071,0096771107110,767711071012,,EA,0,2026-05-01,,,,,,,,,,,,,,,,,,,,,
200,00967711071,0096771107140,767711071013,,IN,0,2026-05-01,,,,,,,,,,,,,,,,,,,,,
200,00967711071,0096771107140,76771107102,,IN,276,2026-05-04,,,,,,,,,,,,,,,,,,,,,
200,00967711071,0096771107150,76771107103,,IN,120,2026-05-04,,,,,,,,,,,,,,,,,,,,,
200,00967711071,0096771107150,767711071014,,IN,0,2026-05-01,,,,,,,,,,,,,,,,,,,,,
200,00967711071,0096771107160,767711071015,,IN,0,2026-05-01,,,,,,,,,,,,,,,,,,,,,
200,00967711071,0096771107160,76771107104,,IN,288,2026-05-04,,,,,,,,,,,,,,,,,,,,,
200,00967711071,0096771107170,76771107105,,IN,120,2026-05-04,,,,,,,,,,,,,,,,,,,,,
200,00967711071,0096771107170,767711071016,,IN,0,2026-05-01,,,,,,,,,,,,,,,,,,,,,
200,00967711071,0096771107180,767711071017,,IN,0,2026-05-01,,,,,,,,,,,,,,,,,,,,,
200,00967711071,0096771107180,76771107106,,IN,120,2026-05-04,,,,,,,,,,,,,,,,,,,,,
200,00967711071,0096771107190,76771107107,,IN,426,2026-05-04,,,,,,,,,,,,,,,,,,,,,
200,00967711071,0096771107190,767711071018,,IN,0,2026-05-01,,,,,,,,,,,,,,,,,,,,,
200,00967711071,00967711071100,767711071019,,IN,0,2026-05-01,,,,,,,,,,,,,,,,,,,,,
200,00967711071,00967711071100,76771107108,,IN,290,2026-05-04,,,,,,,,,,,,,,,,,,,,,
200,00967711071,00967711071110,76771107109,,IN,588,2026-05-04,,,,,,,,,,,,,,,,,,,,,
200,00967711071,00967711071110,767711071020,,IN,0,2026-05-01,,,,,,,,,,,,,,,,,,,,,
200,00967711071,00967711071120,767711071021,,IN,0,2026-05-01,,,,,,,,,,,,,,,,,,,,,
200,00967711071,00967711071120,767711071010,,IN,292,2026-05-04,,,,,,,,,,,,,,,,,,,,,
200,00967711071,00967711071130,767711071011,,IN,504,2026-05-04,,,,,,,,,,,,,,,,,,,,,
200,00967711071,00967711071130,767711071022,,IN,0,2026-05-01,,,,,,,,,,,,,,,,,,,,,
200,00967711062,0096771106210,76771106201,,EA,0,2026-04-29,,,,,,,,,,,,,,,,,,,,,
200,00967711062,0096771106210,76771106202,,EA,10,2026-04-30,,,,,,,,,,,,,,,,,,,,,
200,00967711039,0096771103910,76771103901,,EA,0,2026-09-09,,,,,,,,,,,,,,,,,,,,,
200,00967710999,0096771099910,76771099901,,EA,50,2026-07-09,,,,,,,,,,,,,,,,,,,,,
200,00967710999,0096771099910,76771099902,,EA,-25,2026-07-09,,,,,,,,,,,,,,,,,,,,,
200,00967710999,0096771099910,76771099903,,EA,0,2026-05-15,,,,,,,,,,,,,,,,,,,,,
200,00967710995,0096771099510,76771099501,,EA,1,2026-04-22,,,,,,,,,,,,,,,,,,,,,
200,00967710993,00967710993170,76771099301,,EA,2,2026-04-30,,,,,,,,,,,,,,,,,,,,,
200,00967710929,0096771092930,76771092902,,IN,0,2026-04-14,,,,,,,,,,,,,,,,,,,,,
200,00967710929,0096771092930,76771092903,,IN,120,2026-04-14,,,,,,,,,,,,,,,,,,,,,
200,00967710929,0096771092940,76771092904,,EA,144,2026-04-10,,,,,,,,,,,,,,,,,,,,,
200,00967710929,0096771092940,76771092901,,EA,0,2026-04-14,,,,,,,,,,,,,,,,,,,,,
200,00967710899,0096771089910,76771089901,,EA,144,2026-04-08,,,,,,,,,,,,,,,,,,,,,
200,00967710899,0096771089910,76771089906,,EA,0,2026-04-07,,,,,,,,,,,,,,,,,,,,,
200,00967710899,0096771089940,76771089907,,IN,0,2026-04-07,,,,,,,,,,,,,,,,,,,,,
200,00967710899,0096771089940,76771089902,,IN,139,2026-04-08,,,,,,,,,,,,,,,,,,,,,
200,00967710899,0096771089950,76771089903,,IN,294,2026-04-08,,,,,,,,,,,,,,,,,,,,,
200,00967710899,0096771089950,76771089908,,IN,0,2026-04-07,,,,,,,,,,,,,,,,,,,,,
200,00967710899,0096771089960,76771089909,,IN,0,2026-04-07,,,,,,,,,,,,,,,,,,,,,
200,00967710899,0096771089960,76771089904,,IN,274,2026-04-08,,,,,,,,,,,,,,,,,,,,,
200,00967710899,0096771089970,76771089905,,IN,120,2026-04-10,,,,,,,,,,,,,,,,,,,,,
200,00967710899,0096771089970,767710899010,,IN,0,2026-04-07,,,,,,,,,,,,,,,,,,,,,
200,00967710881,0096771088190,76771088101,,EA,29,2026-03-30,,,,,,,,,,,,,,,,,,,,,
200,00967710881,0096771088190,76771088102,,EA,0,2026-04-02,,,,,,,,,,,,,,,,,,,,,
200,00967710863,0096771086340,76771086301,,EA,50,2026-03-31,,,,,,,,,,,,,,,,,,,,,
200,00967710863,0096771086340,76771086302,,EA,-43,2026-07-17,,,,,,,,,,,,,,,,,,,,,
200,00967710863,0096771086340,76771086303,,EA,0,2026-04-28,,,,,,,,,,,,,,,,,,,,,
200,00967710862,00967710862260,76771086201,,EA,15,2026-04-02,,,,,,,,,,,,,,,,,,,,,
200,00967710859,0096771085920,76771085905,,IN,292,2026-04-08,,,,,,,,,,,,,,,,,,,,,
200,00967710859,0096771085920,76771085901,,IN,0,2026-04-02,,,,,,,,,,,,,,,,,,,,,
200,00967710859,0096771085940,76771085902,,IN,0,2026-04-10,,,,,,,,,,,,,,,,,,,,,
200,00967710859,0096771085940,76771085906,,IN,127,2026-04-01,,,,,,,,,,,,,,,,,,,,,
200,00967710859,0096771085950,76771085907,,IN,288,2026-04-01,,,,,,,,,,,,,,,,,,,,,
200,00967710859,0096771085950,76771085903,,IN,0,2026-04-02,,,,,,,,,,,,,,,,,,,,,
200,00967710859,0096771085960,76771085904,,IN,0,2026-04-02,,,,,,,,,,,,,,,,,,,,,
200,00967710859,0096771085960,76771085908,,IN,266,2026-04-01,,,,,,,,,,,,,,,,,,,,,
200,00967710844,0096771084410,76771084401,,EA,187,2026-05-06,,,,,,,,,,,,,,,,,,,,,
200,00967710844,0096771084410,76771084402,,EA,0,2026-05-15,,,,,,,,,,,,,,,,,,,,,
200,00967710823,0096771082310,76771082301,,IN,120,2026-03-30,,,,,,,,,,,,,,,,,,,,,
200,00967710823,0096771082310,76771082302,,IN,0,2026-03-27,,,,,,,,,,,,,,,,,,,,,
200,00967710806,0096771080620,76771080601,,EA,85,2026-04-13,,,,,,,,,,,,,,,,,,,,,
200,00967710806,0096771080620,76771080602,,EA,85,2026-04-28,,,,,,,,,,,,,,,,,,,,,
200,00967710806,0096771080620,76771080603,,EA,140,2026-04-24,,,,,,,,,,,,,,,,,,,,,
200,00967710806,0096771080620,76771080604,,EA,75,2026-04-17,,,,,,,,,,,,,,,,,,,,,
200,00967710806,0096771080620,76771080605,,EA,160,2026-05-12,,,,,,,,,,,,,,,,,,,,,
200,00967710806,0096771080620,76771080606,,EA,85,2026-04-28,,,,,,,,,,,,,,,,,,,,,
200,00967710798,0096771079830,76771079802,,IN,0,2026-03-24,,,,,,,,,,,,,,,,,,,,,
200,00967710798,0096771079830,76771079804,,IN,290,2026-03-23,,,,,,,,,,,,,,,,,,,,,
200,00967710798,0096771079840,76771079805,,IN,138,2026-04-24,,,,,,,,,,,,,,,,,,,,,
200,00967710798,0096771079840,76771079801,,IN,0,2026-03-24,,,,,,,,,,,,,,,,,,,,,
200,00967710798,0096771079850,76771079803,,IN,0,2026-03-24,,,,,,,,,,,,,,,,,,,,,
200,00967710798,0096771079850,76771079806,,IN,294,2026-03-23,,,,,,,,,,,,,,,,,,,,,
200,00967710782,0096771078210,76771078201,,EA,6,2026-04-10,,,,,,,,,,,,,,,,,,,,,
200,00967710782,0096771078210,76771078202,,EA,-6,2026-04-17,,,,,,,,,,,,,,,,,,,,,
200,00967710782,0096771078210,76771078203,,EA,6,2026-06-16,,,,,,,,,,,,,,,,,,,,,
200,00967710782,0096771078210,76771078204,,EA,14,2026-04-10,,,,,,,,,,,,,,,,,,,,,
200,00967710775,0096771077530,76771077501,,IN,260,2026-03-23,,,,,,,,,,,,,,,,,,,,,
200,00967710775,0096771077530,76771077502,,IN,0,2026-03-24,,,,,,,,,,,,,,,,,,,,,
200,00967710739,0096771073930,76771073901,,IN,0,2026-03-17,,,,,,,,,,,,,,,,,,,,,
200,00967710739,0096771073930,76771073902,,IN,288,2026-03-16,,,,,,,,,,,,,,,,,,,,,
200,00967710674,0096771067410,76771067401,,EA,0,2026-03-10,,,,,,,,,,,,,,,,,,,,,
200,00967710674,0096771067410,76771067405,,EA,144,2026-03-09,,,,,,,,,,,,,,,,,,,,,
200,00967710674,0096771067450,76771067406,,IN,120,2026-03-09,,,,,,,,,,,,,,,,,,,,,
200,00967710674,0096771067450,76771067402,,IN,0,2026-03-10,,,,,,,,,,,,,,,,,,,,,
200,00967710674,0096771067460,76771067407,,EA,0,2026-03-10,,,,,,,,,,,,,,,,,,,,,
200,00967710674,0096771067470,76771067408,,IN,292,2026-03-09,,,,,,,,,,,,,,,,,,,,,
200,00967710674,0096771067470,76771067403,,IN,0,2026-03-10,,,,,,,,,,,,,,,,,,,,,
200,00967710674,0096771067480,76771067404,,IN,0,2026-03-10,,,,,,,,,,,,,,,,,,,,,
200,00967710674,0096771067480,76771067409,,IN,274,2026-03-09,,,,,,,,,,,,,,,,,,,,,
200,00967710642,0096771064230,767710642010,,IN,0,2026-03-10,,,,,,,,,,,,,,,,,,,,,
200,00967710642,0096771064230,76771064201,,IN,298,2026-03-09,,,,,,,,,,,,,,,,,,,,,
200,00967710642,0096771064240,76771064202,,IN,290,2026-03-09,,,,,,,,,,,,,,,,,,,,,
200,00967710642,0096771064240,767710642011,,IN,0,2026-03-10,,,,,,,,,,,,,,,,,,,,,
200,00967710642,0096771064250,767710642012,,IN,0,2026-03-10,,,,,,,,,,,,,,,,,,,,,
200,00967710642,0096771064250,76771064203,,IN,120,2026-03-09,,,,,,,,,,,,,,,,,,,,,
200,00967710642,0096771064260,76771064204,,IN,254,2026-03-09,,,,,,,,,,,,,,,,,,,,,
200,00967710642,0096771064260,767710642013,,IN,0,2026-03-10,,,,,,,,,,,,,,,,,,,,,
200,00967710642,0096771064270,767710642014,,IN,0,2026-03-10,,,,,,,,,,,,,,,,,,,,,
200,00967710642,0096771064270,76771064205,,IN,294,2026-03-09,,,,,,,,,,,,,,,,,,,,,
200,00967710642,0096771064280,76771064206,,IN,252,2026-03-09,,,,,,,,,,,,,,,,,,,,,
200,00967710642,0096771064280,767710642015,,IN,0,2026-03-10,,,,,,,,,,,,,,,,,,,,,
200,00967710642,0096771064290,767710642016,,IN,0,2026-03-10,,,,,,,,,,,,,,,,,,,,,
200,00967710642,0096771064290,76771064207,,IN,252,2026-03-09,,,,,,,,,,,,,,,,,,,,,
200,00967710642,00967710642100,76771064208,,IN,266,2026-03-09,,,,,,,,,,,,,,,,,,,,,
200,00967710642,00967710642100,767710642017,,IN,0,2026-03-10,,,,,,,,,,,,,,,,,,,,,
200,00967710642,00967710642110,767710642018,,IN,0,2026-03-10,,,,,,,,,,,,,,,,,,,,,
200,00967710642,00967710642110,76771064209,,IN,266,2026-03-09,,,,,,,,,,,,,,,,,,,,,
200,00967710593,0096771059350,76771059302,,IN,127,2026-02-23,,,,,,,,,,,,,,,,,,,,,
200,00967710593,0096771059350,76771059304,,IN,0,2026-02-26,,,,,,,,,,,,,,,,,,,,,
200,00967710593,0096771059390,76771059303,,IN,266,2026-02-25,,,,,,,,,,,,,,,,,,,,,
200,00967710593,0096771059390,76771059301,,IN,0,2026-02-26,,,,,,,,,,,,,,,,,,,,,
200,00967710517,0096771051730,76771051701,,IN,0,2026-02-24,,,,,,,,,,,,,,,,,,,,,
200,00967710517,0096771051730,76771051703,,IN,288,2026-02-23,,,,,,,,,,,,,,,,,,,,,
200,00967710517,0096771051740,76771051704,,IN,120,2026-02-23,,,,,,,,,,,,,,,,,,,,,
200,00967710517,0096771051740,76771051702,,IN,0,2026-02-24,,,,,,,,,,,,,,,,,,,,,
200,00967710506,0096771050610,76771050601,,EA,10,2026-04-01,,,,,,,,,,,,,,,,,,,,,
200,00967710506,0096771050610,767710506014,,EA,0,2026-12-31,,,,,,,,,,,,,,,,,,,,,
200,00967710506,0096771050610,767710506018,,EA,-10,2026-05-08,,,,,,,,,,,,,,,,,,,,,
200,00967710506,0096771050610,767710506019,,EA,10,2026-05-14,,,,,,,,,,,,,,,,,,,,,
200,00967710506,0096771050610,767710506037,,EA,5,2026-06-30,,,,,,,,,,,,,,,,,,,,,
200,00967710506,0096771050610,767710506044,,EA,10,2026-04-02,,,,,,,,,,,,,,,,,,,,,
200,00967710506,0096771050610,767710506053,,EA,10,2026-05-14,,,,,,,,,,,,,,,,,,,,,
200,00967710506,0096771050610,767710506062,,EA,-10,2026-05-14,,,,,,,,,,,,,,,,,,,,,
200,00967710506,0096771050610,767710506063,,EA,10,2026-08-14,,,,,,,,,,,,,,,,,,,,,
200,00967710506,0096771050620,767710506064,,EA,5,2026-08-14,,,,,,,,,,,,,,,,,,,,,
200,00967710506,0096771050620,767710506054,,EA,10,2026-05-14,,,,,,,,,,,,,,,,,,,,,
200,00967710506,0096771050620,767710506045,,EA,10,2026-04-02,,,,,,,,,,,,,,,,,,,,,
200,00967710506,0096771050620,767710506043,,EA,10,2026-04-01,,,,,,,,,,,,,,,,,,,,,
200,00967710506,0096771050620,767710506038,,EA,5,2026-08-14,,,,,,,,,,,,,,,,,,,,,
200,00967710506,0096771050620,767710506032,,EA,-10,2026-05-08,,,,,,,,,,,,,,,,,,,,,
200,00967710506,0096771050620,767710506033,,EA,5,2026-06-30,,,,,,,,,,,,,,,,,,,,,
200,00967710506,0096771050620,767710506015,,EA,0,2026-12-31,,,,,,,,,,,,,,,,,,,,,
200,00967710506,0096771050620,76771050602,,EA,5,2026-03-25,,,,,,,,,,,,,,,,,,,,,
200,00967710506,0096771050630,76771050603,,EA,15,2026-04-01,,,,,,,,,,,,,,,,,,,,,
200,00967710506,0096771050630,767710506016,,EA,0,2026-12-31,,,,,,,,,,,,,,,,,,,,,
200,00967710506,0096771050630,767710506020,,EA,-15,2026-05-08,,,,,,,,,,,,,,,,,,,,,
200,00967710506,0096771050630,767710506021,,EA,15,2026-05-14,,,,,,,,,,,,,,,,,,,,,
200,00967710506,0096771050630,767710506040,,EA,15,2026-06-30,,,,,,,,,,,,,,,,,,,,,
200,00967710506,0096771050630,767710506046,,EA,15,2026-04-02,,,,,,,,,,,,,,,,,,,,,
200,00967710506,0096771050630,767710506055,,EA,5,2026-05-14,,,,,,,,,,,,,,,,,,,,,
200,00967710506,0096771050630,767710506065,,EA,10,2026-08-14,,,,,,,,,,,,,,,,,,,,,
200,00967710506,0096771050640,767710506066,,EA,0,2026-12-31,,,,,,,,,,,,,,,,,,,,,
200,00967710506,0096771050640,767710506017,,EA,10,2026-06-30,,,,,,,,,,,,,,,,,,,,,
200,00967710506,0096771050640,76771050604,,EA,10,2026-04-13,,,,,,,,,,,,,,,,,,,,,
200,00967710506,0096771050650,76771050605,,EA,25,2026-02-24,,,,,,,,,,,,,,,,,,,,,
200,00967710506,0096771050650,767710506010,,EA,25,2026-04-01,,,,,,,,,,,,,,,,,,,,,
200,00967710506,0096771050650,767710506024,,EA,-25,2026-05-08,,,,,,,,,,,,,,,,,,,,,
200,00967710506,0096771050650,767710506025,,EA,25,2026-05-29,,,,,,,,,,,,,,,,,,,,,
200,00967710506,0096771050650,767710506067,,EA,0,2026-12-31,,,,,,,,,,,,,,,,,,,,,
200,00967710506,0096771050650,767710506047,,EA,25,2026-04-02,,,,,,,,,,,,,,,,,,,,,
200,00967710506,0096771050650,767710506039,,EA,25,2026-07-20,,,,,,,,,,,,,,,,,,,,,
200,00967710506,0096771050650,767710506061,,EA,25,2026-05-14,,,,,,,,,,,,,,,,,,,,,
200,00967710506,0096771050660,767710506050,,EA,50,2026-04-02,,,,,,,,,,,,,,,,,,,,,
200,00967710506,0096771050660,767710506068,,EA,0,2026-12-31,,,,,,,,,,,,,,,,,,,,,
200,00967710506,0096771050660,767710506058,,EA,50,2026-07-20,,,,,,,,,,,,,,,,,,,,,
200,00967710506,0096771050660,767710506026,,EA,-50,2026-05-08,,,,,,,,,,,,,,,,,,,,,
200,00967710506,0096771050660,767710506027,,EA,50,2026-05-14,,,,,,,,,,,,,,,,,,,,,
200,00967710506,0096771050660,767710506011,,EA,50,2026-04-01,,,,,,,,,,,,,,,,,,,,,
200,00967710506,0096771050660,76771050606,,EA,50,2026-02-24,,,,,,,,,,,,,,,,,,,,,
200,00967710506,0096771050670,76771050607,,EA,25,2026-02-24,,,,,,,,,,,,,,,,,,,,,
200,00967710506,0096771050670,767710506012,,EA,25,2026-04-01,,,,,,,,,,,,,,,,,,,,,
200,00967710506,0096771050670,767710506028,,EA,-25,2026-05-08,,,,,,,,,,,,,,,,,,,,,
200,00967710506,0096771050670,767710506029,,EA,25,2026-05-14,,,,,,,,,,,,,,,,,,,,,
200,00967710506,0096771050670,767710506059,,EA,25,2026-07-20,,,,,,,,,,,,,,,,,,,,,
200,00967710506,0096771050670,767710506049,,EA,25,2026-04-02,,,,,,,,,,,,,,,,,,,,,
200,00967710506,0096771050670,767710506069,,EA,0,2026-12-31,,,,,,,,,,,,,,,,,,,,,
200,00967710506,0096771050680,767710506070,,EA,0,2026-12-31,,,,,,,,,,,,,,,,,,,,,
200,00967710506,0096771050680,767710506060,,EA,25,2026-07-20,,,,,,,,,,,,,,,,,,,,,
200,00967710506,0096771050680,767710506042,,EA,-25,2026-03-25,,,,,,,,,,,,,,,,,,,,,
200,00967710506,0096771050680,767710506048,,EA,25,2026-04-02,,,,,,,,,,,,,,,,,,,,,
200,00967710506,0096771050680,767710506030,,EA,-25,2026-05-08,,,,,,,,,,,,,,,,,,,,,
200,00967710506,0096771050680,767710506031,,EA,25,2026-05-14,,,,,,,,,,,,,,,,,,,,,
200,00967710506,0096771050680,767710506013,,EA,25,2026-04-01,,,,,,,,,,,,,,,,,,,,,
200,00967710506,0096771050680,76771050608,,EA,25,2026-02-24,,,,,,,,,,,,,,,,,,,,,
200,00967710506,0096771050690,76771050609,,EA,45,2026-04-01,,,,,,,,,,,,,,,,,,,,,
200,00967710506,0096771050690,767710506022,,EA,-45,2026-05-08,,,,,,,,,,,,,,,,,,,,,
200,00967710506,0096771050690,767710506023,,EA,0,2026-12-31,,,,,,,,,,,,,,,,,,,,,
200,00967710506,0096771050690,767710506051,,EA,45,2026-04-02,,,,,,,,,,,,,,,,,,,,,
200,00967710506,0096771050690,767710506041,,EA,0,2026-12-31,,,,,,,,,,,,,,,,,,,,,
200,00967710506,0096771050690,767710506034,,EA,-45,2026-05-08,,,,,,,,,,,,,,,,,,,,,
200,00967710506,0096771050690,767710506035,,EA,45,2026-05-14,,,,,,,,,,,,,,,,,,,,,
200,00967710506,0096771050690,767710506036,,EA,45,2026-05-14,,,,,,,,,,,,,,,,,,,,,
200,00967710506,0096771050690,767710506057,,EA,45,2026-05-08,,,,,,,,,,,,,,,,,,,,,
200,00967710506,0096771050690,767710506071,,EA,45,2026-05-14,,,,,,,,,,,,,,,,,,,,,
200,00967710506,0096771050690,767710506072,,EA,45,2026-05-14,,,,,,,,,,,,,,,,,,,,,
200,00967710506,00967710506110,767710506056,,EA,0,2026-12-31,,,,,,,,,,,,,,,,,,,,,
200,00967710506,00967710506110,767710506052,,EA,45,2026-04-02,,,,,,,,,,,,,,,,,,,,,
200,00967710478,0096771047840,76771047801,,IN,0,2026-02-17,,,,,,,,,,,,,,,,,,,,,
200,00967710478,0096771047840,76771047803,,IN,120,2026-02-16,,,,,,,,,,,,,,,,,,,,,
200,00967710478,0096771047860,76771047804,,IN,500,2026-02-16,,,,,,,,,,,,,,,,,,,,,
200,00967710478,0096771047860,76771047802,,IN,0,2026-02-17,,,,,,,,,,,,,,,,,,,,,
200,00967710474,0096771047420,76771047401,,IN,283,2026-02-09,,,,,,,,,,,,,,,,,,,,,
200,00967710474,0096771047420,767710474011,,IN,0,2026-02-09,,,,,,,,,,,,,,,,,,,,,
200,00967710474,0096771047430,76771047408,,IN,0,2026-02-09,,,,,,,,,,,,,,,,,,,,,
200,00967710474,0096771047430,76771047402,,IN,120,2026-02-09,,,,,,,,,,,,,,,,,,,,,
200,00967710474,0096771047450,76771047403,,IN,120,2026-02-09,,,,,,,,,,,,,,,,,,,,,
200,00967710474,0096771047450,76771047409,,IN,0,2026-02-09,,,,,,,,,,,,,,,,,,,,,
200,00967710474,0096771047460,767710474012,,IN,0,2026-02-09,,,,,,,,,,,,,,,,,,,,,
200,00967710474,0096771047460,76771047404,,IN,274,2026-03-02,,,,,,,,,,,,,,,,,,,,,
200,00967710474,0096771047480,76771047405,,IN,274,2026-02-09,,,,,,,,,,,,,,,,,,,,,
200,00967710474,0096771047480,767710474010,,IN,0,2026-02-09,,,,,,,,,,,,,,,,,,,,,
200,00967710474,0096771047490,76771047406,,IN,266,2026-03-09,,,,,,,,,,,,,,,,,,,,,
200,00967710474,0096771047490,76771047407,,IN,0,2026-02-09,,,,,,,,,,,,,,,,,,,,,
200,00967710425,0096771042540,76771042501,,EA,50,2026-02-20,,,,,,,,,,,,,,,,,,,,,
200,00967710425,0096771042590,76771042502,,EA,50,2026-02-20,,,,,,,,,,,,,,,,,,,,,
200,00967710425,00967710425120,76771042503,,EA,50,2026-02-05,,,,,,,,,,,,,,,,,,,,,
200,00967710418,0096771041860,76771041804,,IN,0,2026-03-03,,,,,,,,,,,,,,,,,,,,,
200,00967710418,0096771041860,76771041801,,IN,453,2026-03-04,,,,,,,,,,,,,,,,,,,,,
200,00967710418,0096771041870,76771041802,,IN,123,2026-02-04,,,,,,,,,,,,,,,,,,,,,
200,00967710418,0096771041870,76771041803,,IN,0,2026-02-05,,,,,,,,,,,,,,,,,,,,,
200,00967710409,0096771040910,76771040901,,IN,0,2026-03-12,,,,,,,,,,,,,,,,,,,,,
200,00967710409,0096771040910,76771040902,,IN,576,2026-03-16,,,,,,,,,,,,,,,,,,,,,
200,00967710352,0096771035270,76771035201,,IN,239,2026-03-02,,,,,,,,,,,,,,,,,,,,,
200,00967710352,0096771035270,76771035202,,IN,0,2026-02-24,,,,,,,,,,,,,,,,,,,,,
200,00967710319,0096771031940,76771031901,,EA,100,2026-02-27,,,,,,,,,,,,,,,,,,,,,
200,00967710312,0096771031220,76771031201,,EA,1,2026-01-30,,,,,,,,,,,,,,,,,,,,,
200,00967710312,0096771031220,76771031202,,EA,2,2026-01-30,,,,,,,,,,,,,,,,,,,,,
200,00967710284,0096771028450,76771028401,,IN,290,2026-01-20,,,,,,,,,,,,,,,,,,,,,
200,00967710284,0096771028450,76771028404,,IN,0,2026-01-19,,,,,,,,,,,,,,,,,,,,,
200,00967710284,0096771028460,76771028405,,IN,0,2026-01-19,,,,,,,,,,,,,,,,,,,,,
200,00967710284,0096771028460,76771028402,,IN,294,2026-01-20,,,,,,,,,,,,,,,,,,,,,
200,00967710284,0096771028470,76771028403,,IN,250,2026-02-16,,,,,,,,,,,,,,,,,,,,,
200,00967710284,0096771028470,76771028406,,IN,0,2026-01-19,,,,,,,,,,,,,,,,,,,,,
200,00967710266,0096771026610,76771026601,,EA,1,2026-08-20,,,,,,,,,,,,,,,,,,,,,
200,00967710216,0096771021630,76771021605,,IN,0,2026-01-12,,,,,,,,,,,,,,,,,,,,,
200,00967710216,0096771021630,76771021601,,IN,141,2026-01-14,,,,,,,,,,,,,,,,,,,,,
200,00967710216,0096771021640,76771021602,,IN,288,2026-01-14,,,,,,,,,,,,,,,,,,,,,
200,00967710216,0096771021640,76771021606,,IN,0,2026-01-12,,,,,,,,,,,,,,,,,,,,,
200,00967710216,0096771021650,76771021607,,IN,0,2026-01-12,,,,,,,,,,,,,,,,,,,,,
200,00967710216,0096771021650,76771021603,,IN,288,2026-01-14,,,,,,,,,,,,,,,,,,,,,
200,00967710216,0096771021660,76771021604,,IN,288,2026-01-14,,,,,,,,,,,,,,,,,,,,,
200,00967710216,0096771021660,76771021608,,IN,0,2026-01-12,,,,,,,,,,,,,,,,,,,,,
200,00967710189,0096771018930,76771018901,,EA,19,2026-01-05,,,,,,,,,,,,,,,,,,,,,
200,00967710189,0096771018930,76771018902,,EA,0,2026-03-02,,,,,,,,,,,,,,,,,,,,,
200,00967710173,0096771017370,76771017301,,EA,0,2026-09-30,,,,,,,,,,,,,,,,,,,,,
200,00967710173,0096771017380,76771017302,,EA,0,2026-10-30,,,,,,,,,,,,,,,,,,,,,
200,00967710173,0096771017390,76771017303,,EA,0,2026-11-30,,,,,,,,,,,,,,,,,,,,,
200,00967710173,00967710173100,76771017304,,EA,0,2026-12-30,,,,,,,,,,,,,,,,,,,,,
200,00967710144,0096771014410,76771014401,,EA,0,2025-12-15,,,,,,,,,,,,,,,,,,,,,
200,00967710144,0096771014420,76771014402,,EA,0,2025-12-15,,,,,,,,,,,,,,,,,,,,,
200,00967710144,0096771014430,76771014403,,EA,0,2025-12-15,,,,,,,,,,,,,,,,,,,,,
200,00967710144,0096771014440,76771014404,,EA,0,2025-12-15,,,,,,,,,,,,,,,,,,,,,
200,00967710072,0096771007230,76771007201,,IN,208,2025-12-15,,,,,,,,,,,,,,,,,,,,,
200,00967710072,0096771007230,76771007203,,IN,0,2025-12-16,,,,,,,,,,,,,,,,,,,,,
200,00967710072,0096771007250,76771007204,,IN,120,2025-12-19,,,,,,,,,,,,,,,,,,,,,
200,00967710072,0096771007250,76771007205,,IN,0,2025-12-16,,,,,,,,,,,,,,,,,,,,,
200,00967710072,0096771007250,76771007202,,IN,264,2025-12-17,,,,,,,,,,,,,,,,,,,,,
200,00967710027,0096771002750,76771002701,,IN,528,2025-12-05,,,,,,,,,,,,,,,,,,,,,
200,00967710027,0096771002750,76771002702,,IN,0,2025-12-04,,,,,,,,,,,,,,,,,,,,,
200,00967709970,0096770997060,76770997001,,IN,212,2025-12-01,,,,,,,,,,,,,,,,,,,,,
200,00967709970,0096770997060,76770997002,,IN,0,2025-12-02,,,,,,,,,,,,,,,,,,,,,
200,00967709882,0096770988240,76770988201,,IN,0,2025-11-25,,,,,,,,,,,,,,,,,,,,,
200,00967709882,0096770988240,76770988202,,IN,286,2025-12-03,,,,,,,,,,,,,,,,,,,,,
200,00967709717,0096770971710,76770971701,,EA,0,2025-11-05,,,,,,,,,,,,,,,,,,,,,
200,00967709707,0096770970760,76770970701,,EA,0,2025-12-18,,,,,,,,,,,,,,,,,,,,,
200,00967709683,0096770968310,76770968301,,EA,0,2025-10-28,,,,,,,,,,,,,,,,,,,,,
200,00967709679,0096770967910,76770967901,,EA,0,2025-11-10,,,,,,,,,,,,,,,,,,,,,
200,00967709679,0096770967930,76770967902,,EA,0,2025-11-10,,,,,,,,,,,,,,,,,,,,,
200,00967709679,0096770967950,76770967903,,EA,0,2025-11-10,,,,,,,,,,,,,,,,,,,,,
200,00967709655,0096770965520,76770965501,,EA,0,2025-11-05,,,,,,,,,,,,,,,,,,,,,
200,00967709655,0096770965550,76770965502,,EA,0,2025-11-05,,,,,,,,,,,,,,,,,,,,,
200,00967709613,00967709613240,76770961301,,EA,4,2025-12-23,,,,,,,,,,,,,,,,,,,,,
200,00967709613,00967709613240,76770961302,,EA,-4,2025-12-23,,,,,,,,,,,,,,,,,,,,,
200,00967709613,00967709613240,76770961303,,EA,4,2026-01-07,,,,,,,,,,,,,,,,,,,,,
200,00967709613,00967709613240,76770961304,,EA,-4,2026-01-07,,,,,,,,,,,,,,,,,,,,,
200,00967709613,00967709613240,76770961305,,EA,0,2026-01-20,,,,,,,,,,,,,,,,,,,,,
200,00967709608,0096770960810,76770960801,,EA,0,2025-11-30,,,,,,,,,,,,,,,,,,,,,
200,00967709574,0096770957420,76770957401,,EA,0,2025-10-15,,,,,,,,,,,,,,,,,,,,,
200,00967709533,0096770953320,76770953301,,EA,0,2025-11-06,,,,,,,,,,,,,,,,,,,,,
200,00967709497,0096770949740,76770949701,,EA,0,2025-10-13,,,,,,,,,,,,,,,,,,,,,
200,00967709439,0096770943910,76770943901,,IN,138,2025-10-06,,,,,,,,,,,,,,,,,,,,,
200,00967709439,0096770943910,76770943902,,IN,0,2025-10-07,,,,,,,,,,,,,,,,,,,,,
200,00967709436,0096770943680,76770943601,,EA,0,2025-10-16,,,,,,,,,,,,,,,,,,,,,
200,00967709432,0096770943210,76770943201,,FT,0,2025-10-01,,,,,,,,,,,,,,,,,,,,,
200,00967709388,0096770938810,76770938801,,EA,0,2025-12-15,,,,,,,,,,,,,,,,,,,,,
200,00967709380,0096770938010,76770938001,,EA,1,2025-09-24,,,,,,,,,,,,,,,,,,,,,
200,00967709380,0096770938010,76770938002,,EA,-1,2025-10-22,,,,,,,,,,,,,,,,,,,,,
200,00967709380,0096770938010,76770938003,,EA,0,2025-09-24,,,,,,,,,,,,,,,,,,,,,
200,00967709366,0096770936610,76770936601,,EA,0,2025-09-22,,,,,,,,,,,,,,,,,,,,,
200,00967709309,0096770930920,76770930901,,EA,0,2025-10-16,,,,,,,,,,,,,,,,,,,,,
200,00967709309,0096770930940,76770930902,,EA,0,2025-10-09,,,,,,,,,,,,,,,,,,,,,
200,00967709309,0096770930950,76770930903,,EA,0,2025-10-16,,,,,,,,,,,,,,,,,,,,,
200,00967709254,0096770925410,76770925401,,EA,-2,2025-09-11,,,,,,,,,,,,,,,,,,,,,
200,00967709254,0096770925410,76770925402,,EA,0,2025-09-04,,,,,,,,,,,,,,,,,,,,,
200,00967709254,0096770925410,76770925403,,EA,2,2025-09-04,,,,,,,,,,,,,,,,,,,,,
200,00967709146,0096770914620,76770914601,,EA,0,2025-10-02,,,,,,,,,,,,,,,,,,,,,
200,00967709143,0096770914310,76770914301,,EA,0,2025-09-18,,,,,,,,,,,,,,,,,,,,,
200,00967709141,0096770914110,76770914101,,EA,0,2025-08-20,,,,,,,,,,,,,,,,,,,,,
200,00967709136,00967709136140,76770913601,,EA,0,2025-10-29,,,,,,,,,,,,,,,,,,,,,
200,00967709125,0096770912540,76770912501,,EA,0,2025-12-09,,,,,,,,,,,,,,,,,,,,,
200,00967709062,0096770906210,76770906201,,EA,0,2025-09-18,,,,,,,,,,,,,,,,,,,,,
200,00967709059,0096770905910,76770905901,,EA,0,2025-10-10,,,,,,,,,,,,,,,,,,,,,
200,00967709059,0096770905920,76770905902,,EA,0,2025-10-10,,,,,,,,,,,,,,,,,,,,,
200,00967709059,0096770905950,76770905903,,EA,0,2025-10-10,,,,,,,,,,,,,,,,,,,,,
200,00967709055,0096770905510,76770905501,,EA,0,2025-09-04,,,,,,,,,,,,,,,,,,,,,
200,00967709028,0096770902830,76770902801,,EA,50,2025-08-26,,,,,,,,,,,,,,,,,,,,,
200,00967709028,0096770902830,76770902802,,EA,-50,2025-09-05,,,,,,,,,,,,,,,,,,,,,
200,00967709028,0096770902830,76770902803,,EA,0,2025-09-29,,,,,,,,,,,,,,,,,,,,,
200,00967709025,0096770902510,76770902501,,EA,0,2025-10-03,,,,,,,,,,,,,,,,,,,,,
200,00967709018,00967709018130,76770901801,,EA,0,2025-12-08,,,,,,,,,,,,,,,,,,,,,
200,00967709013,0096770901310,76770901301,,BX,0,2025-08-25,,,,,,,,,,,,,,,,,,,,,
200,00967709000,0096770900010,76770900001,,EA,0,2025-08-05,,,,,,,,,,,,,,,,,,,,,
200,00967708984,0096770898410,76770898401,,EA,0,2025-09-05,,,,,,,,,,,,,,,,,,,,,
200,00967708946,0096770894690,76770894601,,EA,0,2025-08-28,,,,,,,,,,,,,,,,,,,,,
200,00967708946,00967708946100,76770894602,,EA,0,2025-08-28,,,,,,,,,,,,,,,,,,,,,
200,00967708931,0096770893110,76770893101,,EA,0,2025-08-28,,,,,,,,,,,,,,,,,,,,,
200,00967708931,0096770893180,76770893102,,EA,4,2025-08-15,,,,,,,,,,,,,,,,,,,,,
200,00967708931,0096770893180,76770893103,,EA,-1,2025-08-15,,,,,,,,,,,,,,,,,,,,,
200,00967708931,0096770893180,76770893104,,EA,0,2025-08-14,,,,,,,,,,,,,,,,,,,,,
200,00967708896,0096770889610,76770889601,,EA,0,2025-12-04,,,,,,,,,,,,,,,,,,,,,
200,00967708889,00967708889110,76770888901,,EA,0,2025-12-09,,,,,,,,,,,,,,,,,,,,,
200,00967708889,00967708889120,76770888902,,EA,0,2025-12-09,,,,,,,,,,,,,,,,,,,,,
200,00967708867,0096770886750,76770886701,,EA,0,2025-07-24,,,,,,,,,,,,,,,,,,,,,
200,00967708848,00967708848320,76770884801,,EA,0,2025-07-21,,,,,,,,,,,,,,,,,,,,,
200,00967708842,0096770884210,76770884201,,EA,0,2025-06-26,,,,,,,,,,,,,,,,,,,,,
200,00967708815,0096770881540,76770881501,,EA,0,2025-06-27,,,,,,,,,,,,,,,,,,,,,
200,00967708805,0096770880510,76770880501,,EA,0,2025-05-30,,,,,,,,,,,,,,,,,,,,,
200,00967708785,0096770878510,76770878501,,EA,1,2025-06-06,,,,,,,,,,,,,,,,,,,,,
200,00967708785,0096770878510,76770878502,,EA,1,2025-06-06,,,,,,,,,,,,,,,,,,,,,
200,00967708785,0096770878510,76770878503,,EA,-1,2025-06-10,,,,,,,,,,,,,,,,,,,,,
200,00967708785,0096770878510,76770878504,,EA,0,2025-05-30,,,,,,,,,,,,,,,,,,,,,
200,00967708770,0096770877010,76770877001,,EA,0,2025-05-19,,,,,,,,,,,,,,,,,,,,,
200,00967708743,0096770874340,76770874301,,EA,0,2025-06-12,,,,,,,,,,,,,,,,,,,,,
200,00967708735,0096770873510,76770873501,,EA,0,2025-06-13,,,,,,,,,,,,,,,,,,,,,
200,00967708724,0096770872410,76770872401,,EA,0,2025-05-12,,,,,,,,,,,,,,,,,,,,,
200,00967708723,0096770872310,76770872301,,EA,0,2025-05-13,,,,,,,,,,,,,,,,,,,,,
200,00967708723,0096770872320,76770872302,,EA,0,2025-05-13,,,,,,,,,,,,,,,,,,,,,
200,00967708718,0096770871860,76770871801,,EA,0,2025-06-26,,,,,,,,,,,,,,,,,,,,,
200,00967708695,00967708695200,76770869501,,EA,0,2025-05-15,,,,,,,,,,,,,,,,,,,,,
200,00967708659,0096770865910,76770865901,,EA,0,2025-06-19,,,,,,,,,,,,,,,,,,,,,
200,00967708659,0096770865960,76770865902,,EA,0,2025-06-19,,,,,,,,,,,,,,,,,,,,,
200,00967708585,0096770858520,76770858501,,EA,0,2025-05-29,,,,,,,,,,,,,,,,,,,,,
200,00967708573,0096770857340,76770857301,,EA,0,2025-05-29,,,,,,,,,,,,,,,,,,,,,
200,00967708573,0096770857350,76770857302,,EA,0,2025-05-29,,,,,,,,,,,,,,,,,,,,,
200,00967708553,0096770855310,76770855301,,EA,0,2025-04-25,,,,,,,,,,,,,,,,,,,,,
200,00967708524,0096770852420,76770852401,,EA,0,2025-05-01,,,,,,,,,,,,,,,,,,,,,
200,00967708499,0096770849910,76770849901,,EA,0,2025-11-28,,,,,,,,,,,,,,,,,,,,,
200,00967708486,0096770848650,76770848601,,EA,0,2025-05-08,,,,,,,,,,,,,,,,,,,,,
200,00967708472,0096770847210,76770847201,,EA,0,2025-06-05,,,,,,,,,,,,,,,,,,,,,
200,00967708433,0096770843350,76770843301,,EA,0,2025-05-08,,,,,,,,,,,,,,,,,,,,,
200,00967708386,0096770838630,76770838601,,EA,0,2025-05-29,,,,,,,,,,,,,,,,,,,,,
200,00967708382,0096770838280,76770838201,,EA,4,2025-06-12,,,,,,,,,,,,,,,,,,,,,
200,00967708382,0096770838280,76770838202,,EA,0,2025-07-08,,,,,,,,,,,,,,,,,,,,,
200,00967708369,0096770836910,76770836901,,EA,0,2025-05-16,,,,,,,,,,,,,,,,,,,,,
200,00967708354,0096770835430,76770835401,,EA,0,2025-05-22,,,,,,,,,,,,,,,,,,,,,
200,00967708340,0096770834010,76770834001,,EA,0,2025-03-28,,,,,,,,,,,,,,,,,,,,,
200,00967708324,0096770832410,76770832401,,EA,0,2025-04-30,,,,,,,,,,,,,,,,,,,,,
200,00967708231,0096770823110,76770823101,,EA,65,2025-03-21,,,,,,,,,,,,,,,,,,,,,
200,00967708231,0096770823110,76770823102,,EA,0,2025-04-02,,,,,,,,,,,,,,,,,,,,,
200,00967708224,0096770822410,76770822401,,EA,0,2025-04-04,,,,,,,,,,,,,,,,,,,,,
200,00967708159,0096770815910,76770815901,,EA,0,2025-03-14,,,,,,,,,,,,,,,,,,,,,
200,00967708103,0096770810310,76770810301,,EA,0,2025-06-10,,,,,,,,,,,,,,,,,,,,,
200,00967708103,0096770810320,76770810302,,EA,0,2025-06-10,,,,,,,,,,,,,,,,,,,,,
200,00967708099,0096770809910,76770809901,,EA,0,2025-03-17,,,,,,,,,,,,,,,,,,,,,
200,00967708099,0096770809920,76770809902,,EA,0,2025-03-17,,,,,,,,,,,,,,,,,,,,,
200,00967708096,0096770809650,76770809601,,EA,0,2025-04-17,,,,,,,,,,,,,,,,,,,,,
200,00967708088,0096770808810,76770808801,,EA,0,2025-03-07,,,,,,,,,,,,,,,,,,,,,
200,00967708036,0096770803610,76770803601,,EA,0,2025-12-31,,,,,,,,,,,,,,,,,,,,,
200,00967708027,0096770802710,76770802701,,EA,0,2025-03-07,,,,,,,,,,,,,,,,,,,,,
200,00967707996,0096770799610,76770799601,,EA,99,2025-04-25,,,,,,,,,,,,,,,,,,,,,
200,00967707996,0096770799610,76770799602,,EA,0,2025-05-01,,,,,,,,,,,,,,,,,,,,,
200,00967707960,0096770796020,76770796001,,EA,0,2025-03-20,,,,,,,,,,,,,,,,,,,,,
200,00967707960,0096770796030,76770796002,,EA,0,2025-03-20,,,,,,,,,,,,,,,,,,,,,
200,00967707942,0096770794210,76770794201,,EA,0,2025-02-21,,,,,,,,,,,,,,,,,,,,,
200,00967707941,0096770794130,76770794101,,EA,0,2025-03-13,,,,,,,,,,,,,,,,,,,,,
200,00967707941,0096770794130,76770794102,,EA,29,2025-03-06,,,,,,,,,,,,,,,,,,,,,
200,00967707933,0096770793310,76770793301,,EA,18,2025-02-19,,,,,,,,,,,,,,,,,,,,,
200,00967707933,0096770793310,76770793302,,EA,0,2025-03-05,,,,,,,,,,,,,,,,,,,,,
200,00967707898,00967707898380,76770789801,,EA,0,2025-02-14,,,,,,,,,,,,,,,,,,,,,
200,00967707895,0096770789520,76770789501,,EA,0,2025-04-30,,,,,,,,,,,,,,,,,,,,,
200,00967707888,0096770788880,76770788801,,EA,0,2025-02-13,,,,,,,,,,,,,,,,,,,,,
200,00967707814,0096770781430,76770781401,,EA,0,2025-02-18,,,,,,,,,,,,,,,,,,,,,
200,00967707797,0096770779710,76770779701,,IN,0,2025-02-25,,,,,,,,,,,,,,,,,,,,,
200,00967707788,0096770778810,76770778801,,EA,15,2025-02-06,,,,,,,,,,,,,,,,,,,,,
200,00967707788,0096770778810,76770778802,,EA,0,2025-02-14,,,,,,,,,,,,,,,,,,,,,
200,00967707785,0096770778510,76770778501,,EA,0,2025-02-28,,,,,,,,,,,,,,,,,,,,,
200,00967707728,0096770772830,76770772801,,EA,0,2025-02-27,,,,,,,,,,,,,,,,,,,,,
200,00967707728,0096770772850,76770772802,,EA,0,2025-03-06,,,,,,,,,,,,,,,,,,,,,
200,00967707710,00967707710160,76770771001,,EA,114,2025-02-13,,,,,,,,,,,,,,,,,,,,,
200,00967707710,00967707710160,76770771002,,EA,0,2025-02-11,,,,,,,,,,,,,,,,,,,,,
200,00967707655,0096770765520,76770765501,,EA,0,2025-02-07,,,,,,,,,,,,,,,,,,,,,
200,00967707639,0096770763960,76770763901,,EA,0,2025-02-20,,,,,,,,,,,,,,,,,,,,,
200,00967707561,0096770756130,76770756101,,EA,0,2025-02-20,,,,,,,,,,,,,,,,,,,,,
200,00967707561,0096770756150,76770756102,,EA,0,2025-02-13,,,,,,,,,,,,,,,,,,,,,
200,00967707540,0096770754020,76770754001,,EA,0,2025-01-30,,,,,,,,,,,,,,,,,,,,,
200,00967707527,0096770752740,76770752701,,EA,0,2025-01-23,,,,,,,,,,,,,,,,,,,,,
200,00967707488,0096770748820,76770748801,,EA,0,2025-01-06,,,,,,,,,,,,,,,,,,,,,
200,00967707486,0096770748610,76770748601,,EA,0,2025-12-31,,,,,,,,,,,,,,,,,,,,,
200,00967707464,0096770746440,76770746401,,EA,0,2025-03-25,,,,,,,,,,,,,,,,,,,,,
200,00967707462,0096770746210,767707462059,,EA,10,2025-08-11,,,,,,,,,,,,,,,,,,,,,
200,00967707462,0096770746210,767707462051,,EA,0,2025-12-31,,,,,,,,,,,,,,,,,,,,,
200,00967707462,0096770746210,767707462057,,EA,10,2025-09-17,,,,,,,,,,,,,,,,,,,,,
200,00967707462,0096770746210,76770746207,,EA,10,2025-06-09,,,,,,,,,,,,,,,,,,,,,
200,00967707462,0096770746210,76770746208,,EA,10,2025-02-04,,,,,,,,,,,,,,,,,,,,,
200,00967707462,0096770746210,767707462015,,EA,10,2025-03-06,,,,,,,,,,,,,,,,,,,,,
200,00967707462,0096770746210,76770746202,,EA,10,2025-07-17,,,,,,,,,,,,,,,,,,,,,
200,00967707462,0096770746210,767707462023,,EA,10,2025-05-08,,,,,,,,,,,,,,,,,,,,,
200,00967707462,0096770746210,767707462034,,EA,10,2025-11-06,,,,,,,,,,,,,,,,,,,,,
200,00967707462,0096770746210,767707462042,,EA,10,2025-11-06,,,,,,,,,,,,,,,,,,,,,
200,00967707462,0096770746210,767707462043,,EA,10,2025-12-29,,,,,,,,,,,,,,,,,,,,,
200,00967707462,0096770746210,767707462045,,EA,10,2026-02-11,,,,,,,,,,,,,,,,,,,,,
200,00967707462,0096770746220,767707462046,,EA,0,2025-12-31,,,,,,,,,,,,,,,,,,,,,
200,00967707462,0096770746220,767707462044,,EA,5,2025-12-29,,,,,,,,,,,,,,,,,,,,,
200,00967707462,0096770746220,767707462016,,EA,5,2025-11-20,,,,,,,,,,,,,,,,,,,,,
200,00967707462,0096770746220,76770746209,,EA,10,2025-02-04,,,,,,,,,,,,,,,,,,,,,
200,00967707462,0096770746240,767707462010,,EA,10,2025-02-12,,,,,,,,,,,,,,,,,,,,,
200,00967707462,0096770746240,767707462017,,EA,10,2025-05-20,,,,,,,,,,,,,,,,,,,,,
200,00967707462,0096770746240,767707462036,,EA,5,2025-10-27,,,,,,,,,,,,,,,,,,,,,
200,00967707462,0096770746240,767707462037,,EA,-5,2025-10-27,,,,,,,,,,,,,,,,,,,,,
200,00967707462,0096770746240,767707462038,,EA,0,2025-12-31,,,,,,,,,,,,,,,,,,,,,
200,00967707462,0096770746240,76770746201,,EA,5,2025-10-16,,,,,,,,,,,,,,,,,,,,,
200,00967707462,0096770746250,767707462053,,EA,25,2025-09-04,,,,,,,,,,,,,,,,,,,,,
200,00967707462,0096770746250,767707462039,,EA,25,2025-12-29,,,,,,,,,,,,,,,,,,,,,
200,00967707462,0096770746250,767707462030,,EA,25,2025-10-29,,,,,,,,,,,,,,,,,,,,,
200,00967707462,0096770746250,767707462047,,EA,0,2025-12-31,,,,,,,,,,,,,,,,,,,,,
200,00967707462,0096770746250,767707462018,,EA,25,2025-03-13,,,,,,,,,,,,,,,,,,,,,
200,00967707462,0096770746250,767707462024,,EA,25,2025-06-09,,,,,,,,,,,,,,,,,,,,,
200,00967707462,0096770746250,76770746203,,EA,25,2025-07-15,,,,,,,,,,,,,,,,,,,,,
200,00967707462,0096770746250,767707462011,,EA,25,2025-02-19,,,,,,,,,,,,,,,,,,,,,
200,00967707462,0096770746260,767707462012,,EA,50,2025-02-19,,,,,,,,,,,,,,,,,,,,,
200,00967707462,0096770746260,76770746204,,EA,50,2025-07-15,,,,,,,,,,,,,,,,,,,,,
200,00967707462,0096770746260,767707462025,,EA,50,2025-06-09,,,,,,,,,,,,,,,,,,,,,
200,00967707462,0096770746260,767707462019,,EA,50,2025-03-13,,,,,,,,,,,,,,,,,,,,,
200,00967707462,0096770746260,767707462048,,EA,0,2025-12-31,,,,,,,,,,,,,,,,,,,,,
200,00967707462,0096770746260,767707462031,,EA,50,2025-10-29,,,,,,,,,,,,,,,,,,,,,
200,00967707462,0096770746260,767707462040,,EA,50,2025-12-29,,,,,,,,,,,,,,,,,,,,,
200,00967707462,0096770746260,767707462054,,EA,50,2025-09-04,,,,,,,,,,,,,,,,,,,,,
200,00967707462,0096770746270,767707462055,,EA,25,2025-09-04,,,,,,,,,,,,,,,,,,,,,
200,00967707462,0096770746270,767707462041,,EA,25,2025-12-29,,,,,,,,,,,,,,,,,,,,,
200,00967707462,0096770746270,767707462032,,EA,25,2025-10-29,,,,,,,,,,,,,,,,,,,,,
200,00967707462,0096770746270,767707462049,,EA,0,2025-12-31,,,,,,,,,,,,,,,,,,,,,
200,00967707462,0096770746270,767707462020,,EA,25,2025-03-13,,,,,,,,,,,,,,,,,,,,,
200,00967707462,0096770746270,767707462026,,EA,25,2025-06-09,,,,,,,,,,,,,,,,,,,,,
200,00967707462,0096770746270,76770746205,,EA,25,2025-07-15,,,,,,,,,,,,,,,,,,,,,
200,00967707462,0096770746270,767707462013,,EA,25,2025-02-19,,,,,,,,,,,,,,,,,,,,,
200,00967707462,0096770746280,767707462014,,EA,25,2025-02-19,,,,,,,,,,,,,,,,,,,,,
200,00967707462,0096770746280,76770746206,,EA,25,2025-07-15,,,,,,,,,,,,,,,,,,,,,
200,00967707462,0096770746280,767707462027,,EA,25,2025-06-09,,,,,,,,,,,,,,,,,,,,,
200,00967707462,0096770746280,767707462021,,EA,25,2025-03-13,,,,,,,,,,,,,,,,,,,,,
200,00967707462,0096770746280,767707462050,,EA,0,2025-12-31,,,,,,,,,,,,,,,,,,,,,
200,00967707462,0096770746280,767707462033,,EA,25,2025-12-29,,,,,,,,,,,,,,,,,,,,,
200,00967707462,0096770746280,767707462056,,EA,25,2025-09-04,,,,,,,,,,,,,,,,,,,,,
200,00967707462,00967707462100,767707462058,,EA,90,2025-09-17,,,,,,,,,,,,,,,,,,,,,
200,00967707462,00967707462100,767707462052,,EA,3,2025-08-11,,,,,,,,,,,,,,,,,,,,,
200,00967707462,00967707462100,767707462035,,EA,0,2025-12-31,,,,,,,,,,,,,,,,,,,,,
200,00967707462,00967707462100,767707462022,,EA,90,2025-03-13,,,,,,,,,,,,,,,,,,,,,
200,00967707462,00967707462100,767707462028,,EA,42,2025-08-05,,,,,,,,,,,,,,,,,,,,,
200,00967707462,00967707462100,767707462029,,EA,-45,2025-04-03,,,,,,,,,,,,,,,,,,,,,
200,00967707437,0096770743710,76770743701,,EA,1,2024-12-26,,,,,,,,,,,,,,,,,,,,,
200,00967707437,0096770743710,76770743702,,EA,-1,2025-05-30,,,,,,,,,,,,,,,,,,,,,
200,00967707437,0096770743710,76770743703,,EA,0,2025-01-11,,,,,,,,,,,,,,,,,,,,,
200,00967707377,0096770737710,76770737701,,EA,0,2025-01-23,,,,,,,,,,,,,,,,,,,,,
200,00967707357,0096770735710,76770735701,,EA,98,2025-02-26,,,,,,,,,,,,,,,,,,,,,
200,00967707357,0096770735710,76770735702,,EA,0,2025-02-28,,,,,,,,,,,,,,,,,,,,,
200,00967707343,00967707343220,76770734301,,EA,0,2025-02-18,,,,,,,,,,,,,,,,,,,,,
200,00967707343,00967707343240,76770734302,,EA,0,2025-02-18,,,,,,,,,,,,,,,,,,,,,
200,00967707343,00967707343250,76770734303,,EA,0,2025-02-18,,,,,,,,,,,,,,,,,,,,,
200,00967707343,00967707343260,76770734304,,EA,0,2025-02-18,,,,,,,,,,,,,,,,,,,,,
200,00967707330,0096770733010,76770733001,,IN,0,2024-12-11,,,,,,,,,,,,,,,,,,,,,
200,00967707315,0096770731550,76770731502,,IN,0,2024-12-13,,,,,,,,,,,,,,,,,,,,,
200,00967707315,00967707315100,76770731503,,IN,230,2024-12-16,,,,,,,,,,,,,,,,,,,,,
200,00967707315,00967707315100,76770731501,,IN,0,2024-12-13,,,,,,,,,,,,,,,,,,,,,
200,00967707305,0096770730530,76770730501,,EA,0,2024-12-26,,,,,,,,,,,,,,,,,,,,,
200,00967707305,00967707305160,76770730502,,EA,0,2025-01-30,,,,,,,,,,,,,,,,,,,,,
200,00967707304,0096770730410,76770730401,,EA,0,2025-02-21,,,,,,,,,,,,,,,,,,,,,
200,00967707304,0096770730410,76770730402,,EA,196,2025-02-17,,,,,,,,,,,,,,,,,,,,,
200,00967707302,0096770730210,76770730201,,EA,11,2024-12-12,,,,,,,,,,,,,,,,,,,,,
200,00967707302,0096770730210,76770730202,,EA,-2,2024-12-12,,,,,,,,,,,,,,,,,,,,,
200,00967707302,0096770730210,76770730203,,EA,0,2024-12-12,,,,,,,,,,,,,,,,,,,,,
200,00967707213,0096770721320,76770721301,,EA,0,2025-01-16,,,,,,,,,,,,,,,,,,,,,
200,00967707200,0096770720020,76770720001,,EA,0,2024-11-22,,,,,,,,,,,,,,,,,,,,,
200,00967707184,00967707184510,76770718401,,EA,0,2025-01-28,,,,,,,,,,,,,,,,,,,,,
200,00967707182,0096770718210,76770718201,,IN,0,2024-11-26,,,,,,,,,,,,,,,,,,,,,
200,00967707182,0096770718220,76770718202,,EA,0,2024-12-02,,,,,,,,,,,,,,,,,,,,,
200,00967707182,0096770718230,76770718203,,IN,0,2024-12-17,,,,,,,,,,,,,,,,,,,,,
200,00967707182,0096770718240,76770718204,,IN,0,2024-12-17,,,,,,,,,,,,,,,,,,,,,
200,00967707182,0096770718250,76770718205,,IN,0,2024-12-17,,,,,,,,,,,,,,,,,,,,,
200,00967707182,0096770718260,76770718206,,IN,0,2024-12-17,,,,,,,,,,,,,,,,,,,,,
200,00967707182,0096770718270,76770718207,,IN,0,2024-11-26,,,,,,,,,,,,,,,,,,,,,
200,00967707182,0096770718280,76770718208,,IN,0,2024-12-04,,,,,,,,,,,,,,,,,,,,,
200,00967707182,0096770718290,76770718209,,IN,0,2024-12-05,,,,,,,,,,,,,,,,,,,,,
200,00967707182,00967707182100,767707182010,,IN,0,2024-11-26,,,,,,,,,,,,,,,,,,,,,
200,00967707182,00967707182110,767707182011,,IN,0,2024-11-27,,,,,,,,,,,,,,,,,,,,,
200,00967707182,00967707182120,767707182012,,IN,0,2024-11-28,,,,,,,,,,,,,,,,,,,,,
200,00967707172,0096770717210,76770717201,,EA,0,2024-11-30,,,,,,,,,,,,,,,,,,,,,
200,00967707165,0096770716510,76770716501,,EA,0,2024-11-18,,,,,,,,,,,,,,,,,,,,,
200,00967707149,0096770714940,76770714901,,IN,258,2024-11-20,,,,,,,,,,,,,,,,,,,,,
200,00967707149,0096770714940,76770714902,,IN,0,2024-11-22,,,,,,,,,,,,,,,,,,,,,
200,00967707112,0096770711220,76770711201,,EA,0,2024-12-06,,,,,,,,,,,,,,,,,,,,,
200,00967707056,0096770705610,76770705601,,EA,0,2024-12-12,,,,,,,,,,,,,,,,,,,,,
200,00967707049,0096770704930,76770704901,,EA,0,2024-11-18,,,,,,,,,,,,,,,,,,,,,
200,00967707040,0096770704090,76770704001,,EA,0,2024-11-15,,,,,,,,,,,,,,,,,,,,,
200,00967707006,0096770700610,76770700601,,EA,0,2024-11-01,,,,,,,,,,,,,,,,,,,,,
200,00967706991,00967706991110,76770699101,,IN,208,2025-07-18,,,,,,,,,,,,,,,,,,,,,
200,00967706991,00967706991110,76770699102,,IN,0,2025-07-17,,,,,,,,,,,,,,,,,,,,,
200,00967706979,0096770697930,76770697901,,EA,0,2025-07-16,,,,,,,,,,,,,,,,,,,,,
200,00967706974,0096770697440,76770697401,,EA,0,2024-11-01,,,,,,,,,,,,,,,,,,,,,
200,00967706971,0096770697110,76770697101,,EA,0,2024-11-01,,,,,,,,,,,,,,,,,,,,,
200,00967706971,0096770697120,76770697102,,EA,0,2024-11-01,,,,,,,,,,,,,,,,,,,,,
200,00967706971,0096770697130,76770697103,,EA,0,2024-11-01,,,,,,,,,,,,,,,,,,,,,
200,00967706971,0096770697140,76770697104,,EA,0,2024-11-01,,,,,,,,,,,,,,,,,,,,,
200,00967706971,0096770697150,76770697105,,EA,0,2024-11-01,,,,,,,,,,,,,,,,,,,,,
200,00967706971,0096770697160,76770697106,,EA,0,2024-11-01,,,,,,,,,,,,,,,,,,,,,
200,00967706971,0096770697170,76770697107,,EA,0,2024-11-01,,,,,,,,,,,,,,,,,,,,,
200,00967706971,0096770697180,76770697108,,EA,0,2024-11-01,,,,,,,,,,,,,,,,,,,,,
200,00967706971,0096770697190,76770697109,,EA,0,2024-11-01,,,,,,,,,,,,,,,,,,,,,
200,00967706971,00967706971100,767706971010,,EA,0,2024-11-01,,,,,,,,,,,,,,,,,,,,,
200,00967706971,00967706971110,767706971011,,EA,0,2024-11-01,,,,,,,,,,,,,,,,,,,,,
200,00967706971,00967706971120,767706971012,,EA,0,2024-11-01,,,,,,,,,,,,,,,,,,,,,
200,00967706971,00967706971130,767706971013,,EA,0,2024-11-01,,,,,,,,,,,,,,,,,,,,,
200,00967706964,0096770696410,76770696401,,EA,-2,2024-10-30,,,,,,,,,,,,,,,,,,,,,
200,00967706964,0096770696410,76770696402,,EA,0,2024-10-30,,,,,,,,,,,,,,,,,,,,,
200,00967706964,0096770696410,76770696403,,EA,2,2024-10-30,,,,,,,,,,,,,,,,,,,,,
200,00967706943,0096770694370,76770694301,,EA,0,2024-11-21,,,,,,,,,,,,,,,,,,,,,
200,00967706941,0096770694110,76770694101,,EA,0,2024-12-04,,,,,,,,,,,,,,,,,,,,,
200,00967706908,0096770690870,76770690801,,EA,0,2024-11-21,,,,,,,,,,,,,,,,,,,,,
200,00967706891,0096770689110,76770689101,,EA,94,2024-10-22,,,,,,,,,,,,,,,,,,,,,
200,00967706891,0096770689110,76770689102,,EA,0,2024-10-25,,,,,,,,,,,,,,,,,,,,,
200,00967706877,0096770687710,76770687701,,EA,0,2024-10-22,,,,,,,,,,,,,,,,,,,,,
200,00967706864,0096770686410,76770686401,,EA,0,2024-11-22,,,,,,,,,,,,,,,,,,,,,
200,00967706824,0096770682410,76770682401,,EA,0,2024-10-24,,,,,,,,,,,,,,,,,,,,,
200,00967706806,0096770680630,76770680601,,EA,0,2024-11-07,,,,,,,,,,,,,,,,,,,,,
200,00967706756,0096770675610,76770675601,,EA,96,2024-12-23,,,,,,,,,,,,,,,,,,,,,
200,00967706756,0096770675610,76770675602,,EA,0,2024-12-26,,,,,,,,,,,,,,,,,,,,,
200,00967706752,0096770675210,76770675201,,EA,0,2024-10-11,,,,,,,,,,,,,,,,,,,,,
200,00967706745,0096770674520,76770674501,,EA,0,2024-10-23,,,,,,,,,,,,,,,,,,,,,
200,00967706730,0096770673020,76770673001,,EA,0,2024-11-14,,,,,,,,,,,,,,,,,,,,,
200,00967706713,0096770671310,76770671301,,IN,7200,2024-10-04,,,,,,,,,,,,,,,,,,,,,
200,00967706713,0096770671310,76770671303,,IN,-5616,2024-10-07,,,,,,,,,,,,,,,,,,,,,
200,00967706713,0096770671310,76770671304,,IN,0,2024-10-04,,,,,,,,,,,,,,,,,,,,,
200,00967706713,0096770671320,76770671302,,IN,0,2024-10-10,,,,,,,,,,,,,,,,,,,,,
200,00967706694,0096770669420,76770669401,,EA,0,2025-01-14,,,,,,,,,,,,,,,,,,,,,
200,00967706694,0096770669430,76770669402,,EA,0,2025-01-14,,,,,,,,,,,,,,,,,,,,,
200,00967706691,0096770669140,76770669101,,EA,0,2024-10-05,,,,,,,,,,,,,,,,,,,,,
200,00967706672,00967706672140,76770667201,,EA,0,2024-12-03,,,,,,,,,,,,,,,,,,,,,
200,00967706638,0096770663810,76770663801,,EA,0,2024-10-17,,,,,,,,,,,,,,,,,,,,,
200,00967706615,0096770661510,76770661501,,EA,86,2024-09-27,,,,,,,,,,,,,,,,,,,,,
200,00967706615,0096770661510,76770661502,,EA,0,2024-10-11,,,,,,,,,,,,,,,,,,,,,
200,00967706609,0096770660920,76770660901,,EA,0,2024-10-10,,,,,,,,,,,,,,,,,,,,,
200,00967706571,0096770657110,76770657101,,EA,0,2024-09-23,,,,,,,,,,,,,,,,,,,,,
200,00967706559,0096770655920,76770655901,,EA,0,2024-10-16,,,,,,,,,,,,,,,,,,,,,
200,00967706539,0096770653910,76770653901,,EA,0,2024-10-04,,,,,,,,,,,,,,,,,,,,,
200,00967706532,0096770653210,76770653201,,EA,0,2024-09-17,,,,,,,,,,,,,,,,,,,,,
200,00967706532,0096770653220,76770653202,,EA,0,2024-09-17,,,,,,,,,,,,,,,,,,,,,
200,00967706493,0096770649310,76770649301,,EA,1,2024-09-20,,,,,,,,,,,,,,,,,,,,,
200,00967706493,0096770649310,76770649302,,EA,1,2024-09-20,,,,,,,,,,,,,,,,,,,,,
200,00967706493,0096770649310,76770649303,,EA,1,2024-09-20,,,,,,,,,,,,,,,,,,,,,
200,00967706493,0096770649310,76770649304,,EA,-1,2024-10-03,,,,,,,,,,,,,,,,,,,,,
200,00967706493,0096770649310,76770649305,,EA,0,2024-09-20,,,,,,,,,,,,,,,,,,,,,
200,00967706374,0096770637410,76770637401,,EA,0,2024-09-26,,,,,,,,,,,,,,,,,,,,,
200,00967706342,0096770634240,76770634206,,IN,0,2024-09-04,,,,,,,,,,,,,,,,,,,,,
200,00967706342,0096770634240,76770634201,,IN,556,2024-09-05,,,,,,,,,,,,,,,,,,,,,
200,00967706342,0096770634250,76770634202,,IN,270,2024-09-05,,,,,,,,,,,,,,,,,,,,,
200,00967706342,0096770634250,76770634205,,IN,0,2024-09-04,,,,,,,,,,,,,,,,,,,,,
200,00967706342,0096770634260,76770634203,,IN,273,2024-09-05,,,,,,,,,,,,,,,,,,,,,
200,00967706342,0096770634260,76770634204,,IN,0,2024-09-04,,,,,,,,,,,,,,,,,,,,,
200,00967706306,0096770630610,76770630601,,EA,0,2024-09-12,,,,,,,,,,,,,,,,,,,,,
200,00967706280,0096770628010,76770628001,,EA,0,2025-07-17,,,,,,,,,,,,,,,,,,,,,
200,00967705809,0096770580940,76770580901,,EA,0,2025-09-18,,,,,,,,,,,,,,,,,,,,,
200,00967705809,0096770580960,76770580902,,EA,0,2025-10-02,,,,,,,,,,,,,,,,,,,,,
200,00967704511,0096770451110,76770451101,,EA,0,2025-07-30,,,,,,,,,,,,,,,,,,,,,
200,00967704469,0096770446910,76770446901,,EA,0,2025-11-21,,,,,,,,,,,,,,,,,,,,,
200,00967704448,0096770444820,76770444801,,EA,0,2025-07-11,,,,,,,,,,,,,,,,,,,,,
200,00967703547,0096770354710,76770354701,,EA,0,2026-09-03,,,,,,,,,,,,,,,,,,,,,
200,00967703482,0096770348210,76770348201,,EA,1,2026-04-17,,,,,,,,,,,,,,,,,,,,,
200,00967703482,0096770348210,76770348202,,EA,24,2026-05-08,,,,,,,,,,,,,,,,,,,,,
200,00967703482,0096770348210,76770348203,,EA,-1,2026-05-08,,,,,,,,,,,,,,,,,,,,,
200,00967703482,0096770348210,76770348204,,EA,1,2026-05-08,,,,,,,,,,,,,,,,,,,,,
200,00967703482,0096770348210,76770348205,,EA,0,2026-05-20,,,,,,,,,,,,,,,,,,,,,
200,00967702995,0096770299510,76770299501,,EA,0,2025-08-25,,,,,,,,,,,,,,,,,,,,,
200,00967702995,0096770299530,76770299502,,EA,0,2025-08-25,,,,,,,,,,,,,,,,,,,,,
200,00967702995,0096770299550,76770299503,,EA,0,2025-08-25,,,,,,,,,,,,,,,,,,,,,
200,00967702995,0096770299560,76770299504,,EA,0,2025-08-25,,,,,,,,,,,,,,,,,,,,,
200,00967702995,0096770299570,76770299505,,EA,0,2025-08-25,,,,,,,,,,,,,,,,,,,,,
200,00967702995,0096770299580,76770299506,,EA,0,2025-08-25,,,,,,,,,,,,,,,,,,,,,
200,00967702543,0096770254370,76770254301,,EA,0,2025-12-02,,,,,,,,,,,,,,,,,,,,,
200,00967702543,00967702543270,76770254302,,EA,0,2025-12-02,,,,,,,,,,,,,,,,,,,,,
200,00967702543,00967702543300,76770254303,,EA,0,2025-12-02,,,,,,,,,,,,,,,,,,,,,
200,00967702543,00967702543340,76770254304,,EA,0,2025-12-02,,,,,,,,,,,,,,,,,,,,,
200,00967702503,0096770250310,76770250301,,EA,0,2025-11-10,,,,,,,,,,,,,,,,,,,,,
200,00967702237,0096770223740,76770223701,,EA,0,2025-09-19,,,,,,,,,,,,,,,,,,,,,
200,00967702071,0096770207120,76770207101,,EA,0,2025-08-22,,,,,,,,,,,,,,,,,,,,,
200,00967701914,0096770191420,76770191401,,EA,0,2025-07-02,,,,,,,,,,,,,,,,,,,,,
200,00967701798,00967701798100,76770179801,,EA,0,2025-07-31,,,,,,,,,,,,,,,,,,,,,
200,00967701511,0096770151110,76770151101,,EA,0,2025-07-17,,,,,,,,,,,,,,,,,,,,,
200,00967701448,0096770144810,76770144801,,EA,0,2025-07-03,,,,,,,,,,,,,,,,,,,,,
200,00967700870,0096770087010,76770087005,,EA,0,2026-04-21,,,,,,,,,,,,,,,,,,,,,
200,00967700870,0096770087010,76770087001,,EA,144,2026-04-23,,,,,,,,,,,,,,,,,,,,,
200,00967700870,0096770087070,76770087002,,IN,294,2026-04-23,,,,,,,,,,,,,,,,,,,,,
200,00967700870,0096770087070,76770087007,,IN,0,2026-04-21,,,,,,,,,,,,,,,,,,,,,
200,00967700870,0096770087080,76770087006,,IN,0,2026-04-21,,,,,,,,,,,,,,,,,,,,,
200,00967700870,0096770087080,76770087009,,IN,-2,2026-04-23,,,,,,,,,,,,,,,,,,,,,
200,00967700870,0096770087080,76770087003,,IN,294,2026-04-23,,,,,,,,,,,,,,,,,,,,,
200,00967700870,0096770087090,76770087004,,IN,262,2026-04-23,,,,,,,,,,,,,,,,,,,,,
200,00967700870,0096770087090,76770087008,,IN,0,2026-04-21,,,,,,,,,,,,,,,,,,,,,
200,00967700848,0096770084820,76770084801,,EA,0,2025-10-02,,,,,,,,,,,,,,,,,,,,,
200,00967700554,0096770055430,76770055401,,EA,0,2025-08-21,,,,,,,,,,,,,,,,,,,,,
200,00967699905,0096769990570,76769990501,,IN,0,2025-08-20,,,,,,,,,,,,,,,,,,,,,
200,00967699553,0096769955310,76769955301,,EA,0,2025-08-08,,,,,,,,,,,,,,,,,,,,,
200,00967699553,0096769955310,76769955302,,EA,199,2025-07-31,,,,,,,,,,,,,,,,,,,,,
200,00967699300,0096769930010,76769930001,,EA,0,2025-06-30,,,,,,,,,,,,,,,,,,,,,
200,00967699264,00967699264130,76769926401,,EA,0,2025-09-22,,,,,,,,,,,,,,,,,,,,,
200,00967699197,00967699197140,76769919701,,EA,0,2025-07-10,,,,,,,,,,,,,,,,,,,,,
200,00967699197,00967699197150,76769919702,,EA,0,2025-07-10,,,,,,,,,,,,,,,,,,,,,
200,00967698968,0096769896830,76769896801,,EA,0,2025-09-22,,,,,,,,,,,,,,,,,,,,,
200,00967698866,0096769886640,76769886601,,EA,0,2025-08-14,,,,,,,,,,,,,,,,,,,,,
200,00967698390,0096769839020,76769839001,,EA,0,2025-06-13,,,,,,,,,,,,,,,,,,,,,
200,00967698390,0096769839030,76769839002,,EA,0,2025-06-13,,,,,,,,,,,,,,,,,,,,,
200,00967698002,0096769800260,76769800201,,EA,0,2025-07-03,,,,,,,,,,,,,,,,,,,,,
200,00967697727,0096769772730,76769772701,,EA,0,2025-06-13,,,,,,,,,,,,,,,,,,,,,
200,00967696095,0096769609510,76769609501,,EA,0,2025-12-31,,,,,,,,,,,,,,,,,,,,,
200,00967696095,0096769609520,76769609502,,EA,0,2025-12-31,,,,,,,,,,,,,,,,,,,,,
200,00967694165,00967694165170,76769416501,,EA,50,2025-06-05,,,,,,,,,,,,,,,,,,,,,
200,00967694165,00967694165170,76769416502,,EA,-7,2025-06-06,,,,,,,,,,,,,,,,,,,,,
200,00967694165,00967694165170,76769416503,,EA,0,2025-06-27,,,,,,,,,,,,,,,,,,,,,
200,00967694139,0096769413920,76769413901,,IN,0,2025-06-17,,,,,,,,,,,,,,,,,,,,,
200,00967690613,0096769061330,76769061301,,EA,0,2025-07-17,,,,,,,,,,,,,,,,,,,,,
200,008861130338,00886113033810,91061130338102,,EA,3,2025-06-03,,,,,,,,,,,,,,,,,,,,,
200,008861124331,00886112433190,91061124331902,01,EA,12,2023-10-27,,,,,,,,,,,,,,,,,,,,,
200,008861124331,008861124331170,910611243311702,02,EA,25,2023-10-27,,,,,,,,,,,,,,,,,,,,,
200,008861124331,008861124331170,910611243311703,05,EA,25,2023-10-27,,,,,,,,,,,,,,,,,,,,,
200,00882100001827,0088210000182710,9102100001827101,0327718,EA,3,2026-03-12,,,,,,,,,,,,,,,,,,,,,
200,00882100001826,0088210000182610,9102100001826101,0327716,EA,4,2026-03-11,,,,,,,,,,,,,,,,,,,,,
200,00881100000146,0088110000014610,9101100000146101,0320549,EA,10,2026-01-19,,,,,,,,,,,,,,,,,,,,,
200,00881100000145,0088110000014510,9101100000145101,0320549,EA,10,2026-01-19,,,,,,,,,,,,,,,,,,,,,
200,00881100000144,0088110000014410,9101100000144101,0320002,EA,10,2025-12-30,,,,,,,,,,,,,,,,,,,,,
200,00881100000143,0088110000014310,9101100000143101,0320001,EA,10,2025-12-30,,,,,,,,,,,,,,,,,,,,,
200,00881100000141,0088110000014110,9101100000141101,0320001,EA,10,2025-12-30,,,,,,,,,,,,,,,,,,,,,
200,00881100000140,0088110000014010,9101100000140101,0320549,EA,10,2025-12-29,,,,,,,,,,,,,,,,,,,,,
200,00881100000139,0088110000013910,9101100000139101,0320548,EA,10,2025-12-29,,,,,,,,,,,,,,,,,,,,,
200,00881100000138,0088110000013810,9101100000138101,0320548,EA,10,2025-12-29,,,,,,,,,,,,,,,,,,,,,
200,00881100000137,0088110000013710,9101100000137101,0320549,EA,10,2025-12-29,,,,,,,,,,,,,,,,,,,,,
200,00881100000136,0088110000013610,9101100000136101,123,EA,1,2025-12-29,,,,,,,,,,,,,,,,,,,,,
200,00881100000136,0088110000013610,9101100000136102,ABC,EA,1,2025-12-29,,,,,,,,,,,,,,,,,,,,,
200,00881100000135,0088110000013510,9101100000135101,0320549,EA,10,2025-12-29,,,,,,,,,,,,,,,,,,,,,
200,00881100000134,0088110000013410,9101100000134101,0320549,EA,10,2025-12-29,,,,,,,,,,,,,,,,,,,,,
200,00881100000133,0088110000013310,9101100000133101,0320549,EA,10,2025-12-29,,,,,,,,,,,,,,,,,,,,,
200,00881100000129,0088110000012910,9101100000129101,08262025ADN,EA,10,2025-09-04,,,,,,,,,,,,,,,,,,,,,
200,00881100000126,0088110000012610,9101100000126101,08252025DNA,EA,10,2025-09-03,,,,,,,,,,,,,,,,,,,,,
200,00881100000125,0088110000012510,9101100000125101,1100000125A,EA,10,2025-08-25,,,,,,,,,,,,,,,,,,,,,
200,00881100000124,0088110000012410,9101100000124101,1100081425,EA,10,2025-08-21,,,,,,,,,,,,,,,,,,,,,
200,00881100000123,0088110000012310,9101100000123101,1100000123,EA,1,2025-08-20,,,,,,,,,,,,,,,,,,,,,
200,00881100000123,0088110000012310,9101100000123102,1100000123,EA,1,2025-08-20,,,,,,,,,,,,,,,,,,,,,
200,00881100000123,0088110000012310,9101100000123103,1100000123,EA,1,2025-08-20,,,,,,,,,,,,,,,,,,,,,
200,00881100000123,0088110000012310,9101100000123104,PPS300E_AddFields,EA,1,2025-08-20,,,,,,,,,,,,,,,,,,,,,
200,00881100000123,0088110000012310,9101100000123105,1100000123,EA,1,2025-08-20,,,,,,,,,,,,,,,,,,,,,
200,00881100000123,0088110000012310,9101100000123106,TEXT,EA,1,2025-08-20,,,,,,,,,,,,,,,,,,,,,
200,00881100000123,0088110000012310,9101100000123107,,EA,1,2025-08-20,,,,,,,,,,,,,,,,,,,,,
200,00881100000123,0088110000012310,9101100000123108,,EA,1,2025-08-20,,,,,,,,,,,,,,,,,,,,,
200,00881100000123,0088110000012310,9101100000123109,TEXT1,EA,1,2025-08-20,,,,,,,,,,,,,,,,,,,,,
200,00881100000123,0088110000012310,91011000001231010,1100000123,EA,1,2025-08-20,,,,,,,,,,,,,,,,,,,,,
200,00881100000122,0088110000012210,9101100000122101,0320549,EA,10,2025-08-20,,,,,,,,,,,,,,,,,,,,,
200,00881100000120,0088110000012010,9101100000120101,,EA,6000,2025-11-26,,,,,,,,,,,,,,,,,,,,,
200,00881100000116,0088110000011610,9101100000116101,,EA,418,2025-11-26,,,,,,,,,,,,,,,,,,,,,
200,00881100000113,0088110000011320,9101100000113201,,EA,225,2026-05-18,,,,,,,,,,,,,,,,,,,,,
200,00881100000110,0088110000011010,9101100000110103,,EA,500,2025-08-05,,,,,,,,,,,,,,,,,,,,,
200,00881100000109,0088110000010910,9101100000109101,,EA,2,2025-07-30,,,,,,,,,,,,,,,,,,,,,
200,00881100000107,0088110000010710,9101100000107101,WAR0718,EA,3,2025-07-24,,,,,,,,,,,,,,,,,,,,,
200,00881100000107,0088110000010720,9101100000107201,WAR0718,EA,1,2025-07-24,,,,,,,,,,,,,,,,,,,,,
200,00881100000107,0088110000010730,9101100000107301,WAR0718,EA,1,2025-07-24,,,,,,,,,,,,,,,,,,,,,
200,00881100000107,0088110000010740,9101100000107401,WAR0718,EA,4,2025-07-24,,,,,,,,,,,,,,,,,,,,,
200,00881100000106,0088110000010620,9101100000106203,WR072125,EA,500,2025-07-22,,,,,,,,,,,,,,,,,,,,,
200,00881100000105,0088110000010510,9101100000105101,WR072125,EA,640,2025-07-18,,,,,,,,,,,,,,,,,,,,,
200,00881100000104,0088110000010410,9101100000104103,WR072125,EA,50,2025-07-22,,,,,,,,,,,,,,,,,,,,,
200,00881100000102,0088110000010210,9101100000102102,WR072125,EA,150,2025-07-21,,,,,,,,,,,,,,,,,,,,,
200,00881100000101,0088110000010110,9101100000101101,WR072125,EA,417,2026-05-07,,,,,,,,,,,,,,,,,,,,,
200,00881100000100,0088110000010010,9101100000100101,WR072125,EA,503,2026-03-26,,,,,,,,,,,,,,,,,,,,,
200,00881100000098,0088110000009810,9101100000098101,KAL,EA,4,2025-07-23,,,,,,,,,,,,,,,,,,,,,
200,00881100000098,0088110000009820,9101100000098201,KAL,EA,3,2025-07-23,,,,,,,,,,,,,,,,,,,,,
200,00881100000098,0088110000009830,9101100000098301,KAL,EA,6,2025-07-23,,,,,,,,,,,,,,,,,,,,,
200,00881100000075,0088110000007520,9101100000075201,00,EA,145,2025-08-18,,,,,,,,,,,,,,,,,,,,,
200,00881100000075,0088110000007550,9101100000075501,1515A1,EA,100,2025-08-27,,,,,,,,,,,,,,,,,,,,,
200,00881100000075,0088110000007550,9101100000075502,00,EA,104,2025-08-27,,,,,,,,,,,,,,,,,,,,,
200,00881100000064,0088110000006410,9101100000064101,MB,EA,9,2025-11-20,,,,,,,,,,,,,,,,,,,,,
200,00881100000045,0088110000004510,9101100000045101,1100000045DN,EA,12500,2026-02-03,,,,,,,,,,,,,,,,,,,,,
200,00881100000043,0088110000004310,9101100000043101,WR072125,EA,87,2025-11-03,,,,,,,,,,,,,,,,,,,,,
200,00881100000043,0088110000004320,9101100000043201,WR072125,EA,1000,2025-11-03,,,,,,,,,,,,,,,,,,,,,
200,00881100000043,0088110000004330,9101100000043301,WR072125,EA,50,2025-11-06,,,,,,,,,,,,,,,,,,,,,
200,00881100000043,0088110000004340,9101100000043401,WAR82825,EA,50,2025-11-10,,,,,,,,,,,,,,,,,,,,,
200,00881100000043,0088110000004350,9101100000043501,202582220220211,EA,50,2025-11-10,,,,,,,,,,,,,,,,,,,,,
200,00881100000043,0088110000004360,9101100000043601,185001,EA,50,2025-11-10,,,,,,,,,,,,,,,,,,,,,
200,00881100000043,0088110000004370,9101100000043701,WAR082825,EA,50,2025-11-10,,,,,,,,,,,,,,,,,,,,,
200,00881100000042,0088110000004210,9101100000042101,1408D2,EA,38,2026-03-09,,,,,,,,,,,,,,,,,,,,,
200,00881100000041,0088110000004110,9101100000041101,WR072125,EA,50,2025-10-27,,,,,,,,,,,,,,,,,,,,,
200,00881100000041,0088110000004120,9101100000041201,WR072125,EA,50,2025-10-27,,,,,,,,,,,,,,,,,,,,,
200,00881100000041,0088110000004130,9101100000041301,WR072125,EA,1,2025-10-27,,,,,,,,,,,,,,,,,,,,,
200,00881100000041,0088110000004140,9101100000041401,WR072125,EA,45,2025-10-27,,,,,,,,,,,,,,,,,,,,,
200,00881100000041,0088110000004150,9101100000041501,WR072125,EA,25,2025-10-27,,,,,,,,,,,,,,,,,,,,,
200,00881100000041,0088110000004160,9101100000041601,WR072125,EA,10,2025-10-27,,,,,,,,,,,,,,,,,,,,,
200,00881100000041,0088110000004170,9101100000041701,WR072125,EA,250,2025-10-27,,,,,,,,,,,,,,,,,,,,,
200,00881100000041,0088110000004180,9101100000041801,WR072125,EA,21,2025-10-27,,,,,,,,,,,,,,,,,,,,,
200,00881100000041,0088110000004190,9101100000041901,WR072125,EA,100,2025-10-27,,,,,,,,,,,,,,,,,,,,,
200,00881100000041,00881100000041100,91011000000411001,WR072125,EA,10,2025-10-27,,,,,,,,,,,,,,,,,,,,,
200,00881100000041,00881100000041110,91011000000411101,WR072125,EA,64,2025-10-31,,,,,,,,,,,,,,,,,,,,,
200,00881100000039,0088110000003910,9101100000039101,WR072125,EA,50,2026-05-29,,,,,,,,,,,,,,,,,,,,,
200,00881100000038,0088110000003880,9101100000038801,02,EA,25,2025-11-11,,,,,,,,,,,,,,,,,,,,,
200,00881100000038,0088110000003880,9101100000038802,03,EA,25,2025-11-11,,,,,,,,,,,,,,,,,,,,,
200,00881100000038,0088110000003880,9101100000038803,00,EA,25,2025-11-11,,,,,,,,,,,,,,,,,,,,,
200,00881100000038,0088110000003880,9101100000038804,02,EA,25,2025-11-11,,,,,,,,,,,,,,,,,,,,,
200,00881100000038,00881100000038200,91011000000382001,00,EA,50,2025-11-19,,,,,,,,,,,,,,,,,,,,,
200,00881100000038,00881100000038200,91011000000382002,00,EA,50,2025-11-19,,,,,,,,,,,,,,,,,,,,,
200,00881100000037,0088110000003710,9101100000037101,001,EA,50,2025-11-11,,,,,,,,,,,,,,,,,,,,,
200,00881100000036,0088110000003610,9101100000036101,WR072125,EA,50,2025-11-11,,,,,,,,,,,,,,,,,,,,,
200,00881100000036,0088110000003620,9101100000036201,WR072125,EA,50,2025-11-11,,,,,,,,,,,,,,,,,,,,,
200,00881100000035,0088110000003510,9101100000035101,WR072125,EA,1,2025-07-18,,,,,,,,,,,,,,,,,,,,,
200,00881100000034,0088110000003410,9101100000034101,WR072125,EA,40,2025-10-09,,,,,,,,,,,,,,,,,,,,,
200,00881100000034,0088110000003420,9101100000034201,WR072125,EA,7,2025-10-09,,,,,,,,,,,,,,,,,,,,,
200,00881100000034,0088110000003430,9101100000034301,WR072125,EA,67,2025-10-13,,,,,,,,,,,,,,,,,,,,,
200,00881100000034,0088110000003440,9101100000034401,WR072125,EA,75,2025-10-13,,,,,,,,,,,,,,,,,,,,,
200,00881100000034,0088110000003450,9101100000034501,WR072125,EA,98,2025-10-21,,,,,,,,,,,,,,,,,,,,,
200,00881100000034,0088110000003460,9101100000034601,WR072125,EA,21,2025-10-27,,,,,,,,,,,,,,,,,,,,,
200,00881100000033,0088110000003310,9101100000033101,WR0717,EA,4,2025-09-08,,,,,,,,,,,,,,,,,,,,,
200,00881100000033,0088110000003320,9101100000033201,WR0717,EA,1,2025-09-08,,,,,,,,,,,,,,,,,,,,,
200,00881100000033,0088110000003330,9101100000033301,WR0717,EA,3,2025-09-08,,,,,,,,,,,,,,,,,,,,,
200,00881100000033,0088110000003340,9101100000033401,WR0717,EA,50,2025-09-08,,,,,,,,,,,,,,,,,,,,,
200,00881100000033,0088110000003350,9101100000033501,WR0717,EA,45,2025-09-08,,,,,,,,,,,,,,,,,,,,,
200,00881100000033,0088110000003360,9101100000033601,WR0717,EA,15,2025-09-08,,,,,,,,,,,,,,,,,,,,,
200,00881100000032,0088110000003210,9101100000032101,WR0717,EA,15,2025-10-21,,,,,,,,,,,,,,,,,,,,,
200,00881100000031,0088110000003110,9101100000031101,WR0717,EA,15,2025-10-14,,,,,,,,,,,,,,,,,,,,,
200,00881100000031,0088110000003120,9101100000031201,WR0717,EA,6,2025-10-27,,,,,,,,,,,,,,,,,,,,,
200,00881100000030,0088110000003010,9101100000030101,WR0717,EA,60,2025-09-08,,,,,,,,,,,,,,,,,,,,,
200,00881100000030,0088110000003020,9101100000030201,WR0717,EA,2,2025-09-08,,,,,,,,,,,,,,,,,,,,,
200,00881100000030,0088110000003030,9101100000030301,WR0717,EA,50,2025-09-08,,,,,,,,,,,,,,,,,,,,,
200,00881100000030,0088110000003040,9101100000030401,WR0717,EA,5,2025-09-08,,,,,,,,,,,,,,,,,,,,,
200,00881100000030,0088110000003050,9101100000030501,WR0717,EA,3,2025-09-08,,,,,,,,,,,,,,,,,,,,,
200,00881100000029,0088110000002910,9101100000029101,WR0717,EA,8,2025-07-14,,,,,,,,,,,,,,,,,,,,,
200,00881100000029,0088110000002920,9101100000029201,WR0717,EA,50,2025-07-14,,,,,,,,,,,,,,,,,,,,,
200,00881100000028,0088110000002810,9101100000028101,WR0716,EA,150,2026-01-05,,,,,,,,,,,,,,,,,,,,,
200,00881100000028,0088110000002820,9101100000028201,WR0716,EA,1125,2026-01-12,,,,,,,,,,,,,,,,,,,,,
200,00881100000028,0088110000002830,9101100000028301,WR0716,EA,1125,2026-01-20,,,,,,,,,,,,,,,,,,,,,
200,00881100000028,0088110000002840,9101100000028401,WR0716,EA,1125,2026-01-23,,,,,,,,,,,,,,,,,,,,,
200,00881100000027,0088110000002710,9101100000027101,1105A1,EA,1,2025-11-24,,,,,,,,,,,,,,,,,,,,,
200,00881100000027,0088110000002720,9101100000027201,1301B2,EA,8,2025-11-25,,,,,,,,,,,,,,,,,,,,,
200,00881100000026,0088110000002610,9101100000026101,WR0716,EA,807,2025-12-18,,,,,,,,,,,,,,,,,,,,,
200,00881100000025,0088110000002511,9101100000025111,3501A1,EA,30,2025-10-31,,,,,,,,,,,,,,,,,,,,,
200,00881100000023,0088110000002310,9101100000023101,0320549,EA,10,2025-12-26,,,,,,,,,,,,,,,,,,,,,
200,00881100000021,0088110000002110,9101100000021101,0324036,EA,10,2025-12-02,,,,,,,,,,,,,,,,,,,,,
200,00881100000020,0088110000002010,9101100000020101,0324036,EA,10,2025-12-01,,,,,,,,,,,,,,,,,,,,,
200,00881100000008,0088110000000810,9101100000008101,WAR102325,EA,300,2026-01-02,,,,,,,,,,,,,,,,,,,,,
200,00881100000006,0088110000000610,9101100000006101,WAR102325,EA,500,2026-01-29,,,,,,,,,,,,,,,,,,,,,
200,00881100000006,0088110000000620,9101100000006201,102325WAR,EA,500,2026-01-29,,,,,,,,,,,,,,,,,,,,,
