200,7806040,0096780604080,76780604001,,EA,25,2025-08-28,,,,,,,,,,,,,,,,,,,,,
200,7712296,0096771229610,76771229601,,EA,1,2026-09-15,,,,,,,,,,,,,,,,,,,,,
200,7712253,0096771225310,76771225301,,EA,18,2026-09-15,,,,,,,,,,,,,,,,,,,,,
200,7712253,0096771225320,76771225302,,EA,7,2026-09-15,,,,,,,,,,,,,,,,,,,,,
200,7712253,0096771225330,76771225303,,EA,16,2026-09-15,,,,,,,,,,,,,,,,,,,,,
200,7712253,0096771225340,76771225304,,EA,9,2026-09-15,,,,,,,,,,,,,,,,,,,,,
200,7712253,0096771225350,76771225305,,EA,10,2026-09-15,,,,,,,,,,,,,,,,,,,,,
200,7712253,0096771225360,76771225306,,EA,5,2026-09-15,,,,,,,,,,,,,,,,,,,,,
200,7712253,0096771225370,76771225307,,EA,12,2026-09-15,,,,,,,,,,,,,,,,,,,,,
200,7712253,0096771225380,76771225308,,EA,4,2026-09-15,,,,,,,,,,,,,,,,,,,,,
200,7712253,0096771225390,76771225309,,EA,6,2026-09-15,,,,,,,,,,,,,,,,,,,,,
200,7712253,00967712253100,767712253010,,EA,10,2026-09-15,,,,,,,,,,,,,,,,,,,,,
200,7712253,00967712253110,767712253011,,EA,16,2026-09-15,,,,,,,,,,,,,,,,,,,,,
200,7712251,0096771225110,76771225101,,EA,1,2026-09-15,,,,,,,,,,,,,,,,,,,,,
200,7712251,0096771225120,76771225102,,EA,2,2026-09-11,,,,,,,,,,,,,,,,,,,,,
200,7712248,0096771224810,76771224801,,EA,1,2026-09-11,,,,,,,,,,,,,,,,,,,,,
200,7712248,0096771224820,76771224802,,EA,1,2026-09-11,,,,,,,,,,,,,,,,,,,,,
200,7712248,0096771224830,76771224803,,EA,1,2026-09-11,,,,,,,,,,,,,,,,,,,,,
200,7712248,0096771224840,76771224804,,EA,1,2026-09-11,,,,,,,,,,,,,,,,,,,,,
200,7712247,0096771224710,76771224701,,EA,10,2026-09-15,,,,,,,,,,,,,,,,,,,,,
200,7712245,0096771224510,76771224501,,EA,75,2026-09-11,,,,,,,,,,,,,,,,,,,,,
200,7712245,0096771224520,76771224502,,EA,50,2026-09-11,,,,,,,,,,,,,,,,,,,,,
200,7712245,0096771224530,76771224503,,EA,100,2026-09-11,,,,,,,,,,,,,,,,,,,,,
200,7712245,0096771224540,76771224504,,EA,2,2026-09-11,,,,,,,,,,,,,,,,,,,,,
200,7712239,0096771223910,76771223901,,EA,2,2026-09-15,,,,,,,,,,,,,,,,,,,,,
200,7712239,0096771223920,76771223902,,EA,1,2026-09-15,,,,,,,,,,,,,,,,,,,,,
200,7712239,0096771223930,76771223903,,EA,1,2026-09-15,,,,,,,,,,,,,,,,,,,,,
200,7712239,0096771223940,76771223904,,EA,1,2026-09-15,,,,,,,,,,,,,,,,,,,,,
200,7712239,0096771223950,76771223905,,EA,1,2026-09-15,,,,,,,,,,,,,,,,,,,,,
200,7712238,0096771223810,76771223801,,EA,10,2026-09-15,,,,,,,,,,,,,,,,,,,,,
200,7712238,0096771223820,76771223802,,EA,2,2026-09-11,,,,,,,,,,,,,,,,,,,,,
200,7712238,0096771223830,76771223803,,EA,2,2026-09-15,,,,,,,,,,,,,,,,,,,,,
200,7712238,0096771223840,76771223804,,EA,10,2026-09-15,,,,,,,,,,,,,,,,,,,,,
200,7712237,0096771223710,76771223701,,EA,1,2026-09-11,,,,,,,,,,,,,,,,,,,,,
200,7712227,0096771222710,76771222701,,EA,5,2026-09-10,,,,,,,,,,,,,,,,,,,,,
200,7712227,0096771222720,76771222702,,EA,6,2026-09-10,,,,,,,,,,,,,,,,,,,,,
200,7712227,0096771222730,76771222703,,EA,9,2026-09-10,,,,,,,,,,,,,,,,,,,,,
200,7712225,0096771222510,76771222501,,EA,200,2026-09-11,,,,,,,,,,,,,,,,,,,,,
200,7712224,0096771222410,76771222401,,EA,25,2026-09-11,,,,,,,,,,,,,,,,,,,,,
200,7712224,0096771222420,76771222402,,EA,300,2026-09-11,,,,,,,,,,,,,,,,,,,,,
200,7712224,0096771222430,76771222403,,EA,100,2026-09-11,,,,,,,,,,,,,,,,,,,,,
200,7712224,0096771222440,76771222404,,EA,25,2026-09-11,,,,,,,,,,,,,,,,,,,,,
200,7712224,0096771222450,76771222405,,EA,100,2026-09-11,,,,,,,,,,,,,,,,,,,,,
200,7712224,0096771222460,76771222406,,EA,3,2026-09-11,,,,,,,,,,,,,,,,,,,,,
200,7712224,0096771222470,76771222407,,EA,25,2026-09-11,,,,,,,,,,,,,,,,,,,,,
200,7712224,0096771222480,76771222408,,EA,4,2026-09-11,,,,,,,,,,,,,,,,,,,,,
200,7712223,0096771222310,76771222301,,EA,50,2026-09-11,,,,,,,,,,,,,,,,,,,,,
200,7712223,0096771222320,76771222302,,EA,50,2026-09-11,,,,,,,,,,,,,,,,,,,,,
200,7712223,0096771222330,76771222303,,EA,100,2026-09-11,,,,,,,,,,,,,,,,,,,,,
200,7712223,0096771222340,76771222304,,EA,25,2026-09-11,,,,,,,,,,,,,,,,,,,,,
200,7712223,0096771222350,76771222305,,EA,100,2026-09-11,,,,,,,,,,,,,,,,,,,,,
200,7712223,0096771222360,76771222306,,EA,50,2026-09-11,,,,,,,,,,,,,,,,,,,,,
200,7712223,0096771222370,76771222307,,EA,45,2026-09-11,,,,,,,,,,,,,,,,,,,,,
200,7712223,0096771222380,76771222308,,EA,10,2026-09-11,,,,,,,,,,,,,,,,,,,,,
200,7712223,0096771222390,76771222309,,EA,50,2026-09-11,,,,,,,,,,,,,,,,,,,,,
200,7712223,00967712223100,767712223010,,EA,30,2026-09-11,,,,,,,,,,,,,,,,,,,,,
200,7712223,00967712223110,767712223011,,EA,50,2026-09-11,,,,,,,,,,,,,,,,,,,,,
200,7712223,00967712223120,767712223012,,EA,50,2026-09-11,,,,,,,,,,,,,,,,,,,,,
200,7712223,00967712223130,767712223013,,EA,100,2026-09-11,,,,,,,,,,,,,,,,,,,,,
200,7712223,00967712223140,767712223014,,EA,10,2026-09-11,,,,,,,,,,,,,,,,,,,,,
200,7712223,00967712223150,767712223015,,EA,10,2026-09-11,,,,,,,,,,,,,,,,,,,,,
200,7712223,00967712223160,767712223016,,EA,50,2026-09-11,,,,,,,,,,,,,,,,,,,,,
200,7712223,00967712223170,767712223017,,EA,50,2026-09-11,,,,,,,,,,,,,,,,,,,,,
200,7712223,00967712223180,767712223018,,EA,10,2026-09-11,,,,,,,,,,,,,,,,,,,,,
200,7712223,00967712223190,767712223019,,EA,10,2026-09-11,,,,,,,,,,,,,,,,,,,,,
200,7712223,00967712223200,767712223020,,EA,10,2026-09-11,,,,,,,,,,,,,,,,,,,,,
200,7712223,00967712223210,767712223021,,EA,30,2026-09-11,,,,,,,,,,,,,,,,,,,,,
200,7712223,00967712223220,767712223022,,EA,100,2026-09-11,,,,,,,,,,,,,,,,,,,,,
200,7712223,00967712223230,767712223023,,EA,50,2026-09-11,,,,,,,,,,,,,,,,,,,,,
200,7712223,00967712223240,767712223024,,EA,50,2026-09-11,,,,,,,,,,,,,,,,,,,,,
200,7712223,00967712223250,767712223025,,EA,37,2026-09-11,,,,,,,,,,,,,,,,,,,,,
200,7712223,00967712223260,767712223026,,EA,50,2026-09-11,,,,,,,,,,,,,,,,,,,,,
200,7712223,00967712223270,767712223027,,EA,50,2026-09-11,,,,,,,,,,,,,,,,,,,,,
200,7712223,00967712223280,767712223028,,EA,50,2026-09-11,,,,,,,,,,,,,,,,,,,,,
200,7712223,00967712223290,767712223029,,EA,50,2026-09-11,,,,,,,,,,,,,,,,,,,,,
200,7712223,00967712223300,767712223030,,EA,10,2026-09-11,,,,,,,,,,,,,,,,,,,,,
200,7712223,00967712223310,767712223031,,EA,25,2026-09-11,,,,,,,,,,,,,,,,,,,,,
200,7712223,00967712223330,767712223032,,EA,10,2026-09-11,,,,,,,,,,,,,,,,,,,,,
200,7712221,0096771222110,76771222101,,EA,8,2026-09-14,,,,,,,,,,,,,,,,,,,,,
200,7712218,0096771221820,76771221801,,LT,1,2026-09-15,,,,,,,,,,,,,,,,,,,,,
200,7712217,0096771221710,76771221701,,EA,1,2026-09-11,,,,,,,,,,,,,,,,,,,,,
200,7712216,0096771221610,76771221601,,EA,10,2026-09-11,,,,,,,,,,,,,,,,,,,,,
200,7712216,0096771221620,76771221602,,EA,3,2026-09-11,,,,,,,,,,,,,,,,,,,,,
200,7712214,0096771221410,76771221401,,EA,10,2026-09-08,,,,,,,,,,,,,,,,,,,,,
200,7712214,0096771221420,76771221402,,EA,15,2026-09-08,,,,,,,,,,,,,,,,,,,,,
200,7712214,0096771221430,76771221403,,EA,5,2026-09-08,,,,,,,,,,,,,,,,,,,,,
200,7712214,0096771221440,76771221404,,EA,5,2026-09-08,,,,,,,,,,,,,,,,,,,,,
200,7712214,0096771221450,76771221405,,EA,18,2026-09-08,,,,,,,,,,,,,,,,,,,,,
200,7712214,0096771221460,76771221406,,EA,24,2026-09-08,,,,,,,,,,,,,,,,,,,,,
200,7712214,0096771221470,76771221407,,EA,10,2026-09-08,,,,,,,,,,,,,,,,,,,,,
200,7712214,0096771221480,76771221408,,EA,15,2026-09-08,,,,,,,,,,,,,,,,,,,,,
200,7712214,0096771221490,76771221409,,EA,47,2026-09-08,,,,,,,,,,,,,,,,,,,,,
200,7712214,00967712214100,767712214010,,EA,5,2026-09-08,,,,,,,,,,,,,,,,,,,,,
200,7712214,00967712214110,767712214011,,EA,10,2026-09-08,,,,,,,,,,,,,,,,,,,,,
200,7712214,00967712214120,767712214012,,EA,9,2026-09-08,,,,,,,,,,,,,,,,,,,,,
200,7712214,00967712214130,767712214013,,EA,5,2026-09-08,,,,,,,,,,,,,,,,,,,,,
200,7712214,00967712214140,767712214014,,EA,7,2026-09-08,,,,,,,,,,,,,,,,,,,,,
200,7712214,00967712214150,767712214015,,EA,10,2026-09-08,,,,,,,,,,,,,,,,,,,,,
200,7712214,00967712214160,767712214016,,EA,13,2026-09-08,,,,,,,,,,,,,,,,,,,,,
200,7712214,00967712214170,767712214017,,EA,9,2026-09-08,,,,,,,,,,,,,,,,,,,,,
200,7712214,00967712214180,767712214018,,EA,8,2026-09-08,,,,,,,,,,,,,,,,,,,,,
200,7712214,00967712214190,767712214019,,EA,20,2026-09-08,,,,,,,,,,,,,,,,,,,,,
200,7712214,00967712214200,767712214020,,EA,5,2026-09-08,,,,,,,,,,,,,,,,,,,,,
200,7712214,00967712214210,767712214021,,EA,6,2026-09-08,,,,,,,,,,,,,,,,,,,,,
200,7712214,00967712214220,767712214022,,EA,5,2026-09-08,,,,,,,,,,,,,,,,,,,,,
200,7712214,00967712214230,767712214023,,EA,5,2026-09-08,,,,,,,,,,,,,,,,,,,,,
200,7712214,00967712214240,767712214024,,EA,6,2026-09-08,,,,,,,,,,,,,,,,,,,,,
200,7712214,00967712214250,767712214025,,EA,15,2026-09-08,,,,,,,,,,,,,,,,,,,,,
200,7712214,00967712214260,767712214026,,EA,14,2026-09-08,,,,,,,,,,,,,,,,,,,,,
200,7712214,00967712214270,767712214027,,EA,67,2026-09-08,,,,,,,,,,,,,,,,,,,,,
200,7712214,00967712214280,767712214028,,EA,17,2026-09-08,,,,,,,,,,,,,,,,,,,,,
200,7712214,00967712214290,767712214029,,EA,10,2026-09-08,,,,,,,,,,,,,,,,,,,,,
200,7712214,00967712214300,767712214030,,EA,5,2026-09-08,,,,,,,,,,,,,,,,,,,,,
200,7712214,00967712214310,767712214031,,EA,15,2026-09-08,,,,,,,,,,,,,,,,,,,,,
200,7712214,00967712214320,767712214032,,EA,11,2026-09-08,,,,,,,,,,,,,,,,,,,,,
200,7712210,0096771221010,76771221001,,EA,20,2026-09-11,,,,,,,,,,,,,,,,,,,,,
200,7712207,0096771220710,76771220701,,EA,10,2026-09-10,,,,,,,,,,,,,,,,,,,,,
200,7712207,0096771220720,76771220702,,EA,5,2026-09-10,,,,,,,,,,,,,,,,,,,,,
200,7712206,0096771220610,76771220601,,EA,20,2026-09-10,,,,,,,,,,,,,,,,,,,,,
200,7712201,0096771220110,76771220101,,EA,1,2026-09-09,,,,,,,,,,,,,,,,,,,,,
200,7712200,0096771220010,76771220001,,EA,10,2026-09-08,,,,,,,,,,,,,,,,,,,,,
200,7712200,0096771220020,76771220002,,EA,5,2026-09-08,,,,,,,,,,,,,,,,,,,,,
200,7712200,0096771220030,76771220003,,EA,12,2026-09-08,,,,,,,,,,,,,,,,,,,,,
200,7712200,0096771220040,76771220004,,EA,28,2026-09-08,,,,,,,,,,,,,,,,,,,,,
200,7712200,0096771220050,76771220005,,EA,16,2026-09-08,,,,,,,,,,,,,,,,,,,,,
200,7712200,0096771220060,76771220006,,EA,10,2026-09-08,,,,,,,,,,,,,,,,,,,,,
200,7712200,0096771220070,76771220007,,EA,20,2026-09-08,,,,,,,,,,,,,,,,,,,,,
200,7712200,0096771220080,76771220008,,EA,9,2026-09-08,,,,,,,,,,,,,,,,,,,,,
200,7712199,0096771219910,76771219901,,IN,286,2026-09-09,,,,,,,,,,,,,,,,,,,,,
200,7712198,0096771219810,76771219801,,EA,1,2026-09-11,,,,,,,,,,,,,,,,,,,,,
200,7712197,0096771219730,76771219701,,EA,5,2026-09-03,,,,,,,,,,,,,,,,,,,,,
200,7712197,0096771219730,76771219702,,EA,5,2026-09-11,,,,,,,,,,,,,,,,,,,,,
200,7712192,0096771219210,76771219201,,EA,200,2026-09-11,,,,,,,,,,,,,,,,,,,,,
200,7712190,0096771219010,76771219001,,EA,1,2026-09-03,,,,,,,,,,,,,,,,,,,,,
200,7712186,0096771218610,76771218601,,EA,60,2026-09-11,,,,,,,,,,,,,,,,,,,,,
200,7712186,0096771218620,76771218602,,EA,5,2026-09-11,,,,,,,,,,,,,,,,,,,,,
200,7712181,0096771218110,76771218101,,EA,15,2026-09-11,,,,,,,,,,,,,,,,,,,,,
200,7712176,0096771217610,76771217601,,IN,286,2026-09-09,,,,,,,,,,,,,,,,,,,,,
200,7712174,0096771217410,76771217401,,EA,50,2026-09-11,,,,,,,,,,,,,,,,,,,,,
200,7712174,0096771217420,76771217402,,EA,30,2026-09-11,,,,,,,,,,,,,,,,,,,,,
200,7712174,0096771217430,76771217403,,EA,5,2026-09-11,,,,,,,,,,,,,,,,,,,,,
200,7712174,0096771217450,76771217404,,EA,1,2026-09-11,,,,,,,,,,,,,,,,,,,,,
200,7712174,0096771217460,76771217405,,EA,6,2026-09-11,,,,,,,,,,,,,,,,,,,,,
200,7712174,0096771217470,76771217406,,EA,26,2026-09-11,,,,,,,,,,,,,,,,,,,,,
200,7712170,0096771217010,76771217001,,EA,1,2026-09-14,,,,,,,,,,,,,,,,,,,,,
200,7712165,0096771216530,76771216501,,EA,3,2026-09-03,,,,,,,,,,,,,,,,,,,,,
200,7712164,0096771216410,76771216401,,EA,10,2026-09-03,,,,,,,,,,,,,,,,,,,,,
200,7712162,0096771216210,76771216201,,EA,19,2026-09-01,,,,,,,,,,,,,,,,,,,,,
200,7712162,0096771216220,76771216202,,EA,5,2026-09-01,,,,,,,,,,,,,,,,,,,,,
200,7712162,0096771216230,76771216203,,EA,10,2026-09-01,,,,,,,,,,,,,,,,,,,,,
200,7712162,0096771216240,76771216204,,EA,10,2026-09-01,,,,,,,,,,,,,,,,,,,,,
200,7712162,0096771216250,76771216205,,EA,9,2026-09-01,,,,,,,,,,,,,,,,,,,,,
200,7712162,0096771216260,76771216206,,EA,15,2026-09-01,,,,,,,,,,,,,,,,,,,,,
200,7712162,0096771216270,76771216207,,EA,20,2026-09-01,,,,,,,,,,,,,,,,,,,,,
200,7712162,0096771216280,76771216208,,EA,10,2026-09-01,,,,,,,,,,,,,,,,,,,,,
200,7712162,0096771216290,76771216209,,EA,11,2026-09-01,,,,,,,,,,,,,,,,,,,,,
200,7712162,00967712162100,767712162010,,EA,16,2026-09-01,,,,,,,,,,,,,,,,,,,,,
200,7712162,00967712162110,767712162011,,EA,10,2026-09-01,,,,,,,,,,,,,,,,,,,,,
200,7712162,00967712162120,767712162012,,EA,4,2026-09-01,,,,,,,,,,,,,,,,,,,,,
200,7712162,00967712162130,767712162013,,EA,12,2026-09-01,,,,,,,,,,,,,,,,,,,,,
200,7712162,00967712162140,767712162014,,EA,3,2026-09-01,,,,,,,,,,,,,,,,,,,,,
200,7712162,00967712162150,767712162015,,EA,16,2026-09-01,,,,,,,,,,,,,,,,,,,,,
200,7712162,00967712162160,767712162016,,EA,25,2026-09-01,,,,,,,,,,,,,,,,,,,,,
200,7712162,00967712162170,767712162017,,EA,20,2026-09-01,,,,,,,,,,,,,,,,,,,,,
200,7712162,00967712162180,767712162018,,EA,15,2026-09-01,,,,,,,,,,,,,,,,,,,,,
200,7712162,00967712162190,767712162019,,EA,11,2026-09-01,,,,,,,,,,,,,,,,,,,,,
200,7712162,00967712162200,767712162020,,EA,5,2026-09-01,,,,,,,,,,,,,,,,,,,,,
200,7712162,00967712162210,767712162021,,EA,11,2026-09-01,,,,,,,,,,,,,,,,,,,,,
200,7712162,00967712162220,767712162022,,EA,6,2026-09-01,,,,,,,,,,,,,,,,,,,,,
200,7712162,00967712162230,767712162023,,EA,8,2026-09-01,,,,,,,,,,,,,,,,,,,,,
200,7712162,00967712162240,767712162024,,EA,5,2026-09-01,,,,,,,,,,,,,,,,,,,,,
200,7712162,00967712162250,767712162025,,EA,10,2026-09-01,,,,,,,,,,,,,,,,,,,,,
200,7712162,00967712162260,767712162026,,EA,10,2026-09-01,,,,,,,,,,,,,,,,,,,,,
200,7712162,00967712162270,767712162027,,EA,13,2026-09-01,,,,,,,,,,,,,,,,,,,,,
200,7712162,00967712162280,767712162028,,EA,8,2026-09-01,,,,,,,,,,,,,,,,,,,,,
200,7712162,00967712162290,767712162029,,EA,21,2026-09-01,,,,,,,,,,,,,,,,,,,,,
200,7712162,00967712162300,767712162030,,EA,20,2026-09-01,,,,,,,,,,,,,,,,,,,,,
200,7712162,00967712162310,767712162031,,EA,27,2026-09-01,,,,,,,,,,,,,,,,,,,,,
200,7712162,00967712162320,767712162032,,EA,20,2026-09-01,,,,,,,,,,,,,,,,,,,,,
200,7712162,00967712162330,767712162033,,EA,9,2026-09-01,,,,,,,,,,,,,,,,,,,,,
200,7712162,00967712162340,767712162034,,EA,19,2026-09-01,,,,,,,,,,,,,,,,,,,,,
200,7712161,0096771216170,76771216101,,EA,25,2026-09-11,,,,,,,,,,,,,,,,,,,,,
200,7712161,0096771216180,76771216102,,EA,25,2026-09-11,,,,,,,,,,,,,,,,,,,,,
200,7712160,0096771216020,76771216001,,EA,20,2026-09-15,,,,,,,,,,,,,,,,,,,,,
200,7712154,0096771215410,76771215401,,IN,285,2026-09-03,,,,,,,,,,,,,,,,,,,,,
200,7712151,0096771215110,76771215101,,EA,6,2026-09-09,,,,,,,,,,,,,,,,,,,,,
200,7712151,0096771215110,76771215102,,EA,14,2026-09-11,,,,,,,,,,,,,,,,,,,,,
200,7712150,0096771215020,76771215001,,EA,5,2026-08-27,,,,,,,,,,,,,,,,,,,,,
200,7712149,0096771214930,76771214901,,EA,20,2026-09-11,,,,,,,,,,,,,,,,,,,,,
200,7712146,0096771214620,76771214601,,FT,250,2026-09-11,,,,,,,,,,,,,,,,,,,,,
200,7712146,0096771214630,76771214602,,EA,9,2026-09-11,,,,,,,,,,,,,,,,,,,,,
200,7712141,0096771214110,76771214101,,EA,4,2026-09-04,,,,,,,,,,,,,,,,,,,,,
200,7712140,0096771214010,76771214001,,EA,1,2026-08-27,,,,,,,,,,,,,,,,,,,,,
200,7712136,0096771213610,76771213601,,IN,145,2026-09-03,,,,,,,,,,,,,,,,,,,,,
200,7712136,0096771213620,76771213602,,IN,288,2026-09-14,,,,,,,,,,,,,,,,,,,,,
200,7712136,0096771213630,76771213603,,IN,147,2026-09-14,,,,,,,,,,,,,,,,,,,,,
200,7712136,0096771213640,76771213604,,IN,246,2026-09-14,,,,,,,,,,,,,,,,,,,,,
200,7712136,0096771213650,76771213605,,IN,288,2026-09-14,,,,,,,,,,,,,,,,,,,,,
200,7712125,0096771212510,76771212501,,EA,2,2026-09-03,,,,,,,,,,,,,,,,,,,,,
200,7712125,0096771212520,76771212502,,EA,4,2026-09-03,,,,,,,,,,,,,,,,,,,,,
200,7712125,0096771212530,76771212503,,EA,1,2026-08-27,,,,,,,,,,,,,,,,,,,,,
200,7712111,0096771211110,76771211101,,EA,144,2026-08-26,,,,,,,,,,,,,,,,,,,,,
200,7712111,0096771211120,76771211102,,IN,570,2026-08-26,,,,,,,,,,,,,,,,,,,,,
200,7712111,0096771211140,76771211103,,IN,288,2026-09-11,,,,,,,,,,,,,,,,,,,,,
200,7712111,0096771211150,76771211104,,IN,147,2026-09-11,,,,,,,,,,,,,,,,,,,,,
200,7712111,0096771211170,76771211105,,IN,264,2026-09-11,,,,,,,,,,,,,,,,,,,,,
200,7712107,0096771210710,76771210701,,EA,18,2026-08-27,,,,,,,,,,,,,,,,,,,,,
200,7712107,0096771210720,76771210702,,EA,18,2026-08-27,,,,,,,,,,,,,,,,,,,,,
200,7712107,0096771210730,76771210703,,EA,18,2026-08-27,,,,,,,,,,,,,,,,,,,,,
200,7712107,0096771210740,76771210704,,EA,18,2026-08-27,,,,,,,,,,,,,,,,,,,,,
200,7712107,0096771210750,76771210705,,EA,19,2026-08-27,,,,,,,,,,,,,,,,,,,,,
200,7712107,0096771210760,76771210706,,EA,22,2026-08-27,,,,,,,,,,,,,,,,,,,,,
200,7712107,0096771210770,76771210707,,EA,23,2026-08-27,,,,,,,,,,,,,,,,,,,,,
200,7712107,0096771210780,76771210708,,EA,24,2026-08-27,,,,,,,,,,,,,,,,,,,,,
200,7712107,0096771210790,76771210709,,EA,24,2026-08-27,,,,,,,,,,,,,,,,,,,,,
200,7712107,00967712107100,767712107010,,EA,1839,2026-08-27,,,,,,,,,,,,,,,,,,,,,
200,7712107,00967712107110,767712107011,,EA,483,2026-08-27,,,,,,,,,,,,,,,,,,,,,
200,7712105,0096771210520,76771210501,,EA,2,2026-09-09,,,,,,,,,,,,,,,,,,,,,
200,7712105,0096771210540,76771210502,,EA,4,2026-09-09,,,,,,,,,,,,,,,,,,,,,
200,7712105,0096771210560,76771210503,,EA,1,2026-09-09,,,,,,,,,,,,,,,,,,,,,
200,7712105,0096771210580,76771210504,,EA,1,2026-09-09,,,,,,,,,,,,,,,,,,,,,
200,7712105,0096771210590,76771210505,,EA,1,2026-09-09,,,,,,,,,,,,,,,,,,,,,
200,7712105,00967712105120,76771210506,,EA,6,2026-09-09,,,,,,,,,,,,,,,,,,,,,
200,7712105,00967712105130,76771210507,,EA,1,2026-09-10,,,,,,,,,,,,,,,,,,,,,
200,7712102,00967712102280,76771210201,,EA,50,2026-09-11,,,,,,,,,,,,,,,,,,,,,
200,7712101,0096771210110,76771210101,,EA,10,2026-08-27,,,,,,,,,,,,,,,,,,,,,
200,7712095,0096771209510,76771209501,,EA,2,2026-09-11,,,,,,,,,,,,,,,,,,,,,
200,7712091,0096771209130,76771209101,,EA,60,2026-09-11,,,,,,,,,,,,,,,,,,,,,
200,7712091,0096771209130,76771209102,,EA,30,2026-08-27,,,,,,,,,,,,,,,,,,,,,
200,7712082,0096771208210,76771208201,,IN,1420,2026-09-03,,,,,,,,,,,,,,,,,,,,,
200,7712082,0096771208230,76771208202,,IN,1590,2026-09-03,,,,,,,,,,,,,,,,,,,,,
200,7712082,0096771208240,76771208203,,IN,290,2026-09-11,,,,,,,,,,,,,,,,,,,,,
200,7712081,0096771208110,76771208101,,EA,1,2026-09-09,,,,,,,,,,,,,,,,,,,,,
200,7712081,0096771208120,76771208102,,EA,1,2026-09-09,,,,,,,,,,,,,,,,,,,,,
200,7712072,0096771207210,76771207201,,EA,10,2026-08-20,,,,,,,,,,,,,,,,,,,,,
200,7712072,0096771207220,76771207202,,EA,10,2026-08-20,,,,,,,,,,,,,,,,,,,,,
200,7712072,0096771207230,76771207203,,EA,1,2026-08-27,,,,,,,,,,,,,,,,,,,,,
200,7712067,0096771206710,76771206701,,EA,24,2026-09-03,,,,,,,,,,,,,,,,,,,,,
200,7712062,0096771206210,76771206201,,IN,286,2026-08-26,,,,,,,,,,,,,,,,,,,,,
200,7712062,0096771206240,76771206202,,IN,139,2026-08-24,,,,,,,,,,,,,,,,,,,,,
200,7712062,0096771206250,76771206203,,IN,289,2026-09-04,,,,,,,,,,,,,,,,,,,,,
200,7712062,0096771206260,76771206204,,IN,146,2026-08-24,,,,,,,,,,,,,,,,,,,,,
200,7712062,0096771206270,76771206205,,IN,132,2026-09-04,,,,,,,,,,,,,,,,,,,,,
200,7712062,0096771206280,76771206206,,IN,247,2026-09-04,,,,,,,,,,,,,,,,,,,,,
200,7712060,0096771206010,76771206001,,EA,1,2026-08-19,,,,,,,,,,,,,,,,,,,,,
200,7712059,0096771205910,76771205901,,EA,20,2026-08-20,,,,,,,,,,,,,,,,,,,,,
200,7712057,0096771205740,76771205701,,EA,1,2026-08-17,,,,,,,,,,,,,,,,,,,,,
200,7712035,0096771203510,76771203501,,EA,4,2026-08-17,,,,,,,,,,,,,,,,,,,,,
200,7712033,0096771203310,76771203301,,EA,50,2026-09-11,,,,,,,,,,,,,,,,,,,,,
200,7712033,0096771203320,76771203302,,EA,55,2026-09-11,,,,,,,,,,,,,,,,,,,,,
200,7712032,0096771203210,76771203201,,EA,144,2026-09-03,,,,,,,,,,,,,,,,,,,,,
200,7712032,0096771203210,76771203202,,EA,1,2026-08-18,,,,,,,,,,,,,,,,,,,,,
200,7712032,0096771203210,76771203207,,EA,5,2026-09-03,,,,,,,,,,,,,,,,,,,,,
200,7712032,0096771203220,76771203203,,IN,860,2026-08-18,,,,,,,,,,,,,,,,,,,,,
200,7712032,0096771203230,76771203204,,IN,150,2026-08-18,,,,,,,,,,,,,,,,,,,,,
200,7712032,0096771203240,76771203205,,IN,139,2026-08-24,,,,,,,,,,,,,,,,,,,,,
200,7712032,0096771203250,76771203206,,IN,131,2026-09-03,,,,,,,,,,,,,,,,,,,,,
200,7712027,0096771202710,76771202701,,EA,12,2026-08-17,,,,,,,,,,,,,,,,,,,,,
200,7712026,0096771202610,76771202601,,EA,3,2026-09-15,,,,,,,,,,,,,,,,,,,,,
200,7712025,0096771202510,76771202504,,EA,1,2026-08-17,,,,,,,,,,,,,,,,,,,,,
200,7712025,0096771202520,76771202505,,LT,1,2026-08-17,,,,,,,,,,,,,,,,,,,,,
200,7712025,0096771202530,76771202501,,EA,1,2026-08-17,,,,,,,,,,,,,,,,,,,,,
200,7712025,0096771202540,76771202502,,EA,1,2026-08-17,,,,,,,,,,,,,,,,,,,,,
200,7712025,0096771202550,76771202503,,EA,1,2026-08-17,,,,,,,,,,,,,,,,,,,,,
200,7712024,0096771202420,76771202401,,EA,4,2026-08-17,,,,,,,,,,,,,,,,,,,,,
200,7712024,0096771202490,76771202402,,EA,5,2026-08-17,,,,,,,,,,,,,,,,,,,,,
200,7712024,00967712024110,76771202403,,EA,4,2026-09-11,,,,,,,,,,,,,,,,,,,,,
200,7712024,00967712024120,76771202404,,EA,5,2026-09-11,,,,,,,,,,,,,,,,,,,,,
200,7712022,0096771202290,76771202201,,EA,150,2026-08-27,,,,,,,,,,,,,,,,,,,,,
200,7712018,0096771201820,76771201801,,EA,9,2026-08-14,,,,,,,,,,,,,,,,,,,,,
200,7712018,0096771201830,76771201802,,EA,8,2026-08-14,,,,,,,,,,,,,,,,,,,,,
200,7712018,0096771201840,76771201803,,EA,9,2026-08-14,,,,,,,,,,,,,,,,,,,,,
200,7712009,0096771200920,76771200901,,EA,50,2026-09-15,,,,,,,,,,,,,,,,,,,,,
200,7712008,0096771200860,76771200801,,EA,100,2026-09-11,,,,,,,,,,,,,,,,,,,,,
200,7711998,0096771199810,76771199809,,EA,5,2026-09-03,,,,,,,,,,,,,,,,,,,,,
200,7711998,0096771199810,767711998010,,EA,1,2026-09-03,,,,,,,,,,,,,,,,,,,,,
200,7711998,0096771199810,767711998011,,EA,143,2026-09-03,,,,,,,,,,,,,,,,,,,,,
200,7711998,0096771199810,76771199801,,EA,1,2026-08-18,,,,,,,,,,,,,,,,,,,,,
200,7711998,0096771199840,76771199802,,IN,147,2026-08-18,,,,,,,,,,,,,,,,,,,,,
200,7711998,0096771199860,76771199803,,IN,288,2026-08-24,,,,,,,,,,,,,,,,,,,,,
200,7711998,0096771199870,76771199804,,IN,288,2026-08-24,,,,,,,,,,,,,,,,,,,,,
200,7711998,0096771199880,76771199805,,IN,245,2026-08-24,,,,,,,,,,,,,,,,,,,,,
200,7711998,0096771199890,76771199806,,IN,294,2026-08-24,,,,,,,,,,,,,,,,,,,,,
200,7711998,00967711998100,76771199807,,IN,288,2026-08-24,,,,,,,,,,,,,,,,,,,,,
200,7711998,00967711998110,76771199808,,IN,267,2026-08-24,,,,,,,,,,,,,,,,,,,,,
200,7711997,0096771199710,76771199701,,EA,100,2026-09-03,,,,,,,,,,,,,,,,,,,,,
200,7711994,0096771199410,76771199401,,EA,10,2026-08-17,,,,,,,,,,,,,,,,,,,,,
200,7711985,0096771198510,76771198501,,EA,25,2026-08-07,,,,,,,,,,,,,,,,,,,,,
200,7711985,0096771198510,76771198502,,EA,25,2026-08-07,,,,,,,,,,,,,,,,,,,,,
200,7711977,0096771197710,76771197701,,EA,7,2026-08-28,,,,,,,,,,,,,,,,,,,,,
200,7711973,0096771197310,76771197301,,EA,1,2026-09-15,,,,,,,,,,,,,,,,,,,,,
200,7711962,0096771196210,76771196201,,EA,200,2026-09-11,,,,,,,,,,,,,,,,,,,,,
200,7711955,0096771195510,76771195501,,IN,566,2026-08-11,,,,,,,,,,,,,,,,,,,,,
200,7711955,0096771195530,76771195502,,IN,147,2026-08-11,,,,,,,,,,,,,,,,,,,,,
200,7711955,0096771195540,76771195503,,IN,280,2026-08-19,,,,,,,,,,,,,,,,,,,,,
200,7711955,0096771195550,76771195504,,IN,147,2026-08-19,,,,,,,,,,,,,,,,,,,,,
200,7711935,0096771193510,76771193501,,EA,1,2026-08-04,,,,,,,,,,,,,,,,,,,,,
200,7711931,0096771193110,76771193101,,EA,10,2026-08-04,,,,,,,,,,,,,,,,,,,,,
200,7711931,0096771193120,76771193102,,EA,1,2026-08-05,,,,,,,,,,,,,,,,,,,,,
200,7711931,0096771193120,76771193104,,EA,-1,2026-08-05,,,,,,,,,,,,,,,,,,,,,
200,7711931,0096771193130,76771193103,,EA,10,2026-07-31,,,,,,,,,,,,,,,,,,,,,
200,7711909,0096771190910,76771190901,,EA,1,2026-07-31,,,,,,,,,,,,,,,,,,,,,
200,7711903,0096771190330,76771190301,,IN,240,2026-08-12,,,,,,,,,,,,,,,,,,,,,
200,7711903,0096771190340,76771190302,,IN,120,2026-08-12,,,,,,,,,,,,,,,,,,,,,
200,7711903,0096771190350,76771190303,,IN,252,2026-08-12,,,,,,,,,,,,,,,,,,,,,
200,7711903,0096771190360,76771190304,,IN,289,2026-08-12,,,,,,,,,,,,,,,,,,,,,
200,7711903,0096771190370,76771190305,,IN,120,2026-08-24,,,,,,,,,,,,,,,,,,,,,
200,7711903,0096771190380,76771190306,,IN,247,2026-08-14,,,,,,,,,,,,,,,,,,,,,
200,7711903,0096771190390,76771190307,,IN,279,2026-08-12,,,,,,,,,,,,,,,,,,,,,
200,7711901,0096771190110,76771190101,,EA,300,2026-09-11,,,,,,,,,,,,,,,,,,,,,
200,7711889,0096771188910,76771188901,,EA,2,2026-07-28,,,,,,,,,,,,,,,,,,,,,
200,7711889,0096771188920,76771188902,,EA,3,2026-07-29,,,,,,,,,,,,,,,,,,,,,
200,7711889,0096771188930,76771188903,,EA,2,2026-07-28,,,,,,,,,,,,,,,,,,,,,
200,7711889,0096771188940,76771188904,,EA,1,2026-07-28,,,,,,,,,,,,,,,,,,,,,
200,7711872,0096771187210,76771187201,,EA,12,2026-08-27,,,,,,,,,,,,,,,,,,,,,
200,7711867,0096771186710,76771186701,,EA,144,2026-08-06,,,,,,,,,,,,,,,,,,,,,
200,7711867,0096771186720,76771186702,,IN,59,2026-08-03,,,,,,,,,,,,,,,,,,,,,
200,7711867,0096771186730,76771186703,,IN,288,2026-07-31,,,,,,,,,,,,,,,,,,,,,
200,7711867,0096771186740,76771186704,,IN,147,2026-07-31,,,,,,,,,,,,,,,,,,,,,
200,7711867,0096771186750,76771186705,,IN,126,2026-07-31,,,,,,,,,,,,,,,,,,,,,
200,7711867,0096771186760,76771186706,,IN,284,2026-07-31,,,,,,,,,,,,,,,,,,,,,
200,7711849,0096771184910,76771184901,,EA,4,2026-07-23,,,,,,,,,,,,,,,,,,,,,
200,7711847,0096771184720,76771184701,,EA,2,2026-07-22,,,,,,,,,,,,,,,,,,,,,
200,7711847,0096771184730,76771184702,,EA,3,2026-07-22,,,,,,,,,,,,,,,,,,,,,
200,7711847,0096771184740,76771184703,,EA,10,2026-07-22,,,,,,,,,,,,,,,,,,,,,
200,7711847,0096771184750,76771184704,,EA,10,2026-07-22,,,,,,,,,,,,,,,,,,,,,
200,7711845,0096771184520,76771184501,,EA,8,2026-07-22,,,,,,,,,,,,,,,,,,,,,
200,7711845,0096771184520,76771184502,,EA,2,2026-07-22,,,,,,,,,,,,,,,,,,,,,
200,7711843,0096771184320,76771184303,,EA,250,2026-09-03,,,,,,,,,,,,,,,,,,,,,
200,7711843,0096771184320,76771184301,,EA,50,2026-08-07,,,,,,,,,,,,,,,,,,,,,
200,7711843,0096771184340,76771184302,,EA,25,2026-08-07,,,,,,,,,,,,,,,,,,,,,
200,7711831,0096771183110,76771183101,,EA,25,2026-07-22,,,,,,,,,,,,,,,,,,,,,
200,7711821,0096771182140,76771182101,,EA,25,2026-09-11,,,,,,,,,,,,,,,,,,,,,
200,7711810,0096771181010,76771181001,,EA,144,2026-08-06,,,,,,,,,,,,,,,,,,,,,
200,7711810,0096771181030,76771181002,,IN,120,2026-07-27,,,,,,,,,,,,,,,,,,,,,
200,7711810,0096771181040,76771181003,,IN,288,2026-07-27,,,,,,,,,,,,,,,,,,,,,
200,7711810,0096771181050,76771181004,,IN,251,2026-07-29,,,,,,,,,,,,,,,,,,,,,
200,7711810,0096771181060,76771181005,,IN,290,2026-07-27,,,,,,,,,,,,,,,,,,,,,
200,7711810,0096771181070,76771181006,,IN,571,2026-07-27,,,,,,,,,,,,,,,,,,,,,
200,7711809,0096771180910,76771180901,,EA,600,2026-09-03,,,,,,,,,,,,,,,,,,,,,
200,7711798,0096771179810,76771179801,,EA,1,2026-08-11,,,,,,,,,,,,,,,,,,,,,
200,7711798,0096771179810,76771179802,,EA,-1,2026-09-11,,,,,,,,,,,,,,,,,,,,,
200,7711798,0096771179810,76771179803,,EA,1,2026-09-11,,,,,,,,,,,,,,,,,,,,,
200,7711797,0096771179710,76771179701,,LT,1,2026-08-27,,,,,,,,,,,,,,,,,,,,,
200,7711796,0096771179610,76771179601,,LT,1,2026-08-05,,,,,,,,,,,,,,,,,,,,,
200,7711791,0096771179110,76771179101,,EA,1,2026-08-11,,,,,,,,,,,,,,,,,,,,,
200,7711791,0096771179110,76771179102,,EA,-1,2026-08-12,,,,,,,,,,,,,,,,,,,,,
200,7711774,0096771177410,76771177401,,EA,144,2026-08-06,,,,,,,,,,,,,,,,,,,,,
200,7711774,0096771177420,76771177402,,IN,280,2026-07-20,,,,,,,,,,,,,,,,,,,,,
200,7711774,0096771177430,76771177403,,IN,288,2026-07-20,,,,,,,,,,,,,,,,,,,,,
200,7711774,0096771177440,76771177404,,IN,288,2026-07-22,,,,,,,,,,,,,,,,,,,,,
200,7711774,0096771177460,76771177405,,IN,284,2026-07-20,,,,,,,,,,,,,,,,,,,,,
200,7711774,0096771177470,76771177406,,IN,57,2026-07-20,,,,,,,,,,,,,,,,,,,,,
200,7711774,0096771177470,76771177407,,IN,519,2026-07-20,,,,,,,,,,,,,,,,,,,,,
200,7711764,0096771176410,76771176403,,EA,20,2026-07-28,,,,,,,,,,,,,,,,,,,,,
200,7711764,0096771176410,76771176401,,EA,20,2026-07-28,,,,,,,,,,,,,,,,,,,,,
200,7711764,0096771176430,76771176402,,EA,25,2026-08-07,,,,,,,,,,,,,,,,,,,,,
200,7711761,0096771176110,76771176101,,EA,25,2026-07-22,,,,,,,,,,,,,,,,,,,,,
200,7711761,0096771176110,76771176102,,EA,-25,2026-07-23,,,,,,,,,,,,,,,,,,,,,
200,7711761,0096771176110,76771176103,,EA,23,2026-07-23,,,,,,,,,,,,,,,,,,,,,
200,7711755,0096771175510,76771175501,,EA,4,2026-07-09,,,,,,,,,,,,,,,,,,,,,
200,7711755,0096771175520,76771175502,,EA,100,2026-08-13,,,,,,,,,,,,,,,,,,,,,
200,7711737,0096771173720,76771173701,,IN,286,2026-07-15,,,,,,,,,,,,,,,,,,,,,
200,7711737,0096771173730,76771173702,,IN,435,2026-07-15,,,,,,,,,,,,,,,,,,,,,
200,7711737,0096771173740,76771173703,,IN,120,2026-07-15,,,,,,,,,,,,,,,,,,,,,
200,7711737,0096771173750,76771173704,,IN,250,2026-07-15,,,,,,,,,,,,,,,,,,,,,
200,7711737,0096771173760,76771173705,,IN,120,2026-07-15,,,,,,,,,,,,,,,,,,,,,
200,7711737,0096771173770,76771173706,,IN,284,2026-07-15,,,,,,,,,,,,,,,,,,,,,
200,7711737,0096771173780,76771173707,,IN,272,2026-07-15,,,,,,,,,,,,,,,,,,,,,
200,7711737,0096771173790,76771173708,,IN,260,2026-07-15,,,,,,,,,,,,,,,,,,,,,
200,7711732,0096771173210,76771173201,,LT,1,2026-07-02,,,,,,,,,,,,,,,,,,,,,
200,7711730,0096771173010,76771173001,,LT,1,2026-07-02,,,,,,,,,,,,,,,,,,,,,
200,7711717,0096771171710,76771171701,,EA,5,2026-07-08,,,,,,,,,,,,,,,,,,,,,
200,7711717,0096771171720,76771171702,,EA,10,2026-07-08,,,,,,,,,,,,,,,,,,,,,
200,7711717,0096771171730,76771171703,,EA,2,2026-07-08,,,,,,,,,,,,,,,,,,,,,
200,7711717,0096771171740,76771171704,,EA,10,2026-07-08,,,,,,,,,,,,,,,,,,,,,
200,7711698,0096771169810,76771169801,,EA,6,2026-09-14,,,,,,,,,,,,,,,,,,,,,
200,7711698,0096771169820,76771169802,,EA,2,2026-09-14,,,,,,,,,,,,,,,,,,,,,
200,7711698,0096771169830,76771169803,,EA,2,2026-09-14,,,,,,,,,,,,,,,,,,,,,
200,7711698,0096771169840,76771169804,,EA,2,2026-08-12,,,,,,,,,,,,,,,,,,,,,
200,7711698,0096771169850,76771169805,,EA,3,2026-08-12,,,,,,,,,,,,,,,,,,,,,
200,7711688,0096771168810,76771168801,,EA,144,2026-07-15,,,,,,,,,,,,,,,,,,,,,
200,7711688,0096771168820,76771168802,,IN,285,2026-07-02,,,,,,,,,,,,,,,,,,,,,
200,7711688,0096771168830,76771168803,,IN,144,2026-07-02,,,,,,,,,,,,,,,,,,,,,
200,7711688,0096771168840,76771168804,,IN,140,2026-07-09,,,,,,,,,,,,,,,,,,,,,
200,7711688,0096771168850,76771168805,,IN,120,2026-07-09,,,,,,,,,,,,,,,,,,,,,
200,7711687,0096771168710,76771168701,,EA,1,2026-06-30,,,,,,,,,,,,,,,,,,,,,
200,7711687,0096771168720,76771168702,,EA,125,2026-06-30,,,,,,,,,,,,,,,,,,,,,
200,7711682,0096771168210,76771168201,,EA,4,2026-06-30,,,,,,,,,,,,,,,,,,,,,
200,7711682,0096771168220,76771168202,,EA,3,2026-06-30,,,,,,,,,,,,,,,,,,,,,
200,7711682,0096771168230,76771168203,,EA,1,2026-06-30,,,,,,,,,,,,,,,,,,,,,
200,7711672,0096771167290,76771167201,,EA,80,2026-07-09,,,,,,,,,,,,,,,,,,,,,
200,7711672,0096771167290,76771167202,,EA,20,2026-07-09,,,,,,,,,,,,,,,,,,,,,
200,7711667,0096771166710,76771166701,,EA,1,2026-09-15,,,,,,,,,,,,,,,,,,,,,
200,7711662,0096771166230,76771166201,,IN,288,2026-07-09,,,,,,,,,,,,,,,,,,,,,
200,7711662,0096771166240,76771166202,,IN,264,2026-07-09,,,,,,,,,,,,,,,,,,,,,
200,7711657,0096771165720,76771165701,,EA,1,2026-07-17,,,,,,,,,,,,,,,,,,,,,
200,7711656,0096771165630,76771165601,,EA,6,2026-06-25,,,,,,,,,,,,,,,,,,,,,
200,7711639,0096771163910,76771163901,,IN,261,2026-07-09,,,,,,,,,,,,,,,,,,,,,
200,7711639,0096771163910,76771163902,,IN,39,2026-07-09,,,,,,,,,,,,,,,,,,,,,
200,7711629,0096771162910,76771162901,,EA,10,2026-06-25,,,,,,,,,,,,,,,,,,,,,
200,7711629,0096771162920,76771162902,,EA,10,2026-06-25,,,,,,,,,,,,,,,,,,,,,
200,7711629,0096771162930,76771162903,,EA,1,2026-06-25,,,,,,,,,,,,,,,,,,,,,
200,7711621,0096771162110,76771162101,,EA,4,2026-08-24,,,,,,,,,,,,,,,,,,,,,
200,7711621,0096771162120,76771162102,,EA,1,2026-08-24,,,,,,,,,,,,,,,,,,,,,
200,7711621,0096771162130,76771162103,,EA,1,2026-08-24,,,,,,,,,,,,,,,,,,,,,
200,7711621,0096771162140,76771162104,,EA,2,2026-08-24,,,,,,,,,,,,,,,,,,,,,
200,7711621,0096771162150,76771162105,,EA,1,2026-08-24,,,,,,,,,,,,,,,,,,,,,
200,7711621,0096771162160,76771162106,,EA,4,2026-08-24,,,,,,,,,,,,,,,,,,,,,
200,7711621,0096771162170,76771162107,,EA,3,2026-08-24,,,,,,,,,,,,,,,,,,,,,
200,7711621,0096771162180,76771162108,,EA,2,2026-08-24,,,,,,,,,,,,,,,,,,,,,
200,7711621,0096771162190,76771162109,,EA,2,2026-08-24,,,,,,,,,,,,,,,,,,,,,
200,7711612,0096771161230,76771161201,,IN,277,2026-07-02,,,,,,,,,,,,,,,,,,,,,
200,7711611,0096771161110,76771161101,,EA,75,2026-06-23,,,,,,,,,,,,,,,,,,,,,
200,7711611,0096771161120,76771161102,,EA,100,2026-06-23,,,,,,,,,,,,,,,,,,,,,
200,7711611,0096771161130,76771161103,,EA,25,2026-06-23,,,,,,,,,,,,,,,,,,,,,
200,7711599,0096771159920,76771159901,,EA,2,2026-07-31,,,,,,,,,,,,,,,,,,,,,
200,7711599,0096771159930,76771159902,,EA,2,2026-07-31,,,,,,,,,,,,,,,,,,,,,
200,7711599,0096771159940,76771159903,,EA,2,2026-07-31,,,,,,,,,,,,,,,,,,,,,
200,7711599,0096771159990,76771159904,,EA,2,2026-07-31,,,,,,,,,,,,,,,,,,,,,
200,7711599,00967711599100,76771159905,,EA,2,2026-07-31,,,,,,,,,,,,,,,,,,,,,
200,7711599,00967711599110,76771159906,,EA,2,2026-07-31,,,,,,,,,,,,,,,,,,,,,
200,7711599,00967711599240,76771159907,,EA,2,2026-07-31,,,,,,,,,,,,,,,,,,,,,
200,7711597,0096771159710,76771159701,,EA,8,2026-07-02,,,,,,,,,,,,,,,,,,,,,
200,7711581,0096771158110,76771158101,,EA,200,2026-07-29,,,,,,,,,,,,,,,,,,,,,
200,7711581,0096771158130,76771158102,,EA,200,2026-07-28,,,,,,,,,,,,,,,,,,,,,
200,7711581,0096771158140,76771158103,,EA,200,2026-07-28,,,,,,,,,,,,,,,,,,,,,
200,7711581,0096771158150,76771158104,,EA,200,2026-07-28,,,,,,,,,,,,,,,,,,,,,
200,7711581,0096771158160,76771158105,,EA,50,2026-07-28,,,,,,,,,,,,,,,,,,,,,
200,7711581,0096771158170,76771158106,,EA,200,2026-07-29,,,,,,,,,,,,,,,,,,,,,
200,7711578,0096771157820,76771157801,,IN,1720,2026-06-24,,,,,,,,,,,,,,,,,,,,,
200,7711578,0096771157830,76771157802,,IN,140,2026-07-02,,,,,,,,,,,,,,,,,,,,,
200,7711578,0096771157840,76771157803,,IN,138,2026-07-02,,,,,,,,,,,,,,,,,,,,,
200,7711577,0096771157710,76771157701,,EA,100,2026-06-19,,,,,,,,,,,,,,,,,,,,,
200,7711577,0096771157720,76771157702,,EA,40,2026-06-19,,,,,,,,,,,,,,,,,,,,,
200,7711577,0096771157730,76771157703,,EA,100,2026-06-19,,,,,,,,,,,,,,,,,,,,,
200,7711572,0096771157220,76771157201,,EA,1,2026-07-10,,,,,,,,,,,,,,,,,,,,,
200,7711560,0096771156030,76771156001,,EA,1,2026-06-22,,,,,,,,,,,,,,,,,,,,,
200,7711556,0096771155620,76771155601,,IN,140,2026-07-02,,,,,,,,,,,,,,,,,,,,,
200,7711556,0096771155630,76771155602,,IN,292,2026-07-02,,,,,,,,,,,,,,,,,,,,,
200,7711556,0096771155640,76771155603,,IN,277,2026-07-02,,,,,,,,,,,,,,,,,,,,,
200,7711556,0096771155650,76771155604,,IN,279,2026-07-02,,,,,,,,,,,,,,,,,,,,,
200,7711556,0096771155660,76771155605,,IN,279,2026-07-02,,,,,,,,,,,,,,,,,,,,,
200,7711551,0096771155110,76771155101,,EA,10,2026-06-19,,,,,,,,,,,,,,,,,,,,,
200,7711551,0096771155110,76771155102,,EA,1,2026-07-17,,,,,,,,,,,,,,,,,,,,,
200,7711532,0096771153220,76771153201,,FT,1,2026-06-16,,,,,,,,,,,,,,,,,,,,,
200,7711512,0096771151210,76771151201,,EA,1,2026-06-18,,,,,,,,,,,,,,,,,,,,,
200,7711508,0096771150820,76771150801,,IN,290,2026-06-29,,,,,,,,,,,,,,,,,,,,,
200,7711508,0096771150830,76771150802,,IN,290,2026-07-02,,,,,,,,,,,,,,,,,,,,,
200,7711508,0096771150840,76771150803,,IN,278,2026-06-29,,,,,,,,,,,,,,,,,,,,,
200,7711496,0096771149620,76771149601,,EA,1,2026-06-19,,,,,,,,,,,,,,,,,,,,,
200,7711496,0096771149630,76771149602,,EA,1,2026-06-19,,,,,,,,,,,,,,,,,,,,,
200,7711496,0096771149640,76771149603,,EA,1,2026-06-19,,,,,,,,,,,,,,,,,,,,,
200,7711494,0096771149410,76771149401,,EA,1,2026-06-15,,,,,,,,,,,,,,,,,,,,,
200,7711494,0096771149420,76771149402,,EA,12,2026-06-11,,,,,,,,,,,,,,,,,,,,,
200,7711494,0096771149430,76771149403,,EA,6,2026-06-15,,,,,,,,,,,,,,,,,,,,,
200,7711494,0096771149440,76771149404,,EA,1,2026-06-15,,,,,,,,,,,,,,,,,,,,,
200,7711486,0096771148610,76771148601,,IN,290,2026-06-24,,,,,,,,,,,,,,,,,,,,,
200,7711486,0096771148620,76771148602,,IN,280,2026-06-24,,,,,,,,,,,,,,,,,,,,,
200,7711486,0096771148630,76771148603,,IN,288,2026-06-22,,,,,,,,,,,,,,,,,,,,,
200,7711469,0096771146910,76771146901,,IN,140,2026-06-24,,,,,,,,,,,,,,,,,,,,,
200,7711469,0096771146920,76771146902,,IN,120,2026-06-24,,,,,,,,,,,,,,,,,,,,,
200,7711469,0096771146930,76771146903,,IN,276,2026-06-24,,,,,,,,,,,,,,,,,,,,,
200,7711469,0096771146940,76771146904,,IN,264,2026-06-24,,,,,,,,,,,,,,,,,,,,,
200,7711469,0096771146950,76771146905,,IN,288,2026-06-19,,,,,,,,,,,,,,,,,,,,,
200,7711462,0096771146220,76771146201,,EA,270,2026-07-13,,,,,,,,,,,,,,,,,,,,,
200,7711454,0096771145420,76771145401,,EA,10,2026-06-19,,,,,,,,,,,,,,,,,,,,,
200,7711454,0096771145430,76771145402,,EA,2,2026-06-09,,,,,,,,,,,,,,,,,,,,,
200,7711452,0096771145240,76771145201,,EA,10,2026-06-23,,,,,,,,,,,,,,,,,,,,,
200,7711429,0096771142920,76771142901,,IN,147,2026-06-08,,,,,,,,,,,,,,,,,,,,,
200,7711429,0096771142930,76771142902,,IN,120,2026-06-22,,,,,,,,,,,,,,,,,,,,,
200,7711401,00967711401170,76771140101,,EA,7,2026-06-03,,,,,,,,,,,,,,,,,,,,,
200,7711401,00967711401170,76771140102,,EA,1,2026-06-03,,,,,,,,,,,,,,,,,,,,,
200,7711401,00967711401170,76771140103,,EA,-1,2026-06-26,,,,,,,,,,,,,,,,,,,,,
200,7711401,00967711401170,76771140104,,EA,1,2026-07-07,,,,,,,,,,,,,,,,,,,,,
200,7711400,0096771140030,76771140001,,IN,120,2026-06-15,,,,,,,,,,,,,,,,,,,,,
200,7711400,0096771140050,76771140002,,IN,120,2026-06-15,,,,,,,,,,,,,,,,,,,,,
200,7711400,0096771140060,76771140003,,IN,120,2026-06-15,,,,,,,,,,,,,,,,,,,,,
200,7711394,0096771139470,76771139401,,EA,10,2026-06-03,,,,,,,,,,,,,,,,,,,,,
200,7711394,0096771139470,76771139402,,EA,10,2026-06-03,,,,,,,,,,,,,,,,,,,,,
200,7711388,0096771138810,76771138801,,EA,144,2026-06-03,,,,,,,,,,,,,,,,,,,,,
200,7711376,0096771137660,76771137601,,EA,7,2026-07-14,,,,,,,,,,,,,,,,,,,,,
200,7711376,0096771137670,76771137602,,EA,20,2026-07-14,,,,,,,,,,,,,,,,,,,,,
200,7711376,0096771137680,76771137603,,EA,1,2026-07-14,,,,,,,,,,,,,,,,,,,,,
200,7711376,0096771137690,76771137604,,EA,1,2026-07-14,,,,,,,,,,,,,,,,,,,,,
200,7711376,00967711376100,76771137605,,EA,2,2026-07-14,,,,,,,,,,,,,,,,,,,,,
200,7711369,0096771136910,76771136901,,EA,4,2026-08-12,,,,,,,,,,,,,,,,,,,,,
200,7711369,0096771136920,76771136902,,EA,4,2026-08-12,,,,,,,,,,,,,,,,,,,,,
200,7711369,0096771136930,76771136903,,EA,2,2026-08-12,,,,,,,,,,,,,,,,,,,,,
200,7711369,0096771136940,76771136904,,EA,2,2026-08-12,,,,,,,,,,,,,,,,,,,,,
200,7711369,0096771136950,76771136905,,EA,1,2026-08-12,,,,,,,,,,,,,,,,,,,,,
200,7711369,0096771136960,76771136906,,EA,2,2026-08-12,,,,,,,,,,,,,,,,,,,,,
200,7711369,0096771136970,76771136907,,EA,2,2026-08-12,,,,,,,,,,,,,,,,,,,,,
200,7711369,0096771136980,76771136908,,EA,1,2026-08-12,,,,,,,,,,,,,,,,,,,,,
200,7711364,0096771136410,76771136401,,EA,6,2026-06-04,,,,,,,,,,,,,,,,,,,,,
200,7711351,0096771135110,76771135101,,EA,144,2026-06-03,,,,,,,,,,,,,,,,,,,,,
200,7711351,0096771135120,76771135102,,IN,47,2026-06-03,,,,,,,,,,,,,,,,,,,,,
200,7711351,0096771135150,76771135103,,IN,263,2026-06-10,,,,,,,,,,,,,,,,,,,,,
200,7711351,0096771135160,76771135104,,IN,260,2026-06-10,,,,,,,,,,,,,,,,,,,,,
200,7711345,0096771134510,76771134501,,EA,1000,2026-07-28,,,,,,,,,,,,,,,,,,,,,
200,7711345,0096771134530,76771134502,,EA,1000,2026-07-28,,,,,,,,,,,,,,,,,,,,,
200,7711345,0096771134550,76771134503,,EA,1000,2026-07-29,,,,,,,,,,,,,,,,,,,,,
200,7711321,0096771132120,76771132101,,EA,30,2026-08-18,,,,,,,,,,,,,,,,,,,,,
200,7711321,0096771132120,76771132102,,EA,30,2026-08-18,,,,,,,,,,,,,,,,,,,,,
200,7711317,0096771131710,76771131701,,IN,120,2026-05-27,,,,,,,,,,,,,,,,,,,,,
200,7711317,0096771131720,76771131702,,IN,120,2026-05-27,,,,,,,,,,,,,,,,,,,,,
200,7711317,0096771131730,76771131703,,IN,262,2026-05-27,,,,,,,,,,,,,,,,,,,,,
200,7711303,0096771130310,76771130301,,EA,1,2026-05-21,,,,,,,,,,,,,,,,,,,,,
200,7711299,0096771129930,76771129901,,IN,120,2026-05-29,,,,,,,,,,,,,,,,,,,,,
200,7711299,0096771129940,76771129902,,IN,292,2026-05-29,,,,,,,,,,,,,,,,,,,,,
200,7711299,0096771129940,76771129905,,IN,6,2026-06-01,,,,,,,,,,,,,,,,,,,,,
200,7711299,0096771129950,76771129906,,IN,289,2026-06-01,,,,,,,,,,,,,,,,,,,,,
200,7711299,0096771129950,76771129907,,IN,-292,2026-05-29,,,,,,,,,,,,,,,,,,,,,
200,7711299,0096771129950,76771129903,,IN,292,2026-05-29,,,,,,,,,,,,,,,,,,,,,
200,7711299,0096771129960,76771129904,,IN,260,2026-05-29,,,,,,,,,,,,,,,,,,,,,
200,7711262,0096771126210,76771126201,,IN,149,2026-05-15,,,,,,,,,,,,,,,,,,,,,
200,7711260,0096771126010,76771126001,,EA,1,2026-05-28,,,,,,,,,,,,,,,,,,,,,
200,7711259,0096771125930,76771125901,,EA,3,2026-05-29,,,,,,,,,,,,,,,,,,,,,
200,7711255,0096771125510,76771125501,,IN,945,2026-07-10,,,,,,,,,,,,,,,,,,,,,
200,7711255,0096771125520,76771125502,,IN,4082,2026-07-10,,,,,,,,,,,,,,,,,,,,,
200,7711255,0096771125520,76771125508,,IN,-5472,2026-08-20,,,,,,,,,,,,,,,,,,,,,
200,7711255,0096771125520,76771125509,,IN,1811,2026-08-20,,,,,,,,,,,,,,,,,,,,,
200,7711255,0096771125520,76771125506,,IN,-4082,2026-08-20,,,,,,,,,,,,,,,,,,,,,
200,7711255,0096771125520,767711255012,,IN,5472,2026-08-20,,,,,,,,,,,,,,,,,,,,,
200,7711255,0096771125530,76771125503,,IN,827,2026-07-10,,,,,,,,,,,,,,,,,,,,,
200,7711255,0096771125540,76771125504,,IN,354,2026-07-10,,,,,,,,,,,,,,,,,,,,,
200,7711255,0096771125550,76771125505,,IN,1264,2026-07-10,,,,,,,,,,,,,,,,,,,,,
200,7711255,0096771125550,767711255010,,IN,-2455,2026-08-20,,,,,,,,,,,,,,,,,,,,,
200,7711255,0096771125550,767711255011,,IN,708,2026-08-20,,,,,,,,,,,,,,,,,,,,,
200,7711255,0096771125550,767711255013,,IN,2455,2026-08-20,,,,,,,,,,,,,,,,,,,,,
200,7711255,0096771125550,76771125507,,IN,-1264,2026-08-20,,,,,,,,,,,,,,,,,,,,,
200,7711235,0096771123520,76771123501,,IN,288,2026-05-27,,,,,,,,,,,,,,,,,,,,,
200,7711235,0096771123550,76771123502,,IN,262,2026-05-27,,,,,,,,,,,,,,,,,,,,,
200,7711216,0096771121630,76771121601,,EA,30,2026-07-23,,,,,,,,,,,,,,,,,,,,,
200,7711216,0096771121630,76771121602,,EA,70,2026-07-23,,,,,,,,,,,,,,,,,,,,,
200,7711216,0096771121630,76771121603,,EA,-70,2026-08-10,,,,,,,,,,,,,,,,,,,,,
200,7711216,0096771121630,76771121604,,EA,19,2026-08-18,,,,,,,,,,,,,,,,,,,,,
200,7711207,0096771120710,76771120701,,EA,144,2026-05-12,,,,,,,,,,,,,,,,,,,,,
200,7711198,0096771119820,76771119801,,IN,149,2026-05-13,,,,,,,,,,,,,,,,,,,,,
200,7711189,0096771118910,76771118901,,EA,2,2026-05-08,,,,,,,,,,,,,,,,,,,,,
200,7711189,0096771118920,76771118902,,EA,2,2026-05-08,,,,,,,,,,,,,,,,,,,,,
200,7711189,0096771118930,76771118903,,EA,1,2026-05-08,,,,,,,,,,,,,,,,,,,,,
200,7711189,0096771118940,76771118904,,EA,4,2026-05-08,,,,,,,,,,,,,,,,,,,,,
200,7711189,0096771118950,76771118905,,EA,3,2026-05-08,,,,,,,,,,,,,,,,,,,,,
200,7711189,0096771118960,76771118906,,EA,6,2026-05-08,,,,,,,,,,,,,,,,,,,,,
200,7711189,0096771118970,76771118907,,EA,2,2026-05-08,,,,,,,,,,,,,,,,,,,,,
200,7711189,0096771118980,76771118908,,EA,2,2026-05-08,,,,,,,,,,,,,,,,,,,,,
200,7711189,0096771118990,76771118909,,EA,1,2026-05-08,,,,,,,,,,,,,,,,,,,,,
200,7711189,00967711189100,767711189010,,EA,3,2026-05-08,,,,,,,,,,,,,,,,,,,,,
200,7711189,00967711189110,767711189011,,EA,3,2026-05-08,,,,,,,,,,,,,,,,,,,,,
200,7711189,00967711189120,767711189012,,EA,4,2026-05-08,,,,,,,,,,,,,,,,,,,,,
200,7711176,0096771117640,76771117601,,IN,134,2026-05-12,,,,,,,,,,,,,,,,,,,,,
200,7711126,00967711126100,76771112601,,EA,1,2026-08-17,,,,,,,,,,,,,,,,,,,,,
200,7711126,00967711126110,76771112602,,EA,1,2026-08-17,,,,,,,,,,,,,,,,,,,,,
200,7711108,0096771110840,76771110801,,IN,290,2026-05-04,,,,,,,,,,,,,,,,,,,,,
200,7711108,0096771110860,76771110802,,IN,284,2026-05-04,,,,,,,,,,,,,,,,,,,,,
200,7711088,0096771108840,76771108801,,IN,2160,2026-06-17,,,,,,,,,,,,,,,,,,,,,
200,7711081,0096771108110,76771108101,,IN,1420,2026-05-26,,,,,,,,,,,,,,,,,,,,,
200,7711081,0096771108120,76771108102,,IN,945,2026-05-26,,,,,,,,,,,,,,,,,,,,,
200,7711081,0096771108130,76771108103,,IN,709,2026-05-26,,,,,,,,,,,,,,,,,,,,,
200,7711081,0096771108140,76771108104,,IN,472,2026-05-26,,,,,,,,,,,,,,,,,,,,,
200,7711081,0096771108150,76771108105,,IN,591,2026-05-26,,,,,,,,,,,,,,,,,,,,,
200,7711081,0096771108160,76771108106,,IN,1180,2026-08-20,,,,,,,,,,,,,,,,,,,,,
200,7711081,0096771108170,76771108107,,IN,540,2026-05-26,,,,,,,,,,,,,,,,,,,,,
200,7711081,0096771108180,76771108108,,IN,472,2026-05-29,,,,,,,,,,,,,,,,,,,,,
200,7711081,0096771108190,76771108109,,IN,591,2026-05-26,,,,,,,,,,,,,,,,,,,,,
200,7711081,00967711081100,767711081010,,IN,4020,2026-08-20,,,,,,,,,,,,,,,,,,,,,
200,7711081,00967711081110,767711081011,,IN,236,2026-05-26,,,,,,,,,,,,,,,,,,,,,
200,7711081,00967711081120,767711081012,,IN,1770,2026-05-29,,,,,,,,,,,,,,,,,,,,,
200,7711081,00967711081130,767711081013,,IN,236,2026-05-26,,,,,,,,,,,,,,,,,,,,,
200,7711077,00967711077110,76771107701,,EA,25,2026-04-30,,,,,,,,,,,,,,,,,,,,,
200,7711071,0096771107110,76771107101,,EA,144,2026-05-04,,,,,,,,,,,,,,,,,,,,,
200,7711071,0096771107140,76771107102,,IN,276,2026-05-04,,,,,,,,,,,,,,,,,,,,,
200,7711071,0096771107150,76771107103,,IN,120,2026-05-04,,,,,,,,,,,,,,,,,,,,,
200,7711071,0096771107160,76771107104,,IN,288,2026-05-04,,,,,,,,,,,,,,,,,,,,,
200,7711071,0096771107170,76771107105,,IN,120,2026-05-04,,,,,,,,,,,,,,,,,,,,,
200,7711071,0096771107180,76771107106,,IN,120,2026-05-04,,,,,,,,,,,,,,,,,,,,,
200,7711071,0096771107190,76771107107,,IN,426,2026-05-04,,,,,,,,,,,,,,,,,,,,,
200,7711071,00967711071100,76771107108,,IN,290,2026-05-04,,,,,,,,,,,,,,,,,,,,,
200,7711071,00967711071110,76771107109,,IN,588,2026-05-04,,,,,,,,,,,,,,,,,,,,,
200,7711071,00967711071120,767711071010,,IN,292,2026-05-04,,,,,,,,,,,,,,,,,,,,,
200,7711071,00967711071130,767711071011,,IN,504,2026-05-04,,,,,,,,,,,,,,,,,,,,,
200,7711062,0096771106210,76771106201,,EA,10,2026-04-30,,,,,,,,,,,,,,,,,,,,,
200,7711039,0096771103910,76771103901,,EA,2,2026-09-11,,,,,,,,,,,,,,,,,,,,,
200,7710999,0096771099910,76771099901,,EA,50,2026-07-09,,,,,,,,,,,,,,,,,,,,,
200,7710999,0096771099910,76771099902,,EA,-25,2026-07-09,,,,,,,,,,,,,,,,,,,,,
200,7710999,0096771099910,76771099903,,EA,25,2026-09-03,,,,,,,,,,,,,,,,,,,,,
200,7710995,0096771099510,76771099501,,EA,1,2026-04-22,,,,,,,,,,,,,,,,,,,,,
200,7710993,00967710993170,76771099301,,EA,2,2026-04-30,,,,,,,,,,,,,,,,,,,,,
200,7710929,0096771092930,76771092901,,IN,120,2026-04-14,,,,,,,,,,,,,,,,,,,,,
200,7710929,0096771092940,76771092902,,EA,144,2026-04-10,,,,,,,,,,,,,,,,,,,,,
200,7710899,0096771089910,76771089901,,EA,144,2026-04-08,,,,,,,,,,,,,,,,,,,,,
200,7710899,0096771089940,76771089902,,IN,139,2026-04-08,,,,,,,,,,,,,,,,,,,,,
200,7710899,0096771089950,76771089903,,IN,294,2026-04-08,,,,,,,,,,,,,,,,,,,,,
200,7710899,0096771089960,76771089904,,IN,274,2026-04-08,,,,,,,,,,,,,,,,,,,,,
200,7710899,0096771089970,76771089905,,IN,120,2026-04-10,,,,,,,,,,,,,,,,,,,,,
200,7710881,0096771088190,76771088101,,EA,29,2026-03-30,,,,,,,,,,,,,,,,,,,,,
200,7710863,0096771086340,76771086301,,EA,50,2026-03-31,,,,,,,,,,,,,,,,,,,,,
200,7710863,0096771086340,76771086302,,EA,-43,2026-07-17,,,,,,,,,,,,,,,,,,,,,
200,7710862,00967710862260,76771086201,,EA,15,2026-04-02,,,,,,,,,,,,,,,,,,,,,
200,7710859,0096771085920,76771085901,,IN,292,2026-04-08,,,,,,,,,,,,,,,,,,,,,
200,7710859,0096771085940,76771085902,,IN,127,2026-04-01,,,,,,,,,,,,,,,,,,,,,
200,7710859,0096771085950,76771085903,,IN,288,2026-04-01,,,,,,,,,,,,,,,,,,,,,
200,7710859,0096771085960,76771085904,,IN,266,2026-04-01,,,,,,,,,,,,,,,,,,,,,
200,7710844,0096771084410,76771084401,,EA,187,2026-05-06,,,,,,,,,,,,,,,,,,,,,
200,7710823,0096771082310,76771082301,,IN,120,2026-03-30,,,,,,,,,,,,,,,,,,,,,
200,7710806,0096771080620,76771080601,,EA,85,2026-04-13,,,,,,,,,,,,,,,,,,,,,
200,7710806,0096771080620,76771080602,,EA,160,2026-05-12,,,,,,,,,,,,,,,,,,,,,
200,7710806,0096771080620,76771080603,,EA,85,2026-04-28,,,,,,,,,,,,,,,,,,,,,
200,7710806,0096771080620,76771080604,,EA,85,2026-04-28,,,,,,,,,,,,,,,,,,,,,
200,7710806,0096771080620,76771080605,,EA,140,2026-04-24,,,,,,,,,,,,,,,,,,,,,
200,7710806,0096771080620,76771080606,,EA,75,2026-04-17,,,,,,,,,,,,,,,,,,,,,
200,7710798,0096771079830,76771079801,,IN,290,2026-03-23,,,,,,,,,,,,,,,,,,,,,
200,7710798,0096771079840,76771079802,,IN,138,2026-04-24,,,,,,,,,,,,,,,,,,,,,
200,7710798,0096771079850,76771079803,,IN,294,2026-03-23,,,,,,,,,,,,,,,,,,,,,
200,7710782,0096771078210,76771078201,,EA,14,2026-04-10,,,,,,,,,,,,,,,,,,,,,
200,7710782,0096771078210,76771078202,,EA,-6,2026-04-17,,,,,,,,,,,,,,,,,,,,,
200,7710782,0096771078210,76771078203,,EA,6,2026-06-16,,,,,,,,,,,,,,,,,,,,,
200,7710782,0096771078210,76771078204,,EA,6,2026-04-10,,,,,,,,,,,,,,,,,,,,,
200,7710775,0096771077530,76771077501,,IN,260,2026-03-23,,,,,,,,,,,,,,,,,,,,,
200,7710739,0096771073930,76771073901,,IN,288,2026-03-16,,,,,,,,,,,,,,,,,,,,,
200,7710674,0096771067410,76771067401,,EA,144,2026-03-09,,,,,,,,,,,,,,,,,,,,,
200,7710674,0096771067450,76771067402,,IN,120,2026-03-09,,,,,,,,,,,,,,,,,,,,,
200,7710674,0096771067470,76771067403,,IN,292,2026-03-09,,,,,,,,,,,,,,,,,,,,,
200,7710674,0096771067480,76771067404,,IN,274,2026-03-09,,,,,,,,,,,,,,,,,,,,,
200,7710642,0096771064230,76771064201,,IN,298,2026-03-09,,,,,,,,,,,,,,,,,,,,,
200,7710642,0096771064240,76771064202,,IN,290,2026-03-09,,,,,,,,,,,,,,,,,,,,,
200,7710642,0096771064250,76771064203,,IN,120,2026-03-09,,,,,,,,,,,,,,,,,,,,,
200,7710642,0096771064260,76771064204,,IN,254,2026-03-09,,,,,,,,,,,,,,,,,,,,,
200,7710642,0096771064270,76771064205,,IN,294,2026-03-09,,,,,,,,,,,,,,,,,,,,,
200,7710642,0096771064280,76771064206,,IN,252,2026-03-09,,,,,,,,,,,,,,,,,,,,,
200,7710642,0096771064290,76771064207,,IN,252,2026-03-09,,,,,,,,,,,,,,,,,,,,,
200,7710642,00967710642100,76771064208,,IN,266,2026-03-09,,,,,,,,,,,,,,,,,,,,,
200,7710642,00967710642110,76771064209,,IN,266,2026-03-09,,,,,,,,,,,,,,,,,,,,,
200,7710593,0096771059350,76771059301,,IN,127,2026-02-23,,,,,,,,,,,,,,,,,,,,,
200,7710593,0096771059390,76771059302,,IN,266,2026-02-25,,,,,,,,,,,,,,,,,,,,,
200,7710517,0096771051730,76771051701,,IN,288,2026-02-23,,,,,,,,,,,,,,,,,,,,,
200,7710517,0096771051740,76771051702,,IN,120,2026-02-23,,,,,,,,,,,,,,,,,,,,,
200,7710506,0096771050610,767710506048,,EA,10,2026-04-02,,,,,,,,,,,,,,,,,,,,,
200,7710506,0096771050610,767710506057,,EA,10,2026-08-14,,,,,,,,,,,,,,,,,,,,,
200,7710506,0096771050610,767710506014,,EA,5,2026-06-30,,,,,,,,,,,,,,,,,,,,,
200,7710506,0096771050610,767710506018,,EA,-10,2026-05-14,,,,,,,,,,,,,,,,,,,,,
200,7710506,0096771050610,767710506019,,EA,-10,2026-05-08,,,,,,,,,,,,,,,,,,,,,
200,7710506,0096771050610,767710506020,,EA,10,2026-05-14,,,,,,,,,,,,,,,,,,,,,
200,7710506,0096771050610,767710506038,,EA,10,2026-05-14,,,,,,,,,,,,,,,,,,,,,
200,7710506,0096771050610,76771050601,,EA,10,2026-04-01,,,,,,,,,,,,,,,,,,,,,
200,7710506,0096771050620,76771050602,,EA,5,2026-03-25,,,,,,,,,,,,,,,,,,,,,
200,7710506,0096771050620,767710506039,,EA,10,2026-05-14,,,,,,,,,,,,,,,,,,,,,
200,7710506,0096771050620,767710506032,,EA,-10,2026-05-08,,,,,,,,,,,,,,,,,,,,,
200,7710506,0096771050620,767710506033,,EA,5,2026-06-30,,,,,,,,,,,,,,,,,,,,,
200,7710506,0096771050620,767710506047,,EA,10,2026-04-01,,,,,,,,,,,,,,,,,,,,,
200,7710506,0096771050620,767710506015,,EA,5,2026-08-14,,,,,,,,,,,,,,,,,,,,,
200,7710506,0096771050620,767710506058,,EA,5,2026-08-14,,,,,,,,,,,,,,,,,,,,,
200,7710506,0096771050620,767710506049,,EA,10,2026-04-02,,,,,,,,,,,,,,,,,,,,,
200,7710506,0096771050630,767710506050,,EA,15,2026-04-02,,,,,,,,,,,,,,,,,,,,,
200,7710506,0096771050630,767710506059,,EA,10,2026-08-14,,,,,,,,,,,,,,,,,,,,,
200,7710506,0096771050630,767710506062,,EA,15,2026-09-01,,,,,,,,,,,,,,,,,,,,,
200,7710506,0096771050630,767710506067,,EA,5,2026-08-28,,,,,,,,,,,,,,,,,,,,,
200,7710506,0096771050630,767710506021,,EA,-15,2026-05-08,,,,,,,,,,,,,,,,,,,,,
200,7710506,0096771050630,767710506022,,EA,15,2026-05-14,,,,,,,,,,,,,,,,,,,,,
200,7710506,0096771050630,767710506017,,EA,15,2026-06-30,,,,,,,,,,,,,,,,,,,,,
200,7710506,0096771050630,767710506040,,EA,5,2026-05-14,,,,,,,,,,,,,,,,,,,,,
200,7710506,0096771050630,76771050603,,EA,15,2026-04-01,,,,,,,,,,,,,,,,,,,,,
200,7710506,0096771050640,76771050604,,EA,10,2026-04-13,,,,,,,,,,,,,,,,,,,,,
200,7710506,0096771050640,767710506037,,EA,10,2026-06-30,,,,,,,,,,,,,,,,,,,,,
200,7710506,0096771050650,767710506045,,EA,25,2026-05-14,,,,,,,,,,,,,,,,,,,,,
200,7710506,0096771050650,767710506016,,EA,25,2026-07-20,,,,,,,,,,,,,,,,,,,,,
200,7710506,0096771050650,767710506024,,EA,-25,2026-05-08,,,,,,,,,,,,,,,,,,,,,
200,7710506,0096771050650,767710506025,,EA,25,2026-05-29,,,,,,,,,,,,,,,,,,,,,
200,7710506,0096771050650,767710506063,,EA,25,2026-09-01,,,,,,,,,,,,,,,,,,,,,
200,7710506,0096771050650,767710506051,,EA,25,2026-04-02,,,,,,,,,,,,,,,,,,,,,
200,7710506,0096771050650,76771050605,,EA,25,2026-02-24,,,,,,,,,,,,,,,,,,,,,
200,7710506,0096771050650,767710506010,,EA,25,2026-04-01,,,,,,,,,,,,,,,,,,,,,
200,7710506,0096771050660,767710506011,,EA,50,2026-04-01,,,,,,,,,,,,,,,,,,,,,
200,7710506,0096771050660,76771050606,,EA,50,2026-02-24,,,,,,,,,,,,,,,,,,,,,
200,7710506,0096771050660,767710506064,,EA,50,2026-09-01,,,,,,,,,,,,,,,,,,,,,
200,7710506,0096771050660,767710506054,,EA,50,2026-04-02,,,,,,,,,,,,,,,,,,,,,
200,7710506,0096771050660,767710506026,,EA,-50,2026-05-08,,,,,,,,,,,,,,,,,,,,,
200,7710506,0096771050660,767710506027,,EA,50,2026-05-14,,,,,,,,,,,,,,,,,,,,,
200,7710506,0096771050660,767710506042,,EA,50,2026-07-20,,,,,,,,,,,,,,,,,,,,,
200,7710506,0096771050670,767710506043,,EA,25,2026-07-20,,,,,,,,,,,,,,,,,,,,,
200,7710506,0096771050670,767710506028,,EA,-25,2026-05-08,,,,,,,,,,,,,,,,,,,,,
200,7710506,0096771050670,767710506029,,EA,25,2026-05-14,,,,,,,,,,,,,,,,,,,,,
200,7710506,0096771050670,767710506053,,EA,25,2026-04-02,,,,,,,,,,,,,,,,,,,,,
200,7710506,0096771050670,767710506065,,EA,25,2026-09-01,,,,,,,,,,,,,,,,,,,,,
200,7710506,0096771050670,76771050607,,EA,25,2026-02-24,,,,,,,,,,,,,,,,,,,,,
200,7710506,0096771050670,767710506012,,EA,25,2026-04-01,,,,,,,,,,,,,,,,,,,,,
200,7710506,0096771050680,767710506013,,EA,25,2026-04-01,,,,,,,,,,,,,,,,,,,,,
200,7710506,0096771050680,76771050608,,EA,25,2026-02-24,,,,,,,,,,,,,,,,,,,,,
200,7710506,0096771050680,767710506066,,EA,25,2026-09-01,,,,,,,,,,,,,,,,,,,,,
200,7710506,0096771050680,767710506052,,EA,25,2026-04-02,,,,,,,,,,,,,,,,,,,,,
200,7710506,0096771050680,767710506030,,EA,-25,2026-05-08,,,,,,,,,,,,,,,,,,,,,
200,7710506,0096771050680,767710506031,,EA,25,2026-05-14,,,,,,,,,,,,,,,,,,,,,
200,7710506,0096771050680,767710506044,,EA,25,2026-07-20,,,,,,,,,,,,,,,,,,,,,
200,7710506,0096771050680,767710506046,,EA,-25,2026-03-25,,,,,,,,,,,,,,,,,,,,,
200,7710506,0096771050690,767710506041,,EA,45,2026-05-08,,,,,,,,,,,,,,,,,,,,,
200,7710506,0096771050690,767710506034,,EA,-45,2026-05-08,,,,,,,,,,,,,,,,,,,,,
200,7710506,0096771050690,767710506035,,EA,45,2026-05-14,,,,,,,,,,,,,,,,,,,,,
200,7710506,0096771050690,767710506036,,EA,45,2026-05-14,,,,,,,,,,,,,,,,,,,,,
200,7710506,0096771050690,767710506023,,EA,-45,2026-05-08,,,,,,,,,,,,,,,,,,,,,
200,7710506,0096771050690,767710506060,,EA,45,2026-05-14,,,,,,,,,,,,,,,,,,,,,
200,7710506,0096771050690,767710506061,,EA,45,2026-05-14,,,,,,,,,,,,,,,,,,,,,
200,7710506,0096771050690,767710506055,,EA,45,2026-04-02,,,,,,,,,,,,,,,,,,,,,
200,7710506,0096771050690,76771050609,,EA,45,2026-04-01,,,,,,,,,,,,,,,,,,,,,
200,7710506,00967710506110,767710506056,,EA,45,2026-04-02,,,,,,,,,,,,,,,,,,,,,
200,7710478,0096771047840,76771047801,,IN,120,2026-02-16,,,,,,,,,,,,,,,,,,,,,
200,7710478,0096771047860,76771047802,,IN,500,2026-02-16,,,,,,,,,,,,,,,,,,,,,
200,7710474,0096771047420,76771047401,,IN,283,2026-02-09,,,,,,,,,,,,,,,,,,,,,
200,7710474,0096771047430,76771047402,,IN,120,2026-02-09,,,,,,,,,,,,,,,,,,,,,
200,7710474,0096771047450,76771047403,,IN,120,2026-02-09,,,,,,,,,,,,,,,,,,,,,
200,7710474,0096771047460,76771047404,,IN,274,2026-03-02,,,,,,,,,,,,,,,,,,,,,
200,7710474,0096771047480,76771047405,,IN,274,2026-02-09,,,,,,,,,,,,,,,,,,,,,
200,7710474,0096771047490,76771047406,,IN,266,2026-03-09,,,,,,,,,,,,,,,,,,,,,
200,7710425,0096771042540,76771042501,,EA,50,2026-02-20,,,,,,,,,,,,,,,,,,,,,
200,7710425,0096771042590,76771042502,,EA,50,2026-02-20,,,,,,,,,,,,,,,,,,,,,
200,7710425,00967710425120,76771042503,,EA,50,2026-02-05,,,,,,,,,,,,,,,,,,,,,
200,7710418,0096771041860,76771041801,,IN,453,2026-03-04,,,,,,,,,,,,,,,,,,,,,
200,7710418,0096771041870,76771041802,,IN,123,2026-02-04,,,,,,,,,,,,,,,,,,,,,
200,7710409,0096771040910,76771040901,,IN,576,2026-03-16,,,,,,,,,,,,,,,,,,,,,
200,7710352,0096771035270,76771035201,,IN,239,2026-03-02,,,,,,,,,,,,,,,,,,,,,
200,7710319,0096771031940,76771031901,,EA,100,2026-02-27,,,,,,,,,,,,,,,,,,,,,
200,7710312,0096771031220,76771031201,,EA,1,2026-01-30,,,,,,,,,,,,,,,,,,,,,
200,7710312,0096771031220,76771031202,,EA,2,2026-01-30,,,,,,,,,,,,,,,,,,,,,
200,7710284,0096771028450,76771028401,,IN,290,2026-01-20,,,,,,,,,,,,,,,,,,,,,
200,7710284,0096771028460,76771028402,,IN,294,2026-01-20,,,,,,,,,,,,,,,,,,,,,
200,7710284,0096771028470,76771028403,,IN,250,2026-02-16,,,,,,,,,,,,,,,,,,,,,
200,7710266,0096771026610,76771026601,,EA,1,2026-08-20,,,,,,,,,,,,,,,,,,,,,
200,7710216,0096771021630,76771021601,,IN,141,2026-01-14,,,,,,,,,,,,,,,,,,,,,
200,7710216,0096771021640,76771021602,,IN,288,2026-01-14,,,,,,,,,,,,,,,,,,,,,
200,7710216,0096771021650,76771021603,,IN,288,2026-01-14,,,,,,,,,,,,,,,,,,,,,
200,7710216,0096771021660,76771021604,,IN,288,2026-01-14,,,,,,,,,,,,,,,,,,,,,
200,7710189,0096771018930,76771018901,,EA,19,2026-01-05,,,,,,,,,,,,,,,,,,,,,
200,7710072,0096771007230,76771007201,,IN,208,2025-12-15,,,,,,,,,,,,,,,,,,,,,
200,7710072,0096771007250,76771007202,,IN,264,2025-12-17,,,,,,,,,,,,,,,,,,,,,
200,7710072,0096771007250,76771007203,,IN,120,2025-12-19,,,,,,,,,,,,,,,,,,,,,
200,7710027,0096771002750,76771002701,,IN,528,2025-12-05,,,,,,,,,,,,,,,,,,,,,
200,7709970,0096770997060,76770997001,,IN,212,2025-12-01,,,,,,,,,,,,,,,,,,,,,
200,7709882,0096770988240,76770988201,,IN,286,2025-12-03,,,,,,,,,,,,,,,,,,,,,
200,7709613,00967709613240,76770961301,,EA,4,2025-12-23,,,,,,,,,,,,,,,,,,,,,
200,7709613,00967709613240,76770961302,,EA,-4,2026-01-07,,,,,,,,,,,,,,,,,,,,,
200,7709613,00967709613240,76770961303,,EA,-4,2025-12-23,,,,,,,,,,,,,,,,,,,,,
200,7709613,00967709613240,76770961304,,EA,4,2026-01-07,,,,,,,,,,,,,,,,,,,,,
200,7709439,0096770943910,76770943901,,IN,138,2025-10-06,,,,,,,,,,,,,,,,,,,,,
200,7709380,0096770938010,76770938001,,EA,1,2025-09-24,,,,,,,,,,,,,,,,,,,,,
200,7709380,0096770938010,76770938002,,EA,-1,2025-10-22,,,,,,,,,,,,,,,,,,,,,
200,7709254,0096770925410,76770925401,,EA,-2,2025-09-11,,,,,,,,,,,,,,,,,,,,,
200,7709254,0096770925410,76770925402,,EA,2,2025-09-04,,,,,,,,,,,,,,,,,,,,,
200,7709028,0096770902830,76770902801,,EA,50,2025-08-26,,,,,,,,,,,,,,,,,,,,,
200,7709028,0096770902830,76770902802,,EA,-50,2025-09-05,,,,,,,,,,,,,,,,,,,,,
200,7708931,0096770893180,76770893101,,EA,4,2025-08-15,,,,,,,,,,,,,,,,,,,,,
200,7708931,0096770893180,76770893102,,EA,-1,2025-08-15,,,,,,,,,,,,,,,,,,,,,
200,7708785,0096770878510,76770878501,,EA,1,2025-06-06,,,,,,,,,,,,,,,,,,,,,
200,7708785,0096770878510,76770878502,,EA,-1,2025-06-10,,,,,,,,,,,,,,,,,,,,,
200,7708785,0096770878510,76770878503,,EA,1,2025-06-06,,,,,,,,,,,,,,,,,,,,,
200,7708382,0096770838280,76770838201,,EA,4,2025-06-12,,,,,,,,,,,,,,,,,,,,,
200,7708231,0096770823110,76770823101,,EA,65,2025-03-21,,,,,,,,,,,,,,,,,,,,,
200,7707996,0096770799610,76770799601,,EA,99,2025-04-25,,,,,,,,,,,,,,,,,,,,,
200,7707941,0096770794130,76770794101,,EA,29,2025-03-06,,,,,,,,,,,,,,,,,,,,,
200,7707933,0096770793310,76770793301,,EA,18,2025-02-19,,,,,,,,,,,,,,,,,,,,,
200,7707788,0096770778810,76770778801,,EA,15,2025-02-06,,,,,,,,,,,,,,,,,,,,,
200,7707710,00967707710160,76770771001,,EA,114,2025-02-13,,,,,,,,,,,,,,,,,,,,,
200,7707462,0096770746210,767707462051,,EA,10,2025-06-09,,,,,,,,,,,,,,,,,,,,,
200,7707462,0096770746210,767707462031,,EA,10,2025-11-06,,,,,,,,,,,,,,,,,,,,,
200,7707462,0096770746210,767707462032,,EA,10,2025-12-29,,,,,,,,,,,,,,,,,,,,,
200,7707462,0096770746210,76770746201,,EA,10,2025-07-17,,,,,,,,,,,,,,,,,,,,,
200,7707462,0096770746210,76770746207,,EA,10,2025-05-08,,,,,,,,,,,,,,,,,,,,,
200,7707462,0096770746210,767707462017,,EA,10,2025-08-11,,,,,,,,,,,,,,,,,,,,,
200,7707462,0096770746210,767707462019,,EA,10,2025-09-17,,,,,,,,,,,,,,,,,,,,,
200,7707462,0096770746210,767707462034,,EA,10,2026-02-11,,,,,,,,,,,,,,,,,,,,,
200,7707462,0096770746210,767707462035,,EA,10,2025-02-04,,,,,,,,,,,,,,,,,,,,,
200,7707462,0096770746210,767707462025,,EA,10,2025-11-06,,,,,,,,,,,,,,,,,,,,,
200,7707462,0096770746210,767707462042,,EA,10,2025-03-06,,,,,,,,,,,,,,,,,,,,,
200,7707462,0096770746220,767707462043,,EA,5,2025-11-20,,,,,,,,,,,,,,,,,,,,,
200,7707462,0096770746220,767707462036,,EA,10,2025-02-04,,,,,,,,,,,,,,,,,,,,,
200,7707462,0096770746220,767707462033,,EA,5,2025-12-29,,,,,,,,,,,,,,,,,,,,,
200,7707462,0096770746240,767707462049,,EA,5,2025-10-16,,,,,,,,,,,,,,,,,,,,,
200,7707462,0096770746240,767707462037,,EA,10,2025-02-12,,,,,,,,,,,,,,,,,,,,,
200,7707462,0096770746240,767707462044,,EA,10,2025-05-20,,,,,,,,,,,,,,,,,,,,,
200,7707462,0096770746240,767707462026,,EA,5,2025-10-27,,,,,,,,,,,,,,,,,,,,,
200,7707462,0096770746240,767707462027,,EA,-5,2025-10-27,,,,,,,,,,,,,,,,,,,,,
200,7707462,0096770746250,767707462028,,EA,25,2025-12-29,,,,,,,,,,,,,,,,,,,,,
200,7707462,0096770746250,767707462045,,EA,25,2025-03-13,,,,,,,,,,,,,,,,,,,,,
200,7707462,0096770746250,767707462038,,EA,25,2025-02-19,,,,,,,,,,,,,,,,,,,,,
200,7707462,0096770746250,767707462021,,EA,25,2025-10-29,,,,,,,,,,,,,,,,,,,,,
200,7707462,0096770746250,76770746208,,EA,25,2025-06-09,,,,,,,,,,,,,,,,,,,,,
200,7707462,0096770746250,767707462013,,EA,25,2025-09-04,,,,,,,,,,,,,,,,,,,,,
200,7707462,0096770746250,76770746202,,EA,25,2025-07-15,,,,,,,,,,,,,,,,,,,,,
200,7707462,0096770746260,76770746203,,EA,50,2025-07-15,,,,,,,,,,,,,,,,,,,,,
200,7707462,0096770746260,767707462014,,EA,50,2025-09-04,,,,,,,,,,,,,,,,,,,,,
200,7707462,0096770746260,76770746209,,EA,50,2025-06-09,,,,,,,,,,,,,,,,,,,,,
200,7707462,0096770746260,767707462022,,EA,50,2025-10-29,,,,,,,,,,,,,,,,,,,,,
200,7707462,0096770746260,767707462039,,EA,50,2025-02-19,,,,,,,,,,,,,,,,,,,,,
200,7707462,0096770746260,767707462046,,EA,50,2025-03-13,,,,,,,,,,,,,,,,,,,,,
200,7707462,0096770746260,767707462029,,EA,50,2025-12-29,,,,,,,,,,,,,,,,,,,,,
200,7707462,0096770746270,767707462030,,EA,25,2025-12-29,,,,,,,,,,,,,,,,,,,,,
200,7707462,0096770746270,767707462047,,EA,25,2025-03-13,,,,,,,,,,,,,,,,,,,,,
200,7707462,0096770746270,767707462040,,EA,25,2025-02-19,,,,,,,,,,,,,,,,,,,,,
200,7707462,0096770746270,767707462023,,EA,25,2025-10-29,,,,,,,,,,,,,,,,,,,,,
200,7707462,0096770746270,767707462010,,EA,25,2025-06-09,,,,,,,,,,,,,,,,,,,,,
200,7707462,0096770746270,767707462015,,EA,25,2025-09-04,,,,,,,,,,,,,,,,,,,,,
200,7707462,0096770746270,76770746204,,EA,25,2025-07-15,,,,,,,,,,,,,,,,,,,,,
200,7707462,0096770746280,76770746205,,EA,25,2025-07-15,,,,,,,,,,,,,,,,,,,,,
200,7707462,0096770746280,767707462016,,EA,25,2025-09-04,,,,,,,,,,,,,,,,,,,,,
200,7707462,0096770746280,767707462011,,EA,25,2025-06-09,,,,,,,,,,,,,,,,,,,,,
200,7707462,0096770746280,767707462024,,EA,25,2025-12-29,,,,,,,,,,,,,,,,,,,,,
200,7707462,0096770746280,767707462041,,EA,25,2025-02-19,,,,,,,,,,,,,,,,,,,,,
200,7707462,0096770746280,767707462048,,EA,25,2025-03-13,,,,,,,,,,,,,,,,,,,,,
200,7707462,00967707462100,767707462020,,EA,90,2025-09-17,,,,,,,,,,,,,,,,,,,,,
200,7707462,00967707462100,767707462018,,EA,3,2025-08-11,,,,,,,,,,,,,,,,,,,,,
200,7707462,00967707462100,767707462012,,EA,42,2025-08-05,,,,,,,,,,,,,,,,,,,,,
200,7707462,00967707462100,76770746206,,EA,90,2025-03-13,,,,,,,,,,,,,,,,,,,,,
200,7707462,00967707462100,767707462050,,EA,-45,2025-04-03,,,,,,,,,,,,,,,,,,,,,
200,7707437,0096770743710,76770743701,,EA,1,2024-12-26,,,,,,,,,,,,,,,,,,,,,
200,7707437,0096770743710,76770743702,,EA,-1,2025-05-30,,,,,,,,,,,,,,,,,,,,,
200,7707357,0096770735710,76770735701,,EA,98,2025-02-26,,,,,,,,,,,,,,,,,,,,,
200,7707315,00967707315100,76770731501,,IN,230,2024-12-16,,,,,,,,,,,,,,,,,,,,,
200,7707304,0096770730410,76770730401,,EA,196,2025-02-17,,,,,,,,,,,,,,,,,,,,,
200,7707302,0096770730210,76770730201,,EA,11,2024-12-12,,,,,,,,,,,,,,,,,,,,,
200,7707302,0096770730210,76770730202,,EA,-2,2024-12-12,,,,,,,,,,,,,,,,,,,,,
200,7707149,0096770714940,76770714901,,IN,258,2024-11-20,,,,,,,,,,,,,,,,,,,,,
200,7706991,00967706991110,76770699101,,IN,208,2025-07-18,,,,,,,,,,,,,,,,,,,,,
200,7706964,0096770696410,76770696401,,EA,2,2024-10-30,,,,,,,,,,,,,,,,,,,,,
200,7706964,0096770696410,76770696402,,EA,-2,2024-10-30,,,,,,,,,,,,,,,,,,,,,
200,7706891,0096770689110,76770689101,,EA,94,2024-10-22,,,,,,,,,,,,,,,,,,,,,
200,7706756,0096770675610,76770675601,,EA,96,2024-12-23,,,,,,,,,,,,,,,,,,,,,
200,7706713,0096770671310,76770671301,,IN,7200,2024-10-04,,,,,,,,,,,,,,,,,,,,,
200,7706713,0096770671310,76770671302,,IN,-5616,2024-10-07,,,,,,,,,,,,,,,,,,,,,
200,7706615,0096770661510,76770661501,,EA,86,2024-09-27,,,,,,,,,,,,,,,,,,,,,
200,7703482,0096770348210,76770348201,,EA,-1,2026-05-08,,,,,,,,,,,,,,,,,,,,,
200,7703482,0096770348210,76770348202,,EA,1,2026-05-08,,,,,,,,,,,,,,,,,,,,,
200,7703482,0096770348210,76770348203,,EA,1,2026-04-17,,,,,,,,,,,,,,,,,,,,,
200,7703482,0096770348210,76770348204,,EA,24,2026-05-08,,,,,,,,,,,,,,,,,,,,,
200,7700870,0096770087010,76770087001,,EA,144,2026-04-23,,,,,,,,,,,,,,,,,,,,,
200,7700870,0096770087070,76770087002,,IN,294,2026-04-23,,,,,,,,,,,,,,,,,,,,,
200,7700870,0096770087080,76770087003,,IN,294,2026-04-23,,,,,,,,,,,,,,,,,,,,,
200,7700870,0096770087080,76770087005,,IN,-2,2026-04-23,,,,,,,,,,,,,,,,,,,,,
200,7700870,0096770087090,76770087004,,IN,262,2026-04-23,,,,,,,,,,,,,,,,,,,,,
200,7699553,0096769955310,76769955301,,EA,199,2025-07-31,,,,,,,,,,,,,,,,,,,,,
200,7694165,00967694165170,76769416501,,EA,50,2025-06-05,,,,,,,,,,,,,,,,,,,,,
200,7694165,00967694165170,76769416502,,EA,-7,2025-06-06,,,,,,,,,,,,,,,,,,,,,
200,61130338,00886113033810,91061130338102,,EA,3,2025-06-03,,,,,,,,,,,,,,,,,,,,,
200,61124331,00886112433190,91061124331902,01,EA,12,2023-10-27,,,,,,,,,,,,,,,,,,,,,
200,61124331,008861124331170,910611243311703,05,EA,25,2023-10-27,,,,,,,,,,,,,,,,,,,,,
200,61124331,008861124331170,910611243311702,02,EA,25,2023-10-27,,,,,,,,,,,,,,,,,,,,,
200,2100003074,0088210000307410,9102100003074101,54305329,EA,36,2026-06-20,,,,,,,,,,,,,,,,,,,,,
200,2100003074,0088210000307420,9102100003074201,54305329,EA,4,2026-06-22,,,,,,,,,,,,,,,,,,,,,
200,2100003073,0088210000307310,9102100003073101,90670042,EA,2,2026-06-20,,,,,,,,,,,,,,,,,,,,,
200,2100003073,0088210000307320,9102100003073201,90670042,EA,5,2026-06-20,,,,,,,,,,,,,,,,,,,,,
200,2100003073,0088210000307330,9102100003073301,90670042,EA,5,2026-06-20,,,,,,,,,,,,,,,,,,,,,
200,2100003073,0088210000307340,9102100003073401,90670042,EA,1,2026-06-20,,,,,,,,,,,,,,,,,,,,,
200,2100003073,0088210000307350,9102100003073501,90670042,EA,5,2026-06-20,,,,,,,,,,,,,,,,,,,,,
200,2100003073,0088210000307360,9102100003073601,90670042,EA,5,2026-06-20,,,,,,,,,,,,,,,,,,,,,
200,2100003073,0088210000307370,9102100003073701,90670042,EA,1,2026-06-20,,,,,,,,,,,,,,,,,,,,,
200,2100003073,0088210000307380,9102100003073801,90670042,EA,2,2026-06-20,,,,,,,,,,,,,,,,,,,,,
200,2100003073,0088210000307390,9102100003073901,90670042,EA,1,2026-06-20,,,,,,,,,,,,,,,,,,,,,
200,2100003073,00882100003073100,91021000030731001,90670042,EA,2,2026-06-20,,,,,,,,,,,,,,,,,,,,,
200,2100003073,00882100003073110,91021000030731101,92670042,EA,1,2026-06-20,,,,,,,,,,,,,,,,,,,,,
200,2100003073,00882100003073120,91021000030731201,90670042,EA,1,2026-06-20,,,,,,,,,,,,,,,,,,,,,
200,2100003073,00882100003073130,91021000030731301,90670042,EA,1,2026-06-20,,,,,,,,,,,,,,,,,,,,,
200,2100003073,00882100003073140,91021000030731401,90670042,EA,1,2026-06-20,,,,,,,,,,,,,,,,,,,,,
200,2100003073,00882100003073150,91021000030731501,90670042,EA,2,2026-06-20,,,,,,,,,,,,,,,,,,,,,
200,2100003073,00882100003073160,91021000030731601,90670042,EA,1,2026-06-20,,,,,,,,,,,,,,,,,,,,,
200,2100003073,00882100003073170,91021000030731701,0670042,EA,2,2026-06-20,,,,,,,,,,,,,,,,,,,,,
200,2100003073,00882100003073180,91021000030731801,90670042,EA,2,2026-06-20,,,,,,,,,,,,,,,,,,,,,
200,2100003073,00882100003073190,91021000030731901,90670042,EA,5,2026-06-20,,,,,,,,,,,,,,,,,,,,,
200,2100003073,00882100003073200,91021000030732001,90670042,EA,5,2026-06-20,,,,,,,,,,,,,,,,,,,,,
200,2100003072,0088210000307210,9102100003072101,2100003072,EA,1,2026-06-19,,,,,,,,,,,,,,,,,,,,,
200,2100003072,0088210000307220,9102100003072201,2100003072,EA,2,2026-06-20,,,,,,,,,,,,,,,,,,,,,
200,2100003072,0088210000307230,9102100003072301,2100003072,EA,1,2026-06-20,,,,,,,,,,,,,,,,,,,,,
200,2100003072,0088210000307240,9102100003072401,2100003072,EA,1,2026-06-20,,,,,,,,,,,,,,,,,,,,,
200,2100003072,0088210000307250,9102100003072501,2100003072,EA,3,2026-06-20,,,,,,,,,,,,,,,,,,,,,
200,2100003072,0088210000307260,9102100003072601,2100003072,EA,1,2026-06-20,,,,,,,,,,,,,,,,,,,,,
200,2100003072,0088210000307270,9102100003072701,2100003072,EA,3,2026-06-20,,,,,,,,,,,,,,,,,,,,,
200,2100003072,0088210000307280,9102100003072801,2100003072,EA,4,2026-06-20,,,,,,,,,,,,,,,,,,,,,
200,2100003072,0088210000307290,9102100003072901,2100003072,EA,1,2026-06-20,,,,,,,,,,,,,,,,,,,,,
200,2100003072,00882100003072100,91021000030721001,2100003072,EA,9,2026-06-20,,,,,,,,,,,,,,,,,,,,,
200,2100003072,00882100003072110,91021000030721101,2100003072,EA,7,2026-06-20,,,,,,,,,,,,,,,,,,,,,
200,2100003072,00882100003072120,91021000030721201,2100003072,EA,24,2026-06-20,,,,,,,,,,,,,,,,,,,,,
200,2100003072,00882100003072130,91021000030721301,2100003072,EA,10,2026-06-20,,,,,,,,,,,,,,,,,,,,,
200,2100003072,00882100003072140,91021000030721401,2100003072,EA,20,2026-06-20,,,,,,,,,,,,,,,,,,,,,
200,2100003072,00882100003072150,91021000030721501,2100003072,EA,20,2026-06-20,,,,,,,,,,,,,,,,,,,,,
200,2100003072,00882100003072160,91021000030721601,2100003072,EA,20,2026-06-20,,,,,,,,,,,,,,,,,,,,,
200,2100003072,00882100003072170,91021000030721701,2100003072,EA,75,2026-06-20,,,,,,,,,,,,,,,,,,,,,
200,2100003072,00882100003072180,91021000030721801,2100003072,EA,75,2026-06-20,,,,,,,,,,,,,,,,,,,,,
200,2100003072,00882100003072190,91021000030721901,2100003072,EA,1,2026-06-20,,,,,,,,,,,,,,,,,,,,,
200,2100003072,00882100003072200,91021000030722001,2100003072,EA,16,2026-06-20,,,,,,,,,,,,,,,,,,,,,
200,2100003065,0088210000306510,9102100003065103,59417,EA,9,2026-06-19,,,,,,,,,,,,,,,,,,,,,
200,2100003065,0088210000306510,9102100003065103,59417,EA,9,2026-06-19,,,,,,,,,,,,,,,,,,,,,
200,2100003044,0088210000304410,9102100003044101,01175119122,EA,2,2026-06-18,,,,,,,,,,,,,,,,,,,,,
200,2100003044,0088210000304420,9102100003044201,01175119122,EA,1,2026-06-18,,,,,,,,,,,,,,,,,,,,,
200,2100003044,0088210000304430,9102100003044301,01175119122,EA,1,2026-06-18,,,,,,,,,,,,,,,,,,,,,
200,2100002981,0088210000298120,9102100002981201,206396,EA,104,2026-07-22,,,,,,,,,,,,,,,,,,,,,
200,2100002928,0088210000292820,9102100002928201,PK35069,EA,124,2026-06-16,,,,,,,,,,,,,,,,,,,,,
200,2100002896,0088210000289610,9102100002896102,032333,EA,250,2026-09-22,,,,,,,,,,,,,,,,,,,,,
200,2100002891,0088210000289110,9102100002891101,2100002891,EA,2,2026-05-27,,,,,,,,,,,,,,,,,,,,,
200,2100002891,0088210000289120,9102100002891201,2100002891,EA,1,2026-05-27,,,,,,,,,,,,,,,,,,,,,
200,2100002891,0088210000289130,9102100002891301,2100002891,EA,1,2026-05-28,,,,,,,,,,,,,,,,,,,,,
200,2100002884,0088210000288410,9102100002884102,59353-1-1,EA,126,2026-07-07,,,,,,,,,,,,,,,,,,,,,
200,2100002884,0088210000288410,9102100002884102,59353-1-1,EA,126,2026-07-07,,,,,,,,,,,,,,,,,,,,,
200,2100002876,0088210000287610,9102100002876101,2026-052/054,EA,1,2026-05-28,,,,,,,,,,,,,,,,,,,,,
200,2100002873,0088210000287310,9102100002873102,1375078,EA,370,2026-05-26,,,,,,,,,,,,,,,,,,,,,
200,2100002863,00882100002863100,91021000028631001,032077,EA,250,2026-07-22,,,,,,,,,,,,,,,,,,,,,
200,2100002860,0088210000286010,9102100002860103,260522100,EA,6000,2026-05-27,,,,,,,,,,,,,,,,,,,,,
200,2100002838,0088210000283810,9102100002838102,59329,EA,321,2026-07-24,,,,,,,,,,,,,,,,,,,,,
200,2100002838,0088210000283810,9102100002838102,59329,EA,321,2026-07-24,,,,,,,,,,,,,,,,,,,,,
200,2100002837,0088210000283710,9102100002837102,206180,EA,22,2026-06-11,,,,,,,,,,,,,,,,,,,,,
200,2100002830,0088210000283010,9102100002830101,7351812-01,EA,15,2026-05-21,,,,,,,,,,,,,,,,,,,,,
200,2100002821,0088210000282120,9102100002821202,206063,EA,22,2026-06-11,,,,,,,,,,,,,,,,,,,,,
200,2100002819,0088210000281970,9102100002819702,20241114,EA,110,2026-09-02,,,,,,,,,,,,,,,,,,,,,
200,2100002811,0088210000281120,9102100002811201,PWNV370,EA,2,2026-05-19,,,,,,,,,,,,,,,,,,,,,
200,2100002811,0088210000281130,9102100002811301,PWNV370,EA,2,2026-05-19,,,,,,,,,,,,,,,,,,,,,
200,2100002811,0088210000281140,9102100002811401,PWNV370,EA,1,2026-05-19,,,,,,,,,,,,,,,,,,,,,
200,2100002804,0088210000280410,9102100002804103,32272,EA,200,2026-06-22,,,,,,,,,,,,,,,,,,,,,
200,2100002787,00882100002787110,91021000027871101,32263,EA,192,2026-06-26,,,,,,,,,,,,,,,,,,,,,
200,2100002787,00882100002787110,91021000027871103,32261,EA,20,2026-06-26,,,,,,,,,,,,,,,,,,,,,
200,2100002787,00882100002787110,91021000027871103,32261,EA,20,2026-06-26,,,,,,,,,,,,,,,,,,,,,
200,2100002787,00882100002787110,91021000027871103,32261,EA,20,2026-06-26,,,,,,,,,,,,,,,,,,,,,
200,2100002780,0088210000278020,9102100002780205,32265,EA,1543,2026-06-18,,,,,,,,,,,,,,,,,,,,,
200,2100002764,0088210000276410,9102100002764102,0094236,EA,52000,2026-07-23,,,,,,,,,,,,,,,,,,,,,
200,2100002762,00882100002762100,91021000027621003,59306-1-1,EA,111,2026-06-05,,,,,,,,,,,,,,,,,,,,,
200,2100002762,00882100002762100,91021000027621003,59306-1-1,EA,111,2026-06-05,,,,,,,,,,,,,,,,,,,,,
200,2100002758,0088210000275810,9102100002758101,PI4809,EA,1,2026-05-19,,,,,,,,,,,,,,,,,,,,,
200,2100002747,0088210000274720,9102100002747201,050726MB,EA,1,2026-05-08,,,,,,,,,,,,,,,,,,,,,
200,2100002747,0088210000274730,9102100002747301,050726MB,EA,2,2026-05-08,,,,,,,,,,,,,,,,,,,,,
200,2100002737,0088210000273710,9102100002737101,1234,EA,20,2026-07-27,,,,,,,,,,,,,,,,,,,,,
200,2100002737,0088210000273720,9102100002737201,12345,EA,9,2026-07-30,,,,,,,,,,,,,,,,,,,,,
200,2100002737,0088210000273730,9102100002737301,12345,EA,295,2026-08-04,,,,,,,,,,,,,,,,,,,,,
200,2100002737,0088210000273740,9102100002737401,12345,EA,100,2026-08-11,,,,,,,,,,,,,,,,,,,,,
200,2100002737,0088210000273750,9102100002737501,12345,EA,100,2026-08-19,,,,,,,,,,,,,,,,,,,,,
200,2100002731,0088210000273120,9102100002731202,32224,EA,88,2026-06-09,,,,,,,,,,,,,,,,,,,,,
200,2100002711,0088210000271110,9102100002711101,,EA,643,2026-05-01,,,,,,,,,,,,,,,,,,,,,
200,2100002708,0088210000270810,9102100002708103,KD031745,EA,110,2026-05-22,,,,,,,,,,,,,,,,,,,,,
200,2100002705,0088210000270520,9102100002705203,,EA,210,2026-06-05,,,,,,,,,,,,,,,,,,,,,
200,2100002705,0088210000270520,9102100002705203,,EA,210,2026-06-05,,,,,,,,,,,,,,,,,,,,,
200,2100002705,0088210000270520,9102100002705202,,EA,527,2026-06-05,,,,,,,,,,,,,,,,,,,,,
200,2100002705,0088210000270520,9102100002705202,,EA,527,2026-06-05,,,,,,,,,,,,,,,,,,,,,
200,2100002705,0088210000270530,9102100002705302,,EA,513,2026-06-12,,,,,,,,,,,,,,,,,,,,,
200,2100002705,0088210000270530,9102100002705302,,EA,513,2026-06-12,,,,,,,,,,,,,,,,,,,,,
200,2100002705,0088210000270540,9102100002705402,,EA,500,2026-06-12,,,,,,,,,,,,,,,,,,,,,
200,2100002705,0088210000270540,9102100002705402,,EA,500,2026-06-12,,,,,,,,,,,,,,,,,,,,,
200,2100002690,0088210000269010,9102100002690101,59282,EA,4864,2026-07-13,,,,,,,,,,,,,,,,,,,,,
200,2100002690,0088210000269010,9102100002690101,59282,EA,4864,2026-07-13,,,,,,,,,,,,,,,,,,,,,
200,2100002690,0088210000269020,9102100002690201,59282,EA,6,2026-07-13,,,,,,,,,,,,,,,,,,,,,
200,2100002690,0088210000269020,9102100002690201,59282,EA,6,2026-07-13,,,,,,,,,,,,,,,,,,,,,
200,2100002688,0088210000268820,9102100002688202,205824,EA,275,2026-06-11,,,,,,,,,,,,,,,,,,,,,
200,2100002686,00882100002686210,91021000026862101,20241114,EA,384,2026-09-02,,,,,,,,,,,,,,,,,,,,,
200,2100002685,00882100002685610,91021000026856101,032077,EA,550,2026-09-03,,,,,,,,,,,,,,,,,,,,,
200,2100002668,0088210000266810,9102100002668101,0354676,EA,1,2026-04-29,,,,,,,,,,,,,,,,,,,,,
200,2100002668,0088210000266820,9102100002668201,0354676,EA,2,2026-04-29,,,,,,,,,,,,,,,,,,,,,
200,2100002668,0088210000266830,9102100002668301,0354676,EA,3,2026-04-29,,,,,,,,,,,,,,,,,,,,,
200,2100002668,0088210000266840,9102100002668401,0354676,EA,1,2026-04-29,,,,,,,,,,,,,,,,,,,,,
200,2100002668,0088210000266850,9102100002668501,0354676,EA,2,2026-04-29,,,,,,,,,,,,,,,,,,,,,
200,2100002668,0088210000266860,9102100002668601,0354676,EA,2,2026-04-29,,,,,,,,,,,,,,,,,,,,,
200,2100002668,0088210000266870,9102100002668701,0354676,EA,2,2026-04-29,,,,,,,,,,,,,,,,,,,,,
200,2100002668,0088210000266880,9102100002668801,0354676,EA,12,2026-04-29,,,,,,,,,,,,,,,,,,,,,
200,2100002668,0088210000266890,9102100002668901,0354676,EA,24,2026-04-29,,,,,,,,,,,,,,,,,,,,,
200,2100002668,00882100002668100,91021000026681001,0354676,EA,8,2026-04-29,,,,,,,,,,,,,,,,,,,,,
200,2100002668,00882100002668110,91021000026681101,0354676,EA,5,2026-04-29,,,,,,,,,,,,,,,,,,,,,
200,2100002668,00882100002668120,91021000026681201,0354676,EA,10,2026-04-29,,,,,,,,,,,,,,,,,,,,,
200,2100002668,00882100002668130,91021000026681301,0354676,EA,10,2026-04-29,,,,,,,,,,,,,,,,,,,,,
200,2100002668,00882100002668140,91021000026681401,0354676,EA,75,2026-04-29,,,,,,,,,,,,,,,,,,,,,
200,2100002668,00882100002668150,91021000026681501,0354676,EA,75,2026-04-29,,,,,,,,,,,,,,,,,,,,,
200,2100002668,00882100002668160,91021000026681601,0354676,EA,1,2026-04-29,,,,,,,,,,,,,,,,,,,,,
200,2100002663,0088210000266310,9102100002663102,0190172,EA,2000,2026-06-12,,,,,,,,,,,,,,,,,,,,,
200,2100002627,0088210000262710,9102100002627103,062326MB,EA,5700,2026-07-07,,,,,,,,,,,,,,,,,,,,,
200,2100002625,0088210000262521,9102100002625211,062326MB,EA,1500,2026-06-19,,,,,,,,,,,,,,,,,,,,,
200,2100002608,0088210000260810,9102100002608103,59256-1-1,EA,1005,2026-05-06,,,,,,,,,,,,,,,,,,,,,
200,2100002608,0088210000260810,9102100002608103,59256-1-1,EA,1005,2026-05-06,,,,,,,,,,,,,,,,,,,,,
200,2100002608,0088210000260820,9102100002608202,59256-2-1,EA,1056,2026-05-06,,,,,,,,,,,,,,,,,,,,,
200,2100002608,0088210000260820,9102100002608202,59256-2-1,EA,1056,2026-05-06,,,,,,,,,,,,,,,,,,,,,
200,2100002608,0088210000260830,9102100002608302,59256-3-1,EA,937,2026-06-05,,,,,,,,,,,,,,,,,,,,,
200,2100002608,0088210000260830,9102100002608302,59256-3-1,EA,937,2026-06-05,,,,,,,,,,,,,,,,,,,,,
200,2100002592,0088210000259210,9102100002592105,26PC0013,EA,148,2026-06-22,,,,,,,,,,,,,,,,,,,,,
200,2100002585,0088210000258510,9102100002585101,NR260507US,EA,650,2026-07-11,,,,,,,,,,,,,,,,,,,,,
200,2100002580,0088210000258020,9102100002580204,32119,EA,12,2026-04-28,,,,,,,,,,,,,,,,,,,,,
200,2100002580,0088210000258020,9102100002580203,32130,EA,72,2026-04-28,,,,,,,,,,,,,,,,,,,,,
200,2100002576,0088210000257610,9102100002576103,ALEX,EA,75,2026-07-10,,,,,,,,,,,,,,,,,,,,,
200,2100002576,0088210000257610,9102100002576102,MJWDS20260424001,EA,400,2026-07-10,,,,,,,,,,,,,,,,,,,,,
200,2100002575,0088210000257510,9102100002575104,033626,EA,120,2026-04-29,,,,,,,,,,,,,,,,,,,,,
200,2100002575,0088210000257510,9102100002575105,32224,EA,320,2026-04-29,,,,,,,,,,,,,,,,,,,,,
200,2100002575,0088210000257510,9102100002575105,32224,EA,320,2026-04-29,,,,,,,,,,,,,,,,,,,,,
200,2100002575,0088210000257510,9102100002575105,32224,EA,320,2026-04-29,,,,,,,,,,,,,,,,,,,,,
200,2100002574,0088210000257410,9102100002574101,0183583,EA,1,2026-04-29,,,,,,,,,,,,,,,,,,,,,
200,2100002574,0088210000257420,9102100002574201,0183583,EA,1,2026-04-29,,,,,,,,,,,,,,,,,,,,,
200,2100002559,0088210000255910,9102100002559103,26C0429,EA,100,2026-05-06,,,,,,,,,,,,,,,,,,,,,
200,2100002554,0088210000255410,9102100002554103,062326MB,EA,10005,2026-07-01,,,,,,,,,,,,,,,,,,,,,
200,2100002538,0088210000253810,9102100002538102,26-358,EA,282,2026-07-22,,,,,,,,,,,,,,,,,,,,,
200,2100002526,0088210000252610,9102100002526101,52606,EA,1,2026-04-23,,,,,,,,,,,,,,,,,,,,,
200,2100002483,0088210000248360,9102100002483603,032333,EA,250,2026-06-15,,,,,,,,,,,,,,,,,,,,,
200,2100002483,00882100002483100,91021000024831001,32076,EA,250,2026-07-31,,,,,,,,,,,,,,,,,,,,,
200,2100002478,0088210000247810,9102100002478101,NR20260424US,EA,1100,2026-06-29,,,,,,,,,,,,,,,,,,,,,
200,2100002474,0088210000247430,9102100002474301,084306,EA,200,2026-07-02,,,,,,,,,,,,,,,,,,,,,
200,2100002473,00882100002473100,91021000024731001,NR260507US,EA,10000,2026-06-27,,,,,,,,,,,,,,,,,,,,,
200,2100002470,0088210000247040,9102100002470401,065492,EA,4,2026-07-02,,,,,,,,,,,,,,,,,,,,,
200,2100002470,0088210000247060,9102100002470601,065494,EA,250,2026-07-02,,,,,,,,,,,,,,,,,,,,,
200,2100002470,0088210000247080,9102100002470801,065496,EA,100,2026-07-02,,,,,,,,,,,,,,,,,,,,,
200,2100002468,0088210000246810,9102100002468103,062326MB,EA,1162,2026-07-07,,,,,,,,,,,,,,,,,,,,,
200,2100002432,0088210000243210,9102100002432106,26PC0013,EA,30000,2026-06-22,,,,,,,,,,,,,,,,,,,,,
200,2100002428,0088210000242840,9102100002428403,KD031745,EA,10,2026-05-29,,,,,,,,,,,,,,,,,,,,,
200,2100002415,0088210000241580,9102100002415802,59222,EA,1000,2026-06-16,,,,,,,,,,,,,,,,,,,,,
200,2100002415,0088210000241580,9102100002415802,59222,EA,1000,2026-06-16,,,,,,,,,,,,,,,,,,,,,
200,2100002408,00882100002408410,91021000024084102,KD031648,EA,1000,2026-08-31,,,,,,,,,,,,,,,,,,,,,
200,2100002406,0088210000240610,9102100002406101,2100002406,EA,5,2026-06-19,,,,,,,,,,,,,,,,,,,,,
200,2100002406,0088210000240620,9102100002406201,2026529,EA,10,2026-07-24,,,,,,,,,,,,,,,,,,,,,
200,2100002402,0088210000240210,9102100002402101,2564,EA,1,2026-04-03,,,,,,,,,,,,,,,,,,,,,
200,2100002381,0088210000238120,9102100002381205,MJWDS20260414001,EA,540,2026-06-05,,,,,,,,,,,,,,,,,,,,,
200,2100002381,0088210000238120,9102100002381203,MJWDS20260414001,EA,540,2026-06-05,,,,,,,,,,,,,,,,,,,,,
200,2100002381,0088210000238120,9102100002381203,MJWDS20260414001,EA,540,2026-06-05,,,,,,,,,,,,,,,,,,,,,
200,2100002381,0088210000238120,9102100002381203,MJWDS20260414001,EA,540,2026-06-05,,,,,,,,,,,,,,,,,,,,,
200,2100002381,0088210000238140,9102100002381403,MJWDS20260414001,EA,342,2026-06-19,,,,,,,,,,,,,,,,,,,,,
200,2100002381,0088210000238140,9102100002381402,MJWDS20260414001,EA,540,2026-06-19,,,,,,,,,,,,,,,,,,,,,
200,2100002381,0088210000238150,9102100002381505,MJWDS20260414001,EA,146,2026-06-08,,,,,,,,,,,,,,,,,,,,,
200,2100002381,0088210000238160,9102100002381608,MJWDS20260414001,EA,86,2026-06-08,,,,,,,,,,,,,,,,,,,,,
200,2100002381,0088210000238131,9102100002381312,MJWDS20260414001,EA,205,2026-07-17,,,,,,,,,,,,,,,,,,,,,
200,2100002381,0088210000238161,9102100002381614,MJWDS20260414001,EA,4,2026-06-05,,,,,,,,,,,,,,,,,,,,,
200,2100002380,0088210000238020,9102100002380203,0189203,EA,3000,2026-05-20,,,,,,,,,,,,,,,,,,,,,
200,2100002380,0088210000238030,9102100002380307,0188822,EA,3000,2026-05-28,,,,,,,,,,,,,,,,,,,,,
200,2100002380,0088210000238012,9102100002380124,0189203,EA,9000,2026-05-28,,,,,,,,,,,,,,,,,,,,,
200,2100002369,0088210000236940,9102100002369402,59195-4-1,EA,106,2026-06-08,,,,,,,,,,,,,,,,,,,,,
200,2100002369,0088210000236940,9102100002369402,59195-4-1,EA,106,2026-06-08,,,,,,,,,,,,,,,,,,,,,
200,2100002357,0088210000235710,9102100002357102,37356,EA,110,2026-07-10,,,,,,,,,,,,,,,,,,,,,
200,2100002357,0088210000235710,9102100002357102,37356,EA,110,2026-07-10,,,,,,,,,,,,,,,,,,,,,
200,2100002353,0088210000235310,9102100002353101,065462,EA,6,2026-06-25,,,,,,,,,,,,,,,,,,,,,
200,2100002347,0088210000234720,9102100002347202,20260410,EA,4232,2026-06-05,,,,,,,,,,,,,,,,,,,,,
200,2100002345,0088210000234550,9102100002345501,NR20260508US,EA,500,2026-06-19,,,,,,,,,,,,,,,,,,,,,
200,2100002345,00882100002345150,91021000023451501,NR260507US,EA,1500,2026-07-15,,,,,,,,,,,,,,,,,,,,,
200,2100002328,0088210000232810,9102100002328101,065461,EA,15,2026-06-15,,,,,,,,,,,,,,,,,,,,,
200,2100002327,0088210000232710,9102100002327101,065459,EA,10,2026-06-15,,,,,,,,,,,,,,,,,,,,,
200,2100002327,0088210000232720,9102100002327201,084506,EA,6,2026-06-22,,,,,,,,,,,,,,,,,,,,,
200,2100002326,0088210000232620,9102100002326201,065447,EA,5,2026-06-08,,,,,,,,,,,,,,,,,,,,,
200,2100002326,0088210000232630,9102100002326301,265448,EA,100,2026-06-15,,,,,,,,,,,,,,,,,,,,,
200,2100002326,0088210000232640,9102100002326401,065449,EA,40,2026-06-19,,,,,,,,,,,,,,,,,,,,,
200,2100002326,0088210000232660,9102100002326601,084508,EA,100,2026-06-24,,,,,,,,,,,,,,,,,,,,,
200,2100002326,0088210000232670,9102100002326701,065452,EA,100,2026-06-24,,,,,,,,,,,,,,,,,,,,,
200,2100002326,0088210000232680,9102100002326801,065453,EA,100,2026-06-24,,,,,,,,,,,,,,,,,,,,,
200,2100002326,0088210000232690,9102100002326903,084609,EA,11,2026-06-11,,,,,,,,,,,,,,,,,,,,,
200,2100002326,0088210000232690,9102100002326902,065454,EA,11,2026-06-11,,,,,,,,,,,,,,,,,,,,,
200,2100002326,00882100002326100,91021000023261001,065455,EA,50,2026-06-24,,,,,,,,,,,,,,,,,,,,,
200,2100002326,00882100002326110,91021000023261101,065456,EA,100,2026-06-24,,,,,,,,,,,,,,,,,,,,,
200,2100002326,00882100002326130,91021000023261301,065458,EA,10,2026-06-30,,,,,,,,,,,,,,,,,,,,,
200,2100002310,0088210000231020,9102100002310202,KD031456,EA,350,2026-08-31,,,,,,,,,,,,,,,,,,,,,
200,2100002294,0088210000229420,9102100002294202,KD031745,EA,29,2026-06-12,,,,,,,,,,,,,,,,,,,,,
200,2100002294,0088210000229430,9102100002294302,KD031745,EA,9,2026-06-12,,,,,,,,,,,,,,,,,,,,,
200,2100002294,0088210000229440,9102100002294403,KD029730,EA,250,2026-05-08,,,,,,,,,,,,,,,,,,,,,
200,2100002294,0088210000229450,9102100002294502,KD031745,EA,36,2026-06-12,,,,,,,,,,,,,,,,,,,,,
200,2100002293,0088210000229310,9102100002293103,KD029730,EA,500,2026-05-08,,,,,,,,,,,,,,,,,,,,,
200,2100002292,0088210000229220,9102100002292203,KD031745,EA,25,2026-05-08,,,,,,,,,,,,,,,,,,,,,
200,2100002292,0088210000229230,9102100002292302,KD031745,EA,114,2026-06-12,,,,,,,,,,,,,,,,,,,,,
200,2100002292,0088210000229240,9102100002292403,KD029730,EA,250,2026-05-08,,,,,,,,,,,,,,,,,,,,,
200,2100002292,0088210000229250,9102100002292502,KD031745,EA,250,2026-06-12,,,,,,,,,,,,,,,,,,,,,
200,2100002291,0088210000229120,9102100002291202,KD031745,EA,19,2026-05-26,,,,,,,,,,,,,,,,,,,,,
200,2100002291,0088210000229140,9102100002291403,KD029730,EA,173,2026-05-08,,,,,,,,,,,,,,,,,,,,,
200,2100002254,0088210000225470,9102100002254702,032077,EA,2000,2026-07-31,,,,,,,,,,,,,,,,,,,,,
200,2100002229,0088210000222910,9102100002229102,,EA,854,2026-06-10,,,,,,,,,,,,,,,,,,,,,
200,2100002229,0088210000222910,9102100002229102,,EA,854,2026-06-10,,,,,,,,,,,,,,,,,,,,,
200,2100002209,0088210000220910,9102100002209104,KD031745,EA,80,2026-05-08,,,,,,,,,,,,,,,,,,,,,
200,2100002209,0088210000220910,9102100002209103,KD031745,EA,78,2026-05-08,,,,,,,,,,,,,,,,,,,,,
200,2100002209,0088210000220930,9102100002209303,KD031745,EA,250,2026-05-11,,,,,,,,,,,,,,,,,,,,,
200,2100002209,0088210000220940,9102100002209403,KD031490,EA,45,2026-05-11,,,,,,,,,,,,,,,,,,,,,
200,2100002201,0088210000220110,9102100002201102,59159-1-1,EA,402,2026-06-19,,,,,,,,,,,,,,,,,,,,,
200,2100002201,0088210000220110,9102100002201102,59159-1-1,EA,402,2026-06-19,,,,,,,,,,,,,,,,,,,,,
200,2100002198,0088210000219810,9102100002198102,20260410,EA,2000,2026-06-12,,,,,,,,,,,,,,,,,,,,,
200,2100002183,0088210000218320,9102100002183203,KD031745,EA,200,2026-05-11,,,,,,,,,,,,,,,,,,,,,
200,2100002183,0088210000218340,9102100002183403,KD031745,EA,10,2026-05-08,,,,,,,,,,,,,,,,,,,,,
200,2100002183,0088210000218350,9102100002183503,KD031490,EA,25,2026-05-11,,,,,,,,,,,,,,,,,,,,,
200,2100002183,0088210000218370,9102100002183703,KD031490,EA,45,2026-05-11,,,,,,,,,,,,,,,,,,,,,
200,2100002183,0088210000218390,9102100002183903,KD031490,EA,40,2026-05-11,,,,,,,,,,,,,,,,,,,,,
200,2100002183,00882100002183130,91021000021831303,KD031490,EA,75,2026-05-11,,,,,,,,,,,,,,,,,,,,,
200,2100002183,00882100002183140,91021000021831403,KD031745,EA,18,2026-05-11,,,,,,,,,,,,,,,,,,,,,
200,2100002153,0088210000215310,9102100002153101,P14760,EA,1,2026-03-23,,,,,,,,,,,,,,,,,,,,,
200,2100002146,00882100002146160,91021000021461602,RB331-KD030953,EA,5000,2026-04-09,,,,,,,,,,,,,,,,,,,,,
200,2100002144,00882100002144120,91021000021441202,KD031648,EA,750,2026-07-31,,,,,,,,,,,,,,,,,,,,,
200,2100002140,0088210000214010,9102100002140101,2460,EA,1,2026-03-24,,,,,,,,,,,,,,,,,,,,,
200,2100002140,0088210000214020,9102100002140202,2460,EA,1,2026-03-24,,,,,,,,,,,,,,,,,,,,,
200,2100002140,0088210000214020,9102100002140201,2460,EA,2,2026-03-24,,,,,,,,,,,,,,,,,,,,,
200,2100002136,0088210000213611,9102100002136113,202603,EA,10752,2026-06-01,,,,,,,,,,,,,,,,,,,,,
200,2100002129,0088210000212910,9102100002129104,LPG26C0506,EA,200,2026-06-15,,,,,,,,,,,,,,,,,,,,,
200,2100002129,0088210000212911,9102100002129113,LPG26C0506,EA,720,2026-06-15,,,,,,,,,,,,,,,,,,,,,
200,2100002129,0088210000212911,9102100002129114,LPG26C0506,EA,720,2026-06-15,,,,,,,,,,,,,,,,,,,,,
200,2100002129,0088210000212911,9102100002129114,LPG26C0506,EA,720,2026-06-15,,,,,,,,,,,,,,,,,,,,,
200,2100002129,0088210000212911,9102100002129114,LPG26C0506,EA,720,2026-06-15,,,,,,,,,,,,,,,,,,,,,
200,2100002129,0088210000212911,9102100002129114,LPG26C0506,EA,720,2026-06-15,,,,,,,,,,,,,,,,,,,,,
200,2100002121,0088210000212120,9102100002121203,KD031745,EA,30,2026-05-11,,,,,,,,,,,,,,,,,,,,,
200,2100002121,0088210000212130,9102100002121303,KD031745,EA,100,2026-05-11,,,,,,,,,,,,,,,,,,,,,
200,2100002121,0088210000212170,9102100002121703,KD031745,EA,30,2026-05-11,,,,,,,,,,,,,,,,,,,,,
200,2100002117,0088210000211770,9102100002117702,032077,EA,500,2026-07-31,,,,,,,,,,,,,,,,,,,,,
200,2100002116,00882100002116200,91021000021162002,KD032077,EA,1750,2026-07-31,,,,,,,,,,,,,,,,,,,,,
200,2100002106,0088210000210620,9102100002106203,KD031039,EA,180,2026-05-11,,,,,,,,,,,,,,,,,,,,,
200,2100002106,0088210000210630,9102100002106303,KD031039,EA,883,2026-05-11,,,,,,,,,,,,,,,,,,,,,
200,2100002106,0088210000210640,9102100002106403,KD029730,EA,250,2026-05-08,,,,,,,,,,,,,,,,,,,,,
200,2100002106,0088210000210650,9102100002106503,KD031490,EA,150,2026-05-11,,,,,,,,,,,,,,,,,,,,,
200,2100002106,0088210000210660,9102100002106603,KD031490,EA,60,2026-05-11,,,,,,,,,,,,,,,,,,,,,
200,2100002106,0088210000210690,9102100002106903,KD029730,EA,246,2026-05-08,,,,,,,,,,,,,,,,,,,,,
200,2100002101,0088210000210110,9102100002101102,19505,EA,148,2026-04-10,,,,,,,,,,,,,,,,,,,,,
200,2100002101,0088210000210110,9102100002101102,19505,EA,148,2026-04-10,,,,,,,,,,,,,,,,,,,,,
200,2100002089,00882100002089160,91021000020891603,26040014,EA,380,2026-06-10,,,,,,,,,,,,,,,,,,,,,
200,2100002089,00882100002089161,91021000020891613,26040014,EA,20,2026-06-10,,,,,,,,,,,,,,,,,,,,,
200,2100002061,0088210000206110,9102100002061103,4/4,EA,305,2026-05-15,,,,,,,,,,,,,,,,,,,,,
200,2100002050,0088210000205020,9102100002050202,KD031648,EA,2000,2026-07-31,,,,,,,,,,,,,,,,,,,,,
200,2100002032,0088210000203210,9102100002032103,3/4,EA,100,2026-05-01,,,,,,,,,,,,,,,,,,,,,
200,2100002032,0088210000203220,9102100002032203,3/4,EA,12000,2026-05-01,,,,,,,,,,,,,,,,,,,,,
200,2100002025,0088210000202510,9102100002025101,0043903,EA,336,2026-05-15,,,,,,,,,,,,,,,,,,,,,
200,2100002019,0088210000201910,9102100002019103,6/6,EA,500,2026-07-07,,,,,,,,,,,,,,,,,,,,,
200,2100002019,0088210000201911,9102100002019112,6/6,EA,2500,2026-06-18,,,,,,,,,,,,,,,,,,,,,
200,2100002011,0088210000201110,9102100002011103,4/4,EA,500,2026-05-15,,,,,,,,,,,,,,,,,,,,,
200,2100002011,0088210000201120,9102100002011203,4/4,EA,2229,2026-05-15,,,,,,,,,,,,,,,,,,,,,
200,2100002009,0088210000200910,9102100002009102,14894,EA,1008,2026-05-15,,,,,,,,,,,,,,,,,,,,,
200,2100002009,0088210000200920,9102100002009203,14894,EA,630,2026-05-15,,,,,,,,,,,,,,,,,,,,,
200,2100002009,0088210000200920,9102100002009202,14894,EA,630,2026-05-15,,,,,,,,,,,,,,,,,,,,,
200,2100002009,0088210000200920,9102100002009202,14894,EA,630,2026-05-15,,,,,,,,,,,,,,,,,,,,,
200,2100002009,0088210000200920,9102100002009202,14894,EA,630,2026-05-15,,,,,,,,,,,,,,,,,,,,,
200,2100002007,0088210000200710,9102100002007103,20260410,EA,600,2026-06-17,,,,,,,,,,,,,,,,,,,,,
200,2100002004,0088210000200410,9102100002004102,59111-1-1,EA,100,2026-04-10,,,,,,,,,,,,,,,,,,,,,
200,2100002004,0088210000200410,9102100002004102,59111-1-1,EA,100,2026-04-10,,,,,,,,,,,,,,,,,,,,,
200,2100002004,0088210000200420,9102100002004202,59111-2-1,EA,250,2026-07-13,,,,,,,,,,,,,,,,,,,,,
200,2100002004,0088210000200420,9102100002004202,59111-2-1,EA,250,2026-07-13,,,,,,,,,,,,,,,,,,,,,
200,2100002004,0088210000200430,9102100002004302,5911131,EA,55,2026-07-17,,,,,,,,,,,,,,,,,,,,,
200,2100002004,0088210000200430,9102100002004302,5911131,EA,55,2026-07-17,,,,,,,,,,,,,,,,,,,,,
200,2100002003,0088210000200310,9102100002003102,59110-1-1,EA,151,2026-06-19,,,,,,,,,,,,,,,,,,,,,
200,2100002003,0088210000200310,9102100002003102,59110-1-1,EA,151,2026-06-19,,,,,,,,,,,,,,,,,,,,,
200,2100001995,0088210000199510,9102100001995105,26C0506,EA,100,2026-06-22,,,,,,,,,,,,,,,,,,,,,
200,2100001986,0088210000198630,9102100001986303,205755,EA,340,2026-04-23,,,,,,,,,,,,,,,,,,,,,
200,2100001986,0088210000198630,9102100001986302,205212,EA,1170,2026-04-23,,,,,,,,,,,,,,,,,,,,,
200,2100001961,0088210000196140,9102100001961401,1666147,EA,100,2026-03-21,,,,,,,,,,,,,,,,,,,,,
200,2100001961,0088210000196150,9102100001961501,1333147,EA,1262,2026-03-10,,,,,,,,,,,,,,,,,,,,,
200,2100001940,0088210000194010,9102100001940103,3/4,EA,360,2026-05-15,,,,,,,,,,,,,,,,,,,,,
200,2100001940,0088210000194020,9102100001940203,3/4,EA,250,2026-05-15,,,,,,,,,,,,,,,,,,,,,
200,2100001940,0088210000194030,9102100001940303,3/4,EA,100,2026-05-15,,,,,,,,,,,,,,,,,,,,,
200,2100001940,0088210000194040,9102100001940403,3/4,EA,120,2026-05-15,,,,,,,,,,,,,,,,,,,,,
200,2100001935,0088210000193530,9102100001935302,20241114,EA,80,2026-08-03,,,,,,,,,,,,,,,,,,,,,
200,2100001934,0088210000193420,9102100001934203,KD031318,EA,25000,2026-05-06,,,,,,,,,,,,,,,,,,,,,
200,2100001922,00882100001922130,91021000019221302,KD031648,EA,3245,2026-07-31,,,,,,,,,,,,,,,,,,,,,
200,2100001916,0088210000191680,9102100001916802,KD031456,EA,1300,2026-07-31,,,,,,,,,,,,,,,,,,,,,
200,2100001907,0088210000190710,9102100001907103,LPG26C0418,EA,6,2026-06-08,,,,,,,,,,,,,,,,,,,,,
200,2100001897,0088210000189740,9102100001897403,KD031319,EA,100,2026-05-06,,,,,,,,,,,,,,,,,,,,,
200,2100001897,00882100001897100,91021000018971003,061226MB,EA,990,2026-06-19,,,,,,,,,,,,,,,,,,,,,
200,2100001897,0088210000189741,9102100001897413,030838,EA,780,2026-05-29,,,,,,,,,,,,,,,,,,,,,
200,2100001896,0088210000189610,9102100001896102,KD030838,EA,16000,2026-05-22,,,,,,,,,,,,,,,,,,,,,
200,2100001896,0088210000189611,9102100001896111,KD030838,EA,7450,2026-04-30,,,,,,,,,,,,,,,,,,,,,
200,2100001887,0088210000188710,9102100001887104,26C0506,EA,10,2026-05-14,,,,,,,,,,,,,,,,,,,,,
200,2100001887,0088210000188711,9102100001887112,26C0506,EA,10,2026-06-18,,,,,,,,,,,,,,,,,,,,,
200,2100001880,0088210000188010,9102100001880101,2100001880,EA,1,2026-03-10,,,,,,,,,,,,,,,,,,,,,
200,2100001880,0088210000188020,9102100001880201,2100001880,EA,3,2026-03-10,,,,,,,,,,,,,,,,,,,,,
200,2100001880,0088210000188030,9102100001880301,2100001880,EA,4,2026-03-10,,,,,,,,,,,,,,,,,,,,,
200,2100001880,0088210000188040,9102100001880401,2100001880,EA,4,2026-03-10,,,,,,,,,,,,,,,,,,,,,
200,2100001880,0088210000188050,9102100001880501,2100001880,EA,1,2026-03-10,,,,,,,,,,,,,,,,,,,,,
200,2100001879,0088210000187910,9102100001879101,INV-OH76-1150,EA,1,2026-03-10,,,,,,,,,,,,,,,,,,,,,
200,2100001877,0088210000187730,9102100001877301,460001384001,EA,1,2026-03-04,,,,,,,,,,,,,,,,,,,,,
200,2100001870,0088210000187010,9102100001870102,20260410,EA,500,2026-06-05,,,,,,,,,,,,,,,,,,,,,
200,2100001867,0088210000186710,9102100001867103,26C0503,EA,50,2026-05-18,,,,,,,,,,,,,,,,,,,,,
200,2100001850,0088210000185010,9102100001850104,59075-1-1,EA,55,2026-03-10,,,,,,,,,,,,,,,,,,,,,
200,2100001850,0088210000185010,9102100001850104,59075-1-1,EA,55,2026-03-10,,,,,,,,,,,,,,,,,,,,,
200,2100001850,0088210000185010,9102100001850103,59075-1-1,EA,55,2026-03-10,,,,,,,,,,,,,,,,,,,,,
200,2100001850,0088210000185010,9102100001850103,59075-1-1,EA,55,2026-03-10,,,,,,,,,,,,,,,,,,,,,
200,2100001848,0088210000184810,9102100001848103,030839,EA,1000,2026-05-13,,,,,,,,,,,,,,,,,,,,,
200,2100001848,0088210000184811,9102100001848112,030839,EA,4800,2026-07-07,,,,,,,,,,,,,,,,,,,,,
200,2100001835,00882100001835110,91021000018351102,KD031456,EA,50000,2026-07-31,,,,,,,,,,,,,,,,,,,,,
200,2100001804,0088210000180430,9102100001804302,20260410,EA,500,2026-06-10,,,,,,,,,,,,,,,,,,,,,
200,2100001804,0088210000180440,9102100001804402,20260410,EA,150,2026-06-10,,,,,,,,,,,,,,,,,,,,,
200,2100001804,0088210000180450,9102100001804502,20260410,EA,5000,2026-06-10,,,,,,,,,,,,,,,,,,,,,
200,2100001804,0088210000180460,9102100001804602,20260410,EA,150,2026-06-10,,,,,,,,,,,,,,,,,,,,,
200,2100001804,0088210000180480,9102100001804802,20260410,EA,500,2026-06-10,,,,,,,,,,,,,,,,,,,,,
200,2100001804,00882100001804100,91021000018041002,20260410,EA,150,2026-06-10,,,,,,,,,,,,,,,,,,,,,
200,2100001804,00882100001804110,91021000018041102,20260410,EA,500,2026-06-10,,,,,,,,,,,,,,,,,,,,,
200,2100001803,0088210000180310,9102100001803102,20260410,EA,100,2026-06-10,,,,,,,,,,,,,,,,,,,,,
200,2100001803,0088210000180320,9102100001803202,20260410,EA,160,2026-06-10,,,,,,,,,,,,,,,,,,,,,
200,2100001802,0088210000180210,9102100001802102,20260410,EA,100,2026-06-10,,,,,,,,,,,,,,,,,,,,,
200,2100001787,0088210000178710,9102100001787101,2100001787,EA,72,2026-04-29,,,,,,,,,,,,,,,,,,,,,
200,2100001787,0088210000178730,9102100001787301,0043801,EA,468,2026-04-29,,,,,,,,,,,,,,,,,,,,,
200,2100001787,0088210000178740,9102100001787401,0043801,EA,90,2026-04-29,,,,,,,,,,,,,,,,,,,,,
200,2100001779,0088210000177920,9102100001779201,KD030840,EA,250,2026-07-01,,,,,,,,,,,,,,,,,,,,,
200,2100001774,0088210000177410,9102100001774101,2915868-01,EA,100,2026-04-22,,,,,,,,,,,,,,,,,,,,,
200,2100001773,0088210000177310,9102100001773104,52380,EA,13600,2026-05-06,,,,,,,,,,,,,,,,,,,,,
200,2100001765,00882100001765140,91021000017651403,32037,EA,30,2026-03-06,,,,,,,,,,,,,,,,,,,,,
200,2100001765,00882100001765160,91021000017651603,32056,EA,100,2026-03-06,,,,,,,,,,,,,,,,,,,,,
200,2100001765,00882100001765141,91021000017651412,32037,EA,170,2026-03-25,,,,,,,,,,,,,,,,,,,,,
200,2100001765,00882100001765161,91021000017651612,32056,EA,500,2026-03-25,,,,,,,,,,,,,,,,,,,,,
200,2100001754,0088210000175410,9102100001754102,14895,EA,1000,2026-05-13,,,,,,,,,,,,,,,,,,,,,
200,2100001751,00882100001751100,91021000017511001,0589926,EA,250,2026-03-26,,,,,,,,,,,,,,,,,,,,,
200,2100001735,0088210000173511,9102100001735116,0188244,EA,12000,2026-03-13,,,,,,,,,,,,,,,,,,,,,
200,2100001731,0088210000173110,9102100001731103,OE-36943,EA,2250,2026-02-27,,,,,,,,,,,,,,,,,,,,,
200,2100001731,0088210000173110,9102100001731102,OE-36943,EA,2250,2026-02-27,,,,,,,,,,,,,,,,,,,,,
200,2100001725,0088210000172510,9102100001725101,260318-08,EA,50,2026-04-16,,,,,,,,,,,,,,,,,,,,,
200,2100001725,0088210000172520,9102100001725201,260318-08,EA,5,2026-05-20,,,,,,,,,,,,,,,,,,,,,
200,2100001724,0088210000172410,9102100001724104,20260410,EA,300,2026-06-05,,,,,,,,,,,,,,,,,,,,,
200,2100001724,0088210000172410,9102100001724103,20260410,EA,3000,2026-06-05,,,,,,,,,,,,,,,,,,,,,
200,2100001724,0088210000172430,9102100001724303,20260410,EA,10912,2026-06-05,,,,,,,,,,,,,,,,,,,,,
200,2100001724,0088210000172440,9102100001724403,20260410,EA,3000,2026-06-05,,,,,,,,,,,,,,,,,,,,,
200,2100001724,0088210000172450,9102100001724503,20260410,EA,4000,2026-06-05,,,,,,,,,,,,,,,,,,,,,
200,2100001724,0088210000172460,9102100001724603,20260410,EA,5000,2026-06-05,,,,,,,,,,,,,,,,,,,,,
200,2100001724,0088210000172470,9102100001724703,20260410,EA,1200,2026-06-05,,,,,,,,,,,,,,,,,,,,,
200,2100001724,0088210000172480,9102100001724805,20260410,EA,2100,2026-06-17,,,,,,,,,,,,,,,,,,,,,
200,2100001724,0088210000172490,9102100001724903,20260410,EA,500,2026-06-05,,,,,,,,,,,,,,,,,,,,,
200,2100001724,00882100001724100,91021000017241003,20260410,EA,1500,2026-06-05,,,,,,,,,,,,,,,,,,,,,
200,2100001724,00882100001724110,91021000017241103,20260410,EA,500,2026-06-05,,,,,,,,,,,,,,,,,,,,,
200,2100001724,00882100001724120,91021000017241203,20260410,EA,213,2026-06-05,,,,,,,,,,,,,,,,,,,,,
200,2100001724,00882100001724130,91021000017241303,20260410,EA,1000,2026-06-05,,,,,,,,,,,,,,,,,,,,,
200,2100001724,00882100001724140,91021000017241403,20260410,EA,500,2026-06-05,,,,,,,,,,,,,,,,,,,,,
200,2100001724,00882100001724150,91021000017241503,20290410,EA,3100,2026-06-05,,,,,,,,,,,,,,,,,,,,,
200,2100001721,0088210000172130,9102100001721305,KAPASR2605,EA,1800,2026-05-21,,,,,,,,,,,,,,,,,,,,,
200,2100001687,0088210000168710,9102100001687102,138209,EA,3000,2026-05-07,,,,,,,,,,,,,,,,,,,,,
200,2100001685,0088210000168510,9102100001685102,0589835,EA,100,2026-04-03,,,,,,,,,,,,,,,,,,,,,
200,2100001675,0088210000167510,9102100001675102,202631720474814,EA,25,2026-03-30,,,,,,,,,,,,,,,,,,,,,
200,2100001675,0088210000167520,9102100001675202,204749,EA,100,2026-03-30,,,,,,,,,,,,,,,,,,,,,
200,2100001675,0088210000167530,9102100001675302,202631120475013,EA,108,2026-03-30,,,,,,,,,,,,,,,,,,,,,
200,2100001675,0088210000167550,9102100001675502,204752,EA,130,2026-03-30,,,,,,,,,,,,,,,,,,,,,
200,2100001675,0088210000167560,9102100001675602,202631620475315,EA,2500,2026-03-30,,,,,,,,,,,,,,,,,,,,,
200,2100001673,0088210000167320,9102100001673202,204768,EA,500,2026-03-30,,,,,,,,,,,,,,,,,,,,,
200,2100001673,0088210000167350,9102100001673502,204771,EA,150,2026-03-30,,,,,,,,,,,,,,,,,,,,,
200,2100001606,0088210000160610,9102100001606105,4/4,EA,140,2026-05-15,,,,,,,,,,,,,,,,,,,,,
200,2100001606,0088210000160610,9102100001606104,2/4,EA,4080,2026-05-15,,,,,,,,,,,,,,,,,,,,,
200,2100001606,0088210000160610,9102100001606104,2/4,EA,4080,2026-05-15,,,,,,,,,,,,,,,,,,,,,
200,2100001595,0088210000159511,9102100001595117,32266,EA,150,2026-06-12,,,,,,,,,,,,,,,,,,,,,
200,2100001595,0088210000159511,9102100001595116,32255,EA,375,2026-06-12,,,,,,,,,,,,,,,,,,,,,
200,2100001595,0088210000159511,9102100001595116,32255,EA,375,2026-06-12,,,,,,,,,,,,,,,,,,,,,
200,2100001562,0088210000156210,9102100001562103,58969-1-1,EA,733,2026-03-27,,,,,,,,,,,,,,,,,,,,,
200,2100001562,0088210000156210,9102100001562103,58969-1-1,EA,733,2026-03-27,,,,,,,,,,,,,,,,,,,,,
200,2100001561,0088210000156120,9102100001561204,32025,EA,400,2026-03-10,,,,,,,,,,,,,,,,,,,,,
200,2100001555,0088210000155510,9102100001555102,0589672,EA,200,2026-05-27,,,,,,,,,,,,,,,,,,,,,
200,2100001552,0088210000155210,9102100001552102,0187818,EA,101,2026-03-16,,,,,,,,,,,,,,,,,,,,,
200,2100001543,0088210000154310,9102100001543103,PL26035,EA,700,2026-05-28,,,,,,,,,,,,,,,,,,,,,
200,2100001543,0088210000154320,9102100001543203,PL26035,EA,300,2026-05-28,,,,,,,,,,,,,,,,,,,,,
200,2100001543,0088210000154330,9102100001543303,26035,EA,650,2026-05-28,,,,,,,,,,,,,,,,,,,,,
200,2100001543,0088210000154340,9102100001543403,PL26035,EA,400,2026-05-28,,,,,,,,,,,,,,,,,,,,,
200,2100001543,0088210000154350,9102100001543503,PL26035,EA,400,2026-05-28,,,,,,,,,,,,,,,,,,,,,
200,2100001543,0088210000154360,9102100001543603,PL26035,EA,600,2026-05-28,,,,,,,,,,,,,,,,,,,,,
200,2100001543,0088210000154370,9102100001543703,PL26035,EA,1500,2026-05-28,,,,,,,,,,,,,,,,,,,,,
200,2100001543,0088210000154380,9102100001543805,PL26035,EA,1000,2026-06-17,,,,,,,,,,,,,,,,,,,,,
200,2100001543,0088210000154390,9102100001543903,PL26035,EA,400,2026-05-28,,,,,,,,,,,,,,,,,,,,,
200,2100001543,00882100001543100,91021000015431003,PL26035,EA,300,2026-05-28,,,,,,,,,,,,,,,,,,,,,
200,2100001543,00882100001543110,91021000015431103,PL26035,EA,25,2026-05-28,,,,,,,,,,,,,,,,,,,,,
200,2100001543,00882100001543120,91021000015431203,PL26035,EA,50,2026-05-28,,,,,,,,,,,,,,,,,,,,,
200,2100001543,00882100001543130,91021000015431303,26035,EA,8,2026-05-28,,,,,,,,,,,,,,,,,,,,,
200,2100001543,00882100001543140,91021000015431403,26035,EA,100,2026-05-28,,,,,,,,,,,,,,,,,,,,,
200,2100001543,00882100001543150,91021000015431503,26035,EA,20,2026-05-28,,,,,,,,,,,,,,,,,,,,,
200,2100001543,00882100001543160,91021000015431603,26035,EA,140,2026-05-28,,,,,,,,,,,,,,,,,,,,,
200,2100001543,00882100001543170,91021000015431703,26035,EA,50,2026-05-28,,,,,,,,,,,,,,,,,,,,,
200,2100001543,00882100001543180,91021000015431803,PL26035,EA,100,2026-05-28,,,,,,,,,,,,,,,,,,,,,
200,2100001543,00882100001543190,91021000015431903,PL26035,EA,30,2026-05-28,,,,,,,,,,,,,,,,,,,,,
200,2100001543,00882100001543200,91021000015432003,PL26035,EA,375,2026-05-28,,,,,,,,,,,,,,,,,,,,,
200,2100001543,00882100001543210,91021000015432103,PL26035,EA,250,2026-05-28,,,,,,,,,,,,,,,,,,,,,
200,2100001543,00882100001543220,91021000015432203,PL26035,EA,80,2026-05-28,,,,,,,,,,,,,,,,,,,,,
200,2100001535,0088210000153510,9102100001535101,Q260130471,EA,1,2026-01-30,,,,,,,,,,,,,,,,,,,,,
200,2100001534,0088210000153410,9102100001534103,20260608,EA,50,2026-06-24,,,,,,,,,,,,,,,,,,,,,
200,2100001531,0088210000153110,9102100001531103,139772-0,EA,1901,2026-03-27,,,,,,,,,,,,,,,,,,,,,
200,2100001530,0088210000153010,9102100001530103,139771,EA,160000,2026-03-27,,,,,,,,,,,,,,,,,,,,,
200,2100001530,0088210000153010,9102100001530104,139771,EA,3415,2026-03-27,,,,,,,,,,,,,,,,,,,,,
200,2100001513,0088210000151310,9102100001513103,030839,EA,49000,2026-06-19,,,,,,,,,,,,,,,,,,,,,
200,2100001513,0088210000151310,9102100001513102,030839,EA,42000,2026-06-19,,,,,,,,,,,,,,,,,,,,,
200,2100001504,0088210000150420,9102100001504203,20260410,EA,1600,2026-06-05,,,,,,,,,,,,,,,,,,,,,
200,2100001504,0088210000150430,9102100001504303,20260410,EA,100,2026-06-05,,,,,,,,,,,,,,,,,,,,,
200,2100001504,0088210000150440,9102100001504409,20260522,EA,8000,2026-06-03,,,,,,,,,,,,,,,,,,,,,
200,2100001504,0088210000150450,9102100001504503,20260410,EA,150,2026-06-05,,,,,,,,,,,,,,,,,,,,,
200,2100001504,0088210000150460,9102100001504603,20260410,EA,100,2026-06-05,,,,,,,,,,,,,,,,,,,,,
200,2100001504,0088210000150470,9102100001504703,20260410,EA,1000,2026-06-05,,,,,,,,,,,,,,,,,,,,,
200,2100001504,0088210000150480,9102100001504803,20260410,EA,1000,2026-06-05,,,,,,,,,,,,,,,,,,,,,
200,2100001504,0088210000150411,9102100001504113,20260410,EA,1700,2026-06-05,,,,,,,,,,,,,,,,,,,,,
200,2100001504,0088210000150441,9102100001504414,260530,EA,20000,2026-06-04,,,,,,,,,,,,,,,,,,,,,
200,2100001504,0088210000150491,9102100001504913,20260410,EA,500,2026-06-05,,,,,,,,,,,,,,,,,,,,,
200,2100001492,0088210000149210,9102100001492105,065232,EA,1100,2026-06-17,,,,,,,,,,,,,,,,,,,,,
200,2100001460,0088210000146011,9102100001460113,20260410,EA,2018,2026-06-05,,,,,,,,,,,,,,,,,,,,,
200,2100001455,0088210000145520,9102100001455202,RB331-KD030443,EA,25000,2026-04-24,,,,,,,,,,,,,,,,,,,,,
200,2100001453,0088210000145310,9102100001453102,030841,EA,250,2026-06-19,,,,,,,,,,,,,,,,,,,,,
200,2100001453,0088210000145320,9102100001453202,030841,EA,3500,2026-06-19,,,,,,,,,,,,,,,,,,,,,
200,2100001453,0088210000145330,9102100001453302,030841,EA,250,2026-06-19,,,,,,,,,,,,,,,,,,,,,
200,2100001453,0088210000145340,9102100001453402,030841,EA,250,2026-06-19,,,,,,,,,,,,,,,,,,,,,
200,2100001453,0088210000145350,9102100001453502,030841,EA,1000,2026-06-19,,,,,,,,,,,,,,,,,,,,,
200,2100001453,0088210000145360,9102100001453602,030841,EA,250,2026-06-19,,,,,,,,,,,,,,,,,,,,,
200,2100001453,0088210000145370,9102100001453702,030841,EA,750,2026-06-19,,,,,,,,,,,,,,,,,,,,,
200,2100001453,0088210000145380,9102100001453802,KD030841,EA,5000,2026-06-19,,,,,,,,,,,,,,,,,,,,,
200,2100001453,0088210000145390,9102100001453902,030841,EA,250,2026-06-19,,,,,,,,,,,,,,,,,,,,,
200,2100001453,00882100001453100,91021000014531002,030841,EA,1750,2026-06-19,,,,,,,,,,,,,,,,,,,,,
200,2100001453,00882100001453110,91021000014531102,030841,EA,1000,2026-06-19,,,,,,,,,,,,,,,,,,,,,
200,2100001444,0088210000144410,9102100001444104,LDK2100001287ASR,EA,500,2026-04-07,,,,,,,,,,,,,,,,,,,,,
200,2100001444,0088210000144411,9102100001444114,LDK2100001287,EA,500,2026-04-07,,,,,,,,,,,,,,,,,,,,,
200,2100001442,0088210000144210,9102100001442103,3/4,EA,1600,2026-05-06,,,,,,,,,,,,,,,,,,,,,
200,2100001437,0088210000143710,9102100001437103,20260410,EA,1000,2026-06-05,,,,,,,,,,,,,,,,,,,,,
200,2100001437,0088210000143730,9102100001437303,20260410,EA,3880,2026-06-05,,,,,,,,,,,,,,,,,,,,,
200,2100001434,0088210000143410,9102100001434104,95736,EA,1969,2026-04-28,,,,,,,,,,,,,,,,,,,,,
200,2100001417,0088210000141710,9102100001417102,58933-1-1,EA,100,2026-05-29,,,,,,,,,,,,,,,,,,,,,
200,2100001417,0088210000141710,9102100001417102,58933-1-1,EA,100,2026-05-29,,,,,,,,,,,,,,,,,,,,,
200,2100001417,0088210000141720,9102100001417202,58933-2-1,EA,20,2026-03-30,,,,,,,,,,,,,,,,,,,,,
200,2100001417,0088210000141720,9102100001417202,58933-2-1,EA,20,2026-03-30,,,,,,,,,,,,,,,,,,,,,
200,2100001411,0088210000141110,9102100001411103,20260529,EA,1440,2026-04-30,,,,,,,,,,,,,,,,,,,,,
200,2100001411,0088210000141110,9102100001411102,PALLET2/4,EA,2280,2026-04-30,,,,,,,,,,,,,,,,,,,,,
200,2100001407,0088210000140710,9102100001407103,26024,EA,100,2026-05-07,,,,,,,,,,,,,,,,,,,,,
200,2100001407,0088210000140720,9102100001407203,26024,EA,175,2026-05-07,,,,,,,,,,,,,,,,,,,,,
200,2100001407,0088210000140730,9102100001407303,26024,EA,175,2026-05-07,,,,,,,,,,,,,,,,,,,,,
200,2100001407,0088210000140740,9102100001407404,26024,EA,10,2026-05-07,,,,,,,,,,,,,,,,,,,,,
200,2100001407,0088210000140740,9102100001407403,PL26024,EA,20,2026-05-07,,,,,,,,,,,,,,,,,,,,,
200,2100001407,0088210000140750,9102100001407503,PL26024,EA,970,2026-05-07,,,,,,,,,,,,,,,,,,,,,
200,2100001407,0088210000140760,9102100001407604,26024,EA,3,2026-05-07,,,,,,,,,,,,,,,,,,,,,
200,2100001407,0088210000140760,9102100001407603,26024,EA,225,2026-05-07,,,,,,,,,,,,,,,,,,,,,
200,2100001407,0088210000140780,9102100001407804,26024,EA,39,2026-05-07,,,,,,,,,,,,,,,,,,,,,
200,2100001407,0088210000140780,9102100001407803,26024,EA,100,2026-05-07,,,,,,,,,,,,,,,,,,,,,
200,2100001407,0088210000140790,9102100001407903,26024,EA,60,2026-05-07,,,,,,,,,,,,,,,,,,,,,
200,2100001407,00882100001407100,91021000014071003,26024,EA,100,2026-05-07,,,,,,,,,,,,,,,,,,,,,
200,2100001407,00882100001407110,91021000014071103,26024,EA,20,2026-05-07,,,,,,,,,,,,,,,,,,,,,
200,2100001407,00882100001407120,91021000014071203,2207J2,EA,1200,2026-05-07,,,,,,,,,,,,,,,,,,,,,
200,2100001407,00882100001407130,91021000014071303,PL26024,EA,2000,2026-05-07,,,,,,,,,,,,,,,,,,,,,
200,2100001407,00882100001407140,91021000014071405,PL26024,EA,1000,2026-06-04,,,,,,,,,,,,,,,,,,,,,
200,2100001407,00882100001407150,91021000014071503,26024,EA,500,2026-05-07,,,,,,,,,,,,,,,,,,,,,
200,2100001407,00882100001407160,91021000014071603,PL26024,EA,225,2026-05-07,,,,,,,,,,,,,,,,,,,,,
200,2100001407,00882100001407170,91021000014071703,26024,EA,600,2026-05-07,,,,,,,,,,,,,,,,,,,,,
200,2100001407,00882100001407180,91021000014071803,26024,EA,250,2026-05-07,,,,,,,,,,,,,,,,,,,,,
200,2100001407,00882100001407190,91021000014071903,26024,EA,300,2026-05-07,,,,,,,,,,,,,,,,,,,,,
200,2100001407,00882100001407200,91021000014072003,26024,EA,1550,2026-05-07,,,,,,,,,,,,,,,,,,,,,
200,2100001407,00882100001407210,91021000014072103,26024,EA,400,2026-05-07,,,,,,,,,,,,,,,,,,,,,
200,2100001407,00882100001407220,91021000014072203,PL26024,EA,100,2026-05-07,,,,,,,,,,,,,,,,,,,,,
200,2100001407,00882100001407230,91021000014072303,26024,EA,1000,2026-05-07,,,,,,,,,,,,,,,,,,,,,
200,2100001407,00882100001407240,91021000014072403,PL26024,EA,250,2026-05-07,,,,,,,,,,,,,,,,,,,,,
200,2100001407,00882100001407250,91021000014072503,26024,EA,1500,2026-05-07,,,,,,,,,,,,,,,,,,,,,
200,2100001407,00882100001407260,91021000014072603,26024,EA,600,2026-05-07,,,,,,,,,,,,,,,,,,,,,
200,2100001407,00882100001407270,91021000014072705,PL26204,EA,1000,2026-05-28,,,,,,,,,,,,,,,,,,,,,
200,2100001407,00882100001407280,91021000014072803,PL26024,EA,1100,2026-05-07,,,,,,,,,,,,,,,,,,,,,
200,2100001407,00882100001407290,91021000014072903,PL26024,EA,400,2026-05-07,,,,,,,,,,,,,,,,,,,,,
200,2100001407,00882100001407300,91021000014073003,20260320,EA,1150,2026-05-07,,,,,,,,,,,,,,,,,,,,,
200,2100001407,00882100001407310,91021000014073103,PL26024,EA,725,2026-05-07,,,,,,,,,,,,,,,,,,,,,
200,2100001407,00882100001407320,91021000014073203,PL26024,EA,650,2026-05-07,,,,,,,,,,,,,,,,,,,,,
200,2100001407,00882100001407330,91021000014073303,26024,EA,250,2026-05-07,,,,,,,,,,,,,,,,,,,,,
200,2100001407,00882100001407340,91021000014073403,26024,EA,275,2026-05-07,,,,,,,,,,,,,,,,,,,,,
200,2100001407,00882100001407350,91021000014073503,26024,EA,100,2026-05-07,,,,,,,,,,,,,,,,,,,,,
200,2100001407,00882100001407360,91021000014073603,26024,EA,1825,2026-05-07,,,,,,,,,,,,,,,,,,,,,
200,2100001407,00882100001407370,91021000014073703,26024,EA,5000,2026-05-07,,,,,,,,,,,,,,,,,,,,,
200,2100001407,00882100001407380,91021000014073803,26024,EA,200,2026-05-07,,,,,,,,,,,,,,,,,,,,,
200,2100001407,00882100001407390,91021000014073903,26024,EA,480,2026-05-07,,,,,,,,,,,,,,,,,,,,,
200,2100001407,00882100001407400,91021000014074003,PL26024,EA,20,2026-05-07,,,,,,,,,,,,,,,,,,,,,
200,2100001407,00882100001407410,91021000014074103,PL26024,EA,50,2026-05-07,,,,,,,,,,,,,,,,,,,,,
200,2100001407,00882100001407420,91021000014074203,PL26024,EA,500,2026-05-07,,,,,,,,,,,,,,,,,,,,,
200,2100001407,00882100001407430,91021000014074303,26024,EA,2000,2026-05-07,,,,,,,,,,,,,,,,,,,,,
200,2100001407,00882100001407440,91021000014074403,PL26024,EA,20,2026-05-07,,,,,,,,,,,,,,,,,,,,,
200,2100001407,00882100001407450,91021000014074504,PL26024,EA,75,2026-05-07,,,,,,,,,,,,,,,,,,,,,
200,2100001407,00882100001407450,91021000014074503,PL26024,EA,4650,2026-05-07,,,,,,,,,,,,,,,,,,,,,
200,2100001400,0088210000140010,9102100001400103,3/4,EA,250,2026-05-06,,,,,,,,,,,,,,,,,,,,,
200,2100001391,0088210000139110,9102100001391103,20260410,EA,2750,2026-06-05,,,,,,,,,,,,,,,,,,,,,
200,2100001391,0088210000139110,9102100001391104,20260410,EA,198,2026-06-05,,,,,,,,,,,,,,,,,,,,,
200,2100001391,0088210000139120,9102100001391203,20260410,EA,4,2026-06-05,,,,,,,,,,,,,,,,,,,,,
200,2100001391,0088210000139140,9102100001391403,20260410,EA,2600,2026-06-05,,,,,,,,,,,,,,,,,,,,,
200,2100001391,0088210000139150,9102100001391503,20260410,EA,1000,2026-06-05,,,,,,,,,,,,,,,,,,,,,
200,2100001391,0088210000139170,9102100001391703,20260410,EA,574,2026-06-05,,,,,,,,,,,,,,,,,,,,,
200,2100001391,0088210000139180,9102100001391803,20260410,EA,6,2026-06-05,,,,,,,,,,,,,,,,,,,,,
200,2100001391,0088210000139190,9102100001391903,20260410,EA,46,2026-06-05,,,,,,,,,,,,,,,,,,,,,
200,2100001391,00882100001391100,91021000013911003,20260410,EA,5,2026-06-05,,,,,,,,,,,,,,,,,,,,,
200,2100001391,00882100001391110,91021000013911103,20260410,EA,50,2026-06-05,,,,,,,,,,,,,,,,,,,,,
200,2100001391,00882100001391120,91021000013911203,20260410,EA,29,2026-06-05,,,,,,,,,,,,,,,,,,,,,
200,2100001391,00882100001391130,91021000013911303,20260410,EA,52,2026-06-05,,,,,,,,,,,,,,,,,,,,,
200,2100001391,00882100001391140,91021000013911403,20260410,EA,35,2026-06-05,,,,,,,,,,,,,,,,,,,,,
200,2100001391,00882100001391150,91021000013911503,20260410,EA,11,2026-06-05,,,,,,,,,,,,,,,,,,,,,
200,2100001391,00882100001391160,91021000013911603,20260410,EA,1,2026-06-05,,,,,,,,,,,,,,,,,,,,,
200,2100001391,00882100001391170,91021000013911703,20260410,EA,65,2026-06-05,,,,,,,,,,,,,,,,,,,,,
200,2100001391,00882100001391180,91021000013911803,20260410,EA,67,2026-06-05,,,,,,,,,,,,,,,,,,,,,
200,2100001390,0088210000139010,9102100001390103,20260410,EA,90,2026-06-05,,,,,,,,,,,,,,,,,,,,,
200,2100001380,0088210000138021,9102100001380212,LPG26C0317U,EA,150,2026-05-14,,,,,,,,,,,,,,,,,,,,,
200,2100001378,0088210000137810,9102100001378102,084319,EA,500,2026-05-15,,,,,,,,,,,,,,,,,,,,,
200,2100001378,00882100001378110,91021000013781103,084329,EA,100,2026-05-14,,,,,,,,,,,,,,,,,,,,,
200,2100001378,00882100001378200,91021000013782003,084091,EA,8,2026-04-30,,,,,,,,,,,,,,,,,,,,,
200,2100001378,0088210000137811,9102100001378113,084331,EA,500,2026-05-15,,,,,,,,,,,,,,,,,,,,,
200,2100001378,0088210000137811,9102100001378114,084393,EA,566,2026-05-15,,,,,,,,,,,,,,,,,,,,,
200,2100001377,0088210000137710,9102100001377103,084332,EA,300,2026-05-14,,,,,,,,,,,,,,,,,,,,,
200,2100001377,0088210000137720,9102100001377203,084180,EA,2,2026-04-30,,,,,,,,,,,,,,,,,,,,,
200,2100001377,0088210000137730,9102100001377303,084317,EA,150,2026-05-14,,,,,,,,,,,,,,,,,,,,,
200,2100001377,0088210000137740,9102100001377403,084227,EA,50,2026-04-30,,,,,,,,,,,,,,,,,,,,,
200,2100001377,0088210000137750,9102100001377503,084308,EA,50,2026-05-14,,,,,,,,,,,,,,,,,,,,,
200,2100001372,0088210000137220,9102100001372201,0043629,EA,102,2026-03-17,,,,,,,,,,,,,,,,,,,,,
200,2100001372,0088210000137230,9102100001372301,0043629,EA,108,2026-03-17,,,,,,,,,,,,,,,,,,,,,
200,2100001364,0088210000136410,9102100001364104,51540,EA,1000,2026-02-03,,,,,,,,,,,,,,,,,,,,,
200,2100001360,0088210000136010,9102100001360102,1078617-01,EA,300,2026-01-14,,,,,,,,,,,,,,,,,,,,,
200,2100001340,0088210000134010,9102100001340102,0187519,EA,16,2026-03-02,,,,,,,,,,,,,,,,,,,,,
200,2100001340,0088210000134030,9102100001340302,0187519,EA,18,2026-03-02,,,,,,,,,,,,,,,,,,,,,
200,2100001336,0088210000133610,9102100001336102,,EA,200,2026-01-14,,,,,,,,,,,,,,,,,,,,,
200,2100001336,0088210000133610,9102100001336102,,EA,200,2026-01-14,,,,,,,,,,,,,,,,,,,,,
200,2100001335,0088210000133510,9102100001335102,,EA,50,2026-05-15,,,,,,,,,,,,,,,,,,,,,
200,2100001335,0088210000133510,9102100001335102,,EA,50,2026-05-15,,,,,,,,,,,,,,,,,,,,,
200,2100001317,0088210000131750,9102100001317502,204281,EA,10,2026-03-06,,,,,,,,,,,,,,,,,,,,,
200,2100001309,0088210000130910,9102100001309101,2601,EA,1,2026-01-13,,,,,,,,,,,,,,,,,,,,,
200,2100001290,0088210000129030,9102100001290303,KD030444,EA,250,2026-04-24,,,,,,,,,,,,,,,,,,,,,
200,2100001290,00882100001290120,91021000012901203,RB331-KD030443,EA,10000,2026-04-24,,,,,,,,,,,,,,,,,,,,,
200,2100001285,0088210000128511,9102100001285113,20260410,EA,2000,2026-04-28,,,,,,,,,,,,,,,,,,,,,
200,2100001284,0088210000128410,9102100001284104,58891-1-1,EA,549,2026-05-01,,,,,,,,,,,,,,,,,,,,,
200,2100001284,0088210000128410,9102100001284104,58891-1-1,EA,549,2026-05-01,,,,,,,,,,,,,,,,,,,,,
200,2100001265,0088210000126510,9102100001265103,RA703-028309,EA,350,2026-04-17,,,,,,,,,,,,,,,,,,,,,
200,2100001262,0088210000126210,9102100001262101,10728,EA,1,2026-01-07,,,,,,,,,,,,,,,,,,,,,
200,2100001250,0088210000125010,9102100001250101,51136,EA,1,2026-01-05,,,,,,,,,,,,,,,,,,,,,
200,2100001243,0088210000124310,9102100001243104,250000277,EA,680,2026-06-03,,,,,,,,,,,,,,,,,,,,,
200,2100001243,0088210000124310,9102100001243103,250000277,EA,1440,2026-06-03,,,,,,,,,,,,,,,,,,,,,
200,2100001239,0088210000123950,9102100001239503,KD030444,EA,750,2026-04-24,,,,,,,,,,,,,,,,,,,,,
200,2100001201,0088210000120110,9102100001201104,51661,EA,90000,2026-02-16,,,,,,,,,,,,,,,,,,,,,
200,2100001166,0088210000116630,9102100001166303,RB331-KD029892,EA,25000,2026-04-17,,,,,,,,,,,,,,,,,,,,,
200,2100001164,0088210000116490,9102100001164902,KD031456,EA,500,2026-06-30,,,,,,,,,,,,,,,,,,,,,
200,2100001162,0088210000116230,9102100001162303,R8840-030026,EA,350,2026-04-17,,,,,,,,,,,,,,,,,,,,,
200,2100001142,0088210000114210,9102100001142101,21654,EA,1,2025-12-15,,,,,,,,,,,,,,,,,,,,,
200,2100001138,0088210000113811,9102100001138113,202603,EA,8,2026-06-08,,,,,,,,,,,,,,,,,,,,,
200,2100001138,0088210000113811,9102100001138114,202603,EA,410,2026-06-08,,,,,,,,,,,,,,,,,,,,,
200,2100001138,0088210000113811,9102100001138114,202603,EA,410,2026-06-08,,,,,,,,,,,,,,,,,,,,,
200,2100001136,0088210000113620,9102100001136203,KD029892,EA,2000,2026-03-23,,,,,,,,,,,,,,,,,,,,,
200,2100001136,0088210000113621,9102100001136212,KD029832,EA,850,2026-04-22,,,,,,,,,,,,,,,,,,,,,
200,2100001136,0088210000113622,9102100001136223,030841,EA,150,2026-05-22,,,,,,,,,,,,,,,,,,,,,
200,2100001128,0088210000112810,9102100001128101,2182026WAR,EA,1,2025-12-11,,,,,,,,,,,,,,,,,,,,,
200,2100001116,0088210000111620,9102100001116201,164210,EA,6000,2025-12-10,,,,,,,,,,,,,,,,,,,,,
200,2100001099,0088210000109910,9102100001099103,295695,EA,25000,2026-04-13,,,,,,,,,,,,,,,,,,,,,
200,2100001099,0088210000109920,9102100001099203,295696,EA,14000,2026-04-13,,,,,,,,,,,,,,,,,,,,,
200,2100001089,0088210000108920,9102100001089203,KD030043,EA,240,2026-02-06,,,,,,,,,,,,,,,,,,,,,
200,2100001089,0088210000108921,9102100001089212,RB331-KD029892,EA,100,2026-04-16,,,,,,,,,,,,,,,,,,,,,
200,2100001072,00882100001072100,91021000010721003,12052025,EA,200,2025-12-02,,,,,,,,,,,,,,,,,,,,,
200,2100001072,00882100001072100,91021000010721001,LDK2100001072ASR-UPS,EA,300,2025-12-02,,,,,,,,,,,,,,,,,,,,,
200,2100001066,0088210000106610,9102100001066104,,EA,664,2026-05-01,,,,,,,,,,,,,,,,,,,,,
200,2100001066,0088210000106610,9102100001066104,,EA,664,2026-05-01,,,,,,,,,,,,,,,,,,,,,
200,2100001066,0088210000106610,9102100001066103,,EA,103,2026-05-01,,,,,,,,,,,,,,,,,,,,,
200,2100001066,0088210000106610,9102100001066103,,EA,103,2026-05-01,,,,,,,,,,,,,,,,,,,,,
200,2100001066,0088210000106610,9102100001066103,,EA,103,2026-05-01,,,,,,,,,,,,,,,,,,,,,
200,2100001066,0088210000106610,9102100001066103,,EA,103,2026-05-01,,,,,,,,,,,,,,,,,,,,,
200,2100001066,0088210000106610,9102100001066103,,EA,103,2026-05-01,,,,,,,,,,,,,,,,,,,,,
200,2100001066,0088210000106610,9102100001066103,,EA,103,2026-05-01,,,,,,,,,,,,,,,,,,,,,
200,2100001061,0088210000106120,9102100001061204,KD029729,EA,150,2026-03-30,,,,,,,,,,,,,,,,,,,,,
200,2100001061,0088210000106121,9102100001061212,KD029729,EA,1200,2026-04-07,,,,,,,,,,,,,,,,,,,,,
200,2100001052,0088210000105230,9102100001052302,5881931,EA,100,2026-02-10,,,,,,,,,,,,,,,,,,,,,
200,2100001052,0088210000105230,9102100001052302,5881931,EA,100,2026-02-10,,,,,,,,,,,,,,,,,,,,,
200,2100001046,0088210000104610,9102100001046103,20260529,EA,500,2026-04-28,,,,,,,,,,,,,,,,,,,,,
200,2100001039,0088210000103910,9102100001039102,KAP-ASR-2601,EA,250,2026-03-16,,,,,,,,,,,,,,,,,,,,,
200,2100001039,0088210000103920,9102100001039202,KAP-ASR-2601,EA,250,2026-03-16,,,,,,,,,,,,,,,,,,,,,
200,2100001036,0088210000103630,9102100001036303,871517193048,EA,48,2026-03-30,,,,,,,,,,,,,,,,,,,,,
200,2100001035,0088210000103510,9102100001035102,083971,EA,12,2026-03-02,,,,,,,,,,,,,,,,,,,,,
200,2100001033,0088210000103380,9102100001033803,KD029728,EA,250,2026-04-06,,,,,,,,,,,,,,,,,,,,,
200,2100001033,00882100001033180,91021000010331803,KD029728,EA,750,2026-04-06,,,,,,,,,,,,,,,,,,,,,
200,2100001033,00882100001033210,91021000010332102,KD030117,EA,1720,2026-04-10,,,,,,,,,,,,,,,,,,,,,
200,2100001031,0088210000103110,9102100001031103,R8440-KD030026,EA,1750,2026-04-17,,,,,,,,,,,,,,,,,,,,,
200,2100001030,0088210000103040,9102100001030403,KD029728,EA,250,2026-04-06,,,,,,,,,,,,,,,,,,,,,
200,2100001030,00882100001030170,91021000010301703,KD029728,EA,1750,2026-04-06,,,,,,,,,,,,,,,,,,,,,
200,2100001029,0088210000102940,9102100001029403,KD029728,EA,750,2026-04-06,,,,,,,,,,,,,,,,,,,,,
200,2100001005,0088210000100510,9102100001005103,LXNI0116,EA,70,2026-03-12,,,,,,,,,,,,,,,,,,,,,
200,2100001005,0088210000100520,9102100001005203,LXNI0116,EA,50,2026-03-12,,,,,,,,,,,,,,,,,,,,,
200,2100001005,0088210000100550,9102100001005503,LXNI0116,EA,50,2026-03-12,,,,,,,,,,,,,,,,,,,,,
200,2100001005,0088210000100560,9102100001005603,LNXI0116,EA,100,2026-03-12,,,,,,,,,,,,,,,,,,,,,
200,2100001005,0088210000100570,9102100001005703,LXNI0116,EA,250,2026-03-12,,,,,,,,,,,,,,,,,,,,,
200,2100001005,0088210000100580,9102100001005803,LXNI0116,EA,250,2026-03-12,,,,,,,,,,,,,,,,,,,,,
200,2100001005,0088210000100590,9102100001005903,LXNI0116,EA,100,2026-03-12,,,,,,,,,,,,,,,,,,,,,
200,2100001005,00882100001005100,91021000010051003,LXNI0116,EA,50,2026-03-12,,,,,,,,,,,,,,,,,,,,,
200,2100001005,00882100001005110,91021000010051103,LXNI0116,EA,250,2026-03-12,,,,,,,,,,,,,,,,,,,,,
200,2100001005,00882100001005120,91021000010051203,LXNI0116,EA,100,2026-03-20,,,,,,,,,,,,,,,,,,,,,
200,2100000998,0088210000099810,9102100000998102,083969,EA,132,2026-03-02,,,,,,,,,,,,,,,,,,,,,
200,2100000998,0088210000099860,9102100000998602,083967,EA,100,2026-03-02,,,,,,,,,,,,,,,,,,,,,
200,2100000998,0088210000099870,9102100000998702,083968,EA,50,2026-03-02,,,,,,,,,,,,,,,,,,,,,
200,2100000963,0088210000096330,9102100000963303,KAP-ASR-2601,EA,967,2026-03-16,,,,,,,,,,,,,,,,,,,,,
200,2100000948,0088210000094850,9102100000948503,58795-5-1,EA,322,2026-03-25,,,,,,,,,,,,,,,,,,,,,
200,2100000948,0088210000094850,9102100000948503,58795-5-1,EA,322,2026-03-25,,,,,,,,,,,,,,,,,,,,,
200,2100000921,0088210000092110,9102100000921104,250000277,EA,1440,2026-06-03,,,,,,,,,,,,,,,,,,,,,
200,2100000921,0088210000092110,9102100000921103,250000277,EA,1440,2026-06-03,,,,,,,,,,,,,,,,,,,,,
200,2100000913,0088210000091310,9102100000913105,KD029729,EA,950,2026-03-30,,,,,,,,,,,,,,,,,,,,,
200,2100000913,0088210000091310,9102100000913103,KD029729,EA,4800,2026-03-30,,,,,,,,,,,,,,,,,,,,,
200,2100000913,0088210000091311,9102100000913112,KD030043,EA,1000,2026-02-06,,,,,,,,,,,,,,,,,,,,,
200,2100000912,0088210000091210,9102100000912103,KD029729,EA,4800,2026-03-30,,,,,,,,,,,,,,,,,,,,,
200,2100000912,0088210000091210,9102100000912104,KD029729,EA,4800,2026-03-30,,,,,,,,,,,,,,,,,,,,,
200,2100000912,0088210000091220,9102100000912203,KD029729,EA,2000,2026-03-30,,,,,,,,,,,,,,,,,,,,,
200,2100000905,0088210000090510,9102100000905105,25-26/200,EA,104,2026-04-24,,,,,,,,,,,,,,,,,,,,,
200,2100000905,0088210000090511,9102100000905113,25-26/200,EA,11200,2026-04-24,,,,,,,,,,,,,,,,,,,,,
200,2100000895,0088210000089510,9102100000895105,251205100,EA,60,2025-12-10,,,,,,,,,,,,,,,,,,,,,
200,2100000895,0088210000089510,9102100000895104,ASR251205100,EA,40,2025-12-10,,,,,,,,,,,,,,,,,,,,,
200,2100000892,0088210000089210,9102100000892102,58783-1-1,EA,65,2026-01-26,,,,,,,,,,,,,,,,,,,,,
200,2100000892,0088210000089210,9102100000892102,58783-1-1,EA,65,2026-01-26,,,,,,,,,,,,,,,,,,,,,
200,2100000886,00882100000886320,91021000008863203,RA703-028309,EA,250,2026-04-17,,,,,,,,,,,,,,,,,,,,,
200,2100000885,0088210000088520,9102100000885203,KD029649,EA,100,2026-04-06,,,,,,,,,,,,,,,,,,,,,
200,2100000885,0088210000088570,9102100000885703,KD029649,EA,100,2026-04-06,,,,,,,,,,,,,,,,,,,,,
200,2100000885,0088210000088590,9102100000885903,KD029649,EA,450,2026-04-06,,,,,,,,,,,,,,,,,,,,,
200,2100000885,00882100000885150,91021000008851503,KD029649,EA,1000,2026-04-06,,,,,,,,,,,,,,,,,,,,,
200,2100000885,00882100000885170,91021000008851703,KD029649,EA,1000,2026-04-06,,,,,,,,,,,,,,,,,,,,,
200,2100000885,00882100000885180,91021000008851803,KD029649,EA,1000,2026-04-06,,,,,,,,,,,,,,,,,,,,,
200,2100000885,00882100000885210,91021000008852103,KD029649,EA,500,2026-04-06,,,,,,,,,,,,,,,,,,,,,
200,2100000885,00882100000885220,91021000008852203,KD029649,EA,2500,2026-04-06,,,,,,,,,,,,,,,,,,,,,
200,2100000885,00882100000885240,91021000008852403,KD029649,EA,100,2026-04-06,,,,,,,,,,,,,,,,,,,,,
200,2100000885,00882100000885250,91021000008852503,KD029649,EA,100,2026-04-06,,,,,,,,,,,,,,,,,,,,,
200,2100000885,00882100000885260,91021000008852603,KD029649,EA,100,2026-04-06,,,,,,,,,,,,,,,,,,,,,
200,2100000885,00882100000885270,91021000008852703,KD029649,EA,250,2026-04-06,,,,,,,,,,,,,,,,,,,,,
200,2100000881,0088210000088110,9102100000881101,1985,EA,50,2025-11-19,,,,,,,,,,,,,,,,,,,,,
200,2100000874,0088210000087410,9102100000874101,EMAIL111125,EA,1,2025-11-14,,,,,,,,,,,,,,,,,,,,,
200,2100000865,0088210000086510,9102100000865101,2025-101,EA,1,2025-11-28,,,,,,,,,,,,,,,,,,,,,
200,2100000861,0088210000086110,9102100000861103,PL25120059,EA,75,2026-02-24,,,,,,,,,,,,,,,,,,,,,
200,2100000860,0088210000086010,9102100000860103,PL25120059,EA,2000,2026-01-28,,,,,,,,,,,,,,,,,,,,,
200,2100000850,0088210000085010,9102100000850102,5877211,EA,3000,2026-01-26,,,,,,,,,,,,,,,,,,,,,
200,2100000850,0088210000085010,9102100000850102,5877211,EA,3000,2026-01-26,,,,,,,,,,,,,,,,,,,,,
200,2100000825,0088210000082510,9102100000825103,31872,EA,200,2025-12-15,,,,,,,,,,,,,,,,,,,,,
200,2100000821,0088210000082110,9102100000821102,13593,EA,300,2026-01-05,,,,,,,,,,,,,,,,,,,,,
200,2100000821,0088210000082120,9102100000821202,13593,EA,10,2026-01-05,,,,,,,,,,,,,,,,,,,,,
200,2100000821,0088210000082130,9102100000821302,13593,EA,10,2026-01-05,,,,,,,,,,,,,,,,,,,,,
200,2100000821,0088210000082140,9102100000821402,13593,EA,10,2026-01-05,,,,,,,,,,,,,,,,,,,,,
200,2100000821,0088210000082150,9102100000821502,13593,EA,10,2026-01-05,,,,,,,,,,,,,,,,,,,,,
200,2100000821,0088210000082160,9102100000821602,13593,EA,10,2026-01-05,,,,,,,,,,,,,,,,,,,,,
200,2100000821,0088210000082170,9102100000821702,13593,EA,5,2026-01-05,,,,,,,,,,,,,,,,,,,,,
200,2100000821,0088210000082180,9102100000821802,13593,EA,10,2026-01-05,,,,,,,,,,,,,,,,,,,,,
200,2100000821,0088210000082190,9102100000821902,13593,EA,10,2026-01-05,,,,,,,,,,,,,,,,,,,,,
200,2100000805,0088210000080560,9102100000805603,R8840-KD028325,EA,15000,2026-01-28,,,,,,,,,,,,,,,,,,,,,
200,2100000797,0088210000079720,9102100000797203,RA703-028309,EA,250,2026-04-17,,,,,,,,,,,,,,,,,,,,,
200,2100000797,0088210000079740,9102100000797403,RA703-KD028309,EA,250,2026-04-17,,,,,,,,,,,,,,,,,,,,,
200,2100000797,0088210000079750,9102100000797503,RA703-028309,EA,240,2026-04-17,,,,,,,,,,,,,,,,,,,,,
200,2100000797,0088210000079760,9102100000797603,RA703-KD028309,EA,250,2026-04-17,,,,,,,,,,,,,,,,,,,,,
200,2100000797,0088210000079780,9102100000797803,RA703-KD028309,EA,250,2026-04-17,,,,,,,,,,,,,,,,,,,,,
200,2100000797,00882100000797100,91021000007971003,RA703-KD028309,EA,250,2026-04-17,,,,,,,,,,,,,,,,,,,,,
200,2100000797,00882100000797110,91021000007971103,RA703-KD028309,EA,250,2026-04-17,,,,,,,,,,,,,,,,,,,,,
200,2100000797,00882100000797120,91021000007971203,RA703-028309,EA,250,2026-04-17,,,,,,,,,,,,,,,,,,,,,
200,2100000797,00882100000797130,91021000007971303,RA703-KD028309,EA,250,2026-04-17,,,,,,,,,,,,,,,,,,,,,
200,2100000797,00882100000797140,91021000007971403,RA703-KD028309,EA,500,2026-04-17,,,,,,,,,,,,,,,,,,,,,
200,2100000797,00882100000797160,91021000007971603,RA703-028309,EA,250,2026-04-17,,,,,,,,,,,,,,,,,,,,,
200,2100000797,00882100000797180,91021000007971803,RA703-KD028309,EA,350,2026-04-17,,,,,,,,,,,,,,,,,,,,,
200,2100000797,00882100000797190,91021000007971903,RA703-KD028309,EA,250,2026-04-17,,,,,,,,,,,,,,,,,,,,,
200,2100000797,00882100000797200,91021000007972003,RA703-KD028309,EA,250,2026-04-17,,,,,,,,,,,,,,,,,,,,,
200,2100000797,00882100000797210,91021000007972103,RA703-KD028309,EA,250,2026-04-17,,,,,,,,,,,,,,,,,,,,,
200,2100000797,00882100000797220,91021000007972203,RA703-028309,EA,250,2026-04-17,,,,,,,,,,,,,,,,,,,,,
200,2100000797,00882100000797240,91021000007972403,RA703-KD028309,EA,250,2026-04-17,,,,,,,,,,,,,,,,,,,,,
200,2100000797,00882100000797250,91021000007972503,RA703-KD028309,EA,250,2026-04-17,,,,,,,,,,,,,,,,,,,,,
200,2100000797,00882100000797260,91021000007972603,RA703-028309,EA,250,2026-04-17,,,,,,,,,,,,,,,,,,,,,
200,2100000797,00882100000797270,91021000007972703,RA703-KD028309,EA,250,2026-04-17,,,,,,,,,,,,,,,,,,,,,
200,2100000797,00882100000797280,91021000007972803,RA703-KD028309,EA,250,2026-04-17,,,,,,,,,,,,,,,,,,,,,
200,2100000793,0088210000079310,9102100000793101,1208MB,EA,32,2025-11-12,,,,,,,,,,,,,,,,,,,,,
200,2100000786,0088210000078680,9102100000786803,KD029649,EA,250,2026-04-06,,,,,,,,,,,,,,,,,,,,,
200,2100000786,00882100000786120,91021000007861203,KD029649,EA,250,2026-04-06,,,,,,,,,,,,,,,,,,,,,
200,2100000785,00882100000785280,91021000007852803,RA703-028309,EA,250,2026-04-17,,,,,,,,,,,,,,,,,,,,,
200,2100000785,00882100000785310,91021000007853103,KD029649,EA,250,2026-04-06,,,,,,,,,,,,,,,,,,,,,
200,2100000781,0088210000078120,9102100000781203,PL25120059,EA,130,2026-02-24,,,,,,,,,,,,,,,,,,,,,
200,2100000776,0088210000077610,9102100000776102,5875511,EA,164,2025-12-19,,,,,,,,,,,,,,,,,,,,,
200,2100000776,0088210000077610,9102100000776102,5875511,EA,164,2025-12-19,,,,,,,,,,,,,,,,,,,,,
200,2100000775,0088210000077540,9102100000775403,RA703-KD029417,EA,250,2026-01-16,,,,,,,,,,,,,,,,,,,,,
200,2100000775,0088210000077550,9102100000775503,RA703-KD029417,EA,250,2026-01-16,,,,,,,,,,,,,,,,,,,,,
200,2100000775,0088210000077560,9102100000775603,RA703-KD029417,EA,250,2026-01-16,,,,,,,,,,,,,,,,,,,,,
200,2100000775,0088210000077570,9102100000775703,RA703-KD029417,EA,250,2026-01-16,,,,,,,,,,,,,,,,,,,,,
200,2100000775,0088210000077580,9102100000775803,RA703-KD029417,EA,250,2026-01-16,,,,,,,,,,,,,,,,,,,,,
200,2100000775,0088210000077590,9102100000775903,RA703-KD029417,EA,250,2026-01-16,,,,,,,,,,,,,,,,,,,,,
200,2100000775,00882100000775330,91021000007753303,RA703-KD029417,EA,250,2026-01-16,,,,,,,,,,,,,,,,,,,,,
200,2100000768,00882100000768180,91021000007681803,20260320,EA,100,2026-05-22,,,,,,,,,,,,,,,,,,,,,
200,2100000767,00882100000767130,91021000007671303,KD029649,EA,250,2026-04-06,,,,,,,,,,,,,,,,,,,,,
200,2100000767,00882100000767240,91021000007672403,KD029649,EA,250,2026-04-06,,,,,,,,,,,,,,,,,,,,,
200,2100000767,00882100000767270,91021000007672703,KD029649,EA,250,2026-04-06,,,,,,,,,,,,,,,,,,,,,
200,2100000766,00882100000766110,91021000007661104,KD029649,EA,250,2026-04-06,,,,,,,,,,,,,,,,,,,,,
200,2100000766,00882100000766110,91021000007661103,KD029649,EA,750,2026-04-06,,,,,,,,,,,,,,,,,,,,,
200,2100000733,0088210000073310,9102100000733102,083769,EA,500,2026-01-15,,,,,,,,,,,,,,,,,,,,,
200,2100000732,00882100000732120,91021000007321203,083737,EA,212,2026-03-02,,,,,,,,,,,,,,,,,,,,,
200,2100000732,00882100000732170,91021000007321703,084090,EA,4,2026-04-03,,,,,,,,,,,,,,,,,,,,,
200,2100000724,00882100000724150,91021000007241502,1285830,EA,100,2025-11-07,,,,,,,,,,,,,,,,,,,,,
200,2100000724,00882100000724150,91021000007241501,1288286,EA,200,2025-11-07,,,,,,,,,,,,,,,,,,,,,
200,2100000722,00882100000722240,91021000007222401,0352207,EA,2,2025-11-05,,,,,,,,,,,,,,,,,,,,,
200,2100000711,0088210000071110,9102100000711103,45254286399,EA,294,2025-12-23,,,,,,,,,,,,,,,,,,,,,
200,2100000686,0088210000068610,9102100000686103,KD029181,EA,500,2025-11-26,,,,,,,,,,,,,,,,,,,,,
200,2100000686,0088210000068610,9102100000686104,RB331-KD029181,EA,100,2025-11-26,,,,,,,,,,,,,,,,,,,,,
200,2100000686,0088210000068611,9102100000686113,KD029228,EA,900,2026-02-05,,,,,,,,,,,,,,,,,,,,,
200,2100000684,0088210000068410,9102100000684101,KD028745,EA,715,2026-01-16,,,,,,,,,,,,,,,,,,,,,
200,2100000684,0088210000068411,9102100000684113,KD029271,EA,510,2025-12-17,,,,,,,,,,,,,,,,,,,,,
200,2100000684,0088210000068412,9102100000684124,KD029535,EA,735,2026-01-12,,,,,,,,,,,,,,,,,,,,,
200,2100000684,0088210000068412,9102100000684123,KD029535,EA,215,2026-01-12,,,,,,,,,,,,,,,,,,,,,
200,2100000657,0088210000065730,9102100000657303,KD029228,EA,161000,2026-01-28,,,,,,,,,,,,,,,,,,,,,
200,2100000657,0088210000065730,9102100000657303,KD029228,EA,161000,2026-01-28,,,,,,,,,,,,,,,,,,,,,
200,2100000657,0088210000065730,9102100000657304,RB331-KD029228,EA,77000,2026-01-28,,,,,,,,,,,,,,,,,,,,,
200,2100000657,0088210000065731,9102100000657314,KD029729,EA,6000,2026-04-06,,,,,,,,,,,,,,,,,,,,,
200,2100000657,0088210000065731,9102100000657314,KD029729,EA,6000,2026-04-06,,,,,,,,,,,,,,,,,,,,,
200,2100000657,0088210000065731,9102100000657314,KD029729,EA,6000,2026-04-06,,,,,,,,,,,,,,,,,,,,,
200,2100000657,0088210000065731,9102100000657313,KD029729,EA,98000,2026-04-06,,,,,,,,,,,,,,,,,,,,,
200,2100000656,0088210000065610,9102100000656107,RB331-KD030443,EA,480,2026-04-17,,,,,,,,,,,,,,,,,,,,,
200,2100000656,0088210000065610,9102100000656105,KD029892,EA,1920,2026-04-17,,,,,,,,,,,,,,,,,,,,,
200,2100000656,0088210000065610,9102100000656105,KD029892,EA,1920,2026-04-17,,,,,,,,,,,,,,,,,,,,,
200,2100000656,0088210000065610,9102100000656105,KD029892,EA,1920,2026-04-17,,,,,,,,,,,,,,,,,,,,,
200,2100000656,0088210000065611,9102100000656114,KD029892,EA,480,2026-04-24,,,,,,,,,,,,,,,,,,,,,
200,2100000656,0088210000065611,9102100000656113,KD029892,EA,1920,2026-04-24,,,,,,,,,,,,,,,,,,,,,
200,2100000647,0088210000064710,9102100000647103,CS50577,EA,49,2025-12-29,,,,,,,,,,,,,,,,,,,,,
200,2100000643,0088210000064310,9102100000643103,PL25120059,EA,25,2026-02-24,,,,,,,,,,,,,,,,,,,,,
200,2100000643,0088210000064311,9102100000643113,PL25120059,EA,1500,2026-02-24,,,,,,,,,,,,,,,,,,,,,
200,2100000628,0088210000062830,9102100000628301,0043205,EA,204,2025-12-23,,,,,,,,,,,,,,,,,,,,,
200,2100000626,0088210000062620,9102100000626202,5871521,EA,125,2025-12-23,,,,,,,,,,,,,,,,,,,,,
200,2100000626,0088210000062620,9102100000626202,5871521,EA,125,2025-12-23,,,,,,,,,,,,,,,,,,,,,
200,2100000615,0088210000061510,9102100000615103,KD028101,EA,240,2025-11-17,,,,,,,,,,,,,,,,,,,,,
200,2100000615,0088210000061520,9102100000615202,3225B2,EA,35,2026-03-18,,,,,,,,,,,,,,,,,,,,,
200,2100000614,0088210000061420,9102100000614203,PL25120059,EA,604,2026-02-24,,,,,,,,,,,,,,,,,,,,,
200,2100000591,0088210000059140,9102100000591402,20251222033208,EA,100,2025-12-18,,,,,,,,,,,,,,,,,,,,,
200,2100000585,0088210000058510,9102100000585101,1CJ3WC2,EA,3,2025-10-24,,,,,,,,,,,,,,,,,,,,,
200,2100000580,0088210000058010,9102100000580101,LZX6188-0001,EA,2,2025-10-24,,,,,,,,,,,,,,,,,,,,,
200,2100000580,0088210000058020,9102100000580201,LZX6188-00001,EA,1,2025-10-24,,,,,,,,,,,,,,,,,,,,,
200,2100000580,0088210000058030,9102100000580301,LZX6188-00001,EA,1,2025-10-24,,,,,,,,,,,,,,,,,,,,,
200,2100000580,0088210000058040,9102100000580401,LZX6188-00001,EA,1,2025-10-24,,,,,,,,,,,,,,,,,,,,,
200,2100000580,0088210000058050,9102100000580501,LZX6188-00001,EA,2,2025-10-24,,,,,,,,,,,,,,,,,,,,,
200,2100000573,0088210000057340,9102100000573405,KD029728,EA,150,2026-04-06,,,,,,,,,,,,,,,,,,,,,
200,2100000573,0088210000057350,9102100000573503,R8840-KD028325,EA,25000,2026-01-28,,,,,,,,,,,,,,,,,,,,,
200,2100000573,0088210000057390,9102100000573904,R8840-KD028325,EA,225,2026-01-28,,,,,,,,,,,,,,,,,,,,,
200,2100000527,0088210000052710,9102100000527104,31826,EA,38,2025-11-12,,,,,,,,,,,,,,,,,,,,,
200,2100000527,0088210000052710,9102100000527102,31825,EA,130,2025-11-12,,,,,,,,,,,,,,,,,,,,,
200,2100000524,0088210000052410,9102100000524106,LPG25C1213,EA,45,2026-02-04,,,,,,,,,,,,,,,,,,,,,
200,2100000524,00882100000524160,91021000005241601,3/6/26EMAIL,EA,30,2026-05-08,,,,,,,,,,,,,,,,,,,,,
200,2100000524,0088210000052411,9102100000524113,LPG25C1213,EA,15,2026-03-23,,,,,,,,,,,,,,,,,,,,,
200,2100000518,00882100000518120,91021000005181203,KD028325,EA,890,2026-01-28,,,,,,,,,,,,,,,,,,,,,
200,2100000518,00882100000518121,91021000005181213,KD029728,EA,110,2026-04-06,,,,,,,,,,,,,,,,,,,,,
200,2100000506,0088210000050650,9102100000506503,31801,EA,200,2025-11-14,,,,,,,,,,,,,,,,,,,,,
200,2100000496,0088210000049610,9102100000496102,5868311,EA,110,2026-01-16,,,,,,,,,,,,,,,,,,,,,
200,2100000496,0088210000049610,9102100000496102,5868311,EA,110,2026-01-16,,,,,,,,,,,,,,,,,,,,,
200,2100000494,0088210000049430,9102100000494303,20251108,EA,500000,2026-01-21,,,,,,,,,,,,,,,,,,,,,
200,2100000489,0088210000048910,9102100000489103,PL25120059,EA,2488,2026-02-24,,,,,,,,,,,,,,,,,,,,,
200,2100000480,0088210000048010,9102100000480104,HIP25-833,EA,48000,2026-01-29,,,,,,,,,,,,,,,,,,,,,
200,2100000464,0088210000046410,9102100000464102,4794712-01,EA,1000,2025-10-10,,,,,,,,,,,,,,,,,,,,,
200,2100000441,0088210000044120,9102100000441202,4547752-01,EA,1,2025-10-10,,,,,,,,,,,,,,,,,,,,,
200,2100000441,0088210000044130,9102100000441302,4547752-01,EA,1,2025-10-10,,,,,,,,,,,,,,,,,,,,,
200,2100000423,0088210000042310,9102100000423102,LPG25C1124,EA,237,2026-01-29,,,,,,,,,,,,,,,,,,,,,
200,2100000404,0088210000040420,9102100000404203,KD028325,EA,10000,2026-01-28,,,,,,,,,,,,,,,,,,,,,
200,2100000403,0088210000040311,9102100000403113,R8840-KD027598,EA,1840,2025-12-30,,,,,,,,,,,,,,,,,,,,,
200,2100000396,0088210000039610,9102100000396101,1CJ0DV3,EA,1,2025-10-08,,,,,,,,,,,,,,,,,,,,,
200,2100000396,0088210000039620,9102100000396202,LXK682700002,EA,1,2025-10-08,,,,,,,,,,,,,,,,,,,,,
200,2100000394,0088210000039410,9102100000394101,MB,EA,40,2025-10-14,,,,,,,,,,,,,,,,,,,,,
200,2100000392,0088210000039210,9102100000392101,MB,EA,5,2025-10-14,,,,,,,,,,,,,,,,,,,,,
200,2100000371,0088210000037110,9102100000371102,102825WAR,EA,8,2025-10-13,,,,,,,,,,,,,,,,,,,,,
200,2100000322,0088210000032210,9102100000322103,PL25120059,EA,1415,2026-02-24,,,,,,,,,,,,,,,,,,,,,
200,2100000302,0088210000030210,9102100000302101,31778,EA,1400,2025-11-14,,,,,,,,,,,,,,,,,,,,,
200,2100000302,0088210000030220,9102100000302201,31766,EA,1600,2025-11-14,,,,,,,,,,,,,,,,,,,,,
200,2100000302,0088210000030211,9102100000302112,31799,EA,2500,2025-11-14,,,,,,,,,,,,,,,,,,,,,
200,2100000302,0088210000030221,9102100000302212,2100000302,EA,3000,2025-11-14,,,,,,,,,,,,,,,,,,,,,
200,2100000276,0088210000027620,9102100000276207,LDK2100000276ASR,EA,12000,2025-12-12,,,,,,,,,,,,,,,,,,,,,
200,2100000269,00882100000269150,91021000002691503,31764,EA,54,2025-10-23,,,,,,,,,,,,,,,,,,,,,
200,2100000262,0088210000026220,9102100000262204,162149,EA,2052,2025-10-08,,,,,,,,,,,,,,,,,,,,,
200,2100000262,0088210000026220,9102100000262203,162149,EA,2604,2025-10-08,,,,,,,,,,,,,,,,,,,,,
200,2100000261,0088210000026160,9102100000261602,1269598,EA,620,2025-10-08,,,,,,,,,,,,,,,,,,,,,
200,2100000240,0088210000024010,9102100000240101,0043016,EA,48,2025-12-03,,,,,,,,,,,,,,,,,,,,,
200,2100000240,0088210000024030,9102100000240301,0043016,EA,48,2025-12-03,,,,,,,,,,,,,,,,,,,,,
200,2100000215,0088210000021510,9102100000215103,083797,EA,500,2026-01-15,,,,,,,,,,,,,,,,,,,,,
200,2100000215,0088210000021511,9102100000215113,083773,EA,500,2026-01-29,,,,,,,,,,,,,,,,,,,,,
200,2100000209,0088210000020910,9102100000209102,5862241,EA,2000,2025-11-19,,,,,,,,,,,,,,,,,,,,,
200,2100000209,0088210000020910,9102100000209102,5862241,EA,2000,2025-11-19,,,,,,,,,,,,,,,,,,,,,
200,2100000203,0088210000020310,9102100000203103,NR20251125US,EA,10000,2026-01-20,,,,,,,,,,,,,,,,,,,,,
200,2100000200,0088210000020010,9102100000200104,MJWDS20251010001,EA,648,2025-12-08,,,,,,,,,,,,,,,,,,,,,
200,2100000200,0088210000020011,9102100000200118,MJWDS20251124001,EA,136,2026-01-22,,,,,,,,,,,,,,,,,,,,,
200,2100000200,0088210000020011,9102100000200117,MJWDS20251124001,EA,216,2026-01-22,,,,,,,,,,,,,,,,,,,,,
200,2100000195,0088210000019520,9102100000195203,PL25120059,EA,1050,2026-02-24,,,,,,,,,,,,,,,,,,,,,
200,2100000195,0088210000019520,9102100000195204,PL25120059,EA,955,2026-02-24,,,,,,,,,,,,,,,,,,,,,
200,2100000190,0088210000019030,9102100000190303,R8840-KD27598,EA,750,2025-12-30,,,,,,,,,,,,,,,,,,,,,
200,2100000189,0088210000018910,9102100000189105,KD029729,EA,14000,2026-04-06,,,,,,,,,,,,,,,,,,,,,
200,2100000189,0088210000018910,9102100000189103,KD029729,EA,69000,2026-04-06,,,,,,,,,,,,,,,,,,,,,
200,2100000189,0088210000018910,9102100000189103,KD029729,EA,69000,2026-04-06,,,,,,,,,,,,,,,,,,,,,
200,2100000189,0088210000018911,9102100000189113,RB331-KD030443,EA,161000,2026-04-24,,,,,,,,,,,,,,,,,,,,,
200,2100000189,0088210000018912,9102100000189122,030839,EA,5000,2026-02-20,,,,,,,,,,,,,,,,,,,,,
200,2100000177,0088210000017730,9102100000177301,01166034753,EA,2,2025-09-19,,,,,,,,,,,,,,,,,,,,,
200,2100000169,0088210000016910,9102100000169104,NR20251013US,EA,426,2025-10-24,,,,,,,,,,,,,,,,,,,,,
200,2100000149,0088210000014910,9102100000149102,3491796-01,EA,2,2025-09-19,,,,,,,,,,,,,,,,,,,,,
200,2100000149,0088210000014920,9102100000149202,3491796-01,EA,1,2025-09-19,,,,,,,,,,,,,,,,,,,,,
200,2100000149,0088210000014930,9102100000149302,3491796-01,EA,1,2025-09-19,,,,,,,,,,,,,,,,,,,,,
200,2100000149,0088210000014940,9102100000149402,3491796-01,EA,1,2025-09-19,,,,,,,,,,,,,,,,,,,,,
200,2100000149,0088210000014950,9102100000149502,3491796-01,EA,1,2025-09-19,,,,,,,,,,,,,,,,,,,,,
200,2100000149,0088210000014960,9102100000149602,3491796-01,EA,1,2025-09-19,,,,,,,,,,,,,,,,,,,,,
200,2100000149,0088210000014970,9102100000149702,3491796-01,EA,1,2025-09-19,,,,,,,,,,,,,,,,,,,,,
200,2100000147,0088210000014710,9102100000147101,6684774762,EA,2,2025-09-16,,,,,,,,,,,,,,,,,,,,,
200,2100000147,0088210000014720,9102100000147201,6684774762,EA,1,2025-09-16,,,,,,,,,,,,,,,,,,,,,
200,2100000147,0088210000014730,9102100000147301,6684774762,EA,1,2025-09-16,,,,,,,,,,,,,,,,,,,,,
200,2100000145,00882100000145110,91021000001451103,31810,EA,210,2025-11-14,,,,,,,,,,,,,,,,,,,,,
200,2100000143,0088210000014310,9102100000143102,31795,EA,50,2025-11-14,,,,,,,,,,,,,,,,,,,,,
200,2100000142,0088210000014210,9102100000142102,31744,EA,598,2025-10-15,,,,,,,,,,,,,,,,,,,,,
200,2100000125,0088210000012540,9102100000125402,LPG25C1012,EA,5,2026-01-08,,,,,,,,,,,,,,,,,,,,,
200,2100000119,0088210000011910,9102100000119103,084487,EA,250,2026-06-10,,,,,,,,,,,,,,,,,,,,,
200,2100000119,0088210000011980,9102100000119802,083512,EA,60,2025-11-14,,,,,,,,,,,,,,,,,,,,,
200,2100000097,0088210000009720,9102100000097204,58603-2=1,EA,1091,2025-11-10,,,,,,,,,,,,,,,,,,,,,
200,2100000097,0088210000009720,9102100000097204,58603-2=1,EA,1091,2025-11-10,,,,,,,,,,,,,,,,,,,,,
200,2100000097,0088210000009740,9102100000097402,5860341,EA,706,2025-10-14,,,,,,,,,,,,,,,,,,,,,
200,2100000097,0088210000009740,9102100000097402,5860341,EA,706,2025-10-14,,,,,,,,,,,,,,,,,,,,,
200,2100000097,0088210000009750,9102100000097502,58603-5-1,EA,246,2025-11-25,,,,,,,,,,,,,,,,,,,,,
200,2100000097,0088210000009750,9102100000097502,58603-5-1,EA,246,2025-11-25,,,,,,,,,,,,,,,,,,,,,
200,2100000097,0088210000009760,9102100000097602,58603-6-1,EA,82,2025-11-25,,,,,,,,,,,,,,,,,,,,,
200,2100000097,0088210000009760,9102100000097602,58603-6-1,EA,82,2025-11-25,,,,,,,,,,,,,,,,,,,,,
200,2100000097,0088210000009770,9102100000097702,58603-7-1,EA,22,2025-11-25,,,,,,,,,,,,,,,,,,,,,
200,2100000097,0088210000009770,9102100000097702,58603-7-1,EA,22,2025-11-25,,,,,,,,,,,,,,,,,,,,,
200,2100000097,0088210000009780,9102100000097802,58603-8-1,EA,18,2025-11-25,,,,,,,,,,,,,,,,,,,,,
200,2100000097,0088210000009780,9102100000097802,58603-8-1,EA,18,2025-11-25,,,,,,,,,,,,,,,,,,,,,
200,2100000097,0088210000009790,9102100000097903,58603-9-1,EA,102,2025-11-18,,,,,,,,,,,,,,,,,,,,,
200,2100000097,0088210000009790,9102100000097903,58603-9-1,EA,102,2025-11-18,,,,,,,,,,,,,,,,,,,,,
200,2100000097,00882100000097100,91021000000971003,58603101,EA,100,2025-12-19,,,,,,,,,,,,,,,,,,,,,
200,2100000097,00882100000097100,91021000000971003,58603101,EA,100,2025-12-19,,,,,,,,,,,,,,,,,,,,,
200,2100000097,00882100000097110,91021000000971103,58603111,EA,75,2026-01-09,,,,,,,,,,,,,,,,,,,,,
200,2100000097,00882100000097110,91021000000971103,58603111,EA,75,2026-01-09,,,,,,,,,,,,,,,,,,,,,
200,2100000096,0088210000009610,9102100000096102,5860711,EA,50,2025-10-31,,,,,,,,,,,,,,,,,,,,,
200,2100000096,0088210000009610,9102100000096102,5860711,EA,50,2025-10-31,,,,,,,,,,,,,,,,,,,,,
200,2100000096,0088210000009620,9102100000096203,5860721,EA,51,2025-11-17,,,,,,,,,,,,,,,,,,,,,
200,2100000096,0088210000009620,9102100000096203,5860721,EA,51,2025-11-17,,,,,,,,,,,,,,,,,,,,,
200,2100000096,0088210000009620,9102100000096202,5860721,EA,163,2025-11-17,,,,,,,,,,,,,,,,,,,,,
200,2100000096,0088210000009620,9102100000096202,5860721,EA,163,2025-11-17,,,,,,,,,,,,,,,,,,,,,
200,2100000090,0088210000009010,9102100000090105,25PC0033,EA,110,2025-12-30,,,,,,,,,,,,,,,,,,,,,
200,2100000089,0088210000008920,91021000000892012,LPG25C1026,EA,628,2026-01-05,,,,,,,,,,,,,,,,,,,,,
200,2100000089,0088210000008930,9102100000089302,LPG25C1026,EA,92,2025-11-04,,,,,,,,,,,,,,,,,,,,,
200,2100000087,0088210000008710,9102100000087102,3459282-01,EA,50,2025-10-31,,,,,,,,,,,,,,,,,,,,,
200,2100000087,0088210000008720,9102100000087202,3459282-01,EA,1008,2025-10-31,,,,,,,,,,,,,,,,,,,,,
200,2100000062,0088210000006220,9102100000062204,KD027598,EA,2000,2025-12-30,,,,,,,,,,,,,,,,,,,,,
200,2100000062,0088210000006220,9102100000062203,R8840-KD027598,EA,16000,2025-12-30,,,,,,,,,,,,,,,,,,,,,
200,2100000062,0088210000006221,9102100000062214,R8840-KD028325,EA,32000,2026-01-28,,,,,,,,,,,,,,,,,,,,,
200,2100000062,0088210000006221,9102100000062213,R8840-KD027598,EA,18000,2026-01-28,,,,,,,,,,,,,,,,,,,,,
200,2100000061,0088210000006140,9102100000061403,R8840-KD027598,EA,15000,2025-12-30,,,,,,,,,,,,,,,,,,,,,
200,2100000056,0088210000005610,9102100000056103,KD027598,EA,50000,2025-12-30,,,,,,,,,,,,,,,,,,,,,
200,2100000047,00882100000047120,91021000000471202,KD028325,EA,100000,2026-02-11,,,,,,,,,,,,,,,,,,,,,
200,2100000047,00882100000047121,91021000000471212,R8840-KD030026,EA,10000,2026-04-17,,,,,,,,,,,,,,,,,,,,,
200,2100000039,0088210000003950,9102100000039502,LPG26C0429,EA,50,2026-05-04,,,,,,,,,,,,,,,,,,,,,
200,2100000032,0088210000003210,9102100000032103,083530,EA,100,2025-11-14,,,,,,,,,,,,,,,,,,,,,
200,2100000023,0088210000002390,9102100000023902,083517,EA,26,2025-11-17,,,,,,,,,,,,,,,,,,,,,
200,2100000021,0088210000002130,9102100000021303,083500,EA,40,2025-11-14,,,,,,,,,,,,,,,,,,,,,
200,2100000021,0088210000002150,9102100000021501,1008A2,EA,257,2026-02-04,,,,,,,,,,,,,,,,,,,,,
200,2100000021,0088210000002160,9102100000021601,083562,EA,128,2026-02-04,,,,,,,,,,,,,,,,,,,,,
200,2100000021,0088210000002180,9102100000021801,083942,EA,61,2026-04-09,,,,,,,,,,,,,,,,,,,,,
200,2100000019,0088210000001910,9102100000019103,R8840-KD028325,EA,220000,2026-01-21,,,,,,,,,,,,,,,,,,,,,
200,2100000019,0088210000001911,9102100000019113,KD029728,EA,10000,2026-04-06,,,,,,,,,,,,,,,,,,,,,
200,2100000019,0088210000001912,9102100000019123,KD030444,EA,40000,2026-04-24,,,,,,,,,,,,,,,,,,,,,
200,2100000017,0088210000001760,9102100000017603,KD027598,EA,32000,2025-12-30,,,,,,,,,,,,,,,,,,,,,
200,2100000017,0088210000001761,9102100000017612,KD027598,EA,24000,2026-02-20,,,,,,,,,,,,,,,,,,,,,
200,2100000017,0088210000001762,9102100000017623,KD029728,EA,27180,2026-04-06,,,,,,,,,,,,,,,,,,,,,
200,2100000007,00882100000007100,91021000000071001,54511,EA,120,2025-09-10,,,,,,,,,,,,,,,,,,,,,
200,2100000007,00882100000007200,91021000000072001,5435,EA,120,2025-09-23,,,,,,,,,,,,,,,,,,,,,
200,2100000006,0088210000000610,9102100000006102,,EA,720,2025-10-07,,,,,,,,,,,,,,,,,,,,,
200,2100000006,0088210000000610,9102100000006102,,EA,720,2025-10-07,,,,,,,,,,,,,,,,,,,,,
200,1131089,0088113108910,9101131089101,WR91925,EA,6,2025-10-03,,,,,,,,,,,,,,,,,,,,,
200,1131072,0088113107270,9101131072703,20251108,EA,3000,2026-01-02,,,,,,,,,,,,,,,,,,,,,
200,1131067,0088113106730,9101131067303,R8840-KD027598,EA,15000,2025-12-30,,,,,,,,,,,,,,,,,,,,,
200,1131067,0088113106770,9101131067703,KD027598,EA,7500,2025-12-30,,,,,,,,,,,,,,,,,,,,,
200,1131067,00881131067100,91011310671002,KD028560,EA,50000,2026-01-23,,,,,,,,,,,,,,,,,,,,,
200,1131067,00881131067290,91011310672903,KD027598,EA,4000,2025-12-30,,,,,,,,,,,,,,,,,,,,,
200,1131067,00881131067291,91011310672913,KD030444,EA,1000,2026-04-24,,,,,,,,,,,,,,,,,,,,,
200,1131052,0088113105210,9101131052102,DAVID 9/3/2025,EA,1,2025-09-02,,,,,,,,,,,,,,,,,,,,,
200,1131046,0088113104610,9101131046102,63078,EA,1849,2025-09-05,,,,,,,,,,,,,,,,,,,,,
200,1131046,0088113104610,9101131046102,63078,EA,1849,2025-09-05,,,,,,,,,,,,,,,,,,,,,
200,1131040,0088113104010,9101131040102,31714,EA,1,2025-09-26,,,,,,,,,,,,,,,,,,,,,
200,1131040,0088113104020,9101131040202,31714,EA,1,2025-09-26,,,,,,,,,,,,,,,,,,,,,
200,1131034,0088113103410,9101131034106,LPG25C1124,EA,240,2025-11-07,,,,,,,,,,,,,,,,,,,,,
200,1131034,0088113103420,9101131034203,LPG25C1124,EA,500,2026-02-16,,,,,,,,,,,,,,,,,,,,,
200,1131032,0088113103210,9101131032102,5854311,EA,400,2025-10-17,,,,,,,,,,,,,,,,,,,,,
200,1131032,0088113103210,9101131032102,5854311,EA,400,2025-10-17,,,,,,,,,,,,,,,,,,,,,
200,1131015,0088113101510,9101131015103,PL25149,EA,150,2026-01-19,,,,,,,,,,,,,,,,,,,,,
200,1131015,0088113101520,9101131015203,PL25149,EA,200,2026-01-19,,,,,,,,,,,,,,,,,,,,,
200,1131015,0088113101530,9101131015303,PL25149,EA,100,2026-01-19,,,,,,,,,,,,,,,,,,,,,
200,1131015,0088113101540,9101131015403,PL25149,EA,250,2026-01-19,,,,,,,,,,,,,,,,,,,,,
200,1131015,0088113101550,9101131015503,PL25149,EA,300,2026-01-19,,,,,,,,,,,,,,,,,,,,,
200,1131015,0088113101560,9101131015603,PL25149,EA,600,2026-01-19,,,,,,,,,,,,,,,,,,,,,
200,1131015,0088113101570,9101131015703,PL25149,EA,1200,2026-01-19,,,,,,,,,,,,,,,,,,,,,
200,1131015,0088113101580,9101131015803,PL25149,EA,200,2026-01-19,,,,,,,,,,,,,,,,,,,,,
200,1131015,0088113101590,9101131015903,PL25149,EA,700,2026-01-19,,,,,,,,,,,,,,,,,,,,,
200,1131015,00881131015100,91011310151004,PL25140,EA,150,2026-02-19,,,,,,,,,,,,,,,,,,,,,
200,1131015,00881131015100,91011310151003,PL25149,EA,150,2026-02-19,,,,,,,,,,,,,,,,,,,,,
200,1131013,0088113101360,9101131013603,PL25125,EA,200,2025-12-29,,,,,,,,,,,,,,,,,,,,,
200,1131011,00881131011770,91011310117704,PL25149,EA,200,2026-01-19,,,,,,,,,,,,,,,,,,,,,
200,1131007,00881131007210,91011310072104,20250927,EA,250,2025-11-13,,,,,,,,,,,,,,,,,,,,,
200,1131007,00881131007210,91011310072105,20250927,EA,200,2025-11-13,,,,,,,,,,,,,,,,,,,,,
200,1131006,0088113100640,9101131006402,20251111,EA,1800,2026-01-23,,,,,,,,,,,,,,,,,,,,,
200,1131006,0088113100650,9101131006502,20251111,EA,1200,2026-01-23,,,,,,,,,,,,,,,,,,,,,
200,1131006,00881131006130,91011310061303,20251108,EA,700,2026-01-02,,,,,,,,,,,,,,,,,,,,,
200,1131006,00881131006140,91011310061403,20251108,EA,1300,2026-01-02,,,,,,,,,,,,,,,,,,,,,
200,1131005,0088113100580,9101131005802,20250829,EA,46300,2026-01-23,,,,,,,,,,,,,,,,,,,,,
200,1131003,0088113100310,9101131003102,77842,EA,5000,2025-10-23,,,,,,,,,,,,,,,,,,,,,
200,1131002,0088113100230,9101131002302,20259520257414,EA,250,2025-10-23,,,,,,,,,,,,,,,,,,,,,
200,1130998,0088113099810,9101130998103,KD028084,EA,400,2025-12-30,,,,,,,,,,,,,,,,,,,,,
200,1130998,0088113099830,9101130998303,RA703-KD028084,EA,250,2025-12-30,,,,,,,,,,,,,,,,,,,,,
200,1130998,00881130998100,91011309981003,RA703-KD028084,EA,150,2025-12-30,,,,,,,,,,,,,,,,,,,,,
200,1130998,00881130998110,91011309981103,RA703-KD028084,EA,150,2025-12-30,,,,,,,,,,,,,,,,,,,,,
200,1130998,00881130998120,91011309981203,KD028084,EA,1000,2025-12-30,,,,,,,,,,,,,,,,,,,,,
200,1130998,00881130998130,91011309981303,KD028084,EA,250,2025-12-30,,,,,,,,,,,,,,,,,,,,,
200,1130998,00881130998140,91011309981404,RA703-KD028084,EA,100,2025-12-30,,,,,,,,,,,,,,,,,,,,,
200,1130998,00881130998140,91011309981403,RA703-KD028084,EA,150,2025-12-30,,,,,,,,,,,,,,,,,,,,,
200,1130998,00881130998150,91011309981503,RA703-KD028084,EA,250,2025-12-30,,,,,,,,,,,,,,,,,,,,,
200,1130998,00881130998160,91011309981603,RA703-KD028084,EA,150,2025-12-30,,,,,,,,,,,,,,,,,,,,,
200,1130998,00881130998170,91011309981703,RA703-KD028084,EA,250,2025-12-30,,,,,,,,,,,,,,,,,,,,,
200,1130998,00881130998180,91011309981803,RA703-KD028084,EA,100,2025-12-30,,,,,,,,,,,,,,,,,,,,,
200,1130998,00881130998190,91011309981903,RA703-KD028084,EA,100,2025-12-30,,,,,,,,,,,,,,,,,,,,,
200,1130998,00881130998200,91011309982003,RA703-KD028084,EA,100,2025-12-30,,,,,,,,,,,,,,,,,,,,,
200,1130998,00881130998210,91011309982103,RA703-KD028084,EA,100,2025-12-30,,,,,,,,,,,,,,,,,,,,,
200,1130998,00881130998220,91011309982203,RA703-KD028084,EA,100,2025-12-30,,,,,,,,,,,,,,,,,,,,,
200,1130998,00881130998230,91011309982303,RA703-KD028084,EA,100,2025-12-30,,,,,,,,,,,,,,,,,,,,,
200,1130998,00881130998240,91011309982403,RA703-KD028084,EA,100,2025-12-30,,,,,,,,,,,,,,,,,,,,,
200,1130998,00881130998250,91011309982503,RA703-KD028084,EA,100,2025-12-30,,,,,,,,,,,,,,,,,,,,,
200,1130998,00881130998260,91011309982603,RA703-KD028084,EA,100,2025-12-30,,,,,,,,,,,,,,,,,,,,,
200,1130998,00881130998270,91011309982703,RA703-KD028084,EA,100,2025-12-30,,,,,,,,,,,,,,,,,,,,,
200,1130998,00881130998300,91011309983003,RA703-KD028084,EA,250,2025-12-30,,,,,,,,,,,,,,,,,,,,,
200,1130998,00881130998310,91011309983103,RA703-KD028084,EA,100,2025-12-30,,,,,,,,,,,,,,,,,,,,,
200,1130998,00881130998320,91011309983203,RA703-KD028084,EA,100,2025-12-30,,,,,,,,,,,,,,,,,,,,,
200,1130979,00881130979220,91011309792202,31738,EA,1400,2025-08-25,,,,,,,,,,,,,,,,,,,,,
200,1130979,00881130979230,91011309792302,31738,EA,50,2025-08-25,,,,,,,,,,,,,,,,,,,,,
200,1130979,00881130979240,91011309792402,31738,EA,8,2025-08-25,,,,,,,,,,,,,,,,,,,,,
200,1130979,00881130979250,91011309792502,31738,EA,50,2025-08-25,,,,,,,,,,,,,,,,,,,,,
200,1130979,00881130979260,91011309792602,31738,EA,50,2025-08-25,,,,,,,,,,,,,,,,,,,,,
200,1130979,00881130979270,91011309792702,31738,EA,67,2025-08-25,,,,,,,,,,,,,,,,,,,,,
200,1130979,00881130979340,91011309793403,31821,EA,11,2025-11-14,,,,,,,,,,,,,,,,,,,,,
200,1130965,0088113096510,9101130965103,NR20250919,EA,100,2025-11-10,,,,,,,,,,,,,,,,,,,,,
200,1130965,0088113096520,9101130965205,NR20250919,EA,125,2025-11-10,,,,,,,,,,,,,,,,,,,,,
200,1130965,0088113096520,9101130965204,NR20250919,EA,169,2025-11-10,,,,,,,,,,,,,,,,,,,,,
200,1130965,0088113096520,9101130965204,NR20250919,EA,169,2025-11-10,,,,,,,,,,,,,,,,,,,,,
200,1130965,0088113096530,9101130965303,NR20250919,EA,500,2025-11-10,,,,,,,,,,,,,,,,,,,,,
200,1130963,0088113096310,9101130963103,083395,EA,150,2025-11-17,,,,,,,,,,,,,,,,,,,,,
200,1130963,0088113096320,9101130963203,083391,EA,100,2025-11-10,,,,,,,,,,,,,,,,,,,,,
200,1130963,0088113096340,9101130963402,083350,EA,2,2025-11-03,,,,,,,,,,,,,,,,,,,,,
200,1130963,0088113096360,9101130963603,083375,EA,1,2025-11-10,,,,,,,,,,,,,,,,,,,,,
200,1130963,0088113096370,9101130963703,1130963,EA,1,2025-10-15,,,,,,,,,,,,,,,,,,,,,
200,1130963,0088113096380,9101130963803,3410E2,EA,8,2025-11-10,,,,,,,,,,,,,,,,,,,,,
200,1130963,00881130963100,91011309631002,083921,EA,50,2026-03-03,,,,,,,,,,,,,,,,,,,,,
200,1130963,00881130963170,91011309631702,083361,EA,4,2025-11-03,,,,,,,,,,,,,,,,,,,,,
200,1130963,00881130963190,91011309631903,08402,EA,50,2025-11-10,,,,,,,,,,,,,,,,,,,,,
200,1130963,00881130963270,91011309632702,083456,EA,80,2025-11-03,,,,,,,,,,,,,,,,,,,,,
200,1130959,0088113095910,9101130959103,LXNH1112,EA,800,2025-12-30,,,,,,,,,,,,,,,,,,,,,
200,1130959,0088113095920,9101130959203,LXNH1112,EA,500,2025-12-30,,,,,,,,,,,,,,,,,,,,,
200,1130959,0088113095930,9101130959303,LXNH1112,EA,500,2025-12-18,,,,,,,,,,,,,,,,,,,,,
200,1130959,0088113095950,9101130959503,LXNH1112,EA,500,2025-12-30,,,,,,,,,,,,,,,,,,,,,
200,1130959,0088113095960,9101130959603,LXNH1112,EA,250,2025-12-30,,,,,,,,,,,,,,,,,,,,,
200,1130959,0088113095970,9101130959703,LXNH112,EA,700,2025-12-30,,,,,,,,,,,,,,,,,,,,,
200,1130959,0088113095980,9101130959803,LXNH112,EA,350,2025-12-30,,,,,,,,,,,,,,,,,,,,,
200,1130959,0088113095990,9101130959903,LXNH1112,EA,900,2025-12-30,,,,,,,,,,,,,,,,,,,,,
200,1130959,00881130959100,91011309591003,LXNH1112,EA,450,2025-12-30,,,,,,,,,,,,,,,,,,,,,
200,1130959,00881130959110,91011309591103,LXNH1112,EA,200,2025-12-30,,,,,,,,,,,,,,,,,,,,,
200,1130959,00881130959120,91011309591203,LXNH1112,EA,200,2025-12-30,,,,,,,,,,,,,,,,,,,,,
200,1130959,00881130959130,91011309591303,LXNH1112,EA,500,2025-12-30,,,,,,,,,,,,,,,,,,,,,
200,1130959,00881130959140,91011309591403,LXNH1112,EA,1200,2026-01-09,,,,,,,,,,,,,,,,,,,,,
200,1130959,00881130959150,91011309591503,LXNH1112,EA,1200,2026-01-09,,,,,,,,,,,,,,,,,,,,,
200,1130959,00881130959160,91011309591603,LXNH1112,EA,50,2025-12-30,,,,,,,,,,,,,,,,,,,,,
200,1130959,00881130959170,91011309591703,LXNH1112,EA,350,2026-02-09,,,,,,,,,,,,,,,,,,,,,
200,1130959,00881130959180,91011309591803,LXNH1112,EA,500,2025-12-30,,,,,,,,,,,,,,,,,,,,,
200,1130959,00881130959200,91011309592003,LXNH1112,EA,500,2025-12-30,,,,,,,,,,,,,,,,,,,,,
200,1130959,00881130959210,91011309592103,LXNH1112,EA,300,2025-12-30,,,,,,,,,,,,,,,,,,,,,
200,1130959,00881130959230,91011309592303,LXNH1112,EA,400,2025-12-18,,,,,,,,,,,,,,,,,,,,,
200,1130959,00881130959240,91011309592403,LXNH1112,EA,3949,2025-12-30,,,,,,,,,,,,,,,,,,,,,
200,1130934,0088113093410,9101130934102,0321608,EA,5,2025-07-28,,,,,,,,,,,,,,,,,,,,,
200,1130934,0088113093420,9101130934202,0321608,EA,40,2025-08-04,,,,,,,,,,,,,,,,,,,,,
200,1130925,0088113092510,9101130925102,0321566/00,EA,7,2025-07-28,,,,,,,,,,,,,,,,,,,,,
200,1130917,0088113091710,9101130917102,20250928,EA,1000,2025-12-19,,,,,,,,,,,,,,,,,,,,,
200,1130917,0088113091720,9101130917202,20250928,EA,1000,2025-12-19,,,,,,,,,,,,,,,,,,,,,
200,1130917,0088113091740,9101130917402,20250928,EA,50,2025-12-19,,,,,,,,,,,,,,,,,,,,,
200,1130917,0088113091750,9101130917502,20250928,EA,5000,2025-12-19,,,,,,,,,,,,,,,,,,,,,
200,1130917,0088113091780,9101130917802,20250928,EA,15000,2025-12-19,,,,,,,,,,,,,,,,,,,,,
200,1130917,0088113091790,9101130917902,20250928,EA,5000,2025-12-19,,,,,,,,,,,,,,,,,,,,,
200,1130917,00881130917100,91011309171002,20250928,EA,37,2025-12-19,,,,,,,,,,,,,,,,,,,,,
200,1130917,00881130917130,91011309171302,20250928,EA,150,2025-12-19,,,,,,,,,,,,,,,,,,,,,
200,1130917,00881130917140,91011309171402,20250928,EA,250,2025-12-19,,,,,,,,,,,,,,,,,,,,,
200,1130917,00881130917150,91011309171502,20250928,EA,300,2025-12-19,,,,,,,,,,,,,,,,,,,,,
200,1130917,00881130917170,91011309171702,20250928,EA,250,2025-12-19,,,,,,,,,,,,,,,,,,,,,
200,1130917,00881130917180,91011309171802,20250928,EA,250,2025-12-19,,,,,,,,,,,,,,,,,,,,,
200,1130917,00881130917230,91011309172302,20250928,EA,250,2025-12-19,,,,,,,,,,,,,,,,,,,,,
200,1130917,00881130917240,91011309172401,20250928,EA,500,2026-02-06,,,,,,,,,,,,,,,,,,,,,
200,1130917,00881130917250,91011309172501,20250928,EA,250,2026-02-06,,,,,,,,,,,,,,,,,,,,,
200,1130917,00881130917101,91011309171013,20251216,EA,3,2025-12-19,,,,,,,,,,,,,,,,,,,,,
200,1130912,0088113091250,9101130912502,I157083,EA,400,2025-08-21,,,,,,,,,,,,,,,,,,,,,
200,1130884,00881130884100,91011308841003,PL25080071,EA,2249,2025-10-22,,,,,,,,,,,,,,,,,,,,,
200,1130884,00881130884100,91011308841003,PL25080071,EA,2249,2025-10-22,,,,,,,,,,,,,,,,,,,,,
200,1130884,00881130884100,91011308841003,PL25080071,EA,2249,2025-10-22,,,,,,,,,,,,,,,,,,,,,
200,1130884,00881130884100,91011308841005,PL25080071,EA,600,2025-10-22,,,,,,,,,,,,,,,,,,,,,
200,1130884,00881130884120,91011308841204,PL25080034,EA,400,2025-10-07,,,,,,,,,,,,,,,,,,,,,
200,1130884,00881130884150,91011308841503,PL25080047,EA,4800,2025-10-07,,,,,,,,,,,,,,,,,,,,,
200,1130884,00881130884220,91011308842204,25090024,EA,6400,2025-11-04,,,,,,,,,,,,,,,,,,,,,
200,1130884,00881130884290,91011308842903,PL25080047,EA,1950,2025-10-07,,,,,,,,,,,,,,,,,,,,,
200,1130884,00881130884310,91011308843103,PL25080047,EA,2750,2025-10-07,,,,,,,,,,,,,,,,,,,,,
200,1130884,00881130884510,91011308845104,PL25080047,EA,2300,2025-10-07,,,,,,,,,,,,,,,,,,,,,
200,1130881,00881130881180,91011308811805,PL25125,EA,1425,2025-11-19,,,,,,,,,,,,,,,,,,,,,
200,1130881,00881130881670,91011308816705,PL25125,EA,900,2025-11-11,,,,,,,,,,,,,,,,,,,,,
200,1130881,00881130881670,91011308816704,PL25125,EA,100,2025-11-11,,,,,,,,,,,,,,,,,,,,,
200,1130869,0088113086910,9101130869102,0321064,EA,100,2025-07-21,,,,,,,,,,,,,,,,,,,,,
200,1130868,0088113086850,9101130868502,0043014,EA,306,2025-09-10,,,,,,,,,,,,,,,,,,,,,
200,1130868,00881130868150,91011308681502,0043014,EA,144,2025-11-20,,,,,,,,,,,,,,,,,,,,,
200,1130868,00881130868150,91011308681504,0043617,EA,96,2025-11-20,,,,,,,,,,,,,,,,,,,,,
200,1130864,0088113086410,9101130864102,110325WAR,EA,2500,2025-10-01,,,,,,,,,,,,,,,,,,,,,
200,1130863,0088113086320,9101130863202,5847021,EA,104,2025-12-01,,,,,,,,,,,,,,,,,,,,,
200,1130863,0088113086320,9101130863202,5847021,EA,104,2025-12-01,,,,,,,,,,,,,,,,,,,,,
200,1130851,0088113085110,9101130851103,083280,EA,100,2025-11-17,,,,,,,,,,,,,,,,,,,,,
200,1130837,0088113083710,9101130837103,2512005,EA,1000,2026-02-02,,,,,,,,,,,,,,,,,,,,,
200,1130831,0088113083110,9101130831103,R8840-KD027598,EA,5000,2025-12-30,,,,,,,,,,,,,,,,,,,,,
200,1130831,0088113083130,9101130831302,KD028088,EA,45000,2025-12-19,,,,,,,,,,,,,,,,,,,,,
200,1130831,0088113083131,9101130831313,RB331-KD028528,EA,5000,2025-12-19,,,,,,,,,,,,,,,,,,,,,
200,1130828,00881130828120,91011308281203,20912000,EA,3335,2026-01-02,,,,,,,,,,,,,,,,,,,,,
200,1130826,00881130826100,91011308261002,20250926,EA,4200,2025-12-19,,,,,,,,,,,,,,,,,,,,,
200,1130826,00881130826101,91011308261013,20251108,EA,25000,2025-12-19,,,,,,,,,,,,,,,,,,,,,
200,1130809,0088113080950,9101130809502,58455-5-1,EA,16,2025-09-02,,,,,,,,,,,,,,,,,,,,,
200,1130809,0088113080950,9101130809502,58455-5-1,EA,16,2025-09-02,,,,,,,,,,,,,,,,,,,,,
200,1130809,00881130809130,91011308091302,58455131,EA,800,2025-10-15,,,,,,,,,,,,,,,,,,,,,
200,1130809,00881130809130,91011308091302,58455131,EA,800,2025-10-15,,,,,,,,,,,,,,,,,,,,,
200,1130803,0088113080320,9101130803202,202556935600,EA,104,2025-10-03,,,,,,,,,,,,,,,,,,,,,
200,1130803,0088113080330,9101130803302,202556935700,EA,105,2025-10-03,,,,,,,,,,,,,,,,,,,,,
200,1130802,0088113080210,9101130802102,2506712,EA,66,2025-09-15,,,,,,,,,,,,,,,,,,,,,
200,1130794,0088113079450,9101130794503,PL25111,EA,92,2025-10-15,,,,,,,,,,,,,,,,,,,,,
200,1130787,00881130787170,91011307871704,KD028084,EA,250,2025-12-30,,,,,,,,,,,,,,,,,,,,,
200,1130771,0088113077110,9101130771104,083300,EA,100,2025-11-17,,,,,,,,,,,,,,,,,,,,,
200,1130752,00881130752750,91011307527501,20250928,EA,110,2026-02-06,,,,,,,,,,,,,,,,,,,,,
200,1130751,0088113075180,9101130751803,RA703-KD028084,EA,100,2025-12-30,,,,,,,,,,,,,,,,,,,,,
200,1130751,00881130751100,91011307511003,RA703-KD028084,EA,100,2025-12-30,,,,,,,,,,,,,,,,,,,,,
200,1130751,00881130751120,91011307511203,KD028084,EA,100,2025-12-30,,,,,,,,,,,,,,,,,,,,,
200,1130751,00881130751130,91011307511303,RA703-KD028084,EA,100,2025-12-30,,,,,,,,,,,,,,,,,,,,,
200,1130751,00881130751140,91011307511403,RA703-KD028084,EA,100,2025-12-30,,,,,,,,,,,,,,,,,,,,,
200,1130751,00881130751170,91011307511703,RA703-KD028084,EA,100,2025-12-30,,,,,,,,,,,,,,,,,,,,,
200,1130751,00881130751190,91011307511903,RA703-KD028084,EA,100,2025-12-30,,,,,,,,,,,,,,,,,,,,,
200,1130751,00881130751200,91011307512003,RA703-KD028084,EA,100,2025-12-30,,,,,,,,,,,,,,,,,,,,,
200,1130751,00881130751220,91011307512203,RA703-KD028084,EA,100,2025-12-30,,,,,,,,,,,,,,,,,,,,,
200,1130751,00881130751240,91011307512403,RA703-KD028084,EA,100,2025-12-30,,,,,,,,,,,,,,,,,,,,,
200,1130751,00881130751250,91011307512503,RA703-KD028084,EA,100,2025-12-30,,,,,,,,,,,,,,,,,,,,,
200,1130751,00881130751270,91011307512703,RA703-KD028084,EA,100,2025-12-30,,,,,,,,,,,,,,,,,,,,,
200,1130751,00881130751320,91011307513203,RA703-KD028084,EA,100,2025-12-30,,,,,,,,,,,,,,,,,,,,,
200,1130751,00881130751330,91011307513303,RA703-KD028084,EA,100,2025-12-30,,,,,,,,,,,,,,,,,,,,,
200,1130751,00881130751350,91011307513503,RA703-KD028084,EA,100,2025-12-30,,,,,,,,,,,,,,,,,,,,,
200,1130751,00881130751370,91011307513703,RA703-KD028084,EA,100,2025-12-30,,,,,,,,,,,,,,,,,,,,,
200,1130751,00881130751380,91011307513803,RA703-KD028084,EA,96,2025-12-30,,,,,,,,,,,,,,,,,,,,,
200,1130751,00881130751390,91011307513903,RA703-KD028084,EA,100,2025-12-30,,,,,,,,,,,,,,,,,,,,,
200,1130751,00881130751410,91011307514103,RA703-KD028084,EA,60,2025-12-30,,,,,,,,,,,,,,,,,,,,,
200,1130751,00881130751420,91011307514203,RA703-KD028084,EA,100,2025-12-30,,,,,,,,,,,,,,,,,,,,,
200,1130751,00881130751440,91011307514403,RA703-KD028084,EA,100,2025-12-30,,,,,,,,,,,,,,,,,,,,,
200,1130751,00881130751450,91011307514503,RA703-KD028084,EA,100,2025-12-30,,,,,,,,,,,,,,,,,,,,,
200,1130751,00881130751470,91011307514703,RA703-KD028084,EA,100,2025-12-30,,,,,,,,,,,,,,,,,,,,,
200,1130751,00881130751480,91011307514803,RA703-KD028084,EA,100,2025-12-30,,,,,,,,,,,,,,,,,,,,,
200,1130751,00881130751490,91011307514903,RA703-KD028084,EA,100,2025-12-30,,,,,,,,,,,,,,,,,,,,,
200,1130751,00881130751500,91011307515003,RA703-KD028084,EA,99,2025-12-30,,,,,,,,,,,,,,,,,,,,,
200,1130751,00881130751510,91011307515103,RA703-KD028084,EA,100,2025-12-30,,,,,,,,,,,,,,,,,,,,,
200,1130751,00881130751520,91011307515203,RA703-KD028084,EA,100,2025-12-30,,,,,,,,,,,,,,,,,,,,,
200,1130751,00881130751530,91011307515303,RA703-KD028084,EA,100,2025-12-30,,,,,,,,,,,,,,,,,,,,,
200,1130751,00881130751560,91011307515603,RA703-KD028084,EA,100,2025-12-30,,,,,,,,,,,,,,,,,,,,,
200,1130751,00881130751580,91011307515803,RA703-KD028084,EA,100,2025-12-30,,,,,,,,,,,,,,,,,,,,,
200,1130751,00881130751600,91011307516003,RA703-KD028084,EA,100,2025-12-30,,,,,,,,,,,,,,,,,,,,,
200,1130751,00881130751630,91011307516303,RA703-KD028084,EA,100,2025-12-30,,,,,,,,,,,,,,,,,,,,,
200,1130751,00881130751640,91011307516403,RA703-KD028084,EA,100,2025-12-30,,,,,,,,,,,,,,,,,,,,,
200,1130751,00881130751650,91011307516503,RA703-KD028084,EA,100,2025-12-30,,,,,,,,,,,,,,,,,,,,,
200,1130751,00881130751670,91011307516703,RA703-KD028084,EA,100,2025-12-30,,,,,,,,,,,,,,,,,,,,,
200,1130751,00881130751680,91011307516803,RA703-KD028084,EA,100,2025-12-30,,,,,,,,,,,,,,,,,,,,,
200,1130751,00881130751690,91011307516903,RA703-KD028084,EA,100,2025-12-30,,,,,,,,,,,,,,,,,,,,,
200,1130751,00881130751700,91011307517003,RA703-KD028084,EA,100,2025-12-30,,,,,,,,,,,,,,,,,,,,,
200,1130751,00881130751710,91011307517103,RA703-KD028084,EA,100,2025-12-30,,,,,,,,,,,,,,,,,,,,,
200,1130751,00881130751730,91011307517303,RA703-KD028084,EA,100,2025-12-30,,,,,,,,,,,,,,,,,,,,,
200,1130751,00881130751760,91011307517603,RA703-KD028084,EA,100,2025-12-30,,,,,,,,,,,,,,,,,,,,,
200,1130751,00881130751800,91011307518003,RA703-KD028084,EA,100,2025-12-30,,,,,,,,,,,,,,,,,,,,,
200,1130751,00881130751810,91011307518103,RA703-KD028084,EA,100,2025-12-30,,,,,,,,,,,,,,,,,,,,,
200,1130751,00881130751830,91011307518303,RA703-KD028084,EA,100,2025-12-30,,,,,,,,,,,,,,,,,,,,,
200,1130751,00881130751860,91011307518603,KD029649,EA,40,2026-04-06,,,,,,,,,,,,,,,,,,,,,
200,1130750,0088113075010,9101130750103,003132121,EA,563,2025-11-14,,,,,,,,,,,,,,,,,,,,,
200,1130750,0088113075010,9101130750102,003132120,EA,2037,2025-11-14,,,,,,,,,,,,,,,,,,,,,
200,1130739,0088113073970,9101130739702,20250829,EA,500,2025-12-19,,,,,,,,,,,,,,,,,,,,,
200,1130739,00881130739820,91011307398201,2025728,EA,250,2026-02-06,,,,,,,,,,,,,,,,,,,,,
200,1130739,00881130739561,91011307395612,20250928,EA,250,2026-02-06,,,,,,,,,,,,,,,,,,,,,
200,1130736,0088113073610,9101130736103,LXNH0909,EA,2500,2025-11-05,,,,,,,,,,,,,,,,,,,,,
200,1130714,0088113071410,9101130714103,R8840-KD027598,EA,5000,2025-12-30,,,,,,,,,,,,,,,,,,,,,
200,1130714,0088113071420,9101130714203,R8840-KD027598,EA,500,2025-12-30,,,,,,,,,,,,,,,,,,,,,
200,1130714,0088113071430,9101130714303,KD027598,EA,1000,2025-12-30,,,,,,,,,,,,,,,,,,,,,
200,1130714,0088113071450,9101130714503,KD027598,EA,10,2025-12-30,,,,,,,,,,,,,,,,,,,,,
200,1130714,0088113071460,9101130714603,R8840-KD027598,EA,7500,2025-12-30,,,,,,,,,,,,,,,,,,,,,
200,1130714,0088113071490,9101130714903,KD027598,EA,250,2025-12-30,,,,,,,,,,,,,,,,,,,,,
200,1130714,00881130714100,91011307141003,KD027598,EA,1000,2025-12-30,,,,,,,,,,,,,,,,,,,,,
200,1130714,00881130714110,91011307141103,KD027598,EA,1000,2025-12-30,,,,,,,,,,,,,,,,,,,,,
200,1130714,00881130714120,91011307141203,R8840-KD027598,EA,2500,2025-12-30,,,,,,,,,,,,,,,,,,,,,
200,1130714,00881130714160,91011307141603,KD027598,EA,100,2025-12-30,,,,,,,,,,,,,,,,,,,,,
200,1130714,00881130714170,91011307141703,R8840-KD027598,EA,2500,2025-12-30,,,,,,,,,,,,,,,,,,,,,
200,1130714,00881130714180,91011307141803,R8840-KD027598,EA,15000,2025-12-30,,,,,,,,,,,,,,,,,,,,,
200,1130714,00881130714190,91011307141903,R8840-KD027598,EA,350,2025-12-30,,,,,,,,,,,,,,,,,,,,,
200,1130714,00881130714200,91011307142003,KD027598,EA,250,2025-12-30,,,,,,,,,,,,,,,,,,,,,
200,1130714,00881130714210,91011307142103,R8840-KD027598,EA,3500,2025-12-30,,,,,,,,,,,,,,,,,,,,,
200,1130714,00881130714220,91011307142203,R8840-KD027598,EA,350,2025-12-30,,,,,,,,,,,,,,,,,,,,,
200,1130714,00881130714230,91011307142303,R8840-KD027598,EA,7500,2025-12-30,,,,,,,,,,,,,,,,,,,,,
200,1130714,00881130714240,91011307142403,R8840-KD027598,EA,1750,2025-12-30,,,,,,,,,,,,,,,,,,,,,
200,1130714,00881130714250,91011307142503,KD027598,EA,1750,2025-12-30,,,,,,,,,,,,,,,,,,,,,
200,1130714,00881130714260,91011307142603,KD027598,EA,1000,2025-12-30,,,,,,,,,,,,,,,,,,,,,
200,1130714,00881130714270,91011307142703,R8840-KD027598,EA,1000,2025-12-30,,,,,,,,,,,,,,,,,,,,,
200,1130714,00881130714280,91011307142803,R8840-KD027598,EA,20,2025-12-30,,,,,,,,,,,,,,,,,,,,,
200,1130714,00881130714290,91011307142903,KD027598,EA,1750,2025-12-30,,,,,,,,,,,,,,,,,,,,,
200,1130714,00881130714300,91011307143003,KD027598,EA,80,2025-12-30,,,,,,,,,,,,,,,,,,,,,
200,1130714,00881130714310,91011307143103,R8840-KD027598,EA,2500,2025-12-30,,,,,,,,,,,,,,,,,,,,,
200,1130714,00881130714320,91011307143203,KD027598,EA,2500,2025-12-30,,,,,,,,,,,,,,,,,,,,,
200,1130714,00881130714330,91011307143303,KD027598,EA,750,2025-12-30,,,,,,,,,,,,,,,,,,,,,
200,1130714,00881130714340,91011307143404,R8840-KD027598,EA,60,2025-12-30,,,,,,,,,,,,,,,,,,,,,
200,1130714,00881130714340,91011307143403,R8840-KD027598,EA,190,2025-12-30,,,,,,,,,,,,,,,,,,,,,
200,1130714,00881130714350,91011307143503,R8840-KD027598,EA,15000,2025-12-30,,,,,,,,,,,,,,,,,,,,,
200,1130714,00881130714360,91011307143603,R8840-KD027598,EA,1000,2025-12-30,,,,,,,,,,,,,,,,,,,,,
200,1130714,00881130714370,91011307143703,KD027598,EA,750,2025-12-30,,,,,,,,,,,,,,,,,,,,,
200,1130714,00881130714380,91011307143803,KD027598,EA,2500,2025-12-30,,,,,,,,,,,,,,,,,,,,,
200,1130714,00881130714390,91011307143903,KD027598,EA,10,2025-12-30,,,,,,,,,,,,,,,,,,,,,
200,1130714,00881130714400,91011307144003,R8840-KD027598,EA,250,2025-12-30,,,,,,,,,,,,,,,,,,,,,
200,1130714,00881130714420,91011307144203,R8840-KD027598,EA,2500,2025-12-30,,,,,,,,,,,,,,,,,,,,,
200,1130714,00881130714430,91011307144303,R8840-KD027598,EA,250,2025-12-30,,,,,,,,,,,,,,,,,,,,,
200,1130714,00881130714440,91011307144403,KD027598,EA,500,2025-12-30,,,,,,,,,,,,,,,,,,,,,
200,1130714,00881130714450,91011307144503,R8840-KD027598,EA,500,2025-12-30,,,,,,,,,,,,,,,,,,,,,
200,1130714,00881130714470,91011307144703,R8840-KD027598,EA,750,2025-12-30,,,,,,,,,,,,,,,,,,,,,
200,1130714,00881130714480,91011307144803,KD027598,EA,1000,2025-12-30,,,,,,,,,,,,,,,,,,,,,
200,1130714,00881130714490,91011307144903,KD027598,EA,1000,2025-12-30,,,,,,,,,,,,,,,,,,,,,
200,1130714,00881130714500,91011307145003,KD027598,EA,3500,2025-12-30,,,,,,,,,,,,,,,,,,,,,
200,1130714,00881130714510,91011307145103,R8840-KD027598,EA,1750,2025-12-30,,,,,,,,,,,,,,,,,,,,,
200,1130714,00881130714520,91011307145203,KD027598,EA,1750,2025-12-30,,,,,,,,,,,,,,,,,,,,,
200,1130714,00881130714530,91011307145303,R8840-KD027598,EA,3500,2025-12-30,,,,,,,,,,,,,,,,,,,,,
200,1130714,00881130714540,91011307145403,R8840-KD027598,EA,500,2025-12-30,,,,,,,,,,,,,,,,,,,,,
200,1130714,00881130714550,91011307145503,R8840-KD027598,EA,228,2025-12-30,,,,,,,,,,,,,,,,,,,,,
200,1130714,00881130714560,91011307145603,KD027598,EA,250,2025-12-30,,,,,,,,,,,,,,,,,,,,,
200,1130710,00881130710180,91011307101803,TEXT,EA,90,2025-07-25,,,,,,,,,,,,,,,,,,,,,
200,1130710,00881130710180,91011307101802,TEXT,EA,10,2025-07-25,,,,,,,,,,,,,,,,,,,,,
200,1130708,0088113070821,9101130708213,20251108,EA,15000,2025-12-19,,,,,,,,,,,,,,,,,,,,,
200,1130706,0088113070630,9101130706303,20251108,EA,25000,2026-01-02,,,,,,,,,,,,,,,,,,,,,
200,1130706,00881130706110,91011307061102,20250822,EA,25000,2026-01-07,,,,,,,,,,,,,,,,,,,,,
200,1130705,0088113070510,9101130705102,1361089,EA,1000,2025-09-12,,,,,,,,,,,,,,,,,,,,,
200,1130692,0088113069220,9101130692202,2506336,EA,825,2025-09-08,,,,,,,,,,,,,,,,,,,,,
200,1130690,0088113069050,9101130690502,0043014,EA,60,2025-08-01,,,,,,,,,,,,,,,,,,,,,
200,1130687,00881130687140,91011306871403,PL25097,EA,5,2025-09-12,,,,,,,,,,,,,,,,,,,,,
200,1130687,00881130687150,91011306871503,PL25097,EA,20,2025-09-12,,,,,,,,,,,,,,,,,,,,,
200,1130637,0088113063710,9101130637102,0309005035,EA,15000,2026-01-15,,,,,,,,,,,,,,,,,,,,,
200,1130637,0088113063720,9101130637202,0309005035,EA,3300,2026-01-15,,,,,,,,,,,,,,,,,,,,,
200,1130637,0088113063720,9101130637204,0309005035,EA,12000,2026-01-15,,,,,,,,,,,,,,,,,,,,,
200,1130637,0088113063740,9101130637403,0309005035,EA,4250,2026-02-11,,,,,,,,,,,,,,,,,,,,,
200,1130637,0088113063711,9101130637114,0309005035,EA,10500,2026-01-15,,,,,,,,,,,,,,,,,,,,,
200,1130637,0088113063711,9101130637113,0309005035,EA,4950,2026-01-15,,,,,,,,,,,,,,,,,,,,,
200,1130637,0088113063711,9101130637113,0309005035,EA,4950,2026-01-15,,,,,,,,,,,,,,,,,,,,,
200,1130637,0088113063711,9101130637113,0309005035,EA,4950,2026-01-15,,,,,,,,,,,,,,,,,,,,,
200,1130637,0088113063721,9101130637213,0309005035,EA,15300,2026-01-15,,,,,,,,,,,,,,,,,,,,,
200,1130637,0088113063741,9101130637413,03090050035,EA,11200,2026-01-20,,,,,,,,,,,,,,,,,,,,,
200,1130637,0088113063741,9101130637414,0309005035,EA,14700,2026-01-20,,,,,,,,,,,,,,,,,,,,,
200,1130637,0088113063741,9101130637414,0309005035,EA,14700,2026-01-20,,,,,,,,,,,,,,,,,,,,,
200,1130634,0088113063430,9101130634303,PL25070068,EA,4700,2025-09-12,,,,,,,,,,,,,,,,,,,,,
200,1130626,0088113062660,9101130626602,102925,EA,100,2025-08-11,,,,,,,,,,,,,,,,,,,,,
200,1130625,0088113062550,9101130625504,FXP250711,EA,5550,2025-08-11,,,,,,,,,,,,,,,,,,,,,
200,1130624,0088113062420,9101130624204,LDK210000561ASR,EA,5000,2025-11-06,,,,,,,,,,,,,,,,,,,,,
200,1130624,0088113062430,9101130624303,LDK1130623ASR,EA,300,2025-12-01,,,,,,,,,,,,,,,,,,,,,
200,1130624,0088113062460,9101130624603,LDK1130623ASR,EA,300,2025-12-01,,,,,,,,,,,,,,,,,,,,,
200,1130624,0088113062431,9101130624313,LDK1130624,EA,3000,2025-12-01,,,,,,,,,,,,,,,,,,,,,
200,1130623,0088113062320,9101130623202,LDK1130623ASR,EA,4800,2025-11-03,,,,,,,,,,,,,,,,,,,,,
200,1130623,0088113062321,9101130623213,LDK1130624ASR,EA,3100,2025-11-03,,,,,,,,,,,,,,,,,,,,,
200,1130623,0088113062321,9101130623214,LDK2100000276ASR,EA,2100,2025-11-03,,,,,,,,,,,,,,,,,,,,,
200,1130621,0088113062120,91011306212010,LPG25C1026,EA,630,2025-12-01,,,,,,,,,,,,,,,,,,,,,
200,1130621,0088113062120,9101130621204,LPG25C1004,EA,630,2025-12-01,,,,,,,,,,,,,,,,,,,,,
200,1130621,0088113062160,9101130621602,LPG25C0926,EA,1200,2025-12-01,,,,,,,,,,,,,,,,,,,,,
200,1130621,0088113062160,9101130621604,LPG25C1004,EA,600,2025-12-01,,,,,,,,,,,,,,,,,,,,,
200,1130620,0088113062040,91011306204011,LPG25C0926,EA,630,2025-11-03,,,,,,,,,,,,,,,,,,,,,
200,1130620,0088113062060,9101130620603,LPG25C0926,EA,15,2025-09-29,,,,,,,,,,,,,,,,,,,,,
200,1130618,00881130618160,91011306181602,58425-16-1,EA,249,2025-10-01,,,,,,,,,,,,,,,,,,,,,
200,1130618,00881130618160,91011306181602,58425-16-1,EA,249,2025-10-01,,,,,,,,,,,,,,,,,,,,,
200,1130617,0088113061710,9101130617102,MINICUT,EA,800,2025-09-15,,,,,,,,,,,,,,,,,,,,,
200,1130615,0088113061520,9101130615203,NINGBO,EA,64,2025-09-02,,,,,,,,,,,,,,,,,,,,,
200,1130610,0088113061030,9101130610302,147E01,EA,5000,2025-10-01,,,,,,,,,,,,,,,,,,,,,
200,1130610,0088113061060,9101130610602,147E01,EA,15000,2025-10-01,,,,,,,,,,,,,,,,,,,,,
200,1130610,0088113061080,9101130610802,147E01,EA,600,2025-10-01,,,,,,,,,,,,,,,,,,,,,
200,1130609,0088113060911,9101130609116,12192025,EA,520,2026-01-08,,,,,,,,,,,,,,,,,,,,,
200,1130609,0088113060911,9101130609115,12192025,EA,560,2026-01-08,,,,,,,,,,,,,,,,,,,,,
200,1130609,0088113060911,9101130609115,12192025,EA,560,2026-01-08,,,,,,,,,,,,,,,,,,,,,
200,1130609,0088113060911,9101130609115,12192025,EA,560,2026-01-08,,,,,,,,,,,,,,,,,,,,,
200,1130578,0088113057820,9101130578202,2513,EA,5000,2025-09-18,,,,,,,,,,,,,,,,,,,,,
200,1130578,0088113057860,9101130578603,2513,EA,100,2025-09-18,,,,,,,,,,,,,,,,,,,,,
200,1130578,0088113057860,9101130578602,2513,EA,200,2025-09-18,,,,,,,,,,,,,,,,,,,,,
200,1130573,0088113057360,9101130573602,KD028085,EA,85,2025-11-21,,,,,,,,,,,,,,,,,,,,,
200,1130573,00881130573170,91011305731702,KD028085,EA,250,2025-11-21,,,,,,,,,,,,,,,,,,,,,
200,1130573,00881130573180,91011305731802,KD028085,EA,250,2025-11-21,,,,,,,,,,,,,,,,,,,,,
200,1130573,00881130573190,91011305731902,KD028085,EA,250,2025-11-21,,,,,,,,,,,,,,,,,,,,,
200,1130573,00881130573290,91011305732902,KD028085,EA,250,2025-11-21,,,,,,,,,,,,,,,,,,,,,
200,1130573,00881130573320,91011305733202,KD028085,EA,750,2026-01-23,,,,,,,,,,,,,,,,,,,,,
200,1130573,00881130573330,91011305733302,KD028085,EA,500,2025-11-21,,,,,,,,,,,,,,,,,,,,,
200,1130573,00881130573380,91011305733802,KD028085,EA,250,2025-11-21,,,,,,,,,,,,,,,,,,,,,
200,1130573,00881130573390,91011305733902,KD028085,EA,500,2025-11-21,,,,,,,,,,,,,,,,,,,,,
200,1130573,00881130573410,91011305734102,KD028085,EA,500,2025-11-21,,,,,,,,,,,,,,,,,,,,,
200,1130571,0088113057160,9101130571602,202582620191713,EA,100,2025-09-12,,,,,,,,,,,,,,,,,,,,,
200,1130565,0088113056530,9101130565302,20250822,EA,1000,2026-01-09,,,,,,,,,,,,,,,,,,,,,
200,1130565,0088113056560,9101130565603,20230829,EA,25000,2026-01-09,,,,,,,,,,,,,,,,,,,,,
200,1130554,0088113055430,9101130554303,202556910200,EA,640,2025-10-01,,,,,,,,,,,,,,,,,,,,,
200,1130552,0088113055250,9101130552503,LPG25C0839,EA,1001,2025-09-29,,,,,,,,,,,,,,,,,,,,,
200,1130546,0088113054630,9101130546302,KD027269,EA,400,2025-09-12,,,,,,,,,,,,,,,,,,,,,
200,1130546,0088113054640,9101130546402,KD027269,EA,400,2025-09-12,,,,,,,,,,,,,,,,,,,,,
200,1130546,0088113054650,9101130546504,KD028745,EA,75,2025-12-22,,,,,,,,,,,,,,,,,,,,,
200,1130546,0088113054670,9101130546702,KD027269,EA,270,2025-11-03,,,,,,,,,,,,,,,,,,,,,
200,1130546,0088113054680,9101130546803,KD028101,EA,265,2025-11-07,,,,,,,,,,,,,,,,,,,,,
200,1130546,0088113054651,9101130546513,KD028745,EA,365,2026-01-06,,,,,,,,,,,,,,,,,,,,,
200,1130546,0088113054671,9101130546713,KD028101,EA,230,2025-11-07,,,,,,,,,,,,,,,,,,,,,
200,1130543,00881130543140,91011305431407,EXP/25-26/104,EA,120,2026-04-23,,,,,,,,,,,,,,,,,,,,,
200,1130543,00881130543140,91011305431407,EXP/25-26/104,EA,120,2026-04-23,,,,,,,,,,,,,,,,,,,,,
200,1130543,00881130543140,91011305431407,EXP/25-26/104,EA,120,2026-04-23,,,,,,,,,,,,,,,,,,,,,
200,1130543,00881130543140,91011305431407,EXP/25-26/104,EA,120,2026-04-23,,,,,,,,,,,,,,,,,,,,,
200,1130543,00881130543140,91011305431407,EXP/25-26/104,EA,120,2026-04-23,,,,,,,,,,,,,,,,,,,,,
200,1130518,0088113051810,9101130518102,083148,EA,8,2025-09-15,,,,,,,,,,,,,,,,,,,,,
200,1130497,0088113049720,9101130497203,KD028088,EA,40000,2025-10-03,,,,,,,,,,,,,,,,,,,,,
200,1130497,0088113049750,9101130497502,RB331KD027896,EA,49600,2025-10-03,,,,,,,,,,,,,,,,,,,,,
200,1130497,00881130497100,91011304971003,KD028085,EA,10000,2025-11-21,,,,,,,,,,,,,,,,,,,,,
200,1130497,00881130497100,91011304971002,KD028085,EA,120000,2025-11-21,,,,,,,,,,,,,,,,,,,,,
200,1130497,00881130497190,91011304971902,KD028085,EA,10000,2025-11-21,,,,,,,,,,,,,,,,,,,,,
200,1130491,0088113049161,9101130491613,20251108,EA,8200,2025-11-21,,,,,,,,,,,,,,,,,,,,,
200,1130477,0088113047720,9101130477201,0043257,EA,300,2026-03-06,,,,,,,,,,,,,,,,,,,,,
200,1130477,0088113047730,9101130477301,0043257,EA,84,2026-02-20,,,,,,,,,,,,,,,,,,,,,
200,1130464,0088113046410,9101130464103,0309005035,EA,5000,2025-09-11,,,,,,,,,,,,,,,,,,,,,
200,1130464,0088113046410,9101130464102,0309005035,EA,10000,2025-09-11,,,,,,,,,,,,,,,,,,,,,
200,1130464,0088113046420,9101130464203,0309005035,EA,2600,2025-09-11,,,,,,,,,,,,,,,,,,,,,
200,1130464,0088113046420,9101130464202,0309005035,EA,6600,2025-09-11,,,,,,,,,,,,,,,,,,,,,
200,1130464,0088113046430,9101130464303,0309005035,EA,5000,2025-09-11,,,,,,,,,,,,,,,,,,,,,
200,1130464,0088113046430,9101130464302,INDIA,EA,11000,2025-09-11,,,,,,,,,,,,,,,,,,,,,
200,1130464,0088113046440,9101130464403,0309005035,EA,7400,2025-09-11,,,,,,,,,,,,,,,,,,,,,
200,1130461,0088113046110,9101130461103,PL25070068,EA,2700,2025-09-12,,,,,,,,,,,,,,,,,,,,,
200,1130461,00881130461110,91011304611103,PL25070068,EA,2800,2025-09-12,,,,,,,,,,,,,,,,,,,,,
200,1130461,00881130461280,91011304612804,PL25080047,EA,50,2025-10-07,,,,,,,,,,,,,,,,,,,,,
200,1130457,0088113045770,9101130457704,PL25097WAR,EA,50,2025-09-12,,,,,,,,,,,,,,,,,,,,,
200,1130457,0088113045770,9101130457703,PL25097,EA,100,2025-09-12,,,,,,,,,,,,,,,,,,,,,
200,1130457,00881130457180,91011304571807,PL25097,EA,1440,2025-09-12,,,,,,,,,,,,,,,,,,,,,
200,1130457,00881130457180,91011304571808,PL25097,EA,1440,2025-09-12,,,,,,,,,,,,,,,,,,,,,
200,1130446,0088113044610,9101130446103,084294,EA,2475,2026-04-30,,,,,,,,,,,,,,,,,,,,,
200,1130446,0088113044611,9101130446112,084293,EA,45,2026-04-20,,,,,,,,,,,,,,,,,,,,,
200,1130443,0088113044310,9101130443104,083879,EA,681,2026-02-12,,,,,,,,,,,,,,,,,,,,,
200,1130443,0088113044310,9101130443103,083880,EA,2175,2026-02-12,,,,,,,,,,,,,,,,,,,,,
200,1130416,0088113041610,9101130416102,0319533,EA,2,2025-06-13,,,,,,,,,,,,,,,,,,,,,
200,1130392,0088113039250,9101130392503,KD027896,EA,10000,2025-10-03,,,,,,,,,,,,,,,,,,,,,
200,1130392,0088113039250,9101130392502,KD027896,EA,15000,2025-10-03,,,,,,,,,,,,,,,,,,,,,
200,1130392,00881130392181,91011303921813,RB331-KD029228,EA,1000,2025-10-03,,,,,,,,,,,,,,,,,,,,,
200,1130388,0088113038870,9101130388702,20912000,EA,2500,2025-11-21,,,,,,,,,,,,,,,,,,,,,
200,1130374,0088113037410,9101130374102,0319301/00,EA,9,2025-06-03,,,,,,,,,,,,,,,,,,,,,
200,1130371,0088113037120,9101130371205,LPG25C0845,EA,260,2025-11-26,,,,,,,,,,,,,,,,,,,,,
200,1130371,0088113037130,9101130371303,LPG25C0845,EA,800,2025-11-26,,,,,,,,,,,,,,,,,,,,,
200,1130367,0088113036710,9101130367102,0319206/00,EA,10,2025-06-05,,,,,,,,,,,,,,,,,,,,,
200,1130338,0088113033810,9101130338102,0318981/00,EA,3,2025-05-27,,,,,,,,,,,,,,,,,,,,,
200,1130330,0088113033010,9101130330102,083139,EA,45,2025-09-15,,,,,,,,,,,,,,,,,,,,,
200,1130310,0088113031080,9101130310802,KD028085,EA,2500,2025-10-27,,,,,,,,,,,,,,,,,,,,,
200,1130310,00881130310190,91011303101902,KD028085,EA,1700,2025-10-27,,,,,,,,,,,,,,,,,,,,,
200,1130310,00881130310260,91011303102603,KD028085,EA,210,2025-09-12,,,,,,,,,,,,,,,,,,,,,
200,1130310,00881130310340,91011303103402,KD028085,EA,1600,2025-10-27,,,,,,,,,,,,,,,,,,,,,
200,1130310,00881130310390,91011303103902,KD027266,EA,1000,2025-09-12,,,,,,,,,,,,,,,,,,,,,
200,1130310,00881130310400,91011303104002,KD027266,EA,1000,2025-09-12,,,,,,,,,,,,,,,,,,,,,
200,1130295,0088113029510,9101130295102,MICHAEL BINIECKI,EA,1,2025-09-22,,,,,,,,,,,,,,,,,,,,,
200,1130286,0088113028620,9101130286202,0217995IN,EA,2000,2025-07-15,,,,,,,,,,,,,,,,,,,,,
200,1130285,0088113028520,9101130285204,LPG25C0845,EA,352,2026-01-02,,,,,,,,,,,,,,,,,,,,,
200,1130285,0088113028520,9101130285204,LPG25C0845,EA,352,2026-01-02,,,,,,,,,,,,,,,,,,,,,
200,1130285,0088113028520,9101130285204,LPG25C0845,EA,352,2026-01-02,,,,,,,,,,,,,,,,,,,,,
200,1130285,0088113028520,9101130285204,LPG25C0845,EA,352,2026-01-02,,,,,,,,,,,,,,,,,,,,,
200,1130285,0088113028530,9101130285304,LPG25C0725,EA,400,2026-01-02,,,,,,,,,,,,,,,,,,,,,
200,1130285,0088113028530,9101130285303,LPG25C0723,EA,1000,2026-01-02,,,,,,,,,,,,,,,,,,,,,
200,1130285,0088113028540,9101130285404,LPG25C0725,EA,180,2025-10-29,,,,,,,,,,,,,,,,,,,,,
200,1130281,0088113028130,9101130281302,WR92025,EA,2,2025-07-01,,,,,,,,,,,,,,,,,,,,,
200,1130281,0088113028130,9101130281304,C1093325,EA,630,2025-07-01,,,,,,,,,,,,,,,,,,,,,
200,1130277,0088113027710,9101130277102,0182916,EA,5000,2025-07-08,,,,,,,,,,,,,,,,,,,,,
200,1130274,0088113027460,9101130274608,LPG25C0808,EA,630,2025-10-27,,,,,,,,,,,,,,,,,,,,,
200,1130274,0088113027460,9101130274608,LPG25C0808,EA,630,2025-10-27,,,,,,,,,,,,,,,,,,,,,
200,1130274,0088113027460,9101130274608,LPG25C0808,EA,630,2025-10-27,,,,,,,,,,,,,,,,,,,,,
200,1130274,0088113027460,9101130274608,LPG25C0808,EA,630,2025-10-27,,,,,,,,,,,,,,,,,,,,,
200,1130274,0088113027460,9101130274608,LPG25C0808,EA,630,2025-10-27,,,,,,,,,,,,,,,,,,,,,
200,1130274,0088113027460,9101130274608,LPG25C0808,EA,630,2025-10-27,,,,,,,,,,,,,,,,,,,,,
200,1130274,0088113027460,9101130274608,LPG25C0808,EA,630,2025-10-27,,,,,,,,,,,,,,,,,,,,,
200,1130274,0088113027460,9101130274608,LPG25C0808,EA,630,2025-10-27,,,,,,,,,,,,,,,,,,,,,
200,1130274,0088113027460,9101130274608,LPG25C0808,EA,630,2025-10-27,,,,,,,,,,,,,,,,,,,,,
200,1130274,0088113027461,9101130274613,LPG25C1213,EA,494,2025-10-27,,,,,,,,,,,,,,,,,,,,,
200,1130273,0088113027330,9101130273303,LDK1130623ASR,EA,900,2025-10-13,,,,,,,,,,,,,,,,,,,,,
200,1130270,0088113027070,9101130270703,202556910700,EA,367,2025-07-01,,,,,,,,,,,,,,,,,,,,,
200,1130241,0088113024130,9101130241302,LXNH0721,EA,600,2025-09-12,,,,,,,,,,,,,,,,,,,,,
200,1130235,0088113023570,9101130235703,LPG250725,EA,900,2025-10-27,,,,,,,,,,,,,,,,,,,,,
200,1130234,0088113023450,9101130234502,20250801001,EA,20,2025-09-16,,,,,,,,,,,,,,,,,,,,,
200,1130234,0088113023450,9101130234503,20250801001,EA,720,2025-09-16,,,,,,,,,,,,,,,,,,,,,
200,1130233,0088113023310,9101130233102,KD027269,EA,5500,2025-09-12,,,,,,,,,,,,,,,,,,,,,
200,1130233,0088113023310,9101130233103,KD027269,EA,200,2025-09-12,,,,,,,,,,,,,,,,,,,,,
200,1130233,0088113023320,9101130233204,KD027898,EA,1500,2025-09-12,,,,,,,,,,,,,,,,,,,,,
200,1130233,0088113023320,9101130233203,KD027269,EA,2700,2025-09-12,,,,,,,,,,,,,,,,,,,,,
200,1130233,0088113023360,9101130233602,RB258-KD027269,EA,730,2025-09-12,,,,,,,,,,,,,,,,,,,,,
200,1130233,00881130233110,91011302331102,KD027269,EA,16000,2025-09-12,,,,,,,,,,,,,,,,,,,,,
200,1130233,0088113023321,9101130233213,KD028745,EA,1200,2025-12-22,,,,,,,,,,,,,,,,,,,,,
200,1130233,0088113023351,9101130233513,KD028745,EA,600,2025-12-22,,,,,,,,,,,,,,,,,,,,,
200,1130233,00881130233111,91011302331113,KD028086,EA,7000,2025-09-12,,,,,,,,,,,,,,,,,,,,,
200,1130231,0088113023120,9101130231204,25-26/055,EA,648,2025-10-27,,,,,,,,,,,,,,,,,,,,,
200,1130231,0088113023120,9101130231204,25-26/055,EA,648,2025-10-27,,,,,,,,,,,,,,,,,,,,,
200,1130231,0088113023120,9101130231204,25-26/055,EA,648,2025-10-27,,,,,,,,,,,,,,,,,,,,,
200,1130231,0088113023120,9101130231204,25-26/055,EA,648,2025-10-27,,,,,,,,,,,,,,,,,,,,,
200,1130231,0088113023120,9101130231204,25-26/055,EA,648,2025-10-27,,,,,,,,,,,,,,,,,,,,,
200,1130231,0088113023120,9101130231204,25-26/055,EA,648,2025-10-27,,,,,,,,,,,,,,,,,,,,,
200,1130231,0088113023130,9101130231302,25-26/075,EA,280,2026-02-16,,,,,,,,,,,,,,,,,,,,,
200,1130231,0088113023180,9101130231802,25-26/075,EA,240,2026-02-16,,,,,,,,,,,,,,,,,,,,,
200,1130231,0088113023180,9101130231802,25-26/075,EA,240,2026-02-16,,,,,,,,,,,,,,,,,,,,,
200,1130231,0088113023180,9101130231802,25-26/075,EA,240,2026-02-16,,,,,,,,,,,,,,,,,,,,,
200,1130231,0088113023180,9101130231802,25-26/075,EA,240,2026-02-16,,,,,,,,,,,,,,,,,,,,,
200,1130231,00881130231100,91011302311004,25-26/047,EA,3860,2025-10-27,,,,,,,,,,,,,,,,,,,,,
200,1130231,00881130231100,91011302311003,25-26/047,EA,540,2025-10-27,,,,,,,,,,,,,,,,,,,,,
200,1130231,00881130231110,91011302311105,25-26/074,EA,190,2025-10-01,,,,,,,,,,,,,,,,,,,,,
200,1130231,00881130231110,91011302311102,25-26/074,EA,270,2025-10-01,,,,,,,,,,,,,,,,,,,,,
200,1130231,00881130231110,91011302311102,25-26/074,EA,270,2025-10-01,,,,,,,,,,,,,,,,,,,,,
200,1130231,00881130231110,91011302311102,25-26/074,EA,270,2025-10-01,,,,,,,,,,,,,,,,,,,,,
200,1130219,0088113021970,9101130219702,KD028085,EA,3500,2025-12-29,,,,,,,,,,,,,,,,,,,,,
200,1130219,00881130219300,91011302193002,KD02085,EA,1750,2025-10-27,,,,,,,,,,,,,,,,,,,,,
200,1130219,00881130219440,91011302194403,KD028085,EA,300,2025-12-02,,,,,,,,,,,,,,,,,,,,,
200,1130219,00881130219510,91011302195102,KD028085,EA,2500,2025-10-27,,,,,,,,,,,,,,,,,,,,,
200,1130208,0088113020810,9101130208102,WR91525,EA,45034,2025-07-18,,,,,,,,,,,,,,,,,,,,,
200,1130207,0088113020710,9101130207103,296552,EA,26000,2026-04-13,,,,,,,,,,,,,,,,,,,,,
200,1130163,0088113016310,9101130163102,SHIVAM,EA,1,2025-05-08,,,,,,,,,,,,,,,,,,,,,
200,1130163,0088113016320,9101130163202,SHIVAM,EA,1,2025-05-08,,,,,,,,,,,,,,,,,,,,,
200,1130163,0088113016330,9101130163302,SHIVAM,EA,1,2025-05-08,,,,,,,,,,,,,,,,,,,,,
200,1130162,0088113016230,9101130162303,ASR250723100,EA,400,2025-09-16,,,,,,,,,,,,,,,,,,,,,
200,1130132,0088113013290,9101130132902,KD028085,EA,2500,2025-10-31,,,,,,,,,,,,,,,,,,,,,
200,1130112,0088113011230,91011301123025,25-26/052,EA,360,2025-12-03,,,,,,,,,,,,,,,,,,,,,
200,1130112,0088113011240,9101130112403,25-26/054,EA,972,2025-12-03,,,,,,,,,,,,,,,,,,,,,
200,1130112,0088113011240,9101130112402,25-26/054,EA,972,2025-12-03,,,,,,,,,,,,,,,,,,,,,
200,1130112,0088113011240,9101130112402,25-26/054,EA,972,2025-12-03,,,,,,,,,,,,,,,,,,,,,
200,1130112,0088113011240,9101130112402,25-26/054,EA,972,2025-12-03,,,,,,,,,,,,,,,,,,,,,
200,1130094,0088113009410,91011300941010,LPG25C0723,EA,35,2025-10-27,,,,,,,,,,,,,,,,,,,,,
200,1130094,0088113009410,9101130094108,LPG25C0723,EA,630,2025-10-27,,,,,,,,,,,,,,,,,,,,,
200,1130094,0088113009410,9101130094108,LPG25C0723,EA,630,2025-10-27,,,,,,,,,,,,,,,,,,,,,
200,1130094,0088113009410,9101130094108,LPG25C0723,EA,630,2025-10-27,,,,,,,,,,,,,,,,,,,,,
200,1130085,0088113008510,9101130085102,LDK1129777ASR,EA,1000,2025-08-01,,,,,,,,,,,,,,,,,,,,,
200,1130079,0088113007930,9101130079303,EU2F25000127,EA,960,2025-10-13,,,,,,,,,,,,,,,,,,,,,
200,1130079,0088113007930,9101130079303,EU2F25000127,EA,960,2025-10-13,,,,,,,,,,,,,,,,,,,,,
200,1130079,0088113007930,9101130079303,EU2F25000127,EA,960,2025-10-13,,,,,,,,,,,,,,,,,,,,,
200,1130079,0088113007940,9101130079402,EU2F25000131,EA,1440,2025-10-13,,,,,,,,,,,,,,,,,,,,,
200,1130079,0088113007940,9101130079403,EU2F25000131,EA,480,2025-10-13,,,,,,,,,,,,,,,,,,,,,
200,1130034,00881130034100,91011300341002,KD028085,EA,750,2025-10-31,,,,,,,,,,,,,,,,,,,,,
200,1130034,00881130034220,91011300342202,KD028085,EA,1750,2025-10-31,,,,,,,,,,,,,,,,,,,,,
200,1129980,0088112998010,9101129980107,LPG25C1124,EA,265,2026-05-22,,,,,,,,,,,,,,,,,,,,,
200,1129980,0088112998010,9101129980106,LPG25C1026,EA,1350,2026-05-22,,,,,,,,,,,,,,,,,,,,,
200,1129980,0088112998010,9101129980106,LPG25C1026,EA,1350,2026-05-22,,,,,,,,,,,,,,,,,,,,,
200,1129980,0088112998010,9101129980106,LPG25C1026,EA,1350,2026-05-22,,,,,,,,,,,,,,,,,,,,,
200,1129979,0088112997910,9101129979104,LPG25C0926,EA,1350,2025-11-17,,,,,,,,,,,,,,,,,,,,,
200,1129979,0088112997910,9101129979106,LPG25C1004,EA,1350,2025-11-17,,,,,,,,,,,,,,,,,,,,,
200,1129979,0088112997910,9101129979106,LPG25C1004,EA,1350,2025-11-17,,,,,,,,,,,,,,,,,,,,,
200,1129979,0088112997910,9101129979106,LPG25C1004,EA,1350,2025-11-17,,,,,,,,,,,,,,,,,,,,,
200,1129978,0088112997810,9101129978107,LPG25C0839,EA,1350,2025-10-10,,,,,,,,,,,,,,,,,,,,,
200,1129976,0088112997630,9101129976303,LXNH0721,EA,100,2025-09-15,,,,,,,,,,,,,,,,,,,,,
200,1129972,0088112997210,9101129972103,LXNH1112,EA,1000,2025-12-29,,,,,,,,,,,,,,,,,,,,,
200,1129900,0088112990010,9101129900103,LPG25C0725,EA,100,2025-11-06,,,,,,,,,,,,,,,,,,,,,
200,1129899,0088112989920,9101129899203,42026WAR,EA,1000,2025-11-10,,,,,,,,,,,,,,,,,,,,,
200,1129853,0088112985310,9101129853103,0309005035,EA,4500,2026-02-11,,,,,,,,,,,,,,,,,,,,,
200,1129853,0088112985320,9101129853204,0309005035,EA,5300,2026-02-11,,,,,,,,,,,,,,,,,,,,,
200,1129853,0088112985311,9101129853114,0309005035,EA,4200,2026-02-27,,,,,,,,,,,,,,,,,,,,,
200,1129853,0088112985311,9101129853113,0309005035,EA,13100,2026-02-27,,,,,,,,,,,,,,,,,,,,,
200,1129853,0088112985321,9101129853214,0309005035,EA,6400,2026-02-27,,,,,,,,,,,,,,,,,,,,,
200,1129853,0088112985321,9101129853213,0309005035,EA,8400,2026-02-27,,,,,,,,,,,,,,,,,,,,,
200,1129853,0088112985322,9101129853223,0309005035,EA,18000,2026-04-17,,,,,,,,,,,,,,,,,,,,,
200,1129823,0088112982330,9101129823302,WR91525,EA,40000,2025-08-22,,,,,,,,,,,,,,,,,,,,,
200,1129823,0088112982350,9101129823503,296553,EA,52500,2026-04-13,,,,,,,,,,,,,,,,,,,,,
200,1129823,0088112982360,9101129823603,19025,EA,36990,2025-10-31,,,,,,,,,,,,,,,,,,,,,
200,1129823,0088112982360,9101129823602,WR91525,EA,39474,2025-10-31,,,,,,,,,,,,,,,,,,,,,
200,1129823,0088112982351,9101129823513,04132026,EA,22000,2026-04-17,,,,,,,,,,,,,,,,,,,,,
200,1129809,0088112980910,9101129809102,SPOCE-2507020,EA,463,2025-09-10,,,,,,,,,,,,,,,,,,,,,
200,1129783,0088112978320,9101129783203,LPG25C0723,EA,547,2025-10-27,,,,,,,,,,,,,,,,,,,,,
200,1129783,0088112978320,9101129783202,LPG25C0723,EA,628,2025-10-27,,,,,,,,,,,,,,,,,,,,,
200,1129704,00881129704120,91011297041206,RB331-KD027268WAR,EA,105000,2025-09-12,,,,,,,,,,,,,,,,,,,,,
200,1129704,00881129704120,91011297041205,RB331-KD027268PG6WAR,EA,196000,2025-09-12,,,,,,,,,,,,,,,,,,,,,
200,1129704,00881129704120,91011297041205,RB331-KD027268PG6WAR,EA,196000,2025-09-12,,,,,,,,,,,,,,,,,,,,,
200,1129704,00881129704220,91011297042202,KD028085,EA,250,2025-10-31,,,,,,,,,,,,,,,,,,,,,
200,1129704,00881129704390,91011297043902,KD028085,EA,350,2025-10-31,,,,,,,,,,,,,,,,,,,,,
200,1129704,00881129704400,91011297044002,KD028085,EA,250,2025-10-31,,,,,,,,,,,,,,,,,,,,,
200,1129689,0088112968930,9101129689302,LXNH0721,EA,2500,2025-09-15,,,,,,,,,,,,,,,,,,,,,
200,1129661,0088112966110,9101129661102,LDK1130623ASR,EA,2500,2025-10-13,,,,,,,,,,,,,,,,,,,,,
200,1129661,0088112966120,9101129661202,LDK1130623ASR,EA,8,2025-10-13,,,,,,,,,,,,,,,,,,,,,
200,1129661,0088112966170,9101129661704,LDK25090202ASR,EA,828,2026-05-05,,,,,,,,,,,,,,,,,,,,,
200,1129605,0088112960520,9101129605202,LPG25C0808,EA,589,2025-09-08,,,,,,,,,,,,,,,,,,,,,
200,1129605,0088112960521,9101129605213,LPG25C0839,EA,240,2025-09-08,,,,,,,,,,,,,,,,,,,,,
200,1129557,00881129557500,91011295575006,KD027268,EA,1920,2025-09-12,,,,,,,,,,,,,,,,,,,,,
200,1129557,00881129557500,91011295575007,KD027896,EA,960,2025-09-12,,,,,,,,,,,,,,,,,,,,,
200,1129557,00881129557650,91011295576502,KD028085,EA,500,2025-10-31,,,,,,,,,,,,,,,,,,,,,
200,1129503,0088112950320,9101129503202,SHIVAM,EA,1,2025-09-22,,,,,,,,,,,,,,,,,,,,,
200,1129466,0088112946620,9101129466202,SHIVAM,EA,1,2025-09-22,,,,,,,,,,,,,,,,,,,,,
200,1129385,0088112938530,91011293853010,ASR1234,EA,480,2025-09-26,,,,,,,,,,,,,,,,,,,,,
200,1129346,0088112934610,9101129346102,SP0CE-2507020,EA,15000,2025-09-10,,,,,,,,,,,,,,,,,,,,,
200,1129345,0088112934580,9101129345802,KD028085,EA,390,2025-10-31,,,,,,,,,,,,,,,,,,,,,
200,1129203,0088112920320,9101129203202,EXP2425255,EA,294,2026-02-16,,,,,,,,,,,,,,,,,,,,,
200,1129152,0088112915220,9101129152202,SHIVAM,EA,1,2025-09-22,,,,,,,,,,,,,,,,,,,,,
200,1129053,0088112905320,9101129053202,202556441900,EA,160,2025-10-06,,,,,,,,,,,,,,,,,,,,,
200,1128761,00881128761160,91011287611603,PL25070054,EA,760,2025-09-10,,,,,,,,,,,,,,,,,,,,,
200,1128759,00881128759290,91011287592903,PL25140,EA,23,2025-12-29,,,,,,,,,,,,,,,,,,,,,
200,1128716,0088112871610,9101128716105,083413,EA,165,2025-11-07,,,,,,,,,,,,,,,,,,,,,
200,1128716,0088112871610,9101128716104,083412,EA,135,2025-11-07,,,,,,,,,,,,,,,,,,,,,
200,1128715,0088112871510,9101128715104,083381,EA,250,2025-11-07,,,,,,,,,,,,,,,,,,,,,
200,1128340,0088112834010,9101128340102,24-25/218,EA,80,2025-07-01,,,,,,,,,,,,,,,,,,,,,
200,1128340,0088112834010,9101128340104,24-25/218,EA,80,2025-07-01,,,,,,,,,,,,,,,,,,,,,
200,1128340,0088112834010,9101128340104,24-25/218,EA,80,2025-07-01,,,,,,,,,,,,,,,,,,,,,
200,1127446,0088112744610,9101127446102,LXNH0721,EA,400,2025-10-20,,,,,,,,,,,,,,,,,,,,,
200,1125679,00881125679130,91011256791304,PL25070068,EA,1050,2025-09-12,,,,,,,,,,,,,,,,,,,,,
200,1124585,0088112458550,9101124585507,NINGBO,EA,300,2025-10-24,,,,,,,,,,,,,,,,,,,,,
200,1124585,0088112458550,9101124585505,NINGBO,EA,600,2025-10-24,,,,,,,,,,,,,,,,,,,,,
200,1124585,0088112458550,9101124585505,NINGBO,EA,600,2025-10-24,,,,,,,,,,,,,,,,,,,,,
200,1124585,0088112458550,9101124585505,NINGBO,EA,600,2025-10-24,,,,,,,,,,,,,,,,,,,,,
200,1124585,0088112458550,9101124585505,NINGBO,EA,600,2025-10-24,,,,,,,,,,,,,,,,,,,,,
200,1121911,0088112191130,9101121911302,WAR090125,EA,2200,2025-09-29,,,,,,,,,,,,,,,,,,,,,
200,1121911,0088112191140,9101121911402,WAR090125,EA,800,2025-09-29,,,,,,,,,,,,,,,,,,,,,
200,1117818,0088111781860,9101117818602,KD027266,EA,500,2025-09-12,,,,,,,,,,,,,,,,,,,,,
200,1100000146,0088110000014610,9101100000146101,0320549,EA,10,2026-01-19,,,,,,,,,,,,,,,,,,,,,
200,1100000145,0088110000014510,9101100000145101,0320549,EA,10,2026-01-19,,,,,,,,,,,,,,,,,,,,,
200,1100000144,0088110000014410,9101100000144101,0320002,EA,10,2025-12-30,,,,,,,,,,,,,,,,,,,,,
200,1100000143,0088110000014310,9101100000143101,0320001,EA,10,2025-12-30,,,,,,,,,,,,,,,,,,,,,
200,1100000141,0088110000014110,9101100000141101,0320001,EA,10,2025-12-30,,,,,,,,,,,,,,,,,,,,,
200,1100000140,0088110000014010,9101100000140101,0320549,EA,10,2025-12-29,,,,,,,,,,,,,,,,,,,,,
200,1100000139,0088110000013910,9101100000139101,0320548,EA,10,2025-12-29,,,,,,,,,,,,,,,,,,,,,
200,1100000138,0088110000013810,9101100000138101,0320548,EA,10,2025-12-29,,,,,,,,,,,,,,,,,,,,,
200,1100000137,0088110000013710,9101100000137101,0320549,EA,10,2025-12-29,,,,,,,,,,,,,,,,,,,,,
200,1100000136,0088110000013610,9101100000136102,ABC,EA,1,2025-12-29,,,,,,,,,,,,,,,,,,,,,
200,1100000136,0088110000013610,9101100000136101,123,EA,1,2025-12-29,,,,,,,,,,,,,,,,,,,,,
200,1100000135,0088110000013510,9101100000135101,0320549,EA,10,2025-12-29,,,,,,,,,,,,,,,,,,,,,
200,1100000134,0088110000013410,9101100000134101,0320549,EA,10,2025-12-29,,,,,,,,,,,,,,,,,,,,,
200,1100000133,0088110000013310,9101100000133101,0320549,EA,10,2025-12-29,,,,,,,,,,,,,,,,,,,,,
200,1100000129,0088110000012910,9101100000129101,08262025ADN,EA,10,2025-09-04,,,,,,,,,,,,,,,,,,,,,
200,1100000126,0088110000012610,9101100000126101,08252025DNA,EA,10,2025-09-03,,,,,,,,,,,,,,,,,,,,,
200,1100000125,0088110000012510,9101100000125101,1100000125A,EA,10,2025-08-25,,,,,,,,,,,,,,,,,,,,,
200,1100000124,0088110000012410,9101100000124101,1100081425,EA,10,2025-08-21,,,,,,,,,,,,,,,,,,,,,
200,1100000123,0088110000012310,9101100000123101,1100000123,EA,1,2025-08-20,,,,,,,,,,,,,,,,,,,,,
200,1100000123,0088110000012310,9101100000123101,1100000123,EA,1,2025-08-20,,,,,,,,,,,,,,,,,,,,,
200,1100000123,0088110000012310,9101100000123101,1100000123,EA,1,2025-08-20,,,,,,,,,,,,,,,,,,,,,
200,1100000123,0088110000012310,9101100000123101,1100000123,EA,1,2025-08-20,,,,,,,,,,,,,,,,,,,,,
200,1100000123,0088110000012310,9101100000123101,1100000123,EA,1,2025-08-20,,,,,,,,,,,,,,,,,,,,,
200,1100000123,0088110000012310,9101100000123101,1100000123,EA,1,2025-08-20,,,,,,,,,,,,,,,,,,,,,
200,1100000123,0088110000012310,9101100000123101,1100000123,EA,1,2025-08-20,,,,,,,,,,,,,,,,,,,,,
200,1100000123,0088110000012310,9101100000123101,1100000123,EA,1,2025-08-20,,,,,,,,,,,,,,,,,,,,,
200,1100000123,0088110000012310,9101100000123101,1100000123,EA,1,2025-08-20,,,,,,,,,,,,,,,,,,,,,
200,1100000123,0088110000012310,9101100000123101,1100000123,EA,1,2025-08-20,,,,,,,,,,,,,,,,,,,,,
200,1100000122,0088110000012210,9101100000122101,0320549,EA,10,2025-08-20,,,,,,,,,,,,,,,,,,,,,
200,1100000120,0088110000012010,9101100000120101,,EA,6000,2025-11-26,,,,,,,,,,,,,,,,,,,,,
200,1100000116,0088110000011610,9101100000116101,,EA,418,2025-11-26,,,,,,,,,,,,,,,,,,,,,
200,1100000113,0088110000011320,9101100000113201,,EA,225,2026-05-18,,,,,,,,,,,,,,,,,,,,,
200,1100000110,0088110000011010,9101100000110103,,EA,500,2025-08-05,,,,,,,,,,,,,,,,,,,,,
200,1100000109,0088110000010910,9101100000109101,,EA,2,2025-07-30,,,,,,,,,,,,,,,,,,,,,
200,1100000107,0088110000010710,9101100000107101,WAR0718,EA,3,2025-07-24,,,,,,,,,,,,,,,,,,,,,
200,1100000107,0088110000010720,9101100000107201,WAR0718,EA,1,2025-07-24,,,,,,,,,,,,,,,,,,,,,
200,1100000107,0088110000010730,9101100000107301,WAR0718,EA,1,2025-07-24,,,,,,,,,,,,,,,,,,,,,
200,1100000107,0088110000010740,9101100000107401,WAR0718,EA,4,2025-07-24,,,,,,,,,,,,,,,,,,,,,
200,1100000106,0088110000010620,9101100000106203,WR072125,EA,500,2025-07-22,,,,,,,,,,,,,,,,,,,,,
200,1100000105,0088110000010510,9101100000105101,WR072125,EA,640,2025-07-18,,,,,,,,,,,,,,,,,,,,,
200,1100000104,0088110000010410,9101100000104103,WR072125,EA,50,2025-07-22,,,,,,,,,,,,,,,,,,,,,
200,1100000102,0088110000010210,9101100000102102,WR072125,EA,150,2025-07-21,,,,,,,,,,,,,,,,,,,,,
200,1100000101,0088110000010110,9101100000101101,WR072125,EA,417,2026-05-07,,,,,,,,,,,,,,,,,,,,,
200,1100000100,0088110000010010,9101100000100101,WR072125,EA,503,2026-03-26,,,,,,,,,,,,,,,,,,,,,
200,1100000098,0088110000009810,9101100000098101,KAL,EA,4,2025-07-23,,,,,,,,,,,,,,,,,,,,,
200,1100000098,0088110000009820,9101100000098201,KAL,EA,3,2025-07-23,,,,,,,,,,,,,,,,,,,,,
200,1100000098,0088110000009830,9101100000098301,KAL,EA,6,2025-07-23,,,,,,,,,,,,,,,,,,,,,
200,1100000075,0088110000007520,9101100000075201,00,EA,145,2025-08-18,,,,,,,,,,,,,,,,,,,,,
200,1100000075,0088110000007550,9101100000075502,00,EA,104,2025-08-27,,,,,,,,,,,,,,,,,,,,,
200,1100000075,0088110000007550,9101100000075501,1515A1,EA,100,2025-08-27,,,,,,,,,,,,,,,,,,,,,
200,1100000064,0088110000006410,9101100000064101,MB,EA,9,2025-11-20,,,,,,,,,,,,,,,,,,,,,
200,1100000045,0088110000004510,9101100000045101,1100000045DN,EA,12500,2026-02-03,,,,,,,,,,,,,,,,,,,,,
200,1100000043,0088110000004310,9101100000043101,WR072125,EA,87,2025-11-03,,,,,,,,,,,,,,,,,,,,,
200,1100000043,0088110000004320,9101100000043201,WR072125,EA,1000,2025-11-03,,,,,,,,,,,,,,,,,,,,,
200,1100000043,0088110000004330,9101100000043301,WR072125,EA,50,2025-11-06,,,,,,,,,,,,,,,,,,,,,
200,1100000043,0088110000004340,9101100000043401,WAR82825,EA,50,2025-11-10,,,,,,,,,,,,,,,,,,,,,
200,1100000043,0088110000004350,9101100000043501,202582220220211,EA,50,2025-11-10,,,,,,,,,,,,,,,,,,,,,
200,1100000043,0088110000004360,9101100000043601,185001,EA,50,2025-11-10,,,,,,,,,,,,,,,,,,,,,
200,1100000043,0088110000004370,9101100000043701,WAR082825,EA,50,2025-11-10,,,,,,,,,,,,,,,,,,,,,
200,1100000042,0088110000004210,9101100000042101,1408D2,EA,38,2026-03-09,,,,,,,,,,,,,,,,,,,,,
200,1100000041,0088110000004110,9101100000041101,WR072125,EA,50,2025-10-27,,,,,,,,,,,,,,,,,,,,,
200,1100000041,0088110000004120,9101100000041201,WR072125,EA,50,2025-10-27,,,,,,,,,,,,,,,,,,,,,
200,1100000041,0088110000004130,9101100000041301,WR072125,EA,1,2025-10-27,,,,,,,,,,,,,,,,,,,,,
200,1100000041,0088110000004140,9101100000041401,WR072125,EA,45,2025-10-27,,,,,,,,,,,,,,,,,,,,,
200,1100000041,0088110000004150,9101100000041501,WR072125,EA,25,2025-10-27,,,,,,,,,,,,,,,,,,,,,
200,1100000041,0088110000004160,9101100000041601,WR072125,EA,10,2025-10-27,,,,,,,,,,,,,,,,,,,,,
200,1100000041,0088110000004170,9101100000041701,WR072125,EA,250,2025-10-27,,,,,,,,,,,,,,,,,,,,,
200,1100000041,0088110000004180,9101100000041801,WR072125,EA,21,2025-10-27,,,,,,,,,,,,,,,,,,,,,
200,1100000041,0088110000004190,9101100000041901,WR072125,EA,100,2025-10-27,,,,,,,,,,,,,,,,,,,,,
200,1100000041,00881100000041100,91011000000411001,WR072125,EA,10,2025-10-27,,,,,,,,,,,,,,,,,,,,,
200,1100000041,00881100000041110,91011000000411101,WR072125,EA,64,2025-10-31,,,,,,,,,,,,,,,,,,,,,
200,1100000039,0088110000003910,9101100000039101,WR072125,EA,50,2026-05-29,,,,,,,,,,,,,,,,,,,,,
200,1100000038,0088110000003880,9101100000038801,02,EA,25,2025-11-11,,,,,,,,,,,,,,,,,,,,,
200,1100000038,0088110000003880,9101100000038801,02,EA,25,2025-11-11,,,,,,,,,,,,,,,,,,,,,
200,1100000038,0088110000003880,9101100000038801,02,EA,25,2025-11-11,,,,,,,,,,,,,,,,,,,,,
200,1100000038,0088110000003880,9101100000038801,02,EA,25,2025-11-11,,,,,,,,,,,,,,,,,,,,,
200,1100000038,00881100000038200,91011000000382002,00,EA,50,2025-11-19,,,,,,,,,,,,,,,,,,,,,
200,1100000038,00881100000038200,91011000000382001,00,EA,50,2025-11-19,,,,,,,,,,,,,,,,,,,,,
200,1100000037,0088110000003710,9101100000037101,001,EA,50,2025-11-11,,,,,,,,,,,,,,,,,,,,,
200,1100000036,0088110000003610,9101100000036101,WR072125,EA,50,2025-11-11,,,,,,,,,,,,,,,,,,,,,
200,1100000036,0088110000003620,9101100000036201,WR072125,EA,50,2025-11-11,,,,,,,,,,,,,,,,,,,,,
200,1100000035,0088110000003510,9101100000035101,WR072125,EA,1,2025-07-18,,,,,,,,,,,,,,,,,,,,,
200,1100000034,0088110000003410,9101100000034101,WR072125,EA,40,2025-10-09,,,,,,,,,,,,,,,,,,,,,
200,1100000034,0088110000003420,9101100000034201,WR072125,EA,7,2025-10-09,,,,,,,,,,,,,,,,,,,,,
200,1100000034,0088110000003430,9101100000034301,WR072125,EA,67,2025-10-13,,,,,,,,,,,,,,,,,,,,,
200,1100000034,0088110000003440,9101100000034401,WR072125,EA,75,2025-10-13,,,,,,,,,,,,,,,,,,,,,
200,1100000034,0088110000003450,9101100000034501,WR072125,EA,98,2025-10-21,,,,,,,,,,,,,,,,,,,,,
200,1100000034,0088110000003460,9101100000034601,WR072125,EA,21,2025-10-27,,,,,,,,,,,,,,,,,,,,,
200,1100000033,0088110000003310,9101100000033101,WR0717,EA,4,2025-09-08,,,,,,,,,,,,,,,,,,,,,
200,1100000033,0088110000003320,9101100000033201,WR0717,EA,1,2025-09-08,,,,,,,,,,,,,,,,,,,,,
200,1100000033,0088110000003330,9101100000033301,WR0717,EA,3,2025-09-08,,,,,,,,,,,,,,,,,,,,,
200,1100000033,0088110000003340,9101100000033401,WR0717,EA,50,2025-09-08,,,,,,,,,,,,,,,,,,,,,
200,1100000033,0088110000003350,9101100000033501,WR0717,EA,45,2025-09-08,,,,,,,,,,,,,,,,,,,,,
200,1100000033,0088110000003360,9101100000033601,WR0717,EA,15,2025-09-08,,,,,,,,,,,,,,,,,,,,,
200,1100000032,0088110000003210,9101100000032101,WR0717,EA,15,2025-10-21,,,,,,,,,,,,,,,,,,,,,
200,1100000031,0088110000003110,9101100000031101,WR0717,EA,15,2025-10-14,,,,,,,,,,,,,,,,,,,,,
200,1100000031,0088110000003120,9101100000031201,WR0717,EA,6,2025-10-27,,,,,,,,,,,,,,,,,,,,,
200,1100000030,0088110000003010,9101100000030101,WR0717,EA,60,2025-09-08,,,,,,,,,,,,,,,,,,,,,
200,1100000030,0088110000003020,9101100000030201,WR0717,EA,2,2025-09-08,,,,,,,,,,,,,,,,,,,,,
200,1100000030,0088110000003030,9101100000030301,WR0717,EA,50,2025-09-08,,,,,,,,,,,,,,,,,,,,,
200,1100000030,0088110000003040,9101100000030401,WR0717,EA,5,2025-09-08,,,,,,,,,,,,,,,,,,,,,
200,1100000030,0088110000003050,9101100000030501,WR0717,EA,3,2025-09-08,,,,,,,,,,,,,,,,,,,,,
200,1100000029,0088110000002910,9101100000029101,WR0717,EA,8,2025-07-14,,,,,,,,,,,,,,,,,,,,,
200,1100000029,0088110000002920,9101100000029201,WR0717,EA,50,2025-07-14,,,,,,,,,,,,,,,,,,,,,
200,1100000028,0088110000002810,9101100000028101,WR0716,EA,150,2026-01-05,,,,,,,,,,,,,,,,,,,,,
200,1100000028,0088110000002820,9101100000028201,WR0716,EA,1125,2026-01-12,,,,,,,,,,,,,,,,,,,,,
200,1100000028,0088110000002830,9101100000028301,WR0716,EA,1125,2026-01-20,,,,,,,,,,,,,,,,,,,,,
200,1100000028,0088110000002840,9101100000028401,WR0716,EA,1125,2026-01-23,,,,,,,,,,,,,,,,,,,,,
200,1100000027,0088110000002710,9101100000027101,1105A1,EA,1,2025-11-24,,,,,,,,,,,,,,,,,,,,,
200,1100000027,0088110000002720,9101100000027201,1301B2,EA,8,2025-11-25,,,,,,,,,,,,,,,,,,,,,
200,1100000026,0088110000002610,9101100000026101,WR0716,EA,807,2025-12-18,,,,,,,,,,,,,,,,,,,,,
200,1100000025,0088110000002511,9101100000025111,3501A1,EA,30,2025-10-31,,,,,,,,,,,,,,,,,,,,,
200,1100000023,0088110000002310,9101100000023101,0320549,EA,10,2025-12-26,,,,,,,,,,,,,,,,,,,,,
200,1100000021,0088110000002110,9101100000021101,0324036,EA,10,2025-12-02,,,,,,,,,,,,,,,,,,,,,
200,1100000020,0088110000002010,9101100000020101,0324036,EA,10,2025-12-01,,,,,,,,,,,,,,,,,,,,,
200,1100000008,0088110000000810,9101100000008101,WAR102325,EA,300,2026-01-02,,,,,,,,,,,,,,,,,,,,,
200,1100000006,0088110000000610,9101100000006101,WAR102325,EA,500,2026-01-29,,,,,,,,,,,,,,,,,,,,,
200,1100000006,0088110000000620,9101100000006201,102325WAR,EA,500,2026-01-29,,,,,,,,,,,,,,,,,,,,,
