PersonId,FirstName,LastName,EmailId,Title,Status,FederatedId,UserGuid,User Name,Created Date,LastLogin Date,UPN,User Alias,GenericProperty_Language,GenericProperty_LanguageOrigin,GenericProperty_Locale,GenericProperty_LocaleOrigin,GenericProperty_ApplicationTimezone,GenericProperty_Timezone,GenericProperty_TimezoneOrigin,SecurityRole1,SecurityRole2,SecurityRole3,SecurityRole4,SecurityRole5,SecurityRole6,SecurityRole7,SecurityRole8,SecurityRole9,SecurityRole10,SecurityRole11,SecurityRole12,SecurityRole13,SecurityRole14,SecurityRole15,SecurityRole16,SecurityRole17,SecurityRole18,SecurityRole19,SecurityRole20,SecurityRole21,SecurityRole22,SecurityRole23,SecurityRole24,SecurityRole25,SecurityRole26,SecurityRole27,SecurityRole28,SecurityRole29,SecurityRole30,SecurityRole31,SecurityRole32,SecurityRole33,SecurityRole34,SecurityRole35,SecurityRole36,SecurityRole37,SecurityRole38,SecurityRole39,SecurityRole40,SecurityRole41,SecurityRole42,SecurityRole43,SecurityRole44,SecurityRole45,SecurityRole46,SecurityRole47,SecurityRole48,SecurityRole49,SecurityRole50,SecurityRole51,SecurityRole52,SecurityRole53,SecurityRole54,SecurityRole55,SecurityRole56,SecurityRole57,SecurityRole58,SecurityRole59,SecurityRole60,SecurityRole61,SecurityRole62,SecurityRole63,SecurityRole64,SecurityRole65,SecurityRole66,SecurityRole67,SecurityRole68,SecurityRole69,SecurityRole70,SecurityRole71,SecurityRole72,SecurityRole73,SecurityRole74,SecurityRole75,SecurityRole76,SecurityRole77,SecurityRole78,SecurityRole79,SecurityRole80,SecurityRole81,SecurityRole82,SecurityRole83,SecurityRole84,SecurityRole85,SecurityRole86,SecurityRole87,SecurityRole88,SecurityRole89,SecurityRole90,SecurityRole91,SecurityRole92,SecurityRole93,SecurityRole94,SecurityRole95,SecurityRole96,SecurityRole97,SecurityRole98,SecurityRole99,SecurityRole100,SecurityRole101,SecurityRole102,SecurityRole103,SecurityRole104,SecurityRole105,SecurityRole106,SecurityRole107,SecurityRole108,SecurityRole109,SecurityRole110,SecurityRole111,SecurityRole112,SecurityRole113,SecurityRole114,SecurityRole115,SecurityRole116,SecurityRole117,SecurityRole118,SecurityRole119,SecurityRole120,SecurityRole121,SecurityRole122,SecurityRole123,SecurityRole124,SecurityRole125,SecurityRole126,SecurityRole127,SecurityRole128,SecurityRole129,SecurityRole130,SecurityRole131,SecurityRole132,SecurityRole133,SecurityRole134,SecurityRole135,SecurityRole136,SecurityRole137,SecurityRole138,SecurityRole139,SecurityRole140,SecurityRole141,SecurityRole142,SecurityRole143,SecurityRole144,SecurityRole145,SecurityRole146,SecurityRole147,SecurityRole148,SecurityRole149,SecurityRole150,SecurityRole151,SecurityRole152,SecurityRole153,SecurityRole154,SecurityRole155,SecurityRole156,SecurityRole157,SecurityRole158,SecurityRole159,SecurityRole160,SecurityRole161,SecurityRole162,SecurityRole163,SecurityRole164,SecurityRole165,SecurityRole166,SecurityRole167,SecurityRole168,SecurityRole169,SecurityRole170,SecurityRole171,SecurityRole172,SecurityRole173,SecurityRole174,SecurityRole175,SecurityRole176,SecurityRole177,SecurityRole178,SecurityRole179,SecurityRole180,SecurityRole181,SecurityRole182,SecurityRole183,SecurityRole184,SecurityRole185,SecurityRole186,SecurityRole187,SecurityRole188,SecurityRole189,SecurityRole190,SecurityRole191,SecurityRole192,SecurityRole193,SecurityRole194,SecurityRole195,SecurityRole196,SecurityRole197,SecurityRole198,SecurityRole199,SecurityRole200,SecurityRole201,SecurityRole202,SecurityRole203,SecurityRole204,SecurityRole205,SecurityRole206,SecurityRole207,SecurityRole208,SecurityRole209,SecurityRole210,SecurityRole211,SecurityRole212,SecurityRole213,SecurityRole214,SecurityRole215,SecurityRole216,SecurityRole217,SecurityRole218,SecurityRole219,SecurityRole220,SecurityRole221,SecurityRole222,SecurityRole223,SecurityRole224,SecurityRole225,SecurityRole226,SecurityRole227,SecurityRole228,SecurityRole229,SecurityRole230,SecurityRole231,SecurityRole232,SecurityRole233,SecurityRole234,SecurityRole235,SecurityRole236,SecurityRole237,SecurityRole238,SecurityRole239,SecurityRole240,SecurityRole241,SecurityRole242,SecurityRole243,SecurityRole244,SecurityRole245,SecurityRole246,SecurityRole247,SecurityRole248,SecurityRole249,SecurityRole250,SecurityRole251,SecurityRole252,SecurityRole253,SecurityRole254,SecurityRole255,SecurityRole256,SecurityRole257,SecurityRole258,SecurityRole259,SecurityRole260,SecurityRole261,SecurityRole262,SecurityRole263,SecurityRole264,SecurityRole265,SecurityRole266,SecurityRole267,SecurityRole268,SecurityRole269,SecurityRole270,SecurityRole271,SecurityRole272,SecurityRole273,SecurityRole274,SecurityRole275,SecurityRole276,SecurityRole277,SecurityRole278,SecurityRole279,SecurityRole280,SecurityRole281,SecurityRole282,SecurityRole283,SecurityRole284,SecurityRole285,SecurityRole286,SecurityRole287,SecurityRole288,SecurityRole289,SecurityRole290,SecurityRole291,SecurityRole292,SecurityRole293,SecurityRole294,SecurityRole295,SecurityRole296,SecurityRole297,SecurityRole298,SecurityRole299,SecurityRole300,SecurityRole301,SecurityRole302,SecurityRole303,SecurityRole304,SecurityRole305,SecurityRole306,SecurityRole307,SecurityRole308,SecurityRole309,SecurityRole310,SecurityRole311,SecurityRole312,SecurityRole313,SecurityRole314,SecurityRole315,SecurityRole316,SecurityRole317,SecurityRole318,SecurityRole319,SecurityRole320,SecurityRole321,SecurityRole322,SecurityRole323,SecurityRole324,SecurityRole325,SecurityRole326,SecurityRole327,SecurityRole328,SecurityRole329,SecurityRole330,SecurityRole331,SecurityRole332,SecurityRole333,SecurityRole334,SecurityRole335,SecurityRole336,SecurityRole337,SecurityRole338,SecurityRole339,SecurityRole340,SecurityRole341,SecurityRole342,SecurityRole343,SecurityRole344,SecurityRole345,SecurityRole346,SecurityRole347,SecurityRole348,SecurityRole349,SecurityRole350,SecurityRole351,SecurityRole352,SecurityRole353,SecurityRole354,SecurityRole355,SecurityRole356,SecurityRole357,SecurityRole358,SecurityRole359,SecurityRole360,SecurityRole361,SecurityRole362,SecurityRole363,SecurityRole364,SecurityRole365,SecurityRole366,SecurityRole367,SecurityRole368,SecurityRole369,SecurityRole370,SecurityRole371,SecurityRole372,SecurityRole373,SecurityRole374,SecurityRole375,SecurityRole376,SecurityRole377,SecurityRole378,SecurityRole379,SecurityRole380,SecurityRole381,SecurityRole382,SecurityRole383,SecurityRole384,SecurityRole385,SecurityRole386,SecurityRole387,SecurityRole388,SecurityRole389,SecurityRole390,SecurityRole391,SecurityRole392,SecurityRole393,SecurityRole394,SecurityRole395,SecurityRole396,SecurityRole397,SecurityRole398,SecurityRole399,SecurityRole400,SecurityRole401,SecurityRole402,SecurityRole403,SecurityRole404,SecurityRole405,SecurityRole406,SecurityRole407,SecurityRole408,SecurityRole409,SecurityRole410,SecurityRole411,SecurityRole412,SecurityRole413,SecurityRole414,SecurityRole415,SecurityRole416,SecurityRole417,SecurityRole418,SecurityRole419,SecurityRole420,SecurityRole421,SecurityRole422,SecurityRole423,SecurityRole424,SecurityRole425,SecurityRole426,SecurityRole427,SecurityRole428,SecurityRole429,SecurityRole430,SecurityRole431,SecurityRole432,SecurityRole433,SecurityRole434,SecurityRole435,SecurityRole436,SecurityRole437,SecurityRole438,SecurityRole439,SecurityRole440,SecurityRole441,SecurityRole442,SecurityRole443,SecurityRole444,SecurityRole445,SecurityRole446,SecurityRole447,SecurityRole448,SecurityRole449,SecurityRole450,SecurityRole451,SecurityRole452,SecurityRole453,SecurityRole454,SecurityRole455,SecurityRole456,SecurityRole457,SecurityRole458,SecurityRole459,SecurityRole460,SecurityRole461,SecurityRole462,SecurityRole463,SecurityRole464,SecurityRole465,SecurityRole466,SecurityRole467,SecurityRole468,SecurityRole469,SecurityRole470,SecurityRole471,SecurityRole472,SecurityRole473,SecurityRole474,SecurityRole475,SecurityRole476,SecurityRole477,SecurityRole478,SecurityRole479,SecurityRole480,SecurityRole481,SecurityRole482,SecurityRole483,SecurityRole484,SecurityRole485,SecurityRole486,SecurityRole487,SecurityRole488,SecurityRole489,SecurityRole490,SecurityRole491,SecurityRole492,SecurityRole493,SecurityRole494,SecurityRole495,SecurityRole496,SecurityRole497,SecurityRole498,SecurityRole499,SecurityRole500,SecurityRole501,SecurityRole502,SecurityRole503,SecurityRole504,SecurityRole505,SecurityRole506,SecurityRole507,SecurityRole508,SecurityRole509,SecurityRole510,SecurityRole511,SecurityRole512,SecurityRole513,SecurityRole514,SecurityRole515,SecurityRole516,SecurityRole517,SecurityRole518,SecurityRole519,SecurityRole520,SecurityRole521,SecurityRole522,SecurityRole523,SecurityRole524,SecurityRole525,SecurityRole526,SecurityRole527,SecurityRole528,SecurityRole529,SecurityRole530,SecurityRole531,SecurityRole532,SecurityRole533,SecurityRole534,SecurityRole535,SecurityRole536,SecurityRole537,SecurityRole538,SecurityRole539,SecurityRole540,SecurityRole541,SecurityRole542,SecurityRole543,SecurityRole544,SecurityRole545,SecurityRole546,SecurityRole547,SecurityRole548,SecurityRole549,SecurityRole550,SecurityRole551,SecurityRole552,SecurityRole553,SecurityRole554,SecurityRole555,SecurityRole556,SecurityRole557,SecurityRole558,SecurityRole559,SecurityRole560,SecurityRole561,SecurityRole562,SecurityRole563,SecurityRole564,SecurityRole565,SecurityRole566,SecurityRole567,SecurityRole568,SecurityRole569,SecurityRole570,SecurityRole571,SecurityRole572,SecurityRole573,SecurityRole574,SecurityRole575,SecurityRole576,SecurityRole577,SecurityRole578,SecurityRole579,SecurityRole580,SecurityRole581,SecurityRole582,SecurityRole583,SecurityRole584,SecurityRole585,SecurityRole586,SecurityRole587,SecurityRole588,SecurityRole589,SecurityRole590,SecurityRole591,SecurityRole592,SecurityRole593,SecurityRole594,SecurityRole595,SecurityRole596,SecurityRole597,SecurityRole598,SecurityRole599,SecurityRole600,SecurityRole601,SecurityRole602,SecurityRole603,SecurityRole604,SecurityRole605,SecurityRole606,SecurityRole607,SecurityRole608,SecurityRole609,SecurityRole610,SecurityRole611,SecurityRole612,SecurityRole613,SecurityRole614,SecurityRole615,SecurityRole616,SecurityRole617,SecurityRole618,SecurityRole619,SecurityRole620,SecurityRole621,SecurityRole622,SecurityRole623,SecurityRole624,SecurityRole625,SecurityRole626,SecurityRole627,SecurityRole628,SecurityRole629,SecurityRole630,SecurityRole631,SecurityRole632,SecurityRole633,SecurityRole634,SecurityRole635,SecurityRole636,SecurityRole637,SecurityRole638,SecurityRole639,SecurityRole640,SecurityRole641,FunctionalSecurityRole1,FunctionalSecurityRole2,FunctionalSecurityRole3,FunctionalSecurityRole4,FunctionalSecurityRole5,FunctionalSecurityRole6,FunctionalSecurityRole7,FunctionalSecurityRole8,FunctionalSecurityRole9,FunctionalSecurityRole10,FunctionalSecurityRole11,FunctionalSecurityRole12,FunctionalSecurityRole13,FunctionalSecurityRole14,FunctionalSecurityRole15,FunctionalSecurityRole16,FunctionalSecurityRole17,FunctionalSecurityRole18,FunctionalSecurityRole19,FunctionalSecurityRole20,FunctionalSecurityRole21,FunctionalSecurityRole22,FunctionalSecurityRole23,FunctionalSecurityRole24,FunctionalSecurityRole25,FunctionalSecurityRole26,FunctionalSecurityRole27,FunctionalSecurityRole28,FunctionalSecurityRole29,FunctionalSecurityRole30,FunctionalSecurityRole31,FunctionalSecurityRole32,FunctionalSecurityRole33,FunctionalSecurityRole34,FunctionalSecurityRole35,FunctionalSecurityRole36,FunctionalSecurityRole37,FunctionalSecurityRole38,SecurityAccessProfiles
CSHARMA,Chetan,Sharma,chetan@doppiogroup.com,Mr,Active,,1b45bb7f-6ec1-40bf-8673-660f795f2533,chetan@doppiogroup.com,2023-08-24T10:22:07-07:00,2026-08-17T10:20:10-07:00,chetan@doppiogroup.com,CSHARMA,,,,,,,,UserAdmin,DataAdministrator,AttributeServiceCaller,Infor-SystemAdministrator,IFS-ExternalEntityAdmin,IFS-ReadOnlyUser,IFS-AuditReportUser,IFS-AuditAdministrator,IFS-MonitorReportUser,IFS-MonitorAdministrator,IFS-PasswordAdmin,MingleEnterprise,Infor-SuiteUser,MingleIONEnabled,MingleAdministrator,MingleDataAdministrator,PORTAL-User,PORTAL-ContentAdministrator,GRID-SystemAdministrator,GRID-Viewer,GRID-Administrator,HOMEPAGES-Administrator,HOMEPAGES-ContentAdministrator,HOMEPAGES-User,HOMEPAGES-ContentSupport,IONDeskSecurityAdmin,IONDeskAdmin,IONContentProvider,IONDeskOAuthGenerator,Mingle-LocatorView,IFSAdminContact,IONAPI-Tracing,IONAPI-User,IONAPI-Administrator,DATALAKE-User,DATALAKE-DataAdministrator,DATALAKE-SystemAdministrator,DECISIONSERVICE-Editor,DECISIONSERVICE-Approver,INBOX-PowerUser,SmartHelpUser,IDM-User,IDM-AdvancedUser,IDM-Administrator,IDM-SuperUser,IDM-RelatedInformationUser,IDM-SignatureUser,GDPR-Collaboration-ChiefDataProtectionOfficer,GDPR-Collaboration-DataProtectionOfficer,GDPR-App-Administrator,DATAFABRIC-SuperAdmin,DATAFABRIC-User,ENTERPRISESEARCH-Admin,ENTERPRISESEARCH-User,ENTERPRISESEARCH-PowerUser,M3EC-Administrator,M3EC-User,M3EC-ClientDesigntime,M3-DLSubscriptionAdmin,M3BE-FATAdmin-Exporter,M3UI-StartPageAdministrator,M3UI-DebugUser,M3UI-Administrator,M3UI-USER,M3UI-Designer,M3BDP-Administrator,M3BDP-USER,MASHUP-Administrator,MASHUP-User,IECEC-Administrator,IECEC-User,M3BE-FATAdmin,M3BE-FndAdmin,M3BE-FndUser,M3BE-ServicesAdmin,M3BE-CryptoAdmin,M3BE-ExtensionsAdmin,M3BE-ExtensionsViewer,M3BE-DBViewer,M3BE-DBAdmin,M3BE-FndFlagAdmin,M3BE-FileViewer,M3BE-FileAdmin,M3BE-ConfigAdmin,M3BE-ConfigUser,M3BE-LogEnabler,M3BE-SystemAdministrator,M3BE-DBAdmin-ReadToken,EVENTHUB-Administrator,EVENTHUB-User,M3MDP-USER,M3CE_About_Viewer,M3ENTERPRISESEARCH-Administrator,IPW-User,Birst-SystemAdministrator,Birst-User,MONGOOSE-UG-CoreFormsAdmin,MONGOOSE-UG-CoreFormsDeveloper,MONGOOSE-UG-CoreFormsEndUser,MONGOOSE-UG-CoreIDOs,MONGOOSE-LM-MGCoreAutomation,MONGOOSE-LM-MGCoreTrans,MONGOOSE-LM-MGDataViews,MONGOOSE-LM-MGDeveloper,MONGOOSE-LM-MGUserCreatedForms,MONGOOSE-LM-MGUserCreatedIDOs,MONGOOSE-LM-MGPAAS,MONGOOSE-LM-MGM3InterfaceForms,MONGOOSE-LM-MGM3InterfaceIDOs,MONGOOSE-LM-MGAppBuilder,APPBUILDER-Administrator,APPBUILDER-User,APPBUILDER-Designer,LCLLSP-User,LCLLSP-Admin,LCLLSP-PrivilegedUser,LCLLSP-ServiceAdmin,LCLLSP-AppAdmin,LCLLSP-SupAdmin,LCLLSP-StdAdmin,LCLLSP-StdUser,M3A Administrators,M3A Developers,M3A Procurement,M3A Finance,M3A Production,M3ADISBIRST-Model-Administrator,M3ADISBIRST-Extension-Administrator,M3ADISBIRST-Consumer-Administrator,M3ADISBIRST-User,M3A Warehouse,M3A Default Subject Area,IFSApplicationAdmin,IFS-ShowUserManagementUI,IFS-GroupsAdmin,IFS-GroupsUpdate,IFS-GroupsReadOnlyUser,IFS-ReadOnly,M3MDP-TESTAPI,INBOX-Admin,M3DMP-Contributor,M3UI-Approver,M3A Opportunity Management,IONAPI-Developer,,,,,,,,,,,,,,,,,,,,,,,,,,,,,,,,,,,,,,,,,,,,,,,,,,,,,,,,,,,,,,,,,,,,,,,,,,,,,,,,,,,,,,,,,,,,,,,,,,,,,,,,,,,,,,,,,,,,,,,,,,,,,,,,,,,,,,,,,,,,,,,,,,,,,,,,,,,,,,,,,,,,,,,,,,,,,,,,,,,,,,,,,,,,,,,,,,,,,,,,,,,,,,,,,,,,,,,,,,,,,,,,,,,,,,,,,,,,,,,,,,,,,,,,,,,,,,,,,,,,,,,,,,,,,,,,,,,,,,,,,,,,,,,,,,,,,,,,,,,,,,,,,,,,,,,,,,,,,,,,,,,,,,,,,,,,,,,,,,,,,,,,,,,,,,,,,,,,,,,,,,,,,,,,,,,,,,,,,,,,,,,,,,,,,,,,,,,,,,,,,,,,,,,,,,,,,,,,,,,,,,,,,,,,,,,,,,,,,,,,,,,,,,,,,,,,,,,,,,,,,,,,,,,,,,,,,,,,,,,,,,,,,,,,,,,,,,,,,,,,,,,,,,,,,,,,,,,,,,,,,,,,,,,,,,,,,,,,
SDWADASI,Sravan,Dwadasi,sravan@doppiogroup.com,Sravan,Active,,38055641-2dc0-4e4a-8eec-eaf1755b3d6d,sravan@doppiogroup.com,2023-08-25T09:01:16-07:00,2023-10-05T09:45:44-07:00,sravan@doppiogroup.com,SDWADASI,,,,,,,,UserAdmin,DataAdministrator,Infor-SystemAdministrator,IFS-ExternalEntityAdmin,IFS-ReadOnlyUser,IFS-AuditReportUser,IFS-AuditAdministrator,IFS-MonitorReportUser,IFS-MonitorAdministrator,IFS-PasswordAdmin,MingleEnterprise,Infor-SuiteUser,MingleIONEnabled,MingleAdministrator,MingleDataAdministrator,PORTAL-User,PORTAL-ContentAdministrator,GRID-SystemAdministrator,GRID-Viewer,GRID-Administrator,HOMEPAGES-Administrator,HOMEPAGES-ContentAdministrator,HOMEPAGES-User,HOMEPAGES-ContentSupport,IONDeskSecurityAdmin,IONDeskAdmin,IONContentProvider,IONDeskOAuthGenerator,Mingle-LocatorView,IFSAdminContact,IONAPI-Tracing,IONAPI-User,IONAPI-Administrator,DATALAKE-User,DATALAKE-DataAdministrator,DATALAKE-SystemAdministrator,DECISIONSERVICE-Editor,DECISIONSERVICE-Approver,INBOX-PowerUser,SmartHelpUser,IDM-User,IDM-AdvancedUser,IDM-Administrator,IDM-SuperUser,IDM-RelatedInformationUser,IDM-SignatureUser,GDPR-Collaboration-ChiefDataProtectionOfficer,GDPR-Collaboration-DataProtectionOfficer,GDPR-App-Administrator,DATAFABRIC-SuperAdmin,DATAFABRIC-User,ENTERPRISESEARCH-Admin,ENTERPRISESEARCH-User,ENTERPRISESEARCH-PowerUser,M3EC-Administrator,M3EC-User,M3EC-ClientDesigntime,M3-DLSubscriptionAdmin,M3BE-FATAdmin-Exporter,M3UI-StartPageAdministrator,M3UI-DebugUser,M3UI-Administrator,M3UI-USER,M3UI-Designer,M3BDP-Administrator,M3BDP-USER,MASHUP-Administrator,MASHUP-User,IECEC-Administrator,IECEC-User,M3BE-FATAdmin,M3BE-FndAdmin,M3BE-FndUser,M3BE-ServicesAdmin,M3BE-CryptoAdmin,M3BE-ExtensionsAdmin,M3BE-ExtensionsViewer,M3BE-DBViewer,M3BE-DBAdmin,M3BE-FndFlagAdmin,M3BE-FileViewer,M3BE-FileAdmin,M3BE-ConfigAdmin,M3BE-ConfigUser,M3BE-LogEnabler,M3BE-SystemAdministrator,M3BE-DBAdmin-ReadToken,EVENTHUB-Administrator,EVENTHUB-User,M3MDP-USER,M3CE_About_Viewer,M3ENTERPRISESEARCH-Administrator,IPW-User,Birst-SystemAdministrator,Birst-User,MONGOOSE-UG-CoreFormsAdmin,MONGOOSE-UG-CoreFormsDeveloper,MONGOOSE-UG-CoreFormsEndUser,MONGOOSE-UG-CoreIDOs,MONGOOSE-LM-MGCoreAutomation,MONGOOSE-LM-MGCoreTrans,MONGOOSE-LM-MGDataViews,MONGOOSE-LM-MGDeveloper,MONGOOSE-LM-MGUserCreatedForms,MONGOOSE-LM-MGUserCreatedIDOs,MONGOOSE-LM-MGPAAS,MONGOOSE-LM-MGM3InterfaceForms,MONGOOSE-LM-MGM3InterfaceIDOs,MONGOOSE-LM-MGAppBuilder,APPBUILDER-Administrator,APPBUILDER-User,APPBUILDER-Designer,LCLLSP-User,LCLLSP-Admin,LCLLSP-PrivilegedUser,LCLLSP-ServiceAdmin,LCLLSP-AppAdmin,LCLLSP-SupAdmin,LCLLSP-StdAdmin,LCLLSP-StdUser,M3A Administrators,M3A Developers,M3A Procurement,M3A Finance,M3A Production,M3ADISBIRST-Model-Administrator,M3ADISBIRST-Extension-Administrator,M3ADISBIRST-Consumer-Administrator,M3ADISBIRST-User,M3A Warehouse,M3A Default Subject Area,IFSApplicationAdmin,IFS-ShowUserManagementUI,IFS-GroupsAdmin,IFS-GroupsUpdate,IFS-GroupsReadOnlyUser,IFS-ReadOnly,M3MDP-TESTAPI,INBOX-Admin,M3DMP-Contributor,M3UI-Approver,M3A Opportunity Management,IONAPI-Developer,M3CPW-User,IAD-DataMaintainer,IAD-Designer,IAD-Publisher,IAD-TemplateBuilder,,,,,,,,,,,,,,,,,,,,,,,,,,,,,,,,,,,,,,,,,,,,,,,,,,,,,,,,,,,,,,,,,,,,,,,,,,,,,,,,,,,,,,,,,,,,,,,,,,,,,,,,,,,,,,,,,,,,,,,,,,,,,,,,,,,,,,,,,,,,,,,,,,,,,,,,,,,,,,,,,,,,,,,,,,,,,,,,,,,,,,,,,,,,,,,,,,,,,,,,,,,,,,,,,,,,,,,,,,,,,,,,,,,,,,,,,,,,,,,,,,,,,,,,,,,,,,,,,,,,,,,,,,,,,,,,,,,,,,,,,,,,,,,,,,,,,,,,,,,,,,,,,,,,,,,,,,,,,,,,,,,,,,,,,,,,,,,,,,,,,,,,,,,,,,,,,,,,,,,,,,,,,,,,,,,,,,,,,,,,,,,,,,,,,,,,,,,,,,,,,,,,,,,,,,,,,,,,,,,,,,,,,,,,,,,,,,,,,,,,,,,,,,,,,,,,,,,,,,,,,,,,,,,,,,,,,,,,,,,,,,,,,,,,,,,,,,,,,,,,,,,,,,,,,,,,,,,,,,,,,,,,,,,,,,,,
MDAMMANN,Morgan,Dammann,morgan@doppiogroup.com,Consultant,Active,,bcb18546-89d3-4793-aa78-897d96f93511,morgan@doppiogroup.com,2023-09-07T08:35:33-07:00,2023-09-07T09:07:57-07:00,morgan@doppiogroup.com,MDAMMANN,,,,,,,,UserAdmin,DataAdministrator,Infor-SystemAdministrator,IFS-ExternalEntityAdmin,IFS-ReadOnlyUser,IFS-AuditReportUser,IFS-AuditAdministrator,IFS-MonitorReportUser,IFS-MonitorAdministrator,IFS-PasswordAdmin,MingleEnterprise,Infor-SuiteUser,MingleIONEnabled,MingleAdministrator,MingleDataAdministrator,PORTAL-User,PORTAL-ContentAdministrator,GRID-SystemAdministrator,GRID-Viewer,GRID-Administrator,HOMEPAGES-Administrator,HOMEPAGES-ContentAdministrator,HOMEPAGES-User,HOMEPAGES-ContentSupport,IONDeskSecurityAdmin,IONDeskAdmin,IONContentProvider,IONDeskOAuthGenerator,Mingle-LocatorView,IFSAdminContact,IONAPI-Tracing,IONAPI-User,IONAPI-Administrator,DATALAKE-User,DATALAKE-DataAdministrator,DATALAKE-SystemAdministrator,DECISIONSERVICE-Editor,DECISIONSERVICE-Approver,INBOX-PowerUser,SmartHelpUser,IDM-User,IDM-AdvancedUser,IDM-Administrator,IDM-SuperUser,IDM-RelatedInformationUser,IDM-SignatureUser,GDPR-Collaboration-ChiefDataProtectionOfficer,GDPR-Collaboration-DataProtectionOfficer,GDPR-App-Administrator,DATAFABRIC-SuperAdmin,DATAFABRIC-User,ENTERPRISESEARCH-Admin,ENTERPRISESEARCH-User,ENTERPRISESEARCH-PowerUser,M3EC-Administrator,M3EC-User,M3EC-ClientDesigntime,M3-DLSubscriptionAdmin,M3BE-FATAdmin-Exporter,M3UI-StartPageAdministrator,M3UI-DebugUser,M3UI-Administrator,M3UI-USER,M3UI-Designer,M3BDP-Administrator,M3BDP-USER,MASHUP-Administrator,MASHUP-User,IECEC-Administrator,IECEC-User,M3BE-FATAdmin,M3BE-FndAdmin,M3BE-FndUser,M3BE-ServicesAdmin,M3BE-CryptoAdmin,M3BE-ExtensionsAdmin,M3BE-ExtensionsViewer,M3BE-DBViewer,M3BE-DBAdmin,M3BE-FndFlagAdmin,M3BE-FileViewer,M3BE-FileAdmin,M3BE-ConfigAdmin,M3BE-ConfigUser,M3BE-LogEnabler,M3BE-SystemAdministrator,M3BE-DBAdmin-ReadToken,EVENTHUB-Administrator,EVENTHUB-User,M3MDP-USER,M3CE_About_Viewer,M3ENTERPRISESEARCH-Administrator,IPW-User,Birst-SystemAdministrator,Birst-User,MONGOOSE-UG-CoreFormsAdmin,MONGOOSE-UG-CoreFormsDeveloper,MONGOOSE-UG-CoreFormsEndUser,MONGOOSE-UG-CoreIDOs,MONGOOSE-LM-MGCoreAutomation,MONGOOSE-LM-MGCoreTrans,MONGOOSE-LM-MGDataViews,MONGOOSE-LM-MGDeveloper,MONGOOSE-LM-MGUserCreatedForms,MONGOOSE-LM-MGUserCreatedIDOs,MONGOOSE-LM-MGPAAS,MONGOOSE-LM-MGM3InterfaceForms,MONGOOSE-LM-MGM3InterfaceIDOs,MONGOOSE-LM-MGAppBuilder,APPBUILDER-Administrator,APPBUILDER-User,APPBUILDER-Designer,LCLLSP-User,LCLLSP-Admin,LCLLSP-PrivilegedUser,LCLLSP-ServiceAdmin,LCLLSP-AppAdmin,LCLLSP-SupAdmin,LCLLSP-StdAdmin,LCLLSP-StdUser,M3A Administrators,M3A Developers,M3A Procurement,M3A Finance,M3A Production,M3ADISBIRST-Model-Administrator,M3ADISBIRST-Extension-Administrator,M3ADISBIRST-Consumer-Administrator,M3ADISBIRST-User,M3A Warehouse,M3A Default Subject Area,IFSApplicationAdmin,IFS-ShowUserManagementUI,IFS-GroupsAdmin,IFS-GroupsUpdate,IFS-GroupsReadOnlyUser,IFS-ReadOnly,M3MDP-TESTAPI,INBOX-Admin,M3DMP-Contributor,M3UI-Approver,M3A Opportunity Management,IONAPI-Developer,,,,,,,,,,,,,,,,,,,,,,,,,,,,,,,,,,,,,,,,,,,,,,,,,,,,,,,,,,,,,,,,,,,,,,,,,,,,,,,,,,,,,,,,,,,,,,,,,,,,,,,,,,,,,,,,,,,,,,,,,,,,,,,,,,,,,,,,,,,,,,,,,,,,,,,,,,,,,,,,,,,,,,,,,,,,,,,,,,,,,,,,,,,,,,,,,,,,,,,,,,,,,,,,,,,,,,,,,,,,,,,,,,,,,,,,,,,,,,,,,,,,,,,,,,,,,,,,,,,,,,,,,,,,,,,,,,,,,,,,,,,,,,,,,,,,,,,,,,,,,,,,,,,,,,,,,,,,,,,,,,,,,,,,,,,,,,,,,,,,,,,,,,,,,,,,,,,,,,,,,,,,,,,,,,,,,,,,,,,,,,,,,,,,,,,,,,,,,,,,,,,,,,,,,,,,,,,,,,,,,,,,,,,,,,,,,,,,,,,,,,,,,,,,,,,,,,,,,,,,,,,,,,,,,,,,,,,,,,,,,,,,,,,,,,,,,,,,,,,,,,,,,,,,,,,,,,,,,,,,,,,,,,,,,,,,,,,,,
MRAMOS,Marc,Ramos,marc@doppiogroup.com,Consultant,Active,,ce5877ab-af51-45ad-8022-8e46ab95ace4,marc@doppiogroup.com,2023-10-05T08:34:02-07:00,2026-03-06T13:11:24-08:00,marc@doppiogroup.com,MRAMOS,,,,,,,,UserAdmin,DataAdministrator,Infor-SystemAdministrator,IFS-ExternalEntityAdmin,IFS-ReadOnlyUser,IFS-AuditReportUser,IFS-AuditAdministrator,IFS-MonitorReportUser,IFS-MonitorAdministrator,IFS-PasswordAdmin,MingleEnterprise,Infor-SuiteUser,MingleIONEnabled,MingleAdministrator,MingleDataAdministrator,PORTAL-User,PORTAL-ContentAdministrator,GRID-SystemAdministrator,GRID-Viewer,GRID-Administrator,HOMEPAGES-Administrator,HOMEPAGES-ContentAdministrator,HOMEPAGES-User,HOMEPAGES-ContentSupport,IONDeskSecurityAdmin,IONDeskAdmin,IONContentProvider,IONDeskOAuthGenerator,Mingle-LocatorView,IFSAdminContact,IONAPI-Tracing,IONAPI-User,IONAPI-Administrator,DATALAKE-User,DATALAKE-DataAdministrator,DATALAKE-SystemAdministrator,DECISIONSERVICE-Editor,DECISIONSERVICE-Approver,INBOX-PowerUser,SmartHelpUser,IDM-User,IDM-AdvancedUser,IDM-Administrator,IDM-SuperUser,IDM-RelatedInformationUser,IDM-SignatureUser,GDPR-Collaboration-ChiefDataProtectionOfficer,GDPR-Collaboration-DataProtectionOfficer,GDPR-App-Administrator,DATAFABRIC-SuperAdmin,DATAFABRIC-User,ENTERPRISESEARCH-Admin,ENTERPRISESEARCH-User,ENTERPRISESEARCH-PowerUser,M3EC-Administrator,M3EC-User,M3EC-ClientDesigntime,M3-DLSubscriptionAdmin,M3BE-FATAdmin-Exporter,M3UI-StartPageAdministrator,M3UI-DebugUser,M3UI-Administrator,M3UI-USER,M3UI-Designer,M3BDP-Administrator,M3BDP-USER,MASHUP-Administrator,MASHUP-User,IECEC-Administrator,IECEC-User,M3BE-FATAdmin,M3BE-FndAdmin,M3BE-FndUser,M3BE-ServicesAdmin,M3BE-CryptoAdmin,M3BE-ExtensionsAdmin,M3BE-ExtensionsViewer,M3BE-DBViewer,M3BE-DBAdmin,M3BE-FndFlagAdmin,M3BE-FileViewer,M3BE-FileAdmin,M3BE-ConfigAdmin,M3BE-ConfigUser,M3BE-LogEnabler,M3BE-SystemAdministrator,M3BE-DBAdmin-ReadToken,EVENTHUB-Administrator,EVENTHUB-User,M3MDP-USER,M3CE_About_Viewer,M3ENTERPRISESEARCH-Administrator,IPW-User,Birst-SystemAdministrator,Birst-User,MONGOOSE-UG-CoreFormsAdmin,MONGOOSE-UG-CoreFormsDeveloper,MONGOOSE-UG-CoreFormsEndUser,MONGOOSE-UG-CoreIDOs,MONGOOSE-LM-MGCoreAutomation,MONGOOSE-LM-MGCoreTrans,MONGOOSE-LM-MGDataViews,MONGOOSE-LM-MGDeveloper,MONGOOSE-LM-MGUserCreatedForms,MONGOOSE-LM-MGUserCreatedIDOs,MONGOOSE-LM-MGPAAS,MONGOOSE-LM-MGM3InterfaceForms,MONGOOSE-LM-MGM3InterfaceIDOs,MONGOOSE-LM-MGAppBuilder,APPBUILDER-Administrator,APPBUILDER-User,APPBUILDER-Designer,LCLLSP-User,LCLLSP-Admin,LCLLSP-PrivilegedUser,LCLLSP-ServiceAdmin,LCLLSP-AppAdmin,LCLLSP-SupAdmin,LCLLSP-StdAdmin,LCLLSP-StdUser,M3A Administrators,M3A Developers,M3A Procurement,M3A Finance,M3A Production,M3ADISBIRST-Model-Administrator,M3ADISBIRST-Extension-Administrator,M3ADISBIRST-Consumer-Administrator,M3ADISBIRST-User,M3A Warehouse,M3A Default Subject Area,IFSApplicationAdmin,IFS-ShowUserManagementUI,IFS-GroupsAdmin,IFS-GroupsUpdate,IFS-GroupsReadOnlyUser,IFS-ReadOnly,M3MDP-TESTAPI,INBOX-Admin,M3DMP-Contributor,M3UI-Approver,M3A Opportunity Management,IONAPI-Developer,M3CPW-User,IAD-DataMaintainer,IAD-Designer,IAD-Publisher,IAD-TemplateBuilder,M3ACM-User,M3ACM-Viewer,IPI-ModelerAdmin,IPI-ModelerViewer,IPI-ModelerDesigner,PORTAL-ContentPublisher,M3BE-PowerUser,M3BE-LicenseType1,M3BE-LicenseType2,M3BE-LicenseType3,M3BE-LicenseType6-FT,M3BE-LicenseType6-SHUB,M3HealthService-Administrator,IONAPI-BaaS-Administrator,IONAPI-BaaS-DataAdministrator,IONAPI-BaaS-Developer,IONAPI-BaaS-User,M3BE-DBUpdater,DATAFABRIC-HealthServiceAdmin,PORTAL-AnnouncementAdministrator,M3BE-DBAdmin-PrdToken,M3BE-LicenseType4,SMARTHELP-Administrator,,,,,,,,,,,,,,,,,,,,,,,,,,,,,,,,,,,,,,,,,,,,,,,,,,,,,,,,,,,,,,,,,,,,,,,,,,,,,,,,,,,,,,,,,,,,,,,,,,,,,,,,,,,,,,,,,,,,,,,,,,,,,,,,,,,,,,,,,,,,,,,,,,,,,,,,,,,,,,,,,,,,,,,,,,,,,,,,,,,,,,,,,,,,,,,,,,,,,,,,,,,,,,,,,,,,,,,,,,,,,,,,,,,,,,,,,,,,,,,,,,,,,,,,,,,,,,,,,,,,,,,,,,,,,,,,,,,,,,,,,,,,,,,,,,,,,,,,,,,,,,,,,,,,,,,,,,,,,,,,,,,,,,,,,,,,,,,,,,,,,,,,,,,,,,,,,,,,,,,,,,,,,,,,,,,,,,,,,,,,,,,,,,,,,,,,,,,,,,,,,,,,,,,,,,,,,,,,,,,,,,,,,,,,,,,,,,,,,,,,,,,,,,,,,,,,,,,,,,,,,,,,,,,,,,,,,,,,,,,,,,,,,,,,,,,,,,,,,,,,,,,,,,,,,
RHALILI,Romel,Halili,romel.halili@chcheli.com,Global SDM,Active,,9083fcca-a340-475f-967f-46b4703c47ff,romel.halili@chcheli.com,2023-10-19T13:22:36-07:00,2026-04-24T14:31:33-07:00,romel.halili@chcheli.com,RHALILI,,,,,,,,MingleEnterprise,Infor-SuiteUser,MingleIONEnabled,HOMEPAGES-User,IDM-User,IDM-RelatedInformationUser,M3UI-USER,MASHUP-User,SRAPS111CLRW,,,,,,,,,,,,,,,,,,,,,,,,,,,,,,,,,,,,,,,,,,,,,,,,,,,,,,,,,,,,,,,,,,,,,,,,,,,,,,,,,,,,,,,,,,,,,,,,,,,,,,,,,,,,,,,,,,,,,,,,,,,,,,,,,,,,,,,,,,,,,,,,,,,,,,,,,,,,,,,,,,,,,,,,,,,,,,,,,,,,,,,,,,,,,,,,,,,,,,,,,,,,,,,,,,,,,,,,,,,,,,,,,,,,,,,,,,,,,,,,,,,,,,,,,,,,,,,,,,,,,,,,,,,,,,,,,,,,,,,,,,,,,,,,,,,,,,,,,,,,,,,,,,,,,,,,,,,,,,,,,,,,,,,,,,,,,,,,,,,,,,,,,,,,,,,,,,,,,,,,,,,,,,,,,,,,,,,,,,,,,,,,,,,,,,,,,,,,,,,,,,,,,,,,,,,,,,,,,,,,,,,,,,,,,,,,,,,,,,,,,,,,,,,,,,,,,,,,,,,,,,,,,,,,,,,,,,,,,,,,,,,,,,,,,,,,,,,,,,,,,,,,,,,,,,,,,,,,,,,,,,,,,,,,,,,,,,,,,,,,,,,,,,,,,,,,,,,,,,,,,,,,,,,,,,,,,,,,,,,,,,,,,,,,,,,,,,,,,,,,,,,,,,,,,,,,,,,,,,,,,,,,,,,,,,,,,,,,,,,,,,,,,,,,,,,,,,,,,,,,,,,,,,,,,,,
JOLIN,Johnny,Lin,Johnny.Lin@chcheli.com,Director Corporate FP&A,Active,,de3e3ca0-997d-4f05-b8cc-0252e8538664,Johnny.Lin@chcheli.com,2023-11-13T14:57:03-08:00,2023-11-22T08:36:46-08:00,Johnny.Lin@chcheli.com,JOLIN,,,,,,,,MingleEnterprise,Infor-SuiteUser,MingleIONEnabled,HOMEPAGES-User,IDM-User,IDM-RelatedInformationUser,M3UI-USER,MASHUP-User,,,,,,,,,,,,,,,,,,,,,,,,,,,,,,,,,,,,,,,,,,,,,,,,,,,,,,,,,,,,,,,,,,,,,,,,,,,,,,,,,,,,,,,,,,,,,,,,,,,,,,,,,,,,,,,,,,,,,,,,,,,,,,,,,,,,,,,,,,,,,,,,,,,,,,,,,,,,,,,,,,,,,,,,,,,,,,,,,,,,,,,,,,,,,,,,,,,,,,,,,,,,,,,,,,,,,,,,,,,,,,,,,,,,,,,,,,,,,,,,,,,,,,,,,,,,,,,,,,,,,,,,,,,,,,,,,,,,,,,,,,,,,,,,,,,,,,,,,,,,,,,,,,,,,,,,,,,,,,,,,,,,,,,,,,,,,,,,,,,,,,,,,,,,,,,,,,,,,,,,,,,,,,,,,,,,,,,,,,,,,,,,,,,,,,,,,,,,,,,,,,,,,,,,,,,,,,,,,,,,,,,,,,,,,,,,,,,,,,,,,,,,,,,,,,,,,,,,,,,,,,,,,,,,,,,,,,,,,,,,,,,,,,,,,,,,,,,,,,,,,,,,,,,,,,,,,,,,,,,,,,,,,,,,,,,,,,,,,,,,,,,,,,,,,,,,,,,,,,,,,,,,,,,,,,,,,,,,,,,,,,,,,,,,,,,,,,,,,,,,,,,,,,,,,,,,,,,,,,,,,,,,,,,,,,,,,,,,,,,,,,,,,,,,,,,,,,,,,,,,,,,,,,,,,,,,
EMITCHELL,Elaine,Mitchell,Elaine.Mitchell@chcheli.com,AP Manager,Active,,8e3295f8-5c7f-4213-8cd1-b3df4221e6c9,Elaine.Mitchell@chcheli.com,2023-11-13T14:57:03-08:00,2024-09-16T08:39:13-07:00,Elaine.Mitchell@chcheli.com,EMITCHELL,,,,,,,,MingleEnterprise,Infor-SuiteUser,MingleIONEnabled,HOMEPAGES-User,IDM-User,IDM-RelatedInformationUser,M3UI-USER,MASHUP-User,,,,,,,,,,,,,,,,,,,,,,,,,,,,,,,,,,,,,,,,,,,,,,,,,,,,,,,,,,,,,,,,,,,,,,,,,,,,,,,,,,,,,,,,,,,,,,,,,,,,,,,,,,,,,,,,,,,,,,,,,,,,,,,,,,,,,,,,,,,,,,,,,,,,,,,,,,,,,,,,,,,,,,,,,,,,,,,,,,,,,,,,,,,,,,,,,,,,,,,,,,,,,,,,,,,,,,,,,,,,,,,,,,,,,,,,,,,,,,,,,,,,,,,,,,,,,,,,,,,,,,,,,,,,,,,,,,,,,,,,,,,,,,,,,,,,,,,,,,,,,,,,,,,,,,,,,,,,,,,,,,,,,,,,,,,,,,,,,,,,,,,,,,,,,,,,,,,,,,,,,,,,,,,,,,,,,,,,,,,,,,,,,,,,,,,,,,,,,,,,,,,,,,,,,,,,,,,,,,,,,,,,,,,,,,,,,,,,,,,,,,,,,,,,,,,,,,,,,,,,,,,,,,,,,,,,,,,,,,,,,,,,,,,,,,,,,,,,,,,,,,,,,,,,,,,,,,,,,,,,,,,,,,,,,,,,,,,,,,,,,,,,,,,,,,,,,,,,,,,,,,,,,,,,,,,,,,,,,,,,,,,,,,,,,,,,,,,,,,,,,,,,,,,,,,,,,,,,,,,,,,,,,,,,,,,,,,,,,,,,,,,,,,,,,,,,,,,,,,,,,,,,,,,,,,,,
DANMACLEAN,Daniel,Maclean,Daniel.MacLean@chcheli.com,Accountant,Active,,ddcbf991-a1d7-40f3-9000-074cb8edad2b,Daniel.MacLean@chcheli.com,2023-11-13T14:57:03-08:00,2026-06-05T07:25:40-07:00,Daniel.MacLean@chcheli.com,DANMACLEAN,,,,,,,,MingleEnterprise,Infor-SuiteUser,MingleIONEnabled,HOMEPAGES-User,IDM-User,IDM-RelatedInformationUser,M3UI-USER,MASHUP-User,,,,,,,,,,,,,,,,,,,,,,,,,,,,,,,,,,,,,,,,,,,,,,,,,,,,,,,,,,,,,,,,,,,,,,,,,,,,,,,,,,,,,,,,,,,,,,,,,,,,,,,,,,,,,,,,,,,,,,,,,,,,,,,,,,,,,,,,,,,,,,,,,,,,,,,,,,,,,,,,,,,,,,,,,,,,,,,,,,,,,,,,,,,,,,,,,,,,,,,,,,,,,,,,,,,,,,,,,,,,,,,,,,,,,,,,,,,,,,,,,,,,,,,,,,,,,,,,,,,,,,,,,,,,,,,,,,,,,,,,,,,,,,,,,,,,,,,,,,,,,,,,,,,,,,,,,,,,,,,,,,,,,,,,,,,,,,,,,,,,,,,,,,,,,,,,,,,,,,,,,,,,,,,,,,,,,,,,,,,,,,,,,,,,,,,,,,,,,,,,,,,,,,,,,,,,,,,,,,,,,,,,,,,,,,,,,,,,,,,,,,,,,,,,,,,,,,,,,,,,,,,,,,,,,,,,,,,,,,,,,,,,,,,,,,,,,,,,,,,,,,,,,,,,,,,,,,,,,,,,,,,,,,,,,,,,,,,,,,,,,,,,,,,,,,,,,,,,,,,,,,,,,,,,,,,,,,,,,,,,,,,,,,,,,,,,,,,,,,,,,,,,,,,,,,,,,,,,,,,,,,,,,,,,,,,,,,,,,,,,,,,,,,,,,,,,,,,,,,,,,,,,,,,,,,,,
NPARK,NICOLA,WATSON,nicola.watson@chcheli.com,MRS,Active,,2385f62d-69c8-4c42-9132-8c2ce8979fe9,nicola.watson@chcheli.com,2024-03-12T06:47:40-07:00,2026-06-05T05:08:55-07:00,nicola.watson@chcheli.com,NPARK,,,,,,,,MingleEnterprise,Infor-SuiteUser,MingleIONEnabled,HOMEPAGES-User,IDM-User,IDM-RelatedInformationUser,M3UI-USER,MASHUP-User,,,,,,,,,,,,,,,,,,,,,,,,,,,,,,,,,,,,,,,,,,,,,,,,,,,,,,,,,,,,,,,,,,,,,,,,,,,,,,,,,,,,,,,,,,,,,,,,,,,,,,,,,,,,,,,,,,,,,,,,,,,,,,,,,,,,,,,,,,,,,,,,,,,,,,,,,,,,,,,,,,,,,,,,,,,,,,,,,,,,,,,,,,,,,,,,,,,,,,,,,,,,,,,,,,,,,,,,,,,,,,,,,,,,,,,,,,,,,,,,,,,,,,,,,,,,,,,,,,,,,,,,,,,,,,,,,,,,,,,,,,,,,,,,,,,,,,,,,,,,,,,,,,,,,,,,,,,,,,,,,,,,,,,,,,,,,,,,,,,,,,,,,,,,,,,,,,,,,,,,,,,,,,,,,,,,,,,,,,,,,,,,,,,,,,,,,,,,,,,,,,,,,,,,,,,,,,,,,,,,,,,,,,,,,,,,,,,,,,,,,,,,,,,,,,,,,,,,,,,,,,,,,,,,,,,,,,,,,,,,,,,,,,,,,,,,,,,,,,,,,,,,,,,,,,,,,,,,,,,,,,,,,,,,,,,,,,,,,,,,,,,,,,,,,,,,,,,,,,,,,,,,,,,,,,,,,,,,,,,,,,,,,,,,,,,,,,,,,,,,,,,,,,,,,,,,,,,,,,,,,,,,,,,,,,,,,,,,,,,,,,,,,,,,,,,,,,,,,,,,,,,,,,,,,,,,
f6ab46bc-470f-47e1-b566-92382052bb51,Aleksander,Sirnes,aleksander.sirnes@chcheli.com,,Active,,f6ab46bc-470f-47e1-b566-92382052bb51,aleksander.sirnes@chcheli.com,2024-03-12T06:47:40-07:00,,aleksander.sirnes@chcheli.com,ASIRNES,,,,,,,,MingleEnterprise,Infor-SuiteUser,MingleIONEnabled,HOMEPAGES-User,IDM-User,IDM-RelatedInformationUser,M3UI-USER,MASHUP-User,,,,,,,,,,,,,,,,,,,,,,,,,,,,,,,,,,,,,,,,,,,,,,,,,,,,,,,,,,,,,,,,,,,,,,,,,,,,,,,,,,,,,,,,,,,,,,,,,,,,,,,,,,,,,,,,,,,,,,,,,,,,,,,,,,,,,,,,,,,,,,,,,,,,,,,,,,,,,,,,,,,,,,,,,,,,,,,,,,,,,,,,,,,,,,,,,,,,,,,,,,,,,,,,,,,,,,,,,,,,,,,,,,,,,,,,,,,,,,,,,,,,,,,,,,,,,,,,,,,,,,,,,,,,,,,,,,,,,,,,,,,,,,,,,,,,,,,,,,,,,,,,,,,,,,,,,,,,,,,,,,,,,,,,,,,,,,,,,,,,,,,,,,,,,,,,,,,,,,,,,,,,,,,,,,,,,,,,,,,,,,,,,,,,,,,,,,,,,,,,,,,,,,,,,,,,,,,,,,,,,,,,,,,,,,,,,,,,,,,,,,,,,,,,,,,,,,,,,,,,,,,,,,,,,,,,,,,,,,,,,,,,,,,,,,,,,,,,,,,,,,,,,,,,,,,,,,,,,,,,,,,,,,,,,,,,,,,,,,,,,,,,,,,,,,,,,,,,,,,,,,,,,,,,,,,,,,,,,,,,,,,,,,,,,,,,,,,,,,,,,,,,,,,,,,,,,,,,,,,,,,,,,,,,,,,,,,,,,,,,,,,,,,,,,,,,,,,,,,,,,,,,,,,,,,,,
JGUDMESTAD,Jorunn,Gudmestad,jorunn.gudmestad@chcheli.com,Economy Accountant,Active,,90315e32-78d6-4ef3-8995-f74068a73bbd,jorunn.gudmestad@chcheli.com,2024-03-12T06:47:41-07:00,2024-03-13T00:58:43-07:00,jorunn.gudmestad@chcheli.com,JGUDMESTAD,,,,,,,,MingleEnterprise,Infor-SuiteUser,MingleIONEnabled,HOMEPAGES-User,IDM-User,IDM-RelatedInformationUser,M3UI-USER,MASHUP-User,,,,,,,,,,,,,,,,,,,,,,,,,,,,,,,,,,,,,,,,,,,,,,,,,,,,,,,,,,,,,,,,,,,,,,,,,,,,,,,,,,,,,,,,,,,,,,,,,,,,,,,,,,,,,,,,,,,,,,,,,,,,,,,,,,,,,,,,,,,,,,,,,,,,,,,,,,,,,,,,,,,,,,,,,,,,,,,,,,,,,,,,,,,,,,,,,,,,,,,,,,,,,,,,,,,,,,,,,,,,,,,,,,,,,,,,,,,,,,,,,,,,,,,,,,,,,,,,,,,,,,,,,,,,,,,,,,,,,,,,,,,,,,,,,,,,,,,,,,,,,,,,,,,,,,,,,,,,,,,,,,,,,,,,,,,,,,,,,,,,,,,,,,,,,,,,,,,,,,,,,,,,,,,,,,,,,,,,,,,,,,,,,,,,,,,,,,,,,,,,,,,,,,,,,,,,,,,,,,,,,,,,,,,,,,,,,,,,,,,,,,,,,,,,,,,,,,,,,,,,,,,,,,,,,,,,,,,,,,,,,,,,,,,,,,,,,,,,,,,,,,,,,,,,,,,,,,,,,,,,,,,,,,,,,,,,,,,,,,,,,,,,,,,,,,,,,,,,,,,,,,,,,,,,,,,,,,,,,,,,,,,,,,,,,,,,,,,,,,,,,,,,,,,,,,,,,,,,,,,,,,,,,,,,,,,,,,,,,,,,,,,,,,,,,,,,,,,,,,,,,,,,,,,,,,,,
EICAMPBE,Eilidh,Campbell,Eilidh.Campbell@chcheli.com,Miss,Active,,cdf073c1-56de-41b2-ac26-b1716434be7f,Eilidh.Campbell@chcheli.com,2024-03-12T06:48:09-07:00,2026-04-22T06:33:59-07:00,Eilidh.Campbell@chcheli.com,EICAMPBE,,,,,,,,MingleEnterprise,Infor-SuiteUser,MingleIONEnabled,HOMEPAGES-User,IDM-User,IDM-RelatedInformationUser,M3UI-USER,MASHUP-User,,,,,,,,,,,,,,,,,,,,,,,,,,,,,,,,,,,,,,,,,,,,,,,,,,,,,,,,,,,,,,,,,,,,,,,,,,,,,,,,,,,,,,,,,,,,,,,,,,,,,,,,,,,,,,,,,,,,,,,,,,,,,,,,,,,,,,,,,,,,,,,,,,,,,,,,,,,,,,,,,,,,,,,,,,,,,,,,,,,,,,,,,,,,,,,,,,,,,,,,,,,,,,,,,,,,,,,,,,,,,,,,,,,,,,,,,,,,,,,,,,,,,,,,,,,,,,,,,,,,,,,,,,,,,,,,,,,,,,,,,,,,,,,,,,,,,,,,,,,,,,,,,,,,,,,,,,,,,,,,,,,,,,,,,,,,,,,,,,,,,,,,,,,,,,,,,,,,,,,,,,,,,,,,,,,,,,,,,,,,,,,,,,,,,,,,,,,,,,,,,,,,,,,,,,,,,,,,,,,,,,,,,,,,,,,,,,,,,,,,,,,,,,,,,,,,,,,,,,,,,,,,,,,,,,,,,,,,,,,,,,,,,,,,,,,,,,,,,,,,,,,,,,,,,,,,,,,,,,,,,,,,,,,,,,,,,,,,,,,,,,,,,,,,,,,,,,,,,,,,,,,,,,,,,,,,,,,,,,,,,,,,,,,,,,,,,,,,,,,,,,,,,,,,,,,,,,,,,,,,,,,,,,,,,,,,,,,,,,,,,,,,,,,,,,,,,,,,,,,,,,,,,,,,,,,,
1ef54bf3-31a7-47d9-9db7-483fa870a7cc,Karen,Pahamtang,karen.pahamtang@chcheli.com,Ms,Active,,1ef54bf3-31a7-47d9-9db7-483fa870a7cc,karen.pahamtang@chcheli.com,2024-03-12T06:48:59-07:00,2024-07-22T02:13:18-07:00,karen.pahamtang@chcheli.com,KPAHAMTA,,,,,,,,MingleEnterprise,Infor-SuiteUser,MingleIONEnabled,HOMEPAGES-User,IONAPI-User,IDM-User,IDM-RelatedInformationUser,M3UI-USER,MASHUP-User,M3A Finance,,,,,,,,,,,,,,,,,,,,,,,,,,,,,,,,,,,,,,,,,,,,,,,,,,,,,,,,,,,,,,,,,,,,,,,,,,,,,,,,,,,,,,,,,,,,,,,,,,,,,,,,,,,,,,,,,,,,,,,,,,,,,,,,,,,,,,,,,,,,,,,,,,,,,,,,,,,,,,,,,,,,,,,,,,,,,,,,,,,,,,,,,,,,,,,,,,,,,,,,,,,,,,,,,,,,,,,,,,,,,,,,,,,,,,,,,,,,,,,,,,,,,,,,,,,,,,,,,,,,,,,,,,,,,,,,,,,,,,,,,,,,,,,,,,,,,,,,,,,,,,,,,,,,,,,,,,,,,,,,,,,,,,,,,,,,,,,,,,,,,,,,,,,,,,,,,,,,,,,,,,,,,,,,,,,,,,,,,,,,,,,,,,,,,,,,,,,,,,,,,,,,,,,,,,,,,,,,,,,,,,,,,,,,,,,,,,,,,,,,,,,,,,,,,,,,,,,,,,,,,,,,,,,,,,,,,,,,,,,,,,,,,,,,,,,,,,,,,,,,,,,,,,,,,,,,,,,,,,,,,,,,,,,,,,,,,,,,,,,,,,,,,,,,,,,,,,,,,,,,,,,,,,,,,,,,,,,,,,,,,,,,,,,,,,,,,,,,,,,,,,,,,,,,,,,,,,,,,,,,,,,,,,,,,,,,,,,,,,,,,,,,,,,,,,,,,,,,,,,,,,,,,,,,,,
MAJONES,Mariscia,Jones,mariscia.jones@chcheli.com,AP Manager,Active,,22645923-948a-4ca5-ab93-a60f66b40b89,mariscia.jones@chcheli.com,2024-03-12T06:52:54-07:00,2026-08-12T12:36:53-07:00,mariscia.jones@chcheli.com,MAJONES,,,,,,,,MingleEnterprise,Infor-SuiteUser,MingleIONEnabled,HOMEPAGES-User,IDM-User,IDM-RelatedInformationUser,M3UI-USER,MASHUP-User,DocBits-User,,,,,,,,,,,,,,,,,,,,,,,,,,,,,,,,,,,,,,,,,,,,,,,,,,,,,,,,,,,,,,,,,,,,,,,,,,,,,,,,,,,,,,,,,,,,,,,,,,,,,,,,,,,,,,,,,,,,,,,,,,,,,,,,,,,,,,,,,,,,,,,,,,,,,,,,,,,,,,,,,,,,,,,,,,,,,,,,,,,,,,,,,,,,,,,,,,,,,,,,,,,,,,,,,,,,,,,,,,,,,,,,,,,,,,,,,,,,,,,,,,,,,,,,,,,,,,,,,,,,,,,,,,,,,,,,,,,,,,,,,,,,,,,,,,,,,,,,,,,,,,,,,,,,,,,,,,,,,,,,,,,,,,,,,,,,,,,,,,,,,,,,,,,,,,,,,,,,,,,,,,,,,,,,,,,,,,,,,,,,,,,,,,,,,,,,,,,,,,,,,,,,,,,,,,,,,,,,,,,,,,,,,,,,,,,,,,,,,,,,,,,,,,,,,,,,,,,,,,,,,,,,,,,,,,,,,,,,,,,,,,,,,,,,,,,,,,,,,,,,,,,,,,,,,,,,,,,,,,,,,,,,,,,,,,,,,,,,,,,,,,,,,,,,,,,,,,,,,,,,,,,,,,,,,,,,,,,,,,,,,,,,,,,,,,,,,,,,,,,,,,,,,,,,,,,,,,,,,,,,,,,,,,,,,,,,,,,,,,,,,,,,,,,,,,,,,,,,,,,,,,,,,,,,,,,
AKOT,Anna,Kot,anna.kot@heli-one.com,,Active,,a235484c-1195-4b09-900b-cf4907771273,anna.kot@heli-one.com,2024-03-19T11:23:53-07:00,2024-09-17T07:23:58-07:00,anna.kot@heli-one.com,AKOT,,,,,,,,MingleEnterprise,Infor-SuiteUser,MingleIONEnabled,HOMEPAGES-User,IDM-User,IDM-RelatedInformationUser,M3UI-USER,MASHUP-User,,,,,,,,,,,,,,,,,,,,,,,,,,,,,,,,,,,,,,,,,,,,,,,,,,,,,,,,,,,,,,,,,,,,,,,,,,,,,,,,,,,,,,,,,,,,,,,,,,,,,,,,,,,,,,,,,,,,,,,,,,,,,,,,,,,,,,,,,,,,,,,,,,,,,,,,,,,,,,,,,,,,,,,,,,,,,,,,,,,,,,,,,,,,,,,,,,,,,,,,,,,,,,,,,,,,,,,,,,,,,,,,,,,,,,,,,,,,,,,,,,,,,,,,,,,,,,,,,,,,,,,,,,,,,,,,,,,,,,,,,,,,,,,,,,,,,,,,,,,,,,,,,,,,,,,,,,,,,,,,,,,,,,,,,,,,,,,,,,,,,,,,,,,,,,,,,,,,,,,,,,,,,,,,,,,,,,,,,,,,,,,,,,,,,,,,,,,,,,,,,,,,,,,,,,,,,,,,,,,,,,,,,,,,,,,,,,,,,,,,,,,,,,,,,,,,,,,,,,,,,,,,,,,,,,,,,,,,,,,,,,,,,,,,,,,,,,,,,,,,,,,,,,,,,,,,,,,,,,,,,,,,,,,,,,,,,,,,,,,,,,,,,,,,,,,,,,,,,,,,,,,,,,,,,,,,,,,,,,,,,,,,,,,,,,,,,,,,,,,,,,,,,,,,,,,,,,,,,,,,,,,,,,,,,,,,,,,,,,,,,,,,,,,,,,,,,,,,,,,,,,,,,,,,,,,,
NKB,Nataraj,KB,nataraj@doppiogroup.com,Senior Consultant,Active,,017845eb-455a-43c8-9a0a-05165b13c7f0,nataraj@doppiogroup.com,2024-04-09T09:22:38-07:00,2026-08-14T10:07:34-07:00,nataraj@doppiogroup.com,NKB,,,,,,,,UserAdmin,DataAdministrator,Infor-SystemAdministrator,IFS-ExternalEntityAdmin,IFS-ReadOnlyUser,IFS-AuditReportUser,IFS-AuditAdministrator,IFS-MonitorReportUser,IFS-MonitorAdministrator,IFS-PasswordAdmin,MingleEnterprise,Infor-SuiteUser,MingleIONEnabled,MingleAdministrator,MingleDataAdministrator,PORTAL-User,PORTAL-ContentAdministrator,GRID-SystemAdministrator,GRID-Viewer,GRID-Administrator,HOMEPAGES-Administrator,HOMEPAGES-ContentAdministrator,HOMEPAGES-User,HOMEPAGES-ContentSupport,IONDeskSecurityAdmin,IONDeskAdmin,IONContentProvider,IONDeskOAuthGenerator,Mingle-LocatorView,IFSAdminContact,IONAPI-Tracing,IONAPI-User,IONAPI-Administrator,DATALAKE-User,DATALAKE-DataAdministrator,DATALAKE-SystemAdministrator,DECISIONSERVICE-Editor,DECISIONSERVICE-Approver,INBOX-PowerUser,SmartHelpUser,IDM-User,IDM-AdvancedUser,IDM-Administrator,IDM-SuperUser,IDM-RelatedInformationUser,IDM-SignatureUser,GDPR-Collaboration-ChiefDataProtectionOfficer,GDPR-Collaboration-DataProtectionOfficer,GDPR-App-Administrator,DATAFABRIC-SuperAdmin,DATAFABRIC-User,ENTERPRISESEARCH-Admin,ENTERPRISESEARCH-User,ENTERPRISESEARCH-PowerUser,M3EC-Administrator,M3EC-User,M3EC-ClientDesigntime,M3-DLSubscriptionAdmin,M3BE-FATAdmin-Exporter,M3UI-StartPageAdministrator,M3UI-DebugUser,M3UI-Administrator,M3UI-USER,M3UI-Designer,M3BDP-Administrator,M3BDP-USER,MASHUP-Administrator,MASHUP-User,IECEC-Administrator,IECEC-User,M3BE-FATAdmin,M3BE-FndAdmin,M3BE-FndUser,M3BE-ServicesAdmin,M3BE-CryptoAdmin,M3BE-ExtensionsAdmin,M3BE-ExtensionsViewer,M3BE-DBViewer,M3BE-DBAdmin,M3BE-FndFlagAdmin,M3BE-FileViewer,M3BE-FileAdmin,M3BE-ConfigAdmin,M3BE-ConfigUser,M3BE-LogEnabler,M3BE-SystemAdministrator,M3BE-DBAdmin-ReadToken,EVENTHUB-Administrator,EVENTHUB-User,M3MDP-USER,M3CE_About_Viewer,M3ENTERPRISESEARCH-Administrator,IPW-User,Birst-SystemAdministrator,Birst-User,MONGOOSE-UG-CoreFormsAdmin,MONGOOSE-UG-CoreFormsDeveloper,MONGOOSE-UG-CoreFormsEndUser,MONGOOSE-UG-CoreIDOs,MONGOOSE-LM-MGCoreAutomation,MONGOOSE-LM-MGCoreTrans,MONGOOSE-LM-MGDataViews,MONGOOSE-LM-MGDeveloper,MONGOOSE-LM-MGUserCreatedForms,MONGOOSE-LM-MGUserCreatedIDOs,MONGOOSE-LM-MGPAAS,MONGOOSE-LM-MGM3InterfaceForms,MONGOOSE-LM-MGM3InterfaceIDOs,MONGOOSE-LM-MGAppBuilder,APPBUILDER-Administrator,APPBUILDER-User,APPBUILDER-Designer,LCLLSP-User,LCLLSP-Admin,LCLLSP-PrivilegedUser,LCLLSP-ServiceAdmin,LCLLSP-AppAdmin,LCLLSP-SupAdmin,LCLLSP-StdAdmin,LCLLSP-StdUser,M3A Administrators,M3A Developers,M3A Procurement,M3A Finance,M3A Production,M3ADISBIRST-Model-Administrator,M3ADISBIRST-Extension-Administrator,M3ADISBIRST-Consumer-Administrator,M3ADISBIRST-User,M3A Warehouse,M3A Default Subject Area,IFSApplicationAdmin,IFS-ShowUserManagementUI,IFS-GroupsAdmin,IFS-GroupsUpdate,IFS-GroupsReadOnlyUser,IFS-ReadOnly,M3MDP-TESTAPI,INBOX-Admin,M3DMP-Contributor,M3UI-Approver,M3A Opportunity Management,IONAPI-Developer,M3CPW-User,IAD-DataMaintainer,IAD-Designer,IAD-Publisher,IAD-TemplateBuilder,M3ACM-User,M3ACM-Viewer,IPI-ModelerAdmin,IPI-ModelerViewer,IPI-ModelerDesigner,PORTAL-ContentPublisher,M3BE-PowerUser,M3BE-LicenseType1,M3BE-LicenseType2,M3BE-LicenseType3,M3BE-LicenseType6-FT,M3BE-LicenseType6-SHUB,M3HealthService-Administrator,IONAPI-BaaS-Administrator,IONAPI-BaaS-DataAdministrator,IONAPI-BaaS-Developer,IONAPI-BaaS-User,M3BE-DBUpdater,DATAFABRIC-HealthServiceAdmin,PORTAL-AnnouncementAdministrator,M3BE-DBAdmin-PrdToken,M3BE-LicenseType4,SMARTHELP-Administrator,DocBits-User,,,,,,,,,,,,,,,,,,,,,,,,,,,,,,,,,,,,,,,,,,,,,,,,,,,,,,,,,,,,,,,,,,,,,,,,,,,,,,,,,,,,,,,,,,,,,,,,,,,,,,,,,,,,,,,,,,,,,,,,,,,,,,,,,,,,,,,,,,,,,,,,,,,,,,,,,,,,,,,,,,,,,,,,,,,,,,,,,,,,,,,,,,,,,,,,,,,,,,,,,,,,,,,,,,,,,,,,,,,,,,,,,,,,,,,,,,,,,,,,,,,,,,,,,,,,,,,,,,,,,,,,,,,,,,,,,,,,,,,,,,,,,,,,,,,,,,,,,,,,,,,,,,,,,,,,,,,,,,,,,,,,,,,,,,,,,,,,,,,,,,,,,,,,,,,,,,,,,,,,,,,,,,,,,,,,,,,,,,,,,,,,,,,,,,,,,,,,,,,,,,,,,,,,,,,,,,,,,,,,,,,,,,,,,,,,,,,,,,,,,,,,,,,,,,,,,,,,,,,,,,,,,,,,,,,,,,,,,,,,,,,,,,,,,,,,,,,,,,,,,,,,,,,,
MCHOI,Michael,Choi,Michael.Choi@chcheli.com,Fixed Assets Manager,Active,,f50d7d59-acd1-41c8-8739-3796674baaae,Michael.Choi@chcheli.com,2024-07-12T10:06:17-07:00,2025-07-29T10:07:18-07:00,Michael.Choi@chcheli.com,MCHOI,,,,,,,,MingleEnterprise,Infor-SuiteUser,MingleIONEnabled,HOMEPAGES-User,IDM-User,IDM-RelatedInformationUser,M3UI-USER,MASHUP-User,,,,,,,,,,,,,,,,,,,,,,,,,,,,,,,,,,,,,,,,,,,,,,,,,,,,,,,,,,,,,,,,,,,,,,,,,,,,,,,,,,,,,,,,,,,,,,,,,,,,,,,,,,,,,,,,,,,,,,,,,,,,,,,,,,,,,,,,,,,,,,,,,,,,,,,,,,,,,,,,,,,,,,,,,,,,,,,,,,,,,,,,,,,,,,,,,,,,,,,,,,,,,,,,,,,,,,,,,,,,,,,,,,,,,,,,,,,,,,,,,,,,,,,,,,,,,,,,,,,,,,,,,,,,,,,,,,,,,,,,,,,,,,,,,,,,,,,,,,,,,,,,,,,,,,,,,,,,,,,,,,,,,,,,,,,,,,,,,,,,,,,,,,,,,,,,,,,,,,,,,,,,,,,,,,,,,,,,,,,,,,,,,,,,,,,,,,,,,,,,,,,,,,,,,,,,,,,,,,,,,,,,,,,,,,,,,,,,,,,,,,,,,,,,,,,,,,,,,,,,,,,,,,,,,,,,,,,,,,,,,,,,,,,,,,,,,,,,,,,,,,,,,,,,,,,,,,,,,,,,,,,,,,,,,,,,,,,,,,,,,,,,,,,,,,,,,,,,,,,,,,,,,,,,,,,,,,,,,,,,,,,,,,,,,,,,,,,,,,,,,,,,,,,,,,,,,,,,,,,,,,,,,,,,,,,,,,,,,,,,,,,,,,,,,,,,,,,,,,,,,,,,,,,,,,,,
AKHAKIMO,Adina,Khakimova,Adina.Khakimova@heli-one.com,Adina,Active,,db5ce5ef-b063-4dce-a5fd-6fde8bf2f17c,Adina.Khakimova@heli-one.com,2024-07-12T10:46:37-07:00,2025-08-25T06:27:35-07:00,Adina.Khakimova@heli-one.com,AKHAKIMO,,,,,,,,MingleEnterprise,Infor-SuiteUser,MingleIONEnabled,HOMEPAGES-User,IDM-User,IDM-RelatedInformationUser,M3UI-USER,MASHUP-User,,,,,,,,,,,,,,,,,,,,,,,,,,,,,,,,,,,,,,,,,,,,,,,,,,,,,,,,,,,,,,,,,,,,,,,,,,,,,,,,,,,,,,,,,,,,,,,,,,,,,,,,,,,,,,,,,,,,,,,,,,,,,,,,,,,,,,,,,,,,,,,,,,,,,,,,,,,,,,,,,,,,,,,,,,,,,,,,,,,,,,,,,,,,,,,,,,,,,,,,,,,,,,,,,,,,,,,,,,,,,,,,,,,,,,,,,,,,,,,,,,,,,,,,,,,,,,,,,,,,,,,,,,,,,,,,,,,,,,,,,,,,,,,,,,,,,,,,,,,,,,,,,,,,,,,,,,,,,,,,,,,,,,,,,,,,,,,,,,,,,,,,,,,,,,,,,,,,,,,,,,,,,,,,,,,,,,,,,,,,,,,,,,,,,,,,,,,,,,,,,,,,,,,,,,,,,,,,,,,,,,,,,,,,,,,,,,,,,,,,,,,,,,,,,,,,,,,,,,,,,,,,,,,,,,,,,,,,,,,,,,,,,,,,,,,,,,,,,,,,,,,,,,,,,,,,,,,,,,,,,,,,,,,,,,,,,,,,,,,,,,,,,,,,,,,,,,,,,,,,,,,,,,,,,,,,,,,,,,,,,,,,,,,,,,,,,,,,,,,,,,,,,,,,,,,,,,,,,,,,,,,,,,,,,,,,,,,,,,,,,,,,,,,,,,,,,,,,,,,,,,,,,,,,,,,,
PREN,Ping,Ren,Ping.Ren@chcheli.com,Senior accountant,Active,,2d30c0ba-8ea7-4f6f-88c3-82ae93631b3c,Ping.Ren@chcheli.com,2024-07-22T11:26:51-07:00,2026-01-16T17:22:17-08:00,Ping.Ren@chcheli.com,PREN,,,,,,,,MingleEnterprise,Infor-SuiteUser,MingleIONEnabled,HOMEPAGES-User,DATALAKE-User,IDM-User,IDM-RelatedInformationUser,M3UI-USER,MASHUP-User,M3A Finance,,,,,,,,,,,,,,,,,,,,,,,,,,,,,,,,,,,,,,,,,,,,,,,,,,,,,,,,,,,,,,,,,,,,,,,,,,,,,,,,,,,,,,,,,,,,,,,,,,,,,,,,,,,,,,,,,,,,,,,,,,,,,,,,,,,,,,,,,,,,,,,,,,,,,,,,,,,,,,,,,,,,,,,,,,,,,,,,,,,,,,,,,,,,,,,,,,,,,,,,,,,,,,,,,,,,,,,,,,,,,,,,,,,,,,,,,,,,,,,,,,,,,,,,,,,,,,,,,,,,,,,,,,,,,,,,,,,,,,,,,,,,,,,,,,,,,,,,,,,,,,,,,,,,,,,,,,,,,,,,,,,,,,,,,,,,,,,,,,,,,,,,,,,,,,,,,,,,,,,,,,,,,,,,,,,,,,,,,,,,,,,,,,,,,,,,,,,,,,,,,,,,,,,,,,,,,,,,,,,,,,,,,,,,,,,,,,,,,,,,,,,,,,,,,,,,,,,,,,,,,,,,,,,,,,,,,,,,,,,,,,,,,,,,,,,,,,,,,,,,,,,,,,,,,,,,,,,,,,,,,,,,,,,,,,,,,,,,,,,,,,,,,,,,,,,,,,,,,,,,,,,,,,,,,,,,,,,,,,,,,,,,,,,,,,,,,,,,,,,,,,,,,,,,,,,,,,,,,,,,,,,,,,,,,,,,,,,,,,,,,,,,,,,,,,,,,,,,,,,,,,,,,,,,,,
KWONG,Kenneth,Wong,kenneth.wong@chcheli.com,"Manager, Corporate Accounting",Active,,ca4b06c4-319d-44e4-9880-ff8525498c40,kenneth.wong@chcheli.com,2024-09-24T08:43:36-07:00,2024-09-24T08:53:31-07:00,kenneth.wong@chcheli.com,KWONG,,,,,,,,MingleEnterprise,Infor-SuiteUser,MingleIONEnabled,HOMEPAGES-User,IDM-User,IDM-RelatedInformationUser,M3UI-USER,MASHUP-User,,,,,,,,,,,,,,,,,,,,,,,,,,,,,,,,,,,,,,,,,,,,,,,,,,,,,,,,,,,,,,,,,,,,,,,,,,,,,,,,,,,,,,,,,,,,,,,,,,,,,,,,,,,,,,,,,,,,,,,,,,,,,,,,,,,,,,,,,,,,,,,,,,,,,,,,,,,,,,,,,,,,,,,,,,,,,,,,,,,,,,,,,,,,,,,,,,,,,,,,,,,,,,,,,,,,,,,,,,,,,,,,,,,,,,,,,,,,,,,,,,,,,,,,,,,,,,,,,,,,,,,,,,,,,,,,,,,,,,,,,,,,,,,,,,,,,,,,,,,,,,,,,,,,,,,,,,,,,,,,,,,,,,,,,,,,,,,,,,,,,,,,,,,,,,,,,,,,,,,,,,,,,,,,,,,,,,,,,,,,,,,,,,,,,,,,,,,,,,,,,,,,,,,,,,,,,,,,,,,,,,,,,,,,,,,,,,,,,,,,,,,,,,,,,,,,,,,,,,,,,,,,,,,,,,,,,,,,,,,,,,,,,,,,,,,,,,,,,,,,,,,,,,,,,,,,,,,,,,,,,,,,,,,,,,,,,,,,,,,,,,,,,,,,,,,,,,,,,,,,,,,,,,,,,,,,,,,,,,,,,,,,,,,,,,,,,,,,,,,,,,,,,,,,,,,,,,,,,,,,,,,,,,,,,,,,,,,,,,,,,,,,,,,,,,,,,,,,,,,,,,,,,,,,,,,,
NNUGRHA,Nadya,NUGRHA,nadya.nugrha@chcheli.com,Accounting Analyst,Active,,471af64b-7e19-47ef-8654-f41bf407db7b,nadya.nugrha@chcheli.com,2024-09-30T16:33:26-07:00,2024-09-30T18:33:43-07:00,nadya.nugrha@chcheli.com,NNUGRHA,,,,,,,,MingleEnterprise,Infor-SuiteUser,MingleIONEnabled,HOMEPAGES-User,DECISIONSERVICE-Approver,IDM-User,IDM-RelatedInformationUser,M3UI-USER,MASHUP-User,M3BE-FileViewer,M3UI-Approver,M3BE-LicenseType1,,,,,,,,,,,,,,,,,,,,,,,,,,,,,,,,,,,,,,,,,,,,,,,,,,,,,,,,,,,,,,,,,,,,,,,,,,,,,,,,,,,,,,,,,,,,,,,,,,,,,,,,,,,,,,,,,,,,,,,,,,,,,,,,,,,,,,,,,,,,,,,,,,,,,,,,,,,,,,,,,,,,,,,,,,,,,,,,,,,,,,,,,,,,,,,,,,,,,,,,,,,,,,,,,,,,,,,,,,,,,,,,,,,,,,,,,,,,,,,,,,,,,,,,,,,,,,,,,,,,,,,,,,,,,,,,,,,,,,,,,,,,,,,,,,,,,,,,,,,,,,,,,,,,,,,,,,,,,,,,,,,,,,,,,,,,,,,,,,,,,,,,,,,,,,,,,,,,,,,,,,,,,,,,,,,,,,,,,,,,,,,,,,,,,,,,,,,,,,,,,,,,,,,,,,,,,,,,,,,,,,,,,,,,,,,,,,,,,,,,,,,,,,,,,,,,,,,,,,,,,,,,,,,,,,,,,,,,,,,,,,,,,,,,,,,,,,,,,,,,,,,,,,,,,,,,,,,,,,,,,,,,,,,,,,,,,,,,,,,,,,,,,,,,,,,,,,,,,,,,,,,,,,,,,,,,,,,,,,,,,,,,,,,,,,,,,,,,,,,,,,,,,,,,,,,,,,,,,,,,,,,,,,,,,,,,,,,,,,,,,,,,,,,,,,,,,,,,,,,,,,,,,,,,
775b3b2e-bf88-4f4c-b4a6-fbc1f63b4c1e,Ayesha,Sumaiya,ayesha@doppiogroup.com,Senior Technical Consultant,Active,,775b3b2e-bf88-4f4c-b4a6-fbc1f63b4c1e,ayesha@doppiogroup.com,2024-10-04T08:47:18-07:00,2025-10-06T02:09:40-07:00,ayesha@doppiogroup.com,ASUMAIYA,,,,,,,,UserAdmin,DataAdministrator,Infor-SystemAdministrator,IFS-ExternalEntityAdmin,IFS-ReadOnlyUser,IFS-AuditReportUser,IFS-AuditAdministrator,IFS-MonitorReportUser,IFS-MonitorAdministrator,IFS-PasswordAdmin,MingleEnterprise,Infor-SuiteUser,MingleIONEnabled,MingleAdministrator,MingleDataAdministrator,PORTAL-User,PORTAL-ContentAdministrator,GRID-SystemAdministrator,GRID-Viewer,GRID-Administrator,HOMEPAGES-Administrator,HOMEPAGES-ContentAdministrator,HOMEPAGES-User,HOMEPAGES-ContentSupport,IONDeskSecurityAdmin,IONDeskAdmin,IONContentProvider,IONDeskOAuthGenerator,Mingle-LocatorView,IFSAdminContact,IONAPI-Tracing,IONAPI-User,IONAPI-Administrator,DATALAKE-User,DATALAKE-DataAdministrator,DATALAKE-SystemAdministrator,DECISIONSERVICE-Editor,DECISIONSERVICE-Approver,INBOX-PowerUser,SmartHelpUser,IDM-User,IDM-AdvancedUser,IDM-Administrator,IDM-SuperUser,IDM-RelatedInformationUser,IDM-SignatureUser,GDPR-Collaboration-ChiefDataProtectionOfficer,GDPR-Collaboration-DataProtectionOfficer,GDPR-App-Administrator,DATAFABRIC-SuperAdmin,DATAFABRIC-User,ENTERPRISESEARCH-Admin,ENTERPRISESEARCH-User,ENTERPRISESEARCH-PowerUser,M3EC-Administrator,M3EC-User,M3EC-ClientDesigntime,M3-DLSubscriptionAdmin,M3BE-FATAdmin-Exporter,M3UI-StartPageAdministrator,M3UI-DebugUser,M3UI-Administrator,M3UI-USER,M3UI-Designer,M3BDP-Administrator,M3BDP-USER,MASHUP-Administrator,MASHUP-User,IECEC-Administrator,IECEC-User,M3BE-FATAdmin,M3BE-FndAdmin,M3BE-FndUser,M3BE-ServicesAdmin,M3BE-CryptoAdmin,M3BE-ExtensionsAdmin,M3BE-ExtensionsViewer,M3BE-DBViewer,M3BE-DBAdmin,M3BE-FndFlagAdmin,M3BE-FileViewer,M3BE-FileAdmin,M3BE-ConfigAdmin,M3BE-ConfigUser,M3BE-LogEnabler,M3BE-SystemAdministrator,M3BE-DBAdmin-ReadToken,EVENTHUB-Administrator,EVENTHUB-User,M3MDP-USER,M3CE_About_Viewer,M3ENTERPRISESEARCH-Administrator,IPW-User,Birst-SystemAdministrator,Birst-User,MONGOOSE-UG-CoreFormsAdmin,MONGOOSE-UG-CoreFormsDeveloper,MONGOOSE-UG-CoreFormsEndUser,MONGOOSE-UG-CoreIDOs,MONGOOSE-LM-MGCoreAutomation,MONGOOSE-LM-MGCoreTrans,MONGOOSE-LM-MGDataViews,MONGOOSE-LM-MGDeveloper,MONGOOSE-LM-MGUserCreatedForms,MONGOOSE-LM-MGUserCreatedIDOs,MONGOOSE-LM-MGPAAS,MONGOOSE-LM-MGM3InterfaceForms,MONGOOSE-LM-MGM3InterfaceIDOs,MONGOOSE-LM-MGAppBuilder,APPBUILDER-Administrator,APPBUILDER-User,APPBUILDER-Designer,LCLLSP-User,LCLLSP-Admin,LCLLSP-PrivilegedUser,LCLLSP-ServiceAdmin,LCLLSP-AppAdmin,LCLLSP-SupAdmin,LCLLSP-StdAdmin,LCLLSP-StdUser,M3A Administrators,M3A Developers,M3A Procurement,M3A Finance,M3A Production,M3ADISBIRST-Model-Administrator,M3ADISBIRST-Extension-Administrator,M3ADISBIRST-Consumer-Administrator,M3ADISBIRST-User,M3A Warehouse,M3A Default Subject Area,IFSApplicationAdmin,IFS-ShowUserManagementUI,IFS-GroupsAdmin,IFS-GroupsUpdate,IFS-GroupsReadOnlyUser,IFS-ReadOnly,M3MDP-TESTAPI,INBOX-Admin,M3DMP-Contributor,M3UI-Approver,M3A Opportunity Management,IONAPI-Developer,M3CPW-User,IAD-DataMaintainer,IAD-Designer,IAD-Publisher,IAD-TemplateBuilder,M3ACM-User,M3ACM-Viewer,IPI-ModelerAdmin,IPI-ModelerViewer,IPI-ModelerDesigner,PORTAL-ContentPublisher,M3BE-PowerUser,M3BE-LicenseType1,M3BE-LicenseType2,M3BE-LicenseType3,M3BE-LicenseType6-FT,M3BE-LicenseType6-SHUB,M3HealthService-Administrator,IONAPI-BaaS-Administrator,IONAPI-BaaS-DataAdministrator,IONAPI-BaaS-Developer,IONAPI-BaaS-User,M3BE-DBUpdater,DATAFABRIC-HealthServiceAdmin,PORTAL-AnnouncementAdministrator,M3BE-DBAdmin-PrdToken,M3BE-LicenseType4,SMARTHELP-Administrator,,,,,,,,,,,,,,,,,,,,,,,,,,,,,,,,,,,,,,,,,,,,,,,,,,,,,,,,,,,,,,,,,,,,,,,,,,,,,,,,,,,,,,,,,,,,,,,,,,,,,,,,,,,,,,,,,,,,,,,,,,,,,,,,,,,,,,,,,,,,,,,,,,,,,,,,,,,,,,,,,,,,,,,,,,,,,,,,,,,,,,,,,,,,,,,,,,,,,,,,,,,,,,,,,,,,,,,,,,,,,,,,,,,,,,,,,,,,,,,,,,,,,,,,,,,,,,,,,,,,,,,,,,,,,,,,,,,,,,,,,,,,,,,,,,,,,,,,,,,,,,,,,,,,,,,,,,,,,,,,,,,,,,,,,,,,,,,,,,,,,,,,,,,,,,,,,,,,,,,,,,,,,,,,,,,,,,,,,,,,,,,,,,,,,,,,,,,,,,,,,,,,,,,,,,,,,,,,,,,,,,,,,,,,,,,,,,,,,,,,,,,,,,,,,,,,,,,,,,,,,,,,,,,,,,,,,,,,,,,,,,,,,,,,,,,,,,,,,,,,,,,,,,,,,
ASOUZA,Aline,Souza,aline.souza@chcheli.com,Accountant,Active,,0fae10e7-d383-4036-8026-b8ed171e461e,aline.souza@chcheli.com,2024-10-08T06:27:55-07:00,2026-04-30T10:12:36-07:00,aline.souza@chcheli.com,ASOUZA,,,,,,,,MingleEnterprise,Infor-SuiteUser,MingleIONEnabled,HOMEPAGES-User,IDM-User,IDM-RelatedInformationUser,M3UI-USER,MASHUP-User,,,,,,,,,,,,,,,,,,,,,,,,,,,,,,,,,,,,,,,,,,,,,,,,,,,,,,,,,,,,,,,,,,,,,,,,,,,,,,,,,,,,,,,,,,,,,,,,,,,,,,,,,,,,,,,,,,,,,,,,,,,,,,,,,,,,,,,,,,,,,,,,,,,,,,,,,,,,,,,,,,,,,,,,,,,,,,,,,,,,,,,,,,,,,,,,,,,,,,,,,,,,,,,,,,,,,,,,,,,,,,,,,,,,,,,,,,,,,,,,,,,,,,,,,,,,,,,,,,,,,,,,,,,,,,,,,,,,,,,,,,,,,,,,,,,,,,,,,,,,,,,,,,,,,,,,,,,,,,,,,,,,,,,,,,,,,,,,,,,,,,,,,,,,,,,,,,,,,,,,,,,,,,,,,,,,,,,,,,,,,,,,,,,,,,,,,,,,,,,,,,,,,,,,,,,,,,,,,,,,,,,,,,,,,,,,,,,,,,,,,,,,,,,,,,,,,,,,,,,,,,,,,,,,,,,,,,,,,,,,,,,,,,,,,,,,,,,,,,,,,,,,,,,,,,,,,,,,,,,,,,,,,,,,,,,,,,,,,,,,,,,,,,,,,,,,,,,,,,,,,,,,,,,,,,,,,,,,,,,,,,,,,,,,,,,,,,,,,,,,,,,,,,,,,,,,,,,,,,,,,,,,,,,,,,,,,,,,,,,,,,,,,,,,,,,,,,,,,,,,,,,,,,,,,,,,
JSANTOS,JULIANA,SANTOS,juliana.santos@chcheli.com,Tax Specialist,Active,,636e6f11-17dd-4ba0-ad95-3bb5d4bd23c6,juliana.santos@chcheli.com,2024-10-08T06:27:56-07:00,2026-07-27T05:26:34-07:00,juliana.santos@chcheli.com,JSANTOS,,,,,,,,MingleEnterprise,Infor-SuiteUser,MingleIONEnabled,HOMEPAGES-User,IDM-User,IDM-RelatedInformationUser,M3UI-USER,MASHUP-User,,,,,,,,,,,,,,,,,,,,,,,,,,,,,,,,,,,,,,,,,,,,,,,,,,,,,,,,,,,,,,,,,,,,,,,,,,,,,,,,,,,,,,,,,,,,,,,,,,,,,,,,,,,,,,,,,,,,,,,,,,,,,,,,,,,,,,,,,,,,,,,,,,,,,,,,,,,,,,,,,,,,,,,,,,,,,,,,,,,,,,,,,,,,,,,,,,,,,,,,,,,,,,,,,,,,,,,,,,,,,,,,,,,,,,,,,,,,,,,,,,,,,,,,,,,,,,,,,,,,,,,,,,,,,,,,,,,,,,,,,,,,,,,,,,,,,,,,,,,,,,,,,,,,,,,,,,,,,,,,,,,,,,,,,,,,,,,,,,,,,,,,,,,,,,,,,,,,,,,,,,,,,,,,,,,,,,,,,,,,,,,,,,,,,,,,,,,,,,,,,,,,,,,,,,,,,,,,,,,,,,,,,,,,,,,,,,,,,,,,,,,,,,,,,,,,,,,,,,,,,,,,,,,,,,,,,,,,,,,,,,,,,,,,,,,,,,,,,,,,,,,,,,,,,,,,,,,,,,,,,,,,,,,,,,,,,,,,,,,,,,,,,,,,,,,,,,,,,,,,,,,,,,,,,,,,,,,,,,,,,,,,,,,,,,,,,,,,,,,,,,,,,,,,,,,,,,,,,,,,,,,,,,,,,,,,,,,,,,,,,,,,,,,,,,,,,,,,,,,,,,,,,,,,,,,,
SPAWAR,sandesh,pawar,sandesh.pawar@chcheli.com,Tech,Active,,6c2ee00b-637b-40bd-8e03-750a809991dc,sandesh.pawar@chcheli.com,2025-07-24T07:40:39-07:00,2026-07-09T05:11:10-07:00,sandesh.pawar@chcheli.com,SPAWAR,,,,,,,,UserAdmin,DataAdministrator,Infor-SystemAdministrator,IFS-ExternalEntityAdmin,IFS-ReadOnlyUser,IFS-AuditReportUser,IFS-AuditAdministrator,IFS-MonitorReportUser,IFS-MonitorAdministrator,IFS-PasswordAdmin,MingleEnterprise,Infor-SuiteUser,MingleIONEnabled,MingleAdministrator,MingleDataAdministrator,PORTAL-User,PORTAL-ContentAdministrator,GRID-SystemAdministrator,GRID-Viewer,GRID-Administrator,HOMEPAGES-Administrator,HOMEPAGES-ContentAdministrator,HOMEPAGES-User,HOMEPAGES-ContentSupport,IONDeskSecurityAdmin,IONDeskAdmin,IONContentProvider,IONDeskOAuthGenerator,Mingle-LocatorView,IFSAdminContact,IONAPI-Tracing,IONAPI-User,IONAPI-Administrator,DATALAKE-User,DATALAKE-DataAdministrator,DATALAKE-SystemAdministrator,DECISIONSERVICE-Editor,DECISIONSERVICE-Approver,INBOX-PowerUser,SmartHelpUser,IDM-User,IDM-AdvancedUser,IDM-Administrator,IDM-SuperUser,IDM-RelatedInformationUser,IDM-SignatureUser,GDPR-Collaboration-ChiefDataProtectionOfficer,GDPR-Collaboration-DataProtectionOfficer,GDPR-App-Administrator,DATAFABRIC-SuperAdmin,DATAFABRIC-User,ENTERPRISESEARCH-Admin,ENTERPRISESEARCH-User,ENTERPRISESEARCH-PowerUser,M3EC-Administrator,M3EC-User,M3EC-ClientDesigntime,M3-DLSubscriptionAdmin,M3BE-FATAdmin-Exporter,M3UI-StartPageAdministrator,M3UI-DebugUser,M3UI-Administrator,M3UI-USER,M3UI-Designer,M3BDP-Administrator,M3BDP-USER,MASHUP-Administrator,MASHUP-User,IECEC-Administrator,IECEC-User,M3BE-FATAdmin,M3BE-FndAdmin,M3BE-FndUser,M3BE-ServicesAdmin,M3BE-CryptoAdmin,M3BE-ExtensionsAdmin,M3BE-ExtensionsViewer,M3BE-DBViewer,M3BE-DBAdmin,M3BE-FndFlagAdmin,M3BE-FileViewer,M3BE-FileAdmin,M3BE-ConfigAdmin,M3BE-ConfigUser,M3BE-LogEnabler,M3BE-SystemAdministrator,M3BE-DBAdmin-ReadToken,EVENTHUB-Administrator,EVENTHUB-User,M3MDP-USER,M3CE_About_Viewer,M3ENTERPRISESEARCH-Administrator,IPW-User,Birst-SystemAdministrator,Birst-User,MONGOOSE-UG-CoreFormsAdmin,MONGOOSE-UG-CoreFormsDeveloper,MONGOOSE-UG-CoreFormsEndUser,MONGOOSE-UG-CoreIDOs,MONGOOSE-LM-MGCoreAutomation,MONGOOSE-LM-MGCoreTrans,MONGOOSE-LM-MGDataViews,MONGOOSE-LM-MGDeveloper,MONGOOSE-LM-MGUserCreatedForms,MONGOOSE-LM-MGUserCreatedIDOs,MONGOOSE-LM-MGPAAS,MONGOOSE-LM-MGM3InterfaceForms,MONGOOSE-LM-MGM3InterfaceIDOs,MONGOOSE-LM-MGAppBuilder,APPBUILDER-Administrator,APPBUILDER-User,APPBUILDER-Designer,LCLLSP-User,LCLLSP-Admin,LCLLSP-PrivilegedUser,LCLLSP-ServiceAdmin,LCLLSP-AppAdmin,LCLLSP-SupAdmin,LCLLSP-StdAdmin,LCLLSP-StdUser,M3A Administrators,M3A Developers,M3A Procurement,M3A Finance,M3A Production,M3ADISBIRST-Model-Administrator,M3ADISBIRST-Extension-Administrator,M3ADISBIRST-Consumer-Administrator,M3ADISBIRST-User,M3A Warehouse,M3A Default Subject Area,IFSApplicationAdmin,IFS-ShowUserManagementUI,IFS-GroupsAdmin,IFS-GroupsUpdate,IFS-GroupsReadOnlyUser,IFS-ReadOnly,M3MDP-TESTAPI,INBOX-Admin,M3DMP-Contributor,M3UI-Approver,M3A Opportunity Management,IONAPI-Developer,M3CPW-User,IAD-DataMaintainer,IAD-Designer,IAD-Publisher,IAD-TemplateBuilder,M3ACM-User,M3ACM-Viewer,IPI-ModelerAdmin,IPI-ModelerViewer,IPI-ModelerDesigner,PORTAL-ContentPublisher,M3BE-PowerUser,M3BE-LicenseType1,M3BE-LicenseType2,M3BE-LicenseType3,M3BE-LicenseType6-FT,M3BE-LicenseType6-SHUB,M3HealthService-Administrator,IONAPI-BaaS-Administrator,IONAPI-BaaS-DataAdministrator,IONAPI-BaaS-Developer,IONAPI-BaaS-User,M3BE-DBUpdater,DATAFABRIC-HealthServiceAdmin,PORTAL-AnnouncementAdministrator,M3BE-DBAdmin-PrdToken,M3BE-LicenseType4,SMARTHELP-Administrator,DocBits-User,M3BE-FATAdmin-PRD-UpperLimitRuleToken,M3BE-FATAdmin-DeleteData,M3BE-FATAdmin-PRD-DeleteDataToken,M3BE-FATAdmin-PRD-ConfigureUpperLimit,,,,,,,,,,,,,,,,,,,,,,,,,,,,,,,,,,,,,,,,,,,,,,,,,,,,,,,,,,,,,,,,,,,,,,,,,,,,,,,,,,,,,,,,,,,,,,,,,,,,,,,,,,,,,,,,,,,,,,,,,,,,,,,,,,,,,,,,,,,,,,,,,,,,,,,,,,,,,,,,,,,,,,,,,,,,,,,,,,,,,,,,,,,,,,,,,,,,,,,,,,,,,,,,,,,,,,,,,,,,,,,,,,,,,,,,,,,,,,,,,,,,,,,,,,,,,,,,,,,,,,,,,,,,,,,,,,,,,,,,,,,,,,,,,,,,,,,,,,,,,,,,,,,,,,,,,,,,,,,,,,,,,,,,,,,,,,,,,,,,,,,,,,,,,,,,,,,,,,,,,,,,,,,,,,,,,,,,,,,,,,,,,,,,,,,,,,,,,,,,,,,,,,,,,,,,,,,,,,,,,,,,,,,,,,,,,,,,,,,,,,,,,,,,,,,,,,,,,,,,,,,,,,,,,,,,,,,,,,,,,,,,,,,,,,,,,,,,,,,,,,,,
34cee55f-9773-4180-b6d9-e90c46cc9626,Vidya,Venugopal,vidya@doppiogroup.com,Senior Consultant,Active,,34cee55f-9773-4180-b6d9-e90c46cc9626,vidya@doppiogroup.com,2025-07-30T12:26:08-07:00,2026-08-17T09:24:42-07:00,vidya@doppiogroup.com,VVENUGOP,,,,,,,,UserAdmin,DataAdministrator,Infor-SystemAdministrator,IFS-ExternalEntityAdmin,IFS-ReadOnlyUser,IFS-AuditReportUser,IFS-AuditAdministrator,IFS-MonitorReportUser,IFS-MonitorAdministrator,IFS-PasswordAdmin,MingleEnterprise,Infor-SuiteUser,MingleIONEnabled,MingleAdministrator,MingleDataAdministrator,PORTAL-User,PORTAL-ContentAdministrator,GRID-SystemAdministrator,GRID-Viewer,GRID-Administrator,HOMEPAGES-Administrator,HOMEPAGES-ContentAdministrator,HOMEPAGES-User,HOMEPAGES-ContentSupport,IONDeskSecurityAdmin,IONDeskAdmin,IONContentProvider,IONDeskOAuthGenerator,Mingle-LocatorView,IFSAdminContact,IONAPI-Tracing,IONAPI-User,IONAPI-Administrator,DATALAKE-User,DATALAKE-DataAdministrator,DATALAKE-SystemAdministrator,DECISIONSERVICE-Editor,DECISIONSERVICE-Approver,INBOX-PowerUser,SmartHelpUser,IDM-User,IDM-AdvancedUser,IDM-Administrator,IDM-SuperUser,IDM-RelatedInformationUser,IDM-SignatureUser,GDPR-Collaboration-ChiefDataProtectionOfficer,GDPR-Collaboration-DataProtectionOfficer,GDPR-App-Administrator,DATAFABRIC-SuperAdmin,DATAFABRIC-User,ENTERPRISESEARCH-Admin,ENTERPRISESEARCH-User,ENTERPRISESEARCH-PowerUser,M3EC-Administrator,M3EC-User,M3EC-ClientDesigntime,M3-DLSubscriptionAdmin,M3BE-FATAdmin-Exporter,M3UI-StartPageAdministrator,M3UI-DebugUser,M3UI-Administrator,M3UI-USER,M3UI-Designer,M3BDP-Administrator,M3BDP-USER,MASHUP-Administrator,MASHUP-User,IECEC-Administrator,IECEC-User,M3BE-FATAdmin,M3BE-FndAdmin,M3BE-FndUser,M3BE-ServicesAdmin,M3BE-CryptoAdmin,M3BE-ExtensionsAdmin,M3BE-ExtensionsViewer,M3BE-DBViewer,M3BE-DBAdmin,M3BE-FndFlagAdmin,M3BE-FileViewer,M3BE-FileAdmin,M3BE-ConfigAdmin,M3BE-ConfigUser,M3BE-LogEnabler,M3BE-SystemAdministrator,M3BE-DBAdmin-ReadToken,EVENTHUB-Administrator,EVENTHUB-User,M3MDP-USER,M3CE_About_Viewer,M3ENTERPRISESEARCH-Administrator,IPW-User,Birst-SystemAdministrator,Birst-User,MONGOOSE-UG-CoreFormsAdmin,MONGOOSE-UG-CoreFormsDeveloper,MONGOOSE-UG-CoreFormsEndUser,MONGOOSE-UG-CoreIDOs,MONGOOSE-LM-MGCoreAutomation,MONGOOSE-LM-MGCoreTrans,MONGOOSE-LM-MGDataViews,MONGOOSE-LM-MGDeveloper,MONGOOSE-LM-MGUserCreatedForms,MONGOOSE-LM-MGUserCreatedIDOs,MONGOOSE-LM-MGPAAS,MONGOOSE-LM-MGM3InterfaceForms,MONGOOSE-LM-MGM3InterfaceIDOs,MONGOOSE-LM-MGAppBuilder,APPBUILDER-Administrator,APPBUILDER-User,APPBUILDER-Designer,LCLLSP-User,LCLLSP-Admin,LCLLSP-PrivilegedUser,LCLLSP-ServiceAdmin,LCLLSP-AppAdmin,LCLLSP-SupAdmin,LCLLSP-StdAdmin,LCLLSP-StdUser,M3A Administrators,M3A Developers,M3A Procurement,M3A Finance,M3A Production,M3ADISBIRST-Model-Administrator,M3ADISBIRST-Extension-Administrator,M3ADISBIRST-Consumer-Administrator,M3ADISBIRST-User,M3A Warehouse,M3A Default Subject Area,IFSApplicationAdmin,IFS-ShowUserManagementUI,IFS-GroupsAdmin,IFS-GroupsUpdate,IFS-GroupsReadOnlyUser,IFS-ReadOnly,M3MDP-TESTAPI,INBOX-Admin,M3DMP-Contributor,M3UI-Approver,M3A Opportunity Management,IONAPI-Developer,M3CPW-User,IAD-DataMaintainer,IAD-Designer,IAD-Publisher,IAD-TemplateBuilder,M3ACM-User,M3ACM-Viewer,IPI-ModelerAdmin,IPI-ModelerViewer,IPI-ModelerDesigner,PORTAL-ContentPublisher,M3BE-PowerUser,M3BE-LicenseType1,M3BE-LicenseType2,M3BE-LicenseType3,M3BE-LicenseType6-FT,M3BE-LicenseType6-SHUB,M3HealthService-Administrator,IONAPI-BaaS-Administrator,IONAPI-BaaS-DataAdministrator,IONAPI-BaaS-Developer,IONAPI-BaaS-User,M3BE-DBUpdater,DATAFABRIC-HealthServiceAdmin,PORTAL-AnnouncementAdministrator,M3BE-DBAdmin-PrdToken,M3BE-LicenseType4,SMARTHELP-Administrator,,,,,,,,,,,,,,,,,,,,,,,,,,,,,,,,,,,,,,,,,,,,,,,,,,,,,,,,,,,,,,,,,,,,,,,,,,,,,,,,,,,,,,,,,,,,,,,,,,,,,,,,,,,,,,,,,,,,,,,,,,,,,,,,,,,,,,,,,,,,,,,,,,,,,,,,,,,,,,,,,,,,,,,,,,,,,,,,,,,,,,,,,,,,,,,,,,,,,,,,,,,,,,,,,,,,,,,,,,,,,,,,,,,,,,,,,,,,,,,,,,,,,,,,,,,,,,,,,,,,,,,,,,,,,,,,,,,,,,,,,,,,,,,,,,,,,,,,,,,,,,,,,,,,,,,,,,,,,,,,,,,,,,,,,,,,,,,,,,,,,,,,,,,,,,,,,,,,,,,,,,,,,,,,,,,,,,,,,,,,,,,,,,,,,,,,,,,,,,,,,,,,,,,,,,,,,,,,,,,,,,,,,,,,,,,,,,,,,,,,,,,,,,,,,,,,,,,,,,,,,,,,,,,,,,,,,,,,,,,,,,,,,,,,,,,,,,,,,,,,,,,,,,,,,
GSCHREUD,Glen,Schreuder,glen.schreuder@chcheli.com,,Active,,af599217-31c7-4474-8758-a9de52f833c7,glen.schreuder@chcheli.com,2025-09-02T08:04:20-07:00,2026-06-09T08:07:56-07:00,glen.schreuder@chcheli.com,GSCHREUD,,,,,,,,MingleEnterprise,Infor-SuiteUser,MingleIONEnabled,HOMEPAGES-User,IDM-User,IDM-RelatedInformationUser,M3UI-USER,MASHUP-User,DocBits-User,,,,,,,,,,,,,,,,,,,,,,,,,,,,,,,,,,,,,,,,,,,,,,,,,,,,,,,,,,,,,,,,,,,,,,,,,,,,,,,,,,,,,,,,,,,,,,,,,,,,,,,,,,,,,,,,,,,,,,,,,,,,,,,,,,,,,,,,,,,,,,,,,,,,,,,,,,,,,,,,,,,,,,,,,,,,,,,,,,,,,,,,,,,,,,,,,,,,,,,,,,,,,,,,,,,,,,,,,,,,,,,,,,,,,,,,,,,,,,,,,,,,,,,,,,,,,,,,,,,,,,,,,,,,,,,,,,,,,,,,,,,,,,,,,,,,,,,,,,,,,,,,,,,,,,,,,,,,,,,,,,,,,,,,,,,,,,,,,,,,,,,,,,,,,,,,,,,,,,,,,,,,,,,,,,,,,,,,,,,,,,,,,,,,,,,,,,,,,,,,,,,,,,,,,,,,,,,,,,,,,,,,,,,,,,,,,,,,,,,,,,,,,,,,,,,,,,,,,,,,,,,,,,,,,,,,,,,,,,,,,,,,,,,,,,,,,,,,,,,,,,,,,,,,,,,,,,,,,,,,,,,,,,,,,,,,,,,,,,,,,,,,,,,,,,,,,,,,,,,,,,,,,,,,,,,,,,,,,,,,,,,,,,,,,,,,,,,,,,,,,,,,,,,,,,,,,,,,,,,,,,,,,,,,,,,,,,,,,,,,,,,,,,,,,,,,,,,,,,,,,,,,,,,,,,,
2853f833-21f7-427f-ba5d-29e7ee84e4eb,David,Wu,david@doppiogroup.com,Consultant,Active,,2853f833-21f7-427f-ba5d-29e7ee84e4eb,david@doppiogroup.com,2025-12-04T15:58:55-08:00,2026-08-17T22:27:55-07:00,david@doppiogroup.com,DWU,,,,,,,,UserAdmin,DataAdministrator,Infor-SystemAdministrator,IFS-ExternalEntityAdmin,IFS-ReadOnlyUser,IFS-AuditReportUser,IFS-AuditAdministrator,IFS-MonitorReportUser,IFS-MonitorAdministrator,IFS-PasswordAdmin,MingleEnterprise,Infor-SuiteUser,MingleIONEnabled,MingleAdministrator,MingleDataAdministrator,PORTAL-User,PORTAL-ContentAdministrator,GRID-SystemAdministrator,GRID-Viewer,GRID-Administrator,HOMEPAGES-Administrator,HOMEPAGES-ContentAdministrator,HOMEPAGES-User,HOMEPAGES-ContentSupport,IONDeskSecurityAdmin,IONDeskAdmin,IONContentProvider,IONDeskOAuthGenerator,Mingle-LocatorView,IFSAdminContact,IONAPI-Tracing,IONAPI-User,IONAPI-Administrator,DATALAKE-User,DATALAKE-DataAdministrator,DATALAKE-SystemAdministrator,DECISIONSERVICE-Editor,DECISIONSERVICE-Approver,INBOX-PowerUser,SmartHelpUser,IDM-User,IDM-AdvancedUser,IDM-Administrator,IDM-SuperUser,IDM-RelatedInformationUser,IDM-SignatureUser,GDPR-Collaboration-ChiefDataProtectionOfficer,GDPR-Collaboration-DataProtectionOfficer,GDPR-App-Administrator,DATAFABRIC-SuperAdmin,DATAFABRIC-User,ENTERPRISESEARCH-Admin,ENTERPRISESEARCH-User,ENTERPRISESEARCH-PowerUser,M3EC-Administrator,M3EC-User,M3EC-ClientDesigntime,M3-DLSubscriptionAdmin,M3BE-FATAdmin-Exporter,M3UI-StartPageAdministrator,M3UI-DebugUser,M3UI-Administrator,M3UI-USER,M3UI-Designer,M3BDP-Administrator,M3BDP-USER,MASHUP-Administrator,MASHUP-User,IECEC-Administrator,IECEC-User,M3BE-FATAdmin,M3BE-FndAdmin,M3BE-FndUser,M3BE-ServicesAdmin,M3BE-CryptoAdmin,M3BE-ExtensionsAdmin,M3BE-ExtensionsViewer,M3BE-DBViewer,M3BE-DBAdmin,M3BE-FndFlagAdmin,M3BE-FileViewer,M3BE-FileAdmin,M3BE-ConfigAdmin,M3BE-ConfigUser,M3BE-LogEnabler,M3BE-SystemAdministrator,M3BE-DBAdmin-ReadToken,EVENTHUB-Administrator,EVENTHUB-User,M3MDP-USER,M3CE_About_Viewer,M3ENTERPRISESEARCH-Administrator,IPW-User,Birst-SystemAdministrator,Birst-User,MONGOOSE-UG-CoreFormsAdmin,MONGOOSE-UG-CoreFormsDeveloper,MONGOOSE-UG-CoreFormsEndUser,MONGOOSE-UG-CoreIDOs,MONGOOSE-LM-MGCoreAutomation,MONGOOSE-LM-MGCoreTrans,MONGOOSE-LM-MGDataViews,MONGOOSE-LM-MGDeveloper,MONGOOSE-LM-MGUserCreatedForms,MONGOOSE-LM-MGUserCreatedIDOs,MONGOOSE-LM-MGPAAS,MONGOOSE-LM-MGM3InterfaceForms,MONGOOSE-LM-MGM3InterfaceIDOs,MONGOOSE-LM-MGAppBuilder,APPBUILDER-Administrator,APPBUILDER-User,APPBUILDER-Designer,LCLLSP-User,LCLLSP-Admin,LCLLSP-PrivilegedUser,LCLLSP-ServiceAdmin,LCLLSP-AppAdmin,LCLLSP-SupAdmin,LCLLSP-StdAdmin,LCLLSP-StdUser,M3A Administrators,M3A Developers,M3A Procurement,M3A Finance,M3A Production,M3ADISBIRST-Model-Administrator,M3ADISBIRST-Extension-Administrator,M3ADISBIRST-Consumer-Administrator,M3ADISBIRST-User,M3A Warehouse,M3A Default Subject Area,IFSApplicationAdmin,IFS-ShowUserManagementUI,IFS-GroupsAdmin,IFS-GroupsUpdate,IFS-GroupsReadOnlyUser,IFS-ReadOnly,M3MDP-TESTAPI,INBOX-Admin,M3DMP-Contributor,M3UI-Approver,M3A Opportunity Management,IONAPI-Developer,M3CPW-User,IAD-DataMaintainer,IAD-Designer,IAD-Publisher,IAD-TemplateBuilder,M3ACM-User,M3ACM-Viewer,IPI-ModelerAdmin,IPI-ModelerViewer,IPI-ModelerDesigner,PORTAL-ContentPublisher,M3BE-PowerUser,M3BE-LicenseType1,M3BE-LicenseType2,M3BE-LicenseType3,M3BE-LicenseType6-FT,M3BE-LicenseType6-SHUB,M3HealthService-Administrator,IONAPI-BaaS-Administrator,IONAPI-BaaS-DataAdministrator,IONAPI-BaaS-Developer,IONAPI-BaaS-User,M3BE-DBUpdater,DATAFABRIC-HealthServiceAdmin,PORTAL-AnnouncementAdministrator,M3BE-DBAdmin-PrdToken,M3BE-LicenseType4,SMARTHELP-Administrator,,,,,,,,,,,,,,,,,,,,,,,,,,,,,,,,,,,,,,,,,,,,,,,,,,,,,,,,,,,,,,,,,,,,,,,,,,,,,,,,,,,,,,,,,,,,,,,,,,,,,,,,,,,,,,,,,,,,,,,,,,,,,,,,,,,,,,,,,,,,,,,,,,,,,,,,,,,,,,,,,,,,,,,,,,,,,,,,,,,,,,,,,,,,,,,,,,,,,,,,,,,,,,,,,,,,,,,,,,,,,,,,,,,,,,,,,,,,,,,,,,,,,,,,,,,,,,,,,,,,,,,,,,,,,,,,,,,,,,,,,,,,,,,,,,,,,,,,,,,,,,,,,,,,,,,,,,,,,,,,,,,,,,,,,,,,,,,,,,,,,,,,,,,,,,,,,,,,,,,,,,,,,,,,,,,,,,,,,,,,,,,,,,,,,,,,,,,,,,,,,,,,,,,,,,,,,,,,,,,,,,,,,,,,,,,,,,,,,,,,,,,,,,,,,,,,,,,,,,,,,,,,,,,,,,,,,,,,,,,,,,,,,,,,,,,,,,,,,,,,,,,,,,,,,
55c62ae4-58a8-4b46-b34a-a6425800b70c,Anand,Sartape,anand@doppiogroup.com,Technical Consultant,Active,,55c62ae4-58a8-4b46-b34a-a6425800b70c,anand@doppiogroup.com,2025-12-18T08:19:06-08:00,2026-07-31T01:27:38-07:00,anand@doppiogroup.com,ASARTAPE,,,,,,,,UserAdmin,DataAdministrator,Infor-SystemAdministrator,IFS-ExternalEntityAdmin,IFS-ReadOnlyUser,IFS-AuditReportUser,IFS-AuditAdministrator,IFS-MonitorReportUser,IFS-MonitorAdministrator,IFS-PasswordAdmin,MingleEnterprise,Infor-SuiteUser,MingleIONEnabled,MingleAdministrator,MingleDataAdministrator,PORTAL-User,PORTAL-ContentAdministrator,GRID-SystemAdministrator,GRID-Viewer,GRID-Administrator,HOMEPAGES-Administrator,HOMEPAGES-ContentAdministrator,HOMEPAGES-User,HOMEPAGES-ContentSupport,IONDeskSecurityAdmin,IONDeskAdmin,IONContentProvider,IONDeskOAuthGenerator,Mingle-LocatorView,IFSAdminContact,IONAPI-Tracing,IONAPI-User,IONAPI-Administrator,DATALAKE-User,DATALAKE-DataAdministrator,DATALAKE-SystemAdministrator,DECISIONSERVICE-Editor,DECISIONSERVICE-Approver,INBOX-PowerUser,SmartHelpUser,IDM-User,IDM-AdvancedUser,IDM-Administrator,IDM-SuperUser,IDM-RelatedInformationUser,IDM-SignatureUser,GDPR-Collaboration-ChiefDataProtectionOfficer,GDPR-Collaboration-DataProtectionOfficer,GDPR-App-Administrator,DATAFABRIC-SuperAdmin,DATAFABRIC-User,ENTERPRISESEARCH-Admin,ENTERPRISESEARCH-User,ENTERPRISESEARCH-PowerUser,M3EC-Administrator,M3EC-User,M3EC-ClientDesigntime,M3-DLSubscriptionAdmin,M3BE-FATAdmin-Exporter,M3UI-StartPageAdministrator,M3UI-DebugUser,M3UI-Administrator,M3UI-USER,M3UI-Designer,M3BDP-Administrator,M3BDP-USER,MASHUP-Administrator,MASHUP-User,IECEC-Administrator,IECEC-User,M3BE-FATAdmin,M3BE-FndAdmin,M3BE-FndUser,M3BE-ServicesAdmin,M3BE-CryptoAdmin,M3BE-ExtensionsAdmin,M3BE-ExtensionsViewer,M3BE-DBViewer,M3BE-DBAdmin,M3BE-FndFlagAdmin,M3BE-FileViewer,M3BE-FileAdmin,M3BE-ConfigAdmin,M3BE-ConfigUser,M3BE-LogEnabler,M3BE-SystemAdministrator,M3BE-DBAdmin-ReadToken,EVENTHUB-Administrator,EVENTHUB-User,M3MDP-USER,M3CE_About_Viewer,M3ENTERPRISESEARCH-Administrator,IPW-User,Birst-SystemAdministrator,Birst-User,MONGOOSE-UG-CoreFormsAdmin,MONGOOSE-UG-CoreFormsDeveloper,MONGOOSE-UG-CoreFormsEndUser,MONGOOSE-UG-CoreIDOs,MONGOOSE-LM-MGCoreAutomation,MONGOOSE-LM-MGCoreTrans,MONGOOSE-LM-MGDataViews,MONGOOSE-LM-MGDeveloper,MONGOOSE-LM-MGUserCreatedForms,MONGOOSE-LM-MGUserCreatedIDOs,MONGOOSE-LM-MGPAAS,MONGOOSE-LM-MGM3InterfaceForms,MONGOOSE-LM-MGM3InterfaceIDOs,MONGOOSE-LM-MGAppBuilder,APPBUILDER-Administrator,APPBUILDER-User,APPBUILDER-Designer,LCLLSP-User,LCLLSP-Admin,LCLLSP-PrivilegedUser,LCLLSP-ServiceAdmin,LCLLSP-AppAdmin,LCLLSP-SupAdmin,LCLLSP-StdAdmin,LCLLSP-StdUser,M3A Administrators,M3A Developers,M3A Procurement,M3A Finance,M3A Production,M3ADISBIRST-Model-Administrator,M3ADISBIRST-Extension-Administrator,M3ADISBIRST-Consumer-Administrator,M3ADISBIRST-User,M3A Warehouse,M3A Default Subject Area,IFSApplicationAdmin,IFS-ShowUserManagementUI,IFS-GroupsAdmin,IFS-GroupsUpdate,IFS-GroupsReadOnlyUser,IFS-ReadOnly,M3MDP-TESTAPI,INBOX-Admin,M3DMP-Contributor,M3UI-Approver,M3A Opportunity Management,IONAPI-Developer,M3CPW-User,IAD-DataMaintainer,IAD-Designer,IAD-Publisher,IAD-TemplateBuilder,M3ACM-User,M3ACM-Viewer,IPI-ModelerAdmin,IPI-ModelerViewer,IPI-ModelerDesigner,PORTAL-ContentPublisher,M3BE-PowerUser,M3BE-LicenseType1,M3BE-LicenseType2,M3BE-LicenseType3,M3BE-LicenseType6-FT,M3BE-LicenseType6-SHUB,M3HealthService-Administrator,IONAPI-BaaS-Administrator,IONAPI-BaaS-DataAdministrator,IONAPI-BaaS-Developer,IONAPI-BaaS-User,M3BE-DBUpdater,DATAFABRIC-HealthServiceAdmin,PORTAL-AnnouncementAdministrator,M3BE-DBAdmin-PrdToken,M3BE-LicenseType4,SMARTHELP-Administrator,,,,,,,,,,,,,,,,,,,,,,,,,,,,,,,,,,,,,,,,,,,,,,,,,,,,,,,,,,,,,,,,,,,,,,,,,,,,,,,,,,,,,,,,,,,,,,,,,,,,,,,,,,,,,,,,,,,,,,,,,,,,,,,,,,,,,,,,,,,,,,,,,,,,,,,,,,,,,,,,,,,,,,,,,,,,,,,,,,,,,,,,,,,,,,,,,,,,,,,,,,,,,,,,,,,,,,,,,,,,,,,,,,,,,,,,,,,,,,,,,,,,,,,,,,,,,,,,,,,,,,,,,,,,,,,,,,,,,,,,,,,,,,,,,,,,,,,,,,,,,,,,,,,,,,,,,,,,,,,,,,,,,,,,,,,,,,,,,,,,,,,,,,,,,,,,,,,,,,,,,,,,,,,,,,,,,,,,,,,,,,,,,,,,,,,,,,,,,,,,,,,,,,,,,,,,,,,,,,,,,,,,,,,,,,,,,,,,,,,,,,,,,,,,,,,,,,,,,,,,,,,,,,,,,,,,,,,,,,,,,,,,,,,,,,,,,,,,,,,,,,,,,,,,,
ca192afc-aee5-4a06-af77-cd3e8129f72c,Zohra,Hayath,zohra@doppiogroup.com,M3 Consultant,Active,,ca192afc-aee5-4a06-af77-cd3e8129f72c,zohra@doppiogroup.com,2025-12-18T15:23:37-08:00,,zohra@doppiogroup.com,ZHAYATH,,,,,,,,UserAdmin,DataAdministrator,Infor-SystemAdministrator,IFS-ExternalEntityAdmin,IFS-ReadOnlyUser,IFS-AuditReportUser,IFS-AuditAdministrator,IFS-MonitorReportUser,IFS-MonitorAdministrator,IFS-PasswordAdmin,MingleEnterprise,Infor-SuiteUser,MingleIONEnabled,MingleAdministrator,MingleDataAdministrator,PORTAL-User,PORTAL-ContentAdministrator,GRID-SystemAdministrator,GRID-Viewer,GRID-Administrator,HOMEPAGES-Administrator,HOMEPAGES-ContentAdministrator,HOMEPAGES-User,HOMEPAGES-ContentSupport,IONDeskSecurityAdmin,IONDeskAdmin,IONContentProvider,IONDeskOAuthGenerator,Mingle-LocatorView,IFSAdminContact,IONAPI-Tracing,IONAPI-User,IONAPI-Administrator,DATALAKE-User,DATALAKE-DataAdministrator,DATALAKE-SystemAdministrator,DECISIONSERVICE-Editor,DECISIONSERVICE-Approver,INBOX-PowerUser,SmartHelpUser,IDM-User,IDM-AdvancedUser,IDM-Administrator,IDM-SuperUser,IDM-RelatedInformationUser,IDM-SignatureUser,GDPR-Collaboration-ChiefDataProtectionOfficer,GDPR-Collaboration-DataProtectionOfficer,GDPR-App-Administrator,DATAFABRIC-SuperAdmin,DATAFABRIC-User,ENTERPRISESEARCH-Admin,ENTERPRISESEARCH-User,ENTERPRISESEARCH-PowerUser,M3EC-Administrator,M3EC-User,M3EC-ClientDesigntime,M3-DLSubscriptionAdmin,M3BE-FATAdmin-Exporter,M3UI-StartPageAdministrator,M3UI-DebugUser,M3UI-Administrator,M3UI-USER,M3UI-Designer,M3BDP-Administrator,M3BDP-USER,MASHUP-Administrator,MASHUP-User,IECEC-Administrator,IECEC-User,M3BE-FATAdmin,M3BE-FndAdmin,M3BE-FndUser,M3BE-ServicesAdmin,M3BE-CryptoAdmin,M3BE-ExtensionsAdmin,M3BE-ExtensionsViewer,M3BE-DBViewer,M3BE-DBAdmin,M3BE-FndFlagAdmin,M3BE-FileViewer,M3BE-FileAdmin,M3BE-ConfigAdmin,M3BE-ConfigUser,M3BE-LogEnabler,M3BE-SystemAdministrator,M3BE-DBAdmin-ReadToken,EVENTHUB-Administrator,EVENTHUB-User,M3MDP-USER,M3CE_About_Viewer,M3ENTERPRISESEARCH-Administrator,IPW-User,Birst-SystemAdministrator,Birst-User,MONGOOSE-UG-CoreFormsAdmin,MONGOOSE-UG-CoreFormsDeveloper,MONGOOSE-UG-CoreFormsEndUser,MONGOOSE-UG-CoreIDOs,MONGOOSE-LM-MGCoreAutomation,MONGOOSE-LM-MGCoreTrans,MONGOOSE-LM-MGDataViews,MONGOOSE-LM-MGDeveloper,MONGOOSE-LM-MGUserCreatedForms,MONGOOSE-LM-MGUserCreatedIDOs,MONGOOSE-LM-MGPAAS,MONGOOSE-LM-MGM3InterfaceForms,MONGOOSE-LM-MGM3InterfaceIDOs,MONGOOSE-LM-MGAppBuilder,APPBUILDER-Administrator,APPBUILDER-User,APPBUILDER-Designer,LCLLSP-User,LCLLSP-Admin,LCLLSP-PrivilegedUser,LCLLSP-ServiceAdmin,LCLLSP-AppAdmin,LCLLSP-SupAdmin,LCLLSP-StdAdmin,LCLLSP-StdUser,M3A Administrators,M3A Developers,M3A Procurement,M3A Finance,M3A Production,M3ADISBIRST-Model-Administrator,M3ADISBIRST-Extension-Administrator,M3ADISBIRST-Consumer-Administrator,M3ADISBIRST-User,M3A Warehouse,M3A Default Subject Area,IFSApplicationAdmin,IFS-ShowUserManagementUI,IFS-GroupsAdmin,IFS-GroupsUpdate,IFS-GroupsReadOnlyUser,IFS-ReadOnly,M3MDP-TESTAPI,INBOX-Admin,M3DMP-Contributor,M3UI-Approver,M3A Opportunity Management,IONAPI-Developer,M3CPW-User,IAD-DataMaintainer,IAD-Designer,IAD-Publisher,IAD-TemplateBuilder,M3ACM-User,M3ACM-Viewer,IPI-ModelerAdmin,IPI-ModelerViewer,IPI-ModelerDesigner,PORTAL-ContentPublisher,M3BE-PowerUser,M3BE-LicenseType1,M3BE-LicenseType2,M3BE-LicenseType3,M3BE-LicenseType6-FT,M3BE-LicenseType6-SHUB,M3HealthService-Administrator,IONAPI-BaaS-Administrator,IONAPI-BaaS-DataAdministrator,IONAPI-BaaS-Developer,IONAPI-BaaS-User,M3BE-DBUpdater,DATAFABRIC-HealthServiceAdmin,PORTAL-AnnouncementAdministrator,M3BE-DBAdmin-PrdToken,M3BE-LicenseType4,SMARTHELP-Administrator,,,,,,,,,,,,,,,,,,,,,,,,,,,,,,,,,,,,,,,,,,,,,,,,,,,,,,,,,,,,,,,,,,,,,,,,,,,,,,,,,,,,,,,,,,,,,,,,,,,,,,,,,,,,,,,,,,,,,,,,,,,,,,,,,,,,,,,,,,,,,,,,,,,,,,,,,,,,,,,,,,,,,,,,,,,,,,,,,,,,,,,,,,,,,,,,,,,,,,,,,,,,,,,,,,,,,,,,,,,,,,,,,,,,,,,,,,,,,,,,,,,,,,,,,,,,,,,,,,,,,,,,,,,,,,,,,,,,,,,,,,,,,,,,,,,,,,,,,,,,,,,,,,,,,,,,,,,,,,,,,,,,,,,,,,,,,,,,,,,,,,,,,,,,,,,,,,,,,,,,,,,,,,,,,,,,,,,,,,,,,,,,,,,,,,,,,,,,,,,,,,,,,,,,,,,,,,,,,,,,,,,,,,,,,,,,,,,,,,,,,,,,,,,,,,,,,,,,,,,,,,,,,,,,,,,,,,,,,,,,,,,,,,,,,,,,,,,,,,,,,,,,,,,,,
ENIEMIEC,Edyta,Niemiec,Edyta.Niemiec@heli-one.com,Buyer,Active,,29c44b3d-3423-4075-90e4-13a49da67d8a,Edyta.Niemiec@heli-one.com,2026-02-12T08:51:47-08:00,,Edyta.Niemiec@heli-one.com,ENIEMIEC,,,,,,,,MingleEnterprise,Infor-SuiteUser,MingleIONEnabled,HOMEPAGES-User,IDM-User,IDM-RelatedInformationUser,M3UI-USER,MASHUP-User,,,,,,,,,,,,,,,,,,,,,,,,,,,,,,,,,,,,,,,,,,,,,,,,,,,,,,,,,,,,,,,,,,,,,,,,,,,,,,,,,,,,,,,,,,,,,,,,,,,,,,,,,,,,,,,,,,,,,,,,,,,,,,,,,,,,,,,,,,,,,,,,,,,,,,,,,,,,,,,,,,,,,,,,,,,,,,,,,,,,,,,,,,,,,,,,,,,,,,,,,,,,,,,,,,,,,,,,,,,,,,,,,,,,,,,,,,,,,,,,,,,,,,,,,,,,,,,,,,,,,,,,,,,,,,,,,,,,,,,,,,,,,,,,,,,,,,,,,,,,,,,,,,,,,,,,,,,,,,,,,,,,,,,,,,,,,,,,,,,,,,,,,,,,,,,,,,,,,,,,,,,,,,,,,,,,,,,,,,,,,,,,,,,,,,,,,,,,,,,,,,,,,,,,,,,,,,,,,,,,,,,,,,,,,,,,,,,,,,,,,,,,,,,,,,,,,,,,,,,,,,,,,,,,,,,,,,,,,,,,,,,,,,,,,,,,,,,,,,,,,,,,,,,,,,,,,,,,,,,,,,,,,,,,,,,,,,,,,,,,,,,,,,,,,,,,,,,,,,,,,,,,,,,,,,,,,,,,,,,,,,,,,,,,,,,,,,,,,,,,,,,,,,,,,,,,,,,,,,,,,,,,,,,,,,,,,,,,,,,,,,,,,,,,,,,,,,,,,,,,,,,,,,,,,,,,
ANSOUZA,Andre,Souza,Andre.Souza@chcheli.com,,Active,,199d765a-c6f6-4f80-b1bc-af5716a70f53,Andre.Souza@chcheli.com,2026-02-12T09:31:32-08:00,,Andre.Souza@chcheli.com,ANSOUZA,,,,,,,,MingleEnterprise,Infor-SuiteUser,MingleIONEnabled,HOMEPAGES-User,IDM-User,IDM-RelatedInformationUser,M3UI-USER,MASHUP-User,,,,,,,,,,,,,,,,,,,,,,,,,,,,,,,,,,,,,,,,,,,,,,,,,,,,,,,,,,,,,,,,,,,,,,,,,,,,,,,,,,,,,,,,,,,,,,,,,,,,,,,,,,,,,,,,,,,,,,,,,,,,,,,,,,,,,,,,,,,,,,,,,,,,,,,,,,,,,,,,,,,,,,,,,,,,,,,,,,,,,,,,,,,,,,,,,,,,,,,,,,,,,,,,,,,,,,,,,,,,,,,,,,,,,,,,,,,,,,,,,,,,,,,,,,,,,,,,,,,,,,,,,,,,,,,,,,,,,,,,,,,,,,,,,,,,,,,,,,,,,,,,,,,,,,,,,,,,,,,,,,,,,,,,,,,,,,,,,,,,,,,,,,,,,,,,,,,,,,,,,,,,,,,,,,,,,,,,,,,,,,,,,,,,,,,,,,,,,,,,,,,,,,,,,,,,,,,,,,,,,,,,,,,,,,,,,,,,,,,,,,,,,,,,,,,,,,,,,,,,,,,,,,,,,,,,,,,,,,,,,,,,,,,,,,,,,,,,,,,,,,,,,,,,,,,,,,,,,,,,,,,,,,,,,,,,,,,,,,,,,,,,,,,,,,,,,,,,,,,,,,,,,,,,,,,,,,,,,,,,,,,,,,,,,,,,,,,,,,,,,,,,,,,,,,,,,,,,,,,,,,,,,,,,,,,,,,,,,,,,,,,,,,,,,,,,,,,,,,,,,,,,,,,,,,,,
BGLIWA,Barbara,Buczek,barbara.buczek@heli-one.com,,Active,,450f9e5a-56b2-4f5a-9738-e295084afba7,barbara.buczek@heli-one.com,2026-02-12T15:14:54-08:00,,barbara.buczek@heli-one.com,BGLIWA,,,,,,,,MingleEnterprise,Infor-SuiteUser,MingleIONEnabled,HOMEPAGES-User,IDM-User,IDM-RelatedInformationUser,M3UI-USER,MASHUP-User,,,,,,,,,,,,,,,,,,,,,,,,,,,,,,,,,,,,,,,,,,,,,,,,,,,,,,,,,,,,,,,,,,,,,,,,,,,,,,,,,,,,,,,,,,,,,,,,,,,,,,,,,,,,,,,,,,,,,,,,,,,,,,,,,,,,,,,,,,,,,,,,,,,,,,,,,,,,,,,,,,,,,,,,,,,,,,,,,,,,,,,,,,,,,,,,,,,,,,,,,,,,,,,,,,,,,,,,,,,,,,,,,,,,,,,,,,,,,,,,,,,,,,,,,,,,,,,,,,,,,,,,,,,,,,,,,,,,,,,,,,,,,,,,,,,,,,,,,,,,,,,,,,,,,,,,,,,,,,,,,,,,,,,,,,,,,,,,,,,,,,,,,,,,,,,,,,,,,,,,,,,,,,,,,,,,,,,,,,,,,,,,,,,,,,,,,,,,,,,,,,,,,,,,,,,,,,,,,,,,,,,,,,,,,,,,,,,,,,,,,,,,,,,,,,,,,,,,,,,,,,,,,,,,,,,,,,,,,,,,,,,,,,,,,,,,,,,,,,,,,,,,,,,,,,,,,,,,,,,,,,,,,,,,,,,,,,,,,,,,,,,,,,,,,,,,,,,,,,,,,,,,,,,,,,,,,,,,,,,,,,,,,,,,,,,,,,,,,,,,,,,,,,,,,,,,,,,,,,,,,,,,,,,,,,,,,,,,,,,,,,,,,,,,,,,,,,,,,,,,,,,,,,,,,,,,
BSILVA,Bruna,Silva,Bruna.Silva@chcheli.com,bsilva,Active,,379b4fbc-514b-4d92-8b76-34b2cf6ba6a6,bruna.silva@chcheli.com,2026-03-31T15:52:34-07:00,2026-04-28T10:28:25-07:00,bruna.silva@chcheli.com,BSILVA,,,,,,,,MingleEnterprise,Infor-SuiteUser,MingleIONEnabled,HOMEPAGES-User,IDM-User,IDM-RelatedInformationUser,M3UI-USER,MASHUP-User,,,,,,,,,,,,,,,,,,,,,,,,,,,,,,,,,,,,,,,,,,,,,,,,,,,,,,,,,,,,,,,,,,,,,,,,,,,,,,,,,,,,,,,,,,,,,,,,,,,,,,,,,,,,,,,,,,,,,,,,,,,,,,,,,,,,,,,,,,,,,,,,,,,,,,,,,,,,,,,,,,,,,,,,,,,,,,,,,,,,,,,,,,,,,,,,,,,,,,,,,,,,,,,,,,,,,,,,,,,,,,,,,,,,,,,,,,,,,,,,,,,,,,,,,,,,,,,,,,,,,,,,,,,,,,,,,,,,,,,,,,,,,,,,,,,,,,,,,,,,,,,,,,,,,,,,,,,,,,,,,,,,,,,,,,,,,,,,,,,,,,,,,,,,,,,,,,,,,,,,,,,,,,,,,,,,,,,,,,,,,,,,,,,,,,,,,,,,,,,,,,,,,,,,,,,,,,,,,,,,,,,,,,,,,,,,,,,,,,,,,,,,,,,,,,,,,,,,,,,,,,,,,,,,,,,,,,,,,,,,,,,,,,,,,,,,,,,,,,,,,,,,,,,,,,,,,,,,,,,,,,,,,,,,,,,,,,,,,,,,,,,,,,,,,,,,,,,,,,,,,,,,,,,,,,,,,,,,,,,,,,,,,,,,,,,,,,,,,,,,,,,,,,,,,,,,,,,,,,,,,,,,,,,,,,,,,,,,,,,,,,,,,,,,,,,,,,,,,,,,,,,,,,,,,,,,
DNEWLAND,Dean,Newlands,Dean.Newlands@chcheli.com,,Active,,9d34f43c-e284-442d-ad96-38e74c6f2261,Dean.Newlands@chcheli.com,2026-03-31T15:59:13-07:00,,Dean.Newlands@chcheli.com,DNEWLAND,,,,,,,,MingleEnterprise,Infor-SuiteUser,MingleIONEnabled,HOMEPAGES-User,IDM-User,IDM-RelatedInformationUser,M3UI-USER,MASHUP-User,,,,,,,,,,,,,,,,,,,,,,,,,,,,,,,,,,,,,,,,,,,,,,,,,,,,,,,,,,,,,,,,,,,,,,,,,,,,,,,,,,,,,,,,,,,,,,,,,,,,,,,,,,,,,,,,,,,,,,,,,,,,,,,,,,,,,,,,,,,,,,,,,,,,,,,,,,,,,,,,,,,,,,,,,,,,,,,,,,,,,,,,,,,,,,,,,,,,,,,,,,,,,,,,,,,,,,,,,,,,,,,,,,,,,,,,,,,,,,,,,,,,,,,,,,,,,,,,,,,,,,,,,,,,,,,,,,,,,,,,,,,,,,,,,,,,,,,,,,,,,,,,,,,,,,,,,,,,,,,,,,,,,,,,,,,,,,,,,,,,,,,,,,,,,,,,,,,,,,,,,,,,,,,,,,,,,,,,,,,,,,,,,,,,,,,,,,,,,,,,,,,,,,,,,,,,,,,,,,,,,,,,,,,,,,,,,,,,,,,,,,,,,,,,,,,,,,,,,,,,,,,,,,,,,,,,,,,,,,,,,,,,,,,,,,,,,,,,,,,,,,,,,,,,,,,,,,,,,,,,,,,,,,,,,,,,,,,,,,,,,,,,,,,,,,,,,,,,,,,,,,,,,,,,,,,,,,,,,,,,,,,,,,,,,,,,,,,,,,,,,,,,,,,,,,,,,,,,,,,,,,,,,,,,,,,,,,,,,,,,,,,,,,,,,,,,,,,,,,,,,,,,,,,,,,,,
5a1a40b0-4fbc-48f7-95e8-4e806a733706,Kyra,MacDonald,Kyra.MacDonald@chcheli.com,,Active,,5a1a40b0-4fbc-48f7-95e8-4e806a733706,Kyra.MacDonald@chcheli.com,2026-03-31T16:05:07-07:00,,Kyra.MacDonald@chcheli.com,KMACDONA,,,,,,,,MingleEnterprise,Infor-SuiteUser,MingleIONEnabled,HOMEPAGES-User,IDM-User,IDM-RelatedInformationUser,M3UI-USER,MASHUP-User,,,,,,,,,,,,,,,,,,,,,,,,,,,,,,,,,,,,,,,,,,,,,,,,,,,,,,,,,,,,,,,,,,,,,,,,,,,,,,,,,,,,,,,,,,,,,,,,,,,,,,,,,,,,,,,,,,,,,,,,,,,,,,,,,,,,,,,,,,,,,,,,,,,,,,,,,,,,,,,,,,,,,,,,,,,,,,,,,,,,,,,,,,,,,,,,,,,,,,,,,,,,,,,,,,,,,,,,,,,,,,,,,,,,,,,,,,,,,,,,,,,,,,,,,,,,,,,,,,,,,,,,,,,,,,,,,,,,,,,,,,,,,,,,,,,,,,,,,,,,,,,,,,,,,,,,,,,,,,,,,,,,,,,,,,,,,,,,,,,,,,,,,,,,,,,,,,,,,,,,,,,,,,,,,,,,,,,,,,,,,,,,,,,,,,,,,,,,,,,,,,,,,,,,,,,,,,,,,,,,,,,,,,,,,,,,,,,,,,,,,,,,,,,,,,,,,,,,,,,,,,,,,,,,,,,,,,,,,,,,,,,,,,,,,,,,,,,,,,,,,,,,,,,,,,,,,,,,,,,,,,,,,,,,,,,,,,,,,,,,,,,,,,,,,,,,,,,,,,,,,,,,,,,,,,,,,,,,,,,,,,,,,,,,,,,,,,,,,,,,,,,,,,,,,,,,,,,,,,,,,,,,,,,,,,,,,,,,,,,,,,,,,,,,,,,,,,,,,,,,,,,,,,,,,,,,
LDUNCAN,Luke,Duncan,Luke.Duncan@CHCHeli.com,,Active,,a10e11f0-c774-4f72-a9b0-0d625cc35509,Luke.Duncan@CHCHeli.com,2026-03-31T16:09:35-07:00,2026-08-12T05:44:49-07:00,Luke.Duncan@CHCHeli.com,LDUNCAN,,,,,,,,MingleEnterprise,Infor-SuiteUser,MingleIONEnabled,HOMEPAGES-User,IDM-User,IDM-RelatedInformationUser,M3UI-USER,MASHUP-User,,,,,,,,,,,,,,,,,,,,,,,,,,,,,,,,,,,,,,,,,,,,,,,,,,,,,,,,,,,,,,,,,,,,,,,,,,,,,,,,,,,,,,,,,,,,,,,,,,,,,,,,,,,,,,,,,,,,,,,,,,,,,,,,,,,,,,,,,,,,,,,,,,,,,,,,,,,,,,,,,,,,,,,,,,,,,,,,,,,,,,,,,,,,,,,,,,,,,,,,,,,,,,,,,,,,,,,,,,,,,,,,,,,,,,,,,,,,,,,,,,,,,,,,,,,,,,,,,,,,,,,,,,,,,,,,,,,,,,,,,,,,,,,,,,,,,,,,,,,,,,,,,,,,,,,,,,,,,,,,,,,,,,,,,,,,,,,,,,,,,,,,,,,,,,,,,,,,,,,,,,,,,,,,,,,,,,,,,,,,,,,,,,,,,,,,,,,,,,,,,,,,,,,,,,,,,,,,,,,,,,,,,,,,,,,,,,,,,,,,,,,,,,,,,,,,,,,,,,,,,,,,,,,,,,,,,,,,,,,,,,,,,,,,,,,,,,,,,,,,,,,,,,,,,,,,,,,,,,,,,,,,,,,,,,,,,,,,,,,,,,,,,,,,,,,,,,,,,,,,,,,,,,,,,,,,,,,,,,,,,,,,,,,,,,,,,,,,,,,,,,,,,,,,,,,,,,,,,,,,,,,,,,,,,,,,,,,,,,,,,,,,,,,,,,,,,,,,,,,,,,,,,,,,,,,,
SJOHNY,Sojiya,Johny,Sojiya.Johny@chcheli.com,,Active,,ace9a3ab-7e9a-4d69-801e-fc8ac73debdb,Sojiya.Johny@chcheli.com,2026-03-31T16:13:28-07:00,2026-06-29T07:29:47-07:00,Sojiya.Johny@chcheli.com,SJOHNY,,,,,,,,MingleEnterprise,Infor-SuiteUser,MingleIONEnabled,HOMEPAGES-User,IDM-User,IDM-RelatedInformationUser,M3UI-USER,MASHUP-User,DocBits-User,,,,,,,,,,,,,,,,,,,,,,,,,,,,,,,,,,,,,,,,,,,,,,,,,,,,,,,,,,,,,,,,,,,,,,,,,,,,,,,,,,,,,,,,,,,,,,,,,,,,,,,,,,,,,,,,,,,,,,,,,,,,,,,,,,,,,,,,,,,,,,,,,,,,,,,,,,,,,,,,,,,,,,,,,,,,,,,,,,,,,,,,,,,,,,,,,,,,,,,,,,,,,,,,,,,,,,,,,,,,,,,,,,,,,,,,,,,,,,,,,,,,,,,,,,,,,,,,,,,,,,,,,,,,,,,,,,,,,,,,,,,,,,,,,,,,,,,,,,,,,,,,,,,,,,,,,,,,,,,,,,,,,,,,,,,,,,,,,,,,,,,,,,,,,,,,,,,,,,,,,,,,,,,,,,,,,,,,,,,,,,,,,,,,,,,,,,,,,,,,,,,,,,,,,,,,,,,,,,,,,,,,,,,,,,,,,,,,,,,,,,,,,,,,,,,,,,,,,,,,,,,,,,,,,,,,,,,,,,,,,,,,,,,,,,,,,,,,,,,,,,,,,,,,,,,,,,,,,,,,,,,,,,,,,,,,,,,,,,,,,,,,,,,,,,,,,,,,,,,,,,,,,,,,,,,,,,,,,,,,,,,,,,,,,,,,,,,,,,,,,,,,,,,,,,,,,,,,,,,,,,,,,,,,,,,,,,,,,,,,,,,,,,,,,,,,,,,,,,,,,,,,,,,,,,,
RDURGADE,Rutuja,Durgade,Rutuja.Durgade@CHCHeli.com,,Active,,0e07e574-1aaa-422d-aa4b-5098c39db223,rutuja.durgade@chcheli.com,2026-04-08T18:08:34-07:00,2026-06-30T01:51:59-07:00,rutuja.durgade@chcheli.com,RDURGADE,,,,,,,,MingleEnterprise,Infor-SuiteUser,MingleIONEnabled,HOMEPAGES-User,IDM-User,IDM-RelatedInformationUser,M3UI-USER,MASHUP-User,DocBits-User,,,,,,,,,,,,,,,,,,,,,,,,,,,,,,,,,,,,,,,,,,,,,,,,,,,,,,,,,,,,,,,,,,,,,,,,,,,,,,,,,,,,,,,,,,,,,,,,,,,,,,,,,,,,,,,,,,,,,,,,,,,,,,,,,,,,,,,,,,,,,,,,,,,,,,,,,,,,,,,,,,,,,,,,,,,,,,,,,,,,,,,,,,,,,,,,,,,,,,,,,,,,,,,,,,,,,,,,,,,,,,,,,,,,,,,,,,,,,,,,,,,,,,,,,,,,,,,,,,,,,,,,,,,,,,,,,,,,,,,,,,,,,,,,,,,,,,,,,,,,,,,,,,,,,,,,,,,,,,,,,,,,,,,,,,,,,,,,,,,,,,,,,,,,,,,,,,,,,,,,,,,,,,,,,,,,,,,,,,,,,,,,,,,,,,,,,,,,,,,,,,,,,,,,,,,,,,,,,,,,,,,,,,,,,,,,,,,,,,,,,,,,,,,,,,,,,,,,,,,,,,,,,,,,,,,,,,,,,,,,,,,,,,,,,,,,,,,,,,,,,,,,,,,,,,,,,,,,,,,,,,,,,,,,,,,,,,,,,,,,,,,,,,,,,,,,,,,,,,,,,,,,,,,,,,,,,,,,,,,,,,,,,,,,,,,,,,,,,,,,,,,,,,,,,,,,,,,,,,,,,,,,,,,,,,,,,,,,,,,,,,,,,,,,,,,,,,,,,,,,,,,,,,,,,,,
HPATIL,Harsha,Patil,Harsha.Patil@CHCHeli.com,,Active,,ed17928d-007c-4c2e-994d-46640b57fa7c,harsha.patil@chcheli.com,2026-04-08T18:11:44-07:00,2026-06-10T04:25:27-07:00,harsha.patil@chcheli.com,HPATIL,,,,,,,,MingleEnterprise,Infor-SuiteUser,MingleIONEnabled,HOMEPAGES-User,IDM-User,IDM-RelatedInformationUser,M3UI-USER,MASHUP-User,DocBits-User,,,,,,,,,,,,,,,,,,,,,,,,,,,,,,,,,,,,,,,,,,,,,,,,,,,,,,,,,,,,,,,,,,,,,,,,,,,,,,,,,,,,,,,,,,,,,,,,,,,,,,,,,,,,,,,,,,,,,,,,,,,,,,,,,,,,,,,,,,,,,,,,,,,,,,,,,,,,,,,,,,,,,,,,,,,,,,,,,,,,,,,,,,,,,,,,,,,,,,,,,,,,,,,,,,,,,,,,,,,,,,,,,,,,,,,,,,,,,,,,,,,,,,,,,,,,,,,,,,,,,,,,,,,,,,,,,,,,,,,,,,,,,,,,,,,,,,,,,,,,,,,,,,,,,,,,,,,,,,,,,,,,,,,,,,,,,,,,,,,,,,,,,,,,,,,,,,,,,,,,,,,,,,,,,,,,,,,,,,,,,,,,,,,,,,,,,,,,,,,,,,,,,,,,,,,,,,,,,,,,,,,,,,,,,,,,,,,,,,,,,,,,,,,,,,,,,,,,,,,,,,,,,,,,,,,,,,,,,,,,,,,,,,,,,,,,,,,,,,,,,,,,,,,,,,,,,,,,,,,,,,,,,,,,,,,,,,,,,,,,,,,,,,,,,,,,,,,,,,,,,,,,,,,,,,,,,,,,,,,,,,,,,,,,,,,,,,,,,,,,,,,,,,,,,,,,,,,,,,,,,,,,,,,,,,,,,,,,,,,,,,,,,,,,,,,,,,,,,,,,,,,,,,,,,,,
AKORDE,Aniket,Korde,Aniket.Korde@chcheli.com,,Active,,e3d489b4-741d-47a8-b066-042ab282a136,aniket.korde@chcheli.com,2026-04-08T18:12:00-07:00,2026-04-17T07:27:40-07:00,aniket.korde@chcheli.com,AKORDE,,,,,,,,MingleEnterprise,Infor-SuiteUser,MingleIONEnabled,HOMEPAGES-User,IDM-User,IDM-RelatedInformationUser,M3UI-USER,MASHUP-User,DocBits-User,,,,,,,,,,,,,,,,,,,,,,,,,,,,,,,,,,,,,,,,,,,,,,,,,,,,,,,,,,,,,,,,,,,,,,,,,,,,,,,,,,,,,,,,,,,,,,,,,,,,,,,,,,,,,,,,,,,,,,,,,,,,,,,,,,,,,,,,,,,,,,,,,,,,,,,,,,,,,,,,,,,,,,,,,,,,,,,,,,,,,,,,,,,,,,,,,,,,,,,,,,,,,,,,,,,,,,,,,,,,,,,,,,,,,,,,,,,,,,,,,,,,,,,,,,,,,,,,,,,,,,,,,,,,,,,,,,,,,,,,,,,,,,,,,,,,,,,,,,,,,,,,,,,,,,,,,,,,,,,,,,,,,,,,,,,,,,,,,,,,,,,,,,,,,,,,,,,,,,,,,,,,,,,,,,,,,,,,,,,,,,,,,,,,,,,,,,,,,,,,,,,,,,,,,,,,,,,,,,,,,,,,,,,,,,,,,,,,,,,,,,,,,,,,,,,,,,,,,,,,,,,,,,,,,,,,,,,,,,,,,,,,,,,,,,,,,,,,,,,,,,,,,,,,,,,,,,,,,,,,,,,,,,,,,,,,,,,,,,,,,,,,,,,,,,,,,,,,,,,,,,,,,,,,,,,,,,,,,,,,,,,,,,,,,,,,,,,,,,,,,,,,,,,,,,,,,,,,,,,,,,,,,,,,,,,,,,,,,,,,,,,,,,,,,,,,,,,,,,,,,,,,,,,,,,,
KULTRA,Kathleen,Ultra,Kathleen.Ultra@chcheli.com,,Active,,fee75d23-d431-4147-8367-a2839aba2ea7,Kathleen.Ultra@chcheli.com,2026-04-08T18:15:01-07:00,2026-06-22T13:57:33-07:00,Kathleen.Ultra@chcheli.com,KULTRA,,,,,,,,MingleEnterprise,Infor-SuiteUser,MingleIONEnabled,HOMEPAGES-User,IDM-User,IDM-RelatedInformationUser,M3UI-USER,MASHUP-User,DocBits-User,,,,,,,,,,,,,,,,,,,,,,,,,,,,,,,,,,,,,,,,,,,,,,,,,,,,,,,,,,,,,,,,,,,,,,,,,,,,,,,,,,,,,,,,,,,,,,,,,,,,,,,,,,,,,,,,,,,,,,,,,,,,,,,,,,,,,,,,,,,,,,,,,,,,,,,,,,,,,,,,,,,,,,,,,,,,,,,,,,,,,,,,,,,,,,,,,,,,,,,,,,,,,,,,,,,,,,,,,,,,,,,,,,,,,,,,,,,,,,,,,,,,,,,,,,,,,,,,,,,,,,,,,,,,,,,,,,,,,,,,,,,,,,,,,,,,,,,,,,,,,,,,,,,,,,,,,,,,,,,,,,,,,,,,,,,,,,,,,,,,,,,,,,,,,,,,,,,,,,,,,,,,,,,,,,,,,,,,,,,,,,,,,,,,,,,,,,,,,,,,,,,,,,,,,,,,,,,,,,,,,,,,,,,,,,,,,,,,,,,,,,,,,,,,,,,,,,,,,,,,,,,,,,,,,,,,,,,,,,,,,,,,,,,,,,,,,,,,,,,,,,,,,,,,,,,,,,,,,,,,,,,,,,,,,,,,,,,,,,,,,,,,,,,,,,,,,,,,,,,,,,,,,,,,,,,,,,,,,,,,,,,,,,,,,,,,,,,,,,,,,,,,,,,,,,,,,,,,,,,,,,,,,,,,,,,,,,,,,,,,,,,,,,,,,,,,,,,,,,,,,,,,,,,,,,,
54e3be85-3c6d-47d5-b9e7-70bb0360a719,Akash,Datkhile,Akash.Datkhile@chcheli.com,Mr,Active,,54e3be85-3c6d-47d5-b9e7-70bb0360a719,Akash.Datkhile@chcheli.com,2026-04-20T07:11:41-07:00,2026-08-18T07:08:38-07:00,Akash.Datkhile@chcheli.com,ADATKHIL,,,,,,,,UserAdmin,DataAdministrator,Infor-SystemAdministrator,IFS-ExternalEntityAdmin,IFS-ReadOnlyUser,IFS-AuditReportUser,IFS-AuditAdministrator,IFS-MonitorReportUser,IFS-MonitorAdministrator,IFS-PasswordAdmin,MingleEnterprise,Infor-SuiteUser,MingleIONEnabled,MingleAdministrator,MingleDataAdministrator,PORTAL-User,PORTAL-ContentAdministrator,GRID-SystemAdministrator,GRID-Viewer,GRID-Administrator,HOMEPAGES-Administrator,HOMEPAGES-ContentAdministrator,HOMEPAGES-User,HOMEPAGES-ContentSupport,IONDeskSecurityAdmin,IONDeskAdmin,IONContentProvider,IONDeskOAuthGenerator,Mingle-LocatorView,IFSAdminContact,IONAPI-Tracing,IONAPI-User,IONAPI-Administrator,DATALAKE-User,DATALAKE-DataAdministrator,DATALAKE-SystemAdministrator,DECISIONSERVICE-Editor,DECISIONSERVICE-Approver,INBOX-PowerUser,SmartHelpUser,IDM-User,IDM-AdvancedUser,IDM-Administrator,IDM-SuperUser,IDM-RelatedInformationUser,IDM-SignatureUser,GDPR-Collaboration-ChiefDataProtectionOfficer,GDPR-Collaboration-DataProtectionOfficer,GDPR-App-Administrator,DATAFABRIC-SuperAdmin,DATAFABRIC-User,ENTERPRISESEARCH-Admin,ENTERPRISESEARCH-User,ENTERPRISESEARCH-PowerUser,M3EC-Administrator,M3EC-User,M3EC-ClientDesigntime,M3-DLSubscriptionAdmin,M3BE-FATAdmin-Exporter,M3UI-StartPageAdministrator,M3UI-DebugUser,M3UI-Administrator,M3UI-USER,M3UI-Designer,M3BDP-Administrator,M3BDP-USER,MASHUP-Administrator,MASHUP-User,IECEC-Administrator,IECEC-User,M3BE-FATAdmin,M3BE-FndAdmin,M3BE-FndUser,M3BE-ServicesAdmin,M3BE-CryptoAdmin,M3BE-ExtensionsAdmin,M3BE-ExtensionsViewer,M3BE-DBViewer,M3BE-DBAdmin,M3BE-FndFlagAdmin,M3BE-FileViewer,M3BE-FileAdmin,M3BE-ConfigAdmin,M3BE-ConfigUser,M3BE-LogEnabler,M3BE-SystemAdministrator,M3BE-DBAdmin-ReadToken,EVENTHUB-Administrator,EVENTHUB-User,M3MDP-USER,M3CE_About_Viewer,M3ENTERPRISESEARCH-Administrator,IPW-User,Birst-SystemAdministrator,Birst-User,MONGOOSE-UG-CoreFormsAdmin,MONGOOSE-UG-CoreFormsDeveloper,MONGOOSE-UG-CoreFormsEndUser,MONGOOSE-UG-CoreIDOs,MONGOOSE-LM-MGCoreAutomation,MONGOOSE-LM-MGCoreTrans,MONGOOSE-LM-MGDataViews,MONGOOSE-LM-MGDeveloper,MONGOOSE-LM-MGUserCreatedForms,MONGOOSE-LM-MGUserCreatedIDOs,MONGOOSE-LM-MGPAAS,MONGOOSE-LM-MGM3InterfaceForms,MONGOOSE-LM-MGM3InterfaceIDOs,MONGOOSE-LM-MGAppBuilder,APPBUILDER-Administrator,APPBUILDER-User,APPBUILDER-Designer,LCLLSP-User,LCLLSP-Admin,LCLLSP-PrivilegedUser,LCLLSP-ServiceAdmin,LCLLSP-AppAdmin,LCLLSP-SupAdmin,LCLLSP-StdAdmin,LCLLSP-StdUser,M3A Administrators,M3A Developers,M3A Procurement,M3A Finance,M3A Production,M3ADISBIRST-Model-Administrator,M3ADISBIRST-Extension-Administrator,M3ADISBIRST-Consumer-Administrator,M3ADISBIRST-User,M3A Warehouse,M3A Default Subject Area,IFSApplicationAdmin,IFS-ShowUserManagementUI,IFS-GroupsAdmin,IFS-GroupsUpdate,IFS-GroupsReadOnlyUser,IFS-ReadOnly,M3MDP-TESTAPI,INBOX-Admin,M3DMP-Contributor,M3UI-Approver,M3A Opportunity Management,IONAPI-Developer,M3CPW-User,IAD-DataMaintainer,IAD-Designer,IAD-Publisher,IAD-TemplateBuilder,M3ACM-User,M3ACM-Viewer,IPI-ModelerAdmin,IPI-ModelerViewer,IPI-ModelerDesigner,PORTAL-ContentPublisher,M3BE-PowerUser,M3BE-LicenseType1,M3BE-LicenseType2,M3BE-LicenseType3,M3BE-LicenseType6-FT,M3BE-LicenseType6-SHUB,M3HealthService-Administrator,IONAPI-BaaS-Administrator,IONAPI-BaaS-DataAdministrator,IONAPI-BaaS-Developer,IONAPI-BaaS-User,M3BE-DBUpdater,DATAFABRIC-HealthServiceAdmin,PORTAL-AnnouncementAdministrator,M3BE-DBAdmin-PrdToken,M3BE-LicenseType4,SMARTHELP-Administrator,DocBits-User,M3BE-FATAdmin-PRD-UpperLimitRuleToken,M3BE-FATAdmin-DeleteData,M3BE-FATAdmin-PRD-DeleteDataToken,M3BE-FATAdmin-PRD-ConfigureUpperLimit,,,,,,,,,,,,,,,,,,,,,,,,,,,,,,,,,,,,,,,,,,,,,,,,,,,,,,,,,,,,,,,,,,,,,,,,,,,,,,,,,,,,,,,,,,,,,,,,,,,,,,,,,,,,,,,,,,,,,,,,,,,,,,,,,,,,,,,,,,,,,,,,,,,,,,,,,,,,,,,,,,,,,,,,,,,,,,,,,,,,,,,,,,,,,,,,,,,,,,,,,,,,,,,,,,,,,,,,,,,,,,,,,,,,,,,,,,,,,,,,,,,,,,,,,,,,,,,,,,,,,,,,,,,,,,,,,,,,,,,,,,,,,,,,,,,,,,,,,,,,,,,,,,,,,,,,,,,,,,,,,,,,,,,,,,,,,,,,,,,,,,,,,,,,,,,,,,,,,,,,,,,,,,,,,,,,,,,,,,,,,,,,,,,,,,,,,,,,,,,,,,,,,,,,,,,,,,,,,,,,,,,,,,,,,,,,,,,,,,,,,,,,,,,,,,,,,,,,,,,,,,,,,,,,,,,,,,,,,,,,,,,,,,,,,,,,,,,,,,,,,,,,
ADUBEY,Anjali,Dubey,Anjali.Dubey@chcheli.com,,Active,,7d72086d-0db6-4e77-af9d-f66f301fb085,Anjali.Dubey@chcheli.com,2026-04-20T07:11:41-07:00,,Anjali.Dubey@chcheli.com,ADUBEY,,,,,,,,MingleEnterprise,Infor-SuiteUser,MingleIONEnabled,HOMEPAGES-User,IDM-User,IDM-RelatedInformationUser,M3UI-USER,MASHUP-User,,,,,,,,,,,,,,,,,,,,,,,,,,,,,,,,,,,,,,,,,,,,,,,,,,,,,,,,,,,,,,,,,,,,,,,,,,,,,,,,,,,,,,,,,,,,,,,,,,,,,,,,,,,,,,,,,,,,,,,,,,,,,,,,,,,,,,,,,,,,,,,,,,,,,,,,,,,,,,,,,,,,,,,,,,,,,,,,,,,,,,,,,,,,,,,,,,,,,,,,,,,,,,,,,,,,,,,,,,,,,,,,,,,,,,,,,,,,,,,,,,,,,,,,,,,,,,,,,,,,,,,,,,,,,,,,,,,,,,,,,,,,,,,,,,,,,,,,,,,,,,,,,,,,,,,,,,,,,,,,,,,,,,,,,,,,,,,,,,,,,,,,,,,,,,,,,,,,,,,,,,,,,,,,,,,,,,,,,,,,,,,,,,,,,,,,,,,,,,,,,,,,,,,,,,,,,,,,,,,,,,,,,,,,,,,,,,,,,,,,,,,,,,,,,,,,,,,,,,,,,,,,,,,,,,,,,,,,,,,,,,,,,,,,,,,,,,,,,,,,,,,,,,,,,,,,,,,,,,,,,,,,,,,,,,,,,,,,,,,,,,,,,,,,,,,,,,,,,,,,,,,,,,,,,,,,,,,,,,,,,,,,,,,,,,,,,,,,,,,,,,,,,,,,,,,,,,,,,,,,,,,,,,,,,,,,,,,,,,,,,,,,,,,,,,,,,,,,,,,,,,,,,,,,,,,,
3b8153b8-9073-4ba8-a6aa-9c6c9b80f5af,Akash,Kudekar,Akash.Kudekar@chcheli.com,,Active,,3b8153b8-9073-4ba8-a6aa-9c6c9b80f5af,Akash.Kudekar@chcheli.com,2026-04-20T07:15:27-07:00,,Akash.Kudekar@chcheli.com,AKUDEKAR,,,,,,,,MingleEnterprise,Infor-SuiteUser,MingleIONEnabled,HOMEPAGES-User,IDM-User,IDM-RelatedInformationUser,M3UI-USER,MASHUP-User,,,,,,,,,,,,,,,,,,,,,,,,,,,,,,,,,,,,,,,,,,,,,,,,,,,,,,,,,,,,,,,,,,,,,,,,,,,,,,,,,,,,,,,,,,,,,,,,,,,,,,,,,,,,,,,,,,,,,,,,,,,,,,,,,,,,,,,,,,,,,,,,,,,,,,,,,,,,,,,,,,,,,,,,,,,,,,,,,,,,,,,,,,,,,,,,,,,,,,,,,,,,,,,,,,,,,,,,,,,,,,,,,,,,,,,,,,,,,,,,,,,,,,,,,,,,,,,,,,,,,,,,,,,,,,,,,,,,,,,,,,,,,,,,,,,,,,,,,,,,,,,,,,,,,,,,,,,,,,,,,,,,,,,,,,,,,,,,,,,,,,,,,,,,,,,,,,,,,,,,,,,,,,,,,,,,,,,,,,,,,,,,,,,,,,,,,,,,,,,,,,,,,,,,,,,,,,,,,,,,,,,,,,,,,,,,,,,,,,,,,,,,,,,,,,,,,,,,,,,,,,,,,,,,,,,,,,,,,,,,,,,,,,,,,,,,,,,,,,,,,,,,,,,,,,,,,,,,,,,,,,,,,,,,,,,,,,,,,,,,,,,,,,,,,,,,,,,,,,,,,,,,,,,,,,,,,,,,,,,,,,,,,,,,,,,,,,,,,,,,,,,,,,,,,,,,,,,,,,,,,,,,,,,,,,,,,,,,,,,,,,,,,,,,,,,,,,,,,,,,,,,,,,,,,,,,
ANCOSTA,Anderson,Costa,Anderson.Costa@chcheli.com,,Active,,4869f790-81e2-4284-9631-ab21e607dbc4,Anderson.Costa@chcheli.com,2026-04-20T07:15:28-07:00,,Anderson.Costa@chcheli.com,ANCOSTA,,,,,,,,MingleEnterprise,Infor-SuiteUser,MingleIONEnabled,HOMEPAGES-User,IDM-User,IDM-RelatedInformationUser,M3UI-USER,MASHUP-User,,,,,,,,,,,,,,,,,,,,,,,,,,,,,,,,,,,,,,,,,,,,,,,,,,,,,,,,,,,,,,,,,,,,,,,,,,,,,,,,,,,,,,,,,,,,,,,,,,,,,,,,,,,,,,,,,,,,,,,,,,,,,,,,,,,,,,,,,,,,,,,,,,,,,,,,,,,,,,,,,,,,,,,,,,,,,,,,,,,,,,,,,,,,,,,,,,,,,,,,,,,,,,,,,,,,,,,,,,,,,,,,,,,,,,,,,,,,,,,,,,,,,,,,,,,,,,,,,,,,,,,,,,,,,,,,,,,,,,,,,,,,,,,,,,,,,,,,,,,,,,,,,,,,,,,,,,,,,,,,,,,,,,,,,,,,,,,,,,,,,,,,,,,,,,,,,,,,,,,,,,,,,,,,,,,,,,,,,,,,,,,,,,,,,,,,,,,,,,,,,,,,,,,,,,,,,,,,,,,,,,,,,,,,,,,,,,,,,,,,,,,,,,,,,,,,,,,,,,,,,,,,,,,,,,,,,,,,,,,,,,,,,,,,,,,,,,,,,,,,,,,,,,,,,,,,,,,,,,,,,,,,,,,,,,,,,,,,,,,,,,,,,,,,,,,,,,,,,,,,,,,,,,,,,,,,,,,,,,,,,,,,,,,,,,,,,,,,,,,,,,,,,,,,,,,,,,,,,,,,,,,,,,,,,,,,,,,,,,,,,,,,,,,,,,,,,,,,,,,,,,,,,,,,,,,,
AOLIVEIRA,Arthur,deOliveira,Arthur.deOliveira@chcheli.com,,Active,,5708faaf-4691-4a38-bbbe-565f6c125eb1,Arthur.deOliveira@chcheli.com,2026-04-20T07:15:28-07:00,,Arthur.deOliveira@chcheli.com,AOLIVEIRA,,,,,,,,MingleEnterprise,Infor-SuiteUser,MingleIONEnabled,HOMEPAGES-User,IDM-User,IDM-RelatedInformationUser,M3UI-USER,MASHUP-User,,,,,,,,,,,,,,,,,,,,,,,,,,,,,,,,,,,,,,,,,,,,,,,,,,,,,,,,,,,,,,,,,,,,,,,,,,,,,,,,,,,,,,,,,,,,,,,,,,,,,,,,,,,,,,,,,,,,,,,,,,,,,,,,,,,,,,,,,,,,,,,,,,,,,,,,,,,,,,,,,,,,,,,,,,,,,,,,,,,,,,,,,,,,,,,,,,,,,,,,,,,,,,,,,,,,,,,,,,,,,,,,,,,,,,,,,,,,,,,,,,,,,,,,,,,,,,,,,,,,,,,,,,,,,,,,,,,,,,,,,,,,,,,,,,,,,,,,,,,,,,,,,,,,,,,,,,,,,,,,,,,,,,,,,,,,,,,,,,,,,,,,,,,,,,,,,,,,,,,,,,,,,,,,,,,,,,,,,,,,,,,,,,,,,,,,,,,,,,,,,,,,,,,,,,,,,,,,,,,,,,,,,,,,,,,,,,,,,,,,,,,,,,,,,,,,,,,,,,,,,,,,,,,,,,,,,,,,,,,,,,,,,,,,,,,,,,,,,,,,,,,,,,,,,,,,,,,,,,,,,,,,,,,,,,,,,,,,,,,,,,,,,,,,,,,,,,,,,,,,,,,,,,,,,,,,,,,,,,,,,,,,,,,,,,,,,,,,,,,,,,,,,,,,,,,,,,,,,,,,,,,,,,,,,,,,,,,,,,,,,,,,,,,,,,,,,,,,,,,,,,,,,,,,,,,,
AREWERA,Aleksandra,Rewera,Aleksandra.Rewera@heli-one.com,,Active,,199c3f92-c8f3-430b-a09c-751850773004,Aleksandra.Rewera@heli-one.com,2026-04-20T07:15:28-07:00,2026-07-30T06:44:27-07:00,Aleksandra.Rewera@heli-one.com,AREWERA,,,,,,,,MingleEnterprise,Infor-SuiteUser,MingleIONEnabled,HOMEPAGES-User,IDM-User,IDM-RelatedInformationUser,M3UI-USER,MASHUP-User,,,,,,,,,,,,,,,,,,,,,,,,,,,,,,,,,,,,,,,,,,,,,,,,,,,,,,,,,,,,,,,,,,,,,,,,,,,,,,,,,,,,,,,,,,,,,,,,,,,,,,,,,,,,,,,,,,,,,,,,,,,,,,,,,,,,,,,,,,,,,,,,,,,,,,,,,,,,,,,,,,,,,,,,,,,,,,,,,,,,,,,,,,,,,,,,,,,,,,,,,,,,,,,,,,,,,,,,,,,,,,,,,,,,,,,,,,,,,,,,,,,,,,,,,,,,,,,,,,,,,,,,,,,,,,,,,,,,,,,,,,,,,,,,,,,,,,,,,,,,,,,,,,,,,,,,,,,,,,,,,,,,,,,,,,,,,,,,,,,,,,,,,,,,,,,,,,,,,,,,,,,,,,,,,,,,,,,,,,,,,,,,,,,,,,,,,,,,,,,,,,,,,,,,,,,,,,,,,,,,,,,,,,,,,,,,,,,,,,,,,,,,,,,,,,,,,,,,,,,,,,,,,,,,,,,,,,,,,,,,,,,,,,,,,,,,,,,,,,,,,,,,,,,,,,,,,,,,,,,,,,,,,,,,,,,,,,,,,,,,,,,,,,,,,,,,,,,,,,,,,,,,,,,,,,,,,,,,,,,,,,,,,,,,,,,,,,,,,,,,,,,,,,,,,,,,,,,,,,,,,,,,,,,,,,,,,,,,,,,,,,,,,,,,,,,,,,,,,,,,,,,,,,,,,,,,
ASZUBERL,Artur,Szuberla,Artur.Szuberla@chcheli.com,Enterprise Applications Analyst,Active,,d8b9742e-047f-4067-825d-bd3298f25970,Artur.Szuberla@chcheli.com,2026-04-20T07:15:29-07:00,2026-04-20T23:50:08-07:00,Artur.Szuberla@chcheli.com,ASZUBERL,,,,,,,,MingleEnterprise,Infor-SuiteUser,MingleIONEnabled,HOMEPAGES-User,IDM-User,IDM-RelatedInformationUser,M3UI-USER,MASHUP-User,,,,,,,,,,,,,,,,,,,,,,,,,,,,,,,,,,,,,,,,,,,,,,,,,,,,,,,,,,,,,,,,,,,,,,,,,,,,,,,,,,,,,,,,,,,,,,,,,,,,,,,,,,,,,,,,,,,,,,,,,,,,,,,,,,,,,,,,,,,,,,,,,,,,,,,,,,,,,,,,,,,,,,,,,,,,,,,,,,,,,,,,,,,,,,,,,,,,,,,,,,,,,,,,,,,,,,,,,,,,,,,,,,,,,,,,,,,,,,,,,,,,,,,,,,,,,,,,,,,,,,,,,,,,,,,,,,,,,,,,,,,,,,,,,,,,,,,,,,,,,,,,,,,,,,,,,,,,,,,,,,,,,,,,,,,,,,,,,,,,,,,,,,,,,,,,,,,,,,,,,,,,,,,,,,,,,,,,,,,,,,,,,,,,,,,,,,,,,,,,,,,,,,,,,,,,,,,,,,,,,,,,,,,,,,,,,,,,,,,,,,,,,,,,,,,,,,,,,,,,,,,,,,,,,,,,,,,,,,,,,,,,,,,,,,,,,,,,,,,,,,,,,,,,,,,,,,,,,,,,,,,,,,,,,,,,,,,,,,,,,,,,,,,,,,,,,,,,,,,,,,,,,,,,,,,,,,,,,,,,,,,,,,,,,,,,,,,,,,,,,,,,,,,,,,,,,,,,,,,,,,,,,,,,,,,,,,,,,,,,,,,,,,,,,,,,,,,,,,,,,,,,,,,,,,,,
AVIEIRA,Alessandro,Vieira,Alessandro.Vieira@chcheli.com,,Active,,00d65338-1975-4a7f-b802-c4a11bf4211e,Alessandro.Vieira@chcheli.com,2026-04-20T07:15:29-07:00,,Alessandro.Vieira@chcheli.com,AVIEIRA,,,,,,,,MingleEnterprise,Infor-SuiteUser,MingleIONEnabled,HOMEPAGES-User,IDM-User,IDM-RelatedInformationUser,M3UI-USER,MASHUP-User,,,,,,,,,,,,,,,,,,,,,,,,,,,,,,,,,,,,,,,,,,,,,,,,,,,,,,,,,,,,,,,,,,,,,,,,,,,,,,,,,,,,,,,,,,,,,,,,,,,,,,,,,,,,,,,,,,,,,,,,,,,,,,,,,,,,,,,,,,,,,,,,,,,,,,,,,,,,,,,,,,,,,,,,,,,,,,,,,,,,,,,,,,,,,,,,,,,,,,,,,,,,,,,,,,,,,,,,,,,,,,,,,,,,,,,,,,,,,,,,,,,,,,,,,,,,,,,,,,,,,,,,,,,,,,,,,,,,,,,,,,,,,,,,,,,,,,,,,,,,,,,,,,,,,,,,,,,,,,,,,,,,,,,,,,,,,,,,,,,,,,,,,,,,,,,,,,,,,,,,,,,,,,,,,,,,,,,,,,,,,,,,,,,,,,,,,,,,,,,,,,,,,,,,,,,,,,,,,,,,,,,,,,,,,,,,,,,,,,,,,,,,,,,,,,,,,,,,,,,,,,,,,,,,,,,,,,,,,,,,,,,,,,,,,,,,,,,,,,,,,,,,,,,,,,,,,,,,,,,,,,,,,,,,,,,,,,,,,,,,,,,,,,,,,,,,,,,,,,,,,,,,,,,,,,,,,,,,,,,,,,,,,,,,,,,,,,,,,,,,,,,,,,,,,,,,,,,,,,,,,,,,,,,,,,,,,,,,,,,,,,,,,,,,,,,,,,,,,,,,,,,,,,,,,,,,
BEHESS,Beat,Hess,Beat.Hess@chcheli.com,,Active,,a993af7c-d84c-4c21-9a31-a9e7cc10d0c3,Beat.Hess@chcheli.com,2026-04-20T07:15:30-07:00,,Beat.Hess@chcheli.com,BEHESS,,,,,,,,MingleEnterprise,Infor-SuiteUser,MingleIONEnabled,HOMEPAGES-User,IDM-User,IDM-RelatedInformationUser,M3UI-USER,MASHUP-User,,,,,,,,,,,,,,,,,,,,,,,,,,,,,,,,,,,,,,,,,,,,,,,,,,,,,,,,,,,,,,,,,,,,,,,,,,,,,,,,,,,,,,,,,,,,,,,,,,,,,,,,,,,,,,,,,,,,,,,,,,,,,,,,,,,,,,,,,,,,,,,,,,,,,,,,,,,,,,,,,,,,,,,,,,,,,,,,,,,,,,,,,,,,,,,,,,,,,,,,,,,,,,,,,,,,,,,,,,,,,,,,,,,,,,,,,,,,,,,,,,,,,,,,,,,,,,,,,,,,,,,,,,,,,,,,,,,,,,,,,,,,,,,,,,,,,,,,,,,,,,,,,,,,,,,,,,,,,,,,,,,,,,,,,,,,,,,,,,,,,,,,,,,,,,,,,,,,,,,,,,,,,,,,,,,,,,,,,,,,,,,,,,,,,,,,,,,,,,,,,,,,,,,,,,,,,,,,,,,,,,,,,,,,,,,,,,,,,,,,,,,,,,,,,,,,,,,,,,,,,,,,,,,,,,,,,,,,,,,,,,,,,,,,,,,,,,,,,,,,,,,,,,,,,,,,,,,,,,,,,,,,,,,,,,,,,,,,,,,,,,,,,,,,,,,,,,,,,,,,,,,,,,,,,,,,,,,,,,,,,,,,,,,,,,,,,,,,,,,,,,,,,,,,,,,,,,,,,,,,,,,,,,,,,,,,,,,,,,,,,,,,,,,,,,,,,,,,,,,,,,,,,,,,,,,,
BSTUSIK,berenika,stusik,berenika.stusik@chcheli.com,,Active,,2c157ed3-f9ad-40c2-8970-1cc08bc3f2de,berenika.stusik@chcheli.com,2026-04-20T07:15:32-07:00,2026-04-21T02:25:07-07:00,berenika.stusik@chcheli.com,BSTUSIK,,,,,,,,MingleEnterprise,Infor-SuiteUser,MingleIONEnabled,HOMEPAGES-User,IDM-User,IDM-RelatedInformationUser,M3UI-USER,MASHUP-User,,,,,,,,,,,,,,,,,,,,,,,,,,,,,,,,,,,,,,,,,,,,,,,,,,,,,,,,,,,,,,,,,,,,,,,,,,,,,,,,,,,,,,,,,,,,,,,,,,,,,,,,,,,,,,,,,,,,,,,,,,,,,,,,,,,,,,,,,,,,,,,,,,,,,,,,,,,,,,,,,,,,,,,,,,,,,,,,,,,,,,,,,,,,,,,,,,,,,,,,,,,,,,,,,,,,,,,,,,,,,,,,,,,,,,,,,,,,,,,,,,,,,,,,,,,,,,,,,,,,,,,,,,,,,,,,,,,,,,,,,,,,,,,,,,,,,,,,,,,,,,,,,,,,,,,,,,,,,,,,,,,,,,,,,,,,,,,,,,,,,,,,,,,,,,,,,,,,,,,,,,,,,,,,,,,,,,,,,,,,,,,,,,,,,,,,,,,,,,,,,,,,,,,,,,,,,,,,,,,,,,,,,,,,,,,,,,,,,,,,,,,,,,,,,,,,,,,,,,,,,,,,,,,,,,,,,,,,,,,,,,,,,,,,,,,,,,,,,,,,,,,,,,,,,,,,,,,,,,,,,,,,,,,,,,,,,,,,,,,,,,,,,,,,,,,,,,,,,,,,,,,,,,,,,,,,,,,,,,,,,,,,,,,,,,,,,,,,,,,,,,,,,,,,,,,,,,,,,,,,,,,,,,,,,,,,,,,,,,,,,,,,,,,,,,,,,,,,,,,,,,,,,,,,,,,,
CMONTILL,Claudine,Montilla,Claudine.Montilla@chcheli.com,Accounting Analyst,Active,,d6e9fc4c-c86a-4e8b-80e4-50a4871ce855,Claudine.Montilla@chcheli.com,2026-04-20T07:15:33-07:00,2026-07-13T19:36:30-07:00,Claudine.Montilla@chcheli.com,CMONTILL,,,,,,,,MingleEnterprise,Infor-SuiteUser,MingleIONEnabled,HOMEPAGES-User,IDM-User,IDM-RelatedInformationUser,M3UI-USER,MASHUP-User,,,,,,,,,,,,,,,,,,,,,,,,,,,,,,,,,,,,,,,,,,,,,,,,,,,,,,,,,,,,,,,,,,,,,,,,,,,,,,,,,,,,,,,,,,,,,,,,,,,,,,,,,,,,,,,,,,,,,,,,,,,,,,,,,,,,,,,,,,,,,,,,,,,,,,,,,,,,,,,,,,,,,,,,,,,,,,,,,,,,,,,,,,,,,,,,,,,,,,,,,,,,,,,,,,,,,,,,,,,,,,,,,,,,,,,,,,,,,,,,,,,,,,,,,,,,,,,,,,,,,,,,,,,,,,,,,,,,,,,,,,,,,,,,,,,,,,,,,,,,,,,,,,,,,,,,,,,,,,,,,,,,,,,,,,,,,,,,,,,,,,,,,,,,,,,,,,,,,,,,,,,,,,,,,,,,,,,,,,,,,,,,,,,,,,,,,,,,,,,,,,,,,,,,,,,,,,,,,,,,,,,,,,,,,,,,,,,,,,,,,,,,,,,,,,,,,,,,,,,,,,,,,,,,,,,,,,,,,,,,,,,,,,,,,,,,,,,,,,,,,,,,,,,,,,,,,,,,,,,,,,,,,,,,,,,,,,,,,,,,,,,,,,,,,,,,,,,,,,,,,,,,,,,,,,,,,,,,,,,,,,,,,,,,,,,,,,,,,,,,,,,,,,,,,,,,,,,,,,,,,,,,,,,,,,,,,,,,,,,,,,,,,,,,,,,,,,,,,,,,,,,,,,,,,,,,
CNUNES,Carlos,Nunes,Carlos.Nunes@chcheli.com,,Active,,76895e8e-e773-4942-889f-b09c2bc0caf6,Carlos.Nunes@chcheli.com,2026-04-20T07:15:33-07:00,,Carlos.Nunes@chcheli.com,CNUNES,,,,,,,,MingleEnterprise,Infor-SuiteUser,MingleIONEnabled,HOMEPAGES-User,IDM-User,IDM-RelatedInformationUser,M3UI-USER,MASHUP-User,,,,,,,,,,,,,,,,,,,,,,,,,,,,,,,,,,,,,,,,,,,,,,,,,,,,,,,,,,,,,,,,,,,,,,,,,,,,,,,,,,,,,,,,,,,,,,,,,,,,,,,,,,,,,,,,,,,,,,,,,,,,,,,,,,,,,,,,,,,,,,,,,,,,,,,,,,,,,,,,,,,,,,,,,,,,,,,,,,,,,,,,,,,,,,,,,,,,,,,,,,,,,,,,,,,,,,,,,,,,,,,,,,,,,,,,,,,,,,,,,,,,,,,,,,,,,,,,,,,,,,,,,,,,,,,,,,,,,,,,,,,,,,,,,,,,,,,,,,,,,,,,,,,,,,,,,,,,,,,,,,,,,,,,,,,,,,,,,,,,,,,,,,,,,,,,,,,,,,,,,,,,,,,,,,,,,,,,,,,,,,,,,,,,,,,,,,,,,,,,,,,,,,,,,,,,,,,,,,,,,,,,,,,,,,,,,,,,,,,,,,,,,,,,,,,,,,,,,,,,,,,,,,,,,,,,,,,,,,,,,,,,,,,,,,,,,,,,,,,,,,,,,,,,,,,,,,,,,,,,,,,,,,,,,,,,,,,,,,,,,,,,,,,,,,,,,,,,,,,,,,,,,,,,,,,,,,,,,,,,,,,,,,,,,,,,,,,,,,,,,,,,,,,,,,,,,,,,,,,,,,,,,,,,,,,,,,,,,,,,,,,,,,,,,,,,,,,,,,,,,,,,,,,,,,,,
CPEREIRA,Cleber,Pereira,Cleber.Pereira@chcheli.com,,Active,,6816e348-9560-4c6f-ad78-e95ff984f846,Cleber.Pereira@chcheli.com,2026-04-20T07:15:34-07:00,,Cleber.Pereira@chcheli.com,CPEREIRA,,,,,,,,MingleEnterprise,Infor-SuiteUser,MingleIONEnabled,HOMEPAGES-User,IDM-User,IDM-RelatedInformationUser,M3UI-USER,MASHUP-User,,,,,,,,,,,,,,,,,,,,,,,,,,,,,,,,,,,,,,,,,,,,,,,,,,,,,,,,,,,,,,,,,,,,,,,,,,,,,,,,,,,,,,,,,,,,,,,,,,,,,,,,,,,,,,,,,,,,,,,,,,,,,,,,,,,,,,,,,,,,,,,,,,,,,,,,,,,,,,,,,,,,,,,,,,,,,,,,,,,,,,,,,,,,,,,,,,,,,,,,,,,,,,,,,,,,,,,,,,,,,,,,,,,,,,,,,,,,,,,,,,,,,,,,,,,,,,,,,,,,,,,,,,,,,,,,,,,,,,,,,,,,,,,,,,,,,,,,,,,,,,,,,,,,,,,,,,,,,,,,,,,,,,,,,,,,,,,,,,,,,,,,,,,,,,,,,,,,,,,,,,,,,,,,,,,,,,,,,,,,,,,,,,,,,,,,,,,,,,,,,,,,,,,,,,,,,,,,,,,,,,,,,,,,,,,,,,,,,,,,,,,,,,,,,,,,,,,,,,,,,,,,,,,,,,,,,,,,,,,,,,,,,,,,,,,,,,,,,,,,,,,,,,,,,,,,,,,,,,,,,,,,,,,,,,,,,,,,,,,,,,,,,,,,,,,,,,,,,,,,,,,,,,,,,,,,,,,,,,,,,,,,,,,,,,,,,,,,,,,,,,,,,,,,,,,,,,,,,,,,,,,,,,,,,,,,,,,,,,,,,,,,,,,,,,,,,,,,,,,,,,,,,,,,,,,,
CROBERTO,Caio,Roberto,Caio.Roberto@chcheli.com,,Active,,7af0b8c6-1bae-4413-8ab2-bccd8d457410,Caio.Roberto@chcheli.com,2026-04-20T07:15:34-07:00,,Caio.Roberto@chcheli.com,CROBERTO,,,,,,,,MingleEnterprise,Infor-SuiteUser,MingleIONEnabled,HOMEPAGES-User,IDM-User,IDM-RelatedInformationUser,M3UI-USER,MASHUP-User,,,,,,,,,,,,,,,,,,,,,,,,,,,,,,,,,,,,,,,,,,,,,,,,,,,,,,,,,,,,,,,,,,,,,,,,,,,,,,,,,,,,,,,,,,,,,,,,,,,,,,,,,,,,,,,,,,,,,,,,,,,,,,,,,,,,,,,,,,,,,,,,,,,,,,,,,,,,,,,,,,,,,,,,,,,,,,,,,,,,,,,,,,,,,,,,,,,,,,,,,,,,,,,,,,,,,,,,,,,,,,,,,,,,,,,,,,,,,,,,,,,,,,,,,,,,,,,,,,,,,,,,,,,,,,,,,,,,,,,,,,,,,,,,,,,,,,,,,,,,,,,,,,,,,,,,,,,,,,,,,,,,,,,,,,,,,,,,,,,,,,,,,,,,,,,,,,,,,,,,,,,,,,,,,,,,,,,,,,,,,,,,,,,,,,,,,,,,,,,,,,,,,,,,,,,,,,,,,,,,,,,,,,,,,,,,,,,,,,,,,,,,,,,,,,,,,,,,,,,,,,,,,,,,,,,,,,,,,,,,,,,,,,,,,,,,,,,,,,,,,,,,,,,,,,,,,,,,,,,,,,,,,,,,,,,,,,,,,,,,,,,,,,,,,,,,,,,,,,,,,,,,,,,,,,,,,,,,,,,,,,,,,,,,,,,,,,,,,,,,,,,,,,,,,,,,,,,,,,,,,,,,,,,,,,,,,,,,,,,,,,,,,,,,,,,,,,,,,,,,,,,,,,,,,,,,
CVIRGENS,Cristiane,Virgens,Cristiane.Virgens@chcheli.com,,Active,,4c7982e6-ff38-43fd-ab5c-77d194a8f372,Cristiane.Virgens@chcheli.com,2026-04-20T07:15:34-07:00,,Cristiane.Virgens@chcheli.com,CVIRGENS,,,,,,,,MingleEnterprise,Infor-SuiteUser,MingleIONEnabled,HOMEPAGES-User,IDM-User,IDM-RelatedInformationUser,M3UI-USER,MASHUP-User,SRAPS111CLRW,,,,,,,,,,,,,,,,,,,,,,,,,,,,,,,,,,,,,,,,,,,,,,,,,,,,,,,,,,,,,,,,,,,,,,,,,,,,,,,,,,,,,,,,,,,,,,,,,,,,,,,,,,,,,,,,,,,,,,,,,,,,,,,,,,,,,,,,,,,,,,,,,,,,,,,,,,,,,,,,,,,,,,,,,,,,,,,,,,,,,,,,,,,,,,,,,,,,,,,,,,,,,,,,,,,,,,,,,,,,,,,,,,,,,,,,,,,,,,,,,,,,,,,,,,,,,,,,,,,,,,,,,,,,,,,,,,,,,,,,,,,,,,,,,,,,,,,,,,,,,,,,,,,,,,,,,,,,,,,,,,,,,,,,,,,,,,,,,,,,,,,,,,,,,,,,,,,,,,,,,,,,,,,,,,,,,,,,,,,,,,,,,,,,,,,,,,,,,,,,,,,,,,,,,,,,,,,,,,,,,,,,,,,,,,,,,,,,,,,,,,,,,,,,,,,,,,,,,,,,,,,,,,,,,,,,,,,,,,,,,,,,,,,,,,,,,,,,,,,,,,,,,,,,,,,,,,,,,,,,,,,,,,,,,,,,,,,,,,,,,,,,,,,,,,,,,,,,,,,,,,,,,,,,,,,,,,,,,,,,,,,,,,,,,,,,,,,,,,,,,,,,,,,,,,,,,,,,,,,,,,,,,,,,,,,,,,,,,,,,,,,,,,,,,,,,,,,,,,,,,,,,,,,,,,,
DDALVI,Diksha,Dalvi,Diksha.Dalvi@CHCHeli.com,,Active,,fbf30f95-9935-41a2-b9b3-2bb004ee2de3,Diksha.Dalvi@CHCHeli.com,2026-04-20T07:15:35-07:00,,Diksha.Dalvi@CHCHeli.com,DDALVI,,,,,,,,MingleEnterprise,Infor-SuiteUser,MingleIONEnabled,HOMEPAGES-User,IDM-User,IDM-RelatedInformationUser,M3UI-USER,MASHUP-User,,,,,,,,,,,,,,,,,,,,,,,,,,,,,,,,,,,,,,,,,,,,,,,,,,,,,,,,,,,,,,,,,,,,,,,,,,,,,,,,,,,,,,,,,,,,,,,,,,,,,,,,,,,,,,,,,,,,,,,,,,,,,,,,,,,,,,,,,,,,,,,,,,,,,,,,,,,,,,,,,,,,,,,,,,,,,,,,,,,,,,,,,,,,,,,,,,,,,,,,,,,,,,,,,,,,,,,,,,,,,,,,,,,,,,,,,,,,,,,,,,,,,,,,,,,,,,,,,,,,,,,,,,,,,,,,,,,,,,,,,,,,,,,,,,,,,,,,,,,,,,,,,,,,,,,,,,,,,,,,,,,,,,,,,,,,,,,,,,,,,,,,,,,,,,,,,,,,,,,,,,,,,,,,,,,,,,,,,,,,,,,,,,,,,,,,,,,,,,,,,,,,,,,,,,,,,,,,,,,,,,,,,,,,,,,,,,,,,,,,,,,,,,,,,,,,,,,,,,,,,,,,,,,,,,,,,,,,,,,,,,,,,,,,,,,,,,,,,,,,,,,,,,,,,,,,,,,,,,,,,,,,,,,,,,,,,,,,,,,,,,,,,,,,,,,,,,,,,,,,,,,,,,,,,,,,,,,,,,,,,,,,,,,,,,,,,,,,,,,,,,,,,,,,,,,,,,,,,,,,,,,,,,,,,,,,,,,,,,,,,,,,,,,,,,,,,,,,,,,,,,,,,,,,,,,,
83e4ee5d-6ef0-4d82-be5c-b8ca50d328dd,Davide,Guastalli,Davide.Guastalli@chcheli.com,,Active,,83e4ee5d-6ef0-4d82-be5c-b8ca50d328dd,Davide.Guastalli@chcheli.com,2026-04-20T07:15:35-07:00,,Davide.Guastalli@chcheli.com,DGUASTAL,,,,,,,,MingleEnterprise,Infor-SuiteUser,MingleIONEnabled,HOMEPAGES-User,IDM-User,IDM-RelatedInformationUser,M3UI-USER,MASHUP-User,,,,,,,,,,,,,,,,,,,,,,,,,,,,,,,,,,,,,,,,,,,,,,,,,,,,,,,,,,,,,,,,,,,,,,,,,,,,,,,,,,,,,,,,,,,,,,,,,,,,,,,,,,,,,,,,,,,,,,,,,,,,,,,,,,,,,,,,,,,,,,,,,,,,,,,,,,,,,,,,,,,,,,,,,,,,,,,,,,,,,,,,,,,,,,,,,,,,,,,,,,,,,,,,,,,,,,,,,,,,,,,,,,,,,,,,,,,,,,,,,,,,,,,,,,,,,,,,,,,,,,,,,,,,,,,,,,,,,,,,,,,,,,,,,,,,,,,,,,,,,,,,,,,,,,,,,,,,,,,,,,,,,,,,,,,,,,,,,,,,,,,,,,,,,,,,,,,,,,,,,,,,,,,,,,,,,,,,,,,,,,,,,,,,,,,,,,,,,,,,,,,,,,,,,,,,,,,,,,,,,,,,,,,,,,,,,,,,,,,,,,,,,,,,,,,,,,,,,,,,,,,,,,,,,,,,,,,,,,,,,,,,,,,,,,,,,,,,,,,,,,,,,,,,,,,,,,,,,,,,,,,,,,,,,,,,,,,,,,,,,,,,,,,,,,,,,,,,,,,,,,,,,,,,,,,,,,,,,,,,,,,,,,,,,,,,,,,,,,,,,,,,,,,,,,,,,,,,,,,,,,,,,,,,,,,,,,,,,,,,,,,,,,,,,,,,,,,,,,,,,,,,,,,,,,,,
DHADDEN,dorothy,reid,dorothy.reid@chcheli.com,,Active,,2ba86fcb-9536-4f86-a5e4-cebe001b71f3,dorothy.reid@chcheli.com,2026-04-20T07:15:35-07:00,,dorothy.reid@chcheli.com,DHADDEN,,,,,,,,MingleEnterprise,Infor-SuiteUser,MingleIONEnabled,HOMEPAGES-User,IDM-User,IDM-RelatedInformationUser,M3UI-USER,MASHUP-User,,,,,,,,,,,,,,,,,,,,,,,,,,,,,,,,,,,,,,,,,,,,,,,,,,,,,,,,,,,,,,,,,,,,,,,,,,,,,,,,,,,,,,,,,,,,,,,,,,,,,,,,,,,,,,,,,,,,,,,,,,,,,,,,,,,,,,,,,,,,,,,,,,,,,,,,,,,,,,,,,,,,,,,,,,,,,,,,,,,,,,,,,,,,,,,,,,,,,,,,,,,,,,,,,,,,,,,,,,,,,,,,,,,,,,,,,,,,,,,,,,,,,,,,,,,,,,,,,,,,,,,,,,,,,,,,,,,,,,,,,,,,,,,,,,,,,,,,,,,,,,,,,,,,,,,,,,,,,,,,,,,,,,,,,,,,,,,,,,,,,,,,,,,,,,,,,,,,,,,,,,,,,,,,,,,,,,,,,,,,,,,,,,,,,,,,,,,,,,,,,,,,,,,,,,,,,,,,,,,,,,,,,,,,,,,,,,,,,,,,,,,,,,,,,,,,,,,,,,,,,,,,,,,,,,,,,,,,,,,,,,,,,,,,,,,,,,,,,,,,,,,,,,,,,,,,,,,,,,,,,,,,,,,,,,,,,,,,,,,,,,,,,,,,,,,,,,,,,,,,,,,,,,,,,,,,,,,,,,,,,,,,,,,,,,,,,,,,,,,,,,,,,,,,,,,,,,,,,,,,,,,,,,,,,,,,,,,,,,,,,,,,,,,,,,,,,,,,,,,,,,,,,,,,,,,,
DHALYS,Dominika,Halys,Dominika.Halys@chcheli.com,,Active,,c80491e3-2bfb-4cf7-a436-8965ab7610fc,Dominika.Halys@chcheli.com,2026-04-20T07:15:36-07:00,,Dominika.Halys@chcheli.com,DHALYS,,,,,,,,MingleEnterprise,Infor-SuiteUser,MingleIONEnabled,HOMEPAGES-User,IDM-User,IDM-RelatedInformationUser,M3UI-USER,MASHUP-User,,,,,,,,,,,,,,,,,,,,,,,,,,,,,,,,,,,,,,,,,,,,,,,,,,,,,,,,,,,,,,,,,,,,,,,,,,,,,,,,,,,,,,,,,,,,,,,,,,,,,,,,,,,,,,,,,,,,,,,,,,,,,,,,,,,,,,,,,,,,,,,,,,,,,,,,,,,,,,,,,,,,,,,,,,,,,,,,,,,,,,,,,,,,,,,,,,,,,,,,,,,,,,,,,,,,,,,,,,,,,,,,,,,,,,,,,,,,,,,,,,,,,,,,,,,,,,,,,,,,,,,,,,,,,,,,,,,,,,,,,,,,,,,,,,,,,,,,,,,,,,,,,,,,,,,,,,,,,,,,,,,,,,,,,,,,,,,,,,,,,,,,,,,,,,,,,,,,,,,,,,,,,,,,,,,,,,,,,,,,,,,,,,,,,,,,,,,,,,,,,,,,,,,,,,,,,,,,,,,,,,,,,,,,,,,,,,,,,,,,,,,,,,,,,,,,,,,,,,,,,,,,,,,,,,,,,,,,,,,,,,,,,,,,,,,,,,,,,,,,,,,,,,,,,,,,,,,,,,,,,,,,,,,,,,,,,,,,,,,,,,,,,,,,,,,,,,,,,,,,,,,,,,,,,,,,,,,,,,,,,,,,,,,,,,,,,,,,,,,,,,,,,,,,,,,,,,,,,,,,,,,,,,,,,,,,,,,,,,,,,,,,,,,,,,,,,,,,,,,,,,,,,,,,,,,,
DKELLY,David,Kelly,David.Kelly@chcheli.com,,Active,,565f7703-8334-4bbc-bfe2-20bca1ba45aa,David.Kelly@chcheli.com,2026-04-20T07:15:36-07:00,,David.Kelly@chcheli.com,DKELLY,,,,,,,,MingleEnterprise,Infor-SuiteUser,MingleIONEnabled,HOMEPAGES-User,IDM-User,IDM-RelatedInformationUser,M3UI-USER,MASHUP-User,,,,,,,,,,,,,,,,,,,,,,,,,,,,,,,,,,,,,,,,,,,,,,,,,,,,,,,,,,,,,,,,,,,,,,,,,,,,,,,,,,,,,,,,,,,,,,,,,,,,,,,,,,,,,,,,,,,,,,,,,,,,,,,,,,,,,,,,,,,,,,,,,,,,,,,,,,,,,,,,,,,,,,,,,,,,,,,,,,,,,,,,,,,,,,,,,,,,,,,,,,,,,,,,,,,,,,,,,,,,,,,,,,,,,,,,,,,,,,,,,,,,,,,,,,,,,,,,,,,,,,,,,,,,,,,,,,,,,,,,,,,,,,,,,,,,,,,,,,,,,,,,,,,,,,,,,,,,,,,,,,,,,,,,,,,,,,,,,,,,,,,,,,,,,,,,,,,,,,,,,,,,,,,,,,,,,,,,,,,,,,,,,,,,,,,,,,,,,,,,,,,,,,,,,,,,,,,,,,,,,,,,,,,,,,,,,,,,,,,,,,,,,,,,,,,,,,,,,,,,,,,,,,,,,,,,,,,,,,,,,,,,,,,,,,,,,,,,,,,,,,,,,,,,,,,,,,,,,,,,,,,,,,,,,,,,,,,,,,,,,,,,,,,,,,,,,,,,,,,,,,,,,,,,,,,,,,,,,,,,,,,,,,,,,,,,,,,,,,,,,,,,,,,,,,,,,,,,,,,,,,,,,,,,,,,,,,,,,,,,,,,,,,,,,,,,,,,,,,,,,,,,,,,,,,,,
DLOS,Dawid,Los,Dawid.Los@chcheli.com,,Active,,46dcafe9-fe98-4557-b8a3-c25f4b91abb6,Dawid.Los@chcheli.com,2026-04-20T07:15:36-07:00,,Dawid.Los@chcheli.com,DLOS,,,,,,,,MingleEnterprise,Infor-SuiteUser,MingleIONEnabled,HOMEPAGES-User,IDM-User,IDM-RelatedInformationUser,M3UI-USER,MASHUP-User,,,,,,,,,,,,,,,,,,,,,,,,,,,,,,,,,,,,,,,,,,,,,,,,,,,,,,,,,,,,,,,,,,,,,,,,,,,,,,,,,,,,,,,,,,,,,,,,,,,,,,,,,,,,,,,,,,,,,,,,,,,,,,,,,,,,,,,,,,,,,,,,,,,,,,,,,,,,,,,,,,,,,,,,,,,,,,,,,,,,,,,,,,,,,,,,,,,,,,,,,,,,,,,,,,,,,,,,,,,,,,,,,,,,,,,,,,,,,,,,,,,,,,,,,,,,,,,,,,,,,,,,,,,,,,,,,,,,,,,,,,,,,,,,,,,,,,,,,,,,,,,,,,,,,,,,,,,,,,,,,,,,,,,,,,,,,,,,,,,,,,,,,,,,,,,,,,,,,,,,,,,,,,,,,,,,,,,,,,,,,,,,,,,,,,,,,,,,,,,,,,,,,,,,,,,,,,,,,,,,,,,,,,,,,,,,,,,,,,,,,,,,,,,,,,,,,,,,,,,,,,,,,,,,,,,,,,,,,,,,,,,,,,,,,,,,,,,,,,,,,,,,,,,,,,,,,,,,,,,,,,,,,,,,,,,,,,,,,,,,,,,,,,,,,,,,,,,,,,,,,,,,,,,,,,,,,,,,,,,,,,,,,,,,,,,,,,,,,,,,,,,,,,,,,,,,,,,,,,,,,,,,,,,,,,,,,,,,,,,,,,,,,,,,,,,,,,,,,,,,,,,,,,,,,,,,
DOSSANTO,Denis,dosSantos,Denis.dosSantos@chcheli.com,,Active,,a19fe391-4a5b-4152-b3b9-7bba5d49ec8a,Denis.dosSantos@chcheli.com,2026-04-20T07:15:37-07:00,,Denis.dosSantos@chcheli.com,DOSSANTO,,,,,,,,MingleEnterprise,Infor-SuiteUser,MingleIONEnabled,HOMEPAGES-User,IDM-User,IDM-RelatedInformationUser,M3UI-USER,MASHUP-User,,,,,,,,,,,,,,,,,,,,,,,,,,,,,,,,,,,,,,,,,,,,,,,,,,,,,,,,,,,,,,,,,,,,,,,,,,,,,,,,,,,,,,,,,,,,,,,,,,,,,,,,,,,,,,,,,,,,,,,,,,,,,,,,,,,,,,,,,,,,,,,,,,,,,,,,,,,,,,,,,,,,,,,,,,,,,,,,,,,,,,,,,,,,,,,,,,,,,,,,,,,,,,,,,,,,,,,,,,,,,,,,,,,,,,,,,,,,,,,,,,,,,,,,,,,,,,,,,,,,,,,,,,,,,,,,,,,,,,,,,,,,,,,,,,,,,,,,,,,,,,,,,,,,,,,,,,,,,,,,,,,,,,,,,,,,,,,,,,,,,,,,,,,,,,,,,,,,,,,,,,,,,,,,,,,,,,,,,,,,,,,,,,,,,,,,,,,,,,,,,,,,,,,,,,,,,,,,,,,,,,,,,,,,,,,,,,,,,,,,,,,,,,,,,,,,,,,,,,,,,,,,,,,,,,,,,,,,,,,,,,,,,,,,,,,,,,,,,,,,,,,,,,,,,,,,,,,,,,,,,,,,,,,,,,,,,,,,,,,,,,,,,,,,,,,,,,,,,,,,,,,,,,,,,,,,,,,,,,,,,,,,,,,,,,,,,,,,,,,,,,,,,,,,,,,,,,,,,,,,,,,,,,,,,,,,,,,,,,,,,,,,,,,,,,,,,,,,,,,,,,,,,,,,,,,,
DYYANG,Donglin,Yang,Donglin.Yang@chcheli.com,,Active,,0bde5eee-e30c-4809-835b-5fb5304ed170,Donglin.Yang@chcheli.com,2026-04-20T07:15:37-07:00,,Donglin.Yang@chcheli.com,DYYANG,,,,,,,,MingleEnterprise,Infor-SuiteUser,MingleIONEnabled,HOMEPAGES-User,IDM-User,IDM-RelatedInformationUser,M3UI-USER,MASHUP-User,,,,,,,,,,,,,,,,,,,,,,,,,,,,,,,,,,,,,,,,,,,,,,,,,,,,,,,,,,,,,,,,,,,,,,,,,,,,,,,,,,,,,,,,,,,,,,,,,,,,,,,,,,,,,,,,,,,,,,,,,,,,,,,,,,,,,,,,,,,,,,,,,,,,,,,,,,,,,,,,,,,,,,,,,,,,,,,,,,,,,,,,,,,,,,,,,,,,,,,,,,,,,,,,,,,,,,,,,,,,,,,,,,,,,,,,,,,,,,,,,,,,,,,,,,,,,,,,,,,,,,,,,,,,,,,,,,,,,,,,,,,,,,,,,,,,,,,,,,,,,,,,,,,,,,,,,,,,,,,,,,,,,,,,,,,,,,,,,,,,,,,,,,,,,,,,,,,,,,,,,,,,,,,,,,,,,,,,,,,,,,,,,,,,,,,,,,,,,,,,,,,,,,,,,,,,,,,,,,,,,,,,,,,,,,,,,,,,,,,,,,,,,,,,,,,,,,,,,,,,,,,,,,,,,,,,,,,,,,,,,,,,,,,,,,,,,,,,,,,,,,,,,,,,,,,,,,,,,,,,,,,,,,,,,,,,,,,,,,,,,,,,,,,,,,,,,,,,,,,,,,,,,,,,,,,,,,,,,,,,,,,,,,,,,,,,,,,,,,,,,,,,,,,,,,,,,,,,,,,,,,,,,,,,,,,,,,,,,,,,,,,,,,,,,,,,,,,,,,,,,,,,,,,,,,,,
4922fafe-3879-4d34-b6f1-2c7e3ac51121,Eurose,Fortus,Eurose.Fortus@chcheli.com,,Active,,4922fafe-3879-4d34-b6f1-2c7e3ac51121,Eurose.Fortus@chcheli.com,2026-04-20T07:15:38-07:00,,Eurose.Fortus@chcheli.com,EFORTUS,,,,,,,,MingleEnterprise,Infor-SuiteUser,MingleIONEnabled,HOMEPAGES-User,IDM-User,IDM-RelatedInformationUser,M3UI-USER,MASHUP-User,,,,,,,,,,,,,,,,,,,,,,,,,,,,,,,,,,,,,,,,,,,,,,,,,,,,,,,,,,,,,,,,,,,,,,,,,,,,,,,,,,,,,,,,,,,,,,,,,,,,,,,,,,,,,,,,,,,,,,,,,,,,,,,,,,,,,,,,,,,,,,,,,,,,,,,,,,,,,,,,,,,,,,,,,,,,,,,,,,,,,,,,,,,,,,,,,,,,,,,,,,,,,,,,,,,,,,,,,,,,,,,,,,,,,,,,,,,,,,,,,,,,,,,,,,,,,,,,,,,,,,,,,,,,,,,,,,,,,,,,,,,,,,,,,,,,,,,,,,,,,,,,,,,,,,,,,,,,,,,,,,,,,,,,,,,,,,,,,,,,,,,,,,,,,,,,,,,,,,,,,,,,,,,,,,,,,,,,,,,,,,,,,,,,,,,,,,,,,,,,,,,,,,,,,,,,,,,,,,,,,,,,,,,,,,,,,,,,,,,,,,,,,,,,,,,,,,,,,,,,,,,,,,,,,,,,,,,,,,,,,,,,,,,,,,,,,,,,,,,,,,,,,,,,,,,,,,,,,,,,,,,,,,,,,,,,,,,,,,,,,,,,,,,,,,,,,,,,,,,,,,,,,,,,,,,,,,,,,,,,,,,,,,,,,,,,,,,,,,,,,,,,,,,,,,,,,,,,,,,,,,,,,,,,,,,,,,,,,,,,,,,,,,,,,,,,,,,,,,,,,,,,,,,,,,,,
EHERVIK,Elin,Hervik,Elin.Hervik@CHCHeli.com,AR Accountant,Active,,f3e84813-dd34-442e-b515-fe01b8200201,Elin.Hervik@CHCHeli.com,2026-04-20T07:15:38-07:00,2026-04-28T00:48:30-07:00,Elin.Hervik@CHCHeli.com,EHERVIK,,,,,,,,MingleEnterprise,Infor-SuiteUser,MingleIONEnabled,HOMEPAGES-User,IDM-User,IDM-RelatedInformationUser,M3UI-USER,MASHUP-User,,,,,,,,,,,,,,,,,,,,,,,,,,,,,,,,,,,,,,,,,,,,,,,,,,,,,,,,,,,,,,,,,,,,,,,,,,,,,,,,,,,,,,,,,,,,,,,,,,,,,,,,,,,,,,,,,,,,,,,,,,,,,,,,,,,,,,,,,,,,,,,,,,,,,,,,,,,,,,,,,,,,,,,,,,,,,,,,,,,,,,,,,,,,,,,,,,,,,,,,,,,,,,,,,,,,,,,,,,,,,,,,,,,,,,,,,,,,,,,,,,,,,,,,,,,,,,,,,,,,,,,,,,,,,,,,,,,,,,,,,,,,,,,,,,,,,,,,,,,,,,,,,,,,,,,,,,,,,,,,,,,,,,,,,,,,,,,,,,,,,,,,,,,,,,,,,,,,,,,,,,,,,,,,,,,,,,,,,,,,,,,,,,,,,,,,,,,,,,,,,,,,,,,,,,,,,,,,,,,,,,,,,,,,,,,,,,,,,,,,,,,,,,,,,,,,,,,,,,,,,,,,,,,,,,,,,,,,,,,,,,,,,,,,,,,,,,,,,,,,,,,,,,,,,,,,,,,,,,,,,,,,,,,,,,,,,,,,,,,,,,,,,,,,,,,,,,,,,,,,,,,,,,,,,,,,,,,,,,,,,,,,,,,,,,,,,,,,,,,,,,,,,,,,,,,,,,,,,,,,,,,,,,,,,,,,,,,,,,,,,,,,,,,,,,,,,,,,,,,,,,,,,,,,,,,,
ELIOLIVE,Elizia,Oliveira,Elizia.Oliveira@CHCHeli.com,,Active,,6d02b777-ccca-4941-a5a6-e838e34c94ba,Elizia.Oliveira@CHCHeli.com,2026-04-20T07:15:39-07:00,,Elizia.Oliveira@CHCHeli.com,ELIOLIVE,,,,,,,,MingleEnterprise,Infor-SuiteUser,MingleIONEnabled,HOMEPAGES-User,IDM-User,IDM-RelatedInformationUser,M3UI-USER,MASHUP-User,,,,,,,,,,,,,,,,,,,,,,,,,,,,,,,,,,,,,,,,,,,,,,,,,,,,,,,,,,,,,,,,,,,,,,,,,,,,,,,,,,,,,,,,,,,,,,,,,,,,,,,,,,,,,,,,,,,,,,,,,,,,,,,,,,,,,,,,,,,,,,,,,,,,,,,,,,,,,,,,,,,,,,,,,,,,,,,,,,,,,,,,,,,,,,,,,,,,,,,,,,,,,,,,,,,,,,,,,,,,,,,,,,,,,,,,,,,,,,,,,,,,,,,,,,,,,,,,,,,,,,,,,,,,,,,,,,,,,,,,,,,,,,,,,,,,,,,,,,,,,,,,,,,,,,,,,,,,,,,,,,,,,,,,,,,,,,,,,,,,,,,,,,,,,,,,,,,,,,,,,,,,,,,,,,,,,,,,,,,,,,,,,,,,,,,,,,,,,,,,,,,,,,,,,,,,,,,,,,,,,,,,,,,,,,,,,,,,,,,,,,,,,,,,,,,,,,,,,,,,,,,,,,,,,,,,,,,,,,,,,,,,,,,,,,,,,,,,,,,,,,,,,,,,,,,,,,,,,,,,,,,,,,,,,,,,,,,,,,,,,,,,,,,,,,,,,,,,,,,,,,,,,,,,,,,,,,,,,,,,,,,,,,,,,,,,,,,,,,,,,,,,,,,,,,,,,,,,,,,,,,,,,,,,,,,,,,,,,,,,,,,,,,,,,,,,,,,,,,,,,,,,,,,,,,,,
FEDASILV,Fernando,VieiraMoraesdaSilva,Fernando.VieiraMoraesdaSilva@chcheli.com,,Active,,46bdcb7a-5099-4e68-9f78-e9aa0cffa82b,Fernando.VieiraMoraesdaSilva@chcheli.com,2026-04-20T07:15:40-07:00,,Fernando.VieiraMoraesdaSilva@chcheli.com,FEDASILV,,,,,,,,MingleEnterprise,Infor-SuiteUser,MingleIONEnabled,HOMEPAGES-User,IDM-User,IDM-RelatedInformationUser,M3UI-USER,MASHUP-User,,,,,,,,,,,,,,,,,,,,,,,,,,,,,,,,,,,,,,,,,,,,,,,,,,,,,,,,,,,,,,,,,,,,,,,,,,,,,,,,,,,,,,,,,,,,,,,,,,,,,,,,,,,,,,,,,,,,,,,,,,,,,,,,,,,,,,,,,,,,,,,,,,,,,,,,,,,,,,,,,,,,,,,,,,,,,,,,,,,,,,,,,,,,,,,,,,,,,,,,,,,,,,,,,,,,,,,,,,,,,,,,,,,,,,,,,,,,,,,,,,,,,,,,,,,,,,,,,,,,,,,,,,,,,,,,,,,,,,,,,,,,,,,,,,,,,,,,,,,,,,,,,,,,,,,,,,,,,,,,,,,,,,,,,,,,,,,,,,,,,,,,,,,,,,,,,,,,,,,,,,,,,,,,,,,,,,,,,,,,,,,,,,,,,,,,,,,,,,,,,,,,,,,,,,,,,,,,,,,,,,,,,,,,,,,,,,,,,,,,,,,,,,,,,,,,,,,,,,,,,,,,,,,,,,,,,,,,,,,,,,,,,,,,,,,,,,,,,,,,,,,,,,,,,,,,,,,,,,,,,,,,,,,,,,,,,,,,,,,,,,,,,,,,,,,,,,,,,,,,,,,,,,,,,,,,,,,,,,,,,,,,,,,,,,,,,,,,,,,,,,,,,,,,,,,,,,,,,,,,,,,,,,,,,,,,,,,,,,,,,,,,,,,,,,,,,,,,,,,,,,,,,,,,,,,,
FNGAN,Frances,Ngan,Frances.Ngan@chcheli.com,,Active,,19718b90-0eab-4089-89c0-3226363f794e,Frances.Ngan@chcheli.com,2026-04-20T07:15:40-07:00,2026-05-29T07:41:54-07:00,Frances.Ngan@chcheli.com,FNGAN,en-US,setting,en-US,setting,America/Los_Angeles,Pacific Standard Time,setting,MingleEnterprise,Infor-SuiteUser,MingleIONEnabled,HOMEPAGES-User,IDM-User,IDM-RelatedInformationUser,M3UI-USER,MASHUP-User,SRAPS111CLRW,,,,,,,,,,,,,,,,,,,,,,,,,,,,,,,,,,,,,,,,,,,,,,,,,,,,,,,,,,,,,,,,,,,,,,,,,,,,,,,,,,,,,,,,,,,,,,,,,,,,,,,,,,,,,,,,,,,,,,,,,,,,,,,,,,,,,,,,,,,,,,,,,,,,,,,,,,,,,,,,,,,,,,,,,,,,,,,,,,,,,,,,,,,,,,,,,,,,,,,,,,,,,,,,,,,,,,,,,,,,,,,,,,,,,,,,,,,,,,,,,,,,,,,,,,,,,,,,,,,,,,,,,,,,,,,,,,,,,,,,,,,,,,,,,,,,,,,,,,,,,,,,,,,,,,,,,,,,,,,,,,,,,,,,,,,,,,,,,,,,,,,,,,,,,,,,,,,,,,,,,,,,,,,,,,,,,,,,,,,,,,,,,,,,,,,,,,,,,,,,,,,,,,,,,,,,,,,,,,,,,,,,,,,,,,,,,,,,,,,,,,,,,,,,,,,,,,,,,,,,,,,,,,,,,,,,,,,,,,,,,,,,,,,,,,,,,,,,,,,,,,,,,,,,,,,,,,,,,,,,,,,,,,,,,,,,,,,,,,,,,,,,,,,,,,,,,,,,,,,,,,,,,,,,,,,,,,,,,,,,,,,,,,,,,,,,,,,,,,,,,,,,,,,,,,,,,,,,,,,,,,,,,,,,,,,,,,,,,,,,,,,,,,,,,,,,,,,,,,,,,,,,,,,,,,,
FOTAVIANO,Francisco,Otaviano,Francisco.Otaviano@chcheli.com,,Active,,9be7a069-d0ee-40c2-8871-28b34e0ee83a,Francisco.Otaviano@chcheli.com,2026-04-20T07:15:40-07:00,,Francisco.Otaviano@chcheli.com,FOTAVIANO,,,,,,,,MingleEnterprise,Infor-SuiteUser,MingleIONEnabled,HOMEPAGES-User,IDM-User,IDM-RelatedInformationUser,M3UI-USER,MASHUP-User,,,,,,,,,,,,,,,,,,,,,,,,,,,,,,,,,,,,,,,,,,,,,,,,,,,,,,,,,,,,,,,,,,,,,,,,,,,,,,,,,,,,,,,,,,,,,,,,,,,,,,,,,,,,,,,,,,,,,,,,,,,,,,,,,,,,,,,,,,,,,,,,,,,,,,,,,,,,,,,,,,,,,,,,,,,,,,,,,,,,,,,,,,,,,,,,,,,,,,,,,,,,,,,,,,,,,,,,,,,,,,,,,,,,,,,,,,,,,,,,,,,,,,,,,,,,,,,,,,,,,,,,,,,,,,,,,,,,,,,,,,,,,,,,,,,,,,,,,,,,,,,,,,,,,,,,,,,,,,,,,,,,,,,,,,,,,,,,,,,,,,,,,,,,,,,,,,,,,,,,,,,,,,,,,,,,,,,,,,,,,,,,,,,,,,,,,,,,,,,,,,,,,,,,,,,,,,,,,,,,,,,,,,,,,,,,,,,,,,,,,,,,,,,,,,,,,,,,,,,,,,,,,,,,,,,,,,,,,,,,,,,,,,,,,,,,,,,,,,,,,,,,,,,,,,,,,,,,,,,,,,,,,,,,,,,,,,,,,,,,,,,,,,,,,,,,,,,,,,,,,,,,,,,,,,,,,,,,,,,,,,,,,,,,,,,,,,,,,,,,,,,,,,,,,,,,,,,,,,,,,,,,,,,,,,,,,,,,,,,,,,,,,,,,,,,,,,,,,,,,,,,,,,,,,,,,
GAMONTEI,Gabriel,Monteiro,Gabriel.Monteiro@CHCHeli.com,,Active,,90d3db5d-da50-460a-be85-4e72078f1806,Gabriel.Monteiro@CHCHeli.com,2026-04-20T07:15:40-07:00,,Gabriel.Monteiro@CHCHeli.com,GAMONTEI,,,,,,,,MingleEnterprise,Infor-SuiteUser,MingleIONEnabled,HOMEPAGES-User,IDM-User,IDM-RelatedInformationUser,M3UI-USER,MASHUP-User,,,,,,,,,,,,,,,,,,,,,,,,,,,,,,,,,,,,,,,,,,,,,,,,,,,,,,,,,,,,,,,,,,,,,,,,,,,,,,,,,,,,,,,,,,,,,,,,,,,,,,,,,,,,,,,,,,,,,,,,,,,,,,,,,,,,,,,,,,,,,,,,,,,,,,,,,,,,,,,,,,,,,,,,,,,,,,,,,,,,,,,,,,,,,,,,,,,,,,,,,,,,,,,,,,,,,,,,,,,,,,,,,,,,,,,,,,,,,,,,,,,,,,,,,,,,,,,,,,,,,,,,,,,,,,,,,,,,,,,,,,,,,,,,,,,,,,,,,,,,,,,,,,,,,,,,,,,,,,,,,,,,,,,,,,,,,,,,,,,,,,,,,,,,,,,,,,,,,,,,,,,,,,,,,,,,,,,,,,,,,,,,,,,,,,,,,,,,,,,,,,,,,,,,,,,,,,,,,,,,,,,,,,,,,,,,,,,,,,,,,,,,,,,,,,,,,,,,,,,,,,,,,,,,,,,,,,,,,,,,,,,,,,,,,,,,,,,,,,,,,,,,,,,,,,,,,,,,,,,,,,,,,,,,,,,,,,,,,,,,,,,,,,,,,,,,,,,,,,,,,,,,,,,,,,,,,,,,,,,,,,,,,,,,,,,,,,,,,,,,,,,,,,,,,,,,,,,,,,,,,,,,,,,,,,,,,,,,,,,,,,,,,,,,,,,,,,,,,,,,,,,,,,,,,,,,
GIJUNIOR,Gilson,Junior,Gilson.Junior@chcheli.com,,Active,,2021927f-4368-43e8-92dc-63d1bea8fa15,Gilson.Junior@chcheli.com,2026-04-20T07:15:41-07:00,,Gilson.Junior@chcheli.com,GIJUNIOR,,,,,,,,MingleEnterprise,Infor-SuiteUser,MingleIONEnabled,HOMEPAGES-User,IDM-User,IDM-RelatedInformationUser,M3UI-USER,MASHUP-User,,,,,,,,,,,,,,,,,,,,,,,,,,,,,,,,,,,,,,,,,,,,,,,,,,,,,,,,,,,,,,,,,,,,,,,,,,,,,,,,,,,,,,,,,,,,,,,,,,,,,,,,,,,,,,,,,,,,,,,,,,,,,,,,,,,,,,,,,,,,,,,,,,,,,,,,,,,,,,,,,,,,,,,,,,,,,,,,,,,,,,,,,,,,,,,,,,,,,,,,,,,,,,,,,,,,,,,,,,,,,,,,,,,,,,,,,,,,,,,,,,,,,,,,,,,,,,,,,,,,,,,,,,,,,,,,,,,,,,,,,,,,,,,,,,,,,,,,,,,,,,,,,,,,,,,,,,,,,,,,,,,,,,,,,,,,,,,,,,,,,,,,,,,,,,,,,,,,,,,,,,,,,,,,,,,,,,,,,,,,,,,,,,,,,,,,,,,,,,,,,,,,,,,,,,,,,,,,,,,,,,,,,,,,,,,,,,,,,,,,,,,,,,,,,,,,,,,,,,,,,,,,,,,,,,,,,,,,,,,,,,,,,,,,,,,,,,,,,,,,,,,,,,,,,,,,,,,,,,,,,,,,,,,,,,,,,,,,,,,,,,,,,,,,,,,,,,,,,,,,,,,,,,,,,,,,,,,,,,,,,,,,,,,,,,,,,,,,,,,,,,,,,,,,,,,,,,,,,,,,,,,,,,,,,,,,,,,,,,,,,,,,,,,,,,,,,,,,,,,,,,,,,,,,,,,,
IVESELOVSK,Ianina,Veselovska,Ianina.Veselovska@chcheli.com,Intermediate Accountant,Active,,4902d23b-5172-4f1c-b964-d19a42436e0e,Ianina.Veselovska@chcheli.com,2026-04-20T07:15:44-07:00,2026-04-21T09:24:41-07:00,Ianina.Veselovska@chcheli.com,IVESELOVSK,,,,,,,,MingleEnterprise,Infor-SuiteUser,MingleIONEnabled,HOMEPAGES-User,IDM-User,IDM-RelatedInformationUser,M3UI-USER,MASHUP-User,,,,,,,,,,,,,,,,,,,,,,,,,,,,,,,,,,,,,,,,,,,,,,,,,,,,,,,,,,,,,,,,,,,,,,,,,,,,,,,,,,,,,,,,,,,,,,,,,,,,,,,,,,,,,,,,,,,,,,,,,,,,,,,,,,,,,,,,,,,,,,,,,,,,,,,,,,,,,,,,,,,,,,,,,,,,,,,,,,,,,,,,,,,,,,,,,,,,,,,,,,,,,,,,,,,,,,,,,,,,,,,,,,,,,,,,,,,,,,,,,,,,,,,,,,,,,,,,,,,,,,,,,,,,,,,,,,,,,,,,,,,,,,,,,,,,,,,,,,,,,,,,,,,,,,,,,,,,,,,,,,,,,,,,,,,,,,,,,,,,,,,,,,,,,,,,,,,,,,,,,,,,,,,,,,,,,,,,,,,,,,,,,,,,,,,,,,,,,,,,,,,,,,,,,,,,,,,,,,,,,,,,,,,,,,,,,,,,,,,,,,,,,,,,,,,,,,,,,,,,,,,,,,,,,,,,,,,,,,,,,,,,,,,,,,,,,,,,,,,,,,,,,,,,,,,,,,,,,,,,,,,,,,,,,,,,,,,,,,,,,,,,,,,,,,,,,,,,,,,,,,,,,,,,,,,,,,,,,,,,,,,,,,,,,,,,,,,,,,,,,,,,,,,,,,,,,,,,,,,,,,,,,,,,,,,,,,,,,,,,,,,,,,,,,,,,,,,,,,,,,,,,,,,,,,,,
JCAETANO,Joaquim,Caetano,Joaquim.Caetano@chcheli.com,,Active,,a234e478-8646-4105-8c79-ff9d02573c6a,Joaquim.Caetano@chcheli.com,2026-04-20T07:15:44-07:00,,Joaquim.Caetano@chcheli.com,JCAETANO,,,,,,,,MingleEnterprise,Infor-SuiteUser,MingleIONEnabled,HOMEPAGES-User,IDM-User,IDM-RelatedInformationUser,M3UI-USER,MASHUP-User,,,,,,,,,,,,,,,,,,,,,,,,,,,,,,,,,,,,,,,,,,,,,,,,,,,,,,,,,,,,,,,,,,,,,,,,,,,,,,,,,,,,,,,,,,,,,,,,,,,,,,,,,,,,,,,,,,,,,,,,,,,,,,,,,,,,,,,,,,,,,,,,,,,,,,,,,,,,,,,,,,,,,,,,,,,,,,,,,,,,,,,,,,,,,,,,,,,,,,,,,,,,,,,,,,,,,,,,,,,,,,,,,,,,,,,,,,,,,,,,,,,,,,,,,,,,,,,,,,,,,,,,,,,,,,,,,,,,,,,,,,,,,,,,,,,,,,,,,,,,,,,,,,,,,,,,,,,,,,,,,,,,,,,,,,,,,,,,,,,,,,,,,,,,,,,,,,,,,,,,,,,,,,,,,,,,,,,,,,,,,,,,,,,,,,,,,,,,,,,,,,,,,,,,,,,,,,,,,,,,,,,,,,,,,,,,,,,,,,,,,,,,,,,,,,,,,,,,,,,,,,,,,,,,,,,,,,,,,,,,,,,,,,,,,,,,,,,,,,,,,,,,,,,,,,,,,,,,,,,,,,,,,,,,,,,,,,,,,,,,,,,,,,,,,,,,,,,,,,,,,,,,,,,,,,,,,,,,,,,,,,,,,,,,,,,,,,,,,,,,,,,,,,,,,,,,,,,,,,,,,,,,,,,,,,,,,,,,,,,,,,,,,,,,,,,,,,,,,,,,,,,,,,,,,,,,
JECOOPER,Jessica,Cooper,Jessica.Cooper@chcheli.com,,Active,,9268efb1-6b61-41da-a6f6-314b77c92e8e,Jessica.Cooper@chcheli.com,2026-04-20T07:15:45-07:00,,Jessica.Cooper@chcheli.com,JECOOPER,,,,,,,,MingleEnterprise,Infor-SuiteUser,MingleIONEnabled,HOMEPAGES-User,IDM-User,IDM-RelatedInformationUser,M3UI-USER,MASHUP-User,,,,,,,,,,,,,,,,,,,,,,,,,,,,,,,,,,,,,,,,,,,,,,,,,,,,,,,,,,,,,,,,,,,,,,,,,,,,,,,,,,,,,,,,,,,,,,,,,,,,,,,,,,,,,,,,,,,,,,,,,,,,,,,,,,,,,,,,,,,,,,,,,,,,,,,,,,,,,,,,,,,,,,,,,,,,,,,,,,,,,,,,,,,,,,,,,,,,,,,,,,,,,,,,,,,,,,,,,,,,,,,,,,,,,,,,,,,,,,,,,,,,,,,,,,,,,,,,,,,,,,,,,,,,,,,,,,,,,,,,,,,,,,,,,,,,,,,,,,,,,,,,,,,,,,,,,,,,,,,,,,,,,,,,,,,,,,,,,,,,,,,,,,,,,,,,,,,,,,,,,,,,,,,,,,,,,,,,,,,,,,,,,,,,,,,,,,,,,,,,,,,,,,,,,,,,,,,,,,,,,,,,,,,,,,,,,,,,,,,,,,,,,,,,,,,,,,,,,,,,,,,,,,,,,,,,,,,,,,,,,,,,,,,,,,,,,,,,,,,,,,,,,,,,,,,,,,,,,,,,,,,,,,,,,,,,,,,,,,,,,,,,,,,,,,,,,,,,,,,,,,,,,,,,,,,,,,,,,,,,,,,,,,,,,,,,,,,,,,,,,,,,,,,,,,,,,,,,,,,,,,,,,,,,,,,,,,,,,,,,,,,,,,,,,,,,,,,,,,,,,,,,,,,,,,,,
JFOK,Ying Choi,Fok,Johnathan.Fok@chcheli.com,Staff Accountant,Active,,feda449c-47ee-4d8a-82fc-3d9d93e21c40,Johnathan.Fok@chcheli.com,2026-04-20T07:15:45-07:00,2026-04-24T13:43:53-07:00,Johnathan.Fok@chcheli.com,JFOK,,,,,,,,MingleEnterprise,Infor-SuiteUser,MingleIONEnabled,HOMEPAGES-User,IDM-User,IDM-RelatedInformationUser,M3UI-USER,MASHUP-User,,,,,,,,,,,,,,,,,,,,,,,,,,,,,,,,,,,,,,,,,,,,,,,,,,,,,,,,,,,,,,,,,,,,,,,,,,,,,,,,,,,,,,,,,,,,,,,,,,,,,,,,,,,,,,,,,,,,,,,,,,,,,,,,,,,,,,,,,,,,,,,,,,,,,,,,,,,,,,,,,,,,,,,,,,,,,,,,,,,,,,,,,,,,,,,,,,,,,,,,,,,,,,,,,,,,,,,,,,,,,,,,,,,,,,,,,,,,,,,,,,,,,,,,,,,,,,,,,,,,,,,,,,,,,,,,,,,,,,,,,,,,,,,,,,,,,,,,,,,,,,,,,,,,,,,,,,,,,,,,,,,,,,,,,,,,,,,,,,,,,,,,,,,,,,,,,,,,,,,,,,,,,,,,,,,,,,,,,,,,,,,,,,,,,,,,,,,,,,,,,,,,,,,,,,,,,,,,,,,,,,,,,,,,,,,,,,,,,,,,,,,,,,,,,,,,,,,,,,,,,,,,,,,,,,,,,,,,,,,,,,,,,,,,,,,,,,,,,,,,,,,,,,,,,,,,,,,,,,,,,,,,,,,,,,,,,,,,,,,,,,,,,,,,,,,,,,,,,,,,,,,,,,,,,,,,,,,,,,,,,,,,,,,,,,,,,,,,,,,,,,,,,,,,,,,,,,,,,,,,,,,,,,,,,,,,,,,,,,,,,,,,,,,,,,,,,,,,,,,,,,,,,,,,,,,,
JKOBYLIN,Joanna,Kobylinska,Joanna.Kobylinska@heli-one.com,,Active,,e0001109-7ee6-44a9-a2e5-bca8e440c1b4,Joanna.Kobylinska@heli-one.com,2026-04-20T07:15:45-07:00,2026-06-22T22:14:52-07:00,Joanna.Kobylinska@heli-one.com,JKOBYLIN,,,,,,,,MingleEnterprise,Infor-SuiteUser,MingleIONEnabled,HOMEPAGES-User,IDM-User,IDM-RelatedInformationUser,M3UI-USER,MASHUP-User,,,,,,,,,,,,,,,,,,,,,,,,,,,,,,,,,,,,,,,,,,,,,,,,,,,,,,,,,,,,,,,,,,,,,,,,,,,,,,,,,,,,,,,,,,,,,,,,,,,,,,,,,,,,,,,,,,,,,,,,,,,,,,,,,,,,,,,,,,,,,,,,,,,,,,,,,,,,,,,,,,,,,,,,,,,,,,,,,,,,,,,,,,,,,,,,,,,,,,,,,,,,,,,,,,,,,,,,,,,,,,,,,,,,,,,,,,,,,,,,,,,,,,,,,,,,,,,,,,,,,,,,,,,,,,,,,,,,,,,,,,,,,,,,,,,,,,,,,,,,,,,,,,,,,,,,,,,,,,,,,,,,,,,,,,,,,,,,,,,,,,,,,,,,,,,,,,,,,,,,,,,,,,,,,,,,,,,,,,,,,,,,,,,,,,,,,,,,,,,,,,,,,,,,,,,,,,,,,,,,,,,,,,,,,,,,,,,,,,,,,,,,,,,,,,,,,,,,,,,,,,,,,,,,,,,,,,,,,,,,,,,,,,,,,,,,,,,,,,,,,,,,,,,,,,,,,,,,,,,,,,,,,,,,,,,,,,,,,,,,,,,,,,,,,,,,,,,,,,,,,,,,,,,,,,,,,,,,,,,,,,,,,,,,,,,,,,,,,,,,,,,,,,,,,,,,,,,,,,,,,,,,,,,,,,,,,,,,,,,,,,,,,,,,,,,,,,,,,,,,,,,,,,,,,,,,
JKUPCZAK,Justyna,Kupczak,Justyna.Kupczak@chcheli.com,,Active,,381ab1e7-72b4-403b-93af-03a54431a839,Justyna.Kupczak@chcheli.com,2026-04-20T07:15:46-07:00,,Justyna.Kupczak@chcheli.com,JKUPCZAK,,,,,,,,MingleEnterprise,Infor-SuiteUser,MingleIONEnabled,HOMEPAGES-User,IDM-User,IDM-RelatedInformationUser,M3UI-USER,MASHUP-User,,,,,,,,,,,,,,,,,,,,,,,,,,,,,,,,,,,,,,,,,,,,,,,,,,,,,,,,,,,,,,,,,,,,,,,,,,,,,,,,,,,,,,,,,,,,,,,,,,,,,,,,,,,,,,,,,,,,,,,,,,,,,,,,,,,,,,,,,,,,,,,,,,,,,,,,,,,,,,,,,,,,,,,,,,,,,,,,,,,,,,,,,,,,,,,,,,,,,,,,,,,,,,,,,,,,,,,,,,,,,,,,,,,,,,,,,,,,,,,,,,,,,,,,,,,,,,,,,,,,,,,,,,,,,,,,,,,,,,,,,,,,,,,,,,,,,,,,,,,,,,,,,,,,,,,,,,,,,,,,,,,,,,,,,,,,,,,,,,,,,,,,,,,,,,,,,,,,,,,,,,,,,,,,,,,,,,,,,,,,,,,,,,,,,,,,,,,,,,,,,,,,,,,,,,,,,,,,,,,,,,,,,,,,,,,,,,,,,,,,,,,,,,,,,,,,,,,,,,,,,,,,,,,,,,,,,,,,,,,,,,,,,,,,,,,,,,,,,,,,,,,,,,,,,,,,,,,,,,,,,,,,,,,,,,,,,,,,,,,,,,,,,,,,,,,,,,,,,,,,,,,,,,,,,,,,,,,,,,,,,,,,,,,,,,,,,,,,,,,,,,,,,,,,,,,,,,,,,,,,,,,,,,,,,,,,,,,,,,,,,,,,,,,,,,,,,,,,,,,,,,,,,,,,,,,,
JLOBODA,Jolanta,Loboda,Jolanta.Loboda@heli-one.com,,Active,,e1309d0a-f3d8-480e-ba27-81fb7d3e1968,Jolanta.Loboda@heli-one.com,2026-04-20T07:15:46-07:00,,Jolanta.Loboda@heli-one.com,JLOBODA,,,,,,,,MingleEnterprise,Infor-SuiteUser,MingleIONEnabled,HOMEPAGES-User,IDM-User,IDM-RelatedInformationUser,M3UI-USER,MASHUP-User,,,,,,,,,,,,,,,,,,,,,,,,,,,,,,,,,,,,,,,,,,,,,,,,,,,,,,,,,,,,,,,,,,,,,,,,,,,,,,,,,,,,,,,,,,,,,,,,,,,,,,,,,,,,,,,,,,,,,,,,,,,,,,,,,,,,,,,,,,,,,,,,,,,,,,,,,,,,,,,,,,,,,,,,,,,,,,,,,,,,,,,,,,,,,,,,,,,,,,,,,,,,,,,,,,,,,,,,,,,,,,,,,,,,,,,,,,,,,,,,,,,,,,,,,,,,,,,,,,,,,,,,,,,,,,,,,,,,,,,,,,,,,,,,,,,,,,,,,,,,,,,,,,,,,,,,,,,,,,,,,,,,,,,,,,,,,,,,,,,,,,,,,,,,,,,,,,,,,,,,,,,,,,,,,,,,,,,,,,,,,,,,,,,,,,,,,,,,,,,,,,,,,,,,,,,,,,,,,,,,,,,,,,,,,,,,,,,,,,,,,,,,,,,,,,,,,,,,,,,,,,,,,,,,,,,,,,,,,,,,,,,,,,,,,,,,,,,,,,,,,,,,,,,,,,,,,,,,,,,,,,,,,,,,,,,,,,,,,,,,,,,,,,,,,,,,,,,,,,,,,,,,,,,,,,,,,,,,,,,,,,,,,,,,,,,,,,,,,,,,,,,,,,,,,,,,,,,,,,,,,,,,,,,,,,,,,,,,,,,,,,,,,,,,,,,,,,,,,,,,,,,,,,,,,,,,
JORRIBEI,Jorge,Ribeiro,Jorge.Ribeiro@CHCHeli.com,,Active,,e375ab9f-50b8-43bf-8713-a533ee24a46a,Jorge.Ribeiro@CHCHeli.com,2026-04-20T07:15:47-07:00,,Jorge.Ribeiro@CHCHeli.com,JORRIBEI,,,,,,,,MingleEnterprise,Infor-SuiteUser,MingleIONEnabled,HOMEPAGES-User,IDM-User,IDM-RelatedInformationUser,M3UI-USER,MASHUP-User,,,,,,,,,,,,,,,,,,,,,,,,,,,,,,,,,,,,,,,,,,,,,,,,,,,,,,,,,,,,,,,,,,,,,,,,,,,,,,,,,,,,,,,,,,,,,,,,,,,,,,,,,,,,,,,,,,,,,,,,,,,,,,,,,,,,,,,,,,,,,,,,,,,,,,,,,,,,,,,,,,,,,,,,,,,,,,,,,,,,,,,,,,,,,,,,,,,,,,,,,,,,,,,,,,,,,,,,,,,,,,,,,,,,,,,,,,,,,,,,,,,,,,,,,,,,,,,,,,,,,,,,,,,,,,,,,,,,,,,,,,,,,,,,,,,,,,,,,,,,,,,,,,,,,,,,,,,,,,,,,,,,,,,,,,,,,,,,,,,,,,,,,,,,,,,,,,,,,,,,,,,,,,,,,,,,,,,,,,,,,,,,,,,,,,,,,,,,,,,,,,,,,,,,,,,,,,,,,,,,,,,,,,,,,,,,,,,,,,,,,,,,,,,,,,,,,,,,,,,,,,,,,,,,,,,,,,,,,,,,,,,,,,,,,,,,,,,,,,,,,,,,,,,,,,,,,,,,,,,,,,,,,,,,,,,,,,,,,,,,,,,,,,,,,,,,,,,,,,,,,,,,,,,,,,,,,,,,,,,,,,,,,,,,,,,,,,,,,,,,,,,,,,,,,,,,,,,,,,,,,,,,,,,,,,,,,,,,,,,,,,,,,,,,,,,,,,,,,,,,,,,,,,,,,,,,
783501db-5382-4f1f-ae0c-e58d40c3aafc,Jerry,Tengberg,Jerry.Tengberg@chcheli.com,,Active,,783501db-5382-4f1f-ae0c-e58d40c3aafc,Jerry.Tengberg@chcheli.com,2026-04-20T07:15:47-07:00,,Jerry.Tengberg@chcheli.com,JTENGBER,,,,,,,,MingleEnterprise,Infor-SuiteUser,MingleIONEnabled,HOMEPAGES-User,IDM-User,IDM-RelatedInformationUser,M3UI-USER,MASHUP-User,,,,,,,,,,,,,,,,,,,,,,,,,,,,,,,,,,,,,,,,,,,,,,,,,,,,,,,,,,,,,,,,,,,,,,,,,,,,,,,,,,,,,,,,,,,,,,,,,,,,,,,,,,,,,,,,,,,,,,,,,,,,,,,,,,,,,,,,,,,,,,,,,,,,,,,,,,,,,,,,,,,,,,,,,,,,,,,,,,,,,,,,,,,,,,,,,,,,,,,,,,,,,,,,,,,,,,,,,,,,,,,,,,,,,,,,,,,,,,,,,,,,,,,,,,,,,,,,,,,,,,,,,,,,,,,,,,,,,,,,,,,,,,,,,,,,,,,,,,,,,,,,,,,,,,,,,,,,,,,,,,,,,,,,,,,,,,,,,,,,,,,,,,,,,,,,,,,,,,,,,,,,,,,,,,,,,,,,,,,,,,,,,,,,,,,,,,,,,,,,,,,,,,,,,,,,,,,,,,,,,,,,,,,,,,,,,,,,,,,,,,,,,,,,,,,,,,,,,,,,,,,,,,,,,,,,,,,,,,,,,,,,,,,,,,,,,,,,,,,,,,,,,,,,,,,,,,,,,,,,,,,,,,,,,,,,,,,,,,,,,,,,,,,,,,,,,,,,,,,,,,,,,,,,,,,,,,,,,,,,,,,,,,,,,,,,,,,,,,,,,,,,,,,,,,,,,,,,,,,,,,,,,,,,,,,,,,,,,,,,,,,,,,,,,,,,,,,,,,,,,,,,,,,,,,,,
KASANTOS,Katryn,Santos,Katryn.Santos@CHCHeli.com,,Active,,7b2e051b-5dec-431f-8307-93102297ee7a,Katryn.Santos@CHCHeli.com,2026-04-20T07:15:48-07:00,,Katryn.Santos@CHCHeli.com,KASANTOS,,,,,,,,MingleEnterprise,Infor-SuiteUser,MingleIONEnabled,HOMEPAGES-User,IDM-User,IDM-RelatedInformationUser,M3UI-USER,MASHUP-User,,,,,,,,,,,,,,,,,,,,,,,,,,,,,,,,,,,,,,,,,,,,,,,,,,,,,,,,,,,,,,,,,,,,,,,,,,,,,,,,,,,,,,,,,,,,,,,,,,,,,,,,,,,,,,,,,,,,,,,,,,,,,,,,,,,,,,,,,,,,,,,,,,,,,,,,,,,,,,,,,,,,,,,,,,,,,,,,,,,,,,,,,,,,,,,,,,,,,,,,,,,,,,,,,,,,,,,,,,,,,,,,,,,,,,,,,,,,,,,,,,,,,,,,,,,,,,,,,,,,,,,,,,,,,,,,,,,,,,,,,,,,,,,,,,,,,,,,,,,,,,,,,,,,,,,,,,,,,,,,,,,,,,,,,,,,,,,,,,,,,,,,,,,,,,,,,,,,,,,,,,,,,,,,,,,,,,,,,,,,,,,,,,,,,,,,,,,,,,,,,,,,,,,,,,,,,,,,,,,,,,,,,,,,,,,,,,,,,,,,,,,,,,,,,,,,,,,,,,,,,,,,,,,,,,,,,,,,,,,,,,,,,,,,,,,,,,,,,,,,,,,,,,,,,,,,,,,,,,,,,,,,,,,,,,,,,,,,,,,,,,,,,,,,,,,,,,,,,,,,,,,,,,,,,,,,,,,,,,,,,,,,,,,,,,,,,,,,,,,,,,,,,,,,,,,,,,,,,,,,,,,,,,,,,,,,,,,,,,,,,,,,,,,,,,,,,,,,,,,,,,,,,,,,,,,,
KASTEWAR,Kayleigh,Stewart,Kayleigh.Stewart@chcheli.com,,Active,,a97c9e03-aa27-4631-8f11-4509bafcbd06,Kayleigh.Stewart@chcheli.com,2026-04-20T07:15:48-07:00,,Kayleigh.Stewart@chcheli.com,KASTEWAR,,,,,,,,MingleEnterprise,Infor-SuiteUser,MingleIONEnabled,HOMEPAGES-User,IDM-User,IDM-RelatedInformationUser,M3UI-USER,MASHUP-User,,,,,,,,,,,,,,,,,,,,,,,,,,,,,,,,,,,,,,,,,,,,,,,,,,,,,,,,,,,,,,,,,,,,,,,,,,,,,,,,,,,,,,,,,,,,,,,,,,,,,,,,,,,,,,,,,,,,,,,,,,,,,,,,,,,,,,,,,,,,,,,,,,,,,,,,,,,,,,,,,,,,,,,,,,,,,,,,,,,,,,,,,,,,,,,,,,,,,,,,,,,,,,,,,,,,,,,,,,,,,,,,,,,,,,,,,,,,,,,,,,,,,,,,,,,,,,,,,,,,,,,,,,,,,,,,,,,,,,,,,,,,,,,,,,,,,,,,,,,,,,,,,,,,,,,,,,,,,,,,,,,,,,,,,,,,,,,,,,,,,,,,,,,,,,,,,,,,,,,,,,,,,,,,,,,,,,,,,,,,,,,,,,,,,,,,,,,,,,,,,,,,,,,,,,,,,,,,,,,,,,,,,,,,,,,,,,,,,,,,,,,,,,,,,,,,,,,,,,,,,,,,,,,,,,,,,,,,,,,,,,,,,,,,,,,,,,,,,,,,,,,,,,,,,,,,,,,,,,,,,,,,,,,,,,,,,,,,,,,,,,,,,,,,,,,,,,,,,,,,,,,,,,,,,,,,,,,,,,,,,,,,,,,,,,,,,,,,,,,,,,,,,,,,,,,,,,,,,,,,,,,,,,,,,,,,,,,,,,,,,,,,,,,,,,,,,,,,,,,,,,,,,,,,,,,,
KGAWANDE,Kadambari,Gawande,Kadambari.Gawande@chcheli.com,,Active,,771642a6-4bce-4987-990e-f844c855c1cf,Kadambari.Gawande@chcheli.com,2026-04-20T07:15:48-07:00,,Kadambari.Gawande@chcheli.com,KGAWANDE,,,,,,,,MingleEnterprise,Infor-SuiteUser,MingleIONEnabled,HOMEPAGES-User,IDM-User,IDM-RelatedInformationUser,M3UI-USER,MASHUP-User,,,,,,,,,,,,,,,,,,,,,,,,,,,,,,,,,,,,,,,,,,,,,,,,,,,,,,,,,,,,,,,,,,,,,,,,,,,,,,,,,,,,,,,,,,,,,,,,,,,,,,,,,,,,,,,,,,,,,,,,,,,,,,,,,,,,,,,,,,,,,,,,,,,,,,,,,,,,,,,,,,,,,,,,,,,,,,,,,,,,,,,,,,,,,,,,,,,,,,,,,,,,,,,,,,,,,,,,,,,,,,,,,,,,,,,,,,,,,,,,,,,,,,,,,,,,,,,,,,,,,,,,,,,,,,,,,,,,,,,,,,,,,,,,,,,,,,,,,,,,,,,,,,,,,,,,,,,,,,,,,,,,,,,,,,,,,,,,,,,,,,,,,,,,,,,,,,,,,,,,,,,,,,,,,,,,,,,,,,,,,,,,,,,,,,,,,,,,,,,,,,,,,,,,,,,,,,,,,,,,,,,,,,,,,,,,,,,,,,,,,,,,,,,,,,,,,,,,,,,,,,,,,,,,,,,,,,,,,,,,,,,,,,,,,,,,,,,,,,,,,,,,,,,,,,,,,,,,,,,,,,,,,,,,,,,,,,,,,,,,,,,,,,,,,,,,,,,,,,,,,,,,,,,,,,,,,,,,,,,,,,,,,,,,,,,,,,,,,,,,,,,,,,,,,,,,,,,,,,,,,,,,,,,,,,,,,,,,,,,,,,,,,,,,,,,,,,,,,,,,,,,,,,,,,,,,
KHENDZEL,Katarzyna,Hendzel,Katarzyna.Hendzel@heli-one.com,,Active,,55ad74a5-45c7-44b3-90f5-a24db1194e43,Katarzyna.Hendzel@heli-one.com,2026-04-20T07:15:49-07:00,,Katarzyna.Hendzel@heli-one.com,KHENDZEL,,,,,,,,MingleEnterprise,Infor-SuiteUser,MingleIONEnabled,HOMEPAGES-User,IDM-User,IDM-RelatedInformationUser,M3UI-USER,MASHUP-User,,,,,,,,,,,,,,,,,,,,,,,,,,,,,,,,,,,,,,,,,,,,,,,,,,,,,,,,,,,,,,,,,,,,,,,,,,,,,,,,,,,,,,,,,,,,,,,,,,,,,,,,,,,,,,,,,,,,,,,,,,,,,,,,,,,,,,,,,,,,,,,,,,,,,,,,,,,,,,,,,,,,,,,,,,,,,,,,,,,,,,,,,,,,,,,,,,,,,,,,,,,,,,,,,,,,,,,,,,,,,,,,,,,,,,,,,,,,,,,,,,,,,,,,,,,,,,,,,,,,,,,,,,,,,,,,,,,,,,,,,,,,,,,,,,,,,,,,,,,,,,,,,,,,,,,,,,,,,,,,,,,,,,,,,,,,,,,,,,,,,,,,,,,,,,,,,,,,,,,,,,,,,,,,,,,,,,,,,,,,,,,,,,,,,,,,,,,,,,,,,,,,,,,,,,,,,,,,,,,,,,,,,,,,,,,,,,,,,,,,,,,,,,,,,,,,,,,,,,,,,,,,,,,,,,,,,,,,,,,,,,,,,,,,,,,,,,,,,,,,,,,,,,,,,,,,,,,,,,,,,,,,,,,,,,,,,,,,,,,,,,,,,,,,,,,,,,,,,,,,,,,,,,,,,,,,,,,,,,,,,,,,,,,,,,,,,,,,,,,,,,,,,,,,,,,,,,,,,,,,,,,,,,,,,,,,,,,,,,,,,,,,,,,,,,,,,,,,,,,,,,,,,,,,,,,,
KJANTOSZ,Kinga,Jantosz,Kinga.Jantosz@heli-one.com,,Active,,b1c94488-baef-450a-945a-9d8782fe4251,Kinga.Jantosz@heli-one.com,2026-04-20T07:15:49-07:00,,Kinga.Jantosz@heli-one.com,KJANTOSZ,,,,,,,,MingleEnterprise,Infor-SuiteUser,MingleIONEnabled,HOMEPAGES-User,IDM-User,IDM-RelatedInformationUser,M3UI-USER,MASHUP-User,,,,,,,,,,,,,,,,,,,,,,,,,,,,,,,,,,,,,,,,,,,,,,,,,,,,,,,,,,,,,,,,,,,,,,,,,,,,,,,,,,,,,,,,,,,,,,,,,,,,,,,,,,,,,,,,,,,,,,,,,,,,,,,,,,,,,,,,,,,,,,,,,,,,,,,,,,,,,,,,,,,,,,,,,,,,,,,,,,,,,,,,,,,,,,,,,,,,,,,,,,,,,,,,,,,,,,,,,,,,,,,,,,,,,,,,,,,,,,,,,,,,,,,,,,,,,,,,,,,,,,,,,,,,,,,,,,,,,,,,,,,,,,,,,,,,,,,,,,,,,,,,,,,,,,,,,,,,,,,,,,,,,,,,,,,,,,,,,,,,,,,,,,,,,,,,,,,,,,,,,,,,,,,,,,,,,,,,,,,,,,,,,,,,,,,,,,,,,,,,,,,,,,,,,,,,,,,,,,,,,,,,,,,,,,,,,,,,,,,,,,,,,,,,,,,,,,,,,,,,,,,,,,,,,,,,,,,,,,,,,,,,,,,,,,,,,,,,,,,,,,,,,,,,,,,,,,,,,,,,,,,,,,,,,,,,,,,,,,,,,,,,,,,,,,,,,,,,,,,,,,,,,,,,,,,,,,,,,,,,,,,,,,,,,,,,,,,,,,,,,,,,,,,,,,,,,,,,,,,,,,,,,,,,,,,,,,,,,,,,,,,,,,,,,,,,,,,,,,,,,,,,,,,,,,,,
KKRAWIEC,Karolina,Krawiec-Los,Karolina.Krawiec-Los@chcheli.com,,Active,,bf84acba-fbe4-41fc-a054-dd59a5c9d727,Karolina.Krawiec-Los@chcheli.com,2026-04-20T07:15:49-07:00,,Karolina.Krawiec-Los@chcheli.com,KKRAWIEC,,,,,,,,MingleEnterprise,Infor-SuiteUser,MingleIONEnabled,HOMEPAGES-User,IDM-User,IDM-RelatedInformationUser,M3UI-USER,MASHUP-User,,,,,,,,,,,,,,,,,,,,,,,,,,,,,,,,,,,,,,,,,,,,,,,,,,,,,,,,,,,,,,,,,,,,,,,,,,,,,,,,,,,,,,,,,,,,,,,,,,,,,,,,,,,,,,,,,,,,,,,,,,,,,,,,,,,,,,,,,,,,,,,,,,,,,,,,,,,,,,,,,,,,,,,,,,,,,,,,,,,,,,,,,,,,,,,,,,,,,,,,,,,,,,,,,,,,,,,,,,,,,,,,,,,,,,,,,,,,,,,,,,,,,,,,,,,,,,,,,,,,,,,,,,,,,,,,,,,,,,,,,,,,,,,,,,,,,,,,,,,,,,,,,,,,,,,,,,,,,,,,,,,,,,,,,,,,,,,,,,,,,,,,,,,,,,,,,,,,,,,,,,,,,,,,,,,,,,,,,,,,,,,,,,,,,,,,,,,,,,,,,,,,,,,,,,,,,,,,,,,,,,,,,,,,,,,,,,,,,,,,,,,,,,,,,,,,,,,,,,,,,,,,,,,,,,,,,,,,,,,,,,,,,,,,,,,,,,,,,,,,,,,,,,,,,,,,,,,,,,,,,,,,,,,,,,,,,,,,,,,,,,,,,,,,,,,,,,,,,,,,,,,,,,,,,,,,,,,,,,,,,,,,,,,,,,,,,,,,,,,,,,,,,,,,,,,,,,,,,,,,,,,,,,,,,,,,,,,,,,,,,,,,,,,,,,,,,,,,,,,,,,,,,,,,,,,,
LDICKSON,Linsday,Calderwood,Lindsay.Calderwood@chcheli.com,Ms,Active,,5d3796ef-e526-4858-a55f-afae955f13c0,Lindsay.Calderwood@chcheli.com,2026-04-20T07:15:53-07:00,2026-04-22T06:35:05-07:00,Lindsay.Calderwood@chcheli.com,LDICKSON,,,,,,,,MingleEnterprise,Infor-SuiteUser,MingleIONEnabled,HOMEPAGES-User,IDM-User,IDM-RelatedInformationUser,M3UI-USER,MASHUP-User,,,,,,,,,,,,,,,,,,,,,,,,,,,,,,,,,,,,,,,,,,,,,,,,,,,,,,,,,,,,,,,,,,,,,,,,,,,,,,,,,,,,,,,,,,,,,,,,,,,,,,,,,,,,,,,,,,,,,,,,,,,,,,,,,,,,,,,,,,,,,,,,,,,,,,,,,,,,,,,,,,,,,,,,,,,,,,,,,,,,,,,,,,,,,,,,,,,,,,,,,,,,,,,,,,,,,,,,,,,,,,,,,,,,,,,,,,,,,,,,,,,,,,,,,,,,,,,,,,,,,,,,,,,,,,,,,,,,,,,,,,,,,,,,,,,,,,,,,,,,,,,,,,,,,,,,,,,,,,,,,,,,,,,,,,,,,,,,,,,,,,,,,,,,,,,,,,,,,,,,,,,,,,,,,,,,,,,,,,,,,,,,,,,,,,,,,,,,,,,,,,,,,,,,,,,,,,,,,,,,,,,,,,,,,,,,,,,,,,,,,,,,,,,,,,,,,,,,,,,,,,,,,,,,,,,,,,,,,,,,,,,,,,,,,,,,,,,,,,,,,,,,,,,,,,,,,,,,,,,,,,,,,,,,,,,,,,,,,,,,,,,,,,,,,,,,,,,,,,,,,,,,,,,,,,,,,,,,,,,,,,,,,,,,,,,,,,,,,,,,,,,,,,,,,,,,,,,,,,,,,,,,,,,,,,,,,,,,,,,,,,,,,,,,,,,,,,,,,,,,,,,,,,,,,,,,
LERANGEL,Leticia,Rangel,Leticia.Rangel@chcheli.com,,Active,,8a4b1659-3b8a-4d51-a7c3-89c81cb3ce8c,Leticia.Rangel@chcheli.com,2026-04-20T07:15:54-07:00,,Leticia.Rangel@chcheli.com,LERANGEL,,,,,,,,MingleEnterprise,Infor-SuiteUser,MingleIONEnabled,HOMEPAGES-User,IDM-User,IDM-RelatedInformationUser,M3UI-USER,MASHUP-User,,,,,,,,,,,,,,,,,,,,,,,,,,,,,,,,,,,,,,,,,,,,,,,,,,,,,,,,,,,,,,,,,,,,,,,,,,,,,,,,,,,,,,,,,,,,,,,,,,,,,,,,,,,,,,,,,,,,,,,,,,,,,,,,,,,,,,,,,,,,,,,,,,,,,,,,,,,,,,,,,,,,,,,,,,,,,,,,,,,,,,,,,,,,,,,,,,,,,,,,,,,,,,,,,,,,,,,,,,,,,,,,,,,,,,,,,,,,,,,,,,,,,,,,,,,,,,,,,,,,,,,,,,,,,,,,,,,,,,,,,,,,,,,,,,,,,,,,,,,,,,,,,,,,,,,,,,,,,,,,,,,,,,,,,,,,,,,,,,,,,,,,,,,,,,,,,,,,,,,,,,,,,,,,,,,,,,,,,,,,,,,,,,,,,,,,,,,,,,,,,,,,,,,,,,,,,,,,,,,,,,,,,,,,,,,,,,,,,,,,,,,,,,,,,,,,,,,,,,,,,,,,,,,,,,,,,,,,,,,,,,,,,,,,,,,,,,,,,,,,,,,,,,,,,,,,,,,,,,,,,,,,,,,,,,,,,,,,,,,,,,,,,,,,,,,,,,,,,,,,,,,,,,,,,,,,,,,,,,,,,,,,,,,,,,,,,,,,,,,,,,,,,,,,,,,,,,,,,,,,,,,,,,,,,,,,,,,,,,,,,,,,,,,,,,,,,,,,,,,,,,,,,,,,,,,,
LJAMES,Lee,James,Lee.James@chcheli.com,,Active,,de3c20a2-1266-4a1b-94a3-379ceedb8908,Lee.James@chcheli.com,2026-04-20T07:15:54-07:00,,Lee.James@chcheli.com,LJAMES,,,,,,,,MingleEnterprise,Infor-SuiteUser,MingleIONEnabled,HOMEPAGES-User,IDM-User,IDM-RelatedInformationUser,M3UI-USER,MASHUP-User,,,,,,,,,,,,,,,,,,,,,,,,,,,,,,,,,,,,,,,,,,,,,,,,,,,,,,,,,,,,,,,,,,,,,,,,,,,,,,,,,,,,,,,,,,,,,,,,,,,,,,,,,,,,,,,,,,,,,,,,,,,,,,,,,,,,,,,,,,,,,,,,,,,,,,,,,,,,,,,,,,,,,,,,,,,,,,,,,,,,,,,,,,,,,,,,,,,,,,,,,,,,,,,,,,,,,,,,,,,,,,,,,,,,,,,,,,,,,,,,,,,,,,,,,,,,,,,,,,,,,,,,,,,,,,,,,,,,,,,,,,,,,,,,,,,,,,,,,,,,,,,,,,,,,,,,,,,,,,,,,,,,,,,,,,,,,,,,,,,,,,,,,,,,,,,,,,,,,,,,,,,,,,,,,,,,,,,,,,,,,,,,,,,,,,,,,,,,,,,,,,,,,,,,,,,,,,,,,,,,,,,,,,,,,,,,,,,,,,,,,,,,,,,,,,,,,,,,,,,,,,,,,,,,,,,,,,,,,,,,,,,,,,,,,,,,,,,,,,,,,,,,,,,,,,,,,,,,,,,,,,,,,,,,,,,,,,,,,,,,,,,,,,,,,,,,,,,,,,,,,,,,,,,,,,,,,,,,,,,,,,,,,,,,,,,,,,,,,,,,,,,,,,,,,,,,,,,,,,,,,,,,,,,,,,,,,,,,,,,,,,,,,,,,,,,,,,,,,,,,,,,,,,,,,,,,
LORIBEIR,Lorena,Ribeiro,Lorena.Ribeiro@chcheli.com,,Active,,75bf02a0-e4ef-41aa-b04b-fbc1937b3c93,Lorena.Ribeiro@chcheli.com,2026-04-20T07:15:54-07:00,,Lorena.Ribeiro@chcheli.com,LORIBEIR,,,,,,,,MingleEnterprise,Infor-SuiteUser,MingleIONEnabled,HOMEPAGES-User,IDM-User,IDM-RelatedInformationUser,M3UI-USER,MASHUP-User,,,,,,,,,,,,,,,,,,,,,,,,,,,,,,,,,,,,,,,,,,,,,,,,,,,,,,,,,,,,,,,,,,,,,,,,,,,,,,,,,,,,,,,,,,,,,,,,,,,,,,,,,,,,,,,,,,,,,,,,,,,,,,,,,,,,,,,,,,,,,,,,,,,,,,,,,,,,,,,,,,,,,,,,,,,,,,,,,,,,,,,,,,,,,,,,,,,,,,,,,,,,,,,,,,,,,,,,,,,,,,,,,,,,,,,,,,,,,,,,,,,,,,,,,,,,,,,,,,,,,,,,,,,,,,,,,,,,,,,,,,,,,,,,,,,,,,,,,,,,,,,,,,,,,,,,,,,,,,,,,,,,,,,,,,,,,,,,,,,,,,,,,,,,,,,,,,,,,,,,,,,,,,,,,,,,,,,,,,,,,,,,,,,,,,,,,,,,,,,,,,,,,,,,,,,,,,,,,,,,,,,,,,,,,,,,,,,,,,,,,,,,,,,,,,,,,,,,,,,,,,,,,,,,,,,,,,,,,,,,,,,,,,,,,,,,,,,,,,,,,,,,,,,,,,,,,,,,,,,,,,,,,,,,,,,,,,,,,,,,,,,,,,,,,,,,,,,,,,,,,,,,,,,,,,,,,,,,,,,,,,,,,,,,,,,,,,,,,,,,,,,,,,,,,,,,,,,,,,,,,,,,,,,,,,,,,,,,,,,,,,,,,,,,,,,,,,,,,,,,,,,,,,,,,,,,
LSANGSTER,Lorraine,Smith,Lorraine.Smith@chcheli.com,,Active,,29d5381d-2256-4c22-b384-21a0bba9d8e2,Lorraine.Smith@chcheli.com,2026-04-20T07:15:54-07:00,,Lorraine.Smith@chcheli.com,LSANGSTER,,,,,,,,MingleEnterprise,Infor-SuiteUser,MingleIONEnabled,HOMEPAGES-User,IDM-User,IDM-RelatedInformationUser,M3UI-USER,MASHUP-User,,,,,,,,,,,,,,,,,,,,,,,,,,,,,,,,,,,,,,,,,,,,,,,,,,,,,,,,,,,,,,,,,,,,,,,,,,,,,,,,,,,,,,,,,,,,,,,,,,,,,,,,,,,,,,,,,,,,,,,,,,,,,,,,,,,,,,,,,,,,,,,,,,,,,,,,,,,,,,,,,,,,,,,,,,,,,,,,,,,,,,,,,,,,,,,,,,,,,,,,,,,,,,,,,,,,,,,,,,,,,,,,,,,,,,,,,,,,,,,,,,,,,,,,,,,,,,,,,,,,,,,,,,,,,,,,,,,,,,,,,,,,,,,,,,,,,,,,,,,,,,,,,,,,,,,,,,,,,,,,,,,,,,,,,,,,,,,,,,,,,,,,,,,,,,,,,,,,,,,,,,,,,,,,,,,,,,,,,,,,,,,,,,,,,,,,,,,,,,,,,,,,,,,,,,,,,,,,,,,,,,,,,,,,,,,,,,,,,,,,,,,,,,,,,,,,,,,,,,,,,,,,,,,,,,,,,,,,,,,,,,,,,,,,,,,,,,,,,,,,,,,,,,,,,,,,,,,,,,,,,,,,,,,,,,,,,,,,,,,,,,,,,,,,,,,,,,,,,,,,,,,,,,,,,,,,,,,,,,,,,,,,,,,,,,,,,,,,,,,,,,,,,,,,,,,,,,,,,,,,,,,,,,,,,,,,,,,,,,,,,,,,,,,,,,,,,,,,,,,,,,,,,,,,,,,,
LSEVERO,Luiz,Severo,Luiz.Severo@chcheli.com,,Active,,7aead7a8-1014-49d6-a608-61195067fdff,Luiz.Severo@chcheli.com,2026-04-20T07:15:55-07:00,,Luiz.Severo@chcheli.com,LSEVERO,,,,,,,,MingleEnterprise,Infor-SuiteUser,MingleIONEnabled,HOMEPAGES-User,IDM-User,IDM-RelatedInformationUser,M3UI-USER,MASHUP-User,,,,,,,,,,,,,,,,,,,,,,,,,,,,,,,,,,,,,,,,,,,,,,,,,,,,,,,,,,,,,,,,,,,,,,,,,,,,,,,,,,,,,,,,,,,,,,,,,,,,,,,,,,,,,,,,,,,,,,,,,,,,,,,,,,,,,,,,,,,,,,,,,,,,,,,,,,,,,,,,,,,,,,,,,,,,,,,,,,,,,,,,,,,,,,,,,,,,,,,,,,,,,,,,,,,,,,,,,,,,,,,,,,,,,,,,,,,,,,,,,,,,,,,,,,,,,,,,,,,,,,,,,,,,,,,,,,,,,,,,,,,,,,,,,,,,,,,,,,,,,,,,,,,,,,,,,,,,,,,,,,,,,,,,,,,,,,,,,,,,,,,,,,,,,,,,,,,,,,,,,,,,,,,,,,,,,,,,,,,,,,,,,,,,,,,,,,,,,,,,,,,,,,,,,,,,,,,,,,,,,,,,,,,,,,,,,,,,,,,,,,,,,,,,,,,,,,,,,,,,,,,,,,,,,,,,,,,,,,,,,,,,,,,,,,,,,,,,,,,,,,,,,,,,,,,,,,,,,,,,,,,,,,,,,,,,,,,,,,,,,,,,,,,,,,,,,,,,,,,,,,,,,,,,,,,,,,,,,,,,,,,,,,,,,,,,,,,,,,,,,,,,,,,,,,,,,,,,,,,,,,,,,,,,,,,,,,,,,,,,,,,,,,,,,,,,,,,,,,,,,,,,,,,,,,,,
LUDASILV,Lucas,daSilva,Lucas.daSilva@chcheli.com,,Active,,6899437e-deba-4cca-8023-12b2624436db,Lucas.daSilva@chcheli.com,2026-04-20T07:15:55-07:00,,Lucas.daSilva@chcheli.com,LUDASILV,,,,,,,,MingleEnterprise,Infor-SuiteUser,MingleIONEnabled,HOMEPAGES-User,IDM-User,IDM-RelatedInformationUser,M3UI-USER,MASHUP-User,,,,,,,,,,,,,,,,,,,,,,,,,,,,,,,,,,,,,,,,,,,,,,,,,,,,,,,,,,,,,,,,,,,,,,,,,,,,,,,,,,,,,,,,,,,,,,,,,,,,,,,,,,,,,,,,,,,,,,,,,,,,,,,,,,,,,,,,,,,,,,,,,,,,,,,,,,,,,,,,,,,,,,,,,,,,,,,,,,,,,,,,,,,,,,,,,,,,,,,,,,,,,,,,,,,,,,,,,,,,,,,,,,,,,,,,,,,,,,,,,,,,,,,,,,,,,,,,,,,,,,,,,,,,,,,,,,,,,,,,,,,,,,,,,,,,,,,,,,,,,,,,,,,,,,,,,,,,,,,,,,,,,,,,,,,,,,,,,,,,,,,,,,,,,,,,,,,,,,,,,,,,,,,,,,,,,,,,,,,,,,,,,,,,,,,,,,,,,,,,,,,,,,,,,,,,,,,,,,,,,,,,,,,,,,,,,,,,,,,,,,,,,,,,,,,,,,,,,,,,,,,,,,,,,,,,,,,,,,,,,,,,,,,,,,,,,,,,,,,,,,,,,,,,,,,,,,,,,,,,,,,,,,,,,,,,,,,,,,,,,,,,,,,,,,,,,,,,,,,,,,,,,,,,,,,,,,,,,,,,,,,,,,,,,,,,,,,,,,,,,,,,,,,,,,,,,,,,,,,,,,,,,,,,,,,,,,,,,,,,,,,,,,,,,,,,,,,,,,,,,,,,,,,,,,,,
LVELINCA,Leonardo,Velincas,Leonardo.Velincas@chcheli.com,,Active,,86d58b65-ffad-408e-a357-dc3271ac5668,Leonardo.Velincas@chcheli.com,2026-04-20T07:15:56-07:00,,Leonardo.Velincas@chcheli.com,LVELINCA,,,,,,,,MingleEnterprise,Infor-SuiteUser,MingleIONEnabled,HOMEPAGES-User,IDM-User,IDM-RelatedInformationUser,M3UI-USER,MASHUP-User,,,,,,,,,,,,,,,,,,,,,,,,,,,,,,,,,,,,,,,,,,,,,,,,,,,,,,,,,,,,,,,,,,,,,,,,,,,,,,,,,,,,,,,,,,,,,,,,,,,,,,,,,,,,,,,,,,,,,,,,,,,,,,,,,,,,,,,,,,,,,,,,,,,,,,,,,,,,,,,,,,,,,,,,,,,,,,,,,,,,,,,,,,,,,,,,,,,,,,,,,,,,,,,,,,,,,,,,,,,,,,,,,,,,,,,,,,,,,,,,,,,,,,,,,,,,,,,,,,,,,,,,,,,,,,,,,,,,,,,,,,,,,,,,,,,,,,,,,,,,,,,,,,,,,,,,,,,,,,,,,,,,,,,,,,,,,,,,,,,,,,,,,,,,,,,,,,,,,,,,,,,,,,,,,,,,,,,,,,,,,,,,,,,,,,,,,,,,,,,,,,,,,,,,,,,,,,,,,,,,,,,,,,,,,,,,,,,,,,,,,,,,,,,,,,,,,,,,,,,,,,,,,,,,,,,,,,,,,,,,,,,,,,,,,,,,,,,,,,,,,,,,,,,,,,,,,,,,,,,,,,,,,,,,,,,,,,,,,,,,,,,,,,,,,,,,,,,,,,,,,,,,,,,,,,,,,,,,,,,,,,,,,,,,,,,,,,,,,,,,,,,,,,,,,,,,,,,,,,,,,,,,,,,,,,,,,,,,,,,,,,,,,,,,,,,,,,,,,,,,,,,,,,,,,,,,
LWATT,leigh-ann,watt,leigh-ann.watt@chcheli.com,,Active,,a43b3b01-b032-4850-832d-47e835f8e7e6,leigh-ann.watt@chcheli.com,2026-04-20T07:15:56-07:00,,leigh-ann.watt@chcheli.com,LWATT,,,,,,,,MingleEnterprise,Infor-SuiteUser,MingleIONEnabled,HOMEPAGES-User,IDM-User,IDM-RelatedInformationUser,M3UI-USER,MASHUP-User,,,,,,,,,,,,,,,,,,,,,,,,,,,,,,,,,,,,,,,,,,,,,,,,,,,,,,,,,,,,,,,,,,,,,,,,,,,,,,,,,,,,,,,,,,,,,,,,,,,,,,,,,,,,,,,,,,,,,,,,,,,,,,,,,,,,,,,,,,,,,,,,,,,,,,,,,,,,,,,,,,,,,,,,,,,,,,,,,,,,,,,,,,,,,,,,,,,,,,,,,,,,,,,,,,,,,,,,,,,,,,,,,,,,,,,,,,,,,,,,,,,,,,,,,,,,,,,,,,,,,,,,,,,,,,,,,,,,,,,,,,,,,,,,,,,,,,,,,,,,,,,,,,,,,,,,,,,,,,,,,,,,,,,,,,,,,,,,,,,,,,,,,,,,,,,,,,,,,,,,,,,,,,,,,,,,,,,,,,,,,,,,,,,,,,,,,,,,,,,,,,,,,,,,,,,,,,,,,,,,,,,,,,,,,,,,,,,,,,,,,,,,,,,,,,,,,,,,,,,,,,,,,,,,,,,,,,,,,,,,,,,,,,,,,,,,,,,,,,,,,,,,,,,,,,,,,,,,,,,,,,,,,,,,,,,,,,,,,,,,,,,,,,,,,,,,,,,,,,,,,,,,,,,,,,,,,,,,,,,,,,,,,,,,,,,,,,,,,,,,,,,,,,,,,,,,,,,,,,,,,,,,,,,,,,,,,,,,,,,,,,,,,,,,,,,,,,,,,,,,,,,,,,,,,,,,
LXIE,Lily,Xie,Lily.Xie@chcheli.com,Accountant,Active,,d6405b2a-33b7-4259-a279-3ba343c23cab,Lily.Xie@chcheli.com,2026-04-20T07:15:56-07:00,2026-06-26T16:58:07-07:00,Lily.Xie@chcheli.com,LXIE,,,,,,,,MingleEnterprise,Infor-SuiteUser,MingleIONEnabled,HOMEPAGES-User,IDM-User,IDM-RelatedInformationUser,M3UI-USER,MASHUP-User,,,,,,,,,,,,,,,,,,,,,,,,,,,,,,,,,,,,,,,,,,,,,,,,,,,,,,,,,,,,,,,,,,,,,,,,,,,,,,,,,,,,,,,,,,,,,,,,,,,,,,,,,,,,,,,,,,,,,,,,,,,,,,,,,,,,,,,,,,,,,,,,,,,,,,,,,,,,,,,,,,,,,,,,,,,,,,,,,,,,,,,,,,,,,,,,,,,,,,,,,,,,,,,,,,,,,,,,,,,,,,,,,,,,,,,,,,,,,,,,,,,,,,,,,,,,,,,,,,,,,,,,,,,,,,,,,,,,,,,,,,,,,,,,,,,,,,,,,,,,,,,,,,,,,,,,,,,,,,,,,,,,,,,,,,,,,,,,,,,,,,,,,,,,,,,,,,,,,,,,,,,,,,,,,,,,,,,,,,,,,,,,,,,,,,,,,,,,,,,,,,,,,,,,,,,,,,,,,,,,,,,,,,,,,,,,,,,,,,,,,,,,,,,,,,,,,,,,,,,,,,,,,,,,,,,,,,,,,,,,,,,,,,,,,,,,,,,,,,,,,,,,,,,,,,,,,,,,,,,,,,,,,,,,,,,,,,,,,,,,,,,,,,,,,,,,,,,,,,,,,,,,,,,,,,,,,,,,,,,,,,,,,,,,,,,,,,,,,,,,,,,,,,,,,,,,,,,,,,,,,,,,,,,,,,,,,,,,,,,,,,,,,,,,,,,,,,,,,,,,,,,,,,,,,,,,
MCOUTO,Maria,Couto,Maria.Couto@CHCHeli.com,,Active,,702d53b4-92e2-4ab4-8b5c-005cd52fa89e,Maria.Couto@CHCHeli.com,2026-04-20T07:15:57-07:00,,Maria.Couto@CHCHeli.com,MCOUTO,,,,,,,,MingleEnterprise,Infor-SuiteUser,MingleIONEnabled,HOMEPAGES-User,IDM-User,IDM-RelatedInformationUser,M3UI-USER,MASHUP-User,,,,,,,,,,,,,,,,,,,,,,,,,,,,,,,,,,,,,,,,,,,,,,,,,,,,,,,,,,,,,,,,,,,,,,,,,,,,,,,,,,,,,,,,,,,,,,,,,,,,,,,,,,,,,,,,,,,,,,,,,,,,,,,,,,,,,,,,,,,,,,,,,,,,,,,,,,,,,,,,,,,,,,,,,,,,,,,,,,,,,,,,,,,,,,,,,,,,,,,,,,,,,,,,,,,,,,,,,,,,,,,,,,,,,,,,,,,,,,,,,,,,,,,,,,,,,,,,,,,,,,,,,,,,,,,,,,,,,,,,,,,,,,,,,,,,,,,,,,,,,,,,,,,,,,,,,,,,,,,,,,,,,,,,,,,,,,,,,,,,,,,,,,,,,,,,,,,,,,,,,,,,,,,,,,,,,,,,,,,,,,,,,,,,,,,,,,,,,,,,,,,,,,,,,,,,,,,,,,,,,,,,,,,,,,,,,,,,,,,,,,,,,,,,,,,,,,,,,,,,,,,,,,,,,,,,,,,,,,,,,,,,,,,,,,,,,,,,,,,,,,,,,,,,,,,,,,,,,,,,,,,,,,,,,,,,,,,,,,,,,,,,,,,,,,,,,,,,,,,,,,,,,,,,,,,,,,,,,,,,,,,,,,,,,,,,,,,,,,,,,,,,,,,,,,,,,,,,,,,,,,,,,,,,,,,,,,,,,,,,,,,,,,,,,,,,,,,,,,,,,,,,,,,,,,,,
MDAYAPER,Mathew,Dayapera,Mathew.Dayapera@chcheli.com,,Active,,3a170273-d853-478a-bb3f-7f78cd233a42,Mathew.Dayapera@chcheli.com,2026-04-20T07:15:57-07:00,,Mathew.Dayapera@chcheli.com,MDAYAPER,,,,,,,,MingleEnterprise,Infor-SuiteUser,MingleIONEnabled,HOMEPAGES-User,IDM-User,IDM-RelatedInformationUser,M3UI-USER,MASHUP-User,,,,,,,,,,,,,,,,,,,,,,,,,,,,,,,,,,,,,,,,,,,,,,,,,,,,,,,,,,,,,,,,,,,,,,,,,,,,,,,,,,,,,,,,,,,,,,,,,,,,,,,,,,,,,,,,,,,,,,,,,,,,,,,,,,,,,,,,,,,,,,,,,,,,,,,,,,,,,,,,,,,,,,,,,,,,,,,,,,,,,,,,,,,,,,,,,,,,,,,,,,,,,,,,,,,,,,,,,,,,,,,,,,,,,,,,,,,,,,,,,,,,,,,,,,,,,,,,,,,,,,,,,,,,,,,,,,,,,,,,,,,,,,,,,,,,,,,,,,,,,,,,,,,,,,,,,,,,,,,,,,,,,,,,,,,,,,,,,,,,,,,,,,,,,,,,,,,,,,,,,,,,,,,,,,,,,,,,,,,,,,,,,,,,,,,,,,,,,,,,,,,,,,,,,,,,,,,,,,,,,,,,,,,,,,,,,,,,,,,,,,,,,,,,,,,,,,,,,,,,,,,,,,,,,,,,,,,,,,,,,,,,,,,,,,,,,,,,,,,,,,,,,,,,,,,,,,,,,,,,,,,,,,,,,,,,,,,,,,,,,,,,,,,,,,,,,,,,,,,,,,,,,,,,,,,,,,,,,,,,,,,,,,,,,,,,,,,,,,,,,,,,,,,,,,,,,,,,,,,,,,,,,,,,,,,,,,,,,,,,,,,,,,,,,,,,,,,,,,,,,,,,,,,,,,,,
b2c64f88-6028-45ee-8f6b-f49398d27e9d,magdalena,kepa,magdalena.kepa@chcheli.com,,Active,,b2c64f88-6028-45ee-8f6b-f49398d27e9d,magdalena.kepa@chcheli.com,2026-04-20T07:15:59-07:00,,magdalena.kepa@chcheli.com,MKEPA,,,,,,,,MingleEnterprise,Infor-SuiteUser,MingleIONEnabled,HOMEPAGES-User,IDM-User,IDM-RelatedInformationUser,M3UI-USER,MASHUP-User,,,,,,,,,,,,,,,,,,,,,,,,,,,,,,,,,,,,,,,,,,,,,,,,,,,,,,,,,,,,,,,,,,,,,,,,,,,,,,,,,,,,,,,,,,,,,,,,,,,,,,,,,,,,,,,,,,,,,,,,,,,,,,,,,,,,,,,,,,,,,,,,,,,,,,,,,,,,,,,,,,,,,,,,,,,,,,,,,,,,,,,,,,,,,,,,,,,,,,,,,,,,,,,,,,,,,,,,,,,,,,,,,,,,,,,,,,,,,,,,,,,,,,,,,,,,,,,,,,,,,,,,,,,,,,,,,,,,,,,,,,,,,,,,,,,,,,,,,,,,,,,,,,,,,,,,,,,,,,,,,,,,,,,,,,,,,,,,,,,,,,,,,,,,,,,,,,,,,,,,,,,,,,,,,,,,,,,,,,,,,,,,,,,,,,,,,,,,,,,,,,,,,,,,,,,,,,,,,,,,,,,,,,,,,,,,,,,,,,,,,,,,,,,,,,,,,,,,,,,,,,,,,,,,,,,,,,,,,,,,,,,,,,,,,,,,,,,,,,,,,,,,,,,,,,,,,,,,,,,,,,,,,,,,,,,,,,,,,,,,,,,,,,,,,,,,,,,,,,,,,,,,,,,,,,,,,,,,,,,,,,,,,,,,,,,,,,,,,,,,,,,,,,,,,,,,,,,,,,,,,,,,,,,,,,,,,,,,,,,,,,,,,,,,,,,,,,,,,,,,,,,,,,,,,,,,
MPRIVATTI,Mirtes,Privatti,Mirtes.Privatti@chcheli.com,,Active,,f5386d34-f75a-4677-a0b3-59e6fd00a967,Mirtes.Privatti@chcheli.com,2026-04-20T07:16:00-07:00,,Mirtes.Privatti@chcheli.com,MPRIVATTI,,,,,,,,MingleEnterprise,Infor-SuiteUser,MingleIONEnabled,HOMEPAGES-User,IDM-User,IDM-RelatedInformationUser,M3UI-USER,MASHUP-User,,,,,,,,,,,,,,,,,,,,,,,,,,,,,,,,,,,,,,,,,,,,,,,,,,,,,,,,,,,,,,,,,,,,,,,,,,,,,,,,,,,,,,,,,,,,,,,,,,,,,,,,,,,,,,,,,,,,,,,,,,,,,,,,,,,,,,,,,,,,,,,,,,,,,,,,,,,,,,,,,,,,,,,,,,,,,,,,,,,,,,,,,,,,,,,,,,,,,,,,,,,,,,,,,,,,,,,,,,,,,,,,,,,,,,,,,,,,,,,,,,,,,,,,,,,,,,,,,,,,,,,,,,,,,,,,,,,,,,,,,,,,,,,,,,,,,,,,,,,,,,,,,,,,,,,,,,,,,,,,,,,,,,,,,,,,,,,,,,,,,,,,,,,,,,,,,,,,,,,,,,,,,,,,,,,,,,,,,,,,,,,,,,,,,,,,,,,,,,,,,,,,,,,,,,,,,,,,,,,,,,,,,,,,,,,,,,,,,,,,,,,,,,,,,,,,,,,,,,,,,,,,,,,,,,,,,,,,,,,,,,,,,,,,,,,,,,,,,,,,,,,,,,,,,,,,,,,,,,,,,,,,,,,,,,,,,,,,,,,,,,,,,,,,,,,,,,,,,,,,,,,,,,,,,,,,,,,,,,,,,,,,,,,,,,,,,,,,,,,,,,,,,,,,,,,,,,,,,,,,,,,,,,,,,,,,,,,,,,,,,,,,,,,,,,,,,,,,,,,,,,,,,,,,,,,,
NKATHE,nikhil,kathe,nikhil.kathe@chcheli.com,,Active,,005df3e4-ce92-4c3b-9bf6-8d1b6ece955e,nikhil.kathe@chcheli.com,2026-04-20T07:16:01-07:00,2026-06-15T06:53:03-07:00,nikhil.kathe@chcheli.com,NKATHE,,,,,,,,MingleEnterprise,Infor-SuiteUser,MingleIONEnabled,HOMEPAGES-User,IDM-User,IDM-RelatedInformationUser,M3UI-USER,MASHUP-User,,,,,,,,,,,,,,,,,,,,,,,,,,,,,,,,,,,,,,,,,,,,,,,,,,,,,,,,,,,,,,,,,,,,,,,,,,,,,,,,,,,,,,,,,,,,,,,,,,,,,,,,,,,,,,,,,,,,,,,,,,,,,,,,,,,,,,,,,,,,,,,,,,,,,,,,,,,,,,,,,,,,,,,,,,,,,,,,,,,,,,,,,,,,,,,,,,,,,,,,,,,,,,,,,,,,,,,,,,,,,,,,,,,,,,,,,,,,,,,,,,,,,,,,,,,,,,,,,,,,,,,,,,,,,,,,,,,,,,,,,,,,,,,,,,,,,,,,,,,,,,,,,,,,,,,,,,,,,,,,,,,,,,,,,,,,,,,,,,,,,,,,,,,,,,,,,,,,,,,,,,,,,,,,,,,,,,,,,,,,,,,,,,,,,,,,,,,,,,,,,,,,,,,,,,,,,,,,,,,,,,,,,,,,,,,,,,,,,,,,,,,,,,,,,,,,,,,,,,,,,,,,,,,,,,,,,,,,,,,,,,,,,,,,,,,,,,,,,,,,,,,,,,,,,,,,,,,,,,,,,,,,,,,,,,,,,,,,,,,,,,,,,,,,,,,,,,,,,,,,,,,,,,,,,,,,,,,,,,,,,,,,,,,,,,,,,,,,,,,,,,,,,,,,,,,,,,,,,,,,,,,,,,,,,,,,,,,,,,,,,,,,,,,,,,,,,,,,,,,,,,,,,,,,,,,,
NVROON,Niels,Van.Roon,Niels.Van.Roon@chcheli.com,,Active,,d99233a0-844b-42e0-bdf4-b0675ddad4d7,Niels.Van.Roon@chcheli.com,2026-04-20T07:16:02-07:00,,Niels.Van.Roon@chcheli.com,NVROON,,,,,,,,MingleEnterprise,Infor-SuiteUser,MingleIONEnabled,HOMEPAGES-User,IDM-User,IDM-RelatedInformationUser,M3UI-USER,MASHUP-User,,,,,,,,,,,,,,,,,,,,,,,,,,,,,,,,,,,,,,,,,,,,,,,,,,,,,,,,,,,,,,,,,,,,,,,,,,,,,,,,,,,,,,,,,,,,,,,,,,,,,,,,,,,,,,,,,,,,,,,,,,,,,,,,,,,,,,,,,,,,,,,,,,,,,,,,,,,,,,,,,,,,,,,,,,,,,,,,,,,,,,,,,,,,,,,,,,,,,,,,,,,,,,,,,,,,,,,,,,,,,,,,,,,,,,,,,,,,,,,,,,,,,,,,,,,,,,,,,,,,,,,,,,,,,,,,,,,,,,,,,,,,,,,,,,,,,,,,,,,,,,,,,,,,,,,,,,,,,,,,,,,,,,,,,,,,,,,,,,,,,,,,,,,,,,,,,,,,,,,,,,,,,,,,,,,,,,,,,,,,,,,,,,,,,,,,,,,,,,,,,,,,,,,,,,,,,,,,,,,,,,,,,,,,,,,,,,,,,,,,,,,,,,,,,,,,,,,,,,,,,,,,,,,,,,,,,,,,,,,,,,,,,,,,,,,,,,,,,,,,,,,,,,,,,,,,,,,,,,,,,,,,,,,,,,,,,,,,,,,,,,,,,,,,,,,,,,,,,,,,,,,,,,,,,,,,,,,,,,,,,,,,,,,,,,,,,,,,,,,,,,,,,,,,,,,,,,,,,,,,,,,,,,,,,,,,,,,,,,,,,,,,,,,,,,,,,,,,,,,,,,,,,,,,,,,,
NWIATER,Natalia,Wiater,Natalia.Wiater@heli-one.com,,Active,,f6d97c87-64db-44a7-b06e-ff94596d89b3,Natalia.Wiater@heli-one.com,2026-04-20T07:16:02-07:00,,Natalia.Wiater@heli-one.com,NWIATER,,,,,,,,MingleEnterprise,Infor-SuiteUser,MingleIONEnabled,HOMEPAGES-User,IDM-User,IDM-RelatedInformationUser,M3UI-USER,MASHUP-User,,,,,,,,,,,,,,,,,,,,,,,,,,,,,,,,,,,,,,,,,,,,,,,,,,,,,,,,,,,,,,,,,,,,,,,,,,,,,,,,,,,,,,,,,,,,,,,,,,,,,,,,,,,,,,,,,,,,,,,,,,,,,,,,,,,,,,,,,,,,,,,,,,,,,,,,,,,,,,,,,,,,,,,,,,,,,,,,,,,,,,,,,,,,,,,,,,,,,,,,,,,,,,,,,,,,,,,,,,,,,,,,,,,,,,,,,,,,,,,,,,,,,,,,,,,,,,,,,,,,,,,,,,,,,,,,,,,,,,,,,,,,,,,,,,,,,,,,,,,,,,,,,,,,,,,,,,,,,,,,,,,,,,,,,,,,,,,,,,,,,,,,,,,,,,,,,,,,,,,,,,,,,,,,,,,,,,,,,,,,,,,,,,,,,,,,,,,,,,,,,,,,,,,,,,,,,,,,,,,,,,,,,,,,,,,,,,,,,,,,,,,,,,,,,,,,,,,,,,,,,,,,,,,,,,,,,,,,,,,,,,,,,,,,,,,,,,,,,,,,,,,,,,,,,,,,,,,,,,,,,,,,,,,,,,,,,,,,,,,,,,,,,,,,,,,,,,,,,,,,,,,,,,,,,,,,,,,,,,,,,,,,,,,,,,,,,,,,,,,,,,,,,,,,,,,,,,,,,,,,,,,,,,,,,,,,,,,,,,,,,,,,,,,,,,,,,,,,,,,,,,,,,,,,,,,,
ODANGMAL,Omkar,Dangmal,Omkar.Dangmal@chcheli.com,,Active,,f6097836-5a4d-4b25-9169-f24c0e567019,Omkar.Dangmal@chcheli.com,2026-04-20T07:16:02-07:00,2026-06-10T01:49:36-07:00,Omkar.Dangmal@chcheli.com,ODANGMAL,,,,,,,,MingleEnterprise,Infor-SuiteUser,MingleIONEnabled,HOMEPAGES-User,IDM-User,IDM-RelatedInformationUser,M3UI-USER,MASHUP-User,,,,,,,,,,,,,,,,,,,,,,,,,,,,,,,,,,,,,,,,,,,,,,,,,,,,,,,,,,,,,,,,,,,,,,,,,,,,,,,,,,,,,,,,,,,,,,,,,,,,,,,,,,,,,,,,,,,,,,,,,,,,,,,,,,,,,,,,,,,,,,,,,,,,,,,,,,,,,,,,,,,,,,,,,,,,,,,,,,,,,,,,,,,,,,,,,,,,,,,,,,,,,,,,,,,,,,,,,,,,,,,,,,,,,,,,,,,,,,,,,,,,,,,,,,,,,,,,,,,,,,,,,,,,,,,,,,,,,,,,,,,,,,,,,,,,,,,,,,,,,,,,,,,,,,,,,,,,,,,,,,,,,,,,,,,,,,,,,,,,,,,,,,,,,,,,,,,,,,,,,,,,,,,,,,,,,,,,,,,,,,,,,,,,,,,,,,,,,,,,,,,,,,,,,,,,,,,,,,,,,,,,,,,,,,,,,,,,,,,,,,,,,,,,,,,,,,,,,,,,,,,,,,,,,,,,,,,,,,,,,,,,,,,,,,,,,,,,,,,,,,,,,,,,,,,,,,,,,,,,,,,,,,,,,,,,,,,,,,,,,,,,,,,,,,,,,,,,,,,,,,,,,,,,,,,,,,,,,,,,,,,,,,,,,,,,,,,,,,,,,,,,,,,,,,,,,,,,,,,,,,,,,,,,,,,,,,,,,,,,,,,,,,,,,,,,,,,,,,,,,,,,,,,,,,,,
5d157a90-40bf-4e99-ad9a-e2e78671018c,Omkar,Mulik,Omkar.Mulik@chcheli.com,,Active,,5d157a90-40bf-4e99-ad9a-e2e78671018c,Omkar.Mulik@chcheli.com,2026-04-20T07:16:02-07:00,,Omkar.Mulik@chcheli.com,OMULIK,,,,,,,,MingleEnterprise,Infor-SuiteUser,MingleIONEnabled,HOMEPAGES-User,IDM-User,IDM-RelatedInformationUser,M3UI-USER,MASHUP-User,,,,,,,,,,,,,,,,,,,,,,,,,,,,,,,,,,,,,,,,,,,,,,,,,,,,,,,,,,,,,,,,,,,,,,,,,,,,,,,,,,,,,,,,,,,,,,,,,,,,,,,,,,,,,,,,,,,,,,,,,,,,,,,,,,,,,,,,,,,,,,,,,,,,,,,,,,,,,,,,,,,,,,,,,,,,,,,,,,,,,,,,,,,,,,,,,,,,,,,,,,,,,,,,,,,,,,,,,,,,,,,,,,,,,,,,,,,,,,,,,,,,,,,,,,,,,,,,,,,,,,,,,,,,,,,,,,,,,,,,,,,,,,,,,,,,,,,,,,,,,,,,,,,,,,,,,,,,,,,,,,,,,,,,,,,,,,,,,,,,,,,,,,,,,,,,,,,,,,,,,,,,,,,,,,,,,,,,,,,,,,,,,,,,,,,,,,,,,,,,,,,,,,,,,,,,,,,,,,,,,,,,,,,,,,,,,,,,,,,,,,,,,,,,,,,,,,,,,,,,,,,,,,,,,,,,,,,,,,,,,,,,,,,,,,,,,,,,,,,,,,,,,,,,,,,,,,,,,,,,,,,,,,,,,,,,,,,,,,,,,,,,,,,,,,,,,,,,,,,,,,,,,,,,,,,,,,,,,,,,,,,,,,,,,,,,,,,,,,,,,,,,,,,,,,,,,,,,,,,,,,,,,,,,,,,,,,,,,,,,,,,,,,,,,,,,,,,,,,,,,,,,,,,,,,,,
ORJUNIOR,Orlando,Junior,Orlando.Junior@chcheli.com,,Active,,00b88796-2430-406e-a0ca-ff53ddb11435,Orlando.Junior@chcheli.com,2026-04-20T07:16:03-07:00,,Orlando.Junior@chcheli.com,ORJUNIOR,,,,,,,,MingleEnterprise,Infor-SuiteUser,MingleIONEnabled,HOMEPAGES-User,IDM-User,IDM-RelatedInformationUser,M3UI-USER,MASHUP-User,,,,,,,,,,,,,,,,,,,,,,,,,,,,,,,,,,,,,,,,,,,,,,,,,,,,,,,,,,,,,,,,,,,,,,,,,,,,,,,,,,,,,,,,,,,,,,,,,,,,,,,,,,,,,,,,,,,,,,,,,,,,,,,,,,,,,,,,,,,,,,,,,,,,,,,,,,,,,,,,,,,,,,,,,,,,,,,,,,,,,,,,,,,,,,,,,,,,,,,,,,,,,,,,,,,,,,,,,,,,,,,,,,,,,,,,,,,,,,,,,,,,,,,,,,,,,,,,,,,,,,,,,,,,,,,,,,,,,,,,,,,,,,,,,,,,,,,,,,,,,,,,,,,,,,,,,,,,,,,,,,,,,,,,,,,,,,,,,,,,,,,,,,,,,,,,,,,,,,,,,,,,,,,,,,,,,,,,,,,,,,,,,,,,,,,,,,,,,,,,,,,,,,,,,,,,,,,,,,,,,,,,,,,,,,,,,,,,,,,,,,,,,,,,,,,,,,,,,,,,,,,,,,,,,,,,,,,,,,,,,,,,,,,,,,,,,,,,,,,,,,,,,,,,,,,,,,,,,,,,,,,,,,,,,,,,,,,,,,,,,,,,,,,,,,,,,,,,,,,,,,,,,,,,,,,,,,,,,,,,,,,,,,,,,,,,,,,,,,,,,,,,,,,,,,,,,,,,,,,,,,,,,,,,,,,,,,,,,,,,,,,,,,,,,,,,,,,,,,,,,,,,,,,,,,,,
PKHONGPAN,Pey-Wen,Khong-Pan,Pey-Wen.Khong-Pan@chcheli.com,,Active,,ef9b00c4-9cd5-459b-bba9-c71e8fe06ce7,Pey-Wen.Khong-Pan@chcheli.com,2026-04-20T07:16:03-07:00,2026-05-08T09:40:29-07:00,Pey-Wen.Khong-Pan@chcheli.com,PKHONGPAN,,,,,,,,MingleEnterprise,Infor-SuiteUser,MingleIONEnabled,HOMEPAGES-User,IDM-User,IDM-RelatedInformationUser,M3UI-USER,MASHUP-User,,,,,,,,,,,,,,,,,,,,,,,,,,,,,,,,,,,,,,,,,,,,,,,,,,,,,,,,,,,,,,,,,,,,,,,,,,,,,,,,,,,,,,,,,,,,,,,,,,,,,,,,,,,,,,,,,,,,,,,,,,,,,,,,,,,,,,,,,,,,,,,,,,,,,,,,,,,,,,,,,,,,,,,,,,,,,,,,,,,,,,,,,,,,,,,,,,,,,,,,,,,,,,,,,,,,,,,,,,,,,,,,,,,,,,,,,,,,,,,,,,,,,,,,,,,,,,,,,,,,,,,,,,,,,,,,,,,,,,,,,,,,,,,,,,,,,,,,,,,,,,,,,,,,,,,,,,,,,,,,,,,,,,,,,,,,,,,,,,,,,,,,,,,,,,,,,,,,,,,,,,,,,,,,,,,,,,,,,,,,,,,,,,,,,,,,,,,,,,,,,,,,,,,,,,,,,,,,,,,,,,,,,,,,,,,,,,,,,,,,,,,,,,,,,,,,,,,,,,,,,,,,,,,,,,,,,,,,,,,,,,,,,,,,,,,,,,,,,,,,,,,,,,,,,,,,,,,,,,,,,,,,,,,,,,,,,,,,,,,,,,,,,,,,,,,,,,,,,,,,,,,,,,,,,,,,,,,,,,,,,,,,,,,,,,,,,,,,,,,,,,,,,,,,,,,,,,,,,,,,,,,,,,,,,,,,,,,,,,,,,,,,,,,,,,,,,,,,,,,,,,,,,,,,,,,,
PMIRANDA,paula,miranda,paula.miranda@chcheli.com,,Active,,335ccd46-c696-484e-aa15-bcd19a29682f,paula.miranda@chcheli.com,2026-04-20T07:16:04-07:00,,paula.miranda@chcheli.com,PMIRANDA,,,,,,,,MingleEnterprise,Infor-SuiteUser,MingleIONEnabled,HOMEPAGES-User,IDM-User,IDM-RelatedInformationUser,M3UI-USER,MASHUP-User,,,,,,,,,,,,,,,,,,,,,,,,,,,,,,,,,,,,,,,,,,,,,,,,,,,,,,,,,,,,,,,,,,,,,,,,,,,,,,,,,,,,,,,,,,,,,,,,,,,,,,,,,,,,,,,,,,,,,,,,,,,,,,,,,,,,,,,,,,,,,,,,,,,,,,,,,,,,,,,,,,,,,,,,,,,,,,,,,,,,,,,,,,,,,,,,,,,,,,,,,,,,,,,,,,,,,,,,,,,,,,,,,,,,,,,,,,,,,,,,,,,,,,,,,,,,,,,,,,,,,,,,,,,,,,,,,,,,,,,,,,,,,,,,,,,,,,,,,,,,,,,,,,,,,,,,,,,,,,,,,,,,,,,,,,,,,,,,,,,,,,,,,,,,,,,,,,,,,,,,,,,,,,,,,,,,,,,,,,,,,,,,,,,,,,,,,,,,,,,,,,,,,,,,,,,,,,,,,,,,,,,,,,,,,,,,,,,,,,,,,,,,,,,,,,,,,,,,,,,,,,,,,,,,,,,,,,,,,,,,,,,,,,,,,,,,,,,,,,,,,,,,,,,,,,,,,,,,,,,,,,,,,,,,,,,,,,,,,,,,,,,,,,,,,,,,,,,,,,,,,,,,,,,,,,,,,,,,,,,,,,,,,,,,,,,,,,,,,,,,,,,,,,,,,,,,,,,,,,,,,,,,,,,,,,,,,,,,,,,,,,,,,,,,,,,,,,,,,,,,,,,,,,,,,,,,
PSMITHERAM,Perry,Smitheram,Perry.Smitheram@chcheli.com,Leasing Manager,Active,,6ee452d8-e3dd-4a26-804a-a8bf3612fa86,Perry.Smitheram@chcheli.com,2026-04-20T07:16:04-07:00,2026-04-22T16:44:52-07:00,Perry.Smitheram@chcheli.com,PSMITHERAM,,,,,,,,MingleEnterprise,Infor-SuiteUser,MingleIONEnabled,HOMEPAGES-User,IDM-User,IDM-RelatedInformationUser,M3UI-USER,MASHUP-User,,,,,,,,,,,,,,,,,,,,,,,,,,,,,,,,,,,,,,,,,,,,,,,,,,,,,,,,,,,,,,,,,,,,,,,,,,,,,,,,,,,,,,,,,,,,,,,,,,,,,,,,,,,,,,,,,,,,,,,,,,,,,,,,,,,,,,,,,,,,,,,,,,,,,,,,,,,,,,,,,,,,,,,,,,,,,,,,,,,,,,,,,,,,,,,,,,,,,,,,,,,,,,,,,,,,,,,,,,,,,,,,,,,,,,,,,,,,,,,,,,,,,,,,,,,,,,,,,,,,,,,,,,,,,,,,,,,,,,,,,,,,,,,,,,,,,,,,,,,,,,,,,,,,,,,,,,,,,,,,,,,,,,,,,,,,,,,,,,,,,,,,,,,,,,,,,,,,,,,,,,,,,,,,,,,,,,,,,,,,,,,,,,,,,,,,,,,,,,,,,,,,,,,,,,,,,,,,,,,,,,,,,,,,,,,,,,,,,,,,,,,,,,,,,,,,,,,,,,,,,,,,,,,,,,,,,,,,,,,,,,,,,,,,,,,,,,,,,,,,,,,,,,,,,,,,,,,,,,,,,,,,,,,,,,,,,,,,,,,,,,,,,,,,,,,,,,,,,,,,,,,,,,,,,,,,,,,,,,,,,,,,,,,,,,,,,,,,,,,,,,,,,,,,,,,,,,,,,,,,,,,,,,,,,,,,,,,,,,,,,,,,,,,,,,,,,,,,,,,,,,,,,,,,,,,,
2f6dbbd8-5865-449b-95c2-b56c8d680d12,Rakshita,Padad,Rakshita.Padad@chcheli.com,,Active,,2f6dbbd8-5865-449b-95c2-b56c8d680d12,Rakshita.Padad@chcheli.com,2026-04-20T07:16:05-07:00,,Rakshita.Padad@chcheli.com,RAKPADAD,,,,,,,,MingleEnterprise,Infor-SuiteUser,MingleIONEnabled,HOMEPAGES-User,IDM-User,IDM-RelatedInformationUser,M3UI-USER,MASHUP-User,,,,,,,,,,,,,,,,,,,,,,,,,,,,,,,,,,,,,,,,,,,,,,,,,,,,,,,,,,,,,,,,,,,,,,,,,,,,,,,,,,,,,,,,,,,,,,,,,,,,,,,,,,,,,,,,,,,,,,,,,,,,,,,,,,,,,,,,,,,,,,,,,,,,,,,,,,,,,,,,,,,,,,,,,,,,,,,,,,,,,,,,,,,,,,,,,,,,,,,,,,,,,,,,,,,,,,,,,,,,,,,,,,,,,,,,,,,,,,,,,,,,,,,,,,,,,,,,,,,,,,,,,,,,,,,,,,,,,,,,,,,,,,,,,,,,,,,,,,,,,,,,,,,,,,,,,,,,,,,,,,,,,,,,,,,,,,,,,,,,,,,,,,,,,,,,,,,,,,,,,,,,,,,,,,,,,,,,,,,,,,,,,,,,,,,,,,,,,,,,,,,,,,,,,,,,,,,,,,,,,,,,,,,,,,,,,,,,,,,,,,,,,,,,,,,,,,,,,,,,,,,,,,,,,,,,,,,,,,,,,,,,,,,,,,,,,,,,,,,,,,,,,,,,,,,,,,,,,,,,,,,,,,,,,,,,,,,,,,,,,,,,,,,,,,,,,,,,,,,,,,,,,,,,,,,,,,,,,,,,,,,,,,,,,,,,,,,,,,,,,,,,,,,,,,,,,,,,,,,,,,,,,,,,,,,,,,,,,,,,,,,,,,,,,,,,,,,,,,,,,,,,,,,,,,,,
3ba595c1-00c1-4745-8683-3160ff4de771,Rohit,Channa,Rohit.Channa@chcheli.com,,Active,,3ba595c1-00c1-4745-8683-3160ff4de771,Rohit.Channa@chcheli.com,2026-04-20T07:16:05-07:00,,Rohit.Channa@chcheli.com,RCHANNA,,,,,,,,MingleEnterprise,Infor-SuiteUser,MingleIONEnabled,HOMEPAGES-User,IDM-User,IDM-RelatedInformationUser,M3UI-USER,MASHUP-User,,,,,,,,,,,,,,,,,,,,,,,,,,,,,,,,,,,,,,,,,,,,,,,,,,,,,,,,,,,,,,,,,,,,,,,,,,,,,,,,,,,,,,,,,,,,,,,,,,,,,,,,,,,,,,,,,,,,,,,,,,,,,,,,,,,,,,,,,,,,,,,,,,,,,,,,,,,,,,,,,,,,,,,,,,,,,,,,,,,,,,,,,,,,,,,,,,,,,,,,,,,,,,,,,,,,,,,,,,,,,,,,,,,,,,,,,,,,,,,,,,,,,,,,,,,,,,,,,,,,,,,,,,,,,,,,,,,,,,,,,,,,,,,,,,,,,,,,,,,,,,,,,,,,,,,,,,,,,,,,,,,,,,,,,,,,,,,,,,,,,,,,,,,,,,,,,,,,,,,,,,,,,,,,,,,,,,,,,,,,,,,,,,,,,,,,,,,,,,,,,,,,,,,,,,,,,,,,,,,,,,,,,,,,,,,,,,,,,,,,,,,,,,,,,,,,,,,,,,,,,,,,,,,,,,,,,,,,,,,,,,,,,,,,,,,,,,,,,,,,,,,,,,,,,,,,,,,,,,,,,,,,,,,,,,,,,,,,,,,,,,,,,,,,,,,,,,,,,,,,,,,,,,,,,,,,,,,,,,,,,,,,,,,,,,,,,,,,,,,,,,,,,,,,,,,,,,,,,,,,,,,,,,,,,,,,,,,,,,,,,,,,,,,,,,,,,,,,,,,,,,,,,,,,,,,,
RDOCOUTO,Robson,doCouto,Robson.doCouto@CHCHeli.com,,Active,,00e7339b-73b0-4dad-9648-719bff232a6b,Robson.doCouto@CHCHeli.com,2026-04-20T07:16:06-07:00,,Robson.doCouto@CHCHeli.com,RDOCOUTO,,,,,,,,MingleEnterprise,Infor-SuiteUser,MingleIONEnabled,HOMEPAGES-User,IDM-User,IDM-RelatedInformationUser,M3UI-USER,MASHUP-User,,,,,,,,,,,,,,,,,,,,,,,,,,,,,,,,,,,,,,,,,,,,,,,,,,,,,,,,,,,,,,,,,,,,,,,,,,,,,,,,,,,,,,,,,,,,,,,,,,,,,,,,,,,,,,,,,,,,,,,,,,,,,,,,,,,,,,,,,,,,,,,,,,,,,,,,,,,,,,,,,,,,,,,,,,,,,,,,,,,,,,,,,,,,,,,,,,,,,,,,,,,,,,,,,,,,,,,,,,,,,,,,,,,,,,,,,,,,,,,,,,,,,,,,,,,,,,,,,,,,,,,,,,,,,,,,,,,,,,,,,,,,,,,,,,,,,,,,,,,,,,,,,,,,,,,,,,,,,,,,,,,,,,,,,,,,,,,,,,,,,,,,,,,,,,,,,,,,,,,,,,,,,,,,,,,,,,,,,,,,,,,,,,,,,,,,,,,,,,,,,,,,,,,,,,,,,,,,,,,,,,,,,,,,,,,,,,,,,,,,,,,,,,,,,,,,,,,,,,,,,,,,,,,,,,,,,,,,,,,,,,,,,,,,,,,,,,,,,,,,,,,,,,,,,,,,,,,,,,,,,,,,,,,,,,,,,,,,,,,,,,,,,,,,,,,,,,,,,,,,,,,,,,,,,,,,,,,,,,,,,,,,,,,,,,,,,,,,,,,,,,,,,,,,,,,,,,,,,,,,,,,,,,,,,,,,,,,,,,,,,,,,,,,,,,,,,,,,,,,,,,,,,,,,,,,,
RFRANCES,Rafael,Francesconi,Rafael.Francesconi@chcheli.com,,Active,,eb5e1778-6aa0-4c3b-b904-af5dfe0a6f1b,Rafael.Francesconi@chcheli.com,2026-04-20T07:16:06-07:00,,Rafael.Francesconi@chcheli.com,RFRANCES,,,,,,,,MingleEnterprise,Infor-SuiteUser,MingleIONEnabled,HOMEPAGES-User,IDM-User,IDM-RelatedInformationUser,M3UI-USER,MASHUP-User,,,,,,,,,,,,,,,,,,,,,,,,,,,,,,,,,,,,,,,,,,,,,,,,,,,,,,,,,,,,,,,,,,,,,,,,,,,,,,,,,,,,,,,,,,,,,,,,,,,,,,,,,,,,,,,,,,,,,,,,,,,,,,,,,,,,,,,,,,,,,,,,,,,,,,,,,,,,,,,,,,,,,,,,,,,,,,,,,,,,,,,,,,,,,,,,,,,,,,,,,,,,,,,,,,,,,,,,,,,,,,,,,,,,,,,,,,,,,,,,,,,,,,,,,,,,,,,,,,,,,,,,,,,,,,,,,,,,,,,,,,,,,,,,,,,,,,,,,,,,,,,,,,,,,,,,,,,,,,,,,,,,,,,,,,,,,,,,,,,,,,,,,,,,,,,,,,,,,,,,,,,,,,,,,,,,,,,,,,,,,,,,,,,,,,,,,,,,,,,,,,,,,,,,,,,,,,,,,,,,,,,,,,,,,,,,,,,,,,,,,,,,,,,,,,,,,,,,,,,,,,,,,,,,,,,,,,,,,,,,,,,,,,,,,,,,,,,,,,,,,,,,,,,,,,,,,,,,,,,,,,,,,,,,,,,,,,,,,,,,,,,,,,,,,,,,,,,,,,,,,,,,,,,,,,,,,,,,,,,,,,,,,,,,,,,,,,,,,,,,,,,,,,,,,,,,,,,,,,,,,,,,,,,,,,,,,,,,,,,,,,,,,,,,,,,,,,,,,,,,,,,,,,,,,,,,
RJADHAV,Ritesh,Jadhav,Ritesh.Jadhav@chcheli.com,,Active,,b97614dc-6fca-4962-96ac-7c2791badb21,Ritesh.Jadhav@chcheli.com,2026-04-20T07:16:07-07:00,,Ritesh.Jadhav@chcheli.com,RJADHAV,,,,,,,,MingleEnterprise,Infor-SuiteUser,MingleIONEnabled,HOMEPAGES-User,IDM-User,IDM-RelatedInformationUser,M3UI-USER,MASHUP-User,,,,,,,,,,,,,,,,,,,,,,,,,,,,,,,,,,,,,,,,,,,,,,,,,,,,,,,,,,,,,,,,,,,,,,,,,,,,,,,,,,,,,,,,,,,,,,,,,,,,,,,,,,,,,,,,,,,,,,,,,,,,,,,,,,,,,,,,,,,,,,,,,,,,,,,,,,,,,,,,,,,,,,,,,,,,,,,,,,,,,,,,,,,,,,,,,,,,,,,,,,,,,,,,,,,,,,,,,,,,,,,,,,,,,,,,,,,,,,,,,,,,,,,,,,,,,,,,,,,,,,,,,,,,,,,,,,,,,,,,,,,,,,,,,,,,,,,,,,,,,,,,,,,,,,,,,,,,,,,,,,,,,,,,,,,,,,,,,,,,,,,,,,,,,,,,,,,,,,,,,,,,,,,,,,,,,,,,,,,,,,,,,,,,,,,,,,,,,,,,,,,,,,,,,,,,,,,,,,,,,,,,,,,,,,,,,,,,,,,,,,,,,,,,,,,,,,,,,,,,,,,,,,,,,,,,,,,,,,,,,,,,,,,,,,,,,,,,,,,,,,,,,,,,,,,,,,,,,,,,,,,,,,,,,,,,,,,,,,,,,,,,,,,,,,,,,,,,,,,,,,,,,,,,,,,,,,,,,,,,,,,,,,,,,,,,,,,,,,,,,,,,,,,,,,,,,,,,,,,,,,,,,,,,,,,,,,,,,,,,,,,,,,,,,,,,,,,,,,,,,,,,,,,,,,,,
RJAMES,roy,james,roy.james@chcheli.com,,Active,,03a3e63f-f8ec-40fc-94df-fc8c62bab14a,roy.james@chcheli.com,2026-04-20T07:16:07-07:00,,roy.james@chcheli.com,RJAMES,,,,,,,,MingleEnterprise,Infor-SuiteUser,MingleIONEnabled,HOMEPAGES-User,IDM-User,IDM-RelatedInformationUser,M3UI-USER,MASHUP-User,,,,,,,,,,,,,,,,,,,,,,,,,,,,,,,,,,,,,,,,,,,,,,,,,,,,,,,,,,,,,,,,,,,,,,,,,,,,,,,,,,,,,,,,,,,,,,,,,,,,,,,,,,,,,,,,,,,,,,,,,,,,,,,,,,,,,,,,,,,,,,,,,,,,,,,,,,,,,,,,,,,,,,,,,,,,,,,,,,,,,,,,,,,,,,,,,,,,,,,,,,,,,,,,,,,,,,,,,,,,,,,,,,,,,,,,,,,,,,,,,,,,,,,,,,,,,,,,,,,,,,,,,,,,,,,,,,,,,,,,,,,,,,,,,,,,,,,,,,,,,,,,,,,,,,,,,,,,,,,,,,,,,,,,,,,,,,,,,,,,,,,,,,,,,,,,,,,,,,,,,,,,,,,,,,,,,,,,,,,,,,,,,,,,,,,,,,,,,,,,,,,,,,,,,,,,,,,,,,,,,,,,,,,,,,,,,,,,,,,,,,,,,,,,,,,,,,,,,,,,,,,,,,,,,,,,,,,,,,,,,,,,,,,,,,,,,,,,,,,,,,,,,,,,,,,,,,,,,,,,,,,,,,,,,,,,,,,,,,,,,,,,,,,,,,,,,,,,,,,,,,,,,,,,,,,,,,,,,,,,,,,,,,,,,,,,,,,,,,,,,,,,,,,,,,,,,,,,,,,,,,,,,,,,,,,,,,,,,,,,,,,,,,,,,,,,,,,,,,,,,,,,,,,,,,,,
ROBSILVA,Robson,Silva,Robson.Silva@chcheli.com,,Active,,6eb2bc6a-e833-4d24-8858-13a5d62451a6,Robson.Silva@chcheli.com,2026-04-20T07:16:08-07:00,,Robson.Silva@chcheli.com,ROBSILVA,,,,,,,,MingleEnterprise,Infor-SuiteUser,MingleIONEnabled,HOMEPAGES-User,IDM-User,IDM-RelatedInformationUser,M3UI-USER,MASHUP-User,,,,,,,,,,,,,,,,,,,,,,,,,,,,,,,,,,,,,,,,,,,,,,,,,,,,,,,,,,,,,,,,,,,,,,,,,,,,,,,,,,,,,,,,,,,,,,,,,,,,,,,,,,,,,,,,,,,,,,,,,,,,,,,,,,,,,,,,,,,,,,,,,,,,,,,,,,,,,,,,,,,,,,,,,,,,,,,,,,,,,,,,,,,,,,,,,,,,,,,,,,,,,,,,,,,,,,,,,,,,,,,,,,,,,,,,,,,,,,,,,,,,,,,,,,,,,,,,,,,,,,,,,,,,,,,,,,,,,,,,,,,,,,,,,,,,,,,,,,,,,,,,,,,,,,,,,,,,,,,,,,,,,,,,,,,,,,,,,,,,,,,,,,,,,,,,,,,,,,,,,,,,,,,,,,,,,,,,,,,,,,,,,,,,,,,,,,,,,,,,,,,,,,,,,,,,,,,,,,,,,,,,,,,,,,,,,,,,,,,,,,,,,,,,,,,,,,,,,,,,,,,,,,,,,,,,,,,,,,,,,,,,,,,,,,,,,,,,,,,,,,,,,,,,,,,,,,,,,,,,,,,,,,,,,,,,,,,,,,,,,,,,,,,,,,,,,,,,,,,,,,,,,,,,,,,,,,,,,,,,,,,,,,,,,,,,,,,,,,,,,,,,,,,,,,,,,,,,,,,,,,,,,,,,,,,,,,,,,,,,,,,,,,,,,,,,,,,,,,,,,,,,,,,,,,,,
ROTTIE01,Peter,Rottier,Peter.Rottier@chcheli.com,,Active,,aca1f194-5c01-4e70-b0fb-a3a4c88a125d,Peter.Rottier@chcheli.com,2026-04-20T07:16:08-07:00,,Peter.Rottier@chcheli.com,ROTTIE01,,,,,,,,MingleEnterprise,Infor-SuiteUser,MingleIONEnabled,HOMEPAGES-User,IDM-User,IDM-RelatedInformationUser,M3UI-USER,MASHUP-User,,,,,,,,,,,,,,,,,,,,,,,,,,,,,,,,,,,,,,,,,,,,,,,,,,,,,,,,,,,,,,,,,,,,,,,,,,,,,,,,,,,,,,,,,,,,,,,,,,,,,,,,,,,,,,,,,,,,,,,,,,,,,,,,,,,,,,,,,,,,,,,,,,,,,,,,,,,,,,,,,,,,,,,,,,,,,,,,,,,,,,,,,,,,,,,,,,,,,,,,,,,,,,,,,,,,,,,,,,,,,,,,,,,,,,,,,,,,,,,,,,,,,,,,,,,,,,,,,,,,,,,,,,,,,,,,,,,,,,,,,,,,,,,,,,,,,,,,,,,,,,,,,,,,,,,,,,,,,,,,,,,,,,,,,,,,,,,,,,,,,,,,,,,,,,,,,,,,,,,,,,,,,,,,,,,,,,,,,,,,,,,,,,,,,,,,,,,,,,,,,,,,,,,,,,,,,,,,,,,,,,,,,,,,,,,,,,,,,,,,,,,,,,,,,,,,,,,,,,,,,,,,,,,,,,,,,,,,,,,,,,,,,,,,,,,,,,,,,,,,,,,,,,,,,,,,,,,,,,,,,,,,,,,,,,,,,,,,,,,,,,,,,,,,,,,,,,,,,,,,,,,,,,,,,,,,,,,,,,,,,,,,,,,,,,,,,,,,,,,,,,,,,,,,,,,,,,,,,,,,,,,,,,,,,,,,,,,,,,,,,,,,,,,,,,,,,,,,,,,,,,,,,,,,,,,,
RSANPEDRO,Ramon,SanPedro,Ramon.SanPedro@heli-one.com,,Active,,a5958d3b-cbf6-430b-a60d-7c8adf315071,Ramon.SanPedro@heli-one.com,2026-04-20T07:16:08-07:00,,Ramon.SanPedro@heli-one.com,RSANPEDRO,,,,,,,,MingleEnterprise,Infor-SuiteUser,MingleIONEnabled,HOMEPAGES-User,IDM-User,IDM-RelatedInformationUser,M3UI-USER,MASHUP-User,,,,,,,,,,,,,,,,,,,,,,,,,,,,,,,,,,,,,,,,,,,,,,,,,,,,,,,,,,,,,,,,,,,,,,,,,,,,,,,,,,,,,,,,,,,,,,,,,,,,,,,,,,,,,,,,,,,,,,,,,,,,,,,,,,,,,,,,,,,,,,,,,,,,,,,,,,,,,,,,,,,,,,,,,,,,,,,,,,,,,,,,,,,,,,,,,,,,,,,,,,,,,,,,,,,,,,,,,,,,,,,,,,,,,,,,,,,,,,,,,,,,,,,,,,,,,,,,,,,,,,,,,,,,,,,,,,,,,,,,,,,,,,,,,,,,,,,,,,,,,,,,,,,,,,,,,,,,,,,,,,,,,,,,,,,,,,,,,,,,,,,,,,,,,,,,,,,,,,,,,,,,,,,,,,,,,,,,,,,,,,,,,,,,,,,,,,,,,,,,,,,,,,,,,,,,,,,,,,,,,,,,,,,,,,,,,,,,,,,,,,,,,,,,,,,,,,,,,,,,,,,,,,,,,,,,,,,,,,,,,,,,,,,,,,,,,,,,,,,,,,,,,,,,,,,,,,,,,,,,,,,,,,,,,,,,,,,,,,,,,,,,,,,,,,,,,,,,,,,,,,,,,,,,,,,,,,,,,,,,,,,,,,,,,,,,,,,,,,,,,,,,,,,,,,,,,,,,,,,,,,,,,,,,,,,,,,,,,,,,,,,,,,,,,,,,,,,,,,,,,,,,,,,,,,,,
SCHAPPELL,Steve,Chappell,Steve.Chappell@chcheli.com,,Active,,c54b5ab6-b615-4776-aa10-104a4c20e847,Steve.Chappell@chcheli.com,2026-04-20T07:16:10-07:00,,Steve.Chappell@chcheli.com,SCHAPPELL,,,,,,,,MingleEnterprise,Infor-SuiteUser,MingleIONEnabled,HOMEPAGES-User,IDM-User,IDM-RelatedInformationUser,M3UI-USER,MASHUP-User,,,,,,,,,,,,,,,,,,,,,,,,,,,,,,,,,,,,,,,,,,,,,,,,,,,,,,,,,,,,,,,,,,,,,,,,,,,,,,,,,,,,,,,,,,,,,,,,,,,,,,,,,,,,,,,,,,,,,,,,,,,,,,,,,,,,,,,,,,,,,,,,,,,,,,,,,,,,,,,,,,,,,,,,,,,,,,,,,,,,,,,,,,,,,,,,,,,,,,,,,,,,,,,,,,,,,,,,,,,,,,,,,,,,,,,,,,,,,,,,,,,,,,,,,,,,,,,,,,,,,,,,,,,,,,,,,,,,,,,,,,,,,,,,,,,,,,,,,,,,,,,,,,,,,,,,,,,,,,,,,,,,,,,,,,,,,,,,,,,,,,,,,,,,,,,,,,,,,,,,,,,,,,,,,,,,,,,,,,,,,,,,,,,,,,,,,,,,,,,,,,,,,,,,,,,,,,,,,,,,,,,,,,,,,,,,,,,,,,,,,,,,,,,,,,,,,,,,,,,,,,,,,,,,,,,,,,,,,,,,,,,,,,,,,,,,,,,,,,,,,,,,,,,,,,,,,,,,,,,,,,,,,,,,,,,,,,,,,,,,,,,,,,,,,,,,,,,,,,,,,,,,,,,,,,,,,,,,,,,,,,,,,,,,,,,,,,,,,,,,,,,,,,,,,,,,,,,,,,,,,,,,,,,,,,,,,,,,,,,,,,,,,,,,,,,,,,,,,,,,,,,,,,,,,,,,
2c745a78-0c8c-4a14-b7f0-663e42575041,Suhas,Kalasapura,Suhas.Kalasapura@chcheli.com,,Active,,2c745a78-0c8c-4a14-b7f0-663e42575041,Suhas.Kalasapura@chcheli.com,2026-04-20T07:16:12-07:00,,Suhas.Kalasapura@chcheli.com,SKALASAP,,,,,,,,MingleEnterprise,Infor-SuiteUser,MingleIONEnabled,HOMEPAGES-User,IDM-User,IDM-RelatedInformationUser,M3UI-USER,MASHUP-User,,,,,,,,,,,,,,,,,,,,,,,,,,,,,,,,,,,,,,,,,,,,,,,,,,,,,,,,,,,,,,,,,,,,,,,,,,,,,,,,,,,,,,,,,,,,,,,,,,,,,,,,,,,,,,,,,,,,,,,,,,,,,,,,,,,,,,,,,,,,,,,,,,,,,,,,,,,,,,,,,,,,,,,,,,,,,,,,,,,,,,,,,,,,,,,,,,,,,,,,,,,,,,,,,,,,,,,,,,,,,,,,,,,,,,,,,,,,,,,,,,,,,,,,,,,,,,,,,,,,,,,,,,,,,,,,,,,,,,,,,,,,,,,,,,,,,,,,,,,,,,,,,,,,,,,,,,,,,,,,,,,,,,,,,,,,,,,,,,,,,,,,,,,,,,,,,,,,,,,,,,,,,,,,,,,,,,,,,,,,,,,,,,,,,,,,,,,,,,,,,,,,,,,,,,,,,,,,,,,,,,,,,,,,,,,,,,,,,,,,,,,,,,,,,,,,,,,,,,,,,,,,,,,,,,,,,,,,,,,,,,,,,,,,,,,,,,,,,,,,,,,,,,,,,,,,,,,,,,,,,,,,,,,,,,,,,,,,,,,,,,,,,,,,,,,,,,,,,,,,,,,,,,,,,,,,,,,,,,,,,,,,,,,,,,,,,,,,,,,,,,,,,,,,,,,,,,,,,,,,,,,,,,,,,,,,,,,,,,,,,,,,,,,,,,,,,,,,,,,,,,,,,,,,,,,,
SKONING,Sandra,De.Koning,Sandra.De.Koning@chcheli.com,,Active,,4255c86b-6397-47db-87f1-018963d80592,Sandra.De.Koning@chcheli.com,2026-04-20T07:16:12-07:00,,Sandra.De.Koning@chcheli.com,SKONING,,,,,,,,MingleEnterprise,Infor-SuiteUser,MingleIONEnabled,HOMEPAGES-User,IDM-User,IDM-RelatedInformationUser,M3UI-USER,MASHUP-User,,,,,,,,,,,,,,,,,,,,,,,,,,,,,,,,,,,,,,,,,,,,,,,,,,,,,,,,,,,,,,,,,,,,,,,,,,,,,,,,,,,,,,,,,,,,,,,,,,,,,,,,,,,,,,,,,,,,,,,,,,,,,,,,,,,,,,,,,,,,,,,,,,,,,,,,,,,,,,,,,,,,,,,,,,,,,,,,,,,,,,,,,,,,,,,,,,,,,,,,,,,,,,,,,,,,,,,,,,,,,,,,,,,,,,,,,,,,,,,,,,,,,,,,,,,,,,,,,,,,,,,,,,,,,,,,,,,,,,,,,,,,,,,,,,,,,,,,,,,,,,,,,,,,,,,,,,,,,,,,,,,,,,,,,,,,,,,,,,,,,,,,,,,,,,,,,,,,,,,,,,,,,,,,,,,,,,,,,,,,,,,,,,,,,,,,,,,,,,,,,,,,,,,,,,,,,,,,,,,,,,,,,,,,,,,,,,,,,,,,,,,,,,,,,,,,,,,,,,,,,,,,,,,,,,,,,,,,,,,,,,,,,,,,,,,,,,,,,,,,,,,,,,,,,,,,,,,,,,,,,,,,,,,,,,,,,,,,,,,,,,,,,,,,,,,,,,,,,,,,,,,,,,,,,,,,,,,,,,,,,,,,,,,,,,,,,,,,,,,,,,,,,,,,,,,,,,,,,,,,,,,,,,,,,,,,,,,,,,,,,,,,,,,,,,,,,,,,,,,,,,,,,,,,,,,,
SMACHLIK,Shelley,Machlik,Shelley.Machlik@chcheli.com,,Active,,7420101f-d338-4af2-8b73-dbc10b8cdd9d,Shelley.Machlik@chcheli.com,2026-04-20T07:16:13-07:00,,Shelley.Machlik@chcheli.com,SMACHLIK,,,,,,,,MingleEnterprise,Infor-SuiteUser,MingleIONEnabled,HOMEPAGES-User,IDM-User,IDM-RelatedInformationUser,M3UI-USER,MASHUP-User,,,,,,,,,,,,,,,,,,,,,,,,,,,,,,,,,,,,,,,,,,,,,,,,,,,,,,,,,,,,,,,,,,,,,,,,,,,,,,,,,,,,,,,,,,,,,,,,,,,,,,,,,,,,,,,,,,,,,,,,,,,,,,,,,,,,,,,,,,,,,,,,,,,,,,,,,,,,,,,,,,,,,,,,,,,,,,,,,,,,,,,,,,,,,,,,,,,,,,,,,,,,,,,,,,,,,,,,,,,,,,,,,,,,,,,,,,,,,,,,,,,,,,,,,,,,,,,,,,,,,,,,,,,,,,,,,,,,,,,,,,,,,,,,,,,,,,,,,,,,,,,,,,,,,,,,,,,,,,,,,,,,,,,,,,,,,,,,,,,,,,,,,,,,,,,,,,,,,,,,,,,,,,,,,,,,,,,,,,,,,,,,,,,,,,,,,,,,,,,,,,,,,,,,,,,,,,,,,,,,,,,,,,,,,,,,,,,,,,,,,,,,,,,,,,,,,,,,,,,,,,,,,,,,,,,,,,,,,,,,,,,,,,,,,,,,,,,,,,,,,,,,,,,,,,,,,,,,,,,,,,,,,,,,,,,,,,,,,,,,,,,,,,,,,,,,,,,,,,,,,,,,,,,,,,,,,,,,,,,,,,,,,,,,,,,,,,,,,,,,,,,,,,,,,,,,,,,,,,,,,,,,,,,,,,,,,,,,,,,,,,,,,,,,,,,,,,,,,,,,,,,,,,,,,,,,
SPATIL,Somesh,Patil,Somesh.Patil@chcheli.com,,Active,,e7a02959-22c1-4a53-afd1-01d2a2855d23,Somesh.Patil@chcheli.com,2026-04-20T07:16:14-07:00,,Somesh.Patil@chcheli.com,SPATIL,,,,,,,,MingleEnterprise,Infor-SuiteUser,MingleIONEnabled,HOMEPAGES-User,IDM-User,IDM-RelatedInformationUser,M3UI-USER,MASHUP-User,,,,,,,,,,,,,,,,,,,,,,,,,,,,,,,,,,,,,,,,,,,,,,,,,,,,,,,,,,,,,,,,,,,,,,,,,,,,,,,,,,,,,,,,,,,,,,,,,,,,,,,,,,,,,,,,,,,,,,,,,,,,,,,,,,,,,,,,,,,,,,,,,,,,,,,,,,,,,,,,,,,,,,,,,,,,,,,,,,,,,,,,,,,,,,,,,,,,,,,,,,,,,,,,,,,,,,,,,,,,,,,,,,,,,,,,,,,,,,,,,,,,,,,,,,,,,,,,,,,,,,,,,,,,,,,,,,,,,,,,,,,,,,,,,,,,,,,,,,,,,,,,,,,,,,,,,,,,,,,,,,,,,,,,,,,,,,,,,,,,,,,,,,,,,,,,,,,,,,,,,,,,,,,,,,,,,,,,,,,,,,,,,,,,,,,,,,,,,,,,,,,,,,,,,,,,,,,,,,,,,,,,,,,,,,,,,,,,,,,,,,,,,,,,,,,,,,,,,,,,,,,,,,,,,,,,,,,,,,,,,,,,,,,,,,,,,,,,,,,,,,,,,,,,,,,,,,,,,,,,,,,,,,,,,,,,,,,,,,,,,,,,,,,,,,,,,,,,,,,,,,,,,,,,,,,,,,,,,,,,,,,,,,,,,,,,,,,,,,,,,,,,,,,,,,,,,,,,,,,,,,,,,,,,,,,,,,,,,,,,,,,,,,,,,,,,,,,,,,,,,,,,,,,,,,,,
abe1d9ed-73d8-4a34-b908-83b38604a576,Shankar,Shinde,Shankar.Shinde@chcheli.com,M3 Technical Consultant,Active,,abe1d9ed-73d8-4a34-b908-83b38604a576,Shankar.Shinde@chcheli.com,2026-04-20T07:16:14-07:00,2026-08-18T03:27:27-07:00,Shankar.Shinde@chcheli.com,SSHINDE,,,,,,,,UserAdmin,DataAdministrator,Infor-SystemAdministrator,IFS-ExternalEntityAdmin,IFS-ReadOnlyUser,IFS-AuditReportUser,IFS-AuditAdministrator,IFS-MonitorReportUser,IFS-MonitorAdministrator,IFS-PasswordAdmin,MingleEnterprise,Infor-SuiteUser,MingleIONEnabled,MingleAdministrator,MingleDataAdministrator,PORTAL-User,PORTAL-ContentAdministrator,GRID-SystemAdministrator,GRID-Viewer,GRID-Administrator,HOMEPAGES-Administrator,HOMEPAGES-ContentAdministrator,HOMEPAGES-User,HOMEPAGES-ContentSupport,IONDeskSecurityAdmin,IONDeskAdmin,IONContentProvider,IONDeskOAuthGenerator,Mingle-LocatorView,IFSAdminContact,IONAPI-Tracing,IONAPI-User,IONAPI-Administrator,DATALAKE-User,DATALAKE-DataAdministrator,DATALAKE-SystemAdministrator,DECISIONSERVICE-Editor,DECISIONSERVICE-Approver,INBOX-PowerUser,SmartHelpUser,IDM-User,IDM-AdvancedUser,IDM-Administrator,IDM-SuperUser,IDM-RelatedInformationUser,IDM-SignatureUser,GDPR-Collaboration-ChiefDataProtectionOfficer,GDPR-Collaboration-DataProtectionOfficer,GDPR-App-Administrator,DATAFABRIC-SuperAdmin,DATAFABRIC-User,ENTERPRISESEARCH-Admin,ENTERPRISESEARCH-User,ENTERPRISESEARCH-PowerUser,M3EC-Administrator,M3EC-User,M3EC-ClientDesigntime,M3-DLSubscriptionAdmin,M3BE-FATAdmin-Exporter,M3UI-StartPageAdministrator,M3UI-DebugUser,M3UI-Administrator,M3UI-USER,M3UI-Designer,M3BDP-Administrator,M3BDP-USER,MASHUP-Administrator,MASHUP-User,IECEC-Administrator,IECEC-User,M3BE-FATAdmin,M3BE-FndAdmin,M3BE-FndUser,M3BE-ServicesAdmin,M3BE-CryptoAdmin,M3BE-ExtensionsAdmin,M3BE-ExtensionsViewer,M3BE-DBViewer,M3BE-DBAdmin,M3BE-FndFlagAdmin,M3BE-FileViewer,M3BE-FileAdmin,M3BE-ConfigAdmin,M3BE-ConfigUser,M3BE-LogEnabler,M3BE-SystemAdministrator,M3BE-DBAdmin-ReadToken,EVENTHUB-Administrator,EVENTHUB-User,M3MDP-USER,M3CE_About_Viewer,M3ENTERPRISESEARCH-Administrator,IPW-User,Birst-SystemAdministrator,Birst-User,MONGOOSE-UG-CoreFormsAdmin,MONGOOSE-UG-CoreFormsDeveloper,MONGOOSE-UG-CoreFormsEndUser,MONGOOSE-UG-CoreIDOs,MONGOOSE-LM-MGCoreAutomation,MONGOOSE-LM-MGCoreTrans,MONGOOSE-LM-MGDataViews,MONGOOSE-LM-MGDeveloper,MONGOOSE-LM-MGUserCreatedForms,MONGOOSE-LM-MGUserCreatedIDOs,MONGOOSE-LM-MGPAAS,MONGOOSE-LM-MGM3InterfaceForms,MONGOOSE-LM-MGM3InterfaceIDOs,MONGOOSE-LM-MGAppBuilder,APPBUILDER-Administrator,APPBUILDER-User,APPBUILDER-Designer,LCLLSP-User,LCLLSP-Admin,LCLLSP-PrivilegedUser,LCLLSP-ServiceAdmin,LCLLSP-AppAdmin,LCLLSP-SupAdmin,LCLLSP-StdAdmin,LCLLSP-StdUser,M3A Administrators,M3A Developers,M3A Procurement,M3A Finance,M3A Production,M3ADISBIRST-Model-Administrator,M3ADISBIRST-Extension-Administrator,M3ADISBIRST-Consumer-Administrator,M3ADISBIRST-User,M3A Warehouse,M3A Default Subject Area,IFSApplicationAdmin,IFS-ShowUserManagementUI,IFS-GroupsAdmin,IFS-GroupsUpdate,IFS-GroupsReadOnlyUser,IFS-ReadOnly,M3MDP-TESTAPI,INBOX-Admin,M3DMP-Contributor,M3UI-Approver,M3A Opportunity Management,IONAPI-Developer,M3CPW-User,IAD-DataMaintainer,IAD-Designer,IAD-Publisher,IAD-TemplateBuilder,M3ACM-User,M3ACM-Viewer,IPI-ModelerAdmin,IPI-ModelerViewer,IPI-ModelerDesigner,PORTAL-ContentPublisher,M3BE-PowerUser,M3BE-LicenseType1,M3BE-LicenseType2,M3BE-LicenseType3,M3BE-LicenseType6-FT,M3BE-LicenseType6-SHUB,M3HealthService-Administrator,IONAPI-BaaS-Administrator,IONAPI-BaaS-DataAdministrator,IONAPI-BaaS-Developer,IONAPI-BaaS-User,M3BE-DBUpdater,DATAFABRIC-HealthServiceAdmin,PORTAL-AnnouncementAdministrator,M3BE-DBAdmin-PrdToken,M3BE-LicenseType4,SMARTHELP-Administrator,DocBits-User,M3BE-FATAdmin-PRD-UpperLimitRuleToken,M3BE-FATAdmin-DeleteData,M3BE-FATAdmin-PRD-DeleteDataToken,M3BE-FATAdmin-PRD-ConfigureUpperLimit,,,,,,,,,,,,,,,,,,,,,,,,,,,,,,,,,,,,,,,,,,,,,,,,,,,,,,,,,,,,,,,,,,,,,,,,,,,,,,,,,,,,,,,,,,,,,,,,,,,,,,,,,,,,,,,,,,,,,,,,,,,,,,,,,,,,,,,,,,,,,,,,,,,,,,,,,,,,,,,,,,,,,,,,,,,,,,,,,,,,,,,,,,,,,,,,,,,,,,,,,,,,,,,,,,,,,,,,,,,,,,,,,,,,,,,,,,,,,,,,,,,,,,,,,,,,,,,,,,,,,,,,,,,,,,,,,,,,,,,,,,,,,,,,,,,,,,,,,,,,,,,,,,,,,,,,,,,,,,,,,,,,,,,,,,,,,,,,,,,,,,,,,,,,,,,,,,,,,,,,,,,,,,,,,,,,,,,,,,,,,,,,,,,,,,,,,,,,,,,,,,,,,,,,,,,,,,,,,,,,,,,,,,,,,,,,,,,,,,,,,,,,,,,,,,,,,,,,,,,,,,,,,,,,,,,,,,,,,,,,,,,,,,,,,,,,,,,,,,,,,,,,
TCADGER,Tracy,Cadger,Tracy.Cadger@chcheli.com,Mrs,Active,,0573d5f1-60ed-4a41-b24d-84205198dc78,Tracy.Cadger@chcheli.com,2026-04-20T07:16:15-07:00,2026-04-22T04:58:10-07:00,Tracy.Cadger@chcheli.com,TCADGER,,,,,,,,MingleEnterprise,Infor-SuiteUser,MingleIONEnabled,HOMEPAGES-User,IDM-User,IDM-RelatedInformationUser,M3UI-USER,MASHUP-User,,,,,,,,,,,,,,,,,,,,,,,,,,,,,,,,,,,,,,,,,,,,,,,,,,,,,,,,,,,,,,,,,,,,,,,,,,,,,,,,,,,,,,,,,,,,,,,,,,,,,,,,,,,,,,,,,,,,,,,,,,,,,,,,,,,,,,,,,,,,,,,,,,,,,,,,,,,,,,,,,,,,,,,,,,,,,,,,,,,,,,,,,,,,,,,,,,,,,,,,,,,,,,,,,,,,,,,,,,,,,,,,,,,,,,,,,,,,,,,,,,,,,,,,,,,,,,,,,,,,,,,,,,,,,,,,,,,,,,,,,,,,,,,,,,,,,,,,,,,,,,,,,,,,,,,,,,,,,,,,,,,,,,,,,,,,,,,,,,,,,,,,,,,,,,,,,,,,,,,,,,,,,,,,,,,,,,,,,,,,,,,,,,,,,,,,,,,,,,,,,,,,,,,,,,,,,,,,,,,,,,,,,,,,,,,,,,,,,,,,,,,,,,,,,,,,,,,,,,,,,,,,,,,,,,,,,,,,,,,,,,,,,,,,,,,,,,,,,,,,,,,,,,,,,,,,,,,,,,,,,,,,,,,,,,,,,,,,,,,,,,,,,,,,,,,,,,,,,,,,,,,,,,,,,,,,,,,,,,,,,,,,,,,,,,,,,,,,,,,,,,,,,,,,,,,,,,,,,,,,,,,,,,,,,,,,,,,,,,,,,,,,,,,,,,,,,,,,,,,,,,,,,,,,,,,,
TCOSTA,Thais,Costa,thais.costa@chcheli.com,Analista Contábil,Active,,8c8eb043-6853-4866-9d41-84fd5f067e33,thais.costa@chcheli.com,2026-04-20T07:16:15-07:00,2026-04-27T06:47:28-07:00,thais.costa@chcheli.com,TCOSTA,pt-BR,setting,pt-BR,setting,America/Sao_Paulo,E. South America Standard Time,system,MingleEnterprise,Infor-SuiteUser,MingleIONEnabled,HOMEPAGES-User,IDM-User,IDM-RelatedInformationUser,M3UI-USER,MASHUP-User,,,,,,,,,,,,,,,,,,,,,,,,,,,,,,,,,,,,,,,,,,,,,,,,,,,,,,,,,,,,,,,,,,,,,,,,,,,,,,,,,,,,,,,,,,,,,,,,,,,,,,,,,,,,,,,,,,,,,,,,,,,,,,,,,,,,,,,,,,,,,,,,,,,,,,,,,,,,,,,,,,,,,,,,,,,,,,,,,,,,,,,,,,,,,,,,,,,,,,,,,,,,,,,,,,,,,,,,,,,,,,,,,,,,,,,,,,,,,,,,,,,,,,,,,,,,,,,,,,,,,,,,,,,,,,,,,,,,,,,,,,,,,,,,,,,,,,,,,,,,,,,,,,,,,,,,,,,,,,,,,,,,,,,,,,,,,,,,,,,,,,,,,,,,,,,,,,,,,,,,,,,,,,,,,,,,,,,,,,,,,,,,,,,,,,,,,,,,,,,,,,,,,,,,,,,,,,,,,,,,,,,,,,,,,,,,,,,,,,,,,,,,,,,,,,,,,,,,,,,,,,,,,,,,,,,,,,,,,,,,,,,,,,,,,,,,,,,,,,,,,,,,,,,,,,,,,,,,,,,,,,,,,,,,,,,,,,,,,,,,,,,,,,,,,,,,,,,,,,,,,,,,,,,,,,,,,,,,,,,,,,,,,,,,,,,,,,,,,,,,,,,,,,,,,,,,,,,,,,,,,,,,,,,,,,,,,,,,,,,,,,,,,,,,,,,,,,,,,,,,,,,,,,,,,,,,
TPRUE,Tim,Prue,Tim.Prue@chcheli.com,,Active,,e9185870-d274-41d9-955f-323562a27d37,Tim.Prue@chcheli.com,2026-04-20T07:16:16-07:00,,Tim.Prue@chcheli.com,TPRUE,,,,,,,,MingleEnterprise,Infor-SuiteUser,MingleIONEnabled,HOMEPAGES-User,IDM-User,IDM-RelatedInformationUser,M3UI-USER,MASHUP-User,,,,,,,,,,,,,,,,,,,,,,,,,,,,,,,,,,,,,,,,,,,,,,,,,,,,,,,,,,,,,,,,,,,,,,,,,,,,,,,,,,,,,,,,,,,,,,,,,,,,,,,,,,,,,,,,,,,,,,,,,,,,,,,,,,,,,,,,,,,,,,,,,,,,,,,,,,,,,,,,,,,,,,,,,,,,,,,,,,,,,,,,,,,,,,,,,,,,,,,,,,,,,,,,,,,,,,,,,,,,,,,,,,,,,,,,,,,,,,,,,,,,,,,,,,,,,,,,,,,,,,,,,,,,,,,,,,,,,,,,,,,,,,,,,,,,,,,,,,,,,,,,,,,,,,,,,,,,,,,,,,,,,,,,,,,,,,,,,,,,,,,,,,,,,,,,,,,,,,,,,,,,,,,,,,,,,,,,,,,,,,,,,,,,,,,,,,,,,,,,,,,,,,,,,,,,,,,,,,,,,,,,,,,,,,,,,,,,,,,,,,,,,,,,,,,,,,,,,,,,,,,,,,,,,,,,,,,,,,,,,,,,,,,,,,,,,,,,,,,,,,,,,,,,,,,,,,,,,,,,,,,,,,,,,,,,,,,,,,,,,,,,,,,,,,,,,,,,,,,,,,,,,,,,,,,,,,,,,,,,,,,,,,,,,,,,,,,,,,,,,,,,,,,,,,,,,,,,,,,,,,,,,,,,,,,,,,,,,,,,,,,,,,,,,,,,,,,,,,,,,,,,,,,,,,,,
TRODRIGU,tuanny,rodrigues,tuanny.rodrigues@chcheli.com,,Active,,9bffe77c-06e1-4ef2-8b66-29171fd8a470,tuanny.rodrigues@chcheli.com,2026-04-20T07:16:17-07:00,,tuanny.rodrigues@chcheli.com,TRODRIGU,,,,,,,,MingleEnterprise,Infor-SuiteUser,MingleIONEnabled,HOMEPAGES-User,IDM-User,IDM-RelatedInformationUser,M3UI-USER,MASHUP-User,,,,,,,,,,,,,,,,,,,,,,,,,,,,,,,,,,,,,,,,,,,,,,,,,,,,,,,,,,,,,,,,,,,,,,,,,,,,,,,,,,,,,,,,,,,,,,,,,,,,,,,,,,,,,,,,,,,,,,,,,,,,,,,,,,,,,,,,,,,,,,,,,,,,,,,,,,,,,,,,,,,,,,,,,,,,,,,,,,,,,,,,,,,,,,,,,,,,,,,,,,,,,,,,,,,,,,,,,,,,,,,,,,,,,,,,,,,,,,,,,,,,,,,,,,,,,,,,,,,,,,,,,,,,,,,,,,,,,,,,,,,,,,,,,,,,,,,,,,,,,,,,,,,,,,,,,,,,,,,,,,,,,,,,,,,,,,,,,,,,,,,,,,,,,,,,,,,,,,,,,,,,,,,,,,,,,,,,,,,,,,,,,,,,,,,,,,,,,,,,,,,,,,,,,,,,,,,,,,,,,,,,,,,,,,,,,,,,,,,,,,,,,,,,,,,,,,,,,,,,,,,,,,,,,,,,,,,,,,,,,,,,,,,,,,,,,,,,,,,,,,,,,,,,,,,,,,,,,,,,,,,,,,,,,,,,,,,,,,,,,,,,,,,,,,,,,,,,,,,,,,,,,,,,,,,,,,,,,,,,,,,,,,,,,,,,,,,,,,,,,,,,,,,,,,,,,,,,,,,,,,,,,,,,,,,,,,,,,,,,,,,,,,,,,,,,,,,,,,,,,,,,,,,,,,,,
0af59c45-054e-4b3d-b2ac-6e1017472954,Umesh,Patil,Umesh.Patil@chcheli.com,,Active,,0af59c45-054e-4b3d-b2ac-6e1017472954,Umesh.Patil@chcheli.com,2026-04-20T07:16:17-07:00,,Umesh.Patil@chcheli.com,UPATIL,,,,,,,,MingleEnterprise,Infor-SuiteUser,MingleIONEnabled,HOMEPAGES-User,IDM-User,IDM-RelatedInformationUser,M3UI-USER,MASHUP-User,,,,,,,,,,,,,,,,,,,,,,,,,,,,,,,,,,,,,,,,,,,,,,,,,,,,,,,,,,,,,,,,,,,,,,,,,,,,,,,,,,,,,,,,,,,,,,,,,,,,,,,,,,,,,,,,,,,,,,,,,,,,,,,,,,,,,,,,,,,,,,,,,,,,,,,,,,,,,,,,,,,,,,,,,,,,,,,,,,,,,,,,,,,,,,,,,,,,,,,,,,,,,,,,,,,,,,,,,,,,,,,,,,,,,,,,,,,,,,,,,,,,,,,,,,,,,,,,,,,,,,,,,,,,,,,,,,,,,,,,,,,,,,,,,,,,,,,,,,,,,,,,,,,,,,,,,,,,,,,,,,,,,,,,,,,,,,,,,,,,,,,,,,,,,,,,,,,,,,,,,,,,,,,,,,,,,,,,,,,,,,,,,,,,,,,,,,,,,,,,,,,,,,,,,,,,,,,,,,,,,,,,,,,,,,,,,,,,,,,,,,,,,,,,,,,,,,,,,,,,,,,,,,,,,,,,,,,,,,,,,,,,,,,,,,,,,,,,,,,,,,,,,,,,,,,,,,,,,,,,,,,,,,,,,,,,,,,,,,,,,,,,,,,,,,,,,,,,,,,,,,,,,,,,,,,,,,,,,,,,,,,,,,,,,,,,,,,,,,,,,,,,,,,,,,,,,,,,,,,,,,,,,,,,,,,,,,,,,,,,,,,,,,,,,,,,,,,,,,,,,,,,,,,,,,,,
VISILVA,Victor,Silva,Victor.Silva@chcheli.com,,Active,,7d566314-d921-46e7-9918-7584f14192df,Victor.Silva@chcheli.com,2026-04-20T07:16:18-07:00,,Victor.Silva@chcheli.com,VISILVA,,,,,,,,MingleEnterprise,Infor-SuiteUser,MingleIONEnabled,HOMEPAGES-User,IDM-User,IDM-RelatedInformationUser,M3UI-USER,MASHUP-User,,,,,,,,,,,,,,,,,,,,,,,,,,,,,,,,,,,,,,,,,,,,,,,,,,,,,,,,,,,,,,,,,,,,,,,,,,,,,,,,,,,,,,,,,,,,,,,,,,,,,,,,,,,,,,,,,,,,,,,,,,,,,,,,,,,,,,,,,,,,,,,,,,,,,,,,,,,,,,,,,,,,,,,,,,,,,,,,,,,,,,,,,,,,,,,,,,,,,,,,,,,,,,,,,,,,,,,,,,,,,,,,,,,,,,,,,,,,,,,,,,,,,,,,,,,,,,,,,,,,,,,,,,,,,,,,,,,,,,,,,,,,,,,,,,,,,,,,,,,,,,,,,,,,,,,,,,,,,,,,,,,,,,,,,,,,,,,,,,,,,,,,,,,,,,,,,,,,,,,,,,,,,,,,,,,,,,,,,,,,,,,,,,,,,,,,,,,,,,,,,,,,,,,,,,,,,,,,,,,,,,,,,,,,,,,,,,,,,,,,,,,,,,,,,,,,,,,,,,,,,,,,,,,,,,,,,,,,,,,,,,,,,,,,,,,,,,,,,,,,,,,,,,,,,,,,,,,,,,,,,,,,,,,,,,,,,,,,,,,,,,,,,,,,,,,,,,,,,,,,,,,,,,,,,,,,,,,,,,,,,,,,,,,,,,,,,,,,,,,,,,,,,,,,,,,,,,,,,,,,,,,,,,,,,,,,,,,,,,,,,,,,,,,,,,,,,,,,,,,,,,,,,,,,,,,,
VJADHAV,vaibhav,jadhav,vaibhav.jadhav@chcheli.com,,Active,,0d632c2f-e20a-41a5-9af2-6658deef1b76,vaibhav.jadhav@chcheli.com,2026-04-20T07:16:18-07:00,,vaibhav.jadhav@chcheli.com,VJADHAV,,,,,,,,MingleEnterprise,Infor-SuiteUser,MingleIONEnabled,HOMEPAGES-User,IDM-User,IDM-RelatedInformationUser,M3UI-USER,MASHUP-User,,,,,,,,,,,,,,,,,,,,,,,,,,,,,,,,,,,,,,,,,,,,,,,,,,,,,,,,,,,,,,,,,,,,,,,,,,,,,,,,,,,,,,,,,,,,,,,,,,,,,,,,,,,,,,,,,,,,,,,,,,,,,,,,,,,,,,,,,,,,,,,,,,,,,,,,,,,,,,,,,,,,,,,,,,,,,,,,,,,,,,,,,,,,,,,,,,,,,,,,,,,,,,,,,,,,,,,,,,,,,,,,,,,,,,,,,,,,,,,,,,,,,,,,,,,,,,,,,,,,,,,,,,,,,,,,,,,,,,,,,,,,,,,,,,,,,,,,,,,,,,,,,,,,,,,,,,,,,,,,,,,,,,,,,,,,,,,,,,,,,,,,,,,,,,,,,,,,,,,,,,,,,,,,,,,,,,,,,,,,,,,,,,,,,,,,,,,,,,,,,,,,,,,,,,,,,,,,,,,,,,,,,,,,,,,,,,,,,,,,,,,,,,,,,,,,,,,,,,,,,,,,,,,,,,,,,,,,,,,,,,,,,,,,,,,,,,,,,,,,,,,,,,,,,,,,,,,,,,,,,,,,,,,,,,,,,,,,,,,,,,,,,,,,,,,,,,,,,,,,,,,,,,,,,,,,,,,,,,,,,,,,,,,,,,,,,,,,,,,,,,,,,,,,,,,,,,,,,,,,,,,,,,,,,,,,,,,,,,,,,,,,,,,,,,,,,,,,,,,,,,,,,,,,,,,,
VMORAES,Vanessa,Moraes,Vanessa.Moraes@CHCHeli.com,Financial Analyst,Active,,62ed8de1-1e5a-4b7c-b846-7a3313952c2b,Vanessa.Moraes@CHCHeli.com,2026-04-20T07:16:18-07:00,2026-08-12T04:52:04-07:00,Vanessa.Moraes@CHCHeli.com,VMORAES,,,,,,,,MingleEnterprise,Infor-SuiteUser,MingleIONEnabled,HOMEPAGES-User,IDM-User,IDM-RelatedInformationUser,M3UI-USER,MASHUP-User,,,,,,,,,,,,,,,,,,,,,,,,,,,,,,,,,,,,,,,,,,,,,,,,,,,,,,,,,,,,,,,,,,,,,,,,,,,,,,,,,,,,,,,,,,,,,,,,,,,,,,,,,,,,,,,,,,,,,,,,,,,,,,,,,,,,,,,,,,,,,,,,,,,,,,,,,,,,,,,,,,,,,,,,,,,,,,,,,,,,,,,,,,,,,,,,,,,,,,,,,,,,,,,,,,,,,,,,,,,,,,,,,,,,,,,,,,,,,,,,,,,,,,,,,,,,,,,,,,,,,,,,,,,,,,,,,,,,,,,,,,,,,,,,,,,,,,,,,,,,,,,,,,,,,,,,,,,,,,,,,,,,,,,,,,,,,,,,,,,,,,,,,,,,,,,,,,,,,,,,,,,,,,,,,,,,,,,,,,,,,,,,,,,,,,,,,,,,,,,,,,,,,,,,,,,,,,,,,,,,,,,,,,,,,,,,,,,,,,,,,,,,,,,,,,,,,,,,,,,,,,,,,,,,,,,,,,,,,,,,,,,,,,,,,,,,,,,,,,,,,,,,,,,,,,,,,,,,,,,,,,,,,,,,,,,,,,,,,,,,,,,,,,,,,,,,,,,,,,,,,,,,,,,,,,,,,,,,,,,,,,,,,,,,,,,,,,,,,,,,,,,,,,,,,,,,,,,,,,,,,,,,,,,,,,,,,,,,,,,,,,,,,,,,,,,,,,,,,,,,,,,,,,,,,,,,
VMUDGAL,Varsha,Mudgal,Varsha.Mudgal@chcheli.com,,Active,,23b251c6-4302-4a4b-a0f7-628d12267c31,Varsha.Mudgal@chcheli.com,2026-04-20T07:16:18-07:00,,Varsha.Mudgal@chcheli.com,VMUDGAL,,,,,,,,MingleEnterprise,Infor-SuiteUser,MingleIONEnabled,HOMEPAGES-User,IDM-User,IDM-RelatedInformationUser,M3UI-USER,MASHUP-User,,,,,,,,,,,,,,,,,,,,,,,,,,,,,,,,,,,,,,,,,,,,,,,,,,,,,,,,,,,,,,,,,,,,,,,,,,,,,,,,,,,,,,,,,,,,,,,,,,,,,,,,,,,,,,,,,,,,,,,,,,,,,,,,,,,,,,,,,,,,,,,,,,,,,,,,,,,,,,,,,,,,,,,,,,,,,,,,,,,,,,,,,,,,,,,,,,,,,,,,,,,,,,,,,,,,,,,,,,,,,,,,,,,,,,,,,,,,,,,,,,,,,,,,,,,,,,,,,,,,,,,,,,,,,,,,,,,,,,,,,,,,,,,,,,,,,,,,,,,,,,,,,,,,,,,,,,,,,,,,,,,,,,,,,,,,,,,,,,,,,,,,,,,,,,,,,,,,,,,,,,,,,,,,,,,,,,,,,,,,,,,,,,,,,,,,,,,,,,,,,,,,,,,,,,,,,,,,,,,,,,,,,,,,,,,,,,,,,,,,,,,,,,,,,,,,,,,,,,,,,,,,,,,,,,,,,,,,,,,,,,,,,,,,,,,,,,,,,,,,,,,,,,,,,,,,,,,,,,,,,,,,,,,,,,,,,,,,,,,,,,,,,,,,,,,,,,,,,,,,,,,,,,,,,,,,,,,,,,,,,,,,,,,,,,,,,,,,,,,,,,,,,,,,,,,,,,,,,,,,,,,,,,,,,,,,,,,,,,,,,,,,,,,,,,,,,,,,,,,,,,,,,,,,,,,,
VREITAN,Veronica,Reitan,Veronica.Reitan@chcheli.com,,Active,,159c0926-9c82-4231-b90d-7f5aa5fe9f0f,Veronica.Reitan@chcheli.com,2026-04-20T07:16:18-07:00,,Veronica.Reitan@chcheli.com,VREITAN,,,,,,,,MingleEnterprise,Infor-SuiteUser,MingleIONEnabled,HOMEPAGES-User,IDM-User,IDM-RelatedInformationUser,M3UI-USER,MASHUP-User,,,,,,,,,,,,,,,,,,,,,,,,,,,,,,,,,,,,,,,,,,,,,,,,,,,,,,,,,,,,,,,,,,,,,,,,,,,,,,,,,,,,,,,,,,,,,,,,,,,,,,,,,,,,,,,,,,,,,,,,,,,,,,,,,,,,,,,,,,,,,,,,,,,,,,,,,,,,,,,,,,,,,,,,,,,,,,,,,,,,,,,,,,,,,,,,,,,,,,,,,,,,,,,,,,,,,,,,,,,,,,,,,,,,,,,,,,,,,,,,,,,,,,,,,,,,,,,,,,,,,,,,,,,,,,,,,,,,,,,,,,,,,,,,,,,,,,,,,,,,,,,,,,,,,,,,,,,,,,,,,,,,,,,,,,,,,,,,,,,,,,,,,,,,,,,,,,,,,,,,,,,,,,,,,,,,,,,,,,,,,,,,,,,,,,,,,,,,,,,,,,,,,,,,,,,,,,,,,,,,,,,,,,,,,,,,,,,,,,,,,,,,,,,,,,,,,,,,,,,,,,,,,,,,,,,,,,,,,,,,,,,,,,,,,,,,,,,,,,,,,,,,,,,,,,,,,,,,,,,,,,,,,,,,,,,,,,,,,,,,,,,,,,,,,,,,,,,,,,,,,,,,,,,,,,,,,,,,,,,,,,,,,,,,,,,,,,,,,,,,,,,,,,,,,,,,,,,,,,,,,,,,,,,,,,,,,,,,,,,,,,,,,,,,,,,,,,,,,,,,,,,,,,,,,,,,
VSATPUTE,vaibhav,satpute,vaibhav.satpute@chcheli.com,,Active,,2b47b5f0-ab17-467a-ae09-8fcaf9f8d859,vaibhav.satpute@chcheli.com,2026-04-20T07:16:19-07:00,,vaibhav.satpute@chcheli.com,VSATPUTE,,,,,,,,MingleEnterprise,Infor-SuiteUser,MingleIONEnabled,HOMEPAGES-User,IDM-User,IDM-RelatedInformationUser,M3UI-USER,MASHUP-User,,,,,,,,,,,,,,,,,,,,,,,,,,,,,,,,,,,,,,,,,,,,,,,,,,,,,,,,,,,,,,,,,,,,,,,,,,,,,,,,,,,,,,,,,,,,,,,,,,,,,,,,,,,,,,,,,,,,,,,,,,,,,,,,,,,,,,,,,,,,,,,,,,,,,,,,,,,,,,,,,,,,,,,,,,,,,,,,,,,,,,,,,,,,,,,,,,,,,,,,,,,,,,,,,,,,,,,,,,,,,,,,,,,,,,,,,,,,,,,,,,,,,,,,,,,,,,,,,,,,,,,,,,,,,,,,,,,,,,,,,,,,,,,,,,,,,,,,,,,,,,,,,,,,,,,,,,,,,,,,,,,,,,,,,,,,,,,,,,,,,,,,,,,,,,,,,,,,,,,,,,,,,,,,,,,,,,,,,,,,,,,,,,,,,,,,,,,,,,,,,,,,,,,,,,,,,,,,,,,,,,,,,,,,,,,,,,,,,,,,,,,,,,,,,,,,,,,,,,,,,,,,,,,,,,,,,,,,,,,,,,,,,,,,,,,,,,,,,,,,,,,,,,,,,,,,,,,,,,,,,,,,,,,,,,,,,,,,,,,,,,,,,,,,,,,,,,,,,,,,,,,,,,,,,,,,,,,,,,,,,,,,,,,,,,,,,,,,,,,,,,,,,,,,,,,,,,,,,,,,,,,,,,,,,,,,,,,,,,,,,,,,,,,,,,,,,,,,,,,,,,,,,,,,,,,,
WACARVEL,Wallace,Carvel,Wallace.Carvel@CHCHeli.com,,Active,,40d8b03b-f478-479c-a3cc-8ebf16098782,Wallace.Carvel@CHCHeli.com,2026-04-20T07:16:19-07:00,,Wallace.Carvel@CHCHeli.com,WACARVEL,,,,,,,,MingleEnterprise,Infor-SuiteUser,MingleIONEnabled,HOMEPAGES-User,IDM-User,IDM-RelatedInformationUser,M3UI-USER,MASHUP-User,,,,,,,,,,,,,,,,,,,,,,,,,,,,,,,,,,,,,,,,,,,,,,,,,,,,,,,,,,,,,,,,,,,,,,,,,,,,,,,,,,,,,,,,,,,,,,,,,,,,,,,,,,,,,,,,,,,,,,,,,,,,,,,,,,,,,,,,,,,,,,,,,,,,,,,,,,,,,,,,,,,,,,,,,,,,,,,,,,,,,,,,,,,,,,,,,,,,,,,,,,,,,,,,,,,,,,,,,,,,,,,,,,,,,,,,,,,,,,,,,,,,,,,,,,,,,,,,,,,,,,,,,,,,,,,,,,,,,,,,,,,,,,,,,,,,,,,,,,,,,,,,,,,,,,,,,,,,,,,,,,,,,,,,,,,,,,,,,,,,,,,,,,,,,,,,,,,,,,,,,,,,,,,,,,,,,,,,,,,,,,,,,,,,,,,,,,,,,,,,,,,,,,,,,,,,,,,,,,,,,,,,,,,,,,,,,,,,,,,,,,,,,,,,,,,,,,,,,,,,,,,,,,,,,,,,,,,,,,,,,,,,,,,,,,,,,,,,,,,,,,,,,,,,,,,,,,,,,,,,,,,,,,,,,,,,,,,,,,,,,,,,,,,,,,,,,,,,,,,,,,,,,,,,,,,,,,,,,,,,,,,,,,,,,,,,,,,,,,,,,,,,,,,,,,,,,,,,,,,,,,,,,,,,,,,,,,,,,,,,,,,,,,,,,,,,,,,,,,,,,,,,,,,,,,,,
WCAMARGO,Wellington,Camargo,Wellington.Camargo@chcheli.com,,Active,,f0fb80b8-9ab1-46df-a7a4-d9dba6c20179,Wellington.Camargo@chcheli.com,2026-04-20T07:16:19-07:00,,Wellington.Camargo@chcheli.com,WCAMARGO,,,,,,,,MingleEnterprise,Infor-SuiteUser,MingleIONEnabled,HOMEPAGES-User,IDM-User,IDM-RelatedInformationUser,M3UI-USER,MASHUP-User,,,,,,,,,,,,,,,,,,,,,,,,,,,,,,,,,,,,,,,,,,,,,,,,,,,,,,,,,,,,,,,,,,,,,,,,,,,,,,,,,,,,,,,,,,,,,,,,,,,,,,,,,,,,,,,,,,,,,,,,,,,,,,,,,,,,,,,,,,,,,,,,,,,,,,,,,,,,,,,,,,,,,,,,,,,,,,,,,,,,,,,,,,,,,,,,,,,,,,,,,,,,,,,,,,,,,,,,,,,,,,,,,,,,,,,,,,,,,,,,,,,,,,,,,,,,,,,,,,,,,,,,,,,,,,,,,,,,,,,,,,,,,,,,,,,,,,,,,,,,,,,,,,,,,,,,,,,,,,,,,,,,,,,,,,,,,,,,,,,,,,,,,,,,,,,,,,,,,,,,,,,,,,,,,,,,,,,,,,,,,,,,,,,,,,,,,,,,,,,,,,,,,,,,,,,,,,,,,,,,,,,,,,,,,,,,,,,,,,,,,,,,,,,,,,,,,,,,,,,,,,,,,,,,,,,,,,,,,,,,,,,,,,,,,,,,,,,,,,,,,,,,,,,,,,,,,,,,,,,,,,,,,,,,,,,,,,,,,,,,,,,,,,,,,,,,,,,,,,,,,,,,,,,,,,,,,,,,,,,,,,,,,,,,,,,,,,,,,,,,,,,,,,,,,,,,,,,,,,,,,,,,,,,,,,,,,,,,,,,,,,,,,,,,,,,,,,,,,,,,,,,,,,,,,,,,
WECAMARGO,Wemerson,Camargo,Wemerson.Camargo@heli-one.com,,Active,,51e59467-fce0-4bd7-9453-af02fc5d4813,Wemerson.Camargo@heli-one.com,2026-04-20T07:16:19-07:00,,Wemerson.Camargo@heli-one.com,WECAMARGO,,,,,,,,MingleEnterprise,Infor-SuiteUser,MingleIONEnabled,HOMEPAGES-User,IDM-User,IDM-RelatedInformationUser,M3UI-USER,MASHUP-User,,,,,,,,,,,,,,,,,,,,,,,,,,,,,,,,,,,,,,,,,,,,,,,,,,,,,,,,,,,,,,,,,,,,,,,,,,,,,,,,,,,,,,,,,,,,,,,,,,,,,,,,,,,,,,,,,,,,,,,,,,,,,,,,,,,,,,,,,,,,,,,,,,,,,,,,,,,,,,,,,,,,,,,,,,,,,,,,,,,,,,,,,,,,,,,,,,,,,,,,,,,,,,,,,,,,,,,,,,,,,,,,,,,,,,,,,,,,,,,,,,,,,,,,,,,,,,,,,,,,,,,,,,,,,,,,,,,,,,,,,,,,,,,,,,,,,,,,,,,,,,,,,,,,,,,,,,,,,,,,,,,,,,,,,,,,,,,,,,,,,,,,,,,,,,,,,,,,,,,,,,,,,,,,,,,,,,,,,,,,,,,,,,,,,,,,,,,,,,,,,,,,,,,,,,,,,,,,,,,,,,,,,,,,,,,,,,,,,,,,,,,,,,,,,,,,,,,,,,,,,,,,,,,,,,,,,,,,,,,,,,,,,,,,,,,,,,,,,,,,,,,,,,,,,,,,,,,,,,,,,,,,,,,,,,,,,,,,,,,,,,,,,,,,,,,,,,,,,,,,,,,,,,,,,,,,,,,,,,,,,,,,,,,,,,,,,,,,,,,,,,,,,,,,,,,,,,,,,,,,,,,,,,,,,,,,,,,,,,,,,,,,,,,,,,,,,,,,,,,,,,,,,,,,,,,,
WESILVA,Wellington,Silva2,Wellington.Silva2@chcheli.com,,Active,,928f7199-ae84-4ef4-9d2e-8ab53e8c7bb8,Wellington.Silva2@chcheli.com,2026-04-20T07:16:19-07:00,,Wellington.Silva2@chcheli.com,WESILVA,,,,,,,,MingleEnterprise,Infor-SuiteUser,MingleIONEnabled,HOMEPAGES-User,IDM-User,IDM-RelatedInformationUser,M3UI-USER,MASHUP-User,,,,,,,,,,,,,,,,,,,,,,,,,,,,,,,,,,,,,,,,,,,,,,,,,,,,,,,,,,,,,,,,,,,,,,,,,,,,,,,,,,,,,,,,,,,,,,,,,,,,,,,,,,,,,,,,,,,,,,,,,,,,,,,,,,,,,,,,,,,,,,,,,,,,,,,,,,,,,,,,,,,,,,,,,,,,,,,,,,,,,,,,,,,,,,,,,,,,,,,,,,,,,,,,,,,,,,,,,,,,,,,,,,,,,,,,,,,,,,,,,,,,,,,,,,,,,,,,,,,,,,,,,,,,,,,,,,,,,,,,,,,,,,,,,,,,,,,,,,,,,,,,,,,,,,,,,,,,,,,,,,,,,,,,,,,,,,,,,,,,,,,,,,,,,,,,,,,,,,,,,,,,,,,,,,,,,,,,,,,,,,,,,,,,,,,,,,,,,,,,,,,,,,,,,,,,,,,,,,,,,,,,,,,,,,,,,,,,,,,,,,,,,,,,,,,,,,,,,,,,,,,,,,,,,,,,,,,,,,,,,,,,,,,,,,,,,,,,,,,,,,,,,,,,,,,,,,,,,,,,,,,,,,,,,,,,,,,,,,,,,,,,,,,,,,,,,,,,,,,,,,,,,,,,,,,,,,,,,,,,,,,,,,,,,,,,,,,,,,,,,,,,,,,,,,,,,,,,,,,,,,,,,,,,,,,,,,,,,,,,,,,,,,,,,,,,,,,,,,,,,,,,,,,,,,,,
WIJGER01,Bert,van.de.Wijgerd,Bert.van.de.Wijgerd@chcheli.com,,Active,,e5b73b03-c7cf-4997-9b44-ba85227ef7c2,Bert.van.de.Wijgerd@chcheli.com,2026-04-20T07:16:19-07:00,,Bert.van.de.Wijgerd@chcheli.com,WIJGER01,,,,,,,,MingleEnterprise,Infor-SuiteUser,MingleIONEnabled,HOMEPAGES-User,IDM-User,IDM-RelatedInformationUser,M3UI-USER,MASHUP-User,,,,,,,,,,,,,,,,,,,,,,,,,,,,,,,,,,,,,,,,,,,,,,,,,,,,,,,,,,,,,,,,,,,,,,,,,,,,,,,,,,,,,,,,,,,,,,,,,,,,,,,,,,,,,,,,,,,,,,,,,,,,,,,,,,,,,,,,,,,,,,,,,,,,,,,,,,,,,,,,,,,,,,,,,,,,,,,,,,,,,,,,,,,,,,,,,,,,,,,,,,,,,,,,,,,,,,,,,,,,,,,,,,,,,,,,,,,,,,,,,,,,,,,,,,,,,,,,,,,,,,,,,,,,,,,,,,,,,,,,,,,,,,,,,,,,,,,,,,,,,,,,,,,,,,,,,,,,,,,,,,,,,,,,,,,,,,,,,,,,,,,,,,,,,,,,,,,,,,,,,,,,,,,,,,,,,,,,,,,,,,,,,,,,,,,,,,,,,,,,,,,,,,,,,,,,,,,,,,,,,,,,,,,,,,,,,,,,,,,,,,,,,,,,,,,,,,,,,,,,,,,,,,,,,,,,,,,,,,,,,,,,,,,,,,,,,,,,,,,,,,,,,,,,,,,,,,,,,,,,,,,,,,,,,,,,,,,,,,,,,,,,,,,,,,,,,,,,,,,,,,,,,,,,,,,,,,,,,,,,,,,,,,,,,,,,,,,,,,,,,,,,,,,,,,,,,,,,,,,,,,,,,,,,,,,,,,,,,,,,,,,,,,,,,,,,,,,,,,,,,,,,,,,,,,,,
WMENDONC,Wallace,Mendonca,Wallace.Mendonca@chcheli.com,,Active,,e8ea4f9b-9212-432a-8a9b-7871524a68f3,Wallace.Mendonca@chcheli.com,2026-04-20T07:16:20-07:00,,Wallace.Mendonca@chcheli.com,WMENDONC,,,,,,,,MingleEnterprise,Infor-SuiteUser,MingleIONEnabled,HOMEPAGES-User,IDM-User,IDM-RelatedInformationUser,M3UI-USER,MASHUP-User,,,,,,,,,,,,,,,,,,,,,,,,,,,,,,,,,,,,,,,,,,,,,,,,,,,,,,,,,,,,,,,,,,,,,,,,,,,,,,,,,,,,,,,,,,,,,,,,,,,,,,,,,,,,,,,,,,,,,,,,,,,,,,,,,,,,,,,,,,,,,,,,,,,,,,,,,,,,,,,,,,,,,,,,,,,,,,,,,,,,,,,,,,,,,,,,,,,,,,,,,,,,,,,,,,,,,,,,,,,,,,,,,,,,,,,,,,,,,,,,,,,,,,,,,,,,,,,,,,,,,,,,,,,,,,,,,,,,,,,,,,,,,,,,,,,,,,,,,,,,,,,,,,,,,,,,,,,,,,,,,,,,,,,,,,,,,,,,,,,,,,,,,,,,,,,,,,,,,,,,,,,,,,,,,,,,,,,,,,,,,,,,,,,,,,,,,,,,,,,,,,,,,,,,,,,,,,,,,,,,,,,,,,,,,,,,,,,,,,,,,,,,,,,,,,,,,,,,,,,,,,,,,,,,,,,,,,,,,,,,,,,,,,,,,,,,,,,,,,,,,,,,,,,,,,,,,,,,,,,,,,,,,,,,,,,,,,,,,,,,,,,,,,,,,,,,,,,,,,,,,,,,,,,,,,,,,,,,,,,,,,,,,,,,,,,,,,,,,,,,,,,,,,,,,,,,,,,,,,,,,,,,,,,,,,,,,,,,,,,,,,,,,,,,,,,,,,,,,,,,,,,,,,,,,,,,
YWAYKAR,Yukta,Waykar,Yukta.Waykar@CHCHeli.com,,Active,,1652216b-9cca-41c3-9811-0615ed637f3d,Yukta.Waykar@CHCHeli.com,2026-04-20T07:16:20-07:00,,Yukta.Waykar@CHCHeli.com,YWAYKAR,,,,,,,,MingleEnterprise,Infor-SuiteUser,MingleIONEnabled,HOMEPAGES-User,IDM-User,IDM-RelatedInformationUser,M3UI-USER,MASHUP-User,,,,,,,,,,,,,,,,,,,,,,,,,,,,,,,,,,,,,,,,,,,,,,,,,,,,,,,,,,,,,,,,,,,,,,,,,,,,,,,,,,,,,,,,,,,,,,,,,,,,,,,,,,,,,,,,,,,,,,,,,,,,,,,,,,,,,,,,,,,,,,,,,,,,,,,,,,,,,,,,,,,,,,,,,,,,,,,,,,,,,,,,,,,,,,,,,,,,,,,,,,,,,,,,,,,,,,,,,,,,,,,,,,,,,,,,,,,,,,,,,,,,,,,,,,,,,,,,,,,,,,,,,,,,,,,,,,,,,,,,,,,,,,,,,,,,,,,,,,,,,,,,,,,,,,,,,,,,,,,,,,,,,,,,,,,,,,,,,,,,,,,,,,,,,,,,,,,,,,,,,,,,,,,,,,,,,,,,,,,,,,,,,,,,,,,,,,,,,,,,,,,,,,,,,,,,,,,,,,,,,,,,,,,,,,,,,,,,,,,,,,,,,,,,,,,,,,,,,,,,,,,,,,,,,,,,,,,,,,,,,,,,,,,,,,,,,,,,,,,,,,,,,,,,,,,,,,,,,,,,,,,,,,,,,,,,,,,,,,,,,,,,,,,,,,,,,,,,,,,,,,,,,,,,,,,,,,,,,,,,,,,,,,,,,,,,,,,,,,,,,,,,,,,,,,,,,,,,,,,,,,,,,,,,,,,,,,,,,,,,,,,,,,,,,,,,,,,,,,,,,,,,,,,,,,,,
